group,agency,participant,difficulty,incentive,correctF,correct,conf
Free,1,Sims Con_1,-0.5,-1.0,Error,-0.5,57.62119336469432
Free,1,Sims Con_1,-0.5,-1.0,Correct,0.5,58.26415977806808
Free,1,Sims Con_1,0.0,-1.0,Error,-0.5,56.16476850705627
Free,1,Sims Con_1,0.0,-1.0,Correct,0.5,69.4103844864338
Free,1,Sims Con_1,0.5,-1.0,Error,-0.5,54.708343649418225
Free,1,Sims Con_1,0.5,-1.0,Correct,0.5,80.55660919479953
Free,1,Sims Con_1,-0.5,0.0,Error,-0.5,78.77915325575643
Free,1,Sims Con_1,-0.5,0.0,Correct,0.5,79.71467972410645
Free,1,Sims Con_1,0.0,0.0,Error,-0.5,79.91241643971284
Free,1,Sims Con_1,0.0,0.0,Correct,0.5,85.70816153222455
Free,1,Sims Con_1,0.5,0.0,Error,-0.5,81.04567962366926
Free,1,Sims Con_1,0.5,0.0,Correct,0.5,91.70164334034266
Free,1,Sims Con_1,-0.5,1.0,Error,-0.5,99.93711314681853
Free,1,Sims Con_1,-0.5,1.0,Correct,0.5,101.16519967014482
Free,1,Sims Con_1,0.0,1.0,Error,-0.5,103.66006437236942
Free,1,Sims Con_1,0.0,1.0,Correct,0.5,102.0059385780153
Free,1,Sims Con_1,0.5,1.0,Error,-0.5,107.3830155979203
Free,1,Sims Con_1,0.5,1.0,Correct,0.5,102.84667748588578
Non-Free,0,Sims Con_1,-0.5,-1.0,Error,-0.5,42.45210146296108
Non-Free,0,Sims Con_1,-0.5,-1.0,Correct,0.5,48.80706126818248
Non-Free,0,Sims Con_1,0.0,-1.0,Error,-0.5,35.72192117153109
Non-Free,0,Sims Con_1,0.0,-1.0,Correct,0.5,62.739951714422816
Non-Free,0,Sims Con_1,0.5,-1.0,Error,-0.5,28.991740880101098
Non-Free,0,Sims Con_1,0.5,-1.0,Correct,0.5,76.67284216066315
Non-Free,0,Sims Con_1,-0.5,0.0,Error,-0.5,55.9281812502724
Non-Free,0,Sims Con_1,-0.5,0.0,Correct,0.5,62.804563336571164
Non-Free,0,Sims Con_1,0.0,0.0,Error,-0.5,41.441423445149844
Non-Free,0,Sims Con_1,0.0,0.0,Correct,0.5,75.30300468430626
Non-Free,0,Sims Con_1,0.5,0.0,Error,-0.5,26.954665640027283
Non-Free,0,Sims Con_1,0.5,0.0,Correct,0.5,87.80144603204135
Non-Free,0,Sims Con_1,-0.5,1.0,Error,-0.5,69.40426103758372
Non-Free,0,Sims Con_1,-0.5,1.0,Correct,0.5,76.80206540495985
Non-Free,0,Sims Con_1,0.0,1.0,Error,-0.5,47.160925718768596
Non-Free,0,Sims Con_1,0.0,1.0,Correct,0.5,87.8660576541897
Non-Free,0,Sims Con_1,0.5,1.0,Error,-0.5,24.91759039995346
Non-Free,0,Sims Con_1,0.5,1.0,Correct,0.5,98.93004990341956
Free,1,Sims Con_10,-0.5,-1.0,Error,-0.5,87.56333521069067
Free,1,Sims Con_10,-0.5,-1.0,Correct,0.5,89.44615768434458
Free,1,Sims Con_10,0.0,-1.0,Error,-0.5,88.85151809943166
Free,1,Sims Con_10,0.0,-1.0,Correct,0.5,93.55626736101156
Free,1,Sims Con_10,0.5,-1.0,Error,-0.5,90.13970098817263
Free,1,Sims Con_10,0.5,-1.0,Correct,0.5,97.66637703767856
Free,1,Sims Con_10,-0.5,0.0,Error,-0.5,87.63808816752852
Free,1,Sims Con_10,-0.5,0.0,Correct,0.5,89.33602602263886
Free,1,Sims Con_10,0.0,0.0,Error,-0.5,88.6502739235062
Free,1,Sims Con_10,0.0,0.0,Correct,0.5,93.50709543227366
Free,1,Sims Con_10,0.5,0.0,Error,-0.5,89.66245967948389
Free,1,Sims Con_10,0.5,0.0,Correct,0.5,97.67816484190845
Free,1,Sims Con_10,-0.5,1.0,Error,-0.5,87.71284112436638
Free,1,Sims Con_10,-0.5,1.0,Correct,0.5,89.22589436093314
Free,1,Sims Con_10,0.0,1.0,Error,-0.5,88.44902974758075
Free,1,Sims Con_10,0.0,1.0,Correct,0.5,93.45792350353575
Free,1,Sims Con_10,0.5,1.0,Error,-0.5,89.18521837079514
Free,1,Sims Con_10,0.5,1.0,Correct,0.5,97.68995264613837
Non-Free,0,Sims Con_10,-0.5,-1.0,Error,-0.5,48.85650059857385
Non-Free,0,Sims Con_10,-0.5,-1.0,Correct,0.5,65.29754170091815
Non-Free,0,Sims Con_10,0.0,-1.0,Error,-0.5,35.14798436768044
Non-Free,0,Sims Con_10,0.0,-1.0,Correct,0.5,79.9801509346603
Non-Free,0,Sims Con_10,0.5,-1.0,Error,-0.5,21.43946813678704
Non-Free,0,Sims Con_10,0.5,-1.0,Correct,0.5,94.66276016840247
Non-Free,0,Sims Con_10,-0.5,0.0,Error,-0.5,49.771913007269646
Non-Free,0,Sims Con_10,-0.5,0.0,Correct,0.5,65.7069189458478
Non-Free,0,Sims Con_10,0.0,0.0,Error,-0.5,35.14226104759097
Non-Free,0,Sims Con_10,0.0,0.0,Correct,0.5,80.21172577182651
Non-Free,0,Sims Con_10,0.5,0.0,Error,-0.5,20.512609087912292
Non-Free,0,Sims Con_10,0.5,0.0,Correct,0.5,94.71653259780521
Non-Free,0,Sims Con_10,-0.5,1.0,Error,-0.5,50.68732541596544
Non-Free,0,Sims Con_10,-0.5,1.0,Correct,0.5,66.11629619077746
Non-Free,0,Sims Con_10,0.0,1.0,Error,-0.5,35.1365377275015
Non-Free,0,Sims Con_10,0.0,1.0,Correct,0.5,80.44330060899271
Non-Free,0,Sims Con_10,0.5,1.0,Error,-0.5,19.58575003903755
Non-Free,0,Sims Con_10,0.5,1.0,Correct,0.5,94.77030502720795
Free,1,Sims Con_100,-0.5,-1.0,Error,-0.5,67.19576719576723
Free,1,Sims Con_100,-0.5,-1.0,Correct,0.5,72.90962467866117
Free,1,Sims Con_100,0.0,-1.0,Error,-0.5,62.5526315789473
Free,1,Sims Con_100,0.0,-1.0,Correct,0.5,83.37739320986428
Free,1,Sims Con_100,0.5,-1.0,Error,-0.5,57.90949596212737
Free,1,Sims Con_100,0.5,-1.0,Correct,0.5,93.84516174106737
Free,1,Sims Con_100,-0.5,0.0,Error,-0.5,68.09391534391537
Free,1,Sims Con_100,-0.5,0.0,Correct,0.5,73.92736962334263
Free,1,Sims Con_100,0.0,0.0,Error,-0.5,63.78947368421048
Free,1,Sims Con_100,0.0,0.0,Correct,0.5,84.09891513607484
Free,1,Sims Con_100,0.5,0.0,Error,-0.5,59.48503202450559
Free,1,Sims Con_100,0.5,0.0,Correct,0.5,94.27046064880705
Free,1,Sims Con_100,-0.5,1.0,Error,-0.5,68.99206349206351
Free,1,Sims Con_100,-0.5,1.0,Correct,0.5,74.94511456802408
Free,1,Sims Con_100,0.0,1.0,Error,-0.5,65.02631578947366
Free,1,Sims Con_100,0.0,1.0,Correct,0.5,84.8204370622854
Free,1,Sims Con_100,0.5,1.0,Error,-0.5,61.06056808688381
Free,1,Sims Con_100,0.5,1.0,Correct,0.5,94.69575955654672
Non-Free,0,Sims Con_100,-0.5,-1.0,Error,-0.5,40.238446398064376
Non-Free,0,Sims Con_100,-0.5,-1.0,Correct,0.5,60.577507578013986
Non-Free,0,Sims Con_100,0.0,-1.0,Error,-0.5,24.960583171360827
Non-Free,0,Sims Con_100,0.0,-1.0,Correct,0.5,77.45106392865358
Non-Free,0,Sims Con_100,0.5,-1.0,Error,-0.5,9.682719944657274
Non-Free,0,Sims Con_100,0.5,-1.0,Correct,0.5,94.32462027929317
Non-Free,0,Sims Con_100,-0.5,0.0,Error,-0.5,39.60295044606099
Non-Free,0,Sims Con_100,-0.5,0.0,Correct,0.5,60.583336219666265
Non-Free,0,Sims Con_100,0.0,0.0,Error,-0.5,24.430708236983847
Non-Free,0,Sims Con_100,0.0,0.0,Correct,0.5,77.68922626685041
Non-Free,0,Sims Con_100,0.5,0.0,Error,-0.5,9.258466027906703
Non-Free,0,Sims Con_100,0.5,0.0,Correct,0.5,94.79511631403456
Non-Free,0,Sims Con_100,-0.5,1.0,Error,-0.5,38.9674544940576
Non-Free,0,Sims Con_100,-0.5,1.0,Correct,0.5,60.589164861318544
Non-Free,0,Sims Con_100,0.0,1.0,Error,-0.5,23.900833302606866
Non-Free,0,Sims Con_100,0.0,1.0,Correct,0.5,77.92738860504724
Non-Free,0,Sims Con_100,0.5,1.0,Error,-0.5,8.834212111156132
Non-Free,0,Sims Con_100,0.5,1.0,Correct,0.5,95.26561234877595
Free,1,Sims Con_101,-0.5,-1.0,Error,-0.5,72.5549712663768
Free,1,Sims Con_101,-0.5,-1.0,Correct,0.5,72.97896761375023
Free,1,Sims Con_101,0.0,-1.0,Error,-0.5,71.56391540715192
Free,1,Sims Con_101,0.0,-1.0,Correct,0.5,78.10339725978085
Free,1,Sims Con_101,0.5,-1.0,Error,-0.5,70.57285954792704
Free,1,Sims Con_101,0.5,-1.0,Correct,0.5,83.22782690581147
Free,1,Sims Con_101,-0.5,0.0,Error,-0.5,74.72150252787497
Free,1,Sims Con_101,-0.5,0.0,Correct,0.5,75.12819660364033
Free,1,Sims Con_101,0.0,0.0,Error,-0.5,73.85293697382714
Free,1,Sims Con_101,0.0,0.0,Correct,0.5,80.1214726259347
Free,1,Sims Con_101,0.5,0.0,Error,-0.5,72.98437141977931
Free,1,Sims Con_101,0.5,0.0,Correct,0.5,85.11474864822907
Free,1,Sims Con_101,-0.5,1.0,Error,-0.5,76.88803378937315
Free,1,Sims Con_101,-0.5,1.0,Correct,0.5,77.27742559353044
Free,1,Sims Con_101,0.0,1.0,Error,-0.5,76.14195854050236
Free,1,Sims Con_101,0.0,1.0,Correct,0.5,82.13954799208855
Free,1,Sims Con_101,0.5,1.0,Error,-0.5,75.39588329163156
Free,1,Sims Con_101,0.5,1.0,Correct,0.5,87.00167039064667
Non-Free,0,Sims Con_101,-0.5,-1.0,Error,-0.5,49.43409088823851
Non-Free,0,Sims Con_101,-0.5,-1.0,Correct,0.5,51.45770723832449
Non-Free,0,Sims Con_101,0.0,-1.0,Error,-0.5,43.140727216008756
Non-Free,0,Sims Con_101,0.0,-1.0,Correct,0.5,62.604726378879725
Non-Free,0,Sims Con_101,0.5,-1.0,Error,-0.5,36.847363543779
Non-Free,0,Sims Con_101,0.5,-1.0,Correct,0.5,73.75174551943496
Non-Free,0,Sims Con_101,-0.5,0.0,Error,-0.5,49.2839225257132
Non-Free,0,Sims Con_101,-0.5,0.0,Correct,0.5,52.286147690214726
Non-Free,0,Sims Con_101,0.0,0.0,Error,-0.5,44.26420530135522
Non-Free,0,Sims Con_101,0.0,0.0,Correct,0.5,63.52710107810109
Non-Free,0,Sims Con_101,0.5,0.0,Error,-0.5,39.244488076997236
Non-Free,0,Sims Con_101,0.5,0.0,Correct,0.5,74.76805446598745
Non-Free,0,Sims Con_101,-0.5,1.0,Error,-0.5,49.133754163187895
Non-Free,0,Sims Con_101,-0.5,1.0,Correct,0.5,53.114588142104964
Non-Free,0,Sims Con_101,0.0,1.0,Error,-0.5,45.38768338670168
Non-Free,0,Sims Con_101,0.0,1.0,Correct,0.5,64.44947577732245
Non-Free,0,Sims Con_101,0.5,1.0,Error,-0.5,41.641612610215475
Non-Free,0,Sims Con_101,0.5,1.0,Correct,0.5,75.78436341253993
Free,1,Sims Con_102,-0.5,-1.0,Error,-0.5,76.1530952694283
Free,1,Sims Con_102,-0.5,-1.0,Correct,0.5,76.09111433403778
Free,1,Sims Con_102,0.0,-1.0,Error,-0.5,75.30934502751964
Free,1,Sims Con_102,0.0,-1.0,Correct,0.5,84.17381016641538
Free,1,Sims Con_102,0.5,-1.0,Error,-0.5,74.46559478561097
Free,1,Sims Con_102,0.5,-1.0,Correct,0.5,92.25650599879297
Free,1,Sims Con_102,-0.5,0.0,Error,-0.5,80.16355733428306
Free,1,Sims Con_102,-0.5,0.0,Correct,0.5,80.37035138279833
Free,1,Sims Con_102,0.0,0.0,Error,-0.5,80.21352985346155
Free,1,Sims Con_102,0.0,0.0,Correct,0.5,87.17175733267719
Free,1,Sims Con_102,0.5,0.0,Error,-0.5,80.26350237264005
Free,1,Sims Con_102,0.5,0.0,Correct,0.5,93.97316328255604
Free,1,Sims Con_102,-0.5,1.0,Error,-0.5,84.1740193991378
Free,1,Sims Con_102,-0.5,1.0,Correct,0.5,84.64958843155888
Free,1,Sims Con_102,0.0,1.0,Error,-0.5,85.11771467940346
Free,1,Sims Con_102,0.0,1.0,Correct,0.5,90.169704498939
Free,1,Sims Con_102,0.5,1.0,Error,-0.5,86.06140995966912
Free,1,Sims Con_102,0.5,1.0,Correct,0.5,95.68982056631911
Non-Free,0,Sims Con_102,-0.5,-1.0,Error,-0.5,54.25099044606756
Non-Free,0,Sims Con_102,-0.5,-1.0,Correct,0.5,60.42025186365212
Non-Free,0,Sims Con_102,0.0,-1.0,Error,-0.5,46.14889977609667
Non-Free,0,Sims Con_102,0.0,-1.0,Correct,0.5,73.60054779875969
Non-Free,0,Sims Con_102,0.5,-1.0,Error,-0.5,38.046809106125785
Non-Free,0,Sims Con_102,0.5,-1.0,Correct,0.5,86.78084373386727
Non-Free,0,Sims Con_102,-0.5,0.0,Error,-0.5,55.564877614016766
Non-Free,0,Sims Con_102,-0.5,0.0,Correct,0.5,62.17018427717238
Non-Free,0,Sims Con_102,0.0,0.0,Error,-0.5,46.39798813095079
Non-Free,0,Sims Con_102,0.0,0.0,Correct,0.5,75.4456757356291
Non-Free,0,Sims Con_102,0.5,0.0,Error,-0.5,37.23109864788482
Non-Free,0,Sims Con_102,0.5,0.0,Correct,0.5,88.72116719408581
Non-Free,0,Sims Con_102,-0.5,1.0,Error,-0.5,56.87876478196597
Non-Free,0,Sims Con_102,-0.5,1.0,Correct,0.5,63.920116690692645
Non-Free,0,Sims Con_102,0.0,1.0,Error,-0.5,46.64707648580492
Non-Free,0,Sims Con_102,0.0,1.0,Correct,0.5,77.2908036724985
Non-Free,0,Sims Con_102,0.5,1.0,Error,-0.5,36.41538818964386
Non-Free,0,Sims Con_102,0.5,1.0,Correct,0.5,90.66149065430434
Free,1,Sims Con_103,-0.5,-1.0,Error,-0.5,67.11023148294757
Free,1,Sims Con_103,-0.5,-1.0,Correct,0.5,69.6574002455391
Free,1,Sims Con_103,0.0,-1.0,Error,-0.5,63.555337407771
Free,1,Sims Con_103,0.0,-1.0,Correct,0.5,78.67484901982125
Free,1,Sims Con_103,0.5,-1.0,Error,-0.5,60.00044333259443
Free,1,Sims Con_103,0.5,-1.0,Correct,0.5,87.69229779410341
Free,1,Sims Con_103,-0.5,0.0,Error,-0.5,67.0150416415973
Free,1,Sims Con_103,-0.5,0.0,Correct,0.5,69.32284979433709
Free,1,Sims Con_103,0.0,0.0,Error,-0.5,63.68228886285192
Free,1,Sims Con_103,0.0,0.0,Correct,0.5,78.53480054019637
Free,1,Sims Con_103,0.5,0.0,Error,-0.5,60.34953608410653
Free,1,Sims Con_103,0.5,0.0,Correct,0.5,87.74675128605566
Free,1,Sims Con_103,-0.5,1.0,Error,-0.5,66.91985180024705
Free,1,Sims Con_103,-0.5,1.0,Correct,0.5,68.98829934313508
Free,1,Sims Con_103,0.0,1.0,Error,-0.5,63.80924031793284
Free,1,Sims Con_103,0.0,1.0,Correct,0.5,78.39475206057149
Free,1,Sims Con_103,0.5,1.0,Error,-0.5,60.69862883561864
Free,1,Sims Con_103,0.5,1.0,Correct,0.5,87.8012047780079
Non-Free,0,Sims Con_103,-0.5,-1.0,Error,-0.5,42.3055118153109
Non-Free,0,Sims Con_103,-0.5,-1.0,Correct,0.5,51.15273785113541
Non-Free,0,Sims Con_103,0.0,-1.0,Error,-0.5,32.04027496460852
Non-Free,0,Sims Con_103,0.0,-1.0,Correct,0.5,68.65028864682722
Non-Free,0,Sims Con_103,0.5,-1.0,Error,-0.5,21.77503811390614
Non-Free,0,Sims Con_103,0.5,-1.0,Correct,0.5,86.14783944251901
Non-Free,0,Sims Con_103,-0.5,0.0,Error,-0.5,42.522956550147015
Non-Free,0,Sims Con_103,-0.5,0.0,Correct,0.5,51.375375035688556
Non-Free,0,Sims Con_103,0.0,0.0,Error,-0.5,32.97834367853644
Non-Free,0,Sims Con_103,0.0,0.0,Correct,0.5,68.5847521029007
Non-Free,0,Sims Con_103,0.5,0.0,Error,-0.5,23.433730806925862
Non-Free,0,Sims Con_103,0.5,0.0,Correct,0.5,85.79412917011283
Non-Free,0,Sims Con_103,-0.5,1.0,Error,-0.5,42.74040128498313
Non-Free,0,Sims Con_103,-0.5,1.0,Correct,0.5,51.5980122202417
Non-Free,0,Sims Con_103,0.0,1.0,Error,-0.5,33.91641239246436
Non-Free,0,Sims Con_103,0.0,1.0,Correct,0.5,68.51921555897417
Non-Free,0,Sims Con_103,0.5,1.0,Error,-0.5,25.092423499945582
Non-Free,0,Sims Con_103,0.5,1.0,Correct,0.5,85.44041889770664
Free,1,Sims Con_104,-0.5,-1.0,Error,-0.5,57.96771470774422
Free,1,Sims Con_104,-0.5,-1.0,Correct,0.5,64.65124190515661
Free,1,Sims Con_104,0.0,-1.0,Error,-0.5,50.00000000000003
Free,1,Sims Con_104,0.0,-1.0,Correct,0.5,78.00343363965757
Free,1,Sims Con_104,0.5,-1.0,Error,-0.5,42.032285292255835
Free,1,Sims Con_104,0.5,-1.0,Correct,0.5,91.35562537415854
Free,1,Sims Con_104,-0.5,0.0,Error,-0.5,62.62776957163958
Free,1,Sims Con_104,-0.5,0.0,Correct,0.5,69.36747797509088
Free,1,Sims Con_104,0.0,0.0,Error,-0.5,56.322219877611346
Free,1,Sims Con_104,0.0,0.0,Correct,0.5,81.00154770686753
Free,1,Sims Con_104,0.5,0.0,Error,-0.5,50.01667018358311
Free,1,Sims Con_104,0.5,0.0,Correct,0.5,92.63561743864418
Free,1,Sims Con_104,-0.5,1.0,Error,-0.5,67.28782443553494
Free,1,Sims Con_104,-0.5,1.0,Correct,0.5,74.08371404502515
Free,1,Sims Con_104,0.0,1.0,Error,-0.5,62.64443975522266
Free,1,Sims Con_104,0.0,1.0,Correct,0.5,83.99966177407748
Free,1,Sims Con_104,0.5,1.0,Error,-0.5,58.00105507491038
Free,1,Sims Con_104,0.5,1.0,Correct,0.5,93.91560950312982
Non-Free,0,Sims Con_104,-0.5,-1.0,Error,-0.5,34.81091681119547
Non-Free,0,Sims Con_104,-0.5,-1.0,Correct,0.5,53.78877265913901
Non-Free,0,Sims Con_104,0.0,-1.0,Error,-0.5,21.697675976317193
Non-Free,0,Sims Con_104,0.0,-1.0,Correct,0.5,72.69608955457178
Non-Free,0,Sims Con_104,0.5,-1.0,Error,-0.5,8.584435141438917
Non-Free,0,Sims Con_104,0.5,-1.0,Correct,0.5,91.60340645000457
Non-Free,0,Sims Con_104,-0.5,0.0,Error,-0.5,36.88848274624721
Non-Free,0,Sims Con_104,-0.5,0.0,Correct,0.5,57.24194000490028
Non-Free,0,Sims Con_104,0.0,0.0,Error,-0.5,22.43401710424017
Non-Free,0,Sims Con_104,0.0,0.0,Correct,0.5,75.22433230284004
Non-Free,0,Sims Con_104,0.5,0.0,Error,-0.5,7.979551462233124
Non-Free,0,Sims Con_104,0.5,0.0,Correct,0.5,93.20672460077981
Non-Free,0,Sims Con_104,-0.5,1.0,Error,-0.5,38.96604868129896
Non-Free,0,Sims Con_104,-0.5,1.0,Correct,0.5,60.695107350661544
Non-Free,0,Sims Con_104,0.0,1.0,Error,-0.5,23.170358232163146
Non-Free,0,Sims Con_104,0.0,1.0,Correct,0.5,77.7525750511083
Non-Free,0,Sims Con_104,0.5,1.0,Error,-0.5,7.374667783027331
Non-Free,0,Sims Con_104,0.5,1.0,Correct,0.5,94.81004275155503
Free,1,Sims Con_105,-0.5,-1.0,Error,-0.5,66.16765174879933
Free,1,Sims Con_105,-0.5,-1.0,Correct,0.5,69.72438456359025
Free,1,Sims Con_105,0.0,-1.0,Error,-0.5,62.71476859322635
Free,1,Sims Con_105,0.0,-1.0,Correct,0.5,79.81199273346814
Free,1,Sims Con_105,0.5,-1.0,Error,-0.5,59.26188543765337
Free,1,Sims Con_105,0.5,-1.0,Correct,0.5,89.89960090334604
Free,1,Sims Con_105,-0.5,0.0,Error,-0.5,69.73254781388158
Free,1,Sims Con_105,-0.5,0.0,Correct,0.5,72.79519021962292
Free,1,Sims Con_105,0.0,0.0,Error,-0.5,66.91169590084888
Free,1,Sims Con_105,0.0,0.0,Correct,0.5,82.10560858157332
Free,1,Sims Con_105,0.5,0.0,Error,-0.5,64.09084398781619
Free,1,Sims Con_105,0.5,0.0,Correct,0.5,91.41602694352372
Free,1,Sims Con_105,-0.5,1.0,Error,-0.5,73.29744387896383
Free,1,Sims Con_105,-0.5,1.0,Correct,0.5,75.8659958756556
Free,1,Sims Con_105,0.0,1.0,Error,-0.5,71.10862320847141
Free,1,Sims Con_105,0.0,1.0,Correct,0.5,84.3992244296785
Free,1,Sims Con_105,0.5,1.0,Error,-0.5,68.919802537979
Free,1,Sims Con_105,0.5,1.0,Correct,0.5,92.9324529837014
Non-Free,0,Sims Con_105,-0.5,-1.0,Error,-0.5,42.05816285599677
Non-Free,0,Sims Con_105,-0.5,-1.0,Correct,0.5,54.77442194906516
Non-Free,0,Sims Con_105,0.0,-1.0,Error,-0.5,28.96782100993892
Non-Free,0,Sims Con_105,0.0,-1.0,Correct,0.5,71.98766958982362
Non-Free,0,Sims Con_105,0.5,-1.0,Error,-0.5,15.877479163881068
Non-Free,0,Sims Con_105,0.5,-1.0,Correct,0.5,89.2009172305821
Non-Free,0,Sims Con_105,-0.5,0.0,Error,-0.5,43.29122283133513
Non-Free,0,Sims Con_105,-0.5,0.0,Correct,0.5,56.844582160675486
Non-Free,0,Sims Con_105,0.0,0.0,Error,-0.5,30.70480307824871
Non-Free,0,Sims Con_105,0.0,0.0,Correct,0.5,73.60675887073802
Non-Free,0,Sims Con_105,0.5,0.0,Error,-0.5,18.118383325162284
Non-Free,0,Sims Con_105,0.5,0.0,Correct,0.5,90.36893558080055
Non-Free,0,Sims Con_105,-0.5,1.0,Error,-0.5,44.5242828066735
Non-Free,0,Sims Con_105,-0.5,1.0,Correct,0.5,58.914742372285815
Non-Free,0,Sims Con_105,0.0,1.0,Error,-0.5,32.441785146558495
Non-Free,0,Sims Con_105,0.0,1.0,Correct,0.5,75.22584815165241
Non-Free,0,Sims Con_105,0.5,1.0,Error,-0.5,20.3592874864435
Non-Free,0,Sims Con_105,0.5,1.0,Correct,0.5,91.536953931019
Free,1,Sims Con_106,-0.5,-1.0,Error,-0.5,68.28447352310991
Free,1,Sims Con_106,-0.5,-1.0,Correct,0.5,71.14303462193385
Free,1,Sims Con_106,0.0,-1.0,Error,-0.5,61.98370064279162
Free,1,Sims Con_106,0.0,-1.0,Correct,0.5,80.62776626723377
Free,1,Sims Con_106,0.5,-1.0,Error,-0.5,55.68292776247333
Free,1,Sims Con_106,0.5,-1.0,Correct,0.5,90.11249791253368
Free,1,Sims Con_106,-0.5,0.0,Error,-0.5,69.03719008264464
Free,1,Sims Con_106,-0.5,0.0,Correct,0.5,72.30546324574064
Free,1,Sims Con_106,0.0,0.0,Error,-0.5,64.99862258953172
Free,1,Sims Con_106,0.0,0.0,Correct,0.5,81.3914297606015
Free,1,Sims Con_106,0.5,0.0,Error,-0.5,60.96005509641879
Free,1,Sims Con_106,0.5,0.0,Correct,0.5,90.47739627546235
Free,1,Sims Con_106,-0.5,1.0,Error,-0.5,69.78990664217937
Free,1,Sims Con_106,-0.5,1.0,Correct,0.5,73.46789186954743
Free,1,Sims Con_106,0.0,1.0,Error,-0.5,68.01354453627182
Free,1,Sims Con_106,0.0,1.0,Correct,0.5,82.15509325396923
Free,1,Sims Con_106,0.5,1.0,Error,-0.5,66.23718243036426
Free,1,Sims Con_106,0.5,1.0,Correct,0.5,90.84229463839104
Non-Free,0,Sims Con_106,-0.5,-1.0,Error,-0.5,42.84767522553782
Non-Free,0,Sims Con_106,-0.5,-1.0,Correct,0.5,55.08483383658553
Non-Free,0,Sims Con_106,0.0,-1.0,Error,-0.5,31.44691186675918
Non-Free,0,Sims Con_106,0.0,-1.0,Correct,0.5,71.16473937820149
Non-Free,0,Sims Con_106,0.5,-1.0,Error,-0.5,20.04614850798054
Non-Free,0,Sims Con_106,0.5,-1.0,Correct,0.5,87.24464491981745
Non-Free,0,Sims Con_106,-0.5,0.0,Error,-0.5,43.45685866296553
Non-Free,0,Sims Con_106,-0.5,0.0,Correct,0.5,55.647183543988604
Non-Free,0,Sims Con_106,0.0,0.0,Error,-0.5,31.819685403654855
Non-Free,0,Sims Con_106,0.0,0.0,Correct,0.5,71.93786485450102
Non-Free,0,Sims Con_106,0.5,0.0,Error,-0.5,20.182512144344184
Non-Free,0,Sims Con_106,0.5,0.0,Correct,0.5,88.22854616501343
Non-Free,0,Sims Con_106,-0.5,1.0,Error,-0.5,44.06604210039324
Non-Free,0,Sims Con_106,-0.5,1.0,Correct,0.5,56.209533251391676
Non-Free,0,Sims Con_106,0.0,1.0,Error,-0.5,32.19245894055053
Non-Free,0,Sims Con_106,0.0,1.0,Correct,0.5,72.71099033080054
Non-Free,0,Sims Con_106,0.5,1.0,Error,-0.5,20.318875780707828
Non-Free,0,Sims Con_106,0.5,1.0,Correct,0.5,89.2124474102094
Free,1,Sims Con_107,-0.5,-1.0,Error,-0.5,59.280260224889744
Free,1,Sims Con_107,-0.5,-1.0,Correct,0.5,59.13762162123929
Free,1,Sims Con_107,0.0,-1.0,Error,-0.5,56.385420141010144
Free,1,Sims Con_107,0.0,-1.0,Correct,0.5,61.56220302161547
Free,1,Sims Con_107,0.5,-1.0,Error,-0.5,53.49058005713054
Free,1,Sims Con_107,0.5,-1.0,Correct,0.5,63.98678442199164
Free,1,Sims Con_107,-0.5,0.0,Error,-0.5,63.74814820930268
Free,1,Sims Con_107,-0.5,0.0,Correct,0.5,63.61922267499293
Free,1,Sims Con_107,0.0,0.0,Error,-0.5,61.229550220431584
Free,1,Sims Con_107,0.0,0.0,Correct,0.5,66.13111845820065
Free,1,Sims Con_107,0.5,0.0,Error,-0.5,58.71095223156049
Free,1,Sims Con_107,0.5,0.0,Correct,0.5,68.64301424140835
Free,1,Sims Con_107,-0.5,1.0,Error,-0.5,68.21603619371561
Free,1,Sims Con_107,-0.5,1.0,Correct,0.5,68.10082372874658
Free,1,Sims Con_107,0.0,1.0,Error,-0.5,66.07368029985302
Free,1,Sims Con_107,0.0,1.0,Correct,0.5,70.70003389478582
Free,1,Sims Con_107,0.5,1.0,Error,-0.5,63.93132440599044
Free,1,Sims Con_107,0.5,1.0,Correct,0.5,73.29924406082506
Non-Free,0,Sims Con_107,-0.5,-1.0,Error,-0.5,43.007425160750316
Non-Free,0,Sims Con_107,-0.5,-1.0,Correct,0.5,44.08708973514893
Non-Free,0,Sims Con_107,0.0,-1.0,Error,-0.5,40.46750613454477
Non-Free,0,Sims Con_107,0.0,-1.0,Correct,0.5,49.386427194612466
Non-Free,0,Sims Con_107,0.5,-1.0,Error,-0.5,37.92758710833923
Non-Free,0,Sims Con_107,0.5,-1.0,Correct,0.5,54.685764654075996
Non-Free,0,Sims Con_107,-0.5,0.0,Error,-0.5,45.42018721070979
Non-Free,0,Sims Con_107,-0.5,0.0,Correct,0.5,46.31353609631075
Non-Free,0,Sims Con_107,0.0,0.0,Error,-0.5,41.8408467319407
Non-Free,0,Sims Con_107,0.0,0.0,Correct,0.5,52.19217444805211
Non-Free,0,Sims Con_107,0.5,0.0,Error,-0.5,38.26150625317161
Non-Free,0,Sims Con_107,0.5,0.0,Correct,0.5,58.070812799793465
Non-Free,0,Sims Con_107,-0.5,1.0,Error,-0.5,47.83294926066927
Non-Free,0,Sims Con_107,-0.5,1.0,Correct,0.5,48.53998245747257
Non-Free,0,Sims Con_107,0.0,1.0,Error,-0.5,43.21418732933663
Non-Free,0,Sims Con_107,0.0,1.0,Correct,0.5,54.99792170149175
Non-Free,0,Sims Con_107,0.5,1.0,Error,-0.5,38.59542539800399
Non-Free,0,Sims Con_107,0.5,1.0,Correct,0.5,61.455860945510935
Free,1,Sims Con_108,-0.5,-1.0,Error,-0.5,50.71486159634507
Free,1,Sims Con_108,-0.5,-1.0,Correct,0.5,50.92539617585455
Free,1,Sims Con_108,0.0,-1.0,Error,-0.5,48.891023918301535
Free,1,Sims Con_108,0.0,-1.0,Correct,0.5,57.70767777561684
Free,1,Sims Con_108,0.5,-1.0,Error,-0.5,47.067186240258
Free,1,Sims Con_108,0.5,-1.0,Correct,0.5,64.48995937537913
Free,1,Sims Con_108,-0.5,0.0,Error,-0.5,50.00678581026604
Free,1,Sims Con_108,-0.5,0.0,Correct,0.5,50.032524609145305
Free,1,Sims Con_108,0.0,0.0,Error,-0.5,48.13880677237301
Free,1,Sims Con_108,0.0,0.0,Correct,0.5,56.26023646214764
Free,1,Sims Con_108,0.5,0.0,Error,-0.5,46.27082773447998
Free,1,Sims Con_108,0.5,0.0,Correct,0.5,62.48794831514997
Free,1,Sims Con_108,-0.5,1.0,Error,-0.5,49.29871002418701
Free,1,Sims Con_108,-0.5,1.0,Correct,0.5,49.13965304243606
Free,1,Sims Con_108,0.0,1.0,Error,-0.5,47.38658962644448
Free,1,Sims Con_108,0.0,1.0,Correct,0.5,54.81279514867844
Free,1,Sims Con_108,0.5,1.0,Error,-0.5,45.474469228701956
Free,1,Sims Con_108,0.5,1.0,Correct,0.5,60.48593725492082
Non-Free,0,Sims Con_108,-0.5,-1.0,Error,-0.5,47.7271009981754
Non-Free,0,Sims Con_108,-0.5,-1.0,Correct,0.5,49.1625793846542
Non-Free,0,Sims Con_108,0.0,-1.0,Error,-0.5,45.98778576795109
Non-Free,0,Sims Con_108,0.0,-1.0,Correct,0.5,57.03586242889426
Non-Free,0,Sims Con_108,0.5,-1.0,Error,-0.5,44.24847053772678
Non-Free,0,Sims Con_108,0.5,-1.0,Correct,0.5,64.90914547313432
Non-Free,0,Sims Con_108,-0.5,0.0,Error,-0.5,47.86066867017283
Non-Free,0,Sims Con_108,-0.5,0.0,Correct,0.5,48.709686448696374
Non-Free,0,Sims Con_108,0.0,0.0,Error,-0.5,43.601309434367316
Non-Free,0,Sims Con_108,0.0,0.0,Correct,0.5,55.72126556750113
Non-Free,0,Sims Con_108,0.5,0.0,Error,-0.5,39.341950198561804
Non-Free,0,Sims Con_108,0.5,0.0,Correct,0.5,62.73284468630588
Non-Free,0,Sims Con_108,-0.5,1.0,Error,-0.5,47.994236342170254
Non-Free,0,Sims Con_108,-0.5,1.0,Correct,0.5,48.25679351273855
Non-Free,0,Sims Con_108,0.0,1.0,Error,-0.5,41.214833100783544
Non-Free,0,Sims Con_108,0.0,1.0,Correct,0.5,54.40666870610799
Non-Free,0,Sims Con_108,0.5,1.0,Error,-0.5,34.43542985939683
Non-Free,0,Sims Con_108,0.5,1.0,Correct,0.5,60.55654389947745
Free,1,Sims Con_109,-0.5,-1.0,Error,-0.5,50.07478281816954
Free,1,Sims Con_109,-0.5,-1.0,Correct,0.5,50.06997728269518
Free,1,Sims Con_109,0.0,-1.0,Error,-0.5,47.97505231936648
Free,1,Sims Con_109,0.0,-1.0,Correct,0.5,56.61478014064567
Free,1,Sims Con_109,0.5,-1.0,Error,-0.5,45.87532182056342
Free,1,Sims Con_109,0.5,-1.0,Correct,0.5,63.159582998596164
Free,1,Sims Con_109,-0.5,0.0,Error,-0.5,50.6497613634653
Free,1,Sims Con_109,-0.5,0.0,Correct,0.5,50.747254374031264
Free,1,Sims Con_109,0.0,0.0,Error,-0.5,48.784594769569
Free,1,Sims Con_109,0.0,0.0,Correct,0.5,57.39566380333831
Free,1,Sims Con_109,0.5,0.0,Error,-0.5,46.91942817567269
Free,1,Sims Con_109,0.5,0.0,Correct,0.5,64.04407323264536
Free,1,Sims Con_109,-0.5,1.0,Error,-0.5,51.224739908761066
Free,1,Sims Con_109,-0.5,1.0,Correct,0.5,51.42453146536735
Free,1,Sims Con_109,0.0,1.0,Error,-0.5,49.59413721977151
Free,1,Sims Con_109,0.0,1.0,Correct,0.5,58.17654746603095
Free,1,Sims Con_109,0.5,1.0,Error,-0.5,47.96353453078196
Free,1,Sims Con_109,0.5,1.0,Correct,0.5,64.92856346669454
Non-Free,0,Sims Con_109,-0.5,-1.0,Error,-0.5,45.89360740104756
Non-Free,0,Sims Con_109,-0.5,-1.0,Correct,0.5,46.971904284917116
Non-Free,0,Sims Con_109,0.0,-1.0,Error,-0.5,41.62449641073578
Non-Free,0,Sims Con_109,0.0,-1.0,Correct,0.5,55.503700910398585
Non-Free,0,Sims Con_109,0.5,-1.0,Error,-0.5,37.355385420424
Non-Free,0,Sims Con_109,0.5,-1.0,Correct,0.5,64.03549753588005
Non-Free,0,Sims Con_109,-0.5,0.0,Error,-0.5,46.10655517001376
Non-Free,0,Sims Con_109,-0.5,0.0,Correct,0.5,47.42911429646877
Non-Free,0,Sims Con_109,0.0,0.0,Error,-0.5,41.122324562963264
Non-Free,0,Sims Con_109,0.0,0.0,Correct,0.5,56.00643815099263
Non-Free,0,Sims Con_109,0.5,0.0,Error,-0.5,36.138093955912765
Non-Free,0,Sims Con_109,0.5,0.0,Correct,0.5,64.58376200551649
Non-Free,0,Sims Con_109,-0.5,1.0,Error,-0.5,46.319502938979966
Non-Free,0,Sims Con_109,-0.5,1.0,Correct,0.5,47.88632430802042
Non-Free,0,Sims Con_109,0.0,1.0,Error,-0.5,40.62015271519075
Non-Free,0,Sims Con_109,0.0,1.0,Correct,0.5,56.50917539158667
Non-Free,0,Sims Con_109,0.5,1.0,Error,-0.5,34.92080249140153
Non-Free,0,Sims Con_109,0.5,1.0,Correct,0.5,65.13202647515293
Free,1,Sims Con_11,-0.5,-1.0,Error,-0.5,98.31615509431415
Free,1,Sims Con_11,-0.5,-1.0,Correct,0.5,98.64542322866883
Free,1,Sims Con_11,0.0,-1.0,Error,-0.5,99.0654113988237
Free,1,Sims Con_11,0.0,-1.0,Correct,0.5,99.34762805518
Free,1,Sims Con_11,0.5,-1.0,Error,-0.5,99.81466770333321
Free,1,Sims Con_11,0.5,-1.0,Correct,0.5,100.04983288169116
Free,1,Sims Con_11,-0.5,0.0,Error,-0.5,98.28513961192623
Free,1,Sims Con_11,-0.5,0.0,Correct,0.5,98.73878442478724
Free,1,Sims Con_11,0.0,0.0,Error,-0.5,99.09661280508423
Free,1,Sims Con_11,0.0,0.0,Correct,0.5,99.38857267371998
Free,1,Sims Con_11,0.5,0.0,Error,-0.5,99.90808599824224
Free,1,Sims Con_11,0.5,0.0,Correct,0.5,100.03836092265271
Free,1,Sims Con_11,-0.5,1.0,Error,-0.5,98.2541241295383
Free,1,Sims Con_11,-0.5,1.0,Correct,0.5,98.83214562090565
Free,1,Sims Con_11,0.0,1.0,Error,-0.5,99.12781421134477
Free,1,Sims Con_11,0.0,1.0,Correct,0.5,99.42951729225996
Free,1,Sims Con_11,0.5,1.0,Error,-0.5,100.00150429315126
Free,1,Sims Con_11,0.5,1.0,Correct,0.5,100.02688896361427
Non-Free,0,Sims Con_11,-0.5,-1.0,Error,-0.5,52.389180102473695
Non-Free,0,Sims Con_11,-0.5,-1.0,Correct,0.5,75.54410405796047
Non-Free,0,Sims Con_11,0.0,-1.0,Error,-0.5,32.0323909470767
Non-Free,0,Sims Con_11,0.0,-1.0,Correct,0.5,87.11833185291887
Non-Free,0,Sims Con_11,0.5,-1.0,Error,-0.5,11.675601791679707
Non-Free,0,Sims Con_11,0.5,-1.0,Correct,0.5,98.69255964787727
Non-Free,0,Sims Con_11,-0.5,0.0,Error,-0.5,50.968377069078464
Non-Free,0,Sims Con_11,-0.5,0.0,Correct,0.5,74.60779341788347
Non-Free,0,Sims Con_11,0.0,0.0,Error,-0.5,32.7423144677057
Non-Free,0,Sims Con_11,0.0,0.0,Correct,0.5,86.74091413203499
Non-Free,0,Sims Con_11,0.5,0.0,Error,-0.5,14.51625186633293
Non-Free,0,Sims Con_11,0.5,0.0,Correct,0.5,98.8740348461865
Non-Free,0,Sims Con_11,-0.5,1.0,Error,-0.5,49.54757403568323
Non-Free,0,Sims Con_11,-0.5,1.0,Correct,0.5,73.67148277780647
Non-Free,0,Sims Con_11,0.0,1.0,Error,-0.5,33.452237988334694
Non-Free,0,Sims Con_11,0.0,1.0,Correct,0.5,86.3634964111511
Non-Free,0,Sims Con_11,0.5,1.0,Error,-0.5,17.356901940986152
Non-Free,0,Sims Con_11,0.5,1.0,Correct,0.5,99.05551004449573
Free,1,Sims Con_110,-0.5,-1.0,Error,-0.5,53.480856558754425
Free,1,Sims Con_110,-0.5,-1.0,Correct,0.5,53.37793569702092
Free,1,Sims Con_110,0.0,-1.0,Error,-0.5,51.95711899485241
Free,1,Sims Con_110,0.0,-1.0,Correct,0.5,59.81797997233408
Free,1,Sims Con_110,0.5,-1.0,Error,-0.5,50.43338143095039
Free,1,Sims Con_110,0.5,-1.0,Correct,0.5,66.25802424764724
Free,1,Sims Con_110,-0.5,0.0,Error,-0.5,55.066981828197946
Free,1,Sims Con_110,-0.5,0.0,Correct,0.5,54.89363253054941
Free,1,Sims Con_110,0.0,0.0,Error,-0.5,53.17710873515054
Free,1,Sims Con_110,0.0,0.0,Correct,0.5,62.370907292880666
Free,1,Sims Con_110,0.5,0.0,Error,-0.5,51.287235642103134
Free,1,Sims Con_110,0.5,0.0,Correct,0.5,69.84818205521192
Free,1,Sims Con_110,-0.5,1.0,Error,-0.5,56.65310709764147
Free,1,Sims Con_110,-0.5,1.0,Correct,0.5,56.409329364077905
Free,1,Sims Con_110,0.0,1.0,Error,-0.5,54.39709847544867
Free,1,Sims Con_110,0.0,1.0,Correct,0.5,64.92383461342726
Free,1,Sims Con_110,0.5,1.0,Error,-0.5,52.14108985325588
Free,1,Sims Con_110,0.5,1.0,Correct,0.5,73.43833986277662
Non-Free,0,Sims Con_110,-0.5,-1.0,Error,-0.5,47.282539500237846
Non-Free,0,Sims Con_110,-0.5,-1.0,Correct,0.5,49.02376154393931
Non-Free,0,Sims Con_110,0.0,-1.0,Error,-0.5,46.18154522633672
Non-Free,0,Sims Con_110,0.0,-1.0,Correct,0.5,58.41766758880271
Non-Free,0,Sims Con_110,0.5,-1.0,Error,-0.5,45.0805509524356
Non-Free,0,Sims Con_110,0.5,-1.0,Correct,0.5,67.81157363366611
Non-Free,0,Sims Con_110,-0.5,0.0,Error,-0.5,48.34153144432228
Non-Free,0,Sims Con_110,-0.5,0.0,Correct,0.5,50.18790442526887
Non-Free,0,Sims Con_110,0.0,0.0,Error,-0.5,43.35951369177506
Non-Free,0,Sims Con_110,0.0,0.0,Correct,0.5,59.64496073408022
Non-Free,0,Sims Con_110,0.5,0.0,Error,-0.5,38.377495939227835
Non-Free,0,Sims Con_110,0.5,0.0,Correct,0.5,69.10201704289157
Non-Free,0,Sims Con_110,-0.5,1.0,Error,-0.5,49.40052338840671
Non-Free,0,Sims Con_110,-0.5,1.0,Correct,0.5,51.35204730659843
Non-Free,0,Sims Con_110,0.0,1.0,Error,-0.5,40.53748215721339
Non-Free,0,Sims Con_110,0.0,1.0,Correct,0.5,60.872253879357736
Non-Free,0,Sims Con_110,0.5,1.0,Error,-0.5,31.67444092602007
Non-Free,0,Sims Con_110,0.5,1.0,Correct,0.5,70.39246045211704
Free,1,Sims Con_111,-0.5,-1.0,Error,-0.5,60.88739903069466
Free,1,Sims Con_111,-0.5,-1.0,Correct,0.5,67.2301666287036
Free,1,Sims Con_111,0.0,-1.0,Error,-0.5,53.571728594507285
Free,1,Sims Con_111,0.0,-1.0,Correct,0.5,79.14365096137585
Free,1,Sims Con_111,0.5,-1.0,Error,-0.5,46.25605815831991
Free,1,Sims Con_111,0.5,-1.0,Correct,0.5,91.05713529404812
Free,1,Sims Con_111,-0.5,0.0,Error,-0.5,63.45726978998385
Free,1,Sims Con_111,-0.5,0.0,Correct,0.5,69.59116566528478
Free,1,Sims Con_111,0.0,0.0,Error,-0.5,57.085702746365115
Free,1,Sims Con_111,0.0,0.0,Correct,0.5,80.82398619100387
Free,1,Sims Con_111,0.5,0.0,Error,-0.5,50.71413570274638
Free,1,Sims Con_111,0.5,0.0,Correct,0.5,92.05680671672296
Free,1,Sims Con_111,-0.5,1.0,Error,-0.5,66.02714054927303
Free,1,Sims Con_111,-0.5,1.0,Correct,0.5,71.95216470186595
Free,1,Sims Con_111,0.0,1.0,Error,-0.5,60.599676898222945
Free,1,Sims Con_111,0.0,1.0,Correct,0.5,82.50432142063188
Free,1,Sims Con_111,0.5,1.0,Error,-0.5,55.172213247172856
Free,1,Sims Con_111,0.5,1.0,Correct,0.5,93.0564781393978
Non-Free,0,Sims Con_111,-0.5,-1.0,Error,-0.5,37.451462308952
Non-Free,0,Sims Con_111,-0.5,-1.0,Correct,0.5,55.08418420865334
Non-Free,0,Sims Con_111,0.0,-1.0,Error,-0.5,24.951090347390146
Non-Free,0,Sims Con_111,0.0,-1.0,Correct,0.5,73.00466816458275
Non-Free,0,Sims Con_111,0.5,-1.0,Error,-0.5,12.450718385828289
Non-Free,0,Sims Con_111,0.5,-1.0,Correct,0.5,90.92515212051217
Non-Free,0,Sims Con_111,-0.5,0.0,Error,-0.5,38.66719855137434
Non-Free,0,Sims Con_111,-0.5,0.0,Correct,0.5,57.004697808572985
Non-Free,0,Sims Con_111,0.0,0.0,Error,-0.5,24.137719926846756
Non-Free,0,Sims Con_111,0.0,0.0,Correct,0.5,74.0498022078852
Non-Free,0,Sims Con_111,0.5,0.0,Error,-0.5,9.608241302319168
Non-Free,0,Sims Con_111,0.5,0.0,Correct,0.5,91.0949066071974
Non-Free,0,Sims Con_111,-0.5,1.0,Error,-0.5,39.88293479379668
Non-Free,0,Sims Con_111,-0.5,1.0,Correct,0.5,58.92521140849263
Non-Free,0,Sims Con_111,0.0,1.0,Error,-0.5,23.324349506303367
Non-Free,0,Sims Con_111,0.0,1.0,Correct,0.5,75.09493625118763
Non-Free,0,Sims Con_111,0.5,1.0,Error,-0.5,6.765764218810049
Non-Free,0,Sims Con_111,0.5,1.0,Correct,0.5,91.26466109388264
Free,1,Sims Con_112,-0.5,-1.0,Error,-0.5,46.01979810626803
Free,1,Sims Con_112,-0.5,-1.0,Correct,0.5,46.833884494000415
Free,1,Sims Con_112,0.0,-1.0,Error,-0.5,43.68651694185769
Free,1,Sims Con_112,0.0,-1.0,Correct,0.5,50.73821606001398
Free,1,Sims Con_112,0.5,-1.0,Error,-0.5,41.35323577744735
Free,1,Sims Con_112,0.5,-1.0,Correct,0.5,54.64254762602755
Free,1,Sims Con_112,-0.5,0.0,Error,-0.5,45.99773065185063
Free,1,Sims Con_112,-0.5,0.0,Correct,0.5,46.355391482744906
Free,1,Sims Con_112,0.0,0.0,Error,-0.5,43.30792706784564
Free,1,Sims Con_112,0.0,0.0,Correct,0.5,50.50890714240106
Free,1,Sims Con_112,0.5,0.0,Error,-0.5,40.61812348384065
Free,1,Sims Con_112,0.5,0.0,Correct,0.5,54.66242280205721
Free,1,Sims Con_112,-0.5,1.0,Error,-0.5,45.975663197433235
Free,1,Sims Con_112,-0.5,1.0,Correct,0.5,45.8768984714894
Free,1,Sims Con_112,0.0,1.0,Error,-0.5,42.92933719383359
Free,1,Sims Con_112,0.0,1.0,Correct,0.5,50.27959822478813
Free,1,Sims Con_112,0.5,1.0,Error,-0.5,39.883011190233944
Free,1,Sims Con_112,0.5,1.0,Correct,0.5,54.682297978086865
Non-Free,0,Sims Con_112,-0.5,-1.0,Error,-0.5,45.64289973404176
Non-Free,0,Sims Con_112,-0.5,-1.0,Correct,0.5,45.78388125555907
Non-Free,0,Sims Con_112,0.0,-1.0,Error,-0.5,41.740905204642786
Non-Free,0,Sims Con_112,0.0,-1.0,Correct,0.5,50.60293789144993
Non-Free,0,Sims Con_112,0.5,-1.0,Error,-0.5,37.83891067524381
Non-Free,0,Sims Con_112,0.5,-1.0,Correct,0.5,55.4219945273408
Non-Free,0,Sims Con_112,-0.5,0.0,Error,-0.5,45.4400631611493
Non-Free,0,Sims Con_112,-0.5,0.0,Correct,0.5,45.9844860853974
Non-Free,0,Sims Con_112,0.0,0.0,Error,-0.5,42.53288197194031
Non-Free,0,Sims Con_112,0.0,0.0,Correct,0.5,50.598534426901274
Non-Free,0,Sims Con_112,0.5,0.0,Error,-0.5,39.62570078273133
Non-Free,0,Sims Con_112,0.5,0.0,Correct,0.5,55.21258276840515
Non-Free,0,Sims Con_112,-0.5,1.0,Error,-0.5,45.23722658825683
Non-Free,0,Sims Con_112,-0.5,1.0,Correct,0.5,46.185090915235726
Non-Free,0,Sims Con_112,0.0,1.0,Error,-0.5,43.32485873923784
Non-Free,0,Sims Con_112,0.0,1.0,Correct,0.5,50.594130962352615
Non-Free,0,Sims Con_112,0.5,1.0,Error,-0.5,41.41249089021885
Non-Free,0,Sims Con_112,0.5,1.0,Correct,0.5,55.0031710094695
Free,1,Sims Con_113,-0.5,-1.0,Error,-0.5,55.615109749872346
Free,1,Sims Con_113,-0.5,-1.0,Correct,0.5,56.07245859475297
Free,1,Sims Con_113,0.0,-1.0,Error,-0.5,56.321252339629034
Free,1,Sims Con_113,0.0,-1.0,Correct,0.5,65.66205755422219
Free,1,Sims Con_113,0.5,-1.0,Error,-0.5,57.02739492938572
Free,1,Sims Con_113,0.5,-1.0,Correct,0.5,75.2516565136914
Free,1,Sims Con_113,-0.5,0.0,Error,-0.5,54.71941466734725
Free,1,Sims Con_113,-0.5,0.0,Correct,0.5,55.34915285732686
Free,1,Sims Con_113,0.0,0.0,Error,-0.5,56.35749532074186
Free,1,Sims Con_113,0.0,0.0,Correct,0.5,64.83407008734092
Free,1,Sims Con_113,0.5,0.0,Error,-0.5,57.99557597413647
Free,1,Sims Con_113,0.5,0.0,Correct,0.5,74.31898731735498
Free,1,Sims Con_113,-0.5,1.0,Error,-0.5,53.82371958482216
Free,1,Sims Con_113,-0.5,1.0,Correct,0.5,54.62584711990074
Free,1,Sims Con_113,0.0,1.0,Error,-0.5,56.39373830185469
Free,1,Sims Con_113,0.0,1.0,Correct,0.5,64.00608262045965
Free,1,Sims Con_113,0.5,1.0,Error,-0.5,58.96375701888722
Free,1,Sims Con_113,0.5,1.0,Correct,0.5,73.38631812101856
Non-Free,0,Sims Con_113,-0.5,-1.0,Error,-0.5,49.10087012096089
Non-Free,0,Sims Con_113,-0.5,-1.0,Correct,0.5,53.00310382450735
Non-Free,0,Sims Con_113,0.0,-1.0,Error,-0.5,43.14001970085196
Non-Free,0,Sims Con_113,0.0,-1.0,Correct,0.5,64.39329344617649
Non-Free,0,Sims Con_113,0.5,-1.0,Error,-0.5,37.179169280743025
Non-Free,0,Sims Con_113,0.5,-1.0,Correct,0.5,75.78348306784562
Non-Free,0,Sims Con_113,-0.5,0.0,Error,-0.5,49.30487068384238
Non-Free,0,Sims Con_113,-0.5,0.0,Correct,0.5,52.608596287224294
Non-Free,0,Sims Con_113,0.0,0.0,Error,-0.5,44.92802153021678
Non-Free,0,Sims Con_113,0.0,0.0,Correct,0.5,63.69962870615255
Non-Free,0,Sims Con_113,0.5,0.0,Error,-0.5,40.55117237659118
Non-Free,0,Sims Con_113,0.5,0.0,Correct,0.5,74.79066112508082
Non-Free,0,Sims Con_113,-0.5,1.0,Error,-0.5,49.50887124672387
Non-Free,0,Sims Con_113,-0.5,1.0,Correct,0.5,52.21408874994124
Non-Free,0,Sims Con_113,0.0,1.0,Error,-0.5,46.716023359581605
Non-Free,0,Sims Con_113,0.0,1.0,Correct,0.5,63.00596396612862
Non-Free,0,Sims Con_113,0.5,1.0,Error,-0.5,43.92317547243934
Non-Free,0,Sims Con_113,0.5,1.0,Correct,0.5,73.79783918231601
Free,1,Sims Con_114,-0.5,-1.0,Error,-0.5,50.080136266828525
Free,1,Sims Con_114,-0.5,-1.0,Correct,0.5,50.747278844186454
Free,1,Sims Con_114,0.0,-1.0,Error,-0.5,46.70953193211711
Free,1,Sims Con_114,0.0,-1.0,Correct,0.5,60.056942816188055
Free,1,Sims Con_114,0.5,-1.0,Error,-0.5,43.338927597405686
Free,1,Sims Con_114,0.5,-1.0,Correct,0.5,69.36660678818966
Free,1,Sims Con_114,-0.5,0.0,Error,-0.5,52.26476143668024
Free,1,Sims Con_114,-0.5,0.0,Correct,0.5,52.73837534754446
Free,1,Sims Con_114,0.0,0.0,Error,-0.5,49.5079553229832
Free,1,Sims Con_114,0.0,0.0,Correct,0.5,62.00975285624388
Free,1,Sims Con_114,0.5,0.0,Error,-0.5,46.75114920928616
Free,1,Sims Con_114,0.5,0.0,Correct,0.5,71.2811303649433
Free,1,Sims Con_114,-0.5,1.0,Error,-0.5,54.44938660653195
Free,1,Sims Con_114,-0.5,1.0,Correct,0.5,54.72947185090247
Free,1,Sims Con_114,0.0,1.0,Error,-0.5,52.30637871384929
Free,1,Sims Con_114,0.0,1.0,Correct,0.5,63.9625628962997
Free,1,Sims Con_114,0.5,1.0,Error,-0.5,50.16337082116664
Free,1,Sims Con_114,0.5,1.0,Correct,0.5,73.19565394169693
Non-Free,0,Sims Con_114,-0.5,-1.0,Error,-0.5,41.845697931493994
Non-Free,0,Sims Con_114,-0.5,-1.0,Correct,0.5,45.16139639952226
Non-Free,0,Sims Con_114,0.0,-1.0,Error,-0.5,37.81173263878374
Non-Free,0,Sims Con_114,0.0,-1.0,Correct,0.5,56.14229102528181
Non-Free,0,Sims Con_114,0.5,-1.0,Error,-0.5,33.777767346073475
Non-Free,0,Sims Con_114,0.5,-1.0,Correct,0.5,67.12318565104135
Non-Free,0,Sims Con_114,-0.5,0.0,Error,-0.5,44.03006147975408
Non-Free,0,Sims Con_114,-0.5,0.0,Correct,0.5,46.8380556143434
Non-Free,0,Sims Con_114,0.0,0.0,Error,-0.5,37.66424180017566
Non-Free,0,Sims Con_114,0.0,0.0,Correct,0.5,58.23390922126143
Non-Free,0,Sims Con_114,0.5,0.0,Error,-0.5,31.298422120597234
Non-Free,0,Sims Con_114,0.5,0.0,Correct,0.5,69.62976282817945
Non-Free,0,Sims Con_114,-0.5,1.0,Error,-0.5,46.21442502801417
Non-Free,0,Sims Con_114,-0.5,1.0,Correct,0.5,48.51471482916455
Non-Free,0,Sims Con_114,0.0,1.0,Error,-0.5,37.51675096156758
Non-Free,0,Sims Con_114,0.0,1.0,Correct,0.5,60.32552741724105
Non-Free,0,Sims Con_114,0.5,1.0,Error,-0.5,28.81907689512099
Non-Free,0,Sims Con_114,0.5,1.0,Correct,0.5,72.13634000531755
Free,1,Sims Con_115,-0.5,-1.0,Error,-0.5,90.28571428571433
Free,1,Sims Con_115,-0.5,-1.0,Correct,0.5,94.26255089442346
Free,1,Sims Con_115,0.0,-1.0,Error,-0.5,91.11904761904786
Free,1,Sims Con_115,0.0,-1.0,Correct,0.5,97.015596665228
Free,1,Sims Con_115,0.5,-1.0,Error,-0.5,91.95238095238138
Free,1,Sims Con_115,0.5,-1.0,Correct,0.5,99.76864243603255
Free,1,Sims Con_115,-0.5,0.0,Error,-0.5,91.0238095238096
Free,1,Sims Con_115,-0.5,0.0,Correct,0.5,95.21625699903444
Free,1,Sims Con_115,0.0,0.0,Error,-0.5,81.00000000000013
Free,1,Sims Con_115,0.0,0.0,Correct,0.5,97.55964819988016
Free,1,Sims Con_115,0.5,0.0,Error,-0.5,70.97619047619065
Free,1,Sims Con_115,0.5,0.0,Correct,0.5,99.90303940072587
Free,1,Sims Con_115,-0.5,1.0,Error,-0.5,91.76190476190487
Free,1,Sims Con_115,-0.5,1.0,Correct,0.5,96.16996310364543
Free,1,Sims Con_115,0.0,1.0,Error,-0.5,70.8809523809524
Free,1,Sims Con_115,0.0,1.0,Correct,0.5,98.10369973453231
Free,1,Sims Con_115,0.5,1.0,Error,-0.5,49.99999999999993
Free,1,Sims Con_115,0.5,1.0,Correct,0.5,100.0374363654192
Non-Free,0,Sims Con_115,-0.5,-1.0,Error,-0.5,48.72527414981351
Non-Free,0,Sims Con_115,-0.5,-1.0,Correct,0.5,85.8948696612449
Non-Free,0,Sims Con_115,0.0,-1.0,Error,-0.5,27.195428991960274
Non-Free,0,Sims Con_115,0.0,-1.0,Correct,0.5,92.8000098102561
Non-Free,0,Sims Con_115,0.5,-1.0,Error,-0.5,5.66558383410704
Non-Free,0,Sims Con_115,0.5,-1.0,Correct,0.5,99.70514995926732
Non-Free,0,Sims Con_115,-0.5,0.0,Error,-0.5,45.84301010926891
Non-Free,0,Sims Con_115,-0.5,0.0,Correct,0.5,84.4376168787042
Non-Free,0,Sims Con_115,0.0,0.0,Error,-0.5,25.824247373185536
Non-Free,0,Sims Con_115,0.0,0.0,Correct,0.5,92.17634061768149
Non-Free,0,Sims Con_115,0.5,0.0,Error,-0.5,5.805484637102161
Non-Free,0,Sims Con_115,0.5,0.0,Correct,0.5,99.91506435665877
Non-Free,0,Sims Con_115,-0.5,1.0,Error,-0.5,42.96074606872431
Non-Free,0,Sims Con_115,-0.5,1.0,Correct,0.5,82.98036409616351
Non-Free,0,Sims Con_115,0.0,1.0,Error,-0.5,24.453065754410797
Non-Free,0,Sims Con_115,0.0,1.0,Correct,0.5,91.55267142510688
Non-Free,0,Sims Con_115,0.5,1.0,Error,-0.5,5.945385440097281
Non-Free,0,Sims Con_115,0.5,1.0,Correct,0.5,100.12497875405023
Free,1,Sims Con_116,-0.5,-1.0,Error,-0.5,48.08541982983356
Free,1,Sims Con_116,-0.5,-1.0,Correct,0.5,49.07424047205848
Free,1,Sims Con_116,0.0,-1.0,Error,-0.5,45.1201406594666
Free,1,Sims Con_116,0.0,-1.0,Correct,0.5,54.876059113750685
Free,1,Sims Con_116,0.5,-1.0,Error,-0.5,42.15486148909964
Free,1,Sims Con_116,0.5,-1.0,Correct,0.5,60.6778777554429
Free,1,Sims Con_116,-0.5,0.0,Error,-0.5,48.1190019193858
Free,1,Sims Con_116,-0.5,0.0,Correct,0.5,48.586302525288694
Free,1,Sims Con_116,0.0,0.0,Error,-0.5,45.209692898272564
Free,1,Sims Con_116,0.0,0.0,Correct,0.5,54.5136559064495
Free,1,Sims Con_116,0.5,0.0,Error,-0.5,42.30038387715933
Free,1,Sims Con_116,0.5,0.0,Correct,0.5,60.441009287610306
Free,1,Sims Con_116,-0.5,1.0,Error,-0.5,48.15258400893804
Free,1,Sims Con_116,-0.5,1.0,Correct,0.5,48.09836457851891
Free,1,Sims Con_116,0.0,1.0,Error,-0.5,45.29924513707853
Free,1,Sims Con_116,0.0,1.0,Correct,0.5,54.151252699148316
Free,1,Sims Con_116,0.5,1.0,Error,-0.5,42.445906265219016
Free,1,Sims Con_116,0.5,1.0,Correct,0.5,60.20414081977772
Non-Free,0,Sims Con_116,-0.5,-1.0,Error,-0.5,43.89321499039166
Non-Free,0,Sims Con_116,-0.5,-1.0,Correct,0.5,44.839935208436856
Non-Free,0,Sims Con_116,0.0,-1.0,Error,-0.5,37.294685493563385
Non-Free,0,Sims Con_116,0.0,-1.0,Correct,0.5,52.21234659609313
Non-Free,0,Sims Con_116,0.5,-1.0,Error,-0.5,30.696155996735108
Non-Free,0,Sims Con_116,0.5,-1.0,Correct,0.5,59.584757983749405
Non-Free,0,Sims Con_116,-0.5,0.0,Error,-0.5,43.13211391257966
Non-Free,0,Sims Con_116,-0.5,0.0,Correct,0.5,44.657939613121314
Non-Free,0,Sims Con_116,0.0,0.0,Error,-0.5,39.06227143894652
Non-Free,0,Sims Con_116,0.0,0.0,Correct,0.5,52.19629607961977
Non-Free,0,Sims Con_116,0.5,0.0,Error,-0.5,34.99242896531337
Non-Free,0,Sims Con_116,0.5,0.0,Correct,0.5,59.73465254611823
Non-Free,0,Sims Con_116,-0.5,1.0,Error,-0.5,42.37101283476766
Non-Free,0,Sims Con_116,-0.5,1.0,Correct,0.5,44.47594401780577
Non-Free,0,Sims Con_116,0.0,1.0,Error,-0.5,40.82985738432965
Non-Free,0,Sims Con_116,0.0,1.0,Correct,0.5,52.180245563146414
Non-Free,0,Sims Con_116,0.5,1.0,Error,-0.5,39.28870193389164
Non-Free,0,Sims Con_116,0.5,1.0,Correct,0.5,59.884547108487055
Free,1,Sims Con_117,-0.5,-1.0,Error,-0.5,64.97191209307793
Free,1,Sims Con_117,-0.5,-1.0,Correct,0.5,71.64602628740867
Free,1,Sims Con_117,0.0,-1.0,Error,-0.5,58.83323539781409
Free,1,Sims Con_117,0.0,-1.0,Correct,0.5,82.84360285330558
Free,1,Sims Con_117,0.5,-1.0,Error,-0.5,52.69455870255025
Free,1,Sims Con_117,0.5,-1.0,Correct,0.5,94.04117941920249
Free,1,Sims Con_117,-0.5,0.0,Error,-0.5,66.80350217416856
Free,1,Sims Con_117,-0.5,0.0,Correct,0.5,73.55738815321331
Free,1,Sims Con_117,0.0,0.0,Error,-0.5,60.94441179927141
Free,1,Sims Con_117,0.0,0.0,Correct,0.5,84.1475050276898
Free,1,Sims Con_117,0.5,0.0,Error,-0.5,55.085321424374264
Free,1,Sims Con_117,0.5,0.0,Correct,0.5,94.7376219021663
Free,1,Sims Con_117,-0.5,1.0,Error,-0.5,68.63509225525918
Free,1,Sims Con_117,-0.5,1.0,Correct,0.5,75.46875001901795
Free,1,Sims Con_117,0.0,1.0,Error,-0.5,63.05558820072872
Free,1,Sims Con_117,0.0,1.0,Correct,0.5,85.45140720207402
Free,1,Sims Con_117,0.5,1.0,Error,-0.5,57.476084146198275
Free,1,Sims Con_117,0.5,1.0,Correct,0.5,95.4340643851301
Non-Free,0,Sims Con_117,-0.5,-1.0,Error,-0.5,36.57253814586531
Non-Free,0,Sims Con_117,-0.5,-1.0,Correct,0.5,59.47033931226666
Non-Free,0,Sims Con_117,0.0,-1.0,Error,-0.5,22.9436249267187
Non-Free,0,Sims Con_117,0.0,-1.0,Correct,0.5,77.02392168724663
Non-Free,0,Sims Con_117,0.5,-1.0,Error,-0.5,9.31471170757209
Non-Free,0,Sims Con_117,0.5,-1.0,Correct,0.5,94.57750406222658
Non-Free,0,Sims Con_117,-0.5,0.0,Error,-0.5,39.00315307464388
Non-Free,0,Sims Con_117,-0.5,0.0,Correct,0.5,61.34123253057437
Non-Free,0,Sims Con_117,0.0,0.0,Error,-0.5,22.885494272178462
Non-Free,0,Sims Con_117,0.0,0.0,Correct,0.5,78.1753132105486
Non-Free,0,Sims Con_117,0.5,0.0,Error,-0.5,6.767835469713042
Non-Free,0,Sims Con_117,0.5,0.0,Correct,0.5,95.00939389052282
Non-Free,0,Sims Con_117,-0.5,1.0,Error,-0.5,41.43376800342246
Non-Free,0,Sims Con_117,-0.5,1.0,Correct,0.5,63.21212574888209
Non-Free,0,Sims Con_117,0.0,1.0,Error,-0.5,22.827363617638223
Non-Free,0,Sims Con_117,0.0,1.0,Correct,0.5,79.32670473385056
Non-Free,0,Sims Con_117,0.5,1.0,Error,-0.5,4.220959231853993
Non-Free,0,Sims Con_117,0.5,1.0,Correct,0.5,95.44128371881904
Free,1,Sims Con_118,-0.5,-1.0,Error,-0.5,46.065242478235525
Free,1,Sims Con_118,-0.5,-1.0,Correct,0.5,45.82010939617277
Free,1,Sims Con_118,0.0,-1.0,Error,-0.5,43.674867751733274
Free,1,Sims Con_118,0.0,-1.0,Correct,0.5,51.799019510636626
Free,1,Sims Con_118,0.5,-1.0,Error,-0.5,41.28449302523102
Free,1,Sims Con_118,0.5,-1.0,Correct,0.5,57.77792962510049
Free,1,Sims Con_118,-0.5,0.0,Error,-0.5,47.997368882652125
Free,1,Sims Con_118,-0.5,0.0,Correct,0.5,47.935498121646795
Free,1,Sims Con_118,0.0,0.0,Error,-0.5,46.35369141147903
Free,1,Sims Con_118,0.0,0.0,Correct,0.5,54.35347302552578
Free,1,Sims Con_118,0.5,0.0,Error,-0.5,44.71001394030594
Free,1,Sims Con_118,0.5,0.0,Correct,0.5,60.771447929404765
Free,1,Sims Con_118,-0.5,1.0,Error,-0.5,49.929495287068725
Free,1,Sims Con_118,-0.5,1.0,Correct,0.5,50.05088684712082
Free,1,Sims Con_118,0.0,1.0,Error,-0.5,49.03251507122479
Free,1,Sims Con_118,0.0,1.0,Correct,0.5,56.907926540414934
Free,1,Sims Con_118,0.5,1.0,Error,-0.5,48.13553485538086
Free,1,Sims Con_118,0.5,1.0,Correct,0.5,63.76496623370904
Non-Free,0,Sims Con_118,-0.5,-1.0,Error,-0.5,43.92019042285075
Non-Free,0,Sims Con_118,-0.5,-1.0,Correct,0.5,44.74408415801487
Non-Free,0,Sims Con_118,0.0,-1.0,Error,-0.5,42.61043825259035
Non-Free,0,Sims Con_118,0.0,-1.0,Correct,0.5,51.25255444980986
Non-Free,0,Sims Con_118,0.5,-1.0,Error,-0.5,41.300686082329946
Non-Free,0,Sims Con_118,0.5,-1.0,Correct,0.5,57.76102474160484
Non-Free,0,Sims Con_118,-0.5,0.0,Error,-0.5,45.02618314197707
Non-Free,0,Sims Con_118,-0.5,0.0,Correct,0.5,45.967185616411356
Non-Free,0,Sims Con_118,0.0,0.0,Error,-0.5,40.96968636236347
Non-Free,0,Sims Con_118,0.0,0.0,Correct,0.5,53.23625109038443
Non-Free,0,Sims Con_118,0.5,0.0,Error,-0.5,36.913189582749865
Non-Free,0,Sims Con_118,0.5,0.0,Correct,0.5,60.5053165643575
Non-Free,0,Sims Con_118,-0.5,1.0,Error,-0.5,46.13217586110339
Non-Free,0,Sims Con_118,-0.5,1.0,Correct,0.5,47.19028707480784
Non-Free,0,Sims Con_118,0.0,1.0,Error,-0.5,39.32893447213659
Non-Free,0,Sims Con_118,0.0,1.0,Correct,0.5,55.219947730959
Non-Free,0,Sims Con_118,0.5,1.0,Error,-0.5,32.525693083169784
Non-Free,0,Sims Con_118,0.5,1.0,Correct,0.5,63.24960838711016
Free,1,Sims Con_119,-0.5,-1.0,Error,-0.5,71.70085846357033
Free,1,Sims Con_119,-0.5,-1.0,Correct,0.5,76.7620120723798
Free,1,Sims Con_119,0.0,-1.0,Error,-0.5,64.07517980027941
Free,1,Sims Con_119,0.0,-1.0,Correct,0.5,84.4307360964441
Free,1,Sims Con_119,0.5,-1.0,Error,-0.5,56.449501136988495
Free,1,Sims Con_119,0.5,-1.0,Correct,0.5,92.09946012050838
Free,1,Sims Con_119,-0.5,0.0,Error,-0.5,73.80481244732715
Free,1,Sims Con_119,-0.5,0.0,Correct,0.5,78.74523590218553
Free,1,Sims Con_119,0.0,0.0,Error,-0.5,66.44499176965923
Free,1,Sims Con_119,0.0,0.0,Correct,0.5,85.97606085593641
Free,1,Sims Con_119,0.5,0.0,Error,-0.5,59.0851710919913
Free,1,Sims Con_119,0.5,0.0,Correct,0.5,93.2068858096873
Free,1,Sims Con_119,-0.5,1.0,Error,-0.5,75.90876643108398
Free,1,Sims Con_119,-0.5,1.0,Correct,0.5,80.72845973199125
Free,1,Sims Con_119,0.0,1.0,Error,-0.5,68.81480373903904
Free,1,Sims Con_119,0.0,1.0,Correct,0.5,87.52138561542873
Free,1,Sims Con_119,0.5,1.0,Error,-0.5,61.720841046994096
Free,1,Sims Con_119,0.5,1.0,Correct,0.5,94.3143114988662
Non-Free,0,Sims Con_119,-0.5,-1.0,Error,-0.5,35.24850191266445
Non-Free,0,Sims Con_119,-0.5,-1.0,Correct,0.5,51.88418314034056
Non-Free,0,Sims Con_119,0.0,-1.0,Error,-0.5,23.729357593715953
Non-Free,0,Sims Con_119,0.0,-1.0,Correct,0.5,70.47991707593964
Non-Free,0,Sims Con_119,0.5,-1.0,Error,-0.5,12.210213274767451
Non-Free,0,Sims Con_119,0.5,-1.0,Correct,0.5,89.07565101153871
Non-Free,0,Sims Con_119,-0.5,0.0,Error,-0.5,34.546094522049025
Non-Free,0,Sims Con_119,-0.5,0.0,Correct,0.5,51.25881906305668
Non-Free,0,Sims Con_119,0.0,0.0,Error,-0.5,21.776457244379955
Non-Free,0,Sims Con_119,0.0,0.0,Correct,0.5,70.13880067844164
Non-Free,0,Sims Con_119,0.5,0.0,Error,-0.5,9.006819966710886
Non-Free,0,Sims Con_119,0.5,0.0,Correct,0.5,89.0187822938266
Non-Free,0,Sims Con_119,-0.5,1.0,Error,-0.5,33.8436871314336
Non-Free,0,Sims Con_119,-0.5,1.0,Correct,0.5,50.633454985772794
Non-Free,0,Sims Con_119,0.0,1.0,Error,-0.5,19.823556895043957
Non-Free,0,Sims Con_119,0.0,1.0,Correct,0.5,69.79768428094364
Non-Free,0,Sims Con_119,0.5,1.0,Error,-0.5,5.803426658654319
Non-Free,0,Sims Con_119,0.5,1.0,Correct,0.5,88.9619135761145
Free,1,Sims Con_12,-0.5,-1.0,Error,-0.5,74.80000000000003
Free,1,Sims Con_12,-0.5,-1.0,Correct,0.5,85.05702140609966
Free,1,Sims Con_12,0.0,-1.0,Error,-0.5,69.63999999999999
Free,1,Sims Con_12,0.0,-1.0,Correct,0.5,92.54009571162425
Free,1,Sims Con_12,0.5,-1.0,Error,-0.5,64.47999999999996
Free,1,Sims Con_12,0.5,-1.0,Correct,0.5,100.02317001714883
Free,1,Sims Con_12,-0.5,0.0,Error,-0.5,74.00000000000004
Free,1,Sims Con_12,-0.5,0.0,Correct,0.5,84.32419818679132
Free,1,Sims Con_12,0.0,0.0,Error,-0.5,69.00000000000001
Free,1,Sims Con_12,0.0,0.0,Correct,0.5,92.18661872526498
Free,1,Sims Con_12,0.5,0.0,Error,-0.5,63.999999999999986
Free,1,Sims Con_12,0.5,0.0,Correct,0.5,100.04903926373863
Free,1,Sims Con_12,-0.5,1.0,Error,-0.5,73.20000000000006
Free,1,Sims Con_12,-0.5,1.0,Correct,0.5,83.59137496748298
Free,1,Sims Con_12,0.0,1.0,Error,-0.5,68.36000000000004
Free,1,Sims Con_12,0.0,1.0,Correct,0.5,91.83314173890571
Free,1,Sims Con_12,0.5,1.0,Error,-0.5,63.52000000000002
Free,1,Sims Con_12,0.5,1.0,Correct,0.5,100.07490851032844
Non-Free,0,Sims Con_12,-0.5,-1.0,Error,-0.5,33.42228235124295
Non-Free,0,Sims Con_12,-0.5,-1.0,Correct,0.5,76.10333440783668
Non-Free,0,Sims Con_12,0.0,-1.0,Error,-0.5,15.906676989495612
Non-Free,0,Sims Con_12,0.0,-1.0,Correct,0.5,88.37343308055246
Non-Free,0,Sims Con_12,0.5,-1.0,Error,-0.5,-1.6089283722517214
Non-Free,0,Sims Con_12,0.5,-1.0,Correct,0.5,100.64353175326823
Non-Free,0,Sims Con_12,-0.5,0.0,Error,-0.5,32.1488151273185
Non-Free,0,Sims Con_12,-0.5,0.0,Correct,0.5,74.78721824170346
Non-Free,0,Sims Con_12,0.0,0.0,Error,-0.5,15.626367042181423
Non-Free,0,Sims Con_12,0.0,0.0,Correct,0.5,87.81748293427606
Non-Free,0,Sims Con_12,0.5,0.0,Error,-0.5,-0.896081042955652
Non-Free,0,Sims Con_12,0.5,0.0,Correct,0.5,100.84774762684866
Non-Free,0,Sims Con_12,-0.5,1.0,Error,-0.5,30.875347903394054
Non-Free,0,Sims Con_12,-0.5,1.0,Correct,0.5,73.47110207557023
Non-Free,0,Sims Con_12,0.0,1.0,Error,-0.5,15.346057094867234
Non-Free,0,Sims Con_12,0.0,1.0,Correct,0.5,87.26153278799966
Non-Free,0,Sims Con_12,0.5,1.0,Error,-0.5,-0.1832337136595832
Non-Free,0,Sims Con_12,0.5,1.0,Correct,0.5,101.05196350042908
Free,1,Sims Con_120,-0.5,-1.0,Error,-0.5,66.5928571428572
Free,1,Sims Con_120,-0.5,-1.0,Correct,0.5,75.46230390818158
Free,1,Sims Con_120,0.0,-1.0,Error,-0.5,62.49333333333338
Free,1,Sims Con_120,0.0,-1.0,Correct,0.5,86.18786108997116
Free,1,Sims Con_120,0.5,-1.0,Error,-0.5,58.39380952380956
Free,1,Sims Con_120,0.5,-1.0,Correct,0.5,96.91341827176076
Free,1,Sims Con_120,-0.5,0.0,Error,-0.5,70.1428571428572
Free,1,Sims Con_120,-0.5,0.0,Correct,0.5,78.39255046964196
Free,1,Sims Con_120,0.0,0.0,Error,-0.5,65.33333333333337
Free,1,Sims Con_120,0.0,0.0,Correct,0.5,87.94218304595522
Free,1,Sims Con_120,0.5,0.0,Error,-0.5,60.523809523809554
Free,1,Sims Con_120,0.5,0.0,Correct,0.5,97.49181562226848
Free,1,Sims Con_120,-0.5,1.0,Error,-0.5,73.69285714285719
Free,1,Sims Con_120,-0.5,1.0,Correct,0.5,81.32279703110234
Free,1,Sims Con_120,0.0,1.0,Error,-0.5,68.17333333333336
Free,1,Sims Con_120,0.0,1.0,Correct,0.5,89.69650500193927
Free,1,Sims Con_120,0.5,1.0,Error,-0.5,62.65380952380954
Free,1,Sims Con_120,0.5,1.0,Correct,0.5,98.0702129727762
Non-Free,0,Sims Con_120,-0.5,-1.0,Error,-0.5,36.81806835637481
Non-Free,0,Sims Con_120,-0.5,-1.0,Correct,0.5,65.3192790035674
Non-Free,0,Sims Con_120,0.0,-1.0,Error,-0.5,20.161648554462673
Non-Free,0,Sims Con_120,0.0,-1.0,Correct,0.5,81.27211002785512
Non-Free,0,Sims Con_120,0.5,-1.0,Error,-0.5,3.505228752550536
Non-Free,0,Sims Con_120,0.5,-1.0,Correct,0.5,97.22494105214284
Non-Free,0,Sims Con_120,-0.5,0.0,Error,-0.5,38.43872228718159
Non-Free,0,Sims Con_120,-0.5,0.0,Correct,0.5,67.62093866281302
Non-Free,0,Sims Con_120,0.0,0.0,Error,-0.5,20.930331063576112
Non-Free,0,Sims Con_120,0.0,0.0,Correct,0.5,82.81271510950076
Non-Free,0,Sims Con_120,0.5,0.0,Error,-0.5,3.4219398399706336
Non-Free,0,Sims Con_120,0.5,0.0,Correct,0.5,98.0044915561885
Non-Free,0,Sims Con_120,-0.5,1.0,Error,-0.5,40.05937621798837
Non-Free,0,Sims Con_120,-0.5,1.0,Correct,0.5,69.92259832205863
Non-Free,0,Sims Con_120,0.0,1.0,Error,-0.5,21.69901357268955
Non-Free,0,Sims Con_120,0.0,1.0,Correct,0.5,84.3533201911464
Non-Free,0,Sims Con_120,0.5,1.0,Error,-0.5,3.3386509273907317
Non-Free,0,Sims Con_120,0.5,1.0,Correct,0.5,98.78404206023416
Free,1,Sims Con_121,-0.5,-1.0,Error,-0.5,57.588377869133296
Free,1,Sims Con_121,-0.5,-1.0,Correct,0.5,57.26488863897101
Free,1,Sims Con_121,0.0,-1.0,Error,-0.5,53.85535714285717
Free,1,Sims Con_121,0.0,-1.0,Correct,0.5,59.68491130112407
Free,1,Sims Con_121,0.5,-1.0,Error,-0.5,50.12233641658105
Free,1,Sims Con_121,0.5,-1.0,Correct,0.5,62.10493396327713
Free,1,Sims Con_121,-0.5,0.0,Error,-0.5,56.98807810894145
Free,1,Sims Con_121,-0.5,0.0,Correct,0.5,56.61353894103892
Free,1,Sims Con_121,0.0,0.0,Error,-0.5,53.45640630352864
Free,1,Sims Con_121,0.0,0.0,Correct,0.5,58.9284849418188
Free,1,Sims Con_121,0.5,0.0,Error,-0.5,49.924734498115825
Free,1,Sims Con_121,0.5,0.0,Correct,0.5,61.243430942598685
Free,1,Sims Con_121,-0.5,1.0,Error,-0.5,56.387778348749606
Free,1,Sims Con_121,-0.5,1.0,Correct,0.5,55.96218924310683
Free,1,Sims Con_121,0.0,1.0,Error,-0.5,53.0574554642001
Free,1,Sims Con_121,0.0,1.0,Correct,0.5,58.172058582513536
Free,1,Sims Con_121,0.5,1.0,Error,-0.5,49.7271325796506
Free,1,Sims Con_121,0.5,1.0,Correct,0.5,60.381927921920244
Non-Free,0,Sims Con_121,-0.5,-1.0,Error,-0.5,41.90752018187073
Non-Free,0,Sims Con_121,-0.5,-1.0,Correct,0.5,42.94175834258759
Non-Free,0,Sims Con_121,0.0,-1.0,Error,-0.5,39.60274775070415
Non-Free,0,Sims Con_121,0.0,-1.0,Correct,0.5,47.71859742166336
Non-Free,0,Sims Con_121,0.5,-1.0,Error,-0.5,37.297975319537564
Non-Free,0,Sims Con_121,0.5,-1.0,Correct,0.5,52.49543650073914
Non-Free,0,Sims Con_121,-0.5,0.0,Error,-0.5,41.53116058499147
Non-Free,0,Sims Con_121,-0.5,0.0,Correct,0.5,42.52927812242513
Non-Free,0,Sims Con_121,0.0,0.0,Error,-0.5,39.40807665829276
Non-Free,0,Sims Con_121,0.0,0.0,Correct,0.5,47.263624272859516
Non-Free,0,Sims Con_121,0.5,0.0,Error,-0.5,37.284992731594045
Non-Free,0,Sims Con_121,0.5,0.0,Correct,0.5,51.9979704232939
Non-Free,0,Sims Con_121,-0.5,1.0,Error,-0.5,41.15480098811221
Non-Free,0,Sims Con_121,-0.5,1.0,Correct,0.5,42.116797902262675
Non-Free,0,Sims Con_121,0.0,1.0,Error,-0.5,39.21340556588137
Non-Free,0,Sims Con_121,0.0,1.0,Correct,0.5,46.80865112405567
Non-Free,0,Sims Con_121,0.5,1.0,Error,-0.5,37.272010143650526
Non-Free,0,Sims Con_121,0.5,1.0,Correct,0.5,51.50050434584867
Free,1,Sims Con_122,-0.5,-1.0,Error,-0.5,96.87769784172659
Free,1,Sims Con_122,-0.5,-1.0,Correct,0.5,98.66207238030984
Free,1,Sims Con_122,0.0,-1.0,Error,-0.5,77.50215827338126
Free,1,Sims Con_122,0.0,-1.0,Correct,0.5,99.40631445143309
Free,1,Sims Con_122,0.5,-1.0,Error,-0.5,58.12661870503594
Free,1,Sims Con_122,0.5,-1.0,Correct,0.5,100.15055652255633
Free,1,Sims Con_122,-0.5,0.0,Error,-0.5,97.74340527577934
Free,1,Sims Con_122,-0.5,0.0,Correct,0.5,99.22883493056548
Free,1,Sims Con_122,0.0,0.0,Error,-0.5,78.19472422062347
Free,1,Sims Con_122,0.0,0.0,Correct,0.5,99.65716338680672
Free,1,Sims Con_122,0.5,0.0,Error,-0.5,58.6460431654676
Free,1,Sims Con_122,0.5,0.0,Correct,0.5,100.08549184304795
Free,1,Sims Con_122,-0.5,1.0,Error,-0.5,98.60911270983209
Free,1,Sims Con_122,-0.5,1.0,Correct,0.5,99.79559748082113
Free,1,Sims Con_122,0.0,1.0,Error,-0.5,78.88729016786569
Free,1,Sims Con_122,0.0,1.0,Correct,0.5,99.90801232218034
Free,1,Sims Con_122,0.5,1.0,Error,-0.5,59.165467625899275
Free,1,Sims Con_122,0.5,1.0,Correct,0.5,100.02042716353957
Non-Free,0,Sims Con_122,-0.5,-1.0,Error,-0.5,37.055749539016794
Non-Free,0,Sims Con_122,-0.5,-1.0,Correct,0.5,84.320420092328
Non-Free,0,Sims Con_122,0.0,-1.0,Error,-0.5,16.810977284318803
Non-Free,0,Sims Con_122,0.0,-1.0,Correct,0.5,92.69344485112723
Non-Free,0,Sims Con_122,0.5,-1.0,Error,-0.5,-3.433794970379191
Non-Free,0,Sims Con_122,0.5,-1.0,Correct,0.5,101.06646960992646
Non-Free,0,Sims Con_122,-0.5,0.0,Error,-0.5,39.97689199262428
Non-Free,0,Sims Con_122,-0.5,0.0,Correct,0.5,85.76952793079917
Non-Free,0,Sims Con_122,0.0,0.0,Error,-0.5,18.02681548903449
Non-Free,0,Sims Con_122,0.0,0.0,Correct,0.5,93.40253385023865
Non-Free,0,Sims Con_122,0.5,0.0,Error,-0.5,-3.923261014555301
Non-Free,0,Sims Con_122,0.5,0.0,Correct,0.5,101.03553976967814
Non-Free,0,Sims Con_122,-0.5,1.0,Error,-0.5,42.89803444623177
Non-Free,0,Sims Con_122,-0.5,1.0,Correct,0.5,87.21863576927034
Non-Free,0,Sims Con_122,0.0,1.0,Error,-0.5,19.242653693750178
Non-Free,0,Sims Con_122,0.0,1.0,Correct,0.5,94.11162284935008
Non-Free,0,Sims Con_122,0.5,1.0,Error,-0.5,-4.412727058731412
Non-Free,0,Sims Con_122,0.5,1.0,Correct,0.5,101.00460992942983
Free,1,Sims Con_123,-0.5,-1.0,Error,-0.5,61.23447959849411
Free,1,Sims Con_123,-0.5,-1.0,Correct,0.5,63.277522809661775
Free,1,Sims Con_123,0.0,-1.0,Error,-0.5,58.09465953487664
Free,1,Sims Con_123,0.0,-1.0,Correct,0.5,72.38269006700945
Free,1,Sims Con_123,0.5,-1.0,Error,-0.5,54.95483947125916
Free,1,Sims Con_123,0.5,-1.0,Correct,0.5,81.48785732435711
Free,1,Sims Con_123,-0.5,0.0,Error,-0.5,62.67086848244682
Free,1,Sims Con_123,-0.5,0.0,Correct,0.5,64.1153347259628
Free,1,Sims Con_123,0.0,0.0,Error,-0.5,59.746661098657846
Free,1,Sims Con_123,0.0,0.0,Correct,0.5,73.52164566435547
Free,1,Sims Con_123,0.5,0.0,Error,-0.5,56.82245371486887
Free,1,Sims Con_123,0.5,0.0,Correct,0.5,82.92795660274815
Free,1,Sims Con_123,-0.5,1.0,Error,-0.5,64.10725736639952
Free,1,Sims Con_123,-0.5,1.0,Correct,0.5,64.95314664226382
Free,1,Sims Con_123,0.0,1.0,Error,-0.5,61.39866266243905
Free,1,Sims Con_123,0.0,1.0,Correct,0.5,74.6606012617015
Free,1,Sims Con_123,0.5,1.0,Error,-0.5,58.69006795847858
Free,1,Sims Con_123,0.5,1.0,Correct,0.5,84.36805588113918
Non-Free,0,Sims Con_123,-0.5,-1.0,Error,-0.5,42.09018047795945
Non-Free,0,Sims Con_123,-0.5,-1.0,Correct,0.5,46.62651736051848
Non-Free,0,Sims Con_123,0.0,-1.0,Error,-0.5,30.583262643694983
Non-Free,0,Sims Con_123,0.0,-1.0,Correct,0.5,61.36801292471667
Non-Free,0,Sims Con_123,0.5,-1.0,Error,-0.5,19.076344809430513
Non-Free,0,Sims Con_123,0.5,-1.0,Correct,0.5,76.10950848891487
Non-Free,0,Sims Con_123,-0.5,0.0,Error,-0.5,43.535437446982755
Non-Free,0,Sims Con_123,-0.5,0.0,Correct,0.5,47.92502481041673
Non-Free,0,Sims Con_123,0.0,0.0,Error,-0.5,32.074238745722056
Non-Free,0,Sims Con_123,0.0,0.0,Correct,0.5,62.553334620250936
Non-Free,0,Sims Con_123,0.5,0.0,Error,-0.5,20.613040044461357
Non-Free,0,Sims Con_123,0.5,0.0,Correct,0.5,77.18164443008514
Non-Free,0,Sims Con_123,-0.5,1.0,Error,-0.5,44.98069441600606
Non-Free,0,Sims Con_123,-0.5,1.0,Correct,0.5,49.22353226031498
Non-Free,0,Sims Con_123,0.0,1.0,Error,-0.5,33.565214847749125
Non-Free,0,Sims Con_123,0.0,1.0,Correct,0.5,63.7386563157852
Non-Free,0,Sims Con_123,0.5,1.0,Error,-0.5,22.149735279492198
Non-Free,0,Sims Con_123,0.5,1.0,Correct,0.5,78.2537803712554
Free,1,Sims Con_124,-0.5,-1.0,Error,-0.5,55.15234410419298
Free,1,Sims Con_124,-0.5,-1.0,Correct,0.5,54.94250687684994
Free,1,Sims Con_124,0.0,-1.0,Error,-0.5,51.4858952315049
Free,1,Sims Con_124,0.0,-1.0,Correct,0.5,58.20413136637011
Free,1,Sims Con_124,0.5,-1.0,Error,-0.5,47.819446358816826
Free,1,Sims Con_124,0.5,-1.0,Correct,0.5,61.46575585589029
Free,1,Sims Con_124,-0.5,0.0,Error,-0.5,59.922227477973756
Free,1,Sims Con_124,-0.5,0.0,Correct,0.5,60.07365899178981
Free,1,Sims Con_124,0.0,0.0,Error,-0.5,57.50736517944488
Free,1,Sims Con_124,0.0,0.0,Correct,0.5,63.72347838391684
Free,1,Sims Con_124,0.5,0.0,Error,-0.5,55.09250288091601
Free,1,Sims Con_124,0.5,0.0,Correct,0.5,67.37329777604387
Free,1,Sims Con_124,-0.5,1.0,Error,-0.5,64.69211085175453
Free,1,Sims Con_124,-0.5,1.0,Correct,0.5,65.2048111067297
Free,1,Sims Con_124,0.0,1.0,Error,-0.5,63.528835127384866
Free,1,Sims Con_124,0.0,1.0,Correct,0.5,69.24282540146356
Free,1,Sims Con_124,0.5,1.0,Error,-0.5,62.3655594030152
Free,1,Sims Con_124,0.5,1.0,Correct,0.5,73.28083969619745
Non-Free,0,Sims Con_124,-0.5,-1.0,Error,-0.5,40.78197229213366
Non-Free,0,Sims Con_124,-0.5,-1.0,Correct,0.5,41.76316582328941
Non-Free,0,Sims Con_124,0.0,-1.0,Error,-0.5,36.62768032680292
Non-Free,0,Sims Con_124,0.0,-1.0,Correct,0.5,48.12063815024463
Non-Free,0,Sims Con_124,0.5,-1.0,Error,-0.5,32.47338836147217
Non-Free,0,Sims Con_124,0.5,-1.0,Correct,0.5,54.47811047719985
Non-Free,0,Sims Con_124,-0.5,0.0,Error,-0.5,42.81516818261795
Non-Free,0,Sims Con_124,-0.5,0.0,Correct,0.5,44.233810246993805
Non-Free,0,Sims Con_124,0.0,0.0,Error,-0.5,39.24951461509629
Non-Free,0,Sims Con_124,0.0,0.0,Correct,0.5,51.34444194301412
Non-Free,0,Sims Con_124,0.5,0.0,Error,-0.5,35.683861047574624
Non-Free,0,Sims Con_124,0.5,0.0,Correct,0.5,58.45507363903443
Non-Free,0,Sims Con_124,-0.5,1.0,Error,-0.5,44.848364073102246
Non-Free,0,Sims Con_124,-0.5,1.0,Correct,0.5,46.7044546706982
Non-Free,0,Sims Con_124,0.0,1.0,Error,-0.5,41.87134890338966
Non-Free,0,Sims Con_124,0.0,1.0,Correct,0.5,54.568245735783606
Non-Free,0,Sims Con_124,0.5,1.0,Error,-0.5,38.89433373367707
Non-Free,0,Sims Con_124,0.5,1.0,Correct,0.5,62.432036800869014
Free,1,Sims Con_125,-0.5,-1.0,Error,-0.5,62.7261113993171
Free,1,Sims Con_125,-0.5,-1.0,Correct,0.5,64.54458697320224
Free,1,Sims Con_125,0.0,-1.0,Error,-0.5,60.581776429398516
Free,1,Sims Con_125,0.0,-1.0,Correct,0.5,71.56898184450347
Free,1,Sims Con_125,0.5,-1.0,Error,-0.5,58.43744145947993
Free,1,Sims Con_125,0.5,-1.0,Correct,0.5,78.5933767158047
Free,1,Sims Con_125,-0.5,0.0,Error,-0.5,69.92750250760164
Free,1,Sims Con_125,-0.5,0.0,Correct,0.5,70.98173083303499
Free,1,Sims Con_125,0.0,0.0,Error,-0.5,67.97782766581965
Free,1,Sims Con_125,0.0,0.0,Correct,0.5,77.19526831835013
Free,1,Sims Con_125,0.5,0.0,Error,-0.5,66.02815282403765
Free,1,Sims Con_125,0.5,0.0,Correct,0.5,83.40880580366527
Free,1,Sims Con_125,-0.5,1.0,Error,-0.5,77.12889361588618
Free,1,Sims Con_125,-0.5,1.0,Correct,0.5,77.41887469286773
Free,1,Sims Con_125,0.0,1.0,Error,-0.5,75.37387890224078
Free,1,Sims Con_125,0.0,1.0,Correct,0.5,82.82155479219679
Free,1,Sims Con_125,0.5,1.0,Error,-0.5,73.61886418859537
Free,1,Sims Con_125,0.5,1.0,Correct,0.5,88.22423489152585
Non-Free,0,Sims Con_125,-0.5,-1.0,Error,-0.5,41.79214402618652
Non-Free,0,Sims Con_125,-0.5,-1.0,Correct,0.5,45.64835431364848
Non-Free,0,Sims Con_125,0.0,-1.0,Error,-0.5,35.59328968903432
Non-Free,0,Sims Con_125,0.0,-1.0,Correct,0.5,58.90213582823041
Non-Free,0,Sims Con_125,0.5,-1.0,Error,-0.5,29.394435351882116
Non-Free,0,Sims Con_125,0.5,-1.0,Correct,0.5,72.15591734281234
Non-Free,0,Sims Con_125,-0.5,0.0,Error,-0.5,45.0057283142389
Non-Free,0,Sims Con_125,-0.5,0.0,Correct,0.5,49.12311924080356
Non-Free,0,Sims Con_125,0.0,0.0,Error,-0.5,39.24345335515544
Non-Free,0,Sims Con_125,0.0,0.0,Correct,0.5,62.69843794476822
Non-Free,0,Sims Con_125,0.5,0.0,Error,-0.5,33.481178396071975
Non-Free,0,Sims Con_125,0.5,0.0,Correct,0.5,76.27375664873288
Non-Free,0,Sims Con_125,-0.5,1.0,Error,-0.5,48.21931260229128
Non-Free,0,Sims Con_125,-0.5,1.0,Correct,0.5,52.59788416795864
Non-Free,0,Sims Con_125,0.0,1.0,Error,-0.5,42.893617021276555
Non-Free,0,Sims Con_125,0.0,1.0,Correct,0.5,66.49474006130603
Non-Free,0,Sims Con_125,0.5,1.0,Error,-0.5,37.56792144026183
Non-Free,0,Sims Con_125,0.5,1.0,Correct,0.5,80.39159595465341
Free,1,Sims Con_126,-0.5,-1.0,Error,-0.5,64.46787725980369
Free,1,Sims Con_126,-0.5,-1.0,Correct,0.5,67.14091078653993
Free,1,Sims Con_126,0.0,-1.0,Error,-0.5,61.25462153317956
Free,1,Sims Con_126,0.0,-1.0,Correct,0.5,77.16529395863012
Free,1,Sims Con_126,0.5,-1.0,Error,-0.5,58.041365806555426
Free,1,Sims Con_126,0.5,-1.0,Correct,0.5,87.18967713072028
Free,1,Sims Con_126,-0.5,0.0,Error,-0.5,72.44378252239687
Free,1,Sims Con_126,-0.5,0.0,Correct,0.5,74.61391265425016
Free,1,Sims Con_126,0.0,0.0,Error,-0.5,70.78640630867443
Free,1,Sims Con_126,0.0,0.0,Correct,0.5,82.79606901863913
Free,1,Sims Con_126,0.5,0.0,Error,-0.5,69.12903009495199
Free,1,Sims Con_126,0.5,0.0,Correct,0.5,90.9782253830281
Free,1,Sims Con_126,-0.5,1.0,Error,-0.5,80.41968778499006
Free,1,Sims Con_126,-0.5,1.0,Correct,0.5,82.08691452196038
Free,1,Sims Con_126,0.0,1.0,Error,-0.5,80.3181910841693
Free,1,Sims Con_126,0.0,1.0,Correct,0.5,88.42684407864814
Free,1,Sims Con_126,0.5,1.0,Error,-0.5,80.21669438334854
Free,1,Sims Con_126,0.5,1.0,Correct,0.5,94.7667736353359
Non-Free,0,Sims Con_126,-0.5,-1.0,Error,-0.5,43.447954263274944
Non-Free,0,Sims Con_126,-0.5,-1.0,Correct,0.5,51.00350860080863
Non-Free,0,Sims Con_126,0.0,-1.0,Error,-0.5,30.976886206797012
Non-Free,0,Sims Con_126,0.0,-1.0,Correct,0.5,67.26063086138404
Non-Free,0,Sims Con_126,0.5,-1.0,Error,-0.5,18.505818150319087
Non-Free,0,Sims Con_126,0.5,-1.0,Correct,0.5,83.51775312195947
Non-Free,0,Sims Con_126,-0.5,0.0,Error,-0.5,47.99126555597263
Non-Free,0,Sims Con_126,-0.5,0.0,Correct,0.5,56.445214583893495
Non-Free,0,Sims Con_126,0.0,0.0,Error,-0.5,37.2345883983484
Non-Free,0,Sims Con_126,0.0,0.0,Correct,0.5,71.70154938389517
Non-Free,0,Sims Con_126,0.5,0.0,Error,-0.5,26.477911240724172
Non-Free,0,Sims Con_126,0.5,0.0,Correct,0.5,86.95788418389685
Non-Free,0,Sims Con_126,-0.5,1.0,Error,-0.5,52.53457684867032
Non-Free,0,Sims Con_126,-0.5,1.0,Correct,0.5,61.88692056697836
Non-Free,0,Sims Con_126,0.0,1.0,Error,-0.5,43.49229058989979
Non-Free,0,Sims Con_126,0.0,1.0,Correct,0.5,76.1424679064063
Non-Free,0,Sims Con_126,0.5,1.0,Error,-0.5,34.45000433112925
Non-Free,0,Sims Con_126,0.5,1.0,Correct,0.5,90.39801524583422
Free,1,Sims Con_127,-0.5,-1.0,Error,-0.5,57.29269955573337
Free,1,Sims Con_127,-0.5,-1.0,Correct,0.5,57.7120207688542
Free,1,Sims Con_127,0.0,-1.0,Error,-0.5,54.50910050998586
Free,1,Sims Con_127,0.0,-1.0,Correct,0.5,59.56588464538236
Free,1,Sims Con_127,0.5,-1.0,Error,-0.5,51.725501464238356
Free,1,Sims Con_127,0.5,-1.0,Correct,0.5,61.41974852191052
Free,1,Sims Con_127,-0.5,0.0,Error,-0.5,68.45270787784614
Free,1,Sims Con_127,-0.5,0.0,Correct,0.5,69.04211835137394
Free,1,Sims Con_127,0.0,0.0,Error,-0.5,66.92907563125567
Free,1,Sims Con_127,0.0,0.0,Correct,0.5,71.16234030611677
Free,1,Sims Con_127,0.5,0.0,Error,-0.5,65.4054433846652
Free,1,Sims Con_127,0.5,0.0,Correct,0.5,73.2825622608596
Free,1,Sims Con_127,-0.5,1.0,Error,-0.5,79.6127161999589
Free,1,Sims Con_127,-0.5,1.0,Correct,0.5,80.37221593389368
Free,1,Sims Con_127,0.0,1.0,Error,-0.5,79.34905075252547
Free,1,Sims Con_127,0.0,1.0,Correct,0.5,82.75879596685118
Free,1,Sims Con_127,0.5,1.0,Error,-0.5,79.08538530509205
Free,1,Sims Con_127,0.5,1.0,Correct,0.5,85.14537599980868
Non-Free,0,Sims Con_127,-0.5,-1.0,Error,-0.5,42.06479892850421
Non-Free,0,Sims Con_127,-0.5,-1.0,Correct,0.5,42.9626219072194
Non-Free,0,Sims Con_127,0.0,-1.0,Error,-0.5,38.921375676603084
Non-Free,0,Sims Con_127,0.0,-1.0,Correct,0.5,47.59678096930283
Non-Free,0,Sims Con_127,0.5,-1.0,Error,-0.5,35.77795242470196
Non-Free,0,Sims Con_127,0.5,-1.0,Correct,0.5,52.23094003138625
Non-Free,0,Sims Con_127,-0.5,0.0,Error,-0.5,47.813860816240684
Non-Free,0,Sims Con_127,-0.5,0.0,Correct,0.5,48.833942934471565
Non-Free,0,Sims Con_127,0.0,0.0,Error,-0.5,43.32783564494526
Non-Free,0,Sims Con_127,0.0,0.0,Correct,0.5,54.55897202266797
Non-Free,0,Sims Con_127,0.5,0.0,Error,-0.5,38.841810473649836
Non-Free,0,Sims Con_127,0.5,0.0,Correct,0.5,60.28400111086438
Non-Free,0,Sims Con_127,-0.5,1.0,Error,-0.5,53.56292270397716
Non-Free,0,Sims Con_127,-0.5,1.0,Correct,0.5,54.70526396172373
Non-Free,0,Sims Con_127,0.0,1.0,Error,-0.5,47.734295613287436
Non-Free,0,Sims Con_127,0.0,1.0,Correct,0.5,61.52116307603312
Non-Free,0,Sims Con_127,0.5,1.0,Error,-0.5,41.905668522597715
Non-Free,0,Sims Con_127,0.5,1.0,Correct,0.5,68.33706219034251
Free,1,Sims Con_128,-0.5,-1.0,Error,-0.5,71.10692497213579
Free,1,Sims Con_128,-0.5,-1.0,Correct,0.5,74.04973827601516
Free,1,Sims Con_128,0.0,-1.0,Error,-0.5,64.45427347920459
Free,1,Sims Con_128,0.0,-1.0,Correct,0.5,82.93012952990922
Free,1,Sims Con_128,0.5,-1.0,Error,-0.5,57.8016219862734
Free,1,Sims Con_128,0.5,-1.0,Correct,0.5,91.81052078380328
Free,1,Sims Con_128,-0.5,0.0,Error,-0.5,69.91307854754501
Free,1,Sims Con_128,-0.5,0.0,Correct,0.5,73.78755999860914
Free,1,Sims Con_128,0.0,0.0,Error,-0.5,64.12462603390625
Free,1,Sims Con_128,0.0,0.0,Correct,0.5,82.4503109295603
Free,1,Sims Con_128,0.5,0.0,Error,-0.5,58.3361735202675
Free,1,Sims Con_128,0.5,0.0,Correct,0.5,91.11306186051146
Free,1,Sims Con_128,-0.5,1.0,Error,-0.5,68.71923212295424
Free,1,Sims Con_128,-0.5,1.0,Correct,0.5,73.52538172120312
Free,1,Sims Con_128,0.0,1.0,Error,-0.5,63.79497858860792
Free,1,Sims Con_128,0.0,1.0,Correct,0.5,81.97049232921138
Free,1,Sims Con_128,0.5,1.0,Error,-0.5,58.8707250542616
Free,1,Sims Con_128,0.5,1.0,Correct,0.5,90.41560293721965
Non-Free,0,Sims Con_128,-0.5,-1.0,Error,-0.5,40.54921818435287
Non-Free,0,Sims Con_128,-0.5,-1.0,Correct,0.5,54.74184925506028
Non-Free,0,Sims Con_128,0.0,-1.0,Error,-0.5,28.50067231198872
Non-Free,0,Sims Con_128,0.0,-1.0,Correct,0.5,72.51064653750522
Non-Free,0,Sims Con_128,0.5,-1.0,Error,-0.5,16.45212643962457
Non-Free,0,Sims Con_128,0.5,-1.0,Correct,0.5,90.27944381995015
Non-Free,0,Sims Con_128,-0.5,0.0,Error,-0.5,42.39020403207307
Non-Free,0,Sims Con_128,-0.5,0.0,Correct,0.5,55.38000404990421
Non-Free,0,Sims Con_128,0.0,0.0,Error,-0.5,31.223432433769382
Non-Free,0,Sims Con_128,0.0,0.0,Correct,0.5,72.50884498947384
Non-Free,0,Sims Con_128,0.5,0.0,Error,-0.5,20.05666083546569
Non-Free,0,Sims Con_128,0.5,0.0,Correct,0.5,89.63768592904347
Non-Free,0,Sims Con_128,-0.5,1.0,Error,-0.5,44.23118987979328
Non-Free,0,Sims Con_128,-0.5,1.0,Correct,0.5,56.018158844748136
Non-Free,0,Sims Con_128,0.0,1.0,Error,-0.5,33.94619255555004
Non-Free,0,Sims Con_128,0.0,1.0,Correct,0.5,72.50704344144246
Non-Free,0,Sims Con_128,0.5,1.0,Error,-0.5,23.661195231306806
Non-Free,0,Sims Con_128,0.5,1.0,Correct,0.5,88.99592803813678
Free,1,Sims Con_129,-0.5,-1.0,Error,-0.5,58.61720191952749
Free,1,Sims Con_129,-0.5,-1.0,Correct,0.5,58.93556035396035
Free,1,Sims Con_129,0.0,-1.0,Error,-0.5,58.26633444075308
Free,1,Sims Con_129,0.0,-1.0,Correct,0.5,69.7824467544432
Free,1,Sims Con_129,0.5,-1.0,Error,-0.5,57.91546696197867
Free,1,Sims Con_129,0.5,-1.0,Correct,0.5,80.62933315492604
Free,1,Sims Con_129,-0.5,0.0,Error,-0.5,61.305647840531556
Free,1,Sims Con_129,-0.5,0.0,Correct,0.5,61.72038522777639
Free,1,Sims Con_129,0.0,0.0,Error,-0.5,60.97822074566263
Free,1,Sims Con_129,0.0,0.0,Correct,0.5,72.34865419471619
Free,1,Sims Con_129,0.5,0.0,Error,-0.5,60.65079365079371
Free,1,Sims Con_129,0.5,0.0,Correct,0.5,82.97692316165599
Free,1,Sims Con_129,-0.5,1.0,Error,-0.5,63.99409376153562
Free,1,Sims Con_129,-0.5,1.0,Correct,0.5,64.50521010159243
Free,1,Sims Con_129,0.0,1.0,Error,-0.5,63.69010705057219
Free,1,Sims Con_129,0.0,1.0,Correct,0.5,74.91486163498918
Free,1,Sims Con_129,0.5,1.0,Error,-0.5,63.38612033960875
Free,1,Sims Con_129,0.5,1.0,Correct,0.5,85.32451316838593
Non-Free,0,Sims Con_129,-0.5,-1.0,Error,-0.5,48.35364545764151
Non-Free,0,Sims Con_129,-0.5,-1.0,Correct,0.5,52.82709339117359
Non-Free,0,Sims Con_129,0.0,-1.0,Error,-0.5,38.93681079834745
Non-Free,0,Sims Con_129,0.0,-1.0,Correct,0.5,66.78159554319517
Non-Free,0,Sims Con_129,0.5,-1.0,Error,-0.5,29.519976139053387
Non-Free,0,Sims Con_129,0.5,-1.0,Correct,0.5,80.73609769521673
Non-Free,0,Sims Con_129,-0.5,0.0,Error,-0.5,49.21427362667347
Non-Free,0,Sims Con_129,-0.5,0.0,Correct,0.5,54.85469882584066
Non-Free,0,Sims Con_129,0.0,0.0,Error,-0.5,40.18019879891436
Non-Free,0,Sims Con_129,0.0,0.0,Correct,0.5,69.08617146579063
Non-Free,0,Sims Con_129,0.5,0.0,Error,-0.5,31.146123971155255
Non-Free,0,Sims Con_129,0.5,0.0,Correct,0.5,83.3176441057406
Non-Free,0,Sims Con_129,-0.5,1.0,Error,-0.5,50.07490179570542
Non-Free,0,Sims Con_129,-0.5,1.0,Correct,0.5,56.88230426050772
Non-Free,0,Sims Con_129,0.0,1.0,Error,-0.5,41.42358679948127
Non-Free,0,Sims Con_129,0.0,1.0,Correct,0.5,71.39074738838609
Non-Free,0,Sims Con_129,0.5,1.0,Error,-0.5,32.77227180325712
Non-Free,0,Sims Con_129,0.5,1.0,Correct,0.5,85.89919051626445
Free,1,Sims Con_13,-0.5,-1.0,Error,-0.5,86.3868986693961
Free,1,Sims Con_13,-0.5,-1.0,Correct,0.5,88.43224012186954
Free,1,Sims Con_13,0.0,-1.0,Error,-0.5,90.27226202661203
Free,1,Sims Con_13,0.0,-1.0,Correct,0.5,93.40514052668343
Free,1,Sims Con_13,0.5,-1.0,Error,-0.5,94.15762538382795
Free,1,Sims Con_13,0.5,-1.0,Correct,0.5,98.3780409314973
Free,1,Sims Con_13,-0.5,0.0,Error,-0.5,86.40839303991812
Free,1,Sims Con_13,-0.5,0.0,Correct,0.5,88.62335299682098
Free,1,Sims Con_13,0.0,0.0,Error,-0.5,90.13613101330603
Free,1,Sims Con_13,0.0,0.0,Correct,0.5,93.57948700132116
Free,1,Sims Con_13,0.5,0.0,Error,-0.5,93.86386898669393
Free,1,Sims Con_13,0.5,0.0,Correct,0.5,98.53562100582133
Free,1,Sims Con_13,-0.5,1.0,Error,-0.5,86.42988741044014
Free,1,Sims Con_13,-0.5,1.0,Correct,0.5,88.81446587177243
Free,1,Sims Con_13,0.0,1.0,Error,-0.5,90.00000000000003
Free,1,Sims Con_13,0.0,1.0,Correct,0.5,93.75383347595888
Free,1,Sims Con_13,0.5,1.0,Error,-0.5,93.57011258955991
Free,1,Sims Con_13,0.5,1.0,Correct,0.5,98.69320108014534
Non-Free,0,Sims Con_13,-0.5,-1.0,Error,-0.5,53.62985020754379
Non-Free,0,Sims Con_13,-0.5,-1.0,Correct,0.5,73.73371724725372
Non-Free,0,Sims Con_13,0.0,-1.0,Error,-0.5,38.0191043390827
Non-Free,0,Sims Con_13,0.0,-1.0,Correct,0.5,86.09765807619003
Non-Free,0,Sims Con_13,0.5,-1.0,Error,-0.5,22.40835847062161
Non-Free,0,Sims Con_13,0.5,-1.0,Correct,0.5,98.46159890512635
Non-Free,0,Sims Con_13,-0.5,0.0,Error,-0.5,53.566336659189965
Non-Free,0,Sims Con_13,-0.5,0.0,Correct,0.5,73.94603867590702
Non-Free,0,Sims Con_13,0.0,0.0,Error,-0.5,38.78340036610206
Non-Free,0,Sims Con_13,0.0,0.0,Correct,0.5,86.2886027426721
Non-Free,0,Sims Con_13,0.5,0.0,Error,-0.5,24.00046407301415
Non-Free,0,Sims Con_13,0.5,0.0,Correct,0.5,98.63116680943718
Non-Free,0,Sims Con_13,-0.5,1.0,Error,-0.5,53.50282311083614
Non-Free,0,Sims Con_13,-0.5,1.0,Correct,0.5,74.15836010456032
Non-Free,0,Sims Con_13,0.0,1.0,Error,-0.5,39.54769639312141
Non-Free,0,Sims Con_13,0.0,1.0,Correct,0.5,86.47954740915416
Non-Free,0,Sims Con_13,0.5,1.0,Error,-0.5,25.59256967540669
Non-Free,0,Sims Con_13,0.5,1.0,Correct,0.5,98.80073471374801
Free,1,Sims Con_130,-0.5,-1.0,Error,-0.5,57.74326504080701
Free,1,Sims Con_130,-0.5,-1.0,Correct,0.5,60.65740680904415
Free,1,Sims Con_130,0.0,-1.0,Error,-0.5,52.21746274405952
Free,1,Sims Con_130,0.0,-1.0,Correct,0.5,72.50806792238865
Free,1,Sims Con_130,0.5,-1.0,Error,-0.5,46.69166044731202
Free,1,Sims Con_130,0.5,-1.0,Correct,0.5,84.35872903573315
Free,1,Sims Con_130,-0.5,0.0,Error,-0.5,60.72000866697162
Free,1,Sims Con_130,-0.5,0.0,Correct,0.5,63.335228507281855
Free,1,Sims Con_130,0.0,0.0,Error,-0.5,55.94886486746756
Free,1,Sims Con_130,0.0,0.0,Correct,0.5,74.65668248359125
Free,1,Sims Con_130,0.5,0.0,Error,-0.5,51.1777210679635
Free,1,Sims Con_130,0.5,0.0,Correct,0.5,85.97813645990065
Free,1,Sims Con_130,-0.5,1.0,Error,-0.5,63.696752293136235
Free,1,Sims Con_130,-0.5,1.0,Correct,0.5,66.01305020551956
Free,1,Sims Con_130,0.0,1.0,Error,-0.5,59.68026699087561
Free,1,Sims Con_130,0.0,1.0,Correct,0.5,76.80529704479386
Free,1,Sims Con_130,0.5,1.0,Error,-0.5,55.66378168861498
Free,1,Sims Con_130,0.5,1.0,Correct,0.5,87.59754388406816
Non-Free,0,Sims Con_130,-0.5,-1.0,Error,-0.5,40.17542203387454
Non-Free,0,Sims Con_130,-0.5,-1.0,Correct,0.5,48.703723793623105
Non-Free,0,Sims Con_130,0.0,-1.0,Error,-0.5,30.4588455782598
Non-Free,0,Sims Con_130,0.0,-1.0,Correct,0.5,65.76461822703308
Non-Free,0,Sims Con_130,0.5,-1.0,Error,-0.5,20.74226912264506
Non-Free,0,Sims Con_130,0.5,-1.0,Correct,0.5,82.82551266044305
Non-Free,0,Sims Con_130,-0.5,0.0,Error,-0.5,40.05572805214054
Non-Free,0,Sims Con_130,-0.5,0.0,Correct,0.5,48.94347529996296
Non-Free,0,Sims Con_130,0.0,0.0,Error,-0.5,30.456020363921144
Non-Free,0,Sims Con_130,0.0,0.0,Correct,0.5,66.3670719970973
Non-Free,0,Sims Con_130,0.5,0.0,Error,-0.5,20.856312675701748
Non-Free,0,Sims Con_130,0.5,0.0,Correct,0.5,83.79066869423164
Non-Free,0,Sims Con_130,-0.5,1.0,Error,-0.5,39.936034070406535
Non-Free,0,Sims Con_130,-0.5,1.0,Correct,0.5,49.18322680630282
Non-Free,0,Sims Con_130,0.0,1.0,Error,-0.5,30.453195149582488
Non-Free,0,Sims Con_130,0.0,1.0,Correct,0.5,66.96952576716151
Non-Free,0,Sims Con_130,0.5,1.0,Error,-0.5,20.970356228758437
Non-Free,0,Sims Con_130,0.5,1.0,Correct,0.5,84.75582472802022
Free,1,Sims Con_131,-0.5,-1.0,Error,-0.5,49.77272727272732
Free,1,Sims Con_131,-0.5,-1.0,Correct,0.5,50.38482013787813
Free,1,Sims Con_131,0.0,-1.0,Error,-0.5,49.53409090909092
Free,1,Sims Con_131,0.0,-1.0,Correct,0.5,57.03539915811583
Free,1,Sims Con_131,0.5,-1.0,Error,-0.5,49.29545454545451
Free,1,Sims Con_131,0.5,-1.0,Correct,0.5,63.68597817835354
Free,1,Sims Con_131,-0.5,0.0,Error,-0.5,50.14772727272731
Free,1,Sims Con_131,-0.5,0.0,Correct,0.5,50.3743850256389
Free,1,Sims Con_131,0.0,0.0,Error,-0.5,49.613636363636374
Free,1,Sims Con_131,0.0,0.0,Correct,0.5,57.23236868253677
Free,1,Sims Con_131,0.5,0.0,Error,-0.5,49.07954545454544
Free,1,Sims Con_131,0.5,0.0,Correct,0.5,64.09035233943465
Free,1,Sims Con_131,-0.5,1.0,Error,-0.5,50.522727272727295
Free,1,Sims Con_131,-0.5,1.0,Correct,0.5,50.36394991339967
Free,1,Sims Con_131,0.0,1.0,Error,-0.5,49.69318181818183
Free,1,Sims Con_131,0.0,1.0,Correct,0.5,57.429338206957716
Free,1,Sims Con_131,0.5,1.0,Error,-0.5,48.86363636363637
Free,1,Sims Con_131,0.5,1.0,Correct,0.5,64.49472650051575
Non-Free,0,Sims Con_131,-0.5,-1.0,Error,-0.5,47.443498080104064
Non-Free,0,Sims Con_131,-0.5,-1.0,Correct,0.5,48.78607318882091
Non-Free,0,Sims Con_131,0.0,-1.0,Error,-0.5,42.98228295396074
Non-Free,0,Sims Con_131,0.0,-1.0,Correct,0.5,56.95278026093468
Non-Free,0,Sims Con_131,0.5,-1.0,Error,-0.5,38.52106782781742
Non-Free,0,Sims Con_131,0.5,-1.0,Correct,0.5,65.11948733304845
Non-Free,0,Sims Con_131,-0.5,0.0,Error,-0.5,47.68460979125646
Non-Free,0,Sims Con_131,-0.5,0.0,Correct,0.5,49.07536132379001
Non-Free,0,Sims Con_131,0.0,0.0,Error,-0.5,43.80845689695493
Non-Free,0,Sims Con_131,0.0,0.0,Correct,0.5,57.20533502267995
Non-Free,0,Sims Con_131,0.5,0.0,Error,-0.5,39.932304002653396
Non-Free,0,Sims Con_131,0.5,0.0,Correct,0.5,65.33530872156987
Non-Free,0,Sims Con_131,-0.5,1.0,Error,-0.5,47.92572150240886
Non-Free,0,Sims Con_131,-0.5,1.0,Correct,0.5,49.36464945875912
Non-Free,0,Sims Con_131,0.0,1.0,Error,-0.5,44.63463083994912
Non-Free,0,Sims Con_131,0.0,1.0,Correct,0.5,57.45788978442521
Non-Free,0,Sims Con_131,0.5,1.0,Error,-0.5,41.34354017748937
Non-Free,0,Sims Con_131,0.5,1.0,Correct,0.5,65.55113011009131
Free,1,Sims Con_132,-0.5,-1.0,Error,-0.5,65.08656124401071
Free,1,Sims Con_132,-0.5,-1.0,Correct,0.5,65.9531605664435
Free,1,Sims Con_132,0.0,-1.0,Error,-0.5,63.14683995296344
Free,1,Sims Con_132,0.0,-1.0,Correct,0.5,72.4429446744052
Free,1,Sims Con_132,0.5,-1.0,Error,-0.5,61.20711866191618
Free,1,Sims Con_132,0.5,-1.0,Correct,0.5,78.93272878236691
Free,1,Sims Con_132,-0.5,0.0,Error,-0.5,66.22824122014141
Free,1,Sims Con_132,-0.5,0.0,Correct,0.5,66.85825560484412
Free,1,Sims Con_132,0.0,0.0,Error,-0.5,64.15281604858096
Free,1,Sims Con_132,0.0,0.0,Correct,0.5,73.46815020900067
Free,1,Sims Con_132,0.5,0.0,Error,-0.5,62.077390877020505
Free,1,Sims Con_132,0.5,0.0,Correct,0.5,80.07804481315722
Free,1,Sims Con_132,-0.5,1.0,Error,-0.5,67.36992119627212
Free,1,Sims Con_132,-0.5,1.0,Correct,0.5,67.76335064324473
Free,1,Sims Con_132,0.0,1.0,Error,-0.5,65.15879214419847
Free,1,Sims Con_132,0.0,1.0,Correct,0.5,74.49335574359614
Free,1,Sims Con_132,0.5,1.0,Error,-0.5,62.94766309212483
Free,1,Sims Con_132,0.5,1.0,Correct,0.5,81.22336084394755
Non-Free,0,Sims Con_132,-0.5,-1.0,Error,-0.5,44.526801181470354
Non-Free,0,Sims Con_132,-0.5,-1.0,Correct,0.5,47.525521906638865
Non-Free,0,Sims Con_132,0.0,-1.0,Error,-0.5,40.54828699260958
Non-Free,0,Sims Con_132,0.0,-1.0,Correct,0.5,59.74939478824311
Non-Free,0,Sims Con_132,0.5,-1.0,Error,-0.5,36.569772803748805
Non-Free,0,Sims Con_132,0.5,-1.0,Correct,0.5,71.97326766984735
Non-Free,0,Sims Con_132,-0.5,0.0,Error,-0.5,44.947784119941666
Non-Free,0,Sims Con_132,-0.5,0.0,Correct,0.5,48.11015804541687
Non-Free,0,Sims Con_132,0.0,0.0,Error,-0.5,40.4491768342078
Non-Free,0,Sims Con_132,0.0,0.0,Correct,0.5,60.35806295155741
Non-Free,0,Sims Con_132,0.5,0.0,Error,-0.5,35.95056954847393
Non-Free,0,Sims Con_132,0.5,0.0,Correct,0.5,72.60596785769795
Non-Free,0,Sims Con_132,-0.5,1.0,Error,-0.5,45.36876705841298
Non-Free,0,Sims Con_132,-0.5,1.0,Correct,0.5,48.69479418419487
Non-Free,0,Sims Con_132,0.0,1.0,Error,-0.5,40.35006667580601
Non-Free,0,Sims Con_132,0.0,1.0,Correct,0.5,60.966731114871706
Non-Free,0,Sims Con_132,0.5,1.0,Error,-0.5,35.331366293199046
Non-Free,0,Sims Con_132,0.5,1.0,Correct,0.5,73.23866804554854
Free,1,Sims Con_133,-0.5,-1.0,Error,-0.5,58.954294220820344
Free,1,Sims Con_133,-0.5,-1.0,Correct,0.5,59.20374019031382
Free,1,Sims Con_133,0.0,-1.0,Error,-0.5,61.69258773416654
Free,1,Sims Con_133,0.0,-1.0,Correct,0.5,68.8752461517484
Free,1,Sims Con_133,0.5,-1.0,Error,-0.5,64.43088124751273
Free,1,Sims Con_133,0.5,-1.0,Correct,0.5,78.54675211318296
Free,1,Sims Con_133,-0.5,0.0,Error,-0.5,60.39905227939332
Free,1,Sims Con_133,-0.5,0.0,Correct,0.5,60.19039009846158
Free,1,Sims Con_133,0.0,0.0,Error,-0.5,59.826742523619295
Free,1,Sims Con_133,0.0,0.0,Correct,0.5,69.93933166092661
Free,1,Sims Con_133,0.5,0.0,Error,-0.5,59.25443276784527
Free,1,Sims Con_133,0.5,0.0,Correct,0.5,79.68827322339165
Free,1,Sims Con_133,-0.5,1.0,Error,-0.5,61.84381033796629
Free,1,Sims Con_133,-0.5,1.0,Correct,0.5,61.17704000660933
Free,1,Sims Con_133,0.0,1.0,Error,-0.5,57.96089731307205
Free,1,Sims Con_133,0.0,1.0,Correct,0.5,71.00341717010483
Free,1,Sims Con_133,0.5,1.0,Error,-0.5,54.07798428817781
Free,1,Sims Con_133,0.5,1.0,Correct,0.5,80.82979433360032
Non-Free,0,Sims Con_133,-0.5,-1.0,Error,-0.5,52.087092593792505
Non-Free,0,Sims Con_133,-0.5,-1.0,Correct,0.5,55.268971786637806
Non-Free,0,Sims Con_133,0.0,-1.0,Error,-0.5,45.66604678286785
Non-Free,0,Sims Con_133,0.0,-1.0,Correct,0.5,66.83808789209799
Non-Free,0,Sims Con_133,0.5,-1.0,Error,-0.5,39.2450009719432
Non-Free,0,Sims Con_133,0.5,-1.0,Correct,0.5,78.40720399755814
Non-Free,0,Sims Con_133,-0.5,0.0,Error,-0.5,52.226307263655784
Non-Free,0,Sims Con_133,-0.5,0.0,Correct,0.5,55.871443437890214
Non-Free,0,Sims Con_133,0.0,0.0,Error,-0.5,47.13671353592947
Non-Free,0,Sims Con_133,0.0,0.0,Correct,0.5,67.98458606438572
Non-Free,0,Sims Con_133,0.5,0.0,Error,-0.5,42.04711980820316
Non-Free,0,Sims Con_133,0.5,0.0,Correct,0.5,80.09772869088123
Non-Free,0,Sims Con_133,-0.5,1.0,Error,-0.5,52.36552193351906
Non-Free,0,Sims Con_133,-0.5,1.0,Correct,0.5,56.47391508914262
Non-Free,0,Sims Con_133,0.0,1.0,Error,-0.5,48.607380288991095
Non-Free,0,Sims Con_133,0.0,1.0,Correct,0.5,69.13108423667346
Non-Free,0,Sims Con_133,0.5,1.0,Error,-0.5,44.84923864446313
Non-Free,0,Sims Con_133,0.5,1.0,Correct,0.5,81.7882533842043
Free,1,Sims Con_134,-0.5,-1.0,Error,-0.5,70.45489168666003
Free,1,Sims Con_134,-0.5,-1.0,Correct,0.5,70.61613829272947
Free,1,Sims Con_134,0.0,-1.0,Error,-0.5,68.61594431172882
Free,1,Sims Con_134,0.0,-1.0,Correct,0.5,72.98221567111811
Free,1,Sims Con_134,0.5,-1.0,Error,-0.5,66.77699693679762
Free,1,Sims Con_134,0.5,-1.0,Correct,0.5,75.34829304950674
Free,1,Sims Con_134,-0.5,0.0,Error,-0.5,70.7856716201131
Free,1,Sims Con_134,-0.5,0.0,Correct,0.5,70.79466560716857
Free,1,Sims Con_134,0.0,0.0,Error,-0.5,69.13116326264299
Free,1,Sims Con_134,0.0,0.0,Correct,0.5,73.29322008562359
Free,1,Sims Con_134,0.5,0.0,Error,-0.5,67.47665490517286
Free,1,Sims Con_134,0.5,0.0,Correct,0.5,75.79177456407861
Free,1,Sims Con_134,-0.5,1.0,Error,-0.5,71.11645155356618
Free,1,Sims Con_134,-0.5,1.0,Correct,0.5,70.97319292160766
Free,1,Sims Con_134,0.0,1.0,Error,-0.5,69.64638221355715
Free,1,Sims Con_134,0.0,1.0,Correct,0.5,73.60422450012906
Free,1,Sims Con_134,0.5,1.0,Error,-0.5,68.17631287354811
Free,1,Sims Con_134,0.5,1.0,Correct,0.5,76.23525607865048
Non-Free,0,Sims Con_134,-0.5,-1.0,Error,-0.5,49.29768413881683
Non-Free,0,Sims Con_134,-0.5,-1.0,Correct,0.5,50.054137561136024
Non-Free,0,Sims Con_134,0.0,-1.0,Error,-0.5,45.15220391783961
Non-Free,0,Sims Con_134,0.0,-1.0,Correct,0.5,56.368919241135124
Non-Free,0,Sims Con_134,0.5,-1.0,Error,-0.5,41.006723696862394
Non-Free,0,Sims Con_134,0.5,-1.0,Correct,0.5,62.68370092113422
Non-Free,0,Sims Con_134,-0.5,0.0,Error,-0.5,49.08197410578379
Non-Free,0,Sims Con_134,-0.5,0.0,Correct,0.5,50.00752230739031
Non-Free,0,Sims Con_134,0.0,0.0,Error,-0.5,45.94179123542164
Non-Free,0,Sims Con_134,0.0,0.0,Correct,0.5,56.73364453372201
Non-Free,0,Sims Con_134,0.5,0.0,Error,-0.5,42.80160836505949
Non-Free,0,Sims Con_134,0.5,0.0,Correct,0.5,63.459766760053704
Non-Free,0,Sims Con_134,-0.5,1.0,Error,-0.5,48.86626407275076
Non-Free,0,Sims Con_134,-0.5,1.0,Correct,0.5,49.9609070536446
Non-Free,0,Sims Con_134,0.0,1.0,Error,-0.5,46.73137855300367
Non-Free,0,Sims Con_134,0.0,1.0,Correct,0.5,57.09836982630889
Non-Free,0,Sims Con_134,0.5,1.0,Error,-0.5,44.596493033256586
Non-Free,0,Sims Con_134,0.5,1.0,Correct,0.5,64.23583259897319
Free,1,Sims Con_135,-0.5,-1.0,Error,-0.5,58.010341261633926
Free,1,Sims Con_135,-0.5,-1.0,Correct,0.5,57.49559141046921
Free,1,Sims Con_135,0.0,-1.0,Error,-0.5,56.46311616683901
Free,1,Sims Con_135,0.0,-1.0,Correct,0.5,66.97826163903031
Free,1,Sims Con_135,0.5,-1.0,Error,-0.5,54.9158910720441
Free,1,Sims Con_135,0.5,-1.0,Correct,0.5,76.46093186759143
Free,1,Sims Con_135,-0.5,0.0,Error,-0.5,57.745604963805555
Free,1,Sims Con_135,-0.5,0.0,Correct,0.5,57.37535884409818
Free,1,Sims Con_135,0.0,0.0,Error,-0.5,57.66666666666662
Free,1,Sims Con_135,0.0,0.0,Correct,0.5,67.07412354483012
Free,1,Sims Con_135,0.5,0.0,Error,-0.5,57.58772836952769
Free,1,Sims Con_135,0.5,0.0,Correct,0.5,76.77288824556206
Free,1,Sims Con_135,-0.5,1.0,Error,-0.5,57.480868665977184
Free,1,Sims Con_135,-0.5,1.0,Correct,0.5,57.25512627772715
Free,1,Sims Con_135,0.0,1.0,Error,-0.5,58.870217166494236
Free,1,Sims Con_135,0.0,1.0,Correct,0.5,67.16998545062992
Free,1,Sims Con_135,0.5,1.0,Error,-0.5,60.25956566701128
Free,1,Sims Con_135,0.5,1.0,Correct,0.5,77.0848446235327
Non-Free,0,Sims Con_135,-0.5,-1.0,Error,-0.5,51.175051509752116
Non-Free,0,Sims Con_135,-0.5,-1.0,Correct,0.5,53.614095904010384
Non-Free,0,Sims Con_135,0.0,-1.0,Error,-0.5,44.0860140817337
Non-Free,0,Sims Con_135,0.0,-1.0,Correct,0.5,65.54060074878475
Non-Free,0,Sims Con_135,0.5,-1.0,Error,-0.5,36.99697665371528
Non-Free,0,Sims Con_135,0.5,-1.0,Correct,0.5,77.46710559355911
Non-Free,0,Sims Con_135,-0.5,0.0,Error,-0.5,50.96637097587574
Non-Free,0,Sims Con_135,-0.5,0.0,Correct,0.5,53.578954513069775
Non-Free,0,Sims Con_135,0.0,0.0,Error,-0.5,45.44488096324443
Non-Free,0,Sims Con_135,0.0,0.0,Correct,0.5,65.6306600311154
Non-Free,0,Sims Con_135,0.5,0.0,Error,-0.5,39.92339095061312
Non-Free,0,Sims Con_135,0.5,0.0,Correct,0.5,77.68236554916102
Non-Free,0,Sims Con_135,-0.5,1.0,Error,-0.5,50.757690441999365
Non-Free,0,Sims Con_135,-0.5,1.0,Correct,0.5,53.543813122129166
Non-Free,0,Sims Con_135,0.0,1.0,Error,-0.5,46.80374784475516
Non-Free,0,Sims Con_135,0.0,1.0,Correct,0.5,65.72071931344604
Non-Free,0,Sims Con_135,0.5,1.0,Error,-0.5,42.84980524751095
Non-Free,0,Sims Con_135,0.5,1.0,Correct,0.5,77.89762550476291
Free,1,Sims Con_136,-0.5,-1.0,Error,-0.5,54.26724558665118
Free,1,Sims Con_136,-0.5,-1.0,Correct,0.5,53.9719636389824
Free,1,Sims Con_136,0.0,-1.0,Error,-0.5,53.14423681491417
Free,1,Sims Con_136,0.0,-1.0,Correct,0.5,62.698844006515856
Free,1,Sims Con_136,0.5,-1.0,Error,-0.5,52.021228043177175
Free,1,Sims Con_136,0.5,-1.0,Correct,0.5,71.42572437404931
Free,1,Sims Con_136,-0.5,0.0,Error,-0.5,54.91704003341618
Free,1,Sims Con_136,-0.5,0.0,Correct,0.5,54.740123877897894
Free,1,Sims Con_136,0.0,0.0,Error,-0.5,53.53432629102822
Free,1,Sims Con_136,0.0,0.0,Correct,0.5,63.41263860751353
Free,1,Sims Con_136,0.5,0.0,Error,-0.5,52.151612548640266
Free,1,Sims Con_136,0.5,0.0,Correct,0.5,72.08515333712917
Free,1,Sims Con_136,-0.5,1.0,Error,-0.5,55.56683448018118
Free,1,Sims Con_136,-0.5,1.0,Correct,0.5,55.508284116813385
Free,1,Sims Con_136,0.0,1.0,Error,-0.5,53.92441576714227
Free,1,Sims Con_136,0.0,1.0,Correct,0.5,64.1264332085112
Free,1,Sims Con_136,0.5,1.0,Error,-0.5,52.28199705410336
Free,1,Sims Con_136,0.5,1.0,Correct,0.5,72.74458230020903
Non-Free,0,Sims Con_136,-0.5,-1.0,Error,-0.5,48.328987049997906
Non-Free,0,Sims Con_136,-0.5,-1.0,Correct,0.5,49.97207758387743
Non-Free,0,Sims Con_136,0.0,-1.0,Error,-0.5,41.40484891664222
Non-Free,0,Sims Con_136,0.0,-1.0,Correct,0.5,60.06214260515514
Non-Free,0,Sims Con_136,0.5,-1.0,Error,-0.5,34.48071078328653
Non-Free,0,Sims Con_136,0.5,-1.0,Correct,0.5,70.15220762643284
Non-Free,0,Sims Con_136,-0.5,0.0,Error,-0.5,48.07548049117807
Non-Free,0,Sims Con_136,-0.5,0.0,Correct,0.5,50.58810324114029
Non-Free,0,Sims Con_136,0.0,0.0,Error,-0.5,43.20933573613847
Non-Free,0,Sims Con_136,0.0,0.0,Correct,0.5,60.972267208667596
Non-Free,0,Sims Con_136,0.5,0.0,Error,-0.5,38.34319098109887
Non-Free,0,Sims Con_136,0.5,0.0,Correct,0.5,71.3564311761949
Non-Free,0,Sims Con_136,-0.5,1.0,Error,-0.5,47.82197393235823
Non-Free,0,Sims Con_136,-0.5,1.0,Correct,0.5,51.20412889840315
Non-Free,0,Sims Con_136,0.0,1.0,Error,-0.5,45.01382255563472
Non-Free,0,Sims Con_136,0.0,1.0,Correct,0.5,61.88239181218005
Non-Free,0,Sims Con_136,0.5,1.0,Error,-0.5,42.2056711789112
Non-Free,0,Sims Con_136,0.5,1.0,Correct,0.5,72.56065472595697
Free,1,Sims Con_137,-0.5,-1.0,Error,-0.5,67.39237137477251
Free,1,Sims Con_137,-0.5,-1.0,Correct,0.5,69.34122033488102
Free,1,Sims Con_137,0.0,-1.0,Error,-0.5,63.70570393668757
Free,1,Sims Con_137,0.0,-1.0,Correct,0.5,78.51896390591595
Free,1,Sims Con_137,0.5,-1.0,Error,-0.5,60.01903649860263
Free,1,Sims Con_137,0.5,-1.0,Correct,0.5,87.6967074769509
Free,1,Sims Con_137,-0.5,0.0,Error,-0.5,70.660477788414
Free,1,Sims Con_137,-0.5,0.0,Correct,0.5,72.63589177577732
Free,1,Sims Con_137,0.0,0.0,Error,-0.5,67.31383749022577
Free,1,Sims Con_137,0.0,0.0,Correct,0.5,81.03432097885866
Free,1,Sims Con_137,0.5,0.0,Error,-0.5,63.96719719203753
Free,1,Sims Con_137,0.5,0.0,Correct,0.5,89.43275018194
Free,1,Sims Con_137,-0.5,1.0,Error,-0.5,73.92858420205549
Free,1,Sims Con_137,-0.5,1.0,Correct,0.5,75.93056321667363
Free,1,Sims Con_137,0.0,1.0,Error,-0.5,70.92197104376396
Free,1,Sims Con_137,0.0,1.0,Correct,0.5,83.54967805180137
Free,1,Sims Con_137,0.5,1.0,Error,-0.5,67.91535788547243
Free,1,Sims Con_137,0.5,1.0,Correct,0.5,91.16879288692908
Non-Free,0,Sims Con_137,-0.5,-1.0,Error,-0.5,45.11257042909777
Non-Free,0,Sims Con_137,-0.5,-1.0,Correct,0.5,53.134786138603054
Non-Free,0,Sims Con_137,0.0,-1.0,Error,-0.5,33.98843027340109
Non-Free,0,Sims Con_137,0.0,-1.0,Correct,0.5,68.64494257021758
Non-Free,0,Sims Con_137,0.5,-1.0,Error,-0.5,22.86429011770441
Non-Free,0,Sims Con_137,0.5,-1.0,Correct,0.5,84.15509900183211
Non-Free,0,Sims Con_137,-0.5,0.0,Error,-0.5,46.242760677266276
Non-Free,0,Sims Con_137,-0.5,0.0,Correct,0.5,54.836368359064544
Non-Free,0,Sims Con_137,0.0,0.0,Error,-0.5,36.08419950968445
Non-Free,0,Sims Con_137,0.0,0.0,Correct,0.5,70.09824379800978
Non-Free,0,Sims Con_137,0.5,0.0,Error,-0.5,25.92563834210263
Non-Free,0,Sims Con_137,0.5,0.0,Correct,0.5,85.360119236955
Non-Free,0,Sims Con_137,-0.5,1.0,Error,-0.5,47.37295092543478
Non-Free,0,Sims Con_137,-0.5,1.0,Correct,0.5,56.53795057952603
Non-Free,0,Sims Con_137,0.0,1.0,Error,-0.5,38.17996874596781
Non-Free,0,Sims Con_137,0.0,1.0,Correct,0.5,71.55154502580197
Non-Free,0,Sims Con_137,0.5,1.0,Error,-0.5,28.986986566500846
Non-Free,0,Sims Con_137,0.5,1.0,Correct,0.5,86.56513947207789
Free,1,Sims Con_138,-0.5,-1.0,Error,-0.5,53.43782588086589
Free,1,Sims Con_138,-0.5,-1.0,Correct,0.5,54.820686478624225
Free,1,Sims Con_138,0.0,-1.0,Error,-0.5,51.966977405593305
Free,1,Sims Con_138,0.0,-1.0,Correct,0.5,65.35172151117006
Free,1,Sims Con_138,0.5,-1.0,Error,-0.5,50.49612893032072
Free,1,Sims Con_138,0.5,-1.0,Correct,0.5,75.88275654371589
Free,1,Sims Con_138,-0.5,0.0,Error,-0.5,58.88282266003867
Free,1,Sims Con_138,-0.5,0.0,Correct,0.5,59.7845683105495
Free,1,Sims Con_138,0.0,0.0,Error,-0.5,58.70485068731237
Free,1,Sims Con_138,0.0,0.0,Correct,0.5,70.13867266187569
Free,1,Sims Con_138,0.5,0.0,Error,-0.5,58.526878714586076
Free,1,Sims Con_138,0.5,0.0,Correct,0.5,80.49277701320187
Free,1,Sims Con_138,-0.5,1.0,Error,-0.5,64.32781943921145
Free,1,Sims Con_138,-0.5,1.0,Correct,0.5,64.74845014247478
Free,1,Sims Con_138,0.0,1.0,Error,-0.5,65.44272396903145
Free,1,Sims Con_138,0.0,1.0,Correct,0.5,74.92562381258132
Free,1,Sims Con_138,0.5,1.0,Error,-0.5,66.55762849885144
Free,1,Sims Con_138,0.5,1.0,Correct,0.5,85.10279748268786
Non-Free,0,Sims Con_138,-0.5,-1.0,Error,-0.5,46.592817355614166
Non-Free,0,Sims Con_138,-0.5,-1.0,Correct,0.5,49.87288326277543
Non-Free,0,Sims Con_138,0.0,-1.0,Error,-0.5,39.149633538551754
Non-Free,0,Sims Con_138,0.0,-1.0,Correct,0.5,62.93765863624027
Non-Free,0,Sims Con_138,0.5,-1.0,Error,-0.5,31.70644972148934
Non-Free,0,Sims Con_138,0.5,-1.0,Correct,0.5,76.00243400970511
Non-Free,0,Sims Con_138,-0.5,0.0,Error,-0.5,48.81644678979769
Non-Free,0,Sims Con_138,-0.5,0.0,Correct,0.5,53.202600800979084
Non-Free,0,Sims Con_138,0.0,0.0,Error,-0.5,40.228671943711504
Non-Free,0,Sims Con_138,0.0,0.0,Correct,0.5,66.7454867543204
Non-Free,0,Sims Con_138,0.5,0.0,Error,-0.5,31.64089709762532
Non-Free,0,Sims Con_138,0.5,0.0,Correct,0.5,80.28837270766171
Non-Free,0,Sims Con_138,-0.5,1.0,Error,-0.5,51.04007622398121
Non-Free,0,Sims Con_138,-0.5,1.0,Correct,0.5,56.53231833918274
Non-Free,0,Sims Con_138,0.0,1.0,Error,-0.5,41.307710348871254
Non-Free,0,Sims Con_138,0.0,1.0,Correct,0.5,70.55331487240052
Non-Free,0,Sims Con_138,0.5,1.0,Error,-0.5,31.575344473761298
Non-Free,0,Sims Con_138,0.5,1.0,Correct,0.5,84.5743114056183
Free,1,Sims Con_139,-0.5,-1.0,Error,-0.5,64.11186821678201
Free,1,Sims Con_139,-0.5,-1.0,Correct,0.5,64.35454464491977
Free,1,Sims Con_139,0.0,-1.0,Error,-0.5,61.16428997927717
Free,1,Sims Con_139,0.0,-1.0,Correct,0.5,74.27638805704304
Free,1,Sims Con_139,0.5,-1.0,Error,-0.5,58.21671174177234
Free,1,Sims Con_139,0.5,-1.0,Correct,0.5,84.19823146916629
Free,1,Sims Con_139,-0.5,0.0,Error,-0.5,79.25661199114889
Free,1,Sims Con_139,-0.5,0.0,Correct,0.5,79.69049789498854
Free,1,Sims Con_139,0.0,0.0,Error,-0.5,78.5720733377823
Free,1,Sims Con_139,0.0,0.0,Correct,0.5,85.86188890961564
Free,1,Sims Con_139,0.5,0.0,Error,-0.5,77.88753468441571
Free,1,Sims Con_139,0.5,0.0,Correct,0.5,92.03327992424275
Free,1,Sims Con_139,-0.5,1.0,Error,-0.5,94.40135576551576
Free,1,Sims Con_139,-0.5,1.0,Correct,0.5,95.02645114505731
Free,1,Sims Con_139,0.0,1.0,Error,-0.5,95.97985669628743
Free,1,Sims Con_139,0.0,1.0,Correct,0.5,97.44738976218825
Free,1,Sims Con_139,0.5,1.0,Error,-0.5,97.5583576270591
Free,1,Sims Con_139,0.5,1.0,Correct,0.5,99.8683283793192
Non-Free,0,Sims Con_139,-0.5,-1.0,Error,-0.5,46.63122694177656
Non-Free,0,Sims Con_139,-0.5,-1.0,Correct,0.5,51.86769045875303
Non-Free,0,Sims Con_139,0.0,-1.0,Error,-0.5,41.31984456667367
Non-Free,0,Sims Con_139,0.0,-1.0,Correct,0.5,65.97086332359737
Non-Free,0,Sims Con_139,0.5,-1.0,Error,-0.5,36.008462191570786
Non-Free,0,Sims Con_139,0.5,-1.0,Correct,0.5,80.07403618844171
Non-Free,0,Sims Con_139,-0.5,0.0,Error,-0.5,53.27422755630059
Non-Free,0,Sims Con_139,-0.5,0.0,Correct,0.5,60.681404710808366
Non-Free,0,Sims Con_139,0.0,0.0,Error,-0.5,44.68881522803619
Non-Free,0,Sims Con_139,0.0,0.0,Correct,0.5,74.07729980928778
Non-Free,0,Sims Con_139,0.5,0.0,Error,-0.5,36.103402899771794
Non-Free,0,Sims Con_139,0.5,0.0,Correct,0.5,87.4731949077672
Non-Free,0,Sims Con_139,-0.5,1.0,Error,-0.5,59.917228170824615
Non-Free,0,Sims Con_139,-0.5,1.0,Correct,0.5,69.4951189628637
Non-Free,0,Sims Con_139,0.0,1.0,Error,-0.5,48.05778588939871
Non-Free,0,Sims Con_139,0.0,1.0,Correct,0.5,82.18373629497819
Non-Free,0,Sims Con_139,0.5,1.0,Error,-0.5,36.19834360797281
Non-Free,0,Sims Con_139,0.5,1.0,Correct,0.5,94.87235362709268
Free,1,Sims Con_14,-0.5,-1.0,Error,-0.5,43.28810888936145
Free,1,Sims Con_14,-0.5,-1.0,Correct,0.5,37.76074387755647
Free,1,Sims Con_14,0.0,-1.0,Error,-0.5,38.123350440678195
Free,1,Sims Con_14,0.0,-1.0,Correct,0.5,40.09430494351625
Free,1,Sims Con_14,0.5,-1.0,Error,-0.5,32.958591991994936
Free,1,Sims Con_14,0.5,-1.0,Correct,0.5,42.42786600947603
Free,1,Sims Con_14,-0.5,0.0,Error,-0.5,78.22794606510678
Free,1,Sims Con_14,-0.5,0.0,Correct,0.5,71.40831670172312
Free,1,Sims Con_14,0.0,0.0,Error,-0.5,74.67604578460526
Free,1,Sims Con_14,0.0,0.0,Correct,0.5,74.28109203159403
Free,1,Sims Con_14,0.5,0.0,Error,-0.5,71.12414550410375
Free,1,Sims Con_14,0.5,0.0,Correct,0.5,77.15386736146493
Free,1,Sims Con_14,-0.5,1.0,Error,-0.5,113.1677832408521
Free,1,Sims Con_14,-0.5,1.0,Correct,0.5,105.05588952588977
Free,1,Sims Con_14,0.0,1.0,Error,-0.5,111.22874112853233
Free,1,Sims Con_14,0.0,1.0,Correct,0.5,108.4678791196718
Free,1,Sims Con_14,0.5,1.0,Error,-0.5,109.28969901621257
Free,1,Sims Con_14,0.5,1.0,Correct,0.5,111.87986871345383
Non-Free,0,Sims Con_14,-0.5,-1.0,Error,-0.5,32.10837455296431
Non-Free,0,Sims Con_14,-0.5,-1.0,Correct,0.5,35.78219771349352
Non-Free,0,Sims Con_14,0.0,-1.0,Error,-0.5,38.538335767894026
Non-Free,0,Sims Con_14,0.0,-1.0,Correct,0.5,37.81086518410035
Non-Free,0,Sims Con_14,0.5,-1.0,Error,-0.5,44.968296982823745
Non-Free,0,Sims Con_14,0.5,-1.0,Correct,0.5,39.839532654707185
Non-Free,0,Sims Con_14,-0.5,0.0,Error,-0.5,48.606467536392486
Non-Free,0,Sims Con_14,-0.5,0.0,Correct,0.5,53.48086894744837
Non-Free,0,Sims Con_14,0.0,0.0,Error,-0.5,47.65309424268373
Non-Free,0,Sims Con_14,0.0,0.0,Correct,0.5,60.82678179490284
Non-Free,0,Sims Con_14,0.5,0.0,Error,-0.5,46.69972094897497
Non-Free,0,Sims Con_14,0.5,0.0,Correct,0.5,68.17269464235731
Non-Free,0,Sims Con_14,-0.5,1.0,Error,-0.5,65.10456051982067
Non-Free,0,Sims Con_14,-0.5,1.0,Correct,0.5,71.17954018140323
Non-Free,0,Sims Con_14,0.0,1.0,Error,-0.5,56.76785271747343
Non-Free,0,Sims Con_14,0.0,1.0,Correct,0.5,83.84269840570533
Non-Free,0,Sims Con_14,0.5,1.0,Error,-0.5,48.4311449151262
Non-Free,0,Sims Con_14,0.5,1.0,Correct,0.5,96.50585663000744
Free,1,Sims Con_140,-0.5,-1.0,Error,-0.5,70.16420361247957
Free,1,Sims Con_140,-0.5,-1.0,Correct,0.5,77.14447907826559
Free,1,Sims Con_140,0.0,-1.0,Error,-0.5,64.40229885057447
Free,1,Sims Con_140,0.0,-1.0,Correct,0.5,86.48765709595358
Free,1,Sims Con_140,0.5,-1.0,Error,-0.5,58.640394088669346
Free,1,Sims Con_140,0.5,-1.0,Correct,0.5,95.83083511364157
Free,1,Sims Con_140,-0.5,0.0,Error,-0.5,70.97865353037776
Free,1,Sims Con_140,-0.5,0.0,Correct,0.5,77.82507096656471
Free,1,Sims Con_140,0.0,0.0,Error,-0.5,64.99999999999989
Free,1,Sims Con_140,0.0,0.0,Correct,0.5,87.02037585888215
Free,1,Sims Con_140,0.5,0.0,Error,-0.5,59.02134646962201
Free,1,Sims Con_140,0.5,0.0,Correct,0.5,96.21568075119959
Free,1,Sims Con_140,-0.5,1.0,Error,-0.5,71.79310344827594
Free,1,Sims Con_140,-0.5,1.0,Correct,0.5,78.50566285486383
Free,1,Sims Con_140,0.0,1.0,Error,-0.5,65.5977011494253
Free,1,Sims Con_140,0.0,1.0,Correct,0.5,87.55309462181071
Free,1,Sims Con_140,0.5,1.0,Error,-0.5,59.40229885057467
Free,1,Sims Con_140,0.5,1.0,Correct,0.5,96.6005263887576
Non-Free,0,Sims Con_140,-0.5,-1.0,Error,-0.5,39.22062625910647
Non-Free,0,Sims Con_140,-0.5,-1.0,Correct,0.5,63.67081259576453
Non-Free,0,Sims Con_140,0.0,-1.0,Error,-0.5,23.367296057046573
Non-Free,0,Sims Con_140,0.0,-1.0,Correct,0.5,80.29527824974816
Non-Free,0,Sims Con_140,0.5,-1.0,Error,-0.5,7.513965854986681
Non-Free,0,Sims Con_140,0.5,-1.0,Correct,0.5,96.9197439037318
Non-Free,0,Sims Con_140,-0.5,0.0,Error,-0.5,35.35974820851631
Non-Free,0,Sims Con_140,-0.5,0.0,Correct,0.5,61.667694264898905
Non-Free,0,Sims Con_140,0.0,0.0,Error,-0.5,19.4010280204809
Non-Free,0,Sims Con_140,0.0,0.0,Correct,0.5,79.03516533506064
Non-Free,0,Sims Con_140,0.5,0.0,Error,-0.5,3.4423078324454934
Non-Free,0,Sims Con_140,0.5,0.0,Correct,0.5,96.40263640522238
Non-Free,0,Sims Con_140,-0.5,1.0,Error,-0.5,31.498870157926152
Non-Free,0,Sims Con_140,-0.5,1.0,Correct,0.5,59.66457593403328
Non-Free,0,Sims Con_140,0.0,1.0,Error,-0.5,15.434759983915228
Non-Free,0,Sims Con_140,0.0,1.0,Correct,0.5,77.77505242037311
Non-Free,0,Sims Con_140,0.5,1.0,Error,-0.5,-0.6293501900956948
Non-Free,0,Sims Con_140,0.5,1.0,Correct,0.5,95.88552890671295
Free,1,Sims Con_141,-0.5,-1.0,Error,-0.5,62.49429010662529
Free,1,Sims Con_141,-0.5,-1.0,Correct,0.5,62.70477934452266
Free,1,Sims Con_141,0.0,-1.0,Error,-0.5,60.198356018497584
Free,1,Sims Con_141,0.0,-1.0,Correct,0.5,66.39495898779157
Free,1,Sims Con_141,0.5,-1.0,Error,-0.5,57.90242193036988
Free,1,Sims Con_141,0.5,-1.0,Correct,0.5,70.08513863106049
Free,1,Sims Con_141,-0.5,0.0,Error,-0.5,67.90342241101526
Free,1,Sims Con_141,-0.5,0.0,Correct,0.5,67.99872187692995
Free,1,Sims Con_141,0.0,0.0,Error,-0.5,65.94285876613883
Free,1,Sims Con_141,0.0,0.0,Correct,0.5,71.79451746793752
Free,1,Sims Con_141,0.5,0.0,Error,-0.5,63.982295121262396
Free,1,Sims Con_141,0.5,0.0,Correct,0.5,75.5903130589451
Free,1,Sims Con_141,-0.5,1.0,Error,-0.5,73.31255471540521
Free,1,Sims Con_141,-0.5,1.0,Correct,0.5,73.29266440933723
Free,1,Sims Con_141,0.0,1.0,Error,-0.5,71.68736151378006
Free,1,Sims Con_141,0.0,1.0,Correct,0.5,77.19407594808348
Free,1,Sims Con_141,0.5,1.0,Error,-0.5,70.06216831215491
Free,1,Sims Con_141,0.5,1.0,Correct,0.5,81.09548748682973
Non-Free,0,Sims Con_141,-0.5,-1.0,Error,-0.5,44.05539071468449
Non-Free,0,Sims Con_141,-0.5,-1.0,Correct,0.5,45.757503975288834
Non-Free,0,Sims Con_141,0.0,-1.0,Error,-0.5,41.22059054154931
Non-Free,0,Sims Con_141,0.0,-1.0,Correct,0.5,53.537347812722196
Non-Free,0,Sims Con_141,0.5,-1.0,Error,-0.5,38.385790368414135
Non-Free,0,Sims Con_141,0.5,-1.0,Correct,0.5,61.317191650155564
Non-Free,0,Sims Con_141,-0.5,0.0,Error,-0.5,46.89836462521875
Non-Free,0,Sims Con_141,-0.5,0.0,Correct,0.5,48.616805401349154
Non-Free,0,Sims Con_141,0.0,0.0,Error,-0.5,43.83868630538288
Non-Free,0,Sims Con_141,0.0,0.0,Correct,0.5,57.25528278906131
Non-Free,0,Sims Con_141,0.5,0.0,Error,-0.5,40.77900798554701
Non-Free,0,Sims Con_141,0.5,0.0,Correct,0.5,65.89376017677347
Non-Free,0,Sims Con_141,-0.5,1.0,Error,-0.5,49.741338535753
Non-Free,0,Sims Con_141,-0.5,1.0,Correct,0.5,51.476106827409474
Non-Free,0,Sims Con_141,0.0,1.0,Error,-0.5,46.456782069216445
Non-Free,0,Sims Con_141,0.0,1.0,Correct,0.5,60.97321776540043
Non-Free,0,Sims Con_141,0.5,1.0,Error,-0.5,43.17222560267989
Non-Free,0,Sims Con_141,0.5,1.0,Correct,0.5,70.47032870339137
Free,1,Sims Con_142,-0.5,-1.0,Error,-0.5,66.5145640119064
Free,1,Sims Con_142,-0.5,-1.0,Correct,0.5,67.37489447823219
Free,1,Sims Con_142,0.0,-1.0,Error,-0.5,64.04981616747625
Free,1,Sims Con_142,0.0,-1.0,Correct,0.5,76.37546612795951
Free,1,Sims Con_142,0.5,-1.0,Error,-0.5,61.5850683230461
Free,1,Sims Con_142,0.5,-1.0,Correct,0.5,85.37603777768683
Free,1,Sims Con_142,-0.5,0.0,Error,-0.5,67.5615967068515
Free,1,Sims Con_142,-0.5,0.0,Correct,0.5,68.49426809855022
Free,1,Sims Con_142,0.0,0.0,Error,-0.5,65.59185647542431
Free,1,Sims Con_142,0.0,0.0,Correct,0.5,76.94061967714896
Free,1,Sims Con_142,0.5,0.0,Error,-0.5,63.62211624399712
Free,1,Sims Con_142,0.5,0.0,Correct,0.5,85.3869712557477
Free,1,Sims Con_142,-0.5,1.0,Error,-0.5,68.6086294017966
Free,1,Sims Con_142,-0.5,1.0,Correct,0.5,69.61364171886825
Free,1,Sims Con_142,0.0,1.0,Error,-0.5,67.13389678337236
Free,1,Sims Con_142,0.0,1.0,Correct,0.5,77.5057732263384
Free,1,Sims Con_142,0.5,1.0,Error,-0.5,65.65916416494812
Free,1,Sims Con_142,0.5,1.0,Correct,0.5,85.39790473380856
Non-Free,0,Sims Con_142,-0.5,-1.0,Error,-0.5,45.90430682592408
Non-Free,0,Sims Con_142,-0.5,-1.0,Correct,0.5,49.79097350256341
Non-Free,0,Sims Con_142,0.0,-1.0,Error,-0.5,33.35844392323317
Non-Free,0,Sims Con_142,0.0,-1.0,Correct,0.5,63.54291856159471
Non-Free,0,Sims Con_142,0.5,-1.0,Error,-0.5,20.812581020542257
Non-Free,0,Sims Con_142,0.5,-1.0,Correct,0.5,77.294863620626
Non-Free,0,Sims Con_142,-0.5,0.0,Error,-0.5,45.236203143747694
Non-Free,0,Sims Con_142,-0.5,0.0,Correct,0.5,49.8878744872745
Non-Free,0,Sims Con_142,0.0,0.0,Error,-0.5,35.37046963274701
Non-Free,0,Sims Con_142,0.0,0.0,Correct,0.5,64.2738768385112
Non-Free,0,Sims Con_142,0.5,0.0,Error,-0.5,25.504736121746326
Non-Free,0,Sims Con_142,0.5,0.0,Correct,0.5,78.6598791897479
Non-Free,0,Sims Con_142,-0.5,1.0,Error,-0.5,44.56809946157131
Non-Free,0,Sims Con_142,-0.5,1.0,Correct,0.5,49.98477547198559
Non-Free,0,Sims Con_142,0.0,1.0,Error,-0.5,37.38249534226085
Non-Free,0,Sims Con_142,0.0,1.0,Correct,0.5,65.0048351154277
Non-Free,0,Sims Con_142,0.5,1.0,Error,-0.5,30.1968912229504
Non-Free,0,Sims Con_142,0.5,1.0,Correct,0.5,80.02489475886979
Free,1,Sims Con_143,-0.5,-1.0,Error,-0.5,46.07428048983344
Free,1,Sims Con_143,-0.5,-1.0,Correct,0.5,47.27284527089196
Free,1,Sims Con_143,0.0,-1.0,Error,-0.5,44.104635557829035
Free,1,Sims Con_143,0.0,-1.0,Correct,0.5,49.740419412985105
Free,1,Sims Con_143,0.5,-1.0,Error,-0.5,42.13499062582463
Free,1,Sims Con_143,0.5,-1.0,Correct,0.5,52.20799355507824
Free,1,Sims Con_143,-0.5,0.0,Error,-0.5,46.05250788894066
Free,1,Sims Con_143,-0.5,0.0,Correct,0.5,47.27337223001837
Free,1,Sims Con_143,0.0,0.0,Error,-0.5,44.626463815933405
Free,1,Sims Con_143,0.0,0.0,Correct,0.5,50.08949742670574
Free,1,Sims Con_143,0.5,0.0,Error,-0.5,43.20041974292615
Free,1,Sims Con_143,0.5,0.0,Correct,0.5,52.905622623393114
Free,1,Sims Con_143,-0.5,1.0,Error,-0.5,46.03073528804788
Free,1,Sims Con_143,-0.5,1.0,Correct,0.5,47.27389918914477
Free,1,Sims Con_143,0.0,1.0,Error,-0.5,45.148292074037776
Free,1,Sims Con_143,0.0,1.0,Correct,0.5,50.438575440426376
Free,1,Sims Con_143,0.5,1.0,Error,-0.5,44.265848860027674
Free,1,Sims Con_143,0.5,1.0,Correct,0.5,53.60325169170799
Non-Free,0,Sims Con_143,-0.5,-1.0,Error,-0.5,43.92020008239663
Non-Free,0,Sims Con_143,-0.5,-1.0,Correct,0.5,45.04717564213988
Non-Free,0,Sims Con_143,0.0,-1.0,Error,-0.5,40.69244322745222
Non-Free,0,Sims Con_143,0.0,-1.0,Correct,0.5,47.99104466600957
Non-Free,0,Sims Con_143,0.5,-1.0,Error,-0.5,37.46468637250781
Non-Free,0,Sims Con_143,0.5,-1.0,Correct,0.5,50.934913689879274
Non-Free,0,Sims Con_143,-0.5,0.0,Error,-0.5,44.1453668524059
Non-Free,0,Sims Con_143,-0.5,0.0,Correct,0.5,45.290532526476014
Non-Free,0,Sims Con_143,0.0,0.0,Error,-0.5,41.31120885888945
Non-Free,0,Sims Con_143,0.0,0.0,Correct,0.5,48.298111861281264
Non-Free,0,Sims Con_143,0.5,0.0,Error,-0.5,38.477050865373
Non-Free,0,Sims Con_143,0.5,0.0,Correct,0.5,51.305691196086514
Non-Free,0,Sims Con_143,-0.5,1.0,Error,-0.5,44.37053362241517
Non-Free,0,Sims Con_143,-0.5,1.0,Correct,0.5,45.53388941081215
Non-Free,0,Sims Con_143,0.0,1.0,Error,-0.5,41.92997449032668
Non-Free,0,Sims Con_143,0.0,1.0,Correct,0.5,48.605179056552956
Non-Free,0,Sims Con_143,0.5,1.0,Error,-0.5,39.48941535823819
Non-Free,0,Sims Con_143,0.5,1.0,Correct,0.5,51.67646870229376
Free,1,Sims Con_144,-0.5,-1.0,Error,-0.5,45.69561177077931
Free,1,Sims Con_144,-0.5,-1.0,Correct,0.5,45.58164272837241
Free,1,Sims Con_144,0.0,-1.0,Error,-0.5,44.532834279814324
Free,1,Sims Con_144,0.0,-1.0,Correct,0.5,48.0928868740643
Free,1,Sims Con_144,0.5,-1.0,Error,-0.5,43.37005678884933
Free,1,Sims Con_144,0.5,-1.0,Correct,0.5,50.60413101975619
Free,1,Sims Con_144,-0.5,0.0,Error,-0.5,46.808311822405706
Free,1,Sims Con_144,-0.5,0.0,Correct,0.5,46.689579094261795
Free,1,Sims Con_144,0.0,0.0,Error,-0.5,45.82323180175522
Free,1,Sims Con_144,0.0,0.0,Correct,0.5,49.927946391826026
Free,1,Sims Con_144,0.5,0.0,Error,-0.5,44.838151781104735
Free,1,Sims Con_144,0.5,0.0,Correct,0.5,53.16631368939026
Free,1,Sims Con_144,-0.5,1.0,Error,-0.5,47.921011874032104
Free,1,Sims Con_144,-0.5,1.0,Correct,0.5,47.79751546015118
Free,1,Sims Con_144,0.0,1.0,Error,-0.5,47.11362932369612
Free,1,Sims Con_144,0.0,1.0,Correct,0.5,51.763005909587754
Free,1,Sims Con_144,0.5,1.0,Error,-0.5,46.30624677336013
Free,1,Sims Con_144,0.5,1.0,Correct,0.5,55.72849635902433
Non-Free,0,Sims Con_144,-0.5,-1.0,Error,-0.5,45.46217221292807
Non-Free,0,Sims Con_144,-0.5,-1.0,Correct,0.5,45.996754360716366
Non-Free,0,Sims Con_144,0.0,-1.0,Error,-0.5,44.666266905851316
Non-Free,0,Sims Con_144,0.0,-1.0,Correct,0.5,48.13334814825772
Non-Free,0,Sims Con_144,0.5,-1.0,Error,-0.5,43.870361598774565
Non-Free,0,Sims Con_144,0.5,-1.0,Correct,0.5,50.26994193579907
Non-Free,0,Sims Con_144,-0.5,0.0,Error,-0.5,46.329958881744716
Non-Free,0,Sims Con_144,-0.5,0.0,Correct,0.5,46.739569895872556
Non-Free,0,Sims Con_144,0.0,0.0,Error,-0.5,43.872543486586196
Non-Free,0,Sims Con_144,0.0,0.0,Correct,0.5,50.044791384018126
Non-Free,0,Sims Con_144,0.5,0.0,Error,-0.5,41.415128091427675
Non-Free,0,Sims Con_144,0.5,0.0,Correct,0.5,53.350012872163695
Non-Free,0,Sims Con_144,-0.5,1.0,Error,-0.5,47.197745550561365
Non-Free,0,Sims Con_144,-0.5,1.0,Correct,0.5,47.482385431028746
Non-Free,0,Sims Con_144,0.0,1.0,Error,-0.5,43.078820067321075
Non-Free,0,Sims Con_144,0.0,1.0,Correct,0.5,51.956234619778535
Non-Free,0,Sims Con_144,0.5,1.0,Error,-0.5,38.959894584080786
Non-Free,0,Sims Con_144,0.5,1.0,Correct,0.5,56.43008380852832
Free,1,Sims Con_145,-0.5,-1.0,Error,-0.5,52.887776902841395
Free,1,Sims Con_145,-0.5,-1.0,Correct,0.5,53.29465411608852
Free,1,Sims Con_145,0.0,-1.0,Error,-0.5,47.84903608367359
Free,1,Sims Con_145,0.0,-1.0,Correct,0.5,57.62764101886401
Free,1,Sims Con_145,0.5,-1.0,Error,-0.5,42.81029526450578
Free,1,Sims Con_145,0.5,-1.0,Correct,0.5,61.9606279216395
Free,1,Sims Con_145,-0.5,0.0,Error,-0.5,61.45493008129836
Free,1,Sims Con_145,-0.5,0.0,Correct,0.5,61.69286483078364
Free,1,Sims Con_145,0.0,0.0,Error,-0.5,58.348011801788786
Free,1,Sims Con_145,0.0,0.0,Correct,0.5,66.80220520099599
Free,1,Sims Con_145,0.5,0.0,Error,-0.5,55.241093522279215
Free,1,Sims Con_145,0.5,0.0,Correct,0.5,71.91154557120834
Free,1,Sims Con_145,-0.5,1.0,Error,-0.5,70.02208325975532
Free,1,Sims Con_145,-0.5,1.0,Correct,0.5,70.09107554547876
Free,1,Sims Con_145,0.0,1.0,Error,-0.5,68.84698751990399
Free,1,Sims Con_145,0.0,1.0,Correct,0.5,75.97676938312796
Free,1,Sims Con_145,0.5,1.0,Error,-0.5,67.67189178005266
Free,1,Sims Con_145,0.5,1.0,Correct,0.5,81.86246322077717
Non-Free,0,Sims Con_145,-0.5,-1.0,Error,-0.5,39.00355939342883
Non-Free,0,Sims Con_145,-0.5,-1.0,Correct,0.5,41.458600740482126
Non-Free,0,Sims Con_145,0.0,-1.0,Error,-0.5,36.000294860994146
Non-Free,0,Sims Con_145,0.0,-1.0,Correct,0.5,49.444596907320204
Non-Free,0,Sims Con_145,0.5,-1.0,Error,-0.5,32.997030328559454
Non-Free,0,Sims Con_145,0.5,-1.0,Correct,0.5,57.43059307415829
Non-Free,0,Sims Con_145,-0.5,0.0,Error,-0.5,43.70608677337829
Non-Free,0,Sims Con_145,-0.5,0.0,Correct,0.5,45.89215752148438
Non-Free,0,Sims Con_145,0.0,0.0,Error,-0.5,38.5719671440607
Non-Free,0,Sims Con_145,0.0,0.0,Correct,0.5,55.185796036965684
Non-Free,0,Sims Con_145,0.5,0.0,Error,-0.5,33.43784751474311
Non-Free,0,Sims Con_145,0.5,0.0,Correct,0.5,64.47943455244699
Non-Free,0,Sims Con_145,-0.5,1.0,Error,-0.5,48.40861415332775
Non-Free,0,Sims Con_145,-0.5,1.0,Correct,0.5,50.32571430248663
Non-Free,0,Sims Con_145,0.0,1.0,Error,-0.5,41.143639427127255
Non-Free,0,Sims Con_145,0.0,1.0,Correct,0.5,60.926995166611164
Non-Free,0,Sims Con_145,0.5,1.0,Error,-0.5,33.87866470092677
Non-Free,0,Sims Con_145,0.5,1.0,Correct,0.5,71.5282760307357
Free,1,Sims Con_146,-0.5,-1.0,Error,-0.5,64.94186327851159
Free,1,Sims Con_146,-0.5,-1.0,Correct,0.5,65.52930034718504
Free,1,Sims Con_146,0.0,-1.0,Error,-0.5,62.6961970109623
Free,1,Sims Con_146,0.0,-1.0,Correct,0.5,73.91345859228505
Free,1,Sims Con_146,0.5,-1.0,Error,-0.5,60.45053074341301
Free,1,Sims Con_146,0.5,-1.0,Correct,0.5,82.29761683738505
Free,1,Sims Con_146,-0.5,0.0,Error,-0.5,65.14744616568132
Free,1,Sims Con_146,-0.5,0.0,Correct,0.5,66.13468796227
Free,1,Sims Con_146,0.0,0.0,Error,-0.5,63.02628777397963
Free,1,Sims Con_146,0.0,0.0,Correct,0.5,74.40277475723738
Free,1,Sims Con_146,0.5,0.0,Error,-0.5,60.905129382277956
Free,1,Sims Con_146,0.5,0.0,Correct,0.5,82.67086155220477
Free,1,Sims Con_146,-0.5,1.0,Error,-0.5,65.35302905285104
Free,1,Sims Con_146,-0.5,1.0,Correct,0.5,66.74007557735494
Free,1,Sims Con_146,0.0,1.0,Error,-0.5,63.356378536996964
Free,1,Sims Con_146,0.0,1.0,Correct,0.5,74.89209092218971
Free,1,Sims Con_146,0.5,1.0,Error,-0.5,61.3597280211429
Free,1,Sims Con_146,0.5,1.0,Correct,0.5,83.04410626702449
Non-Free,0,Sims Con_146,-0.5,-1.0,Error,-0.5,44.84560880447588
Non-Free,0,Sims Con_146,-0.5,-1.0,Correct,0.5,49.025610339976744
Non-Free,0,Sims Con_146,0.0,-1.0,Error,-0.5,39.9659525912839
Non-Free,0,Sims Con_146,0.0,-1.0,Correct,0.5,62.46956192480394
Non-Free,0,Sims Con_146,0.5,-1.0,Error,-0.5,35.08629637809193
Non-Free,0,Sims Con_146,0.5,-1.0,Correct,0.5,75.91351350963112
Non-Free,0,Sims Con_146,-0.5,0.0,Error,-0.5,44.31840768551239
Non-Free,0,Sims Con_146,-0.5,0.0,Correct,0.5,48.833468886510936
Non-Free,0,Sims Con_146,0.0,0.0,Error,-0.5,39.524661366313346
Non-Free,0,Sims Con_146,0.0,0.0,Correct,0.5,62.5743296729892
Non-Free,0,Sims Con_146,0.5,0.0,Error,-0.5,34.7309150471143
Non-Free,0,Sims Con_146,0.5,0.0,Correct,0.5,76.31519045946746
Non-Free,0,Sims Con_146,-0.5,1.0,Error,-0.5,43.7912065665489
Non-Free,0,Sims Con_146,-0.5,1.0,Correct,0.5,48.64132743304513
Non-Free,0,Sims Con_146,0.0,1.0,Error,-0.5,39.08337014134279
Non-Free,0,Sims Con_146,0.0,1.0,Correct,0.5,62.67909742117446
Non-Free,0,Sims Con_146,0.5,1.0,Error,-0.5,34.37553371613667
Non-Free,0,Sims Con_146,0.5,1.0,Correct,0.5,76.7168674093038
Free,1,Sims Con_147,-0.5,-1.0,Error,-0.5,88.95150060297166
Free,1,Sims Con_147,-0.5,-1.0,Correct,0.5,88.7591307084751
Free,1,Sims Con_147,0.0,-1.0,Error,-0.5,90.01124598966986
Free,1,Sims Con_147,0.0,-1.0,Correct,0.5,92.09135382758511
Free,1,Sims Con_147,0.5,-1.0,Error,-0.5,91.07099137636804
Free,1,Sims Con_147,0.5,-1.0,Correct,0.5,95.42357694669512
Free,1,Sims Con_147,-0.5,0.0,Error,-0.5,88.64803522264445
Free,1,Sims Con_147,-0.5,0.0,Correct,0.5,88.7597046454156
Free,1,Sims Con_147,0.0,0.0,Error,-0.5,89.54463127716215
Free,1,Sims Con_147,0.0,0.0,Correct,0.5,91.97567341122124
Free,1,Sims Con_147,0.5,0.0,Error,-0.5,90.44122733167985
Free,1,Sims Con_147,0.5,0.0,Correct,0.5,95.19164217702688
Free,1,Sims Con_147,-0.5,1.0,Error,-0.5,88.34456984231724
Free,1,Sims Con_147,-0.5,1.0,Correct,0.5,88.7602785823561
Free,1,Sims Con_147,0.0,1.0,Error,-0.5,89.07801656465445
Free,1,Sims Con_147,0.0,1.0,Correct,0.5,91.85999299485736
Free,1,Sims Con_147,0.5,1.0,Error,-0.5,89.81146328699165
Free,1,Sims Con_147,0.5,1.0,Correct,0.5,94.95970740735864
Non-Free,0,Sims Con_147,-0.5,-1.0,Error,-0.5,60.63219568662046
Non-Free,0,Sims Con_147,-0.5,-1.0,Correct,0.5,63.99416154365318
Non-Free,0,Sims Con_147,0.0,-1.0,Error,-0.5,54.72838219440928
Non-Free,0,Sims Con_147,0.0,-1.0,Correct,0.5,75.23251915905547
Non-Free,0,Sims Con_147,0.5,-1.0,Error,-0.5,48.824568702198086
Non-Free,0,Sims Con_147,0.5,-1.0,Correct,0.5,86.47087677445776
Non-Free,0,Sims Con_147,-0.5,0.0,Error,-0.5,60.89088495878785
Non-Free,0,Sims Con_147,-0.5,0.0,Correct,0.5,64.11155890920375
Non-Free,0,Sims Con_147,0.0,0.0,Error,-0.5,56.370258132747026
Non-Free,0,Sims Con_147,0.0,0.0,Correct,0.5,75.41152198572246
Non-Free,0,Sims Con_147,0.5,0.0,Error,-0.5,51.8496313067062
Non-Free,0,Sims Con_147,0.5,0.0,Correct,0.5,86.71148506224117
Non-Free,0,Sims Con_147,-0.5,1.0,Error,-0.5,61.14957423095524
Non-Free,0,Sims Con_147,-0.5,1.0,Correct,0.5,64.22895627475432
Non-Free,0,Sims Con_147,0.0,1.0,Error,-0.5,58.01213407108477
Non-Free,0,Sims Con_147,0.0,1.0,Correct,0.5,75.59052481238945
Non-Free,0,Sims Con_147,0.5,1.0,Error,-0.5,54.87469391121431
Non-Free,0,Sims Con_147,0.5,1.0,Correct,0.5,86.95209335002457
Free,1,Sims Con_148,-0.5,-1.0,Error,-0.5,66.49102236468917
Free,1,Sims Con_148,-0.5,-1.0,Correct,0.5,69.26479145975318
Free,1,Sims Con_148,0.0,-1.0,Error,-0.5,62.8807979792011
Free,1,Sims Con_148,0.0,-1.0,Correct,0.5,79.8411705474773
Free,1,Sims Con_148,0.5,-1.0,Error,-0.5,59.27057359371303
Free,1,Sims Con_148,0.5,-1.0,Correct,0.5,90.41754963520142
Free,1,Sims Con_148,-0.5,0.0,Error,-0.5,65.16895385251712
Free,1,Sims Con_148,-0.5,0.0,Correct,0.5,67.76658236913906
Free,1,Sims Con_148,0.0,0.0,Error,-0.5,61.435106948711876
Free,1,Sims Con_148,0.0,0.0,Correct,0.5,78.0035660843348
Free,1,Sims Con_148,0.5,0.0,Error,-0.5,57.70126004490663
Free,1,Sims Con_148,0.5,0.0,Correct,0.5,88.24054979953056
Free,1,Sims Con_148,-0.5,1.0,Error,-0.5,63.84688534034507
Free,1,Sims Con_148,-0.5,1.0,Correct,0.5,66.26837327852493
Free,1,Sims Con_148,0.0,1.0,Error,-0.5,59.989415918222655
Free,1,Sims Con_148,0.0,1.0,Correct,0.5,76.16596162119231
Free,1,Sims Con_148,0.5,1.0,Error,-0.5,56.131946496100234
Free,1,Sims Con_148,0.5,1.0,Correct,0.5,86.06354996385969
Non-Free,0,Sims Con_148,-0.5,-1.0,Error,-0.5,43.20184667653022
Non-Free,0,Sims Con_148,-0.5,-1.0,Correct,0.5,51.30487966470822
Non-Free,0,Sims Con_148,0.0,-1.0,Error,-0.5,28.909036111567758
Non-Free,0,Sims Con_148,0.0,-1.0,Correct,0.5,67.62861323230696
Non-Free,0,Sims Con_148,0.5,-1.0,Error,-0.5,14.616225546605296
Non-Free,0,Sims Con_148,0.5,-1.0,Correct,0.5,83.9523467999057
Non-Free,0,Sims Con_148,-0.5,0.0,Error,-0.5,42.313592525617835
Non-Free,0,Sims Con_148,-0.5,0.0,Correct,0.5,50.72421743853721
Non-Free,0,Sims Con_148,0.0,0.0,Error,-0.5,30.576963121266914
Non-Free,0,Sims Con_148,0.0,0.0,Correct,0.5,67.36328923136858
Non-Free,0,Sims Con_148,0.5,0.0,Error,-0.5,18.840333716915993
Non-Free,0,Sims Con_148,0.5,0.0,Correct,0.5,84.00236102419996
Non-Free,0,Sims Con_148,-0.5,1.0,Error,-0.5,41.425338374705454
Non-Free,0,Sims Con_148,-0.5,1.0,Correct,0.5,50.1435552123662
Non-Free,0,Sims Con_148,0.0,1.0,Error,-0.5,32.24489013096607
Non-Free,0,Sims Con_148,0.0,1.0,Correct,0.5,67.0979652304302
Non-Free,0,Sims Con_148,0.5,1.0,Error,-0.5,23.064441887226685
Non-Free,0,Sims Con_148,0.5,1.0,Correct,0.5,84.05237524849422
Free,1,Sims Con_149,-0.5,-1.0,Error,-0.5,56.1337939543491
Free,1,Sims Con_149,-0.5,-1.0,Correct,0.5,56.550312247801536
Free,1,Sims Con_149,0.0,-1.0,Error,-0.5,55.099346082665015
Free,1,Sims Con_149,0.0,-1.0,Correct,0.5,64.684233543831
Free,1,Sims Con_149,0.5,-1.0,Error,-0.5,54.06489821098093
Free,1,Sims Con_149,0.5,-1.0,Correct,0.5,72.81815483986047
Free,1,Sims Con_149,-0.5,0.0,Error,-0.5,56.79671807526214
Free,1,Sims Con_149,-0.5,0.0,Correct,0.5,56.63548437027285
Free,1,Sims Con_149,0.0,0.0,Error,-0.5,56.15439851943245
Free,1,Sims Con_149,0.0,0.0,Correct,0.5,64.89601475810737
Free,1,Sims Con_149,0.5,0.0,Error,-0.5,55.512078963602754
Free,1,Sims Con_149,0.5,0.0,Correct,0.5,73.15654514594189
Free,1,Sims Con_149,-0.5,1.0,Error,-0.5,57.45964219617518
Free,1,Sims Con_149,-0.5,1.0,Correct,0.5,56.72065649274416
Free,1,Sims Con_149,0.0,1.0,Error,-0.5,57.20945095619988
Free,1,Sims Con_149,0.0,1.0,Correct,0.5,65.10779597238374
Free,1,Sims Con_149,0.5,1.0,Error,-0.5,56.95925971622458
Free,1,Sims Con_149,0.5,1.0,Correct,0.5,73.49493545202331
Non-Free,0,Sims Con_149,-0.5,-1.0,Error,-0.5,49.97552374208286
Non-Free,0,Sims Con_149,-0.5,-1.0,Correct,0.5,52.02514141011815
Non-Free,0,Sims Con_149,0.0,-1.0,Error,-0.5,45.522061152633846
Non-Free,0,Sims Con_149,0.0,-1.0,Correct,0.5,62.52259299013854
Non-Free,0,Sims Con_149,0.5,-1.0,Error,-0.5,41.06859856318483
Non-Free,0,Sims Con_149,0.5,-1.0,Correct,0.5,73.02004457015894
Non-Free,0,Sims Con_149,-0.5,0.0,Error,-0.5,49.92766650570663
Non-Free,0,Sims Con_149,-0.5,0.0,Correct,0.5,52.14196180707912
Non-Free,0,Sims Con_149,0.0,0.0,Error,-0.5,46.21976050264602
Non-Free,0,Sims Con_149,0.0,0.0,Correct,0.5,62.92099222985055
Non-Free,0,Sims Con_149,0.5,0.0,Error,-0.5,42.511854499585404
Non-Free,0,Sims Con_149,0.5,0.0,Correct,0.5,73.70002265262198
Non-Free,0,Sims Con_149,-0.5,1.0,Error,-0.5,49.8798092693304
Non-Free,0,Sims Con_149,-0.5,1.0,Correct,0.5,52.25878220404009
Non-Free,0,Sims Con_149,0.0,1.0,Error,-0.5,46.91745985265819
Non-Free,0,Sims Con_149,0.0,1.0,Correct,0.5,63.319391469562554
Non-Free,0,Sims Con_149,0.5,1.0,Error,-0.5,43.95511043598598
Non-Free,0,Sims Con_149,0.5,1.0,Correct,0.5,74.38000073508503
Free,1,Sims Con_15,-0.5,-1.0,Error,-0.5,50.11037664220347
Free,1,Sims Con_15,-0.5,-1.0,Correct,0.5,50.6037708035291
Free,1,Sims Con_15,0.0,-1.0,Error,-0.5,47.931595161280526
Free,1,Sims Con_15,0.0,-1.0,Correct,0.5,53.64915716004452
Free,1,Sims Con_15,0.5,-1.0,Error,-0.5,45.75281368035759
Free,1,Sims Con_15,0.5,-1.0,Correct,0.5,56.694543516559925
Free,1,Sims Con_15,-0.5,0.0,Error,-0.5,50.26767120278465
Free,1,Sims Con_15,-0.5,0.0,Correct,0.5,50.690164155570166
Free,1,Sims Con_15,0.0,0.0,Error,-0.5,47.901575451788496
Free,1,Sims Con_15,0.0,0.0,Correct,0.5,53.76396643636206
Free,1,Sims Con_15,0.5,0.0,Error,-0.5,45.535479700792344
Free,1,Sims Con_15,0.5,0.0,Correct,0.5,56.837768717153956
Free,1,Sims Con_15,-0.5,1.0,Error,-0.5,50.424965763365826
Free,1,Sims Con_15,-0.5,1.0,Correct,0.5,50.77655750761123
Free,1,Sims Con_15,0.0,1.0,Error,-0.5,47.871555742296465
Free,1,Sims Con_15,0.0,1.0,Correct,0.5,53.878775712679605
Free,1,Sims Con_15,0.5,1.0,Error,-0.5,45.3181457212271
Free,1,Sims Con_15,0.5,1.0,Correct,0.5,56.98099391774798
Non-Free,0,Sims Con_15,-0.5,-1.0,Error,-0.5,42.226309121621625
Non-Free,0,Sims Con_15,-0.5,-1.0,Correct,0.5,43.625458459283685
Non-Free,0,Sims Con_15,0.0,-1.0,Error,-0.5,39.60076013513515
Non-Free,0,Sims Con_15,0.0,-1.0,Correct,0.5,48.66822845103967
Non-Free,0,Sims Con_15,0.5,-1.0,Error,-0.5,36.97521114864867
Non-Free,0,Sims Con_15,0.5,-1.0,Correct,0.5,53.710998442795656
Non-Free,0,Sims Con_15,-0.5,0.0,Error,-0.5,42.50764358108109
Non-Free,0,Sims Con_15,-0.5,0.0,Correct,0.5,43.697137491984975
Non-Free,0,Sims Con_15,0.0,0.0,Error,-0.5,39.71043074324326
Non-Free,0,Sims Con_15,0.0,0.0,Correct,0.5,48.786294311624076
Non-Free,0,Sims Con_15,0.5,0.0,Error,-0.5,36.913217905405425
Non-Free,0,Sims Con_15,0.5,0.0,Correct,0.5,53.875451131263176
Non-Free,0,Sims Con_15,-0.5,1.0,Error,-0.5,42.788978040540556
Non-Free,0,Sims Con_15,-0.5,1.0,Correct,0.5,43.768816524686265
Non-Free,0,Sims Con_15,0.0,1.0,Error,-0.5,39.82010135135137
Non-Free,0,Sims Con_15,0.0,1.0,Correct,0.5,48.904360172208484
Non-Free,0,Sims Con_15,0.5,1.0,Error,-0.5,36.85122466216218
Non-Free,0,Sims Con_15,0.5,1.0,Correct,0.5,54.0399038197307
Free,1,Sims Con_150,-0.5,-1.0,Error,-0.5,69.37234042553187
Free,1,Sims Con_150,-0.5,-1.0,Correct,0.5,73.8067861564104
Free,1,Sims Con_150,0.0,-1.0,Error,-0.5,65.62978723404248
Free,1,Sims Con_150,0.0,-1.0,Correct,0.5,83.56218273234025
Free,1,Sims Con_150,0.5,-1.0,Error,-0.5,61.88723404255309
Free,1,Sims Con_150,0.5,-1.0,Correct,0.5,93.31757930827008
Free,1,Sims Con_150,-0.5,0.0,Error,-0.5,70.363829787234
Free,1,Sims Con_150,-0.5,0.0,Correct,0.5,74.58721532359579
Free,1,Sims Con_150,0.0,0.0,Error,-0.5,67.20106382978717
Free,1,Sims Con_150,0.0,0.0,Correct,0.5,84.06974312557927
Free,1,Sims Con_150,0.5,0.0,Error,-0.5,64.03829787234035
Free,1,Sims Con_150,0.5,0.0,Correct,0.5,93.55227092756274
Free,1,Sims Con_150,-0.5,1.0,Error,-0.5,71.35531914893612
Free,1,Sims Con_150,-0.5,1.0,Correct,0.5,75.36764449078117
Free,1,Sims Con_150,0.0,1.0,Error,-0.5,68.77234042553187
Free,1,Sims Con_150,0.0,1.0,Correct,0.5,84.57730351881828
Free,1,Sims Con_150,0.5,1.0,Error,-0.5,66.18936170212761
Free,1,Sims Con_150,0.5,1.0,Correct,0.5,93.78696254685539
Non-Free,0,Sims Con_150,-0.5,-1.0,Error,-0.5,41.066980586660165
Non-Free,0,Sims Con_150,-0.5,-1.0,Correct,0.5,58.063220023249244
Non-Free,0,Sims Con_150,0.0,-1.0,Error,-0.5,24.85786498904575
Non-Free,0,Sims Con_150,0.0,-1.0,Correct,0.5,74.8826250287224
Non-Free,0,Sims Con_150,0.5,-1.0,Error,-0.5,8.648749391431343
Non-Free,0,Sims Con_150,0.5,-1.0,Correct,0.5,91.70203003419554
Non-Free,0,Sims Con_150,-0.5,0.0,Error,-0.5,41.41109572784811
Non-Free,0,Sims Con_150,-0.5,0.0,Correct,0.5,58.73471857037832
Non-Free,0,Sims Con_150,0.0,0.0,Error,-0.5,26.88468384858812
Non-Free,0,Sims Con_150,0.0,0.0,Correct,0.5,75.73816654216708
Non-Free,0,Sims Con_150,0.5,0.0,Error,-0.5,12.35827196932814
Non-Free,0,Sims Con_150,0.5,0.0,Correct,0.5,92.74161451395584
Non-Free,0,Sims Con_150,-0.5,1.0,Error,-0.5,41.75521086903605
Non-Free,0,Sims Con_150,-0.5,1.0,Correct,0.5,59.406217117507396
Non-Free,0,Sims Con_150,0.0,1.0,Error,-0.5,28.91150270813049
Non-Free,0,Sims Con_150,0.0,1.0,Correct,0.5,76.59370805561176
Non-Free,0,Sims Con_150,0.5,1.0,Error,-0.5,16.067794547224935
Non-Free,0,Sims Con_150,0.5,1.0,Correct,0.5,93.78119899371612
Free,1,Sims Con_151,-0.5,-1.0,Error,-0.5,56.27913279132794
Free,1,Sims Con_151,-0.5,-1.0,Correct,0.5,55.62708685800743
Free,1,Sims Con_151,0.0,-1.0,Error,-0.5,54.82926829268291
Free,1,Sims Con_151,0.0,-1.0,Correct,0.5,65.15481542556445
Free,1,Sims Con_151,0.5,-1.0,Error,-0.5,53.379403794037884
Free,1,Sims Con_151,0.5,-1.0,Correct,0.5,74.68254399312147
Free,1,Sims Con_151,-0.5,0.0,Error,-0.5,60.66395663956642
Free,1,Sims Con_151,-0.5,0.0,Correct,0.5,60.51800459512312
Free,1,Sims Con_151,0.0,0.0,Error,-0.5,60.682926829268304
Free,1,Sims Con_151,0.0,0.0,Correct,0.5,70.60966438479039
Free,1,Sims Con_151,0.5,0.0,Error,-0.5,60.701897018970186
Free,1,Sims Con_151,0.5,0.0,Correct,0.5,80.70132417445767
Free,1,Sims Con_151,-0.5,1.0,Error,-0.5,65.0487804878049
Free,1,Sims Con_151,-0.5,1.0,Correct,0.5,65.4089223322388
Free,1,Sims Con_151,0.0,1.0,Error,-0.5,66.5365853658537
Free,1,Sims Con_151,0.0,1.0,Correct,0.5,76.06451334401633
Free,1,Sims Con_151,0.5,1.0,Error,-0.5,68.02439024390249
Free,1,Sims Con_151,0.5,1.0,Correct,0.5,86.72010435579386
Non-Free,0,Sims Con_151,-0.5,-1.0,Error,-0.5,49.69840547991932
Non-Free,0,Sims Con_151,-0.5,-1.0,Correct,0.5,52.73616677529688
Non-Free,0,Sims Con_151,0.0,-1.0,Error,-0.5,41.34767961130964
Non-Free,0,Sims Con_151,0.0,-1.0,Correct,0.5,63.9091391583965
Non-Free,0,Sims Con_151,0.5,-1.0,Error,-0.5,32.99695374269995
Non-Free,0,Sims Con_151,0.5,-1.0,Correct,0.5,75.08211154149612
Non-Free,0,Sims Con_151,-0.5,0.0,Error,-0.5,51.004936374686345
Non-Free,0,Sims Con_151,-0.5,0.0,Correct,0.5,56.023700144250135
Non-Free,0,Sims Con_151,0.0,0.0,Error,-0.5,43.17262514817487
Non-Free,0,Sims Con_151,0.0,0.0,Correct,0.5,68.46394269820341
Non-Free,0,Sims Con_151,0.5,0.0,Error,-0.5,35.3403139216634
Non-Free,0,Sims Con_151,0.5,0.0,Correct,0.5,80.90418525215668
Non-Free,0,Sims Con_151,-0.5,1.0,Error,-0.5,52.31146726945337
Non-Free,0,Sims Con_151,-0.5,1.0,Correct,0.5,59.31123351320339
Non-Free,0,Sims Con_151,0.0,1.0,Error,-0.5,44.99757068504011
Non-Free,0,Sims Con_151,0.0,1.0,Correct,0.5,73.01874623801032
Non-Free,0,Sims Con_151,0.5,1.0,Error,-0.5,37.68367410062685
Non-Free,0,Sims Con_151,0.5,1.0,Correct,0.5,86.72625896281724
Free,1,Sims Con_152,-0.5,-1.0,Error,-0.5,64.10286906161939
Free,1,Sims Con_152,-0.5,-1.0,Correct,0.5,71.45344394602768
Free,1,Sims Con_152,0.0,-1.0,Error,-0.5,57.50708944460474
Free,1,Sims Con_152,0.0,-1.0,Correct,0.5,82.5951174795803
Free,1,Sims Con_152,0.5,-1.0,Error,-0.5,50.91130982759009
Free,1,Sims Con_152,0.5,-1.0,Correct,0.5,93.73679101313292
Free,1,Sims Con_152,-0.5,0.0,Error,-0.5,63.809505846850286
Free,1,Sims Con_152,-0.5,0.0,Correct,0.5,71.04876399383838
Free,1,Sims Con_152,0.0,0.0,Error,-0.5,57.320966560898256
Free,1,Sims Con_152,0.0,0.0,Correct,0.5,82.4690394455632
Free,1,Sims Con_152,0.5,0.0,Error,-0.5,50.83242727494623
Free,1,Sims Con_152,0.5,0.0,Correct,0.5,93.88931489728802
Free,1,Sims Con_152,-0.5,1.0,Error,-0.5,63.516142632081184
Free,1,Sims Con_152,-0.5,1.0,Correct,0.5,70.64408404164908
Free,1,Sims Con_152,0.0,1.0,Error,-0.5,57.134843677191775
Free,1,Sims Con_152,0.0,1.0,Correct,0.5,82.3429614115461
Free,1,Sims Con_152,0.5,1.0,Error,-0.5,50.753544722302365
Free,1,Sims Con_152,0.5,1.0,Correct,0.5,94.04183878144312
Non-Free,0,Sims Con_152,-0.5,-1.0,Error,-0.5,35.63376925392856
Non-Free,0,Sims Con_152,-0.5,-1.0,Correct,0.5,57.751338348939555
Non-Free,0,Sims Con_152,0.0,-1.0,Error,-0.5,21.740339900403924
Non-Free,0,Sims Con_152,0.0,-1.0,Correct,0.5,75.88401454442722
Non-Free,0,Sims Con_152,0.5,-1.0,Error,-0.5,7.846910546879283
Non-Free,0,Sims Con_152,0.5,-1.0,Correct,0.5,94.01669073991488
Non-Free,0,Sims Con_152,-0.5,0.0,Error,-0.5,35.85171974654543
Non-Free,0,Sims Con_152,-0.5,0.0,Correct,0.5,58.01133874383601
Non-Free,0,Sims Con_152,0.0,0.0,Error,-0.5,21.276380347929013
Non-Free,0,Sims Con_152,0.0,0.0,Correct,0.5,75.90979158257699
Non-Free,0,Sims Con_152,0.5,0.0,Error,-0.5,6.7010409493125955
Non-Free,0,Sims Con_152,0.5,0.0,Correct,0.5,93.80824442131797
Non-Free,0,Sims Con_152,-0.5,1.0,Error,-0.5,36.06967023916229
Non-Free,0,Sims Con_152,-0.5,1.0,Correct,0.5,58.27133913873247
Non-Free,0,Sims Con_152,0.0,1.0,Error,-0.5,20.812420795454102
Non-Free,0,Sims Con_152,0.0,1.0,Correct,0.5,75.93556862072676
Non-Free,0,Sims Con_152,0.5,1.0,Error,-0.5,5.5551713517459085
Non-Free,0,Sims Con_152,0.5,1.0,Correct,0.5,93.59979810272104
Free,1,Sims Con_153,-0.5,-1.0,Error,-0.5,97.05360134003342
Free,1,Sims Con_153,-0.5,-1.0,Correct,0.5,98.62095727063581
Free,1,Sims Con_153,0.0,-1.0,Error,-0.5,106.75209380234496
Free,1,Sims Con_153,0.0,-1.0,Correct,0.5,99.33765548603118
Free,1,Sims Con_153,0.5,-1.0,Error,-0.5,116.4505862646565
Free,1,Sims Con_153,0.5,-1.0,Correct,0.5,100.05435370142655
Free,1,Sims Con_153,-0.5,0.0,Error,-0.5,97.33668341708537
Free,1,Sims Con_153,-0.5,0.0,Correct,0.5,98.68981562154865
Free,1,Sims Con_153,0.0,0.0,Error,-0.5,91.99999999999993
Free,1,Sims Con_153,0.0,0.0,Correct,0.5,99.39420670949164
Free,1,Sims Con_153,0.5,0.0,Error,-0.5,86.66331658291449
Free,1,Sims Con_153,0.5,0.0,Correct,0.5,100.09859779743464
Free,1,Sims Con_153,-0.5,1.0,Error,-0.5,97.61976549413731
Free,1,Sims Con_153,-0.5,1.0,Correct,0.5,98.75867397246148
Free,1,Sims Con_153,0.0,1.0,Error,-0.5,77.2479061976549
Free,1,Sims Con_153,0.0,1.0,Correct,0.5,99.4507579329521
Free,1,Sims Con_153,0.5,1.0,Error,-0.5,56.87604690117248
Free,1,Sims Con_153,0.5,1.0,Correct,0.5,100.14284189344272
Non-Free,0,Sims Con_153,-0.5,-1.0,Error,-0.5,41.22623450859835
Non-Free,0,Sims Con_153,-0.5,-1.0,Correct,0.5,83.42618977408021
Non-Free,0,Sims Con_153,0.0,-1.0,Error,-0.5,20.999323502097575
Non-Free,0,Sims Con_153,0.0,-1.0,Correct,0.5,91.71799132051314
Non-Free,0,Sims Con_153,0.5,-1.0,Error,-0.5,0.7724124955967949
Non-Free,0,Sims Con_153,0.5,-1.0,Correct,0.5,100.00979286694604
Non-Free,0,Sims Con_153,-0.5,0.0,Error,-0.5,41.79402440195983
Non-Free,0,Sims Con_153,-0.5,0.0,Correct,0.5,83.3971145375261
Non-Free,0,Sims Con_153,0.0,0.0,Error,-0.5,20.964425817401604
Non-Free,0,Sims Con_153,0.0,0.0,Correct,0.5,91.70077585814983
Non-Free,0,Sims Con_153,0.5,0.0,Error,-0.5,0.1348272328433744
Non-Free,0,Sims Con_153,0.5,0.0,Correct,0.5,100.00443717877356
Non-Free,0,Sims Con_153,-0.5,1.0,Error,-0.5,42.36181429532131
Non-Free,0,Sims Con_153,-0.5,1.0,Correct,0.5,83.36803930097197
Non-Free,0,Sims Con_153,0.0,1.0,Error,-0.5,20.929528132705634
Non-Free,0,Sims Con_153,0.0,1.0,Correct,0.5,91.68356039578651
Non-Free,0,Sims Con_153,0.5,1.0,Error,-0.5,-0.5027580299100454
Non-Free,0,Sims Con_153,0.5,1.0,Correct,0.5,99.99908149060106
Free,1,Sims Con_154,-0.5,-1.0,Error,-0.5,67.04349953515688
Free,1,Sims Con_154,-0.5,-1.0,Correct,0.5,72.10315709336969
Free,1,Sims Con_154,0.0,-1.0,Error,-0.5,61.691148407300545
Free,1,Sims Con_154,0.0,-1.0,Correct,0.5,82.5057977110909
Free,1,Sims Con_154,0.5,-1.0,Error,-0.5,56.33879727944421
Free,1,Sims Con_154,0.5,-1.0,Correct,0.5,92.90843832881212
Free,1,Sims Con_154,-0.5,0.0,Error,-0.5,67.62655967118468
Free,1,Sims Con_154,-0.5,0.0,Correct,0.5,72.73262381260047
Free,1,Sims Con_154,0.0,0.0,Error,-0.5,62.85555609923185
Free,1,Sims Con_154,0.0,0.0,Correct,0.5,82.96106338349267
Free,1,Sims Con_154,0.5,0.0,Error,-0.5,58.08455252727902
Free,1,Sims Con_154,0.5,0.0,Correct,0.5,93.18950295438488
Free,1,Sims Con_154,-0.5,1.0,Error,-0.5,68.20961980721248
Free,1,Sims Con_154,-0.5,1.0,Correct,0.5,73.36209053183124
Free,1,Sims Con_154,0.0,1.0,Error,-0.5,64.01996379116315
Free,1,Sims Con_154,0.0,1.0,Correct,0.5,83.41632905589444
Free,1,Sims Con_154,0.5,1.0,Error,-0.5,59.83030777511383
Free,1,Sims Con_154,0.5,1.0,Correct,0.5,93.47056757995763
Non-Free,0,Sims Con_154,-0.5,-1.0,Error,-0.5,41.48789670831515
Non-Free,0,Sims Con_154,-0.5,-1.0,Correct,0.5,59.31454881698038
Non-Free,0,Sims Con_154,0.0,-1.0,Error,-0.5,26.01857185006542
Non-Free,0,Sims Con_154,0.0,-1.0,Correct,0.5,76.02693364151219
Non-Free,0,Sims Con_154,0.5,-1.0,Error,-0.5,10.549246991815686
Non-Free,0,Sims Con_154,0.5,-1.0,Correct,0.5,92.739318466044
Non-Free,0,Sims Con_154,-0.5,0.0,Error,-0.5,41.02448880108781
Non-Free,0,Sims Con_154,-0.5,0.0,Correct,0.5,59.004170505627584
Non-Free,0,Sims Con_154,0.0,0.0,Error,-0.5,25.146644174769733
Non-Free,0,Sims Con_154,0.0,0.0,Correct,0.5,75.83495171538486
Non-Free,0,Sims Con_154,0.5,0.0,Error,-0.5,9.268799548451652
Non-Free,0,Sims Con_154,0.5,0.0,Correct,0.5,92.66573292514214
Non-Free,0,Sims Con_154,-0.5,1.0,Error,-0.5,40.56108089386048
Non-Free,0,Sims Con_154,-0.5,1.0,Correct,0.5,58.69379219427479
Non-Free,0,Sims Con_154,0.0,1.0,Error,-0.5,24.274716499474046
Non-Free,0,Sims Con_154,0.0,1.0,Correct,0.5,75.64296978925753
Non-Free,0,Sims Con_154,0.5,1.0,Error,-0.5,7.988352105087617
Non-Free,0,Sims Con_154,0.5,1.0,Correct,0.5,92.59214738424028
Free,1,Sims Con_155,-0.5,-1.0,Error,-0.5,98.40015682174595
Free,1,Sims Con_155,-0.5,-1.0,Correct,0.5,99.0650554524336
Free,1,Sims Con_155,0.0,-1.0,Error,-0.5,99.07135389440663
Free,1,Sims Con_155,0.0,-1.0,Correct,0.5,99.57629958765688
Free,1,Sims Con_155,0.5,-1.0,Error,-0.5,99.7425509670673
Free,1,Sims Con_155,0.5,-1.0,Correct,0.5,100.08754372288016
Free,1,Sims Con_155,-0.5,0.0,Error,-0.5,98.39244641923685
Free,1,Sims Con_155,-0.5,0.0,Correct,0.5,99.16390048016429
Free,1,Sims Con_155,0.0,0.0,Error,-0.5,99.07135389440666
Free,1,Sims Con_155,0.0,0.0,Correct,0.5,99.62279283835011
Free,1,Sims Con_155,0.5,0.0,Error,-0.5,99.75026136957646
Free,1,Sims Con_155,0.5,0.0,Correct,0.5,100.08168519653593
Free,1,Sims Con_155,-0.5,1.0,Error,-0.5,98.38473601672774
Free,1,Sims Con_155,-0.5,1.0,Correct,0.5,99.26274550789498
Free,1,Sims Con_155,0.0,1.0,Error,-0.5,99.07135389440668
Free,1,Sims Con_155,0.0,1.0,Correct,0.5,99.66928608904334
Free,1,Sims Con_155,0.5,1.0,Error,-0.5,99.75797177208563
Free,1,Sims Con_155,0.5,1.0,Correct,0.5,100.0758266701917
Non-Free,0,Sims Con_155,-0.5,-1.0,Error,-0.5,49.2836884230931
Non-Free,0,Sims Con_155,-0.5,-1.0,Correct,0.5,77.1683738454881
Non-Free,0,Sims Con_155,0.0,-1.0,Error,-0.5,28.65183529037854
Non-Free,0,Sims Con_155,0.0,-1.0,Correct,0.5,88.55204593126061
Non-Free,0,Sims Con_155,0.5,-1.0,Error,-0.5,8.01998215766397
Non-Free,0,Sims Con_155,0.5,-1.0,Correct,0.5,99.93571801703311
Non-Free,0,Sims Con_155,-0.5,0.0,Error,-0.5,47.552829206047505
Non-Free,0,Sims Con_155,-0.5,0.0,Correct,0.5,76.11547499117316
Non-Free,0,Sims Con_155,0.0,0.0,Error,-0.5,28.553310665909336
Non-Free,0,Sims Con_155,0.0,0.0,Correct,0.5,88.10818900700495
Non-Free,0,Sims Con_155,0.5,0.0,Error,-0.5,9.553792125771167
Non-Free,0,Sims Con_155,0.5,0.0,Correct,0.5,100.10090302283675
Non-Free,0,Sims Con_155,-0.5,1.0,Error,-0.5,45.82196998900191
Non-Free,0,Sims Con_155,-0.5,1.0,Correct,0.5,75.06257613685821
Non-Free,0,Sims Con_155,0.0,1.0,Error,-0.5,28.454786041440133
Non-Free,0,Sims Con_155,0.0,1.0,Correct,0.5,87.6643320827493
Non-Free,0,Sims Con_155,0.5,1.0,Error,-0.5,11.087602093878363
Non-Free,0,Sims Con_155,0.5,1.0,Correct,0.5,100.26608802864038
Free,1,Sims Con_156,-0.5,-1.0,Error,-0.5,67.10293759198012
Free,1,Sims Con_156,-0.5,-1.0,Correct,0.5,67.70117995314983
Free,1,Sims Con_156,0.0,-1.0,Error,-0.5,64.67410755125562
Free,1,Sims Con_156,0.0,-1.0,Correct,0.5,71.98879679153914
Free,1,Sims Con_156,0.5,-1.0,Error,-0.5,62.2452775105311
Free,1,Sims Con_156,0.5,-1.0,Correct,0.5,76.27641362992844
Free,1,Sims Con_156,-0.5,0.0,Error,-0.5,66.85325301811393
Free,1,Sims Con_156,-0.5,0.0,Correct,0.5,67.38195080119448
Free,1,Sims Con_156,0.0,0.0,Error,-0.5,64.58240711122465
Free,1,Sims Con_156,0.0,0.0,Correct,0.5,71.89645379688699
Free,1,Sims Con_156,0.5,0.0,Error,-0.5,62.31156120433537
Free,1,Sims Con_156,0.5,0.0,Correct,0.5,76.4109567925795
Free,1,Sims Con_156,-0.5,1.0,Error,-0.5,66.60356844424774
Free,1,Sims Con_156,-0.5,1.0,Correct,0.5,67.06272164923912
Free,1,Sims Con_156,0.0,1.0,Error,-0.5,64.49070667119369
Free,1,Sims Con_156,0.0,1.0,Correct,0.5,71.80411080223483
Free,1,Sims Con_156,0.5,1.0,Error,-0.5,62.377844898139635
Free,1,Sims Con_156,0.5,1.0,Correct,0.5,76.54549995523054
Non-Free,0,Sims Con_156,-0.5,-1.0,Error,-0.5,46.240039516794525
Non-Free,0,Sims Con_156,-0.5,-1.0,Correct,0.5,47.81348022678669
Non-Free,0,Sims Con_156,0.0,-1.0,Error,-0.5,41.912550333891964
Non-Free,0,Sims Con_156,0.0,-1.0,Correct,0.5,57.36436081141461
Non-Free,0,Sims Con_156,0.5,-1.0,Error,-0.5,37.58506115098941
Non-Free,0,Sims Con_156,0.5,-1.0,Correct,0.5,66.91524139604253
Non-Free,0,Sims Con_156,-0.5,0.0,Error,-0.5,46.13959682865211
Non-Free,0,Sims Con_156,-0.5,0.0,Correct,0.5,47.914580669159065
Non-Free,0,Sims Con_156,0.0,0.0,Error,-0.5,42.24044593952428
Non-Free,0,Sims Con_156,0.0,0.0,Correct,0.5,57.51057533579963
Non-Free,0,Sims Con_156,0.5,0.0,Error,-0.5,38.34129505039645
Non-Free,0,Sims Con_156,0.5,0.0,Correct,0.5,67.1065700024402
Non-Free,0,Sims Con_156,-0.5,1.0,Error,-0.5,46.039154140509694
Non-Free,0,Sims Con_156,-0.5,1.0,Correct,0.5,48.01568111153144
Non-Free,0,Sims Con_156,0.0,1.0,Error,-0.5,42.56834154515659
Non-Free,0,Sims Con_156,0.0,1.0,Correct,0.5,57.656789860184645
Non-Free,0,Sims Con_156,0.5,1.0,Error,-0.5,39.09752894980349
Non-Free,0,Sims Con_156,0.5,1.0,Correct,0.5,67.29789860883785
Free,1,Sims Con_157,-0.5,-1.0,Error,-0.5,53.777472527472725
Free,1,Sims Con_157,-0.5,-1.0,Correct,0.5,53.77527164444594
Free,1,Sims Con_157,0.0,-1.0,Error,-0.5,53.58021978021995
Free,1,Sims Con_157,0.0,-1.0,Correct,0.5,65.86122344947445
Free,1,Sims Con_157,0.5,-1.0,Error,-0.5,53.382967032967166
Free,1,Sims Con_157,0.5,-1.0,Correct,0.5,77.94717525450297
Free,1,Sims Con_157,-0.5,0.0,Error,-0.5,54.30219780219789
Free,1,Sims Con_157,-0.5,0.0,Correct,0.5,54.77936137164265
Free,1,Sims Con_157,0.0,0.0,Error,-0.5,54.000000000000064
Free,1,Sims Con_157,0.0,0.0,Correct,0.5,67.19637443933966
Free,1,Sims Con_157,0.5,0.0,Error,-0.5,53.69780219780224
Free,1,Sims Con_157,0.5,0.0,Correct,0.5,79.61338750703668
Free,1,Sims Con_157,-0.5,1.0,Error,-0.5,54.82692307692305
Free,1,Sims Con_157,-0.5,1.0,Correct,0.5,55.783451098839365
Free,1,Sims Con_157,0.0,1.0,Error,-0.5,54.41978021978018
Free,1,Sims Con_157,0.0,1.0,Correct,0.5,68.53152542920488
Free,1,Sims Con_157,0.5,1.0,Error,-0.5,54.012637362637314
Free,1,Sims Con_157,0.5,1.0,Correct,0.5,81.27959975957039
Non-Free,0,Sims Con_157,-0.5,-1.0,Error,-0.5,47.07350222654647
Non-Free,0,Sims Con_157,-0.5,-1.0,Correct,0.5,51.07365518130547
Non-Free,0,Sims Con_157,0.0,-1.0,Error,-0.5,41.307038880365276
Non-Free,0,Sims Con_157,0.0,-1.0,Correct,0.5,65.40454933494365
Non-Free,0,Sims Con_157,0.5,-1.0,Error,-0.5,35.54057553418407
Non-Free,0,Sims Con_157,0.5,-1.0,Correct,0.5,79.73544348858184
Non-Free,0,Sims Con_157,-0.5,0.0,Error,-0.5,47.13943793735738
Non-Free,0,Sims Con_157,-0.5,0.0,Correct,0.5,51.85559411870376
Non-Free,0,Sims Con_157,0.0,0.0,Error,-0.5,39.835770684429185
Non-Free,0,Sims Con_157,0.0,0.0,Correct,0.5,66.7073751310038
Non-Free,0,Sims Con_157,0.5,0.0,Error,-0.5,32.53210343150099
Non-Free,0,Sims Con_157,0.5,0.0,Correct,0.5,81.55915614330384
Non-Free,0,Sims Con_157,-0.5,1.0,Error,-0.5,47.20537364816828
Non-Free,0,Sims Con_157,-0.5,1.0,Correct,0.5,52.63753305610206
Non-Free,0,Sims Con_157,0.0,1.0,Error,-0.5,38.364502488493095
Non-Free,0,Sims Con_157,0.0,1.0,Correct,0.5,68.01020092706395
Non-Free,0,Sims Con_157,0.5,1.0,Error,-0.5,29.523631328817906
Non-Free,0,Sims Con_157,0.5,1.0,Correct,0.5,83.38286879802584
Free,1,Sims Con_158,-0.5,-1.0,Error,-0.5,69.65715163305013
Free,1,Sims Con_158,-0.5,-1.0,Correct,0.5,75.88700723180717
Free,1,Sims Con_158,0.0,-1.0,Error,-0.5,62.56170779154303
Free,1,Sims Con_158,0.0,-1.0,Correct,0.5,85.1260634943548
Free,1,Sims Con_158,0.5,-1.0,Error,-0.5,55.466263950035916
Free,1,Sims Con_158,0.5,-1.0,Correct,0.5,94.36511975690242
Free,1,Sims Con_158,-0.5,0.0,Error,-0.5,70.59288420190443
Free,1,Sims Con_158,-0.5,0.0,Correct,0.5,76.7641010695095
Free,1,Sims Con_158,0.0,0.0,Error,-0.5,62.987616463601995
Free,1,Sims Con_158,0.0,0.0,Correct,0.5,85.63716573345214
Free,1,Sims Con_158,0.5,0.0,Error,-0.5,55.382348725299565
Free,1,Sims Con_158,0.5,0.0,Correct,0.5,94.51023039739478
Free,1,Sims Con_158,-0.5,1.0,Error,-0.5,71.52861677075872
Free,1,Sims Con_158,-0.5,1.0,Correct,0.5,77.64119490721181
Free,1,Sims Con_158,0.0,1.0,Error,-0.5,63.41352513566096
Free,1,Sims Con_158,0.0,1.0,Correct,0.5,86.14826797254948
Free,1,Sims Con_158,0.5,1.0,Error,-0.5,55.29843350056321
Free,1,Sims Con_158,0.5,1.0,Correct,0.5,94.65534103788714
Non-Free,0,Sims Con_158,-0.5,-1.0,Error,-0.5,39.6324865065943
Non-Free,0,Sims Con_158,-0.5,-1.0,Correct,0.5,61.1927246150378
Non-Free,0,Sims Con_158,0.0,-1.0,Error,-0.5,25.52966393427204
Non-Free,0,Sims Con_158,0.0,-1.0,Correct,0.5,77.30522482140871
Non-Free,0,Sims Con_158,0.5,-1.0,Error,-0.5,11.426841361949785
Non-Free,0,Sims Con_158,0.5,-1.0,Correct,0.5,93.41772502777964
Non-Free,0,Sims Con_158,-0.5,0.0,Error,-0.5,40.2444683572928
Non-Free,0,Sims Con_158,-0.5,0.0,Correct,0.5,61.79519223108745
Non-Free,0,Sims Con_158,0.0,0.0,Error,-0.5,25.392387366126634
Non-Free,0,Sims Con_158,0.0,0.0,Correct,0.5,77.60898599408263
Non-Free,0,Sims Con_158,0.5,0.0,Error,-0.5,10.540306374960469
Non-Free,0,Sims Con_158,0.5,0.0,Correct,0.5,93.4227797570778
Non-Free,0,Sims Con_158,-0.5,1.0,Error,-0.5,40.85645020799131
Non-Free,0,Sims Con_158,-0.5,1.0,Correct,0.5,62.3976598471371
Non-Free,0,Sims Con_158,0.0,1.0,Error,-0.5,25.255110797981228
Non-Free,0,Sims Con_158,0.0,1.0,Correct,0.5,77.91274716675655
Non-Free,0,Sims Con_158,0.5,1.0,Error,-0.5,9.653771387971151
Non-Free,0,Sims Con_158,0.5,1.0,Correct,0.5,93.42783448637597
Free,1,Sims Con_159,-0.5,-1.0,Error,-0.5,58.84414199299577
Free,1,Sims Con_159,-0.5,-1.0,Correct,0.5,59.10723475011503
Free,1,Sims Con_159,0.0,-1.0,Error,-0.5,57.19353709009863
Free,1,Sims Con_159,0.0,-1.0,Correct,0.5,68.49053453430622
Free,1,Sims Con_159,0.5,-1.0,Error,-0.5,55.54293218720148
Free,1,Sims Con_159,0.5,-1.0,Correct,0.5,77.8738343184974
Free,1,Sims Con_159,-0.5,0.0,Error,-0.5,60.638984399872555
Free,1,Sims Con_159,-0.5,0.0,Correct,0.5,61.0545926039836
Free,1,Sims Con_159,0.0,0.0,Error,-0.5,58.78471028334918
Free,1,Sims Con_159,0.0,0.0,Correct,0.5,70.3866331866386
Free,1,Sims Con_159,0.5,0.0,Error,-0.5,56.9304361668258
Free,1,Sims Con_159,0.5,0.0,Correct,0.5,79.7186737692936
Free,1,Sims Con_159,-0.5,1.0,Error,-0.5,62.43382680674934
Free,1,Sims Con_159,-0.5,1.0,Correct,0.5,63.00195045785217
Free,1,Sims Con_159,0.0,1.0,Error,-0.5,60.375883476599725
Free,1,Sims Con_159,0.0,1.0,Correct,0.5,72.28273183897099
Free,1,Sims Con_159,0.5,1.0,Error,-0.5,58.31794014645012
Free,1,Sims Con_159,0.5,1.0,Correct,0.5,81.5635132200898
Non-Free,0,Sims Con_159,-0.5,-1.0,Error,-0.5,46.83887109098434
Non-Free,0,Sims Con_159,-0.5,-1.0,Correct,0.5,50.66272714263929
Non-Free,0,Sims Con_159,0.0,-1.0,Error,-0.5,41.927100405885724
Non-Free,0,Sims Con_159,0.0,-1.0,Correct,0.5,63.47959058231153
Non-Free,0,Sims Con_159,0.5,-1.0,Error,-0.5,37.0153297207871
Non-Free,0,Sims Con_159,0.5,-1.0,Correct,0.5,76.29645402198376
Non-Free,0,Sims Con_159,-0.5,0.0,Error,-0.5,47.82003981745663
Non-Free,0,Sims Con_159,-0.5,0.0,Correct,0.5,51.618173318060315
Non-Free,0,Sims Con_159,0.0,0.0,Error,-0.5,41.63037132582319
Non-Free,0,Sims Con_159,0.0,0.0,Correct,0.5,64.87039030555886
Non-Free,0,Sims Con_159,0.5,0.0,Error,-0.5,35.44070283418975
Non-Free,0,Sims Con_159,0.5,0.0,Correct,0.5,78.1226072930574
Non-Free,0,Sims Con_159,-0.5,1.0,Error,-0.5,48.80120854392892
Non-Free,0,Sims Con_159,-0.5,1.0,Correct,0.5,52.57361949348134
Non-Free,0,Sims Con_159,0.0,1.0,Error,-0.5,41.33364224576066
Non-Free,0,Sims Con_159,0.0,1.0,Correct,0.5,66.26119002880618
Non-Free,0,Sims Con_159,0.5,1.0,Error,-0.5,33.8660759475924
Non-Free,0,Sims Con_159,0.5,1.0,Correct,0.5,79.94876056413104
Free,1,Sims Con_16,-0.5,-1.0,Error,-0.5,71.06560220295134
Free,1,Sims Con_16,-0.5,-1.0,Correct,0.5,77.0144301630068
Free,1,Sims Con_16,0.0,-1.0,Error,-0.5,65.74251895937198
Free,1,Sims Con_16,0.0,-1.0,Correct,0.5,83.93981777876297
Free,1,Sims Con_16,0.5,-1.0,Error,-0.5,60.41943571579262
Free,1,Sims Con_16,0.5,-1.0,Correct,0.5,90.86520539451915
Free,1,Sims Con_16,-0.5,0.0,Error,-0.5,73.17769289703645
Free,1,Sims Con_16,-0.5,0.0,Correct,0.5,77.72170985981245
Free,1,Sims Con_16,0.0,0.0,Error,-0.5,66.95817723542932
Free,1,Sims Con_16,0.0,0.0,Correct,0.5,84.6992238171251
Free,1,Sims Con_16,0.5,0.0,Error,-0.5,60.738661573822185
Free,1,Sims Con_16,0.5,0.0,Correct,0.5,91.67673777443775
Free,1,Sims Con_16,-0.5,1.0,Error,-0.5,75.28978359112156
Free,1,Sims Con_16,-0.5,1.0,Correct,0.5,78.4289895566181
Free,1,Sims Con_16,0.0,1.0,Error,-0.5,68.17383551148666
Free,1,Sims Con_16,0.0,1.0,Correct,0.5,85.45862985548723
Free,1,Sims Con_16,0.5,1.0,Error,-0.5,61.05788743185175
Free,1,Sims Con_16,0.5,1.0,Correct,0.5,92.48827015435636
Non-Free,0,Sims Con_16,-0.5,-1.0,Error,-0.5,44.50719039597929
Non-Free,0,Sims Con_16,-0.5,-1.0,Correct,0.5,55.02053052960469
Non-Free,0,Sims Con_16,0.0,-1.0,Error,-0.5,23.30296230048777
Non-Free,0,Sims Con_16,0.0,-1.0,Correct,0.5,70.3101347393088
Non-Free,0,Sims Con_16,0.5,-1.0,Error,-0.5,2.098734204996248
Non-Free,0,Sims Con_16,0.5,-1.0,Correct,0.5,85.5997389490129
Non-Free,0,Sims Con_16,-0.5,0.0,Error,-0.5,40.911306561613536
Non-Free,0,Sims Con_16,-0.5,0.0,Correct,0.5,53.68675937059996
Non-Free,0,Sims Con_16,0.0,0.0,Error,-0.5,29.0006913314715
Non-Free,0,Sims Con_16,0.0,0.0,Correct,0.5,70.40950986135526
Non-Free,0,Sims Con_16,0.5,0.0,Error,-0.5,17.090076101329466
Non-Free,0,Sims Con_16,0.5,0.0,Correct,0.5,87.13226035211056
Non-Free,0,Sims Con_16,-0.5,1.0,Error,-0.5,37.31542272724778
Non-Free,0,Sims Con_16,-0.5,1.0,Correct,0.5,52.352988211595225
Non-Free,0,Sims Con_16,0.0,1.0,Error,-0.5,34.69842036245523
Non-Free,0,Sims Con_16,0.0,1.0,Correct,0.5,70.50888498340173
Non-Free,0,Sims Con_16,0.5,1.0,Error,-0.5,32.08141799766268
Non-Free,0,Sims Con_16,0.5,1.0,Correct,0.5,88.66478175520822
Free,1,Sims Con_160,-0.5,-1.0,Error,-0.5,60.598669464447525
Free,1,Sims Con_160,-0.5,-1.0,Correct,0.5,61.97754918776554
Free,1,Sims Con_160,0.0,-1.0,Error,-0.5,56.48293671610474
Free,1,Sims Con_160,0.0,-1.0,Correct,0.5,72.56370772063615
Free,1,Sims Con_160,0.5,-1.0,Error,-0.5,52.36720396776196
Free,1,Sims Con_160,0.5,-1.0,Correct,0.5,83.14986625350674
Free,1,Sims Con_160,-0.5,0.0,Error,-0.5,61.165625447088566
Free,1,Sims Con_160,-0.5,0.0,Correct,0.5,62.94310735225963
Free,1,Sims Con_160,0.0,0.0,Error,-0.5,57.013839477323685
Free,1,Sims Con_160,0.0,0.0,Correct,0.5,73.30666714259151
Free,1,Sims Con_160,0.5,0.0,Error,-0.5,52.862053507558805
Free,1,Sims Con_160,0.5,0.0,Correct,0.5,83.67022693292338
Free,1,Sims Con_160,-0.5,1.0,Error,-0.5,61.732581429729606
Free,1,Sims Con_160,-0.5,1.0,Correct,0.5,63.90866551675372
Free,1,Sims Con_160,0.0,1.0,Error,-0.5,57.54474223854263
Free,1,Sims Con_160,0.0,1.0,Correct,0.5,74.04962656454687
Free,1,Sims Con_160,0.5,1.0,Error,-0.5,53.35690304735565
Free,1,Sims Con_160,0.5,1.0,Correct,0.5,84.19058761234002
Non-Free,0,Sims Con_160,-0.5,-1.0,Error,-0.5,40.866211492371534
Non-Free,0,Sims Con_160,-0.5,-1.0,Correct,0.5,47.106140721978655
Non-Free,0,Sims Con_160,0.0,-1.0,Error,-0.5,32.78492780733032
Non-Free,0,Sims Con_160,0.0,-1.0,Correct,0.5,62.64103169422454
Non-Free,0,Sims Con_160,0.5,-1.0,Error,-0.5,24.703644122289113
Non-Free,0,Sims Con_160,0.5,-1.0,Correct,0.5,78.17592266647043
Non-Free,0,Sims Con_160,-0.5,0.0,Error,-0.5,40.85434734319284
Non-Free,0,Sims Con_160,-0.5,0.0,Correct,0.5,46.858817901925065
Non-Free,0,Sims Con_160,0.0,0.0,Error,-0.5,33.39792131875841
Non-Free,0,Sims Con_160,0.0,0.0,Correct,0.5,62.746995002101
Non-Free,0,Sims Con_160,0.5,0.0,Error,-0.5,25.94149529432397
Non-Free,0,Sims Con_160,0.5,0.0,Correct,0.5,78.63517210227694
Non-Free,0,Sims Con_160,-0.5,1.0,Error,-0.5,40.84248319401415
Non-Free,0,Sims Con_160,-0.5,1.0,Correct,0.5,46.611495081871475
Non-Free,0,Sims Con_160,0.0,1.0,Error,-0.5,34.01091483018649
Non-Free,0,Sims Con_160,0.0,1.0,Correct,0.5,62.85295830997747
Non-Free,0,Sims Con_160,0.5,1.0,Error,-0.5,27.179346466358837
Non-Free,0,Sims Con_160,0.5,1.0,Correct,0.5,79.09442153808345
Free,1,Sims Con_161,-0.5,-1.0,Error,-0.5,60.83993476110261
Free,1,Sims Con_161,-0.5,-1.0,Correct,0.5,62.006330051967126
Free,1,Sims Con_161,0.0,-1.0,Error,-0.5,57.471933905510525
Free,1,Sims Con_161,0.0,-1.0,Correct,0.5,73.45612077659229
Free,1,Sims Con_161,0.5,-1.0,Error,-0.5,54.10393304991843
Free,1,Sims Con_161,0.5,-1.0,Correct,0.5,84.90591150121743
Free,1,Sims Con_161,-0.5,0.0,Error,-0.5,61.48672673636177
Free,1,Sims Con_161,-0.5,0.0,Correct,0.5,62.81193224112302
Free,1,Sims Con_161,0.0,0.0,Error,-0.5,58.88959831733554
Free,1,Sims Con_161,0.0,0.0,Correct,0.5,73.64679203508528
Free,1,Sims Con_161,0.5,0.0,Error,-0.5,56.292469898309314
Free,1,Sims Con_161,0.5,0.0,Correct,0.5,84.48165182904755
Free,1,Sims Con_161,-0.5,1.0,Error,-0.5,62.13351871162092
Free,1,Sims Con_161,-0.5,1.0,Correct,0.5,63.61753443027891
Free,1,Sims Con_161,0.0,1.0,Error,-0.5,60.307262729160556
Free,1,Sims Con_161,0.0,1.0,Correct,0.5,73.83746329357828
Free,1,Sims Con_161,0.5,1.0,Error,-0.5,58.481006746700196
Free,1,Sims Con_161,0.5,1.0,Correct,0.5,84.05739215687765
Non-Free,0,Sims Con_161,-0.5,-1.0,Error,-0.5,40.753694413371484
Non-Free,0,Sims Con_161,-0.5,-1.0,Correct,0.5,47.417399591131336
Non-Free,0,Sims Con_161,0.0,-1.0,Error,-0.5,31.79532841467914
Non-Free,0,Sims Con_161,0.0,-1.0,Correct,0.5,63.3488635862418
Non-Free,0,Sims Con_161,0.5,-1.0,Error,-0.5,22.836962415986793
Non-Free,0,Sims Con_161,0.5,-1.0,Correct,0.5,79.28032758135225
Non-Free,0,Sims Con_161,-0.5,0.0,Error,-0.5,41.87778456046629
Non-Free,0,Sims Con_161,-0.5,0.0,Correct,0.5,48.145089290214486
Non-Free,0,Sims Con_161,0.0,0.0,Error,-0.5,31.66867410145732
Non-Free,0,Sims Con_161,0.0,0.0,Correct,0.5,63.82430007710751
Non-Free,0,Sims Con_161,0.5,0.0,Error,-0.5,21.45956364244835
Non-Free,0,Sims Con_161,0.5,0.0,Correct,0.5,79.50351086400053
Non-Free,0,Sims Con_161,-0.5,1.0,Error,-0.5,43.00187470756109
Non-Free,0,Sims Con_161,-0.5,1.0,Correct,0.5,48.872778989297636
Non-Free,0,Sims Con_161,0.0,1.0,Error,-0.5,31.5420197882355
Non-Free,0,Sims Con_161,0.0,1.0,Correct,0.5,64.29973656797321
Non-Free,0,Sims Con_161,0.5,1.0,Error,-0.5,20.08216486890991
Non-Free,0,Sims Con_161,0.5,1.0,Correct,0.5,79.7266941466488
Free,1,Sims Con_162,-0.5,-1.0,Error,-0.5,47.407765990318275
Free,1,Sims Con_162,-0.5,-1.0,Correct,0.5,47.78338592878027
Free,1,Sims Con_162,0.0,-1.0,Error,-0.5,46.50200844577192
Free,1,Sims Con_162,0.0,-1.0,Correct,0.5,52.95675596695138
Free,1,Sims Con_162,0.5,-1.0,Error,-0.5,45.59625090122556
Free,1,Sims Con_162,0.5,-1.0,Correct,0.5,58.130126005122484
Free,1,Sims Con_162,-0.5,0.0,Error,-0.5,48.139561231846734
Free,1,Sims Con_162,-0.5,0.0,Correct,0.5,48.09448283979368
Free,1,Sims Con_162,0.0,0.0,Error,-0.5,47.753012668657966
Free,1,Sims Con_162,0.0,0.0,Correct,0.5,53.0626898929794
Free,1,Sims Con_162,0.5,0.0,Error,-0.5,47.3664641054692
Free,1,Sims Con_162,0.5,0.0,Correct,0.5,58.03089694616512
Free,1,Sims Con_162,-0.5,1.0,Error,-0.5,48.871356473375194
Free,1,Sims Con_162,-0.5,1.0,Correct,0.5,48.405579750807085
Free,1,Sims Con_162,0.0,1.0,Error,-0.5,49.00401689154401
Free,1,Sims Con_162,0.0,1.0,Correct,0.5,53.16862381900742
Free,1,Sims Con_162,0.5,1.0,Error,-0.5,49.13667730971283
Free,1,Sims Con_162,0.5,1.0,Correct,0.5,57.93166788720776
Non-Free,0,Sims Con_162,-0.5,-1.0,Error,-0.5,47.37191774038234
Non-Free,0,Sims Con_162,-0.5,-1.0,Correct,0.5,47.365517895285414
Non-Free,0,Sims Con_162,0.0,-1.0,Error,-0.5,42.46272699504707
Non-Free,0,Sims Con_162,0.0,-1.0,Correct,0.5,52.48457601652913
Non-Free,0,Sims Con_162,0.5,-1.0,Error,-0.5,37.553536249711804
Non-Free,0,Sims Con_162,0.5,-1.0,Correct,0.5,57.60363413777285
Non-Free,0,Sims Con_162,-0.5,0.0,Error,-0.5,47.38021061777942
Non-Free,0,Sims Con_162,-0.5,0.0,Correct,0.5,47.561903323008174
Non-Free,0,Sims Con_162,0.0,0.0,Error,-0.5,44.01394907920263
Non-Free,0,Sims Con_162,0.0,0.0,Correct,0.5,53.240292494398105
Non-Free,0,Sims Con_162,0.5,0.0,Error,-0.5,40.647687540625846
Non-Free,0,Sims Con_162,0.5,0.0,Correct,0.5,58.918681665788036
Non-Free,0,Sims Con_162,-0.5,1.0,Error,-0.5,47.3885034951765
Non-Free,0,Sims Con_162,-0.5,1.0,Correct,0.5,47.758288750730934
Non-Free,0,Sims Con_162,0.0,1.0,Error,-0.5,45.565171163358194
Non-Free,0,Sims Con_162,0.0,1.0,Correct,0.5,53.99600897226708
Non-Free,0,Sims Con_162,0.5,1.0,Error,-0.5,43.74183883153989
Non-Free,0,Sims Con_162,0.5,1.0,Correct,0.5,60.23372919380322
Free,1,Sims Con_163,-0.5,-1.0,Error,-0.5,65.25566481766417
Free,1,Sims Con_163,-0.5,-1.0,Correct,0.5,66.81080364059956
Free,1,Sims Con_163,0.0,-1.0,Error,-0.5,62.55162066870684
Free,1,Sims Con_163,0.0,-1.0,Correct,0.5,76.93722169425534
Free,1,Sims Con_163,0.5,-1.0,Error,-0.5,59.84757651974951
Free,1,Sims Con_163,0.5,-1.0,Correct,0.5,87.06363974791114
Free,1,Sims Con_163,-0.5,0.0,Error,-0.5,65.97745428118847
Free,1,Sims Con_163,-0.5,0.0,Correct,0.5,67.47974375566903
Free,1,Sims Con_163,0.0,0.0,Error,-0.5,63.41237771885701
Free,1,Sims Con_163,0.0,0.0,Correct,0.5,77.05057739896898
Free,1,Sims Con_163,0.5,0.0,Error,-0.5,60.847301156525546
Free,1,Sims Con_163,0.5,0.0,Correct,0.5,86.62141104226893
Free,1,Sims Con_163,-0.5,1.0,Error,-0.5,66.69924374471277
Free,1,Sims Con_163,-0.5,1.0,Correct,0.5,68.14868387073851
Free,1,Sims Con_163,0.0,1.0,Error,-0.5,64.27313476900717
Free,1,Sims Con_163,0.0,1.0,Correct,0.5,77.16393310368262
Free,1,Sims Con_163,0.5,1.0,Error,-0.5,61.847025793301576
Free,1,Sims Con_163,0.5,1.0,Correct,0.5,86.17918233662674
Non-Free,0,Sims Con_163,-0.5,-1.0,Error,-0.5,42.59669962198312
Non-Free,0,Sims Con_163,-0.5,-1.0,Correct,0.5,49.65314438093058
Non-Free,0,Sims Con_163,0.0,-1.0,Error,-0.5,34.46786533553035
Non-Free,0,Sims Con_163,0.0,-1.0,Correct,0.5,65.57004500801277
Non-Free,0,Sims Con_163,0.5,-1.0,Error,-0.5,26.33903104907758
Non-Free,0,Sims Con_163,0.5,-1.0,Correct,0.5,81.48694563509495
Non-Free,0,Sims Con_163,-0.5,0.0,Error,-0.5,43.317870181900425
Non-Free,0,Sims Con_163,-0.5,0.0,Correct,0.5,50.190065524821804
Non-Free,0,Sims Con_163,0.0,0.0,Error,-0.5,35.327175212432564
Non-Free,0,Sims Con_163,0.0,0.0,Correct,0.5,66.35847434414697
Non-Free,0,Sims Con_163,0.5,0.0,Error,-0.5,27.336480242964704
Non-Free,0,Sims Con_163,0.5,0.0,Correct,0.5,82.52688316347214
Non-Free,0,Sims Con_163,-0.5,1.0,Error,-0.5,44.03904074181773
Non-Free,0,Sims Con_163,-0.5,1.0,Correct,0.5,50.72698666871303
Non-Free,0,Sims Con_163,0.0,1.0,Error,-0.5,36.18648508933478
Non-Free,0,Sims Con_163,0.0,1.0,Correct,0.5,67.14690368028117
Non-Free,0,Sims Con_163,0.5,1.0,Error,-0.5,28.333929436851832
Non-Free,0,Sims Con_163,0.5,1.0,Correct,0.5,83.56682069184932
Free,1,Sims Con_164,-0.5,-1.0,Error,-0.5,58.77513227513224
Free,1,Sims Con_164,-0.5,-1.0,Correct,0.5,67.70236226141323
Free,1,Sims Con_164,0.0,-1.0,Error,-0.5,47.33333333333335
Free,1,Sims Con_164,0.0,-1.0,Correct,0.5,81.42739756221758
Free,1,Sims Con_164,0.5,-1.0,Error,-0.5,35.89153439153446
Free,1,Sims Con_164,0.5,-1.0,Correct,0.5,95.15243286302193
Free,1,Sims Con_164,-0.5,0.0,Error,-0.5,60.70370370370369
Free,1,Sims Con_164,-0.5,0.0,Correct,0.5,70.43848672503566
Free,1,Sims Con_164,0.0,0.0,Error,-0.5,50.333333333333364
Free,1,Sims Con_164,0.0,0.0,Correct,0.5,83.15195676271992
Free,1,Sims Con_164,0.5,0.0,Error,-0.5,39.96296296296304
Free,1,Sims Con_164,0.5,0.0,Correct,0.5,95.86542680040418
Free,1,Sims Con_164,-0.5,1.0,Error,-0.5,62.63227513227513
Free,1,Sims Con_164,-0.5,1.0,Correct,0.5,73.17461118865809
Free,1,Sims Con_164,0.0,1.0,Error,-0.5,53.33333333333338
Free,1,Sims Con_164,0.0,1.0,Correct,0.5,84.87651596322226
Free,1,Sims Con_164,0.5,1.0,Error,-0.5,44.034391534391624
Free,1,Sims Con_164,0.5,1.0,Correct,0.5,96.57842073778643
Non-Free,0,Sims Con_164,-0.5,-1.0,Error,-0.5,34.35301188761358
Non-Free,0,Sims Con_164,-0.5,-1.0,Correct,0.5,59.98987860528208
Non-Free,0,Sims Con_164,0.0,-1.0,Error,-0.5,16.96266346109484
Non-Free,0,Sims Con_164,0.0,-1.0,Correct,0.5,77.80334537500242
Non-Free,0,Sims Con_164,0.5,-1.0,Error,-0.5,-0.42768496542389367
Non-Free,0,Sims Con_164,0.5,-1.0,Correct,0.5,95.61681214472277
Non-Free,0,Sims Con_164,-0.5,0.0,Error,-0.5,34.35633108977479
Non-Free,0,Sims Con_164,-0.5,0.0,Correct,0.5,61.79190110058123
Non-Free,0,Sims Con_164,0.0,0.0,Error,-0.5,17.863089959349374
Non-Free,0,Sims Con_164,0.0,0.0,Correct,0.5,79.18948862914567
Non-Free,0,Sims Con_164,0.5,0.0,Error,-0.5,1.3698488289239563
Non-Free,0,Sims Con_164,0.5,0.0,Correct,0.5,96.58707615771011
Non-Free,0,Sims Con_164,-0.5,1.0,Error,-0.5,34.359650291936
Non-Free,0,Sims Con_164,-0.5,1.0,Correct,0.5,63.593923595880376
Non-Free,0,Sims Con_164,0.0,1.0,Error,-0.5,18.763516457603906
Non-Free,0,Sims Con_164,0.0,1.0,Correct,0.5,80.57563188328892
Non-Free,0,Sims Con_164,0.5,1.0,Error,-0.5,3.167382623271808
Non-Free,0,Sims Con_164,0.5,1.0,Correct,0.5,97.55734017069746
Free,1,Sims Con_165,-0.5,-1.0,Error,-0.5,61.33553459119495
Free,1,Sims Con_165,-0.5,-1.0,Correct,0.5,64.9854810503354
Free,1,Sims Con_165,0.0,-1.0,Error,-0.5,56.277987421383635
Free,1,Sims Con_165,0.0,-1.0,Correct,0.5,76.29176662159816
Free,1,Sims Con_165,0.5,-1.0,Error,-0.5,51.22044025157232
Free,1,Sims Con_165,0.5,-1.0,Correct,0.5,87.59805219286092
Free,1,Sims Con_165,-0.5,0.0,Error,-0.5,63.74465408805028
Free,1,Sims Con_165,-0.5,0.0,Correct,0.5,67.23475456595521
Free,1,Sims Con_165,0.0,0.0,Error,-0.5,59.05660377358488
Free,1,Sims Con_165,0.0,0.0,Correct,0.5,77.87474555550928
Free,1,Sims Con_165,0.5,0.0,Error,-0.5,54.36855345911948
Free,1,Sims Con_165,0.5,0.0,Correct,0.5,88.51473654506334
Free,1,Sims Con_165,-0.5,1.0,Error,-0.5,66.15377358490561
Free,1,Sims Con_165,-0.5,1.0,Correct,0.5,69.48402808157503
Free,1,Sims Con_165,0.0,1.0,Error,-0.5,61.83522012578613
Free,1,Sims Con_165,0.0,1.0,Correct,0.5,79.4577244894204
Free,1,Sims Con_165,0.5,1.0,Error,-0.5,57.516666666666644
Free,1,Sims Con_165,0.5,1.0,Correct,0.5,89.43142089726577
Non-Free,0,Sims Con_165,-0.5,-1.0,Error,-0.5,41.30982590894118
Non-Free,0,Sims Con_165,-0.5,-1.0,Correct,0.5,52.08306472559157
Non-Free,0,Sims Con_165,0.0,-1.0,Error,-0.5,28.616212848780822
Non-Free,0,Sims Con_165,0.0,-1.0,Correct,0.5,68.60955280987048
Non-Free,0,Sims Con_165,0.5,-1.0,Error,-0.5,15.922599788620468
Non-Free,0,Sims Con_165,0.5,-1.0,Correct,0.5,85.13604089414939
Non-Free,0,Sims Con_165,-0.5,0.0,Error,-0.5,41.05897471907588
Non-Free,0,Sims Con_165,-0.5,0.0,Correct,0.5,52.87038596455836
Non-Free,0,Sims Con_165,0.0,0.0,Error,-0.5,29.52078055596072
Non-Free,0,Sims Con_165,0.0,0.0,Correct,0.5,69.68130807599054
Non-Free,0,Sims Con_165,0.5,0.0,Error,-0.5,17.98258639284556
Non-Free,0,Sims Con_165,0.5,0.0,Correct,0.5,86.49223018742273
Non-Free,0,Sims Con_165,-0.5,1.0,Error,-0.5,40.808123529210576
Non-Free,0,Sims Con_165,-0.5,1.0,Correct,0.5,53.65770720352515
Non-Free,0,Sims Con_165,0.0,1.0,Error,-0.5,30.425348263140616
Non-Free,0,Sims Con_165,0.0,1.0,Correct,0.5,70.75306334211061
Non-Free,0,Sims Con_165,0.5,1.0,Error,-0.5,20.04257299707065
Non-Free,0,Sims Con_165,0.5,1.0,Correct,0.5,87.84841948069607
Free,1,Sims Con_166,-0.5,-1.0,Error,-0.5,60.03756759739546
Free,1,Sims Con_166,-0.5,-1.0,Correct,0.5,59.77252336179697
Free,1,Sims Con_166,0.0,-1.0,Error,-0.5,60.373424566824795
Free,1,Sims Con_166,0.0,-1.0,Correct,0.5,68.97826372594334
Free,1,Sims Con_166,0.5,-1.0,Error,-0.5,60.70928153625413
Free,1,Sims Con_166,0.5,-1.0,Correct,0.5,78.18400409008972
Free,1,Sims Con_166,-0.5,0.0,Error,-0.5,63.37450060699702
Free,1,Sims Con_166,-0.5,0.0,Correct,0.5,62.924950893471376
Free,1,Sims Con_166,0.0,0.0,Error,-0.5,61.18897472685134
Free,1,Sims Con_166,0.0,0.0,Correct,0.5,71.3838183982474
Free,1,Sims Con_166,0.5,0.0,Error,-0.5,59.003448846705666
Free,1,Sims Con_166,0.5,0.0,Correct,0.5,79.84268590302342
Free,1,Sims Con_166,-0.5,1.0,Error,-0.5,66.71143361659857
Free,1,Sims Con_166,-0.5,1.0,Correct,0.5,66.07737842514578
Free,1,Sims Con_166,0.0,1.0,Error,-0.5,62.00452488687789
Free,1,Sims Con_166,0.0,1.0,Correct,0.5,73.78937307055146
Free,1,Sims Con_166,0.5,1.0,Error,-0.5,57.2976161571572
Free,1,Sims Con_166,0.5,1.0,Correct,0.5,81.50136771595714
Non-Free,0,Sims Con_166,-0.5,-1.0,Error,-0.5,51.42821299135764
Non-Free,0,Sims Con_166,-0.5,-1.0,Correct,0.5,53.86608490414771
Non-Free,0,Sims Con_166,0.0,-1.0,Error,-0.5,47.74204468517262
Non-Free,0,Sims Con_166,0.0,-1.0,Correct,0.5,64.80897169628659
Non-Free,0,Sims Con_166,0.5,-1.0,Error,-0.5,44.05587637898761
Non-Free,0,Sims Con_166,0.5,-1.0,Correct,0.5,75.75185848842548
Non-Free,0,Sims Con_166,-0.5,0.0,Error,-0.5,52.261181249751054
Non-Free,0,Sims Con_166,-0.5,0.0,Correct,0.5,55.49353118949774
Non-Free,0,Sims Con_166,0.0,0.0,Error,-0.5,48.46847743836871
Non-Free,0,Sims Con_166,0.0,0.0,Correct,0.5,66.79861337677625
Non-Free,0,Sims Con_166,0.5,0.0,Error,-0.5,44.67577362698636
Non-Free,0,Sims Con_166,0.5,0.0,Correct,0.5,78.10369556405476
Non-Free,0,Sims Con_166,-0.5,1.0,Error,-0.5,53.09414950814447
Non-Free,0,Sims Con_166,-0.5,1.0,Correct,0.5,57.12097747484776
Non-Free,0,Sims Con_166,0.0,1.0,Error,-0.5,49.194910191564794
Non-Free,0,Sims Con_166,0.0,1.0,Correct,0.5,68.7882550572659
Non-Free,0,Sims Con_166,0.5,1.0,Error,-0.5,45.29567087498511
Non-Free,0,Sims Con_166,0.5,1.0,Correct,0.5,80.45553263968404
Free,1,Sims Con_167,-0.5,-1.0,Error,-0.5,67.18983480256115
Free,1,Sims Con_167,-0.5,-1.0,Correct,0.5,67.66186245473722
Free,1,Sims Con_167,0.0,-1.0,Error,-0.5,66.32820846201231
Free,1,Sims Con_167,0.0,-1.0,Correct,0.5,76.36454091317545
Free,1,Sims Con_167,0.5,-1.0,Error,-0.5,65.46658212146349
Free,1,Sims Con_167,0.5,-1.0,Correct,0.5,85.06721937161367
Free,1,Sims Con_167,-0.5,0.0,Error,-0.5,68.62518474999897
Free,1,Sims Con_167,-0.5,0.0,Correct,0.5,69.05788214697284
Free,1,Sims Con_167,0.0,0.0,Error,-0.5,66.90196407563835
Free,1,Sims Con_167,0.0,0.0,Correct,0.5,77.46464304205367
Free,1,Sims Con_167,0.5,0.0,Error,-0.5,65.17874340127773
Free,1,Sims Con_167,0.5,0.0,Correct,0.5,85.87140393713449
Free,1,Sims Con_167,-0.5,1.0,Error,-0.5,70.06053469743678
Free,1,Sims Con_167,-0.5,1.0,Correct,0.5,70.45390183920847
Free,1,Sims Con_167,0.0,1.0,Error,-0.5,67.47571968926438
Free,1,Sims Con_167,0.0,1.0,Correct,0.5,78.56474517093189
Free,1,Sims Con_167,0.5,1.0,Error,-0.5,64.89090468109197
Free,1,Sims Con_167,0.5,1.0,Correct,0.5,86.6755885026553
Non-Free,0,Sims Con_167,-0.5,-1.0,Error,-0.5,49.94940476190476
Non-Free,0,Sims Con_167,-0.5,-1.0,Correct,0.5,53.61730550988892
Non-Free,0,Sims Con_167,0.0,-1.0,Error,-0.5,39.58482142857143
Non-Free,0,Sims Con_167,0.0,-1.0,Correct,0.5,66.88272541914786
Non-Free,0,Sims Con_167,0.5,-1.0,Error,-0.5,29.22023809523809
Non-Free,0,Sims Con_167,0.5,-1.0,Correct,0.5,80.14814532840681
Non-Free,0,Sims Con_167,-0.5,0.0,Error,-0.5,50.46837797619049
Non-Free,0,Sims Con_167,-0.5,0.0,Correct,0.5,54.70188125866899
Non-Free,0,Sims Con_167,0.0,0.0,Error,-0.5,41.15178571428572
Non-Free,0,Sims Con_167,0.0,0.0,Correct,0.5,67.86397409574195
Non-Free,0,Sims Con_167,0.5,0.0,Error,-0.5,31.835193452380956
Non-Free,0,Sims Con_167,0.5,0.0,Correct,0.5,81.02606693281491
Non-Free,0,Sims Con_167,-0.5,1.0,Error,-0.5,50.98735119047622
Non-Free,0,Sims Con_167,-0.5,1.0,Correct,0.5,55.78645700744906
Non-Free,0,Sims Con_167,0.0,1.0,Error,-0.5,42.718750000000014
Non-Free,0,Sims Con_167,0.0,1.0,Correct,0.5,68.84522277233604
Non-Free,0,Sims Con_167,0.5,1.0,Error,-0.5,34.45014880952382
Non-Free,0,Sims Con_167,0.5,1.0,Correct,0.5,81.90398853722303
Free,1,Sims Con_168,-0.5,-1.0,Error,-0.5,25.685503685503704
Free,1,Sims Con_168,-0.5,-1.0,Correct,0.5,29.197046373939905
Free,1,Sims Con_168,0.0,-1.0,Error,-0.5,17.636363636363647
Free,1,Sims Con_168,0.0,-1.0,Correct,0.5,29.824761048134228
Free,1,Sims Con_168,0.5,-1.0,Error,-0.5,9.58722358722359
Free,1,Sims Con_168,0.5,-1.0,Correct,0.5,30.45247572232855
Free,1,Sims Con_168,-0.5,0.0,Error,-0.5,51.1474201474202
Free,1,Sims Con_168,-0.5,0.0,Correct,0.5,53.60807335581269
Free,1,Sims Con_168,0.0,0.0,Error,-0.5,48.72727272727277
Free,1,Sims Con_168,0.0,0.0,Correct,0.5,59.208700598006516
Free,1,Sims Con_168,0.5,0.0,Error,-0.5,46.30712530712534
Free,1,Sims Con_168,0.5,0.0,Correct,0.5,64.80932784020034
Free,1,Sims Con_168,-0.5,1.0,Error,-0.5,76.6093366093367
Free,1,Sims Con_168,-0.5,1.0,Correct,0.5,78.01910033768547
Free,1,Sims Con_168,0.0,1.0,Error,-0.5,79.8181818181819
Free,1,Sims Con_168,0.0,1.0,Correct,0.5,88.5926401478788
Free,1,Sims Con_168,0.5,1.0,Error,-0.5,83.0270270270271
Free,1,Sims Con_168,0.5,1.0,Correct,0.5,99.16617995807212
Non-Free,0,Sims Con_168,-0.5,-1.0,Error,-0.5,36.9920545801007
Non-Free,0,Sims Con_168,-0.5,-1.0,Correct,0.5,32.707934175982714
Non-Free,0,Sims Con_168,0.0,-1.0,Error,-0.5,33.086599972777975
Non-Free,0,Sims Con_168,0.0,-1.0,Correct,0.5,31.892257941130403
Non-Free,0,Sims Con_168,0.5,-1.0,Error,-0.5,29.18114536545525
Non-Free,0,Sims Con_168,0.5,-1.0,Correct,0.5,31.07658170627809
Non-Free,0,Sims Con_168,-0.5,0.0,Error,-0.5,43.9556111337961
Non-Free,0,Sims Con_168,-0.5,0.0,Correct,0.5,50.6968983083262
Non-Free,0,Sims Con_168,0.0,0.0,Error,-0.5,35.18894616850414
Non-Free,0,Sims Con_168,0.0,0.0,Correct,0.5,58.16045038858072
Non-Free,0,Sims Con_168,0.5,0.0,Error,-0.5,26.422281203212176
Non-Free,0,Sims Con_168,0.5,0.0,Correct,0.5,65.62400246883524
Non-Free,0,Sims Con_168,-0.5,1.0,Error,-0.5,50.919167687491495
Non-Free,0,Sims Con_168,-0.5,1.0,Correct,0.5,68.68586244066968
Non-Free,0,Sims Con_168,0.0,1.0,Error,-0.5,37.2912923642303
Non-Free,0,Sims Con_168,0.0,1.0,Correct,0.5,84.42864283603103
Non-Free,0,Sims Con_168,0.5,1.0,Error,-0.5,23.663417040969104
Non-Free,0,Sims Con_168,0.5,1.0,Correct,0.5,100.1714232313924
Free,1,Sims Con_169,-0.5,-1.0,Error,-0.5,65.69997479890763
Free,1,Sims Con_169,-0.5,-1.0,Correct,0.5,65.69062412139098
Free,1,Sims Con_169,0.0,-1.0,Error,-0.5,63.78001759945132
Free,1,Sims Con_169,0.0,-1.0,Correct,0.5,68.3276038642364
Free,1,Sims Con_169,0.5,-1.0,Error,-0.5,61.86006039999501
Free,1,Sims Con_169,0.5,-1.0,Correct,0.5,70.9645836070818
Free,1,Sims Con_169,-0.5,0.0,Error,-0.5,65.3090781770934
Free,1,Sims Con_169,-0.5,0.0,Correct,0.5,65.5263357425265
Free,1,Sims Con_169,0.0,0.0,Error,-0.5,63.38342738986913
Free,1,Sims Con_169,0.0,0.0,Correct,0.5,67.98240775012712
Free,1,Sims Con_169,0.5,0.0,Error,-0.5,61.45777660264485
Free,1,Sims Con_169,0.5,0.0,Correct,0.5,70.43847975772775
Free,1,Sims Con_169,-0.5,1.0,Error,-0.5,64.91818155527916
Free,1,Sims Con_169,-0.5,1.0,Correct,0.5,65.36204736366201
Free,1,Sims Con_169,0.0,1.0,Error,-0.5,62.98683718028693
Free,1,Sims Con_169,0.0,1.0,Correct,0.5,67.63721163601785
Free,1,Sims Con_169,0.5,1.0,Error,-0.5,61.05549280529469
Free,1,Sims Con_169,0.5,1.0,Correct,0.5,69.91237590837369
Non-Free,0,Sims Con_169,-0.5,-1.0,Error,-0.5,46.53323570091936
Non-Free,0,Sims Con_169,-0.5,-1.0,Correct,0.5,47.393933286753
Non-Free,0,Sims Con_169,0.0,-1.0,Error,-0.5,43.84224229110731
Non-Free,0,Sims Con_169,0.0,-1.0,Correct,0.5,52.97509958019067
Non-Free,0,Sims Con_169,0.5,-1.0,Error,-0.5,41.15124888129527
Non-Free,0,Sims Con_169,0.5,-1.0,Correct,0.5,58.556265873628334
Non-Free,0,Sims Con_169,-0.5,0.0,Error,-0.5,46.12932226832641
Non-Free,0,Sims Con_169,-0.5,0.0,Correct,0.5,47.052672279400426
Non-Free,0,Sims Con_169,0.0,0.0,Error,-0.5,43.298836547066955
Non-Free,0,Sims Con_169,0.0,0.0,Correct,0.5,52.77829191728581
Non-Free,0,Sims Con_169,0.5,0.0,Error,-0.5,40.4683508258075
Non-Free,0,Sims Con_169,0.5,0.0,Correct,0.5,58.5039115551712
Non-Free,0,Sims Con_169,-0.5,1.0,Error,-0.5,45.72540883573346
Non-Free,0,Sims Con_169,-0.5,1.0,Correct,0.5,46.711411272047854
Non-Free,0,Sims Con_169,0.0,1.0,Error,-0.5,42.7554308030266
Non-Free,0,Sims Con_169,0.0,1.0,Correct,0.5,52.58148425438095
Non-Free,0,Sims Con_169,0.5,1.0,Error,-0.5,39.785452770319736
Non-Free,0,Sims Con_169,0.5,1.0,Correct,0.5,58.45155723671406
Free,1,Sims Con_17,-0.5,-1.0,Error,-0.5,95.73323492197437
Free,1,Sims Con_17,-0.5,-1.0,Correct,0.5,97.82985526454956
Free,1,Sims Con_17,0.0,-1.0,Error,-0.5,89.01476170391854
Free,1,Sims Con_17,0.0,-1.0,Correct,0.5,98.83058869003202
Free,1,Sims Con_17,0.5,-1.0,Error,-0.5,82.2962884858627
Free,1,Sims Con_17,0.5,-1.0,Correct,0.5,99.83132211551447
Free,1,Sims Con_17,-0.5,0.0,Error,-0.5,96.2891185153945
Free,1,Sims Con_17,-0.5,0.0,Correct,0.5,97.94303806681816
Free,1,Sims Con_17,0.0,0.0,Error,-0.5,81.97047659215374
Free,1,Sims Con_17,0.0,0.0,Correct,0.5,98.93725555796881
Free,1,Sims Con_17,0.5,0.0,Error,-0.5,67.65183466891298
Free,1,Sims Con_17,0.5,0.0,Correct,0.5,99.93147304911946
Free,1,Sims Con_17,-0.5,1.0,Error,-0.5,96.84500210881464
Free,1,Sims Con_17,-0.5,1.0,Correct,0.5,98.05622086908676
Free,1,Sims Con_17,0.0,1.0,Error,-0.5,74.92619148038895
Free,1,Sims Con_17,0.0,1.0,Correct,0.5,99.0439224259056
Free,1,Sims Con_17,0.5,1.0,Error,-0.5,53.00738085196326
Free,1,Sims Con_17,0.5,1.0,Correct,0.5,100.03162398272445
Non-Free,0,Sims Con_17,-0.5,-1.0,Error,-0.5,41.51888902254988
Non-Free,0,Sims Con_17,-0.5,-1.0,Correct,0.5,81.91387725890749
Non-Free,0,Sims Con_17,0.0,-1.0,Error,-0.5,22.622353513702706
Non-Free,0,Sims Con_17,0.0,-1.0,Correct,0.5,91.1304096350444
Non-Free,0,Sims Con_17,0.5,-1.0,Error,-0.5,3.72581800485554
Non-Free,0,Sims Con_17,0.5,-1.0,Correct,0.5,100.34694201118131
Non-Free,0,Sims Con_17,-0.5,0.0,Error,-0.5,44.7422929288511
Non-Free,0,Sims Con_17,-0.5,0.0,Correct,0.5,83.7222176116309
Non-Free,0,Sims Con_17,0.0,0.0,Error,-0.5,23.84682093567508
Non-Free,0,Sims Con_17,0.0,0.0,Correct,0.5,91.9058784474991
Non-Free,0,Sims Con_17,0.5,0.0,Error,-0.5,2.951348942499063
Non-Free,0,Sims Con_17,0.5,0.0,Correct,0.5,100.08953928336732
Non-Free,0,Sims Con_17,-0.5,1.0,Error,-0.5,47.96569683515232
Non-Free,0,Sims Con_17,-0.5,1.0,Correct,0.5,85.5305579643543
Non-Free,0,Sims Con_17,0.0,1.0,Error,-0.5,25.071288357647454
Non-Free,0,Sims Con_17,0.0,1.0,Correct,0.5,92.68134725995381
Non-Free,0,Sims Con_17,0.5,1.0,Error,-0.5,2.176879880142587
Non-Free,0,Sims Con_17,0.5,1.0,Correct,0.5,99.83213655555332
Free,1,Sims Con_170,-0.5,-1.0,Error,-0.5,74.26488073394498
Free,1,Sims Con_170,-0.5,-1.0,Correct,0.5,78.22040050756584
Free,1,Sims Con_170,0.0,-1.0,Error,-0.5,71.86444036697254
Free,1,Sims Con_170,0.0,-1.0,Correct,0.5,86.54710670628324
Free,1,Sims Con_170,0.5,-1.0,Error,-0.5,69.46400000000011
Free,1,Sims Con_170,0.5,-1.0,Correct,0.5,94.87381290500065
Free,1,Sims Con_170,-0.5,0.0,Error,-0.5,78.81262385321104
Free,1,Sims Con_170,-0.5,0.0,Correct,0.5,82.68770152381659
Free,1,Sims Con_170,0.0,0.0,Error,-0.5,78.00638532110098
Free,1,Sims Con_170,0.0,0.0,Correct,0.5,89.57239865239256
Free,1,Sims Con_170,0.5,0.0,Error,-0.5,77.20014678899092
Free,1,Sims Con_170,0.5,0.0,Correct,0.5,96.45709578096854
Free,1,Sims Con_170,-0.5,1.0,Error,-0.5,83.3603669724771
Free,1,Sims Con_170,-0.5,1.0,Correct,0.5,87.15500254006733
Free,1,Sims Con_170,0.0,1.0,Error,-0.5,84.14833027522941
Free,1,Sims Con_170,0.0,1.0,Correct,0.5,92.59769059850188
Free,1,Sims Con_170,0.5,1.0,Error,-0.5,84.93629357798173
Free,1,Sims Con_170,0.5,1.0,Correct,0.5,98.04037865693644
Non-Free,0,Sims Con_170,-0.5,-1.0,Error,-0.5,43.057968182770715
Non-Free,0,Sims Con_170,-0.5,-1.0,Correct,0.5,61.42169468531491
Non-Free,0,Sims Con_170,0.0,-1.0,Error,-0.5,29.1459115596559
Non-Free,0,Sims Con_170,0.0,-1.0,Correct,0.5,78.09550900232117
Non-Free,0,Sims Con_170,0.5,-1.0,Error,-0.5,15.233854936541084
Non-Free,0,Sims Con_170,0.5,-1.0,Correct,0.5,94.76932331932744
Non-Free,0,Sims Con_170,-0.5,0.0,Error,-0.5,43.96976287159277
Non-Free,0,Sims Con_170,-0.5,0.0,Correct,0.5,63.92316212518281
Non-Free,0,Sims Con_170,0.0,0.0,Error,-0.5,29.13078591614705
Non-Free,0,Sims Con_170,0.0,0.0,Correct,0.5,79.8774498712323
Non-Free,0,Sims Con_170,0.5,0.0,Error,-0.5,14.29180896070133
Non-Free,0,Sims Con_170,0.5,0.0,Correct,0.5,95.83173761728179
Non-Free,0,Sims Con_170,-0.5,1.0,Error,-0.5,44.88155756041483
Non-Free,0,Sims Con_170,-0.5,1.0,Correct,0.5,66.42462956505072
Non-Free,0,Sims Con_170,0.0,1.0,Error,-0.5,29.115660272638202
Non-Free,0,Sims Con_170,0.0,1.0,Correct,0.5,81.65939074014344
Non-Free,0,Sims Con_170,0.5,1.0,Error,-0.5,13.349762984861576
Non-Free,0,Sims Con_170,0.5,1.0,Correct,0.5,96.89415191523615
Free,1,Sims Con_171,-0.5,-1.0,Error,-0.5,63.59376412370909
Free,1,Sims Con_171,-0.5,-1.0,Correct,0.5,63.3797788394671
Free,1,Sims Con_171,0.0,-1.0,Error,-0.5,61.65472662267534
Free,1,Sims Con_171,0.0,-1.0,Correct,0.5,66.06521748545433
Free,1,Sims Con_171,0.5,-1.0,Error,-0.5,59.715689121641596
Free,1,Sims Con_171,0.5,-1.0,Correct,0.5,68.75065613144156
Free,1,Sims Con_171,-0.5,0.0,Error,-0.5,70.10515636809767
Free,1,Sims Con_171,-0.5,0.0,Correct,0.5,70.0836422193514
Free,1,Sims Con_171,0.0,0.0,Error,-0.5,68.71060025886597
Free,1,Sims Con_171,0.0,0.0,Correct,0.5,72.638069807312
Free,1,Sims Con_171,0.5,0.0,Error,-0.5,67.31604414963427
Free,1,Sims Con_171,0.5,0.0,Correct,0.5,75.19249739527258
Free,1,Sims Con_171,-0.5,1.0,Error,-0.5,76.61654861248624
Free,1,Sims Con_171,-0.5,1.0,Correct,0.5,76.7875055992357
Free,1,Sims Con_171,0.0,1.0,Error,-0.5,75.76647389505659
Free,1,Sims Con_171,0.0,1.0,Correct,0.5,79.21092212916966
Free,1,Sims Con_171,0.5,1.0,Error,-0.5,74.91639917762694
Free,1,Sims Con_171,0.5,1.0,Correct,0.5,81.63433865910362
Non-Free,0,Sims Con_171,-0.5,-1.0,Error,-0.5,44.80515118187459
Non-Free,0,Sims Con_171,-0.5,-1.0,Correct,0.5,46.10292551161033
Non-Free,0,Sims Con_171,0.0,-1.0,Error,-0.5,43.64021080540102
Non-Free,0,Sims Con_171,0.0,-1.0,Correct,0.5,52.108244177370224
Non-Free,0,Sims Con_171,0.5,-1.0,Error,-0.5,42.475270428927445
Non-Free,0,Sims Con_171,0.5,-1.0,Correct,0.5,58.11356284313012
Non-Free,0,Sims Con_171,-0.5,0.0,Error,-0.5,48.30481164719953
Non-Free,0,Sims Con_171,-0.5,0.0,Correct,0.5,49.35428182239169
Non-Free,0,Sims Con_171,0.0,0.0,Error,-0.5,45.417468324276534
Non-Free,0,Sims Con_171,0.0,0.0,Correct,0.5,55.7097312934479
Non-Free,0,Sims Con_171,0.5,0.0,Error,-0.5,42.53012500135354
Non-Free,0,Sims Con_171,0.5,0.0,Correct,0.5,62.06518076450411
Non-Free,0,Sims Con_171,-0.5,1.0,Error,-0.5,51.804472112524465
Non-Free,0,Sims Con_171,-0.5,1.0,Correct,0.5,52.60563813317305
Non-Free,0,Sims Con_171,0.0,1.0,Error,-0.5,47.19472584315205
Non-Free,0,Sims Con_171,0.0,1.0,Correct,0.5,59.31121840952558
Non-Free,0,Sims Con_171,0.5,1.0,Error,-0.5,42.584979573779634
Non-Free,0,Sims Con_171,0.5,1.0,Correct,0.5,66.01679868587811
Free,1,Sims Con_172,-0.5,-1.0,Error,-0.5,57.645510835913306
Free,1,Sims Con_172,-0.5,-1.0,Correct,0.5,56.85305350387324
Free,1,Sims Con_172,0.0,-1.0,Error,-0.5,57.14318885448918
Free,1,Sims Con_172,0.0,-1.0,Correct,0.5,66.2132858944335
Free,1,Sims Con_172,0.5,-1.0,Error,-0.5,56.64086687306505
Free,1,Sims Con_172,0.5,-1.0,Correct,0.5,75.57351828499374
Free,1,Sims Con_172,-0.5,0.0,Error,-0.5,57.90981723759112
Free,1,Sims Con_172,-0.5,0.0,Correct,0.5,57.2788582891574
Free,1,Sims Con_172,0.0,0.0,Error,-0.5,58.0411465095376
Free,1,Sims Con_172,0.0,0.0,Correct,0.5,66.73845556814807
Free,1,Sims Con_172,0.5,0.0,Error,-0.5,58.172475781484074
Free,1,Sims Con_172,0.5,0.0,Correct,0.5,76.19805284713874
Free,1,Sims Con_172,-0.5,1.0,Error,-0.5,58.174123639268934
Free,1,Sims Con_172,-0.5,1.0,Correct,0.5,57.704663074441555
Free,1,Sims Con_172,0.0,1.0,Error,-0.5,58.93910416458601
Free,1,Sims Con_172,0.0,1.0,Correct,0.5,67.26362524186264
Free,1,Sims Con_172,0.5,1.0,Error,-0.5,59.7040846899031
Free,1,Sims Con_172,0.5,1.0,Correct,0.5,76.82258740928373
Non-Free,0,Sims Con_172,-0.5,-1.0,Error,-0.5,50.763101181059575
Non-Free,0,Sims Con_172,-0.5,-1.0,Correct,0.5,53.721222263133846
Non-Free,0,Sims Con_172,0.0,-1.0,Error,-0.5,46.097567841601666
Non-Free,0,Sims Con_172,0.0,-1.0,Correct,0.5,65.21620259186595
Non-Free,0,Sims Con_172,0.5,-1.0,Error,-0.5,41.432034502143765
Non-Free,0,Sims Con_172,0.5,-1.0,Correct,0.5,76.71118292059806
Non-Free,0,Sims Con_172,-0.5,0.0,Error,-0.5,50.52005896448058
Non-Free,0,Sims Con_172,-0.5,0.0,Correct,0.5,53.73631752582541
Non-Free,0,Sims Con_172,0.0,0.0,Error,-0.5,45.68878958462745
Non-Free,0,Sims Con_172,0.0,0.0,Correct,0.5,65.49450944437956
Non-Free,0,Sims Con_172,0.5,0.0,Error,-0.5,40.85752020477432
Non-Free,0,Sims Con_172,0.5,0.0,Correct,0.5,77.2527013629337
Non-Free,0,Sims Con_172,-0.5,1.0,Error,-0.5,50.27701674790159
Non-Free,0,Sims Con_172,-0.5,1.0,Correct,0.5,53.75141278851698
Non-Free,0,Sims Con_172,0.0,1.0,Error,-0.5,45.280011327653234
Non-Free,0,Sims Con_172,0.0,1.0,Correct,0.5,65.77281629689317
Non-Free,0,Sims Con_172,0.5,1.0,Error,-0.5,40.28300590740487
Non-Free,0,Sims Con_172,0.5,1.0,Correct,0.5,77.79421980526936
Free,1,Sims Con_173,-0.5,-1.0,Error,-0.5,87.15627597441409
Free,1,Sims Con_173,-0.5,-1.0,Correct,0.5,88.08949424141534
Free,1,Sims Con_173,0.0,-1.0,Error,-0.5,87.5557113827353
Free,1,Sims Con_173,0.0,-1.0,Correct,0.5,92.47742705915456
Free,1,Sims Con_173,0.5,-1.0,Error,-0.5,87.9551467910565
Free,1,Sims Con_173,0.5,-1.0,Correct,0.5,96.86535987689379
Free,1,Sims Con_173,-0.5,0.0,Error,-0.5,93.03822599790398
Free,1,Sims Con_173,-0.5,0.0,Correct,0.5,93.47809570608095
Free,1,Sims Con_173,0.0,0.0,Error,-0.5,93.36873868940225
Free,1,Sims Con_173,0.0,0.0,Correct,0.5,95.95479680571546
Free,1,Sims Con_173,0.5,0.0,Error,-0.5,93.69925138090052
Free,1,Sims Con_173,0.5,0.0,Correct,0.5,98.43149790534997
Free,1,Sims Con_173,-0.5,1.0,Error,-0.5,98.92017602139387
Free,1,Sims Con_173,-0.5,1.0,Correct,0.5,98.86669717074656
Free,1,Sims Con_173,0.0,1.0,Error,-0.5,99.1817659960692
Free,1,Sims Con_173,0.0,1.0,Correct,0.5,99.43216655227636
Free,1,Sims Con_173,0.5,1.0,Error,-0.5,99.44335597074453
Free,1,Sims Con_173,0.5,1.0,Correct,0.5,99.99763593380615
Non-Free,0,Sims Con_173,-0.5,-1.0,Error,-0.5,53.75098292809108
Non-Free,0,Sims Con_173,-0.5,-1.0,Correct,0.5,63.84592103655508
Non-Free,0,Sims Con_173,0.0,-1.0,Error,-0.5,46.14568028970509
Non-Free,0,Sims Con_173,0.0,-1.0,Correct,0.5,77.91264665512463
Non-Free,0,Sims Con_173,0.5,-1.0,Error,-0.5,38.540377651319105
Non-Free,0,Sims Con_173,0.5,-1.0,Correct,0.5,91.9793722736942
Non-Free,0,Sims Con_173,-0.5,0.0,Error,-0.5,55.26580444904289
Non-Free,0,Sims Con_173,-0.5,0.0,Correct,0.5,66.66602515561021
Non-Free,0,Sims Con_173,0.0,0.0,Error,-0.5,46.917175375064645
Non-Free,0,Sims Con_173,0.0,0.0,Correct,0.5,79.95230630530675
Non-Free,0,Sims Con_173,0.5,0.0,Error,-0.5,38.5685463010864
Non-Free,0,Sims Con_173,0.5,0.0,Correct,0.5,93.23858745500328
Non-Free,0,Sims Con_173,-0.5,1.0,Error,-0.5,56.7806259699947
Non-Free,0,Sims Con_173,-0.5,1.0,Correct,0.5,69.48612927466534
Non-Free,0,Sims Con_173,0.0,1.0,Error,-0.5,47.6886704604242
Non-Free,0,Sims Con_173,0.0,1.0,Correct,0.5,81.99196595548887
Non-Free,0,Sims Con_173,0.5,1.0,Error,-0.5,38.5967149508537
Non-Free,0,Sims Con_173,0.5,1.0,Correct,0.5,94.49780263631237
Free,1,Sims Con_174,-0.5,-1.0,Error,-0.5,58.511302398123306
Free,1,Sims Con_174,-0.5,-1.0,Correct,0.5,59.15980653398218
Free,1,Sims Con_174,0.0,-1.0,Error,-0.5,54.59693701455592
Free,1,Sims Con_174,0.0,-1.0,Correct,0.5,61.958014797558214
Free,1,Sims Con_174,0.5,-1.0,Error,-0.5,50.68257163098854
Free,1,Sims Con_174,0.5,-1.0,Correct,0.5,64.75622306113424
Free,1,Sims Con_174,-0.5,0.0,Error,-0.5,59.53760883161242
Free,1,Sims Con_174,-0.5,0.0,Correct,0.5,59.96757422670173
Free,1,Sims Con_174,0.0,0.0,Error,-0.5,55.67566077494601
Free,1,Sims Con_174,0.0,0.0,Correct,0.5,63.10864468798141
Free,1,Sims Con_174,0.5,0.0,Error,-0.5,51.813712718279604
Free,1,Sims Con_174,0.5,0.0,Correct,0.5,66.24971514926109
Free,1,Sims Con_174,-0.5,1.0,Error,-0.5,60.56391526510153
Free,1,Sims Con_174,-0.5,1.0,Correct,0.5,60.77534191942128
Free,1,Sims Con_174,0.0,1.0,Error,-0.5,56.7543845353361
Free,1,Sims Con_174,0.0,1.0,Correct,0.5,64.25927457840461
Free,1,Sims Con_174,0.5,1.0,Error,-0.5,52.944853805570666
Free,1,Sims Con_174,0.5,1.0,Correct,0.5,67.74320723738795
Non-Free,0,Sims Con_174,-0.5,-1.0,Error,-0.5,43.60000692754649
Non-Free,0,Sims Con_174,-0.5,-1.0,Correct,0.5,44.58353649583773
Non-Free,0,Sims Con_174,0.0,-1.0,Error,-0.5,37.75791169110069
Non-Free,0,Sims Con_174,0.0,-1.0,Correct,0.5,51.164188208927115
Non-Free,0,Sims Con_174,0.5,-1.0,Error,-0.5,31.915816454654884
Non-Free,0,Sims Con_174,0.5,-1.0,Correct,0.5,57.744839922016496
Non-Free,0,Sims Con_174,-0.5,0.0,Error,-0.5,43.82389397390044
Non-Free,0,Sims Con_174,-0.5,0.0,Correct,0.5,44.851401123458615
Non-Free,0,Sims Con_174,0.0,0.0,Error,-0.5,39.59191988292445
Non-Free,0,Sims Con_174,0.0,0.0,Correct,0.5,52.00544992920803
Non-Free,0,Sims Con_174,0.5,0.0,Error,-0.5,35.35994579194846
Non-Free,0,Sims Con_174,0.5,0.0,Correct,0.5,59.15949873495744
Non-Free,0,Sims Con_174,-0.5,1.0,Error,-0.5,44.04778102025439
Non-Free,0,Sims Con_174,-0.5,1.0,Correct,0.5,45.1192657510795
Non-Free,0,Sims Con_174,0.0,1.0,Error,-0.5,41.425928074748214
Non-Free,0,Sims Con_174,0.0,1.0,Correct,0.5,52.84671164948894
Non-Free,0,Sims Con_174,0.5,1.0,Error,-0.5,38.80407512924204
Non-Free,0,Sims Con_174,0.5,1.0,Correct,0.5,60.57415754789837
Free,1,Sims Con_175,-0.5,-1.0,Error,-0.5,73.87022101828478
Free,1,Sims Con_175,-0.5,-1.0,Correct,0.5,75.67970662013563
Free,1,Sims Con_175,0.0,-1.0,Error,-0.5,76.06876808471343
Free,1,Sims Con_175,0.0,-1.0,Correct,0.5,84.4327150448064
Free,1,Sims Con_175,0.5,-1.0,Error,-0.5,78.26731515114207
Free,1,Sims Con_175,0.5,-1.0,Correct,0.5,93.18572346947717
Free,1,Sims Con_175,-0.5,0.0,Error,-0.5,77.41146955611647
Free,1,Sims Con_175,-0.5,0.0,Correct,0.5,78.91485379258654
Free,1,Sims Con_175,0.0,0.0,Error,-0.5,79.79369574585978
Free,1,Sims Con_175,0.0,0.0,Correct,0.5,86.7549576942435
Free,1,Sims Con_175,0.5,0.0,Error,-0.5,82.17592193560309
Free,1,Sims Con_175,0.5,0.0,Correct,0.5,94.59506159590046
Free,1,Sims Con_175,-0.5,1.0,Error,-0.5,80.95271809394816
Free,1,Sims Con_175,-0.5,1.0,Correct,0.5,82.15000096503745
Free,1,Sims Con_175,0.0,1.0,Error,-0.5,83.51862340700613
Free,1,Sims Con_175,0.0,1.0,Correct,0.5,89.0772003436806
Free,1,Sims Con_175,0.5,1.0,Error,-0.5,86.0845287200641
Free,1,Sims Con_175,0.5,1.0,Correct,0.5,96.00439972232375
Non-Free,0,Sims Con_175,-0.5,-1.0,Error,-0.5,52.779178073076274
Non-Free,0,Sims Con_175,-0.5,-1.0,Correct,0.5,64.80763140480278
Non-Free,0,Sims Con_175,0.0,-1.0,Error,-0.5,39.51412669571185
Non-Free,0,Sims Con_175,0.0,-1.0,Correct,0.5,79.03452045809308
Non-Free,0,Sims Con_175,0.5,-1.0,Error,-0.5,26.249075318347437
Non-Free,0,Sims Con_175,0.5,-1.0,Correct,0.5,93.26140951138339
Non-Free,0,Sims Con_175,-0.5,0.0,Error,-0.5,53.549327445438756
Non-Free,0,Sims Con_175,-0.5,0.0,Correct,0.5,67.0068411027348
Non-Free,0,Sims Con_175,0.0,0.0,Error,-0.5,40.82942234430139
Non-Free,0,Sims Con_175,0.0,0.0,Correct,0.5,80.83201724104458
Non-Free,0,Sims Con_175,0.5,0.0,Error,-0.5,28.109517243164028
Non-Free,0,Sims Con_175,0.5,0.0,Correct,0.5,94.65719337935437
Non-Free,0,Sims Con_175,-0.5,1.0,Error,-0.5,54.31947681780124
Non-Free,0,Sims Con_175,-0.5,1.0,Correct,0.5,69.20605080066682
Non-Free,0,Sims Con_175,0.0,1.0,Error,-0.5,42.14471799289093
Non-Free,0,Sims Con_175,0.0,1.0,Correct,0.5,82.62951402399608
Non-Free,0,Sims Con_175,0.5,1.0,Error,-0.5,29.969959167980623
Non-Free,0,Sims Con_175,0.5,1.0,Correct,0.5,96.05297724732534
Free,1,Sims Con_176,-0.5,-1.0,Error,-0.5,42.46721620348564
Free,1,Sims Con_176,-0.5,-1.0,Correct,0.5,43.923962282533985
Free,1,Sims Con_176,0.0,-1.0,Error,-0.5,36.54667922750826
Free,1,Sims Con_176,0.0,-1.0,Correct,0.5,55.90267552091156
Free,1,Sims Con_176,0.5,-1.0,Error,-0.5,30.62614225153086
Free,1,Sims Con_176,0.5,-1.0,Correct,0.5,67.88138875928914
Free,1,Sims Con_176,-0.5,0.0,Error,-0.5,44.496844088553914
Free,1,Sims Con_176,-0.5,0.0,Correct,0.5,45.90585141271006
Free,1,Sims Con_176,0.0,0.0,Error,-0.5,39.179981158737625
Free,1,Sims Con_176,0.0,0.0,Correct,0.5,58.64265454332703
Free,1,Sims Con_176,0.5,0.0,Error,-0.5,33.86311822892134
Free,1,Sims Con_176,0.5,0.0,Correct,0.5,71.37945767394402
Free,1,Sims Con_176,-0.5,1.0,Error,-0.5,46.526471973622186
Free,1,Sims Con_176,-0.5,1.0,Correct,0.5,47.88774054288613
Free,1,Sims Con_176,0.0,1.0,Error,-0.5,41.813283089966994
Free,1,Sims Con_176,0.0,1.0,Correct,0.5,61.38263356574251
Free,1,Sims Con_176,0.5,1.0,Error,-0.5,37.10009420631181
Free,1,Sims Con_176,0.5,1.0,Correct,0.5,74.87752658859888
Non-Free,0,Sims Con_176,-0.5,-1.0,Error,-0.5,38.25304014715947
Non-Free,0,Sims Con_176,-0.5,-1.0,Correct,0.5,41.111832108380405
Non-Free,0,Sims Con_176,0.0,-1.0,Error,-0.5,32.63225319759147
Non-Free,0,Sims Con_176,0.0,-1.0,Correct,0.5,55.951917418761866
Non-Free,0,Sims Con_176,0.5,-1.0,Error,-0.5,27.011466248023478
Non-Free,0,Sims Con_176,0.5,-1.0,Correct,0.5,70.79200272914332
Non-Free,0,Sims Con_176,-0.5,0.0,Error,-0.5,39.480485970468465
Non-Free,0,Sims Con_176,-0.5,0.0,Correct,0.5,42.84409538589917
Non-Free,0,Sims Con_176,0.0,0.0,Error,-0.5,31.318701209262727
Non-Free,0,Sims Con_176,0.0,0.0,Correct,0.5,57.744855564311884
Non-Free,0,Sims Con_176,0.5,0.0,Error,-0.5,23.156916448056993
Non-Free,0,Sims Con_176,0.5,0.0,Correct,0.5,72.6456157427246
Non-Free,0,Sims Con_176,-0.5,1.0,Error,-0.5,40.70793179377746
Non-Free,0,Sims Con_176,-0.5,1.0,Correct,0.5,44.57635866341794
Non-Free,0,Sims Con_176,0.0,1.0,Error,-0.5,30.005149220933983
Non-Free,0,Sims Con_176,0.0,1.0,Correct,0.5,59.5377937098619
Non-Free,0,Sims Con_176,0.5,1.0,Error,-0.5,19.30236664809051
Non-Free,0,Sims Con_176,0.5,1.0,Correct,0.5,74.49922875630587
Free,1,Sims Con_177,-0.5,-1.0,Error,-0.5,66.34811171940243
Free,1,Sims Con_177,-0.5,-1.0,Correct,0.5,68.98228309098079
Free,1,Sims Con_177,0.0,-1.0,Error,-0.5,63.53426123534687
Free,1,Sims Con_177,0.0,-1.0,Correct,0.5,79.47631356681693
Free,1,Sims Con_177,0.5,-1.0,Error,-0.5,60.72041075129132
Free,1,Sims Con_177,0.5,-1.0,Correct,0.5,89.97034404265307
Free,1,Sims Con_177,-0.5,0.0,Error,-0.5,67.33620982957532
Free,1,Sims Con_177,-0.5,0.0,Correct,0.5,70.21182577064577
Free,1,Sims Con_177,0.0,0.0,Error,-0.5,64.46294577959233
Free,1,Sims Con_177,0.0,0.0,Correct,0.5,80.06730385138744
Free,1,Sims Con_177,0.5,0.0,Error,-0.5,61.589681729609346
Free,1,Sims Con_177,0.5,0.0,Correct,0.5,89.9227819321291
Free,1,Sims Con_177,-0.5,1.0,Error,-0.5,68.32430793974822
Free,1,Sims Con_177,-0.5,1.0,Correct,0.5,71.44136845031076
Free,1,Sims Con_177,0.0,1.0,Error,-0.5,65.39163032383779
Free,1,Sims Con_177,0.0,1.0,Correct,0.5,80.65829413595795
Free,1,Sims Con_177,0.5,1.0,Error,-0.5,62.45895270792737
Free,1,Sims Con_177,0.5,1.0,Correct,0.5,89.87521982160513
Non-Free,0,Sims Con_177,-0.5,-1.0,Error,-0.5,44.10719312524218
Non-Free,0,Sims Con_177,-0.5,-1.0,Correct,0.5,54.445130415150054
Non-Free,0,Sims Con_177,0.0,-1.0,Error,-0.5,28.6742240161881
Non-Free,0,Sims Con_177,0.0,-1.0,Correct,0.5,70.58003764769961
Non-Free,0,Sims Con_177,0.5,-1.0,Error,-0.5,13.241254907134017
Non-Free,0,Sims Con_177,0.5,-1.0,Correct,0.5,86.71494488024916
Non-Free,0,Sims Con_177,-0.5,0.0,Error,-0.5,42.437168661714274
Non-Free,0,Sims Con_177,-0.5,0.0,Correct,0.5,53.63461404931545
Non-Free,0,Sims Con_177,0.0,0.0,Error,-0.5,29.599414147386568
Non-Free,0,Sims Con_177,0.0,0.0,Correct,0.5,70.80612333000113
Non-Free,0,Sims Con_177,0.5,0.0,Error,-0.5,16.761659633058862
Non-Free,0,Sims Con_177,0.5,0.0,Correct,0.5,87.97763261068681
Non-Free,0,Sims Con_177,-0.5,1.0,Error,-0.5,40.767144198186365
Non-Free,0,Sims Con_177,-0.5,1.0,Correct,0.5,52.82409768348085
Non-Free,0,Sims Con_177,0.0,1.0,Error,-0.5,30.524604278585038
Non-Free,0,Sims Con_177,0.0,1.0,Correct,0.5,71.03220901230264
Non-Free,0,Sims Con_177,0.5,1.0,Error,-0.5,20.28206435898371
Non-Free,0,Sims Con_177,0.5,1.0,Correct,0.5,89.24032034112446
Free,1,Sims Con_178,-0.5,-1.0,Error,-0.5,55.07709071283891
Free,1,Sims Con_178,-0.5,-1.0,Correct,0.5,55.43424833617602
Free,1,Sims Con_178,0.0,-1.0,Error,-0.5,52.44003087864081
Free,1,Sims Con_178,0.0,-1.0,Correct,0.5,65.99771976217879
Free,1,Sims Con_178,0.5,-1.0,Error,-0.5,49.802971044442714
Free,1,Sims Con_178,0.5,-1.0,Correct,0.5,76.56119118818157
Free,1,Sims Con_178,-0.5,0.0,Error,-0.5,55.97451487400902
Free,1,Sims Con_178,-0.5,0.0,Correct,0.5,56.41262584127621
Free,1,Sims Con_178,0.0,0.0,Error,-0.5,52.814004010124386
Free,1,Sims Con_178,0.0,0.0,Correct,0.5,67.20269821885678
Free,1,Sims Con_178,0.5,0.0,Error,-0.5,49.653493146239754
Free,1,Sims Con_178,0.5,0.0,Correct,0.5,77.99277059643735
Free,1,Sims Con_178,-0.5,1.0,Error,-0.5,56.871939035179125
Free,1,Sims Con_178,-0.5,1.0,Correct,0.5,57.3910033463764
Free,1,Sims Con_178,0.0,1.0,Error,-0.5,53.18797714160796
Free,1,Sims Con_178,0.0,1.0,Correct,0.5,68.40767667553477
Free,1,Sims Con_178,0.5,1.0,Error,-0.5,49.5040152480368
Free,1,Sims Con_178,0.5,1.0,Correct,0.5,79.42435000469314
Non-Free,0,Sims Con_178,-0.5,-1.0,Error,-0.5,43.84173699918958
Non-Free,0,Sims Con_178,-0.5,-1.0,Correct,0.5,48.23698070925784
Non-Free,0,Sims Con_178,0.0,-1.0,Error,-0.5,38.88362026367285
Non-Free,0,Sims Con_178,0.0,-1.0,Correct,0.5,62.807351467829825
Non-Free,0,Sims Con_178,0.5,-1.0,Error,-0.5,33.92550352815613
Non-Free,0,Sims Con_178,0.5,-1.0,Correct,0.5,77.37772222640181
Non-Free,0,Sims Con_178,-0.5,0.0,Error,-0.5,42.96620085782614
Non-Free,0,Sims Con_178,-0.5,0.0,Correct,0.5,47.98126646776855
Non-Free,0,Sims Con_178,0.0,0.0,Error,-0.5,38.25359239420473
Non-Free,0,Sims Con_178,0.0,0.0,Correct,0.5,62.816847450986856
Non-Free,0,Sims Con_178,0.5,0.0,Error,-0.5,33.54098393058332
Non-Free,0,Sims Con_178,0.5,0.0,Correct,0.5,77.65242843420516
Non-Free,0,Sims Con_178,-0.5,1.0,Error,-0.5,42.0906647164627
Non-Free,0,Sims Con_178,-0.5,1.0,Correct,0.5,47.725552226279255
Non-Free,0,Sims Con_178,0.0,1.0,Error,-0.5,37.62356452473661
Non-Free,0,Sims Con_178,0.0,1.0,Correct,0.5,62.82634343414389
Non-Free,0,Sims Con_178,0.5,1.0,Error,-0.5,33.15646433301052
Non-Free,0,Sims Con_178,0.5,1.0,Correct,0.5,77.92713464200853
Free,1,Sims Con_179,-0.5,-1.0,Error,-0.5,62.711131931838125
Free,1,Sims Con_179,-0.5,-1.0,Correct,0.5,64.37946826516973
Free,1,Sims Con_179,0.0,-1.0,Error,-0.5,60.20461732154359
Free,1,Sims Con_179,0.0,-1.0,Correct,0.5,73.92384599109668
Free,1,Sims Con_179,0.5,-1.0,Error,-0.5,57.69810271124906
Free,1,Sims Con_179,0.5,-1.0,Correct,0.5,83.46822371702363
Free,1,Sims Con_179,-0.5,0.0,Error,-0.5,63.932409088247326
Free,1,Sims Con_179,-0.5,0.0,Correct,0.5,65.30618543333621
Free,1,Sims Con_179,0.0,0.0,Error,-0.5,61.460560988463996
Free,1,Sims Con_179,0.0,0.0,Correct,0.5,74.74026757858103
Free,1,Sims Con_179,0.5,0.0,Error,-0.5,58.988712888680666
Free,1,Sims Con_179,0.5,0.0,Correct,0.5,84.17434972382584
Free,1,Sims Con_179,-0.5,1.0,Error,-0.5,65.15368624465653
Free,1,Sims Con_179,-0.5,1.0,Correct,0.5,66.23290260150269
Free,1,Sims Con_179,0.0,1.0,Error,-0.5,62.716504655384405
Free,1,Sims Con_179,0.0,1.0,Correct,0.5,75.55668916606537
Free,1,Sims Con_179,0.5,1.0,Error,-0.5,60.279323066112276
Free,1,Sims Con_179,0.5,1.0,Correct,0.5,84.88047573062805
Non-Free,0,Sims Con_179,-0.5,-1.0,Error,-0.5,43.598479693210855
Non-Free,0,Sims Con_179,-0.5,-1.0,Correct,0.5,48.38611363926957
Non-Free,0,Sims Con_179,0.0,-1.0,Error,-0.5,35.70741711803345
Non-Free,0,Sims Con_179,0.0,-1.0,Correct,0.5,63.6474447525122
Non-Free,0,Sims Con_179,0.5,-1.0,Error,-0.5,27.816354542856033
Non-Free,0,Sims Con_179,0.5,-1.0,Correct,0.5,78.90877586575483
Non-Free,0,Sims Con_179,-0.5,0.0,Error,-0.5,44.044453520951016
Non-Free,0,Sims Con_179,-0.5,0.0,Correct,0.5,48.82869528504286
Non-Free,0,Sims Con_179,0.0,0.0,Error,-0.5,34.71761150198128
Non-Free,0,Sims Con_179,0.0,0.0,Correct,0.5,63.920682919500486
Non-Free,0,Sims Con_179,0.5,0.0,Error,-0.5,25.390769483011546
Non-Free,0,Sims Con_179,0.5,0.0,Correct,0.5,79.01267055395812
Non-Free,0,Sims Con_179,-0.5,1.0,Error,-0.5,44.49042734869118
Non-Free,0,Sims Con_179,-0.5,1.0,Correct,0.5,49.27127693081616
Non-Free,0,Sims Con_179,0.0,1.0,Error,-0.5,33.727805885929115
Non-Free,0,Sims Con_179,0.0,1.0,Correct,0.5,64.19392108648877
Non-Free,0,Sims Con_179,0.5,1.0,Error,-0.5,22.96518442316706
Non-Free,0,Sims Con_179,0.5,1.0,Correct,0.5,79.11656524216139
Free,1,Sims Con_18,-0.5,-1.0,Error,-0.5,76.65164858024471
Free,1,Sims Con_18,-0.5,-1.0,Correct,0.5,77.49939104942432
Free,1,Sims Con_18,0.0,-1.0,Error,-0.5,77.65350344971048
Free,1,Sims Con_18,0.0,-1.0,Correct,0.5,85.39578376314118
Free,1,Sims Con_18,0.5,-1.0,Error,-0.5,78.65535831917624
Free,1,Sims Con_18,0.5,-1.0,Correct,0.5,93.29217647685803
Free,1,Sims Con_18,-0.5,0.0,Error,-0.5,78.20361959574241
Free,1,Sims Con_18,-0.5,0.0,Correct,0.5,78.93847917788614
Free,1,Sims Con_18,0.0,0.0,Error,-0.5,79.76170994695417
Free,1,Sims Con_18,0.0,0.0,Correct,0.5,86.35029131159658
Free,1,Sims Con_18,0.5,0.0,Error,-0.5,81.31980029816593
Free,1,Sims Con_18,0.5,0.0,Correct,0.5,93.76210344530702
Free,1,Sims Con_18,-0.5,1.0,Error,-0.5,79.75559061124011
Free,1,Sims Con_18,-0.5,1.0,Correct,0.5,80.37756730634796
Free,1,Sims Con_18,0.0,1.0,Error,-0.5,81.86991644419786
Free,1,Sims Con_18,0.0,1.0,Correct,0.5,87.30479886005197
Free,1,Sims Con_18,0.5,1.0,Error,-0.5,83.98424227715562
Free,1,Sims Con_18,0.5,1.0,Correct,0.5,94.23203041375601
Non-Free,0,Sims Con_18,-0.5,-1.0,Error,-0.5,52.68215819834307
Non-Free,0,Sims Con_18,-0.5,-1.0,Correct,0.5,61.77261913892024
Non-Free,0,Sims Con_18,0.0,-1.0,Error,-0.5,44.19540597482481
Non-Free,0,Sims Con_18,0.0,-1.0,Correct,0.5,76.42772389474337
Non-Free,0,Sims Con_18,0.5,-1.0,Error,-0.5,35.70865375130655
Non-Free,0,Sims Con_18,0.5,-1.0,Correct,0.5,91.0828286505665
Non-Free,0,Sims Con_18,-0.5,0.0,Error,-0.5,54.55739656277491
Non-Free,0,Sims Con_18,-0.5,0.0,Correct,0.5,63.609753944314654
Non-Free,0,Sims Con_18,0.0,0.0,Error,-0.5,43.9933220360425
Non-Free,0,Sims Con_18,0.0,0.0,Correct,0.5,77.53817070567072
Non-Free,0,Sims Con_18,0.5,0.0,Error,-0.5,33.42924750931009
Non-Free,0,Sims Con_18,0.5,0.0,Correct,0.5,91.46658746702678
Non-Free,0,Sims Con_18,-0.5,1.0,Error,-0.5,56.432634927206756
Non-Free,0,Sims Con_18,-0.5,1.0,Correct,0.5,65.44688874970907
Non-Free,0,Sims Con_18,0.0,1.0,Error,-0.5,43.79123809726019
Non-Free,0,Sims Con_18,0.0,1.0,Correct,0.5,78.64861751659808
Non-Free,0,Sims Con_18,0.5,1.0,Error,-0.5,31.149841267313626
Non-Free,0,Sims Con_18,0.5,1.0,Correct,0.5,91.85034628348708
Free,1,Sims Con_180,-0.5,-1.0,Error,-0.5,63.48248322862313
Free,1,Sims Con_180,-0.5,-1.0,Correct,0.5,65.10710678802673
Free,1,Sims Con_180,0.0,-1.0,Error,-0.5,58.88755191140451
Free,1,Sims Con_180,0.0,-1.0,Correct,0.5,75.51943793092585
Free,1,Sims Con_180,0.5,-1.0,Error,-0.5,54.292620594185884
Free,1,Sims Con_180,0.5,-1.0,Correct,0.5,85.93176907382495
Free,1,Sims Con_180,-0.5,0.0,Error,-0.5,66.48184431902888
Free,1,Sims Con_180,-0.5,0.0,Correct,0.5,68.60777837776942
Free,1,Sims Con_180,0.0,0.0,Error,-0.5,63.05803428814823
Free,1,Sims Con_180,0.0,0.0,Correct,0.5,78.48235040812939
Free,1,Sims Con_180,0.5,0.0,Error,-0.5,59.634224257267576
Free,1,Sims Con_180,0.5,0.0,Correct,0.5,88.35692243848936
Free,1,Sims Con_180,-0.5,1.0,Error,-0.5,69.48120540943462
Free,1,Sims Con_180,-0.5,1.0,Correct,0.5,72.10844996751212
Free,1,Sims Con_180,0.0,1.0,Error,-0.5,67.22851666489194
Free,1,Sims Con_180,0.0,1.0,Correct,0.5,81.44526288533294
Free,1,Sims Con_180,0.5,1.0,Error,-0.5,64.97582792034926
Free,1,Sims Con_180,0.5,1.0,Correct,0.5,90.78207580315377
Non-Free,0,Sims Con_180,-0.5,-1.0,Error,-0.5,42.71138338128373
Non-Free,0,Sims Con_180,-0.5,-1.0,Correct,0.5,50.969657323580684
Non-Free,0,Sims Con_180,0.0,-1.0,Error,-0.5,31.86481526098726
Non-Free,0,Sims Con_180,0.0,-1.0,Correct,0.5,67.05379823467375
Non-Free,0,Sims Con_180,0.5,-1.0,Error,-0.5,21.01824714069079
Non-Free,0,Sims Con_180,0.5,-1.0,Correct,0.5,83.13793914576681
Non-Free,0,Sims Con_180,-0.5,0.0,Error,-0.5,43.32181578537109
Non-Free,0,Sims Con_180,-0.5,0.0,Correct,0.5,51.93950729441544
Non-Free,0,Sims Con_180,0.0,0.0,Error,-0.5,30.281990957921742
Non-Free,0,Sims Con_180,0.0,0.0,Correct,0.5,68.11598426022542
Non-Free,0,Sims Con_180,0.5,0.0,Error,-0.5,17.24216613047239
Non-Free,0,Sims Con_180,0.5,0.0,Correct,0.5,84.29246122603539
Non-Free,0,Sims Con_180,-0.5,1.0,Error,-0.5,43.932248189458456
Non-Free,0,Sims Con_180,-0.5,1.0,Correct,0.5,52.9093572652502
Non-Free,0,Sims Con_180,0.0,1.0,Error,-0.5,28.699166654856224
Non-Free,0,Sims Con_180,0.0,1.0,Correct,0.5,69.17817028577709
Non-Free,0,Sims Con_180,0.5,1.0,Error,-0.5,13.466085120253993
Non-Free,0,Sims Con_180,0.5,1.0,Correct,0.5,85.44698330630398
Free,1,Sims Con_181,-0.5,-1.0,Error,-0.5,75.09835247129305
Free,1,Sims Con_181,-0.5,-1.0,Correct,0.5,79.51507461477571
Free,1,Sims Con_181,0.0,-1.0,Error,-0.5,76.69945082376437
Free,1,Sims Con_181,0.0,-1.0,Correct,0.5,88.09470413009657
Free,1,Sims Con_181,0.5,-1.0,Error,-0.5,78.30054917623568
Free,1,Sims Con_181,0.5,-1.0,Correct,0.5,96.67433364541742
Free,1,Sims Con_181,-0.5,0.0,Error,-0.5,76.78082875686472
Free,1,Sims Con_181,-0.5,0.0,Correct,0.5,81.10200948540086
Free,1,Sims Con_181,0.0,0.0,Error,-0.5,80.00000000000003
Free,1,Sims Con_181,0.0,0.0,Correct,0.5,89.08633464360004
Free,1,Sims Con_181,0.5,0.0,Error,-0.5,83.21917124313534
Free,1,Sims Con_181,0.5,0.0,Correct,0.5,97.07065980179922
Free,1,Sims Con_181,-0.5,1.0,Error,-0.5,78.46330504243639
Free,1,Sims Con_181,-0.5,1.0,Correct,0.5,82.688944356026
Free,1,Sims Con_181,0.0,1.0,Error,-0.5,83.30054917623569
Free,1,Sims Con_181,0.0,1.0,Correct,0.5,90.0779651571035
Free,1,Sims Con_181,0.5,1.0,Error,-0.5,88.137793310035
Free,1,Sims Con_181,0.5,1.0,Correct,0.5,97.46698595818101
Non-Free,0,Sims Con_181,-0.5,-1.0,Error,-0.5,45.920605923581284
Non-Free,0,Sims Con_181,-0.5,-1.0,Correct,0.5,67.61754152695384
Non-Free,0,Sims Con_181,0.0,-1.0,Error,-0.5,28.547736830205793
Non-Free,0,Sims Con_181,0.0,-1.0,Correct,0.5,82.02182461437474
Non-Free,0,Sims Con_181,0.5,-1.0,Error,-0.5,11.174867736830302
Non-Free,0,Sims Con_181,0.5,-1.0,Correct,0.5,96.42610770179564
Non-Free,0,Sims Con_181,-0.5,0.0,Error,-0.5,47.81583992765095
Non-Free,0,Sims Con_181,-0.5,0.0,Correct,0.5,69.21528867844293
Non-Free,0,Sims Con_181,0.0,0.0,Error,-0.5,29.39179290074609
Non-Free,0,Sims Con_181,0.0,0.0,Correct,0.5,83.11912010282151
Non-Free,0,Sims Con_181,0.5,0.0,Error,-0.5,10.967745873841231
Non-Free,0,Sims Con_181,0.5,0.0,Correct,0.5,97.02295152720009
Non-Free,0,Sims Con_181,-0.5,1.0,Error,-0.5,49.71107393172061
Non-Free,0,Sims Con_181,-0.5,1.0,Correct,0.5,70.81303582993202
Non-Free,0,Sims Con_181,0.0,1.0,Error,-0.5,30.235848971286387
Non-Free,0,Sims Con_181,0.0,1.0,Correct,0.5,84.21641559126829
Non-Free,0,Sims Con_181,0.5,1.0,Error,-0.5,10.76062401085216
Non-Free,0,Sims Con_181,0.5,1.0,Correct,0.5,97.61979535260454
Free,1,Sims Con_182,-0.5,-1.0,Error,-0.5,57.287951221104116
Free,1,Sims Con_182,-0.5,-1.0,Correct,0.5,59.79326380521442
Free,1,Sims Con_182,0.0,-1.0,Error,-0.5,53.06360867595261
Free,1,Sims Con_182,0.0,-1.0,Correct,0.5,71.75485423817649
Free,1,Sims Con_182,0.5,-1.0,Error,-0.5,48.83926613080111
Free,1,Sims Con_182,0.5,-1.0,Correct,0.5,83.71644467113855
Free,1,Sims Con_182,-0.5,0.0,Error,-0.5,57.20063235275143
Free,1,Sims Con_182,-0.5,0.0,Correct,0.5,59.40252804651991
Free,1,Sims Con_182,0.0,0.0,Error,-0.5,52.38386058488834
Free,1,Sims Con_182,0.0,0.0,Correct,0.5,71.30772630994662
Free,1,Sims Con_182,0.5,0.0,Error,-0.5,47.56708881702525
Free,1,Sims Con_182,0.5,0.0,Correct,0.5,83.21292457337331
Free,1,Sims Con_182,-0.5,1.0,Error,-0.5,57.11331348439874
Free,1,Sims Con_182,-0.5,1.0,Correct,0.5,59.0117922878254
Free,1,Sims Con_182,0.0,1.0,Error,-0.5,51.70411249382407
Free,1,Sims Con_182,0.0,1.0,Correct,0.5,70.86059838171674
Free,1,Sims Con_182,0.5,1.0,Error,-0.5,46.294911503249395
Free,1,Sims Con_182,0.5,1.0,Correct,0.5,82.70940447560807
Non-Free,0,Sims Con_182,-0.5,-1.0,Error,-0.5,39.975070882148366
Non-Free,0,Sims Con_182,-0.5,-1.0,Correct,0.5,47.167647320424
Non-Free,0,Sims Con_182,0.0,-1.0,Error,-0.5,27.65067137431117
Non-Free,0,Sims Con_182,0.0,-1.0,Correct,0.5,63.71269779699571
Non-Free,0,Sims Con_182,0.5,-1.0,Error,-0.5,15.326271866473975
Non-Free,0,Sims Con_182,0.5,-1.0,Correct,0.5,80.25774827356743
Non-Free,0,Sims Con_182,-0.5,0.0,Error,-0.5,39.43465468357136
Non-Free,0,Sims Con_182,-0.5,0.0,Correct,0.5,46.28635773388636
Non-Free,0,Sims Con_182,0.0,0.0,Error,-0.5,28.557641898036664
Non-Free,0,Sims Con_182,0.0,0.0,Correct,0.5,63.10282872502766
Non-Free,0,Sims Con_182,0.5,0.0,Error,-0.5,17.68062911250197
Non-Free,0,Sims Con_182,0.5,0.0,Correct,0.5,79.91929971616896
Non-Free,0,Sims Con_182,-0.5,1.0,Error,-0.5,38.894238484994354
Non-Free,0,Sims Con_182,-0.5,1.0,Correct,0.5,45.40506814734872
Non-Free,0,Sims Con_182,0.0,1.0,Error,-0.5,29.46461242176216
Non-Free,0,Sims Con_182,0.0,1.0,Correct,0.5,62.492959653059614
Non-Free,0,Sims Con_182,0.5,1.0,Error,-0.5,20.03498635852996
Non-Free,0,Sims Con_182,0.5,1.0,Correct,0.5,79.5808511587705
Free,1,Sims Con_183,-0.5,-1.0,Error,-0.5,52.73216691231242
Free,1,Sims Con_183,-0.5,-1.0,Correct,0.5,52.87406392762201
Free,1,Sims Con_183,0.0,-1.0,Error,-0.5,51.82985995551966
Free,1,Sims Con_183,0.0,-1.0,Correct,0.5,58.84049170727483
Free,1,Sims Con_183,0.5,-1.0,Error,-0.5,50.927552998726895
Free,1,Sims Con_183,0.5,-1.0,Correct,0.5,64.80691948692764
Free,1,Sims Con_183,-0.5,0.0,Error,-0.5,53.30500219232214
Free,1,Sims Con_183,-0.5,0.0,Correct,0.5,53.190969356950816
Free,1,Sims Con_183,0.0,0.0,Error,-0.5,52.1744718616777
Free,1,Sims Con_183,0.0,0.0,Correct,0.5,59.50592818408858
Free,1,Sims Con_183,0.5,0.0,Error,-0.5,51.04394153103326
Free,1,Sims Con_183,0.5,0.0,Correct,0.5,65.82088701122635
Free,1,Sims Con_183,-0.5,1.0,Error,-0.5,53.87783747233186
Free,1,Sims Con_183,-0.5,1.0,Correct,0.5,53.50787478627962
Free,1,Sims Con_183,0.0,1.0,Error,-0.5,52.519083767835745
Free,1,Sims Con_183,0.0,1.0,Correct,0.5,60.171364660902334
Free,1,Sims Con_183,0.5,1.0,Error,-0.5,51.16033006333963
Free,1,Sims Con_183,0.5,1.0,Correct,0.5,66.83485453552505
Non-Free,0,Sims Con_183,-0.5,-1.0,Error,-0.5,47.65939882400994
Non-Free,0,Sims Con_183,-0.5,-1.0,Correct,0.5,48.54545235934491
Non-Free,0,Sims Con_183,0.0,-1.0,Error,-0.5,43.73892231806644
Non-Free,0,Sims Con_183,0.0,-1.0,Correct,0.5,56.707865971974734
Non-Free,0,Sims Con_183,0.5,-1.0,Error,-0.5,39.81844581212295
Non-Free,0,Sims Con_183,0.5,-1.0,Correct,0.5,64.87027958460456
Non-Free,0,Sims Con_183,-0.5,0.0,Error,-0.5,47.58065623401717
Non-Free,0,Sims Con_183,-0.5,0.0,Correct,0.5,49.07030765123889
Non-Free,0,Sims Con_183,0.0,0.0,Error,-0.5,44.80739988123391
Non-Free,0,Sims Con_183,0.0,0.0,Correct,0.5,57.20090234055999
Non-Free,0,Sims Con_183,0.5,0.0,Error,-0.5,42.034143528450656
Non-Free,0,Sims Con_183,0.5,0.0,Correct,0.5,65.33149702988109
Non-Free,0,Sims Con_183,-0.5,1.0,Error,-0.5,47.5019136440244
Non-Free,0,Sims Con_183,-0.5,1.0,Correct,0.5,49.59516294313288
Non-Free,0,Sims Con_183,0.0,1.0,Error,-0.5,45.87587744440138
Non-Free,0,Sims Con_183,0.0,1.0,Correct,0.5,57.69393870914525
Non-Free,0,Sims Con_183,0.5,1.0,Error,-0.5,44.24984124477836
Non-Free,0,Sims Con_183,0.5,1.0,Correct,0.5,65.79271447515764
Free,1,Sims Con_184,-0.5,-1.0,Error,-0.5,49.93855085576415
Free,1,Sims Con_184,-0.5,-1.0,Correct,0.5,50.89327804239213
Free,1,Sims Con_184,0.0,-1.0,Error,-0.5,47.38248636557842
Free,1,Sims Con_184,0.0,-1.0,Correct,0.5,54.751835174015824
Free,1,Sims Con_184,0.5,-1.0,Error,-0.5,44.82642187539269
Free,1,Sims Con_184,0.5,-1.0,Correct,0.5,58.610392305639515
Free,1,Sims Con_184,-0.5,0.0,Error,-0.5,49.47514388398803
Free,1,Sims Con_184,-0.5,0.0,Correct,0.5,50.74409191152902
Free,1,Sims Con_184,0.0,0.0,Error,-0.5,47.024058156777
Free,1,Sims Con_184,0.0,0.0,Correct,0.5,54.16206701378453
Free,1,Sims Con_184,0.5,0.0,Error,-0.5,44.57297242956597
Free,1,Sims Con_184,0.5,0.0,Correct,0.5,57.58004211604004
Free,1,Sims Con_184,-0.5,1.0,Error,-0.5,49.011736912211916
Free,1,Sims Con_184,-0.5,1.0,Correct,0.5,50.594905780665904
Free,1,Sims Con_184,0.0,1.0,Error,-0.5,46.66562994797558
Free,1,Sims Con_184,0.0,1.0,Correct,0.5,53.572298853553235
Free,1,Sims Con_184,0.5,1.0,Error,-0.5,44.319522983739255
Free,1,Sims Con_184,0.5,1.0,Correct,0.5,56.549691926440566
Non-Free,0,Sims Con_184,-0.5,-1.0,Error,-0.5,46.09849220441443
Non-Free,0,Sims Con_184,-0.5,-1.0,Correct,0.5,47.88521382826711
Non-Free,0,Sims Con_184,0.0,-1.0,Error,-0.5,44.2365870925064
Non-Free,0,Sims Con_184,0.0,-1.0,Correct,0.5,52.88846763455314
Non-Free,0,Sims Con_184,0.5,-1.0,Error,-0.5,42.37468198059837
Non-Free,0,Sims Con_184,0.5,-1.0,Correct,0.5,57.891721440839156
Non-Free,0,Sims Con_184,-0.5,0.0,Error,-0.5,46.48935078265332
Non-Free,0,Sims Con_184,-0.5,0.0,Correct,0.5,47.973572038948305
Non-Free,0,Sims Con_184,0.0,0.0,Error,-0.5,44.07629628769972
Non-Free,0,Sims Con_184,0.0,0.0,Correct,0.5,52.69158970818128
Non-Free,0,Sims Con_184,0.5,0.0,Error,-0.5,41.66324179274612
Non-Free,0,Sims Con_184,0.5,0.0,Correct,0.5,57.40960737741426
Non-Free,0,Sims Con_184,-0.5,1.0,Error,-0.5,46.88020936089221
Non-Free,0,Sims Con_184,-0.5,1.0,Correct,0.5,48.0619302496295
Non-Free,0,Sims Con_184,0.0,1.0,Error,-0.5,43.91600548289304
Non-Free,0,Sims Con_184,0.0,1.0,Correct,0.5,52.49471178180943
Non-Free,0,Sims Con_184,0.5,1.0,Error,-0.5,40.95180160489387
Non-Free,0,Sims Con_184,0.5,1.0,Correct,0.5,56.92749331398936
Free,1,Sims Con_185,-0.5,-1.0,Error,-0.5,66.68070953436809
Free,1,Sims Con_185,-0.5,-1.0,Correct,0.5,72.27181975265113
Free,1,Sims Con_185,0.0,-1.0,Error,-0.5,60.660753880266135
Free,1,Sims Con_185,0.0,-1.0,Correct,0.5,82.88358468667234
Free,1,Sims Con_185,0.5,-1.0,Error,-0.5,54.64079822616417
Free,1,Sims Con_185,0.5,-1.0,Correct,0.5,93.49534962069356
Free,1,Sims Con_185,-0.5,0.0,Error,-0.5,67.5626385809313
Free,1,Sims Con_185,-0.5,0.0,Correct,0.5,73.33797980161613
Free,1,Sims Con_185,0.0,0.0,Error,-0.5,62.160753880266086
Free,1,Sims Con_185,0.0,0.0,Correct,0.5,83.57578504435139
Free,1,Sims Con_185,0.5,0.0,Error,-0.5,56.758869179600865
Free,1,Sims Con_185,0.5,0.0,Correct,0.5,93.81359028708665
Free,1,Sims Con_185,-0.5,1.0,Error,-0.5,68.44456762749452
Free,1,Sims Con_185,-0.5,1.0,Correct,0.5,74.40413985058113
Free,1,Sims Con_185,0.0,1.0,Error,-0.5,63.660753880266036
Free,1,Sims Con_185,0.0,1.0,Correct,0.5,84.26798540203045
Free,1,Sims Con_185,0.5,1.0,Error,-0.5,58.87694013303755
Free,1,Sims Con_185,0.5,1.0,Correct,0.5,94.13183095347976
Non-Free,0,Sims Con_185,-0.5,-1.0,Error,-0.5,35.59858581844161
Non-Free,0,Sims Con_185,-0.5,-1.0,Correct,0.5,56.581943128056935
Non-Free,0,Sims Con_185,0.0,-1.0,Error,-0.5,22.293533750632786
Non-Free,0,Sims Con_185,0.0,-1.0,Correct,0.5,75.08982505979095
Non-Free,0,Sims Con_185,0.5,-1.0,Error,-0.5,8.988481682823956
Non-Free,0,Sims Con_185,0.5,-1.0,Correct,0.5,93.59770699152496
Non-Free,0,Sims Con_185,-0.5,0.0,Error,-0.5,38.154150048022544
Non-Free,0,Sims Con_185,-0.5,0.0,Correct,0.5,58.72532172511529
Non-Free,0,Sims Con_185,0.0,0.0,Error,-0.5,22.924824587550084
Non-Free,0,Sims Con_185,0.0,0.0,Correct,0.5,76.27276163822579
Non-Free,0,Sims Con_185,0.5,0.0,Error,-0.5,7.695499127077623
Non-Free,0,Sims Con_185,0.5,0.0,Correct,0.5,93.82020155133628
Non-Free,0,Sims Con_185,-0.5,1.0,Error,-0.5,40.709714277603474
Non-Free,0,Sims Con_185,-0.5,1.0,Correct,0.5,60.86870032217365
Non-Free,0,Sims Con_185,0.0,1.0,Error,-0.5,23.556115424467382
Non-Free,0,Sims Con_185,0.0,1.0,Correct,0.5,77.45569821666062
Non-Free,0,Sims Con_185,0.5,1.0,Error,-0.5,6.402516571331289
Non-Free,0,Sims Con_185,0.5,1.0,Correct,0.5,94.0426961111476
Free,1,Sims Con_186,-0.5,-1.0,Error,-0.5,75.8988269794723
Free,1,Sims Con_186,-0.5,-1.0,Correct,0.5,81.18881453788043
Free,1,Sims Con_186,0.0,-1.0,Error,-0.5,77.00000000000043
Free,1,Sims Con_186,0.0,-1.0,Correct,0.5,89.6955818190292
Free,1,Sims Con_186,0.5,-1.0,Error,-0.5,78.10117302052858
Free,1,Sims Con_186,0.5,-1.0,Correct,0.5,98.20234910017798
Free,1,Sims Con_186,-0.5,0.0,Error,-0.5,76.58064516129033
Free,1,Sims Con_186,-0.5,0.0,Correct,0.5,82.51509886531001
Free,1,Sims Con_186,0.0,0.0,Error,-0.5,69.40498533724356
Free,1,Sims Con_186,0.0,0.0,Correct,0.5,90.47359852768183
Free,1,Sims Con_186,0.5,0.0,Error,-0.5,62.22932551319679
Free,1,Sims Con_186,0.5,0.0,Correct,0.5,98.43209819005365
Free,1,Sims Con_186,-0.5,1.0,Error,-0.5,77.26246334310837
Free,1,Sims Con_186,-0.5,1.0,Correct,0.5,83.84138319273958
Free,1,Sims Con_186,0.0,1.0,Error,-0.5,61.809970674486685
Free,1,Sims Con_186,0.0,1.0,Correct,0.5,91.25161523633446
Free,1,Sims Con_186,0.5,1.0,Error,-0.5,46.357478005865005
Free,1,Sims Con_186,0.5,1.0,Correct,0.5,98.66184727992932
Non-Free,0,Sims Con_186,-0.5,-1.0,Error,-0.5,44.41622170847491
Non-Free,0,Sims Con_186,-0.5,-1.0,Correct,0.5,72.04022671067186
Non-Free,0,Sims Con_186,0.0,-1.0,Error,-0.5,26.52148551589097
Non-Free,0,Sims Con_186,0.0,-1.0,Correct,0.5,85.30952291852789
Non-Free,0,Sims Con_186,0.5,-1.0,Error,-0.5,8.626749323307033
Non-Free,0,Sims Con_186,0.5,-1.0,Correct,0.5,98.5788191263839
Non-Free,0,Sims Con_186,-0.5,0.0,Error,-0.5,44.026339605255586
Non-Free,0,Sims Con_186,-0.5,0.0,Correct,0.5,72.08888524740019
Non-Free,0,Sims Con_186,0.0,0.0,Error,-0.5,26.90637572297137
Non-Free,0,Sims Con_186,0.0,0.0,Correct,0.5,85.5156463293208
Non-Free,0,Sims Con_186,0.5,0.0,Error,-0.5,9.786411840687151
Non-Free,0,Sims Con_186,0.5,0.0,Correct,0.5,98.94240741124142
Non-Free,0,Sims Con_186,-0.5,1.0,Error,-0.5,43.636457502036265
Non-Free,0,Sims Con_186,-0.5,1.0,Correct,0.5,72.13754378412851
Non-Free,0,Sims Con_186,0.0,1.0,Error,-0.5,27.291265930051768
Non-Free,0,Sims Con_186,0.0,1.0,Correct,0.5,85.72176974011371
Non-Free,0,Sims Con_186,0.5,1.0,Error,-0.5,10.94607435806727
Non-Free,0,Sims Con_186,0.5,1.0,Correct,0.5,99.30599569609893
Free,1,Sims Con_187,-0.5,-1.0,Error,-0.5,65.4053344786113
Free,1,Sims Con_187,-0.5,-1.0,Correct,0.5,67.77799500964584
Free,1,Sims Con_187,0.0,-1.0,Error,-0.5,61.46315642618565
Free,1,Sims Con_187,0.0,-1.0,Correct,0.5,77.70133457910323
Free,1,Sims Con_187,0.5,-1.0,Error,-0.5,57.52097837376
Free,1,Sims Con_187,0.5,-1.0,Correct,0.5,87.62467414856064
Free,1,Sims Con_187,-0.5,0.0,Error,-0.5,67.62855699535962
Free,1,Sims Con_187,-0.5,0.0,Correct,0.5,69.9107108975685
Free,1,Sims Con_187,0.0,0.0,Error,-0.5,64.49643878735489
Free,1,Sims Con_187,0.0,0.0,Correct,0.5,79.62100022545118
Free,1,Sims Con_187,0.5,0.0,Error,-0.5,61.364320579350164
Free,1,Sims Con_187,0.5,0.0,Correct,0.5,89.33128955333386
Free,1,Sims Con_187,-0.5,1.0,Error,-0.5,69.85177951210794
Free,1,Sims Con_187,-0.5,1.0,Correct,0.5,72.04342678549118
Free,1,Sims Con_187,0.0,1.0,Error,-0.5,67.52972114852413
Free,1,Sims Con_187,0.0,1.0,Correct,0.5,81.54066587179913
Free,1,Sims Con_187,0.5,1.0,Error,-0.5,65.20766278494033
Free,1,Sims Con_187,0.5,1.0,Correct,0.5,91.03790495810708
Non-Free,0,Sims Con_187,-0.5,-1.0,Error,-0.5,42.8788265748041
Non-Free,0,Sims Con_187,-0.5,-1.0,Correct,0.5,52.16156928105414
Non-Free,0,Sims Con_187,0.0,-1.0,Error,-0.5,34.44437515157813
Non-Free,0,Sims Con_187,0.0,-1.0,Correct,0.5,68.55686185303507
Non-Free,0,Sims Con_187,0.5,-1.0,Error,-0.5,26.009923728352167
Non-Free,0,Sims Con_187,0.5,-1.0,Correct,0.5,84.95215442501599
Non-Free,0,Sims Con_187,-0.5,0.0,Error,-0.5,43.405190035685834
Non-Free,0,Sims Con_187,-0.5,0.0,Correct,0.5,53.2842039943612
Non-Free,0,Sims Con_187,0.0,0.0,Error,-0.5,33.8422151939458
Non-Free,0,Sims Con_187,0.0,0.0,Correct,0.5,69.77784530739302
Non-Free,0,Sims Con_187,0.5,0.0,Error,-0.5,24.279240352205765
Non-Free,0,Sims Con_187,0.5,0.0,Correct,0.5,86.27148662042484
Non-Free,0,Sims Con_187,-0.5,1.0,Error,-0.5,43.93155349656757
Non-Free,0,Sims Con_187,-0.5,1.0,Correct,0.5,54.40683870766826
Non-Free,0,Sims Con_187,0.0,1.0,Error,-0.5,33.24005523631347
Non-Free,0,Sims Con_187,0.0,1.0,Correct,0.5,70.99882876175097
Non-Free,0,Sims Con_187,0.5,1.0,Error,-0.5,22.548556976059366
Non-Free,0,Sims Con_187,0.5,1.0,Correct,0.5,87.5908188158337
Free,1,Sims Con_188,-0.5,-1.0,Error,-0.5,50.39138016831001
Free,1,Sims Con_188,-0.5,-1.0,Correct,0.5,50.72976944306467
Free,1,Sims Con_188,0.0,-1.0,Error,-0.5,47.85853065646178
Free,1,Sims Con_188,0.0,-1.0,Correct,0.5,57.63637700943734
Free,1,Sims Con_188,0.5,-1.0,Error,-0.5,45.32568114461356
Free,1,Sims Con_188,0.5,-1.0,Correct,0.5,64.54298457581002
Free,1,Sims Con_188,-0.5,0.0,Error,-0.5,61.895913792875696
Free,1,Sims Con_188,-0.5,0.0,Correct,0.5,62.39809541353203
Free,1,Sims Con_188,0.0,0.0,Error,-0.5,60.003569210986385
Free,1,Sims Con_188,0.0,0.0,Correct,0.5,68.72617066278943
Free,1,Sims Con_188,0.5,0.0,Error,-0.5,58.11122462909707
Free,1,Sims Con_188,0.5,0.0,Correct,0.5,75.05424591204682
Free,1,Sims Con_188,-0.5,1.0,Error,-0.5,73.40044741744138
Free,1,Sims Con_188,-0.5,1.0,Correct,0.5,74.0664213839994
Free,1,Sims Con_188,0.0,1.0,Error,-0.5,72.14860776551099
Free,1,Sims Con_188,0.0,1.0,Correct,0.5,79.81596431614152
Free,1,Sims Con_188,0.5,1.0,Error,-0.5,70.89676811358059
Free,1,Sims Con_188,0.5,1.0,Correct,0.5,85.56550724828364
Non-Free,0,Sims Con_188,-0.5,-1.0,Error,-0.5,38.23747698216759
Non-Free,0,Sims Con_188,-0.5,-1.0,Correct,0.5,40.401173892522934
Non-Free,0,Sims Con_188,0.0,-1.0,Error,-0.5,34.842963906602186
Non-Free,0,Sims Con_188,0.0,-1.0,Correct,0.5,49.479930772410334
Non-Free,0,Sims Con_188,0.5,-1.0,Error,-0.5,31.44845083103678
Non-Free,0,Sims Con_188,0.5,-1.0,Correct,0.5,58.55868765229773
Non-Free,0,Sims Con_188,-0.5,0.0,Error,-0.5,43.344389874787794
Non-Free,0,Sims Con_188,-0.5,0.0,Correct,0.5,46.26700350408147
Non-Free,0,Sims Con_188,0.0,0.0,Error,-0.5,39.53574618484667
Non-Free,0,Sims Con_188,0.0,0.0,Correct,0.5,56.97756239133943
Non-Free,0,Sims Con_188,0.5,0.0,Error,-0.5,35.72710249490555
Non-Free,0,Sims Con_188,0.5,0.0,Correct,0.5,67.6881212785974
Non-Free,0,Sims Con_188,-0.5,1.0,Error,-0.5,48.451302767407995
Non-Free,0,Sims Con_188,-0.5,1.0,Correct,0.5,52.13283311564001
Non-Free,0,Sims Con_188,0.0,1.0,Error,-0.5,44.22852846309116
Non-Free,0,Sims Con_188,0.0,1.0,Correct,0.5,64.47519401026854
Non-Free,0,Sims Con_188,0.5,1.0,Error,-0.5,40.00575415877432
Non-Free,0,Sims Con_188,0.5,1.0,Correct,0.5,76.81755490489707
Free,1,Sims Con_189,-0.5,-1.0,Error,-0.5,43.872169466764056
Free,1,Sims Con_189,-0.5,-1.0,Correct,0.5,44.48261456149615
Free,1,Sims Con_189,0.0,-1.0,Error,-0.5,37.842563353374146
Free,1,Sims Con_189,0.0,-1.0,Correct,0.5,55.92688087345318
Free,1,Sims Con_189,0.5,-1.0,Error,-0.5,31.81295723998424
Free,1,Sims Con_189,0.5,-1.0,Correct,0.5,67.37114718541021
Free,1,Sims Con_189,-0.5,0.0,Error,-0.5,46.84845760521434
Free,1,Sims Con_189,-0.5,0.0,Correct,0.5,47.933912645479495
Free,1,Sims Con_189,0.0,0.0,Error,-0.5,41.54256335337415
Free,1,Sims Con_189,0.0,0.0,Correct,0.5,59.78283724338648
Free,1,Sims Con_189,0.5,0.0,Error,-0.5,36.236669101533955
Free,1,Sims Con_189,0.5,0.0,Correct,0.5,71.63176184129347
Free,1,Sims Con_189,-0.5,1.0,Error,-0.5,49.82474574366463
Free,1,Sims Con_189,-0.5,1.0,Correct,0.5,51.38521072946284
Free,1,Sims Con_189,0.0,1.0,Error,-0.5,45.24256335337415
Free,1,Sims Con_189,0.0,1.0,Correct,0.5,63.638793613319784
Free,1,Sims Con_189,0.5,1.0,Error,-0.5,40.660380963083675
Free,1,Sims Con_189,0.5,1.0,Correct,0.5,75.89237649717674
Non-Free,0,Sims Con_189,-0.5,-1.0,Error,-0.5,38.582953496056184
Non-Free,0,Sims Con_189,-0.5,-1.0,Correct,0.5,41.18691281445715
Non-Free,0,Sims Con_189,0.0,-1.0,Error,-0.5,27.515793040929218
Non-Free,0,Sims Con_189,0.0,-1.0,Correct,0.5,54.147030644829904
Non-Free,0,Sims Con_189,0.5,-1.0,Error,-0.5,16.44863258580225
Non-Free,0,Sims Con_189,0.5,-1.0,Correct,0.5,67.10714847520266
Non-Free,0,Sims Con_189,-0.5,0.0,Error,-0.5,40.11612091533723
Non-Free,0,Sims Con_189,-0.5,0.0,Correct,0.5,43.26829462272006
Non-Free,0,Sims Con_189,0.0,0.0,Error,-0.5,30.627314395126774
Non-Free,0,Sims Con_189,0.0,0.0,Correct,0.5,57.590217560821756
Non-Free,0,Sims Con_189,0.5,0.0,Error,-0.5,21.13850787491632
Non-Free,0,Sims Con_189,0.5,0.0,Correct,0.5,71.91214049892345
Non-Free,0,Sims Con_189,-0.5,1.0,Error,-0.5,41.64928833461827
Non-Free,0,Sims Con_189,-0.5,1.0,Correct,0.5,45.349676430982974
Non-Free,0,Sims Con_189,0.0,1.0,Error,-0.5,33.73883574932433
Non-Free,0,Sims Con_189,0.0,1.0,Correct,0.5,61.03340447681361
Non-Free,0,Sims Con_189,0.5,1.0,Error,-0.5,25.82838316403039
Non-Free,0,Sims Con_189,0.5,1.0,Correct,0.5,76.71713252264423
Free,1,Sims Con_19,-0.5,-1.0,Error,-0.5,81.98386357790501
Free,1,Sims Con_19,-0.5,-1.0,Correct,0.5,83.46825064031833
Free,1,Sims Con_19,0.0,-1.0,Error,-0.5,83.80938323902004
Free,1,Sims Con_19,0.0,-1.0,Correct,0.5,89.4634723924758
Free,1,Sims Con_19,0.5,-1.0,Error,-0.5,85.63490290013506
Free,1,Sims Con_19,0.5,-1.0,Correct,0.5,95.45869414463326
Free,1,Sims Con_19,-0.5,0.0,Error,-0.5,83.86708250273301
Free,1,Sims Con_19,-0.5,0.0,Correct,0.5,85.19789694219084
Free,1,Sims Con_19,0.0,0.0,Error,-0.5,85.75129010996085
Free,1,Sims Con_19,0.0,0.0,Correct,0.5,90.72727133134157
Free,1,Sims Con_19,0.5,0.0,Error,-0.5,87.63549771718868
Free,1,Sims Con_19,0.5,0.0,Correct,0.5,96.2566457204923
Free,1,Sims Con_19,-0.5,1.0,Error,-0.5,85.75030142756101
Free,1,Sims Con_19,-0.5,1.0,Correct,0.5,86.92754324406334
Free,1,Sims Con_19,0.0,1.0,Error,-0.5,87.69319698090166
Free,1,Sims Con_19,0.0,1.0,Correct,0.5,91.99107027020735
Free,1,Sims Con_19,0.5,1.0,Error,-0.5,89.63609253424231
Free,1,Sims Con_19,0.5,1.0,Correct,0.5,97.05459729635135
Non-Free,0,Sims Con_19,-0.5,-1.0,Error,-0.5,55.285760395093924
Non-Free,0,Sims Con_19,-0.5,-1.0,Correct,0.5,66.6415396265834
Non-Free,0,Sims Con_19,0.0,-1.0,Error,-0.5,44.945075843930205
Non-Free,0,Sims Con_19,0.0,-1.0,Correct,0.5,80.74795511274063
Non-Free,0,Sims Con_19,0.5,-1.0,Error,-0.5,34.60439129276649
Non-Free,0,Sims Con_19,0.5,-1.0,Correct,0.5,94.85437059889784
Non-Free,0,Sims Con_19,-0.5,0.0,Error,-0.5,56.195135237610685
Non-Free,0,Sims Con_19,-0.5,0.0,Correct,0.5,67.67623443920048
Non-Free,0,Sims Con_19,0.0,0.0,Error,-0.5,45.75826652044221
Non-Free,0,Sims Con_19,0.0,0.0,Correct,0.5,81.19175101340886
Non-Free,0,Sims Con_19,0.5,0.0,Error,-0.5,35.32139780327374
Non-Free,0,Sims Con_19,0.5,0.0,Correct,0.5,94.70726758761724
Non-Free,0,Sims Con_19,-0.5,1.0,Error,-0.5,57.10451008012745
Non-Free,0,Sims Con_19,-0.5,1.0,Correct,0.5,68.71092925181757
Non-Free,0,Sims Con_19,0.0,1.0,Error,-0.5,46.57145719695422
Non-Free,0,Sims Con_19,0.0,1.0,Correct,0.5,81.6355469140771
Non-Free,0,Sims Con_19,0.5,1.0,Error,-0.5,36.038404313780994
Non-Free,0,Sims Con_19,0.5,1.0,Correct,0.5,94.56016457633663
Free,1,Sims Con_190,-0.5,-1.0,Error,-0.5,98.07219601278356
Free,1,Sims Con_190,-0.5,-1.0,Correct,0.5,98.42982886640507
Free,1,Sims Con_190,0.0,-1.0,Error,-0.5,98.72593973520019
Free,1,Sims Con_190,0.0,-1.0,Correct,0.5,99.2013399736627
Free,1,Sims Con_190,0.5,-1.0,Error,-0.5,99.3796834576168
Free,1,Sims Con_190,0.5,-1.0,Correct,0.5,99.97285108092032
Free,1,Sims Con_190,-0.5,0.0,Error,-0.5,98.06448029219302
Free,1,Sims Con_190,-0.5,0.0,Correct,0.5,98.40303737821547
Free,1,Sims Con_190,0.0,0.0,Error,-0.5,98.75857555927564
Free,1,Sims Con_190,0.0,0.0,Correct,0.5,99.18667242346616
Free,1,Sims Con_190,0.5,0.0,Error,-0.5,99.45267082635826
Free,1,Sims Con_190,0.5,0.0,Correct,0.5,99.97030746871685
Free,1,Sims Con_190,-0.5,1.0,Error,-0.5,98.05676457160249
Free,1,Sims Con_190,-0.5,1.0,Correct,0.5,98.37624589002587
Free,1,Sims Con_190,0.0,1.0,Error,-0.5,98.7912113833511
Free,1,Sims Con_190,0.0,1.0,Correct,0.5,99.17200487326963
Free,1,Sims Con_190,0.5,1.0,Error,-0.5,99.52565819509971
Free,1,Sims Con_190,0.5,1.0,Correct,0.5,99.96776385651339
Non-Free,0,Sims Con_190,-0.5,-1.0,Error,-0.5,56.71060776927325
Non-Free,0,Sims Con_190,-0.5,-1.0,Correct,0.5,70.16534000977434
Non-Free,0,Sims Con_190,0.0,-1.0,Error,-0.5,40.17896238655888
Non-Free,0,Sims Con_190,0.0,-1.0,Correct,0.5,82.6013805451542
Non-Free,0,Sims Con_190,0.5,-1.0,Error,-0.5,23.64731700384451
Non-Free,0,Sims Con_190,0.5,-1.0,Correct,0.5,95.03742108053407
Non-Free,0,Sims Con_190,-0.5,0.0,Error,-0.5,57.101109078794636
Non-Free,0,Sims Con_190,-0.5,0.0,Correct,0.5,70.57009323314114
Non-Free,0,Sims Con_190,0.0,0.0,Error,-0.5,41.73790007770383
Non-Free,0,Sims Con_190,0.0,0.0,Correct,0.5,82.86640741561922
Non-Free,0,Sims Con_190,0.5,0.0,Error,-0.5,26.374691076613022
Non-Free,0,Sims Con_190,0.5,0.0,Correct,0.5,95.1627215980973
Non-Free,0,Sims Con_190,-0.5,1.0,Error,-0.5,57.49161038831602
Non-Free,0,Sims Con_190,-0.5,1.0,Correct,0.5,70.97484645650793
Non-Free,0,Sims Con_190,0.0,1.0,Error,-0.5,43.296837768848775
Non-Free,0,Sims Con_190,0.0,1.0,Correct,0.5,83.13143428608424
Non-Free,0,Sims Con_190,0.5,1.0,Error,-0.5,29.102065149381534
Non-Free,0,Sims Con_190,0.5,1.0,Correct,0.5,95.28802211566055
Free,1,Sims Con_191,-0.5,-1.0,Error,-0.5,54.62978737698659
Free,1,Sims Con_191,-0.5,-1.0,Correct,0.5,56.55084574070769
Free,1,Sims Con_191,0.0,-1.0,Error,-0.5,50.41980148888333
Free,1,Sims Con_191,0.0,-1.0,Correct,0.5,67.49235890775249
Free,1,Sims Con_191,0.5,-1.0,Error,-0.5,46.209815600780075
Free,1,Sims Con_191,0.5,-1.0,Correct,0.5,78.43387207479729
Free,1,Sims Con_191,-0.5,0.0,Error,-0.5,55.79908124667621
Free,1,Sims Con_191,-0.5,0.0,Correct,0.5,57.30602482921479
Free,1,Sims Con_191,0.0,0.0,Error,-0.5,51.44915742697191
Free,1,Sims Con_191,0.0,0.0,Correct,0.5,68.22940006831135
Free,1,Sims Con_191,0.5,0.0,Error,-0.5,47.09923360726761
Free,1,Sims Con_191,0.5,0.0,Correct,0.5,79.15277530740791
Free,1,Sims Con_191,-0.5,1.0,Error,-0.5,56.96837511636583
Free,1,Sims Con_191,-0.5,1.0,Correct,0.5,58.06120391772189
Free,1,Sims Con_191,0.0,1.0,Error,-0.5,52.478513365060486
Free,1,Sims Con_191,0.0,1.0,Correct,0.5,68.96644122887021
Free,1,Sims Con_191,0.5,1.0,Error,-0.5,47.98865161375513
Free,1,Sims Con_191,0.5,1.0,Correct,0.5,79.87167854001854
Non-Free,0,Sims Con_191,-0.5,-1.0,Error,-0.5,39.69246928575697
Non-Free,0,Sims Con_191,-0.5,-1.0,Correct,0.5,44.006597812023905
Non-Free,0,Sims Con_191,0.0,-1.0,Error,-0.5,30.71683160430897
Non-Free,0,Sims Con_191,0.0,-1.0,Correct,0.5,59.55763090601284
Non-Free,0,Sims Con_191,0.5,-1.0,Error,-0.5,21.741193922860976
Non-Free,0,Sims Con_191,0.5,-1.0,Correct,0.5,75.10866400000177
Non-Free,0,Sims Con_191,-0.5,0.0,Error,-0.5,39.50943828279008
Non-Free,0,Sims Con_191,-0.5,0.0,Correct,0.5,43.98987380657573
Non-Free,0,Sims Con_191,0.0,0.0,Error,-0.5,31.24996017602202
Non-Free,0,Sims Con_191,0.0,0.0,Correct,0.5,59.87825020919989
Non-Free,0,Sims Con_191,0.5,0.0,Error,-0.5,22.990482069253964
Non-Free,0,Sims Con_191,0.5,0.0,Correct,0.5,75.76662661182405
Non-Free,0,Sims Con_191,-0.5,1.0,Error,-0.5,39.32640727982319
Non-Free,0,Sims Con_191,-0.5,1.0,Correct,0.5,43.973149801127555
Non-Free,0,Sims Con_191,0.0,1.0,Error,-0.5,31.78308874773507
Non-Free,0,Sims Con_191,0.0,1.0,Correct,0.5,60.19886951238694
Non-Free,0,Sims Con_191,0.5,1.0,Error,-0.5,24.239770215646953
Non-Free,0,Sims Con_191,0.5,1.0,Correct,0.5,76.42458922364632
Free,1,Sims Con_192,-0.5,-1.0,Error,-0.5,46.37097474177585
Free,1,Sims Con_192,-0.5,-1.0,Correct,0.5,46.79557247264224
Free,1,Sims Con_192,0.0,-1.0,Error,-0.5,43.373144692300954
Free,1,Sims Con_192,0.0,-1.0,Correct,0.5,52.828783982632046
Free,1,Sims Con_192,0.5,-1.0,Error,-0.5,40.37531464282606
Free,1,Sims Con_192,0.5,-1.0,Correct,0.5,58.86199549262185
Free,1,Sims Con_192,-0.5,0.0,Error,-0.5,58.7902091832306
Free,1,Sims Con_192,-0.5,0.0,Correct,0.5,58.98254168027194
Free,1,Sims Con_192,0.0,0.0,Error,-0.5,57.51406127940282
Free,1,Sims Con_192,0.0,0.0,Correct,0.5,66.20952752500399
Free,1,Sims Con_192,0.5,0.0,Error,-0.5,56.23791337557503
Free,1,Sims Con_192,0.5,0.0,Correct,0.5,73.43651336973605
Free,1,Sims Con_192,-0.5,1.0,Error,-0.5,71.20944362468535
Free,1,Sims Con_192,-0.5,1.0,Correct,0.5,71.16951088790165
Free,1,Sims Con_192,0.0,1.0,Error,-0.5,71.65497786650468
Free,1,Sims Con_192,0.0,1.0,Correct,0.5,79.59027106737594
Free,1,Sims Con_192,0.5,1.0,Error,-0.5,72.10051210832401
Free,1,Sims Con_192,0.5,1.0,Correct,0.5,88.01103124685024
Non-Free,0,Sims Con_192,-0.5,-1.0,Error,-0.5,41.189528130671476
Non-Free,0,Sims Con_192,-0.5,-1.0,Correct,0.5,42.94485844131228
Non-Free,0,Sims Con_192,0.0,-1.0,Error,-0.5,40.10099818511795
Non-Free,0,Sims Con_192,0.0,-1.0,Correct,0.5,50.250359995217025
Non-Free,0,Sims Con_192,0.5,-1.0,Error,-0.5,39.01246823956442
Non-Free,0,Sims Con_192,0.5,-1.0,Correct,0.5,57.55586154912178
Non-Free,0,Sims Con_192,-0.5,0.0,Error,-0.5,47.52861161524497
Non-Free,0,Sims Con_192,-0.5,0.0,Correct,0.5,50.25750296425895
Non-Free,0,Sims Con_192,0.0,0.0,Error,-0.5,43.211220508166946
Non-Free,0,Sims Con_192,0.0,0.0,Correct,0.5,60.395269220046515
Non-Free,0,Sims Con_192,0.5,0.0,Error,-0.5,38.89382940108892
Non-Free,0,Sims Con_192,0.5,0.0,Correct,0.5,70.53303547583408
Non-Free,0,Sims Con_192,-0.5,1.0,Error,-0.5,53.86769509981846
Non-Free,0,Sims Con_192,-0.5,1.0,Correct,0.5,57.57014748720562
Non-Free,0,Sims Con_192,0.0,1.0,Error,-0.5,46.32144283121594
Non-Free,0,Sims Con_192,0.0,1.0,Correct,0.5,70.540178444876
Non-Free,0,Sims Con_192,0.5,1.0,Error,-0.5,38.775190562613425
Non-Free,0,Sims Con_192,0.5,1.0,Correct,0.5,83.5102094025464
Free,1,Sims Con_193,-0.5,-1.0,Error,-0.5,54.71650609731976
Free,1,Sims Con_193,-0.5,-1.0,Correct,0.5,54.36372113754822
Free,1,Sims Con_193,0.0,-1.0,Error,-0.5,53.05853858519164
Free,1,Sims Con_193,0.0,-1.0,Correct,0.5,61.56464738950278
Free,1,Sims Con_193,0.5,-1.0,Error,-0.5,51.400571073063524
Free,1,Sims Con_193,0.5,-1.0,Correct,0.5,68.76557364145735
Free,1,Sims Con_193,-0.5,0.0,Error,-0.5,55.607009670122586
Free,1,Sims Con_193,-0.5,0.0,Correct,0.5,55.0497590138219
Free,1,Sims Con_193,0.0,0.0,Error,-0.5,54.271755977746835
Free,1,Sims Con_193,0.0,0.0,Correct,0.5,62.91959832292006
Free,1,Sims Con_193,0.5,0.0,Error,-0.5,52.936502285371084
Free,1,Sims Con_193,0.5,0.0,Correct,0.5,70.78943763201822
Free,1,Sims Con_193,-0.5,1.0,Error,-0.5,56.497513242925415
Free,1,Sims Con_193,-0.5,1.0,Correct,0.5,55.73579689009558
Free,1,Sims Con_193,0.0,1.0,Error,-0.5,55.48497337030203
Free,1,Sims Con_193,0.0,1.0,Correct,0.5,64.27454925633734
Free,1,Sims Con_193,0.5,1.0,Error,-0.5,54.472433497678644
Free,1,Sims Con_193,0.5,1.0,Correct,0.5,72.81330162257909
Non-Free,0,Sims Con_193,-0.5,-1.0,Error,-0.5,49.102512830028765
Non-Free,0,Sims Con_193,-0.5,-1.0,Correct,0.5,50.77627657692746
Non-Free,0,Sims Con_193,0.0,-1.0,Error,-0.5,44.90669183281772
Non-Free,0,Sims Con_193,0.0,-1.0,Correct,0.5,59.71782373518992
Non-Free,0,Sims Con_193,0.5,-1.0,Error,-0.5,40.71087083560667
Non-Free,0,Sims Con_193,0.5,-1.0,Correct,0.5,68.65937089345238
Non-Free,0,Sims Con_193,-0.5,0.0,Error,-0.5,49.56972251687359
Non-Free,0,Sims Con_193,-0.5,0.0,Correct,0.5,51.423404386130244
Non-Free,0,Sims Con_193,0.0,0.0,Error,-0.5,45.490701864196936
Non-Free,0,Sims Con_193,0.0,0.0,Correct,0.5,60.758855755569925
Non-Free,0,Sims Con_193,0.5,0.0,Error,-0.5,41.41168121152028
Non-Free,0,Sims Con_193,0.5,0.0,Correct,0.5,70.0943071250096
Non-Free,0,Sims Con_193,-0.5,1.0,Error,-0.5,50.036932203718415
Non-Free,0,Sims Con_193,-0.5,1.0,Correct,0.5,52.07053219533303
Non-Free,0,Sims Con_193,0.0,1.0,Error,-0.5,46.07471189557615
Non-Free,0,Sims Con_193,0.0,1.0,Correct,0.5,61.799887775949934
Non-Free,0,Sims Con_193,0.5,1.0,Error,-0.5,42.11249158743389
Non-Free,0,Sims Con_193,0.5,1.0,Correct,0.5,71.52924335656684
Free,1,Sims Con_2,-0.5,-1.0,Error,-0.5,83.86764705882314
Free,1,Sims Con_2,-0.5,-1.0,Correct,0.5,86.80584211917098
Free,1,Sims Con_2,0.0,-1.0,Error,-0.5,87.00000000000281
Free,1,Sims Con_2,0.0,-1.0,Correct,0.5,93.01692490542445
Free,1,Sims Con_2,0.5,-1.0,Error,-0.5,90.13235294118246
Free,1,Sims Con_2,0.5,-1.0,Correct,0.5,99.22800769167792
Free,1,Sims Con_2,-0.5,0.0,Error,-0.5,85.75735294117635
Free,1,Sims Con_2,-0.5,0.0,Correct,0.5,88.98958498207377
Free,1,Sims Con_2,0.0,0.0,Error,-0.5,89.50000000000011
Free,1,Sims Con_2,0.0,0.0,Correct,0.5,94.23361602191113
Free,1,Sims Con_2,0.5,0.0,Error,-0.5,93.24264705882388
Free,1,Sims Con_2,0.5,0.0,Correct,0.5,99.4776470617485
Free,1,Sims Con_2,-0.5,1.0,Error,-0.5,87.64705882352956
Free,1,Sims Con_2,-0.5,1.0,Correct,0.5,91.17332784497655
Free,1,Sims Con_2,0.0,1.0,Error,-0.5,91.99999999999741
Free,1,Sims Con_2,0.0,1.0,Correct,0.5,95.45030713839782
Free,1,Sims Con_2,0.5,1.0,Error,-0.5,96.35294117646528
Free,1,Sims Con_2,0.5,1.0,Correct,0.5,99.72728643181908
Non-Free,0,Sims Con_2,-0.5,-1.0,Error,-0.5,50.58243355777303
Non-Free,0,Sims Con_2,-0.5,-1.0,Correct,0.5,78.32904644513837
Non-Free,0,Sims Con_2,0.0,-1.0,Error,-0.5,33.043164315506395
Non-Free,0,Sims Con_2,0.0,-1.0,Correct,0.5,89.0397135571737
Non-Free,0,Sims Con_2,0.5,-1.0,Error,-0.5,15.503895073239757
Non-Free,0,Sims Con_2,0.5,-1.0,Correct,0.5,99.75038066920902
Non-Free,0,Sims Con_2,-0.5,0.0,Error,-0.5,49.71052790787061
Non-Free,0,Sims Con_2,-0.5,0.0,Correct,0.5,78.67507978326593
Non-Free,0,Sims Con_2,0.0,0.0,Error,-0.5,31.179045253313262
Non-Free,0,Sims Con_2,0.0,0.0,Correct,0.5,89.38581488346716
Non-Free,0,Sims Con_2,0.5,0.0,Error,-0.5,12.647562598755908
Non-Free,0,Sims Con_2,0.5,0.0,Correct,0.5,100.0965499836684
Non-Free,0,Sims Con_2,-0.5,1.0,Error,-0.5,48.8386222579682
Non-Free,0,Sims Con_2,-0.5,1.0,Correct,0.5,79.02111312139348
Non-Free,0,Sims Con_2,0.0,1.0,Error,-0.5,29.31492619112013
Non-Free,0,Sims Con_2,0.0,1.0,Correct,0.5,89.73191620976063
Non-Free,0,Sims Con_2,0.5,1.0,Error,-0.5,9.791230124272058
Non-Free,0,Sims Con_2,0.5,1.0,Correct,0.5,100.44271929812777
Free,1,Sims Con_20,-0.5,-1.0,Error,-0.5,98.03167298889997
Free,1,Sims Con_20,-0.5,-1.0,Correct,0.5,98.47536332056664
Free,1,Sims Con_20,0.0,-1.0,Error,-0.5,98.64911605380667
Free,1,Sims Con_20,0.0,-1.0,Correct,0.5,99.21977649829861
Free,1,Sims Con_20,0.5,-1.0,Error,-0.5,99.26655911871337
Free,1,Sims Con_20,0.5,-1.0,Correct,0.5,99.9641896760306
Free,1,Sims Con_20,-0.5,0.0,Error,-0.5,98.02948586945875
Free,1,Sims Con_20,-0.5,0.0,Correct,0.5,98.43805353889037
Free,1,Sims Con_20,0.0,0.0,Error,-0.5,98.61155358967544
Free,1,Sims Con_20,0.0,0.0,Correct,0.5,99.20171372955855
Free,1,Sims Con_20,0.5,0.0,Error,-0.5,99.19362130989212
Free,1,Sims Con_20,0.5,0.0,Correct,0.5,99.96537392022672
Free,1,Sims Con_20,-0.5,1.0,Error,-0.5,98.02729875001754
Free,1,Sims Con_20,-0.5,1.0,Correct,0.5,98.4007437572141
Free,1,Sims Con_20,0.0,1.0,Error,-0.5,98.57399112554421
Free,1,Sims Con_20,0.0,1.0,Correct,0.5,99.18365096081848
Free,1,Sims Con_20,0.5,1.0,Error,-0.5,99.12068350107087
Free,1,Sims Con_20,0.5,1.0,Correct,0.5,99.96655816442285
Non-Free,0,Sims Con_20,-0.5,-1.0,Error,-0.5,57.15018034103025
Non-Free,0,Sims Con_20,-0.5,-1.0,Correct,0.5,70.70096970769573
Non-Free,0,Sims Con_20,0.0,-1.0,Error,-0.5,47.68477466358304
Non-Free,0,Sims Con_20,0.0,-1.0,Correct,0.5,83.27909352754696
Non-Free,0,Sims Con_20,0.5,-1.0,Error,-0.5,38.21936898613583
Non-Free,0,Sims Con_20,0.5,-1.0,Correct,0.5,95.85721734739819
Non-Free,0,Sims Con_20,-0.5,0.0,Error,-0.5,55.81873030328444
Non-Free,0,Sims Con_20,-0.5,0.0,Correct,0.5,69.98512177658145
Non-Free,0,Sims Con_20,0.0,0.0,Error,-0.5,41.464512959390305
Non-Free,0,Sims Con_20,0.0,0.0,Correct,0.5,82.64499838388667
Non-Free,0,Sims Con_20,0.5,0.0,Error,-0.5,27.11029561549617
Non-Free,0,Sims Con_20,0.5,0.0,Correct,0.5,95.3048749911919
Non-Free,0,Sims Con_20,-0.5,1.0,Error,-0.5,54.48728026553863
Non-Free,0,Sims Con_20,-0.5,1.0,Correct,0.5,69.26927384546717
Non-Free,0,Sims Con_20,0.0,1.0,Error,-0.5,35.24425125519757
Non-Free,0,Sims Con_20,0.0,1.0,Correct,0.5,82.01090324022638
Non-Free,0,Sims Con_20,0.5,1.0,Error,-0.5,16.00122224485651
Non-Free,0,Sims Con_20,0.5,1.0,Correct,0.5,94.7525326349856
Free,1,Sims Con_21,-0.5,-1.0,Error,-0.5,89.9860851671678
Free,1,Sims Con_21,-0.5,-1.0,Correct,0.5,91.47997764492612
Free,1,Sims Con_21,0.0,-1.0,Error,-0.5,88.5397616597908
Free,1,Sims Con_21,0.0,-1.0,Correct,0.5,94.57431454607898
Free,1,Sims Con_21,0.5,-1.0,Error,-0.5,87.0934381524138
Free,1,Sims Con_21,0.5,-1.0,Correct,0.5,97.66865144723182
Free,1,Sims Con_21,-0.5,0.0,Error,-0.5,90.742275919248
Free,1,Sims Con_21,-0.5,0.0,Correct,0.5,91.41146493908812
Free,1,Sims Con_21,0.0,0.0,Error,-0.5,87.88787221928094
Free,1,Sims Con_21,0.0,0.0,Correct,0.5,94.51022850555462
Free,1,Sims Con_21,0.5,0.0,Error,-0.5,85.03346851931387
Free,1,Sims Con_21,0.5,0.0,Correct,0.5,97.60899207202112
Free,1,Sims Con_21,-0.5,1.0,Error,-0.5,91.4984666713282
Free,1,Sims Con_21,-0.5,1.0,Correct,0.5,91.34295223325012
Free,1,Sims Con_21,0.0,1.0,Error,-0.5,87.23598277877107
Free,1,Sims Con_21,0.0,1.0,Correct,0.5,94.44614246503026
Free,1,Sims Con_21,0.5,1.0,Error,-0.5,82.97349888621395
Free,1,Sims Con_21,0.5,1.0,Correct,0.5,97.54933269681041
Non-Free,0,Sims Con_21,-0.5,-1.0,Error,-0.5,58.92659493563928
Non-Free,0,Sims Con_21,-0.5,-1.0,Correct,0.5,70.89848181947264
Non-Free,0,Sims Con_21,0.0,-1.0,Error,-0.5,49.58147198828276
Non-Free,0,Sims Con_21,0.0,-1.0,Correct,0.5,82.5535051600896
Non-Free,0,Sims Con_21,0.5,-1.0,Error,-0.5,40.23634904092623
Non-Free,0,Sims Con_21,0.5,-1.0,Correct,0.5,94.20852850070656
Non-Free,0,Sims Con_21,-0.5,0.0,Error,-0.5,58.37157423316344
Non-Free,0,Sims Con_21,-0.5,0.0,Correct,0.5,70.27712951977546
Non-Free,0,Sims Con_21,0.0,0.0,Error,-0.5,45.89901135115348
Non-Free,0,Sims Con_21,0.0,0.0,Correct,0.5,82.16906852072734
Non-Free,0,Sims Con_21,0.5,0.0,Error,-0.5,33.42644846914352
Non-Free,0,Sims Con_21,0.5,0.0,Correct,0.5,94.06100752167922
Non-Free,0,Sims Con_21,-0.5,1.0,Error,-0.5,57.81655353068761
Non-Free,0,Sims Con_21,-0.5,1.0,Correct,0.5,69.65577722007828
Non-Free,0,Sims Con_21,0.0,1.0,Error,-0.5,42.21655071402421
Non-Free,0,Sims Con_21,0.0,1.0,Correct,0.5,81.78463188136507
Non-Free,0,Sims Con_21,0.5,1.0,Error,-0.5,26.616547897360814
Non-Free,0,Sims Con_21,0.5,1.0,Correct,0.5,93.91348654265187
Free,1,Sims Con_22,-0.5,-1.0,Error,-0.5,62.39448173478322
Free,1,Sims Con_22,-0.5,-1.0,Correct,0.5,63.19323573913446
Free,1,Sims Con_22,0.0,-1.0,Error,-0.5,60.56941395659661
Free,1,Sims Con_22,0.0,-1.0,Correct,0.5,65.76361844352172
Free,1,Sims Con_22,0.5,-1.0,Error,-0.5,58.74434617841001
Free,1,Sims Con_22,0.5,-1.0,Correct,0.5,68.33400114790898
Free,1,Sims Con_22,-0.5,0.0,Error,-0.5,65.46792184960084
Free,1,Sims Con_22,-0.5,0.0,Correct,0.5,65.78094285363882
Free,1,Sims Con_22,0.0,0.0,Error,-0.5,63.61888004917536
Free,1,Sims Con_22,0.0,0.0,Correct,0.5,68.58295567710782
Free,1,Sims Con_22,0.5,0.0,Error,-0.5,61.76983824874988
Free,1,Sims Con_22,0.5,0.0,Correct,0.5,71.38496850057682
Free,1,Sims Con_22,-0.5,1.0,Error,-0.5,68.54136196441846
Free,1,Sims Con_22,-0.5,1.0,Correct,0.5,68.36864996814319
Free,1,Sims Con_22,0.0,1.0,Error,-0.5,66.6683461417541
Free,1,Sims Con_22,0.0,1.0,Correct,0.5,71.40229291069392
Free,1,Sims Con_22,0.5,1.0,Error,-0.5,64.79533031908974
Free,1,Sims Con_22,0.5,1.0,Correct,0.5,74.43593585324466
Non-Free,0,Sims Con_22,-0.5,-1.0,Error,-0.5,44.492475522852416
Non-Free,0,Sims Con_22,-0.5,-1.0,Correct,0.5,45.93389996263108
Non-Free,0,Sims Con_22,0.0,-1.0,Error,-0.5,42.76915042482106
Non-Free,0,Sims Con_22,0.0,-1.0,Correct,0.5,52.06283764032316
Non-Free,0,Sims Con_22,0.5,-1.0,Error,-0.5,41.04582532678971
Non-Free,0,Sims Con_22,0.5,-1.0,Correct,0.5,58.19177531801524
Non-Free,0,Sims Con_22,-0.5,0.0,Error,-0.5,46.13835753708677
Non-Free,0,Sims Con_22,-0.5,0.0,Correct,0.5,47.305678580460224
Non-Free,0,Sims Con_22,0.0,0.0,Error,-0.5,42.4090869527374
Non-Free,0,Sims Con_22,0.0,0.0,Correct,0.5,53.71470934122763
Non-Free,0,Sims Con_22,0.5,0.0,Error,-0.5,38.679816368388025
Non-Free,0,Sims Con_22,0.5,0.0,Correct,0.5,60.12374010199504
Non-Free,0,Sims Con_22,-0.5,1.0,Error,-0.5,47.78423955132112
Non-Free,0,Sims Con_22,-0.5,1.0,Correct,0.5,48.67745719828937
Non-Free,0,Sims Con_22,0.0,1.0,Error,-0.5,42.04902348065373
Non-Free,0,Sims Con_22,0.0,1.0,Correct,0.5,55.366581042132104
Non-Free,0,Sims Con_22,0.5,1.0,Error,-0.5,36.31380740998634
Non-Free,0,Sims Con_22,0.5,1.0,Correct,0.5,62.05570488597484
Free,1,Sims Con_23,-0.5,-1.0,Error,-0.5,24.60902061153922
Free,1,Sims Con_23,-0.5,-1.0,Correct,0.5,27.29422377496865
Free,1,Sims Con_23,0.0,-1.0,Error,-0.5,19.83854067398192
Free,1,Sims Con_23,0.0,-1.0,Correct,0.5,29.995543782546804
Free,1,Sims Con_23,0.5,-1.0,Error,-0.5,15.068060736424622
Free,1,Sims Con_23,0.5,-1.0,Correct,0.5,32.69686379012496
Free,1,Sims Con_23,-0.5,0.0,Error,-0.5,28.112671422477575
Free,1,Sims Con_23,-0.5,0.0,Correct,0.5,30.287643991195367
Free,1,Sims Con_23,0.0,0.0,Error,-0.5,23.284940234704724
Free,1,Sims Con_23,0.0,0.0,Correct,0.5,34.00751708201109
Free,1,Sims Con_23,0.5,0.0,Error,-0.5,18.457209046931872
Free,1,Sims Con_23,0.5,0.0,Correct,0.5,37.727390172826816
Free,1,Sims Con_23,-0.5,1.0,Error,-0.5,31.616322233415932
Free,1,Sims Con_23,-0.5,1.0,Correct,0.5,33.281064207422084
Free,1,Sims Con_23,0.0,1.0,Error,-0.5,26.731339795427527
Free,1,Sims Con_23,0.0,1.0,Correct,0.5,38.01949038147538
Free,1,Sims Con_23,0.5,1.0,Error,-0.5,21.84635735743912
Free,1,Sims Con_23,0.5,1.0,Correct,0.5,42.75791655552867
Non-Free,0,Sims Con_23,-0.5,-1.0,Error,-0.5,25.4127945909749
Non-Free,0,Sims Con_23,-0.5,-1.0,Correct,0.5,27.183176561440874
Non-Free,0,Sims Con_23,0.0,-1.0,Error,-0.5,23.79473738530185
Non-Free,0,Sims Con_23,0.0,-1.0,Correct,0.5,29.953984002821418
Non-Free,0,Sims Con_23,0.5,-1.0,Error,-0.5,22.1766801796288
Non-Free,0,Sims Con_23,0.5,-1.0,Correct,0.5,32.72479144420196
Non-Free,0,Sims Con_23,-0.5,0.0,Error,-0.5,26.747349611292343
Non-Free,0,Sims Con_23,-0.5,0.0,Correct,0.5,28.641312167392634
Non-Free,0,Sims Con_23,0.0,0.0,Error,-0.5,24.283868211416667
Non-Free,0,Sims Con_23,0.0,0.0,Correct,0.5,32.88314023234452
Non-Free,0,Sims Con_23,0.5,0.0,Error,-0.5,21.820386811540992
Non-Free,0,Sims Con_23,0.5,0.0,Correct,0.5,37.12496829729641
Non-Free,0,Sims Con_23,-0.5,1.0,Error,-0.5,28.081904631609785
Non-Free,0,Sims Con_23,-0.5,1.0,Correct,0.5,30.099447773344394
Non-Free,0,Sims Con_23,0.0,1.0,Error,-0.5,24.772999037531484
Non-Free,0,Sims Con_23,0.0,1.0,Correct,0.5,35.81229646186763
Non-Free,0,Sims Con_23,0.5,1.0,Error,-0.5,21.464093443453184
Non-Free,0,Sims Con_23,0.5,1.0,Correct,0.5,41.52514515039087
Free,1,Sims Con_24,-0.5,-1.0,Error,-0.5,71.39218814164325
Free,1,Sims Con_24,-0.5,-1.0,Correct,0.5,74.04013447657569
Free,1,Sims Con_24,0.0,-1.0,Error,-0.5,69.04128628739295
Free,1,Sims Con_24,0.0,-1.0,Correct,0.5,83.27023823295875
Free,1,Sims Con_24,0.5,-1.0,Error,-0.5,66.69038443314267
Free,1,Sims Con_24,0.5,-1.0,Correct,0.5,92.5003419893418
Free,1,Sims Con_24,-0.5,0.0,Error,-0.5,71.83509702961959
Free,1,Sims Con_24,-0.5,0.0,Correct,0.5,74.90608349313678
Free,1,Sims Con_24,0.0,0.0,Error,-0.5,69.67087847869348
Free,1,Sims Con_24,0.0,0.0,Correct,0.5,83.68035162907196
Free,1,Sims Con_24,0.5,0.0,Error,-0.5,67.50665992776737
Free,1,Sims Con_24,0.5,0.0,Correct,0.5,92.45461976500715
Free,1,Sims Con_24,-0.5,1.0,Error,-0.5,72.27800591759593
Free,1,Sims Con_24,-0.5,1.0,Correct,0.5,75.77203250969787
Free,1,Sims Con_24,0.0,1.0,Error,-0.5,70.30047066999401
Free,1,Sims Con_24,0.0,1.0,Correct,0.5,84.09046502518518
Free,1,Sims Con_24,0.5,1.0,Error,-0.5,68.32293542239209
Free,1,Sims Con_24,0.5,1.0,Correct,0.5,92.4088975406725
Non-Free,0,Sims Con_24,-0.5,-1.0,Error,-0.5,45.12751615947323
Non-Free,0,Sims Con_24,-0.5,-1.0,Correct,0.5,57.60533081901347
Non-Free,0,Sims Con_24,0.0,-1.0,Error,-0.5,31.3638772802418
Non-Free,0,Sims Con_24,0.0,-1.0,Correct,0.5,73.5956053563307
Non-Free,0,Sims Con_24,0.5,-1.0,Error,-0.5,17.60023840101037
Non-Free,0,Sims Con_24,0.5,-1.0,Correct,0.5,89.5858798936479
Non-Free,0,Sims Con_24,-0.5,0.0,Error,-0.5,44.390424226083624
Non-Free,0,Sims Con_24,-0.5,0.0,Correct,0.5,57.15269029841425
Non-Free,0,Sims Con_24,0.0,0.0,Error,-0.5,30.077161041301558
Non-Free,0,Sims Con_24,0.0,0.0,Correct,0.5,73.42527294823441
Non-Free,0,Sims Con_24,0.5,0.0,Error,-0.5,15.763897856519488
Non-Free,0,Sims Con_24,0.5,0.0,Correct,0.5,89.69785559805456
Non-Free,0,Sims Con_24,-0.5,1.0,Error,-0.5,43.65333229269402
Non-Free,0,Sims Con_24,-0.5,1.0,Correct,0.5,56.70004977781503
Non-Free,0,Sims Con_24,0.0,1.0,Error,-0.5,28.790444802361314
Non-Free,0,Sims Con_24,0.0,1.0,Correct,0.5,73.25494054013812
Non-Free,0,Sims Con_24,0.5,1.0,Error,-0.5,13.92755731202861
Non-Free,0,Sims Con_24,0.5,1.0,Correct,0.5,89.80983130246123
Free,1,Sims Con_25,-0.5,-1.0,Error,-0.5,44.27541589648748
Free,1,Sims Con_25,-0.5,-1.0,Correct,0.5,59.016578280601784
Free,1,Sims Con_25,0.0,-1.0,Error,-0.5,47.51016635859414
Free,1,Sims Con_25,0.0,-1.0,Correct,0.5,77.34123796861545
Free,1,Sims Con_25,0.5,-1.0,Error,-0.5,50.7449168207008
Free,1,Sims Con_25,0.5,-1.0,Correct,0.5,95.66589765662911
Free,1,Sims Con_25,-0.5,0.0,Error,-0.5,44.057301293900366
Free,1,Sims Con_25,-0.5,0.0,Correct,0.5,58.70961254853957
Free,1,Sims Con_25,0.0,0.0,Error,-0.5,48.25508317929713
Free,1,Sims Con_25,0.0,0.0,Correct,0.5,77.1405294682931
Free,1,Sims Con_25,0.5,0.0,Error,-0.5,52.452865064693896
Free,1,Sims Con_25,0.5,0.0,Correct,0.5,95.57144638804662
Free,1,Sims Con_25,-0.5,1.0,Error,-0.5,43.83918669131325
Free,1,Sims Con_25,-0.5,1.0,Correct,0.5,58.40264681647735
Free,1,Sims Con_25,0.0,1.0,Error,-0.5,49.00000000000012
Free,1,Sims Con_25,0.0,1.0,Correct,0.5,76.93982096797075
Free,1,Sims Con_25,0.5,1.0,Error,-0.5,54.16081330868699
Free,1,Sims Con_25,0.5,1.0,Correct,0.5,95.47699511946414
Non-Free,0,Sims Con_25,-0.5,-1.0,Error,-0.5,28.1050785680237
Non-Free,0,Sims Con_25,-0.5,-1.0,Correct,0.5,57.24135039042413
Non-Free,0,Sims Con_25,0.0,-1.0,Error,-0.5,14.476417265240995
Non-Free,0,Sims Con_25,0.0,-1.0,Correct,0.5,76.38949273472625
Non-Free,0,Sims Con_25,0.5,-1.0,Error,-0.5,0.8477559624582908
Non-Free,0,Sims Con_25,0.5,-1.0,Correct,0.5,95.53763507902835
Non-Free,0,Sims Con_25,-0.5,0.0,Error,-0.5,27.874754474925595
Non-Free,0,Sims Con_25,-0.5,0.0,Correct,0.5,56.49801804804701
Non-Free,0,Sims Con_25,0.0,0.0,Error,-0.5,14.063937194891421
Non-Free,0,Sims Con_25,0.0,0.0,Correct,0.5,75.91335146767412
Non-Free,0,Sims Con_25,0.5,0.0,Error,-0.5,0.2531199148572494
Non-Free,0,Sims Con_25,0.5,0.0,Correct,0.5,95.32868488730122
Non-Free,0,Sims Con_25,-0.5,1.0,Error,-0.5,27.64443038182749
Non-Free,0,Sims Con_25,-0.5,1.0,Correct,0.5,55.754685705669885
Non-Free,0,Sims Con_25,0.0,1.0,Error,-0.5,13.651457124541848
Non-Free,0,Sims Con_25,0.0,1.0,Correct,0.5,75.43721020062199
Non-Free,0,Sims Con_25,0.5,1.0,Error,-0.5,-0.34151613274379244
Non-Free,0,Sims Con_25,0.5,1.0,Correct,0.5,95.1197346955741
Free,1,Sims Con_26,-0.5,-1.0,Error,-0.5,77.14705882352942
Free,1,Sims Con_26,-0.5,-1.0,Correct,0.5,82.93341291092685
Free,1,Sims Con_26,0.0,-1.0,Error,-0.5,78.0
Free,1,Sims Con_26,0.0,-1.0,Correct,0.5,90.44520437461688
Free,1,Sims Con_26,0.5,-1.0,Error,-0.5,78.85294117647058
Free,1,Sims Con_26,0.5,-1.0,Correct,0.5,97.95699583830691
Free,1,Sims Con_26,-0.5,0.0,Error,-0.5,82.9049773755656
Free,1,Sims Con_26,-0.5,0.0,Correct,0.5,87.42361146978944
Free,1,Sims Con_26,0.0,0.0,Error,-0.5,74.46515837104072
Free,1,Sims Con_26,0.0,0.0,Correct,0.5,93.13374677447727
Free,1,Sims Con_26,0.5,0.0,Error,-0.5,66.02533936651584
Free,1,Sims Con_26,0.5,0.0,Correct,0.5,98.84388207916511
Free,1,Sims Con_26,-0.5,1.0,Error,-0.5,88.66289592760177
Free,1,Sims Con_26,-0.5,1.0,Correct,0.5,91.91381002865202
Free,1,Sims Con_26,0.0,1.0,Error,-0.5,70.93031674208143
Free,1,Sims Con_26,0.0,1.0,Correct,0.5,95.82228917433767
Free,1,Sims Con_26,0.5,1.0,Error,-0.5,53.197737556561094
Free,1,Sims Con_26,0.5,1.0,Correct,0.5,99.73076832002332
Non-Free,0,Sims Con_26,-0.5,-1.0,Error,-0.5,44.19664538740767
Non-Free,0,Sims Con_26,-0.5,-1.0,Correct,0.5,70.68795631240359
Non-Free,0,Sims Con_26,0.0,-1.0,Error,-0.5,28.792381190804008
Non-Free,0,Sims Con_26,0.0,-1.0,Correct,0.5,84.63174101311711
Non-Free,0,Sims Con_26,0.5,-1.0,Error,-0.5,13.388116994200345
Non-Free,0,Sims Con_26,0.5,-1.0,Correct,0.5,98.57552571383063
Non-Free,0,Sims Con_26,-0.5,0.0,Error,-0.5,46.059122960737646
Non-Free,0,Sims Con_26,-0.5,0.0,Correct,0.5,74.25942734562226
Non-Free,0,Sims Con_26,0.0,0.0,Error,-0.5,28.779154671005955
Non-Free,0,Sims Con_26,0.0,0.0,Correct,0.5,86.89568419861497
Non-Free,0,Sims Con_26,0.5,0.0,Error,-0.5,11.499186381274264
Non-Free,0,Sims Con_26,0.5,0.0,Correct,0.5,99.53194105160769
Non-Free,0,Sims Con_26,-0.5,1.0,Error,-0.5,47.92160053406762
Non-Free,0,Sims Con_26,-0.5,1.0,Correct,0.5,77.83089837884093
Non-Free,0,Sims Con_26,0.0,1.0,Error,-0.5,28.765928151207902
Non-Free,0,Sims Con_26,0.0,1.0,Correct,0.5,89.15962738411284
Non-Free,0,Sims Con_26,0.5,1.0,Error,-0.5,9.610255768348182
Non-Free,0,Sims Con_26,0.5,1.0,Correct,0.5,100.48835638938475
Free,1,Sims Con_27,-0.5,-1.0,Error,-0.5,98.1225165562914
Free,1,Sims Con_27,-0.5,-1.0,Correct,0.5,99.5902308355297
Free,1,Sims Con_27,0.0,-1.0,Error,-0.5,100.00000000000013
Free,1,Sims Con_27,0.0,-1.0,Correct,0.5,99.81770237191232
Free,1,Sims Con_27,0.5,-1.0,Error,-0.5,101.87748344370885
Free,1,Sims Con_27,0.5,-1.0,Correct,0.5,100.04517390829494
Free,1,Sims Con_27,-0.5,0.0,Error,-0.5,98.18543046357618
Free,1,Sims Con_27,-0.5,0.0,Correct,0.5,99.65426279888763
Free,1,Sims Con_27,0.0,0.0,Error,-0.5,100.00000000000001
Free,1,Sims Con_27,0.0,0.0,Correct,0.5,99.84615508897915
Free,1,Sims Con_27,0.5,0.0,Error,-0.5,101.81456953642385
Free,1,Sims Con_27,0.5,0.0,Correct,0.5,100.03804737907066
Free,1,Sims Con_27,-0.5,1.0,Error,-0.5,98.24834437086096
Free,1,Sims Con_27,-0.5,1.0,Correct,0.5,99.71829476224556
Free,1,Sims Con_27,0.0,1.0,Error,-0.5,99.9999999999999
Free,1,Sims Con_27,0.0,1.0,Correct,0.5,99.87460780604597
Free,1,Sims Con_27,0.5,1.0,Error,-0.5,101.75165562913884
Free,1,Sims Con_27,0.5,1.0,Correct,0.5,100.03092084984638
Non-Free,0,Sims Con_27,-0.5,-1.0,Error,-0.5,41.13845148156645
Non-Free,0,Sims Con_27,-0.5,-1.0,Correct,0.5,82.84975088709774
Non-Free,0,Sims Con_27,0.0,-1.0,Error,-0.5,22.26170993197225
Non-Free,0,Sims Con_27,0.0,-1.0,Correct,0.5,92.0774347111874
Non-Free,0,Sims Con_27,0.5,-1.0,Error,-0.5,3.3849683823780436
Non-Free,0,Sims Con_27,0.5,-1.0,Correct,0.5,101.30511853527705
Non-Free,0,Sims Con_27,-0.5,0.0,Error,-0.5,42.04201597805046
Non-Free,0,Sims Con_27,-0.5,0.0,Correct,0.5,83.16392816804684
Non-Free,0,Sims Con_27,0.0,0.0,Error,-0.5,21.897217954554637
Non-Free,0,Sims Con_27,0.0,0.0,Correct,0.5,92.13671970426995
Non-Free,0,Sims Con_27,0.5,0.0,Error,-0.5,1.7524199310588173
Non-Free,0,Sims Con_27,0.5,0.0,Correct,0.5,101.10951124049306
Non-Free,0,Sims Con_27,-0.5,1.0,Error,-0.5,42.94558047453447
Non-Free,0,Sims Con_27,-0.5,1.0,Correct,0.5,83.47810544899593
Non-Free,0,Sims Con_27,0.0,1.0,Error,-0.5,21.532725977137027
Non-Free,0,Sims Con_27,0.0,1.0,Correct,0.5,92.1960046973525
Non-Free,0,Sims Con_27,0.5,1.0,Error,-0.5,0.11987147973959011
Non-Free,0,Sims Con_27,0.5,1.0,Correct,0.5,100.91390394570908
Free,1,Sims Con_28,-0.5,-1.0,Error,-0.5,86.61119198492888
Free,1,Sims Con_28,-0.5,-1.0,Correct,0.5,88.26794668843908
Free,1,Sims Con_28,0.0,-1.0,Error,-0.5,90.41745161842917
Free,1,Sims Con_28,0.0,-1.0,Correct,0.5,93.46905593391409
Free,1,Sims Con_28,0.5,-1.0,Error,-0.5,94.22371125192947
Free,1,Sims Con_28,0.5,-1.0,Correct,0.5,98.67016517938909
Free,1,Sims Con_28,-0.5,0.0,Error,-0.5,86.6505394759376
Free,1,Sims Con_28,-0.5,0.0,Correct,0.5,88.29513409729832
Free,1,Sims Con_28,0.0,0.0,Error,-0.5,90.33019352628925
Free,1,Sims Con_28,0.0,0.0,Correct,0.5,93.41283169007984
Free,1,Sims Con_28,0.5,0.0,Error,-0.5,94.0098475766409
Free,1,Sims Con_28,0.5,0.0,Correct,0.5,98.53052928286137
Free,1,Sims Con_28,-0.5,1.0,Error,-0.5,86.68988696694633
Free,1,Sims Con_28,-0.5,1.0,Correct,0.5,88.32232150615755
Free,1,Sims Con_28,0.0,1.0,Error,-0.5,90.24293543414933
Free,1,Sims Con_28,0.0,1.0,Correct,0.5,93.35660744624559
Free,1,Sims Con_28,0.5,1.0,Error,-0.5,93.79598390135233
Free,1,Sims Con_28,0.5,1.0,Correct,0.5,98.39089338633364
Non-Free,0,Sims Con_28,-0.5,-1.0,Error,-0.5,53.25321426954591
Non-Free,0,Sims Con_28,-0.5,-1.0,Correct,0.5,73.98559090715423
Non-Free,0,Sims Con_28,0.0,-1.0,Error,-0.5,35.758793969849265
Non-Free,0,Sims Con_28,0.0,-1.0,Correct,0.5,86.37786714337898
Non-Free,0,Sims Con_28,0.5,-1.0,Error,-0.5,18.264373670152622
Non-Free,0,Sims Con_28,0.5,-1.0,Correct,0.5,98.77014337960374
Non-Free,0,Sims Con_28,-0.5,0.0,Error,-0.5,53.03868441305627
Non-Free,0,Sims Con_28,-0.5,0.0,Correct,0.5,73.99817814853121
Non-Free,0,Sims Con_28,0.0,0.0,Error,-0.5,37.091980171125925
Non-Free,0,Sims Con_28,0.0,0.0,Correct,0.5,86.4237861205191
Non-Free,0,Sims Con_28,0.5,0.0,Error,-0.5,21.145275929195584
Non-Free,0,Sims Con_28,0.5,0.0,Correct,0.5,98.84939409250698
Non-Free,0,Sims Con_28,-0.5,1.0,Error,-0.5,52.824154556566626
Non-Free,0,Sims Con_28,-0.5,1.0,Correct,0.5,74.01076538990819
Non-Free,0,Sims Con_28,0.0,1.0,Error,-0.5,38.425166372402586
Non-Free,0,Sims Con_28,0.0,1.0,Correct,0.5,86.46970509765922
Non-Free,0,Sims Con_28,0.5,1.0,Error,-0.5,24.026178188238546
Non-Free,0,Sims Con_28,0.5,1.0,Correct,0.5,98.92864480541023
Free,1,Sims Con_29,-0.5,-1.0,Error,-0.5,80.34047778065683
Free,1,Sims Con_29,-0.5,-1.0,Correct,0.5,80.08275293546548
Free,1,Sims Con_29,0.0,-1.0,Error,-0.5,80.68801069294199
Free,1,Sims Con_29,0.0,-1.0,Correct,0.5,83.15919438374249
Free,1,Sims Con_29,0.5,-1.0,Error,-0.5,81.03554360522716
Free,1,Sims Con_29,0.5,-1.0,Correct,0.5,86.23563583201948
Free,1,Sims Con_29,-0.5,0.0,Error,-0.5,83.17916358940322
Free,1,Sims Con_29,-0.5,0.0,Correct,0.5,83.34642406753619
Free,1,Sims Con_29,0.0,0.0,Error,-0.5,83.95203071674719
Free,1,Sims Con_29,0.0,0.0,Correct,0.5,86.08831815369685
Free,1,Sims Con_29,0.5,0.0,Error,-0.5,84.72489784409116
Free,1,Sims Con_29,0.5,0.0,Correct,0.5,88.8302122398575
Free,1,Sims Con_29,-0.5,1.0,Error,-0.5,86.01784939814961
Free,1,Sims Con_29,-0.5,1.0,Correct,0.5,86.6100951996069
Free,1,Sims Con_29,0.0,1.0,Error,-0.5,87.21605074055239
Free,1,Sims Con_29,0.0,1.0,Correct,0.5,89.0174419236512
Free,1,Sims Con_29,0.5,1.0,Error,-0.5,88.41425208295517
Free,1,Sims Con_29,0.5,1.0,Correct,0.5,91.42478864769552
Non-Free,0,Sims Con_29,-0.5,-1.0,Error,-0.5,56.84953749704724
Non-Free,0,Sims Con_29,-0.5,-1.0,Correct,0.5,57.92272335057272
Non-Free,0,Sims Con_29,0.0,-1.0,Error,-0.5,51.193801298082846
Non-Free,0,Sims Con_29,0.0,-1.0,Correct,0.5,66.02678511081021
Non-Free,0,Sims Con_29,0.5,-1.0,Error,-0.5,45.538065099118455
Non-Free,0,Sims Con_29,0.5,-1.0,Correct,0.5,74.13084687104771
Non-Free,0,Sims Con_29,-0.5,0.0,Error,-0.5,58.00544617380508
Non-Free,0,Sims Con_29,-0.5,0.0,Correct,0.5,59.23709383089058
Non-Free,0,Sims Con_29,0.0,0.0,Error,-0.5,52.95603691024777
Non-Free,0,Sims Con_29,0.0,0.0,Correct,0.5,67.63091268900251
Non-Free,0,Sims Con_29,0.5,0.0,Error,-0.5,47.90662764669045
Non-Free,0,Sims Con_29,0.5,0.0,Correct,0.5,76.02473154711444
Non-Free,0,Sims Con_29,-0.5,1.0,Error,-0.5,59.16135485056293
Non-Free,0,Sims Con_29,-0.5,1.0,Correct,0.5,60.55146431120844
Non-Free,0,Sims Con_29,0.0,1.0,Error,-0.5,54.71827252241269
Non-Free,0,Sims Con_29,0.0,1.0,Correct,0.5,69.23504026719482
Non-Free,0,Sims Con_29,0.5,1.0,Error,-0.5,50.27519019426244
Non-Free,0,Sims Con_29,0.5,1.0,Correct,0.5,77.91861622318119
Free,1,Sims Con_3,-0.5,-1.0,Error,-0.5,63.08852451465798
Free,1,Sims Con_3,-0.5,-1.0,Correct,0.5,63.362529319012026
Free,1,Sims Con_3,0.0,-1.0,Error,-0.5,60.95193791308741
Free,1,Sims Con_3,0.0,-1.0,Correct,0.5,65.5461698224812
Free,1,Sims Con_3,0.5,-1.0,Error,-0.5,58.81535131151684
Free,1,Sims Con_3,0.5,-1.0,Correct,0.5,67.72981032595038
Free,1,Sims Con_3,-0.5,0.0,Error,-0.5,66.07120650346577
Free,1,Sims Con_3,-0.5,0.0,Correct,0.5,66.26066353562004
Free,1,Sims Con_3,0.0,0.0,Error,-0.5,64.10310204269615
Free,1,Sims Con_3,0.0,0.0,Correct,0.5,68.39696454533544
Free,1,Sims Con_3,0.5,0.0,Error,-0.5,62.13499758192653
Free,1,Sims Con_3,0.5,0.0,Correct,0.5,70.53326555505083
Free,1,Sims Con_3,-0.5,1.0,Error,-0.5,69.05388849227356
Free,1,Sims Con_3,-0.5,1.0,Correct,0.5,69.15879775222805
Free,1,Sims Con_3,0.0,1.0,Error,-0.5,67.25426617230488
Free,1,Sims Con_3,0.0,1.0,Correct,0.5,71.24775926818967
Free,1,Sims Con_3,0.5,1.0,Error,-0.5,65.4546438523362
Free,1,Sims Con_3,0.5,1.0,Correct,0.5,73.33672078415128
Non-Free,0,Sims Con_3,-0.5,-1.0,Error,-0.5,45.06764416181377
Non-Free,0,Sims Con_3,-0.5,-1.0,Correct,0.5,46.28745154985236
Non-Free,0,Sims Con_3,0.0,-1.0,Error,-0.5,43.283295028426274
Non-Free,0,Sims Con_3,0.0,-1.0,Correct,0.5,51.763985012126206
Non-Free,0,Sims Con_3,0.5,-1.0,Error,-0.5,41.49894589503878
Non-Free,0,Sims Con_3,0.5,-1.0,Correct,0.5,57.24051847440005
Non-Free,0,Sims Con_3,-0.5,0.0,Error,-0.5,46.42537455286943
Non-Free,0,Sims Con_3,-0.5,0.0,Correct,0.5,47.52453075974665
Non-Free,0,Sims Con_3,0.0,0.0,Error,-0.5,44.591257840985676
Non-Free,0,Sims Con_3,0.0,0.0,Correct,0.5,53.354669930144965
Non-Free,0,Sims Con_3,0.5,0.0,Error,-0.5,42.757141129101925
Non-Free,0,Sims Con_3,0.5,0.0,Correct,0.5,59.184809100543276
Non-Free,0,Sims Con_3,-0.5,1.0,Error,-0.5,47.78310494392509
Non-Free,0,Sims Con_3,-0.5,1.0,Correct,0.5,48.76160996964094
Non-Free,0,Sims Con_3,0.0,1.0,Error,-0.5,45.89922065354508
Non-Free,0,Sims Con_3,0.0,1.0,Correct,0.5,54.945354848163724
Non-Free,0,Sims Con_3,0.5,1.0,Error,-0.5,44.01533636316507
Non-Free,0,Sims Con_3,0.5,1.0,Correct,0.5,61.129099726686505
Free,1,Sims Con_30,-0.5,-1.0,Error,-0.5,98.24466200924925
Free,1,Sims Con_30,-0.5,-1.0,Correct,0.5,98.90949615379374
Free,1,Sims Con_30,0.0,-1.0,Error,-0.5,99.08430089540495
Free,1,Sims Con_30,0.0,-1.0,Correct,0.5,99.48659673205923
Free,1,Sims Con_30,0.5,-1.0,Error,-0.5,99.92393978156063
Free,1,Sims Con_30,0.5,-1.0,Correct,0.5,100.06369731032471
Free,1,Sims Con_30,-0.5,0.0,Error,-0.5,98.28648036996951
Free,1,Sims Con_30,-0.5,0.0,Correct,0.5,98.93469030913984
Free,1,Sims Con_30,0.0,0.0,Error,-0.5,99.1026763750861
Free,1,Sims Con_30,0.0,0.0,Correct,0.5,99.49161840751587
Free,1,Sims Con_30,0.5,0.0,Error,-0.5,99.9188723802027
Free,1,Sims Con_30,0.5,0.0,Correct,0.5,100.0485465058919
Free,1,Sims Con_30,-0.5,1.0,Error,-0.5,98.32829873068977
Free,1,Sims Con_30,-0.5,1.0,Correct,0.5,98.95988446448594
Free,1,Sims Con_30,0.0,1.0,Error,-0.5,99.12105185476726
Free,1,Sims Con_30,0.0,1.0,Correct,0.5,99.49664008297252
Free,1,Sims Con_30,0.5,1.0,Error,-0.5,99.91380497884475
Free,1,Sims Con_30,0.5,1.0,Correct,0.5,100.0333957014591
Non-Free,0,Sims Con_30,-0.5,-1.0,Error,-0.5,50.077332762527114
Non-Free,0,Sims Con_30,-0.5,-1.0,Correct,0.5,75.18171278674093
Non-Free,0,Sims Con_30,0.0,-1.0,Error,-0.5,31.306716164762207
Non-Free,0,Sims Con_30,0.0,-1.0,Correct,0.5,87.05739577232674
Non-Free,0,Sims Con_30,0.5,-1.0,Error,-0.5,12.536099566997297
Non-Free,0,Sims Con_30,0.5,-1.0,Correct,0.5,98.93307875791255
Non-Free,0,Sims Con_30,-0.5,0.0,Error,-0.5,52.47650412594985
Non-Free,0,Sims Con_30,-0.5,0.0,Correct,0.5,76.80296307695279
Non-Free,0,Sims Con_30,0.0,0.0,Error,-0.5,32.67324182292789
Non-Free,0,Sims Con_30,0.0,0.0,Correct,0.5,87.85472136622637
Non-Free,0,Sims Con_30,0.5,0.0,Error,-0.5,12.869979519905932
Non-Free,0,Sims Con_30,0.5,0.0,Correct,0.5,98.90647965549995
Non-Free,0,Sims Con_30,-0.5,1.0,Error,-0.5,54.87567548937259
Non-Free,0,Sims Con_30,-0.5,1.0,Correct,0.5,78.42421336716465
Non-Free,0,Sims Con_30,0.0,1.0,Error,-0.5,34.03976748109358
Non-Free,0,Sims Con_30,0.0,1.0,Correct,0.5,88.652046960126
Non-Free,0,Sims Con_30,0.5,1.0,Error,-0.5,13.203859472814568
Non-Free,0,Sims Con_30,0.5,1.0,Correct,0.5,98.87988055308735
Free,1,Sims Con_31,-0.5,-1.0,Error,-0.5,67.51782754429266
Free,1,Sims Con_31,-0.5,-1.0,Correct,0.5,68.15658003837464
Free,1,Sims Con_31,0.0,-1.0,Error,-0.5,65.63040995985124
Free,1,Sims Con_31,0.0,-1.0,Correct,0.5,76.16365874604467
Free,1,Sims Con_31,0.5,-1.0,Error,-0.5,63.74299237540981
Free,1,Sims Con_31,0.5,-1.0,Correct,0.5,84.17073745371471
Free,1,Sims Con_31,-0.5,0.0,Error,-0.5,67.26203543408602
Free,1,Sims Con_31,-0.5,0.0,Correct,0.5,68.18829509270913
Free,1,Sims Con_31,0.0,0.0,Error,-0.5,65.50860068510815
Free,1,Sims Con_31,0.0,0.0,Correct,0.5,75.93640214993648
Free,1,Sims Con_31,0.5,0.0,Error,-0.5,63.755165936130275
Free,1,Sims Con_31,0.5,0.0,Correct,0.5,83.68450920716384
Free,1,Sims Con_31,-0.5,1.0,Error,-0.5,67.00624332387937
Free,1,Sims Con_31,-0.5,1.0,Correct,0.5,68.22001014704361
Free,1,Sims Con_31,0.0,1.0,Error,-0.5,65.38679141036506
Free,1,Sims Con_31,0.0,1.0,Correct,0.5,75.7091455538283
Free,1,Sims Con_31,0.5,1.0,Error,-0.5,63.767339496850745
Free,1,Sims Con_31,0.5,1.0,Correct,0.5,83.19828096061298
Non-Free,0,Sims Con_31,-0.5,-1.0,Error,-0.5,45.203844127696065
Non-Free,0,Sims Con_31,-0.5,-1.0,Correct,0.5,49.08607442124486
Non-Free,0,Sims Con_31,0.0,-1.0,Error,-0.5,40.2728277066181
Non-Free,0,Sims Con_31,0.0,-1.0,Correct,0.5,63.190773690667534
Non-Free,0,Sims Con_31,0.5,-1.0,Error,-0.5,35.341811285540146
Non-Free,0,Sims Con_31,0.5,-1.0,Correct,0.5,77.29547296009021
Non-Free,0,Sims Con_31,-0.5,0.0,Error,-0.5,45.876662803473856
Non-Free,0,Sims Con_31,-0.5,0.0,Correct,0.5,49.57554229393587
Non-Free,0,Sims Con_31,0.0,0.0,Error,-0.5,38.61526814070049
Non-Free,0,Sims Con_31,0.0,0.0,Correct,0.5,63.3856959271304
Non-Free,0,Sims Con_31,0.5,0.0,Error,-0.5,31.35387347792713
Non-Free,0,Sims Con_31,0.5,0.0,Correct,0.5,77.19584956032493
Non-Free,0,Sims Con_31,-0.5,1.0,Error,-0.5,46.54948147925165
Non-Free,0,Sims Con_31,-0.5,1.0,Correct,0.5,50.06501016662688
Non-Free,0,Sims Con_31,0.0,1.0,Error,-0.5,36.957708574782885
Non-Free,0,Sims Con_31,0.0,1.0,Correct,0.5,63.580618163593265
Non-Free,0,Sims Con_31,0.5,1.0,Error,-0.5,27.36593567031412
Non-Free,0,Sims Con_31,0.5,1.0,Correct,0.5,77.09622616055965
Free,1,Sims Con_32,-0.5,-1.0,Error,-0.5,59.35236523825046
Free,1,Sims Con_32,-0.5,-1.0,Correct,0.5,59.57490087956232
Free,1,Sims Con_32,0.0,-1.0,Error,-0.5,56.9602868220132
Free,1,Sims Con_32,0.0,-1.0,Correct,0.5,61.85640110243051
Free,1,Sims Con_32,0.5,-1.0,Error,-0.5,54.568208405775955
Free,1,Sims Con_32,0.5,-1.0,Correct,0.5,64.1379013252987
Free,1,Sims Con_32,-0.5,0.0,Error,-0.5,64.42617038505468
Free,1,Sims Con_32,-0.5,0.0,Correct,0.5,64.24230239087545
Free,1,Sims Con_32,0.0,0.0,Error,-0.5,62.256927484739734
Free,1,Sims Con_32,0.0,0.0,Correct,0.5,66.66201325737022
Free,1,Sims Con_32,0.5,0.0,Error,-0.5,60.08768458442479
Free,1,Sims Con_32,0.5,0.0,Correct,0.5,69.08172412386499
Free,1,Sims Con_32,-0.5,1.0,Error,-0.5,69.4999755318589
Free,1,Sims Con_32,-0.5,1.0,Correct,0.5,68.90970390218858
Free,1,Sims Con_32,0.0,1.0,Error,-0.5,67.55356814746627
Free,1,Sims Con_32,0.0,1.0,Correct,0.5,71.46762541230993
Free,1,Sims Con_32,0.5,1.0,Error,-0.5,65.60716076307364
Free,1,Sims Con_32,0.5,1.0,Correct,0.5,74.02554692243127
Non-Free,0,Sims Con_32,-0.5,-1.0,Error,-0.5,43.233620415594906
Non-Free,0,Sims Con_32,-0.5,-1.0,Correct,0.5,44.09231139175876
Non-Free,0,Sims Con_32,0.0,-1.0,Error,-0.5,41.30337273489203
Non-Free,0,Sims Con_32,0.0,-1.0,Correct,0.5,49.046396736935705
Non-Free,0,Sims Con_32,0.5,-1.0,Error,-0.5,39.37312505418916
Non-Free,0,Sims Con_32,0.5,-1.0,Correct,0.5,54.00048208211265
Non-Free,0,Sims Con_32,-0.5,0.0,Error,-0.5,45.447053553365485
Non-Free,0,Sims Con_32,-0.5,0.0,Correct,0.5,46.51486887514842
Non-Free,0,Sims Con_32,0.0,0.0,Error,-0.5,43.55963700471082
Non-Free,0,Sims Con_32,0.0,0.0,Correct,0.5,52.07954950428218
Non-Free,0,Sims Con_32,0.5,0.0,Error,-0.5,41.67222045605616
Non-Free,0,Sims Con_32,0.5,0.0,Correct,0.5,57.64423013341593
Non-Free,0,Sims Con_32,-0.5,1.0,Error,-0.5,47.660486691136065
Non-Free,0,Sims Con_32,-0.5,1.0,Correct,0.5,48.93742635853808
Non-Free,0,Sims Con_32,0.0,1.0,Error,-0.5,45.815901274529615
Non-Free,0,Sims Con_32,0.0,1.0,Correct,0.5,55.11270227162865
Non-Free,0,Sims Con_32,0.5,1.0,Error,-0.5,43.97131585792316
Non-Free,0,Sims Con_32,0.5,1.0,Correct,0.5,61.287978184719215
Free,1,Sims Con_33,-0.5,-1.0,Error,-0.5,48.8064132655805
Free,1,Sims Con_33,-0.5,-1.0,Correct,0.5,50.147098135370165
Free,1,Sims Con_33,0.0,-1.0,Error,-0.5,46.08280704815747
Free,1,Sims Con_33,0.0,-1.0,Correct,0.5,56.329250920548674
Free,1,Sims Con_33,0.5,-1.0,Error,-0.5,43.35920083073443
Free,1,Sims Con_33,0.5,-1.0,Correct,0.5,62.51140370572718
Free,1,Sims Con_33,-0.5,0.0,Error,-0.5,51.786702402384385
Free,1,Sims Con_33,-0.5,0.0,Correct,0.5,53.00634662738473
Free,1,Sims Con_33,0.0,0.0,Error,-0.5,49.27840245605807
Free,1,Sims Con_33,0.0,0.0,Correct,0.5,60.214664206652145
Free,1,Sims Con_33,0.5,0.0,Error,-0.5,46.77010250973175
Free,1,Sims Con_33,0.5,0.0,Correct,0.5,67.42298178591956
Free,1,Sims Con_33,-0.5,1.0,Error,-0.5,54.76699153918827
Free,1,Sims Con_33,-0.5,1.0,Correct,0.5,55.865595119399295
Free,1,Sims Con_33,0.0,1.0,Error,-0.5,52.473997863958665
Free,1,Sims Con_33,0.0,1.0,Correct,0.5,64.10007749275562
Free,1,Sims Con_33,0.5,1.0,Error,-0.5,50.18100418872906
Free,1,Sims Con_33,0.5,1.0,Correct,0.5,72.33455986611193
Non-Free,0,Sims Con_33,-0.5,-1.0,Error,-0.5,42.57349914236707
Non-Free,0,Sims Con_33,-0.5,-1.0,Correct,0.5,44.117363670277776
Non-Free,0,Sims Con_33,0.0,-1.0,Error,-0.5,36.54935677530017
Non-Free,0,Sims Con_33,0.0,-1.0,Correct,0.5,51.400791324214254
Non-Free,0,Sims Con_33,0.5,-1.0,Error,-0.5,30.525214408233264
Non-Free,0,Sims Con_33,0.5,-1.0,Correct,0.5,58.68421897815074
Non-Free,0,Sims Con_33,-0.5,0.0,Error,-0.5,42.808276157804464
Non-Free,0,Sims Con_33,-0.5,0.0,Correct,0.5,45.10000560414459
Non-Free,0,Sims Con_33,0.0,0.0,Error,-0.5,39.06014150943396
Non-Free,0,Sims Con_33,0.0,0.0,Correct,0.5,54.3243569659636
Non-Free,0,Sims Con_33,0.5,0.0,Error,-0.5,35.31200686106346
Non-Free,0,Sims Con_33,0.5,0.0,Correct,0.5,63.54870832778261
Non-Free,0,Sims Con_33,-0.5,1.0,Error,-0.5,43.04305317324186
Non-Free,0,Sims Con_33,-0.5,1.0,Correct,0.5,46.08264753801141
Non-Free,0,Sims Con_33,0.0,1.0,Error,-0.5,41.570926243567754
Non-Free,0,Sims Con_33,0.0,1.0,Correct,0.5,57.24792260771295
Non-Free,0,Sims Con_33,0.5,1.0,Error,-0.5,40.09879931389365
Non-Free,0,Sims Con_33,0.5,1.0,Correct,0.5,68.41319767741449
Free,1,Sims Con_34,-0.5,-1.0,Error,-0.5,68.55334973535548
Free,1,Sims Con_34,-0.5,-1.0,Correct,0.5,70.79621596742558
Free,1,Sims Con_34,0.0,-1.0,Error,-0.5,61.42496884155319
Free,1,Sims Con_34,0.0,-1.0,Correct,0.5,79.36908880667242
Free,1,Sims Con_34,0.5,-1.0,Error,-0.5,54.296587947750886
Free,1,Sims Con_34,0.5,-1.0,Correct,0.5,87.94196164591926
Free,1,Sims Con_34,-0.5,0.0,Error,-0.5,69.64720140496264
Free,1,Sims Con_34,-0.5,0.0,Correct,0.5,72.52403849958748
Free,1,Sims Con_34,0.0,0.0,Error,-0.5,64.58283290979423
Free,1,Sims Con_34,0.0,0.0,Correct,0.5,80.98583657155685
Free,1,Sims Con_34,0.5,0.0,Error,-0.5,59.51846441462582
Free,1,Sims Con_34,0.5,0.0,Correct,0.5,89.44763464352621
Free,1,Sims Con_34,-0.5,1.0,Error,-0.5,70.7410530745698
Free,1,Sims Con_34,-0.5,1.0,Correct,0.5,74.25186103174937
Free,1,Sims Con_34,0.0,1.0,Error,-0.5,67.74069697803527
Free,1,Sims Con_34,0.0,1.0,Correct,0.5,82.60258433644127
Free,1,Sims Con_34,0.5,1.0,Error,-0.5,64.74034088150074
Free,1,Sims Con_34,0.5,1.0,Correct,0.5,90.95330764113316
Non-Free,0,Sims Con_34,-0.5,-1.0,Error,-0.5,38.692630026883435
Non-Free,0,Sims Con_34,-0.5,-1.0,Correct,0.5,48.41163575921665
Non-Free,0,Sims Con_34,0.0,-1.0,Error,-0.5,27.79719174556227
Non-Free,0,Sims Con_34,0.0,-1.0,Correct,0.5,65.90104062891
Non-Free,0,Sims Con_34,0.5,-1.0,Error,-0.5,16.901753464241107
Non-Free,0,Sims Con_34,0.5,-1.0,Correct,0.5,83.39044549860336
Non-Free,0,Sims Con_34,-0.5,0.0,Error,-0.5,41.910072727349736
Non-Free,0,Sims Con_34,-0.5,0.0,Correct,0.5,50.856956326843914
Non-Free,0,Sims Con_34,0.0,0.0,Error,-0.5,29.855269819950543
Non-Free,0,Sims Con_34,0.0,0.0,Correct,0.5,67.58860065145714
Non-Free,0,Sims Con_34,0.5,0.0,Error,-0.5,17.80046691255135
Non-Free,0,Sims Con_34,0.5,0.0,Correct,0.5,84.32024497607037
Non-Free,0,Sims Con_34,-0.5,1.0,Error,-0.5,45.127515427816036
Non-Free,0,Sims Con_34,-0.5,1.0,Correct,0.5,53.30227689447118
Non-Free,0,Sims Con_34,0.0,1.0,Error,-0.5,31.913347894338816
Non-Free,0,Sims Con_34,0.0,1.0,Correct,0.5,69.27616067400429
Non-Free,0,Sims Con_34,0.5,1.0,Error,-0.5,18.69918036086159
Non-Free,0,Sims Con_34,0.5,1.0,Correct,0.5,85.2500444535374
Free,1,Sims Con_35,-0.5,-1.0,Error,-0.5,57.33793251358308
Free,1,Sims Con_35,-0.5,-1.0,Correct,0.5,56.852485689801156
Free,1,Sims Con_35,0.0,-1.0,Error,-0.5,56.3964720093859
Free,1,Sims Con_35,0.0,-1.0,Correct,0.5,63.81040330717664
Free,1,Sims Con_35,0.5,-1.0,Error,-0.5,55.45501150518873
Free,1,Sims Con_35,0.5,-1.0,Correct,0.5,70.76832092455213
Free,1,Sims Con_35,-0.5,0.0,Error,-0.5,57.83967165447554
Free,1,Sims Con_35,-0.5,0.0,Correct,0.5,57.21307373910337
Free,1,Sims Con_35,0.0,0.0,Error,-0.5,56.9167590912371
Free,1,Sims Con_35,0.0,0.0,Correct,0.5,64.26666060036946
Free,1,Sims Con_35,0.5,0.0,Error,-0.5,55.993846527998656
Free,1,Sims Con_35,0.5,0.0,Correct,0.5,71.32024746163555
Free,1,Sims Con_35,-0.5,1.0,Error,-0.5,58.341410795368
Free,1,Sims Con_35,-0.5,1.0,Correct,0.5,57.57366178840559
Free,1,Sims Con_35,0.0,1.0,Error,-0.5,57.43704617308829
Free,1,Sims Con_35,0.0,1.0,Correct,0.5,64.72291789356228
Free,1,Sims Con_35,0.5,1.0,Error,-0.5,56.53268155080858
Free,1,Sims Con_35,0.5,1.0,Correct,0.5,71.87217399871896
Non-Free,0,Sims Con_35,-0.5,-1.0,Error,-0.5,48.629293325230044
Non-Free,0,Sims Con_35,-0.5,-1.0,Correct,0.5,50.6807123156929
Non-Free,0,Sims Con_35,0.0,-1.0,Error,-0.5,45.18584780474473
Non-Free,0,Sims Con_35,0.0,-1.0,Correct,0.5,59.859290132021094
Non-Free,0,Sims Con_35,0.5,-1.0,Error,-0.5,41.74240228425941
Non-Free,0,Sims Con_35,0.5,-1.0,Correct,0.5,69.0378679483493
Non-Free,0,Sims Con_35,-0.5,0.0,Error,-0.5,48.67664351960069
Non-Free,0,Sims Con_35,-0.5,0.0,Correct,0.5,50.588187747195626
Non-Free,0,Sims Con_35,0.0,0.0,Error,-0.5,45.317196316128275
Non-Free,0,Sims Con_35,0.0,0.0,Correct,0.5,59.95806169361975
Non-Free,0,Sims Con_35,0.5,0.0,Error,-0.5,41.95774911265586
Non-Free,0,Sims Con_35,0.5,0.0,Correct,0.5,69.32793564004388
Non-Free,0,Sims Con_35,-0.5,1.0,Error,-0.5,48.72399371397133
Non-Free,0,Sims Con_35,-0.5,1.0,Correct,0.5,50.49566317869835
Non-Free,0,Sims Con_35,0.0,1.0,Error,-0.5,45.44854482751182
Non-Free,0,Sims Con_35,0.0,1.0,Correct,0.5,60.0568332552184
Non-Free,0,Sims Con_35,0.5,1.0,Error,-0.5,42.1730959410523
Non-Free,0,Sims Con_35,0.5,1.0,Correct,0.5,69.61800333173845
Free,1,Sims Con_36,-0.5,-1.0,Error,-0.5,54.432506376190105
Free,1,Sims Con_36,-0.5,-1.0,Correct,0.5,54.9708501443424
Free,1,Sims Con_36,0.0,-1.0,Error,-0.5,53.7455519087925
Free,1,Sims Con_36,0.0,-1.0,Correct,0.5,61.14702947435308
Free,1,Sims Con_36,0.5,-1.0,Error,-0.5,53.0585974413949
Free,1,Sims Con_36,0.5,-1.0,Correct,0.5,67.32320880436376
Free,1,Sims Con_36,-0.5,0.0,Error,-0.5,58.87630064117541
Free,1,Sims Con_36,-0.5,0.0,Correct,0.5,59.07934627424208
Free,1,Sims Con_36,0.0,0.0,Error,-0.5,58.39582169022382
Free,1,Sims Con_36,0.0,0.0,Correct,0.5,66.07447772145089
Free,1,Sims Con_36,0.5,0.0,Error,-0.5,57.915342739272226
Free,1,Sims Con_36,0.5,0.0,Correct,0.5,73.0696091686597
Free,1,Sims Con_36,-0.5,1.0,Error,-0.5,63.32009490616072
Free,1,Sims Con_36,-0.5,1.0,Correct,0.5,63.187842404141755
Free,1,Sims Con_36,0.0,1.0,Error,-0.5,63.04609147165514
Free,1,Sims Con_36,0.0,1.0,Correct,0.5,71.0019259685487
Free,1,Sims Con_36,0.5,1.0,Error,-0.5,62.77208803714956
Free,1,Sims Con_36,0.5,1.0,Correct,0.5,78.81600953295565
Non-Free,0,Sims Con_36,-0.5,-1.0,Error,-0.5,47.549161499862905
Non-Free,0,Sims Con_36,-0.5,-1.0,Correct,0.5,48.990856917594286
Non-Free,0,Sims Con_36,0.0,-1.0,Error,-0.5,44.849609507156366
Non-Free,0,Sims Con_36,0.0,-1.0,Correct,0.5,57.41381963696597
Non-Free,0,Sims Con_36,0.5,-1.0,Error,-0.5,42.150057514449834
Non-Free,0,Sims Con_36,0.5,-1.0,Correct,0.5,65.83678235633766
Non-Free,0,Sims Con_36,-0.5,0.0,Error,-0.5,49.697774920850904
Non-Free,0,Sims Con_36,-0.5,0.0,Correct,0.5,51.26143267957235
Non-Free,0,Sims Con_36,0.0,0.0,Error,-0.5,43.77419346222746
Non-Free,0,Sims Con_36,0.0,0.0,Correct,0.5,60.77853901019883
Non-Free,0,Sims Con_36,0.5,0.0,Error,-0.5,37.85061200360401
Non-Free,0,Sims Con_36,0.5,0.0,Correct,0.5,70.2956453408253
Non-Free,0,Sims Con_36,-0.5,1.0,Error,-0.5,51.8463883418389
Non-Free,0,Sims Con_36,-0.5,1.0,Correct,0.5,53.53200844155042
Non-Free,0,Sims Con_36,0.0,1.0,Error,-0.5,42.69877741729855
Non-Free,0,Sims Con_36,0.0,1.0,Correct,0.5,64.14325838343169
Non-Free,0,Sims Con_36,0.5,1.0,Error,-0.5,33.5511664927582
Non-Free,0,Sims Con_36,0.5,1.0,Correct,0.5,74.75450832531295
Free,1,Sims Con_37,-0.5,-1.0,Error,-0.5,51.34994222992488
Free,1,Sims Con_37,-0.5,-1.0,Correct,0.5,51.62659904775696
Free,1,Sims Con_37,0.0,-1.0,Error,-0.5,51.00433275563258
Free,1,Sims Con_37,0.0,-1.0,Correct,0.5,58.28485491934989
Free,1,Sims Con_37,0.5,-1.0,Error,-0.5,50.65872328134028
Free,1,Sims Con_37,0.5,-1.0,Correct,0.5,64.94311079094282
Free,1,Sims Con_37,-0.5,0.0,Error,-0.5,51.974581166955495
Free,1,Sims Con_37,-0.5,0.0,Correct,0.5,51.7991330333796
Free,1,Sims Con_37,0.0,0.0,Error,-0.5,51.58477758521087
Free,1,Sims Con_37,0.0,0.0,Correct,0.5,59.317441570451315
Free,1,Sims Con_37,0.5,0.0,Error,-0.5,51.19497400346625
Free,1,Sims Con_37,0.5,0.0,Correct,0.5,66.83575010752304
Free,1,Sims Con_37,-0.5,1.0,Error,-0.5,52.59922010398611
Free,1,Sims Con_37,-0.5,1.0,Correct,0.5,51.97166701900223
Free,1,Sims Con_37,0.0,1.0,Error,-0.5,52.16522241478916
Free,1,Sims Con_37,0.0,1.0,Correct,0.5,60.35002822155274
Free,1,Sims Con_37,0.5,1.0,Error,-0.5,51.73122472559222
Free,1,Sims Con_37,0.5,1.0,Correct,0.5,68.72838942410324
Non-Free,0,Sims Con_37,-0.5,-1.0,Error,-0.5,47.29080149501659
Non-Free,0,Sims Con_37,-0.5,-1.0,Correct,0.5,49.45099513079649
Non-Free,0,Sims Con_37,0.0,-1.0,Error,-0.5,45.388289036544876
Non-Free,0,Sims Con_37,0.0,-1.0,Correct,0.5,57.93137348615857
Non-Free,0,Sims Con_37,0.5,-1.0,Error,-0.5,43.48577657807316
Non-Free,0,Sims Con_37,0.5,-1.0,Correct,0.5,66.41175184152065
Non-Free,0,Sims Con_37,-0.5,0.0,Error,-0.5,47.83489929401992
Non-Free,0,Sims Con_37,-0.5,0.0,Correct,0.5,49.90832913324701
Non-Free,0,Sims Con_37,0.0,0.0,Error,-0.5,43.87380606312293
Non-Free,0,Sims Con_37,0.0,0.0,Correct,0.5,58.972634989326
Non-Free,0,Sims Con_37,0.5,0.0,Error,-0.5,39.912712832225935
Non-Free,0,Sims Con_37,0.5,0.0,Correct,0.5,68.03694084540498
Non-Free,0,Sims Con_37,-0.5,1.0,Error,-0.5,48.37899709302325
Non-Free,0,Sims Con_37,-0.5,1.0,Correct,0.5,50.365663135697524
Non-Free,0,Sims Con_37,0.0,1.0,Error,-0.5,42.35932308970098
Non-Free,0,Sims Con_37,0.0,1.0,Correct,0.5,60.01389649249342
Non-Free,0,Sims Con_37,0.5,1.0,Error,-0.5,36.339649086378714
Non-Free,0,Sims Con_37,0.5,1.0,Correct,0.5,69.66212984928933
Free,1,Sims Con_38,-0.5,-1.0,Error,-0.5,61.57031805710797
Free,1,Sims Con_38,-0.5,-1.0,Correct,0.5,63.95638542584913
Free,1,Sims Con_38,0.0,-1.0,Error,-0.5,58.307057209633136
Free,1,Sims Con_38,0.0,-1.0,Correct,0.5,74.07182871578222
Free,1,Sims Con_38,0.5,-1.0,Error,-0.5,55.043796362158304
Free,1,Sims Con_38,0.5,-1.0,Correct,0.5,84.18727200571533
Free,1,Sims Con_38,-0.5,0.0,Error,-0.5,64.86225993293361
Free,1,Sims Con_38,-0.5,0.0,Correct,0.5,66.70281274984845
Free,1,Sims Con_38,0.0,0.0,Error,-0.5,61.59638248145511
Free,1,Sims Con_38,0.0,0.0,Correct,0.5,76.41145399190891
Free,1,Sims Con_38,0.5,0.0,Error,-0.5,58.33050502997661
Free,1,Sims Con_38,0.5,0.0,Correct,0.5,86.12009523396938
Free,1,Sims Con_38,-0.5,1.0,Error,-0.5,68.15420180875925
Free,1,Sims Con_38,-0.5,1.0,Correct,0.5,69.44924007384778
Free,1,Sims Con_38,0.0,1.0,Error,-0.5,64.88570775327709
Free,1,Sims Con_38,0.0,1.0,Correct,0.5,78.75107926803561
Free,1,Sims Con_38,0.5,1.0,Error,-0.5,61.61721369779492
Free,1,Sims Con_38,0.5,1.0,Correct,0.5,88.05291846222345
Non-Free,0,Sims Con_38,-0.5,-1.0,Error,-0.5,41.96264259840983
Non-Free,0,Sims Con_38,-0.5,-1.0,Correct,0.5,48.20082900967636
Non-Free,0,Sims Con_38,0.0,-1.0,Error,-0.5,33.44106308147839
Non-Free,0,Sims Con_38,0.0,-1.0,Correct,0.5,64.99533633747357
Non-Free,0,Sims Con_38,0.5,-1.0,Error,-0.5,24.919483564546944
Non-Free,0,Sims Con_38,0.5,-1.0,Correct,0.5,81.7898436652708
Non-Free,0,Sims Con_38,-0.5,0.0,Error,-0.5,43.43552823410939
Non-Free,0,Sims Con_38,-0.5,0.0,Correct,0.5,50.15888326515551
Non-Free,0,Sims Con_38,0.0,0.0,Error,-0.5,34.238362917649894
Non-Free,0,Sims Con_38,0.0,0.0,Correct,0.5,66.43890901835265
Non-Free,0,Sims Con_38,0.5,0.0,Error,-0.5,25.041197601190397
Non-Free,0,Sims Con_38,0.5,0.0,Correct,0.5,82.71893477154978
Non-Free,0,Sims Con_38,-0.5,1.0,Error,-0.5,44.90841386980895
Non-Free,0,Sims Con_38,-0.5,1.0,Correct,0.5,52.11693752063466
Non-Free,0,Sims Con_38,0.0,1.0,Error,-0.5,35.0356627538214
Non-Free,0,Sims Con_38,0.0,1.0,Correct,0.5,67.88248169923172
Non-Free,0,Sims Con_38,0.5,1.0,Error,-0.5,25.162911637833847
Non-Free,0,Sims Con_38,0.5,1.0,Correct,0.5,83.64802587782877
Free,1,Sims Con_39,-0.5,-1.0,Error,-0.5,64.53488372093022
Free,1,Sims Con_39,-0.5,-1.0,Correct,0.5,71.24133098104028
Free,1,Sims Con_39,0.0,-1.0,Error,-0.5,60.000000000000014
Free,1,Sims Con_39,0.0,-1.0,Correct,0.5,82.2531558576893
Free,1,Sims Con_39,0.5,-1.0,Error,-0.5,55.4651162790698
Free,1,Sims Con_39,0.5,-1.0,Correct,0.5,93.26498073433831
Free,1,Sims Con_39,-0.5,0.0,Error,-0.5,65.75813953488374
Free,1,Sims Con_39,-0.5,0.0,Correct,0.5,72.09028989042831
Free,1,Sims Con_39,0.0,0.0,Error,-0.5,59.50000000000003
Free,1,Sims Con_39,0.0,0.0,Correct,0.5,82.71705444821598
Free,1,Sims Con_39,0.5,0.0,Error,-0.5,53.24186046511632
Free,1,Sims Con_39,0.5,0.0,Correct,0.5,93.34381900600364
Free,1,Sims Con_39,-0.5,1.0,Error,-0.5,66.98139534883725
Free,1,Sims Con_39,-0.5,1.0,Correct,0.5,72.93924879981634
Free,1,Sims Con_39,0.0,1.0,Error,-0.5,59.00000000000004
Free,1,Sims Con_39,0.0,1.0,Correct,0.5,83.18095303874266
Free,1,Sims Con_39,0.5,1.0,Error,-0.5,51.01860465116284
Free,1,Sims Con_39,0.5,1.0,Correct,0.5,93.42265727766897
Non-Free,0,Sims Con_39,-0.5,-1.0,Error,-0.5,38.39634526951681
Non-Free,0,Sims Con_39,-0.5,-1.0,Correct,0.5,58.44818251222402
Non-Free,0,Sims Con_39,0.0,-1.0,Error,-0.5,21.2845583955001
Non-Free,0,Sims Con_39,0.0,-1.0,Correct,0.5,75.73479895292651
Non-Free,0,Sims Con_39,0.5,-1.0,Error,-0.5,4.172771521483394
Non-Free,0,Sims Con_39,0.5,-1.0,Correct,0.5,93.02141539362898
Non-Free,0,Sims Con_39,-0.5,0.0,Error,-0.5,38.5196623237568
Non-Free,0,Sims Con_39,-0.5,0.0,Correct,0.5,59.08328249342526
Non-Free,0,Sims Con_39,0.0,0.0,Error,-0.5,22.357522086653987
Non-Free,0,Sims Con_39,0.0,0.0,Correct,0.5,76.41855787458397
Non-Free,0,Sims Con_39,0.5,0.0,Error,-0.5,6.195381849551175
Non-Free,0,Sims Con_39,0.5,0.0,Correct,0.5,93.75383325574268
Non-Free,0,Sims Con_39,-0.5,1.0,Error,-0.5,38.64297937799679
Non-Free,0,Sims Con_39,-0.5,1.0,Correct,0.5,59.718382474626495
Non-Free,0,Sims Con_39,0.0,1.0,Error,-0.5,23.430485777807874
Non-Free,0,Sims Con_39,0.0,1.0,Correct,0.5,77.10231679624142
Non-Free,0,Sims Con_39,0.5,1.0,Error,-0.5,8.217992177618957
Non-Free,0,Sims Con_39,0.5,1.0,Correct,0.5,94.48625111785636
Free,1,Sims Con_4,-0.5,-1.0,Error,-0.5,42.621390991915796
Free,1,Sims Con_4,-0.5,-1.0,Correct,0.5,43.24818409593034
Free,1,Sims Con_4,0.0,-1.0,Error,-0.5,38.0071859360965
Free,1,Sims Con_4,0.0,-1.0,Correct,0.5,56.48068459265309
Free,1,Sims Con_4,0.5,-1.0,Error,-0.5,33.3929808802772
Free,1,Sims Con_4,0.5,-1.0,Correct,0.5,69.71318508937584
Free,1,Sims Con_4,-0.5,0.0,Error,-0.5,42.68898370332346
Free,1,Sims Con_4,-0.5,0.0,Correct,0.5,43.951039250653125
Free,1,Sims Con_4,0.0,0.0,Error,-0.5,37.4698447324522
Free,1,Sims Con_4,0.0,0.0,Correct,0.5,57.267474407851616
Free,1,Sims Con_4,0.5,0.0,Error,-0.5,32.250705761580946
Free,1,Sims Con_4,0.5,0.0,Correct,0.5,70.5839095650501
Free,1,Sims Con_4,-0.5,1.0,Error,-0.5,42.75657641473112
Free,1,Sims Con_4,-0.5,1.0,Correct,0.5,44.65389440537591
Free,1,Sims Con_4,0.0,1.0,Error,-0.5,36.932503528807906
Free,1,Sims Con_4,0.0,1.0,Correct,0.5,58.05426422305014
Free,1,Sims Con_4,0.5,1.0,Error,-0.5,31.108430642884684
Free,1,Sims Con_4,0.5,1.0,Correct,0.5,71.45463404072437
Non-Free,0,Sims Con_4,-0.5,-1.0,Error,-0.5,39.227995265503125
Non-Free,0,Sims Con_4,-0.5,-1.0,Correct,0.5,41.393342927285005
Non-Free,0,Sims Con_4,0.0,-1.0,Error,-0.5,31.134194207203837
Non-Free,0,Sims Con_4,0.0,-1.0,Correct,0.5,56.43674041040751
Non-Free,0,Sims Con_4,0.5,-1.0,Error,-0.5,23.040393148904553
Non-Free,0,Sims Con_4,0.5,-1.0,Correct,0.5,71.48013789353001
Non-Free,0,Sims Con_4,-0.5,0.0,Error,-0.5,39.758069067953926
Non-Free,0,Sims Con_4,-0.5,0.0,Correct,0.5,42.085570406019194
Non-Free,0,Sims Con_4,0.0,0.0,Error,-0.5,31.464391013739302
Non-Free,0,Sims Con_4,0.0,0.0,Correct,0.5,57.15617004798062
Non-Free,0,Sims Con_4,0.5,0.0,Error,-0.5,23.17071295952468
Non-Free,0,Sims Con_4,0.5,0.0,Correct,0.5,72.22676968994206
Non-Free,0,Sims Con_4,-0.5,1.0,Error,-0.5,40.28814287040473
Non-Free,0,Sims Con_4,-0.5,1.0,Correct,0.5,42.77779788475338
Non-Free,0,Sims Con_4,0.0,1.0,Error,-0.5,31.794587820274767
Non-Free,0,Sims Con_4,0.0,1.0,Correct,0.5,57.87559968555374
Non-Free,0,Sims Con_4,0.5,1.0,Error,-0.5,23.3010327701448
Non-Free,0,Sims Con_4,0.5,1.0,Correct,0.5,72.9734014863541
Free,1,Sims Con_40,-0.5,-1.0,Error,-0.5,86.10257851471937
Free,1,Sims Con_40,-0.5,-1.0,Correct,0.5,86.83918042763871
Free,1,Sims Con_40,0.0,-1.0,Error,-0.5,87.83446919131596
Free,1,Sims Con_40,0.0,-1.0,Correct,0.5,91.5861507741276
Free,1,Sims Con_40,0.5,-1.0,Error,-0.5,89.56635986791255
Free,1,Sims Con_40,0.5,-1.0,Correct,0.5,96.3331211206165
Free,1,Sims Con_40,-0.5,0.0,Error,-0.5,85.14673645752829
Free,1,Sims Con_40,-0.5,0.0,Correct,0.5,85.54268335345331
Free,1,Sims Con_40,0.0,0.0,Error,-0.5,86.93803133562845
Free,1,Sims Con_40,0.0,0.0,Correct,0.5,90.77999140413561
Free,1,Sims Con_40,0.5,0.0,Error,-0.5,88.72932621372861
Free,1,Sims Con_40,0.5,0.0,Correct,0.5,96.01729945481792
Free,1,Sims Con_40,-0.5,1.0,Error,-0.5,84.19089440033721
Free,1,Sims Con_40,-0.5,1.0,Correct,0.5,84.24618627926792
Free,1,Sims Con_40,0.0,1.0,Error,-0.5,86.04159347994094
Free,1,Sims Con_40,0.0,1.0,Correct,0.5,89.97383203414363
Free,1,Sims Con_40,0.5,1.0,Error,-0.5,87.89229255954467
Free,1,Sims Con_40,0.5,1.0,Correct,0.5,95.70147778901934
Non-Free,0,Sims Con_40,-0.5,-1.0,Error,-0.5,58.672501282443335
Non-Free,0,Sims Con_40,-0.5,-1.0,Correct,0.5,67.89450299311903
Non-Free,0,Sims Con_40,0.0,-1.0,Error,-0.5,50.27785069709523
Non-Free,0,Sims Con_40,0.0,-1.0,Correct,0.5,80.77522365420275
Non-Free,0,Sims Con_40,0.5,-1.0,Error,-0.5,41.88320011174712
Non-Free,0,Sims Con_40,0.5,-1.0,Correct,0.5,93.65594431528646
Non-Free,0,Sims Con_40,-0.5,0.0,Error,-0.5,57.996845068794286
Non-Free,0,Sims Con_40,-0.5,0.0,Correct,0.5,67.09497984800846
Non-Free,0,Sims Con_40,0.0,0.0,Error,-0.5,49.95750235415662
Non-Free,0,Sims Con_40,0.0,0.0,Correct,0.5,80.01473924413057
Non-Free,0,Sims Con_40,0.5,0.0,Error,-0.5,41.91815963951895
Non-Free,0,Sims Con_40,0.5,0.0,Correct,0.5,92.93449864025267
Non-Free,0,Sims Con_40,-0.5,1.0,Error,-0.5,57.32118885514524
Non-Free,0,Sims Con_40,-0.5,1.0,Correct,0.5,66.2954567028979
Non-Free,0,Sims Con_40,0.0,1.0,Error,-0.5,49.637154011218
Non-Free,0,Sims Con_40,0.0,1.0,Correct,0.5,79.25425483405839
Non-Free,0,Sims Con_40,0.5,1.0,Error,-0.5,41.953119167290765
Non-Free,0,Sims Con_40,0.5,1.0,Correct,0.5,92.21305296521888
Free,1,Sims Con_41,-0.5,-1.0,Error,-0.5,98.31549546494878
Free,1,Sims Con_41,-0.5,-1.0,Correct,0.5,98.3287016575727
Free,1,Sims Con_41,0.0,-1.0,Error,-0.5,98.82097143341532
Free,1,Sims Con_41,0.0,-1.0,Correct,0.5,99.15254229787215
Free,1,Sims Con_41,0.5,-1.0,Error,-0.5,99.32644740188185
Free,1,Sims Con_41,0.5,-1.0,Correct,0.5,99.97638293817161
Free,1,Sims Con_41,-0.5,0.0,Error,-0.5,98.20919725353907
Free,1,Sims Con_41,-0.5,0.0,Correct,0.5,98.41200160263692
Free,1,Sims Con_41,0.0,0.0,Error,-0.5,98.83132152242096
Free,1,Sims Con_41,0.0,0.0,Correct,0.5,99.19128645836714
Free,1,Sims Con_41,0.5,0.0,Error,-0.5,99.45344579130285
Free,1,Sims Con_41,0.5,0.0,Correct,0.5,99.97057131409737
Free,1,Sims Con_41,-0.5,1.0,Error,-0.5,98.10289904212937
Free,1,Sims Con_41,-0.5,1.0,Correct,0.5,98.49530154770115
Free,1,Sims Con_41,0.0,1.0,Error,-0.5,98.8416716114266
Free,1,Sims Con_41,0.0,1.0,Correct,0.5,99.23003061886214
Free,1,Sims Con_41,0.5,1.0,Error,-0.5,99.58044418072386
Free,1,Sims Con_41,0.5,1.0,Correct,0.5,99.96475969002313
Non-Free,0,Sims Con_41,-0.5,-1.0,Error,-0.5,55.73373432507192
Non-Free,0,Sims Con_41,-0.5,-1.0,Correct,0.5,69.98753867642648
Non-Free,0,Sims Con_41,0.0,-1.0,Error,-0.5,44.88241454311114
Non-Free,0,Sims Con_41,0.0,-1.0,Correct,0.5,82.63979030746661
Non-Free,0,Sims Con_41,0.5,-1.0,Error,-0.5,34.03109476115034
Non-Free,0,Sims Con_41,0.5,-1.0,Correct,0.5,95.29204193850673
Non-Free,0,Sims Con_41,-0.5,0.0,Error,-0.5,56.89590102306599
Non-Free,0,Sims Con_41,-0.5,0.0,Correct,0.5,70.2965474106686
Non-Free,0,Sims Con_41,0.0,0.0,Error,-0.5,44.43936790096943
Non-Free,0,Sims Con_41,0.0,0.0,Correct,0.5,82.69662317226266
Non-Free,0,Sims Con_41,0.5,0.0,Error,-0.5,31.982834778872867
Non-Free,0,Sims Con_41,0.5,0.0,Correct,0.5,95.09669893385673
Non-Free,0,Sims Con_41,-0.5,1.0,Error,-0.5,58.058067721060056
Non-Free,0,Sims Con_41,-0.5,1.0,Correct,0.5,70.60555614491071
Non-Free,0,Sims Con_41,0.0,1.0,Error,-0.5,43.99632125882772
Non-Free,0,Sims Con_41,0.0,1.0,Correct,0.5,82.75345603705871
Non-Free,0,Sims Con_41,0.5,1.0,Error,-0.5,29.934574796595385
Non-Free,0,Sims Con_41,0.5,1.0,Correct,0.5,94.90135592920673
Free,1,Sims Con_42,-0.5,-1.0,Error,-0.5,44.59083598751222
Free,1,Sims Con_42,-0.5,-1.0,Correct,0.5,45.15510718508053
Free,1,Sims Con_42,0.0,-1.0,Error,-0.5,44.507331840686206
Free,1,Sims Con_42,0.0,-1.0,Correct,0.5,49.797605018146115
Free,1,Sims Con_42,0.5,-1.0,Error,-0.5,44.42382769386019
Free,1,Sims Con_42,0.5,-1.0,Correct,0.5,54.4401028512117
Free,1,Sims Con_42,-0.5,0.0,Error,-0.5,45.04323420894956
Free,1,Sims Con_42,-0.5,0.0,Correct,0.5,45.37659504272969
Free,1,Sims Con_42,0.0,0.0,Error,-0.5,45.594714767746204
Free,1,Sims Con_42,0.0,0.0,Correct,0.5,50.17326129637275
Free,1,Sims Con_42,0.5,0.0,Error,-0.5,46.146195326542845
Free,1,Sims Con_42,0.5,0.0,Correct,0.5,54.96992755001581
Free,1,Sims Con_42,-0.5,1.0,Error,-0.5,45.495632430386905
Free,1,Sims Con_42,-0.5,1.0,Correct,0.5,45.59808290037885
Free,1,Sims Con_42,0.0,1.0,Error,-0.5,46.6820976948062
Free,1,Sims Con_42,0.0,1.0,Correct,0.5,50.548917574599386
Free,1,Sims Con_42,0.5,1.0,Error,-0.5,47.8685629592255
Free,1,Sims Con_42,0.5,1.0,Correct,0.5,55.499752248819924
Non-Free,0,Sims Con_42,-0.5,-1.0,Error,-0.5,45.59047478873067
Non-Free,0,Sims Con_42,-0.5,-1.0,Correct,0.5,45.14440345226562
Non-Free,0,Sims Con_42,0.0,-1.0,Error,-0.5,41.214004489090016
Non-Free,0,Sims Con_42,0.0,-1.0,Correct,0.5,50.23419493035654
Non-Free,0,Sims Con_42,0.5,-1.0,Error,-0.5,36.83753418944937
Non-Free,0,Sims Con_42,0.5,-1.0,Correct,0.5,55.323986408447446
Non-Free,0,Sims Con_42,-0.5,0.0,Error,-0.5,45.5623995780746
Non-Free,0,Sims Con_42,-0.5,0.0,Correct,0.5,45.20065791341323
Non-Free,0,Sims Con_42,0.0,0.0,Error,-0.5,39.68457396573082
Non-Free,0,Sims Con_42,0.0,0.0,Correct,0.5,50.363332382600056
Non-Free,0,Sims Con_42,0.5,0.0,Error,-0.5,33.80674835338704
Non-Free,0,Sims Con_42,0.5,0.0,Correct,0.5,55.52600685178688
Non-Free,0,Sims Con_42,-0.5,1.0,Error,-0.5,45.53432436741853
Non-Free,0,Sims Con_42,-0.5,1.0,Correct,0.5,45.25691237456084
Non-Free,0,Sims Con_42,0.0,1.0,Error,-0.5,38.155143442371624
Non-Free,0,Sims Con_42,0.0,1.0,Correct,0.5,50.492469834843575
Non-Free,0,Sims Con_42,0.5,1.0,Error,-0.5,30.775962517324718
Non-Free,0,Sims Con_42,0.5,1.0,Correct,0.5,55.72802729512631
Free,1,Sims Con_43,-0.5,-1.0,Error,-0.5,60.90868797520807
Free,1,Sims Con_43,-0.5,-1.0,Correct,0.5,59.970544744760694
Free,1,Sims Con_43,0.0,-1.0,Error,-0.5,61.085834744693834
Free,1,Sims Con_43,0.0,-1.0,Correct,0.5,69.0966386414732
Free,1,Sims Con_43,0.5,-1.0,Error,-0.5,61.26298151417961
Free,1,Sims Con_43,0.5,-1.0,Correct,0.5,78.22273253818572
Free,1,Sims Con_43,-0.5,0.0,Error,-0.5,60.80254765594029
Free,1,Sims Con_43,-0.5,0.0,Correct,0.5,60.11257992571346
Free,1,Sims Con_43,0.0,0.0,Error,-0.5,61.10826636877946
Free,1,Sims Con_43,0.0,0.0,Correct,0.5,68.96947438221234
Free,1,Sims Con_43,0.5,0.0,Error,-0.5,61.413985081618634
Free,1,Sims Con_43,0.5,0.0,Correct,0.5,77.82636883871122
Free,1,Sims Con_43,-0.5,1.0,Error,-0.5,60.69640733667251
Free,1,Sims Con_43,-0.5,1.0,Correct,0.5,60.25461510666623
Free,1,Sims Con_43,0.0,1.0,Error,-0.5,61.13069799286509
Free,1,Sims Con_43,0.0,1.0,Correct,0.5,68.84231012295147
Free,1,Sims Con_43,0.5,1.0,Error,-0.5,61.56498864905766
Free,1,Sims Con_43,0.5,1.0,Correct,0.5,77.43000513923671
Non-Free,0,Sims Con_43,-0.5,-1.0,Error,-0.5,51.29409259640428
Non-Free,0,Sims Con_43,-0.5,-1.0,Correct,0.5,54.479143556245184
Non-Free,0,Sims Con_43,0.0,-1.0,Error,-0.5,47.21387810435016
Non-Free,0,Sims Con_43,0.0,-1.0,Correct,0.5,65.86548862878084
Non-Free,0,Sims Con_43,0.5,-1.0,Error,-0.5,43.13366361229603
Non-Free,0,Sims Con_43,0.5,-1.0,Correct,0.5,77.25183370131649
Non-Free,0,Sims Con_43,-0.5,0.0,Error,-0.5,51.304540389379
Non-Free,0,Sims Con_43,-0.5,0.0,Correct,0.5,54.51476608401951
Non-Free,0,Sims Con_43,0.0,0.0,Error,-0.5,47.42950933700519
Non-Free,0,Sims Con_43,0.0,0.0,Correct,0.5,65.78639419655471
Non-Free,0,Sims Con_43,0.5,0.0,Error,-0.5,43.55447828463139
Non-Free,0,Sims Con_43,0.5,0.0,Correct,0.5,77.0580223090899
Non-Free,0,Sims Con_43,-0.5,1.0,Error,-0.5,51.314988182353716
Non-Free,0,Sims Con_43,-0.5,1.0,Correct,0.5,54.55038861179384
Non-Free,0,Sims Con_43,0.0,1.0,Error,-0.5,47.64514056966023
Non-Free,0,Sims Con_43,0.0,1.0,Correct,0.5,65.70729976432858
Non-Free,0,Sims Con_43,0.5,1.0,Error,-0.5,43.97529295696674
Non-Free,0,Sims Con_43,0.5,1.0,Correct,0.5,76.86421091686331
Free,1,Sims Con_44,-0.5,-1.0,Error,-0.5,62.87960687960687
Free,1,Sims Con_44,-0.5,-1.0,Correct,0.5,68.15283263082215
Free,1,Sims Con_44,0.0,-1.0,Error,-0.5,58.171007371007384
Free,1,Sims Con_44,0.0,-1.0,Correct,0.5,79.49015762949271
Free,1,Sims Con_44,0.5,-1.0,Error,-0.5,53.4624078624079
Free,1,Sims Con_44,0.5,-1.0,Correct,0.5,90.82748262816327
Free,1,Sims Con_44,-0.5,0.0,Error,-0.5,64.71670761670762
Free,1,Sims Con_44,-0.5,0.0,Correct,0.5,69.63423835241575
Free,1,Sims Con_44,0.0,0.0,Error,-0.5,59.48697788697788
Free,1,Sims Con_44,0.0,0.0,Correct,0.5,80.520629435091
Free,1,Sims Con_44,0.5,0.0,Error,-0.5,54.25724815724814
Free,1,Sims Con_44,0.5,0.0,Correct,0.5,91.40702051776624
Free,1,Sims Con_44,-0.5,1.0,Error,-0.5,66.55380835380838
Free,1,Sims Con_44,-0.5,1.0,Correct,0.5,71.11564407400935
Free,1,Sims Con_44,0.0,1.0,Error,-0.5,60.80294840294838
Free,1,Sims Con_44,0.0,1.0,Correct,0.5,81.55110124068928
Free,1,Sims Con_44,0.5,1.0,Error,-0.5,55.05208845208839
Free,1,Sims Con_44,0.5,1.0,Correct,0.5,91.9865584073692
Non-Free,0,Sims Con_44,-0.5,-1.0,Error,-0.5,40.2859083099615
Non-Free,0,Sims Con_44,-0.5,-1.0,Correct,0.5,55.80550602988544
Non-Free,0,Sims Con_44,0.0,-1.0,Error,-0.5,25.727931439592012
Non-Free,0,Sims Con_44,0.0,-1.0,Correct,0.5,72.98719520320658
Non-Free,0,Sims Con_44,0.5,-1.0,Error,-0.5,11.169954569222524
Non-Free,0,Sims Con_44,0.5,-1.0,Correct,0.5,90.16888437652771
Non-Free,0,Sims Con_44,-0.5,0.0,Error,-0.5,39.71898110106821
Non-Free,0,Sims Con_44,-0.5,0.0,Correct,0.5,56.29012277233791
Non-Free,0,Sims Con_44,0.0,0.0,Error,-0.5,25.11407946651095
Non-Free,0,Sims Con_44,0.0,0.0,Correct,0.5,73.56412632950874
Non-Free,0,Sims Con_44,0.5,0.0,Error,-0.5,10.50917783195369
Non-Free,0,Sims Con_44,0.5,0.0,Correct,0.5,90.83812988667957
Non-Free,0,Sims Con_44,-0.5,1.0,Error,-0.5,39.15205389217492
Non-Free,0,Sims Con_44,-0.5,1.0,Correct,0.5,56.774739514790376
Non-Free,0,Sims Con_44,0.0,1.0,Error,-0.5,24.50022749342989
Non-Free,0,Sims Con_44,0.0,1.0,Correct,0.5,74.1410574558109
Non-Free,0,Sims Con_44,0.5,1.0,Error,-0.5,9.848401094684855
Non-Free,0,Sims Con_44,0.5,1.0,Correct,0.5,91.50737539683142
Free,1,Sims Con_45,-0.5,-1.0,Error,-0.5,95.23918345226265
Free,1,Sims Con_45,-0.5,-1.0,Correct,0.5,95.89096506724447
Free,1,Sims Con_45,0.0,-1.0,Error,-0.5,85.7422545388853
Free,1,Sims Con_45,0.0,-1.0,Correct,0.5,97.72800850798362
Free,1,Sims Con_45,0.5,-1.0,Error,-0.5,76.24532562550795
Free,1,Sims Con_45,0.5,-1.0,Correct,0.5,99.56505194872277
Free,1,Sims Con_45,-0.5,0.0,Error,-0.5,94.59193689218077
Free,1,Sims Con_45,-0.5,0.0,Correct,0.5,95.71854933066338
Free,1,Sims Con_45,0.0,0.0,Error,-0.5,90.79193388131148
Free,1,Sims Con_45,0.0,0.0,Correct,0.5,97.64262466273348
Free,1,Sims Con_45,0.5,0.0,Error,-0.5,86.99193087044219
Free,1,Sims Con_45,0.5,0.0,Correct,0.5,99.56669999480359
Free,1,Sims Con_45,-0.5,1.0,Error,-0.5,93.94469033209889
Free,1,Sims Con_45,-0.5,1.0,Correct,0.5,95.54613359408229
Free,1,Sims Con_45,0.0,1.0,Error,-0.5,95.84161322373765
Free,1,Sims Con_45,0.0,1.0,Correct,0.5,97.55724081748335
Free,1,Sims Con_45,0.5,1.0,Error,-0.5,97.73853611537643
Free,1,Sims Con_45,0.5,1.0,Correct,0.5,99.5683480408844
Non-Free,0,Sims Con_45,-0.5,-1.0,Error,-0.5,55.76405345482497
Non-Free,0,Sims Con_45,-0.5,-1.0,Correct,0.5,76.14311233513638
Non-Free,0,Sims Con_45,0.0,-1.0,Error,-0.5,38.95331641445001
Non-Free,0,Sims Con_45,0.0,-1.0,Correct,0.5,86.95256954072545
Non-Free,0,Sims Con_45,0.5,-1.0,Error,-0.5,22.142579374075048
Non-Free,0,Sims Con_45,0.5,-1.0,Correct,0.5,97.76202674631453
Non-Free,0,Sims Con_45,-0.5,0.0,Error,-0.5,54.198428276282826
Non-Free,0,Sims Con_45,-0.5,0.0,Correct,0.5,75.12244606226885
Non-Free,0,Sims Con_45,0.0,0.0,Error,-0.5,38.20580586779314
Non-Free,0,Sims Con_45,0.0,0.0,Correct,0.5,86.51669786955516
Non-Free,0,Sims Con_45,0.5,0.0,Error,-0.5,22.213183459303455
Non-Free,0,Sims Con_45,0.5,0.0,Correct,0.5,97.91094967684147
Non-Free,0,Sims Con_45,-0.5,1.0,Error,-0.5,52.632803097740684
Non-Free,0,Sims Con_45,-0.5,1.0,Correct,0.5,74.10177978940132
Non-Free,0,Sims Con_45,0.0,1.0,Error,-0.5,37.45829532113627
Non-Free,0,Sims Con_45,0.0,1.0,Correct,0.5,86.08082619838487
Non-Free,0,Sims Con_45,0.5,1.0,Error,-0.5,22.28378754453186
Non-Free,0,Sims Con_45,0.5,1.0,Correct,0.5,98.0598726073684
Free,1,Sims Con_46,-0.5,-1.0,Error,-0.5,89.28865979381442
Free,1,Sims Con_46,-0.5,-1.0,Correct,0.5,91.41649271223153
Free,1,Sims Con_46,0.0,-1.0,Error,-0.5,92.95463917525777
Free,1,Sims Con_46,0.0,-1.0,Correct,0.5,95.59431415242688
Free,1,Sims Con_46,0.5,-1.0,Error,-0.5,96.62061855670113
Free,1,Sims Con_46,0.5,-1.0,Correct,0.5,99.77213559262222
Free,1,Sims Con_46,-0.5,0.0,Error,-0.5,84.23546391752572
Free,1,Sims Con_46,-0.5,0.0,Correct,0.5,87.7144991707439
Free,1,Sims Con_46,0.0,0.0,Error,-0.5,87.5175257731959
Free,1,Sims Con_46,0.0,0.0,Correct,0.5,93.23751804590779
Free,1,Sims Con_46,0.5,0.0,Error,-0.5,90.79958762886608
Free,1,Sims Con_46,0.5,0.0,Correct,0.5,98.76053692107168
Free,1,Sims Con_46,-0.5,1.0,Error,-0.5,79.18226804123702
Free,1,Sims Con_46,-0.5,1.0,Correct,0.5,84.01250562925628
Free,1,Sims Con_46,0.0,1.0,Error,-0.5,82.08041237113403
Free,1,Sims Con_46,0.0,1.0,Correct,0.5,90.8807219393887
Free,1,Sims Con_46,0.5,1.0,Error,-0.5,84.97855670103104
Free,1,Sims Con_46,0.5,1.0,Correct,0.5,97.74893824952113
Non-Free,0,Sims Con_46,-0.5,-1.0,Error,-0.5,54.49751766836046
Non-Free,0,Sims Con_46,-0.5,-1.0,Correct,0.5,79.21868676737128
Non-Free,0,Sims Con_46,0.0,-1.0,Error,-0.5,37.44882016237365
Non-Free,0,Sims Con_46,0.0,-1.0,Correct,0.5,89.61615605359576
Non-Free,0,Sims Con_46,0.5,-1.0,Error,-0.5,20.40012265638684
Non-Free,0,Sims Con_46,0.5,-1.0,Correct,0.5,100.01362533982022
Non-Free,0,Sims Con_46,-0.5,0.0,Error,-0.5,50.87068512353247
Non-Free,0,Sims Con_46,-0.5,0.0,Correct,0.5,74.99297216453817
Non-Free,0,Sims Con_46,0.0,0.0,Error,-0.5,35.46588984288297
Non-Free,0,Sims Con_46,0.0,0.0,Correct,0.5,87.10060258185777
Non-Free,0,Sims Con_46,0.5,0.0,Error,-0.5,20.061094562233475
Non-Free,0,Sims Con_46,0.5,0.0,Correct,0.5,99.20823299917737
Non-Free,0,Sims Con_46,-0.5,1.0,Error,-0.5,47.24385257870448
Non-Free,0,Sims Con_46,-0.5,1.0,Correct,0.5,70.76725756170507
Non-Free,0,Sims Con_46,0.0,1.0,Error,-0.5,33.482959523392296
Non-Free,0,Sims Con_46,0.0,1.0,Correct,0.5,84.58504911011978
Non-Free,0,Sims Con_46,0.5,1.0,Error,-0.5,19.72206646808011
Non-Free,0,Sims Con_46,0.5,1.0,Correct,0.5,98.40284065853452
Free,1,Sims Con_47,-0.5,-1.0,Error,-0.5,68.6642806935333
Free,1,Sims Con_47,-0.5,-1.0,Correct,0.5,70.72906026132041
Free,1,Sims Con_47,0.0,-1.0,Error,-0.5,65.66145735707599
Free,1,Sims Con_47,0.0,-1.0,Correct,0.5,79.14138611425696
Free,1,Sims Con_47,0.5,-1.0,Error,-0.5,62.658634020618656
Free,1,Sims Con_47,0.5,-1.0,Correct,0.5,87.5537119671935
Free,1,Sims Con_47,-0.5,0.0,Error,-0.5,67.3921684629803
Free,1,Sims Con_47,-0.5,0.0,Correct,0.5,69.40057809543958
Free,1,Sims Con_47,0.0,0.0,Error,-0.5,64.3556349578257
Free,1,Sims Con_47,0.0,0.0,Correct,0.5,78.62505435361393
Free,1,Sims Con_47,0.5,0.0,Error,-0.5,61.3191014526711
Free,1,Sims Con_47,0.5,0.0,Correct,0.5,87.84953061178828
Free,1,Sims Con_47,-0.5,1.0,Error,-0.5,66.12005623242729
Free,1,Sims Con_47,-0.5,1.0,Correct,0.5,68.07209592955876
Free,1,Sims Con_47,0.0,1.0,Error,-0.5,63.04981255857542
Free,1,Sims Con_47,0.0,1.0,Correct,0.5,78.1087225929709
Free,1,Sims Con_47,0.5,1.0,Error,-0.5,59.97956888472354
Free,1,Sims Con_47,0.5,1.0,Correct,0.5,88.14534925638307
Non-Free,0,Sims Con_47,-0.5,-1.0,Error,-0.5,44.886292459049
Non-Free,0,Sims Con_47,-0.5,-1.0,Correct,0.5,52.74714629252909
Non-Free,0,Sims Con_47,0.0,-1.0,Error,-0.5,33.846872551336425
Non-Free,0,Sims Con_47,0.0,-1.0,Correct,0.5,69.12251190788663
Non-Free,0,Sims Con_47,0.5,-1.0,Error,-0.5,22.807452643623854
Non-Free,0,Sims Con_47,0.5,-1.0,Correct,0.5,85.49787752324418
Non-Free,0,Sims Con_47,-0.5,0.0,Error,-0.5,43.95806892949092
Non-Free,0,Sims Con_47,-0.5,0.0,Correct,0.5,52.08671085668361
Non-Free,0,Sims Con_47,0.0,0.0,Error,-0.5,34.383568612330684
Non-Free,0,Sims Con_47,0.0,0.0,Correct,0.5,68.35221727002565
Non-Free,0,Sims Con_47,0.5,0.0,Error,-0.5,24.809068295170448
Non-Free,0,Sims Con_47,0.5,0.0,Correct,0.5,84.61772368336769
Non-Free,0,Sims Con_47,-0.5,1.0,Error,-0.5,43.02984539993284
Non-Free,0,Sims Con_47,-0.5,1.0,Correct,0.5,51.42627542083813
Non-Free,0,Sims Con_47,0.0,1.0,Error,-0.5,34.920264673324944
Non-Free,0,Sims Con_47,0.0,1.0,Correct,0.5,67.58192263216466
Non-Free,0,Sims Con_47,0.5,1.0,Error,-0.5,26.810683946717045
Non-Free,0,Sims Con_47,0.5,1.0,Correct,0.5,83.73756984349119
Free,1,Sims Con_48,-0.5,-1.0,Error,-0.5,97.9702073387522
Free,1,Sims Con_48,-0.5,-1.0,Correct,0.5,97.90067101802686
Free,1,Sims Con_48,0.0,-1.0,Error,-0.5,98.14497901279317
Free,1,Sims Con_48,0.0,-1.0,Correct,0.5,98.3544947961722
Free,1,Sims Con_48,0.5,-1.0,Error,-0.5,98.31975068683415
Free,1,Sims Con_48,0.5,-1.0,Correct,0.5,98.80831857431755
Free,1,Sims Con_48,-0.5,0.0,Error,-0.5,97.96470305613904
Free,1,Sims Con_48,-0.5,0.0,Correct,0.5,97.90606698066705
Free,1,Sims Con_48,0.0,0.0,Error,-0.5,98.14156689917834
Free,1,Sims Con_48,0.0,0.0,Correct,0.5,98.39263376659349
Free,1,Sims Con_48,0.5,0.0,Error,-0.5,98.31843074221764
Free,1,Sims Con_48,0.5,0.0,Correct,0.5,98.87920055251993
Free,1,Sims Con_48,-0.5,1.0,Error,-0.5,97.95919877352588
Free,1,Sims Con_48,-0.5,1.0,Correct,0.5,97.91146294330724
Free,1,Sims Con_48,0.0,1.0,Error,-0.5,98.13815478556351
Free,1,Sims Con_48,0.0,1.0,Correct,0.5,98.43077273701478
Free,1,Sims Con_48,0.5,1.0,Error,-0.5,98.31711079760113
Free,1,Sims Con_48,0.5,1.0,Correct,0.5,98.95008253072231
Non-Free,0,Sims Con_48,-0.5,-1.0,Error,-0.5,62.58690110464732
Non-Free,0,Sims Con_48,-0.5,-1.0,Correct,0.5,63.60006642055511
Non-Free,0,Sims Con_48,0.0,-1.0,Error,-0.5,58.344806293833635
Non-Free,0,Sims Con_48,0.0,-1.0,Correct,0.5,71.02479566939972
Non-Free,0,Sims Con_48,0.5,-1.0,Error,-0.5,54.10271148301995
Non-Free,0,Sims Con_48,0.5,-1.0,Correct,0.5,78.44952491824434
Non-Free,0,Sims Con_48,-0.5,0.0,Error,-0.5,62.029160576480386
Non-Free,0,Sims Con_48,-0.5,0.0,Correct,0.5,63.69049816731139
Non-Free,0,Sims Con_48,0.0,0.0,Error,-0.5,59.734609966163795
Non-Free,0,Sims Con_48,0.0,0.0,Correct,0.5,71.13298065765346
Non-Free,0,Sims Con_48,0.5,0.0,Error,-0.5,57.440059355847204
Non-Free,0,Sims Con_48,0.5,0.0,Correct,0.5,78.57546314799553
Non-Free,0,Sims Con_48,-0.5,1.0,Error,-0.5,61.471420048313455
Non-Free,0,Sims Con_48,-0.5,1.0,Correct,0.5,63.78092991406767
Non-Free,0,Sims Con_48,0.0,1.0,Error,-0.5,61.124413638493955
Non-Free,0,Sims Con_48,0.0,1.0,Correct,0.5,71.2411656459072
Non-Free,0,Sims Con_48,0.5,1.0,Error,-0.5,60.777407228674456
Non-Free,0,Sims Con_48,0.5,1.0,Correct,0.5,78.70140137774673
Free,1,Sims Con_49,-0.5,-1.0,Error,-0.5,97.94692853943664
Free,1,Sims Con_49,-0.5,-1.0,Correct,0.5,97.93178776871743
Free,1,Sims Con_49,0.0,-1.0,Error,-0.5,98.1853013679429
Free,1,Sims Con_49,0.0,-1.0,Correct,0.5,98.28218806998981
Free,1,Sims Con_49,0.5,-1.0,Error,-0.5,98.42367419644916
Free,1,Sims Con_49,0.5,-1.0,Correct,0.5,98.63258837126222
Free,1,Sims Con_49,-0.5,0.0,Error,-0.5,97.9544255563573
Free,1,Sims Con_49,-0.5,0.0,Correct,0.5,97.94195737233849
Free,1,Sims Con_49,0.0,0.0,Error,-0.5,98.19069227955144
Free,1,Sims Con_49,0.0,0.0,Correct,0.5,98.23670927199315
Free,1,Sims Con_49,0.5,0.0,Error,-0.5,98.42695900274559
Free,1,Sims Con_49,0.5,0.0,Correct,0.5,98.5314611716478
Free,1,Sims Con_49,-0.5,1.0,Error,-0.5,97.96192257327795
Free,1,Sims Con_49,-0.5,1.0,Correct,0.5,97.95212697595956
Free,1,Sims Con_49,0.0,1.0,Error,-0.5,98.19608319115999
Free,1,Sims Con_49,0.0,1.0,Correct,0.5,98.19123047399648
Free,1,Sims Con_49,0.5,1.0,Error,-0.5,98.43024380904203
Free,1,Sims Con_49,0.5,1.0,Correct,0.5,98.4303339720334
Non-Free,0,Sims Con_49,-0.5,-1.0,Error,-0.5,62.156897541805876
Non-Free,0,Sims Con_49,-0.5,-1.0,Correct,0.5,63.34075583563743
Non-Free,0,Sims Con_49,0.0,-1.0,Error,-0.5,56.7309353314376
Non-Free,0,Sims Con_49,0.0,-1.0,Correct,0.5,70.91184570045657
Non-Free,0,Sims Con_49,0.5,-1.0,Error,-0.5,51.304973121069324
Non-Free,0,Sims Con_49,0.5,-1.0,Correct,0.5,78.48293556527571
Non-Free,0,Sims Con_49,-0.5,0.0,Error,-0.5,61.74466883912075
Non-Free,0,Sims Con_49,-0.5,0.0,Correct,0.5,63.17631377971654
Non-Free,0,Sims Con_49,0.0,0.0,Error,-0.5,57.692547928903984
Non-Free,0,Sims Con_49,0.0,0.0,Correct,0.5,70.9270724622136
Non-Free,0,Sims Con_49,0.5,0.0,Error,-0.5,53.64042701868722
Non-Free,0,Sims Con_49,0.5,0.0,Correct,0.5,78.67783114471067
Non-Free,0,Sims Con_49,-0.5,1.0,Error,-0.5,61.33244013643562
Non-Free,0,Sims Con_49,-0.5,1.0,Correct,0.5,63.01187172379564
Non-Free,0,Sims Con_49,0.0,1.0,Error,-0.5,58.65416052637037
Non-Free,0,Sims Con_49,0.0,1.0,Correct,0.5,70.94229922397064
Non-Free,0,Sims Con_49,0.5,1.0,Error,-0.5,55.975880916305115
Non-Free,0,Sims Con_49,0.5,1.0,Correct,0.5,78.87272672414562
Free,1,Sims Con_5,-0.5,-1.0,Error,-0.5,85.75362318840592
Free,1,Sims Con_5,-0.5,-1.0,Correct,0.5,93.24357410999194
Free,1,Sims Con_5,0.0,-1.0,Error,-0.5,68.60289855072473
Free,1,Sims Con_5,0.0,-1.0,Correct,0.5,96.72040596565817
Free,1,Sims Con_5,0.5,-1.0,Error,-0.5,51.452173913043566
Free,1,Sims Con_5,0.5,-1.0,Correct,0.5,100.1972378213244
Free,1,Sims Con_5,-0.5,0.0,Error,-0.5,87.57487922705323
Free,1,Sims Con_5,-0.5,0.0,Correct,0.5,94.28410366700692
Free,1,Sims Con_5,0.0,0.0,Error,-0.5,68.6806763285025
Free,1,Sims Con_5,0.0,0.0,Correct,0.5,97.23530001845732
Free,1,Sims Con_5,0.5,0.0,Error,-0.5,49.786473429951776
Free,1,Sims Con_5,0.5,0.0,Correct,0.5,100.18649636990773
Free,1,Sims Con_5,-0.5,1.0,Error,-0.5,89.39613526570054
Free,1,Sims Con_5,-0.5,1.0,Correct,0.5,95.3246332240219
Free,1,Sims Con_5,0.0,1.0,Error,-0.5,68.75845410628027
Free,1,Sims Con_5,0.0,1.0,Correct,0.5,97.75019407125647
Free,1,Sims Con_5,0.5,1.0,Error,-0.5,48.120772946859994
Free,1,Sims Con_5,0.5,1.0,Correct,0.5,100.17575491849105
Non-Free,0,Sims Con_5,-0.5,-1.0,Error,-0.5,38.09977276686036
Non-Free,0,Sims Con_5,-0.5,-1.0,Correct,0.5,85.01738014172882
Non-Free,0,Sims Con_5,0.0,-1.0,Error,-0.5,18.921220566578487
Non-Free,0,Sims Con_5,0.0,-1.0,Correct,0.5,92.48174949823765
Non-Free,0,Sims Con_5,0.5,-1.0,Error,-0.5,-0.2573316337033885
Non-Free,0,Sims Con_5,0.5,-1.0,Correct,0.5,99.94611885474647
Non-Free,0,Sims Con_5,-0.5,0.0,Error,-0.5,38.17562667257838
Non-Free,0,Sims Con_5,-0.5,0.0,Correct,0.5,85.65023458173681
Non-Free,0,Sims Con_5,0.0,0.0,Error,-0.5,19.22389590030243
Non-Free,0,Sims Con_5,0.0,0.0,Correct,0.5,92.77246935096888
Non-Free,0,Sims Con_5,0.5,0.0,Error,-0.5,0.2721651280264794
Non-Free,0,Sims Con_5,0.5,0.0,Correct,0.5,99.89470412020094
Non-Free,0,Sims Con_5,-0.5,1.0,Error,-0.5,38.2514805782964
Non-Free,0,Sims Con_5,-0.5,1.0,Correct,0.5,86.2830890217448
Non-Free,0,Sims Con_5,0.0,1.0,Error,-0.5,19.526571234026374
Non-Free,0,Sims Con_5,0.0,1.0,Correct,0.5,93.0631892037001
Non-Free,0,Sims Con_5,0.5,1.0,Error,-0.5,0.8016618897563479
Non-Free,0,Sims Con_5,0.5,1.0,Correct,0.5,99.84328938565541
Free,1,Sims Con_50,-0.5,-1.0,Error,-0.5,61.66404561423067
Free,1,Sims Con_50,-0.5,-1.0,Correct,0.5,61.922971971467334
Free,1,Sims Con_50,0.0,-1.0,Error,-0.5,58.30311804748529
Free,1,Sims Con_50,0.0,-1.0,Correct,0.5,64.76214658646072
Free,1,Sims Con_50,0.5,-1.0,Error,-0.5,54.94219048073991
Free,1,Sims Con_50,0.5,-1.0,Correct,0.5,67.60132120145411
Free,1,Sims Con_50,-0.5,0.0,Error,-0.5,62.86567012356247
Free,1,Sims Con_50,-0.5,0.0,Correct,0.5,62.782070223221055
Free,1,Sims Con_50,0.0,0.0,Error,-0.5,59.49355530652669
Free,1,Sims Con_50,0.0,0.0,Correct,0.5,65.54504237339641
Free,1,Sims Con_50,0.5,0.0,Error,-0.5,56.12144048949091
Free,1,Sims Con_50,0.5,0.0,Correct,0.5,68.30801452357177
Free,1,Sims Con_50,-0.5,1.0,Error,-0.5,64.06729463289426
Free,1,Sims Con_50,-0.5,1.0,Correct,0.5,63.641168474974776
Free,1,Sims Con_50,0.0,1.0,Error,-0.5,60.68399256556808
Free,1,Sims Con_50,0.0,1.0,Correct,0.5,66.32793816033211
Free,1,Sims Con_50,0.5,1.0,Error,-0.5,57.300690498241906
Free,1,Sims Con_50,0.5,1.0,Correct,0.5,69.01470784568944
Non-Free,0,Sims Con_50,-0.5,-1.0,Error,-0.5,43.767278807791556
Non-Free,0,Sims Con_50,-0.5,-1.0,Correct,0.5,45.09132585634705
Non-Free,0,Sims Con_50,0.0,-1.0,Error,-0.5,41.973861769537656
Non-Free,0,Sims Con_50,0.0,-1.0,Correct,0.5,52.06975924499229
Non-Free,0,Sims Con_50,0.5,-1.0,Error,-0.5,40.18044473128376
Non-Free,0,Sims Con_50,0.5,-1.0,Correct,0.5,59.048192633637534
Non-Free,0,Sims Con_50,-0.5,0.0,Error,-0.5,44.47874618634121
Non-Free,0,Sims Con_50,-0.5,0.0,Correct,0.5,45.8008173076923
Non-Free,0,Sims Con_50,0.0,0.0,Error,-0.5,41.79963623562543
Non-Free,0,Sims Con_50,0.0,0.0,Correct,0.5,52.76440648334715
Non-Free,0,Sims Con_50,0.5,0.0,Error,-0.5,39.120526284909644
Non-Free,0,Sims Con_50,0.5,0.0,Correct,0.5,59.727995659002005
Non-Free,0,Sims Con_50,-0.5,1.0,Error,-0.5,45.19021356489087
Non-Free,0,Sims Con_50,-0.5,1.0,Correct,0.5,46.51030875903755
Non-Free,0,Sims Con_50,0.0,1.0,Error,-0.5,41.6254107017132
Non-Free,0,Sims Con_50,0.0,1.0,Correct,0.5,53.45905372170201
Non-Free,0,Sims Con_50,0.5,1.0,Error,-0.5,38.06060783853553
Non-Free,0,Sims Con_50,0.5,1.0,Correct,0.5,60.407798684366476
Free,1,Sims Con_51,-0.5,-1.0,Error,-0.5,56.17396858961657
Free,1,Sims Con_51,-0.5,-1.0,Correct,0.5,55.20694491318352
Free,1,Sims Con_51,0.0,-1.0,Error,-0.5,55.41677129452191
Free,1,Sims Con_51,0.0,-1.0,Correct,0.5,64.26141227717616
Free,1,Sims Con_51,0.5,-1.0,Error,-0.5,54.659573999427245
Free,1,Sims Con_51,0.5,-1.0,Correct,0.5,73.31587964116882
Free,1,Sims Con_51,-0.5,0.0,Error,-0.5,58.46984515077431
Free,1,Sims Con_51,-0.5,0.0,Correct,0.5,57.930610090361164
Free,1,Sims Con_51,0.0,0.0,Error,-0.5,58.63346108945132
Free,1,Sims Con_51,0.0,0.0,Correct,0.5,67.44924311199688
Free,1,Sims Con_51,0.5,0.0,Error,-0.5,58.797077028128335
Free,1,Sims Con_51,0.5,0.0,Correct,0.5,76.96787613363259
Free,1,Sims Con_51,-0.5,1.0,Error,-0.5,60.76572171193205
Free,1,Sims Con_51,-0.5,1.0,Correct,0.5,60.65427526753881
Free,1,Sims Con_51,0.0,1.0,Error,-0.5,61.85015088438074
Free,1,Sims Con_51,0.0,1.0,Correct,0.5,70.6370739468176
Free,1,Sims Con_51,0.5,1.0,Error,-0.5,62.934580056829425
Free,1,Sims Con_51,0.5,1.0,Correct,0.5,80.61987262609637
Non-Free,0,Sims Con_51,-0.5,-1.0,Error,-0.5,49.755709878005945
Non-Free,0,Sims Con_51,-0.5,-1.0,Correct,0.5,51.98862881319317
Non-Free,0,Sims Con_51,0.0,-1.0,Error,-0.5,43.66309468515693
Non-Free,0,Sims Con_51,0.0,-1.0,Correct,0.5,62.338315474099005
Non-Free,0,Sims Con_51,0.5,-1.0,Error,-0.5,37.5704794923079
Non-Free,0,Sims Con_51,0.5,-1.0,Correct,0.5,72.68800213500484
Non-Free,0,Sims Con_51,-0.5,0.0,Error,-0.5,50.438292084135085
Non-Free,0,Sims Con_51,-0.5,0.0,Correct,0.5,53.694594218837366
Non-Free,0,Sims Con_51,0.0,0.0,Error,-0.5,45.39998056816778
Non-Free,0,Sims Con_51,0.0,0.0,Correct,0.5,65.17256270635627
Non-Free,0,Sims Con_51,0.5,0.0,Error,-0.5,40.36166905220047
Non-Free,0,Sims Con_51,0.5,0.0,Correct,0.5,76.65053119387518
Non-Free,0,Sims Con_51,-0.5,1.0,Error,-0.5,51.120874290264226
Non-Free,0,Sims Con_51,-0.5,1.0,Correct,0.5,55.40055962448156
Non-Free,0,Sims Con_51,0.0,1.0,Error,-0.5,47.136866451178626
Non-Free,0,Sims Con_51,0.0,1.0,Correct,0.5,68.00680993861354
Non-Free,0,Sims Con_51,0.5,1.0,Error,-0.5,43.152858612093034
Non-Free,0,Sims Con_51,0.5,1.0,Correct,0.5,80.61306025274553
Free,1,Sims Con_52,-0.5,-1.0,Error,-0.5,66.48860625331214
Free,1,Sims Con_52,-0.5,-1.0,Correct,0.5,75.51043592132089
Free,1,Sims Con_52,0.0,-1.0,Error,-0.5,57.99999999999983
Free,1,Sims Con_52,0.0,-1.0,Correct,0.5,86.59138725416744
Free,1,Sims Con_52,0.5,-1.0,Error,-0.5,49.51139374668752
Free,1,Sims Con_52,0.5,-1.0,Correct,0.5,97.67233858701401
Free,1,Sims Con_52,-0.5,0.0,Error,-0.5,67.52199258081609
Free,1,Sims Con_52,-0.5,0.0,Correct,0.5,76.62670351162762
Free,1,Sims Con_52,0.0,0.0,Error,-0.5,59.29199788023321
Free,1,Sims Con_52,0.0,0.0,Correct,0.5,87.23340565981435
Free,1,Sims Con_52,0.5,0.0,Error,-0.5,51.06200317965033
Free,1,Sims Con_52,0.5,0.0,Correct,0.5,97.84010780800108
Free,1,Sims Con_52,-0.5,1.0,Error,-0.5,68.55537890832004
Free,1,Sims Con_52,-0.5,1.0,Correct,0.5,77.74297110193436
Free,1,Sims Con_52,0.0,1.0,Error,-0.5,60.58399576046659
Free,1,Sims Con_52,0.0,1.0,Correct,0.5,87.87542406546126
Free,1,Sims Con_52,0.5,1.0,Error,-0.5,52.61261261261315
Free,1,Sims Con_52,0.5,1.0,Correct,0.5,98.00787702898815
Non-Free,0,Sims Con_52,-0.5,-1.0,Error,-0.5,30.740830636461688
Non-Free,0,Sims Con_52,-0.5,-1.0,Correct,0.5,63.41610442067375
Non-Free,0,Sims Con_52,0.0,-1.0,Error,-0.5,17.343337442851997
Non-Free,0,Sims Con_52,0.0,-1.0,Correct,0.5,80.76161721335929
Non-Free,0,Sims Con_52,0.5,-1.0,Error,-0.5,3.9458442492423096
Non-Free,0,Sims Con_52,0.5,-1.0,Correct,0.5,98.10713000604484
Non-Free,0,Sims Con_52,-0.5,0.0,Error,-0.5,32.86733960034928
Non-Free,0,Sims Con_52,-0.5,0.0,Correct,0.5,65.47170385377723
Non-Free,0,Sims Con_52,0.0,0.0,Error,-0.5,16.824318076745257
Non-Free,0,Sims Con_52,0.0,0.0,Correct,0.5,81.73469207496623
Non-Free,0,Sims Con_52,0.5,0.0,Error,-0.5,0.7812965531412317
Non-Free,0,Sims Con_52,0.5,0.0,Correct,0.5,97.99768029615524
Non-Free,0,Sims Con_52,-0.5,1.0,Error,-0.5,34.99384856423688
Non-Free,0,Sims Con_52,-0.5,1.0,Correct,0.5,67.52730328688071
Non-Free,0,Sims Con_52,0.0,1.0,Error,-0.5,16.305298710638517
Non-Free,0,Sims Con_52,0.0,1.0,Correct,0.5,82.70776693657318
Non-Free,0,Sims Con_52,0.5,1.0,Error,-0.5,-2.3832511429598444
Non-Free,0,Sims Con_52,0.5,1.0,Correct,0.5,97.88823058626565
Free,1,Sims Con_53,-0.5,-1.0,Error,-0.5,63.12538019965476
Free,1,Sims Con_53,-0.5,-1.0,Correct,0.5,63.13859600364913
Free,1,Sims Con_53,0.0,-1.0,Error,-0.5,62.042278417162365
Free,1,Sims Con_53,0.0,-1.0,Correct,0.5,71.02440120187936
Free,1,Sims Con_53,0.5,-1.0,Error,-0.5,60.95917663466997
Free,1,Sims Con_53,0.5,-1.0,Correct,0.5,78.9102064001096
Free,1,Sims Con_53,-0.5,0.0,Error,-0.5,80.54871944660616
Free,1,Sims Con_53,-0.5,0.0,Correct,0.5,79.6444327621848
Free,1,Sims Con_53,0.0,0.0,Error,-0.5,80.74922558908051
Free,1,Sims Con_53,0.0,0.0,Correct,0.5,84.9052010755006
Free,1,Sims Con_53,0.5,0.0,Error,-0.5,80.94973173155486
Free,1,Sims Con_53,0.5,0.0,Correct,0.5,90.16596938881639
Free,1,Sims Con_53,-0.5,1.0,Error,-0.5,97.97205869355756
Free,1,Sims Con_53,-0.5,1.0,Correct,0.5,96.15026952072049
Free,1,Sims Con_53,0.0,1.0,Error,-0.5,99.45617276099865
Free,1,Sims Con_53,0.0,1.0,Correct,0.5,98.78600094912184
Free,1,Sims Con_53,0.5,1.0,Error,-0.5,100.94028682843975
Free,1,Sims Con_53,0.5,1.0,Correct,0.5,101.4217323775232
Non-Free,0,Sims Con_53,-0.5,-1.0,Error,-0.5,49.68300598499538
Non-Free,0,Sims Con_53,-0.5,-1.0,Correct,0.5,51.450391940187465
Non-Free,0,Sims Con_53,0.0,-1.0,Error,-0.5,43.816783275731275
Non-Free,0,Sims Con_53,0.0,-1.0,Correct,0.5,62.78544826536057
Non-Free,0,Sims Con_53,0.5,-1.0,Error,-0.5,37.95056056646717
Non-Free,0,Sims Con_53,0.5,-1.0,Correct,0.5,74.12050459053367
Non-Free,0,Sims Con_53,-0.5,0.0,Error,-0.5,56.21592345949597
Non-Free,0,Sims Con_53,-0.5,0.0,Correct,0.5,61.27943914642659
Non-Free,0,Sims Con_53,0.0,0.0,Error,-0.5,49.420972772485925
Non-Free,0,Sims Con_53,0.0,0.0,Correct,0.5,72.95033782862694
Non-Free,0,Sims Con_53,0.5,0.0,Error,-0.5,42.62602208547588
Non-Free,0,Sims Con_53,0.5,0.0,Correct,0.5,84.62123651082729
Non-Free,0,Sims Con_53,-0.5,1.0,Error,-0.5,62.748840933996554
Non-Free,0,Sims Con_53,-0.5,1.0,Correct,0.5,71.10848635266571
Non-Free,0,Sims Con_53,0.0,1.0,Error,-0.5,55.025162269240575
Non-Free,0,Sims Con_53,0.0,1.0,Correct,0.5,83.11522739189331
Non-Free,0,Sims Con_53,0.5,1.0,Error,-0.5,47.301483604484595
Non-Free,0,Sims Con_53,0.5,1.0,Correct,0.5,95.1219684311209
Free,1,Sims Con_54,-0.5,-1.0,Error,-0.5,53.88148148148142
Free,1,Sims Con_54,-0.5,-1.0,Correct,0.5,59.889029551113325
Free,1,Sims Con_54,0.0,-1.0,Error,-0.5,42.87499999999998
Free,1,Sims Con_54,0.0,-1.0,Correct,0.5,74.37420409029299
Free,1,Sims Con_54,0.5,-1.0,Error,-0.5,31.868518518518535
Free,1,Sims Con_54,0.5,-1.0,Correct,0.5,88.85937862947267
Free,1,Sims Con_54,-0.5,0.0,Error,-0.5,55.224691358024685
Free,1,Sims Con_54,-0.5,0.0,Correct,0.5,61.54666305664293
Free,1,Sims Con_54,0.0,0.0,Error,-0.5,45.875
Free,1,Sims Con_54,0.0,0.0,Correct,0.5,75.28746243571415
Free,1,Sims Con_54,0.5,0.0,Error,-0.5,36.525308641975315
Free,1,Sims Con_54,0.5,0.0,Correct,0.5,89.02826181478537
Free,1,Sims Con_54,-0.5,1.0,Error,-0.5,56.56790123456795
Free,1,Sims Con_54,-0.5,1.0,Correct,0.5,63.20429656217253
Free,1,Sims Con_54,0.0,1.0,Error,-0.5,48.87500000000002
Free,1,Sims Con_54,0.0,1.0,Correct,0.5,76.2007207811353
Free,1,Sims Con_54,0.5,1.0,Error,-0.5,41.182098765432094
Free,1,Sims Con_54,0.5,1.0,Correct,0.5,89.19714500009808
Non-Free,0,Sims Con_54,-0.5,-1.0,Error,-0.5,34.6702458339245
Non-Free,0,Sims Con_54,-0.5,-1.0,Correct,0.5,50.502185239633675
Non-Free,0,Sims Con_54,0.0,-1.0,Error,-0.5,22.936042290778367
Non-Free,0,Sims Con_54,0.0,-1.0,Correct,0.5,70.00905198910856
Non-Free,0,Sims Con_54,0.5,-1.0,Error,-0.5,11.201838747632234
Non-Free,0,Sims Con_54,0.5,-1.0,Correct,0.5,89.51591873858345
Non-Free,0,Sims Con_54,-0.5,0.0,Error,-0.5,33.41599422548964
Non-Free,0,Sims Con_54,-0.5,0.0,Correct,0.5,50.45392534818005
Non-Free,0,Sims Con_54,0.0,0.0,Error,-0.5,21.54416415631234
Non-Free,0,Sims Con_54,0.0,0.0,Correct,0.5,69.95613342296984
Non-Free,0,Sims Con_54,0.5,0.0,Error,-0.5,9.672334087135042
Non-Free,0,Sims Con_54,0.5,0.0,Correct,0.5,89.45834149775963
Non-Free,0,Sims Con_54,-0.5,1.0,Error,-0.5,32.161742617054784
Non-Free,0,Sims Con_54,-0.5,1.0,Correct,0.5,50.405665456726425
Non-Free,0,Sims Con_54,0.0,1.0,Error,-0.5,20.152286021846315
Non-Free,0,Sims Con_54,0.0,1.0,Correct,0.5,69.90321485683113
Non-Free,0,Sims Con_54,0.5,1.0,Error,-0.5,8.14282942663785
Non-Free,0,Sims Con_54,0.5,1.0,Correct,0.5,89.40076425693583
Free,1,Sims Con_55,-0.5,-1.0,Error,-0.5,78.14797296196123
Free,1,Sims Con_55,-0.5,-1.0,Correct,0.5,78.14565102908679
Free,1,Sims Con_55,0.0,-1.0,Error,-0.5,78.70509454142343
Free,1,Sims Con_55,0.0,-1.0,Correct,0.5,81.52982233502533
Free,1,Sims Con_55,0.5,-1.0,Error,-0.5,79.26221612088565
Free,1,Sims Con_55,0.5,-1.0,Correct,0.5,84.91399364096387
Free,1,Sims Con_55,-0.5,0.0,Error,-0.5,79.82108310013929
Free,1,Sims Con_55,-0.5,0.0,Correct,0.5,79.94085076854847
Free,1,Sims Con_55,0.0,0.0,Error,-0.5,80.45164344633051
Free,1,Sims Con_55,0.0,0.0,Correct,0.5,83.35863741021718
Free,1,Sims Con_55,0.5,0.0,Error,-0.5,81.08220379252172
Free,1,Sims Con_55,0.5,0.0,Correct,0.5,86.7764240518859
Free,1,Sims Con_55,-0.5,1.0,Error,-0.5,81.49419323831735
Free,1,Sims Con_55,-0.5,1.0,Correct,0.5,81.73605050801015
Free,1,Sims Con_55,0.0,1.0,Error,-0.5,82.19819235123758
Free,1,Sims Con_55,0.0,1.0,Correct,0.5,85.18745248540904
Free,1,Sims Con_55,0.5,1.0,Error,-0.5,82.90219146415781
Free,1,Sims Con_55,0.5,1.0,Correct,0.5,88.63885446280793
Non-Free,0,Sims Con_55,-0.5,-1.0,Error,-0.5,56.20658189345611
Non-Free,0,Sims Con_55,-0.5,-1.0,Correct,0.5,57.65962211821743
Non-Free,0,Sims Con_55,0.0,-1.0,Error,-0.5,51.26142748510836
Non-Free,0,Sims Con_55,0.0,-1.0,Correct,0.5,66.16344029791102
Non-Free,0,Sims Con_55,0.5,-1.0,Error,-0.5,46.31627307676061
Non-Free,0,Sims Con_55,0.5,-1.0,Correct,0.5,74.6672584776046
Non-Free,0,Sims Con_55,-0.5,0.0,Error,-0.5,56.8753115626716
Non-Free,0,Sims Con_55,-0.5,0.0,Correct,0.5,58.50850554129863
Non-Free,0,Sims Con_55,0.0,0.0,Error,-0.5,53.0667589032994
Non-Free,0,Sims Con_55,0.0,0.0,Correct,0.5,67.41239102453197
Non-Free,0,Sims Con_55,0.5,0.0,Error,-0.5,49.258206243927205
Non-Free,0,Sims Con_55,0.5,0.0,Correct,0.5,76.31627650776531
Non-Free,0,Sims Con_55,-0.5,1.0,Error,-0.5,57.544041231887086
Non-Free,0,Sims Con_55,-0.5,1.0,Correct,0.5,59.35738896437984
Non-Free,0,Sims Con_55,0.0,1.0,Error,-0.5,54.87209032149045
Non-Free,0,Sims Con_55,0.0,1.0,Correct,0.5,68.66134175115292
Non-Free,0,Sims Con_55,0.5,1.0,Error,-0.5,52.2001394110938
Non-Free,0,Sims Con_55,0.5,1.0,Correct,0.5,77.965294537926
Free,1,Sims Con_56,-0.5,-1.0,Error,-0.5,84.16558653741417
Free,1,Sims Con_56,-0.5,-1.0,Correct,0.5,84.2543503221916
Free,1,Sims Con_56,0.0,-1.0,Error,-0.5,85.73747413135825
Free,1,Sims Con_56,0.0,-1.0,Correct,0.5,90.56614509124782
Free,1,Sims Con_56,0.5,-1.0,Error,-0.5,87.30936172530234
Free,1,Sims Con_56,0.5,-1.0,Correct,0.5,96.87793986030405
Free,1,Sims Con_56,-0.5,0.0,Error,-0.5,86.83531205751005
Free,1,Sims Con_56,-0.5,0.0,Correct,0.5,87.28140870455671
Free,1,Sims Con_56,0.0,0.0,Error,-0.5,88.76255309879099
Free,1,Sims Con_56,0.0,0.0,Correct,0.5,92.46117321298324
Free,1,Sims Con_56,0.5,0.0,Error,-0.5,90.68979414007192
Free,1,Sims Con_56,0.5,0.0,Correct,0.5,97.64093772140977
Free,1,Sims Con_56,-0.5,1.0,Error,-0.5,89.50503757760593
Free,1,Sims Con_56,-0.5,1.0,Correct,0.5,90.30846708692182
Free,1,Sims Con_56,0.0,1.0,Error,-0.5,91.78763206622372
Free,1,Sims Con_56,0.0,1.0,Correct,0.5,94.35620133471866
Free,1,Sims Con_56,0.5,1.0,Error,-0.5,94.07022655484151
Free,1,Sims Con_56,0.5,1.0,Correct,0.5,98.4039355825155
Non-Free,0,Sims Con_56,-0.5,-1.0,Error,-0.5,52.85811299461967
Non-Free,0,Sims Con_56,-0.5,-1.0,Correct,0.5,67.68681162140696
Non-Free,0,Sims Con_56,0.0,-1.0,Error,-0.5,39.80390847896747
Non-Free,0,Sims Con_56,0.0,-1.0,Correct,0.5,81.55516984261556
Non-Free,0,Sims Con_56,0.5,-1.0,Error,-0.5,26.749703963315273
Non-Free,0,Sims Con_56,0.5,-1.0,Correct,0.5,95.42352806382414
Non-Free,0,Sims Con_56,-0.5,0.0,Error,-0.5,56.216373014170024
Non-Free,0,Sims Con_56,-0.5,0.0,Correct,0.5,70.76818629587687
Non-Free,0,Sims Con_56,0.0,0.0,Error,-0.5,41.64227642276421
Non-Free,0,Sims Con_56,0.0,0.0,Correct,0.5,83.50025781329191
Non-Free,0,Sims Con_56,0.5,0.0,Error,-0.5,27.0681798313584
Non-Free,0,Sims Con_56,0.5,0.0,Correct,0.5,96.23232933070695
Non-Free,0,Sims Con_56,-0.5,1.0,Error,-0.5,59.57463303372038
Non-Free,0,Sims Con_56,-0.5,1.0,Correct,0.5,73.84956097034679
Non-Free,0,Sims Con_56,0.0,1.0,Error,-0.5,43.48064436656095
Non-Free,0,Sims Con_56,0.0,1.0,Correct,0.5,85.44534578396826
Non-Free,0,Sims Con_56,0.5,1.0,Error,-0.5,27.386655699401526
Non-Free,0,Sims Con_56,0.5,1.0,Correct,0.5,97.04113059758974
Free,1,Sims Con_57,-0.5,-1.0,Error,-0.5,73.50014875690958
Free,1,Sims Con_57,-0.5,-1.0,Correct,0.5,73.81574705177128
Free,1,Sims Con_57,0.0,-1.0,Error,-0.5,69.76158579177478
Free,1,Sims Con_57,0.0,-1.0,Correct,0.5,79.49671742380455
Free,1,Sims Con_57,0.5,-1.0,Error,-0.5,66.02302282663996
Free,1,Sims Con_57,0.5,-1.0,Correct,0.5,85.17768779583783
Free,1,Sims Con_57,-0.5,0.0,Error,-0.5,73.21316218383761
Free,1,Sims Con_57,-0.5,0.0,Correct,0.5,74.42102472738735
Free,1,Sims Con_57,0.0,0.0,Error,-0.5,69.99806400427725
Free,1,Sims Con_57,0.0,0.0,Correct,0.5,80.51361630278511
Free,1,Sims Con_57,0.5,0.0,Error,-0.5,66.7829658247169
Free,1,Sims Con_57,0.5,0.0,Correct,0.5,86.60620787818287
Free,1,Sims Con_57,-0.5,1.0,Error,-0.5,72.92617561076564
Free,1,Sims Con_57,-0.5,1.0,Correct,0.5,75.02630240300341
Free,1,Sims Con_57,0.0,1.0,Error,-0.5,70.23454221677973
Free,1,Sims Con_57,0.0,1.0,Correct,0.5,81.53051518176567
Free,1,Sims Con_57,0.5,1.0,Error,-0.5,67.54290882279383
Free,1,Sims Con_57,0.5,1.0,Correct,0.5,88.03472796052792
Non-Free,0,Sims Con_57,-0.5,-1.0,Error,-0.5,48.37582178803501
Non-Free,0,Sims Con_57,-0.5,-1.0,Correct,0.5,51.73397461716494
Non-Free,0,Sims Con_57,0.0,-1.0,Error,-0.5,44.887460795768966
Non-Free,0,Sims Con_57,0.0,-1.0,Correct,0.5,63.82159588934981
Non-Free,0,Sims Con_57,0.5,-1.0,Error,-0.5,41.39909980350292
Non-Free,0,Sims Con_57,0.5,-1.0,Correct,0.5,75.90921716153468
Non-Free,0,Sims Con_57,-0.5,0.0,Error,-0.5,48.277078373320855
Non-Free,0,Sims Con_57,-0.5,0.0,Correct,0.5,51.36440855265752
Non-Free,0,Sims Con_57,0.0,0.0,Error,-0.5,41.27754545640894
Non-Free,0,Sims Con_57,0.0,0.0,Correct,0.5,63.30728868248079
Non-Free,0,Sims Con_57,0.5,0.0,Error,-0.5,34.27801253949702
Non-Free,0,Sims Con_57,0.5,0.0,Correct,0.5,75.25016881230405
Non-Free,0,Sims Con_57,-0.5,1.0,Error,-0.5,48.1783349586067
Non-Free,0,Sims Con_57,-0.5,1.0,Correct,0.5,50.994842488150105
Non-Free,0,Sims Con_57,0.0,1.0,Error,-0.5,37.66763011704891
Non-Free,0,Sims Con_57,0.0,1.0,Correct,0.5,62.79298147561177
Non-Free,0,Sims Con_57,0.5,1.0,Error,-0.5,27.15692527549112
Non-Free,0,Sims Con_57,0.5,1.0,Correct,0.5,74.59112046307342
Free,1,Sims Con_58,-0.5,-1.0,Error,-0.5,49.4012617090422
Free,1,Sims Con_58,-0.5,-1.0,Correct,0.5,49.573940301114376
Free,1,Sims Con_58,0.0,-1.0,Error,-0.5,49.16469126362067
Free,1,Sims Con_58,0.0,-1.0,Correct,0.5,54.93143522365406
Free,1,Sims Con_58,0.5,-1.0,Error,-0.5,48.92812081819913
Free,1,Sims Con_58,0.5,-1.0,Correct,0.5,60.288930146193756
Free,1,Sims Con_58,-0.5,0.0,Error,-0.5,49.69317530108961
Free,1,Sims Con_58,-0.5,0.0,Correct,0.5,50.2204905682025
Free,1,Sims Con_58,0.0,0.0,Error,-0.5,49.628751672720256
Free,1,Sims Con_58,0.0,0.0,Correct,0.5,56.079997130700036
Free,1,Sims Con_58,0.5,0.0,Error,-0.5,49.5643280443509
Free,1,Sims Con_58,0.5,0.0,Correct,0.5,61.93950369319757
Free,1,Sims Con_58,-0.5,1.0,Error,-0.5,49.98508889313702
Free,1,Sims Con_58,-0.5,1.0,Correct,0.5,50.867040835290624
Free,1,Sims Con_58,0.0,1.0,Error,-0.5,50.092812081819844
Free,1,Sims Con_58,0.0,1.0,Correct,0.5,57.22855903774601
Free,1,Sims Con_58,0.5,1.0,Error,-0.5,50.20053527050267
Free,1,Sims Con_58,0.5,1.0,Correct,0.5,63.59007724020139
Non-Free,0,Sims Con_58,-0.5,-1.0,Error,-0.5,48.5184306638051
Non-Free,0,Sims Con_58,-0.5,-1.0,Correct,0.5,49.25491879049338
Non-Free,0,Sims Con_58,0.0,-1.0,Error,-0.5,46.121135237367
Non-Free,0,Sims Con_58,0.0,-1.0,Correct,0.5,55.469523538316764
Non-Free,0,Sims Con_58,0.5,-1.0,Error,-0.5,43.72383981092891
Non-Free,0,Sims Con_58,0.5,-1.0,Correct,0.5,61.68412828614015
Non-Free,0,Sims Con_58,-0.5,0.0,Error,-0.5,48.44687444789104
Non-Free,0,Sims Con_58,-0.5,0.0,Correct,0.5,49.253940628519466
Non-Free,0,Sims Con_58,0.0,0.0,Error,-0.5,44.90316479709905
Non-Free,0,Sims Con_58,0.0,0.0,Correct,0.5,56.08967423374489
Non-Free,0,Sims Con_58,0.5,0.0,Error,-0.5,41.35945514630706
Non-Free,0,Sims Con_58,0.5,0.0,Correct,0.5,62.92540783897031
Non-Free,0,Sims Con_58,-0.5,1.0,Error,-0.5,48.37531823197698
Non-Free,0,Sims Con_58,-0.5,1.0,Correct,0.5,49.252962466545554
Non-Free,0,Sims Con_58,0.0,1.0,Error,-0.5,43.685194356831104
Non-Free,0,Sims Con_58,0.0,1.0,Correct,0.5,56.70982492917301
Non-Free,0,Sims Con_58,0.5,1.0,Error,-0.5,38.99507048168522
Non-Free,0,Sims Con_58,0.5,1.0,Correct,0.5,64.16668739180047
Free,1,Sims Con_59,-0.5,-1.0,Error,-0.5,58.64892429008599
Free,1,Sims Con_59,-0.5,-1.0,Correct,0.5,59.2386395905107
Free,1,Sims Con_59,0.0,-1.0,Error,-0.5,56.87187290809419
Free,1,Sims Con_59,0.0,-1.0,Correct,0.5,67.74665013392631
Free,1,Sims Con_59,0.5,-1.0,Error,-0.5,55.09482152610239
Free,1,Sims Con_59,0.5,-1.0,Correct,0.5,76.2546606773419
Free,1,Sims Con_59,-0.5,0.0,Error,-0.5,58.72234593937239
Free,1,Sims Con_59,-0.5,0.0,Correct,0.5,59.39099015769491
Free,1,Sims Con_59,0.0,0.0,Error,-0.5,57.01340812474255
Free,1,Sims Con_59,0.0,0.0,Correct,0.5,67.26954070561357
Free,1,Sims Con_59,0.5,0.0,Error,-0.5,55.304470310112706
Free,1,Sims Con_59,0.5,0.0,Correct,0.5,75.14809125353221
Free,1,Sims Con_59,-0.5,1.0,Error,-0.5,58.795767588658784
Free,1,Sims Con_59,-0.5,1.0,Correct,0.5,59.543340724879116
Free,1,Sims Con_59,0.0,1.0,Error,-0.5,57.154943341390904
Free,1,Sims Con_59,0.0,1.0,Correct,0.5,66.79243127730082
Free,1,Sims Con_59,0.5,1.0,Error,-0.5,55.51411909412302
Free,1,Sims Con_59,0.5,1.0,Correct,0.5,74.04152182972254
Non-Free,0,Sims Con_59,-0.5,-1.0,Error,-0.5,48.90989116517284
Non-Free,0,Sims Con_59,-0.5,-1.0,Correct,0.5,49.91353174986476
Non-Free,0,Sims Con_59,0.0,-1.0,Error,-0.5,43.153969270166435
Non-Free,0,Sims Con_59,0.0,-1.0,Correct,0.5,60.762120092502805
Non-Free,0,Sims Con_59,0.5,-1.0,Error,-0.5,37.39804737516003
Non-Free,0,Sims Con_59,0.5,-1.0,Correct,0.5,71.61070843514084
Non-Free,0,Sims Con_59,-0.5,0.0,Error,-0.5,47.05121638924454
Non-Free,0,Sims Con_59,-0.5,0.0,Correct,0.5,48.86954121541816
Non-Free,0,Sims Con_59,0.0,0.0,Error,-0.5,40.42125480153648
Non-Free,0,Sims Con_59,0.0,0.0,Correct,0.5,59.94319032852877
Non-Free,0,Sims Con_59,0.5,0.0,Error,-0.5,33.79129321382842
Non-Free,0,Sims Con_59,0.5,0.0,Correct,0.5,71.01683944163938
Non-Free,0,Sims Con_59,-0.5,1.0,Error,-0.5,45.19254161331624
Non-Free,0,Sims Con_59,-0.5,1.0,Correct,0.5,47.82555068097156
Non-Free,0,Sims Con_59,0.0,1.0,Error,-0.5,37.68854033290652
Non-Free,0,Sims Con_59,0.0,1.0,Correct,0.5,59.12426056455474
Non-Free,0,Sims Con_59,0.5,1.0,Error,-0.5,30.1845390524968
Non-Free,0,Sims Con_59,0.5,1.0,Correct,0.5,70.42297044813792
Free,1,Sims Con_6,-0.5,-1.0,Error,-0.5,31.901595047135828
Free,1,Sims Con_6,-0.5,-1.0,Correct,0.5,32.66631979621529
Free,1,Sims Con_6,0.0,-1.0,Error,-0.5,29.184005748571906
Free,1,Sims Con_6,0.0,-1.0,Correct,0.5,31.75395083904562
Free,1,Sims Con_6,0.5,-1.0,Error,-0.5,26.466416450007983
Free,1,Sims Con_6,0.5,-1.0,Correct,0.5,30.841581881875943
Free,1,Sims Con_6,-0.5,0.0,Error,-0.5,53.04975191294018
Free,1,Sims Con_6,-0.5,0.0,Correct,0.5,53.26248638238954
Free,1,Sims Con_6,0.0,0.0,Error,-0.5,52.58169387845682
Free,1,Sims Con_6,0.0,0.0,Correct,0.5,56.65235728995244
Free,1,Sims Con_6,0.5,0.0,Error,-0.5,52.113635843973455
Free,1,Sims Con_6,0.5,0.0,Correct,0.5,60.04222819751534
Free,1,Sims Con_6,-0.5,1.0,Error,-0.5,74.19790877874453
Free,1,Sims Con_6,-0.5,1.0,Correct,0.5,73.85865296856379
Free,1,Sims Con_6,0.0,1.0,Error,-0.5,75.97938200834173
Free,1,Sims Con_6,0.0,1.0,Correct,0.5,81.55076374085927
Free,1,Sims Con_6,0.5,1.0,Error,-0.5,77.76085523793893
Free,1,Sims Con_6,0.5,1.0,Correct,0.5,89.24287451315476
Non-Free,0,Sims Con_6,-0.5,-1.0,Error,-0.5,38.776810378238984
Non-Free,0,Sims Con_6,-0.5,-1.0,Correct,0.5,37.70127740163097
Non-Free,0,Sims Con_6,0.0,-1.0,Error,-0.5,37.73527042268648
Non-Free,0,Sims Con_6,0.0,-1.0,Correct,0.5,35.20180158060894
Non-Free,0,Sims Con_6,0.5,-1.0,Error,-0.5,36.69373046713399
Non-Free,0,Sims Con_6,0.5,-1.0,Correct,0.5,32.702325759586905
Non-Free,0,Sims Con_6,-0.5,0.0,Error,-0.5,47.86501437793126
Non-Free,0,Sims Con_6,-0.5,0.0,Correct,0.5,48.766048936489554
Non-Free,0,Sims Con_6,0.0,0.0,Error,-0.5,43.305857283245956
Non-Free,0,Sims Con_6,0.0,0.0,Correct,0.5,53.97016465188871
Non-Free,0,Sims Con_6,0.5,0.0,Error,-0.5,38.74670018856065
Non-Free,0,Sims Con_6,0.5,0.0,Correct,0.5,59.174280367287864
Non-Free,0,Sims Con_6,-0.5,1.0,Error,-0.5,56.953218377623536
Non-Free,0,Sims Con_6,-0.5,1.0,Correct,0.5,59.83082047134814
Non-Free,0,Sims Con_6,0.0,1.0,Error,-0.5,48.87644414380543
Non-Free,0,Sims Con_6,0.0,1.0,Correct,0.5,72.73852772316849
Non-Free,0,Sims Con_6,0.5,1.0,Error,-0.5,40.79966990998732
Non-Free,0,Sims Con_6,0.5,1.0,Correct,0.5,85.64623497498883
Free,1,Sims Con_60,-0.5,-1.0,Error,-0.5,73.67454732369261
Free,1,Sims Con_60,-0.5,-1.0,Correct,0.5,75.4325470609325
Free,1,Sims Con_60,0.0,-1.0,Error,-0.5,70.93596189431841
Free,1,Sims Con_60,0.0,-1.0,Correct,0.5,83.7000846523205
Free,1,Sims Con_60,0.5,-1.0,Error,-0.5,68.1973764649442
Free,1,Sims Con_60,0.5,-1.0,Correct,0.5,91.96762224370848
Free,1,Sims Con_60,-0.5,0.0,Error,-0.5,75.080882735933
Free,1,Sims Con_60,-0.5,0.0,Correct,0.5,76.93725464625167
Free,1,Sims Con_60,0.0,0.0,Error,-0.5,72.14711808649164
Free,1,Sims Con_60,0.0,0.0,Correct,0.5,84.66861723033132
Free,1,Sims Con_60,0.5,0.0,Error,-0.5,69.21335343705029
Free,1,Sims Con_60,0.5,0.0,Correct,0.5,92.39997981441097
Free,1,Sims Con_60,-0.5,1.0,Error,-0.5,76.4872181481734
Free,1,Sims Con_60,-0.5,1.0,Correct,0.5,78.44196223157084
Free,1,Sims Con_60,0.0,1.0,Error,-0.5,73.35827427866488
Free,1,Sims Con_60,0.0,1.0,Correct,0.5,85.63714980834214
Free,1,Sims Con_60,0.5,1.0,Error,-0.5,70.22933040915638
Free,1,Sims Con_60,0.5,1.0,Correct,0.5,92.83233738511346
Non-Free,0,Sims Con_60,-0.5,-1.0,Error,-0.5,45.84223290170427
Non-Free,0,Sims Con_60,-0.5,-1.0,Correct,0.5,55.85041564830867
Non-Free,0,Sims Con_60,0.0,-1.0,Error,-0.5,29.391595840935054
Non-Free,0,Sims Con_60,0.0,-1.0,Correct,0.5,71.83472871800055
Non-Free,0,Sims Con_60,0.5,-1.0,Error,-0.5,12.940958780165836
Non-Free,0,Sims Con_60,0.5,-1.0,Correct,0.5,87.81904178769241
Non-Free,0,Sims Con_60,-0.5,0.0,Error,-0.5,46.452283480917856
Non-Free,0,Sims Con_60,-0.5,0.0,Correct,0.5,57.426658773104364
Non-Free,0,Sims Con_60,0.0,0.0,Error,-0.5,33.62556549340691
Non-Free,0,Sims Con_60,0.0,0.0,Correct,0.5,73.0690153723362
Non-Free,0,Sims Con_60,0.5,0.0,Error,-0.5,20.798847505895964
Non-Free,0,Sims Con_60,0.5,0.0,Correct,0.5,88.71137197156803
Non-Free,0,Sims Con_60,-0.5,1.0,Error,-0.5,47.06233406013144
Non-Free,0,Sims Con_60,-0.5,1.0,Correct,0.5,59.00290189790006
Non-Free,0,Sims Con_60,0.0,1.0,Error,-0.5,37.859535145878766
Non-Free,0,Sims Con_60,0.0,1.0,Correct,0.5,74.30330202667184
Non-Free,0,Sims Con_60,0.5,1.0,Error,-0.5,28.65673623162609
Non-Free,0,Sims Con_60,0.5,1.0,Correct,0.5,89.60370215544363
Free,1,Sims Con_61,-0.5,-1.0,Error,-0.5,86.92772146319972
Free,1,Sims Con_61,-0.5,-1.0,Correct,0.5,88.2194223184396
Free,1,Sims Con_61,0.0,-1.0,Error,-0.5,89.72119198562572
Free,1,Sims Con_61,0.0,-1.0,Correct,0.5,92.98576340971512
Free,1,Sims Con_61,0.5,-1.0,Error,-0.5,92.51466250805174
Free,1,Sims Con_61,0.5,-1.0,Correct,0.5,97.75210450099064
Free,1,Sims Con_61,-0.5,0.0,Error,-0.5,84.46245380886195
Free,1,Sims Con_61,-0.5,0.0,Correct,0.5,86.02772225018659
Free,1,Sims Con_61,0.0,0.0,Error,-0.5,87.66821202156154
Free,1,Sims Con_61,0.0,0.0,Correct,0.5,91.60896731420722
Free,1,Sims Con_61,0.5,0.0,Error,-0.5,90.87397023426114
Free,1,Sims Con_61,0.5,0.0,Correct,0.5,97.19021237822786
Free,1,Sims Con_61,-0.5,1.0,Error,-0.5,81.99718615452419
Free,1,Sims Con_61,-0.5,1.0,Correct,0.5,83.83602218193357
Free,1,Sims Con_61,0.0,1.0,Error,-0.5,85.61523205749737
Free,1,Sims Con_61,0.0,1.0,Correct,0.5,90.23217121869932
Free,1,Sims Con_61,0.5,1.0,Error,-0.5,89.23327796047055
Free,1,Sims Con_61,0.5,1.0,Correct,0.5,96.62832025546507
Non-Free,0,Sims Con_61,-0.5,-1.0,Error,-0.5,55.362998469256596
Non-Free,0,Sims Con_61,-0.5,-1.0,Correct,0.5,71.38506091799164
Non-Free,0,Sims Con_61,0.0,-1.0,Error,-0.5,44.680029944468615
Non-Free,0,Sims Con_61,0.0,-1.0,Correct,0.5,84.36575972224456
Non-Free,0,Sims Con_61,0.5,-1.0,Error,-0.5,33.997061419680634
Non-Free,0,Sims Con_61,0.5,-1.0,Correct,0.5,97.34645852649747
Non-Free,0,Sims Con_61,-0.5,0.0,Error,-0.5,53.519681784153974
Non-Free,0,Sims Con_61,-0.5,0.0,Correct,0.5,69.4808562635147
Non-Free,0,Sims Con_61,0.0,0.0,Error,-0.5,43.24420384585299
Non-Free,0,Sims Con_61,0.0,0.0,Correct,0.5,83.10549259038444
Non-Free,0,Sims Con_61,0.5,0.0,Error,-0.5,32.968725907552
Non-Free,0,Sims Con_61,0.5,0.0,Correct,0.5,96.73012891725419
Non-Free,0,Sims Con_61,-0.5,1.0,Error,-0.5,51.67636509905135
Non-Free,0,Sims Con_61,-0.5,1.0,Correct,0.5,67.57665160903775
Non-Free,0,Sims Con_61,0.0,1.0,Error,-0.5,41.80837774723736
Non-Free,0,Sims Con_61,0.0,1.0,Correct,0.5,81.84522545852433
Non-Free,0,Sims Con_61,0.5,1.0,Error,-0.5,31.940390395423364
Non-Free,0,Sims Con_61,0.5,1.0,Correct,0.5,96.11379930801091
Free,1,Sims Con_62,-0.5,-1.0,Error,-0.5,81.72216137276376
Free,1,Sims Con_62,-0.5,-1.0,Correct,0.5,84.18354607947299
Free,1,Sims Con_62,0.0,-1.0,Error,-0.5,83.74280007731458
Free,1,Sims Con_62,0.0,-1.0,Correct,0.5,89.76924393096851
Free,1,Sims Con_62,0.5,-1.0,Error,-0.5,85.7634387818654
Free,1,Sims Con_62,0.5,-1.0,Correct,0.5,95.35494178246402
Free,1,Sims Con_62,-0.5,0.0,Error,-0.5,87.00674355174705
Free,1,Sims Con_62,-0.5,0.0,Correct,0.5,88.83271365651385
Free,1,Sims Con_62,0.0,0.0,Error,-0.5,89.37716641968942
Free,1,Sims Con_62,0.0,0.0,Correct,0.5,93.05210371682148
Free,1,Sims Con_62,0.5,0.0,Error,-0.5,91.74758928763178
Free,1,Sims Con_62,0.5,0.0,Correct,0.5,97.27149377712911
Free,1,Sims Con_62,-0.5,1.0,Error,-0.5,92.29132573073034
Free,1,Sims Con_62,-0.5,1.0,Correct,0.5,93.4818812335547
Free,1,Sims Con_62,0.0,1.0,Error,-0.5,95.01153276206425
Free,1,Sims Con_62,0.0,1.0,Correct,0.5,96.33496350267444
Free,1,Sims Con_62,0.5,1.0,Error,-0.5,97.73173979339816
Free,1,Sims Con_62,0.5,1.0,Correct,0.5,99.1880457717942
Non-Free,0,Sims Con_62,-0.5,-1.0,Error,-0.5,54.49018809543202
Non-Free,0,Sims Con_62,-0.5,-1.0,Correct,0.5,66.51665363202795
Non-Free,0,Sims Con_62,0.0,-1.0,Error,-0.5,40.410770024156605
Non-Free,0,Sims Con_62,0.0,-1.0,Correct,0.5,80.04684994455744
Non-Free,0,Sims Con_62,0.5,-1.0,Error,-0.5,26.33135195288119
Non-Free,0,Sims Con_62,0.5,-1.0,Correct,0.5,93.57704625708692
Non-Free,0,Sims Con_62,-0.5,0.0,Error,-0.5,56.42854137828087
Non-Free,0,Sims Con_62,-0.5,0.0,Correct,0.5,69.73776221685627
Non-Free,0,Sims Con_62,0.0,0.0,Error,-0.5,43.403360204109376
Non-Free,0,Sims Con_62,0.0,0.0,Correct,0.5,82.54294569191865
Non-Free,0,Sims Con_62,0.5,0.0,Error,-0.5,30.378179029937886
Non-Free,0,Sims Con_62,0.5,0.0,Correct,0.5,95.34812916698102
Non-Free,0,Sims Con_62,-0.5,1.0,Error,-0.5,58.36689466112972
Non-Free,0,Sims Con_62,-0.5,1.0,Correct,0.5,72.95887080168458
Non-Free,0,Sims Con_62,0.0,1.0,Error,-0.5,46.39595038406215
Non-Free,0,Sims Con_62,0.0,1.0,Correct,0.5,85.03904143927986
Non-Free,0,Sims Con_62,0.5,1.0,Error,-0.5,34.42500610699458
Non-Free,0,Sims Con_62,0.5,1.0,Correct,0.5,97.11921207687513
Free,1,Sims Con_63,-0.5,-1.0,Error,-0.5,82.32840236686388
Free,1,Sims Con_63,-0.5,-1.0,Correct,0.5,84.2236098790864
Free,1,Sims Con_63,0.0,-1.0,Error,-0.5,85.66568047337279
Free,1,Sims Con_63,0.0,-1.0,Correct,0.5,90.8091944930751
Free,1,Sims Con_63,0.5,-1.0,Error,-0.5,89.00295857988169
Free,1,Sims Con_63,0.5,-1.0,Correct,0.5,97.3947791070638
Free,1,Sims Con_63,-0.5,0.0,Error,-0.5,85.85913872452333
Free,1,Sims Con_63,-0.5,0.0,Correct,0.5,87.54134061476753
Free,1,Sims Con_63,0.0,0.0,Error,-0.5,88.87738330046025
Free,1,Sims Con_63,0.0,0.0,Correct,0.5,92.90268246914871
Free,1,Sims Con_63,0.5,0.0,Error,-0.5,91.89562787639717
Free,1,Sims Con_63,0.5,0.0,Correct,0.5,98.2640243235299
Free,1,Sims Con_63,-0.5,1.0,Error,-0.5,89.38987508218278
Free,1,Sims Con_63,-0.5,1.0,Correct,0.5,90.85907135044867
Free,1,Sims Con_63,0.0,1.0,Error,-0.5,92.08908612754772
Free,1,Sims Con_63,0.0,1.0,Correct,0.5,94.99617044522233
Free,1,Sims Con_63,0.5,1.0,Error,-0.5,94.78829717291265
Free,1,Sims Con_63,0.5,1.0,Correct,0.5,99.133269539996
Non-Free,0,Sims Con_63,-0.5,-1.0,Error,-0.5,53.08708101734882
Non-Free,0,Sims Con_63,-0.5,-1.0,Correct,0.5,70.60533881652516
Non-Free,0,Sims Con_63,0.0,-1.0,Error,-0.5,35.46589186457806
Non-Free,0,Sims Con_63,0.0,-1.0,Correct,0.5,83.93450343273042
Non-Free,0,Sims Con_63,0.5,-1.0,Error,-0.5,17.8447027118073
Non-Free,0,Sims Con_63,0.5,-1.0,Correct,0.5,97.2636680489357
Non-Free,0,Sims Con_63,-0.5,0.0,Error,-0.5,51.889759137611605
Non-Free,0,Sims Con_63,-0.5,0.0,Correct,0.5,72.0247610853966
Non-Free,0,Sims Con_63,0.0,0.0,Error,-0.5,37.93102577059122
Non-Free,0,Sims Con_63,0.0,0.0,Correct,0.5,85.10251561505233
Non-Free,0,Sims Con_63,0.5,0.0,Error,-0.5,23.972292403570833
Non-Free,0,Sims Con_63,0.5,0.0,Correct,0.5,98.18027014470805
Non-Free,0,Sims Con_63,-0.5,1.0,Error,-0.5,50.69243725787439
Non-Free,0,Sims Con_63,-0.5,1.0,Correct,0.5,73.44418335426805
Non-Free,0,Sims Con_63,0.0,1.0,Error,-0.5,40.39615967660438
Non-Free,0,Sims Con_63,0.0,1.0,Correct,0.5,86.27052779737423
Non-Free,0,Sims Con_63,0.5,1.0,Error,-0.5,30.099882095334365
Non-Free,0,Sims Con_63,0.5,1.0,Correct,0.5,99.0968722404804
Free,1,Sims Con_64,-0.5,-1.0,Error,-0.5,91.37497987594107
Free,1,Sims Con_64,-0.5,-1.0,Correct,0.5,92.45302084290873
Free,1,Sims Con_64,0.0,-1.0,Error,-0.5,92.77564278611675
Free,1,Sims Con_64,0.0,-1.0,Correct,0.5,95.37481389642952
Free,1,Sims Con_64,0.5,-1.0,Error,-0.5,94.17630569629243
Free,1,Sims Con_64,0.5,-1.0,Correct,0.5,98.29660694995032
Free,1,Sims Con_64,-0.5,0.0,Error,-0.5,88.53459917609733
Free,1,Sims Con_64,-0.5,0.0,Correct,0.5,89.9414722461759
Free,1,Sims Con_64,0.0,0.0,Error,-0.5,89.22663004877124
Free,1,Sims Con_64,0.0,0.0,Correct,0.5,93.59375968339486
Free,1,Sims Con_64,0.5,0.0,Error,-0.5,89.91866092144515
Free,1,Sims Con_64,0.5,0.0,Correct,0.5,97.24604712061382
Free,1,Sims Con_64,-0.5,1.0,Error,-0.5,85.6942184762536
Free,1,Sims Con_64,-0.5,1.0,Correct,0.5,87.42992364944308
Free,1,Sims Con_64,0.0,1.0,Error,-0.5,85.67761731142573
Free,1,Sims Con_64,0.0,1.0,Correct,0.5,91.81270547036021
Free,1,Sims Con_64,0.5,1.0,Error,-0.5,85.66101614659787
Free,1,Sims Con_64,0.5,1.0,Correct,0.5,96.19548729127733
Non-Free,0,Sims Con_64,-0.5,-1.0,Error,-0.5,59.196422106682064
Non-Free,0,Sims Con_64,-0.5,-1.0,Correct,0.5,69.83390474472252
Non-Free,0,Sims Con_64,0.0,-1.0,Error,-0.5,47.19637396495282
Non-Free,0,Sims Con_64,0.0,-1.0,Correct,0.5,81.65705325103622
Non-Free,0,Sims Con_64,0.5,-1.0,Error,-0.5,35.19632582322357
Non-Free,0,Sims Con_64,0.5,-1.0,Correct,0.5,93.48020175734992
Non-Free,0,Sims Con_64,-0.5,0.0,Error,-0.5,53.56859041016753
Non-Free,0,Sims Con_64,-0.5,0.0,Correct,0.5,65.26726373856552
Non-Free,0,Sims Con_64,0.0,0.0,Error,-0.5,43.20040246485653
Non-Free,0,Sims Con_64,0.0,0.0,Correct,0.5,79.0520305693881
Non-Free,0,Sims Con_64,0.5,0.0,Error,-0.5,32.83221451954553
Non-Free,0,Sims Con_64,0.5,0.0,Correct,0.5,92.83679740021067
Non-Free,0,Sims Con_64,-0.5,1.0,Error,-0.5,47.940758713653
Non-Free,0,Sims Con_64,-0.5,1.0,Correct,0.5,60.70062273240852
Non-Free,0,Sims Con_64,0.0,1.0,Error,-0.5,39.20443096476024
Non-Free,0,Sims Con_64,0.0,1.0,Correct,0.5,76.44700788773997
Non-Free,0,Sims Con_64,0.5,1.0,Error,-0.5,30.468103215867494
Non-Free,0,Sims Con_64,0.5,1.0,Correct,0.5,92.19339304307142
Free,1,Sims Con_65,-0.5,-1.0,Error,-0.5,38.66775389938533
Free,1,Sims Con_65,-0.5,-1.0,Correct,0.5,37.9894495195384
Free,1,Sims Con_65,0.0,-1.0,Error,-0.5,35.01556267708952
Free,1,Sims Con_65,0.0,-1.0,Correct,0.5,41.50514916351805
Free,1,Sims Con_65,0.5,-1.0,Error,-0.5,31.3633714547937
Free,1,Sims Con_65,0.5,-1.0,Correct,0.5,45.020848807497714
Free,1,Sims Con_65,-0.5,0.0,Error,-0.5,64.10895617178494
Free,1,Sims Con_65,-0.5,0.0,Correct,0.5,63.03926909165029
Free,1,Sims Con_65,0.0,0.0,Error,-0.5,62.70626719069931
Free,1,Sims Con_65,0.0,0.0,Correct,0.5,67.93977576880951
Free,1,Sims Con_65,0.5,0.0,Error,-0.5,61.303578209613676
Free,1,Sims Con_65,0.5,0.0,Correct,0.5,72.84028244596874
Free,1,Sims Con_65,-0.5,1.0,Error,-0.5,89.55015844418455
Free,1,Sims Con_65,-0.5,1.0,Correct,0.5,88.08908866376218
Free,1,Sims Con_65,0.0,1.0,Error,-0.5,90.3969717043091
Free,1,Sims Con_65,0.0,1.0,Correct,0.5,94.37440237410098
Free,1,Sims Con_65,0.5,1.0,Error,-0.5,91.24378496443364
Free,1,Sims Con_65,0.5,1.0,Correct,0.5,100.65971608443978
Non-Free,0,Sims Con_65,-0.5,-1.0,Error,-0.5,37.827359947066554
Non-Free,0,Sims Con_65,-0.5,-1.0,Correct,0.5,38.43687654017873
Non-Free,0,Sims Con_65,0.0,-1.0,Error,-0.5,36.314687178356074
Non-Free,0,Sims Con_65,0.0,-1.0,Correct,0.5,41.607431732002055
Non-Free,0,Sims Con_65,0.5,-1.0,Error,-0.5,34.802014409645594
Non-Free,0,Sims Con_65,0.5,-1.0,Correct,0.5,44.77798692382539
Non-Free,0,Sims Con_65,-0.5,0.0,Error,-0.5,49.30383399500069
Non-Free,0,Sims Con_65,-0.5,0.0,Correct,0.5,51.977661535010775
Non-Free,0,Sims Con_65,0.0,0.0,Error,-0.5,42.014634796353434
Non-Free,0,Sims Con_65,0.0,0.0,Correct,0.5,60.17879240133009
Non-Free,0,Sims Con_65,0.5,0.0,Error,-0.5,34.72543559770618
Non-Free,0,Sims Con_65,0.5,0.0,Correct,0.5,68.37992326764942
Non-Free,0,Sims Con_65,-0.5,1.0,Error,-0.5,60.78030804293482
Non-Free,0,Sims Con_65,-0.5,1.0,Correct,0.5,65.51844652984282
Non-Free,0,Sims Con_65,0.0,1.0,Error,-0.5,47.714582414350794
Non-Free,0,Sims Con_65,0.0,1.0,Correct,0.5,78.75015307065813
Non-Free,0,Sims Con_65,0.5,1.0,Error,-0.5,34.64885678576677
Non-Free,0,Sims Con_65,0.5,1.0,Correct,0.5,91.98185961147344
Free,1,Sims Con_66,-0.5,-1.0,Error,-0.5,29.2533252476248
Free,1,Sims Con_66,-0.5,-1.0,Correct,0.5,31.408294536230596
Free,1,Sims Con_66,0.0,-1.0,Error,-0.5,22.800606428138256
Free,1,Sims Con_66,0.0,-1.0,Correct,0.5,34.27005945727252
Free,1,Sims Con_66,0.5,-1.0,Error,-0.5,16.34788760865171
Free,1,Sims Con_66,0.5,-1.0,Correct,0.5,37.131824378314434
Free,1,Sims Con_66,-0.5,0.0,Error,-0.5,36.985203153426305
Free,1,Sims Con_66,-0.5,0.0,Correct,0.5,38.68609692050871
Free,1,Sims Con_66,0.0,0.0,Error,-0.5,30.811522134627026
Free,1,Sims Con_66,0.0,0.0,Correct,0.5,45.47994431055005
Free,1,Sims Con_66,0.5,0.0,Error,-0.5,24.637841115827747
Free,1,Sims Con_66,0.5,0.0,Correct,0.5,52.273791700591396
Free,1,Sims Con_66,-0.5,1.0,Error,-0.5,44.71708105922781
Free,1,Sims Con_66,-0.5,1.0,Correct,0.5,45.96389930478683
Free,1,Sims Con_66,0.0,1.0,Error,-0.5,38.8224378411158
Free,1,Sims Con_66,0.0,1.0,Correct,0.5,56.68982916382759
Free,1,Sims Con_66,0.5,1.0,Error,-0.5,32.927794623003784
Free,1,Sims Con_66,0.5,1.0,Correct,0.5,67.41575902286836
Non-Free,0,Sims Con_66,-0.5,-1.0,Error,-0.5,33.21034550068321
Non-Free,0,Sims Con_66,-0.5,-1.0,Correct,0.5,33.8452494124829
Non-Free,0,Sims Con_66,0.0,-1.0,Error,-0.5,26.10804216279524
Non-Free,0,Sims Con_66,0.0,-1.0,Correct,0.5,35.40062656172863
Non-Free,0,Sims Con_66,0.5,-1.0,Error,-0.5,19.005738824907272
Non-Free,0,Sims Con_66,0.5,-1.0,Correct,0.5,36.95600371097436
Non-Free,0,Sims Con_66,-0.5,0.0,Error,-0.5,35.979543236384934
Non-Free,0,Sims Con_66,-0.5,0.0,Correct,0.5,37.43980532623645
Non-Free,0,Sims Con_66,0.0,0.0,Error,-0.5,28.975844231895366
Non-Free,0,Sims Con_66,0.0,0.0,Correct,0.5,44.88767828124065
Non-Free,0,Sims Con_66,0.5,0.0,Error,-0.5,21.972145227405797
Non-Free,0,Sims Con_66,0.5,0.0,Correct,0.5,52.335551236244854
Non-Free,0,Sims Con_66,-0.5,1.0,Error,-0.5,38.74874097208666
Non-Free,0,Sims Con_66,-0.5,1.0,Correct,0.5,41.034361239990005
Non-Free,0,Sims Con_66,0.0,1.0,Error,-0.5,31.84364630099549
Non-Free,0,Sims Con_66,0.0,1.0,Correct,0.5,54.37473000075268
Non-Free,0,Sims Con_66,0.5,1.0,Error,-0.5,24.938551629904325
Non-Free,0,Sims Con_66,0.5,1.0,Correct,0.5,67.71509876151535
Free,1,Sims Con_67,-0.5,-1.0,Error,-0.5,72.69483619434598
Free,1,Sims Con_67,-0.5,-1.0,Correct,0.5,73.51332395477347
Free,1,Sims Con_67,0.0,-1.0,Error,-0.5,71.36889111427327
Free,1,Sims Con_67,0.0,-1.0,Correct,0.5,77.0168388202563
Free,1,Sims Con_67,0.5,-1.0,Error,-0.5,70.04294603420055
Free,1,Sims Con_67,0.5,-1.0,Correct,0.5,80.52035368573912
Free,1,Sims Con_67,-0.5,0.0,Error,-0.5,72.50280110547224
Free,1,Sims Con_67,-0.5,0.0,Correct,0.5,72.89647396402404
Free,1,Sims Con_67,0.0,0.0,Error,-0.5,71.25894844419585
Free,1,Sims Con_67,0.0,0.0,Correct,0.5,76.65535956770192
Free,1,Sims Con_67,0.5,0.0,Error,-0.5,70.01509578291946
Free,1,Sims Con_67,0.5,0.0,Correct,0.5,80.4142451713798
Free,1,Sims Con_67,-0.5,1.0,Error,-0.5,72.3107660165985
Free,1,Sims Con_67,-0.5,1.0,Correct,0.5,72.27962397327461
Free,1,Sims Con_67,0.0,1.0,Error,-0.5,71.14900577411844
Free,1,Sims Con_67,0.0,1.0,Correct,0.5,76.29388031514755
Free,1,Sims Con_67,0.5,1.0,Error,-0.5,69.98724553163837
Free,1,Sims Con_67,0.5,1.0,Correct,0.5,80.30813665702048
Non-Free,0,Sims Con_67,-0.5,-1.0,Error,-0.5,49.13086095748049
Non-Free,0,Sims Con_67,-0.5,-1.0,Correct,0.5,51.24835386712507
Non-Free,0,Sims Con_67,0.0,-1.0,Error,-0.5,46.747498855109704
Non-Free,0,Sims Con_67,0.0,-1.0,Correct,0.5,60.57407283247442
Non-Free,0,Sims Con_67,0.5,-1.0,Error,-0.5,44.364136752738915
Non-Free,0,Sims Con_67,0.5,-1.0,Correct,0.5,69.89979179782378
Non-Free,0,Sims Con_67,-0.5,0.0,Error,-0.5,49.16665198858629
Non-Free,0,Sims Con_67,-0.5,0.0,Correct,0.5,50.83870100653486
Non-Free,0,Sims Con_67,0.0,0.0,Error,-0.5,45.300401592278135
Non-Free,0,Sims Con_67,0.0,0.0,Correct,0.5,60.282613343785684
Non-Free,0,Sims Con_67,0.5,0.0,Error,-0.5,41.43415119596998
Non-Free,0,Sims Con_67,0.5,0.0,Correct,0.5,69.7265256810365
Non-Free,0,Sims Con_67,-0.5,1.0,Error,-0.5,49.20244301969208
Non-Free,0,Sims Con_67,-0.5,1.0,Correct,0.5,50.429048145944655
Non-Free,0,Sims Con_67,0.0,1.0,Error,-0.5,43.853304329446566
Non-Free,0,Sims Con_67,0.0,1.0,Correct,0.5,59.99115385509695
Non-Free,0,Sims Con_67,0.5,1.0,Error,-0.5,38.50416563920105
Non-Free,0,Sims Con_67,0.5,1.0,Correct,0.5,69.55325956424923
Free,1,Sims Con_68,-0.5,-1.0,Error,-0.5,61.394940853291644
Free,1,Sims Con_68,-0.5,-1.0,Correct,0.5,61.72323537669163
Free,1,Sims Con_68,0.0,-1.0,Error,-0.5,58.846429611646926
Free,1,Sims Con_68,0.0,-1.0,Correct,0.5,64.61338830831042
Free,1,Sims Con_68,0.5,-1.0,Error,-0.5,56.29791837000221
Free,1,Sims Con_68,0.5,-1.0,Correct,0.5,67.50354123992919
Free,1,Sims Con_68,-0.5,0.0,Error,-0.5,63.258763892194985
Free,1,Sims Con_68,-0.5,0.0,Correct,0.5,63.59121052703966
Free,1,Sims Con_68,0.0,0.0,Error,-0.5,61.17534095663762
Free,1,Sims Con_68,0.0,0.0,Correct,0.5,66.9180875925277
Free,1,Sims Con_68,0.5,0.0,Error,-0.5,59.091918021080254
Free,1,Sims Con_68,0.5,0.0,Correct,0.5,70.24496465801573
Free,1,Sims Con_68,-0.5,1.0,Error,-0.5,65.12258693109833
Free,1,Sims Con_68,-0.5,1.0,Correct,0.5,65.45918567738768
Free,1,Sims Con_68,0.0,1.0,Error,-0.5,63.50425230162831
Free,1,Sims Con_68,0.0,1.0,Correct,0.5,69.22278687674498
Free,1,Sims Con_68,0.5,1.0,Error,-0.5,61.8859176721583
Free,1,Sims Con_68,0.5,1.0,Correct,0.5,72.98638807610227
Non-Free,0,Sims Con_68,-0.5,-1.0,Error,-0.5,44.47686790306891
Non-Free,0,Sims Con_68,-0.5,-1.0,Correct,0.5,45.47612536483047
Non-Free,0,Sims Con_68,0.0,-1.0,Error,-0.5,40.01783060921243
Non-Free,0,Sims Con_68,0.0,-1.0,Correct,0.5,51.88153775788518
Non-Free,0,Sims Con_68,0.5,-1.0,Error,-0.5,35.55879331535596
Non-Free,0,Sims Con_68,0.5,-1.0,Correct,0.5,58.28695015093989
Non-Free,0,Sims Con_68,-0.5,0.0,Error,-0.5,44.9235228294168
Non-Free,0,Sims Con_68,-0.5,0.0,Correct,0.5,46.24286119675072
Non-Free,0,Sims Con_68,0.0,0.0,Error,-0.5,41.56567240841633
Non-Free,0,Sims Con_68,0.0,0.0,Correct,0.5,53.14217386306965
Non-Free,0,Sims Con_68,0.5,0.0,Error,-0.5,38.20782198741587
Non-Free,0,Sims Con_68,0.5,0.0,Correct,0.5,60.041486529388585
Non-Free,0,Sims Con_68,-0.5,1.0,Error,-0.5,45.370177755764686
Non-Free,0,Sims Con_68,-0.5,1.0,Correct,0.5,47.00959702867096
Non-Free,0,Sims Con_68,0.0,1.0,Error,-0.5,43.113514207620234
Non-Free,0,Sims Con_68,0.0,1.0,Correct,0.5,54.402809968254125
Non-Free,0,Sims Con_68,0.5,1.0,Error,-0.5,40.856850659475775
Non-Free,0,Sims Con_68,0.5,1.0,Correct,0.5,61.79602290783729
Free,1,Sims Con_69,-0.5,-1.0,Error,-0.5,76.53782935993817
Free,1,Sims Con_69,-0.5,-1.0,Correct,0.5,76.5509575614334
Free,1,Sims Con_69,0.0,-1.0,Error,-0.5,73.42610622787356
Free,1,Sims Con_69,0.0,-1.0,Correct,0.5,83.11730214452054
Free,1,Sims Con_69,0.5,-1.0,Error,-0.5,70.31438309580894
Free,1,Sims Con_69,0.5,-1.0,Correct,0.5,89.68364672760765
Free,1,Sims Con_69,-0.5,0.0,Error,-0.5,78.72039090036907
Free,1,Sims Con_69,-0.5,0.0,Correct,0.5,78.782503215043
Free,1,Sims Con_69,0.0,0.0,Error,-0.5,76.15819944297478
Free,1,Sims Con_69,0.0,0.0,Correct,0.5,84.91537311876547
Free,1,Sims Con_69,0.5,0.0,Error,-0.5,73.59600798558048
Free,1,Sims Con_69,0.5,0.0,Correct,0.5,91.04824302248795
Free,1,Sims Con_69,-0.5,1.0,Error,-0.5,80.90295244079996
Free,1,Sims Con_69,-0.5,1.0,Correct,0.5,81.01404886865258
Free,1,Sims Con_69,0.0,1.0,Error,-0.5,78.89029265807599
Free,1,Sims Con_69,0.0,1.0,Correct,0.5,86.71344409301041
Free,1,Sims Con_69,0.5,1.0,Error,-0.5,76.87763287535202
Free,1,Sims Con_69,0.5,1.0,Correct,0.5,92.41283931736822
Non-Free,0,Sims Con_69,-0.5,-1.0,Error,-0.5,55.71602279742166
Non-Free,0,Sims Con_69,-0.5,-1.0,Correct,0.5,60.15838143681958
Non-Free,0,Sims Con_69,0.0,-1.0,Error,-0.5,50.3921213948347
Non-Free,0,Sims Con_69,0.0,-1.0,Correct,0.5,71.80139302139145
Non-Free,0,Sims Con_69,0.5,-1.0,Error,-0.5,45.06821999224775
Non-Free,0,Sims Con_69,0.5,-1.0,Correct,0.5,83.44440460596331
Non-Free,0,Sims Con_69,-0.5,0.0,Error,-0.5,56.860997458977565
Non-Free,0,Sims Con_69,-0.5,0.0,Correct,0.5,61.40909117424802
Non-Free,0,Sims Con_69,0.0,0.0,Error,-0.5,49.041015260490695
Non-Free,0,Sims Con_69,0.0,0.0,Correct,0.5,73.01790444761453
Non-Free,0,Sims Con_69,0.5,0.0,Error,-0.5,41.221033062003826
Non-Free,0,Sims Con_69,0.5,0.0,Correct,0.5,84.62671772098103
Non-Free,0,Sims Con_69,-0.5,1.0,Error,-0.5,58.00597212053347
Non-Free,0,Sims Con_69,-0.5,1.0,Correct,0.5,62.659800911676456
Non-Free,0,Sims Con_69,0.0,1.0,Error,-0.5,47.68990912614669
Non-Free,0,Sims Con_69,0.0,1.0,Correct,0.5,74.2344158738376
Non-Free,0,Sims Con_69,0.5,1.0,Error,-0.5,37.373846131759905
Non-Free,0,Sims Con_69,0.5,1.0,Correct,0.5,85.80903083599875
Free,1,Sims Con_7,-0.5,-1.0,Error,-0.5,69.15723636241026
Free,1,Sims Con_7,-0.5,-1.0,Correct,0.5,72.48177374623994
Free,1,Sims Con_7,0.0,-1.0,Error,-0.5,68.86357774153167
Free,1,Sims Con_7,0.0,-1.0,Correct,0.5,79.9199266346549
Free,1,Sims Con_7,0.5,-1.0,Error,-0.5,68.56991912065308
Free,1,Sims Con_7,0.5,-1.0,Correct,0.5,87.35807952306988
Free,1,Sims Con_7,-0.5,0.0,Error,-0.5,85.75459292695574
Free,1,Sims Con_7,-0.5,0.0,Correct,0.5,88.13360575856038
Free,1,Sims Con_7,0.0,0.0,Error,-0.5,83.69342555011866
Free,1,Sims Con_7,0.0,0.0,Correct,0.5,91.14624624487666
Free,1,Sims Con_7,0.5,0.0,Error,-0.5,81.63225817328158
Free,1,Sims Con_7,0.5,0.0,Correct,0.5,94.15888673119295
Free,1,Sims Con_7,-0.5,1.0,Error,-0.5,102.35194949150122
Free,1,Sims Con_7,-0.5,1.0,Correct,0.5,103.78543777088082
Free,1,Sims Con_7,0.0,1.0,Error,-0.5,98.52327335870565
Free,1,Sims Con_7,0.0,1.0,Correct,0.5,102.37256585509843
Free,1,Sims Con_7,0.5,1.0,Error,-0.5,94.69459722591009
Free,1,Sims Con_7,0.5,1.0,Correct,0.5,100.95969393931603
Non-Free,0,Sims Con_7,-0.5,-1.0,Error,-0.5,45.92807227858838
Non-Free,0,Sims Con_7,-0.5,-1.0,Correct,0.5,53.313557761776174
Non-Free,0,Sims Con_7,0.0,-1.0,Error,-0.5,35.25136691909595
Non-Free,0,Sims Con_7,0.0,-1.0,Correct,0.5,68.09299769870901
Non-Free,0,Sims Con_7,0.5,-1.0,Error,-0.5,24.574661559603523
Non-Free,0,Sims Con_7,0.5,-1.0,Correct,0.5,82.87243763564186
Non-Free,0,Sims Con_7,-0.5,0.0,Error,-0.5,52.34152510160526
Non-Free,0,Sims Con_7,-0.5,0.0,Correct,0.5,62.19245064642857
Non-Free,0,Sims Con_7,0.0,0.0,Error,-0.5,39.76480219876615
Non-Free,0,Sims Con_7,0.0,0.0,Correct,0.5,75.54635876016947
Non-Free,0,Sims Con_7,0.5,0.0,Error,-0.5,27.18807929592704
Non-Free,0,Sims Con_7,0.5,0.0,Correct,0.5,88.90026687391037
Non-Free,0,Sims Con_7,-0.5,1.0,Error,-0.5,58.75497792462213
Non-Free,0,Sims Con_7,-0.5,1.0,Correct,0.5,71.07134353108097
Non-Free,0,Sims Con_7,0.0,1.0,Error,-0.5,44.278237478436345
Non-Free,0,Sims Con_7,0.0,1.0,Correct,0.5,82.99971982162992
Non-Free,0,Sims Con_7,0.5,1.0,Error,-0.5,29.80149703225056
Non-Free,0,Sims Con_7,0.5,1.0,Correct,0.5,94.92809611217888
Free,1,Sims Con_70,-0.5,-1.0,Error,-0.5,51.94617513294995
Free,1,Sims Con_70,-0.5,-1.0,Correct,0.5,52.3034083447147
Free,1,Sims Con_70,0.0,-1.0,Error,-0.5,49.261125682797136
Free,1,Sims Con_70,0.0,-1.0,Correct,0.5,63.2093359551917
Free,1,Sims Con_70,0.5,-1.0,Error,-0.5,46.57607623264432
Free,1,Sims Con_70,0.5,-1.0,Correct,0.5,74.1152635656687
Free,1,Sims Con_70,-0.5,0.0,Error,-0.5,52.7264576364993
Free,1,Sims Con_70,-0.5,0.0,Correct,0.5,52.85310198219207
Free,1,Sims Con_70,0.0,0.0,Error,-0.5,50.70964699088002
Free,1,Sims Con_70,0.0,0.0,Correct,0.5,63.37436325111873
Free,1,Sims Con_70,0.5,0.0,Error,-0.5,48.69283634526074
Free,1,Sims Con_70,0.5,0.0,Correct,0.5,73.89562452004539
Free,1,Sims Con_70,-0.5,1.0,Error,-0.5,53.50674014004864
Free,1,Sims Con_70,-0.5,1.0,Correct,0.5,53.40279561966945
Free,1,Sims Con_70,0.0,1.0,Error,-0.5,52.1581682989629
Free,1,Sims Con_70,0.0,1.0,Correct,0.5,63.53939054704576
Free,1,Sims Con_70,0.5,1.0,Error,-0.5,50.809596457877156
Free,1,Sims Con_70,0.5,1.0,Correct,0.5,73.67598547442208
Non-Free,0,Sims Con_70,-0.5,-1.0,Error,-0.5,46.421034211217105
Non-Free,0,Sims Con_70,-0.5,-1.0,Correct,0.5,49.10911575031378
Non-Free,0,Sims Con_70,0.0,-1.0,Error,-0.5,37.58757211498189
Non-Free,0,Sims Con_70,0.0,-1.0,Correct,0.5,61.39107217968551
Non-Free,0,Sims Con_70,0.5,-1.0,Error,-0.5,28.754110018746676
Non-Free,0,Sims Con_70,0.5,-1.0,Correct,0.5,73.67302860905725
Non-Free,0,Sims Con_70,-0.5,0.0,Error,-0.5,46.12124159705716
Non-Free,0,Sims Con_70,-0.5,0.0,Correct,0.5,48.705993111626576
Non-Free,0,Sims Con_70,0.0,0.0,Error,-0.5,38.861623008286145
Non-Free,0,Sims Con_70,0.0,0.0,Correct,0.5,61.61691256489745
Non-Free,0,Sims Con_70,0.5,0.0,Error,-0.5,31.602004419515133
Non-Free,0,Sims Con_70,0.5,0.0,Correct,0.5,74.52783201816833
Non-Free,0,Sims Con_70,-0.5,1.0,Error,-0.5,45.82144898289721
Non-Free,0,Sims Con_70,-0.5,1.0,Correct,0.5,48.302870472939375
Non-Free,0,Sims Con_70,0.0,1.0,Error,-0.5,40.1356739015904
Non-Free,0,Sims Con_70,0.0,1.0,Correct,0.5,61.842752950109386
Non-Free,0,Sims Con_70,0.5,1.0,Error,-0.5,34.44989882028359
Non-Free,0,Sims Con_70,0.5,1.0,Correct,0.5,75.3826354272794
Free,1,Sims Con_71,-0.5,-1.0,Error,-0.5,71.56773918418986
Free,1,Sims Con_71,-0.5,-1.0,Correct,0.5,75.96196127764237
Free,1,Sims Con_71,0.0,-1.0,Error,-0.5,68.77794085458656
Free,1,Sims Con_71,0.0,-1.0,Correct,0.5,84.49960395290586
Free,1,Sims Con_71,0.5,-1.0,Error,-0.5,65.98814252498326
Free,1,Sims Con_71,0.5,-1.0,Correct,0.5,93.03724662816933
Free,1,Sims Con_71,-0.5,0.0,Error,-0.5,75.04556743094072
Free,1,Sims Con_71,-0.5,0.0,Correct,0.5,79.62892383424527
Free,1,Sims Con_71,0.0,0.0,Error,-0.5,73.09428177297104
Free,1,Sims Con_71,0.0,0.0,Correct,0.5,86.85827363914292
Free,1,Sims Con_71,0.5,0.0,Error,-0.5,71.14299611500137
Free,1,Sims Con_71,0.5,0.0,Correct,0.5,94.08762344404057
Free,1,Sims Con_71,-0.5,1.0,Error,-0.5,78.52339567769158
Free,1,Sims Con_71,-0.5,1.0,Correct,0.5,83.29588639084817
Free,1,Sims Con_71,0.0,1.0,Error,-0.5,77.41062269135553
Free,1,Sims Con_71,0.0,1.0,Correct,0.5,89.21694332537999
Free,1,Sims Con_71,0.5,1.0,Error,-0.5,76.29784970501947
Free,1,Sims Con_71,0.5,1.0,Correct,0.5,95.1380002599118
Non-Free,0,Sims Con_71,-0.5,-1.0,Error,-0.5,53.059585147575014
Non-Free,0,Sims Con_71,-0.5,-1.0,Correct,0.5,55.3780737171306
Non-Free,0,Sims Con_71,0.0,-1.0,Error,-0.5,42.68793543050167
Non-Free,0,Sims Con_71,0.0,-1.0,Correct,0.5,69.79907034697794
Non-Free,0,Sims Con_71,0.5,-1.0,Error,-0.5,32.31628571342833
Non-Free,0,Sims Con_71,0.5,-1.0,Correct,0.5,84.22006697682527
Non-Free,0,Sims Con_71,-0.5,0.0,Error,-0.5,50.068210985177004
Non-Free,0,Sims Con_71,-0.5,0.0,Correct,0.5,54.20414874856001
Non-Free,0,Sims Con_71,0.0,0.0,Error,-0.5,42.84904509121973
Non-Free,0,Sims Con_71,0.0,0.0,Correct,0.5,70.21266065419138
Non-Free,0,Sims Con_71,0.5,0.0,Error,-0.5,35.629879197262454
Non-Free,0,Sims Con_71,0.5,0.0,Correct,0.5,86.22117255982275
Non-Free,0,Sims Con_71,-0.5,1.0,Error,-0.5,47.07683682277899
Non-Free,0,Sims Con_71,-0.5,1.0,Correct,0.5,53.03022377998942
Non-Free,0,Sims Con_71,0.0,1.0,Error,-0.5,43.01015475193779
Non-Free,0,Sims Con_71,0.0,1.0,Correct,0.5,70.62625096140482
Non-Free,0,Sims Con_71,0.5,1.0,Error,-0.5,38.94347268109658
Non-Free,0,Sims Con_71,0.5,1.0,Correct,0.5,88.22227814282023
Free,1,Sims Con_72,-0.5,-1.0,Error,-0.5,43.399544258914894
Free,1,Sims Con_72,-0.5,-1.0,Correct,0.5,44.368832230903166
Free,1,Sims Con_72,0.0,-1.0,Error,-0.5,43.72249655544529
Free,1,Sims Con_72,0.0,-1.0,Correct,0.5,47.43172639986775
Free,1,Sims Con_72,0.5,-1.0,Error,-0.5,44.04544885197568
Free,1,Sims Con_72,0.5,-1.0,Correct,0.5,50.49462056883233
Free,1,Sims Con_72,-0.5,0.0,Error,-0.5,48.76939308391224
Free,1,Sims Con_72,-0.5,0.0,Correct,0.5,49.176223986380386
Free,1,Sims Con_72,0.0,0.0,Error,-0.5,48.265601664948406
Free,1,Sims Con_72,0.0,0.0,Correct,0.5,54.34917326503809
Free,1,Sims Con_72,0.5,0.0,Error,-0.5,47.76181024598457
Free,1,Sims Con_72,0.5,0.0,Correct,0.5,59.522122543695794
Free,1,Sims Con_72,-0.5,1.0,Error,-0.5,54.13924190890959
Free,1,Sims Con_72,-0.5,1.0,Correct,0.5,53.983615741857605
Free,1,Sims Con_72,0.0,1.0,Error,-0.5,52.80870677445152
Free,1,Sims Con_72,0.0,1.0,Correct,0.5,61.26662013020843
Free,1,Sims Con_72,0.5,1.0,Error,-0.5,51.478171639993455
Free,1,Sims Con_72,0.5,1.0,Correct,0.5,68.54962451855926
Non-Free,0,Sims Con_72,-0.5,-1.0,Error,-0.5,44.07617135701844
Non-Free,0,Sims Con_72,-0.5,-1.0,Correct,0.5,44.5365331703034
Non-Free,0,Sims Con_72,0.0,-1.0,Error,-0.5,40.69496208217379
Non-Free,0,Sims Con_72,0.0,-1.0,Correct,0.5,48.14797353385042
Non-Free,0,Sims Con_72,0.5,-1.0,Error,-0.5,37.31375280732913
Non-Free,0,Sims Con_72,0.5,-1.0,Correct,0.5,51.759413897397444
Non-Free,0,Sims Con_72,-0.5,0.0,Error,-0.5,45.91641628704084
Non-Free,0,Sims Con_72,-0.5,0.0,Correct,0.5,46.861389195328734
Non-Free,0,Sims Con_72,0.0,0.0,Error,-0.5,41.57506521060427
Non-Free,0,Sims Con_72,0.0,0.0,Correct,0.5,53.265509033061804
Non-Free,0,Sims Con_72,0.5,0.0,Error,-0.5,37.233714134167705
Non-Free,0,Sims Con_72,0.5,0.0,Correct,0.5,59.669628870794874
Non-Free,0,Sims Con_72,-0.5,1.0,Error,-0.5,47.75666121706324
Non-Free,0,Sims Con_72,-0.5,1.0,Correct,0.5,49.18624522035407
Non-Free,0,Sims Con_72,0.0,1.0,Error,-0.5,42.455168339034756
Non-Free,0,Sims Con_72,0.0,1.0,Correct,0.5,58.38304453227319
Non-Free,0,Sims Con_72,0.5,1.0,Error,-0.5,37.15367546100628
Non-Free,0,Sims Con_72,0.5,1.0,Correct,0.5,67.5798438441923
Free,1,Sims Con_73,-0.5,-1.0,Error,-0.5,44.742812406303045
Free,1,Sims Con_73,-0.5,-1.0,Correct,0.5,44.48934498380853
Free,1,Sims Con_73,0.0,-1.0,Error,-0.5,41.87850218209679
Free,1,Sims Con_73,0.0,-1.0,Correct,0.5,49.065032605518994
Free,1,Sims Con_73,0.5,-1.0,Error,-0.5,39.01419195789053
Free,1,Sims Con_73,0.5,-1.0,Correct,0.5,53.640720227229465
Free,1,Sims Con_73,-0.5,0.0,Error,-0.5,46.08645101109369
Free,1,Sims Con_73,-0.5,0.0,Correct,0.5,45.682325862147195
Free,1,Sims Con_73,0.0,0.0,Error,-0.5,43.10564013725553
Free,1,Sims Con_73,0.0,0.0,Correct,0.5,50.5434414523628
Free,1,Sims Con_73,0.5,0.0,Error,-0.5,40.12482926341736
Free,1,Sims Con_73,0.5,0.0,Correct,0.5,55.4045570425784
Free,1,Sims Con_73,-0.5,1.0,Error,-0.5,47.43008961588434
Free,1,Sims Con_73,-0.5,1.0,Correct,0.5,46.87530674048586
Free,1,Sims Con_73,0.0,1.0,Error,-0.5,44.332778092414266
Free,1,Sims Con_73,0.0,1.0,Correct,0.5,52.021850299206605
Free,1,Sims Con_73,0.5,1.0,Error,-0.5,41.23546656894419
Free,1,Sims Con_73,0.5,1.0,Correct,0.5,57.16839385792734
Non-Free,0,Sims Con_73,-0.5,-1.0,Error,-0.5,44.374542406621636
Non-Free,0,Sims Con_73,-0.5,-1.0,Correct,0.5,44.59913941177223
Non-Free,0,Sims Con_73,0.0,-1.0,Error,-0.5,39.937574519356716
Non-Free,0,Sims Con_73,0.0,-1.0,Correct,0.5,49.34432486207833
Non-Free,0,Sims Con_73,0.5,-1.0,Error,-0.5,35.500606632091795
Non-Free,0,Sims Con_73,0.5,-1.0,Correct,0.5,54.08951031238444
Non-Free,0,Sims Con_73,-0.5,0.0,Error,-0.5,44.4775577557756
Non-Free,0,Sims Con_73,-0.5,0.0,Correct,0.5,45.39048444648844
Non-Free,0,Sims Con_73,0.0,0.0,Error,-0.5,41.42235109225211
Non-Free,0,Sims Con_73,0.0,0.0,Correct,0.5,50.746781642200354
Non-Free,0,Sims Con_73,0.5,0.0,Error,-0.5,38.367144428728615
Non-Free,0,Sims Con_73,0.5,0.0,Correct,0.5,56.103078837912264
Non-Free,0,Sims Con_73,-0.5,1.0,Error,-0.5,44.58057310492956
Non-Free,0,Sims Con_73,-0.5,1.0,Correct,0.5,46.18182948120466
Non-Free,0,Sims Con_73,0.0,1.0,Error,-0.5,42.9071276651475
Non-Free,0,Sims Con_73,0.0,1.0,Correct,0.5,52.14923842232238
Non-Free,0,Sims Con_73,0.5,1.0,Error,-0.5,41.233682225365435
Non-Free,0,Sims Con_73,0.5,1.0,Correct,0.5,58.116647363440094
Free,1,Sims Con_74,-0.5,-1.0,Error,-0.5,56.8862937761738
Free,1,Sims Con_74,-0.5,-1.0,Correct,0.5,57.22002354066502
Free,1,Sims Con_74,0.0,-1.0,Error,-0.5,54.49467608415571
Free,1,Sims Con_74,0.0,-1.0,Correct,0.5,59.099454962173354
Free,1,Sims Con_74,0.5,-1.0,Error,-0.5,52.103058392137605
Free,1,Sims Con_74,0.5,-1.0,Correct,0.5,60.978886383681676
Free,1,Sims Con_74,-0.5,0.0,Error,-0.5,61.610809604486114
Free,1,Sims Con_74,-0.5,0.0,Correct,0.5,61.77260462862885
Free,1,Sims Con_74,0.0,0.0,Error,-0.5,59.428703452299764
Free,1,Sims Con_74,0.0,0.0,Correct,0.5,64.06137715996464
Free,1,Sims Con_74,0.5,0.0,Error,-0.5,57.246597300113415
Free,1,Sims Con_74,0.5,0.0,Correct,0.5,66.35014969130042
Free,1,Sims Con_74,-0.5,1.0,Error,-0.5,66.33532543279843
Free,1,Sims Con_74,-0.5,1.0,Correct,0.5,66.32518571659267
Free,1,Sims Con_74,0.0,1.0,Error,-0.5,64.36273082044383
Free,1,Sims Con_74,0.0,1.0,Correct,0.5,69.02329935775592
Free,1,Sims Con_74,0.5,1.0,Error,-0.5,62.39013620808923
Free,1,Sims Con_74,0.5,1.0,Correct,0.5,71.72141299891915
Non-Free,0,Sims Con_74,-0.5,-1.0,Error,-0.5,42.01331677018633
Non-Free,0,Sims Con_74,-0.5,-1.0,Correct,0.5,42.925119721927665
Non-Free,0,Sims Con_74,0.0,-1.0,Error,-0.5,39.84407453416148
Non-Free,0,Sims Con_74,0.0,-1.0,Correct,0.5,47.603567757702514
Non-Free,0,Sims Con_74,0.5,-1.0,Error,-0.5,37.67483229813663
Non-Free,0,Sims Con_74,0.5,-1.0,Correct,0.5,52.282015793477356
Non-Free,0,Sims Con_74,-0.5,0.0,Error,-0.5,44.5632298136646
Non-Free,0,Sims Con_74,-0.5,0.0,Correct,0.5,45.262808797257016
Non-Free,0,Sims Con_74,0.0,0.0,Error,-0.5,40.95649689440994
Non-Free,0,Sims Con_74,0.0,0.0,Correct,0.5,50.40346282934351
Non-Free,0,Sims Con_74,0.5,0.0,Error,-0.5,37.34976397515528
Non-Free,0,Sims Con_74,0.5,0.0,Correct,0.5,55.544116861430005
Non-Free,0,Sims Con_74,-0.5,1.0,Error,-0.5,47.11314285714287
Non-Free,0,Sims Con_74,-0.5,1.0,Correct,0.5,47.60049787258637
Non-Free,0,Sims Con_74,0.0,1.0,Error,-0.5,42.0689192546584
Non-Free,0,Sims Con_74,0.0,1.0,Correct,0.5,53.20335790098451
Non-Free,0,Sims Con_74,0.5,1.0,Error,-0.5,37.024695652173925
Non-Free,0,Sims Con_74,0.5,1.0,Correct,0.5,58.806217929382655
Free,1,Sims Con_75,-0.5,-1.0,Error,-0.5,77.20846521486874
Free,1,Sims Con_75,-0.5,-1.0,Correct,0.5,78.03411371221343
Free,1,Sims Con_75,0.0,-1.0,Error,-0.5,77.6752949742364
Free,1,Sims Con_75,0.0,-1.0,Correct,0.5,85.54656779509031
Free,1,Sims Con_75,0.5,-1.0,Error,-0.5,78.14212473360406
Free,1,Sims Con_75,0.5,-1.0,Correct,0.5,93.0590218779672
Free,1,Sims Con_75,-0.5,0.0,Error,-0.5,79.41281170476148
Free,1,Sims Con_75,-0.5,0.0,Correct,0.5,80.4017715710347
Free,1,Sims Con_75,0.0,0.0,Error,-0.5,79.8912515868867
Free,1,Sims Con_75,0.0,0.0,Correct,0.5,87.24682171312769
Free,1,Sims Con_75,0.5,0.0,Error,-0.5,80.36969146901191
Free,1,Sims Con_75,0.5,0.0,Correct,0.5,94.09187185522067
Free,1,Sims Con_75,-0.5,1.0,Error,-0.5,81.61715819465422
Free,1,Sims Con_75,-0.5,1.0,Correct,0.5,82.76942942985598
Free,1,Sims Con_75,0.0,1.0,Error,-0.5,82.107208199537
Free,1,Sims Con_75,0.0,1.0,Correct,0.5,88.94707563116506
Free,1,Sims Con_75,0.5,1.0,Error,-0.5,82.59725820441977
Free,1,Sims Con_75,0.5,1.0,Correct,0.5,95.12472183247415
Non-Free,0,Sims Con_75,-0.5,-1.0,Error,-0.5,54.17854687141877
Non-Free,0,Sims Con_75,-0.5,-1.0,Correct,0.5,62.141174102825495
Non-Free,0,Sims Con_75,0.0,-1.0,Error,-0.5,42.053563242853876
Non-Free,0,Sims Con_75,0.0,-1.0,Correct,0.5,75.43543048694427
Non-Free,0,Sims Con_75,0.5,-1.0,Error,-0.5,29.928579614288985
Non-Free,0,Sims Con_75,0.5,-1.0,Correct,0.5,88.72968687106304
Non-Free,0,Sims Con_75,-0.5,0.0,Error,-0.5,54.38219115287649
Non-Free,0,Sims Con_75,-0.5,0.0,Correct,0.5,62.68216106014274
Non-Free,0,Sims Con_75,0.0,0.0,Error,-0.5,41.57977800333978
Non-Free,0,Sims Con_75,0.0,0.0,Correct,0.5,76.14724274027029
Non-Free,0,Sims Con_75,0.5,0.0,Error,-0.5,28.777364853803075
Non-Free,0,Sims Con_75,0.5,0.0,Correct,0.5,89.61232442039784
Non-Free,0,Sims Con_75,-0.5,1.0,Error,-0.5,54.58583543433421
Non-Free,0,Sims Con_75,-0.5,1.0,Correct,0.5,63.223148017459984
Non-Free,0,Sims Con_75,0.0,1.0,Error,-0.5,41.10599276382569
Non-Free,0,Sims Con_75,0.0,1.0,Correct,0.5,76.8590549935963
Non-Free,0,Sims Con_75,0.5,1.0,Error,-0.5,27.626150093317168
Non-Free,0,Sims Con_75,0.5,1.0,Correct,0.5,90.49496196973261
Free,1,Sims Con_76,-0.5,-1.0,Error,-0.5,57.65244865718807
Free,1,Sims Con_76,-0.5,-1.0,Correct,0.5,66.59692068783121
Free,1,Sims Con_76,0.0,-1.0,Error,-0.5,49.00000000000005
Free,1,Sims Con_76,0.0,-1.0,Correct,0.5,80.06753661078534
Free,1,Sims Con_76,0.5,-1.0,Error,-0.5,40.34755134281203
Free,1,Sims Con_76,0.5,-1.0,Correct,0.5,93.53815253373946
Free,1,Sims Con_76,-0.5,0.0,Error,-0.5,55.90995260663513
Free,1,Sims Con_76,-0.5,0.0,Correct,0.5,64.51927149063373
Free,1,Sims Con_76,0.0,0.0,Error,-0.5,50.63665086887837
Free,1,Sims Con_76,0.0,0.0,Correct,0.5,78.54320802102123
Free,1,Sims Con_76,0.5,0.0,Error,-0.5,45.36334913112161
Free,1,Sims Con_76,0.5,0.0,Correct,0.5,92.56714455140873
Free,1,Sims Con_76,-0.5,1.0,Error,-0.5,54.16745655608219
Free,1,Sims Con_76,-0.5,1.0,Correct,0.5,62.44162229343624
Free,1,Sims Con_76,0.0,1.0,Error,-0.5,52.27330173775669
Free,1,Sims Con_76,0.0,1.0,Correct,0.5,77.01887943125712
Free,1,Sims Con_76,0.5,1.0,Error,-0.5,50.379146919431186
Free,1,Sims Con_76,0.5,1.0,Correct,0.5,91.596136569078
Non-Free,0,Sims Con_76,-0.5,-1.0,Error,-0.5,32.82445343674477
Non-Free,0,Sims Con_76,-0.5,-1.0,Correct,0.5,56.45606438148103
Non-Free,0,Sims Con_76,0.0,-1.0,Error,-0.5,18.798909683583407
Non-Free,0,Sims Con_76,0.0,-1.0,Correct,0.5,74.93417599030847
Non-Free,0,Sims Con_76,0.5,-1.0,Error,-0.5,4.773365930422041
Non-Free,0,Sims Con_76,0.5,-1.0,Correct,0.5,93.41228759913592
Non-Free,0,Sims Con_76,-0.5,0.0,Error,-0.5,32.181897375372344
Non-Free,0,Sims Con_76,-0.5,0.0,Correct,0.5,54.95272412864862
Non-Free,0,Sims Con_76,0.0,0.0,Error,-0.5,18.53329961220706
Non-Free,0,Sims Con_76,0.0,0.0,Correct,0.5,73.76770797291287
Non-Free,0,Sims Con_76,0.5,0.0,Error,-0.5,4.884701849041775
Non-Free,0,Sims Con_76,0.5,0.0,Correct,0.5,92.58269181717714
Non-Free,0,Sims Con_76,-0.5,1.0,Error,-0.5,31.539341313999916
Non-Free,0,Sims Con_76,-0.5,1.0,Correct,0.5,53.44938387581621
Non-Free,0,Sims Con_76,0.0,1.0,Error,-0.5,18.267689540830713
Non-Free,0,Sims Con_76,0.0,1.0,Correct,0.5,72.60123995551727
Non-Free,0,Sims Con_76,0.5,1.0,Error,-0.5,4.996037767661509
Non-Free,0,Sims Con_76,0.5,1.0,Correct,0.5,91.75309603521833
Free,1,Sims Con_77,-0.5,-1.0,Error,-0.5,69.07689210950078
Free,1,Sims Con_77,-0.5,-1.0,Correct,0.5,74.1086434931543
Free,1,Sims Con_77,0.0,-1.0,Error,-0.5,64.04388083735915
Free,1,Sims Con_77,0.0,-1.0,Correct,0.5,84.00248193166483
Free,1,Sims Con_77,0.5,-1.0,Error,-0.5,59.01086956521754
Free,1,Sims Con_77,0.5,-1.0,Correct,0.5,93.89632037017536
Free,1,Sims Con_77,-0.5,0.0,Error,-0.5,69.26328502415457
Free,1,Sims Con_77,-0.5,0.0,Correct,0.5,74.71685308502587
Free,1,Sims Con_77,0.0,0.0,Error,-0.5,64.29388083735913
Free,1,Sims Con_77,0.0,0.0,Correct,0.5,84.43857639560694
Free,1,Sims Con_77,0.5,0.0,Error,-0.5,59.32447665056369
Free,1,Sims Con_77,0.5,0.0,Correct,0.5,94.16029970618801
Free,1,Sims Con_77,-0.5,1.0,Error,-0.5,69.44967793880836
Free,1,Sims Con_77,-0.5,1.0,Correct,0.5,75.32506267689745
Free,1,Sims Con_77,0.0,1.0,Error,-0.5,64.5438808373591
Free,1,Sims Con_77,0.0,1.0,Correct,0.5,84.87467085954906
Free,1,Sims Con_77,0.5,1.0,Error,-0.5,59.63808373590984
Free,1,Sims Con_77,0.5,1.0,Correct,0.5,94.42427904220067
Non-Free,0,Sims Con_77,-0.5,-1.0,Error,-0.5,38.00618765246016
Non-Free,0,Sims Con_77,-0.5,-1.0,Correct,0.5,57.80615258785227
Non-Free,0,Sims Con_77,0.0,-1.0,Error,-0.5,20.84341471154038
Non-Free,0,Sims Con_77,0.0,-1.0,Correct,0.5,75.4450063340154
Non-Free,0,Sims Con_77,0.5,-1.0,Error,-0.5,3.680641770620598
Non-Free,0,Sims Con_77,0.5,-1.0,Correct,0.5,93.08386008017852
Non-Free,0,Sims Con_77,-0.5,0.0,Error,-0.5,39.122121849156116
Non-Free,0,Sims Con_77,-0.5,0.0,Correct,0.5,59.18106420749984
Non-Free,0,Sims Con_77,0.0,0.0,Error,-0.5,24.145097475358476
Non-Free,0,Sims Con_77,0.0,0.0,Correct,0.5,76.52275799279225
Non-Free,0,Sims Con_77,0.5,0.0,Error,-0.5,9.168073101560836
Non-Free,0,Sims Con_77,0.5,0.0,Correct,0.5,93.86445177808466
Non-Free,0,Sims Con_77,-0.5,1.0,Error,-0.5,40.23805604585207
Non-Free,0,Sims Con_77,-0.5,1.0,Correct,0.5,60.55597582714741
Non-Free,0,Sims Con_77,0.0,1.0,Error,-0.5,27.446780239176572
Non-Free,0,Sims Con_77,0.0,1.0,Correct,0.5,77.6005096515691
Non-Free,0,Sims Con_77,0.5,1.0,Error,-0.5,14.655504432501075
Non-Free,0,Sims Con_77,0.5,1.0,Correct,0.5,94.64504347599079
Free,1,Sims Con_78,-0.5,-1.0,Error,-0.5,41.704434003440426
Free,1,Sims Con_78,-0.5,-1.0,Correct,0.5,42.33034512542551
Free,1,Sims Con_78,0.0,-1.0,Error,-0.5,36.979126550103935
Free,1,Sims Con_78,0.0,-1.0,Correct,0.5,52.94218160175717
Free,1,Sims Con_78,0.5,-1.0,Error,-0.5,32.253819096767444
Free,1,Sims Con_78,0.5,-1.0,Correct,0.5,63.55401807808884
Free,1,Sims Con_78,-0.5,0.0,Error,-0.5,48.432950781791604
Free,1,Sims Con_78,-0.5,0.0,Correct,0.5,49.66781038830252
Free,1,Sims Con_78,0.0,0.0,Error,-0.5,44.80898097512132
Free,1,Sims Con_78,0.0,0.0,Correct,0.5,60.60887427552115
Free,1,Sims Con_78,0.5,0.0,Error,-0.5,41.18501116845104
Free,1,Sims Con_78,0.5,0.0,Correct,0.5,71.54993816273979
Free,1,Sims Con_78,-0.5,1.0,Error,-0.5,55.16146756014278
Free,1,Sims Con_78,-0.5,1.0,Correct,0.5,57.00527565117953
Free,1,Sims Con_78,0.0,1.0,Error,-0.5,52.63883540013871
Free,1,Sims Con_78,0.0,1.0,Correct,0.5,68.27556694928514
Free,1,Sims Con_78,0.5,1.0,Error,-0.5,50.11620324013464
Free,1,Sims Con_78,0.5,1.0,Correct,0.5,79.54585824739074
Non-Free,0,Sims Con_78,-0.5,-1.0,Error,-0.5,38.81973844563421
Non-Free,0,Sims Con_78,-0.5,-1.0,Correct,0.5,41.21810198474004
Non-Free,0,Sims Con_78,0.0,-1.0,Error,-0.5,33.721696741496565
Non-Free,0,Sims Con_78,0.0,-1.0,Correct,0.5,54.076450085101904
Non-Free,0,Sims Con_78,0.5,-1.0,Error,-0.5,28.623655037358915
Non-Free,0,Sims Con_78,0.5,-1.0,Correct,0.5,66.93479818546376
Non-Free,0,Sims Con_78,-0.5,0.0,Error,-0.5,41.23615115018367
Non-Free,0,Sims Con_78,-0.5,0.0,Correct,0.5,45.23072825338336
Non-Free,0,Sims Con_78,0.0,0.0,Error,-0.5,32.49729116413546
Non-Free,0,Sims Con_78,0.0,0.0,Correct,0.5,59.37847221426912
Non-Free,0,Sims Con_78,0.5,0.0,Error,-0.5,23.758431178087246
Non-Free,0,Sims Con_78,0.5,0.0,Correct,0.5,73.52621617515487
Non-Free,0,Sims Con_78,-0.5,1.0,Error,-0.5,43.65256385473314
Non-Free,0,Sims Con_78,-0.5,1.0,Correct,0.5,49.243354522026685
Non-Free,0,Sims Con_78,0.0,1.0,Error,-0.5,31.27288558677436
Non-Free,0,Sims Con_78,0.0,1.0,Correct,0.5,64.68049434343632
Non-Free,0,Sims Con_78,0.5,1.0,Error,-0.5,18.893207318815577
Non-Free,0,Sims Con_78,0.5,1.0,Correct,0.5,80.11763416484598
Free,1,Sims Con_79,-0.5,-1.0,Error,-0.5,65.23559319682602
Free,1,Sims Con_79,-0.5,-1.0,Correct,0.5,66.74047727623142
Free,1,Sims Con_79,0.0,-1.0,Error,-0.5,62.17466428056165
Free,1,Sims Con_79,0.0,-1.0,Correct,0.5,75.02870870423602
Free,1,Sims Con_79,0.5,-1.0,Error,-0.5,59.113735364297284
Free,1,Sims Con_79,0.5,-1.0,Correct,0.5,83.31694013224065
Free,1,Sims Con_79,-0.5,0.0,Error,-0.5,66.50122079795804
Free,1,Sims Con_79,-0.5,0.0,Correct,0.5,67.9400150761715
Free,1,Sims Con_79,0.0,0.0,Error,-0.5,63.61189029465632
Free,1,Sims Con_79,0.0,0.0,Correct,0.5,76.6531510548633
Free,1,Sims Con_79,0.5,0.0,Error,-0.5,60.722559791354605
Free,1,Sims Con_79,0.5,0.0,Correct,0.5,85.3662870335551
Free,1,Sims Con_79,-0.5,1.0,Error,-0.5,67.76684839909007
Free,1,Sims Con_79,-0.5,1.0,Correct,0.5,69.1395528761116
Free,1,Sims Con_79,0.0,1.0,Error,-0.5,65.049116308751
Free,1,Sims Con_79,0.0,1.0,Correct,0.5,78.27759340549058
Free,1,Sims Con_79,0.5,1.0,Error,-0.5,62.331384218411934
Free,1,Sims Con_79,0.5,1.0,Correct,0.5,87.41563393486956
Non-Free,0,Sims Con_79,-0.5,-1.0,Error,-0.5,44.87477983728929
Non-Free,0,Sims Con_79,-0.5,-1.0,Correct,0.5,49.99313855063437
Non-Free,0,Sims Con_79,0.0,-1.0,Error,-0.5,34.51341944141577
Non-Free,0,Sims Con_79,0.0,-1.0,Correct,0.5,64.94674189849067
Non-Free,0,Sims Con_79,0.5,-1.0,Error,-0.5,24.152059045542256
Non-Free,0,Sims Con_79,0.5,-1.0,Correct,0.5,79.90034524634696
Non-Free,0,Sims Con_79,-0.5,0.0,Error,-0.5,44.6739914451061
Non-Free,0,Sims Con_79,-0.5,0.0,Correct,0.5,50.28045743509826
Non-Free,0,Sims Con_79,0.0,0.0,Error,-0.5,34.2267885599262
Non-Free,0,Sims Con_79,0.0,0.0,Correct,0.5,65.93739985477418
Non-Free,0,Sims Con_79,0.5,0.0,Error,-0.5,23.779585674746304
Non-Free,0,Sims Con_79,0.5,0.0,Correct,0.5,81.5943422744501
Non-Free,0,Sims Con_79,-0.5,1.0,Error,-0.5,44.473203052922905
Non-Free,0,Sims Con_79,-0.5,1.0,Correct,0.5,50.56777631956216
Non-Free,0,Sims Con_79,0.0,1.0,Error,-0.5,33.94015767843663
Non-Free,0,Sims Con_79,0.0,1.0,Correct,0.5,66.9280578110577
Non-Free,0,Sims Con_79,0.5,1.0,Error,-0.5,23.407112303950353
Non-Free,0,Sims Con_79,0.5,1.0,Correct,0.5,83.28833930255324
Free,1,Sims Con_8,-0.5,-1.0,Error,-0.5,67.21754774425688
Free,1,Sims Con_8,-0.5,-1.0,Correct,0.5,75.74104301375681
Free,1,Sims Con_8,0.0,-1.0,Error,-0.5,60.999999999999915
Free,1,Sims Con_8,0.0,-1.0,Correct,0.5,85.92139131035415
Free,1,Sims Con_8,0.5,-1.0,Error,-0.5,54.78245225574295
Free,1,Sims Con_8,0.5,-1.0,Correct,0.5,96.1017396069515
Free,1,Sims Con_8,-0.5,0.0,Error,-0.5,66.84943260448381
Free,1,Sims Con_8,-0.5,0.0,Correct,0.5,75.244015730129
Free,1,Sims Con_8,0.0,0.0,Error,-0.5,59.99626349294207
Free,1,Sims Con_8,0.0,0.0,Correct,0.5,85.58776502061994
Free,1,Sims Con_8,0.5,0.0,Error,-0.5,53.143094381400324
Free,1,Sims Con_8,0.5,0.0,Correct,0.5,95.93151431111089
Free,1,Sims Con_8,-0.5,1.0,Error,-0.5,66.48131746471074
Free,1,Sims Con_8,-0.5,1.0,Correct,0.5,74.74698844650118
Free,1,Sims Con_8,0.0,1.0,Error,-0.5,58.992526985884226
Free,1,Sims Con_8,0.0,1.0,Correct,0.5,85.25413873088573
Free,1,Sims Con_8,0.5,1.0,Error,-0.5,51.503736507057695
Free,1,Sims Con_8,0.5,1.0,Correct,0.5,95.76128901527028
Non-Free,0,Sims Con_8,-0.5,-1.0,Error,-0.5,36.89867391723623
Non-Free,0,Sims Con_8,-0.5,-1.0,Correct,0.5,62.398751585151516
Non-Free,0,Sims Con_8,0.0,-1.0,Error,-0.5,20.22017019394958
Non-Free,0,Sims Con_8,0.0,-1.0,Correct,0.5,79.03246167843662
Non-Free,0,Sims Con_8,0.5,-1.0,Error,-0.5,3.5416664706629355
Non-Free,0,Sims Con_8,0.5,-1.0,Correct,0.5,95.66617177172172
Non-Free,0,Sims Con_8,-0.5,0.0,Error,-0.5,38.486122936668835
Non-Free,0,Sims Con_8,-0.5,0.0,Correct,0.5,63.27084345960512
Non-Free,0,Sims Con_8,0.0,0.0,Error,-0.5,19.43658652466589
Non-Free,0,Sims Con_8,0.0,0.0,Correct,0.5,79.3633492367511
Non-Free,0,Sims Con_8,0.5,0.0,Error,-0.5,0.38705011266294775
Non-Free,0,Sims Con_8,0.5,0.0,Correct,0.5,95.4558550138971
Non-Free,0,Sims Con_8,-0.5,1.0,Error,-0.5,40.07357195610144
Non-Free,0,Sims Con_8,-0.5,1.0,Correct,0.5,64.14293533405872
Non-Free,0,Sims Con_8,0.0,1.0,Error,-0.5,18.6530028553822
Non-Free,0,Sims Con_8,0.0,1.0,Correct,0.5,79.69423679506559
Non-Free,0,Sims Con_8,0.5,1.0,Error,-0.5,-2.767566245337039
Non-Free,0,Sims Con_8,0.5,1.0,Correct,0.5,95.24553825607246
Free,1,Sims Con_80,-0.5,-1.0,Error,-0.5,84.54236616920831
Free,1,Sims Con_80,-0.5,-1.0,Correct,0.5,85.76626686725098
Free,1,Sims Con_80,0.0,-1.0,Error,-0.5,77.89163302723657
Free,1,Sims Con_80,0.0,-1.0,Correct,0.5,89.85018775351774
Free,1,Sims Con_80,0.5,-1.0,Error,-0.5,71.24089988526484
Free,1,Sims Con_80,0.5,-1.0,Correct,0.5,93.93410863978451
Free,1,Sims Con_80,-0.5,0.0,Error,-0.5,85.48268165571045
Free,1,Sims Con_80,-0.5,0.0,Correct,0.5,86.3914568366277
Free,1,Sims Con_80,0.0,0.0,Error,-0.5,79.61789330257875
Free,1,Sims Con_80,0.0,0.0,Correct,0.5,90.49011955069831
Free,1,Sims Con_80,0.5,0.0,Error,-0.5,73.75310494944705
Free,1,Sims Con_80,0.5,0.0,Correct,0.5,94.58878226476892
Free,1,Sims Con_80,-0.5,1.0,Error,-0.5,86.4229971422126
Free,1,Sims Con_80,-0.5,1.0,Correct,0.5,87.01664680600442
Free,1,Sims Con_80,0.0,1.0,Error,-0.5,81.34415357792093
Free,1,Sims Con_80,0.0,1.0,Correct,0.5,91.13005134787888
Free,1,Sims Con_80,0.5,1.0,Error,-0.5,76.26531001362926
Free,1,Sims Con_80,0.5,1.0,Correct,0.5,95.24345588975333
Non-Free,0,Sims Con_80,-0.5,-1.0,Error,-0.5,48.741769761468206
Non-Free,0,Sims Con_80,-0.5,-1.0,Correct,0.5,55.63592598366203
Non-Free,0,Sims Con_80,0.0,-1.0,Error,-0.5,33.97130361675832
Non-Free,0,Sims Con_80,0.0,-1.0,Correct,0.5,69.22791508645686
Non-Free,0,Sims Con_80,0.5,-1.0,Error,-0.5,19.20083747204844
Non-Free,0,Sims Con_80,0.5,-1.0,Correct,0.5,82.81990418925172
Non-Free,0,Sims Con_80,-0.5,0.0,Error,-0.5,49.56553201336332
Non-Free,0,Sims Con_80,-0.5,0.0,Correct,0.5,56.751811196362475
Non-Free,0,Sims Con_80,0.0,0.0,Error,-0.5,39.479216111278475
Non-Free,0,Sims Con_80,0.0,0.0,Correct,0.5,70.61328740405114
Non-Free,0,Sims Con_80,0.5,0.0,Error,-0.5,29.392900209193634
Non-Free,0,Sims Con_80,0.5,0.0,Correct,0.5,84.4747636117398
Non-Free,0,Sims Con_80,-0.5,1.0,Error,-0.5,50.38929426525843
Non-Free,0,Sims Con_80,-0.5,1.0,Correct,0.5,57.86769640906292
Non-Free,0,Sims Con_80,0.0,1.0,Error,-0.5,44.98712860579863
Non-Free,0,Sims Con_80,0.0,1.0,Correct,0.5,71.99865972164541
Non-Free,0,Sims Con_80,0.5,1.0,Error,-0.5,39.58496294633883
Non-Free,0,Sims Con_80,0.5,1.0,Correct,0.5,86.12962303422789
Free,1,Sims Con_81,-0.5,-1.0,Error,-0.5,39.07140809150868
Free,1,Sims Con_81,-0.5,-1.0,Correct,0.5,40.15842465382384
Free,1,Sims Con_81,0.0,-1.0,Error,-0.5,39.81670363831172
Free,1,Sims Con_81,0.0,-1.0,Correct,0.5,41.93989390812859
Free,1,Sims Con_81,0.5,-1.0,Error,-0.5,40.56199918511477
Free,1,Sims Con_81,0.5,-1.0,Correct,0.5,43.721363162433335
Free,1,Sims Con_81,-0.5,0.0,Error,-0.5,47.464982570510294
Free,1,Sims Con_81,-0.5,0.0,Correct,0.5,47.96485805556654
Free,1,Sims Con_81,0.0,0.0,Error,-0.5,46.82669352769861
Free,1,Sims Con_81,0.0,0.0,Correct,0.5,52.995015037609846
Free,1,Sims Con_81,0.5,0.0,Error,-0.5,46.188404484886924
Free,1,Sims Con_81,0.5,0.0,Correct,0.5,58.025172019653155
Free,1,Sims Con_81,-0.5,1.0,Error,-0.5,55.85855704951191
Free,1,Sims Con_81,-0.5,1.0,Correct,0.5,55.77129145730923
Free,1,Sims Con_81,0.0,1.0,Error,-0.5,53.836683417085496
Free,1,Sims Con_81,0.0,1.0,Correct,0.5,64.0501361670911
Free,1,Sims Con_81,0.5,1.0,Error,-0.5,51.814809784659076
Free,1,Sims Con_81,0.5,1.0,Correct,0.5,72.32898087687298
Non-Free,0,Sims Con_81,-0.5,-1.0,Error,-0.5,41.899855120918296
Non-Free,0,Sims Con_81,-0.5,-1.0,Correct,0.5,41.62629206609287
Non-Free,0,Sims Con_81,0.0,-1.0,Error,-0.5,40.01539061629332
Non-Free,0,Sims Con_81,0.0,-1.0,Correct,0.5,43.440707852063966
Non-Free,0,Sims Con_81,0.5,-1.0,Error,-0.5,38.130926111668344
Non-Free,0,Sims Con_81,0.5,-1.0,Correct,0.5,45.25512363803506
Non-Free,0,Sims Con_81,-0.5,0.0,Error,-0.5,45.14842304691852
Non-Free,0,Sims Con_81,-0.5,0.0,Correct,0.5,46.191155536927674
Non-Free,0,Sims Con_81,0.0,0.0,Error,-0.5,42.22569932018277
Non-Free,0,Sims Con_81,0.0,0.0,Correct,0.5,52.23075138749228
Non-Free,0,Sims Con_81,0.5,0.0,Error,-0.5,39.302975593447016
Non-Free,0,Sims Con_81,0.5,0.0,Correct,0.5,58.27034723805689
Non-Free,0,Sims Con_81,-0.5,1.0,Error,-0.5,48.39699097291875
Non-Free,0,Sims Con_81,-0.5,1.0,Correct,0.5,50.756019007762475
Non-Free,0,Sims Con_81,0.0,1.0,Error,-0.5,44.43600802407222
Non-Free,0,Sims Con_81,0.0,1.0,Correct,0.5,61.0207949229206
Non-Free,0,Sims Con_81,0.5,1.0,Error,-0.5,40.475025075225695
Non-Free,0,Sims Con_81,0.5,1.0,Correct,0.5,71.28557083807873
Free,1,Sims Con_82,-0.5,-1.0,Error,-0.5,59.70406902405746
Free,1,Sims Con_82,-0.5,-1.0,Correct,0.5,63.38397002193955
Free,1,Sims Con_82,0.0,-1.0,Error,-0.5,53.750647369156255
Free,1,Sims Con_82,0.0,-1.0,Correct,0.5,75.56292330603164
Free,1,Sims Con_82,0.5,-1.0,Error,-0.5,47.79722571425505
Free,1,Sims Con_82,0.5,-1.0,Correct,0.5,87.74187659012372
Free,1,Sims Con_82,-0.5,0.0,Error,-0.5,61.18827966347553
Free,1,Sims Con_82,-0.5,0.0,Correct,0.5,64.83969609375097
Free,1,Sims Con_82,0.0,0.0,Error,-0.5,55.69935746596615
Free,1,Sims Con_82,0.0,0.0,Correct,0.5,76.48415206490776
Free,1,Sims Con_82,0.5,0.0,Error,-0.5,50.21043526845678
Free,1,Sims Con_82,0.5,0.0,Correct,0.5,88.12860803606455
Free,1,Sims Con_82,-0.5,1.0,Error,-0.5,62.67249030289359
Free,1,Sims Con_82,-0.5,1.0,Correct,0.5,66.2954221655624
Free,1,Sims Con_82,0.0,1.0,Error,-0.5,57.64806756277605
Free,1,Sims Con_82,0.0,1.0,Correct,0.5,77.40538082378389
Free,1,Sims Con_82,0.5,1.0,Error,-0.5,52.623644822658505
Free,1,Sims Con_82,0.5,1.0,Correct,0.5,88.51533948200537
Non-Free,0,Sims Con_82,-0.5,-1.0,Error,-0.5,40.10707860101638
Non-Free,0,Sims Con_82,-0.5,-1.0,Correct,0.5,51.24405391891032
Non-Free,0,Sims Con_82,0.0,-1.0,Error,-0.5,28.59573963616743
Non-Free,0,Sims Con_82,0.0,-1.0,Correct,0.5,68.41033549116675
Non-Free,0,Sims Con_82,0.5,-1.0,Error,-0.5,17.084400671318484
Non-Free,0,Sims Con_82,0.5,-1.0,Correct,0.5,85.57661706342319
Non-Free,0,Sims Con_82,-0.5,0.0,Error,-0.5,40.0358555827782
Non-Free,0,Sims Con_82,-0.5,0.0,Correct,0.5,51.51749581498698
Non-Free,0,Sims Con_82,0.0,0.0,Error,-0.5,27.90406742941621
Non-Free,0,Sims Con_82,0.0,0.0,Correct,0.5,68.93340402470318
Non-Free,0,Sims Con_82,0.5,0.0,Error,-0.5,15.772279276054224
Non-Free,0,Sims Con_82,0.5,0.0,Correct,0.5,86.34931223441939
Non-Free,0,Sims Con_82,-0.5,1.0,Error,-0.5,39.96463256454001
Non-Free,0,Sims Con_82,-0.5,1.0,Correct,0.5,51.79093771106364
Non-Free,0,Sims Con_82,0.0,1.0,Error,-0.5,27.212395222664988
Non-Free,0,Sims Con_82,0.0,1.0,Correct,0.5,69.45647255823961
Non-Free,0,Sims Con_82,0.5,1.0,Error,-0.5,14.460157880789966
Non-Free,0,Sims Con_82,0.5,1.0,Correct,0.5,87.12200740541557
Free,1,Sims Con_83,-0.5,-1.0,Error,-0.5,65.09648809353644
Free,1,Sims Con_83,-0.5,-1.0,Correct,0.5,72.58052635681979
Free,1,Sims Con_83,0.0,-1.0,Error,-0.5,60.101969640662034
Free,1,Sims Con_83,0.0,-1.0,Correct,0.5,80.33274180809012
Free,1,Sims Con_83,0.5,-1.0,Error,-0.5,55.10745118778763
Free,1,Sims Con_83,0.5,-1.0,Correct,0.5,88.08495725936045
Free,1,Sims Con_83,-0.5,0.0,Error,-0.5,66.92889711557697
Free,1,Sims Con_83,-0.5,0.0,Correct,0.5,72.03174416476627
Free,1,Sims Con_83,0.0,0.0,Error,-0.5,61.738122123438394
Free,1,Sims Con_83,0.0,0.0,Correct,0.5,80.82267411021863
Free,1,Sims Con_83,0.5,0.0,Error,-0.5,56.547347131299816
Free,1,Sims Con_83,0.5,0.0,Correct,0.5,89.61360405567099
Free,1,Sims Con_83,-0.5,1.0,Error,-0.5,68.76130613761751
Free,1,Sims Con_83,-0.5,1.0,Correct,0.5,71.48296197271274
Free,1,Sims Con_83,0.0,1.0,Error,-0.5,63.374274606214755
Free,1,Sims Con_83,0.0,1.0,Correct,0.5,81.31260641234714
Free,1,Sims Con_83,0.5,1.0,Error,-0.5,57.987243074812
Free,1,Sims Con_83,0.5,1.0,Correct,0.5,91.14225085198153
Non-Free,0,Sims Con_83,-0.5,-1.0,Error,-0.5,44.773589238448615
Non-Free,0,Sims Con_83,-0.5,-1.0,Correct,0.5,51.58096455673679
Non-Free,0,Sims Con_83,0.0,-1.0,Error,-0.5,34.93304245881629
Non-Free,0,Sims Con_83,0.0,-1.0,Correct,0.5,68.30807765714145
Non-Free,0,Sims Con_83,0.5,-1.0,Error,-0.5,25.09249567918396
Non-Free,0,Sims Con_83,0.5,-1.0,Correct,0.5,85.03519075754612
Non-Free,0,Sims Con_83,-0.5,0.0,Error,-0.5,44.389042652195464
Non-Free,0,Sims Con_83,-0.5,0.0,Correct,0.5,52.26129574994007
Non-Free,0,Sims Con_83,0.0,0.0,Error,-0.5,32.4451347006853
Non-Free,0,Sims Con_83,0.0,0.0,Correct,0.5,68.43427823633905
Non-Free,0,Sims Con_83,0.5,0.0,Error,-0.5,20.50122674917514
Non-Free,0,Sims Con_83,0.5,0.0,Correct,0.5,84.60726072273803
Non-Free,0,Sims Con_83,-0.5,1.0,Error,-0.5,44.00449606594231
Non-Free,0,Sims Con_83,-0.5,1.0,Correct,0.5,52.94162694314335
Non-Free,0,Sims Con_83,0.0,1.0,Error,-0.5,29.957226942554314
Non-Free,0,Sims Con_83,0.0,1.0,Correct,0.5,68.56047881553665
Non-Free,0,Sims Con_83,0.5,1.0,Error,-0.5,15.909957819166317
Non-Free,0,Sims Con_83,0.5,1.0,Correct,0.5,84.17933068792996
Free,1,Sims Con_84,-0.5,-1.0,Error,-0.5,62.60755814310012
Free,1,Sims Con_84,-0.5,-1.0,Correct,0.5,64.12522495136207
Free,1,Sims Con_84,0.0,-1.0,Error,-0.5,59.868932171799976
Free,1,Sims Con_84,0.0,-1.0,Correct,0.5,74.41751459929455
Free,1,Sims Con_84,0.5,-1.0,Error,-0.5,57.13030620049983
Free,1,Sims Con_84,0.5,-1.0,Correct,0.5,84.70980424722701
Free,1,Sims Con_84,-0.5,0.0,Error,-0.5,65.7173776622731
Free,1,Sims Con_84,-0.5,0.0,Correct,0.5,67.26701742629078
Free,1,Sims Con_84,0.0,0.0,Error,-0.5,63.12869831979941
Free,1,Sims Con_84,0.0,0.0,Correct,0.5,76.78246937976493
Free,1,Sims Con_84,0.5,0.0,Error,-0.5,60.54001897732573
Free,1,Sims Con_84,0.5,0.0,Correct,0.5,86.29792133323909
Free,1,Sims Con_84,-0.5,1.0,Error,-0.5,68.82719718144607
Free,1,Sims Con_84,-0.5,1.0,Correct,0.5,70.40880990121948
Free,1,Sims Con_84,0.0,1.0,Error,-0.5,66.38846446779884
Free,1,Sims Con_84,0.0,1.0,Correct,0.5,79.14742416023532
Free,1,Sims Con_84,0.5,1.0,Error,-0.5,63.94973175415162
Free,1,Sims Con_84,0.5,1.0,Correct,0.5,87.88603841925115
Non-Free,0,Sims Con_84,-0.5,-1.0,Error,-0.5,39.758665860540106
Non-Free,0,Sims Con_84,-0.5,-1.0,Correct,0.5,47.305220959195516
Non-Free,0,Sims Con_84,0.0,-1.0,Error,-0.5,30.767634018540896
Non-Free,0,Sims Con_84,0.0,-1.0,Correct,0.5,62.95462148281883
Non-Free,0,Sims Con_84,0.5,-1.0,Error,-0.5,21.77660217654168
Non-Free,0,Sims Con_84,0.5,-1.0,Correct,0.5,78.60402200644214
Non-Free,0,Sims Con_84,-0.5,0.0,Error,-0.5,43.287182587666265
Non-Free,0,Sims Con_84,-0.5,0.0,Correct,0.5,49.68751600845696
Non-Free,0,Sims Con_84,0.0,0.0,Error,-0.5,34.00523982265214
Non-Free,0,Sims Con_84,0.0,0.0,Correct,0.5,65.28820467897384
Non-Free,0,Sims Con_84,0.5,0.0,Error,-0.5,24.723297057638018
Non-Free,0,Sims Con_84,0.5,0.0,Correct,0.5,80.88889334949073
Non-Free,0,Sims Con_84,-0.5,1.0,Error,-0.5,46.815699314792425
Non-Free,0,Sims Con_84,-0.5,1.0,Correct,0.5,52.069811057718404
Non-Free,0,Sims Con_84,0.0,1.0,Error,-0.5,37.24284562676339
Non-Free,0,Sims Con_84,0.0,1.0,Correct,0.5,67.62178787512886
Non-Free,0,Sims Con_84,0.5,1.0,Error,-0.5,27.669991938734356
Non-Free,0,Sims Con_84,0.5,1.0,Correct,0.5,83.17376469253932
Free,1,Sims Con_85,-0.5,-1.0,Error,-0.5,51.84521403993513
Free,1,Sims Con_85,-0.5,-1.0,Correct,0.5,52.00128821642853
Free,1,Sims Con_85,0.0,-1.0,Error,-0.5,47.63749749840215
Free,1,Sims Con_85,0.0,-1.0,Correct,0.5,63.842127339699104
Free,1,Sims Con_85,0.5,-1.0,Error,-0.5,43.429780956869166
Free,1,Sims Con_85,0.5,-1.0,Correct,0.5,75.68296646296967
Free,1,Sims Con_85,-0.5,0.0,Error,-0.5,64.03729640221815
Free,1,Sims Con_85,-0.5,0.0,Correct,0.5,64.80300646490632
Free,1,Sims Con_85,0.0,0.0,Error,-0.5,61.94048779543059
Free,1,Sims Con_85,0.0,0.0,Correct,0.5,74.55122979704714
Free,1,Sims Con_85,0.5,0.0,Error,-0.5,59.843679188643044
Free,1,Sims Con_85,0.5,0.0,Correct,0.5,84.29945312918797
Free,1,Sims Con_85,-0.5,1.0,Error,-0.5,76.22937876450116
Free,1,Sims Con_85,-0.5,1.0,Correct,0.5,77.6047247133841
Free,1,Sims Con_85,0.0,1.0,Error,-0.5,76.24347809245904
Free,1,Sims Con_85,0.0,1.0,Correct,0.5,85.26033225439518
Free,1,Sims Con_85,0.5,1.0,Error,-0.5,76.25757742041692
Free,1,Sims Con_85,0.5,1.0,Correct,0.5,92.91593979540626
Non-Free,0,Sims Con_85,-0.5,-1.0,Error,-0.5,40.329719079809564
Non-Free,0,Sims Con_85,-0.5,-1.0,Correct,0.5,44.205173623940446
Non-Free,0,Sims Con_85,0.0,-1.0,Error,-0.5,30.989144305718398
Non-Free,0,Sims Con_85,0.0,-1.0,Correct,0.5,58.579525590163655
Non-Free,0,Sims Con_85,0.5,-1.0,Error,-0.5,21.648569531627224
Non-Free,0,Sims Con_85,0.5,-1.0,Correct,0.5,72.95387755638686
Non-Free,0,Sims Con_85,-0.5,0.0,Error,-0.5,45.46532041111949
Non-Free,0,Sims Con_85,-0.5,0.0,Correct,0.5,51.80477808013767
Non-Free,0,Sims Con_85,0.0,0.0,Error,-0.5,37.057356694488476
Non-Free,0,Sims Con_85,0.0,0.0,Correct,0.5,66.56331435568131
Non-Free,0,Sims Con_85,0.5,0.0,Error,-0.5,28.649392977857456
Non-Free,0,Sims Con_85,0.5,0.0,Correct,0.5,81.32185063122495
Non-Free,0,Sims Con_85,-0.5,1.0,Error,-0.5,50.60092174242942
Non-Free,0,Sims Con_85,-0.5,1.0,Correct,0.5,59.4043825363349
Non-Free,0,Sims Con_85,0.0,1.0,Error,-0.5,43.125569083258554
Non-Free,0,Sims Con_85,0.0,1.0,Correct,0.5,74.54710312119897
Non-Free,0,Sims Con_85,0.5,1.0,Error,-0.5,35.650216424087695
Non-Free,0,Sims Con_85,0.5,1.0,Correct,0.5,89.68982370606304
Free,1,Sims Con_86,-0.5,-1.0,Error,-0.5,62.074100444897994
Free,1,Sims Con_86,-0.5,-1.0,Correct,0.5,62.517479429626775
Free,1,Sims Con_86,0.0,-1.0,Error,-0.5,59.24990226279534
Free,1,Sims Con_86,0.0,-1.0,Correct,0.5,64.57885272590703
Free,1,Sims Con_86,0.5,-1.0,Error,-0.5,56.42570408069268
Free,1,Sims Con_86,0.5,-1.0,Correct,0.5,66.64022602218728
Free,1,Sims Con_86,-0.5,0.0,Error,-0.5,71.12199986256846
Free,1,Sims Con_86,-0.5,0.0,Correct,0.5,71.35615541722912
Free,1,Sims Con_86,0.0,0.0,Error,-0.5,69.58834756139457
Free,1,Sims Con_86,0.0,0.0,Correct,0.5,73.58778398053855
Free,1,Sims Con_86,0.5,0.0,Error,-0.5,68.05469526022068
Free,1,Sims Con_86,0.5,0.0,Correct,0.5,75.81941254384797
Free,1,Sims Con_86,-0.5,1.0,Error,-0.5,80.16989928023892
Free,1,Sims Con_86,-0.5,1.0,Correct,0.5,80.19483140483146
Free,1,Sims Con_86,0.0,1.0,Error,-0.5,79.92679285999381
Free,1,Sims Con_86,0.0,1.0,Correct,0.5,82.59671523517007
Free,1,Sims Con_86,0.5,1.0,Error,-0.5,79.68368643974868
Free,1,Sims Con_86,0.5,1.0,Correct,0.5,84.99859906550867
Non-Free,0,Sims Con_86,-0.5,-1.0,Error,-0.5,44.70052774969587
Non-Free,0,Sims Con_86,-0.5,-1.0,Correct,0.5,45.26720867670942
Non-Free,0,Sims Con_86,0.0,-1.0,Error,-0.5,39.45107177738559
Non-Free,0,Sims Con_86,0.0,-1.0,Correct,0.5,50.41264432887868
Non-Free,0,Sims Con_86,0.5,-1.0,Error,-0.5,34.201615805075306
Non-Free,0,Sims Con_86,0.5,-1.0,Correct,0.5,55.55807998104794
Non-Free,0,Sims Con_86,-0.5,0.0,Error,-0.5,48.885865560905415
Non-Free,0,Sims Con_86,-0.5,0.0,Correct,0.5,49.782505000649365
Non-Free,0,Sims Con_86,0.0,0.0,Error,-0.5,44.98063775466494
Non-Free,0,Sims Con_86,0.0,0.0,Correct,0.5,56.056472211767016
Non-Free,0,Sims Con_86,0.5,0.0,Error,-0.5,41.075409948424465
Non-Free,0,Sims Con_86,0.5,0.0,Correct,0.5,62.330439422884666
Non-Free,0,Sims Con_86,-0.5,1.0,Error,-0.5,53.07120337211496
Non-Free,0,Sims Con_86,-0.5,1.0,Correct,0.5,54.29780132458931
Non-Free,0,Sims Con_86,0.0,1.0,Error,-0.5,50.51020373194429
Non-Free,0,Sims Con_86,0.0,1.0,Correct,0.5,61.700300094655354
Non-Free,0,Sims Con_86,0.5,1.0,Error,-0.5,47.949204091773616
Non-Free,0,Sims Con_86,0.5,1.0,Correct,0.5,69.1027988647214
Free,1,Sims Con_87,-0.5,-1.0,Error,-0.5,54.63254028745649
Free,1,Sims Con_87,-0.5,-1.0,Correct,0.5,59.04632479380291
Free,1,Sims Con_87,0.0,-1.0,Error,-0.5,47.673617160278674
Free,1,Sims Con_87,0.0,-1.0,Correct,0.5,72.15637101433954
Free,1,Sims Con_87,0.5,-1.0,Error,-0.5,40.714694033100855
Free,1,Sims Con_87,0.5,-1.0,Correct,0.5,85.26641723487617
Free,1,Sims Con_87,-0.5,0.0,Error,-0.5,60.660823170731724
Free,1,Sims Con_87,-0.5,0.0,Correct,0.5,65.29555454898261
Free,1,Sims Con_87,0.0,0.0,Error,-0.5,55.046657229965106
Free,1,Sims Con_87,0.0,0.0,Correct,0.5,77.04202902568262
Free,1,Sims Con_87,0.5,0.0,Error,-0.5,49.43249128919849
Free,1,Sims Con_87,0.5,0.0,Correct,0.5,88.78850350238264
Free,1,Sims Con_87,-0.5,1.0,Error,-0.5,66.68910605400696
Free,1,Sims Con_87,-0.5,1.0,Correct,0.5,71.5447843041623
Free,1,Sims Con_87,0.0,1.0,Error,-0.5,62.41969729965154
Free,1,Sims Con_87,0.0,1.0,Correct,0.5,81.9276870370257
Free,1,Sims Con_87,0.5,1.0,Error,-0.5,58.15028854529612
Free,1,Sims Con_87,0.5,1.0,Correct,0.5,92.3105897698891
Non-Free,0,Sims Con_87,-0.5,-1.0,Error,-0.5,35.534278223968
Non-Free,0,Sims Con_87,-0.5,-1.0,Correct,0.5,48.397352316668986
Non-Free,0,Sims Con_87,0.0,-1.0,Error,-0.5,24.005479956511056
Non-Free,0,Sims Con_87,0.0,-1.0,Correct,0.5,66.90078856306657
Non-Free,0,Sims Con_87,0.5,-1.0,Error,-0.5,12.47668168905411
Non-Free,0,Sims Con_87,0.5,-1.0,Correct,0.5,85.40422480946414
Non-Free,0,Sims Con_87,-0.5,0.0,Error,-0.5,38.13229930207274
Non-Free,0,Sims Con_87,-0.5,0.0,Correct,0.5,52.569736352642494
Non-Free,0,Sims Con_87,0.0,0.0,Error,-0.5,25.805992003647454
Non-Free,0,Sims Con_87,0.0,0.0,Correct,0.5,70.5610475644639
Non-Free,0,Sims Con_87,0.5,0.0,Error,-0.5,13.479684705222173
Non-Free,0,Sims Con_87,0.5,0.0,Correct,0.5,88.55235877628532
Non-Free,0,Sims Con_87,-0.5,1.0,Error,-0.5,40.730320380177474
Non-Free,0,Sims Con_87,-0.5,1.0,Correct,0.5,56.742120388616
Non-Free,0,Sims Con_87,0.0,1.0,Error,-0.5,27.60650405078385
Non-Free,0,Sims Con_87,0.0,1.0,Correct,0.5,74.22130656586124
Non-Free,0,Sims Con_87,0.5,1.0,Error,-0.5,14.482687721390235
Non-Free,0,Sims Con_87,0.5,1.0,Correct,0.5,91.70049274310648
Free,1,Sims Con_88,-0.5,-1.0,Error,-0.5,70.8102362204724
Free,1,Sims Con_88,-0.5,-1.0,Correct,0.5,72.40959054435031
Free,1,Sims Con_88,0.0,-1.0,Error,-0.5,66.1928696412948
Free,1,Sims Con_88,0.0,-1.0,Correct,0.5,81.04287873477512
Free,1,Sims Con_88,0.5,-1.0,Error,-0.5,61.57550306211721
Free,1,Sims Con_88,0.5,-1.0,Correct,0.5,89.67616692519992
Free,1,Sims Con_88,-0.5,0.0,Error,-0.5,72.76496062992125
Free,1,Sims Con_88,-0.5,0.0,Correct,0.5,74.58496955887317
Free,1,Sims Con_88,0.0,0.0,Error,-0.5,69.36609798775152
Free,1,Sims Con_88,0.0,0.0,Correct,0.5,82.67690417525286
Free,1,Sims Con_88,0.5,0.0,Error,-0.5,65.96723534558178
Free,1,Sims Con_88,0.5,0.0,Correct,0.5,90.76883879163255
Free,1,Sims Con_88,-0.5,1.0,Error,-0.5,74.71968503937009
Free,1,Sims Con_88,-0.5,1.0,Correct,0.5,76.76034857339603
Free,1,Sims Con_88,0.0,1.0,Error,-0.5,72.53932633420823
Free,1,Sims Con_88,0.0,1.0,Correct,0.5,84.3109296157306
Free,1,Sims Con_88,0.5,1.0,Error,-0.5,70.35896762904636
Free,1,Sims Con_88,0.5,1.0,Correct,0.5,91.86151065806517
Non-Free,0,Sims Con_88,-0.5,-1.0,Error,-0.5,46.280056226227906
Non-Free,0,Sims Con_88,-0.5,-1.0,Correct,0.5,55.186264483682514
Non-Free,0,Sims Con_88,0.0,-1.0,Error,-0.5,37.632234992558324
Non-Free,0,Sims Con_88,0.0,-1.0,Correct,0.5,70.32489594591446
Non-Free,0,Sims Con_88,0.5,-1.0,Error,-0.5,28.98441375888874
Non-Free,0,Sims Con_88,0.5,-1.0,Correct,0.5,85.4635274081464
Non-Free,0,Sims Con_88,-0.5,0.0,Error,-0.5,46.54107408632382
Non-Free,0,Sims Con_88,-0.5,0.0,Correct,0.5,55.37578412719831
Non-Free,0,Sims Con_88,0.0,0.0,Error,-0.5,36.692574830494486
Non-Free,0,Sims Con_88,0.0,0.0,Correct,0.5,70.89139014360072
Non-Free,0,Sims Con_88,0.5,0.0,Error,-0.5,26.84407557466515
Non-Free,0,Sims Con_88,0.5,0.0,Correct,0.5,86.40699616000312
Non-Free,0,Sims Con_88,-0.5,1.0,Error,-0.5,46.80209194641973
Non-Free,0,Sims Con_88,-0.5,1.0,Correct,0.5,55.5653037707141
Non-Free,0,Sims Con_88,0.0,1.0,Error,-0.5,35.75291466843065
Non-Free,0,Sims Con_88,0.0,1.0,Correct,0.5,71.45788434128697
Non-Free,0,Sims Con_88,0.5,1.0,Error,-0.5,24.703737390441564
Non-Free,0,Sims Con_88,0.5,1.0,Correct,0.5,87.35046491185983
Free,1,Sims Con_89,-0.5,-1.0,Error,-0.5,45.74899705803688
Free,1,Sims Con_89,-0.5,-1.0,Correct,0.5,46.557890959456806
Free,1,Sims Con_89,0.0,-1.0,Error,-0.5,45.83462824284568
Free,1,Sims Con_89,0.0,-1.0,Correct,0.5,49.85504812208076
Free,1,Sims Con_89,0.5,-1.0,Error,-0.5,45.920259427654486
Free,1,Sims Con_89,0.5,-1.0,Correct,0.5,53.15220528470472
Free,1,Sims Con_89,-0.5,0.0,Error,-0.5,51.045232682535406
Free,1,Sims Con_89,-0.5,0.0,Correct,0.5,51.279067708032024
Free,1,Sims Con_89,0.0,0.0,Error,-0.5,50.71507756084513
Free,1,Sims Con_89,0.0,0.0,Correct,0.5,57.5251112771921
Free,1,Sims Con_89,0.5,0.0,Error,-0.5,50.384922439154856
Free,1,Sims Con_89,0.5,0.0,Correct,0.5,63.77115484635218
Free,1,Sims Con_89,-0.5,1.0,Error,-0.5,56.341468307033935
Free,1,Sims Con_89,-0.5,1.0,Correct,0.5,56.00024445660724
Free,1,Sims Con_89,0.0,1.0,Error,-0.5,55.59552687884458
Free,1,Sims Con_89,0.0,1.0,Correct,0.5,65.19517443230345
Free,1,Sims Con_89,0.5,1.0,Error,-0.5,54.849585450655226
Free,1,Sims Con_89,0.5,1.0,Correct,0.5,74.39010440799964
Non-Free,0,Sims Con_89,-0.5,-1.0,Error,-0.5,45.650654787898034
Non-Free,0,Sims Con_89,-0.5,-1.0,Correct,0.5,46.46517766937971
Non-Free,0,Sims Con_89,0.0,-1.0,Error,-0.5,44.259825876906035
Non-Free,0,Sims Con_89,0.0,-1.0,Correct,0.5,50.07740061512163
Non-Free,0,Sims Con_89,0.5,-1.0,Error,-0.5,42.86899696591403
Non-Free,0,Sims Con_89,0.5,-1.0,Correct,0.5,53.68962356086356
Non-Free,0,Sims Con_89,-0.5,0.0,Error,-0.5,47.982659119059825
Non-Free,0,Sims Con_89,-0.5,0.0,Correct,0.5,49.45684214006612
Non-Free,0,Sims Con_89,0.0,0.0,Error,-0.5,44.13618646722974
Non-Free,0,Sims Con_89,0.0,0.0,Correct,0.5,56.64030573233473
Non-Free,0,Sims Con_89,0.5,0.0,Error,-0.5,40.28971381539966
Non-Free,0,Sims Con_89,0.5,0.0,Correct,0.5,63.82376932460334
Non-Free,0,Sims Con_89,-0.5,1.0,Error,-0.5,50.314663450221616
Non-Free,0,Sims Con_89,-0.5,1.0,Correct,0.5,52.44850661075253
Non-Free,0,Sims Con_89,0.0,1.0,Error,-0.5,44.01254705755345
Non-Free,0,Sims Con_89,0.0,1.0,Correct,0.5,63.20321084954783
Non-Free,0,Sims Con_89,0.5,1.0,Error,-0.5,37.71043066488528
Non-Free,0,Sims Con_89,0.5,1.0,Correct,0.5,73.95791508834313
Free,1,Sims Con_9,-0.5,-1.0,Error,-0.5,87.16598388855373
Free,1,Sims Con_9,-0.5,-1.0,Correct,0.5,88.49203700316872
Free,1,Sims Con_9,0.0,-1.0,Error,-0.5,87.54078143690396
Free,1,Sims Con_9,0.0,-1.0,Correct,0.5,92.91109298949277
Free,1,Sims Con_9,0.5,-1.0,Error,-0.5,87.91557898525417
Free,1,Sims Con_9,0.5,-1.0,Correct,0.5,97.33014897581681
Free,1,Sims Con_9,-0.5,0.0,Error,-0.5,87.01360263372399
Free,1,Sims Con_9,-0.5,0.0,Correct,0.5,88.68318090346295
Free,1,Sims Con_9,0.0,0.0,Error,-0.5,87.56743095472498
Free,1,Sims Con_9,0.0,0.0,Correct,0.5,93.07879832995295
Free,1,Sims Con_9,0.5,0.0,Error,-0.5,88.12125927572598
Free,1,Sims Con_9,0.5,0.0,Correct,0.5,97.47441575644294
Free,1,Sims Con_9,-0.5,1.0,Error,-0.5,86.86122137889426
Free,1,Sims Con_9,-0.5,1.0,Correct,0.5,88.87432480375719
Free,1,Sims Con_9,0.0,1.0,Error,-0.5,87.59408047254601
Free,1,Sims Con_9,0.0,1.0,Correct,0.5,93.24650367041312
Free,1,Sims Con_9,0.5,1.0,Error,-0.5,88.32693956619778
Free,1,Sims Con_9,0.5,1.0,Correct,0.5,97.61868253706906
Non-Free,0,Sims Con_9,-0.5,-1.0,Error,-0.5,52.089787441974146
Non-Free,0,Sims Con_9,-0.5,-1.0,Correct,0.5,65.0916238701729
Non-Free,0,Sims Con_9,0.0,-1.0,Error,-0.5,39.860860004886426
Non-Free,0,Sims Con_9,0.0,-1.0,Correct,0.5,79.87488435904193
Non-Free,0,Sims Con_9,0.5,-1.0,Error,-0.5,27.631932567798714
Non-Free,0,Sims Con_9,0.5,-1.0,Correct,0.5,94.65814484791095
Non-Free,0,Sims Con_9,-0.5,0.0,Error,-0.5,52.411922795015926
Non-Free,0,Sims Con_9,-0.5,0.0,Correct,0.5,65.16901538966607
Non-Free,0,Sims Con_9,0.0,0.0,Error,-0.5,36.419496701685844
Non-Free,0,Sims Con_9,0.0,0.0,Correct,0.5,79.26960529134955
Non-Free,0,Sims Con_9,0.5,0.0,Error,-0.5,20.427070608355763
Non-Free,0,Sims Con_9,0.5,0.0,Correct,0.5,93.37019519303303
Non-Free,0,Sims Con_9,-0.5,1.0,Error,-0.5,52.734058148057706
Non-Free,0,Sims Con_9,-0.5,1.0,Correct,0.5,65.24640690915925
Non-Free,0,Sims Con_9,0.0,1.0,Error,-0.5,32.97813339848526
Non-Free,0,Sims Con_9,0.0,1.0,Correct,0.5,78.66432622365717
Non-Free,0,Sims Con_9,0.5,1.0,Error,-0.5,13.222208648912813
Non-Free,0,Sims Con_9,0.5,1.0,Correct,0.5,92.0822455381551
Free,1,Sims Con_90,-0.5,-1.0,Error,-0.5,29.542094455852148
Free,1,Sims Con_90,-0.5,-1.0,Correct,0.5,30.964388194539485
Free,1,Sims Con_90,0.0,-1.0,Error,-0.5,18.502200058668212
Free,1,Sims Con_90,0.0,-1.0,Correct,0.5,44.19163446531344
Free,1,Sims Con_90,0.5,-1.0,Error,-0.5,7.462305661484276
Free,1,Sims Con_90,0.5,-1.0,Correct,0.5,57.418880736087395
Free,1,Sims Con_90,-0.5,0.0,Error,-0.5,30.877383396890597
Free,1,Sims Con_90,-0.5,0.0,Correct,0.5,33.267813136082104
Free,1,Sims Con_90,0.0,0.0,Error,-0.5,21.746553241419775
Free,1,Sims Con_90,0.0,0.0,Correct,0.5,47.02693191807113
Free,1,Sims Con_90,0.5,0.0,Error,-0.5,12.615723085948954
Free,1,Sims Con_90,0.5,0.0,Correct,0.5,60.78605070006015
Free,1,Sims Con_90,-0.5,1.0,Error,-0.5,32.21267233792905
Free,1,Sims Con_90,-0.5,1.0,Correct,0.5,35.57123807762472
Free,1,Sims Con_90,0.0,1.0,Error,-0.5,24.99090642417134
Free,1,Sims Con_90,0.0,1.0,Correct,0.5,49.862229370828814
Free,1,Sims Con_90,0.5,1.0,Error,-0.5,17.76914051041363
Free,1,Sims Con_90,0.5,1.0,Correct,0.5,64.1532206640329
Non-Free,0,Sims Con_90,-0.5,-1.0,Error,-0.5,28.003379371143108
Non-Free,0,Sims Con_90,-0.5,-1.0,Correct,0.5,29.906823852039693
Non-Free,0,Sims Con_90,0.0,-1.0,Error,-0.5,19.663728083063955
Non-Free,0,Sims Con_90,0.0,-1.0,Correct,0.5,43.321784650525856
Non-Free,0,Sims Con_90,0.5,-1.0,Error,-0.5,11.324076794984803
Non-Free,0,Sims Con_90,0.5,-1.0,Correct,0.5,56.73674544901202
Non-Free,0,Sims Con_90,-0.5,0.0,Error,-0.5,29.176706827309236
Non-Free,0,Sims Con_90,-0.5,0.0,Correct,0.5,31.711825149370856
Non-Free,0,Sims Con_90,0.0,0.0,Error,-0.5,20.858850034283464
Non-Free,0,Sims Con_90,0.0,0.0,Correct,0.5,46.232460991000636
Non-Free,0,Sims Con_90,0.5,0.0,Error,-0.5,12.540993241257691
Non-Free,0,Sims Con_90,0.5,0.0,Correct,0.5,60.75309683263042
Non-Free,0,Sims Con_90,-0.5,1.0,Error,-0.5,30.350034283475363
Non-Free,0,Sims Con_90,-0.5,1.0,Correct,0.5,33.51682644670202
Non-Free,0,Sims Con_90,0.0,1.0,Error,-0.5,22.053971985502972
Non-Free,0,Sims Con_90,0.0,1.0,Correct,0.5,49.143137331475415
Non-Free,0,Sims Con_90,0.5,1.0,Error,-0.5,13.757909687530582
Non-Free,0,Sims Con_90,0.5,1.0,Correct,0.5,64.76944821624882
Free,1,Sims Con_91,-0.5,-1.0,Error,-0.5,66.40082377253923
Free,1,Sims Con_91,-0.5,-1.0,Correct,0.5,68.30514543036485
Free,1,Sims Con_91,0.0,-1.0,Error,-0.5,63.24252101247208
Free,1,Sims Con_91,0.0,-1.0,Correct,0.5,78.3465561185077
Free,1,Sims Con_91,0.5,-1.0,Error,-0.5,60.08421825240494
Free,1,Sims Con_91,0.5,-1.0,Correct,0.5,88.38796680665057
Free,1,Sims Con_91,-0.5,0.0,Error,-0.5,70.33098137433339
Free,1,Sims Con_91,-0.5,0.0,Correct,0.5,72.33369164466323
Free,1,Sims Con_91,0.0,0.0,Error,-0.5,68.07576594559974
Free,1,Sims Con_91,0.0,0.0,Correct,0.5,81.28567197380423
Free,1,Sims Con_91,0.5,0.0,Error,-0.5,65.82055051686609
Free,1,Sims Con_91,0.5,0.0,Correct,0.5,90.23765230294522
Free,1,Sims Con_91,-0.5,1.0,Error,-0.5,74.26113897612755
Free,1,Sims Con_91,-0.5,1.0,Correct,0.5,76.36223785896162
Free,1,Sims Con_91,0.0,1.0,Error,-0.5,72.9090108787274
Free,1,Sims Con_91,0.0,1.0,Correct,0.5,84.22478782910075
Free,1,Sims Con_91,0.5,1.0,Error,-0.5,71.55688278132725
Free,1,Sims Con_91,0.5,1.0,Correct,0.5,92.08733779923988
Non-Free,0,Sims Con_91,-0.5,-1.0,Error,-0.5,43.573237187015586
Non-Free,0,Sims Con_91,-0.5,-1.0,Correct,0.5,51.38886524449501
Non-Free,0,Sims Con_91,0.0,-1.0,Error,-0.5,34.43804904401752
Non-Free,0,Sims Con_91,0.0,-1.0,Correct,0.5,68.5567154494673
Non-Free,0,Sims Con_91,0.5,-1.0,Error,-0.5,25.302860901019447
Non-Free,0,Sims Con_91,0.5,-1.0,Correct,0.5,85.7245656544396
Non-Free,0,Sims Con_91,-0.5,0.0,Error,-0.5,45.41767275802136
Non-Free,0,Sims Con_91,-0.5,0.0,Correct,0.5,54.411092455752765
Non-Free,0,Sims Con_91,0.0,0.0,Error,-0.5,35.68163667966368
Non-Free,0,Sims Con_91,0.0,0.0,Correct,0.5,70.67804903878331
Non-Free,0,Sims Con_91,0.5,0.0,Error,-0.5,25.945600601306005
Non-Free,0,Sims Con_91,0.5,0.0,Correct,0.5,86.94500562181386
Non-Free,0,Sims Con_91,-0.5,1.0,Error,-0.5,47.262108329027136
Non-Free,0,Sims Con_91,-0.5,1.0,Correct,0.5,57.43331966701052
Non-Free,0,Sims Con_91,0.0,1.0,Error,-0.5,36.92522431530985
Non-Free,0,Sims Con_91,0.0,1.0,Correct,0.5,72.79938262809932
Non-Free,0,Sims Con_91,0.5,1.0,Error,-0.5,26.588340301592563
Non-Free,0,Sims Con_91,0.5,1.0,Correct,0.5,88.16544558918812
Free,1,Sims Con_92,-0.5,-1.0,Error,-0.5,65.76274271844659
Free,1,Sims Con_92,-0.5,-1.0,Correct,0.5,70.68790194052696
Free,1,Sims Con_92,0.0,-1.0,Error,-0.5,59.01941747572817
Free,1,Sims Con_92,0.0,-1.0,Correct,0.5,81.63905791309053
Free,1,Sims Con_92,0.5,-1.0,Error,-0.5,52.27609223300975
Free,1,Sims Con_92,0.5,-1.0,Correct,0.5,92.59021388565411
Free,1,Sims Con_92,-0.5,0.0,Error,-0.5,67.57281553398057
Free,1,Sims Con_92,-0.5,0.0,Correct,0.5,72.78665391567424
Free,1,Sims Con_92,0.0,0.0,Error,-0.5,61.94478155339807
Free,1,Sims Con_92,0.0,0.0,Correct,0.5,83.07331261184069
Free,1,Sims Con_92,0.5,0.0,Error,-0.5,56.316747572815565
Free,1,Sims Con_92,0.5,0.0,Correct,0.5,93.35997130800715
Free,1,Sims Con_92,-0.5,1.0,Error,-0.5,69.38288834951456
Free,1,Sims Con_92,-0.5,1.0,Correct,0.5,74.88540589082152
Free,1,Sims Con_92,0.0,1.0,Error,-0.5,64.87014563106797
Free,1,Sims Con_92,0.0,1.0,Correct,0.5,84.50756731059086
Free,1,Sims Con_92,0.5,1.0,Error,-0.5,60.357402912621374
Free,1,Sims Con_92,0.5,1.0,Correct,0.5,94.12972873036018
Non-Free,0,Sims Con_92,-0.5,-1.0,Error,-0.5,37.20770948732829
Non-Free,0,Sims Con_92,-0.5,-1.0,Correct,0.5,56.62551563472812
Non-Free,0,Sims Con_92,0.0,-1.0,Error,-0.5,22.470864549658447
Non-Free,0,Sims Con_92,0.0,-1.0,Correct,0.5,74.4080731617337
Non-Free,0,Sims Con_92,0.5,-1.0,Error,-0.5,7.73401961198861
Non-Free,0,Sims Con_92,0.5,-1.0,Correct,0.5,92.19063068873928
Non-Free,0,Sims Con_92,-0.5,0.0,Error,-0.5,38.552529915778365
Non-Free,0,Sims Con_92,-0.5,0.0,Correct,0.5,58.27753478559282
Non-Free,0,Sims Con_92,0.0,0.0,Error,-0.5,23.54868977924018
Non-Free,0,Sims Con_92,0.0,0.0,Correct,0.5,75.71520997233563
Non-Free,0,Sims Con_92,0.5,0.0,Error,-0.5,8.544849642702
Non-Free,0,Sims Con_92,0.5,0.0,Correct,0.5,93.15288515907844
Non-Free,0,Sims Con_92,-0.5,1.0,Error,-0.5,39.89735034422844
Non-Free,0,Sims Con_92,-0.5,1.0,Correct,0.5,59.92955393645752
Non-Free,0,Sims Con_92,0.0,1.0,Error,-0.5,24.626515008821915
Non-Free,0,Sims Con_92,0.0,1.0,Correct,0.5,77.02234678293756
Non-Free,0,Sims Con_92,0.5,1.0,Error,-0.5,9.35567967341539
Non-Free,0,Sims Con_92,0.5,1.0,Correct,0.5,94.1151396294176
Free,1,Sims Con_93,-0.5,-1.0,Error,-0.5,62.63290924022358
Free,1,Sims Con_93,-0.5,-1.0,Correct,0.5,66.47138976127485
Free,1,Sims Con_93,0.0,-1.0,Error,-0.5,57.75446376753151
Free,1,Sims Con_93,0.0,-1.0,Correct,0.5,75.53756593835043
Free,1,Sims Con_93,0.5,-1.0,Error,-0.5,52.87601829483944
Free,1,Sims Con_93,0.5,-1.0,Correct,0.5,84.603742115426
Free,1,Sims Con_93,-0.5,0.0,Error,-0.5,74.1174429294413
Free,1,Sims Con_93,-0.5,0.0,Correct,0.5,77.18959746729283
Free,1,Sims Con_93,0.0,0.0,Error,-0.5,71.09185729240518
Free,1,Sims Con_93,0.0,0.0,Correct,0.5,83.9713805393583
Free,1,Sims Con_93,0.5,0.0,Error,-0.5,68.06627165536906
Free,1,Sims Con_93,0.5,0.0,Correct,0.5,90.75316361142376
Free,1,Sims Con_93,-0.5,1.0,Error,-0.5,85.60197661865901
Free,1,Sims Con_93,-0.5,1.0,Correct,0.5,87.9078051733108
Free,1,Sims Con_93,0.0,1.0,Error,-0.5,84.42925081727884
Free,1,Sims Con_93,0.0,1.0,Correct,0.5,92.40519514036616
Free,1,Sims Con_93,0.5,1.0,Error,-0.5,83.25652501589869
Free,1,Sims Con_93,0.5,1.0,Correct,0.5,96.90258510742152
Non-Free,0,Sims Con_93,-0.5,-1.0,Error,-0.5,41.71729058766586
Non-Free,0,Sims Con_93,-0.5,-1.0,Correct,0.5,50.35571609437897
Non-Free,0,Sims Con_93,0.0,-1.0,Error,-0.5,35.01492510337319
Non-Free,0,Sims Con_93,0.0,-1.0,Correct,0.5,67.01517274435415
Non-Free,0,Sims Con_93,0.5,-1.0,Error,-0.5,28.31255961908051
Non-Free,0,Sims Con_93,0.5,-1.0,Correct,0.5,83.67462939432932
Non-Free,0,Sims Con_93,-0.5,0.0,Error,-0.5,45.568023488160485
Non-Free,0,Sims Con_93,-0.5,0.0,Correct,0.5,55.88209622579854
Non-Free,0,Sims Con_93,0.0,0.0,Error,-0.5,36.8902055013224
Non-Free,0,Sims Con_93,0.0,0.0,Correct,0.5,71.75301040577175
Non-Free,0,Sims Con_93,0.5,0.0,Error,-0.5,28.212387514484313
Non-Free,0,Sims Con_93,0.5,0.0,Correct,0.5,87.62392458574496
Non-Free,0,Sims Con_93,-0.5,1.0,Error,-0.5,49.41875638865511
Non-Free,0,Sims Con_93,-0.5,1.0,Correct,0.5,61.40847635721811
Non-Free,0,Sims Con_93,0.0,1.0,Error,-0.5,38.76548589927161
Non-Free,0,Sims Con_93,0.0,1.0,Correct,0.5,76.49084806718935
Non-Free,0,Sims Con_93,0.5,1.0,Error,-0.5,28.112215409888112
Non-Free,0,Sims Con_93,0.5,1.0,Correct,0.5,91.57321977716059
Free,1,Sims Con_94,-0.5,-1.0,Error,-0.5,66.54185554548201
Free,1,Sims Con_94,-0.5,-1.0,Correct,0.5,72.4575193157042
Free,1,Sims Con_94,0.0,-1.0,Error,-0.5,60.62284678150501
Free,1,Sims Con_94,0.0,-1.0,Correct,0.5,82.8641706673429
Free,1,Sims Con_94,0.5,-1.0,Error,-0.5,54.70383801752803
Free,1,Sims Con_94,0.5,-1.0,Correct,0.5,93.27082201898162
Free,1,Sims Con_94,-0.5,0.0,Error,-0.5,67.85388334844362
Free,1,Sims Con_94,-0.5,0.0,Correct,0.5,73.64481763028256
Free,1,Sims Con_94,0.0,0.0,Error,-0.5,63.13145965548506
Free,1,Sims Con_94,0.0,0.0,Correct,0.5,83.83193431378534
Free,1,Sims Con_94,0.5,0.0,Error,-0.5,58.40903596252651
Free,1,Sims Con_94,0.5,0.0,Correct,0.5,94.01905099728812
Free,1,Sims Con_94,-0.5,1.0,Error,-0.5,69.16591115140523
Free,1,Sims Con_94,-0.5,1.0,Correct,0.5,74.83211594486092
Free,1,Sims Con_94,0.0,1.0,Error,-0.5,65.6400725294651
Free,1,Sims Con_94,0.0,1.0,Correct,0.5,84.79969796022777
Free,1,Sims Con_94,0.5,1.0,Error,-0.5,62.11423390752499
Free,1,Sims Con_94,0.5,1.0,Correct,0.5,94.76727997559462
Non-Free,0,Sims Con_94,-0.5,-1.0,Error,-0.5,39.12236663378089
Non-Free,0,Sims Con_94,-0.5,-1.0,Correct,0.5,59.0646696562768
Non-Free,0,Sims Con_94,0.0,-1.0,Error,-0.5,24.64486767039844
Non-Free,0,Sims Con_94,0.0,-1.0,Correct,0.5,76.52499173568825
Non-Free,0,Sims Con_94,0.5,-1.0,Error,-0.5,10.167368707015981
Non-Free,0,Sims Con_94,0.5,-1.0,Correct,0.5,93.98531381509969
Non-Free,0,Sims Con_94,-0.5,0.0,Error,-0.5,39.823586268033594
Non-Free,0,Sims Con_94,-0.5,0.0,Correct,0.5,60.299414449401404
Non-Free,0,Sims Con_94,0.0,0.0,Error,-0.5,24.935658216445766
Non-Free,0,Sims Con_94,0.0,0.0,Correct,0.5,77.33295012114519
Non-Free,0,Sims Con_94,0.5,0.0,Error,-0.5,10.047730164857935
Non-Free,0,Sims Con_94,0.5,0.0,Correct,0.5,94.36648579288897
Non-Free,0,Sims Con_94,-0.5,1.0,Error,-0.5,40.524805902286296
Non-Free,0,Sims Con_94,-0.5,1.0,Correct,0.5,61.53415924252601
Non-Free,0,Sims Con_94,0.0,1.0,Error,-0.5,25.226448762493092
Non-Free,0,Sims Con_94,0.0,1.0,Correct,0.5,78.14090850660213
Non-Free,0,Sims Con_94,0.5,1.0,Error,-0.5,9.928091622699888
Non-Free,0,Sims Con_94,0.5,1.0,Correct,0.5,94.74765777067825
Free,1,Sims Con_95,-0.5,-1.0,Error,-0.5,52.08500914076776
Free,1,Sims Con_95,-0.5,-1.0,Correct,0.5,59.548487052511526
Free,1,Sims Con_95,0.0,-1.0,Error,-0.5,42.85146252285191
Free,1,Sims Con_95,0.0,-1.0,Correct,0.5,74.15092364947007
Free,1,Sims Con_95,0.5,-1.0,Error,-0.5,33.61791590493606
Free,1,Sims Con_95,0.5,-1.0,Correct,0.5,88.75336024642861
Free,1,Sims Con_95,-0.5,0.0,Error,-0.5,55.886654478976205
Free,1,Sims Con_95,-0.5,0.0,Correct,0.5,63.27531596451588
Free,1,Sims Con_95,0.0,0.0,Error,-0.5,47.648537477148075
Free,1,Sims Con_95,0.0,0.0,Correct,0.5,76.91463534958191
Free,1,Sims Con_95,0.5,0.0,Error,-0.5,39.410420475319945
Free,1,Sims Con_95,0.5,0.0,Correct,0.5,90.55395473464795
Free,1,Sims Con_95,-0.5,1.0,Error,-0.5,59.68829981718465
Free,1,Sims Con_95,-0.5,1.0,Correct,0.5,67.00214487652025
Free,1,Sims Con_95,0.0,1.0,Error,-0.5,52.44561243144424
Free,1,Sims Con_95,0.0,1.0,Correct,0.5,79.67834704969376
Free,1,Sims Con_95,0.5,1.0,Error,-0.5,45.20292504570383
Free,1,Sims Con_95,0.5,1.0,Correct,0.5,92.35454922286728
Non-Free,0,Sims Con_95,-0.5,-1.0,Error,-0.5,34.52174521392319
Non-Free,0,Sims Con_95,-0.5,-1.0,Correct,0.5,51.766008193672654
Non-Free,0,Sims Con_95,0.0,-1.0,Error,-0.5,20.1481074240685
Non-Free,0,Sims Con_95,0.0,-1.0,Correct,0.5,70.79819342192548
Non-Free,0,Sims Con_95,0.5,-1.0,Error,-0.5,5.774469634213812
Non-Free,0,Sims Con_95,0.5,-1.0,Correct,0.5,89.8303786501783
Non-Free,0,Sims Con_95,-0.5,0.0,Error,-0.5,34.553824094264165
Non-Free,0,Sims Con_95,-0.5,0.0,Correct,0.5,53.522388426820115
Non-Free,0,Sims Con_95,0.0,0.0,Error,-0.5,20.772047033010043
Non-Free,0,Sims Con_95,0.0,0.0,Correct,0.5,72.54948376808176
Non-Free,0,Sims Con_95,0.5,0.0,Error,-0.5,6.990269971755922
Non-Free,0,Sims Con_95,0.5,0.0,Correct,0.5,91.5765791093434
Non-Free,0,Sims Con_95,-0.5,1.0,Error,-0.5,34.58590297460514
Non-Free,0,Sims Con_95,-0.5,1.0,Correct,0.5,55.278768659967575
Non-Free,0,Sims Con_95,0.0,1.0,Error,-0.5,21.395986641951588
Non-Free,0,Sims Con_95,0.0,1.0,Correct,0.5,74.30077411423804
Non-Free,0,Sims Con_95,0.5,1.0,Error,-0.5,8.206070309298031
Non-Free,0,Sims Con_95,0.5,1.0,Correct,0.5,93.3227795685085
Free,1,Sims Con_96,-0.5,-1.0,Error,-0.5,52.02598999754043
Free,1,Sims Con_96,-0.5,-1.0,Correct,0.5,57.53950254165762
Free,1,Sims Con_96,0.0,-1.0,Error,-0.5,43.675329999180136
Free,1,Sims Con_96,0.0,-1.0,Correct,0.5,71.85250599281228
Free,1,Sims Con_96,0.5,-1.0,Error,-0.5,35.32467000081984
Free,1,Sims Con_96,0.5,-1.0,Correct,0.5,86.16550944396694
Free,1,Sims Con_96,-0.5,0.0,Error,-0.5,58.093629581044546
Free,1,Sims Con_96,-0.5,0.0,Correct,0.5,63.04453026436767
Free,1,Sims Con_96,0.0,0.0,Error,-0.5,51.63745183241777
Free,1,Sims Con_96,0.0,0.0,Correct,0.5,75.98370206691827
Free,1,Sims Con_96,0.5,0.0,Error,-0.5,45.18127408379099
Free,1,Sims Con_96,0.5,0.0,Correct,0.5,88.92287386946886
Free,1,Sims Con_96,-0.5,1.0,Error,-0.5,64.16126916454866
Free,1,Sims Con_96,-0.5,1.0,Correct,0.5,68.54955798707772
Free,1,Sims Con_96,0.0,1.0,Error,-0.5,59.5995736656554
Free,1,Sims Con_96,0.0,1.0,Correct,0.5,80.11489814102426
Free,1,Sims Con_96,0.5,1.0,Error,-0.5,55.037878166762134
Free,1,Sims Con_96,0.5,1.0,Correct,0.5,91.68023829497078
Non-Free,0,Sims Con_96,-0.5,-1.0,Error,-0.5,36.127202243801655
Non-Free,0,Sims Con_96,-0.5,-1.0,Correct,0.5,48.94065292194922
Non-Free,0,Sims Con_96,0.0,-1.0,Error,-0.5,22.894831426059177
Non-Free,0,Sims Con_96,0.0,-1.0,Correct,0.5,67.53557610188966
Non-Free,0,Sims Con_96,0.5,-1.0,Error,-0.5,9.662460608316696
Non-Free,0,Sims Con_96,0.5,-1.0,Correct,0.5,86.13049928183008
Non-Free,0,Sims Con_96,-0.5,0.0,Error,-0.5,37.776617866976466
Non-Free,0,Sims Con_96,-0.5,0.0,Correct,0.5,52.986489507857314
Non-Free,0,Sims Con_96,0.0,0.0,Error,-0.5,23.995298670791456
Non-Free,0,Sims Con_96,0.0,0.0,Correct,0.5,71.2717865729312
Non-Free,0,Sims Con_96,0.5,0.0,Error,-0.5,10.213979474606443
Non-Free,0,Sims Con_96,0.5,0.0,Correct,0.5,89.5570836380051
Non-Free,0,Sims Con_96,-0.5,1.0,Error,-0.5,39.426033490151276
Non-Free,0,Sims Con_96,-0.5,1.0,Correct,0.5,57.032326093765406
Non-Free,0,Sims Con_96,0.0,1.0,Error,-0.5,25.095765915523735
Non-Free,0,Sims Con_96,0.0,1.0,Correct,0.5,75.00799704397275
Non-Free,0,Sims Con_96,0.5,1.0,Error,-0.5,10.765498340896192
Non-Free,0,Sims Con_96,0.5,1.0,Correct,0.5,92.98366799418011
Free,1,Sims Con_97,-0.5,-1.0,Error,-0.5,54.63711012972677
Free,1,Sims Con_97,-0.5,-1.0,Correct,0.5,54.652774774718516
Free,1,Sims Con_97,0.0,-1.0,Error,-0.5,54.34163676511181
Free,1,Sims Con_97,0.0,-1.0,Correct,0.5,61.787145880553
Free,1,Sims Con_97,0.5,-1.0,Error,-0.5,54.04616340049685
Free,1,Sims Con_97,0.5,-1.0,Correct,0.5,68.92151698638747
Free,1,Sims Con_97,-0.5,0.0,Error,-0.5,54.80554788849022
Free,1,Sims Con_97,-0.5,0.0,Correct,0.5,54.20808587979021
Free,1,Sims Con_97,0.0,0.0,Error,-0.5,54.2294369307204
Free,1,Sims Con_97,0.0,0.0,Correct,0.5,62.04209991275866
Free,1,Sims Con_97,0.5,0.0,Error,-0.5,53.653325972950576
Free,1,Sims Con_97,0.5,0.0,Correct,0.5,69.87611394572711
Free,1,Sims Con_97,-0.5,1.0,Error,-0.5,54.97398564725366
Free,1,Sims Con_97,-0.5,1.0,Correct,0.5,53.763396984861906
Free,1,Sims Con_97,0.0,1.0,Error,-0.5,54.117237096328985
Free,1,Sims Con_97,0.0,1.0,Correct,0.5,62.29705394496432
Free,1,Sims Con_97,0.5,1.0,Error,-0.5,53.2604885454043
Free,1,Sims Con_97,0.5,1.0,Correct,0.5,70.83071090506674
Non-Free,0,Sims Con_97,-0.5,-1.0,Error,-0.5,49.65538955659088
Non-Free,0,Sims Con_97,-0.5,-1.0,Correct,0.5,51.31715186412957
Non-Free,0,Sims Con_97,0.0,-1.0,Error,-0.5,42.24521191319038
Non-Free,0,Sims Con_97,0.0,-1.0,Correct,0.5,60.50732302332105
Non-Free,0,Sims Con_97,0.5,-1.0,Error,-0.5,34.83503426978989
Non-Free,0,Sims Con_97,0.5,-1.0,Correct,0.5,69.69749418251253
Non-Free,0,Sims Con_97,-0.5,0.0,Error,-0.5,49.3252724905583
Non-Free,0,Sims Con_97,-0.5,0.0,Correct,0.5,51.29201334233246
Non-Free,0,Sims Con_97,0.0,0.0,Error,-0.5,44.26546982429335
Non-Free,0,Sims Con_97,0.0,0.0,Correct,0.5,60.83543388379552
Non-Free,0,Sims Con_97,0.5,0.0,Error,-0.5,39.2056671580284
Non-Free,0,Sims Con_97,0.5,0.0,Correct,0.5,70.37885442525857
Non-Free,0,Sims Con_97,-0.5,1.0,Error,-0.5,48.99515542452571
Non-Free,0,Sims Con_97,-0.5,1.0,Correct,0.5,51.26687482053535
Non-Free,0,Sims Con_97,0.0,1.0,Error,-0.5,46.285727735396314
Non-Free,0,Sims Con_97,0.0,1.0,Correct,0.5,61.163544744269984
Non-Free,0,Sims Con_97,0.5,1.0,Error,-0.5,43.576300046266915
Non-Free,0,Sims Con_97,0.5,1.0,Correct,0.5,71.06021466800462
Free,1,Sims Con_98,-0.5,-1.0,Error,-0.5,79.92849849001676
Free,1,Sims Con_98,-0.5,-1.0,Correct,0.5,82.45573989778224
Free,1,Sims Con_98,0.0,-1.0,Error,-0.5,79.02497447150586
Free,1,Sims Con_98,0.0,-1.0,Correct,0.5,89.15148356534665
Free,1,Sims Con_98,0.5,-1.0,Error,-0.5,78.12145045299494
Free,1,Sims Con_98,0.5,-1.0,Correct,0.5,95.84722723291107
Free,1,Sims Con_98,-0.5,0.0,Error,-0.5,79.12127664197104
Free,1,Sims Con_98,-0.5,0.0,Correct,0.5,82.0108136002409
Free,1,Sims Con_98,0.0,0.0,Error,-0.5,77.98994068698805
Free,1,Sims Con_98,0.0,0.0,Correct,0.5,88.82727427158869
Free,1,Sims Con_98,0.5,0.0,Error,-0.5,76.85860473200506
Free,1,Sims Con_98,0.5,0.0,Correct,0.5,95.64373494293649
Free,1,Sims Con_98,-0.5,1.0,Error,-0.5,78.31405479392531
Free,1,Sims Con_98,-0.5,1.0,Correct,0.5,81.56588730269955
Free,1,Sims Con_98,0.0,1.0,Error,-0.5,76.95490690247024
Free,1,Sims Con_98,0.0,1.0,Correct,0.5,88.50306497783073
Free,1,Sims Con_98,0.5,1.0,Error,-0.5,75.59575901101519
Free,1,Sims Con_98,0.5,1.0,Correct,0.5,95.44024265296191
Non-Free,0,Sims Con_98,-0.5,-1.0,Error,-0.5,45.69082205348298
Non-Free,0,Sims Con_98,-0.5,-1.0,Correct,0.5,63.15073238041296
Non-Free,0,Sims Con_98,0.0,-1.0,Error,-0.5,34.17274678111588
Non-Free,0,Sims Con_98,0.0,-1.0,Correct,0.5,78.93496183780634
Non-Free,0,Sims Con_98,0.5,-1.0,Error,-0.5,22.654671508748784
Non-Free,0,Sims Con_98,0.5,-1.0,Correct,0.5,94.71919129519974
Non-Free,0,Sims Con_98,-0.5,0.0,Error,-0.5,47.25982172334105
Non-Free,0,Sims Con_98,-0.5,0.0,Correct,0.5,63.02576545875837
Non-Free,0,Sims Con_98,0.0,0.0,Error,-0.5,33.49335589303401
Non-Free,0,Sims Con_98,0.0,0.0,Correct,0.5,78.62147992783292
Non-Free,0,Sims Con_98,0.5,0.0,Error,-0.5,19.72689006272697
Non-Free,0,Sims Con_98,0.5,0.0,Correct,0.5,94.21719439690747
Non-Free,0,Sims Con_98,-0.5,1.0,Error,-0.5,48.828821393199114
Non-Free,0,Sims Con_98,-0.5,1.0,Correct,0.5,62.90079853710378
Non-Free,0,Sims Con_98,0.0,1.0,Error,-0.5,32.81396500495213
Non-Free,0,Sims Con_98,0.0,1.0,Correct,0.5,78.3079980178595
Non-Free,0,Sims Con_98,0.5,1.0,Error,-0.5,16.799108616705155
Non-Free,0,Sims Con_98,0.5,1.0,Correct,0.5,93.71519749861521
Free,1,Sims Con_99,-0.5,-1.0,Error,-0.5,76.82575757575759
Free,1,Sims Con_99,-0.5,-1.0,Correct,0.5,78.30135174267096
Free,1,Sims Con_99,0.0,-1.0,Error,-0.5,77.66666666666661
Free,1,Sims Con_99,0.0,-1.0,Correct,0.5,86.45494000700572
Free,1,Sims Con_99,0.5,-1.0,Error,-0.5,78.50757575757565
Free,1,Sims Con_99,0.5,-1.0,Correct,0.5,94.60852827134049
Free,1,Sims Con_99,-0.5,0.0,Error,-0.5,77.57575757575758
Free,1,Sims Con_99,-0.5,0.0,Correct,0.5,79.33889895708312
Free,1,Sims Con_99,0.0,0.0,Error,-0.5,79.0
Free,1,Sims Con_99,0.0,0.0,Correct,0.5,87.17179391621298
Free,1,Sims Con_99,0.5,0.0,Error,-0.5,80.42424242424242
Free,1,Sims Con_99,0.5,0.0,Correct,0.5,95.00468887534284
Free,1,Sims Con_99,-0.5,1.0,Error,-0.5,78.32575757575756
Free,1,Sims Con_99,-0.5,1.0,Correct,0.5,80.37644617149527
Free,1,Sims Con_99,0.0,1.0,Error,-0.5,80.33333333333339
Free,1,Sims Con_99,0.0,1.0,Correct,0.5,87.88864782542024
Free,1,Sims Con_99,0.5,1.0,Error,-0.5,82.34090909090921
Free,1,Sims Con_99,0.5,1.0,Correct,0.5,95.4008494793452
Non-Free,0,Sims Con_99,-0.5,-1.0,Error,-0.5,51.34242639438236
Non-Free,0,Sims Con_99,-0.5,-1.0,Correct,0.5,65.40829451493694
Non-Free,0,Sims Con_99,0.0,-1.0,Error,-0.5,38.47458535837362
Non-Free,0,Sims Con_99,0.0,-1.0,Correct,0.5,79.63276851447948
Non-Free,0,Sims Con_99,0.5,-1.0,Error,-0.5,25.606744322364893
Non-Free,0,Sims Con_99,0.5,-1.0,Correct,0.5,93.85724251402202
Non-Free,0,Sims Con_99,-0.5,0.0,Error,-0.5,51.35009445052849
Non-Free,0,Sims Con_99,-0.5,0.0,Correct,0.5,65.77997766083078
Non-Free,0,Sims Con_99,0.0,0.0,Error,-0.5,38.44419588724224
Non-Free,0,Sims Con_99,0.0,0.0,Correct,0.5,80.08861637908583
Non-Free,0,Sims Con_99,0.5,0.0,Error,-0.5,25.538297323955987
Non-Free,0,Sims Con_99,0.5,0.0,Correct,0.5,94.39725509734089
Non-Free,0,Sims Con_99,-0.5,1.0,Error,-0.5,51.35776250667462
Non-Free,0,Sims Con_99,-0.5,1.0,Correct,0.5,66.15166080672462
Non-Free,0,Sims Con_99,0.0,1.0,Error,-0.5,38.41380641611085
Non-Free,0,Sims Con_99,0.0,1.0,Correct,0.5,80.54446424369219
Non-Free,0,Sims Con_99,0.5,1.0,Error,-0.5,25.469850325547082
Non-Free,0,Sims Con_99,0.5,1.0,Correct,0.5,94.93726768065976
