stim,incentive,a,correct,conf,participant,choiceType,coh
38.0,1.0,1,1,99.988594,1,Replayed,38.0
-5.0,1.0,-1,1,77.870766,1,Replayed,5.0
-9.0,0.0,-1,1,88.29768,1,Replayed,9.0
-38.0,0.0,-1,1,99.98558,1,Replayed,38.0
1.0,0.0,1,1,62.95632,1,Replayed,1.0
-1.0,-1.0,1,0,54.93068,1,Replayed,1.0
3.0,0.0,1,1,72.61573,1,Replayed,3.0
5.0,-1.0,1,1,77.78444,1,Replayed,5.0
3.0,-1.0,1,1,71.28419,1,Replayed,3.0
3.0,1.0,1,1,74.091354,1,Replayed,3.0
-1.0,1.0,1,0,57.524986,1,Replayed,1.0
3.0,-1.0,1,1,72.26826,1,Replayed,3.0
-5.0,1.0,-1,1,77.3262,1,Replayed,5.0
-1.0,-1.0,1,0,54.348366,1,Replayed,1.0
-3.0,-1.0,1,0,47.894234,1,Replayed,3.0
9.0,-1.0,1,1,89.16448,1,Replayed,9.0
1.0,-1.0,-1,0,49.288742,1,Replayed,1.0
-3.0,-1.0,-1,1,67.703285,1,Replayed,3.0
38.0,-1.0,1,1,99.984604,1,Replayed,38.0
1.0,-1.0,1,1,62.135487,1,Replayed,1.0
3.0,0.0,-1,0,44.35606,1,Replayed,3.0
9.0,1.0,1,1,91.11954,1,Replayed,9.0
3.0,-1.0,1,1,71.30172,1,Replayed,3.0
-5.0,0.0,-1,1,77.02129,1,Replayed,5.0
3.0,1.0,1,1,73.88956,1,Replayed,3.0
5.0,1.0,1,1,81.404945,1,Replayed,5.0
-5.0,0.0,1,0,42.465973,1,Replayed,5.0
-5.0,-1.0,-1,1,74.743744,1,Replayed,5.0
9.0,0.0,1,1,90.33249,1,Replayed,9.0
-3.0,-1.0,-1,1,67.07847,1,Replayed,3.0
-9.0,-1.0,-1,1,87.212036,1,Replayed,9.0
1.0,-1.0,1,1,62.633278,1,Replayed,1.0
5.0,0.0,1,1,79.7708,1,Replayed,5.0
-1.0,1.0,-1,1,61.446583,1,Replayed,1.0
9.0,0.0,1,1,90.3109,1,Replayed,9.0
5.0,1.0,1,1,81.078835,1,Replayed,5.0
3.0,-1.0,1,1,70.93894,1,Replayed,3.0
-1.0,0.0,-1,1,58.7954,1,Replayed,1.0
3.0,1.0,1,1,73.72002,1,Replayed,3.0
9.0,-1.0,1,1,88.771194,1,Replayed,9.0
-5.0,0.0,-1,1,76.08356,1,Replayed,5.0
-5.0,1.0,-1,1,77.69309,1,Replayed,5.0
-5.0,0.0,-1,1,76.18644,1,Replayed,5.0
-5.0,-1.0,-1,1,75.08645,1,Replayed,5.0
9.0,0.0,1,1,89.8327,1,Replayed,9.0
-9.0,0.0,-1,1,88.69534,1,Replayed,9.0
38.0,0.0,1,1,99.98686,1,Replayed,38.0
-5.0,-1.0,-1,1,74.10446,1,Replayed,5.0
-3.0,1.0,-1,1,68.95227,1,Replayed,3.0
-38.0,1.0,-1,1,99.987495,1,Replayed,38.0
5.0,1.0,1,1,81.25051,1,Replayed,5.0
38.0,0.0,1,1,99.987495,1,Replayed,38.0
-3.0,-1.0,1,0,46.625362,1,Replayed,3.0
9.0,1.0,1,1,91.14386,1,Replayed,9.0
-38.0,0.0,-1,1,99.98467,1,Replayed,38.0
-5.0,1.0,-1,1,78.52486,1,Replayed,5.0
-9.0,1.0,-1,1,89.007164,1,Replayed,9.0
3.0,1.0,1,1,73.289925,1,Replayed,3.0
-38.0,-1.0,-1,1,99.98323,1,Replayed,38.0
1.0,-1.0,-1,0,49.03625,1,Replayed,1.0
38.0,-1.0,1,1,99.985756,1,Replayed,38.0
3.0,1.0,1,1,74.08557,1,Replayed,3.0
5.0,-1.0,1,1,77.83962,1,Replayed,5.0
1.0,1.0,1,1,64.34183,1,Replayed,1.0
9.0,-1.0,1,1,89.23415,1,Replayed,9.0
-1.0,-1.0,1,0,55.59246,1,Replayed,1.0
38.0,-1.0,1,1,99.9848,1,Replayed,38.0
5.0,0.0,1,1,79.39034,1,Replayed,5.0
1.0,0.0,-1,0,51.451786,1,Replayed,1.0
-38.0,1.0,-1,1,99.98718,1,Replayed,38.0
-5.0,-1.0,-1,1,73.8722,1,Replayed,5.0
-1.0,1.0,-1,1,61.046993,1,Replayed,1.0
3.0,-1.0,1,1,71.909164,1,Replayed,3.0
1.0,1.0,-1,0,52.522522,1,Replayed,1.0
-3.0,-1.0,-1,1,66.76967,1,Replayed,3.0
-1.0,1.0,-1,1,59.89895,1,Replayed,1.0
5.0,1.0,1,1,80.68111,1,Replayed,5.0
-38.0,0.0,-1,1,99.98598,1,Replayed,38.0
3.0,0.0,-1,0,43.462666,1,Replayed,3.0
-3.0,-1.0,-1,1,66.117935,1,Replayed,3.0
-38.0,-1.0,-1,1,99.98241,1,Replayed,38.0
-38.0,1.0,-1,1,99.98724,1,Replayed,38.0
-1.0,1.0,1,0,57.309277,1,Replayed,1.0
5.0,-1.0,1,1,77.754555,1,Replayed,5.0
-1.0,1.0,1,0,56.876785,1,Replayed,1.0
38.0,1.0,1,1,99.9885,1,Replayed,38.0
38.0,1.0,1,1,99.98861,1,Replayed,38.0
9.0,-1.0,1,1,89.17768,1,Replayed,9.0
-1.0,0.0,1,0,54.842175,1,Replayed,1.0
-38.0,0.0,-1,1,99.985214,1,Replayed,38.0
38.0,1.0,1,1,99.98807,1,Replayed,38.0
1.0,-1.0,-1,0,50.055267,1,Replayed,1.0
-3.0,0.0,-1,1,67.54574,1,Replayed,3.0
9.0,-1.0,1,1,89.02368,1,Replayed,9.0
-38.0,-1.0,-1,1,99.98128,1,Replayed,38.0
-1.0,0.0,1,0,56.42677,1,Replayed,1.0
-3.0,0.0,-1,1,68.40794,1,Replayed,3.0
9.0,1.0,1,1,90.93253,1,Replayed,9.0
-3.0,0.0,-1,1,67.89896,1,Replayed,3.0
38.0,-1.0,1,1,99.98496,1,Replayed,38.0
5.0,-1.0,1,1,79.55709,1,Replayed,5.0
-5.0,1.0,-1,1,77.56755,1,Replayed,5.0
-9.0,-1.0,-1,1,86.672226,1,Replayed,9.0
-5.0,1.0,1,0,44.81754,1,Replayed,5.0
-3.0,1.0,-1,1,68.711426,1,Replayed,3.0
9.0,-1.0,1,1,88.770424,1,Replayed,9.0
-1.0,-1.0,1,0,54.23689,1,Replayed,1.0
-3.0,0.0,-1,1,67.488174,1,Replayed,3.0
38.0,-1.0,1,1,99.985245,1,Replayed,38.0
3.0,1.0,1,1,73.49618,1,Replayed,3.0
9.0,1.0,1,1,90.923676,1,Replayed,9.0
-9.0,0.0,-1,1,88.08411,1,Replayed,9.0
-5.0,-1.0,-1,1,74.39582,1,Replayed,5.0
5.0,1.0,1,1,80.81051,1,Replayed,5.0
-38.0,0.0,-1,1,99.98506,1,Replayed,38.0
-9.0,-1.0,-1,1,86.6598,1,Replayed,9.0
-1.0,0.0,-1,1,60.4452,1,Replayed,1.0
3.0,1.0,1,1,73.459435,1,Replayed,3.0
-38.0,1.0,-1,1,99.98772,1,Replayed,38.0
38.0,1.0,1,1,99.98859,1,Replayed,38.0
1.0,0.0,-1,0,50.81163,1,Replayed,1.0
38.0,0.0,1,1,99.98753,1,Replayed,38.0
38.0,0.0,1,1,99.98728,1,Replayed,38.0
-9.0,-1.0,-1,1,87.11081,1,Replayed,9.0
-5.0,1.0,-1,1,78.01769,1,Replayed,5.0
9.0,-1.0,1,1,89.47687,1,Replayed,9.0
-38.0,-1.0,-1,1,99.98317,1,Replayed,38.0
9.0,0.0,1,1,90.454155,1,Replayed,9.0
-3.0,1.0,-1,1,70.13483,1,Replayed,3.0
-9.0,1.0,-1,1,89.2245,1,Replayed,9.0
-5.0,-1.0,-1,1,75.33791,1,Replayed,5.0
1.0,0.0,1,1,63.55272,1,Replayed,1.0
-5.0,-1.0,-1,1,74.14794,1,Replayed,5.0
-38.0,0.0,-1,1,99.98568,1,Replayed,38.0
1.0,1.0,1,1,64.9905,1,Replayed,1.0
-5.0,0.0,-1,1,76.495445,1,Replayed,5.0
-3.0,1.0,-1,1,69.82855,1,Replayed,3.0
1.0,1.0,1,1,64.29021,1,Replayed,1.0
-9.0,1.0,-1,1,89.43273,1,Replayed,9.0
-9.0,-1.0,-1,1,87.10318,1,Replayed,9.0
5.0,0.0,1,1,78.958305,1,Replayed,5.0
-3.0,-1.0,-1,1,66.50442,1,Replayed,3.0
-5.0,0.0,-1,1,75.79876,1,Replayed,5.0
38.0,0.0,1,1,99.987404,1,Replayed,38.0
-1.0,1.0,-1,1,61.72263,1,Replayed,1.0
3.0,-1.0,1,1,71.29348,1,Replayed,3.0
3.0,0.0,1,1,71.92639,1,Replayed,3.0
-1.0,-1.0,-1,1,56.843906,1,Replayed,1.0
9.0,0.0,1,1,90.38486,1,Replayed,9.0
1.0,1.0,1,1,64.68243,1,Replayed,1.0
3.0,0.0,-1,0,43.52978,1,Replayed,3.0
38.0,0.0,1,1,99.9874,1,Replayed,38.0
-1.0,-1.0,-1,1,58.019714,1,Replayed,1.0
-38.0,1.0,-1,1,99.98739,1,Replayed,38.0
-3.0,-1.0,1,0,46.773006,1,Replayed,3.0
-3.0,1.0,-1,1,69.79927,1,Replayed,3.0
38.0,-1.0,1,1,99.98573,1,Replayed,38.0
5.0,0.0,-1,0,37.657875,1,Replayed,5.0
-5.0,1.0,-1,1,77.89446,1,Replayed,5.0
-3.0,0.0,-1,1,67.442604,1,Replayed,3.0
5.0,1.0,1,1,81.5675,1,Replayed,5.0
3.0,0.0,1,1,72.33313,1,Replayed,3.0
-5.0,0.0,-1,1,76.52897,1,Replayed,5.0
9.0,0.0,1,1,90.23599,1,Replayed,9.0
1.0,-1.0,1,1,62.479736,1,Replayed,1.0
38.0,0.0,1,1,99.986855,1,Replayed,38.0
-9.0,1.0,-1,1,89.42889,1,Replayed,9.0
9.0,0.0,1,1,89.92883,1,Replayed,9.0
9.0,-1.0,1,1,89.4355,1,Replayed,9.0
-38.0,-1.0,-1,1,99.98215,1,Replayed,38.0
5.0,-1.0,1,1,78.15149,1,Replayed,5.0
1.0,1.0,1,1,65.01962,1,Replayed,1.0
-3.0,1.0,-1,1,69.025925,1,Replayed,3.0
-9.0,0.0,-1,1,88.07961,1,Replayed,9.0
-9.0,1.0,-1,1,89.087845,1,Replayed,9.0
9.0,1.0,1,1,91.38894,1,Replayed,9.0
3.0,-1.0,1,1,71.38065,1,Replayed,3.0
5.0,0.0,1,1,80.2741,1,Replayed,5.0
-38.0,0.0,-1,1,99.98611,1,Replayed,38.0
1.0,-1.0,1,1,62.31286,1,Replayed,1.0
1.0,1.0,-1,0,51.360775,1,Replayed,1.0
-38.0,1.0,-1,1,99.986984,1,Replayed,38.0
-1.0,-1.0,1,0,53.291344,1,Replayed,1.0
9.0,1.0,1,1,91.36098,1,Replayed,9.0
5.0,0.0,1,1,80.24441,1,Replayed,5.0
38.0,0.0,1,1,99.98671,1,Replayed,38.0
-38.0,1.0,-1,1,99.987946,1,Replayed,38.0
3.0,0.0,1,1,72.71023,1,Replayed,3.0
-38.0,1.0,-1,1,99.987526,1,Replayed,38.0
5.0,-1.0,1,1,78.3458,1,Replayed,5.0
-38.0,-1.0,-1,1,99.98315,1,Replayed,38.0
-1.0,0.0,-1,1,58.8912,1,Replayed,1.0
-5.0,-1.0,-1,1,74.352005,1,Replayed,5.0
1.0,0.0,1,1,64.36321,1,Replayed,1.0
-1.0,0.0,1,0,56.002808,1,Replayed,1.0
-9.0,0.0,-1,1,88.12694,1,Replayed,9.0
-3.0,1.0,-1,1,69.67501,1,Replayed,3.0
-5.0,0.0,-1,1,76.828835,1,Replayed,5.0
5.0,0.0,1,1,79.99923,1,Replayed,5.0
9.0,1.0,1,1,91.08672,1,Replayed,9.0
-9.0,-1.0,-1,1,86.69009,1,Replayed,9.0
-1.0,0.0,-1,1,59.699406,1,Replayed,1.0
-38.0,-1.0,-1,1,99.982605,1,Replayed,38.0
-1.0,1.0,-1,1,61.042065,1,Replayed,1.0
-9.0,0.0,-1,1,87.8437,1,Replayed,9.0
-3.0,0.0,1,0,48.549454,1,Replayed,3.0
38.0,1.0,1,1,99.98861,1,Replayed,38.0
5.0,1.0,1,1,81.06541,1,Replayed,5.0
9.0,0.0,1,1,90.06826,1,Replayed,9.0
-3.0,1.0,1,0,50.879894,1,Replayed,3.0
-9.0,0.0,-1,1,88.181786,1,Replayed,9.0
-9.0,1.0,-1,1,89.44271,1,Replayed,9.0
1.0,0.0,1,1,63.30421,1,Replayed,1.0
38.0,1.0,1,1,99.98834,1,Replayed,38.0
-38.0,-1.0,-1,1,99.98308,1,Replayed,38.0
3.0,0.0,1,1,72.182526,1,Replayed,3.0
-9.0,0.0,-1,1,88.02355,1,Replayed,9.0
5.0,1.0,1,1,81.32688,1,Replayed,5.0
-3.0,0.0,1,0,49.79015,1,Replayed,3.0
-9.0,-1.0,-1,1,86.53865,1,Replayed,9.0
1.0,0.0,1,1,64.1166,1,Replayed,1.0
5.0,0.0,1,1,79.79295,1,Replayed,5.0
9.0,1.0,1,1,91.63301,1,Replayed,9.0
3.0,1.0,-1,0,46.354805,1,Replayed,3.0
5.0,-1.0,1,1,78.56073,1,Replayed,5.0
-1.0,0.0,1,0,56.79294,1,Replayed,1.0
3.0,-1.0,-1,0,43.27618,1,Replayed,3.0
-9.0,-1.0,-1,1,86.635765,1,Replayed,9.0
-9.0,1.0,-1,1,89.51723,1,Replayed,9.0
-3.0,0.0,-1,1,68.79407,1,Replayed,3.0
5.0,-1.0,1,1,78.59797,1,Replayed,5.0
-1.0,-1.0,1,0,55.117374,1,Replayed,1.0
1.0,0.0,1,1,63.294376,1,Replayed,1.0
38.0,-1.0,1,1,99.98443,1,Replayed,38.0
-9.0,1.0,-1,1,88.87567,1,Replayed,9.0
-38.0,0.0,-1,1,99.98551,1,Replayed,38.0
38.0,1.0,1,1,99.987915,1,Replayed,38.0
38.0,0.0,1,1,73.53969,2,Replayed,38.0
9.0,0.0,1,1,56.102745,2,Replayed,9.0
3.0,0.0,1,1,51.89371,2,Replayed,3.0
9.0,1.0,1,1,56.95499,2,Replayed,9.0
3.0,1.0,1,1,53.052307,2,Replayed,3.0
38.0,-1.0,1,1,72.67253,2,Replayed,38.0
5.0,-1.0,1,1,53.274197,2,Replayed,5.0
5.0,-1.0,1,1,53.14815,2,Replayed,5.0
-1.0,1.0,1,0,49.330395,2,Replayed,1.0
-3.0,-1.0,-1,1,47.34916,2,Replayed,3.0
38.0,1.0,1,1,75.49783,2,Replayed,38.0
5.0,0.0,1,1,53.431606,2,Replayed,5.0
-38.0,-1.0,-1,1,68.36216,2,Replayed,38.0
-3.0,-1.0,1,0,46.62817,2,Replayed,3.0
-38.0,0.0,-1,1,70.18072,2,Replayed,38.0
-9.0,-1.0,-1,1,50.839806,2,Replayed,9.0
9.0,-1.0,1,1,55.12905,2,Replayed,9.0
-9.0,1.0,-1,1,50.95339,2,Replayed,9.0
-9.0,-1.0,1,0,40.50137,2,Replayed,9.0
-1.0,0.0,1,0,49.522358,2,Replayed,1.0
3.0,1.0,-1,0,43.00317,2,Replayed,3.0
3.0,0.0,1,1,52.46969,2,Replayed,3.0
1.0,-1.0,1,1,49.813038,2,Replayed,1.0
3.0,1.0,1,1,52.41946,2,Replayed,3.0
-38.0,-1.0,-1,1,68.208015,2,Replayed,38.0
-9.0,0.0,-1,1,51.918404,2,Replayed,9.0
-9.0,-1.0,-1,1,50.176476,2,Replayed,9.0
9.0,0.0,1,1,55.276585,2,Replayed,9.0
-5.0,1.0,-1,1,48.997265,2,Replayed,5.0
1.0,-1.0,-1,0,43.79718,2,Replayed,1.0
-1.0,0.0,1,0,48.56954,2,Replayed,1.0
5.0,0.0,1,1,53.445236,2,Replayed,5.0
38.0,1.0,1,1,75.41708,2,Replayed,38.0
9.0,-1.0,1,1,56.482117,2,Replayed,9.0
9.0,0.0,1,1,55.512733,2,Replayed,9.0
1.0,-1.0,1,1,50.53941,2,Replayed,1.0
-3.0,0.0,1,0,47.48681,2,Replayed,3.0
-9.0,-1.0,-1,1,51.484917,2,Replayed,9.0
3.0,-1.0,1,1,50.893806,2,Replayed,3.0
-9.0,1.0,-1,1,52.429794,2,Replayed,9.0
-38.0,0.0,-1,1,70.51739,2,Replayed,38.0
-3.0,0.0,-1,1,47.724953,2,Replayed,3.0
-9.0,0.0,-1,1,51.3031,2,Replayed,9.0
3.0,0.0,1,1,52.564316,2,Replayed,3.0
9.0,0.0,1,1,56.507576,2,Replayed,9.0
-3.0,1.0,1,0,46.63515,2,Replayed,3.0
-5.0,-1.0,-1,1,48.241024,2,Replayed,5.0
-5.0,1.0,1,0,46.161915,2,Replayed,5.0
9.0,-1.0,1,1,54.55907,2,Replayed,9.0
-9.0,1.0,-1,1,52.14938,2,Replayed,9.0
38.0,-1.0,1,1,72.67104,2,Replayed,38.0
-9.0,0.0,-1,1,51.014233,2,Replayed,9.0
1.0,-1.0,1,1,50.67228,2,Replayed,1.0
-9.0,0.0,-1,1,52.27413,2,Replayed,9.0
38.0,-1.0,1,1,72.85817,2,Replayed,38.0
38.0,1.0,1,1,75.53935,2,Replayed,38.0
-5.0,1.0,-1,1,50.363014,2,Replayed,5.0
9.0,-1.0,1,1,55.550064,2,Replayed,9.0
-38.0,-1.0,-1,1,69.22541,2,Replayed,38.0
-9.0,-1.0,1,0,40.339123,2,Replayed,9.0
3.0,0.0,1,1,51.75956,2,Replayed,3.0
1.0,0.0,-1,0,45.783867,2,Replayed,1.0
9.0,-1.0,1,1,55.832436,2,Replayed,9.0
-3.0,0.0,1,0,47.328186,2,Replayed,3.0
-1.0,1.0,1,0,49.38766,2,Replayed,1.0
-5.0,-1.0,1,0,44.264637,2,Replayed,5.0
-38.0,1.0,-1,1,71.38362,2,Replayed,38.0
-1.0,1.0,1,0,49.299026,2,Replayed,1.0
-9.0,0.0,-1,1,52.13759,2,Replayed,9.0
-1.0,-1.0,1,0,49.23369,2,Replayed,1.0
-3.0,1.0,-1,1,47.764694,2,Replayed,3.0
-5.0,1.0,-1,1,50.26311,2,Replayed,5.0
-1.0,-1.0,-1,1,45.70436,2,Replayed,1.0
3.0,1.0,1,1,52.623512,2,Replayed,3.0
3.0,-1.0,1,1,51.17913,2,Replayed,3.0
1.0,1.0,1,1,50.99236,2,Replayed,1.0
3.0,0.0,1,1,52.545868,2,Replayed,3.0
-1.0,0.0,1,0,50.014286,2,Replayed,1.0
-1.0,1.0,1,0,49.774017,2,Replayed,1.0
38.0,1.0,1,1,75.58132,2,Replayed,38.0
5.0,1.0,1,1,54.086937,2,Replayed,5.0
-38.0,1.0,-1,1,72.846756,2,Replayed,38.0
5.0,1.0,1,1,53.95104,2,Replayed,5.0
38.0,-1.0,1,1,73.59089,2,Replayed,38.0
9.0,1.0,1,1,57.31301,2,Replayed,9.0
-1.0,0.0,1,0,47.60216,2,Replayed,1.0
9.0,1.0,1,1,56.758724,2,Replayed,9.0
5.0,-1.0,1,1,51.941883,2,Replayed,5.0
-38.0,1.0,-1,1,72.61007,2,Replayed,38.0
5.0,-1.0,1,1,53.26648,2,Replayed,5.0
-38.0,1.0,-1,1,70.79581,2,Replayed,38.0
3.0,-1.0,1,1,51.83825,2,Replayed,3.0
38.0,1.0,1,1,76.28559,2,Replayed,38.0
9.0,0.0,1,1,56.379086,2,Replayed,9.0
5.0,0.0,1,1,54.048496,2,Replayed,5.0
-38.0,1.0,-1,1,72.38539,2,Replayed,38.0
-9.0,1.0,1,0,43.386356,2,Replayed,9.0
5.0,-1.0,1,1,52.520134,2,Replayed,5.0
9.0,1.0,1,1,57.721962,2,Replayed,9.0
9.0,0.0,1,1,56.037693,2,Replayed,9.0
38.0,0.0,1,1,74.32413,2,Replayed,38.0
-5.0,0.0,-1,1,49.578625,2,Replayed,5.0
38.0,-1.0,1,1,73.13265,2,Replayed,38.0
-38.0,-1.0,-1,1,68.832504,2,Replayed,38.0
1.0,1.0,-1,0,45.022278,2,Replayed,1.0
-5.0,0.0,-1,1,49.592213,2,Replayed,5.0
-38.0,-1.0,-1,1,69.33674,2,Replayed,38.0
1.0,0.0,-1,0,45.566906,2,Replayed,1.0
-1.0,-1.0,1,0,48.676342,2,Replayed,1.0
5.0,1.0,1,1,53.336258,2,Replayed,5.0
-5.0,0.0,-1,1,49.133293,2,Replayed,5.0
9.0,-1.0,-1,0,35.850792,2,Replayed,9.0
-38.0,-1.0,-1,1,69.3422,2,Replayed,38.0
-38.0,-1.0,-1,1,68.936264,2,Replayed,38.0
-1.0,0.0,1,0,49.50499,2,Replayed,1.0
3.0,-1.0,1,1,51.47563,2,Replayed,3.0
9.0,-1.0,1,1,56.432106,2,Replayed,9.0
-5.0,0.0,-1,1,48.35576,2,Replayed,5.0
3.0,-1.0,1,1,52.432983,2,Replayed,3.0
3.0,1.0,1,1,52.92669,2,Replayed,3.0
-3.0,0.0,1,0,47.49931,2,Replayed,3.0
-3.0,-1.0,1,0,46.517273,2,Replayed,3.0
1.0,-1.0,1,1,50.87134,2,Replayed,1.0
-5.0,1.0,1,0,45.98348,2,Replayed,5.0
-38.0,0.0,-1,1,70.49242,2,Replayed,38.0
-1.0,1.0,1,0,49.495953,2,Replayed,1.0
1.0,0.0,1,1,51.144833,2,Replayed,1.0
-38.0,-1.0,-1,1,69.61735,2,Replayed,38.0
-5.0,1.0,-1,1,50.07905,2,Replayed,5.0
5.0,1.0,1,1,54.295677,2,Replayed,5.0
-38.0,1.0,-1,1,72.56545,2,Replayed,38.0
-5.0,-1.0,-1,1,47.635372,2,Replayed,5.0
1.0,1.0,1,1,50.714375,2,Replayed,1.0
-5.0,-1.0,-1,1,48.231606,2,Replayed,5.0
-38.0,0.0,-1,1,70.23279,2,Replayed,38.0
-9.0,1.0,-1,1,52.5715,2,Replayed,9.0
5.0,0.0,1,1,53.654373,2,Replayed,5.0
1.0,1.0,1,1,51.098503,2,Replayed,1.0
38.0,-1.0,1,1,72.99267,2,Replayed,38.0
5.0,1.0,-1,0,40.94926,2,Replayed,5.0
-3.0,1.0,1,0,47.412952,2,Replayed,3.0
-38.0,0.0,-1,1,69.99649,2,Replayed,38.0
-1.0,0.0,1,0,49.427593,2,Replayed,1.0
5.0,-1.0,1,1,53.619957,2,Replayed,5.0
-38.0,0.0,-1,1,70.181725,2,Replayed,38.0
5.0,1.0,1,1,53.9576,2,Replayed,5.0
-3.0,-1.0,-1,1,46.101562,2,Replayed,3.0
9.0,1.0,1,1,56.882263,2,Replayed,9.0
-5.0,0.0,-1,1,49.62855,2,Replayed,5.0
-9.0,-1.0,-1,1,50.503086,2,Replayed,9.0
-3.0,-1.0,-1,1,46.856136,2,Replayed,3.0
-3.0,-1.0,-1,1,46.28322,2,Replayed,3.0
-9.0,0.0,-1,1,51.72724,2,Replayed,9.0
-1.0,-1.0,1,0,48.535316,2,Replayed,1.0
5.0,1.0,1,1,53.434498,2,Replayed,5.0
-3.0,1.0,1,0,48.247517,2,Replayed,3.0
-1.0,-1.0,1,0,48.798172,2,Replayed,1.0
-9.0,0.0,-1,1,51.301163,2,Replayed,9.0
1.0,1.0,1,1,50.941093,2,Replayed,1.0
-3.0,1.0,1,0,48.19065,2,Replayed,3.0
-1.0,0.0,-1,1,45.823635,2,Replayed,1.0
1.0,0.0,1,1,50.503586,2,Replayed,1.0
-9.0,-1.0,-1,1,50.92389,2,Replayed,9.0
5.0,-1.0,-1,0,39.60846,2,Replayed,5.0
-38.0,1.0,-1,1,71.29815,2,Replayed,38.0
-1.0,1.0,1,0,48.96251,2,Replayed,1.0
-1.0,-1.0,1,0,48.54992,2,Replayed,1.0
3.0,0.0,1,1,53.353073,2,Replayed,3.0
38.0,0.0,1,1,74.790726,2,Replayed,38.0
38.0,1.0,1,1,75.50579,2,Replayed,38.0
1.0,-1.0,1,1,50.19365,2,Replayed,1.0
-38.0,1.0,-1,1,72.76119,2,Replayed,38.0
3.0,-1.0,-1,0,41.839844,2,Replayed,3.0
-3.0,1.0,1,0,47.98776,2,Replayed,3.0
-9.0,1.0,1,0,41.69773,2,Replayed,9.0
1.0,0.0,-1,0,44.155537,2,Replayed,1.0
38.0,-1.0,1,1,73.48783,2,Replayed,38.0
9.0,1.0,1,1,56.870438,2,Replayed,9.0
-5.0,-1.0,1,0,44.814,2,Replayed,5.0
-5.0,0.0,-1,1,47.954506,2,Replayed,5.0
9.0,0.0,1,1,55.073692,2,Replayed,9.0
-9.0,1.0,-1,1,52.230366,2,Replayed,9.0
-3.0,1.0,-1,1,46.961422,2,Replayed,3.0
1.0,-1.0,-1,0,43.020206,2,Replayed,1.0
3.0,-1.0,1,1,51.864647,2,Replayed,3.0
3.0,1.0,-1,0,44.043365,2,Replayed,3.0
3.0,-1.0,1,1,50.806343,2,Replayed,3.0
-1.0,1.0,1,0,49.16743,2,Replayed,1.0
-3.0,0.0,1,0,47.97913,2,Replayed,3.0
1.0,1.0,1,1,50.92892,2,Replayed,1.0
1.0,0.0,-1,0,44.282066,2,Replayed,1.0
-1.0,-1.0,-1,1,44.809315,2,Replayed,1.0
5.0,-1.0,1,1,51.950413,2,Replayed,5.0
5.0,0.0,1,1,53.792828,2,Replayed,5.0
38.0,0.0,1,1,74.22008,2,Replayed,38.0
-1.0,0.0,1,0,48.934128,2,Replayed,1.0
3.0,0.0,1,1,51.715786,2,Replayed,3.0
3.0,1.0,1,1,53.25895,2,Replayed,3.0
1.0,0.0,-1,0,43.788292,2,Replayed,1.0
1.0,1.0,1,1,51.849194,2,Replayed,1.0
5.0,0.0,1,1,53.196484,2,Replayed,5.0
-38.0,0.0,-1,1,71.74142,2,Replayed,38.0
-5.0,-1.0,-1,1,47.662224,2,Replayed,5.0
-38.0,0.0,-1,1,69.99107,2,Replayed,38.0
-3.0,1.0,1,0,48.14151,2,Replayed,3.0
-9.0,-1.0,-1,1,49.609413,2,Replayed,9.0
5.0,0.0,1,1,53.628098,2,Replayed,5.0
9.0,-1.0,1,1,55.499966,2,Replayed,9.0
-5.0,-1.0,-1,1,48.860535,2,Replayed,5.0
-1.0,-1.0,1,0,48.595013,2,Replayed,1.0
38.0,0.0,1,1,74.62772,2,Replayed,38.0
9.0,1.0,1,1,56.786747,2,Replayed,9.0
-5.0,1.0,-1,1,49.920254,2,Replayed,5.0
3.0,1.0,1,1,52.381927,2,Replayed,3.0
5.0,0.0,-1,0,40.503376,2,Replayed,5.0
38.0,0.0,1,1,74.326965,2,Replayed,38.0
9.0,0.0,1,1,55.946022,2,Replayed,9.0
3.0,0.0,1,1,52.905552,2,Replayed,3.0
-3.0,0.0,-1,1,47.012684,2,Replayed,3.0
-5.0,1.0,-1,1,48.22447,2,Replayed,5.0
-5.0,0.0,1,0,44.237152,2,Replayed,5.0
1.0,0.0,1,1,50.01479,2,Replayed,1.0
9.0,1.0,1,1,56.454193,2,Replayed,9.0
-3.0,0.0,1,0,46.97887,2,Replayed,3.0
38.0,0.0,1,1,74.2889,2,Replayed,38.0
-9.0,1.0,-1,1,50.718277,2,Replayed,9.0
38.0,-1.0,1,1,73.26227,2,Replayed,38.0
-3.0,0.0,-1,1,48.204582,2,Replayed,3.0
38.0,-1.0,1,1,94.26834,3,Replayed,38.0
9.0,-1.0,-1,0,64.86179,3,Replayed,9.0
1.0,0.0,-1,0,70.66,3,Replayed,1.0
-9.0,-1.0,-1,1,77.81482,3,Replayed,9.0
-1.0,1.0,-1,1,74.5152,3,Replayed,1.0
9.0,1.0,1,1,81.798164,3,Replayed,9.0
1.0,1.0,1,1,75.204,3,Replayed,1.0
38.0,1.0,1,1,95.971436,3,Replayed,38.0
-3.0,-1.0,1,0,68.52537,3,Replayed,3.0
-3.0,1.0,-1,1,75.71653,3,Replayed,3.0
9.0,1.0,1,1,81.36932,3,Replayed,9.0
-1.0,0.0,1,0,71.295074,3,Replayed,1.0
38.0,1.0,1,1,95.92289,3,Replayed,38.0
-38.0,-1.0,-1,1,94.6976,3,Replayed,38.0
-3.0,-1.0,-1,1,71.82362,3,Replayed,3.0
-5.0,1.0,-1,1,78.09694,3,Replayed,5.0
38.0,-1.0,1,1,94.32042,3,Replayed,38.0
5.0,-1.0,-1,0,67.19106,3,Replayed,5.0
3.0,1.0,-1,0,72.61309,3,Replayed,3.0
5.0,-1.0,1,1,74.274155,3,Replayed,5.0
5.0,1.0,1,1,78.79588,3,Replayed,5.0
9.0,-1.0,-1,0,64.59672,3,Replayed,9.0
38.0,-1.0,1,1,94.33169,3,Replayed,38.0
5.0,0.0,-1,0,69.912735,3,Replayed,5.0
3.0,1.0,-1,0,72.92794,3,Replayed,3.0
-9.0,-1.0,-1,1,78.44192,3,Replayed,9.0
3.0,0.0,1,1,74.72423,3,Replayed,3.0
5.0,1.0,1,1,77.72572,3,Replayed,5.0
-3.0,0.0,-1,1,74.11848,3,Replayed,3.0
-3.0,-1.0,-1,1,72.54525,3,Replayed,3.0
38.0,-1.0,1,1,94.336365,3,Replayed,38.0
-38.0,0.0,-1,1,95.28031,3,Replayed,38.0
-9.0,0.0,-1,1,79.85481,3,Replayed,9.0
1.0,0.0,1,1,72.84947,3,Replayed,1.0
-1.0,0.0,1,0,71.059074,3,Replayed,1.0
-3.0,0.0,1,0,70.68605,3,Replayed,3.0
5.0,-1.0,1,1,74.61711,3,Replayed,5.0
-5.0,1.0,1,0,71.48956,3,Replayed,5.0
38.0,-1.0,1,1,94.61809,3,Replayed,38.0
5.0,1.0,1,1,78.450455,3,Replayed,5.0
38.0,1.0,1,1,95.888916,3,Replayed,38.0
9.0,-1.0,1,1,77.79543,3,Replayed,9.0
-38.0,0.0,-1,1,95.14445,3,Replayed,38.0
-5.0,-1.0,-1,1,74.02966,3,Replayed,5.0
-5.0,-1.0,-1,1,75.216446,3,Replayed,5.0
-38.0,1.0,-1,1,96.07594,3,Replayed,38.0
5.0,0.0,-1,0,69.99226,3,Replayed,5.0
5.0,-1.0,1,1,75.05271,3,Replayed,5.0
-9.0,0.0,1,0,67.18609,3,Replayed,9.0
38.0,1.0,-1,0,54.440544,3,Replayed,38.0
3.0,1.0,-1,0,72.33755,3,Replayed,3.0
-38.0,1.0,-1,1,96.187065,3,Replayed,38.0
3.0,-1.0,1,1,73.01834,3,Replayed,3.0
3.0,0.0,1,1,74.32945,3,Replayed,3.0
9.0,0.0,-1,0,67.42057,3,Replayed,9.0
-3.0,0.0,-1,1,73.6325,3,Replayed,3.0
-1.0,1.0,-1,1,74.10421,3,Replayed,1.0
-3.0,0.0,1,0,71.11186,3,Replayed,3.0
3.0,0.0,-1,0,71.19552,3,Replayed,3.0
-3.0,-1.0,1,0,67.55055,3,Replayed,3.0
1.0,-1.0,1,1,70.74678,3,Replayed,1.0
1.0,-1.0,1,1,71.21124,3,Replayed,1.0
-38.0,-1.0,-1,1,94.57029,3,Replayed,38.0
9.0,0.0,1,1,79.54851,3,Replayed,9.0
-5.0,-1.0,-1,1,74.81553,3,Replayed,5.0
-1.0,1.0,-1,1,74.20772,3,Replayed,1.0
-38.0,-1.0,-1,1,94.07197,3,Replayed,38.0
-3.0,0.0,1,0,70.056435,3,Replayed,3.0
-1.0,1.0,-1,1,74.97195,3,Replayed,1.0
-5.0,-1.0,1,0,67.12557,3,Replayed,5.0
3.0,1.0,1,1,76.87214,3,Replayed,3.0
3.0,0.0,-1,0,70.55463,3,Replayed,3.0
-38.0,1.0,-1,1,95.99965,3,Replayed,38.0
-5.0,1.0,1,0,71.24416,3,Replayed,5.0
-38.0,-1.0,-1,1,94.7452,3,Replayed,38.0
-9.0,0.0,-1,1,79.91828,3,Replayed,9.0
38.0,0.0,1,1,95.59827,3,Replayed,38.0
3.0,-1.0,1,1,72.78691,3,Replayed,3.0
5.0,-1.0,-1,0,68.03903,3,Replayed,5.0
38.0,-1.0,1,1,94.30106,3,Replayed,38.0
1.0,-1.0,1,1,71.07953,3,Replayed,1.0
3.0,-1.0,-1,0,68.70821,3,Replayed,3.0
5.0,1.0,1,1,77.64548,3,Replayed,5.0
38.0,-1.0,1,1,94.315056,3,Replayed,38.0
-38.0,-1.0,-1,1,94.488815,3,Replayed,38.0
-5.0,0.0,1,0,69.64164,3,Replayed,5.0
5.0,0.0,1,1,76.13797,3,Replayed,5.0
1.0,0.0,1,1,72.80142,3,Replayed,1.0
38.0,1.0,1,1,96.24038,3,Replayed,38.0
5.0,0.0,-1,0,70.278305,3,Replayed,5.0
38.0,0.0,-1,0,52.12527,3,Replayed,38.0
-9.0,1.0,1,0,70.34598,3,Replayed,9.0
38.0,0.0,1,1,95.26648,3,Replayed,38.0
-1.0,1.0,1,0,73.363365,3,Replayed,1.0
-5.0,0.0,1,0,69.39173,3,Replayed,5.0
1.0,-1.0,1,1,70.21501,3,Replayed,1.0
1.0,0.0,-1,0,72.79439,3,Replayed,1.0
5.0,-1.0,1,1,74.60655,3,Replayed,5.0
9.0,1.0,1,1,81.57574,3,Replayed,9.0
1.0,1.0,1,1,74.85993,3,Replayed,1.0
9.0,-1.0,1,1,78.32231,3,Replayed,9.0
-1.0,-1.0,-1,1,71.43376,3,Replayed,1.0
-9.0,-1.0,-1,1,78.09408,3,Replayed,9.0
-5.0,1.0,1,0,71.98381,3,Replayed,5.0
-1.0,-1.0,-1,1,71.02886,3,Replayed,1.0
5.0,0.0,-1,0,69.69739,3,Replayed,5.0
38.0,1.0,1,1,95.8266,3,Replayed,38.0
9.0,1.0,1,1,81.35767,3,Replayed,9.0
-3.0,-1.0,1,0,67.97552,3,Replayed,3.0
3.0,-1.0,1,1,72.6111,3,Replayed,3.0
-3.0,0.0,-1,1,74.423485,3,Replayed,3.0
9.0,-1.0,-1,0,65.63888,3,Replayed,9.0
9.0,0.0,-1,0,67.73077,3,Replayed,9.0
-3.0,1.0,1,0,71.75225,3,Replayed,3.0
-38.0,1.0,-1,1,95.87697,3,Replayed,38.0
-9.0,-1.0,1,0,65.15332,3,Replayed,9.0
-9.0,1.0,1,0,69.25551,3,Replayed,9.0
-9.0,1.0,-1,1,81.90252,3,Replayed,9.0
1.0,1.0,-1,0,73.19143,3,Replayed,1.0
3.0,1.0,-1,0,72.044525,3,Replayed,3.0
-1.0,0.0,1,0,71.305405,3,Replayed,1.0
5.0,1.0,1,1,77.80903,3,Replayed,5.0
-5.0,0.0,1,0,68.508,3,Replayed,5.0
9.0,-1.0,1,1,77.95406,3,Replayed,9.0
-1.0,1.0,-1,1,75.16868,3,Replayed,1.0
-38.0,0.0,-1,1,95.38313,3,Replayed,38.0
3.0,0.0,1,1,75.10557,3,Replayed,3.0
5.0,-1.0,1,1,74.57395,3,Replayed,5.0
-5.0,0.0,-1,1,76.94153,3,Replayed,5.0
-3.0,1.0,1,0,72.65269,3,Replayed,3.0
-3.0,1.0,1,0,71.49178,3,Replayed,3.0
-38.0,1.0,-1,1,96.28007,3,Replayed,38.0
1.0,0.0,1,1,72.95203,3,Replayed,1.0
-5.0,-1.0,1,0,67.06857,3,Replayed,5.0
-5.0,-1.0,-1,1,74.653206,3,Replayed,5.0
1.0,1.0,1,1,74.97948,3,Replayed,1.0
9.0,-1.0,1,1,78.57643,3,Replayed,9.0
1.0,0.0,-1,0,71.090195,3,Replayed,1.0
3.0,-1.0,-1,0,68.868126,3,Replayed,3.0
-3.0,1.0,-1,1,75.61892,3,Replayed,3.0
-38.0,0.0,-1,1,95.03713,3,Replayed,38.0
3.0,-1.0,1,1,73.14106,3,Replayed,3.0
-9.0,0.0,-1,1,79.5659,3,Replayed,9.0
-5.0,-1.0,1,0,66.61388,3,Replayed,5.0
9.0,0.0,-1,0,68.73295,3,Replayed,9.0
5.0,1.0,1,1,78.204185,3,Replayed,5.0
3.0,-1.0,1,1,72.31914,3,Replayed,3.0
-38.0,-1.0,-1,1,94.75466,3,Replayed,38.0
3.0,-1.0,-1,0,68.77075,3,Replayed,3.0
-3.0,0.0,-1,1,75.40145,3,Replayed,3.0
3.0,1.0,1,1,76.32983,3,Replayed,3.0
38.0,0.0,1,1,95.427536,3,Replayed,38.0
-3.0,1.0,-1,1,77.12117,3,Replayed,3.0
9.0,0.0,1,1,79.560585,3,Replayed,9.0
-9.0,1.0,-1,1,81.92854,3,Replayed,9.0
1.0,-1.0,1,1,69.11677,3,Replayed,1.0
1.0,-1.0,-1,0,70.13062,3,Replayed,1.0
3.0,1.0,1,1,77.07732,3,Replayed,3.0
1.0,1.0,1,1,75.38572,3,Replayed,1.0
9.0,0.0,-1,0,67.95071,3,Replayed,9.0
-9.0,-1.0,-1,1,78.3788,3,Replayed,9.0
-38.0,1.0,-1,1,96.01131,3,Replayed,38.0
-9.0,-1.0,1,0,64.484566,3,Replayed,9.0
-1.0,0.0,-1,1,73.3967,3,Replayed,1.0
5.0,1.0,1,1,78.29532,3,Replayed,5.0
-1.0,-1.0,1,0,68.553375,3,Replayed,1.0
-9.0,1.0,-1,1,81.58647,3,Replayed,9.0
-38.0,0.0,-1,1,95.29412,3,Replayed,38.0
38.0,1.0,-1,0,55.26208,3,Replayed,38.0
-1.0,0.0,1,0,71.47473,3,Replayed,1.0
38.0,0.0,1,1,95.30616,3,Replayed,38.0
38.0,1.0,1,1,95.95886,3,Replayed,38.0
-9.0,0.0,1,0,67.6866,3,Replayed,9.0
-9.0,1.0,-1,1,82.383316,3,Replayed,9.0
-38.0,0.0,-1,1,95.440895,3,Replayed,38.0
-9.0,0.0,1,0,66.32978,3,Replayed,9.0
9.0,1.0,-1,0,70.22173,3,Replayed,9.0
-1.0,0.0,-1,1,72.10512,3,Replayed,1.0
-1.0,-1.0,-1,1,71.00403,3,Replayed,1.0
-1.0,-1.0,1,0,69.55387,3,Replayed,1.0
38.0,0.0,1,1,95.47148,3,Replayed,38.0
-3.0,1.0,-1,1,76.88905,3,Replayed,3.0
-38.0,-1.0,-1,1,94.75067,3,Replayed,38.0
-3.0,-1.0,1,0,67.8743,3,Replayed,3.0
-5.0,1.0,1,0,70.831154,3,Replayed,5.0
-1.0,-1.0,1,0,68.739944,3,Replayed,1.0
1.0,1.0,1,1,74.60672,3,Replayed,1.0
38.0,-1.0,1,1,94.55029,3,Replayed,38.0
38.0,0.0,1,1,95.0506,3,Replayed,38.0
-9.0,-1.0,1,0,64.28402,3,Replayed,9.0
-5.0,0.0,1,0,68.56533,3,Replayed,5.0
1.0,1.0,1,1,74.15293,3,Replayed,1.0
-9.0,1.0,-1,1,81.81162,3,Replayed,9.0
-1.0,-1.0,1,0,69.80769,3,Replayed,1.0
-3.0,0.0,-1,1,75.09833,3,Replayed,3.0
9.0,-1.0,-1,0,64.78221,3,Replayed,9.0
3.0,1.0,-1,0,72.40315,3,Replayed,3.0
1.0,0.0,-1,0,70.90822,3,Replayed,1.0
1.0,-1.0,-1,0,69.07224,3,Replayed,1.0
-5.0,0.0,1,0,68.46176,3,Replayed,5.0
-1.0,1.0,-1,1,75.168785,3,Replayed,1.0
3.0,0.0,-1,0,70.450134,3,Replayed,3.0
-3.0,1.0,-1,1,75.03563,3,Replayed,3.0
-5.0,-1.0,1,0,67.289276,3,Replayed,5.0
5.0,-1.0,-1,0,67.666504,3,Replayed,5.0
-38.0,0.0,-1,1,95.37428,3,Replayed,38.0
-5.0,0.0,-1,1,77.306496,3,Replayed,5.0
5.0,0.0,-1,0,70.11647,3,Replayed,5.0
-1.0,0.0,1,0,70.80796,3,Replayed,1.0
1.0,0.0,-1,0,71.46626,3,Replayed,1.0
-1.0,1.0,-1,1,74.17456,3,Replayed,1.0
-3.0,-1.0,-1,1,73.37239,3,Replayed,3.0
9.0,1.0,-1,0,69.78613,3,Replayed,9.0
9.0,1.0,-1,0,69.481514,3,Replayed,9.0
9.0,0.0,-1,0,67.93366,3,Replayed,9.0
-38.0,1.0,-1,1,95.69878,3,Replayed,38.0
5.0,0.0,1,1,76.603714,3,Replayed,5.0
-5.0,1.0,1,0,70.63328,3,Replayed,5.0
5.0,1.0,1,1,78.513596,3,Replayed,5.0
-38.0,-1.0,-1,1,94.679855,3,Replayed,38.0
-3.0,-1.0,-1,1,73.520615,3,Replayed,3.0
1.0,-1.0,-1,0,68.92966,3,Replayed,1.0
1.0,1.0,1,1,74.94895,3,Replayed,1.0
-38.0,0.0,-1,1,95.22075,3,Replayed,38.0
9.0,0.0,1,1,79.53751,3,Replayed,9.0
9.0,1.0,1,1,81.38761,3,Replayed,9.0
-9.0,-1.0,-1,1,79.09433,3,Replayed,9.0
-1.0,-1.0,-1,1,70.57311,3,Replayed,1.0
5.0,0.0,1,1,76.697464,3,Replayed,5.0
-1.0,0.0,-1,1,72.34629,3,Replayed,1.0
38.0,0.0,1,1,95.29994,3,Replayed,38.0
-38.0,1.0,-1,1,95.86769,3,Replayed,38.0
3.0,0.0,-1,0,70.29546,3,Replayed,3.0
-1.0,-1.0,1,0,48.416145,4,Replayed,1.0
-9.0,0.0,-1,1,48.635197,4,Replayed,9.0
9.0,1.0,1,1,57.42706,4,Replayed,9.0
-3.0,1.0,1,0,47.672874,4,Replayed,3.0
9.0,0.0,1,1,56.747375,4,Replayed,9.0
-1.0,1.0,-1,1,44.10277,4,Replayed,1.0
38.0,-1.0,1,1,73.5421,4,Replayed,38.0
1.0,0.0,-1,0,43.46754,4,Replayed,1.0
5.0,1.0,1,1,53.939404,4,Replayed,5.0
-38.0,-1.0,-1,1,68.54266,4,Replayed,38.0
-5.0,1.0,1,0,46.883408,4,Replayed,5.0
-5.0,0.0,1,0,46.421204,4,Replayed,5.0
-1.0,1.0,1,0,50.170128,4,Replayed,1.0
1.0,1.0,1,1,50.30522,4,Replayed,1.0
-38.0,1.0,-1,1,68.65909,4,Replayed,38.0
-3.0,1.0,1,0,48.09965,4,Replayed,3.0
-1.0,1.0,-1,1,44.68232,4,Replayed,1.0
-9.0,1.0,1,0,43.428097,4,Replayed,9.0
1.0,1.0,1,1,51.96287,4,Replayed,1.0
-1.0,-1.0,1,0,47.926517,4,Replayed,1.0
-5.0,-1.0,-1,1,47.061558,4,Replayed,5.0
1.0,0.0,1,1,50.992435,4,Replayed,1.0
-9.0,0.0,1,0,41.106113,4,Replayed,9.0
5.0,0.0,1,1,53.586586,4,Replayed,5.0
-38.0,0.0,-1,1,69.31232,4,Replayed,38.0
38.0,0.0,1,1,74.42468,4,Replayed,38.0
-38.0,-1.0,-1,1,67.5675,4,Replayed,38.0
-5.0,1.0,-1,1,45.789467,4,Replayed,5.0
9.0,0.0,1,1,56.551426,4,Replayed,9.0
-38.0,1.0,-1,1,69.299545,4,Replayed,38.0
38.0,1.0,1,1,75.52249,4,Replayed,38.0
-3.0,-1.0,-1,1,44.36847,4,Replayed,3.0
-9.0,1.0,-1,1,49.66727,4,Replayed,9.0
5.0,1.0,1,1,54.066628,4,Replayed,5.0
3.0,1.0,1,1,52.460415,4,Replayed,3.0
3.0,-1.0,1,1,51.364494,4,Replayed,3.0
-1.0,-1.0,1,0,49.889328,4,Replayed,1.0
9.0,0.0,1,1,57.01436,4,Replayed,9.0
9.0,1.0,1,1,57.145493,4,Replayed,9.0
9.0,0.0,1,1,56.68388,4,Replayed,9.0
38.0,0.0,1,1,73.9894,4,Replayed,38.0
5.0,0.0,1,1,54.06103,4,Replayed,5.0
38.0,0.0,1,1,74.8351,4,Replayed,38.0
-9.0,-1.0,-1,1,48.353916,4,Replayed,9.0
-9.0,0.0,-1,1,49.682495,4,Replayed,9.0
5.0,-1.0,1,1,52.90576,4,Replayed,5.0
1.0,1.0,1,1,52.46456,4,Replayed,1.0
-38.0,-1.0,-1,1,68.52143,4,Replayed,38.0
-5.0,-1.0,1,0,44.962257,4,Replayed,5.0
-3.0,-1.0,1,0,47.64402,4,Replayed,3.0
-1.0,0.0,1,0,48.215263,4,Replayed,1.0
1.0,0.0,-1,0,42.247387,4,Replayed,1.0
9.0,1.0,1,1,57.15311,4,Replayed,9.0
3.0,-1.0,1,1,51.57457,4,Replayed,3.0
38.0,-1.0,1,1,73.7795,4,Replayed,38.0
-1.0,-1.0,-1,1,43.05849,4,Replayed,1.0
5.0,-1.0,1,1,53.60256,4,Replayed,5.0
-1.0,-1.0,1,0,48.31765,4,Replayed,1.0
1.0,0.0,1,1,51.61548,4,Replayed,1.0
-38.0,-1.0,-1,1,67.19905,4,Replayed,38.0
-9.0,-1.0,-1,1,49.40114,4,Replayed,9.0
-1.0,-1.0,1,0,47.876114,4,Replayed,1.0
3.0,0.0,1,1,50.948734,4,Replayed,3.0
-1.0,-1.0,-1,1,43.515766,4,Replayed,1.0
-5.0,0.0,-1,1,46.5656,4,Replayed,5.0
-3.0,0.0,-1,1,46.29713,4,Replayed,3.0
5.0,0.0,1,1,53.898094,4,Replayed,5.0
5.0,1.0,1,1,53.594177,4,Replayed,5.0
-3.0,-1.0,1,0,45.78372,4,Replayed,3.0
-5.0,1.0,-1,1,47.004486,4,Replayed,5.0
-5.0,-1.0,1,0,45.286766,4,Replayed,5.0
5.0,0.0,1,1,53.62826,4,Replayed,5.0
38.0,0.0,1,1,74.17721,4,Replayed,38.0
9.0,-1.0,1,1,54.965126,4,Replayed,9.0
-5.0,-1.0,1,0,45.652317,4,Replayed,5.0
9.0,0.0,1,1,56.597946,4,Replayed,9.0
-9.0,1.0,-1,1,50.135315,4,Replayed,9.0
-3.0,1.0,1,0,47.81008,4,Replayed,3.0
1.0,1.0,1,1,52.631317,4,Replayed,1.0
-9.0,1.0,-1,1,50.748085,4,Replayed,9.0
38.0,-1.0,1,1,73.348274,4,Replayed,38.0
5.0,0.0,1,1,53.055603,4,Replayed,5.0
1.0,-1.0,1,1,49.592644,4,Replayed,1.0
3.0,-1.0,1,1,51.92177,4,Replayed,3.0
9.0,-1.0,-1,0,34.908466,4,Replayed,9.0
-38.0,-1.0,-1,1,67.980225,4,Replayed,38.0
5.0,1.0,1,1,53.865242,4,Replayed,5.0
38.0,0.0,1,1,75.44867,4,Replayed,38.0
-9.0,0.0,-1,1,50.075615,4,Replayed,9.0
1.0,-1.0,1,1,49.209576,4,Replayed,1.0
-9.0,-1.0,-1,1,49.413662,4,Replayed,9.0
38.0,-1.0,1,1,73.59539,4,Replayed,38.0
9.0,-1.0,1,1,55.942123,4,Replayed,9.0
38.0,1.0,1,1,73.91746,4,Replayed,38.0
1.0,-1.0,1,1,50.39404,4,Replayed,1.0
1.0,1.0,1,1,51.525776,4,Replayed,1.0
3.0,1.0,1,1,52.84306,4,Replayed,3.0
5.0,1.0,1,1,54.726124,4,Replayed,5.0
9.0,1.0,1,1,55.515766,4,Replayed,9.0
9.0,1.0,1,1,57.437252,4,Replayed,9.0
5.0,-1.0,-1,0,39.111958,4,Replayed,5.0
9.0,-1.0,1,1,56.392372,4,Replayed,9.0
-5.0,1.0,-1,1,46.928364,4,Replayed,5.0
3.0,-1.0,1,1,50.810345,4,Replayed,3.0
-9.0,0.0,1,0,41.83076,4,Replayed,9.0
-3.0,1.0,1,0,47.525833,4,Replayed,3.0
9.0,0.0,-1,0,35.30676,4,Replayed,9.0
-5.0,0.0,1,0,45.185963,4,Replayed,5.0
9.0,-1.0,1,1,56.058144,4,Replayed,9.0
1.0,0.0,1,1,50.75044,4,Replayed,1.0
1.0,1.0,1,1,52.57631,4,Replayed,1.0
-9.0,1.0,-1,1,49.694016,4,Replayed,9.0
1.0,-1.0,1,1,50.948994,4,Replayed,1.0
1.0,0.0,1,1,49.949337,4,Replayed,1.0
3.0,-1.0,1,1,51.899002,4,Replayed,3.0
9.0,-1.0,1,1,56.012928,4,Replayed,9.0
38.0,-1.0,1,1,73.31321,4,Replayed,38.0
-5.0,0.0,1,0,46.208782,4,Replayed,5.0
5.0,1.0,1,1,53.751827,4,Replayed,5.0
-5.0,-1.0,1,0,45.75148,4,Replayed,5.0
-9.0,-1.0,1,0,41.298767,4,Replayed,9.0
38.0,-1.0,1,1,72.86381,4,Replayed,38.0
-1.0,0.0,1,0,49.142197,4,Replayed,1.0
-3.0,-1.0,-1,1,45.076508,4,Replayed,3.0
-38.0,1.0,-1,1,68.9253,4,Replayed,38.0
-3.0,-1.0,-1,1,44.600292,4,Replayed,3.0
-3.0,-1.0,1,0,46.486343,4,Replayed,3.0
5.0,1.0,1,1,53.977734,4,Replayed,5.0
-5.0,1.0,-1,1,46.202965,4,Replayed,5.0
-38.0,1.0,-1,1,69.65798,4,Replayed,38.0
9.0,1.0,1,1,57.053967,4,Replayed,9.0
-3.0,-1.0,-1,1,44.918858,4,Replayed,3.0
-3.0,0.0,-1,1,45.54908,4,Replayed,3.0
-3.0,-1.0,-1,1,45.885567,4,Replayed,3.0
-38.0,-1.0,-1,1,66.90177,4,Replayed,38.0
3.0,0.0,1,1,52.067493,4,Replayed,3.0
-38.0,0.0,1,0,19.179329,4,Replayed,38.0
9.0,0.0,1,1,56.177593,4,Replayed,9.0
5.0,0.0,1,1,53.9392,4,Replayed,5.0
-38.0,0.0,-1,1,67.28932,4,Replayed,38.0
38.0,-1.0,1,1,73.82978,4,Replayed,38.0
9.0,-1.0,1,1,54.967564,4,Replayed,9.0
3.0,1.0,1,1,51.74071,4,Replayed,3.0
-5.0,1.0,-1,1,47.442497,4,Replayed,5.0
38.0,0.0,1,1,73.873924,4,Replayed,38.0
-38.0,0.0,-1,1,69.32224,4,Replayed,38.0
-38.0,1.0,-1,1,68.44721,4,Replayed,38.0
-9.0,-1.0,-1,1,47.938747,4,Replayed,9.0
-9.0,0.0,1,0,41.524693,4,Replayed,9.0
-38.0,1.0,-1,1,68.311745,4,Replayed,38.0
38.0,1.0,1,1,75.05876,4,Replayed,38.0
5.0,-1.0,1,1,52.80496,4,Replayed,5.0
-38.0,0.0,-1,1,67.955284,4,Replayed,38.0
-3.0,1.0,1,0,47.993065,4,Replayed,3.0
-3.0,1.0,1,0,47.569828,4,Replayed,3.0
-1.0,1.0,-1,1,44.068493,4,Replayed,1.0
-9.0,-1.0,-1,1,49.511642,4,Replayed,9.0
-38.0,0.0,-1,1,68.49406,4,Replayed,38.0
38.0,1.0,1,1,74.346596,4,Replayed,38.0
5.0,-1.0,-1,0,37.6525,4,Replayed,5.0
-9.0,0.0,-1,1,50.13875,4,Replayed,9.0
-1.0,-1.0,1,0,48.61124,4,Replayed,1.0
38.0,1.0,1,1,74.88721,4,Replayed,38.0
-3.0,0.0,1,0,47.59373,4,Replayed,3.0
9.0,-1.0,1,1,56.647182,4,Replayed,9.0
-9.0,1.0,1,0,42.877163,4,Replayed,9.0
5.0,0.0,-1,0,38.119484,4,Replayed,5.0
38.0,1.0,1,1,74.27866,4,Replayed,38.0
-1.0,1.0,1,0,49.807663,4,Replayed,1.0
-1.0,0.0,1,0,49.766205,4,Replayed,1.0
-3.0,0.0,1,0,46.9596,4,Replayed,3.0
-5.0,1.0,1,0,45.248978,4,Replayed,5.0
5.0,-1.0,-1,0,38.64687,4,Replayed,5.0
-5.0,0.0,1,0,45.59146,4,Replayed,5.0
3.0,0.0,1,1,51.675533,4,Replayed,3.0
-38.0,0.0,-1,1,68.551895,4,Replayed,38.0
9.0,1.0,1,1,56.87844,4,Replayed,9.0
-3.0,0.0,1,0,47.76633,4,Replayed,3.0
1.0,-1.0,1,1,50.897194,4,Replayed,1.0
-38.0,0.0,-1,1,68.079315,4,Replayed,38.0
1.0,0.0,1,1,51.764893,4,Replayed,1.0
-1.0,1.0,-1,1,43.969757,4,Replayed,1.0
1.0,0.0,-1,0,42.509014,4,Replayed,1.0
9.0,1.0,1,1,54.996605,4,Replayed,9.0
3.0,0.0,-1,0,40.281685,4,Replayed,3.0
-38.0,-1.0,-1,1,66.757225,4,Replayed,38.0
3.0,0.0,1,1,52.85388,4,Replayed,3.0
3.0,1.0,-1,0,41.537933,4,Replayed,3.0
-3.0,1.0,1,0,47.519245,4,Replayed,3.0
-9.0,-1.0,-1,1,49.028053,4,Replayed,9.0
-5.0,0.0,1,0,45.927776,4,Replayed,5.0
-3.0,0.0,1,0,47.291504,4,Replayed,3.0
-1.0,0.0,1,0,49.13064,4,Replayed,1.0
3.0,0.0,1,1,52.81987,4,Replayed,3.0
-5.0,-1.0,-1,1,45.690815,4,Replayed,5.0
-1.0,1.0,1,0,50.206,4,Replayed,1.0
-38.0,1.0,-1,1,68.594444,4,Replayed,38.0
-5.0,0.0,1,0,46.503082,4,Replayed,5.0
3.0,0.0,-1,0,40.556885,4,Replayed,3.0
-5.0,-1.0,-1,1,46.39234,4,Replayed,5.0
5.0,-1.0,1,1,53.1119,4,Replayed,5.0
-1.0,0.0,1,0,49.95302,4,Replayed,1.0
3.0,-1.0,1,1,52.245922,4,Replayed,3.0
-9.0,0.0,-1,1,49.583538,4,Replayed,9.0
3.0,-1.0,-1,0,40.54503,4,Replayed,3.0
-5.0,-1.0,1,0,63.867115,5,Replayed,5.0
-1.0,0.0,1,0,66.2554,5,Replayed,1.0
5.0,-1.0,-1,0,59.29596,5,Replayed,5.0
38.0,-1.0,1,1,97.29527,5,Replayed,38.0
3.0,1.0,1,1,72.024475,5,Replayed,3.0
-9.0,0.0,-1,1,75.51432,5,Replayed,9.0
1.0,0.0,1,1,69.12072,5,Replayed,1.0
1.0,-1.0,1,1,67.420525,5,Replayed,1.0
38.0,0.0,1,1,97.757164,5,Replayed,38.0
-5.0,-1.0,-1,1,68.14598,5,Replayed,5.0
-9.0,-1.0,-1,1,74.03474,5,Replayed,9.0
3.0,0.0,1,1,71.26594,5,Replayed,3.0
-1.0,0.0,1,0,65.81162,5,Replayed,1.0
-38.0,1.0,-1,1,97.46377,5,Replayed,38.0
5.0,0.0,-1,0,60.44939,5,Replayed,5.0
9.0,1.0,1,1,80.092354,5,Replayed,9.0
-5.0,1.0,-1,1,70.15717,5,Replayed,5.0
1.0,1.0,1,1,68.8879,5,Replayed,1.0
1.0,-1.0,1,1,67.8871,5,Replayed,1.0
5.0,-1.0,1,1,73.54151,5,Replayed,5.0
5.0,-1.0,1,1,73.97603,5,Replayed,5.0
-5.0,-1.0,1,0,64.42578,5,Replayed,5.0
9.0,1.0,1,1,80.87077,5,Replayed,9.0
-38.0,-1.0,-1,1,96.61003,5,Replayed,38.0
3.0,1.0,-1,0,61.528515,5,Replayed,3.0
-3.0,0.0,-1,1,65.934456,5,Replayed,3.0
-1.0,0.0,1,0,66.07872,5,Replayed,1.0
-1.0,0.0,1,0,66.82437,5,Replayed,1.0
3.0,0.0,1,1,72.16748,5,Replayed,3.0
38.0,0.0,1,1,97.722984,5,Replayed,38.0
-3.0,0.0,1,0,66.228226,5,Replayed,3.0
3.0,1.0,1,1,72.03877,5,Replayed,3.0
-5.0,1.0,-1,1,69.96137,5,Replayed,5.0
3.0,1.0,1,1,72.405334,5,Replayed,3.0
-1.0,0.0,1,0,66.74002,5,Replayed,1.0
-3.0,0.0,-1,1,66.050385,5,Replayed,3.0
9.0,-1.0,1,1,79.28092,5,Replayed,9.0
1.0,-1.0,1,1,68.5775,5,Replayed,1.0
-9.0,1.0,-1,1,76.295586,5,Replayed,9.0
9.0,1.0,1,1,80.50506,5,Replayed,9.0
38.0,1.0,1,1,98.06632,5,Replayed,38.0
-3.0,1.0,-1,1,67.29004,5,Replayed,3.0
-5.0,1.0,-1,1,70.60966,5,Replayed,5.0
5.0,1.0,1,1,75.20719,5,Replayed,5.0
-9.0,1.0,-1,1,76.284424,5,Replayed,9.0
9.0,0.0,1,1,79.39073,5,Replayed,9.0
38.0,0.0,1,1,97.80664,5,Replayed,38.0
-38.0,-1.0,-1,1,96.29059,5,Replayed,38.0
-5.0,0.0,-1,1,69.83377,5,Replayed,5.0
5.0,1.0,1,1,75.96562,5,Replayed,5.0
5.0,-1.0,1,1,73.948715,5,Replayed,5.0
3.0,-1.0,1,1,71.04513,5,Replayed,3.0
38.0,-1.0,1,1,97.30028,5,Replayed,38.0
-5.0,1.0,-1,1,69.52892,5,Replayed,5.0
38.0,1.0,1,1,98.07634,5,Replayed,38.0
-1.0,-1.0,-1,1,62.341778,5,Replayed,1.0
-3.0,1.0,-1,1,65.926506,5,Replayed,3.0
38.0,-1.0,1,1,97.41156,5,Replayed,38.0
1.0,-1.0,1,1,67.15555,5,Replayed,1.0
-38.0,0.0,-1,1,97.04779,5,Replayed,38.0
-5.0,1.0,1,0,66.23845,5,Replayed,5.0
-9.0,-1.0,-1,1,74.02599,5,Replayed,9.0
-1.0,-1.0,1,0,66.15049,5,Replayed,1.0
1.0,0.0,1,1,69.006226,5,Replayed,1.0
-5.0,1.0,-1,1,70.07995,5,Replayed,5.0
38.0,-1.0,1,1,97.55117,5,Replayed,38.0
9.0,0.0,-1,0,57.298725,5,Replayed,9.0
-1.0,1.0,1,0,67.893394,5,Replayed,1.0
-3.0,1.0,-1,1,67.73709,5,Replayed,3.0
3.0,-1.0,1,1,70.6599,5,Replayed,3.0
3.0,0.0,1,1,72.50321,5,Replayed,3.0
-38.0,0.0,-1,1,97.20217,5,Replayed,38.0
-9.0,0.0,-1,1,76.2137,5,Replayed,9.0
3.0,1.0,1,1,72.91921,5,Replayed,3.0
1.0,1.0,1,1,69.52507,5,Replayed,1.0
-3.0,-1.0,-1,1,65.01681,5,Replayed,3.0
-38.0,-1.0,-1,1,96.420044,5,Replayed,38.0
1.0,0.0,1,1,67.932945,5,Replayed,1.0
3.0,1.0,1,1,72.479996,5,Replayed,3.0
-3.0,-1.0,1,0,64.9799,5,Replayed,3.0
38.0,1.0,1,1,98.00342,5,Replayed,38.0
5.0,1.0,-1,0,60.0074,5,Replayed,5.0
-1.0,1.0,-1,1,63.90177,5,Replayed,1.0
9.0,1.0,1,1,80.08579,5,Replayed,9.0
-38.0,-1.0,-1,1,96.55845,5,Replayed,38.0
1.0,-1.0,1,1,68.41247,5,Replayed,1.0
-9.0,-1.0,1,0,63.678677,5,Replayed,9.0
38.0,0.0,1,1,97.74159,5,Replayed,38.0
9.0,0.0,1,1,80.28693,5,Replayed,9.0
-1.0,1.0,1,0,67.2713,5,Replayed,1.0
-38.0,1.0,-1,1,97.388916,5,Replayed,38.0
1.0,1.0,1,1,69.3143,5,Replayed,1.0
-38.0,1.0,-1,1,97.46596,5,Replayed,38.0
-9.0,1.0,-1,1,75.87825,5,Replayed,9.0
-1.0,-1.0,1,0,65.93049,5,Replayed,1.0
-9.0,0.0,1,0,64.243515,5,Replayed,9.0
-9.0,1.0,1,0,65.655106,5,Replayed,9.0
1.0,-1.0,1,1,68.40808,5,Replayed,1.0
5.0,-1.0,1,1,73.46989,5,Replayed,5.0
3.0,-1.0,1,1,69.98167,5,Replayed,3.0
1.0,1.0,1,1,68.85301,5,Replayed,1.0
1.0,0.0,1,1,68.41407,5,Replayed,1.0
-3.0,-1.0,1,0,65.21256,5,Replayed,3.0
9.0,-1.0,1,1,79.27429,5,Replayed,9.0
-5.0,0.0,-1,1,68.88629,5,Replayed,5.0
3.0,0.0,1,1,71.91746,5,Replayed,3.0
38.0,0.0,1,1,97.796135,5,Replayed,38.0
-3.0,-1.0,1,0,64.85377,5,Replayed,3.0
1.0,-1.0,-1,0,59.411133,5,Replayed,1.0
3.0,-1.0,-1,0,59.512867,5,Replayed,3.0
-5.0,0.0,-1,1,69.72807,5,Replayed,5.0
-1.0,1.0,1,0,66.617546,5,Replayed,1.0
5.0,1.0,1,1,75.677895,5,Replayed,5.0
38.0,-1.0,1,1,97.41997,5,Replayed,38.0
1.0,0.0,1,1,69.38826,5,Replayed,1.0
-9.0,0.0,-1,1,75.68085,5,Replayed,9.0
38.0,-1.0,1,1,97.3666,5,Replayed,38.0
5.0,0.0,1,1,73.66364,5,Replayed,5.0
1.0,0.0,1,1,69.30776,5,Replayed,1.0
5.0,1.0,1,1,75.44426,5,Replayed,5.0
3.0,1.0,1,1,72.44696,5,Replayed,3.0
-5.0,0.0,1,0,65.30252,5,Replayed,5.0
-1.0,-1.0,1,0,65.60958,5,Replayed,1.0
-5.0,-1.0,-1,1,67.497925,5,Replayed,5.0
3.0,-1.0,1,1,70.00772,5,Replayed,3.0
-38.0,-1.0,-1,1,96.74518,5,Replayed,38.0
-1.0,-1.0,1,0,65.88462,5,Replayed,1.0
5.0,0.0,1,1,75.49631,5,Replayed,5.0
3.0,-1.0,1,1,70.23508,5,Replayed,3.0
-5.0,1.0,1,0,67.568665,5,Replayed,5.0
-1.0,1.0,-1,1,64.965225,5,Replayed,1.0
-5.0,0.0,1,0,66.305916,5,Replayed,5.0
-38.0,1.0,-1,1,97.32839,5,Replayed,38.0
-9.0,1.0,-1,1,76.38936,5,Replayed,9.0
-1.0,0.0,1,0,66.44422,5,Replayed,1.0
3.0,0.0,-1,0,60.23003,5,Replayed,3.0
-3.0,0.0,-1,1,65.92634,5,Replayed,3.0
-38.0,-1.0,-1,1,96.57218,5,Replayed,38.0
38.0,-1.0,1,1,97.348595,5,Replayed,38.0
-3.0,0.0,-1,1,66.677505,5,Replayed,3.0
-1.0,1.0,1,0,68.26044,5,Replayed,1.0
1.0,1.0,1,1,69.230606,5,Replayed,1.0
1.0,-1.0,1,1,67.7904,5,Replayed,1.0
-38.0,-1.0,-1,1,96.579575,5,Replayed,38.0
-5.0,1.0,1,0,66.91275,5,Replayed,5.0
9.0,0.0,1,1,79.71343,5,Replayed,9.0
-3.0,0.0,1,0,66.5152,5,Replayed,3.0
-3.0,0.0,1,0,66.181335,5,Replayed,3.0
-38.0,1.0,-1,1,97.23801,5,Replayed,38.0
-38.0,0.0,-1,1,96.765884,5,Replayed,38.0
9.0,-1.0,1,1,79.35134,5,Replayed,9.0
-38.0,1.0,-1,1,97.12929,5,Replayed,38.0
-38.0,0.0,-1,1,96.985535,5,Replayed,38.0
-5.0,-1.0,1,0,64.82591,5,Replayed,5.0
-5.0,-1.0,-1,1,68.51693,5,Replayed,5.0
-3.0,0.0,1,0,67.121,5,Replayed,3.0
1.0,1.0,1,1,69.937294,5,Replayed,1.0
-5.0,0.0,1,0,64.61269,5,Replayed,5.0
-3.0,1.0,1,0,66.854126,5,Replayed,3.0
5.0,0.0,-1,0,60.05548,5,Replayed,5.0
9.0,1.0,1,1,80.25804,5,Replayed,9.0
-1.0,0.0,-1,1,63.076252,5,Replayed,1.0
38.0,0.0,1,1,97.88629,5,Replayed,38.0
-38.0,0.0,-1,1,96.986916,5,Replayed,38.0
5.0,1.0,1,1,75.59962,5,Replayed,5.0
1.0,1.0,1,1,68.71725,5,Replayed,1.0
-3.0,-1.0,-1,1,65.1164,5,Replayed,3.0
-3.0,1.0,-1,1,66.39651,5,Replayed,3.0
-5.0,-1.0,-1,1,67.43666,5,Replayed,5.0
-3.0,1.0,1,0,68.01011,5,Replayed,3.0
-5.0,-1.0,1,0,65.45371,5,Replayed,5.0
9.0,0.0,1,1,79.81693,5,Replayed,9.0
3.0,-1.0,1,1,70.632545,5,Replayed,3.0
-38.0,0.0,-1,1,96.84496,5,Replayed,38.0
9.0,-1.0,1,1,78.88628,5,Replayed,9.0
38.0,1.0,1,1,98.04725,5,Replayed,38.0
-9.0,-1.0,-1,1,74.14955,5,Replayed,9.0
-3.0,-1.0,-1,1,64.70699,5,Replayed,3.0
-1.0,-1.0,-1,1,62.271545,5,Replayed,1.0
3.0,0.0,1,1,70.900375,5,Replayed,3.0
9.0,-1.0,1,1,78.95611,5,Replayed,9.0
-9.0,-1.0,-1,1,73.24645,5,Replayed,9.0
-3.0,1.0,-1,1,67.039955,5,Replayed,3.0
38.0,1.0,1,1,98.080025,5,Replayed,38.0
9.0,0.0,1,1,79.64159,5,Replayed,9.0
3.0,0.0,1,1,71.31564,5,Replayed,3.0
-9.0,-1.0,-1,1,74.23827,5,Replayed,9.0
5.0,0.0,1,1,73.74065,5,Replayed,5.0
5.0,0.0,1,1,73.457375,5,Replayed,5.0
9.0,0.0,-1,0,58.651184,5,Replayed,9.0
5.0,0.0,1,1,74.46407,5,Replayed,5.0
-38.0,-1.0,-1,1,96.32942,5,Replayed,38.0
9.0,0.0,1,1,80.521355,5,Replayed,9.0
-38.0,0.0,-1,1,97.13204,5,Replayed,38.0
3.0,1.0,1,1,72.13368,5,Replayed,3.0
38.0,-1.0,1,1,97.599304,5,Replayed,38.0
38.0,1.0,1,1,98.0943,5,Replayed,38.0
-1.0,-1.0,1,0,64.5963,5,Replayed,1.0
5.0,0.0,1,1,73.845924,5,Replayed,5.0
-1.0,1.0,1,0,67.164986,5,Replayed,1.0
-1.0,-1.0,-1,1,61.988594,5,Replayed,1.0
38.0,0.0,1,1,97.929344,5,Replayed,38.0
-9.0,1.0,-1,1,76.833374,5,Replayed,9.0
38.0,1.0,1,1,98.00052,5,Replayed,38.0
9.0,-1.0,1,1,78.34512,5,Replayed,9.0
5.0,1.0,1,1,75.30723,5,Replayed,5.0
-1.0,1.0,-1,1,64.50865,5,Replayed,1.0
-3.0,1.0,-1,1,66.48285,5,Replayed,3.0
5.0,-1.0,1,1,73.667534,5,Replayed,5.0
-9.0,-1.0,1,0,63.598026,5,Replayed,9.0
-9.0,1.0,-1,1,76.901184,5,Replayed,9.0
9.0,1.0,1,1,80.95281,5,Replayed,9.0
-9.0,1.0,-1,1,75.61334,5,Replayed,9.0
-38.0,1.0,-1,1,97.39367,5,Replayed,38.0
-5.0,0.0,1,0,65.60393,5,Replayed,5.0
9.0,1.0,1,1,81.15591,5,Replayed,9.0
-38.0,0.0,-1,1,96.99186,5,Replayed,38.0
5.0,1.0,1,1,75.1687,5,Replayed,5.0
1.0,0.0,-1,0,61.249657,5,Replayed,1.0
-9.0,0.0,-1,1,74.69963,5,Replayed,9.0
5.0,-1.0,1,1,73.13246,5,Replayed,5.0
-5.0,0.0,-1,1,70.389465,5,Replayed,5.0
5.0,-1.0,-1,0,59.553318,5,Replayed,5.0
-9.0,-1.0,-1,1,74.4198,5,Replayed,9.0
-3.0,-1.0,1,0,64.83537,5,Replayed,3.0
9.0,-1.0,1,1,78.451385,5,Replayed,9.0
1.0,0.0,-1,0,60.84936,5,Replayed,1.0
3.0,-1.0,1,1,70.70471,5,Replayed,3.0
-1.0,0.0,1,0,66.06439,5,Replayed,1.0
-9.0,0.0,-1,1,75.42493,5,Replayed,9.0
-9.0,0.0,-1,1,75.35026,5,Replayed,9.0
38.0,0.0,1,1,97.79862,5,Replayed,38.0
9.0,1.0,1,1,80.27793,5,Replayed,9.0
-3.0,-1.0,-1,1,63.97473,5,Replayed,3.0
3.0,0.0,1,1,70.909584,5,Replayed,3.0
-9.0,0.0,-1,1,74.889244,5,Replayed,9.0
38.0,1.0,1,1,98.01482,5,Replayed,38.0
-38.0,1.0,-1,1,97.42558,5,Replayed,38.0
3.0,0.0,1,1,63.794308,6,Replayed,3.0
38.0,0.0,1,1,94.27656,6,Replayed,38.0
-5.0,1.0,-1,1,66.9845,6,Replayed,5.0
-1.0,1.0,1,0,60.372692,6,Replayed,1.0
5.0,0.0,1,1,67.011765,6,Replayed,5.0
5.0,-1.0,1,1,65.38159,6,Replayed,5.0
-9.0,0.0,1,0,58.5123,6,Replayed,9.0
9.0,1.0,1,1,73.26842,6,Replayed,9.0
-9.0,-1.0,-1,1,68.12766,6,Replayed,9.0
-38.0,0.0,1,0,49.0491,6,Replayed,38.0
-9.0,1.0,-1,1,72.87359,6,Replayed,9.0
9.0,-1.0,1,1,69.93592,6,Replayed,9.0
-9.0,0.0,-1,1,70.3714,6,Replayed,9.0
-3.0,1.0,1,0,59.254898,6,Replayed,3.0
-3.0,-1.0,1,0,57.81963,6,Replayed,3.0
1.0,0.0,1,1,60.377235,6,Replayed,1.0
-38.0,1.0,-1,1,94.54226,6,Replayed,38.0
-5.0,0.0,-1,1,64.77387,6,Replayed,5.0
-38.0,0.0,-1,1,93.24283,6,Replayed,38.0
-5.0,0.0,-1,1,64.68253,6,Replayed,5.0
-9.0,0.0,-1,1,70.278076,6,Replayed,9.0
-3.0,-1.0,1,0,58.06672,6,Replayed,3.0
-5.0,0.0,-1,1,65.921364,6,Replayed,5.0
-3.0,-1.0,1,0,58.03662,6,Replayed,3.0
-5.0,1.0,-1,1,66.69006,6,Replayed,5.0
3.0,1.0,-1,0,57.832207,6,Replayed,3.0
38.0,-1.0,1,1,92.928055,6,Replayed,38.0
38.0,-1.0,1,1,92.801895,6,Replayed,38.0
1.0,-1.0,1,1,59.643726,6,Replayed,1.0
-1.0,0.0,-1,1,59.429615,6,Replayed,1.0
-1.0,0.0,-1,1,59.831715,6,Replayed,1.0
9.0,-1.0,1,1,69.369026,6,Replayed,9.0
1.0,0.0,-1,0,58.075478,6,Replayed,1.0
9.0,-1.0,1,1,70.495285,6,Replayed,9.0
9.0,-1.0,1,1,69.53755,6,Replayed,9.0
3.0,-1.0,-1,0,56.0366,6,Replayed,3.0
-9.0,1.0,1,0,58.704395,6,Replayed,9.0
3.0,1.0,-1,0,57.6375,6,Replayed,3.0
-5.0,-1.0,-1,1,63.231636,6,Replayed,5.0
-3.0,1.0,1,0,60.602154,6,Replayed,3.0
5.0,-1.0,-1,0,54.99879,6,Replayed,5.0
-38.0,-1.0,-1,1,92.52931,6,Replayed,38.0
5.0,1.0,1,1,68.02322,6,Replayed,5.0
5.0,-1.0,1,1,64.6386,6,Replayed,5.0
-1.0,-1.0,-1,1,57.94132,6,Replayed,1.0
1.0,-1.0,-1,0,56.58191,6,Replayed,1.0
1.0,1.0,1,1,62.36012,6,Replayed,1.0
-9.0,0.0,-1,1,69.88708,6,Replayed,9.0
-5.0,-1.0,-1,1,63.927807,6,Replayed,5.0
1.0,1.0,1,1,62.28285,6,Replayed,1.0
3.0,0.0,1,1,64.71036,6,Replayed,3.0
-1.0,1.0,-1,1,61.158455,6,Replayed,1.0
3.0,1.0,1,1,65.45775,6,Replayed,3.0
-1.0,0.0,1,0,60.384888,6,Replayed,1.0
9.0,0.0,1,1,71.72927,6,Replayed,9.0
-9.0,-1.0,-1,1,68.62872,6,Replayed,9.0
-1.0,-1.0,1,0,58.384766,6,Replayed,1.0
-9.0,-1.0,-1,1,68.9056,6,Replayed,9.0
38.0,1.0,1,1,94.280785,6,Replayed,38.0
9.0,1.0,1,1,72.659966,6,Replayed,9.0
3.0,-1.0,1,1,62.510937,6,Replayed,3.0
38.0,-1.0,1,1,92.43694,6,Replayed,38.0
-9.0,-1.0,-1,1,68.7079,6,Replayed,9.0
-9.0,0.0,-1,1,69.28408,6,Replayed,9.0
-3.0,-1.0,-1,1,62.071808,6,Replayed,3.0
-38.0,1.0,-1,1,94.22167,6,Replayed,38.0
-3.0,1.0,-1,1,63.28414,6,Replayed,3.0
9.0,1.0,1,1,72.355804,6,Replayed,9.0
9.0,-1.0,1,1,69.704666,6,Replayed,9.0
-9.0,-1.0,-1,1,68.69105,6,Replayed,9.0
5.0,0.0,1,1,66.02615,6,Replayed,5.0
3.0,1.0,1,1,64.77506,6,Replayed,3.0
1.0,-1.0,-1,0,57.03394,6,Replayed,1.0
9.0,1.0,1,1,72.50711,6,Replayed,9.0
9.0,1.0,1,1,72.38507,6,Replayed,9.0
3.0,-1.0,1,1,62.862843,6,Replayed,3.0
-1.0,1.0,1,0,60.78561,6,Replayed,1.0
3.0,-1.0,1,1,62.980343,6,Replayed,3.0
-5.0,-1.0,-1,1,63.904823,6,Replayed,5.0
-9.0,-1.0,-1,1,67.93692,6,Replayed,9.0
-1.0,-1.0,-1,1,57.34303,6,Replayed,1.0
9.0,-1.0,1,1,69.40481,6,Replayed,9.0
38.0,1.0,1,1,94.647064,6,Replayed,38.0
-5.0,-1.0,-1,1,64.33049,6,Replayed,5.0
-1.0,0.0,1,0,58.89579,6,Replayed,1.0
9.0,0.0,1,1,72.76738,6,Replayed,9.0
5.0,0.0,1,1,66.386314,6,Replayed,5.0
5.0,-1.0,1,1,65.59229,6,Replayed,5.0
1.0,-1.0,-1,0,56.743908,6,Replayed,1.0
-3.0,1.0,-1,1,64.33829,6,Replayed,3.0
-1.0,-1.0,-1,1,57.26769,6,Replayed,1.0
1.0,0.0,1,1,60.398083,6,Replayed,1.0
-9.0,1.0,-1,1,71.41409,6,Replayed,9.0
-38.0,-1.0,-1,1,91.8974,6,Replayed,38.0
1.0,1.0,-1,0,59.002243,6,Replayed,1.0
-9.0,-1.0,-1,1,68.230095,6,Replayed,9.0
-38.0,1.0,-1,1,94.2004,6,Replayed,38.0
1.0,1.0,-1,0,59.119778,6,Replayed,1.0
-3.0,1.0,1,0,59.797962,6,Replayed,3.0
3.0,1.0,-1,0,58.057796,6,Replayed,3.0
38.0,1.0,1,1,94.659195,6,Replayed,38.0
9.0,-1.0,1,1,69.75832,6,Replayed,9.0
1.0,-1.0,1,1,59.513206,6,Replayed,1.0
9.0,1.0,1,1,73.04614,6,Replayed,9.0
-38.0,0.0,-1,1,93.31904,6,Replayed,38.0
5.0,1.0,1,1,67.05759,6,Replayed,5.0
-38.0,-1.0,-1,1,92.46924,6,Replayed,38.0
5.0,1.0,1,1,67.50431,6,Replayed,5.0
5.0,0.0,1,1,66.84414,6,Replayed,5.0
1.0,0.0,1,1,60.340744,6,Replayed,1.0
-38.0,0.0,-1,1,93.53589,6,Replayed,38.0
3.0,1.0,1,1,64.94726,6,Replayed,3.0
-38.0,1.0,-1,1,94.17055,6,Replayed,38.0
3.0,0.0,-1,0,58.124317,6,Replayed,3.0
3.0,0.0,-1,0,57.734077,6,Replayed,3.0
-38.0,-1.0,-1,1,92.34747,6,Replayed,38.0
-1.0,-1.0,1,0,58.38924,6,Replayed,1.0
38.0,1.0,1,1,94.72871,6,Replayed,38.0
-38.0,0.0,-1,1,93.25928,6,Replayed,38.0
-3.0,0.0,-1,1,62.17909,6,Replayed,3.0
-3.0,1.0,1,0,60.49796,6,Replayed,3.0
5.0,1.0,1,1,68.76647,6,Replayed,5.0
38.0,-1.0,1,1,92.73119,6,Replayed,38.0
-38.0,0.0,-1,1,93.47857,6,Replayed,38.0
1.0,-1.0,1,1,59.68776,6,Replayed,1.0
1.0,-1.0,1,1,59.41466,6,Replayed,1.0
-5.0,0.0,-1,1,64.62807,6,Replayed,5.0
-38.0,-1.0,-1,1,92.247734,6,Replayed,38.0
-1.0,-1.0,-1,1,58.856995,6,Replayed,1.0
-3.0,0.0,1,0,58.64993,6,Replayed,3.0
5.0,-1.0,1,1,65.05188,6,Replayed,5.0
-9.0,0.0,-1,1,70.27661,6,Replayed,9.0
-9.0,1.0,-1,1,70.83681,6,Replayed,9.0
38.0,0.0,1,1,94.02001,6,Replayed,38.0
-3.0,-1.0,-1,1,60.75061,6,Replayed,3.0
1.0,0.0,-1,0,57.986927,6,Replayed,1.0
-5.0,1.0,-1,1,66.92214,6,Replayed,5.0
3.0,-1.0,1,1,62.248756,6,Replayed,3.0
1.0,1.0,1,1,62.07013,6,Replayed,1.0
3.0,0.0,1,1,63.3631,6,Replayed,3.0
5.0,0.0,1,1,66.50517,6,Replayed,5.0
-5.0,0.0,1,0,57.959557,6,Replayed,5.0
-1.0,1.0,-1,1,60.739635,6,Replayed,1.0
9.0,0.0,1,1,71.755424,6,Replayed,9.0
-5.0,-1.0,1,0,56.801975,6,Replayed,5.0
38.0,1.0,1,1,94.40772,6,Replayed,38.0
-1.0,-1.0,1,0,58.35066,6,Replayed,1.0
5.0,1.0,-1,0,58.33399,6,Replayed,5.0
38.0,0.0,1,1,93.78302,6,Replayed,38.0
-3.0,-1.0,-1,1,61.14307,6,Replayed,3.0
9.0,0.0,1,1,72.95923,6,Replayed,9.0
9.0,1.0,1,1,72.84716,6,Replayed,9.0
3.0,0.0,1,1,62.909527,6,Replayed,3.0
-1.0,0.0,-1,1,59.6479,6,Replayed,1.0
38.0,1.0,1,1,94.59132,6,Replayed,38.0
9.0,-1.0,1,1,70.33369,6,Replayed,9.0
9.0,0.0,1,1,71.96814,6,Replayed,9.0
-1.0,0.0,1,0,59.213097,6,Replayed,1.0
-1.0,0.0,1,0,59.21247,6,Replayed,1.0
5.0,1.0,1,1,68.091835,6,Replayed,5.0
38.0,-1.0,1,1,92.31268,6,Replayed,38.0
-3.0,0.0,1,0,58.170807,6,Replayed,3.0
38.0,-1.0,1,1,92.33397,6,Replayed,38.0
-38.0,0.0,-1,1,93.46232,6,Replayed,38.0
-38.0,1.0,-1,1,94.34489,6,Replayed,38.0
-5.0,1.0,-1,1,66.87476,6,Replayed,5.0
-1.0,1.0,-1,1,60.099632,6,Replayed,1.0
5.0,-1.0,-1,0,55.570644,6,Replayed,5.0
3.0,0.0,1,1,64.67556,6,Replayed,3.0
38.0,0.0,1,1,93.88094,6,Replayed,38.0
9.0,0.0,1,1,71.59376,6,Replayed,9.0
-1.0,-1.0,1,0,58.58072,6,Replayed,1.0
5.0,1.0,1,1,67.58558,6,Replayed,5.0
-9.0,1.0,-1,1,72.0452,6,Replayed,9.0
-38.0,-1.0,-1,1,92.22616,6,Replayed,38.0
-5.0,-1.0,-1,1,63.572895,6,Replayed,5.0
1.0,1.0,1,1,61.62362,6,Replayed,1.0
5.0,0.0,1,1,65.86966,6,Replayed,5.0
3.0,-1.0,1,1,62.449657,6,Replayed,3.0
38.0,0.0,1,1,93.7071,6,Replayed,38.0
-3.0,0.0,1,0,59.28303,6,Replayed,3.0
1.0,1.0,-1,0,58.60253,6,Replayed,1.0
-9.0,1.0,-1,1,70.95677,6,Replayed,9.0
-1.0,1.0,-1,1,61.221676,6,Replayed,1.0
38.0,0.0,1,1,94.04867,6,Replayed,38.0
5.0,0.0,1,1,65.932396,6,Replayed,5.0
-38.0,-1.0,-1,1,91.82806,6,Replayed,38.0
-3.0,-1.0,1,0,58.171474,6,Replayed,3.0
-5.0,0.0,-1,1,65.94617,6,Replayed,5.0
-9.0,0.0,-1,1,70.565506,6,Replayed,9.0
-38.0,1.0,-1,1,93.68555,6,Replayed,38.0
-5.0,-1.0,-1,1,63.112907,6,Replayed,5.0
38.0,0.0,1,1,93.89668,6,Replayed,38.0
-3.0,1.0,-1,1,63.71318,6,Replayed,3.0
-1.0,0.0,1,0,59.557648,6,Replayed,1.0
-38.0,0.0,-1,1,93.21201,6,Replayed,38.0
5.0,-1.0,1,1,64.502396,6,Replayed,5.0
3.0,1.0,1,1,64.8724,6,Replayed,3.0
-9.0,1.0,-1,1,71.61428,6,Replayed,9.0
3.0,0.0,1,1,64.02362,6,Replayed,3.0
38.0,1.0,1,1,94.072334,6,Replayed,38.0
9.0,1.0,1,1,72.37238,6,Replayed,9.0
-5.0,0.0,-1,1,64.689514,6,Replayed,5.0
9.0,0.0,1,1,71.0618,6,Replayed,9.0
-3.0,0.0,-1,1,62.486713,6,Replayed,3.0
-9.0,1.0,-1,1,72.2067,6,Replayed,9.0
1.0,1.0,1,1,61.6704,6,Replayed,1.0
1.0,-1.0,-1,0,56.731873,6,Replayed,1.0
-3.0,0.0,1,0,58.82013,6,Replayed,3.0
-5.0,1.0,-1,1,65.75689,6,Replayed,5.0
-5.0,-1.0,1,0,57.1656,6,Replayed,5.0
-5.0,1.0,-1,1,66.34503,6,Replayed,5.0
38.0,-1.0,1,1,92.12836,6,Replayed,38.0
1.0,0.0,1,1,60.51457,6,Replayed,1.0
-5.0,1.0,-1,1,67.243866,6,Replayed,5.0
-9.0,-1.0,-1,1,67.98016,6,Replayed,9.0
1.0,0.0,-1,0,57.95144,6,Replayed,1.0
9.0,0.0,1,1,71.419556,6,Replayed,9.0
3.0,-1.0,1,1,61.890038,6,Replayed,3.0
-5.0,0.0,1,0,58.190174,6,Replayed,5.0
-1.0,1.0,-1,1,60.85771,6,Replayed,1.0
3.0,-1.0,-1,0,56.055016,6,Replayed,3.0
1.0,0.0,-1,0,58.429443,6,Replayed,1.0
38.0,1.0,1,1,94.59706,6,Replayed,38.0
-3.0,0.0,-1,1,62.922226,6,Replayed,3.0
-38.0,1.0,-1,1,94.439896,6,Replayed,38.0
5.0,0.0,1,1,65.35648,6,Replayed,5.0
-38.0,1.0,-1,1,94.04993,6,Replayed,38.0
38.0,-1.0,1,1,92.691574,6,Replayed,38.0
-3.0,1.0,-1,1,63.32692,6,Replayed,3.0
-38.0,-1.0,-1,1,92.540504,6,Replayed,38.0
38.0,0.0,1,1,93.500656,6,Replayed,38.0
-1.0,1.0,1,0,60.79353,6,Replayed,1.0
-3.0,0.0,1,0,59.17405,6,Replayed,3.0
5.0,-1.0,1,1,65.19112,6,Replayed,5.0
5.0,1.0,1,1,67.522095,6,Replayed,5.0
-5.0,1.0,-1,1,65.33313,6,Replayed,5.0
-3.0,-1.0,-1,1,61.30385,6,Replayed,3.0
-9.0,0.0,-1,1,70.13559,6,Replayed,9.0
-5.0,-1.0,-1,1,98.572205,7,Replayed,5.0
1.0,-1.0,-1,0,92.213585,7,Replayed,1.0
3.0,0.0,1,1,98.21219,7,Replayed,3.0
-9.0,1.0,-1,1,99.80233,7,Replayed,9.0
-3.0,0.0,-1,1,96.81888,7,Replayed,3.0
-38.0,-1.0,-1,1,99.99,7,Replayed,38.0
-38.0,0.0,-1,1,99.99,7,Replayed,38.0
-3.0,-1.0,-1,1,97.07635,7,Replayed,3.0
3.0,-1.0,1,1,98.144516,7,Replayed,3.0
-5.0,0.0,-1,1,98.66231,7,Replayed,5.0
1.0,0.0,1,1,95.43159,7,Replayed,1.0
-9.0,-1.0,1,0,93.65586,7,Replayed,9.0
5.0,1.0,1,1,99.19345,7,Replayed,5.0
-9.0,0.0,-1,1,99.71884,7,Replayed,9.0
38.0,-1.0,1,1,99.99,7,Replayed,38.0
3.0,-1.0,1,1,98.09784,7,Replayed,3.0
5.0,1.0,1,1,99.20583,7,Replayed,5.0
-1.0,1.0,-1,1,94.33353,7,Replayed,1.0
3.0,-1.0,-1,0,91.826035,7,Replayed,3.0
5.0,0.0,1,1,99.14463,7,Replayed,5.0
3.0,1.0,1,1,97.86537,7,Replayed,3.0
-9.0,1.0,-1,1,99.74267,7,Replayed,9.0
-1.0,-1.0,-1,1,94.05865,7,Replayed,1.0
38.0,-1.0,1,1,99.99,7,Replayed,38.0
-5.0,1.0,-1,1,98.50823,7,Replayed,5.0
-1.0,1.0,1,0,93.61377,7,Replayed,1.0
-3.0,1.0,-1,1,96.89408,7,Replayed,3.0
38.0,1.0,1,1,99.99,7,Replayed,38.0
-9.0,-1.0,-1,1,99.773506,7,Replayed,9.0
5.0,-1.0,1,1,99.10067,7,Replayed,5.0
1.0,1.0,1,1,95.35234,7,Replayed,1.0
-9.0,-1.0,-1,1,99.754196,7,Replayed,9.0
-1.0,1.0,-1,1,93.4168,7,Replayed,1.0
9.0,0.0,1,1,99.83463,7,Replayed,9.0
9.0,-1.0,1,1,99.855835,7,Replayed,9.0
5.0,-1.0,1,1,99.1499,7,Replayed,5.0
-5.0,1.0,-1,1,98.68524,7,Replayed,5.0
1.0,1.0,1,1,95.83295,7,Replayed,1.0
9.0,0.0,1,1,99.85852,7,Replayed,9.0
5.0,-1.0,-1,0,91.8162,7,Replayed,5.0
38.0,0.0,1,1,99.99,7,Replayed,38.0
-1.0,1.0,-1,1,94.08707,7,Replayed,1.0
-38.0,-1.0,-1,1,99.99,7,Replayed,38.0
3.0,1.0,1,1,98.06699,7,Replayed,3.0
1.0,0.0,1,1,95.63877,7,Replayed,1.0
38.0,1.0,1,1,99.99,7,Replayed,38.0
9.0,-1.0,1,1,99.86444,7,Replayed,9.0
-5.0,1.0,1,0,94.06001,7,Replayed,5.0
-3.0,0.0,-1,1,97.13546,7,Replayed,3.0
-1.0,0.0,-1,1,93.66155,7,Replayed,1.0
1.0,0.0,1,1,95.41123,7,Replayed,1.0
-3.0,0.0,1,0,94.129234,7,Replayed,3.0
-3.0,0.0,-1,1,97.17313,7,Replayed,3.0
-3.0,1.0,1,0,93.870674,7,Replayed,3.0
-3.0,0.0,1,0,93.48112,7,Replayed,3.0
3.0,1.0,-1,0,91.673294,7,Replayed,3.0
3.0,-1.0,1,1,97.93969,7,Replayed,3.0
-5.0,0.0,-1,1,98.7076,7,Replayed,5.0
-38.0,1.0,-1,1,99.99,7,Replayed,38.0
38.0,0.0,1,1,99.99,7,Replayed,38.0
5.0,0.0,1,1,99.2536,7,Replayed,5.0
-38.0,-1.0,-1,1,99.99,7,Replayed,38.0
-5.0,1.0,1,0,94.165955,7,Replayed,5.0
5.0,1.0,1,1,99.0796,7,Replayed,5.0
-9.0,1.0,-1,1,99.80271,7,Replayed,9.0
-5.0,0.0,-1,1,98.596176,7,Replayed,5.0
-9.0,0.0,-1,1,99.78743,7,Replayed,9.0
-5.0,0.0,-1,1,98.72215,7,Replayed,5.0
-38.0,-1.0,-1,1,99.99,7,Replayed,38.0
5.0,-1.0,-1,0,92.003265,7,Replayed,5.0
5.0,0.0,1,1,99.15066,7,Replayed,5.0
-1.0,-1.0,1,0,93.89894,7,Replayed,1.0
-1.0,1.0,1,0,93.74423,7,Replayed,1.0
-1.0,0.0,1,0,93.951836,7,Replayed,1.0
38.0,1.0,1,1,99.99,7,Replayed,38.0
5.0,0.0,-1,0,91.49695,7,Replayed,5.0
-9.0,0.0,-1,1,99.74401,7,Replayed,9.0
5.0,1.0,1,1,99.143845,7,Replayed,5.0
3.0,-1.0,1,1,98.06925,7,Replayed,3.0
9.0,-1.0,1,1,99.81213,7,Replayed,9.0
-38.0,1.0,-1,1,99.99,7,Replayed,38.0
3.0,0.0,1,1,97.69212,7,Replayed,3.0
-9.0,-1.0,-1,1,99.743774,7,Replayed,9.0
5.0,0.0,1,1,99.04255,7,Replayed,5.0
9.0,1.0,1,1,99.8326,7,Replayed,9.0
-1.0,-1.0,-1,1,94.19089,7,Replayed,1.0
5.0,1.0,1,1,99.13799,7,Replayed,5.0
-9.0,-1.0,-1,1,99.778625,7,Replayed,9.0
-1.0,1.0,-1,1,93.52296,7,Replayed,1.0
9.0,-1.0,1,1,99.86192,7,Replayed,9.0
9.0,0.0,1,1,99.85918,7,Replayed,9.0
-1.0,0.0,1,0,93.35057,7,Replayed,1.0
3.0,-1.0,1,1,98.20444,7,Replayed,3.0
-9.0,-1.0,-1,1,99.78721,7,Replayed,9.0
-5.0,0.0,1,0,93.92817,7,Replayed,5.0
-9.0,0.0,-1,1,99.799355,7,Replayed,9.0
-38.0,-1.0,-1,1,99.99,7,Replayed,38.0
9.0,1.0,1,1,99.87306,7,Replayed,9.0
-38.0,0.0,-1,1,99.99,7,Replayed,38.0
-3.0,0.0,-1,1,97.112015,7,Replayed,3.0
38.0,-1.0,1,1,99.99,7,Replayed,38.0
-1.0,-1.0,1,0,93.69222,7,Replayed,1.0
3.0,-1.0,-1,0,91.69351,7,Replayed,3.0
-5.0,-1.0,1,0,94.02229,7,Replayed,5.0
5.0,-1.0,1,1,99.07735,7,Replayed,5.0
3.0,1.0,1,1,97.97408,7,Replayed,3.0
-38.0,1.0,-1,1,99.99,7,Replayed,38.0
-3.0,-1.0,-1,1,97.22683,7,Replayed,3.0
5.0,-1.0,1,1,99.0662,7,Replayed,5.0
1.0,-1.0,1,1,95.720726,7,Replayed,1.0
-9.0,1.0,-1,1,99.77662,7,Replayed,9.0
38.0,1.0,1,1,99.99,7,Replayed,38.0
-1.0,1.0,-1,1,93.60936,7,Replayed,1.0
9.0,-1.0,-1,0,91.331085,7,Replayed,9.0
38.0,0.0,1,1,99.99,7,Replayed,38.0
-9.0,1.0,-1,1,99.76867,7,Replayed,9.0
1.0,1.0,1,1,95.69525,7,Replayed,1.0
-38.0,1.0,-1,1,99.99,7,Replayed,38.0
3.0,0.0,1,1,98.04452,7,Replayed,3.0
38.0,1.0,1,1,99.99,7,Replayed,38.0
-3.0,-1.0,-1,1,97.02943,7,Replayed,3.0
-1.0,0.0,-1,1,94.0077,7,Replayed,1.0
-9.0,1.0,-1,1,99.803,7,Replayed,9.0
-1.0,0.0,-1,1,94.13939,7,Replayed,1.0
1.0,1.0,1,1,95.65832,7,Replayed,1.0
9.0,0.0,1,1,99.85071,7,Replayed,9.0
5.0,0.0,1,1,99.116936,7,Replayed,5.0
38.0,-1.0,1,1,99.99,7,Replayed,38.0
-5.0,-1.0,1,0,93.67002,7,Replayed,5.0
-38.0,0.0,-1,1,99.99,7,Replayed,38.0
-38.0,-1.0,-1,1,99.99,7,Replayed,38.0
3.0,0.0,1,1,97.944084,7,Replayed,3.0
9.0,-1.0,1,1,99.85266,7,Replayed,9.0
-38.0,0.0,-1,1,99.99,7,Replayed,38.0
-9.0,-1.0,-1,1,99.79133,7,Replayed,9.0
1.0,-1.0,1,1,95.68532,7,Replayed,1.0
9.0,1.0,1,1,99.85871,7,Replayed,9.0
-38.0,0.0,-1,1,99.99,7,Replayed,38.0
9.0,1.0,1,1,99.86756,7,Replayed,9.0
-38.0,1.0,-1,1,99.99,7,Replayed,38.0
3.0,0.0,1,1,97.91604,7,Replayed,3.0
38.0,1.0,1,1,99.99,7,Replayed,38.0
38.0,-1.0,1,1,99.99,7,Replayed,38.0
38.0,0.0,1,1,99.99,7,Replayed,38.0
9.0,1.0,1,1,99.856476,7,Replayed,9.0
-3.0,-1.0,1,0,93.751945,7,Replayed,3.0
-3.0,-1.0,-1,1,97.1434,7,Replayed,3.0
-1.0,0.0,-1,1,93.9711,7,Replayed,1.0
1.0,1.0,1,1,95.79534,7,Replayed,1.0
-3.0,1.0,1,0,94.075615,7,Replayed,3.0
-38.0,0.0,-1,1,99.99,7,Replayed,38.0
-3.0,1.0,-1,1,97.21722,7,Replayed,3.0
-3.0,1.0,-1,1,96.97517,7,Replayed,3.0
1.0,-1.0,-1,0,91.44469,7,Replayed,1.0
38.0,0.0,1,1,99.99,7,Replayed,38.0
-9.0,0.0,-1,1,99.760445,7,Replayed,9.0
3.0,1.0,1,1,98.045425,7,Replayed,3.0
-3.0,0.0,-1,1,97.04137,7,Replayed,3.0
5.0,1.0,-1,0,91.11989,7,Replayed,5.0
38.0,0.0,1,1,99.99,7,Replayed,38.0
1.0,1.0,1,1,95.692444,7,Replayed,1.0
5.0,-1.0,1,1,99.03965,7,Replayed,5.0
5.0,-1.0,1,1,99.19293,7,Replayed,5.0
9.0,0.0,1,1,99.86374,7,Replayed,9.0
-3.0,0.0,1,0,93.76414,7,Replayed,3.0
-1.0,0.0,-1,1,93.442924,7,Replayed,1.0
-1.0,-1.0,-1,1,94.07723,7,Replayed,1.0
-5.0,0.0,-1,1,98.626884,7,Replayed,5.0
5.0,1.0,1,1,99.281784,7,Replayed,5.0
-1.0,-1.0,1,0,94.07579,7,Replayed,1.0
-1.0,-1.0,1,0,94.17399,7,Replayed,1.0
-38.0,1.0,-1,1,99.99,7,Replayed,38.0
3.0,0.0,-1,0,91.63824,7,Replayed,3.0
-1.0,1.0,-1,1,93.96955,7,Replayed,1.0
3.0,1.0,1,1,97.903725,7,Replayed,3.0
-38.0,0.0,-1,1,99.99,7,Replayed,38.0
1.0,-1.0,1,1,95.257744,7,Replayed,1.0
-9.0,0.0,-1,1,99.763916,7,Replayed,9.0
38.0,-1.0,1,1,99.99,7,Replayed,38.0
-9.0,0.0,-1,1,99.81185,7,Replayed,9.0
-38.0,-1.0,-1,1,99.99,7,Replayed,38.0
9.0,1.0,1,1,99.86955,7,Replayed,9.0
-5.0,-1.0,-1,1,98.74744,7,Replayed,5.0
3.0,0.0,-1,0,91.77044,7,Replayed,3.0
-3.0,-1.0,1,0,93.77105,7,Replayed,3.0
-1.0,-1.0,1,0,93.52147,7,Replayed,1.0
38.0,1.0,1,1,99.99,7,Replayed,38.0
3.0,1.0,1,1,97.951195,7,Replayed,3.0
1.0,1.0,-1,0,91.82925,7,Replayed,1.0
9.0,-1.0,1,1,99.864525,7,Replayed,9.0
3.0,-1.0,1,1,97.791466,7,Replayed,3.0
-5.0,0.0,1,0,93.756256,7,Replayed,5.0
9.0,1.0,1,1,99.818886,7,Replayed,9.0
1.0,0.0,-1,0,91.45568,7,Replayed,1.0
38.0,0.0,1,1,99.99,7,Replayed,38.0
5.0,0.0,1,1,99.05292,7,Replayed,5.0
9.0,0.0,1,1,99.8327,7,Replayed,9.0
-38.0,1.0,-1,1,99.99,7,Replayed,38.0
-9.0,0.0,-1,1,99.773445,7,Replayed,9.0
-3.0,1.0,1,0,93.62317,7,Replayed,3.0
-5.0,-1.0,-1,1,98.637955,7,Replayed,5.0
-38.0,-1.0,-1,1,99.99,7,Replayed,38.0
1.0,-1.0,1,1,95.48889,7,Replayed,1.0
1.0,0.0,1,1,95.47509,7,Replayed,1.0
-3.0,1.0,-1,1,96.913864,7,Replayed,3.0
38.0,1.0,1,1,99.99,7,Replayed,38.0
3.0,0.0,1,1,98.11217,7,Replayed,3.0
1.0,0.0,1,1,95.43083,7,Replayed,1.0
-5.0,1.0,-1,1,98.56711,7,Replayed,5.0
-5.0,-1.0,-1,1,98.73572,7,Replayed,5.0
1.0,-1.0,1,1,95.47091,7,Replayed,1.0
1.0,0.0,1,1,95.9344,7,Replayed,1.0
3.0,1.0,-1,0,91.59659,7,Replayed,3.0
-5.0,-1.0,-1,1,98.741,7,Replayed,5.0
38.0,-1.0,1,1,99.99,7,Replayed,38.0
-5.0,1.0,-1,1,98.70209,7,Replayed,5.0
-9.0,1.0,-1,1,99.78435,7,Replayed,9.0
38.0,-1.0,1,1,99.99,7,Replayed,38.0
5.0,1.0,-1,0,91.94046,7,Replayed,5.0
1.0,0.0,1,1,95.940956,7,Replayed,1.0
38.0,0.0,1,1,99.99,7,Replayed,38.0
1.0,1.0,1,1,95.77767,7,Replayed,1.0
-3.0,1.0,-1,1,97.19542,7,Replayed,3.0
-38.0,0.0,-1,1,99.99,7,Replayed,38.0
-3.0,-1.0,1,0,93.73712,7,Replayed,3.0
-5.0,0.0,-1,1,98.716225,7,Replayed,5.0
-3.0,-1.0,-1,1,97.12215,7,Replayed,3.0
-5.0,-1.0,-1,1,98.768196,7,Replayed,5.0
1.0,-1.0,1,1,95.76376,7,Replayed,1.0
9.0,1.0,1,1,99.86252,7,Replayed,9.0
9.0,-1.0,1,1,99.84084,7,Replayed,9.0
-1.0,0.0,1,0,93.802666,7,Replayed,1.0
-9.0,-1.0,-1,1,99.782166,7,Replayed,9.0
5.0,0.0,1,1,99.08806,7,Replayed,5.0
-38.0,1.0,-1,1,99.99,7,Replayed,38.0
-9.0,1.0,-1,1,99.74971,7,Replayed,9.0
-5.0,1.0,-1,1,98.81972,7,Replayed,5.0
-5.0,1.0,-1,1,98.66319,7,Replayed,5.0
9.0,0.0,1,1,99.876656,7,Replayed,9.0
9.0,0.0,1,1,99.83124,7,Replayed,9.0
-9.0,1.0,-1,1,62.523586,8,Replayed,9.0
3.0,0.0,1,1,53.28567,8,Replayed,3.0
-5.0,1.0,-1,1,59.22341,8,Replayed,5.0
9.0,1.0,1,1,62.24082,8,Replayed,9.0
9.0,0.0,1,1,59.340523,8,Replayed,9.0
-38.0,-1.0,-1,1,78.08845,8,Replayed,38.0
-3.0,1.0,-1,1,57.648804,8,Replayed,3.0
-9.0,1.0,-1,1,63.73793,8,Replayed,9.0
-5.0,0.0,1,0,48.638214,8,Replayed,5.0
-9.0,0.0,-1,1,60.78875,8,Replayed,9.0
-9.0,1.0,-1,1,63.41008,8,Replayed,9.0
-1.0,1.0,-1,1,53.726685,8,Replayed,1.0
38.0,1.0,1,1,84.70757,8,Replayed,38.0
-38.0,-1.0,-1,1,77.76803,8,Replayed,38.0
5.0,0.0,1,1,55.493767,8,Replayed,5.0
5.0,-1.0,1,1,53.62789,8,Replayed,5.0
-3.0,1.0,1,0,51.93299,8,Replayed,3.0
5.0,0.0,-1,0,49.051277,8,Replayed,5.0
3.0,-1.0,1,1,51.54812,8,Replayed,3.0
38.0,0.0,1,1,81.457306,8,Replayed,38.0
5.0,1.0,1,1,58.228516,8,Replayed,5.0
-38.0,1.0,-1,1,84.96855,8,Replayed,38.0
-3.0,1.0,-1,1,57.31587,8,Replayed,3.0
5.0,0.0,1,1,55.61421,8,Replayed,5.0
-38.0,1.0,-1,1,85.347336,8,Replayed,38.0
-9.0,0.0,-1,1,60.693943,8,Replayed,9.0
-38.0,0.0,-1,1,81.926605,8,Replayed,38.0
-1.0,1.0,-1,1,55.59154,8,Replayed,1.0
-3.0,1.0,1,0,51.71632,8,Replayed,3.0
1.0,1.0,1,1,53.114502,8,Replayed,1.0
-9.0,0.0,-1,1,60.74602,8,Replayed,9.0
3.0,-1.0,-1,0,48.511875,8,Replayed,3.0
38.0,-1.0,1,1,76.85405,8,Replayed,38.0
-3.0,0.0,-1,1,54.93381,8,Replayed,3.0
-5.0,-1.0,-1,1,55.203377,8,Replayed,5.0
1.0,0.0,-1,0,51.346634,8,Replayed,1.0
9.0,-1.0,1,1,56.33896,8,Replayed,9.0
38.0,0.0,1,1,81.32542,8,Replayed,38.0
-38.0,-1.0,-1,1,77.68546,8,Replayed,38.0
38.0,0.0,1,1,81.91227,8,Replayed,38.0
1.0,1.0,1,1,54.606556,8,Replayed,1.0
-9.0,0.0,-1,1,59.348793,8,Replayed,9.0
3.0,1.0,1,1,55.37794,8,Replayed,3.0
-3.0,-1.0,-1,1,54.271477,8,Replayed,3.0
-3.0,0.0,-1,1,54.81348,8,Replayed,3.0
-38.0,1.0,-1,1,85.54578,8,Replayed,38.0
3.0,-1.0,1,1,51.633717,8,Replayed,3.0
-38.0,-1.0,-1,1,78.20556,8,Replayed,38.0
-3.0,-1.0,1,0,46.07778,8,Replayed,3.0
9.0,1.0,1,1,62.335033,8,Replayed,9.0
3.0,1.0,-1,0,52.97808,8,Replayed,3.0
9.0,1.0,1,1,62.26107,8,Replayed,9.0
1.0,-1.0,1,1,49.501247,8,Replayed,1.0
-9.0,-1.0,-1,1,57.53319,8,Replayed,9.0
9.0,0.0,1,1,58.88779,8,Replayed,9.0
9.0,-1.0,1,1,56.438416,8,Replayed,9.0
-1.0,0.0,-1,1,53.385525,8,Replayed,1.0
-38.0,1.0,-1,1,85.68372,8,Replayed,38.0
3.0,1.0,-1,0,52.86178,8,Replayed,3.0
-3.0,-1.0,1,0,46.53059,8,Replayed,3.0
1.0,-1.0,-1,0,49.509846,8,Replayed,1.0
9.0,0.0,1,1,58.983948,8,Replayed,9.0
1.0,-1.0,-1,0,50.418686,8,Replayed,1.0
5.0,0.0,1,1,54.949795,8,Replayed,5.0
3.0,-1.0,1,1,51.525898,8,Replayed,3.0
9.0,-1.0,1,1,56.56378,8,Replayed,9.0
1.0,0.0,1,1,52.032024,8,Replayed,1.0
5.0,-1.0,-1,0,46.15426,8,Replayed,5.0
3.0,1.0,1,1,56.169605,8,Replayed,3.0
-38.0,0.0,-1,1,82.33564,8,Replayed,38.0
-38.0,0.0,-1,1,82.58698,8,Replayed,38.0
38.0,1.0,1,1,84.6825,8,Replayed,38.0
38.0,1.0,1,1,85.15331,8,Replayed,38.0
-3.0,1.0,-1,1,56.6652,8,Replayed,3.0
3.0,-1.0,1,1,52.579273,8,Replayed,3.0
5.0,-1.0,1,1,53.099205,8,Replayed,5.0
-1.0,1.0,1,0,53.172024,8,Replayed,1.0
-3.0,1.0,-1,1,57.54609,8,Replayed,3.0
38.0,-1.0,1,1,77.77042,8,Replayed,38.0
-1.0,-1.0,1,0,49.78792,8,Replayed,1.0
-38.0,-1.0,-1,1,78.8464,8,Replayed,38.0
-5.0,-1.0,-1,1,55.00754,8,Replayed,5.0
-3.0,0.0,-1,1,55.058407,8,Replayed,3.0
9.0,1.0,1,1,61.155594,8,Replayed,9.0
3.0,1.0,1,1,55.55299,8,Replayed,3.0
3.0,-1.0,-1,0,48.27119,8,Replayed,3.0
1.0,0.0,-1,0,51.03209,8,Replayed,1.0
-38.0,1.0,-1,1,85.58189,8,Replayed,38.0
1.0,0.0,1,1,52.860195,8,Replayed,1.0
-5.0,1.0,-1,1,59.683807,8,Replayed,5.0
-9.0,1.0,-1,1,62.804276,8,Replayed,9.0
-38.0,1.0,-1,1,85.399666,8,Replayed,38.0
38.0,-1.0,1,1,78.172424,8,Replayed,38.0
-5.0,0.0,-1,1,58.156662,8,Replayed,5.0
9.0,1.0,1,1,61.558006,8,Replayed,9.0
5.0,1.0,1,1,57.56629,8,Replayed,5.0
9.0,0.0,1,1,59.979893,8,Replayed,9.0
1.0,-1.0,-1,0,49.7912,8,Replayed,1.0
-9.0,1.0,-1,1,63.804672,8,Replayed,9.0
-9.0,0.0,-1,1,59.33804,8,Replayed,9.0
3.0,1.0,1,1,55.699158,8,Replayed,3.0
-9.0,1.0,-1,1,62.95837,8,Replayed,9.0
38.0,0.0,1,1,80.691376,8,Replayed,38.0
-1.0,0.0,1,0,50.73541,8,Replayed,1.0
5.0,-1.0,1,1,54.350056,8,Replayed,5.0
-1.0,-1.0,-1,1,51.195534,8,Replayed,1.0
-5.0,-1.0,-1,1,54.099773,8,Replayed,5.0
5.0,1.0,1,1,57.298096,8,Replayed,5.0
-9.0,1.0,-1,1,64.15769,8,Replayed,9.0
3.0,0.0,1,1,54.42507,8,Replayed,3.0
-38.0,1.0,-1,1,85.39998,8,Replayed,38.0
-5.0,-1.0,-1,1,53.73711,8,Replayed,5.0
-9.0,0.0,-1,1,60.666527,8,Replayed,9.0
1.0,0.0,-1,0,52.38001,8,Replayed,1.0
38.0,1.0,1,1,84.777626,8,Replayed,38.0
-1.0,1.0,-1,1,54.70935,8,Replayed,1.0
-5.0,1.0,-1,1,59.515827,8,Replayed,5.0
38.0,1.0,1,1,84.81655,8,Replayed,38.0
-5.0,1.0,-1,1,59.79845,8,Replayed,5.0
3.0,1.0,1,1,55.066372,8,Replayed,3.0
5.0,-1.0,1,1,53.646225,8,Replayed,5.0
5.0,-1.0,-1,0,47.087814,8,Replayed,5.0
3.0,1.0,-1,0,52.343834,8,Replayed,3.0
9.0,0.0,1,1,60.520466,8,Replayed,9.0
1.0,1.0,1,1,54.14296,8,Replayed,1.0
38.0,-1.0,1,1,77.345505,8,Replayed,38.0
-1.0,0.0,1,0,50.323296,8,Replayed,1.0
-3.0,1.0,1,0,51.431934,8,Replayed,3.0
9.0,-1.0,1,1,56.164505,8,Replayed,9.0
-38.0,1.0,-1,1,85.944534,8,Replayed,38.0
9.0,0.0,1,1,60.445534,8,Replayed,9.0
-9.0,-1.0,-1,1,58.373707,8,Replayed,9.0
-1.0,-1.0,-1,1,51.95271,8,Replayed,1.0
-9.0,1.0,1,0,47.009846,8,Replayed,9.0
-5.0,1.0,-1,1,58.995068,8,Replayed,5.0
1.0,0.0,1,1,53.119373,8,Replayed,1.0
-3.0,-1.0,-1,1,53.526814,8,Replayed,3.0
-1.0,0.0,-1,1,52.565186,8,Replayed,1.0
9.0,-1.0,1,1,56.719242,8,Replayed,9.0
5.0,1.0,1,1,58.6037,8,Replayed,5.0
-1.0,0.0,1,0,50.51683,8,Replayed,1.0
-1.0,0.0,1,0,49.816437,8,Replayed,1.0
38.0,-1.0,1,1,77.73376,8,Replayed,38.0
38.0,-1.0,1,1,76.71659,8,Replayed,38.0
-1.0,-1.0,-1,1,51.603718,8,Replayed,1.0
-1.0,-1.0,-1,1,51.40254,8,Replayed,1.0
-5.0,0.0,-1,1,56.77504,8,Replayed,5.0
-9.0,-1.0,-1,1,58.633286,8,Replayed,9.0
-38.0,0.0,-1,1,81.72876,8,Replayed,38.0
-9.0,-1.0,-1,1,58.105923,8,Replayed,9.0
5.0,-1.0,1,1,52.604095,8,Replayed,5.0
-9.0,-1.0,-1,1,57.570328,8,Replayed,9.0
-9.0,-1.0,-1,1,57.55093,8,Replayed,9.0
1.0,0.0,1,1,52.654545,8,Replayed,1.0
-1.0,0.0,-1,1,53.95763,8,Replayed,1.0
38.0,1.0,1,1,84.90526,8,Replayed,38.0
5.0,0.0,-1,0,49.49848,8,Replayed,5.0
-38.0,0.0,-1,1,81.90619,8,Replayed,38.0
-5.0,0.0,-1,1,55.931915,8,Replayed,5.0
-38.0,0.0,1,0,26.182007,8,Replayed,38.0
38.0,0.0,1,1,81.681274,8,Replayed,38.0
-1.0,1.0,-1,1,54.486538,8,Replayed,1.0
-3.0,-1.0,-1,1,52.68317,8,Replayed,3.0
-38.0,0.0,-1,1,82.34054,8,Replayed,38.0
-9.0,0.0,-1,1,60.119843,8,Replayed,9.0
1.0,1.0,-1,0,53.150703,8,Replayed,1.0
-5.0,-1.0,1,0,46.585995,8,Replayed,5.0
-9.0,-1.0,-1,1,56.83326,8,Replayed,9.0
9.0,1.0,1,1,61.415005,8,Replayed,9.0
5.0,0.0,1,1,55.28524,8,Replayed,5.0
5.0,1.0,-1,0,51.787712,8,Replayed,5.0
3.0,0.0,-1,0,50.4902,8,Replayed,3.0
-1.0,1.0,1,0,52.733826,8,Replayed,1.0
38.0,0.0,1,1,81.80502,8,Replayed,38.0
-3.0,0.0,-1,1,55.443985,8,Replayed,3.0
-5.0,1.0,1,0,50.98189,8,Replayed,5.0
-38.0,-1.0,-1,1,78.39874,8,Replayed,38.0
-3.0,-1.0,-1,1,51.772617,8,Replayed,3.0
-3.0,1.0,-1,1,57.738476,8,Replayed,3.0
5.0,1.0,1,1,57.27095,8,Replayed,5.0
-5.0,0.0,1,0,48.14154,8,Replayed,5.0
-38.0,-1.0,-1,1,77.67434,8,Replayed,38.0
9.0,-1.0,-1,0,43.00727,8,Replayed,9.0
-3.0,-1.0,-1,1,53.88194,8,Replayed,3.0
3.0,-1.0,-1,0,47.87749,8,Replayed,3.0
-1.0,-1.0,1,0,48.07919,8,Replayed,1.0
-5.0,1.0,1,0,49.75957,8,Replayed,5.0
-1.0,-1.0,-1,1,51.189064,8,Replayed,1.0
-5.0,0.0,-1,1,56.857853,8,Replayed,5.0
1.0,1.0,-1,0,53.863834,8,Replayed,1.0
-3.0,0.0,-1,1,54.526794,8,Replayed,3.0
5.0,-1.0,-1,0,46.860027,8,Replayed,5.0
9.0,-1.0,1,1,55.48238,8,Replayed,9.0
-5.0,-1.0,-1,1,55.039734,8,Replayed,5.0
5.0,0.0,1,1,56.070995,8,Replayed,5.0
5.0,0.0,1,1,55.970055,8,Replayed,5.0
-5.0,1.0,-1,1,60.73323,8,Replayed,5.0
-38.0,0.0,-1,1,82.409874,8,Replayed,38.0
-9.0,0.0,-1,1,60.85735,8,Replayed,9.0
-3.0,0.0,-1,1,53.958714,8,Replayed,3.0
-5.0,-1.0,-1,1,55.170677,8,Replayed,5.0
1.0,-1.0,1,1,50.656857,8,Replayed,1.0
38.0,-1.0,1,1,77.05193,8,Replayed,38.0
1.0,1.0,1,1,54.116203,8,Replayed,1.0
-1.0,0.0,-1,1,52.501118,8,Replayed,1.0
-3.0,0.0,-1,1,55.487053,8,Replayed,3.0
1.0,1.0,1,1,54.455845,8,Replayed,1.0
1.0,1.0,-1,0,53.751488,8,Replayed,1.0
-1.0,1.0,-1,1,55.28237,8,Replayed,1.0
-1.0,1.0,1,0,51.56883,8,Replayed,1.0
38.0,1.0,1,1,84.96768,8,Replayed,38.0
38.0,1.0,1,1,84.44461,8,Replayed,38.0
38.0,0.0,1,1,81.45051,8,Replayed,38.0
1.0,0.0,-1,0,52.26664,8,Replayed,1.0
3.0,0.0,1,1,54.864132,8,Replayed,3.0
3.0,0.0,1,1,53.69059,8,Replayed,3.0
1.0,-1.0,-1,0,49.545963,8,Replayed,1.0
3.0,-1.0,-1,0,48.462666,8,Replayed,3.0
9.0,-1.0,1,1,56.159157,8,Replayed,9.0
-9.0,-1.0,-1,1,56.89476,8,Replayed,9.0
-5.0,0.0,-1,1,57.040127,8,Replayed,5.0
-5.0,-1.0,-1,1,53.915733,8,Replayed,5.0
9.0,1.0,1,1,61.078896,8,Replayed,9.0
-5.0,0.0,-1,1,57.53464,8,Replayed,5.0
38.0,-1.0,1,1,77.07618,8,Replayed,38.0
-1.0,-1.0,1,0,48.78365,8,Replayed,1.0
3.0,0.0,1,1,53.729427,8,Replayed,3.0
1.0,-1.0,-1,0,49.628998,8,Replayed,1.0
-3.0,-1.0,-1,1,53.140224,8,Replayed,3.0
38.0,0.0,1,1,82.13025,8,Replayed,38.0
3.0,0.0,1,1,54.211025,8,Replayed,3.0
-38.0,-1.0,-1,1,78.37576,8,Replayed,38.0
-38.0,0.0,-1,1,67.87544,9,Replayed,38.0
9.0,-1.0,1,1,49.35978,9,Replayed,9.0
5.0,0.0,-1,0,41.93701,9,Replayed,5.0
-1.0,-1.0,-1,1,42.829533,9,Replayed,1.0
38.0,-1.0,1,1,65.651634,9,Replayed,38.0
38.0,0.0,1,1,68.84016,9,Replayed,38.0
5.0,0.0,1,1,49.952587,9,Replayed,5.0
5.0,-1.0,1,1,47.562035,9,Replayed,5.0
-38.0,1.0,-1,1,70.34706,9,Replayed,38.0
-9.0,-1.0,-1,1,48.86253,9,Replayed,9.0
1.0,0.0,-1,0,44.50758,9,Replayed,1.0
3.0,0.0,-1,0,42.82757,9,Replayed,3.0
-3.0,-1.0,1,0,43.147076,9,Replayed,3.0
5.0,1.0,1,1,54.324646,9,Replayed,5.0
1.0,0.0,1,1,47.604748,9,Replayed,1.0
-38.0,0.0,-1,1,65.83849,9,Replayed,38.0
9.0,0.0,-1,0,39.43571,9,Replayed,9.0
-3.0,1.0,1,0,48.58313,9,Replayed,3.0
38.0,0.0,1,1,68.86734,9,Replayed,38.0
38.0,1.0,1,1,71.41371,9,Replayed,38.0
-9.0,1.0,-1,1,54.147255,9,Replayed,9.0
-5.0,1.0,-1,1,52.34127,9,Replayed,5.0
1.0,-1.0,-1,0,41.100655,9,Replayed,1.0
1.0,-1.0,1,1,45.827423,9,Replayed,1.0
38.0,1.0,1,1,72.47965,9,Replayed,38.0
-5.0,-1.0,1,0,41.35461,9,Replayed,5.0
-3.0,1.0,1,0,49.032307,9,Replayed,3.0
5.0,1.0,-1,0,45.46887,9,Replayed,5.0
5.0,0.0,1,1,51.065437,9,Replayed,5.0
1.0,0.0,1,1,48.251102,9,Replayed,1.0
5.0,1.0,-1,0,45.723186,9,Replayed,5.0
38.0,-1.0,1,1,64.704605,9,Replayed,38.0
5.0,0.0,-1,0,41.507114,9,Replayed,5.0
1.0,-1.0,-1,0,42.306843,9,Replayed,1.0
5.0,1.0,1,1,52.481686,9,Replayed,5.0
-9.0,1.0,1,0,44.7492,9,Replayed,9.0
9.0,0.0,-1,0,40.246292,9,Replayed,9.0
3.0,0.0,-1,0,43.70688,9,Replayed,3.0
9.0,1.0,1,1,55.878304,9,Replayed,9.0
-3.0,0.0,1,0,45.478775,9,Replayed,3.0
5.0,0.0,1,1,49.78999,9,Replayed,5.0
3.0,1.0,1,1,51.9774,9,Replayed,3.0
1.0,1.0,1,1,50.84182,9,Replayed,1.0
-38.0,0.0,-1,1,67.638145,9,Replayed,38.0
38.0,-1.0,1,1,65.07369,9,Replayed,38.0
5.0,0.0,1,1,50.311077,9,Replayed,5.0
-9.0,0.0,1,0,42.170235,9,Replayed,9.0
3.0,0.0,1,1,49.133564,9,Replayed,3.0
1.0,-1.0,1,1,45.905598,9,Replayed,1.0
-5.0,-1.0,1,0,41.6529,9,Replayed,5.0
1.0,0.0,1,1,48.628933,9,Replayed,1.0
5.0,-1.0,1,1,47.288746,9,Replayed,5.0
-1.0,1.0,1,0,49.76754,9,Replayed,1.0
38.0,-1.0,1,1,65.37119,9,Replayed,38.0
5.0,-1.0,1,1,47.06498,9,Replayed,5.0
1.0,-1.0,1,1,46.12859,9,Replayed,1.0
-3.0,0.0,1,0,46.013496,9,Replayed,3.0
5.0,-1.0,1,1,48.582054,9,Replayed,5.0
-9.0,1.0,-1,1,54.34901,9,Replayed,9.0
9.0,1.0,1,1,56.396782,9,Replayed,9.0
-38.0,-1.0,-1,1,63.732082,9,Replayed,38.0
-5.0,1.0,-1,1,51.67001,9,Replayed,5.0
9.0,1.0,-1,0,43.333824,9,Replayed,9.0
38.0,-1.0,-1,0,20.119368,9,Replayed,38.0
-1.0,1.0,-1,1,47.791687,9,Replayed,1.0
-3.0,-1.0,1,0,42.46505,9,Replayed,3.0
3.0,-1.0,1,1,46.496155,9,Replayed,3.0
-1.0,-1.0,-1,1,43.04273,9,Replayed,1.0
-5.0,-1.0,1,0,41.625942,9,Replayed,5.0
-38.0,0.0,-1,1,66.451416,9,Replayed,38.0
5.0,1.0,1,1,54.049088,9,Replayed,5.0
-3.0,-1.0,1,0,42.8222,9,Replayed,3.0
-1.0,0.0,1,0,46.449432,9,Replayed,1.0
3.0,-1.0,1,1,46.847935,9,Replayed,3.0
1.0,-1.0,-1,0,43.242012,9,Replayed,1.0
-38.0,0.0,-1,1,66.27454,9,Replayed,38.0
-1.0,0.0,1,0,47.80561,9,Replayed,1.0
9.0,0.0,1,1,53.229515,9,Replayed,9.0
-1.0,1.0,-1,1,49.528996,9,Replayed,1.0
-9.0,1.0,1,0,45.872696,9,Replayed,9.0
-3.0,-1.0,-1,1,44.21787,9,Replayed,3.0
-9.0,1.0,-1,1,53.840137,9,Replayed,9.0
1.0,1.0,1,1,51.44037,9,Replayed,1.0
-5.0,1.0,1,0,47.214767,9,Replayed,5.0
3.0,-1.0,1,1,46.52073,9,Replayed,3.0
3.0,1.0,1,1,52.86234,9,Replayed,3.0
-1.0,1.0,1,0,50.9015,9,Replayed,1.0
-9.0,0.0,1,0,42.447926,9,Replayed,9.0
-9.0,-1.0,-1,1,48.100315,9,Replayed,9.0
38.0,0.0,-1,0,23.295578,9,Replayed,38.0
1.0,1.0,1,1,50.982838,9,Replayed,1.0
9.0,-1.0,1,1,50.914528,9,Replayed,9.0
-38.0,-1.0,-1,1,62.763004,9,Replayed,38.0
-9.0,-1.0,-1,1,46.862457,9,Replayed,9.0
-3.0,-1.0,-1,1,43.37529,9,Replayed,3.0
-5.0,0.0,1,0,44.386433,9,Replayed,5.0
-3.0,0.0,1,0,46.077763,9,Replayed,3.0
1.0,0.0,1,1,48.91133,9,Replayed,1.0
-1.0,-1.0,-1,1,43.39004,9,Replayed,1.0
-1.0,1.0,-1,1,50.063633,9,Replayed,1.0
1.0,0.0,1,1,49.700783,9,Replayed,1.0
3.0,0.0,1,1,49.410923,9,Replayed,3.0
-9.0,1.0,-1,1,54.562366,9,Replayed,9.0
-3.0,1.0,1,0,48.300426,9,Replayed,3.0
-3.0,0.0,1,0,45.723267,9,Replayed,3.0
9.0,-1.0,1,1,50.368263,9,Replayed,9.0
-9.0,0.0,-1,1,50.900795,9,Replayed,9.0
-3.0,-1.0,-1,1,43.917408,9,Replayed,3.0
-1.0,0.0,1,0,48.30962,9,Replayed,1.0
5.0,-1.0,-1,0,38.531635,9,Replayed,5.0
3.0,-1.0,1,1,46.887474,9,Replayed,3.0
-38.0,-1.0,-1,1,62.961735,9,Replayed,38.0
5.0,0.0,1,1,49.752113,9,Replayed,5.0
-3.0,0.0,1,0,46.17252,9,Replayed,3.0
9.0,-1.0,-1,0,37.490868,9,Replayed,9.0
9.0,-1.0,-1,0,38.20988,9,Replayed,9.0
-5.0,0.0,1,0,43.974182,9,Replayed,5.0
3.0,1.0,-1,0,46.880848,9,Replayed,3.0
9.0,1.0,1,1,57.218082,9,Replayed,9.0
3.0,0.0,-1,0,43.44029,9,Replayed,3.0
5.0,1.0,-1,0,45.953083,9,Replayed,5.0
-38.0,0.0,1,0,25.366837,9,Replayed,38.0
-9.0,0.0,-1,1,50.60499,9,Replayed,9.0
-5.0,-1.0,1,0,41.058327,9,Replayed,5.0
3.0,1.0,1,1,52.070557,9,Replayed,3.0
3.0,1.0,1,1,52.63396,9,Replayed,3.0
-38.0,1.0,-1,1,70.16293,9,Replayed,38.0
38.0,0.0,-1,0,22.894623,9,Replayed,38.0
38.0,1.0,1,1,71.29193,9,Replayed,38.0
38.0,1.0,1,1,73.40754,9,Replayed,38.0
-3.0,1.0,-1,1,50.796173,9,Replayed,3.0
-5.0,0.0,1,0,44.976707,9,Replayed,5.0
5.0,0.0,1,1,50.507526,9,Replayed,5.0
9.0,1.0,-1,0,43.318306,9,Replayed,9.0
38.0,1.0,1,1,71.87417,9,Replayed,38.0
1.0,-1.0,-1,0,41.872044,9,Replayed,1.0
-1.0,0.0,1,0,46.95521,9,Replayed,1.0
3.0,1.0,-1,0,46.231956,9,Replayed,3.0
-9.0,0.0,1,0,41.8695,9,Replayed,9.0
-38.0,1.0,1,0,27.438017,9,Replayed,38.0
-5.0,0.0,-1,1,48.864613,9,Replayed,5.0
38.0,0.0,1,1,69.93923,9,Replayed,38.0
38.0,-1.0,1,1,65.07909,9,Replayed,38.0
-5.0,0.0,1,0,44.143524,9,Replayed,5.0
9.0,-1.0,1,1,49.43646,9,Replayed,9.0
1.0,-1.0,-1,0,41.467743,9,Replayed,1.0
-5.0,1.0,1,0,47.389244,9,Replayed,5.0
-38.0,1.0,-1,1,69.73393,9,Replayed,38.0
38.0,1.0,1,1,71.5774,9,Replayed,38.0
5.0,-1.0,1,1,48.19079,9,Replayed,5.0
-3.0,1.0,-1,1,50.161404,9,Replayed,3.0
-5.0,-1.0,-1,1,45.874233,9,Replayed,5.0
1.0,1.0,1,1,50.650383,9,Replayed,1.0
-38.0,1.0,-1,1,69.96373,9,Replayed,38.0
-38.0,-1.0,-1,1,61.99043,9,Replayed,38.0
38.0,1.0,1,1,71.96725,9,Replayed,38.0
38.0,-1.0,1,1,65.79872,9,Replayed,38.0
-1.0,1.0,1,0,49.586563,9,Replayed,1.0
-1.0,0.0,-1,1,45.2471,9,Replayed,1.0
3.0,-1.0,-1,0,41.039227,9,Replayed,3.0
-38.0,-1.0,-1,1,62.59966,9,Replayed,38.0
-38.0,1.0,-1,1,70.61836,9,Replayed,38.0
-38.0,1.0,-1,1,70.149734,9,Replayed,38.0
1.0,0.0,1,1,48.558826,9,Replayed,1.0
-1.0,0.0,-1,1,46.027412,9,Replayed,1.0
-5.0,0.0,-1,1,47.88805,9,Replayed,5.0
-9.0,-1.0,-1,1,47.45523,9,Replayed,9.0
9.0,0.0,1,1,51.94829,9,Replayed,9.0
-9.0,0.0,-1,1,50.61318,9,Replayed,9.0
3.0,1.0,-1,0,46.588524,9,Replayed,3.0
9.0,0.0,-1,0,40.14027,9,Replayed,9.0
-5.0,0.0,1,0,44.731133,9,Replayed,5.0
-5.0,-1.0,1,0,42.37501,9,Replayed,5.0
9.0,1.0,1,1,55.198143,9,Replayed,9.0
38.0,1.0,1,1,72.141235,9,Replayed,38.0
1.0,0.0,-1,0,45.21865,9,Replayed,1.0
-5.0,0.0,-1,1,48.62076,9,Replayed,5.0
-1.0,0.0,1,0,47.566315,9,Replayed,1.0
-3.0,1.0,1,0,49.147156,9,Replayed,3.0
-5.0,-1.0,-1,1,45.412045,9,Replayed,5.0
3.0,-1.0,1,1,46.151318,9,Replayed,3.0
38.0,0.0,1,1,68.664566,9,Replayed,38.0
3.0,0.0,1,1,50.640827,9,Replayed,3.0
-38.0,-1.0,-1,1,63.372177,9,Replayed,38.0
-9.0,-1.0,1,0,39.670246,9,Replayed,9.0
1.0,1.0,-1,0,48.66667,9,Replayed,1.0
-5.0,1.0,-1,1,52.027557,9,Replayed,5.0
5.0,-1.0,-1,0,40.36069,9,Replayed,5.0
-5.0,-1.0,-1,1,45.549828,9,Replayed,5.0
9.0,-1.0,-1,0,35.94128,9,Replayed,9.0
1.0,1.0,1,1,51.177834,9,Replayed,1.0
-9.0,1.0,-1,1,53.78368,9,Replayed,9.0
3.0,-1.0,-1,0,41.313614,9,Replayed,3.0
-3.0,0.0,1,0,45.618008,9,Replayed,3.0
-9.0,1.0,-1,1,54.529053,9,Replayed,9.0
-1.0,1.0,1,0,51.180626,9,Replayed,1.0
-3.0,0.0,1,0,47.542538,9,Replayed,3.0
-3.0,-1.0,1,0,42.20536,9,Replayed,3.0
-38.0,0.0,-1,1,66.202576,9,Replayed,38.0
-5.0,1.0,-1,1,51.445473,9,Replayed,5.0
38.0,-1.0,1,1,65.24085,9,Replayed,38.0
-3.0,-1.0,-1,1,45.239563,9,Replayed,3.0
3.0,0.0,-1,0,44.040585,9,Replayed,3.0
-1.0,-1.0,-1,1,43.642292,9,Replayed,1.0
-1.0,1.0,1,0,50.203632,9,Replayed,1.0
9.0,0.0,1,1,53.48336,9,Replayed,9.0
-3.0,1.0,1,0,48.55234,9,Replayed,3.0
5.0,-1.0,1,1,48.226555,9,Replayed,5.0
-1.0,-1.0,1,0,43.655144,9,Replayed,1.0
3.0,-1.0,1,1,46.299164,9,Replayed,3.0
-5.0,1.0,1,0,47.88338,9,Replayed,5.0
5.0,1.0,1,1,53.17213,9,Replayed,5.0
-38.0,-1.0,-1,1,62.690617,9,Replayed,38.0
-9.0,0.0,1,0,42.615845,9,Replayed,9.0
-1.0,-1.0,1,0,44.324135,9,Replayed,1.0
9.0,0.0,-1,0,39.872974,9,Replayed,9.0
-9.0,-1.0,-1,1,47.025555,9,Replayed,9.0
-38.0,1.0,-1,1,71.11469,9,Replayed,38.0
-1.0,-1.0,1,0,43.292747,9,Replayed,1.0
9.0,1.0,-1,0,43.08505,9,Replayed,9.0
-38.0,0.0,-1,1,66.67816,9,Replayed,38.0
-5.0,-1.0,-1,1,71.22217,10,Replayed,5.0
-38.0,0.0,-1,1,98.87648,10,Replayed,38.0
-3.0,1.0,1,0,68.501,10,Replayed,3.0
9.0,0.0,1,1,80.92847,10,Replayed,9.0
-9.0,1.0,-1,1,86.42271,10,Replayed,9.0
-3.0,1.0,-1,1,77.985504,10,Replayed,3.0
5.0,0.0,1,1,74.60411,10,Replayed,5.0
9.0,1.0,1,1,84.40202,10,Replayed,9.0
9.0,-1.0,1,1,74.15026,10,Replayed,9.0
1.0,1.0,1,1,72.01001,10,Replayed,1.0
3.0,0.0,1,1,70.64709,10,Replayed,3.0
5.0,-1.0,-1,0,59.052784,10,Replayed,5.0
5.0,0.0,1,1,74.1145,10,Replayed,5.0
9.0,0.0,1,1,80.21879,10,Replayed,9.0
-9.0,-1.0,-1,1,77.308205,10,Replayed,9.0
5.0,1.0,-1,0,70.13489,10,Replayed,5.0
-1.0,-1.0,-1,1,65.84702,10,Replayed,1.0
1.0,1.0,-1,0,72.65183,10,Replayed,1.0
38.0,1.0,1,1,99.181786,10,Replayed,38.0
9.0,0.0,1,1,79.576065,10,Replayed,9.0
-3.0,1.0,-1,1,77.68181,10,Replayed,3.0
3.0,-1.0,1,1,65.93917,10,Replayed,3.0
38.0,0.0,1,1,98.45546,10,Replayed,38.0
38.0,0.0,1,1,98.48574,10,Replayed,38.0
1.0,1.0,1,1,71.08208,10,Replayed,1.0
1.0,-1.0,-1,0,63.024754,10,Replayed,1.0
-3.0,1.0,-1,1,77.82938,10,Replayed,3.0
-1.0,0.0,-1,1,70.42561,10,Replayed,1.0
3.0,0.0,-1,0,67.32326,10,Replayed,3.0
-5.0,0.0,1,0,61.75376,10,Replayed,5.0
1.0,-1.0,1,1,61.669724,10,Replayed,1.0
38.0,-1.0,1,1,97.29335,10,Replayed,38.0
5.0,0.0,-1,0,65.7275,10,Replayed,5.0
-5.0,0.0,-1,1,77.175064,10,Replayed,5.0
38.0,-1.0,1,1,97.211006,10,Replayed,38.0
3.0,1.0,-1,0,70.34555,10,Replayed,3.0
-1.0,1.0,-1,1,74.445816,10,Replayed,1.0
38.0,-1.0,1,1,97.18138,10,Replayed,38.0
-38.0,1.0,-1,1,99.36464,10,Replayed,38.0
1.0,-1.0,-1,0,61.764343,10,Replayed,1.0
-1.0,-1.0,-1,1,65.74293,10,Replayed,1.0
3.0,-1.0,-1,0,61.103844,10,Replayed,3.0
38.0,1.0,1,1,99.180725,10,Replayed,38.0
5.0,1.0,1,1,78.337685,10,Replayed,5.0
3.0,-1.0,1,1,64.9593,10,Replayed,3.0
-38.0,-1.0,-1,1,97.62677,10,Replayed,38.0
-38.0,0.0,-1,1,98.793495,10,Replayed,38.0
1.0,1.0,-1,0,72.33008,10,Replayed,1.0
-1.0,1.0,1,0,69.159706,10,Replayed,1.0
-9.0,-1.0,-1,1,78.52664,10,Replayed,9.0
-1.0,-1.0,-1,1,65.973175,10,Replayed,1.0
5.0,1.0,1,1,78.70937,10,Replayed,5.0
-3.0,0.0,-1,1,74.12502,10,Replayed,3.0
-3.0,0.0,1,0,63.60823,10,Replayed,3.0
-9.0,-1.0,-1,1,77.51295,10,Replayed,9.0
38.0,-1.0,1,1,97.03048,10,Replayed,38.0
-9.0,0.0,-1,1,82.85783,10,Replayed,9.0
-38.0,1.0,-1,1,99.33748,10,Replayed,38.0
9.0,0.0,-1,0,62.406193,10,Replayed,9.0
-1.0,1.0,-1,1,74.82363,10,Replayed,1.0
-1.0,-1.0,-1,1,65.0087,10,Replayed,1.0
38.0,0.0,1,1,98.55249,10,Replayed,38.0
3.0,1.0,1,1,75.7863,10,Replayed,3.0
-1.0,0.0,1,0,64.489296,10,Replayed,1.0
-1.0,-1.0,-1,1,64.96731,10,Replayed,1.0
-5.0,0.0,1,0,62.639988,10,Replayed,5.0
-5.0,-1.0,1,0,55.494957,10,Replayed,5.0
-9.0,0.0,-1,1,83.15063,10,Replayed,9.0
38.0,-1.0,1,1,97.17406,10,Replayed,38.0
3.0,-1.0,1,1,66.28406,10,Replayed,3.0
-1.0,0.0,1,0,65.60719,10,Replayed,1.0
38.0,0.0,1,1,98.44739,10,Replayed,38.0
5.0,1.0,1,1,78.57366,10,Replayed,5.0
1.0,0.0,-1,0,68.30263,10,Replayed,1.0
-9.0,-1.0,-1,1,77.299034,10,Replayed,9.0
9.0,-1.0,1,1,75.106255,10,Replayed,9.0
-38.0,1.0,-1,1,99.32345,10,Replayed,38.0
38.0,-1.0,1,1,97.131256,10,Replayed,38.0
3.0,-1.0,1,1,65.14627,10,Replayed,3.0
1.0,0.0,-1,0,67.835266,10,Replayed,1.0
-38.0,0.0,-1,1,98.87469,10,Replayed,38.0
-3.0,0.0,-1,1,73.62997,10,Replayed,3.0
9.0,1.0,-1,0,68.27656,10,Replayed,9.0
-3.0,-1.0,1,0,57.677925,10,Replayed,3.0
5.0,1.0,1,1,78.63275,10,Replayed,5.0
5.0,0.0,1,1,74.288956,10,Replayed,5.0
-3.0,-1.0,1,0,57.95567,10,Replayed,3.0
-38.0,0.0,-1,1,98.80945,10,Replayed,38.0
5.0,1.0,1,1,78.01224,10,Replayed,5.0
-1.0,0.0,-1,1,70.80676,10,Replayed,1.0
-3.0,1.0,-1,1,78.38033,10,Replayed,3.0
5.0,0.0,-1,0,66.26318,10,Replayed,5.0
-38.0,1.0,-1,1,99.38133,10,Replayed,38.0
1.0,0.0,-1,0,68.452225,10,Replayed,1.0
5.0,0.0,1,1,74.16838,10,Replayed,5.0
-5.0,1.0,-1,1,81.83685,10,Replayed,5.0
3.0,-1.0,-1,0,60.831226,10,Replayed,3.0
9.0,1.0,-1,0,69.368034,10,Replayed,9.0
5.0,0.0,1,1,73.5159,10,Replayed,5.0
1.0,-1.0,1,1,61.860138,10,Replayed,1.0
-9.0,-1.0,-1,1,76.70567,10,Replayed,9.0
-3.0,0.0,-1,1,74.58395,10,Replayed,3.0
-1.0,1.0,-1,1,74.692604,10,Replayed,1.0
-38.0,-1.0,-1,1,97.55038,10,Replayed,38.0
1.0,0.0,1,1,67.03237,10,Replayed,1.0
-1.0,1.0,-1,1,74.9614,10,Replayed,1.0
-9.0,1.0,-1,1,86.26882,10,Replayed,9.0
38.0,0.0,1,1,98.56462,10,Replayed,38.0
5.0,1.0,-1,0,70.76889,10,Replayed,5.0
9.0,-1.0,1,1,74.89878,10,Replayed,9.0
-3.0,-1.0,-1,1,69.02005,10,Replayed,3.0
5.0,-1.0,1,1,69.0975,10,Replayed,5.0
-9.0,0.0,-1,1,82.36807,10,Replayed,9.0
-9.0,0.0,-1,1,82.49122,10,Replayed,9.0
-1.0,-1.0,-1,1,65.41636,10,Replayed,1.0
3.0,0.0,1,1,70.81424,10,Replayed,3.0
-9.0,0.0,-1,1,82.76637,10,Replayed,9.0
1.0,-1.0,-1,0,63.267372,10,Replayed,1.0
38.0,0.0,1,1,98.45437,10,Replayed,38.0
-5.0,0.0,-1,1,77.42973,10,Replayed,5.0
38.0,1.0,1,1,99.17507,10,Replayed,38.0
-5.0,1.0,-1,1,81.13118,10,Replayed,5.0
5.0,-1.0,1,1,67.84014,10,Replayed,5.0
-1.0,1.0,1,0,69.35157,10,Replayed,1.0
-9.0,1.0,1,0,65.67322,10,Replayed,9.0
-5.0,0.0,-1,1,77.46908,10,Replayed,5.0
-1.0,-1.0,1,0,58.929188,10,Replayed,1.0
9.0,1.0,1,1,84.243484,10,Replayed,9.0
-5.0,-1.0,-1,1,72.0459,10,Replayed,5.0
9.0,0.0,-1,0,63.554455,10,Replayed,9.0
-38.0,0.0,-1,1,98.75961,10,Replayed,38.0
-9.0,1.0,-1,1,86.167725,10,Replayed,9.0
3.0,-1.0,-1,0,61.437683,10,Replayed,3.0
-38.0,0.0,-1,1,98.898865,10,Replayed,38.0
5.0,-1.0,1,1,67.7184,10,Replayed,5.0
9.0,-1.0,-1,0,55.1441,10,Replayed,9.0
-5.0,1.0,-1,1,81.285545,10,Replayed,5.0
-9.0,1.0,1,0,64.88771,10,Replayed,9.0
-5.0,0.0,-1,1,77.371284,10,Replayed,5.0
-5.0,-1.0,-1,1,72.00909,10,Replayed,5.0
-1.0,1.0,-1,1,74.31432,10,Replayed,1.0
9.0,0.0,1,1,80.317825,10,Replayed,9.0
-5.0,1.0,-1,1,80.65315,10,Replayed,5.0
9.0,0.0,1,1,80.08344,10,Replayed,9.0
-3.0,-1.0,-1,1,68.43903,10,Replayed,3.0
1.0,-1.0,1,1,61.906315,10,Replayed,1.0
-3.0,-1.0,-1,1,68.092606,10,Replayed,3.0
3.0,1.0,1,1,74.90464,10,Replayed,3.0
1.0,-1.0,1,1,61.122494,10,Replayed,1.0
-38.0,-1.0,-1,1,97.705696,10,Replayed,38.0
-3.0,0.0,-1,1,74.59027,10,Replayed,3.0
1.0,1.0,1,1,70.77379,10,Replayed,1.0
-5.0,1.0,-1,1,80.98118,10,Replayed,5.0
-9.0,1.0,-1,1,86.005035,10,Replayed,9.0
3.0,1.0,-1,0,70.833885,10,Replayed,3.0
-38.0,1.0,-1,1,99.34182,10,Replayed,38.0
5.0,0.0,1,1,74.65794,10,Replayed,5.0
1.0,-1.0,-1,0,62.96582,10,Replayed,1.0
-5.0,1.0,-1,1,80.81722,10,Replayed,5.0
-9.0,-1.0,-1,1,77.783875,10,Replayed,9.0
9.0,-1.0,-1,0,54.37996,10,Replayed,9.0
-5.0,-1.0,-1,1,71.00433,10,Replayed,5.0
38.0,1.0,1,1,99.14558,10,Replayed,38.0
5.0,-1.0,1,1,68.29253,10,Replayed,5.0
-5.0,-1.0,1,0,55.457527,10,Replayed,5.0
9.0,0.0,1,1,80.31698,10,Replayed,9.0
1.0,0.0,1,1,67.74847,10,Replayed,1.0
-38.0,-1.0,-1,1,97.52205,10,Replayed,38.0
5.0,-1.0,-1,0,59.218742,10,Replayed,5.0
-5.0,1.0,-1,1,81.01766,10,Replayed,5.0
1.0,1.0,-1,0,71.30355,10,Replayed,1.0
-9.0,1.0,-1,1,86.72605,10,Replayed,9.0
9.0,1.0,1,1,84.31947,10,Replayed,9.0
-3.0,0.0,1,0,64.12843,10,Replayed,3.0
-5.0,0.0,-1,1,77.4598,10,Replayed,5.0
1.0,0.0,1,1,67.64509,10,Replayed,1.0
-1.0,-1.0,-1,1,65.26593,10,Replayed,1.0
-1.0,0.0,1,0,64.932205,10,Replayed,1.0
3.0,0.0,1,1,70.49198,10,Replayed,3.0
38.0,-1.0,1,1,97.10207,10,Replayed,38.0
38.0,0.0,1,1,98.56621,10,Replayed,38.0
38.0,1.0,1,1,99.22717,10,Replayed,38.0
-9.0,0.0,-1,1,82.36382,10,Replayed,9.0
-38.0,-1.0,-1,1,97.63754,10,Replayed,38.0
-9.0,-1.0,-1,1,77.43283,10,Replayed,9.0
5.0,-1.0,-1,0,58.4969,10,Replayed,5.0
9.0,1.0,-1,0,68.53672,10,Replayed,9.0
38.0,1.0,1,1,99.15449,10,Replayed,38.0
1.0,1.0,1,1,71.01449,10,Replayed,1.0
9.0,-1.0,1,1,74.18321,10,Replayed,9.0
38.0,0.0,1,1,98.51577,10,Replayed,38.0
9.0,-1.0,1,1,74.56529,10,Replayed,9.0
3.0,-1.0,-1,0,61.043888,10,Replayed,3.0
-9.0,0.0,-1,1,82.35796,10,Replayed,9.0
-5.0,-1.0,-1,1,71.77328,10,Replayed,5.0
-3.0,-1.0,1,0,57.52878,10,Replayed,3.0
3.0,1.0,1,1,75.65401,10,Replayed,3.0
1.0,0.0,1,1,67.33326,10,Replayed,1.0
-38.0,0.0,-1,1,98.75063,10,Replayed,38.0
3.0,0.0,-1,0,67.68133,10,Replayed,3.0
3.0,0.0,-1,0,66.64094,10,Replayed,3.0
-3.0,0.0,-1,1,73.878494,10,Replayed,3.0
38.0,-1.0,1,1,96.99619,10,Replayed,38.0
3.0,1.0,1,1,76.72353,10,Replayed,3.0
-38.0,-1.0,-1,1,97.63844,10,Replayed,38.0
-1.0,0.0,-1,1,71.03977,10,Replayed,1.0
-3.0,-1.0,1,0,58.217503,10,Replayed,3.0
1.0,1.0,-1,0,71.45145,10,Replayed,1.0
9.0,1.0,1,1,83.59322,10,Replayed,9.0
-1.0,0.0,-1,1,70.78286,10,Replayed,1.0
9.0,-1.0,1,1,74.35774,10,Replayed,9.0
-9.0,-1.0,-1,1,77.70801,10,Replayed,9.0
-1.0,0.0,1,0,64.39682,10,Replayed,1.0
-3.0,0.0,-1,1,73.09348,10,Replayed,3.0
-5.0,-1.0,-1,1,71.957115,10,Replayed,5.0
-3.0,1.0,1,0,68.35346,10,Replayed,3.0
-5.0,0.0,1,0,61.972816,10,Replayed,5.0
3.0,1.0,1,1,74.16274,10,Replayed,3.0
5.0,1.0,1,1,79.14789,10,Replayed,5.0
-38.0,1.0,-1,1,99.36135,10,Replayed,38.0
-38.0,1.0,-1,1,99.344284,10,Replayed,38.0
-5.0,1.0,-1,1,80.099884,10,Replayed,5.0
-1.0,1.0,1,0,68.93541,10,Replayed,1.0
3.0,0.0,-1,0,67.71198,10,Replayed,3.0
1.0,0.0,-1,0,68.44257,10,Replayed,1.0
-38.0,-1.0,-1,1,97.60853,10,Replayed,38.0
-3.0,-1.0,-1,1,68.71094,10,Replayed,3.0
-38.0,1.0,-1,1,99.393974,10,Replayed,38.0
-9.0,0.0,1,0,58.903675,10,Replayed,9.0
-3.0,1.0,1,0,67.65932,10,Replayed,3.0
-3.0,1.0,-1,1,78.15393,10,Replayed,3.0
9.0,1.0,1,1,84.07465,10,Replayed,9.0
3.0,1.0,1,1,75.16355,10,Replayed,3.0
3.0,0.0,1,1,71.35823,10,Replayed,3.0
1.0,-1.0,-1,0,54.157917,11,Replayed,1.0
5.0,1.0,1,1,57.264,11,Replayed,5.0
3.0,1.0,-1,0,49.327003,11,Replayed,3.0
-9.0,0.0,-1,1,64.77127,11,Replayed,9.0
3.0,0.0,-1,0,51.53641,11,Replayed,3.0
-38.0,-1.0,-1,1,87.23877,11,Replayed,38.0
-9.0,1.0,-1,1,61.98007,11,Replayed,9.0
3.0,1.0,-1,0,50.19066,11,Replayed,3.0
9.0,0.0,1,1,62.655933,11,Replayed,9.0
1.0,1.0,1,1,52.91617,11,Replayed,1.0
-3.0,-1.0,-1,1,58.211823,11,Replayed,3.0
-1.0,-1.0,-1,1,56.03238,11,Replayed,1.0
-5.0,1.0,1,0,46.516888,11,Replayed,5.0
-9.0,1.0,-1,1,62.382042,11,Replayed,9.0
-5.0,0.0,1,0,46.75814,11,Replayed,5.0
38.0,1.0,1,1,84.8549,11,Replayed,38.0
-9.0,-1.0,-1,1,64.822365,11,Replayed,9.0
38.0,-1.0,1,1,86.767624,11,Replayed,38.0
-5.0,-1.0,1,0,48.713726,11,Replayed,5.0
1.0,1.0,-1,0,51.237564,11,Replayed,1.0
-1.0,1.0,1,0,50.406956,11,Replayed,1.0
1.0,-1.0,-1,0,53.409924,11,Replayed,1.0
38.0,1.0,1,1,84.99036,11,Replayed,38.0
9.0,0.0,1,1,62.59243,11,Replayed,9.0
5.0,0.0,1,1,58.44449,11,Replayed,5.0
1.0,0.0,1,1,53.29822,11,Replayed,1.0
3.0,-1.0,-1,0,53.79563,11,Replayed,3.0
-3.0,0.0,1,0,50.154984,11,Replayed,3.0
3.0,1.0,-1,0,49.883347,11,Replayed,3.0
-3.0,-1.0,1,0,50.81107,11,Replayed,3.0
5.0,-1.0,-1,0,49.669792,11,Replayed,5.0
1.0,1.0,-1,0,51.192265,11,Replayed,1.0
1.0,0.0,-1,0,53.146915,11,Replayed,1.0
-38.0,-1.0,-1,1,87.3608,11,Replayed,38.0
9.0,0.0,1,1,63.331127,11,Replayed,9.0
9.0,-1.0,1,1,63.907032,11,Replayed,9.0
-38.0,1.0,-1,1,85.6282,11,Replayed,38.0
-9.0,1.0,-1,1,62.34881,11,Replayed,9.0
38.0,-1.0,1,1,87.29303,11,Replayed,38.0
-3.0,0.0,-1,1,56.880295,11,Replayed,3.0
-38.0,0.0,-1,1,86.206314,11,Replayed,38.0
-38.0,1.0,-1,1,85.51749,11,Replayed,38.0
3.0,-1.0,1,1,57.44182,11,Replayed,3.0
5.0,1.0,1,1,57.495594,11,Replayed,5.0
9.0,1.0,1,1,61.27401,11,Replayed,9.0
-5.0,0.0,-1,1,60.803257,11,Replayed,5.0
-38.0,-1.0,-1,1,87.75389,11,Replayed,38.0
-1.0,1.0,1,0,50.807907,11,Replayed,1.0
9.0,0.0,-1,0,44.06702,11,Replayed,9.0
5.0,1.0,-1,0,47.35385,11,Replayed,5.0
9.0,-1.0,1,1,63.768124,11,Replayed,9.0
1.0,1.0,1,1,52.8594,11,Replayed,1.0
-9.0,1.0,-1,1,61.760406,11,Replayed,9.0
-5.0,0.0,-1,1,59.92505,11,Replayed,5.0
-9.0,0.0,1,0,44.43875,11,Replayed,9.0
-9.0,1.0,-1,1,63.744934,11,Replayed,9.0
-5.0,1.0,-1,1,58.39576,11,Replayed,5.0
-38.0,1.0,-1,1,85.78226,11,Replayed,38.0
1.0,-1.0,-1,0,54.188866,11,Replayed,1.0
9.0,-1.0,-1,0,45.693684,11,Replayed,9.0
5.0,1.0,1,1,56.341236,11,Replayed,5.0
-5.0,1.0,-1,1,58.56696,11,Replayed,5.0
9.0,1.0,-1,0,43.79855,11,Replayed,9.0
3.0,1.0,-1,0,48.90634,11,Replayed,3.0
5.0,0.0,-1,0,49.16606,11,Replayed,5.0
-5.0,1.0,-1,1,57.589405,11,Replayed,5.0
5.0,1.0,-1,0,47.86231,11,Replayed,5.0
-38.0,0.0,1,0,21.280748,11,Replayed,38.0
38.0,0.0,1,1,86.37207,11,Replayed,38.0
1.0,1.0,1,1,51.76925,11,Replayed,1.0
9.0,1.0,1,1,61.581104,11,Replayed,9.0
9.0,-1.0,-1,0,46.046494,11,Replayed,9.0
-3.0,1.0,1,0,47.494072,11,Replayed,3.0
3.0,1.0,-1,0,49.275856,11,Replayed,3.0
1.0,1.0,1,1,51.59431,11,Replayed,1.0
9.0,-1.0,1,1,63.773285,11,Replayed,9.0
5.0,0.0,-1,0,48.843567,11,Replayed,5.0
9.0,-1.0,1,1,63.685192,11,Replayed,9.0
5.0,-1.0,1,1,59.909447,11,Replayed,5.0
-5.0,-1.0,1,0,48.35657,11,Replayed,5.0
-3.0,1.0,-1,1,56.44845,11,Replayed,3.0
38.0,-1.0,1,1,87.06206,11,Replayed,38.0
1.0,1.0,-1,0,52.467503,11,Replayed,1.0
9.0,-1.0,1,1,64.839355,11,Replayed,9.0
-1.0,0.0,1,0,50.90825,11,Replayed,1.0
-9.0,-1.0,1,0,45.14682,11,Replayed,9.0
3.0,-1.0,-1,0,51.991127,11,Replayed,3.0
3.0,0.0,1,1,56.225567,11,Replayed,3.0
3.0,0.0,1,1,55.789013,11,Replayed,3.0
38.0,0.0,1,1,86.214745,11,Replayed,38.0
-9.0,0.0,1,0,43.43174,11,Replayed,9.0
-1.0,1.0,-1,1,54.037975,11,Replayed,1.0
-5.0,0.0,-1,1,59.942745,11,Replayed,5.0
-38.0,-1.0,-1,1,87.889496,11,Replayed,38.0
-1.0,0.0,1,0,52.449245,11,Replayed,1.0
-38.0,1.0,-1,1,86.18308,11,Replayed,38.0
1.0,0.0,-1,0,53.060776,11,Replayed,1.0
38.0,-1.0,1,1,87.537254,11,Replayed,38.0
5.0,1.0,1,1,56.361877,11,Replayed,5.0
-5.0,1.0,-1,1,58.225258,11,Replayed,5.0
5.0,-1.0,-1,0,49.3319,11,Replayed,5.0
-3.0,-1.0,-1,1,58.956944,11,Replayed,3.0
9.0,-1.0,1,1,64.14618,11,Replayed,9.0
-38.0,-1.0,-1,1,87.87467,11,Replayed,38.0
-3.0,0.0,-1,1,58.55269,11,Replayed,3.0
5.0,0.0,1,1,58.023,11,Replayed,5.0
5.0,-1.0,-1,0,50.48361,11,Replayed,5.0
-9.0,0.0,-1,1,63.529915,11,Replayed,9.0
-1.0,1.0,1,0,50.60969,11,Replayed,1.0
-38.0,0.0,-1,1,86.90288,11,Replayed,38.0
3.0,-1.0,-1,0,51.848858,11,Replayed,3.0
-1.0,-1.0,-1,1,56.2948,11,Replayed,1.0
5.0,1.0,1,1,56.25886,11,Replayed,5.0
38.0,-1.0,1,1,87.16778,11,Replayed,38.0
3.0,0.0,1,1,55.97716,11,Replayed,3.0
38.0,0.0,-1,0,20.961796,11,Replayed,38.0
-9.0,0.0,-1,1,65.05071,11,Replayed,9.0
-9.0,-1.0,-1,1,64.890274,11,Replayed,9.0
5.0,-1.0,1,1,59.8146,11,Replayed,5.0
-5.0,0.0,-1,1,60.07934,11,Replayed,5.0
3.0,-1.0,-1,0,52.217995,11,Replayed,3.0
-3.0,0.0,1,0,48.9853,11,Replayed,3.0
38.0,1.0,1,1,84.68068,11,Replayed,38.0
-1.0,1.0,-1,1,53.37995,11,Replayed,1.0
9.0,0.0,1,1,62.83794,11,Replayed,9.0
5.0,-1.0,1,1,60.175674,11,Replayed,5.0
9.0,0.0,1,1,63.10429,11,Replayed,9.0
1.0,0.0,1,1,53.341736,11,Replayed,1.0
-5.0,-1.0,-1,1,60.530376,11,Replayed,5.0
5.0,0.0,1,1,58.620144,11,Replayed,5.0
-3.0,1.0,-1,1,56.119602,11,Replayed,3.0
38.0,-1.0,1,1,87.60807,11,Replayed,38.0
3.0,0.0,-1,0,50.91324,11,Replayed,3.0
-1.0,0.0,1,0,51.872486,11,Replayed,1.0
-3.0,1.0,1,0,47.039997,11,Replayed,3.0
38.0,0.0,1,1,86.82168,11,Replayed,38.0
-3.0,-1.0,1,0,50.47726,11,Replayed,3.0
-1.0,0.0,-1,1,53.426807,11,Replayed,1.0
1.0,0.0,1,1,53.12957,11,Replayed,1.0
5.0,1.0,-1,0,47.349297,11,Replayed,5.0
-3.0,0.0,-1,1,56.162663,11,Replayed,3.0
-1.0,-1.0,1,0,53.969048,11,Replayed,1.0
1.0,-1.0,1,1,55.85272,11,Replayed,1.0
-1.0,-1.0,1,0,53.0869,11,Replayed,1.0
-3.0,-1.0,-1,1,58.37895,11,Replayed,3.0
38.0,0.0,1,1,86.58601,11,Replayed,38.0
3.0,0.0,-1,0,52.276344,11,Replayed,3.0
-38.0,0.0,-1,1,86.95532,11,Replayed,38.0
38.0,-1.0,-1,0,22.921034,11,Replayed,38.0
3.0,-1.0,1,1,57.193005,11,Replayed,3.0
-5.0,1.0,1,0,46.742424,11,Replayed,5.0
-3.0,1.0,1,0,48.02935,11,Replayed,3.0
-38.0,-1.0,-1,1,87.63883,11,Replayed,38.0
-5.0,-1.0,-1,1,60.204494,11,Replayed,5.0
38.0,0.0,-1,0,20.507769,11,Replayed,38.0
5.0,0.0,1,1,58.435432,11,Replayed,5.0
9.0,0.0,1,1,62.81843,11,Replayed,9.0
-1.0,-1.0,-1,1,55.32859,11,Replayed,1.0
-3.0,1.0,-1,1,55.82362,11,Replayed,3.0
3.0,1.0,1,1,53.722454,11,Replayed,3.0
3.0,0.0,1,1,55.91473,11,Replayed,3.0
-38.0,1.0,-1,1,85.43927,11,Replayed,38.0
-38.0,1.0,-1,1,85.778824,11,Replayed,38.0
-3.0,-1.0,1,0,50.83742,11,Replayed,3.0
-9.0,0.0,-1,1,63.8436,11,Replayed,9.0
-3.0,1.0,1,0,48.460968,11,Replayed,3.0
1.0,0.0,-1,0,53.26643,11,Replayed,1.0
38.0,1.0,1,1,85.15505,11,Replayed,38.0
9.0,1.0,-1,0,43.419216,11,Replayed,9.0
-3.0,0.0,-1,1,57.026577,11,Replayed,3.0
-38.0,1.0,-1,1,85.43327,11,Replayed,38.0
1.0,-1.0,-1,0,55.452274,11,Replayed,1.0
3.0,-1.0,1,1,56.64022,11,Replayed,3.0
-9.0,0.0,-1,1,63.434074,11,Replayed,9.0
-3.0,0.0,1,0,49.61445,11,Replayed,3.0
-5.0,1.0,1,0,46.68504,11,Replayed,5.0
-5.0,0.0,1,0,47.145565,11,Replayed,5.0
-9.0,1.0,-1,1,63.070713,11,Replayed,9.0
-1.0,1.0,1,0,49.76216,11,Replayed,1.0
9.0,1.0,1,1,59.78092,11,Replayed,9.0
-9.0,-1.0,-1,1,64.798256,11,Replayed,9.0
-9.0,1.0,-1,1,61.84219,11,Replayed,9.0
1.0,-1.0,-1,0,53.81375,11,Replayed,1.0
-38.0,-1.0,-1,1,87.55947,11,Replayed,38.0
3.0,1.0,1,1,53.337,11,Replayed,3.0
-9.0,-1.0,-1,1,65.57994,11,Replayed,9.0
1.0,1.0,1,1,51.359486,11,Replayed,1.0
5.0,0.0,1,1,58.770508,11,Replayed,5.0
-5.0,-1.0,-1,1,60.155075,11,Replayed,5.0
38.0,-1.0,1,1,87.305954,11,Replayed,38.0
-5.0,0.0,-1,1,59.784843,11,Replayed,5.0
-1.0,1.0,1,0,50.215538,11,Replayed,1.0
38.0,1.0,1,1,84.55735,11,Replayed,38.0
9.0,1.0,-1,0,43.807323,11,Replayed,9.0
-1.0,0.0,1,0,51.405132,11,Replayed,1.0
9.0,1.0,-1,0,43.161873,11,Replayed,9.0
38.0,0.0,1,1,85.8048,11,Replayed,38.0
3.0,1.0,1,1,54.225113,11,Replayed,3.0
-3.0,-1.0,-1,1,58.145817,11,Replayed,3.0
-38.0,0.0,-1,1,87.2264,11,Replayed,38.0
5.0,-1.0,1,1,59.027405,11,Replayed,5.0
-1.0,1.0,-1,1,53.54629,11,Replayed,1.0
1.0,-1.0,-1,0,55.075592,11,Replayed,1.0
-5.0,-1.0,-1,1,60.832794,11,Replayed,5.0
-1.0,-1.0,1,0,52.299072,11,Replayed,1.0
5.0,0.0,1,1,57.727295,11,Replayed,5.0
-9.0,1.0,-1,1,63.175987,11,Replayed,9.0
-9.0,-1.0,-1,1,65.19434,11,Replayed,9.0
3.0,0.0,1,1,56.96227,11,Replayed,3.0
-9.0,-1.0,-1,1,66.61068,11,Replayed,9.0
-38.0,-1.0,-1,1,87.783585,11,Replayed,38.0
38.0,0.0,1,1,86.390526,11,Replayed,38.0
-9.0,0.0,1,0,43.87906,11,Replayed,9.0
-38.0,0.0,-1,1,86.87617,11,Replayed,38.0
-3.0,0.0,-1,1,58.58454,11,Replayed,3.0
1.0,-1.0,-1,0,54.258263,11,Replayed,1.0
-38.0,0.0,-1,1,86.58235,11,Replayed,38.0
-1.0,-1.0,1,0,53.118984,11,Replayed,1.0
-1.0,0.0,1,0,50.867653,11,Replayed,1.0
-1.0,0.0,-1,1,55.6205,11,Replayed,1.0
-5.0,0.0,-1,1,59.691257,11,Replayed,5.0
-1.0,0.0,1,0,50.912296,11,Replayed,1.0
-1.0,-1.0,-1,1,56.342346,11,Replayed,1.0
-9.0,-1.0,-1,1,65.54916,11,Replayed,9.0
-5.0,-1.0,1,0,49.793884,11,Replayed,5.0
9.0,1.0,1,1,61.420406,11,Replayed,9.0
9.0,0.0,1,1,63.073135,11,Replayed,9.0
1.0,0.0,1,1,54.082035,11,Replayed,1.0
1.0,0.0,-1,0,52.302574,11,Replayed,1.0
3.0,-1.0,1,1,58.874477,11,Replayed,3.0
-38.0,1.0,-1,1,85.93563,11,Replayed,38.0
5.0,-1.0,-1,0,50.663765,11,Replayed,5.0
-3.0,-1.0,-1,1,58.1721,11,Replayed,3.0
-3.0,1.0,-1,1,55.15797,11,Replayed,3.0
-5.0,-1.0,-1,1,61.220985,11,Replayed,5.0
-5.0,1.0,1,0,45.65848,11,Replayed,5.0
38.0,1.0,1,1,85.30255,11,Replayed,38.0
-38.0,0.0,-1,1,86.92946,11,Replayed,38.0
38.0,1.0,1,1,85.05231,11,Replayed,38.0
38.0,1.0,1,1,84.98657,12,Replayed,38.0
5.0,1.0,1,1,58.804405,12,Replayed,5.0
-38.0,0.0,-1,1,83.59543,12,Replayed,38.0
-3.0,-1.0,1,0,47.884514,12,Replayed,3.0
38.0,0.0,1,1,83.26993,12,Replayed,38.0
1.0,-1.0,1,1,51.45595,12,Replayed,1.0
-3.0,-1.0,1,0,47.48862,12,Replayed,3.0
-1.0,-1.0,-1,1,52.583908,12,Replayed,1.0
38.0,0.0,1,1,83.460526,12,Replayed,38.0
1.0,0.0,-1,0,53.271664,12,Replayed,1.0
-1.0,0.0,-1,1,54.881077,12,Replayed,1.0
5.0,0.0,1,1,56.60661,12,Replayed,5.0
9.0,-1.0,-1,0,44.224506,12,Replayed,9.0
-38.0,1.0,-1,1,85.582016,12,Replayed,38.0
-5.0,-1.0,1,0,45.977875,12,Replayed,5.0
-5.0,1.0,-1,1,61.14102,12,Replayed,5.0
38.0,0.0,1,1,83.15042,12,Replayed,38.0
-9.0,-1.0,-1,1,60.225063,12,Replayed,9.0
-5.0,-1.0,-1,1,56.000687,12,Replayed,5.0
5.0,1.0,1,1,58.672535,12,Replayed,5.0
38.0,-1.0,1,1,80.084854,12,Replayed,38.0
9.0,0.0,1,1,60.843224,12,Replayed,9.0
-3.0,1.0,-1,1,57.98835,12,Replayed,3.0
-38.0,-1.0,-1,1,81.24802,12,Replayed,38.0
9.0,0.0,-1,0,46.603348,12,Replayed,9.0
5.0,0.0,1,1,56.77739,12,Replayed,5.0
38.0,-1.0,1,1,79.66856,12,Replayed,38.0
-3.0,0.0,-1,1,56.715046,12,Replayed,3.0
-5.0,-1.0,-1,1,56.623466,12,Replayed,5.0
-38.0,1.0,-1,1,86.027016,12,Replayed,38.0
-1.0,0.0,-1,1,54.10844,12,Replayed,1.0
5.0,0.0,1,1,56.24055,12,Replayed,5.0
-3.0,0.0,1,0,49.671192,12,Replayed,3.0
1.0,-1.0,1,1,50.264984,12,Replayed,1.0
-3.0,0.0,-1,1,56.646545,12,Replayed,3.0
-5.0,0.0,-1,1,59.25859,12,Replayed,5.0
-1.0,-1.0,-1,1,53.142105,12,Replayed,1.0
5.0,-1.0,-1,0,46.806084,12,Replayed,5.0
5.0,-1.0,-1,0,47.5409,12,Replayed,5.0
-5.0,1.0,-1,1,60.853428,12,Replayed,5.0
38.0,1.0,1,1,84.39269,12,Replayed,38.0
-5.0,-1.0,-1,1,56.13324,12,Replayed,5.0
-3.0,1.0,1,0,51.695114,12,Replayed,3.0
3.0,0.0,-1,0,50.276546,12,Replayed,3.0
-3.0,-1.0,-1,1,55.039932,12,Replayed,3.0
9.0,1.0,1,1,62.987476,12,Replayed,9.0
1.0,-1.0,-1,0,50.467896,12,Replayed,1.0
-5.0,-1.0,-1,1,56.52168,12,Replayed,5.0
-38.0,-1.0,-1,1,80.81032,12,Replayed,38.0
38.0,0.0,1,1,82.616325,12,Replayed,38.0
-9.0,1.0,-1,1,63.45309,12,Replayed,9.0
-3.0,0.0,-1,1,56.931313,12,Replayed,3.0
-3.0,0.0,-1,1,56.329662,12,Replayed,3.0
3.0,1.0,-1,0,54.1548,12,Replayed,3.0
-38.0,1.0,-1,1,85.61919,12,Replayed,38.0
1.0,-1.0,-1,0,50.378788,12,Replayed,1.0
9.0,0.0,-1,0,46.163837,12,Replayed,9.0
-3.0,-1.0,1,0,47.4266,12,Replayed,3.0
5.0,1.0,1,1,58.72929,12,Replayed,5.0
-38.0,0.0,-1,1,83.3924,12,Replayed,38.0
-9.0,1.0,-1,1,64.64249,12,Replayed,9.0
-5.0,0.0,-1,1,58.410877,12,Replayed,5.0
9.0,0.0,-1,0,46.877495,12,Replayed,9.0
-9.0,0.0,1,0,44.77298,12,Replayed,9.0
1.0,1.0,1,1,53.94253,12,Replayed,1.0
9.0,1.0,1,1,62.80399,12,Replayed,9.0
-38.0,1.0,-1,1,85.40729,12,Replayed,38.0
9.0,-1.0,1,1,57.42798,12,Replayed,9.0
-9.0,-1.0,1,0,42.312836,12,Replayed,9.0
-9.0,1.0,-1,1,63.399242,12,Replayed,9.0
-1.0,-1.0,1,0,49.4455,12,Replayed,1.0
-38.0,0.0,-1,1,83.4905,12,Replayed,38.0
-1.0,0.0,1,0,52.302044,12,Replayed,1.0
-3.0,1.0,1,0,51.678432,12,Replayed,3.0
-1.0,1.0,-1,1,56.776356,12,Replayed,1.0
1.0,1.0,1,1,55.994503,12,Replayed,1.0
9.0,-1.0,1,1,59.815884,12,Replayed,9.0
-5.0,0.0,1,0,47.960747,12,Replayed,5.0
3.0,0.0,1,1,55.53145,12,Replayed,3.0
3.0,0.0,-1,0,51.251827,12,Replayed,3.0
-3.0,1.0,-1,1,58.611317,12,Replayed,3.0
5.0,1.0,1,1,59.4495,12,Replayed,5.0
3.0,-1.0,1,1,52.32191,12,Replayed,3.0
-9.0,0.0,-1,1,62.348877,12,Replayed,9.0
-5.0,1.0,1,0,49.342228,12,Replayed,5.0
1.0,1.0,1,1,55.176556,12,Replayed,1.0
-9.0,0.0,-1,1,61.83601,12,Replayed,9.0
5.0,0.0,-1,0,50.21814,12,Replayed,5.0
5.0,0.0,-1,0,50.340813,12,Replayed,5.0
1.0,0.0,1,1,53.241898,12,Replayed,1.0
-9.0,0.0,-1,1,61.969345,12,Replayed,9.0
-5.0,-1.0,-1,1,56.17854,12,Replayed,5.0
3.0,1.0,-1,0,53.59709,12,Replayed,3.0
-38.0,0.0,-1,1,83.07461,12,Replayed,38.0
-1.0,-1.0,1,0,49.060513,12,Replayed,1.0
5.0,-1.0,-1,0,47.339363,12,Replayed,5.0
-1.0,-1.0,1,0,48.897106,12,Replayed,1.0
1.0,1.0,1,1,55.529804,12,Replayed,1.0
-38.0,1.0,-1,1,86.05449,12,Replayed,38.0
38.0,-1.0,1,1,80.23361,12,Replayed,38.0
38.0,-1.0,1,1,80.45884,12,Replayed,38.0
3.0,-1.0,-1,0,49.523666,12,Replayed,3.0
38.0,1.0,1,1,85.08042,12,Replayed,38.0
-3.0,1.0,1,0,51.962326,12,Replayed,3.0
3.0,1.0,1,1,57.473606,12,Replayed,3.0
3.0,0.0,-1,0,51.663696,12,Replayed,3.0
38.0,1.0,1,1,84.83049,12,Replayed,38.0
1.0,-1.0,1,1,51.472633,12,Replayed,1.0
1.0,0.0,1,1,52.828968,12,Replayed,1.0
-1.0,0.0,-1,1,54.793484,12,Replayed,1.0
3.0,0.0,-1,0,51.546818,12,Replayed,3.0
5.0,0.0,-1,0,50.4268,12,Replayed,5.0
38.0,-1.0,1,1,80.18083,12,Replayed,38.0
5.0,-1.0,1,1,54.743637,12,Replayed,5.0
9.0,0.0,1,1,60.339428,12,Replayed,9.0
-38.0,-1.0,-1,1,80.78741,12,Replayed,38.0
9.0,-1.0,1,1,57.869022,12,Replayed,9.0
-3.0,0.0,-1,1,56.64767,12,Replayed,3.0
1.0,-1.0,-1,0,50.944954,12,Replayed,1.0
9.0,0.0,1,1,59.700935,12,Replayed,9.0
-5.0,1.0,1,0,50.67358,12,Replayed,5.0
1.0,0.0,1,1,51.77554,12,Replayed,1.0
3.0,0.0,-1,0,51.34855,12,Replayed,3.0
-38.0,1.0,-1,1,85.980835,12,Replayed,38.0
-5.0,0.0,-1,1,57.81305,12,Replayed,5.0
-3.0,1.0,1,0,51.760326,12,Replayed,3.0
5.0,1.0,-1,0,52.320145,12,Replayed,5.0
9.0,1.0,1,1,63.330894,12,Replayed,9.0
1.0,0.0,-1,0,53.506702,12,Replayed,1.0
5.0,0.0,-1,0,50.436485,12,Replayed,5.0
9.0,0.0,1,1,60.300316,12,Replayed,9.0
-9.0,-1.0,-1,1,58.738243,12,Replayed,9.0
-5.0,-1.0,1,0,45.419033,12,Replayed,5.0
-1.0,-1.0,-1,1,52.525894,12,Replayed,1.0
1.0,0.0,1,1,53.86371,12,Replayed,1.0
38.0,-1.0,1,1,80.371216,12,Replayed,38.0
1.0,1.0,1,1,55.50166,12,Replayed,1.0
-1.0,1.0,1,0,53.89345,12,Replayed,1.0
-38.0,1.0,-1,1,85.97043,12,Replayed,38.0
-3.0,-1.0,-1,1,54.347412,12,Replayed,3.0
-1.0,1.0,1,0,53.330063,12,Replayed,1.0
-3.0,1.0,-1,1,59.623306,12,Replayed,3.0
3.0,-1.0,-1,0,49.134346,12,Replayed,3.0
-9.0,1.0,-1,1,64.787544,12,Replayed,9.0
-1.0,1.0,-1,1,57.444168,12,Replayed,1.0
-9.0,1.0,-1,1,63.69771,12,Replayed,9.0
-3.0,-1.0,-1,1,54.989742,12,Replayed,3.0
-38.0,-1.0,-1,1,81.23556,12,Replayed,38.0
-3.0,1.0,-1,1,58.864223,12,Replayed,3.0
38.0,1.0,1,1,85.14442,12,Replayed,38.0
-1.0,1.0,1,0,53.310204,12,Replayed,1.0
1.0,1.0,1,1,55.517727,12,Replayed,1.0
38.0,-1.0,-1,0,22.32236,12,Replayed,38.0
-9.0,-1.0,-1,1,59.789093,12,Replayed,9.0
-1.0,1.0,-1,1,56.76266,12,Replayed,1.0
-9.0,-1.0,1,0,42.060177,12,Replayed,9.0
3.0,0.0,-1,0,51.63033,12,Replayed,3.0
5.0,-1.0,1,1,54.87195,12,Replayed,5.0
-38.0,-1.0,-1,1,81.809395,12,Replayed,38.0
3.0,-1.0,1,1,52.821327,12,Replayed,3.0
1.0,-1.0,1,1,50.516666,12,Replayed,1.0
9.0,-1.0,-1,0,42.951138,12,Replayed,9.0
-38.0,-1.0,-1,1,81.67988,12,Replayed,38.0
-38.0,0.0,-1,1,84.09822,12,Replayed,38.0
-38.0,-1.0,-1,1,81.784874,12,Replayed,38.0
-9.0,-1.0,1,0,43.10049,12,Replayed,9.0
-3.0,-1.0,-1,1,55.619957,12,Replayed,3.0
5.0,1.0,1,1,58.804314,12,Replayed,5.0
3.0,0.0,-1,0,50.78499,12,Replayed,3.0
-5.0,0.0,-1,1,59.041016,12,Replayed,5.0
3.0,-1.0,-1,0,49.70893,12,Replayed,3.0
38.0,0.0,1,1,82.95847,12,Replayed,38.0
38.0,0.0,1,1,82.315475,12,Replayed,38.0
9.0,1.0,1,1,63.691257,12,Replayed,9.0
-38.0,0.0,-1,1,83.74258,12,Replayed,38.0
-5.0,1.0,-1,1,60.84757,12,Replayed,5.0
1.0,1.0,-1,0,55.561733,12,Replayed,1.0
-9.0,1.0,-1,1,64.16222,12,Replayed,9.0
3.0,1.0,1,1,57.050014,12,Replayed,3.0
-1.0,0.0,1,0,51.498913,12,Replayed,1.0
9.0,1.0,1,1,62.808937,12,Replayed,9.0
-5.0,0.0,-1,1,58.08562,12,Replayed,5.0
-5.0,0.0,-1,1,58.389122,12,Replayed,5.0
38.0,-1.0,1,1,79.502945,12,Replayed,38.0
-1.0,1.0,1,0,53.80349,12,Replayed,1.0
1.0,0.0,1,1,53.38567,12,Replayed,1.0
9.0,0.0,1,1,61.514538,12,Replayed,9.0
-1.0,0.0,-1,1,55.30886,12,Replayed,1.0
5.0,-1.0,-1,0,47.387035,12,Replayed,5.0
9.0,1.0,1,1,62.94142,12,Replayed,9.0
-3.0,-1.0,1,0,48.434395,12,Replayed,3.0
38.0,1.0,1,1,85.331116,12,Replayed,38.0
38.0,0.0,1,1,82.83661,12,Replayed,38.0
3.0,1.0,1,1,56.579597,12,Replayed,3.0
-38.0,-1.0,-1,1,81.48351,12,Replayed,38.0
5.0,-1.0,1,1,54.76774,12,Replayed,5.0
-5.0,1.0,-1,1,59.7675,12,Replayed,5.0
38.0,1.0,1,1,84.928276,12,Replayed,38.0
-5.0,-1.0,-1,1,57.030834,12,Replayed,5.0
-1.0,-1.0,1,0,48.834743,12,Replayed,1.0
-9.0,0.0,1,0,45.97375,12,Replayed,9.0
-5.0,1.0,-1,1,59.969616,12,Replayed,5.0
3.0,-1.0,1,1,53.042454,12,Replayed,3.0
9.0,1.0,1,1,62.31693,12,Replayed,9.0
38.0,1.0,1,1,85.15825,12,Replayed,38.0
-38.0,1.0,-1,1,86.051834,12,Replayed,38.0
9.0,-1.0,-1,0,44.018673,12,Replayed,9.0
1.0,-1.0,-1,0,51.527725,12,Replayed,1.0
3.0,-1.0,-1,0,49.61785,12,Replayed,3.0
5.0,1.0,1,1,58.703403,12,Replayed,5.0
-38.0,0.0,-1,1,84.33131,12,Replayed,38.0
9.0,-1.0,1,1,58.275402,12,Replayed,9.0
-9.0,1.0,-1,1,64.83291,12,Replayed,9.0
3.0,1.0,-1,0,53.393692,12,Replayed,3.0
-1.0,0.0,1,0,51.240395,12,Replayed,1.0
9.0,-1.0,1,1,57.70575,12,Replayed,9.0
-1.0,1.0,-1,1,57.099007,12,Replayed,1.0
3.0,1.0,-1,0,51.863625,12,Replayed,3.0
-38.0,0.0,-1,1,83.87583,12,Replayed,38.0
3.0,1.0,1,1,57.74707,12,Replayed,3.0
-9.0,1.0,1,0,46.837402,12,Replayed,9.0
5.0,1.0,1,1,58.748524,12,Replayed,5.0
1.0,1.0,-1,0,54.81402,12,Replayed,1.0
-3.0,0.0,1,0,49.66975,12,Replayed,3.0
-5.0,1.0,-1,1,60.64782,12,Replayed,5.0
38.0,0.0,1,1,82.699135,12,Replayed,38.0
-1.0,0.0,-1,1,54.2149,12,Replayed,1.0
-1.0,0.0,-1,1,50.680935,13,Replayed,1.0
-38.0,1.0,-1,1,68.09652,13,Replayed,38.0
5.0,1.0,-1,0,42.99815,13,Replayed,5.0
-1.0,0.0,1,0,45.40662,13,Replayed,1.0
1.0,-1.0,1,1,50.46422,13,Replayed,1.0
-9.0,0.0,-1,1,54.06779,13,Replayed,9.0
3.0,1.0,1,1,44.480213,13,Replayed,3.0
-5.0,0.0,1,0,42.80175,13,Replayed,5.0
-9.0,1.0,1,0,38.21225,13,Replayed,9.0
9.0,-1.0,-1,0,47.195045,13,Replayed,9.0
-5.0,-1.0,-1,1,56.268192,13,Replayed,5.0
9.0,1.0,-1,0,41.367496,13,Replayed,9.0
9.0,-1.0,-1,0,48.57462,13,Replayed,9.0
9.0,-1.0,-1,0,47.332386,13,Replayed,9.0
-1.0,1.0,1,0,43.397816,13,Replayed,1.0
5.0,0.0,1,1,48.947395,13,Replayed,5.0
9.0,0.0,-1,0,43.394268,13,Replayed,9.0
-1.0,0.0,-1,1,51.08007,13,Replayed,1.0
-3.0,0.0,-1,1,51.64156,13,Replayed,3.0
9.0,-1.0,1,1,55.757988,13,Replayed,9.0
38.0,1.0,-1,0,24.208124,13,Replayed,38.0
1.0,1.0,-1,0,46.443455,13,Replayed,1.0
-1.0,-1.0,1,0,49.85074,13,Replayed,1.0
1.0,0.0,-1,0,49.549644,13,Replayed,1.0
1.0,-1.0,-1,0,52.445023,13,Replayed,1.0
3.0,-1.0,-1,0,51.30376,13,Replayed,3.0
5.0,1.0,-1,0,44.95711,13,Replayed,5.0
-5.0,-1.0,-1,1,56.99138,13,Replayed,5.0
3.0,0.0,-1,0,49.13028,13,Replayed,3.0
-9.0,0.0,1,0,40.675156,13,Replayed,9.0
-9.0,-1.0,1,0,44.91636,13,Replayed,9.0
38.0,1.0,1,1,65.53395,13,Replayed,38.0
-9.0,-1.0,1,0,43.90975,13,Replayed,9.0
-9.0,-1.0,-1,1,58.296047,13,Replayed,9.0
1.0,0.0,1,1,46.981163,13,Replayed,1.0
38.0,1.0,1,1,65.59788,13,Replayed,38.0
-38.0,-1.0,-1,1,75.62085,13,Replayed,38.0
1.0,1.0,-1,0,46.148434,13,Replayed,1.0
-5.0,-1.0,-1,1,56.238483,13,Replayed,5.0
-3.0,-1.0,-1,1,54.2097,13,Replayed,3.0
-1.0,1.0,-1,1,47.76057,13,Replayed,1.0
38.0,-1.0,-1,0,31.242487,13,Replayed,38.0
-9.0,0.0,1,0,41.29234,13,Replayed,9.0
-5.0,1.0,-1,1,48.499897,13,Replayed,5.0
-38.0,0.0,-1,1,71.80293,13,Replayed,38.0
-38.0,-1.0,-1,1,75.69011,13,Replayed,38.0
38.0,1.0,1,1,65.40082,13,Replayed,38.0
5.0,1.0,-1,0,42.34933,13,Replayed,5.0
-1.0,0.0,-1,1,50.595634,13,Replayed,1.0
1.0,-1.0,1,1,50.574684,13,Replayed,1.0
9.0,1.0,-1,0,41.17819,13,Replayed,9.0
9.0,0.0,-1,0,44.238552,13,Replayed,9.0
3.0,1.0,1,1,45.52372,13,Replayed,3.0
-3.0,-1.0,-1,1,55.000843,13,Replayed,3.0
3.0,1.0,-1,0,44.496933,13,Replayed,3.0
-1.0,-1.0,1,0,49.595978,13,Replayed,1.0
1.0,0.0,1,1,46.71814,13,Replayed,1.0
38.0,0.0,1,1,68.977264,13,Replayed,38.0
-38.0,1.0,-1,1,67.29553,13,Replayed,38.0
-1.0,0.0,-1,1,49.477303,13,Replayed,1.0
-3.0,-1.0,-1,1,55.082996,13,Replayed,3.0
-38.0,1.0,-1,1,67.70735,13,Replayed,38.0
38.0,-1.0,1,1,72.30752,13,Replayed,38.0
5.0,-1.0,-1,0,49.865345,13,Replayed,5.0
-1.0,1.0,-1,1,46.835217,13,Replayed,1.0
-38.0,-1.0,-1,1,75.208954,13,Replayed,38.0
3.0,0.0,1,1,47.754456,13,Replayed,3.0
5.0,1.0,1,1,45.94188,13,Replayed,5.0
-9.0,0.0,-1,1,55.367004,13,Replayed,9.0
-9.0,1.0,-1,1,51.69564,13,Replayed,9.0
9.0,0.0,1,1,52.947838,13,Replayed,9.0
38.0,0.0,-1,0,27.46122,13,Replayed,38.0
3.0,1.0,-1,0,44.482517,13,Replayed,3.0
9.0,-1.0,-1,0,48.13262,13,Replayed,9.0
-3.0,0.0,-1,1,52.235413,13,Replayed,3.0
-3.0,-1.0,-1,1,55.5876,13,Replayed,3.0
9.0,1.0,1,1,47.517315,13,Replayed,9.0
3.0,0.0,-1,0,48.271595,13,Replayed,3.0
38.0,0.0,1,1,68.34972,13,Replayed,38.0
9.0,-1.0,-1,0,46.937016,13,Replayed,9.0
-5.0,0.0,1,0,44.14198,13,Replayed,5.0
-9.0,0.0,-1,1,55.986465,13,Replayed,9.0
5.0,-1.0,-1,0,49.671917,13,Replayed,5.0
5.0,1.0,1,1,46.50727,13,Replayed,5.0
3.0,0.0,1,1,48.64503,13,Replayed,3.0
-3.0,1.0,-1,1,48.690136,13,Replayed,3.0
3.0,-1.0,1,1,51.741158,13,Replayed,3.0
1.0,1.0,-1,0,46.321674,13,Replayed,1.0
5.0,0.0,-1,0,46.40733,13,Replayed,5.0
3.0,-1.0,-1,0,52.32095,13,Replayed,3.0
-38.0,1.0,-1,1,67.73309,13,Replayed,38.0
-38.0,0.0,-1,1,71.819756,13,Replayed,38.0
38.0,1.0,1,1,65.27553,13,Replayed,38.0
-3.0,0.0,-1,1,52.036224,13,Replayed,3.0
-5.0,1.0,-1,1,49.922718,13,Replayed,5.0
3.0,-1.0,1,1,52.31617,13,Replayed,3.0
38.0,-1.0,-1,0,30.98286,13,Replayed,38.0
-5.0,-1.0,1,0,46.816322,13,Replayed,5.0
-9.0,1.0,-1,1,52.261925,13,Replayed,9.0
-5.0,-1.0,-1,1,56.46184,13,Replayed,5.0
-9.0,-1.0,1,0,44.558796,13,Replayed,9.0
-38.0,-1.0,-1,1,75.14583,13,Replayed,38.0
-3.0,1.0,-1,1,48.877335,13,Replayed,3.0
-1.0,1.0,1,0,42.8149,13,Replayed,1.0
5.0,0.0,-1,0,46.334286,13,Replayed,5.0
38.0,0.0,-1,0,27.104712,13,Replayed,38.0
38.0,-1.0,-1,0,30.555523,13,Replayed,38.0
1.0,1.0,1,1,44.103416,13,Replayed,1.0
1.0,-1.0,-1,0,52.886192,13,Replayed,1.0
-9.0,1.0,-1,1,52.05694,13,Replayed,9.0
9.0,1.0,-1,0,40.341152,13,Replayed,9.0
-5.0,1.0,-1,1,49.66847,13,Replayed,5.0
5.0,-1.0,1,1,52.40082,13,Replayed,5.0
-3.0,0.0,1,0,44.807167,13,Replayed,3.0
9.0,1.0,1,1,48.57061,13,Replayed,9.0
1.0,0.0,1,1,47.628086,13,Replayed,1.0
38.0,0.0,1,1,68.253105,13,Replayed,38.0
-3.0,1.0,-1,1,48.06177,13,Replayed,3.0
-9.0,0.0,-1,1,55.72137,13,Replayed,9.0
3.0,-1.0,-1,0,52.98092,13,Replayed,3.0
-3.0,0.0,1,0,43.956543,13,Replayed,3.0
-3.0,1.0,-1,1,47.543736,13,Replayed,3.0
-5.0,1.0,-1,1,48.572926,13,Replayed,5.0
1.0,0.0,1,1,47.25754,13,Replayed,1.0
5.0,0.0,1,1,49.63339,13,Replayed,5.0
-1.0,1.0,-1,1,46.630383,13,Replayed,1.0
-38.0,1.0,-1,1,68.68995,13,Replayed,38.0
38.0,1.0,1,1,64.5416,13,Replayed,38.0
-9.0,1.0,-1,1,51.80807,13,Replayed,9.0
-38.0,-1.0,-1,1,75.30281,13,Replayed,38.0
9.0,1.0,-1,0,40.07238,13,Replayed,9.0
5.0,1.0,1,1,46.323784,13,Replayed,5.0
-5.0,0.0,1,0,42.943108,13,Replayed,5.0
1.0,0.0,1,1,48.088867,13,Replayed,1.0
5.0,-1.0,-1,0,49.955757,13,Replayed,5.0
3.0,-1.0,1,1,52.415596,13,Replayed,3.0
38.0,-1.0,1,1,71.8876,13,Replayed,38.0
-1.0,-1.0,1,0,48.172657,13,Replayed,1.0
5.0,-1.0,-1,0,51.078415,13,Replayed,5.0
-9.0,0.0,-1,1,55.63648,13,Replayed,9.0
-5.0,1.0,-1,1,49.422157,13,Replayed,5.0
-38.0,1.0,-1,1,68.89938,13,Replayed,38.0
-9.0,1.0,1,0,37.21608,13,Replayed,9.0
-5.0,0.0,-1,1,53.385788,13,Replayed,5.0
-3.0,-1.0,-1,1,55.24591,13,Replayed,3.0
-38.0,0.0,-1,1,71.25622,13,Replayed,38.0
5.0,1.0,1,1,45.933376,13,Replayed,5.0
-5.0,0.0,-1,1,53.781082,13,Replayed,5.0
-1.0,1.0,1,0,42.63424,13,Replayed,1.0
38.0,0.0,1,1,69.46809,13,Replayed,38.0
-3.0,0.0,-1,1,51.488197,13,Replayed,3.0
38.0,0.0,1,1,68.64679,13,Replayed,38.0
-9.0,1.0,1,0,38.336838,13,Replayed,9.0
-5.0,1.0,1,0,41.238407,13,Replayed,5.0
-38.0,-1.0,-1,1,74.660934,13,Replayed,38.0
-5.0,1.0,1,0,40.037994,13,Replayed,5.0
38.0,0.0,1,1,68.42386,13,Replayed,38.0
38.0,-1.0,1,1,72.5331,13,Replayed,38.0
-9.0,0.0,-1,1,55.140896,13,Replayed,9.0
5.0,0.0,1,1,50.19206,13,Replayed,5.0
9.0,0.0,-1,0,43.447277,13,Replayed,9.0
-1.0,0.0,1,0,46.311085,13,Replayed,1.0
9.0,0.0,1,1,51.947998,13,Replayed,9.0
-1.0,-1.0,-1,1,54.223293,13,Replayed,1.0
3.0,1.0,1,1,45.11528,13,Replayed,3.0
-1.0,0.0,1,0,45.89271,13,Replayed,1.0
3.0,0.0,1,1,48.98401,13,Replayed,3.0
-5.0,0.0,1,0,44.275208,13,Replayed,5.0
1.0,1.0,-1,0,46.797535,13,Replayed,1.0
-3.0,1.0,-1,1,48.9149,13,Replayed,3.0
-5.0,-1.0,-1,1,56.6265,13,Replayed,5.0
3.0,-1.0,1,1,51.95282,13,Replayed,3.0
5.0,0.0,1,1,48.32552,13,Replayed,5.0
-3.0,-1.0,-1,1,55.04571,13,Replayed,3.0
3.0,-1.0,-1,0,50.292492,13,Replayed,3.0
-3.0,1.0,-1,1,49.73592,13,Replayed,3.0
38.0,1.0,1,1,64.247025,13,Replayed,38.0
-9.0,-1.0,-1,1,58.875614,13,Replayed,9.0
-1.0,1.0,-1,1,47.709126,13,Replayed,1.0
-38.0,0.0,-1,1,71.64088,13,Replayed,38.0
-3.0,-1.0,1,0,47.03854,13,Replayed,3.0
-9.0,-1.0,-1,1,58.229004,13,Replayed,9.0
1.0,-1.0,-1,0,52.254898,13,Replayed,1.0
-9.0,-1.0,-1,1,58.650494,13,Replayed,9.0
-38.0,-1.0,1,0,28.854116,13,Replayed,38.0
1.0,-1.0,-1,0,52.797844,13,Replayed,1.0
38.0,1.0,-1,0,24.117315,13,Replayed,38.0
5.0,-1.0,1,1,53.579514,13,Replayed,5.0
5.0,-1.0,1,1,53.132896,13,Replayed,5.0
-3.0,-1.0,-1,1,54.69138,13,Replayed,3.0
-3.0,0.0,1,0,44.692005,13,Replayed,3.0
9.0,1.0,-1,0,40.575706,13,Replayed,9.0
5.0,0.0,1,1,50.082325,13,Replayed,5.0
-1.0,0.0,1,0,46.11064,13,Replayed,1.0
3.0,1.0,1,1,44.882153,13,Replayed,3.0
9.0,-1.0,1,1,55.469997,13,Replayed,9.0
1.0,-1.0,1,1,51.052296,13,Replayed,1.0
-5.0,0.0,1,0,43.99118,13,Replayed,5.0
-9.0,-1.0,1,0,44.65946,13,Replayed,9.0
38.0,-1.0,1,1,71.9261,13,Replayed,38.0
3.0,0.0,-1,0,47.39655,13,Replayed,3.0
1.0,0.0,-1,0,49.53707,13,Replayed,1.0
9.0,0.0,-1,0,44.92413,13,Replayed,9.0
9.0,1.0,-1,0,40.96243,13,Replayed,9.0
-9.0,1.0,-1,1,51.598976,13,Replayed,9.0
5.0,0.0,1,1,49.650658,13,Replayed,5.0
-1.0,-1.0,1,0,49.443237,13,Replayed,1.0
3.0,1.0,-1,0,45.15572,13,Replayed,3.0
3.0,1.0,1,1,43.88197,13,Replayed,3.0
-1.0,-1.0,-1,1,53.921574,13,Replayed,1.0
-5.0,1.0,1,0,40.35832,13,Replayed,5.0
1.0,0.0,-1,0,49.447853,13,Replayed,1.0
5.0,-1.0,1,1,53.04386,13,Replayed,5.0
-1.0,-1.0,-1,1,53.914978,13,Replayed,1.0
3.0,0.0,-1,0,48.996918,13,Replayed,3.0
-5.0,0.0,1,0,43.749332,13,Replayed,5.0
1.0,-1.0,1,1,51.312817,13,Replayed,1.0
-1.0,-1.0,-1,1,53.533108,13,Replayed,1.0
-38.0,1.0,1,0,21.805506,13,Replayed,38.0
-38.0,0.0,-1,1,71.474,13,Replayed,38.0
-38.0,0.0,-1,1,71.2029,13,Replayed,38.0
5.0,1.0,-1,0,43.52166,13,Replayed,5.0
-5.0,-1.0,-1,1,55.270092,13,Replayed,5.0
-38.0,0.0,-1,1,72.00289,13,Replayed,38.0
1.0,1.0,-1,0,45.84056,13,Replayed,1.0
-38.0,1.0,-1,1,67.627754,13,Replayed,38.0
9.0,0.0,-1,0,45.183502,13,Replayed,9.0
-38.0,0.0,-1,1,70.63609,13,Replayed,38.0
38.0,-1.0,1,1,72.52456,13,Replayed,38.0
-3.0,1.0,-1,1,49.033222,13,Replayed,3.0
-3.0,-1.0,-1,1,56.377052,14,Replayed,3.0
-9.0,-1.0,-1,1,62.82658,14,Replayed,9.0
-38.0,0.0,-1,1,88.09226,14,Replayed,38.0
-9.0,0.0,-1,1,63.70182,14,Replayed,9.0
-5.0,-1.0,-1,1,58.981358,14,Replayed,5.0
9.0,1.0,1,1,65.22164,14,Replayed,9.0
-3.0,1.0,-1,1,56.324173,14,Replayed,3.0
-9.0,1.0,-1,1,62.72775,14,Replayed,9.0
1.0,-1.0,1,1,55.489952,14,Replayed,1.0
-38.0,-1.0,-1,1,88.59299,14,Replayed,38.0
38.0,0.0,1,1,89.36745,14,Replayed,38.0
3.0,0.0,1,1,57.920975,14,Replayed,3.0
-1.0,0.0,-1,1,53.62251,14,Replayed,1.0
-38.0,1.0,-1,1,88.35147,14,Replayed,38.0
-5.0,0.0,-1,1,59.4514,14,Replayed,5.0
-5.0,0.0,-1,1,58.961563,14,Replayed,5.0
-38.0,0.0,-1,1,88.82677,14,Replayed,38.0
-1.0,-1.0,-1,1,53.31669,14,Replayed,1.0
1.0,0.0,-1,0,51.850754,14,Replayed,1.0
38.0,1.0,1,1,89.7653,14,Replayed,38.0
-3.0,-1.0,1,0,51.475735,14,Replayed,3.0
9.0,-1.0,1,1,64.70617,14,Replayed,9.0
1.0,1.0,-1,0,52.56179,14,Replayed,1.0
-5.0,-1.0,-1,1,58.479107,14,Replayed,5.0
-5.0,1.0,-1,1,59.41456,14,Replayed,5.0
-1.0,-1.0,1,0,54.370327,14,Replayed,1.0
5.0,-1.0,-1,0,47.907665,14,Replayed,5.0
-1.0,1.0,1,0,53.89274,14,Replayed,1.0
1.0,0.0,1,1,55.400734,14,Replayed,1.0
-3.0,0.0,-1,1,56.106575,14,Replayed,3.0
-38.0,-1.0,-1,1,88.51488,14,Replayed,38.0
3.0,1.0,-1,0,49.770275,14,Replayed,3.0
-38.0,1.0,-1,1,88.81159,14,Replayed,38.0
-3.0,1.0,-1,1,55.548946,14,Replayed,3.0
-9.0,-1.0,-1,1,64.41732,14,Replayed,9.0
3.0,1.0,1,1,57.375343,14,Replayed,3.0
-38.0,0.0,-1,1,88.6005,14,Replayed,38.0
-1.0,1.0,1,0,52.35249,14,Replayed,1.0
-9.0,1.0,1,0,46.06807,14,Replayed,9.0
1.0,1.0,-1,0,50.851906,14,Replayed,1.0
38.0,-1.0,1,1,89.68141,14,Replayed,38.0
3.0,-1.0,1,1,58.095978,14,Replayed,3.0
5.0,0.0,1,1,60.540318,14,Replayed,5.0
3.0,0.0,-1,0,49.253006,14,Replayed,3.0
-5.0,0.0,1,0,49.440895,14,Replayed,5.0
-5.0,1.0,-1,1,59.03675,14,Replayed,5.0
-9.0,-1.0,1,0,47.101578,14,Replayed,9.0
-38.0,1.0,-1,1,88.919106,14,Replayed,38.0
-9.0,-1.0,-1,1,63.497726,14,Replayed,9.0
-1.0,-1.0,1,0,53.817123,14,Replayed,1.0
38.0,1.0,1,1,89.0646,14,Replayed,38.0
-5.0,1.0,1,0,50.6727,14,Replayed,5.0
-1.0,0.0,1,0,53.281933,14,Replayed,1.0
-38.0,-1.0,-1,1,89.0639,14,Replayed,38.0
-3.0,1.0,-1,1,56.115616,14,Replayed,3.0
-9.0,1.0,-1,1,63.34924,14,Replayed,9.0
-3.0,-1.0,1,0,49.85383,14,Replayed,3.0
9.0,1.0,1,1,66.13218,14,Replayed,9.0
-1.0,1.0,-1,1,53.86371,14,Replayed,1.0
-9.0,-1.0,1,0,46.10625,14,Replayed,9.0
9.0,0.0,-1,0,43.89068,14,Replayed,9.0
-1.0,0.0,-1,1,54.44947,14,Replayed,1.0
-3.0,-1.0,-1,1,56.319828,14,Replayed,3.0
-3.0,-1.0,1,0,51.32047,14,Replayed,3.0
5.0,0.0,-1,0,47.938553,14,Replayed,5.0
38.0,1.0,1,1,89.82001,14,Replayed,38.0
38.0,1.0,1,1,90.31738,14,Replayed,38.0
-38.0,1.0,-1,1,88.67659,14,Replayed,38.0
-1.0,1.0,-1,1,53.70177,14,Replayed,1.0
-9.0,1.0,1,0,45.265182,14,Replayed,9.0
-3.0,1.0,-1,1,56.541466,14,Replayed,3.0
3.0,0.0,1,1,58.18373,14,Replayed,3.0
-5.0,-1.0,1,0,50.34536,14,Replayed,5.0
-9.0,0.0,-1,1,63.553955,14,Replayed,9.0
38.0,0.0,1,1,89.423874,14,Replayed,38.0
3.0,-1.0,1,1,58.15795,14,Replayed,3.0
5.0,-1.0,1,1,60.696815,14,Replayed,5.0
-9.0,0.0,-1,1,63.6064,14,Replayed,9.0
1.0,1.0,1,1,55.706753,14,Replayed,1.0
-1.0,1.0,-1,1,52.80919,14,Replayed,1.0
5.0,0.0,1,1,59.85841,14,Replayed,5.0
-3.0,1.0,1,0,52.202892,14,Replayed,3.0
-38.0,1.0,-1,1,88.683365,14,Replayed,38.0
3.0,1.0,-1,0,50.285904,14,Replayed,3.0
-38.0,1.0,-1,1,88.572296,14,Replayed,38.0
1.0,1.0,1,1,55.39607,14,Replayed,1.0
-3.0,1.0,-1,1,56.609314,14,Replayed,3.0
38.0,-1.0,1,1,89.99949,14,Replayed,38.0
5.0,1.0,-1,0,47.233425,14,Replayed,5.0
5.0,0.0,-1,0,48.29113,14,Replayed,5.0
5.0,1.0,-1,0,47.001392,14,Replayed,5.0
9.0,1.0,1,1,64.869,14,Replayed,9.0
9.0,1.0,1,1,65.70474,14,Replayed,9.0
5.0,-1.0,1,1,59.303467,14,Replayed,5.0
-9.0,-1.0,-1,1,62.495388,14,Replayed,9.0
3.0,0.0,1,1,59.811043,14,Replayed,3.0
9.0,-1.0,1,1,65.93144,14,Replayed,9.0
-38.0,0.0,-1,1,88.2847,14,Replayed,38.0
5.0,1.0,1,1,60.741486,14,Replayed,5.0
-1.0,-1.0,1,0,53.6662,14,Replayed,1.0
-1.0,-1.0,1,0,54.686314,14,Replayed,1.0
38.0,-1.0,1,1,90.16313,14,Replayed,38.0
5.0,-1.0,1,1,60.715317,14,Replayed,5.0
-5.0,0.0,1,0,49.584534,14,Replayed,5.0
1.0,-1.0,-1,0,51.477856,14,Replayed,1.0
-3.0,1.0,-1,1,56.134815,14,Replayed,3.0
-9.0,1.0,1,0,46.14463,14,Replayed,9.0
9.0,-1.0,-1,0,44.91492,14,Replayed,9.0
5.0,1.0,1,1,61.819565,14,Replayed,5.0
-38.0,-1.0,-1,1,88.45635,14,Replayed,38.0
9.0,0.0,1,1,65.50869,14,Replayed,9.0
38.0,-1.0,1,1,89.63607,14,Replayed,38.0
9.0,-1.0,1,1,64.56319,14,Replayed,9.0
-9.0,0.0,-1,1,63.369637,14,Replayed,9.0
-3.0,1.0,-1,1,56.319324,14,Replayed,3.0
-38.0,-1.0,-1,1,88.47209,14,Replayed,38.0
9.0,0.0,1,1,66.01907,14,Replayed,9.0
-1.0,0.0,1,0,54.389393,14,Replayed,1.0
38.0,1.0,1,1,89.70626,14,Replayed,38.0
5.0,1.0,1,1,60.320103,14,Replayed,5.0
5.0,1.0,1,1,59.834778,14,Replayed,5.0
-9.0,0.0,-1,1,63.206528,14,Replayed,9.0
1.0,0.0,1,1,55.75335,14,Replayed,1.0
3.0,-1.0,1,1,58.98163,14,Replayed,3.0
1.0,-1.0,1,1,55.557938,14,Replayed,1.0
1.0,0.0,1,1,57.183826,14,Replayed,1.0
-38.0,-1.0,-1,1,89.2697,14,Replayed,38.0
38.0,-1.0,1,1,89.736404,14,Replayed,38.0
3.0,0.0,1,1,58.81328,14,Replayed,3.0
5.0,1.0,-1,0,47.769394,14,Replayed,5.0
-5.0,-1.0,-1,1,59.00597,14,Replayed,5.0
1.0,1.0,1,1,55.678505,14,Replayed,1.0
-3.0,0.0,1,0,51.29094,14,Replayed,3.0
-3.0,-1.0,-1,1,55.617912,14,Replayed,3.0
1.0,0.0,1,1,56.064438,14,Replayed,1.0
3.0,0.0,-1,0,50.201492,14,Replayed,3.0
9.0,1.0,1,1,66.085686,14,Replayed,9.0
1.0,-1.0,-1,0,51.487915,14,Replayed,1.0
5.0,0.0,1,1,61.01066,14,Replayed,5.0
-38.0,-1.0,-1,1,88.61972,14,Replayed,38.0
-9.0,-1.0,-1,1,63.904987,14,Replayed,9.0
9.0,-1.0,1,1,65.042404,14,Replayed,9.0
-1.0,-1.0,-1,1,54.14276,14,Replayed,1.0
9.0,-1.0,1,1,66.03951,14,Replayed,9.0
-38.0,0.0,-1,1,88.71842,14,Replayed,38.0
-3.0,0.0,1,0,51.65827,14,Replayed,3.0
1.0,-1.0,1,1,56.358383,14,Replayed,1.0
5.0,0.0,1,1,61.978626,14,Replayed,5.0
-38.0,0.0,-1,1,88.42077,14,Replayed,38.0
-3.0,0.0,-1,1,55.196102,14,Replayed,3.0
-5.0,1.0,-1,1,59.720264,14,Replayed,5.0
-1.0,-1.0,-1,1,54.01921,14,Replayed,1.0
3.0,-1.0,1,1,57.751125,14,Replayed,3.0
3.0,-1.0,1,1,58.91112,14,Replayed,3.0
3.0,0.0,-1,0,50.33546,14,Replayed,3.0
-38.0,1.0,-1,1,88.021835,14,Replayed,38.0
3.0,0.0,1,1,58.277245,14,Replayed,3.0
-1.0,0.0,-1,1,54.84775,14,Replayed,1.0
5.0,0.0,1,1,61.161865,14,Replayed,5.0
5.0,-1.0,1,1,60.67263,14,Replayed,5.0
-5.0,1.0,-1,1,58.073063,14,Replayed,5.0
1.0,0.0,1,1,56.18269,14,Replayed,1.0
-5.0,1.0,-1,1,59.381683,14,Replayed,5.0
1.0,0.0,1,1,56.22639,14,Replayed,1.0
-5.0,0.0,-1,1,57.863297,14,Replayed,5.0
-1.0,0.0,1,0,54.670326,14,Replayed,1.0
3.0,1.0,-1,0,49.922523,14,Replayed,3.0
-5.0,-1.0,1,0,49.586926,14,Replayed,5.0
-5.0,0.0,-1,1,57.45107,14,Replayed,5.0
1.0,-1.0,1,1,56.718212,14,Replayed,1.0
3.0,1.0,-1,0,50.193413,14,Replayed,3.0
5.0,-1.0,1,1,60.429047,14,Replayed,5.0
1.0,1.0,1,1,55.95746,14,Replayed,1.0
-3.0,-1.0,-1,1,56.027233,14,Replayed,3.0
-9.0,0.0,-1,1,64.50575,14,Replayed,9.0
-9.0,1.0,1,0,46.617645,14,Replayed,9.0
-1.0,-1.0,-1,1,53.12676,14,Replayed,1.0
-1.0,1.0,1,0,54.283924,14,Replayed,1.0
9.0,1.0,1,1,65.188995,14,Replayed,9.0
-38.0,0.0,-1,1,89.03243,14,Replayed,38.0
-3.0,0.0,-1,1,56.318672,14,Replayed,3.0
-5.0,0.0,1,0,50.4606,14,Replayed,5.0
3.0,-1.0,1,1,57.705013,14,Replayed,3.0
38.0,1.0,1,1,89.53508,14,Replayed,38.0
9.0,0.0,1,1,65.46823,14,Replayed,9.0
-9.0,0.0,1,0,45.348434,14,Replayed,9.0
38.0,0.0,1,1,89.893486,14,Replayed,38.0
9.0,0.0,-1,0,44.761894,14,Replayed,9.0
38.0,1.0,1,1,89.92502,14,Replayed,38.0
-3.0,-1.0,-1,1,55.611427,14,Replayed,3.0
-9.0,1.0,-1,1,62.973583,14,Replayed,9.0
38.0,1.0,1,1,89.79867,14,Replayed,38.0
-3.0,0.0,-1,1,56.939453,14,Replayed,3.0
5.0,-1.0,1,1,60.847897,14,Replayed,5.0
5.0,1.0,1,1,59.800327,14,Replayed,5.0
9.0,-1.0,1,1,65.29521,14,Replayed,9.0
38.0,-1.0,1,1,89.8785,14,Replayed,38.0
5.0,0.0,1,1,61.543728,14,Replayed,5.0
-5.0,-1.0,1,0,49.865227,14,Replayed,5.0
-9.0,0.0,-1,1,62.268394,14,Replayed,9.0
38.0,0.0,1,1,89.61826,14,Replayed,38.0
3.0,1.0,-1,0,48.971657,14,Replayed,3.0
-1.0,1.0,1,0,53.546013,14,Replayed,1.0
1.0,1.0,1,1,56.058155,14,Replayed,1.0
-5.0,-1.0,1,0,50.319057,14,Replayed,5.0
9.0,1.0,1,1,65.624275,14,Replayed,9.0
1.0,-1.0,-1,0,51.32383,14,Replayed,1.0
1.0,1.0,1,1,54.49596,14,Replayed,1.0
38.0,-1.0,1,1,89.77854,14,Replayed,38.0
-5.0,0.0,1,0,49.253986,14,Replayed,5.0
-1.0,0.0,-1,1,54.09015,14,Replayed,1.0
9.0,0.0,1,1,65.9794,14,Replayed,9.0
9.0,0.0,1,1,65.72918,14,Replayed,9.0
9.0,1.0,1,1,65.54327,14,Replayed,9.0
5.0,-1.0,1,1,60.898544,14,Replayed,5.0
-5.0,-1.0,-1,1,58.24458,14,Replayed,5.0
38.0,0.0,1,1,89.231186,14,Replayed,38.0
1.0,-1.0,-1,0,52.788998,14,Replayed,1.0
-5.0,1.0,-1,1,58.567303,14,Replayed,5.0
9.0,-1.0,-1,0,44.298622,14,Replayed,9.0
-1.0,0.0,1,0,54.28065,14,Replayed,1.0
38.0,0.0,1,1,89.07731,14,Replayed,38.0
9.0,0.0,1,1,65.100296,14,Replayed,9.0
1.0,0.0,1,1,55.839085,14,Replayed,1.0
-5.0,1.0,-1,1,58.062126,14,Replayed,5.0
-38.0,0.0,-1,1,88.53452,14,Replayed,38.0
38.0,-1.0,1,1,89.85254,14,Replayed,38.0
-38.0,-1.0,-1,1,88.75124,14,Replayed,38.0
3.0,-1.0,-1,0,48.852276,14,Replayed,3.0
38.0,0.0,1,1,90.01724,14,Replayed,38.0
-3.0,0.0,-1,1,55.913307,14,Replayed,3.0
3.0,-1.0,1,1,57.91218,14,Replayed,3.0
-38.0,1.0,-1,1,88.41311,14,Replayed,38.0
-1.0,1.0,-1,1,54.53182,14,Replayed,1.0
-3.0,0.0,1,0,52.134766,14,Replayed,3.0
3.0,1.0,1,1,58.115623,14,Replayed,3.0
3.0,1.0,-1,0,49.650097,14,Replayed,3.0
-9.0,-1.0,-1,1,63.75511,14,Replayed,9.0
-9.0,1.0,-1,1,63.634987,14,Replayed,9.0
38.0,0.0,1,1,89.51573,14,Replayed,38.0
1.0,1.0,1,1,96.76532,15,Replayed,1.0
-1.0,0.0,-1,1,95.007034,15,Replayed,1.0
9.0,-1.0,1,1,99.986824,15,Replayed,9.0
1.0,0.0,1,1,96.71966,15,Replayed,1.0
-38.0,0.0,-1,1,99.99,15,Replayed,38.0
38.0,1.0,1,1,99.99,15,Replayed,38.0
-1.0,0.0,-1,1,95.023926,15,Replayed,1.0
-3.0,-1.0,-1,1,98.74228,15,Replayed,3.0
-1.0,-1.0,-1,1,94.778725,15,Replayed,1.0
38.0,1.0,1,1,99.99,15,Replayed,38.0
1.0,1.0,-1,0,91.34635,15,Replayed,1.0
-5.0,-1.0,-1,1,99.696266,15,Replayed,5.0
-3.0,0.0,-1,1,98.71428,15,Replayed,3.0
1.0,-1.0,1,1,96.762764,15,Replayed,1.0
9.0,0.0,1,1,99.98805,15,Replayed,9.0
9.0,0.0,1,1,99.98764,15,Replayed,9.0
38.0,-1.0,1,1,99.99,15,Replayed,38.0
1.0,-1.0,1,1,96.70954,15,Replayed,1.0
5.0,1.0,1,1,99.85729,15,Replayed,5.0
-5.0,0.0,-1,1,99.6657,15,Replayed,5.0
-1.0,-1.0,1,0,94.19057,15,Replayed,1.0
5.0,1.0,1,1,99.8211,15,Replayed,5.0
-38.0,0.0,-1,1,99.99,15,Replayed,38.0
3.0,0.0,1,1,99.181885,15,Replayed,3.0
-5.0,0.0,1,0,93.94008,15,Replayed,5.0
-9.0,-1.0,-1,1,99.98081,15,Replayed,9.0
-38.0,1.0,-1,1,99.99,15,Replayed,38.0
-9.0,0.0,-1,1,99.98361,15,Replayed,9.0
-9.0,1.0,-1,1,99.98325,15,Replayed,9.0
3.0,-1.0,1,1,99.22179,15,Replayed,3.0
1.0,-1.0,1,1,96.55987,15,Replayed,1.0
-38.0,-1.0,-1,1,99.99,15,Replayed,38.0
-5.0,0.0,-1,1,99.714645,15,Replayed,5.0
-3.0,0.0,-1,1,98.68471,15,Replayed,3.0
5.0,-1.0,1,1,99.84718,15,Replayed,5.0
5.0,1.0,1,1,99.83151,15,Replayed,5.0
-3.0,0.0,-1,1,98.58524,15,Replayed,3.0
-38.0,1.0,-1,1,99.99,15,Replayed,38.0
-38.0,0.0,-1,1,99.99,15,Replayed,38.0
5.0,0.0,1,1,99.839806,15,Replayed,5.0
-9.0,0.0,-1,1,99.98302,15,Replayed,9.0
-1.0,0.0,-1,1,95.09927,15,Replayed,1.0
3.0,-1.0,1,1,99.21906,15,Replayed,3.0
38.0,-1.0,1,1,99.99,15,Replayed,38.0
5.0,1.0,1,1,99.84417,15,Replayed,5.0
1.0,-1.0,1,1,96.878685,15,Replayed,1.0
-3.0,0.0,-1,1,98.79791,15,Replayed,3.0
1.0,1.0,-1,0,91.268555,15,Replayed,1.0
1.0,1.0,1,1,96.822815,15,Replayed,1.0
-38.0,1.0,-1,1,99.99,15,Replayed,38.0
-9.0,-1.0,-1,1,99.98255,15,Replayed,9.0
-1.0,-1.0,-1,1,94.71083,15,Replayed,1.0
38.0,0.0,1,1,99.99,15,Replayed,38.0
3.0,1.0,1,1,99.284134,15,Replayed,3.0
3.0,1.0,1,1,99.28332,15,Replayed,3.0
-38.0,-1.0,-1,1,99.99,15,Replayed,38.0
1.0,-1.0,1,1,96.56046,15,Replayed,1.0
38.0,0.0,1,1,99.99,15,Replayed,38.0
-5.0,1.0,-1,1,99.74073,15,Replayed,5.0
-38.0,0.0,-1,1,99.99,15,Replayed,38.0
-9.0,1.0,-1,1,99.98222,15,Replayed,9.0
-1.0,1.0,-1,1,94.87541,15,Replayed,1.0
5.0,-1.0,1,1,99.82345,15,Replayed,5.0
9.0,-1.0,1,1,99.986725,15,Replayed,9.0
1.0,0.0,1,1,96.56922,15,Replayed,1.0
38.0,-1.0,1,1,99.99,15,Replayed,38.0
3.0,-1.0,1,1,99.22217,15,Replayed,3.0
-5.0,0.0,-1,1,99.72146,15,Replayed,5.0
3.0,1.0,1,1,99.21331,15,Replayed,3.0
38.0,0.0,1,1,99.99,15,Replayed,38.0
9.0,1.0,1,1,99.9862,15,Replayed,9.0
38.0,-1.0,1,1,99.99,15,Replayed,38.0
-5.0,1.0,-1,1,99.753395,15,Replayed,5.0
-38.0,1.0,-1,1,99.99,15,Replayed,38.0
9.0,1.0,1,1,99.986755,15,Replayed,9.0
9.0,0.0,1,1,99.98626,15,Replayed,9.0
-3.0,1.0,-1,1,98.65182,15,Replayed,3.0
1.0,1.0,-1,0,91.36728,15,Replayed,1.0
-5.0,1.0,-1,1,99.69496,15,Replayed,5.0
-9.0,0.0,-1,1,99.98308,15,Replayed,9.0
-38.0,1.0,-1,1,99.99,15,Replayed,38.0
1.0,1.0,1,1,96.585884,15,Replayed,1.0
-1.0,1.0,-1,1,95.346924,15,Replayed,1.0
-1.0,1.0,-1,1,94.831406,15,Replayed,1.0
-9.0,1.0,-1,1,99.98517,15,Replayed,9.0
5.0,1.0,1,1,99.82497,15,Replayed,5.0
-5.0,0.0,-1,1,99.707924,15,Replayed,5.0
-3.0,0.0,-1,1,98.78471,15,Replayed,3.0
5.0,-1.0,1,1,99.84592,15,Replayed,5.0
-9.0,1.0,-1,1,99.9844,15,Replayed,9.0
38.0,0.0,1,1,99.99,15,Replayed,38.0
38.0,-1.0,1,1,99.99,15,Replayed,38.0
-5.0,-1.0,-1,1,99.71263,15,Replayed,5.0
9.0,0.0,1,1,99.986534,15,Replayed,9.0
-3.0,0.0,-1,1,98.82149,15,Replayed,3.0
5.0,1.0,1,1,99.84853,15,Replayed,5.0
9.0,0.0,1,1,99.98655,15,Replayed,9.0
-9.0,-1.0,-1,1,99.98337,15,Replayed,9.0
-1.0,0.0,-1,1,95.07831,15,Replayed,1.0
38.0,1.0,1,1,99.99,15,Replayed,38.0
38.0,-1.0,1,1,99.99,15,Replayed,38.0
38.0,1.0,1,1,99.99,15,Replayed,38.0
9.0,-1.0,1,1,99.98511,15,Replayed,9.0
-5.0,0.0,-1,1,99.7547,15,Replayed,5.0
-38.0,0.0,-1,1,99.99,15,Replayed,38.0
-9.0,0.0,-1,1,99.98323,15,Replayed,9.0
5.0,0.0,1,1,99.82181,15,Replayed,5.0
9.0,-1.0,1,1,99.98423,15,Replayed,9.0
5.0,-1.0,1,1,99.82224,15,Replayed,5.0
-3.0,0.0,-1,1,98.597755,15,Replayed,3.0
-3.0,1.0,-1,1,98.73503,15,Replayed,3.0
9.0,0.0,1,1,99.986534,15,Replayed,9.0
-9.0,1.0,-1,1,99.9797,15,Replayed,9.0
-5.0,0.0,-1,1,99.69246,15,Replayed,5.0
-3.0,1.0,-1,1,98.67914,15,Replayed,3.0
-1.0,-1.0,1,0,93.9227,15,Replayed,1.0
-5.0,-1.0,-1,1,99.7171,15,Replayed,5.0
3.0,1.0,1,1,99.19277,15,Replayed,3.0
-9.0,-1.0,-1,1,99.98281,15,Replayed,9.0
-3.0,-1.0,-1,1,98.70941,15,Replayed,3.0
9.0,1.0,1,1,99.98483,15,Replayed,9.0
3.0,0.0,1,1,99.20621,15,Replayed,3.0
1.0,0.0,1,1,96.834984,15,Replayed,1.0
-5.0,-1.0,-1,1,99.69515,15,Replayed,5.0
1.0,1.0,1,1,96.847374,15,Replayed,1.0
-5.0,-1.0,-1,1,99.7301,15,Replayed,5.0
1.0,-1.0,1,1,96.72955,15,Replayed,1.0
3.0,0.0,1,1,99.283165,15,Replayed,3.0
3.0,1.0,1,1,99.20023,15,Replayed,3.0
3.0,0.0,1,1,99.21455,15,Replayed,3.0
5.0,-1.0,1,1,99.82271,15,Replayed,5.0
1.0,0.0,-1,0,91.17411,15,Replayed,1.0
-3.0,1.0,-1,1,98.63784,15,Replayed,3.0
5.0,-1.0,1,1,99.85221,15,Replayed,5.0
5.0,-1.0,1,1,99.82123,15,Replayed,5.0
9.0,-1.0,1,1,99.98542,15,Replayed,9.0
1.0,0.0,-1,0,91.37317,15,Replayed,1.0
-5.0,1.0,-1,1,99.76372,15,Replayed,5.0
38.0,0.0,1,1,99.99,15,Replayed,38.0
1.0,0.0,-1,0,91.41753,15,Replayed,1.0
-5.0,0.0,-1,1,99.7241,15,Replayed,5.0
38.0,1.0,1,1,99.99,15,Replayed,38.0
-1.0,1.0,-1,1,95.29189,15,Replayed,1.0
3.0,0.0,1,1,99.145134,15,Replayed,3.0
-9.0,1.0,-1,1,99.98385,15,Replayed,9.0
9.0,-1.0,1,1,99.985954,15,Replayed,9.0
-3.0,-1.0,1,0,93.87483,15,Replayed,3.0
38.0,1.0,1,1,99.99,15,Replayed,38.0
5.0,0.0,1,1,99.85256,15,Replayed,5.0
5.0,-1.0,1,1,99.81748,15,Replayed,5.0
3.0,1.0,1,1,99.18018,15,Replayed,3.0
38.0,0.0,1,1,99.99,15,Replayed,38.0
-3.0,0.0,-1,1,98.592064,15,Replayed,3.0
5.0,0.0,1,1,99.827965,15,Replayed,5.0
1.0,-1.0,1,1,96.67198,15,Replayed,1.0
-38.0,-1.0,-1,1,99.99,15,Replayed,38.0
3.0,0.0,1,1,99.25838,15,Replayed,3.0
-38.0,0.0,-1,1,99.99,15,Replayed,38.0
3.0,0.0,1,1,99.17082,15,Replayed,3.0
38.0,1.0,1,1,99.99,15,Replayed,38.0
3.0,-1.0,1,1,99.2724,15,Replayed,3.0
3.0,0.0,1,1,99.259224,15,Replayed,3.0
9.0,0.0,1,1,99.98602,15,Replayed,9.0
-1.0,-1.0,-1,1,95.147095,15,Replayed,1.0
-38.0,-1.0,-1,1,99.99,15,Replayed,38.0
-3.0,-1.0,1,0,94.36849,15,Replayed,3.0
5.0,0.0,-1,0,91.27644,15,Replayed,5.0
5.0,1.0,-1,0,91.35962,15,Replayed,5.0
-3.0,1.0,1,0,93.954735,15,Replayed,3.0
-3.0,1.0,1,0,93.869,15,Replayed,3.0
-38.0,-1.0,-1,1,99.99,15,Replayed,38.0
-38.0,0.0,-1,1,99.99,15,Replayed,38.0
-9.0,0.0,-1,1,99.98378,15,Replayed,9.0
-5.0,1.0,-1,1,99.75153,15,Replayed,5.0
3.0,-1.0,1,1,99.14454,15,Replayed,3.0
9.0,1.0,1,1,99.98748,15,Replayed,9.0
-5.0,1.0,-1,1,99.71013,15,Replayed,5.0
-9.0,-1.0,-1,1,99.981735,15,Replayed,9.0
-38.0,-1.0,-1,1,99.99,15,Replayed,38.0
9.0,1.0,1,1,99.98659,15,Replayed,9.0
-5.0,1.0,-1,1,99.716805,15,Replayed,5.0
38.0,0.0,1,1,99.99,15,Replayed,38.0
-1.0,1.0,1,0,94.11463,15,Replayed,1.0
3.0,1.0,1,1,99.23627,15,Replayed,3.0
-1.0,1.0,1,0,94.263916,15,Replayed,1.0
1.0,-1.0,1,1,96.637596,15,Replayed,1.0
-3.0,1.0,-1,1,98.67103,15,Replayed,3.0
-1.0,-1.0,1,0,93.77476,15,Replayed,1.0
5.0,0.0,1,1,99.78213,15,Replayed,5.0
1.0,1.0,1,1,96.7103,15,Replayed,1.0
38.0,1.0,1,1,99.99,15,Replayed,38.0
-9.0,0.0,-1,1,99.98196,15,Replayed,9.0
-1.0,1.0,1,0,94.050156,15,Replayed,1.0
-9.0,-1.0,-1,1,99.98154,15,Replayed,9.0
-9.0,1.0,-1,1,99.98238,15,Replayed,9.0
9.0,-1.0,1,1,99.98682,15,Replayed,9.0
-38.0,1.0,-1,1,99.99,15,Replayed,38.0
3.0,1.0,-1,0,91.29855,15,Replayed,3.0
-9.0,-1.0,-1,1,99.98363,15,Replayed,9.0
3.0,-1.0,1,1,99.20035,15,Replayed,3.0
-5.0,-1.0,1,0,93.68211,15,Replayed,5.0
-5.0,1.0,1,0,93.971985,15,Replayed,5.0
-1.0,0.0,-1,1,94.6792,15,Replayed,1.0
-1.0,-1.0,-1,1,94.77372,15,Replayed,1.0
-38.0,1.0,-1,1,99.99,15,Replayed,38.0
-38.0,1.0,-1,1,99.99,15,Replayed,38.0
9.0,0.0,1,1,99.986565,15,Replayed,9.0
-3.0,-1.0,-1,1,98.74116,15,Replayed,3.0
-38.0,-1.0,-1,1,99.99,15,Replayed,38.0
-38.0,-1.0,-1,1,99.99,15,Replayed,38.0
-3.0,1.0,1,0,94.05113,15,Replayed,3.0
-1.0,0.0,-1,1,94.89925,15,Replayed,1.0
-9.0,0.0,-1,1,99.98409,15,Replayed,9.0
-9.0,1.0,-1,1,99.98488,15,Replayed,9.0
-3.0,-1.0,-1,1,98.66056,15,Replayed,3.0
38.0,-1.0,1,1,99.99,15,Replayed,38.0
-1.0,1.0,1,0,94.04358,15,Replayed,1.0
-38.0,0.0,-1,1,99.99,15,Replayed,38.0
1.0,0.0,1,1,97.01806,15,Replayed,1.0
3.0,-1.0,1,1,99.157104,15,Replayed,3.0
-9.0,-1.0,-1,1,99.982086,15,Replayed,9.0
38.0,0.0,1,1,99.99,15,Replayed,38.0
3.0,-1.0,1,1,99.20518,15,Replayed,3.0
-5.0,-1.0,-1,1,99.714615,15,Replayed,5.0
5.0,0.0,1,1,99.84721,15,Replayed,5.0
9.0,1.0,1,1,99.98729,15,Replayed,9.0
-1.0,0.0,1,0,94.111046,15,Replayed,1.0
9.0,1.0,1,1,99.98691,15,Replayed,9.0
-5.0,-1.0,-1,1,99.67653,15,Replayed,5.0
-9.0,0.0,-1,1,99.98274,15,Replayed,9.0
-1.0,-1.0,1,0,94.325165,15,Replayed,1.0
-3.0,-1.0,-1,1,98.75256,15,Replayed,3.0
-1.0,0.0,1,0,93.84946,15,Replayed,1.0
-3.0,-1.0,-1,1,98.728836,15,Replayed,3.0
5.0,0.0,1,1,99.80712,15,Replayed,5.0
9.0,-1.0,1,1,99.985695,15,Replayed,9.0
1.0,0.0,-1,0,90.981,15,Replayed,1.0
3.0,-1.0,1,1,97.163704,16,Replayed,3.0
-5.0,0.0,-1,1,97.498276,16,Replayed,5.0
1.0,0.0,-1,0,90.70593,16,Replayed,1.0
-9.0,0.0,-1,1,99.34209,16,Replayed,9.0
9.0,0.0,1,1,99.6149,16,Replayed,9.0
-1.0,0.0,1,0,93.96798,16,Replayed,1.0
5.0,0.0,1,1,98.45555,16,Replayed,5.0
-9.0,-1.0,-1,1,99.221725,16,Replayed,9.0
3.0,-1.0,1,1,97.24829,16,Replayed,3.0
1.0,1.0,1,1,95.251526,16,Replayed,1.0
-1.0,0.0,1,0,93.64274,16,Replayed,1.0
-3.0,-1.0,1,0,93.61236,16,Replayed,3.0
1.0,1.0,1,1,94.90963,16,Replayed,1.0
-1.0,1.0,1,0,93.71318,16,Replayed,1.0
-5.0,-1.0,1,0,93.75537,16,Replayed,5.0
-5.0,0.0,-1,1,97.287964,16,Replayed,5.0
9.0,0.0,1,1,99.52581,16,Replayed,9.0
38.0,0.0,1,1,99.99,16,Replayed,38.0
5.0,-1.0,1,1,98.452415,16,Replayed,5.0
-9.0,1.0,-1,1,99.22721,16,Replayed,9.0
-1.0,-1.0,1,0,94.22892,16,Replayed,1.0
-3.0,1.0,1,0,93.61915,16,Replayed,3.0
5.0,-1.0,1,1,98.50801,16,Replayed,5.0
3.0,-1.0,-1,0,90.6624,16,Replayed,3.0
5.0,0.0,1,1,98.5488,16,Replayed,5.0
-38.0,-1.0,-1,1,99.99,16,Replayed,38.0
9.0,0.0,1,1,99.58842,16,Replayed,9.0
3.0,1.0,1,1,97.11023,16,Replayed,3.0
3.0,1.0,1,1,97.46183,16,Replayed,3.0
-3.0,0.0,1,0,93.73773,16,Replayed,3.0
3.0,0.0,1,1,97.25802,16,Replayed,3.0
38.0,1.0,1,1,99.99,16,Replayed,38.0
9.0,-1.0,1,1,99.59824,16,Replayed,9.0
-38.0,1.0,-1,1,99.99,16,Replayed,38.0
-3.0,1.0,1,0,93.78955,16,Replayed,3.0
38.0,0.0,1,1,99.99,16,Replayed,38.0
38.0,-1.0,1,1,99.99,16,Replayed,38.0
38.0,1.0,1,1,99.99,16,Replayed,38.0
38.0,1.0,1,1,99.99,16,Replayed,38.0
-38.0,-1.0,-1,1,99.98999,16,Replayed,38.0
-38.0,1.0,-1,1,99.99,16,Replayed,38.0
5.0,1.0,1,1,98.45807,16,Replayed,5.0
-5.0,-1.0,-1,1,97.43526,16,Replayed,5.0
-3.0,0.0,-1,1,95.555565,16,Replayed,3.0
5.0,0.0,1,1,98.64071,16,Replayed,5.0
3.0,0.0,1,1,97.364494,16,Replayed,3.0
9.0,-1.0,1,1,99.6082,16,Replayed,9.0
1.0,-1.0,1,1,95.0999,16,Replayed,1.0
1.0,-1.0,1,1,95.207664,16,Replayed,1.0
38.0,0.0,1,1,99.99,16,Replayed,38.0
-1.0,-1.0,1,0,93.95377,16,Replayed,1.0
-1.0,1.0,-1,1,92.9314,16,Replayed,1.0
-9.0,-1.0,-1,1,99.318886,16,Replayed,9.0
-3.0,-1.0,-1,1,95.20924,16,Replayed,3.0
38.0,0.0,1,1,99.99,16,Replayed,38.0
1.0,-1.0,1,1,95.45371,16,Replayed,1.0
9.0,-1.0,1,1,99.512794,16,Replayed,9.0
1.0,0.0,1,1,95.336044,16,Replayed,1.0
5.0,0.0,1,1,98.539665,16,Replayed,5.0
9.0,1.0,1,1,99.56897,16,Replayed,9.0
-38.0,-1.0,-1,1,99.99,16,Replayed,38.0
-5.0,1.0,-1,1,97.40892,16,Replayed,5.0
38.0,-1.0,1,1,99.99,16,Replayed,38.0
-1.0,0.0,1,0,93.92552,16,Replayed,1.0
5.0,-1.0,1,1,98.57369,16,Replayed,5.0
-3.0,0.0,-1,1,95.76521,16,Replayed,3.0
-5.0,0.0,-1,1,97.505394,16,Replayed,5.0
-3.0,0.0,-1,1,95.23641,16,Replayed,3.0
-5.0,-1.0,-1,1,97.24791,16,Replayed,5.0
-9.0,0.0,1,0,93.7033,16,Replayed,9.0
-9.0,1.0,-1,1,99.32551,16,Replayed,9.0
9.0,0.0,-1,0,89.990524,16,Replayed,9.0
5.0,0.0,1,1,98.46018,16,Replayed,5.0
-9.0,0.0,-1,1,99.17753,16,Replayed,9.0
5.0,1.0,1,1,98.632774,16,Replayed,5.0
-9.0,1.0,-1,1,99.28618,16,Replayed,9.0
-9.0,0.0,-1,1,99.287125,16,Replayed,9.0
-5.0,1.0,-1,1,97.50836,16,Replayed,5.0
3.0,-1.0,1,1,97.1591,16,Replayed,3.0
1.0,0.0,-1,0,90.25128,16,Replayed,1.0
-5.0,1.0,-1,1,97.519646,16,Replayed,5.0
-38.0,-1.0,-1,1,99.99,16,Replayed,38.0
-9.0,-1.0,-1,1,99.29736,16,Replayed,9.0
-3.0,1.0,-1,1,95.7866,16,Replayed,3.0
9.0,-1.0,1,1,99.603165,16,Replayed,9.0
-1.0,-1.0,-1,1,92.57951,16,Replayed,1.0
-38.0,0.0,-1,1,99.99,16,Replayed,38.0
-38.0,1.0,-1,1,99.99,16,Replayed,38.0
9.0,1.0,1,1,99.59201,16,Replayed,9.0
-38.0,0.0,-1,1,99.99,16,Replayed,38.0
9.0,-1.0,1,1,99.61274,16,Replayed,9.0
5.0,1.0,-1,0,90.55714,16,Replayed,5.0
-9.0,0.0,-1,1,99.29617,16,Replayed,9.0
5.0,1.0,-1,0,90.755684,16,Replayed,5.0
-38.0,1.0,-1,1,99.99,16,Replayed,38.0
-5.0,-1.0,-1,1,97.61926,16,Replayed,5.0
1.0,-1.0,1,1,95.08782,16,Replayed,1.0
3.0,1.0,1,1,97.133934,16,Replayed,3.0
38.0,1.0,1,1,99.99,16,Replayed,38.0
5.0,-1.0,1,1,98.483215,16,Replayed,5.0
3.0,0.0,-1,0,91.0188,16,Replayed,3.0
-38.0,-1.0,-1,1,99.99,16,Replayed,38.0
5.0,-1.0,1,1,98.56444,16,Replayed,5.0
-3.0,-1.0,-1,1,95.673096,16,Replayed,3.0
-5.0,0.0,1,0,94.17372,16,Replayed,5.0
3.0,0.0,-1,0,90.64532,16,Replayed,3.0
-5.0,0.0,-1,1,97.5192,16,Replayed,5.0
-38.0,0.0,-1,1,99.99,16,Replayed,38.0
-5.0,1.0,-1,1,97.427284,16,Replayed,5.0
3.0,1.0,1,1,97.18798,16,Replayed,3.0
3.0,-1.0,1,1,97.37051,16,Replayed,3.0
9.0,0.0,1,1,99.58401,16,Replayed,9.0
-1.0,1.0,1,0,93.943054,16,Replayed,1.0
-9.0,1.0,-1,1,99.26691,16,Replayed,9.0
3.0,0.0,-1,0,91.01992,16,Replayed,3.0
-3.0,1.0,1,0,94.22998,16,Replayed,3.0
1.0,0.0,1,1,95.10187,16,Replayed,1.0
-1.0,-1.0,1,0,93.26022,16,Replayed,1.0
-3.0,1.0,1,0,94.07308,16,Replayed,3.0
-1.0,1.0,1,0,94.20429,16,Replayed,1.0
5.0,1.0,1,1,98.49228,16,Replayed,5.0
-5.0,-1.0,-1,1,97.35372,16,Replayed,5.0
-5.0,-1.0,1,0,93.77059,16,Replayed,5.0
-3.0,-1.0,-1,1,95.73984,16,Replayed,3.0
-3.0,1.0,1,0,94.15356,16,Replayed,3.0
38.0,-1.0,1,1,99.99,16,Replayed,38.0
-3.0,-1.0,1,0,93.64058,16,Replayed,3.0
-1.0,-1.0,-1,1,92.38118,16,Replayed,1.0
-5.0,0.0,-1,1,97.38948,16,Replayed,5.0
9.0,-1.0,1,1,99.50314,16,Replayed,9.0
-9.0,-1.0,-1,1,99.27804,16,Replayed,9.0
-9.0,0.0,-1,1,99.23797,16,Replayed,9.0
-3.0,-1.0,1,0,93.64303,16,Replayed,3.0
-1.0,0.0,1,0,94.07798,16,Replayed,1.0
-1.0,0.0,1,0,93.83042,16,Replayed,1.0
-5.0,1.0,1,0,93.793785,16,Replayed,5.0
-3.0,-1.0,-1,1,95.56706,16,Replayed,3.0
3.0,0.0,-1,0,90.41109,16,Replayed,3.0
-5.0,1.0,-1,1,97.46647,16,Replayed,5.0
9.0,1.0,1,1,99.59859,16,Replayed,9.0
5.0,-1.0,-1,0,89.88778,16,Replayed,5.0
-1.0,1.0,1,0,93.87744,16,Replayed,1.0
38.0,1.0,1,1,99.99,16,Replayed,38.0
-3.0,-1.0,1,0,93.7034,16,Replayed,3.0
-1.0,0.0,1,0,94.168816,16,Replayed,1.0
1.0,0.0,-1,0,90.800575,16,Replayed,1.0
9.0,1.0,1,1,99.578835,16,Replayed,9.0
1.0,-1.0,1,1,95.31898,16,Replayed,1.0
-1.0,-1.0,-1,1,92.90274,16,Replayed,1.0
-38.0,0.0,-1,1,99.99,16,Replayed,38.0
5.0,0.0,-1,0,90.200874,16,Replayed,5.0
-9.0,0.0,1,0,93.84861,16,Replayed,9.0
-5.0,1.0,-1,1,97.53626,16,Replayed,5.0
-1.0,0.0,1,0,93.75888,16,Replayed,1.0
38.0,0.0,1,1,99.99,16,Replayed,38.0
-38.0,0.0,-1,1,99.98999,16,Replayed,38.0
38.0,-1.0,1,1,99.99,16,Replayed,38.0
3.0,0.0,1,1,96.89874,16,Replayed,3.0
-9.0,1.0,-1,1,99.202126,16,Replayed,9.0
1.0,1.0,1,1,95.05544,16,Replayed,1.0
3.0,-1.0,1,1,97.34877,16,Replayed,3.0
3.0,1.0,1,1,97.32682,16,Replayed,3.0
-1.0,1.0,-1,1,92.74335,16,Replayed,1.0
38.0,-1.0,1,1,99.99,16,Replayed,38.0
-1.0,-1.0,-1,1,92.52748,16,Replayed,1.0
-9.0,1.0,-1,1,99.23015,16,Replayed,9.0
-3.0,0.0,1,0,93.37152,16,Replayed,3.0
-38.0,1.0,-1,1,99.99,16,Replayed,38.0
-38.0,-1.0,-1,1,99.99,16,Replayed,38.0
1.0,-1.0,-1,0,90.90371,16,Replayed,1.0
1.0,1.0,-1,0,90.16565,16,Replayed,1.0
-5.0,-1.0,1,0,93.92445,16,Replayed,5.0
3.0,1.0,-1,0,90.45238,16,Replayed,3.0
-1.0,1.0,-1,1,92.82901,16,Replayed,1.0
9.0,0.0,1,1,99.562416,16,Replayed,9.0
-1.0,1.0,1,0,93.909935,16,Replayed,1.0
9.0,0.0,1,1,99.5504,16,Replayed,9.0
38.0,-1.0,1,1,99.99,16,Replayed,38.0
3.0,-1.0,1,1,97.10144,16,Replayed,3.0
1.0,1.0,-1,0,91.0718,16,Replayed,1.0
3.0,0.0,1,1,97.33214,16,Replayed,3.0
-3.0,0.0,-1,1,95.51159,16,Replayed,3.0
3.0,1.0,1,1,97.1265,16,Replayed,3.0
9.0,-1.0,1,1,99.574974,16,Replayed,9.0
3.0,1.0,1,1,96.89968,16,Replayed,3.0
1.0,0.0,-1,0,90.64376,16,Replayed,1.0
38.0,0.0,1,1,99.99,16,Replayed,38.0
5.0,1.0,1,1,98.48087,16,Replayed,5.0
9.0,1.0,1,1,99.545425,16,Replayed,9.0
1.0,1.0,-1,0,90.949104,16,Replayed,1.0
-9.0,-1.0,-1,1,99.3362,16,Replayed,9.0
-38.0,0.0,-1,1,99.99,16,Replayed,38.0
-38.0,0.0,-1,1,99.99,16,Replayed,38.0
-9.0,1.0,1,0,93.33777,16,Replayed,9.0
9.0,1.0,1,1,99.59458,16,Replayed,9.0
3.0,-1.0,1,1,97.14526,16,Replayed,3.0
-5.0,-1.0,1,0,94.058266,16,Replayed,5.0
-5.0,0.0,-1,1,97.53477,16,Replayed,5.0
38.0,1.0,1,1,99.99,16,Replayed,38.0
-38.0,0.0,-1,1,99.99,16,Replayed,38.0
9.0,1.0,1,1,99.59326,16,Replayed,9.0
9.0,1.0,1,1,99.65267,16,Replayed,9.0
-5.0,1.0,1,0,93.87506,16,Replayed,5.0
1.0,0.0,1,1,95.03345,16,Replayed,1.0
-3.0,0.0,1,0,94.06333,16,Replayed,3.0
9.0,-1.0,1,1,99.6087,16,Replayed,9.0
-38.0,-1.0,-1,1,99.99,16,Replayed,38.0
5.0,-1.0,-1,0,89.96496,16,Replayed,5.0
-3.0,0.0,-1,1,95.51047,16,Replayed,3.0
-3.0,1.0,1,0,94.349495,16,Replayed,3.0
38.0,1.0,1,1,99.99,16,Replayed,38.0
-38.0,1.0,-1,1,99.99,16,Replayed,38.0
1.0,-1.0,-1,0,90.336044,16,Replayed,1.0
-38.0,1.0,-1,1,99.99,16,Replayed,38.0
38.0,-1.0,1,1,99.99,16,Replayed,38.0
5.0,1.0,1,1,98.669525,16,Replayed,5.0
5.0,-1.0,1,1,98.605,16,Replayed,5.0
-38.0,-1.0,-1,1,99.99,16,Replayed,38.0
-1.0,0.0,1,0,94.2074,16,Replayed,1.0
1.0,1.0,-1,0,90.72223,16,Replayed,1.0
38.0,1.0,1,1,99.99,16,Replayed,38.0
1.0,1.0,-1,0,90.89748,16,Replayed,1.0
-9.0,1.0,-1,1,99.263565,16,Replayed,9.0
-38.0,1.0,-1,1,99.99,16,Replayed,38.0
-1.0,-1.0,-1,1,92.02916,16,Replayed,1.0
38.0,0.0,1,1,99.99,16,Replayed,38.0
-9.0,-1.0,-1,1,99.233665,16,Replayed,9.0
9.0,0.0,1,1,99.58721,16,Replayed,9.0
-9.0,0.0,-1,1,99.20617,16,Replayed,9.0
-9.0,-1.0,-1,1,99.18437,16,Replayed,9.0
-3.0,1.0,-1,1,95.67333,16,Replayed,3.0
5.0,1.0,1,1,98.4162,16,Replayed,5.0
5.0,0.0,1,1,98.62512,16,Replayed,5.0
38.0,0.0,1,1,99.99,16,Replayed,38.0
-9.0,-1.0,1,0,93.48358,16,Replayed,9.0
38.0,-1.0,1,1,99.99,16,Replayed,38.0
1.0,-1.0,-1,0,90.08028,16,Replayed,1.0
1.0,0.0,1,1,94.76713,16,Replayed,1.0
5.0,0.0,1,1,98.2468,16,Replayed,5.0
5.0,0.0,1,1,70.2978,17,Replayed,5.0
-38.0,-1.0,-1,1,97.585785,17,Replayed,38.0
-9.0,0.0,-1,1,77.66003,17,Replayed,9.0
3.0,1.0,1,1,69.664024,17,Replayed,3.0
3.0,-1.0,-1,0,49.424217,17,Replayed,3.0
-9.0,-1.0,-1,1,71.818474,17,Replayed,9.0
-38.0,-1.0,-1,1,97.61901,17,Replayed,38.0
-1.0,0.0,-1,1,60.805286,17,Replayed,1.0
1.0,1.0,1,1,66.54069,17,Replayed,1.0
-3.0,-1.0,1,0,48.936646,17,Replayed,3.0
1.0,-1.0,-1,0,52.435036,17,Replayed,1.0
-1.0,0.0,1,0,57.422752,17,Replayed,1.0
38.0,-1.0,1,1,97.75131,17,Replayed,38.0
38.0,0.0,1,1,98.72103,17,Replayed,38.0
5.0,0.0,-1,0,52.528202,17,Replayed,5.0
5.0,-1.0,1,1,63.9818,17,Replayed,5.0
-38.0,-1.0,-1,1,97.42518,17,Replayed,38.0
-1.0,0.0,-1,1,61.844856,17,Replayed,1.0
-5.0,-1.0,-1,1,64.446815,17,Replayed,5.0
-5.0,0.0,-1,1,70.54178,17,Replayed,5.0
-1.0,-1.0,-1,1,55.757935,17,Replayed,1.0
-5.0,1.0,-1,1,74.63507,17,Replayed,5.0
1.0,1.0,1,1,66.61463,17,Replayed,1.0
1.0,1.0,1,1,66.47155,17,Replayed,1.0
-38.0,1.0,-1,1,99.32332,17,Replayed,38.0
1.0,-1.0,1,1,55.988876,17,Replayed,1.0
-3.0,-1.0,1,0,49.65585,17,Replayed,3.0
-5.0,1.0,-1,1,75.62974,17,Replayed,5.0
-5.0,0.0,1,0,52.076626,17,Replayed,5.0
-1.0,-1.0,1,0,52.996082,17,Replayed,1.0
5.0,-1.0,1,1,63.542747,17,Replayed,5.0
-5.0,-1.0,1,0,46.505608,17,Replayed,5.0
-3.0,0.0,1,0,54.37492,17,Replayed,3.0
-5.0,1.0,1,0,57.995026,17,Replayed,5.0
38.0,0.0,1,1,98.77483,17,Replayed,38.0
1.0,1.0,-1,0,62.16738,17,Replayed,1.0
-38.0,1.0,-1,1,99.368385,17,Replayed,38.0
9.0,-1.0,1,1,72.70278,17,Replayed,9.0
1.0,0.0,1,1,62.167114,17,Replayed,1.0
3.0,0.0,-1,0,55.096935,17,Replayed,3.0
9.0,0.0,1,1,77.089325,17,Replayed,9.0
-38.0,0.0,-1,1,98.738106,17,Replayed,38.0
1.0,-1.0,1,1,55.796337,17,Replayed,1.0
9.0,0.0,1,1,76.576744,17,Replayed,9.0
-1.0,-1.0,-1,1,55.968422,17,Replayed,1.0
-3.0,-1.0,-1,1,59.749836,17,Replayed,3.0
-5.0,0.0,-1,1,70.66015,17,Replayed,5.0
-1.0,1.0,-1,1,66.99644,17,Replayed,1.0
-1.0,0.0,1,0,58.7035,17,Replayed,1.0
-3.0,1.0,-1,1,70.26807,17,Replayed,3.0
1.0,1.0,1,1,66.43789,17,Replayed,1.0
-1.0,1.0,1,0,62.506836,17,Replayed,1.0
-3.0,1.0,1,0,60.451717,17,Replayed,3.0
5.0,0.0,1,1,70.44731,17,Replayed,5.0
38.0,1.0,1,1,99.34443,17,Replayed,38.0
3.0,-1.0,1,1,61.821823,17,Replayed,3.0
5.0,1.0,1,1,74.48492,17,Replayed,5.0
1.0,0.0,-1,0,57.734215,17,Replayed,1.0
-9.0,0.0,-1,1,77.16512,17,Replayed,9.0
-1.0,1.0,-1,1,66.78839,17,Replayed,1.0
38.0,1.0,1,1,99.323944,17,Replayed,38.0
-38.0,0.0,-1,1,98.765564,17,Replayed,38.0
-5.0,0.0,-1,1,70.58784,17,Replayed,5.0
5.0,0.0,1,1,70.07143,17,Replayed,5.0
-3.0,1.0,-1,1,70.75434,17,Replayed,3.0
-1.0,0.0,1,0,58.414032,17,Replayed,1.0
-5.0,0.0,-1,1,69.92235,17,Replayed,5.0
38.0,0.0,1,1,98.668945,17,Replayed,38.0
-38.0,1.0,-1,1,99.31474,17,Replayed,38.0
9.0,1.0,1,1,81.72996,17,Replayed,9.0
38.0,0.0,1,1,98.83194,17,Replayed,38.0
-1.0,-1.0,-1,1,56.7866,17,Replayed,1.0
3.0,0.0,-1,0,54.755665,17,Replayed,3.0
-38.0,0.0,-1,1,98.71004,17,Replayed,38.0
1.0,-1.0,-1,0,52.024174,17,Replayed,1.0
5.0,-1.0,1,1,64.8017,17,Replayed,5.0
-9.0,1.0,-1,1,82.80015,17,Replayed,9.0
3.0,-1.0,1,1,60.920097,17,Replayed,3.0
-38.0,1.0,-1,1,99.40533,17,Replayed,38.0
-9.0,0.0,-1,1,77.65794,17,Replayed,9.0
9.0,1.0,1,1,82.65757,17,Replayed,9.0
-38.0,1.0,-1,1,99.31426,17,Replayed,38.0
-38.0,1.0,-1,1,99.36033,17,Replayed,38.0
9.0,0.0,1,1,76.85085,17,Replayed,9.0
9.0,-1.0,-1,0,38.43116,17,Replayed,9.0
5.0,-1.0,-1,0,45.38947,17,Replayed,5.0
-38.0,1.0,-1,1,99.36601,17,Replayed,38.0
38.0,-1.0,1,1,97.73249,17,Replayed,38.0
3.0,-1.0,1,1,60.997337,17,Replayed,3.0
1.0,0.0,-1,0,58.074028,17,Replayed,1.0
-5.0,-1.0,-1,1,63.9289,17,Replayed,5.0
5.0,1.0,-1,0,57.241844,17,Replayed,5.0
38.0,-1.0,1,1,97.64184,17,Replayed,38.0
9.0,1.0,-1,0,52.700413,17,Replayed,9.0
9.0,0.0,1,1,77.72478,17,Replayed,9.0
-5.0,1.0,-1,1,75.31575,17,Replayed,5.0
5.0,1.0,1,1,74.772224,17,Replayed,5.0
38.0,1.0,1,1,99.35288,17,Replayed,38.0
9.0,-1.0,1,1,71.95127,17,Replayed,9.0
9.0,1.0,1,1,81.75193,17,Replayed,9.0
-3.0,0.0,-1,1,65.687706,17,Replayed,3.0
3.0,1.0,1,1,71.10665,17,Replayed,3.0
5.0,0.0,1,1,69.53851,17,Replayed,5.0
38.0,0.0,1,1,98.762924,17,Replayed,38.0
-3.0,0.0,1,0,54.82804,17,Replayed,3.0
5.0,1.0,1,1,74.30802,17,Replayed,5.0
5.0,-1.0,-1,0,45.08272,17,Replayed,5.0
-1.0,-1.0,-1,1,55.911255,17,Replayed,1.0
-5.0,1.0,-1,1,74.809525,17,Replayed,5.0
3.0,0.0,1,1,66.17938,17,Replayed,3.0
-38.0,0.0,-1,1,98.83128,17,Replayed,38.0
9.0,0.0,1,1,77.51293,17,Replayed,9.0
-9.0,-1.0,-1,1,71.47726,17,Replayed,9.0
-5.0,0.0,1,0,51.494152,17,Replayed,5.0
-9.0,1.0,-1,1,81.76351,17,Replayed,9.0
3.0,-1.0,1,1,60.87079,17,Replayed,3.0
-3.0,1.0,-1,1,71.11886,17,Replayed,3.0
-9.0,1.0,-1,1,81.87407,17,Replayed,9.0
-1.0,1.0,1,0,61.942272,17,Replayed,1.0
-1.0,1.0,1,0,62.918335,17,Replayed,1.0
1.0,0.0,-1,0,58.168285,17,Replayed,1.0
-9.0,1.0,-1,1,81.7084,17,Replayed,9.0
3.0,0.0,-1,0,55.532898,17,Replayed,3.0
9.0,-1.0,1,1,72.75268,17,Replayed,9.0
-3.0,1.0,-1,1,71.14569,17,Replayed,3.0
1.0,0.0,1,1,61.687286,17,Replayed,1.0
38.0,-1.0,1,1,97.566956,17,Replayed,38.0
-38.0,0.0,-1,1,98.741776,17,Replayed,38.0
5.0,0.0,1,1,70.96615,17,Replayed,5.0
3.0,-1.0,1,1,60.827087,17,Replayed,3.0
3.0,1.0,1,1,71.17311,17,Replayed,3.0
-3.0,-1.0,1,0,48.61297,17,Replayed,3.0
9.0,-1.0,1,1,71.579666,17,Replayed,9.0
38.0,-1.0,1,1,97.61293,17,Replayed,38.0
5.0,1.0,1,1,74.90195,17,Replayed,5.0
1.0,-1.0,-1,0,52.006893,17,Replayed,1.0
-1.0,-1.0,1,0,52.40418,17,Replayed,1.0
-3.0,-1.0,-1,1,59.977806,17,Replayed,3.0
-5.0,1.0,-1,1,75.47543,17,Replayed,5.0
-9.0,0.0,1,0,45.26146,17,Replayed,9.0
9.0,-1.0,1,1,71.30138,17,Replayed,9.0
38.0,0.0,1,1,98.77217,17,Replayed,38.0
-5.0,1.0,-1,1,74.91293,17,Replayed,5.0
38.0,0.0,1,1,98.755905,17,Replayed,38.0
-3.0,1.0,1,0,61.68036,17,Replayed,3.0
-9.0,0.0,-1,1,76.29015,17,Replayed,9.0
-5.0,-1.0,-1,1,64.4399,17,Replayed,5.0
38.0,1.0,1,1,99.34498,17,Replayed,38.0
-3.0,-1.0,-1,1,60.03136,17,Replayed,3.0
-3.0,0.0,-1,1,65.89844,17,Replayed,3.0
-9.0,-1.0,-1,1,71.841034,17,Replayed,9.0
5.0,1.0,1,1,75.47187,17,Replayed,5.0
38.0,-1.0,1,1,97.47866,17,Replayed,38.0
-5.0,-1.0,-1,1,64.68478,17,Replayed,5.0
1.0,1.0,-1,0,63.032043,17,Replayed,1.0
1.0,0.0,1,1,61.64,17,Replayed,1.0
-3.0,0.0,-1,1,65.82767,17,Replayed,3.0
5.0,-1.0,1,1,64.95423,17,Replayed,5.0
-5.0,-1.0,1,0,45.493595,17,Replayed,5.0
-38.0,0.0,-1,1,98.74217,17,Replayed,38.0
-1.0,-1.0,1,0,51.78268,17,Replayed,1.0
38.0,-1.0,1,1,97.78087,17,Replayed,38.0
9.0,-1.0,-1,0,39.713314,17,Replayed,9.0
-3.0,-1.0,-1,1,60.978275,17,Replayed,3.0
-9.0,0.0,-1,1,77.4652,17,Replayed,9.0
-3.0,1.0,1,0,60.029243,17,Replayed,3.0
3.0,0.0,-1,0,54.5546,17,Replayed,3.0
1.0,0.0,1,1,63.94458,17,Replayed,1.0
5.0,-1.0,1,1,65.23659,17,Replayed,5.0
38.0,1.0,1,1,99.32829,17,Replayed,38.0
3.0,0.0,1,1,66.34532,17,Replayed,3.0
3.0,1.0,-1,0,60.537952,17,Replayed,3.0
-9.0,-1.0,-1,1,71.79097,17,Replayed,9.0
3.0,-1.0,-1,0,47.982418,17,Replayed,3.0
-9.0,1.0,-1,1,81.46429,17,Replayed,9.0
-9.0,0.0,-1,1,76.13868,17,Replayed,9.0
1.0,1.0,-1,0,63.072132,17,Replayed,1.0
9.0,1.0,1,1,81.53441,17,Replayed,9.0
-38.0,-1.0,-1,1,97.552475,17,Replayed,38.0
9.0,0.0,1,1,77.72417,17,Replayed,9.0
38.0,-1.0,1,1,97.60059,17,Replayed,38.0
-1.0,-1.0,1,0,52.85437,17,Replayed,1.0
-1.0,0.0,-1,1,61.34259,17,Replayed,1.0
3.0,1.0,1,1,71.50293,17,Replayed,3.0
3.0,1.0,-1,0,59.865665,17,Replayed,3.0
-38.0,-1.0,-1,1,97.81491,17,Replayed,38.0
-9.0,1.0,-1,1,82.196686,17,Replayed,9.0
3.0,0.0,1,1,65.59134,17,Replayed,3.0
-9.0,1.0,-1,1,81.7148,17,Replayed,9.0
9.0,-1.0,1,1,72.51983,17,Replayed,9.0
9.0,1.0,1,1,81.59313,17,Replayed,9.0
-38.0,-1.0,-1,1,97.49499,17,Replayed,38.0
-5.0,-1.0,1,0,46.592876,17,Replayed,5.0
-3.0,1.0,-1,1,70.73774,17,Replayed,3.0
-5.0,-1.0,-1,1,64.892944,17,Replayed,5.0
38.0,1.0,1,1,99.375565,17,Replayed,38.0
9.0,1.0,1,1,82.686356,17,Replayed,9.0
-38.0,-1.0,-1,1,97.62359,17,Replayed,38.0
-9.0,-1.0,1,0,38.984055,17,Replayed,9.0
9.0,1.0,1,1,82.13077,17,Replayed,9.0
1.0,1.0,1,1,65.57449,17,Replayed,1.0
-38.0,-1.0,-1,1,97.48973,17,Replayed,38.0
-9.0,0.0,1,0,44.586437,17,Replayed,9.0
-9.0,-1.0,-1,1,71.15877,17,Replayed,9.0
-3.0,0.0,1,0,55.35663,17,Replayed,3.0
-1.0,1.0,1,0,62.77469,17,Replayed,1.0
-9.0,-1.0,-1,1,71.35731,17,Replayed,9.0
38.0,1.0,1,1,99.38402,17,Replayed,38.0
-9.0,-1.0,-1,1,71.50658,17,Replayed,9.0
1.0,-1.0,-1,0,52.34015,17,Replayed,1.0
-1.0,0.0,-1,1,61.979465,17,Replayed,1.0
-3.0,0.0,-1,1,66.02593,17,Replayed,3.0
-38.0,1.0,-1,1,99.35248,17,Replayed,38.0
9.0,0.0,-1,0,45.63571,17,Replayed,9.0
9.0,0.0,-1,0,46.488235,17,Replayed,9.0
3.0,0.0,1,1,66.10096,17,Replayed,3.0
3.0,-1.0,-1,0,48.819862,17,Replayed,3.0
-38.0,0.0,-1,1,98.75542,17,Replayed,38.0
-9.0,1.0,-1,1,80.34748,18,Replayed,9.0
9.0,-1.0,1,1,79.33972,18,Replayed,9.0
38.0,1.0,1,1,98.897705,18,Replayed,38.0
-5.0,0.0,-1,1,73.16831,18,Replayed,5.0
3.0,1.0,-1,0,60.53827,18,Replayed,3.0
-9.0,1.0,1,0,53.797268,18,Replayed,9.0
1.0,-1.0,-1,0,61.250393,18,Replayed,1.0
-38.0,1.0,-1,1,98.85065,18,Replayed,38.0
-3.0,0.0,1,0,60.743748,18,Replayed,3.0
38.0,0.0,1,1,98.74595,18,Replayed,38.0
3.0,0.0,1,1,71.107666,18,Replayed,3.0
-1.0,0.0,1,0,63.679462,18,Replayed,1.0
9.0,0.0,1,1,80.681366,18,Replayed,9.0
1.0,-1.0,1,1,66.231224,18,Replayed,1.0
1.0,1.0,-1,0,63.776978,18,Replayed,1.0
5.0,0.0,1,1,74.473526,18,Replayed,5.0
-38.0,1.0,-1,1,98.81928,18,Replayed,38.0
-3.0,0.0,-1,1,69.010635,18,Replayed,3.0
5.0,1.0,-1,0,57.59835,18,Replayed,5.0
-38.0,0.0,-1,1,98.6422,18,Replayed,38.0
-1.0,0.0,1,0,63.948856,18,Replayed,1.0
9.0,-1.0,-1,0,49.050823,18,Replayed,9.0
-1.0,0.0,1,0,64.31724,18,Replayed,1.0
-38.0,0.0,-1,1,98.726616,18,Replayed,38.0
-9.0,1.0,-1,1,80.30599,18,Replayed,9.0
3.0,0.0,1,1,70.84613,18,Replayed,3.0
5.0,0.0,-1,0,56.75245,18,Replayed,5.0
-1.0,-1.0,1,0,63.72124,18,Replayed,1.0
5.0,0.0,1,1,74.85535,18,Replayed,5.0
-9.0,-1.0,-1,1,78.57018,18,Replayed,9.0
-38.0,0.0,-1,1,98.67896,18,Replayed,38.0
9.0,-1.0,1,1,79.70318,18,Replayed,9.0
1.0,0.0,1,1,66.81361,18,Replayed,1.0
1.0,0.0,-1,0,61.2157,18,Replayed,1.0
-38.0,1.0,-1,1,98.8177,18,Replayed,38.0
-3.0,1.0,-1,1,71.07068,18,Replayed,3.0
9.0,1.0,1,1,82.31873,18,Replayed,9.0
38.0,1.0,1,1,98.935394,18,Replayed,38.0
3.0,-1.0,1,1,69.30876,18,Replayed,3.0
-3.0,1.0,-1,1,69.468605,18,Replayed,3.0
9.0,0.0,-1,0,50.5336,18,Replayed,9.0
-1.0,-1.0,1,0,63.481926,18,Replayed,1.0
-38.0,1.0,-1,1,98.78005,18,Replayed,38.0
38.0,-1.0,1,1,98.66419,18,Replayed,38.0
1.0,0.0,1,1,66.032265,18,Replayed,1.0
9.0,1.0,1,1,81.803825,18,Replayed,9.0
9.0,0.0,1,1,80.830154,18,Replayed,9.0
-5.0,-1.0,1,0,56.844955,18,Replayed,5.0
5.0,0.0,1,1,74.56554,18,Replayed,5.0
9.0,-1.0,1,1,79.83666,18,Replayed,9.0
-9.0,1.0,1,0,55.0384,18,Replayed,9.0
-1.0,-1.0,1,0,62.291954,18,Replayed,1.0
9.0,1.0,-1,0,52.40877,18,Replayed,9.0
38.0,1.0,1,1,98.901085,18,Replayed,38.0
-1.0,1.0,1,0,65.869064,18,Replayed,1.0
-1.0,0.0,1,0,64.73033,18,Replayed,1.0
-9.0,-1.0,1,0,51.655018,18,Replayed,9.0
-9.0,0.0,-1,1,80.40809,18,Replayed,9.0
-3.0,-1.0,1,0,60.638355,18,Replayed,3.0
1.0,-1.0,1,1,64.86679,18,Replayed,1.0
-5.0,-1.0,-1,1,71.97018,18,Replayed,5.0
-9.0,-1.0,-1,1,78.72086,18,Replayed,9.0
-5.0,-1.0,-1,1,72.04689,18,Replayed,5.0
1.0,-1.0,-1,0,60.51361,18,Replayed,1.0
-9.0,-1.0,-1,1,78.21529,18,Replayed,9.0
-3.0,1.0,1,0,62.268303,18,Replayed,3.0
9.0,0.0,-1,0,51.823753,18,Replayed,9.0
5.0,1.0,1,1,76.00091,18,Replayed,5.0
1.0,1.0,-1,0,62.54465,18,Replayed,1.0
-38.0,1.0,-1,1,98.77795,18,Replayed,38.0
-9.0,0.0,1,0,52.700108,18,Replayed,9.0
5.0,-1.0,1,1,72.44629,18,Replayed,5.0
-3.0,-1.0,1,0,59.26571,18,Replayed,3.0
5.0,1.0,1,1,75.92241,18,Replayed,5.0
1.0,0.0,1,1,67.655655,18,Replayed,1.0
-3.0,-1.0,-1,1,69.42442,18,Replayed,3.0
-38.0,0.0,-1,1,98.58273,18,Replayed,38.0
3.0,0.0,-1,0,59.23272,18,Replayed,3.0
-9.0,0.0,-1,1,79.59694,18,Replayed,9.0
-5.0,-1.0,-1,1,71.62925,18,Replayed,5.0
3.0,1.0,1,1,72.423416,18,Replayed,3.0
-3.0,1.0,-1,1,70.16249,18,Replayed,3.0
-38.0,-1.0,-1,1,98.523575,18,Replayed,38.0
1.0,1.0,-1,0,63.56515,18,Replayed,1.0
-1.0,1.0,-1,1,66.16553,18,Replayed,1.0
-3.0,1.0,-1,1,71.18679,18,Replayed,3.0
1.0,1.0,1,1,68.075806,18,Replayed,1.0
-9.0,-1.0,1,0,51.212513,18,Replayed,9.0
-9.0,0.0,1,0,53.249256,18,Replayed,9.0
3.0,-1.0,-1,0,58.516335,18,Replayed,3.0
-1.0,1.0,1,0,65.0934,18,Replayed,1.0
-5.0,-1.0,-1,1,72.45063,18,Replayed,5.0
5.0,-1.0,1,1,74.556526,18,Replayed,5.0
5.0,-1.0,1,1,73.60071,18,Replayed,5.0
-1.0,-1.0,1,0,62.68336,18,Replayed,1.0
9.0,-1.0,1,1,80.21152,18,Replayed,9.0
38.0,-1.0,1,1,98.667114,18,Replayed,38.0
-38.0,-1.0,-1,1,98.50382,18,Replayed,38.0
-3.0,-1.0,-1,1,68.112114,18,Replayed,3.0
3.0,-1.0,-1,0,58.06707,18,Replayed,3.0
-3.0,-1.0,1,0,59.774624,18,Replayed,3.0
-3.0,1.0,-1,1,70.37794,18,Replayed,3.0
-5.0,1.0,-1,1,74.56962,18,Replayed,5.0
38.0,-1.0,1,1,98.72057,18,Replayed,38.0
-38.0,1.0,-1,1,98.73278,18,Replayed,38.0
-38.0,0.0,-1,1,98.78067,18,Replayed,38.0
3.0,1.0,1,1,72.559875,18,Replayed,3.0
1.0,0.0,1,1,67.73588,18,Replayed,1.0
-5.0,1.0,-1,1,74.61552,18,Replayed,5.0
-5.0,0.0,-1,1,72.597786,18,Replayed,5.0
-9.0,1.0,-1,1,80.473656,18,Replayed,9.0
-3.0,0.0,-1,1,70.213554,18,Replayed,3.0
38.0,0.0,1,1,98.76382,18,Replayed,38.0
-3.0,0.0,1,0,60.81487,18,Replayed,3.0
3.0,-1.0,1,1,69.399475,18,Replayed,3.0
9.0,0.0,1,1,80.85396,18,Replayed,9.0
1.0,0.0,1,1,65.73286,18,Replayed,1.0
-1.0,1.0,-1,1,66.84267,18,Replayed,1.0
-5.0,0.0,1,0,58.22643,18,Replayed,5.0
-5.0,0.0,-1,1,72.47905,18,Replayed,5.0
5.0,-1.0,1,1,73.75098,18,Replayed,5.0
3.0,0.0,1,1,72.2746,18,Replayed,3.0
-38.0,0.0,-1,1,98.60256,18,Replayed,38.0
-5.0,1.0,-1,1,74.18514,18,Replayed,5.0
-1.0,-1.0,-1,1,65.09915,18,Replayed,1.0
-3.0,0.0,-1,1,69.305046,18,Replayed,3.0
-9.0,1.0,-1,1,80.15754,18,Replayed,9.0
-5.0,-1.0,-1,1,72.60771,18,Replayed,5.0
38.0,-1.0,1,1,98.720665,18,Replayed,38.0
5.0,1.0,1,1,75.500305,18,Replayed,5.0
-5.0,0.0,-1,1,72.54831,18,Replayed,5.0
-1.0,-1.0,-1,1,65.283165,18,Replayed,1.0
-38.0,0.0,-1,1,98.71706,18,Replayed,38.0
3.0,-1.0,1,1,69.329956,18,Replayed,3.0
1.0,-1.0,-1,0,62.037106,18,Replayed,1.0
5.0,1.0,-1,0,57.98043,18,Replayed,5.0
9.0,1.0,1,1,82.31922,18,Replayed,9.0
3.0,0.0,-1,0,59.37516,18,Replayed,3.0
-38.0,1.0,-1,1,98.77823,18,Replayed,38.0
1.0,1.0,1,1,68.299545,18,Replayed,1.0
38.0,1.0,1,1,98.980934,18,Replayed,38.0
-1.0,-1.0,1,0,62.476246,18,Replayed,1.0
-1.0,0.0,1,0,63.859715,18,Replayed,1.0
9.0,1.0,1,1,81.34423,18,Replayed,9.0
38.0,0.0,1,1,98.80756,18,Replayed,38.0
5.0,0.0,-1,0,57.32379,18,Replayed,5.0
1.0,1.0,1,1,68.50806,18,Replayed,1.0
3.0,0.0,-1,0,58.74354,18,Replayed,3.0
3.0,-1.0,1,1,69.99745,18,Replayed,3.0
3.0,1.0,1,1,71.8465,18,Replayed,3.0
3.0,0.0,-1,0,59.19695,18,Replayed,3.0
3.0,1.0,1,1,72.65381,18,Replayed,3.0
38.0,1.0,1,1,98.844536,18,Replayed,38.0
38.0,1.0,1,1,98.97247,18,Replayed,38.0
9.0,-1.0,-1,0,50.03515,18,Replayed,9.0
-5.0,1.0,1,0,59.582146,18,Replayed,5.0
-5.0,-1.0,1,0,56.634502,18,Replayed,5.0
1.0,-1.0,-1,0,61.692627,18,Replayed,1.0
-5.0,1.0,-1,1,73.55452,18,Replayed,5.0
38.0,0.0,1,1,98.71881,18,Replayed,38.0
-3.0,-1.0,1,0,60.169304,18,Replayed,3.0
-9.0,-1.0,-1,1,78.571495,18,Replayed,9.0
38.0,-1.0,1,1,98.714676,18,Replayed,38.0
38.0,0.0,1,1,98.83913,18,Replayed,38.0
5.0,1.0,1,1,75.998146,18,Replayed,5.0
9.0,1.0,-1,0,52.360737,18,Replayed,9.0
-9.0,0.0,1,0,53.18201,18,Replayed,9.0
9.0,-1.0,1,1,79.36087,18,Replayed,9.0
-5.0,1.0,1,0,60.351364,18,Replayed,5.0
5.0,0.0,1,1,74.2052,18,Replayed,5.0
-1.0,0.0,1,0,64.79676,18,Replayed,1.0
-3.0,0.0,-1,1,69.42893,18,Replayed,3.0
3.0,1.0,-1,0,61.309856,18,Replayed,3.0
3.0,-1.0,-1,0,58.52611,18,Replayed,3.0
-1.0,0.0,1,0,63.638412,18,Replayed,1.0
38.0,-1.0,1,1,98.64598,18,Replayed,38.0
1.0,0.0,1,1,67.5492,18,Replayed,1.0
3.0,1.0,-1,0,61.056458,18,Replayed,3.0
-5.0,1.0,-1,1,73.4506,18,Replayed,5.0
3.0,1.0,-1,0,60.969067,18,Replayed,3.0
5.0,-1.0,1,1,72.47723,18,Replayed,5.0
-5.0,0.0,-1,1,73.21673,18,Replayed,5.0
-5.0,1.0,1,0,60.288162,18,Replayed,5.0
9.0,0.0,-1,0,50.89157,18,Replayed,9.0
5.0,-1.0,1,1,73.71116,18,Replayed,5.0
-38.0,0.0,-1,1,98.73745,18,Replayed,38.0
-5.0,-1.0,-1,1,72.2785,18,Replayed,5.0
1.0,1.0,1,1,67.24095,18,Replayed,1.0
-9.0,0.0,1,0,52.726395,18,Replayed,9.0
-3.0,1.0,-1,1,70.76409,18,Replayed,3.0
-38.0,1.0,-1,1,98.79418,18,Replayed,38.0
-5.0,0.0,-1,1,73.09621,18,Replayed,5.0
38.0,-1.0,1,1,98.654976,18,Replayed,38.0
-1.0,1.0,-1,1,66.844,18,Replayed,1.0
-3.0,-1.0,1,0,60.845913,18,Replayed,3.0
5.0,-1.0,1,1,73.31287,18,Replayed,5.0
3.0,-1.0,-1,0,57.491528,18,Replayed,3.0
38.0,0.0,1,1,98.624855,18,Replayed,38.0
5.0,1.0,1,1,74.86137,18,Replayed,5.0
-38.0,-1.0,-1,1,98.52665,18,Replayed,38.0
-9.0,1.0,-1,1,80.35903,18,Replayed,9.0
38.0,1.0,1,1,98.89721,18,Replayed,38.0
1.0,0.0,-1,0,62.76918,18,Replayed,1.0
9.0,0.0,1,1,80.37494,18,Replayed,9.0
-38.0,-1.0,-1,1,98.44433,18,Replayed,38.0
-9.0,0.0,-1,1,80.04053,18,Replayed,9.0
-3.0,0.0,-1,1,69.48749,18,Replayed,3.0
-3.0,1.0,-1,1,70.30347,18,Replayed,3.0
-1.0,0.0,1,0,65.185,18,Replayed,1.0
1.0,1.0,-1,0,64.012024,18,Replayed,1.0
-9.0,0.0,-1,1,80.04759,18,Replayed,9.0
-1.0,1.0,-1,1,66.69581,18,Replayed,1.0
1.0,-1.0,1,1,66.57745,18,Replayed,1.0
38.0,0.0,1,1,98.73875,18,Replayed,38.0
38.0,1.0,1,1,98.99612,18,Replayed,38.0
38.0,-1.0,1,1,98.66488,18,Replayed,38.0
-38.0,-1.0,-1,1,98.4467,18,Replayed,38.0
5.0,0.0,1,1,74.55637,18,Replayed,5.0
-5.0,0.0,-1,1,72.616554,18,Replayed,5.0
-9.0,-1.0,-1,1,78.40526,18,Replayed,9.0
-1.0,-1.0,1,0,62.673717,18,Replayed,1.0
5.0,-1.0,1,1,72.77899,18,Replayed,5.0
5.0,0.0,-1,0,56.46249,18,Replayed,5.0
3.0,0.0,1,1,72.44202,18,Replayed,3.0
-9.0,-1.0,-1,1,78.95527,18,Replayed,9.0
9.0,-1.0,1,1,79.17024,18,Replayed,9.0
-3.0,-1.0,1,0,60.050766,18,Replayed,3.0
9.0,0.0,-1,0,51.963657,18,Replayed,9.0
-38.0,-1.0,-1,1,98.62678,18,Replayed,38.0
5.0,1.0,1,1,75.959,18,Replayed,5.0
-1.0,1.0,-1,1,66.737854,18,Replayed,1.0
-9.0,1.0,-1,1,80.61642,18,Replayed,9.0
-38.0,-1.0,-1,1,98.59817,18,Replayed,38.0
1.0,-1.0,-1,0,61.07892,18,Replayed,1.0
38.0,0.0,1,1,98.86314,18,Replayed,38.0
-3.0,0.0,1,0,60.733288,18,Replayed,3.0
9.0,1.0,1,1,81.37923,18,Replayed,9.0
-38.0,-1.0,-1,1,98.49801,18,Replayed,38.0
9.0,1.0,-1,0,52.692955,18,Replayed,9.0
-1.0,1.0,1,0,65.48358,18,Replayed,1.0
1.0,0.0,1,1,75.84017,19,Replayed,1.0
-3.0,-1.0,1,0,70.93958,19,Replayed,3.0
-9.0,1.0,-1,1,83.17975,19,Replayed,9.0
-9.0,1.0,1,0,76.39512,19,Replayed,9.0
5.0,-1.0,1,1,76.07281,19,Replayed,5.0
38.0,-1.0,1,1,93.50215,19,Replayed,38.0
-1.0,-1.0,1,0,71.157745,19,Replayed,1.0
5.0,0.0,-1,0,71.17254,19,Replayed,5.0
-9.0,-1.0,1,0,67.64226,19,Replayed,9.0
38.0,-1.0,1,1,93.396996,19,Replayed,38.0
-5.0,1.0,1,0,76.44434,19,Replayed,5.0
-38.0,-1.0,-1,1,92.83806,19,Replayed,38.0
-38.0,0.0,1,0,59.983337,19,Replayed,38.0
-5.0,1.0,-1,1,80.518036,19,Replayed,5.0
-5.0,1.0,1,0,77.92358,19,Replayed,5.0
-3.0,1.0,-1,1,79.52999,19,Replayed,3.0
1.0,1.0,1,1,79.54801,19,Replayed,1.0
1.0,0.0,1,1,75.96226,19,Replayed,1.0
5.0,0.0,1,1,79.82158,19,Replayed,5.0
9.0,-1.0,-1,0,65.013756,19,Replayed,9.0
3.0,-1.0,1,1,74.148186,19,Replayed,3.0
-5.0,0.0,1,0,73.688416,19,Replayed,5.0
38.0,-1.0,1,1,93.6268,19,Replayed,38.0
3.0,0.0,-1,0,71.7642,19,Replayed,3.0
3.0,1.0,-1,0,75.619,19,Replayed,3.0
5.0,-1.0,1,1,75.42738,19,Replayed,5.0
1.0,-1.0,1,1,73.12987,19,Replayed,1.0
1.0,-1.0,1,1,72.68464,19,Replayed,1.0
1.0,0.0,1,1,76.263336,19,Replayed,1.0
3.0,-1.0,1,1,73.612915,19,Replayed,3.0
5.0,1.0,1,1,81.761154,19,Replayed,5.0
-1.0,0.0,-1,1,74.48993,19,Replayed,1.0
-1.0,1.0,1,0,78.914764,19,Replayed,1.0
-5.0,1.0,1,0,77.22418,19,Replayed,5.0
1.0,0.0,1,1,76.50902,19,Replayed,1.0
38.0,1.0,1,1,96.3875,19,Replayed,38.0
-38.0,0.0,-1,1,94.51862,19,Replayed,38.0
-5.0,-1.0,1,0,69.47627,19,Replayed,5.0
-5.0,0.0,-1,1,76.93707,19,Replayed,5.0
3.0,1.0,-1,0,75.40499,19,Replayed,3.0
-3.0,0.0,-1,1,76.56329,19,Replayed,3.0
-1.0,0.0,-1,1,73.65542,19,Replayed,1.0
1.0,-1.0,-1,0,69.119,19,Replayed,1.0
-1.0,1.0,1,0,78.7996,19,Replayed,1.0
-9.0,0.0,-1,1,80.563484,19,Replayed,9.0
-9.0,0.0,-1,1,79.923775,19,Replayed,9.0
-38.0,-1.0,-1,1,92.79905,19,Replayed,38.0
38.0,0.0,1,1,95.03978,19,Replayed,38.0
-5.0,1.0,1,0,78.275856,19,Replayed,5.0
5.0,0.0,-1,0,71.70306,19,Replayed,5.0
9.0,-1.0,1,1,78.710846,19,Replayed,9.0
-3.0,1.0,1,0,78.01487,19,Replayed,3.0
1.0,0.0,1,1,76.59987,19,Replayed,1.0
9.0,-1.0,1,1,78.718605,19,Replayed,9.0
9.0,-1.0,1,1,79.08754,19,Replayed,9.0
-1.0,0.0,1,0,75.37178,19,Replayed,1.0
5.0,-1.0,-1,0,67.157394,19,Replayed,5.0
3.0,0.0,1,1,78.07439,19,Replayed,3.0
3.0,0.0,-1,0,71.22733,19,Replayed,3.0
-9.0,0.0,1,0,72.31913,19,Replayed,9.0
-5.0,0.0,1,0,73.68645,19,Replayed,5.0
-3.0,-1.0,1,0,71.365524,19,Replayed,3.0
-38.0,-1.0,-1,1,92.29513,19,Replayed,38.0
1.0,-1.0,1,1,72.55024,19,Replayed,1.0
38.0,0.0,-1,0,57.57085,19,Replayed,38.0
-1.0,-1.0,-1,1,69.18999,19,Replayed,1.0
-9.0,0.0,-1,1,79.78871,19,Replayed,9.0
-38.0,1.0,-1,1,95.6848,19,Replayed,38.0
-9.0,1.0,-1,1,83.16168,19,Replayed,9.0
1.0,-1.0,1,1,73.2173,19,Replayed,1.0
3.0,1.0,-1,0,75.25159,19,Replayed,3.0
1.0,1.0,1,1,79.85144,19,Replayed,1.0
9.0,1.0,1,1,85.00246,19,Replayed,9.0
-3.0,0.0,1,0,74.858894,19,Replayed,3.0
-1.0,1.0,1,0,78.865555,19,Replayed,1.0
3.0,0.0,1,1,78.133385,19,Replayed,3.0
-38.0,1.0,-1,1,95.5248,19,Replayed,38.0
3.0,1.0,1,1,80.878746,19,Replayed,3.0
-9.0,0.0,-1,1,79.05839,19,Replayed,9.0
1.0,0.0,1,1,76.05402,19,Replayed,1.0
38.0,-1.0,1,1,93.2183,19,Replayed,38.0
-1.0,1.0,1,0,78.888214,19,Replayed,1.0
38.0,0.0,1,1,95.115654,19,Replayed,38.0
38.0,-1.0,1,1,93.35494,19,Replayed,38.0
-1.0,-1.0,1,0,70.99111,19,Replayed,1.0
-1.0,-1.0,-1,1,69.464294,19,Replayed,1.0
-38.0,-1.0,-1,1,92.55948,19,Replayed,38.0
9.0,-1.0,1,1,78.883995,19,Replayed,9.0
-38.0,0.0,-1,1,94.39832,19,Replayed,38.0
-3.0,0.0,-1,1,76.034615,19,Replayed,3.0
-3.0,1.0,1,0,77.670616,19,Replayed,3.0
5.0,-1.0,1,1,75.956276,19,Replayed,5.0
-3.0,1.0,1,0,77.72654,19,Replayed,3.0
-3.0,-1.0,-1,1,70.61206,19,Replayed,3.0
-3.0,-1.0,1,0,70.30208,19,Replayed,3.0
-38.0,-1.0,1,0,52.951847,19,Replayed,38.0
-38.0,0.0,-1,1,94.79468,19,Replayed,38.0
3.0,1.0,1,1,80.87942,19,Replayed,3.0
5.0,1.0,1,1,81.59055,19,Replayed,5.0
3.0,-1.0,1,1,74.82144,19,Replayed,3.0
-5.0,-1.0,1,0,69.600716,19,Replayed,5.0
-3.0,1.0,-1,1,80.087875,19,Replayed,3.0
-5.0,1.0,1,0,76.89516,19,Replayed,5.0
38.0,1.0,1,1,96.33834,19,Replayed,38.0
-9.0,1.0,1,0,76.043655,19,Replayed,9.0
3.0,1.0,-1,0,75.312996,19,Replayed,3.0
-5.0,0.0,-1,1,76.911705,19,Replayed,5.0
-1.0,1.0,1,0,79.008415,19,Replayed,1.0
-3.0,-1.0,1,0,69.917015,19,Replayed,3.0
5.0,-1.0,-1,0,66.432724,19,Replayed,5.0
1.0,1.0,1,1,79.93606,19,Replayed,1.0
3.0,-1.0,-1,0,68.10095,19,Replayed,3.0
-3.0,1.0,-1,1,78.92707,19,Replayed,3.0
-9.0,1.0,1,0,75.89789,19,Replayed,9.0
9.0,-1.0,1,1,78.64058,19,Replayed,9.0
5.0,1.0,-1,0,74.80666,19,Replayed,5.0
38.0,1.0,1,1,96.10892,19,Replayed,38.0
-3.0,0.0,1,0,74.72156,19,Replayed,3.0
1.0,1.0,-1,0,75.9041,19,Replayed,1.0
38.0,-1.0,1,1,92.94876,19,Replayed,38.0
-9.0,1.0,-1,1,83.17231,19,Replayed,9.0
9.0,1.0,1,1,84.87482,19,Replayed,9.0
1.0,1.0,-1,0,76.4495,19,Replayed,1.0
-3.0,-1.0,1,0,70.68264,19,Replayed,3.0
-38.0,-1.0,-1,1,92.61195,19,Replayed,38.0
9.0,1.0,1,1,84.05101,19,Replayed,9.0
3.0,0.0,-1,0,71.562195,19,Replayed,3.0
9.0,1.0,-1,0,73.81374,19,Replayed,9.0
-5.0,0.0,-1,1,77.10194,19,Replayed,5.0
-1.0,0.0,-1,1,74.00769,19,Replayed,1.0
1.0,1.0,-1,0,76.24446,19,Replayed,1.0
-5.0,-1.0,-1,1,74.037186,19,Replayed,5.0
-38.0,1.0,-1,1,95.74895,19,Replayed,38.0
1.0,0.0,-1,0,72.23907,19,Replayed,1.0
38.0,1.0,-1,0,62.287563,19,Replayed,38.0
9.0,1.0,1,1,85.56954,19,Replayed,9.0
1.0,-1.0,-1,0,67.17882,19,Replayed,1.0
5.0,0.0,-1,0,71.570435,19,Replayed,5.0
-38.0,0.0,-1,1,94.364235,19,Replayed,38.0
9.0,1.0,-1,0,74.02306,19,Replayed,9.0
38.0,0.0,-1,0,56.22893,19,Replayed,38.0
9.0,0.0,1,1,82.05589,19,Replayed,9.0
1.0,0.0,1,1,75.5616,19,Replayed,1.0
-5.0,0.0,-1,1,77.2107,19,Replayed,5.0
38.0,0.0,1,1,95.03864,19,Replayed,38.0
3.0,-1.0,-1,0,67.42173,19,Replayed,3.0
-1.0,0.0,1,0,74.45141,19,Replayed,1.0
-9.0,0.0,1,0,72.113785,19,Replayed,9.0
-9.0,0.0,1,0,72.77392,19,Replayed,9.0
-3.0,0.0,-1,1,75.92238,19,Replayed,3.0
-5.0,-1.0,-1,1,72.95396,19,Replayed,5.0
38.0,-1.0,1,1,93.858826,19,Replayed,38.0
5.0,0.0,1,1,79.73941,19,Replayed,5.0
-5.0,-1.0,-1,1,73.56878,19,Replayed,5.0
3.0,0.0,1,1,77.85362,19,Replayed,3.0
-38.0,0.0,-1,1,94.37548,19,Replayed,38.0
-9.0,-1.0,1,0,67.91002,19,Replayed,9.0
-38.0,1.0,-1,1,95.88284,19,Replayed,38.0
38.0,1.0,1,1,96.27496,19,Replayed,38.0
-3.0,-1.0,-1,1,70.6977,19,Replayed,3.0
3.0,0.0,1,1,78.20936,19,Replayed,3.0
1.0,1.0,1,1,79.34291,19,Replayed,1.0
9.0,-1.0,-1,0,64.93376,19,Replayed,9.0
-5.0,-1.0,-1,1,73.06548,19,Replayed,5.0
3.0,-1.0,-1,0,68.3156,19,Replayed,3.0
-3.0,1.0,1,0,78.45588,19,Replayed,3.0
-9.0,-1.0,-1,1,76.557014,19,Replayed,9.0
1.0,1.0,1,1,79.6909,19,Replayed,1.0
5.0,-1.0,1,1,76.27811,19,Replayed,5.0
1.0,-1.0,-1,0,69.40668,19,Replayed,1.0
-9.0,-1.0,1,0,68.01795,19,Replayed,9.0
-1.0,1.0,1,0,77.871796,19,Replayed,1.0
38.0,0.0,1,1,94.97413,19,Replayed,38.0
5.0,-1.0,1,1,75.0717,19,Replayed,5.0
-3.0,1.0,1,0,77.96369,19,Replayed,3.0
-9.0,-1.0,1,0,68.10358,19,Replayed,9.0
9.0,0.0,-1,0,69.31973,19,Replayed,9.0
-5.0,1.0,1,0,77.25851,19,Replayed,5.0
-1.0,-1.0,-1,1,69.148544,19,Replayed,1.0
-1.0,0.0,1,0,75.42859,19,Replayed,1.0
-3.0,0.0,1,0,75.6272,19,Replayed,3.0
3.0,1.0,-1,0,75.261765,19,Replayed,3.0
9.0,0.0,1,1,81.947266,19,Replayed,9.0
38.0,-1.0,1,1,93.1423,19,Replayed,38.0
-5.0,-1.0,1,0,69.426125,19,Replayed,5.0
3.0,0.0,1,1,78.52376,19,Replayed,3.0
-5.0,1.0,1,0,77.22344,19,Replayed,5.0
-9.0,-1.0,1,0,67.17749,19,Replayed,9.0
3.0,-1.0,1,1,74.13271,19,Replayed,3.0
38.0,0.0,-1,0,55.695652,19,Replayed,38.0
5.0,1.0,1,1,82.59938,19,Replayed,5.0
9.0,0.0,-1,0,70.43965,19,Replayed,9.0
-9.0,1.0,1,0,76.19839,19,Replayed,9.0
-1.0,-1.0,1,0,71.42195,19,Replayed,1.0
-9.0,-1.0,1,0,67.446846,19,Replayed,9.0
9.0,-1.0,1,1,79.61745,19,Replayed,9.0
-38.0,1.0,-1,1,95.53259,19,Replayed,38.0
38.0,1.0,1,1,96.05485,19,Replayed,38.0
5.0,1.0,1,1,82.79698,19,Replayed,5.0
-1.0,0.0,-1,1,74.33982,19,Replayed,1.0
5.0,1.0,-1,0,74.80214,19,Replayed,5.0
3.0,-1.0,-1,0,67.29466,19,Replayed,3.0
-38.0,1.0,-1,1,95.76594,19,Replayed,38.0
5.0,0.0,-1,0,70.28358,19,Replayed,5.0
-1.0,1.0,1,0,79.34458,19,Replayed,1.0
5.0,0.0,-1,0,70.81641,19,Replayed,5.0
1.0,-1.0,-1,0,68.6454,19,Replayed,1.0
-1.0,-1.0,1,0,71.914276,19,Replayed,1.0
-9.0,1.0,1,0,75.23908,19,Replayed,9.0
9.0,0.0,1,1,82.11094,19,Replayed,9.0
-5.0,0.0,-1,1,77.74223,19,Replayed,5.0
-1.0,1.0,-1,1,77.79862,19,Replayed,1.0
-38.0,-1.0,-1,1,92.60502,19,Replayed,38.0
9.0,0.0,1,1,82.58694,19,Replayed,9.0
5.0,1.0,1,1,82.905106,19,Replayed,5.0
-38.0,1.0,-1,1,95.624115,19,Replayed,38.0
-38.0,1.0,-1,1,95.6727,19,Replayed,38.0
38.0,0.0,1,1,95.15769,19,Replayed,38.0
-3.0,0.0,1,0,75.24538,19,Replayed,3.0
-9.0,-1.0,-1,1,76.40887,19,Replayed,9.0
9.0,1.0,1,1,84.60313,19,Replayed,9.0
-3.0,0.0,1,0,74.540695,19,Replayed,3.0
-38.0,0.0,-1,1,94.57276,19,Replayed,38.0
3.0,1.0,1,1,81.604065,19,Replayed,3.0
-1.0,0.0,-1,1,73.25506,19,Replayed,1.0
-38.0,0.0,-1,1,94.20798,19,Replayed,38.0
5.0,0.0,-1,0,70.71112,19,Replayed,5.0
-3.0,-1.0,1,0,70.07225,19,Replayed,3.0
-38.0,-1.0,-1,1,92.23372,19,Replayed,38.0
-1.0,-1.0,1,0,71.46651,19,Replayed,1.0
38.0,1.0,1,1,96.44635,19,Replayed,38.0
5.0,-1.0,-1,0,66.44727,19,Replayed,5.0
9.0,1.0,1,1,84.95214,19,Replayed,9.0
-5.0,-1.0,-1,1,73.13104,19,Replayed,5.0
9.0,0.0,-1,0,70.42964,19,Replayed,9.0
9.0,0.0,-1,0,70.48434,19,Replayed,9.0
38.0,1.0,1,1,96.47351,19,Replayed,38.0
-9.0,-1.0,1,0,41.650322,20,Replayed,9.0
-9.0,0.0,-1,1,57.055138,20,Replayed,9.0
9.0,-1.0,-1,0,41.233406,20,Replayed,9.0
1.0,-1.0,1,1,49.354725,20,Replayed,1.0
38.0,0.0,1,1,75.58083,20,Replayed,38.0
-9.0,1.0,1,0,44.59943,20,Replayed,9.0
-5.0,-1.0,-1,1,51.138954,20,Replayed,5.0
-9.0,1.0,-1,1,57.36654,20,Replayed,9.0
38.0,1.0,1,1,77.91973,20,Replayed,38.0
-5.0,1.0,1,0,47.601757,20,Replayed,5.0
-38.0,-1.0,-1,1,73.70515,20,Replayed,38.0
-1.0,-1.0,-1,1,49.30591,20,Replayed,1.0
5.0,-1.0,-1,0,43.952297,20,Replayed,5.0
9.0,0.0,1,1,57.25955,20,Replayed,9.0
9.0,0.0,1,1,55.39313,20,Replayed,9.0
38.0,0.0,1,1,75.85931,20,Replayed,38.0
9.0,0.0,1,1,57.80466,20,Replayed,9.0
-3.0,1.0,-1,1,53.289997,20,Replayed,3.0
-5.0,0.0,-1,1,53.308678,20,Replayed,5.0
3.0,0.0,1,1,52.98462,20,Replayed,3.0
-3.0,0.0,1,0,48.844368,20,Replayed,3.0
3.0,1.0,-1,0,48.342613,20,Replayed,3.0
1.0,0.0,1,1,50.8932,20,Replayed,1.0
5.0,0.0,1,1,53.239204,20,Replayed,5.0
-5.0,-1.0,1,0,45.5083,20,Replayed,5.0
1.0,1.0,-1,0,49.66167,20,Replayed,1.0
38.0,-1.0,1,1,74.289,20,Replayed,38.0
-38.0,-1.0,-1,1,74.09293,20,Replayed,38.0
9.0,-1.0,1,1,55.40908,20,Replayed,9.0
-9.0,1.0,-1,1,57.299507,20,Replayed,9.0
-9.0,-1.0,1,0,40.663544,20,Replayed,9.0
-38.0,-1.0,-1,1,74.26495,20,Replayed,38.0
-5.0,0.0,1,0,46.044975,20,Replayed,5.0
5.0,0.0,-1,0,45.746967,20,Replayed,5.0
3.0,-1.0,-1,0,46.3333,20,Replayed,3.0
-38.0,1.0,-1,1,78.34158,20,Replayed,38.0
-9.0,0.0,-1,1,56.13275,20,Replayed,9.0
38.0,0.0,1,1,76.33703,20,Replayed,38.0
38.0,-1.0,1,1,74.28649,20,Replayed,38.0
9.0,1.0,-1,0,43.264538,20,Replayed,9.0
-38.0,-1.0,-1,1,74.013115,20,Replayed,38.0
5.0,-1.0,1,1,51.94872,20,Replayed,5.0
-3.0,-1.0,-1,1,50.063236,20,Replayed,3.0
3.0,1.0,-1,0,49.006927,20,Replayed,3.0
3.0,-1.0,1,1,50.275738,20,Replayed,3.0
-3.0,-1.0,1,0,47.9732,20,Replayed,3.0
1.0,0.0,-1,0,49.443077,20,Replayed,1.0
3.0,-1.0,1,1,51.08248,20,Replayed,3.0
-9.0,1.0,-1,1,58.12384,20,Replayed,9.0
9.0,1.0,-1,0,43.946518,20,Replayed,9.0
5.0,1.0,-1,0,47.69565,20,Replayed,5.0
9.0,-1.0,1,1,54.76334,20,Replayed,9.0
-9.0,1.0,-1,1,57.698833,20,Replayed,9.0
5.0,1.0,1,1,55.714,20,Replayed,5.0
9.0,0.0,-1,0,42.05142,20,Replayed,9.0
-5.0,0.0,-1,1,54.18827,20,Replayed,5.0
-38.0,0.0,-1,1,76.30328,20,Replayed,38.0
5.0,1.0,1,1,55.128963,20,Replayed,5.0
3.0,-1.0,1,1,52.24069,20,Replayed,3.0
38.0,-1.0,1,1,74.75855,20,Replayed,38.0
-5.0,1.0,-1,1,55.145638,20,Replayed,5.0
-3.0,-1.0,-1,1,51.612156,20,Replayed,3.0
38.0,0.0,1,1,76.74146,20,Replayed,38.0
-9.0,-1.0,-1,1,54.717815,20,Replayed,9.0
-1.0,0.0,1,0,48.26922,20,Replayed,1.0
-1.0,-1.0,1,0,47.707634,20,Replayed,1.0
38.0,1.0,1,1,77.51821,20,Replayed,38.0
1.0,1.0,1,1,51.593155,20,Replayed,1.0
-38.0,0.0,-1,1,77.165955,20,Replayed,38.0
9.0,-1.0,1,1,57.119667,20,Replayed,9.0
-3.0,1.0,-1,1,53.53934,20,Replayed,3.0
38.0,-1.0,1,1,74.37509,20,Replayed,38.0
38.0,-1.0,1,1,75.67734,20,Replayed,38.0
-3.0,1.0,-1,1,53.485542,20,Replayed,3.0
-38.0,1.0,-1,1,78.002266,20,Replayed,38.0
-5.0,0.0,-1,1,52.67511,20,Replayed,5.0
5.0,1.0,-1,0,45.97929,20,Replayed,5.0
-3.0,1.0,-1,1,53.356422,20,Replayed,3.0
-38.0,0.0,-1,1,76.134476,20,Replayed,38.0
38.0,-1.0,1,1,75.34952,20,Replayed,38.0
-38.0,-1.0,1,0,21.806828,20,Replayed,38.0
-38.0,1.0,-1,1,77.790794,20,Replayed,38.0
-5.0,1.0,-1,1,54.41215,20,Replayed,5.0
-5.0,1.0,-1,1,53.646435,20,Replayed,5.0
-3.0,0.0,1,0,48.481518,20,Replayed,3.0
9.0,-1.0,1,1,55.161976,20,Replayed,9.0
9.0,1.0,1,1,58.45817,20,Replayed,9.0
-38.0,-1.0,-1,1,74.63696,20,Replayed,38.0
-38.0,0.0,-1,1,76.001884,20,Replayed,38.0
5.0,-1.0,1,1,52.794724,20,Replayed,5.0
-5.0,1.0,1,0,46.952675,20,Replayed,5.0
3.0,-1.0,-1,0,45.454838,20,Replayed,3.0
-38.0,0.0,-1,1,75.524025,20,Replayed,38.0
1.0,1.0,1,1,52.521927,20,Replayed,1.0
38.0,1.0,1,1,77.99902,20,Replayed,38.0
-1.0,-1.0,1,0,48.58889,20,Replayed,1.0
9.0,1.0,1,1,57.95538,20,Replayed,9.0
1.0,1.0,-1,0,49.412254,20,Replayed,1.0
38.0,1.0,1,1,77.66622,20,Replayed,38.0
-3.0,1.0,-1,1,52.67272,20,Replayed,3.0
-38.0,0.0,-1,1,74.560196,20,Replayed,38.0
9.0,0.0,1,1,55.990303,20,Replayed,9.0
5.0,1.0,-1,0,46.462555,20,Replayed,5.0
-1.0,-1.0,1,0,48.285286,20,Replayed,1.0
-1.0,0.0,-1,1,50.214462,20,Replayed,1.0
-1.0,1.0,-1,1,50.691593,20,Replayed,1.0
3.0,0.0,1,1,51.894455,20,Replayed,3.0
5.0,0.0,1,1,54.1897,20,Replayed,5.0
-5.0,0.0,-1,1,53.511654,20,Replayed,5.0
3.0,1.0,1,1,53.435932,20,Replayed,3.0
1.0,-1.0,-1,0,47.231956,20,Replayed,1.0
9.0,1.0,1,1,58.39268,20,Replayed,9.0
-9.0,1.0,-1,1,57.072388,20,Replayed,9.0
38.0,-1.0,-1,0,21.081268,20,Replayed,38.0
5.0,1.0,1,1,54.739372,20,Replayed,5.0
5.0,-1.0,-1,0,45.736553,20,Replayed,5.0
-5.0,1.0,1,0,47.08684,20,Replayed,5.0
1.0,-1.0,-1,0,47.309742,20,Replayed,1.0
-1.0,0.0,1,0,50.016296,20,Replayed,1.0
-5.0,-1.0,1,0,44.810333,20,Replayed,5.0
-38.0,1.0,-1,1,77.638504,20,Replayed,38.0
-38.0,-1.0,-1,1,73.0192,20,Replayed,38.0
-9.0,0.0,-1,1,56.65084,20,Replayed,9.0
-9.0,-1.0,-1,1,55.906105,20,Replayed,9.0
5.0,1.0,1,1,54.251488,20,Replayed,5.0
9.0,-1.0,-1,0,41.109,20,Replayed,9.0
1.0,-1.0,1,1,49.748142,20,Replayed,1.0
-3.0,-1.0,-1,1,49.94409,20,Replayed,3.0
-3.0,-1.0,-1,1,50.75908,20,Replayed,3.0
-1.0,1.0,1,0,50.51596,20,Replayed,1.0
-3.0,1.0,-1,1,52.108986,20,Replayed,3.0
-1.0,1.0,1,0,50.48883,20,Replayed,1.0
-1.0,1.0,1,0,52.500927,20,Replayed,1.0
3.0,1.0,-1,0,48.27511,20,Replayed,3.0
3.0,1.0,1,1,53.21435,20,Replayed,3.0
1.0,1.0,-1,0,50.235264,20,Replayed,1.0
-38.0,1.0,-1,1,77.85412,20,Replayed,38.0
38.0,1.0,1,1,78.23108,20,Replayed,38.0
-9.0,0.0,-1,1,56.48313,20,Replayed,9.0
9.0,1.0,1,1,57.31736,20,Replayed,9.0
5.0,-1.0,1,1,51.868362,20,Replayed,5.0
-38.0,1.0,-1,1,77.530685,20,Replayed,38.0
-5.0,1.0,-1,1,54.61425,20,Replayed,5.0
1.0,0.0,1,1,51.003067,20,Replayed,1.0
-38.0,-1.0,-1,1,75.050705,20,Replayed,38.0
-3.0,1.0,1,0,49.256954,20,Replayed,3.0
5.0,0.0,1,1,54.63719,20,Replayed,5.0
-3.0,0.0,1,0,46.887276,20,Replayed,3.0
-3.0,0.0,1,0,47.730915,20,Replayed,3.0
3.0,0.0,1,1,53.029865,20,Replayed,3.0
-1.0,-1.0,-1,1,50.217766,20,Replayed,1.0
-38.0,1.0,-1,1,77.573715,20,Replayed,38.0
-9.0,-1.0,-1,1,54.570396,20,Replayed,9.0
5.0,-1.0,1,1,52.74419,20,Replayed,5.0
-3.0,0.0,-1,1,51.369728,20,Replayed,3.0
-9.0,1.0,1,0,44.03276,20,Replayed,9.0
-38.0,1.0,-1,1,77.609726,20,Replayed,38.0
3.0,-1.0,-1,0,46.009605,20,Replayed,3.0
-5.0,-1.0,-1,1,52.304737,20,Replayed,5.0
-5.0,-1.0,-1,1,52.259117,20,Replayed,5.0
-5.0,-1.0,1,0,45.703133,20,Replayed,5.0
3.0,-1.0,1,1,51.2739,20,Replayed,3.0
-1.0,-1.0,1,0,47.942142,20,Replayed,1.0
-38.0,0.0,-1,1,76.19609,20,Replayed,38.0
-9.0,-1.0,-1,1,53.60721,20,Replayed,9.0
-9.0,0.0,-1,1,55.693733,20,Replayed,9.0
3.0,0.0,1,1,51.79258,20,Replayed,3.0
1.0,-1.0,-1,0,47.38262,20,Replayed,1.0
5.0,0.0,1,1,54.340202,20,Replayed,5.0
9.0,0.0,1,1,56.740612,20,Replayed,9.0
38.0,0.0,1,1,76.97763,20,Replayed,38.0
-5.0,-1.0,-1,1,51.32141,20,Replayed,5.0
-3.0,-1.0,1,0,46.440975,20,Replayed,3.0
-5.0,0.0,-1,1,52.315575,20,Replayed,5.0
-5.0,-1.0,-1,1,53.21818,20,Replayed,5.0
3.0,0.0,1,1,53.046356,20,Replayed,3.0
-5.0,0.0,1,0,46.739655,20,Replayed,5.0
1.0,-1.0,1,1,47.949856,20,Replayed,1.0
-38.0,0.0,-1,1,76.36126,20,Replayed,38.0
1.0,-1.0,-1,0,47.68539,20,Replayed,1.0
38.0,1.0,1,1,78.36706,20,Replayed,38.0
-1.0,0.0,1,0,49.64188,20,Replayed,1.0
38.0,1.0,1,1,78.14189,20,Replayed,38.0
9.0,0.0,1,1,57.39866,20,Replayed,9.0
3.0,1.0,1,1,53.54712,20,Replayed,3.0
38.0,1.0,1,1,78.56773,20,Replayed,38.0
38.0,-1.0,1,1,75.06871,20,Replayed,38.0
-9.0,0.0,-1,1,56.634754,20,Replayed,9.0
-1.0,1.0,1,0,50.09566,20,Replayed,1.0
-1.0,0.0,-1,1,49.766617,20,Replayed,1.0
9.0,-1.0,1,1,55.507362,20,Replayed,9.0
-1.0,1.0,-1,1,52.108627,20,Replayed,1.0
-3.0,-1.0,-1,1,49.259384,20,Replayed,3.0
1.0,0.0,-1,0,48.021194,20,Replayed,1.0
-1.0,-1.0,1,0,48.302357,20,Replayed,1.0
-5.0,1.0,-1,1,54.669933,20,Replayed,5.0
1.0,0.0,1,1,51.232635,20,Replayed,1.0
9.0,1.0,1,1,58.454712,20,Replayed,9.0
1.0,1.0,1,1,50.39054,20,Replayed,1.0
5.0,0.0,1,1,55.051414,20,Replayed,5.0
1.0,0.0,-1,0,48.335804,20,Replayed,1.0
5.0,-1.0,1,1,53.272377,20,Replayed,5.0
-5.0,0.0,-1,1,53.027695,20,Replayed,5.0
5.0,0.0,1,1,53.988056,20,Replayed,5.0
38.0,0.0,1,1,76.48096,20,Replayed,38.0
9.0,1.0,1,1,58.933006,20,Replayed,9.0
-3.0,1.0,1,0,48.909958,20,Replayed,3.0
5.0,0.0,-1,0,45.764412,20,Replayed,5.0
38.0,0.0,1,1,76.39131,20,Replayed,38.0
3.0,0.0,-1,0,47.325333,20,Replayed,3.0
-9.0,-1.0,-1,1,55.249393,20,Replayed,9.0
9.0,-1.0,1,1,55.3666,20,Replayed,9.0
1.0,1.0,-1,0,50.5162,20,Replayed,1.0
-1.0,1.0,1,0,54.543167,21,Replayed,1.0
1.0,1.0,-1,0,57.16902,21,Replayed,1.0
9.0,-1.0,1,1,66.40366,21,Replayed,9.0
3.0,-1.0,1,1,59.11523,21,Replayed,3.0
38.0,0.0,1,1,89.80082,21,Replayed,38.0
1.0,0.0,-1,0,56.458347,21,Replayed,1.0
-9.0,-1.0,-1,1,67.387726,21,Replayed,9.0
3.0,1.0,1,1,59.78362,21,Replayed,3.0
1.0,1.0,-1,0,57.901733,21,Replayed,1.0
-5.0,-1.0,-1,1,63.436295,21,Replayed,5.0
1.0,0.0,-1,0,57.07406,21,Replayed,1.0
38.0,-1.0,1,1,89.44964,21,Replayed,38.0
1.0,0.0,-1,0,56.383522,21,Replayed,1.0
-9.0,1.0,-1,1,67.58676,21,Replayed,9.0
5.0,0.0,1,1,61.135303,21,Replayed,5.0
-38.0,0.0,-1,1,90.57967,21,Replayed,38.0
9.0,1.0,1,1,65.887955,21,Replayed,9.0
9.0,1.0,1,1,66.70801,21,Replayed,9.0
-5.0,-1.0,1,0,52.99545,21,Replayed,5.0
-9.0,-1.0,1,0,51.610004,21,Replayed,9.0
3.0,0.0,1,1,59.904514,21,Replayed,3.0
-3.0,-1.0,1,0,54.159992,21,Replayed,3.0
-3.0,1.0,1,0,54.91522,21,Replayed,3.0
-5.0,-1.0,-1,1,62.98079,21,Replayed,5.0
-38.0,1.0,-1,1,90.74431,21,Replayed,38.0
5.0,0.0,1,1,62.13733,21,Replayed,5.0
1.0,-1.0,1,1,56.905563,21,Replayed,1.0
38.0,-1.0,1,1,89.43896,21,Replayed,38.0
5.0,0.0,-1,0,55.07871,21,Replayed,5.0
-1.0,-1.0,-1,1,59.473026,21,Replayed,1.0
-3.0,1.0,-1,1,61.68446,21,Replayed,3.0
1.0,0.0,1,1,57.077282,21,Replayed,1.0
1.0,-1.0,1,1,57.988464,21,Replayed,1.0
-1.0,1.0,-1,1,59.389095,21,Replayed,1.0
-5.0,-1.0,-1,1,63.692642,21,Replayed,5.0
38.0,1.0,1,1,90.36772,21,Replayed,38.0
-9.0,-1.0,-1,1,67.82835,21,Replayed,9.0
-1.0,-1.0,1,0,55.54375,21,Replayed,1.0
-38.0,-1.0,-1,1,90.4603,21,Replayed,38.0
-3.0,1.0,-1,1,60.53008,21,Replayed,3.0
38.0,0.0,1,1,89.82771,21,Replayed,38.0
38.0,0.0,1,1,89.571526,21,Replayed,38.0
38.0,1.0,1,1,90.18293,21,Replayed,38.0
-9.0,0.0,-1,1,67.28343,21,Replayed,9.0
-38.0,-1.0,-1,1,90.12563,21,Replayed,38.0
-5.0,1.0,-1,1,62.77783,21,Replayed,5.0
-38.0,1.0,-1,1,91.02344,21,Replayed,38.0
38.0,-1.0,1,1,89.783745,21,Replayed,38.0
-38.0,1.0,-1,1,90.63323,21,Replayed,38.0
-38.0,-1.0,-1,1,90.81783,21,Replayed,38.0
9.0,-1.0,1,1,66.24387,21,Replayed,9.0
-9.0,1.0,-1,1,68.35384,21,Replayed,9.0
9.0,-1.0,1,1,66.492256,21,Replayed,9.0
-38.0,1.0,-1,1,90.726524,21,Replayed,38.0
38.0,-1.0,1,1,90.10608,21,Replayed,38.0
-1.0,-1.0,-1,1,59.399296,21,Replayed,1.0
9.0,1.0,1,1,65.50443,21,Replayed,9.0
-9.0,0.0,-1,1,69.08815,21,Replayed,9.0
5.0,1.0,1,1,61.870014,21,Replayed,5.0
-3.0,1.0,-1,1,60.698093,21,Replayed,3.0
3.0,-1.0,-1,0,56.309765,21,Replayed,3.0
-5.0,1.0,-1,1,63.322132,21,Replayed,5.0
3.0,-1.0,1,1,59.145927,21,Replayed,3.0
-3.0,1.0,-1,1,61.654198,21,Replayed,3.0
38.0,-1.0,1,1,90.11647,21,Replayed,38.0
9.0,0.0,1,1,66.38218,21,Replayed,9.0
-38.0,-1.0,-1,1,90.82674,21,Replayed,38.0
-3.0,0.0,-1,1,60.784924,21,Replayed,3.0
3.0,-1.0,1,1,58.445984,21,Replayed,3.0
3.0,1.0,1,1,59.27333,21,Replayed,3.0
1.0,0.0,1,1,56.77168,21,Replayed,1.0
38.0,-1.0,1,1,90.06427,21,Replayed,38.0
3.0,-1.0,1,1,59.279663,21,Replayed,3.0
-38.0,-1.0,-1,1,90.78163,21,Replayed,38.0
-3.0,1.0,1,0,54.182262,21,Replayed,3.0
-1.0,-1.0,-1,1,58.091724,21,Replayed,1.0
-9.0,-1.0,-1,1,68.308556,21,Replayed,9.0
1.0,-1.0,-1,0,57.705235,21,Replayed,1.0
-38.0,0.0,-1,1,90.40369,21,Replayed,38.0
1.0,1.0,1,1,57.59181,21,Replayed,1.0
5.0,1.0,1,1,62.578278,21,Replayed,5.0
1.0,1.0,-1,0,58.074795,21,Replayed,1.0
-9.0,-1.0,-1,1,68.59963,21,Replayed,9.0
-5.0,0.0,-1,1,64.08,21,Replayed,5.0
-1.0,1.0,1,0,54.688282,21,Replayed,1.0
9.0,-1.0,1,1,66.58215,21,Replayed,9.0
-38.0,0.0,-1,1,90.15349,21,Replayed,38.0
-3.0,1.0,-1,1,60.538067,21,Replayed,3.0
-5.0,1.0,-1,1,63.350075,21,Replayed,5.0
-5.0,1.0,-1,1,62.354584,21,Replayed,5.0
5.0,-1.0,1,1,61.834282,21,Replayed,5.0
-3.0,0.0,1,0,54.92417,21,Replayed,3.0
5.0,0.0,-1,0,55.841904,21,Replayed,5.0
-5.0,1.0,-1,1,63.46174,21,Replayed,5.0
5.0,1.0,-1,0,55.768566,21,Replayed,5.0
1.0,0.0,1,1,57.35783,21,Replayed,1.0
-38.0,1.0,-1,1,90.78633,21,Replayed,38.0
-1.0,-1.0,1,0,55.46754,21,Replayed,1.0
-3.0,-1.0,-1,1,61.27228,21,Replayed,3.0
38.0,0.0,1,1,89.90614,21,Replayed,38.0
38.0,1.0,1,1,89.63422,21,Replayed,38.0
9.0,0.0,-1,0,53.653248,21,Replayed,9.0
-5.0,0.0,-1,1,62.984264,21,Replayed,5.0
-38.0,-1.0,-1,1,90.45272,21,Replayed,38.0
-9.0,1.0,-1,1,67.35692,21,Replayed,9.0
-9.0,1.0,-1,1,67.87022,21,Replayed,9.0
5.0,0.0,1,1,61.212833,21,Replayed,5.0
-3.0,-1.0,-1,1,61.518383,21,Replayed,3.0
-38.0,0.0,-1,1,90.550125,21,Replayed,38.0
-9.0,-1.0,-1,1,67.53183,21,Replayed,9.0
-9.0,1.0,-1,1,68.02799,21,Replayed,9.0
3.0,1.0,-1,0,55.758835,21,Replayed,3.0
-3.0,-1.0,-1,1,61.70234,21,Replayed,3.0
-3.0,-1.0,-1,1,62.139774,21,Replayed,3.0
-3.0,0.0,-1,1,61.913235,21,Replayed,3.0
5.0,-1.0,1,1,60.671597,21,Replayed,5.0
3.0,0.0,1,1,59.349422,21,Replayed,3.0
-38.0,-1.0,-1,1,90.052505,21,Replayed,38.0
5.0,1.0,1,1,61.434353,21,Replayed,5.0
1.0,-1.0,-1,0,57.096474,21,Replayed,1.0
-9.0,0.0,-1,1,67.91158,21,Replayed,9.0
-3.0,0.0,-1,1,61.751015,21,Replayed,3.0
9.0,1.0,1,1,65.69473,21,Replayed,9.0
1.0,0.0,-1,0,57.96748,21,Replayed,1.0
38.0,1.0,1,1,89.80414,21,Replayed,38.0
38.0,1.0,1,1,90.361824,21,Replayed,38.0
-5.0,-1.0,-1,1,63.52721,21,Replayed,5.0
-5.0,-1.0,-1,1,63.467834,21,Replayed,5.0
5.0,-1.0,1,1,61.271713,21,Replayed,5.0
5.0,0.0,1,1,61.177402,21,Replayed,5.0
-1.0,0.0,1,0,55.56078,21,Replayed,1.0
-3.0,0.0,-1,1,61.565964,21,Replayed,3.0
3.0,-1.0,1,1,59.45213,21,Replayed,3.0
9.0,-1.0,1,1,65.414536,21,Replayed,9.0
38.0,-1.0,1,1,89.55265,21,Replayed,38.0
-5.0,0.0,-1,1,63.36474,21,Replayed,5.0
-9.0,-1.0,-1,1,69.219925,21,Replayed,9.0
-5.0,1.0,-1,1,64.27647,21,Replayed,5.0
38.0,-1.0,1,1,89.14868,21,Replayed,38.0
-38.0,-1.0,-1,1,90.43135,21,Replayed,38.0
-1.0,0.0,1,0,55.153603,21,Replayed,1.0
9.0,-1.0,-1,0,52.02772,21,Replayed,9.0
-38.0,1.0,-1,1,90.387825,21,Replayed,38.0
9.0,1.0,1,1,66.28834,21,Replayed,9.0
-5.0,1.0,-1,1,63.09254,21,Replayed,5.0
-1.0,0.0,1,0,56.606705,21,Replayed,1.0
-9.0,0.0,-1,1,67.81091,21,Replayed,9.0
-3.0,-1.0,-1,1,60.904747,21,Replayed,3.0
38.0,1.0,1,1,89.849266,21,Replayed,38.0
3.0,-1.0,-1,0,57.007416,21,Replayed,3.0
9.0,0.0,1,1,66.29741,21,Replayed,9.0
-9.0,1.0,-1,1,68.40456,21,Replayed,9.0
38.0,0.0,1,1,89.585724,21,Replayed,38.0
3.0,1.0,1,1,58.667652,21,Replayed,3.0
-38.0,0.0,-1,1,90.790955,21,Replayed,38.0
-5.0,0.0,-1,1,63.551147,21,Replayed,5.0
-3.0,1.0,1,0,54.445343,21,Replayed,3.0
5.0,0.0,1,1,61.85058,21,Replayed,5.0
-1.0,-1.0,-1,1,59.039223,21,Replayed,1.0
-5.0,0.0,-1,1,63.549137,21,Replayed,5.0
5.0,-1.0,1,1,61.209934,21,Replayed,5.0
-38.0,1.0,-1,1,90.508965,21,Replayed,38.0
-3.0,0.0,1,0,54.808544,21,Replayed,3.0
38.0,1.0,1,1,89.71462,21,Replayed,38.0
38.0,0.0,1,1,90.334694,21,Replayed,38.0
-3.0,0.0,1,0,54.910393,21,Replayed,3.0
1.0,1.0,-1,0,57.538593,21,Replayed,1.0
-9.0,1.0,-1,1,68.0744,21,Replayed,9.0
-1.0,0.0,-1,1,59.151684,21,Replayed,1.0
9.0,0.0,-1,0,54.108627,21,Replayed,9.0
-5.0,0.0,1,0,53.470325,21,Replayed,5.0
3.0,1.0,1,1,59.826756,21,Replayed,3.0
-38.0,1.0,-1,1,90.3927,21,Replayed,38.0
3.0,1.0,-1,0,55.83542,21,Replayed,3.0
5.0,-1.0,-1,0,55.763382,21,Replayed,5.0
-5.0,-1.0,-1,1,62.607418,21,Replayed,5.0
1.0,-1.0,1,1,57.460793,21,Replayed,1.0
5.0,1.0,1,1,61.322655,21,Replayed,5.0
-9.0,0.0,-1,1,67.92277,21,Replayed,9.0
1.0,1.0,1,1,57.476467,21,Replayed,1.0
1.0,-1.0,1,1,57.15405,21,Replayed,1.0
3.0,0.0,1,1,59.570545,21,Replayed,3.0
-1.0,-1.0,1,0,55.43059,21,Replayed,1.0
3.0,0.0,1,1,59.510075,21,Replayed,3.0
-9.0,1.0,-1,1,67.922005,21,Replayed,9.0
3.0,1.0,1,1,59.406788,21,Replayed,3.0
-9.0,0.0,-1,1,68.44827,21,Replayed,9.0
1.0,-1.0,-1,0,55.877865,21,Replayed,1.0
-38.0,0.0,-1,1,90.97671,21,Replayed,38.0
-5.0,0.0,-1,1,64.44282,21,Replayed,5.0
-1.0,0.0,-1,1,58.39612,21,Replayed,1.0
9.0,1.0,1,1,66.383606,21,Replayed,9.0
-3.0,-1.0,-1,1,61.576813,21,Replayed,3.0
-38.0,0.0,-1,1,90.6536,21,Replayed,38.0
-9.0,-1.0,-1,1,68.60476,21,Replayed,9.0
5.0,1.0,1,1,62.4496,21,Replayed,5.0
3.0,0.0,1,1,60.445065,21,Replayed,3.0
9.0,0.0,-1,0,53.054893,21,Replayed,9.0
3.0,0.0,1,1,60.43635,21,Replayed,3.0
-5.0,1.0,-1,1,63.273804,21,Replayed,5.0
9.0,0.0,1,1,66.06808,21,Replayed,9.0
3.0,1.0,-1,0,56.24181,21,Replayed,3.0
9.0,-1.0,-1,0,52.560764,21,Replayed,9.0
9.0,1.0,1,1,66.54111,21,Replayed,9.0
-1.0,0.0,-1,1,59.909283,21,Replayed,1.0
1.0,1.0,-1,0,57.905476,21,Replayed,1.0
-3.0,-1.0,-1,1,60.67387,21,Replayed,3.0
-1.0,1.0,-1,1,60.42456,21,Replayed,1.0
5.0,-1.0,1,1,62.313736,21,Replayed,5.0
-1.0,-1.0,1,0,55.065258,21,Replayed,1.0
1.0,0.0,-1,0,56.386536,21,Replayed,1.0
-3.0,0.0,1,0,54.797726,21,Replayed,3.0
1.0,-1.0,-1,0,57.573692,21,Replayed,1.0
38.0,0.0,1,1,89.61021,21,Replayed,38.0
9.0,1.0,1,1,66.89606,21,Replayed,9.0
9.0,0.0,1,1,66.78666,21,Replayed,9.0
3.0,0.0,-1,0,57.367836,21,Replayed,3.0
5.0,-1.0,1,1,62.91137,21,Replayed,5.0
5.0,1.0,-1,0,54.524498,21,Replayed,5.0
38.0,0.0,1,1,90.06592,21,Replayed,38.0
5.0,-1.0,-1,0,57.013367,21,Replayed,5.0
-1.0,1.0,1,0,55.7013,21,Replayed,1.0
-9.0,0.0,-1,1,68.49843,21,Replayed,9.0
9.0,-1.0,1,1,65.665115,21,Replayed,9.0
9.0,0.0,-1,0,53.79165,21,Replayed,9.0
5.0,0.0,1,1,61.880177,21,Replayed,5.0
-1.0,0.0,-1,1,57.914753,21,Replayed,1.0
-1.0,1.0,-1,1,58.158527,21,Replayed,1.0
-1.0,1.0,1,0,56.03375,21,Replayed,1.0
-1.0,1.0,-1,1,58.99028,21,Replayed,1.0
3.0,0.0,1,1,59.0232,21,Replayed,3.0
-1.0,-1.0,-1,1,54.752235,22,Replayed,1.0
-9.0,-1.0,-1,1,60.90895,22,Replayed,9.0
3.0,-1.0,1,1,53.68234,22,Replayed,3.0
-9.0,1.0,1,0,45.329224,22,Replayed,9.0
9.0,0.0,-1,0,47.358097,22,Replayed,9.0
-3.0,1.0,-1,1,58.293556,22,Replayed,3.0
38.0,-1.0,1,1,82.09039,22,Replayed,38.0
9.0,1.0,-1,0,48.891037,22,Replayed,9.0
-3.0,-1.0,1,0,48.56814,22,Replayed,3.0
5.0,1.0,1,1,56.74657,22,Replayed,5.0
5.0,1.0,1,1,58.11156,22,Replayed,5.0
38.0,0.0,1,1,82.74428,22,Replayed,38.0
38.0,-1.0,1,1,81.51159,22,Replayed,38.0
-38.0,1.0,-1,1,84.88594,22,Replayed,38.0
9.0,-1.0,1,1,59.025364,22,Replayed,9.0
-1.0,-1.0,1,0,49.109406,22,Replayed,1.0
9.0,-1.0,1,1,58.68268,22,Replayed,9.0
-38.0,-1.0,-1,1,83.43746,22,Replayed,38.0
-1.0,1.0,-1,1,55.239357,22,Replayed,1.0
3.0,-1.0,-1,0,51.629795,22,Replayed,3.0
3.0,-1.0,-1,0,51.487446,22,Replayed,3.0
38.0,0.0,1,1,82.588135,22,Replayed,38.0
-9.0,-1.0,-1,1,62.87169,22,Replayed,9.0
-3.0,-1.0,-1,1,56.082325,22,Replayed,3.0
-9.0,1.0,-1,1,63.47634,22,Replayed,9.0
5.0,0.0,1,1,56.6386,22,Replayed,5.0
1.0,1.0,-1,0,53.979374,22,Replayed,1.0
3.0,1.0,1,1,54.512318,22,Replayed,3.0
38.0,1.0,1,1,83.669975,22,Replayed,38.0
5.0,0.0,1,1,56.61495,22,Replayed,5.0
5.0,1.0,1,1,57.87217,22,Replayed,5.0
38.0,1.0,1,1,83.55748,22,Replayed,38.0
-3.0,1.0,1,0,50.301743,22,Replayed,3.0
5.0,-1.0,1,1,55.654686,22,Replayed,5.0
1.0,-1.0,-1,0,52.562756,22,Replayed,1.0
-5.0,0.0,-1,1,57.851746,22,Replayed,5.0
-5.0,0.0,-1,1,59.30291,22,Replayed,5.0
-1.0,1.0,-1,1,55.832058,22,Replayed,1.0
38.0,-1.0,1,1,82.13464,22,Replayed,38.0
-1.0,-1.0,1,0,49.488567,22,Replayed,1.0
38.0,-1.0,1,1,81.701294,22,Replayed,38.0
1.0,-1.0,1,1,51.17274,22,Replayed,1.0
5.0,-1.0,1,1,54.87641,22,Replayed,5.0
-9.0,0.0,-1,1,62.29862,22,Replayed,9.0
-5.0,-1.0,1,0,47.121758,22,Replayed,5.0
9.0,0.0,-1,0,46.453728,22,Replayed,9.0
3.0,1.0,1,1,55.68862,22,Replayed,3.0
-9.0,1.0,-1,1,63.96622,22,Replayed,9.0
3.0,0.0,1,1,54.511497,22,Replayed,3.0
-5.0,-1.0,1,0,47.82822,22,Replayed,5.0
3.0,1.0,1,1,55.825024,22,Replayed,3.0
-3.0,-1.0,1,0,48.586376,22,Replayed,3.0
3.0,-1.0,-1,0,51.209606,22,Replayed,3.0
38.0,1.0,1,1,83.36088,22,Replayed,38.0
5.0,0.0,1,1,57.375847,22,Replayed,5.0
38.0,-1.0,1,1,82.056526,22,Replayed,38.0
-3.0,1.0,-1,1,58.27709,22,Replayed,3.0
-3.0,1.0,1,0,50.77287,22,Replayed,3.0
-5.0,1.0,-1,1,59.47516,22,Replayed,5.0
-5.0,0.0,-1,1,58.89591,22,Replayed,5.0
-1.0,0.0,-1,1,55.851257,22,Replayed,1.0
1.0,1.0,1,1,53.226234,22,Replayed,1.0
3.0,-1.0,-1,0,51.319736,22,Replayed,3.0
9.0,-1.0,1,1,59.246838,22,Replayed,9.0
-1.0,-1.0,1,0,51.08828,22,Replayed,1.0
-38.0,-1.0,-1,1,83.23669,22,Replayed,38.0
-5.0,1.0,-1,1,59.691555,22,Replayed,5.0
5.0,0.0,-1,0,51.341946,22,Replayed,5.0
1.0,1.0,-1,0,54.272957,22,Replayed,1.0
5.0,1.0,-1,0,51.534737,22,Replayed,5.0
-1.0,1.0,-1,1,55.936485,22,Replayed,1.0
-1.0,1.0,1,0,51.875072,22,Replayed,1.0
-9.0,-1.0,-1,1,62.190258,22,Replayed,9.0
9.0,-1.0,1,1,59.391205,22,Replayed,9.0
-38.0,1.0,-1,1,84.75567,22,Replayed,38.0
9.0,0.0,1,1,58.822792,22,Replayed,9.0
1.0,0.0,-1,0,51.994335,22,Replayed,1.0
-1.0,-1.0,1,0,49.57882,22,Replayed,1.0
-1.0,0.0,-1,1,55.00952,22,Replayed,1.0
38.0,0.0,1,1,82.696594,22,Replayed,38.0
-3.0,0.0,1,0,49.33202,22,Replayed,3.0
-38.0,0.0,-1,1,84.05271,22,Replayed,38.0
38.0,0.0,1,1,82.65666,22,Replayed,38.0
38.0,1.0,1,1,83.63245,22,Replayed,38.0
-9.0,1.0,-1,1,64.00301,22,Replayed,9.0
38.0,0.0,1,1,82.98016,22,Replayed,38.0
9.0,-1.0,1,1,59.599503,22,Replayed,9.0
-9.0,0.0,-1,1,62.78141,22,Replayed,9.0
-9.0,-1.0,-1,1,62.018288,22,Replayed,9.0
-1.0,0.0,-1,1,55.216686,22,Replayed,1.0
-38.0,0.0,-1,1,84.409584,22,Replayed,38.0
5.0,-1.0,1,1,55.461727,22,Replayed,5.0
5.0,0.0,-1,0,50.332314,22,Replayed,5.0
-38.0,0.0,-1,1,84.47308,22,Replayed,38.0
-3.0,0.0,1,0,49.49648,22,Replayed,3.0
1.0,0.0,-1,0,53.59403,22,Replayed,1.0
1.0,0.0,1,1,52.725315,22,Replayed,1.0
5.0,0.0,1,1,55.743225,22,Replayed,5.0
3.0,1.0,1,1,53.857224,22,Replayed,3.0
1.0,0.0,-1,0,52.48506,22,Replayed,1.0
1.0,1.0,-1,0,53.93615,22,Replayed,1.0
-5.0,-1.0,1,0,46.879963,22,Replayed,5.0
38.0,1.0,1,1,83.408035,22,Replayed,38.0
38.0,1.0,1,1,83.76149,22,Replayed,38.0
-1.0,0.0,-1,1,54.655296,22,Replayed,1.0
5.0,0.0,-1,0,49.168797,22,Replayed,5.0
-3.0,-1.0,-1,1,56.57462,22,Replayed,3.0
3.0,0.0,1,1,55.69154,22,Replayed,3.0
-5.0,-1.0,-1,1,58.08507,22,Replayed,5.0
-38.0,-1.0,-1,1,84.15741,22,Replayed,38.0
3.0,1.0,1,1,55.876057,22,Replayed,3.0
-3.0,0.0,-1,1,57.77061,22,Replayed,3.0
-9.0,-1.0,-1,1,62.4078,22,Replayed,9.0
-5.0,-1.0,-1,1,57.88077,22,Replayed,5.0
9.0,1.0,1,1,60.767914,22,Replayed,9.0
1.0,-1.0,1,1,51.582687,22,Replayed,1.0
5.0,1.0,-1,0,50.732506,22,Replayed,5.0
9.0,-1.0,1,1,58.453156,22,Replayed,9.0
1.0,0.0,-1,0,53.252254,22,Replayed,1.0
-1.0,0.0,-1,1,55.558075,22,Replayed,1.0
3.0,-1.0,-1,0,50.68773,22,Replayed,3.0
-9.0,0.0,-1,1,63.383778,22,Replayed,9.0
5.0,-1.0,-1,0,49.41456,22,Replayed,5.0
5.0,1.0,1,1,56.51266,22,Replayed,5.0
-1.0,1.0,1,0,50.903107,22,Replayed,1.0
-38.0,-1.0,-1,1,83.84624,22,Replayed,38.0
-1.0,-1.0,-1,1,54.112972,22,Replayed,1.0
-3.0,0.0,-1,1,55.615807,22,Replayed,3.0
-38.0,0.0,-1,1,83.945175,22,Replayed,38.0
-3.0,1.0,-1,1,58.452297,22,Replayed,3.0
-5.0,0.0,-1,1,59.105396,22,Replayed,5.0
9.0,0.0,1,1,59.867523,22,Replayed,9.0
-3.0,-1.0,-1,1,56.98855,22,Replayed,3.0
38.0,1.0,1,1,82.87013,22,Replayed,38.0
-9.0,-1.0,-1,1,60.688477,22,Replayed,9.0
1.0,1.0,1,1,53.28009,22,Replayed,1.0
5.0,-1.0,-1,0,48.969933,22,Replayed,5.0
1.0,0.0,-1,0,53.795296,22,Replayed,1.0
-3.0,0.0,-1,1,58.3791,22,Replayed,3.0
38.0,-1.0,1,1,81.69533,22,Replayed,38.0
3.0,0.0,-1,0,51.620304,22,Replayed,3.0
-38.0,1.0,-1,1,85.17779,22,Replayed,38.0
-5.0,1.0,-1,1,61.564182,22,Replayed,5.0
-5.0,0.0,-1,1,58.770008,22,Replayed,5.0
-1.0,-1.0,1,0,50.197178,22,Replayed,1.0
3.0,0.0,1,1,55.190575,22,Replayed,3.0
3.0,0.0,-1,0,51.92675,22,Replayed,3.0
-9.0,1.0,-1,1,64.28431,22,Replayed,9.0
1.0,0.0,1,1,52.102135,22,Replayed,1.0
-5.0,1.0,-1,1,59.518982,22,Replayed,5.0
3.0,-1.0,1,1,53.07116,22,Replayed,3.0
-3.0,1.0,-1,1,57.3402,22,Replayed,3.0
-5.0,0.0,-1,1,59.060295,22,Replayed,5.0
9.0,1.0,1,1,60.664993,22,Replayed,9.0
-1.0,1.0,1,0,50.709213,22,Replayed,1.0
-3.0,0.0,-1,1,57.63146,22,Replayed,3.0
3.0,0.0,-1,0,52.449036,22,Replayed,3.0
-3.0,0.0,1,0,49.01967,22,Replayed,3.0
-38.0,0.0,-1,1,83.79356,22,Replayed,38.0
1.0,1.0,-1,0,53.526325,22,Replayed,1.0
9.0,1.0,-1,0,48.387856,22,Replayed,9.0
1.0,0.0,1,1,53.868397,22,Replayed,1.0
38.0,0.0,1,1,82.58725,22,Replayed,38.0
9.0,1.0,1,1,60.584534,22,Replayed,9.0
-3.0,1.0,-1,1,57.265694,22,Replayed,3.0
9.0,1.0,1,1,61.38618,22,Replayed,9.0
1.0,1.0,-1,0,54.047764,22,Replayed,1.0
-5.0,-1.0,1,0,46.552387,22,Replayed,5.0
-1.0,0.0,-1,1,54.732662,22,Replayed,1.0
38.0,-1.0,1,1,81.95228,22,Replayed,38.0
-5.0,-1.0,1,0,46.265133,22,Replayed,5.0
9.0,0.0,1,1,59.662334,22,Replayed,9.0
-1.0,0.0,1,0,51.18724,22,Replayed,1.0
38.0,0.0,1,1,83.23821,22,Replayed,38.0
-9.0,0.0,-1,1,62.428646,22,Replayed,9.0
-38.0,0.0,-1,1,84.4369,22,Replayed,38.0
-3.0,1.0,-1,1,57.480274,22,Replayed,3.0
9.0,-1.0,-1,0,46.464466,22,Replayed,9.0
-5.0,1.0,-1,1,60.506535,22,Replayed,5.0
-1.0,-1.0,1,0,50.675835,22,Replayed,1.0
-38.0,1.0,-1,1,85.33846,22,Replayed,38.0
1.0,-1.0,1,1,51.580418,22,Replayed,1.0
-38.0,1.0,-1,1,84.84244,22,Replayed,38.0
9.0,0.0,-1,0,47.271626,22,Replayed,9.0
38.0,-1.0,1,1,81.23846,22,Replayed,38.0
-5.0,1.0,-1,1,59.37638,22,Replayed,5.0
-9.0,0.0,-1,1,61.77218,22,Replayed,9.0
-9.0,1.0,-1,1,64.16626,22,Replayed,9.0
-5.0,0.0,-1,1,58.654724,22,Replayed,5.0
-5.0,-1.0,-1,1,57.39271,22,Replayed,5.0
-1.0,1.0,-1,1,56.48134,22,Replayed,1.0
5.0,0.0,1,1,55.40979,22,Replayed,5.0
3.0,1.0,1,1,55.108814,22,Replayed,3.0
-38.0,-1.0,-1,1,83.48232,22,Replayed,38.0
-3.0,0.0,1,0,49.253277,22,Replayed,3.0
-38.0,0.0,-1,1,84.40862,22,Replayed,38.0
-9.0,-1.0,1,0,43.926865,22,Replayed,9.0
-5.0,1.0,-1,1,60.581432,22,Replayed,5.0
-9.0,0.0,-1,1,61.69784,22,Replayed,9.0
5.0,1.0,-1,0,52.03703,22,Replayed,5.0
1.0,-1.0,1,1,51.55989,22,Replayed,1.0
5.0,-1.0,-1,0,49.307926,22,Replayed,5.0
-38.0,1.0,-1,1,85.52673,22,Replayed,38.0
9.0,0.0,1,1,59.35914,22,Replayed,9.0
-5.0,1.0,-1,1,59.854553,22,Replayed,5.0
1.0,-1.0,-1,0,52.540833,22,Replayed,1.0
9.0,0.0,1,1,59.540974,22,Replayed,9.0
9.0,1.0,1,1,60.787743,22,Replayed,9.0
3.0,0.0,1,1,53.777443,22,Replayed,3.0
9.0,-1.0,1,1,59.623016,22,Replayed,9.0
5.0,-1.0,1,1,57.01456,22,Replayed,5.0
38.0,1.0,1,1,83.661415,22,Replayed,38.0
-9.0,0.0,1,0,44.386074,22,Replayed,9.0
5.0,1.0,-1,0,51.32211,22,Replayed,5.0
3.0,1.0,-1,0,51.881092,22,Replayed,3.0
-38.0,1.0,-1,1,84.92129,22,Replayed,38.0
-5.0,0.0,-1,1,58.300472,22,Replayed,5.0
3.0,1.0,1,1,55.71398,22,Replayed,3.0
-9.0,-1.0,-1,1,61.34225,22,Replayed,9.0
1.0,-1.0,-1,0,52.54116,22,Replayed,1.0
-38.0,-1.0,-1,1,83.358696,22,Replayed,38.0
1.0,1.0,1,1,53.32487,22,Replayed,1.0
1.0,-1.0,-1,0,52.78588,22,Replayed,1.0
-9.0,1.0,-1,1,63.41748,22,Replayed,9.0
-1.0,0.0,1,0,50.887417,22,Replayed,1.0
-3.0,-1.0,-1,1,56.34395,22,Replayed,3.0
-38.0,-1.0,-1,1,83.421394,22,Replayed,38.0
9.0,1.0,-1,0,48.525867,22,Replayed,9.0
-9.0,1.0,-1,1,63.68225,22,Replayed,9.0
-3.0,-1.0,1,0,47.785114,22,Replayed,3.0
-1.0,1.0,-1,1,55.511833,22,Replayed,1.0
5.0,-1.0,1,1,54.889767,22,Replayed,5.0
-9.0,0.0,-1,1,63.180393,22,Replayed,9.0
-38.0,1.0,-1,1,85.09368,22,Replayed,38.0
9.0,-1.0,1,1,58.315235,23,Replayed,9.0
9.0,0.0,1,1,57.386326,23,Replayed,9.0
38.0,1.0,1,1,79.74427,23,Replayed,38.0
-1.0,1.0,1,0,48.23159,23,Replayed,1.0
3.0,0.0,1,1,52.6888,23,Replayed,3.0
3.0,0.0,1,1,52.73197,23,Replayed,3.0
38.0,1.0,1,1,79.13255,23,Replayed,38.0
-1.0,0.0,-1,1,52.48043,23,Replayed,1.0
5.0,1.0,1,1,55.065983,23,Replayed,5.0
5.0,1.0,1,1,54.12014,23,Replayed,5.0
1.0,0.0,1,1,51.481056,23,Replayed,1.0
-1.0,-1.0,-1,1,52.866566,23,Replayed,1.0
-5.0,1.0,-1,1,54.678978,23,Replayed,5.0
-38.0,1.0,-1,1,80.04656,23,Replayed,38.0
1.0,-1.0,1,1,52.08329,23,Replayed,1.0
5.0,-1.0,-1,0,48.92738,23,Replayed,5.0
3.0,1.0,-1,0,47.9697,23,Replayed,3.0
1.0,1.0,-1,0,49.9435,23,Replayed,1.0
-38.0,-1.0,-1,1,81.571976,23,Replayed,38.0
1.0,0.0,1,1,49.88106,23,Replayed,1.0
9.0,0.0,1,1,58.066017,23,Replayed,9.0
-3.0,-1.0,-1,1,54.251915,23,Replayed,3.0
5.0,0.0,1,1,54.72635,23,Replayed,5.0
1.0,0.0,-1,0,50.222237,23,Replayed,1.0
1.0,-1.0,-1,0,51.422153,23,Replayed,1.0
38.0,-1.0,1,1,80.67384,23,Replayed,38.0
-9.0,0.0,-1,1,58.4736,23,Replayed,9.0
-1.0,0.0,1,0,49.050945,23,Replayed,1.0
-3.0,-1.0,-1,1,55.02226,23,Replayed,3.0
-3.0,1.0,-1,1,52.82775,23,Replayed,3.0
38.0,-1.0,1,1,81.46096,23,Replayed,38.0
38.0,1.0,1,1,79.29907,23,Replayed,38.0
38.0,1.0,1,1,79.46214,23,Replayed,38.0
-38.0,0.0,-1,1,81.61047,23,Replayed,38.0
-5.0,1.0,-1,1,54.885143,23,Replayed,5.0
-38.0,-1.0,-1,1,81.70761,23,Replayed,38.0
3.0,1.0,-1,0,48.67337,23,Replayed,3.0
38.0,0.0,1,1,80.41847,23,Replayed,38.0
5.0,-1.0,1,1,53.468494,23,Replayed,5.0
-38.0,1.0,-1,1,80.31707,23,Replayed,38.0
3.0,-1.0,1,1,52.774136,23,Replayed,3.0
-38.0,-1.0,-1,1,81.91107,23,Replayed,38.0
-3.0,-1.0,-1,1,54.879803,23,Replayed,3.0
-1.0,-1.0,-1,1,53.34748,23,Replayed,1.0
38.0,-1.0,1,1,81.085045,23,Replayed,38.0
5.0,-1.0,1,1,54.541077,23,Replayed,5.0
-9.0,0.0,-1,1,58.70088,23,Replayed,9.0
-1.0,1.0,1,0,48.770256,23,Replayed,1.0
5.0,1.0,-1,0,46.225433,23,Replayed,5.0
-9.0,-1.0,-1,1,59.802074,23,Replayed,9.0
-3.0,-1.0,1,0,48.750107,23,Replayed,3.0
38.0,1.0,1,1,79.04662,23,Replayed,38.0
5.0,1.0,1,1,54.39755,23,Replayed,5.0
1.0,0.0,1,1,51.017666,23,Replayed,1.0
-1.0,1.0,-1,1,52.598934,23,Replayed,1.0
-38.0,-1.0,-1,1,81.53014,23,Replayed,38.0
-3.0,1.0,1,0,47.67662,23,Replayed,3.0
-1.0,-1.0,-1,1,52.462013,23,Replayed,1.0
-9.0,1.0,-1,1,58.28175,23,Replayed,9.0
-3.0,1.0,-1,1,53.4972,23,Replayed,3.0
-1.0,1.0,-1,1,51.713585,23,Replayed,1.0
-9.0,-1.0,-1,1,60.02657,23,Replayed,9.0
9.0,-1.0,1,1,59.153946,23,Replayed,9.0
9.0,0.0,1,1,57.68794,23,Replayed,9.0
3.0,0.0,1,1,52.97159,23,Replayed,3.0
-5.0,0.0,-1,1,55.94827,23,Replayed,5.0
-3.0,1.0,-1,1,53.317356,23,Replayed,3.0
38.0,0.0,1,1,80.020004,23,Replayed,38.0
1.0,-1.0,-1,0,51.445435,23,Replayed,1.0
5.0,1.0,1,1,54.38237,23,Replayed,5.0
-5.0,0.0,-1,1,55.877964,23,Replayed,5.0
3.0,0.0,-1,0,48.651855,23,Replayed,3.0
-9.0,-1.0,1,0,43.943974,23,Replayed,9.0
-38.0,1.0,-1,1,80.122246,23,Replayed,38.0
5.0,0.0,-1,0,48.04317,23,Replayed,5.0
3.0,-1.0,1,1,52.932972,23,Replayed,3.0
-38.0,0.0,-1,1,81.13003,23,Replayed,38.0
9.0,1.0,1,1,58.565784,23,Replayed,9.0
3.0,1.0,-1,0,49.136677,23,Replayed,3.0
9.0,-1.0,1,1,58.666187,23,Replayed,9.0
38.0,0.0,1,1,80.6846,23,Replayed,38.0
-5.0,-1.0,-1,1,55.741035,23,Replayed,5.0
-1.0,-1.0,1,0,50.097294,23,Replayed,1.0
-38.0,-1.0,-1,1,82.61329,23,Replayed,38.0
3.0,1.0,1,1,51.898033,23,Replayed,3.0
-9.0,-1.0,-1,1,59.89507,23,Replayed,9.0
-38.0,1.0,-1,1,80.10897,23,Replayed,38.0
9.0,1.0,1,1,57.583607,23,Replayed,9.0
-1.0,1.0,-1,1,52.100502,23,Replayed,1.0
5.0,0.0,1,1,53.56586,23,Replayed,5.0
-3.0,-1.0,-1,1,53.88567,23,Replayed,3.0
9.0,1.0,1,1,57.241123,23,Replayed,9.0
38.0,-1.0,1,1,80.983574,23,Replayed,38.0
38.0,0.0,1,1,79.94356,23,Replayed,38.0
1.0,1.0,-1,0,50.4314,23,Replayed,1.0
-38.0,1.0,-1,1,79.57515,23,Replayed,38.0
-38.0,0.0,-1,1,80.289116,23,Replayed,38.0
-5.0,0.0,-1,1,54.594666,23,Replayed,5.0
9.0,1.0,1,1,57.20414,23,Replayed,9.0
1.0,0.0,-1,0,50.670017,23,Replayed,1.0
3.0,0.0,-1,0,48.43971,23,Replayed,3.0
-5.0,1.0,-1,1,55.470974,23,Replayed,5.0
9.0,-1.0,1,1,59.5631,23,Replayed,9.0
3.0,0.0,1,1,53.415977,23,Replayed,3.0
-9.0,0.0,-1,1,60.9673,23,Replayed,9.0
-38.0,0.0,-1,1,80.45166,23,Replayed,38.0
5.0,-1.0,1,1,54.92913,23,Replayed,5.0
-1.0,1.0,-1,1,52.17761,23,Replayed,1.0
9.0,1.0,1,1,57.807167,23,Replayed,9.0
5.0,-1.0,1,1,56.293087,23,Replayed,5.0
9.0,-1.0,1,1,58.894104,23,Replayed,9.0
-3.0,0.0,-1,1,53.60931,23,Replayed,3.0
3.0,-1.0,1,1,53.289043,23,Replayed,3.0
5.0,-1.0,1,1,55.870384,23,Replayed,5.0
1.0,0.0,1,1,50.85432,23,Replayed,1.0
9.0,1.0,1,1,57.95287,23,Replayed,9.0
-3.0,-1.0,-1,1,54.197998,23,Replayed,3.0
38.0,0.0,1,1,80.61401,23,Replayed,38.0
-3.0,1.0,1,0,47.444405,23,Replayed,3.0
-1.0,0.0,1,0,50.78053,23,Replayed,1.0
-1.0,-1.0,-1,1,52.45589,23,Replayed,1.0
-38.0,0.0,-1,1,80.82653,23,Replayed,38.0
-5.0,0.0,-1,1,55.63092,23,Replayed,5.0
-3.0,0.0,-1,1,54.201084,23,Replayed,3.0
-9.0,-1.0,-1,1,59.874302,23,Replayed,9.0
3.0,0.0,1,1,52.466465,23,Replayed,3.0
-3.0,0.0,1,0,47.977337,23,Replayed,3.0
-9.0,-1.0,-1,1,59.11066,23,Replayed,9.0
3.0,-1.0,1,1,54.125828,23,Replayed,3.0
38.0,0.0,1,1,80.71128,23,Replayed,38.0
5.0,0.0,1,1,53.93834,23,Replayed,5.0
5.0,0.0,1,1,54.135914,23,Replayed,5.0
1.0,0.0,-1,0,50.67563,23,Replayed,1.0
9.0,0.0,1,1,57.689,23,Replayed,9.0
-5.0,-1.0,-1,1,57.08236,23,Replayed,5.0
1.0,1.0,1,1,50.73232,23,Replayed,1.0
-5.0,1.0,-1,1,55.528214,23,Replayed,5.0
-9.0,0.0,-1,1,59.73751,23,Replayed,9.0
-3.0,1.0,-1,1,53.613136,23,Replayed,3.0
5.0,1.0,1,1,53.690636,23,Replayed,5.0
-9.0,1.0,-1,1,58.36654,23,Replayed,9.0
3.0,-1.0,1,1,52.52799,23,Replayed,3.0
-1.0,-1.0,-1,1,52.246445,23,Replayed,1.0
-3.0,0.0,-1,1,53.709476,23,Replayed,3.0
1.0,0.0,-1,0,51.303642,23,Replayed,1.0
5.0,-1.0,1,1,54.976418,23,Replayed,5.0
9.0,0.0,1,1,57.40193,23,Replayed,9.0
-38.0,0.0,-1,1,80.94595,23,Replayed,38.0
-3.0,0.0,1,0,48.609577,23,Replayed,3.0
-5.0,-1.0,-1,1,56.89584,23,Replayed,5.0
38.0,-1.0,1,1,81.26136,23,Replayed,38.0
-1.0,0.0,-1,1,52.208443,23,Replayed,1.0
-9.0,1.0,-1,1,58.551632,23,Replayed,9.0
-3.0,-1.0,-1,1,53.95262,23,Replayed,3.0
-5.0,-1.0,-1,1,54.895123,23,Replayed,5.0
-38.0,0.0,-1,1,81.02316,23,Replayed,38.0
-9.0,-1.0,-1,1,59.6255,23,Replayed,9.0
38.0,-1.0,1,1,80.342766,23,Replayed,38.0
-3.0,-1.0,-1,1,54.2166,23,Replayed,3.0
-5.0,-1.0,-1,1,56.060886,23,Replayed,5.0
-38.0,0.0,-1,1,80.987915,23,Replayed,38.0
9.0,-1.0,1,1,59.37146,23,Replayed,9.0
3.0,1.0,1,1,52.053337,23,Replayed,3.0
3.0,0.0,1,1,52.62643,23,Replayed,3.0
-1.0,1.0,1,0,49.367847,23,Replayed,1.0
1.0,1.0,-1,0,50.063557,23,Replayed,1.0
5.0,1.0,1,1,55.04014,23,Replayed,5.0
1.0,1.0,1,1,50.972313,23,Replayed,1.0
3.0,1.0,1,1,52.58313,23,Replayed,3.0
-38.0,-1.0,-1,1,81.647156,23,Replayed,38.0
38.0,1.0,1,1,79.53544,23,Replayed,38.0
3.0,-1.0,1,1,53.67723,23,Replayed,3.0
-1.0,-1.0,-1,1,52.922855,23,Replayed,1.0
-5.0,-1.0,-1,1,56.566685,23,Replayed,5.0
-5.0,0.0,-1,1,57.074768,23,Replayed,5.0
3.0,1.0,1,1,51.852386,23,Replayed,3.0
-38.0,-1.0,-1,1,81.671486,23,Replayed,38.0
38.0,-1.0,1,1,81.42249,23,Replayed,38.0
1.0,-1.0,1,1,51.245354,23,Replayed,1.0
-9.0,0.0,-1,1,59.407036,23,Replayed,9.0
-38.0,1.0,-1,1,80.58628,23,Replayed,38.0
1.0,1.0,-1,0,49.41487,23,Replayed,1.0
-1.0,-1.0,-1,1,53.273304,23,Replayed,1.0
1.0,-1.0,1,1,52.104706,23,Replayed,1.0
-3.0,1.0,1,0,46.943653,23,Replayed,3.0
9.0,-1.0,-1,0,43.691902,23,Replayed,9.0
38.0,1.0,1,1,78.98421,23,Replayed,38.0
38.0,0.0,1,1,80.69793,23,Replayed,38.0
3.0,1.0,1,1,52.006115,23,Replayed,3.0
3.0,-1.0,1,1,53.269707,23,Replayed,3.0
5.0,0.0,1,1,53.989853,23,Replayed,5.0
38.0,1.0,1,1,79.285904,23,Replayed,38.0
9.0,-1.0,1,1,58.879787,23,Replayed,9.0
-1.0,0.0,1,0,49.475883,23,Replayed,1.0
-9.0,0.0,-1,1,60.044827,23,Replayed,9.0
9.0,1.0,1,1,57.168884,23,Replayed,9.0
-9.0,1.0,-1,1,60.34259,23,Replayed,9.0
9.0,1.0,1,1,58.416485,23,Replayed,9.0
-5.0,0.0,-1,1,54.426838,23,Replayed,5.0
-9.0,1.0,-1,1,59.539574,23,Replayed,9.0
-38.0,-1.0,-1,1,81.62736,23,Replayed,38.0
-3.0,0.0,-1,1,53.324646,23,Replayed,3.0
9.0,0.0,1,1,57.751255,23,Replayed,9.0
3.0,-1.0,1,1,52.5621,23,Replayed,3.0
-1.0,0.0,-1,1,51.44787,23,Replayed,1.0
-1.0,0.0,-1,1,51.840897,23,Replayed,1.0
1.0,1.0,1,1,50.487892,23,Replayed,1.0
-3.0,1.0,-1,1,53.263878,23,Replayed,3.0
-9.0,0.0,-1,1,59.11581,23,Replayed,9.0
9.0,0.0,1,1,58.12235,23,Replayed,9.0
-1.0,0.0,-1,1,52.064377,23,Replayed,1.0
-5.0,1.0,-1,1,55.464245,23,Replayed,5.0
5.0,0.0,-1,0,46.56881,23,Replayed,5.0
-5.0,-1.0,-1,1,56.22227,23,Replayed,5.0
-9.0,-1.0,-1,1,60.214336,23,Replayed,9.0
-9.0,0.0,-1,1,58.894394,23,Replayed,9.0
-5.0,-1.0,-1,1,56.369495,23,Replayed,5.0
9.0,0.0,1,1,58.091568,23,Replayed,9.0
-9.0,1.0,-1,1,58.956425,23,Replayed,9.0
5.0,0.0,1,1,55.20476,23,Replayed,5.0
1.0,-1.0,1,1,50.91046,23,Replayed,1.0
-38.0,1.0,-1,1,79.65906,23,Replayed,38.0
1.0,1.0,-1,0,49.65718,23,Replayed,1.0
-38.0,1.0,-1,1,80.30845,23,Replayed,38.0
-3.0,0.0,-1,1,53.441906,23,Replayed,3.0
-5.0,1.0,-1,1,55.32573,23,Replayed,5.0
9.0,1.0,-1,0,54.161316,24,Replayed,9.0
3.0,1.0,1,1,68.21603,24,Replayed,3.0
-38.0,0.0,-1,1,88.957436,24,Replayed,38.0
-3.0,-1.0,-1,1,62.400375,24,Replayed,3.0
-38.0,0.0,1,0,35.80657,24,Replayed,38.0
5.0,1.0,1,1,69.232666,24,Replayed,5.0
38.0,0.0,1,1,90.92309,24,Replayed,38.0
3.0,0.0,-1,0,57.45951,24,Replayed,3.0
3.0,-1.0,-1,0,56.08543,24,Replayed,3.0
9.0,1.0,1,1,73.52057,24,Replayed,9.0
38.0,1.0,1,1,91.71236,24,Replayed,38.0
-38.0,1.0,-1,1,89.81142,24,Replayed,38.0
-5.0,0.0,1,0,60.55519,24,Replayed,5.0
9.0,0.0,1,1,72.37218,24,Replayed,9.0
-9.0,0.0,1,0,57.175415,24,Replayed,9.0
9.0,0.0,-1,0,53.71896,24,Replayed,9.0
1.0,0.0,-1,0,59.21477,24,Replayed,1.0
1.0,1.0,1,1,66.116615,24,Replayed,1.0
-3.0,0.0,-1,1,63.00001,24,Replayed,3.0
-5.0,1.0,-1,1,65.821,24,Replayed,5.0
-9.0,1.0,-1,1,69.87352,24,Replayed,9.0
-1.0,0.0,1,0,62.144863,24,Replayed,1.0
-38.0,0.0,1,0,35.548786,24,Replayed,38.0
-9.0,-1.0,-1,1,67.00942,24,Replayed,9.0
-5.0,-1.0,1,0,58.832806,24,Replayed,5.0
1.0,-1.0,1,1,64.024445,24,Replayed,1.0
-1.0,1.0,-1,1,60.652626,24,Replayed,1.0
-5.0,1.0,-1,1,65.14881,24,Replayed,5.0
-9.0,1.0,-1,1,70.469376,24,Replayed,9.0
-9.0,-1.0,1,0,56.046867,24,Replayed,9.0
9.0,1.0,-1,0,54.508446,24,Replayed,9.0
1.0,0.0,1,1,64.03006,24,Replayed,1.0
38.0,-1.0,-1,0,30.88858,24,Replayed,38.0
-1.0,0.0,-1,1,59.585934,24,Replayed,1.0
-5.0,-1.0,1,0,58.777966,24,Replayed,5.0
5.0,0.0,1,1,68.474525,24,Replayed,5.0
-5.0,1.0,-1,1,65.3039,24,Replayed,5.0
-5.0,0.0,-1,1,64.40357,24,Replayed,5.0
38.0,1.0,1,1,91.28107,24,Replayed,38.0
1.0,-1.0,1,1,62.616833,24,Replayed,1.0
3.0,1.0,1,1,66.872665,24,Replayed,3.0
3.0,1.0,-1,0,59.71815,24,Replayed,3.0
1.0,-1.0,-1,0,57.450134,24,Replayed,1.0
3.0,1.0,1,1,68.07877,24,Replayed,3.0
-1.0,0.0,1,0,62.966286,24,Replayed,1.0
-3.0,-1.0,1,0,60.272556,24,Replayed,3.0
9.0,0.0,-1,0,53.739708,24,Replayed,9.0
-5.0,0.0,-1,1,63.855736,24,Replayed,5.0
3.0,1.0,1,1,67.71692,24,Replayed,3.0
-9.0,-1.0,-1,1,66.995445,24,Replayed,9.0
-5.0,0.0,-1,1,64.24131,24,Replayed,5.0
3.0,-1.0,-1,0,56.61811,24,Replayed,3.0
-9.0,0.0,1,0,57.536705,24,Replayed,9.0
9.0,-1.0,1,1,71.305725,24,Replayed,9.0
9.0,1.0,1,1,73.44111,24,Replayed,9.0
5.0,-1.0,-1,0,55.09862,24,Replayed,5.0
-9.0,0.0,1,0,57.019497,24,Replayed,9.0
5.0,0.0,1,1,68.5387,24,Replayed,5.0
-1.0,-1.0,1,0,62.470596,24,Replayed,1.0
1.0,0.0,1,1,64.990944,24,Replayed,1.0
-5.0,0.0,1,0,59.834145,24,Replayed,5.0
-38.0,1.0,-1,1,89.71738,24,Replayed,38.0
38.0,0.0,1,1,90.78138,24,Replayed,38.0
3.0,-1.0,-1,0,56.00453,24,Replayed,3.0
-1.0,1.0,1,0,65.4208,24,Replayed,1.0
-1.0,1.0,1,0,64.7137,24,Replayed,1.0
-5.0,1.0,1,0,61.052216,24,Replayed,5.0
-1.0,-1.0,-1,1,60.24724,24,Replayed,1.0
3.0,-1.0,1,1,65.83822,24,Replayed,3.0
-5.0,1.0,-1,1,65.21594,24,Replayed,5.0
9.0,-1.0,1,1,70.78387,24,Replayed,9.0
38.0,0.0,1,1,90.92874,24,Replayed,38.0
-1.0,-1.0,-1,1,60.154976,24,Replayed,1.0
5.0,-1.0,-1,0,53.70488,24,Replayed,5.0
9.0,-1.0,1,1,69.94287,24,Replayed,9.0
-1.0,1.0,1,0,63.842518,24,Replayed,1.0
-3.0,-1.0,-1,1,61.557503,24,Replayed,3.0
-9.0,-1.0,-1,1,66.106735,24,Replayed,9.0
-38.0,-1.0,-1,1,88.12652,24,Replayed,38.0
-1.0,-1.0,1,0,61.196293,24,Replayed,1.0
-3.0,0.0,1,0,61.45809,24,Replayed,3.0
3.0,0.0,1,1,66.273605,24,Replayed,3.0
1.0,-1.0,1,1,63.321095,24,Replayed,1.0
-1.0,0.0,1,0,63.484753,24,Replayed,1.0
9.0,1.0,-1,0,52.861065,24,Replayed,9.0
-5.0,1.0,1,0,60.73068,24,Replayed,5.0
9.0,0.0,1,1,71.75797,24,Replayed,9.0
1.0,1.0,-1,0,59.746986,24,Replayed,1.0
5.0,-1.0,1,1,67.575806,24,Replayed,5.0
9.0,0.0,-1,0,52.91342,24,Replayed,9.0
-9.0,1.0,-1,1,70.349815,24,Replayed,9.0
-3.0,-1.0,1,0,61.271023,24,Replayed,3.0
-9.0,1.0,-1,1,70.17647,24,Replayed,9.0
5.0,-1.0,1,1,67.13434,24,Replayed,5.0
9.0,0.0,-1,0,53.14618,24,Replayed,9.0
38.0,0.0,1,1,90.90578,24,Replayed,38.0
5.0,1.0,1,1,69.33734,24,Replayed,5.0
3.0,1.0,1,1,67.395615,24,Replayed,3.0
-1.0,0.0,1,0,62.851303,24,Replayed,1.0
1.0,0.0,-1,0,59.208046,24,Replayed,1.0
5.0,-1.0,1,1,66.68245,24,Replayed,5.0
-1.0,-1.0,1,0,60.63537,24,Replayed,1.0
1.0,0.0,1,1,64.63656,24,Replayed,1.0
-3.0,1.0,-1,1,63.889236,24,Replayed,3.0
-1.0,0.0,-1,1,60.697765,24,Replayed,1.0
-38.0,-1.0,-1,1,88.97364,24,Replayed,38.0
9.0,1.0,-1,0,54.593094,24,Replayed,9.0
38.0,-1.0,1,1,90.25665,24,Replayed,38.0
-38.0,-1.0,-1,1,88.02451,24,Replayed,38.0
5.0,1.0,1,1,69.76368,24,Replayed,5.0
-3.0,-1.0,1,0,60.974426,24,Replayed,3.0
38.0,1.0,-1,0,33.606556,24,Replayed,38.0
38.0,-1.0,1,1,89.968834,24,Replayed,38.0
-5.0,1.0,-1,1,66.1215,24,Replayed,5.0
-38.0,1.0,1,0,38.371445,24,Replayed,38.0
1.0,0.0,1,1,64.757614,24,Replayed,1.0
9.0,-1.0,1,1,70.31077,24,Replayed,9.0
-3.0,1.0,-1,1,64.09935,24,Replayed,3.0
-3.0,-1.0,-1,1,60.830288,24,Replayed,3.0
-9.0,-1.0,-1,1,66.62437,24,Replayed,9.0
5.0,-1.0,1,1,67.34619,24,Replayed,5.0
-38.0,1.0,-1,1,89.82898,24,Replayed,38.0
-5.0,-1.0,1,0,58.823097,24,Replayed,5.0
1.0,-1.0,1,1,63.547646,24,Replayed,1.0
-5.0,-1.0,1,0,58.69073,24,Replayed,5.0
9.0,-1.0,1,1,71.213196,24,Replayed,9.0
-38.0,1.0,-1,1,89.59386,24,Replayed,38.0
1.0,0.0,-1,0,59.532825,24,Replayed,1.0
-5.0,1.0,-1,1,65.98263,24,Replayed,5.0
1.0,-1.0,1,1,63.533836,24,Replayed,1.0
-5.0,0.0,-1,1,64.88029,24,Replayed,5.0
-1.0,1.0,1,0,63.46923,24,Replayed,1.0
3.0,1.0,-1,0,58.959763,24,Replayed,3.0
-3.0,1.0,1,0,62.445686,24,Replayed,3.0
5.0,1.0,1,1,70.48374,24,Replayed,5.0
38.0,1.0,1,1,91.13647,24,Replayed,38.0
-9.0,1.0,1,0,58.547855,24,Replayed,9.0
3.0,-1.0,-1,0,56.470264,24,Replayed,3.0
5.0,0.0,1,1,68.929794,24,Replayed,5.0
3.0,0.0,1,1,66.69945,24,Replayed,3.0
5.0,-1.0,1,1,67.290215,24,Replayed,5.0
3.0,0.0,-1,0,57.913876,24,Replayed,3.0
-3.0,0.0,1,0,61.669785,24,Replayed,3.0
-3.0,1.0,1,0,62.603996,24,Replayed,3.0
3.0,0.0,-1,0,56.881245,24,Replayed,3.0
5.0,0.0,1,1,69.218796,24,Replayed,5.0
-38.0,1.0,-1,1,90.21643,24,Replayed,38.0
-1.0,0.0,1,0,62.74683,24,Replayed,1.0
-3.0,0.0,-1,1,62.278282,24,Replayed,3.0
-3.0,-1.0,1,0,60.885925,24,Replayed,3.0
38.0,0.0,1,1,90.57371,24,Replayed,38.0
5.0,0.0,1,1,68.761925,24,Replayed,5.0
-3.0,1.0,1,0,62.67961,24,Replayed,3.0
-5.0,-1.0,-1,1,63.259613,24,Replayed,5.0
-9.0,1.0,1,0,58.689316,24,Replayed,9.0
3.0,0.0,1,1,66.74623,24,Replayed,3.0
9.0,0.0,1,1,72.21656,24,Replayed,9.0
-3.0,0.0,1,0,62.27137,24,Replayed,3.0
-38.0,-1.0,-1,1,87.69761,24,Replayed,38.0
3.0,0.0,1,1,65.20686,24,Replayed,3.0
5.0,1.0,-1,0,56.119865,24,Replayed,5.0
5.0,1.0,-1,0,56.419106,24,Replayed,5.0
3.0,-1.0,-1,0,55.89982,24,Replayed,3.0
-9.0,-1.0,-1,1,67.773285,24,Replayed,9.0
-38.0,-1.0,-1,1,88.11394,24,Replayed,38.0
5.0,-1.0,1,1,67.07427,24,Replayed,5.0
9.0,-1.0,1,1,71.13113,24,Replayed,9.0
1.0,-1.0,1,1,63.855225,24,Replayed,1.0
-3.0,0.0,1,0,61.145985,24,Replayed,3.0
1.0,1.0,1,1,66.46913,24,Replayed,1.0
-3.0,0.0,1,0,60.695988,24,Replayed,3.0
38.0,-1.0,1,1,90.17371,24,Replayed,38.0
38.0,0.0,1,1,90.92963,24,Replayed,38.0
38.0,1.0,1,1,91.72504,24,Replayed,38.0
-9.0,0.0,1,0,57.429237,24,Replayed,9.0
1.0,1.0,-1,0,61.096138,24,Replayed,1.0
1.0,1.0,1,1,66.48332,24,Replayed,1.0
3.0,-1.0,1,1,65.12158,24,Replayed,3.0
-3.0,1.0,-1,1,64.17269,24,Replayed,3.0
-9.0,0.0,-1,1,69.36029,24,Replayed,9.0
9.0,-1.0,1,1,69.9469,24,Replayed,9.0
-38.0,-1.0,-1,1,87.65889,24,Replayed,38.0
-3.0,0.0,1,0,61.505802,24,Replayed,3.0
3.0,0.0,1,1,66.09324,24,Replayed,3.0
-3.0,-1.0,-1,1,61.54406,24,Replayed,3.0
-9.0,1.0,1,0,58.972816,24,Replayed,9.0
-38.0,0.0,-1,1,89.104614,24,Replayed,38.0
38.0,1.0,1,1,91.219345,24,Replayed,38.0
3.0,1.0,-1,0,57.906605,24,Replayed,3.0
5.0,0.0,1,1,68.21934,24,Replayed,5.0
-9.0,1.0,1,0,59.267796,24,Replayed,9.0
-3.0,1.0,-1,1,64.47296,24,Replayed,3.0
-5.0,-1.0,1,0,59.50471,24,Replayed,5.0
-9.0,-1.0,-1,1,66.720924,24,Replayed,9.0
9.0,1.0,1,1,72.83969,24,Replayed,9.0
-5.0,0.0,-1,1,64.895836,24,Replayed,5.0
9.0,0.0,1,1,72.45488,24,Replayed,9.0
1.0,-1.0,1,1,63.29123,24,Replayed,1.0
-9.0,0.0,-1,1,68.21322,24,Replayed,9.0
38.0,0.0,1,1,90.66414,24,Replayed,38.0
-9.0,0.0,-1,1,68.88035,24,Replayed,9.0
38.0,1.0,1,1,91.33713,24,Replayed,38.0
-1.0,1.0,1,0,62.910576,24,Replayed,1.0
9.0,-1.0,1,1,70.244774,24,Replayed,9.0
-1.0,1.0,-1,1,61.967922,24,Replayed,1.0
5.0,0.0,1,1,68.479744,24,Replayed,5.0
-38.0,0.0,-1,1,89.60261,24,Replayed,38.0
38.0,1.0,1,1,91.24689,24,Replayed,38.0
-38.0,-1.0,-1,1,88.64093,24,Replayed,38.0
-5.0,-1.0,1,0,58.69894,24,Replayed,5.0
-1.0,-1.0,1,0,61.16674,24,Replayed,1.0
-38.0,0.0,-1,1,89.71157,24,Replayed,38.0
5.0,1.0,-1,0,57.196255,24,Replayed,5.0
-38.0,1.0,-1,1,90.15967,24,Replayed,38.0
-38.0,0.0,-1,1,89.37298,24,Replayed,38.0
-5.0,0.0,1,0,59.33557,24,Replayed,5.0
5.0,1.0,1,1,69.41093,24,Replayed,5.0
-38.0,0.0,-1,1,88.85186,24,Replayed,38.0
1.0,1.0,-1,0,60.469425,24,Replayed,1.0
1.0,1.0,1,1,65.59949,24,Replayed,1.0
-38.0,-1.0,-1,1,88.83603,24,Replayed,38.0
38.0,-1.0,1,1,90.40234,24,Replayed,38.0
5.0,0.0,-1,0,55.781208,24,Replayed,5.0
38.0,-1.0,1,1,90.396935,24,Replayed,38.0
-3.0,1.0,-1,1,63.80136,24,Replayed,3.0
-9.0,0.0,-1,1,67.61349,24,Replayed,9.0
-1.0,1.0,1,0,63.75637,24,Replayed,1.0
-9.0,-1.0,-1,1,67.00159,24,Replayed,9.0
3.0,-1.0,1,1,65.66979,24,Replayed,3.0
1.0,0.0,-1,0,59.608658,24,Replayed,1.0
-5.0,-1.0,-1,1,63.313572,24,Replayed,5.0
38.0,0.0,1,1,91.243385,24,Replayed,38.0
-5.0,0.0,-1,1,73.59177,25,Replayed,5.0
1.0,0.0,1,1,64.4974,25,Replayed,1.0
-3.0,-1.0,1,0,48.774242,25,Replayed,3.0
5.0,-1.0,1,1,75.15304,25,Replayed,5.0
-38.0,0.0,-1,1,99.94552,25,Replayed,38.0
-9.0,0.0,-1,1,83.836,25,Replayed,9.0
-9.0,1.0,-1,1,84.836174,25,Replayed,9.0
9.0,0.0,1,1,87.130585,25,Replayed,9.0
-9.0,1.0,-1,1,84.8255,25,Replayed,9.0
1.0,-1.0,1,1,62.867367,25,Replayed,1.0
38.0,1.0,1,1,99.96636,25,Replayed,38.0
-38.0,1.0,-1,1,99.955574,25,Replayed,38.0
-9.0,1.0,-1,1,84.82109,25,Replayed,9.0
9.0,0.0,1,1,86.79552,25,Replayed,9.0
-38.0,1.0,-1,1,99.954185,25,Replayed,38.0
-38.0,0.0,-1,1,99.945724,25,Replayed,38.0
3.0,1.0,1,1,72.748924,25,Replayed,3.0
-9.0,1.0,-1,1,85.33398,25,Replayed,9.0
38.0,1.0,1,1,99.964485,25,Replayed,38.0
-38.0,0.0,-1,1,99.944305,25,Replayed,38.0
9.0,1.0,1,1,88.05788,25,Replayed,9.0
3.0,-1.0,1,1,69.72328,25,Replayed,3.0
1.0,0.0,-1,0,50.352074,25,Replayed,1.0
1.0,0.0,-1,0,50.285767,25,Replayed,1.0
-9.0,-1.0,-1,1,82.611496,25,Replayed,9.0
1.0,1.0,1,1,65.22826,25,Replayed,1.0
-1.0,1.0,1,0,58.58332,25,Replayed,1.0
-9.0,1.0,-1,1,85.39659,25,Replayed,9.0
38.0,0.0,1,1,99.956604,25,Replayed,38.0
-5.0,1.0,-1,1,74.000534,25,Replayed,5.0
-1.0,-1.0,-1,1,55.88535,25,Replayed,1.0
5.0,0.0,-1,0,38.327072,25,Replayed,5.0
5.0,-1.0,-1,0,36.359062,25,Replayed,5.0
9.0,-1.0,1,1,85.430046,25,Replayed,9.0
-5.0,-1.0,-1,1,70.16407,25,Replayed,5.0
1.0,0.0,1,1,64.03824,25,Replayed,1.0
-38.0,-1.0,-1,1,99.92783,25,Replayed,38.0
38.0,0.0,1,1,99.96,25,Replayed,38.0
38.0,0.0,1,1,99.955025,25,Replayed,38.0
-5.0,-1.0,1,0,41.87261,25,Replayed,5.0
38.0,-1.0,1,1,99.94749,25,Replayed,38.0
-1.0,0.0,1,0,57.276978,25,Replayed,1.0
1.0,1.0,-1,0,52.417427,25,Replayed,1.0
5.0,1.0,1,1,79.70968,25,Replayed,5.0
-3.0,0.0,1,0,50.659245,25,Replayed,3.0
5.0,1.0,1,1,79.302505,25,Replayed,5.0
9.0,-1.0,1,1,85.87162,25,Replayed,9.0
3.0,0.0,-1,0,44.698875,25,Replayed,3.0
-38.0,-1.0,-1,1,99.92851,25,Replayed,38.0
-3.0,-1.0,-1,1,64.267334,25,Replayed,3.0
-1.0,1.0,-1,1,59.73696,25,Replayed,1.0
-9.0,0.0,1,0,31.0357,25,Replayed,9.0
1.0,-1.0,1,1,61.972992,25,Replayed,1.0
-3.0,1.0,-1,1,68.502045,25,Replayed,3.0
-9.0,0.0,-1,1,83.59889,25,Replayed,9.0
-5.0,1.0,-1,1,74.452,25,Replayed,5.0
-38.0,-1.0,-1,1,99.93302,25,Replayed,38.0
-38.0,-1.0,-1,1,99.93028,25,Replayed,38.0
3.0,-1.0,-1,0,42.668915,25,Replayed,3.0
5.0,1.0,1,1,79.160416,25,Replayed,5.0
9.0,1.0,1,1,88.15973,25,Replayed,9.0
-9.0,0.0,-1,1,83.6997,25,Replayed,9.0
-9.0,-1.0,-1,1,82.76495,25,Replayed,9.0
-3.0,1.0,-1,1,66.61092,25,Replayed,3.0
3.0,0.0,1,1,71.657715,25,Replayed,3.0
38.0,-1.0,1,1,99.95074,25,Replayed,38.0
3.0,-1.0,1,1,70.0689,25,Replayed,3.0
5.0,0.0,1,1,76.934235,25,Replayed,5.0
38.0,0.0,1,1,99.95532,25,Replayed,38.0
-1.0,0.0,-1,1,58.815586,25,Replayed,1.0
1.0,0.0,1,1,64.79662,25,Replayed,1.0
-1.0,-1.0,-1,1,56.82866,25,Replayed,1.0
-38.0,1.0,-1,1,99.956116,25,Replayed,38.0
3.0,0.0,1,1,70.99992,25,Replayed,3.0
3.0,1.0,-1,0,46.368294,25,Replayed,3.0
5.0,0.0,1,1,77.942245,25,Replayed,5.0
5.0,1.0,1,1,79.18251,25,Replayed,5.0
-1.0,1.0,-1,1,59.420383,25,Replayed,1.0
-3.0,0.0,-1,1,65.62535,25,Replayed,3.0
38.0,1.0,1,1,99.96636,25,Replayed,38.0
-38.0,0.0,-1,1,99.94326,25,Replayed,38.0
-9.0,-1.0,-1,1,82.33341,25,Replayed,9.0
5.0,-1.0,1,1,76.14463,25,Replayed,5.0
1.0,-1.0,-1,0,49.686222,25,Replayed,1.0
-5.0,1.0,-1,1,74.1571,25,Replayed,5.0
1.0,-1.0,1,1,62.031822,25,Replayed,1.0
5.0,-1.0,1,1,75.63034,25,Replayed,5.0
1.0,1.0,1,1,65.977356,25,Replayed,1.0
38.0,1.0,1,1,99.967415,25,Replayed,38.0
-3.0,1.0,-1,1,65.953835,25,Replayed,3.0
38.0,-1.0,1,1,99.95481,25,Replayed,38.0
1.0,0.0,1,1,64.74728,25,Replayed,1.0
-5.0,0.0,1,0,43.846638,25,Replayed,5.0
9.0,0.0,1,1,86.985504,25,Replayed,9.0
9.0,-1.0,1,1,86.27786,25,Replayed,9.0
9.0,-1.0,1,1,85.94269,25,Replayed,9.0
-1.0,-1.0,-1,1,56.593597,25,Replayed,1.0
-9.0,-1.0,-1,1,82.51269,25,Replayed,9.0
-1.0,1.0,1,0,58.91574,25,Replayed,1.0
1.0,1.0,-1,0,53.226997,25,Replayed,1.0
38.0,-1.0,1,1,99.94933,25,Replayed,38.0
38.0,0.0,1,1,99.95835,25,Replayed,38.0
-9.0,-1.0,-1,1,82.71797,25,Replayed,9.0
1.0,1.0,1,1,65.77195,25,Replayed,1.0
-5.0,-1.0,1,0,42.487194,25,Replayed,5.0
1.0,0.0,-1,0,49.88997,25,Replayed,1.0
-1.0,0.0,1,0,57.01293,25,Replayed,1.0
38.0,-1.0,1,1,99.94877,25,Replayed,38.0
-3.0,0.0,1,0,50.098465,25,Replayed,3.0
-3.0,-1.0,-1,1,64.1972,25,Replayed,3.0
5.0,0.0,1,1,77.17165,25,Replayed,5.0
-9.0,-1.0,-1,1,82.18884,25,Replayed,9.0
-38.0,-1.0,-1,1,99.93191,25,Replayed,38.0
38.0,0.0,1,1,99.95271,25,Replayed,38.0
9.0,1.0,1,1,87.87296,25,Replayed,9.0
-5.0,-1.0,-1,1,70.58737,25,Replayed,5.0
3.0,-1.0,1,1,68.93423,25,Replayed,3.0
5.0,1.0,-1,0,39.398792,25,Replayed,5.0
-5.0,0.0,-1,1,72.13943,25,Replayed,5.0
3.0,0.0,1,1,71.17408,25,Replayed,3.0
3.0,-1.0,1,1,70.45691,25,Replayed,3.0
-1.0,0.0,-1,1,57.01341,25,Replayed,1.0
-38.0,-1.0,-1,1,99.93202,25,Replayed,38.0
-3.0,-1.0,-1,1,64.51293,25,Replayed,3.0
9.0,0.0,1,1,87.53082,25,Replayed,9.0
3.0,-1.0,1,1,69.047554,25,Replayed,3.0
-9.0,1.0,-1,1,85.18233,25,Replayed,9.0
-1.0,0.0,-1,1,58.52997,25,Replayed,1.0
-3.0,0.0,1,0,51.294853,25,Replayed,3.0
-9.0,1.0,1,0,34.260925,25,Replayed,9.0
5.0,0.0,1,1,77.6534,25,Replayed,5.0
-5.0,1.0,-1,1,74.96088,25,Replayed,5.0
-9.0,0.0,1,0,32.535828,25,Replayed,9.0
1.0,0.0,-1,0,51.09572,25,Replayed,1.0
-5.0,1.0,-1,1,73.45381,25,Replayed,5.0
-3.0,1.0,-1,1,66.504974,25,Replayed,3.0
5.0,1.0,-1,0,38.748657,25,Replayed,5.0
1.0,-1.0,1,1,63.24446,25,Replayed,1.0
38.0,1.0,1,1,99.96881,25,Replayed,38.0
38.0,1.0,1,1,99.966965,25,Replayed,38.0
3.0,-1.0,1,1,70.31707,25,Replayed,3.0
9.0,-1.0,1,1,86.119995,25,Replayed,9.0
3.0,1.0,1,1,71.663055,25,Replayed,3.0
3.0,1.0,1,1,73.14458,25,Replayed,3.0
-1.0,0.0,-1,1,58.218967,25,Replayed,1.0
3.0,0.0,1,1,71.29492,25,Replayed,3.0
-5.0,0.0,-1,1,71.761665,25,Replayed,5.0
-38.0,0.0,-1,1,99.94538,25,Replayed,38.0
9.0,-1.0,1,1,86.379524,25,Replayed,9.0
-5.0,1.0,-1,1,74.21127,25,Replayed,5.0
9.0,0.0,1,1,87.63529,25,Replayed,9.0
-1.0,-1.0,1,0,55.84321,25,Replayed,1.0
-1.0,-1.0,1,0,55.17134,25,Replayed,1.0
-5.0,0.0,1,0,45.119987,25,Replayed,5.0
-3.0,0.0,-1,1,66.02237,25,Replayed,3.0
3.0,1.0,1,1,72.90387,25,Replayed,3.0
5.0,1.0,1,1,79.40348,25,Replayed,5.0
5.0,1.0,1,1,78.933624,25,Replayed,5.0
-3.0,1.0,1,0,52.776794,25,Replayed,3.0
-5.0,-1.0,-1,1,70.7574,25,Replayed,5.0
5.0,0.0,1,1,77.21514,25,Replayed,5.0
-1.0,0.0,-1,1,58.4155,25,Replayed,1.0
38.0,0.0,1,1,99.960014,25,Replayed,38.0
9.0,0.0,1,1,87.52892,25,Replayed,9.0
9.0,1.0,1,1,88.29007,25,Replayed,9.0
-5.0,1.0,1,0,46.56161,25,Replayed,5.0
-38.0,-1.0,-1,1,99.92716,25,Replayed,38.0
-1.0,1.0,-1,1,60.18663,25,Replayed,1.0
38.0,0.0,1,1,99.960754,25,Replayed,38.0
-9.0,-1.0,-1,1,83.05474,25,Replayed,9.0
-38.0,0.0,-1,1,99.94756,25,Replayed,38.0
3.0,0.0,1,1,71.55498,25,Replayed,3.0
-1.0,-1.0,1,0,56.171936,25,Replayed,1.0
-1.0,-1.0,1,0,55.23013,25,Replayed,1.0
-5.0,-1.0,-1,1,70.30863,25,Replayed,5.0
5.0,-1.0,1,1,76.0219,25,Replayed,5.0
-5.0,0.0,1,0,44.309723,25,Replayed,5.0
3.0,1.0,-1,0,46.438923,25,Replayed,3.0
-1.0,1.0,1,0,58.363853,25,Replayed,1.0
-9.0,-1.0,-1,1,82.27906,25,Replayed,9.0
9.0,-1.0,-1,0,24.162186,25,Replayed,9.0
-38.0,1.0,-1,1,99.95342,25,Replayed,38.0
9.0,1.0,1,1,87.8822,25,Replayed,9.0
-9.0,0.0,1,0,31.738537,25,Replayed,9.0
-1.0,1.0,1,0,59.360676,25,Replayed,1.0
-9.0,0.0,-1,1,83.77899,25,Replayed,9.0
-38.0,1.0,-1,1,99.956856,25,Replayed,38.0
1.0,1.0,-1,0,52.11047,25,Replayed,1.0
-3.0,0.0,-1,1,66.07331,25,Replayed,3.0
-5.0,-1.0,-1,1,71.32289,25,Replayed,5.0
-3.0,0.0,-1,1,65.6252,25,Replayed,3.0
9.0,-1.0,1,1,86.031136,25,Replayed,9.0
-5.0,0.0,-1,1,72.61776,25,Replayed,5.0
-38.0,0.0,-1,1,99.94255,25,Replayed,38.0
5.0,0.0,1,1,77.33231,25,Replayed,5.0
-3.0,-1.0,-1,1,63.437916,25,Replayed,3.0
5.0,-1.0,1,1,75.67925,25,Replayed,5.0
-38.0,-1.0,-1,1,99.930984,25,Replayed,38.0
-5.0,1.0,-1,1,73.75302,25,Replayed,5.0
1.0,1.0,1,1,65.589645,25,Replayed,1.0
38.0,1.0,1,1,99.97009,25,Replayed,38.0
-5.0,0.0,-1,1,72.82518,25,Replayed,5.0
-3.0,-1.0,1,0,49.620945,25,Replayed,3.0
3.0,0.0,1,1,71.36064,25,Replayed,3.0
5.0,0.0,1,1,77.871284,25,Replayed,5.0
1.0,-1.0,1,1,61.96926,25,Replayed,1.0
-3.0,1.0,1,0,52.98858,25,Replayed,3.0
3.0,1.0,1,1,72.5853,25,Replayed,3.0
-1.0,1.0,-1,1,60.35029,25,Replayed,1.0
-9.0,0.0,-1,1,84.2136,25,Replayed,9.0
38.0,-1.0,1,1,99.95072,25,Replayed,38.0
5.0,-1.0,-1,0,36.587254,25,Replayed,5.0
3.0,1.0,-1,0,46.15347,25,Replayed,3.0
-3.0,0.0,1,0,51.4886,25,Replayed,3.0
-5.0,-1.0,-1,1,70.496826,25,Replayed,5.0
-38.0,0.0,-1,1,99.9459,25,Replayed,38.0
-3.0,1.0,-1,1,67.32912,25,Replayed,3.0
9.0,0.0,1,1,88.2044,25,Replayed,9.0
-38.0,1.0,-1,1,99.951126,25,Replayed,38.0
38.0,1.0,1,1,99.9651,25,Replayed,38.0
-38.0,1.0,-1,1,99.95414,25,Replayed,38.0
1.0,1.0,-1,0,52.385986,25,Replayed,1.0
-3.0,1.0,-1,1,67.59922,25,Replayed,3.0
9.0,0.0,1,1,87.47948,25,Replayed,9.0
-1.0,-1.0,-1,1,56.59464,25,Replayed,1.0
1.0,-1.0,-1,0,49.193592,25,Replayed,1.0
-38.0,1.0,-1,1,99.95564,25,Replayed,38.0
38.0,-1.0,1,1,99.94798,25,Replayed,38.0
-1.0,0.0,1,0,56.62483,25,Replayed,1.0
9.0,1.0,1,1,88.069466,25,Replayed,9.0
5.0,-1.0,1,1,75.53715,25,Replayed,5.0
3.0,-1.0,-1,0,41.914734,25,Replayed,3.0
3.0,0.0,1,1,71.07916,25,Replayed,3.0
1.0,-1.0,-1,0,49.47281,25,Replayed,1.0
9.0,1.0,1,1,88.36371,25,Replayed,9.0
-3.0,-1.0,1,0,48.488586,25,Replayed,3.0
9.0,1.0,1,1,88.37596,25,Replayed,9.0
38.0,-1.0,1,1,99.94966,25,Replayed,38.0
-3.0,-1.0,1,0,48.42731,25,Replayed,3.0
-9.0,1.0,-1,1,85.16396,25,Replayed,9.0
38.0,0.0,1,1,87.441505,26,Replayed,38.0
-9.0,1.0,-1,1,66.66231,26,Replayed,9.0
9.0,0.0,1,1,65.183464,26,Replayed,9.0
-1.0,1.0,-1,1,57.13891,26,Replayed,1.0
38.0,-1.0,1,1,80.91782,26,Replayed,38.0
9.0,0.0,1,1,65.46507,26,Replayed,9.0
-3.0,1.0,-1,1,60.411526,26,Replayed,3.0
-9.0,-1.0,-1,1,56.75959,26,Replayed,9.0
3.0,1.0,1,1,61.235744,26,Replayed,3.0
5.0,0.0,1,1,61.10254,26,Replayed,5.0
5.0,-1.0,1,1,55.953884,26,Replayed,5.0
9.0,0.0,1,1,64.064095,26,Replayed,9.0
-38.0,-1.0,-1,1,78.804665,26,Replayed,38.0
3.0,1.0,1,1,62.164326,26,Replayed,3.0
1.0,0.0,-1,0,52.823597,26,Replayed,1.0
-5.0,-1.0,1,0,47.784565,26,Replayed,5.0
5.0,1.0,1,1,64.26731,26,Replayed,5.0
3.0,-1.0,-1,0,45.526295,26,Replayed,3.0
-3.0,1.0,-1,1,59.032078,26,Replayed,3.0
-3.0,-1.0,-1,1,51.68812,26,Replayed,3.0
1.0,0.0,-1,0,52.445,26,Replayed,1.0
-5.0,0.0,-1,1,58.47348,26,Replayed,5.0
-9.0,0.0,-1,1,61.33354,26,Replayed,9.0
-1.0,1.0,1,0,59.053333,26,Replayed,1.0
38.0,-1.0,1,1,80.86285,26,Replayed,38.0
-38.0,0.0,-1,1,86.106926,26,Replayed,38.0
3.0,-1.0,1,1,54.40802,26,Replayed,3.0
-5.0,0.0,1,0,52.753036,26,Replayed,5.0
1.0,-1.0,-1,0,48.299774,26,Replayed,1.0
-1.0,0.0,1,0,55.328053,26,Replayed,1.0
5.0,1.0,1,1,65.24137,26,Replayed,5.0
5.0,1.0,1,1,63.190357,26,Replayed,5.0
-1.0,1.0,1,0,58.531467,26,Replayed,1.0
-9.0,-1.0,-1,1,57.15259,26,Replayed,9.0
-38.0,-1.0,-1,1,79.15689,26,Replayed,38.0
9.0,1.0,1,1,69.35763,26,Replayed,9.0
-9.0,-1.0,1,0,44.449486,26,Replayed,9.0
-38.0,0.0,-1,1,87.00509,26,Replayed,38.0
-9.0,0.0,-1,1,62.974678,26,Replayed,9.0
3.0,0.0,1,1,59.822716,26,Replayed,3.0
1.0,1.0,1,1,59.109653,26,Replayed,1.0
-1.0,1.0,1,0,58.714252,26,Replayed,1.0
9.0,0.0,1,1,65.412704,26,Replayed,9.0
-5.0,-1.0,-1,1,53.49758,26,Replayed,5.0
38.0,0.0,1,1,88.15379,26,Replayed,38.0
-9.0,0.0,-1,1,63.367188,26,Replayed,9.0
38.0,-1.0,1,1,80.07381,26,Replayed,38.0
-3.0,0.0,-1,1,56.30702,26,Replayed,3.0
-38.0,1.0,-1,1,91.46836,26,Replayed,38.0
-3.0,0.0,1,0,53.538418,26,Replayed,3.0
-1.0,0.0,-1,1,54.111362,26,Replayed,1.0
-3.0,0.0,1,0,54.29148,26,Replayed,3.0
38.0,-1.0,1,1,80.92579,26,Replayed,38.0
3.0,0.0,1,1,58.248363,26,Replayed,3.0
-1.0,-1.0,1,0,52.008194,26,Replayed,1.0
5.0,-1.0,1,1,55.16156,26,Replayed,5.0
-3.0,1.0,-1,1,60.702568,26,Replayed,3.0
-9.0,0.0,-1,1,62.000443,26,Replayed,9.0
5.0,0.0,1,1,61.074913,26,Replayed,5.0
-5.0,1.0,-1,1,62.710617,26,Replayed,5.0
38.0,0.0,1,1,87.97731,26,Replayed,38.0
-38.0,-1.0,-1,1,79.180725,26,Replayed,38.0
-3.0,1.0,-1,1,59.80958,26,Replayed,3.0
-38.0,-1.0,-1,1,78.403885,26,Replayed,38.0
3.0,0.0,-1,0,50.774437,26,Replayed,3.0
3.0,-1.0,1,1,54.948902,26,Replayed,3.0
-3.0,-1.0,1,0,50.765766,26,Replayed,3.0
9.0,1.0,1,1,69.974785,26,Replayed,9.0
1.0,1.0,1,1,59.673,26,Replayed,1.0
1.0,1.0,1,1,59.62796,26,Replayed,1.0
-1.0,-1.0,1,0,50.949448,26,Replayed,1.0
3.0,1.0,1,1,62.457542,26,Replayed,3.0
-1.0,-1.0,-1,1,50.660652,26,Replayed,1.0
-1.0,1.0,1,0,57.627182,26,Replayed,1.0
-9.0,0.0,-1,1,63.710934,26,Replayed,9.0
5.0,0.0,1,1,60.49717,26,Replayed,5.0
-38.0,0.0,-1,1,86.35283,26,Replayed,38.0
38.0,-1.0,1,1,81.36186,26,Replayed,38.0
-5.0,-1.0,-1,1,52.91781,26,Replayed,5.0
-38.0,-1.0,-1,1,79.013855,26,Replayed,38.0
5.0,-1.0,1,1,55.983727,26,Replayed,5.0
3.0,0.0,1,1,59.291214,26,Replayed,3.0
3.0,0.0,-1,0,50.33069,26,Replayed,3.0
-5.0,-1.0,-1,1,53.45193,26,Replayed,5.0
-1.0,1.0,1,0,56.548126,26,Replayed,1.0
9.0,0.0,1,1,65.044754,26,Replayed,9.0
9.0,1.0,1,1,69.82411,26,Replayed,9.0
38.0,1.0,1,1,92.32489,26,Replayed,38.0
3.0,1.0,-1,0,55.292614,26,Replayed,3.0
-38.0,-1.0,-1,1,78.99087,26,Replayed,38.0
-38.0,1.0,-1,1,91.309975,26,Replayed,38.0
1.0,0.0,1,1,56.484447,26,Replayed,1.0
3.0,0.0,-1,0,51.330406,26,Replayed,3.0
3.0,1.0,-1,0,54.069942,26,Replayed,3.0
-3.0,-1.0,-1,1,51.992798,26,Replayed,3.0
38.0,1.0,1,1,92.424164,26,Replayed,38.0
38.0,0.0,1,1,87.68451,26,Replayed,38.0
38.0,-1.0,1,1,80.52165,26,Replayed,38.0
38.0,-1.0,1,1,80.43884,26,Replayed,38.0
9.0,-1.0,1,1,60.03986,26,Replayed,9.0
5.0,0.0,1,1,60.46973,26,Replayed,5.0
3.0,0.0,1,1,59.422337,26,Replayed,3.0
5.0,1.0,1,1,63.534267,26,Replayed,5.0
-5.0,1.0,-1,1,61.19318,26,Replayed,5.0
-9.0,0.0,-1,1,62.206936,26,Replayed,9.0
5.0,0.0,1,1,59.846138,26,Replayed,5.0
38.0,0.0,1,1,87.83729,26,Replayed,38.0
9.0,1.0,1,1,69.517166,26,Replayed,9.0
-38.0,1.0,-1,1,91.0037,26,Replayed,38.0
-1.0,0.0,1,0,55.114258,26,Replayed,1.0
-9.0,0.0,-1,1,63.41324,26,Replayed,9.0
1.0,-1.0,1,1,52.690758,26,Replayed,1.0
-1.0,1.0,1,0,57.366077,26,Replayed,1.0
1.0,-1.0,1,1,52.376408,26,Replayed,1.0
-3.0,-1.0,-1,1,51.918823,26,Replayed,3.0
3.0,0.0,1,1,57.742344,26,Replayed,3.0
5.0,0.0,1,1,61.776405,26,Replayed,5.0
1.0,1.0,1,1,60.997246,26,Replayed,1.0
-38.0,0.0,-1,1,86.503426,26,Replayed,38.0
9.0,1.0,1,1,69.46566,26,Replayed,9.0
5.0,1.0,-1,0,54.79678,26,Replayed,5.0
-38.0,1.0,-1,1,91.07773,26,Replayed,38.0
-1.0,1.0,-1,1,57.195927,26,Replayed,1.0
-9.0,1.0,-1,1,67.13208,26,Replayed,9.0
-38.0,1.0,-1,1,91.397484,26,Replayed,38.0
-5.0,0.0,-1,1,58.449024,26,Replayed,5.0
9.0,-1.0,1,1,59.600784,26,Replayed,9.0
9.0,-1.0,1,1,60.47965,26,Replayed,9.0
-3.0,0.0,1,0,53.29824,26,Replayed,3.0
38.0,1.0,1,1,92.39479,26,Replayed,38.0
9.0,0.0,1,1,65.77213,26,Replayed,9.0
-3.0,-1.0,-1,1,50.98437,26,Replayed,3.0
1.0,0.0,1,1,56.17479,26,Replayed,1.0
-5.0,1.0,-1,1,62.31703,26,Replayed,5.0
-5.0,-1.0,-1,1,53.634285,26,Replayed,5.0
3.0,-1.0,1,1,53.822613,26,Replayed,3.0
-9.0,0.0,-1,1,61.898212,26,Replayed,9.0
-38.0,0.0,-1,1,86.60022,26,Replayed,38.0
1.0,-1.0,1,1,53.358788,26,Replayed,1.0
-38.0,1.0,-1,1,91.29125,26,Replayed,38.0
-5.0,0.0,-1,1,58.208244,26,Replayed,5.0
9.0,-1.0,1,1,59.857143,26,Replayed,9.0
38.0,1.0,1,1,92.07383,26,Replayed,38.0
38.0,1.0,1,1,92.0357,26,Replayed,38.0
-3.0,0.0,-1,1,57.17714,26,Replayed,3.0
5.0,-1.0,1,1,55.942123,26,Replayed,5.0
-5.0,0.0,-1,1,58.97783,26,Replayed,5.0
9.0,-1.0,1,1,59.138412,26,Replayed,9.0
-9.0,1.0,-1,1,67.992065,26,Replayed,9.0
-38.0,1.0,-1,1,91.52688,26,Replayed,38.0
-38.0,-1.0,-1,1,78.93528,26,Replayed,38.0
-9.0,1.0,-1,1,66.86293,26,Replayed,9.0
-3.0,0.0,1,0,54.00713,26,Replayed,3.0
-9.0,-1.0,-1,1,56.516106,26,Replayed,9.0
-5.0,0.0,-1,1,58.008926,26,Replayed,5.0
5.0,-1.0,1,1,56.71339,26,Replayed,5.0
-5.0,1.0,-1,1,61.626087,26,Replayed,5.0
9.0,1.0,1,1,69.68109,26,Replayed,9.0
-38.0,0.0,-1,1,86.49074,26,Replayed,38.0
38.0,0.0,1,1,88.29448,26,Replayed,38.0
-1.0,-1.0,1,0,51.56439,26,Replayed,1.0
9.0,-1.0,1,1,59.89412,26,Replayed,9.0
-5.0,1.0,-1,1,61.427456,26,Replayed,5.0
5.0,0.0,1,1,60.328876,26,Replayed,5.0
5.0,1.0,1,1,64.84204,26,Replayed,5.0
5.0,-1.0,1,1,56.190445,26,Replayed,5.0
3.0,-1.0,-1,0,47.38443,26,Replayed,3.0
-3.0,-1.0,-1,1,52.738674,26,Replayed,3.0
38.0,1.0,1,1,92.48288,26,Replayed,38.0
3.0,1.0,-1,0,55.08956,26,Replayed,3.0
5.0,1.0,1,1,64.44118,26,Replayed,5.0
1.0,0.0,-1,0,53.422348,26,Replayed,1.0
38.0,-1.0,1,1,80.67642,26,Replayed,38.0
-3.0,1.0,1,0,58.003372,26,Replayed,3.0
1.0,1.0,-1,0,55.460667,26,Replayed,1.0
-9.0,-1.0,-1,1,55.759983,26,Replayed,9.0
-1.0,0.0,-1,1,54.637623,26,Replayed,1.0
-3.0,1.0,1,0,57.611378,26,Replayed,3.0
-1.0,0.0,-1,1,53.113544,26,Replayed,1.0
-38.0,-1.0,-1,1,78.13626,26,Replayed,38.0
1.0,0.0,1,1,56.64073,26,Replayed,1.0
1.0,-1.0,1,1,53.4635,26,Replayed,1.0
-5.0,1.0,-1,1,62.13663,26,Replayed,5.0
5.0,-1.0,1,1,56.44316,26,Replayed,5.0
-3.0,1.0,-1,1,59.119373,26,Replayed,3.0
-9.0,1.0,-1,1,66.71452,26,Replayed,9.0
-5.0,1.0,1,0,57.000572,26,Replayed,5.0
-9.0,-1.0,-1,1,57.365067,26,Replayed,9.0
-3.0,0.0,1,0,54.647106,26,Replayed,3.0
3.0,1.0,1,1,63.677513,26,Replayed,3.0
-3.0,-1.0,1,0,50.113052,26,Replayed,3.0
9.0,1.0,1,1,69.83114,26,Replayed,9.0
-9.0,-1.0,-1,1,58.105774,26,Replayed,9.0
38.0,1.0,1,1,92.29326,26,Replayed,38.0
-38.0,0.0,-1,1,86.38276,26,Replayed,38.0
1.0,0.0,-1,0,52.208042,26,Replayed,1.0
-5.0,-1.0,-1,1,52.617443,26,Replayed,5.0
-5.0,-1.0,-1,1,54.41652,26,Replayed,5.0
1.0,-1.0,1,1,53.853195,26,Replayed,1.0
-3.0,0.0,1,0,53.5399,26,Replayed,3.0
9.0,0.0,1,1,64.81608,26,Replayed,9.0
1.0,1.0,1,1,59.261955,26,Replayed,1.0
-1.0,0.0,1,0,53.96263,26,Replayed,1.0
5.0,1.0,1,1,64.73889,26,Replayed,5.0
3.0,-1.0,-1,0,48.694935,26,Replayed,3.0
-5.0,0.0,1,0,53.50984,26,Replayed,5.0
-38.0,1.0,-1,1,90.71123,26,Replayed,38.0
-5.0,1.0,-1,1,62.340893,26,Replayed,5.0
1.0,1.0,1,1,60.517113,26,Replayed,1.0
-9.0,1.0,-1,1,67.12149,26,Replayed,9.0
-1.0,-1.0,1,0,51.557457,26,Replayed,1.0
-3.0,-1.0,1,0,48.752438,26,Replayed,3.0
-1.0,-1.0,1,0,51.32919,26,Replayed,1.0
-1.0,0.0,1,0,54.715317,26,Replayed,1.0
-9.0,1.0,-1,1,67.19445,26,Replayed,9.0
1.0,0.0,1,1,56.18697,26,Replayed,1.0
-1.0,0.0,1,0,54.49695,26,Replayed,1.0
3.0,-1.0,1,1,55.304794,26,Replayed,3.0
9.0,-1.0,1,1,58.98695,26,Replayed,9.0
3.0,1.0,1,1,61.94861,26,Replayed,3.0
-1.0,-1.0,-1,1,51.170082,26,Replayed,1.0
1.0,-1.0,1,1,53.612698,26,Replayed,1.0
9.0,-1.0,1,1,59.14398,26,Replayed,9.0
-9.0,-1.0,1,0,43.61848,26,Replayed,9.0
5.0,-1.0,1,1,55.330944,26,Replayed,5.0
38.0,0.0,1,1,87.53543,26,Replayed,38.0
-5.0,0.0,1,0,52.162636,26,Replayed,5.0
5.0,0.0,1,1,61.266834,26,Replayed,5.0
-38.0,0.0,-1,1,86.804756,26,Replayed,38.0
-9.0,1.0,-1,1,66.84765,26,Replayed,9.0
1.0,-1.0,1,1,52.666634,26,Replayed,1.0
9.0,0.0,1,1,65.77624,26,Replayed,9.0
38.0,0.0,1,1,87.99235,26,Replayed,38.0
-1.0,-1.0,1,0,52.00562,26,Replayed,1.0
38.0,1.0,1,1,92.41254,26,Replayed,38.0
-3.0,1.0,-1,1,59.623413,26,Replayed,3.0
9.0,1.0,1,1,69.142685,26,Replayed,9.0
-5.0,-1.0,-1,1,54.265846,26,Replayed,5.0
3.0,-1.0,1,1,53.95072,26,Replayed,3.0
1.0,1.0,-1,0,56.023193,26,Replayed,1.0
-1.0,0.0,-1,1,57.430984,27,Replayed,1.0
9.0,1.0,1,1,72.195885,27,Replayed,9.0
-1.0,1.0,-1,1,57.451733,27,Replayed,1.0
-38.0,1.0,-1,1,97.44081,27,Replayed,38.0
-5.0,1.0,1,0,47.970394,27,Replayed,5.0
1.0,0.0,-1,0,54.376476,27,Replayed,1.0
-1.0,1.0,-1,1,57.188522,27,Replayed,1.0
38.0,1.0,1,1,97.44584,27,Replayed,38.0
9.0,0.0,1,1,73.20326,27,Replayed,9.0
-38.0,-1.0,-1,1,97.94769,27,Replayed,38.0
-3.0,1.0,-1,1,59.973484,27,Replayed,3.0
5.0,1.0,1,1,64.46314,27,Replayed,5.0
3.0,1.0,-1,0,51.228405,27,Replayed,3.0
-1.0,-1.0,-1,1,58.939068,27,Replayed,1.0
9.0,1.0,1,1,71.81367,27,Replayed,9.0
-9.0,0.0,1,0,43.000355,27,Replayed,9.0
-38.0,0.0,-1,1,97.64125,27,Replayed,38.0
-5.0,-1.0,-1,1,66.631424,27,Replayed,5.0
-3.0,-1.0,1,0,53.715088,27,Replayed,3.0
3.0,0.0,-1,0,51.248886,27,Replayed,3.0
5.0,1.0,1,1,64.48574,27,Replayed,5.0
-9.0,1.0,-1,1,72.82349,27,Replayed,9.0
9.0,1.0,1,1,72.853775,27,Replayed,9.0
-3.0,1.0,-1,1,60.338657,27,Replayed,3.0
3.0,0.0,-1,0,51.859653,27,Replayed,3.0
-9.0,-1.0,-1,1,74.07723,27,Replayed,9.0
9.0,-1.0,-1,0,44.01369,27,Replayed,9.0
3.0,1.0,1,1,60.92732,27,Replayed,3.0
9.0,1.0,1,1,71.731895,27,Replayed,9.0
-9.0,0.0,-1,1,74.0163,27,Replayed,9.0
1.0,-1.0,1,1,58.80415,27,Replayed,1.0
3.0,0.0,1,1,61.74237,27,Replayed,3.0
1.0,1.0,-1,0,52.769447,27,Replayed,1.0
-38.0,0.0,-1,1,97.53241,27,Replayed,38.0
-3.0,1.0,-1,1,61.395706,27,Replayed,3.0
-9.0,0.0,-1,1,73.30241,27,Replayed,9.0
38.0,-1.0,1,1,97.93457,27,Replayed,38.0
-3.0,-1.0,-1,1,62.27494,27,Replayed,3.0
38.0,0.0,1,1,97.66009,27,Replayed,38.0
-5.0,-1.0,-1,1,65.92366,27,Replayed,5.0
1.0,1.0,1,1,57.437603,27,Replayed,1.0
3.0,-1.0,1,1,64.17285,27,Replayed,3.0
-38.0,0.0,-1,1,97.84877,27,Replayed,38.0
-5.0,-1.0,-1,1,65.89625,27,Replayed,5.0
9.0,0.0,1,1,72.55101,27,Replayed,9.0
-1.0,0.0,-1,1,57.13168,27,Replayed,1.0
-9.0,0.0,-1,1,72.659004,27,Replayed,9.0
3.0,-1.0,-1,0,52.008755,27,Replayed,3.0
3.0,1.0,1,1,60.059868,27,Replayed,3.0
38.0,-1.0,1,1,98.012245,27,Replayed,38.0
1.0,-1.0,-1,0,54.14537,27,Replayed,1.0
-1.0,1.0,1,0,53.862774,27,Replayed,1.0
1.0,0.0,1,1,58.41604,27,Replayed,1.0
38.0,1.0,1,1,97.42525,27,Replayed,38.0
-9.0,1.0,-1,1,71.24371,27,Replayed,9.0
-9.0,0.0,-1,1,72.49823,27,Replayed,9.0
1.0,0.0,1,1,58.555267,27,Replayed,1.0
1.0,-1.0,-1,0,56.053238,27,Replayed,1.0
-38.0,-1.0,-1,1,98.15027,27,Replayed,38.0
-38.0,1.0,-1,1,97.34986,27,Replayed,38.0
38.0,1.0,1,1,97.36621,27,Replayed,38.0
38.0,0.0,1,1,97.72826,27,Replayed,38.0
-3.0,1.0,-1,1,61.812447,27,Replayed,3.0
3.0,-1.0,1,1,63.291855,27,Replayed,3.0
-5.0,1.0,-1,1,63.61745,27,Replayed,5.0
-9.0,1.0,1,0,41.32298,27,Replayed,9.0
-38.0,1.0,-1,1,97.34043,27,Replayed,38.0
-38.0,0.0,-1,1,97.69785,27,Replayed,38.0
-9.0,0.0,-1,1,73.338585,27,Replayed,9.0
38.0,-1.0,1,1,97.99165,27,Replayed,38.0
-1.0,1.0,1,0,52.57212,27,Replayed,1.0
-5.0,0.0,-1,1,66.57593,27,Replayed,5.0
1.0,0.0,1,1,58.1714,27,Replayed,1.0
1.0,1.0,1,1,57.540848,27,Replayed,1.0
3.0,-1.0,1,1,63.466434,27,Replayed,3.0
-38.0,1.0,-1,1,97.4286,27,Replayed,38.0
-3.0,-1.0,-1,1,62.429066,27,Replayed,3.0
5.0,-1.0,1,1,66.66814,27,Replayed,5.0
38.0,0.0,1,1,97.688385,27,Replayed,38.0
-1.0,1.0,1,0,54.313477,27,Replayed,1.0
9.0,0.0,1,1,71.7744,27,Replayed,9.0
38.0,0.0,1,1,97.72954,27,Replayed,38.0
-1.0,0.0,1,0,54.639626,27,Replayed,1.0
-1.0,-1.0,-1,1,58.378784,27,Replayed,1.0
-5.0,0.0,1,0,48.48195,27,Replayed,5.0
-9.0,-1.0,-1,1,73.98149,27,Replayed,9.0
3.0,0.0,-1,0,50.587822,27,Replayed,3.0
-1.0,0.0,1,0,54.746872,27,Replayed,1.0
-5.0,-1.0,1,0,50.166885,27,Replayed,5.0
-5.0,1.0,1,0,47.770355,27,Replayed,5.0
-9.0,0.0,-1,1,73.199066,27,Replayed,9.0
9.0,-1.0,1,1,74.742195,27,Replayed,9.0
1.0,0.0,-1,0,54.090637,27,Replayed,1.0
3.0,1.0,-1,0,51.14604,27,Replayed,3.0
3.0,-1.0,-1,0,52.758972,27,Replayed,3.0
1.0,-1.0,-1,0,55.45103,27,Replayed,1.0
1.0,1.0,-1,0,53.09496,27,Replayed,1.0
3.0,-1.0,1,1,64.37548,27,Replayed,3.0
3.0,1.0,1,1,62.432343,27,Replayed,3.0
5.0,-1.0,1,1,67.88853,27,Replayed,5.0
5.0,1.0,1,1,64.87862,27,Replayed,5.0
-1.0,-1.0,1,0,55.405773,27,Replayed,1.0
-3.0,-1.0,1,0,52.34677,27,Replayed,3.0
-9.0,1.0,-1,1,72.37972,27,Replayed,9.0
-9.0,1.0,-1,1,71.879715,27,Replayed,9.0
-3.0,0.0,-1,1,61.84753,27,Replayed,3.0
9.0,0.0,1,1,73.354,27,Replayed,9.0
-5.0,0.0,-1,1,64.64059,27,Replayed,5.0
-38.0,0.0,-1,1,97.61455,27,Replayed,38.0
1.0,0.0,-1,0,53.62874,27,Replayed,1.0
-38.0,1.0,-1,1,97.48312,27,Replayed,38.0
9.0,1.0,1,1,72.16958,27,Replayed,9.0
-3.0,-1.0,1,0,53.70033,27,Replayed,3.0
5.0,0.0,1,1,65.74182,27,Replayed,5.0
9.0,-1.0,1,1,73.62492,27,Replayed,9.0
-3.0,0.0,1,0,51.255905,27,Replayed,3.0
-3.0,-1.0,1,0,53.273785,27,Replayed,3.0
-9.0,-1.0,-1,1,73.94266,27,Replayed,9.0
1.0,1.0,-1,0,53.811665,27,Replayed,1.0
1.0,-1.0,1,1,59.114296,27,Replayed,1.0
5.0,1.0,1,1,64.63471,27,Replayed,5.0
-5.0,1.0,-1,1,65.09891,27,Replayed,5.0
-1.0,-1.0,1,0,55.936485,27,Replayed,1.0
-38.0,-1.0,-1,1,98.02016,27,Replayed,38.0
5.0,-1.0,1,1,67.23041,27,Replayed,5.0
9.0,1.0,1,1,71.768105,27,Replayed,9.0
-5.0,0.0,-1,1,66.32095,27,Replayed,5.0
-3.0,1.0,1,0,51.02917,27,Replayed,3.0
9.0,0.0,1,1,73.43396,27,Replayed,9.0
-5.0,1.0,-1,1,65.10859,27,Replayed,5.0
-3.0,-1.0,-1,1,63.79115,27,Replayed,3.0
38.0,-1.0,1,1,98.010475,27,Replayed,38.0
-38.0,-1.0,-1,1,97.91351,27,Replayed,38.0
-1.0,0.0,-1,1,58.04206,27,Replayed,1.0
-38.0,1.0,-1,1,97.27385,27,Replayed,38.0
5.0,1.0,1,1,66.04571,27,Replayed,5.0
-1.0,1.0,1,0,53.163326,27,Replayed,1.0
5.0,0.0,-1,0,48.47531,27,Replayed,5.0
1.0,1.0,1,1,57.371445,27,Replayed,1.0
-5.0,1.0,1,0,46.480213,27,Replayed,5.0
-3.0,0.0,-1,1,60.398586,27,Replayed,3.0
-9.0,-1.0,-1,1,73.5783,27,Replayed,9.0
-3.0,1.0,1,0,50.499733,27,Replayed,3.0
38.0,1.0,1,1,97.38861,27,Replayed,38.0
5.0,-1.0,-1,0,49.56743,27,Replayed,5.0
-3.0,0.0,-1,1,62.34916,27,Replayed,3.0
-9.0,0.0,-1,1,72.70134,27,Replayed,9.0
-3.0,-1.0,-1,1,63.173485,27,Replayed,3.0
-1.0,0.0,1,0,54.893482,27,Replayed,1.0
-1.0,0.0,-1,1,57.543224,27,Replayed,1.0
9.0,-1.0,1,1,75.16437,27,Replayed,9.0
1.0,0.0,1,1,57.395138,27,Replayed,1.0
1.0,-1.0,-1,0,54.558784,27,Replayed,1.0
-5.0,-1.0,-1,1,66.55529,27,Replayed,5.0
5.0,0.0,1,1,65.18671,27,Replayed,5.0
9.0,1.0,1,1,72.580605,27,Replayed,9.0
5.0,1.0,1,1,65.7827,27,Replayed,5.0
3.0,0.0,1,1,62.605423,27,Replayed,3.0
38.0,-1.0,1,1,97.88771,27,Replayed,38.0
-5.0,-1.0,1,0,50.5053,27,Replayed,5.0
9.0,0.0,1,1,73.180855,27,Replayed,9.0
38.0,-1.0,1,1,97.99849,27,Replayed,38.0
3.0,1.0,-1,0,51.765312,27,Replayed,3.0
-5.0,0.0,-1,1,65.3675,27,Replayed,5.0
-1.0,-1.0,-1,1,57.768368,27,Replayed,1.0
9.0,-1.0,1,1,74.36645,27,Replayed,9.0
1.0,0.0,-1,0,54.347195,27,Replayed,1.0
3.0,0.0,-1,0,51.595867,27,Replayed,3.0
9.0,1.0,1,1,72.230225,27,Replayed,9.0
3.0,1.0,1,1,61.060112,27,Replayed,3.0
-3.0,1.0,1,0,51.09631,27,Replayed,3.0
38.0,0.0,1,1,97.84261,27,Replayed,38.0
-5.0,-1.0,-1,1,66.14191,27,Replayed,5.0
-5.0,0.0,-1,1,66.31307,27,Replayed,5.0
5.0,-1.0,1,1,67.43052,27,Replayed,5.0
3.0,1.0,-1,0,50.22668,27,Replayed,3.0
-5.0,1.0,-1,1,65.05467,27,Replayed,5.0
-9.0,-1.0,-1,1,74.26735,27,Replayed,9.0
-5.0,0.0,-1,1,65.92436,27,Replayed,5.0
5.0,-1.0,1,1,68.05277,27,Replayed,5.0
38.0,1.0,1,1,97.51877,27,Replayed,38.0
1.0,-1.0,-1,0,54.670662,27,Replayed,1.0
3.0,-1.0,1,1,62.72262,27,Replayed,3.0
9.0,-1.0,1,1,73.922226,27,Replayed,9.0
-38.0,1.0,-1,1,97.48275,27,Replayed,38.0
-3.0,0.0,-1,1,61.874508,27,Replayed,3.0
1.0,1.0,1,1,58.068752,27,Replayed,1.0
-38.0,0.0,-1,1,97.64631,27,Replayed,38.0
-38.0,0.0,-1,1,97.56042,27,Replayed,38.0
-3.0,0.0,-1,1,61.576126,27,Replayed,3.0
38.0,0.0,1,1,97.603676,27,Replayed,38.0
-5.0,0.0,-1,1,66.50948,27,Replayed,5.0
5.0,0.0,1,1,65.57496,27,Replayed,5.0
3.0,-1.0,-1,0,52.277798,27,Replayed,3.0
9.0,-1.0,1,1,74.824486,27,Replayed,9.0
-9.0,1.0,1,0,41.559864,27,Replayed,9.0
-9.0,-1.0,-1,1,73.92484,27,Replayed,9.0
5.0,0.0,1,1,65.92447,27,Replayed,5.0
-1.0,1.0,-1,1,56.3317,27,Replayed,1.0
5.0,0.0,1,1,66.921814,27,Replayed,5.0
5.0,1.0,1,1,65.09826,27,Replayed,5.0
5.0,-1.0,1,1,67.09899,27,Replayed,5.0
5.0,1.0,-1,0,47.754196,27,Replayed,5.0
1.0,-1.0,-1,0,56.93815,27,Replayed,1.0
-3.0,1.0,-1,1,60.22729,27,Replayed,3.0
-1.0,-1.0,-1,1,58.919872,27,Replayed,1.0
-1.0,1.0,-1,1,58.049572,27,Replayed,1.0
38.0,1.0,1,1,97.4906,27,Replayed,38.0
-1.0,-1.0,-1,1,60.040794,27,Replayed,1.0
38.0,0.0,1,1,97.65397,27,Replayed,38.0
5.0,-1.0,1,1,67.30994,27,Replayed,5.0
-38.0,1.0,-1,1,97.33846,27,Replayed,38.0
-3.0,0.0,1,0,52.253487,27,Replayed,3.0
-9.0,1.0,1,0,41.874134,27,Replayed,9.0
38.0,1.0,1,1,97.35139,27,Replayed,38.0
-38.0,-1.0,-1,1,98.07915,27,Replayed,38.0
-5.0,-1.0,-1,1,66.62291,27,Replayed,5.0
-5.0,1.0,1,0,48.520622,27,Replayed,5.0
-38.0,-1.0,-1,1,97.9364,27,Replayed,38.0
9.0,0.0,1,1,73.23787,27,Replayed,9.0
9.0,0.0,1,1,72.56054,27,Replayed,9.0
3.0,0.0,1,1,62.14602,27,Replayed,3.0
5.0,0.0,1,1,65.08763,27,Replayed,5.0
5.0,0.0,1,1,66.67572,27,Replayed,5.0
9.0,-1.0,1,1,74.14124,27,Replayed,9.0
-3.0,0.0,-1,1,62.30468,27,Replayed,3.0
-38.0,0.0,-1,1,97.746895,27,Replayed,38.0
1.0,1.0,1,1,57.395424,27,Replayed,1.0
38.0,-1.0,1,1,98.16534,27,Replayed,38.0
-38.0,-1.0,-1,1,97.93156,27,Replayed,38.0
-1.0,-1.0,-1,1,58.38626,27,Replayed,1.0
-9.0,-1.0,-1,1,73.784096,27,Replayed,9.0
-9.0,1.0,-1,1,71.75299,27,Replayed,9.0
-9.0,-1.0,-1,1,73.9962,27,Replayed,9.0
38.0,1.0,1,1,97.43776,27,Replayed,38.0
38.0,-1.0,1,1,97.941345,27,Replayed,38.0
-38.0,-1.0,-1,1,97.92467,27,Replayed,38.0
38.0,0.0,1,1,97.69851,27,Replayed,38.0
3.0,0.0,-1,0,50.98465,27,Replayed,3.0
1.0,0.0,-1,0,92.565796,28,Replayed,1.0
9.0,1.0,1,1,99.12846,28,Replayed,9.0
-3.0,1.0,-1,1,96.0685,28,Replayed,3.0
3.0,-1.0,1,1,95.27096,28,Replayed,3.0
-1.0,-1.0,1,0,91.66596,28,Replayed,1.0
5.0,1.0,-1,0,92.62416,28,Replayed,5.0
9.0,-1.0,1,1,98.84766,28,Replayed,9.0
-38.0,0.0,-1,1,99.98999,28,Replayed,38.0
-3.0,-1.0,-1,1,95.91557,28,Replayed,3.0
-38.0,1.0,-1,1,99.98999,28,Replayed,38.0
1.0,-1.0,1,1,93.17939,28,Replayed,1.0
-38.0,0.0,-1,1,99.98999,28,Replayed,38.0
1.0,1.0,1,1,93.65316,28,Replayed,1.0
-1.0,0.0,-1,1,94.254395,28,Replayed,1.0
5.0,0.0,-1,0,92.47157,28,Replayed,5.0
38.0,0.0,1,1,99.98999,28,Replayed,38.0
-1.0,1.0,1,0,91.92761,28,Replayed,1.0
1.0,0.0,-1,0,92.35024,28,Replayed,1.0
-5.0,1.0,-1,1,97.60921,28,Replayed,5.0
-9.0,-1.0,-1,1,99.05293,28,Replayed,9.0
-5.0,0.0,1,0,91.50063,28,Replayed,5.0
-1.0,-1.0,1,0,92.48656,28,Replayed,1.0
-38.0,1.0,-1,1,99.98999,28,Replayed,38.0
3.0,1.0,-1,0,92.58311,28,Replayed,3.0
-38.0,-1.0,-1,1,99.989975,28,Replayed,38.0
1.0,-1.0,-1,0,92.49103,28,Replayed,1.0
3.0,0.0,-1,0,92.313286,28,Replayed,3.0
-9.0,0.0,-1,1,99.066505,28,Replayed,9.0
38.0,-1.0,1,1,99.98999,28,Replayed,38.0
-5.0,-1.0,-1,1,97.469864,28,Replayed,5.0
38.0,-1.0,1,1,99.98999,28,Replayed,38.0
5.0,1.0,-1,0,92.1288,28,Replayed,5.0
3.0,-1.0,-1,0,92.56112,28,Replayed,3.0
-5.0,0.0,-1,1,97.48629,28,Replayed,5.0
-9.0,1.0,-1,1,99.121254,28,Replayed,9.0
1.0,0.0,1,1,92.93425,28,Replayed,1.0
-1.0,-1.0,1,0,91.46901,28,Replayed,1.0
5.0,0.0,1,1,97.37771,28,Replayed,5.0
-1.0,0.0,-1,1,93.99575,28,Replayed,1.0
-5.0,1.0,-1,1,97.50428,28,Replayed,5.0
9.0,-1.0,1,1,99.02338,28,Replayed,9.0
-9.0,-1.0,1,0,91.63503,28,Replayed,9.0
1.0,0.0,1,1,93.15742,28,Replayed,1.0
38.0,0.0,1,1,99.98999,28,Replayed,38.0
-38.0,0.0,-1,1,99.98999,28,Replayed,38.0
3.0,1.0,1,1,95.91172,28,Replayed,3.0
5.0,-1.0,1,1,96.838104,28,Replayed,5.0
-1.0,1.0,-1,1,93.37598,28,Replayed,1.0
38.0,1.0,1,1,99.98999,28,Replayed,38.0
-5.0,0.0,-1,1,97.59207,28,Replayed,5.0
38.0,0.0,1,1,99.99,28,Replayed,38.0
-1.0,-1.0,1,0,91.162186,28,Replayed,1.0
38.0,1.0,1,1,99.99,28,Replayed,38.0
3.0,0.0,1,1,95.53411,28,Replayed,3.0
-1.0,-1.0,-1,1,93.308105,28,Replayed,1.0
3.0,-1.0,-1,0,92.06862,28,Replayed,3.0
-9.0,0.0,-1,1,99.07114,28,Replayed,9.0
-5.0,-1.0,-1,1,97.35411,28,Replayed,5.0
9.0,1.0,1,1,99.16677,28,Replayed,9.0
-1.0,0.0,1,0,91.73356,28,Replayed,1.0
-9.0,1.0,-1,1,99.24392,28,Replayed,9.0
-9.0,0.0,-1,1,99.09881,28,Replayed,9.0
38.0,0.0,1,1,99.98999,28,Replayed,38.0
-1.0,0.0,1,0,91.732925,28,Replayed,1.0
38.0,-1.0,1,1,99.98998,28,Replayed,38.0
38.0,-1.0,1,1,99.98998,28,Replayed,38.0
9.0,-1.0,1,1,98.92571,28,Replayed,9.0
-3.0,0.0,1,0,91.98831,28,Replayed,3.0
-38.0,-1.0,-1,1,99.98999,28,Replayed,38.0
9.0,0.0,1,1,98.86709,28,Replayed,9.0
-38.0,-1.0,-1,1,99.99,28,Replayed,38.0
38.0,0.0,1,1,99.98999,28,Replayed,38.0
38.0,0.0,1,1,99.989975,28,Replayed,38.0
5.0,0.0,-1,0,92.313805,28,Replayed,5.0
1.0,1.0,1,1,93.43116,28,Replayed,1.0
-3.0,-1.0,-1,1,95.97588,28,Replayed,3.0
-3.0,-1.0,1,0,91.45521,28,Replayed,3.0
-1.0,1.0,-1,1,94.03081,28,Replayed,1.0
9.0,1.0,1,1,99.02047,28,Replayed,9.0
1.0,0.0,-1,0,92.19002,28,Replayed,1.0
9.0,0.0,1,1,99.11572,28,Replayed,9.0
38.0,1.0,1,1,99.99,28,Replayed,38.0
1.0,0.0,1,1,93.26787,28,Replayed,1.0
-1.0,1.0,-1,1,93.70264,28,Replayed,1.0
-3.0,-1.0,1,0,91.480576,28,Replayed,3.0
-38.0,1.0,-1,1,99.98999,28,Replayed,38.0
-5.0,-1.0,-1,1,97.3084,28,Replayed,5.0
-5.0,-1.0,-1,1,97.32735,28,Replayed,5.0
-5.0,0.0,-1,1,97.58649,28,Replayed,5.0
5.0,-1.0,1,1,97.23316,28,Replayed,5.0
-38.0,1.0,-1,1,99.98999,28,Replayed,38.0
1.0,0.0,1,1,93.101036,28,Replayed,1.0
3.0,0.0,1,1,95.692215,28,Replayed,3.0
9.0,0.0,1,1,99.04738,28,Replayed,9.0
-5.0,1.0,-1,1,97.60217,28,Replayed,5.0
1.0,1.0,-1,0,92.00481,28,Replayed,1.0
5.0,1.0,-1,0,92.14656,28,Replayed,5.0
9.0,1.0,1,1,99.06559,28,Replayed,9.0
3.0,0.0,-1,0,92.38192,28,Replayed,3.0
-1.0,0.0,1,0,91.52087,28,Replayed,1.0
-5.0,1.0,-1,1,97.46578,28,Replayed,5.0
-9.0,1.0,-1,1,99.159836,28,Replayed,9.0
5.0,0.0,1,1,97.209724,28,Replayed,5.0
-38.0,1.0,-1,1,99.98999,28,Replayed,38.0
-38.0,1.0,-1,1,99.98997,28,Replayed,38.0
-3.0,1.0,1,0,92.191284,28,Replayed,3.0
-1.0,-1.0,1,0,91.82136,28,Replayed,1.0
5.0,1.0,1,1,96.77537,28,Replayed,5.0
-3.0,0.0,-1,1,95.75299,28,Replayed,3.0
9.0,1.0,1,1,99.03667,28,Replayed,9.0
-3.0,0.0,1,0,91.82384,28,Replayed,3.0
-38.0,0.0,-1,1,99.98999,28,Replayed,38.0
38.0,-1.0,1,1,99.98997,28,Replayed,38.0
-3.0,-1.0,1,0,91.40492,28,Replayed,3.0
-1.0,1.0,-1,1,93.94387,28,Replayed,1.0
-3.0,-1.0,-1,1,95.47369,28,Replayed,3.0
-9.0,-1.0,1,0,91.60274,28,Replayed,9.0
-38.0,-1.0,-1,1,99.98997,28,Replayed,38.0
-9.0,1.0,-1,1,99.09708,28,Replayed,9.0
-3.0,-1.0,-1,1,95.866905,28,Replayed,3.0
1.0,1.0,-1,0,91.83295,28,Replayed,1.0
3.0,0.0,1,1,95.77061,28,Replayed,3.0
9.0,-1.0,1,1,98.966675,28,Replayed,9.0
-1.0,1.0,-1,1,93.70035,28,Replayed,1.0
-9.0,0.0,-1,1,99.11835,28,Replayed,9.0
5.0,-1.0,1,1,97.22569,28,Replayed,5.0
9.0,1.0,1,1,98.99081,28,Replayed,9.0
-9.0,-1.0,-1,1,99.0247,28,Replayed,9.0
1.0,-1.0,-1,0,91.87592,28,Replayed,1.0
5.0,-1.0,1,1,97.32054,28,Replayed,5.0
-3.0,0.0,-1,1,96.155235,28,Replayed,3.0
5.0,-1.0,1,1,97.00397,28,Replayed,5.0
-38.0,-1.0,-1,1,99.98998,28,Replayed,38.0
5.0,0.0,1,1,97.29238,28,Replayed,5.0
-9.0,1.0,-1,1,99.18922,28,Replayed,9.0
5.0,0.0,1,1,97.31895,28,Replayed,5.0
-5.0,1.0,-1,1,97.509056,28,Replayed,5.0
-9.0,1.0,1,0,91.981026,28,Replayed,9.0
-5.0,-1.0,-1,1,97.40696,28,Replayed,5.0
1.0,-1.0,1,1,92.903786,28,Replayed,1.0
-5.0,1.0,-1,1,97.53466,28,Replayed,5.0
-9.0,0.0,-1,1,99.09514,28,Replayed,9.0
-1.0,-1.0,1,0,91.63641,28,Replayed,1.0
1.0,1.0,1,1,93.106346,28,Replayed,1.0
9.0,0.0,-1,0,92.078735,28,Replayed,9.0
1.0,-1.0,1,1,93.206505,28,Replayed,1.0
-3.0,0.0,-1,1,95.7938,28,Replayed,3.0
9.0,-1.0,-1,0,92.159775,28,Replayed,9.0
9.0,0.0,1,1,99.131714,28,Replayed,9.0
38.0,0.0,1,1,99.99,28,Replayed,38.0
3.0,-1.0,-1,0,92.08517,28,Replayed,3.0
-5.0,-1.0,-1,1,97.32673,28,Replayed,5.0
9.0,0.0,1,1,98.99797,28,Replayed,9.0
3.0,0.0,-1,0,92.571,28,Replayed,3.0
5.0,1.0,1,1,97.46946,28,Replayed,5.0
-38.0,1.0,-1,1,99.98999,28,Replayed,38.0
-1.0,-1.0,1,0,91.82808,28,Replayed,1.0
-9.0,-1.0,-1,1,99.090805,28,Replayed,9.0
-3.0,0.0,1,0,92.09095,28,Replayed,3.0
9.0,-1.0,1,1,98.88365,28,Replayed,9.0
38.0,-1.0,1,1,99.98999,28,Replayed,38.0
-3.0,-1.0,1,0,91.49267,28,Replayed,3.0
3.0,1.0,1,1,95.74684,28,Replayed,3.0
-38.0,0.0,-1,1,99.98999,28,Replayed,38.0
-5.0,1.0,1,0,91.75907,28,Replayed,5.0
-3.0,1.0,1,0,92.30966,28,Replayed,3.0
-9.0,-1.0,-1,1,99.063965,28,Replayed,9.0
-3.0,1.0,-1,1,95.98594,28,Replayed,3.0
9.0,1.0,1,1,99.03457,28,Replayed,9.0
-1.0,0.0,-1,1,93.90644,28,Replayed,1.0
-3.0,0.0,-1,1,95.914665,28,Replayed,3.0
1.0,-1.0,-1,0,92.33288,28,Replayed,1.0
-38.0,1.0,-1,1,99.98998,28,Replayed,38.0
1.0,1.0,1,1,93.36631,28,Replayed,1.0
3.0,1.0,1,1,95.78611,28,Replayed,3.0
-3.0,0.0,-1,1,95.88315,28,Replayed,3.0
38.0,1.0,1,1,99.98999,28,Replayed,38.0
-38.0,-1.0,-1,1,99.98998,28,Replayed,38.0
5.0,-1.0,1,1,97.067245,28,Replayed,5.0
5.0,-1.0,1,1,96.97422,28,Replayed,5.0
9.0,0.0,-1,0,91.86934,28,Replayed,9.0
1.0,-1.0,-1,0,91.86092,28,Replayed,1.0
9.0,0.0,1,1,99.0241,28,Replayed,9.0
1.0,0.0,-1,0,92.10662,28,Replayed,1.0
1.0,-1.0,-1,0,92.22922,28,Replayed,1.0
3.0,0.0,-1,0,92.54502,28,Replayed,3.0
5.0,-1.0,-1,0,91.94838,28,Replayed,5.0
-9.0,1.0,-1,1,99.119316,28,Replayed,9.0
-5.0,0.0,-1,1,97.567726,28,Replayed,5.0
-9.0,1.0,-1,1,99.086555,28,Replayed,9.0
-3.0,1.0,1,0,91.934204,28,Replayed,3.0
-1.0,1.0,1,0,92.1166,28,Replayed,1.0
3.0,1.0,1,1,95.63456,28,Replayed,3.0
3.0,-1.0,-1,0,92.27718,28,Replayed,3.0
-5.0,1.0,-1,1,97.56392,28,Replayed,5.0
38.0,1.0,1,1,99.98994,28,Replayed,38.0
-3.0,1.0,-1,1,96.06191,28,Replayed,3.0
-1.0,0.0,-1,1,94.019806,28,Replayed,1.0
38.0,1.0,1,1,99.98999,28,Replayed,38.0
3.0,1.0,1,1,95.761215,28,Replayed,3.0
-5.0,-1.0,-1,1,97.45612,28,Replayed,5.0
3.0,-1.0,1,1,95.57074,28,Replayed,3.0
38.0,0.0,1,1,99.98998,28,Replayed,38.0
3.0,1.0,-1,0,92.321815,28,Replayed,3.0
-9.0,0.0,-1,1,99.08092,28,Replayed,9.0
-9.0,-1.0,-1,1,99.07817,28,Replayed,9.0
38.0,-1.0,1,1,99.98999,28,Replayed,38.0
-38.0,0.0,-1,1,99.98999,28,Replayed,38.0
38.0,-1.0,1,1,99.98999,28,Replayed,38.0
-5.0,0.0,-1,1,97.484886,28,Replayed,5.0
5.0,1.0,1,1,97.27145,28,Replayed,5.0
3.0,-1.0,1,1,95.63247,28,Replayed,3.0
-1.0,0.0,-1,1,93.65774,28,Replayed,1.0
-38.0,0.0,-1,1,99.98999,28,Replayed,38.0
9.0,-1.0,1,1,98.925095,28,Replayed,9.0
-9.0,-1.0,-1,1,99.103836,28,Replayed,9.0
9.0,-1.0,-1,0,91.942154,28,Replayed,9.0
1.0,1.0,-1,0,92.927185,28,Replayed,1.0
-38.0,-1.0,-1,1,99.98995,28,Replayed,38.0
9.0,1.0,1,1,99.07627,28,Replayed,9.0
3.0,0.0,1,1,95.7028,28,Replayed,3.0
-38.0,0.0,-1,1,99.98999,28,Replayed,38.0
38.0,1.0,1,1,99.98999,28,Replayed,38.0
-3.0,1.0,1,0,92.00692,28,Replayed,3.0
-1.0,1.0,1,0,91.52004,28,Replayed,1.0
-9.0,0.0,-1,1,99.06078,28,Replayed,9.0
-9.0,0.0,-1,1,99.093346,28,Replayed,9.0
-5.0,0.0,1,0,91.91695,28,Replayed,5.0
1.0,1.0,-1,0,92.32045,28,Replayed,1.0
-5.0,0.0,1,0,91.983765,28,Replayed,5.0
38.0,1.0,1,1,99.98999,28,Replayed,38.0
3.0,1.0,1,1,95.56586,28,Replayed,3.0
5.0,0.0,1,1,97.40943,28,Replayed,5.0
38.0,1.0,1,1,88.278275,29,Replayed,38.0
3.0,-1.0,1,1,57.12608,29,Replayed,3.0
-1.0,1.0,1,0,52.924644,29,Replayed,1.0
-5.0,1.0,-1,1,60.226707,29,Replayed,5.0
1.0,0.0,-1,0,52.340282,29,Replayed,1.0
-38.0,0.0,-1,1,88.3613,29,Replayed,38.0
-9.0,-1.0,-1,1,64.23728,29,Replayed,9.0
-38.0,1.0,-1,1,88.65677,29,Replayed,38.0
-9.0,1.0,-1,1,64.804405,29,Replayed,9.0
-3.0,-1.0,1,0,49.64836,29,Replayed,3.0
1.0,-1.0,1,1,53.51487,29,Replayed,1.0
-9.0,0.0,-1,1,63.815613,29,Replayed,9.0
-5.0,0.0,-1,1,60.18634,29,Replayed,5.0
9.0,0.0,1,1,63.623898,29,Replayed,9.0
1.0,1.0,-1,0,53.636368,29,Replayed,1.0
-9.0,-1.0,1,0,44.67496,29,Replayed,9.0
5.0,1.0,1,1,59.881546,29,Replayed,5.0
9.0,0.0,1,1,63.77917,29,Replayed,9.0
-38.0,-1.0,-1,1,88.08481,29,Replayed,38.0
-5.0,0.0,-1,1,59.51709,29,Replayed,5.0
-5.0,1.0,-1,1,60.8391,29,Replayed,5.0
-1.0,0.0,-1,1,54.565247,29,Replayed,1.0
-9.0,0.0,-1,1,63.835083,29,Replayed,9.0
-1.0,-1.0,-1,1,54.64061,29,Replayed,1.0
-3.0,0.0,1,0,51.87506,29,Replayed,3.0
-38.0,1.0,-1,1,88.90273,29,Replayed,38.0
3.0,0.0,1,1,57.532227,29,Replayed,3.0
38.0,-1.0,1,1,87.49274,29,Replayed,38.0
9.0,1.0,1,1,63.628662,29,Replayed,9.0
-3.0,1.0,1,0,52.224678,29,Replayed,3.0
9.0,0.0,1,1,63.608696,29,Replayed,9.0
38.0,-1.0,1,1,87.28271,29,Replayed,38.0
9.0,-1.0,1,1,63.76243,29,Replayed,9.0
-3.0,1.0,-1,1,59.60581,29,Replayed,3.0
3.0,1.0,-1,0,51.676083,29,Replayed,3.0
-3.0,0.0,1,0,51.790916,29,Replayed,3.0
-3.0,0.0,-1,1,57.27538,29,Replayed,3.0
-38.0,-1.0,-1,1,88.16538,29,Replayed,38.0
38.0,0.0,1,1,88.130615,29,Replayed,38.0
9.0,-1.0,1,1,63.1533,29,Replayed,9.0
1.0,0.0,1,1,55.886036,29,Replayed,1.0
-1.0,-1.0,-1,1,54.780792,29,Replayed,1.0
9.0,-1.0,1,1,63.20841,29,Replayed,9.0
38.0,0.0,1,1,87.71123,29,Replayed,38.0
-1.0,0.0,1,0,52.25157,29,Replayed,1.0
38.0,0.0,1,1,87.95799,29,Replayed,38.0
3.0,-1.0,1,1,56.33813,29,Replayed,3.0
5.0,1.0,1,1,59.952946,29,Replayed,5.0
-38.0,0.0,-1,1,88.47738,29,Replayed,38.0
1.0,0.0,1,1,54.943077,29,Replayed,1.0
38.0,-1.0,1,1,87.84297,29,Replayed,38.0
-3.0,0.0,-1,1,56.580322,29,Replayed,3.0
3.0,1.0,1,1,57.042908,29,Replayed,3.0
-5.0,0.0,1,0,49.97501,29,Replayed,5.0
9.0,0.0,-1,0,45.877365,29,Replayed,9.0
38.0,1.0,1,1,88.11033,29,Replayed,38.0
1.0,-1.0,1,1,54.68433,29,Replayed,1.0
-1.0,0.0,1,0,51.813744,29,Replayed,1.0
-9.0,1.0,1,0,45.73997,29,Replayed,9.0
-9.0,0.0,-1,1,64.41964,29,Replayed,9.0
3.0,-1.0,-1,0,50.910294,29,Replayed,3.0
-38.0,1.0,-1,1,88.44102,29,Replayed,38.0
5.0,0.0,1,1,58.24941,29,Replayed,5.0
-9.0,1.0,-1,1,64.753456,29,Replayed,9.0
3.0,-1.0,-1,0,50.428642,29,Replayed,3.0
-9.0,-1.0,-1,1,63.370823,29,Replayed,9.0
1.0,-1.0,1,1,53.261024,29,Replayed,1.0
-38.0,1.0,-1,1,89.17711,29,Replayed,38.0
9.0,1.0,-1,0,46.738102,29,Replayed,9.0
5.0,1.0,1,1,59.52073,29,Replayed,5.0
-1.0,-1.0,1,0,51.315777,29,Replayed,1.0
1.0,1.0,-1,0,53.0133,29,Replayed,1.0
-1.0,0.0,-1,1,55.250214,29,Replayed,1.0
9.0,-1.0,1,1,64.17132,29,Replayed,9.0
38.0,1.0,1,1,88.23055,29,Replayed,38.0
9.0,1.0,-1,0,46.732906,29,Replayed,9.0
9.0,1.0,-1,0,46.391838,29,Replayed,9.0
5.0,-1.0,1,1,57.95939,29,Replayed,5.0
5.0,-1.0,-1,0,49.24394,29,Replayed,5.0
-3.0,1.0,-1,1,56.885113,29,Replayed,3.0
38.0,0.0,1,1,87.98365,29,Replayed,38.0
5.0,0.0,1,1,59.255653,29,Replayed,5.0
-38.0,0.0,-1,1,88.74032,29,Replayed,38.0
1.0,0.0,1,1,55.280476,29,Replayed,1.0
9.0,0.0,1,1,63.04229,29,Replayed,9.0
-9.0,0.0,-1,1,64.22884,29,Replayed,9.0
-1.0,-1.0,-1,1,54.98749,29,Replayed,1.0
3.0,1.0,1,1,58.054382,29,Replayed,3.0
38.0,1.0,1,1,87.8683,29,Replayed,38.0
-9.0,0.0,-1,1,64.35006,29,Replayed,9.0
1.0,-1.0,1,1,53.35183,29,Replayed,1.0
38.0,0.0,1,1,88.251305,29,Replayed,38.0
-5.0,-1.0,1,0,47.695843,29,Replayed,5.0
38.0,1.0,1,1,88.28238,29,Replayed,38.0
9.0,1.0,1,1,64.87931,29,Replayed,9.0
-9.0,1.0,-1,1,63.968323,29,Replayed,9.0
1.0,0.0,-1,0,53.19078,29,Replayed,1.0
-3.0,1.0,1,0,51.82886,29,Replayed,3.0
-3.0,-1.0,-1,1,57.35904,29,Replayed,3.0
-38.0,-1.0,-1,1,88.21873,29,Replayed,38.0
-38.0,0.0,-1,1,88.26494,29,Replayed,38.0
-3.0,-1.0,-1,1,56.904263,29,Replayed,3.0
-5.0,0.0,1,0,48.6048,29,Replayed,5.0
1.0,-1.0,1,1,54.170006,29,Replayed,1.0
-9.0,-1.0,-1,1,63.6218,29,Replayed,9.0
3.0,0.0,1,1,56.497963,29,Replayed,3.0
5.0,1.0,1,1,59.790546,29,Replayed,5.0
9.0,-1.0,-1,0,45.776604,29,Replayed,9.0
5.0,-1.0,1,1,58.54935,29,Replayed,5.0
9.0,1.0,1,1,63.841278,29,Replayed,9.0
5.0,0.0,1,1,59.582268,29,Replayed,5.0
-5.0,0.0,-1,1,60.29503,29,Replayed,5.0
3.0,0.0,-1,0,51.328827,29,Replayed,3.0
9.0,1.0,1,1,64.053696,29,Replayed,9.0
-5.0,-1.0,-1,1,60.2753,29,Replayed,5.0
-9.0,1.0,-1,1,64.44997,29,Replayed,9.0
-5.0,0.0,-1,1,59.94889,29,Replayed,5.0
5.0,1.0,-1,0,50.216763,29,Replayed,5.0
-38.0,1.0,-1,1,88.745926,29,Replayed,38.0
5.0,1.0,-1,0,49.43393,29,Replayed,5.0
5.0,-1.0,1,1,59.230637,29,Replayed,5.0
5.0,1.0,1,1,59.937912,29,Replayed,5.0
-9.0,-1.0,-1,1,63.11707,29,Replayed,9.0
-1.0,1.0,-1,1,55.53292,29,Replayed,1.0
1.0,0.0,-1,0,52.20626,29,Replayed,1.0
1.0,1.0,1,1,54.738785,29,Replayed,1.0
-3.0,0.0,-1,1,56.761402,29,Replayed,3.0
5.0,-1.0,1,1,59.076893,29,Replayed,5.0
-9.0,1.0,-1,1,64.4899,29,Replayed,9.0
-38.0,1.0,-1,1,88.28461,29,Replayed,38.0
-38.0,-1.0,-1,1,88.10792,29,Replayed,38.0
38.0,0.0,1,1,87.705,29,Replayed,38.0
38.0,-1.0,1,1,87.142494,29,Replayed,38.0
-38.0,-1.0,-1,1,87.872185,29,Replayed,38.0
-1.0,-1.0,1,0,52.48813,29,Replayed,1.0
-38.0,0.0,-1,1,88.6027,29,Replayed,38.0
-38.0,-1.0,-1,1,87.9105,29,Replayed,38.0
3.0,-1.0,-1,0,51.08864,29,Replayed,3.0
5.0,-1.0,1,1,59.071426,29,Replayed,5.0
5.0,-1.0,-1,0,49.607723,29,Replayed,5.0
3.0,1.0,1,1,57.306873,29,Replayed,3.0
38.0,-1.0,1,1,87.95741,29,Replayed,38.0
1.0,1.0,1,1,55.53256,29,Replayed,1.0
-5.0,-1.0,1,0,50.03227,29,Replayed,5.0
-5.0,1.0,1,0,49.642475,29,Replayed,5.0
38.0,-1.0,1,1,87.35918,29,Replayed,38.0
-9.0,0.0,-1,1,65.12229,29,Replayed,9.0
1.0,-1.0,-1,0,52.97919,29,Replayed,1.0
3.0,-1.0,1,1,56.306053,29,Replayed,3.0
1.0,0.0,1,1,53.22218,29,Replayed,1.0
-3.0,0.0,1,0,50.669838,29,Replayed,3.0
3.0,1.0,1,1,57.026714,29,Replayed,3.0
3.0,0.0,1,1,56.57307,29,Replayed,3.0
5.0,0.0,1,1,59.269447,29,Replayed,5.0
-38.0,1.0,-1,1,88.303215,29,Replayed,38.0
-3.0,-1.0,-1,1,57.768494,29,Replayed,3.0
38.0,0.0,1,1,88.07107,29,Replayed,38.0
-9.0,0.0,-1,1,64.83191,29,Replayed,9.0
-1.0,1.0,-1,1,54.96515,29,Replayed,1.0
-5.0,0.0,-1,1,60.049854,29,Replayed,5.0
3.0,-1.0,1,1,56.778114,29,Replayed,3.0
1.0,1.0,-1,0,53.42325,29,Replayed,1.0
38.0,1.0,1,1,88.30572,29,Replayed,38.0
-5.0,-1.0,-1,1,59.331226,29,Replayed,5.0
3.0,0.0,1,1,58.020287,29,Replayed,3.0
-38.0,0.0,-1,1,88.198784,29,Replayed,38.0
-38.0,-1.0,-1,1,87.98695,29,Replayed,38.0
38.0,1.0,1,1,88.88106,29,Replayed,38.0
-5.0,1.0,-1,1,60.01293,29,Replayed,5.0
-38.0,-1.0,-1,1,88.04394,29,Replayed,38.0
38.0,1.0,1,1,88.154785,29,Replayed,38.0
-9.0,1.0,-1,1,64.82442,29,Replayed,9.0
-3.0,-1.0,-1,1,56.948914,29,Replayed,3.0
-1.0,0.0,-1,1,55.066826,29,Replayed,1.0
3.0,-1.0,-1,0,50.363445,29,Replayed,3.0
-5.0,-1.0,-1,1,59.33621,29,Replayed,5.0
9.0,1.0,1,1,63.80845,29,Replayed,9.0
-38.0,0.0,-1,1,88.70292,29,Replayed,38.0
9.0,-1.0,1,1,62.222527,29,Replayed,9.0
-1.0,0.0,1,0,52.985363,29,Replayed,1.0
9.0,0.0,1,1,64.10664,29,Replayed,9.0
-5.0,-1.0,1,0,48.473515,29,Replayed,5.0
-1.0,1.0,-1,1,55.914467,29,Replayed,1.0
-3.0,1.0,-1,1,58.499283,29,Replayed,3.0
-9.0,1.0,-1,1,64.72747,29,Replayed,9.0
-1.0,0.0,1,0,52.373035,29,Replayed,1.0
-3.0,0.0,-1,1,58.392048,29,Replayed,3.0
-1.0,-1.0,1,0,51.385654,29,Replayed,1.0
3.0,1.0,1,1,58.36435,29,Replayed,3.0
-9.0,-1.0,-1,1,63.873558,29,Replayed,9.0
1.0,0.0,-1,0,52.493317,29,Replayed,1.0
-3.0,-1.0,-1,1,56.96963,29,Replayed,3.0
-5.0,-1.0,1,0,47.93347,29,Replayed,5.0
-1.0,-1.0,-1,1,55.606426,29,Replayed,1.0
9.0,0.0,1,1,63.459717,29,Replayed,9.0
-1.0,1.0,-1,1,54.87462,29,Replayed,1.0
3.0,1.0,1,1,57.997684,29,Replayed,3.0
9.0,0.0,1,1,63.771683,29,Replayed,9.0
1.0,-1.0,-1,0,52.664654,29,Replayed,1.0
-3.0,1.0,-1,1,58.254242,29,Replayed,3.0
-9.0,-1.0,-1,1,64.351,29,Replayed,9.0
3.0,0.0,1,1,56.355972,29,Replayed,3.0
-38.0,1.0,-1,1,88.93221,29,Replayed,38.0
5.0,0.0,-1,0,49.763412,29,Replayed,5.0
5.0,-1.0,-1,0,48.612057,29,Replayed,5.0
5.0,0.0,-1,0,49.222397,29,Replayed,5.0
-3.0,1.0,1,0,51.23101,29,Replayed,3.0
9.0,-1.0,-1,0,45.604706,29,Replayed,9.0
-5.0,1.0,1,0,49.877895,29,Replayed,5.0
-9.0,0.0,-1,1,65.07324,29,Replayed,9.0
-5.0,0.0,-1,1,60.22374,29,Replayed,5.0
-1.0,0.0,1,0,52.479946,29,Replayed,1.0
9.0,-1.0,1,1,63.410122,29,Replayed,9.0
5.0,0.0,1,1,58.908836,29,Replayed,5.0
-1.0,-1.0,-1,1,55.088364,29,Replayed,1.0
3.0,0.0,-1,0,50.836742,29,Replayed,3.0
3.0,0.0,1,1,56.356007,29,Replayed,3.0
-1.0,1.0,1,0,53.00846,29,Replayed,1.0
3.0,1.0,1,1,57.9974,29,Replayed,3.0
5.0,1.0,1,1,59.494633,29,Replayed,5.0
5.0,0.0,-1,0,50.042725,29,Replayed,5.0
1.0,-1.0,-1,0,53.60315,29,Replayed,1.0
-1.0,1.0,1,0,52.935112,29,Replayed,1.0
-3.0,-1.0,-1,1,57.634586,29,Replayed,3.0
38.0,-1.0,1,1,88.18113,29,Replayed,38.0
-3.0,0.0,-1,1,57.447838,29,Replayed,3.0
-1.0,1.0,1,0,50.879658,30,Replayed,1.0
1.0,1.0,-1,0,54.88115,30,Replayed,1.0
-3.0,1.0,-1,1,55.8568,30,Replayed,3.0
9.0,-1.0,-1,0,49.536533,30,Replayed,9.0
5.0,0.0,-1,0,51.1523,30,Replayed,5.0
-38.0,-1.0,-1,1,74.99808,30,Replayed,38.0
3.0,0.0,-1,0,53.279613,30,Replayed,3.0
-9.0,0.0,1,0,47.389797,30,Replayed,9.0
9.0,1.0,-1,0,50.17659,30,Replayed,9.0
9.0,1.0,1,1,57.534565,30,Replayed,9.0
-9.0,-1.0,-1,1,59.34088,30,Replayed,9.0
3.0,-1.0,1,1,53.296047,30,Replayed,3.0
-38.0,0.0,-1,1,75.681725,30,Replayed,38.0
-38.0,0.0,-1,1,74.78315,30,Replayed,38.0
-5.0,1.0,-1,1,56.370342,30,Replayed,5.0
1.0,-1.0,-1,0,54.631104,30,Replayed,1.0
-1.0,0.0,-1,1,55.870617,30,Replayed,1.0
-9.0,1.0,1,0,47.476917,30,Replayed,9.0
-38.0,-1.0,-1,1,75.7802,30,Replayed,38.0
1.0,-1.0,-1,0,53.94392,30,Replayed,1.0
-3.0,-1.0,-1,1,56.38172,30,Replayed,3.0
1.0,1.0,1,1,52.43562,30,Replayed,1.0
5.0,1.0,1,1,55.035038,30,Replayed,5.0
-3.0,-1.0,-1,1,56.78131,30,Replayed,3.0
38.0,1.0,-1,0,34.870037,30,Replayed,38.0
38.0,-1.0,1,1,72.8502,30,Replayed,38.0
1.0,-1.0,-1,0,54.296677,30,Replayed,1.0
-9.0,-1.0,1,0,46.62107,30,Replayed,9.0
-3.0,1.0,1,0,50.69688,30,Replayed,3.0
-1.0,-1.0,1,0,52.08978,30,Replayed,1.0
3.0,-1.0,-1,0,53.700478,30,Replayed,3.0
-3.0,-1.0,-1,1,56.366013,30,Replayed,3.0
5.0,-1.0,-1,0,51.81299,30,Replayed,5.0
-9.0,1.0,1,0,47.15412,30,Replayed,9.0
-5.0,0.0,-1,1,57.882164,30,Replayed,5.0
-38.0,-1.0,-1,1,76.33698,30,Replayed,38.0
9.0,-1.0,1,1,57.3474,30,Replayed,9.0
1.0,1.0,1,1,51.58816,30,Replayed,1.0
-1.0,0.0,-1,1,56.011784,30,Replayed,1.0
9.0,0.0,-1,0,49.67102,30,Replayed,9.0
3.0,-1.0,1,1,54.153793,30,Replayed,3.0
38.0,-1.0,1,1,73.106125,30,Replayed,38.0
-9.0,-1.0,1,0,47.393585,30,Replayed,9.0
-9.0,-1.0,-1,1,59.392937,30,Replayed,9.0
-1.0,0.0,-1,1,56.204742,30,Replayed,1.0
1.0,-1.0,1,1,52.536083,30,Replayed,1.0
38.0,1.0,1,1,72.48881,30,Replayed,38.0
38.0,1.0,-1,0,34.770966,30,Replayed,38.0
-5.0,0.0,-1,1,57.978203,30,Replayed,5.0
38.0,0.0,-1,0,34.33625,30,Replayed,38.0
-38.0,0.0,-1,1,75.27638,30,Replayed,38.0
-38.0,-1.0,1,0,32.727295,30,Replayed,38.0
9.0,-1.0,1,1,57.921844,30,Replayed,9.0
9.0,1.0,1,1,56.478966,30,Replayed,9.0
-1.0,1.0,1,0,50.752777,30,Replayed,1.0
-38.0,1.0,1,0,31.045128,30,Replayed,38.0
-9.0,1.0,-1,1,60.320568,30,Replayed,9.0
-38.0,0.0,-1,1,75.36245,30,Replayed,38.0
5.0,0.0,-1,0,51.348694,30,Replayed,5.0
-1.0,0.0,-1,1,54.964893,30,Replayed,1.0
9.0,0.0,-1,0,49.760845,30,Replayed,9.0
-38.0,1.0,-1,1,75.548965,30,Replayed,38.0
3.0,0.0,1,1,54.040432,30,Replayed,3.0
-5.0,0.0,1,0,49.17865,30,Replayed,5.0
1.0,1.0,1,1,53.39065,30,Replayed,1.0
-38.0,1.0,-1,1,75.76701,30,Replayed,38.0
5.0,-1.0,-1,0,51.489323,30,Replayed,5.0
-1.0,-1.0,1,0,51.997715,30,Replayed,1.0
-5.0,0.0,-1,1,57.68553,30,Replayed,5.0
1.0,0.0,1,1,52.63883,30,Replayed,1.0
3.0,1.0,-1,0,53.471363,30,Replayed,3.0
9.0,-1.0,1,1,57.414097,30,Replayed,9.0
9.0,-1.0,1,1,56.61544,30,Replayed,9.0
-5.0,-1.0,-1,1,58.467697,30,Replayed,5.0
3.0,1.0,1,1,54.120018,30,Replayed,3.0
-38.0,1.0,-1,1,75.733795,30,Replayed,38.0
38.0,1.0,1,1,73.0258,30,Replayed,38.0
-3.0,-1.0,1,0,49.71303,30,Replayed,3.0
-5.0,0.0,-1,1,57.627518,30,Replayed,5.0
38.0,0.0,1,1,73.19138,30,Replayed,38.0
-9.0,0.0,-1,1,60.185616,30,Replayed,9.0
5.0,1.0,-1,0,52.37253,30,Replayed,5.0
5.0,-1.0,-1,0,52.309834,30,Replayed,5.0
-3.0,-1.0,-1,1,56.78123,30,Replayed,3.0
-3.0,0.0,1,0,51.030518,30,Replayed,3.0
-38.0,1.0,-1,1,75.43873,30,Replayed,38.0
-5.0,-1.0,1,0,48.992188,30,Replayed,5.0
-1.0,1.0,1,0,51.586903,30,Replayed,1.0
-3.0,1.0,1,0,50.345337,30,Replayed,3.0
38.0,-1.0,-1,0,34.515083,30,Replayed,38.0
-3.0,-1.0,-1,1,57.21285,30,Replayed,3.0
-1.0,1.0,1,0,51.655994,30,Replayed,1.0
3.0,1.0,-1,0,53.566925,30,Replayed,3.0
9.0,0.0,-1,0,49.490837,30,Replayed,9.0
1.0,0.0,-1,0,53.802345,30,Replayed,1.0
-3.0,1.0,-1,1,56.799984,30,Replayed,3.0
5.0,0.0,-1,0,52.930027,30,Replayed,5.0
1.0,0.0,-1,0,54.963745,30,Replayed,1.0
9.0,0.0,-1,0,49.81386,30,Replayed,9.0
-38.0,1.0,-1,1,74.81745,30,Replayed,38.0
9.0,1.0,1,1,57.103928,30,Replayed,9.0
-38.0,1.0,-1,1,75.38629,30,Replayed,38.0
-5.0,1.0,-1,1,58.576904,30,Replayed,5.0
1.0,1.0,1,1,53.39385,30,Replayed,1.0
5.0,0.0,-1,0,51.63265,30,Replayed,5.0
3.0,0.0,1,1,53.784763,30,Replayed,3.0
9.0,0.0,-1,0,49.027534,30,Replayed,9.0
-3.0,-1.0,-1,1,56.375183,30,Replayed,3.0
-5.0,0.0,-1,1,57.319443,30,Replayed,5.0
-5.0,-1.0,-1,1,58.207657,30,Replayed,5.0
-3.0,0.0,-1,1,57.65914,30,Replayed,3.0
-1.0,0.0,-1,1,56.02396,30,Replayed,1.0
-38.0,1.0,-1,1,75.283646,30,Replayed,38.0
-38.0,-1.0,1,0,31.744331,30,Replayed,38.0
3.0,1.0,-1,0,53.169926,30,Replayed,3.0
-5.0,-1.0,-1,1,57.430523,30,Replayed,5.0
-3.0,0.0,-1,1,55.669666,30,Replayed,3.0
-5.0,-1.0,1,0,49.388126,30,Replayed,5.0
-1.0,0.0,1,0,51.444912,30,Replayed,1.0
5.0,-1.0,-1,0,52.494156,30,Replayed,5.0
-1.0,-1.0,1,0,50.404434,30,Replayed,1.0
1.0,-1.0,1,1,52.161797,30,Replayed,1.0
5.0,-1.0,1,1,55.088078,30,Replayed,5.0
-3.0,1.0,1,0,50.96976,30,Replayed,3.0
5.0,-1.0,-1,0,51.868294,30,Replayed,5.0
38.0,0.0,1,1,72.52313,30,Replayed,38.0
-38.0,0.0,-1,1,75.67456,30,Replayed,38.0
9.0,-1.0,1,1,56.41129,30,Replayed,9.0
9.0,1.0,1,1,58.04368,30,Replayed,9.0
-5.0,1.0,-1,1,56.66882,30,Replayed,5.0
5.0,1.0,-1,0,52.958073,30,Replayed,5.0
-5.0,1.0,-1,1,57.623817,30,Replayed,5.0
1.0,1.0,-1,0,53.90095,30,Replayed,1.0
-38.0,-1.0,-1,1,75.33919,30,Replayed,38.0
5.0,0.0,-1,0,52.326702,30,Replayed,5.0
9.0,0.0,-1,0,49.99459,30,Replayed,9.0
-38.0,0.0,-1,1,75.10271,30,Replayed,38.0
9.0,1.0,1,1,56.551373,30,Replayed,9.0
-38.0,-1.0,-1,1,75.48275,30,Replayed,38.0
38.0,0.0,1,1,72.11254,30,Replayed,38.0
-9.0,-1.0,-1,1,59.42521,30,Replayed,9.0
-9.0,0.0,1,0,47.850983,30,Replayed,9.0
-3.0,0.0,-1,1,55.74487,30,Replayed,3.0
9.0,0.0,-1,0,49.47823,30,Replayed,9.0
3.0,-1.0,1,1,53.968693,30,Replayed,3.0
38.0,0.0,-1,0,34.042366,30,Replayed,38.0
3.0,1.0,-1,0,53.19618,30,Replayed,3.0
-9.0,0.0,-1,1,62.28174,30,Replayed,9.0
38.0,0.0,1,1,73.26206,30,Replayed,38.0
9.0,1.0,-1,0,49.798496,30,Replayed,9.0
-5.0,1.0,-1,1,57.462017,30,Replayed,5.0
-9.0,1.0,-1,1,59.63101,30,Replayed,9.0
5.0,-1.0,-1,0,51.803123,30,Replayed,5.0
38.0,1.0,1,1,73.02527,30,Replayed,38.0
1.0,-1.0,-1,0,53.814865,30,Replayed,1.0
1.0,0.0,-1,0,54.174007,30,Replayed,1.0
-3.0,0.0,1,0,50.688046,30,Replayed,3.0
-3.0,0.0,-1,1,55.63826,30,Replayed,3.0
1.0,0.0,-1,0,54.36018,30,Replayed,1.0
1.0,0.0,1,1,52.932335,30,Replayed,1.0
5.0,-1.0,1,1,55.16015,30,Replayed,5.0
5.0,1.0,-1,0,51.938927,30,Replayed,5.0
3.0,0.0,1,1,54.30638,30,Replayed,3.0
38.0,1.0,-1,0,34.10777,30,Replayed,38.0
-9.0,0.0,-1,1,60.636284,30,Replayed,9.0
9.0,1.0,-1,0,48.95066,30,Replayed,9.0
-1.0,1.0,1,0,51.14496,30,Replayed,1.0
-1.0,1.0,-1,1,55.75693,30,Replayed,1.0
-5.0,0.0,1,0,50.389378,30,Replayed,5.0
-9.0,1.0,-1,1,59.725086,30,Replayed,9.0
38.0,0.0,1,1,73.37858,30,Replayed,38.0
3.0,0.0,1,1,52.337425,30,Replayed,3.0
-1.0,-1.0,-1,1,55.567562,30,Replayed,1.0
38.0,-1.0,1,1,73.721924,30,Replayed,38.0
-1.0,-1.0,1,0,51.125355,30,Replayed,1.0
38.0,-1.0,-1,0,35.06744,30,Replayed,38.0
1.0,1.0,1,1,51.832478,30,Replayed,1.0
5.0,1.0,-1,0,52.447258,30,Replayed,5.0
3.0,0.0,-1,0,52.47918,30,Replayed,3.0
1.0,-1.0,-1,0,53.638756,30,Replayed,1.0
3.0,-1.0,-1,0,53.36219,30,Replayed,3.0
1.0,1.0,-1,0,54.52014,30,Replayed,1.0
-5.0,1.0,1,0,48.301174,30,Replayed,5.0
-1.0,0.0,-1,1,55.379307,30,Replayed,1.0
38.0,0.0,1,1,73.42323,30,Replayed,38.0
9.0,0.0,-1,0,49.873848,30,Replayed,9.0
-1.0,0.0,-1,1,55.038845,30,Replayed,1.0
-9.0,0.0,-1,1,60.55196,30,Replayed,9.0
38.0,-1.0,1,1,73.399475,30,Replayed,38.0
1.0,-1.0,-1,0,53.608162,30,Replayed,1.0
3.0,1.0,-1,0,53.327686,30,Replayed,3.0
-5.0,1.0,1,0,49.37531,30,Replayed,5.0
3.0,1.0,1,1,53.742355,30,Replayed,3.0
-1.0,1.0,-1,1,56.55989,30,Replayed,1.0
3.0,1.0,1,1,53.849308,30,Replayed,3.0
-38.0,0.0,-1,1,75.856606,30,Replayed,38.0
38.0,-1.0,-1,0,34.074314,30,Replayed,38.0
-3.0,1.0,1,0,49.7142,30,Replayed,3.0
-3.0,0.0,1,0,50.285404,30,Replayed,3.0
3.0,0.0,-1,0,53.560047,30,Replayed,3.0
1.0,0.0,-1,0,54.5612,30,Replayed,1.0
1.0,0.0,1,1,52.332336,30,Replayed,1.0
3.0,-1.0,1,1,53.226818,30,Replayed,3.0
-9.0,-1.0,-1,1,59.846973,30,Replayed,9.0
-5.0,1.0,1,0,48.92125,30,Replayed,5.0
-3.0,-1.0,1,0,50.41059,30,Replayed,3.0
5.0,0.0,1,1,55.30223,30,Replayed,5.0
-9.0,0.0,-1,1,60.174316,30,Replayed,9.0
3.0,-1.0,1,1,52.80396,30,Replayed,3.0
-5.0,-1.0,1,0,49.254387,30,Replayed,5.0
-3.0,1.0,-1,1,56.30189,30,Replayed,3.0
3.0,0.0,-1,0,52.148705,30,Replayed,3.0
-1.0,-1.0,-1,1,54.967804,30,Replayed,1.0
5.0,0.0,-1,0,52.534473,30,Replayed,5.0
-9.0,1.0,-1,1,60.24484,30,Replayed,9.0
-1.0,1.0,1,0,51.36085,30,Replayed,1.0
-3.0,0.0,-1,1,56.68639,30,Replayed,3.0
5.0,1.0,-1,0,50.940258,30,Replayed,5.0
-3.0,1.0,1,0,50.74683,30,Replayed,3.0
-5.0,-1.0,1,0,48.905773,30,Replayed,5.0
-1.0,-1.0,-1,1,55.48417,30,Replayed,1.0
-9.0,1.0,1,0,46.42096,30,Replayed,9.0
38.0,-1.0,1,1,73.34947,30,Replayed,38.0
-9.0,-1.0,1,0,47.09505,30,Replayed,9.0
-38.0,-1.0,1,0,32.46921,30,Replayed,38.0
-1.0,-1.0,-1,1,53.75079,30,Replayed,1.0
-9.0,1.0,1,0,47.573547,30,Replayed,9.0
5.0,1.0,-1,0,51.841118,30,Replayed,5.0
-9.0,0.0,1,0,46.695023,30,Replayed,9.0
-5.0,0.0,1,0,49.35798,30,Replayed,5.0
9.0,-1.0,-1,0,49.66388,30,Replayed,9.0
9.0,-1.0,1,1,57.145382,30,Replayed,9.0
38.0,1.0,-1,0,34.03509,30,Replayed,38.0
-5.0,-1.0,1,0,49.35292,30,Replayed,5.0
3.0,-1.0,1,1,54.644894,30,Replayed,3.0
38.0,1.0,-1,0,34.674587,30,Replayed,38.0
5.0,1.0,1,1,55.64559,30,Replayed,5.0
5.0,0.0,-1,0,52.066612,30,Replayed,5.0
5.0,1.0,1,1,62.8067,31,Replayed,5.0
-38.0,1.0,-1,1,99.67493,31,Replayed,38.0
5.0,0.0,1,1,62.653248,31,Replayed,5.0
-5.0,-1.0,-1,1,61.782627,31,Replayed,5.0
-5.0,-1.0,-1,1,62.74096,31,Replayed,5.0
-9.0,1.0,-1,1,72.51399,31,Replayed,9.0
-38.0,1.0,-1,1,99.67061,31,Replayed,38.0
1.0,1.0,-1,0,39.05412,31,Replayed,1.0
9.0,-1.0,1,1,75.6876,31,Replayed,9.0
-3.0,1.0,1,0,33.580547,31,Replayed,3.0
-1.0,-1.0,1,0,42.971252,31,Replayed,1.0
-5.0,1.0,-1,1,60.380207,31,Replayed,5.0
-1.0,1.0,1,0,41.978584,31,Replayed,1.0
-9.0,0.0,-1,1,74.08505,31,Replayed,9.0
-38.0,0.0,-1,1,99.72111,31,Replayed,38.0
-3.0,-1.0,-1,1,55.486782,31,Replayed,3.0
-9.0,-1.0,-1,1,75.63474,31,Replayed,9.0
1.0,0.0,1,1,48.303185,31,Replayed,1.0
-1.0,0.0,1,0,42.946842,31,Replayed,1.0
1.0,0.0,1,1,49.560745,31,Replayed,1.0
-9.0,0.0,-1,1,74.0513,31,Replayed,9.0
9.0,1.0,1,1,73.95484,31,Replayed,9.0
38.0,0.0,1,1,99.76397,31,Replayed,38.0
3.0,-1.0,1,1,56.94156,31,Replayed,3.0
-3.0,1.0,-1,1,53.59313,31,Replayed,3.0
-5.0,0.0,-1,1,61.521442,31,Replayed,5.0
1.0,0.0,-1,0,40.42589,31,Replayed,1.0
-38.0,1.0,-1,1,99.700966,31,Replayed,38.0
-1.0,-1.0,-1,1,48.89471,31,Replayed,1.0
-3.0,0.0,-1,1,54.737576,31,Replayed,3.0
9.0,0.0,1,1,75.60602,31,Replayed,9.0
3.0,1.0,1,1,56.113113,31,Replayed,3.0
-9.0,0.0,-1,1,73.6028,31,Replayed,9.0
9.0,-1.0,-1,0,15.912051,31,Replayed,9.0
3.0,0.0,-1,0,33.662838,31,Replayed,3.0
1.0,0.0,1,1,49.446415,31,Replayed,1.0
1.0,0.0,1,1,48.901722,31,Replayed,1.0
38.0,1.0,1,1,99.685135,31,Replayed,38.0
1.0,1.0,1,1,49.053375,31,Replayed,1.0
-3.0,-1.0,-1,1,56.353806,31,Replayed,3.0
3.0,1.0,-1,0,32.468777,31,Replayed,3.0
-5.0,1.0,-1,1,60.90225,31,Replayed,5.0
-5.0,-1.0,-1,1,62.856018,31,Replayed,5.0
-38.0,1.0,-1,1,99.693405,31,Replayed,38.0
-5.0,1.0,-1,1,60.266792,31,Replayed,5.0
3.0,-1.0,1,1,57.56604,31,Replayed,3.0
9.0,0.0,1,1,75.54674,31,Replayed,9.0
1.0,-1.0,-1,0,40.997852,31,Replayed,1.0
-1.0,-1.0,1,0,43.1887,31,Replayed,1.0
1.0,1.0,-1,0,39.388905,31,Replayed,1.0
-3.0,1.0,-1,1,54.512493,31,Replayed,3.0
1.0,0.0,1,1,49.79078,31,Replayed,1.0
9.0,1.0,1,1,74.12571,31,Replayed,9.0
-38.0,-1.0,-1,1,99.76281,31,Replayed,38.0
-38.0,0.0,-1,1,99.748924,31,Replayed,38.0
38.0,0.0,1,1,99.74604,31,Replayed,38.0
-3.0,0.0,-1,1,54.005398,31,Replayed,3.0
-38.0,0.0,-1,1,99.73332,31,Replayed,38.0
-3.0,-1.0,-1,1,55.222046,31,Replayed,3.0
38.0,-1.0,1,1,99.79353,31,Replayed,38.0
-9.0,1.0,-1,1,73.73812,31,Replayed,9.0
38.0,-1.0,1,1,99.79675,31,Replayed,38.0
9.0,-1.0,1,1,75.34635,31,Replayed,9.0
-9.0,-1.0,1,0,16.63254,31,Replayed,9.0
1.0,0.0,-1,0,40.332924,31,Replayed,1.0
38.0,1.0,1,1,99.72709,31,Replayed,38.0
-1.0,0.0,1,0,41.393005,31,Replayed,1.0
-3.0,1.0,-1,1,53.771107,31,Replayed,3.0
-38.0,1.0,-1,1,99.635155,31,Replayed,38.0
5.0,1.0,1,1,61.96971,31,Replayed,5.0
9.0,1.0,1,1,73.429344,31,Replayed,9.0
-5.0,1.0,-1,1,61.133045,31,Replayed,5.0
38.0,1.0,1,1,99.6993,31,Replayed,38.0
-1.0,1.0,1,0,41.237022,31,Replayed,1.0
9.0,0.0,1,1,74.41317,31,Replayed,9.0
5.0,-1.0,1,1,64.532974,31,Replayed,5.0
-9.0,0.0,-1,1,74.311676,31,Replayed,9.0
5.0,-1.0,1,1,64.79171,31,Replayed,5.0
1.0,-1.0,-1,0,41.187874,31,Replayed,1.0
-38.0,0.0,-1,1,99.69912,31,Replayed,38.0
-3.0,1.0,-1,1,53.2371,31,Replayed,3.0
-3.0,-1.0,-1,1,55.979546,31,Replayed,3.0
-1.0,0.0,-1,1,48.522217,31,Replayed,1.0
-9.0,1.0,-1,1,72.941,31,Replayed,9.0
-9.0,1.0,1,0,14.712212,31,Replayed,9.0
1.0,1.0,1,1,47.362873,31,Replayed,1.0
-1.0,1.0,-1,1,47.080784,31,Replayed,1.0
9.0,0.0,1,1,74.411575,31,Replayed,9.0
-9.0,-1.0,-1,1,74.30042,31,Replayed,9.0
-9.0,-1.0,-1,1,74.63529,31,Replayed,9.0
1.0,-1.0,-1,0,41.832703,31,Replayed,1.0
-3.0,1.0,-1,1,53.238903,31,Replayed,3.0
-38.0,-1.0,-1,1,99.77478,31,Replayed,38.0
1.0,-1.0,1,1,50.032402,31,Replayed,1.0
-5.0,-1.0,1,0,27.325642,31,Replayed,5.0
9.0,1.0,1,1,73.82448,31,Replayed,9.0
-1.0,-1.0,-1,1,48.768333,31,Replayed,1.0
3.0,0.0,1,1,56.815945,31,Replayed,3.0
-1.0,-1.0,-1,1,48.56784,31,Replayed,1.0
3.0,1.0,1,1,54.61644,31,Replayed,3.0
9.0,-1.0,1,1,76.258896,31,Replayed,9.0
-1.0,0.0,-1,1,48.324795,31,Replayed,1.0
3.0,1.0,1,1,55.512047,31,Replayed,3.0
-3.0,-1.0,1,0,34.88288,31,Replayed,3.0
1.0,-1.0,1,1,49.780693,31,Replayed,1.0
-5.0,1.0,1,0,26.586882,31,Replayed,5.0
9.0,0.0,1,1,75.41402,31,Replayed,9.0
-5.0,1.0,-1,1,60.417862,31,Replayed,5.0
38.0,1.0,1,1,99.71376,31,Replayed,38.0
5.0,1.0,1,1,62.525326,31,Replayed,5.0
38.0,1.0,1,1,99.70101,31,Replayed,38.0
5.0,-1.0,1,1,63.565994,31,Replayed,5.0
-5.0,-1.0,-1,1,62.184067,31,Replayed,5.0
38.0,-1.0,1,1,99.78827,31,Replayed,38.0
-1.0,0.0,1,0,42.569572,31,Replayed,1.0
9.0,-1.0,1,1,76.10687,31,Replayed,9.0
5.0,0.0,-1,0,24.676262,31,Replayed,5.0
-38.0,-1.0,-1,1,99.77528,31,Replayed,38.0
1.0,-1.0,1,1,50.434303,31,Replayed,1.0
5.0,-1.0,-1,0,26.474586,31,Replayed,5.0
-1.0,-1.0,1,0,43.325535,31,Replayed,1.0
5.0,0.0,1,1,62.149696,31,Replayed,5.0
38.0,1.0,1,1,99.71557,31,Replayed,38.0
9.0,1.0,1,1,74.455734,31,Replayed,9.0
-38.0,1.0,-1,1,99.656944,31,Replayed,38.0
5.0,1.0,1,1,61.816586,31,Replayed,5.0
9.0,1.0,1,1,74.57446,31,Replayed,9.0
5.0,-1.0,-1,0,26.438683,31,Replayed,5.0
-5.0,0.0,-1,1,61.381824,31,Replayed,5.0
-38.0,-1.0,-1,1,99.75519,31,Replayed,38.0
-3.0,-1.0,-1,1,55.65527,31,Replayed,3.0
-1.0,1.0,-1,1,48.430492,31,Replayed,1.0
3.0,1.0,1,1,54.74556,31,Replayed,3.0
-38.0,1.0,-1,1,99.6819,31,Replayed,38.0
-1.0,1.0,1,0,41.38472,31,Replayed,1.0
-5.0,0.0,-1,1,60.16317,31,Replayed,5.0
-5.0,0.0,-1,1,61.471973,31,Replayed,5.0
-9.0,1.0,-1,1,73.15042,31,Replayed,9.0
38.0,1.0,1,1,99.732414,31,Replayed,38.0
38.0,0.0,1,1,99.75933,31,Replayed,38.0
3.0,0.0,-1,0,33.712105,31,Replayed,3.0
-1.0,1.0,1,0,41.85664,31,Replayed,1.0
1.0,-1.0,1,1,50.99587,31,Replayed,1.0
-9.0,-1.0,-1,1,75.194695,31,Replayed,9.0
-38.0,-1.0,-1,1,99.77312,31,Replayed,38.0
38.0,1.0,1,1,99.72047,31,Replayed,38.0
-38.0,-1.0,-1,1,99.77577,31,Replayed,38.0
9.0,-1.0,1,1,76.15911,31,Replayed,9.0
-5.0,-1.0,-1,1,62.713825,31,Replayed,5.0
9.0,0.0,1,1,74.474594,31,Replayed,9.0
-9.0,1.0,1,0,15.08269,31,Replayed,9.0
3.0,1.0,1,1,55.471794,31,Replayed,3.0
-5.0,-1.0,-1,1,62.511696,31,Replayed,5.0
1.0,1.0,-1,0,39.771774,31,Replayed,1.0
38.0,0.0,1,1,99.74439,31,Replayed,38.0
38.0,0.0,1,1,99.77026,31,Replayed,38.0
38.0,-1.0,1,1,99.78596,31,Replayed,38.0
-3.0,-1.0,-1,1,56.158936,31,Replayed,3.0
5.0,1.0,1,1,61.678623,31,Replayed,5.0
-5.0,1.0,-1,1,59.83529,31,Replayed,5.0
3.0,-1.0,-1,0,33.894592,31,Replayed,3.0
3.0,0.0,1,1,56.77932,31,Replayed,3.0
9.0,-1.0,1,1,75.780174,31,Replayed,9.0
-9.0,0.0,-1,1,74.13721,31,Replayed,9.0
5.0,1.0,1,1,62.085037,31,Replayed,5.0
-38.0,0.0,-1,1,99.719284,31,Replayed,38.0
-9.0,-1.0,-1,1,73.831764,31,Replayed,9.0
5.0,0.0,1,1,63.229286,31,Replayed,5.0
-1.0,1.0,1,0,42.32019,31,Replayed,1.0
-9.0,-1.0,-1,1,74.566895,31,Replayed,9.0
-1.0,0.0,1,0,42.479607,31,Replayed,1.0
9.0,1.0,1,1,73.64764,31,Replayed,9.0
38.0,-1.0,1,1,99.781166,31,Replayed,38.0
38.0,0.0,1,1,99.742874,31,Replayed,38.0
-1.0,-1.0,1,0,43.129993,31,Replayed,1.0
-1.0,0.0,-1,1,48.227314,31,Replayed,1.0
5.0,-1.0,1,1,64.13845,31,Replayed,5.0
38.0,0.0,1,1,99.76338,31,Replayed,38.0
3.0,-1.0,1,1,56.12632,31,Replayed,3.0
5.0,1.0,1,1,62.48651,31,Replayed,5.0
-5.0,0.0,-1,1,60.932877,31,Replayed,5.0
3.0,-1.0,-1,0,33.702667,31,Replayed,3.0
-3.0,0.0,-1,1,54.399742,31,Replayed,3.0
38.0,-1.0,1,1,99.77538,31,Replayed,38.0
-3.0,0.0,1,0,34.437283,31,Replayed,3.0
-5.0,0.0,-1,1,61.962883,31,Replayed,5.0
3.0,0.0,1,1,57.31412,31,Replayed,3.0
-3.0,1.0,-1,1,54.42415,31,Replayed,3.0
3.0,1.0,1,1,56.39168,31,Replayed,3.0
-9.0,1.0,-1,1,72.86752,31,Replayed,9.0
-1.0,0.0,-1,1,46.466816,31,Replayed,1.0
5.0,0.0,1,1,62.723625,31,Replayed,5.0
-38.0,0.0,-1,1,99.7092,31,Replayed,38.0
38.0,-1.0,1,1,99.78598,31,Replayed,38.0
5.0,0.0,1,1,62.923397,31,Replayed,5.0
-9.0,0.0,-1,1,74.45906,31,Replayed,9.0
9.0,0.0,1,1,75.18358,31,Replayed,9.0
38.0,-1.0,1,1,99.77029,31,Replayed,38.0
-38.0,1.0,-1,1,99.678566,31,Replayed,38.0
-3.0,1.0,1,0,33.767967,31,Replayed,3.0
3.0,0.0,-1,0,32.964985,31,Replayed,3.0
9.0,1.0,1,1,74.62718,31,Replayed,9.0
38.0,0.0,1,1,99.75874,31,Replayed,38.0
-3.0,0.0,-1,1,54.078735,31,Replayed,3.0
1.0,1.0,-1,0,38.956215,31,Replayed,1.0
1.0,1.0,1,1,48.742218,31,Replayed,1.0
-3.0,0.0,-1,1,54.868786,31,Replayed,3.0
9.0,0.0,1,1,76.12994,31,Replayed,9.0
9.0,-1.0,1,1,76.03241,31,Replayed,9.0
5.0,1.0,1,1,61.722652,31,Replayed,5.0
-38.0,-1.0,-1,1,99.756065,31,Replayed,38.0
-3.0,0.0,1,0,35.50824,31,Replayed,3.0
5.0,0.0,1,1,63.881325,31,Replayed,5.0
-38.0,-1.0,-1,1,99.747856,31,Replayed,38.0
3.0,-1.0,1,1,57.544273,31,Replayed,3.0
3.0,0.0,-1,0,33.56009,31,Replayed,3.0
-5.0,0.0,-1,1,60.752052,31,Replayed,5.0
5.0,-1.0,1,1,65.14208,31,Replayed,5.0
5.0,0.0,1,1,62.505127,31,Replayed,5.0
1.0,-1.0,-1,0,41.65269,31,Replayed,1.0
-5.0,1.0,-1,1,59.934425,31,Replayed,5.0
-1.0,-1.0,-1,1,48.108803,31,Replayed,1.0
1.0,1.0,-1,0,39.678673,31,Replayed,1.0
-9.0,1.0,-1,1,72.776,31,Replayed,9.0
-9.0,0.0,-1,1,73.62836,31,Replayed,9.0
-5.0,-1.0,-1,1,62.84344,31,Replayed,5.0
-9.0,-1.0,-1,1,74.76981,31,Replayed,9.0
3.0,-1.0,1,1,56.45984,31,Replayed,3.0
-3.0,-1.0,-1,1,55.719734,31,Replayed,3.0
-9.0,0.0,-1,1,72.9262,31,Replayed,9.0
1.0,0.0,1,1,49.73631,31,Replayed,1.0
3.0,1.0,1,1,54.972767,31,Replayed,3.0
5.0,-1.0,1,1,64.54417,31,Replayed,5.0
3.0,-1.0,-1,0,33.39515,31,Replayed,3.0
-3.0,0.0,-1,1,55.75376,31,Replayed,3.0
-38.0,0.0,-1,1,99.72512,31,Replayed,38.0
-38.0,0.0,-1,1,99.73021,31,Replayed,38.0
-1.0,1.0,1,0,41.10929,31,Replayed,1.0
-5.0,0.0,1,0,27.135387,31,Replayed,5.0
3.0,0.0,1,1,56.288696,31,Replayed,3.0
-5.0,0.0,1,0,63.759457,32,Replayed,5.0
38.0,1.0,1,1,94.09535,32,Replayed,38.0
5.0,0.0,1,1,71.02528,32,Replayed,5.0
5.0,0.0,1,1,71.93121,32,Replayed,5.0
1.0,0.0,1,1,66.49876,32,Replayed,1.0
-5.0,-1.0,-1,1,70.705444,32,Replayed,5.0
38.0,0.0,1,1,94.73619,32,Replayed,38.0
38.0,1.0,1,1,94.24485,32,Replayed,38.0
-3.0,-1.0,1,0,65.5072,32,Replayed,3.0
38.0,-1.0,1,1,95.186356,32,Replayed,38.0
38.0,-1.0,1,1,95.1939,32,Replayed,38.0
5.0,-1.0,-1,0,62.696384,32,Replayed,5.0
-3.0,1.0,-1,1,64.777466,32,Replayed,3.0
-1.0,0.0,-1,1,64.29339,32,Replayed,1.0
-38.0,1.0,-1,1,93.50357,32,Replayed,38.0
5.0,1.0,1,1,70.40358,32,Replayed,5.0
-9.0,-1.0,1,0,63.913258,32,Replayed,9.0
9.0,1.0,1,1,75.03808,32,Replayed,9.0
1.0,0.0,1,1,67.75885,32,Replayed,1.0
3.0,1.0,-1,0,60.489918,32,Replayed,3.0
-38.0,1.0,-1,1,93.598816,32,Replayed,38.0
-3.0,1.0,1,0,64.11624,32,Replayed,3.0
-1.0,-1.0,1,0,66.27344,32,Replayed,1.0
9.0,1.0,1,1,74.78067,32,Replayed,9.0
-9.0,1.0,-1,1,72.39937,32,Replayed,9.0
-1.0,-1.0,-1,1,65.61302,32,Replayed,1.0
1.0,0.0,-1,0,62.483036,32,Replayed,1.0
38.0,0.0,1,1,94.95355,32,Replayed,38.0
5.0,0.0,1,1,72.07131,32,Replayed,5.0
-9.0,-1.0,-1,1,74.90822,32,Replayed,9.0
-5.0,0.0,1,0,63.778294,32,Replayed,5.0
-3.0,1.0,1,0,63.50606,32,Replayed,3.0
5.0,-1.0,1,1,73.06253,32,Replayed,5.0
-3.0,1.0,1,0,63.429832,32,Replayed,3.0
-38.0,-1.0,-1,1,94.81791,32,Replayed,38.0
3.0,-1.0,1,1,69.87492,32,Replayed,3.0
-1.0,-1.0,-1,1,64.47287,32,Replayed,1.0
3.0,-1.0,1,1,69.71615,32,Replayed,3.0
5.0,0.0,-1,0,60.84724,32,Replayed,5.0
-9.0,-1.0,-1,1,75.49097,32,Replayed,9.0
38.0,0.0,1,1,94.81307,32,Replayed,38.0
-1.0,-1.0,1,0,66.51588,32,Replayed,1.0
3.0,1.0,1,1,68.024414,32,Replayed,3.0
9.0,0.0,1,1,76.09843,32,Replayed,9.0
-5.0,-1.0,-1,1,70.179985,32,Replayed,5.0
-3.0,0.0,-1,1,66.93869,32,Replayed,3.0
3.0,-1.0,1,1,71.07268,32,Replayed,3.0
1.0,0.0,-1,0,62.179955,32,Replayed,1.0
-38.0,0.0,-1,1,94.593735,32,Replayed,38.0
-38.0,0.0,-1,1,94.04392,32,Replayed,38.0
-5.0,-1.0,-1,1,69.85735,32,Replayed,5.0
5.0,0.0,-1,0,60.964394,32,Replayed,5.0
9.0,0.0,1,1,76.602394,32,Replayed,9.0
-38.0,-1.0,-1,1,94.870255,32,Replayed,38.0
-5.0,-1.0,1,0,65.16278,32,Replayed,5.0
38.0,0.0,1,1,94.81653,32,Replayed,38.0
-1.0,-1.0,-1,1,65.95608,32,Replayed,1.0
3.0,1.0,1,1,67.64565,32,Replayed,3.0
5.0,1.0,1,1,69.22862,32,Replayed,5.0
9.0,0.0,1,1,76.12306,32,Replayed,9.0
9.0,-1.0,1,1,76.791855,32,Replayed,9.0
5.0,0.0,1,1,72.25978,32,Replayed,5.0
-9.0,1.0,1,0,61.7414,32,Replayed,9.0
1.0,1.0,1,1,66.30814,32,Replayed,1.0
-3.0,1.0,1,0,63.25337,32,Replayed,3.0
3.0,-1.0,1,1,69.12736,32,Replayed,3.0
-9.0,-1.0,-1,1,74.938576,32,Replayed,9.0
3.0,0.0,-1,0,60.99785,32,Replayed,3.0
-38.0,0.0,-1,1,94.17911,32,Replayed,38.0
-1.0,0.0,-1,1,65.35452,32,Replayed,1.0
-1.0,1.0,1,0,64.70094,32,Replayed,1.0
38.0,0.0,1,1,95.00819,32,Replayed,38.0
1.0,0.0,1,1,66.93055,32,Replayed,1.0
1.0,1.0,-1,0,61.58053,32,Replayed,1.0
3.0,-1.0,1,1,70.97022,32,Replayed,3.0
-38.0,1.0,-1,1,93.642006,32,Replayed,38.0
1.0,-1.0,-1,0,63.53534,32,Replayed,1.0
-38.0,-1.0,-1,1,94.606544,32,Replayed,38.0
1.0,-1.0,-1,0,64.31257,32,Replayed,1.0
9.0,1.0,1,1,74.854164,32,Replayed,9.0
1.0,-1.0,1,1,68.24554,32,Replayed,1.0
3.0,-1.0,1,1,71.50964,32,Replayed,3.0
-3.0,-1.0,1,0,66.67205,32,Replayed,3.0
-1.0,1.0,1,0,65.3179,32,Replayed,1.0
9.0,-1.0,1,1,76.42145,32,Replayed,9.0
-3.0,0.0,-1,1,66.88964,32,Replayed,3.0
-3.0,0.0,-1,1,66.56847,32,Replayed,3.0
9.0,1.0,1,1,74.652016,32,Replayed,9.0
-5.0,0.0,1,0,63.382793,32,Replayed,5.0
9.0,1.0,1,1,75.22367,32,Replayed,9.0
-38.0,0.0,-1,1,94.28075,32,Replayed,38.0
-5.0,1.0,1,0,63.53902,32,Replayed,5.0
-3.0,0.0,1,0,64.34733,32,Replayed,3.0
-1.0,1.0,1,0,64.7451,32,Replayed,1.0
-5.0,-1.0,-1,1,69.52906,32,Replayed,5.0
5.0,1.0,1,1,71.24965,32,Replayed,5.0
1.0,1.0,-1,0,61.51174,32,Replayed,1.0
-5.0,0.0,-1,1,69.25624,32,Replayed,5.0
-1.0,0.0,1,0,65.86703,32,Replayed,1.0
-5.0,0.0,-1,1,68.70906,32,Replayed,5.0
-5.0,1.0,-1,1,67.75684,32,Replayed,5.0
5.0,1.0,1,1,70.84342,32,Replayed,5.0
-9.0,1.0,-1,1,72.20825,32,Replayed,9.0
38.0,0.0,1,1,94.60461,32,Replayed,38.0
38.0,1.0,1,1,94.31754,32,Replayed,38.0
-9.0,1.0,-1,1,73.0894,32,Replayed,9.0
-3.0,1.0,-1,1,65.58655,32,Replayed,3.0
-3.0,-1.0,1,0,65.84595,32,Replayed,3.0
-1.0,0.0,-1,1,64.15766,32,Replayed,1.0
38.0,-1.0,1,1,95.54134,32,Replayed,38.0
1.0,1.0,-1,0,61.96416,32,Replayed,1.0
1.0,0.0,1,1,67.62019,32,Replayed,1.0
-9.0,1.0,-1,1,73.195496,32,Replayed,9.0
-9.0,1.0,1,0,61.094475,32,Replayed,9.0
5.0,1.0,-1,0,60.553246,32,Replayed,5.0
-38.0,-1.0,-1,1,94.5959,32,Replayed,38.0
3.0,-1.0,1,1,69.58765,32,Replayed,3.0
-5.0,1.0,-1,1,68.20743,32,Replayed,5.0
38.0,1.0,1,1,94.41081,32,Replayed,38.0
-38.0,-1.0,-1,1,94.83355,32,Replayed,38.0
-38.0,1.0,-1,1,93.3304,32,Replayed,38.0
5.0,-1.0,-1,0,61.63027,32,Replayed,5.0
3.0,1.0,1,1,68.953316,32,Replayed,3.0
38.0,1.0,1,1,94.161705,32,Replayed,38.0
-1.0,1.0,-1,1,62.868183,32,Replayed,1.0
5.0,0.0,1,1,71.0148,32,Replayed,5.0
5.0,1.0,1,1,70.00215,32,Replayed,5.0
5.0,0.0,1,1,71.56647,32,Replayed,5.0
-38.0,0.0,-1,1,94.265755,32,Replayed,38.0
-38.0,-1.0,-1,1,94.78721,32,Replayed,38.0
-9.0,0.0,-1,1,72.831,32,Replayed,9.0
3.0,0.0,1,1,68.81088,32,Replayed,3.0
1.0,0.0,1,1,66.76995,32,Replayed,1.0
1.0,1.0,1,1,65.99047,32,Replayed,1.0
-3.0,0.0,1,0,65.21589,32,Replayed,3.0
1.0,1.0,1,1,65.31498,32,Replayed,1.0
9.0,-1.0,1,1,76.2803,32,Replayed,9.0
-38.0,1.0,-1,1,93.0903,32,Replayed,38.0
3.0,1.0,1,1,67.91327,32,Replayed,3.0
-1.0,1.0,1,0,64.57556,32,Replayed,1.0
-5.0,0.0,-1,1,68.91689,32,Replayed,5.0
1.0,1.0,1,1,66.25692,32,Replayed,1.0
-38.0,-1.0,-1,1,94.61672,32,Replayed,38.0
-38.0,0.0,-1,1,94.46342,32,Replayed,38.0
-3.0,-1.0,-1,1,67.227325,32,Replayed,3.0
-1.0,1.0,1,0,63.225155,32,Replayed,1.0
3.0,1.0,1,1,68.97998,32,Replayed,3.0
-3.0,1.0,-1,1,64.91038,32,Replayed,3.0
3.0,0.0,-1,0,62.3124,32,Replayed,3.0
38.0,1.0,1,1,94.207214,32,Replayed,38.0
38.0,-1.0,1,1,95.22559,32,Replayed,38.0
-1.0,-1.0,-1,1,66.221664,32,Replayed,1.0
-5.0,1.0,1,0,62.53733,32,Replayed,5.0
-3.0,-1.0,-1,1,67.39568,32,Replayed,3.0
38.0,-1.0,1,1,95.44911,32,Replayed,38.0
5.0,-1.0,1,1,73.245705,32,Replayed,5.0
3.0,0.0,1,1,68.90792,32,Replayed,3.0
-9.0,-1.0,1,0,64.27166,32,Replayed,9.0
-1.0,1.0,-1,1,62.90243,32,Replayed,1.0
9.0,-1.0,1,1,76.93966,32,Replayed,9.0
1.0,0.0,1,1,66.62349,32,Replayed,1.0
38.0,-1.0,1,1,95.24796,32,Replayed,38.0
9.0,1.0,-1,0,57.798374,32,Replayed,9.0
-1.0,0.0,-1,1,64.63899,32,Replayed,1.0
-9.0,0.0,-1,1,73.65479,32,Replayed,9.0
-1.0,0.0,1,0,65.45715,32,Replayed,1.0
-1.0,1.0,-1,1,63.85935,32,Replayed,1.0
-5.0,0.0,-1,1,68.37234,32,Replayed,5.0
1.0,1.0,-1,0,61.24553,32,Replayed,1.0
9.0,1.0,1,1,74.94968,32,Replayed,9.0
-5.0,1.0,1,0,62.21261,32,Replayed,5.0
5.0,-1.0,1,1,72.05313,32,Replayed,5.0
38.0,-1.0,1,1,95.39052,32,Replayed,38.0
-3.0,-1.0,-1,1,68.64075,32,Replayed,3.0
-9.0,0.0,1,0,62.10913,32,Replayed,9.0
38.0,0.0,1,1,94.39299,32,Replayed,38.0
9.0,-1.0,1,1,77.05664,32,Replayed,9.0
-38.0,1.0,-1,1,92.89744,32,Replayed,38.0
-1.0,0.0,1,0,65.97812,32,Replayed,1.0
-5.0,1.0,1,0,62.849445,32,Replayed,5.0
-9.0,0.0,-1,1,73.37332,32,Replayed,9.0
3.0,-1.0,1,1,69.73244,32,Replayed,3.0
-38.0,0.0,-1,1,93.899536,32,Replayed,38.0
-9.0,-1.0,-1,1,74.522,32,Replayed,9.0
3.0,0.0,1,1,69.85962,32,Replayed,3.0
1.0,-1.0,1,1,67.8848,32,Replayed,1.0
9.0,-1.0,-1,0,61.440617,32,Replayed,9.0
-5.0,1.0,-1,1,66.96421,32,Replayed,5.0
-5.0,-1.0,-1,1,70.325424,32,Replayed,5.0
-9.0,0.0,1,0,61.96125,32,Replayed,9.0
-9.0,-1.0,1,0,63.875854,32,Replayed,9.0
-3.0,0.0,-1,1,65.8502,32,Replayed,3.0
9.0,0.0,1,1,76.046196,32,Replayed,9.0
5.0,-1.0,1,1,72.623085,32,Replayed,5.0
5.0,-1.0,-1,0,63.107903,32,Replayed,5.0
-3.0,1.0,1,0,62.720592,32,Replayed,3.0
-5.0,1.0,1,0,62.237602,32,Replayed,5.0
3.0,0.0,1,1,69.33001,32,Replayed,3.0
1.0,-1.0,-1,0,63.386684,32,Replayed,1.0
-9.0,1.0,-1,1,73.122894,32,Replayed,9.0
-3.0,0.0,-1,1,68.30265,32,Replayed,3.0
-1.0,-1.0,1,0,66.98975,32,Replayed,1.0
3.0,1.0,-1,0,59.875782,32,Replayed,3.0
9.0,-1.0,1,1,76.66408,32,Replayed,9.0
-1.0,-1.0,-1,1,65.44714,32,Replayed,1.0
-3.0,0.0,-1,1,66.657555,32,Replayed,3.0
1.0,-1.0,-1,0,64.10168,32,Replayed,1.0
-9.0,0.0,-1,1,73.27535,32,Replayed,9.0
-9.0,-1.0,-1,1,74.47829,32,Replayed,9.0
9.0,0.0,1,1,76.10528,32,Replayed,9.0
-9.0,1.0,-1,1,72.42217,32,Replayed,9.0
9.0,0.0,1,1,76.65538,32,Replayed,9.0
9.0,1.0,-1,0,58.07296,32,Replayed,9.0
5.0,-1.0,-1,0,61.29075,32,Replayed,5.0
-38.0,0.0,-1,1,94.160835,32,Replayed,38.0
-3.0,-1.0,-1,1,67.62062,32,Replayed,3.0
38.0,1.0,1,1,94.351814,32,Replayed,38.0
-1.0,0.0,-1,1,64.51369,32,Replayed,1.0
3.0,0.0,-1,0,61.19463,32,Replayed,3.0
9.0,-1.0,1,1,76.81316,32,Replayed,9.0
38.0,-1.0,1,1,95.28276,32,Replayed,38.0
-3.0,-1.0,-1,1,67.8492,32,Replayed,3.0
-38.0,1.0,-1,1,93.57782,32,Replayed,38.0
38.0,1.0,1,1,94.0292,32,Replayed,38.0
-5.0,0.0,1,0,64.39104,32,Replayed,5.0
-9.0,0.0,1,0,62.601982,32,Replayed,9.0
9.0,0.0,1,1,76.29568,32,Replayed,9.0
38.0,0.0,1,1,95.03055,32,Replayed,38.0
5.0,1.0,1,1,70.75456,32,Replayed,5.0
3.0,1.0,-1,0,59.872597,32,Replayed,3.0
3.0,0.0,-1,0,62.321205,32,Replayed,3.0
-5.0,-1.0,1,0,64.00398,32,Replayed,5.0
-5.0,-1.0,-1,1,69.615654,32,Replayed,5.0
5.0,1.0,1,1,70.76706,32,Replayed,5.0
1.0,-1.0,1,1,67.44198,32,Replayed,1.0
-38.0,-1.0,-1,1,94.552025,32,Replayed,38.0
-38.0,1.0,-1,1,93.122314,32,Replayed,38.0
1.0,-1.0,1,1,68.39489,32,Replayed,1.0
-9.0,1.0,-1,1,63.0757,33,Replayed,9.0
5.0,0.0,-1,0,51.101673,33,Replayed,5.0
-9.0,0.0,-1,1,60.842144,33,Replayed,9.0
9.0,0.0,1,1,59.30354,33,Replayed,9.0
9.0,1.0,1,1,61.07195,33,Replayed,9.0
-1.0,1.0,-1,1,54.88053,33,Replayed,1.0
3.0,0.0,1,1,53.766068,33,Replayed,3.0
-3.0,1.0,-1,1,56.280167,33,Replayed,3.0
5.0,0.0,-1,0,50.69413,33,Replayed,5.0
9.0,1.0,1,1,60.716797,33,Replayed,9.0
5.0,0.0,1,1,56.056873,33,Replayed,5.0
5.0,1.0,1,1,57.419224,33,Replayed,5.0
38.0,-1.0,1,1,78.985855,33,Replayed,38.0
-1.0,0.0,-1,1,53.518784,33,Replayed,1.0
38.0,-1.0,1,1,79.147385,33,Replayed,38.0
-38.0,-1.0,-1,1,80.94536,33,Replayed,38.0
-3.0,1.0,1,0,51.604427,33,Replayed,3.0
-1.0,1.0,-1,1,55.42649,33,Replayed,1.0
-5.0,0.0,-1,1,57.67374,33,Replayed,5.0
9.0,-1.0,-1,0,44.91606,33,Replayed,9.0
-9.0,-1.0,-1,1,59.349678,33,Replayed,9.0
-3.0,1.0,-1,1,57.34781,33,Replayed,3.0
-9.0,-1.0,-1,1,60.47445,33,Replayed,9.0
38.0,1.0,1,1,82.940605,33,Replayed,38.0
1.0,-1.0,1,1,50.86283,33,Replayed,1.0
-9.0,1.0,-1,1,62.87098,33,Replayed,9.0
1.0,-1.0,1,1,50.514847,33,Replayed,1.0
1.0,0.0,-1,0,52.706017,33,Replayed,1.0
-3.0,0.0,-1,1,55.845337,33,Replayed,3.0
3.0,1.0,-1,0,52.563595,33,Replayed,3.0
5.0,-1.0,-1,0,48.34135,33,Replayed,5.0
-38.0,1.0,-1,1,84.31129,33,Replayed,38.0
5.0,1.0,1,1,57.699383,33,Replayed,5.0
38.0,1.0,1,1,83.12457,33,Replayed,38.0
-5.0,-1.0,-1,1,56.8481,33,Replayed,5.0
-38.0,1.0,-1,1,84.07167,33,Replayed,38.0
-9.0,0.0,-1,1,60.58673,33,Replayed,9.0
-3.0,-1.0,1,0,47.6888,33,Replayed,3.0
38.0,1.0,1,1,83.100426,33,Replayed,38.0
9.0,-1.0,1,1,57.32247,33,Replayed,9.0
-38.0,-1.0,-1,1,80.347374,33,Replayed,38.0
5.0,1.0,1,1,56.002743,33,Replayed,5.0
-5.0,-1.0,1,0,46.36678,33,Replayed,5.0
-3.0,1.0,1,0,51.11372,33,Replayed,3.0
38.0,0.0,1,1,80.669014,33,Replayed,38.0
38.0,0.0,1,1,81.61356,33,Replayed,38.0
5.0,-1.0,1,1,53.560947,33,Replayed,5.0
-9.0,0.0,-1,1,61.60959,33,Replayed,9.0
3.0,-1.0,-1,0,49.20013,33,Replayed,3.0
38.0,1.0,1,1,83.07778,33,Replayed,38.0
3.0,-1.0,1,1,52.13923,33,Replayed,3.0
1.0,0.0,-1,0,52.52305,33,Replayed,1.0
-3.0,-1.0,1,0,48.500477,33,Replayed,3.0
-9.0,0.0,-1,1,61.132996,33,Replayed,9.0
-1.0,-1.0,1,0,49.130257,33,Replayed,1.0
-1.0,-1.0,-1,1,53.200054,33,Replayed,1.0
9.0,1.0,1,1,60.530045,33,Replayed,9.0
-1.0,-1.0,-1,1,53.05912,33,Replayed,1.0
-3.0,0.0,1,0,49.892143,33,Replayed,3.0
-9.0,1.0,-1,1,62.982784,33,Replayed,9.0
-38.0,-1.0,-1,1,80.623085,33,Replayed,38.0
-3.0,1.0,1,0,51.304756,33,Replayed,3.0
1.0,1.0,1,1,53.224068,33,Replayed,1.0
3.0,-1.0,-1,0,48.90119,33,Replayed,3.0
-38.0,-1.0,1,0,24.333872,33,Replayed,38.0
5.0,-1.0,-1,0,48.79128,33,Replayed,5.0
1.0,0.0,-1,0,52.38064,33,Replayed,1.0
-5.0,-1.0,1,0,45.711933,33,Replayed,5.0
-9.0,-1.0,1,0,43.136417,33,Replayed,9.0
5.0,1.0,1,1,57.55859,33,Replayed,5.0
3.0,0.0,-1,0,50.685776,33,Replayed,3.0
-1.0,1.0,-1,1,55.113,33,Replayed,1.0
-1.0,-1.0,-1,1,52.133717,33,Replayed,1.0
-5.0,-1.0,-1,1,55.731647,33,Replayed,5.0
1.0,-1.0,1,1,50.281628,33,Replayed,1.0
3.0,0.0,1,1,54.617275,33,Replayed,3.0
5.0,0.0,1,1,55.58587,33,Replayed,5.0
1.0,-1.0,1,1,50.095303,33,Replayed,1.0
-9.0,-1.0,-1,1,60.502625,33,Replayed,9.0
38.0,1.0,1,1,83.70911,33,Replayed,38.0
3.0,-1.0,-1,0,49.940216,33,Replayed,3.0
9.0,1.0,-1,0,49.11492,33,Replayed,9.0
-5.0,1.0,-1,1,59.314354,33,Replayed,5.0
-9.0,-1.0,-1,1,59.29544,33,Replayed,9.0
-38.0,-1.0,-1,1,80.08412,33,Replayed,38.0
1.0,1.0,1,1,53.090702,33,Replayed,1.0
9.0,0.0,-1,0,47.648388,33,Replayed,9.0
3.0,0.0,1,1,54.267918,33,Replayed,3.0
38.0,-1.0,1,1,79.35324,33,Replayed,38.0
-5.0,-1.0,-1,1,56.69151,33,Replayed,5.0
38.0,-1.0,1,1,78.403404,33,Replayed,38.0
3.0,0.0,1,1,53.909325,33,Replayed,3.0
-1.0,1.0,-1,1,54.980446,33,Replayed,1.0
3.0,0.0,-1,0,50.534832,33,Replayed,3.0
3.0,1.0,1,1,54.534035,33,Replayed,3.0
1.0,0.0,-1,0,52.896255,33,Replayed,1.0
-9.0,0.0,-1,1,61.459087,33,Replayed,9.0
-5.0,-1.0,-1,1,55.54282,33,Replayed,5.0
-5.0,1.0,-1,1,59.198864,33,Replayed,5.0
-5.0,0.0,-1,1,57.281937,33,Replayed,5.0
38.0,-1.0,1,1,79.261826,33,Replayed,38.0
5.0,-1.0,1,1,54.44032,33,Replayed,5.0
-1.0,-1.0,1,0,49.26151,33,Replayed,1.0
9.0,-1.0,1,1,57.57898,33,Replayed,9.0
38.0,-1.0,1,1,79.463135,33,Replayed,38.0
-9.0,-1.0,-1,1,59.916325,33,Replayed,9.0
3.0,1.0,-1,0,52.847775,33,Replayed,3.0
9.0,-1.0,1,1,58.75795,33,Replayed,9.0
-5.0,1.0,-1,1,59.548706,33,Replayed,5.0
-9.0,0.0,-1,1,60.527946,33,Replayed,9.0
-1.0,0.0,-1,1,54.365616,33,Replayed,1.0
-5.0,0.0,-1,1,58.33772,33,Replayed,5.0
38.0,0.0,1,1,80.70911,33,Replayed,38.0
1.0,1.0,-1,0,53.73426,33,Replayed,1.0
-3.0,0.0,1,0,49.62774,33,Replayed,3.0
5.0,0.0,1,1,55.693962,33,Replayed,5.0
-1.0,1.0,1,0,50.62115,33,Replayed,1.0
1.0,1.0,-1,0,53.86213,33,Replayed,1.0
-9.0,1.0,-1,1,62.459034,33,Replayed,9.0
-5.0,0.0,-1,1,57.80076,33,Replayed,5.0
-38.0,0.0,-1,1,82.33072,33,Replayed,38.0
-38.0,0.0,-1,1,82.44857,33,Replayed,38.0
-38.0,1.0,-1,1,84.19162,33,Replayed,38.0
-9.0,1.0,1,0,47.432377,33,Replayed,9.0
-38.0,1.0,-1,1,84.03123,33,Replayed,38.0
38.0,1.0,1,1,83.33677,33,Replayed,38.0
-38.0,-1.0,-1,1,80.49797,33,Replayed,38.0
-38.0,0.0,-1,1,82.67508,33,Replayed,38.0
38.0,-1.0,1,1,79.26619,33,Replayed,38.0
-9.0,1.0,-1,1,63.600254,33,Replayed,9.0
5.0,1.0,-1,0,52.114845,33,Replayed,5.0
9.0,0.0,1,1,58.99546,33,Replayed,9.0
3.0,-1.0,-1,0,49.56664,33,Replayed,3.0
-1.0,1.0,-1,1,55.704056,33,Replayed,1.0
-1.0,1.0,-1,1,56.075035,33,Replayed,1.0
-38.0,1.0,-1,1,83.36627,33,Replayed,38.0
-3.0,1.0,-1,1,56.750534,33,Replayed,3.0
38.0,1.0,1,1,83.21649,33,Replayed,38.0
9.0,0.0,1,1,60.194122,33,Replayed,9.0
-38.0,1.0,-1,1,84.75884,33,Replayed,38.0
-3.0,0.0,1,0,49.23076,33,Replayed,3.0
-1.0,-1.0,-1,1,54.165405,33,Replayed,1.0
5.0,-1.0,1,1,53.883232,33,Replayed,5.0
-3.0,0.0,-1,1,55.809288,33,Replayed,3.0
1.0,1.0,1,1,52.168118,33,Replayed,1.0
-3.0,-1.0,-1,1,54.441788,33,Replayed,3.0
-38.0,0.0,-1,1,82.191795,33,Replayed,38.0
38.0,1.0,1,1,82.81525,33,Replayed,38.0
1.0,-1.0,-1,0,51.581688,33,Replayed,1.0
-9.0,0.0,-1,1,61.812843,33,Replayed,9.0
9.0,0.0,1,1,59.04381,33,Replayed,9.0
1.0,1.0,-1,0,53.55487,33,Replayed,1.0
-3.0,-1.0,-1,1,54.378857,33,Replayed,3.0
-5.0,1.0,1,0,49.07052,33,Replayed,5.0
-9.0,1.0,-1,1,63.15354,33,Replayed,9.0
5.0,-1.0,1,1,54.828804,33,Replayed,5.0
3.0,1.0,1,1,54.993504,33,Replayed,3.0
-5.0,1.0,1,0,49.529438,33,Replayed,5.0
38.0,0.0,1,1,81.6493,33,Replayed,38.0
38.0,0.0,1,1,81.4741,33,Replayed,38.0
-38.0,1.0,-1,1,84.25771,33,Replayed,38.0
-1.0,-1.0,-1,1,53.124092,33,Replayed,1.0
9.0,0.0,1,1,60.154663,33,Replayed,9.0
-5.0,1.0,-1,1,58.154263,33,Replayed,5.0
1.0,0.0,-1,0,52.156723,33,Replayed,1.0
-38.0,-1.0,-1,1,81.004486,33,Replayed,38.0
-1.0,0.0,-1,1,55.114883,33,Replayed,1.0
-9.0,0.0,-1,1,60.966427,33,Replayed,9.0
-38.0,1.0,-1,1,84.12984,33,Replayed,38.0
1.0,0.0,-1,0,51.15059,33,Replayed,1.0
38.0,-1.0,1,1,80.90552,33,Replayed,38.0
1.0,-1.0,1,1,50.540257,33,Replayed,1.0
5.0,0.0,1,1,55.733345,33,Replayed,5.0
1.0,0.0,-1,0,52.003826,33,Replayed,1.0
9.0,-1.0,1,1,58.288013,33,Replayed,9.0
-3.0,1.0,1,0,50.54246,33,Replayed,3.0
-3.0,1.0,-1,1,57.425243,33,Replayed,3.0
-5.0,-1.0,1,0,46.547836,33,Replayed,5.0
3.0,0.0,-1,0,51.345646,33,Replayed,3.0
5.0,-1.0,1,1,54.720463,33,Replayed,5.0
9.0,0.0,1,1,60.357117,33,Replayed,9.0
-3.0,-1.0,-1,1,54.652004,33,Replayed,3.0
38.0,0.0,1,1,81.57223,33,Replayed,38.0
-3.0,-1.0,-1,1,55.077724,33,Replayed,3.0
-3.0,0.0,1,0,48.460575,33,Replayed,3.0
38.0,0.0,1,1,82.161674,33,Replayed,38.0
3.0,1.0,1,1,55.835785,33,Replayed,3.0
-5.0,-1.0,-1,1,56.30668,33,Replayed,5.0
-5.0,1.0,-1,1,58.961445,33,Replayed,5.0
5.0,1.0,1,1,57.93899,33,Replayed,5.0
9.0,1.0,1,1,59.63829,33,Replayed,9.0
-38.0,0.0,-1,1,82.67265,33,Replayed,38.0
-1.0,-1.0,-1,1,53.86026,33,Replayed,1.0
9.0,1.0,1,1,60.954994,33,Replayed,9.0
-1.0,0.0,-1,1,53.822826,33,Replayed,1.0
3.0,1.0,-1,0,53.31388,33,Replayed,3.0
1.0,1.0,-1,0,53.728397,33,Replayed,1.0
1.0,0.0,-1,0,52.245945,33,Replayed,1.0
38.0,0.0,1,1,81.762276,33,Replayed,38.0
3.0,1.0,-1,0,52.7474,33,Replayed,3.0
1.0,-1.0,1,1,51.25887,33,Replayed,1.0
3.0,0.0,-1,0,50.09626,33,Replayed,3.0
-1.0,0.0,-1,1,53.77549,33,Replayed,1.0
-5.0,1.0,-1,1,59.437378,33,Replayed,5.0
5.0,1.0,1,1,57.717125,33,Replayed,5.0
1.0,-1.0,-1,0,51.644886,33,Replayed,1.0
9.0,-1.0,1,1,58.2812,33,Replayed,9.0
-38.0,0.0,-1,1,82.57571,33,Replayed,38.0
-5.0,0.0,-1,1,57.03367,33,Replayed,5.0
9.0,1.0,1,1,60.922295,33,Replayed,9.0
5.0,-1.0,1,1,54.832314,33,Replayed,5.0
-1.0,0.0,-1,1,54.46183,33,Replayed,1.0
9.0,0.0,1,1,59.780968,33,Replayed,9.0
-5.0,0.0,1,0,48.074883,33,Replayed,5.0
9.0,1.0,1,1,59.97234,33,Replayed,9.0
-9.0,-1.0,-1,1,59.21704,33,Replayed,9.0
-3.0,0.0,1,0,49.010105,33,Replayed,3.0
5.0,1.0,1,1,56.55967,33,Replayed,5.0
-5.0,0.0,-1,1,57.89315,33,Replayed,5.0
-1.0,0.0,-1,1,54.74331,33,Replayed,1.0
-38.0,0.0,-1,1,82.66053,33,Replayed,38.0
3.0,1.0,-1,0,52.98036,33,Replayed,3.0
-3.0,-1.0,-1,1,54.357445,33,Replayed,3.0
-3.0,0.0,-1,1,56.186317,33,Replayed,3.0
3.0,-1.0,1,1,52.272617,33,Replayed,3.0
-1.0,0.0,1,0,50.84447,33,Replayed,1.0
3.0,-1.0,-1,0,50.147175,33,Replayed,3.0
5.0,0.0,1,1,55.987698,33,Replayed,5.0
-5.0,0.0,-1,1,58.734596,33,Replayed,5.0
-1.0,1.0,1,0,51.54085,33,Replayed,1.0
1.0,1.0,1,1,52.836014,33,Replayed,1.0
5.0,0.0,1,1,55.654682,33,Replayed,5.0
-38.0,0.0,-1,1,82.68361,33,Replayed,38.0
9.0,-1.0,1,1,58.363922,33,Replayed,9.0
9.0,-1.0,1,1,57.721645,33,Replayed,9.0
3.0,-1.0,1,1,52.58804,33,Replayed,3.0
-9.0,-1.0,-1,1,59.57885,33,Replayed,9.0
-3.0,-1.0,-1,1,54.51357,33,Replayed,3.0
-9.0,1.0,-1,1,62.082165,33,Replayed,9.0
-9.0,-1.0,-1,1,68.91718,34,Replayed,9.0
-1.0,1.0,-1,1,54.40914,34,Replayed,1.0
-3.0,0.0,-1,1,57.544827,34,Replayed,3.0
5.0,0.0,1,1,68.45265,34,Replayed,5.0
5.0,1.0,1,1,72.255936,34,Replayed,5.0
3.0,1.0,1,1,65.656494,34,Replayed,3.0
-9.0,-1.0,-1,1,69.114746,34,Replayed,9.0
-1.0,-1.0,1,0,51.4673,34,Replayed,1.0
-5.0,-1.0,-1,1,59.81455,34,Replayed,5.0
-3.0,-1.0,-1,1,54.24346,34,Replayed,3.0
9.0,-1.0,1,1,74.97853,34,Replayed,9.0
5.0,-1.0,1,1,66.9584,34,Replayed,5.0
9.0,1.0,1,1,80.15645,34,Replayed,9.0
38.0,-1.0,1,1,99.05496,34,Replayed,38.0
9.0,1.0,1,1,80.95508,34,Replayed,9.0
-3.0,1.0,-1,1,59.00026,34,Replayed,3.0
-1.0,0.0,1,0,54.73938,34,Replayed,1.0
-38.0,0.0,-1,1,99.1546,34,Replayed,38.0
3.0,0.0,-1,0,41.650547,34,Replayed,3.0
-1.0,-1.0,1,0,50.367332,34,Replayed,1.0
-9.0,1.0,-1,1,74.42451,34,Replayed,9.0
-9.0,0.0,-1,1,71.36309,34,Replayed,9.0
-5.0,1.0,-1,1,65.77545,34,Replayed,5.0
38.0,-1.0,1,1,99.17098,34,Replayed,38.0
5.0,1.0,1,1,70.576385,34,Replayed,5.0
38.0,0.0,1,1,99.41145,34,Replayed,38.0
5.0,-1.0,1,1,66.65941,34,Replayed,5.0
-38.0,0.0,-1,1,99.12142,34,Replayed,38.0
38.0,0.0,1,1,99.42508,34,Replayed,38.0
-3.0,1.0,1,0,51.910107,34,Replayed,3.0
38.0,0.0,1,1,99.39213,34,Replayed,38.0
38.0,0.0,1,1,99.34431,34,Replayed,38.0
1.0,0.0,-1,0,46.52616,34,Replayed,1.0
1.0,-1.0,1,1,56.390697,34,Replayed,1.0
38.0,-1.0,1,1,99.135445,34,Replayed,38.0
1.0,-1.0,1,1,55.822075,34,Replayed,1.0
-1.0,0.0,1,0,54.346474,34,Replayed,1.0
3.0,-1.0,1,1,60.522633,34,Replayed,3.0
-3.0,0.0,-1,1,56.98079,34,Replayed,3.0
38.0,-1.0,1,1,99.08678,34,Replayed,38.0
38.0,1.0,1,1,99.576645,34,Replayed,38.0
-38.0,-1.0,-1,1,98.704895,34,Replayed,38.0
3.0,1.0,1,1,66.42532,34,Replayed,3.0
-5.0,-1.0,-1,1,58.758854,34,Replayed,5.0
3.0,-1.0,1,1,61.18611,34,Replayed,3.0
3.0,-1.0,1,1,61.60004,34,Replayed,3.0
38.0,-1.0,1,1,99.067154,34,Replayed,38.0
1.0,0.0,1,1,58.486504,34,Replayed,1.0
3.0,-1.0,1,1,61.781372,34,Replayed,3.0
-38.0,1.0,-1,1,99.35851,34,Replayed,38.0
-3.0,1.0,1,0,51.712887,34,Replayed,3.0
9.0,-1.0,1,1,74.97294,34,Replayed,9.0
-3.0,1.0,1,0,51.42035,34,Replayed,3.0
1.0,-1.0,1,1,56.192757,34,Replayed,1.0
-9.0,1.0,-1,1,74.77439,34,Replayed,9.0
38.0,1.0,1,1,99.57117,34,Replayed,38.0
-1.0,1.0,1,0,56.71525,34,Replayed,1.0
-38.0,1.0,-1,1,99.34896,34,Replayed,38.0
5.0,-1.0,1,1,67.19746,34,Replayed,5.0
38.0,1.0,1,1,99.57682,34,Replayed,38.0
1.0,1.0,-1,0,48.87431,34,Replayed,1.0
5.0,1.0,-1,0,40.732037,34,Replayed,5.0
9.0,0.0,1,1,77.91502,34,Replayed,9.0
-38.0,0.0,-1,1,99.0737,34,Replayed,38.0
-38.0,-1.0,-1,1,98.68604,34,Replayed,38.0
-9.0,0.0,-1,1,71.97607,34,Replayed,9.0
-5.0,0.0,-1,1,62.081665,34,Replayed,5.0
3.0,-1.0,-1,0,37.842983,34,Replayed,3.0
9.0,0.0,1,1,77.728775,34,Replayed,9.0
9.0,1.0,1,1,80.53585,34,Replayed,9.0
3.0,1.0,1,1,66.28717,34,Replayed,3.0
5.0,1.0,1,1,71.82288,34,Replayed,5.0
-1.0,-1.0,1,0,51.070004,34,Replayed,1.0
-9.0,1.0,-1,1,75.49368,34,Replayed,9.0
38.0,1.0,1,1,99.588165,34,Replayed,38.0
5.0,0.0,1,1,69.44769,34,Replayed,5.0
-5.0,0.0,-1,1,62.402916,34,Replayed,5.0
3.0,-1.0,1,1,61.1332,34,Replayed,3.0
5.0,-1.0,1,1,66.119896,34,Replayed,5.0
1.0,1.0,1,1,61.39362,34,Replayed,1.0
38.0,-1.0,1,1,99.09989,34,Replayed,38.0
-3.0,0.0,1,0,48.736023,34,Replayed,3.0
9.0,-1.0,1,1,75.417404,34,Replayed,9.0
-3.0,-1.0,-1,1,53.42387,34,Replayed,3.0
38.0,0.0,1,1,99.364944,34,Replayed,38.0
-5.0,0.0,-1,1,62.158657,34,Replayed,5.0
38.0,-1.0,1,1,99.10187,34,Replayed,38.0
-9.0,1.0,-1,1,74.88377,34,Replayed,9.0
9.0,0.0,1,1,77.48679,34,Replayed,9.0
5.0,1.0,1,1,71.90975,34,Replayed,5.0
-1.0,0.0,1,0,53.5613,34,Replayed,1.0
-38.0,-1.0,-1,1,98.61733,34,Replayed,38.0
1.0,-1.0,1,1,56.116234,34,Replayed,1.0
-1.0,0.0,-1,1,52.34176,34,Replayed,1.0
-3.0,0.0,-1,1,56.16306,34,Replayed,3.0
-1.0,0.0,1,0,53.713585,34,Replayed,1.0
-1.0,-1.0,1,0,50.513374,34,Replayed,1.0
-9.0,0.0,-1,1,71.38254,34,Replayed,9.0
-9.0,0.0,1,0,33.773376,34,Replayed,9.0
-1.0,-1.0,1,0,50.071217,34,Replayed,1.0
-9.0,0.0,1,0,34.51966,34,Replayed,9.0
-3.0,-1.0,-1,1,54.038383,34,Replayed,3.0
5.0,1.0,1,1,72.361336,34,Replayed,5.0
-38.0,1.0,-1,1,99.37879,34,Replayed,38.0
38.0,1.0,1,1,99.56139,34,Replayed,38.0
5.0,-1.0,1,1,67.568596,34,Replayed,5.0
-1.0,1.0,-1,1,53.612404,34,Replayed,1.0
-5.0,1.0,-1,1,64.80963,34,Replayed,5.0
-38.0,0.0,-1,1,99.068794,34,Replayed,38.0
5.0,-1.0,1,1,66.09289,34,Replayed,5.0
1.0,0.0,1,1,58.676357,34,Replayed,1.0
5.0,-1.0,1,1,65.463005,34,Replayed,5.0
9.0,1.0,1,1,79.118576,34,Replayed,9.0
-5.0,1.0,-1,1,64.99419,34,Replayed,5.0
-9.0,-1.0,-1,1,69.29434,34,Replayed,9.0
9.0,-1.0,1,1,74.89509,34,Replayed,9.0
-38.0,-1.0,-1,1,98.68077,34,Replayed,38.0
-5.0,0.0,-1,1,62.252563,34,Replayed,5.0
-5.0,-1.0,1,0,41.345203,34,Replayed,5.0
-3.0,-1.0,1,0,46.45689,34,Replayed,3.0
-3.0,0.0,-1,1,56.83071,34,Replayed,3.0
9.0,0.0,1,1,77.30572,34,Replayed,9.0
38.0,0.0,1,1,99.38554,34,Replayed,38.0
38.0,1.0,1,1,99.59396,34,Replayed,38.0
-3.0,0.0,-1,1,56.85129,34,Replayed,3.0
9.0,-1.0,1,1,75.652985,34,Replayed,9.0
3.0,0.0,1,1,64.788864,34,Replayed,3.0
-38.0,1.0,-1,1,99.38778,34,Replayed,38.0
38.0,0.0,1,1,99.36775,34,Replayed,38.0
-38.0,-1.0,-1,1,98.73193,34,Replayed,38.0
9.0,0.0,1,1,77.74954,34,Replayed,9.0
-38.0,1.0,-1,1,99.40673,34,Replayed,38.0
-5.0,-1.0,1,0,40.59795,34,Replayed,5.0
9.0,1.0,1,1,79.851395,34,Replayed,9.0
3.0,1.0,1,1,66.42405,34,Replayed,3.0
1.0,-1.0,-1,0,43.97456,34,Replayed,1.0
-9.0,-1.0,-1,1,68.542496,34,Replayed,9.0
-3.0,-1.0,-1,1,55.140244,34,Replayed,3.0
-9.0,0.0,-1,1,71.92188,34,Replayed,9.0
-38.0,0.0,-1,1,99.02322,34,Replayed,38.0
5.0,0.0,1,1,68.51173,34,Replayed,5.0
1.0,-1.0,-1,0,44.8171,34,Replayed,1.0
3.0,0.0,-1,0,41.88384,34,Replayed,3.0
-9.0,-1.0,-1,1,68.69984,34,Replayed,9.0
3.0,0.0,1,1,63.37277,34,Replayed,3.0
5.0,0.0,1,1,68.04912,34,Replayed,5.0
3.0,0.0,-1,0,42.34215,34,Replayed,3.0
-38.0,-1.0,-1,1,98.612206,34,Replayed,38.0
-5.0,1.0,1,0,47.87816,34,Replayed,5.0
9.0,1.0,1,1,80.3832,34,Replayed,9.0
-1.0,-1.0,1,0,51.497227,34,Replayed,1.0
9.0,0.0,1,1,77.81435,34,Replayed,9.0
-38.0,1.0,-1,1,99.400856,34,Replayed,38.0
-3.0,-1.0,1,0,46.299915,34,Replayed,3.0
9.0,-1.0,1,1,74.526405,34,Replayed,9.0
-1.0,1.0,1,0,56.516136,34,Replayed,1.0
-5.0,-1.0,-1,1,60.062798,34,Replayed,5.0
38.0,1.0,1,1,99.60711,34,Replayed,38.0
9.0,0.0,1,1,77.245346,34,Replayed,9.0
1.0,0.0,1,1,58.513405,34,Replayed,1.0
-1.0,-1.0,1,0,50.99747,34,Replayed,1.0
-1.0,0.0,-1,1,51.28003,34,Replayed,1.0
-38.0,-1.0,-1,1,98.726006,34,Replayed,38.0
3.0,0.0,1,1,63.641327,34,Replayed,3.0
-1.0,-1.0,-1,1,49.39569,34,Replayed,1.0
-9.0,0.0,-1,1,72.07978,34,Replayed,9.0
5.0,0.0,-1,0,36.88945,34,Replayed,5.0
-3.0,-1.0,1,0,45.78156,34,Replayed,3.0
5.0,0.0,1,1,69.01737,34,Replayed,5.0
-5.0,-1.0,-1,1,59.112698,34,Replayed,5.0
3.0,1.0,-1,0,44.555706,34,Replayed,3.0
-5.0,0.0,-1,1,61.91505,34,Replayed,5.0
1.0,1.0,1,1,60.48553,34,Replayed,1.0
1.0,1.0,1,1,61.444813,34,Replayed,1.0
5.0,1.0,1,1,71.35273,34,Replayed,5.0
3.0,1.0,1,1,66.611145,34,Replayed,3.0
9.0,1.0,1,1,79.64057,34,Replayed,9.0
-5.0,0.0,-1,1,61.950325,34,Replayed,5.0
5.0,0.0,-1,0,36.531837,34,Replayed,5.0
3.0,0.0,-1,0,42.218582,34,Replayed,3.0
3.0,-1.0,1,1,61.730026,34,Replayed,3.0
-5.0,1.0,1,0,47.26419,34,Replayed,5.0
-1.0,1.0,-1,1,54.955162,34,Replayed,1.0
3.0,0.0,1,1,64.43741,34,Replayed,3.0
-5.0,-1.0,1,0,40.275097,34,Replayed,5.0
1.0,-1.0,1,1,56.147438,34,Replayed,1.0
9.0,-1.0,1,1,74.279686,34,Replayed,9.0
-1.0,1.0,-1,1,54.424633,34,Replayed,1.0
-38.0,0.0,-1,1,99.08846,34,Replayed,38.0
5.0,1.0,-1,0,39.35981,34,Replayed,5.0
-5.0,1.0,-1,1,65.20607,34,Replayed,5.0
-1.0,1.0,1,0,56.33142,34,Replayed,1.0
-9.0,1.0,-1,1,75.20493,34,Replayed,9.0
-9.0,1.0,1,0,38.25266,34,Replayed,9.0
-1.0,0.0,1,0,53.26679,34,Replayed,1.0
38.0,1.0,1,1,99.5989,34,Replayed,38.0
-3.0,-1.0,-1,1,54.93912,34,Replayed,3.0
3.0,1.0,1,1,66.14967,34,Replayed,3.0
-3.0,0.0,-1,1,56.70521,34,Replayed,3.0
-3.0,1.0,1,0,51.1391,34,Replayed,3.0
3.0,1.0,-1,0,43.840057,34,Replayed,3.0
9.0,0.0,1,1,77.06246,34,Replayed,9.0
-5.0,1.0,-1,1,64.925644,34,Replayed,5.0
1.0,1.0,1,1,60.38851,34,Replayed,1.0
1.0,1.0,1,1,60.626244,34,Replayed,1.0
-9.0,1.0,-1,1,75.23623,34,Replayed,9.0
-5.0,1.0,-1,1,65.20578,34,Replayed,5.0
3.0,-1.0,1,1,60.873775,34,Replayed,3.0
-5.0,0.0,1,0,44.753056,34,Replayed,5.0
-9.0,-1.0,-1,1,69.99421,34,Replayed,9.0
-3.0,1.0,1,0,50.574898,34,Replayed,3.0
1.0,0.0,1,1,58.88669,34,Replayed,1.0
-1.0,1.0,-1,1,53.784634,34,Replayed,1.0
-3.0,0.0,1,0,49.24968,34,Replayed,3.0
9.0,-1.0,1,1,74.96761,34,Replayed,9.0
1.0,1.0,-1,0,49.65985,34,Replayed,1.0
-38.0,0.0,-1,1,99.09105,34,Replayed,38.0
1.0,0.0,-1,0,46.85921,34,Replayed,1.0
-5.0,0.0,-1,1,62.22182,34,Replayed,5.0
9.0,1.0,1,1,79.770226,34,Replayed,9.0
1.0,0.0,-1,0,45.70004,34,Replayed,1.0
-1.0,0.0,-1,1,52.565098,34,Replayed,1.0
-38.0,0.0,-1,1,99.074356,34,Replayed,38.0
-9.0,1.0,-1,1,74.194496,34,Replayed,9.0
5.0,-1.0,1,1,66.44,34,Replayed,5.0
1.0,1.0,1,1,60.793907,34,Replayed,1.0
-5.0,-1.0,-1,1,59.076893,34,Replayed,5.0
-3.0,1.0,-1,1,59.599106,34,Replayed,3.0
-38.0,-1.0,-1,1,98.62234,34,Replayed,38.0
38.0,0.0,1,1,99.40482,34,Replayed,38.0
-38.0,1.0,-1,1,99.350136,34,Replayed,38.0
1.0,-1.0,-1,0,43.26675,34,Replayed,1.0
38.0,-1.0,1,1,99.075035,34,Replayed,38.0
1.0,0.0,1,1,58.912014,34,Replayed,1.0
-9.0,-1.0,-1,1,68.63912,34,Replayed,9.0
-9.0,-1.0,-1,1,70.15365,34,Replayed,9.0
5.0,0.0,-1,0,36.855034,34,Replayed,5.0
-3.0,1.0,-1,1,59.905357,34,Replayed,3.0
-9.0,0.0,-1,1,71.39573,34,Replayed,9.0
-38.0,1.0,-1,1,99.40521,34,Replayed,38.0
38.0,0.0,1,1,99.95857,35,Replayed,38.0
-1.0,0.0,-1,1,74.133705,35,Replayed,1.0
-5.0,0.0,1,0,63.161514,35,Replayed,5.0
38.0,0.0,1,1,99.9645,35,Replayed,38.0
-9.0,1.0,-1,1,95.555954,35,Replayed,9.0
38.0,1.0,1,1,99.987144,35,Replayed,38.0
-1.0,1.0,-1,1,79.860535,35,Replayed,1.0
38.0,1.0,1,1,99.98669,35,Replayed,38.0
-1.0,0.0,1,0,66.617065,35,Replayed,1.0
-1.0,-1.0,-1,1,58.744495,35,Replayed,1.0
-9.0,0.0,-1,1,91.687454,35,Replayed,9.0
3.0,-1.0,-1,0,50.664593,35,Replayed,3.0
3.0,0.0,1,1,76.859924,35,Replayed,3.0
-1.0,-1.0,1,0,50.846375,35,Replayed,1.0
-9.0,1.0,-1,1,95.16813,35,Replayed,9.0
5.0,0.0,1,1,82.9661,35,Replayed,5.0
-5.0,-1.0,-1,1,67.42874,35,Replayed,5.0
-3.0,0.0,-1,1,79.67836,35,Replayed,3.0
-9.0,1.0,-1,1,95.21719,35,Replayed,9.0
9.0,1.0,1,1,94.52939,35,Replayed,9.0
38.0,-1.0,1,1,99.26623,35,Replayed,38.0
-9.0,1.0,-1,1,95.07117,35,Replayed,9.0
5.0,1.0,1,1,88.78328,35,Replayed,5.0
-3.0,1.0,-1,1,85.35383,35,Replayed,3.0
1.0,-1.0,-1,0,54.626476,35,Replayed,1.0
3.0,0.0,1,1,77.89911,35,Replayed,3.0
-3.0,1.0,-1,1,84.59043,35,Replayed,3.0
-5.0,1.0,-1,1,89.19618,35,Replayed,5.0
-9.0,1.0,-1,1,95.0205,35,Replayed,9.0
-5.0,-1.0,-1,1,68.91765,35,Replayed,5.0
5.0,-1.0,1,1,66.52772,35,Replayed,5.0
38.0,1.0,1,1,99.9868,35,Replayed,38.0
3.0,1.0,1,1,84.05192,35,Replayed,3.0
-9.0,0.0,-1,1,90.895805,35,Replayed,9.0
-5.0,0.0,-1,1,83.95988,35,Replayed,5.0
-1.0,-1.0,1,0,51.275845,35,Replayed,1.0
3.0,0.0,1,1,77.25305,35,Replayed,3.0
3.0,0.0,1,1,77.236404,35,Replayed,3.0
1.0,-1.0,1,1,56.857204,35,Replayed,1.0
38.0,-1.0,1,1,99.296005,35,Replayed,38.0
-38.0,-1.0,-1,1,99.398155,35,Replayed,38.0
-3.0,-1.0,-1,1,64.183655,35,Replayed,3.0
-9.0,0.0,-1,1,91.13431,35,Replayed,9.0
-5.0,1.0,1,0,73.898155,35,Replayed,5.0
5.0,0.0,1,1,82.30402,35,Replayed,5.0
-9.0,0.0,-1,1,91.63011,35,Replayed,9.0
5.0,0.0,1,1,82.13288,35,Replayed,5.0
-1.0,1.0,1,0,74.28052,35,Replayed,1.0
-38.0,0.0,-1,1,99.96575,35,Replayed,38.0
5.0,-1.0,1,1,65.98763,35,Replayed,5.0
38.0,0.0,1,1,99.960205,35,Replayed,38.0
5.0,1.0,1,1,88.479225,35,Replayed,5.0
5.0,0.0,1,1,82.36216,35,Replayed,5.0
1.0,-1.0,-1,0,53.520687,35,Replayed,1.0
5.0,1.0,1,1,88.48333,35,Replayed,5.0
1.0,0.0,-1,0,70.60533,35,Replayed,1.0
5.0,-1.0,1,1,66.42803,35,Replayed,5.0
-3.0,0.0,-1,1,79.08486,35,Replayed,3.0
9.0,1.0,1,1,94.2418,35,Replayed,9.0
-3.0,1.0,-1,1,85.840904,35,Replayed,3.0
-5.0,0.0,-1,1,83.9635,35,Replayed,5.0
-38.0,0.0,-1,1,99.969215,35,Replayed,38.0
-5.0,-1.0,-1,1,69.451294,35,Replayed,5.0
-5.0,1.0,-1,1,89.53052,35,Replayed,5.0
5.0,-1.0,1,1,65.84074,35,Replayed,5.0
9.0,1.0,1,1,94.77284,35,Replayed,9.0
-5.0,1.0,-1,1,89.6192,35,Replayed,5.0
3.0,-1.0,1,1,61.001675,35,Replayed,3.0
-3.0,0.0,-1,1,78.87966,35,Replayed,3.0
1.0,1.0,1,1,77.25647,35,Replayed,1.0
1.0,-1.0,1,1,57.53464,35,Replayed,1.0
3.0,0.0,-1,0,68.81803,35,Replayed,3.0
9.0,-1.0,1,1,76.29858,35,Replayed,9.0
3.0,0.0,1,1,77.00792,35,Replayed,3.0
9.0,0.0,1,1,89.933525,35,Replayed,9.0
-5.0,1.0,1,0,73.51233,35,Replayed,5.0
1.0,-1.0,-1,0,52.680737,35,Replayed,1.0
-3.0,1.0,-1,1,85.71656,35,Replayed,3.0
-5.0,0.0,-1,1,84.51439,35,Replayed,5.0
-1.0,0.0,-1,1,72.92744,35,Replayed,1.0
-38.0,-1.0,-1,1,99.39162,35,Replayed,38.0
-38.0,0.0,-1,1,99.96752,35,Replayed,38.0
5.0,1.0,-1,0,75.474884,35,Replayed,5.0
38.0,0.0,1,1,99.9653,35,Replayed,38.0
1.0,0.0,1,1,71.35669,35,Replayed,1.0
-1.0,0.0,1,0,66.90859,35,Replayed,1.0
-5.0,0.0,-1,1,84.15205,35,Replayed,5.0
-38.0,1.0,-1,1,99.9877,35,Replayed,38.0
3.0,1.0,1,1,83.386475,35,Replayed,3.0
9.0,-1.0,-1,0,37.48246,35,Replayed,9.0
1.0,0.0,-1,0,69.7997,35,Replayed,1.0
-38.0,1.0,-1,1,99.987724,35,Replayed,38.0
-9.0,-1.0,-1,1,78.06034,35,Replayed,9.0
3.0,0.0,1,1,75.59211,35,Replayed,3.0
-9.0,-1.0,-1,1,77.74327,35,Replayed,9.0
-3.0,1.0,-1,1,84.94853,35,Replayed,3.0
-5.0,1.0,-1,1,89.6409,35,Replayed,5.0
-3.0,1.0,-1,1,85.0564,35,Replayed,3.0
1.0,1.0,-1,0,75.94532,35,Replayed,1.0
1.0,1.0,-1,0,76.706184,35,Replayed,1.0
9.0,1.0,1,1,94.51371,35,Replayed,9.0
-3.0,-1.0,-1,1,63.797462,35,Replayed,3.0
38.0,0.0,1,1,99.96411,35,Replayed,38.0
9.0,1.0,-1,0,75.17181,35,Replayed,9.0
-3.0,0.0,1,0,66.15084,35,Replayed,3.0
-3.0,0.0,1,0,64.43561,35,Replayed,3.0
3.0,-1.0,1,1,61.68524,35,Replayed,3.0
1.0,1.0,1,1,77.418434,35,Replayed,1.0
-3.0,-1.0,-1,1,64.168564,35,Replayed,3.0
38.0,-1.0,1,1,99.27717,35,Replayed,38.0
-3.0,-1.0,-1,1,63.182236,35,Replayed,3.0
9.0,-1.0,-1,0,37.460613,35,Replayed,9.0
-1.0,1.0,1,0,74.99334,35,Replayed,1.0
1.0,0.0,1,1,71.24331,35,Replayed,1.0
-38.0,-1.0,-1,1,99.38593,35,Replayed,38.0
1.0,1.0,-1,0,75.957634,35,Replayed,1.0
5.0,1.0,1,1,88.053185,35,Replayed,5.0
-38.0,-1.0,-1,1,99.405685,35,Replayed,38.0
38.0,-1.0,1,1,99.25081,35,Replayed,38.0
-5.0,1.0,-1,1,89.29751,35,Replayed,5.0
-38.0,0.0,-1,1,99.97,35,Replayed,38.0
38.0,-1.0,1,1,99.28845,35,Replayed,38.0
38.0,0.0,1,1,99.96568,35,Replayed,38.0
1.0,0.0,-1,0,69.08229,35,Replayed,1.0
-1.0,0.0,-1,1,73.559044,35,Replayed,1.0
3.0,-1.0,1,1,59.658134,35,Replayed,3.0
9.0,0.0,1,1,90.366135,35,Replayed,9.0
1.0,-1.0,-1,0,52.841854,35,Replayed,1.0
-38.0,-1.0,-1,1,99.41966,35,Replayed,38.0
1.0,-1.0,1,1,55.60685,35,Replayed,1.0
-1.0,-1.0,-1,1,58.464005,35,Replayed,1.0
-1.0,0.0,1,0,66.43302,35,Replayed,1.0
5.0,1.0,1,1,88.47917,35,Replayed,5.0
-9.0,0.0,-1,1,91.03287,35,Replayed,9.0
3.0,1.0,1,1,83.13559,35,Replayed,3.0
-1.0,-1.0,-1,1,58.573074,35,Replayed,1.0
-3.0,-1.0,1,0,46.52679,35,Replayed,3.0
-5.0,-1.0,-1,1,69.48399,35,Replayed,5.0
-1.0,0.0,-1,1,73.94261,35,Replayed,1.0
3.0,-1.0,1,1,60.687244,35,Replayed,3.0
38.0,-1.0,1,1,99.30286,35,Replayed,38.0
-5.0,0.0,1,0,62.998253,35,Replayed,5.0
-38.0,1.0,-1,1,99.98744,35,Replayed,38.0
3.0,1.0,1,1,83.84613,35,Replayed,3.0
9.0,1.0,1,1,94.405106,35,Replayed,9.0
-1.0,-1.0,1,0,50.626976,35,Replayed,1.0
-5.0,0.0,-1,1,84.75769,35,Replayed,5.0
5.0,0.0,1,1,82.6319,35,Replayed,5.0
38.0,-1.0,1,1,99.31606,35,Replayed,38.0
3.0,0.0,1,1,77.71108,35,Replayed,3.0
9.0,0.0,1,1,90.33829,35,Replayed,9.0
5.0,-1.0,1,1,65.35027,35,Replayed,5.0
3.0,-1.0,1,1,61.253555,35,Replayed,3.0
9.0,1.0,1,1,94.078186,35,Replayed,9.0
-1.0,1.0,-1,1,80.35897,35,Replayed,1.0
5.0,0.0,1,1,82.30227,35,Replayed,5.0
5.0,-1.0,1,1,66.23643,35,Replayed,5.0
-9.0,-1.0,-1,1,77.16117,35,Replayed,9.0
-5.0,-1.0,-1,1,69.39286,35,Replayed,5.0
-9.0,-1.0,-1,1,78.348015,35,Replayed,9.0
-38.0,1.0,-1,1,99.98763,35,Replayed,38.0
-1.0,1.0,1,0,74.346664,35,Replayed,1.0
38.0,1.0,1,1,99.98702,35,Replayed,38.0
-9.0,1.0,-1,1,95.22717,35,Replayed,9.0
-38.0,-1.0,-1,1,99.38938,35,Replayed,38.0
-38.0,0.0,-1,1,99.968376,35,Replayed,38.0
-5.0,-1.0,-1,1,68.06155,35,Replayed,5.0
-9.0,1.0,-1,1,94.98257,35,Replayed,9.0
1.0,-1.0,-1,0,53.53894,35,Replayed,1.0
1.0,1.0,1,1,79.14347,35,Replayed,1.0
-3.0,0.0,-1,1,79.95444,35,Replayed,3.0
38.0,1.0,1,1,99.986885,35,Replayed,38.0
-38.0,-1.0,-1,1,99.42636,35,Replayed,38.0
38.0,1.0,1,1,99.98719,35,Replayed,38.0
1.0,0.0,1,1,70.10096,35,Replayed,1.0
9.0,-1.0,1,1,75.207565,35,Replayed,9.0
5.0,1.0,1,1,88.09721,35,Replayed,5.0
-38.0,1.0,-1,1,99.98784,35,Replayed,38.0
5.0,0.0,1,1,82.16537,35,Replayed,5.0
9.0,-1.0,1,1,76.41941,35,Replayed,9.0
9.0,1.0,1,1,94.405975,35,Replayed,9.0
-5.0,1.0,-1,1,89.31736,35,Replayed,5.0
3.0,1.0,1,1,83.57384,35,Replayed,3.0
5.0,-1.0,1,1,65.19285,35,Replayed,5.0
3.0,-1.0,1,1,61.28181,35,Replayed,3.0
-9.0,0.0,-1,1,91.27128,35,Replayed,9.0
-1.0,1.0,-1,1,79.8351,35,Replayed,1.0
-3.0,0.0,-1,1,79.99391,35,Replayed,3.0
-5.0,-1.0,-1,1,69.11572,35,Replayed,5.0
9.0,-1.0,1,1,75.96096,35,Replayed,9.0
-5.0,-1.0,-1,1,67.64177,35,Replayed,5.0
38.0,1.0,1,1,99.98636,35,Replayed,38.0
9.0,0.0,1,1,89.7301,35,Replayed,9.0
-38.0,0.0,-1,1,99.96629,35,Replayed,38.0
9.0,0.0,1,1,90.05115,35,Replayed,9.0
-38.0,1.0,-1,1,99.98805,35,Replayed,38.0
38.0,-1.0,1,1,99.27253,35,Replayed,38.0
-3.0,-1.0,1,0,46.938686,35,Replayed,3.0
3.0,1.0,1,1,83.911064,35,Replayed,3.0
-5.0,0.0,-1,1,84.48648,35,Replayed,5.0
-9.0,0.0,-1,1,91.45733,35,Replayed,9.0
1.0,1.0,1,1,78.088776,35,Replayed,1.0
-38.0,-1.0,-1,1,99.377754,35,Replayed,38.0
5.0,-1.0,1,1,65.72229,35,Replayed,5.0
1.0,0.0,1,1,71.06866,35,Replayed,1.0
-9.0,-1.0,-1,1,77.30627,35,Replayed,9.0
-9.0,1.0,-1,1,94.88855,35,Replayed,9.0
9.0,0.0,1,1,90.118706,35,Replayed,9.0
3.0,-1.0,-1,0,49.552708,35,Replayed,3.0
3.0,1.0,-1,0,75.989174,35,Replayed,3.0
-9.0,-1.0,-1,1,77.3648,35,Replayed,9.0
-9.0,0.0,-1,1,91.088745,35,Replayed,9.0
-1.0,0.0,-1,1,73.46355,35,Replayed,1.0
-38.0,0.0,-1,1,99.96762,35,Replayed,38.0
9.0,-1.0,1,1,76.585815,35,Replayed,9.0
-9.0,-1.0,-1,1,77.204666,35,Replayed,9.0
-3.0,-1.0,-1,1,63.905556,35,Replayed,3.0
-1.0,1.0,-1,1,80.207535,35,Replayed,1.0
-38.0,1.0,-1,1,99.98773,35,Replayed,38.0
-1.0,-1.0,-1,1,58.958443,35,Replayed,1.0
1.0,0.0,-1,0,69.53951,35,Replayed,1.0
1.0,1.0,1,1,77.865364,35,Replayed,1.0
5.0,1.0,1,1,87.62045,35,Replayed,5.0
-3.0,-1.0,-1,1,63.255684,35,Replayed,3.0
-1.0,1.0,-1,1,80.340256,35,Replayed,1.0
9.0,0.0,-1,0,62.683422,35,Replayed,9.0
-3.0,1.0,-1,1,85.663734,35,Replayed,3.0
3.0,1.0,-1,0,75.65571,35,Replayed,3.0
9.0,-1.0,1,1,75.40436,35,Replayed,9.0
38.0,0.0,1,1,99.96523,35,Replayed,38.0
-38.0,1.0,-1,1,99.98737,35,Replayed,38.0
5.0,0.0,-1,0,66.85603,35,Replayed,5.0
-1.0,-1.0,-1,1,58.3914,35,Replayed,1.0
-3.0,1.0,-1,1,85.13395,35,Replayed,3.0
38.0,0.0,1,1,99.96403,35,Replayed,38.0
-38.0,0.0,-1,1,99.99,36,Replayed,38.0
-38.0,-1.0,-1,1,99.99,36,Replayed,38.0
-1.0,-1.0,-1,1,76.07572,36,Replayed,1.0
9.0,0.0,1,1,98.14391,36,Replayed,9.0
5.0,0.0,1,1,91.56713,36,Replayed,5.0
-3.0,-1.0,-1,1,86.09953,36,Replayed,3.0
3.0,-1.0,-1,0,57.45783,36,Replayed,3.0
-5.0,1.0,-1,1,93.706696,36,Replayed,5.0
38.0,1.0,1,1,99.99,36,Replayed,38.0
-1.0,0.0,-1,1,77.0602,36,Replayed,1.0
-5.0,1.0,1,0,48.88688,36,Replayed,5.0
-1.0,1.0,1,0,65.81657,36,Replayed,1.0
3.0,-1.0,-1,0,57.64041,36,Replayed,3.0
1.0,0.0,1,1,75.53113,36,Replayed,1.0
-38.0,1.0,-1,1,99.99,36,Replayed,38.0
5.0,0.0,1,1,91.25148,36,Replayed,5.0
-38.0,-1.0,-1,1,99.99,36,Replayed,38.0
-1.0,1.0,1,0,65.39057,36,Replayed,1.0
-38.0,1.0,-1,1,99.99,36,Replayed,38.0
-38.0,1.0,-1,1,99.99,36,Replayed,38.0
-1.0,0.0,1,0,64.65546,36,Replayed,1.0
5.0,-1.0,1,1,91.066666,36,Replayed,5.0
-3.0,1.0,-1,1,87.62858,36,Replayed,3.0
3.0,1.0,1,1,85.649025,36,Replayed,3.0
-38.0,-1.0,-1,1,99.99,36,Replayed,38.0
-38.0,0.0,-1,1,99.99,36,Replayed,38.0
-3.0,-1.0,-1,1,85.8682,36,Replayed,3.0
-3.0,0.0,-1,1,87.14807,36,Replayed,3.0
1.0,1.0,-1,0,69.05928,36,Replayed,1.0
-9.0,1.0,-1,1,98.679115,36,Replayed,9.0
-9.0,-1.0,-1,1,98.25627,36,Replayed,9.0
9.0,-1.0,1,1,97.937126,36,Replayed,9.0
-9.0,1.0,-1,1,98.691025,36,Replayed,9.0
-1.0,-1.0,-1,1,76.23667,36,Replayed,1.0
-5.0,-1.0,-1,1,92.315125,36,Replayed,5.0
-3.0,0.0,-1,1,87.51477,36,Replayed,3.0
-1.0,-1.0,1,0,62.66457,36,Replayed,1.0
-9.0,0.0,-1,1,98.459175,36,Replayed,9.0
-38.0,0.0,-1,1,99.99,36,Replayed,38.0
-3.0,1.0,-1,1,87.95112,36,Replayed,3.0
5.0,1.0,1,1,92.70991,36,Replayed,5.0
5.0,-1.0,1,1,91.78871,36,Replayed,5.0
5.0,1.0,1,1,92.443405,36,Replayed,5.0
-9.0,1.0,-1,1,98.660034,36,Replayed,9.0
-9.0,0.0,-1,1,98.53093,36,Replayed,9.0
-3.0,-1.0,-1,1,85.720406,36,Replayed,3.0
3.0,1.0,-1,0,62.274574,36,Replayed,3.0
1.0,-1.0,-1,0,65.8351,36,Replayed,1.0
38.0,1.0,1,1,99.99,36,Replayed,38.0
-3.0,-1.0,-1,1,86.05167,36,Replayed,3.0
38.0,-1.0,1,1,99.99,36,Replayed,38.0
3.0,0.0,-1,0,60.635643,36,Replayed,3.0
-38.0,1.0,-1,1,99.99,36,Replayed,38.0
3.0,0.0,1,1,84.512726,36,Replayed,3.0
1.0,-1.0,1,1,73.52631,36,Replayed,1.0
9.0,0.0,1,1,98.017105,36,Replayed,9.0
-5.0,0.0,-1,1,93.077,36,Replayed,5.0
-9.0,-1.0,-1,1,98.262245,36,Replayed,9.0
5.0,0.0,1,1,92.16679,36,Replayed,5.0
1.0,0.0,-1,0,67.24376,36,Replayed,1.0
3.0,0.0,1,1,84.82182,36,Replayed,3.0
-9.0,1.0,-1,1,98.76735,36,Replayed,9.0
-38.0,-1.0,-1,1,99.99,36,Replayed,38.0
5.0,-1.0,1,1,91.41234,36,Replayed,5.0
-38.0,1.0,-1,1,99.99,36,Replayed,38.0
-1.0,0.0,-1,1,77.52479,36,Replayed,1.0
5.0,-1.0,1,1,90.92108,36,Replayed,5.0
38.0,0.0,1,1,99.99,36,Replayed,38.0
-3.0,1.0,-1,1,88.2134,36,Replayed,3.0
-1.0,-1.0,1,0,62.709324,36,Replayed,1.0
-9.0,-1.0,-1,1,98.28815,36,Replayed,9.0
1.0,-1.0,-1,0,66.76928,36,Replayed,1.0
-38.0,0.0,-1,1,99.99,36,Replayed,38.0
38.0,-1.0,1,1,99.99,36,Replayed,38.0
38.0,0.0,1,1,99.99,36,Replayed,38.0
-3.0,0.0,-1,1,86.784485,36,Replayed,3.0
-3.0,0.0,1,0,55.691944,36,Replayed,3.0
-1.0,-1.0,1,0,61.899464,36,Replayed,1.0
3.0,0.0,1,1,84.682304,36,Replayed,3.0
-38.0,0.0,-1,1,99.99,36,Replayed,38.0
-9.0,1.0,-1,1,98.64361,36,Replayed,9.0
9.0,1.0,1,1,98.229645,36,Replayed,9.0
38.0,-1.0,1,1,99.99,36,Replayed,38.0
38.0,1.0,1,1,99.99,36,Replayed,38.0
3.0,1.0,1,1,85.82074,36,Replayed,3.0
-3.0,1.0,1,0,57.61627,36,Replayed,3.0
-5.0,1.0,-1,1,93.872475,36,Replayed,5.0
9.0,-1.0,1,1,97.963806,36,Replayed,9.0
38.0,0.0,1,1,99.99,36,Replayed,38.0
-9.0,0.0,-1,1,98.64809,36,Replayed,9.0
3.0,1.0,1,1,85.23386,36,Replayed,3.0
5.0,1.0,1,1,92.64043,36,Replayed,5.0
9.0,0.0,1,1,98.23699,36,Replayed,9.0
1.0,0.0,1,1,73.74954,36,Replayed,1.0
5.0,0.0,1,1,92.04511,36,Replayed,5.0
-9.0,1.0,-1,1,98.76633,36,Replayed,9.0
-9.0,-1.0,-1,1,98.158295,36,Replayed,9.0
9.0,1.0,1,1,98.33566,36,Replayed,9.0
-38.0,-1.0,-1,1,99.99,36,Replayed,38.0
-5.0,1.0,-1,1,94.02536,36,Replayed,5.0
38.0,-1.0,1,1,99.99,36,Replayed,38.0
-9.0,-1.0,-1,1,98.26849,36,Replayed,9.0
5.0,1.0,1,1,92.379234,36,Replayed,5.0
5.0,1.0,1,1,92.46192,36,Replayed,5.0
5.0,1.0,1,1,92.58392,36,Replayed,5.0
3.0,-1.0,1,1,83.09551,36,Replayed,3.0
1.0,0.0,1,1,74.65753,36,Replayed,1.0
1.0,-1.0,-1,0,67.072075,36,Replayed,1.0
1.0,-1.0,-1,0,65.86624,36,Replayed,1.0
9.0,1.0,1,1,98.35818,36,Replayed,9.0
38.0,-1.0,1,1,99.99,36,Replayed,38.0
-5.0,0.0,-1,1,93.38944,36,Replayed,5.0
9.0,1.0,1,1,98.46121,36,Replayed,9.0
-38.0,1.0,-1,1,99.99,36,Replayed,38.0
3.0,1.0,1,1,86.07689,36,Replayed,3.0
-1.0,1.0,1,0,66.28052,36,Replayed,1.0
3.0,0.0,1,1,84.88852,36,Replayed,3.0
-1.0,0.0,1,0,65.04215,36,Replayed,1.0
-1.0,1.0,-1,1,78.80121,36,Replayed,1.0
-5.0,1.0,-1,1,93.96873,36,Replayed,5.0
3.0,-1.0,-1,0,58.860863,36,Replayed,3.0
38.0,0.0,1,1,99.99,36,Replayed,38.0
9.0,-1.0,1,1,97.875404,36,Replayed,9.0
1.0,1.0,1,1,75.942535,36,Replayed,1.0
-9.0,-1.0,-1,1,98.2677,36,Replayed,9.0
-3.0,1.0,-1,1,88.1811,36,Replayed,3.0
-1.0,1.0,1,0,65.53607,36,Replayed,1.0
-38.0,-1.0,-1,1,99.99,36,Replayed,38.0
1.0,0.0,1,1,74.09219,36,Replayed,1.0
5.0,-1.0,1,1,91.4321,36,Replayed,5.0
38.0,1.0,1,1,99.99,36,Replayed,38.0
38.0,0.0,1,1,99.99,36,Replayed,38.0
-9.0,-1.0,-1,1,98.28674,36,Replayed,9.0
5.0,-1.0,1,1,91.23495,36,Replayed,5.0
1.0,1.0,-1,0,69.77242,36,Replayed,1.0
38.0,1.0,1,1,99.99,36,Replayed,38.0
9.0,-1.0,1,1,97.91698,36,Replayed,9.0
-9.0,-1.0,-1,1,98.312164,36,Replayed,9.0
3.0,1.0,1,1,86.060776,36,Replayed,3.0
-1.0,0.0,-1,1,78.183784,36,Replayed,1.0
38.0,-1.0,1,1,99.99,36,Replayed,38.0
-38.0,-1.0,-1,1,99.99,36,Replayed,38.0
3.0,-1.0,1,1,84.05685,36,Replayed,3.0
-3.0,0.0,-1,1,87.14949,36,Replayed,3.0
9.0,1.0,1,1,98.302895,36,Replayed,9.0
3.0,0.0,1,1,84.878716,36,Replayed,3.0
-3.0,-1.0,1,0,54.409115,36,Replayed,3.0
1.0,1.0,1,1,75.76559,36,Replayed,1.0
9.0,0.0,1,1,98.2637,36,Replayed,9.0
9.0,-1.0,1,1,97.95059,36,Replayed,9.0
5.0,0.0,1,1,91.846214,36,Replayed,5.0
3.0,1.0,1,1,85.21583,36,Replayed,3.0
-3.0,1.0,-1,1,88.12816,36,Replayed,3.0
-9.0,1.0,-1,1,98.71732,36,Replayed,9.0
-1.0,-1.0,-1,1,75.24531,36,Replayed,1.0
9.0,1.0,1,1,98.35097,36,Replayed,9.0
9.0,0.0,1,1,98.24717,36,Replayed,9.0
1.0,1.0,-1,0,68.57815,36,Replayed,1.0
-9.0,0.0,-1,1,98.478096,36,Replayed,9.0
9.0,0.0,1,1,98.14759,36,Replayed,9.0
3.0,-1.0,1,1,84.43551,36,Replayed,3.0
1.0,1.0,-1,0,68.81909,36,Replayed,1.0
9.0,-1.0,1,1,98.07259,36,Replayed,9.0
-38.0,1.0,-1,1,99.99,36,Replayed,38.0
-3.0,0.0,-1,1,86.62788,36,Replayed,3.0
-5.0,0.0,-1,1,93.49188,36,Replayed,5.0
-9.0,0.0,-1,1,98.63189,36,Replayed,9.0
-9.0,0.0,-1,1,98.65367,36,Replayed,9.0
-3.0,-1.0,-1,1,86.26576,36,Replayed,3.0
9.0,0.0,-1,0,35.883617,36,Replayed,9.0
9.0,1.0,-1,0,37.26701,36,Replayed,9.0
-5.0,0.0,-1,1,93.46555,36,Replayed,5.0
1.0,0.0,-1,0,67.395515,36,Replayed,1.0
-3.0,-1.0,-1,1,85.92994,36,Replayed,3.0
-5.0,1.0,-1,1,93.67151,36,Replayed,5.0
3.0,-1.0,1,1,84.082275,36,Replayed,3.0
-9.0,0.0,-1,1,98.45032,36,Replayed,9.0
9.0,-1.0,1,1,97.90012,36,Replayed,9.0
38.0,-1.0,1,1,99.99,36,Replayed,38.0
-5.0,-1.0,1,0,45.036335,36,Replayed,5.0
-1.0,-1.0,-1,1,75.955215,36,Replayed,1.0
-1.0,-1.0,-1,1,75.32444,36,Replayed,1.0
38.0,1.0,1,1,99.99,36,Replayed,38.0
-38.0,0.0,-1,1,99.99,36,Replayed,38.0
5.0,-1.0,1,1,91.55937,36,Replayed,5.0
5.0,0.0,1,1,92.09897,36,Replayed,5.0
-1.0,0.0,-1,1,77.66339,36,Replayed,1.0
-5.0,-1.0,-1,1,92.8434,36,Replayed,5.0
-38.0,-1.0,-1,1,99.99,36,Replayed,38.0
-3.0,1.0,-1,1,87.88249,36,Replayed,3.0
-3.0,1.0,-1,1,88.31813,36,Replayed,3.0
-38.0,0.0,-1,1,99.99,36,Replayed,38.0
1.0,1.0,1,1,75.768845,36,Replayed,1.0
3.0,-1.0,1,1,83.69953,36,Replayed,3.0
-3.0,0.0,-1,1,87.50748,36,Replayed,3.0
5.0,1.0,1,1,92.503426,36,Replayed,5.0
-1.0,1.0,1,0,66.10687,36,Replayed,1.0
3.0,1.0,1,1,86.41146,36,Replayed,3.0
-3.0,0.0,-1,1,86.7865,36,Replayed,3.0
38.0,0.0,1,1,99.99,36,Replayed,38.0
-5.0,0.0,-1,1,93.24979,36,Replayed,5.0
38.0,0.0,1,1,99.99,36,Replayed,38.0
-1.0,0.0,-1,1,77.37101,36,Replayed,1.0
38.0,0.0,1,1,99.99,36,Replayed,38.0
-9.0,0.0,-1,1,98.42353,36,Replayed,9.0
-5.0,-1.0,-1,1,92.79651,36,Replayed,5.0
-1.0,1.0,1,0,66.18318,36,Replayed,1.0
1.0,0.0,1,1,73.87236,36,Replayed,1.0
1.0,0.0,-1,0,68.34001,36,Replayed,1.0
1.0,-1.0,1,1,72.774574,36,Replayed,1.0
1.0,1.0,1,1,75.20095,36,Replayed,1.0
-5.0,1.0,-1,1,94.52966,36,Replayed,5.0
9.0,1.0,1,1,98.47342,36,Replayed,9.0
-9.0,1.0,-1,1,98.74939,36,Replayed,9.0
38.0,-1.0,1,1,99.99,36,Replayed,38.0
3.0,0.0,1,1,84.95899,36,Replayed,3.0
-5.0,-1.0,-1,1,92.630165,36,Replayed,5.0
9.0,0.0,1,1,98.24563,36,Replayed,9.0
5.0,0.0,1,1,91.62166,36,Replayed,5.0
1.0,-1.0,1,1,72.90813,36,Replayed,1.0
-5.0,-1.0,-1,1,92.74942,36,Replayed,5.0
-38.0,0.0,-1,1,99.99,36,Replayed,38.0
3.0,0.0,1,1,84.829666,36,Replayed,3.0
-5.0,-1.0,-1,1,92.8764,36,Replayed,5.0
-5.0,-1.0,-1,1,92.596794,36,Replayed,5.0
-1.0,0.0,-1,1,77.119896,36,Replayed,1.0
-5.0,0.0,-1,1,93.13595,36,Replayed,5.0
-3.0,-1.0,-1,1,86.32504,36,Replayed,3.0
38.0,1.0,1,1,99.99,36,Replayed,38.0
-38.0,1.0,-1,1,99.99,36,Replayed,38.0
-5.0,0.0,-1,1,93.471466,36,Replayed,5.0
9.0,-1.0,1,1,97.85439,36,Replayed,9.0
-5.0,1.0,-1,1,94.075485,36,Replayed,5.0
1.0,-1.0,-1,0,66.857376,36,Replayed,1.0
5.0,-1.0,1,1,91.22142,36,Replayed,5.0
5.0,1.0,1,1,92.762886,36,Replayed,5.0
-5.0,0.0,-1,1,93.5914,36,Replayed,5.0
5.0,0.0,-1,0,50.464092,36,Replayed,5.0
38.0,1.0,1,1,99.99,36,Replayed,38.0
-1.0,1.0,1,0,65.22864,36,Replayed,1.0
1.0,1.0,-1,0,62.995434,37,Replayed,1.0
1.0,0.0,1,1,58.731903,37,Replayed,1.0
3.0,1.0,-1,0,61.236107,37,Replayed,3.0
-5.0,0.0,-1,1,66.235825,37,Replayed,5.0
-38.0,-1.0,-1,1,87.88189,37,Replayed,38.0
9.0,1.0,-1,0,58.704365,37,Replayed,9.0
9.0,-1.0,1,1,64.663956,37,Replayed,9.0
9.0,0.0,1,1,66.40931,37,Replayed,9.0
-3.0,-1.0,-1,1,63.749695,37,Replayed,3.0
3.0,1.0,1,1,61.478157,37,Replayed,3.0
-38.0,-1.0,-1,1,87.84791,37,Replayed,38.0
3.0,0.0,1,1,61.27156,37,Replayed,3.0
-9.0,0.0,-1,1,69.74067,37,Replayed,9.0
-5.0,0.0,-1,1,65.46406,37,Replayed,5.0
-38.0,-1.0,-1,1,87.841125,37,Replayed,38.0
-5.0,0.0,-1,1,67.304,37,Replayed,5.0
1.0,-1.0,-1,0,58.578045,37,Replayed,1.0
5.0,1.0,1,1,63.305992,37,Replayed,5.0
5.0,1.0,-1,0,61.232845,37,Replayed,5.0
-1.0,-1.0,-1,1,60.897923,37,Replayed,1.0
-1.0,0.0,-1,1,62.030346,37,Replayed,1.0
-1.0,-1.0,-1,1,61.705673,37,Replayed,1.0
9.0,1.0,1,1,67.14369,37,Replayed,9.0
5.0,1.0,-1,0,60.017956,37,Replayed,5.0
-9.0,-1.0,1,0,51.94508,37,Replayed,9.0
3.0,-1.0,-1,0,58.139755,37,Replayed,3.0
-3.0,-1.0,-1,1,63.538353,37,Replayed,3.0
1.0,0.0,1,1,57.82124,37,Replayed,1.0
-3.0,-1.0,-1,1,63.38743,37,Replayed,3.0
-1.0,-1.0,-1,1,60.905083,37,Replayed,1.0
-9.0,0.0,-1,1,70.44657,37,Replayed,9.0
-5.0,-1.0,-1,1,66.09781,37,Replayed,5.0
3.0,-1.0,1,1,59.94425,37,Replayed,3.0
5.0,-1.0,-1,0,57.887096,37,Replayed,5.0
1.0,-1.0,-1,0,60.208035,37,Replayed,1.0
38.0,-1.0,1,1,86.01908,37,Replayed,38.0
5.0,-1.0,-1,0,57.842434,37,Replayed,5.0
9.0,0.0,1,1,66.56614,37,Replayed,9.0
-38.0,0.0,-1,1,88.90935,37,Replayed,38.0
-3.0,-1.0,1,0,55.99134,37,Replayed,3.0
-5.0,1.0,-1,1,66.913315,37,Replayed,5.0
-1.0,-1.0,-1,1,60.647434,37,Replayed,1.0
-9.0,0.0,1,0,53.079784,37,Replayed,9.0
-38.0,0.0,-1,1,88.86107,37,Replayed,38.0
1.0,-1.0,1,1,57.11882,37,Replayed,1.0
9.0,-1.0,-1,0,55.714226,37,Replayed,9.0
1.0,-1.0,-1,0,59.669228,37,Replayed,1.0
-5.0,1.0,-1,1,66.13789,37,Replayed,5.0
9.0,-1.0,-1,0,55.624413,37,Replayed,9.0
-5.0,-1.0,-1,1,65.66311,37,Replayed,5.0
-3.0,1.0,-1,1,65.91393,37,Replayed,3.0
3.0,1.0,-1,0,60.604095,37,Replayed,3.0
-38.0,0.0,-1,1,88.52486,37,Replayed,38.0
1.0,0.0,-1,0,61.00834,37,Replayed,1.0
5.0,0.0,1,1,63.083202,37,Replayed,5.0
-3.0,0.0,-1,1,64.802574,37,Replayed,3.0
3.0,1.0,1,1,62.49878,37,Replayed,3.0
-1.0,1.0,-1,1,63.68707,37,Replayed,1.0
-3.0,0.0,-1,1,64.37937,37,Replayed,3.0
9.0,1.0,-1,0,57.845997,37,Replayed,9.0
1.0,1.0,-1,0,62.344837,37,Replayed,1.0
-5.0,1.0,1,0,56.896038,37,Replayed,5.0
38.0,0.0,1,1,86.77197,37,Replayed,38.0
-38.0,1.0,-1,1,89.87036,37,Replayed,38.0
-5.0,-1.0,-1,1,65.35867,37,Replayed,5.0
-5.0,-1.0,-1,1,63.79072,37,Replayed,5.0
-5.0,1.0,-1,1,66.98251,37,Replayed,5.0
-3.0,1.0,1,0,57.611687,37,Replayed,3.0
5.0,-1.0,1,1,61.275013,37,Replayed,5.0
38.0,1.0,1,1,88.13358,37,Replayed,38.0
38.0,-1.0,1,1,85.474815,37,Replayed,38.0
-38.0,1.0,-1,1,89.46642,37,Replayed,38.0
9.0,0.0,-1,0,58.306915,37,Replayed,9.0
-3.0,0.0,-1,1,64.66513,37,Replayed,3.0
-3.0,0.0,1,0,56.093685,37,Replayed,3.0
5.0,0.0,-1,0,59.054653,37,Replayed,5.0
-9.0,-1.0,-1,1,68.871254,37,Replayed,9.0
38.0,-1.0,1,1,86.33288,37,Replayed,38.0
-5.0,-1.0,-1,1,66.044174,37,Replayed,5.0
3.0,1.0,1,1,60.84492,37,Replayed,3.0
-38.0,0.0,-1,1,88.08249,37,Replayed,38.0
38.0,-1.0,1,1,85.62321,37,Replayed,38.0
-5.0,0.0,-1,1,66.36025,37,Replayed,5.0
-1.0,-1.0,1,0,55.55738,37,Replayed,1.0
-1.0,0.0,-1,1,62.629868,37,Replayed,1.0
1.0,1.0,-1,0,61.437927,37,Replayed,1.0
9.0,1.0,1,1,67.172226,37,Replayed,9.0
38.0,1.0,1,1,87.57713,37,Replayed,38.0
-9.0,0.0,1,0,54.202873,37,Replayed,9.0
3.0,-1.0,1,1,58.70763,37,Replayed,3.0
9.0,0.0,-1,0,57.199078,37,Replayed,9.0
-38.0,1.0,-1,1,89.57215,37,Replayed,38.0
-9.0,-1.0,-1,1,68.33095,37,Replayed,9.0
-1.0,1.0,1,0,58.280285,37,Replayed,1.0
5.0,0.0,1,1,62.745327,37,Replayed,5.0
-5.0,0.0,1,0,54.826492,37,Replayed,5.0
9.0,0.0,1,1,67.19962,37,Replayed,9.0
-3.0,-1.0,1,0,55.10749,37,Replayed,3.0
-1.0,-1.0,-1,1,61.735733,37,Replayed,1.0
-38.0,0.0,-1,1,88.26646,37,Replayed,38.0
38.0,0.0,1,1,87.346664,37,Replayed,38.0
5.0,-1.0,1,1,61.801,37,Replayed,5.0
-38.0,1.0,-1,1,89.96316,37,Replayed,38.0
-5.0,0.0,-1,1,65.80352,37,Replayed,5.0
-1.0,1.0,-1,1,63.25177,37,Replayed,1.0
9.0,-1.0,1,1,65.017334,37,Replayed,9.0
-3.0,1.0,1,0,57.23281,37,Replayed,3.0
-1.0,0.0,-1,1,61.966927,37,Replayed,1.0
5.0,0.0,1,1,62.493088,37,Replayed,5.0
-1.0,1.0,-1,1,62.306458,37,Replayed,1.0
-9.0,-1.0,-1,1,69.03061,37,Replayed,9.0
3.0,-1.0,1,1,60.01907,37,Replayed,3.0
-5.0,1.0,-1,1,66.57481,37,Replayed,5.0
1.0,-1.0,1,1,57.845974,37,Replayed,1.0
-3.0,-1.0,1,0,54.88313,37,Replayed,3.0
5.0,-1.0,-1,0,58.01028,37,Replayed,5.0
5.0,1.0,1,1,63.657433,37,Replayed,5.0
-5.0,0.0,1,0,56.032204,37,Replayed,5.0
38.0,1.0,1,1,87.90778,37,Replayed,38.0
38.0,-1.0,1,1,86.169205,37,Replayed,38.0
5.0,0.0,1,1,62.127804,37,Replayed,5.0
5.0,0.0,-1,0,58.73603,37,Replayed,5.0
-9.0,1.0,-1,1,69.77566,37,Replayed,9.0
5.0,1.0,1,1,63.505512,37,Replayed,5.0
9.0,1.0,1,1,68.58696,37,Replayed,9.0
-9.0,-1.0,-1,1,67.98868,37,Replayed,9.0
1.0,1.0,-1,0,61.46937,37,Replayed,1.0
38.0,-1.0,1,1,86.269585,37,Replayed,38.0
-3.0,1.0,1,0,56.80042,37,Replayed,3.0
-3.0,1.0,-1,1,64.97949,37,Replayed,3.0
-38.0,-1.0,-1,1,88.18157,37,Replayed,38.0
38.0,1.0,1,1,88.36254,37,Replayed,38.0
38.0,0.0,1,1,87.69475,37,Replayed,38.0
-9.0,-1.0,-1,1,68.24319,37,Replayed,9.0
-5.0,-1.0,-1,1,64.51925,37,Replayed,5.0
38.0,0.0,1,1,87.20175,37,Replayed,38.0
5.0,-1.0,1,1,62.223423,37,Replayed,5.0
-5.0,1.0,-1,1,67.98735,37,Replayed,5.0
5.0,1.0,1,1,63.28689,37,Replayed,5.0
9.0,0.0,1,1,67.1889,37,Replayed,9.0
-1.0,0.0,-1,1,62.71164,37,Replayed,1.0
-9.0,1.0,-1,1,70.66243,37,Replayed,9.0
-1.0,-1.0,1,0,55.335938,37,Replayed,1.0
-5.0,1.0,-1,1,67.08108,37,Replayed,5.0
1.0,1.0,-1,0,62.355064,37,Replayed,1.0
3.0,0.0,-1,0,59.598206,37,Replayed,3.0
-1.0,0.0,1,0,56.83103,37,Replayed,1.0
9.0,1.0,1,1,67.65514,37,Replayed,9.0
3.0,0.0,1,1,60.950745,37,Replayed,3.0
-9.0,1.0,-1,1,70.479164,37,Replayed,9.0
1.0,0.0,-1,0,60.943626,37,Replayed,1.0
3.0,0.0,1,1,60.369926,37,Replayed,3.0
5.0,1.0,-1,0,60.747696,37,Replayed,5.0
3.0,-1.0,-1,0,58.547073,37,Replayed,3.0
-38.0,-1.0,-1,1,88.05731,37,Replayed,38.0
-5.0,0.0,-1,1,67.11461,37,Replayed,5.0
-3.0,1.0,1,0,58.21036,37,Replayed,3.0
5.0,0.0,-1,0,58.517467,37,Replayed,5.0
38.0,0.0,-1,0,42.86607,37,Replayed,38.0
-9.0,0.0,1,0,53.501755,37,Replayed,9.0
38.0,-1.0,1,1,86.32528,37,Replayed,38.0
-3.0,0.0,-1,1,63.745403,37,Replayed,3.0
-1.0,1.0,-1,1,64.0705,37,Replayed,1.0
38.0,0.0,1,1,85.84631,37,Replayed,38.0
-1.0,0.0,-1,1,63.106506,37,Replayed,1.0
3.0,-1.0,1,1,59.57383,37,Replayed,3.0
-5.0,1.0,-1,1,67.18405,37,Replayed,5.0
9.0,1.0,1,1,67.52392,37,Replayed,9.0
-1.0,-1.0,-1,1,60.181545,37,Replayed,1.0
1.0,-1.0,1,1,58.872437,37,Replayed,1.0
-38.0,1.0,-1,1,89.42152,37,Replayed,38.0
1.0,-1.0,1,1,57.723244,37,Replayed,1.0
-9.0,-1.0,-1,1,69.10295,37,Replayed,9.0
38.0,-1.0,1,1,85.64836,37,Replayed,38.0
38.0,0.0,1,1,87.477135,37,Replayed,38.0
-3.0,0.0,-1,1,63.73042,37,Replayed,3.0
-3.0,0.0,1,0,56.50927,37,Replayed,3.0
-3.0,1.0,1,0,57.669876,37,Replayed,3.0
-9.0,1.0,-1,1,71.030014,37,Replayed,9.0
3.0,1.0,1,1,61.952408,37,Replayed,3.0
-1.0,1.0,-1,1,64.25229,37,Replayed,1.0
38.0,1.0,1,1,88.399704,37,Replayed,38.0
9.0,-1.0,-1,0,57.150005,37,Replayed,9.0
1.0,0.0,-1,0,61.37641,37,Replayed,1.0
9.0,0.0,-1,0,57.858604,37,Replayed,9.0
-5.0,-1.0,1,0,54.19069,37,Replayed,5.0
-38.0,1.0,-1,1,89.682945,37,Replayed,38.0
9.0,-1.0,1,1,65.83347,37,Replayed,9.0
-38.0,1.0,-1,1,89.665855,37,Replayed,38.0
-9.0,1.0,-1,1,70.85693,37,Replayed,9.0
3.0,0.0,1,1,61.15449,37,Replayed,3.0
-3.0,-1.0,-1,1,61.998386,37,Replayed,3.0
-1.0,1.0,-1,1,63.221024,37,Replayed,1.0
-5.0,-1.0,1,0,54.06224,37,Replayed,5.0
3.0,0.0,-1,0,60.22792,37,Replayed,3.0
3.0,0.0,-1,0,59.47469,37,Replayed,3.0
38.0,1.0,1,1,88.333046,37,Replayed,38.0
-3.0,1.0,1,0,57.70072,37,Replayed,3.0
-38.0,0.0,-1,1,88.5196,37,Replayed,38.0
3.0,-1.0,-1,0,58.859062,37,Replayed,3.0
-9.0,-1.0,-1,1,68.58352,37,Replayed,9.0
5.0,1.0,-1,0,60.197495,37,Replayed,5.0
1.0,-1.0,-1,0,60.61357,37,Replayed,1.0
1.0,0.0,-1,0,60.565002,37,Replayed,1.0
3.0,0.0,1,1,61.30864,37,Replayed,3.0
9.0,-1.0,1,1,65.528145,37,Replayed,9.0
-38.0,0.0,-1,1,88.234955,37,Replayed,38.0
1.0,0.0,1,1,59.211803,37,Replayed,1.0
3.0,1.0,-1,0,60.898365,37,Replayed,3.0
38.0,0.0,1,1,86.50162,37,Replayed,38.0
-9.0,0.0,-1,1,69.16009,37,Replayed,9.0
-38.0,-1.0,-1,1,87.708305,37,Replayed,38.0
-1.0,1.0,-1,1,63.762577,37,Replayed,1.0
-38.0,0.0,-1,1,88.29922,37,Replayed,38.0
1.0,1.0,-1,0,62.868958,37,Replayed,1.0
1.0,1.0,1,1,59.96504,37,Replayed,1.0
-38.0,-1.0,-1,1,87.36843,37,Replayed,38.0
-38.0,-1.0,-1,1,87.86473,37,Replayed,38.0
1.0,1.0,1,1,59.798096,37,Replayed,1.0
-9.0,0.0,-1,1,69.90016,37,Replayed,9.0
-9.0,1.0,-1,1,70.63913,37,Replayed,9.0
38.0,1.0,-1,0,45.53364,37,Replayed,38.0
38.0,1.0,1,1,88.51135,37,Replayed,38.0
-9.0,1.0,-1,1,70.316765,37,Replayed,9.0
-1.0,0.0,-1,1,61.914017,37,Replayed,1.0
-38.0,1.0,-1,1,88.93442,37,Replayed,38.0
9.0,-1.0,-1,0,55.013943,37,Replayed,9.0
9.0,0.0,1,1,67.29931,37,Replayed,9.0
5.0,-1.0,1,1,60.7856,37,Replayed,5.0
3.0,1.0,1,1,62.061596,37,Replayed,3.0
-9.0,0.0,-1,1,69.44203,37,Replayed,9.0
1.0,0.0,1,1,59.331684,37,Replayed,1.0
-9.0,1.0,-1,1,71.01661,37,Replayed,9.0
3.0,-1.0,1,1,59.922455,37,Replayed,3.0
9.0,1.0,-1,0,58.28388,37,Replayed,9.0
-1.0,0.0,1,0,58.051647,37,Replayed,1.0
-3.0,-1.0,-1,1,62.65712,37,Replayed,3.0
-3.0,0.0,1,0,57.558228,37,Replayed,3.0
5.0,0.0,1,1,62.87617,37,Replayed,5.0
5.0,1.0,1,1,78.56802,38,Replayed,5.0
1.0,0.0,-1,0,69.9583,38,Replayed,1.0
-38.0,-1.0,-1,1,99.49519,38,Replayed,38.0
5.0,1.0,1,1,78.56806,38,Replayed,5.0
38.0,-1.0,1,1,99.36653,38,Replayed,38.0
-9.0,0.0,-1,1,86.404915,38,Replayed,9.0
-1.0,1.0,1,0,66.89252,38,Replayed,1.0
38.0,0.0,1,1,99.49668,38,Replayed,38.0
9.0,0.0,-1,0,58.299923,38,Replayed,9.0
5.0,0.0,1,1,77.12347,38,Replayed,5.0
38.0,1.0,1,1,99.55899,38,Replayed,38.0
3.0,-1.0,-1,0,65.141014,38,Replayed,3.0
38.0,-1.0,1,1,99.32121,38,Replayed,38.0
38.0,1.0,1,1,99.56825,38,Replayed,38.0
38.0,1.0,1,1,99.61285,38,Replayed,38.0
-1.0,-1.0,1,0,63.74237,38,Replayed,1.0
-1.0,1.0,-1,1,73.894325,38,Replayed,1.0
-3.0,-1.0,1,0,61.026066,38,Replayed,3.0
-5.0,0.0,1,0,60.084908,38,Replayed,5.0
5.0,0.0,-1,0,62.712513,38,Replayed,5.0
-3.0,1.0,-1,1,77.72725,38,Replayed,3.0
-1.0,-1.0,-1,1,70.56363,38,Replayed,1.0
-1.0,0.0,-1,1,72.45458,38,Replayed,1.0
-9.0,1.0,-1,1,87.86219,38,Replayed,9.0
-9.0,0.0,-1,1,86.80086,38,Replayed,9.0
-5.0,0.0,-1,1,80.94899,38,Replayed,5.0
-1.0,1.0,1,0,66.730736,38,Replayed,1.0
-9.0,-1.0,-1,1,84.77918,38,Replayed,9.0
-38.0,0.0,-1,1,99.58945,38,Replayed,38.0
-1.0,-1.0,-1,1,69.27584,38,Replayed,1.0
-9.0,1.0,-1,1,88.23656,38,Replayed,9.0
-3.0,-1.0,-1,1,75.41537,38,Replayed,3.0
3.0,-1.0,-1,0,64.9637,38,Replayed,3.0
-3.0,-1.0,-1,1,75.25397,38,Replayed,3.0
38.0,-1.0,1,1,99.32523,38,Replayed,38.0
9.0,1.0,1,1,85.0478,38,Replayed,9.0
38.0,0.0,1,1,99.49571,38,Replayed,38.0
1.0,1.0,-1,0,71.41998,38,Replayed,1.0
-9.0,1.0,-1,1,88.07892,38,Replayed,9.0
3.0,1.0,1,1,74.29204,38,Replayed,3.0
-3.0,-1.0,-1,1,75.46864,38,Replayed,3.0
-9.0,1.0,1,0,57.01645,38,Replayed,9.0
-38.0,-1.0,-1,1,99.51342,38,Replayed,38.0
-5.0,0.0,-1,1,81.155266,38,Replayed,5.0
38.0,-1.0,1,1,99.3422,38,Replayed,38.0
5.0,-1.0,1,1,75.59889,38,Replayed,5.0
-5.0,-1.0,-1,1,78.6784,38,Replayed,5.0
-1.0,-1.0,1,0,63.159584,38,Replayed,1.0
9.0,0.0,1,1,83.66548,38,Replayed,9.0
-9.0,-1.0,-1,1,85.25715,38,Replayed,9.0
-9.0,0.0,-1,1,86.26135,38,Replayed,9.0
-38.0,0.0,-1,1,99.59342,38,Replayed,38.0
-38.0,1.0,-1,1,99.66743,38,Replayed,38.0
-5.0,1.0,-1,1,81.46824,38,Replayed,5.0
-38.0,1.0,-1,1,99.68026,38,Replayed,38.0
38.0,0.0,1,1,99.47003,38,Replayed,38.0
3.0,-1.0,-1,0,64.57579,38,Replayed,3.0
-9.0,0.0,1,0,55.448418,38,Replayed,9.0
-5.0,0.0,-1,1,79.787704,38,Replayed,5.0
3.0,0.0,-1,0,67.34887,38,Replayed,3.0
-5.0,-1.0,1,0,57.215977,38,Replayed,5.0
9.0,-1.0,1,1,82.48468,38,Replayed,9.0
-9.0,-1.0,-1,1,85.164024,38,Replayed,9.0
1.0,-1.0,-1,0,67.42523,38,Replayed,1.0
9.0,-1.0,-1,0,56.394108,38,Replayed,9.0
3.0,0.0,-1,0,66.287,38,Replayed,3.0
3.0,1.0,-1,0,68.39887,38,Replayed,3.0
1.0,-1.0,1,1,67.375046,38,Replayed,1.0
1.0,-1.0,-1,0,67.69279,38,Replayed,1.0
-9.0,0.0,1,0,54.076088,38,Replayed,9.0
38.0,1.0,1,1,99.575,38,Replayed,38.0
-3.0,0.0,-1,1,75.69704,38,Replayed,3.0
-38.0,-1.0,-1,1,99.49585,38,Replayed,38.0
-1.0,-1.0,1,0,63.576668,38,Replayed,1.0
-38.0,-1.0,-1,1,99.50629,38,Replayed,38.0
9.0,-1.0,-1,0,56.494446,38,Replayed,9.0
-9.0,0.0,-1,1,86.28199,38,Replayed,9.0
9.0,0.0,1,1,83.81563,38,Replayed,9.0
-5.0,1.0,1,0,61.371143,38,Replayed,5.0
-1.0,1.0,1,0,66.89075,38,Replayed,1.0
3.0,0.0,1,1,73.10806,38,Replayed,3.0
38.0,-1.0,1,1,99.29665,38,Replayed,38.0
-1.0,1.0,1,0,67.85033,38,Replayed,1.0
3.0,-1.0,1,1,71.421,38,Replayed,3.0
-9.0,1.0,-1,1,86.80251,38,Replayed,9.0
-3.0,0.0,1,0,62.617855,38,Replayed,3.0
1.0,1.0,1,1,70.11404,38,Replayed,1.0
1.0,0.0,-1,0,68.73375,38,Replayed,1.0
-9.0,-1.0,-1,1,85.0083,38,Replayed,9.0
-5.0,1.0,1,0,61.74488,38,Replayed,5.0
-9.0,-1.0,-1,1,84.6132,38,Replayed,9.0
-5.0,-1.0,-1,1,78.16635,38,Replayed,5.0
-1.0,0.0,-1,1,73.56435,38,Replayed,1.0
-38.0,-1.0,-1,1,99.48838,38,Replayed,38.0
38.0,-1.0,1,1,99.30347,38,Replayed,38.0
-9.0,1.0,1,0,57.172264,38,Replayed,9.0
-38.0,0.0,-1,1,99.57754,38,Replayed,38.0
38.0,1.0,1,1,99.55061,38,Replayed,38.0
-5.0,1.0,1,0,61.91033,38,Replayed,5.0
5.0,0.0,1,1,76.96553,38,Replayed,5.0
1.0,1.0,1,1,70.52079,38,Replayed,1.0
-1.0,0.0,1,0,64.10651,38,Replayed,1.0
-3.0,1.0,-1,1,78.32166,38,Replayed,3.0
1.0,-1.0,1,1,67.340866,38,Replayed,1.0
1.0,0.0,1,1,67.596146,38,Replayed,1.0
5.0,-1.0,1,1,75.35369,38,Replayed,5.0
-1.0,-1.0,-1,1,71.4727,38,Replayed,1.0
3.0,-1.0,-1,0,64.97507,38,Replayed,3.0
-3.0,0.0,1,0,63.004883,38,Replayed,3.0
9.0,0.0,1,1,83.2238,38,Replayed,9.0
-3.0,0.0,-1,1,76.25276,38,Replayed,3.0
3.0,0.0,-1,0,67.11119,38,Replayed,3.0
-3.0,-1.0,1,0,59.957714,38,Replayed,3.0
5.0,0.0,-1,0,64.55692,38,Replayed,5.0
-5.0,-1.0,1,0,57.423306,38,Replayed,5.0
-9.0,0.0,-1,1,86.42004,38,Replayed,9.0
9.0,1.0,1,1,85.24183,38,Replayed,9.0
-1.0,-1.0,-1,1,71.50312,38,Replayed,1.0
5.0,1.0,1,1,78.296165,38,Replayed,5.0
3.0,1.0,-1,0,69.58315,38,Replayed,3.0
3.0,0.0,-1,0,66.952065,38,Replayed,3.0
-1.0,0.0,1,0,65.173294,38,Replayed,1.0
1.0,-1.0,-1,0,67.111984,38,Replayed,1.0
3.0,1.0,1,1,74.9303,38,Replayed,3.0
-5.0,-1.0,-1,1,78.4761,38,Replayed,5.0
1.0,-1.0,-1,0,67.90604,38,Replayed,1.0
3.0,-1.0,-1,0,65.05869,38,Replayed,3.0
-5.0,0.0,1,0,59.590286,38,Replayed,5.0
9.0,-1.0,-1,0,55.830788,38,Replayed,9.0
5.0,0.0,1,1,76.90889,38,Replayed,5.0
3.0,1.0,1,1,75.14707,38,Replayed,3.0
5.0,-1.0,-1,0,62.593777,38,Replayed,5.0
9.0,0.0,1,1,83.74249,38,Replayed,9.0
9.0,1.0,1,1,84.97014,38,Replayed,9.0
5.0,0.0,1,1,76.099495,38,Replayed,5.0
-3.0,1.0,-1,1,77.9342,38,Replayed,3.0
5.0,-1.0,1,1,75.36636,38,Replayed,5.0
-3.0,0.0,-1,1,75.61204,38,Replayed,3.0
-38.0,0.0,-1,1,99.57543,38,Replayed,38.0
9.0,-1.0,-1,0,57.149876,38,Replayed,9.0
-1.0,1.0,1,0,66.8265,38,Replayed,1.0
1.0,0.0,-1,0,69.139984,38,Replayed,1.0
1.0,1.0,1,1,70.91493,38,Replayed,1.0
3.0,1.0,1,1,74.89095,38,Replayed,3.0
3.0,1.0,-1,0,68.21981,38,Replayed,3.0
38.0,0.0,1,1,99.46729,38,Replayed,38.0
-1.0,0.0,1,0,64.683205,38,Replayed,1.0
-9.0,1.0,1,0,57.774513,38,Replayed,9.0
3.0,1.0,-1,0,68.86973,38,Replayed,3.0
5.0,-1.0,1,1,75.15284,38,Replayed,5.0
3.0,0.0,1,1,72.40888,38,Replayed,3.0
-1.0,1.0,1,0,66.823265,38,Replayed,1.0
1.0,0.0,-1,0,69.49542,38,Replayed,1.0
-5.0,1.0,1,0,62.30344,38,Replayed,5.0
-38.0,1.0,-1,1,99.651794,38,Replayed,38.0
-5.0,-1.0,-1,1,77.73977,38,Replayed,5.0
38.0,0.0,1,1,99.41996,38,Replayed,38.0
9.0,1.0,1,1,84.85181,38,Replayed,9.0
-9.0,1.0,-1,1,87.819214,38,Replayed,9.0
-3.0,0.0,-1,1,77.24337,38,Replayed,3.0
-1.0,1.0,1,0,67.13611,38,Replayed,1.0
-5.0,1.0,-1,1,80.98319,38,Replayed,5.0
-5.0,1.0,-1,1,81.645935,38,Replayed,5.0
-5.0,-1.0,-1,1,78.77676,38,Replayed,5.0
38.0,-1.0,1,1,99.393524,38,Replayed,38.0
5.0,1.0,-1,0,65.70829,38,Replayed,5.0
38.0,1.0,1,1,99.54495,38,Replayed,38.0
-5.0,0.0,-1,1,80.676315,38,Replayed,5.0
1.0,0.0,-1,0,69.032555,38,Replayed,1.0
3.0,0.0,1,1,72.79643,38,Replayed,3.0
1.0,-1.0,-1,0,68.18928,38,Replayed,1.0
9.0,1.0,1,1,85.01876,38,Replayed,9.0
5.0,0.0,1,1,77.11786,38,Replayed,5.0
5.0,1.0,1,1,78.13052,38,Replayed,5.0
38.0,0.0,1,1,99.44502,38,Replayed,38.0
9.0,0.0,1,1,83.54638,38,Replayed,9.0
-3.0,1.0,-1,1,78.38967,38,Replayed,3.0
-1.0,0.0,-1,1,72.984924,38,Replayed,1.0
5.0,-1.0,1,1,74.78353,38,Replayed,5.0
1.0,1.0,-1,0,71.21571,38,Replayed,1.0
5.0,1.0,-1,0,65.76664,38,Replayed,5.0
-3.0,1.0,-1,1,78.5118,38,Replayed,3.0
9.0,0.0,1,1,84.03749,38,Replayed,9.0
3.0,-1.0,1,1,71.037224,38,Replayed,3.0
-38.0,1.0,-1,1,99.655785,38,Replayed,38.0
-3.0,1.0,1,0,64.41156,38,Replayed,3.0
-9.0,-1.0,-1,1,84.58305,38,Replayed,9.0
-1.0,-1.0,-1,1,71.02509,38,Replayed,1.0
1.0,0.0,-1,0,69.63302,38,Replayed,1.0
-38.0,-1.0,-1,1,99.46283,38,Replayed,38.0
-1.0,0.0,-1,1,72.03206,38,Replayed,1.0
3.0,0.0,1,1,72.59117,38,Replayed,3.0
38.0,1.0,1,1,99.562294,38,Replayed,38.0
5.0,-1.0,1,1,74.62135,38,Replayed,5.0
-38.0,0.0,-1,1,99.58191,38,Replayed,38.0
-3.0,1.0,-1,1,78.85591,38,Replayed,3.0
-3.0,1.0,-1,1,78.05177,38,Replayed,3.0
9.0,-1.0,1,1,82.594154,38,Replayed,9.0
-9.0,-1.0,-1,1,85.07491,38,Replayed,9.0
-1.0,0.0,-1,1,72.786156,38,Replayed,1.0
-3.0,-1.0,-1,1,74.330284,38,Replayed,3.0
-5.0,0.0,-1,1,80.34984,38,Replayed,5.0
9.0,1.0,1,1,84.61269,38,Replayed,9.0
9.0,0.0,-1,0,58.870296,38,Replayed,9.0
-3.0,0.0,1,0,63.04679,38,Replayed,3.0
-9.0,0.0,-1,1,86.4373,38,Replayed,9.0
9.0,-1.0,1,1,81.9093,38,Replayed,9.0
3.0,-1.0,-1,0,65.66401,38,Replayed,3.0
1.0,1.0,-1,0,70.787,38,Replayed,1.0
-5.0,-1.0,-1,1,78.9676,38,Replayed,5.0
5.0,1.0,1,1,78.16466,38,Replayed,5.0
1.0,0.0,1,1,68.88885,38,Replayed,1.0
5.0,-1.0,-1,0,61.852062,38,Replayed,5.0
-5.0,1.0,-1,1,81.385735,38,Replayed,5.0
5.0,1.0,-1,0,66.112465,38,Replayed,5.0
-5.0,0.0,-1,1,80.36257,38,Replayed,5.0
-9.0,-1.0,1,0,51.213634,38,Replayed,9.0
-3.0,0.0,-1,1,76.743286,38,Replayed,3.0
38.0,1.0,1,1,99.519035,38,Replayed,38.0
1.0,1.0,1,1,70.56485,38,Replayed,1.0
9.0,1.0,1,1,85.24263,38,Replayed,9.0
38.0,-1.0,1,1,99.32479,38,Replayed,38.0
3.0,0.0,-1,0,46.023552,39,Replayed,3.0
-9.0,-1.0,-1,1,55.55835,39,Replayed,9.0
-9.0,-1.0,-1,1,54.51938,39,Replayed,9.0
5.0,1.0,1,1,52.832592,39,Replayed,5.0
3.0,-1.0,1,1,51.39853,39,Replayed,3.0
-1.0,-1.0,1,0,47.7554,39,Replayed,1.0
3.0,-1.0,1,1,50.78057,39,Replayed,3.0
9.0,-1.0,1,1,54.605095,39,Replayed,9.0
3.0,-1.0,1,1,50.703663,39,Replayed,3.0
38.0,-1.0,1,1,74.22334,39,Replayed,38.0
9.0,0.0,1,1,56.05671,39,Replayed,9.0
-9.0,-1.0,-1,1,54.755665,39,Replayed,9.0
-1.0,-1.0,-1,1,48.498615,39,Replayed,1.0
-3.0,-1.0,1,0,45.742844,39,Replayed,3.0
-1.0,1.0,1,0,48.342697,39,Replayed,1.0
-3.0,0.0,1,0,46.508247,39,Replayed,3.0
38.0,1.0,1,1,77.037796,39,Replayed,38.0
1.0,1.0,-1,0,49.420555,39,Replayed,1.0
-1.0,0.0,-1,1,49.215046,39,Replayed,1.0
5.0,1.0,1,1,52.628433,39,Replayed,5.0
5.0,1.0,1,1,53.69966,39,Replayed,5.0
-3.0,1.0,-1,1,50.98592,39,Replayed,3.0
-1.0,-1.0,1,0,46.98556,39,Replayed,1.0
9.0,0.0,1,1,55.08011,39,Replayed,9.0
-5.0,0.0,-1,1,53.10851,39,Replayed,5.0
9.0,1.0,1,1,55.751537,39,Replayed,9.0
3.0,1.0,1,1,51.18301,39,Replayed,3.0
-3.0,-1.0,1,0,45.55154,39,Replayed,3.0
-1.0,1.0,1,0,48.68302,39,Replayed,1.0
-9.0,0.0,-1,1,56.023914,39,Replayed,9.0
-5.0,0.0,-1,1,53.411438,39,Replayed,5.0
38.0,0.0,1,1,75.6039,39,Replayed,38.0
5.0,-1.0,1,1,52.14464,39,Replayed,5.0
5.0,0.0,1,1,52.81442,39,Replayed,5.0
-5.0,-1.0,1,0,44.746037,39,Replayed,5.0
-1.0,1.0,-1,1,48.772808,39,Replayed,1.0
-38.0,1.0,-1,1,76.26981,39,Replayed,38.0
9.0,-1.0,1,1,54.66523,39,Replayed,9.0
1.0,-1.0,1,1,49.44505,39,Replayed,1.0
-5.0,1.0,-1,1,52.299297,39,Replayed,5.0
-5.0,0.0,1,0,44.96432,39,Replayed,5.0
-9.0,0.0,-1,1,55.771343,39,Replayed,9.0
1.0,-1.0,-1,0,46.42023,39,Replayed,1.0
1.0,1.0,1,1,48.839878,39,Replayed,1.0
-9.0,0.0,-1,1,55.37049,39,Replayed,9.0
3.0,1.0,-1,0,46.747787,39,Replayed,3.0
38.0,1.0,1,1,75.69497,39,Replayed,38.0
1.0,0.0,-1,0,47.285397,39,Replayed,1.0
-5.0,1.0,-1,1,51.898228,39,Replayed,5.0
-38.0,0.0,-1,1,75.4856,39,Replayed,38.0
3.0,0.0,1,1,50.693573,39,Replayed,3.0
-1.0,0.0,-1,1,50.277744,39,Replayed,1.0
1.0,0.0,-1,0,48.46986,39,Replayed,1.0
9.0,1.0,1,1,55.891617,39,Replayed,9.0
5.0,1.0,1,1,53.184647,39,Replayed,5.0
9.0,0.0,1,1,55.298077,39,Replayed,9.0
-5.0,1.0,1,0,45.274075,39,Replayed,5.0
3.0,-1.0,1,1,51.327377,39,Replayed,3.0
-38.0,1.0,-1,1,76.241516,39,Replayed,38.0
1.0,-1.0,-1,0,47.54414,39,Replayed,1.0
9.0,1.0,1,1,57.01437,39,Replayed,9.0
-1.0,-1.0,-1,1,49.197865,39,Replayed,1.0
5.0,0.0,1,1,52.657467,39,Replayed,5.0
38.0,0.0,1,1,75.99112,39,Replayed,38.0
9.0,0.0,1,1,55.700356,39,Replayed,9.0
9.0,0.0,1,1,56.286854,39,Replayed,9.0
3.0,1.0,1,1,51.608723,39,Replayed,3.0
1.0,1.0,1,1,49.864502,39,Replayed,1.0
-9.0,0.0,-1,1,55.553658,39,Replayed,9.0
-3.0,-1.0,1,0,46.07368,39,Replayed,3.0
-3.0,1.0,-1,1,51.198364,39,Replayed,3.0
-38.0,0.0,-1,1,75.17671,39,Replayed,38.0
-5.0,0.0,-1,1,53.061462,39,Replayed,5.0
-38.0,0.0,-1,1,74.93849,39,Replayed,38.0
1.0,0.0,-1,0,48.202656,39,Replayed,1.0
1.0,1.0,-1,0,48.0519,39,Replayed,1.0
1.0,0.0,-1,0,49.6265,39,Replayed,1.0
3.0,1.0,1,1,51.480614,39,Replayed,3.0
1.0,1.0,-1,0,47.868526,39,Replayed,1.0
-5.0,-1.0,-1,1,51.988567,39,Replayed,5.0
-9.0,-1.0,-1,1,54.57842,39,Replayed,9.0
-5.0,1.0,-1,1,53.078186,39,Replayed,5.0
3.0,0.0,-1,0,46.768368,39,Replayed,3.0
9.0,-1.0,1,1,55.16941,39,Replayed,9.0
-9.0,1.0,-1,1,56.305016,39,Replayed,9.0
-3.0,-1.0,1,0,46.015186,39,Replayed,3.0
-3.0,0.0,1,0,47.123627,39,Replayed,3.0
-3.0,-1.0,-1,1,50.798996,39,Replayed,3.0
-3.0,0.0,-1,1,50.6642,39,Replayed,3.0
3.0,0.0,1,1,51.99873,39,Replayed,3.0
-3.0,-1.0,-1,1,50.674706,39,Replayed,3.0
38.0,1.0,1,1,76.80274,39,Replayed,38.0
-9.0,0.0,-1,1,54.98794,39,Replayed,9.0
-38.0,0.0,-1,1,74.94558,39,Replayed,38.0
1.0,0.0,1,1,50.069256,39,Replayed,1.0
-9.0,1.0,-1,1,57.15014,39,Replayed,9.0
-1.0,0.0,-1,1,49.35109,39,Replayed,1.0
1.0,1.0,1,1,51.926468,39,Replayed,1.0
38.0,1.0,1,1,76.591576,39,Replayed,38.0
-9.0,1.0,-1,1,56.8448,39,Replayed,9.0
5.0,-1.0,1,1,52.01267,39,Replayed,5.0
-38.0,0.0,-1,1,75.84452,39,Replayed,38.0
1.0,-1.0,-1,0,47.54074,39,Replayed,1.0
-1.0,1.0,1,0,48.657993,39,Replayed,1.0
-3.0,1.0,-1,1,51.007015,39,Replayed,3.0
-38.0,-1.0,-1,1,73.56815,39,Replayed,38.0
38.0,-1.0,1,1,73.80045,39,Replayed,38.0
-38.0,1.0,-1,1,75.49703,39,Replayed,38.0
1.0,-1.0,-1,0,47.631916,39,Replayed,1.0
38.0,0.0,1,1,75.1635,39,Replayed,38.0
38.0,0.0,1,1,74.82989,39,Replayed,38.0
-5.0,0.0,-1,1,51.972412,39,Replayed,5.0
3.0,1.0,1,1,51.837574,39,Replayed,3.0
-9.0,1.0,-1,1,56.81879,39,Replayed,9.0
1.0,0.0,-1,0,48.395725,39,Replayed,1.0
-3.0,0.0,1,0,46.249798,39,Replayed,3.0
-9.0,1.0,-1,1,55.03096,39,Replayed,9.0
-3.0,-1.0,-1,1,50.96518,39,Replayed,3.0
-5.0,1.0,-1,1,52.9022,39,Replayed,5.0
9.0,-1.0,1,1,55.600792,39,Replayed,9.0
-5.0,-1.0,1,0,44.479824,39,Replayed,5.0
38.0,-1.0,1,1,73.567986,39,Replayed,38.0
-3.0,-1.0,-1,1,51.237835,39,Replayed,3.0
-9.0,1.0,-1,1,55.902527,39,Replayed,9.0
5.0,1.0,1,1,52.58866,39,Replayed,5.0
38.0,1.0,1,1,76.2113,39,Replayed,38.0
-38.0,-1.0,-1,1,74.457565,39,Replayed,38.0
-3.0,1.0,-1,1,51.61437,39,Replayed,3.0
-38.0,-1.0,-1,1,74.30563,39,Replayed,38.0
38.0,1.0,1,1,77.63014,39,Replayed,38.0
-38.0,-1.0,-1,1,74.52239,39,Replayed,38.0
5.0,-1.0,1,1,51.15098,39,Replayed,5.0
3.0,0.0,1,1,51.007507,39,Replayed,3.0
-5.0,1.0,-1,1,52.699314,39,Replayed,5.0
38.0,-1.0,1,1,74.25259,39,Replayed,38.0
5.0,1.0,1,1,52.866234,39,Replayed,5.0
-3.0,0.0,-1,1,51.400177,39,Replayed,3.0
-9.0,-1.0,-1,1,55.252502,39,Replayed,9.0
9.0,0.0,1,1,55.79722,39,Replayed,9.0
-5.0,-1.0,-1,1,51.58469,39,Replayed,5.0
-5.0,0.0,1,0,43.780746,39,Replayed,5.0
5.0,-1.0,1,1,52.608593,39,Replayed,5.0
38.0,0.0,1,1,75.13802,39,Replayed,38.0
38.0,1.0,1,1,76.94442,39,Replayed,38.0
5.0,-1.0,1,1,52.523636,39,Replayed,5.0
-1.0,-1.0,-1,1,48.792137,39,Replayed,1.0
5.0,0.0,1,1,53.90392,39,Replayed,5.0
38.0,1.0,1,1,76.325,39,Replayed,38.0
3.0,-1.0,1,1,49.725704,39,Replayed,3.0
9.0,1.0,1,1,56.578785,39,Replayed,9.0
1.0,1.0,-1,0,47.842964,39,Replayed,1.0
-3.0,1.0,1,0,46.771564,39,Replayed,3.0
5.0,0.0,1,1,52.829266,39,Replayed,5.0
9.0,-1.0,1,1,54.713104,39,Replayed,9.0
-1.0,1.0,-1,1,50.024998,39,Replayed,1.0
-5.0,0.0,-1,1,52.901997,39,Replayed,5.0
-38.0,-1.0,-1,1,74.84231,39,Replayed,38.0
-3.0,1.0,1,0,47.45646,39,Replayed,3.0
-1.0,0.0,-1,1,48.05082,39,Replayed,1.0
5.0,-1.0,-1,0,44.43413,39,Replayed,5.0
9.0,1.0,1,1,56.985428,39,Replayed,9.0
1.0,1.0,-1,0,49.211166,39,Replayed,1.0
9.0,-1.0,-1,0,40.889763,39,Replayed,9.0
-5.0,-1.0,-1,1,52.25813,39,Replayed,5.0
5.0,1.0,1,1,52.511715,39,Replayed,5.0
-9.0,-1.0,1,0,39.418175,39,Replayed,9.0
9.0,-1.0,1,1,55.78267,39,Replayed,9.0
5.0,0.0,1,1,53.054184,39,Replayed,5.0
9.0,0.0,1,1,55.369217,39,Replayed,9.0
-38.0,0.0,-1,1,74.8283,39,Replayed,38.0
-1.0,0.0,-1,1,50.96996,39,Replayed,1.0
3.0,-1.0,-1,0,45.79363,39,Replayed,3.0
5.0,-1.0,1,1,52.55968,39,Replayed,5.0
9.0,0.0,1,1,54.55947,39,Replayed,9.0
38.0,-1.0,1,1,74.90975,39,Replayed,38.0
-5.0,1.0,-1,1,52.97969,39,Replayed,5.0
-38.0,1.0,-1,1,77.18982,39,Replayed,38.0
-5.0,-1.0,-1,1,51.27567,39,Replayed,5.0
9.0,1.0,1,1,56.865936,39,Replayed,9.0
-5.0,-1.0,-1,1,51.74428,39,Replayed,5.0
-38.0,0.0,-1,1,74.76929,39,Replayed,38.0
-3.0,0.0,-1,1,52.289516,39,Replayed,3.0
-5.0,0.0,1,0,45.36371,39,Replayed,5.0
-9.0,0.0,-1,1,55.3073,39,Replayed,9.0
-3.0,0.0,-1,1,50.944527,39,Replayed,3.0
3.0,-1.0,1,1,50.660717,39,Replayed,3.0
3.0,0.0,1,1,51.258118,39,Replayed,3.0
-9.0,0.0,-1,1,56.16898,39,Replayed,9.0
-5.0,-1.0,-1,1,52.724968,39,Replayed,5.0
-38.0,1.0,-1,1,76.08464,39,Replayed,38.0
38.0,0.0,1,1,74.989235,39,Replayed,38.0
-9.0,1.0,-1,1,57.702637,39,Replayed,9.0
-9.0,-1.0,-1,1,54.87904,39,Replayed,9.0
3.0,1.0,-1,0,46.54665,39,Replayed,3.0
5.0,0.0,-1,0,44.614136,39,Replayed,5.0
-1.0,-1.0,1,0,47.224438,39,Replayed,1.0
-1.0,-1.0,1,0,48.132236,39,Replayed,1.0
-9.0,0.0,-1,1,55.686348,39,Replayed,9.0
-1.0,-1.0,1,0,47.57472,39,Replayed,1.0
38.0,-1.0,1,1,74.04438,39,Replayed,38.0
-1.0,1.0,-1,1,50.64273,39,Replayed,1.0
9.0,1.0,1,1,57.288475,39,Replayed,9.0
3.0,1.0,1,1,51.09071,39,Replayed,3.0
-3.0,1.0,-1,1,51.267097,39,Replayed,3.0
38.0,0.0,1,1,75.75146,39,Replayed,38.0
38.0,-1.0,1,1,74.271996,39,Replayed,38.0
1.0,0.0,1,1,48.50372,39,Replayed,1.0
5.0,-1.0,1,1,52.08381,39,Replayed,5.0
-3.0,0.0,-1,1,51.590538,39,Replayed,3.0
5.0,0.0,1,1,52.46797,39,Replayed,5.0
1.0,-1.0,-1,0,47.15283,39,Replayed,1.0
-9.0,1.0,-1,1,56.290245,39,Replayed,9.0
-1.0,0.0,-1,1,48.75706,39,Replayed,1.0
1.0,-1.0,1,1,49.480526,39,Replayed,1.0
3.0,0.0,1,1,51.136665,39,Replayed,3.0
-1.0,0.0,-1,1,49.180786,39,Replayed,1.0
3.0,-1.0,1,1,49.291603,39,Replayed,3.0
-1.0,1.0,-1,1,49.246967,39,Replayed,1.0
1.0,0.0,1,1,49.96922,39,Replayed,1.0
-9.0,-1.0,-1,1,54.670914,39,Replayed,9.0
-3.0,1.0,-1,1,94.01672,40,Replayed,3.0
-3.0,-1.0,-1,1,93.76685,40,Replayed,3.0
9.0,1.0,1,1,97.8641,40,Replayed,9.0
9.0,0.0,1,1,98.243004,40,Replayed,9.0
-5.0,-1.0,-1,1,95.57151,40,Replayed,5.0
-38.0,-1.0,-1,1,98.84021,40,Replayed,38.0
-38.0,0.0,-1,1,98.71525,40,Replayed,38.0
-38.0,0.0,-1,1,98.94011,40,Replayed,38.0
-38.0,1.0,-1,1,98.99015,40,Replayed,38.0
38.0,0.0,1,1,98.9152,40,Replayed,38.0
-5.0,0.0,1,0,92.99457,40,Replayed,5.0
9.0,0.0,1,1,98.05276,40,Replayed,9.0
5.0,1.0,-1,0,90.22921,40,Replayed,5.0
3.0,1.0,1,1,96.139206,40,Replayed,3.0
-9.0,1.0,-1,1,97.30106,40,Replayed,9.0
-5.0,0.0,1,0,92.892914,40,Replayed,5.0
1.0,0.0,1,1,94.46131,40,Replayed,1.0
1.0,1.0,1,1,94.305885,40,Replayed,1.0
-1.0,1.0,1,0,93.23898,40,Replayed,1.0
3.0,0.0,1,1,95.65345,40,Replayed,3.0
9.0,-1.0,1,1,98.22187,40,Replayed,9.0
5.0,-1.0,1,1,96.69897,40,Replayed,5.0
1.0,0.0,-1,0,89.73324,40,Replayed,1.0
38.0,0.0,1,1,98.69025,40,Replayed,38.0
38.0,-1.0,1,1,98.86522,40,Replayed,38.0
-5.0,1.0,-1,1,95.22694,40,Replayed,5.0
5.0,1.0,1,1,97.05966,40,Replayed,5.0
-3.0,0.0,1,0,93.28438,40,Replayed,3.0
-3.0,0.0,-1,1,93.878975,40,Replayed,3.0
3.0,-1.0,1,1,96.10951,40,Replayed,3.0
-38.0,1.0,-1,1,98.59026,40,Replayed,38.0
-38.0,0.0,-1,1,98.9402,40,Replayed,38.0
-3.0,0.0,-1,1,94.33742,40,Replayed,3.0
9.0,-1.0,1,1,98.57413,40,Replayed,9.0
-9.0,1.0,-1,1,97.70614,40,Replayed,9.0
-3.0,0.0,1,0,93.30054,40,Replayed,3.0
-9.0,1.0,-1,1,97.6193,40,Replayed,9.0
-9.0,1.0,1,0,92.95852,40,Replayed,9.0
38.0,1.0,1,1,98.9152,40,Replayed,38.0
3.0,-1.0,-1,0,90.3497,40,Replayed,3.0
5.0,-1.0,1,1,96.91655,40,Replayed,5.0
38.0,0.0,1,1,98.56528,40,Replayed,38.0
1.0,-1.0,1,1,94.3521,40,Replayed,1.0
-5.0,1.0,1,0,92.602356,40,Replayed,5.0
-38.0,1.0,-1,1,98.99017,40,Replayed,38.0
-5.0,0.0,-1,1,95.42982,40,Replayed,5.0
-5.0,-1.0,-1,1,95.65595,40,Replayed,5.0
-5.0,-1.0,1,0,93.272224,40,Replayed,5.0
3.0,-1.0,1,1,95.815025,40,Replayed,3.0
-5.0,1.0,1,0,93.63504,40,Replayed,5.0
-5.0,-1.0,1,0,92.909256,40,Replayed,5.0
-9.0,-1.0,-1,1,97.51008,40,Replayed,9.0
-9.0,-1.0,-1,1,97.59765,40,Replayed,9.0
-5.0,1.0,-1,1,95.75411,40,Replayed,5.0
38.0,-1.0,1,1,98.66525,40,Replayed,38.0
9.0,0.0,1,1,98.49016,40,Replayed,9.0
-9.0,0.0,-1,1,97.367386,40,Replayed,9.0
9.0,-1.0,1,1,98.35876,40,Replayed,9.0
9.0,0.0,1,1,98.07707,40,Replayed,9.0
5.0,-1.0,-1,0,89.91562,40,Replayed,5.0
1.0,1.0,-1,0,89.99451,40,Replayed,1.0
-1.0,-1.0,1,0,93.0385,40,Replayed,1.0
5.0,-1.0,1,1,97.04033,40,Replayed,5.0
5.0,-1.0,1,1,96.71953,40,Replayed,5.0
-1.0,1.0,1,0,93.5938,40,Replayed,1.0
-38.0,-1.0,-1,1,98.840195,40,Replayed,38.0
-38.0,-1.0,-1,1,99.06516,40,Replayed,38.0
-38.0,1.0,-1,1,98.79022,40,Replayed,38.0
-1.0,-1.0,1,0,93.33885,40,Replayed,1.0
-9.0,0.0,-1,1,97.56189,40,Replayed,9.0
38.0,-1.0,1,1,98.840225,40,Replayed,38.0
-38.0,-1.0,-1,1,98.765236,40,Replayed,38.0
-9.0,1.0,1,0,93.03025,40,Replayed,9.0
-5.0,0.0,-1,1,95.50661,40,Replayed,5.0
9.0,0.0,1,1,98.414024,40,Replayed,9.0
3.0,1.0,1,1,95.64012,40,Replayed,3.0
9.0,1.0,1,1,98.28245,40,Replayed,9.0
38.0,-1.0,1,1,98.71523,40,Replayed,38.0
-3.0,1.0,-1,1,93.95891,40,Replayed,3.0
-1.0,-1.0,-1,1,91.64915,40,Replayed,1.0
1.0,0.0,1,1,94.242355,40,Replayed,1.0
38.0,1.0,1,1,98.81522,40,Replayed,38.0
-3.0,-1.0,-1,1,93.849304,40,Replayed,3.0
-38.0,1.0,-1,1,98.965195,40,Replayed,38.0
9.0,-1.0,-1,0,89.93227,40,Replayed,9.0
1.0,-1.0,1,1,94.13835,40,Replayed,1.0
-9.0,0.0,-1,1,97.85765,40,Replayed,9.0
5.0,0.0,1,1,96.72422,40,Replayed,5.0
-3.0,0.0,-1,1,93.642494,40,Replayed,3.0
-1.0,0.0,1,0,93.466255,40,Replayed,1.0
9.0,-1.0,1,1,98.378296,40,Replayed,9.0
3.0,0.0,-1,0,89.752396,40,Replayed,3.0
3.0,-1.0,-1,0,90.198494,40,Replayed,3.0
-1.0,0.0,-1,1,91.61003,40,Replayed,1.0
5.0,0.0,1,1,97.069664,40,Replayed,5.0
1.0,1.0,1,1,94.36952,40,Replayed,1.0
-1.0,1.0,-1,1,91.784546,40,Replayed,1.0
9.0,0.0,-1,0,89.56892,40,Replayed,9.0
-9.0,-1.0,-1,1,97.83174,40,Replayed,9.0
-38.0,1.0,-1,1,98.71523,40,Replayed,38.0
-1.0,0.0,-1,1,91.541,40,Replayed,1.0
-3.0,-1.0,-1,1,94.531235,40,Replayed,3.0
-38.0,-1.0,-1,1,99.01519,40,Replayed,38.0
9.0,1.0,1,1,98.316696,40,Replayed,9.0
-5.0,0.0,-1,1,95.19938,40,Replayed,5.0
-9.0,1.0,-1,1,97.74338,40,Replayed,9.0
-5.0,1.0,1,0,92.97896,40,Replayed,5.0
-9.0,1.0,1,0,93.46705,40,Replayed,9.0
1.0,-1.0,-1,0,89.87087,40,Replayed,1.0
-9.0,0.0,1,0,93.349,40,Replayed,9.0
3.0,-1.0,-1,0,90.09524,40,Replayed,3.0
3.0,1.0,1,1,95.71441,40,Replayed,3.0
-9.0,-1.0,-1,1,97.77521,40,Replayed,9.0
9.0,0.0,1,1,98.36452,40,Replayed,9.0
38.0,-1.0,1,1,98.765236,40,Replayed,38.0
-38.0,0.0,-1,1,98.840225,40,Replayed,38.0
3.0,0.0,-1,0,89.844696,40,Replayed,3.0
-5.0,-1.0,-1,1,95.84087,40,Replayed,5.0
-3.0,0.0,-1,1,94.13175,40,Replayed,3.0
-3.0,-1.0,1,0,93.37781,40,Replayed,3.0
-5.0,-1.0,-1,1,95.746025,40,Replayed,5.0
9.0,1.0,-1,0,89.90101,40,Replayed,9.0
-1.0,0.0,1,0,93.31873,40,Replayed,1.0
-1.0,1.0,-1,1,91.58542,40,Replayed,1.0
5.0,0.0,-1,0,90.22962,40,Replayed,5.0
9.0,1.0,1,1,98.038185,40,Replayed,9.0
-1.0,-1.0,1,0,93.70809,40,Replayed,1.0
-9.0,-1.0,-1,1,97.73908,40,Replayed,9.0
38.0,1.0,1,1,98.94021,40,Replayed,38.0
-3.0,1.0,1,0,93.19111,40,Replayed,3.0
3.0,0.0,1,1,95.699036,40,Replayed,3.0
5.0,-1.0,1,1,96.69897,40,Replayed,5.0
1.0,1.0,1,1,94.12497,40,Replayed,1.0
5.0,-1.0,-1,0,90.82201,40,Replayed,5.0
38.0,0.0,1,1,98.840195,40,Replayed,38.0
-3.0,-1.0,-1,1,94.11449,40,Replayed,3.0
-5.0,1.0,-1,1,95.90495,40,Replayed,5.0
5.0,1.0,1,1,97.05935,40,Replayed,5.0
-1.0,0.0,1,0,93.54793,40,Replayed,1.0
9.0,1.0,1,1,98.32677,40,Replayed,9.0
-38.0,1.0,-1,1,98.74021,40,Replayed,38.0
-3.0,1.0,1,0,93.11882,40,Replayed,3.0
-3.0,1.0,1,0,93.05876,40,Replayed,3.0
38.0,1.0,1,1,98.59027,40,Replayed,38.0
-3.0,0.0,-1,1,94.10861,40,Replayed,3.0
-5.0,-1.0,1,0,93.336075,40,Replayed,5.0
38.0,0.0,1,1,98.86522,40,Replayed,38.0
-1.0,-1.0,1,0,93.30467,40,Replayed,1.0
-3.0,-1.0,-1,1,93.90305,40,Replayed,3.0
-9.0,-1.0,1,0,93.50163,40,Replayed,9.0
3.0,1.0,1,1,95.69224,40,Replayed,3.0
5.0,1.0,1,1,97.24156,40,Replayed,5.0
9.0,0.0,1,1,98.212616,40,Replayed,9.0
-5.0,-1.0,-1,1,95.5814,40,Replayed,5.0
38.0,1.0,1,1,98.76524,40,Replayed,38.0
1.0,-1.0,1,1,94.44556,40,Replayed,1.0
-5.0,1.0,1,0,93.22315,40,Replayed,5.0
-38.0,0.0,-1,1,98.79023,40,Replayed,38.0
-38.0,1.0,-1,1,98.99019,40,Replayed,38.0
-3.0,0.0,1,0,93.202,40,Replayed,3.0
3.0,0.0,1,1,96.01608,40,Replayed,3.0
38.0,0.0,1,1,99.01519,40,Replayed,38.0
9.0,-1.0,1,1,98.1286,40,Replayed,9.0
38.0,1.0,1,1,98.89021,40,Replayed,38.0
38.0,1.0,1,1,99.040184,40,Replayed,38.0
-1.0,1.0,-1,1,91.69807,40,Replayed,1.0
9.0,-1.0,1,1,98.28023,40,Replayed,9.0
-1.0,0.0,1,0,93.357475,40,Replayed,1.0
-5.0,1.0,-1,1,95.94183,40,Replayed,5.0
1.0,1.0,1,1,94.09154,40,Replayed,1.0
5.0,0.0,1,1,97.27112,40,Replayed,5.0
-1.0,-1.0,1,0,93.63565,40,Replayed,1.0
38.0,1.0,1,1,98.86522,40,Replayed,38.0
-5.0,0.0,1,0,93.05803,40,Replayed,5.0
-9.0,0.0,-1,1,97.49349,40,Replayed,9.0
5.0,0.0,1,1,97.253685,40,Replayed,5.0
-3.0,-1.0,-1,1,94.01869,40,Replayed,3.0
1.0,1.0,1,1,94.08857,40,Replayed,1.0
3.0,-1.0,1,1,95.880066,40,Replayed,3.0
38.0,-1.0,1,1,98.81522,40,Replayed,38.0
38.0,0.0,1,1,98.740234,40,Replayed,38.0
1.0,0.0,-1,0,90.58902,40,Replayed,1.0
3.0,1.0,1,1,96.16113,40,Replayed,3.0
1.0,1.0,1,1,94.290886,40,Replayed,1.0
3.0,-1.0,-1,0,90.609795,40,Replayed,3.0
5.0,0.0,1,1,96.81837,40,Replayed,5.0
-9.0,1.0,-1,1,98.03761,40,Replayed,9.0
-38.0,-1.0,-1,1,98.965195,40,Replayed,38.0
-38.0,-1.0,-1,1,98.6902,40,Replayed,38.0
-3.0,1.0,-1,1,93.77228,40,Replayed,3.0
5.0,-1.0,1,1,96.87713,40,Replayed,5.0
-9.0,-1.0,1,0,93.46563,40,Replayed,9.0
3.0,1.0,-1,0,89.63179,40,Replayed,3.0
-9.0,0.0,-1,1,97.54548,40,Replayed,9.0
9.0,1.0,1,1,97.862335,40,Replayed,9.0
-1.0,1.0,1,0,93.28483,40,Replayed,1.0
5.0,0.0,1,1,96.80897,40,Replayed,5.0
1.0,1.0,1,1,94.48291,40,Replayed,1.0
-1.0,-1.0,-1,1,91.55199,40,Replayed,1.0
1.0,-1.0,-1,0,89.656944,40,Replayed,1.0
-1.0,0.0,1,0,93.09392,40,Replayed,1.0
5.0,0.0,1,1,96.86491,40,Replayed,5.0
-38.0,-1.0,-1,1,98.7152,40,Replayed,38.0
3.0,0.0,1,1,96.11236,40,Replayed,3.0
9.0,-1.0,1,1,98.44858,40,Replayed,9.0
-1.0,-1.0,1,0,92.742744,40,Replayed,1.0
-1.0,1.0,1,0,93.598816,40,Replayed,1.0
-3.0,-1.0,-1,1,94.18632,40,Replayed,3.0
3.0,-1.0,1,1,95.75688,40,Replayed,3.0
-5.0,0.0,1,0,93.18342,40,Replayed,5.0
5.0,1.0,1,1,97.13185,40,Replayed,5.0
1.0,-1.0,1,1,94.09135,40,Replayed,1.0
3.0,1.0,1,1,95.80383,40,Replayed,3.0
-1.0,1.0,-1,1,92.037155,40,Replayed,1.0
-38.0,0.0,-1,1,98.915184,40,Replayed,38.0
3.0,0.0,1,1,95.90293,40,Replayed,3.0
-1.0,0.0,1,0,93.44045,40,Replayed,1.0
9.0,1.0,1,1,98.26076,40,Replayed,9.0
38.0,0.0,1,1,98.840225,40,Replayed,38.0
-3.0,1.0,-1,1,94.40965,40,Replayed,3.0
1.0,-1.0,-1,0,90.11087,40,Replayed,1.0
1.0,0.0,1,1,94.16823,40,Replayed,1.0
3.0,1.0,1,1,96.06556,40,Replayed,3.0
38.0,-1.0,-1,0,90.25036,40,Replayed,38.0
1.0,0.0,1,1,94.22843,40,Replayed,1.0
-9.0,-1.0,-1,1,97.72843,40,Replayed,9.0
5.0,1.0,1,1,97.03449,40,Replayed,5.0
1.0,0.0,-1,0,90.376274,40,Replayed,1.0
-9.0,0.0,-1,1,97.734795,40,Replayed,9.0
5.0,1.0,-1,0,89.890495,40,Replayed,5.0
-38.0,0.0,-1,1,99.01516,40,Replayed,38.0
-5.0,0.0,1,0,93.306076,40,Replayed,5.0
1.0,0.0,1,1,94.234474,40,Replayed,1.0
-3.0,1.0,1,0,93.45636,40,Replayed,3.0
3.0,0.0,1,1,96.33305,40,Replayed,3.0
-9.0,0.0,-1,1,97.64015,40,Replayed,9.0
1.0,-1.0,-1,0,90.63893,40,Replayed,1.0
-38.0,0.0,-1,1,98.69023,40,Replayed,38.0
38.0,-1.0,1,1,98.765236,40,Replayed,38.0
38.0,1.0,1,1,99.99,41,Replayed,38.0
-3.0,-1.0,-1,1,97.79749,41,Replayed,3.0
9.0,1.0,1,1,99.72795,41,Replayed,9.0
1.0,-1.0,-1,0,93.49972,41,Replayed,1.0
38.0,-1.0,1,1,99.99,41,Replayed,38.0
-5.0,0.0,-1,1,98.86238,41,Replayed,5.0
-3.0,0.0,1,0,91.58765,41,Replayed,3.0
9.0,0.0,1,1,99.62935,41,Replayed,9.0
5.0,-1.0,1,1,98.53645,41,Replayed,5.0
9.0,0.0,1,1,99.636375,41,Replayed,9.0
3.0,0.0,1,1,96.66453,41,Replayed,3.0
-1.0,1.0,-1,1,95.6766,41,Replayed,1.0
3.0,1.0,-1,0,93.58436,41,Replayed,3.0
-9.0,1.0,-1,1,99.78645,41,Replayed,9.0
-38.0,1.0,-1,1,99.99,41,Replayed,38.0
9.0,1.0,-1,0,94.101524,41,Replayed,9.0
5.0,-1.0,1,1,98.30293,41,Replayed,5.0
-1.0,1.0,1,0,91.50833,41,Replayed,1.0
1.0,1.0,1,1,93.92492,41,Replayed,1.0
3.0,0.0,-1,0,93.46771,41,Replayed,3.0
-38.0,1.0,-1,1,99.99,41,Replayed,38.0
1.0,0.0,-1,0,94.09464,41,Replayed,1.0
5.0,-1.0,1,1,98.37416,41,Replayed,5.0
-3.0,0.0,1,0,91.1825,41,Replayed,3.0
-1.0,-1.0,1,0,91.77943,41,Replayed,1.0
-5.0,-1.0,-1,1,98.87365,41,Replayed,5.0
-38.0,0.0,-1,1,99.99,41,Replayed,38.0
1.0,1.0,-1,0,93.44797,41,Replayed,1.0
-9.0,0.0,-1,1,99.75837,41,Replayed,9.0
-3.0,0.0,-1,1,97.61682,41,Replayed,3.0
9.0,0.0,1,1,99.72283,41,Replayed,9.0
9.0,1.0,1,1,99.71026,41,Replayed,9.0
-5.0,-1.0,-1,1,98.856544,41,Replayed,5.0
-1.0,-1.0,1,0,91.65531,41,Replayed,1.0
1.0,1.0,-1,0,93.69868,41,Replayed,1.0
5.0,1.0,1,1,98.33812,41,Replayed,5.0
-5.0,-1.0,-1,1,98.90752,41,Replayed,5.0
-38.0,1.0,-1,1,99.99,41,Replayed,38.0
-1.0,-1.0,-1,1,95.48535,41,Replayed,1.0
1.0,-1.0,1,1,94.044426,41,Replayed,1.0
-5.0,1.0,-1,1,98.96645,41,Replayed,5.0
-9.0,1.0,-1,1,99.787315,41,Replayed,9.0
-38.0,1.0,-1,1,99.99,41,Replayed,38.0
1.0,-1.0,1,1,94.11603,41,Replayed,1.0
-5.0,1.0,-1,1,98.82629,41,Replayed,5.0
-9.0,-1.0,-1,1,99.80694,41,Replayed,9.0
3.0,0.0,1,1,96.73734,41,Replayed,3.0
38.0,1.0,1,1,99.99,41,Replayed,38.0
38.0,0.0,1,1,99.99,41,Replayed,38.0
-5.0,1.0,-1,1,98.91012,41,Replayed,5.0
1.0,-1.0,1,1,93.77669,41,Replayed,1.0
-5.0,1.0,-1,1,98.88991,41,Replayed,5.0
-1.0,1.0,-1,1,95.71199,41,Replayed,1.0
-1.0,0.0,-1,1,95.22345,41,Replayed,1.0
9.0,0.0,1,1,99.65342,41,Replayed,9.0
-9.0,0.0,-1,1,99.79546,41,Replayed,9.0
-5.0,1.0,-1,1,98.99366,41,Replayed,5.0
-3.0,1.0,-1,1,97.45024,41,Replayed,3.0
38.0,0.0,1,1,99.99,41,Replayed,38.0
-5.0,0.0,-1,1,98.95042,41,Replayed,5.0
-3.0,0.0,-1,1,97.65088,41,Replayed,3.0
38.0,-1.0,1,1,99.99,41,Replayed,38.0
-9.0,0.0,-1,1,99.78357,41,Replayed,9.0
-9.0,-1.0,-1,1,99.79951,41,Replayed,9.0
9.0,-1.0,1,1,99.71748,41,Replayed,9.0
9.0,-1.0,1,1,99.69674,41,Replayed,9.0
5.0,0.0,1,1,98.344124,41,Replayed,5.0
3.0,1.0,1,1,96.825584,41,Replayed,3.0
1.0,1.0,-1,0,93.52985,41,Replayed,1.0
-5.0,0.0,1,0,91.43774,41,Replayed,5.0
-38.0,0.0,-1,1,99.99,41,Replayed,38.0
3.0,1.0,-1,0,93.72304,41,Replayed,3.0
5.0,0.0,-1,0,93.53795,41,Replayed,5.0
5.0,1.0,1,1,98.53968,41,Replayed,5.0
38.0,1.0,1,1,99.99,41,Replayed,38.0
-1.0,0.0,-1,1,95.603485,41,Replayed,1.0
-3.0,1.0,-1,1,97.81961,41,Replayed,3.0
9.0,1.0,1,1,99.74214,41,Replayed,9.0
9.0,1.0,1,1,99.687454,41,Replayed,9.0
3.0,0.0,1,1,97.03801,41,Replayed,3.0
-1.0,-1.0,-1,1,95.466835,41,Replayed,1.0
5.0,1.0,1,1,98.423065,41,Replayed,5.0
-38.0,-1.0,-1,1,99.99,41,Replayed,38.0
-3.0,-1.0,1,0,91.69903,41,Replayed,3.0
-9.0,-1.0,-1,1,99.76725,41,Replayed,9.0
38.0,0.0,1,1,99.99,41,Replayed,38.0
-38.0,1.0,-1,1,99.99,41,Replayed,38.0
-9.0,1.0,-1,1,99.81421,41,Replayed,9.0
5.0,-1.0,1,1,98.38551,41,Replayed,5.0
-3.0,-1.0,-1,1,97.57348,41,Replayed,3.0
5.0,0.0,1,1,98.500275,41,Replayed,5.0
3.0,-1.0,-1,0,93.9456,41,Replayed,3.0
3.0,0.0,1,1,96.8209,41,Replayed,3.0
-3.0,-1.0,-1,1,97.78511,41,Replayed,3.0
3.0,-1.0,1,1,96.839714,41,Replayed,3.0
5.0,1.0,-1,0,93.43241,41,Replayed,5.0
3.0,1.0,1,1,96.80253,41,Replayed,3.0
3.0,1.0,-1,0,93.78456,41,Replayed,3.0
9.0,1.0,1,1,99.68958,41,Replayed,9.0
-38.0,0.0,-1,1,99.99,41,Replayed,38.0
-38.0,-1.0,-1,1,99.99,41,Replayed,38.0
9.0,-1.0,1,1,99.693146,41,Replayed,9.0
-38.0,0.0,-1,1,99.99,41,Replayed,38.0
5.0,-1.0,1,1,98.56396,41,Replayed,5.0
-38.0,-1.0,-1,1,99.99,41,Replayed,38.0
-1.0,-1.0,-1,1,95.62712,41,Replayed,1.0
3.0,1.0,1,1,96.845406,41,Replayed,3.0
1.0,0.0,-1,0,94.05969,41,Replayed,1.0
-1.0,0.0,-1,1,95.55647,41,Replayed,1.0
3.0,-1.0,1,1,96.98175,41,Replayed,3.0
38.0,1.0,1,1,99.99,41,Replayed,38.0
-3.0,-1.0,-1,1,97.81486,41,Replayed,3.0
-5.0,0.0,-1,1,99.1201,41,Replayed,5.0
3.0,1.0,1,1,96.85304,41,Replayed,3.0
5.0,0.0,-1,0,93.78713,41,Replayed,5.0
38.0,-1.0,1,1,99.99,41,Replayed,38.0
-9.0,-1.0,-1,1,99.77941,41,Replayed,9.0
-5.0,-1.0,-1,1,99.02544,41,Replayed,5.0
-5.0,1.0,-1,1,98.99141,41,Replayed,5.0
-3.0,1.0,-1,1,97.92935,41,Replayed,3.0
3.0,-1.0,1,1,96.83493,41,Replayed,3.0
-5.0,0.0,-1,1,98.94274,41,Replayed,5.0
-3.0,1.0,-1,1,97.61207,41,Replayed,3.0
1.0,-1.0,-1,0,93.79252,41,Replayed,1.0
-9.0,-1.0,-1,1,99.799095,41,Replayed,9.0
5.0,0.0,1,1,98.48092,41,Replayed,5.0
-5.0,1.0,-1,1,98.899574,41,Replayed,5.0
-3.0,0.0,-1,1,97.74504,41,Replayed,3.0
-3.0,1.0,-1,1,97.90866,41,Replayed,3.0
3.0,-1.0,-1,0,93.667946,41,Replayed,3.0
-9.0,1.0,-1,1,99.80952,41,Replayed,9.0
38.0,1.0,1,1,99.99,41,Replayed,38.0
-9.0,1.0,-1,1,99.81893,41,Replayed,9.0
-3.0,-1.0,1,0,91.50273,41,Replayed,3.0
-38.0,1.0,-1,1,99.99,41,Replayed,38.0
5.0,1.0,-1,0,94.03971,41,Replayed,5.0
-9.0,0.0,-1,1,99.81046,41,Replayed,9.0
-3.0,-1.0,-1,1,97.83272,41,Replayed,3.0
5.0,1.0,-1,0,93.68723,41,Replayed,5.0
1.0,-1.0,-1,0,94.010666,41,Replayed,1.0
-1.0,1.0,-1,1,95.37211,41,Replayed,1.0
-3.0,1.0,1,0,91.75874,41,Replayed,3.0
-38.0,-1.0,-1,1,99.99,41,Replayed,38.0
38.0,-1.0,1,1,99.99,41,Replayed,38.0
5.0,0.0,-1,0,93.67452,41,Replayed,5.0
-38.0,-1.0,-1,1,99.99,41,Replayed,38.0
38.0,0.0,1,1,99.99,41,Replayed,38.0
5.0,0.0,-1,0,93.934326,41,Replayed,5.0
-38.0,1.0,-1,1,99.99,41,Replayed,38.0
-5.0,0.0,-1,1,98.93815,41,Replayed,5.0
-1.0,0.0,1,0,91.62502,41,Replayed,1.0
3.0,-1.0,1,1,96.65375,41,Replayed,3.0
-1.0,-1.0,1,0,91.476616,41,Replayed,1.0
-38.0,0.0,-1,1,99.99,41,Replayed,38.0
-5.0,-1.0,1,0,91.539696,41,Replayed,5.0
-9.0,1.0,-1,1,99.802284,41,Replayed,9.0
-3.0,0.0,-1,1,97.77596,41,Replayed,3.0
3.0,0.0,1,1,96.768364,41,Replayed,3.0
38.0,1.0,1,1,99.99,41,Replayed,38.0
-5.0,0.0,-1,1,98.95069,41,Replayed,5.0
5.0,-1.0,1,1,98.26925,41,Replayed,5.0
-5.0,-1.0,-1,1,98.95493,41,Replayed,5.0
-9.0,0.0,-1,1,99.809875,41,Replayed,9.0
9.0,0.0,1,1,99.691124,41,Replayed,9.0
9.0,-1.0,1,1,99.69989,41,Replayed,9.0
1.0,0.0,-1,0,94.10226,41,Replayed,1.0
38.0,-1.0,1,1,99.99,41,Replayed,38.0
5.0,1.0,1,1,98.49203,41,Replayed,5.0
-3.0,-1.0,-1,1,97.566414,41,Replayed,3.0
-3.0,0.0,-1,1,97.907196,41,Replayed,3.0
-38.0,-1.0,-1,1,99.99,41,Replayed,38.0
9.0,-1.0,1,1,99.71527,41,Replayed,9.0
9.0,1.0,1,1,99.73041,41,Replayed,9.0
3.0,0.0,1,1,96.69619,41,Replayed,3.0
9.0,0.0,1,1,99.65107,41,Replayed,9.0
1.0,-1.0,-1,0,93.73778,41,Replayed,1.0
-9.0,0.0,-1,1,99.78953,41,Replayed,9.0
38.0,1.0,1,1,99.99,41,Replayed,38.0
-1.0,0.0,-1,1,95.42388,41,Replayed,1.0
1.0,0.0,1,1,93.81882,41,Replayed,1.0
-1.0,0.0,-1,1,95.34995,41,Replayed,1.0
5.0,-1.0,1,1,98.38789,41,Replayed,5.0
-5.0,0.0,-1,1,98.982254,41,Replayed,5.0
-1.0,1.0,1,0,91.20863,41,Replayed,1.0
-38.0,-1.0,-1,1,99.99,41,Replayed,38.0
38.0,1.0,1,1,99.99,41,Replayed,38.0
1.0,0.0,1,1,93.75502,41,Replayed,1.0
9.0,0.0,1,1,99.74935,41,Replayed,9.0
38.0,0.0,1,1,99.99,41,Replayed,38.0
-1.0,1.0,-1,1,95.62506,41,Replayed,1.0
-3.0,1.0,-1,1,97.904884,41,Replayed,3.0
1.0,-1.0,-1,0,93.90399,41,Replayed,1.0
1.0,0.0,-1,0,93.86124,41,Replayed,1.0
1.0,1.0,1,1,93.73007,41,Replayed,1.0
1.0,0.0,1,1,93.498634,41,Replayed,1.0
-1.0,-1.0,1,0,91.92867,41,Replayed,1.0
-1.0,0.0,1,0,91.710785,41,Replayed,1.0
-1.0,1.0,-1,1,95.28904,41,Replayed,1.0
-1.0,-1.0,1,0,91.99559,41,Replayed,1.0
-1.0,1.0,-1,1,95.21674,41,Replayed,1.0
3.0,1.0,1,1,96.86383,41,Replayed,3.0
-9.0,-1.0,1,0,91.69544,41,Replayed,9.0
38.0,-1.0,1,1,99.99,41,Replayed,38.0
-9.0,1.0,-1,1,99.82489,41,Replayed,9.0
5.0,0.0,1,1,98.52366,41,Replayed,5.0
-38.0,0.0,-1,1,99.99,41,Replayed,38.0
-38.0,0.0,-1,1,99.99,41,Replayed,38.0
-1.0,0.0,-1,1,95.154396,41,Replayed,1.0
-5.0,-1.0,1,0,91.630066,41,Replayed,5.0
-3.0,0.0,1,0,91.41198,41,Replayed,3.0
38.0,0.0,1,1,99.99,41,Replayed,38.0
1.0,0.0,-1,0,93.48824,41,Replayed,1.0
3.0,0.0,1,1,96.6132,41,Replayed,3.0
3.0,-1.0,1,1,96.9354,41,Replayed,3.0
9.0,0.0,1,1,99.688545,41,Replayed,9.0
-38.0,1.0,-1,1,99.99,41,Replayed,38.0
38.0,0.0,1,1,99.99,41,Replayed,38.0
-9.0,0.0,-1,1,99.806175,41,Replayed,9.0
-9.0,-1.0,-1,1,99.798134,41,Replayed,9.0
-3.0,1.0,1,0,91.38714,41,Replayed,3.0
38.0,0.0,1,1,99.99,41,Replayed,38.0
9.0,-1.0,1,1,99.64764,41,Replayed,9.0
-5.0,-1.0,-1,1,98.92608,41,Replayed,5.0
-9.0,1.0,-1,1,99.78812,41,Replayed,9.0
-38.0,0.0,-1,1,99.99,41,Replayed,38.0
1.0,1.0,1,1,94.00541,41,Replayed,1.0
5.0,1.0,-1,0,93.86557,41,Replayed,5.0
-38.0,-1.0,-1,1,99.99,41,Replayed,38.0
-9.0,0.0,-1,1,99.797585,41,Replayed,9.0
9.0,1.0,1,1,99.73485,41,Replayed,9.0
3.0,-1.0,-1,0,93.61542,41,Replayed,3.0
1.0,1.0,1,1,93.495995,41,Replayed,1.0
-5.0,1.0,1,0,91.11604,41,Replayed,5.0
5.0,-1.0,-1,0,93.784294,41,Replayed,5.0
9.0,-1.0,1,1,99.6779,41,Replayed,9.0
38.0,-1.0,1,1,99.99,41,Replayed,38.0
9.0,-1.0,1,1,99.68168,41,Replayed,9.0
1.0,1.0,-1,0,93.99251,41,Replayed,1.0
-9.0,-1.0,-1,1,99.81789,41,Replayed,9.0
-38.0,0.0,-1,1,99.934944,42,Replayed,38.0
9.0,0.0,-1,0,31.703653,42,Replayed,9.0
-9.0,0.0,1,0,26.644176,42,Replayed,9.0
-1.0,1.0,1,0,53.944355,42,Replayed,1.0
9.0,0.0,1,1,80.88972,42,Replayed,9.0
-3.0,0.0,-1,1,70.04729,42,Replayed,3.0
-9.0,-1.0,-1,1,81.72473,42,Replayed,9.0
1.0,0.0,1,1,56.565346,42,Replayed,1.0
-5.0,0.0,-1,1,76.13012,42,Replayed,5.0
-3.0,1.0,-1,1,74.67816,42,Replayed,3.0
-9.0,0.0,-1,1,86.03479,42,Replayed,9.0
-3.0,-1.0,1,0,38.93273,42,Replayed,3.0
38.0,0.0,1,1,99.91424,42,Replayed,38.0
1.0,-1.0,-1,0,51.047115,42,Replayed,1.0
1.0,-1.0,-1,0,52.235188,42,Replayed,1.0
38.0,-1.0,1,1,99.81206,42,Replayed,38.0
38.0,0.0,1,1,99.901505,42,Replayed,38.0
5.0,-1.0,1,1,66.43325,42,Replayed,5.0
-1.0,0.0,-1,1,62.951332,42,Replayed,1.0
-9.0,-1.0,-1,1,81.27185,42,Replayed,9.0
3.0,1.0,1,1,69.38702,42,Replayed,3.0
1.0,-1.0,-1,0,50.7708,42,Replayed,1.0
9.0,1.0,1,1,85.60897,42,Replayed,9.0
-1.0,-1.0,1,0,44.590256,42,Replayed,1.0
1.0,0.0,1,1,57.096386,42,Replayed,1.0
3.0,0.0,-1,0,51.025658,42,Replayed,3.0
5.0,0.0,1,1,70.00149,42,Replayed,5.0
-5.0,1.0,-1,1,80.36962,42,Replayed,5.0
3.0,-1.0,-1,0,44.454033,42,Replayed,3.0
-3.0,1.0,-1,1,74.74252,42,Replayed,3.0
-5.0,0.0,-1,1,76.1544,42,Replayed,5.0
5.0,-1.0,-1,0,37.974327,42,Replayed,5.0
3.0,0.0,-1,0,50.439472,42,Replayed,3.0
3.0,1.0,1,1,69.24798,42,Replayed,3.0
-1.0,1.0,1,0,55.245888,42,Replayed,1.0
-9.0,-1.0,-1,1,81.878456,42,Replayed,9.0
9.0,0.0,1,1,81.892586,42,Replayed,9.0
-5.0,0.0,-1,1,76.17416,42,Replayed,5.0
-5.0,-1.0,-1,1,70.94527,42,Replayed,5.0
38.0,1.0,1,1,99.95528,42,Replayed,38.0
38.0,1.0,1,1,99.95564,42,Replayed,38.0
5.0,0.0,1,1,71.00712,42,Replayed,5.0
3.0,1.0,-1,0,55.573696,42,Replayed,3.0
-5.0,-1.0,1,0,31.51272,42,Replayed,5.0
5.0,0.0,1,1,70.558334,42,Replayed,5.0
9.0,0.0,-1,0,31.534138,42,Replayed,9.0
9.0,-1.0,1,1,77.15882,42,Replayed,9.0
-38.0,1.0,-1,1,99.96688,42,Replayed,38.0
-5.0,-1.0,-1,1,71.5594,42,Replayed,5.0
5.0,0.0,1,1,70.63044,42,Replayed,5.0
1.0,1.0,1,1,61.801292,42,Replayed,1.0
-3.0,-1.0,-1,1,65.54566,42,Replayed,3.0
-1.0,1.0,1,0,54.534317,42,Replayed,1.0
38.0,0.0,1,1,99.90893,42,Replayed,38.0
3.0,1.0,1,1,68.67764,42,Replayed,3.0
-3.0,-1.0,1,0,37.813816,42,Replayed,3.0
1.0,-1.0,-1,0,50.43834,42,Replayed,1.0
-1.0,0.0,-1,1,62.925774,42,Replayed,1.0
1.0,1.0,1,1,61.267967,42,Replayed,1.0
5.0,-1.0,-1,0,38.02022,42,Replayed,5.0
38.0,0.0,1,1,99.9038,42,Replayed,38.0
9.0,1.0,1,1,86.08057,42,Replayed,9.0
1.0,0.0,1,1,57.109035,42,Replayed,1.0
3.0,0.0,1,1,63.48789,42,Replayed,3.0
-3.0,0.0,-1,1,69.91473,42,Replayed,3.0
-3.0,1.0,1,0,49.162502,42,Replayed,3.0
-3.0,-1.0,-1,1,65.54186,42,Replayed,3.0
9.0,0.0,-1,0,33.569885,42,Replayed,9.0
1.0,1.0,1,1,61.531784,42,Replayed,1.0
38.0,1.0,1,1,99.95315,42,Replayed,38.0
3.0,0.0,-1,0,50.25318,42,Replayed,3.0
-1.0,-1.0,-1,1,59.33988,42,Replayed,1.0
-1.0,1.0,1,0,54.41899,42,Replayed,1.0
-38.0,-1.0,-1,1,99.86178,42,Replayed,38.0
-5.0,1.0,-1,1,81.07892,42,Replayed,5.0
-38.0,0.0,-1,1,99.93778,42,Replayed,38.0
-5.0,1.0,-1,1,80.39827,42,Replayed,5.0
5.0,-1.0,1,1,65.63528,42,Replayed,5.0
3.0,-1.0,1,1,57.75119,42,Replayed,3.0
3.0,1.0,1,1,68.459015,42,Replayed,3.0
-3.0,1.0,-1,1,74.857216,42,Replayed,3.0
-38.0,0.0,-1,1,99.93341,42,Replayed,38.0
5.0,-1.0,-1,0,37.84116,42,Replayed,5.0
9.0,-1.0,1,1,77.29415,42,Replayed,9.0
1.0,1.0,-1,0,61.489086,42,Replayed,1.0
-9.0,-1.0,-1,1,81.915085,42,Replayed,9.0
38.0,-1.0,1,1,99.81001,42,Replayed,38.0
3.0,0.0,1,1,63.500015,42,Replayed,3.0
3.0,-1.0,-1,0,46.059002,42,Replayed,3.0
-5.0,0.0,-1,1,75.62659,42,Replayed,5.0
1.0,1.0,1,1,62.21628,42,Replayed,1.0
5.0,1.0,1,1,75.69625,42,Replayed,5.0
-38.0,1.0,-1,1,99.96505,42,Replayed,38.0
1.0,0.0,1,1,56.482624,42,Replayed,1.0
5.0,1.0,1,1,75.41349,42,Replayed,5.0
3.0,-1.0,1,1,59.37642,42,Replayed,3.0
-1.0,-1.0,-1,1,58.255707,42,Replayed,1.0
-9.0,0.0,-1,1,86.261955,42,Replayed,9.0
-5.0,-1.0,-1,1,71.03239,42,Replayed,5.0
-3.0,-1.0,-1,1,64.89891,42,Replayed,3.0
1.0,-1.0,1,1,51.622868,42,Replayed,1.0
9.0,-1.0,1,1,77.80629,42,Replayed,9.0
-1.0,0.0,-1,1,63.34024,42,Replayed,1.0
5.0,-1.0,-1,0,38.511436,42,Replayed,5.0
-3.0,1.0,-1,1,73.796326,42,Replayed,3.0
3.0,0.0,1,1,63.111835,42,Replayed,3.0
-38.0,-1.0,-1,1,99.87113,42,Replayed,38.0
-9.0,0.0,-1,1,86.17599,42,Replayed,9.0
5.0,-1.0,-1,0,37.703888,42,Replayed,5.0
-38.0,-1.0,-1,1,99.854614,42,Replayed,38.0
-38.0,0.0,-1,1,99.933105,42,Replayed,38.0
38.0,1.0,1,1,99.95497,42,Replayed,38.0
1.0,0.0,1,1,55.86513,42,Replayed,1.0
-38.0,-1.0,-1,1,99.85764,42,Replayed,38.0
38.0,-1.0,1,1,99.80127,42,Replayed,38.0
9.0,-1.0,1,1,77.04206,42,Replayed,9.0
-9.0,1.0,-1,1,89.54275,42,Replayed,9.0
-3.0,-1.0,-1,1,64.56996,42,Replayed,3.0
-38.0,1.0,-1,1,99.96657,42,Replayed,38.0
-3.0,0.0,-1,1,70.30186,42,Replayed,3.0
-5.0,1.0,-1,1,80.926476,42,Replayed,5.0
-1.0,0.0,-1,1,63.362988,42,Replayed,1.0
3.0,1.0,1,1,69.2217,42,Replayed,3.0
9.0,1.0,-1,0,38.46281,42,Replayed,9.0
5.0,1.0,1,1,75.5381,42,Replayed,5.0
38.0,0.0,1,1,99.90326,42,Replayed,38.0
-3.0,1.0,-1,1,74.23138,42,Replayed,3.0
5.0,0.0,1,1,70.648994,42,Replayed,5.0
-1.0,-1.0,-1,1,58.710194,42,Replayed,1.0
-38.0,1.0,-1,1,99.96639,42,Replayed,38.0
-9.0,1.0,-1,1,88.68401,42,Replayed,9.0
5.0,1.0,1,1,75.01846,42,Replayed,5.0
-9.0,0.0,-1,1,85.78766,42,Replayed,9.0
-1.0,0.0,-1,1,63.69014,42,Replayed,1.0
-38.0,0.0,-1,1,99.93781,42,Replayed,38.0
9.0,1.0,1,1,85.94348,42,Replayed,9.0
5.0,0.0,-1,0,44.31707,42,Replayed,5.0
5.0,1.0,1,1,74.99049,42,Replayed,5.0
-1.0,1.0,1,0,54.155468,42,Replayed,1.0
38.0,1.0,1,1,99.95412,42,Replayed,38.0
9.0,0.0,1,1,81.652405,42,Replayed,9.0
5.0,0.0,1,1,69.87622,42,Replayed,5.0
1.0,-1.0,1,1,50.992878,42,Replayed,1.0
-1.0,-1.0,1,0,44.585453,42,Replayed,1.0
38.0,-1.0,1,1,99.80902,42,Replayed,38.0
38.0,-1.0,1,1,99.79917,42,Replayed,38.0
-1.0,-1.0,1,0,45.001324,42,Replayed,1.0
1.0,1.0,1,1,61.789234,42,Replayed,1.0
-5.0,-1.0,1,0,31.940893,42,Replayed,5.0
38.0,0.0,1,1,99.90651,42,Replayed,38.0
-9.0,0.0,-1,1,85.446205,42,Replayed,9.0
-9.0,-1.0,-1,1,81.95181,42,Replayed,9.0
38.0,-1.0,1,1,99.814674,42,Replayed,38.0
-9.0,0.0,-1,1,85.203125,42,Replayed,9.0
-3.0,0.0,-1,1,69.93076,42,Replayed,3.0
-38.0,-1.0,-1,1,99.860634,42,Replayed,38.0
-1.0,0.0,1,0,50.692703,42,Replayed,1.0
-9.0,1.0,-1,1,89.04554,42,Replayed,9.0
9.0,1.0,1,1,86.03524,42,Replayed,9.0
-5.0,-1.0,-1,1,70.92112,42,Replayed,5.0
-5.0,0.0,-1,1,77.07322,42,Replayed,5.0
-3.0,-1.0,-1,1,65.49891,42,Replayed,3.0
-3.0,1.0,-1,1,74.362915,42,Replayed,3.0
9.0,-1.0,1,1,77.03546,42,Replayed,9.0
-3.0,0.0,-1,1,69.40022,42,Replayed,3.0
38.0,-1.0,1,1,99.81506,42,Replayed,38.0
-1.0,1.0,-1,1,67.85582,42,Replayed,1.0
38.0,1.0,1,1,99.95441,42,Replayed,38.0
9.0,-1.0,-1,0,26.60324,42,Replayed,9.0
-5.0,0.0,-1,1,76.3913,42,Replayed,5.0
-3.0,-1.0,1,0,37.920944,42,Replayed,3.0
-3.0,1.0,-1,1,73.901344,42,Replayed,3.0
-38.0,0.0,-1,1,99.939804,42,Replayed,38.0
-5.0,1.0,-1,1,79.73091,42,Replayed,5.0
-9.0,1.0,-1,1,88.75772,42,Replayed,9.0
3.0,1.0,-1,0,56.360214,42,Replayed,3.0
-9.0,1.0,-1,1,89.04121,42,Replayed,9.0
1.0,-1.0,-1,0,52.958656,42,Replayed,1.0
-3.0,0.0,-1,1,69.79679,42,Replayed,3.0
1.0,1.0,1,1,61.59584,42,Replayed,1.0
3.0,-1.0,1,1,58.69664,42,Replayed,3.0
9.0,1.0,1,1,85.788055,42,Replayed,9.0
5.0,1.0,1,1,75.72103,42,Replayed,5.0
9.0,1.0,1,1,85.608635,42,Replayed,9.0
-1.0,-1.0,-1,1,57.978065,42,Replayed,1.0
-1.0,1.0,1,0,55.609375,42,Replayed,1.0
1.0,0.0,1,1,56.88252,42,Replayed,1.0
-9.0,1.0,1,0,31.492981,42,Replayed,9.0
3.0,-1.0,1,1,57.95088,42,Replayed,3.0
-1.0,0.0,-1,1,63.723766,42,Replayed,1.0
-9.0,0.0,-1,1,86.02976,42,Replayed,9.0
5.0,1.0,-1,0,50.451904,42,Replayed,5.0
-38.0,1.0,-1,1,99.96675,42,Replayed,38.0
9.0,0.0,1,1,81.52051,42,Replayed,9.0
-5.0,1.0,-1,1,80.75984,42,Replayed,5.0
-5.0,-1.0,-1,1,71.217735,42,Replayed,5.0
-9.0,1.0,-1,1,89.21543,42,Replayed,9.0
3.0,1.0,1,1,68.83327,42,Replayed,3.0
-38.0,0.0,-1,1,99.93562,42,Replayed,38.0
3.0,0.0,1,1,64.38875,42,Replayed,3.0
38.0,1.0,1,1,99.95541,42,Replayed,38.0
-1.0,1.0,-1,1,66.89433,42,Replayed,1.0
-38.0,1.0,-1,1,99.963936,42,Replayed,38.0
-3.0,0.0,1,0,44.198017,42,Replayed,3.0
-1.0,0.0,-1,1,62.847168,42,Replayed,1.0
9.0,0.0,1,1,81.98235,42,Replayed,9.0
5.0,-1.0,1,1,66.12967,42,Replayed,5.0
5.0,1.0,-1,0,50.99431,42,Replayed,5.0
-5.0,1.0,-1,1,80.02602,42,Replayed,5.0
-3.0,0.0,-1,1,70.293755,42,Replayed,3.0
-38.0,1.0,-1,1,99.96833,42,Replayed,38.0
1.0,0.0,-1,0,56.74182,42,Replayed,1.0
-5.0,0.0,1,0,37.701725,42,Replayed,5.0
38.0,0.0,1,1,99.90271,42,Replayed,38.0
-5.0,1.0,-1,1,80.84141,42,Replayed,5.0
38.0,1.0,1,1,99.9548,42,Replayed,38.0
9.0,1.0,1,1,85.8973,42,Replayed,9.0
1.0,0.0,-1,0,56.19495,42,Replayed,1.0
-38.0,-1.0,-1,1,99.85868,42,Replayed,38.0
1.0,-1.0,1,1,51.254284,42,Replayed,1.0
-38.0,1.0,-1,1,99.96727,42,Replayed,38.0
9.0,-1.0,1,1,77.124535,42,Replayed,9.0
-9.0,-1.0,-1,1,81.59545,42,Replayed,9.0
3.0,0.0,1,1,63.16146,42,Replayed,3.0
-5.0,-1.0,-1,1,71.417435,42,Replayed,5.0
-9.0,-1.0,-1,1,81.40928,42,Replayed,9.0
-9.0,1.0,-1,1,89.7037,42,Replayed,9.0
-9.0,-1.0,-1,1,82.729576,42,Replayed,9.0
9.0,-1.0,1,1,77.53148,42,Replayed,9.0
-5.0,0.0,-1,1,76.027885,42,Replayed,5.0
38.0,0.0,1,1,99.909805,42,Replayed,38.0
1.0,1.0,1,1,61.329334,42,Replayed,1.0
-38.0,0.0,-1,1,99.93161,42,Replayed,38.0
3.0,-1.0,1,1,57.735985,42,Replayed,3.0
-38.0,-1.0,-1,1,99.8666,42,Replayed,38.0
-38.0,-1.0,-1,1,99.85263,42,Replayed,38.0
3.0,-1.0,1,1,57.880203,42,Replayed,3.0
5.0,0.0,-1,0,45.56083,42,Replayed,5.0
38.0,-1.0,1,1,99.79892,42,Replayed,38.0
-1.0,-1.0,-1,1,58.415485,42,Replayed,1.0
-5.0,0.0,1,0,50.534935,43,Replayed,5.0
3.0,1.0,1,1,57.693577,43,Replayed,3.0
-5.0,-1.0,1,0,51.839767,43,Replayed,5.0
1.0,1.0,-1,0,41.69684,43,Replayed,1.0
5.0,-1.0,1,1,60.141045,43,Replayed,5.0
-5.0,-1.0,1,0,51.872807,43,Replayed,5.0
38.0,-1.0,1,1,84.25923,43,Replayed,38.0
-38.0,0.0,-1,1,76.17206,43,Replayed,38.0
-3.0,1.0,1,0,50.583935,43,Replayed,3.0
9.0,-1.0,-1,0,36.585747,43,Replayed,9.0
-5.0,-1.0,1,0,51.592697,43,Replayed,5.0
38.0,0.0,1,1,83.928474,43,Replayed,38.0
5.0,-1.0,-1,0,39.832073,43,Replayed,5.0
-9.0,-1.0,1,0,48.45133,43,Replayed,9.0
38.0,0.0,1,1,83.654396,43,Replayed,38.0
3.0,-1.0,1,1,58.99125,43,Replayed,3.0
-9.0,0.0,1,0,47.554535,43,Replayed,9.0
9.0,-1.0,1,1,64.2256,43,Replayed,9.0
-1.0,0.0,-1,1,44.67644,43,Replayed,1.0
5.0,0.0,1,1,59.410637,43,Replayed,5.0
-38.0,0.0,-1,1,75.95604,43,Replayed,38.0
-3.0,-1.0,1,0,54.840343,43,Replayed,3.0
-38.0,-1.0,-1,1,76.68407,43,Replayed,38.0
-1.0,0.0,1,0,54.94159,43,Replayed,1.0
38.0,0.0,1,1,83.11509,43,Replayed,38.0
-5.0,1.0,1,0,49.024208,43,Replayed,5.0
9.0,1.0,1,1,62.89901,43,Replayed,9.0
-1.0,0.0,1,0,53.07699,43,Replayed,1.0
9.0,0.0,1,1,63.26598,43,Replayed,9.0
1.0,-1.0,1,1,57.031845,43,Replayed,1.0
1.0,-1.0,1,1,56.96903,43,Replayed,1.0
3.0,-1.0,-1,0,40.165337,43,Replayed,3.0
3.0,0.0,1,1,57.62819,43,Replayed,3.0
-3.0,-1.0,1,0,53.766735,43,Replayed,3.0
1.0,0.0,-1,0,42.77377,43,Replayed,1.0
-38.0,-1.0,-1,1,77.272736,43,Replayed,38.0
1.0,1.0,1,1,55.43086,43,Replayed,1.0
9.0,0.0,1,1,63.895287,43,Replayed,9.0
-1.0,1.0,-1,1,43.989998,43,Replayed,1.0
-1.0,-1.0,-1,1,45.59065,43,Replayed,1.0
-3.0,0.0,1,0,53.215504,43,Replayed,3.0
-38.0,1.0,1,0,21.8099,43,Replayed,38.0
-5.0,-1.0,-1,1,48.421482,43,Replayed,5.0
38.0,0.0,1,1,83.946075,43,Replayed,38.0
3.0,-1.0,1,1,57.849384,43,Replayed,3.0
3.0,1.0,1,1,57.56445,43,Replayed,3.0
-3.0,1.0,1,0,52.104958,43,Replayed,3.0
-5.0,-1.0,-1,1,48.34082,43,Replayed,5.0
-5.0,0.0,1,0,50.10277,43,Replayed,5.0
1.0,0.0,-1,0,42.950665,43,Replayed,1.0
-9.0,-1.0,1,0,47.787445,43,Replayed,9.0
9.0,0.0,1,1,62.756252,43,Replayed,9.0
1.0,0.0,1,1,56.758995,43,Replayed,1.0
1.0,-1.0,1,1,56.171047,43,Replayed,1.0
5.0,0.0,-1,0,38.581665,43,Replayed,5.0
-1.0,-1.0,1,0,55.33936,43,Replayed,1.0
9.0,0.0,1,1,63.41716,43,Replayed,9.0
-1.0,1.0,1,0,53.22509,43,Replayed,1.0
-1.0,-1.0,-1,1,44.660038,43,Replayed,1.0
-5.0,1.0,-1,1,45.727394,43,Replayed,5.0
1.0,-1.0,1,1,56.97053,43,Replayed,1.0
-38.0,-1.0,-1,1,77.22951,43,Replayed,38.0
-3.0,0.0,1,0,53.005005,43,Replayed,3.0
5.0,0.0,-1,0,38.77454,43,Replayed,5.0
-38.0,1.0,1,0,21.695133,43,Replayed,38.0
-1.0,1.0,1,0,54.446648,43,Replayed,1.0
-9.0,0.0,1,0,46.60461,43,Replayed,9.0
-1.0,1.0,1,0,53.142727,43,Replayed,1.0
-1.0,1.0,1,0,52.993523,43,Replayed,1.0
-1.0,0.0,1,0,54.496445,43,Replayed,1.0
1.0,-1.0,-1,0,43.100025,43,Replayed,1.0
38.0,0.0,1,1,84.35176,43,Replayed,38.0
-38.0,0.0,-1,1,75.209595,43,Replayed,38.0
-38.0,1.0,1,0,21.24773,43,Replayed,38.0
1.0,-1.0,1,1,57.158894,43,Replayed,1.0
-38.0,-1.0,1,0,23.494425,43,Replayed,38.0
-38.0,1.0,-1,1,74.754196,43,Replayed,38.0
5.0,1.0,1,1,58.966343,43,Replayed,5.0
38.0,-1.0,1,1,84.4143,43,Replayed,38.0
9.0,0.0,1,1,64.05899,43,Replayed,9.0
1.0,1.0,1,1,56.624836,43,Replayed,1.0
-9.0,0.0,1,0,47.470947,43,Replayed,9.0
5.0,1.0,-1,0,37.980537,43,Replayed,5.0
-1.0,1.0,1,0,54.07632,43,Replayed,1.0
-5.0,0.0,1,0,50.468994,43,Replayed,5.0
3.0,-1.0,1,1,59.36471,43,Replayed,3.0
-9.0,-1.0,-1,1,51.57672,43,Replayed,9.0
-1.0,-1.0,1,0,56.6011,43,Replayed,1.0
9.0,0.0,1,1,63.35303,43,Replayed,9.0
38.0,1.0,1,1,83.09651,43,Replayed,38.0
3.0,1.0,-1,0,40.35168,43,Replayed,3.0
-1.0,-1.0,-1,1,45.232506,43,Replayed,1.0
9.0,-1.0,1,1,65.13997,43,Replayed,9.0
-9.0,1.0,-1,1,50.89164,43,Replayed,9.0
9.0,-1.0,1,1,63.940163,43,Replayed,9.0
38.0,1.0,1,1,82.88035,43,Replayed,38.0
5.0,-1.0,1,1,59.544254,43,Replayed,5.0
9.0,0.0,1,1,62.175495,43,Replayed,9.0
-3.0,1.0,1,0,51.130913,43,Replayed,3.0
-5.0,1.0,-1,1,47.74099,43,Replayed,5.0
5.0,0.0,-1,0,38.93867,43,Replayed,5.0
38.0,-1.0,1,1,85.13507,43,Replayed,38.0
-5.0,-1.0,1,0,51.273026,43,Replayed,5.0
-9.0,-1.0,-1,1,53.116394,43,Replayed,9.0
5.0,0.0,1,1,59.778435,43,Replayed,5.0
-3.0,0.0,1,0,52.850456,43,Replayed,3.0
9.0,-1.0,1,1,63.53659,43,Replayed,9.0
3.0,1.0,-1,0,40.391827,43,Replayed,3.0
38.0,0.0,1,1,84.727745,43,Replayed,38.0
-9.0,0.0,1,0,46.991188,43,Replayed,9.0
-3.0,0.0,1,0,51.51481,43,Replayed,3.0
-1.0,1.0,1,0,53.090405,43,Replayed,1.0
5.0,1.0,1,1,57.95379,43,Replayed,5.0
-5.0,0.0,1,0,50.03817,43,Replayed,5.0
1.0,-1.0,-1,0,44.683765,43,Replayed,1.0
-9.0,0.0,-1,1,51.144676,43,Replayed,9.0
-5.0,0.0,-1,1,48.122902,43,Replayed,5.0
-38.0,1.0,-1,1,75.25781,43,Replayed,38.0
-5.0,0.0,1,0,51.601486,43,Replayed,5.0
-9.0,-1.0,1,0,48.14962,43,Replayed,9.0
-3.0,0.0,1,0,52.463722,43,Replayed,3.0
-38.0,-1.0,-1,1,75.84234,43,Replayed,38.0
-5.0,1.0,1,0,48.68503,43,Replayed,5.0
5.0,-1.0,1,1,60.49297,43,Replayed,5.0
5.0,0.0,1,1,60.807556,43,Replayed,5.0
9.0,-1.0,1,1,64.149536,43,Replayed,9.0
3.0,-1.0,1,1,58.401024,43,Replayed,3.0
9.0,1.0,1,1,63.033367,43,Replayed,9.0
38.0,-1.0,1,1,84.44444,43,Replayed,38.0
1.0,1.0,-1,0,40.834984,43,Replayed,1.0
-5.0,1.0,1,0,50.366764,43,Replayed,5.0
38.0,0.0,1,1,83.75676,43,Replayed,38.0
5.0,-1.0,1,1,59.641956,43,Replayed,5.0
-1.0,-1.0,1,0,55.4506,43,Replayed,1.0
3.0,-1.0,1,1,59.589134,43,Replayed,3.0
38.0,-1.0,1,1,84.35321,43,Replayed,38.0
1.0,0.0,1,1,56.02522,43,Replayed,1.0
-9.0,1.0,1,0,46.453476,43,Replayed,9.0
3.0,0.0,1,1,57.1503,43,Replayed,3.0
-3.0,-1.0,1,0,53.37801,43,Replayed,3.0
-3.0,1.0,1,0,52.659702,43,Replayed,3.0
38.0,1.0,-1,0,14.299613,43,Replayed,38.0
5.0,1.0,1,1,58.559944,43,Replayed,5.0
-38.0,0.0,-1,1,75.64173,43,Replayed,38.0
-5.0,1.0,1,0,49.00791,43,Replayed,5.0
-1.0,0.0,1,0,54.771442,43,Replayed,1.0
1.0,1.0,1,1,55.568283,43,Replayed,1.0
-1.0,-1.0,-1,1,44.715923,43,Replayed,1.0
-3.0,-1.0,-1,1,48.41045,43,Replayed,3.0
5.0,1.0,-1,0,38.72346,43,Replayed,5.0
1.0,1.0,1,1,54.66018,43,Replayed,1.0
1.0,1.0,-1,0,41.555943,43,Replayed,1.0
-38.0,0.0,-1,1,76.06592,43,Replayed,38.0
38.0,1.0,1,1,83.567604,43,Replayed,38.0
38.0,0.0,1,1,83.74063,43,Replayed,38.0
38.0,1.0,1,1,83.72146,43,Replayed,38.0
-3.0,1.0,-1,1,44.984116,43,Replayed,3.0
3.0,1.0,1,1,57.109936,43,Replayed,3.0
-38.0,0.0,-1,1,75.35309,43,Replayed,38.0
9.0,-1.0,1,1,63.660343,43,Replayed,9.0
-38.0,-1.0,1,0,23.551382,43,Replayed,38.0
-38.0,0.0,1,0,22.626722,43,Replayed,38.0
-1.0,1.0,-1,1,44.506084,43,Replayed,1.0
9.0,1.0,1,1,61.985386,43,Replayed,9.0
-9.0,1.0,-1,1,51.30223,43,Replayed,9.0
-5.0,0.0,1,0,49.973217,43,Replayed,5.0
9.0,1.0,-1,0,35.50961,43,Replayed,9.0
-3.0,0.0,-1,1,46.10749,43,Replayed,3.0
-5.0,-1.0,-1,1,48.703693,43,Replayed,5.0
-5.0,0.0,1,0,51.5462,43,Replayed,5.0
-3.0,0.0,-1,1,46.513866,43,Replayed,3.0
-3.0,-1.0,-1,1,46.054955,43,Replayed,3.0
-38.0,-1.0,-1,1,77.17327,43,Replayed,38.0
3.0,0.0,1,1,58.141117,43,Replayed,3.0
-38.0,-1.0,-1,1,76.054474,43,Replayed,38.0
3.0,0.0,1,1,58.57069,43,Replayed,3.0
3.0,1.0,1,1,57.82274,43,Replayed,3.0
1.0,0.0,-1,0,42.536556,43,Replayed,1.0
-38.0,1.0,-1,1,75.03815,43,Replayed,38.0
-1.0,-1.0,1,0,55.272186,43,Replayed,1.0
-9.0,0.0,1,0,46.171036,43,Replayed,9.0
5.0,0.0,1,1,60.411526,43,Replayed,5.0
9.0,1.0,1,1,63.06284,43,Replayed,9.0
-5.0,1.0,1,0,49.415028,43,Replayed,5.0
1.0,0.0,-1,0,42.662025,43,Replayed,1.0
9.0,1.0,1,1,62.31593,43,Replayed,9.0
-9.0,1.0,-1,1,49.649868,43,Replayed,9.0
5.0,0.0,-1,0,38.309658,43,Replayed,5.0
-38.0,0.0,1,0,22.551798,43,Replayed,38.0
-1.0,0.0,1,0,54.74218,43,Replayed,1.0
3.0,1.0,1,1,56.64605,43,Replayed,3.0
3.0,0.0,1,1,58.112843,43,Replayed,3.0
-9.0,0.0,-1,1,52.120472,43,Replayed,9.0
-9.0,1.0,-1,1,50.298164,43,Replayed,9.0
-38.0,1.0,-1,1,75.182106,43,Replayed,38.0
3.0,0.0,-1,0,40.08829,43,Replayed,3.0
3.0,0.0,-1,0,41.420086,43,Replayed,3.0
1.0,0.0,1,1,56.745644,43,Replayed,1.0
9.0,1.0,1,1,62.428577,43,Replayed,9.0
-3.0,0.0,1,0,52.80946,43,Replayed,3.0
3.0,-1.0,-1,0,41.781776,43,Replayed,3.0
5.0,1.0,1,1,58.37204,43,Replayed,5.0
-3.0,1.0,1,0,52.42768,43,Replayed,3.0
3.0,1.0,1,1,57.566006,43,Replayed,3.0
-9.0,1.0,1,0,46.054455,43,Replayed,9.0
5.0,-1.0,1,1,60.270508,43,Replayed,5.0
5.0,1.0,1,1,59.070744,43,Replayed,5.0
-9.0,-1.0,1,0,48.863976,43,Replayed,9.0
-38.0,1.0,-1,1,74.75484,43,Replayed,38.0
9.0,0.0,1,1,63.786392,43,Replayed,9.0
-3.0,1.0,1,0,51.17383,43,Replayed,3.0
5.0,1.0,1,1,58.975853,43,Replayed,5.0
1.0,0.0,1,1,56.36254,43,Replayed,1.0
3.0,-1.0,1,1,59.406048,43,Replayed,3.0
-3.0,1.0,1,0,51.557076,43,Replayed,3.0
38.0,1.0,1,1,83.09462,43,Replayed,38.0
5.0,-1.0,1,1,60.60251,43,Replayed,5.0
1.0,-1.0,1,1,57.218094,43,Replayed,1.0
-9.0,1.0,1,0,46.26808,43,Replayed,9.0
-9.0,1.0,1,0,45.69084,43,Replayed,9.0
1.0,1.0,1,1,54.726845,43,Replayed,1.0
-9.0,-1.0,-1,1,53.043377,43,Replayed,9.0
38.0,-1.0,1,1,84.30585,43,Replayed,38.0
-5.0,-1.0,-1,1,48.19526,43,Replayed,5.0
-3.0,-1.0,1,0,52.032505,43,Replayed,3.0
38.0,-1.0,1,1,84.69926,43,Replayed,38.0
-9.0,0.0,1,0,46.680344,43,Replayed,9.0
-5.0,1.0,1,0,50.094326,43,Replayed,5.0
-3.0,-1.0,1,0,52.386868,43,Replayed,3.0
38.0,1.0,1,1,83.481415,43,Replayed,38.0
38.0,1.0,1,1,83.54256,43,Replayed,38.0
-1.0,0.0,1,0,54.02134,43,Replayed,1.0
3.0,0.0,-1,0,40.638954,43,Replayed,3.0
9.0,1.0,-1,0,34.477238,43,Replayed,9.0
9.0,-1.0,-1,0,35.244587,43,Replayed,9.0
-9.0,-1.0,1,0,48.099785,43,Replayed,9.0
38.0,-1.0,1,1,84.67112,43,Replayed,38.0
-5.0,1.0,-1,1,86.44454,44,Replayed,5.0
-3.0,1.0,1,0,86.56078,44,Replayed,3.0
-1.0,1.0,-1,1,83.88984,44,Replayed,1.0
-3.0,-1.0,1,0,86.06628,44,Replayed,3.0
1.0,-1.0,1,1,85.97697,44,Replayed,1.0
1.0,-1.0,1,1,86.32797,44,Replayed,1.0
9.0,-1.0,1,1,90.29,44,Replayed,9.0
-38.0,-1.0,-1,1,97.38104,44,Replayed,38.0
38.0,-1.0,1,1,97.86052,44,Replayed,38.0
1.0,1.0,1,1,87.38595,44,Replayed,1.0
38.0,-1.0,1,1,97.99703,44,Replayed,38.0
3.0,1.0,1,1,89.002075,44,Replayed,3.0
-9.0,-1.0,-1,1,87.94926,44,Replayed,9.0
9.0,0.0,-1,0,83.659225,44,Replayed,9.0
-38.0,0.0,-1,1,97.74456,44,Replayed,38.0
1.0,0.0,1,1,87.355446,44,Replayed,1.0
-38.0,1.0,-1,1,97.53942,44,Replayed,38.0
5.0,1.0,-1,0,83.8229,44,Replayed,5.0
5.0,-1.0,1,1,88.41984,44,Replayed,5.0
1.0,-1.0,1,1,86.09641,44,Replayed,1.0
-1.0,1.0,1,0,86.748245,44,Replayed,1.0
-5.0,1.0,-1,1,87.50346,44,Replayed,5.0
3.0,1.0,-1,0,84.19562,44,Replayed,3.0
5.0,0.0,1,1,89.118935,44,Replayed,5.0
38.0,1.0,1,1,98.072845,44,Replayed,38.0
3.0,-1.0,1,1,86.641525,44,Replayed,3.0
-9.0,0.0,-1,1,88.55389,44,Replayed,9.0
1.0,0.0,1,1,87.02828,44,Replayed,1.0
-9.0,1.0,1,0,86.45156,44,Replayed,9.0
3.0,-1.0,1,1,87.618195,44,Replayed,3.0
3.0,0.0,1,1,88.03359,44,Replayed,3.0
38.0,1.0,1,1,98.20098,44,Replayed,38.0
-1.0,0.0,1,0,86.514755,44,Replayed,1.0
3.0,-1.0,1,1,87.79238,44,Replayed,3.0
38.0,1.0,1,1,98.2547,44,Replayed,38.0
-38.0,1.0,1,0,85.922455,44,Replayed,38.0
-1.0,0.0,1,0,85.73651,44,Replayed,1.0
38.0,1.0,1,1,98.16914,44,Replayed,38.0
-3.0,-1.0,-1,1,84.91983,44,Replayed,3.0
-3.0,0.0,-1,1,85.22177,44,Replayed,3.0
-1.0,1.0,-1,1,84.44942,44,Replayed,1.0
-1.0,1.0,-1,1,84.888145,44,Replayed,1.0
1.0,-1.0,1,1,85.43405,44,Replayed,1.0
-38.0,-1.0,-1,1,97.26737,44,Replayed,38.0
1.0,1.0,-1,0,83.38344,44,Replayed,1.0
38.0,0.0,1,1,98.167244,44,Replayed,38.0
-1.0,1.0,1,0,86.46273,44,Replayed,1.0
-1.0,1.0,-1,1,84.95,44,Replayed,1.0
-9.0,-1.0,1,0,85.3751,44,Replayed,9.0
3.0,-1.0,-1,0,83.08082,44,Replayed,3.0
-1.0,-1.0,1,0,85.44028,44,Replayed,1.0
-5.0,0.0,1,0,86.14891,44,Replayed,5.0
-3.0,-1.0,1,0,85.39059,44,Replayed,3.0
5.0,-1.0,1,1,87.82852,44,Replayed,5.0
-1.0,0.0,-1,1,84.42534,44,Replayed,1.0
9.0,-1.0,-1,0,82.5236,44,Replayed,9.0
1.0,-1.0,1,1,86.04801,44,Replayed,1.0
-1.0,-1.0,-1,1,83.704926,44,Replayed,1.0
1.0,1.0,1,1,87.65385,44,Replayed,1.0
38.0,0.0,1,1,98.11067,44,Replayed,38.0
5.0,-1.0,1,1,88.58358,44,Replayed,5.0
5.0,0.0,-1,0,83.65427,44,Replayed,5.0
5.0,1.0,1,1,88.782555,44,Replayed,5.0
9.0,-1.0,1,1,90.44108,44,Replayed,9.0
-5.0,-1.0,1,0,85.61124,44,Replayed,5.0
-3.0,0.0,-1,1,84.73546,44,Replayed,3.0
3.0,0.0,1,1,88.31585,44,Replayed,3.0
3.0,-1.0,1,1,87.02013,44,Replayed,3.0
-1.0,1.0,-1,1,84.31142,44,Replayed,1.0
-38.0,0.0,-1,1,97.72113,44,Replayed,38.0
9.0,0.0,1,1,90.880104,44,Replayed,9.0
9.0,1.0,-1,0,83.84001,44,Replayed,9.0
-5.0,-1.0,-1,1,85.59057,44,Replayed,5.0
-5.0,-1.0,1,0,85.662186,44,Replayed,5.0
-9.0,1.0,-1,1,89.001526,44,Replayed,9.0
-5.0,0.0,-1,1,86.25106,44,Replayed,5.0
3.0,1.0,1,1,88.45262,44,Replayed,3.0
1.0,1.0,-1,0,84.03192,44,Replayed,1.0
-9.0,0.0,-1,1,89.83018,44,Replayed,9.0
3.0,1.0,1,1,88.29652,44,Replayed,3.0
-38.0,1.0,-1,1,97.59499,44,Replayed,38.0
-9.0,-1.0,-1,1,87.68498,44,Replayed,9.0
9.0,0.0,1,1,90.893715,44,Replayed,9.0
9.0,0.0,1,1,91.05255,44,Replayed,9.0
1.0,1.0,-1,0,82.83364,44,Replayed,1.0
-3.0,0.0,-1,1,85.82524,44,Replayed,3.0
5.0,0.0,1,1,89.989624,44,Replayed,5.0
1.0,0.0,1,1,87.480995,44,Replayed,1.0
9.0,1.0,1,1,91.007,44,Replayed,9.0
-1.0,0.0,-1,1,83.35469,44,Replayed,1.0
3.0,-1.0,1,1,87.58102,44,Replayed,3.0
3.0,1.0,1,1,87.96538,44,Replayed,3.0
-9.0,1.0,-1,1,88.88024,44,Replayed,9.0
9.0,0.0,1,1,90.72553,44,Replayed,9.0
-3.0,-1.0,-1,1,84.63763,44,Replayed,3.0
-5.0,1.0,-1,1,87.1853,44,Replayed,5.0
5.0,-1.0,1,1,87.92666,44,Replayed,5.0
-5.0,0.0,1,0,86.56038,44,Replayed,5.0
3.0,0.0,-1,0,82.84638,44,Replayed,3.0
-5.0,0.0,1,0,86.50706,44,Replayed,5.0
-38.0,-1.0,1,0,84.00808,44,Replayed,38.0
1.0,-1.0,1,1,85.978226,44,Replayed,1.0
-9.0,-1.0,-1,1,88.49552,44,Replayed,9.0
-38.0,1.0,-1,1,97.57863,44,Replayed,38.0
9.0,-1.0,1,1,90.19906,44,Replayed,9.0
9.0,1.0,-1,0,83.87322,44,Replayed,9.0
38.0,1.0,1,1,98.24909,44,Replayed,38.0
38.0,-1.0,1,1,97.99213,44,Replayed,38.0
-5.0,-1.0,1,0,84.98831,44,Replayed,5.0
38.0,0.0,1,1,98.321,44,Replayed,38.0
-9.0,-1.0,1,0,85.5886,44,Replayed,9.0
-3.0,1.0,-1,1,85.29823,44,Replayed,3.0
3.0,0.0,-1,0,83.20569,44,Replayed,3.0
1.0,1.0,1,1,87.67333,44,Replayed,1.0
-5.0,-1.0,1,0,85.48227,44,Replayed,5.0
-5.0,-1.0,-1,1,85.76299,44,Replayed,5.0
1.0,-1.0,1,1,85.013725,44,Replayed,1.0
-5.0,0.0,-1,1,86.97533,44,Replayed,5.0
1.0,0.0,1,1,86.92214,44,Replayed,1.0
-5.0,-1.0,1,0,85.112755,44,Replayed,5.0
3.0,1.0,-1,0,84.128296,44,Replayed,3.0
5.0,-1.0,-1,0,82.83535,44,Replayed,5.0
5.0,0.0,-1,0,83.75006,44,Replayed,5.0
38.0,-1.0,1,1,97.83832,44,Replayed,38.0
-1.0,0.0,1,0,86.22116,44,Replayed,1.0
9.0,0.0,1,1,91.23986,44,Replayed,9.0
-3.0,-1.0,1,0,85.76683,44,Replayed,3.0
38.0,-1.0,1,1,98.07371,44,Replayed,38.0
-3.0,1.0,-1,1,85.63059,44,Replayed,3.0
38.0,1.0,1,1,98.08173,44,Replayed,38.0
3.0,0.0,-1,0,82.47505,44,Replayed,3.0
-3.0,0.0,-1,1,85.378426,44,Replayed,3.0
-9.0,-1.0,-1,1,87.732864,44,Replayed,9.0
-1.0,-1.0,-1,1,84.118324,44,Replayed,1.0
-3.0,1.0,1,0,87.043724,44,Replayed,3.0
-38.0,0.0,-1,1,97.59841,44,Replayed,38.0
9.0,-1.0,1,1,90.06964,44,Replayed,9.0
-1.0,-1.0,-1,1,82.19269,44,Replayed,1.0
-3.0,-1.0,-1,1,84.03369,44,Replayed,3.0
-3.0,1.0,1,0,86.127014,44,Replayed,3.0
5.0,1.0,-1,0,84.08646,44,Replayed,5.0
38.0,-1.0,1,1,97.99389,44,Replayed,38.0
38.0,-1.0,1,1,97.74259,44,Replayed,38.0
-3.0,0.0,1,0,85.78661,44,Replayed,3.0
-9.0,-1.0,1,0,85.67456,44,Replayed,9.0
-9.0,1.0,1,0,86.84852,44,Replayed,9.0
1.0,1.0,1,1,87.28145,44,Replayed,1.0
38.0,1.0,-1,0,84.01534,44,Replayed,38.0
9.0,1.0,1,1,91.23183,44,Replayed,9.0
-1.0,-1.0,-1,1,83.22181,44,Replayed,1.0
-9.0,0.0,1,0,86.645935,44,Replayed,9.0
38.0,1.0,1,1,98.25368,44,Replayed,38.0
9.0,0.0,1,1,91.24553,44,Replayed,9.0
-3.0,-1.0,1,0,85.35921,44,Replayed,3.0
-3.0,1.0,1,0,85.919914,44,Replayed,3.0
-38.0,1.0,-1,1,97.64309,44,Replayed,38.0
38.0,0.0,1,1,98.09701,44,Replayed,38.0
9.0,-1.0,-1,0,82.474266,44,Replayed,9.0
-3.0,0.0,1,0,86.60084,44,Replayed,3.0
38.0,0.0,1,1,98.07755,44,Replayed,38.0
-9.0,0.0,1,0,85.82371,44,Replayed,9.0
5.0,1.0,-1,0,84.47854,44,Replayed,5.0
-3.0,0.0,1,0,86.6676,44,Replayed,3.0
-5.0,1.0,1,0,87.580734,44,Replayed,5.0
-3.0,1.0,1,0,86.51882,44,Replayed,3.0
-9.0,1.0,1,0,86.483986,44,Replayed,9.0
9.0,1.0,1,1,90.91649,44,Replayed,9.0
-1.0,0.0,1,0,86.294815,44,Replayed,1.0
9.0,-1.0,-1,0,83.18488,44,Replayed,9.0
5.0,-1.0,1,1,88.10853,44,Replayed,5.0
-9.0,1.0,1,0,85.5552,44,Replayed,9.0
3.0,-1.0,-1,0,82.783325,44,Replayed,3.0
1.0,0.0,-1,0,83.57467,44,Replayed,1.0
-1.0,-1.0,1,0,85.22125,44,Replayed,1.0
5.0,1.0,1,1,89.43645,44,Replayed,5.0
-1.0,1.0,-1,1,83.672424,44,Replayed,1.0
-5.0,0.0,-1,1,86.076096,44,Replayed,5.0
3.0,0.0,1,1,87.42007,44,Replayed,3.0
-38.0,0.0,-1,1,97.652756,44,Replayed,38.0
-38.0,0.0,-1,1,97.443184,44,Replayed,38.0
-9.0,0.0,-1,1,88.589584,44,Replayed,9.0
-5.0,1.0,1,0,87.13717,44,Replayed,5.0
38.0,0.0,1,1,98.233864,44,Replayed,38.0
-38.0,-1.0,-1,1,97.1264,44,Replayed,38.0
-38.0,-1.0,-1,1,97.36428,44,Replayed,38.0
3.0,-1.0,1,1,87.19082,44,Replayed,3.0
38.0,-1.0,1,1,97.90438,44,Replayed,38.0
9.0,1.0,1,1,90.87668,44,Replayed,9.0
3.0,0.0,1,1,88.14926,44,Replayed,3.0
-38.0,-1.0,-1,1,97.3502,44,Replayed,38.0
-3.0,1.0,-1,1,85.63675,44,Replayed,3.0
-5.0,0.0,1,0,85.68114,44,Replayed,5.0
-38.0,-1.0,1,0,84.68183,44,Replayed,38.0
1.0,1.0,1,1,86.26544,44,Replayed,1.0
-9.0,0.0,1,0,86.81932,44,Replayed,9.0
9.0,1.0,1,1,91.596756,44,Replayed,9.0
-38.0,1.0,-1,1,97.776505,44,Replayed,38.0
-1.0,-1.0,1,0,86.08344,44,Replayed,1.0
-3.0,-1.0,1,0,85.87234,44,Replayed,3.0
-1.0,0.0,1,0,85.95389,44,Replayed,1.0
-9.0,0.0,1,0,86.37949,44,Replayed,9.0
-3.0,0.0,1,0,86.053406,44,Replayed,3.0
-38.0,1.0,1,0,86.566536,44,Replayed,38.0
5.0,0.0,1,1,89.27434,44,Replayed,5.0
-5.0,0.0,-1,1,86.37628,44,Replayed,5.0
9.0,-1.0,1,1,90.67316,44,Replayed,9.0
3.0,1.0,1,1,88.36931,44,Replayed,3.0
-5.0,1.0,1,0,86.87596,44,Replayed,5.0
-1.0,0.0,-1,1,84.51934,44,Replayed,1.0
9.0,0.0,1,1,90.823105,44,Replayed,9.0
-38.0,0.0,-1,1,97.48875,44,Replayed,38.0
5.0,0.0,1,1,88.45695,44,Replayed,5.0
38.0,0.0,1,1,98.10439,44,Replayed,38.0
5.0,1.0,1,1,89.378975,44,Replayed,5.0
-9.0,-1.0,1,0,85.92229,44,Replayed,9.0
-38.0,0.0,-1,1,97.55191,44,Replayed,38.0
3.0,0.0,1,1,87.67233,44,Replayed,3.0
1.0,0.0,1,1,87.343094,44,Replayed,1.0
5.0,0.0,1,1,89.37091,44,Replayed,5.0
-5.0,1.0,1,0,87.10541,44,Replayed,5.0
-9.0,1.0,1,0,85.86421,44,Replayed,9.0
5.0,0.0,1,1,89.18225,44,Replayed,5.0
1.0,0.0,1,1,87.055756,44,Replayed,1.0
-5.0,-1.0,1,0,84.68597,44,Replayed,5.0
-38.0,-1.0,-1,1,97.07967,44,Replayed,38.0
38.0,0.0,1,1,98.170685,44,Replayed,38.0
5.0,1.0,-1,0,83.6779,44,Replayed,5.0
5.0,-1.0,1,1,88.67134,44,Replayed,5.0
-38.0,0.0,-1,1,97.58057,44,Replayed,38.0
9.0,1.0,1,1,91.16022,44,Replayed,9.0
5.0,-1.0,1,1,88.16153,44,Replayed,5.0
-9.0,1.0,1,0,86.341255,44,Replayed,9.0
1.0,0.0,-1,0,83.43454,44,Replayed,1.0
-38.0,1.0,1,0,87.15978,44,Replayed,38.0
1.0,-1.0,1,1,85.59615,44,Replayed,1.0
-5.0,1.0,1,0,86.91327,44,Replayed,5.0
-1.0,-1.0,-1,1,82.92671,44,Replayed,1.0
5.0,1.0,1,1,89.0492,44,Replayed,5.0
3.0,1.0,-1,0,83.8727,44,Replayed,3.0
-9.0,0.0,1,0,86.856,44,Replayed,9.0
-3.0,-1.0,-1,1,54.95066,45,Replayed,3.0
38.0,1.0,1,1,99.96187,45,Replayed,38.0
5.0,0.0,1,1,75.14655,45,Replayed,5.0
3.0,1.0,-1,0,68.63497,45,Replayed,3.0
38.0,-1.0,1,1,98.35866,45,Replayed,38.0
9.0,0.0,1,1,84.14076,45,Replayed,9.0
38.0,-1.0,1,1,98.42264,45,Replayed,38.0
-1.0,-1.0,1,0,45.474632,45,Replayed,1.0
-38.0,0.0,-1,1,99.7953,45,Replayed,38.0
1.0,-1.0,-1,0,46.908318,45,Replayed,1.0
9.0,1.0,1,1,91.27757,45,Replayed,9.0
-9.0,0.0,1,0,44.977783,45,Replayed,9.0
38.0,0.0,1,1,99.782524,45,Replayed,38.0
1.0,0.0,-1,0,59.414333,45,Replayed,1.0
-1.0,1.0,1,0,69.77609,45,Replayed,1.0
5.0,-1.0,-1,0,36.66452,45,Replayed,5.0
-3.0,-1.0,-1,1,56.57251,45,Replayed,3.0
-1.0,1.0,-1,1,74.26421,45,Replayed,1.0
-1.0,-1.0,1,0,45.913696,45,Replayed,1.0
9.0,0.0,1,1,83.30028,45,Replayed,9.0
-1.0,1.0,-1,1,74.500854,45,Replayed,1.0
-38.0,-1.0,-1,1,98.3812,45,Replayed,38.0
1.0,-1.0,-1,0,46.596348,45,Replayed,1.0
9.0,-1.0,1,1,70.064735,45,Replayed,9.0
-38.0,-1.0,-1,1,98.31618,45,Replayed,38.0
-5.0,1.0,-1,1,84.79141,45,Replayed,5.0
-5.0,0.0,-1,1,75.13451,45,Replayed,5.0
-1.0,0.0,-1,1,64.46031,45,Replayed,1.0
1.0,-1.0,1,1,50.7772,45,Replayed,1.0
1.0,1.0,-1,0,70.7841,45,Replayed,1.0
-3.0,1.0,-1,1,79.66056,45,Replayed,3.0
-5.0,0.0,-1,1,75.21254,45,Replayed,5.0
-9.0,1.0,-1,1,91.35549,45,Replayed,9.0
-1.0,-1.0,1,0,46.740257,45,Replayed,1.0
38.0,-1.0,1,1,98.358,45,Replayed,38.0
5.0,0.0,1,1,75.68032,45,Replayed,5.0
-9.0,1.0,-1,1,91.216644,45,Replayed,9.0
-9.0,-1.0,-1,1,69.37766,45,Replayed,9.0
38.0,1.0,1,1,99.9641,45,Replayed,38.0
1.0,0.0,1,1,65.52069,45,Replayed,1.0
38.0,0.0,1,1,99.79578,45,Replayed,38.0
3.0,0.0,-1,0,55.32781,45,Replayed,3.0
5.0,-1.0,1,1,60.564888,45,Replayed,5.0
1.0,0.0,-1,0,58.985035,45,Replayed,1.0
5.0,-1.0,1,1,61.351906,45,Replayed,5.0
-9.0,-1.0,-1,1,69.198235,45,Replayed,9.0
-3.0,0.0,-1,1,69.91486,45,Replayed,3.0
-3.0,-1.0,-1,1,55.574173,45,Replayed,3.0
-38.0,-1.0,-1,1,98.47129,45,Replayed,38.0
5.0,1.0,-1,0,65.19616,45,Replayed,5.0
-3.0,-1.0,1,0,41.032295,45,Replayed,3.0
9.0,-1.0,1,1,70.07488,45,Replayed,9.0
-3.0,1.0,-1,1,79.76897,45,Replayed,3.0
3.0,-1.0,-1,0,40.010033,45,Replayed,3.0
-5.0,0.0,-1,1,75.06542,45,Replayed,5.0
-9.0,0.0,-1,1,84.15538,45,Replayed,9.0
-1.0,-1.0,1,0,46.0489,45,Replayed,1.0
3.0,-1.0,1,1,55.414764,45,Replayed,3.0
38.0,1.0,1,1,99.96494,45,Replayed,38.0
-5.0,1.0,-1,1,84.67947,45,Replayed,5.0
-38.0,0.0,-1,1,99.81,45,Replayed,38.0
38.0,-1.0,1,1,98.34038,45,Replayed,38.0
-38.0,-1.0,-1,1,98.34485,45,Replayed,38.0
-3.0,0.0,-1,1,69.84563,45,Replayed,3.0
1.0,-1.0,1,1,50.741272,45,Replayed,1.0
-5.0,-1.0,1,0,35.754395,45,Replayed,5.0
3.0,0.0,-1,0,55.70432,45,Replayed,3.0
-5.0,0.0,-1,1,75.36652,45,Replayed,5.0
9.0,1.0,1,1,91.298065,45,Replayed,9.0
-5.0,0.0,1,0,52.326275,45,Replayed,5.0
-1.0,0.0,-1,1,64.324615,45,Replayed,1.0
-5.0,-1.0,1,0,35.284454,45,Replayed,5.0
-9.0,1.0,-1,1,91.19722,45,Replayed,9.0
-38.0,1.0,-1,1,99.96301,45,Replayed,38.0
-38.0,1.0,-1,1,99.96203,45,Replayed,38.0
-5.0,-1.0,-1,1,60.94594,45,Replayed,5.0
1.0,0.0,1,1,63.29667,45,Replayed,1.0
-1.0,1.0,-1,1,74.60191,45,Replayed,1.0
38.0,0.0,1,1,99.79855,45,Replayed,38.0
9.0,1.0,1,1,91.4553,45,Replayed,9.0
-3.0,1.0,1,0,67.90685,45,Replayed,3.0
-1.0,0.0,1,0,59.69451,45,Replayed,1.0
-9.0,0.0,-1,1,83.52354,45,Replayed,9.0
-3.0,-1.0,-1,1,56.13451,45,Replayed,3.0
3.0,-1.0,1,1,55.9748,45,Replayed,3.0
-3.0,0.0,-1,1,69.79801,45,Replayed,3.0
-38.0,-1.0,-1,1,98.29681,45,Replayed,38.0
38.0,-1.0,1,1,98.366394,45,Replayed,38.0
5.0,-1.0,1,1,60.42316,45,Replayed,5.0
38.0,-1.0,1,1,98.45607,45,Replayed,38.0
9.0,0.0,1,1,84.29214,45,Replayed,9.0
-5.0,1.0,-1,1,84.650406,45,Replayed,5.0
-3.0,-1.0,1,0,40.902435,45,Replayed,3.0
-9.0,-1.0,-1,1,69.38301,45,Replayed,9.0
5.0,1.0,1,1,84.98911,45,Replayed,5.0
3.0,0.0,1,1,70.3096,45,Replayed,3.0
-9.0,1.0,-1,1,91.39589,45,Replayed,9.0
9.0,0.0,1,1,84.08248,45,Replayed,9.0
3.0,-1.0,1,1,55.999584,45,Replayed,3.0
5.0,1.0,1,1,84.950554,45,Replayed,5.0
1.0,-1.0,1,1,51.76153,45,Replayed,1.0
-3.0,-1.0,-1,1,56.29582,45,Replayed,3.0
-38.0,0.0,-1,1,99.804184,45,Replayed,38.0
1.0,1.0,1,1,74.56742,45,Replayed,1.0
-5.0,-1.0,-1,1,61.061073,45,Replayed,5.0
-5.0,1.0,-1,1,84.357925,45,Replayed,5.0
-9.0,0.0,-1,1,84.08669,45,Replayed,9.0
3.0,0.0,1,1,69.35648,45,Replayed,3.0
5.0,-1.0,1,1,59.74706,45,Replayed,5.0
3.0,-1.0,-1,0,41.172527,45,Replayed,3.0
-1.0,-1.0,-1,1,50.64021,45,Replayed,1.0
3.0,1.0,-1,0,67.19664,45,Replayed,3.0
-9.0,-1.0,-1,1,70.69813,45,Replayed,9.0
1.0,1.0,1,1,74.85582,45,Replayed,1.0
5.0,-1.0,1,1,60.451496,45,Replayed,5.0
9.0,0.0,1,1,83.96409,45,Replayed,9.0
-3.0,0.0,-1,1,69.84988,45,Replayed,3.0
-38.0,1.0,-1,1,99.96068,45,Replayed,38.0
9.0,-1.0,1,1,70.3181,45,Replayed,9.0
9.0,-1.0,1,1,69.28962,45,Replayed,9.0
-3.0,1.0,-1,1,79.88539,45,Replayed,3.0
-5.0,-1.0,-1,1,60.21811,45,Replayed,5.0
-3.0,1.0,1,0,67.83752,45,Replayed,3.0
-9.0,-1.0,-1,1,69.231705,45,Replayed,9.0
-5.0,1.0,-1,1,84.17578,45,Replayed,5.0
-5.0,-1.0,-1,1,60.969265,45,Replayed,5.0
5.0,1.0,1,1,84.140366,45,Replayed,5.0
3.0,1.0,1,1,79.42127,45,Replayed,3.0
5.0,0.0,1,1,75.211044,45,Replayed,5.0
1.0,1.0,1,1,74.53474,45,Replayed,1.0
3.0,-1.0,1,1,56.55299,45,Replayed,3.0
9.0,-1.0,1,1,70.82792,45,Replayed,9.0
-5.0,0.0,-1,1,74.53496,45,Replayed,5.0
-38.0,1.0,-1,1,99.96431,45,Replayed,38.0
9.0,0.0,-1,0,45.4058,45,Replayed,9.0
3.0,-1.0,-1,0,40.911407,45,Replayed,3.0
-3.0,0.0,1,0,55.78714,45,Replayed,3.0
-38.0,0.0,-1,1,99.7866,45,Replayed,38.0
5.0,-1.0,1,1,61.175842,45,Replayed,5.0
-1.0,0.0,1,0,59.84694,45,Replayed,1.0
-3.0,-1.0,-1,1,56.137024,45,Replayed,3.0
1.0,-1.0,-1,0,46.507854,45,Replayed,1.0
-3.0,0.0,-1,1,70.42497,45,Replayed,3.0
-9.0,0.0,-1,1,83.07455,45,Replayed,9.0
-38.0,-1.0,-1,1,98.393486,45,Replayed,38.0
1.0,1.0,1,1,74.61948,45,Replayed,1.0
9.0,1.0,1,1,91.239586,45,Replayed,9.0
38.0,0.0,1,1,99.79676,45,Replayed,38.0
5.0,0.0,1,1,76.135864,45,Replayed,5.0
3.0,1.0,1,1,79.55776,45,Replayed,3.0
-9.0,-1.0,-1,1,70.12754,45,Replayed,9.0
5.0,1.0,-1,0,65.31712,45,Replayed,5.0
38.0,1.0,1,1,99.96315,45,Replayed,38.0
-9.0,-1.0,-1,1,70.03539,45,Replayed,9.0
3.0,0.0,1,1,70.03098,45,Replayed,3.0
-3.0,0.0,1,0,56.711178,45,Replayed,3.0
1.0,-1.0,-1,0,46.149178,45,Replayed,1.0
1.0,0.0,1,1,63.811462,45,Replayed,1.0
38.0,1.0,1,1,99.96285,45,Replayed,38.0
1.0,1.0,1,1,74.41369,45,Replayed,1.0
3.0,0.0,1,1,69.58348,45,Replayed,3.0
-38.0,0.0,-1,1,99.80213,45,Replayed,38.0
3.0,0.0,1,1,69.864944,45,Replayed,3.0
-9.0,0.0,-1,1,83.19709,45,Replayed,9.0
-5.0,1.0,-1,1,84.35475,45,Replayed,5.0
-3.0,0.0,-1,1,70.83677,45,Replayed,3.0
-3.0,1.0,-1,1,80.37877,45,Replayed,3.0
1.0,0.0,1,1,65.04637,45,Replayed,1.0
-1.0,0.0,1,0,59.83091,45,Replayed,1.0
38.0,-1.0,1,1,98.45147,45,Replayed,38.0
9.0,-1.0,-1,0,27.436563,45,Replayed,9.0
-1.0,1.0,1,0,71.62025,45,Replayed,1.0
-5.0,1.0,1,0,65.67661,45,Replayed,5.0
38.0,1.0,1,1,99.96652,45,Replayed,38.0
-1.0,1.0,-1,1,75.05367,45,Replayed,1.0
-38.0,1.0,-1,1,99.96527,45,Replayed,38.0
-1.0,1.0,-1,1,74.703606,45,Replayed,1.0
-1.0,-1.0,1,0,46.73873,45,Replayed,1.0
-5.0,-1.0,-1,1,61.161327,45,Replayed,5.0
9.0,-1.0,1,1,69.230606,45,Replayed,9.0
-1.0,-1.0,1,0,46.6375,45,Replayed,1.0
-38.0,-1.0,-1,1,98.299484,45,Replayed,38.0
-38.0,1.0,-1,1,99.96704,45,Replayed,38.0
-1.0,0.0,-1,1,64.48275,45,Replayed,1.0
5.0,1.0,-1,0,66.108086,45,Replayed,5.0
5.0,-1.0,1,1,61.34861,45,Replayed,5.0
-1.0,0.0,1,0,59.691788,45,Replayed,1.0
-38.0,-1.0,-1,1,98.483505,45,Replayed,38.0
5.0,1.0,1,1,84.10272,45,Replayed,5.0
9.0,1.0,-1,0,61.804443,45,Replayed,9.0
-1.0,1.0,-1,1,74.43721,45,Replayed,1.0
38.0,0.0,1,1,99.80503,45,Replayed,38.0
-9.0,1.0,-1,1,90.895935,45,Replayed,9.0
38.0,1.0,1,1,99.960236,45,Replayed,38.0
1.0,1.0,-1,0,69.5768,45,Replayed,1.0
38.0,0.0,1,1,99.79387,45,Replayed,38.0
38.0,1.0,1,1,99.96587,45,Replayed,38.0
-9.0,0.0,-1,1,83.946335,45,Replayed,9.0
-3.0,1.0,-1,1,80.51659,45,Replayed,3.0
-38.0,0.0,-1,1,99.811264,45,Replayed,38.0
-5.0,0.0,-1,1,74.84571,45,Replayed,5.0
9.0,0.0,1,1,84.11284,45,Replayed,9.0
3.0,1.0,1,1,80.12811,45,Replayed,3.0
5.0,1.0,1,1,84.31427,45,Replayed,5.0
5.0,0.0,-1,0,52.56979,45,Replayed,5.0
38.0,0.0,1,1,99.79878,45,Replayed,38.0
-5.0,0.0,1,0,52.44877,45,Replayed,5.0
1.0,0.0,1,1,64.13354,45,Replayed,1.0
-9.0,-1.0,-1,1,70.318344,45,Replayed,9.0
-38.0,0.0,-1,1,99.80719,45,Replayed,38.0
3.0,1.0,1,1,80.20487,45,Replayed,3.0
1.0,1.0,-1,0,70.24678,45,Replayed,1.0
-5.0,1.0,-1,1,84.15928,45,Replayed,5.0
5.0,0.0,1,1,74.771095,45,Replayed,5.0
-9.0,1.0,-1,1,90.865005,45,Replayed,9.0
3.0,-1.0,1,1,55.578148,45,Replayed,3.0
38.0,0.0,1,1,99.793076,45,Replayed,38.0
-1.0,-1.0,-1,1,50.707672,45,Replayed,1.0
-9.0,0.0,1,0,44.71575,45,Replayed,9.0
-38.0,1.0,-1,1,99.96141,45,Replayed,38.0
9.0,1.0,1,1,91.38698,45,Replayed,9.0
-38.0,1.0,-1,1,99.96614,45,Replayed,38.0
-9.0,1.0,-1,1,91.60945,45,Replayed,9.0
-9.0,1.0,-1,1,91.09682,45,Replayed,9.0
1.0,0.0,1,1,65.16677,45,Replayed,1.0
9.0,1.0,1,1,91.36672,45,Replayed,9.0
-3.0,1.0,-1,1,80.48953,45,Replayed,3.0
9.0,1.0,1,1,90.89768,45,Replayed,9.0
-5.0,-1.0,-1,1,60.546513,45,Replayed,5.0
38.0,-1.0,1,1,98.318665,45,Replayed,38.0
9.0,0.0,1,1,83.75488,45,Replayed,9.0
5.0,0.0,1,1,75.33346,45,Replayed,5.0
5.0,0.0,1,1,75.22556,45,Replayed,5.0
3.0,1.0,1,1,80.43008,45,Replayed,3.0
1.0,1.0,1,1,65.94387,46,Replayed,1.0
3.0,-1.0,-1,0,62.139458,46,Replayed,3.0
-3.0,-1.0,-1,1,78.639786,46,Replayed,3.0
-9.0,0.0,-1,1,89.48333,46,Replayed,9.0
9.0,-1.0,1,1,91.905685,46,Replayed,9.0
3.0,0.0,-1,0,57.21731,46,Replayed,3.0
9.0,-1.0,-1,0,47.557854,46,Replayed,9.0
-9.0,1.0,-1,1,87.49949,46,Replayed,9.0
1.0,0.0,1,1,69.16756,46,Replayed,1.0
-5.0,-1.0,-1,1,83.53829,46,Replayed,5.0
38.0,0.0,1,1,99.97378,46,Replayed,38.0
9.0,1.0,1,1,87.42877,46,Replayed,9.0
9.0,1.0,1,1,87.819885,46,Replayed,9.0
38.0,-1.0,1,1,99.982056,46,Replayed,38.0
1.0,1.0,1,1,65.03782,46,Replayed,1.0
38.0,0.0,1,1,99.97453,46,Replayed,38.0
5.0,0.0,-1,0,52.386803,46,Replayed,5.0
3.0,1.0,-1,0,53.840523,46,Replayed,3.0
-38.0,0.0,-1,1,99.974945,46,Replayed,38.0
9.0,-1.0,1,1,92.01361,46,Replayed,9.0
3.0,1.0,-1,0,51.99226,46,Replayed,3.0
-5.0,-1.0,-1,1,84.008484,46,Replayed,5.0
9.0,-1.0,1,1,92.01404,46,Replayed,9.0
-38.0,0.0,-1,1,99.974945,46,Replayed,38.0
5.0,0.0,1,1,81.43593,46,Replayed,5.0
1.0,1.0,-1,0,59.305435,46,Replayed,1.0
-5.0,0.0,-1,1,80.87928,46,Replayed,5.0
3.0,0.0,-1,0,57.69453,46,Replayed,3.0
9.0,0.0,1,1,90.333626,46,Replayed,9.0
-3.0,1.0,1,0,53.29485,46,Replayed,3.0
3.0,1.0,1,1,72.607544,46,Replayed,3.0
-5.0,1.0,-1,1,78.295105,46,Replayed,5.0
-9.0,0.0,-1,1,89.42296,46,Replayed,9.0
1.0,-1.0,1,1,72.5354,46,Replayed,1.0
5.0,0.0,1,1,80.59073,46,Replayed,5.0
-1.0,-1.0,-1,1,72.50283,46,Replayed,1.0
-38.0,0.0,-1,1,99.974266,46,Replayed,38.0
-1.0,1.0,-1,1,64.35964,46,Replayed,1.0
-1.0,1.0,-1,1,64.02629,46,Replayed,1.0
1.0,0.0,1,1,68.40698,46,Replayed,1.0
38.0,-1.0,1,1,99.98318,46,Replayed,38.0
-1.0,-1.0,1,0,65.828445,46,Replayed,1.0
-9.0,-1.0,-1,1,92.093956,46,Replayed,9.0
38.0,1.0,1,1,99.951614,46,Replayed,38.0
38.0,-1.0,1,1,99.98199,46,Replayed,38.0
3.0,1.0,1,1,72.45093,46,Replayed,3.0
5.0,0.0,1,1,81.981926,46,Replayed,5.0
3.0,-1.0,1,1,78.99309,46,Replayed,3.0
-38.0,1.0,-1,1,99.956474,46,Replayed,38.0
3.0,1.0,1,1,72.566376,46,Replayed,3.0
-1.0,1.0,1,0,60.104942,46,Replayed,1.0
5.0,1.0,1,1,78.02261,46,Replayed,5.0
9.0,0.0,1,1,89.81197,46,Replayed,9.0
3.0,1.0,1,1,71.79901,46,Replayed,3.0
5.0,1.0,1,1,78.29319,46,Replayed,5.0
-9.0,0.0,-1,1,90.55567,46,Replayed,9.0
1.0,0.0,-1,0,62.597794,46,Replayed,1.0
-3.0,1.0,1,0,53.18856,46,Replayed,3.0
38.0,-1.0,1,1,99.98364,46,Replayed,38.0
-1.0,1.0,-1,1,64.38973,46,Replayed,1.0
-5.0,1.0,-1,1,77.340385,46,Replayed,5.0
-5.0,1.0,-1,1,78.26001,46,Replayed,5.0
5.0,-1.0,1,1,84.87988,46,Replayed,5.0
-38.0,1.0,-1,1,99.955086,46,Replayed,38.0
9.0,-1.0,1,1,92.12793,46,Replayed,9.0
-9.0,0.0,-1,1,90.202805,46,Replayed,9.0
-9.0,0.0,-1,1,89.92111,46,Replayed,9.0
38.0,1.0,1,1,99.957054,46,Replayed,38.0
38.0,1.0,1,1,99.95409,46,Replayed,38.0
-5.0,0.0,-1,1,81.0962,46,Replayed,5.0
-9.0,-1.0,-1,1,91.91649,46,Replayed,9.0
5.0,1.0,1,1,78.664085,46,Replayed,5.0
3.0,-1.0,1,1,78.38377,46,Replayed,3.0
-1.0,1.0,1,0,58.92994,46,Replayed,1.0
1.0,1.0,-1,0,58.566223,46,Replayed,1.0
-5.0,-1.0,1,0,57.244213,46,Replayed,5.0
-1.0,0.0,-1,1,69.28246,46,Replayed,1.0
38.0,1.0,1,1,99.95851,46,Replayed,38.0
-9.0,-1.0,-1,1,91.66169,46,Replayed,9.0
-3.0,-1.0,-1,1,78.90985,46,Replayed,3.0
3.0,-1.0,1,1,78.73156,46,Replayed,3.0
5.0,-1.0,1,1,83.90055,46,Replayed,5.0
-38.0,-1.0,-1,1,99.98187,46,Replayed,38.0
5.0,0.0,1,1,81.15012,46,Replayed,5.0
-3.0,-1.0,-1,1,78.507225,46,Replayed,3.0
-5.0,1.0,-1,1,78.1466,46,Replayed,5.0
9.0,0.0,1,1,90.276695,46,Replayed,9.0
-38.0,0.0,-1,1,99.97186,46,Replayed,38.0
-1.0,-1.0,1,0,66.93776,46,Replayed,1.0
9.0,1.0,1,1,88.321014,46,Replayed,9.0
-3.0,-1.0,-1,1,78.50643,46,Replayed,3.0
-1.0,1.0,-1,1,64.72948,46,Replayed,1.0
-38.0,1.0,-1,1,99.95272,46,Replayed,38.0
38.0,-1.0,1,1,99.98176,46,Replayed,38.0
5.0,1.0,1,1,78.77718,46,Replayed,5.0
-1.0,-1.0,-1,1,71.69883,46,Replayed,1.0
-9.0,1.0,-1,1,86.71663,46,Replayed,9.0
9.0,-1.0,1,1,92.708496,46,Replayed,9.0
1.0,0.0,1,1,70.08377,46,Replayed,1.0
-9.0,1.0,-1,1,87.34953,46,Replayed,9.0
1.0,1.0,1,1,64.35033,46,Replayed,1.0
1.0,-1.0,-1,0,66.02866,46,Replayed,1.0
-9.0,1.0,-1,1,87.1162,46,Replayed,9.0
-38.0,1.0,-1,1,99.95467,46,Replayed,38.0
5.0,-1.0,-1,0,57.615055,46,Replayed,5.0
-3.0,1.0,-1,1,71.27199,46,Replayed,3.0
-3.0,-1.0,-1,1,78.69357,46,Replayed,3.0
-3.0,1.0,1,0,52.709343,46,Replayed,3.0
5.0,1.0,1,1,78.25594,46,Replayed,5.0
3.0,0.0,-1,0,57.927113,46,Replayed,3.0
5.0,1.0,1,1,78.600784,46,Replayed,5.0
9.0,1.0,1,1,87.695,46,Replayed,9.0
-5.0,-1.0,1,0,58.25774,46,Replayed,5.0
1.0,-1.0,1,1,73.05498,46,Replayed,1.0
3.0,1.0,1,1,72.12998,46,Replayed,3.0
38.0,0.0,1,1,99.974754,46,Replayed,38.0
9.0,0.0,1,1,89.96162,46,Replayed,9.0
-3.0,0.0,1,0,58.325386,46,Replayed,3.0
-3.0,0.0,-1,1,75.32383,46,Replayed,3.0
1.0,-1.0,1,1,72.442444,46,Replayed,1.0
-5.0,1.0,-1,1,77.79353,46,Replayed,5.0
1.0,0.0,-1,0,61.802505,46,Replayed,1.0
-1.0,1.0,-1,1,65.69088,46,Replayed,1.0
9.0,0.0,1,1,89.9888,46,Replayed,9.0
-1.0,0.0,-1,1,68.579956,46,Replayed,1.0
38.0,0.0,1,1,99.97399,46,Replayed,38.0
3.0,0.0,1,1,74.75787,46,Replayed,3.0
-3.0,1.0,-1,1,72.25395,46,Replayed,3.0
3.0,0.0,1,1,76.14623,46,Replayed,3.0
-5.0,-1.0,-1,1,84.298965,46,Replayed,5.0
-5.0,-1.0,1,0,56.90797,46,Replayed,5.0
1.0,1.0,1,1,65.482346,46,Replayed,1.0
9.0,1.0,1,1,87.53326,46,Replayed,9.0
-3.0,-1.0,-1,1,78.346214,46,Replayed,3.0
-38.0,-1.0,-1,1,99.98252,46,Replayed,38.0
38.0,-1.0,1,1,99.98177,46,Replayed,38.0
-1.0,0.0,-1,1,68.77372,46,Replayed,1.0
-38.0,1.0,-1,1,99.953476,46,Replayed,38.0
-5.0,0.0,1,0,53.475033,46,Replayed,5.0
38.0,1.0,1,1,99.953415,46,Replayed,38.0
-9.0,-1.0,-1,1,91.835686,46,Replayed,9.0
38.0,-1.0,1,1,99.98266,46,Replayed,38.0
-1.0,-1.0,-1,1,72.65621,46,Replayed,1.0
9.0,1.0,-1,0,36.951336,46,Replayed,9.0
9.0,0.0,1,1,90.349594,46,Replayed,9.0
-38.0,-1.0,-1,1,99.98161,46,Replayed,38.0
-5.0,0.0,-1,1,81.44938,46,Replayed,5.0
3.0,-1.0,1,1,79.750534,46,Replayed,3.0
-9.0,0.0,1,0,42.2847,46,Replayed,9.0
-9.0,1.0,-1,1,87.86522,46,Replayed,9.0
-9.0,-1.0,-1,1,92.19312,46,Replayed,9.0
1.0,0.0,1,1,69.49599,46,Replayed,1.0
-1.0,-1.0,-1,1,71.16622,46,Replayed,1.0
-5.0,0.0,-1,1,80.94056,46,Replayed,5.0
-3.0,0.0,-1,1,76.249435,46,Replayed,3.0
-3.0,1.0,-1,1,71.26996,46,Replayed,3.0
-38.0,-1.0,-1,1,99.98279,46,Replayed,38.0
5.0,0.0,-1,0,52.61007,46,Replayed,5.0
1.0,0.0,1,1,68.31128,46,Replayed,1.0
-3.0,0.0,1,0,58.310913,46,Replayed,3.0
38.0,1.0,1,1,99.95315,46,Replayed,38.0
3.0,1.0,1,1,72.80428,46,Replayed,3.0
9.0,-1.0,1,1,92.06484,46,Replayed,9.0
-3.0,0.0,1,0,57.441456,46,Replayed,3.0
3.0,-1.0,-1,0,61.52065,46,Replayed,3.0
9.0,0.0,1,1,90.33646,46,Replayed,9.0
-38.0,0.0,-1,1,99.97202,46,Replayed,38.0
-38.0,1.0,-1,1,99.95457,46,Replayed,38.0
1.0,1.0,-1,0,58.306236,46,Replayed,1.0
-1.0,0.0,-1,1,68.10078,46,Replayed,1.0
9.0,-1.0,1,1,92.253174,46,Replayed,9.0
38.0,-1.0,1,1,99.98147,46,Replayed,38.0
38.0,0.0,1,1,99.973976,46,Replayed,38.0
-38.0,-1.0,-1,1,99.98102,46,Replayed,38.0
-3.0,-1.0,1,0,62.39963,46,Replayed,3.0
-5.0,1.0,-1,1,77.36195,46,Replayed,5.0
-5.0,0.0,-1,1,80.58196,46,Replayed,5.0
-1.0,0.0,1,0,63.024616,46,Replayed,1.0
1.0,1.0,-1,0,57.673794,46,Replayed,1.0
5.0,-1.0,1,1,84.76373,46,Replayed,5.0
-3.0,-1.0,-1,1,78.95517,46,Replayed,3.0
-1.0,-1.0,-1,1,72.17539,46,Replayed,1.0
1.0,-1.0,1,1,73.105225,46,Replayed,1.0
-38.0,-1.0,-1,1,99.98191,46,Replayed,38.0
-5.0,0.0,1,0,54.113018,46,Replayed,5.0
-5.0,-1.0,-1,1,83.66117,46,Replayed,5.0
-5.0,1.0,-1,1,77.36896,46,Replayed,5.0
-38.0,0.0,-1,1,99.97007,46,Replayed,38.0
5.0,0.0,1,1,81.846146,46,Replayed,5.0
9.0,0.0,1,1,90.08572,46,Replayed,9.0
-1.0,-1.0,-1,1,71.93375,46,Replayed,1.0
3.0,-1.0,1,1,79.58244,46,Replayed,3.0
3.0,0.0,-1,0,58.16763,46,Replayed,3.0
-5.0,0.0,-1,1,80.544334,46,Replayed,5.0
3.0,0.0,1,1,76.55031,46,Replayed,3.0
-9.0,-1.0,-1,1,92.10306,46,Replayed,9.0
-3.0,0.0,-1,1,75.88021,46,Replayed,3.0
-38.0,0.0,-1,1,99.97185,46,Replayed,38.0
1.0,-1.0,1,1,72.594574,46,Replayed,1.0
38.0,0.0,1,1,99.9741,46,Replayed,38.0
5.0,0.0,-1,0,51.831688,46,Replayed,5.0
38.0,0.0,1,1,99.97517,46,Replayed,38.0
-9.0,1.0,-1,1,86.55005,46,Replayed,9.0
-9.0,1.0,1,0,37.112873,46,Replayed,9.0
1.0,0.0,1,1,68.80641,46,Replayed,1.0
3.0,-1.0,1,1,79.52343,46,Replayed,3.0
5.0,-1.0,1,1,84.76573,46,Replayed,5.0
5.0,-1.0,-1,0,57.494324,46,Replayed,5.0
-38.0,-1.0,-1,1,99.98098,46,Replayed,38.0
-38.0,0.0,-1,1,99.971436,46,Replayed,38.0
-9.0,-1.0,-1,1,91.62004,46,Replayed,9.0
-1.0,0.0,1,0,63.035904,46,Replayed,1.0
-5.0,1.0,1,0,47.818855,46,Replayed,5.0
5.0,-1.0,-1,0,58.09772,46,Replayed,5.0
-38.0,1.0,-1,1,99.951904,46,Replayed,38.0
38.0,1.0,1,1,99.9584,46,Replayed,38.0
9.0,1.0,1,1,87.43744,46,Replayed,9.0
38.0,1.0,1,1,99.9537,46,Replayed,38.0
-9.0,1.0,-1,1,87.20931,46,Replayed,9.0
-38.0,1.0,-1,1,99.95612,46,Replayed,38.0
1.0,-1.0,1,1,73.292114,46,Replayed,1.0
-3.0,0.0,1,0,57.43706,46,Replayed,3.0
-1.0,0.0,1,0,63.09529,46,Replayed,1.0
3.0,0.0,1,1,75.834595,46,Replayed,3.0
5.0,-1.0,-1,0,57.57022,46,Replayed,5.0
-9.0,0.0,-1,1,89.86046,46,Replayed,9.0
38.0,0.0,1,1,99.97266,46,Replayed,38.0
-1.0,1.0,1,0,58.34853,46,Replayed,1.0
9.0,1.0,1,1,87.66018,46,Replayed,9.0
5.0,1.0,1,1,78.060295,46,Replayed,5.0
-1.0,0.0,-1,1,68.1534,46,Replayed,1.0
-38.0,-1.0,-1,1,99.981255,46,Replayed,38.0
-3.0,1.0,-1,1,71.65935,46,Replayed,3.0
-3.0,0.0,1,0,57.997494,46,Replayed,3.0
-5.0,-1.0,-1,1,83.65581,46,Replayed,5.0
5.0,1.0,-1,0,47.00919,46,Replayed,5.0
-9.0,-1.0,1,0,48.997696,46,Replayed,9.0
-3.0,1.0,-1,1,71.68288,46,Replayed,3.0
1.0,-1.0,1,1,72.93891,46,Replayed,1.0
-9.0,0.0,-1,1,89.78606,46,Replayed,9.0
3.0,-1.0,-1,0,42.520912,47,Replayed,3.0
1.0,-1.0,-1,0,45.2612,47,Replayed,1.0
-3.0,-1.0,1,0,46.166107,47,Replayed,3.0
-3.0,0.0,-1,1,53.618725,47,Replayed,3.0
3.0,1.0,-1,0,49.7908,47,Replayed,3.0
-3.0,1.0,-1,1,57.83271,47,Replayed,3.0
9.0,-1.0,1,1,61.255116,47,Replayed,9.0
3.0,0.0,1,1,58.110023,47,Replayed,3.0
-38.0,-1.0,-1,1,86.29401,47,Replayed,38.0
-1.0,1.0,1,0,55.837776,47,Replayed,1.0
-5.0,0.0,-1,1,57.97155,47,Replayed,5.0
38.0,-1.0,1,1,88.09147,47,Replayed,38.0
-38.0,1.0,-1,1,93.68483,47,Replayed,38.0
1.0,1.0,1,1,58.05537,47,Replayed,1.0
5.0,-1.0,1,1,55.96839,47,Replayed,5.0
-38.0,0.0,-1,1,90.62782,47,Replayed,38.0
5.0,0.0,1,1,60.979057,47,Replayed,5.0
38.0,0.0,1,1,92.20955,47,Replayed,38.0
-3.0,-1.0,1,0,45.964127,47,Replayed,3.0
-5.0,-1.0,1,0,44.954803,47,Replayed,5.0
-3.0,0.0,-1,1,54.24237,47,Replayed,3.0
3.0,-1.0,1,1,54.50685,47,Replayed,3.0
-3.0,-1.0,-1,1,50.24945,47,Replayed,3.0
1.0,0.0,1,1,54.845093,47,Replayed,1.0
1.0,0.0,1,1,54.474182,47,Replayed,1.0
5.0,1.0,1,1,64.54115,47,Replayed,5.0
9.0,1.0,1,1,69.71581,47,Replayed,9.0
-3.0,1.0,1,0,54.24985,47,Replayed,3.0
-1.0,1.0,1,0,55.009777,47,Replayed,1.0
-5.0,-1.0,-1,1,53.05376,47,Replayed,5.0
-1.0,0.0,1,0,53.58076,47,Replayed,1.0
38.0,-1.0,1,1,88.307655,47,Replayed,38.0
38.0,1.0,1,1,94.39317,47,Replayed,38.0
-1.0,-1.0,-1,1,46.602436,47,Replayed,1.0
5.0,0.0,-1,0,43.396664,47,Replayed,5.0
38.0,1.0,1,1,94.59011,47,Replayed,38.0
9.0,1.0,1,1,70.13253,47,Replayed,9.0
1.0,-1.0,1,1,51.972294,47,Replayed,1.0
1.0,0.0,1,1,55.678947,47,Replayed,1.0
-3.0,-1.0,-1,1,49.467308,47,Replayed,3.0
-38.0,-1.0,-1,1,85.691086,47,Replayed,38.0
-5.0,0.0,-1,1,57.04421,47,Replayed,5.0
-5.0,1.0,-1,1,59.7474,47,Replayed,5.0
-1.0,-1.0,1,0,48.96163,47,Replayed,1.0
-5.0,1.0,1,0,51.765545,47,Replayed,5.0
3.0,1.0,-1,0,50.253002,47,Replayed,3.0
5.0,-1.0,1,1,56.831806,47,Replayed,5.0
-5.0,0.0,-1,1,57.53394,47,Replayed,5.0
9.0,0.0,1,1,66.05702,47,Replayed,9.0
9.0,-1.0,1,1,60.9291,47,Replayed,9.0
9.0,0.0,-1,0,38.854675,47,Replayed,9.0
-38.0,1.0,-1,1,93.30968,47,Replayed,38.0
-9.0,-1.0,-1,1,57.768135,47,Replayed,9.0
-3.0,0.0,1,0,50.055916,47,Replayed,3.0
-38.0,-1.0,-1,1,86.58242,47,Replayed,38.0
-1.0,1.0,1,0,56.31934,47,Replayed,1.0
-1.0,-1.0,-1,1,46.926014,47,Replayed,1.0
1.0,0.0,-1,0,48.40614,47,Replayed,1.0
-9.0,-1.0,1,0,37.93638,47,Replayed,9.0
-38.0,1.0,-1,1,93.324875,47,Replayed,38.0
-38.0,1.0,-1,1,93.588844,47,Replayed,38.0
9.0,-1.0,1,1,61.661644,47,Replayed,9.0
-5.0,-1.0,-1,1,52.833534,47,Replayed,5.0
5.0,1.0,1,1,64.85839,47,Replayed,5.0
-38.0,0.0,-1,1,90.28376,47,Replayed,38.0
9.0,0.0,1,1,65.318985,47,Replayed,9.0
1.0,1.0,1,1,58.331764,47,Replayed,1.0
-9.0,-1.0,-1,1,57.084793,47,Replayed,9.0
38.0,0.0,1,1,91.9083,47,Replayed,38.0
-9.0,1.0,-1,1,66.51587,47,Replayed,9.0
38.0,-1.0,1,1,88.5208,47,Replayed,38.0
-9.0,1.0,1,0,47.69744,47,Replayed,9.0
3.0,0.0,-1,0,46.726494,47,Replayed,3.0
1.0,-1.0,-1,0,46.122425,47,Replayed,1.0
-3.0,-1.0,-1,1,50.373047,47,Replayed,3.0
9.0,0.0,1,1,65.56971,47,Replayed,9.0
1.0,1.0,1,1,57.779987,47,Replayed,1.0
-38.0,0.0,-1,1,90.76644,47,Replayed,38.0
-3.0,-1.0,1,0,46.421185,47,Replayed,3.0
-1.0,-1.0,1,0,49.373722,47,Replayed,1.0
5.0,1.0,-1,0,47.92716,47,Replayed,5.0
5.0,-1.0,1,1,56.028492,47,Replayed,5.0
3.0,0.0,1,1,57.25491,47,Replayed,3.0
38.0,1.0,1,1,94.415276,47,Replayed,38.0
3.0,-1.0,1,1,54.163994,47,Replayed,3.0
5.0,1.0,1,1,63.936985,47,Replayed,5.0
9.0,-1.0,1,1,60.524147,47,Replayed,9.0
1.0,0.0,-1,0,48.63327,47,Replayed,1.0
5.0,1.0,1,1,64.4763,47,Replayed,5.0
1.0,-1.0,1,1,50.89134,47,Replayed,1.0
-38.0,1.0,-1,1,93.55513,47,Replayed,38.0
38.0,0.0,1,1,91.82046,47,Replayed,38.0
-38.0,-1.0,-1,1,86.11822,47,Replayed,38.0
3.0,0.0,1,1,57.8978,47,Replayed,3.0
38.0,-1.0,1,1,87.94144,47,Replayed,38.0
5.0,-1.0,1,1,56.430733,47,Replayed,5.0
-5.0,1.0,-1,1,61.747902,47,Replayed,5.0
-3.0,1.0,1,0,53.103943,47,Replayed,3.0
-38.0,0.0,-1,1,90.508896,47,Replayed,38.0
-1.0,0.0,1,0,52.78724,47,Replayed,1.0
9.0,-1.0,1,1,61.474133,47,Replayed,9.0
-3.0,-1.0,-1,1,50.43619,47,Replayed,3.0
-3.0,0.0,1,0,50.120007,47,Replayed,3.0
-3.0,1.0,-1,1,57.917553,47,Replayed,3.0
1.0,1.0,1,1,58.50188,47,Replayed,1.0
-9.0,0.0,-1,1,62.607265,47,Replayed,9.0
5.0,1.0,1,1,65.61941,47,Replayed,5.0
3.0,0.0,-1,0,46.08739,47,Replayed,3.0
1.0,1.0,1,1,58.714474,47,Replayed,1.0
5.0,0.0,1,1,59.94758,47,Replayed,5.0
-1.0,0.0,1,0,51.883614,47,Replayed,1.0
-9.0,1.0,-1,1,65.36032,47,Replayed,9.0
38.0,-1.0,1,1,88.26259,47,Replayed,38.0
-9.0,0.0,-1,1,62.24971,47,Replayed,9.0
9.0,0.0,1,1,65.772194,47,Replayed,9.0
-3.0,0.0,-1,1,54.130672,47,Replayed,3.0
-38.0,-1.0,-1,1,86.80477,47,Replayed,38.0
-5.0,1.0,1,0,52.155083,47,Replayed,5.0
9.0,1.0,1,1,70.11564,47,Replayed,9.0
-1.0,0.0,1,0,51.957874,47,Replayed,1.0
38.0,-1.0,1,1,88.38516,47,Replayed,38.0
-1.0,1.0,-1,1,54.923416,47,Replayed,1.0
-9.0,1.0,-1,1,65.849236,47,Replayed,9.0
-9.0,1.0,-1,1,65.63765,47,Replayed,9.0
-38.0,0.0,-1,1,90.63256,47,Replayed,38.0
9.0,0.0,1,1,65.708305,47,Replayed,9.0
-1.0,0.0,-1,1,51.19291,47,Replayed,1.0
-9.0,1.0,-1,1,66.55142,47,Replayed,9.0
3.0,1.0,1,1,60.92698,47,Replayed,3.0
-5.0,-1.0,-1,1,52.30355,47,Replayed,5.0
1.0,-1.0,-1,0,45.528423,47,Replayed,1.0
-9.0,0.0,-1,1,62.620037,47,Replayed,9.0
38.0,1.0,1,1,94.50399,47,Replayed,38.0
3.0,-1.0,1,1,54.51948,47,Replayed,3.0
3.0,0.0,1,1,57.848022,47,Replayed,3.0
5.0,1.0,1,1,64.21442,47,Replayed,5.0
5.0,0.0,1,1,61.38327,47,Replayed,5.0
38.0,0.0,1,1,91.5428,47,Replayed,38.0
-1.0,-1.0,1,0,49.40692,47,Replayed,1.0
5.0,0.0,1,1,60.106773,47,Replayed,5.0
-1.0,1.0,1,0,56.158882,47,Replayed,1.0
-9.0,-1.0,-1,1,58.62289,47,Replayed,9.0
-9.0,-1.0,-1,1,58.003307,47,Replayed,9.0
-5.0,-1.0,-1,1,52.292355,47,Replayed,5.0
1.0,0.0,1,1,54.166595,47,Replayed,1.0
-3.0,0.0,1,0,51.09323,47,Replayed,3.0
-5.0,0.0,1,0,46.655243,47,Replayed,5.0
-38.0,1.0,-1,1,93.29232,47,Replayed,38.0
-9.0,1.0,-1,1,66.604485,47,Replayed,9.0
3.0,-1.0,-1,0,43.052654,47,Replayed,3.0
-9.0,0.0,-1,1,62.512623,47,Replayed,9.0
1.0,1.0,1,1,57.736824,47,Replayed,1.0
5.0,-1.0,-1,0,40.41568,47,Replayed,5.0
-3.0,0.0,1,0,49.476017,47,Replayed,3.0
-5.0,1.0,1,0,51.04686,47,Replayed,5.0
-9.0,0.0,1,0,42.541187,47,Replayed,9.0
-5.0,1.0,-1,1,60.745438,47,Replayed,5.0
-38.0,-1.0,-1,1,86.25468,47,Replayed,38.0
9.0,1.0,1,1,70.85768,47,Replayed,9.0
1.0,-1.0,1,1,51.23946,47,Replayed,1.0
3.0,1.0,-1,0,50.36619,47,Replayed,3.0
-5.0,1.0,-1,1,61.46534,47,Replayed,5.0
-3.0,1.0,-1,1,58.378487,47,Replayed,3.0
-9.0,0.0,1,0,42.321854,47,Replayed,9.0
3.0,1.0,1,1,61.75399,47,Replayed,3.0
-1.0,1.0,-1,1,55.60931,47,Replayed,1.0
-1.0,-1.0,-1,1,47.145565,47,Replayed,1.0
9.0,-1.0,1,1,61.19908,47,Replayed,9.0
-38.0,1.0,-1,1,93.60853,47,Replayed,38.0
3.0,1.0,-1,0,50.205185,47,Replayed,3.0
-3.0,-1.0,-1,1,50.057465,47,Replayed,3.0
9.0,-1.0,1,1,62.272537,47,Replayed,9.0
1.0,0.0,1,1,55.45773,47,Replayed,1.0
5.0,1.0,1,1,65.52167,47,Replayed,5.0
5.0,0.0,1,1,60.684032,47,Replayed,5.0
3.0,1.0,-1,0,50.362267,47,Replayed,3.0
9.0,1.0,1,1,70.445595,47,Replayed,9.0
38.0,1.0,1,1,94.56419,47,Replayed,38.0
-5.0,0.0,-1,1,57.17355,47,Replayed,5.0
38.0,-1.0,1,1,88.625755,47,Replayed,38.0
-9.0,-1.0,-1,1,57.94503,47,Replayed,9.0
-5.0,-1.0,-1,1,52.98937,47,Replayed,5.0
-3.0,1.0,1,0,53.26162,47,Replayed,3.0
5.0,-1.0,-1,0,39.333755,47,Replayed,5.0
-5.0,-1.0,-1,1,52.721096,47,Replayed,5.0
-5.0,0.0,-1,1,57.011093,47,Replayed,5.0
3.0,-1.0,1,1,53.66717,47,Replayed,3.0
9.0,1.0,1,1,70.16172,47,Replayed,9.0
1.0,1.0,1,1,58.558983,47,Replayed,1.0
9.0,-1.0,1,1,61.132072,47,Replayed,9.0
-1.0,0.0,1,0,52.046364,47,Replayed,1.0
9.0,0.0,1,1,66.28286,47,Replayed,9.0
-38.0,1.0,-1,1,93.65332,47,Replayed,38.0
38.0,0.0,1,1,91.817116,47,Replayed,38.0
38.0,0.0,1,1,91.777626,47,Replayed,38.0
3.0,-1.0,-1,0,42.77389,47,Replayed,3.0
3.0,1.0,1,1,61.472233,47,Replayed,3.0
-1.0,1.0,1,0,55.10174,47,Replayed,1.0
-38.0,0.0,-1,1,90.71817,47,Replayed,38.0
5.0,0.0,-1,0,43.298946,47,Replayed,5.0
9.0,1.0,1,1,70.075615,47,Replayed,9.0
-38.0,0.0,-1,1,90.82695,47,Replayed,38.0
38.0,0.0,1,1,92.25883,47,Replayed,38.0
5.0,-1.0,1,1,56.479156,47,Replayed,5.0
1.0,-1.0,1,1,52.35249,47,Replayed,1.0
9.0,0.0,1,1,66.39401,47,Replayed,9.0
-9.0,-1.0,-1,1,58.558197,47,Replayed,9.0
1.0,-1.0,-1,0,45.783188,47,Replayed,1.0
9.0,1.0,1,1,69.4702,47,Replayed,9.0
38.0,1.0,1,1,94.29889,47,Replayed,38.0
-5.0,1.0,1,0,51.885406,47,Replayed,5.0
3.0,-1.0,-1,0,42.42381,47,Replayed,3.0
-1.0,1.0,1,0,55.984463,47,Replayed,1.0
-9.0,0.0,-1,1,62.414234,47,Replayed,9.0
-38.0,-1.0,-1,1,86.82684,47,Replayed,38.0
3.0,0.0,1,1,57.53811,47,Replayed,3.0
1.0,1.0,1,1,58.8148,47,Replayed,1.0
-38.0,0.0,-1,1,90.34224,47,Replayed,38.0
5.0,-1.0,-1,0,39.277084,47,Replayed,5.0
38.0,-1.0,1,1,88.56117,47,Replayed,38.0
38.0,1.0,1,1,94.312805,47,Replayed,38.0
3.0,0.0,-1,0,45.955513,47,Replayed,3.0
-1.0,-1.0,1,0,48.854134,47,Replayed,1.0
-38.0,-1.0,-1,1,85.82055,47,Replayed,38.0
-9.0,1.0,-1,1,66.691956,47,Replayed,9.0
1.0,0.0,-1,0,48.475533,47,Replayed,1.0
-9.0,-1.0,-1,1,58.043583,47,Replayed,9.0
-3.0,1.0,1,0,54.48049,47,Replayed,3.0
-5.0,0.0,1,0,47.183792,47,Replayed,5.0
-9.0,0.0,-1,1,61.382084,47,Replayed,9.0
-1.0,-1.0,-1,1,48.179726,47,Replayed,1.0
38.0,0.0,1,1,92.3361,47,Replayed,38.0
-3.0,0.0,1,0,50.643818,47,Replayed,3.0
-1.0,0.0,-1,1,51.467407,47,Replayed,1.0
-5.0,-1.0,1,0,43.51172,47,Replayed,5.0
5.0,0.0,-1,0,44.854916,47,Replayed,5.0
-3.0,1.0,-1,1,57.12562,47,Replayed,3.0
38.0,1.0,1,1,94.13518,47,Replayed,38.0
-3.0,1.0,1,0,46.27497,48,Replayed,3.0
-1.0,1.0,-1,1,44.0226,48,Replayed,1.0
-3.0,-1.0,-1,1,46.20856,48,Replayed,3.0
3.0,-1.0,-1,0,41.98972,48,Replayed,3.0
-9.0,1.0,1,0,40.53025,48,Replayed,9.0
1.0,1.0,1,1,48.944355,48,Replayed,1.0
-3.0,1.0,-1,1,44.9806,48,Replayed,3.0
9.0,0.0,1,1,54.40642,48,Replayed,9.0
9.0,-1.0,1,1,54.79182,48,Replayed,9.0
-9.0,-1.0,-1,1,50.06236,48,Replayed,9.0
-1.0,-1.0,1,0,48.273136,48,Replayed,1.0
-1.0,-1.0,-1,1,45.14679,48,Replayed,1.0
38.0,0.0,1,1,72.4535,48,Replayed,38.0
-9.0,1.0,-1,1,49.85334,48,Replayed,9.0
-38.0,-1.0,-1,1,68.32665,48,Replayed,38.0
-38.0,-1.0,-1,1,68.204475,48,Replayed,38.0
38.0,0.0,1,1,71.75197,48,Replayed,38.0
1.0,1.0,-1,0,43.670826,48,Replayed,1.0
-9.0,1.0,-1,1,48.953938,48,Replayed,9.0
-9.0,1.0,1,0,40.970863,48,Replayed,9.0
-1.0,1.0,1,0,48.07558,48,Replayed,1.0
9.0,0.0,1,1,54.23475,48,Replayed,9.0
38.0,-1.0,1,1,72.63214,48,Replayed,38.0
-9.0,-1.0,1,0,42.255524,48,Replayed,9.0
-1.0,1.0,1,0,47.69964,48,Replayed,1.0
-9.0,0.0,1,0,40.715073,48,Replayed,9.0
38.0,0.0,1,1,72.786766,48,Replayed,38.0
9.0,1.0,1,1,54.83583,48,Replayed,9.0
9.0,-1.0,1,1,55.773727,48,Replayed,9.0
9.0,-1.0,1,1,55.06572,48,Replayed,9.0
3.0,0.0,1,1,49.662678,48,Replayed,3.0
5.0,1.0,1,1,51.340218,48,Replayed,5.0
38.0,0.0,1,1,72.38871,48,Replayed,38.0
5.0,-1.0,-1,0,40.54795,48,Replayed,5.0
1.0,1.0,-1,0,42.770126,48,Replayed,1.0
38.0,-1.0,1,1,72.68961,48,Replayed,38.0
-5.0,-1.0,1,0,44.455864,48,Replayed,5.0
-38.0,1.0,-1,1,67.379555,48,Replayed,38.0
-5.0,0.0,1,0,43.353577,48,Replayed,5.0
-5.0,-1.0,1,0,44.824554,48,Replayed,5.0
5.0,0.0,1,1,51.23319,48,Replayed,5.0
1.0,0.0,-1,0,42.780285,48,Replayed,1.0
3.0,-1.0,1,1,51.38501,48,Replayed,3.0
-1.0,1.0,-1,1,44.934826,48,Replayed,1.0
-3.0,1.0,1,0,45.058052,48,Replayed,3.0
-9.0,-1.0,-1,1,50.108017,48,Replayed,9.0
38.0,1.0,1,1,72.87938,48,Replayed,38.0
-9.0,-1.0,-1,1,50.06968,48,Replayed,9.0
3.0,1.0,1,1,50.244705,48,Replayed,3.0
5.0,0.0,1,1,52.16196,48,Replayed,5.0
3.0,-1.0,-1,0,41.512848,48,Replayed,3.0
-9.0,0.0,1,0,41.725506,48,Replayed,9.0
-9.0,0.0,-1,1,49.141674,48,Replayed,9.0
1.0,0.0,1,1,49.599686,48,Replayed,1.0
-5.0,0.0,1,0,43.788425,48,Replayed,5.0
-38.0,1.0,-1,1,66.71741,48,Replayed,38.0
38.0,1.0,1,1,70.95962,48,Replayed,38.0
-9.0,-1.0,1,0,42.515015,48,Replayed,9.0
1.0,-1.0,-1,0,44.26106,48,Replayed,1.0
-38.0,1.0,-1,1,68.685524,48,Replayed,38.0
5.0,0.0,1,1,52.094055,48,Replayed,5.0
9.0,1.0,1,1,53.615005,48,Replayed,9.0
-1.0,-1.0,1,0,47.4207,48,Replayed,1.0
1.0,-1.0,1,1,49.71636,48,Replayed,1.0
38.0,0.0,1,1,72.54681,48,Replayed,38.0
1.0,1.0,1,1,49.07689,48,Replayed,1.0
-1.0,-1.0,1,0,48.625164,48,Replayed,1.0
5.0,1.0,-1,0,38.893,48,Replayed,5.0
-1.0,1.0,1,0,48.903522,48,Replayed,1.0
3.0,0.0,1,1,49.46452,48,Replayed,3.0
-38.0,-1.0,-1,1,68.7316,48,Replayed,38.0
-9.0,-1.0,1,0,41.046722,48,Replayed,9.0
-1.0,-1.0,1,0,47.976345,48,Replayed,1.0
5.0,0.0,1,1,51.79944,48,Replayed,5.0
-5.0,-1.0,-1,1,46.379513,48,Replayed,5.0
-3.0,0.0,1,0,46.54389,48,Replayed,3.0
-3.0,0.0,1,0,45.99278,48,Replayed,3.0
-38.0,0.0,-1,1,67.78931,48,Replayed,38.0
-3.0,0.0,-1,1,46.843483,48,Replayed,3.0
9.0,-1.0,-1,0,35.939728,48,Replayed,9.0
38.0,-1.0,1,1,72.0607,48,Replayed,38.0
-9.0,0.0,1,0,40.425007,48,Replayed,9.0
9.0,0.0,1,1,54.81918,48,Replayed,9.0
1.0,0.0,1,1,49.242535,48,Replayed,1.0
5.0,0.0,1,1,51.62097,48,Replayed,5.0
5.0,0.0,1,1,51.69205,48,Replayed,5.0
3.0,-1.0,1,1,51.783943,48,Replayed,3.0
-9.0,0.0,-1,1,49.452904,48,Replayed,9.0
3.0,-1.0,1,1,49.94731,48,Replayed,3.0
9.0,-1.0,1,1,54.441517,48,Replayed,9.0
-38.0,1.0,-1,1,67.44098,48,Replayed,38.0
-3.0,0.0,1,0,45.99106,48,Replayed,3.0
9.0,-1.0,1,1,53.65914,48,Replayed,9.0
-9.0,1.0,-1,1,49.109863,48,Replayed,9.0
3.0,1.0,-1,0,41.718323,48,Replayed,3.0
9.0,0.0,1,1,54.758297,48,Replayed,9.0
38.0,1.0,1,1,71.96785,48,Replayed,38.0
-38.0,1.0,-1,1,66.63612,48,Replayed,38.0
-9.0,0.0,-1,1,49.89909,48,Replayed,9.0
9.0,1.0,1,1,55.462055,48,Replayed,9.0
38.0,-1.0,1,1,72.40631,48,Replayed,38.0
-1.0,0.0,-1,1,43.966217,48,Replayed,1.0
-3.0,-1.0,-1,1,45.778893,48,Replayed,3.0
-5.0,1.0,-1,1,46.14114,48,Replayed,5.0
38.0,0.0,1,1,71.92721,48,Replayed,38.0
-1.0,1.0,1,0,47.21807,48,Replayed,1.0
-9.0,1.0,-1,1,49.97881,48,Replayed,9.0
1.0,1.0,1,1,49.136276,48,Replayed,1.0
1.0,1.0,1,1,49.136517,48,Replayed,1.0
3.0,-1.0,1,1,50.50183,48,Replayed,3.0
5.0,1.0,-1,0,39.25062,48,Replayed,5.0
-5.0,-1.0,1,0,45.741898,48,Replayed,5.0
-3.0,-1.0,1,0,45.76004,48,Replayed,3.0
-5.0,-1.0,1,0,45.3303,48,Replayed,5.0
1.0,0.0,1,1,48.3946,48,Replayed,1.0
1.0,-1.0,1,1,49.464367,48,Replayed,1.0
9.0,1.0,-1,0,36.36836,48,Replayed,9.0
-3.0,0.0,1,0,46.087383,48,Replayed,3.0
-3.0,1.0,-1,1,45.675297,48,Replayed,3.0
-9.0,1.0,-1,1,48.11483,48,Replayed,9.0
-38.0,0.0,-1,1,68.444244,48,Replayed,38.0
5.0,-1.0,1,1,52.213318,48,Replayed,5.0
-3.0,-1.0,-1,1,46.37223,48,Replayed,3.0
-5.0,1.0,1,0,45.1574,48,Replayed,5.0
9.0,0.0,-1,0,36.345604,48,Replayed,9.0
38.0,1.0,1,1,73.40678,48,Replayed,38.0
3.0,0.0,1,1,50.78143,48,Replayed,3.0
-1.0,1.0,1,0,47.665615,48,Replayed,1.0
-38.0,1.0,-1,1,67.123375,48,Replayed,38.0
1.0,1.0,-1,0,42.5253,48,Replayed,1.0
5.0,1.0,1,1,51.520603,48,Replayed,5.0
-38.0,-1.0,-1,1,68.39013,48,Replayed,38.0
-38.0,0.0,-1,1,67.72088,48,Replayed,38.0
-5.0,1.0,-1,1,45.471413,48,Replayed,5.0
-1.0,-1.0,1,0,48.592957,48,Replayed,1.0
9.0,1.0,-1,0,36.327267,48,Replayed,9.0
1.0,0.0,-1,0,42.816856,48,Replayed,1.0
-1.0,-1.0,1,0,48.869495,48,Replayed,1.0
5.0,-1.0,-1,0,40.024193,48,Replayed,5.0
3.0,1.0,1,1,50.064613,48,Replayed,3.0
-38.0,0.0,-1,1,68.15885,48,Replayed,38.0
-38.0,0.0,-1,1,66.46918,48,Replayed,38.0
-1.0,0.0,-1,1,44.621365,48,Replayed,1.0
-3.0,-1.0,1,0,45.47128,48,Replayed,3.0
1.0,0.0,-1,0,43.144382,48,Replayed,1.0
38.0,-1.0,1,1,72.49504,48,Replayed,38.0
-3.0,0.0,-1,1,45.943188,48,Replayed,3.0
5.0,-1.0,1,1,51.095898,48,Replayed,5.0
38.0,0.0,1,1,72.46799,48,Replayed,38.0
3.0,0.0,1,1,50.040836,48,Replayed,3.0
3.0,1.0,1,1,50.0405,48,Replayed,3.0
1.0,-1.0,1,1,49.5844,48,Replayed,1.0
3.0,1.0,1,1,49.93308,48,Replayed,3.0
-38.0,1.0,-1,1,67.525116,48,Replayed,38.0
9.0,0.0,1,1,54.922985,48,Replayed,9.0
-1.0,-1.0,-1,1,44.70001,48,Replayed,1.0
-9.0,-1.0,-1,1,49.753284,48,Replayed,9.0
-9.0,-1.0,-1,1,50.187473,48,Replayed,9.0
9.0,1.0,1,1,54.36074,48,Replayed,9.0
38.0,0.0,1,1,72.69336,48,Replayed,38.0
-5.0,1.0,-1,1,46.80253,48,Replayed,5.0
-1.0,0.0,1,0,47.378628,48,Replayed,1.0
-9.0,1.0,1,0,40.499348,48,Replayed,9.0
3.0,0.0,1,1,50.62849,48,Replayed,3.0
-38.0,-1.0,-1,1,69.73623,48,Replayed,38.0
9.0,1.0,1,1,53.946526,48,Replayed,9.0
3.0,-1.0,1,1,51.313232,48,Replayed,3.0
-5.0,-1.0,1,0,43.738525,48,Replayed,5.0
-3.0,1.0,-1,1,44.99003,48,Replayed,3.0
-5.0,0.0,1,0,45.21224,48,Replayed,5.0
5.0,0.0,-1,0,39.342537,48,Replayed,5.0
5.0,1.0,1,1,51.635487,48,Replayed,5.0
5.0,-1.0,1,1,52.343327,48,Replayed,5.0
-1.0,1.0,1,0,47.66219,48,Replayed,1.0
-3.0,-1.0,1,0,45.955677,48,Replayed,3.0
-3.0,0.0,1,0,45.666073,48,Replayed,3.0
1.0,0.0,-1,0,42.915314,48,Replayed,1.0
3.0,0.0,-1,0,40.983383,48,Replayed,3.0
3.0,1.0,-1,0,40.924213,48,Replayed,3.0
-5.0,1.0,1,0,43.972057,48,Replayed,5.0
-1.0,0.0,1,0,48.305336,48,Replayed,1.0
-1.0,0.0,-1,1,44.216972,48,Replayed,1.0
3.0,0.0,1,1,50.116497,48,Replayed,3.0
-3.0,1.0,-1,1,45.6732,48,Replayed,3.0
-5.0,0.0,-1,1,46.690063,48,Replayed,5.0
-38.0,1.0,-1,1,68.14443,48,Replayed,38.0
9.0,-1.0,1,1,54.565662,48,Replayed,9.0
-9.0,0.0,-1,1,49.195488,48,Replayed,9.0
-5.0,0.0,-1,1,46.054348,48,Replayed,5.0
3.0,1.0,1,1,50.894974,48,Replayed,3.0
-38.0,0.0,-1,1,68.341896,48,Replayed,38.0
-38.0,0.0,-1,1,67.543205,48,Replayed,38.0
-5.0,0.0,-1,1,46.76655,48,Replayed,5.0
3.0,-1.0,1,1,50.661804,48,Replayed,3.0
-3.0,-1.0,1,0,46.7275,48,Replayed,3.0
5.0,-1.0,-1,0,39.747665,48,Replayed,5.0
-5.0,1.0,-1,1,46.222874,48,Replayed,5.0
-9.0,0.0,-1,1,49.010365,48,Replayed,9.0
5.0,0.0,1,1,52.485283,48,Replayed,5.0
38.0,-1.0,1,1,71.95684,48,Replayed,38.0
5.0,-1.0,1,1,53.56899,48,Replayed,5.0
1.0,-1.0,-1,0,42.86832,48,Replayed,1.0
-38.0,0.0,-1,1,67.74217,48,Replayed,38.0
38.0,1.0,1,1,71.30491,48,Replayed,38.0
1.0,-1.0,1,1,48.978024,48,Replayed,1.0
38.0,1.0,1,1,72.07564,48,Replayed,38.0
-3.0,1.0,1,0,46.26877,48,Replayed,3.0
-5.0,-1.0,1,0,44.139385,48,Replayed,5.0
-5.0,0.0,1,0,43.02009,48,Replayed,5.0
9.0,-1.0,1,1,55.84721,48,Replayed,9.0
-5.0,1.0,-1,1,47.51538,48,Replayed,5.0
-5.0,1.0,1,0,44.150024,48,Replayed,5.0
1.0,0.0,1,1,49.126614,48,Replayed,1.0
-3.0,-1.0,-1,1,46.111286,48,Replayed,3.0
38.0,-1.0,1,1,73.19794,48,Replayed,38.0
38.0,1.0,1,1,71.47036,48,Replayed,38.0
-3.0,0.0,1,0,46.339794,48,Replayed,3.0
38.0,1.0,1,1,71.15468,48,Replayed,38.0
9.0,1.0,1,1,54.414642,48,Replayed,9.0
-38.0,-1.0,-1,1,68.90835,48,Replayed,38.0
38.0,-1.0,1,1,72.69041,48,Replayed,38.0
5.0,-1.0,-1,0,39.830437,48,Replayed,5.0
3.0,0.0,-1,0,41.879337,48,Replayed,3.0
5.0,1.0,1,1,51.40064,48,Replayed,5.0
9.0,0.0,1,1,55.284767,48,Replayed,9.0
1.0,-1.0,1,1,50.547867,48,Replayed,1.0
-1.0,0.0,1,0,47.938416,48,Replayed,1.0
-38.0,-1.0,-1,1,67.96366,48,Replayed,38.0
-38.0,-1.0,-1,1,68.59726,48,Replayed,38.0
-3.0,1.0,-1,1,45.72661,48,Replayed,3.0
9.0,0.0,1,1,54.675205,48,Replayed,9.0
-5.0,0.0,1,0,44.05182,48,Replayed,5.0
5.0,1.0,1,1,51.59365,48,Replayed,5.0
1.0,1.0,1,1,49.293182,48,Replayed,1.0
3.0,1.0,-1,0,41.038757,48,Replayed,3.0
-1.0,0.0,1,0,47.249622,48,Replayed,1.0
5.0,1.0,-1,0,39.711796,48,Replayed,5.0
-1.0,0.0,1,0,47.61741,48,Replayed,1.0
-5.0,-1.0,-1,1,46.250683,48,Replayed,5.0
1.0,-1.0,-1,0,43.632885,48,Replayed,1.0
38.0,1.0,1,1,99.99,49,Replayed,38.0
-5.0,0.0,-1,1,91.59845,49,Replayed,5.0
-5.0,0.0,-1,1,91.71731,49,Replayed,5.0
-9.0,-1.0,-1,1,98.13003,49,Replayed,9.0
38.0,1.0,1,1,99.99,49,Replayed,38.0
5.0,0.0,1,1,93.164665,49,Replayed,5.0
3.0,-1.0,1,1,86.77214,49,Replayed,3.0
5.0,0.0,1,1,92.60671,49,Replayed,5.0
5.0,0.0,1,1,92.37939,49,Replayed,5.0
9.0,-1.0,1,1,98.36817,49,Replayed,9.0
38.0,0.0,1,1,99.99,49,Replayed,38.0
-1.0,-1.0,-1,1,72.98729,49,Replayed,1.0
5.0,-1.0,1,1,92.6872,49,Replayed,5.0
-9.0,0.0,-1,1,98.22835,49,Replayed,9.0
-3.0,1.0,1,0,68.12808,49,Replayed,3.0
-3.0,1.0,-1,1,83.93418,49,Replayed,3.0
38.0,-1.0,1,1,99.99,49,Replayed,38.0
-9.0,1.0,-1,1,97.997185,49,Replayed,9.0
-5.0,1.0,-1,1,91.13488,49,Replayed,5.0
-9.0,1.0,-1,1,97.97033,49,Replayed,9.0
9.0,0.0,1,1,98.20473,49,Replayed,9.0
3.0,-1.0,1,1,86.39634,49,Replayed,3.0
-38.0,1.0,-1,1,99.99,49,Replayed,38.0
-3.0,-1.0,-1,1,84.57254,49,Replayed,3.0
9.0,1.0,1,1,98.175255,49,Replayed,9.0
-1.0,0.0,1,0,68.77381,49,Replayed,1.0
-5.0,-1.0,-1,1,91.77071,49,Replayed,5.0
-9.0,-1.0,-1,1,98.21468,49,Replayed,9.0
1.0,1.0,1,1,75.54081,49,Replayed,1.0
5.0,1.0,1,1,92.31366,49,Replayed,5.0
38.0,1.0,1,1,99.99,49,Replayed,38.0
-9.0,0.0,-1,1,98.153404,49,Replayed,9.0
5.0,1.0,1,1,92.124435,49,Replayed,5.0
-38.0,0.0,-1,1,99.99,49,Replayed,38.0
9.0,-1.0,1,1,98.449844,49,Replayed,9.0
38.0,1.0,1,1,99.99,49,Replayed,38.0
-3.0,1.0,1,0,68.50449,49,Replayed,3.0
1.0,1.0,1,1,74.86662,49,Replayed,1.0
-1.0,1.0,-1,1,73.28517,49,Replayed,1.0
-1.0,1.0,-1,1,73.04855,49,Replayed,1.0
5.0,0.0,1,1,92.32586,49,Replayed,5.0
3.0,0.0,1,1,85.29546,49,Replayed,3.0
-5.0,1.0,-1,1,91.22599,49,Replayed,5.0
-38.0,1.0,-1,1,99.99,49,Replayed,38.0
-38.0,-1.0,-1,1,99.99,49,Replayed,38.0
1.0,-1.0,1,1,76.067406,49,Replayed,1.0
-3.0,0.0,-1,1,84.016266,49,Replayed,3.0
-9.0,0.0,-1,1,98.06007,49,Replayed,9.0
-1.0,0.0,-1,1,72.588264,49,Replayed,1.0
5.0,-1.0,1,1,93.02326,49,Replayed,5.0
5.0,1.0,1,1,92.30322,49,Replayed,5.0
9.0,1.0,1,1,98.31133,49,Replayed,9.0
-38.0,0.0,-1,1,99.99,49,Replayed,38.0
38.0,0.0,1,1,99.99,49,Replayed,38.0
-9.0,-1.0,-1,1,98.22825,49,Replayed,9.0
-3.0,-1.0,-1,1,84.40973,49,Replayed,3.0
1.0,-1.0,1,1,76.4053,49,Replayed,1.0
3.0,1.0,1,1,86.04027,49,Replayed,3.0
3.0,1.0,1,1,86.35929,49,Replayed,3.0
-5.0,0.0,-1,1,90.740135,49,Replayed,5.0
9.0,1.0,1,1,98.269394,49,Replayed,9.0
38.0,1.0,1,1,99.99,49,Replayed,38.0
9.0,0.0,1,1,98.45175,49,Replayed,9.0
-1.0,1.0,1,0,68.21755,49,Replayed,1.0
-38.0,-1.0,-1,1,99.99,49,Replayed,38.0
38.0,-1.0,1,1,99.99,49,Replayed,38.0
38.0,-1.0,1,1,99.99,49,Replayed,38.0
-5.0,-1.0,-1,1,91.381035,49,Replayed,5.0
3.0,0.0,1,1,86.315575,49,Replayed,3.0
1.0,0.0,1,1,75.99923,49,Replayed,1.0
-9.0,1.0,-1,1,98.18334,49,Replayed,9.0
3.0,0.0,1,1,85.21592,49,Replayed,3.0
-3.0,-1.0,-1,1,84.06726,49,Replayed,3.0
-9.0,1.0,-1,1,97.76772,49,Replayed,9.0
1.0,0.0,1,1,74.75435,49,Replayed,1.0
-9.0,1.0,-1,1,97.99147,49,Replayed,9.0
-3.0,-1.0,-1,1,83.65804,49,Replayed,3.0
-1.0,0.0,1,0,69.24733,49,Replayed,1.0
3.0,-1.0,1,1,86.59298,49,Replayed,3.0
-38.0,-1.0,-1,1,99.99,49,Replayed,38.0
-1.0,1.0,1,0,68.50977,49,Replayed,1.0
5.0,1.0,1,1,92.0447,49,Replayed,5.0
1.0,-1.0,1,1,75.67486,49,Replayed,1.0
1.0,1.0,1,1,74.20563,49,Replayed,1.0
3.0,-1.0,1,1,86.175835,49,Replayed,3.0
9.0,-1.0,1,1,98.40095,49,Replayed,9.0
5.0,-1.0,1,1,92.86317,49,Replayed,5.0
38.0,1.0,1,1,99.99,49,Replayed,38.0
5.0,0.0,1,1,92.76306,49,Replayed,5.0
9.0,0.0,1,1,98.228096,49,Replayed,9.0
-5.0,-1.0,-1,1,91.94833,49,Replayed,5.0
1.0,1.0,1,1,75.05824,49,Replayed,1.0
-1.0,-1.0,-1,1,73.875336,49,Replayed,1.0
38.0,0.0,1,1,99.99,49,Replayed,38.0
38.0,0.0,1,1,99.99,49,Replayed,38.0
-38.0,0.0,-1,1,99.99,49,Replayed,38.0
-5.0,1.0,-1,1,91.029205,49,Replayed,5.0
38.0,1.0,1,1,99.99,49,Replayed,38.0
-1.0,-1.0,-1,1,73.940956,49,Replayed,1.0
-5.0,0.0,-1,1,91.33738,49,Replayed,5.0
-38.0,-1.0,-1,1,99.99,49,Replayed,38.0
1.0,1.0,1,1,75.33784,49,Replayed,1.0
38.0,-1.0,1,1,99.99,49,Replayed,38.0
-1.0,1.0,1,0,68.94505,49,Replayed,1.0
5.0,1.0,1,1,92.19468,49,Replayed,5.0
5.0,0.0,1,1,93.33977,49,Replayed,5.0
1.0,-1.0,1,1,75.936516,49,Replayed,1.0
-9.0,-1.0,-1,1,98.1005,49,Replayed,9.0
5.0,1.0,1,1,91.817444,49,Replayed,5.0
5.0,-1.0,1,1,92.89051,49,Replayed,5.0
-38.0,0.0,-1,1,99.99,49,Replayed,38.0
-38.0,-1.0,-1,1,99.99,49,Replayed,38.0
-9.0,-1.0,-1,1,97.96335,49,Replayed,9.0
-5.0,-1.0,-1,1,91.25255,49,Replayed,5.0
3.0,-1.0,1,1,86.28337,49,Replayed,3.0
-1.0,0.0,-1,1,73.28642,49,Replayed,1.0
-38.0,1.0,-1,1,99.99,49,Replayed,38.0
1.0,-1.0,1,1,75.91881,49,Replayed,1.0
-3.0,-1.0,-1,1,85.002914,49,Replayed,3.0
5.0,-1.0,1,1,92.88568,49,Replayed,5.0
-5.0,0.0,-1,1,91.363976,49,Replayed,5.0
5.0,0.0,1,1,92.6048,49,Replayed,5.0
-38.0,0.0,-1,1,99.99,49,Replayed,38.0
-9.0,-1.0,-1,1,98.10945,49,Replayed,9.0
5.0,-1.0,1,1,92.80124,49,Replayed,5.0
9.0,-1.0,1,1,98.51115,49,Replayed,9.0
9.0,-1.0,1,1,98.393974,49,Replayed,9.0
-3.0,0.0,-1,1,83.725586,49,Replayed,3.0
-3.0,0.0,-1,1,84.61122,49,Replayed,3.0
-5.0,1.0,-1,1,91.41775,49,Replayed,5.0
-1.0,0.0,-1,1,73.018906,49,Replayed,1.0
-3.0,-1.0,-1,1,84.11942,49,Replayed,3.0
3.0,1.0,1,1,85.64305,49,Replayed,3.0
1.0,0.0,1,1,75.619194,49,Replayed,1.0
-3.0,0.0,-1,1,83.72559,49,Replayed,3.0
-5.0,-1.0,-1,1,92.03041,49,Replayed,5.0
-9.0,0.0,-1,1,97.9796,49,Replayed,9.0
1.0,0.0,1,1,75.365265,49,Replayed,1.0
-1.0,-1.0,-1,1,73.76363,49,Replayed,1.0
1.0,-1.0,1,1,76.64148,49,Replayed,1.0
-38.0,1.0,-1,1,99.99,49,Replayed,38.0
3.0,1.0,1,1,85.38873,49,Replayed,3.0
-9.0,1.0,-1,1,97.941086,49,Replayed,9.0
3.0,0.0,-1,0,66.03475,49,Replayed,3.0
-1.0,1.0,-1,1,72.3736,49,Replayed,1.0
-1.0,0.0,-1,1,73.646286,49,Replayed,1.0
1.0,0.0,1,1,74.47893,49,Replayed,1.0
38.0,0.0,1,1,99.99,49,Replayed,38.0
-9.0,-1.0,-1,1,98.21421,49,Replayed,9.0
-1.0,-1.0,-1,1,73.15934,49,Replayed,1.0
38.0,-1.0,1,1,99.99,49,Replayed,38.0
-38.0,-1.0,-1,1,99.99,49,Replayed,38.0
3.0,0.0,1,1,85.8731,49,Replayed,3.0
-38.0,1.0,-1,1,99.99,49,Replayed,38.0
-3.0,1.0,-1,1,83.47555,49,Replayed,3.0
3.0,1.0,1,1,85.111916,49,Replayed,3.0
-9.0,1.0,-1,1,97.84984,49,Replayed,9.0
-5.0,-1.0,-1,1,91.68308,49,Replayed,5.0
3.0,-1.0,1,1,86.550766,49,Replayed,3.0
-9.0,0.0,-1,1,98.0564,49,Replayed,9.0
9.0,-1.0,1,1,98.47585,49,Replayed,9.0
-1.0,0.0,1,0,69.46503,49,Replayed,1.0
-1.0,1.0,-1,1,72.6276,49,Replayed,1.0
9.0,1.0,1,1,98.13505,49,Replayed,9.0
-3.0,0.0,-1,1,83.98462,49,Replayed,3.0
1.0,1.0,-1,0,65.15742,49,Replayed,1.0
-3.0,1.0,-1,1,84.36004,49,Replayed,3.0
5.0,-1.0,1,1,92.781845,49,Replayed,5.0
-3.0,0.0,-1,1,83.79768,49,Replayed,3.0
-38.0,0.0,-1,1,99.99,49,Replayed,38.0
5.0,0.0,1,1,92.81126,49,Replayed,5.0
-9.0,-1.0,-1,1,98.19876,49,Replayed,9.0
3.0,1.0,1,1,85.70304,49,Replayed,3.0
3.0,-1.0,1,1,86.158905,49,Replayed,3.0
-9.0,0.0,-1,1,98.05919,49,Replayed,9.0
-3.0,0.0,-1,1,84.12753,49,Replayed,3.0
38.0,-1.0,1,1,99.99,49,Replayed,38.0
-5.0,-1.0,-1,1,91.91522,49,Replayed,5.0
-38.0,-1.0,-1,1,99.99,49,Replayed,38.0
-5.0,1.0,-1,1,90.9315,49,Replayed,5.0
-38.0,0.0,-1,1,99.99,49,Replayed,38.0
38.0,0.0,1,1,99.99,49,Replayed,38.0
5.0,1.0,1,1,92.56348,49,Replayed,5.0
-3.0,-1.0,-1,1,83.81255,49,Replayed,3.0
9.0,1.0,1,1,98.22357,49,Replayed,9.0
1.0,1.0,-1,0,66.34867,49,Replayed,1.0
1.0,1.0,1,1,75.43787,49,Replayed,1.0
5.0,1.0,1,1,92.21779,49,Replayed,5.0
-5.0,-1.0,-1,1,91.90227,49,Replayed,5.0
-3.0,-1.0,-1,1,84.58474,49,Replayed,3.0
9.0,0.0,1,1,98.26039,49,Replayed,9.0
-9.0,1.0,-1,1,97.99152,49,Replayed,9.0
3.0,0.0,1,1,86.15966,49,Replayed,3.0
38.0,-1.0,1,1,99.99,49,Replayed,38.0
1.0,0.0,1,1,75.328,49,Replayed,1.0
-38.0,0.0,-1,1,99.99,49,Replayed,38.0
-1.0,-1.0,-1,1,73.50282,49,Replayed,1.0
-5.0,0.0,-1,1,91.27909,49,Replayed,5.0
9.0,1.0,1,1,98.317566,49,Replayed,9.0
-1.0,-1.0,-1,1,73.246826,49,Replayed,1.0
1.0,0.0,-1,0,65.71759,49,Replayed,1.0
-38.0,1.0,-1,1,99.99,49,Replayed,38.0
5.0,-1.0,1,1,92.85648,49,Replayed,5.0
-9.0,0.0,-1,1,98.094315,49,Replayed,9.0
-3.0,0.0,-1,1,84.307365,49,Replayed,3.0
3.0,0.0,1,1,85.55447,49,Replayed,3.0
-9.0,0.0,-1,1,98.08779,49,Replayed,9.0
-3.0,1.0,-1,1,84.07282,49,Replayed,3.0
-1.0,1.0,-1,1,73.21977,49,Replayed,1.0
-38.0,-1.0,-1,1,99.99,49,Replayed,38.0
38.0,0.0,1,1,99.99,49,Replayed,38.0
-1.0,0.0,-1,1,73.07138,49,Replayed,1.0
3.0,1.0,1,1,86.1922,49,Replayed,3.0
-1.0,-1.0,1,0,69.45491,49,Replayed,1.0
-38.0,1.0,-1,1,99.99,49,Replayed,38.0
1.0,-1.0,1,1,76.401726,49,Replayed,1.0
9.0,0.0,1,1,98.3281,49,Replayed,9.0
38.0,1.0,1,1,99.99,49,Replayed,38.0
-5.0,1.0,-1,1,90.8543,49,Replayed,5.0
38.0,-1.0,1,1,99.99,49,Replayed,38.0
-5.0,1.0,-1,1,90.64482,49,Replayed,5.0
-5.0,0.0,-1,1,91.32766,49,Replayed,5.0
-5.0,1.0,-1,1,91.603836,49,Replayed,5.0
1.0,-1.0,1,1,75.62824,49,Replayed,1.0
-38.0,1.0,-1,1,99.99,49,Replayed,38.0
1.0,0.0,1,1,75.90365,49,Replayed,1.0
9.0,1.0,1,1,98.233,49,Replayed,9.0
3.0,-1.0,1,1,86.161865,49,Replayed,3.0
38.0,0.0,1,1,99.99,49,Replayed,38.0
3.0,1.0,1,1,85.86952,49,Replayed,3.0
-3.0,1.0,-1,1,83.195755,49,Replayed,3.0
9.0,1.0,1,1,98.21906,49,Replayed,9.0
9.0,0.0,1,1,98.44585,49,Replayed,9.0
9.0,-1.0,1,1,98.39126,49,Replayed,9.0
38.0,1.0,1,1,94.34124,50,Replayed,38.0
-5.0,1.0,-1,1,63.75178,50,Replayed,5.0
-38.0,1.0,-1,1,95.225815,50,Replayed,38.0
-9.0,-1.0,-1,1,76.87315,50,Replayed,9.0
-1.0,0.0,1,0,55.333755,50,Replayed,1.0
-3.0,1.0,-1,1,60.114204,50,Replayed,3.0
3.0,0.0,1,1,60.3647,50,Replayed,3.0
3.0,-1.0,-1,0,58.76354,50,Replayed,3.0
-5.0,-1.0,1,0,52.221287,50,Replayed,5.0
-3.0,0.0,1,0,52.44419,50,Replayed,3.0
3.0,0.0,1,1,59.65878,50,Replayed,3.0
38.0,-1.0,1,1,97.30375,50,Replayed,38.0
-1.0,-1.0,1,0,56.616806,50,Replayed,1.0
-3.0,-1.0,-1,1,67.28357,50,Replayed,3.0
3.0,-1.0,-1,0,60.070496,50,Replayed,3.0
-9.0,-1.0,-1,1,76.519585,50,Replayed,9.0
-9.0,1.0,-1,1,70.096596,50,Replayed,9.0
5.0,0.0,-1,0,52.78667,50,Replayed,5.0
1.0,1.0,1,1,54.13503,50,Replayed,1.0
-38.0,-1.0,-1,1,98.02555,50,Replayed,38.0
9.0,0.0,1,1,70.11045,50,Replayed,9.0
9.0,-1.0,-1,0,53.732468,50,Replayed,9.0
9.0,-1.0,1,1,74.15608,50,Replayed,9.0
5.0,0.0,1,1,64.31406,50,Replayed,5.0
3.0,-1.0,1,1,63.919914,50,Replayed,3.0
-9.0,-1.0,-1,1,77.160675,50,Replayed,9.0
3.0,0.0,1,1,60.902077,50,Replayed,3.0
5.0,-1.0,-1,0,57.45293,50,Replayed,5.0
-1.0,-1.0,1,0,56.721092,50,Replayed,1.0
38.0,1.0,1,1,93.96725,50,Replayed,38.0
-1.0,1.0,-1,1,57.966484,50,Replayed,1.0
-38.0,1.0,-1,1,95.37148,50,Replayed,38.0
1.0,1.0,1,1,53.70969,50,Replayed,1.0
1.0,-1.0,-1,0,62.32273,50,Replayed,1.0
9.0,1.0,1,1,66.969696,50,Replayed,9.0
9.0,1.0,1,1,67.04098,50,Replayed,9.0
5.0,-1.0,1,1,66.619286,50,Replayed,5.0
-5.0,0.0,-1,1,66.99538,50,Replayed,5.0
-5.0,-1.0,-1,1,70.85861,50,Replayed,5.0
1.0,0.0,1,1,56.367905,50,Replayed,1.0
-38.0,0.0,-1,1,96.88248,50,Replayed,38.0
-38.0,-1.0,-1,1,97.92483,50,Replayed,38.0
9.0,1.0,1,1,66.10353,50,Replayed,9.0
-3.0,0.0,-1,1,64.32194,50,Replayed,3.0
-38.0,-1.0,-1,1,97.835,50,Replayed,38.0
-5.0,0.0,-1,1,66.951866,50,Replayed,5.0
-1.0,0.0,-1,1,59.605778,50,Replayed,1.0
-9.0,0.0,-1,1,73.9045,50,Replayed,9.0
-9.0,0.0,-1,1,73.9456,50,Replayed,9.0
38.0,-1.0,1,1,97.30673,50,Replayed,38.0
-5.0,0.0,-1,1,67.928,50,Replayed,5.0
3.0,1.0,-1,0,52.25718,50,Replayed,3.0
-5.0,0.0,1,0,49.797173,50,Replayed,5.0
1.0,-1.0,-1,0,61.49314,50,Replayed,1.0
-38.0,-1.0,-1,1,97.64667,50,Replayed,38.0
5.0,-1.0,-1,0,57.174416,50,Replayed,5.0
-38.0,0.0,-1,1,96.76744,50,Replayed,38.0
-38.0,-1.0,-1,1,97.89514,50,Replayed,38.0
38.0,-1.0,1,1,97.46826,50,Replayed,38.0
-9.0,-1.0,-1,1,77.80509,50,Replayed,9.0
-9.0,0.0,1,0,45.11637,50,Replayed,9.0
-1.0,1.0,1,0,49.72691,50,Replayed,1.0
9.0,1.0,1,1,67.87023,50,Replayed,9.0
5.0,-1.0,1,1,67.46833,50,Replayed,5.0
3.0,1.0,-1,0,51.647163,50,Replayed,3.0
-9.0,1.0,-1,1,70.5093,50,Replayed,9.0
1.0,0.0,1,1,57.21928,50,Replayed,1.0
1.0,-1.0,-1,0,61.368073,50,Replayed,1.0
-1.0,-1.0,1,0,58.22965,50,Replayed,1.0
-38.0,1.0,-1,1,95.14871,50,Replayed,38.0
-9.0,1.0,-1,1,70.36785,50,Replayed,9.0
-38.0,0.0,-1,1,96.672714,50,Replayed,38.0
-3.0,0.0,-1,1,63.813995,50,Replayed,3.0
-38.0,0.0,-1,1,96.87838,50,Replayed,38.0
-5.0,1.0,-1,1,63.691162,50,Replayed,5.0
-5.0,1.0,-1,1,64.39581,50,Replayed,5.0
-1.0,1.0,1,0,50.062065,50,Replayed,1.0
-3.0,1.0,-1,1,60.322643,50,Replayed,3.0
1.0,1.0,1,1,54.16974,50,Replayed,1.0
-1.0,1.0,-1,1,57.760757,50,Replayed,1.0
-1.0,-1.0,1,0,57.716034,50,Replayed,1.0
3.0,0.0,1,1,60.526043,50,Replayed,3.0
9.0,0.0,1,1,69.926315,50,Replayed,9.0
38.0,1.0,1,1,94.11094,50,Replayed,38.0
5.0,1.0,-1,0,48.530342,50,Replayed,5.0
1.0,1.0,-1,0,54.270493,50,Replayed,1.0
-3.0,1.0,1,0,48.09596,50,Replayed,3.0
1.0,-1.0,-1,0,61.311012,50,Replayed,1.0
3.0,-1.0,1,1,64.26834,50,Replayed,3.0
38.0,0.0,1,1,96.180435,50,Replayed,38.0
1.0,-1.0,1,1,60.190845,50,Replayed,1.0
3.0,1.0,-1,0,52.88491,50,Replayed,3.0
-3.0,-1.0,-1,1,66.81149,50,Replayed,3.0
-5.0,-1.0,1,0,52.582687,50,Replayed,5.0
-1.0,0.0,-1,1,60.572,50,Replayed,1.0
1.0,-1.0,-1,0,60.75711,50,Replayed,1.0
-5.0,0.0,-1,1,67.75879,50,Replayed,5.0
-9.0,0.0,-1,1,74.685646,50,Replayed,9.0
-3.0,1.0,-1,1,60.115345,50,Replayed,3.0
5.0,0.0,1,1,64.478455,50,Replayed,5.0
9.0,-1.0,1,1,74.37074,50,Replayed,9.0
-1.0,0.0,-1,1,61.35163,50,Replayed,1.0
-5.0,1.0,-1,1,64.7467,50,Replayed,5.0
3.0,1.0,-1,0,51.94625,50,Replayed,3.0
5.0,1.0,1,1,59.942215,50,Replayed,5.0
38.0,1.0,1,1,94.08165,50,Replayed,38.0
-1.0,-1.0,1,0,57.866943,50,Replayed,1.0
1.0,-1.0,1,1,60.2548,50,Replayed,1.0
5.0,-1.0,1,1,67.567024,50,Replayed,5.0
-38.0,1.0,-1,1,95.355125,50,Replayed,38.0
3.0,0.0,1,1,59.796494,50,Replayed,3.0
38.0,-1.0,1,1,97.47054,50,Replayed,38.0
-9.0,1.0,-1,1,69.996414,50,Replayed,9.0
38.0,0.0,1,1,95.97087,50,Replayed,38.0
3.0,-1.0,1,1,63.517838,50,Replayed,3.0
-38.0,0.0,-1,1,96.560875,50,Replayed,38.0
-9.0,0.0,-1,1,74.06622,50,Replayed,9.0
38.0,-1.0,1,1,97.19826,50,Replayed,38.0
-3.0,0.0,-1,1,64.85467,50,Replayed,3.0
9.0,-1.0,1,1,73.73994,50,Replayed,9.0
9.0,0.0,1,1,70.44036,50,Replayed,9.0
5.0,1.0,1,1,60.058067,50,Replayed,5.0
-3.0,1.0,1,0,48.10467,50,Replayed,3.0
-1.0,0.0,-1,1,60.052074,50,Replayed,1.0
9.0,-1.0,1,1,74.58675,50,Replayed,9.0
-3.0,0.0,1,0,51.809204,50,Replayed,3.0
3.0,1.0,-1,0,52.03678,50,Replayed,3.0
-3.0,0.0,-1,1,64.00913,50,Replayed,3.0
38.0,1.0,1,1,94.12045,50,Replayed,38.0
3.0,1.0,-1,0,52.18079,50,Replayed,3.0
-5.0,1.0,-1,1,63.486588,50,Replayed,5.0
-9.0,-1.0,-1,1,77.821106,50,Replayed,9.0
-1.0,1.0,-1,1,58.050514,50,Replayed,1.0
38.0,1.0,1,1,94.06263,50,Replayed,38.0
9.0,1.0,-1,0,43.267353,50,Replayed,9.0
9.0,1.0,-1,0,44.156616,50,Replayed,9.0
-1.0,-1.0,-1,1,63.091927,50,Replayed,1.0
1.0,0.0,1,1,58.098663,50,Replayed,1.0
9.0,0.0,1,1,71.4477,50,Replayed,9.0
5.0,0.0,1,1,63.694454,50,Replayed,5.0
-3.0,-1.0,-1,1,68.31186,50,Replayed,3.0
-1.0,1.0,-1,1,57.73591,50,Replayed,1.0
38.0,-1.0,1,1,97.4374,50,Replayed,38.0
-5.0,-1.0,-1,1,70.39088,50,Replayed,5.0
-3.0,-1.0,1,0,56.150795,50,Replayed,3.0
-38.0,1.0,-1,1,95.17022,50,Replayed,38.0
5.0,-1.0,1,1,67.95349,50,Replayed,5.0
1.0,0.0,-1,0,57.693283,50,Replayed,1.0
-5.0,0.0,-1,1,68.06992,50,Replayed,5.0
-5.0,0.0,-1,1,67.65487,50,Replayed,5.0
-1.0,0.0,-1,1,62.123363,50,Replayed,1.0
38.0,-1.0,1,1,97.39601,50,Replayed,38.0
1.0,0.0,-1,0,58.50224,50,Replayed,1.0
-1.0,0.0,1,0,53.950268,50,Replayed,1.0
-9.0,0.0,-1,1,73.561874,50,Replayed,9.0
3.0,1.0,1,1,57.216698,50,Replayed,3.0
1.0,-1.0,-1,0,61.369453,50,Replayed,1.0
5.0,0.0,-1,0,53.28698,50,Replayed,5.0
-38.0,0.0,-1,1,96.72766,50,Replayed,38.0
5.0,1.0,1,1,59.69552,50,Replayed,5.0
-1.0,1.0,1,0,51.28747,50,Replayed,1.0
-38.0,-1.0,-1,1,97.732376,50,Replayed,38.0
-1.0,-1.0,-1,1,63.921036,50,Replayed,1.0
38.0,-1.0,1,1,97.53168,50,Replayed,38.0
-3.0,-1.0,-1,1,67.293015,50,Replayed,3.0
-9.0,-1.0,-1,1,77.28676,50,Replayed,9.0
3.0,-1.0,1,1,63.140064,50,Replayed,3.0
-9.0,1.0,-1,1,70.62889,50,Replayed,9.0
9.0,-1.0,1,1,74.043205,50,Replayed,9.0
-3.0,0.0,1,0,51.68736,50,Replayed,3.0
-38.0,1.0,-1,1,95.09655,50,Replayed,38.0
5.0,-1.0,1,1,67.10261,50,Replayed,5.0
1.0,1.0,-1,0,55.767845,50,Replayed,1.0
38.0,0.0,1,1,96.01029,50,Replayed,38.0
-5.0,-1.0,-1,1,70.94432,50,Replayed,5.0
5.0,1.0,-1,0,49.460075,50,Replayed,5.0
-5.0,1.0,1,0,46.570347,50,Replayed,5.0
38.0,0.0,1,1,96.03019,50,Replayed,38.0
-38.0,0.0,-1,1,96.76661,50,Replayed,38.0
-9.0,-1.0,-1,1,76.90918,50,Replayed,9.0
-38.0,-1.0,-1,1,97.93069,50,Replayed,38.0
-3.0,0.0,-1,1,63.875507,50,Replayed,3.0
5.0,1.0,-1,0,49.770485,50,Replayed,5.0
-5.0,-1.0,1,0,53.374744,50,Replayed,5.0
-3.0,-1.0,1,0,55.71464,50,Replayed,3.0
-1.0,-1.0,-1,1,64.115685,50,Replayed,1.0
9.0,1.0,1,1,67.27505,50,Replayed,9.0
-38.0,-1.0,-1,1,97.7063,50,Replayed,38.0
1.0,1.0,1,1,53.49452,50,Replayed,1.0
9.0,0.0,1,1,69.36407,50,Replayed,9.0
3.0,0.0,1,1,61.011536,50,Replayed,3.0
5.0,0.0,1,1,63.191242,50,Replayed,5.0
38.0,1.0,1,1,94.38605,50,Replayed,38.0
3.0,0.0,-1,0,55.904125,50,Replayed,3.0
-38.0,1.0,-1,1,95.373085,50,Replayed,38.0
38.0,0.0,1,1,96.2058,50,Replayed,38.0
5.0,-1.0,1,1,67.39455,50,Replayed,5.0
-5.0,1.0,-1,1,63.44272,50,Replayed,5.0
-5.0,-1.0,-1,1,71.13833,50,Replayed,5.0
9.0,-1.0,-1,0,52.84806,50,Replayed,9.0
3.0,-1.0,1,1,63.481236,50,Replayed,3.0
-1.0,0.0,1,0,54.881435,50,Replayed,1.0
-9.0,-1.0,-1,1,77.407234,50,Replayed,9.0
9.0,-1.0,1,1,74.269165,50,Replayed,9.0
5.0,1.0,-1,0,49.65231,50,Replayed,5.0
-9.0,0.0,-1,1,74.00873,50,Replayed,9.0
38.0,0.0,1,1,96.23254,50,Replayed,38.0
-5.0,-1.0,-1,1,71.209785,50,Replayed,5.0
1.0,0.0,1,1,56.642784,50,Replayed,1.0
5.0,0.0,-1,0,54.104435,50,Replayed,5.0
9.0,0.0,1,1,70.31899,50,Replayed,9.0
-5.0,1.0,1,0,44.583138,50,Replayed,5.0
3.0,1.0,-1,0,51.44396,50,Replayed,3.0
1.0,0.0,-1,0,58.246128,50,Replayed,1.0
-5.0,0.0,-1,1,67.465454,50,Replayed,5.0
-3.0,1.0,-1,1,60.489197,50,Replayed,3.0
-3.0,-1.0,-1,1,67.12501,50,Replayed,3.0
-1.0,1.0,1,0,50.057594,50,Replayed,1.0
5.0,1.0,-1,0,49.570843,50,Replayed,5.0
1.0,1.0,-1,0,53.94215,50,Replayed,1.0
38.0,1.0,1,1,94.07623,50,Replayed,38.0
-9.0,0.0,-1,1,74.336266,50,Replayed,9.0
-3.0,-1.0,1,0,54.602127,50,Replayed,3.0
5.0,0.0,1,1,64.03676,50,Replayed,5.0
-38.0,0.0,-1,1,96.75014,50,Replayed,38.0
-9.0,1.0,-1,1,70.87791,50,Replayed,9.0
38.0,0.0,1,1,96.17224,50,Replayed,38.0
1.0,1.0,-1,0,54.13871,50,Replayed,1.0
38.0,0.0,1,1,96.14589,50,Replayed,38.0
-9.0,1.0,-1,1,70.26689,50,Replayed,9.0
-9.0,1.0,-1,1,70.081535,50,Replayed,9.0
1.0,0.0,1,1,58.466373,50,Replayed,1.0
9.0,0.0,1,1,70.12551,50,Replayed,9.0
9.0,1.0,-1,0,43.38814,50,Replayed,9.0
-3.0,1.0,-1,1,60.258305,50,Replayed,3.0
-3.0,1.0,1,0,48.041473,50,Replayed,3.0
3.0,-1.0,-1,0,59.15178,50,Replayed,3.0
3.0,0.0,-1,0,56.20829,50,Replayed,3.0
-38.0,1.0,-1,1,95.32685,50,Replayed,38.0
9.0,0.0,1,1,69.56787,50,Replayed,9.0
38.0,0.0,1,1,82.870255,51,Replayed,38.0
-38.0,1.0,-1,1,82.98797,51,Replayed,38.0
3.0,0.0,1,1,57.75569,51,Replayed,3.0
9.0,1.0,1,1,63.59002,51,Replayed,9.0
-1.0,-1.0,-1,1,52.485252,51,Replayed,1.0
3.0,0.0,-1,0,49.131214,51,Replayed,3.0
3.0,0.0,1,1,57.47793,51,Replayed,3.0
-1.0,-1.0,1,0,52.57592,51,Replayed,1.0
38.0,0.0,1,1,82.88983,51,Replayed,38.0
3.0,-1.0,-1,0,48.240055,51,Replayed,3.0
-5.0,1.0,-1,1,58.311295,51,Replayed,5.0
-5.0,0.0,-1,1,55.349083,51,Replayed,5.0
-3.0,-1.0,1,0,50.561237,51,Replayed,3.0
-1.0,0.0,1,0,53.106003,51,Replayed,1.0
3.0,0.0,-1,0,49.02005,51,Replayed,3.0
-38.0,0.0,-1,1,81.7025,51,Replayed,38.0
-3.0,0.0,1,0,51.69838,51,Replayed,3.0
-9.0,0.0,-1,1,58.99212,51,Replayed,9.0
-5.0,-1.0,-1,1,54.353565,51,Replayed,5.0
5.0,-1.0,1,1,57.895016,51,Replayed,5.0
-5.0,0.0,-1,1,56.87843,51,Replayed,5.0
-9.0,0.0,1,0,47.802177,51,Replayed,9.0
-3.0,-1.0,1,0,51.082207,51,Replayed,3.0
5.0,-1.0,1,1,57.22632,51,Replayed,5.0
38.0,1.0,1,1,84.51746,51,Replayed,38.0
1.0,1.0,1,1,56.885242,51,Replayed,1.0
1.0,1.0,1,1,56.251995,51,Replayed,1.0
9.0,1.0,1,1,63.673855,51,Replayed,9.0
-9.0,-1.0,-1,1,58.796738,51,Replayed,9.0
-38.0,0.0,-1,1,81.93524,51,Replayed,38.0
-1.0,-1.0,-1,1,51.45839,51,Replayed,1.0
-5.0,1.0,-1,1,56.656994,51,Replayed,5.0
-38.0,1.0,-1,1,83.42454,51,Replayed,38.0
9.0,-1.0,-1,0,44.022556,51,Replayed,9.0
9.0,-1.0,1,1,60.557056,51,Replayed,9.0
3.0,-1.0,1,1,56.09765,51,Replayed,3.0
-3.0,0.0,-1,1,55.025597,51,Replayed,3.0
-1.0,1.0,-1,1,53.877037,51,Replayed,1.0
5.0,-1.0,-1,0,46.763165,51,Replayed,5.0
-38.0,-1.0,-1,1,80.77129,51,Replayed,38.0
-5.0,-1.0,1,0,48.557728,51,Replayed,5.0
38.0,1.0,1,1,84.44117,51,Replayed,38.0
1.0,1.0,1,1,55.215275,51,Replayed,1.0
-5.0,0.0,-1,1,56.65354,51,Replayed,5.0
-9.0,-1.0,1,0,46.129982,51,Replayed,9.0
-3.0,-1.0,-1,1,53.57849,51,Replayed,3.0
38.0,1.0,1,1,84.93933,51,Replayed,38.0
-9.0,-1.0,-1,1,58.412354,51,Replayed,9.0
-1.0,1.0,1,0,54.379982,51,Replayed,1.0
-1.0,-1.0,1,0,51.561802,51,Replayed,1.0
-9.0,0.0,-1,1,59.333973,51,Replayed,9.0
3.0,1.0,1,1,57.78799,51,Replayed,3.0
-3.0,1.0,1,0,53.419323,51,Replayed,3.0
1.0,0.0,1,1,54.891163,51,Replayed,1.0
38.0,-1.0,1,1,81.78733,51,Replayed,38.0
5.0,1.0,1,1,59.83236,51,Replayed,5.0
5.0,0.0,1,1,58.342094,51,Replayed,5.0
-38.0,0.0,-1,1,82.71239,51,Replayed,38.0
-1.0,0.0,1,0,53.445118,51,Replayed,1.0
-3.0,0.0,-1,1,54.97623,51,Replayed,3.0
-9.0,1.0,1,0,49.97592,51,Replayed,9.0
-3.0,1.0,1,0,53.94627,51,Replayed,3.0
1.0,1.0,-1,0,51.848705,51,Replayed,1.0
-1.0,0.0,1,0,53.177,51,Replayed,1.0
-5.0,0.0,1,0,51.23741,51,Replayed,5.0
1.0,0.0,1,1,55.60756,51,Replayed,1.0
-38.0,0.0,-1,1,82.10912,51,Replayed,38.0
-1.0,1.0,1,0,53.74623,51,Replayed,1.0
-9.0,-1.0,-1,1,58.873253,51,Replayed,9.0
9.0,-1.0,1,1,60.148994,51,Replayed,9.0
-5.0,0.0,1,0,50.79695,51,Replayed,5.0
1.0,-1.0,1,1,53.59803,51,Replayed,1.0
-3.0,-1.0,-1,1,53.206886,51,Replayed,3.0
-1.0,1.0,1,0,54.15405,51,Replayed,1.0
9.0,1.0,1,1,63.48955,51,Replayed,9.0
5.0,1.0,1,1,59.502853,51,Replayed,5.0
3.0,0.0,1,1,56.227158,51,Replayed,3.0
1.0,1.0,-1,0,50.83774,51,Replayed,1.0
-3.0,0.0,1,0,51.761574,51,Replayed,3.0
1.0,1.0,-1,0,51.144905,51,Replayed,1.0
1.0,-1.0,-1,0,49.690887,51,Replayed,1.0
-9.0,1.0,1,0,49.01232,51,Replayed,9.0
-3.0,1.0,1,0,52.637005,51,Replayed,3.0
1.0,0.0,-1,0,50.88324,51,Replayed,1.0
-3.0,-1.0,-1,1,53.15019,51,Replayed,3.0
-38.0,1.0,-1,1,83.11035,51,Replayed,38.0
-5.0,1.0,1,0,50.89758,51,Replayed,5.0
9.0,0.0,1,1,60.499866,51,Replayed,9.0
-9.0,0.0,1,0,46.830967,51,Replayed,9.0
-1.0,0.0,-1,1,52.927948,51,Replayed,1.0
5.0,0.0,1,1,57.409607,51,Replayed,5.0
38.0,0.0,1,1,83.212204,51,Replayed,38.0
-5.0,1.0,1,0,51.80254,51,Replayed,5.0
38.0,-1.0,1,1,82.477264,51,Replayed,38.0
1.0,0.0,-1,0,50.26635,51,Replayed,1.0
38.0,-1.0,1,1,82.44429,51,Replayed,38.0
-1.0,1.0,1,0,55.187653,51,Replayed,1.0
-5.0,0.0,1,0,50.329197,51,Replayed,5.0
9.0,0.0,1,1,61.676468,51,Replayed,9.0
-1.0,-1.0,-1,1,50.951195,51,Replayed,1.0
5.0,0.0,1,1,58.82956,51,Replayed,5.0
-5.0,1.0,-1,1,57.137318,51,Replayed,5.0
-38.0,1.0,-1,1,82.865036,51,Replayed,38.0
9.0,0.0,-1,0,44.699226,51,Replayed,9.0
-1.0,-1.0,-1,1,51.264782,51,Replayed,1.0
-1.0,0.0,-1,1,52.408356,51,Replayed,1.0
38.0,0.0,1,1,83.70239,51,Replayed,38.0
3.0,0.0,1,1,56.850086,51,Replayed,3.0
-3.0,0.0,-1,1,53.77928,51,Replayed,3.0
38.0,0.0,1,1,83.32622,51,Replayed,38.0
-9.0,0.0,-1,1,60.932224,51,Replayed,9.0
3.0,-1.0,-1,0,48.98253,51,Replayed,3.0
3.0,1.0,1,1,58.410866,51,Replayed,3.0
5.0,-1.0,1,1,57.93854,51,Replayed,5.0
-1.0,-1.0,1,0,51.834385,51,Replayed,1.0
-9.0,1.0,-1,1,60.762257,51,Replayed,9.0
-38.0,-1.0,-1,1,80.38218,51,Replayed,38.0
-9.0,0.0,-1,1,60.168655,51,Replayed,9.0
-5.0,-1.0,-1,1,54.735165,51,Replayed,5.0
-5.0,-1.0,1,0,49.77248,51,Replayed,5.0
-3.0,1.0,-1,1,55.665356,51,Replayed,3.0
-9.0,-1.0,-1,1,57.54894,51,Replayed,9.0
9.0,1.0,1,1,62.987484,51,Replayed,9.0
-5.0,0.0,1,0,49.956585,51,Replayed,5.0
3.0,-1.0,1,1,56.322502,51,Replayed,3.0
9.0,0.0,1,1,62.953163,51,Replayed,9.0
-1.0,0.0,1,0,54.473026,51,Replayed,1.0
5.0,1.0,1,1,59.755672,51,Replayed,5.0
3.0,1.0,1,1,57.66515,51,Replayed,3.0
1.0,0.0,-1,0,50.543533,51,Replayed,1.0
-38.0,-1.0,-1,1,80.97258,51,Replayed,38.0
-38.0,-1.0,-1,1,79.96353,51,Replayed,38.0
38.0,0.0,1,1,83.674446,51,Replayed,38.0
9.0,1.0,1,1,63.497574,51,Replayed,9.0
-38.0,0.0,-1,1,82.32287,51,Replayed,38.0
3.0,1.0,-1,0,50.1869,51,Replayed,3.0
-3.0,-1.0,-1,1,52.77019,51,Replayed,3.0
-9.0,0.0,1,0,49.000736,51,Replayed,9.0
5.0,1.0,-1,0,49.66709,51,Replayed,5.0
1.0,-1.0,1,1,54.338028,51,Replayed,1.0
5.0,1.0,-1,0,48.94124,51,Replayed,5.0
-9.0,1.0,-1,1,61.50771,51,Replayed,9.0
3.0,-1.0,1,1,55.523537,51,Replayed,3.0
1.0,-1.0,-1,0,49.5449,51,Replayed,1.0
-38.0,-1.0,-1,1,80.50757,51,Replayed,38.0
9.0,0.0,1,1,61.786938,51,Replayed,9.0
1.0,-1.0,1,1,54.32,51,Replayed,1.0
38.0,-1.0,1,1,82.77179,51,Replayed,38.0
9.0,-1.0,1,1,61.237545,51,Replayed,9.0
-9.0,-1.0,1,0,46.43681,51,Replayed,9.0
-3.0,1.0,-1,1,55.503674,51,Replayed,3.0
-3.0,0.0,1,0,52.36771,51,Replayed,3.0
5.0,0.0,1,1,58.272068,51,Replayed,5.0
9.0,1.0,1,1,63.667072,51,Replayed,9.0
9.0,0.0,-1,0,44.691242,51,Replayed,9.0
5.0,1.0,1,1,58.647408,51,Replayed,5.0
38.0,1.0,1,1,84.611534,51,Replayed,38.0
1.0,1.0,-1,0,52.749348,51,Replayed,1.0
9.0,1.0,-1,0,45.943733,51,Replayed,9.0
38.0,0.0,1,1,83.55021,51,Replayed,38.0
5.0,-1.0,-1,0,47.21892,51,Replayed,5.0
1.0,0.0,-1,0,50.345505,51,Replayed,1.0
3.0,1.0,-1,0,51.4568,51,Replayed,3.0
-1.0,1.0,1,0,54.095436,51,Replayed,1.0
9.0,-1.0,1,1,60.808605,51,Replayed,9.0
9.0,0.0,1,1,61.563004,51,Replayed,9.0
-1.0,-1.0,1,0,52.211952,51,Replayed,1.0
38.0,1.0,1,1,84.4909,51,Replayed,38.0
-5.0,-1.0,1,0,48.871037,51,Replayed,5.0
-3.0,0.0,-1,1,54.70262,51,Replayed,3.0
-3.0,1.0,-1,1,55.989944,51,Replayed,3.0
-9.0,1.0,-1,1,61.422974,51,Replayed,9.0
1.0,0.0,1,1,55.47214,51,Replayed,1.0
1.0,-1.0,1,1,54.00694,51,Replayed,1.0
5.0,-1.0,1,1,58.08873,51,Replayed,5.0
-1.0,1.0,1,0,54.402794,51,Replayed,1.0
-5.0,1.0,1,0,51.437878,51,Replayed,5.0
-38.0,1.0,-1,1,83.17983,51,Replayed,38.0
5.0,1.0,-1,0,49.017696,51,Replayed,5.0
38.0,1.0,1,1,84.86169,51,Replayed,38.0
1.0,1.0,1,1,55.83066,51,Replayed,1.0
5.0,0.0,-1,0,47.775093,51,Replayed,5.0
9.0,0.0,1,1,62.979992,51,Replayed,9.0
-1.0,0.0,1,0,53.516495,51,Replayed,1.0
5.0,0.0,-1,0,49.323204,51,Replayed,5.0
5.0,1.0,1,1,59.907986,51,Replayed,5.0
-3.0,1.0,1,0,52.301643,51,Replayed,3.0
-38.0,-1.0,-1,1,80.37394,51,Replayed,38.0
-9.0,-1.0,-1,1,58.36155,51,Replayed,9.0
1.0,0.0,-1,0,51.287754,51,Replayed,1.0
1.0,-1.0,-1,0,49.708447,51,Replayed,1.0
-9.0,1.0,-1,1,60.925014,51,Replayed,9.0
-38.0,1.0,-1,1,83.08264,51,Replayed,38.0
5.0,0.0,-1,0,48.10956,51,Replayed,5.0
38.0,-1.0,1,1,82.44381,51,Replayed,38.0
-3.0,-1.0,-1,1,53.39528,51,Replayed,3.0
3.0,0.0,1,1,57.221115,51,Replayed,3.0
3.0,0.0,1,1,55.75768,51,Replayed,3.0
-38.0,0.0,-1,1,82.03733,51,Replayed,38.0
38.0,-1.0,1,1,81.976524,51,Replayed,38.0
9.0,-1.0,1,1,61.56735,51,Replayed,9.0
1.0,-1.0,1,1,53.873646,51,Replayed,1.0
-3.0,1.0,-1,1,55.24341,51,Replayed,3.0
-9.0,1.0,1,0,47.87572,51,Replayed,9.0
-5.0,1.0,-1,1,57.743984,51,Replayed,5.0
-3.0,-1.0,-1,1,53.847736,51,Replayed,3.0
38.0,-1.0,1,1,81.71737,51,Replayed,38.0
-5.0,-1.0,-1,1,54.863567,51,Replayed,5.0
3.0,-1.0,1,1,55.73172,51,Replayed,3.0
-9.0,1.0,1,0,48.92881,51,Replayed,9.0
-5.0,0.0,1,0,50.419415,51,Replayed,5.0
3.0,-1.0,-1,0,48.89103,51,Replayed,3.0
-5.0,1.0,-1,1,56.50143,51,Replayed,5.0
9.0,-1.0,1,1,61.006622,51,Replayed,9.0
5.0,-1.0,-1,0,46.006733,51,Replayed,5.0
3.0,1.0,1,1,57.95254,51,Replayed,3.0
-38.0,1.0,-1,1,83.55465,51,Replayed,38.0
-38.0,-1.0,-1,1,81.27362,51,Replayed,38.0
-3.0,0.0,-1,1,54.531593,51,Replayed,3.0
-38.0,1.0,-1,1,82.98696,51,Replayed,38.0
-38.0,0.0,-1,1,81.99347,51,Replayed,38.0
9.0,-1.0,1,1,60.972363,51,Replayed,9.0
-9.0,-1.0,-1,1,58.226387,51,Replayed,9.0
9.0,1.0,1,1,64.281044,51,Replayed,9.0
3.0,-1.0,-1,0,47.86709,51,Replayed,3.0
-5.0,-1.0,-1,1,55.29582,51,Replayed,5.0
38.0,1.0,1,1,84.26673,51,Replayed,38.0
38.0,0.0,1,1,83.29981,51,Replayed,38.0
-38.0,0.0,-1,1,82.35301,51,Replayed,38.0
3.0,1.0,1,1,57.499844,51,Replayed,3.0
-1.0,1.0,-1,1,52.93401,51,Replayed,1.0
-38.0,-1.0,-1,1,80.25261,51,Replayed,38.0
-9.0,0.0,-1,1,60.08149,51,Replayed,9.0
5.0,0.0,1,1,59.792477,51,Replayed,5.0
38.0,-1.0,1,1,82.52022,51,Replayed,38.0
38.0,1.0,1,1,84.852135,51,Replayed,38.0
-1.0,0.0,1,0,53.805393,51,Replayed,1.0
-5.0,-1.0,-1,1,56.051052,51,Replayed,5.0
-1.0,-1.0,1,0,59.837364,52,Replayed,1.0
38.0,0.0,1,1,94.82252,52,Replayed,38.0
-1.0,-1.0,1,0,59.983505,52,Replayed,1.0
3.0,-1.0,1,1,65.08242,52,Replayed,3.0
38.0,-1.0,1,1,94.23702,52,Replayed,38.0
-9.0,-1.0,1,0,50.96424,52,Replayed,9.0
3.0,1.0,1,1,66.9843,52,Replayed,3.0
-9.0,1.0,-1,1,70.92405,52,Replayed,9.0
9.0,0.0,1,1,72.85063,52,Replayed,9.0
-5.0,1.0,1,0,58.270924,52,Replayed,5.0
-5.0,-1.0,1,0,55.031265,52,Replayed,5.0
-3.0,0.0,-1,1,61.3256,52,Replayed,3.0
5.0,1.0,-1,0,53.839134,52,Replayed,5.0
-5.0,-1.0,1,0,55.646217,52,Replayed,5.0
-1.0,0.0,1,0,59.925415,52,Replayed,1.0
-9.0,0.0,-1,1,69.4514,52,Replayed,9.0
1.0,1.0,1,1,64.806,52,Replayed,1.0
-5.0,-1.0,-1,1,62.51765,52,Replayed,5.0
5.0,1.0,1,1,69.33595,52,Replayed,5.0
3.0,1.0,1,1,66.356544,52,Replayed,3.0
-5.0,-1.0,1,0,55.725903,52,Replayed,5.0
-5.0,0.0,-1,1,63.24932,52,Replayed,5.0
1.0,1.0,1,1,63.953053,52,Replayed,1.0
38.0,-1.0,1,1,94.5281,52,Replayed,38.0
9.0,1.0,-1,0,46.91869,52,Replayed,9.0
3.0,1.0,-1,0,54.444714,52,Replayed,3.0
-5.0,0.0,-1,1,62.985844,52,Replayed,5.0
-38.0,0.0,-1,1,93.38299,52,Replayed,38.0
-38.0,-1.0,-1,1,92.55462,52,Replayed,38.0
3.0,1.0,-1,0,54.250145,52,Replayed,3.0
9.0,1.0,1,1,73.99415,52,Replayed,9.0
-38.0,1.0,-1,1,93.72617,52,Replayed,38.0
1.0,1.0,1,1,64.6757,52,Replayed,1.0
-5.0,0.0,-1,1,63.542885,52,Replayed,5.0
-9.0,-1.0,-1,1,67.45548,52,Replayed,9.0
-3.0,-1.0,1,0,57.144875,52,Replayed,3.0
9.0,-1.0,1,1,72.239494,52,Replayed,9.0
-1.0,0.0,-1,1,58.019264,52,Replayed,1.0
38.0,0.0,1,1,94.78208,52,Replayed,38.0
-9.0,0.0,1,0,52.71688,52,Replayed,9.0
-9.0,1.0,1,0,52.971756,52,Replayed,9.0
9.0,-1.0,1,1,72.50277,52,Replayed,9.0
9.0,1.0,1,1,75.081604,52,Replayed,9.0
5.0,-1.0,1,1,68.017044,52,Replayed,5.0
1.0,0.0,-1,0,56.042706,52,Replayed,1.0
5.0,0.0,-1,0,50.848698,52,Replayed,5.0
38.0,1.0,1,1,95.05001,52,Replayed,38.0
3.0,1.0,1,1,66.547005,52,Replayed,3.0
1.0,1.0,1,1,64.81357,52,Replayed,1.0
9.0,1.0,-1,0,48.164898,52,Replayed,9.0
-1.0,-1.0,1,0,60.01477,52,Replayed,1.0
38.0,-1.0,1,1,94.46889,52,Replayed,38.0
-1.0,-1.0,1,0,60.23209,52,Replayed,1.0
9.0,0.0,1,1,73.278725,52,Replayed,9.0
1.0,-1.0,-1,0,54.533844,52,Replayed,1.0
-38.0,-1.0,-1,1,92.99408,52,Replayed,38.0
1.0,0.0,1,1,62.798912,52,Replayed,1.0
1.0,0.0,1,1,63.26668,52,Replayed,1.0
9.0,0.0,-1,0,48.430164,52,Replayed,9.0
3.0,1.0,-1,0,54.87101,52,Replayed,3.0
3.0,0.0,1,1,66.08751,52,Replayed,3.0
3.0,1.0,1,1,65.72556,52,Replayed,3.0
-1.0,1.0,1,0,62.60869,52,Replayed,1.0
-3.0,0.0,-1,1,60.85953,52,Replayed,3.0
5.0,1.0,1,1,68.55188,52,Replayed,5.0
9.0,0.0,1,1,73.34158,52,Replayed,9.0
-38.0,1.0,-1,1,94.05143,52,Replayed,38.0
5.0,0.0,1,1,68.190315,52,Replayed,5.0
-5.0,-1.0,-1,1,62.427784,52,Replayed,5.0
-9.0,0.0,1,0,52.911293,52,Replayed,9.0
5.0,0.0,1,1,68.69755,52,Replayed,5.0
9.0,-1.0,1,1,72.28267,52,Replayed,9.0
-38.0,1.0,-1,1,93.738785,52,Replayed,38.0
1.0,0.0,-1,0,56.447994,52,Replayed,1.0
1.0,1.0,1,1,63.525284,52,Replayed,1.0
-9.0,0.0,-1,1,70.00453,52,Replayed,9.0
-9.0,0.0,-1,1,68.97535,52,Replayed,9.0
-9.0,-1.0,-1,1,68.04802,52,Replayed,9.0
5.0,-1.0,1,1,67.69491,52,Replayed,5.0
-3.0,-1.0,-1,1,60.555668,52,Replayed,3.0
5.0,-1.0,-1,0,48.88321,52,Replayed,5.0
-1.0,1.0,1,0,61.038708,52,Replayed,1.0
5.0,1.0,1,1,69.322296,52,Replayed,5.0
38.0,0.0,1,1,94.6489,52,Replayed,38.0
-9.0,-1.0,-1,1,68.042076,52,Replayed,9.0
5.0,0.0,-1,0,51.32988,52,Replayed,5.0
3.0,-1.0,1,1,64.895454,52,Replayed,3.0
38.0,1.0,1,1,95.05534,52,Replayed,38.0
-3.0,0.0,-1,1,60.077488,52,Replayed,3.0
-9.0,0.0,1,0,52.076984,52,Replayed,9.0
3.0,-1.0,1,1,64.40041,52,Replayed,3.0
3.0,0.0,1,1,66.35499,52,Replayed,3.0
-1.0,0.0,-1,1,58.39097,52,Replayed,1.0
-3.0,1.0,1,0,58.22521,52,Replayed,3.0
5.0,-1.0,-1,0,50.737965,52,Replayed,5.0
-3.0,1.0,1,0,59.244312,52,Replayed,3.0
5.0,0.0,1,1,68.412766,52,Replayed,5.0
38.0,1.0,1,1,95.01461,52,Replayed,38.0
5.0,1.0,1,1,70.25088,52,Replayed,5.0
-1.0,0.0,1,0,60.918545,52,Replayed,1.0
-38.0,-1.0,-1,1,92.11119,52,Replayed,38.0
-38.0,1.0,-1,1,94.04197,52,Replayed,38.0
5.0,0.0,1,1,68.53837,52,Replayed,5.0
-38.0,-1.0,-1,1,92.72898,52,Replayed,38.0
-3.0,0.0,1,0,58.868717,52,Replayed,3.0
3.0,0.0,1,1,66.081375,52,Replayed,3.0
-1.0,0.0,1,0,60.933155,52,Replayed,1.0
9.0,-1.0,1,1,71.83613,52,Replayed,9.0
3.0,-1.0,1,1,64.93514,52,Replayed,3.0
38.0,-1.0,1,1,94.332726,52,Replayed,38.0
5.0,1.0,-1,0,51.290333,52,Replayed,5.0
-9.0,-1.0,-1,1,67.70928,52,Replayed,9.0
3.0,0.0,-1,0,53.746094,52,Replayed,3.0
5.0,-1.0,1,1,68.589386,52,Replayed,5.0
-38.0,1.0,-1,1,93.660995,52,Replayed,38.0
-9.0,-1.0,1,0,50.520496,52,Replayed,9.0
3.0,-1.0,1,1,65.21814,52,Replayed,3.0
9.0,0.0,-1,0,47.773094,52,Replayed,9.0
1.0,0.0,-1,0,56.21559,52,Replayed,1.0
-38.0,0.0,-1,1,93.342415,52,Replayed,38.0
1.0,1.0,1,1,64.78441,52,Replayed,1.0
1.0,0.0,1,1,62.830395,52,Replayed,1.0
-3.0,-1.0,-1,1,60.062897,52,Replayed,3.0
-5.0,0.0,1,0,56.925766,52,Replayed,5.0
-3.0,1.0,-1,1,62.109383,52,Replayed,3.0
5.0,-1.0,-1,0,49.43403,52,Replayed,5.0
9.0,-1.0,1,1,72.50822,52,Replayed,9.0
-38.0,0.0,-1,1,93.231445,52,Replayed,38.0
38.0,0.0,1,1,94.8524,52,Replayed,38.0
-9.0,1.0,1,0,53.253536,52,Replayed,9.0
3.0,0.0,1,1,65.4025,52,Replayed,3.0
-3.0,1.0,-1,1,61.05463,52,Replayed,3.0
-1.0,1.0,1,0,62.632412,52,Replayed,1.0
-3.0,-1.0,-1,1,61.1,52,Replayed,3.0
-5.0,1.0,1,0,57.359737,52,Replayed,5.0
38.0,0.0,1,1,94.91922,52,Replayed,38.0
9.0,0.0,-1,0,45.902954,52,Replayed,9.0
38.0,-1.0,1,1,94.294205,52,Replayed,38.0
3.0,-1.0,-1,0,53.503334,52,Replayed,3.0
9.0,1.0,1,1,73.76231,52,Replayed,9.0
-3.0,-1.0,-1,1,60.557438,52,Replayed,3.0
-1.0,0.0,-1,1,58.20628,52,Replayed,1.0
-9.0,1.0,-1,1,70.48871,52,Replayed,9.0
5.0,1.0,1,1,68.98762,52,Replayed,5.0
-38.0,-1.0,-1,1,93.00206,52,Replayed,38.0
1.0,-1.0,1,1,61.484856,52,Replayed,1.0
-3.0,-1.0,-1,1,60.57843,52,Replayed,3.0
-38.0,-1.0,-1,1,92.81551,52,Replayed,38.0
3.0,-1.0,1,1,64.20704,52,Replayed,3.0
-1.0,-1.0,1,0,59.268166,52,Replayed,1.0
38.0,1.0,1,1,95.14527,52,Replayed,38.0
-9.0,0.0,-1,1,68.653656,52,Replayed,9.0
-3.0,0.0,-1,1,61.086304,52,Replayed,3.0
1.0,1.0,-1,0,57.336895,52,Replayed,1.0
-1.0,1.0,1,0,62.048225,52,Replayed,1.0
-5.0,-1.0,1,0,55.969738,52,Replayed,5.0
1.0,-1.0,1,1,62.423748,52,Replayed,1.0
9.0,0.0,1,1,73.757324,52,Replayed,9.0
-38.0,-1.0,-1,1,92.544205,52,Replayed,38.0
1.0,-1.0,-1,0,54.813313,52,Replayed,1.0
-5.0,1.0,-1,1,65.54335,52,Replayed,5.0
-3.0,1.0,1,0,60.154797,52,Replayed,3.0
38.0,1.0,1,1,95.08178,52,Replayed,38.0
9.0,-1.0,-1,0,45.516804,52,Replayed,9.0
-5.0,-1.0,1,0,55.43052,52,Replayed,5.0
1.0,0.0,1,1,63.847244,52,Replayed,1.0
-38.0,0.0,-1,1,93.64505,52,Replayed,38.0
-5.0,1.0,1,0,59.122765,52,Replayed,5.0
-3.0,1.0,-1,1,62.228645,52,Replayed,3.0
-5.0,0.0,1,0,56.88486,52,Replayed,5.0
1.0,0.0,-1,0,56.367302,52,Replayed,1.0
38.0,-1.0,1,1,94.038025,52,Replayed,38.0
5.0,-1.0,1,1,67.68347,52,Replayed,5.0
-3.0,1.0,1,0,60.132324,52,Replayed,3.0
3.0,0.0,-1,0,54.667618,52,Replayed,3.0
-5.0,0.0,1,0,56.28766,52,Replayed,5.0
9.0,1.0,-1,0,48.463352,52,Replayed,9.0
-38.0,0.0,-1,1,93.35362,52,Replayed,38.0
5.0,0.0,-1,0,51.576042,52,Replayed,5.0
-38.0,0.0,-1,1,93.42515,52,Replayed,38.0
-5.0,1.0,-1,1,65.67979,52,Replayed,5.0
3.0,-1.0,-1,0,52.14492,52,Replayed,3.0
-38.0,0.0,-1,1,93.446884,52,Replayed,38.0
-38.0,-1.0,-1,1,92.967445,52,Replayed,38.0
1.0,-1.0,-1,0,54.426132,52,Replayed,1.0
-9.0,1.0,-1,1,69.99584,52,Replayed,9.0
-5.0,1.0,1,0,58.531307,52,Replayed,5.0
5.0,-1.0,1,1,66.61571,52,Replayed,5.0
9.0,0.0,-1,0,47.40874,52,Replayed,9.0
1.0,-1.0,-1,0,54.73693,52,Replayed,1.0
9.0,1.0,-1,0,47.467728,52,Replayed,9.0
-38.0,1.0,-1,1,93.75433,52,Replayed,38.0
-1.0,0.0,-1,1,57.619606,52,Replayed,1.0
-3.0,1.0,1,0,59.637035,52,Replayed,3.0
38.0,-1.0,1,1,94.459274,52,Replayed,38.0
-1.0,-1.0,1,0,60.0595,52,Replayed,1.0
-1.0,-1.0,-1,1,57.31431,52,Replayed,1.0
3.0,0.0,1,1,66.39651,52,Replayed,3.0
9.0,-1.0,-1,0,46.75131,52,Replayed,9.0
-1.0,1.0,-1,1,59.71202,52,Replayed,1.0
-3.0,0.0,1,0,58.97941,52,Replayed,3.0
-1.0,1.0,1,0,61.81636,52,Replayed,1.0
9.0,1.0,1,1,74.71105,52,Replayed,9.0
1.0,1.0,1,1,64.24496,52,Replayed,1.0
38.0,0.0,1,1,94.725525,52,Replayed,38.0
38.0,1.0,1,1,94.94294,52,Replayed,38.0
5.0,0.0,1,1,68.89765,52,Replayed,5.0
-3.0,0.0,1,0,58.951958,52,Replayed,3.0
38.0,1.0,1,1,95.317566,52,Replayed,38.0
-38.0,1.0,-1,1,93.694695,52,Replayed,38.0
-5.0,0.0,-1,1,63.88947,52,Replayed,5.0
-9.0,1.0,1,0,52.95962,52,Replayed,9.0
-1.0,1.0,-1,1,57.58735,52,Replayed,1.0
38.0,0.0,1,1,94.763275,52,Replayed,38.0
-1.0,-1.0,-1,1,57.29777,52,Replayed,1.0
5.0,1.0,1,1,70.06409,52,Replayed,5.0
-1.0,1.0,1,0,61.775696,52,Replayed,1.0
-9.0,1.0,-1,1,70.78544,52,Replayed,9.0
-3.0,-1.0,1,0,57.047207,52,Replayed,3.0
-5.0,1.0,-1,1,64.22096,52,Replayed,5.0
-3.0,0.0,-1,1,60.713905,52,Replayed,3.0
38.0,1.0,1,1,95.31756,52,Replayed,38.0
-5.0,-1.0,1,0,55.28378,52,Replayed,5.0
-5.0,1.0,-1,1,64.45134,52,Replayed,5.0
38.0,-1.0,1,1,94.562386,52,Replayed,38.0
-9.0,-1.0,1,0,50.40527,52,Replayed,9.0
-1.0,0.0,1,0,60.407387,52,Replayed,1.0
3.0,0.0,1,1,65.81183,52,Replayed,3.0
-3.0,-1.0,-1,1,60.1719,52,Replayed,3.0
-9.0,-1.0,-1,1,68.275,52,Replayed,9.0
9.0,-1.0,1,1,72.03728,52,Replayed,9.0
-38.0,1.0,-1,1,93.836,52,Replayed,38.0
-9.0,1.0,1,0,54.2037,52,Replayed,9.0
-9.0,0.0,1,0,52.656162,52,Replayed,9.0
-38.0,0.0,1,0,23.044113,52,Replayed,38.0
-5.0,0.0,-1,1,63.73897,52,Replayed,5.0
3.0,1.0,-1,0,55.86945,52,Replayed,3.0
1.0,-1.0,-1,0,55.59181,52,Replayed,1.0
1.0,-1.0,-1,0,53.28604,52,Replayed,1.0
38.0,0.0,1,1,94.418625,52,Replayed,38.0
5.0,1.0,1,1,79.52258,53,Replayed,5.0
3.0,1.0,1,1,74.324646,53,Replayed,3.0
-5.0,-1.0,-1,1,69.97524,53,Replayed,5.0
5.0,1.0,1,1,78.64623,53,Replayed,5.0
-38.0,1.0,-1,1,99.56612,53,Replayed,38.0
-3.0,1.0,1,0,65.74689,53,Replayed,3.0
3.0,0.0,1,1,71.40888,53,Replayed,3.0
38.0,-1.0,1,1,98.86182,53,Replayed,38.0
-3.0,0.0,-1,1,70.610695,53,Replayed,3.0
3.0,-1.0,1,1,68.34208,53,Replayed,3.0
38.0,1.0,1,1,99.59911,53,Replayed,38.0
-5.0,1.0,1,0,63.142532,53,Replayed,5.0
38.0,0.0,1,1,99.39096,53,Replayed,38.0
9.0,0.0,1,1,82.56629,53,Replayed,9.0
3.0,-1.0,-1,0,54.631508,53,Replayed,3.0
3.0,0.0,-1,0,59.582935,53,Replayed,3.0
1.0,0.0,1,1,66.47635,53,Replayed,1.0
-9.0,1.0,-1,1,83.89968,53,Replayed,9.0
9.0,-1.0,1,1,78.408455,53,Replayed,9.0
3.0,0.0,1,1,71.71983,53,Replayed,3.0
-9.0,0.0,1,0,51.433903,53,Replayed,9.0
-1.0,-1.0,1,0,59.000946,53,Replayed,1.0
5.0,1.0,-1,0,61.14989,53,Replayed,5.0
5.0,0.0,1,1,76.05861,53,Replayed,5.0
3.0,1.0,-1,0,64.34878,53,Replayed,3.0
1.0,1.0,1,1,70.439316,53,Replayed,1.0
-3.0,-1.0,-1,1,66.255615,53,Replayed,3.0
9.0,-1.0,1,1,79.294106,53,Replayed,9.0
-1.0,0.0,-1,1,65.66366,53,Replayed,1.0
-5.0,0.0,1,0,58.314114,53,Replayed,5.0
-3.0,-1.0,-1,1,66.966606,53,Replayed,3.0
-5.0,-1.0,1,0,53.5742,53,Replayed,5.0
3.0,-1.0,-1,0,55.519455,53,Replayed,3.0
3.0,0.0,1,1,72.30561,53,Replayed,3.0
9.0,0.0,1,1,82.60111,53,Replayed,9.0
-3.0,1.0,1,0,65.148415,53,Replayed,3.0
9.0,0.0,1,1,82.491554,53,Replayed,9.0
5.0,0.0,1,1,76.208275,53,Replayed,5.0
-3.0,-1.0,-1,1,66.56986,53,Replayed,3.0
9.0,1.0,1,1,85.158745,53,Replayed,9.0
38.0,-1.0,1,1,99.00109,53,Replayed,38.0
-5.0,0.0,1,0,57.91062,53,Replayed,5.0
1.0,1.0,1,1,71.66611,53,Replayed,1.0
38.0,1.0,1,1,99.56634,53,Replayed,38.0
5.0,-1.0,1,1,71.33333,53,Replayed,5.0
38.0,-1.0,1,1,98.93459,53,Replayed,38.0
1.0,1.0,-1,0,65.55248,53,Replayed,1.0
3.0,0.0,-1,0,59.544968,53,Replayed,3.0
9.0,0.0,-1,0,48.807354,53,Replayed,9.0
-1.0,1.0,1,0,67.26714,53,Replayed,1.0
-1.0,1.0,1,0,68.11126,53,Replayed,1.0
5.0,0.0,-1,0,57.294296,53,Replayed,5.0
-38.0,1.0,-1,1,99.50036,53,Replayed,38.0
1.0,-1.0,1,1,63.30744,53,Replayed,1.0
9.0,1.0,1,1,85.17309,53,Replayed,9.0
9.0,0.0,1,1,82.96122,53,Replayed,9.0
1.0,-1.0,1,1,63.840508,53,Replayed,1.0
-5.0,1.0,-1,1,77.88178,53,Replayed,5.0
-9.0,1.0,-1,1,84.9676,53,Replayed,9.0
-3.0,1.0,1,0,64.16256,53,Replayed,3.0
-9.0,-1.0,-1,1,78.17561,53,Replayed,9.0
9.0,1.0,1,1,84.932915,53,Replayed,9.0
-1.0,0.0,-1,1,66.48182,53,Replayed,1.0
5.0,0.0,-1,0,57.40367,53,Replayed,5.0
-38.0,0.0,-1,1,99.3038,53,Replayed,38.0
9.0,1.0,1,1,84.736595,53,Replayed,9.0
-1.0,1.0,-1,1,69.64949,53,Replayed,1.0
5.0,-1.0,1,1,71.627075,53,Replayed,5.0
-38.0,1.0,-1,1,99.51407,53,Replayed,38.0
38.0,0.0,1,1,99.31111,53,Replayed,38.0
-9.0,0.0,-1,1,81.09194,53,Replayed,9.0
5.0,0.0,1,1,75.430504,53,Replayed,5.0
-1.0,-1.0,1,0,60.36458,53,Replayed,1.0
-1.0,1.0,1,0,68.07353,53,Replayed,1.0
5.0,0.0,1,1,76.05238,53,Replayed,5.0
-3.0,-1.0,-1,1,66.469284,53,Replayed,3.0
-9.0,0.0,-1,1,81.56078,53,Replayed,9.0
5.0,-1.0,-1,0,51.335472,53,Replayed,5.0
-1.0,1.0,-1,1,70.342285,53,Replayed,1.0
-1.0,1.0,-1,1,69.06199,53,Replayed,1.0
5.0,1.0,-1,0,61.233543,53,Replayed,5.0
3.0,0.0,1,1,71.10238,53,Replayed,3.0
-9.0,0.0,-1,1,81.708046,53,Replayed,9.0
-3.0,1.0,1,0,65.72054,53,Replayed,3.0
-3.0,-1.0,1,0,57.499485,53,Replayed,3.0
3.0,-1.0,-1,0,55.353355,53,Replayed,3.0
3.0,-1.0,1,1,67.77718,53,Replayed,3.0
-3.0,0.0,-1,1,70.44567,53,Replayed,3.0
-5.0,-1.0,-1,1,70.96178,53,Replayed,5.0
-38.0,-1.0,-1,1,98.8346,53,Replayed,38.0
-1.0,-1.0,1,0,59.933887,53,Replayed,1.0
3.0,1.0,-1,0,63.6796,53,Replayed,3.0
-9.0,1.0,-1,1,84.67108,53,Replayed,9.0
-1.0,1.0,-1,1,69.86814,53,Replayed,1.0
3.0,-1.0,1,1,68.24623,53,Replayed,3.0
5.0,-1.0,-1,0,50.88322,53,Replayed,5.0
9.0,-1.0,1,1,78.77655,53,Replayed,9.0
-38.0,-1.0,-1,1,98.80302,53,Replayed,38.0
-3.0,1.0,1,0,65.428444,53,Replayed,3.0
38.0,1.0,1,1,99.5983,53,Replayed,38.0
3.0,1.0,1,1,75.813644,53,Replayed,3.0
-1.0,-1.0,-1,1,61.7235,53,Replayed,1.0
-9.0,1.0,-1,1,84.44229,53,Replayed,9.0
9.0,-1.0,1,1,79.38139,53,Replayed,9.0
1.0,1.0,1,1,70.79879,53,Replayed,1.0
-3.0,1.0,1,0,66.200165,53,Replayed,3.0
-38.0,-1.0,-1,1,98.84573,53,Replayed,38.0
-9.0,1.0,-1,1,84.24524,53,Replayed,9.0
9.0,1.0,1,1,85.35727,53,Replayed,9.0
-38.0,-1.0,-1,1,98.8609,53,Replayed,38.0
-5.0,1.0,-1,1,76.9576,53,Replayed,5.0
9.0,-1.0,1,1,78.412926,53,Replayed,9.0
-38.0,0.0,-1,1,99.28246,53,Replayed,38.0
-5.0,0.0,1,0,58.491676,53,Replayed,5.0
-38.0,0.0,-1,1,99.21509,53,Replayed,38.0
1.0,1.0,1,1,71.12442,53,Replayed,1.0
-9.0,0.0,1,0,51.116795,53,Replayed,9.0
-5.0,1.0,1,0,61.71415,53,Replayed,5.0
-38.0,1.0,-1,1,99.55906,53,Replayed,38.0
-38.0,-1.0,-1,1,98.81464,53,Replayed,38.0
-5.0,0.0,-1,1,75.299934,53,Replayed,5.0
-3.0,0.0,1,0,59.981327,53,Replayed,3.0
38.0,1.0,1,1,99.58645,53,Replayed,38.0
1.0,-1.0,-1,0,57.744484,53,Replayed,1.0
1.0,0.0,-1,0,62.638504,53,Replayed,1.0
38.0,1.0,1,1,99.564674,53,Replayed,38.0
1.0,-1.0,-1,0,58.25606,53,Replayed,1.0
-5.0,0.0,1,0,58.16241,53,Replayed,5.0
-9.0,-1.0,-1,1,77.296234,53,Replayed,9.0
9.0,0.0,-1,0,49.980007,53,Replayed,9.0
-9.0,-1.0,-1,1,77.856285,53,Replayed,9.0
1.0,0.0,-1,0,61.65223,53,Replayed,1.0
1.0,0.0,-1,0,63.225716,53,Replayed,1.0
-9.0,0.0,-1,1,81.58029,53,Replayed,9.0
-5.0,-1.0,-1,1,70.04631,53,Replayed,5.0
9.0,1.0,-1,0,56.313217,53,Replayed,9.0
-9.0,-1.0,-1,1,77.099976,53,Replayed,9.0
-9.0,1.0,1,0,56.206776,53,Replayed,9.0
-3.0,0.0,1,0,60.504677,53,Replayed,3.0
1.0,1.0,1,1,70.38951,53,Replayed,1.0
-3.0,1.0,1,0,65.59978,53,Replayed,3.0
5.0,1.0,-1,0,61.060993,53,Replayed,5.0
38.0,-1.0,1,1,98.91612,53,Replayed,38.0
38.0,-1.0,1,1,98.92088,53,Replayed,38.0
3.0,0.0,1,1,71.736946,53,Replayed,3.0
3.0,1.0,-1,0,63.14303,53,Replayed,3.0
-3.0,-1.0,1,0,55.97444,53,Replayed,3.0
-5.0,-1.0,1,0,53.266895,53,Replayed,5.0
38.0,-1.0,1,1,98.93832,53,Replayed,38.0
1.0,0.0,1,1,67.840385,53,Replayed,1.0
3.0,1.0,1,1,74.821075,53,Replayed,3.0
3.0,-1.0,-1,0,54.023964,53,Replayed,3.0
5.0,1.0,-1,0,60.097168,53,Replayed,5.0
-38.0,0.0,-1,1,99.32374,53,Replayed,38.0
-38.0,-1.0,-1,1,98.84589,53,Replayed,38.0
1.0,-1.0,1,1,63.35857,53,Replayed,1.0
9.0,-1.0,1,1,79.09391,53,Replayed,9.0
-3.0,0.0,-1,1,69.49027,53,Replayed,3.0
5.0,1.0,1,1,78.875145,53,Replayed,5.0
-1.0,0.0,1,0,63.55182,53,Replayed,1.0
9.0,0.0,1,1,82.87966,53,Replayed,9.0
38.0,0.0,1,1,99.40609,53,Replayed,38.0
-5.0,-1.0,1,0,52.94911,53,Replayed,5.0
1.0,-1.0,-1,0,56.71892,53,Replayed,1.0
-1.0,0.0,1,0,64.419846,53,Replayed,1.0
3.0,0.0,-1,0,59.365356,53,Replayed,3.0
-9.0,-1.0,-1,1,77.20428,53,Replayed,9.0
-38.0,1.0,-1,1,99.52077,53,Replayed,38.0
-38.0,1.0,-1,1,99.53993,53,Replayed,38.0
-38.0,-1.0,-1,1,98.83903,53,Replayed,38.0
-9.0,-1.0,-1,1,77.2743,53,Replayed,9.0
1.0,0.0,-1,0,63.142967,53,Replayed,1.0
9.0,0.0,-1,0,49.841846,53,Replayed,9.0
-38.0,1.0,-1,1,99.55322,53,Replayed,38.0
38.0,-1.0,1,1,99.00624,53,Replayed,38.0
5.0,-1.0,1,1,71.18296,53,Replayed,5.0
1.0,0.0,-1,0,62.182915,53,Replayed,1.0
-9.0,1.0,-1,1,84.54171,53,Replayed,9.0
9.0,-1.0,1,1,78.59631,53,Replayed,9.0
-5.0,0.0,-1,1,74.12121,53,Replayed,5.0
38.0,1.0,1,1,99.55739,53,Replayed,38.0
-5.0,-1.0,1,0,52.830738,53,Replayed,5.0
-1.0,0.0,1,0,63.862537,53,Replayed,1.0
-3.0,0.0,-1,1,70.69305,53,Replayed,3.0
-9.0,-1.0,-1,1,77.727875,53,Replayed,9.0
3.0,1.0,-1,0,64.17042,53,Replayed,3.0
-38.0,1.0,-1,1,99.491776,53,Replayed,38.0
-9.0,0.0,-1,1,81.08238,53,Replayed,9.0
-5.0,0.0,1,0,57.46022,53,Replayed,5.0
3.0,1.0,-1,0,63.70838,53,Replayed,3.0
-38.0,0.0,-1,1,99.23898,53,Replayed,38.0
38.0,1.0,1,1,99.55675,53,Replayed,38.0
38.0,-1.0,1,1,98.92555,53,Replayed,38.0
1.0,1.0,1,1,70.905525,53,Replayed,1.0
-5.0,1.0,-1,1,77.562035,53,Replayed,5.0
-5.0,0.0,-1,1,74.51069,53,Replayed,5.0
5.0,0.0,-1,0,55.658985,53,Replayed,5.0
5.0,0.0,1,1,75.60006,53,Replayed,5.0
-1.0,-1.0,1,0,58.48251,53,Replayed,1.0
1.0,1.0,-1,0,66.64316,53,Replayed,1.0
-1.0,-1.0,-1,1,61.753296,53,Replayed,1.0
-9.0,0.0,-1,1,81.88208,53,Replayed,9.0
-1.0,-1.0,-1,1,62.654583,53,Replayed,1.0
5.0,1.0,1,1,78.91703,53,Replayed,5.0
5.0,-1.0,1,1,72.19989,53,Replayed,5.0
-5.0,1.0,-1,1,77.64103,53,Replayed,5.0
3.0,-1.0,1,1,67.755394,53,Replayed,3.0
38.0,0.0,1,1,99.29062,53,Replayed,38.0
-3.0,1.0,-1,1,74.327805,53,Replayed,3.0
-1.0,0.0,-1,1,66.177155,53,Replayed,1.0
38.0,1.0,1,1,99.57468,53,Replayed,38.0
1.0,-1.0,-1,0,58.73108,53,Replayed,1.0
-38.0,0.0,-1,1,99.29006,53,Replayed,38.0
5.0,-1.0,-1,0,52.38089,53,Replayed,5.0
-38.0,-1.0,-1,1,98.78379,53,Replayed,38.0
-1.0,0.0,1,0,64.4704,53,Replayed,1.0
-5.0,1.0,-1,1,77.76646,53,Replayed,5.0
-38.0,0.0,-1,1,99.274864,53,Replayed,38.0
-38.0,0.0,-1,1,99.241844,53,Replayed,38.0
38.0,0.0,1,1,99.33936,53,Replayed,38.0
9.0,1.0,1,1,85.683975,53,Replayed,9.0
-5.0,-1.0,-1,1,70.68129,53,Replayed,5.0
-1.0,-1.0,1,0,59.75939,53,Replayed,1.0
1.0,0.0,1,1,68.064735,53,Replayed,1.0
38.0,0.0,1,1,99.299934,53,Replayed,38.0
-3.0,-1.0,-1,1,65.65652,53,Replayed,3.0
-1.0,1.0,1,0,68.04982,53,Replayed,1.0
38.0,0.0,1,1,99.36898,53,Replayed,38.0
-3.0,0.0,1,0,61.162025,53,Replayed,3.0
-3.0,-1.0,-1,1,67.21758,53,Replayed,3.0
38.0,0.0,1,1,99.35879,53,Replayed,38.0
1.0,-1.0,-1,0,57.324497,53,Replayed,1.0
5.0,-1.0,1,1,71.78458,53,Replayed,5.0
-9.0,-1.0,-1,1,77.40126,53,Replayed,9.0
-5.0,1.0,-1,1,77.98937,53,Replayed,5.0
9.0,-1.0,1,1,78.84163,53,Replayed,9.0
-9.0,1.0,1,0,56.81948,53,Replayed,9.0
-3.0,0.0,1,0,61.115097,53,Replayed,3.0
9.0,1.0,1,1,85.26791,53,Replayed,9.0
-1.0,0.0,-1,1,65.78373,53,Replayed,1.0
-3.0,0.0,1,0,49.02787,54,Replayed,3.0
-3.0,0.0,-1,1,61.642784,54,Replayed,3.0
-5.0,0.0,-1,1,63.036423,54,Replayed,5.0
5.0,0.0,1,1,57.73375,54,Replayed,5.0
-5.0,-1.0,1,0,45.800495,54,Replayed,5.0
5.0,1.0,1,1,60.02888,54,Replayed,5.0
1.0,-1.0,-1,0,55.01387,54,Replayed,1.0
-9.0,-1.0,-1,1,65.688255,54,Replayed,9.0
-9.0,1.0,1,0,46.831463,54,Replayed,9.0
-1.0,1.0,1,0,54.18737,54,Replayed,1.0
-3.0,-1.0,-1,1,58.12822,54,Replayed,3.0
-1.0,-1.0,1,0,49.128975,54,Replayed,1.0
-38.0,1.0,-1,1,88.96804,54,Replayed,38.0
-38.0,1.0,-1,1,88.848404,54,Replayed,38.0
-5.0,-1.0,-1,1,60.28555,54,Replayed,5.0
9.0,0.0,1,1,61.37621,54,Replayed,9.0
-38.0,0.0,-1,1,87.33097,54,Replayed,38.0
-1.0,-1.0,-1,1,57.225822,54,Replayed,1.0
9.0,0.0,1,1,61.934586,54,Replayed,9.0
3.0,-1.0,-1,0,54.604877,54,Replayed,3.0
-3.0,1.0,-1,1,62.075264,54,Replayed,3.0
38.0,-1.0,1,1,83.68736,54,Replayed,38.0
5.0,1.0,-1,0,54.265507,54,Replayed,5.0
-3.0,0.0,1,0,49.908966,54,Replayed,3.0
-5.0,1.0,-1,1,63.765186,54,Replayed,5.0
-38.0,1.0,-1,1,88.930336,54,Replayed,38.0
-3.0,-1.0,-1,1,60.109085,54,Replayed,3.0
-1.0,-1.0,1,0,48.836605,54,Replayed,1.0
38.0,1.0,1,1,85.71266,54,Replayed,38.0
1.0,-1.0,-1,0,55.88945,54,Replayed,1.0
1.0,-1.0,-1,0,56.130836,54,Replayed,1.0
-3.0,0.0,1,0,49.775726,54,Replayed,3.0
-5.0,0.0,1,0,47.75638,54,Replayed,5.0
9.0,0.0,1,1,61.880135,54,Replayed,9.0
9.0,1.0,-1,0,52.36152,54,Replayed,9.0
-9.0,0.0,1,0,44.198303,54,Replayed,9.0
5.0,0.0,1,1,58.42248,54,Replayed,5.0
-3.0,-1.0,1,0,47.47987,54,Replayed,3.0
-5.0,1.0,1,0,49.371754,54,Replayed,5.0
-3.0,1.0,-1,1,63.739944,54,Replayed,3.0
-38.0,1.0,-1,1,88.9666,54,Replayed,38.0
3.0,1.0,1,1,55.90175,54,Replayed,3.0
-9.0,1.0,-1,1,67.54124,54,Replayed,9.0
5.0,1.0,1,1,58.091747,54,Replayed,5.0
-9.0,0.0,1,0,44.34758,54,Replayed,9.0
9.0,1.0,-1,0,50.135136,54,Replayed,9.0
-3.0,1.0,-1,1,62.99994,54,Replayed,3.0
-5.0,-1.0,-1,1,61.197098,54,Replayed,5.0
9.0,0.0,-1,0,49.360325,54,Replayed,9.0
5.0,1.0,1,1,59.21824,54,Replayed,5.0
-9.0,1.0,-1,1,68.53186,54,Replayed,9.0
38.0,1.0,1,1,86.35479,54,Replayed,38.0
-3.0,0.0,1,0,49.257763,54,Replayed,3.0
38.0,0.0,-1,0,26.328827,54,Replayed,38.0
1.0,-1.0,-1,0,55.149876,54,Replayed,1.0
38.0,0.0,1,1,85.203384,54,Replayed,38.0
-5.0,-1.0,-1,1,60.394436,54,Replayed,5.0
-1.0,-1.0,1,0,48.896225,54,Replayed,1.0
-9.0,-1.0,-1,1,64.68345,54,Replayed,9.0
1.0,0.0,1,1,52.983986,54,Replayed,1.0
-1.0,0.0,-1,1,58.498943,54,Replayed,1.0
-5.0,0.0,-1,1,63.258446,54,Replayed,5.0
38.0,-1.0,1,1,83.618835,54,Replayed,38.0
38.0,0.0,1,1,84.66809,54,Replayed,38.0
-38.0,-1.0,-1,1,86.87906,54,Replayed,38.0
9.0,-1.0,-1,0,47.761124,54,Replayed,9.0
-9.0,0.0,-1,1,66.71277,54,Replayed,9.0
5.0,-1.0,-1,0,52.332962,54,Replayed,5.0
-9.0,-1.0,1,0,42.17517,54,Replayed,9.0
1.0,1.0,1,1,55.103153,54,Replayed,1.0
9.0,-1.0,1,1,59.403652,54,Replayed,9.0
38.0,0.0,1,1,84.83098,54,Replayed,38.0
-1.0,1.0,1,0,53.14634,54,Replayed,1.0
9.0,1.0,-1,0,50.864376,54,Replayed,9.0
3.0,0.0,1,1,55.559265,54,Replayed,3.0
9.0,-1.0,-1,0,48.277264,54,Replayed,9.0
9.0,0.0,-1,0,49.36917,54,Replayed,9.0
38.0,-1.0,1,1,83.99022,54,Replayed,38.0
-9.0,1.0,1,0,46.648952,54,Replayed,9.0
-38.0,-1.0,-1,1,86.2258,54,Replayed,38.0
38.0,0.0,-1,0,25.702303,54,Replayed,38.0
1.0,0.0,-1,0,57.40382,54,Replayed,1.0
-3.0,-1.0,-1,1,59.354992,54,Replayed,3.0
1.0,0.0,-1,0,57.117115,54,Replayed,1.0
9.0,-1.0,-1,0,48.04621,54,Replayed,9.0
-1.0,0.0,-1,1,59.657555,54,Replayed,1.0
1.0,-1.0,-1,0,55.973698,54,Replayed,1.0
1.0,1.0,1,1,55.14064,54,Replayed,1.0
9.0,1.0,-1,0,52.131218,54,Replayed,9.0
3.0,1.0,-1,0,55.85164,54,Replayed,3.0
3.0,1.0,-1,0,56.84562,54,Replayed,3.0
38.0,-1.0,1,1,83.01973,54,Replayed,38.0
-38.0,0.0,-1,1,87.91535,54,Replayed,38.0
5.0,0.0,1,1,57.48714,54,Replayed,5.0
-38.0,0.0,-1,1,87.69234,54,Replayed,38.0
-38.0,1.0,-1,1,88.730064,54,Replayed,38.0
-3.0,0.0,-1,1,60.319283,54,Replayed,3.0
5.0,0.0,-1,0,53.79806,54,Replayed,5.0
-9.0,0.0,-1,1,66.818855,54,Replayed,9.0
-38.0,1.0,-1,1,88.775566,54,Replayed,38.0
-1.0,0.0,1,0,51.20044,54,Replayed,1.0
-1.0,0.0,-1,1,58.541004,54,Replayed,1.0
-1.0,0.0,-1,1,59.156918,54,Replayed,1.0
38.0,1.0,1,1,85.84613,54,Replayed,38.0
9.0,0.0,-1,0,50.01064,54,Replayed,9.0
-1.0,1.0,1,0,52.458824,54,Replayed,1.0
1.0,-1.0,-1,0,56.33402,54,Replayed,1.0
9.0,1.0,1,1,62.418617,54,Replayed,9.0
-3.0,1.0,-1,1,61.655487,54,Replayed,3.0
3.0,0.0,-1,0,55.630104,54,Replayed,3.0
-9.0,-1.0,1,0,41.91617,54,Replayed,9.0
38.0,1.0,1,1,86.25917,54,Replayed,38.0
9.0,1.0,-1,0,51.705406,54,Replayed,9.0
5.0,-1.0,1,1,55.87266,54,Replayed,5.0
-3.0,0.0,-1,1,60.423058,54,Replayed,3.0
1.0,1.0,-1,0,58.017338,54,Replayed,1.0
9.0,-1.0,-1,0,48.066826,54,Replayed,9.0
-38.0,-1.0,-1,1,87.13055,54,Replayed,38.0
38.0,-1.0,1,1,84.22925,54,Replayed,38.0
-5.0,1.0,-1,1,63.169815,54,Replayed,5.0
-5.0,1.0,-1,1,63.860863,54,Replayed,5.0
1.0,0.0,-1,0,57.276768,54,Replayed,1.0
-9.0,-1.0,1,0,43.392536,54,Replayed,9.0
-9.0,-1.0,1,0,42.52098,54,Replayed,9.0
9.0,0.0,-1,0,49.617554,54,Replayed,9.0
-5.0,1.0,-1,1,65.35515,54,Replayed,5.0
-9.0,0.0,1,0,44.360138,54,Replayed,9.0
3.0,1.0,-1,0,56.465305,54,Replayed,3.0
38.0,1.0,1,1,85.74646,54,Replayed,38.0
-9.0,-1.0,-1,1,65.84087,54,Replayed,9.0
5.0,0.0,-1,0,54.30138,54,Replayed,5.0
38.0,1.0,1,1,86.0684,54,Replayed,38.0
1.0,-1.0,-1,0,55.146416,54,Replayed,1.0
-5.0,0.0,-1,1,62.85668,54,Replayed,5.0
1.0,0.0,-1,0,58.40565,54,Replayed,1.0
-9.0,0.0,-1,1,66.91547,54,Replayed,9.0
-1.0,-1.0,-1,1,58.116676,54,Replayed,1.0
-38.0,-1.0,-1,1,87.01316,54,Replayed,38.0
3.0,-1.0,-1,0,54.16671,54,Replayed,3.0
-9.0,1.0,-1,1,67.73188,54,Replayed,9.0
-38.0,0.0,-1,1,87.3804,54,Replayed,38.0
38.0,1.0,1,1,86.19542,54,Replayed,38.0
5.0,0.0,1,1,57.151085,54,Replayed,5.0
-9.0,-1.0,-1,1,64.89684,54,Replayed,9.0
-5.0,-1.0,-1,1,61.498695,54,Replayed,5.0
3.0,1.0,-1,0,57.67943,54,Replayed,3.0
-1.0,1.0,-1,1,61.360973,54,Replayed,1.0
3.0,0.0,1,1,55.90726,54,Replayed,3.0
-3.0,-1.0,1,0,47.86893,54,Replayed,3.0
3.0,0.0,1,1,55.753017,54,Replayed,3.0
-5.0,0.0,-1,1,62.728912,54,Replayed,5.0
-1.0,-1.0,-1,1,57.2568,54,Replayed,1.0
9.0,-1.0,-1,0,47.223095,54,Replayed,9.0
-38.0,-1.0,-1,1,86.7029,54,Replayed,38.0
-3.0,0.0,-1,1,60.40961,54,Replayed,3.0
-9.0,0.0,-1,1,66.47293,54,Replayed,9.0
38.0,-1.0,1,1,83.831116,54,Replayed,38.0
-9.0,1.0,-1,1,69.0238,54,Replayed,9.0
38.0,0.0,1,1,84.50321,54,Replayed,38.0
-38.0,-1.0,-1,1,86.89458,54,Replayed,38.0
-3.0,1.0,1,0,51.288815,54,Replayed,3.0
-5.0,0.0,1,0,48.132137,54,Replayed,5.0
-5.0,-1.0,-1,1,61.932842,54,Replayed,5.0
-38.0,0.0,-1,1,87.485725,54,Replayed,38.0
-1.0,0.0,1,0,51.850475,54,Replayed,1.0
9.0,-1.0,1,1,60.314804,54,Replayed,9.0
-38.0,-1.0,-1,1,86.07242,54,Replayed,38.0
5.0,-1.0,1,1,56.23363,54,Replayed,5.0
1.0,0.0,-1,0,56.017494,54,Replayed,1.0
5.0,-1.0,-1,0,52.16235,54,Replayed,5.0
-38.0,1.0,1,0,23.695812,54,Replayed,38.0
-3.0,-1.0,1,0,48.013935,54,Replayed,3.0
-1.0,0.0,1,0,50.700706,54,Replayed,1.0
-5.0,-1.0,-1,1,61.541103,54,Replayed,5.0
1.0,0.0,1,1,53.948273,54,Replayed,1.0
-1.0,1.0,1,0,52.83979,54,Replayed,1.0
1.0,0.0,-1,0,57.605457,54,Replayed,1.0
5.0,1.0,1,1,59.59656,54,Replayed,5.0
1.0,1.0,1,1,54.859577,54,Replayed,1.0
38.0,-1.0,1,1,82.91167,54,Replayed,38.0
-1.0,0.0,-1,1,58.740837,54,Replayed,1.0
1.0,1.0,-1,0,58.428413,54,Replayed,1.0
-5.0,1.0,1,0,49.448074,54,Replayed,5.0
-9.0,0.0,1,0,44.162674,54,Replayed,9.0
9.0,-1.0,-1,0,47.780712,54,Replayed,9.0
-9.0,1.0,-1,1,68.185005,54,Replayed,9.0
9.0,1.0,-1,0,52.33733,54,Replayed,9.0
1.0,1.0,-1,0,58.66255,54,Replayed,1.0
3.0,-1.0,1,1,54.630924,54,Replayed,3.0
3.0,-1.0,-1,0,54.036713,54,Replayed,3.0
3.0,1.0,-1,0,57.34983,54,Replayed,3.0
1.0,1.0,-1,0,59.67173,54,Replayed,1.0
3.0,1.0,-1,0,57.16913,54,Replayed,3.0
-1.0,1.0,1,0,53.48866,54,Replayed,1.0
38.0,0.0,1,1,85.184364,54,Replayed,38.0
9.0,1.0,-1,0,52.57941,54,Replayed,9.0
5.0,-1.0,-1,0,50.79759,54,Replayed,5.0
-38.0,1.0,-1,1,88.51804,54,Replayed,38.0
38.0,0.0,1,1,84.78105,54,Replayed,38.0
1.0,1.0,-1,0,58.09801,54,Replayed,1.0
-1.0,1.0,-1,1,59.642696,54,Replayed,1.0
3.0,-1.0,1,1,53.4143,54,Replayed,3.0
5.0,1.0,1,1,59.044395,54,Replayed,5.0
5.0,-1.0,-1,0,52.617687,54,Replayed,5.0
5.0,-1.0,-1,0,52.12384,54,Replayed,5.0
5.0,0.0,-1,0,53.72037,54,Replayed,5.0
-3.0,-1.0,1,0,48.395775,54,Replayed,3.0
38.0,1.0,1,1,85.41937,54,Replayed,38.0
-5.0,0.0,1,0,48.41869,54,Replayed,5.0
3.0,-1.0,-1,0,54.35315,54,Replayed,3.0
38.0,-1.0,1,1,83.70752,54,Replayed,38.0
-5.0,1.0,-1,1,64.18663,54,Replayed,5.0
-1.0,-1.0,1,0,49.307304,54,Replayed,1.0
3.0,0.0,1,1,54.664337,54,Replayed,3.0
-1.0,-1.0,1,0,49.76068,54,Replayed,1.0
-5.0,0.0,-1,1,62.085213,54,Replayed,5.0
3.0,-1.0,1,1,53.82667,54,Replayed,3.0
-38.0,0.0,-1,1,87.393265,54,Replayed,38.0
1.0,-1.0,-1,0,55.078976,54,Replayed,1.0
3.0,0.0,1,1,55.06944,54,Replayed,3.0
-9.0,1.0,-1,1,68.54409,54,Replayed,9.0
5.0,1.0,1,1,59.212173,54,Replayed,5.0
-3.0,1.0,1,0,51.713608,54,Replayed,3.0
3.0,0.0,-1,0,53.837364,54,Replayed,3.0
-3.0,-1.0,1,0,47.135506,54,Replayed,3.0
-38.0,0.0,-1,1,87.4356,54,Replayed,38.0
-1.0,1.0,-1,1,61.037075,54,Replayed,1.0
3.0,1.0,-1,0,56.98043,54,Replayed,3.0
-5.0,-1.0,1,0,46.989033,54,Replayed,5.0
5.0,-1.0,1,1,55.5089,54,Replayed,5.0
-38.0,0.0,-1,1,88.059845,54,Replayed,38.0
9.0,0.0,-1,0,50.322456,54,Replayed,9.0
-3.0,1.0,-1,1,62.416344,54,Replayed,3.0
5.0,0.0,-1,0,54.64918,54,Replayed,5.0
9.0,-1.0,1,1,62.79622,55,Replayed,9.0
-38.0,-1.0,-1,1,80.418785,55,Replayed,38.0
-9.0,0.0,1,0,52.573353,55,Replayed,9.0
-9.0,1.0,-1,1,66.84426,55,Replayed,9.0
-9.0,1.0,-1,1,66.734535,55,Replayed,9.0
5.0,-1.0,-1,0,40.827858,55,Replayed,5.0
-1.0,0.0,1,0,58.057507,55,Replayed,1.0
-1.0,1.0,1,0,64.26355,55,Replayed,1.0
-1.0,1.0,-1,1,57.679344,55,Replayed,1.0
-3.0,1.0,1,0,61.507618,55,Replayed,3.0
38.0,1.0,1,1,94.35364,55,Replayed,38.0
1.0,-1.0,1,1,55.889275,55,Replayed,1.0
3.0,1.0,-1,0,53.595497,55,Replayed,3.0
5.0,0.0,1,1,64.85371,55,Replayed,5.0
-5.0,-1.0,-1,1,52.288525,55,Replayed,5.0
-1.0,0.0,1,0,58.534206,55,Replayed,1.0
5.0,1.0,1,1,69.81871,55,Replayed,5.0
-5.0,-1.0,1,0,49.707527,55,Replayed,5.0
-5.0,0.0,-1,1,57.100384,55,Replayed,5.0
1.0,1.0,-1,0,55.105392,55,Replayed,1.0
-1.0,-1.0,1,0,53.575047,55,Replayed,1.0
9.0,0.0,1,1,68.950775,55,Replayed,9.0
1.0,1.0,1,1,65.88678,55,Replayed,1.0
-3.0,1.0,-1,1,60.547607,55,Replayed,3.0
3.0,0.0,1,1,62.619774,55,Replayed,3.0
-1.0,-1.0,-1,1,47.175446,55,Replayed,1.0
-1.0,1.0,-1,1,57.250935,55,Replayed,1.0
9.0,0.0,1,1,69.759766,55,Replayed,9.0
1.0,-1.0,1,1,56.210663,55,Replayed,1.0
-9.0,-1.0,1,0,44.925602,55,Replayed,9.0
-5.0,-1.0,-1,1,50.19491,55,Replayed,5.0
-3.0,0.0,-1,1,54.60341,55,Replayed,3.0
38.0,1.0,1,1,94.022736,55,Replayed,38.0
3.0,1.0,1,1,68.49465,55,Replayed,3.0
1.0,1.0,-1,0,55.860085,55,Replayed,1.0
-5.0,-1.0,1,0,49.828056,55,Replayed,5.0
-38.0,1.0,-1,1,90.86729,55,Replayed,38.0
9.0,-1.0,1,1,63.370567,55,Replayed,9.0
3.0,-1.0,1,1,57.275063,55,Replayed,3.0
-1.0,1.0,1,0,62.86916,55,Replayed,1.0
38.0,-1.0,1,1,84.30627,55,Replayed,38.0
5.0,1.0,1,1,69.36854,55,Replayed,5.0
1.0,1.0,1,1,64.14147,55,Replayed,1.0
-38.0,1.0,-1,1,91.76766,55,Replayed,38.0
38.0,-1.0,-1,0,16.073833,55,Replayed,38.0
1.0,-1.0,1,1,55.12904,55,Replayed,1.0
-9.0,0.0,1,0,52.402653,55,Replayed,9.0
1.0,1.0,1,1,65.35624,55,Replayed,1.0
-38.0,0.0,-1,1,87.25836,55,Replayed,38.0
5.0,1.0,1,1,69.979774,55,Replayed,5.0
3.0,-1.0,1,1,57.847946,55,Replayed,3.0
-1.0,1.0,1,0,63.25227,55,Replayed,1.0
5.0,-1.0,1,1,58.531338,55,Replayed,5.0
-38.0,-1.0,-1,1,80.1869,55,Replayed,38.0
9.0,1.0,1,1,75.021385,55,Replayed,9.0
9.0,0.0,1,1,68.53208,55,Replayed,9.0
5.0,1.0,-1,0,52.768562,55,Replayed,5.0
5.0,1.0,1,1,69.86772,55,Replayed,5.0
5.0,-1.0,1,1,59.0193,55,Replayed,5.0
-3.0,0.0,-1,1,55.08712,55,Replayed,3.0
-5.0,-1.0,-1,1,51.524353,55,Replayed,5.0
5.0,0.0,-1,0,46.94087,55,Replayed,5.0
38.0,0.0,1,1,90.38488,55,Replayed,38.0
38.0,0.0,1,1,90.99482,55,Replayed,38.0
3.0,1.0,1,1,67.157776,55,Replayed,3.0
38.0,0.0,1,1,90.1172,55,Replayed,38.0
3.0,-1.0,1,1,56.95355,55,Replayed,3.0
-1.0,-1.0,1,0,53.595566,55,Replayed,1.0
9.0,-1.0,1,1,62.175293,55,Replayed,9.0
-5.0,1.0,1,0,60.273487,55,Replayed,5.0
-9.0,1.0,1,0,58.20148,55,Replayed,9.0
-3.0,0.0,-1,1,54.465176,55,Replayed,3.0
-9.0,0.0,-1,1,61.13931,55,Replayed,9.0
1.0,0.0,1,1,60.289375,55,Replayed,1.0
5.0,0.0,1,1,65.32615,55,Replayed,5.0
3.0,1.0,1,1,66.838264,55,Replayed,3.0
3.0,0.0,-1,0,49.39895,55,Replayed,3.0
5.0,-1.0,1,1,60.528404,55,Replayed,5.0
3.0,0.0,1,1,62.869476,55,Replayed,3.0
-9.0,-1.0,-1,1,54.5745,55,Replayed,9.0
5.0,0.0,1,1,65.194016,55,Replayed,5.0
-5.0,1.0,-1,1,62.386806,55,Replayed,5.0
5.0,0.0,-1,0,48.157112,55,Replayed,5.0
3.0,0.0,1,1,62.171642,55,Replayed,3.0
5.0,0.0,1,1,64.253494,55,Replayed,5.0
5.0,0.0,1,1,64.31813,55,Replayed,5.0
-1.0,1.0,1,0,63.11372,55,Replayed,1.0
-38.0,-1.0,-1,1,79.89995,55,Replayed,38.0
-3.0,-1.0,1,0,51.40093,55,Replayed,3.0
-9.0,0.0,-1,1,61.87193,55,Replayed,9.0
9.0,0.0,1,1,68.26241,55,Replayed,9.0
38.0,1.0,1,1,94.00027,55,Replayed,38.0
38.0,0.0,1,1,90.20366,55,Replayed,38.0
-1.0,1.0,-1,1,57.103615,55,Replayed,1.0
3.0,0.0,1,1,63.01638,55,Replayed,3.0
3.0,-1.0,1,1,57.080494,55,Replayed,3.0
38.0,1.0,1,1,93.80604,55,Replayed,38.0
-1.0,0.0,-1,1,52.327812,55,Replayed,1.0
38.0,0.0,1,1,90.79972,55,Replayed,38.0
-3.0,0.0,-1,1,53.879154,55,Replayed,3.0
-5.0,0.0,1,0,55.07965,55,Replayed,5.0
9.0,-1.0,1,1,62.96377,55,Replayed,9.0
-5.0,0.0,1,0,55.650414,55,Replayed,5.0
1.0,0.0,1,1,60.56759,55,Replayed,1.0
-38.0,1.0,-1,1,91.274086,55,Replayed,38.0
-1.0,0.0,1,0,58.154774,55,Replayed,1.0
1.0,-1.0,-1,0,45.241417,55,Replayed,1.0
1.0,-1.0,1,1,54.418003,55,Replayed,1.0
-1.0,-1.0,1,0,53.529686,55,Replayed,1.0
-1.0,-1.0,1,0,52.464493,55,Replayed,1.0
1.0,0.0,-1,0,50.079052,55,Replayed,1.0
-3.0,0.0,1,0,57.636036,55,Replayed,3.0
-1.0,-1.0,1,0,53.57451,55,Replayed,1.0
-3.0,-1.0,1,0,51.20089,55,Replayed,3.0
9.0,1.0,1,1,74.20094,55,Replayed,9.0
5.0,-1.0,1,1,58.263023,55,Replayed,5.0
-38.0,0.0,-1,1,87.31862,55,Replayed,38.0
-9.0,-1.0,1,0,46.553448,55,Replayed,9.0
-5.0,1.0,1,0,61.479725,55,Replayed,5.0
9.0,-1.0,1,1,62.535923,55,Replayed,9.0
9.0,-1.0,1,1,61.71388,55,Replayed,9.0
-5.0,0.0,1,0,55.09618,55,Replayed,5.0
-5.0,0.0,-1,1,56.531662,55,Replayed,5.0
-5.0,-1.0,1,0,49.20249,55,Replayed,5.0
3.0,0.0,1,1,63.18354,55,Replayed,3.0
-38.0,-1.0,-1,1,78.84354,55,Replayed,38.0
-9.0,-1.0,1,0,44.428623,55,Replayed,9.0
-1.0,0.0,1,0,58.506657,55,Replayed,1.0
-1.0,0.0,1,0,58.708447,55,Replayed,1.0
-38.0,0.0,-1,1,86.53563,55,Replayed,38.0
-9.0,1.0,1,0,58.17441,55,Replayed,9.0
5.0,-1.0,-1,0,41.493412,55,Replayed,5.0
38.0,-1.0,1,1,84.986725,55,Replayed,38.0
-38.0,-1.0,-1,1,79.45957,55,Replayed,38.0
-9.0,-1.0,1,0,46.049587,55,Replayed,9.0
-3.0,-1.0,1,0,51.719063,55,Replayed,3.0
-9.0,-1.0,-1,1,54.06646,55,Replayed,9.0
-3.0,1.0,1,0,62.85441,55,Replayed,3.0
9.0,1.0,1,1,74.57961,55,Replayed,9.0
-9.0,0.0,-1,1,61.90614,55,Replayed,9.0
9.0,0.0,1,1,69.23176,55,Replayed,9.0
3.0,1.0,-1,0,53.85333,55,Replayed,3.0
9.0,1.0,1,1,74.927536,55,Replayed,9.0
38.0,-1.0,1,1,84.629005,55,Replayed,38.0
38.0,-1.0,1,1,85.106094,55,Replayed,38.0
9.0,-1.0,-1,0,36.9758,55,Replayed,9.0
1.0,1.0,1,1,65.37006,55,Replayed,1.0
-3.0,1.0,-1,1,60.26672,55,Replayed,3.0
-38.0,1.0,-1,1,91.46244,55,Replayed,38.0
-5.0,0.0,-1,1,56.668453,55,Replayed,5.0
38.0,1.0,1,1,93.61802,55,Replayed,38.0
-9.0,1.0,-1,1,68.13063,55,Replayed,9.0
3.0,-1.0,1,1,56.596363,55,Replayed,3.0
5.0,-1.0,1,1,59.75045,55,Replayed,5.0
-5.0,0.0,-1,1,57.049053,55,Replayed,5.0
9.0,0.0,-1,0,44.828133,55,Replayed,9.0
-3.0,1.0,-1,1,60.488014,55,Replayed,3.0
38.0,1.0,1,1,94.09374,55,Replayed,38.0
3.0,-1.0,1,1,56.60622,55,Replayed,3.0
-1.0,0.0,1,0,58.794056,55,Replayed,1.0
38.0,-1.0,1,1,84.990685,55,Replayed,38.0
3.0,-1.0,1,1,57.86952,55,Replayed,3.0
-9.0,-1.0,-1,1,54.22997,55,Replayed,9.0
-9.0,-1.0,-1,1,54.908634,55,Replayed,9.0
1.0,-1.0,1,1,55.920853,55,Replayed,1.0
-5.0,1.0,-1,1,63.222862,55,Replayed,5.0
1.0,-1.0,-1,0,45.505817,55,Replayed,1.0
-5.0,1.0,1,0,61.46752,55,Replayed,5.0
-1.0,-1.0,1,0,53.27456,55,Replayed,1.0
-3.0,1.0,-1,1,60.442078,55,Replayed,3.0
1.0,-1.0,1,1,54.63086,55,Replayed,1.0
3.0,1.0,1,1,67.28865,55,Replayed,3.0
-5.0,0.0,-1,1,57.346546,55,Replayed,5.0
-5.0,1.0,1,0,60.92695,55,Replayed,5.0
-38.0,1.0,-1,1,91.70576,55,Replayed,38.0
1.0,0.0,1,1,60.465897,55,Replayed,1.0
1.0,0.0,1,1,61.34779,55,Replayed,1.0
-3.0,-1.0,-1,1,49.05902,55,Replayed,3.0
5.0,1.0,1,1,69.473495,55,Replayed,5.0
1.0,0.0,1,1,60.417503,55,Replayed,1.0
-3.0,1.0,1,0,60.973537,55,Replayed,3.0
-3.0,-1.0,-1,1,49.87618,55,Replayed,3.0
-1.0,-1.0,-1,1,47.7145,55,Replayed,1.0
-3.0,-1.0,1,0,51.55393,55,Replayed,3.0
3.0,-1.0,1,1,57.707016,55,Replayed,3.0
3.0,0.0,1,1,62.09652,55,Replayed,3.0
-38.0,0.0,-1,1,86.407104,55,Replayed,38.0
5.0,1.0,1,1,70.06957,55,Replayed,5.0
-9.0,0.0,-1,1,62.5894,55,Replayed,9.0
-38.0,0.0,-1,1,87.448814,55,Replayed,38.0
-3.0,0.0,-1,1,55.08579,55,Replayed,3.0
-38.0,1.0,-1,1,91.94338,55,Replayed,38.0
-5.0,1.0,1,0,60.891552,55,Replayed,5.0
3.0,1.0,1,1,67.492134,55,Replayed,3.0
-9.0,1.0,-1,1,66.717705,55,Replayed,9.0
-5.0,1.0,1,0,61.13333,55,Replayed,5.0
-1.0,1.0,-1,1,57.83611,55,Replayed,1.0
-38.0,1.0,-1,1,91.2938,55,Replayed,38.0
9.0,1.0,1,1,74.38753,55,Replayed,9.0
38.0,0.0,1,1,89.96,55,Replayed,38.0
-38.0,0.0,-1,1,86.759575,55,Replayed,38.0
-9.0,1.0,-1,1,66.994774,55,Replayed,9.0
5.0,0.0,1,1,65.000084,55,Replayed,5.0
-38.0,1.0,-1,1,91.417656,55,Replayed,38.0
-9.0,0.0,-1,1,60.88276,55,Replayed,9.0
-3.0,0.0,1,0,57.661694,55,Replayed,3.0
-1.0,0.0,1,0,58.34317,55,Replayed,1.0
9.0,1.0,1,1,74.18042,55,Replayed,9.0
9.0,1.0,1,1,74.37664,55,Replayed,9.0
-38.0,-1.0,-1,1,79.84988,55,Replayed,38.0
38.0,-1.0,1,1,83.89093,55,Replayed,38.0
38.0,1.0,1,1,93.41594,55,Replayed,38.0
-3.0,-1.0,1,0,51.53429,55,Replayed,3.0
1.0,0.0,1,1,60.71842,55,Replayed,1.0
5.0,1.0,1,1,71.174774,55,Replayed,5.0
3.0,1.0,1,1,67.24724,55,Replayed,3.0
-38.0,0.0,-1,1,86.63789,55,Replayed,38.0
1.0,1.0,1,1,65.59511,55,Replayed,1.0
9.0,0.0,-1,0,44.10462,55,Replayed,9.0
-38.0,-1.0,-1,1,79.6292,55,Replayed,38.0
1.0,1.0,1,1,64.6714,55,Replayed,1.0
-5.0,-1.0,1,0,49.826694,55,Replayed,5.0
1.0,0.0,1,1,59.91054,55,Replayed,1.0
38.0,0.0,1,1,90.597115,55,Replayed,38.0
38.0,0.0,1,1,90.24637,55,Replayed,38.0
-3.0,-1.0,-1,1,95.19412,56,Replayed,3.0
9.0,-1.0,1,1,98.26506,56,Replayed,9.0
3.0,-1.0,1,1,95.36448,56,Replayed,3.0
5.0,0.0,-1,0,92.74229,56,Replayed,5.0
38.0,-1.0,1,1,99.98631,56,Replayed,38.0
-1.0,1.0,1,0,93.05753,56,Replayed,1.0
9.0,0.0,-1,0,92.53337,56,Replayed,9.0
-3.0,1.0,1,0,93.23529,56,Replayed,3.0
5.0,1.0,-1,0,92.348526,56,Replayed,5.0
38.0,1.0,1,1,99.98472,56,Replayed,38.0
9.0,-1.0,1,1,98.192856,56,Replayed,9.0
-9.0,1.0,1,0,93.40841,56,Replayed,9.0
3.0,0.0,-1,0,92.875824,56,Replayed,3.0
5.0,0.0,1,1,96.86653,56,Replayed,5.0
5.0,1.0,-1,0,92.803154,56,Replayed,5.0
-3.0,-1.0,-1,1,94.91803,56,Replayed,3.0
5.0,1.0,1,1,96.749985,56,Replayed,5.0
-38.0,0.0,-1,1,99.98664,56,Replayed,38.0
38.0,1.0,1,1,99.98683,56,Replayed,38.0
-5.0,-1.0,1,0,93.40372,56,Replayed,5.0
5.0,0.0,-1,0,92.68877,56,Replayed,5.0
-38.0,1.0,-1,1,99.98636,56,Replayed,38.0
9.0,0.0,1,1,98.164955,56,Replayed,9.0
1.0,1.0,-1,0,92.42672,56,Replayed,1.0
-38.0,1.0,-1,1,99.98694,56,Replayed,38.0
1.0,0.0,-1,0,92.26757,56,Replayed,1.0
-1.0,1.0,-1,1,93.336464,56,Replayed,1.0
-5.0,-1.0,-1,1,96.137184,56,Replayed,5.0
-1.0,1.0,1,0,93.27708,56,Replayed,1.0
3.0,0.0,-1,0,92.06704,56,Replayed,3.0
9.0,0.0,1,1,98.40093,56,Replayed,9.0
9.0,0.0,1,1,98.217285,56,Replayed,9.0
-3.0,-1.0,-1,1,95.23324,56,Replayed,3.0
38.0,1.0,1,1,99.98696,56,Replayed,38.0
-5.0,0.0,-1,1,96.60538,56,Replayed,5.0
38.0,1.0,1,1,99.98545,56,Replayed,38.0
-1.0,0.0,-1,1,93.48966,56,Replayed,1.0
-1.0,1.0,-1,1,93.380806,56,Replayed,1.0
-5.0,1.0,-1,1,96.5157,56,Replayed,5.0
38.0,1.0,1,1,99.98749,56,Replayed,38.0
3.0,0.0,-1,0,92.16144,56,Replayed,3.0
3.0,0.0,1,1,95.83016,56,Replayed,3.0
-3.0,1.0,1,0,92.645836,56,Replayed,3.0
9.0,0.0,1,1,98.49931,56,Replayed,9.0
-1.0,-1.0,-1,1,93.379105,56,Replayed,1.0
9.0,-1.0,1,1,98.48905,56,Replayed,9.0
-1.0,0.0,1,0,93.27345,56,Replayed,1.0
-38.0,-1.0,-1,1,99.98534,56,Replayed,38.0
9.0,-1.0,1,1,98.36554,56,Replayed,9.0
-5.0,0.0,1,0,93.07018,56,Replayed,5.0
-9.0,0.0,1,0,92.95288,56,Replayed,9.0
-1.0,0.0,-1,1,93.18076,56,Replayed,1.0
-3.0,0.0,1,0,93.19547,56,Replayed,3.0
5.0,1.0,1,1,96.69248,56,Replayed,5.0
9.0,1.0,1,1,98.31747,56,Replayed,9.0
1.0,1.0,1,1,93.80759,56,Replayed,1.0
-3.0,1.0,-1,1,95.229164,56,Replayed,3.0
-3.0,1.0,1,0,93.215385,56,Replayed,3.0
-5.0,1.0,1,0,93.02769,56,Replayed,5.0
5.0,1.0,1,1,96.66101,56,Replayed,5.0
1.0,-1.0,-1,0,92.09841,56,Replayed,1.0
-38.0,0.0,-1,1,99.98694,56,Replayed,38.0
-9.0,-1.0,-1,1,98.19139,56,Replayed,9.0
-5.0,1.0,-1,1,96.011826,56,Replayed,5.0
-1.0,-1.0,1,0,92.54948,56,Replayed,1.0
-38.0,1.0,-1,1,99.98607,56,Replayed,38.0
-38.0,-1.0,-1,1,99.98763,56,Replayed,38.0
-5.0,-1.0,-1,1,96.13911,56,Replayed,5.0
3.0,1.0,1,1,95.51298,56,Replayed,3.0
-3.0,-1.0,1,0,92.392944,56,Replayed,3.0
9.0,-1.0,1,1,98.221466,56,Replayed,9.0
3.0,1.0,-1,0,92.66687,56,Replayed,3.0
-9.0,1.0,-1,1,98.25243,56,Replayed,9.0
3.0,-1.0,1,1,95.45098,56,Replayed,3.0
1.0,-1.0,-1,0,92.58154,56,Replayed,1.0
-38.0,0.0,-1,1,99.98503,56,Replayed,38.0
3.0,-1.0,-1,0,92.008316,56,Replayed,3.0
9.0,0.0,-1,0,92.209175,56,Replayed,9.0
5.0,0.0,-1,0,92.30621,56,Replayed,5.0
3.0,-1.0,-1,0,92.44001,56,Replayed,3.0
-5.0,1.0,-1,1,96.58992,56,Replayed,5.0
-9.0,-1.0,-1,1,98.06022,56,Replayed,9.0
38.0,1.0,1,1,99.98679,56,Replayed,38.0
5.0,-1.0,1,1,96.65722,56,Replayed,5.0
-9.0,-1.0,-1,1,98.172935,56,Replayed,9.0
-1.0,0.0,1,0,93.143234,56,Replayed,1.0
3.0,-1.0,-1,0,92.13609,56,Replayed,3.0
-9.0,1.0,-1,1,98.03971,56,Replayed,9.0
-38.0,0.0,-1,1,99.98608,56,Replayed,38.0
1.0,-1.0,1,1,93.932755,56,Replayed,1.0
5.0,0.0,1,1,96.64778,56,Replayed,5.0
38.0,-1.0,1,1,99.987144,56,Replayed,38.0
38.0,0.0,1,1,99.98749,56,Replayed,38.0
-5.0,-1.0,-1,1,95.98414,56,Replayed,5.0
-5.0,0.0,1,0,92.69951,56,Replayed,5.0
-9.0,-1.0,-1,1,98.293526,56,Replayed,9.0
-3.0,1.0,-1,1,94.90273,56,Replayed,3.0
5.0,0.0,1,1,96.67759,56,Replayed,5.0
-38.0,-1.0,-1,1,99.987045,56,Replayed,38.0
-1.0,-1.0,-1,1,93.19639,56,Replayed,1.0
3.0,1.0,-1,0,91.97384,56,Replayed,3.0
3.0,1.0,1,1,95.4281,56,Replayed,3.0
9.0,1.0,1,1,98.26584,56,Replayed,9.0
5.0,1.0,1,1,96.75103,56,Replayed,5.0
-3.0,-1.0,-1,1,95.01591,56,Replayed,3.0
38.0,0.0,1,1,99.986496,56,Replayed,38.0
-38.0,0.0,-1,1,99.98631,56,Replayed,38.0
9.0,1.0,1,1,98.16408,56,Replayed,9.0
-5.0,1.0,1,0,93.11272,56,Replayed,5.0
1.0,-1.0,1,1,93.94201,56,Replayed,1.0
-3.0,-1.0,1,0,93.19082,56,Replayed,3.0
5.0,-1.0,1,1,96.82546,56,Replayed,5.0
-5.0,-1.0,-1,1,96.10127,56,Replayed,5.0
-5.0,1.0,1,0,93.03053,56,Replayed,5.0
3.0,0.0,1,1,95.62449,56,Replayed,3.0
3.0,-1.0,-1,0,92.618546,56,Replayed,3.0
-9.0,0.0,1,0,93.1401,56,Replayed,9.0
-9.0,1.0,-1,1,98.191925,56,Replayed,9.0
-3.0,-1.0,-1,1,94.82677,56,Replayed,3.0
-38.0,-1.0,-1,1,99.98604,56,Replayed,38.0
-38.0,-1.0,-1,1,99.985794,56,Replayed,38.0
-38.0,1.0,-1,1,99.98759,56,Replayed,38.0
38.0,0.0,1,1,99.98755,56,Replayed,38.0
5.0,-1.0,-1,0,92.47779,56,Replayed,5.0
1.0,-1.0,1,1,94.13977,56,Replayed,1.0
1.0,1.0,-1,0,92.24208,56,Replayed,1.0
-38.0,-1.0,-1,1,99.98674,56,Replayed,38.0
-1.0,0.0,1,0,93.25725,56,Replayed,1.0
-1.0,1.0,1,0,93.08726,56,Replayed,1.0
-38.0,0.0,-1,1,99.98654,56,Replayed,38.0
38.0,0.0,1,1,99.98623,56,Replayed,38.0
1.0,0.0,1,1,94.39628,56,Replayed,1.0
5.0,0.0,1,1,96.54779,56,Replayed,5.0
38.0,0.0,1,1,99.98708,56,Replayed,38.0
-5.0,0.0,-1,1,96.602554,56,Replayed,5.0
-5.0,0.0,-1,1,96.481476,56,Replayed,5.0
1.0,-1.0,-1,0,92.855576,56,Replayed,1.0
-1.0,-1.0,1,0,93.2606,56,Replayed,1.0
38.0,1.0,1,1,99.98763,56,Replayed,38.0
-5.0,-1.0,-1,1,96.2973,56,Replayed,5.0
-1.0,1.0,1,0,93.14591,56,Replayed,1.0
-3.0,1.0,1,0,93.23663,56,Replayed,3.0
3.0,0.0,1,1,95.44494,56,Replayed,3.0
9.0,1.0,-1,0,92.628876,56,Replayed,9.0
1.0,-1.0,1,1,93.88965,56,Replayed,1.0
-9.0,-1.0,1,0,92.777336,56,Replayed,9.0
5.0,0.0,-1,0,92.316986,56,Replayed,5.0
9.0,-1.0,1,1,98.16328,56,Replayed,9.0
1.0,0.0,-1,0,92.87569,56,Replayed,1.0
38.0,-1.0,1,1,99.98678,56,Replayed,38.0
38.0,-1.0,1,1,99.98739,56,Replayed,38.0
-3.0,0.0,-1,1,94.69346,56,Replayed,3.0
1.0,1.0,-1,0,92.42972,56,Replayed,1.0
3.0,0.0,-1,0,92.42149,56,Replayed,3.0
-9.0,-1.0,-1,1,98.25989,56,Replayed,9.0
-9.0,1.0,-1,1,98.0443,56,Replayed,9.0
-1.0,-1.0,1,0,93.10712,56,Replayed,1.0
-3.0,0.0,1,0,93.17267,56,Replayed,3.0
-3.0,1.0,1,0,92.85988,56,Replayed,3.0
-1.0,1.0,-1,1,93.00478,56,Replayed,1.0
1.0,1.0,1,1,93.69093,56,Replayed,1.0
-9.0,1.0,-1,1,98.179565,56,Replayed,9.0
-38.0,1.0,-1,1,99.987144,56,Replayed,38.0
-9.0,0.0,-1,1,97.996994,56,Replayed,9.0
1.0,0.0,-1,0,92.50948,56,Replayed,1.0
38.0,-1.0,1,1,99.98566,56,Replayed,38.0
1.0,0.0,1,1,94.15511,56,Replayed,1.0
-5.0,0.0,1,0,92.70033,56,Replayed,5.0
-3.0,0.0,1,0,93.02892,56,Replayed,3.0
-38.0,1.0,-1,1,99.985825,56,Replayed,38.0
-5.0,1.0,1,0,93.08277,56,Replayed,5.0
1.0,-1.0,-1,0,92.27585,56,Replayed,1.0
-5.0,-1.0,-1,1,96.19432,56,Replayed,5.0
5.0,1.0,-1,0,92.58157,56,Replayed,5.0
-38.0,1.0,-1,1,99.98489,56,Replayed,38.0
-9.0,-1.0,1,0,93.29644,56,Replayed,9.0
-1.0,-1.0,-1,1,93.68191,56,Replayed,1.0
-9.0,0.0,-1,1,98.02516,56,Replayed,9.0
9.0,0.0,1,1,98.10044,56,Replayed,9.0
9.0,1.0,1,1,98.42432,56,Replayed,9.0
9.0,-1.0,1,1,98.35595,56,Replayed,9.0
-1.0,0.0,-1,1,93.566734,56,Replayed,1.0
-3.0,0.0,-1,1,94.514946,56,Replayed,3.0
-1.0,-1.0,1,0,93.08022,56,Replayed,1.0
-9.0,-1.0,-1,1,98.07116,56,Replayed,9.0
38.0,1.0,1,1,99.985794,56,Replayed,38.0
38.0,-1.0,1,1,99.98688,56,Replayed,38.0
3.0,-1.0,-1,0,92.67774,56,Replayed,3.0
5.0,-1.0,-1,0,92.26811,56,Replayed,5.0
38.0,-1.0,1,1,99.98592,56,Replayed,38.0
1.0,1.0,-1,0,92.40236,56,Replayed,1.0
9.0,1.0,1,1,98.35425,56,Replayed,9.0
-38.0,-1.0,-1,1,99.98674,56,Replayed,38.0
3.0,1.0,1,1,95.6744,56,Replayed,3.0
1.0,0.0,1,1,94.09027,56,Replayed,1.0
-5.0,1.0,1,0,93.02116,56,Replayed,5.0
-9.0,0.0,-1,1,98.14264,56,Replayed,9.0
-9.0,0.0,1,0,93.182236,56,Replayed,9.0
5.0,-1.0,-1,0,92.348206,56,Replayed,5.0
3.0,0.0,-1,0,92.89314,56,Replayed,3.0
-1.0,-1.0,-1,1,93.53789,56,Replayed,1.0
-3.0,0.0,-1,1,95.05885,56,Replayed,3.0
-3.0,-1.0,-1,1,95.07965,56,Replayed,3.0
-38.0,0.0,-1,1,99.98593,56,Replayed,38.0
-1.0,1.0,1,0,92.94328,56,Replayed,1.0
-3.0,1.0,1,0,93.07711,56,Replayed,3.0
-9.0,1.0,-1,1,98.073105,56,Replayed,9.0
-9.0,0.0,-1,1,98.10936,56,Replayed,9.0
-5.0,0.0,1,0,93.03615,56,Replayed,5.0
-5.0,0.0,1,0,93.61048,56,Replayed,5.0
-1.0,0.0,1,0,92.94089,56,Replayed,1.0
-38.0,1.0,-1,1,99.98661,56,Replayed,38.0
38.0,0.0,1,1,99.98611,56,Replayed,38.0
5.0,-1.0,1,1,96.8484,56,Replayed,5.0
3.0,-1.0,1,1,95.206375,56,Replayed,3.0
1.0,0.0,1,1,94.31192,56,Replayed,1.0
9.0,1.0,1,1,98.4001,56,Replayed,9.0
1.0,0.0,-1,0,92.57457,56,Replayed,1.0
-38.0,-1.0,-1,1,99.98662,56,Replayed,38.0
-1.0,0.0,1,0,93.0087,56,Replayed,1.0
3.0,1.0,1,1,95.597595,56,Replayed,3.0
5.0,1.0,1,1,96.73159,56,Replayed,5.0
9.0,1.0,1,1,98.4183,56,Replayed,9.0
-3.0,0.0,-1,1,95.017654,56,Replayed,3.0
-38.0,0.0,-1,1,99.9809,56,Replayed,38.0
9.0,0.0,1,1,98.22515,56,Replayed,9.0
1.0,1.0,1,1,94.12532,56,Replayed,1.0
-9.0,1.0,-1,1,98.118034,56,Replayed,9.0
3.0,1.0,1,1,95.68014,56,Replayed,3.0
5.0,-1.0,1,1,96.584175,56,Replayed,5.0
3.0,1.0,1,1,95.22096,56,Replayed,3.0
5.0,-1.0,1,1,96.73714,56,Replayed,5.0
9.0,-1.0,1,1,98.38562,56,Replayed,9.0
-5.0,-1.0,-1,1,96.41235,56,Replayed,5.0
1.0,1.0,-1,0,92.378075,56,Replayed,1.0
38.0,0.0,1,1,99.98737,56,Replayed,38.0
-3.0,0.0,-1,1,94.630226,56,Replayed,3.0
-9.0,0.0,1,0,92.7832,56,Replayed,9.0
3.0,1.0,1,1,52.22699,57,Replayed,3.0
3.0,-1.0,1,1,56.369114,57,Replayed,3.0
3.0,-1.0,1,1,55.191357,57,Replayed,3.0
1.0,-1.0,-1,0,51.57367,57,Replayed,1.0
-5.0,1.0,-1,1,52.74317,57,Replayed,5.0
-9.0,1.0,-1,1,56.387913,57,Replayed,9.0
-9.0,1.0,-1,1,55.41992,57,Replayed,9.0
9.0,0.0,1,1,58.447914,57,Replayed,9.0
5.0,1.0,-1,0,44.018356,57,Replayed,5.0
5.0,1.0,1,1,54.51139,57,Replayed,5.0
-5.0,1.0,-1,1,52.75278,57,Replayed,5.0
-1.0,0.0,-1,1,50.76511,57,Replayed,1.0
3.0,0.0,-1,0,48.458225,57,Replayed,3.0
-1.0,1.0,1,0,50.134052,57,Replayed,1.0
-3.0,1.0,-1,1,51.13924,57,Replayed,3.0
38.0,-1.0,1,1,81.79691,57,Replayed,38.0
5.0,0.0,1,1,55.48238,57,Replayed,5.0
-9.0,1.0,-1,1,55.666416,57,Replayed,9.0
-9.0,-1.0,-1,1,59.110226,57,Replayed,9.0
38.0,0.0,1,1,79.51945,57,Replayed,38.0
9.0,-1.0,1,1,59.9677,57,Replayed,9.0
9.0,-1.0,1,1,60.488964,57,Replayed,9.0
5.0,0.0,1,1,55.30262,57,Replayed,5.0
3.0,1.0,1,1,53.30234,57,Replayed,3.0
38.0,-1.0,1,1,82.44636,57,Replayed,38.0
9.0,-1.0,1,1,60.21955,57,Replayed,9.0
-38.0,0.0,-1,1,78.590164,57,Replayed,38.0
-1.0,0.0,1,0,51.106598,57,Replayed,1.0
-1.0,1.0,-1,1,49.056553,57,Replayed,1.0
-5.0,-1.0,-1,1,55.33158,57,Replayed,5.0
1.0,-1.0,1,1,54.00759,57,Replayed,1.0
-3.0,0.0,-1,1,52.81287,57,Replayed,3.0
3.0,-1.0,1,1,55.277664,57,Replayed,3.0
3.0,-1.0,1,1,55.766983,57,Replayed,3.0
9.0,0.0,1,1,58.165585,57,Replayed,9.0
1.0,0.0,1,1,53.240524,57,Replayed,1.0
38.0,0.0,1,1,78.42577,57,Replayed,38.0
-38.0,0.0,-1,1,79.43289,57,Replayed,38.0
1.0,-1.0,1,1,53.124733,57,Replayed,1.0
-3.0,1.0,1,0,48.726006,57,Replayed,3.0
5.0,1.0,1,1,52.923054,57,Replayed,5.0
-1.0,0.0,-1,1,51.366337,57,Replayed,1.0
3.0,0.0,1,1,54.442417,57,Replayed,3.0
-3.0,1.0,-1,1,51.079994,57,Replayed,3.0
-1.0,-1.0,1,0,51.753307,57,Replayed,1.0
-38.0,0.0,-1,1,78.464195,57,Replayed,38.0
-3.0,-1.0,1,0,50.441383,57,Replayed,3.0
1.0,-1.0,-1,0,51.75792,57,Replayed,1.0
38.0,0.0,1,1,79.546745,57,Replayed,38.0
3.0,-1.0,1,1,57.12657,57,Replayed,3.0
9.0,0.0,1,1,59.668015,57,Replayed,9.0
5.0,1.0,1,1,54.09526,57,Replayed,5.0
-5.0,1.0,1,0,46.29339,57,Replayed,5.0
38.0,-1.0,1,1,81.87601,57,Replayed,38.0
1.0,0.0,1,1,52.62786,57,Replayed,1.0
3.0,0.0,-1,0,48.366383,57,Replayed,3.0
-9.0,1.0,1,0,41.79839,57,Replayed,9.0
5.0,0.0,1,1,57.31018,57,Replayed,5.0
1.0,1.0,1,1,50.002766,57,Replayed,1.0
5.0,1.0,1,1,53.821873,57,Replayed,5.0
1.0,1.0,1,1,50.6631,57,Replayed,1.0
-38.0,-1.0,-1,1,81.40824,57,Replayed,38.0
-38.0,0.0,-1,1,78.17501,57,Replayed,38.0
38.0,0.0,1,1,78.92715,57,Replayed,38.0
-5.0,0.0,-1,1,55.426235,57,Replayed,5.0
-3.0,-1.0,-1,1,53.869587,57,Replayed,3.0
38.0,-1.0,1,1,81.515236,57,Replayed,38.0
38.0,0.0,1,1,79.21532,57,Replayed,38.0
-38.0,0.0,-1,1,79.11005,57,Replayed,38.0
-38.0,1.0,-1,1,76.59508,57,Replayed,38.0
-38.0,1.0,-1,1,76.21009,57,Replayed,38.0
-5.0,0.0,-1,1,55.017788,57,Replayed,5.0
-3.0,1.0,-1,1,51.606285,57,Replayed,3.0
1.0,1.0,-1,0,48.243923,57,Replayed,1.0
-1.0,-1.0,-1,1,53.243275,57,Replayed,1.0
-38.0,1.0,-1,1,76.1794,57,Replayed,38.0
3.0,1.0,1,1,52.594936,57,Replayed,3.0
1.0,0.0,-1,0,49.338913,57,Replayed,1.0
-38.0,1.0,-1,1,75.43056,57,Replayed,38.0
-3.0,0.0,1,0,49.347553,57,Replayed,3.0
-5.0,1.0,1,0,45.547882,57,Replayed,5.0
-9.0,1.0,-1,1,55.567383,57,Replayed,9.0
-1.0,1.0,1,0,48.569717,57,Replayed,1.0
38.0,1.0,1,1,76.50502,57,Replayed,38.0
-5.0,-1.0,1,0,50.12525,57,Replayed,5.0
-9.0,1.0,-1,1,55.703472,57,Replayed,9.0
5.0,-1.0,-1,0,48.11056,57,Replayed,5.0
-9.0,-1.0,-1,1,59.6021,57,Replayed,9.0
-5.0,0.0,-1,1,54.894066,57,Replayed,5.0
9.0,-1.0,1,1,61.248486,57,Replayed,9.0
-3.0,0.0,1,0,50.13346,57,Replayed,3.0
-3.0,1.0,-1,1,50.45932,57,Replayed,3.0
3.0,0.0,-1,0,48.354836,57,Replayed,3.0
5.0,1.0,1,1,55.298088,57,Replayed,5.0
-3.0,-1.0,1,0,49.985973,57,Replayed,3.0
-1.0,-1.0,1,0,52.82263,57,Replayed,1.0
-1.0,0.0,-1,1,52.785324,57,Replayed,1.0
-3.0,1.0,-1,1,51.71336,57,Replayed,3.0
-3.0,-1.0,1,0,51.11125,57,Replayed,3.0
-38.0,1.0,-1,1,75.57499,57,Replayed,38.0
-5.0,0.0,1,0,47.643658,57,Replayed,5.0
-1.0,-1.0,-1,1,52.182407,57,Replayed,1.0
9.0,1.0,1,1,58.018154,57,Replayed,9.0
1.0,1.0,1,1,50.89727,57,Replayed,1.0
1.0,1.0,-1,0,47.506542,57,Replayed,1.0
3.0,0.0,1,1,54.293663,57,Replayed,3.0
38.0,0.0,1,1,79.39076,57,Replayed,38.0
-9.0,-1.0,1,0,46.85378,57,Replayed,9.0
-3.0,1.0,-1,1,51.592804,57,Replayed,3.0
38.0,1.0,1,1,76.58632,57,Replayed,38.0
-3.0,0.0,1,0,50.739025,57,Replayed,3.0
1.0,-1.0,-1,0,51.42977,57,Replayed,1.0
-5.0,0.0,-1,1,54.88687,57,Replayed,5.0
38.0,-1.0,1,1,82.306526,57,Replayed,38.0
-9.0,1.0,-1,1,56.238293,57,Replayed,9.0
9.0,-1.0,1,1,61.18395,57,Replayed,9.0
-1.0,0.0,-1,1,51.863564,57,Replayed,1.0
-9.0,0.0,-1,1,56.98224,57,Replayed,9.0
3.0,1.0,1,1,52.959587,57,Replayed,3.0
9.0,-1.0,-1,0,45.42999,57,Replayed,9.0
-5.0,-1.0,-1,1,56.98036,57,Replayed,5.0
-1.0,0.0,-1,1,51.710693,57,Replayed,1.0
38.0,0.0,1,1,79.63856,57,Replayed,38.0
-9.0,-1.0,-1,1,59.570057,57,Replayed,9.0
5.0,-1.0,1,1,57.31675,57,Replayed,5.0
9.0,1.0,1,1,57.341164,57,Replayed,9.0
38.0,-1.0,1,1,82.00628,57,Replayed,38.0
-9.0,-1.0,1,0,46.905148,57,Replayed,9.0
5.0,1.0,1,1,53.438168,57,Replayed,5.0
-9.0,-1.0,-1,1,59.81051,57,Replayed,9.0
1.0,0.0,1,1,51.67643,57,Replayed,1.0
3.0,-1.0,1,1,55.943604,57,Replayed,3.0
-1.0,1.0,-1,1,48.754387,57,Replayed,1.0
9.0,-1.0,-1,0,46.507492,57,Replayed,9.0
3.0,1.0,1,1,52.39598,57,Replayed,3.0
5.0,0.0,1,1,54.744213,57,Replayed,5.0
-3.0,0.0,1,0,49.031128,57,Replayed,3.0
-3.0,-1.0,-1,1,53.60933,57,Replayed,3.0
-38.0,-1.0,-1,1,81.32847,57,Replayed,38.0
5.0,0.0,1,1,55.39205,57,Replayed,5.0
-9.0,-1.0,-1,1,59.78276,57,Replayed,9.0
5.0,-1.0,1,1,57.2292,57,Replayed,5.0
5.0,-1.0,-1,0,48.93737,57,Replayed,5.0
-1.0,0.0,1,0,51.527626,57,Replayed,1.0
1.0,-1.0,-1,0,50.583237,57,Replayed,1.0
-9.0,0.0,-1,1,58.03745,57,Replayed,9.0
-1.0,1.0,1,0,48.50687,57,Replayed,1.0
1.0,-1.0,1,1,54.05786,57,Replayed,1.0
5.0,-1.0,1,1,57.385506,57,Replayed,5.0
-3.0,0.0,1,0,49.452396,57,Replayed,3.0
-1.0,-1.0,-1,1,53.01283,57,Replayed,1.0
9.0,-1.0,1,1,60.262253,57,Replayed,9.0
9.0,0.0,-1,0,42.64099,57,Replayed,9.0
-1.0,0.0,1,0,51.29978,57,Replayed,1.0
3.0,-1.0,1,1,55.32043,57,Replayed,3.0
5.0,-1.0,1,1,57.705856,57,Replayed,5.0
5.0,0.0,-1,0,46.466057,57,Replayed,5.0
1.0,0.0,-1,0,49.533985,57,Replayed,1.0
9.0,1.0,1,1,58.496094,57,Replayed,9.0
-3.0,0.0,1,0,48.828728,57,Replayed,3.0
3.0,0.0,-1,0,47.503506,57,Replayed,3.0
9.0,0.0,1,1,59.431946,57,Replayed,9.0
3.0,0.0,1,1,54.36533,57,Replayed,3.0
-1.0,1.0,1,0,49.537083,57,Replayed,1.0
38.0,1.0,1,1,77.1177,57,Replayed,38.0
-5.0,0.0,1,0,47.07956,57,Replayed,5.0
-9.0,0.0,-1,1,57.850098,57,Replayed,9.0
5.0,0.0,-1,0,47.053753,57,Replayed,5.0
5.0,-1.0,1,1,57.77738,57,Replayed,5.0
38.0,1.0,1,1,76.68567,57,Replayed,38.0
-5.0,-1.0,-1,1,56.311966,57,Replayed,5.0
-38.0,0.0,-1,1,79.07838,57,Replayed,38.0
1.0,1.0,-1,0,48.22485,57,Replayed,1.0
1.0,-1.0,1,1,54.248238,57,Replayed,1.0
-1.0,-1.0,-1,1,53.303997,57,Replayed,1.0
-9.0,0.0,-1,1,56.806213,57,Replayed,9.0
-5.0,-1.0,-1,1,56.188976,57,Replayed,5.0
-3.0,-1.0,-1,1,54.56046,57,Replayed,3.0
-5.0,1.0,1,0,45.743073,57,Replayed,5.0
9.0,1.0,1,1,57.643593,57,Replayed,9.0
38.0,-1.0,1,1,82.259636,57,Replayed,38.0
38.0,-1.0,-1,0,28.182169,57,Replayed,38.0
-1.0,1.0,-1,1,48.16336,57,Replayed,1.0
9.0,0.0,-1,0,43.412514,57,Replayed,9.0
-38.0,-1.0,-1,1,80.601746,57,Replayed,38.0
3.0,-1.0,1,1,54.730778,57,Replayed,3.0
38.0,0.0,1,1,79.414246,57,Replayed,38.0
-38.0,0.0,-1,1,78.45658,57,Replayed,38.0
-38.0,-1.0,-1,1,80.70408,57,Replayed,38.0
-38.0,-1.0,-1,1,80.81546,57,Replayed,38.0
-3.0,-1.0,1,0,51.4611,57,Replayed,3.0
38.0,1.0,1,1,77.08635,57,Replayed,38.0
3.0,1.0,1,1,52.187485,57,Replayed,3.0
1.0,0.0,-1,0,49.37897,57,Replayed,1.0
1.0,1.0,1,1,51.366745,57,Replayed,1.0
-5.0,1.0,-1,1,53.46985,57,Replayed,5.0
-9.0,0.0,-1,1,57.70041,57,Replayed,9.0
-1.0,-1.0,-1,1,52.18617,57,Replayed,1.0
-3.0,0.0,-1,1,52.50311,57,Replayed,3.0
38.0,1.0,1,1,76.54826,57,Replayed,38.0
9.0,1.0,1,1,57.352768,57,Replayed,9.0
38.0,1.0,1,1,77.04407,57,Replayed,38.0
-5.0,-1.0,-1,1,55.70647,57,Replayed,5.0
1.0,0.0,-1,0,48.9805,57,Replayed,1.0
-38.0,0.0,-1,1,78.44921,57,Replayed,38.0
3.0,1.0,1,1,52.261745,57,Replayed,3.0
5.0,-1.0,1,1,56.876137,57,Replayed,5.0
-3.0,1.0,1,0,47.375713,57,Replayed,3.0
-1.0,1.0,-1,1,49.606354,57,Replayed,1.0
-5.0,1.0,-1,1,52.26803,57,Replayed,5.0
9.0,1.0,1,1,57.03677,57,Replayed,9.0
3.0,1.0,1,1,52.607662,57,Replayed,3.0
-9.0,-1.0,-1,1,59.6342,57,Replayed,9.0
-38.0,1.0,-1,1,76.10388,57,Replayed,38.0
-9.0,0.0,-1,1,56.790127,57,Replayed,9.0
3.0,0.0,1,1,54.646217,57,Replayed,3.0
-38.0,-1.0,-1,1,81.617676,57,Replayed,38.0
-38.0,-1.0,-1,1,81.11434,57,Replayed,38.0
-38.0,-1.0,-1,1,81.389404,57,Replayed,38.0
-5.0,1.0,-1,1,51.99362,57,Replayed,5.0
5.0,1.0,-1,0,45.59019,57,Replayed,5.0
-38.0,1.0,-1,1,76.101456,57,Replayed,38.0
-3.0,-1.0,-1,1,54.73922,57,Replayed,3.0
9.0,1.0,1,1,56.98999,57,Replayed,9.0
1.0,0.0,-1,0,49.72125,57,Replayed,1.0
-9.0,0.0,1,0,45.81947,57,Replayed,9.0
-5.0,-1.0,-1,1,55.954025,57,Replayed,5.0
-9.0,0.0,-1,1,58.063488,57,Replayed,9.0
-9.0,1.0,1,0,42.30251,57,Replayed,9.0
1.0,1.0,1,1,52.030212,57,Replayed,1.0
-5.0,0.0,-1,1,53.918533,57,Replayed,5.0
9.0,0.0,1,1,58.907764,57,Replayed,9.0
-1.0,-1.0,-1,1,52.958183,57,Replayed,1.0
-38.0,1.0,-1,1,75.80235,57,Replayed,38.0
9.0,0.0,1,1,59.432747,57,Replayed,9.0
5.0,0.0,1,1,55.981308,57,Replayed,5.0
-5.0,0.0,1,0,47.42254,57,Replayed,5.0
5.0,1.0,-1,0,47.481625,58,Replayed,5.0
-1.0,-1.0,-1,1,56.83491,58,Replayed,1.0
-9.0,0.0,-1,1,75.586006,58,Replayed,9.0
38.0,-1.0,1,1,98.84938,58,Replayed,38.0
-38.0,1.0,-1,1,99.113235,58,Replayed,38.0
5.0,1.0,1,1,70.876816,58,Replayed,5.0
-38.0,1.0,-1,1,99.07453,58,Replayed,38.0
-3.0,0.0,1,0,51.330704,58,Replayed,3.0
-9.0,1.0,-1,1,76.764465,58,Replayed,9.0
9.0,0.0,1,1,77.051,58,Replayed,9.0
1.0,0.0,-1,0,54.372215,58,Replayed,1.0
5.0,1.0,-1,0,48.74609,58,Replayed,5.0
-38.0,0.0,-1,1,98.8478,58,Replayed,38.0
-9.0,1.0,-1,1,76.87901,58,Replayed,9.0
5.0,0.0,1,1,68.119896,58,Replayed,5.0
-5.0,1.0,-1,1,69.490364,58,Replayed,5.0
5.0,1.0,1,1,70.1841,58,Replayed,5.0
3.0,0.0,1,1,63.947147,58,Replayed,3.0
-38.0,1.0,-1,1,99.09253,58,Replayed,38.0
38.0,0.0,1,1,99.05064,58,Replayed,38.0
-3.0,0.0,-1,1,63.00187,58,Replayed,3.0
5.0,0.0,-1,0,46.53162,58,Replayed,5.0
3.0,1.0,1,1,65.901146,58,Replayed,3.0
9.0,0.0,1,1,76.880394,58,Replayed,9.0
-9.0,-1.0,-1,1,74.2317,58,Replayed,9.0
-5.0,-1.0,-1,1,65.41671,58,Replayed,5.0
-3.0,-1.0,1,0,50.35839,58,Replayed,3.0
-38.0,0.0,-1,1,98.89729,58,Replayed,38.0
-9.0,1.0,-1,1,77.23088,58,Replayed,9.0
1.0,1.0,1,1,61.90781,58,Replayed,1.0
38.0,1.0,1,1,99.1877,58,Replayed,38.0
3.0,0.0,1,1,65.12248,58,Replayed,3.0
-1.0,1.0,-1,1,59.126694,58,Replayed,1.0
-5.0,0.0,-1,1,67.62808,58,Replayed,5.0
3.0,-1.0,-1,0,48.65883,58,Replayed,3.0
-38.0,1.0,-1,1,99.022766,58,Replayed,38.0
3.0,1.0,-1,0,50.713867,58,Replayed,3.0
5.0,1.0,1,1,70.61269,58,Replayed,5.0
9.0,0.0,1,1,77.187195,58,Replayed,9.0
5.0,0.0,1,1,69.31561,58,Replayed,5.0
9.0,-1.0,1,1,75.59411,58,Replayed,9.0
-5.0,0.0,-1,1,68.26107,58,Replayed,5.0
-9.0,0.0,-1,1,75.437096,58,Replayed,9.0
3.0,0.0,-1,0,49.539413,58,Replayed,3.0
-9.0,0.0,-1,1,76.22919,58,Replayed,9.0
-5.0,1.0,-1,1,68.488686,58,Replayed,5.0
38.0,-1.0,1,1,98.83465,58,Replayed,38.0
-38.0,0.0,-1,1,98.93231,58,Replayed,38.0
1.0,0.0,1,1,59.36731,58,Replayed,1.0
3.0,1.0,1,1,64.60077,58,Replayed,3.0
-9.0,-1.0,1,0,38.773636,58,Replayed,9.0
3.0,0.0,-1,0,49.99426,58,Replayed,3.0
-9.0,1.0,1,0,40.993866,58,Replayed,9.0
-1.0,1.0,-1,1,60.10135,58,Replayed,1.0
-1.0,-1.0,-1,1,56.553345,58,Replayed,1.0
-9.0,-1.0,-1,1,74.098755,58,Replayed,9.0
-38.0,-1.0,-1,1,98.75379,58,Replayed,38.0
5.0,0.0,-1,0,45.78619,58,Replayed,5.0
1.0,-1.0,-1,0,51.780785,58,Replayed,1.0
9.0,1.0,1,1,78.18178,58,Replayed,9.0
5.0,-1.0,1,1,66.591415,58,Replayed,5.0
1.0,1.0,-1,0,54.528862,58,Replayed,1.0
-1.0,-1.0,-1,1,56.48047,58,Replayed,1.0
38.0,0.0,1,1,99.05981,58,Replayed,38.0
-1.0,1.0,-1,1,58.867092,58,Replayed,1.0
-9.0,-1.0,-1,1,74.37107,58,Replayed,9.0
-3.0,1.0,-1,1,63.83928,58,Replayed,3.0
3.0,0.0,1,1,64.22591,58,Replayed,3.0
-5.0,-1.0,1,0,44.781963,58,Replayed,5.0
-3.0,0.0,1,0,51.780106,58,Replayed,3.0
-5.0,1.0,-1,1,68.237854,58,Replayed,5.0
-38.0,0.0,-1,1,98.972496,58,Replayed,38.0
38.0,1.0,1,1,99.20701,58,Replayed,38.0
-5.0,0.0,-1,1,67.500015,58,Replayed,5.0
-9.0,1.0,1,0,40.715088,58,Replayed,9.0
3.0,0.0,1,1,64.01867,58,Replayed,3.0
-1.0,0.0,1,0,55.063145,58,Replayed,1.0
38.0,1.0,1,1,99.20714,58,Replayed,38.0
1.0,1.0,1,1,60.476135,58,Replayed,1.0
38.0,-1.0,1,1,98.82666,58,Replayed,38.0
-1.0,0.0,1,0,54.43622,58,Replayed,1.0
-3.0,1.0,-1,1,64.4856,58,Replayed,3.0
-3.0,-1.0,-1,1,62.045033,58,Replayed,3.0
5.0,-1.0,1,1,67.205696,58,Replayed,5.0
9.0,1.0,1,1,78.20729,58,Replayed,9.0
-1.0,-1.0,-1,1,55.936623,58,Replayed,1.0
-9.0,1.0,1,0,41.389313,58,Replayed,9.0
38.0,1.0,1,1,99.16928,58,Replayed,38.0
1.0,1.0,-1,0,54.430656,58,Replayed,1.0
3.0,-1.0,-1,0,48.80999,58,Replayed,3.0
-1.0,0.0,1,0,54.432384,58,Replayed,1.0
1.0,0.0,-1,0,53.76588,58,Replayed,1.0
1.0,-1.0,1,1,57.88539,58,Replayed,1.0
3.0,0.0,1,1,63.74965,58,Replayed,3.0
-3.0,0.0,1,0,50.69847,58,Replayed,3.0
5.0,0.0,1,1,69.23306,58,Replayed,5.0
9.0,1.0,1,1,79.24245,58,Replayed,9.0
-9.0,0.0,-1,1,76.40655,58,Replayed,9.0
5.0,-1.0,-1,0,45.305103,58,Replayed,5.0
-5.0,0.0,-1,1,67.547844,58,Replayed,5.0
1.0,0.0,-1,0,54.524834,58,Replayed,1.0
38.0,-1.0,1,1,98.64001,58,Replayed,38.0
3.0,-1.0,-1,0,47.894974,58,Replayed,3.0
3.0,-1.0,-1,0,48.223103,58,Replayed,3.0
3.0,-1.0,1,1,62.35221,58,Replayed,3.0
-9.0,1.0,-1,1,77.02781,58,Replayed,9.0
9.0,-1.0,1,1,74.68345,58,Replayed,9.0
5.0,1.0,1,1,70.24885,58,Replayed,5.0
38.0,1.0,1,1,99.13476,58,Replayed,38.0
9.0,-1.0,1,1,75.63487,58,Replayed,9.0
1.0,1.0,-1,0,55.612953,58,Replayed,1.0
1.0,-1.0,1,1,58.63212,58,Replayed,1.0
38.0,0.0,1,1,99.05246,58,Replayed,38.0
-38.0,1.0,-1,1,99.068146,58,Replayed,38.0
-1.0,0.0,1,0,54.806965,58,Replayed,1.0
-1.0,0.0,1,0,54.748863,58,Replayed,1.0
-1.0,1.0,1,0,57.62998,58,Replayed,1.0
38.0,-1.0,1,1,98.718636,58,Replayed,38.0
-1.0,-1.0,1,0,53.484108,58,Replayed,1.0
38.0,0.0,1,1,99.08683,58,Replayed,38.0
5.0,0.0,1,1,69.50936,58,Replayed,5.0
5.0,0.0,1,1,68.415,58,Replayed,5.0
-38.0,-1.0,-1,1,98.791275,58,Replayed,38.0
-3.0,1.0,1,0,52.62256,58,Replayed,3.0
9.0,0.0,-1,0,37.143555,58,Replayed,9.0
-9.0,-1.0,-1,1,72.96357,58,Replayed,9.0
-5.0,1.0,-1,1,68.875984,58,Replayed,5.0
-38.0,-1.0,-1,1,98.73566,58,Replayed,38.0
5.0,0.0,-1,0,45.908913,58,Replayed,5.0
1.0,-1.0,1,1,59.68776,58,Replayed,1.0
3.0,-1.0,1,1,62.82196,58,Replayed,3.0
38.0,-1.0,1,1,98.8073,58,Replayed,38.0
-9.0,1.0,-1,1,77.092545,58,Replayed,9.0
-38.0,1.0,-1,1,99.108925,58,Replayed,38.0
-38.0,-1.0,-1,1,98.69835,58,Replayed,38.0
-1.0,-1.0,1,0,53.45989,58,Replayed,1.0
-3.0,0.0,-1,1,62.95557,58,Replayed,3.0
-38.0,0.0,-1,1,98.96233,58,Replayed,38.0
-5.0,0.0,-1,1,67.02598,58,Replayed,5.0
1.0,1.0,1,1,60.765694,58,Replayed,1.0
-5.0,0.0,-1,1,67.41013,58,Replayed,5.0
1.0,-1.0,-1,0,52.81017,58,Replayed,1.0
-1.0,0.0,1,0,55.837257,58,Replayed,1.0
-5.0,0.0,-1,1,67.138,58,Replayed,5.0
1.0,-1.0,1,1,57.48895,58,Replayed,1.0
-5.0,1.0,-1,1,69.07478,58,Replayed,5.0
9.0,1.0,1,1,78.096794,58,Replayed,9.0
3.0,-1.0,1,1,63.754074,58,Replayed,3.0
1.0,1.0,1,1,62.01045,58,Replayed,1.0
38.0,1.0,1,1,99.123344,58,Replayed,38.0
9.0,1.0,1,1,77.90526,58,Replayed,9.0
9.0,1.0,1,1,77.964096,58,Replayed,9.0
5.0,-1.0,1,1,67.64677,58,Replayed,5.0
38.0,0.0,1,1,99.02721,58,Replayed,38.0
-3.0,-1.0,1,0,49.33081,58,Replayed,3.0
-1.0,-1.0,-1,1,56.740345,58,Replayed,1.0
-38.0,-1.0,-1,1,98.77857,58,Replayed,38.0
3.0,1.0,1,1,65.30115,58,Replayed,3.0
1.0,-1.0,-1,0,52.564247,58,Replayed,1.0
-9.0,-1.0,-1,1,74.15563,58,Replayed,9.0
9.0,0.0,1,1,77.06641,58,Replayed,9.0
1.0,0.0,1,1,59.349556,58,Replayed,1.0
-5.0,-1.0,-1,1,66.01036,58,Replayed,5.0
38.0,0.0,1,1,99.13765,58,Replayed,38.0
38.0,1.0,1,1,99.16035,58,Replayed,38.0
9.0,-1.0,1,1,75.82536,58,Replayed,9.0
-38.0,1.0,-1,1,99.08184,58,Replayed,38.0
38.0,-1.0,1,1,98.82688,58,Replayed,38.0
-9.0,-1.0,-1,1,73.94749,58,Replayed,9.0
3.0,-1.0,1,1,62.350327,58,Replayed,3.0
9.0,0.0,1,1,75.52431,58,Replayed,9.0
5.0,1.0,1,1,70.465706,58,Replayed,5.0
-5.0,-1.0,-1,1,65.90005,58,Replayed,5.0
-3.0,-1.0,1,0,50.05951,58,Replayed,3.0
9.0,0.0,1,1,76.33829,58,Replayed,9.0
1.0,0.0,1,1,59.89495,58,Replayed,1.0
-9.0,0.0,-1,1,76.686584,58,Replayed,9.0
-5.0,-1.0,-1,1,65.553474,58,Replayed,5.0
-5.0,1.0,1,0,48.39415,58,Replayed,5.0
-5.0,1.0,-1,1,68.85369,58,Replayed,5.0
-1.0,-1.0,1,0,54.470474,58,Replayed,1.0
-1.0,0.0,-1,1,58.008736,58,Replayed,1.0
3.0,1.0,1,1,66.222855,58,Replayed,3.0
-1.0,1.0,1,0,56.4016,58,Replayed,1.0
-3.0,1.0,-1,1,64.261314,58,Replayed,3.0
-3.0,0.0,1,0,51.565845,58,Replayed,3.0
1.0,1.0,1,1,59.99025,58,Replayed,1.0
38.0,0.0,1,1,99.05964,58,Replayed,38.0
3.0,1.0,1,1,66.18997,58,Replayed,3.0
38.0,-1.0,1,1,98.8184,58,Replayed,38.0
-9.0,0.0,-1,1,75.83569,58,Replayed,9.0
9.0,-1.0,1,1,75.69301,58,Replayed,9.0
1.0,0.0,1,1,59.5402,58,Replayed,1.0
-9.0,-1.0,-1,1,73.45842,58,Replayed,9.0
-1.0,1.0,-1,1,59.468227,58,Replayed,1.0
-3.0,1.0,1,0,53.829956,58,Replayed,3.0
-5.0,-1.0,1,0,45.633965,58,Replayed,5.0
5.0,-1.0,1,1,66.64338,58,Replayed,5.0
9.0,-1.0,1,1,75.547325,58,Replayed,9.0
5.0,-1.0,1,1,67.44579,58,Replayed,5.0
-38.0,-1.0,-1,1,98.69987,58,Replayed,38.0
-3.0,0.0,-1,1,63.446777,58,Replayed,3.0
-3.0,1.0,-1,1,63.881725,58,Replayed,3.0
9.0,0.0,-1,0,38.38951,58,Replayed,9.0
-1.0,0.0,-1,1,58.109848,58,Replayed,1.0
1.0,-1.0,1,1,58.331345,58,Replayed,1.0
-9.0,0.0,1,0,39.97608,58,Replayed,9.0
-3.0,-1.0,-1,1,61.38155,58,Replayed,3.0
3.0,1.0,1,1,65.13149,58,Replayed,3.0
-3.0,0.0,1,0,51.497467,58,Replayed,3.0
9.0,-1.0,1,1,74.87042,58,Replayed,9.0
9.0,-1.0,-1,0,36.550873,58,Replayed,9.0
9.0,1.0,1,1,77.59074,58,Replayed,9.0
-38.0,0.0,-1,1,98.946945,58,Replayed,38.0
-3.0,-1.0,-1,1,61.70043,58,Replayed,3.0
1.0,0.0,-1,0,53.357853,58,Replayed,1.0
5.0,1.0,-1,0,47.34832,58,Replayed,5.0
3.0,1.0,1,1,65.3669,58,Replayed,3.0
-5.0,-1.0,-1,1,65.58684,58,Replayed,5.0
-1.0,1.0,-1,1,58.998936,58,Replayed,1.0
-3.0,1.0,1,0,52.944893,58,Replayed,3.0
38.0,0.0,1,1,99.10086,58,Replayed,38.0
-38.0,0.0,-1,1,99.03021,58,Replayed,38.0
-5.0,1.0,-1,1,68.240814,58,Replayed,5.0
-3.0,1.0,1,0,52.652092,58,Replayed,3.0
-9.0,0.0,-1,1,75.37366,58,Replayed,9.0
5.0,-1.0,1,1,68.44505,58,Replayed,5.0
-5.0,0.0,-1,1,66.65375,58,Replayed,5.0
-38.0,-1.0,-1,1,98.73528,58,Replayed,38.0
-1.0,1.0,-1,1,58.80016,58,Replayed,1.0
-3.0,-1.0,1,0,50.09374,58,Replayed,3.0
-38.0,0.0,-1,1,98.98995,58,Replayed,38.0
-5.0,-1.0,-1,1,65.996254,58,Replayed,5.0
9.0,1.0,-1,0,39.75611,58,Replayed,9.0
-38.0,-1.0,-1,1,98.749886,58,Replayed,38.0
3.0,0.0,1,1,64.55945,58,Replayed,3.0
5.0,-1.0,-1,0,44.24528,58,Replayed,5.0
38.0,1.0,1,1,99.22922,58,Replayed,38.0
1.0,-1.0,1,1,49.188873,59,Replayed,1.0
9.0,-1.0,1,1,58.486618,59,Replayed,9.0
38.0,-1.0,1,1,83.343094,59,Replayed,38.0
-38.0,1.0,-1,1,97.7718,59,Replayed,38.0
-3.0,-1.0,1,0,44.54443,59,Replayed,3.0
38.0,1.0,1,1,97.87095,59,Replayed,38.0
-38.0,1.0,-1,1,97.790695,59,Replayed,38.0
5.0,0.0,1,1,62.21766,59,Replayed,5.0
3.0,0.0,-1,0,53.29325,59,Replayed,3.0
-1.0,0.0,1,0,54.466637,59,Replayed,1.0
9.0,1.0,1,1,77.659935,59,Replayed,9.0
38.0,-1.0,1,1,83.49548,59,Replayed,38.0
-38.0,0.0,-1,1,94.055626,59,Replayed,38.0
-1.0,-1.0,-1,1,47.992725,59,Replayed,1.0
1.0,0.0,-1,0,54.781597,59,Replayed,1.0
38.0,1.0,1,1,97.78834,59,Replayed,38.0
38.0,-1.0,1,1,83.20796,59,Replayed,38.0
-9.0,1.0,-1,1,76.99167,59,Replayed,9.0
-1.0,0.0,1,0,54.67684,59,Replayed,1.0
-3.0,-1.0,1,0,44.912773,59,Replayed,3.0
-3.0,-1.0,-1,1,51.31835,59,Replayed,3.0
-9.0,0.0,1,0,49.610455,59,Replayed,9.0
3.0,1.0,-1,0,60.624218,59,Replayed,3.0
-5.0,-1.0,-1,1,52.787678,59,Replayed,5.0
-1.0,-1.0,1,0,45.54458,59,Replayed,1.0
3.0,-1.0,-1,0,43.664257,59,Replayed,3.0
-1.0,0.0,1,0,55.69154,59,Replayed,1.0
-9.0,1.0,-1,1,76.51044,59,Replayed,9.0
-3.0,1.0,-1,1,66.71492,59,Replayed,3.0
1.0,0.0,-1,0,54.797512,59,Replayed,1.0
-5.0,1.0,-1,1,70.87356,59,Replayed,5.0
38.0,-1.0,1,1,83.44836,59,Replayed,38.0
1.0,0.0,-1,0,55.953396,59,Replayed,1.0
38.0,0.0,1,1,94.26555,59,Replayed,38.0
-5.0,0.0,-1,1,63.16808,59,Replayed,5.0
5.0,-1.0,1,1,53.365772,59,Replayed,5.0
5.0,0.0,1,1,63.672073,59,Replayed,5.0
-38.0,1.0,-1,1,97.63907,59,Replayed,38.0
9.0,1.0,1,1,77.01513,59,Replayed,9.0
5.0,1.0,1,1,70.57001,59,Replayed,5.0
5.0,1.0,1,1,69.95566,59,Replayed,5.0
-5.0,1.0,1,0,59.047127,59,Replayed,5.0
-3.0,0.0,1,0,54.397156,59,Replayed,3.0
-5.0,1.0,1,0,60.412502,59,Replayed,5.0
9.0,-1.0,1,1,57.29331,59,Replayed,9.0
-5.0,0.0,1,0,52.724762,59,Replayed,5.0
-9.0,-1.0,-1,1,57.98657,59,Replayed,9.0
-9.0,-1.0,-1,1,58.98445,59,Replayed,9.0
9.0,0.0,1,1,69.27665,59,Replayed,9.0
9.0,1.0,1,1,76.48165,59,Replayed,9.0
-9.0,1.0,-1,1,77.34139,59,Replayed,9.0
-9.0,-1.0,-1,1,57.33679,59,Replayed,9.0
-3.0,-1.0,1,0,44.790524,59,Replayed,3.0
-38.0,-1.0,-1,1,83.728745,59,Replayed,38.0
1.0,1.0,1,1,64.11041,59,Replayed,1.0
9.0,-1.0,1,1,58.25547,59,Replayed,9.0
-3.0,1.0,-1,1,66.84582,59,Replayed,3.0
-1.0,0.0,1,0,55.81633,59,Replayed,1.0
38.0,0.0,1,1,94.02271,59,Replayed,38.0
-38.0,0.0,-1,1,94.39119,59,Replayed,38.0
3.0,1.0,1,1,67.425575,59,Replayed,3.0
1.0,0.0,1,1,56.882084,59,Replayed,1.0
-9.0,0.0,-1,1,69.465355,59,Replayed,9.0
-9.0,-1.0,-1,1,57.40857,59,Replayed,9.0
-3.0,-1.0,1,0,45.168606,59,Replayed,3.0
-1.0,1.0,-1,1,63.286083,59,Replayed,1.0
5.0,0.0,1,1,63.28172,59,Replayed,5.0
5.0,1.0,-1,0,60.436863,59,Replayed,5.0
-5.0,1.0,-1,1,70.35248,59,Replayed,5.0
-1.0,-1.0,-1,1,49.979317,59,Replayed,1.0
1.0,1.0,1,1,65.19229,59,Replayed,1.0
1.0,-1.0,1,1,50.03681,59,Replayed,1.0
-38.0,0.0,-1,1,94.17737,59,Replayed,38.0
-38.0,-1.0,-1,1,83.28677,59,Replayed,38.0
-3.0,0.0,-1,1,60.3892,59,Replayed,3.0
5.0,0.0,1,1,63.618423,59,Replayed,5.0
-5.0,0.0,-1,1,63.569557,59,Replayed,5.0
-1.0,0.0,1,0,55.533504,59,Replayed,1.0
-38.0,1.0,-1,1,97.78725,59,Replayed,38.0
1.0,0.0,1,1,57.772438,59,Replayed,1.0
-38.0,1.0,-1,1,97.78624,59,Replayed,38.0
38.0,-1.0,1,1,83.42548,59,Replayed,38.0
38.0,0.0,1,1,94.1573,59,Replayed,38.0
9.0,1.0,1,1,77.026886,59,Replayed,9.0
-9.0,1.0,-1,1,77.672485,59,Replayed,9.0
-1.0,-1.0,1,0,46.9051,59,Replayed,1.0
1.0,1.0,-1,0,60.854362,59,Replayed,1.0
-38.0,-1.0,-1,1,83.791664,59,Replayed,38.0
-38.0,0.0,-1,1,93.99133,59,Replayed,38.0
1.0,-1.0,1,1,50.296204,59,Replayed,1.0
-5.0,1.0,-1,1,71.098434,59,Replayed,5.0
-3.0,-1.0,-1,1,52.035732,59,Replayed,3.0
-9.0,1.0,-1,1,77.55542,59,Replayed,9.0
38.0,-1.0,1,1,83.677185,59,Replayed,38.0
-5.0,-1.0,-1,1,52.598835,59,Replayed,5.0
1.0,-1.0,-1,0,46.768284,59,Replayed,1.0
38.0,1.0,1,1,97.77114,59,Replayed,38.0
9.0,0.0,1,1,69.43603,59,Replayed,9.0
38.0,-1.0,1,1,83.4171,59,Replayed,38.0
5.0,1.0,-1,0,60.718243,59,Replayed,5.0
1.0,0.0,-1,0,56.02957,59,Replayed,1.0
3.0,1.0,-1,0,60.554504,59,Replayed,3.0
9.0,-1.0,1,1,58.708954,59,Replayed,9.0
-38.0,-1.0,-1,1,83.37321,59,Replayed,38.0
-9.0,-1.0,-1,1,56.53138,59,Replayed,9.0
-38.0,1.0,-1,1,97.75405,59,Replayed,38.0
-1.0,0.0,-1,1,57.61353,59,Replayed,1.0
1.0,-1.0,-1,0,46.547104,59,Replayed,1.0
5.0,-1.0,1,1,55.160915,59,Replayed,5.0
5.0,0.0,1,1,64.0601,59,Replayed,5.0
-3.0,1.0,-1,1,66.84515,59,Replayed,3.0
3.0,1.0,1,1,67.9708,59,Replayed,3.0
5.0,-1.0,1,1,53.96041,59,Replayed,5.0
-3.0,1.0,-1,1,66.797,59,Replayed,3.0
-1.0,1.0,1,0,61.479263,59,Replayed,1.0
-9.0,0.0,-1,1,68.98019,59,Replayed,9.0
5.0,1.0,1,1,70.52964,59,Replayed,5.0
9.0,0.0,1,1,69.42976,59,Replayed,9.0
9.0,-1.0,1,1,57.711082,59,Replayed,9.0
5.0,0.0,1,1,64.02257,59,Replayed,5.0
-38.0,-1.0,-1,1,82.69034,59,Replayed,38.0
-5.0,-1.0,-1,1,54.07002,59,Replayed,5.0
-5.0,0.0,-1,1,63.31659,59,Replayed,5.0
3.0,0.0,-1,0,53.50675,59,Replayed,3.0
-1.0,1.0,1,0,62.326206,59,Replayed,1.0
3.0,-1.0,1,1,51.435436,59,Replayed,3.0
-38.0,0.0,-1,1,94.3654,59,Replayed,38.0
-3.0,0.0,-1,1,59.99969,59,Replayed,3.0
9.0,-1.0,-1,0,37.429447,59,Replayed,9.0
-1.0,1.0,1,0,62.782467,59,Replayed,1.0
3.0,1.0,1,1,66.73175,59,Replayed,3.0
9.0,0.0,1,1,68.67309,59,Replayed,9.0
-5.0,-1.0,-1,1,53.274025,59,Replayed,5.0
-9.0,0.0,-1,1,68.52543,59,Replayed,9.0
-3.0,0.0,-1,1,59.5831,59,Replayed,3.0
-3.0,1.0,1,0,60.28611,59,Replayed,3.0
38.0,1.0,1,1,97.792244,59,Replayed,38.0
3.0,-1.0,1,1,51.53411,59,Replayed,3.0
-9.0,0.0,-1,1,68.18176,59,Replayed,9.0
9.0,1.0,1,1,76.7962,59,Replayed,9.0
38.0,0.0,1,1,94.56534,59,Replayed,38.0
38.0,1.0,1,1,97.968506,59,Replayed,38.0
-9.0,-1.0,-1,1,58.007824,59,Replayed,9.0
38.0,0.0,1,1,94.26174,59,Replayed,38.0
-38.0,-1.0,-1,1,83.7364,59,Replayed,38.0
-1.0,1.0,1,0,61.681534,59,Replayed,1.0
1.0,-1.0,1,1,48.82103,59,Replayed,1.0
1.0,1.0,1,1,63.685738,59,Replayed,1.0
3.0,0.0,1,1,61.3153,59,Replayed,3.0
-3.0,0.0,1,0,53.830616,59,Replayed,3.0
-38.0,-1.0,-1,1,83.519615,59,Replayed,38.0
1.0,-1.0,-1,0,46.660244,59,Replayed,1.0
38.0,-1.0,1,1,83.49502,59,Replayed,38.0
-9.0,-1.0,-1,1,56.543415,59,Replayed,9.0
-5.0,-1.0,-1,1,53.49828,59,Replayed,5.0
1.0,1.0,1,1,64.066505,59,Replayed,1.0
9.0,0.0,1,1,68.87711,59,Replayed,9.0
-9.0,1.0,-1,1,76.8511,59,Replayed,9.0
-1.0,1.0,1,0,62.091553,59,Replayed,1.0
-9.0,0.0,-1,1,68.628456,59,Replayed,9.0
-5.0,-1.0,-1,1,53.322433,59,Replayed,5.0
3.0,-1.0,1,1,51.322533,59,Replayed,3.0
-5.0,1.0,-1,1,70.47807,59,Replayed,5.0
-5.0,-1.0,-1,1,52.82545,59,Replayed,5.0
-1.0,-1.0,-1,1,49.76968,59,Replayed,1.0
3.0,0.0,1,1,59.556812,59,Replayed,3.0
9.0,-1.0,1,1,57.711536,59,Replayed,9.0
-9.0,1.0,-1,1,76.147995,59,Replayed,9.0
-1.0,-1.0,1,0,47.976704,59,Replayed,1.0
3.0,0.0,1,1,59.790844,59,Replayed,3.0
9.0,0.0,1,1,68.823364,59,Replayed,9.0
-9.0,-1.0,-1,1,58.076805,59,Replayed,9.0
3.0,0.0,-1,0,52.33373,59,Replayed,3.0
1.0,-1.0,1,1,48.464542,59,Replayed,1.0
9.0,-1.0,1,1,57.568436,59,Replayed,9.0
38.0,0.0,1,1,94.218864,59,Replayed,38.0
3.0,1.0,1,1,67.21185,59,Replayed,3.0
5.0,-1.0,1,1,54.89219,59,Replayed,5.0
-1.0,1.0,-1,1,64.09117,59,Replayed,1.0
5.0,1.0,1,1,70.99804,59,Replayed,5.0
5.0,-1.0,-1,0,41.17226,59,Replayed,5.0
1.0,1.0,1,1,64.0244,59,Replayed,1.0
-38.0,-1.0,-1,1,82.64881,59,Replayed,38.0
-5.0,0.0,-1,1,63.663322,59,Replayed,5.0
-38.0,0.0,-1,1,94.042854,59,Replayed,38.0
-9.0,1.0,-1,1,77.20379,59,Replayed,9.0
5.0,0.0,1,1,64.24463,59,Replayed,5.0
9.0,0.0,1,1,69.17337,59,Replayed,9.0
-38.0,1.0,-1,1,97.75708,59,Replayed,38.0
3.0,0.0,1,1,59.722668,59,Replayed,3.0
1.0,1.0,1,1,63.940918,59,Replayed,1.0
3.0,0.0,1,1,61.384106,59,Replayed,3.0
-3.0,0.0,-1,1,59.942913,59,Replayed,3.0
38.0,0.0,1,1,94.28061,59,Replayed,38.0
-3.0,0.0,-1,1,60.155495,59,Replayed,3.0
9.0,1.0,1,1,77.52303,59,Replayed,9.0
-1.0,0.0,-1,1,57.624466,59,Replayed,1.0
-3.0,-1.0,-1,1,50.737335,59,Replayed,3.0
38.0,0.0,1,1,94.26514,59,Replayed,38.0
-1.0,-1.0,-1,1,49.2268,59,Replayed,1.0
9.0,0.0,-1,0,47.897526,59,Replayed,9.0
-5.0,1.0,-1,1,70.37774,59,Replayed,5.0
3.0,-1.0,1,1,51.350952,59,Replayed,3.0
-38.0,0.0,-1,1,94.08439,59,Replayed,38.0
-5.0,0.0,-1,1,64.36344,59,Replayed,5.0
-3.0,1.0,1,0,61.784912,59,Replayed,3.0
1.0,1.0,-1,0,61.108253,59,Replayed,1.0
3.0,1.0,1,1,67.26299,59,Replayed,3.0
-1.0,-1.0,-1,1,47.924786,59,Replayed,1.0
-3.0,0.0,-1,1,60.73439,59,Replayed,3.0
3.0,-1.0,-1,0,44.092663,59,Replayed,3.0
5.0,1.0,1,1,70.96964,59,Replayed,5.0
-9.0,0.0,-1,1,68.66475,59,Replayed,9.0
9.0,1.0,1,1,76.53468,59,Replayed,9.0
5.0,-1.0,1,1,53.720825,59,Replayed,5.0
-3.0,-1.0,1,0,44.498093,59,Replayed,3.0
-5.0,0.0,-1,1,63.64637,59,Replayed,5.0
-5.0,0.0,-1,1,62.940376,59,Replayed,5.0
3.0,-1.0,-1,0,44.20701,59,Replayed,3.0
-1.0,0.0,-1,1,57.387344,59,Replayed,1.0
5.0,0.0,-1,0,52.604355,59,Replayed,5.0
5.0,-1.0,-1,0,39.937275,59,Replayed,5.0
38.0,1.0,1,1,97.75901,59,Replayed,38.0
-3.0,1.0,-1,1,66.95459,59,Replayed,3.0
9.0,1.0,1,1,76.75766,59,Replayed,9.0
5.0,-1.0,-1,0,41.88552,59,Replayed,5.0
5.0,1.0,1,1,69.964424,59,Replayed,5.0
-3.0,1.0,1,0,61.123924,59,Replayed,3.0
-38.0,0.0,-1,1,94.24336,59,Replayed,38.0
-1.0,1.0,-1,1,63.306515,59,Replayed,1.0
-9.0,0.0,-1,1,68.76174,59,Replayed,9.0
-5.0,-1.0,-1,1,52.583908,59,Replayed,5.0
-5.0,1.0,-1,1,70.11101,59,Replayed,5.0
3.0,1.0,1,1,67.011314,59,Replayed,3.0
38.0,1.0,1,1,97.8089,59,Replayed,38.0
38.0,1.0,1,1,97.864006,59,Replayed,38.0
3.0,-1.0,1,1,51.262993,59,Replayed,3.0
-38.0,1.0,-1,1,97.62556,59,Replayed,38.0
1.0,0.0,1,1,57.952076,59,Replayed,1.0
1.0,0.0,1,1,58.102715,59,Replayed,1.0
38.0,1.0,1,1,95.725334,60,Replayed,38.0
-9.0,-1.0,-1,1,70.279655,60,Replayed,9.0
38.0,1.0,1,1,96.055916,60,Replayed,38.0
-3.0,1.0,-1,1,59.24617,60,Replayed,3.0
-9.0,-1.0,-1,1,70.78018,60,Replayed,9.0
38.0,0.0,1,1,95.87713,60,Replayed,38.0
9.0,-1.0,1,1,67.299576,60,Replayed,9.0
1.0,1.0,-1,0,50.480915,60,Replayed,1.0
-38.0,-1.0,-1,1,96.6964,60,Replayed,38.0
-5.0,-1.0,-1,1,62.75757,60,Replayed,5.0
9.0,0.0,-1,0,38.985535,60,Replayed,9.0
-1.0,-1.0,1,0,49.236248,60,Replayed,1.0
38.0,-1.0,1,1,95.84591,60,Replayed,38.0
-3.0,-1.0,-1,1,59.464558,60,Replayed,3.0
9.0,0.0,1,1,67.29477,60,Replayed,9.0
5.0,0.0,1,1,59.539383,60,Replayed,5.0
1.0,-1.0,-1,0,53.073048,60,Replayed,1.0
-5.0,1.0,-1,1,63.171543,60,Replayed,5.0
9.0,-1.0,1,1,67.621506,60,Replayed,9.0
3.0,1.0,1,1,56.36069,60,Replayed,3.0
-1.0,0.0,-1,1,55.201714,60,Replayed,1.0
5.0,-1.0,-1,0,45.96771,60,Replayed,5.0
-9.0,1.0,-1,1,69.36532,60,Replayed,9.0
5.0,0.0,1,1,59.875942,60,Replayed,5.0
-5.0,-1.0,-1,1,63.361023,60,Replayed,5.0
-1.0,1.0,-1,1,55.565147,60,Replayed,1.0
-1.0,0.0,-1,1,55.24009,60,Replayed,1.0
9.0,-1.0,1,1,66.951996,60,Replayed,9.0
38.0,0.0,1,1,96.09001,60,Replayed,38.0
5.0,0.0,1,1,59.445225,60,Replayed,5.0
-9.0,0.0,-1,1,70.24587,60,Replayed,9.0
9.0,0.0,1,1,66.51702,60,Replayed,9.0
5.0,1.0,1,1,59.349693,60,Replayed,5.0
3.0,-1.0,1,1,55.45242,60,Replayed,3.0
3.0,1.0,-1,0,47.90609,60,Replayed,3.0
-5.0,1.0,-1,1,62.32054,60,Replayed,5.0
-9.0,-1.0,-1,1,69.72203,60,Replayed,9.0
38.0,0.0,1,1,95.838554,60,Replayed,38.0
-38.0,1.0,-1,1,96.3177,60,Replayed,38.0
5.0,-1.0,-1,0,45.27139,60,Replayed,5.0
5.0,-1.0,1,1,58.696495,60,Replayed,5.0
1.0,-1.0,1,1,52.340515,60,Replayed,1.0
3.0,-1.0,-1,0,48.93471,60,Replayed,3.0
38.0,-1.0,1,1,96.29686,60,Replayed,38.0
1.0,1.0,-1,0,51.398426,60,Replayed,1.0
-1.0,1.0,-1,1,55.21987,60,Replayed,1.0
1.0,1.0,-1,0,51.568913,60,Replayed,1.0
1.0,-1.0,-1,0,52.237362,60,Replayed,1.0
-38.0,1.0,-1,1,96.27653,60,Replayed,38.0
-5.0,-1.0,1,0,41.33839,60,Replayed,5.0
-38.0,0.0,-1,1,96.60057,60,Replayed,38.0
-5.0,-1.0,-1,1,63.359947,60,Replayed,5.0
-5.0,0.0,-1,1,63.135685,60,Replayed,5.0
3.0,-1.0,1,1,56.171925,60,Replayed,3.0
-9.0,0.0,-1,1,69.529495,60,Replayed,9.0
-5.0,0.0,-1,1,62.348007,60,Replayed,5.0
-38.0,-1.0,-1,1,96.75902,60,Replayed,38.0
9.0,1.0,1,1,66.796936,60,Replayed,9.0
-9.0,0.0,-1,1,69.6604,60,Replayed,9.0
-38.0,-1.0,-1,1,96.62813,60,Replayed,38.0
-38.0,0.0,-1,1,96.57031,60,Replayed,38.0
1.0,-1.0,-1,0,51.76271,60,Replayed,1.0
-5.0,-1.0,-1,1,63.479187,60,Replayed,5.0
3.0,0.0,1,1,56.00195,60,Replayed,3.0
-9.0,-1.0,-1,1,70.330826,60,Replayed,9.0
-9.0,-1.0,-1,1,69.44073,60,Replayed,9.0
3.0,0.0,1,1,55.11999,60,Replayed,3.0
38.0,0.0,1,1,95.65643,60,Replayed,38.0
5.0,0.0,1,1,58.933437,60,Replayed,5.0
-38.0,0.0,-1,1,96.455444,60,Replayed,38.0
5.0,1.0,1,1,59.39723,60,Replayed,5.0
-9.0,1.0,-1,1,69.803246,60,Replayed,9.0
-9.0,0.0,-1,1,69.55768,60,Replayed,9.0
1.0,0.0,-1,0,51.34753,60,Replayed,1.0
9.0,1.0,1,1,66.586624,60,Replayed,9.0
5.0,1.0,-1,0,45.16144,60,Replayed,5.0
5.0,-1.0,1,1,59.59887,60,Replayed,5.0
3.0,1.0,-1,0,48.47182,60,Replayed,3.0
-9.0,1.0,-1,1,69.08701,60,Replayed,9.0
-3.0,0.0,-1,1,58.864426,60,Replayed,3.0
-9.0,-1.0,-1,1,68.91069,60,Replayed,9.0
3.0,1.0,-1,0,47.408287,60,Replayed,3.0
-1.0,0.0,1,0,48.231255,60,Replayed,1.0
-3.0,0.0,1,0,45.813538,60,Replayed,3.0
38.0,1.0,1,1,95.666306,60,Replayed,38.0
-5.0,1.0,-1,1,61.674614,60,Replayed,5.0
3.0,0.0,1,1,55.39046,60,Replayed,3.0
5.0,-1.0,1,1,60.19469,60,Replayed,5.0
-3.0,1.0,-1,1,58.118828,60,Replayed,3.0
38.0,0.0,1,1,95.88376,60,Replayed,38.0
38.0,-1.0,1,1,95.870384,60,Replayed,38.0
38.0,1.0,1,1,95.55383,60,Replayed,38.0
9.0,-1.0,1,1,66.49154,60,Replayed,9.0
9.0,-1.0,1,1,67.44664,60,Replayed,9.0
-3.0,-1.0,-1,1,59.89256,60,Replayed,3.0
1.0,0.0,-1,0,50.969994,60,Replayed,1.0
-38.0,-1.0,-1,1,96.72664,60,Replayed,38.0
3.0,-1.0,1,1,55.4911,60,Replayed,3.0
38.0,-1.0,1,1,96.01728,60,Replayed,38.0
9.0,0.0,1,1,66.56592,60,Replayed,9.0
-3.0,1.0,-1,1,58.01545,60,Replayed,3.0
1.0,0.0,-1,0,51.7812,60,Replayed,1.0
-5.0,0.0,-1,1,62.19454,60,Replayed,5.0
-9.0,0.0,-1,1,70.01479,60,Replayed,9.0
-9.0,-1.0,-1,1,69.17718,60,Replayed,9.0
-5.0,0.0,-1,1,63.260586,60,Replayed,5.0
-3.0,1.0,-1,1,58.50614,60,Replayed,3.0
5.0,-1.0,1,1,59.877098,60,Replayed,5.0
-9.0,0.0,-1,1,69.655106,60,Replayed,9.0
5.0,1.0,1,1,58.871166,60,Replayed,5.0
-1.0,-1.0,-1,1,56.887074,60,Replayed,1.0
-1.0,0.0,1,0,47.591866,60,Replayed,1.0
3.0,0.0,-1,0,48.623535,60,Replayed,3.0
-5.0,1.0,-1,1,63.147045,60,Replayed,5.0
5.0,0.0,-1,0,45.041866,60,Replayed,5.0
-5.0,1.0,1,0,41.520744,60,Replayed,5.0
9.0,0.0,-1,0,38.74323,60,Replayed,9.0
-1.0,-1.0,-1,1,55.44135,60,Replayed,1.0
-3.0,-1.0,-1,1,59.960545,60,Replayed,3.0
-5.0,-1.0,-1,1,61.928825,60,Replayed,5.0
-1.0,0.0,1,0,48.928364,60,Replayed,1.0
-9.0,-1.0,-1,1,69.757774,60,Replayed,9.0
-1.0,1.0,-1,1,55.590576,60,Replayed,1.0
38.0,-1.0,1,1,96.18839,60,Replayed,38.0
-3.0,-1.0,-1,1,59.331493,60,Replayed,3.0
-38.0,-1.0,-1,1,96.77156,60,Replayed,38.0
1.0,0.0,-1,0,51.68507,60,Replayed,1.0
-5.0,1.0,-1,1,61.668373,60,Replayed,5.0
5.0,0.0,1,1,58.790855,60,Replayed,5.0
-38.0,-1.0,-1,1,96.78252,60,Replayed,38.0
1.0,0.0,1,1,50.83059,60,Replayed,1.0
-5.0,1.0,-1,1,62.636436,60,Replayed,5.0
-38.0,1.0,-1,1,96.44748,60,Replayed,38.0
-3.0,-1.0,1,0,45.67093,60,Replayed,3.0
-1.0,1.0,-1,1,54.48851,60,Replayed,1.0
-9.0,0.0,-1,1,70.45182,60,Replayed,9.0
-5.0,-1.0,-1,1,62.094044,60,Replayed,5.0
5.0,-1.0,1,1,60.33786,60,Replayed,5.0
5.0,1.0,1,1,59.32755,60,Replayed,5.0
-1.0,0.0,-1,1,55.71197,60,Replayed,1.0
-5.0,0.0,1,0,41.925766,60,Replayed,5.0
-5.0,-1.0,-1,1,63.090652,60,Replayed,5.0
3.0,0.0,1,1,56.69753,60,Replayed,3.0
-1.0,-1.0,1,0,48.475063,60,Replayed,1.0
-1.0,-1.0,1,0,48.209568,60,Replayed,1.0
-1.0,0.0,-1,1,54.765438,60,Replayed,1.0
-1.0,0.0,1,0,48.293674,60,Replayed,1.0
38.0,1.0,1,1,95.524635,60,Replayed,38.0
38.0,-1.0,1,1,96.0164,60,Replayed,38.0
3.0,0.0,-1,0,47.425404,60,Replayed,3.0
3.0,1.0,1,1,54.79996,60,Replayed,3.0
-5.0,0.0,-1,1,62.85429,60,Replayed,5.0
5.0,1.0,-1,0,43.96361,60,Replayed,5.0
-5.0,1.0,1,0,42.309395,60,Replayed,5.0
1.0,0.0,-1,0,52.15779,60,Replayed,1.0
-5.0,0.0,1,0,40.697586,60,Replayed,5.0
3.0,0.0,1,1,55.913532,60,Replayed,3.0
3.0,-1.0,1,1,55.750053,60,Replayed,3.0
5.0,1.0,1,1,58.417248,60,Replayed,5.0
-38.0,0.0,-1,1,96.53924,60,Replayed,38.0
1.0,1.0,1,1,51.696205,60,Replayed,1.0
-3.0,0.0,1,0,45.26426,60,Replayed,3.0
38.0,1.0,1,1,95.72943,60,Replayed,38.0
1.0,-1.0,-1,0,53.05627,60,Replayed,1.0
1.0,0.0,1,1,52.5481,60,Replayed,1.0
1.0,-1.0,-1,0,52.046597,60,Replayed,1.0
-1.0,-1.0,-1,1,55.712257,60,Replayed,1.0
9.0,0.0,1,1,65.87935,60,Replayed,9.0
9.0,1.0,1,1,66.08904,60,Replayed,9.0
5.0,1.0,1,1,58.58413,60,Replayed,5.0
38.0,-1.0,1,1,95.99582,60,Replayed,38.0
9.0,1.0,1,1,66.40144,60,Replayed,9.0
3.0,-1.0,1,1,55.88807,60,Replayed,3.0
38.0,0.0,1,1,96.086395,60,Replayed,38.0
3.0,1.0,1,1,55.863457,60,Replayed,3.0
5.0,0.0,1,1,59.554935,60,Replayed,5.0
1.0,-1.0,1,1,52.531082,60,Replayed,1.0
-9.0,1.0,1,0,34.41341,60,Replayed,9.0
-3.0,0.0,1,0,44.949768,60,Replayed,3.0
9.0,0.0,-1,0,38.5642,60,Replayed,9.0
-1.0,1.0,-1,1,55.388893,60,Replayed,1.0
-3.0,1.0,-1,1,60.42059,60,Replayed,3.0
1.0,0.0,1,1,51.570915,60,Replayed,1.0
38.0,1.0,1,1,95.669945,60,Replayed,38.0
3.0,-1.0,1,1,55.839233,60,Replayed,3.0
5.0,-1.0,1,1,61.056507,60,Replayed,5.0
9.0,0.0,-1,0,38.897846,60,Replayed,9.0
-3.0,1.0,1,0,43.881603,60,Replayed,3.0
38.0,0.0,1,1,95.75445,60,Replayed,38.0
-38.0,-1.0,-1,1,96.938995,60,Replayed,38.0
3.0,0.0,1,1,55.040215,60,Replayed,3.0
38.0,-1.0,1,1,95.95864,60,Replayed,38.0
-38.0,1.0,-1,1,96.34241,60,Replayed,38.0
38.0,1.0,1,1,95.82609,60,Replayed,38.0
-38.0,1.0,-1,1,96.556435,60,Replayed,38.0
-9.0,0.0,-1,1,70.22747,60,Replayed,9.0
1.0,1.0,1,1,52.101177,60,Replayed,1.0
-3.0,-1.0,-1,1,59.361298,60,Replayed,3.0
-38.0,1.0,-1,1,96.359055,60,Replayed,38.0
38.0,0.0,1,1,95.916855,60,Replayed,38.0
5.0,0.0,1,1,59.60066,60,Replayed,5.0
-3.0,1.0,-1,1,58.978516,60,Replayed,3.0
-9.0,1.0,-1,1,70.16069,60,Replayed,9.0
9.0,1.0,1,1,66.47744,60,Replayed,9.0
-3.0,1.0,-1,1,58.283596,60,Replayed,3.0
-3.0,0.0,-1,1,59.396553,60,Replayed,3.0
-3.0,-1.0,1,0,45.20461,60,Replayed,3.0
-9.0,1.0,-1,1,69.09139,60,Replayed,9.0
-3.0,-1.0,-1,1,60.023342,60,Replayed,3.0
9.0,1.0,1,1,66.76825,60,Replayed,9.0
1.0,-1.0,1,1,52.734802,60,Replayed,1.0
1.0,1.0,-1,0,50.458508,60,Replayed,1.0
9.0,-1.0,-1,0,39.66372,60,Replayed,9.0
-9.0,1.0,-1,1,69.1324,60,Replayed,9.0
9.0,-1.0,1,1,67.77708,60,Replayed,9.0
3.0,1.0,1,1,55.938232,60,Replayed,3.0
-38.0,1.0,-1,1,96.41573,60,Replayed,38.0
-1.0,1.0,-1,1,55.037613,60,Replayed,1.0
-1.0,1.0,-1,1,55.780907,60,Replayed,1.0
1.0,1.0,-1,0,50.91396,60,Replayed,1.0
-3.0,0.0,1,0,45.498898,60,Replayed,3.0
1.0,1.0,-1,0,50.635857,60,Replayed,1.0
-1.0,1.0,1,0,47.62085,60,Replayed,1.0
9.0,1.0,1,1,67.031494,60,Replayed,9.0
3.0,-1.0,1,1,57.06482,60,Replayed,3.0
3.0,1.0,1,1,55.41775,60,Replayed,3.0
-38.0,0.0,-1,1,96.62807,60,Replayed,38.0
9.0,-1.0,1,1,67.089615,60,Replayed,9.0
9.0,1.0,1,1,65.64812,60,Replayed,9.0
-1.0,-1.0,1,0,49.20386,60,Replayed,1.0
-9.0,1.0,-1,1,69.234795,60,Replayed,9.0
-3.0,0.0,-1,1,59.09912,60,Replayed,3.0
-38.0,1.0,-1,1,96.28154,60,Replayed,38.0
-38.0,0.0,-1,1,96.597115,60,Replayed,38.0
-5.0,0.0,-1,1,62.154877,60,Replayed,5.0
-1.0,-1.0,1,0,48.193356,60,Replayed,1.0
-38.0,0.0,-1,1,96.659546,60,Replayed,38.0
-38.0,0.0,-1,1,96.56117,60,Replayed,38.0
-3.0,0.0,-1,1,59.05607,60,Replayed,3.0
-38.0,-1.0,-1,1,96.66528,60,Replayed,38.0
-38.0,0.0,-1,1,92.0124,61,Replayed,38.0
-3.0,0.0,1,0,62.373573,61,Replayed,3.0
38.0,0.0,1,1,92.54209,61,Replayed,38.0
3.0,-1.0,-1,0,58.59301,61,Replayed,3.0
3.0,0.0,-1,0,60.86272,61,Replayed,3.0
3.0,-1.0,-1,0,58.41754,61,Replayed,3.0
-9.0,0.0,1,0,58.134644,61,Replayed,9.0
-3.0,0.0,-1,1,66.86635,61,Replayed,3.0
-38.0,0.0,-1,1,92.071785,61,Replayed,38.0
-5.0,1.0,1,0,63.812393,61,Replayed,5.0
-1.0,0.0,-1,1,63.75739,61,Replayed,1.0
-9.0,1.0,-1,1,75.80287,61,Replayed,9.0
9.0,0.0,-1,0,56.948067,61,Replayed,9.0
5.0,0.0,1,1,68.65174,61,Replayed,5.0
-5.0,0.0,1,0,59.951633,61,Replayed,5.0
-9.0,-1.0,-1,1,70.12103,61,Replayed,9.0
-9.0,-1.0,1,0,53.629135,61,Replayed,9.0
3.0,-1.0,1,1,64.25453,61,Replayed,3.0
-3.0,1.0,1,0,65.08551,61,Replayed,3.0
9.0,-1.0,-1,0,53.25033,61,Replayed,9.0
3.0,1.0,-1,0,63.722008,61,Replayed,3.0
-9.0,1.0,-1,1,74.939095,61,Replayed,9.0
-3.0,-1.0,-1,1,63.76602,61,Replayed,3.0
1.0,0.0,-1,0,61.840237,61,Replayed,1.0
5.0,0.0,-1,0,59.73213,61,Replayed,5.0
-5.0,1.0,1,0,63.316708,61,Replayed,5.0
-3.0,0.0,1,0,60.954052,61,Replayed,3.0
38.0,0.0,1,1,92.15303,61,Replayed,38.0
1.0,0.0,1,1,64.89281,61,Replayed,1.0
-3.0,0.0,1,0,61.330353,61,Replayed,3.0
5.0,1.0,1,1,72.36127,61,Replayed,5.0
5.0,-1.0,1,1,65.39024,61,Replayed,5.0
9.0,1.0,1,1,75.82011,61,Replayed,9.0
5.0,0.0,1,1,68.56846,61,Replayed,5.0
38.0,1.0,1,1,93.291306,61,Replayed,38.0
9.0,-1.0,-1,0,53.674435,61,Replayed,9.0
-3.0,-1.0,-1,1,64.13592,61,Replayed,3.0
-5.0,1.0,-1,1,70.92685,61,Replayed,5.0
3.0,1.0,1,1,68.65381,61,Replayed,3.0
-3.0,0.0,-1,1,65.423546,61,Replayed,3.0
-1.0,-1.0,1,0,60.797913,61,Replayed,1.0
-9.0,1.0,-1,1,75.596794,61,Replayed,9.0
1.0,1.0,-1,0,65.37992,61,Replayed,1.0
-9.0,-1.0,-1,1,70.07848,61,Replayed,9.0
-38.0,-1.0,-1,1,89.96594,61,Replayed,38.0
-9.0,0.0,1,0,56.61853,61,Replayed,9.0
-38.0,1.0,-1,1,93.388245,61,Replayed,38.0
3.0,1.0,1,1,69.44441,61,Replayed,3.0
38.0,-1.0,1,1,90.82698,61,Replayed,38.0
-9.0,0.0,-1,1,71.98449,61,Replayed,9.0
3.0,1.0,-1,0,63.75781,61,Replayed,3.0
38.0,-1.0,1,1,90.495995,61,Replayed,38.0
38.0,0.0,-1,0,35.54139,61,Replayed,38.0
-5.0,0.0,1,0,59.77196,61,Replayed,5.0
-3.0,0.0,-1,1,66.27534,61,Replayed,3.0
-1.0,1.0,1,0,66.156555,61,Replayed,1.0
-3.0,1.0,1,0,63.76664,61,Replayed,3.0
38.0,1.0,1,1,93.600555,61,Replayed,38.0
-1.0,0.0,1,0,62.21819,61,Replayed,1.0
-38.0,0.0,-1,1,91.684,61,Replayed,38.0
3.0,0.0,1,1,66.3835,61,Replayed,3.0
-9.0,0.0,1,0,57.00679,61,Replayed,9.0
5.0,-1.0,1,1,65.965065,61,Replayed,5.0
-5.0,1.0,1,0,63.44222,61,Replayed,5.0
-38.0,0.0,-1,1,92.13505,61,Replayed,38.0
5.0,0.0,1,1,69.17477,61,Replayed,5.0
-38.0,-1.0,-1,1,90.51188,61,Replayed,38.0
-3.0,-1.0,-1,1,63.260887,61,Replayed,3.0
-9.0,0.0,-1,1,72.92485,61,Replayed,9.0
1.0,0.0,-1,0,62.76737,61,Replayed,1.0
-9.0,-1.0,1,0,53.525414,61,Replayed,9.0
3.0,-1.0,-1,0,58.66577,61,Replayed,3.0
3.0,-1.0,-1,0,58.389496,61,Replayed,3.0
-1.0,0.0,1,0,63.472473,61,Replayed,1.0
38.0,1.0,1,1,93.322815,61,Replayed,38.0
38.0,0.0,1,1,91.79057,61,Replayed,38.0
3.0,0.0,-1,0,59.801758,61,Replayed,3.0
5.0,-1.0,1,1,67.21565,61,Replayed,5.0
-1.0,-1.0,-1,1,62.01024,61,Replayed,1.0
-5.0,-1.0,-1,1,66.25814,61,Replayed,5.0
1.0,1.0,-1,0,65.89016,61,Replayed,1.0
-5.0,0.0,-1,1,68.65271,61,Replayed,5.0
5.0,-1.0,1,1,66.305305,61,Replayed,5.0
5.0,1.0,1,1,71.43038,61,Replayed,5.0
9.0,-1.0,1,1,70.14418,61,Replayed,9.0
9.0,0.0,1,1,73.00384,61,Replayed,9.0
-5.0,0.0,1,0,61.057602,61,Replayed,5.0
5.0,0.0,1,1,68.798904,61,Replayed,5.0
-38.0,0.0,-1,1,91.728905,61,Replayed,38.0
-5.0,0.0,1,0,60.488354,61,Replayed,5.0
9.0,0.0,1,1,73.18458,61,Replayed,9.0
-5.0,1.0,-1,1,70.54627,61,Replayed,5.0
-1.0,-1.0,-1,1,62.40216,61,Replayed,1.0
-38.0,1.0,-1,1,93.50376,61,Replayed,38.0
-38.0,1.0,-1,1,93.21231,61,Replayed,38.0
-5.0,-1.0,-1,1,66.28867,61,Replayed,5.0
5.0,-1.0,-1,0,55.50354,61,Replayed,5.0
3.0,0.0,1,1,66.77848,61,Replayed,3.0
-38.0,-1.0,-1,1,90.59823,61,Replayed,38.0
-5.0,-1.0,-1,1,65.28799,61,Replayed,5.0
-9.0,1.0,-1,1,75.6295,61,Replayed,9.0
-38.0,-1.0,-1,1,90.42128,61,Replayed,38.0
5.0,1.0,1,1,71.20992,61,Replayed,5.0
-1.0,1.0,-1,1,65.96864,61,Replayed,1.0
-1.0,1.0,-1,1,66.73972,61,Replayed,1.0
38.0,0.0,1,1,92.24692,61,Replayed,38.0
3.0,-1.0,-1,0,57.522808,61,Replayed,3.0
-5.0,-1.0,1,0,57.21587,61,Replayed,5.0
9.0,-1.0,1,1,69.93701,61,Replayed,9.0
-3.0,-1.0,1,0,58.879185,61,Replayed,3.0
1.0,1.0,-1,0,64.33069,61,Replayed,1.0
-9.0,1.0,1,0,60.60465,61,Replayed,9.0
-3.0,1.0,1,0,64.1651,61,Replayed,3.0
9.0,1.0,1,1,74.80498,61,Replayed,9.0
38.0,-1.0,1,1,90.56311,61,Replayed,38.0
38.0,0.0,1,1,92.01782,61,Replayed,38.0
-1.0,1.0,-1,1,66.62564,61,Replayed,1.0
-1.0,0.0,-1,1,64.37988,61,Replayed,1.0
38.0,-1.0,-1,0,30.342527,61,Replayed,38.0
-38.0,1.0,-1,1,93.446556,61,Replayed,38.0
5.0,1.0,1,1,72.08553,61,Replayed,5.0
3.0,0.0,1,1,67.80821,61,Replayed,3.0
-5.0,0.0,1,0,59.482773,61,Replayed,5.0
-38.0,0.0,-1,1,91.99402,61,Replayed,38.0
1.0,0.0,1,1,65.139145,61,Replayed,1.0
-5.0,0.0,1,0,60.221428,61,Replayed,5.0
1.0,-1.0,1,1,61.143715,61,Replayed,1.0
-1.0,-1.0,-1,1,61.902992,61,Replayed,1.0
-1.0,-1.0,-1,1,62.463654,61,Replayed,1.0
3.0,0.0,1,1,66.748314,61,Replayed,3.0
9.0,1.0,1,1,75.56752,61,Replayed,9.0
1.0,-1.0,1,1,63.163948,61,Replayed,1.0
1.0,1.0,-1,0,64.55595,61,Replayed,1.0
-9.0,-1.0,-1,1,70.06189,61,Replayed,9.0
9.0,1.0,1,1,75.81998,61,Replayed,9.0
-3.0,1.0,1,0,63.77876,61,Replayed,3.0
1.0,1.0,-1,0,64.66208,61,Replayed,1.0
-3.0,0.0,-1,1,66.018105,61,Replayed,3.0
5.0,-1.0,-1,0,56.25428,61,Replayed,5.0
-3.0,-1.0,-1,1,63.979263,61,Replayed,3.0
9.0,-1.0,-1,0,53.76345,61,Replayed,9.0
-38.0,1.0,-1,1,92.99617,61,Replayed,38.0
-1.0,1.0,-1,1,67.19622,61,Replayed,1.0
-38.0,1.0,-1,1,93.30321,61,Replayed,38.0
-1.0,1.0,1,0,66.198265,61,Replayed,1.0
-9.0,1.0,1,0,60.133205,61,Replayed,9.0
5.0,0.0,1,1,68.61621,61,Replayed,5.0
3.0,-1.0,1,1,64.05535,61,Replayed,3.0
9.0,0.0,-1,0,56.632214,61,Replayed,9.0
9.0,0.0,1,1,72.62049,61,Replayed,9.0
-1.0,-1.0,-1,1,61.210823,61,Replayed,1.0
-38.0,1.0,-1,1,93.353424,61,Replayed,38.0
38.0,0.0,-1,0,33.875713,61,Replayed,38.0
-5.0,0.0,1,0,60.161816,61,Replayed,5.0
9.0,1.0,-1,0,60.29819,61,Replayed,9.0
3.0,0.0,-1,0,60.339035,61,Replayed,3.0
-9.0,-1.0,1,0,53.44611,61,Replayed,9.0
1.0,1.0,-1,0,64.57467,61,Replayed,1.0
38.0,-1.0,1,1,90.6686,61,Replayed,38.0
-1.0,0.0,-1,1,64.17954,61,Replayed,1.0
5.0,1.0,1,1,71.06095,61,Replayed,5.0
-1.0,-1.0,1,0,60.439404,61,Replayed,1.0
3.0,-1.0,-1,0,58.570034,61,Replayed,3.0
-9.0,0.0,-1,1,72.930214,61,Replayed,9.0
-3.0,-1.0,-1,1,64.23517,61,Replayed,3.0
-9.0,0.0,-1,1,72.584496,61,Replayed,9.0
-38.0,-1.0,-1,1,90.30855,61,Replayed,38.0
5.0,-1.0,-1,0,56.91527,61,Replayed,5.0
1.0,-1.0,-1,0,60.394215,61,Replayed,1.0
1.0,1.0,1,1,67.50986,61,Replayed,1.0
-38.0,-1.0,-1,1,90.43406,61,Replayed,38.0
5.0,1.0,1,1,71.588326,61,Replayed,5.0
1.0,1.0,-1,0,64.274254,61,Replayed,1.0
9.0,-1.0,-1,0,53.058964,61,Replayed,9.0
-3.0,1.0,-1,1,68.53669,61,Replayed,3.0
38.0,-1.0,1,1,90.40971,61,Replayed,38.0
-38.0,-1.0,-1,1,90.3406,61,Replayed,38.0
1.0,-1.0,-1,0,60.412746,61,Replayed,1.0
38.0,1.0,1,1,93.43685,61,Replayed,38.0
3.0,1.0,1,1,69.77134,61,Replayed,3.0
1.0,0.0,-1,0,61.77365,61,Replayed,1.0
-5.0,-1.0,1,0,55.817104,61,Replayed,5.0
5.0,0.0,1,1,69.01895,61,Replayed,5.0
-1.0,0.0,1,0,63.01921,61,Replayed,1.0
-9.0,0.0,-1,1,72.797935,61,Replayed,9.0
-9.0,-1.0,-1,1,69.95844,61,Replayed,9.0
-1.0,1.0,1,0,64.849815,61,Replayed,1.0
-1.0,0.0,-1,1,63.456787,61,Replayed,1.0
9.0,0.0,-1,0,56.607964,61,Replayed,9.0
3.0,1.0,-1,0,63.53814,61,Replayed,3.0
-3.0,-1.0,-1,1,64.574554,61,Replayed,3.0
38.0,-1.0,-1,0,30.17329,61,Replayed,38.0
-38.0,0.0,-1,1,91.536896,61,Replayed,38.0
9.0,1.0,1,1,74.67067,61,Replayed,9.0
38.0,-1.0,1,1,90.61783,61,Replayed,38.0
-9.0,-1.0,1,0,54.312653,61,Replayed,9.0
-1.0,1.0,1,0,65.15624,61,Replayed,1.0
-38.0,-1.0,-1,1,90.76744,61,Replayed,38.0
-5.0,-1.0,-1,1,65.75804,61,Replayed,5.0
1.0,0.0,-1,0,62.88473,61,Replayed,1.0
3.0,1.0,1,1,69.24369,61,Replayed,3.0
3.0,0.0,1,1,67.19975,61,Replayed,3.0
38.0,1.0,1,1,93.704506,61,Replayed,38.0
-1.0,0.0,1,0,62.56659,61,Replayed,1.0
1.0,-1.0,1,1,63.09995,61,Replayed,1.0
-3.0,-1.0,-1,1,63.87703,61,Replayed,3.0
9.0,1.0,1,1,74.951355,61,Replayed,9.0
1.0,-1.0,1,1,62.559395,61,Replayed,1.0
9.0,-1.0,1,1,69.90768,61,Replayed,9.0
38.0,1.0,1,1,93.56946,61,Replayed,38.0
1.0,-1.0,1,1,62.357075,61,Replayed,1.0
5.0,1.0,-1,0,62.461884,61,Replayed,5.0
-9.0,1.0,-1,1,75.26113,61,Replayed,9.0
-5.0,-1.0,-1,1,66.17204,61,Replayed,5.0
38.0,1.0,1,1,93.30113,61,Replayed,38.0
5.0,0.0,1,1,68.758995,61,Replayed,5.0
-9.0,1.0,1,0,59.70424,61,Replayed,9.0
-5.0,-1.0,1,0,58.034515,61,Replayed,5.0
3.0,1.0,1,1,69.42287,61,Replayed,3.0
-38.0,1.0,-1,1,93.472984,61,Replayed,38.0
-3.0,1.0,1,0,63.38965,61,Replayed,3.0
-5.0,1.0,1,0,62.96503,61,Replayed,5.0
1.0,0.0,-1,0,62.22937,61,Replayed,1.0
-3.0,1.0,1,0,64.36548,61,Replayed,3.0
-5.0,1.0,1,0,62.171143,61,Replayed,5.0
38.0,1.0,1,1,93.36428,61,Replayed,38.0
1.0,0.0,1,1,64.3873,61,Replayed,1.0
9.0,0.0,1,1,71.98393,61,Replayed,9.0
5.0,1.0,-1,0,62.595524,61,Replayed,5.0
1.0,-1.0,1,1,63.566048,61,Replayed,1.0
9.0,-1.0,1,1,70.20011,61,Replayed,9.0
-3.0,1.0,1,0,64.06584,61,Replayed,3.0
-38.0,0.0,-1,1,91.759094,61,Replayed,38.0
5.0,-1.0,1,1,66.5572,61,Replayed,5.0
-1.0,-1.0,1,0,59.348274,61,Replayed,1.0
-3.0,0.0,-1,1,66.76859,61,Replayed,3.0
9.0,0.0,1,1,72.20594,61,Replayed,9.0
-5.0,1.0,-1,1,71.31729,61,Replayed,5.0
9.0,1.0,1,1,74.76723,61,Replayed,9.0
38.0,0.0,1,1,92.26433,61,Replayed,38.0
-5.0,1.0,1,0,45.856262,62,Replayed,5.0
-9.0,0.0,1,0,38.852367,62,Replayed,9.0
9.0,0.0,1,1,63.43589,62,Replayed,9.0
38.0,-1.0,1,1,91.00041,62,Replayed,38.0
-38.0,1.0,-1,1,90.04982,62,Replayed,38.0
38.0,-1.0,1,1,91.31825,62,Replayed,38.0
-38.0,1.0,-1,1,90.27944,62,Replayed,38.0
5.0,-1.0,1,1,58.333008,62,Replayed,5.0
9.0,-1.0,1,1,63.684666,62,Replayed,9.0
-38.0,1.0,-1,1,89.956314,62,Replayed,38.0
-1.0,-1.0,1,0,50.64799,62,Replayed,1.0
5.0,0.0,1,1,58.2983,62,Replayed,5.0
-5.0,1.0,-1,1,55.858105,62,Replayed,5.0
-5.0,0.0,1,0,45.090454,62,Replayed,5.0
1.0,1.0,1,1,53.7019,62,Replayed,1.0
38.0,-1.0,1,1,91.03481,62,Replayed,38.0
-3.0,1.0,-1,1,54.055935,62,Replayed,3.0
-3.0,0.0,-1,1,53.845047,62,Replayed,3.0
1.0,-1.0,1,1,52.563263,62,Replayed,1.0
3.0,1.0,1,1,55.76367,62,Replayed,3.0
-38.0,-1.0,-1,1,89.623955,62,Replayed,38.0
-5.0,-1.0,1,0,44.889618,62,Replayed,5.0
-9.0,-1.0,-1,1,60.875477,62,Replayed,9.0
-1.0,1.0,1,0,50.496708,62,Replayed,1.0
5.0,1.0,-1,0,41.73375,62,Replayed,5.0
1.0,-1.0,-1,0,47.171234,62,Replayed,1.0
9.0,-1.0,-1,0,37.34508,62,Replayed,9.0
-9.0,-1.0,-1,1,61.280144,62,Replayed,9.0
9.0,1.0,1,1,64.25987,62,Replayed,9.0
9.0,-1.0,1,1,63.298588,62,Replayed,9.0
1.0,0.0,1,1,53.104687,62,Replayed,1.0
5.0,-1.0,-1,0,41.845493,62,Replayed,5.0
1.0,-1.0,1,1,52.70925,62,Replayed,1.0
9.0,0.0,1,1,64.494774,62,Replayed,9.0
-38.0,0.0,-1,1,89.832756,62,Replayed,38.0
-3.0,0.0,-1,1,54.030357,62,Replayed,3.0
-38.0,0.0,-1,1,90.16026,62,Replayed,38.0
-1.0,-1.0,-1,1,50.30617,62,Replayed,1.0
-5.0,1.0,1,0,45.08019,62,Replayed,5.0
-3.0,1.0,1,0,48.307407,62,Replayed,3.0
-1.0,0.0,1,0,50.623398,62,Replayed,1.0
38.0,-1.0,1,1,91.11122,62,Replayed,38.0
3.0,1.0,-1,0,45.97169,62,Replayed,3.0
-38.0,-1.0,-1,1,90.23137,62,Replayed,38.0
-3.0,1.0,-1,1,53.44718,62,Replayed,3.0
3.0,1.0,1,1,56.157017,62,Replayed,3.0
1.0,1.0,-1,0,48.218994,62,Replayed,1.0
9.0,0.0,1,1,63.537716,62,Replayed,9.0
1.0,1.0,-1,0,48.15636,62,Replayed,1.0
-3.0,-1.0,-1,1,51.893024,62,Replayed,3.0
-3.0,0.0,1,0,47.83679,62,Replayed,3.0
-9.0,0.0,1,0,40.354965,62,Replayed,9.0
38.0,1.0,1,1,91.2169,62,Replayed,38.0
-9.0,1.0,-1,1,63.41909,62,Replayed,9.0
-9.0,1.0,-1,1,62.611538,62,Replayed,9.0
-3.0,0.0,-1,1,52.19899,62,Replayed,3.0
-38.0,0.0,-1,1,90.27641,62,Replayed,38.0
5.0,0.0,1,1,59.309177,62,Replayed,5.0
-5.0,1.0,1,0,44.42875,62,Replayed,5.0
9.0,0.0,1,1,65.07579,62,Replayed,9.0
-38.0,1.0,-1,1,90.24972,62,Replayed,38.0
3.0,-1.0,1,1,55.48794,62,Replayed,3.0
-1.0,0.0,-1,1,50.5419,62,Replayed,1.0
-3.0,-1.0,1,0,48.038567,62,Replayed,3.0
-5.0,-1.0,-1,1,56.368477,62,Replayed,5.0
5.0,1.0,-1,0,42.490402,62,Replayed,5.0
5.0,0.0,1,1,58.82926,62,Replayed,5.0
-5.0,-1.0,-1,1,55.210316,62,Replayed,5.0
-5.0,0.0,-1,1,55.582397,62,Replayed,5.0
-38.0,-1.0,-1,1,89.98031,62,Replayed,38.0
38.0,0.0,1,1,90.85297,62,Replayed,38.0
-9.0,1.0,-1,1,61.478764,62,Replayed,9.0
-9.0,0.0,1,0,39.731007,62,Replayed,9.0
38.0,1.0,1,1,91.374245,62,Replayed,38.0
-3.0,-1.0,-1,1,53.198486,62,Replayed,3.0
-5.0,1.0,1,0,43.905403,62,Replayed,5.0
38.0,0.0,1,1,91.641685,62,Replayed,38.0
5.0,0.0,-1,0,43.12784,62,Replayed,5.0
3.0,0.0,-1,0,44.1886,62,Replayed,3.0
1.0,-1.0,1,1,52.682297,62,Replayed,1.0
3.0,0.0,1,1,56.550747,62,Replayed,3.0
5.0,0.0,1,1,58.67827,62,Replayed,5.0
38.0,-1.0,1,1,91.243065,62,Replayed,38.0
-3.0,0.0,-1,1,53.19179,62,Replayed,3.0
5.0,1.0,1,1,58.850647,62,Replayed,5.0
-5.0,1.0,-1,1,56.343674,62,Replayed,5.0
38.0,0.0,1,1,91.00537,62,Replayed,38.0
-3.0,1.0,-1,1,53.755264,62,Replayed,3.0
3.0,0.0,-1,0,44.48608,62,Replayed,3.0
3.0,-1.0,1,1,55.04021,62,Replayed,3.0
-1.0,-1.0,-1,1,49.378853,62,Replayed,1.0
5.0,1.0,1,1,60.14276,62,Replayed,5.0
9.0,1.0,1,1,63.45026,62,Replayed,9.0
-5.0,0.0,-1,1,56.43633,62,Replayed,5.0
-1.0,-1.0,1,0,50.679314,62,Replayed,1.0
3.0,-1.0,1,1,55.931698,62,Replayed,3.0
-1.0,0.0,1,0,50.518738,62,Replayed,1.0
-9.0,-1.0,1,0,38.914513,62,Replayed,9.0
38.0,-1.0,1,1,91.24763,62,Replayed,38.0
-1.0,1.0,-1,1,49.730408,62,Replayed,1.0
-9.0,1.0,-1,1,61.490242,62,Replayed,9.0
-38.0,0.0,-1,1,90.09816,62,Replayed,38.0
-38.0,-1.0,-1,1,89.96792,62,Replayed,38.0
38.0,0.0,1,1,91.3438,62,Replayed,38.0
38.0,0.0,1,1,91.25952,62,Replayed,38.0
-5.0,-1.0,1,0,45.02411,62,Replayed,5.0
1.0,1.0,1,1,53.540688,62,Replayed,1.0
-38.0,0.0,-1,1,90.16767,62,Replayed,38.0
-3.0,-1.0,1,0,47.675137,62,Replayed,3.0
5.0,-1.0,-1,0,41.45037,62,Replayed,5.0
1.0,0.0,-1,0,48.53225,62,Replayed,1.0
38.0,1.0,1,1,91.87983,62,Replayed,38.0
3.0,1.0,1,1,56.5157,62,Replayed,3.0
-38.0,1.0,-1,1,90.575676,62,Replayed,38.0
1.0,-1.0,-1,0,46.603878,62,Replayed,1.0
-5.0,-1.0,-1,1,56.380283,62,Replayed,5.0
-9.0,0.0,-1,1,61.34103,62,Replayed,9.0
5.0,1.0,-1,0,42.100548,62,Replayed,5.0
1.0,0.0,-1,0,47.905876,62,Replayed,1.0
-1.0,1.0,-1,1,51.080357,62,Replayed,1.0
-1.0,0.0,-1,1,49.600407,62,Replayed,1.0
-9.0,-1.0,-1,1,60.926407,62,Replayed,9.0
-3.0,-1.0,1,0,47.11864,62,Replayed,3.0
9.0,0.0,1,1,63.033527,62,Replayed,9.0
38.0,0.0,1,1,91.24967,62,Replayed,38.0
3.0,0.0,1,1,55.575245,62,Replayed,3.0
-9.0,0.0,-1,1,61.451794,62,Replayed,9.0
5.0,-1.0,1,1,58.439804,62,Replayed,5.0
38.0,0.0,1,1,91.27584,62,Replayed,38.0
-9.0,1.0,1,0,40.57804,62,Replayed,9.0
3.0,0.0,1,1,56.21517,62,Replayed,3.0
-38.0,0.0,-1,1,90.1651,62,Replayed,38.0
-1.0,-1.0,-1,1,50.217457,62,Replayed,1.0
9.0,0.0,1,1,64.95583,62,Replayed,9.0
9.0,1.0,1,1,63.834923,62,Replayed,9.0
-9.0,0.0,1,0,40.02899,62,Replayed,9.0
3.0,1.0,-1,0,45.129517,62,Replayed,3.0
-1.0,1.0,1,0,49.644615,62,Replayed,1.0
1.0,1.0,-1,0,47.140404,62,Replayed,1.0
-38.0,1.0,-1,1,90.375786,62,Replayed,38.0
-5.0,1.0,-1,1,55.76212,62,Replayed,5.0
-3.0,1.0,1,0,47.494553,62,Replayed,3.0
3.0,1.0,1,1,56.427036,62,Replayed,3.0
9.0,-1.0,1,1,64.36499,62,Replayed,9.0
3.0,-1.0,1,1,55.740555,62,Replayed,3.0
3.0,0.0,1,1,55.886513,62,Replayed,3.0
-1.0,0.0,-1,1,49.648987,62,Replayed,1.0
5.0,-1.0,1,1,58.047836,62,Replayed,5.0
9.0,1.0,-1,0,37.33066,62,Replayed,9.0
5.0,-1.0,1,1,57.169212,62,Replayed,5.0
9.0,1.0,1,1,64.43639,62,Replayed,9.0
-1.0,0.0,-1,1,50.681835,62,Replayed,1.0
-5.0,0.0,-1,1,56.474476,62,Replayed,5.0
-38.0,-1.0,-1,1,89.64266,62,Replayed,38.0
1.0,-1.0,1,1,52.3629,62,Replayed,1.0
-3.0,-1.0,-1,1,54.041706,62,Replayed,3.0
9.0,1.0,-1,0,36.419212,62,Replayed,9.0
-3.0,-1.0,-1,1,51.765907,62,Replayed,3.0
-38.0,0.0,-1,1,89.91682,62,Replayed,38.0
38.0,-1.0,1,1,90.83027,62,Replayed,38.0
-5.0,0.0,-1,1,56.711815,62,Replayed,5.0
5.0,-1.0,-1,0,42.199726,62,Replayed,5.0
-9.0,1.0,-1,1,61.84659,62,Replayed,9.0
-1.0,0.0,-1,1,49.237026,62,Replayed,1.0
-9.0,-1.0,-1,1,62.163002,62,Replayed,9.0
-1.0,1.0,1,0,50.559235,62,Replayed,1.0
-3.0,0.0,-1,1,54.628025,62,Replayed,3.0
-9.0,1.0,-1,1,61.02407,62,Replayed,9.0
-5.0,-1.0,-1,1,56.34755,62,Replayed,5.0
9.0,1.0,1,1,63.703026,62,Replayed,9.0
3.0,0.0,1,1,56.381363,62,Replayed,3.0
-1.0,1.0,1,0,51.240303,62,Replayed,1.0
9.0,-1.0,1,1,63.773746,62,Replayed,9.0
9.0,-1.0,-1,0,36.796646,62,Replayed,9.0
-3.0,0.0,-1,1,53.700096,62,Replayed,3.0
-9.0,-1.0,-1,1,61.17969,62,Replayed,9.0
-1.0,-1.0,-1,1,51.766968,62,Replayed,1.0
9.0,1.0,-1,0,37.913994,62,Replayed,9.0
-5.0,0.0,-1,1,56.159233,62,Replayed,5.0
9.0,0.0,1,1,63.810772,62,Replayed,9.0
-1.0,1.0,-1,1,51.393993,62,Replayed,1.0
38.0,1.0,1,1,91.48853,62,Replayed,38.0
-3.0,1.0,1,0,48.35597,62,Replayed,3.0
-38.0,0.0,-1,1,90.0099,62,Replayed,38.0
5.0,0.0,1,1,59.123127,62,Replayed,5.0
-1.0,-1.0,1,0,48.860188,62,Replayed,1.0
1.0,1.0,1,1,52.962322,62,Replayed,1.0
-38.0,-1.0,-1,1,89.71425,62,Replayed,38.0
38.0,0.0,1,1,91.30242,62,Replayed,38.0
1.0,-1.0,1,1,52.64405,62,Replayed,1.0
-3.0,0.0,1,0,46.96781,62,Replayed,3.0
-9.0,-1.0,-1,1,61.022938,62,Replayed,9.0
-1.0,1.0,-1,1,51.16642,62,Replayed,1.0
9.0,-1.0,1,1,63.2478,62,Replayed,9.0
-5.0,0.0,1,0,45.25364,62,Replayed,5.0
1.0,0.0,1,1,53.206722,62,Replayed,1.0
5.0,1.0,1,1,58.595848,62,Replayed,5.0
-5.0,-1.0,1,0,43.485523,62,Replayed,5.0
38.0,1.0,1,1,91.7584,62,Replayed,38.0
3.0,1.0,1,1,55.698353,62,Replayed,3.0
5.0,-1.0,1,1,58.526356,62,Replayed,5.0
5.0,0.0,1,1,59.182785,62,Replayed,5.0
3.0,-1.0,-1,0,45.294994,62,Replayed,3.0
-9.0,0.0,-1,1,61.244877,62,Replayed,9.0
3.0,1.0,1,1,56.40583,62,Replayed,3.0
5.0,1.0,1,1,59.980637,62,Replayed,5.0
5.0,0.0,1,1,58.39829,62,Replayed,5.0
1.0,-1.0,-1,0,47.296707,62,Replayed,1.0
-1.0,-1.0,-1,1,49.318966,62,Replayed,1.0
-3.0,-1.0,-1,1,53.643543,62,Replayed,3.0
-1.0,0.0,1,0,50.481205,62,Replayed,1.0
38.0,-1.0,1,1,91.28445,62,Replayed,38.0
-38.0,1.0,-1,1,90.201866,62,Replayed,38.0
1.0,0.0,1,1,52.67178,62,Replayed,1.0
1.0,0.0,1,1,53.52103,62,Replayed,1.0
3.0,-1.0,1,1,55.8842,62,Replayed,3.0
-5.0,-1.0,1,0,44.426422,62,Replayed,5.0
-9.0,0.0,-1,1,61.96232,62,Replayed,9.0
1.0,1.0,-1,0,48.11143,62,Replayed,1.0
-38.0,1.0,-1,1,90.76848,62,Replayed,38.0
9.0,-1.0,-1,0,36.20076,62,Replayed,9.0
1.0,0.0,1,1,53.128124,62,Replayed,1.0
3.0,-1.0,1,1,56.079178,62,Replayed,3.0
-5.0,1.0,1,0,44.763863,62,Replayed,5.0
9.0,0.0,-1,0,36.081676,62,Replayed,9.0
38.0,1.0,1,1,91.679276,62,Replayed,38.0
-38.0,-1.0,-1,1,90.183846,62,Replayed,38.0
3.0,-1.0,1,1,55.471592,62,Replayed,3.0
-38.0,-1.0,-1,1,90.383606,62,Replayed,38.0
38.0,1.0,1,1,91.35004,62,Replayed,38.0
-3.0,1.0,-1,1,53.13016,62,Replayed,3.0
-9.0,-1.0,-1,1,60.918724,62,Replayed,9.0
1.0,0.0,1,1,52.644283,62,Replayed,1.0
38.0,1.0,1,1,91.666626,62,Replayed,38.0
-5.0,0.0,-1,1,56.248253,62,Replayed,5.0
5.0,1.0,1,1,58.8315,62,Replayed,5.0
-9.0,1.0,1,0,39.53007,62,Replayed,9.0
-38.0,-1.0,-1,1,99.32704,63,Replayed,38.0
-5.0,-1.0,-1,1,67.367134,63,Replayed,5.0
3.0,0.0,1,1,67.60429,63,Replayed,3.0
5.0,-1.0,1,1,73.595566,63,Replayed,5.0
38.0,0.0,1,1,99.388794,63,Replayed,38.0
-1.0,-1.0,1,0,59.074062,63,Replayed,1.0
-1.0,0.0,1,0,58.617115,63,Replayed,1.0
-9.0,-1.0,-1,1,76.02036,63,Replayed,9.0
-3.0,-1.0,-1,1,62.336792,63,Replayed,3.0
-5.0,1.0,1,0,46.04655,63,Replayed,5.0
-1.0,-1.0,1,0,59.194164,63,Replayed,1.0
-38.0,-1.0,-1,1,99.233055,63,Replayed,38.0
9.0,1.0,1,1,78.43914,63,Replayed,9.0
38.0,1.0,1,1,99.17724,63,Replayed,38.0
3.0,1.0,-1,0,43.53661,63,Replayed,3.0
38.0,0.0,1,1,99.37533,63,Replayed,38.0
5.0,-1.0,-1,0,42.854565,63,Replayed,5.0
9.0,1.0,-1,0,31.123806,63,Replayed,9.0
-38.0,0.0,-1,1,99.04489,63,Replayed,38.0
1.0,1.0,1,1,60.190876,63,Replayed,1.0
3.0,1.0,-1,0,43.565792,63,Replayed,3.0
-9.0,1.0,-1,1,72.64294,63,Replayed,9.0
-9.0,0.0,1,0,40.959373,63,Replayed,9.0
9.0,-1.0,1,1,81.26196,63,Replayed,9.0
9.0,-1.0,1,1,81.405045,63,Replayed,9.0
-38.0,0.0,-1,1,99.00539,63,Replayed,38.0
-38.0,-1.0,-1,1,99.257706,63,Replayed,38.0
3.0,0.0,1,1,67.7458,63,Replayed,3.0
-9.0,-1.0,-1,1,76.5502,63,Replayed,9.0
-5.0,1.0,-1,1,63.536377,63,Replayed,5.0
-9.0,-1.0,-1,1,75.63313,63,Replayed,9.0
5.0,1.0,-1,0,39.32703,63,Replayed,5.0
-9.0,0.0,-1,1,74.00369,63,Replayed,9.0
-3.0,1.0,1,0,52.023758,63,Replayed,3.0
38.0,1.0,1,1,99.15838,63,Replayed,38.0
5.0,0.0,1,1,71.67555,63,Replayed,5.0
-5.0,0.0,1,0,48.83779,63,Replayed,5.0
5.0,1.0,1,1,68.84702,63,Replayed,5.0
-9.0,1.0,-1,1,71.505264,63,Replayed,9.0
-38.0,1.0,-1,1,98.78939,63,Replayed,38.0
-5.0,0.0,1,0,50.105583,63,Replayed,5.0
38.0,0.0,1,1,99.33447,63,Replayed,38.0
-38.0,-1.0,-1,1,99.25579,63,Replayed,38.0
9.0,0.0,1,1,79.51885,63,Replayed,9.0
-5.0,1.0,-1,1,63.004505,63,Replayed,5.0
1.0,-1.0,-1,0,52.019577,63,Replayed,1.0
9.0,-1.0,1,1,80.779305,63,Replayed,9.0
9.0,1.0,1,1,77.808945,63,Replayed,9.0
-5.0,-1.0,-1,1,66.68991,63,Replayed,5.0
-5.0,-1.0,1,0,50.43746,63,Replayed,5.0
-5.0,-1.0,-1,1,66.89346,63,Replayed,5.0
-1.0,0.0,-1,1,54.8531,63,Replayed,1.0
1.0,1.0,-1,0,46.982323,63,Replayed,1.0
1.0,0.0,1,1,61.726166,63,Replayed,1.0
9.0,0.0,1,1,79.678505,63,Replayed,9.0
9.0,-1.0,1,1,81.38722,63,Replayed,9.0
38.0,1.0,1,1,99.170456,63,Replayed,38.0
-38.0,-1.0,-1,1,99.27367,63,Replayed,38.0
1.0,-1.0,-1,0,52.40629,63,Replayed,1.0
5.0,0.0,1,1,72.175285,63,Replayed,5.0
-1.0,1.0,-1,1,52.52675,63,Replayed,1.0
-5.0,1.0,1,0,46.720226,63,Replayed,5.0
9.0,1.0,1,1,78.37199,63,Replayed,9.0
-3.0,1.0,1,0,51.090477,63,Replayed,3.0
1.0,-1.0,1,1,64.55307,63,Replayed,1.0
3.0,1.0,-1,0,42.758728,63,Replayed,3.0
-3.0,0.0,1,0,54.280407,63,Replayed,3.0
3.0,1.0,-1,0,43.055454,63,Replayed,3.0
38.0,-1.0,1,1,99.497375,63,Replayed,38.0
-5.0,-1.0,1,0,50.508724,63,Replayed,5.0
5.0,1.0,1,1,69.666275,63,Replayed,5.0
-1.0,-1.0,-1,1,57.332905,63,Replayed,1.0
1.0,-1.0,-1,0,52.371742,63,Replayed,1.0
3.0,-1.0,-1,0,47.95135,63,Replayed,3.0
-1.0,0.0,1,0,56.71556,63,Replayed,1.0
1.0,0.0,1,1,63.250534,63,Replayed,1.0
-9.0,0.0,1,0,39.5335,63,Replayed,9.0
-3.0,-1.0,1,0,55.77606,63,Replayed,3.0
-9.0,0.0,-1,1,74.371574,63,Replayed,9.0
-1.0,-1.0,-1,1,56.750668,63,Replayed,1.0
9.0,1.0,1,1,78.28267,63,Replayed,9.0
-3.0,1.0,-1,1,58.7181,63,Replayed,3.0
-5.0,0.0,1,0,48.37394,63,Replayed,5.0
1.0,-1.0,1,1,64.581825,63,Replayed,1.0
-3.0,0.0,-1,1,59.4406,63,Replayed,3.0
3.0,0.0,1,1,66.12091,63,Replayed,3.0
3.0,1.0,-1,0,43.132404,63,Replayed,3.0
1.0,0.0,1,1,62.10819,63,Replayed,1.0
5.0,0.0,1,1,71.64617,63,Replayed,5.0
5.0,-1.0,1,1,73.47506,63,Replayed,5.0
-9.0,-1.0,-1,1,75.96004,63,Replayed,9.0
-1.0,-1.0,1,0,59.447227,63,Replayed,1.0
-5.0,0.0,1,0,47.8553,63,Replayed,5.0
1.0,1.0,-1,0,47.89234,63,Replayed,1.0
1.0,0.0,1,1,63.829224,63,Replayed,1.0
3.0,0.0,1,1,66.41569,63,Replayed,3.0
-3.0,-1.0,1,0,54.790367,63,Replayed,3.0
-5.0,0.0,-1,1,65.420685,63,Replayed,5.0
-1.0,1.0,1,0,55.897163,63,Replayed,1.0
-9.0,1.0,-1,1,72.442955,63,Replayed,9.0
3.0,0.0,-1,0,45.295734,63,Replayed,3.0
3.0,0.0,-1,0,45.84541,63,Replayed,3.0
38.0,-1.0,1,1,99.52146,63,Replayed,38.0
38.0,-1.0,1,1,99.46973,63,Replayed,38.0
-3.0,-1.0,1,0,55.342762,63,Replayed,3.0
9.0,0.0,1,1,79.210625,63,Replayed,9.0
-1.0,0.0,1,0,57.092953,63,Replayed,1.0
3.0,1.0,-1,0,43.381878,63,Replayed,3.0
-38.0,1.0,-1,1,98.76231,63,Replayed,38.0
-38.0,0.0,-1,1,99.08769,63,Replayed,38.0
-38.0,1.0,-1,1,98.77443,63,Replayed,38.0
-9.0,-1.0,-1,1,75.54486,63,Replayed,9.0
3.0,0.0,1,1,66.84106,63,Replayed,3.0
1.0,1.0,1,1,60.6509,63,Replayed,1.0
-9.0,1.0,-1,1,71.92531,63,Replayed,9.0
5.0,0.0,-1,0,41.34196,63,Replayed,5.0
1.0,1.0,1,1,61.14589,63,Replayed,1.0
5.0,-1.0,1,1,73.62295,63,Replayed,5.0
-9.0,0.0,-1,1,74.39225,63,Replayed,9.0
9.0,-1.0,1,1,81.507935,63,Replayed,9.0
-3.0,-1.0,-1,1,62.010544,63,Replayed,3.0
-9.0,1.0,-1,1,71.68941,63,Replayed,9.0
-3.0,-1.0,1,0,56.02244,63,Replayed,3.0
-9.0,0.0,-1,1,74.38135,63,Replayed,9.0
-9.0,-1.0,-1,1,75.84544,63,Replayed,9.0
1.0,1.0,1,1,60.294838,63,Replayed,1.0
-5.0,1.0,-1,1,62.672245,63,Replayed,5.0
-5.0,-1.0,-1,1,68.392456,63,Replayed,5.0
9.0,0.0,-1,0,34.004627,63,Replayed,9.0
38.0,-1.0,1,1,99.50403,63,Replayed,38.0
-3.0,1.0,1,0,51.4624,63,Replayed,3.0
-1.0,-1.0,1,0,59.26663,63,Replayed,1.0
5.0,-1.0,1,1,72.992836,63,Replayed,5.0
1.0,-1.0,1,1,64.33622,63,Replayed,1.0
5.0,1.0,1,1,70.071754,63,Replayed,5.0
38.0,0.0,1,1,99.35551,63,Replayed,38.0
38.0,0.0,1,1,99.386,63,Replayed,38.0
-38.0,0.0,-1,1,99.06423,63,Replayed,38.0
3.0,1.0,1,1,65.12951,63,Replayed,3.0
3.0,-1.0,-1,0,47.337414,63,Replayed,3.0
-1.0,1.0,1,0,54.89807,63,Replayed,1.0
-9.0,1.0,1,0,38.357323,63,Replayed,9.0
-3.0,1.0,1,0,51.54159,63,Replayed,3.0
-3.0,0.0,-1,1,59.105927,63,Replayed,3.0
9.0,-1.0,1,1,81.556526,63,Replayed,9.0
3.0,-1.0,-1,0,47.117672,63,Replayed,3.0
1.0,-1.0,1,1,63.77729,63,Replayed,1.0
38.0,1.0,1,1,99.197754,63,Replayed,38.0
-38.0,-1.0,-1,1,99.25396,63,Replayed,38.0
-3.0,0.0,-1,1,60.45137,63,Replayed,3.0
-5.0,-1.0,-1,1,67.679504,63,Replayed,5.0
5.0,-1.0,1,1,72.727196,63,Replayed,5.0
-38.0,0.0,-1,1,99.05094,63,Replayed,38.0
-1.0,0.0,1,0,57.865917,63,Replayed,1.0
-5.0,0.0,-1,1,64.17675,63,Replayed,5.0
1.0,0.0,1,1,62.588978,63,Replayed,1.0
-1.0,1.0,-1,1,53.584595,63,Replayed,1.0
5.0,0.0,1,1,71.64059,63,Replayed,5.0
-1.0,0.0,-1,1,55.243027,63,Replayed,1.0
38.0,0.0,1,1,99.31645,63,Replayed,38.0
-5.0,0.0,1,0,49.625366,63,Replayed,5.0
-9.0,1.0,-1,1,71.76992,63,Replayed,9.0
5.0,0.0,1,1,71.09146,63,Replayed,5.0
-38.0,1.0,-1,1,98.73838,63,Replayed,38.0
38.0,-1.0,1,1,99.47669,63,Replayed,38.0
-38.0,1.0,-1,1,98.7798,63,Replayed,38.0
-3.0,0.0,-1,1,59.547455,63,Replayed,3.0
3.0,-1.0,-1,0,48.036404,63,Replayed,3.0
-38.0,-1.0,-1,1,99.2235,63,Replayed,38.0
9.0,-1.0,1,1,81.00543,63,Replayed,9.0
9.0,1.0,1,1,78.67542,63,Replayed,9.0
1.0,1.0,-1,0,48.2643,63,Replayed,1.0
-3.0,1.0,-1,1,58.23502,63,Replayed,3.0
5.0,1.0,1,1,70.958046,63,Replayed,5.0
-5.0,-1.0,-1,1,67.62807,63,Replayed,5.0
-3.0,0.0,-1,1,60.153706,63,Replayed,3.0
-38.0,1.0,-1,1,98.85955,63,Replayed,38.0
-38.0,0.0,-1,1,98.99585,63,Replayed,38.0
-1.0,0.0,1,0,58.47069,63,Replayed,1.0
-3.0,1.0,1,0,51.471252,63,Replayed,3.0
-38.0,1.0,-1,1,98.70422,63,Replayed,38.0
5.0,0.0,-1,0,41.076477,63,Replayed,5.0
3.0,0.0,1,1,67.18496,63,Replayed,3.0
38.0,1.0,1,1,99.18135,63,Replayed,38.0
38.0,1.0,1,1,99.177376,63,Replayed,38.0
38.0,1.0,1,1,99.19513,63,Replayed,38.0
1.0,0.0,1,1,62.591328,63,Replayed,1.0
9.0,0.0,1,1,79.96443,63,Replayed,9.0
9.0,1.0,1,1,77.69167,63,Replayed,9.0
-3.0,1.0,1,0,51.87234,63,Replayed,3.0
-3.0,0.0,-1,1,59.66085,63,Replayed,3.0
9.0,-1.0,1,1,80.511765,63,Replayed,9.0
-5.0,1.0,1,0,46.159595,63,Replayed,5.0
38.0,0.0,1,1,99.355545,63,Replayed,38.0
-3.0,0.0,1,0,53.54454,63,Replayed,3.0
3.0,1.0,-1,0,44.21398,63,Replayed,3.0
-9.0,0.0,-1,1,73.47436,63,Replayed,9.0
9.0,1.0,1,1,78.10553,63,Replayed,9.0
-1.0,-1.0,1,0,59.276367,63,Replayed,1.0
-38.0,-1.0,-1,1,99.28389,63,Replayed,38.0
1.0,-1.0,-1,0,51.49617,63,Replayed,1.0
5.0,1.0,1,1,70.47848,63,Replayed,5.0
3.0,-1.0,-1,0,47.61977,63,Replayed,3.0
-5.0,0.0,-1,1,64.88883,63,Replayed,5.0
5.0,0.0,1,1,71.51168,63,Replayed,5.0
9.0,0.0,1,1,79.61309,63,Replayed,9.0
-1.0,1.0,1,0,55.62796,63,Replayed,1.0
-9.0,-1.0,-1,1,76.50279,63,Replayed,9.0
-1.0,0.0,1,0,58.440834,63,Replayed,1.0
1.0,0.0,1,1,62.381893,63,Replayed,1.0
-9.0,0.0,-1,1,74.77388,63,Replayed,9.0
1.0,0.0,-1,0,51.174873,63,Replayed,1.0
1.0,1.0,1,1,60.669548,63,Replayed,1.0
-1.0,-1.0,1,0,59.07086,63,Replayed,1.0
-38.0,0.0,-1,1,99.061066,63,Replayed,38.0
-3.0,-1.0,-1,1,63.043808,63,Replayed,3.0
5.0,1.0,1,1,68.25956,63,Replayed,5.0
5.0,1.0,-1,0,39.566185,63,Replayed,5.0
9.0,0.0,1,1,80.11702,63,Replayed,9.0
-5.0,1.0,-1,1,63.491714,63,Replayed,5.0
9.0,0.0,-1,0,32.78879,63,Replayed,9.0
-1.0,1.0,1,0,56.545143,63,Replayed,1.0
38.0,0.0,1,1,99.33998,63,Replayed,38.0
3.0,-1.0,1,1,69.38728,63,Replayed,3.0
-9.0,-1.0,-1,1,76.94985,63,Replayed,9.0
-3.0,-1.0,1,0,55.156506,63,Replayed,3.0
38.0,-1.0,1,1,99.53614,63,Replayed,38.0
-1.0,1.0,1,0,55.47157,63,Replayed,1.0
38.0,-1.0,1,1,99.48111,63,Replayed,38.0
5.0,-1.0,-1,0,44.48292,63,Replayed,5.0
-1.0,1.0,-1,1,53.07345,63,Replayed,1.0
-9.0,1.0,1,0,38.762585,63,Replayed,9.0
3.0,-1.0,1,1,68.447754,63,Replayed,3.0
38.0,-1.0,1,1,99.49386,63,Replayed,38.0
5.0,-1.0,1,1,73.88779,63,Replayed,5.0
-5.0,1.0,-1,1,63.964237,63,Replayed,5.0
-38.0,0.0,-1,1,99.05338,63,Replayed,38.0
3.0,-1.0,1,1,68.88812,63,Replayed,3.0
-38.0,1.0,-1,1,98.87004,63,Replayed,38.0
1.0,-1.0,-1,0,55.4149,64,Replayed,1.0
38.0,1.0,1,1,87.09133,64,Replayed,38.0
9.0,0.0,-1,0,50.783054,64,Replayed,9.0
38.0,-1.0,1,1,86.66675,64,Replayed,38.0
3.0,1.0,1,1,60.948776,64,Replayed,3.0
-1.0,1.0,-1,1,58.248432,64,Replayed,1.0
9.0,0.0,1,1,67.073456,64,Replayed,9.0
3.0,0.0,-1,0,53.761566,64,Replayed,3.0
38.0,1.0,1,1,87.9183,64,Replayed,38.0
1.0,0.0,1,1,58.462685,64,Replayed,1.0
3.0,0.0,-1,0,54.603226,64,Replayed,3.0
-38.0,0.0,-1,1,86.30413,64,Replayed,38.0
-5.0,0.0,-1,1,60.07626,64,Replayed,5.0
9.0,-1.0,1,1,65.82679,64,Replayed,9.0
5.0,0.0,1,1,61.958534,64,Replayed,5.0
5.0,-1.0,1,1,61.940376,64,Replayed,5.0
9.0,0.0,1,1,67.74158,64,Replayed,9.0
9.0,1.0,1,1,67.91381,64,Replayed,9.0
-38.0,-1.0,-1,1,85.689064,64,Replayed,38.0
3.0,-1.0,-1,0,55.474163,64,Replayed,3.0
-38.0,1.0,-1,1,86.64108,64,Replayed,38.0
-3.0,1.0,1,0,57.059086,64,Replayed,3.0
38.0,-1.0,1,1,86.938644,64,Replayed,38.0
1.0,-1.0,1,1,58.33617,64,Replayed,1.0
-1.0,0.0,1,0,57.64571,64,Replayed,1.0
38.0,0.0,1,1,86.83373,64,Replayed,38.0
5.0,-1.0,-1,0,51.883553,64,Replayed,5.0
38.0,1.0,1,1,87.61664,64,Replayed,38.0
-38.0,1.0,-1,1,86.5237,64,Replayed,38.0
-5.0,0.0,1,0,56.353027,64,Replayed,5.0
-38.0,-1.0,-1,1,85.52217,64,Replayed,38.0
1.0,-1.0,1,1,58.77377,64,Replayed,1.0
-5.0,1.0,1,0,56.80955,64,Replayed,5.0
38.0,-1.0,1,1,86.5574,64,Replayed,38.0
-38.0,0.0,-1,1,85.93455,64,Replayed,38.0
5.0,0.0,1,1,62.77132,64,Replayed,5.0
-3.0,0.0,1,0,56.314148,64,Replayed,3.0
-1.0,-1.0,-1,1,55.981846,64,Replayed,1.0
-3.0,0.0,1,0,56.613987,64,Replayed,3.0
3.0,0.0,-1,0,53.65377,64,Replayed,3.0
-3.0,1.0,1,0,57.11774,64,Replayed,3.0
3.0,0.0,1,1,60.92127,64,Replayed,3.0
-5.0,0.0,-1,1,62.31056,64,Replayed,5.0
3.0,-1.0,1,1,60.33642,64,Replayed,3.0
-1.0,-1.0,1,0,57.37428,64,Replayed,1.0
-5.0,0.0,1,0,55.49926,64,Replayed,5.0
-5.0,-1.0,-1,1,59.789585,64,Replayed,5.0
38.0,1.0,1,1,88.45876,64,Replayed,38.0
-38.0,1.0,-1,1,87.29334,64,Replayed,38.0
-38.0,0.0,-1,1,85.452385,64,Replayed,38.0
-5.0,0.0,-1,1,60.737366,64,Replayed,5.0
-1.0,-1.0,1,0,57.497944,64,Replayed,1.0
-1.0,-1.0,1,0,57.461937,64,Replayed,1.0
5.0,-1.0,1,1,62.58435,64,Replayed,5.0
-9.0,-1.0,-1,1,63.31767,64,Replayed,9.0
9.0,1.0,1,1,65.62486,64,Replayed,9.0
3.0,1.0,1,1,61.89963,64,Replayed,3.0
-5.0,1.0,-1,1,62.426003,64,Replayed,5.0
3.0,-1.0,1,1,61.016838,64,Replayed,3.0
1.0,1.0,-1,0,56.613625,64,Replayed,1.0
-9.0,1.0,-1,1,65.52847,64,Replayed,9.0
3.0,1.0,1,1,60.86854,64,Replayed,3.0
9.0,-1.0,-1,0,50.80772,64,Replayed,9.0
1.0,0.0,1,1,58.157085,64,Replayed,1.0
-3.0,-1.0,1,0,55.85133,64,Replayed,3.0
-3.0,0.0,1,0,56.41698,64,Replayed,3.0
-3.0,-1.0,-1,1,59.523052,64,Replayed,3.0
5.0,0.0,-1,0,53.938683,64,Replayed,5.0
-5.0,1.0,-1,1,61.61904,64,Replayed,5.0
-3.0,0.0,-1,1,59.05285,64,Replayed,3.0
-9.0,0.0,-1,1,65.49395,64,Replayed,9.0
-1.0,-1.0,1,0,55.98563,64,Replayed,1.0
38.0,-1.0,1,1,86.62552,64,Replayed,38.0
-38.0,1.0,-1,1,86.79507,64,Replayed,38.0
9.0,-1.0,1,1,65.89309,64,Replayed,9.0
-38.0,-1.0,-1,1,85.45751,64,Replayed,38.0
-9.0,0.0,-1,1,64.69966,64,Replayed,9.0
9.0,0.0,1,1,65.99827,64,Replayed,9.0
-5.0,-1.0,1,0,54.75802,64,Replayed,5.0
38.0,0.0,1,1,86.8919,64,Replayed,38.0
-9.0,1.0,-1,1,64.636284,64,Replayed,9.0
-38.0,0.0,-1,1,86.76534,64,Replayed,38.0
38.0,0.0,1,1,86.63906,64,Replayed,38.0
1.0,-1.0,-1,0,55.44169,64,Replayed,1.0
1.0,0.0,1,1,58.067345,64,Replayed,1.0
-38.0,-1.0,-1,1,84.73962,64,Replayed,38.0
-9.0,0.0,-1,1,65.13092,64,Replayed,9.0
-3.0,-1.0,1,0,55.996452,64,Replayed,3.0
-3.0,0.0,-1,1,60.00188,64,Replayed,3.0
38.0,0.0,1,1,87.52667,64,Replayed,38.0
-3.0,-1.0,-1,1,58.747684,64,Replayed,3.0
1.0,1.0,-1,0,55.779724,64,Replayed,1.0
9.0,1.0,1,1,66.70656,64,Replayed,9.0
9.0,0.0,1,1,66.45538,64,Replayed,9.0
5.0,1.0,1,1,63.504147,64,Replayed,5.0
-5.0,-1.0,-1,1,60.08594,64,Replayed,5.0
-1.0,-1.0,1,0,56.65548,64,Replayed,1.0
5.0,-1.0,1,1,62.116467,64,Replayed,5.0
-9.0,0.0,-1,1,64.91118,64,Replayed,9.0
9.0,-1.0,1,1,65.88638,64,Replayed,9.0
-38.0,1.0,-1,1,86.74357,64,Replayed,38.0
9.0,-1.0,1,1,66.20735,64,Replayed,9.0
-1.0,1.0,-1,1,58.198727,64,Replayed,1.0
-5.0,1.0,-1,1,62.203186,64,Replayed,5.0
38.0,0.0,1,1,87.30554,64,Replayed,38.0
1.0,0.0,1,1,58.458553,64,Replayed,1.0
-1.0,0.0,-1,1,57.379616,64,Replayed,1.0
1.0,1.0,1,1,59.28884,64,Replayed,1.0
3.0,1.0,-1,0,55.76885,64,Replayed,3.0
-1.0,0.0,-1,1,56.806488,64,Replayed,1.0
-3.0,1.0,-1,1,60.332798,64,Replayed,3.0
-3.0,-1.0,1,0,56.25245,64,Replayed,3.0
5.0,1.0,-1,0,53.88397,64,Replayed,5.0
5.0,0.0,1,1,62.64673,64,Replayed,5.0
-9.0,1.0,-1,1,65.893326,64,Replayed,9.0
-9.0,1.0,-1,1,65.86517,64,Replayed,9.0
5.0,-1.0,-1,0,52.553093,64,Replayed,5.0
9.0,-1.0,-1,0,50.524628,64,Replayed,9.0
1.0,1.0,1,1,59.428986,64,Replayed,1.0
9.0,0.0,1,1,66.76857,64,Replayed,9.0
5.0,-1.0,1,1,62.157856,64,Replayed,5.0
-38.0,-1.0,-1,1,85.462364,64,Replayed,38.0
9.0,1.0,1,1,67.274704,64,Replayed,9.0
-5.0,1.0,1,0,56.309666,64,Replayed,5.0
-38.0,0.0,-1,1,86.42773,64,Replayed,38.0
-3.0,-1.0,1,0,55.845047,64,Replayed,3.0
3.0,1.0,-1,0,55.5884,64,Replayed,3.0
-9.0,1.0,-1,1,65.40906,64,Replayed,9.0
38.0,-1.0,1,1,86.91804,64,Replayed,38.0
5.0,0.0,-1,0,52.99247,64,Replayed,5.0
5.0,0.0,1,1,62.710083,64,Replayed,5.0
-5.0,1.0,-1,1,62.583447,64,Replayed,5.0
3.0,-1.0,-1,0,53.4963,64,Replayed,3.0
-1.0,1.0,-1,1,58.045273,64,Replayed,1.0
3.0,-1.0,-1,0,52.961903,64,Replayed,3.0
9.0,1.0,-1,0,51.788734,64,Replayed,9.0
-5.0,-1.0,1,0,54.296642,64,Replayed,5.0
-9.0,1.0,-1,1,64.79515,64,Replayed,9.0
1.0,-1.0,-1,0,55.437977,64,Replayed,1.0
-3.0,0.0,1,0,56.66029,64,Replayed,3.0
-5.0,-1.0,1,0,54.978943,64,Replayed,5.0
38.0,1.0,1,1,87.401924,64,Replayed,38.0
3.0,1.0,1,1,61.65892,64,Replayed,3.0
-9.0,-1.0,-1,1,62.716835,64,Replayed,9.0
38.0,-1.0,1,1,86.707886,64,Replayed,38.0
9.0,1.0,1,1,67.27286,64,Replayed,9.0
-5.0,1.0,1,0,56.208557,64,Replayed,5.0
1.0,1.0,-1,0,56.534607,64,Replayed,1.0
5.0,1.0,1,1,63.04709,64,Replayed,5.0
-5.0,-1.0,-1,1,60.10176,64,Replayed,5.0
1.0,-1.0,1,1,58.652103,64,Replayed,1.0
9.0,0.0,1,1,66.51406,64,Replayed,9.0
-9.0,1.0,1,0,52.716244,64,Replayed,9.0
-3.0,-1.0,-1,1,58.50333,64,Replayed,3.0
-5.0,0.0,-1,1,61.485218,64,Replayed,5.0
1.0,1.0,1,1,58.865696,64,Replayed,1.0
38.0,1.0,1,1,87.18727,64,Replayed,38.0
9.0,0.0,1,1,66.483215,64,Replayed,9.0
38.0,-1.0,1,1,86.116455,64,Replayed,38.0
38.0,1.0,1,1,87.88126,64,Replayed,38.0
-1.0,0.0,1,0,58.470375,64,Replayed,1.0
-9.0,-1.0,1,0,53.562046,64,Replayed,9.0
1.0,0.0,-1,0,55.45647,64,Replayed,1.0
-9.0,-1.0,1,0,52.034176,64,Replayed,9.0
-3.0,1.0,-1,1,59.505653,64,Replayed,3.0
-38.0,-1.0,-1,1,85.65609,64,Replayed,38.0
-38.0,1.0,-1,1,87.33224,64,Replayed,38.0
-5.0,0.0,1,0,55.66201,64,Replayed,5.0
-3.0,1.0,1,0,57.229538,64,Replayed,3.0
5.0,-1.0,-1,0,53.091156,64,Replayed,5.0
-1.0,1.0,-1,1,58.26776,64,Replayed,1.0
-1.0,1.0,-1,1,58.84603,64,Replayed,1.0
-38.0,-1.0,-1,1,85.74654,64,Replayed,38.0
-1.0,0.0,1,0,57.21634,64,Replayed,1.0
5.0,0.0,-1,0,53.9437,64,Replayed,5.0
3.0,-1.0,-1,0,55.154846,64,Replayed,3.0
-9.0,0.0,-1,1,64.80082,64,Replayed,9.0
3.0,0.0,1,1,61.09748,64,Replayed,3.0
5.0,-1.0,1,1,62.539356,64,Replayed,5.0
1.0,-1.0,-1,0,54.532837,64,Replayed,1.0
-1.0,0.0,-1,1,58.898743,64,Replayed,1.0
9.0,-1.0,1,1,65.24333,64,Replayed,9.0
3.0,1.0,-1,0,54.716396,64,Replayed,3.0
-3.0,1.0,1,0,56.769924,64,Replayed,3.0
-9.0,0.0,-1,1,64.72069,64,Replayed,9.0
1.0,-1.0,-1,0,54.69936,64,Replayed,1.0
-1.0,0.0,1,0,57.65757,64,Replayed,1.0
3.0,0.0,-1,0,54.95969,64,Replayed,3.0
1.0,0.0,1,1,58.97699,64,Replayed,1.0
-1.0,0.0,1,0,56.60487,64,Replayed,1.0
-1.0,-1.0,1,0,57.220966,64,Replayed,1.0
-5.0,0.0,-1,1,61.584835,64,Replayed,5.0
5.0,0.0,-1,0,53.707348,64,Replayed,5.0
-1.0,1.0,1,0,58.33755,64,Replayed,1.0
-1.0,1.0,1,0,58.31728,64,Replayed,1.0
38.0,0.0,1,1,86.92932,64,Replayed,38.0
5.0,1.0,1,1,63.260227,64,Replayed,5.0
-9.0,-1.0,-1,1,64.38366,64,Replayed,9.0
-3.0,1.0,1,0,57.50293,64,Replayed,3.0
9.0,1.0,1,1,67.18261,64,Replayed,9.0
3.0,1.0,1,1,61.121155,64,Replayed,3.0
-3.0,0.0,1,0,56.223732,64,Replayed,3.0
-1.0,-1.0,-1,1,56.459705,64,Replayed,1.0
9.0,1.0,1,1,66.58197,64,Replayed,9.0
-9.0,0.0,-1,1,65.558,64,Replayed,9.0
-1.0,1.0,-1,1,58.270813,64,Replayed,1.0
-3.0,-1.0,-1,1,57.76094,64,Replayed,3.0
5.0,1.0,1,1,62.909843,64,Replayed,5.0
-9.0,-1.0,-1,1,64.22158,64,Replayed,9.0
5.0,1.0,1,1,64.946815,64,Replayed,5.0
1.0,1.0,1,1,58.682907,64,Replayed,1.0
5.0,1.0,1,1,62.516434,64,Replayed,5.0
-5.0,1.0,-1,1,62.084824,64,Replayed,5.0
-5.0,-1.0,1,0,55.04656,64,Replayed,5.0
-9.0,1.0,1,0,53.835426,64,Replayed,9.0
1.0,0.0,-1,0,54.5884,64,Replayed,1.0
-38.0,0.0,-1,1,86.10921,64,Replayed,38.0
3.0,0.0,1,1,59.77087,64,Replayed,3.0
3.0,0.0,1,1,60.366295,64,Replayed,3.0
-9.0,0.0,-1,1,65.10854,64,Replayed,9.0
-5.0,-1.0,-1,1,61.02971,64,Replayed,5.0
3.0,-1.0,1,1,59.72464,64,Replayed,3.0
-38.0,0.0,-1,1,85.86717,64,Replayed,38.0
-3.0,0.0,1,0,55.4273,64,Replayed,3.0
3.0,-1.0,1,1,59.970825,64,Replayed,3.0
-38.0,1.0,-1,1,86.496254,64,Replayed,38.0
38.0,0.0,1,1,86.67394,64,Replayed,38.0
-9.0,-1.0,-1,1,64.495865,64,Replayed,9.0
38.0,1.0,1,1,87.84137,64,Replayed,38.0
-38.0,0.0,-1,1,86.07022,64,Replayed,38.0
-38.0,-1.0,-1,1,85.46487,64,Replayed,38.0
-3.0,1.0,-1,1,60.232555,64,Replayed,3.0
38.0,0.0,1,1,86.264,64,Replayed,38.0
5.0,1.0,1,1,62.84683,64,Replayed,5.0
1.0,0.0,1,1,59.00386,64,Replayed,1.0
38.0,-1.0,1,1,86.639626,64,Replayed,38.0
-9.0,-1.0,-1,1,63.656174,64,Replayed,9.0
9.0,-1.0,1,1,66.79773,64,Replayed,9.0
-38.0,1.0,-1,1,87.188705,64,Replayed,38.0
1.0,1.0,1,1,59.468426,64,Replayed,1.0
3.0,0.0,1,1,97.389465,65,Replayed,3.0
38.0,-1.0,1,1,99.99,65,Replayed,38.0
9.0,-1.0,1,1,99.728004,65,Replayed,9.0
-3.0,-1.0,-1,1,97.23915,65,Replayed,3.0
-5.0,1.0,-1,1,98.726326,65,Replayed,5.0
38.0,0.0,1,1,99.99,65,Replayed,38.0
9.0,1.0,1,1,99.72669,65,Replayed,9.0
-3.0,1.0,-1,1,97.46133,65,Replayed,3.0
-3.0,-1.0,-1,1,97.47509,65,Replayed,3.0
38.0,-1.0,1,1,99.99,65,Replayed,38.0
5.0,0.0,-1,0,92.67013,65,Replayed,5.0
-9.0,0.0,-1,1,99.75977,65,Replayed,9.0
1.0,-1.0,-1,0,92.728065,65,Replayed,1.0
-1.0,0.0,-1,1,94.84719,65,Replayed,1.0
-9.0,-1.0,-1,1,99.742035,65,Replayed,9.0
-1.0,-1.0,-1,1,94.883606,65,Replayed,1.0
-5.0,-1.0,-1,1,98.81135,65,Replayed,5.0
-9.0,1.0,-1,1,99.75823,65,Replayed,9.0
5.0,1.0,1,1,98.73918,65,Replayed,5.0
-38.0,1.0,-1,1,99.99,65,Replayed,38.0
-38.0,1.0,-1,1,99.99,65,Replayed,38.0
-9.0,1.0,-1,1,99.74358,65,Replayed,9.0
-1.0,1.0,-1,1,95.01578,65,Replayed,1.0
-3.0,-1.0,1,0,92.63001,65,Replayed,3.0
-1.0,1.0,1,0,92.384186,65,Replayed,1.0
-3.0,0.0,-1,1,97.42061,65,Replayed,3.0
-5.0,0.0,-1,1,98.80389,65,Replayed,5.0
3.0,1.0,-1,0,92.282394,65,Replayed,3.0
1.0,0.0,1,1,94.81515,65,Replayed,1.0
-38.0,-1.0,-1,1,99.99,65,Replayed,38.0
3.0,0.0,1,1,97.343025,65,Replayed,3.0
1.0,1.0,1,1,94.992325,65,Replayed,1.0
5.0,1.0,1,1,98.81633,65,Replayed,5.0
38.0,0.0,1,1,99.99,65,Replayed,38.0
3.0,-1.0,1,1,97.451225,65,Replayed,3.0
-38.0,-1.0,-1,1,99.99,65,Replayed,38.0
-5.0,-1.0,1,0,93.153915,65,Replayed,5.0
-9.0,0.0,-1,1,99.80871,65,Replayed,9.0
9.0,1.0,-1,0,92.71533,65,Replayed,9.0
-1.0,0.0,1,0,92.56569,65,Replayed,1.0
-38.0,-1.0,-1,1,99.99,65,Replayed,38.0
3.0,0.0,1,1,97.35676,65,Replayed,3.0
5.0,-1.0,1,1,98.700584,65,Replayed,5.0
1.0,-1.0,1,1,94.69391,65,Replayed,1.0
-38.0,1.0,-1,1,99.99,65,Replayed,38.0
38.0,-1.0,1,1,99.99,65,Replayed,38.0
9.0,-1.0,1,1,99.77461,65,Replayed,9.0
3.0,0.0,1,1,97.26505,65,Replayed,3.0
-3.0,0.0,-1,1,97.49431,65,Replayed,3.0
38.0,1.0,1,1,99.99,65,Replayed,38.0
-9.0,-1.0,-1,1,99.751366,65,Replayed,9.0
1.0,-1.0,1,1,95.2186,65,Replayed,1.0
-38.0,-1.0,-1,1,99.99,65,Replayed,38.0
-38.0,1.0,-1,1,99.99,65,Replayed,38.0
-1.0,-1.0,1,0,93.06785,65,Replayed,1.0
9.0,0.0,1,1,99.76591,65,Replayed,9.0
38.0,0.0,1,1,99.99,65,Replayed,38.0
-1.0,0.0,1,0,92.79401,65,Replayed,1.0
1.0,1.0,1,1,94.88402,65,Replayed,1.0
3.0,1.0,1,1,97.10903,65,Replayed,3.0
5.0,0.0,1,1,98.640335,65,Replayed,5.0
-3.0,0.0,1,0,92.93505,65,Replayed,3.0
-38.0,1.0,-1,1,99.99,65,Replayed,38.0
9.0,0.0,-1,0,93.034325,65,Replayed,9.0
-1.0,0.0,1,0,92.734474,65,Replayed,1.0
1.0,-1.0,1,1,94.76473,65,Replayed,1.0
-3.0,-1.0,-1,1,97.23618,65,Replayed,3.0
-3.0,1.0,1,0,92.70804,65,Replayed,3.0
9.0,-1.0,1,1,99.75607,65,Replayed,9.0
-5.0,0.0,1,0,93.11619,65,Replayed,5.0
9.0,1.0,1,1,99.766914,65,Replayed,9.0
-5.0,0.0,-1,1,98.857895,65,Replayed,5.0
-1.0,1.0,1,0,93.009865,65,Replayed,1.0
9.0,0.0,1,1,99.80408,65,Replayed,9.0
9.0,0.0,1,1,99.70292,65,Replayed,9.0
9.0,1.0,-1,0,92.64744,65,Replayed,9.0
38.0,0.0,1,1,99.99,65,Replayed,38.0
9.0,1.0,1,1,99.730125,65,Replayed,9.0
-1.0,-1.0,-1,1,94.48112,65,Replayed,1.0
38.0,1.0,1,1,99.99,65,Replayed,38.0
-1.0,0.0,-1,1,94.675186,65,Replayed,1.0
-3.0,1.0,-1,1,97.392105,65,Replayed,3.0
-38.0,0.0,-1,1,99.99,65,Replayed,38.0
5.0,1.0,-1,0,93.09597,65,Replayed,5.0
5.0,1.0,1,1,98.75271,65,Replayed,5.0
3.0,0.0,1,1,97.20487,65,Replayed,3.0
1.0,-1.0,-1,0,92.43807,65,Replayed,1.0
5.0,0.0,1,1,98.79382,65,Replayed,5.0
-3.0,-1.0,-1,1,97.37916,65,Replayed,3.0
-5.0,-1.0,-1,1,98.8247,65,Replayed,5.0
3.0,-1.0,-1,0,92.45227,65,Replayed,3.0
-9.0,0.0,-1,1,99.77868,65,Replayed,9.0
-3.0,1.0,-1,1,97.48059,65,Replayed,3.0
3.0,-1.0,1,1,97.328255,65,Replayed,3.0
9.0,0.0,1,1,99.73966,65,Replayed,9.0
38.0,-1.0,1,1,99.99,65,Replayed,38.0
38.0,0.0,1,1,99.99,65,Replayed,38.0
-9.0,1.0,-1,1,99.77107,65,Replayed,9.0
-3.0,0.0,-1,1,97.424545,65,Replayed,3.0
5.0,1.0,1,1,98.71942,65,Replayed,5.0
3.0,-1.0,1,1,97.25114,65,Replayed,3.0
-9.0,1.0,-1,1,99.77494,65,Replayed,9.0
-5.0,0.0,-1,1,98.78925,65,Replayed,5.0
-5.0,1.0,-1,1,98.76754,65,Replayed,5.0
-3.0,1.0,-1,1,97.331276,65,Replayed,3.0
3.0,0.0,1,1,97.13845,65,Replayed,3.0
9.0,0.0,1,1,99.75979,65,Replayed,9.0
-9.0,-1.0,-1,1,99.74681,65,Replayed,9.0
-3.0,0.0,1,0,93.445435,65,Replayed,3.0
-3.0,1.0,-1,1,97.10485,65,Replayed,3.0
9.0,-1.0,-1,0,93.00533,65,Replayed,9.0
-5.0,-1.0,-1,1,98.67647,65,Replayed,5.0
1.0,1.0,1,1,94.841995,65,Replayed,1.0
-1.0,-1.0,-1,1,95.06546,65,Replayed,1.0
-1.0,1.0,1,0,92.57639,65,Replayed,1.0
3.0,-1.0,-1,0,92.60566,65,Replayed,3.0
38.0,0.0,1,1,99.99,65,Replayed,38.0
5.0,-1.0,1,1,98.65873,65,Replayed,5.0
38.0,-1.0,1,1,99.99,65,Replayed,38.0
38.0,1.0,1,1,99.99,65,Replayed,38.0
1.0,0.0,-1,0,93.15042,65,Replayed,1.0
-9.0,0.0,-1,1,99.79067,65,Replayed,9.0
-1.0,-1.0,-1,1,94.75254,65,Replayed,1.0
-38.0,1.0,-1,1,99.99,65,Replayed,38.0
-1.0,0.0,-1,1,94.8423,65,Replayed,1.0
-5.0,1.0,-1,1,98.804924,65,Replayed,5.0
-1.0,1.0,1,0,92.84506,65,Replayed,1.0
38.0,0.0,1,1,99.99,65,Replayed,38.0
-38.0,0.0,-1,1,99.99,65,Replayed,38.0
-3.0,0.0,-1,1,97.46829,65,Replayed,3.0
-3.0,-1.0,-1,1,97.404106,65,Replayed,3.0
5.0,1.0,1,1,98.72588,65,Replayed,5.0
-1.0,1.0,-1,1,94.91685,65,Replayed,1.0
1.0,0.0,1,1,94.84436,65,Replayed,1.0
-38.0,-1.0,-1,1,99.99,65,Replayed,38.0
-9.0,1.0,-1,1,99.784676,65,Replayed,9.0
-5.0,0.0,-1,1,98.884766,65,Replayed,5.0
-9.0,-1.0,-1,1,99.75846,65,Replayed,9.0
-38.0,-1.0,-1,1,99.99,65,Replayed,38.0
-9.0,1.0,-1,1,99.77195,65,Replayed,9.0
38.0,1.0,1,1,99.99,65,Replayed,38.0
-38.0,0.0,-1,1,99.99,65,Replayed,38.0
-5.0,1.0,1,0,92.83345,65,Replayed,5.0
38.0,-1.0,1,1,99.99,65,Replayed,38.0
3.0,1.0,1,1,97.20976,65,Replayed,3.0
5.0,1.0,-1,0,92.99073,65,Replayed,5.0
9.0,1.0,1,1,99.75858,65,Replayed,9.0
5.0,-1.0,1,1,98.748116,65,Replayed,5.0
-38.0,1.0,-1,1,99.99,65,Replayed,38.0
1.0,1.0,1,1,94.91707,65,Replayed,1.0
-38.0,-1.0,-1,1,99.99,65,Replayed,38.0
9.0,1.0,1,1,99.76841,65,Replayed,9.0
-9.0,0.0,-1,1,99.76846,65,Replayed,9.0
-3.0,0.0,-1,1,97.49532,65,Replayed,3.0
-9.0,-1.0,-1,1,99.7568,65,Replayed,9.0
-9.0,0.0,-1,1,99.77218,65,Replayed,9.0
1.0,1.0,1,1,94.630905,65,Replayed,1.0
-5.0,1.0,-1,1,98.90909,65,Replayed,5.0
-38.0,0.0,-1,1,99.99,65,Replayed,38.0
-1.0,-1.0,1,0,92.94942,65,Replayed,1.0
-5.0,-1.0,-1,1,98.73593,65,Replayed,5.0
5.0,0.0,-1,0,93.06356,65,Replayed,5.0
-9.0,0.0,-1,1,99.78383,65,Replayed,9.0
-5.0,1.0,-1,1,98.875084,65,Replayed,5.0
1.0,1.0,1,1,94.74971,65,Replayed,1.0
3.0,1.0,1,1,97.2258,65,Replayed,3.0
3.0,-1.0,1,1,97.17762,65,Replayed,3.0
9.0,0.0,1,1,99.79376,65,Replayed,9.0
5.0,-1.0,1,1,98.82744,65,Replayed,5.0
9.0,0.0,1,1,99.73377,65,Replayed,9.0
-3.0,-1.0,-1,1,97.39026,65,Replayed,3.0
3.0,-1.0,1,1,97.19633,65,Replayed,3.0
-38.0,0.0,-1,1,99.99,65,Replayed,38.0
-9.0,1.0,-1,1,99.79132,65,Replayed,9.0
9.0,-1.0,1,1,99.76415,65,Replayed,9.0
38.0,1.0,1,1,99.99,65,Replayed,38.0
1.0,1.0,1,1,94.6443,65,Replayed,1.0
-38.0,0.0,-1,1,99.99,65,Replayed,38.0
5.0,0.0,-1,0,92.73527,65,Replayed,5.0
-1.0,0.0,1,0,92.258286,65,Replayed,1.0
-5.0,0.0,-1,1,98.86544,65,Replayed,5.0
5.0,0.0,1,1,98.68148,65,Replayed,5.0
3.0,1.0,1,1,97.47616,65,Replayed,3.0
9.0,-1.0,1,1,99.762634,65,Replayed,9.0
1.0,0.0,1,1,94.62881,65,Replayed,1.0
3.0,1.0,1,1,97.44627,65,Replayed,3.0
-1.0,-1.0,1,0,92.94864,65,Replayed,1.0
-5.0,0.0,-1,1,98.80072,65,Replayed,5.0
-1.0,0.0,-1,1,94.594894,65,Replayed,1.0
-1.0,1.0,-1,1,94.8995,65,Replayed,1.0
1.0,0.0,1,1,94.34827,65,Replayed,1.0
1.0,1.0,-1,0,92.70664,65,Replayed,1.0
1.0,-1.0,1,1,94.327576,65,Replayed,1.0
38.0,1.0,1,1,99.99,65,Replayed,38.0
-5.0,0.0,-1,1,98.883354,65,Replayed,5.0
-38.0,1.0,-1,1,99.99,65,Replayed,38.0
3.0,-1.0,1,1,97.24823,65,Replayed,3.0
-3.0,1.0,-1,1,97.42312,65,Replayed,3.0
3.0,1.0,-1,0,92.30939,65,Replayed,3.0
5.0,0.0,1,1,98.79751,65,Replayed,5.0
-9.0,-1.0,-1,1,99.78385,65,Replayed,9.0
3.0,1.0,1,1,97.1542,65,Replayed,3.0
3.0,0.0,-1,0,92.55836,65,Replayed,3.0
9.0,-1.0,1,1,99.743286,65,Replayed,9.0
-5.0,1.0,-1,1,98.74917,65,Replayed,5.0
38.0,-1.0,1,1,99.99,65,Replayed,38.0
-38.0,0.0,-1,1,99.99,65,Replayed,38.0
-1.0,-1.0,1,0,92.72184,65,Replayed,1.0
5.0,1.0,1,1,98.768845,65,Replayed,5.0
-38.0,0.0,-1,1,99.99,65,Replayed,38.0
1.0,0.0,1,1,94.93783,65,Replayed,1.0
-3.0,1.0,1,0,92.76391,65,Replayed,3.0
9.0,-1.0,1,1,99.76937,65,Replayed,9.0
-9.0,1.0,-1,1,99.778885,65,Replayed,9.0
1.0,1.0,-1,0,45.060886,66,Replayed,1.0
-1.0,0.0,-1,1,47.72674,66,Replayed,1.0
5.0,0.0,1,1,51.12542,66,Replayed,5.0
5.0,0.0,1,1,51.307827,66,Replayed,5.0
1.0,-1.0,1,1,49.62051,66,Replayed,1.0
-38.0,-1.0,-1,1,72.78151,66,Replayed,38.0
38.0,1.0,1,1,71.723595,66,Replayed,38.0
1.0,-1.0,1,1,49.322376,66,Replayed,1.0
-3.0,-1.0,1,0,45.79056,66,Replayed,3.0
5.0,-1.0,1,1,51.452152,66,Replayed,5.0
-3.0,1.0,-1,1,47.770927,66,Replayed,3.0
1.0,1.0,-1,0,46.088093,66,Replayed,1.0
9.0,-1.0,-1,0,38.40298,66,Replayed,9.0
-1.0,0.0,-1,1,46.95449,66,Replayed,1.0
-1.0,0.0,1,0,47.4425,66,Replayed,1.0
1.0,-1.0,1,1,49.38776,66,Replayed,1.0
-9.0,0.0,-1,1,51.99933,66,Replayed,9.0
-3.0,0.0,-1,1,49.648277,66,Replayed,3.0
9.0,0.0,1,1,53.732872,66,Replayed,9.0
-9.0,-1.0,1,0,40.41623,66,Replayed,9.0
-9.0,-1.0,-1,1,52.498375,66,Replayed,9.0
-38.0,0.0,-1,1,71.10899,66,Replayed,38.0
1.0,-1.0,1,1,48.87286,66,Replayed,1.0
9.0,1.0,1,1,54.16683,66,Replayed,9.0
1.0,1.0,-1,0,45.705734,66,Replayed,1.0
-5.0,-1.0,-1,1,50.77721,66,Replayed,5.0
-9.0,0.0,-1,1,53.245483,66,Replayed,9.0
38.0,0.0,1,1,72.34594,66,Replayed,38.0
5.0,-1.0,1,1,51.725037,66,Replayed,5.0
9.0,0.0,-1,0,38.973675,66,Replayed,9.0
-1.0,1.0,-1,1,47.17277,66,Replayed,1.0
3.0,-1.0,-1,0,44.000214,66,Replayed,3.0
-1.0,1.0,1,0,46.565647,66,Replayed,1.0
38.0,-1.0,1,1,72.94245,66,Replayed,38.0
5.0,0.0,1,1,49.895622,66,Replayed,5.0
-3.0,1.0,-1,1,48.295162,66,Replayed,3.0
38.0,-1.0,1,1,73.0477,66,Replayed,38.0
-3.0,0.0,-1,1,47.79584,66,Replayed,3.0
-9.0,-1.0,1,0,40.19306,66,Replayed,9.0
-9.0,0.0,-1,1,52.215797,66,Replayed,9.0
38.0,0.0,1,1,72.55198,66,Replayed,38.0
-5.0,1.0,-1,1,49.633224,66,Replayed,5.0
-9.0,-1.0,-1,1,52.28579,66,Replayed,9.0
-38.0,1.0,-1,1,71.72067,66,Replayed,38.0
-38.0,1.0,-1,1,71.927734,66,Replayed,38.0
9.0,0.0,-1,0,39.98584,66,Replayed,9.0
3.0,0.0,-1,0,43.16559,66,Replayed,3.0
-5.0,1.0,-1,1,50.805275,66,Replayed,5.0
3.0,0.0,1,1,50.137024,66,Replayed,3.0
5.0,1.0,1,1,51.667942,66,Replayed,5.0
38.0,1.0,1,1,72.4244,66,Replayed,38.0
-1.0,0.0,1,0,47.121037,66,Replayed,1.0
-3.0,0.0,-1,1,48.224728,66,Replayed,3.0
-5.0,1.0,-1,1,49.884075,66,Replayed,5.0
5.0,1.0,1,1,50.732403,66,Replayed,5.0
-5.0,1.0,-1,1,50.944855,66,Replayed,5.0
-5.0,0.0,-1,1,49.06554,66,Replayed,5.0
-38.0,1.0,-1,1,70.44568,66,Replayed,38.0
-3.0,-1.0,1,0,45.628956,66,Replayed,3.0
-5.0,0.0,-1,1,50.86224,66,Replayed,5.0
38.0,1.0,1,1,72.5648,66,Replayed,38.0
9.0,1.0,1,1,54.12251,66,Replayed,9.0
-1.0,0.0,-1,1,47.461227,66,Replayed,1.0
3.0,1.0,1,1,49.655605,66,Replayed,3.0
-5.0,0.0,-1,1,49.232914,66,Replayed,5.0
-3.0,-1.0,-1,1,47.95414,66,Replayed,3.0
-5.0,0.0,-1,1,49.39719,66,Replayed,5.0
1.0,0.0,1,1,48.75633,66,Replayed,1.0
9.0,0.0,1,1,53.884052,66,Replayed,9.0
-1.0,-1.0,-1,1,47.69863,66,Replayed,1.0
-38.0,1.0,-1,1,71.63761,66,Replayed,38.0
-9.0,-1.0,-1,1,53.188915,66,Replayed,9.0
9.0,0.0,1,1,53.60118,66,Replayed,9.0
-1.0,-1.0,1,0,47.395058,66,Replayed,1.0
-3.0,0.0,1,0,45.280304,66,Replayed,3.0
-3.0,0.0,1,0,45.39096,66,Replayed,3.0
9.0,-1.0,1,1,53.6207,66,Replayed,9.0
3.0,-1.0,1,1,49.028492,66,Replayed,3.0
3.0,1.0,1,1,49.891216,66,Replayed,3.0
-38.0,0.0,-1,1,71.9756,66,Replayed,38.0
5.0,0.0,1,1,51.183163,66,Replayed,5.0
-5.0,1.0,1,0,42.71966,66,Replayed,5.0
-1.0,0.0,1,0,47.709717,66,Replayed,1.0
38.0,0.0,1,1,72.337135,66,Replayed,38.0
9.0,1.0,1,1,53.76532,66,Replayed,9.0
-3.0,-1.0,1,0,44.167736,66,Replayed,3.0
38.0,0.0,1,1,71.46504,66,Replayed,38.0
1.0,0.0,1,1,48.596596,66,Replayed,1.0
1.0,0.0,1,1,48.08575,66,Replayed,1.0
-38.0,-1.0,-1,1,71.674934,66,Replayed,38.0
1.0,-1.0,1,1,48.84608,66,Replayed,1.0
-3.0,-1.0,-1,1,49.207245,66,Replayed,3.0
-9.0,-1.0,-1,1,53.038853,66,Replayed,9.0
5.0,1.0,-1,0,41.457825,66,Replayed,5.0
-9.0,1.0,-1,1,52.232723,66,Replayed,9.0
1.0,1.0,1,1,49.713486,66,Replayed,1.0
-5.0,1.0,1,0,43.503723,66,Replayed,5.0
-1.0,1.0,1,0,47.06259,66,Replayed,1.0
1.0,0.0,-1,0,45.75516,66,Replayed,1.0
1.0,1.0,1,1,48.773987,66,Replayed,1.0
-1.0,1.0,-1,1,48.01544,66,Replayed,1.0
-3.0,0.0,1,0,45.600094,66,Replayed,3.0
-38.0,0.0,-1,1,71.57012,66,Replayed,38.0
9.0,1.0,-1,0,38.8273,66,Replayed,9.0
38.0,0.0,1,1,72.62828,66,Replayed,38.0
3.0,0.0,1,1,49.67979,66,Replayed,3.0
5.0,1.0,-1,0,42.706757,66,Replayed,5.0
-5.0,-1.0,1,0,43.945988,66,Replayed,5.0
-3.0,1.0,-1,1,48.793148,66,Replayed,3.0
-38.0,0.0,-1,1,71.07273,66,Replayed,38.0
-1.0,1.0,1,0,47.34845,66,Replayed,1.0
-9.0,0.0,1,0,39.209072,66,Replayed,9.0
-9.0,1.0,-1,1,53.34851,66,Replayed,9.0
-3.0,1.0,1,0,44.903297,66,Replayed,3.0
-1.0,1.0,-1,1,47.199013,66,Replayed,1.0
5.0,1.0,-1,0,42.01063,66,Replayed,5.0
9.0,0.0,1,1,54.68499,66,Replayed,9.0
-5.0,-1.0,-1,1,49.406765,66,Replayed,5.0
3.0,-1.0,1,1,50.45518,66,Replayed,3.0
-1.0,-1.0,1,0,47.078056,66,Replayed,1.0
-3.0,1.0,-1,1,48.406395,66,Replayed,3.0
-1.0,-1.0,-1,1,47.021336,66,Replayed,1.0
3.0,1.0,-1,0,43.301716,66,Replayed,3.0
-9.0,-1.0,1,0,41.32371,66,Replayed,9.0
1.0,0.0,-1,0,45.604073,66,Replayed,1.0
-38.0,-1.0,-1,1,71.79798,66,Replayed,38.0
-9.0,1.0,1,0,40.465454,66,Replayed,9.0
-1.0,-1.0,-1,1,46.387733,66,Replayed,1.0
3.0,0.0,1,1,50.67317,66,Replayed,3.0
-9.0,-1.0,-1,1,53.744965,66,Replayed,9.0
1.0,1.0,-1,0,46.176167,66,Replayed,1.0
5.0,-1.0,1,1,52.97649,66,Replayed,5.0
1.0,-1.0,-1,0,44.856445,66,Replayed,1.0
-9.0,0.0,-1,1,52.58186,66,Replayed,9.0
3.0,-1.0,-1,0,43.202625,66,Replayed,3.0
5.0,0.0,1,1,50.44139,66,Replayed,5.0
-38.0,-1.0,-1,1,72.09662,66,Replayed,38.0
1.0,1.0,1,1,48.18277,66,Replayed,1.0
1.0,-1.0,-1,0,45.434086,66,Replayed,1.0
9.0,0.0,1,1,53.739506,66,Replayed,9.0
-3.0,-1.0,1,0,45.406906,66,Replayed,3.0
-38.0,1.0,-1,1,71.03685,66,Replayed,38.0
38.0,0.0,1,1,72.52556,66,Replayed,38.0
9.0,-1.0,1,1,54.733814,66,Replayed,9.0
-38.0,0.0,-1,1,71.8662,66,Replayed,38.0
9.0,1.0,1,1,54.58901,66,Replayed,9.0
38.0,0.0,1,1,72.533195,66,Replayed,38.0
38.0,-1.0,1,1,73.5129,66,Replayed,38.0
1.0,0.0,-1,0,45.937912,66,Replayed,1.0
3.0,-1.0,-1,0,42.76616,66,Replayed,3.0
-3.0,0.0,1,0,45.117264,66,Replayed,3.0
5.0,1.0,1,1,50.806366,66,Replayed,5.0
5.0,1.0,-1,0,42.93566,66,Replayed,5.0
-3.0,0.0,1,0,45.910027,66,Replayed,3.0
-5.0,-1.0,-1,1,49.922092,66,Replayed,5.0
9.0,1.0,-1,0,38.68202,66,Replayed,9.0
-38.0,1.0,-1,1,71.03823,66,Replayed,38.0
-5.0,-1.0,-1,1,49.890686,66,Replayed,5.0
38.0,-1.0,1,1,72.4119,66,Replayed,38.0
1.0,0.0,1,1,48.49694,66,Replayed,1.0
-9.0,0.0,-1,1,53.031372,66,Replayed,9.0
3.0,0.0,1,1,50.08082,66,Replayed,3.0
-38.0,-1.0,-1,1,71.48812,66,Replayed,38.0
5.0,-1.0,1,1,51.091377,66,Replayed,5.0
-3.0,1.0,-1,1,49.00636,66,Replayed,3.0
-3.0,1.0,1,0,44.980854,66,Replayed,3.0
-5.0,1.0,-1,1,48.50207,66,Replayed,5.0
9.0,0.0,1,1,54.08272,66,Replayed,9.0
5.0,-1.0,-1,0,42.459698,66,Replayed,5.0
5.0,0.0,1,1,51.737476,66,Replayed,5.0
5.0,-1.0,1,1,51.264977,66,Replayed,5.0
3.0,1.0,1,1,49.7385,66,Replayed,3.0
5.0,-1.0,1,1,50.653572,66,Replayed,5.0
3.0,0.0,-1,0,43.484097,66,Replayed,3.0
1.0,0.0,-1,0,46.003593,66,Replayed,1.0
9.0,-1.0,1,1,53.832115,66,Replayed,9.0
-1.0,0.0,1,0,45.8922,66,Replayed,1.0
38.0,-1.0,1,1,73.31937,66,Replayed,38.0
9.0,-1.0,1,1,55.06222,66,Replayed,9.0
-9.0,1.0,-1,1,52.507664,66,Replayed,9.0
-38.0,-1.0,-1,1,71.40159,66,Replayed,38.0
3.0,1.0,1,1,48.87492,66,Replayed,3.0
-5.0,-1.0,1,0,44.57714,66,Replayed,5.0
-5.0,-1.0,1,0,43.95587,66,Replayed,5.0
-38.0,0.0,-1,1,71.11112,66,Replayed,38.0
-38.0,-1.0,-1,1,72.013435,66,Replayed,38.0
3.0,1.0,-1,0,44.163887,66,Replayed,3.0
5.0,1.0,1,1,51.78384,66,Replayed,5.0
3.0,-1.0,-1,0,43.82103,66,Replayed,3.0
-9.0,1.0,-1,1,52.406685,66,Replayed,9.0
9.0,-1.0,1,1,54.002907,66,Replayed,9.0
-1.0,0.0,-1,1,47.987675,66,Replayed,1.0
9.0,-1.0,1,1,53.47058,66,Replayed,9.0
9.0,1.0,1,1,53.580242,66,Replayed,9.0
38.0,-1.0,1,1,73.25785,66,Replayed,38.0
-9.0,0.0,-1,1,53.755806,66,Replayed,9.0
-9.0,0.0,-1,1,52.67352,66,Replayed,9.0
5.0,0.0,-1,0,41.82032,66,Replayed,5.0
-3.0,-1.0,1,0,46.290936,66,Replayed,3.0
-5.0,0.0,1,0,43.121292,66,Replayed,5.0
5.0,0.0,1,1,51.690197,66,Replayed,5.0
38.0,1.0,1,1,71.76153,66,Replayed,38.0
38.0,1.0,1,1,72.84277,66,Replayed,38.0
-1.0,-1.0,1,0,46.583984,66,Replayed,1.0
-1.0,-1.0,1,0,46.320827,66,Replayed,1.0
3.0,-1.0,1,1,49.944153,66,Replayed,3.0
-5.0,0.0,-1,1,49.246727,66,Replayed,5.0
5.0,-1.0,1,1,51.861755,66,Replayed,5.0
38.0,0.0,1,1,72.538414,66,Replayed,38.0
38.0,1.0,1,1,72.20225,66,Replayed,38.0
-5.0,0.0,-1,1,50.132416,66,Replayed,5.0
3.0,1.0,1,1,49.966652,66,Replayed,3.0
-5.0,0.0,1,0,43.775852,66,Replayed,5.0
-9.0,1.0,1,0,40.247967,66,Replayed,9.0
-9.0,1.0,-1,1,52.929115,66,Replayed,9.0
38.0,-1.0,1,1,73.33477,66,Replayed,38.0
-38.0,1.0,-1,1,72.30135,66,Replayed,38.0
9.0,-1.0,-1,0,39.522675,66,Replayed,9.0
-38.0,1.0,-1,1,70.97461,66,Replayed,38.0
-3.0,-1.0,-1,1,49.0341,66,Replayed,3.0
-38.0,-1.0,-1,1,72.127846,66,Replayed,38.0
-5.0,-1.0,1,0,44.262676,66,Replayed,5.0
-1.0,1.0,-1,1,46.67295,66,Replayed,1.0
5.0,0.0,1,1,76.2898,67,Replayed,5.0
-3.0,1.0,-1,1,76.11472,67,Replayed,3.0
-38.0,0.0,-1,1,95.896866,67,Replayed,38.0
-38.0,0.0,-1,1,95.820755,67,Replayed,38.0
3.0,0.0,-1,0,66.41295,67,Replayed,3.0
5.0,1.0,1,1,79.70763,67,Replayed,5.0
-3.0,-1.0,1,0,64.34687,67,Replayed,3.0
3.0,0.0,-1,0,67.59125,67,Replayed,3.0
9.0,1.0,1,1,83.39153,67,Replayed,9.0
1.0,-1.0,1,1,67.20994,67,Replayed,1.0
38.0,0.0,1,1,96.06562,67,Replayed,38.0
5.0,-1.0,-1,0,60.994095,67,Replayed,5.0
9.0,-1.0,1,1,76.49306,67,Replayed,9.0
38.0,-1.0,1,1,94.55874,67,Replayed,38.0
5.0,-1.0,1,1,72.24186,67,Replayed,5.0
-3.0,1.0,1,0,72.99715,67,Replayed,3.0
38.0,0.0,1,1,96.17182,67,Replayed,38.0
9.0,0.0,1,1,79.84124,67,Replayed,9.0
3.0,-1.0,-1,0,63.229065,67,Replayed,3.0
-5.0,-1.0,-1,1,70.51858,67,Replayed,5.0
-5.0,1.0,1,0,72.446075,67,Replayed,5.0
3.0,0.0,-1,0,67.132034,67,Replayed,3.0
-3.0,-1.0,1,0,65.20245,67,Replayed,3.0
-9.0,-1.0,-1,1,74.81586,67,Replayed,9.0
-5.0,1.0,1,0,71.97873,67,Replayed,5.0
-38.0,1.0,-1,1,97.21796,67,Replayed,38.0
-38.0,-1.0,-1,1,94.29191,67,Replayed,38.0
-3.0,1.0,1,0,73.06021,67,Replayed,3.0
3.0,1.0,1,1,78.59,67,Replayed,3.0
1.0,-1.0,-1,0,64.595116,67,Replayed,1.0
38.0,1.0,1,1,97.322205,67,Replayed,38.0
-9.0,1.0,-1,1,82.361015,67,Replayed,9.0
5.0,0.0,-1,0,66.162025,67,Replayed,5.0
-5.0,-1.0,-1,1,70.812996,67,Replayed,5.0
-38.0,-1.0,-1,1,94.31236,67,Replayed,38.0
1.0,0.0,-1,0,68.53213,67,Replayed,1.0
9.0,1.0,1,1,83.558395,67,Replayed,9.0
38.0,0.0,1,1,96.03473,67,Replayed,38.0
-3.0,-1.0,1,0,64.3777,67,Replayed,3.0
38.0,1.0,1,1,97.425026,67,Replayed,38.0
38.0,1.0,1,1,97.32699,67,Replayed,38.0
-3.0,1.0,-1,1,76.98284,67,Replayed,3.0
-9.0,0.0,-1,1,78.48086,67,Replayed,9.0
-5.0,0.0,1,0,68.09311,67,Replayed,5.0
38.0,1.0,1,1,97.304825,67,Replayed,38.0
1.0,-1.0,-1,0,65.122284,67,Replayed,1.0
-3.0,0.0,1,0,68.89137,67,Replayed,3.0
-9.0,-1.0,1,0,60.202026,67,Replayed,9.0
-38.0,-1.0,-1,1,94.47658,67,Replayed,38.0
-9.0,-1.0,1,0,59.82499,67,Replayed,9.0
38.0,-1.0,1,1,94.58913,67,Replayed,38.0
-5.0,-1.0,1,0,62.49985,67,Replayed,5.0
-1.0,-1.0,-1,1,65.97437,67,Replayed,1.0
-5.0,0.0,-1,1,74.75761,67,Replayed,5.0
-9.0,1.0,-1,1,81.458954,67,Replayed,9.0
1.0,1.0,-1,0,72.51341,67,Replayed,1.0
-3.0,-1.0,-1,1,67.70893,67,Replayed,3.0
38.0,1.0,1,1,97.30357,67,Replayed,38.0
38.0,0.0,1,1,95.96294,67,Replayed,38.0
5.0,1.0,1,1,79.23459,67,Replayed,5.0
-1.0,-1.0,1,0,65.31221,67,Replayed,1.0
5.0,0.0,-1,0,66.233055,67,Replayed,5.0
3.0,0.0,1,1,73.08425,67,Replayed,3.0
-38.0,1.0,1,0,53.15342,67,Replayed,38.0
38.0,1.0,1,1,97.1806,67,Replayed,38.0
9.0,-1.0,1,1,77.20426,67,Replayed,9.0
-1.0,-1.0,-1,1,66.554306,67,Replayed,1.0
-3.0,-1.0,1,0,63.851322,67,Replayed,3.0
-1.0,-1.0,1,0,66.619385,67,Replayed,1.0
-38.0,0.0,-1,1,95.793495,67,Replayed,38.0
1.0,0.0,-1,0,68.43003,67,Replayed,1.0
-9.0,-1.0,-1,1,75.40676,67,Replayed,9.0
3.0,1.0,-1,0,71.213974,67,Replayed,3.0
1.0,0.0,-1,0,68.55227,67,Replayed,1.0
-9.0,1.0,-1,1,82.149254,67,Replayed,9.0
-9.0,-1.0,-1,1,74.63043,67,Replayed,9.0
-9.0,0.0,-1,1,78.71753,67,Replayed,9.0
-3.0,1.0,1,0,73.247894,67,Replayed,3.0
-9.0,0.0,-1,1,79.28688,67,Replayed,9.0
9.0,0.0,1,1,80.37844,67,Replayed,9.0
1.0,1.0,-1,0,72.544785,67,Replayed,1.0
-3.0,0.0,-1,1,72.78086,67,Replayed,3.0
-5.0,-1.0,1,0,62.198055,67,Replayed,5.0
3.0,1.0,1,1,77.52415,67,Replayed,3.0
1.0,0.0,-1,0,68.285805,67,Replayed,1.0
1.0,1.0,-1,0,72.91503,67,Replayed,1.0
1.0,0.0,1,1,72.32106,67,Replayed,1.0
-5.0,1.0,1,0,71.95325,67,Replayed,5.0
3.0,1.0,1,1,78.071434,67,Replayed,3.0
9.0,1.0,1,1,82.95499,67,Replayed,9.0
5.0,-1.0,1,1,72.43184,67,Replayed,5.0
38.0,0.0,1,1,96.24197,67,Replayed,38.0
-1.0,-1.0,1,0,66.14127,67,Replayed,1.0
1.0,-1.0,-1,0,64.00483,67,Replayed,1.0
-9.0,0.0,-1,1,78.13917,67,Replayed,9.0
-3.0,1.0,1,0,73.27582,67,Replayed,3.0
-1.0,1.0,1,0,73.44029,67,Replayed,1.0
3.0,1.0,1,1,78.14807,67,Replayed,3.0
-38.0,0.0,-1,1,95.741745,67,Replayed,38.0
-1.0,1.0,-1,1,74.7628,67,Replayed,1.0
-9.0,0.0,1,0,65.33486,67,Replayed,9.0
38.0,-1.0,1,1,94.866035,67,Replayed,38.0
-9.0,1.0,1,0,69.48336,67,Replayed,9.0
-5.0,1.0,1,0,72.71817,67,Replayed,5.0
-38.0,1.0,-1,1,97.125854,67,Replayed,38.0
3.0,-1.0,-1,0,62.781483,67,Replayed,3.0
-1.0,0.0,-1,1,71.15609,67,Replayed,1.0
-5.0,0.0,1,0,67.69919,67,Replayed,5.0
-3.0,-1.0,1,0,64.927086,67,Replayed,3.0
-1.0,0.0,1,0,70.53035,67,Replayed,1.0
-3.0,0.0,-1,1,73.22024,67,Replayed,3.0
-9.0,0.0,1,0,64.56152,67,Replayed,9.0
9.0,-1.0,1,1,76.80779,67,Replayed,9.0
-38.0,-1.0,-1,1,94.10544,67,Replayed,38.0
3.0,1.0,1,1,77.41392,67,Replayed,3.0
9.0,1.0,1,1,84.07889,67,Replayed,9.0
1.0,1.0,-1,0,72.03978,67,Replayed,1.0
-5.0,1.0,-1,1,78.439606,67,Replayed,5.0
-5.0,0.0,-1,1,75.10808,67,Replayed,5.0
-38.0,0.0,-1,1,95.89231,67,Replayed,38.0
-3.0,0.0,1,0,68.83589,67,Replayed,3.0
5.0,0.0,1,1,76.02028,67,Replayed,5.0
-3.0,1.0,-1,1,77.31777,67,Replayed,3.0
1.0,0.0,1,1,71.791176,67,Replayed,1.0
9.0,-1.0,1,1,76.82435,67,Replayed,9.0
38.0,1.0,1,1,97.15924,67,Replayed,38.0
9.0,1.0,1,1,83.353165,67,Replayed,9.0
38.0,0.0,1,1,96.40407,67,Replayed,38.0
-1.0,0.0,1,0,70.6848,67,Replayed,1.0
1.0,-1.0,1,1,68.14634,67,Replayed,1.0
1.0,1.0,-1,0,73.238655,67,Replayed,1.0
-38.0,0.0,-1,1,95.98806,67,Replayed,38.0
-9.0,-1.0,1,0,59.52245,67,Replayed,9.0
-3.0,-1.0,1,0,63.913082,67,Replayed,3.0
-5.0,-1.0,-1,1,70.6583,67,Replayed,5.0
5.0,0.0,1,1,75.88674,67,Replayed,5.0
-38.0,-1.0,-1,1,93.99914,67,Replayed,38.0
3.0,1.0,1,1,77.73267,67,Replayed,3.0
-1.0,-1.0,-1,1,65.60437,67,Replayed,1.0
3.0,-1.0,1,1,70.190674,67,Replayed,3.0
3.0,0.0,1,1,75.05228,67,Replayed,3.0
1.0,0.0,1,1,71.61597,67,Replayed,1.0
-1.0,0.0,1,0,69.88407,67,Replayed,1.0
-1.0,-1.0,-1,1,66.77289,67,Replayed,1.0
5.0,1.0,-1,0,69.91586,67,Replayed,5.0
-5.0,-1.0,1,0,63.747986,67,Replayed,5.0
-5.0,1.0,1,0,71.01957,67,Replayed,5.0
5.0,1.0,-1,0,69.88137,67,Replayed,5.0
1.0,-1.0,-1,0,64.81312,67,Replayed,1.0
1.0,1.0,1,1,75.26769,67,Replayed,1.0
5.0,0.0,1,1,76.037445,67,Replayed,5.0
9.0,0.0,-1,0,63.114826,67,Replayed,9.0
-1.0,-1.0,-1,1,65.71614,67,Replayed,1.0
3.0,-1.0,1,1,70.13741,67,Replayed,3.0
-9.0,0.0,-1,1,78.771904,67,Replayed,9.0
5.0,0.0,-1,0,65.952644,67,Replayed,5.0
38.0,1.0,1,1,97.40589,67,Replayed,38.0
-38.0,1.0,-1,1,96.96512,67,Replayed,38.0
-38.0,1.0,-1,1,97.19299,67,Replayed,38.0
5.0,-1.0,-1,0,61.04248,67,Replayed,5.0
3.0,-1.0,-1,0,62.528038,67,Replayed,3.0
3.0,0.0,-1,0,66.777214,67,Replayed,3.0
-5.0,1.0,1,0,72.02878,67,Replayed,5.0
9.0,1.0,1,1,83.03258,67,Replayed,9.0
-1.0,1.0,-1,1,74.987526,67,Replayed,1.0
5.0,-1.0,-1,0,60.906303,67,Replayed,5.0
-38.0,1.0,-1,1,96.91962,67,Replayed,38.0
38.0,-1.0,1,1,94.85935,67,Replayed,38.0
-3.0,0.0,-1,1,72.37512,67,Replayed,3.0
3.0,0.0,-1,0,67.281265,67,Replayed,3.0
3.0,1.0,1,1,78.07383,67,Replayed,3.0
9.0,1.0,1,1,83.464874,67,Replayed,9.0
38.0,0.0,1,1,96.14848,67,Replayed,38.0
-1.0,0.0,-1,1,70.856964,67,Replayed,1.0
5.0,-1.0,1,1,72.430405,67,Replayed,5.0
-38.0,1.0,-1,1,96.98407,67,Replayed,38.0
9.0,-1.0,-1,0,58.537598,67,Replayed,9.0
38.0,0.0,1,1,96.17657,67,Replayed,38.0
9.0,1.0,-1,0,68.32019,67,Replayed,9.0
-38.0,1.0,-1,1,97.08348,67,Replayed,38.0
3.0,-1.0,1,1,70.20811,67,Replayed,3.0
5.0,-1.0,-1,0,61.5661,67,Replayed,5.0
1.0,-1.0,-1,0,64.46089,67,Replayed,1.0
-9.0,0.0,-1,1,78.90523,67,Replayed,9.0
1.0,0.0,1,1,72.23198,67,Replayed,1.0
-5.0,-1.0,-1,1,71.34062,67,Replayed,5.0
38.0,-1.0,1,1,94.79883,67,Replayed,38.0
5.0,1.0,1,1,80.217186,67,Replayed,5.0
9.0,0.0,-1,0,63.856117,67,Replayed,9.0
38.0,-1.0,1,1,95.086365,67,Replayed,38.0
-3.0,0.0,-1,1,72.985115,67,Replayed,3.0
-1.0,0.0,1,0,71.57218,67,Replayed,1.0
-9.0,1.0,1,0,69.237175,67,Replayed,9.0
-5.0,0.0,1,0,67.80696,67,Replayed,5.0
9.0,-1.0,1,1,76.53486,67,Replayed,9.0
38.0,-1.0,1,1,94.63352,67,Replayed,38.0
-38.0,0.0,1,0,43.677555,67,Replayed,38.0
9.0,-1.0,-1,0,57.974964,67,Replayed,9.0
-3.0,0.0,-1,1,72.40718,67,Replayed,3.0
-1.0,1.0,-1,1,73.75569,67,Replayed,1.0
-9.0,-1.0,-1,1,75.210785,67,Replayed,9.0
1.0,1.0,1,1,76.28983,67,Replayed,1.0
3.0,0.0,1,1,74.296165,67,Replayed,3.0
9.0,-1.0,1,1,76.211555,67,Replayed,9.0
-1.0,1.0,-1,1,74.56923,67,Replayed,1.0
-3.0,0.0,1,0,69.11991,67,Replayed,3.0
-1.0,0.0,1,0,70.93339,67,Replayed,1.0
5.0,0.0,-1,0,65.99501,67,Replayed,5.0
-3.0,1.0,-1,1,76.871826,67,Replayed,3.0
-38.0,-1.0,-1,1,94.13098,67,Replayed,38.0
5.0,1.0,1,1,80.29546,67,Replayed,5.0
-9.0,1.0,-1,1,82.279,67,Replayed,9.0
9.0,0.0,1,1,79.426796,67,Replayed,9.0
-1.0,1.0,-1,1,74.692825,67,Replayed,1.0
5.0,1.0,1,1,80.47107,67,Replayed,5.0
-9.0,1.0,-1,1,82.04547,67,Replayed,9.0
9.0,0.0,-1,0,62.62645,67,Replayed,9.0
-9.0,-1.0,-1,1,75.198586,67,Replayed,9.0
3.0,-1.0,-1,0,62.75947,67,Replayed,3.0
-5.0,1.0,-1,1,78.07239,67,Replayed,5.0
-1.0,1.0,-1,1,73.32142,67,Replayed,1.0
1.0,-1.0,-1,0,64.50788,67,Replayed,1.0
-5.0,-1.0,1,0,62.440586,67,Replayed,5.0
-5.0,0.0,1,0,67.940704,67,Replayed,5.0
9.0,0.0,-1,0,62.973915,67,Replayed,9.0
-38.0,-1.0,-1,1,94.032074,67,Replayed,38.0
1.0,1.0,-1,0,72.52933,67,Replayed,1.0
5.0,-1.0,-1,0,60.98118,67,Replayed,5.0
-38.0,0.0,1,0,44.353077,67,Replayed,38.0
9.0,0.0,1,1,79.689735,67,Replayed,9.0
38.0,-1.0,1,1,94.73151,67,Replayed,38.0
-5.0,0.0,1,0,66.74296,67,Replayed,5.0
-1.0,1.0,-1,1,74.445984,67,Replayed,1.0
-3.0,-1.0,-1,1,68.54176,67,Replayed,3.0
-5.0,0.0,1,0,67.847855,67,Replayed,5.0
-38.0,-1.0,-1,1,94.31692,67,Replayed,38.0
3.0,-1.0,1,1,70.736435,67,Replayed,3.0
5.0,1.0,1,1,79.818504,67,Replayed,5.0
-9.0,1.0,-1,1,82.27524,67,Replayed,9.0
-1.0,0.0,1,0,69.788605,67,Replayed,1.0
3.0,1.0,1,1,61.98691,68,Replayed,3.0
-38.0,1.0,-1,1,98.65577,68,Replayed,38.0
9.0,1.0,1,1,74.38255,68,Replayed,9.0
38.0,-1.0,1,1,99.29353,68,Replayed,38.0
38.0,0.0,1,1,99.10284,68,Replayed,38.0
5.0,1.0,1,1,66.760925,68,Replayed,5.0
-1.0,-1.0,-1,1,58.995766,68,Replayed,1.0
-1.0,0.0,-1,1,57.99016,68,Replayed,1.0
38.0,1.0,1,1,98.79203,68,Replayed,38.0
-3.0,1.0,-1,1,59.60014,68,Replayed,3.0
5.0,1.0,1,1,67.65466,68,Replayed,5.0
9.0,-1.0,-1,0,39.193977,68,Replayed,9.0
1.0,0.0,1,1,59.85627,68,Replayed,1.0
-5.0,-1.0,-1,1,69.112495,68,Replayed,5.0
3.0,1.0,1,1,62.311512,68,Replayed,3.0
-5.0,0.0,1,0,47.749187,68,Replayed,5.0
-1.0,1.0,1,0,52.699818,68,Replayed,1.0
38.0,0.0,1,1,99.05068,68,Replayed,38.0
3.0,-1.0,1,1,67.13693,68,Replayed,3.0
9.0,1.0,1,1,75.144325,68,Replayed,9.0
-5.0,0.0,-1,1,66.50394,68,Replayed,5.0
3.0,0.0,1,1,64.6477,68,Replayed,3.0
-1.0,-1.0,-1,1,59.582214,68,Replayed,1.0
1.0,1.0,1,1,57.11472,68,Replayed,1.0
9.0,1.0,1,1,74.27173,68,Replayed,9.0
-38.0,0.0,-1,1,98.8612,68,Replayed,38.0
38.0,0.0,1,1,99.09157,68,Replayed,38.0
-1.0,-1.0,-1,1,58.829468,68,Replayed,1.0
-38.0,1.0,-1,1,98.4919,68,Replayed,38.0
-1.0,1.0,-1,1,54.622448,68,Replayed,1.0
-38.0,0.0,-1,1,98.95614,68,Replayed,38.0
-38.0,-1.0,-1,1,99.14643,68,Replayed,38.0
38.0,-1.0,1,1,99.27372,68,Replayed,38.0
3.0,0.0,-1,0,48.31274,68,Replayed,3.0
-3.0,0.0,-1,1,62.230827,68,Replayed,3.0
1.0,0.0,1,1,59.836422,68,Replayed,1.0
-1.0,0.0,-1,1,56.126003,68,Replayed,1.0
3.0,1.0,1,1,61.43049,68,Replayed,3.0
-9.0,1.0,-1,1,71.735825,68,Replayed,9.0
-38.0,0.0,-1,1,98.91294,68,Replayed,38.0
1.0,0.0,1,1,59.309887,68,Replayed,1.0
3.0,0.0,1,1,65.04837,68,Replayed,3.0
-38.0,1.0,-1,1,98.573425,68,Replayed,38.0
-9.0,1.0,-1,1,72.446976,68,Replayed,9.0
-3.0,1.0,1,0,49.18466,68,Replayed,3.0
-9.0,0.0,-1,1,75.08846,68,Replayed,9.0
-5.0,0.0,-1,1,65.72341,68,Replayed,5.0
5.0,0.0,-1,0,43.35068,68,Replayed,5.0
38.0,0.0,1,1,99.08939,68,Replayed,38.0
-5.0,1.0,-1,1,63.252903,68,Replayed,5.0
-5.0,-1.0,-1,1,68.09571,68,Replayed,5.0
-9.0,-1.0,1,0,42.8191,68,Replayed,9.0
-5.0,1.0,-1,1,64.25124,68,Replayed,5.0
1.0,0.0,-1,0,51.84188,68,Replayed,1.0
9.0,1.0,1,1,74.92262,68,Replayed,9.0
-3.0,-1.0,-1,1,65.36249,68,Replayed,3.0
-9.0,-1.0,-1,1,77.312546,68,Replayed,9.0
-38.0,-1.0,-1,1,99.15484,68,Replayed,38.0
-38.0,0.0,-1,1,98.88548,68,Replayed,38.0
1.0,1.0,-1,0,49.77123,68,Replayed,1.0
-9.0,0.0,1,0,39.115288,68,Replayed,9.0
1.0,-1.0,1,1,62.18847,68,Replayed,1.0
38.0,1.0,1,1,98.78159,68,Replayed,38.0
-38.0,1.0,-1,1,98.46288,68,Replayed,38.0
9.0,0.0,1,1,77.240685,68,Replayed,9.0
1.0,-1.0,-1,0,55.321728,68,Replayed,1.0
3.0,-1.0,-1,0,51.288544,68,Replayed,3.0
9.0,1.0,-1,0,33.264523,68,Replayed,9.0
1.0,1.0,1,1,57.40007,68,Replayed,1.0
9.0,0.0,1,1,77.762634,68,Replayed,9.0
3.0,1.0,1,1,60.873924,68,Replayed,3.0
-38.0,-1.0,-1,1,99.19098,68,Replayed,38.0
1.0,0.0,-1,0,52.479225,68,Replayed,1.0
1.0,1.0,-1,0,50.005245,68,Replayed,1.0
5.0,0.0,-1,0,45.309795,68,Replayed,5.0
-3.0,-1.0,-1,1,64.21596,68,Replayed,3.0
5.0,0.0,1,1,68.54327,68,Replayed,5.0
9.0,0.0,1,1,77.36006,68,Replayed,9.0
1.0,-1.0,1,1,62.793247,68,Replayed,1.0
1.0,-1.0,-1,0,54.540287,68,Replayed,1.0
9.0,-1.0,1,1,79.726524,68,Replayed,9.0
-5.0,1.0,-1,1,63.427563,68,Replayed,5.0
-1.0,1.0,1,0,54.43186,68,Replayed,1.0
-5.0,-1.0,-1,1,69.328835,68,Replayed,5.0
5.0,-1.0,1,1,71.11637,68,Replayed,5.0
-1.0,0.0,1,0,55.731754,68,Replayed,1.0
5.0,1.0,-1,0,42.242886,68,Replayed,5.0
-9.0,0.0,-1,1,74.924904,68,Replayed,9.0
-9.0,-1.0,1,0,42.55135,68,Replayed,9.0
38.0,1.0,1,1,98.59247,68,Replayed,38.0
-3.0,-1.0,1,0,54.457497,68,Replayed,3.0
-5.0,0.0,-1,1,66.86721,68,Replayed,5.0
-9.0,1.0,-1,1,72.04916,68,Replayed,9.0
5.0,0.0,1,1,69.0397,68,Replayed,5.0
-3.0,0.0,-1,1,60.82732,68,Replayed,3.0
38.0,1.0,1,1,98.74957,68,Replayed,38.0
38.0,-1.0,1,1,99.342384,68,Replayed,38.0
-9.0,1.0,-1,1,71.65315,68,Replayed,9.0
9.0,-1.0,1,1,79.92171,68,Replayed,9.0
9.0,1.0,1,1,74.98551,68,Replayed,9.0
5.0,1.0,1,1,66.09551,68,Replayed,5.0
-9.0,-1.0,-1,1,78.10346,68,Replayed,9.0
-5.0,-1.0,-1,1,68.8903,68,Replayed,5.0
3.0,-1.0,-1,0,50.30243,68,Replayed,3.0
9.0,0.0,1,1,77.39927,68,Replayed,9.0
1.0,0.0,-1,0,52.74568,68,Replayed,1.0
5.0,-1.0,-1,0,47.12461,68,Replayed,5.0
3.0,1.0,-1,0,45.773064,68,Replayed,3.0
-3.0,-1.0,-1,1,63.817287,68,Replayed,3.0
3.0,0.0,-1,0,49.175076,68,Replayed,3.0
38.0,1.0,1,1,98.61419,68,Replayed,38.0
5.0,1.0,-1,0,40.995632,68,Replayed,5.0
-38.0,0.0,-1,1,98.87417,68,Replayed,38.0
9.0,0.0,1,1,77.77295,68,Replayed,9.0
-9.0,0.0,1,0,38.886227,68,Replayed,9.0
5.0,-1.0,1,1,71.157326,68,Replayed,5.0
-3.0,1.0,-1,1,58.6551,68,Replayed,3.0
-38.0,-1.0,-1,1,99.11125,68,Replayed,38.0
-9.0,1.0,1,0,36.577118,68,Replayed,9.0
-9.0,1.0,-1,1,72.49284,68,Replayed,9.0
3.0,0.0,-1,0,48.045586,68,Replayed,3.0
38.0,0.0,1,1,99.077515,68,Replayed,38.0
3.0,0.0,1,1,64.07966,68,Replayed,3.0
-1.0,1.0,-1,1,53.0944,68,Replayed,1.0
-38.0,1.0,-1,1,98.478905,68,Replayed,38.0
5.0,1.0,1,1,66.04732,68,Replayed,5.0
-1.0,-1.0,-1,1,59.47463,68,Replayed,1.0
3.0,-1.0,1,1,67.507935,68,Replayed,3.0
5.0,-1.0,1,1,72.57293,68,Replayed,5.0
9.0,-1.0,1,1,79.91287,68,Replayed,9.0
3.0,0.0,1,1,64.135345,68,Replayed,3.0
38.0,0.0,1,1,99.02366,68,Replayed,38.0
-1.0,1.0,1,0,52.726208,68,Replayed,1.0
3.0,-1.0,1,1,67.262794,68,Replayed,3.0
-5.0,0.0,-1,1,66.9652,68,Replayed,5.0
-3.0,1.0,1,0,48.64646,68,Replayed,3.0
5.0,0.0,-1,0,43.987263,68,Replayed,5.0
5.0,0.0,1,1,69.80288,68,Replayed,5.0
1.0,1.0,1,1,56.52917,68,Replayed,1.0
-1.0,-1.0,-1,1,59.61771,68,Replayed,1.0
38.0,-1.0,1,1,99.224785,68,Replayed,38.0
3.0,1.0,-1,0,44.859516,68,Replayed,3.0
-38.0,0.0,-1,1,98.84051,68,Replayed,38.0
-38.0,-1.0,-1,1,99.13623,68,Replayed,38.0
38.0,-1.0,1,1,99.283264,68,Replayed,38.0
-5.0,0.0,1,0,46.908356,68,Replayed,5.0
-3.0,0.0,1,0,51.510883,68,Replayed,3.0
5.0,1.0,1,1,66.22738,68,Replayed,5.0
9.0,0.0,1,1,77.12142,68,Replayed,9.0
-38.0,1.0,-1,1,98.521065,68,Replayed,38.0
1.0,1.0,-1,0,49.45996,68,Replayed,1.0
3.0,0.0,1,1,64.719925,68,Replayed,3.0
-9.0,0.0,1,0,38.76599,68,Replayed,9.0
-5.0,0.0,-1,1,66.794556,68,Replayed,5.0
1.0,0.0,1,1,59.890907,68,Replayed,1.0
38.0,1.0,1,1,98.74462,68,Replayed,38.0
-5.0,1.0,-1,1,63.173847,68,Replayed,5.0
-1.0,0.0,-1,1,57.14641,68,Replayed,1.0
-9.0,-1.0,1,0,42.238625,68,Replayed,9.0
38.0,1.0,1,1,98.63266,68,Replayed,38.0
-5.0,1.0,-1,1,63.61745,68,Replayed,5.0
-1.0,0.0,1,0,56.03681,68,Replayed,1.0
9.0,-1.0,1,1,79.54555,68,Replayed,9.0
-3.0,0.0,1,0,52.27971,68,Replayed,3.0
-38.0,0.0,-1,1,98.922424,68,Replayed,38.0
-3.0,-1.0,1,0,53.462303,68,Replayed,3.0
-3.0,-1.0,1,0,54.92011,68,Replayed,3.0
-5.0,0.0,1,0,46.867607,68,Replayed,5.0
38.0,1.0,1,1,98.72416,68,Replayed,38.0
9.0,1.0,1,1,75.09562,68,Replayed,9.0
1.0,1.0,-1,0,49.419605,68,Replayed,1.0
-1.0,0.0,1,0,55.893456,68,Replayed,1.0
-38.0,1.0,-1,1,98.46311,68,Replayed,38.0
-38.0,-1.0,-1,1,99.128876,68,Replayed,38.0
-1.0,-1.0,-1,1,59.69944,68,Replayed,1.0
-1.0,0.0,1,0,55.682922,68,Replayed,1.0
3.0,-1.0,-1,0,50.329334,68,Replayed,3.0
-5.0,1.0,-1,1,64.362404,68,Replayed,5.0
-38.0,1.0,-1,1,98.61743,68,Replayed,38.0
38.0,-1.0,1,1,99.30158,68,Replayed,38.0
9.0,-1.0,-1,0,39.046776,68,Replayed,9.0
-9.0,-1.0,-1,1,76.91071,68,Replayed,9.0
-3.0,-1.0,-1,1,63.594128,68,Replayed,3.0
38.0,-1.0,1,1,99.269,68,Replayed,38.0
-1.0,0.0,-1,1,57.77142,68,Replayed,1.0
-5.0,-1.0,1,0,49.57722,68,Replayed,5.0
-1.0,1.0,1,0,52.900528,68,Replayed,1.0
-38.0,-1.0,-1,1,99.15438,68,Replayed,38.0
5.0,-1.0,-1,0,46.80155,68,Replayed,5.0
-3.0,-1.0,-1,1,64.36494,68,Replayed,3.0
-5.0,-1.0,1,0,51.007442,68,Replayed,5.0
-1.0,1.0,1,0,52.23807,68,Replayed,1.0
-9.0,0.0,-1,1,74.11336,68,Replayed,9.0
-5.0,-1.0,-1,1,68.65255,68,Replayed,5.0
5.0,0.0,1,1,67.79515,68,Replayed,5.0
9.0,1.0,1,1,75.11572,68,Replayed,9.0
38.0,0.0,1,1,99.04907,68,Replayed,38.0
-3.0,0.0,1,0,52.409447,68,Replayed,3.0
9.0,-1.0,1,1,79.415276,68,Replayed,9.0
1.0,0.0,-1,0,51.42071,68,Replayed,1.0
-3.0,0.0,-1,1,61.68576,68,Replayed,3.0
-1.0,1.0,1,0,53.354286,68,Replayed,1.0
3.0,-1.0,-1,0,51.136326,68,Replayed,3.0
-38.0,0.0,-1,1,98.90792,68,Replayed,38.0
1.0,-1.0,1,1,62.07017,68,Replayed,1.0
1.0,-1.0,1,1,62.607975,68,Replayed,1.0
9.0,-1.0,1,1,79.26786,68,Replayed,9.0
-5.0,1.0,-1,1,63.87434,68,Replayed,5.0
-3.0,0.0,-1,1,61.91361,68,Replayed,3.0
-3.0,0.0,1,0,51.26351,68,Replayed,3.0
38.0,0.0,1,1,99.01548,68,Replayed,38.0
5.0,-1.0,-1,0,46.64672,68,Replayed,5.0
-38.0,-1.0,-1,1,99.17442,68,Replayed,38.0
9.0,0.0,1,1,76.66524,68,Replayed,9.0
-3.0,1.0,1,0,47.860313,68,Replayed,3.0
-9.0,-1.0,-1,1,78.04943,68,Replayed,9.0
1.0,-1.0,1,1,63.288403,68,Replayed,1.0
3.0,-1.0,-1,0,51.87046,68,Replayed,3.0
-9.0,1.0,-1,1,72.09722,68,Replayed,9.0
5.0,-1.0,1,1,71.08899,68,Replayed,5.0
3.0,1.0,1,1,62.6999,68,Replayed,3.0
-1.0,-1.0,-1,1,59.554344,68,Replayed,1.0
5.0,1.0,1,1,66.80554,68,Replayed,5.0
5.0,-1.0,1,1,71.26992,68,Replayed,5.0
-9.0,1.0,-1,1,72.14636,68,Replayed,9.0
1.0,1.0,1,1,57.64094,68,Replayed,1.0
5.0,0.0,1,1,68.42316,68,Replayed,5.0
3.0,1.0,1,1,61.495655,68,Replayed,3.0
-9.0,-1.0,-1,1,77.94946,68,Replayed,9.0
9.0,0.0,1,1,77.460464,68,Replayed,9.0
-1.0,-1.0,1,0,58.354347,68,Replayed,1.0
-3.0,1.0,1,0,49.118607,68,Replayed,3.0
-3.0,1.0,1,0,49.025803,68,Replayed,3.0
38.0,-1.0,1,1,99.32702,68,Replayed,38.0
-5.0,-1.0,-1,1,68.963936,68,Replayed,5.0
-9.0,0.0,1,0,39.459736,68,Replayed,9.0
-5.0,1.0,-1,1,63.50793,68,Replayed,5.0
-9.0,0.0,-1,1,75.20289,68,Replayed,9.0
1.0,-1.0,1,1,63.164024,68,Replayed,1.0
3.0,-1.0,1,1,69.30409,69,Replayed,3.0
-38.0,0.0,-1,1,81.79525,69,Replayed,38.0
9.0,1.0,1,1,69.88898,69,Replayed,9.0
-9.0,0.0,1,0,61.11899,69,Replayed,9.0
5.0,1.0,1,1,67.62557,69,Replayed,5.0
-5.0,1.0,1,0,60.629494,69,Replayed,5.0
5.0,1.0,1,1,67.23604,69,Replayed,5.0
-3.0,0.0,1,0,63.434185,69,Replayed,3.0
-9.0,1.0,-1,1,63.284336,69,Replayed,9.0
5.0,1.0,1,1,67.498985,69,Replayed,5.0
-9.0,1.0,-1,1,62.536514,69,Replayed,9.0
-1.0,1.0,1,0,63.309128,69,Replayed,1.0
38.0,-1.0,-1,0,41.711582,69,Replayed,38.0
-1.0,1.0,1,0,63.629257,69,Replayed,1.0
-1.0,-1.0,1,0,65.80104,69,Replayed,1.0
38.0,-1.0,1,1,87.97372,69,Replayed,38.0
-9.0,-1.0,1,0,62.816196,69,Replayed,9.0
-3.0,1.0,-1,1,58.254356,69,Replayed,3.0
-1.0,-1.0,1,0,66.05447,69,Replayed,1.0
5.0,-1.0,1,1,70.71212,69,Replayed,5.0
9.0,0.0,1,1,71.02337,69,Replayed,9.0
38.0,1.0,1,1,85.694885,69,Replayed,38.0
-3.0,-1.0,1,0,66.260925,69,Replayed,3.0
3.0,-1.0,1,1,67.854095,69,Replayed,3.0
-9.0,1.0,-1,1,61.913116,69,Replayed,9.0
-9.0,-1.0,1,0,62.300014,69,Replayed,9.0
38.0,0.0,1,1,86.38564,69,Replayed,38.0
-9.0,-1.0,1,0,62.376274,69,Replayed,9.0
1.0,-1.0,1,1,66.8061,69,Replayed,1.0
-1.0,0.0,1,0,66.36635,69,Replayed,1.0
38.0,0.0,1,1,86.31424,69,Replayed,38.0
-1.0,1.0,-1,1,57.42315,69,Replayed,1.0
9.0,0.0,1,1,71.05892,69,Replayed,9.0
-38.0,-1.0,-1,1,83.78879,69,Replayed,38.0
38.0,1.0,1,1,85.20101,69,Replayed,38.0
1.0,0.0,1,1,65.16458,69,Replayed,1.0
3.0,1.0,1,1,65.220764,69,Replayed,3.0
5.0,0.0,1,1,68.71822,69,Replayed,5.0
-38.0,1.0,-1,1,80.4528,69,Replayed,38.0
3.0,1.0,1,1,66.43471,69,Replayed,3.0
38.0,0.0,1,1,86.28017,69,Replayed,38.0
-1.0,-1.0,-1,1,60.597973,69,Replayed,1.0
-1.0,-1.0,-1,1,60.660763,69,Replayed,1.0
-3.0,1.0,1,0,63.10679,69,Replayed,3.0
9.0,0.0,-1,0,53.859978,69,Replayed,9.0
-9.0,-1.0,1,0,62.656956,69,Replayed,9.0
3.0,-1.0,1,1,68.535,69,Replayed,3.0
1.0,1.0,1,1,62.865227,69,Replayed,1.0
38.0,1.0,1,1,85.81974,69,Replayed,38.0
-1.0,1.0,1,0,63.60252,69,Replayed,1.0
5.0,1.0,1,1,66.60183,69,Replayed,5.0
5.0,0.0,1,1,68.2951,69,Replayed,5.0
-38.0,0.0,-1,1,81.97144,69,Replayed,38.0
38.0,0.0,1,1,86.371216,69,Replayed,38.0
-38.0,-1.0,-1,1,83.12236,69,Replayed,38.0
9.0,-1.0,-1,0,54.271626,69,Replayed,9.0
5.0,0.0,1,1,69.08877,69,Replayed,5.0
3.0,0.0,1,1,66.90775,69,Replayed,3.0
-9.0,-1.0,-1,1,66.03209,69,Replayed,9.0
3.0,0.0,-1,0,56.3843,69,Replayed,3.0
-5.0,-1.0,1,0,64.15206,69,Replayed,5.0
1.0,0.0,1,1,65.596695,69,Replayed,1.0
1.0,-1.0,1,1,67.590485,69,Replayed,1.0
9.0,-1.0,1,1,71.64151,69,Replayed,9.0
-3.0,-1.0,1,0,65.60683,69,Replayed,3.0
38.0,-1.0,1,1,88.394966,69,Replayed,38.0
-3.0,0.0,-1,1,58.84497,69,Replayed,3.0
3.0,1.0,1,1,65.58301,69,Replayed,3.0
1.0,-1.0,1,1,67.384926,69,Replayed,1.0
-38.0,0.0,-1,1,81.69691,69,Replayed,38.0
-5.0,1.0,1,0,61.959743,69,Replayed,5.0
38.0,-1.0,1,1,87.40783,69,Replayed,38.0
3.0,0.0,1,1,68.0835,69,Replayed,3.0
9.0,-1.0,1,1,72.85734,69,Replayed,9.0
-1.0,-1.0,1,0,65.80977,69,Replayed,1.0
-38.0,1.0,1,0,45.421837,69,Replayed,38.0
-5.0,0.0,1,0,61.685383,69,Replayed,5.0
1.0,1.0,-1,0,55.75197,69,Replayed,1.0
-1.0,-1.0,1,0,65.88871,69,Replayed,1.0
1.0,0.0,1,1,67.13663,69,Replayed,1.0
-5.0,-1.0,-1,1,61.91542,69,Replayed,5.0
-5.0,-1.0,-1,1,62.928753,69,Replayed,5.0
3.0,0.0,1,1,67.87011,69,Replayed,3.0
-5.0,-1.0,-1,1,61.939327,69,Replayed,5.0
-5.0,0.0,-1,1,61.306667,69,Replayed,5.0
5.0,0.0,-1,0,54.4662,69,Replayed,5.0
-38.0,0.0,-1,1,81.86649,69,Replayed,38.0
-1.0,0.0,1,0,64.84332,69,Replayed,1.0
-1.0,1.0,-1,1,56.111534,69,Replayed,1.0
-1.0,0.0,1,0,64.31964,69,Replayed,1.0
1.0,1.0,1,1,64.68768,69,Replayed,1.0
3.0,-1.0,1,1,68.548584,69,Replayed,3.0
5.0,-1.0,-1,0,55.62046,69,Replayed,5.0
-38.0,-1.0,1,0,50.732494,69,Replayed,38.0
3.0,-1.0,1,1,68.9089,69,Replayed,3.0
-9.0,-1.0,1,0,62.611275,69,Replayed,9.0
38.0,1.0,1,1,84.47139,69,Replayed,38.0
1.0,-1.0,1,1,65.97478,69,Replayed,1.0
-38.0,0.0,-1,1,81.977806,69,Replayed,38.0
5.0,1.0,-1,0,52.602757,69,Replayed,5.0
9.0,1.0,1,1,70.31632,69,Replayed,9.0
-9.0,1.0,1,0,59.820538,69,Replayed,9.0
9.0,-1.0,-1,0,55.675636,69,Replayed,9.0
1.0,0.0,-1,0,56.063877,69,Replayed,1.0
-9.0,-1.0,1,0,63.720848,69,Replayed,9.0
-9.0,0.0,-1,1,64.0042,69,Replayed,9.0
-38.0,0.0,1,0,47.318897,69,Replayed,38.0
1.0,0.0,1,1,65.50322,69,Replayed,1.0
-1.0,1.0,-1,1,56.70468,69,Replayed,1.0
-3.0,1.0,1,0,62.4858,69,Replayed,3.0
38.0,1.0,1,1,85.20407,69,Replayed,38.0
5.0,-1.0,1,1,70.28302,69,Replayed,5.0
-5.0,1.0,-1,1,59.52111,69,Replayed,5.0
-38.0,1.0,1,0,46.096115,69,Replayed,38.0
3.0,1.0,1,1,65.187546,69,Replayed,3.0
-5.0,0.0,1,0,61.988426,69,Replayed,5.0
-38.0,0.0,-1,1,81.367226,69,Replayed,38.0
3.0,-1.0,1,1,68.09999,69,Replayed,3.0
-3.0,0.0,1,0,63.54071,69,Replayed,3.0
-3.0,0.0,1,0,63.9974,69,Replayed,3.0
5.0,0.0,1,1,68.4763,69,Replayed,5.0
38.0,0.0,1,1,86.146866,69,Replayed,38.0
1.0,1.0,1,1,63.941788,69,Replayed,1.0
-3.0,0.0,1,0,64.507484,69,Replayed,3.0
5.0,1.0,1,1,67.25881,69,Replayed,5.0
3.0,0.0,1,1,68.21499,69,Replayed,3.0
-9.0,1.0,-1,1,62.328384,69,Replayed,9.0
-5.0,-1.0,1,0,64.23424,69,Replayed,5.0
-3.0,-1.0,1,0,65.06394,69,Replayed,3.0
-5.0,-1.0,1,0,63.952488,69,Replayed,5.0
3.0,1.0,1,1,65.264,69,Replayed,3.0
-5.0,1.0,-1,1,60.697453,69,Replayed,5.0
38.0,-1.0,1,1,87.24361,69,Replayed,38.0
3.0,1.0,-1,0,54.736702,69,Replayed,3.0
-5.0,0.0,1,0,61.798203,69,Replayed,5.0
1.0,0.0,1,1,65.58586,69,Replayed,1.0
-1.0,0.0,1,0,64.348045,69,Replayed,1.0
-38.0,-1.0,1,0,49.695892,69,Replayed,38.0
5.0,-1.0,-1,0,56.679756,69,Replayed,5.0
5.0,-1.0,1,1,70.34758,69,Replayed,5.0
-3.0,-1.0,-1,1,61.82395,69,Replayed,3.0
9.0,1.0,1,1,70.73017,69,Replayed,9.0
-9.0,0.0,1,0,61.32876,69,Replayed,9.0
-9.0,0.0,-1,1,64.39629,69,Replayed,9.0
-9.0,0.0,1,0,61.180233,69,Replayed,9.0
-5.0,1.0,1,0,61.93748,69,Replayed,5.0
-38.0,1.0,-1,1,80.61955,69,Replayed,38.0
5.0,1.0,1,1,67.02978,69,Replayed,5.0
-3.0,0.0,1,0,62.317787,69,Replayed,3.0
-3.0,0.0,-1,1,58.57203,69,Replayed,3.0
-1.0,0.0,1,0,64.52509,69,Replayed,1.0
1.0,0.0,1,1,65.679756,69,Replayed,1.0
-38.0,-1.0,1,0,49.56382,69,Replayed,38.0
9.0,1.0,1,1,70.10541,69,Replayed,9.0
38.0,1.0,1,1,84.87899,69,Replayed,38.0
1.0,-1.0,-1,0,57.99771,69,Replayed,1.0
5.0,0.0,1,1,68.78453,69,Replayed,5.0
9.0,0.0,1,1,71.141884,69,Replayed,9.0
-38.0,0.0,1,0,46.981407,69,Replayed,38.0
9.0,1.0,1,1,69.85526,69,Replayed,9.0
3.0,1.0,1,1,65.37998,69,Replayed,3.0
9.0,1.0,1,1,69.9334,69,Replayed,9.0
-5.0,0.0,1,0,62.993534,69,Replayed,5.0
3.0,-1.0,1,1,68.30307,69,Replayed,3.0
-3.0,-1.0,1,0,65.78833,69,Replayed,3.0
3.0,0.0,1,1,67.2999,69,Replayed,3.0
9.0,-1.0,1,1,72.54185,69,Replayed,9.0
1.0,-1.0,-1,0,58.250896,69,Replayed,1.0
-3.0,1.0,1,0,62.669407,69,Replayed,3.0
-5.0,0.0,1,0,63.527756,69,Replayed,5.0
-3.0,1.0,1,0,62.05885,69,Replayed,3.0
38.0,-1.0,1,1,87.555,69,Replayed,38.0
9.0,0.0,1,1,71.15044,69,Replayed,9.0
-5.0,1.0,1,0,62.02389,69,Replayed,5.0
-38.0,1.0,-1,1,80.28103,69,Replayed,38.0
-1.0,1.0,1,0,63.191086,69,Replayed,1.0
-5.0,1.0,-1,1,59.371315,69,Replayed,5.0
1.0,1.0,1,1,64.08072,69,Replayed,1.0
1.0,1.0,1,1,64.3848,69,Replayed,1.0
-1.0,-1.0,-1,1,60.5168,69,Replayed,1.0
3.0,0.0,-1,0,70.77531,70,Replayed,3.0
1.0,1.0,1,1,71.80086,70,Replayed,1.0
-5.0,-1.0,1,0,68.49741,70,Replayed,5.0
9.0,0.0,-1,0,67.17788,70,Replayed,9.0
1.0,-1.0,-1,0,69.68401,70,Replayed,1.0
1.0,1.0,-1,0,71.062645,70,Replayed,1.0
-1.0,1.0,1,0,69.584045,70,Replayed,1.0
9.0,-1.0,-1,0,67.319275,70,Replayed,9.0
3.0,1.0,1,1,72.329735,70,Replayed,3.0
-3.0,1.0,1,0,68.83921,70,Replayed,3.0
38.0,-1.0,1,1,88.011116,70,Replayed,38.0
3.0,1.0,-1,0,71.065155,70,Replayed,3.0
-38.0,1.0,-1,1,89.1679,70,Replayed,38.0
3.0,1.0,1,1,71.801414,70,Replayed,3.0
3.0,1.0,-1,0,70.20813,70,Replayed,3.0
-1.0,1.0,1,0,69.88859,70,Replayed,1.0
-9.0,0.0,-1,1,77.12384,70,Replayed,9.0
9.0,1.0,1,1,75.86935,70,Replayed,9.0
1.0,0.0,-1,0,70.79883,70,Replayed,1.0
-1.0,-1.0,1,0,68.47386,70,Replayed,1.0
-5.0,0.0,1,0,68.70791,70,Replayed,5.0
-1.0,1.0,-1,1,71.86706,70,Replayed,1.0
-38.0,-1.0,1,0,56.35128,70,Replayed,38.0
-3.0,-1.0,1,0,67.74741,70,Replayed,3.0
1.0,1.0,1,1,70.84995,70,Replayed,1.0
3.0,0.0,-1,0,69.84061,70,Replayed,3.0
-5.0,0.0,1,0,67.685074,70,Replayed,5.0
9.0,-1.0,1,1,74.80649,70,Replayed,9.0
3.0,0.0,1,1,72.35598,70,Replayed,3.0
-1.0,0.0,1,0,69.82583,70,Replayed,1.0
-3.0,-1.0,-1,1,71.50343,70,Replayed,3.0
1.0,1.0,-1,0,71.20412,70,Replayed,1.0
-3.0,1.0,1,0,69.734726,70,Replayed,3.0
-3.0,-1.0,-1,1,71.98417,70,Replayed,3.0
-1.0,1.0,1,0,70.48287,70,Replayed,1.0
-9.0,0.0,-1,1,76.00287,70,Replayed,9.0
-3.0,-1.0,-1,1,72.13161,70,Replayed,3.0
-1.0,0.0,1,0,69.67846,70,Replayed,1.0
1.0,0.0,-1,0,70.92367,70,Replayed,1.0
38.0,1.0,1,1,89.19652,70,Replayed,38.0
-38.0,1.0,1,0,56.582703,70,Replayed,38.0
1.0,0.0,1,1,70.72926,70,Replayed,1.0
-1.0,1.0,-1,1,71.73139,70,Replayed,1.0
3.0,-1.0,-1,0,69.28436,70,Replayed,3.0
-9.0,0.0,-1,1,75.69059,70,Replayed,9.0
5.0,0.0,-1,0,67.88963,70,Replayed,5.0
38.0,-1.0,1,1,88.74678,70,Replayed,38.0
9.0,1.0,1,1,75.66118,70,Replayed,9.0
9.0,-1.0,1,1,76.00819,70,Replayed,9.0
-3.0,0.0,1,0,69.50282,70,Replayed,3.0
-3.0,0.0,1,0,68.25263,70,Replayed,3.0
-1.0,-1.0,-1,1,70.945435,70,Replayed,1.0
5.0,0.0,1,1,73.33193,70,Replayed,5.0
9.0,1.0,1,1,75.24069,70,Replayed,9.0
9.0,1.0,-1,0,67.106476,70,Replayed,9.0
1.0,-1.0,-1,0,69.26249,70,Replayed,1.0
3.0,0.0,1,1,71.556076,70,Replayed,3.0
3.0,-1.0,-1,0,68.53298,70,Replayed,3.0
38.0,1.0,1,1,89.27374,70,Replayed,38.0
-38.0,0.0,-1,1,89.45608,70,Replayed,38.0
1.0,0.0,-1,0,70.44437,70,Replayed,1.0
38.0,0.0,1,1,88.48468,70,Replayed,38.0
38.0,0.0,-1,0,56.084286,70,Replayed,38.0
-9.0,-1.0,1,0,67.10809,70,Replayed,9.0
38.0,0.0,1,1,88.75169,70,Replayed,38.0
9.0,0.0,1,1,75.74895,70,Replayed,9.0
9.0,0.0,-1,0,67.363335,70,Replayed,9.0
-3.0,1.0,-1,1,73.01841,70,Replayed,3.0
-5.0,1.0,1,0,69.08802,70,Replayed,5.0
3.0,0.0,-1,0,70.00759,70,Replayed,3.0
1.0,1.0,-1,0,71.23099,70,Replayed,1.0
-9.0,-1.0,-1,1,75.618256,70,Replayed,9.0
5.0,-1.0,1,1,72.84336,70,Replayed,5.0
38.0,1.0,1,1,88.82023,70,Replayed,38.0
-3.0,1.0,-1,1,72.03038,70,Replayed,3.0
-5.0,0.0,-1,1,74.487625,70,Replayed,5.0
9.0,-1.0,-1,0,66.658325,70,Replayed,9.0
38.0,0.0,1,1,88.81553,70,Replayed,38.0
38.0,-1.0,-1,0,55.362755,70,Replayed,38.0
-38.0,-1.0,-1,1,89.21339,70,Replayed,38.0
-5.0,1.0,-1,1,75.122826,70,Replayed,5.0
-3.0,0.0,-1,1,73.71048,70,Replayed,3.0
-9.0,1.0,1,0,67.093185,70,Replayed,9.0
-5.0,-1.0,1,0,68.58943,70,Replayed,5.0
-38.0,0.0,-1,1,89.15564,70,Replayed,38.0
-9.0,1.0,-1,1,76.40761,70,Replayed,9.0
38.0,1.0,-1,0,57.864582,70,Replayed,38.0
-3.0,1.0,-1,1,73.05833,70,Replayed,3.0
38.0,0.0,-1,0,57.1693,70,Replayed,38.0
3.0,-1.0,-1,0,69.50339,70,Replayed,3.0
-9.0,1.0,1,0,66.889465,70,Replayed,9.0
38.0,-1.0,1,1,89.26079,70,Replayed,38.0
9.0,-1.0,-1,0,66.534164,70,Replayed,9.0
-9.0,1.0,1,0,67.16376,70,Replayed,9.0
5.0,-1.0,1,1,72.73276,70,Replayed,5.0
-5.0,-1.0,-1,1,74.178955,70,Replayed,5.0
-9.0,0.0,-1,1,76.77156,70,Replayed,9.0
-9.0,0.0,-1,1,77.42006,70,Replayed,9.0
38.0,1.0,1,1,89.41869,70,Replayed,38.0
-9.0,1.0,-1,1,76.10732,70,Replayed,9.0
-3.0,0.0,1,0,69.0111,70,Replayed,3.0
38.0,0.0,-1,0,57.09179,70,Replayed,38.0
-1.0,-1.0,-1,1,72.05196,70,Replayed,1.0
9.0,0.0,-1,0,68.34216,70,Replayed,9.0
-38.0,1.0,1,0,56.771366,70,Replayed,38.0
5.0,1.0,1,1,74.13462,70,Replayed,5.0
9.0,0.0,1,1,75.503174,70,Replayed,9.0
-9.0,-1.0,-1,1,75.040695,70,Replayed,9.0
-9.0,0.0,-1,1,76.328636,70,Replayed,9.0
-38.0,-1.0,-1,1,88.955635,70,Replayed,38.0
1.0,-1.0,1,1,69.8165,70,Replayed,1.0
38.0,-1.0,1,1,88.40332,70,Replayed,38.0
3.0,-1.0,-1,0,69.80669,70,Replayed,3.0
1.0,0.0,1,1,70.78129,70,Replayed,1.0
1.0,1.0,-1,0,71.30127,70,Replayed,1.0
5.0,1.0,-1,0,69.20824,70,Replayed,5.0
-38.0,-1.0,1,0,55.01821,70,Replayed,38.0
5.0,-1.0,-1,0,68.79272,70,Replayed,5.0
-5.0,1.0,-1,1,74.02487,70,Replayed,5.0
-38.0,0.0,1,0,55.435955,70,Replayed,38.0
-38.0,1.0,-1,1,89.40511,70,Replayed,38.0
3.0,1.0,1,1,72.82926,70,Replayed,3.0
5.0,0.0,-1,0,69.0549,70,Replayed,5.0
1.0,-1.0,-1,0,70.13707,70,Replayed,1.0
3.0,0.0,-1,0,69.94582,70,Replayed,3.0
38.0,1.0,1,1,89.35022,70,Replayed,38.0
5.0,1.0,-1,0,69.14385,70,Replayed,5.0
-3.0,1.0,1,0,69.22441,70,Replayed,3.0
5.0,0.0,-1,0,68.984726,70,Replayed,5.0
-38.0,0.0,-1,1,89.18504,70,Replayed,38.0
5.0,1.0,-1,0,70.22774,70,Replayed,5.0
3.0,-1.0,1,1,71.88658,70,Replayed,3.0
1.0,0.0,-1,0,70.21706,70,Replayed,1.0
-38.0,1.0,-1,1,88.97301,70,Replayed,38.0
5.0,0.0,1,1,72.58171,70,Replayed,5.0
-38.0,-1.0,-1,1,89.20012,70,Replayed,38.0
9.0,0.0,1,1,75.43327,70,Replayed,9.0
-5.0,1.0,1,0,67.40359,70,Replayed,5.0
-1.0,-1.0,-1,1,71.22992,70,Replayed,1.0
3.0,1.0,-1,0,70.167694,70,Replayed,3.0
-3.0,0.0,-1,1,73.3419,70,Replayed,3.0
5.0,-1.0,-1,0,68.7002,70,Replayed,5.0
-1.0,0.0,-1,1,71.19845,70,Replayed,1.0
-1.0,0.0,1,0,69.19906,70,Replayed,1.0
-1.0,-1.0,-1,1,70.739815,70,Replayed,1.0
1.0,-1.0,-1,0,69.17486,70,Replayed,1.0
5.0,-1.0,1,1,73.193665,70,Replayed,5.0
-3.0,0.0,1,0,68.38593,70,Replayed,3.0
-1.0,-1.0,-1,1,71.32021,70,Replayed,1.0
38.0,-1.0,1,1,88.768265,70,Replayed,38.0
-1.0,1.0,-1,1,71.234406,70,Replayed,1.0
3.0,-1.0,1,1,71.50956,70,Replayed,3.0
5.0,-1.0,-1,0,68.21605,70,Replayed,5.0
9.0,1.0,-1,0,66.64063,70,Replayed,9.0
3.0,1.0,-1,0,69.89426,70,Replayed,3.0
9.0,-1.0,-1,0,66.454,70,Replayed,9.0
38.0,0.0,1,1,89.18148,70,Replayed,38.0
1.0,0.0,-1,0,70.64999,70,Replayed,1.0
1.0,-1.0,1,1,69.60075,70,Replayed,1.0
-1.0,1.0,-1,1,71.83975,70,Replayed,1.0
-1.0,0.0,1,0,70.23633,70,Replayed,1.0
-5.0,-1.0,1,0,67.40045,70,Replayed,5.0
9.0,1.0,1,1,75.63641,70,Replayed,9.0
5.0,-1.0,1,1,72.2595,70,Replayed,5.0
-38.0,-1.0,1,0,54.01228,70,Replayed,38.0
-3.0,0.0,-1,1,72.26368,70,Replayed,3.0
5.0,1.0,-1,0,69.49938,70,Replayed,5.0
-5.0,0.0,1,0,68.101395,70,Replayed,5.0
5.0,1.0,1,1,73.37574,70,Replayed,5.0
-9.0,-1.0,-1,1,75.72072,70,Replayed,9.0
5.0,0.0,1,1,73.31547,70,Replayed,5.0
-3.0,-1.0,1,0,67.96439,70,Replayed,3.0
-38.0,-1.0,-1,1,89.20188,70,Replayed,38.0
5.0,0.0,1,1,73.07052,70,Replayed,5.0
9.0,1.0,-1,0,68.30334,70,Replayed,9.0
-38.0,0.0,1,0,55.996017,70,Replayed,38.0
1.0,-1.0,1,1,71.062546,70,Replayed,1.0
9.0,1.0,-1,0,67.58615,70,Replayed,9.0
1.0,1.0,1,1,71.7792,70,Replayed,1.0
-5.0,1.0,-1,1,74.832016,70,Replayed,5.0
-5.0,0.0,-1,1,73.44901,70,Replayed,5.0
-5.0,-1.0,1,0,66.84932,70,Replayed,5.0
9.0,0.0,-1,0,67.798904,70,Replayed,9.0
3.0,1.0,1,1,73.10493,70,Replayed,3.0
-38.0,0.0,-1,1,89.12715,70,Replayed,38.0
-5.0,1.0,1,0,69.41526,70,Replayed,5.0
3.0,-1.0,1,1,70.84149,70,Replayed,3.0
38.0,1.0,1,1,89.07032,70,Replayed,38.0
-5.0,-1.0,-1,1,73.69946,70,Replayed,5.0
5.0,-1.0,1,1,72.69038,70,Replayed,5.0
-38.0,0.0,-1,1,89.458855,70,Replayed,38.0
-38.0,-1.0,-1,1,88.781235,70,Replayed,38.0
-38.0,1.0,-1,1,88.967545,70,Replayed,38.0
-9.0,0.0,-1,1,77.22515,70,Replayed,9.0
-38.0,1.0,-1,1,89.6252,70,Replayed,38.0
-5.0,1.0,1,0,68.64839,70,Replayed,5.0
-3.0,-1.0,-1,1,72.52208,70,Replayed,3.0
-9.0,0.0,-1,1,75.48783,70,Replayed,9.0
38.0,-1.0,-1,0,56.44747,70,Replayed,38.0
-9.0,1.0,1,0,66.12648,70,Replayed,9.0
5.0,1.0,1,1,73.67549,70,Replayed,5.0
-5.0,0.0,-1,1,74.02114,70,Replayed,5.0
-1.0,-1.0,1,0,69.01429,70,Replayed,1.0
-5.0,0.0,-1,1,74.51666,70,Replayed,5.0
-9.0,1.0,-1,1,76.88523,70,Replayed,9.0
-5.0,-1.0,-1,1,73.477135,70,Replayed,5.0
1.0,0.0,1,1,70.12223,70,Replayed,1.0
-9.0,-1.0,-1,1,76.26328,70,Replayed,9.0
-3.0,0.0,-1,1,72.0639,70,Replayed,3.0
3.0,0.0,1,1,71.7427,70,Replayed,3.0
9.0,-1.0,1,1,75.99526,70,Replayed,9.0
38.0,0.0,1,1,89.3708,70,Replayed,38.0
3.0,-1.0,-1,0,68.93899,70,Replayed,3.0
1.0,1.0,1,1,71.61341,70,Replayed,1.0
-9.0,-1.0,-1,1,74.975655,70,Replayed,9.0
-5.0,0.0,-1,1,73.838036,70,Replayed,5.0
-9.0,-1.0,1,0,66.97691,70,Replayed,9.0
-3.0,-1.0,1,0,68.42998,70,Replayed,3.0
-1.0,0.0,1,0,68.885056,70,Replayed,1.0
-1.0,0.0,-1,1,71.00797,70,Replayed,1.0
9.0,-1.0,1,1,75.33326,70,Replayed,9.0
-3.0,1.0,-1,1,72.552666,70,Replayed,3.0
3.0,0.0,1,1,72.00117,70,Replayed,3.0
5.0,0.0,-1,0,69.41298,70,Replayed,5.0
-9.0,1.0,-1,1,76.546555,70,Replayed,9.0
-9.0,-1.0,1,0,67.076126,70,Replayed,9.0
9.0,0.0,1,1,75.72662,70,Replayed,9.0
-1.0,1.0,-1,1,71.59937,70,Replayed,1.0
38.0,-1.0,-1,0,56.636353,70,Replayed,38.0
-1.0,-1.0,-1,1,70.718994,70,Replayed,1.0
-38.0,1.0,1,0,56.309605,70,Replayed,38.0
5.0,1.0,-1,0,68.65011,70,Replayed,5.0
-3.0,-1.0,1,0,68.78446,70,Replayed,3.0
-3.0,1.0,1,0,68.41944,70,Replayed,3.0
-38.0,0.0,1,0,55.43088,70,Replayed,38.0
38.0,1.0,1,1,88.825615,70,Replayed,38.0
-5.0,-1.0,-1,1,73.37932,70,Replayed,5.0
-1.0,0.0,-1,1,71.00673,70,Replayed,1.0
1.0,-1.0,-1,0,70.030075,70,Replayed,1.0
-5.0,1.0,1,0,69.90636,70,Replayed,5.0
-1.0,1.0,1,0,53.804295,71,Replayed,1.0
-9.0,-1.0,1,0,48.762573,71,Replayed,9.0
5.0,-1.0,1,1,59.06797,71,Replayed,5.0
-3.0,-1.0,1,0,53.25166,71,Replayed,3.0
1.0,1.0,-1,0,44.53063,71,Replayed,1.0
-9.0,0.0,1,0,48.106388,71,Replayed,9.0
1.0,1.0,-1,0,46.06434,71,Replayed,1.0
-9.0,0.0,-1,1,53.834427,71,Replayed,9.0
-3.0,1.0,1,0,52.309082,71,Replayed,3.0
-1.0,-1.0,-1,1,47.551163,71,Replayed,1.0
9.0,1.0,1,1,60.155838,71,Replayed,9.0
1.0,1.0,1,1,54.918663,71,Replayed,1.0
3.0,-1.0,1,1,55.736362,71,Replayed,3.0
9.0,-1.0,1,1,61.696106,71,Replayed,9.0
-9.0,1.0,1,0,47.389732,71,Replayed,9.0
38.0,1.0,1,1,80.05325,71,Replayed,38.0
5.0,1.0,1,1,58.647354,71,Replayed,5.0
5.0,0.0,1,1,58.923794,71,Replayed,5.0
38.0,0.0,1,1,80.864975,71,Replayed,38.0
-5.0,1.0,1,0,51.14623,71,Replayed,5.0
5.0,0.0,1,1,57.90555,71,Replayed,5.0
-5.0,-1.0,1,0,51.769924,71,Replayed,5.0
-5.0,-1.0,1,0,51.760727,71,Replayed,5.0
-3.0,-1.0,1,0,53.09279,71,Replayed,3.0
-38.0,-1.0,-1,1,74.61723,71,Replayed,38.0
38.0,-1.0,1,1,81.7474,71,Replayed,38.0
5.0,1.0,1,1,58.017372,71,Replayed,5.0
-1.0,-1.0,-1,1,46.94942,71,Replayed,1.0
-38.0,1.0,-1,1,74.747536,71,Replayed,38.0
1.0,-1.0,1,1,54.948723,71,Replayed,1.0
-3.0,0.0,1,0,52.357586,71,Replayed,3.0
-5.0,0.0,1,0,51.30387,71,Replayed,5.0
5.0,-1.0,1,1,58.35637,71,Replayed,5.0
38.0,0.0,1,1,81.41057,71,Replayed,38.0
-38.0,-1.0,-1,1,75.29965,71,Replayed,38.0
-3.0,1.0,1,0,52.31374,71,Replayed,3.0
-9.0,0.0,-1,1,53.701572,71,Replayed,9.0
5.0,-1.0,1,1,59.173428,71,Replayed,5.0
-38.0,-1.0,1,0,27.256758,71,Replayed,38.0
-5.0,1.0,1,0,51.528126,71,Replayed,5.0
-38.0,0.0,-1,1,74.902596,71,Replayed,38.0
3.0,-1.0,1,1,58.045937,71,Replayed,3.0
-9.0,-1.0,-1,1,53.484337,71,Replayed,9.0
-38.0,0.0,-1,1,74.69865,71,Replayed,38.0
38.0,-1.0,1,1,80.96429,71,Replayed,38.0
-38.0,-1.0,-1,1,75.55252,71,Replayed,38.0
9.0,1.0,1,1,61.39248,71,Replayed,9.0
-5.0,1.0,-1,1,49.40561,71,Replayed,5.0
-5.0,1.0,1,0,50.86549,71,Replayed,5.0
-9.0,0.0,-1,1,53.45564,71,Replayed,9.0
-5.0,-1.0,1,0,51.242733,71,Replayed,5.0
38.0,0.0,1,1,81.031906,71,Replayed,38.0
-9.0,-1.0,-1,1,53.38672,71,Replayed,9.0
5.0,0.0,1,1,58.496326,71,Replayed,5.0
5.0,0.0,-1,0,43.27785,71,Replayed,5.0
-1.0,0.0,1,0,54.131786,71,Replayed,1.0
-1.0,0.0,1,0,53.99469,71,Replayed,1.0
-1.0,1.0,-1,1,46.389587,71,Replayed,1.0
-38.0,0.0,-1,1,74.59933,71,Replayed,38.0
9.0,-1.0,1,1,61.387104,71,Replayed,9.0
-3.0,1.0,1,0,52.09946,71,Replayed,3.0
-3.0,-1.0,1,0,52.242565,71,Replayed,3.0
-1.0,-1.0,1,0,53.56957,71,Replayed,1.0
5.0,1.0,1,1,58.405357,71,Replayed,5.0
-1.0,-1.0,1,0,54.520016,71,Replayed,1.0
-9.0,0.0,-1,1,53.53299,71,Replayed,9.0
9.0,1.0,1,1,62.64552,71,Replayed,9.0
-38.0,1.0,-1,1,74.22896,71,Replayed,38.0
1.0,-1.0,1,1,55.265106,71,Replayed,1.0
-9.0,1.0,-1,1,53.236053,71,Replayed,9.0
5.0,-1.0,1,1,58.48591,71,Replayed,5.0
9.0,-1.0,1,1,61.43585,71,Replayed,9.0
-38.0,0.0,-1,1,75.30252,71,Replayed,38.0
-9.0,-1.0,1,0,48.490074,71,Replayed,9.0
3.0,0.0,1,1,57.48706,71,Replayed,3.0
-1.0,0.0,1,0,53.30096,71,Replayed,1.0
1.0,-1.0,1,1,56.705547,71,Replayed,1.0
3.0,1.0,1,1,57.05592,71,Replayed,3.0
-1.0,-1.0,1,0,53.943287,71,Replayed,1.0
9.0,1.0,1,1,61.99341,71,Replayed,9.0
9.0,0.0,1,1,61.502308,71,Replayed,9.0
38.0,-1.0,1,1,81.45225,71,Replayed,38.0
-1.0,1.0,1,0,53.868896,71,Replayed,1.0
-5.0,-1.0,1,0,50.28502,71,Replayed,5.0
1.0,-1.0,1,1,55.852993,71,Replayed,1.0
-9.0,1.0,1,0,47.474525,71,Replayed,9.0
1.0,1.0,-1,0,44.600655,71,Replayed,1.0
9.0,-1.0,1,1,62.345833,71,Replayed,9.0
-3.0,0.0,1,0,53.124916,71,Replayed,3.0
1.0,0.0,1,1,55.693962,71,Replayed,1.0
-1.0,1.0,1,0,53.53472,71,Replayed,1.0
9.0,1.0,1,1,60.94938,71,Replayed,9.0
-1.0,-1.0,1,0,54.8389,71,Replayed,1.0
-3.0,1.0,1,0,53.431362,71,Replayed,3.0
-9.0,1.0,-1,1,53.37075,71,Replayed,9.0
5.0,1.0,-1,0,42.868076,71,Replayed,5.0
9.0,0.0,1,1,61.481792,71,Replayed,9.0
-3.0,1.0,1,0,53.006374,71,Replayed,3.0
-3.0,1.0,1,0,52.298515,71,Replayed,3.0
-5.0,1.0,1,0,50.254906,71,Replayed,5.0
38.0,1.0,1,1,79.747574,71,Replayed,38.0
-3.0,0.0,1,0,53.13192,71,Replayed,3.0
3.0,-1.0,1,1,57.29743,71,Replayed,3.0
-9.0,1.0,-1,1,53.212196,71,Replayed,9.0
1.0,1.0,1,1,55.47126,71,Replayed,1.0
9.0,-1.0,1,1,62.56997,71,Replayed,9.0
1.0,0.0,1,1,55.662434,71,Replayed,1.0
3.0,0.0,1,1,56.9589,71,Replayed,3.0
1.0,0.0,-1,0,45.392498,71,Replayed,1.0
-5.0,-1.0,-1,1,50.56392,71,Replayed,5.0
-3.0,1.0,1,0,52.644043,71,Replayed,3.0
-9.0,1.0,-1,1,52.766846,71,Replayed,9.0
38.0,0.0,1,1,80.397484,71,Replayed,38.0
-5.0,1.0,-1,1,49.93372,71,Replayed,5.0
38.0,1.0,1,1,80.0847,71,Replayed,38.0
38.0,-1.0,1,1,81.414276,71,Replayed,38.0
5.0,0.0,1,1,59.02513,71,Replayed,5.0
5.0,1.0,1,1,59.148144,71,Replayed,5.0
1.0,0.0,1,1,55.655117,71,Replayed,1.0
-38.0,-1.0,-1,1,74.872734,71,Replayed,38.0
3.0,0.0,1,1,56.782974,71,Replayed,3.0
-1.0,1.0,-1,1,45.549553,71,Replayed,1.0
38.0,0.0,1,1,81.4978,71,Replayed,38.0
-5.0,0.0,1,0,50.994186,71,Replayed,5.0
-3.0,-1.0,-1,1,49.480152,71,Replayed,3.0
38.0,1.0,1,1,81.25417,71,Replayed,38.0
1.0,1.0,1,1,54.67173,71,Replayed,1.0
9.0,-1.0,1,1,62.744957,71,Replayed,9.0
3.0,1.0,-1,0,44.330837,71,Replayed,3.0
-5.0,-1.0,1,0,51.2864,71,Replayed,5.0
-38.0,1.0,-1,1,74.38193,71,Replayed,38.0
1.0,0.0,1,1,56.14211,71,Replayed,1.0
9.0,0.0,1,1,63.332104,71,Replayed,9.0
38.0,1.0,1,1,81.075035,71,Replayed,38.0
-5.0,-1.0,1,0,50.05384,71,Replayed,5.0
5.0,1.0,1,1,58.562153,71,Replayed,5.0
-38.0,1.0,-1,1,75.4834,71,Replayed,38.0
-38.0,1.0,-1,1,74.53032,71,Replayed,38.0
38.0,-1.0,1,1,81.826004,71,Replayed,38.0
5.0,1.0,1,1,58.255844,71,Replayed,5.0
38.0,-1.0,1,1,81.2229,71,Replayed,38.0
-3.0,-1.0,1,0,52.296917,71,Replayed,3.0
-38.0,1.0,-1,1,74.95386,71,Replayed,38.0
-1.0,0.0,-1,1,45.826538,71,Replayed,1.0
-1.0,0.0,1,0,53.588234,71,Replayed,1.0
9.0,-1.0,-1,0,39.411434,71,Replayed,9.0
1.0,1.0,1,1,56.079758,71,Replayed,1.0
9.0,-1.0,1,1,62.843292,71,Replayed,9.0
9.0,0.0,-1,0,39.342987,71,Replayed,9.0
3.0,1.0,1,1,56.40434,71,Replayed,3.0
3.0,0.0,1,1,57.934563,71,Replayed,3.0
-38.0,0.0,-1,1,74.34756,71,Replayed,38.0
-1.0,0.0,1,0,54.239613,71,Replayed,1.0
1.0,0.0,1,1,54.64715,71,Replayed,1.0
9.0,1.0,1,1,61.124123,71,Replayed,9.0
-3.0,-1.0,-1,1,48.218533,71,Replayed,3.0
-9.0,0.0,-1,1,53.113575,71,Replayed,9.0
38.0,1.0,1,1,80.72448,71,Replayed,38.0
1.0,-1.0,1,1,55.47229,71,Replayed,1.0
-9.0,1.0,-1,1,53.56157,71,Replayed,9.0
-1.0,1.0,-1,1,47.185566,71,Replayed,1.0
9.0,0.0,1,1,62.0413,71,Replayed,9.0
3.0,0.0,1,1,58.11224,71,Replayed,3.0
-9.0,-1.0,1,0,49.190063,71,Replayed,9.0
-1.0,-1.0,1,0,54.089962,71,Replayed,1.0
-1.0,1.0,1,0,54.05969,71,Replayed,1.0
38.0,1.0,1,1,80.87691,71,Replayed,38.0
9.0,0.0,1,1,61.23295,71,Replayed,9.0
-3.0,0.0,1,0,51.804203,71,Replayed,3.0
3.0,0.0,1,1,56.658524,71,Replayed,3.0
-9.0,-1.0,-1,1,53.272827,71,Replayed,9.0
-5.0,1.0,-1,1,50.20968,71,Replayed,5.0
-5.0,-1.0,1,0,50.978546,71,Replayed,5.0
1.0,-1.0,1,1,55.9819,71,Replayed,1.0
1.0,-1.0,-1,0,44.405678,71,Replayed,1.0
-1.0,0.0,1,0,53.87747,71,Replayed,1.0
38.0,0.0,1,1,81.12196,71,Replayed,38.0
5.0,0.0,1,1,57.455982,71,Replayed,5.0
3.0,1.0,1,1,57.93952,71,Replayed,3.0
3.0,1.0,1,1,56.858284,71,Replayed,3.0
9.0,0.0,1,1,61.72757,71,Replayed,9.0
3.0,-1.0,1,1,57.40171,71,Replayed,3.0
-9.0,0.0,-1,1,53.729557,71,Replayed,9.0
-5.0,0.0,1,0,51.810783,71,Replayed,5.0
5.0,-1.0,1,1,58.930122,71,Replayed,5.0
1.0,0.0,1,1,56.05815,71,Replayed,1.0
-3.0,-1.0,-1,1,48.193558,71,Replayed,3.0
38.0,0.0,1,1,80.83498,71,Replayed,38.0
-1.0,-1.0,1,0,55.807663,71,Replayed,1.0
-38.0,-1.0,-1,1,75.07922,71,Replayed,38.0
38.0,1.0,1,1,81.503586,71,Replayed,38.0
-9.0,0.0,1,0,47.88875,71,Replayed,9.0
-1.0,0.0,1,0,53.52174,71,Replayed,1.0
-9.0,-1.0,-1,1,53.3462,71,Replayed,9.0
5.0,1.0,1,1,58.6047,71,Replayed,5.0
1.0,1.0,1,1,55.589317,71,Replayed,1.0
3.0,-1.0,-1,0,44.047886,71,Replayed,3.0
-38.0,-1.0,-1,1,74.987724,71,Replayed,38.0
5.0,-1.0,1,1,59.734364,71,Replayed,5.0
-5.0,1.0,-1,1,50.200417,71,Replayed,5.0
1.0,0.0,-1,0,46.42451,71,Replayed,1.0
5.0,0.0,1,1,59.153027,71,Replayed,5.0
-38.0,0.0,-1,1,75.68304,71,Replayed,38.0
-38.0,1.0,-1,1,74.18284,71,Replayed,38.0
9.0,1.0,1,1,61.02691,71,Replayed,9.0
5.0,-1.0,-1,0,42.121307,71,Replayed,5.0
-38.0,0.0,-1,1,74.30485,71,Replayed,38.0
38.0,0.0,1,1,80.31394,71,Replayed,38.0
38.0,-1.0,1,1,80.5271,71,Replayed,38.0
3.0,1.0,1,1,56.79369,71,Replayed,3.0
5.0,0.0,1,1,59.039986,71,Replayed,5.0
-3.0,0.0,1,0,53.138298,71,Replayed,3.0
-5.0,0.0,1,0,51.855946,71,Replayed,5.0
3.0,-1.0,1,1,56.882755,71,Replayed,3.0
-5.0,0.0,-1,1,49.366436,71,Replayed,5.0
-38.0,0.0,-1,1,74.34736,71,Replayed,38.0
-9.0,-1.0,1,0,47.345715,71,Replayed,9.0
9.0,1.0,1,1,61.06493,71,Replayed,9.0
5.0,-1.0,1,1,58.815895,71,Replayed,5.0
-3.0,1.0,1,0,52.31865,71,Replayed,3.0
1.0,-1.0,1,1,55.73063,71,Replayed,1.0
3.0,-1.0,1,1,57.344975,71,Replayed,3.0
3.0,-1.0,1,1,57.450016,71,Replayed,3.0
-5.0,0.0,1,0,51.021606,71,Replayed,5.0
-38.0,1.0,-1,1,74.56033,71,Replayed,38.0
3.0,0.0,1,1,57.248466,71,Replayed,3.0
-3.0,0.0,-1,1,49.040764,71,Replayed,3.0
3.0,0.0,1,1,57.34305,71,Replayed,3.0
-3.0,-1.0,-1,1,50.157665,71,Replayed,3.0
38.0,-1.0,1,1,81.36696,71,Replayed,38.0
-38.0,-1.0,-1,1,75.68857,71,Replayed,38.0
3.0,1.0,-1,0,43.368156,71,Replayed,3.0
-3.0,0.0,1,0,52.65752,71,Replayed,3.0
-1.0,1.0,-1,1,46.853115,71,Replayed,1.0
-3.0,1.0,1,0,54.695694,72,Replayed,3.0
3.0,0.0,1,1,60.470528,72,Replayed,3.0
3.0,-1.0,1,1,59.437824,72,Replayed,3.0
-3.0,-1.0,1,0,54.777233,72,Replayed,3.0
9.0,0.0,1,1,63.82635,72,Replayed,9.0
38.0,0.0,1,1,84.85123,72,Replayed,38.0
-38.0,0.0,-1,1,79.88328,72,Replayed,38.0
-9.0,0.0,1,0,50.83314,72,Replayed,9.0
-3.0,1.0,1,0,54.38583,72,Replayed,3.0
1.0,-1.0,1,1,57.100822,72,Replayed,1.0
3.0,1.0,1,1,58.334465,72,Replayed,3.0
5.0,0.0,1,1,60.815746,72,Replayed,5.0
3.0,-1.0,1,1,59.324604,72,Replayed,3.0
-5.0,-1.0,1,0,52.869255,72,Replayed,5.0
5.0,0.0,1,1,60.558083,72,Replayed,5.0
3.0,0.0,1,1,58.901768,72,Replayed,3.0
38.0,1.0,1,1,83.89388,72,Replayed,38.0
-9.0,1.0,-1,1,56.52092,72,Replayed,9.0
-3.0,1.0,-1,1,50.14766,72,Replayed,3.0
-1.0,1.0,-1,1,48.144478,72,Replayed,1.0
5.0,1.0,1,1,60.83322,72,Replayed,5.0
-1.0,0.0,1,0,56.221287,72,Replayed,1.0
3.0,-1.0,1,1,59.00886,72,Replayed,3.0
-5.0,1.0,1,0,53.32464,72,Replayed,5.0
3.0,1.0,1,1,58.719627,72,Replayed,3.0
-9.0,1.0,-1,1,56.728798,72,Replayed,9.0
-1.0,0.0,1,0,56.41167,72,Replayed,1.0
-1.0,1.0,1,0,55.52558,72,Replayed,1.0
-1.0,-1.0,1,0,56.521057,72,Replayed,1.0
9.0,1.0,1,1,64.31968,72,Replayed,9.0
38.0,0.0,-1,0,24.10545,72,Replayed,38.0
-38.0,1.0,-1,1,80.14708,72,Replayed,38.0
1.0,-1.0,1,1,57.633507,72,Replayed,1.0
1.0,0.0,1,1,56.813587,72,Replayed,1.0
-5.0,0.0,1,0,52.709705,72,Replayed,5.0
1.0,-1.0,-1,0,48.08902,72,Replayed,1.0
9.0,-1.0,1,1,65.02566,72,Replayed,9.0
-38.0,0.0,-1,1,80.115906,72,Replayed,38.0
38.0,1.0,1,1,84.9658,72,Replayed,38.0
3.0,1.0,1,1,59.04116,72,Replayed,3.0
-5.0,0.0,-1,1,53.09854,72,Replayed,5.0
-38.0,-1.0,-1,1,80.12724,72,Replayed,38.0
-38.0,0.0,-1,1,79.55359,72,Replayed,38.0
1.0,0.0,1,1,56.942142,72,Replayed,1.0
9.0,-1.0,1,1,64.380165,72,Replayed,9.0
38.0,0.0,1,1,85.27995,72,Replayed,38.0
5.0,1.0,1,1,62.21309,72,Replayed,5.0
5.0,0.0,1,1,60.579536,72,Replayed,5.0
3.0,0.0,1,1,58.85197,72,Replayed,3.0
-5.0,-1.0,1,0,53.46626,72,Replayed,5.0
5.0,0.0,1,1,60.467796,72,Replayed,5.0
9.0,0.0,1,1,63.47959,72,Replayed,9.0
-38.0,1.0,-1,1,79.657616,72,Replayed,38.0
-38.0,0.0,-1,1,78.74628,72,Replayed,38.0
-3.0,-1.0,-1,1,51.81252,72,Replayed,3.0
-3.0,-1.0,1,0,53.91751,72,Replayed,3.0
-9.0,0.0,-1,1,55.95524,72,Replayed,9.0
9.0,1.0,1,1,64.86321,72,Replayed,9.0
-9.0,-1.0,-1,1,55.054165,72,Replayed,9.0
3.0,0.0,1,1,60.000565,72,Replayed,3.0
-38.0,-1.0,-1,1,80.04312,72,Replayed,38.0
-1.0,-1.0,1,0,55.71289,72,Replayed,1.0
3.0,-1.0,1,1,58.77317,72,Replayed,3.0
-5.0,1.0,1,0,53.49688,72,Replayed,5.0
38.0,1.0,1,1,84.923744,72,Replayed,38.0
3.0,0.0,1,1,58.682335,72,Replayed,3.0
-9.0,1.0,-1,1,56.68459,72,Replayed,9.0
-5.0,-1.0,1,0,53.347034,72,Replayed,5.0
-38.0,-1.0,-1,1,80.038536,72,Replayed,38.0
1.0,0.0,1,1,56.602062,72,Replayed,1.0
9.0,0.0,1,1,64.00229,72,Replayed,9.0
3.0,0.0,1,1,58.914513,72,Replayed,3.0
-5.0,-1.0,1,0,53.994717,72,Replayed,5.0
-1.0,0.0,1,0,57.13526,72,Replayed,1.0
38.0,1.0,1,1,85.82375,72,Replayed,38.0
-38.0,1.0,-1,1,79.98045,72,Replayed,38.0
-38.0,-1.0,-1,1,78.85301,72,Replayed,38.0
9.0,-1.0,1,1,64.54959,72,Replayed,9.0
-3.0,1.0,1,0,53.29379,72,Replayed,3.0
1.0,-1.0,1,1,56.624634,72,Replayed,1.0
-3.0,-1.0,1,0,55.54254,72,Replayed,3.0
3.0,1.0,1,1,58.895813,72,Replayed,3.0
1.0,0.0,1,1,57.179947,72,Replayed,1.0
-1.0,-1.0,1,0,56.50573,72,Replayed,1.0
-1.0,0.0,1,0,55.443047,72,Replayed,1.0
5.0,-1.0,1,1,60.03803,72,Replayed,5.0
1.0,1.0,1,1,57.824463,72,Replayed,1.0
-38.0,0.0,-1,1,79.43929,72,Replayed,38.0
9.0,0.0,1,1,63.944233,72,Replayed,9.0
-9.0,1.0,-1,1,55.56133,72,Replayed,9.0
38.0,1.0,1,1,84.79846,72,Replayed,38.0
3.0,-1.0,-1,0,46.22489,72,Replayed,3.0
-5.0,1.0,1,0,52.77178,72,Replayed,5.0
1.0,1.0,1,1,57.316853,72,Replayed,1.0
-9.0,1.0,-1,1,55.77682,72,Replayed,9.0
1.0,1.0,1,1,56.320335,72,Replayed,1.0
3.0,1.0,1,1,59.35724,72,Replayed,3.0
-38.0,0.0,-1,1,79.8565,72,Replayed,38.0
-5.0,1.0,-1,1,53.014683,72,Replayed,5.0
-1.0,0.0,1,0,55.273457,72,Replayed,1.0
-3.0,1.0,1,0,53.125362,72,Replayed,3.0
-3.0,0.0,1,0,53.956596,72,Replayed,3.0
38.0,1.0,1,1,84.626785,72,Replayed,38.0
-3.0,0.0,1,0,53.985428,72,Replayed,3.0
-1.0,1.0,1,0,56.092556,72,Replayed,1.0
-3.0,0.0,-1,1,51.003994,72,Replayed,3.0
9.0,1.0,1,1,64.202324,72,Replayed,9.0
38.0,-1.0,1,1,84.85055,72,Replayed,38.0
-38.0,-1.0,-1,1,79.770386,72,Replayed,38.0
-3.0,0.0,1,0,55.292656,72,Replayed,3.0
-38.0,1.0,-1,1,79.21641,72,Replayed,38.0
-9.0,0.0,1,0,50.061142,72,Replayed,9.0
9.0,1.0,1,1,64.82181,72,Replayed,9.0
-5.0,0.0,-1,1,51.43041,72,Replayed,5.0
-3.0,-1.0,-1,1,51.576984,72,Replayed,3.0
9.0,0.0,1,1,64.37699,72,Replayed,9.0
9.0,0.0,1,1,65.15011,72,Replayed,9.0
1.0,1.0,1,1,57.789307,72,Replayed,1.0
-38.0,1.0,-1,1,79.429504,72,Replayed,38.0
3.0,1.0,1,1,59.491306,72,Replayed,3.0
3.0,0.0,-1,0,45.185444,72,Replayed,3.0
-38.0,-1.0,-1,1,80.61468,72,Replayed,38.0
9.0,1.0,1,1,65.28043,72,Replayed,9.0
-38.0,0.0,-1,1,79.29327,72,Replayed,38.0
-1.0,-1.0,1,0,55.337547,72,Replayed,1.0
5.0,0.0,-1,0,44.206757,72,Replayed,5.0
1.0,1.0,-1,0,46.85682,72,Replayed,1.0
38.0,-1.0,1,1,84.71445,72,Replayed,38.0
-9.0,0.0,1,0,50.4858,72,Replayed,9.0
-1.0,1.0,-1,1,48.895885,72,Replayed,1.0
-5.0,1.0,1,0,53.074192,72,Replayed,5.0
5.0,1.0,1,1,60.1704,72,Replayed,5.0
38.0,-1.0,1,1,85.02858,72,Replayed,38.0
-9.0,1.0,1,0,49.344505,72,Replayed,9.0
38.0,-1.0,1,1,85.1185,72,Replayed,38.0
5.0,0.0,-1,0,45.162876,72,Replayed,5.0
1.0,1.0,-1,0,45.906975,72,Replayed,1.0
9.0,-1.0,1,1,63.97974,72,Replayed,9.0
-38.0,1.0,-1,1,79.586235,72,Replayed,38.0
-3.0,0.0,1,0,54.417397,72,Replayed,3.0
5.0,0.0,1,1,61.29964,72,Replayed,5.0
9.0,1.0,1,1,64.801476,72,Replayed,9.0
3.0,-1.0,1,1,59.558945,72,Replayed,3.0
1.0,0.0,1,1,56.51472,72,Replayed,1.0
1.0,-1.0,1,1,57.46052,72,Replayed,1.0
-9.0,1.0,-1,1,57.09223,72,Replayed,9.0
38.0,1.0,1,1,84.68682,72,Replayed,38.0
-3.0,1.0,1,0,54.564686,72,Replayed,3.0
-5.0,0.0,1,0,52.95626,72,Replayed,5.0
-38.0,-1.0,-1,1,79.96524,72,Replayed,38.0
9.0,0.0,1,1,64.932274,72,Replayed,9.0
-1.0,0.0,1,0,54.75639,72,Replayed,1.0
-5.0,0.0,1,0,53.07186,72,Replayed,5.0
-1.0,-1.0,1,0,56.152554,72,Replayed,1.0
-1.0,1.0,1,0,56.60392,72,Replayed,1.0
38.0,1.0,1,1,84.17444,72,Replayed,38.0
1.0,1.0,1,1,56.52347,72,Replayed,1.0
-38.0,1.0,-1,1,79.58726,72,Replayed,38.0
-38.0,1.0,-1,1,79.94403,72,Replayed,38.0
-9.0,0.0,-1,1,57.039433,72,Replayed,9.0
-9.0,0.0,-1,1,56.605957,72,Replayed,9.0
38.0,-1.0,1,1,85.06975,72,Replayed,38.0
-5.0,-1.0,-1,1,52.279575,72,Replayed,5.0
-1.0,-1.0,1,0,56.449615,72,Replayed,1.0
3.0,-1.0,1,1,59.56102,72,Replayed,3.0
-9.0,-1.0,-1,1,56.162632,72,Replayed,9.0
-3.0,1.0,1,0,54.383373,72,Replayed,3.0
3.0,1.0,1,1,59.04554,72,Replayed,3.0
5.0,-1.0,1,1,61.070675,72,Replayed,5.0
-1.0,1.0,1,0,55.174225,72,Replayed,1.0
-38.0,-1.0,-1,1,79.55149,72,Replayed,38.0
-5.0,-1.0,1,0,53.816765,72,Replayed,5.0
3.0,1.0,1,1,59.05073,72,Replayed,3.0
-5.0,0.0,-1,1,53.113842,72,Replayed,5.0
5.0,1.0,1,1,62.030132,72,Replayed,5.0
-3.0,-1.0,1,0,54.37438,72,Replayed,3.0
-5.0,-1.0,1,0,52.61035,72,Replayed,5.0
-5.0,0.0,-1,1,52.899544,72,Replayed,5.0
5.0,-1.0,1,1,60.688572,72,Replayed,5.0
-9.0,0.0,-1,1,56.536907,72,Replayed,9.0
1.0,0.0,1,1,57.548023,72,Replayed,1.0
38.0,0.0,1,1,85.21338,72,Replayed,38.0
5.0,-1.0,1,1,61.00753,72,Replayed,5.0
-1.0,-1.0,1,0,56.172783,72,Replayed,1.0
-9.0,-1.0,-1,1,55.791283,72,Replayed,9.0
5.0,-1.0,1,1,61.209297,72,Replayed,5.0
-1.0,0.0,1,0,56.103333,72,Replayed,1.0
38.0,-1.0,1,1,85.24956,72,Replayed,38.0
-38.0,1.0,-1,1,85.28326,73,Replayed,38.0
5.0,-1.0,1,1,55.673935,73,Replayed,5.0
-5.0,0.0,1,0,54.247005,73,Replayed,5.0
5.0,1.0,1,1,65.28167,73,Replayed,5.0
9.0,-1.0,1,1,59.348114,73,Replayed,9.0
-3.0,0.0,1,0,55.889553,73,Replayed,3.0
3.0,-1.0,1,1,55.05845,73,Replayed,3.0
38.0,1.0,1,1,86.83356,73,Replayed,38.0
-9.0,1.0,1,0,57.428024,73,Replayed,9.0
38.0,1.0,1,1,87.41502,73,Replayed,38.0
1.0,-1.0,1,1,53.205425,73,Replayed,1.0
-1.0,1.0,-1,1,60.216988,73,Replayed,1.0
38.0,0.0,1,1,82.678116,73,Replayed,38.0
5.0,-1.0,1,1,57.148193,73,Replayed,5.0
-1.0,1.0,1,0,60.985004,73,Replayed,1.0
3.0,-1.0,1,1,54.37352,73,Replayed,3.0
-5.0,-1.0,-1,1,53.73723,73,Replayed,5.0
-9.0,-1.0,-1,1,56.16899,73,Replayed,9.0
38.0,-1.0,1,1,77.96041,73,Replayed,38.0
1.0,0.0,-1,0,53.192257,73,Replayed,1.0
-5.0,1.0,1,0,58.536892,73,Replayed,5.0
3.0,1.0,1,1,62.995865,73,Replayed,3.0
-38.0,1.0,-1,1,85.639046,73,Replayed,38.0
-3.0,1.0,1,0,59.872204,73,Replayed,3.0
-9.0,0.0,-1,1,61.455513,73,Replayed,9.0
1.0,0.0,-1,0,53.621376,73,Replayed,1.0
-9.0,0.0,-1,1,61.514027,73,Replayed,9.0
9.0,0.0,-1,0,49.377872,73,Replayed,9.0
1.0,0.0,-1,0,52.378834,73,Replayed,1.0
1.0,-1.0,1,1,53.37394,73,Replayed,1.0
-1.0,0.0,-1,1,55.732025,73,Replayed,1.0
1.0,1.0,1,1,62.76803,73,Replayed,1.0
38.0,0.0,1,1,82.46766,73,Replayed,38.0
-38.0,0.0,-1,1,80.82961,73,Replayed,38.0
38.0,0.0,1,1,83.41679,73,Replayed,38.0
-38.0,1.0,-1,1,85.19826,73,Replayed,38.0
9.0,-1.0,1,1,60.148144,73,Replayed,9.0
-3.0,-1.0,1,0,50.92364,73,Replayed,3.0
-9.0,1.0,1,0,56.48437,73,Replayed,9.0
9.0,1.0,1,1,68.09786,73,Replayed,9.0
5.0,-1.0,1,1,56.95236,73,Replayed,5.0
3.0,0.0,-1,0,52.53734,73,Replayed,3.0
5.0,-1.0,-1,0,46.532734,73,Replayed,5.0
9.0,1.0,1,1,68.024666,73,Replayed,9.0
-5.0,-1.0,-1,1,54.00331,73,Replayed,5.0
3.0,1.0,1,1,63.84037,73,Replayed,3.0
9.0,-1.0,1,1,59.317123,73,Replayed,9.0
5.0,1.0,-1,0,55.298405,73,Replayed,5.0
38.0,-1.0,1,1,78.13267,73,Replayed,38.0
3.0,1.0,1,1,63.995213,73,Replayed,3.0
1.0,0.0,1,1,57.683193,73,Replayed,1.0
-1.0,0.0,-1,1,54.939842,73,Replayed,1.0
9.0,-1.0,1,1,59.928745,73,Replayed,9.0
3.0,0.0,-1,0,52.517666,73,Replayed,3.0
-38.0,-1.0,-1,1,75.13589,73,Replayed,38.0
-9.0,-1.0,-1,1,56.13772,73,Replayed,9.0
38.0,-1.0,1,1,78.36737,73,Replayed,38.0
-3.0,-1.0,-1,1,52.157677,73,Replayed,3.0
-3.0,1.0,1,0,59.882442,73,Replayed,3.0
38.0,-1.0,-1,0,26.25153,73,Replayed,38.0
-38.0,1.0,-1,1,85.16379,73,Replayed,38.0
-5.0,-1.0,-1,1,53.196007,73,Replayed,5.0
-38.0,0.0,-1,1,81.24358,73,Replayed,38.0
-3.0,1.0,1,0,59.924038,73,Replayed,3.0
-1.0,1.0,1,0,61.874752,73,Replayed,1.0
-3.0,0.0,1,0,55.607475,73,Replayed,3.0
-3.0,-1.0,1,0,51.133476,73,Replayed,3.0
-9.0,1.0,-1,1,66.524704,73,Replayed,9.0
3.0,0.0,-1,0,51.231827,73,Replayed,3.0
-1.0,-1.0,1,0,51.92482,73,Replayed,1.0
38.0,0.0,1,1,82.899345,73,Replayed,38.0
-9.0,-1.0,1,0,47.384243,73,Replayed,9.0
-3.0,1.0,-1,1,60.522957,73,Replayed,3.0
-3.0,1.0,-1,1,61.37764,73,Replayed,3.0
-5.0,0.0,1,0,54.970695,73,Replayed,5.0
5.0,0.0,1,1,60.13037,73,Replayed,5.0
3.0,0.0,1,1,59.788567,73,Replayed,3.0
1.0,-1.0,-1,0,49.43162,73,Replayed,1.0
-38.0,0.0,-1,1,81.07264,73,Replayed,38.0
-5.0,-1.0,1,0,48.648487,73,Replayed,5.0
-1.0,-1.0,-1,1,50.618,73,Replayed,1.0
-9.0,0.0,1,0,51.906075,73,Replayed,9.0
3.0,1.0,1,1,63.180603,73,Replayed,3.0
-5.0,-1.0,1,0,48.556175,73,Replayed,5.0
5.0,0.0,1,1,60.91475,73,Replayed,5.0
-38.0,1.0,-1,1,85.90484,73,Replayed,38.0
38.0,1.0,1,1,86.83312,73,Replayed,38.0
-1.0,1.0,-1,1,60.43713,73,Replayed,1.0
3.0,0.0,1,1,58.469383,73,Replayed,3.0
3.0,1.0,1,1,64.36943,73,Replayed,3.0
-38.0,0.0,-1,1,81.04683,73,Replayed,38.0
-3.0,1.0,1,0,60.02944,73,Replayed,3.0
9.0,1.0,1,1,68.75492,73,Replayed,9.0
-38.0,-1.0,-1,1,76.40778,73,Replayed,38.0
5.0,0.0,-1,0,51.72578,73,Replayed,5.0
9.0,-1.0,1,1,59.597008,73,Replayed,9.0
1.0,1.0,-1,0,58.012833,73,Replayed,1.0
-38.0,1.0,-1,1,84.94338,73,Replayed,38.0
-1.0,0.0,-1,1,54.575615,73,Replayed,1.0
-38.0,0.0,-1,1,80.93668,73,Replayed,38.0
-3.0,-1.0,-1,1,51.328735,73,Replayed,3.0
-5.0,1.0,-1,1,62.854214,73,Replayed,5.0
38.0,0.0,1,1,82.08412,73,Replayed,38.0
1.0,0.0,1,1,56.756454,73,Replayed,1.0
38.0,1.0,1,1,86.74856,73,Replayed,38.0
1.0,-1.0,-1,0,49.074116,73,Replayed,1.0
-3.0,0.0,-1,1,56.426163,73,Replayed,3.0
-3.0,-1.0,-1,1,51.386158,73,Replayed,3.0
-38.0,1.0,-1,1,85.15346,73,Replayed,38.0
-5.0,1.0,-1,1,61.931534,73,Replayed,5.0
5.0,0.0,-1,0,51.51826,73,Replayed,5.0
-38.0,0.0,-1,1,81.348434,73,Replayed,38.0
3.0,0.0,1,1,60.12163,73,Replayed,3.0
-9.0,-1.0,-1,1,56.37279,73,Replayed,9.0
-1.0,-1.0,-1,1,50.770782,73,Replayed,1.0
5.0,0.0,1,1,60.725124,73,Replayed,5.0
38.0,1.0,1,1,87.24528,73,Replayed,38.0
3.0,-1.0,1,1,55.00889,73,Replayed,3.0
3.0,-1.0,1,1,55.10599,73,Replayed,3.0
-9.0,-1.0,1,0,47.424706,73,Replayed,9.0
9.0,1.0,1,1,68.49463,73,Replayed,9.0
-5.0,0.0,-1,1,57.705967,73,Replayed,5.0
-9.0,0.0,1,0,50.575756,73,Replayed,9.0
-5.0,0.0,-1,1,58.030624,73,Replayed,5.0
1.0,-1.0,1,1,54.824047,73,Replayed,1.0
5.0,1.0,1,1,65.211136,73,Replayed,5.0
5.0,-1.0,-1,0,46.173428,73,Replayed,5.0
38.0,0.0,1,1,82.52243,73,Replayed,38.0
3.0,-1.0,1,1,55.326515,73,Replayed,3.0
5.0,1.0,1,1,65.15412,73,Replayed,5.0
-3.0,1.0,-1,1,61.357845,73,Replayed,3.0
-5.0,0.0,1,0,54.080994,73,Replayed,5.0
1.0,1.0,1,1,61.77957,73,Replayed,1.0
-3.0,-1.0,-1,1,52.193527,73,Replayed,3.0
-38.0,-1.0,-1,1,75.28113,73,Replayed,38.0
5.0,1.0,-1,0,55.881107,73,Replayed,5.0
1.0,-1.0,1,1,53.252445,73,Replayed,1.0
5.0,0.0,1,1,61.22727,73,Replayed,5.0
3.0,1.0,1,1,63.39127,73,Replayed,3.0
-3.0,-1.0,1,0,51.149075,73,Replayed,3.0
1.0,1.0,1,1,61.763527,73,Replayed,1.0
3.0,-1.0,1,1,55.012936,73,Replayed,3.0
-1.0,1.0,1,0,61.104687,73,Replayed,1.0
38.0,-1.0,1,1,78.264145,73,Replayed,38.0
-38.0,0.0,-1,1,80.36066,73,Replayed,38.0
38.0,0.0,1,1,82.98267,73,Replayed,38.0
-5.0,1.0,1,0,58.520813,73,Replayed,5.0
-9.0,-1.0,-1,1,57.069294,73,Replayed,9.0
-9.0,0.0,-1,1,62.03675,73,Replayed,9.0
5.0,-1.0,1,1,57.276024,73,Replayed,5.0
9.0,0.0,1,1,64.63989,73,Replayed,9.0
1.0,1.0,-1,0,57.864857,73,Replayed,1.0
-3.0,0.0,-1,1,56.295067,73,Replayed,3.0
-5.0,1.0,1,0,58.440434,73,Replayed,5.0
-9.0,1.0,1,0,56.4063,73,Replayed,9.0
-1.0,1.0,1,0,59.694923,73,Replayed,1.0
-9.0,-1.0,1,0,47.60462,73,Replayed,9.0
3.0,1.0,-1,0,57.42684,73,Replayed,3.0
1.0,0.0,-1,0,54.05853,73,Replayed,1.0
-1.0,-1.0,-1,1,50.648857,73,Replayed,1.0
-5.0,1.0,-1,1,63.02702,73,Replayed,5.0
38.0,0.0,1,1,82.547035,73,Replayed,38.0
1.0,1.0,-1,0,57.56037,73,Replayed,1.0
9.0,-1.0,-1,0,43.72923,73,Replayed,9.0
-9.0,1.0,1,0,57.19443,73,Replayed,9.0
-1.0,0.0,1,0,55.989414,73,Replayed,1.0
-1.0,1.0,-1,1,60.04042,73,Replayed,1.0
9.0,1.0,1,1,69.430786,73,Replayed,9.0
-38.0,-1.0,-1,1,75.240395,73,Replayed,38.0
-3.0,-1.0,-1,1,51.69077,73,Replayed,3.0
-38.0,-1.0,-1,1,76.171196,73,Replayed,38.0
9.0,1.0,1,1,68.649826,73,Replayed,9.0
-9.0,-1.0,1,0,46.219856,73,Replayed,9.0
9.0,0.0,1,1,63.50038,73,Replayed,9.0
-3.0,1.0,-1,1,61.260265,73,Replayed,3.0
3.0,-1.0,1,1,54.40725,73,Replayed,3.0
-1.0,0.0,-1,1,54.172497,73,Replayed,1.0
-9.0,1.0,-1,1,66.4158,73,Replayed,9.0
-3.0,0.0,-1,1,57.121677,73,Replayed,3.0
-38.0,0.0,-1,1,81.3932,73,Replayed,38.0
-38.0,1.0,-1,1,86.12367,73,Replayed,38.0
-1.0,-1.0,1,0,52.05121,73,Replayed,1.0
5.0,1.0,1,1,64.77098,73,Replayed,5.0
3.0,-1.0,-1,0,48.887337,73,Replayed,3.0
5.0,-1.0,1,1,56.97931,73,Replayed,5.0
-38.0,-1.0,-1,1,75.83541,73,Replayed,38.0
-5.0,0.0,1,0,53.984177,73,Replayed,5.0
9.0,-1.0,1,1,58.87595,73,Replayed,9.0
9.0,1.0,1,1,68.17964,73,Replayed,9.0
-5.0,-1.0,-1,1,53.240955,73,Replayed,5.0
38.0,1.0,1,1,87.12689,73,Replayed,38.0
-5.0,1.0,1,0,59.068333,73,Replayed,5.0
-38.0,-1.0,-1,1,75.77459,73,Replayed,38.0
-5.0,0.0,1,0,54.453396,73,Replayed,5.0
38.0,-1.0,1,1,77.16233,73,Replayed,38.0
-38.0,-1.0,-1,1,75.57154,73,Replayed,38.0
-1.0,0.0,1,0,56.11121,73,Replayed,1.0
38.0,-1.0,1,1,78.319565,73,Replayed,38.0
5.0,0.0,1,1,61.287735,73,Replayed,5.0
-5.0,-1.0,-1,1,53.170948,73,Replayed,5.0
38.0,-1.0,1,1,78.247215,73,Replayed,38.0
-1.0,0.0,1,0,56.040012,73,Replayed,1.0
9.0,0.0,1,1,64.00526,73,Replayed,9.0
38.0,1.0,1,1,86.55108,73,Replayed,38.0
-3.0,0.0,1,0,55.68375,73,Replayed,3.0
1.0,-1.0,1,1,53.94513,73,Replayed,1.0
1.0,0.0,-1,0,53.821735,73,Replayed,1.0
3.0,0.0,-1,0,52.837116,73,Replayed,3.0
-1.0,-1.0,-1,1,50.61388,73,Replayed,1.0
-5.0,-1.0,1,0,49.779625,73,Replayed,5.0
1.0,1.0,-1,0,57.79639,73,Replayed,1.0
5.0,-1.0,-1,0,46.494015,73,Replayed,5.0
-9.0,0.0,-1,1,61.35482,73,Replayed,9.0
38.0,1.0,1,1,85.68564,73,Replayed,38.0
5.0,0.0,-1,0,51.844986,73,Replayed,5.0
9.0,1.0,-1,0,52.929073,73,Replayed,9.0
-9.0,0.0,1,0,51.346733,73,Replayed,9.0
9.0,0.0,1,1,64.154495,73,Replayed,9.0
-9.0,1.0,-1,1,66.56714,73,Replayed,9.0
9.0,0.0,-1,0,49.226875,73,Replayed,9.0
-3.0,0.0,-1,1,56.21149,73,Replayed,3.0
9.0,0.0,-1,0,49.330624,73,Replayed,9.0
-5.0,0.0,-1,1,57.950825,73,Replayed,5.0
3.0,0.0,1,1,59.590687,73,Replayed,3.0
5.0,1.0,1,1,65.78085,73,Replayed,5.0
-1.0,-1.0,-1,1,51.449715,73,Replayed,1.0
-1.0,0.0,1,0,55.77666,73,Replayed,1.0
-9.0,0.0,1,0,52.26163,73,Replayed,9.0
-1.0,-1.0,1,0,51.620083,73,Replayed,1.0
1.0,0.0,1,1,57.872303,73,Replayed,1.0
-3.0,0.0,1,0,54.878384,73,Replayed,3.0
9.0,-1.0,1,1,58.79662,73,Replayed,9.0
-9.0,1.0,1,0,57.11598,73,Replayed,9.0
5.0,1.0,1,1,57.660275,74,Replayed,5.0
-1.0,-1.0,1,0,48.06536,74,Replayed,1.0
-1.0,1.0,-1,1,51.08867,74,Replayed,1.0
-1.0,1.0,1,0,51.776344,74,Replayed,1.0
-5.0,1.0,1,0,49.681385,74,Replayed,5.0
-38.0,0.0,-1,1,76.64541,74,Replayed,38.0
9.0,1.0,1,1,61.60978,74,Replayed,9.0
38.0,1.0,1,1,83.68073,74,Replayed,38.0
9.0,0.0,1,1,58.095276,74,Replayed,9.0
-9.0,0.0,-1,1,54.82881,74,Replayed,9.0
1.0,-1.0,1,1,48.719524,74,Replayed,1.0
-38.0,-1.0,-1,1,69.937996,74,Replayed,38.0
9.0,-1.0,1,1,54.925793,74,Replayed,9.0
1.0,0.0,-1,0,48.522457,74,Replayed,1.0
1.0,1.0,1,1,54.34481,74,Replayed,1.0
1.0,1.0,-1,0,50.801826,74,Replayed,1.0
-38.0,0.0,-1,1,77.56187,74,Replayed,38.0
-9.0,0.0,-1,1,55.920444,74,Replayed,9.0
-5.0,0.0,-1,1,51.568264,74,Replayed,5.0
1.0,0.0,-1,0,47.37509,74,Replayed,1.0
-38.0,1.0,-1,1,82.37087,74,Replayed,38.0
-1.0,1.0,1,0,53.22232,74,Replayed,1.0
-3.0,0.0,-1,1,51.092594,74,Replayed,3.0
5.0,0.0,1,1,55.893814,74,Replayed,5.0
38.0,0.0,1,1,78.135155,74,Replayed,38.0
3.0,-1.0,-1,0,43.71919,74,Replayed,3.0
-5.0,0.0,-1,1,52.547962,74,Replayed,5.0
-3.0,1.0,-1,1,53.1531,74,Replayed,3.0
-3.0,0.0,-1,1,51.973133,74,Replayed,3.0
-3.0,-1.0,1,0,45.825035,74,Replayed,3.0
-9.0,-1.0,-1,1,52.242435,74,Replayed,9.0
1.0,1.0,-1,0,50.77396,74,Replayed,1.0
-9.0,-1.0,-1,1,51.84752,74,Replayed,9.0
1.0,0.0,1,1,51.47207,74,Replayed,1.0
5.0,-1.0,1,1,51.74656,74,Replayed,5.0
9.0,1.0,1,1,61.82996,74,Replayed,9.0
-3.0,1.0,1,0,50.700455,74,Replayed,3.0
-5.0,0.0,-1,1,52.894066,74,Replayed,5.0
-3.0,-1.0,-1,1,48.959446,74,Replayed,3.0
3.0,1.0,1,1,55.461166,74,Replayed,3.0
38.0,1.0,1,1,84.34141,74,Replayed,38.0
5.0,0.0,1,1,54.009186,74,Replayed,5.0
-3.0,1.0,-1,1,53.83376,74,Replayed,3.0
-3.0,0.0,-1,1,50.77754,74,Replayed,3.0
-5.0,0.0,-1,1,53.3821,74,Replayed,5.0
-3.0,-1.0,-1,1,49.117344,74,Replayed,3.0
3.0,-1.0,-1,0,43.07806,74,Replayed,3.0
38.0,1.0,1,1,84.20297,74,Replayed,38.0
-38.0,1.0,-1,1,82.577774,74,Replayed,38.0
-5.0,1.0,-1,1,55.570896,74,Replayed,5.0
9.0,-1.0,1,1,54.3027,74,Replayed,9.0
1.0,0.0,1,1,50.988083,74,Replayed,1.0
38.0,0.0,1,1,78.18333,74,Replayed,38.0
9.0,1.0,1,1,61.54163,74,Replayed,9.0
38.0,1.0,1,1,83.216,74,Replayed,38.0
9.0,0.0,1,1,58.313023,74,Replayed,9.0
-3.0,-1.0,1,0,46.073612,74,Replayed,3.0
5.0,0.0,1,1,56.543762,74,Replayed,5.0
5.0,-1.0,-1,0,41.25532,74,Replayed,5.0
38.0,-1.0,1,1,71.44706,74,Replayed,38.0
9.0,-1.0,1,1,54.948658,74,Replayed,9.0
38.0,-1.0,1,1,71.69865,74,Replayed,38.0
-38.0,0.0,-1,1,76.672264,74,Replayed,38.0
-9.0,-1.0,-1,1,52.531425,74,Replayed,9.0
3.0,1.0,1,1,55.2911,74,Replayed,3.0
1.0,-1.0,1,1,50.654644,74,Replayed,1.0
9.0,0.0,1,1,58.849762,74,Replayed,9.0
3.0,-1.0,1,1,50.385845,74,Replayed,3.0
1.0,1.0,1,1,53.970455,74,Replayed,1.0
5.0,-1.0,1,1,51.569057,74,Replayed,5.0
-9.0,-1.0,-1,1,53.104053,74,Replayed,9.0
9.0,1.0,1,1,61.469574,74,Replayed,9.0
3.0,0.0,1,1,52.72134,74,Replayed,3.0
-1.0,0.0,1,0,50.91262,74,Replayed,1.0
-3.0,1.0,-1,1,53.945827,74,Replayed,3.0
38.0,1.0,1,1,83.54036,74,Replayed,38.0
-38.0,0.0,-1,1,77.03679,74,Replayed,38.0
5.0,0.0,1,1,55.051487,74,Replayed,5.0
-5.0,1.0,-1,1,55.001404,74,Replayed,5.0
-1.0,-1.0,1,0,47.49256,74,Replayed,1.0
-3.0,0.0,-1,1,50.79428,74,Replayed,3.0
-9.0,-1.0,-1,1,51.915367,74,Replayed,9.0
-38.0,1.0,-1,1,82.2734,74,Replayed,38.0
-9.0,1.0,-1,1,58.70714,74,Replayed,9.0
-5.0,0.0,-1,1,51.673943,74,Replayed,5.0
-9.0,1.0,-1,1,59.80262,74,Replayed,9.0
-3.0,-1.0,1,0,46.031483,74,Replayed,3.0
-5.0,-1.0,-1,1,51.655907,74,Replayed,5.0
-1.0,0.0,1,0,50.452076,74,Replayed,1.0
-9.0,1.0,-1,1,58.895145,74,Replayed,9.0
-3.0,0.0,-1,1,52.419632,74,Replayed,3.0
-3.0,0.0,1,0,47.531696,74,Replayed,3.0
-3.0,-1.0,1,0,46.65019,74,Replayed,3.0
38.0,-1.0,1,1,71.42183,74,Replayed,38.0
5.0,1.0,1,1,57.496525,74,Replayed,5.0
-38.0,-1.0,-1,1,69.19927,74,Replayed,38.0
-1.0,0.0,-1,1,48.459618,74,Replayed,1.0
-5.0,1.0,-1,1,56.6364,74,Replayed,5.0
3.0,1.0,-1,0,49.544735,74,Replayed,3.0
3.0,-1.0,1,1,50.60655,74,Replayed,3.0
9.0,0.0,1,1,57.815613,74,Replayed,9.0
-9.0,-1.0,-1,1,53.46797,74,Replayed,9.0
-1.0,-1.0,-1,1,47.82594,74,Replayed,1.0
-9.0,1.0,-1,1,59.806835,74,Replayed,9.0
-5.0,-1.0,-1,1,50.42547,74,Replayed,5.0
1.0,0.0,1,1,51.573708,74,Replayed,1.0
3.0,0.0,1,1,53.92278,74,Replayed,3.0
9.0,1.0,1,1,61.055504,74,Replayed,9.0
38.0,-1.0,1,1,71.958336,74,Replayed,38.0
1.0,1.0,1,1,53.064274,74,Replayed,1.0
-1.0,0.0,1,0,48.46252,74,Replayed,1.0
3.0,0.0,1,1,53.40133,74,Replayed,3.0
-9.0,0.0,-1,1,56.02207,74,Replayed,9.0
-3.0,-1.0,-1,1,47.914303,74,Replayed,3.0
-5.0,0.0,1,0,46.2804,74,Replayed,5.0
-9.0,1.0,-1,1,58.868576,74,Replayed,9.0
1.0,-1.0,-1,0,45.300293,74,Replayed,1.0
-38.0,0.0,-1,1,77.06894,74,Replayed,38.0
1.0,-1.0,1,1,48.533154,74,Replayed,1.0
5.0,0.0,1,1,56.17448,74,Replayed,5.0
-1.0,1.0,1,0,52.4244,74,Replayed,1.0
-3.0,1.0,-1,1,52.575123,74,Replayed,3.0
1.0,0.0,1,1,51.163418,74,Replayed,1.0
5.0,1.0,1,1,57.881386,74,Replayed,5.0
38.0,-1.0,1,1,72.1272,74,Replayed,38.0
1.0,0.0,1,1,52.589153,74,Replayed,1.0
-38.0,1.0,-1,1,83.05983,74,Replayed,38.0
1.0,0.0,1,1,51.868332,74,Replayed,1.0
5.0,-1.0,1,1,52.76118,74,Replayed,5.0
1.0,-1.0,1,1,49.72573,74,Replayed,1.0
-3.0,1.0,-1,1,53.70109,74,Replayed,3.0
5.0,1.0,1,1,59.216995,74,Replayed,5.0
1.0,1.0,1,1,54.194492,74,Replayed,1.0
-38.0,0.0,-1,1,77.2172,74,Replayed,38.0
-38.0,0.0,-1,1,76.661476,74,Replayed,38.0
-9.0,-1.0,-1,1,52.31449,74,Replayed,9.0
38.0,-1.0,1,1,71.97259,74,Replayed,38.0
-38.0,1.0,-1,1,83.63051,74,Replayed,38.0
-3.0,-1.0,1,0,45.738373,74,Replayed,3.0
3.0,1.0,1,1,56.024803,74,Replayed,3.0
3.0,-1.0,1,1,50.33903,74,Replayed,3.0
38.0,0.0,1,1,78.77474,74,Replayed,38.0
-1.0,1.0,-1,1,51.583607,74,Replayed,1.0
-38.0,1.0,-1,1,83.182724,74,Replayed,38.0
1.0,-1.0,1,1,49.53961,74,Replayed,1.0
5.0,1.0,1,1,57.090992,74,Replayed,5.0
-1.0,-1.0,1,0,47.532455,74,Replayed,1.0
-9.0,0.0,-1,1,55.995605,74,Replayed,9.0
-1.0,-1.0,1,0,48.053856,74,Replayed,1.0
9.0,-1.0,1,1,54.018818,74,Replayed,9.0
-5.0,-1.0,-1,1,50.059944,74,Replayed,5.0
3.0,0.0,1,1,52.882133,74,Replayed,3.0
-38.0,-1.0,-1,1,69.55953,74,Replayed,38.0
9.0,-1.0,1,1,54.77139,74,Replayed,9.0
-5.0,1.0,-1,1,56.794506,74,Replayed,5.0
-9.0,0.0,-1,1,55.44331,74,Replayed,9.0
-38.0,1.0,-1,1,83.2556,74,Replayed,38.0
-9.0,1.0,-1,1,59.192055,74,Replayed,9.0
9.0,-1.0,1,1,54.353184,74,Replayed,9.0
-9.0,1.0,-1,1,59.246,74,Replayed,9.0
5.0,0.0,1,1,55.762535,74,Replayed,5.0
-1.0,0.0,-1,1,49.197964,74,Replayed,1.0
38.0,-1.0,1,1,72.09731,74,Replayed,38.0
3.0,1.0,1,1,56.678505,74,Replayed,3.0
9.0,-1.0,1,1,54.775406,74,Replayed,9.0
38.0,0.0,1,1,78.823746,74,Replayed,38.0
3.0,1.0,1,1,56.110962,74,Replayed,3.0
9.0,1.0,1,1,61.91614,74,Replayed,9.0
-9.0,0.0,-1,1,56.02833,74,Replayed,9.0
1.0,1.0,1,1,53.53951,74,Replayed,1.0
3.0,0.0,-1,0,46.571217,74,Replayed,3.0
38.0,0.0,1,1,79.1619,74,Replayed,38.0
3.0,-1.0,1,1,50.585228,74,Replayed,3.0
9.0,0.0,1,1,58.23301,74,Replayed,9.0
-9.0,0.0,-1,1,55.60426,74,Replayed,9.0
-1.0,-1.0,1,0,48.23806,74,Replayed,1.0
-38.0,-1.0,-1,1,70.3714,74,Replayed,38.0
9.0,1.0,1,1,61.45734,74,Replayed,9.0
-38.0,-1.0,-1,1,70.35148,74,Replayed,38.0
-1.0,1.0,1,0,53.667946,74,Replayed,1.0
-5.0,-1.0,-1,1,50.263016,74,Replayed,5.0
5.0,-1.0,1,1,50.102764,74,Replayed,5.0
9.0,0.0,1,1,57.495087,74,Replayed,9.0
-3.0,0.0,-1,1,50.801926,74,Replayed,3.0
-38.0,-1.0,-1,1,68.854614,74,Replayed,38.0
3.0,-1.0,1,1,50.60714,74,Replayed,3.0
-5.0,0.0,1,0,47.173252,74,Replayed,5.0
5.0,1.0,1,1,58.335613,74,Replayed,5.0
-5.0,1.0,1,0,48.982113,74,Replayed,5.0
1.0,-1.0,1,1,49.071373,74,Replayed,1.0
-9.0,1.0,-1,1,59.322758,74,Replayed,9.0
1.0,-1.0,-1,0,45.48469,74,Replayed,1.0
-9.0,0.0,-1,1,56.091625,74,Replayed,9.0
38.0,0.0,1,1,78.11598,74,Replayed,38.0
3.0,0.0,1,1,53.078537,74,Replayed,3.0
-5.0,-1.0,-1,1,49.967793,74,Replayed,5.0
5.0,-1.0,1,1,52.21119,74,Replayed,5.0
38.0,0.0,1,1,78.43703,74,Replayed,38.0
3.0,-1.0,1,1,50.965946,74,Replayed,3.0
-5.0,1.0,-1,1,55.02509,74,Replayed,5.0
-1.0,1.0,1,0,52.169006,74,Replayed,1.0
9.0,0.0,1,1,59.21793,74,Replayed,9.0
-38.0,-1.0,-1,1,70.24278,74,Replayed,38.0
38.0,1.0,1,1,84.68535,74,Replayed,38.0
5.0,-1.0,1,1,51.617844,74,Replayed,5.0
-3.0,0.0,-1,1,51.026283,74,Replayed,3.0
-9.0,-1.0,-1,1,52.497326,74,Replayed,9.0
38.0,1.0,1,1,84.71737,74,Replayed,38.0
5.0,1.0,-1,0,46.988735,74,Replayed,5.0
9.0,-1.0,1,1,54.769768,74,Replayed,9.0
5.0,0.0,1,1,55.791084,74,Replayed,5.0
5.0,1.0,1,1,57.794876,74,Replayed,5.0
-1.0,0.0,1,0,50.460667,74,Replayed,1.0
3.0,1.0,1,1,55.971764,74,Replayed,3.0
-1.0,-1.0,1,0,48.580696,74,Replayed,1.0
9.0,0.0,1,1,57.747543,74,Replayed,9.0
3.0,0.0,1,1,53.400963,74,Replayed,3.0
-1.0,0.0,1,0,49.338566,74,Replayed,1.0
38.0,-1.0,1,1,71.1407,74,Replayed,38.0
-5.0,-1.0,-1,1,50.033123,74,Replayed,5.0
-1.0,0.0,1,0,50.404312,74,Replayed,1.0
5.0,0.0,1,1,55.13896,74,Replayed,5.0
-3.0,1.0,-1,1,53.77473,74,Replayed,3.0
-38.0,1.0,-1,1,82.75426,74,Replayed,38.0
3.0,1.0,1,1,56.11565,74,Replayed,3.0
38.0,1.0,1,1,83.95077,74,Replayed,38.0
-5.0,0.0,1,0,47.11529,74,Replayed,5.0
-38.0,0.0,-1,1,76.97652,74,Replayed,38.0
-38.0,-1.0,-1,1,69.69347,74,Replayed,38.0
9.0,1.0,1,1,60.800285,74,Replayed,9.0
1.0,1.0,-1,0,50.527008,74,Replayed,1.0
3.0,0.0,1,1,53.05573,74,Replayed,3.0
-1.0,-1.0,-1,1,46.70716,74,Replayed,1.0
-3.0,1.0,-1,1,54.222267,74,Replayed,3.0
-5.0,1.0,-1,1,56.1041,74,Replayed,5.0
-5.0,-1.0,-1,1,50.90452,74,Replayed,5.0
-5.0,-1.0,-1,1,50.35551,74,Replayed,5.0
-1.0,1.0,1,0,51.9532,74,Replayed,1.0
38.0,0.0,1,1,78.831825,74,Replayed,38.0
5.0,-1.0,1,1,51.869656,74,Replayed,5.0
38.0,-1.0,1,1,95.77592,75,Replayed,38.0
-3.0,0.0,1,0,54.928917,75,Replayed,3.0
-1.0,0.0,-1,1,64.82922,75,Replayed,1.0
3.0,0.0,-1,0,59.161842,75,Replayed,3.0
1.0,-1.0,-1,0,59.70661,75,Replayed,1.0
-38.0,1.0,-1,1,96.040695,75,Replayed,38.0
-9.0,1.0,-1,1,82.277084,75,Replayed,9.0
1.0,1.0,1,1,63.093834,75,Replayed,1.0
38.0,-1.0,1,1,95.87333,75,Replayed,38.0
-5.0,-1.0,-1,1,70.50709,75,Replayed,5.0
3.0,1.0,1,1,67.6174,75,Replayed,3.0
-3.0,1.0,1,0,56.915802,75,Replayed,3.0
1.0,-1.0,1,1,59.519886,75,Replayed,1.0
1.0,-1.0,-1,0,59.37435,75,Replayed,1.0
-5.0,0.0,-1,1,74.040245,75,Replayed,5.0
-5.0,1.0,-1,1,76.224365,75,Replayed,5.0
-1.0,1.0,-1,1,66.53097,75,Replayed,1.0
-38.0,0.0,-1,1,95.81946,75,Replayed,38.0
5.0,0.0,1,1,70.78009,75,Replayed,5.0
38.0,0.0,1,1,96.225746,75,Replayed,38.0
3.0,0.0,-1,0,59.428383,75,Replayed,3.0
9.0,0.0,1,1,76.75096,75,Replayed,9.0
3.0,0.0,1,1,66.5396,75,Replayed,3.0
9.0,-1.0,1,1,75.40974,75,Replayed,9.0
-9.0,0.0,-1,1,80.39386,75,Replayed,9.0
3.0,1.0,1,1,68.07329,75,Replayed,3.0
-3.0,0.0,1,0,55.586357,75,Replayed,3.0
-9.0,-1.0,1,0,42.071934,75,Replayed,9.0
-1.0,1.0,1,0,59.991688,75,Replayed,1.0
3.0,1.0,-1,0,61.123306,75,Replayed,3.0
-5.0,-1.0,-1,1,71.52484,75,Replayed,5.0
-9.0,1.0,-1,1,82.32949,75,Replayed,9.0
9.0,0.0,1,1,78.1658,75,Replayed,9.0
9.0,1.0,1,1,80.556725,75,Replayed,9.0
-9.0,0.0,-1,1,80.90648,75,Replayed,9.0
-38.0,1.0,-1,1,96.43667,75,Replayed,38.0
-38.0,0.0,-1,1,96.34722,75,Replayed,38.0
-3.0,1.0,-1,1,72.28793,75,Replayed,3.0
38.0,1.0,1,1,96.69716,75,Replayed,38.0
38.0,1.0,1,1,96.16134,75,Replayed,38.0
3.0,1.0,1,1,67.78795,75,Replayed,3.0
1.0,-1.0,1,1,58.16681,75,Replayed,1.0
-3.0,-1.0,1,0,51.18435,75,Replayed,3.0
-3.0,-1.0,1,0,51.299442,75,Replayed,3.0
-9.0,0.0,-1,1,81.39227,75,Replayed,9.0
9.0,-1.0,1,1,76.552734,75,Replayed,9.0
-1.0,0.0,-1,1,64.87211,75,Replayed,1.0
5.0,-1.0,1,1,68.24794,75,Replayed,5.0
-3.0,1.0,-1,1,71.8203,75,Replayed,3.0
-3.0,-1.0,1,0,53.140854,75,Replayed,3.0
-5.0,0.0,-1,1,74.34786,75,Replayed,5.0
-1.0,1.0,1,0,59.29529,75,Replayed,1.0
-9.0,0.0,-1,1,81.33394,75,Replayed,9.0
9.0,1.0,1,1,80.184875,75,Replayed,9.0
-5.0,-1.0,-1,1,70.24238,75,Replayed,5.0
-1.0,-1.0,1,0,55.920387,75,Replayed,1.0
-1.0,1.0,-1,1,67.5801,75,Replayed,1.0
38.0,0.0,1,1,96.7282,75,Replayed,38.0
-9.0,-1.0,-1,1,78.3518,75,Replayed,9.0
-38.0,0.0,-1,1,96.48412,75,Replayed,38.0
-9.0,-1.0,1,0,42.279797,75,Replayed,9.0
1.0,0.0,-1,0,62.55759,75,Replayed,1.0
1.0,1.0,-1,0,62.943054,75,Replayed,1.0
-5.0,1.0,-1,1,75.36874,75,Replayed,5.0
5.0,-1.0,1,1,68.2085,75,Replayed,5.0
1.0,1.0,1,1,63.64796,75,Replayed,1.0
38.0,0.0,1,1,95.79976,75,Replayed,38.0
1.0,0.0,-1,0,60.505157,75,Replayed,1.0
-1.0,-1.0,1,0,55.417652,75,Replayed,1.0
9.0,0.0,-1,0,50.34687,75,Replayed,9.0
-5.0,-1.0,1,0,47.73768,75,Replayed,5.0
38.0,0.0,1,1,96.077095,75,Replayed,38.0
-3.0,0.0,-1,1,69.55631,75,Replayed,3.0
1.0,1.0,1,1,62.74378,75,Replayed,1.0
-3.0,0.0,-1,1,70.5708,75,Replayed,3.0
38.0,0.0,1,1,96.19107,75,Replayed,38.0
3.0,1.0,1,1,68.47826,75,Replayed,3.0
5.0,-1.0,1,1,67.801926,75,Replayed,5.0
38.0,1.0,1,1,96.42595,75,Replayed,38.0
-9.0,-1.0,-1,1,80.137405,75,Replayed,9.0
-9.0,-1.0,1,0,42.187817,75,Replayed,9.0
1.0,-1.0,-1,0,59.98604,75,Replayed,1.0
3.0,-1.0,1,1,62.715294,75,Replayed,3.0
-1.0,1.0,1,0,60.434605,75,Replayed,1.0
3.0,-1.0,-1,0,57.009167,75,Replayed,3.0
5.0,-1.0,-1,0,54.353245,75,Replayed,5.0
-9.0,1.0,-1,1,83.121284,75,Replayed,9.0
-9.0,0.0,-1,1,80.587234,75,Replayed,9.0
3.0,0.0,-1,0,58.968746,75,Replayed,3.0
9.0,0.0,1,1,77.84505,75,Replayed,9.0
5.0,0.0,-1,0,56.287663,75,Replayed,5.0
-3.0,-1.0,-1,1,67.35762,75,Replayed,3.0
3.0,0.0,-1,0,57.849144,75,Replayed,3.0
1.0,-1.0,-1,0,59.05448,75,Replayed,1.0
3.0,-1.0,1,1,62.469704,75,Replayed,3.0
5.0,1.0,1,1,73.103264,75,Replayed,5.0
5.0,0.0,-1,0,54.9286,75,Replayed,5.0
9.0,1.0,1,1,80.15188,75,Replayed,9.0
-1.0,-1.0,-1,1,62.78004,75,Replayed,1.0
-5.0,-1.0,-1,1,71.11794,75,Replayed,5.0
-1.0,0.0,-1,1,64.71458,75,Replayed,1.0
-9.0,0.0,-1,1,81.74333,75,Replayed,9.0
-1.0,0.0,-1,1,65.48823,75,Replayed,1.0
5.0,1.0,-1,0,59.178944,75,Replayed,5.0
-5.0,-1.0,-1,1,71.732,75,Replayed,5.0
38.0,1.0,1,1,95.74524,75,Replayed,38.0
-9.0,-1.0,-1,1,79.248055,75,Replayed,9.0
-5.0,1.0,-1,1,76.22341,75,Replayed,5.0
-9.0,1.0,-1,1,83.0076,75,Replayed,9.0
9.0,1.0,1,1,79.06567,75,Replayed,9.0
1.0,0.0,-1,0,62.040756,75,Replayed,1.0
-38.0,0.0,-1,1,96.17643,75,Replayed,38.0
9.0,-1.0,1,1,76.08437,75,Replayed,9.0
1.0,1.0,1,1,63.993824,75,Replayed,1.0
-38.0,1.0,1,0,17.323471,75,Replayed,38.0
3.0,0.0,1,1,66.19087,75,Replayed,3.0
9.0,-1.0,1,1,75.6627,75,Replayed,9.0
-38.0,-1.0,-1,1,96.15676,75,Replayed,38.0
5.0,-1.0,1,1,68.299904,75,Replayed,5.0
38.0,0.0,1,1,96.11053,75,Replayed,38.0
-3.0,-1.0,-1,1,68.06015,75,Replayed,3.0
-3.0,0.0,1,0,55.333286,75,Replayed,3.0
9.0,1.0,1,1,79.622665,75,Replayed,9.0
1.0,0.0,-1,0,62.653183,75,Replayed,1.0
-5.0,1.0,-1,1,75.91028,75,Replayed,5.0
3.0,-1.0,1,1,62.993687,75,Replayed,3.0
-1.0,-1.0,-1,1,63.350956,75,Replayed,1.0
-5.0,0.0,-1,1,73.35501,75,Replayed,5.0
5.0,0.0,1,1,70.0193,75,Replayed,5.0
-38.0,0.0,-1,1,96.55436,75,Replayed,38.0
-5.0,0.0,-1,1,73.99004,75,Replayed,5.0
-5.0,-1.0,1,0,49.6599,75,Replayed,5.0
-3.0,1.0,-1,1,71.43995,75,Replayed,3.0
-38.0,1.0,1,0,16.998596,75,Replayed,38.0
38.0,1.0,1,1,96.01833,75,Replayed,38.0
-38.0,-1.0,-1,1,95.81778,75,Replayed,38.0
1.0,0.0,-1,0,62.142296,75,Replayed,1.0
-1.0,-1.0,1,0,55.099644,75,Replayed,1.0
-38.0,0.0,-1,1,95.77728,75,Replayed,38.0
3.0,-1.0,1,1,63.38302,75,Replayed,3.0
9.0,0.0,1,1,78.25989,75,Replayed,9.0
-1.0,-1.0,1,0,56.535374,75,Replayed,1.0
-5.0,0.0,1,0,52.663536,75,Replayed,5.0
-38.0,-1.0,-1,1,96.099525,75,Replayed,38.0
9.0,0.0,1,1,77.95077,75,Replayed,9.0
-3.0,1.0,-1,1,71.378365,75,Replayed,3.0
9.0,-1.0,1,1,76.329956,75,Replayed,9.0
-5.0,-1.0,-1,1,71.43902,75,Replayed,5.0
-9.0,1.0,-1,1,82.4282,75,Replayed,9.0
-9.0,1.0,-1,1,82.66927,75,Replayed,9.0
-38.0,1.0,-1,1,96.34657,75,Replayed,38.0
5.0,1.0,-1,0,58.31697,75,Replayed,5.0
38.0,1.0,1,1,96.10321,75,Replayed,38.0
-1.0,0.0,-1,1,65.58225,75,Replayed,1.0
3.0,-1.0,-1,0,56.19757,75,Replayed,3.0
1.0,-1.0,-1,0,59.32849,75,Replayed,1.0
-3.0,-1.0,-1,1,67.04097,75,Replayed,3.0
38.0,-1.0,1,1,95.983475,75,Replayed,38.0
-5.0,0.0,1,0,51.82586,75,Replayed,5.0
-38.0,-1.0,-1,1,95.80943,75,Replayed,38.0
-38.0,0.0,-1,1,96.452415,75,Replayed,38.0
-9.0,-1.0,-1,1,78.96752,75,Replayed,9.0
-38.0,-1.0,-1,1,95.618805,75,Replayed,38.0
-5.0,1.0,-1,1,76.30464,75,Replayed,5.0
-3.0,-1.0,-1,1,68.00105,75,Replayed,3.0
5.0,-1.0,1,1,67.86743,75,Replayed,5.0
1.0,1.0,-1,0,65.68883,75,Replayed,1.0
1.0,1.0,1,1,63.25556,75,Replayed,1.0
-1.0,0.0,-1,1,65.301956,75,Replayed,1.0
-38.0,-1.0,-1,1,96.08773,75,Replayed,38.0
-1.0,1.0,-1,1,67.42681,75,Replayed,1.0
-5.0,0.0,-1,1,73.86166,75,Replayed,5.0
9.0,1.0,1,1,80.111595,75,Replayed,9.0
-38.0,0.0,-1,1,96.47605,75,Replayed,38.0
9.0,-1.0,1,1,75.23691,75,Replayed,9.0
-1.0,0.0,1,0,57.56444,75,Replayed,1.0
5.0,1.0,-1,0,59.919483,75,Replayed,5.0
5.0,-1.0,1,1,67.770325,75,Replayed,5.0
38.0,1.0,1,1,96.36641,75,Replayed,38.0
-5.0,1.0,-1,1,76.30923,75,Replayed,5.0
1.0,1.0,-1,0,63.717033,75,Replayed,1.0
-3.0,1.0,-1,1,71.19271,75,Replayed,3.0
-38.0,-1.0,-1,1,96.173004,75,Replayed,38.0
38.0,0.0,1,1,95.53746,75,Replayed,38.0
9.0,-1.0,1,1,76.27072,75,Replayed,9.0
5.0,1.0,1,1,72.31582,75,Replayed,5.0
38.0,-1.0,1,1,95.70436,75,Replayed,38.0
-9.0,-1.0,-1,1,79.6352,75,Replayed,9.0
3.0,0.0,1,1,65.72167,75,Replayed,3.0
-38.0,1.0,-1,1,96.166374,75,Replayed,38.0
38.0,-1.0,1,1,95.87738,75,Replayed,38.0
3.0,-1.0,-1,0,56.640232,75,Replayed,3.0
-9.0,1.0,-1,1,82.63581,75,Replayed,9.0
5.0,0.0,1,1,70.21186,75,Replayed,5.0
-3.0,1.0,-1,1,72.38641,75,Replayed,3.0
1.0,0.0,-1,0,61.848595,75,Replayed,1.0
3.0,1.0,1,1,68.42141,75,Replayed,3.0
3.0,0.0,1,1,65.58052,75,Replayed,3.0
1.0,-1.0,1,1,59.87954,75,Replayed,1.0
-38.0,-1.0,1,0,11.005945,75,Replayed,38.0
5.0,0.0,1,1,70.13182,75,Replayed,5.0
-38.0,1.0,-1,1,96.47776,75,Replayed,38.0
3.0,1.0,1,1,67.54042,75,Replayed,3.0
9.0,0.0,1,1,77.93158,75,Replayed,9.0
38.0,1.0,1,1,95.98172,75,Replayed,38.0
-3.0,0.0,1,0,54.387867,75,Replayed,3.0
-1.0,-1.0,-1,1,63.53337,75,Replayed,1.0
38.0,0.0,1,1,96.23861,75,Replayed,38.0
-1.0,1.0,1,0,59.479187,75,Replayed,1.0
-3.0,1.0,-1,1,71.28022,75,Replayed,3.0
-9.0,0.0,-1,1,80.68348,75,Replayed,9.0
5.0,1.0,-1,0,58.711475,75,Replayed,5.0
9.0,1.0,1,1,80.17025,75,Replayed,9.0
9.0,-1.0,1,1,75.86807,75,Replayed,9.0
1.0,0.0,-1,0,61.63936,75,Replayed,1.0
-5.0,1.0,1,0,53.763527,75,Replayed,5.0
9.0,0.0,-1,0,49.566467,75,Replayed,9.0
-3.0,-1.0,-1,1,66.91514,75,Replayed,3.0
5.0,1.0,-1,0,58.337414,75,Replayed,5.0
5.0,0.0,-1,0,56.123646,75,Replayed,5.0
38.0,-1.0,1,1,95.8061,75,Replayed,38.0
-5.0,0.0,-1,1,72.69584,75,Replayed,5.0
5.0,0.0,1,1,70.29753,75,Replayed,5.0
3.0,-1.0,1,1,63.883545,75,Replayed,3.0
1.0,0.0,-1,0,61.794586,75,Replayed,1.0
38.0,-1.0,1,1,95.76898,75,Replayed,38.0
5.0,1.0,1,1,73.12564,75,Replayed,5.0
38.0,-1.0,1,1,95.81283,75,Replayed,38.0
9.0,1.0,1,1,80.437294,75,Replayed,9.0
-5.0,1.0,-1,1,75.97325,75,Replayed,5.0
-3.0,0.0,1,0,54.155052,75,Replayed,3.0
-38.0,1.0,-1,1,96.77278,75,Replayed,38.0
3.0,1.0,-1,0,61.87406,75,Replayed,3.0
-9.0,1.0,-1,1,82.85709,75,Replayed,9.0
5.0,-1.0,-1,0,53.1174,75,Replayed,5.0
-1.0,0.0,-1,1,64.894264,75,Replayed,1.0
-1.0,-1.0,-1,1,56.139668,76,Replayed,1.0
-38.0,0.0,-1,1,76.007256,76,Replayed,38.0
38.0,1.0,1,1,74.59015,76,Replayed,38.0
3.0,1.0,-1,0,52.247066,76,Replayed,3.0
9.0,1.0,-1,0,48.91711,76,Replayed,9.0
1.0,-1.0,-1,0,55.624123,76,Replayed,1.0
-1.0,0.0,1,0,54.89275,76,Replayed,1.0
38.0,-1.0,1,1,77.33468,76,Replayed,38.0
-38.0,1.0,-1,1,75.5238,76,Replayed,38.0
-9.0,0.0,-1,1,60.159473,76,Replayed,9.0
-5.0,1.0,-1,1,57.109474,76,Replayed,5.0
-5.0,0.0,1,0,51.717323,76,Replayed,5.0
-38.0,-1.0,-1,1,77.32107,76,Replayed,38.0
3.0,1.0,1,1,54.725903,76,Replayed,3.0
-3.0,1.0,-1,1,55.78538,76,Replayed,3.0
-3.0,-1.0,1,0,52.98585,76,Replayed,3.0
9.0,0.0,-1,0,50.33845,76,Replayed,9.0
3.0,0.0,1,1,56.019264,76,Replayed,3.0
5.0,0.0,1,1,58.209324,76,Replayed,5.0
-5.0,-1.0,-1,1,58.448463,76,Replayed,5.0
-38.0,0.0,-1,1,76.668205,76,Replayed,38.0
-5.0,1.0,-1,1,57.664635,76,Replayed,5.0
5.0,1.0,1,1,56.138832,76,Replayed,5.0
-38.0,0.0,-1,1,76.73374,76,Replayed,38.0
-38.0,0.0,-1,1,76.233406,76,Replayed,38.0
1.0,1.0,1,1,54.079224,76,Replayed,1.0
-38.0,0.0,-1,1,76.82588,76,Replayed,38.0
38.0,1.0,-1,0,33.11082,76,Replayed,38.0
38.0,0.0,1,1,76.65931,76,Replayed,38.0
1.0,0.0,1,1,54.920887,76,Replayed,1.0
-9.0,0.0,-1,1,60.53115,76,Replayed,9.0
1.0,0.0,1,1,54.638744,76,Replayed,1.0
5.0,-1.0,-1,0,53.078068,76,Replayed,5.0
-38.0,-1.0,-1,1,77.45187,76,Replayed,38.0
38.0,-1.0,1,1,76.75459,76,Replayed,38.0
38.0,-1.0,1,1,77.39872,76,Replayed,38.0
9.0,0.0,1,1,59.71371,76,Replayed,9.0
3.0,0.0,1,1,56.22976,76,Replayed,3.0
-5.0,0.0,1,0,51.995396,76,Replayed,5.0
-9.0,0.0,1,0,50.33384,76,Replayed,9.0
-3.0,1.0,-1,1,55.929314,76,Replayed,3.0
-3.0,-1.0,1,0,53.231094,76,Replayed,3.0
3.0,-1.0,1,1,56.777447,76,Replayed,3.0
9.0,-1.0,-1,0,51.192707,76,Replayed,9.0
1.0,1.0,-1,0,53.407825,76,Replayed,1.0
3.0,-1.0,-1,0,54.40345,76,Replayed,3.0
-3.0,-1.0,1,0,52.81052,76,Replayed,3.0
-5.0,1.0,1,0,50.33138,76,Replayed,5.0
-5.0,0.0,-1,1,57.216652,76,Replayed,5.0
3.0,0.0,-1,0,53.479736,76,Replayed,3.0
5.0,-1.0,-1,0,53.045757,76,Replayed,5.0
5.0,1.0,-1,0,51.371254,76,Replayed,5.0
1.0,1.0,-1,0,53.360813,76,Replayed,1.0
-5.0,1.0,1,0,50.261013,76,Replayed,5.0
9.0,1.0,-1,0,48.876102,76,Replayed,9.0
-3.0,0.0,1,0,53.490974,76,Replayed,3.0
9.0,1.0,1,1,59.731216,76,Replayed,9.0
5.0,-1.0,-1,0,52.866028,76,Replayed,5.0
9.0,-1.0,1,1,59.866993,76,Replayed,9.0
-1.0,1.0,-1,1,54.199535,76,Replayed,1.0
-9.0,-1.0,1,0,50.03193,76,Replayed,9.0
5.0,1.0,-1,0,51.43417,76,Replayed,5.0
-9.0,0.0,-1,1,59.38819,76,Replayed,9.0
3.0,0.0,-1,0,52.996372,76,Replayed,3.0
-38.0,-1.0,-1,1,77.336624,76,Replayed,38.0
-3.0,-1.0,1,0,53.30779,76,Replayed,3.0
1.0,1.0,-1,0,52.44326,76,Replayed,1.0
-3.0,1.0,-1,1,55.673717,76,Replayed,3.0
-38.0,0.0,1,0,33.343464,76,Replayed,38.0
38.0,1.0,-1,0,32.158794,76,Replayed,38.0
-9.0,0.0,-1,1,61.107315,76,Replayed,9.0
-3.0,0.0,-1,1,58.135574,76,Replayed,3.0
9.0,0.0,1,1,59.60132,76,Replayed,9.0
3.0,0.0,-1,0,53.04702,76,Replayed,3.0
38.0,0.0,1,1,75.90008,76,Replayed,38.0
-3.0,0.0,-1,1,56.862785,76,Replayed,3.0
-38.0,-1.0,1,0,35.83271,76,Replayed,38.0
5.0,0.0,1,1,56.907516,76,Replayed,5.0
-5.0,-1.0,1,0,53.05498,76,Replayed,5.0
-5.0,0.0,1,0,52.20586,76,Replayed,5.0
-3.0,0.0,1,0,52.32262,76,Replayed,3.0
3.0,1.0,1,1,55.352528,76,Replayed,3.0
-38.0,-1.0,-1,1,77.01742,76,Replayed,38.0
-3.0,0.0,-1,1,56.067627,76,Replayed,3.0
-38.0,1.0,-1,1,74.851746,76,Replayed,38.0
5.0,0.0,-1,0,52.104874,76,Replayed,5.0
-9.0,-1.0,-1,1,61.144436,76,Replayed,9.0
5.0,1.0,-1,0,52.03275,76,Replayed,5.0
3.0,0.0,1,1,55.913197,76,Replayed,3.0
9.0,0.0,-1,0,48.414757,76,Replayed,9.0
5.0,1.0,-1,0,51.378452,76,Replayed,5.0
-9.0,1.0,1,0,48.715897,76,Replayed,9.0
-1.0,-1.0,-1,1,55.96621,76,Replayed,1.0
-1.0,0.0,1,0,53.421314,76,Replayed,1.0
-9.0,1.0,1,0,49.330856,76,Replayed,9.0
-5.0,-1.0,-1,1,59.45743,76,Replayed,5.0
38.0,0.0,1,1,75.82433,76,Replayed,38.0
-9.0,-1.0,1,0,50.26703,76,Replayed,9.0
-3.0,0.0,-1,1,57.36007,76,Replayed,3.0
3.0,1.0,-1,0,52.576534,76,Replayed,3.0
9.0,1.0,1,1,58.438366,76,Replayed,9.0
-5.0,-1.0,1,0,52.46178,76,Replayed,5.0
-3.0,1.0,-1,1,55.60543,76,Replayed,3.0
38.0,1.0,1,1,74.93628,76,Replayed,38.0
3.0,-1.0,1,1,56.61952,76,Replayed,3.0
-3.0,1.0,1,0,51.547558,76,Replayed,3.0
-1.0,1.0,-1,1,53.9786,76,Replayed,1.0
1.0,1.0,1,1,54.380505,76,Replayed,1.0
1.0,0.0,-1,0,54.74453,76,Replayed,1.0
1.0,0.0,-1,0,54.422672,76,Replayed,1.0
-1.0,1.0,-1,1,54.492355,76,Replayed,1.0
5.0,-1.0,-1,0,53.363777,76,Replayed,5.0
-3.0,-1.0,1,0,53.51674,76,Replayed,3.0
9.0,-1.0,1,1,62.424816,76,Replayed,9.0
-1.0,0.0,-1,1,55.776672,76,Replayed,1.0
-1.0,1.0,-1,1,55.034912,76,Replayed,1.0
-5.0,1.0,-1,1,57.536144,76,Replayed,5.0
-9.0,1.0,1,0,48.45425,76,Replayed,9.0
-38.0,1.0,-1,1,75.06539,76,Replayed,38.0
-9.0,-1.0,1,0,50.503033,76,Replayed,9.0
-5.0,-1.0,1,0,51.139854,76,Replayed,5.0
3.0,1.0,-1,0,51.570904,76,Replayed,3.0
-5.0,0.0,1,0,51.84861,76,Replayed,5.0
-1.0,-1.0,-1,1,56.7191,76,Replayed,1.0
9.0,1.0,1,1,58.06237,76,Replayed,9.0
38.0,0.0,-1,0,34.25391,76,Replayed,38.0
38.0,-1.0,1,1,76.98904,76,Replayed,38.0
-38.0,-1.0,-1,1,77.88869,76,Replayed,38.0
38.0,0.0,1,1,76.55085,76,Replayed,38.0
9.0,0.0,-1,0,49.943825,76,Replayed,9.0
9.0,1.0,-1,0,49.315353,76,Replayed,9.0
9.0,0.0,1,1,59.89949,76,Replayed,9.0
-9.0,-1.0,1,0,50.543648,76,Replayed,9.0
5.0,1.0,1,1,56.86583,76,Replayed,5.0
-3.0,1.0,1,0,51.653458,76,Replayed,3.0
1.0,1.0,-1,0,52.890385,76,Replayed,1.0
-1.0,1.0,-1,1,55.298275,76,Replayed,1.0
-9.0,1.0,-1,1,58.983494,76,Replayed,9.0
1.0,0.0,1,1,55.587242,76,Replayed,1.0
1.0,1.0,-1,0,53.48484,76,Replayed,1.0
1.0,0.0,1,1,54.926735,76,Replayed,1.0
38.0,-1.0,1,1,77.3673,76,Replayed,38.0
-38.0,1.0,1,0,32.2944,76,Replayed,38.0
38.0,0.0,1,1,76.04471,76,Replayed,38.0
-38.0,1.0,-1,1,75.68343,76,Replayed,38.0
9.0,0.0,1,1,60.629738,76,Replayed,9.0
-1.0,1.0,1,0,52.897377,76,Replayed,1.0
-38.0,1.0,-1,1,75.251656,76,Replayed,38.0
-9.0,-1.0,1,0,49.863792,76,Replayed,9.0
-1.0,-1.0,-1,1,55.486847,76,Replayed,1.0
38.0,0.0,1,1,75.82772,76,Replayed,38.0
3.0,-1.0,1,1,57.69822,76,Replayed,3.0
9.0,0.0,-1,0,50.250923,76,Replayed,9.0
-1.0,-1.0,-1,1,55.364323,76,Replayed,1.0
1.0,-1.0,-1,0,55.740147,76,Replayed,1.0
3.0,1.0,-1,0,53.097683,76,Replayed,3.0
3.0,-1.0,1,1,58.04317,76,Replayed,3.0
1.0,-1.0,-1,0,54.611546,76,Replayed,1.0
38.0,1.0,-1,0,33.918495,76,Replayed,38.0
-38.0,0.0,-1,1,76.58652,76,Replayed,38.0
5.0,-1.0,-1,0,52.35302,76,Replayed,5.0
-9.0,1.0,-1,1,60.067642,76,Replayed,9.0
1.0,-1.0,1,1,56.336956,76,Replayed,1.0
-9.0,1.0,1,0,48.49526,76,Replayed,9.0
-3.0,0.0,-1,1,55.739067,76,Replayed,3.0
-38.0,-1.0,-1,1,77.75617,76,Replayed,38.0
5.0,0.0,-1,0,52.598244,76,Replayed,5.0
-3.0,0.0,-1,1,56.929356,76,Replayed,3.0
1.0,0.0,1,1,54.170727,76,Replayed,1.0
5.0,-1.0,-1,0,52.723015,76,Replayed,5.0
-3.0,1.0,-1,1,55.368553,76,Replayed,3.0
-1.0,0.0,1,0,54.294086,76,Replayed,1.0
-38.0,0.0,1,0,33.063915,76,Replayed,38.0
-5.0,0.0,1,0,50.593037,76,Replayed,5.0
-9.0,0.0,1,0,49.678116,76,Replayed,9.0
3.0,-1.0,1,1,57.047546,76,Replayed,3.0
-9.0,0.0,1,0,50.213234,76,Replayed,9.0
3.0,0.0,1,1,55.32521,76,Replayed,3.0
9.0,-1.0,1,1,61.030006,76,Replayed,9.0
-1.0,1.0,-1,1,54.0722,76,Replayed,1.0
-5.0,1.0,-1,1,56.494408,76,Replayed,5.0
3.0,-1.0,1,1,56.884556,76,Replayed,3.0
1.0,-1.0,1,1,54.871605,76,Replayed,1.0
-9.0,1.0,-1,1,59.437496,76,Replayed,9.0
-1.0,1.0,1,0,52.850403,76,Replayed,1.0
-5.0,1.0,1,0,51.41803,76,Replayed,5.0
-1.0,-1.0,1,0,53.89821,76,Replayed,1.0
38.0,1.0,-1,0,33.694927,76,Replayed,38.0
-9.0,1.0,-1,1,59.692448,76,Replayed,9.0
9.0,1.0,1,1,58.912434,76,Replayed,9.0
5.0,0.0,1,1,57.530983,76,Replayed,5.0
-3.0,-1.0,1,0,53.893585,76,Replayed,3.0
1.0,-1.0,-1,0,56.023525,76,Replayed,1.0
-5.0,-1.0,1,0,52.606796,76,Replayed,5.0
-5.0,-1.0,-1,1,58.451366,76,Replayed,5.0
5.0,1.0,1,1,56.001705,76,Replayed,5.0
38.0,0.0,1,1,75.68726,76,Replayed,38.0
-5.0,1.0,-1,1,56.006325,76,Replayed,5.0
-1.0,0.0,-1,1,55.494644,76,Replayed,1.0
38.0,-1.0,1,1,77.012276,76,Replayed,38.0
-1.0,0.0,1,0,52.680595,76,Replayed,1.0
1.0,0.0,-1,0,54.345394,76,Replayed,1.0
-5.0,-1.0,-1,1,58.538593,76,Replayed,5.0
-38.0,1.0,-1,1,75.388794,76,Replayed,38.0
5.0,0.0,-1,0,52.129353,76,Replayed,5.0
38.0,1.0,1,1,75.232185,76,Replayed,38.0
3.0,-1.0,1,1,57.329876,76,Replayed,3.0
5.0,0.0,-1,0,52.05486,76,Replayed,5.0
9.0,-1.0,1,1,61.81931,76,Replayed,9.0
-1.0,-1.0,-1,1,57.259315,76,Replayed,1.0
-5.0,0.0,-1,1,58.404247,76,Replayed,5.0
-9.0,-1.0,-1,1,60.97265,76,Replayed,9.0
9.0,-1.0,-1,0,49.78593,76,Replayed,9.0
38.0,-1.0,-1,0,35.94396,76,Replayed,38.0
-38.0,-1.0,1,0,35.837574,76,Replayed,38.0
3.0,1.0,1,1,54.695206,76,Replayed,3.0
5.0,-1.0,1,1,57.95895,76,Replayed,5.0
-38.0,1.0,-1,1,76.07467,76,Replayed,38.0
-3.0,-1.0,-1,1,57.226807,76,Replayed,3.0
9.0,1.0,1,1,59.970886,76,Replayed,9.0
-5.0,0.0,1,0,51.9912,76,Replayed,5.0
-9.0,0.0,-1,1,60.44709,76,Replayed,9.0
5.0,1.0,-1,0,51.216038,76,Replayed,5.0
9.0,-1.0,-1,0,50.545406,76,Replayed,9.0
9.0,-1.0,1,1,60.80194,76,Replayed,9.0
-3.0,-1.0,-1,1,57.947548,76,Replayed,3.0
38.0,-1.0,1,1,77.07103,76,Replayed,38.0
38.0,1.0,1,1,74.51338,76,Replayed,38.0
1.0,1.0,1,1,54.21397,76,Replayed,1.0
1.0,-1.0,-1,0,55.689186,76,Replayed,1.0
5.0,0.0,1,1,57.42103,76,Replayed,5.0
-3.0,1.0,-1,1,56.20667,76,Replayed,3.0
3.0,1.0,-1,0,52.833782,76,Replayed,3.0
-9.0,-1.0,1,0,50.42237,76,Replayed,9.0
-1.0,-1.0,1,0,54.531242,76,Replayed,1.0
5.0,-1.0,1,1,58.902245,76,Replayed,5.0
-1.0,0.0,-1,1,56.050198,76,Replayed,1.0
3.0,0.0,1,1,55.897533,76,Replayed,3.0
1.0,-1.0,1,1,56.496418,76,Replayed,1.0
-1.0,0.0,-1,1,55.089336,76,Replayed,1.0
-3.0,1.0,1,0,58.310616,77,Replayed,3.0
5.0,1.0,-1,0,57.905052,77,Replayed,5.0
9.0,-1.0,1,1,71.07575,77,Replayed,9.0
-38.0,1.0,-1,1,95.363625,77,Replayed,38.0
-5.0,0.0,-1,1,67.15272,77,Replayed,5.0
3.0,-1.0,-1,0,57.46955,77,Replayed,3.0
-38.0,-1.0,-1,1,95.30975,77,Replayed,38.0
-9.0,1.0,-1,1,73.41024,77,Replayed,9.0
1.0,0.0,1,1,59.79427,77,Replayed,1.0
9.0,1.0,1,1,71.370766,77,Replayed,9.0
38.0,1.0,1,1,95.0883,77,Replayed,38.0
9.0,1.0,1,1,72.086586,77,Replayed,9.0
3.0,1.0,1,1,64.11861,77,Replayed,3.0
-38.0,1.0,-1,1,95.77081,77,Replayed,38.0
3.0,-1.0,1,1,63.13309,77,Replayed,3.0
38.0,1.0,1,1,95.46742,77,Replayed,38.0
-1.0,0.0,1,0,58.26615,77,Replayed,1.0
3.0,0.0,1,1,63.535797,77,Replayed,3.0
38.0,-1.0,1,1,94.80531,77,Replayed,38.0
1.0,-1.0,1,1,60.810787,77,Replayed,1.0
1.0,1.0,-1,0,58.38517,77,Replayed,1.0
-3.0,-1.0,-1,1,63.538383,77,Replayed,3.0
5.0,1.0,1,1,66.24115,77,Replayed,5.0
38.0,0.0,1,1,95.258835,77,Replayed,38.0
-5.0,1.0,1,0,57.415043,77,Replayed,5.0
-9.0,0.0,-1,1,72.32196,77,Replayed,9.0
9.0,0.0,1,1,71.87942,77,Replayed,9.0
9.0,0.0,1,1,72.66645,77,Replayed,9.0
38.0,0.0,1,1,94.99983,77,Replayed,38.0
38.0,0.0,1,1,95.188614,77,Replayed,38.0
-3.0,1.0,-1,1,64.56651,77,Replayed,3.0
1.0,1.0,1,1,60.779507,77,Replayed,1.0
3.0,0.0,-1,0,57.56836,77,Replayed,3.0
9.0,-1.0,1,1,71.786316,77,Replayed,9.0
-38.0,0.0,-1,1,95.2281,77,Replayed,38.0
5.0,-1.0,1,1,66.18103,77,Replayed,5.0
38.0,1.0,1,1,95.34,77,Replayed,38.0
9.0,0.0,1,1,72.66092,77,Replayed,9.0
-1.0,-1.0,1,0,57.6944,77,Replayed,1.0
-3.0,0.0,-1,1,63.22739,77,Replayed,3.0
-1.0,0.0,-1,1,61.32471,77,Replayed,1.0
9.0,0.0,1,1,71.870476,77,Replayed,9.0
-3.0,0.0,-1,1,63.78917,77,Replayed,3.0
-3.0,-1.0,-1,1,63.171967,77,Replayed,3.0
5.0,0.0,1,1,66.78893,77,Replayed,5.0
5.0,-1.0,1,1,66.34754,77,Replayed,5.0
-1.0,0.0,1,0,58.790184,77,Replayed,1.0
-9.0,1.0,-1,1,72.47826,77,Replayed,9.0
-38.0,0.0,-1,1,95.45976,77,Replayed,38.0
-9.0,0.0,-1,1,72.10174,77,Replayed,9.0
-1.0,-1.0,-1,1,61.332256,77,Replayed,1.0
-1.0,0.0,-1,1,60.59547,77,Replayed,1.0
9.0,1.0,1,1,73.397484,77,Replayed,9.0
9.0,-1.0,-1,0,54.563374,77,Replayed,9.0
9.0,1.0,1,1,71.790276,77,Replayed,9.0
-38.0,0.0,-1,1,95.430984,77,Replayed,38.0
5.0,-1.0,-1,0,56.21043,77,Replayed,5.0
3.0,0.0,1,1,64.20775,77,Replayed,3.0
-5.0,1.0,1,0,56.835808,77,Replayed,5.0
3.0,0.0,1,1,63.38503,77,Replayed,3.0
5.0,1.0,1,1,67.150345,77,Replayed,5.0
-9.0,1.0,-1,1,72.84073,77,Replayed,9.0
-5.0,0.0,-1,1,66.91947,77,Replayed,5.0
-5.0,1.0,-1,1,67.480774,77,Replayed,5.0
-5.0,0.0,-1,1,66.87365,77,Replayed,5.0
5.0,0.0,1,1,66.25255,77,Replayed,5.0
-3.0,0.0,-1,1,63.79384,77,Replayed,3.0
-38.0,-1.0,-1,1,95.0006,77,Replayed,38.0
3.0,1.0,1,1,63.87819,77,Replayed,3.0
1.0,-1.0,-1,0,58.041878,77,Replayed,1.0
-38.0,1.0,-1,1,95.43854,77,Replayed,38.0
38.0,1.0,1,1,95.358185,77,Replayed,38.0
-5.0,-1.0,-1,1,66.16091,77,Replayed,5.0
1.0,1.0,-1,0,58.76061,77,Replayed,1.0
-3.0,-1.0,1,0,56.78788,77,Replayed,3.0
3.0,1.0,1,1,63.905178,77,Replayed,3.0
-5.0,-1.0,-1,1,66.17252,77,Replayed,5.0
-1.0,0.0,1,0,58.145023,77,Replayed,1.0
-5.0,-1.0,-1,1,65.95782,77,Replayed,5.0
-3.0,-1.0,1,0,57.100266,77,Replayed,3.0
38.0,1.0,1,1,95.33249,77,Replayed,38.0
5.0,0.0,-1,0,56.809437,77,Replayed,5.0
3.0,0.0,1,1,63.8068,77,Replayed,3.0
5.0,0.0,1,1,66.81711,77,Replayed,5.0
-9.0,1.0,-1,1,72.43486,77,Replayed,9.0
9.0,0.0,1,1,72.223595,77,Replayed,9.0
9.0,1.0,-1,0,55.89257,77,Replayed,9.0
9.0,0.0,1,1,73.07782,77,Replayed,9.0
-5.0,-1.0,-1,1,65.96688,77,Replayed,5.0
-1.0,-1.0,1,0,58.389782,77,Replayed,1.0
-1.0,-1.0,-1,1,60.449642,77,Replayed,1.0
5.0,1.0,1,1,66.08124,77,Replayed,5.0
-3.0,1.0,-1,1,63.988476,77,Replayed,3.0
1.0,1.0,1,1,62.004135,77,Replayed,1.0
-38.0,1.0,-1,1,95.45551,77,Replayed,38.0
-9.0,-1.0,-1,1,71.85242,77,Replayed,9.0
-9.0,0.0,-1,1,72.26411,77,Replayed,9.0
-5.0,1.0,-1,1,66.868286,77,Replayed,5.0
-3.0,-1.0,-1,1,63.324993,77,Replayed,3.0
-38.0,-1.0,-1,1,95.29841,77,Replayed,38.0
-1.0,-1.0,-1,1,61.844887,77,Replayed,1.0
9.0,1.0,1,1,72.87831,77,Replayed,9.0
-5.0,-1.0,1,0,56.49968,77,Replayed,5.0
-9.0,1.0,1,0,55.122364,77,Replayed,9.0
3.0,-1.0,1,1,63.332455,77,Replayed,3.0
-5.0,0.0,-1,1,67.400154,77,Replayed,5.0
38.0,0.0,1,1,95.352684,77,Replayed,38.0
-5.0,-1.0,-1,1,66.70551,77,Replayed,5.0
-38.0,0.0,-1,1,95.30156,77,Replayed,38.0
-38.0,1.0,-1,1,95.515945,77,Replayed,38.0
3.0,-1.0,1,1,64.169136,77,Replayed,3.0
-3.0,-1.0,-1,1,63.588585,77,Replayed,3.0
1.0,-1.0,1,1,60.221195,77,Replayed,1.0
-38.0,1.0,-1,1,95.27612,77,Replayed,38.0
3.0,1.0,-1,0,58.42709,77,Replayed,3.0
-5.0,-1.0,1,0,56.1391,77,Replayed,5.0
-9.0,-1.0,-1,1,71.84022,77,Replayed,9.0
-9.0,0.0,-1,1,71.72647,77,Replayed,9.0
38.0,-1.0,1,1,94.853424,77,Replayed,38.0
38.0,-1.0,1,1,95.07238,77,Replayed,38.0
-38.0,1.0,-1,1,95.30768,77,Replayed,38.0
38.0,-1.0,1,1,95.0625,77,Replayed,38.0
5.0,-1.0,1,1,65.72306,77,Replayed,5.0
-1.0,1.0,-1,1,61.682655,77,Replayed,1.0
-38.0,0.0,-1,1,95.22494,77,Replayed,38.0
38.0,-1.0,1,1,95.049995,77,Replayed,38.0
-5.0,1.0,1,0,57.08413,77,Replayed,5.0
5.0,-1.0,1,1,65.60331,77,Replayed,5.0
-5.0,0.0,-1,1,66.86649,77,Replayed,5.0
5.0,-1.0,1,1,65.88899,77,Replayed,5.0
5.0,0.0,1,1,66.10363,77,Replayed,5.0
-5.0,1.0,-1,1,66.4109,77,Replayed,5.0
38.0,-1.0,1,1,95.08785,77,Replayed,38.0
38.0,1.0,1,1,95.1709,77,Replayed,38.0
1.0,1.0,1,1,60.343014,77,Replayed,1.0
9.0,0.0,1,1,72.31392,77,Replayed,9.0
-5.0,0.0,-1,1,67.17423,77,Replayed,5.0
-9.0,-1.0,-1,1,72.52005,77,Replayed,9.0
1.0,-1.0,-1,0,58.951317,77,Replayed,1.0
3.0,1.0,-1,0,57.866966,77,Replayed,3.0
-1.0,1.0,-1,1,60.900063,77,Replayed,1.0
5.0,0.0,1,1,66.30303,77,Replayed,5.0
1.0,1.0,-1,0,60.199474,77,Replayed,1.0
-3.0,0.0,-1,1,63.663025,77,Replayed,3.0
-9.0,0.0,-1,1,72.07166,77,Replayed,9.0
-9.0,1.0,-1,1,72.973076,77,Replayed,9.0
-1.0,1.0,1,0,59.56229,77,Replayed,1.0
-1.0,0.0,-1,1,61.388832,77,Replayed,1.0
1.0,0.0,1,1,60.969555,77,Replayed,1.0
-3.0,-1.0,-1,1,64.07267,77,Replayed,3.0
-9.0,-1.0,-1,1,71.88646,77,Replayed,9.0
3.0,1.0,1,1,63.94962,77,Replayed,3.0
1.0,0.0,-1,0,58.802795,77,Replayed,1.0
9.0,-1.0,1,1,72.00903,77,Replayed,9.0
1.0,-1.0,1,1,60.975613,77,Replayed,1.0
38.0,0.0,1,1,95.24487,77,Replayed,38.0
9.0,-1.0,1,1,72.59527,77,Replayed,9.0
1.0,0.0,-1,0,59.223866,77,Replayed,1.0
-1.0,0.0,-1,1,60.98436,77,Replayed,1.0
38.0,1.0,1,1,95.32521,77,Replayed,38.0
5.0,-1.0,1,1,65.39004,77,Replayed,5.0
-3.0,0.0,-1,1,63.934933,77,Replayed,3.0
38.0,0.0,1,1,95.26028,77,Replayed,38.0
-3.0,1.0,1,0,57.95538,77,Replayed,3.0
-3.0,1.0,1,0,56.91076,77,Replayed,3.0
38.0,0.0,1,1,95.424644,77,Replayed,38.0
-9.0,0.0,-1,1,72.531746,77,Replayed,9.0
3.0,-1.0,1,1,62.6875,77,Replayed,3.0
1.0,0.0,1,1,60.546597,77,Replayed,1.0
-38.0,-1.0,-1,1,95.04331,77,Replayed,38.0
1.0,0.0,-1,0,59.591633,77,Replayed,1.0
9.0,-1.0,1,1,71.72511,77,Replayed,9.0
-38.0,1.0,-1,1,95.21892,77,Replayed,38.0
-9.0,-1.0,-1,1,71.743866,77,Replayed,9.0
-1.0,1.0,1,0,58.487392,77,Replayed,1.0
1.0,-1.0,1,1,59.65224,77,Replayed,1.0
1.0,1.0,1,1,61.426044,77,Replayed,1.0
1.0,0.0,1,1,61.504883,77,Replayed,1.0
3.0,1.0,1,1,64.46646,77,Replayed,3.0
9.0,0.0,1,1,71.743996,77,Replayed,9.0
3.0,0.0,1,1,62.935303,77,Replayed,3.0
-1.0,1.0,-1,1,61.266106,77,Replayed,1.0
-9.0,0.0,-1,1,72.03218,77,Replayed,9.0
1.0,-1.0,1,1,60.24515,77,Replayed,1.0
-9.0,1.0,1,0,55.26229,77,Replayed,9.0
-1.0,-1.0,-1,1,61.14169,77,Replayed,1.0
-9.0,1.0,-1,1,73.09362,77,Replayed,9.0
-9.0,0.0,-1,1,72.50452,77,Replayed,9.0
5.0,0.0,-1,0,56.686962,77,Replayed,5.0
-5.0,1.0,-1,1,66.951935,77,Replayed,5.0
-3.0,0.0,1,0,57.07565,77,Replayed,3.0
1.0,1.0,-1,0,59.252537,77,Replayed,1.0
-9.0,-1.0,-1,1,72.017166,77,Replayed,9.0
-38.0,-1.0,-1,1,95.31213,77,Replayed,38.0
3.0,-1.0,-1,0,56.796814,77,Replayed,3.0
38.0,0.0,1,1,95.068375,77,Replayed,38.0
9.0,-1.0,1,1,71.86157,77,Replayed,9.0
5.0,1.0,1,1,66.34844,77,Replayed,5.0
-3.0,1.0,-1,1,63.700912,77,Replayed,3.0
-38.0,-1.0,-1,1,95.09442,77,Replayed,38.0
-38.0,-1.0,-1,1,95.19014,77,Replayed,38.0
-1.0,-1.0,1,0,58.7826,77,Replayed,1.0
5.0,1.0,1,1,66.72501,77,Replayed,5.0
9.0,1.0,1,1,71.84473,77,Replayed,9.0
38.0,-1.0,1,1,95.030075,77,Replayed,38.0
3.0,-1.0,1,1,63.00961,77,Replayed,3.0
3.0,-1.0,-1,0,57.17289,77,Replayed,3.0
5.0,1.0,1,1,66.252426,77,Replayed,5.0
-5.0,-1.0,1,0,56.493473,77,Replayed,5.0
38.0,1.0,1,1,95.4887,77,Replayed,38.0
-3.0,0.0,-1,1,63.905216,77,Replayed,3.0
1.0,0.0,1,1,60.72676,77,Replayed,1.0
-38.0,-1.0,-1,1,95.28205,77,Replayed,38.0
-9.0,-1.0,-1,1,71.94984,77,Replayed,9.0
-38.0,0.0,-1,1,95.213875,77,Replayed,38.0
5.0,0.0,-1,0,56.933838,77,Replayed,5.0
-38.0,0.0,-1,1,94.90827,77,Replayed,38.0
-3.0,1.0,-1,1,64.384834,77,Replayed,3.0
-1.0,1.0,-1,1,61.641895,77,Replayed,1.0
-1.0,1.0,1,0,60.186165,77,Replayed,1.0
9.0,-1.0,1,1,70.95792,77,Replayed,9.0
-38.0,0.0,-1,1,95.44322,77,Replayed,38.0
3.0,0.0,-1,0,58.667435,77,Replayed,3.0
-1.0,1.0,-1,1,62.500538,77,Replayed,1.0
-3.0,-1.0,-1,1,63.77074,77,Replayed,3.0
-5.0,0.0,-1,1,66.90592,77,Replayed,5.0
5.0,-1.0,1,1,66.93956,77,Replayed,5.0
38.0,-1.0,1,1,95.201965,77,Replayed,38.0
-9.0,-1.0,-1,1,71.50372,77,Replayed,9.0
-1.0,-1.0,-1,1,61.19392,77,Replayed,1.0
5.0,1.0,1,1,67.12473,77,Replayed,5.0
3.0,0.0,-1,0,57.05307,77,Replayed,3.0
-5.0,0.0,-1,1,66.91634,77,Replayed,5.0
1.0,-1.0,1,1,60.833923,77,Replayed,1.0
-3.0,0.0,-1,1,63.869118,77,Replayed,3.0
-1.0,0.0,-1,1,61.024403,77,Replayed,1.0
9.0,1.0,1,1,72.80423,77,Replayed,9.0
-5.0,1.0,-1,1,67.18991,77,Replayed,5.0
3.0,1.0,-1,0,59.221798,77,Replayed,3.0
-1.0,1.0,-1,1,40.013878,78,Replayed,1.0
9.0,-1.0,1,1,68.667694,78,Replayed,9.0
1.0,1.0,1,1,54.63434,78,Replayed,1.0
5.0,0.0,1,1,61.992096,78,Replayed,5.0
9.0,0.0,1,1,68.426674,78,Replayed,9.0
9.0,1.0,-1,0,23.694614,78,Replayed,9.0
-9.0,-1.0,1,0,37.093563,78,Replayed,9.0
9.0,0.0,1,1,68.300804,78,Replayed,9.0
38.0,1.0,1,1,94.52967,78,Replayed,38.0
-9.0,1.0,1,0,34.89714,78,Replayed,9.0
38.0,0.0,1,1,95.146416,78,Replayed,38.0
38.0,0.0,1,1,95.41998,78,Replayed,38.0
3.0,1.0,-1,0,33.914745,78,Replayed,3.0
1.0,-1.0,-1,0,38.76033,78,Replayed,1.0
9.0,-1.0,-1,0,25.750103,78,Replayed,9.0
9.0,1.0,1,1,66.55133,78,Replayed,9.0
-3.0,0.0,-1,1,44.658195,78,Replayed,3.0
38.0,-1.0,1,1,95.755,78,Replayed,38.0
-5.0,1.0,-1,1,47.639965,78,Replayed,5.0
9.0,1.0,1,1,66.32028,78,Replayed,9.0
9.0,-1.0,1,1,69.43919,78,Replayed,9.0
3.0,-1.0,1,1,58.864777,78,Replayed,3.0
5.0,1.0,1,1,61.238182,78,Replayed,5.0
-9.0,0.0,-1,1,55.49065,78,Replayed,9.0
-9.0,0.0,-1,1,55.435707,78,Replayed,9.0
1.0,1.0,-1,0,36.86475,78,Replayed,1.0
-9.0,1.0,-1,1,54.54303,78,Replayed,9.0
-9.0,0.0,1,0,36.468792,78,Replayed,9.0
-3.0,0.0,1,0,47.455284,78,Replayed,3.0
1.0,0.0,-1,0,37.955208,78,Replayed,1.0
-5.0,1.0,-1,1,48.477413,78,Replayed,5.0
3.0,-1.0,-1,0,34.98888,78,Replayed,3.0
-38.0,1.0,-1,1,90.07405,78,Replayed,38.0
-1.0,1.0,-1,1,41.23034,78,Replayed,1.0
-38.0,0.0,-1,1,91.17746,78,Replayed,38.0
5.0,0.0,-1,0,30.45603,78,Replayed,5.0
3.0,1.0,1,1,56.911533,78,Replayed,3.0
38.0,-1.0,1,1,95.56577,78,Replayed,38.0
-3.0,-1.0,1,0,49.355858,78,Replayed,3.0
-38.0,1.0,-1,1,90.43936,78,Replayed,38.0
9.0,1.0,1,1,66.62452,78,Replayed,9.0
-1.0,0.0,-1,1,41.278633,78,Replayed,1.0
3.0,1.0,1,1,57.33924,78,Replayed,3.0
-3.0,-1.0,1,0,48.281433,78,Replayed,3.0
3.0,0.0,-1,0,34.19582,78,Replayed,3.0
-3.0,-1.0,-1,1,45.81704,78,Replayed,3.0
-5.0,-1.0,1,0,44.507854,78,Replayed,5.0
-9.0,0.0,-1,1,55.183773,78,Replayed,9.0
-5.0,1.0,1,0,42.6176,78,Replayed,5.0
5.0,0.0,1,1,60.974537,78,Replayed,5.0
-38.0,-1.0,-1,1,92.066895,78,Replayed,38.0
-1.0,1.0,1,0,51.282616,78,Replayed,1.0
-5.0,-1.0,1,0,44.575207,78,Replayed,5.0
-9.0,1.0,-1,1,54.41172,78,Replayed,9.0
-5.0,1.0,-1,1,47.978897,78,Replayed,5.0
3.0,1.0,1,1,56.80536,78,Replayed,3.0
1.0,0.0,1,1,54.720848,78,Replayed,1.0
-3.0,0.0,1,0,48.047874,78,Replayed,3.0
5.0,0.0,1,1,62.09083,78,Replayed,5.0
9.0,0.0,1,1,67.65092,78,Replayed,9.0
3.0,1.0,1,1,55.999332,78,Replayed,3.0
-9.0,-1.0,-1,1,55.675995,78,Replayed,9.0
9.0,-1.0,1,1,69.462234,78,Replayed,9.0
38.0,-1.0,1,1,95.61981,78,Replayed,38.0
1.0,1.0,-1,0,37.63036,78,Replayed,1.0
9.0,1.0,1,1,66.822334,78,Replayed,9.0
1.0,0.0,1,1,54.837,78,Replayed,1.0
-3.0,0.0,-1,1,44.146183,78,Replayed,3.0
3.0,-1.0,-1,0,35.740532,78,Replayed,3.0
5.0,0.0,1,1,61.508827,78,Replayed,5.0
38.0,1.0,1,1,94.71326,78,Replayed,38.0
9.0,1.0,1,1,66.06632,78,Replayed,9.0
3.0,-1.0,-1,0,34.302757,78,Replayed,3.0
-3.0,1.0,-1,1,44.619263,78,Replayed,3.0
3.0,0.0,1,1,58.27944,78,Replayed,3.0
3.0,0.0,1,1,58.237522,78,Replayed,3.0
38.0,-1.0,1,1,95.5957,78,Replayed,38.0
9.0,-1.0,-1,0,25.621742,78,Replayed,9.0
-38.0,0.0,-1,1,91.400345,78,Replayed,38.0
1.0,0.0,1,1,54.89735,78,Replayed,1.0
1.0,-1.0,1,1,56.131725,78,Replayed,1.0
-38.0,1.0,-1,1,90.79612,78,Replayed,38.0
-9.0,-1.0,1,0,37.050648,78,Replayed,9.0
9.0,-1.0,1,1,68.49928,78,Replayed,9.0
-1.0,-1.0,-1,1,41.78806,78,Replayed,1.0
38.0,0.0,1,1,95.29022,78,Replayed,38.0
5.0,-1.0,-1,0,31.493776,78,Replayed,5.0
-38.0,-1.0,-1,1,92.20865,78,Replayed,38.0
1.0,0.0,1,1,55.088974,78,Replayed,1.0
1.0,-1.0,1,1,55.464436,78,Replayed,1.0
38.0,1.0,1,1,94.88021,78,Replayed,38.0
5.0,1.0,1,1,59.916,78,Replayed,5.0
9.0,-1.0,1,1,69.3044,78,Replayed,9.0
38.0,1.0,1,1,94.479195,78,Replayed,38.0
9.0,0.0,1,1,68.754364,78,Replayed,9.0
-9.0,1.0,-1,1,54.089962,78,Replayed,9.0
-3.0,1.0,1,0,45.416546,78,Replayed,3.0
9.0,0.0,1,1,68.12386,78,Replayed,9.0
1.0,-1.0,1,1,54.84196,78,Replayed,1.0
3.0,1.0,1,1,58.109093,78,Replayed,3.0
5.0,-1.0,1,1,62.55173,78,Replayed,5.0
-38.0,0.0,-1,1,90.90539,78,Replayed,38.0
-5.0,1.0,1,0,42.329742,78,Replayed,5.0
1.0,-1.0,1,1,55.179096,78,Replayed,1.0
3.0,1.0,1,1,57.027523,78,Replayed,3.0
-38.0,1.0,-1,1,90.90982,78,Replayed,38.0
3.0,-1.0,-1,0,35.106323,78,Replayed,3.0
-9.0,0.0,1,0,35.873184,78,Replayed,9.0
38.0,1.0,1,1,94.49233,78,Replayed,38.0
-3.0,1.0,1,0,47.10952,78,Replayed,3.0
-38.0,0.0,-1,1,91.26443,78,Replayed,38.0
-9.0,1.0,-1,1,54.15887,78,Replayed,9.0
-38.0,-1.0,-1,1,92.00372,78,Replayed,38.0
38.0,1.0,1,1,94.678085,78,Replayed,38.0
38.0,-1.0,1,1,95.4658,78,Replayed,38.0
3.0,-1.0,1,1,58.94478,78,Replayed,3.0
5.0,-1.0,1,1,62.259388,78,Replayed,5.0
-1.0,0.0,1,0,51.986664,78,Replayed,1.0
-38.0,-1.0,-1,1,91.82351,78,Replayed,38.0
5.0,-1.0,1,1,61.925232,78,Replayed,5.0
-1.0,0.0,1,0,52.5458,78,Replayed,1.0
3.0,0.0,-1,0,35.05453,78,Replayed,3.0
-9.0,-1.0,1,0,36.817223,78,Replayed,9.0
3.0,0.0,-1,0,34.472622,78,Replayed,3.0
1.0,1.0,-1,0,36.733685,78,Replayed,1.0
38.0,-1.0,1,1,95.19091,78,Replayed,38.0
5.0,-1.0,-1,0,32.141777,78,Replayed,5.0
-3.0,0.0,-1,1,45.006783,78,Replayed,3.0
-9.0,1.0,1,0,35.326855,78,Replayed,9.0
38.0,0.0,1,1,95.217804,78,Replayed,38.0
1.0,0.0,1,1,56.030266,78,Replayed,1.0
-1.0,-1.0,-1,1,41.724678,78,Replayed,1.0
-38.0,0.0,-1,1,90.713104,78,Replayed,38.0
-3.0,1.0,1,0,46.952267,78,Replayed,3.0
1.0,1.0,1,1,54.07235,78,Replayed,1.0
-38.0,0.0,-1,1,91.51993,78,Replayed,38.0
-38.0,0.0,-1,1,91.17981,78,Replayed,38.0
-38.0,0.0,-1,1,91.27219,78,Replayed,38.0
-5.0,-1.0,1,0,45.19309,78,Replayed,5.0
-3.0,-1.0,1,0,48.32538,78,Replayed,3.0
-5.0,-1.0,1,0,43.928967,78,Replayed,5.0
3.0,-1.0,1,1,59.553604,78,Replayed,3.0
38.0,-1.0,1,1,95.70668,78,Replayed,38.0
-9.0,-1.0,1,0,36.767067,78,Replayed,9.0
-9.0,1.0,-1,1,55.15526,78,Replayed,9.0
-38.0,1.0,-1,1,90.315155,78,Replayed,38.0
38.0,1.0,1,1,94.67533,78,Replayed,38.0
-3.0,-1.0,-1,1,46.767082,78,Replayed,3.0
-1.0,1.0,-1,1,40.688988,78,Replayed,1.0
1.0,0.0,1,1,55.313946,78,Replayed,1.0
5.0,1.0,1,1,61.034237,78,Replayed,5.0
-1.0,1.0,-1,1,40.9159,78,Replayed,1.0
-1.0,-1.0,1,0,51.848515,78,Replayed,1.0
3.0,0.0,1,1,59.247677,78,Replayed,3.0
5.0,1.0,1,1,60.879646,78,Replayed,5.0
-1.0,0.0,-1,1,41.61488,78,Replayed,1.0
-9.0,-1.0,1,0,36.969433,78,Replayed,9.0
-38.0,1.0,-1,1,90.67804,78,Replayed,38.0
5.0,1.0,1,1,61.152565,78,Replayed,5.0
1.0,0.0,1,1,54.803997,78,Replayed,1.0
3.0,1.0,-1,0,32.905296,78,Replayed,3.0
-5.0,-1.0,-1,1,49.286045,78,Replayed,5.0
5.0,0.0,1,1,61.36905,78,Replayed,5.0
-3.0,1.0,1,0,47.427288,78,Replayed,3.0
-5.0,-1.0,-1,1,49.301365,78,Replayed,5.0
1.0,1.0,1,1,54.07627,78,Replayed,1.0
-5.0,0.0,1,0,42.30694,78,Replayed,5.0
5.0,-1.0,1,1,62.610435,78,Replayed,5.0
-1.0,0.0,1,0,51.009266,78,Replayed,1.0
-5.0,1.0,1,0,43.11746,78,Replayed,5.0
-38.0,-1.0,-1,1,92.31205,78,Replayed,38.0
-5.0,1.0,1,0,43.29601,78,Replayed,5.0
-38.0,-1.0,-1,1,91.96363,78,Replayed,38.0
-5.0,0.0,1,0,43.84164,78,Replayed,5.0
-38.0,1.0,-1,1,91.05038,78,Replayed,38.0
-5.0,-1.0,-1,1,50.30901,78,Replayed,5.0
5.0,-1.0,-1,0,32.283184,78,Replayed,5.0
5.0,1.0,1,1,59.884567,78,Replayed,5.0
-3.0,1.0,1,0,46.426826,78,Replayed,3.0
5.0,0.0,1,1,62.157906,78,Replayed,5.0
9.0,-1.0,1,1,67.938805,78,Replayed,9.0
-3.0,0.0,1,0,46.648705,78,Replayed,3.0
-1.0,-1.0,-1,1,41.882294,78,Replayed,1.0
-1.0,1.0,1,0,50.6304,78,Replayed,1.0
9.0,0.0,-1,0,24.813288,78,Replayed,9.0
-1.0,0.0,1,0,50.493736,78,Replayed,1.0
-1.0,1.0,-1,1,41.6775,78,Replayed,1.0
5.0,1.0,-1,0,30.322859,78,Replayed,5.0
-38.0,1.0,-1,1,90.64678,78,Replayed,38.0
9.0,0.0,1,1,68.37859,78,Replayed,9.0
-5.0,0.0,-1,1,48.094177,78,Replayed,5.0
-5.0,-1.0,-1,1,50.516945,78,Replayed,5.0
-5.0,0.0,1,0,44.369057,78,Replayed,5.0
-1.0,-1.0,-1,1,42.339226,78,Replayed,1.0
-5.0,0.0,-1,1,47.025932,78,Replayed,5.0
-1.0,-1.0,1,0,52.537907,78,Replayed,1.0
1.0,1.0,1,1,53.80171,78,Replayed,1.0
3.0,0.0,-1,0,34.206562,78,Replayed,3.0
38.0,0.0,1,1,95.0534,78,Replayed,38.0
5.0,-1.0,1,1,62.576557,78,Replayed,5.0
5.0,0.0,-1,0,30.290497,78,Replayed,5.0
-9.0,1.0,-1,1,54.095352,78,Replayed,9.0
-3.0,0.0,1,0,47.57963,78,Replayed,3.0
-1.0,0.0,1,0,51.775436,78,Replayed,1.0
1.0,-1.0,1,1,55.5084,78,Replayed,1.0
-3.0,-1.0,1,0,48.00553,78,Replayed,3.0
38.0,-1.0,1,1,95.777824,78,Replayed,38.0
9.0,1.0,1,1,66.940186,78,Replayed,9.0
-38.0,-1.0,-1,1,92.0513,78,Replayed,38.0
1.0,1.0,-1,0,38.958134,78,Replayed,1.0
38.0,0.0,1,1,95.05121,78,Replayed,38.0
3.0,-1.0,1,1,58.624966,78,Replayed,3.0
9.0,1.0,1,1,66.30453,78,Replayed,9.0
-5.0,0.0,-1,1,48.913536,78,Replayed,5.0
9.0,0.0,1,1,68.17605,78,Replayed,9.0
-38.0,-1.0,-1,1,91.93368,78,Replayed,38.0
38.0,0.0,1,1,94.93008,78,Replayed,38.0
-5.0,1.0,-1,1,47.529224,78,Replayed,5.0
-5.0,0.0,1,0,43.58047,78,Replayed,5.0
1.0,-1.0,1,1,57.40263,78,Replayed,1.0
5.0,1.0,1,1,60.496162,78,Replayed,5.0
-9.0,0.0,1,0,34.75288,78,Replayed,9.0
38.0,0.0,1,1,95.19837,78,Replayed,38.0
-5.0,0.0,1,0,43.69352,78,Replayed,5.0
-1.0,1.0,1,0,50.563667,78,Replayed,1.0
-3.0,-1.0,-1,1,46.485615,78,Replayed,3.0
1.0,-1.0,1,1,56.22756,78,Replayed,1.0
-3.0,1.0,1,0,46.516087,78,Replayed,3.0
-9.0,0.0,1,0,36.864166,78,Replayed,9.0
-1.0,-1.0,1,0,50.881207,78,Replayed,1.0
-1.0,0.0,1,0,51.877098,78,Replayed,1.0
-9.0,0.0,1,0,36.332397,78,Replayed,9.0
-3.0,1.0,1,0,46.261883,78,Replayed,3.0
-9.0,-1.0,-1,1,57.432194,78,Replayed,9.0
-1.0,-1.0,1,0,52.666294,78,Replayed,1.0
-3.0,0.0,-1,1,44.04223,78,Replayed,3.0
3.0,0.0,1,1,57.331837,78,Replayed,3.0
-3.0,-1.0,-1,1,46.42262,78,Replayed,3.0
-9.0,-1.0,-1,1,55.714943,78,Replayed,9.0
38.0,1.0,1,1,94.453606,78,Replayed,38.0
1.0,-1.0,-1,0,48.655537,79,Replayed,1.0
-9.0,0.0,-1,1,57.410603,79,Replayed,9.0
1.0,-1.0,-1,0,49.992065,79,Replayed,1.0
5.0,0.0,1,1,46.217735,79,Replayed,5.0
-38.0,0.0,-1,1,76.67644,79,Replayed,38.0
-38.0,1.0,-1,1,79.64055,79,Replayed,38.0
3.0,1.0,1,1,48.003777,79,Replayed,3.0
1.0,-1.0,-1,0,50.559288,79,Replayed,1.0
5.0,0.0,1,1,46.45554,79,Replayed,5.0
9.0,1.0,1,1,52.427135,79,Replayed,9.0
-5.0,0.0,-1,1,55.31648,79,Replayed,5.0
-9.0,0.0,-1,1,58.539207,79,Replayed,9.0
-3.0,0.0,1,0,41.146835,79,Replayed,3.0
-5.0,0.0,-1,1,55.97338,79,Replayed,5.0
5.0,0.0,1,1,48.006638,79,Replayed,5.0
3.0,1.0,-1,0,50.852615,79,Replayed,3.0
-1.0,-1.0,-1,1,51.300804,79,Replayed,1.0
9.0,0.0,-1,0,44.033207,79,Replayed,9.0
1.0,0.0,1,1,44.60624,79,Replayed,1.0
38.0,0.0,1,1,69.66818,79,Replayed,38.0
3.0,-1.0,-1,0,48.031937,79,Replayed,3.0
-3.0,1.0,-1,1,56.730415,79,Replayed,3.0
-9.0,1.0,1,0,37.953197,79,Replayed,9.0
-1.0,-1.0,1,0,40.82831,79,Replayed,1.0
38.0,0.0,1,1,68.2329,79,Replayed,38.0
-1.0,0.0,-1,1,53.471493,79,Replayed,1.0
-38.0,1.0,-1,1,80.09628,79,Replayed,38.0
38.0,-1.0,1,1,66.1082,79,Replayed,38.0
-9.0,0.0,-1,1,57.266514,79,Replayed,9.0
-38.0,1.0,-1,1,79.48818,79,Replayed,38.0
-5.0,1.0,-1,1,56.966286,79,Replayed,5.0
-1.0,0.0,1,0,43.24446,79,Replayed,1.0
9.0,1.0,-1,0,47.199688,79,Replayed,9.0
-38.0,-1.0,-1,1,73.273735,79,Replayed,38.0
5.0,1.0,1,1,49.007782,79,Replayed,5.0
5.0,-1.0,1,1,44.66004,79,Replayed,5.0
9.0,0.0,1,1,50.33055,79,Replayed,9.0
9.0,-1.0,1,1,47.18442,79,Replayed,9.0
-9.0,1.0,-1,1,60.602123,79,Replayed,9.0
-3.0,-1.0,-1,1,52.030476,79,Replayed,3.0
-38.0,0.0,-1,1,76.2206,79,Replayed,38.0
9.0,0.0,-1,0,45.714783,79,Replayed,9.0
-5.0,0.0,-1,1,56.343685,79,Replayed,5.0
38.0,-1.0,1,1,65.8085,79,Replayed,38.0
-3.0,0.0,-1,1,54.01905,79,Replayed,3.0
-1.0,1.0,-1,1,55.031006,79,Replayed,1.0
-9.0,0.0,-1,1,59.706127,79,Replayed,9.0
-1.0,-1.0,-1,1,51.12784,79,Replayed,1.0
5.0,-1.0,-1,0,46.783028,79,Replayed,5.0
1.0,0.0,-1,0,51.755516,79,Replayed,1.0
-3.0,1.0,-1,1,56.336636,79,Replayed,3.0
38.0,-1.0,1,1,65.62927,79,Replayed,38.0
-38.0,1.0,-1,1,79.353294,79,Replayed,38.0
-3.0,1.0,-1,1,57.003098,79,Replayed,3.0
3.0,-1.0,-1,0,48.11922,79,Replayed,3.0
1.0,1.0,-1,0,52.720432,79,Replayed,1.0
-1.0,1.0,1,0,43.648315,79,Replayed,1.0
-3.0,1.0,-1,1,56.777603,79,Replayed,3.0
5.0,-1.0,1,1,45.045704,79,Replayed,5.0
-38.0,1.0,-1,1,79.97025,79,Replayed,38.0
38.0,-1.0,1,1,65.682526,79,Replayed,38.0
-1.0,0.0,-1,1,53.58634,79,Replayed,1.0
5.0,1.0,-1,0,50.105022,79,Replayed,5.0
1.0,1.0,1,1,45.96039,79,Replayed,1.0
9.0,-1.0,-1,0,42.090694,79,Replayed,9.0
3.0,-1.0,1,1,43.792126,79,Replayed,3.0
38.0,1.0,1,1,73.08241,79,Replayed,38.0
38.0,0.0,1,1,69.303345,79,Replayed,38.0
-38.0,-1.0,-1,1,73.57399,79,Replayed,38.0
5.0,-1.0,-1,0,46.35482,79,Replayed,5.0
1.0,0.0,1,1,44.411285,79,Replayed,1.0
38.0,1.0,1,1,72.43612,79,Replayed,38.0
5.0,-1.0,-1,0,46.105526,79,Replayed,5.0
5.0,1.0,1,1,49.591045,79,Replayed,5.0
5.0,-1.0,1,1,45.58421,79,Replayed,5.0
-9.0,-1.0,-1,1,55.989532,79,Replayed,9.0
38.0,0.0,-1,0,22.219696,79,Replayed,38.0
3.0,0.0,-1,0,50.172337,79,Replayed,3.0
-38.0,1.0,-1,1,79.30621,79,Replayed,38.0
-9.0,1.0,-1,1,61.070396,79,Replayed,9.0
-3.0,-1.0,-1,1,52.98393,79,Replayed,3.0
1.0,1.0,-1,0,52.788128,79,Replayed,1.0
-5.0,-1.0,1,0,37.016792,79,Replayed,5.0
1.0,1.0,-1,0,53.018772,79,Replayed,1.0
-1.0,1.0,-1,1,54.085396,79,Replayed,1.0
-38.0,1.0,-1,1,79.62612,79,Replayed,38.0
-3.0,-1.0,-1,1,52.169388,79,Replayed,3.0
-9.0,1.0,-1,1,61.460167,79,Replayed,9.0
-9.0,-1.0,1,0,33.737667,79,Replayed,9.0
-1.0,-1.0,-1,1,51.528435,79,Replayed,1.0
-3.0,0.0,1,0,40.77359,79,Replayed,3.0
1.0,0.0,-1,0,52.09942,79,Replayed,1.0
-1.0,1.0,-1,1,54.387836,79,Replayed,1.0
-5.0,-1.0,-1,1,53.600567,79,Replayed,5.0
-5.0,-1.0,-1,1,53.728943,79,Replayed,5.0
38.0,-1.0,1,1,64.49995,79,Replayed,38.0
-3.0,1.0,-1,1,56.636887,79,Replayed,3.0
-1.0,1.0,1,0,45.008194,79,Replayed,1.0
9.0,-1.0,1,1,47.126503,79,Replayed,9.0
-38.0,0.0,-1,1,76.30797,79,Replayed,38.0
-5.0,-1.0,-1,1,53.668827,79,Replayed,5.0
-9.0,-1.0,-1,1,55.13722,79,Replayed,9.0
-9.0,0.0,-1,1,59.029114,79,Replayed,9.0
-3.0,-1.0,-1,1,52.03621,79,Replayed,3.0
-9.0,-1.0,-1,1,56.771572,79,Replayed,9.0
-1.0,1.0,-1,1,55.28165,79,Replayed,1.0
-3.0,-1.0,-1,1,51.834435,79,Replayed,3.0
5.0,0.0,-1,0,47.536476,79,Replayed,5.0
-38.0,-1.0,-1,1,73.046776,79,Replayed,38.0
38.0,0.0,1,1,70.28507,79,Replayed,38.0
-9.0,-1.0,-1,1,56.3122,79,Replayed,9.0
9.0,-1.0,-1,0,41.411953,79,Replayed,9.0
-5.0,1.0,-1,1,57.9969,79,Replayed,5.0
3.0,1.0,-1,0,51.0329,79,Replayed,3.0
3.0,0.0,-1,0,49.195763,79,Replayed,3.0
-38.0,-1.0,-1,1,74.247345,79,Replayed,38.0
3.0,1.0,-1,0,52.02256,79,Replayed,3.0
-5.0,0.0,-1,1,55.468403,79,Replayed,5.0
-1.0,0.0,-1,1,53.430325,79,Replayed,1.0
38.0,-1.0,1,1,67.28025,79,Replayed,38.0
-38.0,0.0,-1,1,76.72762,79,Replayed,38.0
-1.0,0.0,-1,1,52.451973,79,Replayed,1.0
-5.0,1.0,-1,1,58.2923,79,Replayed,5.0
-38.0,-1.0,-1,1,73.53534,79,Replayed,38.0
-9.0,1.0,-1,1,61.8067,79,Replayed,9.0
-5.0,0.0,-1,1,56.791954,79,Replayed,5.0
-3.0,0.0,-1,1,54.22766,79,Replayed,3.0
3.0,0.0,-1,0,50.056927,79,Replayed,3.0
38.0,1.0,1,1,72.83686,79,Replayed,38.0
3.0,-1.0,-1,0,49.21811,79,Replayed,3.0
-5.0,1.0,-1,1,58.451973,79,Replayed,5.0
1.0,0.0,-1,0,51.118923,79,Replayed,1.0
3.0,0.0,-1,0,49.703564,79,Replayed,3.0
3.0,0.0,-1,0,49.95294,79,Replayed,3.0
38.0,1.0,1,1,73.57733,79,Replayed,38.0
-9.0,-1.0,-1,1,57.32733,79,Replayed,9.0
3.0,1.0,-1,0,51.72453,79,Replayed,3.0
5.0,-1.0,1,1,45.339844,79,Replayed,5.0
38.0,1.0,1,1,72.85152,79,Replayed,38.0
-3.0,-1.0,-1,1,52.213512,79,Replayed,3.0
9.0,-1.0,1,1,47.979156,79,Replayed,9.0
-1.0,0.0,-1,1,52.876526,79,Replayed,1.0
-9.0,-1.0,-1,1,56.282127,79,Replayed,9.0
-3.0,0.0,-1,1,54.539818,79,Replayed,3.0
9.0,-1.0,1,1,47.059406,79,Replayed,9.0
9.0,1.0,-1,0,47.79944,79,Replayed,9.0
-38.0,0.0,-1,1,76.18835,79,Replayed,38.0
-5.0,1.0,-1,1,57.341087,79,Replayed,5.0
-3.0,1.0,1,0,44.074528,79,Replayed,3.0
9.0,1.0,-1,0,46.228897,79,Replayed,9.0
1.0,-1.0,-1,0,49.914127,79,Replayed,1.0
-9.0,0.0,-1,1,57.30612,79,Replayed,9.0
5.0,0.0,1,1,46.83001,79,Replayed,5.0
38.0,0.0,1,1,69.24163,79,Replayed,38.0
5.0,0.0,-1,0,48.626244,79,Replayed,5.0
38.0,-1.0,1,1,66.002975,79,Replayed,38.0
38.0,0.0,1,1,69.56372,79,Replayed,38.0
5.0,1.0,-1,0,50.17745,79,Replayed,5.0
-9.0,1.0,-1,1,61.614758,79,Replayed,9.0
-5.0,-1.0,-1,1,55.302906,79,Replayed,5.0
3.0,-1.0,-1,0,48.301514,79,Replayed,3.0
-38.0,0.0,-1,1,76.14536,79,Replayed,38.0
9.0,0.0,-1,0,44.87172,79,Replayed,9.0
-9.0,1.0,-1,1,60.460793,79,Replayed,9.0
-3.0,-1.0,-1,1,52.410107,79,Replayed,3.0
-9.0,1.0,-1,1,60.405083,79,Replayed,9.0
5.0,1.0,1,1,50.088215,79,Replayed,5.0
-3.0,-1.0,-1,1,51.943607,79,Replayed,3.0
9.0,1.0,1,1,51.275402,79,Replayed,9.0
5.0,1.0,1,1,49.802963,79,Replayed,5.0
5.0,1.0,1,1,49.41505,79,Replayed,5.0
1.0,0.0,-1,0,51.08722,79,Replayed,1.0
-5.0,0.0,-1,1,56.29137,79,Replayed,5.0
5.0,0.0,-1,0,47.323906,79,Replayed,5.0
-5.0,1.0,1,0,41.460007,79,Replayed,5.0
3.0,-1.0,-1,0,48.33207,79,Replayed,3.0
-9.0,-1.0,-1,1,56.161594,79,Replayed,9.0
38.0,1.0,1,1,72.86138,79,Replayed,38.0
9.0,1.0,-1,0,46.881588,79,Replayed,9.0
1.0,-1.0,1,1,41.849075,79,Replayed,1.0
38.0,-1.0,1,1,66.08292,79,Replayed,38.0
-5.0,-1.0,-1,1,54.16604,79,Replayed,5.0
-1.0,1.0,-1,1,54.464634,79,Replayed,1.0
-3.0,1.0,-1,1,56.785236,79,Replayed,3.0
9.0,1.0,1,1,52.273975,79,Replayed,9.0
-5.0,1.0,-1,1,58.393173,79,Replayed,5.0
3.0,0.0,-1,0,49.87717,79,Replayed,3.0
-5.0,0.0,-1,1,56.03788,79,Replayed,5.0
38.0,1.0,1,1,72.20143,79,Replayed,38.0
-38.0,-1.0,-1,1,72.91863,79,Replayed,38.0
3.0,-1.0,-1,0,47.91214,79,Replayed,3.0
-3.0,0.0,1,0,42.429077,79,Replayed,3.0
-38.0,-1.0,-1,1,74.33638,79,Replayed,38.0
1.0,1.0,-1,0,54.524277,79,Replayed,1.0
1.0,-1.0,1,1,42.88403,79,Replayed,1.0
9.0,1.0,-1,0,46.885498,79,Replayed,9.0
1.0,1.0,-1,0,54.083813,79,Replayed,1.0
-5.0,1.0,1,0,42.05413,79,Replayed,5.0
1.0,0.0,-1,0,51.708878,79,Replayed,1.0
-9.0,0.0,-1,1,58.59343,79,Replayed,9.0
9.0,-1.0,-1,0,43.319614,79,Replayed,9.0
-38.0,0.0,-1,1,75.92526,79,Replayed,38.0
-3.0,0.0,-1,1,54.63756,79,Replayed,3.0
9.0,0.0,-1,0,44.253086,79,Replayed,9.0
-1.0,0.0,-1,1,52.541344,79,Replayed,1.0
3.0,1.0,-1,0,51.46212,79,Replayed,3.0
3.0,-1.0,1,1,43.81782,79,Replayed,3.0
3.0,0.0,-1,0,48.883244,79,Replayed,3.0
9.0,0.0,1,1,50.007694,79,Replayed,9.0
9.0,0.0,-1,0,44.20869,79,Replayed,9.0
9.0,0.0,1,1,50.123573,79,Replayed,9.0
-5.0,-1.0,1,0,38.134827,79,Replayed,5.0
-1.0,0.0,-1,1,52.727882,79,Replayed,1.0
38.0,0.0,1,1,69.20012,79,Replayed,38.0
-38.0,-1.0,-1,1,73.133354,79,Replayed,38.0
-9.0,0.0,-1,1,59.028084,79,Replayed,9.0
-5.0,0.0,-1,1,55.83713,79,Replayed,5.0
5.0,0.0,-1,0,48.473106,79,Replayed,5.0
-1.0,1.0,-1,1,55.664722,79,Replayed,1.0
-1.0,-1.0,-1,1,51.130825,79,Replayed,1.0
-1.0,-1.0,-1,1,50.549706,79,Replayed,1.0
-3.0,0.0,-1,1,53.750343,79,Replayed,3.0
5.0,-1.0,1,1,44.982433,79,Replayed,5.0
3.0,1.0,-1,0,51.10391,79,Replayed,3.0
-1.0,-1.0,1,0,40.20471,79,Replayed,1.0
-38.0,1.0,-1,1,80.52507,79,Replayed,38.0
3.0,1.0,-1,0,51.881336,79,Replayed,3.0
1.0,0.0,-1,0,51.40973,79,Replayed,1.0
-38.0,0.0,-1,1,75.8919,79,Replayed,38.0
1.0,1.0,-1,0,53.292774,79,Replayed,1.0
1.0,-1.0,-1,0,50.871574,79,Replayed,1.0
-5.0,-1.0,-1,1,53.026085,79,Replayed,5.0
-3.0,1.0,-1,1,56.464542,79,Replayed,3.0
9.0,-1.0,1,1,47.41177,79,Replayed,9.0
3.0,0.0,1,1,44.651806,79,Replayed,3.0
1.0,1.0,1,1,45.896957,79,Replayed,1.0
-1.0,-1.0,-1,1,51.624794,79,Replayed,1.0
5.0,1.0,-1,0,50.705433,79,Replayed,5.0
1.0,-1.0,-1,0,49.67101,79,Replayed,1.0
9.0,0.0,-1,0,57.695625,80,Replayed,9.0
-1.0,-1.0,-1,1,60.23187,80,Replayed,1.0
-3.0,1.0,1,0,63.659245,80,Replayed,3.0
-5.0,-1.0,-1,1,64.32385,80,Replayed,5.0
38.0,0.0,1,1,95.5,80,Replayed,38.0
-38.0,-1.0,-1,1,93.51599,80,Replayed,38.0
1.0,0.0,-1,0,59.51785,80,Replayed,1.0
38.0,0.0,1,1,95.3839,80,Replayed,38.0
9.0,0.0,1,1,73.995766,80,Replayed,9.0
38.0,-1.0,1,1,93.69563,80,Replayed,38.0
-1.0,1.0,-1,1,64.05677,80,Replayed,1.0
-1.0,0.0,1,0,61.41559,80,Replayed,1.0
-38.0,1.0,-1,1,96.46951,80,Replayed,38.0
9.0,1.0,1,1,76.91504,80,Replayed,9.0
9.0,1.0,1,1,76.70258,80,Replayed,9.0
3.0,0.0,1,1,65.89376,80,Replayed,3.0
1.0,1.0,1,1,65.69165,80,Replayed,1.0
9.0,1.0,1,1,76.97888,80,Replayed,9.0
3.0,1.0,1,1,67.23827,80,Replayed,3.0
9.0,0.0,1,1,74.41533,80,Replayed,9.0
1.0,0.0,1,1,63.89562,80,Replayed,1.0
9.0,1.0,1,1,75.67282,80,Replayed,9.0
1.0,-1.0,1,1,60.78797,80,Replayed,1.0
-3.0,0.0,1,0,61.51942,80,Replayed,3.0
38.0,0.0,1,1,95.56982,80,Replayed,38.0
-9.0,0.0,-1,1,73.57334,80,Replayed,9.0
9.0,0.0,1,1,73.81793,80,Replayed,9.0
38.0,0.0,1,1,95.75573,80,Replayed,38.0
1.0,-1.0,1,1,60.844337,80,Replayed,1.0
-9.0,0.0,-1,1,73.32625,80,Replayed,9.0
-3.0,0.0,1,0,60.446304,80,Replayed,3.0
9.0,-1.0,1,1,70.86321,80,Replayed,9.0
-5.0,1.0,-1,1,69.93988,80,Replayed,5.0
5.0,-1.0,-1,0,56.265537,80,Replayed,5.0
38.0,-1.0,1,1,93.87679,80,Replayed,38.0
3.0,-1.0,1,1,63.362617,80,Replayed,3.0
38.0,1.0,1,1,96.50895,80,Replayed,38.0
5.0,-1.0,1,1,67.047165,80,Replayed,5.0
38.0,-1.0,1,1,93.93713,80,Replayed,38.0
-5.0,0.0,-1,1,67.95481,80,Replayed,5.0
-9.0,0.0,-1,1,73.455025,80,Replayed,9.0
-38.0,-1.0,-1,1,93.026695,80,Replayed,38.0
3.0,0.0,1,1,65.552536,80,Replayed,3.0
3.0,-1.0,1,1,63.83465,80,Replayed,3.0
38.0,0.0,1,1,95.27666,80,Replayed,38.0
5.0,1.0,1,1,72.35405,80,Replayed,5.0
-38.0,-1.0,-1,1,93.07444,80,Replayed,38.0
1.0,-1.0,-1,0,58.35976,80,Replayed,1.0
-5.0,-1.0,-1,1,64.90924,80,Replayed,5.0
-5.0,0.0,-1,1,67.242004,80,Replayed,5.0
3.0,1.0,1,1,68.30292,80,Replayed,3.0
1.0,-1.0,1,1,60.52618,80,Replayed,1.0
9.0,1.0,1,1,76.22687,80,Replayed,9.0
5.0,0.0,1,1,68.356476,80,Replayed,5.0
1.0,0.0,1,1,63.032578,80,Replayed,1.0
-38.0,-1.0,-1,1,93.41953,80,Replayed,38.0
3.0,-1.0,1,1,63.24143,80,Replayed,3.0
1.0,1.0,1,1,65.82658,80,Replayed,1.0
9.0,1.0,1,1,76.43764,80,Replayed,9.0
-38.0,-1.0,-1,1,93.33044,80,Replayed,38.0
-1.0,-1.0,-1,1,59.45619,80,Replayed,1.0
1.0,1.0,1,1,66.075,80,Replayed,1.0
-3.0,1.0,-1,1,66.18327,80,Replayed,3.0
-5.0,1.0,-1,1,70.01336,80,Replayed,5.0
-3.0,0.0,1,0,61.351097,80,Replayed,3.0
38.0,-1.0,1,1,93.79356,80,Replayed,38.0
1.0,0.0,-1,0,60.28699,80,Replayed,1.0
-9.0,1.0,-1,1,75.271935,80,Replayed,9.0
-5.0,1.0,1,0,62.588562,80,Replayed,5.0
5.0,-1.0,1,1,65.96918,80,Replayed,5.0
-3.0,1.0,-1,1,68.12087,80,Replayed,3.0
-38.0,-1.0,-1,1,93.0745,80,Replayed,38.0
-5.0,0.0,-1,1,67.86116,80,Replayed,5.0
-3.0,1.0,-1,1,67.600044,80,Replayed,3.0
1.0,-1.0,-1,0,57.469948,80,Replayed,1.0
-1.0,-1.0,1,0,59.350418,80,Replayed,1.0
-3.0,-1.0,1,0,58.46587,80,Replayed,3.0
-3.0,0.0,1,0,61.62065,80,Replayed,3.0
9.0,1.0,1,1,75.97948,80,Replayed,9.0
-1.0,-1.0,-1,1,59.82879,80,Replayed,1.0
-1.0,1.0,-1,1,63.757397,80,Replayed,1.0
-1.0,0.0,-1,1,61.537563,80,Replayed,1.0
-38.0,1.0,-1,1,96.422455,80,Replayed,38.0
3.0,-1.0,-1,0,56.90138,80,Replayed,3.0
5.0,-1.0,-1,0,56.32217,80,Replayed,5.0
5.0,1.0,-1,0,61.964733,80,Replayed,5.0
9.0,-1.0,1,1,71.82288,80,Replayed,9.0
-1.0,1.0,-1,1,63.65763,80,Replayed,1.0
-3.0,-1.0,-1,1,62.277817,80,Replayed,3.0
38.0,0.0,1,1,95.472984,80,Replayed,38.0
-3.0,-1.0,-1,1,61.658882,80,Replayed,3.0
-5.0,0.0,-1,1,67.91066,80,Replayed,5.0
3.0,1.0,1,1,67.5328,80,Replayed,3.0
1.0,1.0,1,1,65.58915,80,Replayed,1.0
5.0,0.0,1,1,68.97871,80,Replayed,5.0
-38.0,1.0,-1,1,96.35724,80,Replayed,38.0
-5.0,1.0,-1,1,69.121056,80,Replayed,5.0
-9.0,-1.0,-1,1,70.710205,80,Replayed,9.0
-3.0,0.0,1,0,60.338028,80,Replayed,3.0
9.0,0.0,1,1,74.54358,80,Replayed,9.0
38.0,1.0,1,1,96.62,80,Replayed,38.0
-9.0,1.0,-1,1,75.62836,80,Replayed,9.0
9.0,0.0,1,1,75.14312,80,Replayed,9.0
-5.0,-1.0,-1,1,64.65905,80,Replayed,5.0
-1.0,0.0,1,0,60.254658,80,Replayed,1.0
38.0,1.0,1,1,96.67538,80,Replayed,38.0
3.0,0.0,1,1,66.228004,80,Replayed,3.0
38.0,-1.0,1,1,93.85222,80,Replayed,38.0
-9.0,1.0,-1,1,75.60661,80,Replayed,9.0
-1.0,-1.0,-1,1,59.576,80,Replayed,1.0
-38.0,1.0,-1,1,96.2982,80,Replayed,38.0
38.0,1.0,1,1,96.459274,80,Replayed,38.0
-38.0,-1.0,-1,1,93.12595,80,Replayed,38.0
-3.0,0.0,-1,1,65.59276,80,Replayed,3.0
-9.0,-1.0,-1,1,70.889786,80,Replayed,9.0
1.0,0.0,1,1,63.29766,80,Replayed,1.0
-1.0,0.0,1,0,61.81343,80,Replayed,1.0
-1.0,0.0,1,0,61.867565,80,Replayed,1.0
-5.0,0.0,-1,1,67.37854,80,Replayed,5.0
-38.0,1.0,-1,1,96.260376,80,Replayed,38.0
1.0,0.0,-1,0,60.297703,80,Replayed,1.0
-1.0,-1.0,1,0,59.097218,80,Replayed,1.0
3.0,0.0,1,1,67.44564,80,Replayed,3.0
1.0,1.0,1,1,66.234375,80,Replayed,1.0
38.0,1.0,1,1,96.59171,80,Replayed,38.0
-1.0,1.0,-1,1,63.785545,80,Replayed,1.0
-9.0,1.0,1,0,61.81394,80,Replayed,9.0
5.0,-1.0,1,1,65.970436,80,Replayed,5.0
3.0,1.0,1,1,67.4777,80,Replayed,3.0
-9.0,0.0,-1,1,72.475784,80,Replayed,9.0
5.0,-1.0,1,1,66.60884,80,Replayed,5.0
-5.0,-1.0,1,0,58.049828,80,Replayed,5.0
3.0,0.0,1,1,66.56295,80,Replayed,3.0
-38.0,0.0,-1,1,95.59063,80,Replayed,38.0
3.0,1.0,1,1,68.58103,80,Replayed,3.0
-1.0,0.0,1,0,62.023563,80,Replayed,1.0
9.0,-1.0,1,1,71.415115,80,Replayed,9.0
5.0,0.0,-1,0,59.995102,80,Replayed,5.0
3.0,-1.0,1,1,64.470375,80,Replayed,3.0
-1.0,1.0,-1,1,64.68319,80,Replayed,1.0
-38.0,1.0,-1,1,96.43681,80,Replayed,38.0
5.0,1.0,1,1,70.45582,80,Replayed,5.0
5.0,1.0,1,1,71.20456,80,Replayed,5.0
3.0,1.0,1,1,68.94342,80,Replayed,3.0
-9.0,-1.0,-1,1,69.99702,80,Replayed,9.0
5.0,1.0,1,1,70.93072,80,Replayed,5.0
-9.0,0.0,-1,1,72.86127,80,Replayed,9.0
-3.0,1.0,-1,1,67.47536,80,Replayed,3.0
1.0,-1.0,-1,0,57.972656,80,Replayed,1.0
-1.0,-1.0,1,0,58.342888,80,Replayed,1.0
9.0,-1.0,-1,0,54.484142,80,Replayed,9.0
5.0,1.0,1,1,71.39833,80,Replayed,5.0
5.0,0.0,1,1,68.12678,80,Replayed,5.0
-9.0,-1.0,-1,1,70.749825,80,Replayed,9.0
-9.0,-1.0,-1,1,70.605,80,Replayed,9.0
-5.0,-1.0,-1,1,66.061066,80,Replayed,5.0
9.0,-1.0,1,1,70.90374,80,Replayed,9.0
5.0,0.0,-1,0,59.220314,80,Replayed,5.0
5.0,0.0,-1,0,59.960747,80,Replayed,5.0
-38.0,0.0,-1,1,95.185524,80,Replayed,38.0
5.0,1.0,1,1,71.09328,80,Replayed,5.0
9.0,-1.0,1,1,71.46951,80,Replayed,9.0
9.0,-1.0,1,1,71.21356,80,Replayed,9.0
5.0,1.0,1,1,71.53705,80,Replayed,5.0
-5.0,0.0,-1,1,67.46836,80,Replayed,5.0
-3.0,0.0,-1,1,65.53171,80,Replayed,3.0
-3.0,1.0,1,0,63.933098,80,Replayed,3.0
-9.0,1.0,-1,1,75.7773,80,Replayed,9.0
38.0,1.0,1,1,96.43894,80,Replayed,38.0
-1.0,1.0,1,0,62.52189,80,Replayed,1.0
-3.0,-1.0,-1,1,62.534554,80,Replayed,3.0
38.0,1.0,1,1,96.81108,80,Replayed,38.0
-38.0,-1.0,-1,1,93.2638,80,Replayed,38.0
-9.0,-1.0,-1,1,70.27871,80,Replayed,9.0
5.0,0.0,1,1,68.868706,80,Replayed,5.0
-9.0,0.0,1,0,59.334366,80,Replayed,9.0
-1.0,0.0,-1,1,62.674915,80,Replayed,1.0
-3.0,-1.0,-1,1,61.90176,80,Replayed,3.0
-5.0,-1.0,-1,1,65.03959,80,Replayed,5.0
9.0,1.0,1,1,76.060486,80,Replayed,9.0
-1.0,-1.0,-1,1,58.821644,80,Replayed,1.0
-38.0,0.0,-1,1,94.89881,80,Replayed,38.0
-38.0,0.0,-1,1,95.1054,80,Replayed,38.0
-9.0,0.0,-1,1,73.31814,80,Replayed,9.0
-5.0,1.0,-1,1,69.84643,80,Replayed,5.0
-3.0,0.0,1,0,61.642277,80,Replayed,3.0
1.0,1.0,1,1,64.66949,80,Replayed,1.0
-5.0,-1.0,-1,1,65.34906,80,Replayed,5.0
-1.0,0.0,1,0,61.47857,80,Replayed,1.0
38.0,0.0,1,1,95.53963,80,Replayed,38.0
-5.0,0.0,1,0,60.25449,80,Replayed,5.0
9.0,0.0,1,1,73.88619,80,Replayed,9.0
1.0,-1.0,-1,0,57.65226,80,Replayed,1.0
38.0,-1.0,1,1,93.51958,80,Replayed,38.0
-3.0,-1.0,-1,1,62.690372,80,Replayed,3.0
38.0,-1.0,1,1,94.072296,80,Replayed,38.0
-3.0,-1.0,1,0,58.652824,80,Replayed,3.0
-38.0,0.0,-1,1,95.162926,80,Replayed,38.0
-38.0,1.0,-1,1,96.57931,80,Replayed,38.0
-9.0,1.0,-1,1,74.792885,80,Replayed,9.0
-38.0,1.0,-1,1,96.53861,80,Replayed,38.0
-3.0,-1.0,1,0,58.220387,80,Replayed,3.0
5.0,-1.0,-1,0,56.4774,80,Replayed,5.0
5.0,-1.0,1,1,66.714035,80,Replayed,5.0
3.0,0.0,1,1,65.846596,80,Replayed,3.0
1.0,-1.0,-1,0,57.648766,80,Replayed,1.0
-38.0,0.0,-1,1,95.16971,80,Replayed,38.0
-9.0,-1.0,-1,1,70.07256,80,Replayed,9.0
-1.0,1.0,-1,1,63.20394,80,Replayed,1.0
-5.0,1.0,-1,1,69.485405,80,Replayed,5.0
-9.0,1.0,-1,1,75.24811,80,Replayed,9.0
3.0,-1.0,1,1,63.31783,80,Replayed,3.0
-9.0,0.0,-1,1,73.14067,80,Replayed,9.0
-1.0,1.0,-1,1,65.24983,80,Replayed,1.0
-9.0,-1.0,-1,1,70.770294,80,Replayed,9.0
38.0,-1.0,1,1,93.733284,80,Replayed,38.0
38.0,0.0,1,1,95.69114,80,Replayed,38.0
3.0,1.0,1,1,67.88306,80,Replayed,3.0
-9.0,1.0,-1,1,74.654236,80,Replayed,9.0
9.0,-1.0,1,1,71.22296,80,Replayed,9.0
3.0,1.0,1,1,68.11326,80,Replayed,3.0
9.0,0.0,1,1,73.73729,80,Replayed,9.0
-5.0,-1.0,1,0,57.190834,80,Replayed,5.0
-38.0,0.0,-1,1,95.18333,80,Replayed,38.0
1.0,0.0,1,1,62.626106,80,Replayed,1.0
3.0,0.0,-1,0,60.33966,80,Replayed,3.0
1.0,0.0,1,1,63.6839,80,Replayed,1.0
3.0,-1.0,-1,0,56.82841,80,Replayed,3.0
-3.0,1.0,1,0,63.869698,80,Replayed,3.0
1.0,1.0,-1,0,62.144733,80,Replayed,1.0
3.0,0.0,1,1,66.49769,80,Replayed,3.0
-38.0,0.0,-1,1,95.383224,80,Replayed,38.0
-5.0,1.0,-1,1,69.28737,80,Replayed,5.0
38.0,1.0,1,1,96.60693,80,Replayed,38.0
3.0,-1.0,1,1,63.850243,80,Replayed,3.0
5.0,0.0,1,1,68.94896,80,Replayed,5.0
-5.0,1.0,1,0,62.72739,80,Replayed,5.0
-5.0,0.0,1,0,60.032803,80,Replayed,5.0
1.0,1.0,-1,0,61.82075,80,Replayed,1.0
-3.0,1.0,-1,1,67.736084,80,Replayed,3.0
-3.0,-1.0,-1,1,88.995674,81,Replayed,3.0
-5.0,-1.0,-1,1,89.79498,81,Replayed,5.0
-3.0,-1.0,-1,1,89.48263,81,Replayed,3.0
38.0,0.0,1,1,97.926765,81,Replayed,38.0
-5.0,0.0,-1,1,89.84985,81,Replayed,5.0
5.0,0.0,-1,0,87.627266,81,Replayed,5.0
38.0,1.0,-1,0,48.957848,81,Replayed,38.0
-3.0,0.0,1,0,88.10581,81,Replayed,3.0
38.0,-1.0,1,1,97.92257,81,Replayed,38.0
-38.0,-1.0,-1,1,98.02134,81,Replayed,38.0
5.0,1.0,1,1,67.743164,81,Replayed,5.0
9.0,1.0,-1,0,60.21699,81,Replayed,9.0
9.0,0.0,-1,0,87.64963,81,Replayed,9.0
-38.0,-1.0,-1,1,97.84735,81,Replayed,38.0
1.0,1.0,1,1,64.71306,81,Replayed,1.0
-1.0,1.0,-1,1,63.76401,81,Replayed,1.0
-5.0,-1.0,-1,1,89.42012,81,Replayed,5.0
9.0,-1.0,1,1,91.71343,81,Replayed,9.0
-38.0,0.0,1,0,87.381775,81,Replayed,38.0
-5.0,-1.0,-1,1,90.00867,81,Replayed,5.0
5.0,0.0,1,1,89.89114,81,Replayed,5.0
3.0,1.0,-1,0,62.693153,81,Replayed,3.0
-1.0,1.0,1,0,63.68671,81,Replayed,1.0
-9.0,-1.0,-1,1,90.91735,81,Replayed,9.0
1.0,1.0,1,1,64.931015,81,Replayed,1.0
3.0,1.0,1,1,66.72008,81,Replayed,3.0
38.0,1.0,-1,0,49.18059,81,Replayed,38.0
-38.0,-1.0,-1,1,97.74467,81,Replayed,38.0
-38.0,0.0,1,0,87.71503,81,Replayed,38.0
3.0,0.0,-1,0,87.699684,81,Replayed,3.0
38.0,1.0,1,1,84.312454,81,Replayed,38.0
38.0,-1.0,1,1,97.778725,81,Replayed,38.0
-9.0,0.0,-1,1,91.475266,81,Replayed,9.0
-1.0,0.0,-1,1,87.91666,81,Replayed,1.0
9.0,0.0,-1,0,86.5655,81,Replayed,9.0
38.0,0.0,1,1,97.75678,81,Replayed,38.0
5.0,0.0,-1,0,87.89613,81,Replayed,5.0
-5.0,1.0,-1,1,66.63408,81,Replayed,5.0
-9.0,-1.0,-1,1,91.62366,81,Replayed,9.0
-3.0,1.0,1,0,62.85342,81,Replayed,3.0
9.0,0.0,-1,0,87.78347,81,Replayed,9.0
-9.0,-1.0,1,0,87.75456,81,Replayed,9.0
3.0,0.0,-1,0,87.809265,81,Replayed,3.0
-1.0,1.0,1,0,63.836597,81,Replayed,1.0
-5.0,0.0,1,0,87.80621,81,Replayed,5.0
-1.0,-1.0,-1,1,88.84611,81,Replayed,1.0
3.0,0.0,1,1,89.15272,81,Replayed,3.0
-5.0,1.0,-1,1,67.0658,81,Replayed,5.0
5.0,0.0,1,1,90.28412,81,Replayed,5.0
-9.0,0.0,-1,1,91.40212,81,Replayed,9.0
-3.0,0.0,-1,1,88.63836,81,Replayed,3.0
1.0,1.0,-1,0,62.42111,81,Replayed,1.0
-3.0,1.0,1,0,63.50011,81,Replayed,3.0
38.0,0.0,1,1,97.823654,81,Replayed,38.0
-3.0,1.0,1,0,63.378746,81,Replayed,3.0
-9.0,0.0,-1,1,90.80309,81,Replayed,9.0
5.0,1.0,1,1,67.457,81,Replayed,5.0
1.0,1.0,-1,0,63.659584,81,Replayed,1.0
-9.0,-1.0,-1,1,91.7135,81,Replayed,9.0
5.0,1.0,1,1,67.963486,81,Replayed,5.0
1.0,-1.0,1,1,88.24666,81,Replayed,1.0
3.0,0.0,1,1,88.897835,81,Replayed,3.0
9.0,0.0,-1,0,87.48824,81,Replayed,9.0
5.0,-1.0,-1,0,88.02051,81,Replayed,5.0
3.0,0.0,1,1,88.561806,81,Replayed,3.0
-38.0,0.0,-1,1,97.6886,81,Replayed,38.0
3.0,0.0,1,1,88.86825,81,Replayed,3.0
3.0,-1.0,1,1,89.202644,81,Replayed,3.0
38.0,1.0,1,1,84.644905,81,Replayed,38.0
-5.0,1.0,1,0,63.070698,81,Replayed,5.0
-1.0,-1.0,-1,1,87.47759,81,Replayed,1.0
9.0,1.0,-1,0,60.642105,81,Replayed,9.0
-9.0,0.0,1,0,87.90578,81,Replayed,9.0
3.0,0.0,1,1,89.40812,81,Replayed,3.0
38.0,0.0,1,1,97.75576,81,Replayed,38.0
9.0,0.0,1,1,91.137436,81,Replayed,9.0
3.0,-1.0,-1,0,87.500465,81,Replayed,3.0
9.0,-1.0,1,1,92.083,81,Replayed,9.0
-9.0,-1.0,-1,1,91.32236,81,Replayed,9.0
-1.0,1.0,1,0,64.39526,81,Replayed,1.0
-1.0,0.0,1,0,88.70936,81,Replayed,1.0
3.0,-1.0,-1,0,87.59688,81,Replayed,3.0
-38.0,1.0,-1,1,84.18534,81,Replayed,38.0
9.0,-1.0,1,1,91.612976,81,Replayed,9.0
38.0,1.0,1,1,84.952835,81,Replayed,38.0
-1.0,-1.0,1,0,88.03579,81,Replayed,1.0
-1.0,1.0,1,0,63.83562,81,Replayed,1.0
3.0,1.0,-1,0,63.01976,81,Replayed,3.0
5.0,-1.0,-1,0,88.35081,81,Replayed,5.0
-38.0,0.0,1,0,87.84703,81,Replayed,38.0
1.0,0.0,-1,0,87.79447,81,Replayed,1.0
1.0,-1.0,1,1,88.416275,81,Replayed,1.0
-1.0,-1.0,-1,1,88.1826,81,Replayed,1.0
1.0,0.0,1,1,88.77065,81,Replayed,1.0
5.0,-1.0,-1,0,87.04612,81,Replayed,5.0
-3.0,-1.0,-1,1,89.20717,81,Replayed,3.0
5.0,0.0,1,1,89.6857,81,Replayed,5.0
9.0,-1.0,1,1,91.95424,81,Replayed,9.0
-1.0,0.0,1,0,88.00393,81,Replayed,1.0
1.0,1.0,1,1,65.166084,81,Replayed,1.0
-38.0,0.0,-1,1,97.810074,81,Replayed,38.0
-3.0,0.0,1,0,87.729576,81,Replayed,3.0
-3.0,-1.0,1,0,87.46509,81,Replayed,3.0
-38.0,1.0,-1,1,84.0864,81,Replayed,38.0
-1.0,0.0,1,0,87.86556,81,Replayed,1.0
-3.0,1.0,-1,1,65.60033,81,Replayed,3.0
1.0,1.0,-1,0,62.482136,81,Replayed,1.0
5.0,0.0,1,1,89.830215,81,Replayed,5.0
-5.0,1.0,1,0,63.132923,81,Replayed,5.0
-9.0,0.0,1,0,87.35739,81,Replayed,9.0
38.0,-1.0,1,1,97.838684,81,Replayed,38.0
-9.0,-1.0,1,0,88.63333,81,Replayed,9.0
-5.0,1.0,-1,1,67.14705,81,Replayed,5.0
-1.0,-1.0,1,0,88.17637,81,Replayed,1.0
38.0,0.0,1,1,97.9956,81,Replayed,38.0
-5.0,-1.0,1,0,87.76985,81,Replayed,5.0
9.0,-1.0,-1,0,87.26714,81,Replayed,9.0
-38.0,1.0,-1,1,84.267654,81,Replayed,38.0
5.0,0.0,-1,0,86.98995,81,Replayed,5.0
1.0,-1.0,-1,0,87.968605,81,Replayed,1.0
-9.0,1.0,1,0,60.749847,81,Replayed,9.0
-5.0,0.0,1,0,87.82185,81,Replayed,5.0
1.0,-1.0,1,1,88.71029,81,Replayed,1.0
-5.0,0.0,-1,1,89.97137,81,Replayed,5.0
9.0,1.0,1,1,69.62994,81,Replayed,9.0
9.0,1.0,1,1,70.20788,81,Replayed,9.0
1.0,0.0,1,1,88.09792,81,Replayed,1.0
-3.0,-1.0,1,0,87.32723,81,Replayed,3.0
-5.0,1.0,1,0,63.35341,81,Replayed,5.0
9.0,1.0,1,1,69.00755,81,Replayed,9.0
-3.0,1.0,1,0,62.731762,81,Replayed,3.0
-38.0,1.0,-1,1,83.8406,81,Replayed,38.0
-9.0,1.0,1,0,60.42539,81,Replayed,9.0
38.0,-1.0,1,1,97.87103,81,Replayed,38.0
3.0,0.0,1,1,89.01551,81,Replayed,3.0
9.0,1.0,1,1,69.620766,81,Replayed,9.0
-9.0,1.0,-1,1,68.47853,81,Replayed,9.0
-38.0,-1.0,-1,1,98.01829,81,Replayed,38.0
-9.0,0.0,1,0,87.75733,81,Replayed,9.0
-9.0,1.0,1,0,60.37538,81,Replayed,9.0
-3.0,1.0,-1,1,66.98381,81,Replayed,3.0
3.0,-1.0,1,1,89.78129,81,Replayed,3.0
1.0,-1.0,1,1,88.75031,81,Replayed,1.0
-5.0,1.0,1,0,63.025917,81,Replayed,5.0
1.0,-1.0,-1,0,87.20155,81,Replayed,1.0
5.0,-1.0,1,1,90.049675,81,Replayed,5.0
3.0,1.0,-1,0,62.908287,81,Replayed,3.0
-38.0,-1.0,-1,1,97.794014,81,Replayed,38.0
9.0,1.0,-1,0,60.78335,81,Replayed,9.0
-3.0,0.0,-1,1,88.4975,81,Replayed,3.0
38.0,1.0,1,1,84.40982,81,Replayed,38.0
38.0,0.0,1,1,97.95073,81,Replayed,38.0
-3.0,1.0,1,0,63.51664,81,Replayed,3.0
-5.0,0.0,-1,1,89.7618,81,Replayed,5.0
-5.0,-1.0,-1,1,90.553055,81,Replayed,5.0
3.0,-1.0,1,1,89.49127,81,Replayed,3.0
-5.0,0.0,1,0,87.92737,81,Replayed,5.0
-38.0,-1.0,-1,1,97.75226,81,Replayed,38.0
5.0,-1.0,1,1,89.793205,81,Replayed,5.0
-9.0,1.0,1,0,60.511253,81,Replayed,9.0
5.0,1.0,1,1,67.73525,81,Replayed,5.0
-9.0,1.0,-1,1,68.96539,81,Replayed,9.0
3.0,1.0,-1,0,62.388355,81,Replayed,3.0
-1.0,-1.0,-1,1,88.43202,81,Replayed,1.0
9.0,-1.0,1,1,91.70521,81,Replayed,9.0
-1.0,0.0,-1,1,87.42419,81,Replayed,1.0
38.0,1.0,-1,0,49.549175,81,Replayed,38.0
-38.0,1.0,-1,1,83.73771,81,Replayed,38.0
-3.0,-1.0,1,0,88.23441,81,Replayed,3.0
-38.0,1.0,-1,1,83.836716,81,Replayed,38.0
38.0,-1.0,1,1,97.99912,81,Replayed,38.0
-38.0,0.0,-1,1,97.83067,81,Replayed,38.0
-1.0,-1.0,1,0,88.65069,81,Replayed,1.0
-1.0,1.0,1,0,64.293304,81,Replayed,1.0
38.0,0.0,1,1,97.72339,81,Replayed,38.0
1.0,0.0,-1,0,87.73297,81,Replayed,1.0
5.0,-1.0,-1,0,87.53274,81,Replayed,5.0
-38.0,0.0,1,0,88.28127,81,Replayed,38.0
-38.0,-1.0,-1,1,97.96393,81,Replayed,38.0
1.0,-1.0,1,1,88.083725,81,Replayed,1.0
-3.0,-1.0,-1,1,89.60246,81,Replayed,3.0
-9.0,-1.0,1,0,87.470764,81,Replayed,9.0
-1.0,0.0,-1,1,87.67524,81,Replayed,1.0
38.0,-1.0,1,1,97.89068,81,Replayed,38.0
-3.0,0.0,1,0,87.41549,81,Replayed,3.0
5.0,1.0,1,1,67.69104,81,Replayed,5.0
3.0,1.0,-1,0,62.389797,81,Replayed,3.0
-3.0,1.0,-1,1,64.68477,81,Replayed,3.0
3.0,-1.0,-1,0,87.79642,81,Replayed,3.0
-9.0,1.0,1,0,61.103893,81,Replayed,9.0
-3.0,0.0,-1,1,89.17473,81,Replayed,3.0
1.0,0.0,1,1,87.94261,81,Replayed,1.0
-38.0,1.0,-1,1,83.947975,81,Replayed,38.0
1.0,1.0,1,1,65.2175,81,Replayed,1.0
3.0,-1.0,1,1,89.381325,81,Replayed,3.0
-3.0,0.0,1,0,88.00458,81,Replayed,3.0
1.0,-1.0,1,1,88.506294,81,Replayed,1.0
-5.0,0.0,-1,1,89.38202,81,Replayed,5.0
5.0,1.0,1,1,67.71169,81,Replayed,5.0
-9.0,0.0,1,0,87.136856,81,Replayed,9.0
1.0,1.0,-1,0,62.61102,81,Replayed,1.0
9.0,-1.0,1,1,91.75016,81,Replayed,9.0
38.0,-1.0,1,1,97.999985,81,Replayed,38.0
-38.0,0.0,-1,1,97.95062,81,Replayed,38.0
-3.0,0.0,-1,1,89.07243,81,Replayed,3.0
9.0,0.0,-1,0,86.733345,81,Replayed,9.0
5.0,1.0,1,1,67.669205,81,Replayed,5.0
-9.0,1.0,1,0,61.112732,81,Replayed,9.0
9.0,0.0,-1,0,87.38097,81,Replayed,9.0
1.0,0.0,-1,0,86.79118,81,Replayed,1.0
3.0,1.0,1,1,65.98543,81,Replayed,3.0
3.0,-1.0,-1,0,87.54271,81,Replayed,3.0
-5.0,-1.0,1,0,87.66276,81,Replayed,5.0
-38.0,-1.0,-1,1,97.75831,81,Replayed,38.0
-1.0,1.0,-1,1,65.12677,81,Replayed,1.0
1.0,0.0,1,1,88.92036,81,Replayed,1.0
-5.0,1.0,-1,1,66.53513,81,Replayed,5.0
9.0,0.0,1,1,92.04075,81,Replayed,9.0
5.0,-1.0,-1,0,87.498955,81,Replayed,5.0
9.0,-1.0,-1,0,87.1739,81,Replayed,9.0
-38.0,1.0,-1,1,84.68583,81,Replayed,38.0
5.0,-1.0,1,1,90.34874,81,Replayed,5.0
9.0,1.0,-1,0,60.09084,81,Replayed,9.0
3.0,1.0,-1,0,62.598175,81,Replayed,3.0
-1.0,0.0,-1,1,87.50368,81,Replayed,1.0
5.0,1.0,1,1,67.5734,81,Replayed,5.0
38.0,1.0,1,1,83.76156,81,Replayed,38.0
-9.0,-1.0,-1,1,91.12582,81,Replayed,9.0
5.0,0.0,1,1,80.4683,82,Replayed,5.0
3.0,-1.0,-1,0,56.54998,82,Replayed,3.0
9.0,0.0,1,1,85.54346,82,Replayed,9.0
-3.0,-1.0,1,0,63.517006,82,Replayed,3.0
9.0,0.0,1,1,85.5452,82,Replayed,9.0
3.0,0.0,1,1,78.05116,82,Replayed,3.0
38.0,-1.0,1,1,97.65698,82,Replayed,38.0
-5.0,-1.0,1,0,61.4785,82,Replayed,5.0
-38.0,0.0,-1,1,98.34167,82,Replayed,38.0
-9.0,-1.0,-1,1,73.3795,82,Replayed,9.0
-9.0,0.0,-1,1,80.605415,82,Replayed,9.0
-3.0,1.0,1,0,77.34713,82,Replayed,3.0
5.0,1.0,1,1,84.59566,82,Replayed,5.0
9.0,-1.0,1,1,79.78882,82,Replayed,9.0
38.0,1.0,1,1,99.409744,82,Replayed,38.0
38.0,-1.0,1,1,97.59114,82,Replayed,38.0
-1.0,0.0,1,0,73.10689,82,Replayed,1.0
9.0,0.0,1,1,85.79277,82,Replayed,9.0
1.0,1.0,1,1,80.87162,82,Replayed,1.0
3.0,1.0,1,1,82.64669,82,Replayed,3.0
38.0,0.0,1,1,98.872086,82,Replayed,38.0
-5.0,-1.0,-1,1,67.63367,82,Replayed,5.0
38.0,0.0,1,1,98.89179,82,Replayed,38.0
3.0,0.0,1,1,78.84732,82,Replayed,3.0
-5.0,1.0,-1,1,79.92572,82,Replayed,5.0
38.0,0.0,1,1,98.885284,82,Replayed,38.0
-5.0,-1.0,1,0,62.570793,82,Replayed,5.0
-3.0,-1.0,1,0,64.63407,82,Replayed,3.0
-1.0,-1.0,-1,1,60.972786,82,Replayed,1.0
-38.0,-1.0,-1,1,96.70791,82,Replayed,38.0
3.0,0.0,-1,0,64.410934,82,Replayed,3.0
-5.0,0.0,1,0,69.76317,82,Replayed,5.0
38.0,1.0,1,1,99.335976,82,Replayed,38.0
5.0,-1.0,-1,0,53.92967,82,Replayed,5.0
38.0,-1.0,1,1,97.713554,82,Replayed,38.0
-38.0,1.0,1,0,52.213722,82,Replayed,38.0
-38.0,1.0,-1,1,99.08195,82,Replayed,38.0
9.0,-1.0,-1,0,49.441948,82,Replayed,9.0
5.0,1.0,1,1,85.31706,82,Replayed,5.0
-38.0,0.0,-1,1,98.25756,82,Replayed,38.0
-1.0,0.0,-1,1,68.80181,82,Replayed,1.0
-3.0,1.0,-1,1,77.80829,82,Replayed,3.0
-9.0,0.0,-1,1,80.517555,82,Replayed,9.0
-9.0,-1.0,1,0,56.740494,82,Replayed,9.0
-5.0,1.0,1,0,76.431015,82,Replayed,5.0
9.0,-1.0,1,1,80.19718,82,Replayed,9.0
9.0,0.0,1,1,85.30748,82,Replayed,9.0
3.0,0.0,1,1,78.7058,82,Replayed,3.0
-3.0,0.0,-1,1,71.9986,82,Replayed,3.0
1.0,-1.0,1,1,69.238144,82,Replayed,1.0
1.0,1.0,-1,0,73.131615,82,Replayed,1.0
-5.0,0.0,-1,1,75.1262,82,Replayed,5.0
-38.0,-1.0,-1,1,96.58428,82,Replayed,38.0
5.0,1.0,1,1,85.923454,82,Replayed,5.0
3.0,0.0,1,1,77.80973,82,Replayed,3.0
1.0,0.0,-1,0,66.659096,82,Replayed,1.0
-3.0,-1.0,-1,1,65.14838,82,Replayed,3.0
1.0,0.0,-1,0,65.45155,82,Replayed,1.0
9.0,0.0,1,1,85.39622,82,Replayed,9.0
5.0,1.0,1,1,85.20524,82,Replayed,5.0
1.0,1.0,-1,0,72.565445,82,Replayed,1.0
9.0,0.0,-1,0,58.48214,82,Replayed,9.0
-1.0,0.0,1,0,73.60079,82,Replayed,1.0
-3.0,0.0,-1,1,71.37542,82,Replayed,3.0
3.0,-1.0,-1,0,56.59418,82,Replayed,3.0
5.0,1.0,1,1,85.23335,82,Replayed,5.0
-5.0,0.0,1,0,69.59937,82,Replayed,5.0
-1.0,-1.0,1,0,66.552086,82,Replayed,1.0
-9.0,1.0,-1,1,85.62254,82,Replayed,9.0
5.0,-1.0,1,1,75.30679,82,Replayed,5.0
-3.0,0.0,-1,1,72.156395,82,Replayed,3.0
-5.0,0.0,1,0,69.185555,82,Replayed,5.0
-3.0,1.0,-1,1,78.49147,82,Replayed,3.0
9.0,0.0,1,1,85.32511,82,Replayed,9.0
5.0,0.0,-1,0,61.68643,82,Replayed,5.0
9.0,-1.0,1,1,79.92817,82,Replayed,9.0
38.0,1.0,1,1,99.36484,82,Replayed,38.0
5.0,-1.0,1,1,75.096924,82,Replayed,5.0
5.0,0.0,-1,0,62.151344,82,Replayed,5.0
-5.0,1.0,1,0,76.48428,82,Replayed,5.0
38.0,1.0,1,1,99.334946,82,Replayed,38.0
-5.0,1.0,-1,1,79.882744,82,Replayed,5.0
3.0,1.0,1,1,82.60693,82,Replayed,3.0
-38.0,-1.0,-1,1,96.322205,82,Replayed,38.0
3.0,-1.0,1,1,71.070885,82,Replayed,3.0
-1.0,0.0,1,0,72.93115,82,Replayed,1.0
-38.0,1.0,-1,1,99.07552,82,Replayed,38.0
38.0,-1.0,1,1,97.51949,82,Replayed,38.0
-38.0,1.0,-1,1,99.076584,82,Replayed,38.0
3.0,0.0,1,1,78.38614,82,Replayed,3.0
-1.0,1.0,1,0,77.98449,82,Replayed,1.0
-1.0,1.0,-1,1,74.562294,82,Replayed,1.0
-5.0,-1.0,-1,1,67.90773,82,Replayed,5.0
-3.0,1.0,-1,1,77.99012,82,Replayed,3.0
-9.0,-1.0,1,0,57.362514,82,Replayed,9.0
-9.0,-1.0,-1,1,73.83531,82,Replayed,9.0
-9.0,0.0,1,0,66.44719,82,Replayed,9.0
1.0,1.0,1,1,80.63824,82,Replayed,1.0
3.0,0.0,1,1,78.13411,82,Replayed,3.0
5.0,0.0,1,1,81.03052,82,Replayed,5.0
-9.0,1.0,-1,1,86.05786,82,Replayed,9.0
5.0,-1.0,-1,0,53.42837,82,Replayed,5.0
9.0,1.0,1,1,89.11586,82,Replayed,9.0
-9.0,1.0,-1,1,85.146416,82,Replayed,9.0
1.0,1.0,-1,0,72.028336,82,Replayed,1.0
1.0,-1.0,1,1,69.42506,82,Replayed,1.0
1.0,-1.0,1,1,68.922516,82,Replayed,1.0
1.0,-1.0,1,1,68.9938,82,Replayed,1.0
-38.0,-1.0,-1,1,96.652115,82,Replayed,38.0
5.0,0.0,-1,0,62.561886,82,Replayed,5.0
5.0,1.0,-1,0,70.88369,82,Replayed,5.0
-38.0,0.0,-1,1,98.19757,82,Replayed,38.0
-38.0,-1.0,-1,1,96.61367,82,Replayed,38.0
-38.0,-1.0,-1,1,96.57979,82,Replayed,38.0
-5.0,0.0,1,0,69.81201,82,Replayed,5.0
1.0,0.0,-1,0,65.30033,82,Replayed,1.0
3.0,1.0,1,1,83.06968,82,Replayed,3.0
9.0,1.0,1,1,89.53401,82,Replayed,9.0
-38.0,-1.0,-1,1,96.48167,82,Replayed,38.0
-1.0,-1.0,1,0,66.692696,82,Replayed,1.0
-5.0,-1.0,-1,1,68.62255,82,Replayed,5.0
5.0,-1.0,1,1,75.82448,82,Replayed,5.0
5.0,1.0,1,1,85.7938,82,Replayed,5.0
-9.0,1.0,1,0,73.12756,82,Replayed,9.0
-5.0,1.0,1,0,75.93165,82,Replayed,5.0
-5.0,0.0,1,0,70.593605,82,Replayed,5.0
-5.0,-1.0,-1,1,67.473915,82,Replayed,5.0
3.0,-1.0,-1,0,56.618763,82,Replayed,3.0
-1.0,-1.0,-1,1,60.962452,82,Replayed,1.0
-9.0,0.0,1,0,66.43389,82,Replayed,9.0
-1.0,0.0,1,0,72.856155,82,Replayed,1.0
-38.0,1.0,-1,1,99.17999,82,Replayed,38.0
-3.0,-1.0,1,0,64.74837,82,Replayed,3.0
5.0,-1.0,1,1,74.75372,82,Replayed,5.0
9.0,1.0,-1,0,67.105034,82,Replayed,9.0
38.0,0.0,1,1,98.878876,82,Replayed,38.0
-1.0,1.0,1,0,78.55031,82,Replayed,1.0
-9.0,-1.0,1,0,57.746933,82,Replayed,9.0
-3.0,1.0,1,0,77.82978,82,Replayed,3.0
38.0,-1.0,1,1,97.7252,82,Replayed,38.0
5.0,0.0,-1,0,62.972595,82,Replayed,5.0
38.0,1.0,1,1,99.38685,82,Replayed,38.0
5.0,0.0,1,1,80.52271,82,Replayed,5.0
1.0,1.0,-1,0,72.234,82,Replayed,1.0
-38.0,1.0,-1,1,99.11017,82,Replayed,38.0
-1.0,0.0,1,0,73.38461,82,Replayed,1.0
-1.0,1.0,1,0,78.93094,82,Replayed,1.0
-9.0,0.0,1,0,66.39794,82,Replayed,9.0
1.0,-1.0,1,1,68.66857,82,Replayed,1.0
-9.0,0.0,-1,1,80.311874,82,Replayed,9.0
-38.0,1.0,-1,1,99.03867,82,Replayed,38.0
-1.0,-1.0,1,0,65.93964,82,Replayed,1.0
-5.0,0.0,1,0,69.6702,82,Replayed,5.0
-38.0,-1.0,-1,1,96.59199,82,Replayed,38.0
1.0,0.0,1,1,75.444214,82,Replayed,1.0
1.0,-1.0,1,1,68.68004,82,Replayed,1.0
9.0,0.0,1,1,85.34983,82,Replayed,9.0
38.0,1.0,1,1,99.39722,82,Replayed,38.0
-9.0,0.0,-1,1,80.33699,82,Replayed,9.0
-1.0,1.0,1,0,78.69147,82,Replayed,1.0
1.0,0.0,-1,0,66.130714,82,Replayed,1.0
38.0,0.0,1,1,98.84337,82,Replayed,38.0
-3.0,1.0,-1,1,77.9718,82,Replayed,3.0
-9.0,-1.0,1,0,56.13519,82,Replayed,9.0
38.0,-1.0,1,1,97.68856,82,Replayed,38.0
-3.0,-1.0,-1,1,64.263275,82,Replayed,3.0
3.0,1.0,1,1,82.8552,82,Replayed,3.0
-3.0,-1.0,-1,1,64.579506,82,Replayed,3.0
-5.0,1.0,1,0,75.87024,82,Replayed,5.0
1.0,0.0,-1,0,66.22667,82,Replayed,1.0
5.0,-1.0,1,1,74.84334,82,Replayed,5.0
-38.0,0.0,-1,1,98.30914,82,Replayed,38.0
-1.0,-1.0,1,0,66.07038,82,Replayed,1.0
-3.0,1.0,-1,1,77.08772,82,Replayed,3.0
3.0,1.0,-1,0,71.70284,82,Replayed,3.0
-9.0,1.0,-1,1,85.53354,82,Replayed,9.0
-1.0,1.0,-1,1,75.26341,82,Replayed,1.0
38.0,0.0,1,1,98.854294,82,Replayed,38.0
-38.0,0.0,-1,1,98.09811,82,Replayed,38.0
-5.0,0.0,-1,1,74.479004,82,Replayed,5.0
-9.0,1.0,-1,1,85.933426,82,Replayed,9.0
9.0,1.0,1,1,89.63026,82,Replayed,9.0
-9.0,1.0,-1,1,85.3534,82,Replayed,9.0
9.0,-1.0,-1,0,49.494072,82,Replayed,9.0
9.0,1.0,1,1,89.83552,82,Replayed,9.0
-1.0,-1.0,1,0,65.398445,82,Replayed,1.0
-3.0,0.0,1,0,71.99265,82,Replayed,3.0
1.0,-1.0,1,1,68.59333,82,Replayed,1.0
5.0,1.0,-1,0,69.65216,82,Replayed,5.0
-1.0,1.0,1,0,77.861206,82,Replayed,1.0
3.0,-1.0,1,1,71.67139,82,Replayed,3.0
9.0,-1.0,1,1,80.20476,82,Replayed,9.0
3.0,1.0,1,1,82.89392,82,Replayed,3.0
38.0,1.0,1,1,99.36762,82,Replayed,38.0
-9.0,1.0,1,0,73.8019,82,Replayed,9.0
5.0,0.0,1,1,80.73288,82,Replayed,5.0
-1.0,1.0,1,0,79.06977,82,Replayed,1.0
-1.0,0.0,-1,1,68.091255,82,Replayed,1.0
1.0,-1.0,1,1,68.347435,82,Replayed,1.0
-3.0,-1.0,1,0,64.27434,82,Replayed,3.0
3.0,1.0,1,1,83.48251,82,Replayed,3.0
-3.0,1.0,-1,1,77.1658,82,Replayed,3.0
9.0,-1.0,1,1,80.400246,82,Replayed,9.0
-38.0,1.0,-1,1,99.05123,82,Replayed,38.0
-3.0,-1.0,-1,1,63.672413,82,Replayed,3.0
-38.0,0.0,-1,1,98.21032,82,Replayed,38.0
-38.0,0.0,-1,1,98.3036,82,Replayed,38.0
-3.0,0.0,1,0,71.13389,82,Replayed,3.0
5.0,-1.0,-1,0,54.054283,82,Replayed,5.0
1.0,0.0,1,1,74.91451,82,Replayed,1.0
-5.0,1.0,1,0,75.714294,82,Replayed,5.0
38.0,1.0,1,1,99.44843,82,Replayed,38.0
3.0,-1.0,-1,0,55.868168,82,Replayed,3.0
9.0,-1.0,1,1,79.72113,82,Replayed,9.0
-5.0,-1.0,-1,1,67.69446,82,Replayed,5.0
3.0,1.0,-1,0,70.45138,82,Replayed,3.0
-3.0,0.0,-1,1,71.7712,82,Replayed,3.0
38.0,0.0,1,1,98.914024,82,Replayed,38.0
38.0,0.0,1,1,98.76318,82,Replayed,38.0
-9.0,0.0,-1,1,80.52706,82,Replayed,9.0
3.0,-1.0,-1,0,55.289967,82,Replayed,3.0
-5.0,1.0,1,0,76.433586,82,Replayed,5.0
3.0,-1.0,-1,0,57.349194,82,Replayed,3.0
-38.0,0.0,-1,1,98.29869,82,Replayed,38.0
-1.0,-1.0,1,0,65.61017,82,Replayed,1.0
9.0,1.0,1,1,88.97738,82,Replayed,9.0
-1.0,0.0,-1,1,68.55363,82,Replayed,1.0
-3.0,0.0,-1,1,71.85912,82,Replayed,3.0
38.0,-1.0,1,1,97.65326,82,Replayed,38.0
9.0,1.0,1,1,89.045204,82,Replayed,9.0
-5.0,-1.0,-1,1,66.90935,82,Replayed,5.0
1.0,0.0,1,1,75.10913,82,Replayed,1.0
3.0,0.0,1,1,78.15646,82,Replayed,3.0
1.0,1.0,1,1,79.7178,82,Replayed,1.0
-3.0,0.0,-1,1,71.87637,82,Replayed,3.0
1.0,1.0,1,1,80.83622,82,Replayed,1.0
9.0,1.0,1,1,89.38485,82,Replayed,9.0
-9.0,-1.0,1,0,57.066242,82,Replayed,9.0
38.0,-1.0,1,1,97.6415,82,Replayed,38.0
-9.0,0.0,-1,1,76.41094,83,Replayed,9.0
-9.0,-1.0,1,0,27.379578,83,Replayed,9.0
-5.0,0.0,-1,1,68.34395,83,Replayed,5.0
5.0,0.0,1,1,59.274437,83,Replayed,5.0
-1.0,0.0,1,0,46.946213,83,Replayed,1.0
38.0,-1.0,-1,0,4.0048895,83,Replayed,38.0
1.0,-1.0,-1,0,53.390648,83,Replayed,1.0
-9.0,0.0,-1,1,76.81643,83,Replayed,9.0
3.0,-1.0,1,1,52.77671,83,Replayed,3.0
-38.0,0.0,-1,1,98.213356,83,Replayed,38.0
-38.0,1.0,-1,1,98.23259,83,Replayed,38.0
9.0,0.0,1,1,68.098495,83,Replayed,9.0
5.0,1.0,-1,0,48.840015,83,Replayed,5.0
-5.0,1.0,-1,1,71.09248,83,Replayed,5.0
-9.0,1.0,-1,1,78.817444,83,Replayed,9.0
5.0,0.0,-1,0,45.814327,83,Replayed,5.0
-9.0,1.0,-1,1,77.60824,83,Replayed,9.0
-9.0,0.0,-1,1,76.917564,83,Replayed,9.0
1.0,0.0,1,1,50.307404,83,Replayed,1.0
38.0,-1.0,1,1,96.73485,83,Replayed,38.0
-5.0,0.0,-1,1,67.978134,83,Replayed,5.0
-9.0,-1.0,-1,1,74.84287,83,Replayed,9.0
-5.0,0.0,-1,1,68.33572,83,Replayed,5.0
38.0,0.0,1,1,97.38439,83,Replayed,38.0
9.0,1.0,1,1,71.05379,83,Replayed,9.0
38.0,0.0,1,1,97.41714,83,Replayed,38.0
9.0,-1.0,1,1,67.1315,83,Replayed,9.0
-38.0,0.0,-1,1,98.14209,83,Replayed,38.0
1.0,0.0,1,1,50.22603,83,Replayed,1.0
38.0,-1.0,1,1,97.00343,83,Replayed,38.0
-9.0,1.0,1,0,31.032871,83,Replayed,9.0
-5.0,1.0,1,0,39.404785,83,Replayed,5.0
-1.0,0.0,-1,1,59.912605,83,Replayed,1.0
9.0,1.0,-1,0,40.26524,83,Replayed,9.0
3.0,0.0,1,1,54.558693,83,Replayed,3.0
3.0,1.0,-1,0,52.523666,83,Replayed,3.0
-3.0,1.0,1,0,44.35844,83,Replayed,3.0
-1.0,1.0,-1,1,61.35735,83,Replayed,1.0
1.0,-1.0,-1,0,53.797062,83,Replayed,1.0
38.0,0.0,1,1,97.08079,83,Replayed,38.0
-5.0,-1.0,-1,1,65.70976,83,Replayed,5.0
3.0,1.0,-1,0,53.52194,83,Replayed,3.0
-38.0,1.0,-1,1,98.18119,83,Replayed,38.0
38.0,1.0,1,1,97.491806,83,Replayed,38.0
-9.0,-1.0,-1,1,74.487305,83,Replayed,9.0
38.0,0.0,1,1,97.37709,83,Replayed,38.0
38.0,0.0,1,1,97.5379,83,Replayed,38.0
-5.0,-1.0,-1,1,67.139694,83,Replayed,5.0
5.0,1.0,1,1,61.997807,83,Replayed,5.0
-9.0,-1.0,-1,1,74.83992,83,Replayed,9.0
-38.0,-1.0,-1,1,97.91193,83,Replayed,38.0
-38.0,0.0,-1,1,97.76527,83,Replayed,38.0
-3.0,1.0,1,0,42.92508,83,Replayed,3.0
3.0,-1.0,-1,0,48.57533,83,Replayed,3.0
5.0,1.0,-1,0,49.13887,83,Replayed,5.0
9.0,-1.0,-1,0,35.551376,83,Replayed,9.0
-1.0,0.0,-1,1,59.71156,83,Replayed,1.0
3.0,0.0,1,1,55.033737,83,Replayed,3.0
3.0,-1.0,-1,0,49.305824,83,Replayed,3.0
-5.0,-1.0,1,0,35.383186,83,Replayed,5.0
-1.0,-1.0,1,0,43.375496,83,Replayed,1.0
3.0,0.0,1,1,55.095493,83,Replayed,3.0
38.0,-1.0,1,1,97.20516,83,Replayed,38.0
-1.0,1.0,-1,1,62.274586,83,Replayed,1.0
1.0,-1.0,-1,0,53.992577,83,Replayed,1.0
9.0,-1.0,1,1,66.03036,83,Replayed,9.0
5.0,-1.0,1,1,58.545715,83,Replayed,5.0
3.0,1.0,1,1,57.150818,83,Replayed,3.0
9.0,0.0,-1,0,38.00148,83,Replayed,9.0
-38.0,1.0,-1,1,98.09643,83,Replayed,38.0
1.0,1.0,-1,0,57.02244,83,Replayed,1.0
-3.0,0.0,-1,1,65.06838,83,Replayed,3.0
-3.0,-1.0,1,0,40.513454,83,Replayed,3.0
-9.0,0.0,-1,1,75.96447,83,Replayed,9.0
5.0,1.0,-1,0,48.220085,83,Replayed,5.0
-3.0,-1.0,-1,1,62.65194,83,Replayed,3.0
5.0,0.0,-1,0,46.102604,83,Replayed,5.0
-3.0,-1.0,-1,1,61.669327,83,Replayed,3.0
38.0,1.0,1,1,97.67098,83,Replayed,38.0
-1.0,-1.0,1,0,44.38168,83,Replayed,1.0
9.0,0.0,1,1,69.299805,83,Replayed,9.0
-38.0,-1.0,-1,1,97.8092,83,Replayed,38.0
-5.0,1.0,-1,1,71.2858,83,Replayed,5.0
1.0,0.0,1,1,50.201965,83,Replayed,1.0
3.0,-1.0,1,1,53.365868,83,Replayed,3.0
-3.0,1.0,-1,1,66.015396,83,Replayed,3.0
-9.0,1.0,-1,1,78.04249,83,Replayed,9.0
38.0,0.0,1,1,97.374405,83,Replayed,38.0
1.0,0.0,1,1,50.93827,83,Replayed,1.0
-1.0,0.0,-1,1,59.06975,83,Replayed,1.0
9.0,1.0,1,1,71.22237,83,Replayed,9.0
-3.0,0.0,1,0,41.844673,83,Replayed,3.0
3.0,-1.0,1,1,53.562035,83,Replayed,3.0
-1.0,0.0,-1,1,59.81863,83,Replayed,1.0
-9.0,-1.0,-1,1,74.32519,83,Replayed,9.0
-1.0,1.0,-1,1,61.85426,83,Replayed,1.0
-38.0,0.0,-1,1,97.98557,83,Replayed,38.0
9.0,1.0,1,1,70.88711,83,Replayed,9.0
-9.0,-1.0,-1,1,74.61733,83,Replayed,9.0
-38.0,-1.0,-1,1,97.60604,83,Replayed,38.0
3.0,0.0,-1,0,51.22428,83,Replayed,3.0
9.0,-1.0,1,1,67.08286,83,Replayed,9.0
-3.0,0.0,-1,1,64.19627,83,Replayed,3.0
9.0,-1.0,-1,0,34.918243,83,Replayed,9.0
5.0,1.0,-1,0,48.50046,83,Replayed,5.0
1.0,-1.0,1,1,48.07464,83,Replayed,1.0
-5.0,-1.0,-1,1,66.93826,83,Replayed,5.0
-38.0,1.0,-1,1,98.04942,83,Replayed,38.0
1.0,1.0,1,1,52.682323,83,Replayed,1.0
3.0,1.0,-1,0,53.42227,83,Replayed,3.0
-38.0,0.0,-1,1,97.87336,83,Replayed,38.0
9.0,1.0,1,1,70.481735,83,Replayed,9.0
-38.0,0.0,-1,1,97.80978,83,Replayed,38.0
5.0,1.0,1,1,61.946667,83,Replayed,5.0
1.0,0.0,-1,0,55.46237,83,Replayed,1.0
-1.0,0.0,-1,1,59.76532,83,Replayed,1.0
-5.0,1.0,-1,1,70.32423,83,Replayed,5.0
-5.0,1.0,-1,1,71.09346,83,Replayed,5.0
-38.0,1.0,-1,1,98.40714,83,Replayed,38.0
-3.0,1.0,-1,1,67.099785,83,Replayed,3.0
38.0,-1.0,1,1,96.95055,83,Replayed,38.0
1.0,1.0,-1,0,57.45712,83,Replayed,1.0
-5.0,-1.0,1,0,35.30305,83,Replayed,5.0
38.0,-1.0,1,1,96.84448,83,Replayed,38.0
-3.0,0.0,-1,1,64.584305,83,Replayed,3.0
38.0,-1.0,1,1,96.73833,83,Replayed,38.0
9.0,-1.0,1,1,67.11796,83,Replayed,9.0
-1.0,-1.0,-1,1,58.278893,83,Replayed,1.0
5.0,-1.0,-1,0,44.322357,83,Replayed,5.0
-1.0,-1.0,-1,1,58.489162,83,Replayed,1.0
3.0,-1.0,1,1,53.533276,83,Replayed,3.0
-9.0,-1.0,-1,1,74.67798,83,Replayed,9.0
-3.0,1.0,1,0,43.469353,83,Replayed,3.0
-3.0,1.0,1,0,43.82119,83,Replayed,3.0
-9.0,0.0,-1,1,77.413414,83,Replayed,9.0
-9.0,0.0,-1,1,76.78565,83,Replayed,9.0
9.0,1.0,-1,0,39.605457,83,Replayed,9.0
9.0,1.0,1,1,71.347435,83,Replayed,9.0
-1.0,-1.0,1,0,43.721016,83,Replayed,1.0
-9.0,-1.0,1,0,27.527014,83,Replayed,9.0
3.0,0.0,1,1,55.29193,83,Replayed,3.0
3.0,0.0,1,1,54.7326,83,Replayed,3.0
-5.0,0.0,-1,1,69.51036,83,Replayed,5.0
-38.0,-1.0,-1,1,97.80022,83,Replayed,38.0
3.0,1.0,1,1,56.912624,83,Replayed,3.0
-3.0,1.0,-1,1,66.76308,83,Replayed,3.0
-3.0,-1.0,-1,1,62.741905,83,Replayed,3.0
1.0,1.0,1,1,53.496777,83,Replayed,1.0
5.0,0.0,1,1,60.508137,83,Replayed,5.0
-1.0,1.0,-1,1,61.909878,83,Replayed,1.0
-5.0,-1.0,-1,1,67.3711,83,Replayed,5.0
-5.0,0.0,-1,1,68.77908,83,Replayed,5.0
-38.0,0.0,-1,1,97.832146,83,Replayed,38.0
3.0,-1.0,1,1,53.15578,83,Replayed,3.0
-38.0,1.0,-1,1,98.35294,83,Replayed,38.0
38.0,0.0,1,1,97.48417,83,Replayed,38.0
-5.0,1.0,-1,1,71.04588,83,Replayed,5.0
38.0,1.0,1,1,97.64475,83,Replayed,38.0
1.0,1.0,-1,0,56.76781,83,Replayed,1.0
1.0,-1.0,1,1,49.628822,83,Replayed,1.0
-1.0,0.0,1,0,45.79409,83,Replayed,1.0
-38.0,0.0,-1,1,98.13999,83,Replayed,38.0
3.0,1.0,1,1,56.974625,83,Replayed,3.0
1.0,1.0,-1,0,56.21611,83,Replayed,1.0
1.0,0.0,1,1,49.414177,83,Replayed,1.0
-3.0,1.0,1,0,43.115265,83,Replayed,3.0
1.0,-1.0,-1,0,53.003075,83,Replayed,1.0
-38.0,1.0,-1,1,98.00416,83,Replayed,38.0
-5.0,-1.0,-1,1,66.441,83,Replayed,5.0
5.0,1.0,-1,0,49.055016,83,Replayed,5.0
5.0,1.0,1,1,62.231277,83,Replayed,5.0
3.0,0.0,1,1,55.604588,83,Replayed,3.0
-38.0,-1.0,-1,1,97.398,83,Replayed,38.0
1.0,0.0,-1,0,55.101906,83,Replayed,1.0
1.0,0.0,1,1,50.326622,83,Replayed,1.0
5.0,0.0,1,1,59.38956,83,Replayed,5.0
9.0,-1.0,1,1,66.51861,83,Replayed,9.0
-3.0,0.0,-1,1,64.14984,83,Replayed,3.0
38.0,1.0,1,1,97.80956,83,Replayed,38.0
9.0,0.0,1,1,68.97948,83,Replayed,9.0
-9.0,0.0,-1,1,76.67625,83,Replayed,9.0
-5.0,1.0,-1,1,71.3972,83,Replayed,5.0
1.0,1.0,-1,0,57.731785,83,Replayed,1.0
38.0,1.0,1,1,97.37313,83,Replayed,38.0
9.0,0.0,-1,0,37.40649,83,Replayed,9.0
-3.0,0.0,-1,1,63.894333,83,Replayed,3.0
-1.0,1.0,1,0,49.28681,83,Replayed,1.0
-1.0,-1.0,-1,1,57.87893,83,Replayed,1.0
-3.0,-1.0,1,0,40.23137,83,Replayed,3.0
5.0,-1.0,1,1,57.671165,83,Replayed,5.0
5.0,0.0,-1,0,47.01719,83,Replayed,5.0
-5.0,1.0,-1,1,70.24704,83,Replayed,5.0
-38.0,-1.0,-1,1,97.59977,83,Replayed,38.0
9.0,-1.0,1,1,66.58635,83,Replayed,9.0
9.0,1.0,-1,0,41.233337,83,Replayed,9.0
5.0,-1.0,1,1,58.73726,83,Replayed,5.0
5.0,-1.0,-1,0,44.67329,83,Replayed,5.0
-3.0,0.0,-1,1,63.770546,83,Replayed,3.0
-5.0,0.0,-1,1,68.86537,83,Replayed,5.0
5.0,-1.0,-1,0,45.021133,83,Replayed,5.0
-5.0,0.0,1,0,37.28288,83,Replayed,5.0
38.0,-1.0,1,1,97.04572,83,Replayed,38.0
-38.0,-1.0,-1,1,97.61721,83,Replayed,38.0
-9.0,1.0,-1,1,79.11487,83,Replayed,9.0
3.0,0.0,1,1,55.42254,83,Replayed,3.0
9.0,0.0,1,1,68.98941,83,Replayed,9.0
-3.0,-1.0,1,0,39.67921,83,Replayed,3.0
-1.0,1.0,-1,1,62.82378,83,Replayed,1.0
-1.0,0.0,-1,1,60.269783,83,Replayed,1.0
5.0,0.0,-1,0,47.29423,83,Replayed,5.0
-9.0,1.0,-1,1,78.62977,83,Replayed,9.0
-1.0,-1.0,-1,1,58.070446,83,Replayed,1.0
-5.0,-1.0,1,0,35.521854,83,Replayed,5.0
1.0,1.0,-1,0,57.398582,83,Replayed,1.0
3.0,1.0,-1,0,53.41517,83,Replayed,3.0
3.0,-1.0,-1,0,49.846493,83,Replayed,3.0
9.0,0.0,1,1,69.50969,83,Replayed,9.0
-1.0,-1.0,-1,1,57.35145,83,Replayed,1.0
-5.0,0.0,1,0,37.124477,83,Replayed,5.0
5.0,0.0,1,1,59.771645,83,Replayed,5.0
3.0,1.0,-1,0,53.581028,83,Replayed,3.0
38.0,1.0,1,1,97.63098,83,Replayed,38.0
-9.0,1.0,-1,1,78.40417,83,Replayed,9.0
-38.0,1.0,-1,1,98.00604,83,Replayed,38.0
5.0,-1.0,-1,0,44.484573,83,Replayed,5.0
-3.0,-1.0,1,0,39.547043,83,Replayed,3.0
38.0,0.0,1,1,97.43203,83,Replayed,38.0
38.0,1.0,1,1,97.57752,83,Replayed,38.0
5.0,-1.0,1,1,57.59151,83,Replayed,5.0
-1.0,1.0,-1,1,62.041386,83,Replayed,1.0
-9.0,1.0,-1,1,77.669304,83,Replayed,9.0
-9.0,0.0,-1,1,76.252846,83,Replayed,9.0
1.0,-1.0,1,1,47.91284,83,Replayed,1.0
1.0,-1.0,1,1,49.38525,83,Replayed,1.0
-38.0,-1.0,-1,1,97.97572,83,Replayed,38.0
-3.0,0.0,-1,1,63.758587,83,Replayed,3.0
9.0,0.0,1,1,69.21613,83,Replayed,9.0
-1.0,1.0,-1,1,61.71536,83,Replayed,1.0
-3.0,-1.0,-1,1,61.868214,83,Replayed,3.0
38.0,1.0,1,1,97.62027,83,Replayed,38.0
9.0,0.0,1,1,63.595695,84,Replayed,9.0
-38.0,1.0,-1,1,96.98489,84,Replayed,38.0
-5.0,-1.0,-1,1,66.83531,84,Replayed,5.0
-1.0,1.0,1,0,45.083336,84,Replayed,1.0
3.0,1.0,-1,0,51.916386,84,Replayed,3.0
1.0,1.0,-1,0,54.89165,84,Replayed,1.0
5.0,1.0,-1,0,47.45936,84,Replayed,5.0
38.0,0.0,1,1,95.21867,84,Replayed,38.0
-38.0,0.0,-1,1,97.12354,84,Replayed,38.0
38.0,-1.0,1,1,95.52237,84,Replayed,38.0
-9.0,1.0,-1,1,72.095055,84,Replayed,9.0
5.0,1.0,1,1,56.435257,84,Replayed,5.0
1.0,-1.0,-1,0,55.605495,84,Replayed,1.0
1.0,-1.0,1,1,48.713078,84,Replayed,1.0
3.0,-1.0,1,1,53.345215,84,Replayed,3.0
38.0,1.0,1,1,95.31992,84,Replayed,38.0
-9.0,1.0,-1,1,72.12465,84,Replayed,9.0
9.0,1.0,1,1,63.332874,84,Replayed,9.0
-5.0,-1.0,-1,1,66.59651,84,Replayed,5.0
9.0,-1.0,1,1,64.93853,84,Replayed,9.0
38.0,1.0,1,1,95.260666,84,Replayed,38.0
3.0,1.0,-1,0,51.65027,84,Replayed,3.0
-5.0,1.0,-1,1,66.22669,84,Replayed,5.0
-9.0,0.0,-1,1,71.99842,84,Replayed,9.0
3.0,1.0,-1,0,52.353947,84,Replayed,3.0
9.0,0.0,-1,0,41.72167,84,Replayed,9.0
-5.0,1.0,-1,1,65.78289,84,Replayed,5.0
-9.0,0.0,-1,1,72.14313,84,Replayed,9.0
-9.0,1.0,-1,1,71.67422,84,Replayed,9.0
5.0,0.0,1,1,57.124233,84,Replayed,5.0
-5.0,0.0,-1,1,66.3194,84,Replayed,5.0
-3.0,1.0,1,0,41.363888,84,Replayed,3.0
-38.0,0.0,-1,1,97.27145,84,Replayed,38.0
5.0,-1.0,1,1,56.254566,84,Replayed,5.0
-1.0,0.0,-1,1,58.2096,84,Replayed,1.0
-1.0,-1.0,-1,1,58.64847,84,Replayed,1.0
38.0,0.0,1,1,95.18054,84,Replayed,38.0
-38.0,-1.0,-1,1,97.172966,84,Replayed,38.0
38.0,1.0,1,1,95.18419,84,Replayed,38.0
38.0,1.0,1,1,95.34674,84,Replayed,38.0
-1.0,-1.0,-1,1,58.61113,84,Replayed,1.0
-1.0,1.0,-1,1,57.9223,84,Replayed,1.0
-38.0,1.0,-1,1,96.90144,84,Replayed,38.0
38.0,0.0,1,1,95.3081,84,Replayed,38.0
-5.0,0.0,-1,1,65.23755,84,Replayed,5.0
1.0,1.0,-1,0,55.473892,84,Replayed,1.0
38.0,0.0,1,1,95.18866,84,Replayed,38.0
1.0,-1.0,1,1,50.00728,84,Replayed,1.0
-1.0,1.0,-1,1,58.211876,84,Replayed,1.0
-38.0,0.0,-1,1,97.104576,84,Replayed,38.0
3.0,0.0,1,1,52.62807,84,Replayed,3.0
3.0,0.0,-1,0,51.91996,84,Replayed,3.0
-9.0,-1.0,1,0,31.384506,84,Replayed,9.0
5.0,1.0,-1,0,47.15331,84,Replayed,5.0
3.0,1.0,-1,0,51.677086,84,Replayed,3.0
1.0,0.0,-1,0,55.079384,84,Replayed,1.0
1.0,0.0,-1,0,55.353798,84,Replayed,1.0
-3.0,0.0,-1,1,61.251503,84,Replayed,3.0
9.0,1.0,1,1,64.28876,84,Replayed,9.0
-1.0,0.0,-1,1,58.5975,84,Replayed,1.0
-38.0,0.0,-1,1,97.082985,84,Replayed,38.0
9.0,1.0,1,1,63.12273,84,Replayed,9.0
1.0,0.0,-1,0,55.11338,84,Replayed,1.0
5.0,0.0,-1,0,48.275513,84,Replayed,5.0
-9.0,0.0,-1,1,72.03668,84,Replayed,9.0
9.0,-1.0,1,1,64.67894,84,Replayed,9.0
9.0,-1.0,-1,0,41.38219,84,Replayed,9.0
9.0,-1.0,1,1,64.19724,84,Replayed,9.0
-38.0,1.0,-1,1,97.04845,84,Replayed,38.0
-38.0,0.0,-1,1,97.134796,84,Replayed,38.0
-5.0,1.0,1,0,38.19454,84,Replayed,5.0
-3.0,0.0,-1,1,62.04208,84,Replayed,3.0
5.0,-1.0,1,1,56.373333,84,Replayed,5.0
-9.0,1.0,-1,1,72.379974,84,Replayed,9.0
-38.0,0.0,-1,1,96.91948,84,Replayed,38.0
-3.0,1.0,1,0,41.696014,84,Replayed,3.0
-5.0,0.0,1,0,37.780537,84,Replayed,5.0
-5.0,-1.0,-1,1,65.99218,84,Replayed,5.0
-1.0,0.0,1,0,45.23972,84,Replayed,1.0
-5.0,0.0,-1,1,65.64067,84,Replayed,5.0
-5.0,0.0,-1,1,66.182076,84,Replayed,5.0
-5.0,0.0,-1,1,66.04859,84,Replayed,5.0
5.0,1.0,1,1,56.41892,84,Replayed,5.0
3.0,-1.0,1,1,53.45439,84,Replayed,3.0
-3.0,1.0,-1,1,63.44812,84,Replayed,3.0
1.0,0.0,-1,0,55.913204,84,Replayed,1.0
-9.0,0.0,1,0,32.010315,84,Replayed,9.0
-3.0,1.0,-1,1,62.962296,84,Replayed,3.0
9.0,-1.0,1,1,64.68152,84,Replayed,9.0
-1.0,0.0,1,0,44.56145,84,Replayed,1.0
1.0,0.0,-1,0,55.553185,84,Replayed,1.0
-1.0,0.0,-1,1,59.18332,84,Replayed,1.0
9.0,-1.0,-1,0,41.341694,84,Replayed,9.0
5.0,1.0,-1,0,46.71156,84,Replayed,5.0
3.0,1.0,-1,0,51.143967,84,Replayed,3.0
38.0,0.0,1,1,95.44767,84,Replayed,38.0
-38.0,1.0,-1,1,96.84623,84,Replayed,38.0
9.0,0.0,1,1,64.36941,84,Replayed,9.0
5.0,-1.0,-1,0,48.471222,84,Replayed,5.0
-9.0,0.0,1,0,32.35298,84,Replayed,9.0
-38.0,-1.0,-1,1,97.28294,84,Replayed,38.0
5.0,-1.0,1,1,56.506527,84,Replayed,5.0
-9.0,-1.0,-1,1,73.758194,84,Replayed,9.0
-9.0,0.0,-1,1,72.68359,84,Replayed,9.0
-38.0,-1.0,-1,1,97.150345,84,Replayed,38.0
3.0,-1.0,1,1,53.24596,84,Replayed,3.0
38.0,0.0,1,1,95.21145,84,Replayed,38.0
1.0,1.0,1,1,49.09837,84,Replayed,1.0
3.0,1.0,1,1,52.667225,84,Replayed,3.0
38.0,0.0,1,1,95.28587,84,Replayed,38.0
-1.0,1.0,-1,1,58.11817,84,Replayed,1.0
-5.0,0.0,-1,1,65.55788,84,Replayed,5.0
38.0,-1.0,1,1,95.45634,84,Replayed,38.0
-38.0,-1.0,-1,1,97.10154,84,Replayed,38.0
9.0,1.0,1,1,63.67179,84,Replayed,9.0
-3.0,-1.0,-1,1,63.150703,84,Replayed,3.0
3.0,1.0,-1,0,51.52443,84,Replayed,3.0
-1.0,-1.0,-1,1,59.495384,84,Replayed,1.0
-1.0,1.0,-1,1,58.649803,84,Replayed,1.0
-3.0,0.0,-1,1,61.532986,84,Replayed,3.0
-9.0,0.0,-1,1,72.89663,84,Replayed,9.0
-9.0,0.0,-1,1,72.403114,84,Replayed,9.0
-5.0,1.0,-1,1,65.814674,84,Replayed,5.0
5.0,1.0,1,1,56.656055,84,Replayed,5.0
-1.0,1.0,-1,1,57.90496,84,Replayed,1.0
-3.0,-1.0,1,0,41.52136,84,Replayed,3.0
3.0,1.0,1,1,52.175385,84,Replayed,3.0
-5.0,-1.0,1,0,39.284435,84,Replayed,5.0
-9.0,1.0,-1,1,72.670616,84,Replayed,9.0
38.0,1.0,1,1,95.54365,84,Replayed,38.0
-1.0,1.0,-1,1,57.893932,84,Replayed,1.0
3.0,0.0,1,1,52.66727,84,Replayed,3.0
5.0,0.0,-1,0,48.24748,84,Replayed,5.0
3.0,0.0,1,1,52.745205,84,Replayed,3.0
-3.0,0.0,1,0,42.12707,84,Replayed,3.0
-1.0,0.0,-1,1,58.198643,84,Replayed,1.0
9.0,1.0,-1,0,41.09787,84,Replayed,9.0
9.0,-1.0,1,1,64.51374,84,Replayed,9.0
-9.0,1.0,1,0,31.327877,84,Replayed,9.0
3.0,-1.0,1,1,52.203144,84,Replayed,3.0
-3.0,-1.0,-1,1,63.085068,84,Replayed,3.0
-9.0,1.0,-1,1,72.41604,84,Replayed,9.0
1.0,1.0,1,1,48.720844,84,Replayed,1.0
9.0,0.0,1,1,64.35129,84,Replayed,9.0
38.0,-1.0,1,1,95.42809,84,Replayed,38.0
-5.0,-1.0,-1,1,65.96451,84,Replayed,5.0
1.0,-1.0,-1,0,54.32454,84,Replayed,1.0
-38.0,1.0,-1,1,97.017586,84,Replayed,38.0
-9.0,-1.0,-1,1,72.9817,84,Replayed,9.0
1.0,1.0,1,1,47.639954,84,Replayed,1.0
38.0,1.0,1,1,95.141754,84,Replayed,38.0
-38.0,1.0,-1,1,97.0657,84,Replayed,38.0
5.0,-1.0,-1,0,48.97128,84,Replayed,5.0
5.0,-1.0,-1,0,48.01503,84,Replayed,5.0
9.0,1.0,1,1,63.417614,84,Replayed,9.0
-9.0,-1.0,-1,1,73.08586,84,Replayed,9.0
1.0,1.0,-1,0,55.0711,84,Replayed,1.0
-38.0,-1.0,-1,1,97.412125,84,Replayed,38.0
-3.0,-1.0,-1,1,62.726845,84,Replayed,3.0
5.0,0.0,1,1,56.11543,84,Replayed,5.0
-5.0,-1.0,-1,1,65.46284,84,Replayed,5.0
9.0,-1.0,-1,0,40.75543,84,Replayed,9.0
-5.0,1.0,-1,1,66.749016,84,Replayed,5.0
-3.0,1.0,-1,1,62.575108,84,Replayed,3.0
-1.0,-1.0,1,0,45.865753,84,Replayed,1.0
1.0,0.0,-1,0,55.507004,84,Replayed,1.0
9.0,0.0,-1,0,40.37723,84,Replayed,9.0
1.0,1.0,1,1,49.075943,84,Replayed,1.0
9.0,0.0,1,1,63.562317,84,Replayed,9.0
-3.0,0.0,1,0,41.601692,84,Replayed,3.0
3.0,-1.0,-1,0,52.85051,84,Replayed,3.0
-38.0,-1.0,-1,1,97.15749,84,Replayed,38.0
38.0,-1.0,1,1,95.35837,84,Replayed,38.0
9.0,0.0,1,1,64.62916,84,Replayed,9.0
-9.0,-1.0,1,0,31.520771,84,Replayed,9.0
-5.0,1.0,-1,1,65.8012,84,Replayed,5.0
-1.0,-1.0,-1,1,59.68811,84,Replayed,1.0
5.0,-1.0,-1,0,48.04466,84,Replayed,5.0
1.0,1.0,1,1,49.259296,84,Replayed,1.0
-3.0,-1.0,1,0,41.72944,84,Replayed,3.0
38.0,-1.0,1,1,95.768875,84,Replayed,38.0
3.0,0.0,-1,0,51.364784,84,Replayed,3.0
-5.0,-1.0,-1,1,65.61353,84,Replayed,5.0
5.0,1.0,-1,0,47.756443,84,Replayed,5.0
38.0,1.0,1,1,95.410934,84,Replayed,38.0
1.0,0.0,-1,0,54.606255,84,Replayed,1.0
-3.0,0.0,1,0,41.61536,84,Replayed,3.0
-9.0,1.0,-1,1,71.551094,84,Replayed,9.0
38.0,1.0,1,1,95.1086,84,Replayed,38.0
1.0,-1.0,1,1,50.099068,84,Replayed,1.0
3.0,0.0,1,1,52.53813,84,Replayed,3.0
-5.0,1.0,-1,1,65.88106,84,Replayed,5.0
-9.0,-1.0,1,0,32.51983,84,Replayed,9.0
3.0,0.0,-1,0,52.042633,84,Replayed,3.0
-1.0,1.0,-1,1,57.97718,84,Replayed,1.0
1.0,0.0,1,1,48.328846,84,Replayed,1.0
-1.0,-1.0,1,0,44.98974,84,Replayed,1.0
-38.0,0.0,-1,1,97.07538,84,Replayed,38.0
-3.0,0.0,-1,1,62.714283,84,Replayed,3.0
9.0,1.0,1,1,62.92041,84,Replayed,9.0
5.0,0.0,1,1,56.337093,84,Replayed,5.0
-1.0,0.0,-1,1,57.847923,84,Replayed,1.0
5.0,1.0,1,1,55.937744,84,Replayed,5.0
-1.0,-1.0,-1,1,59.665237,84,Replayed,1.0
5.0,0.0,1,1,56.15087,84,Replayed,5.0
-5.0,0.0,-1,1,66.24144,84,Replayed,5.0
-1.0,-1.0,-1,1,59.28502,84,Replayed,1.0
-3.0,-1.0,-1,1,63.416203,84,Replayed,3.0
-5.0,-1.0,-1,1,66.27821,84,Replayed,5.0
-5.0,1.0,-1,1,65.99329,84,Replayed,5.0
-9.0,-1.0,-1,1,72.55894,84,Replayed,9.0
-38.0,-1.0,-1,1,97.15818,84,Replayed,38.0
-38.0,0.0,-1,1,97.04815,84,Replayed,38.0
-3.0,1.0,-1,1,62.73129,84,Replayed,3.0
5.0,0.0,1,1,55.013,84,Replayed,5.0
-3.0,-1.0,-1,1,62.781967,84,Replayed,3.0
-38.0,1.0,-1,1,96.983574,84,Replayed,38.0
5.0,0.0,1,1,56.949253,84,Replayed,5.0
-38.0,1.0,-1,1,97.10448,84,Replayed,38.0
38.0,-1.0,1,1,95.32061,84,Replayed,38.0
1.0,-1.0,-1,0,54.399914,84,Replayed,1.0
3.0,-1.0,-1,0,52.15792,84,Replayed,3.0
3.0,-1.0,1,1,52.35657,84,Replayed,3.0
38.0,-1.0,1,1,95.36764,84,Replayed,38.0
-3.0,1.0,-1,1,63.15133,84,Replayed,3.0
-3.0,0.0,-1,1,63.265358,84,Replayed,3.0
38.0,0.0,1,1,95.31647,84,Replayed,38.0
5.0,-1.0,-1,0,48.59354,84,Replayed,5.0
38.0,-1.0,1,1,95.407936,84,Replayed,38.0
-38.0,-1.0,-1,1,97.27326,84,Replayed,38.0
-3.0,-1.0,-1,1,63.128853,84,Replayed,3.0
9.0,0.0,-1,0,41.49887,84,Replayed,9.0
1.0,-1.0,-1,0,54.6667,84,Replayed,1.0
9.0,1.0,1,1,63.389683,84,Replayed,9.0
-9.0,-1.0,-1,1,72.60697,84,Replayed,9.0
1.0,-1.0,1,1,48.878033,84,Replayed,1.0
-1.0,0.0,-1,1,58.32276,84,Replayed,1.0
3.0,0.0,1,1,53.037113,84,Replayed,3.0
3.0,-1.0,1,1,52.8583,84,Replayed,3.0
-3.0,1.0,-1,1,61.488068,84,Replayed,3.0
5.0,-1.0,1,1,66.52142,85,Replayed,5.0
38.0,0.0,1,1,96.7518,85,Replayed,38.0
-1.0,1.0,1,0,63.54872,85,Replayed,1.0
-3.0,0.0,1,0,58.597523,85,Replayed,3.0
-9.0,1.0,-1,1,78.559456,85,Replayed,9.0
-5.0,1.0,1,0,60.24868,85,Replayed,5.0
-3.0,-1.0,1,0,55.77893,85,Replayed,3.0
-5.0,0.0,-1,1,70.734344,85,Replayed,5.0
-9.0,1.0,1,0,54.500282,85,Replayed,9.0
-38.0,1.0,-1,1,97.64289,85,Replayed,38.0
38.0,-1.0,1,1,95.831215,85,Replayed,38.0
38.0,0.0,1,1,96.64046,85,Replayed,38.0
-38.0,0.0,-1,1,96.8595,85,Replayed,38.0
-38.0,1.0,-1,1,97.57096,85,Replayed,38.0
3.0,1.0,-1,0,62.05209,85,Replayed,3.0
3.0,1.0,1,1,68.94242,85,Replayed,3.0
38.0,-1.0,1,1,95.70717,85,Replayed,38.0
9.0,-1.0,-1,0,48.32886,85,Replayed,9.0
9.0,1.0,-1,0,55.18196,85,Replayed,9.0
-5.0,0.0,-1,1,70.85122,85,Replayed,5.0
5.0,-1.0,1,1,65.8764,85,Replayed,5.0
38.0,0.0,1,1,96.913956,85,Replayed,38.0
-5.0,1.0,1,0,59.76643,85,Replayed,5.0
38.0,-1.0,1,1,95.83159,85,Replayed,38.0
-38.0,0.0,-1,1,96.929985,85,Replayed,38.0
5.0,0.0,-1,0,57.032402,85,Replayed,5.0
5.0,1.0,-1,0,60.40576,85,Replayed,5.0
1.0,1.0,-1,0,63.921513,85,Replayed,1.0
-3.0,-1.0,-1,1,63.623993,85,Replayed,3.0
-3.0,1.0,-1,1,70.83969,85,Replayed,3.0
-1.0,1.0,-1,1,66.600914,85,Replayed,1.0
5.0,1.0,-1,0,59.93799,85,Replayed,5.0
-38.0,0.0,-1,1,96.75335,85,Replayed,38.0
-5.0,1.0,-1,1,72.54205,85,Replayed,5.0
-5.0,-1.0,-1,1,66.822815,85,Replayed,5.0
1.0,-1.0,-1,0,58.44258,85,Replayed,1.0
3.0,1.0,1,1,69.1923,85,Replayed,3.0
-1.0,1.0,1,0,63.283497,85,Replayed,1.0
38.0,0.0,1,1,96.7685,85,Replayed,38.0
3.0,0.0,-1,0,58.639328,85,Replayed,3.0
-3.0,0.0,-1,1,66.94579,85,Replayed,3.0
-9.0,-1.0,1,0,47.183857,85,Replayed,9.0
-5.0,-1.0,-1,1,68.0918,85,Replayed,5.0
-1.0,-1.0,-1,1,60.521645,85,Replayed,1.0
-9.0,1.0,-1,1,78.48978,85,Replayed,9.0
9.0,0.0,-1,0,52.23015,85,Replayed,9.0
-9.0,-1.0,1,0,47.143482,85,Replayed,9.0
-9.0,0.0,1,0,50.13129,85,Replayed,9.0
-9.0,0.0,1,0,51.178467,85,Replayed,9.0
1.0,0.0,1,1,63.484985,85,Replayed,1.0
9.0,0.0,-1,0,51.717697,85,Replayed,9.0
-38.0,-1.0,-1,1,95.915565,85,Replayed,38.0
-5.0,-1.0,-1,1,66.7104,85,Replayed,5.0
1.0,1.0,-1,0,63.62992,85,Replayed,1.0
1.0,0.0,-1,0,61.60593,85,Replayed,1.0
9.0,1.0,1,1,77.946175,85,Replayed,9.0
1.0,0.0,-1,0,61.63531,85,Replayed,1.0
9.0,0.0,1,1,75.35187,85,Replayed,9.0
-1.0,-1.0,-1,1,60.592503,85,Replayed,1.0
-9.0,-1.0,-1,1,72.8294,85,Replayed,9.0
-9.0,0.0,-1,1,76.348816,85,Replayed,9.0
5.0,0.0,-1,0,56.196613,85,Replayed,5.0
-38.0,-1.0,-1,1,95.94692,85,Replayed,38.0
5.0,0.0,1,1,69.37439,85,Replayed,5.0
9.0,0.0,1,1,75.1328,85,Replayed,9.0
-38.0,1.0,-1,1,97.48901,85,Replayed,38.0
-5.0,-1.0,-1,1,67.45347,85,Replayed,5.0
3.0,-1.0,1,1,63.943886,85,Replayed,3.0
1.0,1.0,1,1,66.02792,85,Replayed,1.0
-38.0,0.0,-1,1,96.96678,85,Replayed,38.0
38.0,1.0,1,1,97.596725,85,Replayed,38.0
38.0,-1.0,1,1,95.795296,85,Replayed,38.0
-38.0,-1.0,-1,1,96.115906,85,Replayed,38.0
3.0,-1.0,1,1,63.19688,85,Replayed,3.0
38.0,1.0,1,1,97.6802,85,Replayed,38.0
3.0,-1.0,1,1,62.219906,85,Replayed,3.0
38.0,1.0,1,1,97.44931,85,Replayed,38.0
3.0,1.0,1,1,69.42017,85,Replayed,3.0
-9.0,0.0,1,0,50.936954,85,Replayed,9.0
-3.0,0.0,-1,1,66.80151,85,Replayed,3.0
1.0,1.0,-1,0,64.942085,85,Replayed,1.0
-3.0,1.0,-1,1,70.24254,85,Replayed,3.0
1.0,0.0,1,1,63.326538,85,Replayed,1.0
9.0,-1.0,1,1,71.91578,85,Replayed,9.0
-38.0,0.0,-1,1,96.99254,85,Replayed,38.0
-38.0,1.0,-1,1,97.66341,85,Replayed,38.0
38.0,1.0,1,1,97.47038,85,Replayed,38.0
-3.0,1.0,-1,1,70.48406,85,Replayed,3.0
5.0,-1.0,1,1,68.06999,85,Replayed,5.0
-38.0,1.0,-1,1,97.70078,85,Replayed,38.0
9.0,-1.0,1,1,72.536804,85,Replayed,9.0
9.0,1.0,1,1,77.884125,85,Replayed,9.0
-3.0,0.0,1,0,58.296753,85,Replayed,3.0
-3.0,1.0,-1,1,70.766815,85,Replayed,3.0
-38.0,1.0,-1,1,97.50602,85,Replayed,38.0
-5.0,0.0,-1,1,70.89619,85,Replayed,5.0
5.0,1.0,1,1,72.546234,85,Replayed,5.0
-1.0,1.0,-1,1,67.86252,85,Replayed,1.0
38.0,1.0,1,1,97.611244,85,Replayed,38.0
9.0,0.0,-1,0,52.05189,85,Replayed,9.0
-1.0,1.0,1,0,62.864994,85,Replayed,1.0
-5.0,1.0,-1,1,72.80889,85,Replayed,5.0
5.0,0.0,-1,0,56.294666,85,Replayed,5.0
-1.0,0.0,-1,1,63.518967,85,Replayed,1.0
-1.0,0.0,-1,1,65.163956,85,Replayed,1.0
9.0,0.0,-1,0,51.98502,85,Replayed,9.0
-5.0,1.0,-1,1,73.42293,85,Replayed,5.0
9.0,0.0,-1,0,53.1547,85,Replayed,9.0
-9.0,1.0,-1,1,79.15511,85,Replayed,9.0
-3.0,1.0,1,0,62.075264,85,Replayed,3.0
5.0,-1.0,1,1,66.90243,85,Replayed,5.0
1.0,-1.0,1,1,59.77431,85,Replayed,1.0
-9.0,-1.0,-1,1,73.071846,85,Replayed,9.0
9.0,-1.0,1,1,71.86584,85,Replayed,9.0
-3.0,-1.0,1,0,54.600327,85,Replayed,3.0
5.0,1.0,-1,0,59.63031,85,Replayed,5.0
-1.0,-1.0,-1,1,61.364185,85,Replayed,1.0
38.0,-1.0,1,1,95.8257,85,Replayed,38.0
1.0,0.0,-1,0,61.537754,85,Replayed,1.0
38.0,1.0,1,1,97.46324,85,Replayed,38.0
3.0,-1.0,1,1,63.316864,85,Replayed,3.0
-1.0,-1.0,1,0,57.183434,85,Replayed,1.0
-3.0,0.0,1,0,58.401173,85,Replayed,3.0
38.0,1.0,1,1,97.58846,85,Replayed,38.0
5.0,-1.0,1,1,66.79795,85,Replayed,5.0
3.0,1.0,1,1,69.51549,85,Replayed,3.0
-1.0,-1.0,1,0,57.075047,85,Replayed,1.0
9.0,-1.0,-1,0,48.11773,85,Replayed,9.0
5.0,0.0,1,1,70.312256,85,Replayed,5.0
38.0,0.0,1,1,97.00749,85,Replayed,38.0
-1.0,0.0,1,0,60.351635,85,Replayed,1.0
-38.0,1.0,-1,1,97.5457,85,Replayed,38.0
3.0,1.0,1,1,69.73296,85,Replayed,3.0
-9.0,0.0,-1,1,76.6637,85,Replayed,9.0
3.0,0.0,1,1,66.71226,85,Replayed,3.0
1.0,-1.0,-1,0,58.934998,85,Replayed,1.0
-3.0,-1.0,1,0,55.30283,85,Replayed,3.0
-38.0,-1.0,-1,1,95.9976,85,Replayed,38.0
9.0,1.0,-1,0,55.695488,85,Replayed,9.0
3.0,0.0,1,1,67.2231,85,Replayed,3.0
9.0,1.0,1,1,78.22281,85,Replayed,9.0
38.0,-1.0,1,1,95.85203,85,Replayed,38.0
-5.0,0.0,-1,1,70.08186,85,Replayed,5.0
5.0,1.0,-1,0,60.661167,85,Replayed,5.0
-5.0,1.0,-1,1,73.35226,85,Replayed,5.0
-38.0,0.0,-1,1,97.0714,85,Replayed,38.0
38.0,0.0,1,1,96.67236,85,Replayed,38.0
1.0,0.0,-1,0,61.314976,85,Replayed,1.0
-38.0,-1.0,-1,1,95.85989,85,Replayed,38.0
-5.0,-1.0,1,0,51.918655,85,Replayed,5.0
1.0,1.0,-1,0,64.8924,85,Replayed,1.0
3.0,1.0,-1,0,61.93569,85,Replayed,3.0
-3.0,1.0,-1,1,69.793846,85,Replayed,3.0
-5.0,1.0,1,0,59.537964,85,Replayed,5.0
1.0,-1.0,1,1,60.015495,85,Replayed,1.0
5.0,-1.0,1,1,65.74058,85,Replayed,5.0
-9.0,1.0,1,0,55.261265,85,Replayed,9.0
1.0,0.0,-1,0,61.674606,85,Replayed,1.0
9.0,0.0,-1,0,51.23772,85,Replayed,9.0
38.0,0.0,1,1,96.94464,85,Replayed,38.0
1.0,1.0,1,1,65.97314,85,Replayed,1.0
3.0,-1.0,-1,0,55.91467,85,Replayed,3.0
-9.0,-1.0,-1,1,72.62811,85,Replayed,9.0
-1.0,0.0,1,0,60.961334,85,Replayed,1.0
-9.0,-1.0,1,0,47.518192,85,Replayed,9.0
-3.0,-1.0,-1,1,63.72406,85,Replayed,3.0
3.0,0.0,-1,0,59.427803,85,Replayed,3.0
3.0,-1.0,1,1,64.32322,85,Replayed,3.0
3.0,0.0,-1,0,59.19398,85,Replayed,3.0
5.0,-1.0,1,1,66.76978,85,Replayed,5.0
3.0,-1.0,1,1,63.220947,85,Replayed,3.0
5.0,-1.0,1,1,66.96377,85,Replayed,5.0
-5.0,-1.0,-1,1,67.08098,85,Replayed,5.0
-3.0,0.0,1,0,57.50138,85,Replayed,3.0
-1.0,0.0,1,0,61.12299,85,Replayed,1.0
-1.0,1.0,-1,1,67.284546,85,Replayed,1.0
-3.0,0.0,-1,1,66.83186,85,Replayed,3.0
-3.0,1.0,1,0,62.3447,85,Replayed,3.0
-3.0,-1.0,1,0,55.205894,85,Replayed,3.0
-1.0,-1.0,-1,1,60.659496,85,Replayed,1.0
-38.0,0.0,-1,1,97.1063,85,Replayed,38.0
5.0,0.0,1,1,69.49013,85,Replayed,5.0
-9.0,-1.0,-1,1,72.8394,85,Replayed,9.0
38.0,-1.0,1,1,95.59538,85,Replayed,38.0
1.0,-1.0,1,1,60.39868,85,Replayed,1.0
-9.0,0.0,-1,1,74.76546,85,Replayed,9.0
9.0,1.0,-1,0,55.053432,85,Replayed,9.0
38.0,-1.0,1,1,95.68251,85,Replayed,38.0
-38.0,0.0,-1,1,96.83206,85,Replayed,38.0
-9.0,-1.0,-1,1,72.34595,85,Replayed,9.0
-5.0,-1.0,-1,1,67.220184,85,Replayed,5.0
-5.0,1.0,1,0,59.70183,85,Replayed,5.0
-1.0,0.0,1,0,60.582428,85,Replayed,1.0
-9.0,0.0,-1,1,75.51595,85,Replayed,9.0
9.0,-1.0,1,1,72.1802,85,Replayed,9.0
-3.0,0.0,-1,1,66.83213,85,Replayed,3.0
9.0,1.0,-1,0,57.33899,85,Replayed,9.0
38.0,0.0,1,1,96.742226,85,Replayed,38.0
9.0,-1.0,1,1,72.72013,85,Replayed,9.0
3.0,0.0,-1,0,59.387356,85,Replayed,3.0
-9.0,1.0,1,0,54.558678,85,Replayed,9.0
-3.0,1.0,-1,1,69.48456,85,Replayed,3.0
-5.0,0.0,1,0,56.5986,85,Replayed,5.0
-1.0,0.0,-1,1,63.796364,85,Replayed,1.0
38.0,1.0,1,1,97.474976,85,Replayed,38.0
9.0,1.0,1,1,77.51709,85,Replayed,9.0
-38.0,1.0,-1,1,97.7288,85,Replayed,38.0
-5.0,0.0,-1,1,69.06685,85,Replayed,5.0
3.0,1.0,1,1,69.460236,85,Replayed,3.0
1.0,-1.0,1,1,59.844315,85,Replayed,1.0
-9.0,0.0,1,0,51.206238,85,Replayed,9.0
9.0,-1.0,1,1,71.645645,85,Replayed,9.0
-38.0,-1.0,-1,1,95.96922,85,Replayed,38.0
1.0,1.0,1,1,66.39431,85,Replayed,1.0
3.0,0.0,-1,0,59.94303,85,Replayed,3.0
-3.0,-1.0,1,0,55.30437,85,Replayed,3.0
3.0,-1.0,1,1,63.89336,85,Replayed,3.0
1.0,-1.0,-1,0,58.001022,85,Replayed,1.0
-5.0,0.0,1,0,55.541927,85,Replayed,5.0
1.0,-1.0,1,1,60.86748,85,Replayed,1.0
-5.0,-1.0,-1,1,67.74724,85,Replayed,5.0
-1.0,0.0,1,0,60.949783,85,Replayed,1.0
-38.0,-1.0,-1,1,95.62579,85,Replayed,38.0
3.0,0.0,-1,0,60.028915,85,Replayed,3.0
5.0,1.0,1,1,72.50065,85,Replayed,5.0
1.0,1.0,1,1,66.87416,85,Replayed,1.0
-3.0,-1.0,-1,1,64.763275,85,Replayed,3.0
-9.0,1.0,-1,1,78.807724,85,Replayed,9.0
-1.0,-1.0,-1,1,61.46897,85,Replayed,1.0
5.0,1.0,1,1,72.82845,85,Replayed,5.0
-5.0,0.0,-1,1,70.556816,85,Replayed,5.0
-9.0,1.0,-1,1,79.209526,85,Replayed,9.0
-1.0,-1.0,1,0,58.53073,85,Replayed,1.0
5.0,1.0,-1,0,59.87416,85,Replayed,5.0
-1.0,1.0,-1,1,67.14487,85,Replayed,1.0
5.0,0.0,1,1,70.00623,85,Replayed,5.0
-38.0,-1.0,-1,1,95.91105,85,Replayed,38.0
5.0,0.0,1,1,69.508224,85,Replayed,5.0
1.0,0.0,-1,0,61.644165,85,Replayed,1.0
-1.0,1.0,1,0,63.653873,85,Replayed,1.0
3.0,1.0,1,1,50.16149,86,Replayed,3.0
5.0,-1.0,1,1,49.560047,86,Replayed,5.0
-5.0,0.0,1,0,35.06683,86,Replayed,5.0
1.0,1.0,1,1,47.012104,86,Replayed,1.0
-5.0,-1.0,1,0,34.034447,86,Replayed,5.0
-1.0,1.0,1,0,43.43333,86,Replayed,1.0
-9.0,0.0,-1,1,56.363613,86,Replayed,9.0
38.0,0.0,1,1,87.514275,86,Replayed,38.0
-9.0,1.0,-1,1,58.147137,86,Replayed,9.0
38.0,-1.0,1,1,85.63501,86,Replayed,38.0
9.0,-1.0,1,1,55.473232,86,Replayed,9.0
-3.0,0.0,1,0,38.690094,86,Replayed,3.0
-9.0,0.0,1,0,28.53126,86,Replayed,9.0
1.0,-1.0,1,1,44.664463,86,Replayed,1.0
-9.0,1.0,-1,1,58.666737,86,Replayed,9.0
-9.0,1.0,1,0,30.817738,86,Replayed,9.0
-5.0,-1.0,1,0,33.460266,86,Replayed,5.0
3.0,0.0,1,1,49.04718,86,Replayed,3.0
9.0,-1.0,1,1,54.13701,86,Replayed,9.0
-3.0,0.0,-1,1,48.283943,86,Replayed,3.0
-5.0,0.0,-1,1,52.336864,86,Replayed,5.0
-3.0,0.0,-1,1,48.469715,86,Replayed,3.0
-38.0,0.0,-1,1,87.5838,86,Replayed,38.0
-3.0,0.0,-1,1,48.292652,86,Replayed,3.0
-5.0,1.0,-1,1,53.22631,86,Replayed,5.0
5.0,-1.0,1,1,49.19568,86,Replayed,5.0
-5.0,0.0,-1,1,51.2537,86,Replayed,5.0
38.0,1.0,1,1,89.08919,86,Replayed,38.0
5.0,-1.0,1,1,49.809742,86,Replayed,5.0
5.0,1.0,1,1,52.505703,86,Replayed,5.0
5.0,1.0,-1,0,37.607872,86,Replayed,5.0
9.0,-1.0,1,1,53.802513,86,Replayed,9.0
3.0,-1.0,-1,0,37.901966,86,Replayed,3.0
-5.0,0.0,-1,1,51.574345,86,Replayed,5.0
9.0,1.0,1,1,58.31712,86,Replayed,9.0
5.0,0.0,1,1,51.372128,86,Replayed,5.0
-1.0,-1.0,1,0,41.059505,86,Replayed,1.0
-3.0,-1.0,-1,1,46.367294,86,Replayed,3.0
3.0,-1.0,1,1,47.845882,86,Replayed,3.0
38.0,1.0,1,1,88.894775,86,Replayed,38.0
3.0,1.0,1,1,49.51776,86,Replayed,3.0
5.0,0.0,1,1,50.804585,86,Replayed,5.0
3.0,0.0,1,1,49.19816,86,Replayed,3.0
-38.0,-1.0,-1,1,85.173676,86,Replayed,38.0
38.0,-1.0,1,1,84.97027,86,Replayed,38.0
-38.0,0.0,-1,1,87.035,86,Replayed,38.0
-5.0,-1.0,-1,1,49.610363,86,Replayed,5.0
-38.0,-1.0,-1,1,85.0721,86,Replayed,38.0
-1.0,0.0,-1,1,46.204857,86,Replayed,1.0
3.0,1.0,-1,0,40.00754,86,Replayed,3.0
5.0,0.0,1,1,50.438667,86,Replayed,5.0
-1.0,-1.0,1,0,40.64519,86,Replayed,1.0
9.0,-1.0,1,1,54.486305,86,Replayed,9.0
-3.0,1.0,1,0,39.20039,86,Replayed,3.0
1.0,0.0,1,1,45.037563,86,Replayed,1.0
-1.0,0.0,1,0,42.497143,86,Replayed,1.0
38.0,-1.0,1,1,84.81499,86,Replayed,38.0
-3.0,1.0,1,0,40.133545,86,Replayed,3.0
-5.0,1.0,-1,1,53.19521,86,Replayed,5.0
3.0,1.0,-1,0,41.032063,86,Replayed,3.0
9.0,1.0,1,1,58.378483,86,Replayed,9.0
-1.0,0.0,-1,1,45.847668,86,Replayed,1.0
1.0,1.0,-1,0,43.8014,86,Replayed,1.0
38.0,0.0,1,1,87.55413,86,Replayed,38.0
-5.0,1.0,-1,1,53.697025,86,Replayed,5.0
1.0,1.0,-1,0,44.39361,86,Replayed,1.0
-3.0,0.0,1,0,38.15013,86,Replayed,3.0
-5.0,-1.0,-1,1,48.79593,86,Replayed,5.0
-5.0,0.0,-1,1,50.824207,86,Replayed,5.0
9.0,1.0,1,1,57.38135,86,Replayed,9.0
3.0,0.0,1,1,48.791298,86,Replayed,3.0
1.0,1.0,1,1,47.524647,86,Replayed,1.0
-38.0,1.0,-1,1,89.08125,86,Replayed,38.0
38.0,-1.0,1,1,85.485245,86,Replayed,38.0
-5.0,1.0,-1,1,52.659737,86,Replayed,5.0
-1.0,1.0,1,0,43.611423,86,Replayed,1.0
-9.0,-1.0,-1,1,54.437374,86,Replayed,9.0
-3.0,1.0,1,0,40.243565,86,Replayed,3.0
-38.0,1.0,-1,1,89.03685,86,Replayed,38.0
-9.0,0.0,-1,1,56.17274,86,Replayed,9.0
9.0,-1.0,-1,0,26.524616,86,Replayed,9.0
5.0,0.0,1,1,50.25047,86,Replayed,5.0
-1.0,-1.0,1,0,40.76175,86,Replayed,1.0
-38.0,0.0,-1,1,87.36767,86,Replayed,38.0
5.0,1.0,-1,0,37.09858,86,Replayed,5.0
9.0,1.0,-1,0,29.76406,86,Replayed,9.0
9.0,0.0,1,1,56.493576,86,Replayed,9.0
38.0,1.0,1,1,88.90038,86,Replayed,38.0
-5.0,-1.0,-1,1,49.162754,86,Replayed,5.0
9.0,1.0,1,1,57.148613,86,Replayed,9.0
-5.0,0.0,-1,1,50.83595,86,Replayed,5.0
5.0,0.0,1,1,50.272636,86,Replayed,5.0
-9.0,1.0,-1,1,59.411385,86,Replayed,9.0
-3.0,1.0,-1,1,50.813072,86,Replayed,3.0
5.0,-1.0,-1,0,34.649506,86,Replayed,5.0
-1.0,1.0,-1,1,47.798748,86,Replayed,1.0
9.0,0.0,1,1,56.714333,86,Replayed,9.0
-38.0,1.0,-1,1,89.11952,86,Replayed,38.0
-9.0,-1.0,-1,1,55.115997,86,Replayed,9.0
5.0,-1.0,-1,0,34.85581,86,Replayed,5.0
-5.0,1.0,-1,1,52.95411,86,Replayed,5.0
-3.0,1.0,1,0,39.996777,86,Replayed,3.0
-1.0,-1.0,-1,1,44.865025,86,Replayed,1.0
-9.0,1.0,-1,1,58.79828,86,Replayed,9.0
-38.0,0.0,-1,1,87.10655,86,Replayed,38.0
38.0,1.0,1,1,88.47465,86,Replayed,38.0
-1.0,0.0,-1,1,46.646545,86,Replayed,1.0
-1.0,1.0,-1,1,46.956383,86,Replayed,1.0
9.0,0.0,1,1,56.30449,86,Replayed,9.0
3.0,-1.0,-1,0,37.181923,86,Replayed,3.0
1.0,0.0,1,1,44.857788,86,Replayed,1.0
-9.0,0.0,-1,1,56.57407,86,Replayed,9.0
-5.0,-1.0,-1,1,50.246216,86,Replayed,5.0
3.0,1.0,-1,0,40.474045,86,Replayed,3.0
1.0,-1.0,1,1,43.624207,86,Replayed,1.0
-9.0,0.0,-1,1,57.116444,86,Replayed,9.0
1.0,1.0,-1,0,43.74877,86,Replayed,1.0
-3.0,1.0,-1,1,49.73419,86,Replayed,3.0
3.0,-1.0,1,1,47.055798,86,Replayed,3.0
-3.0,0.0,1,0,38.039684,86,Replayed,3.0
-38.0,0.0,-1,1,87.95427,86,Replayed,38.0
9.0,0.0,1,1,56.505714,86,Replayed,9.0
3.0,1.0,-1,0,40.774242,86,Replayed,3.0
1.0,1.0,1,1,46.520702,86,Replayed,1.0
-38.0,-1.0,-1,1,85.48239,86,Replayed,38.0
3.0,-1.0,-1,0,37.931736,86,Replayed,3.0
-1.0,1.0,-1,1,46.640057,86,Replayed,1.0
9.0,-1.0,1,1,55.33619,86,Replayed,9.0
3.0,1.0,1,1,50.358055,86,Replayed,3.0
-3.0,-1.0,1,0,37.333908,86,Replayed,3.0
-3.0,0.0,1,0,39.231606,86,Replayed,3.0
3.0,-1.0,1,1,46.642303,86,Replayed,3.0
38.0,0.0,1,1,87.46154,86,Replayed,38.0
-3.0,1.0,1,0,40.504093,86,Replayed,3.0
-1.0,0.0,-1,1,45.309143,86,Replayed,1.0
-3.0,0.0,-1,1,48.561714,86,Replayed,3.0
9.0,0.0,1,1,55.88592,86,Replayed,9.0
5.0,0.0,-1,0,35.89586,86,Replayed,5.0
5.0,1.0,1,1,51.86023,86,Replayed,5.0
-3.0,-1.0,1,0,36.25754,86,Replayed,3.0
1.0,-1.0,-1,0,40.217716,86,Replayed,1.0
-3.0,1.0,1,0,40.221004,86,Replayed,3.0
38.0,0.0,1,1,87.02743,86,Replayed,38.0
3.0,0.0,1,1,48.015266,86,Replayed,3.0
38.0,1.0,1,1,88.8234,86,Replayed,38.0
-5.0,0.0,-1,1,50.162445,86,Replayed,5.0
-38.0,1.0,-1,1,88.57063,86,Replayed,38.0
-3.0,-1.0,1,0,37.64202,86,Replayed,3.0
-9.0,-1.0,1,0,26.46933,86,Replayed,9.0
38.0,0.0,1,1,87.516975,86,Replayed,38.0
9.0,0.0,1,1,55.527317,86,Replayed,9.0
3.0,-1.0,-1,0,37.497795,86,Replayed,3.0
-1.0,-1.0,-1,1,44.49572,86,Replayed,1.0
-9.0,0.0,-1,1,57.168205,86,Replayed,9.0
38.0,1.0,1,1,88.74919,86,Replayed,38.0
-1.0,1.0,-1,1,47.32939,86,Replayed,1.0
-1.0,0.0,-1,1,45.439068,86,Replayed,1.0
-1.0,-1.0,1,0,40.186737,86,Replayed,1.0
-3.0,-1.0,-1,1,47.778534,86,Replayed,3.0
5.0,0.0,1,1,50.93779,86,Replayed,5.0
-9.0,1.0,-1,1,59.278763,86,Replayed,9.0
-5.0,1.0,-1,1,52.70282,86,Replayed,5.0
-9.0,-1.0,-1,1,55.117725,86,Replayed,9.0
-9.0,1.0,-1,1,57.52443,86,Replayed,9.0
-1.0,0.0,1,0,42.573162,86,Replayed,1.0
38.0,1.0,1,1,88.76221,86,Replayed,38.0
-38.0,-1.0,1,0,3.5062623,86,Replayed,38.0
-38.0,0.0,-1,1,87.43344,86,Replayed,38.0
38.0,0.0,1,1,86.96078,86,Replayed,38.0
-38.0,0.0,-1,1,87.62462,86,Replayed,38.0
-5.0,0.0,-1,1,52.773308,86,Replayed,5.0
-9.0,-1.0,-1,1,55.36569,86,Replayed,9.0
-38.0,1.0,-1,1,89.16682,86,Replayed,38.0
9.0,1.0,1,1,57.522606,86,Replayed,9.0
38.0,-1.0,1,1,84.70693,86,Replayed,38.0
5.0,0.0,-1,0,35.262466,86,Replayed,5.0
-5.0,1.0,-1,1,53.392864,86,Replayed,5.0
-1.0,-1.0,1,0,39.23435,86,Replayed,1.0
-9.0,0.0,-1,1,57.46107,86,Replayed,9.0
38.0,-1.0,1,1,85.29302,86,Replayed,38.0
1.0,1.0,1,1,47.698444,86,Replayed,1.0
1.0,-1.0,1,1,43.359528,86,Replayed,1.0
38.0,-1.0,1,1,85.00703,86,Replayed,38.0
9.0,0.0,1,1,54.98421,86,Replayed,9.0
1.0,0.0,1,1,45.545708,86,Replayed,1.0
1.0,0.0,1,1,44.234215,86,Replayed,1.0
1.0,-1.0,-1,0,40.50217,86,Replayed,1.0
-9.0,-1.0,-1,1,54.716045,86,Replayed,9.0
5.0,1.0,-1,0,36.63035,86,Replayed,5.0
3.0,0.0,1,1,48.070164,86,Replayed,3.0
1.0,0.0,-1,0,42.65463,86,Replayed,1.0
-5.0,1.0,-1,1,53.343456,86,Replayed,5.0
9.0,1.0,1,1,58.895325,86,Replayed,9.0
-9.0,1.0,-1,1,58.68351,86,Replayed,9.0
-38.0,-1.0,-1,1,85.977325,86,Replayed,38.0
-38.0,-1.0,-1,1,85.79708,86,Replayed,38.0
-3.0,-1.0,-1,1,46.935825,86,Replayed,3.0
-38.0,1.0,-1,1,89.03289,86,Replayed,38.0
-38.0,1.0,-1,1,88.73213,86,Replayed,38.0
1.0,0.0,1,1,45.24172,86,Replayed,1.0
3.0,0.0,-1,0,38.311302,86,Replayed,3.0
-5.0,-1.0,-1,1,48.93548,86,Replayed,5.0
5.0,-1.0,1,1,49.93536,86,Replayed,5.0
-1.0,-1.0,-1,1,43.981014,86,Replayed,1.0
5.0,1.0,1,1,52.269566,86,Replayed,5.0
-5.0,-1.0,1,0,33.276787,86,Replayed,5.0
1.0,0.0,1,1,44.63802,86,Replayed,1.0
1.0,1.0,1,1,47.295425,86,Replayed,1.0
1.0,-1.0,-1,0,41.577812,86,Replayed,1.0
-9.0,-1.0,-1,1,55.979954,86,Replayed,9.0
9.0,0.0,1,1,56.810497,86,Replayed,9.0
1.0,0.0,-1,0,42.08892,86,Replayed,1.0
3.0,1.0,1,1,49.45252,86,Replayed,3.0
5.0,1.0,-1,0,37.37661,86,Replayed,5.0
9.0,1.0,1,1,58.262085,86,Replayed,9.0
5.0,-1.0,1,1,49.21407,86,Replayed,5.0
-1.0,0.0,-1,1,45.66384,86,Replayed,1.0
38.0,-1.0,1,1,85.4694,86,Replayed,38.0
3.0,-1.0,-1,0,37.89822,86,Replayed,3.0
-38.0,-1.0,-1,1,85.54613,86,Replayed,38.0
3.0,0.0,-1,0,38.44702,86,Replayed,3.0
38.0,1.0,1,1,89.31087,86,Replayed,38.0
-38.0,-1.0,-1,1,84.991776,86,Replayed,38.0
-3.0,-1.0,-1,1,47.141327,86,Replayed,3.0
-38.0,0.0,-1,1,87.210556,86,Replayed,38.0
5.0,1.0,-1,0,37.10412,86,Replayed,5.0
3.0,0.0,-1,0,39.744305,86,Replayed,3.0
1.0,-1.0,1,1,45.076614,86,Replayed,1.0
-9.0,0.0,-1,1,56.38169,86,Replayed,9.0
-9.0,-1.0,-1,1,54.048355,86,Replayed,9.0
38.0,0.0,1,1,87.09836,86,Replayed,38.0
-3.0,-1.0,1,0,36.842133,86,Replayed,3.0
-1.0,1.0,1,0,43.08206,86,Replayed,1.0
38.0,0.0,1,1,87.19297,86,Replayed,38.0
9.0,-1.0,1,1,54.62296,86,Replayed,9.0
-1.0,1.0,-1,1,47.502888,86,Replayed,1.0
1.0,-1.0,1,1,44.617607,86,Replayed,1.0
9.0,-1.0,-1,0,28.29964,86,Replayed,9.0
5.0,-1.0,1,1,48.62509,86,Replayed,5.0
-38.0,1.0,-1,1,89.23196,86,Replayed,38.0
-5.0,-1.0,1,0,46.36733,87,Replayed,5.0
-3.0,0.0,-1,1,54.54622,87,Replayed,3.0
9.0,-1.0,1,1,56.52345,87,Replayed,9.0
1.0,0.0,-1,0,52.69716,87,Replayed,1.0
-1.0,1.0,-1,1,55.766647,87,Replayed,1.0
38.0,0.0,1,1,77.65269,87,Replayed,38.0
5.0,-1.0,-1,0,46.991425,87,Replayed,5.0
-1.0,1.0,1,0,55.152477,87,Replayed,1.0
-38.0,0.0,-1,1,75.99753,87,Replayed,38.0
1.0,0.0,-1,0,52.122925,87,Replayed,1.0
-1.0,1.0,1,0,55.515266,87,Replayed,1.0
38.0,1.0,1,1,80.60848,87,Replayed,38.0
9.0,1.0,-1,0,49.987812,87,Replayed,9.0
1.0,0.0,1,1,54.275684,87,Replayed,1.0
38.0,-1.0,1,1,74.75493,87,Replayed,38.0
38.0,0.0,1,1,76.817635,87,Replayed,38.0
-38.0,1.0,-1,1,78.92558,87,Replayed,38.0
-3.0,-1.0,-1,1,51.12493,87,Replayed,3.0
-5.0,-1.0,1,0,47.406757,87,Replayed,5.0
3.0,-1.0,-1,0,47.63636,87,Replayed,3.0
3.0,-1.0,-1,0,48.097786,87,Replayed,3.0
5.0,1.0,1,1,61.026054,87,Replayed,5.0
-3.0,0.0,-1,1,55.01959,87,Replayed,3.0
9.0,0.0,-1,0,46.947723,87,Replayed,9.0
-1.0,1.0,-1,1,57.428272,87,Replayed,1.0
-5.0,1.0,-1,1,58.6131,87,Replayed,5.0
1.0,1.0,1,1,57.728584,87,Replayed,1.0
-38.0,-1.0,-1,1,73.90865,87,Replayed,38.0
-3.0,1.0,1,0,55.168785,87,Replayed,3.0
5.0,1.0,-1,0,52.580982,87,Replayed,5.0
-3.0,1.0,1,0,55.151695,87,Replayed,3.0
3.0,1.0,-1,0,54.007763,87,Replayed,3.0
38.0,-1.0,1,1,75.302895,87,Replayed,38.0
9.0,1.0,1,1,62.39034,87,Replayed,9.0
-5.0,0.0,-1,1,56.20148,87,Replayed,5.0
-9.0,1.0,1,0,51.37914,87,Replayed,9.0
-5.0,-1.0,1,0,46.053413,87,Replayed,5.0
-3.0,0.0,-1,1,55.18937,87,Replayed,3.0
9.0,-1.0,-1,0,44.05293,87,Replayed,9.0
1.0,1.0,-1,0,55.602108,87,Replayed,1.0
5.0,0.0,-1,0,49.40926,87,Replayed,5.0
5.0,1.0,1,1,59.029675,87,Replayed,5.0
-38.0,-1.0,-1,1,73.89888,87,Replayed,38.0
-3.0,0.0,-1,1,54.83817,87,Replayed,3.0
-9.0,-1.0,-1,1,55.790306,87,Replayed,9.0
-1.0,-1.0,1,0,50.56453,87,Replayed,1.0
5.0,0.0,1,1,57.190453,87,Replayed,5.0
3.0,0.0,1,1,54.96692,87,Replayed,3.0
-38.0,-1.0,-1,1,73.45577,87,Replayed,38.0
-3.0,0.0,-1,1,54.934017,87,Replayed,3.0
-38.0,0.0,1,0,30.961359,87,Replayed,38.0
9.0,1.0,-1,0,49.82061,87,Replayed,9.0
3.0,1.0,-1,0,53.613197,87,Replayed,3.0
-9.0,0.0,1,0,48.03936,87,Replayed,9.0
-9.0,0.0,1,0,47.6729,87,Replayed,9.0
-1.0,-1.0,-1,1,50.35182,87,Replayed,1.0
-9.0,1.0,-1,1,62.640858,87,Replayed,9.0
1.0,0.0,-1,0,52.164383,87,Replayed,1.0
-5.0,0.0,-1,1,54.980247,87,Replayed,5.0
-38.0,-1.0,-1,1,73.4656,87,Replayed,38.0
-3.0,-1.0,1,0,48.448643,87,Replayed,3.0
-9.0,0.0,-1,1,58.668945,87,Replayed,9.0
-1.0,0.0,-1,1,54.232536,87,Replayed,1.0
-38.0,-1.0,1,0,25.573328,87,Replayed,38.0
5.0,-1.0,1,1,53.433056,87,Replayed,5.0
-1.0,1.0,1,0,55.111492,87,Replayed,1.0
3.0,1.0,1,1,59.061497,87,Replayed,3.0
38.0,0.0,1,1,76.51825,87,Replayed,38.0
3.0,1.0,-1,0,53.361164,87,Replayed,3.0
9.0,-1.0,1,1,56.410538,87,Replayed,9.0
-38.0,0.0,-1,1,76.91567,87,Replayed,38.0
3.0,0.0,-1,0,49.625328,87,Replayed,3.0
-38.0,-1.0,1,0,26.351631,87,Replayed,38.0
1.0,1.0,-1,0,54.788322,87,Replayed,1.0
-5.0,0.0,1,0,49.392162,87,Replayed,5.0
-9.0,-1.0,1,0,43.844532,87,Replayed,9.0
3.0,-1.0,1,1,52.415337,87,Replayed,3.0
-3.0,-1.0,-1,1,51.94038,87,Replayed,3.0
-5.0,1.0,1,0,53.509415,87,Replayed,5.0
-3.0,1.0,1,0,54.283546,87,Replayed,3.0
-1.0,0.0,1,0,53.073586,87,Replayed,1.0
-3.0,1.0,1,0,55.95685,87,Replayed,3.0
-5.0,0.0,-1,1,55.84275,87,Replayed,5.0
5.0,-1.0,1,1,53.444775,87,Replayed,5.0
5.0,0.0,1,1,57.29277,87,Replayed,5.0
9.0,1.0,-1,0,50.079144,87,Replayed,9.0
38.0,-1.0,1,1,74.19314,87,Replayed,38.0
-9.0,-1.0,1,0,44.21137,87,Replayed,9.0
9.0,-1.0,1,1,56.9183,87,Replayed,9.0
-3.0,-1.0,1,0,48.350018,87,Replayed,3.0
-1.0,-1.0,1,0,49.592346,87,Replayed,1.0
9.0,0.0,1,1,59.80567,87,Replayed,9.0
-3.0,-1.0,1,0,47.155575,87,Replayed,3.0
-3.0,1.0,-1,1,57.7375,87,Replayed,3.0
-5.0,-1.0,-1,1,52.944935,87,Replayed,5.0
-1.0,-1.0,1,0,49.88276,87,Replayed,1.0
9.0,1.0,1,1,63.23239,87,Replayed,9.0
1.0,1.0,1,1,56.23242,87,Replayed,1.0
-9.0,0.0,1,0,48.752888,87,Replayed,9.0
3.0,0.0,-1,0,51.472717,87,Replayed,3.0
9.0,1.0,1,1,63.74135,87,Replayed,9.0
5.0,0.0,1,1,56.83645,87,Replayed,5.0
38.0,1.0,1,1,79.40173,87,Replayed,38.0
9.0,0.0,1,1,59.460842,87,Replayed,9.0
-1.0,1.0,-1,1,56.25246,87,Replayed,1.0
-5.0,0.0,-1,1,55.683456,87,Replayed,5.0
-5.0,1.0,1,0,53.135204,87,Replayed,5.0
5.0,0.0,-1,0,50.22739,87,Replayed,5.0
3.0,-1.0,1,1,52.794327,87,Replayed,3.0
-5.0,-1.0,1,0,47.69307,87,Replayed,5.0
-9.0,1.0,-1,1,62.318825,87,Replayed,9.0
-5.0,-1.0,-1,1,52.650856,87,Replayed,5.0
-38.0,1.0,-1,1,79.10381,87,Replayed,38.0
5.0,-1.0,-1,0,47.534058,87,Replayed,5.0
-5.0,0.0,1,0,50.712948,87,Replayed,5.0
-3.0,-1.0,-1,1,52.056896,87,Replayed,3.0
1.0,1.0,-1,0,55.92268,87,Replayed,1.0
1.0,-1.0,-1,0,49.21797,87,Replayed,1.0
1.0,0.0,1,1,55.094063,87,Replayed,1.0
38.0,1.0,1,1,80.72118,87,Replayed,38.0
38.0,-1.0,1,1,74.12601,87,Replayed,38.0
5.0,1.0,-1,0,52.63639,87,Replayed,5.0
9.0,0.0,-1,0,46.781292,87,Replayed,9.0
3.0,0.0,-1,0,51.789856,87,Replayed,3.0
5.0,-1.0,-1,0,46.810856,87,Replayed,5.0
-1.0,-1.0,1,0,49.85314,87,Replayed,1.0
-1.0,1.0,1,0,54.863197,87,Replayed,1.0
-1.0,-1.0,-1,1,49.35295,87,Replayed,1.0
-3.0,0.0,1,0,51.79797,87,Replayed,3.0
-5.0,1.0,1,0,52.944096,87,Replayed,5.0
5.0,-1.0,1,1,54.159824,87,Replayed,5.0
-5.0,0.0,1,0,50.71301,87,Replayed,5.0
-1.0,0.0,1,0,52.263016,87,Replayed,1.0
3.0,-1.0,1,1,51.633667,87,Replayed,3.0
3.0,0.0,-1,0,50.08,87,Replayed,3.0
-38.0,-1.0,-1,1,72.62439,87,Replayed,38.0
1.0,1.0,1,1,57.049442,87,Replayed,1.0
-9.0,1.0,1,0,50.376556,87,Replayed,9.0
9.0,0.0,1,1,60.076927,87,Replayed,9.0
-38.0,0.0,-1,1,76.77923,87,Replayed,38.0
-9.0,-1.0,-1,1,55.906643,87,Replayed,9.0
5.0,0.0,-1,0,50.15987,87,Replayed,5.0
1.0,-1.0,-1,0,48.130318,87,Replayed,1.0
5.0,-1.0,1,1,53.39281,87,Replayed,5.0
-1.0,0.0,1,0,52.33467,87,Replayed,1.0
1.0,-1.0,1,1,51.23594,87,Replayed,1.0
1.0,-1.0,-1,0,48.537735,87,Replayed,1.0
-9.0,-1.0,1,0,43.625603,87,Replayed,9.0
-1.0,-1.0,1,0,50.070477,87,Replayed,1.0
3.0,1.0,1,1,58.713013,87,Replayed,3.0
38.0,1.0,1,1,80.50776,87,Replayed,38.0
-38.0,0.0,-1,1,76.68935,87,Replayed,38.0
9.0,0.0,1,1,58.883762,87,Replayed,9.0
-5.0,0.0,-1,1,56.37281,87,Replayed,5.0
1.0,0.0,-1,0,52.504395,87,Replayed,1.0
-3.0,1.0,1,0,55.06787,87,Replayed,3.0
38.0,0.0,1,1,77.49719,87,Replayed,38.0
5.0,1.0,-1,0,52.035202,87,Replayed,5.0
9.0,-1.0,1,1,56.69331,87,Replayed,9.0
-9.0,0.0,1,0,47.604523,87,Replayed,9.0
3.0,0.0,-1,0,50.657505,87,Replayed,3.0
5.0,1.0,-1,0,53.110428,87,Replayed,5.0
38.0,0.0,-1,0,30.653515,87,Replayed,38.0
-38.0,0.0,1,0,29.776665,87,Replayed,38.0
-9.0,1.0,1,0,51.84487,87,Replayed,9.0
-9.0,-1.0,1,0,43.85668,87,Replayed,9.0
-9.0,1.0,-1,1,61.26957,87,Replayed,9.0
-9.0,0.0,1,0,48.715157,87,Replayed,9.0
9.0,-1.0,-1,0,43.449066,87,Replayed,9.0
3.0,-1.0,1,1,52.87408,87,Replayed,3.0
38.0,-1.0,-1,0,25.680273,87,Replayed,38.0
-9.0,-1.0,-1,1,56.15691,87,Replayed,9.0
38.0,0.0,1,1,76.886955,87,Replayed,38.0
38.0,1.0,1,1,80.39566,87,Replayed,38.0
38.0,-1.0,1,1,74.65751,87,Replayed,38.0
-1.0,0.0,1,0,52.821945,87,Replayed,1.0
-9.0,0.0,-1,1,59.093563,87,Replayed,9.0
38.0,0.0,1,1,78.121315,87,Replayed,38.0
3.0,1.0,-1,0,53.47479,87,Replayed,3.0
-38.0,1.0,1,0,33.040997,87,Replayed,38.0
1.0,0.0,-1,0,52.951996,87,Replayed,1.0
38.0,1.0,1,1,79.96061,87,Replayed,38.0
1.0,1.0,1,1,57.134766,87,Replayed,1.0
38.0,-1.0,1,1,74.17457,87,Replayed,38.0
-38.0,1.0,-1,1,79.549965,87,Replayed,38.0
-38.0,1.0,-1,1,79.15254,87,Replayed,38.0
-38.0,0.0,-1,1,76.86764,87,Replayed,38.0
-5.0,-1.0,-1,1,52.4558,87,Replayed,5.0
1.0,1.0,-1,0,54.923683,87,Replayed,1.0
1.0,0.0,-1,0,51.743507,87,Replayed,1.0
1.0,-1.0,-1,0,48.789593,87,Replayed,1.0
-1.0,0.0,1,0,52.466774,87,Replayed,1.0
38.0,0.0,1,1,76.83751,87,Replayed,38.0
-5.0,-1.0,-1,1,54.233337,87,Replayed,5.0
3.0,1.0,-1,0,53.39258,87,Replayed,3.0
-1.0,1.0,-1,1,56.571133,87,Replayed,1.0
5.0,1.0,1,1,59.883774,87,Replayed,5.0
-5.0,1.0,1,0,53.42722,87,Replayed,5.0
-5.0,1.0,-1,1,59.77141,87,Replayed,5.0
38.0,1.0,1,1,79.49978,87,Replayed,38.0
5.0,0.0,-1,0,49.34795,87,Replayed,5.0
-3.0,1.0,1,0,55.90546,87,Replayed,3.0
38.0,-1.0,1,1,73.5788,87,Replayed,38.0
3.0,1.0,1,1,57.930027,87,Replayed,3.0
9.0,0.0,1,1,60.331566,87,Replayed,9.0
3.0,-1.0,-1,0,47.161095,87,Replayed,3.0
-3.0,1.0,1,0,53.743214,87,Replayed,3.0
-38.0,1.0,-1,1,79.89573,87,Replayed,38.0
-1.0,0.0,1,0,52.41016,87,Replayed,1.0
-9.0,1.0,-1,1,61.496307,87,Replayed,9.0
9.0,1.0,-1,0,49.320553,87,Replayed,9.0
3.0,-1.0,-1,0,47.307255,87,Replayed,3.0
3.0,0.0,-1,0,50.41278,87,Replayed,3.0
1.0,-1.0,1,1,50.154053,87,Replayed,1.0
-9.0,1.0,1,0,51.365845,87,Replayed,9.0
-9.0,-1.0,-1,1,56.52274,87,Replayed,9.0
1.0,-1.0,-1,0,49.144768,87,Replayed,1.0
5.0,-1.0,-1,0,46.719776,87,Replayed,5.0
9.0,0.0,1,1,59.949295,87,Replayed,9.0
-38.0,-1.0,1,0,26.579773,87,Replayed,38.0
9.0,-1.0,-1,0,44.03704,87,Replayed,9.0
3.0,0.0,1,1,55.61358,87,Replayed,3.0
1.0,-1.0,-1,0,49.046154,87,Replayed,1.0
5.0,1.0,-1,0,52.340897,87,Replayed,5.0
-3.0,0.0,-1,1,55.136986,87,Replayed,3.0
-3.0,0.0,1,0,50.762928,87,Replayed,3.0
9.0,1.0,-1,0,50.874252,87,Replayed,9.0
9.0,-1.0,1,1,56.6229,87,Replayed,9.0
-38.0,1.0,-1,1,80.296936,87,Replayed,38.0
5.0,0.0,1,1,57.36149,87,Replayed,5.0
38.0,1.0,1,1,80.229515,87,Replayed,38.0
-5.0,1.0,1,0,53.935844,87,Replayed,5.0
-1.0,0.0,1,0,52.78116,87,Replayed,1.0
-1.0,-1.0,1,0,49.693874,87,Replayed,1.0
-38.0,1.0,-1,1,80.55939,87,Replayed,38.0
-3.0,-1.0,-1,1,52.2988,87,Replayed,3.0
-9.0,0.0,-1,1,59.20918,87,Replayed,9.0
-3.0,-1.0,-1,1,51.588535,87,Replayed,3.0
-5.0,1.0,-1,1,59.459297,87,Replayed,5.0
-9.0,-1.0,1,0,45.214745,88,Replayed,9.0
1.0,-1.0,1,1,50.34427,88,Replayed,1.0
-3.0,0.0,1,0,50.277264,88,Replayed,3.0
-1.0,0.0,-1,1,55.073254,88,Replayed,1.0
5.0,0.0,-1,0,51.739754,88,Replayed,5.0
5.0,-1.0,1,1,53.941555,88,Replayed,5.0
-9.0,-1.0,-1,1,56.84415,88,Replayed,9.0
-38.0,0.0,-1,1,74.793564,88,Replayed,38.0
-9.0,-1.0,1,0,45.766174,88,Replayed,9.0
-9.0,1.0,1,0,48.895214,88,Replayed,9.0
3.0,-1.0,-1,0,50.229336,88,Replayed,3.0
-3.0,-1.0,-1,1,54.264248,88,Replayed,3.0
9.0,0.0,1,1,57.620995,88,Replayed,9.0
38.0,0.0,-1,0,32.308567,88,Replayed,38.0
38.0,1.0,1,1,74.212326,88,Replayed,38.0
5.0,0.0,1,1,55.41316,88,Replayed,5.0
-3.0,0.0,-1,1,55.056065,88,Replayed,3.0
5.0,0.0,-1,0,50.992264,88,Replayed,5.0
-3.0,-1.0,1,0,48.55462,88,Replayed,3.0
3.0,0.0,-1,0,52.46163,88,Replayed,3.0
3.0,1.0,1,1,54.83899,88,Replayed,3.0
5.0,1.0,1,1,56.952297,88,Replayed,5.0
-1.0,-1.0,-1,1,53.026955,88,Replayed,1.0
3.0,-1.0,1,1,52.192944,88,Replayed,3.0
-3.0,1.0,1,0,53.122437,88,Replayed,3.0
-38.0,1.0,-1,1,76.315895,88,Replayed,38.0
-1.0,1.0,1,0,53.50377,88,Replayed,1.0
-3.0,1.0,-1,1,57.365395,88,Replayed,3.0
-9.0,-1.0,1,0,45.572887,88,Replayed,9.0
-5.0,-1.0,1,0,47.059494,88,Replayed,5.0
-9.0,0.0,1,0,47.653366,88,Replayed,9.0
1.0,1.0,1,1,53.91758,88,Replayed,1.0
9.0,-1.0,1,1,56.056423,88,Replayed,9.0
38.0,1.0,1,1,75.75243,88,Replayed,38.0
-38.0,-1.0,-1,1,72.64122,88,Replayed,38.0
-3.0,-1.0,1,0,48.802242,88,Replayed,3.0
-1.0,0.0,-1,1,54.739082,88,Replayed,1.0
-1.0,-1.0,-1,1,52.036827,88,Replayed,1.0
-5.0,1.0,-1,1,59.295715,88,Replayed,5.0
-9.0,1.0,-1,1,60.945892,88,Replayed,9.0
-5.0,-1.0,-1,1,55.50648,88,Replayed,5.0
-9.0,0.0,-1,1,58.56325,88,Replayed,9.0
-5.0,0.0,-1,1,55.81885,88,Replayed,5.0
5.0,1.0,1,1,57.76465,88,Replayed,5.0
-9.0,0.0,-1,1,59.267593,88,Replayed,9.0
1.0,0.0,-1,0,53.564674,88,Replayed,1.0
-3.0,-1.0,-1,1,52.807884,88,Replayed,3.0
3.0,-1.0,-1,0,50.291927,88,Replayed,3.0
-38.0,0.0,-1,1,74.05442,88,Replayed,38.0
-3.0,1.0,1,0,52.006084,88,Replayed,3.0
5.0,-1.0,-1,0,48.96503,88,Replayed,5.0
-38.0,0.0,1,0,32.55743,88,Replayed,38.0
5.0,1.0,-1,0,52.00651,88,Replayed,5.0
-1.0,1.0,1,0,52.838463,88,Replayed,1.0
-38.0,0.0,1,0,32.40056,88,Replayed,38.0
1.0,1.0,-1,0,55.445965,88,Replayed,1.0
9.0,-1.0,-1,0,47.25213,88,Replayed,9.0
3.0,-1.0,1,1,52.698845,88,Replayed,3.0
3.0,0.0,1,1,54.741455,88,Replayed,3.0
38.0,-1.0,1,1,70.71782,88,Replayed,38.0
-5.0,-1.0,1,0,47.84671,88,Replayed,5.0
-9.0,-1.0,1,0,45.93171,88,Replayed,9.0
-9.0,0.0,-1,1,59.350597,88,Replayed,9.0
3.0,-1.0,-1,0,50.046444,88,Replayed,3.0
5.0,0.0,1,1,55.84262,88,Replayed,5.0
-38.0,-1.0,-1,1,71.702385,88,Replayed,38.0
-5.0,0.0,1,0,50.51506,88,Replayed,5.0
1.0,0.0,-1,0,52.944313,88,Replayed,1.0
-1.0,0.0,-1,1,53.123814,88,Replayed,1.0
-1.0,1.0,-1,1,55.49171,88,Replayed,1.0
9.0,-1.0,1,1,57.213318,88,Replayed,9.0
-1.0,-1.0,-1,1,53.107376,88,Replayed,1.0
-3.0,0.0,1,0,50.883114,88,Replayed,3.0
-1.0,0.0,1,0,52.676456,88,Replayed,1.0
9.0,0.0,1,1,57.542194,88,Replayed,9.0
-5.0,-1.0,1,0,48.11146,88,Replayed,5.0
-5.0,0.0,1,0,50.464672,88,Replayed,5.0
5.0,-1.0,1,1,53.3423,88,Replayed,5.0
-5.0,1.0,1,0,51.699997,88,Replayed,5.0
-9.0,0.0,-1,1,58.70377,88,Replayed,9.0
38.0,1.0,-1,0,35.63908,88,Replayed,38.0
-3.0,-1.0,-1,1,52.54501,88,Replayed,3.0
-1.0,0.0,1,0,52.454315,88,Replayed,1.0
-3.0,-1.0,1,0,48.27752,88,Replayed,3.0
-9.0,1.0,1,0,48.949833,88,Replayed,9.0
-3.0,1.0,-1,1,55.551292,88,Replayed,3.0
-38.0,-1.0,1,0,29.615694,88,Replayed,38.0
9.0,0.0,-1,0,48.0099,88,Replayed,9.0
1.0,1.0,-1,0,54.987915,88,Replayed,1.0
38.0,0.0,-1,0,32.78778,88,Replayed,38.0
-38.0,1.0,1,0,33.834316,88,Replayed,38.0
3.0,0.0,-1,0,52.46811,88,Replayed,3.0
-1.0,1.0,-1,1,56.44601,88,Replayed,1.0
38.0,1.0,1,1,74.73381,88,Replayed,38.0
-3.0,-1.0,-1,1,52.54967,88,Replayed,3.0
3.0,1.0,-1,0,53.76431,88,Replayed,3.0
3.0,0.0,-1,0,51.583817,88,Replayed,3.0
-1.0,1.0,-1,1,56.67417,88,Replayed,1.0
9.0,-1.0,-1,0,46.931904,88,Replayed,9.0
3.0,-1.0,-1,0,50.522446,88,Replayed,3.0
-3.0,1.0,-1,1,56.770508,88,Replayed,3.0
-38.0,0.0,-1,1,74.695984,88,Replayed,38.0
1.0,-1.0,1,1,51.001232,88,Replayed,1.0
9.0,0.0,-1,0,48.231953,88,Replayed,9.0
9.0,-1.0,1,1,56.14271,88,Replayed,9.0
5.0,0.0,-1,0,51.029175,88,Replayed,5.0
-5.0,1.0,-1,1,59.669846,88,Replayed,5.0
38.0,0.0,-1,0,33.664795,88,Replayed,38.0
5.0,1.0,1,1,57.518005,88,Replayed,5.0
3.0,0.0,1,1,53.662853,88,Replayed,3.0
-38.0,1.0,-1,1,76.243706,88,Replayed,38.0
38.0,0.0,1,1,73.181465,88,Replayed,38.0
-3.0,0.0,1,0,50.961685,88,Replayed,3.0
38.0,0.0,1,1,73.2264,88,Replayed,38.0
3.0,-1.0,1,1,51.720436,88,Replayed,3.0
-9.0,0.0,-1,1,59.013527,88,Replayed,9.0
38.0,-1.0,-1,0,31.27422,88,Replayed,38.0
-9.0,1.0,1,0,49.166878,88,Replayed,9.0
1.0,0.0,1,1,52.437065,88,Replayed,1.0
-38.0,1.0,-1,1,75.61903,88,Replayed,38.0
38.0,-1.0,-1,0,29.631134,88,Replayed,38.0
-1.0,0.0,-1,1,54.509727,88,Replayed,1.0
-5.0,-1.0,1,0,47.335674,88,Replayed,5.0
3.0,1.0,1,1,55.27479,88,Replayed,3.0
38.0,1.0,-1,0,35.06737,88,Replayed,38.0
9.0,1.0,1,1,59.61038,88,Replayed,9.0
-9.0,0.0,-1,1,58.631958,88,Replayed,9.0
-3.0,0.0,-1,1,55.13967,88,Replayed,3.0
-3.0,1.0,-1,1,57.604015,88,Replayed,3.0
-38.0,1.0,1,0,33.800037,88,Replayed,38.0
-38.0,-1.0,1,0,29.901398,88,Replayed,38.0
3.0,0.0,-1,0,51.18522,88,Replayed,3.0
9.0,1.0,-1,0,52.280163,88,Replayed,9.0
9.0,1.0,-1,0,51.601566,88,Replayed,9.0
5.0,-1.0,-1,0,50.391136,88,Replayed,5.0
3.0,1.0,1,1,55.553436,88,Replayed,3.0
5.0,0.0,-1,0,51.136147,88,Replayed,5.0
5.0,1.0,-1,0,52.078526,88,Replayed,5.0
9.0,0.0,1,1,57.324894,88,Replayed,9.0
9.0,0.0,1,1,57.645744,88,Replayed,9.0
5.0,-1.0,-1,0,48.88031,88,Replayed,5.0
1.0,0.0,1,1,53.634537,88,Replayed,1.0
-9.0,1.0,-1,1,61.594494,88,Replayed,9.0
-38.0,-1.0,-1,1,72.5658,88,Replayed,38.0
-5.0,-1.0,-1,1,54.688633,88,Replayed,5.0
9.0,0.0,-1,0,48.257263,88,Replayed,9.0
1.0,1.0,-1,0,55.22635,88,Replayed,1.0
3.0,1.0,-1,0,53.96296,88,Replayed,3.0
3.0,1.0,-1,0,52.51189,88,Replayed,3.0
-1.0,-1.0,1,0,49.82058,88,Replayed,1.0
1.0,1.0,-1,0,55.361916,88,Replayed,1.0
38.0,-1.0,1,1,71.06908,88,Replayed,38.0
-3.0,-1.0,-1,1,53.26451,88,Replayed,3.0
3.0,1.0,-1,0,53.596962,88,Replayed,3.0
5.0,-1.0,1,1,52.730125,88,Replayed,5.0
1.0,1.0,1,1,54.906624,88,Replayed,1.0
1.0,0.0,1,1,53.141796,88,Replayed,1.0
1.0,1.0,-1,0,54.458046,88,Replayed,1.0
-1.0,-1.0,-1,1,53.23819,88,Replayed,1.0
9.0,1.0,1,1,58.583385,88,Replayed,9.0
5.0,1.0,-1,0,53.06408,88,Replayed,5.0
-38.0,0.0,-1,1,74.16454,88,Replayed,38.0
-5.0,0.0,-1,1,56.58126,88,Replayed,5.0
38.0,0.0,1,1,72.415565,88,Replayed,38.0
38.0,0.0,-1,0,33.654198,88,Replayed,38.0
38.0,1.0,1,1,75.34091,88,Replayed,38.0
-3.0,0.0,1,0,50.13115,88,Replayed,3.0
5.0,0.0,-1,0,49.98004,88,Replayed,5.0
5.0,-1.0,1,1,54.20407,88,Replayed,5.0
9.0,-1.0,1,1,56.682743,88,Replayed,9.0
-1.0,0.0,1,0,51.07319,88,Replayed,1.0
-5.0,1.0,-1,1,58.956593,88,Replayed,5.0
-38.0,1.0,-1,1,75.12342,88,Replayed,38.0
-5.0,-1.0,-1,1,54.142838,88,Replayed,5.0
-5.0,0.0,1,0,50.223457,88,Replayed,5.0
3.0,0.0,1,1,53.447937,88,Replayed,3.0
-9.0,0.0,-1,1,59.557034,88,Replayed,9.0
9.0,1.0,-1,0,50.190742,88,Replayed,9.0
5.0,-1.0,-1,0,49.606667,88,Replayed,5.0
1.0,-1.0,-1,0,49.94385,88,Replayed,1.0
-38.0,1.0,-1,1,76.32603,88,Replayed,38.0
5.0,0.0,-1,0,50.11029,88,Replayed,5.0
-1.0,1.0,1,0,53.308445,88,Replayed,1.0
1.0,-1.0,-1,0,50.695618,88,Replayed,1.0
-3.0,0.0,-1,1,55.57914,88,Replayed,3.0
3.0,-1.0,1,1,52.52279,88,Replayed,3.0
-1.0,1.0,1,0,52.94466,88,Replayed,1.0
5.0,1.0,-1,0,53.208935,88,Replayed,5.0
-3.0,1.0,1,0,52.336277,88,Replayed,3.0
38.0,-1.0,1,1,71.63233,88,Replayed,38.0
-9.0,1.0,-1,1,61.02602,88,Replayed,9.0
38.0,0.0,-1,0,33.36159,88,Replayed,38.0
-1.0,-1.0,-1,1,53.117733,88,Replayed,1.0
-38.0,-1.0,1,0,28.927998,88,Replayed,38.0
-9.0,-1.0,-1,1,57.012985,88,Replayed,9.0
9.0,-1.0,1,1,56.375027,88,Replayed,9.0
-5.0,0.0,1,0,48.514347,88,Replayed,5.0
9.0,1.0,1,1,58.229973,88,Replayed,9.0
1.0,0.0,-1,0,53.1542,88,Replayed,1.0
-5.0,-1.0,-1,1,55.138634,88,Replayed,5.0
-5.0,0.0,1,0,50.184715,88,Replayed,5.0
1.0,0.0,1,1,53.432613,88,Replayed,1.0
-38.0,0.0,-1,1,74.44875,88,Replayed,38.0
-3.0,1.0,-1,1,56.223827,88,Replayed,3.0
-5.0,1.0,1,0,52.968822,88,Replayed,5.0
-5.0,1.0,1,0,51.352184,88,Replayed,5.0
-9.0,-1.0,1,0,45.875298,88,Replayed,9.0
38.0,-1.0,-1,0,30.926037,88,Replayed,38.0
38.0,1.0,-1,0,35.05202,88,Replayed,38.0
3.0,1.0,1,1,56.38595,88,Replayed,3.0
-5.0,1.0,1,0,51.968956,88,Replayed,5.0
1.0,0.0,-1,0,52.53142,88,Replayed,1.0
-38.0,1.0,-1,1,75.9729,88,Replayed,38.0
-38.0,-1.0,-1,1,72.50406,88,Replayed,38.0
-38.0,-1.0,1,0,29.549078,88,Replayed,38.0
-9.0,1.0,1,0,49.78408,88,Replayed,9.0
5.0,1.0,-1,0,53.34834,88,Replayed,5.0
38.0,1.0,1,1,74.84347,88,Replayed,38.0
38.0,-1.0,1,1,71.208435,88,Replayed,38.0
1.0,-1.0,-1,0,50.545998,88,Replayed,1.0
38.0,-1.0,1,1,70.471176,88,Replayed,38.0
-1.0,1.0,-1,1,57.073296,88,Replayed,1.0
-9.0,1.0,1,0,49.215466,88,Replayed,9.0
-9.0,-1.0,-1,1,57.545967,88,Replayed,9.0
-1.0,0.0,-1,1,53.77773,88,Replayed,1.0
-1.0,1.0,-1,1,50.09484,89,Replayed,1.0
-5.0,1.0,1,0,42.855404,89,Replayed,5.0
3.0,0.0,-1,0,48.562637,89,Replayed,3.0
38.0,1.0,1,1,72.83108,89,Replayed,38.0
9.0,-1.0,-1,0,42.336006,89,Replayed,9.0
5.0,0.0,-1,0,45.59966,89,Replayed,5.0
3.0,-1.0,1,1,50.461723,89,Replayed,3.0
-3.0,1.0,-1,1,51.422256,89,Replayed,3.0
-38.0,1.0,-1,1,75.82242,89,Replayed,38.0
1.0,-1.0,1,1,48.682163,89,Replayed,1.0
38.0,-1.0,1,1,74.49644,89,Replayed,38.0
9.0,0.0,-1,0,43.013485,89,Replayed,9.0
38.0,1.0,1,1,74.367516,89,Replayed,38.0
9.0,-1.0,-1,0,42.79908,89,Replayed,9.0
38.0,1.0,-1,0,22.777723,89,Replayed,38.0
1.0,1.0,1,1,48.690777,89,Replayed,1.0
-9.0,0.0,-1,1,56.121666,89,Replayed,9.0
5.0,0.0,-1,0,46.890007,89,Replayed,5.0
-5.0,1.0,1,0,44.043045,89,Replayed,5.0
-1.0,0.0,1,0,46.14061,89,Replayed,1.0
-1.0,1.0,1,0,45.957417,89,Replayed,1.0
3.0,-1.0,-1,0,48.412853,89,Replayed,3.0
9.0,1.0,-1,0,43.483524,89,Replayed,9.0
-5.0,-1.0,1,0,44.445286,89,Replayed,5.0
-38.0,0.0,-1,1,75.897804,89,Replayed,38.0
5.0,0.0,1,1,51.44181,89,Replayed,5.0
-9.0,1.0,-1,1,55.697968,89,Replayed,9.0
-3.0,0.0,-1,1,52.213406,89,Replayed,3.0
3.0,0.0,1,1,50.01404,89,Replayed,3.0
3.0,1.0,1,1,49.65772,89,Replayed,3.0
3.0,0.0,-1,0,48.0254,89,Replayed,3.0
9.0,-1.0,-1,0,42.70026,89,Replayed,9.0
-38.0,1.0,-1,1,75.71848,89,Replayed,38.0
-9.0,1.0,-1,1,55.26515,89,Replayed,9.0
3.0,1.0,1,1,50.01509,89,Replayed,3.0
-1.0,-1.0,-1,1,50.872272,89,Replayed,1.0
-1.0,-1.0,-1,1,50.852478,89,Replayed,1.0
1.0,0.0,-1,0,48.756355,89,Replayed,1.0
5.0,0.0,-1,0,46.118767,89,Replayed,5.0
38.0,0.0,1,1,74.345894,89,Replayed,38.0
3.0,-1.0,1,1,50.369423,89,Replayed,3.0
5.0,0.0,-1,0,46.19536,89,Replayed,5.0
-9.0,0.0,1,0,40.70529,89,Replayed,9.0
3.0,0.0,1,1,49.54403,89,Replayed,3.0
-1.0,0.0,1,0,46.67526,89,Replayed,1.0
9.0,1.0,-1,0,42.550854,89,Replayed,9.0
-3.0,-1.0,1,0,45.004967,89,Replayed,3.0
38.0,-1.0,1,1,74.693985,89,Replayed,38.0
38.0,0.0,1,1,73.76661,89,Replayed,38.0
1.0,0.0,-1,0,49.93947,89,Replayed,1.0
-3.0,0.0,-1,1,53.03921,89,Replayed,3.0
3.0,1.0,-1,0,47.99198,89,Replayed,3.0
-1.0,1.0,-1,1,50.02788,89,Replayed,1.0
38.0,0.0,1,1,74.75812,89,Replayed,38.0
1.0,0.0,1,1,47.612984,89,Replayed,1.0
9.0,-1.0,1,1,54.080284,89,Replayed,9.0
3.0,0.0,1,1,50.146614,89,Replayed,3.0
9.0,0.0,-1,0,43.660923,89,Replayed,9.0
3.0,-1.0,1,1,50.64974,89,Replayed,3.0
-3.0,0.0,-1,1,52.90559,89,Replayed,3.0
-3.0,-1.0,-1,1,53.23196,89,Replayed,3.0
3.0,-1.0,-1,0,47.971783,89,Replayed,3.0
-5.0,0.0,1,0,44.18227,89,Replayed,5.0
-38.0,1.0,-1,1,75.4605,89,Replayed,38.0
-3.0,-1.0,-1,1,51.872993,89,Replayed,3.0
-38.0,0.0,-1,1,76.479706,89,Replayed,38.0
3.0,1.0,-1,0,47.44951,89,Replayed,3.0
9.0,0.0,1,1,54.468483,89,Replayed,9.0
-5.0,1.0,-1,1,52.619816,89,Replayed,5.0
1.0,-1.0,-1,0,49.972794,89,Replayed,1.0
5.0,1.0,-1,0,46.076374,89,Replayed,5.0
-3.0,-1.0,-1,1,51.70504,89,Replayed,3.0
-5.0,0.0,1,0,43.38012,89,Replayed,5.0
5.0,-1.0,-1,0,47.01968,89,Replayed,5.0
38.0,-1.0,1,1,74.06078,89,Replayed,38.0
5.0,1.0,1,1,50.15167,89,Replayed,5.0
-9.0,1.0,-1,1,55.94651,89,Replayed,9.0
-5.0,1.0,1,0,43.320984,89,Replayed,5.0
-5.0,1.0,1,0,43.249016,89,Replayed,5.0
9.0,0.0,1,1,53.32768,89,Replayed,9.0
5.0,-1.0,-1,0,46.633244,89,Replayed,5.0
9.0,1.0,-1,0,43.15034,89,Replayed,9.0
-38.0,1.0,-1,1,74.440865,89,Replayed,38.0
-9.0,1.0,-1,1,56.239613,89,Replayed,9.0
1.0,1.0,-1,0,48.672894,89,Replayed,1.0
1.0,1.0,-1,0,49.627514,89,Replayed,1.0
-5.0,-1.0,-1,1,54.245167,89,Replayed,5.0
-9.0,0.0,-1,1,56.56923,89,Replayed,9.0
5.0,1.0,-1,0,44.458424,89,Replayed,5.0
-38.0,1.0,-1,1,75.176056,89,Replayed,38.0
-9.0,1.0,-1,1,55.651688,89,Replayed,9.0
9.0,0.0,-1,0,43.046997,89,Replayed,9.0
5.0,1.0,1,1,51.320953,89,Replayed,5.0
-5.0,-1.0,-1,1,54.068573,89,Replayed,5.0
9.0,-1.0,1,1,54.832302,89,Replayed,9.0
-1.0,1.0,-1,1,50.47846,89,Replayed,1.0
3.0,1.0,-1,0,46.325092,89,Replayed,3.0
38.0,-1.0,-1,0,23.711195,89,Replayed,38.0
-3.0,1.0,1,0,45.807117,89,Replayed,3.0
9.0,1.0,1,1,52.683838,89,Replayed,9.0
38.0,1.0,1,1,73.26408,89,Replayed,38.0
-9.0,-1.0,1,0,42.014175,89,Replayed,9.0
-1.0,0.0,1,0,46.070057,89,Replayed,1.0
9.0,0.0,-1,0,43.4432,89,Replayed,9.0
5.0,1.0,-1,0,45.37992,89,Replayed,5.0
1.0,-1.0,-1,0,50.00427,89,Replayed,1.0
9.0,1.0,1,1,53.908436,89,Replayed,9.0
1.0,1.0,-1,0,49.506817,89,Replayed,1.0
3.0,1.0,-1,0,46.032833,89,Replayed,3.0
-9.0,-1.0,1,0,41.65497,89,Replayed,9.0
-5.0,1.0,-1,1,52.687256,89,Replayed,5.0
-3.0,1.0,1,0,45.216736,89,Replayed,3.0
-9.0,1.0,-1,1,55.924034,89,Replayed,9.0
1.0,-1.0,-1,0,48.834538,89,Replayed,1.0
38.0,1.0,1,1,72.975296,89,Replayed,38.0
-3.0,1.0,-1,1,50.885975,89,Replayed,3.0
-5.0,-1.0,-1,1,53.782677,89,Replayed,5.0
-1.0,1.0,-1,1,49.371414,89,Replayed,1.0
3.0,0.0,1,1,50.057526,89,Replayed,3.0
-38.0,0.0,-1,1,76.268265,89,Replayed,38.0
-3.0,-1.0,1,0,45.916744,89,Replayed,3.0
-5.0,0.0,-1,1,53.989525,89,Replayed,5.0
-38.0,-1.0,-1,1,77.14654,89,Replayed,38.0
-3.0,0.0,1,0,45.243256,89,Replayed,3.0
38.0,0.0,1,1,74.00642,89,Replayed,38.0
9.0,0.0,-1,0,42.731197,89,Replayed,9.0
38.0,0.0,1,1,74.22255,89,Replayed,38.0
1.0,-1.0,-1,0,49.251488,89,Replayed,1.0
3.0,-1.0,1,1,50.32443,89,Replayed,3.0
-38.0,0.0,-1,1,75.17324,89,Replayed,38.0
38.0,-1.0,1,1,74.55737,89,Replayed,38.0
-38.0,-1.0,-1,1,77.05856,89,Replayed,38.0
1.0,1.0,1,1,48.342297,89,Replayed,1.0
5.0,0.0,-1,0,46.031742,89,Replayed,5.0
-1.0,-1.0,-1,1,50.30562,89,Replayed,1.0
3.0,1.0,1,1,49.253838,89,Replayed,3.0
-9.0,-1.0,1,0,40.908077,89,Replayed,9.0
-38.0,0.0,-1,1,76.249,89,Replayed,38.0
-9.0,0.0,-1,1,56.57596,89,Replayed,9.0
-1.0,1.0,-1,1,50.107502,89,Replayed,1.0
-38.0,1.0,-1,1,75.45034,89,Replayed,38.0
-1.0,0.0,1,0,46.65283,89,Replayed,1.0
5.0,0.0,1,1,51.07146,89,Replayed,5.0
38.0,1.0,1,1,73.30644,89,Replayed,38.0
3.0,-1.0,1,1,49.18155,89,Replayed,3.0
-9.0,1.0,1,0,40.79887,89,Replayed,9.0
-9.0,-1.0,1,0,41.02597,89,Replayed,9.0
-38.0,-1.0,-1,1,75.99757,89,Replayed,38.0
-5.0,-1.0,1,0,44.07352,89,Replayed,5.0
-9.0,-1.0,1,0,40.89195,89,Replayed,9.0
38.0,1.0,1,1,73.723236,89,Replayed,38.0
1.0,0.0,-1,0,49.114628,89,Replayed,1.0
-5.0,0.0,-1,1,54.078102,89,Replayed,5.0
-5.0,-1.0,1,0,43.85187,89,Replayed,5.0
5.0,1.0,1,1,51.845093,89,Replayed,5.0
5.0,0.0,1,1,52.33925,89,Replayed,5.0
-38.0,0.0,1,0,21.326485,89,Replayed,38.0
3.0,0.0,1,1,50.754906,89,Replayed,3.0
38.0,0.0,1,1,74.102554,89,Replayed,38.0
-3.0,1.0,-1,1,51.65863,89,Replayed,3.0
-5.0,0.0,-1,1,53.824,89,Replayed,5.0
-1.0,-1.0,-1,1,51.232643,89,Replayed,1.0
1.0,1.0,1,1,47.39499,89,Replayed,1.0
1.0,-1.0,-1,0,49.5848,89,Replayed,1.0
-3.0,-1.0,1,0,46.06092,89,Replayed,3.0
38.0,0.0,1,1,74.117714,89,Replayed,38.0
-3.0,-1.0,-1,1,52.025074,89,Replayed,3.0
-38.0,-1.0,-1,1,75.592834,89,Replayed,38.0
1.0,0.0,-1,0,50.419777,89,Replayed,1.0
-9.0,-1.0,-1,1,57.164337,89,Replayed,9.0
-9.0,0.0,1,0,40.624237,89,Replayed,9.0
-38.0,-1.0,-1,1,76.59246,89,Replayed,38.0
1.0,-1.0,-1,0,48.470375,89,Replayed,1.0
-3.0,1.0,1,0,44.47413,89,Replayed,3.0
-38.0,0.0,-1,1,76.44029,89,Replayed,38.0
38.0,-1.0,1,1,74.954315,89,Replayed,38.0
-5.0,1.0,1,0,42.73068,89,Replayed,5.0
-9.0,0.0,1,0,40.34261,89,Replayed,9.0
-5.0,-1.0,1,0,43.819595,89,Replayed,5.0
-3.0,1.0,-1,1,50.993927,89,Replayed,3.0
-9.0,-1.0,-1,1,57.256653,89,Replayed,9.0
9.0,1.0,1,1,54.605953,89,Replayed,9.0
-1.0,0.0,-1,1,50.937164,89,Replayed,1.0
3.0,1.0,1,1,49.34726,89,Replayed,3.0
-9.0,0.0,-1,1,56.733658,89,Replayed,9.0
-38.0,0.0,-1,1,75.39099,89,Replayed,38.0
1.0,0.0,-1,0,48.71356,89,Replayed,1.0
38.0,0.0,1,1,74.35486,89,Replayed,38.0
5.0,-1.0,-1,0,47.40032,89,Replayed,5.0
-38.0,-1.0,-1,1,77.66682,89,Replayed,38.0
-5.0,0.0,-1,1,53.279816,89,Replayed,5.0
9.0,0.0,1,1,53.354435,89,Replayed,9.0
-9.0,1.0,-1,1,56.429703,89,Replayed,9.0
-38.0,-1.0,-1,1,75.72006,89,Replayed,38.0
1.0,1.0,-1,0,49.574223,89,Replayed,1.0
3.0,0.0,1,1,49.522556,89,Replayed,3.0
5.0,-1.0,1,1,51.547813,89,Replayed,5.0
-9.0,0.0,-1,1,55.527954,89,Replayed,9.0
5.0,-1.0,1,1,52.12591,89,Replayed,5.0
38.0,-1.0,1,1,74.79929,89,Replayed,38.0
9.0,1.0,1,1,53.18186,89,Replayed,9.0
-5.0,1.0,-1,1,53.621418,89,Replayed,5.0
-1.0,1.0,-1,1,50.12173,89,Replayed,1.0
-3.0,0.0,-1,1,52.270473,89,Replayed,3.0
38.0,1.0,1,1,73.42131,89,Replayed,38.0
-3.0,-1.0,-1,1,52.34468,89,Replayed,3.0
-1.0,-1.0,-1,1,51.487194,89,Replayed,1.0
-9.0,-1.0,1,0,42.2256,89,Replayed,9.0
9.0,-1.0,1,1,53.92066,89,Replayed,9.0
-1.0,-1.0,1,0,47.54536,89,Replayed,1.0
38.0,-1.0,1,1,74.75603,89,Replayed,38.0
-1.0,-1.0,-1,1,51.013905,89,Replayed,1.0
-3.0,0.0,1,0,45.03438,89,Replayed,3.0
5.0,1.0,1,1,51.310116,89,Replayed,5.0
-1.0,0.0,1,0,46.63497,89,Replayed,1.0
-3.0,0.0,1,0,45.994484,89,Replayed,3.0
3.0,-1.0,-1,0,48.350216,89,Replayed,3.0
-38.0,1.0,-1,1,75.95152,89,Replayed,38.0
-3.0,0.0,-1,1,52.604103,89,Replayed,3.0
-38.0,-1.0,-1,1,77.098755,89,Replayed,38.0
5.0,1.0,1,1,51.41384,89,Replayed,5.0
-5.0,0.0,1,0,43.87984,89,Replayed,5.0
5.0,-1.0,1,1,52.155514,89,Replayed,5.0
-38.0,1.0,-1,1,75.75427,89,Replayed,38.0
-1.0,0.0,-1,1,50.55454,89,Replayed,1.0
9.0,-1.0,1,1,55.432034,89,Replayed,9.0
-1.0,0.0,-1,1,50.58338,89,Replayed,1.0
5.0,-1.0,-1,0,46.586617,89,Replayed,5.0
1.0,0.0,-1,0,49.126003,89,Replayed,1.0
5.0,-1.0,1,1,50.577618,89,Replayed,5.0
1.0,1.0,-1,0,48.723293,89,Replayed,1.0
1.0,0.0,-1,0,49.204,89,Replayed,1.0
9.0,-1.0,1,1,55.59579,89,Replayed,9.0
-1.0,-1.0,-1,1,51.427235,89,Replayed,1.0
-3.0,1.0,1,0,45.468403,89,Replayed,3.0
-5.0,0.0,1,0,44.12718,89,Replayed,5.0
38.0,1.0,1,1,96.45468,90,Replayed,38.0
-3.0,-1.0,-1,1,57.90579,90,Replayed,3.0
-1.0,-1.0,-1,1,53.348316,90,Replayed,1.0
-1.0,1.0,-1,1,56.80507,90,Replayed,1.0
5.0,0.0,-1,0,46.124397,90,Replayed,5.0
-5.0,1.0,-1,1,63.844383,90,Replayed,5.0
-38.0,0.0,-1,1,96.034744,90,Replayed,38.0
-3.0,0.0,1,0,48.454174,90,Replayed,3.0
38.0,0.0,1,1,95.59833,90,Replayed,38.0
3.0,0.0,-1,0,49.35969,90,Replayed,3.0
-5.0,-1.0,-1,1,60.916084,90,Replayed,5.0
-5.0,0.0,1,0,45.058487,90,Replayed,5.0
3.0,1.0,1,1,59.371048,90,Replayed,3.0
-5.0,0.0,1,0,45.49974,90,Replayed,5.0
-3.0,1.0,-1,1,61.34131,90,Replayed,3.0
-1.0,1.0,1,0,53.305603,90,Replayed,1.0
3.0,0.0,-1,0,49.42735,90,Replayed,3.0
3.0,0.0,1,1,58.57314,90,Replayed,3.0
-9.0,-1.0,-1,1,66.18007,90,Replayed,9.0
1.0,0.0,-1,0,52.491844,90,Replayed,1.0
5.0,1.0,1,1,64.41024,90,Replayed,5.0
1.0,0.0,-1,0,52.400787,90,Replayed,1.0
-5.0,1.0,-1,1,64.552956,90,Replayed,5.0
-1.0,-1.0,-1,1,54.054005,90,Replayed,1.0
-1.0,-1.0,1,0,49.352093,90,Replayed,1.0
1.0,-1.0,1,1,54.277462,90,Replayed,1.0
9.0,1.0,1,1,70.21926,90,Replayed,9.0
3.0,-1.0,1,1,55.632984,90,Replayed,3.0
-38.0,-1.0,-1,1,94.87596,90,Replayed,38.0
9.0,0.0,1,1,68.938354,90,Replayed,9.0
-3.0,-1.0,-1,1,57.08258,90,Replayed,3.0
38.0,-1.0,1,1,94.755,90,Replayed,38.0
5.0,-1.0,1,1,59.91938,90,Replayed,5.0
-5.0,0.0,-1,1,62.404736,90,Replayed,5.0
38.0,1.0,1,1,96.72297,90,Replayed,38.0
-3.0,-1.0,-1,1,56.61484,90,Replayed,3.0
-38.0,-1.0,-1,1,94.921364,90,Replayed,38.0
-38.0,0.0,-1,1,95.9729,90,Replayed,38.0
5.0,0.0,1,1,62.628597,90,Replayed,5.0
5.0,1.0,-1,0,49.420567,90,Replayed,5.0
-1.0,-1.0,1,0,50.410957,90,Replayed,1.0
3.0,1.0,1,1,60.595947,90,Replayed,3.0
9.0,0.0,1,1,68.896255,90,Replayed,9.0
-3.0,0.0,-1,1,59.494637,90,Replayed,3.0
-9.0,0.0,-1,1,69.1664,90,Replayed,9.0
-3.0,1.0,-1,1,60.89978,90,Replayed,3.0
1.0,-1.0,1,1,53.189365,90,Replayed,1.0
-9.0,-1.0,-1,1,66.86806,90,Replayed,9.0
-1.0,-1.0,1,0,49.38829,90,Replayed,1.0
3.0,1.0,1,1,61.037476,90,Replayed,3.0
1.0,0.0,1,1,54.994385,90,Replayed,1.0
3.0,0.0,1,1,58.688145,90,Replayed,3.0
-1.0,0.0,-1,1,56.246017,90,Replayed,1.0
1.0,0.0,-1,0,52.63198,90,Replayed,1.0
-5.0,1.0,1,0,48.508717,90,Replayed,5.0
9.0,0.0,1,1,68.29634,90,Replayed,9.0
-1.0,0.0,1,0,50.999302,90,Replayed,1.0
1.0,-1.0,1,1,53.217823,90,Replayed,1.0
1.0,1.0,-1,0,54.33234,90,Replayed,1.0
-3.0,0.0,1,0,48.72512,90,Replayed,3.0
1.0,-1.0,-1,0,51.24431,90,Replayed,1.0
-3.0,1.0,1,0,49.711735,90,Replayed,3.0
-1.0,1.0,-1,1,57.292545,90,Replayed,1.0
-5.0,1.0,1,0,48.06304,90,Replayed,5.0
-38.0,1.0,-1,1,96.75817,90,Replayed,38.0
-9.0,-1.0,-1,1,67.98476,90,Replayed,9.0
-5.0,-1.0,-1,1,60.750515,90,Replayed,5.0
-38.0,1.0,-1,1,96.60872,90,Replayed,38.0
38.0,-1.0,1,1,94.6842,90,Replayed,38.0
-3.0,1.0,-1,1,61.27366,90,Replayed,3.0
5.0,-1.0,-1,0,43.556267,90,Replayed,5.0
-9.0,0.0,-1,1,69.59542,90,Replayed,9.0
-9.0,1.0,-1,1,71.107895,90,Replayed,9.0
5.0,1.0,1,1,62.943398,90,Replayed,5.0
-5.0,0.0,-1,1,62.2312,90,Replayed,5.0
-3.0,0.0,-1,1,59.890644,90,Replayed,3.0
-9.0,0.0,-1,1,68.864,90,Replayed,9.0
5.0,0.0,1,1,62.658363,90,Replayed,5.0
-3.0,0.0,1,0,49.27626,90,Replayed,3.0
-5.0,-1.0,-1,1,60.470146,90,Replayed,5.0
-3.0,-1.0,-1,1,57.65524,90,Replayed,3.0
-3.0,-1.0,-1,1,57.404266,90,Replayed,3.0
38.0,1.0,1,1,96.664894,90,Replayed,38.0
-3.0,1.0,-1,1,61.377953,90,Replayed,3.0
1.0,-1.0,1,1,52.773243,90,Replayed,1.0
-38.0,1.0,-1,1,96.88186,90,Replayed,38.0
-3.0,1.0,-1,1,61.038113,90,Replayed,3.0
-9.0,1.0,-1,1,71.70245,90,Replayed,9.0
-5.0,1.0,-1,1,65.379486,90,Replayed,5.0
5.0,1.0,1,1,65.01821,90,Replayed,5.0
9.0,1.0,1,1,71.448715,90,Replayed,9.0
9.0,1.0,1,1,70.35522,90,Replayed,9.0
-1.0,0.0,1,0,52.244484,90,Replayed,1.0
-9.0,-1.0,-1,1,67.137856,90,Replayed,9.0
9.0,-1.0,1,1,66.1995,90,Replayed,9.0
-1.0,0.0,1,0,51.377922,90,Replayed,1.0
1.0,1.0,-1,0,54.62565,90,Replayed,1.0
3.0,-1.0,-1,0,48.03496,90,Replayed,3.0
-5.0,0.0,-1,1,63.585575,90,Replayed,5.0
-38.0,1.0,-1,1,96.83829,90,Replayed,38.0
9.0,1.0,1,1,72.03172,90,Replayed,9.0
-38.0,0.0,-1,1,95.95817,90,Replayed,38.0
9.0,0.0,1,1,68.69732,90,Replayed,9.0
3.0,1.0,1,1,60.268707,90,Replayed,3.0
5.0,1.0,1,1,63.149273,90,Replayed,5.0
-5.0,-1.0,1,0,44.504925,90,Replayed,5.0
-3.0,-1.0,-1,1,57.452785,90,Replayed,3.0
-9.0,-1.0,-1,1,67.38957,90,Replayed,9.0
-9.0,1.0,1,0,42.16027,90,Replayed,9.0
-1.0,0.0,1,0,51.879944,90,Replayed,1.0
1.0,1.0,-1,0,53.51787,90,Replayed,1.0
3.0,0.0,1,1,58.15689,90,Replayed,3.0
5.0,-1.0,1,1,59.363503,90,Replayed,5.0
38.0,1.0,1,1,96.574905,90,Replayed,38.0
-5.0,1.0,-1,1,64.2939,90,Replayed,5.0
5.0,0.0,1,1,62.706627,90,Replayed,5.0
3.0,-1.0,-1,0,48.831215,90,Replayed,3.0
1.0,-1.0,-1,0,50.13131,90,Replayed,1.0
9.0,0.0,1,1,68.63542,90,Replayed,9.0
-38.0,-1.0,-1,1,94.96845,90,Replayed,38.0
3.0,0.0,1,1,58.004833,90,Replayed,3.0
5.0,1.0,1,1,63.740494,90,Replayed,5.0
-3.0,-1.0,1,0,45.227055,90,Replayed,3.0
9.0,1.0,-1,0,42.232304,90,Replayed,9.0
1.0,1.0,-1,0,54.79391,90,Replayed,1.0
3.0,-1.0,1,1,55.961506,90,Replayed,3.0
-1.0,0.0,1,0,51.347614,90,Replayed,1.0
-1.0,-1.0,-1,1,54.051926,90,Replayed,1.0
-9.0,1.0,1,0,43.199734,90,Replayed,9.0
1.0,1.0,1,1,56.98263,90,Replayed,1.0
-9.0,-1.0,-1,1,67.073425,90,Replayed,9.0
-9.0,1.0,-1,1,72.11379,90,Replayed,9.0
-9.0,-1.0,-1,1,67.20953,90,Replayed,9.0
9.0,-1.0,1,1,66.58331,90,Replayed,9.0
3.0,1.0,1,1,59.606544,90,Replayed,3.0
-5.0,-1.0,1,0,43.542522,90,Replayed,5.0
5.0,0.0,1,1,62.0707,90,Replayed,5.0
5.0,0.0,1,1,61.945473,90,Replayed,5.0
-1.0,0.0,1,0,51.96545,90,Replayed,1.0
3.0,-1.0,-1,0,49.071228,90,Replayed,3.0
-1.0,1.0,1,0,54.03472,90,Replayed,1.0
1.0,1.0,1,1,57.06514,90,Replayed,1.0
-9.0,0.0,-1,1,69.997215,90,Replayed,9.0
3.0,-1.0,1,1,56.66555,90,Replayed,3.0
-3.0,0.0,-1,1,59.078373,90,Replayed,3.0
-1.0,-1.0,-1,1,53.034573,90,Replayed,1.0
-3.0,0.0,-1,1,59.860367,90,Replayed,3.0
38.0,0.0,1,1,95.98566,90,Replayed,38.0
-38.0,1.0,-1,1,96.624954,90,Replayed,38.0
-5.0,-1.0,-1,1,60.4906,90,Replayed,5.0
3.0,1.0,-1,0,51.431126,90,Replayed,3.0
-38.0,0.0,-1,1,95.956985,90,Replayed,38.0
-38.0,0.0,-1,1,95.988396,90,Replayed,38.0
9.0,0.0,-1,0,40.1684,90,Replayed,9.0
3.0,1.0,1,1,59.514153,90,Replayed,3.0
-9.0,0.0,-1,1,70.15838,90,Replayed,9.0
1.0,-1.0,-1,0,51.75724,90,Replayed,1.0
5.0,1.0,-1,0,48.538307,90,Replayed,5.0
5.0,1.0,-1,0,48.309635,90,Replayed,5.0
38.0,0.0,1,1,95.78288,90,Replayed,38.0
9.0,-1.0,-1,0,38.6547,90,Replayed,9.0
1.0,1.0,1,1,57.02172,90,Replayed,1.0
-38.0,0.0,-1,1,96.03619,90,Replayed,38.0
-38.0,-1.0,-1,1,94.88352,90,Replayed,38.0
38.0,0.0,1,1,95.82168,90,Replayed,38.0
9.0,1.0,1,1,71.03657,90,Replayed,9.0
38.0,-1.0,1,1,94.87512,90,Replayed,38.0
38.0,-1.0,1,1,94.865105,90,Replayed,38.0
5.0,-1.0,1,1,58.930294,90,Replayed,5.0
-1.0,1.0,-1,1,57.485718,90,Replayed,1.0
38.0,-1.0,1,1,94.724464,90,Replayed,38.0
5.0,-1.0,-1,0,44.022606,90,Replayed,5.0
5.0,0.0,1,1,61.545555,90,Replayed,5.0
-1.0,1.0,1,0,53.43933,90,Replayed,1.0
-9.0,1.0,-1,1,70.48512,90,Replayed,9.0
38.0,-1.0,1,1,94.609344,90,Replayed,38.0
-5.0,1.0,-1,1,64.437294,90,Replayed,5.0
38.0,1.0,1,1,96.67028,90,Replayed,38.0
-3.0,1.0,1,0,50.60333,90,Replayed,3.0
9.0,-1.0,1,1,66.92992,90,Replayed,9.0
1.0,-1.0,-1,0,50.645058,90,Replayed,1.0
-38.0,-1.0,-1,1,94.87197,90,Replayed,38.0
1.0,0.0,-1,0,53.272415,90,Replayed,1.0
1.0,0.0,-1,0,50.92375,90,Replayed,1.0
-3.0,-1.0,-1,1,57.69469,90,Replayed,3.0
-5.0,0.0,1,0,46.001972,90,Replayed,5.0
-38.0,1.0,-1,1,96.61741,90,Replayed,38.0
9.0,-1.0,-1,0,38.551346,90,Replayed,9.0
9.0,-1.0,1,1,66.55391,90,Replayed,9.0
-5.0,-1.0,-1,1,60.465164,90,Replayed,5.0
-5.0,-1.0,-1,1,61.50819,90,Replayed,5.0
-38.0,0.0,-1,1,96.01167,90,Replayed,38.0
3.0,-1.0,1,1,55.925606,90,Replayed,3.0
38.0,1.0,1,1,96.78192,90,Replayed,38.0
-9.0,0.0,-1,1,69.117256,90,Replayed,9.0
-38.0,-1.0,-1,1,94.82183,90,Replayed,38.0
-1.0,-1.0,1,0,49.767418,90,Replayed,1.0
-1.0,1.0,-1,1,58.261227,90,Replayed,1.0
5.0,-1.0,1,1,60.136097,90,Replayed,5.0
5.0,-1.0,1,1,60.486107,90,Replayed,5.0
-3.0,0.0,-1,1,59.591537,90,Replayed,3.0
-38.0,0.0,-1,1,95.914444,90,Replayed,38.0
3.0,-1.0,-1,0,47.527527,90,Replayed,3.0
-5.0,1.0,-1,1,63.990635,90,Replayed,5.0
-9.0,0.0,-1,1,69.18181,90,Replayed,9.0
3.0,0.0,1,1,59.482445,90,Replayed,3.0
-1.0,0.0,1,0,50.81228,90,Replayed,1.0
-38.0,-1.0,-1,1,95.021454,90,Replayed,38.0
5.0,0.0,1,1,61.866932,90,Replayed,5.0
38.0,-1.0,1,1,94.81345,90,Replayed,38.0
9.0,0.0,1,1,68.498024,90,Replayed,9.0
9.0,1.0,1,1,70.61778,90,Replayed,9.0
-38.0,-1.0,-1,1,94.960556,90,Replayed,38.0
-1.0,1.0,-1,1,56.488888,90,Replayed,1.0
-9.0,1.0,1,0,41.664967,90,Replayed,9.0
9.0,1.0,1,1,71.53965,90,Replayed,9.0
38.0,-1.0,1,1,95.05804,90,Replayed,38.0
9.0,0.0,1,1,67.6277,90,Replayed,9.0
-9.0,1.0,-1,1,71.732765,90,Replayed,9.0
-3.0,1.0,1,0,51.00601,90,Replayed,3.0
9.0,-1.0,-1,0,39.356388,90,Replayed,9.0
-5.0,0.0,-1,1,62.722458,90,Replayed,5.0
-9.0,0.0,-1,1,69.9443,90,Replayed,9.0
5.0,-1.0,1,1,60.495567,90,Replayed,5.0
38.0,0.0,1,1,95.87659,90,Replayed,38.0
3.0,0.0,1,1,58.25715,90,Replayed,3.0
1.0,0.0,-1,0,53.009426,90,Replayed,1.0
-5.0,0.0,-1,1,62.525333,90,Replayed,5.0
-9.0,-1.0,-1,1,66.5433,90,Replayed,9.0
38.0,0.0,1,1,95.97515,90,Replayed,38.0
3.0,1.0,1,1,60.662766,90,Replayed,3.0
38.0,1.0,1,1,96.72482,90,Replayed,38.0
38.0,0.0,1,1,95.76744,90,Replayed,38.0
38.0,0.0,1,1,95.73336,90,Replayed,38.0
1.0,1.0,1,1,56.57563,90,Replayed,1.0
-38.0,1.0,-1,1,96.87733,90,Replayed,38.0
38.0,1.0,1,1,96.546326,90,Replayed,38.0
1.0,0.0,-1,0,51.99939,90,Replayed,1.0
3.0,0.0,1,1,51.659603,91,Replayed,3.0
-5.0,1.0,-1,1,45.40344,91,Replayed,5.0
9.0,-1.0,-1,0,38.313164,91,Replayed,9.0
1.0,0.0,1,1,49.463127,91,Replayed,1.0
9.0,1.0,1,1,52.52003,91,Replayed,9.0
3.0,1.0,1,1,49.14959,91,Replayed,3.0
-5.0,0.0,-1,1,45.165276,91,Replayed,5.0
38.0,-1.0,1,1,72.787315,91,Replayed,38.0
9.0,1.0,1,1,51.90742,91,Replayed,9.0
-9.0,-1.0,-1,1,50.843925,91,Replayed,9.0
-1.0,1.0,1,0,45.87715,91,Replayed,1.0
-3.0,0.0,-1,1,43.438026,91,Replayed,3.0
-38.0,1.0,-1,1,63.828026,91,Replayed,38.0
-38.0,1.0,-1,1,63.70221,91,Replayed,38.0
-38.0,-1.0,-1,1,68.49175,91,Replayed,38.0
-5.0,1.0,1,0,43.322533,91,Replayed,5.0
38.0,-1.0,1,1,73.559616,91,Replayed,38.0
1.0,-1.0,1,1,51.24707,91,Replayed,1.0
-5.0,1.0,-1,1,44.6869,91,Replayed,5.0
9.0,1.0,1,1,52.586525,91,Replayed,9.0
-9.0,1.0,1,0,40.231148,91,Replayed,9.0
5.0,0.0,-1,0,39.49611,91,Replayed,5.0
1.0,-1.0,-1,0,43.115612,91,Replayed,1.0
9.0,0.0,1,1,54.303898,91,Replayed,9.0
-9.0,-1.0,1,0,43.467335,91,Replayed,9.0
3.0,1.0,-1,0,39.036102,91,Replayed,3.0
-9.0,0.0,1,0,42.69006,91,Replayed,9.0
-9.0,-1.0,1,0,43.61483,91,Replayed,9.0
9.0,0.0,-1,0,36.426178,91,Replayed,9.0
-5.0,0.0,-1,1,46.092136,91,Replayed,5.0
-38.0,0.0,-1,1,65.54673,91,Replayed,38.0
-9.0,-1.0,-1,1,50.614635,91,Replayed,9.0
-1.0,0.0,-1,1,43.75113,91,Replayed,1.0
5.0,-1.0,1,1,53.655712,91,Replayed,5.0
38.0,-1.0,1,1,73.66435,91,Replayed,38.0
5.0,0.0,1,1,52.009766,91,Replayed,5.0
-1.0,1.0,1,0,47.241577,91,Replayed,1.0
9.0,-1.0,1,1,56.704617,91,Replayed,9.0
-38.0,0.0,-1,1,65.241295,91,Replayed,38.0
38.0,0.0,1,1,70.38762,91,Replayed,38.0
3.0,0.0,1,1,50.81699,91,Replayed,3.0
38.0,0.0,1,1,71.25361,91,Replayed,38.0
5.0,0.0,-1,0,39.829697,91,Replayed,5.0
5.0,-1.0,1,1,53.175438,91,Replayed,5.0
-3.0,0.0,1,0,46.44233,91,Replayed,3.0
-38.0,-1.0,-1,1,66.99825,91,Replayed,38.0
-1.0,0.0,-1,1,43.08141,91,Replayed,1.0
1.0,1.0,1,1,48.616356,91,Replayed,1.0
3.0,1.0,-1,0,38.89857,91,Replayed,3.0
5.0,1.0,1,1,49.29497,91,Replayed,5.0
1.0,-1.0,-1,0,43.675385,91,Replayed,1.0
-3.0,1.0,1,0,44.20728,91,Replayed,3.0
1.0,0.0,1,1,47.412445,91,Replayed,1.0
-38.0,0.0,-1,1,65.91504,91,Replayed,38.0
-1.0,1.0,-1,1,42.19414,91,Replayed,1.0
-9.0,0.0,-1,1,49.155937,91,Replayed,9.0
-38.0,1.0,-1,1,62.016563,91,Replayed,38.0
-3.0,0.0,-1,1,44.76673,91,Replayed,3.0
3.0,-1.0,1,1,53.400646,91,Replayed,3.0
3.0,-1.0,-1,0,42.3152,91,Replayed,3.0
-1.0,1.0,1,0,46.30615,91,Replayed,1.0
9.0,0.0,1,1,56.11581,91,Replayed,9.0
38.0,0.0,1,1,71.141685,91,Replayed,38.0
-9.0,-1.0,-1,1,50.79835,91,Replayed,9.0
-5.0,1.0,1,0,43.65998,91,Replayed,5.0
38.0,1.0,1,1,69.61238,91,Replayed,38.0
-1.0,0.0,1,0,48.19942,91,Replayed,1.0
-5.0,1.0,-1,1,43.391685,91,Replayed,5.0
5.0,-1.0,-1,0,41.385494,91,Replayed,5.0
-5.0,-1.0,-1,1,47.189507,91,Replayed,5.0
3.0,1.0,1,1,49.45734,91,Replayed,3.0
-38.0,-1.0,1,0,24.66457,91,Replayed,38.0
38.0,0.0,1,1,70.986015,91,Replayed,38.0
1.0,1.0,1,1,47.88325,91,Replayed,1.0
5.0,0.0,1,1,52.231113,91,Replayed,5.0
5.0,1.0,1,1,49.312965,91,Replayed,5.0
3.0,-1.0,-1,0,42.508385,91,Replayed,3.0
-3.0,1.0,1,0,45.443233,91,Replayed,3.0
-38.0,1.0,-1,1,62.8913,91,Replayed,38.0
5.0,1.0,1,1,49.699314,91,Replayed,5.0
-1.0,-1.0,-1,1,43.939186,91,Replayed,1.0
3.0,0.0,1,1,50.48668,91,Replayed,3.0
5.0,-1.0,1,1,53.70332,91,Replayed,5.0
9.0,1.0,1,1,52.980125,91,Replayed,9.0
9.0,0.0,1,1,55.04141,91,Replayed,9.0
-1.0,-1.0,-1,1,44.520847,91,Replayed,1.0
-9.0,-1.0,-1,1,50.16242,91,Replayed,9.0
38.0,1.0,1,1,68.082275,91,Replayed,38.0
5.0,-1.0,-1,0,40.84848,91,Replayed,5.0
9.0,1.0,1,1,53.593773,91,Replayed,9.0
-5.0,0.0,1,0,45.37259,91,Replayed,5.0
-1.0,-1.0,1,0,48.12559,91,Replayed,1.0
9.0,1.0,1,1,52.166588,91,Replayed,9.0
9.0,1.0,1,1,52.3352,91,Replayed,9.0
38.0,1.0,1,1,68.63018,91,Replayed,38.0
-1.0,0.0,1,0,48.709564,91,Replayed,1.0
-3.0,-1.0,-1,1,45.792973,91,Replayed,3.0
-3.0,1.0,1,0,44.93949,91,Replayed,3.0
38.0,0.0,1,1,70.29999,91,Replayed,38.0
-1.0,1.0,-1,1,42.80886,91,Replayed,1.0
-38.0,-1.0,-1,1,67.50373,91,Replayed,38.0
-38.0,0.0,-1,1,65.57556,91,Replayed,38.0
-5.0,1.0,1,0,43.606056,91,Replayed,5.0
-3.0,-1.0,1,0,48.60214,91,Replayed,3.0
9.0,-1.0,1,1,57.00799,91,Replayed,9.0
3.0,-1.0,1,1,52.40171,91,Replayed,3.0
-3.0,1.0,1,0,45.707928,91,Replayed,3.0
-3.0,0.0,1,0,47.310684,91,Replayed,3.0
-3.0,1.0,-1,1,42.79173,91,Replayed,3.0
5.0,-1.0,-1,0,41.489357,91,Replayed,5.0
-1.0,-1.0,1,0,50.671852,91,Replayed,1.0
1.0,1.0,1,1,47.66208,91,Replayed,1.0
9.0,0.0,1,1,54.687424,91,Replayed,9.0
9.0,1.0,1,1,52.604843,91,Replayed,9.0
-5.0,1.0,1,0,43.274452,91,Replayed,5.0
5.0,1.0,1,1,49.97349,91,Replayed,5.0
38.0,1.0,-1,0,16.850878,91,Replayed,38.0
38.0,0.0,1,1,71.59192,91,Replayed,38.0
1.0,0.0,1,1,49.88314,91,Replayed,1.0
38.0,1.0,1,1,69.26393,91,Replayed,38.0
38.0,1.0,1,1,68.56573,91,Replayed,38.0
-1.0,1.0,-1,1,42.577507,91,Replayed,1.0
-38.0,-1.0,-1,1,68.059906,91,Replayed,38.0
5.0,-1.0,1,1,53.129875,91,Replayed,5.0
3.0,0.0,1,1,49.996357,91,Replayed,3.0
5.0,0.0,1,1,52.010567,91,Replayed,5.0
-38.0,0.0,-1,1,65.600266,91,Replayed,38.0
5.0,-1.0,1,1,54.438465,91,Replayed,5.0
38.0,1.0,1,1,68.50914,91,Replayed,38.0
1.0,-1.0,1,1,51.83219,91,Replayed,1.0
-5.0,-1.0,1,0,47.365845,91,Replayed,5.0
3.0,1.0,-1,0,38.869904,91,Replayed,3.0
-38.0,1.0,-1,1,63.326965,91,Replayed,38.0
-9.0,1.0,-1,1,46.540424,91,Replayed,9.0
-9.0,1.0,-1,1,46.51245,91,Replayed,9.0
38.0,-1.0,1,1,72.713196,91,Replayed,38.0
-3.0,-1.0,-1,1,46.58641,91,Replayed,3.0
-3.0,-1.0,-1,1,47.036102,91,Replayed,3.0
3.0,-1.0,1,1,51.847668,91,Replayed,3.0
-1.0,-1.0,1,0,49.73114,91,Replayed,1.0
-9.0,1.0,1,0,40.29962,91,Replayed,9.0
5.0,0.0,1,1,51.50319,91,Replayed,5.0
5.0,1.0,1,1,50.066483,91,Replayed,5.0
-38.0,-1.0,1,0,25.180128,91,Replayed,38.0
-38.0,-1.0,-1,1,67.24568,91,Replayed,38.0
38.0,0.0,1,1,71.19511,91,Replayed,38.0
-1.0,0.0,1,0,48.405582,91,Replayed,1.0
-5.0,0.0,1,0,46.12133,91,Replayed,5.0
1.0,-1.0,1,1,51.236595,91,Replayed,1.0
-38.0,0.0,-1,1,65.189964,91,Replayed,38.0
-9.0,1.0,-1,1,46.57194,91,Replayed,9.0
-1.0,-1.0,1,0,49.534153,91,Replayed,1.0
3.0,0.0,-1,0,40.80295,91,Replayed,3.0
1.0,-1.0,1,1,50.66413,91,Replayed,1.0
1.0,1.0,-1,0,39.89835,91,Replayed,1.0
38.0,-1.0,1,1,72.39892,91,Replayed,38.0
1.0,0.0,-1,0,41.37276,91,Replayed,1.0
-9.0,0.0,-1,1,48.748486,91,Replayed,9.0
-3.0,0.0,1,0,46.82636,91,Replayed,3.0
-1.0,0.0,1,0,47.654743,91,Replayed,1.0
1.0,0.0,1,1,50.021614,91,Replayed,1.0
9.0,-1.0,-1,0,37.550774,91,Replayed,9.0
9.0,-1.0,-1,0,37.701267,91,Replayed,9.0
5.0,0.0,1,1,52.06102,91,Replayed,5.0
3.0,1.0,-1,0,39.75492,91,Replayed,3.0
38.0,-1.0,1,1,73.37321,91,Replayed,38.0
-9.0,0.0,1,0,42.77295,91,Replayed,9.0
-5.0,-1.0,1,0,46.963997,91,Replayed,5.0
-1.0,0.0,1,0,47.67804,91,Replayed,1.0
1.0,1.0,-1,0,40.852295,91,Replayed,1.0
-9.0,0.0,1,0,41.537865,91,Replayed,9.0
-38.0,-1.0,-1,1,68.653175,91,Replayed,38.0
3.0,0.0,-1,0,40.141457,91,Replayed,3.0
-5.0,-1.0,-1,1,46.84277,91,Replayed,5.0
-5.0,-1.0,1,0,46.611137,91,Replayed,5.0
-3.0,-1.0,-1,1,47.569973,91,Replayed,3.0
1.0,-1.0,1,1,51.291573,91,Replayed,1.0
-5.0,-1.0,1,0,46.54884,91,Replayed,5.0
9.0,-1.0,1,1,56.420605,91,Replayed,9.0
1.0,0.0,-1,0,42.45636,91,Replayed,1.0
38.0,-1.0,1,1,73.50901,91,Replayed,38.0
5.0,1.0,1,1,51.05186,91,Replayed,5.0
1.0,1.0,1,1,47.585754,91,Replayed,1.0
3.0,1.0,1,1,48.35133,91,Replayed,3.0
-3.0,0.0,1,0,46.8104,91,Replayed,3.0
-9.0,1.0,-1,1,48.035923,91,Replayed,9.0
-3.0,-1.0,1,0,49.009712,91,Replayed,3.0
-9.0,1.0,1,0,39.992725,91,Replayed,9.0
5.0,1.0,1,1,50.18318,91,Replayed,5.0
9.0,-1.0,-1,0,39.098682,91,Replayed,9.0
9.0,0.0,1,1,55.06738,91,Replayed,9.0
-38.0,1.0,-1,1,63.43724,91,Replayed,38.0
3.0,1.0,1,1,49.3966,91,Replayed,3.0
-9.0,-1.0,1,0,43.972607,91,Replayed,9.0
3.0,0.0,-1,0,41.58032,91,Replayed,3.0
-3.0,1.0,-1,1,42.429333,91,Replayed,3.0
-5.0,0.0,-1,1,46.193413,91,Replayed,5.0
-9.0,0.0,1,0,42.77354,91,Replayed,9.0
5.0,0.0,1,1,51.678444,91,Replayed,5.0
-9.0,0.0,-1,1,48.300964,91,Replayed,9.0
-3.0,1.0,1,0,44.83328,91,Replayed,3.0
-1.0,0.0,1,0,48.460106,91,Replayed,1.0
3.0,-1.0,1,1,51.50741,91,Replayed,3.0
38.0,0.0,1,1,70.8781,91,Replayed,38.0
-9.0,1.0,1,0,40.86669,91,Replayed,9.0
-1.0,1.0,1,0,46.32448,91,Replayed,1.0
-3.0,0.0,1,0,46.947975,91,Replayed,3.0
-3.0,-1.0,1,0,48.68854,91,Replayed,3.0
-38.0,0.0,-1,1,65.17108,91,Replayed,38.0
1.0,0.0,-1,0,41.71113,91,Replayed,1.0
38.0,1.0,1,1,68.53612,91,Replayed,38.0
-5.0,0.0,1,0,44.887173,91,Replayed,5.0
-3.0,-1.0,1,0,48.835297,91,Replayed,3.0
-9.0,0.0,1,0,41.58262,91,Replayed,9.0
1.0,-1.0,-1,0,44.054447,91,Replayed,1.0
-1.0,1.0,1,0,46.830074,91,Replayed,1.0
9.0,0.0,1,1,54.476078,91,Replayed,9.0
1.0,0.0,1,1,50.69826,91,Replayed,1.0
3.0,0.0,1,1,51.093357,91,Replayed,3.0
-5.0,-1.0,-1,1,46.85,91,Replayed,5.0
9.0,0.0,1,1,54.04924,91,Replayed,9.0
3.0,-1.0,1,1,52.535717,91,Replayed,3.0
9.0,-1.0,1,1,56.2875,91,Replayed,9.0
1.0,1.0,1,1,48.34371,91,Replayed,1.0
38.0,-1.0,1,1,73.04296,91,Replayed,38.0
-5.0,-1.0,1,0,47.38451,91,Replayed,5.0
-1.0,-1.0,1,0,49.871624,91,Replayed,1.0
-3.0,0.0,-1,1,45.412437,91,Replayed,3.0
5.0,1.0,-1,0,37.941883,91,Replayed,5.0
1.0,1.0,1,1,48.638214,91,Replayed,1.0
-38.0,1.0,-1,1,62.85731,91,Replayed,38.0
-1.0,-1.0,1,0,49.28538,91,Replayed,1.0
-5.0,1.0,1,0,43.76224,91,Replayed,5.0
-9.0,-1.0,1,0,42.768272,91,Replayed,9.0
-38.0,0.0,-1,1,65.79407,91,Replayed,38.0
-38.0,1.0,-1,1,63.46426,91,Replayed,38.0
3.0,-1.0,-1,0,42.0196,91,Replayed,3.0
-5.0,0.0,1,0,45.663746,91,Replayed,5.0
-3.0,1.0,1,0,44.909325,91,Replayed,3.0
-5.0,0.0,-1,1,44.999348,91,Replayed,5.0
-9.0,1.0,-1,1,83.01771,92,Replayed,9.0
-38.0,1.0,-1,1,99.212425,92,Replayed,38.0
-1.0,1.0,-1,1,66.68608,92,Replayed,1.0
-38.0,0.0,-1,1,97.72425,92,Replayed,38.0
3.0,1.0,1,1,71.63015,92,Replayed,3.0
-5.0,1.0,1,0,61.5764,92,Replayed,5.0
-3.0,-1.0,-1,1,52.366745,92,Replayed,3.0
-1.0,1.0,-1,1,66.509476,92,Replayed,1.0
-5.0,0.0,-1,1,66.90517,92,Replayed,5.0
-38.0,0.0,-1,1,97.64806,92,Replayed,38.0
-38.0,-1.0,-1,1,92.04202,92,Replayed,38.0
3.0,0.0,-1,0,53.840755,92,Replayed,3.0
3.0,0.0,-1,0,53.37995,92,Replayed,3.0
38.0,-1.0,1,1,92.65514,92,Replayed,38.0
38.0,0.0,1,1,97.77319,92,Replayed,38.0
1.0,1.0,1,1,67.76109,92,Replayed,1.0
-9.0,-1.0,-1,1,62.706036,92,Replayed,9.0
-38.0,0.0,-1,1,97.80163,92,Replayed,38.0
1.0,0.0,1,1,60.777725,92,Replayed,1.0
-3.0,-1.0,1,0,43.560497,92,Replayed,3.0
1.0,-1.0,1,1,49.895927,92,Replayed,1.0
-9.0,-1.0,-1,1,62.382145,92,Replayed,9.0
5.0,-1.0,1,1,56.343044,92,Replayed,5.0
-38.0,1.0,-1,1,99.156456,92,Replayed,38.0
-1.0,0.0,-1,1,59.678143,92,Replayed,1.0
5.0,-1.0,1,1,56.33949,92,Replayed,5.0
3.0,1.0,1,1,71.375854,92,Replayed,3.0
-38.0,-1.0,-1,1,92.8107,92,Replayed,38.0
-5.0,-1.0,-1,1,56.710304,92,Replayed,5.0
1.0,-1.0,1,1,50.44364,92,Replayed,1.0
5.0,0.0,1,1,67.18966,92,Replayed,5.0
-9.0,0.0,-1,1,73.32184,92,Replayed,9.0
38.0,-1.0,1,1,92.80208,92,Replayed,38.0
-38.0,0.0,-1,1,97.731575,92,Replayed,38.0
9.0,-1.0,1,1,63.40455,92,Replayed,9.0
-9.0,0.0,-1,1,73.93843,92,Replayed,9.0
5.0,0.0,1,1,67.85136,92,Replayed,5.0
-38.0,1.0,-1,1,99.26455,92,Replayed,38.0
-5.0,0.0,-1,1,66.54924,92,Replayed,5.0
-5.0,1.0,-1,1,75.66562,92,Replayed,5.0
3.0,0.0,-1,0,53.626186,92,Replayed,3.0
38.0,1.0,1,1,99.19431,92,Replayed,38.0
9.0,0.0,1,1,73.43727,92,Replayed,9.0
3.0,-1.0,1,1,54.415184,92,Replayed,3.0
-5.0,-1.0,-1,1,55.893223,92,Replayed,5.0
-9.0,-1.0,-1,1,62.252636,92,Replayed,9.0
-38.0,-1.0,-1,1,92.674194,92,Replayed,38.0
5.0,-1.0,1,1,57.10478,92,Replayed,5.0
1.0,-1.0,-1,0,46.4143,92,Replayed,1.0
1.0,0.0,-1,0,56.00617,92,Replayed,1.0
-9.0,1.0,-1,1,81.44944,92,Replayed,9.0
1.0,1.0,-1,0,63.858574,92,Replayed,1.0
-1.0,-1.0,1,0,46.17323,92,Replayed,1.0
-1.0,0.0,-1,1,60.384796,92,Replayed,1.0
5.0,0.0,1,1,67.971695,92,Replayed,5.0
3.0,1.0,1,1,71.851425,92,Replayed,3.0
-9.0,1.0,1,0,58.136486,92,Replayed,9.0
38.0,0.0,1,1,97.73547,92,Replayed,38.0
5.0,1.0,-1,0,61.155163,92,Replayed,5.0
5.0,1.0,1,1,75.22904,92,Replayed,5.0
9.0,-1.0,1,1,62.71897,92,Replayed,9.0
1.0,1.0,-1,0,64.3678,92,Replayed,1.0
3.0,0.0,-1,0,53.138195,92,Replayed,3.0
-38.0,0.0,-1,1,97.691284,92,Replayed,38.0
-38.0,0.0,-1,1,97.58324,92,Replayed,38.0
38.0,0.0,1,1,97.75693,92,Replayed,38.0
-1.0,1.0,1,0,65.105385,92,Replayed,1.0
9.0,0.0,1,1,73.749115,92,Replayed,9.0
-38.0,1.0,-1,1,99.29569,92,Replayed,38.0
-5.0,0.0,-1,1,66.991035,92,Replayed,5.0
-3.0,-1.0,1,0,44.365128,92,Replayed,3.0
-5.0,-1.0,-1,1,56.4515,92,Replayed,5.0
3.0,-1.0,-1,0,42.378643,92,Replayed,3.0
9.0,-1.0,1,1,62.989777,92,Replayed,9.0
-5.0,0.0,1,0,50.444675,92,Replayed,5.0
-3.0,0.0,1,0,53.218628,92,Replayed,3.0
38.0,0.0,1,1,97.75039,92,Replayed,38.0
-3.0,0.0,1,0,53.91488,92,Replayed,3.0
5.0,1.0,1,1,75.84802,92,Replayed,5.0
38.0,1.0,1,1,99.25538,92,Replayed,38.0
38.0,-1.0,1,1,92.58326,92,Replayed,38.0
-3.0,-1.0,-1,1,54.087967,92,Replayed,3.0
-3.0,-1.0,1,0,43.120037,92,Replayed,3.0
-5.0,-1.0,-1,1,56.012184,92,Replayed,5.0
1.0,-1.0,-1,0,46.138103,92,Replayed,1.0
-9.0,0.0,-1,1,73.705,92,Replayed,9.0
-5.0,1.0,-1,1,76.06084,92,Replayed,5.0
-3.0,1.0,1,0,62.57609,92,Replayed,3.0
9.0,1.0,1,1,82.0789,92,Replayed,9.0
-38.0,1.0,-1,1,99.305,92,Replayed,38.0
38.0,1.0,1,1,99.26895,92,Replayed,38.0
3.0,-1.0,1,1,53.024387,92,Replayed,3.0
38.0,1.0,1,1,99.24339,92,Replayed,38.0
9.0,1.0,1,1,82.61704,92,Replayed,9.0
-5.0,0.0,1,0,50.94847,92,Replayed,5.0
1.0,1.0,-1,0,63.754417,92,Replayed,1.0
3.0,1.0,1,1,71.37567,92,Replayed,3.0
9.0,0.0,1,1,74.48094,92,Replayed,9.0
5.0,0.0,1,1,65.717026,92,Replayed,5.0
3.0,-1.0,-1,0,43.449425,92,Replayed,3.0
1.0,1.0,1,1,67.745834,92,Replayed,1.0
-1.0,0.0,1,0,56.362385,92,Replayed,1.0
-3.0,1.0,1,0,63.24737,92,Replayed,3.0
-3.0,0.0,1,0,54.14575,92,Replayed,3.0
38.0,-1.0,1,1,92.399734,92,Replayed,38.0
-9.0,1.0,-1,1,82.84052,92,Replayed,9.0
1.0,1.0,-1,0,63.99628,92,Replayed,1.0
-9.0,1.0,1,0,58.81047,92,Replayed,9.0
-38.0,1.0,-1,1,99.23806,92,Replayed,38.0
1.0,-1.0,1,1,50.35341,92,Replayed,1.0
-1.0,-1.0,-1,1,49.432484,92,Replayed,1.0
5.0,0.0,1,1,67.64606,92,Replayed,5.0
-5.0,-1.0,-1,1,55.979477,92,Replayed,5.0
1.0,0.0,-1,0,56.002472,92,Replayed,1.0
-9.0,1.0,-1,1,81.50929,92,Replayed,9.0
-3.0,-1.0,1,0,43.64098,92,Replayed,3.0
-1.0,0.0,1,0,57.696987,92,Replayed,1.0
3.0,1.0,-1,0,63.307606,92,Replayed,3.0
5.0,-1.0,1,1,56.767624,92,Replayed,5.0
38.0,1.0,1,1,99.22048,92,Replayed,38.0
-3.0,0.0,-1,1,63.87682,92,Replayed,3.0
-1.0,-1.0,-1,1,49.230965,92,Replayed,1.0
5.0,1.0,1,1,75.25997,92,Replayed,5.0
-1.0,-1.0,-1,1,49.417248,92,Replayed,1.0
9.0,-1.0,1,1,62.65536,92,Replayed,9.0
3.0,-1.0,1,1,53.6959,92,Replayed,3.0
38.0,0.0,1,1,97.68708,92,Replayed,38.0
-3.0,1.0,1,0,62.82571,92,Replayed,3.0
1.0,1.0,-1,0,64.17948,92,Replayed,1.0
3.0,0.0,1,1,63.260887,92,Replayed,3.0
9.0,1.0,1,1,82.459465,92,Replayed,9.0
-5.0,0.0,-1,1,65.698364,92,Replayed,5.0
-38.0,-1.0,-1,1,92.306694,92,Replayed,38.0
-1.0,-1.0,-1,1,50.26939,92,Replayed,1.0
-38.0,-1.0,-1,1,92.149284,92,Replayed,38.0
-38.0,1.0,-1,1,99.28888,92,Replayed,38.0
-3.0,1.0,1,0,63.94458,92,Replayed,3.0
9.0,-1.0,1,1,63.478043,92,Replayed,9.0
3.0,1.0,-1,0,62.388237,92,Replayed,3.0
3.0,1.0,-1,0,62.44353,92,Replayed,3.0
3.0,-1.0,1,1,52.896572,92,Replayed,3.0
-9.0,-1.0,-1,1,61.842556,92,Replayed,9.0
-5.0,-1.0,-1,1,56.125324,92,Replayed,5.0
9.0,-1.0,1,1,63.3465,92,Replayed,9.0
5.0,0.0,1,1,67.47386,92,Replayed,5.0
9.0,1.0,1,1,82.258354,92,Replayed,9.0
3.0,0.0,1,1,63.13979,92,Replayed,3.0
-5.0,-1.0,-1,1,55.19988,92,Replayed,5.0
-3.0,1.0,1,0,62.640232,92,Replayed,3.0
5.0,-1.0,1,1,56.825363,92,Replayed,5.0
-9.0,1.0,-1,1,82.183334,92,Replayed,9.0
9.0,1.0,1,1,82.543076,92,Replayed,9.0
9.0,0.0,1,1,74.11863,92,Replayed,9.0
38.0,-1.0,1,1,92.62036,92,Replayed,38.0
-3.0,0.0,-1,1,62.347656,92,Replayed,3.0
5.0,1.0,1,1,75.55436,92,Replayed,5.0
-38.0,0.0,-1,1,97.626144,92,Replayed,38.0
9.0,0.0,1,1,73.97555,92,Replayed,9.0
1.0,0.0,-1,0,56.0773,92,Replayed,1.0
-9.0,0.0,-1,1,73.57043,92,Replayed,9.0
9.0,1.0,1,1,82.73262,92,Replayed,9.0
9.0,0.0,1,1,74.77307,92,Replayed,9.0
1.0,-1.0,-1,0,46.14032,92,Replayed,1.0
3.0,1.0,1,1,72.15867,92,Replayed,3.0
-5.0,1.0,-1,1,75.3331,92,Replayed,5.0
-9.0,0.0,-1,1,73.60172,92,Replayed,9.0
5.0,1.0,1,1,76.03019,92,Replayed,5.0
3.0,-1.0,1,1,53.761005,92,Replayed,3.0
38.0,1.0,1,1,99.23888,92,Replayed,38.0
1.0,0.0,-1,0,55.96373,92,Replayed,1.0
5.0,-1.0,1,1,57.089382,92,Replayed,5.0
-1.0,1.0,1,0,65.53745,92,Replayed,1.0
38.0,0.0,1,1,97.83621,92,Replayed,38.0
-38.0,-1.0,-1,1,92.375534,92,Replayed,38.0
9.0,1.0,-1,0,57.66306,92,Replayed,9.0
-1.0,0.0,-1,1,58.980976,92,Replayed,1.0
-9.0,-1.0,-1,1,62.12169,92,Replayed,9.0
3.0,0.0,1,1,63.201393,92,Replayed,3.0
-1.0,-1.0,-1,1,49.435177,92,Replayed,1.0
-1.0,0.0,1,0,55.63823,92,Replayed,1.0
9.0,1.0,1,1,82.08388,92,Replayed,9.0
-1.0,1.0,1,0,64.98782,92,Replayed,1.0
-9.0,1.0,1,0,57.642727,92,Replayed,9.0
1.0,0.0,-1,0,56.31416,92,Replayed,1.0
-5.0,1.0,-1,1,75.13944,92,Replayed,5.0
5.0,-1.0,1,1,55.78396,92,Replayed,5.0
1.0,0.0,-1,0,55.653275,92,Replayed,1.0
1.0,-1.0,-1,0,45.949203,92,Replayed,1.0
-5.0,1.0,-1,1,75.39866,92,Replayed,5.0
-9.0,-1.0,1,0,32.52358,92,Replayed,9.0
-1.0,1.0,-1,1,68.352196,92,Replayed,1.0
5.0,-1.0,1,1,56.026356,92,Replayed,5.0
-9.0,0.0,-1,1,73.9728,92,Replayed,9.0
5.0,0.0,1,1,67.67231,92,Replayed,5.0
38.0,-1.0,1,1,92.57357,92,Replayed,38.0
38.0,1.0,1,1,99.221275,92,Replayed,38.0
-5.0,-1.0,-1,1,55.24701,92,Replayed,5.0
-38.0,0.0,-1,1,97.68111,92,Replayed,38.0
9.0,0.0,1,1,74.7142,92,Replayed,9.0
9.0,-1.0,1,1,63.17733,92,Replayed,9.0
-9.0,0.0,1,0,45.630898,92,Replayed,9.0
5.0,0.0,1,1,66.67555,92,Replayed,5.0
-3.0,0.0,-1,1,62.79623,92,Replayed,3.0
9.0,-1.0,-1,0,33.237724,92,Replayed,9.0
-1.0,0.0,-1,1,59.707886,92,Replayed,1.0
1.0,0.0,-1,0,56.33438,92,Replayed,1.0
-3.0,1.0,-1,1,71.45251,92,Replayed,3.0
1.0,-1.0,-1,0,46.15404,92,Replayed,1.0
-3.0,1.0,-1,1,70.7395,92,Replayed,3.0
-9.0,0.0,-1,1,73.789,92,Replayed,9.0
-38.0,1.0,-1,1,99.2533,92,Replayed,38.0
-38.0,-1.0,-1,1,92.57899,92,Replayed,38.0
9.0,0.0,1,1,75.17812,92,Replayed,9.0
-3.0,-1.0,-1,1,52.091896,92,Replayed,3.0
-3.0,-1.0,1,0,43.044323,92,Replayed,3.0
-9.0,-1.0,-1,1,61.97441,92,Replayed,9.0
38.0,1.0,1,1,99.25157,92,Replayed,38.0
-5.0,0.0,-1,1,66.20943,92,Replayed,5.0
-5.0,1.0,-1,1,75.60101,92,Replayed,5.0
-1.0,1.0,-1,1,68.18503,92,Replayed,1.0
-3.0,0.0,1,0,54.76433,92,Replayed,3.0
38.0,-1.0,1,1,92.50986,92,Replayed,38.0
-9.0,-1.0,-1,1,62.14484,92,Replayed,9.0
38.0,0.0,1,1,97.87095,92,Replayed,38.0
5.0,1.0,-1,0,61.197365,92,Replayed,5.0
38.0,-1.0,1,1,92.751236,92,Replayed,38.0
-38.0,-1.0,-1,1,92.34518,92,Replayed,38.0
-1.0,-1.0,1,0,46.80981,92,Replayed,1.0
-1.0,-1.0,-1,1,49.26216,92,Replayed,1.0
1.0,1.0,1,1,67.28263,92,Replayed,1.0
-1.0,0.0,1,0,57.073868,92,Replayed,1.0
-5.0,0.0,-1,1,66.24044,92,Replayed,5.0
38.0,0.0,1,1,97.514404,92,Replayed,38.0
-5.0,1.0,-1,1,75.03772,92,Replayed,5.0
-1.0,1.0,1,0,64.71553,92,Replayed,1.0
-3.0,0.0,-1,1,62.317097,92,Replayed,3.0
-3.0,1.0,-1,1,70.81545,92,Replayed,3.0
5.0,1.0,1,1,76.1384,92,Replayed,5.0
3.0,-1.0,1,1,54.13048,92,Replayed,3.0
3.0,0.0,-1,0,52.93666,92,Replayed,3.0
38.0,1.0,1,1,90.045616,93,Replayed,38.0
-9.0,0.0,-1,1,73.267624,93,Replayed,9.0
3.0,-1.0,1,1,63.06716,93,Replayed,3.0
-3.0,1.0,-1,1,68.0108,93,Replayed,3.0
-1.0,0.0,1,0,61.35491,93,Replayed,1.0
-1.0,-1.0,-1,1,63.88293,93,Replayed,1.0
-38.0,-1.0,-1,1,89.98123,93,Replayed,38.0
-3.0,1.0,-1,1,68.81116,93,Replayed,3.0
-5.0,-1.0,-1,1,68.55173,93,Replayed,5.0
-5.0,1.0,1,0,60.99394,93,Replayed,5.0
38.0,1.0,1,1,90.42376,93,Replayed,38.0
-3.0,-1.0,-1,1,66.2369,93,Replayed,3.0
-38.0,0.0,-1,1,90.76649,93,Replayed,38.0
3.0,0.0,1,1,64.9553,93,Replayed,3.0
9.0,1.0,1,1,71.20774,93,Replayed,9.0
-1.0,1.0,1,0,61.83874,93,Replayed,1.0
38.0,1.0,1,1,90.19164,93,Replayed,38.0
-3.0,1.0,1,0,62.005604,93,Replayed,3.0
-3.0,-1.0,1,0,58.77231,93,Replayed,3.0
1.0,1.0,1,1,63.781143,93,Replayed,1.0
5.0,-1.0,1,1,65.24231,93,Replayed,5.0
3.0,1.0,1,1,65.410194,93,Replayed,3.0
-1.0,1.0,1,0,62.128235,93,Replayed,1.0
-9.0,1.0,-1,1,74.6295,93,Replayed,9.0
5.0,-1.0,1,1,64.901405,93,Replayed,5.0
-9.0,0.0,-1,1,73.15134,93,Replayed,9.0
-3.0,-1.0,-1,1,66.19433,93,Replayed,3.0
3.0,-1.0,1,1,63.52964,93,Replayed,3.0
3.0,-1.0,-1,0,62.62417,93,Replayed,3.0
38.0,0.0,-1,0,48.125225,93,Replayed,38.0
1.0,0.0,-1,0,64.33895,93,Replayed,1.0
-3.0,0.0,-1,1,68.12615,93,Replayed,3.0
3.0,1.0,-1,0,64.55652,93,Replayed,3.0
-1.0,1.0,-1,1,66.89419,93,Replayed,1.0
-9.0,-1.0,-1,1,72.00718,93,Replayed,9.0
1.0,-1.0,1,1,61.269222,93,Replayed,1.0
9.0,1.0,1,1,71.71184,93,Replayed,9.0
9.0,1.0,1,1,71.191635,93,Replayed,9.0
1.0,0.0,-1,0,64.12552,93,Replayed,1.0
38.0,-1.0,1,1,88.05223,93,Replayed,38.0
38.0,1.0,1,1,89.854256,93,Replayed,38.0
-5.0,-1.0,-1,1,68.04913,93,Replayed,5.0
-9.0,0.0,-1,1,72.09883,93,Replayed,9.0
-5.0,0.0,1,0,59.950214,93,Replayed,5.0
-9.0,-1.0,-1,1,72.24032,93,Replayed,9.0
5.0,0.0,1,1,65.86059,93,Replayed,5.0
5.0,-1.0,-1,0,60.209446,93,Replayed,5.0
5.0,-1.0,-1,0,61.807823,93,Replayed,5.0
-1.0,0.0,1,0,61.010406,93,Replayed,1.0
9.0,-1.0,1,1,67.958176,93,Replayed,9.0
-38.0,1.0,-1,1,91.876465,93,Replayed,38.0
-1.0,0.0,-1,1,65.79741,93,Replayed,1.0
-1.0,-1.0,1,0,59.657406,93,Replayed,1.0
9.0,-1.0,-1,0,60.727413,93,Replayed,9.0
-1.0,0.0,-1,1,65.8636,93,Replayed,1.0
9.0,0.0,1,1,69.48186,93,Replayed,9.0
38.0,1.0,1,1,89.596825,93,Replayed,38.0
5.0,0.0,-1,0,62.176918,93,Replayed,5.0
5.0,-1.0,-1,0,60.78207,93,Replayed,5.0
9.0,0.0,1,1,69.84961,93,Replayed,9.0
5.0,1.0,-1,0,63.194786,93,Replayed,5.0
1.0,0.0,-1,0,64.18142,93,Replayed,1.0
-1.0,0.0,1,0,60.81211,93,Replayed,1.0
-38.0,0.0,-1,1,90.17256,93,Replayed,38.0
38.0,-1.0,1,1,87.98939,93,Replayed,38.0
-5.0,0.0,-1,1,68.90075,93,Replayed,5.0
-5.0,-1.0,-1,1,67.89601,93,Replayed,5.0
38.0,0.0,1,1,89.00098,93,Replayed,38.0
9.0,0.0,-1,0,61.039722,93,Replayed,9.0
38.0,0.0,1,1,89.22671,93,Replayed,38.0
-38.0,1.0,-1,1,91.46255,93,Replayed,38.0
5.0,1.0,1,1,67.55637,93,Replayed,5.0
-38.0,0.0,-1,1,90.75502,93,Replayed,38.0
-1.0,0.0,-1,1,65.67071,93,Replayed,1.0
-5.0,0.0,1,0,58.25333,93,Replayed,5.0
-9.0,0.0,-1,1,72.97235,93,Replayed,9.0
-5.0,0.0,1,0,59.16388,93,Replayed,5.0
3.0,-1.0,-1,0,61.504356,93,Replayed,3.0
3.0,1.0,-1,0,64.94118,93,Replayed,3.0
5.0,1.0,-1,0,64.21112,93,Replayed,5.0
-9.0,-1.0,-1,1,71.1771,93,Replayed,9.0
3.0,1.0,-1,0,64.968315,93,Replayed,3.0
-38.0,-1.0,-1,1,89.81613,93,Replayed,38.0
5.0,0.0,-1,0,63.267075,93,Replayed,5.0
-5.0,1.0,-1,1,71.01502,93,Replayed,5.0
3.0,1.0,-1,0,65.38097,93,Replayed,3.0
3.0,1.0,1,1,65.085045,93,Replayed,3.0
9.0,-1.0,-1,0,59.047707,93,Replayed,9.0
1.0,0.0,1,1,62.5089,93,Replayed,1.0
3.0,0.0,1,1,64.795074,93,Replayed,3.0
1.0,-1.0,1,1,61.06484,93,Replayed,1.0
9.0,1.0,-1,0,62.243057,93,Replayed,9.0
5.0,0.0,-1,0,62.971924,93,Replayed,5.0
-5.0,1.0,1,0,60.983963,93,Replayed,5.0
-5.0,-1.0,-1,1,68.1341,93,Replayed,5.0
3.0,0.0,-1,0,65.10118,93,Replayed,3.0
-9.0,1.0,1,0,58.486443,93,Replayed,9.0
-9.0,1.0,-1,1,74.01759,93,Replayed,9.0
38.0,1.0,1,1,90.0562,93,Replayed,38.0
-38.0,1.0,-1,1,91.32145,93,Replayed,38.0
3.0,1.0,-1,0,64.51687,93,Replayed,3.0
-1.0,0.0,1,0,60.99755,93,Replayed,1.0
38.0,-1.0,1,1,88.34562,93,Replayed,38.0
38.0,1.0,1,1,90.17823,93,Replayed,38.0
1.0,1.0,1,1,62.91879,93,Replayed,1.0
-1.0,-1.0,1,0,61.24753,93,Replayed,1.0
-3.0,0.0,-1,1,67.2219,93,Replayed,3.0
38.0,1.0,1,1,90.211754,93,Replayed,38.0
38.0,-1.0,1,1,87.74842,93,Replayed,38.0
-38.0,1.0,-1,1,91.7381,93,Replayed,38.0
-38.0,1.0,-1,1,90.99067,93,Replayed,38.0
-5.0,-1.0,-1,1,67.34391,93,Replayed,5.0
-1.0,1.0,-1,1,67.75301,93,Replayed,1.0
-1.0,1.0,-1,1,67.236084,93,Replayed,1.0
5.0,1.0,1,1,67.42528,93,Replayed,5.0
-9.0,1.0,-1,1,73.748474,93,Replayed,9.0
-1.0,-1.0,-1,1,64.28821,93,Replayed,1.0
-38.0,1.0,-1,1,91.28938,93,Replayed,38.0
9.0,-1.0,1,1,69.01353,93,Replayed,9.0
1.0,-1.0,1,1,60.658585,93,Replayed,1.0
1.0,-1.0,-1,0,63.25879,93,Replayed,1.0
3.0,-1.0,-1,0,62.34032,93,Replayed,3.0
-38.0,0.0,-1,1,90.06082,93,Replayed,38.0
5.0,1.0,1,1,66.61087,93,Replayed,5.0
3.0,-1.0,1,1,63.67744,93,Replayed,3.0
-38.0,0.0,-1,1,90.92466,93,Replayed,38.0
5.0,0.0,-1,0,61.872547,93,Replayed,5.0
-9.0,0.0,-1,1,72.83067,93,Replayed,9.0
38.0,-1.0,1,1,87.967125,93,Replayed,38.0
-5.0,-1.0,-1,1,67.737885,93,Replayed,5.0
38.0,0.0,1,1,89.65073,93,Replayed,38.0
-5.0,0.0,-1,1,69.08888,93,Replayed,5.0
1.0,1.0,-1,0,65.45361,93,Replayed,1.0
-9.0,1.0,-1,1,73.23678,93,Replayed,9.0
-5.0,1.0,-1,1,70.48107,93,Replayed,5.0
3.0,0.0,1,1,64.52559,93,Replayed,3.0
1.0,-1.0,-1,0,63.62837,93,Replayed,1.0
-1.0,-1.0,-1,1,64.64669,93,Replayed,1.0
-9.0,-1.0,-1,1,71.76956,93,Replayed,9.0
-5.0,1.0,1,0,60.144054,93,Replayed,5.0
-3.0,1.0,1,0,61.88185,93,Replayed,3.0
5.0,0.0,1,1,66.05086,93,Replayed,5.0
5.0,1.0,-1,0,63.89845,93,Replayed,5.0
-5.0,1.0,-1,1,70.68909,93,Replayed,5.0
5.0,0.0,1,1,66.87032,93,Replayed,5.0
1.0,1.0,1,1,63.056217,93,Replayed,1.0
-38.0,0.0,-1,1,90.48751,93,Replayed,38.0
3.0,0.0,-1,0,63.135674,93,Replayed,3.0
-5.0,-1.0,1,0,57.796333,93,Replayed,5.0
38.0,0.0,1,1,89.12453,93,Replayed,38.0
38.0,-1.0,1,1,88.05652,93,Replayed,38.0
-5.0,1.0,1,0,61.47867,93,Replayed,5.0
-9.0,-1.0,1,0,55.86056,93,Replayed,9.0
-9.0,0.0,-1,1,72.605125,93,Replayed,9.0
1.0,0.0,-1,0,64.06483,93,Replayed,1.0
-3.0,1.0,1,0,60.352642,93,Replayed,3.0
9.0,1.0,-1,0,61.0535,93,Replayed,9.0
-5.0,0.0,-1,1,69.4784,93,Replayed,5.0
3.0,0.0,-1,0,64.36827,93,Replayed,3.0
5.0,-1.0,1,1,64.44209,93,Replayed,5.0
1.0,1.0,1,1,64.54271,93,Replayed,1.0
-1.0,1.0,1,0,61.59576,93,Replayed,1.0
-3.0,0.0,-1,1,68.12224,93,Replayed,3.0
3.0,0.0,-1,0,61.94098,93,Replayed,3.0
-9.0,-1.0,-1,1,72.23561,93,Replayed,9.0
-5.0,0.0,-1,1,68.861855,93,Replayed,5.0
9.0,0.0,1,1,70.47516,93,Replayed,9.0
-3.0,-1.0,-1,1,65.27834,93,Replayed,3.0
-38.0,1.0,-1,1,91.761536,93,Replayed,38.0
-9.0,0.0,1,0,57.256138,93,Replayed,9.0
-3.0,0.0,-1,1,67.510086,93,Replayed,3.0
-1.0,1.0,1,0,62.028442,93,Replayed,1.0
-9.0,1.0,-1,1,73.65916,93,Replayed,9.0
9.0,0.0,1,1,69.80616,93,Replayed,9.0
9.0,1.0,-1,0,63.20676,93,Replayed,9.0
3.0,-1.0,-1,0,62.877666,93,Replayed,3.0
-38.0,-1.0,-1,1,89.5221,93,Replayed,38.0
-9.0,0.0,-1,1,73.19688,93,Replayed,9.0
-3.0,1.0,1,0,61.49718,93,Replayed,3.0
-9.0,1.0,-1,1,73.67136,93,Replayed,9.0
9.0,-1.0,-1,0,59.233032,93,Replayed,9.0
38.0,0.0,1,1,89.058945,93,Replayed,38.0
5.0,1.0,-1,0,64.85908,93,Replayed,5.0
-38.0,-1.0,-1,1,90.03168,93,Replayed,38.0
-5.0,1.0,-1,1,71.20923,93,Replayed,5.0
-38.0,0.0,-1,1,90.589,93,Replayed,38.0
9.0,-1.0,1,1,69.162056,93,Replayed,9.0
9.0,0.0,1,1,69.42416,93,Replayed,9.0
-5.0,0.0,1,0,59.731842,93,Replayed,5.0
38.0,-1.0,1,1,88.35876,93,Replayed,38.0
9.0,-1.0,-1,0,60.30448,93,Replayed,9.0
5.0,1.0,1,1,67.77997,93,Replayed,5.0
-3.0,0.0,-1,1,67.51539,93,Replayed,3.0
-3.0,1.0,-1,1,68.7117,93,Replayed,3.0
-9.0,1.0,1,0,58.713524,93,Replayed,9.0
-3.0,0.0,-1,1,67.597404,93,Replayed,3.0
1.0,-1.0,-1,0,63.8798,93,Replayed,1.0
3.0,1.0,1,1,65.89632,93,Replayed,3.0
1.0,1.0,-1,0,66.23538,93,Replayed,1.0
1.0,-1.0,-1,0,62.336468,93,Replayed,1.0
9.0,1.0,1,1,70.78982,93,Replayed,9.0
3.0,0.0,-1,0,63.444973,93,Replayed,3.0
-9.0,-1.0,-1,1,71.67769,93,Replayed,9.0
-3.0,0.0,1,0,60.51125,93,Replayed,3.0
9.0,-1.0,1,1,69.26967,93,Replayed,9.0
-38.0,-1.0,-1,1,89.76594,93,Replayed,38.0
38.0,-1.0,1,1,87.56228,93,Replayed,38.0
-38.0,-1.0,-1,1,89.64524,93,Replayed,38.0
-1.0,0.0,-1,1,65.56578,93,Replayed,1.0
-3.0,-1.0,1,0,58.783005,93,Replayed,3.0
1.0,0.0,-1,0,64.32539,93,Replayed,1.0
-38.0,-1.0,-1,1,89.25402,93,Replayed,38.0
38.0,0.0,1,1,88.81952,93,Replayed,38.0
-38.0,0.0,-1,1,90.153435,93,Replayed,38.0
5.0,-1.0,-1,0,61.56947,93,Replayed,5.0
-1.0,-1.0,-1,1,65.1864,93,Replayed,1.0
5.0,0.0,-1,0,62.271587,93,Replayed,5.0
-38.0,1.0,-1,1,91.447365,93,Replayed,38.0
-38.0,-1.0,-1,1,89.37988,93,Replayed,38.0
1.0,0.0,1,1,61.84987,93,Replayed,1.0
-9.0,-1.0,-1,1,71.41459,93,Replayed,9.0
-3.0,0.0,-1,1,67.20984,93,Replayed,3.0
9.0,1.0,1,1,71.451225,93,Replayed,9.0
5.0,-1.0,1,1,65.354095,93,Replayed,5.0
1.0,-1.0,-1,0,63.2292,93,Replayed,1.0
9.0,0.0,1,1,69.22344,93,Replayed,9.0
1.0,1.0,-1,0,66.31262,93,Replayed,1.0
-5.0,-1.0,-1,1,68.35842,93,Replayed,5.0
9.0,0.0,1,1,70.284615,93,Replayed,9.0
-3.0,1.0,-1,1,68.20211,93,Replayed,3.0
-3.0,-1.0,1,0,59.32361,93,Replayed,3.0
38.0,0.0,1,1,88.796005,93,Replayed,38.0
-3.0,-1.0,-1,1,65.81663,93,Replayed,3.0
3.0,-1.0,1,1,63.127815,93,Replayed,3.0
1.0,1.0,1,1,62.67517,93,Replayed,1.0
-1.0,-1.0,1,0,60.411644,93,Replayed,1.0
1.0,0.0,1,1,62.450863,93,Replayed,1.0
-1.0,1.0,-1,1,66.95292,93,Replayed,1.0
-3.0,-1.0,-1,1,67.126724,93,Replayed,3.0
-1.0,-1.0,-1,1,64.44002,93,Replayed,1.0
9.0,-1.0,1,1,74.35197,94,Replayed,9.0
9.0,1.0,1,1,77.49481,94,Replayed,9.0
9.0,0.0,1,1,76.01792,94,Replayed,9.0
5.0,0.0,1,1,72.75569,94,Replayed,5.0
38.0,-1.0,1,1,90.87652,94,Replayed,38.0
-3.0,-1.0,-1,1,63.56849,94,Replayed,3.0
3.0,0.0,1,1,70.69234,94,Replayed,3.0
1.0,0.0,1,1,69.241035,94,Replayed,1.0
-38.0,-1.0,-1,1,88.52782,94,Replayed,38.0
-9.0,0.0,-1,1,71.05151,94,Replayed,9.0
1.0,-1.0,1,1,67.424164,94,Replayed,1.0
-3.0,-1.0,1,0,66.00497,94,Replayed,3.0
-5.0,-1.0,1,0,64.032936,94,Replayed,5.0
-38.0,1.0,-1,1,91.069855,94,Replayed,38.0
-3.0,0.0,-1,1,66.416374,94,Replayed,3.0
1.0,1.0,-1,0,65.69673,94,Replayed,1.0
-3.0,1.0,1,0,70.65726,94,Replayed,3.0
3.0,1.0,1,1,73.13416,94,Replayed,3.0
38.0,0.0,1,1,92.51522,94,Replayed,38.0
-38.0,-1.0,-1,1,88.40148,94,Replayed,38.0
-38.0,1.0,-1,1,91.66849,94,Replayed,38.0
1.0,1.0,-1,0,64.21333,94,Replayed,1.0
-9.0,1.0,-1,1,73.30839,94,Replayed,9.0
9.0,-1.0,1,1,74.33609,94,Replayed,9.0
1.0,-1.0,1,1,67.900635,94,Replayed,1.0
9.0,0.0,1,1,76.46114,94,Replayed,9.0
-1.0,0.0,-1,1,64.444145,94,Replayed,1.0
5.0,0.0,-1,0,62.073463,94,Replayed,5.0
1.0,0.0,1,1,69.422844,94,Replayed,1.0
-38.0,0.0,-1,1,90.64068,94,Replayed,38.0
9.0,1.0,1,1,77.27041,94,Replayed,9.0
9.0,0.0,-1,0,59.400265,94,Replayed,9.0
-38.0,-1.0,-1,1,88.41431,94,Replayed,38.0
-9.0,1.0,-1,1,73.634514,94,Replayed,9.0
1.0,0.0,1,1,69.55459,94,Replayed,1.0
1.0,1.0,1,1,70.640495,94,Replayed,1.0
5.0,0.0,1,1,73.14211,94,Replayed,5.0
9.0,0.0,1,1,76.257774,94,Replayed,9.0
-3.0,1.0,1,0,68.72753,94,Replayed,3.0
-5.0,-1.0,1,0,63.599724,94,Replayed,5.0
-38.0,0.0,-1,1,90.38959,94,Replayed,38.0
-3.0,1.0,-1,1,68.22439,94,Replayed,3.0
5.0,1.0,1,1,74.54843,94,Replayed,5.0
3.0,-1.0,1,1,69.38606,94,Replayed,3.0
-3.0,-1.0,1,0,66.19215,94,Replayed,3.0
38.0,-1.0,1,1,91.000145,94,Replayed,38.0
-3.0,-1.0,1,0,65.8247,94,Replayed,3.0
-38.0,0.0,-1,1,89.8175,94,Replayed,38.0
38.0,1.0,1,1,93.71185,94,Replayed,38.0
38.0,-1.0,1,1,90.941734,94,Replayed,38.0
-3.0,-1.0,1,0,65.033936,94,Replayed,3.0
-1.0,-1.0,1,0,65.9301,94,Replayed,1.0
9.0,1.0,-1,0,61.659508,94,Replayed,9.0
9.0,1.0,1,1,78.16398,94,Replayed,9.0
1.0,-1.0,1,1,67.782524,94,Replayed,1.0
-9.0,0.0,-1,1,71.32233,94,Replayed,9.0
-1.0,1.0,1,0,69.14271,94,Replayed,1.0
1.0,-1.0,1,1,67.34153,94,Replayed,1.0
9.0,1.0,-1,0,62.21427,94,Replayed,9.0
3.0,1.0,-1,0,64.01506,94,Replayed,3.0
-38.0,0.0,-1,1,90.80752,94,Replayed,38.0
-9.0,1.0,-1,1,72.75153,94,Replayed,9.0
3.0,1.0,1,1,73.28642,94,Replayed,3.0
3.0,1.0,-1,0,65.28466,94,Replayed,3.0
38.0,1.0,1,1,93.50926,94,Replayed,38.0
-9.0,-1.0,-1,1,69.255356,94,Replayed,9.0
38.0,0.0,1,1,92.623985,94,Replayed,38.0
5.0,1.0,1,1,74.39897,94,Replayed,5.0
38.0,1.0,1,1,93.607544,94,Replayed,38.0
-5.0,1.0,1,0,69.39264,94,Replayed,5.0
-9.0,1.0,-1,1,73.11226,94,Replayed,9.0
3.0,-1.0,-1,0,59.3342,94,Replayed,3.0
-5.0,-1.0,1,0,64.957985,94,Replayed,5.0
-1.0,-1.0,-1,1,61.396336,94,Replayed,1.0
-38.0,1.0,-1,1,91.164604,94,Replayed,38.0
-1.0,0.0,-1,1,62.58927,94,Replayed,1.0
3.0,-1.0,1,1,68.86939,94,Replayed,3.0
-5.0,-1.0,1,0,64.21551,94,Replayed,5.0
-38.0,-1.0,-1,1,88.69368,94,Replayed,38.0
5.0,0.0,1,1,72.368484,94,Replayed,5.0
5.0,-1.0,1,1,70.699394,94,Replayed,5.0
1.0,0.0,1,1,68.87536,94,Replayed,1.0
-1.0,-1.0,1,0,66.57076,94,Replayed,1.0
3.0,1.0,1,1,73.062485,94,Replayed,3.0
38.0,1.0,1,1,93.571945,94,Replayed,38.0
-9.0,-1.0,-1,1,68.18865,94,Replayed,9.0
-1.0,1.0,-1,1,65.68536,94,Replayed,1.0
3.0,-1.0,1,1,68.47666,94,Replayed,3.0
5.0,1.0,1,1,75.001,94,Replayed,5.0
5.0,1.0,1,1,75.17857,94,Replayed,5.0
5.0,1.0,1,1,75.23678,94,Replayed,5.0
-5.0,1.0,-1,1,69.016136,94,Replayed,5.0
-9.0,1.0,1,0,67.86051,94,Replayed,9.0
9.0,0.0,-1,0,58.959885,94,Replayed,9.0
-3.0,1.0,1,0,69.48919,94,Replayed,3.0
-9.0,-1.0,-1,1,69.379684,94,Replayed,9.0
3.0,0.0,-1,0,61.422146,94,Replayed,3.0
-3.0,0.0,1,0,67.58869,94,Replayed,3.0
-5.0,0.0,1,0,66.489525,94,Replayed,5.0
3.0,1.0,-1,0,63.940845,94,Replayed,3.0
-1.0,0.0,-1,1,64.50186,94,Replayed,1.0
-3.0,-1.0,1,0,64.7669,94,Replayed,3.0
1.0,1.0,-1,0,64.60589,94,Replayed,1.0
-3.0,-1.0,1,0,65.67064,94,Replayed,3.0
9.0,-1.0,-1,0,56.87327,94,Replayed,9.0
-38.0,0.0,1,0,54.118484,94,Replayed,38.0
-3.0,1.0,1,0,68.85438,94,Replayed,3.0
-3.0,-1.0,1,0,64.638,94,Replayed,3.0
5.0,1.0,1,1,74.2121,94,Replayed,5.0
-1.0,-1.0,1,0,66.213,94,Replayed,1.0
-3.0,0.0,-1,1,65.24166,94,Replayed,3.0
5.0,1.0,1,1,73.47529,94,Replayed,5.0
1.0,-1.0,1,1,67.023186,94,Replayed,1.0
-5.0,1.0,-1,1,70.556595,94,Replayed,5.0
-3.0,0.0,1,0,67.15886,94,Replayed,3.0
3.0,0.0,1,1,71.07006,94,Replayed,3.0
38.0,0.0,1,1,92.279526,94,Replayed,38.0
5.0,-1.0,1,1,70.31447,94,Replayed,5.0
3.0,0.0,-1,0,61.842228,94,Replayed,3.0
-1.0,1.0,-1,1,66.53324,94,Replayed,1.0
-3.0,0.0,1,0,67.6243,94,Replayed,3.0
-38.0,1.0,-1,1,91.514656,94,Replayed,38.0
5.0,-1.0,-1,0,59.27428,94,Replayed,5.0
5.0,-1.0,1,1,71.06932,94,Replayed,5.0
38.0,0.0,1,1,92.57067,94,Replayed,38.0
-1.0,-1.0,1,0,66.240135,94,Replayed,1.0
-1.0,1.0,-1,1,66.21802,94,Replayed,1.0
1.0,0.0,-1,0,63.53338,94,Replayed,1.0
9.0,-1.0,-1,0,56.511456,94,Replayed,9.0
-9.0,1.0,-1,1,73.922585,94,Replayed,9.0
-1.0,-1.0,1,0,66.58624,94,Replayed,1.0
38.0,1.0,1,1,93.51906,94,Replayed,38.0
38.0,0.0,1,1,92.514404,94,Replayed,38.0
-1.0,0.0,1,0,67.57151,94,Replayed,1.0
-3.0,0.0,1,0,67.46601,94,Replayed,3.0
1.0,1.0,1,1,70.26113,94,Replayed,1.0
1.0,-1.0,1,1,68.152176,94,Replayed,1.0
-9.0,-1.0,1,0,62.81153,94,Replayed,9.0
-3.0,1.0,1,0,69.77791,94,Replayed,3.0
-5.0,0.0,-1,1,66.89321,94,Replayed,5.0
38.0,1.0,1,1,93.75173,94,Replayed,38.0
-38.0,-1.0,-1,1,88.94227,94,Replayed,38.0
9.0,-1.0,1,1,73.638756,94,Replayed,9.0
5.0,-1.0,1,1,70.64216,94,Replayed,5.0
-3.0,1.0,1,0,70.0095,94,Replayed,3.0
5.0,0.0,-1,0,61.15886,94,Replayed,5.0
9.0,0.0,1,1,76.49937,94,Replayed,9.0
3.0,0.0,1,1,71.10856,94,Replayed,3.0
1.0,1.0,-1,0,65.18447,94,Replayed,1.0
3.0,1.0,-1,0,63.95514,94,Replayed,3.0
1.0,1.0,-1,0,64.519356,94,Replayed,1.0
-1.0,1.0,1,0,69.99528,94,Replayed,1.0
-9.0,0.0,-1,1,70.55675,94,Replayed,9.0
38.0,-1.0,1,1,91.26036,94,Replayed,38.0
-5.0,1.0,-1,1,69.90731,94,Replayed,5.0
-9.0,-1.0,1,0,63.009632,94,Replayed,9.0
-3.0,1.0,-1,1,68.19555,94,Replayed,3.0
1.0,0.0,-1,0,62.718243,94,Replayed,1.0
-38.0,-1.0,-1,1,88.13172,94,Replayed,38.0
-3.0,0.0,1,0,66.773674,94,Replayed,3.0
38.0,0.0,1,1,92.43808,94,Replayed,38.0
5.0,0.0,1,1,72.45084,94,Replayed,5.0
-1.0,1.0,1,0,69.686356,94,Replayed,1.0
-1.0,-1.0,1,0,66.95601,94,Replayed,1.0
-1.0,0.0,1,0,68.52431,94,Replayed,1.0
38.0,-1.0,1,1,91.012505,94,Replayed,38.0
-5.0,-1.0,1,0,64.66084,94,Replayed,5.0
-9.0,-1.0,1,0,64.047585,94,Replayed,9.0
-38.0,1.0,-1,1,91.10703,94,Replayed,38.0
-9.0,-1.0,1,0,63.47722,94,Replayed,9.0
3.0,-1.0,1,1,69.00341,94,Replayed,3.0
-9.0,1.0,-1,1,72.904,94,Replayed,9.0
-38.0,1.0,-1,1,91.61532,94,Replayed,38.0
-9.0,0.0,-1,1,71.33101,94,Replayed,9.0
-5.0,0.0,1,0,67.09,94,Replayed,5.0
9.0,1.0,1,1,78.24174,94,Replayed,9.0
-5.0,0.0,1,0,66.636955,94,Replayed,5.0
9.0,0.0,1,1,77.06766,94,Replayed,9.0
38.0,-1.0,1,1,91.092636,94,Replayed,38.0
38.0,-1.0,1,1,91.523346,94,Replayed,38.0
-5.0,-1.0,-1,1,66.06469,94,Replayed,5.0
-38.0,0.0,-1,1,90.35112,94,Replayed,38.0
5.0,1.0,1,1,74.4307,94,Replayed,5.0
3.0,-1.0,-1,0,60.25942,94,Replayed,3.0
-5.0,0.0,1,0,66.74867,94,Replayed,5.0
-3.0,0.0,1,0,68.59346,94,Replayed,3.0
5.0,-1.0,1,1,70.186646,94,Replayed,5.0
9.0,-1.0,1,1,74.24214,94,Replayed,9.0
-1.0,1.0,-1,1,65.1296,94,Replayed,1.0
1.0,1.0,1,1,70.85852,94,Replayed,1.0
9.0,-1.0,1,1,74.148026,94,Replayed,9.0
-9.0,0.0,1,0,65.62455,94,Replayed,9.0
-38.0,1.0,-1,1,91.89831,94,Replayed,38.0
-5.0,0.0,1,0,67.65267,94,Replayed,5.0
-5.0,1.0,-1,1,69.91009,94,Replayed,5.0
-9.0,1.0,1,0,67.80929,94,Replayed,9.0
5.0,-1.0,1,1,71.60937,94,Replayed,5.0
-38.0,-1.0,-1,1,88.43074,94,Replayed,38.0
-1.0,-1.0,1,0,65.54136,94,Replayed,1.0
-38.0,0.0,-1,1,90.4103,94,Replayed,38.0
-1.0,1.0,1,0,70.42017,94,Replayed,1.0
5.0,0.0,1,1,71.99734,94,Replayed,5.0
-5.0,1.0,1,0,69.16721,94,Replayed,5.0
-9.0,-1.0,1,0,62.345535,94,Replayed,9.0
9.0,1.0,1,1,78.2771,94,Replayed,9.0
-9.0,0.0,1,0,65.8279,94,Replayed,9.0
1.0,-1.0,1,1,66.39453,94,Replayed,1.0
-1.0,0.0,1,0,68.69472,94,Replayed,1.0
-9.0,0.0,1,0,66.04295,94,Replayed,9.0
38.0,1.0,1,1,93.20573,94,Replayed,38.0
9.0,1.0,-1,0,62.03754,94,Replayed,9.0
-5.0,0.0,1,0,66.81337,94,Replayed,5.0
3.0,1.0,1,1,73.0458,94,Replayed,3.0
9.0,0.0,-1,0,59.43175,94,Replayed,9.0
1.0,0.0,-1,0,61.97161,94,Replayed,1.0
-5.0,1.0,-1,1,68.67057,94,Replayed,5.0
5.0,-1.0,1,1,70.41156,94,Replayed,5.0
38.0,0.0,1,1,92.50517,94,Replayed,38.0
9.0,-1.0,1,1,74.1558,94,Replayed,9.0
-3.0,0.0,1,0,54.21202,95,Replayed,3.0
-1.0,1.0,1,0,54.811253,95,Replayed,1.0
-3.0,1.0,-1,1,60.717815,95,Replayed,3.0
-1.0,0.0,1,0,56.810604,95,Replayed,1.0
-3.0,-1.0,-1,1,65.176346,95,Replayed,3.0
-3.0,1.0,-1,1,60.27707,95,Replayed,3.0
9.0,0.0,1,1,77.479515,95,Replayed,9.0
-1.0,0.0,1,0,56.95945,95,Replayed,1.0
9.0,-1.0,1,1,80.73546,95,Replayed,9.0
-5.0,-1.0,-1,1,70.96376,95,Replayed,5.0
5.0,0.0,1,1,69.57858,95,Replayed,5.0
38.0,1.0,1,1,98.35598,95,Replayed,38.0
-38.0,-1.0,-1,1,99.15961,95,Replayed,38.0
38.0,-1.0,1,1,99.31414,95,Replayed,38.0
3.0,1.0,-1,0,47.238003,95,Replayed,3.0
-1.0,-1.0,1,0,60.060387,95,Replayed,1.0
-1.0,0.0,-1,1,56.891285,95,Replayed,1.0
1.0,-1.0,1,1,64.154945,95,Replayed,1.0
9.0,1.0,1,1,74.569885,95,Replayed,9.0
1.0,0.0,1,1,60.11412,95,Replayed,1.0
-5.0,-1.0,-1,1,69.97718,95,Replayed,5.0
-9.0,0.0,-1,1,75.591415,95,Replayed,9.0
-1.0,-1.0,-1,1,61.08607,95,Replayed,1.0
-9.0,-1.0,-1,1,77.71625,95,Replayed,9.0
-1.0,1.0,-1,1,55.31801,95,Replayed,1.0
38.0,1.0,1,1,98.34451,95,Replayed,38.0
3.0,0.0,1,1,66.36282,95,Replayed,3.0
9.0,-1.0,1,1,80.41729,95,Replayed,9.0
-3.0,1.0,-1,1,60.452946,95,Replayed,3.0
3.0,0.0,1,1,64.701805,95,Replayed,3.0
38.0,-1.0,1,1,99.31916,95,Replayed,38.0
-38.0,1.0,-1,1,98.18776,95,Replayed,38.0
3.0,-1.0,-1,0,53.191452,95,Replayed,3.0
-5.0,0.0,1,0,50.601864,95,Replayed,5.0
-1.0,1.0,1,0,53.779358,95,Replayed,1.0
1.0,0.0,-1,0,55.207813,95,Replayed,1.0
1.0,-1.0,-1,0,57.5001,95,Replayed,1.0
38.0,-1.0,1,1,99.33064,95,Replayed,38.0
-1.0,0.0,-1,1,58.173733,95,Replayed,1.0
9.0,0.0,1,1,78.063225,95,Replayed,9.0
5.0,1.0,1,1,67.92117,95,Replayed,5.0
3.0,0.0,-1,0,50.689613,95,Replayed,3.0
-5.0,-1.0,-1,1,69.73268,95,Replayed,5.0
9.0,0.0,1,1,77.25275,95,Replayed,9.0
38.0,0.0,1,1,99.04692,95,Replayed,38.0
3.0,1.0,1,1,62.793446,95,Replayed,3.0
1.0,-1.0,-1,0,57.765163,95,Replayed,1.0
-9.0,0.0,-1,1,76.135025,95,Replayed,9.0
9.0,0.0,1,1,77.32391,95,Replayed,9.0
-38.0,-1.0,-1,1,99.183495,95,Replayed,38.0
-3.0,0.0,1,0,53.546185,95,Replayed,3.0
-38.0,0.0,-1,1,98.797134,95,Replayed,38.0
-1.0,0.0,1,0,56.498463,95,Replayed,1.0
-38.0,-1.0,-1,1,99.1702,95,Replayed,38.0
-9.0,0.0,1,0,41.978184,95,Replayed,9.0
38.0,0.0,1,1,98.97266,95,Replayed,38.0
5.0,1.0,1,1,66.84171,95,Replayed,5.0
-38.0,-1.0,-1,1,99.13087,95,Replayed,38.0
1.0,-1.0,1,1,63.79135,95,Replayed,1.0
1.0,-1.0,1,1,64.23344,95,Replayed,1.0
-9.0,0.0,-1,1,75.147064,95,Replayed,9.0
-3.0,1.0,1,0,49.932243,95,Replayed,3.0
9.0,1.0,1,1,74.533485,95,Replayed,9.0
-3.0,0.0,-1,1,61.888493,95,Replayed,3.0
1.0,1.0,-1,0,50.34059,95,Replayed,1.0
-3.0,-1.0,-1,1,65.11129,95,Replayed,3.0
1.0,-1.0,-1,0,56.074207,95,Replayed,1.0
5.0,-1.0,-1,0,51.141884,95,Replayed,5.0
-1.0,1.0,1,0,53.569954,95,Replayed,1.0
-1.0,0.0,-1,1,58.670486,95,Replayed,1.0
-9.0,-1.0,-1,1,78.86073,95,Replayed,9.0
5.0,0.0,1,1,69.8067,95,Replayed,5.0
9.0,1.0,-1,0,36.898968,95,Replayed,9.0
5.0,0.0,-1,0,46.77777,95,Replayed,5.0
9.0,-1.0,1,1,80.54067,95,Replayed,9.0
1.0,0.0,1,1,61.269863,95,Replayed,1.0
-3.0,-1.0,-1,1,64.80371,95,Replayed,3.0
3.0,-1.0,1,1,68.26952,95,Replayed,3.0
5.0,-1.0,1,1,73.09215,95,Replayed,5.0
-5.0,0.0,1,0,50.98097,95,Replayed,5.0
9.0,1.0,1,1,74.413795,95,Replayed,9.0
-5.0,1.0,-1,1,63.770546,95,Replayed,5.0
5.0,0.0,1,1,70.46079,95,Replayed,5.0
38.0,-1.0,1,1,99.31136,95,Replayed,38.0
-5.0,1.0,-1,1,63.63998,95,Replayed,5.0
-5.0,1.0,1,0,46.981503,95,Replayed,5.0
38.0,0.0,1,1,98.98625,95,Replayed,38.0
-9.0,1.0,-1,1,72.26022,95,Replayed,9.0
3.0,-1.0,1,1,68.31561,95,Replayed,3.0
-9.0,-1.0,-1,1,78.074646,95,Replayed,9.0
-9.0,1.0,1,0,39.001255,95,Replayed,9.0
5.0,0.0,1,1,70.16807,95,Replayed,5.0
-9.0,1.0,1,0,38.810753,95,Replayed,9.0
-1.0,1.0,-1,1,55.83794,95,Replayed,1.0
-38.0,0.0,-1,1,98.82793,95,Replayed,38.0
-9.0,1.0,-1,1,72.10669,95,Replayed,9.0
3.0,0.0,1,1,64.41404,95,Replayed,3.0
-5.0,0.0,-1,1,67.99564,95,Replayed,5.0
3.0,0.0,-1,0,51.850212,95,Replayed,3.0
38.0,1.0,1,1,98.47435,95,Replayed,38.0
9.0,1.0,1,1,73.78653,95,Replayed,9.0
-38.0,1.0,-1,1,98.16072,95,Replayed,38.0
1.0,0.0,-1,0,54.768074,95,Replayed,1.0
9.0,-1.0,1,1,79.973274,95,Replayed,9.0
-3.0,-1.0,1,0,57.744545,95,Replayed,3.0
5.0,-1.0,1,1,73.17403,95,Replayed,5.0
-38.0,1.0,-1,1,98.193214,95,Replayed,38.0
-38.0,1.0,-1,1,98.20242,95,Replayed,38.0
3.0,1.0,-1,0,47.995373,95,Replayed,3.0
-9.0,-1.0,-1,1,78.45213,95,Replayed,9.0
-9.0,1.0,-1,1,71.83491,95,Replayed,9.0
-3.0,0.0,1,0,53.666985,95,Replayed,3.0
5.0,-1.0,-1,0,50.674915,95,Replayed,5.0
-5.0,-1.0,1,0,54.0635,95,Replayed,5.0
5.0,-1.0,1,1,73.287,95,Replayed,5.0
-3.0,0.0,1,0,53.94165,95,Replayed,3.0
-9.0,0.0,-1,1,75.96413,95,Replayed,9.0
-1.0,-1.0,-1,1,60.931038,95,Replayed,1.0
-5.0,0.0,-1,1,66.807526,95,Replayed,5.0
-3.0,-1.0,-1,1,65.30942,95,Replayed,3.0
-9.0,-1.0,-1,1,79.401764,95,Replayed,9.0
-38.0,0.0,-1,1,98.819954,95,Replayed,38.0
-38.0,-1.0,-1,1,99.16919,95,Replayed,38.0
-3.0,0.0,1,0,53.059887,95,Replayed,3.0
-9.0,-1.0,-1,1,78.3464,95,Replayed,9.0
-38.0,0.0,-1,1,98.686165,95,Replayed,38.0
38.0,1.0,1,1,98.478264,95,Replayed,38.0
-5.0,-1.0,1,0,53.96014,95,Replayed,5.0
3.0,0.0,1,1,65.2736,95,Replayed,3.0
-1.0,0.0,1,0,57.010822,95,Replayed,1.0
5.0,-1.0,1,1,73.34039,95,Replayed,5.0
-38.0,-1.0,-1,1,99.09102,95,Replayed,38.0
-3.0,1.0,-1,1,59.92866,95,Replayed,3.0
1.0,0.0,1,1,60.800404,95,Replayed,1.0
38.0,-1.0,1,1,99.271355,95,Replayed,38.0
-5.0,1.0,-1,1,63.978027,95,Replayed,5.0
5.0,0.0,-1,0,46.359375,95,Replayed,5.0
1.0,0.0,1,1,61.813408,95,Replayed,1.0
-5.0,-1.0,-1,1,70.82821,95,Replayed,5.0
-5.0,1.0,-1,1,64.14899,95,Replayed,5.0
5.0,-1.0,1,1,72.46184,95,Replayed,5.0
1.0,-1.0,1,1,63.304455,95,Replayed,1.0
5.0,1.0,1,1,66.664986,95,Replayed,5.0
-5.0,-1.0,-1,1,70.14952,95,Replayed,5.0
38.0,-1.0,1,1,99.29724,95,Replayed,38.0
38.0,1.0,1,1,98.4238,95,Replayed,38.0
38.0,0.0,1,1,98.87806,95,Replayed,38.0
3.0,-1.0,-1,0,53.780304,95,Replayed,3.0
-1.0,1.0,1,0,54.87497,95,Replayed,1.0
-1.0,0.0,1,0,58.68245,95,Replayed,1.0
5.0,1.0,1,1,67.056366,95,Replayed,5.0
38.0,0.0,1,1,98.91399,95,Replayed,38.0
3.0,1.0,-1,0,47.920692,95,Replayed,3.0
-3.0,1.0,-1,1,60.628033,95,Replayed,3.0
-9.0,-1.0,-1,1,79.05022,95,Replayed,9.0
-38.0,0.0,-1,1,98.70835,95,Replayed,38.0
9.0,0.0,1,1,77.48834,95,Replayed,9.0
-5.0,-1.0,-1,1,70.8332,95,Replayed,5.0
-1.0,1.0,-1,1,55.25,95,Replayed,1.0
38.0,1.0,1,1,98.444466,95,Replayed,38.0
-1.0,-1.0,1,0,59.88142,95,Replayed,1.0
-1.0,-1.0,1,0,59.866245,95,Replayed,1.0
38.0,-1.0,1,1,99.27846,95,Replayed,38.0
-38.0,0.0,-1,1,98.80393,95,Replayed,38.0
3.0,-1.0,1,1,69.03597,95,Replayed,3.0
5.0,1.0,-1,0,43.911057,95,Replayed,5.0
-1.0,-1.0,-1,1,60.881485,95,Replayed,1.0
1.0,1.0,1,1,58.63392,95,Replayed,1.0
1.0,1.0,1,1,58.284824,95,Replayed,1.0
-5.0,0.0,-1,1,67.0898,95,Replayed,5.0
5.0,1.0,-1,0,43.831104,95,Replayed,5.0
9.0,0.0,1,1,78.57803,95,Replayed,9.0
3.0,0.0,1,1,66.507576,95,Replayed,3.0
-38.0,1.0,-1,1,98.19508,95,Replayed,38.0
-5.0,1.0,-1,1,63.379555,95,Replayed,5.0
3.0,1.0,1,1,62.929726,95,Replayed,3.0
5.0,0.0,-1,0,47.478638,95,Replayed,5.0
1.0,-1.0,1,1,63.52787,95,Replayed,1.0
-1.0,-1.0,1,0,59.87156,95,Replayed,1.0
9.0,1.0,1,1,74.28337,95,Replayed,9.0
3.0,1.0,1,1,63.872414,95,Replayed,3.0
3.0,-1.0,-1,0,53.876907,95,Replayed,3.0
-5.0,1.0,1,0,47.603252,95,Replayed,5.0
3.0,-1.0,1,1,68.309265,95,Replayed,3.0
5.0,1.0,1,1,67.15386,95,Replayed,5.0
-3.0,0.0,-1,1,63.02504,95,Replayed,3.0
-3.0,1.0,-1,1,59.873318,95,Replayed,3.0
3.0,1.0,-1,0,47.367603,95,Replayed,3.0
-3.0,-1.0,1,0,56.81977,95,Replayed,3.0
3.0,0.0,-1,0,50.764893,95,Replayed,3.0
3.0,1.0,1,1,62.787045,95,Replayed,3.0
9.0,1.0,1,1,74.61742,95,Replayed,9.0
1.0,1.0,1,1,57.892555,95,Replayed,1.0
-5.0,0.0,1,0,49.86375,95,Replayed,5.0
38.0,0.0,1,1,98.9583,95,Replayed,38.0
1.0,1.0,1,1,58.518528,95,Replayed,1.0
-1.0,1.0,-1,1,56.41753,95,Replayed,1.0
-5.0,0.0,-1,1,67.319145,95,Replayed,5.0
9.0,-1.0,1,1,80.313194,95,Replayed,9.0
-3.0,-1.0,-1,1,64.915375,95,Replayed,3.0
-9.0,1.0,-1,1,72.31423,95,Replayed,9.0
-5.0,1.0,-1,1,63.991188,95,Replayed,5.0
-1.0,-1.0,1,0,59.335987,95,Replayed,1.0
38.0,1.0,1,1,98.432915,95,Replayed,38.0
38.0,-1.0,1,1,99.31214,95,Replayed,38.0
-38.0,1.0,-1,1,98.113075,95,Replayed,38.0
1.0,0.0,-1,0,53.79679,95,Replayed,1.0
3.0,-1.0,1,1,68.77701,95,Replayed,3.0
-9.0,0.0,-1,1,74.89724,95,Replayed,9.0
-3.0,-1.0,-1,1,66.52905,95,Replayed,3.0
-38.0,0.0,-1,1,98.67498,95,Replayed,38.0
-5.0,0.0,1,0,50.693184,95,Replayed,5.0
-9.0,0.0,1,0,42.447437,95,Replayed,9.0
-38.0,-1.0,-1,1,99.19141,95,Replayed,38.0
-9.0,-1.0,-1,1,77.99784,95,Replayed,9.0
38.0,1.0,1,1,98.45751,95,Replayed,38.0
-9.0,1.0,-1,1,72.38865,95,Replayed,9.0
-38.0,1.0,-1,1,98.09009,95,Replayed,38.0
1.0,1.0,-1,0,51.050602,95,Replayed,1.0
5.0,0.0,1,1,70.69892,95,Replayed,5.0
38.0,0.0,1,1,98.9957,95,Replayed,38.0
5.0,1.0,1,1,67.007675,95,Replayed,5.0
-38.0,-1.0,-1,1,99.10181,95,Replayed,38.0
9.0,1.0,1,1,74.18509,95,Replayed,9.0
-38.0,0.0,-1,1,98.69838,95,Replayed,38.0
9.0,0.0,1,1,77.060974,95,Replayed,9.0
38.0,0.0,1,1,98.97295,95,Replayed,38.0
-9.0,0.0,-1,1,75.985825,95,Replayed,9.0
-3.0,0.0,-1,1,61.641293,95,Replayed,3.0
1.0,1.0,1,1,58.050186,95,Replayed,1.0
-38.0,1.0,-1,1,98.28242,95,Replayed,38.0
9.0,-1.0,1,1,80.03912,95,Replayed,9.0
9.0,-1.0,1,1,81.09563,95,Replayed,9.0
-3.0,1.0,-1,1,58.6556,95,Replayed,3.0
-9.0,1.0,-1,1,71.97108,95,Replayed,9.0
9.0,-1.0,1,1,80.71632,95,Replayed,9.0
9.0,0.0,-1,0,39.64595,95,Replayed,9.0
5.0,-1.0,1,1,72.9705,95,Replayed,5.0
1.0,1.0,1,1,58.091633,95,Replayed,1.0
-38.0,-1.0,-1,1,68.23074,96,Replayed,38.0
1.0,-1.0,-1,0,46.147778,96,Replayed,1.0
-9.0,-1.0,-1,1,52.520638,96,Replayed,9.0
9.0,1.0,-1,0,49.39174,96,Replayed,9.0
-38.0,0.0,1,0,31.974995,96,Replayed,38.0
-1.0,1.0,1,0,55.20438,96,Replayed,1.0
-5.0,1.0,-1,1,57.911205,96,Replayed,5.0
-3.0,0.0,1,0,50.717144,96,Replayed,3.0
38.0,1.0,1,1,75.7927,96,Replayed,38.0
-5.0,1.0,-1,1,58.624588,96,Replayed,5.0
5.0,0.0,-1,0,48.413986,96,Replayed,5.0
-38.0,1.0,1,0,36.469234,96,Replayed,38.0
38.0,-1.0,1,1,68.303116,96,Replayed,38.0
5.0,0.0,-1,0,47.56777,96,Replayed,5.0
1.0,1.0,1,1,56.04656,96,Replayed,1.0
-3.0,0.0,1,0,49.628166,96,Replayed,3.0
-38.0,0.0,-1,1,71.70489,96,Replayed,38.0
-1.0,1.0,-1,1,55.276455,96,Replayed,1.0
38.0,1.0,-1,0,35.25707,96,Replayed,38.0
3.0,1.0,-1,0,52.560677,96,Replayed,3.0
9.0,0.0,-1,0,46.281643,96,Replayed,9.0
3.0,1.0,1,1,58.40808,96,Replayed,3.0
-5.0,1.0,-1,1,57.9708,96,Replayed,5.0
5.0,1.0,1,1,58.90401,96,Replayed,5.0
9.0,1.0,1,1,60.974075,96,Replayed,9.0
1.0,0.0,-1,0,51.299595,96,Replayed,1.0
-9.0,-1.0,-1,1,52.492214,96,Replayed,9.0
5.0,-1.0,1,1,51.668785,96,Replayed,5.0
38.0,1.0,-1,0,34.63384,96,Replayed,38.0
-38.0,0.0,-1,1,71.824425,96,Replayed,38.0
-38.0,1.0,1,0,35.76043,96,Replayed,38.0
-38.0,0.0,1,0,31.351414,96,Replayed,38.0
-9.0,1.0,1,0,51.079082,96,Replayed,9.0
9.0,0.0,-1,0,45.38604,96,Replayed,9.0
-5.0,0.0,1,0,49.207993,96,Replayed,5.0
3.0,0.0,1,1,53.562134,96,Replayed,3.0
5.0,-1.0,1,1,51.95012,96,Replayed,5.0
-9.0,0.0,-1,1,56.313072,96,Replayed,9.0
5.0,1.0,1,1,59.783657,96,Replayed,5.0
-38.0,1.0,-1,1,76.33178,96,Replayed,38.0
3.0,1.0,-1,0,53.97605,96,Replayed,3.0
38.0,1.0,1,1,75.81183,96,Replayed,38.0
3.0,-1.0,1,1,49.092987,96,Replayed,3.0
-3.0,-1.0,1,0,45.704205,96,Replayed,3.0
9.0,-1.0,-1,0,41.920315,96,Replayed,9.0
5.0,0.0,-1,0,47.847317,96,Replayed,5.0
3.0,1.0,1,1,57.292454,96,Replayed,3.0
1.0,0.0,1,1,52.24247,96,Replayed,1.0
-5.0,-1.0,1,0,44.804424,96,Replayed,5.0
1.0,0.0,1,1,52.5291,96,Replayed,1.0
9.0,1.0,-1,0,49.709206,96,Replayed,9.0
3.0,-1.0,-1,0,45.65008,96,Replayed,3.0
38.0,-1.0,1,1,67.83419,96,Replayed,38.0
-1.0,-1.0,1,0,48.923424,96,Replayed,1.0
9.0,0.0,1,1,56.36592,96,Replayed,9.0
-3.0,-1.0,1,0,46.686287,96,Replayed,3.0
1.0,-1.0,-1,0,45.511593,96,Replayed,1.0
1.0,-1.0,-1,0,47.655434,96,Replayed,1.0
-1.0,-1.0,-1,1,48.079163,96,Replayed,1.0
-1.0,-1.0,-1,1,47.770527,96,Replayed,1.0
5.0,1.0,1,1,57.88678,96,Replayed,5.0
38.0,0.0,-1,0,31.340412,96,Replayed,38.0
38.0,-1.0,1,1,67.926476,96,Replayed,38.0
-38.0,1.0,-1,1,76.01475,96,Replayed,38.0
9.0,0.0,1,1,57.895153,96,Replayed,9.0
9.0,1.0,1,1,61.49806,96,Replayed,9.0
-9.0,1.0,1,0,51.261593,96,Replayed,9.0
-5.0,1.0,-1,1,57.565563,96,Replayed,5.0
-9.0,0.0,1,0,47.2036,96,Replayed,9.0
38.0,1.0,1,1,76.2358,96,Replayed,38.0
5.0,-1.0,1,1,50.453133,96,Replayed,5.0
-9.0,0.0,-1,1,55.75413,96,Replayed,9.0
5.0,-1.0,1,1,51.649452,96,Replayed,5.0
1.0,1.0,-1,0,55.126125,96,Replayed,1.0
-1.0,0.0,1,0,51.944386,96,Replayed,1.0
-1.0,1.0,1,0,54.75301,96,Replayed,1.0
-5.0,0.0,-1,1,53.961693,96,Replayed,5.0
-1.0,-1.0,-1,1,48.03272,96,Replayed,1.0
-38.0,1.0,1,0,36.676746,96,Replayed,38.0
-3.0,0.0,1,0,50.696556,96,Replayed,3.0
5.0,-1.0,-1,0,44.835632,96,Replayed,5.0
-9.0,1.0,1,0,51.871227,96,Replayed,9.0
-38.0,-1.0,1,0,27.203352,96,Replayed,38.0
38.0,-1.0,1,1,68.54518,96,Replayed,38.0
1.0,-1.0,1,1,49.335754,96,Replayed,1.0
-9.0,-1.0,1,0,42.510094,96,Replayed,9.0
-1.0,-1.0,-1,1,48.02472,96,Replayed,1.0
-38.0,1.0,1,0,35.616093,96,Replayed,38.0
3.0,0.0,-1,0,48.72472,96,Replayed,3.0
-3.0,-1.0,-1,1,50.25373,96,Replayed,3.0
38.0,0.0,-1,0,30.36195,96,Replayed,38.0
3.0,-1.0,1,1,50.737103,96,Replayed,3.0
-9.0,-1.0,-1,1,51.649006,96,Replayed,9.0
-1.0,-1.0,1,0,47.255974,96,Replayed,1.0
3.0,-1.0,-1,0,45.6219,96,Replayed,3.0
-3.0,1.0,1,0,54.06296,96,Replayed,3.0
9.0,0.0,-1,0,45.06778,96,Replayed,9.0
-9.0,1.0,1,0,51.102425,96,Replayed,9.0
-5.0,0.0,1,0,49.206738,96,Replayed,5.0
9.0,-1.0,-1,0,41.971775,96,Replayed,9.0
-1.0,0.0,-1,1,51.978237,96,Replayed,1.0
-5.0,-1.0,1,0,45.997936,96,Replayed,5.0
-1.0,0.0,-1,1,51.400246,96,Replayed,1.0
-1.0,1.0,-1,1,55.719524,96,Replayed,1.0
-38.0,0.0,-1,1,71.472984,96,Replayed,38.0
9.0,1.0,1,1,61.316387,96,Replayed,9.0
-38.0,-1.0,1,0,27.179337,96,Replayed,38.0
-3.0,1.0,-1,1,56.233913,96,Replayed,3.0
38.0,0.0,1,1,73.52174,96,Replayed,38.0
1.0,1.0,1,1,55.83704,96,Replayed,1.0
-9.0,1.0,-1,1,60.376476,96,Replayed,9.0
-9.0,0.0,1,0,46.63736,96,Replayed,9.0
5.0,1.0,1,1,58.990395,96,Replayed,5.0
1.0,1.0,1,1,56.612648,96,Replayed,1.0
-1.0,1.0,1,0,55.250298,96,Replayed,1.0
-3.0,-1.0,-1,1,47.76585,96,Replayed,3.0
1.0,0.0,1,1,52.37979,96,Replayed,1.0
1.0,0.0,-1,0,51.248146,96,Replayed,1.0
38.0,0.0,1,1,72.2539,96,Replayed,38.0
3.0,1.0,-1,0,52.962833,96,Replayed,3.0
-5.0,1.0,1,0,53.04509,96,Replayed,5.0
-3.0,-1.0,1,0,46.409134,96,Replayed,3.0
-38.0,0.0,-1,1,72.14147,96,Replayed,38.0
3.0,1.0,-1,0,53.381496,96,Replayed,3.0
-1.0,0.0,1,0,51.491558,96,Replayed,1.0
-3.0,1.0,1,0,54.29429,96,Replayed,3.0
1.0,1.0,-1,0,54.03562,96,Replayed,1.0
-5.0,0.0,-1,1,53.978413,96,Replayed,5.0
1.0,-1.0,1,1,48.13582,96,Replayed,1.0
-38.0,0.0,1,0,32.14448,96,Replayed,38.0
-38.0,-1.0,-1,1,68.311134,96,Replayed,38.0
5.0,0.0,-1,0,48.765114,96,Replayed,5.0
-1.0,-1.0,1,0,47.954716,96,Replayed,1.0
38.0,-1.0,-1,0,26.353735,96,Replayed,38.0
-9.0,0.0,-1,1,56.21053,96,Replayed,9.0
5.0,-1.0,1,1,50.48021,96,Replayed,5.0
3.0,0.0,-1,0,48.40947,96,Replayed,3.0
-38.0,1.0,-1,1,76.61376,96,Replayed,38.0
9.0,-1.0,-1,0,42.864563,96,Replayed,9.0
-1.0,0.0,-1,1,50.74626,96,Replayed,1.0
-5.0,0.0,1,0,48.932884,96,Replayed,5.0
-9.0,-1.0,-1,1,52.431965,96,Replayed,9.0
-3.0,0.0,1,0,50.125973,96,Replayed,3.0
9.0,-1.0,-1,0,42.56627,96,Replayed,9.0
1.0,0.0,1,1,52.23682,96,Replayed,1.0
5.0,1.0,-1,0,52.3722,96,Replayed,5.0
9.0,0.0,1,1,57.174866,96,Replayed,9.0
-9.0,-1.0,-1,1,51.583893,96,Replayed,9.0
-3.0,0.0,1,0,50.582336,96,Replayed,3.0
38.0,0.0,1,1,73.09634,96,Replayed,38.0
9.0,1.0,-1,0,50.71923,96,Replayed,9.0
-3.0,1.0,-1,1,56.030518,96,Replayed,3.0
38.0,1.0,1,1,76.532936,96,Replayed,38.0
-5.0,-1.0,1,0,45.174347,96,Replayed,5.0
-5.0,0.0,-1,1,53.304897,96,Replayed,5.0
3.0,-1.0,-1,0,45.954586,96,Replayed,3.0
-3.0,-1.0,-1,1,49.290775,96,Replayed,3.0
-9.0,-1.0,1,0,42.816456,96,Replayed,9.0
1.0,1.0,-1,0,54.87313,96,Replayed,1.0
1.0,1.0,1,1,56.219585,96,Replayed,1.0
5.0,1.0,1,1,59.57772,96,Replayed,5.0
-1.0,1.0,-1,1,55.208755,96,Replayed,1.0
38.0,1.0,-1,0,36.133217,96,Replayed,38.0
-3.0,-1.0,-1,1,48.997528,96,Replayed,3.0
-5.0,-1.0,1,0,45.106266,96,Replayed,5.0
5.0,-1.0,-1,0,44.563816,96,Replayed,5.0
3.0,0.0,-1,0,50.032677,96,Replayed,3.0
5.0,-1.0,1,1,51.649708,96,Replayed,5.0
-5.0,1.0,-1,1,58.304996,96,Replayed,5.0
-3.0,1.0,-1,1,56.49444,96,Replayed,3.0
-1.0,1.0,-1,1,54.34631,96,Replayed,1.0
-38.0,0.0,-1,1,71.31106,96,Replayed,38.0
3.0,0.0,-1,0,49.174305,96,Replayed,3.0
38.0,-1.0,-1,0,25.497929,96,Replayed,38.0
3.0,-1.0,1,1,49.98176,96,Replayed,3.0
5.0,0.0,1,1,55.321987,96,Replayed,5.0
9.0,0.0,1,1,58.284836,96,Replayed,9.0
3.0,1.0,-1,0,53.580063,96,Replayed,3.0
-38.0,-1.0,-1,1,68.038414,96,Replayed,38.0
-1.0,0.0,-1,1,50.76718,96,Replayed,1.0
3.0,-1.0,1,1,50.36689,96,Replayed,3.0
38.0,-1.0,1,1,68.64986,96,Replayed,38.0
9.0,-1.0,1,1,52.322887,96,Replayed,9.0
-9.0,0.0,-1,1,56.05045,96,Replayed,9.0
3.0,-1.0,-1,0,46.44702,96,Replayed,3.0
-1.0,-1.0,1,0,48.120575,96,Replayed,1.0
-5.0,0.0,-1,1,53.33554,96,Replayed,5.0
1.0,0.0,1,1,52.46011,96,Replayed,1.0
-5.0,-1.0,1,0,45.411343,96,Replayed,5.0
1.0,-1.0,-1,0,45.751842,96,Replayed,1.0
-5.0,-1.0,-1,1,50.82364,96,Replayed,5.0
-3.0,1.0,1,0,54.438572,96,Replayed,3.0
38.0,0.0,1,1,72.79493,96,Replayed,38.0
9.0,1.0,1,1,60.977566,96,Replayed,9.0
3.0,0.0,1,1,54.26289,96,Replayed,3.0
1.0,1.0,1,1,56.15675,96,Replayed,1.0
-3.0,0.0,1,0,50.03486,96,Replayed,3.0
9.0,-1.0,-1,0,41.4763,96,Replayed,9.0
-9.0,0.0,1,0,47.752167,96,Replayed,9.0
-5.0,-1.0,1,0,45.47043,96,Replayed,5.0
-38.0,-1.0,1,0,27.40565,96,Replayed,38.0
5.0,1.0,1,1,59.146805,96,Replayed,5.0
-38.0,1.0,-1,1,75.79313,96,Replayed,38.0
-3.0,1.0,1,0,53.331142,96,Replayed,3.0
3.0,1.0,1,1,58.069317,96,Replayed,3.0
-3.0,1.0,-1,1,56.878765,96,Replayed,3.0
9.0,-1.0,1,1,52.853592,96,Replayed,9.0
-9.0,0.0,1,0,46.813656,96,Replayed,9.0
9.0,-1.0,1,1,52.793907,96,Replayed,9.0
38.0,-1.0,-1,0,27.567123,96,Replayed,38.0
-9.0,-1.0,1,0,42.328625,96,Replayed,9.0
-9.0,1.0,1,0,51.121445,96,Replayed,9.0
-9.0,1.0,1,0,51.529823,96,Replayed,9.0
3.0,0.0,1,1,52.912075,96,Replayed,3.0
-9.0,1.0,-1,1,59.662724,96,Replayed,9.0
1.0,0.0,-1,0,49.741383,96,Replayed,1.0
-3.0,0.0,-1,1,52.12306,96,Replayed,3.0
38.0,0.0,1,1,72.60495,96,Replayed,38.0
5.0,0.0,-1,0,47.990593,96,Replayed,5.0
3.0,0.0,-1,0,48.9019,96,Replayed,3.0
-5.0,1.0,-1,1,58.73124,96,Replayed,5.0
-3.0,-1.0,-1,1,48.776745,96,Replayed,3.0
-1.0,1.0,-1,1,55.405407,96,Replayed,1.0
5.0,0.0,1,1,54.884315,96,Replayed,5.0
38.0,1.0,-1,0,36.297424,96,Replayed,38.0
9.0,0.0,1,1,56.92642,96,Replayed,9.0
-38.0,-1.0,-1,1,67.91882,96,Replayed,38.0
-3.0,0.0,-1,1,53.900433,96,Replayed,3.0
-5.0,0.0,1,0,48.340637,96,Replayed,5.0
-38.0,-1.0,1,0,26.821243,96,Replayed,38.0
38.0,0.0,1,1,71.95736,96,Replayed,38.0
5.0,1.0,1,1,59.217636,96,Replayed,5.0
-1.0,0.0,1,0,51.22939,96,Replayed,1.0
-5.0,-1.0,1,0,46.731777,96,Replayed,5.0
1.0,-1.0,1,1,48.688343,96,Replayed,1.0
5.0,0.0,-1,0,47.70684,96,Replayed,5.0
1.0,-1.0,1,1,48.186703,96,Replayed,1.0
9.0,1.0,1,1,60.386997,96,Replayed,9.0
-1.0,0.0,-1,1,51.51929,96,Replayed,1.0
-5.0,1.0,1,0,53.365738,96,Replayed,5.0
9.0,-1.0,1,1,86.52256,97,Replayed,9.0
1.0,1.0,1,1,63.0458,97,Replayed,1.0
-38.0,1.0,-1,1,98.48503,97,Replayed,38.0
9.0,0.0,1,1,87.74653,97,Replayed,9.0
-1.0,-1.0,1,0,53.806885,97,Replayed,1.0
5.0,-1.0,1,1,77.65485,97,Replayed,5.0
-9.0,-1.0,-1,1,78.843445,97,Replayed,9.0
1.0,0.0,-1,0,39.91049,97,Replayed,1.0
-5.0,1.0,-1,1,64.91295,97,Replayed,5.0
-1.0,-1.0,-1,1,47.193733,97,Replayed,1.0
-3.0,-1.0,-1,1,56.53271,97,Replayed,3.0
3.0,0.0,1,1,70.56513,97,Replayed,3.0
-9.0,1.0,-1,1,79.015854,97,Replayed,9.0
38.0,-1.0,1,1,98.48076,97,Replayed,38.0
5.0,1.0,1,1,76.80496,97,Replayed,5.0
3.0,1.0,-1,0,32.550713,97,Replayed,3.0
3.0,-1.0,1,1,69.863396,97,Replayed,3.0
-1.0,1.0,-1,1,48.956577,97,Replayed,1.0
38.0,-1.0,1,1,98.303696,97,Replayed,38.0
-9.0,0.0,-1,1,78.61198,97,Replayed,9.0
3.0,-1.0,1,1,70.112785,97,Replayed,3.0
-38.0,-1.0,-1,1,98.80731,97,Replayed,38.0
9.0,-1.0,1,1,87.115,97,Replayed,9.0
9.0,0.0,1,1,87.62399,97,Replayed,9.0
38.0,1.0,1,1,98.75504,97,Replayed,38.0
9.0,0.0,1,1,87.69769,97,Replayed,9.0
-9.0,-1.0,-1,1,78.62723,97,Replayed,9.0
1.0,1.0,1,1,63.81191,97,Replayed,1.0
-38.0,1.0,-1,1,98.66264,97,Replayed,38.0
-5.0,-1.0,-1,1,64.76703,97,Replayed,5.0
5.0,1.0,1,1,76.66666,97,Replayed,5.0
-5.0,1.0,-1,1,64.71236,97,Replayed,5.0
-9.0,0.0,-1,1,78.81993,97,Replayed,9.0
-38.0,-1.0,-1,1,98.608536,97,Replayed,38.0
-38.0,1.0,-1,1,98.73535,97,Replayed,38.0
-9.0,0.0,-1,1,78.79864,97,Replayed,9.0
38.0,0.0,1,1,98.70532,97,Replayed,38.0
-9.0,1.0,-1,1,78.295525,97,Replayed,9.0
-3.0,-1.0,1,0,46.545757,97,Replayed,3.0
-1.0,0.0,-1,1,48.731976,97,Replayed,1.0
9.0,1.0,1,1,87.3938,97,Replayed,9.0
-5.0,0.0,-1,1,64.34303,97,Replayed,5.0
5.0,-1.0,1,1,76.89789,97,Replayed,5.0
9.0,1.0,1,1,87.07502,97,Replayed,9.0
1.0,-1.0,1,1,62.058304,97,Replayed,1.0
3.0,0.0,1,1,70.02692,97,Replayed,3.0
5.0,0.0,-1,0,25.412956,97,Replayed,5.0
38.0,0.0,1,1,98.804245,97,Replayed,38.0
-9.0,-1.0,-1,1,78.84975,97,Replayed,9.0
-9.0,0.0,-1,1,78.56806,97,Replayed,9.0
-1.0,1.0,-1,1,47.892776,97,Replayed,1.0
3.0,0.0,1,1,70.68931,97,Replayed,3.0
-3.0,-1.0,1,0,45.962185,97,Replayed,3.0
-38.0,0.0,-1,1,98.65945,97,Replayed,38.0
-1.0,-1.0,1,0,54.932224,97,Replayed,1.0
38.0,1.0,1,1,98.705444,97,Replayed,38.0
3.0,-1.0,1,1,69.60952,97,Replayed,3.0
-3.0,1.0,1,0,47.337524,97,Replayed,3.0
-9.0,-1.0,-1,1,78.61753,97,Replayed,9.0
-3.0,0.0,1,0,44.86643,97,Replayed,3.0
5.0,0.0,1,1,77.16203,97,Replayed,5.0
9.0,0.0,1,1,86.39108,97,Replayed,9.0
1.0,-1.0,-1,0,40.179546,97,Replayed,1.0
1.0,1.0,1,1,62.434067,97,Replayed,1.0
1.0,1.0,1,1,61.933475,97,Replayed,1.0
-3.0,-1.0,-1,1,55.937035,97,Replayed,3.0
38.0,-1.0,1,1,98.853714,97,Replayed,38.0
1.0,0.0,1,1,61.593605,97,Replayed,1.0
-3.0,1.0,-1,1,56.66671,97,Replayed,3.0
-5.0,-1.0,-1,1,63.84391,97,Replayed,5.0
-5.0,1.0,-1,1,64.38066,97,Replayed,5.0
5.0,-1.0,1,1,76.678215,97,Replayed,5.0
-3.0,-1.0,-1,1,56.994373,97,Replayed,3.0
38.0,-1.0,1,1,98.62923,97,Replayed,38.0
-9.0,-1.0,-1,1,79.26036,97,Replayed,9.0
-38.0,0.0,-1,1,98.48327,97,Replayed,38.0
-38.0,0.0,-1,1,98.58547,97,Replayed,38.0
9.0,0.0,1,1,86.77986,97,Replayed,9.0
-5.0,-1.0,-1,1,65.273674,97,Replayed,5.0
-9.0,1.0,-1,1,78.88982,97,Replayed,9.0
-1.0,1.0,1,0,55.422886,97,Replayed,1.0
-1.0,1.0,-1,1,49.659336,97,Replayed,1.0
-3.0,-1.0,-1,1,56.48592,97,Replayed,3.0
38.0,1.0,1,1,98.70563,97,Replayed,38.0
3.0,-1.0,1,1,70.52556,97,Replayed,3.0
38.0,1.0,1,1,98.605064,97,Replayed,38.0
9.0,1.0,1,1,87.13416,97,Replayed,9.0
38.0,-1.0,1,1,98.43029,97,Replayed,38.0
-9.0,-1.0,-1,1,78.22,97,Replayed,9.0
9.0,1.0,1,1,87.7483,97,Replayed,9.0
1.0,1.0,1,1,63.015144,97,Replayed,1.0
5.0,-1.0,1,1,76.43963,97,Replayed,5.0
5.0,-1.0,1,1,77.31325,97,Replayed,5.0
-9.0,1.0,-1,1,79.56709,97,Replayed,9.0
-1.0,0.0,-1,1,48.25308,97,Replayed,1.0
5.0,-1.0,-1,0,25.491795,97,Replayed,5.0
9.0,0.0,-1,0,14.582904,97,Replayed,9.0
9.0,1.0,1,1,86.64783,97,Replayed,9.0
-9.0,0.0,-1,1,79.69908,97,Replayed,9.0
9.0,-1.0,1,1,86.920715,97,Replayed,9.0
1.0,-1.0,-1,0,40.130215,97,Replayed,1.0
-38.0,-1.0,-1,1,98.810036,97,Replayed,38.0
-3.0,0.0,1,0,46.364204,97,Replayed,3.0
9.0,0.0,1,1,86.80504,97,Replayed,9.0
1.0,0.0,1,1,62.31823,97,Replayed,1.0
3.0,0.0,1,1,70.79154,97,Replayed,3.0
-5.0,1.0,-1,1,65.949936,97,Replayed,5.0
5.0,1.0,1,1,77.45929,97,Replayed,5.0
1.0,0.0,1,1,61.8429,97,Replayed,1.0
38.0,0.0,1,1,98.62954,97,Replayed,38.0
-38.0,0.0,-1,1,98.63438,97,Replayed,38.0
5.0,1.0,1,1,77.5536,97,Replayed,5.0
-1.0,0.0,1,0,53.930344,97,Replayed,1.0
38.0,1.0,1,1,98.879745,97,Replayed,38.0
1.0,1.0,1,1,63.294704,97,Replayed,1.0
-5.0,1.0,1,0,39.110004,97,Replayed,5.0
3.0,-1.0,1,1,69.94045,97,Replayed,3.0
-5.0,1.0,1,0,39.599277,97,Replayed,5.0
-38.0,0.0,-1,1,98.83543,97,Replayed,38.0
38.0,-1.0,1,1,98.55378,97,Replayed,38.0
38.0,0.0,1,1,98.72996,97,Replayed,38.0
-5.0,1.0,-1,1,65.38201,97,Replayed,5.0
3.0,1.0,1,1,70.76366,97,Replayed,3.0
-3.0,0.0,-1,1,55.54357,97,Replayed,3.0
9.0,-1.0,1,1,87.35277,97,Replayed,9.0
-3.0,1.0,-1,1,57.9733,97,Replayed,3.0
5.0,0.0,1,1,76.50271,97,Replayed,5.0
3.0,-1.0,1,1,70.701256,97,Replayed,3.0
-5.0,-1.0,1,0,38.292328,97,Replayed,5.0
-9.0,-1.0,-1,1,78.78632,97,Replayed,9.0
9.0,-1.0,1,1,86.824104,97,Replayed,9.0
3.0,1.0,1,1,69.99472,97,Replayed,3.0
1.0,-1.0,1,1,62.48171,97,Replayed,1.0
-38.0,0.0,-1,1,98.61267,97,Replayed,38.0
5.0,1.0,1,1,77.20203,97,Replayed,5.0
-1.0,0.0,1,0,55.16399,97,Replayed,1.0
-38.0,1.0,-1,1,98.33907,97,Replayed,38.0
1.0,1.0,1,1,62.577564,97,Replayed,1.0
-1.0,-1.0,-1,1,48.240402,97,Replayed,1.0
3.0,0.0,-1,0,31.46936,97,Replayed,3.0
-5.0,0.0,1,0,38.5939,97,Replayed,5.0
-5.0,0.0,-1,1,65.02131,97,Replayed,5.0
-5.0,-1.0,-1,1,64.52201,97,Replayed,5.0
3.0,0.0,1,1,70.54175,97,Replayed,3.0
5.0,0.0,1,1,77.19829,97,Replayed,5.0
9.0,1.0,1,1,87.61958,97,Replayed,9.0
9.0,-1.0,1,1,87.25144,97,Replayed,9.0
5.0,0.0,1,1,76.3711,97,Replayed,5.0
38.0,-1.0,1,1,98.35439,97,Replayed,38.0
38.0,0.0,1,1,98.57907,97,Replayed,38.0
-3.0,0.0,-1,1,55.899357,97,Replayed,3.0
3.0,1.0,1,1,69.26099,97,Replayed,3.0
-1.0,-1.0,-1,1,48.827393,97,Replayed,1.0
38.0,1.0,1,1,98.704155,97,Replayed,38.0
5.0,1.0,1,1,77.26003,97,Replayed,5.0
1.0,-1.0,1,1,63.107853,97,Replayed,1.0
38.0,1.0,1,1,98.37981,97,Replayed,38.0
-5.0,0.0,-1,1,64.69882,97,Replayed,5.0
-1.0,1.0,1,0,54.828487,97,Replayed,1.0
5.0,-1.0,-1,0,25.230747,97,Replayed,5.0
-38.0,1.0,-1,1,98.36172,97,Replayed,38.0
1.0,1.0,-1,0,40.347244,97,Replayed,1.0
-38.0,-1.0,-1,1,98.65959,97,Replayed,38.0
3.0,1.0,1,1,69.87601,97,Replayed,3.0
-3.0,1.0,1,0,46.68642,97,Replayed,3.0
-3.0,1.0,-1,1,56.818764,97,Replayed,3.0
1.0,0.0,-1,0,40.019012,97,Replayed,1.0
-5.0,-1.0,1,0,37.679005,97,Replayed,5.0
1.0,-1.0,1,1,61.915356,97,Replayed,1.0
9.0,0.0,1,1,87.16369,97,Replayed,9.0
-9.0,1.0,-1,1,78.88649,97,Replayed,9.0
-1.0,0.0,1,0,53.74154,97,Replayed,1.0
-38.0,-1.0,-1,1,98.710106,97,Replayed,38.0
-38.0,-1.0,-1,1,98.58606,97,Replayed,38.0
9.0,1.0,1,1,87.16379,97,Replayed,9.0
-3.0,-1.0,-1,1,56.876915,97,Replayed,3.0
38.0,0.0,1,1,98.95351,97,Replayed,38.0
-9.0,0.0,-1,1,79.50979,97,Replayed,9.0
-38.0,-1.0,-1,1,98.43261,97,Replayed,38.0
-38.0,1.0,-1,1,98.5354,97,Replayed,38.0
-5.0,-1.0,-1,1,65.588974,97,Replayed,5.0
-38.0,1.0,-1,1,98.63468,97,Replayed,38.0
38.0,0.0,1,1,98.8028,97,Replayed,38.0
-38.0,0.0,1,0,1.5478606,97,Replayed,38.0
9.0,1.0,-1,0,15.569788,97,Replayed,9.0
-3.0,-1.0,1,0,45.85089,97,Replayed,3.0
-5.0,0.0,1,0,38.485477,97,Replayed,5.0
1.0,0.0,1,1,62.61604,97,Replayed,1.0
-3.0,1.0,1,0,47.152172,97,Replayed,3.0
-38.0,0.0,-1,1,98.53391,97,Replayed,38.0
1.0,0.0,1,1,63.35555,97,Replayed,1.0
3.0,1.0,-1,0,31.716919,97,Replayed,3.0
9.0,-1.0,1,1,87.953224,97,Replayed,9.0
5.0,1.0,1,1,77.18767,97,Replayed,5.0
-38.0,1.0,-1,1,98.81383,97,Replayed,38.0
-3.0,0.0,-1,1,56.95055,97,Replayed,3.0
-1.0,1.0,1,0,54.189777,97,Replayed,1.0
38.0,1.0,1,1,98.38052,97,Replayed,38.0
-3.0,1.0,-1,1,58.047123,97,Replayed,3.0
-1.0,-1.0,-1,1,46.569286,97,Replayed,1.0
-1.0,1.0,-1,1,48.95883,97,Replayed,1.0
-1.0,0.0,-1,1,48.33373,97,Replayed,1.0
-3.0,0.0,1,0,46.775024,97,Replayed,3.0
38.0,-1.0,1,1,98.82852,97,Replayed,38.0
5.0,0.0,1,1,77.938576,97,Replayed,5.0
1.0,-1.0,1,1,63.117176,97,Replayed,1.0
-9.0,-1.0,-1,1,78.86509,97,Replayed,9.0
9.0,-1.0,1,1,86.53015,97,Replayed,9.0
38.0,0.0,1,1,98.57873,97,Replayed,38.0
-1.0,1.0,-1,1,48.788647,97,Replayed,1.0
3.0,1.0,-1,0,33.198902,97,Replayed,3.0
3.0,-1.0,1,1,69.75982,97,Replayed,3.0
3.0,0.0,1,1,70.073135,97,Replayed,3.0
-9.0,1.0,-1,1,77.96684,97,Replayed,9.0
-1.0,0.0,1,0,54.98488,97,Replayed,1.0
-9.0,1.0,-1,1,78.90091,97,Replayed,9.0
-1.0,-1.0,-1,1,47.553623,97,Replayed,1.0
-38.0,-1.0,-1,1,98.859406,97,Replayed,38.0
-5.0,1.0,-1,1,65.828926,97,Replayed,5.0
-5.0,-1.0,-1,1,65.21425,97,Replayed,5.0
-3.0,0.0,1,0,46.573822,97,Replayed,3.0
3.0,1.0,1,1,70.435776,97,Replayed,3.0
-1.0,0.0,1,0,55.094498,97,Replayed,1.0
5.0,-1.0,1,1,77.2602,97,Replayed,5.0
1.0,0.0,-1,0,40.439342,97,Replayed,1.0
3.0,-1.0,1,1,69.9849,97,Replayed,3.0
-3.0,0.0,-1,1,58.074413,97,Replayed,3.0
3.0,0.0,1,1,69.56461,97,Replayed,3.0
-3.0,1.0,1,0,45.891087,97,Replayed,3.0
-9.0,1.0,1,0,23.95067,97,Replayed,9.0
5.0,0.0,1,1,76.74694,97,Replayed,5.0
-1.0,-1.0,1,0,54.24562,97,Replayed,1.0
5.0,1.0,1,1,77.44049,97,Replayed,5.0
-9.0,0.0,1,0,23.948196,97,Replayed,9.0
-9.0,0.0,1,0,23.82097,97,Replayed,9.0
-5.0,0.0,-1,1,65.0666,97,Replayed,5.0
5.0,0.0,1,1,77.16536,97,Replayed,5.0
-5.0,0.0,1,0,38.40081,97,Replayed,5.0
-5.0,0.0,-1,1,63.976456,97,Replayed,5.0
1.0,-1.0,1,1,62.903786,97,Replayed,1.0
-3.0,-1.0,-1,1,72.39093,98,Replayed,3.0
9.0,-1.0,1,1,87.73154,98,Replayed,9.0
-9.0,0.0,-1,1,91.64182,98,Replayed,9.0
-1.0,0.0,-1,1,70.67335,98,Replayed,1.0
-9.0,0.0,-1,1,92.05536,98,Replayed,9.0
-3.0,0.0,-1,1,77.93459,98,Replayed,3.0
38.0,-1.0,1,1,99.967766,98,Replayed,38.0
9.0,-1.0,1,1,87.73655,98,Replayed,9.0
3.0,0.0,1,1,77.00899,98,Replayed,3.0
-5.0,-1.0,-1,1,78.78377,98,Replayed,5.0
-5.0,1.0,-1,1,88.21049,98,Replayed,5.0
38.0,-1.0,1,1,99.96559,98,Replayed,38.0
38.0,1.0,1,1,99.98899,98,Replayed,38.0
5.0,1.0,-1,0,62.04724,98,Replayed,5.0
3.0,0.0,1,1,77.26099,98,Replayed,3.0
5.0,1.0,1,1,87.13452,98,Replayed,5.0
38.0,-1.0,1,1,99.967865,98,Replayed,38.0
-3.0,1.0,-1,1,82.033134,98,Replayed,3.0
-3.0,-1.0,-1,1,72.68204,98,Replayed,3.0
-9.0,1.0,-1,1,94.679985,98,Replayed,9.0
1.0,0.0,-1,0,64.59562,98,Replayed,1.0
-9.0,1.0,-1,1,94.701836,98,Replayed,9.0
-38.0,-1.0,-1,1,99.96716,98,Replayed,38.0
-5.0,0.0,1,0,53.23515,98,Replayed,5.0
3.0,-1.0,-1,0,50.72367,98,Replayed,3.0
38.0,0.0,1,1,99.9848,98,Replayed,38.0
-3.0,-1.0,-1,1,70.879524,98,Replayed,3.0
-38.0,0.0,-1,1,99.98592,98,Replayed,38.0
-38.0,0.0,-1,1,99.98576,98,Replayed,38.0
-5.0,0.0,-1,1,83.43331,98,Replayed,5.0
-38.0,-1.0,-1,1,99.96703,98,Replayed,38.0
1.0,0.0,-1,0,63.72026,98,Replayed,1.0
-9.0,1.0,-1,1,94.41536,98,Replayed,9.0
-9.0,0.0,-1,1,92.24829,98,Replayed,9.0
-3.0,1.0,-1,1,83.27556,98,Replayed,3.0
1.0,0.0,-1,0,64.040665,98,Replayed,1.0
5.0,-1.0,1,1,77.3276,98,Replayed,5.0
1.0,1.0,-1,0,71.004074,98,Replayed,1.0
3.0,1.0,1,1,82.17947,98,Replayed,3.0
-5.0,0.0,1,0,52.77481,98,Replayed,5.0
-38.0,0.0,-1,1,99.98472,98,Replayed,38.0
-1.0,0.0,1,0,63.042503,98,Replayed,1.0
-3.0,-1.0,1,0,49.837505,98,Replayed,3.0
3.0,0.0,1,1,76.51659,98,Replayed,3.0
-5.0,1.0,-1,1,88.16298,98,Replayed,5.0
38.0,0.0,1,1,99.985214,98,Replayed,38.0
1.0,-1.0,1,1,63.222267,98,Replayed,1.0
9.0,0.0,1,1,91.548065,98,Replayed,9.0
38.0,1.0,1,1,99.98906,98,Replayed,38.0
9.0,-1.0,1,1,87.1126,98,Replayed,9.0
5.0,0.0,1,1,82.891914,98,Replayed,5.0
38.0,0.0,1,1,99.984314,98,Replayed,38.0
3.0,-1.0,1,1,70.906,98,Replayed,3.0
-38.0,1.0,-1,1,99.988785,98,Replayed,38.0
3.0,-1.0,1,1,71.12613,98,Replayed,3.0
5.0,1.0,1,1,87.36376,98,Replayed,5.0
-3.0,-1.0,-1,1,71.18319,98,Replayed,3.0
38.0,1.0,1,1,99.989105,98,Replayed,38.0
1.0,-1.0,1,1,62.74485,98,Replayed,1.0
3.0,1.0,1,1,82.01837,98,Replayed,3.0
-1.0,-1.0,1,0,57.512577,98,Replayed,1.0
5.0,0.0,1,1,84.15021,98,Replayed,5.0
38.0,0.0,1,1,99.98482,98,Replayed,38.0
38.0,-1.0,1,1,99.96794,98,Replayed,38.0
1.0,0.0,-1,0,64.95716,98,Replayed,1.0
-9.0,-1.0,-1,1,87.4128,98,Replayed,9.0
3.0,1.0,1,1,82.10065,98,Replayed,3.0
-5.0,-1.0,-1,1,78.52285,98,Replayed,5.0
-3.0,1.0,-1,1,83.06877,98,Replayed,3.0
3.0,0.0,-1,0,60.13015,98,Replayed,3.0
38.0,1.0,1,1,99.98923,98,Replayed,38.0
-9.0,0.0,-1,1,91.98458,98,Replayed,9.0
5.0,-1.0,1,1,76.70581,98,Replayed,5.0
-5.0,1.0,-1,1,88.06083,98,Replayed,5.0
38.0,1.0,1,1,99.9889,98,Replayed,38.0
-3.0,0.0,-1,1,77.86534,98,Replayed,3.0
-3.0,-1.0,-1,1,71.98103,98,Replayed,3.0
-3.0,1.0,-1,1,81.86797,98,Replayed,3.0
-1.0,1.0,-1,1,76.05519,98,Replayed,1.0
-5.0,-1.0,1,0,43.416195,98,Replayed,5.0
9.0,0.0,1,1,91.648056,98,Replayed,9.0
38.0,0.0,1,1,99.984764,98,Replayed,38.0
3.0,1.0,1,1,82.60878,98,Replayed,3.0
-9.0,1.0,-1,1,94.58004,98,Replayed,9.0
-5.0,0.0,1,0,53.541637,98,Replayed,5.0
1.0,-1.0,1,1,63.149197,98,Replayed,1.0
-9.0,1.0,-1,1,94.72107,98,Replayed,9.0
-38.0,1.0,-1,1,99.988945,98,Replayed,38.0
3.0,1.0,-1,0,67.04656,98,Replayed,3.0
3.0,-1.0,1,1,70.73787,98,Replayed,3.0
1.0,1.0,-1,0,70.21794,98,Replayed,1.0
-38.0,-1.0,-1,1,99.96955,98,Replayed,38.0
-38.0,0.0,-1,1,99.98465,98,Replayed,38.0
9.0,-1.0,1,1,87.58179,98,Replayed,9.0
1.0,0.0,1,1,69.177505,98,Replayed,1.0
-1.0,1.0,-1,1,76.38776,98,Replayed,1.0
5.0,0.0,1,1,82.77683,98,Replayed,5.0
9.0,1.0,1,1,94.64527,98,Replayed,9.0
-9.0,0.0,-1,1,92.04234,98,Replayed,9.0
3.0,-1.0,1,1,70.90039,98,Replayed,3.0
9.0,1.0,1,1,94.611855,98,Replayed,9.0
-9.0,-1.0,-1,1,87.192245,98,Replayed,9.0
5.0,-1.0,1,1,77.904884,98,Replayed,5.0
-9.0,-1.0,-1,1,87.49834,98,Replayed,9.0
-1.0,1.0,1,0,69.62617,98,Replayed,1.0
-5.0,0.0,-1,1,83.886406,98,Replayed,5.0
-38.0,0.0,-1,1,99.98557,98,Replayed,38.0
-1.0,0.0,-1,1,71.097984,98,Replayed,1.0
-3.0,-1.0,-1,1,70.59812,98,Replayed,3.0
-38.0,1.0,-1,1,99.98909,98,Replayed,38.0
3.0,-1.0,-1,0,51.626366,98,Replayed,3.0
-1.0,-1.0,-1,1,64.536125,98,Replayed,1.0
-3.0,1.0,-1,1,83.00712,98,Replayed,3.0
38.0,-1.0,1,1,99.9693,98,Replayed,38.0
5.0,1.0,1,1,87.40694,98,Replayed,5.0
5.0,1.0,1,1,87.31233,98,Replayed,5.0
-1.0,-1.0,-1,1,64.11878,98,Replayed,1.0
-9.0,0.0,-1,1,92.15732,98,Replayed,9.0
9.0,1.0,1,1,94.30542,98,Replayed,9.0
-1.0,-1.0,1,0,57.421772,98,Replayed,1.0
38.0,0.0,1,1,99.98417,98,Replayed,38.0
-38.0,1.0,-1,1,99.98926,98,Replayed,38.0
38.0,1.0,1,1,99.9889,98,Replayed,38.0
-3.0,0.0,-1,1,77.06543,98,Replayed,3.0
-9.0,-1.0,-1,1,87.406525,98,Replayed,9.0
-5.0,1.0,1,0,61.318104,98,Replayed,5.0
9.0,0.0,1,1,91.65147,98,Replayed,9.0
-5.0,0.0,-1,1,83.896675,98,Replayed,5.0
5.0,1.0,-1,0,62.19564,98,Replayed,5.0
-3.0,1.0,-1,1,83.31254,98,Replayed,3.0
1.0,-1.0,1,1,63.209873,98,Replayed,1.0
3.0,1.0,-1,0,66.824814,98,Replayed,3.0
1.0,1.0,1,1,75.24312,98,Replayed,1.0
5.0,-1.0,-1,0,43.90628,98,Replayed,5.0
-9.0,1.0,1,0,51.68708,98,Replayed,9.0
9.0,1.0,-1,0,53.3798,98,Replayed,9.0
-9.0,1.0,-1,1,94.581726,98,Replayed,9.0
-9.0,0.0,-1,1,91.72272,98,Replayed,9.0
5.0,-1.0,1,1,76.85477,98,Replayed,5.0
3.0,1.0,1,1,82.18203,98,Replayed,3.0
5.0,0.0,1,1,82.8293,98,Replayed,5.0
5.0,0.0,1,1,82.9199,98,Replayed,5.0
-3.0,1.0,-1,1,82.37617,98,Replayed,3.0
-3.0,0.0,-1,1,77.67414,98,Replayed,3.0
9.0,0.0,1,1,91.65729,98,Replayed,9.0
-1.0,1.0,-1,1,75.84888,98,Replayed,1.0
-38.0,1.0,-1,1,99.98901,98,Replayed,38.0
-9.0,-1.0,-1,1,88.33009,98,Replayed,9.0
-1.0,-1.0,-1,1,64.280846,98,Replayed,1.0
9.0,1.0,1,1,94.506355,98,Replayed,9.0
5.0,0.0,-1,0,53.903233,98,Replayed,5.0
9.0,0.0,1,1,91.73343,98,Replayed,9.0
9.0,-1.0,1,1,87.989685,98,Replayed,9.0
3.0,0.0,-1,0,60.259693,98,Replayed,3.0
-5.0,-1.0,1,0,44.588245,98,Replayed,5.0
1.0,1.0,1,1,75.45002,98,Replayed,1.0
-5.0,-1.0,1,0,44.73706,98,Replayed,5.0
3.0,1.0,1,1,82.27616,98,Replayed,3.0
9.0,0.0,1,1,91.93755,98,Replayed,9.0
-1.0,1.0,1,0,70.23919,98,Replayed,1.0
38.0,0.0,1,1,99.98492,98,Replayed,38.0
-5.0,1.0,-1,1,87.70787,98,Replayed,5.0
-38.0,1.0,-1,1,99.98914,98,Replayed,38.0
1.0,1.0,1,1,75.715706,98,Replayed,1.0
9.0,0.0,1,1,91.79247,98,Replayed,9.0
1.0,0.0,-1,0,64.970665,98,Replayed,1.0
-3.0,0.0,-1,1,77.40387,98,Replayed,3.0
-1.0,0.0,1,0,64.6643,98,Replayed,1.0
1.0,0.0,1,1,71.37454,98,Replayed,1.0
1.0,1.0,-1,0,70.757,98,Replayed,1.0
9.0,-1.0,1,1,87.49874,98,Replayed,9.0
5.0,1.0,-1,0,62.227802,98,Replayed,5.0
-1.0,1.0,-1,1,76.00117,98,Replayed,1.0
-38.0,0.0,-1,1,99.98482,98,Replayed,38.0
-5.0,1.0,1,0,62.202686,98,Replayed,5.0
-1.0,-1.0,-1,1,65.02195,98,Replayed,1.0
-5.0,0.0,-1,1,83.17,98,Replayed,5.0
9.0,1.0,1,1,94.54447,98,Replayed,9.0
5.0,0.0,-1,0,53.808056,98,Replayed,5.0
5.0,-1.0,1,1,77.337555,98,Replayed,5.0
1.0,1.0,1,1,75.17059,98,Replayed,1.0
-38.0,0.0,-1,1,99.984726,98,Replayed,38.0
-9.0,-1.0,-1,1,88.46859,98,Replayed,9.0
-1.0,-1.0,1,0,54.067833,98,Replayed,1.0
-1.0,0.0,1,0,63.459366,98,Replayed,1.0
-1.0,-1.0,-1,1,63.916927,98,Replayed,1.0
-9.0,1.0,-1,1,94.692986,98,Replayed,9.0
-38.0,1.0,-1,1,99.98905,98,Replayed,38.0
-1.0,0.0,1,0,63.492935,98,Replayed,1.0
9.0,1.0,1,1,94.476135,98,Replayed,9.0
38.0,0.0,1,1,99.98368,98,Replayed,38.0
9.0,1.0,-1,0,53.67011,98,Replayed,9.0
9.0,-1.0,1,1,87.07282,98,Replayed,9.0
-1.0,1.0,-1,1,76.71311,98,Replayed,1.0
3.0,0.0,-1,0,59.178894,98,Replayed,3.0
38.0,-1.0,1,1,99.967255,98,Replayed,38.0
-5.0,-1.0,1,0,43.773155,98,Replayed,5.0
1.0,-1.0,-1,0,57.114647,98,Replayed,1.0
-9.0,0.0,-1,1,91.89807,98,Replayed,9.0
38.0,-1.0,1,1,99.968445,98,Replayed,38.0
-38.0,0.0,-1,1,99.985306,98,Replayed,38.0
-5.0,0.0,-1,1,84.13952,98,Replayed,5.0
3.0,-1.0,1,1,71.70404,98,Replayed,3.0
-5.0,-1.0,1,0,44.049187,98,Replayed,5.0
-9.0,-1.0,-1,1,87.70105,98,Replayed,9.0
5.0,-1.0,1,1,77.487114,98,Replayed,5.0
-5.0,1.0,1,0,61.149944,98,Replayed,5.0
-1.0,0.0,-1,1,70.66753,98,Replayed,1.0
9.0,0.0,1,1,91.71364,98,Replayed,9.0
-5.0,1.0,1,0,60.510044,98,Replayed,5.0
-1.0,0.0,-1,1,70.45094,98,Replayed,1.0
-3.0,0.0,-1,1,77.4399,98,Replayed,3.0
-3.0,1.0,1,0,65.194565,98,Replayed,3.0
3.0,-1.0,-1,0,52.058292,98,Replayed,3.0
-9.0,-1.0,-1,1,87.337814,98,Replayed,9.0
1.0,1.0,1,1,75.74503,98,Replayed,1.0
1.0,-1.0,-1,0,56.611206,98,Replayed,1.0
38.0,1.0,1,1,99.98922,98,Replayed,38.0
5.0,1.0,1,1,87.63635,98,Replayed,5.0
-38.0,-1.0,-1,1,99.97313,98,Replayed,38.0
-3.0,0.0,-1,1,78.14612,98,Replayed,3.0
-3.0,-1.0,-1,1,70.93522,98,Replayed,3.0
38.0,1.0,1,1,99.98915,98,Replayed,38.0
3.0,0.0,1,1,77.12856,98,Replayed,3.0
-38.0,-1.0,-1,1,99.967804,98,Replayed,38.0
-3.0,0.0,1,0,58.590775,98,Replayed,3.0
1.0,-1.0,1,1,63.666237,98,Replayed,1.0
-38.0,1.0,-1,1,99.988754,98,Replayed,38.0
1.0,0.0,1,1,70.40084,98,Replayed,1.0
1.0,-1.0,1,1,64.031906,98,Replayed,1.0
5.0,0.0,1,1,83.400055,98,Replayed,5.0
-38.0,-1.0,-1,1,99.96941,98,Replayed,38.0
-38.0,-1.0,-1,1,99.96835,98,Replayed,38.0
5.0,-1.0,1,1,78.07087,98,Replayed,5.0
38.0,-1.0,1,1,99.96662,98,Replayed,38.0
3.0,0.0,1,1,77.258385,98,Replayed,3.0
-5.0,-1.0,-1,1,77.31366,98,Replayed,5.0
9.0,-1.0,1,1,87.59397,98,Replayed,9.0
-38.0,-1.0,-1,1,99.97115,98,Replayed,38.0
-1.0,1.0,-1,1,76.44762,98,Replayed,1.0
