stim,incentive,a,correct,conf,participant,choiceType,coh
38.0,1.0,1,1,99.98999,1,Replayed,38.0
-5.0,1.0,-1,1,74.06859,1,Replayed,5.0
-9.0,0.0,-1,1,89.029,1,Replayed,9.0
-38.0,0.0,-1,1,99.98998,1,Replayed,38.0
1.0,0.0,1,1,59.538387,1,Replayed,1.0
-1.0,-1.0,1,0,47.253605,1,Replayed,1.0
3.0,0.0,1,1,70.55104,1,Replayed,3.0
5.0,-1.0,1,1,80.23155,1,Replayed,5.0
3.0,-1.0,1,1,71.98199,1,Replayed,3.0
3.0,1.0,1,1,70.27816,1,Replayed,3.0
-1.0,1.0,1,0,47.835617,1,Replayed,1.0
3.0,-1.0,1,1,71.30474,1,Replayed,3.0
-5.0,1.0,-1,1,73.56765,1,Replayed,5.0
-1.0,-1.0,1,0,47.823925,1,Replayed,1.0
-3.0,-1.0,1,0,35.34567,1,Replayed,3.0
9.0,-1.0,1,1,92.672935,1,Replayed,9.0
1.0,-1.0,-1,0,40.216583,1,Replayed,1.0
-3.0,-1.0,-1,1,63.250416,1,Replayed,3.0
38.0,-1.0,1,1,99.99,1,Replayed,38.0
1.0,-1.0,1,1,58.64196,1,Replayed,1.0
3.0,0.0,-1,0,29.71051,1,Replayed,3.0
9.0,1.0,1,1,92.613014,1,Replayed,9.0
3.0,-1.0,1,1,70.43329,1,Replayed,3.0
-5.0,0.0,-1,1,74.11134,1,Replayed,5.0
3.0,1.0,1,1,69.232765,1,Replayed,3.0
5.0,1.0,1,1,79.98855,1,Replayed,5.0
-5.0,0.0,1,0,25.899597,1,Replayed,5.0
-5.0,-1.0,-1,1,74.54541,1,Replayed,5.0
9.0,0.0,1,1,92.21634,1,Replayed,9.0
-3.0,-1.0,-1,1,64.249535,1,Replayed,3.0
-9.0,-1.0,-1,1,89.07898,1,Replayed,9.0
1.0,-1.0,1,1,60.071735,1,Replayed,1.0
5.0,0.0,1,1,79.69988,1,Replayed,5.0
-1.0,1.0,-1,1,51.668602,1,Replayed,1.0
9.0,0.0,1,1,92.22011,1,Replayed,9.0
5.0,1.0,1,1,79.49108,1,Replayed,5.0
3.0,-1.0,1,1,69.70581,1,Replayed,3.0
-1.0,0.0,-1,1,52.250843,1,Replayed,1.0
3.0,1.0,1,1,70.74631,1,Replayed,3.0
9.0,-1.0,1,1,92.49745,1,Replayed,9.0
-5.0,0.0,-1,1,73.77345,1,Replayed,5.0
-5.0,1.0,-1,1,74.07187,1,Replayed,5.0
-5.0,0.0,-1,1,73.86891,1,Replayed,5.0
-5.0,-1.0,-1,1,73.84737,1,Replayed,5.0
9.0,0.0,1,1,92.42536,1,Replayed,9.0
-9.0,0.0,-1,1,89.41111,1,Replayed,9.0
38.0,0.0,1,1,99.99,1,Replayed,38.0
-5.0,-1.0,-1,1,73.3141,1,Replayed,5.0
-3.0,1.0,-1,1,64.11524,1,Replayed,3.0
-38.0,1.0,-1,1,99.98999,1,Replayed,38.0
5.0,1.0,1,1,79.678696,1,Replayed,5.0
38.0,0.0,1,1,99.98999,1,Replayed,38.0
-3.0,-1.0,1,0,35.837437,1,Replayed,3.0
9.0,1.0,1,1,92.257484,1,Replayed,9.0
-38.0,0.0,-1,1,99.98999,1,Replayed,38.0
-5.0,1.0,-1,1,73.84637,1,Replayed,5.0
-9.0,1.0,-1,1,89.174805,1,Replayed,9.0
3.0,1.0,1,1,70.909096,1,Replayed,3.0
-38.0,-1.0,-1,1,99.98999,1,Replayed,38.0
1.0,-1.0,-1,0,40.69278,1,Replayed,1.0
38.0,-1.0,1,1,99.99,1,Replayed,38.0
3.0,1.0,1,1,70.38998,1,Replayed,3.0
5.0,-1.0,1,1,79.939476,1,Replayed,5.0
1.0,1.0,1,1,58.844395,1,Replayed,1.0
9.0,-1.0,1,1,92.376366,1,Replayed,9.0
-1.0,-1.0,1,0,47.071484,1,Replayed,1.0
38.0,-1.0,1,1,99.98999,1,Replayed,38.0
5.0,0.0,1,1,79.58912,1,Replayed,5.0
1.0,0.0,-1,0,40.905045,1,Replayed,1.0
-38.0,1.0,-1,1,99.98997,1,Replayed,38.0
-5.0,-1.0,-1,1,73.88075,1,Replayed,5.0
-1.0,1.0,-1,1,52.63564,1,Replayed,1.0
3.0,-1.0,1,1,70.40678,1,Replayed,3.0
1.0,1.0,-1,0,40.483574,1,Replayed,1.0
-3.0,-1.0,-1,1,63.854527,1,Replayed,3.0
-1.0,1.0,-1,1,52.201862,1,Replayed,1.0
5.0,1.0,1,1,79.87067,1,Replayed,5.0
-38.0,0.0,-1,1,99.98999,1,Replayed,38.0
3.0,0.0,-1,0,30.006945,1,Replayed,3.0
-3.0,-1.0,-1,1,63.320755,1,Replayed,3.0
-38.0,-1.0,-1,1,99.98998,1,Replayed,38.0
-38.0,1.0,-1,1,99.98999,1,Replayed,38.0
-1.0,1.0,1,0,47.94745,1,Replayed,1.0
5.0,-1.0,1,1,79.93048,1,Replayed,5.0
-1.0,1.0,1,0,48.215626,1,Replayed,1.0
38.0,1.0,1,1,99.99,1,Replayed,38.0
38.0,1.0,1,1,99.99,1,Replayed,38.0
9.0,-1.0,1,1,92.517105,1,Replayed,9.0
-1.0,0.0,1,0,47.984028,1,Replayed,1.0
-38.0,0.0,-1,1,99.98999,1,Replayed,38.0
38.0,1.0,1,1,99.98999,1,Replayed,38.0
1.0,-1.0,-1,0,41.872074,1,Replayed,1.0
-3.0,0.0,-1,1,64.109245,1,Replayed,3.0
9.0,-1.0,1,1,92.50244,1,Replayed,9.0
-38.0,-1.0,-1,1,99.989975,1,Replayed,38.0
-1.0,0.0,1,0,47.11075,1,Replayed,1.0
-3.0,0.0,-1,1,63.40798,1,Replayed,3.0
9.0,1.0,1,1,92.32893,1,Replayed,9.0
-3.0,0.0,-1,1,63.52134,1,Replayed,3.0
38.0,-1.0,1,1,99.98999,1,Replayed,38.0
5.0,-1.0,1,1,79.854,1,Replayed,5.0
-5.0,1.0,-1,1,74.324974,1,Replayed,5.0
-9.0,-1.0,-1,1,88.68628,1,Replayed,9.0
-5.0,1.0,1,0,25.599728,1,Replayed,5.0
-3.0,1.0,-1,1,64.49251,1,Replayed,3.0
9.0,-1.0,1,1,92.7535,1,Replayed,9.0
-1.0,-1.0,1,0,47.915394,1,Replayed,1.0
-3.0,0.0,-1,1,64.22551,1,Replayed,3.0
38.0,-1.0,1,1,99.99,1,Replayed,38.0
3.0,1.0,1,1,70.53581,1,Replayed,3.0
9.0,1.0,1,1,92.36849,1,Replayed,9.0
-9.0,0.0,-1,1,89.377525,1,Replayed,9.0
-5.0,-1.0,-1,1,73.65581,1,Replayed,5.0
5.0,1.0,1,1,79.29844,1,Replayed,5.0
-38.0,0.0,-1,1,99.98999,1,Replayed,38.0
-9.0,-1.0,-1,1,89.242905,1,Replayed,9.0
-1.0,0.0,-1,1,52.176075,1,Replayed,1.0
3.0,1.0,1,1,70.64774,1,Replayed,3.0
-38.0,1.0,-1,1,99.98998,1,Replayed,38.0
38.0,1.0,1,1,99.98999,1,Replayed,38.0
1.0,0.0,-1,0,40.285892,1,Replayed,1.0
38.0,0.0,1,1,99.98999,1,Replayed,38.0
38.0,0.0,1,1,99.99,1,Replayed,38.0
-9.0,-1.0,-1,1,88.98749,1,Replayed,9.0
-5.0,1.0,-1,1,73.93083,1,Replayed,5.0
9.0,-1.0,1,1,92.18691,1,Replayed,9.0
-38.0,-1.0,-1,1,99.98998,1,Replayed,38.0
9.0,0.0,1,1,92.333954,1,Replayed,9.0
-3.0,1.0,-1,1,64.29379,1,Replayed,3.0
-9.0,1.0,-1,1,89.587975,1,Replayed,9.0
-5.0,-1.0,-1,1,73.880905,1,Replayed,5.0
1.0,0.0,1,1,59.18972,1,Replayed,1.0
-5.0,-1.0,-1,1,74.13172,1,Replayed,5.0
-38.0,0.0,-1,1,99.98995,1,Replayed,38.0
1.0,1.0,1,1,59.68965,1,Replayed,1.0
-5.0,0.0,-1,1,73.5838,1,Replayed,5.0
-3.0,1.0,-1,1,63.75814,1,Replayed,3.0
1.0,1.0,1,1,59.651478,1,Replayed,1.0
-9.0,1.0,-1,1,88.87997,1,Replayed,9.0
-9.0,-1.0,-1,1,89.13731,1,Replayed,9.0
5.0,0.0,1,1,79.15165,1,Replayed,5.0
-3.0,-1.0,-1,1,64.22603,1,Replayed,3.0
-5.0,0.0,-1,1,73.469734,1,Replayed,5.0
38.0,0.0,1,1,99.98999,1,Replayed,38.0
-1.0,1.0,-1,1,52.04299,1,Replayed,1.0
3.0,-1.0,1,1,70.12183,1,Replayed,3.0
3.0,0.0,1,1,70.28933,1,Replayed,3.0
-1.0,-1.0,-1,1,52.379036,1,Replayed,1.0
9.0,0.0,1,1,92.21242,1,Replayed,9.0
1.0,1.0,1,1,59.414246,1,Replayed,1.0
3.0,0.0,-1,0,29.548922,1,Replayed,3.0
38.0,0.0,1,1,99.98999,1,Replayed,38.0
-1.0,-1.0,-1,1,51.858883,1,Replayed,1.0
-38.0,1.0,-1,1,99.98999,1,Replayed,38.0
-3.0,-1.0,1,0,35.940968,1,Replayed,3.0
-3.0,1.0,-1,1,63.821198,1,Replayed,3.0
38.0,-1.0,1,1,99.98999,1,Replayed,38.0
5.0,0.0,-1,0,20.962727,1,Replayed,5.0
-5.0,1.0,-1,1,73.48258,1,Replayed,5.0
-3.0,0.0,-1,1,64.526855,1,Replayed,3.0
5.0,1.0,1,1,80.14513,1,Replayed,5.0
3.0,0.0,1,1,70.15813,1,Replayed,3.0
-5.0,0.0,-1,1,73.98746,1,Replayed,5.0
9.0,0.0,1,1,92.56217,1,Replayed,9.0
1.0,-1.0,1,1,59.679382,1,Replayed,1.0
38.0,0.0,1,1,99.98999,1,Replayed,38.0
-9.0,1.0,-1,1,89.160614,1,Replayed,9.0
9.0,0.0,1,1,92.660324,1,Replayed,9.0
9.0,-1.0,1,1,92.72868,1,Replayed,9.0
-38.0,-1.0,-1,1,99.98999,1,Replayed,38.0
5.0,-1.0,1,1,79.589066,1,Replayed,5.0
1.0,1.0,1,1,58.435745,1,Replayed,1.0
-3.0,1.0,-1,1,63.714565,1,Replayed,3.0
-9.0,0.0,-1,1,89.1793,1,Replayed,9.0
-9.0,1.0,-1,1,89.18307,1,Replayed,9.0
9.0,1.0,1,1,92.345726,1,Replayed,9.0
3.0,-1.0,1,1,70.4408,1,Replayed,3.0
5.0,0.0,1,1,79.68785,1,Replayed,5.0
-38.0,0.0,-1,1,99.98998,1,Replayed,38.0
1.0,-1.0,1,1,59.68822,1,Replayed,1.0
1.0,1.0,-1,0,40.0064,1,Replayed,1.0
-38.0,1.0,-1,1,99.98999,1,Replayed,38.0
-1.0,-1.0,1,0,47.89582,1,Replayed,1.0
9.0,1.0,1,1,92.42281,1,Replayed,9.0
5.0,0.0,1,1,79.572945,1,Replayed,5.0
38.0,0.0,1,1,99.98999,1,Replayed,38.0
-38.0,1.0,-1,1,99.98999,1,Replayed,38.0
3.0,0.0,1,1,70.041046,1,Replayed,3.0
-38.0,1.0,-1,1,99.98999,1,Replayed,38.0
5.0,-1.0,1,1,80.00422,1,Replayed,5.0
-38.0,-1.0,-1,1,99.98999,1,Replayed,38.0
-1.0,0.0,-1,1,51.7947,1,Replayed,1.0
-5.0,-1.0,-1,1,74.23729,1,Replayed,5.0
1.0,0.0,1,1,58.777798,1,Replayed,1.0
-1.0,0.0,1,0,47.096565,1,Replayed,1.0
-9.0,0.0,-1,1,89.16946,1,Replayed,9.0
-3.0,1.0,-1,1,63.379894,1,Replayed,3.0
-5.0,0.0,-1,1,74.45353,1,Replayed,5.0
5.0,0.0,1,1,79.594635,1,Replayed,5.0
9.0,1.0,1,1,92.6322,1,Replayed,9.0
-9.0,-1.0,-1,1,89.31201,1,Replayed,9.0
-1.0,0.0,-1,1,53.0257,1,Replayed,1.0
-38.0,-1.0,-1,1,99.98999,1,Replayed,38.0
-1.0,1.0,-1,1,52.74099,1,Replayed,1.0
-9.0,0.0,-1,1,89.06925,1,Replayed,9.0
-3.0,0.0,1,0,36.01438,1,Replayed,3.0
38.0,1.0,1,1,99.98999,1,Replayed,38.0
5.0,1.0,1,1,79.615135,1,Replayed,5.0
9.0,0.0,1,1,92.580055,1,Replayed,9.0
-3.0,1.0,1,0,36.09691,1,Replayed,3.0
-9.0,0.0,-1,1,89.08136,1,Replayed,9.0
-9.0,1.0,-1,1,89.22903,1,Replayed,9.0
1.0,0.0,1,1,58.580284,1,Replayed,1.0
38.0,1.0,1,1,99.98999,1,Replayed,38.0
-38.0,-1.0,-1,1,99.98998,1,Replayed,38.0
3.0,0.0,1,1,69.36646,1,Replayed,3.0
-9.0,0.0,-1,1,89.24441,1,Replayed,9.0
5.0,1.0,1,1,79.97778,1,Replayed,5.0
-3.0,0.0,1,0,36.259777,1,Replayed,3.0
-9.0,-1.0,-1,1,89.20173,1,Replayed,9.0
1.0,0.0,1,1,59.285313,1,Replayed,1.0
5.0,0.0,1,1,79.649826,1,Replayed,5.0
9.0,1.0,1,1,92.13153,1,Replayed,9.0
3.0,1.0,-1,0,29.888666,1,Replayed,3.0
5.0,-1.0,1,1,79.58858,1,Replayed,5.0
-1.0,0.0,1,0,47.64839,1,Replayed,1.0
3.0,-1.0,-1,0,28.95421,1,Replayed,3.0
-9.0,-1.0,-1,1,89.26644,1,Replayed,9.0
-9.0,1.0,-1,1,89.08879,1,Replayed,9.0
-3.0,0.0,-1,1,63.45796,1,Replayed,3.0
5.0,-1.0,1,1,79.586235,1,Replayed,5.0
-1.0,-1.0,1,0,47.60427,1,Replayed,1.0
1.0,0.0,1,1,59.73509,1,Replayed,1.0
38.0,-1.0,1,1,99.98997,1,Replayed,38.0
-9.0,1.0,-1,1,89.24112,1,Replayed,9.0
-38.0,0.0,-1,1,99.98999,1,Replayed,38.0
38.0,1.0,1,1,99.98999,1,Replayed,38.0
38.0,0.0,1,1,70.43961,2,Replayed,38.0
9.0,0.0,1,1,52.54509,2,Replayed,9.0
3.0,0.0,1,1,51.164036,2,Replayed,3.0
9.0,1.0,1,1,54.54782,2,Replayed,9.0
3.0,1.0,1,1,51.2802,2,Replayed,3.0
38.0,-1.0,1,1,67.363815,2,Replayed,38.0
5.0,-1.0,1,1,50.84712,2,Replayed,5.0
5.0,-1.0,1,1,49.565033,2,Replayed,5.0
-1.0,1.0,1,0,50.732582,2,Replayed,1.0
-3.0,-1.0,-1,1,49.91646,2,Replayed,3.0
38.0,1.0,1,1,75.55376,2,Replayed,38.0
5.0,0.0,1,1,52.527203,2,Replayed,5.0
-38.0,-1.0,-1,1,61.99839,2,Replayed,38.0
-3.0,-1.0,1,0,49.807705,2,Replayed,3.0
-38.0,0.0,-1,1,65.3909,2,Replayed,38.0
-9.0,-1.0,-1,1,47.83681,2,Replayed,9.0
9.0,-1.0,1,1,51.61009,2,Replayed,9.0
-9.0,1.0,-1,1,50.88611,2,Replayed,9.0
-9.0,-1.0,1,0,53.123497,2,Replayed,9.0
-1.0,0.0,1,0,49.489925,2,Replayed,1.0
3.0,1.0,-1,0,48.533253,2,Replayed,3.0
3.0,0.0,1,1,50.464993,2,Replayed,3.0
1.0,-1.0,1,1,49.62055,2,Replayed,1.0
3.0,1.0,1,1,53.15461,2,Replayed,3.0
-38.0,-1.0,-1,1,61.786728,2,Replayed,38.0
-9.0,0.0,-1,1,49.222443,2,Replayed,9.0
-9.0,-1.0,-1,1,48.15958,2,Replayed,9.0
9.0,0.0,1,1,52.617188,2,Replayed,9.0
-5.0,1.0,-1,1,50.54939,2,Replayed,5.0
1.0,-1.0,-1,0,49.76709,2,Replayed,1.0
-1.0,0.0,1,0,49.669094,2,Replayed,1.0
5.0,0.0,1,1,51.19308,2,Replayed,5.0
38.0,1.0,1,1,74.64425,2,Replayed,38.0
9.0,-1.0,1,1,50.952393,2,Replayed,9.0
9.0,0.0,1,1,52.020073,2,Replayed,9.0
1.0,-1.0,1,1,50.008083,2,Replayed,1.0
-3.0,0.0,1,0,49.648262,2,Replayed,3.0
-9.0,-1.0,-1,1,47.958416,2,Replayed,9.0
3.0,-1.0,1,1,48.95512,2,Replayed,3.0
-9.0,1.0,-1,1,50.79299,2,Replayed,9.0
-38.0,0.0,-1,1,65.32104,2,Replayed,38.0
-3.0,0.0,-1,1,50.357864,2,Replayed,3.0
-9.0,0.0,-1,1,49.572506,2,Replayed,9.0
3.0,0.0,1,1,52.115303,2,Replayed,3.0
9.0,0.0,1,1,53.371746,2,Replayed,9.0
-3.0,1.0,1,0,49.96,2,Replayed,3.0
-5.0,-1.0,-1,1,49.486397,2,Replayed,5.0
-5.0,1.0,1,0,49.368748,2,Replayed,5.0
9.0,-1.0,1,1,51.02788,2,Replayed,9.0
-9.0,1.0,-1,1,50.600624,2,Replayed,9.0
38.0,-1.0,1,1,67.42512,2,Replayed,38.0
-9.0,0.0,-1,1,50.31479,2,Replayed,9.0
1.0,-1.0,1,1,50.036835,2,Replayed,1.0
-9.0,0.0,-1,1,49.686443,2,Replayed,9.0
38.0,-1.0,1,1,68.18333,2,Replayed,38.0
38.0,1.0,1,1,74.98494,2,Replayed,38.0
-5.0,1.0,-1,1,50.022346,2,Replayed,5.0
9.0,-1.0,1,1,50.90047,2,Replayed,9.0
-38.0,-1.0,-1,1,61.67185,2,Replayed,38.0
-9.0,-1.0,1,0,51.51082,2,Replayed,9.0
3.0,0.0,1,1,51.784496,2,Replayed,3.0
1.0,0.0,-1,0,49.232483,2,Replayed,1.0
9.0,-1.0,1,1,51.113785,2,Replayed,9.0
-3.0,0.0,1,0,50.144268,2,Replayed,3.0
-1.0,1.0,1,0,49.889618,2,Replayed,1.0
-5.0,-1.0,1,0,49.772213,2,Replayed,5.0
-38.0,1.0,-1,1,69.33412,2,Replayed,38.0
-1.0,1.0,1,0,50.32674,2,Replayed,1.0
-9.0,0.0,-1,1,48.998497,2,Replayed,9.0
-1.0,-1.0,1,0,50.08435,2,Replayed,1.0
-3.0,1.0,-1,1,49.488228,2,Replayed,3.0
-5.0,1.0,-1,1,50.635254,2,Replayed,5.0
-1.0,-1.0,-1,1,50.153923,2,Replayed,1.0
3.0,1.0,1,1,53.33464,2,Replayed,3.0
3.0,-1.0,1,1,50.387688,2,Replayed,3.0
1.0,1.0,1,1,52.467484,2,Replayed,1.0
3.0,0.0,1,1,50.422615,2,Replayed,3.0
-1.0,0.0,1,0,49.72093,2,Replayed,1.0
-1.0,1.0,1,0,50.59753,2,Replayed,1.0
38.0,1.0,1,1,73.80498,2,Replayed,38.0
5.0,1.0,1,1,51.629086,2,Replayed,5.0
-38.0,1.0,-1,1,69.12321,2,Replayed,38.0
5.0,1.0,1,1,52.457775,2,Replayed,5.0
38.0,-1.0,1,1,67.135704,2,Replayed,38.0
9.0,1.0,1,1,54.477345,2,Replayed,9.0
-1.0,0.0,1,0,50.43213,2,Replayed,1.0
9.0,1.0,1,1,54.02544,2,Replayed,9.0
5.0,-1.0,1,1,51.91984,2,Replayed,5.0
-38.0,1.0,-1,1,69.40929,2,Replayed,38.0
5.0,-1.0,1,1,50.63356,2,Replayed,5.0
-38.0,1.0,-1,1,69.67236,2,Replayed,38.0
3.0,-1.0,1,1,49.71707,2,Replayed,3.0
38.0,1.0,1,1,74.47972,2,Replayed,38.0
9.0,0.0,1,1,51.850975,2,Replayed,9.0
5.0,0.0,1,1,51.96117,2,Replayed,5.0
-38.0,1.0,-1,1,69.48693,2,Replayed,38.0
-9.0,1.0,1,0,49.447025,2,Replayed,9.0
5.0,-1.0,1,1,50.496918,2,Replayed,5.0
9.0,1.0,1,1,55.39379,2,Replayed,9.0
9.0,0.0,1,1,52.397938,2,Replayed,9.0
38.0,0.0,1,1,71.36711,2,Replayed,38.0
-5.0,0.0,-1,1,50.209164,2,Replayed,5.0
38.0,-1.0,1,1,67.49241,2,Replayed,38.0
-38.0,-1.0,-1,1,62.2511,2,Replayed,38.0
1.0,1.0,-1,0,49.299522,2,Replayed,1.0
-5.0,0.0,-1,1,49.531574,2,Replayed,5.0
-38.0,-1.0,-1,1,62.499302,2,Replayed,38.0
1.0,0.0,-1,0,49.7625,2,Replayed,1.0
-1.0,-1.0,1,0,48.86613,2,Replayed,1.0
5.0,1.0,1,1,52.997734,2,Replayed,5.0
-5.0,0.0,-1,1,49.458202,2,Replayed,5.0
9.0,-1.0,-1,0,47.837597,2,Replayed,9.0
-38.0,-1.0,-1,1,61.748684,2,Replayed,38.0
-38.0,-1.0,-1,1,62.615955,2,Replayed,38.0
-1.0,0.0,1,0,49.769127,2,Replayed,1.0
3.0,-1.0,1,1,51.008278,2,Replayed,3.0
9.0,-1.0,1,1,50.771065,2,Replayed,9.0
-5.0,0.0,-1,1,49.857647,2,Replayed,5.0
3.0,-1.0,1,1,50.306202,2,Replayed,3.0
3.0,1.0,1,1,51.265396,2,Replayed,3.0
-3.0,0.0,1,0,49.375813,2,Replayed,3.0
-3.0,-1.0,1,0,49.859886,2,Replayed,3.0
1.0,-1.0,1,1,50.39821,2,Replayed,1.0
-5.0,1.0,1,0,49.859673,2,Replayed,5.0
-38.0,0.0,-1,1,64.888115,2,Replayed,38.0
-1.0,1.0,1,0,51.38964,2,Replayed,1.0
1.0,0.0,1,1,50.50269,2,Replayed,1.0
-38.0,-1.0,-1,1,63.417496,2,Replayed,38.0
-5.0,1.0,-1,1,50.48113,2,Replayed,5.0
5.0,1.0,1,1,52.821533,2,Replayed,5.0
-38.0,1.0,-1,1,69.309654,2,Replayed,38.0
-5.0,-1.0,-1,1,48.866566,2,Replayed,5.0
1.0,1.0,1,1,50.91094,2,Replayed,1.0
-5.0,-1.0,-1,1,49.754845,2,Replayed,5.0
-38.0,0.0,-1,1,66.84553,2,Replayed,38.0
-9.0,1.0,-1,1,51.59098,2,Replayed,9.0
5.0,0.0,1,1,52.22274,2,Replayed,5.0
1.0,1.0,1,1,51.774853,2,Replayed,1.0
38.0,-1.0,1,1,67.314514,2,Replayed,38.0
5.0,1.0,-1,0,47.62696,2,Replayed,5.0
-3.0,1.0,1,0,50.35981,2,Replayed,3.0
-38.0,0.0,-1,1,64.85039,2,Replayed,38.0
-1.0,0.0,1,0,49.764088,2,Replayed,1.0
5.0,-1.0,1,1,49.701412,2,Replayed,5.0
-38.0,0.0,-1,1,66.73838,2,Replayed,38.0
5.0,1.0,1,1,52.551376,2,Replayed,5.0
-3.0,-1.0,-1,1,50.38591,2,Replayed,3.0
9.0,1.0,1,1,54.843513,2,Replayed,9.0
-5.0,0.0,-1,1,48.67353,2,Replayed,5.0
-9.0,-1.0,-1,1,48.35644,2,Replayed,9.0
-3.0,-1.0,-1,1,50.162113,2,Replayed,3.0
-3.0,-1.0,-1,1,50.016373,2,Replayed,3.0
-9.0,0.0,-1,1,49.11527,2,Replayed,9.0
-1.0,-1.0,1,0,50.364258,2,Replayed,1.0
5.0,1.0,1,1,52.043205,2,Replayed,5.0
-3.0,1.0,1,0,49.979103,2,Replayed,3.0
-1.0,-1.0,1,0,50.269707,2,Replayed,1.0
-9.0,0.0,-1,1,49.24911,2,Replayed,9.0
1.0,1.0,1,1,52.14364,2,Replayed,1.0
-3.0,1.0,1,0,48.26007,2,Replayed,3.0
-1.0,0.0,-1,1,49.732925,2,Replayed,1.0
1.0,0.0,1,1,51.12773,2,Replayed,1.0
-9.0,-1.0,-1,1,48.161785,2,Replayed,9.0
5.0,-1.0,-1,0,50.27615,2,Replayed,5.0
-38.0,1.0,-1,1,69.89012,2,Replayed,38.0
-1.0,1.0,1,0,51.44007,2,Replayed,1.0
-1.0,-1.0,1,0,50.14714,2,Replayed,1.0
3.0,0.0,1,1,50.57153,2,Replayed,3.0
38.0,0.0,1,1,70.85349,2,Replayed,38.0
38.0,1.0,1,1,74.83437,2,Replayed,38.0
1.0,-1.0,1,1,49.471214,2,Replayed,1.0
-38.0,1.0,-1,1,69.56115,2,Replayed,38.0
3.0,-1.0,-1,0,50.07283,2,Replayed,3.0
-3.0,1.0,1,0,50.712902,2,Replayed,3.0
-9.0,1.0,1,0,49.203358,2,Replayed,9.0
1.0,0.0,-1,0,49.625427,2,Replayed,1.0
38.0,-1.0,1,1,66.68544,2,Replayed,38.0
9.0,1.0,1,1,55.00167,2,Replayed,9.0
-5.0,-1.0,1,0,51.625435,2,Replayed,5.0
-5.0,0.0,-1,1,51.10678,2,Replayed,5.0
9.0,0.0,1,1,52.683777,2,Replayed,9.0
-9.0,1.0,-1,1,51.845257,2,Replayed,9.0
-3.0,1.0,-1,1,49.19768,2,Replayed,3.0
1.0,-1.0,-1,0,49.28452,2,Replayed,1.0
3.0,-1.0,1,1,49.699287,2,Replayed,3.0
3.0,1.0,-1,0,47.66253,2,Replayed,3.0
3.0,-1.0,1,1,49.409767,2,Replayed,3.0
-1.0,1.0,1,0,50.79352,2,Replayed,1.0
-3.0,0.0,1,0,50.579136,2,Replayed,3.0
1.0,1.0,1,1,50.185753,2,Replayed,1.0
1.0,0.0,-1,0,50.135117,2,Replayed,1.0
-1.0,-1.0,-1,1,49.93085,2,Replayed,1.0
5.0,-1.0,1,1,49.543396,2,Replayed,5.0
5.0,0.0,1,1,51.532555,2,Replayed,5.0
38.0,0.0,1,1,71.310074,2,Replayed,38.0
-1.0,0.0,1,0,51.522003,2,Replayed,1.0
3.0,0.0,1,1,50.591827,2,Replayed,3.0
3.0,1.0,1,1,51.654392,2,Replayed,3.0
1.0,0.0,-1,0,49.32362,2,Replayed,1.0
1.0,1.0,1,1,51.024647,2,Replayed,1.0
5.0,0.0,1,1,50.51224,2,Replayed,5.0
-38.0,0.0,-1,1,64.110596,2,Replayed,38.0
-5.0,-1.0,-1,1,49.811005,2,Replayed,5.0
-38.0,0.0,-1,1,66.55776,2,Replayed,38.0
-3.0,1.0,1,0,49.35504,2,Replayed,3.0
-9.0,-1.0,-1,1,48.076443,2,Replayed,9.0
5.0,0.0,1,1,51.27303,2,Replayed,5.0
9.0,-1.0,1,1,50.6224,2,Replayed,9.0
-5.0,-1.0,-1,1,49.41323,2,Replayed,5.0
-1.0,-1.0,1,0,49.66674,2,Replayed,1.0
38.0,0.0,1,1,71.415726,2,Replayed,38.0
9.0,1.0,1,1,54.337482,2,Replayed,9.0
-5.0,1.0,-1,1,49.86633,2,Replayed,5.0
3.0,1.0,1,1,51.537388,2,Replayed,3.0
5.0,0.0,-1,0,48.026665,2,Replayed,5.0
38.0,0.0,1,1,71.04699,2,Replayed,38.0
9.0,0.0,1,1,52.846058,2,Replayed,9.0
3.0,0.0,1,1,51.205982,2,Replayed,3.0
-3.0,0.0,-1,1,49.600407,2,Replayed,3.0
-5.0,1.0,-1,1,50.63461,2,Replayed,5.0
-5.0,0.0,1,0,50.211906,2,Replayed,5.0
1.0,0.0,1,1,50.443928,2,Replayed,1.0
9.0,1.0,1,1,55.026318,2,Replayed,9.0
-3.0,0.0,1,0,49.576885,2,Replayed,3.0
38.0,0.0,1,1,70.3008,2,Replayed,38.0
-9.0,1.0,-1,1,49.720947,2,Replayed,9.0
38.0,-1.0,1,1,67.773926,2,Replayed,38.0
-3.0,0.0,-1,1,49.806767,2,Replayed,3.0
38.0,-1.0,1,1,88.93026,3,Replayed,38.0
9.0,-1.0,-1,0,39.97695,3,Replayed,9.0
1.0,0.0,-1,0,49.739853,3,Replayed,1.0
-9.0,-1.0,-1,1,60.875893,3,Replayed,9.0
-1.0,1.0,-1,1,51.828175,3,Replayed,1.0
9.0,1.0,1,1,60.659554,3,Replayed,9.0
1.0,1.0,1,1,50.862045,3,Replayed,1.0
38.0,1.0,1,1,89.761795,3,Replayed,38.0
-3.0,-1.0,1,0,45.560436,3,Replayed,3.0
-3.0,1.0,-1,1,53.204872,3,Replayed,3.0
9.0,1.0,1,1,61.399277,3,Replayed,9.0
-1.0,0.0,1,0,47.099316,3,Replayed,1.0
38.0,1.0,1,1,89.56964,3,Replayed,38.0
-38.0,-1.0,-1,1,89.1614,3,Replayed,38.0
-3.0,-1.0,-1,1,54.139954,3,Replayed,3.0
-5.0,1.0,-1,1,56.831116,3,Replayed,5.0
38.0,-1.0,1,1,89.074554,3,Replayed,38.0
5.0,-1.0,-1,0,44.30187,3,Replayed,5.0
3.0,1.0,-1,0,45.405087,3,Replayed,3.0
5.0,-1.0,1,1,58.04165,3,Replayed,5.0
5.0,1.0,1,1,54.966362,3,Replayed,5.0
9.0,-1.0,-1,0,40.35029,3,Replayed,9.0
38.0,-1.0,1,1,87.52985,3,Replayed,38.0
5.0,0.0,-1,0,43.789593,3,Replayed,5.0
3.0,1.0,-1,0,48.42632,3,Replayed,3.0
-9.0,-1.0,-1,1,59.69519,3,Replayed,9.0
3.0,0.0,1,1,52.577465,3,Replayed,3.0
5.0,1.0,1,1,55.90276,3,Replayed,5.0
-3.0,0.0,-1,1,54.26302,3,Replayed,3.0
-3.0,-1.0,-1,1,52.578945,3,Replayed,3.0
38.0,-1.0,1,1,88.216606,3,Replayed,38.0
-38.0,0.0,-1,1,90.24664,3,Replayed,38.0
-9.0,0.0,-1,1,61.739563,3,Replayed,9.0
1.0,0.0,1,1,51.475613,3,Replayed,1.0
-1.0,0.0,1,0,49.000122,3,Replayed,1.0
-3.0,0.0,1,0,45.49525,3,Replayed,3.0
5.0,-1.0,1,1,53.499485,3,Replayed,5.0
-5.0,1.0,1,0,43.692284,3,Replayed,5.0
38.0,-1.0,1,1,89.16402,3,Replayed,38.0
5.0,1.0,1,1,55.32754,3,Replayed,5.0
38.0,1.0,1,1,90.77199,3,Replayed,38.0
9.0,-1.0,1,1,61.55902,3,Replayed,9.0
-38.0,0.0,-1,1,89.30277,3,Replayed,38.0
-5.0,-1.0,-1,1,55.856873,3,Replayed,5.0
-5.0,-1.0,-1,1,56.67498,3,Replayed,5.0
-38.0,1.0,-1,1,90.13929,3,Replayed,38.0
5.0,0.0,-1,0,43.898937,3,Replayed,5.0
5.0,-1.0,1,1,55.02041,3,Replayed,5.0
-9.0,0.0,1,0,38.219044,3,Replayed,9.0
38.0,1.0,-1,0,10.371376,3,Replayed,38.0
3.0,1.0,-1,0,47.242683,3,Replayed,3.0
-38.0,1.0,-1,1,90.6682,3,Replayed,38.0
3.0,-1.0,1,1,53.6118,3,Replayed,3.0
3.0,0.0,1,1,53.71383,3,Replayed,3.0
9.0,0.0,-1,0,38.93183,3,Replayed,9.0
-3.0,0.0,-1,1,54.869507,3,Replayed,3.0
-1.0,1.0,-1,1,52.540928,3,Replayed,1.0
-3.0,0.0,1,0,46.607216,3,Replayed,3.0
3.0,0.0,-1,0,47.27022,3,Replayed,3.0
-3.0,-1.0,1,0,46.542458,3,Replayed,3.0
1.0,-1.0,1,1,49.738323,3,Replayed,1.0
1.0,-1.0,1,1,50.57442,3,Replayed,1.0
-38.0,-1.0,-1,1,88.9655,3,Replayed,38.0
9.0,0.0,1,1,62.897648,3,Replayed,9.0
-5.0,-1.0,-1,1,56.28305,3,Replayed,5.0
-1.0,1.0,-1,1,52.286278,3,Replayed,1.0
-38.0,-1.0,-1,1,89.07184,3,Replayed,38.0
-3.0,0.0,1,0,46.13659,3,Replayed,3.0
-1.0,1.0,-1,1,51.768948,3,Replayed,1.0
-5.0,-1.0,1,0,43.72239,3,Replayed,5.0
3.0,1.0,1,1,52.26482,3,Replayed,3.0
3.0,0.0,-1,0,47.0282,3,Replayed,3.0
-38.0,1.0,-1,1,89.97982,3,Replayed,38.0
-5.0,1.0,1,0,44.95477,3,Replayed,5.0
-38.0,-1.0,-1,1,88.69318,3,Replayed,38.0
-9.0,0.0,-1,1,61.91581,3,Replayed,9.0
38.0,0.0,1,1,89.3902,3,Replayed,38.0
3.0,-1.0,1,1,52.650173,3,Replayed,3.0
5.0,-1.0,-1,0,44.296364,3,Replayed,5.0
38.0,-1.0,1,1,89.03002,3,Replayed,38.0
1.0,-1.0,1,1,50.766384,3,Replayed,1.0
3.0,-1.0,-1,0,48.279152,3,Replayed,3.0
5.0,1.0,1,1,57.508736,3,Replayed,5.0
38.0,-1.0,1,1,88.87182,3,Replayed,38.0
-38.0,-1.0,-1,1,88.790405,3,Replayed,38.0
-5.0,0.0,1,0,43.36213,3,Replayed,5.0
5.0,0.0,1,1,56.592743,3,Replayed,5.0
1.0,0.0,1,1,50.965424,3,Replayed,1.0
38.0,1.0,1,1,88.9943,3,Replayed,38.0
5.0,0.0,-1,0,45.1966,3,Replayed,5.0
38.0,0.0,-1,0,10.999105,3,Replayed,38.0
-9.0,1.0,1,0,38.0036,3,Replayed,9.0
38.0,0.0,1,1,90.02341,3,Replayed,38.0
-1.0,1.0,1,0,48.158733,3,Replayed,1.0
-5.0,0.0,1,0,42.78575,3,Replayed,5.0
1.0,-1.0,1,1,51.141346,3,Replayed,1.0
1.0,0.0,-1,0,50.88141,3,Replayed,1.0
5.0,-1.0,1,1,54.93143,3,Replayed,5.0
9.0,1.0,1,1,61.46546,3,Replayed,9.0
1.0,1.0,1,1,51.150703,3,Replayed,1.0
9.0,-1.0,1,1,59.244614,3,Replayed,9.0
-1.0,-1.0,-1,1,51.52732,3,Replayed,1.0
-9.0,-1.0,-1,1,61.085148,3,Replayed,9.0
-5.0,1.0,1,0,43.899734,3,Replayed,5.0
-1.0,-1.0,-1,1,50.105465,3,Replayed,1.0
5.0,0.0,-1,0,44.91523,3,Replayed,5.0
38.0,1.0,1,1,89.7964,3,Replayed,38.0
9.0,1.0,1,1,63.01499,3,Replayed,9.0
-3.0,-1.0,1,0,46.964466,3,Replayed,3.0
3.0,-1.0,1,1,52.674408,3,Replayed,3.0
-3.0,0.0,-1,1,54.025112,3,Replayed,3.0
9.0,-1.0,-1,0,39.397034,3,Replayed,9.0
9.0,0.0,-1,0,39.537735,3,Replayed,9.0
-3.0,1.0,1,0,46.355175,3,Replayed,3.0
-38.0,1.0,-1,1,89.3235,3,Replayed,38.0
-9.0,-1.0,1,0,39.01157,3,Replayed,9.0
-9.0,1.0,1,0,38.9097,3,Replayed,9.0
-9.0,1.0,-1,1,59.755444,3,Replayed,9.0
1.0,1.0,-1,0,48.620777,3,Replayed,1.0
3.0,1.0,-1,0,46.66525,3,Replayed,3.0
-1.0,0.0,1,0,49.57061,3,Replayed,1.0
5.0,1.0,1,1,56.35044,3,Replayed,5.0
-5.0,0.0,1,0,44.29431,3,Replayed,5.0
9.0,-1.0,1,1,61.485313,3,Replayed,9.0
-1.0,1.0,-1,1,50.107456,3,Replayed,1.0
-38.0,0.0,-1,1,89.83884,3,Replayed,38.0
3.0,0.0,1,1,53.3297,3,Replayed,3.0
5.0,-1.0,1,1,56.328003,3,Replayed,5.0
-5.0,0.0,-1,1,55.160873,3,Replayed,5.0
-3.0,1.0,1,0,45.29842,3,Replayed,3.0
-3.0,1.0,1,0,46.490772,3,Replayed,3.0
-38.0,1.0,-1,1,91.08623,3,Replayed,38.0
1.0,0.0,1,1,50.957924,3,Replayed,1.0
-5.0,-1.0,1,0,43.33081,3,Replayed,5.0
-5.0,-1.0,-1,1,56.238686,3,Replayed,5.0
1.0,1.0,1,1,50.727264,3,Replayed,1.0
9.0,-1.0,1,1,60.712154,3,Replayed,9.0
1.0,0.0,-1,0,49.372517,3,Replayed,1.0
3.0,-1.0,-1,0,46.443142,3,Replayed,3.0
-3.0,1.0,-1,1,53.116756,3,Replayed,3.0
-38.0,0.0,-1,1,89.41576,3,Replayed,38.0
3.0,-1.0,1,1,51.980507,3,Replayed,3.0
-9.0,0.0,-1,1,62.228477,3,Replayed,9.0
-5.0,-1.0,1,0,43.346664,3,Replayed,5.0
9.0,0.0,-1,0,39.16919,3,Replayed,9.0
5.0,1.0,1,1,56.616776,3,Replayed,5.0
3.0,-1.0,1,1,53.287525,3,Replayed,3.0
-38.0,-1.0,-1,1,88.95921,3,Replayed,38.0
3.0,-1.0,-1,0,45.74525,3,Replayed,3.0
-3.0,0.0,-1,1,54.17119,3,Replayed,3.0
3.0,1.0,1,1,53.323734,3,Replayed,3.0
38.0,0.0,1,1,89.98621,3,Replayed,38.0
-3.0,1.0,-1,1,52.890038,3,Replayed,3.0
9.0,0.0,1,1,62.611305,3,Replayed,9.0
-9.0,1.0,-1,1,61.74882,3,Replayed,9.0
1.0,-1.0,1,1,51.02983,3,Replayed,1.0
1.0,-1.0,-1,0,48.94451,3,Replayed,1.0
3.0,1.0,1,1,53.471268,3,Replayed,3.0
1.0,1.0,1,1,51.523663,3,Replayed,1.0
9.0,0.0,-1,0,37.27483,3,Replayed,9.0
-9.0,-1.0,-1,1,60.582436,3,Replayed,9.0
-38.0,1.0,-1,1,89.72114,3,Replayed,38.0
-9.0,-1.0,1,0,37.777855,3,Replayed,9.0
-1.0,0.0,-1,1,51.73252,3,Replayed,1.0
5.0,1.0,1,1,55.978004,3,Replayed,5.0
-1.0,-1.0,1,0,47.16776,3,Replayed,1.0
-9.0,1.0,-1,1,61.68535,3,Replayed,9.0
-38.0,0.0,-1,1,88.40997,3,Replayed,38.0
38.0,1.0,-1,0,10.203471,3,Replayed,38.0
-1.0,0.0,1,0,49.042694,3,Replayed,1.0
38.0,0.0,1,1,88.95168,3,Replayed,38.0
38.0,1.0,1,1,91.024345,3,Replayed,38.0
-9.0,0.0,1,0,38.792603,3,Replayed,9.0
-9.0,1.0,-1,1,62.065517,3,Replayed,9.0
-38.0,0.0,-1,1,89.87703,3,Replayed,38.0
-9.0,0.0,1,0,38.46774,3,Replayed,9.0
9.0,1.0,-1,0,39.366646,3,Replayed,9.0
-1.0,0.0,-1,1,52.15929,3,Replayed,1.0
-1.0,-1.0,-1,1,51.098366,3,Replayed,1.0
-1.0,-1.0,1,0,49.612804,3,Replayed,1.0
38.0,0.0,1,1,90.54662,3,Replayed,38.0
-3.0,1.0,-1,1,52.631313,3,Replayed,3.0
-38.0,-1.0,-1,1,87.76483,3,Replayed,38.0
-3.0,-1.0,1,0,46.91956,3,Replayed,3.0
-5.0,1.0,1,0,42.642597,3,Replayed,5.0
-1.0,-1.0,1,0,47.93354,3,Replayed,1.0
1.0,1.0,1,1,51.244278,3,Replayed,1.0
38.0,-1.0,1,1,89.12984,3,Replayed,38.0
38.0,0.0,1,1,89.17889,3,Replayed,38.0
-9.0,-1.0,1,0,39.389385,3,Replayed,9.0
-5.0,0.0,1,0,44.10224,3,Replayed,5.0
1.0,1.0,1,1,50.101673,3,Replayed,1.0
-9.0,1.0,-1,1,60.083683,3,Replayed,9.0
-1.0,-1.0,1,0,48.093513,3,Replayed,1.0
-3.0,0.0,-1,1,53.555573,3,Replayed,3.0
9.0,-1.0,-1,0,38.239994,3,Replayed,9.0
3.0,1.0,-1,0,46.2455,3,Replayed,3.0
1.0,0.0,-1,0,49.18196,3,Replayed,1.0
1.0,-1.0,-1,0,48.683155,3,Replayed,1.0
-5.0,0.0,1,0,44.686977,3,Replayed,5.0
-1.0,1.0,-1,1,52.34746,3,Replayed,1.0
3.0,0.0,-1,0,45.6114,3,Replayed,3.0
-3.0,1.0,-1,1,54.711487,3,Replayed,3.0
-5.0,-1.0,1,0,43.07262,3,Replayed,5.0
5.0,-1.0,-1,0,43.58772,3,Replayed,5.0
-38.0,0.0,-1,1,90.131454,3,Replayed,38.0
-5.0,0.0,-1,1,57.5607,3,Replayed,5.0
5.0,0.0,-1,0,43.62074,3,Replayed,5.0
-1.0,0.0,1,0,49.59592,3,Replayed,1.0
1.0,0.0,-1,0,49.06384,3,Replayed,1.0
-1.0,1.0,-1,1,51.848633,3,Replayed,1.0
-3.0,-1.0,-1,1,54.80384,3,Replayed,3.0
9.0,1.0,-1,0,39.611767,3,Replayed,9.0
9.0,1.0,-1,0,39.058685,3,Replayed,9.0
9.0,0.0,-1,0,38.640495,3,Replayed,9.0
-38.0,1.0,-1,1,89.56992,3,Replayed,38.0
5.0,0.0,1,1,55.795742,3,Replayed,5.0
-5.0,1.0,1,0,42.80445,3,Replayed,5.0
5.0,1.0,1,1,55.356335,3,Replayed,5.0
-38.0,-1.0,-1,1,89.120636,3,Replayed,38.0
-3.0,-1.0,-1,1,54.39934,3,Replayed,3.0
1.0,-1.0,-1,0,48.945576,3,Replayed,1.0
1.0,1.0,1,1,51.608776,3,Replayed,1.0
-38.0,0.0,-1,1,89.85211,3,Replayed,38.0
9.0,0.0,1,1,60.043335,3,Replayed,9.0
9.0,1.0,1,1,61.06422,3,Replayed,9.0
-9.0,-1.0,-1,1,60.763966,3,Replayed,9.0
-1.0,-1.0,-1,1,51.75384,3,Replayed,1.0
5.0,0.0,1,1,55.789764,3,Replayed,5.0
-1.0,0.0,-1,1,51.334457,3,Replayed,1.0
38.0,0.0,1,1,89.79271,3,Replayed,38.0
-38.0,1.0,-1,1,89.81816,3,Replayed,38.0
3.0,0.0,-1,0,46.097775,3,Replayed,3.0
-1.0,-1.0,1,0,52.241524,4,Replayed,1.0
-9.0,0.0,-1,1,49.164665,4,Replayed,9.0
9.0,1.0,1,1,53.785877,4,Replayed,9.0
-3.0,1.0,1,0,50.341576,4,Replayed,3.0
9.0,0.0,1,1,54.114098,4,Replayed,9.0
-1.0,1.0,-1,1,48.723648,4,Replayed,1.0
38.0,-1.0,1,1,81.84446,4,Replayed,38.0
1.0,0.0,-1,0,48.312798,4,Replayed,1.0
5.0,1.0,1,1,52.221413,4,Replayed,5.0
-38.0,-1.0,-1,1,69.71604,4,Replayed,38.0
-5.0,1.0,1,0,50.02759,4,Replayed,5.0
-5.0,0.0,1,0,50.312794,4,Replayed,5.0
-1.0,1.0,1,0,50.334816,4,Replayed,1.0
1.0,1.0,1,1,51.467365,4,Replayed,1.0
-38.0,1.0,-1,1,67.518265,4,Replayed,38.0
-3.0,1.0,1,0,49.57881,4,Replayed,3.0
-1.0,1.0,-1,1,49.123085,4,Replayed,1.0
-9.0,1.0,1,0,51.704605,4,Replayed,9.0
1.0,1.0,1,1,51.79891,4,Replayed,1.0
-1.0,-1.0,1,0,50.924652,4,Replayed,1.0
-5.0,-1.0,-1,1,50.520504,4,Replayed,5.0
1.0,0.0,1,1,51.623398,4,Replayed,1.0
-9.0,0.0,1,0,51.34846,4,Replayed,9.0
5.0,0.0,1,1,51.851196,4,Replayed,5.0
-38.0,0.0,-1,1,68.20255,4,Replayed,38.0
38.0,0.0,1,1,80.27808,4,Replayed,38.0
-38.0,-1.0,-1,1,69.72023,4,Replayed,38.0
-5.0,1.0,-1,1,49.805145,4,Replayed,5.0
9.0,0.0,1,1,55.688305,4,Replayed,9.0
-38.0,1.0,-1,1,67.80132,4,Replayed,38.0
38.0,1.0,1,1,80.473145,4,Replayed,38.0
-3.0,-1.0,-1,1,50.362057,4,Replayed,3.0
-9.0,1.0,-1,1,49.181454,4,Replayed,9.0
5.0,1.0,1,1,52.207314,4,Replayed,5.0
3.0,1.0,1,1,51.829975,4,Replayed,3.0
3.0,-1.0,1,1,51.08435,4,Replayed,3.0
-1.0,-1.0,1,0,50.744904,4,Replayed,1.0
9.0,0.0,1,1,54.978836,4,Replayed,9.0
9.0,1.0,1,1,54.05277,4,Replayed,9.0
9.0,0.0,1,1,54.060143,4,Replayed,9.0
38.0,0.0,1,1,80.83541,4,Replayed,38.0
5.0,0.0,1,1,52.261646,4,Replayed,5.0
38.0,0.0,1,1,81.11307,4,Replayed,38.0
-9.0,-1.0,-1,1,49.86536,4,Replayed,9.0
-9.0,0.0,-1,1,49.74311,4,Replayed,9.0
5.0,-1.0,1,1,53.138767,4,Replayed,5.0
1.0,1.0,1,1,51.08003,4,Replayed,1.0
-38.0,-1.0,-1,1,69.13102,4,Replayed,38.0
-5.0,-1.0,1,0,50.400734,4,Replayed,5.0
-3.0,-1.0,1,0,49.865196,4,Replayed,3.0
-1.0,0.0,1,0,51.641136,4,Replayed,1.0
1.0,0.0,-1,0,48.690533,4,Replayed,1.0
9.0,1.0,1,1,55.91438,4,Replayed,9.0
3.0,-1.0,1,1,52.290375,4,Replayed,3.0
38.0,-1.0,1,1,81.12379,4,Replayed,38.0
-1.0,-1.0,-1,1,48.315784,4,Replayed,1.0
5.0,-1.0,1,1,53.04592,4,Replayed,5.0
-1.0,-1.0,1,0,50.80288,4,Replayed,1.0
1.0,0.0,1,1,51.14,4,Replayed,1.0
-38.0,-1.0,-1,1,70.24372,4,Replayed,38.0
-9.0,-1.0,-1,1,48.726078,4,Replayed,9.0
-1.0,-1.0,1,0,51.244457,4,Replayed,1.0
3.0,0.0,1,1,51.882988,4,Replayed,3.0
-1.0,-1.0,-1,1,48.903267,4,Replayed,1.0
-5.0,0.0,-1,1,50.808704,4,Replayed,5.0
-3.0,0.0,-1,1,49.105087,4,Replayed,3.0
5.0,0.0,1,1,52.75847,4,Replayed,5.0
5.0,1.0,1,1,51.626747,4,Replayed,5.0
-3.0,-1.0,1,0,49.784286,4,Replayed,3.0
-5.0,1.0,-1,1,49.755512,4,Replayed,5.0
-5.0,-1.0,1,0,50.139606,4,Replayed,5.0
5.0,0.0,1,1,51.714535,4,Replayed,5.0
38.0,0.0,1,1,80.806305,4,Replayed,38.0
9.0,-1.0,1,1,55.31704,4,Replayed,9.0
-5.0,-1.0,1,0,50.413235,4,Replayed,5.0
9.0,0.0,1,1,53.57645,4,Replayed,9.0
-9.0,1.0,-1,1,49.73286,4,Replayed,9.0
-3.0,1.0,1,0,50.401466,4,Replayed,3.0
1.0,1.0,1,1,51.27397,4,Replayed,1.0
-9.0,1.0,-1,1,47.96368,4,Replayed,9.0
38.0,-1.0,1,1,81.61131,4,Replayed,38.0
5.0,0.0,1,1,52.569626,4,Replayed,5.0
1.0,-1.0,1,1,51.374012,4,Replayed,1.0
3.0,-1.0,1,1,52.381985,4,Replayed,3.0
9.0,-1.0,-1,0,44.890034,4,Replayed,9.0
-38.0,-1.0,-1,1,70.61905,4,Replayed,38.0
5.0,1.0,1,1,52.39889,4,Replayed,5.0
38.0,0.0,1,1,80.883995,4,Replayed,38.0
-9.0,0.0,-1,1,49.07004,4,Replayed,9.0
1.0,-1.0,1,1,52.52626,4,Replayed,1.0
-9.0,-1.0,-1,1,49.926918,4,Replayed,9.0
38.0,-1.0,1,1,81.15088,4,Replayed,38.0
9.0,-1.0,1,1,55.86109,4,Replayed,9.0
38.0,1.0,1,1,80.7285,4,Replayed,38.0
1.0,-1.0,1,1,52.05219,4,Replayed,1.0
1.0,1.0,1,1,51.73323,4,Replayed,1.0
3.0,1.0,1,1,51.422344,4,Replayed,3.0
5.0,1.0,1,1,51.932762,4,Replayed,5.0
9.0,1.0,1,1,53.673943,4,Replayed,9.0
9.0,1.0,1,1,52.844093,4,Replayed,9.0
5.0,-1.0,-1,0,48.11336,4,Replayed,5.0
9.0,-1.0,1,1,54.87792,4,Replayed,9.0
-5.0,1.0,-1,1,49.572037,4,Replayed,5.0
3.0,-1.0,1,1,52.396984,4,Replayed,3.0
-9.0,0.0,1,0,51.004745,4,Replayed,9.0
-3.0,1.0,1,0,49.113262,4,Replayed,3.0
9.0,0.0,-1,0,45.791695,4,Replayed,9.0
-5.0,0.0,1,0,51.22295,4,Replayed,5.0
9.0,-1.0,1,1,54.62135,4,Replayed,9.0
1.0,0.0,1,1,51.08966,4,Replayed,1.0
1.0,1.0,1,1,51.167233,4,Replayed,1.0
-9.0,1.0,-1,1,49.259193,4,Replayed,9.0
1.0,-1.0,1,1,52.07622,4,Replayed,1.0
1.0,0.0,1,1,51.88474,4,Replayed,1.0
3.0,-1.0,1,1,52.50591,4,Replayed,3.0
9.0,-1.0,1,1,55.126236,4,Replayed,9.0
38.0,-1.0,1,1,80.94795,4,Replayed,38.0
-5.0,0.0,1,0,50.041245,4,Replayed,5.0
5.0,1.0,1,1,52.576244,4,Replayed,5.0
-5.0,-1.0,1,0,49.439774,4,Replayed,5.0
-9.0,-1.0,1,0,49.927303,4,Replayed,9.0
38.0,-1.0,1,1,81.359795,4,Replayed,38.0
-1.0,0.0,1,0,51.793896,4,Replayed,1.0
-3.0,-1.0,-1,1,50.020756,4,Replayed,3.0
-38.0,1.0,-1,1,67.82498,4,Replayed,38.0
-3.0,-1.0,-1,1,48.956852,4,Replayed,3.0
-3.0,-1.0,1,0,50.560738,4,Replayed,3.0
5.0,1.0,1,1,51.736935,4,Replayed,5.0
-5.0,1.0,-1,1,50.221527,4,Replayed,5.0
-38.0,1.0,-1,1,67.21069,4,Replayed,38.0
9.0,1.0,1,1,54.29088,4,Replayed,9.0
-3.0,-1.0,-1,1,50.031727,4,Replayed,3.0
-3.0,0.0,-1,1,50.059223,4,Replayed,3.0
-3.0,-1.0,-1,1,50.283062,4,Replayed,3.0
-38.0,-1.0,-1,1,69.98047,4,Replayed,38.0
3.0,0.0,1,1,52.925735,4,Replayed,3.0
-38.0,0.0,1,0,29.994663,4,Replayed,38.0
9.0,0.0,1,1,54.80873,4,Replayed,9.0
5.0,0.0,1,1,53.13391,4,Replayed,5.0
-38.0,0.0,-1,1,69.68185,4,Replayed,38.0
38.0,-1.0,1,1,82.57214,4,Replayed,38.0
9.0,-1.0,1,1,55.24188,4,Replayed,9.0
3.0,1.0,1,1,52.090366,4,Replayed,3.0
-5.0,1.0,-1,1,50.284557,4,Replayed,5.0
38.0,0.0,1,1,81.588936,4,Replayed,38.0
-38.0,0.0,-1,1,68.7537,4,Replayed,38.0
-38.0,1.0,-1,1,67.961784,4,Replayed,38.0
-9.0,-1.0,-1,1,49.2344,4,Replayed,9.0
-9.0,0.0,1,0,50.59596,4,Replayed,9.0
-38.0,1.0,-1,1,68.35863,4,Replayed,38.0
38.0,1.0,1,1,80.00294,4,Replayed,38.0
5.0,-1.0,1,1,53.02781,4,Replayed,5.0
-38.0,0.0,-1,1,68.57751,4,Replayed,38.0
-3.0,1.0,1,0,49.919846,4,Replayed,3.0
-3.0,1.0,1,0,49.93521,4,Replayed,3.0
-1.0,1.0,-1,1,49.75492,4,Replayed,1.0
-9.0,-1.0,-1,1,49.019897,4,Replayed,9.0
-38.0,0.0,-1,1,68.576164,4,Replayed,38.0
38.0,1.0,1,1,80.4356,4,Replayed,38.0
5.0,-1.0,-1,0,47.561554,4,Replayed,5.0
-9.0,0.0,-1,1,48.759285,4,Replayed,9.0
-1.0,-1.0,1,0,50.828182,4,Replayed,1.0
38.0,1.0,1,1,80.22272,4,Replayed,38.0
-3.0,0.0,1,0,50.296646,4,Replayed,3.0
9.0,-1.0,1,1,55.380756,4,Replayed,9.0
-9.0,1.0,1,0,50.56814,4,Replayed,9.0
5.0,0.0,-1,0,47.790302,4,Replayed,5.0
38.0,1.0,1,1,79.782326,4,Replayed,38.0
-1.0,1.0,1,0,50.968204,4,Replayed,1.0
-1.0,0.0,1,0,50.667614,4,Replayed,1.0
-3.0,0.0,1,0,50.1809,4,Replayed,3.0
-5.0,1.0,1,0,49.779064,4,Replayed,5.0
5.0,-1.0,-1,0,45.965454,4,Replayed,5.0
-5.0,0.0,1,0,50.27439,4,Replayed,5.0
3.0,0.0,1,1,52.11226,4,Replayed,3.0
-38.0,0.0,-1,1,68.42688,4,Replayed,38.0
9.0,1.0,1,1,54.36443,4,Replayed,9.0
-3.0,0.0,1,0,50.790333,4,Replayed,3.0
1.0,-1.0,1,1,51.3735,4,Replayed,1.0
-38.0,0.0,-1,1,69.435,4,Replayed,38.0
1.0,0.0,1,1,51.478912,4,Replayed,1.0
-1.0,1.0,-1,1,49.24963,4,Replayed,1.0
1.0,0.0,-1,0,48.575176,4,Replayed,1.0
9.0,1.0,1,1,53.9137,4,Replayed,9.0
3.0,0.0,-1,0,47.627483,4,Replayed,3.0
-38.0,-1.0,-1,1,69.92848,4,Replayed,38.0
3.0,0.0,1,1,52.5442,4,Replayed,3.0
3.0,1.0,-1,0,48.421867,4,Replayed,3.0
-3.0,1.0,1,0,49.89896,4,Replayed,3.0
-9.0,-1.0,-1,1,49.45463,4,Replayed,9.0
-5.0,0.0,1,0,49.562126,4,Replayed,5.0
-3.0,0.0,1,0,51.079792,4,Replayed,3.0
-1.0,0.0,1,0,50.402554,4,Replayed,1.0
3.0,0.0,1,1,51.768852,4,Replayed,3.0
-5.0,-1.0,-1,1,50.24145,4,Replayed,5.0
-1.0,1.0,1,0,51.145958,4,Replayed,1.0
-38.0,1.0,-1,1,69.195496,4,Replayed,38.0
-5.0,0.0,1,0,50.802296,4,Replayed,5.0
3.0,0.0,-1,0,48.023476,4,Replayed,3.0
-5.0,-1.0,-1,1,50.57953,4,Replayed,5.0
5.0,-1.0,1,1,53.049488,4,Replayed,5.0
-1.0,0.0,1,0,50.458233,4,Replayed,1.0
3.0,-1.0,1,1,52.335506,4,Replayed,3.0
-9.0,0.0,-1,1,49.48892,4,Replayed,9.0
3.0,-1.0,-1,0,47.945805,4,Replayed,3.0
-5.0,-1.0,1,0,44.58653,5,Replayed,5.0
-1.0,0.0,1,0,53.85049,5,Replayed,1.0
5.0,-1.0,-1,0,29.853302,5,Replayed,5.0
38.0,-1.0,1,1,97.43281,5,Replayed,38.0
3.0,1.0,1,1,64.63316,5,Replayed,3.0
-9.0,0.0,-1,1,67.39387,5,Replayed,9.0
1.0,0.0,1,1,60.154175,5,Replayed,1.0
1.0,-1.0,1,1,60.574192,5,Replayed,1.0
38.0,0.0,1,1,97.50902,5,Replayed,38.0
-5.0,-1.0,-1,1,56.817944,5,Replayed,5.0
-9.0,-1.0,-1,1,66.853134,5,Replayed,9.0
3.0,0.0,1,1,63.605858,5,Replayed,3.0
-1.0,0.0,1,0,55.466652,5,Replayed,1.0
-38.0,1.0,-1,1,96.7615,5,Replayed,38.0
5.0,0.0,-1,0,30.432446,5,Replayed,5.0
9.0,1.0,1,1,78.69651,5,Replayed,9.0
-5.0,1.0,-1,1,54.200493,5,Replayed,5.0
1.0,1.0,1,1,60.39947,5,Replayed,1.0
1.0,-1.0,1,1,59.27906,5,Replayed,1.0
5.0,-1.0,1,1,70.56834,5,Replayed,5.0
5.0,-1.0,1,1,70.16794,5,Replayed,5.0
-5.0,-1.0,1,0,43.909863,5,Replayed,5.0
9.0,1.0,1,1,78.20369,5,Replayed,9.0
-38.0,-1.0,-1,1,96.77219,5,Replayed,38.0
3.0,1.0,-1,0,34.888454,5,Replayed,3.0
-3.0,0.0,-1,1,49.27375,5,Replayed,3.0
-1.0,0.0,1,0,55.621277,5,Replayed,1.0
-1.0,0.0,1,0,53.9495,5,Replayed,1.0
3.0,0.0,1,1,65.91929,5,Replayed,3.0
38.0,0.0,1,1,97.497086,5,Replayed,38.0
-3.0,0.0,1,0,50.483257,5,Replayed,3.0
3.0,1.0,1,1,65.551216,5,Replayed,3.0
-5.0,1.0,-1,1,56.124317,5,Replayed,5.0
3.0,1.0,1,1,66.264145,5,Replayed,3.0
-1.0,0.0,1,0,54.56481,5,Replayed,1.0
-3.0,0.0,-1,1,50.126205,5,Replayed,3.0
9.0,-1.0,1,1,78.00682,5,Replayed,9.0
1.0,-1.0,1,1,59.789433,5,Replayed,1.0
-9.0,1.0,-1,1,68.31423,5,Replayed,9.0
9.0,1.0,1,1,77.363625,5,Replayed,9.0
38.0,1.0,1,1,97.73387,5,Replayed,38.0
-3.0,1.0,-1,1,50.226784,5,Replayed,3.0
-5.0,1.0,-1,1,55.427925,5,Replayed,5.0
5.0,1.0,1,1,69.35345,5,Replayed,5.0
-9.0,1.0,-1,1,67.071304,5,Replayed,9.0
9.0,0.0,1,1,77.438095,5,Replayed,9.0
38.0,0.0,1,1,97.63065,5,Replayed,38.0
-38.0,-1.0,-1,1,96.6959,5,Replayed,38.0
-5.0,0.0,-1,1,55.605614,5,Replayed,5.0
5.0,1.0,1,1,70.52735,5,Replayed,5.0
5.0,-1.0,1,1,69.35543,5,Replayed,5.0
3.0,-1.0,1,1,64.459755,5,Replayed,3.0
38.0,-1.0,1,1,97.43722,5,Replayed,38.0
-5.0,1.0,-1,1,55.472034,5,Replayed,5.0
38.0,1.0,1,1,97.792404,5,Replayed,38.0
-1.0,-1.0,-1,1,44.837986,5,Replayed,1.0
-3.0,1.0,-1,1,48.916847,5,Replayed,3.0
38.0,-1.0,1,1,97.550735,5,Replayed,38.0
1.0,-1.0,1,1,59.828323,5,Replayed,1.0
-38.0,0.0,-1,1,96.89256,5,Replayed,38.0
-5.0,1.0,1,0,43.793697,5,Replayed,5.0
-9.0,-1.0,-1,1,68.18924,5,Replayed,9.0
-1.0,-1.0,1,0,54.010338,5,Replayed,1.0
1.0,0.0,1,1,60.461323,5,Replayed,1.0
-5.0,1.0,-1,1,56.117554,5,Replayed,5.0
38.0,-1.0,1,1,97.58719,5,Replayed,38.0
9.0,0.0,-1,0,21.725868,5,Replayed,9.0
-1.0,1.0,1,0,54.24823,5,Replayed,1.0
-3.0,1.0,-1,1,49.268993,5,Replayed,3.0
3.0,-1.0,1,1,64.73303,5,Replayed,3.0
3.0,0.0,1,1,65.72761,5,Replayed,3.0
-38.0,0.0,-1,1,96.84231,5,Replayed,38.0
-9.0,0.0,-1,1,66.873344,5,Replayed,9.0
3.0,1.0,1,1,64.12512,5,Replayed,3.0
1.0,1.0,1,1,59.7815,5,Replayed,1.0
-3.0,-1.0,-1,1,49.648674,5,Replayed,3.0
-38.0,-1.0,-1,1,96.834335,5,Replayed,38.0
1.0,0.0,1,1,58.2869,5,Replayed,1.0
3.0,1.0,1,1,66.87502,5,Replayed,3.0
-3.0,-1.0,1,0,50.7978,5,Replayed,3.0
38.0,1.0,1,1,97.71604,5,Replayed,38.0
5.0,1.0,-1,0,29.81953,5,Replayed,5.0
-1.0,1.0,-1,1,44.460438,5,Replayed,1.0
9.0,1.0,1,1,77.69625,5,Replayed,9.0
-38.0,-1.0,-1,1,96.7537,5,Replayed,38.0
1.0,-1.0,1,1,59.46859,5,Replayed,1.0
-9.0,-1.0,1,0,33.94148,5,Replayed,9.0
38.0,0.0,1,1,97.72467,5,Replayed,38.0
9.0,0.0,1,1,78.17844,5,Replayed,9.0
-1.0,1.0,1,0,56.189697,5,Replayed,1.0
-38.0,1.0,-1,1,96.590164,5,Replayed,38.0
1.0,1.0,1,1,59.300346,5,Replayed,1.0
-38.0,1.0,-1,1,96.828995,5,Replayed,38.0
-9.0,1.0,-1,1,67.453,5,Replayed,9.0
-1.0,-1.0,1,0,54.563766,5,Replayed,1.0
-9.0,0.0,1,0,32.04237,5,Replayed,9.0
-9.0,1.0,1,0,32.685898,5,Replayed,9.0
1.0,-1.0,1,1,60.148926,5,Replayed,1.0
5.0,-1.0,1,1,69.637924,5,Replayed,5.0
3.0,-1.0,1,1,64.452156,5,Replayed,3.0
1.0,1.0,1,1,59.888786,5,Replayed,1.0
1.0,0.0,1,1,61.01892,5,Replayed,1.0
-3.0,-1.0,1,0,48.827724,5,Replayed,3.0
9.0,-1.0,1,1,78.71926,5,Replayed,9.0
-5.0,0.0,-1,1,55.631126,5,Replayed,5.0
3.0,0.0,1,1,64.80041,5,Replayed,3.0
38.0,0.0,1,1,97.64166,5,Replayed,38.0
-3.0,-1.0,1,0,51.01792,5,Replayed,3.0
1.0,-1.0,-1,0,39.93956,5,Replayed,1.0
3.0,-1.0,-1,0,34.490227,5,Replayed,3.0
-5.0,0.0,-1,1,56.560905,5,Replayed,5.0
-1.0,1.0,1,0,55.046867,5,Replayed,1.0
5.0,1.0,1,1,69.82338,5,Replayed,5.0
38.0,-1.0,1,1,97.58591,5,Replayed,38.0
1.0,0.0,1,1,60.32681,5,Replayed,1.0
-9.0,0.0,-1,1,67.32953,5,Replayed,9.0
38.0,-1.0,1,1,97.679085,5,Replayed,38.0
5.0,0.0,1,1,69.97339,5,Replayed,5.0
1.0,0.0,1,1,59.134083,5,Replayed,1.0
5.0,1.0,1,1,69.441925,5,Replayed,5.0
3.0,1.0,1,1,64.71821,5,Replayed,3.0
-5.0,0.0,1,0,44.03574,5,Replayed,5.0
-1.0,-1.0,1,0,54.18063,5,Replayed,1.0
-5.0,-1.0,-1,1,54.819656,5,Replayed,5.0
3.0,-1.0,1,1,64.254074,5,Replayed,3.0
-38.0,-1.0,-1,1,96.78329,5,Replayed,38.0
-1.0,-1.0,1,0,54.54998,5,Replayed,1.0
5.0,0.0,1,1,68.874275,5,Replayed,5.0
3.0,-1.0,1,1,66.14716,5,Replayed,3.0
-5.0,1.0,1,0,45.4643,5,Replayed,5.0
-1.0,1.0,-1,1,46.4211,5,Replayed,1.0
-5.0,0.0,1,0,44.313057,5,Replayed,5.0
-38.0,1.0,-1,1,96.969185,5,Replayed,38.0
-9.0,1.0,-1,1,67.44074,5,Replayed,9.0
-1.0,0.0,1,0,55.16976,5,Replayed,1.0
3.0,0.0,-1,0,35.68502,5,Replayed,3.0
-3.0,0.0,-1,1,49.626537,5,Replayed,3.0
-38.0,-1.0,-1,1,96.788994,5,Replayed,38.0
38.0,-1.0,1,1,97.56624,5,Replayed,38.0
-3.0,0.0,-1,1,49.777172,5,Replayed,3.0
-1.0,1.0,1,0,54.496872,5,Replayed,1.0
1.0,1.0,1,1,60.199905,5,Replayed,1.0
1.0,-1.0,1,1,58.92949,5,Replayed,1.0
-38.0,-1.0,-1,1,96.852425,5,Replayed,38.0
-5.0,1.0,1,0,43.6796,5,Replayed,5.0
9.0,0.0,1,1,77.32296,5,Replayed,9.0
-3.0,0.0,1,0,49.168983,5,Replayed,3.0
-3.0,0.0,1,0,49.286556,5,Replayed,3.0
-38.0,1.0,-1,1,96.98736,5,Replayed,38.0
-38.0,0.0,-1,1,96.76507,5,Replayed,38.0
9.0,-1.0,1,1,77.93404,5,Replayed,9.0
-38.0,1.0,-1,1,96.87834,5,Replayed,38.0
-38.0,0.0,-1,1,96.9196,5,Replayed,38.0
-5.0,-1.0,1,0,43.940296,5,Replayed,5.0
-5.0,-1.0,-1,1,55.93693,5,Replayed,5.0
-3.0,0.0,1,0,50.05934,5,Replayed,3.0
1.0,1.0,1,1,59.57885,5,Replayed,1.0
-5.0,0.0,1,0,44.208157,5,Replayed,5.0
-3.0,1.0,1,0,49.970043,5,Replayed,3.0
5.0,0.0,-1,0,31.123627,5,Replayed,5.0
9.0,1.0,1,1,78.480865,5,Replayed,9.0
-1.0,0.0,-1,1,44.147636,5,Replayed,1.0
38.0,0.0,1,1,97.56247,5,Replayed,38.0
-38.0,0.0,-1,1,96.82355,5,Replayed,38.0
5.0,1.0,1,1,70.08423,5,Replayed,5.0
1.0,1.0,1,1,59.7892,5,Replayed,1.0
-3.0,-1.0,-1,1,50.583607,5,Replayed,3.0
-3.0,1.0,-1,1,49.06715,5,Replayed,3.0
-5.0,-1.0,-1,1,55.480934,5,Replayed,5.0
-3.0,1.0,1,0,50.57265,5,Replayed,3.0
-5.0,-1.0,1,0,44.94228,5,Replayed,5.0
9.0,0.0,1,1,77.78353,5,Replayed,9.0
3.0,-1.0,1,1,66.61579,5,Replayed,3.0
-38.0,0.0,-1,1,97.08652,5,Replayed,38.0
9.0,-1.0,1,1,77.351746,5,Replayed,9.0
38.0,1.0,1,1,97.56539,5,Replayed,38.0
-9.0,-1.0,-1,1,66.84518,5,Replayed,9.0
-3.0,-1.0,-1,1,50.09469,5,Replayed,3.0
-1.0,-1.0,-1,1,44.86273,5,Replayed,1.0
3.0,0.0,1,1,65.266,5,Replayed,3.0
9.0,-1.0,1,1,77.93785,5,Replayed,9.0
-9.0,-1.0,-1,1,66.49253,5,Replayed,9.0
-3.0,1.0,-1,1,49.232647,5,Replayed,3.0
38.0,1.0,1,1,97.55678,5,Replayed,38.0
9.0,0.0,1,1,78.42558,5,Replayed,9.0
3.0,0.0,1,1,64.85604,5,Replayed,3.0
-9.0,-1.0,-1,1,66.58113,5,Replayed,9.0
5.0,0.0,1,1,71.00887,5,Replayed,5.0
5.0,0.0,1,1,70.0591,5,Replayed,5.0
9.0,0.0,-1,0,22.367815,5,Replayed,9.0
5.0,0.0,1,1,69.92704,5,Replayed,5.0
-38.0,-1.0,-1,1,96.726265,5,Replayed,38.0
9.0,0.0,1,1,77.41586,5,Replayed,9.0
-38.0,0.0,-1,1,96.81399,5,Replayed,38.0
3.0,1.0,1,1,65.253624,5,Replayed,3.0
38.0,-1.0,1,1,97.56987,5,Replayed,38.0
38.0,1.0,1,1,97.417946,5,Replayed,38.0
-1.0,-1.0,1,0,55.379517,5,Replayed,1.0
5.0,0.0,1,1,69.80119,5,Replayed,5.0
-1.0,1.0,1,0,55.84541,5,Replayed,1.0
-1.0,-1.0,-1,1,44.576008,5,Replayed,1.0
38.0,0.0,1,1,97.67391,5,Replayed,38.0
-9.0,1.0,-1,1,66.45831,5,Replayed,9.0
38.0,1.0,1,1,97.58141,5,Replayed,38.0
9.0,-1.0,1,1,77.76111,5,Replayed,9.0
5.0,1.0,1,1,69.766304,5,Replayed,5.0
-1.0,1.0,-1,1,45.98588,5,Replayed,1.0
-3.0,1.0,-1,1,49.477432,5,Replayed,3.0
5.0,-1.0,1,1,70.39514,5,Replayed,5.0
-9.0,-1.0,1,0,32.489502,5,Replayed,9.0
-9.0,1.0,-1,1,66.4656,5,Replayed,9.0
9.0,1.0,1,1,78.1373,5,Replayed,9.0
-9.0,1.0,-1,1,67.30576,5,Replayed,9.0
-38.0,1.0,-1,1,96.86667,5,Replayed,38.0
-5.0,0.0,1,0,44.269012,5,Replayed,5.0
9.0,1.0,1,1,77.093,5,Replayed,9.0
-38.0,0.0,-1,1,96.91018,5,Replayed,38.0
5.0,1.0,1,1,70.77742,5,Replayed,5.0
1.0,0.0,-1,0,40.53468,5,Replayed,1.0
-9.0,0.0,-1,1,67.70658,5,Replayed,9.0
5.0,-1.0,1,1,69.44946,5,Replayed,5.0
-5.0,0.0,-1,1,53.41157,5,Replayed,5.0
5.0,-1.0,-1,0,29.990858,5,Replayed,5.0
-9.0,-1.0,-1,1,67.72101,5,Replayed,9.0
-3.0,-1.0,1,0,49.55577,5,Replayed,3.0
9.0,-1.0,1,1,78.092285,5,Replayed,9.0
1.0,0.0,-1,0,40.93816,5,Replayed,1.0
3.0,-1.0,1,1,63.848026,5,Replayed,3.0
-1.0,0.0,1,0,55.577927,5,Replayed,1.0
-9.0,0.0,-1,1,67.491,5,Replayed,9.0
-9.0,0.0,-1,1,66.71012,5,Replayed,9.0
38.0,0.0,1,1,97.548965,5,Replayed,38.0
9.0,1.0,1,1,78.53123,5,Replayed,9.0
-3.0,-1.0,-1,1,49.775745,5,Replayed,3.0
3.0,0.0,1,1,65.55446,5,Replayed,3.0
-9.0,0.0,-1,1,67.60235,5,Replayed,9.0
38.0,1.0,1,1,97.80325,5,Replayed,38.0
-38.0,1.0,-1,1,96.7933,5,Replayed,38.0
3.0,0.0,1,1,57.908314,6,Replayed,3.0
38.0,0.0,1,1,93.675606,6,Replayed,38.0
-5.0,1.0,-1,1,60.06296,6,Replayed,5.0
-1.0,1.0,1,0,50.459457,6,Replayed,1.0
5.0,0.0,1,1,62.53645,6,Replayed,5.0
5.0,-1.0,1,1,60.580887,6,Replayed,5.0
-9.0,0.0,1,0,34.061703,6,Replayed,9.0
9.0,1.0,1,1,71.70365,6,Replayed,9.0
-9.0,-1.0,-1,1,64.34151,6,Replayed,9.0
-38.0,0.0,1,0,6.7947173,6,Replayed,38.0
-9.0,1.0,-1,1,67.399635,6,Replayed,9.0
9.0,-1.0,1,1,67.17042,6,Replayed,9.0
-9.0,0.0,-1,1,66.73305,6,Replayed,9.0
-3.0,1.0,1,0,46.51334,6,Replayed,3.0
-3.0,-1.0,1,0,47.41452,6,Replayed,3.0
1.0,0.0,1,1,54.548973,6,Replayed,1.0
-38.0,1.0,-1,1,94.48938,6,Replayed,38.0
-5.0,0.0,-1,1,58.92231,6,Replayed,5.0
-38.0,0.0,-1,1,93.29496,6,Replayed,38.0
-5.0,0.0,-1,1,58.76152,6,Replayed,5.0
-9.0,0.0,-1,1,67.22109,6,Replayed,9.0
-3.0,-1.0,1,0,45.907455,6,Replayed,3.0
-5.0,0.0,-1,1,58.681725,6,Replayed,5.0
-3.0,-1.0,1,0,46.443954,6,Replayed,3.0
-5.0,1.0,-1,1,60.04629,6,Replayed,5.0
3.0,1.0,-1,0,41.089622,6,Replayed,3.0
38.0,-1.0,1,1,91.874626,6,Replayed,38.0
38.0,-1.0,1,1,91.46084,6,Replayed,38.0
1.0,-1.0,1,1,53.97481,6,Replayed,1.0
-1.0,0.0,-1,1,50.07413,6,Replayed,1.0
-1.0,0.0,-1,1,49.83451,6,Replayed,1.0
9.0,-1.0,1,1,66.05474,6,Replayed,9.0
1.0,0.0,-1,0,45.885803,6,Replayed,1.0
9.0,-1.0,1,1,65.873856,6,Replayed,9.0
9.0,-1.0,1,1,66.80373,6,Replayed,9.0
3.0,-1.0,-1,0,43.174866,6,Replayed,3.0
-9.0,1.0,1,0,30.39423,6,Replayed,9.0
3.0,1.0,-1,0,41.36913,6,Replayed,3.0
-5.0,-1.0,-1,1,57.326477,6,Replayed,5.0
-3.0,1.0,1,0,45.135628,6,Replayed,3.0
5.0,-1.0,-1,0,39.111183,6,Replayed,5.0
-38.0,-1.0,-1,1,91.19351,6,Replayed,38.0
5.0,1.0,1,1,63.24306,6,Replayed,5.0
5.0,-1.0,1,1,60.50767,6,Replayed,5.0
-1.0,-1.0,-1,1,49.22761,6,Replayed,1.0
1.0,-1.0,-1,0,46.075294,6,Replayed,1.0
1.0,1.0,1,1,54.386646,6,Replayed,1.0
-9.0,0.0,-1,1,66.85383,6,Replayed,9.0
-5.0,-1.0,-1,1,56.83837,6,Replayed,5.0
1.0,1.0,1,1,54.030453,6,Replayed,1.0
3.0,0.0,1,1,57.94545,6,Replayed,3.0
-1.0,1.0,-1,1,49.812283,6,Replayed,1.0
3.0,1.0,1,1,59.199013,6,Replayed,3.0
-1.0,0.0,1,0,50.487656,6,Replayed,1.0
9.0,0.0,1,1,69.33743,6,Replayed,9.0
-9.0,-1.0,-1,1,64.472565,6,Replayed,9.0
-1.0,-1.0,1,0,50.46674,6,Replayed,1.0
-9.0,-1.0,-1,1,63.695072,6,Replayed,9.0
38.0,1.0,1,1,95.00456,6,Replayed,38.0
9.0,1.0,1,1,70.69582,6,Replayed,9.0
3.0,-1.0,1,1,56.897747,6,Replayed,3.0
38.0,-1.0,1,1,91.764465,6,Replayed,38.0
-9.0,-1.0,-1,1,64.49614,6,Replayed,9.0
-9.0,0.0,-1,1,67.29388,6,Replayed,9.0
-3.0,-1.0,-1,1,54.045338,6,Replayed,3.0
-38.0,1.0,-1,1,94.28144,6,Replayed,38.0
-3.0,1.0,-1,1,53.864914,6,Replayed,3.0
9.0,1.0,1,1,71.18247,6,Replayed,9.0
9.0,-1.0,1,1,65.57751,6,Replayed,9.0
-9.0,-1.0,-1,1,64.73543,6,Replayed,9.0
5.0,0.0,1,1,62.49253,6,Replayed,5.0
3.0,1.0,1,1,59.660034,6,Replayed,3.0
1.0,-1.0,-1,0,46.456833,6,Replayed,1.0
9.0,1.0,1,1,70.88309,6,Replayed,9.0
9.0,1.0,1,1,70.71142,6,Replayed,9.0
3.0,-1.0,1,1,57.12145,6,Replayed,3.0
-1.0,1.0,1,0,48.926514,6,Replayed,1.0
3.0,-1.0,1,1,56.052063,6,Replayed,3.0
-5.0,-1.0,-1,1,57.524727,6,Replayed,5.0
-9.0,-1.0,-1,1,63.736427,6,Replayed,9.0
-1.0,-1.0,-1,1,50.36053,6,Replayed,1.0
9.0,-1.0,1,1,66.71727,6,Replayed,9.0
38.0,1.0,1,1,95.12253,6,Replayed,38.0
-5.0,-1.0,-1,1,57.52086,6,Replayed,5.0
-1.0,0.0,1,0,50.780033,6,Replayed,1.0
9.0,0.0,1,1,69.296036,6,Replayed,9.0
5.0,0.0,1,1,61.779057,6,Replayed,5.0
5.0,-1.0,1,1,60.860104,6,Replayed,5.0
1.0,-1.0,-1,0,46.59547,6,Replayed,1.0
-3.0,1.0,-1,1,55.847477,6,Replayed,3.0
-1.0,-1.0,-1,1,50.803352,6,Replayed,1.0
1.0,0.0,1,1,54.034245,6,Replayed,1.0
-9.0,1.0,-1,1,68.3468,6,Replayed,9.0
-38.0,-1.0,-1,1,91.566124,6,Replayed,38.0
1.0,1.0,-1,0,46.76228,6,Replayed,1.0
-9.0,-1.0,-1,1,64.60523,6,Replayed,9.0
-38.0,1.0,-1,1,94.19766,6,Replayed,38.0
1.0,1.0,-1,0,45.406364,6,Replayed,1.0
-3.0,1.0,1,0,44.697296,6,Replayed,3.0
3.0,1.0,-1,0,41.42074,6,Replayed,3.0
38.0,1.0,1,1,95.31204,6,Replayed,38.0
9.0,-1.0,1,1,67.221985,6,Replayed,9.0
1.0,-1.0,1,1,52.979248,6,Replayed,1.0
9.0,1.0,1,1,69.83473,6,Replayed,9.0
-38.0,0.0,-1,1,93.1141,6,Replayed,38.0
5.0,1.0,1,1,63.643246,6,Replayed,5.0
-38.0,-1.0,-1,1,90.89218,6,Replayed,38.0
5.0,1.0,1,1,63.91256,6,Replayed,5.0
5.0,0.0,1,1,61.95291,6,Replayed,5.0
1.0,0.0,1,1,54.23563,6,Replayed,1.0
-38.0,0.0,-1,1,93.43293,6,Replayed,38.0
3.0,1.0,1,1,59.294353,6,Replayed,3.0
-38.0,1.0,-1,1,94.64323,6,Replayed,38.0
3.0,0.0,-1,0,41.27757,6,Replayed,3.0
3.0,0.0,-1,0,42.316826,6,Replayed,3.0
-38.0,-1.0,-1,1,90.67508,6,Replayed,38.0
-1.0,-1.0,1,0,49.604713,6,Replayed,1.0
38.0,1.0,1,1,95.08405,6,Replayed,38.0
-38.0,0.0,-1,1,93.17431,6,Replayed,38.0
-3.0,0.0,-1,1,54.564465,6,Replayed,3.0
-3.0,1.0,1,0,46.24082,6,Replayed,3.0
5.0,1.0,1,1,64.9023,6,Replayed,5.0
38.0,-1.0,1,1,91.60226,6,Replayed,38.0
-38.0,0.0,-1,1,92.94988,6,Replayed,38.0
1.0,-1.0,1,1,54.264885,6,Replayed,1.0
1.0,-1.0,1,1,52.777428,6,Replayed,1.0
-5.0,0.0,-1,1,58.42689,6,Replayed,5.0
-38.0,-1.0,-1,1,90.889885,6,Replayed,38.0
-1.0,-1.0,-1,1,50.11479,6,Replayed,1.0
-3.0,0.0,1,0,45.45341,6,Replayed,3.0
5.0,-1.0,1,1,60.454323,6,Replayed,5.0
-9.0,0.0,-1,1,66.33112,6,Replayed,9.0
-9.0,1.0,-1,1,69.04923,6,Replayed,9.0
38.0,0.0,1,1,93.65484,6,Replayed,38.0
-3.0,-1.0,-1,1,53.75688,6,Replayed,3.0
1.0,0.0,-1,0,45.521374,6,Replayed,1.0
-5.0,1.0,-1,1,59.71469,6,Replayed,5.0
3.0,-1.0,1,1,56.664795,6,Replayed,3.0
1.0,1.0,1,1,53.56673,6,Replayed,1.0
3.0,0.0,1,1,58.597546,6,Replayed,3.0
5.0,0.0,1,1,62.512535,6,Replayed,5.0
-5.0,0.0,1,0,41.738556,6,Replayed,5.0
-1.0,1.0,-1,1,50.16449,6,Replayed,1.0
9.0,0.0,1,1,70.12718,6,Replayed,9.0
-5.0,-1.0,1,0,43.07922,6,Replayed,5.0
38.0,1.0,1,1,94.89227,6,Replayed,38.0
-1.0,-1.0,1,0,50.65649,6,Replayed,1.0
5.0,1.0,-1,0,36.243515,6,Replayed,5.0
38.0,0.0,1,1,93.98125,6,Replayed,38.0
-3.0,-1.0,-1,1,52.41174,6,Replayed,3.0
9.0,0.0,1,1,69.85222,6,Replayed,9.0
9.0,1.0,1,1,71.61463,6,Replayed,9.0
3.0,0.0,1,1,57.521164,6,Replayed,3.0
-1.0,0.0,-1,1,48.63202,6,Replayed,1.0
38.0,1.0,1,1,95.051994,6,Replayed,38.0
9.0,-1.0,1,1,66.71718,6,Replayed,9.0
9.0,0.0,1,1,69.09983,6,Replayed,9.0
-1.0,0.0,1,0,49.770077,6,Replayed,1.0
-1.0,0.0,1,0,49.927048,6,Replayed,1.0
5.0,1.0,1,1,63.912346,6,Replayed,5.0
38.0,-1.0,1,1,91.95809,6,Replayed,38.0
-3.0,0.0,1,0,45.8791,6,Replayed,3.0
38.0,-1.0,1,1,92.0069,6,Replayed,38.0
-38.0,0.0,-1,1,92.91481,6,Replayed,38.0
-38.0,1.0,-1,1,94.68318,6,Replayed,38.0
-5.0,1.0,-1,1,59.446377,6,Replayed,5.0
-1.0,1.0,-1,1,49.985016,6,Replayed,1.0
5.0,-1.0,-1,0,39.68921,6,Replayed,5.0
3.0,0.0,1,1,58.136265,6,Replayed,3.0
38.0,0.0,1,1,93.53803,6,Replayed,38.0
9.0,0.0,1,1,68.71077,6,Replayed,9.0
-1.0,-1.0,1,0,49.824364,6,Replayed,1.0
5.0,1.0,1,1,64.54541,6,Replayed,5.0
-9.0,1.0,-1,1,68.060616,6,Replayed,9.0
-38.0,-1.0,-1,1,91.18817,6,Replayed,38.0
-5.0,-1.0,-1,1,57.95737,6,Replayed,5.0
1.0,1.0,1,1,54.09559,6,Replayed,1.0
5.0,0.0,1,1,62.101196,6,Replayed,5.0
3.0,-1.0,1,1,56.530643,6,Replayed,3.0
38.0,0.0,1,1,93.65062,6,Replayed,38.0
-3.0,0.0,1,0,45.733776,6,Replayed,3.0
1.0,1.0,-1,0,45.604412,6,Replayed,1.0
-9.0,1.0,-1,1,68.76633,6,Replayed,9.0
-1.0,1.0,-1,1,51.107018,6,Replayed,1.0
38.0,0.0,1,1,93.84598,6,Replayed,38.0
5.0,0.0,1,1,62.075623,6,Replayed,5.0
-38.0,-1.0,-1,1,90.95402,6,Replayed,38.0
-3.0,-1.0,1,0,45.068707,6,Replayed,3.0
-5.0,0.0,-1,1,57.94201,6,Replayed,5.0
-9.0,0.0,-1,1,65.18768,6,Replayed,9.0
-38.0,1.0,-1,1,94.86034,6,Replayed,38.0
-5.0,-1.0,-1,1,57.001816,6,Replayed,5.0
38.0,0.0,1,1,93.608,6,Replayed,38.0
-3.0,1.0,-1,1,54.971607,6,Replayed,3.0
-1.0,0.0,1,0,50.352806,6,Replayed,1.0
-38.0,0.0,-1,1,92.90948,6,Replayed,38.0
5.0,-1.0,1,1,60.284637,6,Replayed,5.0
3.0,1.0,1,1,59.136288,6,Replayed,3.0
-9.0,1.0,-1,1,68.401245,6,Replayed,9.0
3.0,0.0,1,1,57.94312,6,Replayed,3.0
38.0,1.0,1,1,94.76884,6,Replayed,38.0
9.0,1.0,1,1,71.876236,6,Replayed,9.0
-5.0,0.0,-1,1,59.16024,6,Replayed,5.0
9.0,0.0,1,1,68.90822,6,Replayed,9.0
-3.0,0.0,-1,1,53.74494,6,Replayed,3.0
-9.0,1.0,-1,1,68.876854,6,Replayed,9.0
1.0,1.0,1,1,55.21451,6,Replayed,1.0
1.0,-1.0,-1,0,47.696,6,Replayed,1.0
-3.0,0.0,1,0,45.60756,6,Replayed,3.0
-5.0,1.0,-1,1,60.650307,6,Replayed,5.0
-5.0,-1.0,1,0,42.431828,6,Replayed,5.0
-5.0,1.0,-1,1,58.974915,6,Replayed,5.0
38.0,-1.0,1,1,91.523964,6,Replayed,38.0
1.0,0.0,1,1,54.436905,6,Replayed,1.0
-5.0,1.0,-1,1,60.89359,6,Replayed,5.0
-9.0,-1.0,-1,1,63.47206,6,Replayed,9.0
1.0,0.0,-1,0,46.039646,6,Replayed,1.0
9.0,0.0,1,1,68.119446,6,Replayed,9.0
3.0,-1.0,1,1,56.804478,6,Replayed,3.0
-5.0,0.0,1,0,41.186646,6,Replayed,5.0
-1.0,1.0,-1,1,49.99204,6,Replayed,1.0
3.0,-1.0,-1,0,42.732483,6,Replayed,3.0
1.0,0.0,-1,0,45.81742,6,Replayed,1.0
38.0,1.0,1,1,95.27021,6,Replayed,38.0
-3.0,0.0,-1,1,54.403336,6,Replayed,3.0
-38.0,1.0,-1,1,94.16132,6,Replayed,38.0
5.0,0.0,1,1,61.96816,6,Replayed,5.0
-38.0,1.0,-1,1,94.21988,6,Replayed,38.0
38.0,-1.0,1,1,92.43044,6,Replayed,38.0
-3.0,1.0,-1,1,55.030663,6,Replayed,3.0
-38.0,-1.0,-1,1,91.220406,6,Replayed,38.0
38.0,0.0,1,1,93.93426,6,Replayed,38.0
-1.0,1.0,1,0,50.371,6,Replayed,1.0
-3.0,0.0,1,0,43.902855,6,Replayed,3.0
5.0,-1.0,1,1,61.13388,6,Replayed,5.0
5.0,1.0,1,1,63.501007,6,Replayed,5.0
-5.0,1.0,-1,1,59.96345,6,Replayed,5.0
-3.0,-1.0,-1,1,53.87445,6,Replayed,3.0
-9.0,0.0,-1,1,66.34302,6,Replayed,9.0
-5.0,-1.0,-1,1,76.29563,7,Replayed,5.0
1.0,-1.0,-1,0,37.9552,7,Replayed,1.0
3.0,0.0,1,1,74.78391,7,Replayed,3.0
-9.0,1.0,-1,1,93.95119,7,Replayed,9.0
-3.0,0.0,-1,1,64.23065,7,Replayed,3.0
-38.0,-1.0,-1,1,99.99,7,Replayed,38.0
-38.0,0.0,-1,1,99.99,7,Replayed,38.0
-3.0,-1.0,-1,1,63.860935,7,Replayed,3.0
3.0,-1.0,1,1,76.51821,7,Replayed,3.0
-5.0,0.0,-1,1,77.02692,7,Replayed,5.0
1.0,0.0,1,1,65.43539,7,Replayed,1.0
-9.0,-1.0,1,0,6.9743514,7,Replayed,9.0
5.0,1.0,1,1,85.09906,7,Replayed,5.0
-9.0,0.0,-1,1,92.1525,7,Replayed,9.0
38.0,-1.0,1,1,99.99,7,Replayed,38.0
3.0,-1.0,1,1,76.150826,7,Replayed,3.0
5.0,1.0,1,1,85.643234,7,Replayed,5.0
-1.0,1.0,-1,1,50.793846,7,Replayed,1.0
3.0,-1.0,-1,0,26.298449,7,Replayed,3.0
5.0,0.0,1,1,85.603195,7,Replayed,5.0
3.0,1.0,1,1,76.43736,7,Replayed,3.0
-9.0,1.0,-1,1,93.25045,7,Replayed,9.0
-1.0,-1.0,-1,1,51.11417,7,Replayed,1.0
38.0,-1.0,1,1,99.99,7,Replayed,38.0
-5.0,1.0,-1,1,77.57929,7,Replayed,5.0
-1.0,1.0,1,0,49.588905,7,Replayed,1.0
-3.0,1.0,-1,1,64.18468,7,Replayed,3.0
38.0,1.0,1,1,99.99,7,Replayed,38.0
-9.0,-1.0,-1,1,94.401596,7,Replayed,9.0
5.0,-1.0,1,1,85.502785,7,Replayed,5.0
1.0,1.0,1,1,63.37822,7,Replayed,1.0
-9.0,-1.0,-1,1,93.906166,7,Replayed,9.0
-1.0,1.0,-1,1,49.618237,7,Replayed,1.0
9.0,0.0,1,1,97.060684,7,Replayed,9.0
9.0,-1.0,1,1,96.76199,7,Replayed,9.0
5.0,-1.0,1,1,85.61899,7,Replayed,5.0
-5.0,1.0,-1,1,76.31153,7,Replayed,5.0
1.0,1.0,1,1,61.396706,7,Replayed,1.0
9.0,0.0,1,1,96.65906,7,Replayed,9.0
5.0,-1.0,-1,0,13.747295,7,Replayed,5.0
38.0,0.0,1,1,99.99,7,Replayed,38.0
-1.0,1.0,-1,1,49.283154,7,Replayed,1.0
-38.0,-1.0,-1,1,99.99,7,Replayed,38.0
3.0,1.0,1,1,76.1353,7,Replayed,3.0
1.0,0.0,1,1,63.985435,7,Replayed,1.0
38.0,1.0,1,1,99.99,7,Replayed,38.0
9.0,-1.0,1,1,95.55498,7,Replayed,9.0
-5.0,1.0,1,0,23.226294,7,Replayed,5.0
-3.0,0.0,-1,1,63.018906,7,Replayed,3.0
-1.0,0.0,-1,1,51.982594,7,Replayed,1.0
1.0,0.0,1,1,63.56058,7,Replayed,1.0
-3.0,0.0,1,0,36.86802,7,Replayed,3.0
-3.0,0.0,-1,1,62.404686,7,Replayed,3.0
-3.0,1.0,1,0,35.59881,7,Replayed,3.0
-3.0,0.0,1,0,34.888985,7,Replayed,3.0
3.0,1.0,-1,0,24.607117,7,Replayed,3.0
3.0,-1.0,1,1,74.65879,7,Replayed,3.0
-5.0,0.0,-1,1,77.76316,7,Replayed,5.0
-38.0,1.0,-1,1,99.99,7,Replayed,38.0
38.0,0.0,1,1,99.99,7,Replayed,38.0
5.0,0.0,1,1,85.663086,7,Replayed,5.0
-38.0,-1.0,-1,1,99.99,7,Replayed,38.0
-5.0,1.0,1,0,24.689064,7,Replayed,5.0
5.0,1.0,1,1,84.90182,7,Replayed,5.0
-9.0,1.0,-1,1,92.31232,7,Replayed,9.0
-5.0,0.0,-1,1,77.951355,7,Replayed,5.0
-9.0,0.0,-1,1,92.23038,7,Replayed,9.0
-5.0,0.0,-1,1,77.09898,7,Replayed,5.0
-38.0,-1.0,-1,1,99.99,7,Replayed,38.0
5.0,-1.0,-1,0,13.446421,7,Replayed,5.0
5.0,0.0,1,1,85.806046,7,Replayed,5.0
-1.0,-1.0,1,0,50.63982,7,Replayed,1.0
-1.0,1.0,1,0,47.985153,7,Replayed,1.0
-1.0,0.0,1,0,48.37199,7,Replayed,1.0
38.0,1.0,1,1,99.99,7,Replayed,38.0
5.0,0.0,-1,0,14.469629,7,Replayed,5.0
-9.0,0.0,-1,1,92.9619,7,Replayed,9.0
5.0,1.0,1,1,85.05411,7,Replayed,5.0
3.0,-1.0,1,1,76.17733,7,Replayed,3.0
9.0,-1.0,1,1,96.31561,7,Replayed,9.0
-38.0,1.0,-1,1,99.99,7,Replayed,38.0
3.0,0.0,1,1,75.24835,7,Replayed,3.0
-9.0,-1.0,-1,1,92.45197,7,Replayed,9.0
5.0,0.0,1,1,85.87976,7,Replayed,5.0
9.0,1.0,1,1,96.250725,7,Replayed,9.0
-1.0,-1.0,-1,1,48.819035,7,Replayed,1.0
5.0,1.0,1,1,84.41496,7,Replayed,5.0
-9.0,-1.0,-1,1,92.2611,7,Replayed,9.0
-1.0,1.0,-1,1,51.674496,7,Replayed,1.0
9.0,-1.0,1,1,97.213974,7,Replayed,9.0
9.0,0.0,1,1,95.96008,7,Replayed,9.0
-1.0,0.0,1,0,49.428894,7,Replayed,1.0
3.0,-1.0,1,1,73.97405,7,Replayed,3.0
-9.0,-1.0,-1,1,93.6841,7,Replayed,9.0
-5.0,0.0,1,0,24.13176,7,Replayed,5.0
-9.0,0.0,-1,1,92.89742,7,Replayed,9.0
-38.0,-1.0,-1,1,99.99,7,Replayed,38.0
9.0,1.0,1,1,95.708275,7,Replayed,9.0
-38.0,0.0,-1,1,99.99,7,Replayed,38.0
-3.0,0.0,-1,1,64.5896,7,Replayed,3.0
38.0,-1.0,1,1,99.99,7,Replayed,38.0
-1.0,-1.0,1,0,48.261307,7,Replayed,1.0
3.0,-1.0,-1,0,23.925491,7,Replayed,3.0
-5.0,-1.0,1,0,22.470194,7,Replayed,5.0
5.0,-1.0,1,1,84.45,7,Replayed,5.0
3.0,1.0,1,1,73.68565,7,Replayed,3.0
-38.0,1.0,-1,1,99.99,7,Replayed,38.0
-3.0,-1.0,-1,1,66.36954,7,Replayed,3.0
5.0,-1.0,1,1,85.200325,7,Replayed,5.0
1.0,-1.0,1,1,64.59772,7,Replayed,1.0
-9.0,1.0,-1,1,92.95157,7,Replayed,9.0
38.0,1.0,1,1,99.99,7,Replayed,38.0
-1.0,1.0,-1,1,49.59549,7,Replayed,1.0
9.0,-1.0,-1,0,2.667049,7,Replayed,9.0
38.0,0.0,1,1,99.99,7,Replayed,38.0
-9.0,1.0,-1,1,92.69623,7,Replayed,9.0
1.0,1.0,1,1,62.074326,7,Replayed,1.0
-38.0,1.0,-1,1,99.99,7,Replayed,38.0
3.0,0.0,1,1,75.55928,7,Replayed,3.0
38.0,1.0,1,1,99.99,7,Replayed,38.0
-3.0,-1.0,-1,1,65.88322,7,Replayed,3.0
-1.0,0.0,-1,1,50.4895,7,Replayed,1.0
-9.0,1.0,-1,1,93.75004,7,Replayed,9.0
-1.0,0.0,-1,1,51.218044,7,Replayed,1.0
1.0,1.0,1,1,61.449867,7,Replayed,1.0
9.0,0.0,1,1,96.67936,7,Replayed,9.0
5.0,0.0,1,1,84.71574,7,Replayed,5.0
38.0,-1.0,1,1,99.99,7,Replayed,38.0
-5.0,-1.0,1,0,22.72334,7,Replayed,5.0
-38.0,0.0,-1,1,99.99,7,Replayed,38.0
-38.0,-1.0,-1,1,99.99,7,Replayed,38.0
3.0,0.0,1,1,76.635765,7,Replayed,3.0
9.0,-1.0,1,1,96.462975,7,Replayed,9.0
-38.0,0.0,-1,1,99.99,7,Replayed,38.0
-9.0,-1.0,-1,1,91.45239,7,Replayed,9.0
1.0,-1.0,1,1,63.607956,7,Replayed,1.0
9.0,1.0,1,1,95.97389,7,Replayed,9.0
-38.0,0.0,-1,1,99.99,7,Replayed,38.0
9.0,1.0,1,1,96.86262,7,Replayed,9.0
-38.0,1.0,-1,1,99.99,7,Replayed,38.0
3.0,0.0,1,1,75.316795,7,Replayed,3.0
38.0,1.0,1,1,99.99,7,Replayed,38.0
38.0,-1.0,1,1,99.99,7,Replayed,38.0
38.0,0.0,1,1,99.99,7,Replayed,38.0
9.0,1.0,1,1,95.87373,7,Replayed,9.0
-3.0,-1.0,1,0,36.88465,7,Replayed,3.0
-3.0,-1.0,-1,1,66.62894,7,Replayed,3.0
-1.0,0.0,-1,1,52.320587,7,Replayed,1.0
1.0,1.0,1,1,63.381653,7,Replayed,1.0
-3.0,1.0,1,0,35.62165,7,Replayed,3.0
-38.0,0.0,-1,1,99.99,7,Replayed,38.0
-3.0,1.0,-1,1,62.513966,7,Replayed,3.0
-3.0,1.0,-1,1,63.462875,7,Replayed,3.0
1.0,-1.0,-1,0,35.89658,7,Replayed,1.0
38.0,0.0,1,1,99.99,7,Replayed,38.0
-9.0,0.0,-1,1,92.41016,7,Replayed,9.0
3.0,1.0,1,1,77.034065,7,Replayed,3.0
-3.0,0.0,-1,1,64.14377,7,Replayed,3.0
5.0,1.0,-1,0,14.947203,7,Replayed,5.0
38.0,0.0,1,1,99.99,7,Replayed,38.0
1.0,1.0,1,1,64.344696,7,Replayed,1.0
5.0,-1.0,1,1,86.287155,7,Replayed,5.0
5.0,-1.0,1,1,85.85882,7,Replayed,5.0
9.0,0.0,1,1,96.46123,7,Replayed,9.0
-3.0,0.0,1,0,33.71389,7,Replayed,3.0
-1.0,0.0,-1,1,50.709503,7,Replayed,1.0
-1.0,-1.0,-1,1,48.47442,7,Replayed,1.0
-5.0,0.0,-1,1,76.999115,7,Replayed,5.0
5.0,1.0,1,1,85.088425,7,Replayed,5.0
-1.0,-1.0,1,0,50.341915,7,Replayed,1.0
-1.0,-1.0,1,0,50.156307,7,Replayed,1.0
-38.0,1.0,-1,1,99.99,7,Replayed,38.0
3.0,0.0,-1,0,23.324518,7,Replayed,3.0
-1.0,1.0,-1,1,50.183723,7,Replayed,1.0
3.0,1.0,1,1,75.33091,7,Replayed,3.0
-38.0,0.0,-1,1,99.99,7,Replayed,38.0
1.0,-1.0,1,1,62.306168,7,Replayed,1.0
-9.0,0.0,-1,1,91.29122,7,Replayed,9.0
38.0,-1.0,1,1,99.99,7,Replayed,38.0
-9.0,0.0,-1,1,93.10661,7,Replayed,9.0
-38.0,-1.0,-1,1,99.99,7,Replayed,38.0
9.0,1.0,1,1,95.91887,7,Replayed,9.0
-5.0,-1.0,-1,1,75.22533,7,Replayed,5.0
3.0,0.0,-1,0,25.01786,7,Replayed,3.0
-3.0,-1.0,1,0,35.43447,7,Replayed,3.0
-1.0,-1.0,1,0,48.369354,7,Replayed,1.0
38.0,1.0,1,1,99.99,7,Replayed,38.0
3.0,1.0,1,1,74.951515,7,Replayed,3.0
1.0,1.0,-1,0,37.023834,7,Replayed,1.0
9.0,-1.0,1,1,96.06393,7,Replayed,9.0
3.0,-1.0,1,1,75.56985,7,Replayed,3.0
-5.0,0.0,1,0,22.586042,7,Replayed,5.0
9.0,1.0,1,1,97.1649,7,Replayed,9.0
1.0,0.0,-1,0,35.99973,7,Replayed,1.0
38.0,0.0,1,1,99.99,7,Replayed,38.0
5.0,0.0,1,1,85.79968,7,Replayed,5.0
9.0,0.0,1,1,96.25966,7,Replayed,9.0
-38.0,1.0,-1,1,99.99,7,Replayed,38.0
-9.0,0.0,-1,1,93.31702,7,Replayed,9.0
-3.0,1.0,1,0,35.683483,7,Replayed,3.0
-5.0,-1.0,-1,1,76.13297,7,Replayed,5.0
-38.0,-1.0,-1,1,99.99,7,Replayed,38.0
1.0,-1.0,1,1,64.24355,7,Replayed,1.0
1.0,0.0,1,1,65.10498,7,Replayed,1.0
-3.0,1.0,-1,1,65.89504,7,Replayed,3.0
38.0,1.0,1,1,99.99,7,Replayed,38.0
3.0,0.0,1,1,74.208374,7,Replayed,3.0
1.0,0.0,1,1,63.062584,7,Replayed,1.0
-5.0,1.0,-1,1,76.571236,7,Replayed,5.0
-5.0,-1.0,-1,1,76.19448,7,Replayed,5.0
1.0,-1.0,1,1,63.433628,7,Replayed,1.0
1.0,0.0,1,1,63.742638,7,Replayed,1.0
3.0,1.0,-1,0,24.271143,7,Replayed,3.0
-5.0,-1.0,-1,1,78.2793,7,Replayed,5.0
38.0,-1.0,1,1,99.99,7,Replayed,38.0
-5.0,1.0,-1,1,76.99044,7,Replayed,5.0
-9.0,1.0,-1,1,92.54803,7,Replayed,9.0
38.0,-1.0,1,1,99.99,7,Replayed,38.0
5.0,1.0,-1,0,15.783042,7,Replayed,5.0
1.0,0.0,1,1,62.79031,7,Replayed,1.0
38.0,0.0,1,1,99.99,7,Replayed,38.0
1.0,1.0,1,1,65.72085,7,Replayed,1.0
-3.0,1.0,-1,1,65.341225,7,Replayed,3.0
-38.0,0.0,-1,1,99.99,7,Replayed,38.0
-3.0,-1.0,1,0,34.460518,7,Replayed,3.0
-5.0,0.0,-1,1,75.906395,7,Replayed,5.0
-3.0,-1.0,-1,1,63.49476,7,Replayed,3.0
-5.0,-1.0,-1,1,77.50088,7,Replayed,5.0
1.0,-1.0,1,1,63.25403,7,Replayed,1.0
9.0,1.0,1,1,96.47025,7,Replayed,9.0
9.0,-1.0,1,1,96.66255,7,Replayed,9.0
-1.0,0.0,1,0,48.505135,7,Replayed,1.0
-9.0,-1.0,-1,1,92.69051,7,Replayed,9.0
5.0,0.0,1,1,84.87749,7,Replayed,5.0
-38.0,1.0,-1,1,99.99,7,Replayed,38.0
-9.0,1.0,-1,1,93.25355,7,Replayed,9.0
-5.0,1.0,-1,1,75.78789,7,Replayed,5.0
-5.0,1.0,-1,1,76.41992,7,Replayed,5.0
9.0,0.0,1,1,95.97131,7,Replayed,9.0
9.0,0.0,1,1,95.577576,7,Replayed,9.0
-9.0,1.0,-1,1,57.75884,8,Replayed,9.0
3.0,0.0,1,1,51.211174,8,Replayed,3.0
-5.0,1.0,-1,1,54.132896,8,Replayed,5.0
9.0,1.0,1,1,57.633823,8,Replayed,9.0
9.0,0.0,1,1,55.74813,8,Replayed,9.0
-38.0,-1.0,-1,1,79.85684,8,Replayed,38.0
-3.0,1.0,-1,1,52.206886,8,Replayed,3.0
-9.0,1.0,-1,1,58.30376,8,Replayed,9.0
-5.0,0.0,1,0,46.14853,8,Replayed,5.0
-9.0,0.0,-1,1,56.811535,8,Replayed,9.0
-9.0,1.0,-1,1,57.92357,8,Replayed,9.0
-1.0,1.0,-1,1,51.532715,8,Replayed,1.0
38.0,1.0,1,1,81.44564,8,Replayed,38.0
-38.0,-1.0,-1,1,78.94236,8,Replayed,38.0
5.0,0.0,1,1,52.77189,8,Replayed,5.0
5.0,-1.0,1,1,52.140892,8,Replayed,5.0
-3.0,1.0,1,0,47.572887,8,Replayed,3.0
5.0,0.0,-1,0,47.89462,8,Replayed,5.0
3.0,-1.0,1,1,51.738583,8,Replayed,3.0
38.0,0.0,1,1,79.96057,8,Replayed,38.0
5.0,1.0,1,1,53.457558,8,Replayed,5.0
-38.0,1.0,-1,1,83.3639,8,Replayed,38.0
-3.0,1.0,-1,1,53.15766,8,Replayed,3.0
5.0,0.0,1,1,52.831013,8,Replayed,5.0
-38.0,1.0,-1,1,82.371994,8,Replayed,38.0
-9.0,0.0,-1,1,56.23416,8,Replayed,9.0
-38.0,0.0,-1,1,80.673485,8,Replayed,38.0
-1.0,1.0,-1,1,51.800686,8,Replayed,1.0
-3.0,1.0,1,0,46.488213,8,Replayed,3.0
1.0,1.0,1,1,49.05255,8,Replayed,1.0
-9.0,0.0,-1,1,55.95926,8,Replayed,9.0
3.0,-1.0,-1,0,47.973446,8,Replayed,3.0
38.0,-1.0,1,1,78.619446,8,Replayed,38.0
-3.0,0.0,-1,1,51.782,8,Replayed,3.0
-5.0,-1.0,-1,1,53.69124,8,Replayed,5.0
1.0,0.0,-1,0,50.37151,8,Replayed,1.0
9.0,-1.0,1,1,54.551716,8,Replayed,9.0
38.0,0.0,1,1,79.48855,8,Replayed,38.0
-38.0,-1.0,-1,1,79.18204,8,Replayed,38.0
38.0,0.0,1,1,80.06643,8,Replayed,38.0
1.0,1.0,1,1,49.61405,8,Replayed,1.0
-9.0,0.0,-1,1,56.69848,8,Replayed,9.0
3.0,1.0,1,1,51.520218,8,Replayed,3.0
-3.0,-1.0,-1,1,52.61592,8,Replayed,3.0
-3.0,0.0,-1,1,51.629932,8,Replayed,3.0
-38.0,1.0,-1,1,83.00211,8,Replayed,38.0
3.0,-1.0,1,1,51.102673,8,Replayed,3.0
-38.0,-1.0,-1,1,79.115295,8,Replayed,38.0
-3.0,-1.0,1,0,47.554024,8,Replayed,3.0
9.0,1.0,1,1,57.01449,8,Replayed,9.0
3.0,1.0,-1,0,47.33834,8,Replayed,3.0
9.0,1.0,1,1,56.82443,8,Replayed,9.0
1.0,-1.0,1,1,50.457348,8,Replayed,1.0
-9.0,-1.0,-1,1,55.54766,8,Replayed,9.0
9.0,0.0,1,1,55.297344,8,Replayed,9.0
9.0,-1.0,1,1,54.20438,8,Replayed,9.0
-1.0,0.0,-1,1,50.924652,8,Replayed,1.0
-38.0,1.0,-1,1,82.356544,8,Replayed,38.0
3.0,1.0,-1,0,48.675835,8,Replayed,3.0
-3.0,-1.0,1,0,48.281822,8,Replayed,3.0
1.0,-1.0,-1,0,49.852066,8,Replayed,1.0
9.0,0.0,1,1,54.32446,8,Replayed,9.0
1.0,-1.0,-1,0,49.436222,8,Replayed,1.0
5.0,0.0,1,1,52.467716,8,Replayed,5.0
3.0,-1.0,1,1,51.649017,8,Replayed,3.0
9.0,-1.0,1,1,54.2965,8,Replayed,9.0
1.0,0.0,1,1,50.556286,8,Replayed,1.0
5.0,-1.0,-1,0,47.740696,8,Replayed,5.0
3.0,1.0,1,1,52.618153,8,Replayed,3.0
-38.0,0.0,-1,1,80.74688,8,Replayed,38.0
-38.0,0.0,-1,1,80.66274,8,Replayed,38.0
38.0,1.0,1,1,82.44323,8,Replayed,38.0
38.0,1.0,1,1,81.59445,8,Replayed,38.0
-3.0,1.0,-1,1,52.84587,8,Replayed,3.0
3.0,-1.0,1,1,51.153976,8,Replayed,3.0
5.0,-1.0,1,1,52.77264,8,Replayed,5.0
-1.0,1.0,1,0,48.92186,8,Replayed,1.0
-3.0,1.0,-1,1,52.06786,8,Replayed,3.0
38.0,-1.0,1,1,78.2149,8,Replayed,38.0
-1.0,-1.0,1,0,49.082684,8,Replayed,1.0
-38.0,-1.0,-1,1,79.860954,8,Replayed,38.0
-5.0,-1.0,-1,1,52.471767,8,Replayed,5.0
-3.0,0.0,-1,1,52.33717,8,Replayed,3.0
9.0,1.0,1,1,56.984,8,Replayed,9.0
3.0,1.0,1,1,52.14745,8,Replayed,3.0
3.0,-1.0,-1,0,48.375465,8,Replayed,3.0
1.0,0.0,-1,0,49.40464,8,Replayed,1.0
-38.0,1.0,-1,1,83.28184,8,Replayed,38.0
1.0,0.0,1,1,49.897644,8,Replayed,1.0
-5.0,1.0,-1,1,55.328857,8,Replayed,5.0
-9.0,1.0,-1,1,57.536865,8,Replayed,9.0
-38.0,1.0,-1,1,82.7781,8,Replayed,38.0
38.0,-1.0,1,1,77.488754,8,Replayed,38.0
-5.0,0.0,-1,1,54.001244,8,Replayed,5.0
9.0,1.0,1,1,55.98324,8,Replayed,9.0
5.0,1.0,1,1,54.06143,8,Replayed,5.0
9.0,0.0,1,1,55.379654,8,Replayed,9.0
1.0,-1.0,-1,0,49.50412,8,Replayed,1.0
-9.0,1.0,-1,1,58.130836,8,Replayed,9.0
-9.0,0.0,-1,1,56.508106,8,Replayed,9.0
3.0,1.0,1,1,51.561314,8,Replayed,3.0
-9.0,1.0,-1,1,57.232273,8,Replayed,9.0
38.0,0.0,1,1,79.48623,8,Replayed,38.0
-1.0,0.0,1,0,48.80358,8,Replayed,1.0
5.0,-1.0,1,1,51.66809,8,Replayed,5.0
-1.0,-1.0,-1,1,51.28252,8,Replayed,1.0
-5.0,-1.0,-1,1,52.416847,8,Replayed,5.0
5.0,1.0,1,1,52.926136,8,Replayed,5.0
-9.0,1.0,-1,1,58.161385,8,Replayed,9.0
3.0,0.0,1,1,51.26666,8,Replayed,3.0
-38.0,1.0,-1,1,82.66774,8,Replayed,38.0
-5.0,-1.0,-1,1,52.94978,8,Replayed,5.0
-9.0,0.0,-1,1,57.879185,8,Replayed,9.0
1.0,0.0,-1,0,50.484573,8,Replayed,1.0
38.0,1.0,1,1,82.058495,8,Replayed,38.0
-1.0,1.0,-1,1,51.226414,8,Replayed,1.0
-5.0,1.0,-1,1,54.69069,8,Replayed,5.0
38.0,1.0,1,1,80.72034,8,Replayed,38.0
-5.0,1.0,-1,1,55.641483,8,Replayed,5.0
3.0,1.0,1,1,52.19869,8,Replayed,3.0
5.0,-1.0,1,1,51.859814,8,Replayed,5.0
5.0,-1.0,-1,0,47.325245,8,Replayed,5.0
3.0,1.0,-1,0,48.679096,8,Replayed,3.0
9.0,0.0,1,1,55.798416,8,Replayed,9.0
1.0,1.0,1,1,50.266987,8,Replayed,1.0
38.0,-1.0,1,1,78.399185,8,Replayed,38.0
-1.0,0.0,1,0,49.30433,8,Replayed,1.0
-3.0,1.0,1,0,46.992214,8,Replayed,3.0
9.0,-1.0,1,1,54.53527,8,Replayed,9.0
-38.0,1.0,-1,1,82.545784,8,Replayed,38.0
9.0,0.0,1,1,55.29746,8,Replayed,9.0
-9.0,-1.0,-1,1,56.051094,8,Replayed,9.0
-1.0,-1.0,-1,1,52.19575,8,Replayed,1.0
-9.0,1.0,1,0,42.910587,8,Replayed,9.0
-5.0,1.0,-1,1,55.772507,8,Replayed,5.0
1.0,0.0,1,1,49.597168,8,Replayed,1.0
-3.0,-1.0,-1,1,52.44059,8,Replayed,3.0
-1.0,0.0,-1,1,51.20275,8,Replayed,1.0
9.0,-1.0,1,1,54.066635,8,Replayed,9.0
5.0,1.0,1,1,53.07219,8,Replayed,5.0
-1.0,0.0,1,0,49.398937,8,Replayed,1.0
-1.0,0.0,1,0,48.622284,8,Replayed,1.0
38.0,-1.0,1,1,78.61499,8,Replayed,38.0
38.0,-1.0,1,1,78.02926,8,Replayed,38.0
-1.0,-1.0,-1,1,51.659626,8,Replayed,1.0
-1.0,-1.0,-1,1,51.198544,8,Replayed,1.0
-5.0,0.0,-1,1,53.630997,8,Replayed,5.0
-9.0,-1.0,-1,1,55.01511,8,Replayed,9.0
-38.0,0.0,-1,1,80.846825,8,Replayed,38.0
-9.0,-1.0,-1,1,55.332314,8,Replayed,9.0
5.0,-1.0,1,1,52.366234,8,Replayed,5.0
-9.0,-1.0,-1,1,56.598682,8,Replayed,9.0
-9.0,-1.0,-1,1,55.48065,8,Replayed,9.0
1.0,0.0,1,1,49.694077,8,Replayed,1.0
-1.0,0.0,-1,1,51.27361,8,Replayed,1.0
38.0,1.0,1,1,81.93022,8,Replayed,38.0
5.0,0.0,-1,0,47.047924,8,Replayed,5.0
-38.0,0.0,-1,1,81.30505,8,Replayed,38.0
-5.0,0.0,-1,1,53.10035,8,Replayed,5.0
-38.0,0.0,1,0,19.085766,8,Replayed,38.0
38.0,0.0,1,1,80.518105,8,Replayed,38.0
-1.0,1.0,-1,1,51.535267,8,Replayed,1.0
-3.0,-1.0,-1,1,51.4678,8,Replayed,3.0
-38.0,0.0,-1,1,80.36263,8,Replayed,38.0
-9.0,0.0,-1,1,57.246536,8,Replayed,9.0
1.0,1.0,-1,0,50.52792,8,Replayed,1.0
-5.0,-1.0,1,0,46.96183,8,Replayed,5.0
-9.0,-1.0,-1,1,55.841553,8,Replayed,9.0
9.0,1.0,1,1,56.538235,8,Replayed,9.0
5.0,0.0,1,1,52.36743,8,Replayed,5.0
5.0,1.0,-1,0,45.80409,8,Replayed,5.0
3.0,0.0,-1,0,49.419113,8,Replayed,3.0
-1.0,1.0,1,0,48.828556,8,Replayed,1.0
38.0,0.0,1,1,80.205635,8,Replayed,38.0
-3.0,0.0,-1,1,52.381004,8,Replayed,3.0
-5.0,1.0,1,0,45.046364,8,Replayed,5.0
-38.0,-1.0,-1,1,79.38707,8,Replayed,38.0
-3.0,-1.0,-1,1,52.52357,8,Replayed,3.0
-3.0,1.0,-1,1,52.142673,8,Replayed,3.0
5.0,1.0,1,1,53.558178,8,Replayed,5.0
-5.0,0.0,1,0,47.14773,8,Replayed,5.0
-38.0,-1.0,-1,1,79.2193,8,Replayed,38.0
9.0,-1.0,-1,0,44.968857,8,Replayed,9.0
-3.0,-1.0,-1,1,52.236782,8,Replayed,3.0
3.0,-1.0,-1,0,49.410328,8,Replayed,3.0
-1.0,-1.0,1,0,48.981304,8,Replayed,1.0
-5.0,1.0,1,0,45.240845,8,Replayed,5.0
-1.0,-1.0,-1,1,51.218544,8,Replayed,1.0
-5.0,0.0,-1,1,54.418163,8,Replayed,5.0
1.0,1.0,-1,0,49.891247,8,Replayed,1.0
-3.0,0.0,-1,1,53.119408,8,Replayed,3.0
5.0,-1.0,-1,0,47.2111,8,Replayed,5.0
9.0,-1.0,1,1,54.263733,8,Replayed,9.0
-5.0,-1.0,-1,1,53.21886,8,Replayed,5.0
5.0,0.0,1,1,52.541298,8,Replayed,5.0
5.0,0.0,1,1,51.72009,8,Replayed,5.0
-5.0,1.0,-1,1,53.89505,8,Replayed,5.0
-38.0,0.0,-1,1,80.40397,8,Replayed,38.0
-9.0,0.0,-1,1,57.71195,8,Replayed,9.0
-3.0,0.0,-1,1,51.762783,8,Replayed,3.0
-5.0,-1.0,-1,1,53.557564,8,Replayed,5.0
1.0,-1.0,1,1,49.50223,8,Replayed,1.0
38.0,-1.0,1,1,78.696045,8,Replayed,38.0
1.0,1.0,1,1,49.92864,8,Replayed,1.0
-1.0,0.0,-1,1,51.11156,8,Replayed,1.0
-3.0,0.0,-1,1,52.946533,8,Replayed,3.0
1.0,1.0,1,1,50.12893,8,Replayed,1.0
1.0,1.0,-1,0,50.875046,8,Replayed,1.0
-1.0,1.0,-1,1,51.312046,8,Replayed,1.0
-1.0,1.0,1,0,47.870995,8,Replayed,1.0
38.0,1.0,1,1,81.131165,8,Replayed,38.0
38.0,1.0,1,1,81.45209,8,Replayed,38.0
38.0,0.0,1,1,79.86579,8,Replayed,38.0
1.0,0.0,-1,0,49.228436,8,Replayed,1.0
3.0,0.0,1,1,50.799213,8,Replayed,3.0
3.0,0.0,1,1,51.74917,8,Replayed,3.0
1.0,-1.0,-1,0,50.380844,8,Replayed,1.0
3.0,-1.0,-1,0,48.218735,8,Replayed,3.0
9.0,-1.0,1,1,54.62947,8,Replayed,9.0
-9.0,-1.0,-1,1,55.155945,8,Replayed,9.0
-5.0,0.0,-1,1,53.366386,8,Replayed,5.0
-5.0,-1.0,-1,1,52.56038,8,Replayed,5.0
9.0,1.0,1,1,56.41366,8,Replayed,9.0
-5.0,0.0,-1,1,54.506027,8,Replayed,5.0
38.0,-1.0,1,1,78.02763,8,Replayed,38.0
-1.0,-1.0,1,0,49.91985,8,Replayed,1.0
3.0,0.0,1,1,51.128708,8,Replayed,3.0
1.0,-1.0,-1,0,50.189323,8,Replayed,1.0
-3.0,-1.0,-1,1,51.890026,8,Replayed,3.0
38.0,0.0,1,1,80.11438,8,Replayed,38.0
3.0,0.0,1,1,51.331467,8,Replayed,3.0
-38.0,-1.0,-1,1,79.98473,8,Replayed,38.0
-38.0,0.0,-1,1,72.93228,9,Replayed,38.0
9.0,-1.0,1,1,57.14766,9,Replayed,9.0
5.0,0.0,-1,0,45.077003,9,Replayed,5.0
-1.0,-1.0,-1,1,49.141987,9,Replayed,1.0
38.0,-1.0,1,1,74.901375,9,Replayed,38.0
38.0,0.0,1,1,75.34123,9,Replayed,38.0
5.0,0.0,1,1,54.33407,9,Replayed,5.0
5.0,-1.0,1,1,54.442287,9,Replayed,5.0
-38.0,1.0,-1,1,73.47812,9,Replayed,38.0
-9.0,-1.0,-1,1,55.289627,9,Replayed,9.0
1.0,0.0,-1,0,46.64814,9,Replayed,1.0
3.0,0.0,-1,0,46.545197,9,Replayed,3.0
-3.0,-1.0,1,0,48.95465,9,Replayed,3.0
5.0,1.0,1,1,54.51976,9,Replayed,5.0
1.0,0.0,1,1,52.595264,9,Replayed,1.0
-38.0,0.0,-1,1,73.76245,9,Replayed,38.0
9.0,0.0,-1,0,42.440506,9,Replayed,9.0
-3.0,1.0,1,0,48.447662,9,Replayed,3.0
38.0,0.0,1,1,75.45494,9,Replayed,38.0
38.0,1.0,1,1,75.75383,9,Replayed,38.0
-9.0,1.0,-1,1,55.035355,9,Replayed,9.0
-5.0,1.0,-1,1,51.740147,9,Replayed,5.0
1.0,-1.0,-1,0,48.023537,9,Replayed,1.0
1.0,-1.0,1,1,52.42356,9,Replayed,1.0
38.0,1.0,1,1,76.62771,9,Replayed,38.0
-5.0,-1.0,1,0,46.795185,9,Replayed,5.0
-3.0,1.0,1,0,49.302513,9,Replayed,3.0
5.0,1.0,-1,0,45.97794,9,Replayed,5.0
5.0,0.0,1,1,55.498535,9,Replayed,5.0
1.0,0.0,1,1,52.630882,9,Replayed,1.0
5.0,1.0,-1,0,44.664246,9,Replayed,5.0
38.0,-1.0,1,1,74.53243,9,Replayed,38.0
5.0,0.0,-1,0,46.391693,9,Replayed,5.0
1.0,-1.0,-1,0,48.66784,9,Replayed,1.0
5.0,1.0,1,1,54.842056,9,Replayed,5.0
-9.0,1.0,1,0,44.90403,9,Replayed,9.0
9.0,0.0,-1,0,42.16356,9,Replayed,9.0
3.0,0.0,-1,0,47.36081,9,Replayed,3.0
9.0,1.0,1,1,57.609463,9,Replayed,9.0
-3.0,0.0,1,0,48.36024,9,Replayed,3.0
5.0,0.0,1,1,54.517494,9,Replayed,5.0
3.0,1.0,1,1,53.772842,9,Replayed,3.0
1.0,1.0,1,1,51.75656,9,Replayed,1.0
-38.0,0.0,-1,1,73.07801,9,Replayed,38.0
38.0,-1.0,1,1,74.93914,9,Replayed,38.0
5.0,0.0,1,1,54.04431,9,Replayed,5.0
-9.0,0.0,1,0,45.069733,9,Replayed,9.0
3.0,0.0,1,1,53.751617,9,Replayed,3.0
1.0,-1.0,1,1,51.742344,9,Replayed,1.0
-5.0,-1.0,1,0,48.166977,9,Replayed,5.0
1.0,0.0,1,1,53.022175,9,Replayed,1.0
5.0,-1.0,1,1,55.5087,9,Replayed,5.0
-1.0,1.0,1,0,51.752014,9,Replayed,1.0
38.0,-1.0,1,1,73.86654,9,Replayed,38.0
5.0,-1.0,1,1,54.289608,9,Replayed,5.0
1.0,-1.0,1,1,51.231472,9,Replayed,1.0
-3.0,0.0,1,0,48.92689,9,Replayed,3.0
5.0,-1.0,1,1,55.36553,9,Replayed,5.0
-9.0,1.0,-1,1,54.232216,9,Replayed,9.0
9.0,1.0,1,1,58.16977,9,Replayed,9.0
-38.0,-1.0,-1,1,72.03607,9,Replayed,38.0
-5.0,1.0,-1,1,51.902996,9,Replayed,5.0
9.0,1.0,-1,0,43.573296,9,Replayed,9.0
38.0,-1.0,-1,0,25.12837,9,Replayed,38.0
-1.0,1.0,-1,1,49.170265,9,Replayed,1.0
-3.0,-1.0,1,0,49.374264,9,Replayed,3.0
3.0,-1.0,1,1,53.451538,9,Replayed,3.0
-1.0,-1.0,-1,1,49.631245,9,Replayed,1.0
-5.0,-1.0,1,0,48.038776,9,Replayed,5.0
-38.0,0.0,-1,1,72.330414,9,Replayed,38.0
5.0,1.0,1,1,54.610218,9,Replayed,5.0
-3.0,-1.0,1,0,49.058647,9,Replayed,3.0
-1.0,0.0,1,0,50.52164,9,Replayed,1.0
3.0,-1.0,1,1,52.538902,9,Replayed,3.0
1.0,-1.0,-1,0,47.679325,9,Replayed,1.0
-38.0,0.0,-1,1,73.07148,9,Replayed,38.0
-1.0,0.0,1,0,51.499645,9,Replayed,1.0
9.0,0.0,1,1,56.998913,9,Replayed,9.0
-1.0,1.0,-1,1,49.776573,9,Replayed,1.0
-9.0,1.0,1,0,44.58762,9,Replayed,9.0
-3.0,-1.0,-1,1,49.841633,9,Replayed,3.0
-9.0,1.0,-1,1,55.25698,9,Replayed,9.0
1.0,1.0,1,1,51.521526,9,Replayed,1.0
-5.0,1.0,1,0,47.36498,9,Replayed,5.0
3.0,-1.0,1,1,52.984463,9,Replayed,3.0
3.0,1.0,1,1,54.311413,9,Replayed,3.0
-1.0,1.0,1,0,50.47139,9,Replayed,1.0
-9.0,0.0,1,0,44.771145,9,Replayed,9.0
-9.0,-1.0,-1,1,54.572617,9,Replayed,9.0
38.0,0.0,-1,0,24.80333,9,Replayed,38.0
1.0,1.0,1,1,51.53176,9,Replayed,1.0
9.0,-1.0,1,1,57.278187,9,Replayed,9.0
-38.0,-1.0,-1,1,72.858215,9,Replayed,38.0
-9.0,-1.0,-1,1,54.620766,9,Replayed,9.0
-3.0,-1.0,-1,1,51.201385,9,Replayed,3.0
-5.0,0.0,1,0,47.491993,9,Replayed,5.0
-3.0,0.0,1,0,48.89503,9,Replayed,3.0
1.0,0.0,1,1,52.964054,9,Replayed,1.0
-1.0,-1.0,-1,1,49.50526,9,Replayed,1.0
-1.0,1.0,-1,1,48.895046,9,Replayed,1.0
1.0,0.0,1,1,52.357174,9,Replayed,1.0
3.0,0.0,1,1,53.600864,9,Replayed,3.0
-9.0,1.0,-1,1,55.34932,9,Replayed,9.0
-3.0,1.0,1,0,48.993137,9,Replayed,3.0
-3.0,0.0,1,0,49.47013,9,Replayed,3.0
9.0,-1.0,1,1,57.353794,9,Replayed,9.0
-9.0,0.0,-1,1,54.73749,9,Replayed,9.0
-3.0,-1.0,-1,1,50.63931,9,Replayed,3.0
-1.0,0.0,1,0,50.42468,9,Replayed,1.0
5.0,-1.0,-1,0,45.146988,9,Replayed,5.0
3.0,-1.0,1,1,54.23728,9,Replayed,3.0
-38.0,-1.0,-1,1,72.62801,9,Replayed,38.0
5.0,0.0,1,1,54.405224,9,Replayed,5.0
-3.0,0.0,1,0,48.90746,9,Replayed,3.0
9.0,-1.0,-1,0,42.67329,9,Replayed,9.0
9.0,-1.0,-1,0,42.128178,9,Replayed,9.0
-5.0,0.0,1,0,48.328808,9,Replayed,5.0
3.0,1.0,-1,0,45.762302,9,Replayed,3.0
9.0,1.0,1,1,58.378647,9,Replayed,9.0
3.0,0.0,-1,0,46.810802,9,Replayed,3.0
5.0,1.0,-1,0,44.59038,9,Replayed,5.0
-38.0,0.0,1,0,27.200497,9,Replayed,38.0
-9.0,0.0,-1,1,55.145897,9,Replayed,9.0
-5.0,-1.0,1,0,48.41329,9,Replayed,5.0
3.0,1.0,1,1,53.14612,9,Replayed,3.0
3.0,1.0,1,1,54.24717,9,Replayed,3.0
-38.0,1.0,-1,1,74.02783,9,Replayed,38.0
38.0,0.0,-1,0,24.555407,9,Replayed,38.0
38.0,1.0,1,1,76.07305,9,Replayed,38.0
38.0,1.0,1,1,76.404526,9,Replayed,38.0
-3.0,1.0,-1,1,51.040833,9,Replayed,3.0
-5.0,0.0,1,0,47.035877,9,Replayed,5.0
5.0,0.0,1,1,54.84348,9,Replayed,5.0
9.0,1.0,-1,0,42.37606,9,Replayed,9.0
38.0,1.0,1,1,76.35418,9,Replayed,38.0
1.0,-1.0,-1,0,48.913918,9,Replayed,1.0
-1.0,0.0,1,0,51.19096,9,Replayed,1.0
3.0,1.0,-1,0,46.639874,9,Replayed,3.0
-9.0,0.0,1,0,44.91509,9,Replayed,9.0
-38.0,1.0,1,0,26.151884,9,Replayed,38.0
-5.0,0.0,-1,1,51.21501,9,Replayed,5.0
38.0,0.0,1,1,75.58533,9,Replayed,38.0
38.0,-1.0,1,1,74.5918,9,Replayed,38.0
-5.0,0.0,1,0,49.011494,9,Replayed,5.0
9.0,-1.0,1,1,56.664574,9,Replayed,9.0
1.0,-1.0,-1,0,48.58134,9,Replayed,1.0
-5.0,1.0,1,0,47.8781,9,Replayed,5.0
-38.0,1.0,-1,1,73.72594,9,Replayed,38.0
38.0,1.0,1,1,76.227036,9,Replayed,38.0
5.0,-1.0,1,1,55.14218,9,Replayed,5.0
-3.0,1.0,-1,1,50.69563,9,Replayed,3.0
-5.0,-1.0,-1,1,51.697876,9,Replayed,5.0
1.0,1.0,1,1,51.537586,9,Replayed,1.0
-38.0,1.0,-1,1,73.90671,9,Replayed,38.0
-38.0,-1.0,-1,1,72.344864,9,Replayed,38.0
38.0,1.0,1,1,75.91378,9,Replayed,38.0
38.0,-1.0,1,1,75.369576,9,Replayed,38.0
-1.0,1.0,1,0,50.28286,9,Replayed,1.0
-1.0,0.0,-1,1,49.32595,9,Replayed,1.0
3.0,-1.0,-1,0,46.30964,9,Replayed,3.0
-38.0,-1.0,-1,1,72.753746,9,Replayed,38.0
-38.0,1.0,-1,1,73.75106,9,Replayed,38.0
-38.0,1.0,-1,1,73.86084,9,Replayed,38.0
1.0,0.0,1,1,52.19304,9,Replayed,1.0
-1.0,0.0,-1,1,49.918194,9,Replayed,1.0
-5.0,0.0,-1,1,52.35471,9,Replayed,5.0
-9.0,-1.0,-1,1,53.99871,9,Replayed,9.0
9.0,0.0,1,1,57.384323,9,Replayed,9.0
-9.0,0.0,-1,1,54.947823,9,Replayed,9.0
3.0,1.0,-1,0,46.581482,9,Replayed,3.0
9.0,0.0,-1,0,41.546463,9,Replayed,9.0
-5.0,0.0,1,0,48.55736,9,Replayed,5.0
-5.0,-1.0,1,0,46.918312,9,Replayed,5.0
9.0,1.0,1,1,57.505394,9,Replayed,9.0
38.0,1.0,1,1,76.75575,9,Replayed,38.0
1.0,0.0,-1,0,48.18412,9,Replayed,1.0
-5.0,0.0,-1,1,51.921318,9,Replayed,5.0
-1.0,0.0,1,0,50.69865,9,Replayed,1.0
-3.0,1.0,1,0,49.041607,9,Replayed,3.0
-5.0,-1.0,-1,1,52.179516,9,Replayed,5.0
3.0,-1.0,1,1,53.41997,9,Replayed,3.0
38.0,0.0,1,1,75.81207,9,Replayed,38.0
3.0,0.0,1,1,52.87501,9,Replayed,3.0
-38.0,-1.0,-1,1,72.09023,9,Replayed,38.0
-9.0,-1.0,1,0,45.283684,9,Replayed,9.0
1.0,1.0,-1,0,46.898678,9,Replayed,1.0
-5.0,1.0,-1,1,51.906628,9,Replayed,5.0
5.0,-1.0,-1,0,45.65491,9,Replayed,5.0
-5.0,-1.0,-1,1,53.014122,9,Replayed,5.0
9.0,-1.0,-1,0,42.321606,9,Replayed,9.0
1.0,1.0,1,1,52.771015,9,Replayed,1.0
-9.0,1.0,-1,1,54.976685,9,Replayed,9.0
3.0,-1.0,-1,0,47.161823,9,Replayed,3.0
-3.0,0.0,1,0,49.36252,9,Replayed,3.0
-9.0,1.0,-1,1,55.03462,9,Replayed,9.0
-1.0,1.0,1,0,51.203167,9,Replayed,1.0
-3.0,0.0,1,0,49.077225,9,Replayed,3.0
-3.0,-1.0,1,0,48.42034,9,Replayed,3.0
-38.0,0.0,-1,1,73.34803,9,Replayed,38.0
-5.0,1.0,-1,1,52.496254,9,Replayed,5.0
38.0,-1.0,1,1,75.3427,9,Replayed,38.0
-3.0,-1.0,-1,1,50.982647,9,Replayed,3.0
3.0,0.0,-1,0,46.414593,9,Replayed,3.0
-1.0,-1.0,-1,1,48.887615,9,Replayed,1.0
-1.0,1.0,1,0,50.305103,9,Replayed,1.0
9.0,0.0,1,1,56.971992,9,Replayed,9.0
-3.0,1.0,1,0,48.49534,9,Replayed,3.0
5.0,-1.0,1,1,55.482983,9,Replayed,5.0
-1.0,-1.0,1,0,50.619434,9,Replayed,1.0
3.0,-1.0,1,1,52.92527,9,Replayed,3.0
-5.0,1.0,1,0,48.900196,9,Replayed,5.0
5.0,1.0,1,1,54.506172,9,Replayed,5.0
-38.0,-1.0,-1,1,72.78044,9,Replayed,38.0
-9.0,0.0,1,0,45.155876,9,Replayed,9.0
-1.0,-1.0,1,0,51.208336,9,Replayed,1.0
9.0,0.0,-1,0,43.698536,9,Replayed,9.0
-9.0,-1.0,-1,1,54.854126,9,Replayed,9.0
-38.0,1.0,-1,1,73.50533,9,Replayed,38.0
-1.0,-1.0,1,0,51.300438,9,Replayed,1.0
9.0,1.0,-1,0,42.536995,9,Replayed,9.0
-38.0,0.0,-1,1,73.090004,9,Replayed,38.0
-5.0,-1.0,-1,1,63.4376,10,Replayed,5.0
-38.0,0.0,-1,1,98.750725,10,Replayed,38.0
-3.0,1.0,1,0,36.27863,10,Replayed,3.0
9.0,0.0,1,1,68.66657,10,Replayed,9.0
-9.0,1.0,-1,1,77.819405,10,Replayed,9.0
-3.0,1.0,-1,1,62.02305,10,Replayed,3.0
5.0,0.0,1,1,57.888996,10,Replayed,5.0
9.0,1.0,1,1,71.74362,10,Replayed,9.0
9.0,-1.0,1,1,68.08,10,Replayed,9.0
1.0,1.0,1,1,51.330627,10,Replayed,1.0
3.0,0.0,1,1,53.64436,10,Replayed,3.0
5.0,-1.0,-1,0,41.30216,10,Replayed,5.0
5.0,0.0,1,1,59.48733,10,Replayed,5.0
9.0,0.0,1,1,70.70926,10,Replayed,9.0
-9.0,-1.0,-1,1,73.22068,10,Replayed,9.0
5.0,1.0,-1,0,38.58701,10,Replayed,5.0
-1.0,-1.0,-1,1,55.983017,10,Replayed,1.0
1.0,1.0,-1,0,51.030304,10,Replayed,1.0
38.0,1.0,1,1,99.112465,10,Replayed,38.0
9.0,0.0,1,1,69.852455,10,Replayed,9.0
-3.0,1.0,-1,1,62.81339,10,Replayed,3.0
3.0,-1.0,1,1,54.90287,10,Replayed,3.0
38.0,0.0,1,1,98.5135,10,Replayed,38.0
38.0,0.0,1,1,98.424995,10,Replayed,38.0
1.0,1.0,1,1,48.96782,10,Replayed,1.0
1.0,-1.0,-1,0,49.613056,10,Replayed,1.0
-3.0,1.0,-1,1,62.712185,10,Replayed,3.0
-1.0,0.0,-1,1,55.476887,10,Replayed,1.0
3.0,0.0,-1,0,45.8681,10,Replayed,3.0
-5.0,0.0,1,0,33.047962,10,Replayed,5.0
1.0,-1.0,1,1,50.56078,10,Replayed,1.0
38.0,-1.0,1,1,97.291115,10,Replayed,38.0
5.0,0.0,-1,0,40.609653,10,Replayed,5.0
-5.0,0.0,-1,1,65.89249,10,Replayed,5.0
38.0,-1.0,1,1,97.45081,10,Replayed,38.0
3.0,1.0,-1,0,45.370296,10,Replayed,3.0
-1.0,1.0,-1,1,56.161045,10,Replayed,1.0
38.0,-1.0,1,1,97.55705,10,Replayed,38.0
-38.0,1.0,-1,1,99.3055,10,Replayed,38.0
1.0,-1.0,-1,0,49.560364,10,Replayed,1.0
-1.0,-1.0,-1,1,54.12298,10,Replayed,1.0
3.0,-1.0,-1,0,45.97303,10,Replayed,3.0
38.0,1.0,1,1,99.070755,10,Replayed,38.0
5.0,1.0,1,1,61.05498,10,Replayed,5.0
3.0,-1.0,1,1,53.414906,10,Replayed,3.0
-38.0,-1.0,-1,1,97.979805,10,Replayed,38.0
-38.0,0.0,-1,1,98.81798,10,Replayed,38.0
1.0,1.0,-1,0,50.785732,10,Replayed,1.0
-1.0,1.0,1,0,43.385715,10,Replayed,1.0
-9.0,-1.0,-1,1,73.11623,10,Replayed,9.0
-1.0,-1.0,-1,1,55.806686,10,Replayed,1.0
5.0,1.0,1,1,60.00775,10,Replayed,5.0
-3.0,0.0,-1,1,60.385365,10,Replayed,3.0
-3.0,0.0,1,0,38.842915,10,Replayed,3.0
-9.0,-1.0,-1,1,72.895744,10,Replayed,9.0
38.0,-1.0,1,1,97.41412,10,Replayed,38.0
-9.0,0.0,-1,1,76.51962,10,Replayed,9.0
-38.0,1.0,-1,1,99.30963,10,Replayed,38.0
9.0,0.0,-1,0,30.602392,10,Replayed,9.0
-1.0,1.0,-1,1,56.28003,10,Replayed,1.0
-1.0,-1.0,-1,1,55.143475,10,Replayed,1.0
38.0,0.0,1,1,98.397514,10,Replayed,38.0
3.0,1.0,1,1,53.493492,10,Replayed,3.0
-1.0,0.0,1,0,42.204777,10,Replayed,1.0
-1.0,-1.0,-1,1,55.25185,10,Replayed,1.0
-5.0,0.0,1,0,34.655037,10,Replayed,5.0
-5.0,-1.0,1,0,36.1582,10,Replayed,5.0
-9.0,0.0,-1,1,75.10225,10,Replayed,9.0
38.0,-1.0,1,1,97.521484,10,Replayed,38.0
3.0,-1.0,1,1,53.744064,10,Replayed,3.0
-1.0,0.0,1,0,44.472157,10,Replayed,1.0
38.0,0.0,1,1,98.55265,10,Replayed,38.0
5.0,1.0,1,1,59.425415,10,Replayed,5.0
1.0,0.0,-1,0,51.209885,10,Replayed,1.0
-9.0,-1.0,-1,1,73.013466,10,Replayed,9.0
9.0,-1.0,1,1,66.82531,10,Replayed,9.0
-38.0,1.0,-1,1,99.26048,10,Replayed,38.0
38.0,-1.0,1,1,97.424164,10,Replayed,38.0
3.0,-1.0,1,1,53.706463,10,Replayed,3.0
1.0,0.0,-1,0,51.227413,10,Replayed,1.0
-38.0,0.0,-1,1,98.737625,10,Replayed,38.0
-3.0,0.0,-1,1,61.815746,10,Replayed,3.0
9.0,1.0,-1,0,28.193226,10,Replayed,9.0
-3.0,-1.0,1,0,40.33508,10,Replayed,3.0
5.0,1.0,1,1,59.611015,10,Replayed,5.0
5.0,0.0,1,1,59.84164,10,Replayed,5.0
-3.0,-1.0,1,0,39.47403,10,Replayed,3.0
-38.0,0.0,-1,1,98.85999,10,Replayed,38.0
5.0,1.0,1,1,59.102768,10,Replayed,5.0
-1.0,0.0,-1,1,55.90139,10,Replayed,1.0
-3.0,1.0,-1,1,62.3719,10,Replayed,3.0
5.0,0.0,-1,0,40.835293,10,Replayed,5.0
-38.0,1.0,-1,1,99.274124,10,Replayed,38.0
1.0,0.0,-1,0,51.18881,10,Replayed,1.0
5.0,0.0,1,1,60.78503,10,Replayed,5.0
-5.0,1.0,-1,1,67.54192,10,Replayed,5.0
3.0,-1.0,-1,0,46.03202,10,Replayed,3.0
9.0,1.0,-1,0,27.513391,10,Replayed,9.0
5.0,0.0,1,1,59.763844,10,Replayed,5.0
1.0,-1.0,1,1,49.118065,10,Replayed,1.0
-9.0,-1.0,-1,1,72.94559,10,Replayed,9.0
-3.0,0.0,-1,1,61.460762,10,Replayed,3.0
-1.0,1.0,-1,1,55.231903,10,Replayed,1.0
-38.0,-1.0,-1,1,97.95632,10,Replayed,38.0
1.0,0.0,1,1,48.194252,10,Replayed,1.0
-1.0,1.0,-1,1,57.844364,10,Replayed,1.0
-9.0,1.0,-1,1,77.61775,10,Replayed,9.0
38.0,0.0,1,1,98.54841,10,Replayed,38.0
5.0,1.0,-1,0,41.28559,10,Replayed,5.0
9.0,-1.0,1,1,67.49526,10,Replayed,9.0
-3.0,-1.0,-1,1,60.781322,10,Replayed,3.0
5.0,-1.0,1,1,58.628006,10,Replayed,5.0
-9.0,0.0,-1,1,77.1577,10,Replayed,9.0
-9.0,0.0,-1,1,76.337875,10,Replayed,9.0
-1.0,-1.0,-1,1,55.317516,10,Replayed,1.0
3.0,0.0,1,1,53.084408,10,Replayed,3.0
-9.0,0.0,-1,1,76.7908,10,Replayed,9.0
1.0,-1.0,-1,0,51.29335,10,Replayed,1.0
38.0,0.0,1,1,98.484344,10,Replayed,38.0
-5.0,0.0,-1,1,66.45822,10,Replayed,5.0
38.0,1.0,1,1,99.09563,10,Replayed,38.0
-5.0,1.0,-1,1,67.344826,10,Replayed,5.0
5.0,-1.0,1,1,57.48432,10,Replayed,5.0
-1.0,1.0,1,0,43.40154,10,Replayed,1.0
-9.0,1.0,1,0,21.843946,10,Replayed,9.0
-5.0,0.0,-1,1,66.16818,10,Replayed,5.0
-1.0,-1.0,1,0,45.039154,10,Replayed,1.0
9.0,1.0,1,1,70.898155,10,Replayed,9.0
-5.0,-1.0,-1,1,64.87461,10,Replayed,5.0
9.0,0.0,-1,0,29.635542,10,Replayed,9.0
-38.0,0.0,-1,1,98.72955,10,Replayed,38.0
-9.0,1.0,-1,1,78.23675,10,Replayed,9.0
3.0,-1.0,-1,0,45.77944,10,Replayed,3.0
-38.0,0.0,-1,1,98.82294,10,Replayed,38.0
5.0,-1.0,1,1,57.652187,10,Replayed,5.0
9.0,-1.0,-1,0,32.41175,10,Replayed,9.0
-5.0,1.0,-1,1,67.73721,10,Replayed,5.0
-9.0,1.0,1,0,23.40304,10,Replayed,9.0
-5.0,0.0,-1,1,65.683975,10,Replayed,5.0
-5.0,-1.0,-1,1,66.14744,10,Replayed,5.0
-1.0,1.0,-1,1,56.85286,10,Replayed,1.0
9.0,0.0,1,1,71.28381,10,Replayed,9.0
-5.0,1.0,-1,1,67.316765,10,Replayed,5.0
9.0,0.0,1,1,69.716835,10,Replayed,9.0
-3.0,-1.0,-1,1,59.695595,10,Replayed,3.0
1.0,-1.0,1,1,47.58313,10,Replayed,1.0
-3.0,-1.0,-1,1,59.878002,10,Replayed,3.0
3.0,1.0,1,1,55.173534,10,Replayed,3.0
1.0,-1.0,1,1,48.70002,10,Replayed,1.0
-38.0,-1.0,-1,1,97.956535,10,Replayed,38.0
-3.0,0.0,-1,1,61.25412,10,Replayed,3.0
1.0,1.0,1,1,49.159985,10,Replayed,1.0
-5.0,1.0,-1,1,67.653404,10,Replayed,5.0
-9.0,1.0,-1,1,77.867004,10,Replayed,9.0
3.0,1.0,-1,0,46.076813,10,Replayed,3.0
-38.0,1.0,-1,1,99.24489,10,Replayed,38.0
5.0,0.0,1,1,58.983917,10,Replayed,5.0
1.0,-1.0,-1,0,51.07759,10,Replayed,1.0
-5.0,1.0,-1,1,67.0873,10,Replayed,5.0
-9.0,-1.0,-1,1,73.25485,10,Replayed,9.0
9.0,-1.0,-1,0,30.920574,10,Replayed,9.0
-5.0,-1.0,-1,1,64.659904,10,Replayed,5.0
38.0,1.0,1,1,99.08572,10,Replayed,38.0
5.0,-1.0,1,1,58.791965,10,Replayed,5.0
-5.0,-1.0,1,0,34.88282,10,Replayed,5.0
9.0,0.0,1,1,70.48805,10,Replayed,9.0
1.0,0.0,1,1,48.550648,10,Replayed,1.0
-38.0,-1.0,-1,1,97.97141,10,Replayed,38.0
5.0,-1.0,-1,0,41.454594,10,Replayed,5.0
-5.0,1.0,-1,1,67.47953,10,Replayed,5.0
1.0,1.0,-1,0,51.08853,10,Replayed,1.0
-9.0,1.0,-1,1,77.800575,10,Replayed,9.0
9.0,1.0,1,1,70.95245,10,Replayed,9.0
-3.0,0.0,1,0,40.00819,10,Replayed,3.0
-5.0,0.0,-1,1,66.7844,10,Replayed,5.0
1.0,0.0,1,1,48.58395,10,Replayed,1.0
-1.0,-1.0,-1,1,56.7564,10,Replayed,1.0
-1.0,0.0,1,0,43.22576,10,Replayed,1.0
3.0,0.0,1,1,53.30014,10,Replayed,3.0
38.0,-1.0,1,1,97.47052,10,Replayed,38.0
38.0,0.0,1,1,98.4269,10,Replayed,38.0
38.0,1.0,1,1,99.106125,10,Replayed,38.0
-9.0,0.0,-1,1,75.83185,10,Replayed,9.0
-38.0,-1.0,-1,1,98.071556,10,Replayed,38.0
-9.0,-1.0,-1,1,73.70623,10,Replayed,9.0
5.0,-1.0,-1,0,41.330345,10,Replayed,5.0
9.0,1.0,-1,0,28.705334,10,Replayed,9.0
38.0,1.0,1,1,99.09369,10,Replayed,38.0
1.0,1.0,1,1,48.831776,10,Replayed,1.0
9.0,-1.0,1,1,68.27143,10,Replayed,9.0
38.0,0.0,1,1,98.44438,10,Replayed,38.0
9.0,-1.0,1,1,67.98894,10,Replayed,9.0
3.0,-1.0,-1,0,45.955833,10,Replayed,3.0
-9.0,0.0,-1,1,75.44667,10,Replayed,9.0
-5.0,-1.0,-1,1,64.48008,10,Replayed,5.0
-3.0,-1.0,1,0,40.464985,10,Replayed,3.0
3.0,1.0,1,1,54.0496,10,Replayed,3.0
1.0,0.0,1,1,47.78698,10,Replayed,1.0
-38.0,0.0,-1,1,98.80167,10,Replayed,38.0
3.0,0.0,-1,0,46.478447,10,Replayed,3.0
3.0,0.0,-1,0,45.111458,10,Replayed,3.0
-3.0,0.0,-1,1,62.239628,10,Replayed,3.0
38.0,-1.0,1,1,97.55278,10,Replayed,38.0
3.0,1.0,1,1,53.845726,10,Replayed,3.0
-38.0,-1.0,-1,1,97.92901,10,Replayed,38.0
-1.0,0.0,-1,1,56.55811,10,Replayed,1.0
-3.0,-1.0,1,0,39.59963,10,Replayed,3.0
1.0,1.0,-1,0,50.065186,10,Replayed,1.0
9.0,1.0,1,1,72.039566,10,Replayed,9.0
-1.0,0.0,-1,1,56.155384,10,Replayed,1.0
9.0,-1.0,1,1,67.794586,10,Replayed,9.0
-9.0,-1.0,-1,1,73.6181,10,Replayed,9.0
-1.0,0.0,1,0,45.000767,10,Replayed,1.0
-3.0,0.0,-1,1,60.47891,10,Replayed,3.0
-5.0,-1.0,-1,1,65.0895,10,Replayed,5.0
-3.0,1.0,1,0,37.027542,10,Replayed,3.0
-5.0,0.0,1,0,33.90392,10,Replayed,5.0
3.0,1.0,1,1,53.570778,10,Replayed,3.0
5.0,1.0,1,1,60.108463,10,Replayed,5.0
-38.0,1.0,-1,1,99.3263,10,Replayed,38.0
-38.0,1.0,-1,1,99.211105,10,Replayed,38.0
-5.0,1.0,-1,1,66.926346,10,Replayed,5.0
-1.0,1.0,1,0,43.904408,10,Replayed,1.0
3.0,0.0,-1,0,44.47232,10,Replayed,3.0
1.0,0.0,-1,0,50.209366,10,Replayed,1.0
-38.0,-1.0,-1,1,97.96806,10,Replayed,38.0
-3.0,-1.0,-1,1,60.212547,10,Replayed,3.0
-38.0,1.0,-1,1,99.2772,10,Replayed,38.0
-9.0,0.0,1,0,24.996597,10,Replayed,9.0
-3.0,1.0,1,0,37.697487,10,Replayed,3.0
-3.0,1.0,-1,1,61.692715,10,Replayed,3.0
9.0,1.0,1,1,72.18322,10,Replayed,9.0
3.0,1.0,1,1,55.02617,10,Replayed,3.0
3.0,0.0,1,1,55.251385,10,Replayed,3.0
1.0,-1.0,-1,0,49.831257,11,Replayed,1.0
5.0,1.0,1,1,53.65553,11,Replayed,5.0
3.0,1.0,-1,0,47.458088,11,Replayed,3.0
-9.0,0.0,-1,1,57.825424,11,Replayed,9.0
3.0,0.0,-1,0,48.823856,11,Replayed,3.0
-38.0,-1.0,-1,1,84.19872,11,Replayed,38.0
-9.0,1.0,-1,1,56.45983,11,Replayed,9.0
3.0,1.0,-1,0,47.60409,11,Replayed,3.0
9.0,0.0,1,1,56.544167,11,Replayed,9.0
1.0,1.0,1,1,50.03555,11,Replayed,1.0
-3.0,-1.0,-1,1,54.000328,11,Replayed,3.0
-1.0,-1.0,-1,1,51.65577,11,Replayed,1.0
-5.0,1.0,1,0,45.00482,11,Replayed,5.0
-9.0,1.0,-1,1,58.059544,11,Replayed,9.0
-5.0,0.0,1,0,44.701023,11,Replayed,5.0
38.0,1.0,1,1,81.953735,11,Replayed,38.0
-9.0,-1.0,-1,1,58.637024,11,Replayed,9.0
38.0,-1.0,1,1,83.27916,11,Replayed,38.0
-5.0,-1.0,1,0,45.33133,11,Replayed,5.0
1.0,1.0,-1,0,50.448948,11,Replayed,1.0
-1.0,1.0,1,0,48.789585,11,Replayed,1.0
1.0,-1.0,-1,0,48.844326,11,Replayed,1.0
38.0,1.0,1,1,82.43264,11,Replayed,38.0
9.0,0.0,1,1,56.705296,11,Replayed,9.0
5.0,0.0,1,1,53.491444,11,Replayed,5.0
1.0,0.0,1,1,50.85112,11,Replayed,1.0
3.0,-1.0,-1,0,47.484722,11,Replayed,3.0
-3.0,0.0,1,0,46.696835,11,Replayed,3.0
3.0,1.0,-1,0,48.156704,11,Replayed,3.0
-3.0,-1.0,1,0,46.930477,11,Replayed,3.0
5.0,-1.0,-1,0,46.173073,11,Replayed,5.0
1.0,1.0,-1,0,49.907883,11,Replayed,1.0
1.0,0.0,-1,0,49.155846,11,Replayed,1.0
-38.0,-1.0,-1,1,84.26646,11,Replayed,38.0
9.0,0.0,1,1,56.905396,11,Replayed,9.0
9.0,-1.0,1,1,57.389877,11,Replayed,9.0
-38.0,1.0,-1,1,82.96932,11,Replayed,38.0
-9.0,1.0,-1,1,57.261383,11,Replayed,9.0
38.0,-1.0,1,1,84.221855,11,Replayed,38.0
-3.0,0.0,-1,1,53.2629,11,Replayed,3.0
-38.0,0.0,-1,1,83.10551,11,Replayed,38.0
-38.0,1.0,-1,1,83.706406,11,Replayed,38.0
3.0,-1.0,1,1,52.079086,11,Replayed,3.0
5.0,1.0,1,1,53.70406,11,Replayed,5.0
9.0,1.0,1,1,56.394863,11,Replayed,9.0
-5.0,0.0,-1,1,54.716354,11,Replayed,5.0
-38.0,-1.0,-1,1,85.19065,11,Replayed,38.0
-1.0,1.0,1,0,48.540516,11,Replayed,1.0
9.0,0.0,-1,0,42.88226,11,Replayed,9.0
5.0,1.0,-1,0,46.167656,11,Replayed,5.0
9.0,-1.0,1,1,57.659767,11,Replayed,9.0
1.0,1.0,1,1,50.40352,11,Replayed,1.0
-9.0,1.0,-1,1,57.218384,11,Replayed,9.0
-5.0,0.0,-1,1,55.433327,11,Replayed,5.0
-9.0,0.0,1,0,42.56074,11,Replayed,9.0
-9.0,1.0,-1,1,56.952522,11,Replayed,9.0
-5.0,1.0,-1,1,55.13153,11,Replayed,5.0
-38.0,1.0,-1,1,83.54059,11,Replayed,38.0
1.0,-1.0,-1,0,49.521683,11,Replayed,1.0
9.0,-1.0,-1,0,43.014217,11,Replayed,9.0
5.0,1.0,1,1,53.40291,11,Replayed,5.0
-5.0,1.0,-1,1,55.561455,11,Replayed,5.0
9.0,1.0,-1,0,43.707428,11,Replayed,9.0
3.0,1.0,-1,0,48.008312,11,Replayed,3.0
5.0,0.0,-1,0,46.000076,11,Replayed,5.0
-5.0,1.0,-1,1,54.0946,11,Replayed,5.0
5.0,1.0,-1,0,47.168903,11,Replayed,5.0
-38.0,0.0,1,0,16.719713,11,Replayed,38.0
38.0,0.0,1,1,83.13447,11,Replayed,38.0
1.0,1.0,1,1,50.25692,11,Replayed,1.0
9.0,1.0,1,1,56.58474,11,Replayed,9.0
9.0,-1.0,-1,0,42.85053,11,Replayed,9.0
-3.0,1.0,1,0,47.404293,11,Replayed,3.0
3.0,1.0,-1,0,47.382378,11,Replayed,3.0
1.0,1.0,1,1,50.56341,11,Replayed,1.0
9.0,-1.0,1,1,57.439636,11,Replayed,9.0
5.0,0.0,-1,0,46.4887,11,Replayed,5.0
9.0,-1.0,1,1,57.412,11,Replayed,9.0
5.0,-1.0,1,1,55.115818,11,Replayed,5.0
-5.0,-1.0,1,0,44.813866,11,Replayed,5.0
-3.0,1.0,-1,1,53.236973,11,Replayed,3.0
38.0,-1.0,1,1,83.27031,11,Replayed,38.0
1.0,1.0,-1,0,50.423347,11,Replayed,1.0
9.0,-1.0,1,1,56.97522,11,Replayed,9.0
-1.0,0.0,1,0,48.9564,11,Replayed,1.0
-9.0,-1.0,1,0,40.937088,11,Replayed,9.0
3.0,-1.0,-1,0,47.08387,11,Replayed,3.0
3.0,0.0,1,1,52.732765,11,Replayed,3.0
3.0,0.0,1,1,52.532494,11,Replayed,3.0
38.0,0.0,1,1,82.92998,11,Replayed,38.0
-9.0,0.0,1,0,40.880962,11,Replayed,9.0
-1.0,1.0,-1,1,51.08439,11,Replayed,1.0
-5.0,0.0,-1,1,54.572765,11,Replayed,5.0
-38.0,-1.0,-1,1,84.83817,11,Replayed,38.0
-1.0,0.0,1,0,48.15594,11,Replayed,1.0
-38.0,1.0,-1,1,83.08456,11,Replayed,38.0
1.0,0.0,-1,0,49.901436,11,Replayed,1.0
38.0,-1.0,1,1,83.1152,11,Replayed,38.0
5.0,1.0,1,1,54.261417,11,Replayed,5.0
-5.0,1.0,-1,1,54.644894,11,Replayed,5.0
5.0,-1.0,-1,0,45.889935,11,Replayed,5.0
-3.0,-1.0,-1,1,53.48743,11,Replayed,3.0
9.0,-1.0,1,1,56.192978,11,Replayed,9.0
-38.0,-1.0,-1,1,85.323395,11,Replayed,38.0
-3.0,0.0,-1,1,52.771748,11,Replayed,3.0
5.0,0.0,1,1,53.799946,11,Replayed,5.0
5.0,-1.0,-1,0,46.780945,11,Replayed,5.0
-9.0,0.0,-1,1,59.185417,11,Replayed,9.0
-1.0,1.0,1,0,47.803543,11,Replayed,1.0
-38.0,0.0,-1,1,84.49054,11,Replayed,38.0
3.0,-1.0,-1,0,47.684803,11,Replayed,3.0
-1.0,-1.0,-1,1,51.560646,11,Replayed,1.0
5.0,1.0,1,1,53.662647,11,Replayed,5.0
38.0,-1.0,1,1,84.40359,11,Replayed,38.0
3.0,0.0,1,1,52.236687,11,Replayed,3.0
38.0,0.0,-1,0,17.205631,11,Replayed,38.0
-9.0,0.0,-1,1,58.666466,11,Replayed,9.0
-9.0,-1.0,-1,1,58.61291,11,Replayed,9.0
5.0,-1.0,1,1,54.109226,11,Replayed,5.0
-5.0,0.0,-1,1,54.772907,11,Replayed,5.0
3.0,-1.0,-1,0,47.26401,11,Replayed,3.0
-3.0,0.0,1,0,46.713238,11,Replayed,3.0
38.0,1.0,1,1,82.198746,11,Replayed,38.0
-1.0,1.0,-1,1,51.06942,11,Replayed,1.0
9.0,0.0,1,1,56.993443,11,Replayed,9.0
5.0,-1.0,1,1,54.51029,11,Replayed,5.0
9.0,0.0,1,1,57.34055,11,Replayed,9.0
1.0,0.0,1,1,50.02327,11,Replayed,1.0
-5.0,-1.0,-1,1,55.47515,11,Replayed,5.0
5.0,0.0,1,1,53.76547,11,Replayed,5.0
-3.0,1.0,-1,1,53.488438,11,Replayed,3.0
38.0,-1.0,1,1,83.05608,11,Replayed,38.0
3.0,0.0,-1,0,48.26083,11,Replayed,3.0
-1.0,0.0,1,0,49.0064,11,Replayed,1.0
-3.0,1.0,1,0,46.83583,11,Replayed,3.0
38.0,0.0,1,1,82.912315,11,Replayed,38.0
-3.0,-1.0,1,0,45.695457,11,Replayed,3.0
-1.0,0.0,-1,1,51.296646,11,Replayed,1.0
1.0,0.0,1,1,50.777412,11,Replayed,1.0
5.0,1.0,-1,0,45.87527,11,Replayed,5.0
-3.0,0.0,-1,1,53.36141,11,Replayed,3.0
-1.0,-1.0,1,0,48.670856,11,Replayed,1.0
1.0,-1.0,1,1,49.99544,11,Replayed,1.0
-1.0,-1.0,1,0,48.181717,11,Replayed,1.0
-3.0,-1.0,-1,1,53.486122,11,Replayed,3.0
38.0,0.0,1,1,83.56138,11,Replayed,38.0
3.0,0.0,-1,0,47.45869,11,Replayed,3.0
-38.0,0.0,-1,1,84.56613,11,Replayed,38.0
38.0,-1.0,-1,0,16.392412,11,Replayed,38.0
3.0,-1.0,1,1,52.572514,11,Replayed,3.0
-5.0,1.0,1,0,45.35664,11,Replayed,5.0
-3.0,1.0,1,0,47.27878,11,Replayed,3.0
-38.0,-1.0,-1,1,84.27452,11,Replayed,38.0
-5.0,-1.0,-1,1,55.07666,11,Replayed,5.0
38.0,0.0,-1,0,16.55871,11,Replayed,38.0
5.0,0.0,1,1,53.851902,11,Replayed,5.0
9.0,0.0,1,1,56.63002,11,Replayed,9.0
-1.0,-1.0,-1,1,52.10508,11,Replayed,1.0
-3.0,1.0,-1,1,53.476936,11,Replayed,3.0
3.0,1.0,1,1,52.32565,11,Replayed,3.0
3.0,0.0,1,1,52.63651,11,Replayed,3.0
-38.0,1.0,-1,1,83.04875,11,Replayed,38.0
-38.0,1.0,-1,1,82.81266,11,Replayed,38.0
-3.0,-1.0,1,0,46.777397,11,Replayed,3.0
-9.0,0.0,-1,1,57.89402,11,Replayed,9.0
-3.0,1.0,1,0,46.403114,11,Replayed,3.0
1.0,0.0,-1,0,50.156975,11,Replayed,1.0
38.0,1.0,1,1,82.560974,11,Replayed,38.0
9.0,1.0,-1,0,43.237118,11,Replayed,9.0
-3.0,0.0,-1,1,52.626556,11,Replayed,3.0
-38.0,1.0,-1,1,82.84116,11,Replayed,38.0
1.0,-1.0,-1,0,49.74332,11,Replayed,1.0
3.0,-1.0,1,1,52.997475,11,Replayed,3.0
-9.0,0.0,-1,1,57.89101,11,Replayed,9.0
-3.0,0.0,1,0,45.89282,11,Replayed,3.0
-5.0,1.0,1,0,45.266277,11,Replayed,5.0
-5.0,0.0,1,0,45.14892,11,Replayed,5.0
-9.0,1.0,-1,1,58.6387,11,Replayed,9.0
-1.0,1.0,1,0,48.18683,11,Replayed,1.0
9.0,1.0,1,1,55.914814,11,Replayed,9.0
-9.0,-1.0,-1,1,58.93309,11,Replayed,9.0
-9.0,1.0,-1,1,58.372437,11,Replayed,9.0
1.0,-1.0,-1,0,49.96115,11,Replayed,1.0
-38.0,-1.0,-1,1,84.677185,11,Replayed,38.0
3.0,1.0,1,1,52.506714,11,Replayed,3.0
-9.0,-1.0,-1,1,57.80613,11,Replayed,9.0
1.0,1.0,1,1,50.63787,11,Replayed,1.0
5.0,0.0,1,1,53.569103,11,Replayed,5.0
-5.0,-1.0,-1,1,54.81767,11,Replayed,5.0
38.0,-1.0,1,1,84.38259,11,Replayed,38.0
-5.0,0.0,-1,1,54.506516,11,Replayed,5.0
-1.0,1.0,1,0,48.196785,11,Replayed,1.0
38.0,1.0,1,1,81.29822,11,Replayed,38.0
9.0,1.0,-1,0,43.201775,11,Replayed,9.0
-1.0,0.0,1,0,49.527153,11,Replayed,1.0
9.0,1.0,-1,0,43.870033,11,Replayed,9.0
38.0,0.0,1,1,82.77156,11,Replayed,38.0
3.0,1.0,1,1,51.82479,11,Replayed,3.0
-3.0,-1.0,-1,1,54.443676,11,Replayed,3.0
-38.0,0.0,-1,1,83.90024,11,Replayed,38.0
5.0,-1.0,1,1,54.31032,11,Replayed,5.0
-1.0,1.0,-1,1,51.927185,11,Replayed,1.0
1.0,-1.0,-1,0,49.58534,11,Replayed,1.0
-5.0,-1.0,-1,1,54.741955,11,Replayed,5.0
-1.0,-1.0,1,0,49.10314,11,Replayed,1.0
5.0,0.0,1,1,54.11718,11,Replayed,5.0
-9.0,1.0,-1,1,58.060802,11,Replayed,9.0
-9.0,-1.0,-1,1,58.554245,11,Replayed,9.0
3.0,0.0,1,1,51.058662,11,Replayed,3.0
-9.0,-1.0,-1,1,59.169018,11,Replayed,9.0
-38.0,-1.0,-1,1,84.275345,11,Replayed,38.0
38.0,0.0,1,1,83.006325,11,Replayed,38.0
-9.0,0.0,1,0,41.97977,11,Replayed,9.0
-38.0,0.0,-1,1,84.11755,11,Replayed,38.0
-3.0,0.0,-1,1,52.62859,11,Replayed,3.0
1.0,-1.0,-1,0,49.0871,11,Replayed,1.0
-38.0,0.0,-1,1,83.92618,11,Replayed,38.0
-1.0,-1.0,1,0,48.340233,11,Replayed,1.0
-1.0,0.0,1,0,48.29978,11,Replayed,1.0
-1.0,0.0,-1,1,52.126354,11,Replayed,1.0
-5.0,0.0,-1,1,54.91384,11,Replayed,5.0
-1.0,0.0,1,0,49.777843,11,Replayed,1.0
-1.0,-1.0,-1,1,51.45072,11,Replayed,1.0
-9.0,-1.0,-1,1,59.153687,11,Replayed,9.0
-5.0,-1.0,1,0,44.66223,11,Replayed,5.0
9.0,1.0,1,1,55.92562,11,Replayed,9.0
9.0,0.0,1,1,56.805603,11,Replayed,9.0
1.0,0.0,1,1,50.349636,11,Replayed,1.0
1.0,0.0,-1,0,49.402832,11,Replayed,1.0
3.0,-1.0,1,1,52.158905,11,Replayed,3.0
-38.0,1.0,-1,1,83.86763,11,Replayed,38.0
5.0,-1.0,-1,0,45.89086,11,Replayed,5.0
-3.0,-1.0,-1,1,52.7258,11,Replayed,3.0
-3.0,1.0,-1,1,53.048428,11,Replayed,3.0
-5.0,-1.0,-1,1,55.286217,11,Replayed,5.0
-5.0,1.0,1,0,46.00512,11,Replayed,5.0
38.0,1.0,1,1,81.58712,11,Replayed,38.0
-38.0,0.0,-1,1,84.221756,11,Replayed,38.0
38.0,1.0,1,1,82.055595,11,Replayed,38.0
38.0,1.0,1,1,77.14224,12,Replayed,38.0
5.0,1.0,1,1,53.069454,12,Replayed,5.0
-38.0,0.0,-1,1,78.350624,12,Replayed,38.0
-3.0,-1.0,1,0,46.50644,12,Replayed,3.0
38.0,0.0,1,1,76.39819,12,Replayed,38.0
1.0,-1.0,1,1,49.594368,12,Replayed,1.0
-3.0,-1.0,1,0,47.11734,12,Replayed,3.0
-1.0,-1.0,-1,1,51.536076,12,Replayed,1.0
38.0,0.0,1,1,77.77287,12,Replayed,38.0
1.0,0.0,-1,0,50.13843,12,Replayed,1.0
-1.0,0.0,-1,1,51.261723,12,Replayed,1.0
5.0,0.0,1,1,52.918507,12,Replayed,5.0
9.0,-1.0,-1,0,44.058437,12,Replayed,9.0
-38.0,1.0,-1,1,76.74505,12,Replayed,38.0
-5.0,-1.0,1,0,44.541782,12,Replayed,5.0
-5.0,1.0,-1,1,53.796844,12,Replayed,5.0
38.0,0.0,1,1,76.365166,12,Replayed,38.0
-9.0,-1.0,-1,1,57.183975,12,Replayed,9.0
-5.0,-1.0,-1,1,54.70099,12,Replayed,5.0
5.0,1.0,1,1,51.69143,12,Replayed,5.0
38.0,-1.0,1,1,78.04641,12,Replayed,38.0
9.0,0.0,1,1,56.19135,12,Replayed,9.0
-3.0,1.0,-1,1,52.91533,12,Replayed,3.0
-38.0,-1.0,-1,1,79.7631,12,Replayed,38.0
9.0,0.0,-1,0,42.922657,12,Replayed,9.0
5.0,0.0,1,1,52.94534,12,Replayed,5.0
38.0,-1.0,1,1,78.04583,12,Replayed,38.0
-3.0,0.0,-1,1,52.078213,12,Replayed,3.0
-5.0,-1.0,-1,1,55.016647,12,Replayed,5.0
-38.0,1.0,-1,1,78.14254,12,Replayed,38.0
-1.0,0.0,-1,1,51.538956,12,Replayed,1.0
5.0,0.0,1,1,52.77741,12,Replayed,5.0
-3.0,0.0,1,0,46.742313,12,Replayed,3.0
1.0,-1.0,1,1,50.1075,12,Replayed,1.0
-3.0,0.0,-1,1,54.52549,12,Replayed,3.0
-5.0,0.0,-1,1,55.0044,12,Replayed,5.0
-1.0,-1.0,-1,1,52.43817,12,Replayed,1.0
5.0,-1.0,-1,0,47.370564,12,Replayed,5.0
5.0,-1.0,-1,0,46.81078,12,Replayed,5.0
-5.0,1.0,-1,1,54.449947,12,Replayed,5.0
38.0,1.0,1,1,76.60523,12,Replayed,38.0
-5.0,-1.0,-1,1,55.219948,12,Replayed,5.0
-3.0,1.0,1,0,46.8821,12,Replayed,3.0
3.0,0.0,-1,0,47.585873,12,Replayed,3.0
-3.0,-1.0,-1,1,54.15626,12,Replayed,3.0
9.0,1.0,1,1,56.601578,12,Replayed,9.0
1.0,-1.0,-1,0,50.183743,12,Replayed,1.0
-5.0,-1.0,-1,1,56.32215,12,Replayed,5.0
-38.0,-1.0,-1,1,77.97015,12,Replayed,38.0
38.0,0.0,1,1,77.51311,12,Replayed,38.0
-9.0,1.0,-1,1,57.90527,12,Replayed,9.0
-3.0,0.0,-1,1,53.37047,12,Replayed,3.0
-3.0,0.0,-1,1,52.76556,12,Replayed,3.0
3.0,1.0,-1,0,48.20519,12,Replayed,3.0
-38.0,1.0,-1,1,78.18531,12,Replayed,38.0
1.0,-1.0,-1,0,50.274986,12,Replayed,1.0
9.0,0.0,-1,0,43.67184,12,Replayed,9.0
-3.0,-1.0,1,0,47.109585,12,Replayed,3.0
5.0,1.0,1,1,53.33506,12,Replayed,5.0
-38.0,0.0,-1,1,78.31309,12,Replayed,38.0
-9.0,1.0,-1,1,57.405228,12,Replayed,9.0
-5.0,0.0,-1,1,54.231335,12,Replayed,5.0
9.0,0.0,-1,0,43.512802,12,Replayed,9.0
-9.0,0.0,1,0,42.008343,12,Replayed,9.0
1.0,1.0,1,1,50.57179,12,Replayed,1.0
9.0,1.0,1,1,56.164543,12,Replayed,9.0
-38.0,1.0,-1,1,78.0964,12,Replayed,38.0
9.0,-1.0,1,1,57.531403,12,Replayed,9.0
-9.0,-1.0,1,0,42.362976,12,Replayed,9.0
-9.0,1.0,-1,1,57.021027,12,Replayed,9.0
-1.0,-1.0,1,0,48.24085,12,Replayed,1.0
-38.0,0.0,-1,1,77.95469,12,Replayed,38.0
-1.0,0.0,1,0,49.088562,12,Replayed,1.0
-3.0,1.0,1,0,47.798943,12,Replayed,3.0
-1.0,1.0,-1,1,51.941605,12,Replayed,1.0
1.0,1.0,1,1,50.458176,12,Replayed,1.0
9.0,-1.0,1,1,56.890236,12,Replayed,9.0
-5.0,0.0,1,0,44.830902,12,Replayed,5.0
3.0,0.0,1,1,51.147472,12,Replayed,3.0
3.0,0.0,-1,0,48.927784,12,Replayed,3.0
-3.0,1.0,-1,1,52.80354,12,Replayed,3.0
5.0,1.0,1,1,54.06379,12,Replayed,5.0
3.0,-1.0,1,1,52.767773,12,Replayed,3.0
-9.0,0.0,-1,1,58.039646,12,Replayed,9.0
-5.0,1.0,1,0,45.564804,12,Replayed,5.0
1.0,1.0,1,1,49.838837,12,Replayed,1.0
-9.0,0.0,-1,1,58.15903,12,Replayed,9.0
5.0,0.0,-1,0,47.227947,12,Replayed,5.0
5.0,0.0,-1,0,47.51285,12,Replayed,5.0
1.0,0.0,1,1,49.880947,12,Replayed,1.0
-9.0,0.0,-1,1,57.80362,12,Replayed,9.0
-5.0,-1.0,-1,1,54.743176,12,Replayed,5.0
3.0,1.0,-1,0,48.696205,12,Replayed,3.0
-38.0,0.0,-1,1,78.63291,12,Replayed,38.0
-1.0,-1.0,1,0,48.937836,12,Replayed,1.0
5.0,-1.0,-1,0,46.63482,12,Replayed,5.0
-1.0,-1.0,1,0,47.66059,12,Replayed,1.0
1.0,1.0,1,1,50.56859,12,Replayed,1.0
-38.0,1.0,-1,1,76.875916,12,Replayed,38.0
38.0,-1.0,1,1,78.55444,12,Replayed,38.0
38.0,-1.0,1,1,77.94897,12,Replayed,38.0
3.0,-1.0,-1,0,49.55073,12,Replayed,3.0
38.0,1.0,1,1,75.992065,12,Replayed,38.0
-3.0,1.0,1,0,46.328033,12,Replayed,3.0
3.0,1.0,1,1,51.47457,12,Replayed,3.0
3.0,0.0,-1,0,48.3035,12,Replayed,3.0
38.0,1.0,1,1,76.44175,12,Replayed,38.0
1.0,-1.0,1,1,49.904507,12,Replayed,1.0
1.0,0.0,1,1,50.710403,12,Replayed,1.0
-1.0,0.0,-1,1,52.58894,12,Replayed,1.0
3.0,0.0,-1,0,48.7286,12,Replayed,3.0
5.0,0.0,-1,0,46.516594,12,Replayed,5.0
38.0,-1.0,1,1,77.603355,12,Replayed,38.0
5.0,-1.0,1,1,53.390026,12,Replayed,5.0
9.0,0.0,1,1,55.344055,12,Replayed,9.0
-38.0,-1.0,-1,1,78.57882,12,Replayed,38.0
9.0,-1.0,1,1,56.05296,12,Replayed,9.0
-3.0,0.0,-1,1,52.983063,12,Replayed,3.0
1.0,-1.0,-1,0,50.80829,12,Replayed,1.0
9.0,0.0,1,1,56.869644,12,Replayed,9.0
-5.0,1.0,1,0,45.32419,12,Replayed,5.0
1.0,0.0,1,1,50.465183,12,Replayed,1.0
3.0,0.0,-1,0,48.405712,12,Replayed,3.0
-38.0,1.0,-1,1,77.964386,12,Replayed,38.0
-5.0,0.0,-1,1,54.165195,12,Replayed,5.0
-3.0,1.0,1,0,46.634632,12,Replayed,3.0
5.0,1.0,-1,0,46.638115,12,Replayed,5.0
9.0,1.0,1,1,56.511463,12,Replayed,9.0
1.0,0.0,-1,0,50.442112,12,Replayed,1.0
5.0,0.0,-1,0,47.775356,12,Replayed,5.0
9.0,0.0,1,1,56.03358,12,Replayed,9.0
-9.0,-1.0,-1,1,59.01416,12,Replayed,9.0
-5.0,-1.0,1,0,44.238445,12,Replayed,5.0
-1.0,-1.0,-1,1,52.023743,12,Replayed,1.0
1.0,0.0,1,1,49.499023,12,Replayed,1.0
38.0,-1.0,1,1,78.23406,12,Replayed,38.0
1.0,1.0,1,1,50.20269,12,Replayed,1.0
-1.0,1.0,1,0,48.118046,12,Replayed,1.0
-38.0,1.0,-1,1,76.95319,12,Replayed,38.0
-3.0,-1.0,-1,1,53.729332,12,Replayed,3.0
-1.0,1.0,1,0,47.701477,12,Replayed,1.0
-3.0,1.0,-1,1,52.986855,12,Replayed,3.0
3.0,-1.0,-1,0,49.243717,12,Replayed,3.0
-9.0,1.0,-1,1,56.70022,12,Replayed,9.0
-1.0,1.0,-1,1,51.583332,12,Replayed,1.0
-9.0,1.0,-1,1,57.533657,12,Replayed,9.0
-3.0,-1.0,-1,1,53.362186,12,Replayed,3.0
-38.0,-1.0,-1,1,79.56482,12,Replayed,38.0
-3.0,1.0,-1,1,53.08327,12,Replayed,3.0
38.0,1.0,1,1,76.04361,12,Replayed,38.0
-1.0,1.0,1,0,49.42474,12,Replayed,1.0
1.0,1.0,1,1,49.445744,12,Replayed,1.0
38.0,-1.0,-1,0,21.911,12,Replayed,38.0
-9.0,-1.0,-1,1,58.359604,12,Replayed,9.0
-1.0,1.0,-1,1,50.982655,12,Replayed,1.0
-9.0,-1.0,1,0,41.081474,12,Replayed,9.0
3.0,0.0,-1,0,47.945248,12,Replayed,3.0
5.0,-1.0,1,1,53.648853,12,Replayed,5.0
-38.0,-1.0,-1,1,79.79514,12,Replayed,38.0
3.0,-1.0,1,1,51.388912,12,Replayed,3.0
1.0,-1.0,1,1,49.80098,12,Replayed,1.0
9.0,-1.0,-1,0,44.11408,12,Replayed,9.0
-38.0,-1.0,-1,1,79.0773,12,Replayed,38.0
-38.0,0.0,-1,1,78.671486,12,Replayed,38.0
-38.0,-1.0,-1,1,78.63951,12,Replayed,38.0
-9.0,-1.0,1,0,42.266834,12,Replayed,9.0
-3.0,-1.0,-1,1,53.78992,12,Replayed,3.0
5.0,1.0,1,1,53.821777,12,Replayed,5.0
3.0,0.0,-1,0,48.987717,12,Replayed,3.0
-5.0,0.0,-1,1,55.229996,12,Replayed,5.0
3.0,-1.0,-1,0,48.444885,12,Replayed,3.0
38.0,0.0,1,1,76.96682,12,Replayed,38.0
38.0,0.0,1,1,76.94422,12,Replayed,38.0
9.0,1.0,1,1,56.105717,12,Replayed,9.0
-38.0,0.0,-1,1,77.95252,12,Replayed,38.0
-5.0,1.0,-1,1,53.75724,12,Replayed,5.0
1.0,1.0,-1,0,50.821503,12,Replayed,1.0
-9.0,1.0,-1,1,57.37067,12,Replayed,9.0
3.0,1.0,1,1,52.587086,12,Replayed,3.0
-1.0,0.0,1,0,48.389755,12,Replayed,1.0
9.0,1.0,1,1,55.941265,12,Replayed,9.0
-5.0,0.0,-1,1,54.939526,12,Replayed,5.0
-5.0,0.0,-1,1,55.042137,12,Replayed,5.0
38.0,-1.0,1,1,78.07159,12,Replayed,38.0
-1.0,1.0,1,0,49.26001,12,Replayed,1.0
1.0,0.0,1,1,49.695988,12,Replayed,1.0
9.0,0.0,1,1,55.892025,12,Replayed,9.0
-1.0,0.0,-1,1,50.23147,12,Replayed,1.0
5.0,-1.0,-1,0,45.98959,12,Replayed,5.0
9.0,1.0,1,1,56.401295,12,Replayed,9.0
-3.0,-1.0,1,0,47.229618,12,Replayed,3.0
38.0,1.0,1,1,76.00266,12,Replayed,38.0
38.0,0.0,1,1,77.58578,12,Replayed,38.0
3.0,1.0,1,1,51.411987,12,Replayed,3.0
-38.0,-1.0,-1,1,79.0252,12,Replayed,38.0
5.0,-1.0,1,1,52.97133,12,Replayed,5.0
-5.0,1.0,-1,1,54.901306,12,Replayed,5.0
38.0,1.0,1,1,76.14373,12,Replayed,38.0
-5.0,-1.0,-1,1,54.92805,12,Replayed,5.0
-1.0,-1.0,1,0,48.934444,12,Replayed,1.0
-9.0,0.0,1,0,42.44606,12,Replayed,9.0
-5.0,1.0,-1,1,54.673946,12,Replayed,5.0
3.0,-1.0,1,1,51.432755,12,Replayed,3.0
9.0,1.0,1,1,55.491577,12,Replayed,9.0
38.0,1.0,1,1,75.910934,12,Replayed,38.0
-38.0,1.0,-1,1,77.8308,12,Replayed,38.0
9.0,-1.0,-1,0,43.828487,12,Replayed,9.0
1.0,-1.0,-1,0,49.80931,12,Replayed,1.0
3.0,-1.0,-1,0,48.301884,12,Replayed,3.0
5.0,1.0,1,1,53.072937,12,Replayed,5.0
-38.0,0.0,-1,1,79.09057,12,Replayed,38.0
9.0,-1.0,1,1,57.158257,12,Replayed,9.0
-9.0,1.0,-1,1,57.550804,12,Replayed,9.0
3.0,1.0,-1,0,48.667675,12,Replayed,3.0
-1.0,0.0,1,0,48.4966,12,Replayed,1.0
9.0,-1.0,1,1,55.251728,12,Replayed,9.0
-1.0,1.0,-1,1,51.380367,12,Replayed,1.0
3.0,1.0,-1,0,47.280083,12,Replayed,3.0
-38.0,0.0,-1,1,78.81111,12,Replayed,38.0
3.0,1.0,1,1,50.47331,12,Replayed,3.0
-9.0,1.0,1,0,42.23676,12,Replayed,9.0
5.0,1.0,1,1,53.3528,12,Replayed,5.0
1.0,1.0,-1,0,50.52766,12,Replayed,1.0
-3.0,0.0,1,0,47.648857,12,Replayed,3.0
-5.0,1.0,-1,1,55.103355,12,Replayed,5.0
38.0,0.0,1,1,76.312355,12,Replayed,38.0
-1.0,0.0,-1,1,52.029663,12,Replayed,1.0
-1.0,0.0,-1,1,51.710022,13,Replayed,1.0
-38.0,1.0,-1,1,68.56842,13,Replayed,38.0
5.0,1.0,-1,0,48.449062,13,Replayed,5.0
-1.0,0.0,1,0,48.079205,13,Replayed,1.0
1.0,-1.0,1,1,49.442024,13,Replayed,1.0
-9.0,0.0,-1,1,55.861877,13,Replayed,9.0
3.0,1.0,1,1,51.267498,13,Replayed,3.0
-5.0,0.0,1,0,47.071285,13,Replayed,5.0
-9.0,1.0,1,0,44.438396,13,Replayed,9.0
9.0,-1.0,-1,0,46.876778,13,Replayed,9.0
-5.0,-1.0,-1,1,54.204613,13,Replayed,5.0
9.0,1.0,-1,0,47.06532,13,Replayed,9.0
9.0,-1.0,-1,0,46.910564,13,Replayed,9.0
9.0,-1.0,-1,0,47.649147,13,Replayed,9.0
-1.0,1.0,1,0,47.93574,13,Replayed,1.0
5.0,0.0,1,1,50.405457,13,Replayed,5.0
9.0,0.0,-1,0,47.510986,13,Replayed,9.0
-1.0,0.0,-1,1,51.557076,13,Replayed,1.0
-3.0,0.0,-1,1,53.42437,13,Replayed,3.0
9.0,-1.0,1,1,53.253353,13,Replayed,9.0
38.0,1.0,-1,0,34.512276,13,Replayed,38.0
1.0,1.0,-1,0,51.118988,13,Replayed,1.0
-1.0,-1.0,1,0,48.07549,13,Replayed,1.0
1.0,0.0,-1,0,51.667904,13,Replayed,1.0
1.0,-1.0,-1,0,50.34777,13,Replayed,1.0
3.0,-1.0,-1,0,50.379044,13,Replayed,3.0
5.0,1.0,-1,0,49.144466,13,Replayed,5.0
-5.0,-1.0,-1,1,53.87742,13,Replayed,5.0
3.0,0.0,-1,0,50.013397,13,Replayed,3.0
-9.0,0.0,1,0,43.828083,13,Replayed,9.0
-9.0,-1.0,1,0,44.39667,13,Replayed,9.0
38.0,1.0,1,1,66.247444,13,Replayed,38.0
-9.0,-1.0,1,0,44.576233,13,Replayed,9.0
-9.0,-1.0,-1,1,55.49822,13,Replayed,9.0
1.0,0.0,1,1,49.490852,13,Replayed,1.0
38.0,1.0,1,1,66.13572,13,Replayed,38.0
-38.0,-1.0,-1,1,68.091606,13,Replayed,38.0
1.0,1.0,-1,0,50.05277,13,Replayed,1.0
-5.0,-1.0,-1,1,54.740906,13,Replayed,5.0
-3.0,-1.0,-1,1,52.4845,13,Replayed,3.0
-1.0,1.0,-1,1,51.81873,13,Replayed,1.0
38.0,-1.0,-1,0,35.445446,13,Replayed,38.0
-9.0,0.0,1,0,44.76599,13,Replayed,9.0
-5.0,1.0,-1,1,53.762863,13,Replayed,5.0
-38.0,0.0,-1,1,69.20268,13,Replayed,38.0
-38.0,-1.0,-1,1,68.45154,13,Replayed,38.0
38.0,1.0,1,1,66.903854,13,Replayed,38.0
5.0,1.0,-1,0,48.323784,13,Replayed,5.0
-1.0,0.0,-1,1,51.653557,13,Replayed,1.0
1.0,-1.0,1,1,49.530704,13,Replayed,1.0
9.0,1.0,-1,0,46.31793,13,Replayed,9.0
9.0,0.0,-1,0,46.38644,13,Replayed,9.0
3.0,1.0,1,1,49.946606,13,Replayed,3.0
-3.0,-1.0,-1,1,53.112686,13,Replayed,3.0
3.0,1.0,-1,0,50.082058,13,Replayed,3.0
-1.0,-1.0,1,0,48.05153,13,Replayed,1.0
1.0,0.0,1,1,48.27967,13,Replayed,1.0
38.0,0.0,1,1,66.311844,13,Replayed,38.0
-38.0,1.0,-1,1,68.75537,13,Replayed,38.0
-1.0,0.0,-1,1,51.557533,13,Replayed,1.0
-3.0,-1.0,-1,1,53.091805,13,Replayed,3.0
-38.0,1.0,-1,1,68.782715,13,Replayed,38.0
38.0,-1.0,1,1,65.54085,13,Replayed,38.0
5.0,-1.0,-1,0,48.542942,13,Replayed,5.0
-1.0,1.0,-1,1,51.353138,13,Replayed,1.0
-38.0,-1.0,-1,1,67.70406,13,Replayed,38.0
3.0,0.0,1,1,50.21213,13,Replayed,3.0
5.0,1.0,1,1,52.074356,13,Replayed,5.0
-9.0,0.0,-1,1,55.572582,13,Replayed,9.0
-9.0,1.0,-1,1,55.647415,13,Replayed,9.0
9.0,0.0,1,1,52.53119,13,Replayed,9.0
38.0,0.0,-1,0,34.46431,13,Replayed,38.0
3.0,1.0,-1,0,50.16896,13,Replayed,3.0
9.0,-1.0,-1,0,46.87281,13,Replayed,9.0
-3.0,0.0,-1,1,53.067867,13,Replayed,3.0
-3.0,-1.0,-1,1,53.231777,13,Replayed,3.0
9.0,1.0,1,1,53.426403,13,Replayed,9.0
3.0,0.0,-1,0,49.970688,13,Replayed,3.0
38.0,0.0,1,1,65.91028,13,Replayed,38.0
9.0,-1.0,-1,0,46.55938,13,Replayed,9.0
-5.0,0.0,1,0,46.14771,13,Replayed,5.0
-9.0,0.0,-1,1,56.102352,13,Replayed,9.0
5.0,-1.0,-1,0,49.481903,13,Replayed,5.0
5.0,1.0,1,1,50.796677,13,Replayed,5.0
3.0,0.0,1,1,49.572567,13,Replayed,3.0
-3.0,1.0,-1,1,52.476448,13,Replayed,3.0
3.0,-1.0,1,1,50.27731,13,Replayed,3.0
1.0,1.0,-1,0,50.56412,13,Replayed,1.0
5.0,0.0,-1,0,48.390694,13,Replayed,5.0
3.0,-1.0,-1,0,50.42804,13,Replayed,3.0
-38.0,1.0,-1,1,68.30655,13,Replayed,38.0
-38.0,0.0,-1,1,68.23944,13,Replayed,38.0
38.0,1.0,1,1,66.00869,13,Replayed,38.0
-3.0,0.0,-1,1,52.783806,13,Replayed,3.0
-5.0,1.0,-1,1,54.087925,13,Replayed,5.0
3.0,-1.0,1,1,49.745525,13,Replayed,3.0
38.0,-1.0,-1,0,33.88022,13,Replayed,38.0
-5.0,-1.0,1,0,45.309597,13,Replayed,5.0
-9.0,1.0,-1,1,55.362587,13,Replayed,9.0
-5.0,-1.0,-1,1,53.80299,13,Replayed,5.0
-9.0,-1.0,1,0,44.5024,13,Replayed,9.0
-38.0,-1.0,-1,1,68.557945,13,Replayed,38.0
-3.0,1.0,-1,1,53.25712,13,Replayed,3.0
-1.0,1.0,1,0,48.459473,13,Replayed,1.0
5.0,0.0,-1,0,49.21688,13,Replayed,5.0
38.0,0.0,-1,0,33.36023,13,Replayed,38.0
38.0,-1.0,-1,0,34.200726,13,Replayed,38.0
1.0,1.0,1,1,48.420807,13,Replayed,1.0
1.0,-1.0,-1,0,50.857933,13,Replayed,1.0
-9.0,1.0,-1,1,56.05595,13,Replayed,9.0
9.0,1.0,-1,0,46.14922,13,Replayed,9.0
-5.0,1.0,-1,1,53.59796,13,Replayed,5.0
5.0,-1.0,1,1,51.938194,13,Replayed,5.0
-3.0,0.0,1,0,47.195988,13,Replayed,3.0
9.0,1.0,1,1,53.23094,13,Replayed,9.0
1.0,0.0,1,1,49.05673,13,Replayed,1.0
38.0,0.0,1,1,65.50114,13,Replayed,38.0
-3.0,1.0,-1,1,53.0525,13,Replayed,3.0
-9.0,0.0,-1,1,55.16444,13,Replayed,9.0
3.0,-1.0,-1,0,50.03982,13,Replayed,3.0
-3.0,0.0,1,0,47.120277,13,Replayed,3.0
-3.0,1.0,-1,1,52.49524,13,Replayed,3.0
-5.0,1.0,-1,1,53.152393,13,Replayed,5.0
1.0,0.0,1,1,49.710014,13,Replayed,1.0
5.0,0.0,1,1,51.292114,13,Replayed,5.0
-1.0,1.0,-1,1,52.310585,13,Replayed,1.0
-38.0,1.0,-1,1,68.53723,13,Replayed,38.0
38.0,1.0,1,1,66.35695,13,Replayed,38.0
-9.0,1.0,-1,1,56.561386,13,Replayed,9.0
-38.0,-1.0,-1,1,67.519554,13,Replayed,38.0
9.0,1.0,-1,0,46.45907,13,Replayed,9.0
5.0,1.0,1,1,50.62868,13,Replayed,5.0
-5.0,0.0,1,0,45.99643,13,Replayed,5.0
1.0,0.0,1,1,49.38819,13,Replayed,1.0
5.0,-1.0,-1,0,48.55782,13,Replayed,5.0
3.0,-1.0,1,1,49.55001,13,Replayed,3.0
38.0,-1.0,1,1,64.91191,13,Replayed,38.0
-1.0,-1.0,1,0,48.254833,13,Replayed,1.0
5.0,-1.0,-1,0,48.539825,13,Replayed,5.0
-9.0,0.0,-1,1,55.838467,13,Replayed,9.0
-5.0,1.0,-1,1,53.62407,13,Replayed,5.0
-38.0,1.0,-1,1,68.920044,13,Replayed,38.0
-9.0,1.0,1,0,44.739807,13,Replayed,9.0
-5.0,0.0,-1,1,53.8615,13,Replayed,5.0
-3.0,-1.0,-1,1,52.90627,13,Replayed,3.0
-38.0,0.0,-1,1,68.64287,13,Replayed,38.0
5.0,1.0,1,1,50.488747,13,Replayed,5.0
-5.0,0.0,-1,1,53.202732,13,Replayed,5.0
-1.0,1.0,1,0,48.165825,13,Replayed,1.0
38.0,0.0,1,1,65.49103,13,Replayed,38.0
-3.0,0.0,-1,1,52.85743,13,Replayed,3.0
38.0,0.0,1,1,66.37928,13,Replayed,38.0
-9.0,1.0,1,0,44.242924,13,Replayed,9.0
-5.0,1.0,1,0,45.92292,13,Replayed,5.0
-38.0,-1.0,-1,1,67.96089,13,Replayed,38.0
-5.0,1.0,1,0,46.198387,13,Replayed,5.0
38.0,0.0,1,1,66.312256,13,Replayed,38.0
38.0,-1.0,1,1,65.234024,13,Replayed,38.0
-9.0,0.0,-1,1,56.5275,13,Replayed,9.0
5.0,0.0,1,1,51.03732,13,Replayed,5.0
9.0,0.0,-1,0,46.720524,13,Replayed,9.0
-1.0,0.0,1,0,47.48659,13,Replayed,1.0
9.0,0.0,1,1,53.286194,13,Replayed,9.0
-1.0,-1.0,-1,1,51.986862,13,Replayed,1.0
3.0,1.0,1,1,49.954052,13,Replayed,3.0
-1.0,0.0,1,0,47.579975,13,Replayed,1.0
3.0,0.0,1,1,49.615547,13,Replayed,3.0
-5.0,0.0,1,0,46.739265,13,Replayed,5.0
1.0,1.0,-1,0,51.30111,13,Replayed,1.0
-3.0,1.0,-1,1,52.630836,13,Replayed,3.0
-5.0,-1.0,-1,1,53.984703,13,Replayed,5.0
3.0,-1.0,1,1,49.098965,13,Replayed,3.0
5.0,0.0,1,1,51.52414,13,Replayed,5.0
-3.0,-1.0,-1,1,52.765453,13,Replayed,3.0
3.0,-1.0,-1,0,49.525024,13,Replayed,3.0
-3.0,1.0,-1,1,52.477932,13,Replayed,3.0
38.0,1.0,1,1,66.395226,13,Replayed,38.0
-9.0,-1.0,-1,1,55.236565,13,Replayed,9.0
-1.0,1.0,-1,1,52.196163,13,Replayed,1.0
-38.0,0.0,-1,1,68.96721,13,Replayed,38.0
-3.0,-1.0,1,0,47.865425,13,Replayed,3.0
-9.0,-1.0,-1,1,55.764748,13,Replayed,9.0
1.0,-1.0,-1,0,51.163612,13,Replayed,1.0
-9.0,-1.0,-1,1,55.743397,13,Replayed,9.0
-38.0,-1.0,1,0,32.1627,13,Replayed,38.0
1.0,-1.0,-1,0,50.956375,13,Replayed,1.0
38.0,1.0,-1,0,33.231792,13,Replayed,38.0
5.0,-1.0,1,1,52.003597,13,Replayed,5.0
5.0,-1.0,1,1,51.148952,13,Replayed,5.0
-3.0,-1.0,-1,1,52.69648,13,Replayed,3.0
-3.0,0.0,1,0,47.41322,13,Replayed,3.0
9.0,1.0,-1,0,47.330933,13,Replayed,9.0
5.0,0.0,1,1,51.07707,13,Replayed,5.0
-1.0,0.0,1,0,48.354923,13,Replayed,1.0
3.0,1.0,1,1,49.732056,13,Replayed,3.0
9.0,-1.0,1,1,53.370274,13,Replayed,9.0
1.0,-1.0,1,1,49.132736,13,Replayed,1.0
-5.0,0.0,1,0,46.30318,13,Replayed,5.0
-9.0,-1.0,1,0,43.876984,13,Replayed,9.0
38.0,-1.0,1,1,66.48588,13,Replayed,38.0
3.0,0.0,-1,0,49.93503,13,Replayed,3.0
1.0,0.0,-1,0,50.242798,13,Replayed,1.0
9.0,0.0,-1,0,46.525406,13,Replayed,9.0
9.0,1.0,-1,0,46.72144,13,Replayed,9.0
-9.0,1.0,-1,1,55.08626,13,Replayed,9.0
5.0,0.0,1,1,50.337273,13,Replayed,5.0
-1.0,-1.0,1,0,47.51994,13,Replayed,1.0
3.0,1.0,-1,0,49.946274,13,Replayed,3.0
3.0,1.0,1,1,50.836594,13,Replayed,3.0
-1.0,-1.0,-1,1,51.17646,13,Replayed,1.0
-5.0,1.0,1,0,46.45062,13,Replayed,5.0
1.0,0.0,-1,0,51.14464,13,Replayed,1.0
5.0,-1.0,1,1,51.751637,13,Replayed,5.0
-1.0,-1.0,-1,1,52.074154,13,Replayed,1.0
3.0,0.0,-1,0,49.420433,13,Replayed,3.0
-5.0,0.0,1,0,45.767803,13,Replayed,5.0
1.0,-1.0,1,1,49.108063,13,Replayed,1.0
-1.0,-1.0,-1,1,52.48493,13,Replayed,1.0
-38.0,1.0,1,0,31.00507,13,Replayed,38.0
-38.0,0.0,-1,1,68.71033,13,Replayed,38.0
-38.0,0.0,-1,1,68.999535,13,Replayed,38.0
5.0,1.0,-1,0,49.605854,13,Replayed,5.0
-5.0,-1.0,-1,1,54.12172,13,Replayed,5.0
-38.0,0.0,-1,1,68.45247,13,Replayed,38.0
1.0,1.0,-1,0,51.487137,13,Replayed,1.0
-38.0,1.0,-1,1,69.39966,13,Replayed,38.0
9.0,0.0,-1,0,47.04691,13,Replayed,9.0
-38.0,0.0,-1,1,68.55269,13,Replayed,38.0
38.0,-1.0,1,1,65.7054,13,Replayed,38.0
-3.0,1.0,-1,1,52.95034,13,Replayed,3.0
-3.0,-1.0,-1,1,54.507095,14,Replayed,3.0
-9.0,-1.0,-1,1,62.754833,14,Replayed,9.0
-38.0,0.0,-1,1,94.05716,14,Replayed,38.0
-9.0,0.0,-1,1,62.530655,14,Replayed,9.0
-5.0,-1.0,-1,1,56.747776,14,Replayed,5.0
9.0,1.0,1,1,64.26489,14,Replayed,9.0
-3.0,1.0,-1,1,52.191536,14,Replayed,3.0
-9.0,1.0,-1,1,60.167347,14,Replayed,9.0
1.0,-1.0,1,1,53.80051,14,Replayed,1.0
-38.0,-1.0,-1,1,94.85956,14,Replayed,38.0
38.0,0.0,1,1,95.08609,14,Replayed,38.0
3.0,0.0,1,1,56.075363,14,Replayed,3.0
-1.0,0.0,-1,1,50.01278,14,Replayed,1.0
-38.0,1.0,-1,1,92.7666,14,Replayed,38.0
-5.0,0.0,-1,1,55.846066,14,Replayed,5.0
-5.0,0.0,-1,1,55.44089,14,Replayed,5.0
-38.0,0.0,-1,1,93.87406,14,Replayed,38.0
-1.0,-1.0,-1,1,49.927986,14,Replayed,1.0
1.0,0.0,-1,0,47.542904,14,Replayed,1.0
38.0,1.0,1,1,94.41706,14,Replayed,38.0
-3.0,-1.0,1,0,46.441536,14,Replayed,3.0
9.0,-1.0,1,1,66.80945,14,Replayed,9.0
1.0,1.0,-1,0,46.53153,14,Replayed,1.0
-5.0,-1.0,-1,1,56.922096,14,Replayed,5.0
-5.0,1.0,-1,1,55.25955,14,Replayed,5.0
-1.0,-1.0,1,0,49.66525,14,Replayed,1.0
5.0,-1.0,-1,0,39.865562,14,Replayed,5.0
-1.0,1.0,1,0,49.69268,14,Replayed,1.0
1.0,0.0,1,1,53.095646,14,Replayed,1.0
-3.0,0.0,-1,1,52.822876,14,Replayed,3.0
-38.0,-1.0,-1,1,94.88582,14,Replayed,38.0
3.0,1.0,-1,0,43.89017,14,Replayed,3.0
-38.0,1.0,-1,1,92.84913,14,Replayed,38.0
-3.0,1.0,-1,1,52.35659,14,Replayed,3.0
-9.0,-1.0,-1,1,62.837593,14,Replayed,9.0
3.0,1.0,1,1,55.84883,14,Replayed,3.0
-38.0,0.0,-1,1,93.90154,14,Replayed,38.0
-1.0,1.0,1,0,50.684814,14,Replayed,1.0
-9.0,1.0,1,0,39.508766,14,Replayed,9.0
1.0,1.0,-1,0,47.252155,14,Replayed,1.0
38.0,-1.0,1,1,96.033485,14,Replayed,38.0
3.0,-1.0,1,1,57.565968,14,Replayed,3.0
5.0,0.0,1,1,59.417896,14,Replayed,5.0
3.0,0.0,-1,0,43.757584,14,Replayed,3.0
-5.0,0.0,1,0,43.443817,14,Replayed,5.0
-5.0,1.0,-1,1,56.147873,14,Replayed,5.0
-9.0,-1.0,1,0,37.0664,14,Replayed,9.0
-38.0,1.0,-1,1,93.0598,14,Replayed,38.0
-9.0,-1.0,-1,1,62.82873,14,Replayed,9.0
-1.0,-1.0,1,0,50.31168,14,Replayed,1.0
38.0,1.0,1,1,94.25453,14,Replayed,38.0
-5.0,1.0,1,0,44.059437,14,Replayed,5.0
-1.0,0.0,1,0,49.895363,14,Replayed,1.0
-38.0,-1.0,-1,1,95.11505,14,Replayed,38.0
-3.0,1.0,-1,1,53.758602,14,Replayed,3.0
-9.0,1.0,-1,1,60.503834,14,Replayed,9.0
-3.0,-1.0,1,0,46.82404,14,Replayed,3.0
9.0,1.0,1,1,63.813805,14,Replayed,9.0
-1.0,1.0,-1,1,49.837837,14,Replayed,1.0
-9.0,-1.0,1,0,36.71598,14,Replayed,9.0
9.0,0.0,-1,0,35.37003,14,Replayed,9.0
-1.0,0.0,-1,1,50.414074,14,Replayed,1.0
-3.0,-1.0,-1,1,53.517628,14,Replayed,3.0
-3.0,-1.0,1,0,45.76628,14,Replayed,3.0
5.0,0.0,-1,0,40.80827,14,Replayed,5.0
38.0,1.0,1,1,94.36398,14,Replayed,38.0
38.0,1.0,1,1,94.32748,14,Replayed,38.0
-38.0,1.0,-1,1,92.79988,14,Replayed,38.0
-1.0,1.0,-1,1,50.163036,14,Replayed,1.0
-9.0,1.0,1,0,38.310917,14,Replayed,9.0
-3.0,1.0,-1,1,53.16886,14,Replayed,3.0
3.0,0.0,1,1,56.59342,14,Replayed,3.0
-5.0,-1.0,1,0,43.624397,14,Replayed,5.0
-9.0,0.0,-1,1,61.904484,14,Replayed,9.0
38.0,0.0,1,1,95.00658,14,Replayed,38.0
3.0,-1.0,1,1,57.187004,14,Replayed,3.0
5.0,-1.0,1,1,60.674328,14,Replayed,5.0
-9.0,0.0,-1,1,61.566246,14,Replayed,9.0
1.0,1.0,1,1,53.498108,14,Replayed,1.0
-1.0,1.0,-1,1,49.746315,14,Replayed,1.0
5.0,0.0,1,1,59.200443,14,Replayed,5.0
-3.0,1.0,1,0,46.893692,14,Replayed,3.0
-38.0,1.0,-1,1,92.99579,14,Replayed,38.0
3.0,1.0,-1,0,44.88495,14,Replayed,3.0
-38.0,1.0,-1,1,92.94882,14,Replayed,38.0
1.0,1.0,1,1,54.00101,14,Replayed,1.0
-3.0,1.0,-1,1,53.359867,14,Replayed,3.0
38.0,-1.0,1,1,95.71034,14,Replayed,38.0
5.0,1.0,-1,0,42.47409,14,Replayed,5.0
5.0,0.0,-1,0,41.38733,14,Replayed,5.0
5.0,1.0,-1,0,41.606834,14,Replayed,5.0
9.0,1.0,1,1,63.678806,14,Replayed,9.0
9.0,1.0,1,1,64.01447,14,Replayed,9.0
5.0,-1.0,1,1,59.888523,14,Replayed,5.0
-9.0,-1.0,-1,1,62.505424,14,Replayed,9.0
3.0,0.0,1,1,56.648056,14,Replayed,3.0
9.0,-1.0,1,1,67.57408,14,Replayed,9.0
-38.0,0.0,-1,1,94.02241,14,Replayed,38.0
5.0,1.0,1,1,58.59494,14,Replayed,5.0
-1.0,-1.0,1,0,49.921234,14,Replayed,1.0
-1.0,-1.0,1,0,50.028408,14,Replayed,1.0
38.0,-1.0,1,1,95.80924,14,Replayed,38.0
5.0,-1.0,1,1,60.192577,14,Replayed,5.0
-5.0,0.0,1,0,43.329144,14,Replayed,5.0
1.0,-1.0,-1,0,46.132668,14,Replayed,1.0
-3.0,1.0,-1,1,52.75471,14,Replayed,3.0
-9.0,1.0,1,0,39.20999,14,Replayed,9.0
9.0,-1.0,-1,0,33.925465,14,Replayed,9.0
5.0,1.0,1,1,58.898865,14,Replayed,5.0
-38.0,-1.0,-1,1,94.9555,14,Replayed,38.0
9.0,0.0,1,1,65.20916,14,Replayed,9.0
38.0,-1.0,1,1,95.95878,14,Replayed,38.0
9.0,-1.0,1,1,65.93571,14,Replayed,9.0
-9.0,0.0,-1,1,61.159576,14,Replayed,9.0
-3.0,1.0,-1,1,52.01643,14,Replayed,3.0
-38.0,-1.0,-1,1,94.938515,14,Replayed,38.0
9.0,0.0,1,1,65.57319,14,Replayed,9.0
-1.0,0.0,1,0,49.73487,14,Replayed,1.0
38.0,1.0,1,1,94.37931,14,Replayed,38.0
5.0,1.0,1,1,57.859104,14,Replayed,5.0
5.0,1.0,1,1,58.59325,14,Replayed,5.0
-9.0,0.0,-1,1,61.31549,14,Replayed,9.0
1.0,0.0,1,1,54.171383,14,Replayed,1.0
3.0,-1.0,1,1,56.819473,14,Replayed,3.0
1.0,-1.0,1,1,53.487648,14,Replayed,1.0
1.0,0.0,1,1,53.850166,14,Replayed,1.0
-38.0,-1.0,-1,1,94.816,14,Replayed,38.0
38.0,-1.0,1,1,95.944824,14,Replayed,38.0
3.0,0.0,1,1,56.270397,14,Replayed,3.0
5.0,1.0,-1,0,41.566387,14,Replayed,5.0
-5.0,-1.0,-1,1,56.75581,14,Replayed,5.0
1.0,1.0,1,1,53.21216,14,Replayed,1.0
-3.0,0.0,1,0,47.599926,14,Replayed,3.0
-3.0,-1.0,-1,1,53.166294,14,Replayed,3.0
1.0,0.0,1,1,53.56232,14,Replayed,1.0
3.0,0.0,-1,0,43.069996,14,Replayed,3.0
9.0,1.0,1,1,63.85481,14,Replayed,9.0
1.0,-1.0,-1,0,46.66057,14,Replayed,1.0
5.0,0.0,1,1,59.52481,14,Replayed,5.0
-38.0,-1.0,-1,1,94.995605,14,Replayed,38.0
-9.0,-1.0,-1,1,62.523293,14,Replayed,9.0
9.0,-1.0,1,1,66.43778,14,Replayed,9.0
-1.0,-1.0,-1,1,49.59338,14,Replayed,1.0
9.0,-1.0,1,1,66.065,14,Replayed,9.0
-38.0,0.0,-1,1,94.131645,14,Replayed,38.0
-3.0,0.0,1,0,47.182774,14,Replayed,3.0
1.0,-1.0,1,1,54.83763,14,Replayed,1.0
5.0,0.0,1,1,59.827,14,Replayed,5.0
-38.0,0.0,-1,1,93.788765,14,Replayed,38.0
-3.0,0.0,-1,1,53.64778,14,Replayed,3.0
-5.0,1.0,-1,1,55.615955,14,Replayed,5.0
-1.0,-1.0,-1,1,50.89352,14,Replayed,1.0
3.0,-1.0,1,1,56.91781,14,Replayed,3.0
3.0,-1.0,1,1,56.645363,14,Replayed,3.0
3.0,0.0,-1,0,43.600155,14,Replayed,3.0
-38.0,1.0,-1,1,92.876144,14,Replayed,38.0
3.0,0.0,1,1,55.892746,14,Replayed,3.0
-1.0,0.0,-1,1,49.95458,14,Replayed,1.0
5.0,0.0,1,1,59.24205,14,Replayed,5.0
5.0,-1.0,1,1,60.102367,14,Replayed,5.0
-5.0,1.0,-1,1,55.193596,14,Replayed,5.0
1.0,0.0,1,1,53.361618,14,Replayed,1.0
-5.0,1.0,-1,1,55.968136,14,Replayed,5.0
1.0,0.0,1,1,53.17139,14,Replayed,1.0
-5.0,0.0,-1,1,56.232136,14,Replayed,5.0
-1.0,0.0,1,0,49.98949,14,Replayed,1.0
3.0,1.0,-1,0,44.4274,14,Replayed,3.0
-5.0,-1.0,1,0,42.787006,14,Replayed,5.0
-5.0,0.0,-1,1,56.184162,14,Replayed,5.0
1.0,-1.0,1,1,53.54579,14,Replayed,1.0
3.0,1.0,-1,0,44.149235,14,Replayed,3.0
5.0,-1.0,1,1,60.220657,14,Replayed,5.0
1.0,1.0,1,1,53.306156,14,Replayed,1.0
-3.0,-1.0,-1,1,53.43329,14,Replayed,3.0
-9.0,0.0,-1,1,61.6979,14,Replayed,9.0
-9.0,1.0,1,0,39.445297,14,Replayed,9.0
-1.0,-1.0,-1,1,49.63573,14,Replayed,1.0
-1.0,1.0,1,0,49.858265,14,Replayed,1.0
9.0,1.0,1,1,64.05149,14,Replayed,9.0
-38.0,0.0,-1,1,93.84018,14,Replayed,38.0
-3.0,0.0,-1,1,53.037525,14,Replayed,3.0
-5.0,0.0,1,0,44.262238,14,Replayed,5.0
3.0,-1.0,1,1,57.129597,14,Replayed,3.0
38.0,1.0,1,1,94.09027,14,Replayed,38.0
9.0,0.0,1,1,65.212685,14,Replayed,9.0
-9.0,0.0,1,0,38.113518,14,Replayed,9.0
38.0,0.0,1,1,95.10503,14,Replayed,38.0
9.0,0.0,-1,0,34.907536,14,Replayed,9.0
38.0,1.0,1,1,94.09409,14,Replayed,38.0
-3.0,-1.0,-1,1,53.49276,14,Replayed,3.0
-9.0,1.0,-1,1,60.7085,14,Replayed,9.0
38.0,1.0,1,1,94.14921,14,Replayed,38.0
-3.0,0.0,-1,1,53.101532,14,Replayed,3.0
5.0,-1.0,1,1,60.659008,14,Replayed,5.0
5.0,1.0,1,1,58.138306,14,Replayed,5.0
9.0,-1.0,1,1,65.513916,14,Replayed,9.0
38.0,-1.0,1,1,95.78265,14,Replayed,38.0
5.0,0.0,1,1,59.328617,14,Replayed,5.0
-5.0,-1.0,1,0,43.399437,14,Replayed,5.0
-9.0,0.0,-1,1,61.820625,14,Replayed,9.0
38.0,0.0,1,1,95.04682,14,Replayed,38.0
3.0,1.0,-1,0,43.795246,14,Replayed,3.0
-1.0,1.0,1,0,49.95756,14,Replayed,1.0
1.0,1.0,1,1,52.639187,14,Replayed,1.0
-5.0,-1.0,1,0,43.51249,14,Replayed,5.0
9.0,1.0,1,1,64.003395,14,Replayed,9.0
1.0,-1.0,-1,0,46.392296,14,Replayed,1.0
1.0,1.0,1,1,53.095192,14,Replayed,1.0
38.0,-1.0,1,1,95.859604,14,Replayed,38.0
-5.0,0.0,1,0,43.939095,14,Replayed,5.0
-1.0,0.0,-1,1,50.05701,14,Replayed,1.0
9.0,0.0,1,1,64.89785,14,Replayed,9.0
9.0,0.0,1,1,65.334045,14,Replayed,9.0
9.0,1.0,1,1,64.2533,14,Replayed,9.0
5.0,-1.0,1,1,60.01333,14,Replayed,5.0
-5.0,-1.0,-1,1,56.590958,14,Replayed,5.0
38.0,0.0,1,1,95.18712,14,Replayed,38.0
1.0,-1.0,-1,0,45.873837,14,Replayed,1.0
-5.0,1.0,-1,1,56.413685,14,Replayed,5.0
9.0,-1.0,-1,0,33.897476,14,Replayed,9.0
-1.0,0.0,1,0,50.286644,14,Replayed,1.0
38.0,0.0,1,1,94.821495,14,Replayed,38.0
9.0,0.0,1,1,64.90126,14,Replayed,9.0
1.0,0.0,1,1,53.417946,14,Replayed,1.0
-5.0,1.0,-1,1,55.490337,14,Replayed,5.0
-38.0,0.0,-1,1,93.921776,14,Replayed,38.0
38.0,-1.0,1,1,96.01788,14,Replayed,38.0
-38.0,-1.0,-1,1,94.73674,14,Replayed,38.0
3.0,-1.0,-1,0,42.721527,14,Replayed,3.0
38.0,0.0,1,1,94.93434,14,Replayed,38.0
-3.0,0.0,-1,1,53.197044,14,Replayed,3.0
3.0,-1.0,1,1,56.888294,14,Replayed,3.0
-38.0,1.0,-1,1,93.1381,14,Replayed,38.0
-1.0,1.0,-1,1,49.923687,14,Replayed,1.0
-3.0,0.0,1,0,46.786125,14,Replayed,3.0
3.0,1.0,1,1,55.25576,14,Replayed,3.0
3.0,1.0,-1,0,43.953545,14,Replayed,3.0
-9.0,-1.0,-1,1,62.770157,14,Replayed,9.0
-9.0,1.0,-1,1,61.161156,14,Replayed,9.0
38.0,0.0,1,1,95.36257,14,Replayed,38.0
1.0,1.0,1,1,69.946495,15,Replayed,1.0
-1.0,0.0,-1,1,55.526035,15,Replayed,1.0
9.0,-1.0,1,1,99.88569,15,Replayed,9.0
1.0,0.0,1,1,69.11535,15,Replayed,1.0
-38.0,0.0,-1,1,99.99,15,Replayed,38.0
38.0,1.0,1,1,99.99,15,Replayed,38.0
-1.0,0.0,-1,1,54.459126,15,Replayed,1.0
-3.0,-1.0,-1,1,74.55182,15,Replayed,3.0
-1.0,-1.0,-1,1,52.829075,15,Replayed,1.0
38.0,1.0,1,1,99.99,15,Replayed,38.0
1.0,1.0,-1,0,30.029154,15,Replayed,1.0
-5.0,-1.0,-1,1,90.92093,15,Replayed,5.0
-3.0,0.0,-1,1,77.38292,15,Replayed,3.0
1.0,-1.0,1,1,69.739716,15,Replayed,1.0
9.0,0.0,1,1,99.98732,15,Replayed,9.0
9.0,0.0,1,1,99.83639,15,Replayed,9.0
38.0,-1.0,1,1,99.99,15,Replayed,38.0
1.0,-1.0,1,1,70.1014,15,Replayed,1.0
5.0,1.0,1,1,95.939545,15,Replayed,5.0
-5.0,0.0,-1,1,90.79193,15,Replayed,5.0
-1.0,-1.0,1,0,45.48899,15,Replayed,1.0
5.0,1.0,1,1,95.84861,15,Replayed,5.0
-38.0,0.0,-1,1,99.99,15,Replayed,38.0
3.0,0.0,1,1,86.53993,15,Replayed,3.0
-5.0,0.0,1,0,9.622044,15,Replayed,5.0
-9.0,-1.0,-1,1,99.683586,15,Replayed,9.0
-38.0,1.0,-1,1,99.99,15,Replayed,38.0
-9.0,0.0,-1,1,99.48446,15,Replayed,9.0
-9.0,1.0,-1,1,99.38473,15,Replayed,9.0
3.0,-1.0,1,1,86.59031,15,Replayed,3.0
1.0,-1.0,1,1,69.06522,15,Replayed,1.0
-38.0,-1.0,-1,1,99.99,15,Replayed,38.0
-5.0,0.0,-1,1,91.18687,15,Replayed,5.0
-3.0,0.0,-1,1,76.60363,15,Replayed,3.0
5.0,-1.0,1,1,95.98949,15,Replayed,5.0
5.0,1.0,1,1,95.65585,15,Replayed,5.0
-3.0,0.0,-1,1,76.47689,15,Replayed,3.0
-38.0,1.0,-1,1,99.99,15,Replayed,38.0
-38.0,0.0,-1,1,99.99,15,Replayed,38.0
5.0,0.0,1,1,95.95116,15,Replayed,5.0
-9.0,0.0,-1,1,99.48467,15,Replayed,9.0
-1.0,0.0,-1,1,54.99666,15,Replayed,1.0
3.0,-1.0,1,1,87.36259,15,Replayed,3.0
38.0,-1.0,1,1,99.99,15,Replayed,38.0
5.0,1.0,1,1,96.61504,15,Replayed,5.0
1.0,-1.0,1,1,69.70403,15,Replayed,1.0
-3.0,0.0,-1,1,76.35252,15,Replayed,3.0
1.0,1.0,-1,0,30.366812,15,Replayed,1.0
1.0,1.0,1,1,69.47989,15,Replayed,1.0
-38.0,1.0,-1,1,99.99,15,Replayed,38.0
-9.0,-1.0,-1,1,99.483315,15,Replayed,9.0
-1.0,-1.0,-1,1,54.7088,15,Replayed,1.0
38.0,0.0,1,1,99.99,15,Replayed,38.0
3.0,1.0,1,1,86.922165,15,Replayed,3.0
3.0,1.0,1,1,87.446754,15,Replayed,3.0
-38.0,-1.0,-1,1,99.99,15,Replayed,38.0
1.0,-1.0,1,1,69.6177,15,Replayed,1.0
38.0,0.0,1,1,99.99,15,Replayed,38.0
-5.0,1.0,-1,1,92.18225,15,Replayed,5.0
-38.0,0.0,-1,1,99.99,15,Replayed,38.0
-9.0,1.0,-1,1,99.535164,15,Replayed,9.0
-1.0,1.0,-1,1,55.93501,15,Replayed,1.0
5.0,-1.0,1,1,96.19281,15,Replayed,5.0
9.0,-1.0,1,1,99.83684,15,Replayed,9.0
1.0,0.0,1,1,68.66361,15,Replayed,1.0
38.0,-1.0,1,1,99.99,15,Replayed,38.0
3.0,-1.0,1,1,87.76024,15,Replayed,3.0
-5.0,0.0,-1,1,90.93395,15,Replayed,5.0
3.0,1.0,1,1,87.259026,15,Replayed,3.0
38.0,0.0,1,1,99.99,15,Replayed,38.0
9.0,1.0,1,1,99.98653,15,Replayed,9.0
38.0,-1.0,1,1,99.99,15,Replayed,38.0
-5.0,1.0,-1,1,91.29635,15,Replayed,5.0
-38.0,1.0,-1,1,99.99,15,Replayed,38.0
9.0,1.0,1,1,99.88677,15,Replayed,9.0
9.0,0.0,1,1,99.98657,15,Replayed,9.0
-3.0,1.0,-1,1,75.408676,15,Replayed,3.0
1.0,1.0,-1,0,30.414825,15,Replayed,1.0
-5.0,1.0,-1,1,90.54655,15,Replayed,5.0
-9.0,0.0,-1,1,99.83455,15,Replayed,9.0
-38.0,1.0,-1,1,99.99,15,Replayed,38.0
1.0,1.0,1,1,70.93583,15,Replayed,1.0
-1.0,1.0,-1,1,53.036743,15,Replayed,1.0
-1.0,1.0,-1,1,54.169144,15,Replayed,1.0
-9.0,1.0,-1,1,99.48357,15,Replayed,9.0
5.0,1.0,1,1,95.66497,15,Replayed,5.0
-5.0,0.0,-1,1,91.06596,15,Replayed,5.0
-3.0,0.0,-1,1,75.73468,15,Replayed,3.0
5.0,-1.0,1,1,96.29542,15,Replayed,5.0
-9.0,1.0,-1,1,99.43357,15,Replayed,9.0
38.0,0.0,1,1,99.99,15,Replayed,38.0
38.0,-1.0,1,1,99.99,15,Replayed,38.0
-5.0,-1.0,-1,1,90.472015,15,Replayed,5.0
9.0,0.0,1,1,99.736084,15,Replayed,9.0
-3.0,0.0,-1,1,74.244545,15,Replayed,3.0
5.0,1.0,1,1,95.92112,15,Replayed,5.0
9.0,0.0,1,1,99.88695,15,Replayed,9.0
-9.0,-1.0,-1,1,99.68261,15,Replayed,9.0
-1.0,0.0,-1,1,53.504364,15,Replayed,1.0
38.0,1.0,1,1,99.99,15,Replayed,38.0
38.0,-1.0,1,1,99.99,15,Replayed,38.0
38.0,1.0,1,1,99.99,15,Replayed,38.0
9.0,-1.0,1,1,99.78498,15,Replayed,9.0
-5.0,0.0,-1,1,90.843605,15,Replayed,5.0
-38.0,0.0,-1,1,99.99,15,Replayed,38.0
-9.0,0.0,-1,1,99.68368,15,Replayed,9.0
5.0,0.0,1,1,95.59225,15,Replayed,5.0
9.0,-1.0,1,1,99.78609,15,Replayed,9.0
5.0,-1.0,1,1,96.423035,15,Replayed,5.0
-3.0,0.0,-1,1,76.16756,15,Replayed,3.0
-3.0,1.0,-1,1,76.85885,15,Replayed,3.0
9.0,0.0,1,1,99.9362,15,Replayed,9.0
-9.0,1.0,-1,1,99.584236,15,Replayed,9.0
-5.0,0.0,-1,1,91.58817,15,Replayed,5.0
-3.0,1.0,-1,1,77.14598,15,Replayed,3.0
-1.0,-1.0,1,0,44.846645,15,Replayed,1.0
-5.0,-1.0,-1,1,89.53733,15,Replayed,5.0
3.0,1.0,1,1,86.68431,15,Replayed,3.0
-9.0,-1.0,-1,1,99.53273,15,Replayed,9.0
-3.0,-1.0,-1,1,77.83626,15,Replayed,3.0
9.0,1.0,1,1,99.8356,15,Replayed,9.0
3.0,0.0,1,1,86.419716,15,Replayed,3.0
1.0,0.0,1,1,67.550865,15,Replayed,1.0
-5.0,-1.0,-1,1,90.28466,15,Replayed,5.0
1.0,1.0,1,1,68.55043,15,Replayed,1.0
-5.0,-1.0,-1,1,91.034,15,Replayed,5.0
1.0,-1.0,1,1,70.156136,15,Replayed,1.0
3.0,0.0,1,1,87.08988,15,Replayed,3.0
3.0,1.0,1,1,85.94253,15,Replayed,3.0
3.0,0.0,1,1,87.45858,15,Replayed,3.0
5.0,-1.0,1,1,95.94629,15,Replayed,5.0
1.0,0.0,-1,0,30.602798,15,Replayed,1.0
-3.0,1.0,-1,1,75.80685,15,Replayed,3.0
5.0,-1.0,1,1,96.65123,15,Replayed,5.0
5.0,-1.0,1,1,95.632,15,Replayed,5.0
9.0,-1.0,1,1,99.83595,15,Replayed,9.0
1.0,0.0,-1,0,31.891134,15,Replayed,1.0
-5.0,1.0,-1,1,90.45447,15,Replayed,5.0
38.0,0.0,1,1,99.99,15,Replayed,38.0
1.0,0.0,-1,0,30.932224,15,Replayed,1.0
-5.0,0.0,-1,1,91.13757,15,Replayed,5.0
38.0,1.0,1,1,99.99,15,Replayed,38.0
-1.0,1.0,-1,1,54.712963,15,Replayed,1.0
3.0,0.0,1,1,86.56395,15,Replayed,3.0
-9.0,1.0,-1,1,99.43427,15,Replayed,9.0
9.0,-1.0,1,1,99.7848,15,Replayed,9.0
-3.0,-1.0,1,0,25.601015,15,Replayed,3.0
38.0,1.0,1,1,99.99,15,Replayed,38.0
5.0,0.0,1,1,95.4909,15,Replayed,5.0
5.0,-1.0,1,1,96.84215,15,Replayed,5.0
3.0,1.0,1,1,86.428246,15,Replayed,3.0
38.0,0.0,1,1,99.99,15,Replayed,38.0
-3.0,0.0,-1,1,75.06175,15,Replayed,3.0
5.0,0.0,1,1,95.968124,15,Replayed,5.0
1.0,-1.0,1,1,68.094055,15,Replayed,1.0
-38.0,-1.0,-1,1,99.99,15,Replayed,38.0
3.0,0.0,1,1,86.99184,15,Replayed,3.0
-38.0,0.0,-1,1,99.99,15,Replayed,38.0
3.0,0.0,1,1,85.771866,15,Replayed,3.0
38.0,1.0,1,1,99.99,15,Replayed,38.0
3.0,-1.0,1,1,87.23011,15,Replayed,3.0
3.0,0.0,1,1,86.60235,15,Replayed,3.0
9.0,0.0,1,1,99.93626,15,Replayed,9.0
-1.0,-1.0,-1,1,53.926403,15,Replayed,1.0
-38.0,-1.0,-1,1,99.99,15,Replayed,38.0
-3.0,-1.0,1,0,23.957113,15,Replayed,3.0
5.0,0.0,-1,0,3.913884,15,Replayed,5.0
5.0,1.0,-1,0,4.0202003,15,Replayed,5.0
-3.0,1.0,1,0,25.103287,15,Replayed,3.0
-3.0,1.0,1,0,23.876068,15,Replayed,3.0
-38.0,-1.0,-1,1,99.99,15,Replayed,38.0
-38.0,0.0,-1,1,99.99,15,Replayed,38.0
-9.0,0.0,-1,1,99.434456,15,Replayed,9.0
-5.0,1.0,-1,1,91.56607,15,Replayed,5.0
3.0,-1.0,1,1,86.513466,15,Replayed,3.0
9.0,1.0,1,1,99.886734,15,Replayed,9.0
-5.0,1.0,-1,1,91.34265,15,Replayed,5.0
-9.0,-1.0,-1,1,99.38242,15,Replayed,9.0
-38.0,-1.0,-1,1,99.99,15,Replayed,38.0
9.0,1.0,1,1,99.936066,15,Replayed,9.0
-5.0,1.0,-1,1,90.2606,15,Replayed,5.0
38.0,0.0,1,1,99.99,15,Replayed,38.0
-1.0,1.0,1,0,45.374928,15,Replayed,1.0
3.0,1.0,1,1,87.33985,15,Replayed,3.0
-1.0,1.0,1,0,47.380116,15,Replayed,1.0
1.0,-1.0,1,1,71.11359,15,Replayed,1.0
-3.0,1.0,-1,1,75.66203,15,Replayed,3.0
-1.0,-1.0,1,0,46.93495,15,Replayed,1.0
5.0,0.0,1,1,95.594246,15,Replayed,5.0
1.0,1.0,1,1,68.11426,15,Replayed,1.0
38.0,1.0,1,1,99.99,15,Replayed,38.0
-9.0,0.0,-1,1,99.48489,15,Replayed,9.0
-1.0,1.0,1,0,46.170265,15,Replayed,1.0
-9.0,-1.0,-1,1,99.63237,15,Replayed,9.0
-9.0,1.0,-1,1,99.6835,15,Replayed,9.0
9.0,-1.0,1,1,99.986115,15,Replayed,9.0
-38.0,1.0,-1,1,99.99,15,Replayed,38.0
3.0,1.0,-1,0,12.917651,15,Replayed,3.0
-9.0,-1.0,-1,1,99.33244,15,Replayed,9.0
3.0,-1.0,1,1,87.81086,15,Replayed,3.0
-5.0,-1.0,1,0,8.451314,15,Replayed,5.0
-5.0,1.0,1,0,9.124055,15,Replayed,5.0
-1.0,0.0,-1,1,52.751915,15,Replayed,1.0
-1.0,-1.0,-1,1,52.653343,15,Replayed,1.0
-38.0,1.0,-1,1,99.99,15,Replayed,38.0
-38.0,1.0,-1,1,99.99,15,Replayed,38.0
9.0,0.0,1,1,99.83677,15,Replayed,9.0
-3.0,-1.0,-1,1,75.92477,15,Replayed,3.0
-38.0,-1.0,-1,1,99.99,15,Replayed,38.0
-38.0,-1.0,-1,1,99.99,15,Replayed,38.0
-3.0,1.0,1,0,24.819738,15,Replayed,3.0
-1.0,0.0,-1,1,54.243027,15,Replayed,1.0
-9.0,0.0,-1,1,99.7341,15,Replayed,9.0
-9.0,1.0,-1,1,99.43439,15,Replayed,9.0
-3.0,-1.0,-1,1,77.3799,15,Replayed,3.0
38.0,-1.0,1,1,99.99,15,Replayed,38.0
-1.0,1.0,1,0,49.196915,15,Replayed,1.0
-38.0,0.0,-1,1,99.99,15,Replayed,38.0
1.0,0.0,1,1,70.97624,15,Replayed,1.0
3.0,-1.0,1,1,87.6069,15,Replayed,3.0
-9.0,-1.0,-1,1,99.68228,15,Replayed,9.0
38.0,0.0,1,1,99.99,15,Replayed,38.0
3.0,-1.0,1,1,87.5789,15,Replayed,3.0
-5.0,-1.0,-1,1,90.097694,15,Replayed,5.0
5.0,0.0,1,1,96.40101,15,Replayed,5.0
9.0,1.0,1,1,99.98703,15,Replayed,9.0
-1.0,0.0,1,0,45.371502,15,Replayed,1.0
9.0,1.0,1,1,99.98582,15,Replayed,9.0
-5.0,-1.0,-1,1,91.27717,15,Replayed,5.0
-9.0,0.0,-1,1,99.532394,15,Replayed,9.0
-1.0,-1.0,1,0,45.74084,15,Replayed,1.0
-3.0,-1.0,-1,1,77.00984,15,Replayed,3.0
-1.0,0.0,1,0,45.224163,15,Replayed,1.0
-3.0,-1.0,-1,1,76.76033,15,Replayed,3.0
5.0,0.0,1,1,95.23908,15,Replayed,5.0
9.0,-1.0,1,1,99.78715,15,Replayed,9.0
1.0,0.0,-1,0,29.218521,15,Replayed,1.0
3.0,-1.0,1,1,74.30852,16,Replayed,3.0
-5.0,0.0,-1,1,66.72646,16,Replayed,5.0
1.0,0.0,-1,0,34.924572,16,Replayed,1.0
-9.0,0.0,-1,1,84.554825,16,Replayed,9.0
9.0,0.0,1,1,91.98763,16,Replayed,9.0
-1.0,0.0,1,0,54.12545,16,Replayed,1.0
5.0,0.0,1,1,81.54657,16,Replayed,5.0
-9.0,-1.0,-1,1,83.50739,16,Replayed,9.0
3.0,-1.0,1,1,74.562195,16,Replayed,3.0
1.0,1.0,1,1,63.565437,16,Replayed,1.0
-1.0,0.0,1,0,53.839546,16,Replayed,1.0
-3.0,-1.0,1,0,44.30323,16,Replayed,3.0
1.0,1.0,1,1,64.18302,16,Replayed,1.0
-1.0,1.0,1,0,53.451233,16,Replayed,1.0
-5.0,-1.0,1,0,34.40224,16,Replayed,5.0
-5.0,0.0,-1,1,67.90293,16,Replayed,5.0
9.0,0.0,1,1,93.222626,16,Replayed,9.0
38.0,0.0,1,1,99.99,16,Replayed,38.0
5.0,-1.0,1,1,81.37339,16,Replayed,5.0
-9.0,1.0,-1,1,83.771996,16,Replayed,9.0
-1.0,-1.0,1,0,53.57483,16,Replayed,1.0
-3.0,1.0,1,0,43.397427,16,Replayed,3.0
5.0,-1.0,1,1,80.05145,16,Replayed,5.0
3.0,-1.0,-1,0,25.87772,16,Replayed,3.0
5.0,0.0,1,1,82.89067,16,Replayed,5.0
-38.0,-1.0,-1,1,99.99,16,Replayed,38.0
9.0,0.0,1,1,92.91764,16,Replayed,9.0
3.0,1.0,1,1,73.489365,16,Replayed,3.0
3.0,1.0,1,1,72.07785,16,Replayed,3.0
-3.0,0.0,1,0,44.280605,16,Replayed,3.0
3.0,0.0,1,1,74.27817,16,Replayed,3.0
38.0,1.0,1,1,99.99,16,Replayed,38.0
9.0,-1.0,1,1,93.025764,16,Replayed,9.0
-38.0,1.0,-1,1,99.99,16,Replayed,38.0
-3.0,1.0,1,0,43.8219,16,Replayed,3.0
38.0,0.0,1,1,99.99,16,Replayed,38.0
38.0,-1.0,1,1,99.99,16,Replayed,38.0
38.0,1.0,1,1,99.99,16,Replayed,38.0
38.0,1.0,1,1,99.99,16,Replayed,38.0
-38.0,-1.0,-1,1,99.99,16,Replayed,38.0
-38.0,1.0,-1,1,99.99,16,Replayed,38.0
5.0,1.0,1,1,81.74786,16,Replayed,5.0
-5.0,-1.0,-1,1,66.958115,16,Replayed,5.0
-3.0,0.0,-1,1,58.020943,16,Replayed,3.0
5.0,0.0,1,1,82.056435,16,Replayed,5.0
3.0,0.0,1,1,73.945526,16,Replayed,3.0
9.0,-1.0,1,1,92.86416,16,Replayed,9.0
1.0,-1.0,1,1,62.010437,16,Replayed,1.0
1.0,-1.0,1,1,66.04411,16,Replayed,1.0
38.0,0.0,1,1,99.99,16,Replayed,38.0
-1.0,-1.0,1,0,54.695232,16,Replayed,1.0
-1.0,1.0,-1,1,45.003174,16,Replayed,1.0
-9.0,-1.0,-1,1,83.39357,16,Replayed,9.0
-3.0,-1.0,-1,1,56.170536,16,Replayed,3.0
38.0,0.0,1,1,99.99,16,Replayed,38.0
1.0,-1.0,1,1,63.074852,16,Replayed,1.0
9.0,-1.0,1,1,92.42045,16,Replayed,9.0
1.0,0.0,1,1,63.7128,16,Replayed,1.0
5.0,0.0,1,1,81.20803,16,Replayed,5.0
9.0,1.0,1,1,92.37873,16,Replayed,9.0
-38.0,-1.0,-1,1,99.99,16,Replayed,38.0
-5.0,1.0,-1,1,66.34639,16,Replayed,5.0
38.0,-1.0,1,1,99.99,16,Replayed,38.0
-1.0,0.0,1,0,53.288662,16,Replayed,1.0
5.0,-1.0,1,1,81.7692,16,Replayed,5.0
-3.0,0.0,-1,1,53.758472,16,Replayed,3.0
-5.0,0.0,-1,1,65.99078,16,Replayed,5.0
-3.0,0.0,-1,1,56.795605,16,Replayed,3.0
-5.0,-1.0,-1,1,66.85745,16,Replayed,5.0
-9.0,0.0,1,0,16.787018,16,Replayed,9.0
-9.0,1.0,-1,1,83.38205,16,Replayed,9.0
9.0,0.0,-1,0,7.773532,16,Replayed,9.0
5.0,0.0,1,1,82.62744,16,Replayed,5.0
-9.0,0.0,-1,1,82.79134,16,Replayed,9.0
5.0,1.0,1,1,80.79734,16,Replayed,5.0
-9.0,1.0,-1,1,83.58539,16,Replayed,9.0
-9.0,0.0,-1,1,82.897964,16,Replayed,9.0
-5.0,1.0,-1,1,65.942894,16,Replayed,5.0
3.0,-1.0,1,1,74.62893,16,Replayed,3.0
1.0,0.0,-1,0,38.2301,16,Replayed,1.0
-5.0,1.0,-1,1,66.06327,16,Replayed,5.0
-38.0,-1.0,-1,1,99.99,16,Replayed,38.0
-9.0,-1.0,-1,1,84.552666,16,Replayed,9.0
-3.0,1.0,-1,1,58.11384,16,Replayed,3.0
9.0,-1.0,1,1,92.353836,16,Replayed,9.0
-1.0,-1.0,-1,1,45.322765,16,Replayed,1.0
-38.0,0.0,-1,1,99.99,16,Replayed,38.0
-38.0,1.0,-1,1,99.99,16,Replayed,38.0
9.0,1.0,1,1,93.37665,16,Replayed,9.0
-38.0,0.0,-1,1,99.99,16,Replayed,38.0
9.0,-1.0,1,1,93.16909,16,Replayed,9.0
5.0,1.0,-1,0,17.503458,16,Replayed,5.0
-9.0,0.0,-1,1,84.01886,16,Replayed,9.0
5.0,1.0,-1,0,17.730278,16,Replayed,5.0
-38.0,1.0,-1,1,99.99,16,Replayed,38.0
-5.0,-1.0,-1,1,67.96116,16,Replayed,5.0
1.0,-1.0,1,1,65.40801,16,Replayed,1.0
3.0,1.0,1,1,72.7479,16,Replayed,3.0
38.0,1.0,1,1,99.99,16,Replayed,38.0
5.0,-1.0,1,1,81.537285,16,Replayed,5.0
3.0,0.0,-1,0,26.302792,16,Replayed,3.0
-38.0,-1.0,-1,1,99.99,16,Replayed,38.0
5.0,-1.0,1,1,81.94315,16,Replayed,5.0
-3.0,-1.0,-1,1,58.737682,16,Replayed,3.0
-5.0,0.0,1,0,35.090454,16,Replayed,5.0
3.0,0.0,-1,0,26.571808,16,Replayed,3.0
-5.0,0.0,-1,1,67.80769,16,Replayed,5.0
-38.0,0.0,-1,1,99.99,16,Replayed,38.0
-5.0,1.0,-1,1,64.82704,16,Replayed,5.0
3.0,1.0,1,1,71.333595,16,Replayed,3.0
3.0,-1.0,1,1,71.50338,16,Replayed,3.0
9.0,0.0,1,1,92.49503,16,Replayed,9.0
-1.0,1.0,1,0,54.466908,16,Replayed,1.0
-9.0,1.0,-1,1,84.050896,16,Replayed,9.0
3.0,0.0,-1,0,25.61185,16,Replayed,3.0
-3.0,1.0,1,0,43.1557,16,Replayed,3.0
1.0,0.0,1,1,65.11497,16,Replayed,1.0
-1.0,-1.0,1,0,54.349834,16,Replayed,1.0
-3.0,1.0,1,0,42.63071,16,Replayed,3.0
-1.0,1.0,1,0,55.813854,16,Replayed,1.0
5.0,1.0,1,1,79.75193,16,Replayed,5.0
-5.0,-1.0,-1,1,66.046265,16,Replayed,5.0
-5.0,-1.0,1,0,33.40252,16,Replayed,5.0
-3.0,-1.0,-1,1,55.756706,16,Replayed,3.0
-3.0,1.0,1,0,43.659843,16,Replayed,3.0
38.0,-1.0,1,1,99.99,16,Replayed,38.0
-3.0,-1.0,1,0,42.562145,16,Replayed,3.0
-1.0,-1.0,-1,1,45.923878,16,Replayed,1.0
-5.0,0.0,-1,1,66.0809,16,Replayed,5.0
9.0,-1.0,1,1,90.93473,16,Replayed,9.0
-9.0,-1.0,-1,1,83.96823,16,Replayed,9.0
-9.0,0.0,-1,1,82.17184,16,Replayed,9.0
-3.0,-1.0,1,0,43.928703,16,Replayed,3.0
-1.0,0.0,1,0,54.42788,16,Replayed,1.0
-1.0,0.0,1,0,53.977375,16,Replayed,1.0
-5.0,1.0,1,0,33.613644,16,Replayed,5.0
-3.0,-1.0,-1,1,57.95442,16,Replayed,3.0
3.0,0.0,-1,0,26.487183,16,Replayed,3.0
-5.0,1.0,-1,1,67.10594,16,Replayed,5.0
9.0,1.0,1,1,92.59568,16,Replayed,9.0
5.0,-1.0,-1,0,18.64499,16,Replayed,5.0
-1.0,1.0,1,0,54.381172,16,Replayed,1.0
38.0,1.0,1,1,99.99,16,Replayed,38.0
-3.0,-1.0,1,0,42.954285,16,Replayed,3.0
-1.0,0.0,1,0,51.549126,16,Replayed,1.0
1.0,0.0,-1,0,39.030598,16,Replayed,1.0
9.0,1.0,1,1,92.468216,16,Replayed,9.0
1.0,-1.0,1,1,64.48353,16,Replayed,1.0
-1.0,-1.0,-1,1,45.08726,16,Replayed,1.0
-38.0,0.0,-1,1,99.99,16,Replayed,38.0
5.0,0.0,-1,0,18.439743,16,Replayed,5.0
-9.0,0.0,1,0,18.356213,16,Replayed,9.0
-5.0,1.0,-1,1,68.33191,16,Replayed,5.0
-1.0,0.0,1,0,53.62069,16,Replayed,1.0
38.0,0.0,1,1,99.99,16,Replayed,38.0
-38.0,0.0,-1,1,99.99,16,Replayed,38.0
38.0,-1.0,1,1,99.99,16,Replayed,38.0
3.0,0.0,1,1,73.306076,16,Replayed,3.0
-9.0,1.0,-1,1,81.77921,16,Replayed,9.0
1.0,1.0,1,1,63.24485,16,Replayed,1.0
3.0,-1.0,1,1,75.428375,16,Replayed,3.0
3.0,1.0,1,1,71.75402,16,Replayed,3.0
-1.0,1.0,-1,1,46.564247,16,Replayed,1.0
38.0,-1.0,1,1,99.99,16,Replayed,38.0
-1.0,-1.0,-1,1,45.99376,16,Replayed,1.0
-9.0,1.0,-1,1,84.4998,16,Replayed,9.0
-3.0,0.0,1,0,42.144268,16,Replayed,3.0
-38.0,1.0,-1,1,99.99,16,Replayed,38.0
-38.0,-1.0,-1,1,99.99,16,Replayed,38.0
1.0,-1.0,-1,0,34.465336,16,Replayed,1.0
1.0,1.0,-1,0,35.466896,16,Replayed,1.0
-5.0,-1.0,1,0,32.461483,16,Replayed,5.0
3.0,1.0,-1,0,25.573576,16,Replayed,3.0
-1.0,1.0,-1,1,46.70461,16,Replayed,1.0
9.0,0.0,1,1,92.90414,16,Replayed,9.0
-1.0,1.0,1,0,52.749294,16,Replayed,1.0
9.0,0.0,1,1,91.92196,16,Replayed,9.0
38.0,-1.0,1,1,99.99,16,Replayed,38.0
3.0,-1.0,1,1,73.441635,16,Replayed,3.0
1.0,1.0,-1,0,35.607502,16,Replayed,1.0
3.0,0.0,1,1,74.751884,16,Replayed,3.0
-3.0,0.0,-1,1,55.09315,16,Replayed,3.0
3.0,1.0,1,1,73.6319,16,Replayed,3.0
9.0,-1.0,1,1,92.83212,16,Replayed,9.0
3.0,1.0,1,1,72.7849,16,Replayed,3.0
1.0,0.0,-1,0,35.6064,16,Replayed,1.0
38.0,0.0,1,1,99.99,16,Replayed,38.0
5.0,1.0,1,1,81.77608,16,Replayed,5.0
9.0,1.0,1,1,93.63976,16,Replayed,9.0
1.0,1.0,-1,0,34.927002,16,Replayed,1.0
-9.0,-1.0,-1,1,81.47706,16,Replayed,9.0
-38.0,0.0,-1,1,99.99,16,Replayed,38.0
-38.0,0.0,-1,1,99.99,16,Replayed,38.0
-9.0,1.0,1,0,16.143927,16,Replayed,9.0
9.0,1.0,1,1,92.22412,16,Replayed,9.0
3.0,-1.0,1,1,74.16868,16,Replayed,3.0
-5.0,-1.0,1,0,31.469069,16,Replayed,5.0
-5.0,0.0,-1,1,68.395004,16,Replayed,5.0
38.0,1.0,1,1,99.99,16,Replayed,38.0
-38.0,0.0,-1,1,99.99,16,Replayed,38.0
9.0,1.0,1,1,92.432236,16,Replayed,9.0
9.0,1.0,1,1,91.90493,16,Replayed,9.0
-5.0,1.0,1,0,32.230732,16,Replayed,5.0
1.0,0.0,1,1,63.41611,16,Replayed,1.0
-3.0,0.0,1,0,43.135803,16,Replayed,3.0
9.0,-1.0,1,1,92.59988,16,Replayed,9.0
-38.0,-1.0,-1,1,99.99,16,Replayed,38.0
5.0,-1.0,-1,0,19.898787,16,Replayed,5.0
-3.0,0.0,-1,1,56.808388,16,Replayed,3.0
-3.0,1.0,1,0,42.01781,16,Replayed,3.0
38.0,1.0,1,1,99.99,16,Replayed,38.0
-38.0,1.0,-1,1,99.99,16,Replayed,38.0
1.0,-1.0,-1,0,36.637413,16,Replayed,1.0
-38.0,1.0,-1,1,99.99,16,Replayed,38.0
38.0,-1.0,1,1,99.99,16,Replayed,38.0
5.0,1.0,1,1,82.84324,16,Replayed,5.0
5.0,-1.0,1,1,81.82339,16,Replayed,5.0
-38.0,-1.0,-1,1,99.99,16,Replayed,38.0
-1.0,0.0,1,0,52.165955,16,Replayed,1.0
1.0,1.0,-1,0,35.833454,16,Replayed,1.0
38.0,1.0,1,1,99.99,16,Replayed,38.0
1.0,1.0,-1,0,33.931725,16,Replayed,1.0
-9.0,1.0,-1,1,83.178955,16,Replayed,9.0
-38.0,1.0,-1,1,99.99,16,Replayed,38.0
-1.0,-1.0,-1,1,45.62606,16,Replayed,1.0
38.0,0.0,1,1,99.99,16,Replayed,38.0
-9.0,-1.0,-1,1,84.90214,16,Replayed,9.0
9.0,0.0,1,1,92.72152,16,Replayed,9.0
-9.0,0.0,-1,1,82.59635,16,Replayed,9.0
-9.0,-1.0,-1,1,84.02146,16,Replayed,9.0
-3.0,1.0,-1,1,57.04856,16,Replayed,3.0
5.0,1.0,1,1,81.49866,16,Replayed,5.0
5.0,0.0,1,1,80.95062,16,Replayed,5.0
38.0,0.0,1,1,99.99,16,Replayed,38.0
-9.0,-1.0,1,0,16.169733,16,Replayed,9.0
38.0,-1.0,1,1,99.99,16,Replayed,38.0
1.0,-1.0,-1,0,35.68093,16,Replayed,1.0
1.0,0.0,1,1,63.01052,16,Replayed,1.0
5.0,0.0,1,1,80.02587,16,Replayed,5.0
5.0,0.0,1,1,64.07316,17,Replayed,5.0
-38.0,-1.0,-1,1,97.83912,17,Replayed,38.0
-9.0,0.0,-1,1,74.507454,17,Replayed,9.0
3.0,1.0,1,1,59.973015,17,Replayed,3.0
3.0,-1.0,-1,0,44.036835,17,Replayed,3.0
-9.0,-1.0,-1,1,68.57405,17,Replayed,9.0
-38.0,-1.0,-1,1,97.7917,17,Replayed,38.0
-1.0,0.0,-1,1,53.9521,17,Replayed,1.0
1.0,1.0,1,1,53.84385,17,Replayed,1.0
-3.0,-1.0,1,0,43.32258,17,Replayed,3.0
1.0,-1.0,-1,0,48.2757,17,Replayed,1.0
-1.0,0.0,1,0,47.779785,17,Replayed,1.0
38.0,-1.0,1,1,97.909996,17,Replayed,38.0
38.0,0.0,1,1,99.04451,17,Replayed,38.0
5.0,0.0,-1,0,36.354317,17,Replayed,5.0
5.0,-1.0,1,1,60.784966,17,Replayed,5.0
-38.0,-1.0,-1,1,97.761475,17,Replayed,38.0
-1.0,0.0,-1,1,52.428596,17,Replayed,1.0
-5.0,-1.0,-1,1,60.664062,17,Replayed,5.0
-5.0,0.0,-1,1,62.99042,17,Replayed,5.0
-1.0,-1.0,-1,1,52.39951,17,Replayed,1.0
-5.0,1.0,-1,1,65.16729,17,Replayed,5.0
1.0,1.0,1,1,52.883728,17,Replayed,1.0
1.0,1.0,1,1,53.636288,17,Replayed,1.0
-38.0,1.0,-1,1,99.58057,17,Replayed,38.0
1.0,-1.0,1,1,51.630104,17,Replayed,1.0
-3.0,-1.0,1,0,43.054882,17,Replayed,3.0
-5.0,1.0,-1,1,64.777435,17,Replayed,5.0
-5.0,0.0,1,0,36.83573,17,Replayed,5.0
-1.0,-1.0,1,0,47.57679,17,Replayed,1.0
5.0,-1.0,1,1,61.10062,17,Replayed,5.0
-5.0,-1.0,1,0,39.690723,17,Replayed,5.0
-3.0,0.0,1,0,41.885654,17,Replayed,3.0
-5.0,1.0,1,0,36.47839,17,Replayed,5.0
38.0,0.0,1,1,99.02822,17,Replayed,38.0
1.0,1.0,-1,0,47.617756,17,Replayed,1.0
-38.0,1.0,-1,1,99.578026,17,Replayed,38.0
9.0,-1.0,1,1,69.385544,17,Replayed,9.0
1.0,0.0,1,1,52.92477,17,Replayed,1.0
3.0,0.0,-1,0,43.17392,17,Replayed,3.0
9.0,0.0,1,1,72.9291,17,Replayed,9.0
-38.0,0.0,-1,1,99.13636,17,Replayed,38.0
1.0,-1.0,1,1,51.778336,17,Replayed,1.0
9.0,0.0,1,1,73.84908,17,Replayed,9.0
-1.0,-1.0,-1,1,51.809025,17,Replayed,1.0
-3.0,-1.0,-1,1,56.254692,17,Replayed,3.0
-5.0,0.0,-1,1,62.634827,17,Replayed,5.0
-1.0,1.0,-1,1,53.11051,17,Replayed,1.0
-1.0,0.0,1,0,47.871735,17,Replayed,1.0
-3.0,1.0,-1,1,60.24899,17,Replayed,3.0
1.0,1.0,1,1,53.287323,17,Replayed,1.0
-1.0,1.0,1,0,46.589394,17,Replayed,1.0
-3.0,1.0,1,0,42.54254,17,Replayed,3.0
5.0,0.0,1,1,62.871765,17,Replayed,5.0
38.0,1.0,1,1,99.587234,17,Replayed,38.0
3.0,-1.0,1,1,56.6978,17,Replayed,3.0
5.0,1.0,1,1,66.67778,17,Replayed,5.0
1.0,0.0,-1,0,46.62857,17,Replayed,1.0
-9.0,0.0,-1,1,73.431244,17,Replayed,9.0
-1.0,1.0,-1,1,54.274593,17,Replayed,1.0
38.0,1.0,1,1,99.617096,17,Replayed,38.0
-38.0,0.0,-1,1,99.021385,17,Replayed,38.0
-5.0,0.0,-1,1,63.817806,17,Replayed,5.0
5.0,0.0,1,1,63.019268,17,Replayed,5.0
-3.0,1.0,-1,1,58.245968,17,Replayed,3.0
-1.0,0.0,1,0,46.97985,17,Replayed,1.0
-5.0,0.0,-1,1,63.090027,17,Replayed,5.0
38.0,0.0,1,1,99.064926,17,Replayed,38.0
-38.0,1.0,-1,1,99.56238,17,Replayed,38.0
9.0,1.0,1,1,77.42716,17,Replayed,9.0
38.0,0.0,1,1,99.07034,17,Replayed,38.0
-1.0,-1.0,-1,1,51.174057,17,Replayed,1.0
3.0,0.0,-1,0,41.86486,17,Replayed,3.0
-38.0,0.0,-1,1,99.09291,17,Replayed,38.0
1.0,-1.0,-1,0,47.818935,17,Replayed,1.0
5.0,-1.0,1,1,61.76707,17,Replayed,5.0
-9.0,1.0,-1,1,77.37362,17,Replayed,9.0
3.0,-1.0,1,1,56.496452,17,Replayed,3.0
-38.0,1.0,-1,1,99.580605,17,Replayed,38.0
-9.0,0.0,-1,1,73.20425,17,Replayed,9.0
9.0,1.0,1,1,76.66729,17,Replayed,9.0
-38.0,1.0,-1,1,99.606995,17,Replayed,38.0
-38.0,1.0,-1,1,99.52623,17,Replayed,38.0
9.0,0.0,1,1,73.84538,17,Replayed,9.0
9.0,-1.0,-1,0,30.87927,17,Replayed,9.0
5.0,-1.0,-1,0,38.389595,17,Replayed,5.0
-38.0,1.0,-1,1,99.59032,17,Replayed,38.0
38.0,-1.0,1,1,97.84564,17,Replayed,38.0
3.0,-1.0,1,1,55.767704,17,Replayed,3.0
1.0,0.0,-1,0,47.3322,17,Replayed,1.0
-5.0,-1.0,-1,1,61.287785,17,Replayed,5.0
5.0,1.0,-1,0,34.386738,17,Replayed,5.0
38.0,-1.0,1,1,97.8692,17,Replayed,38.0
9.0,1.0,-1,0,22.391571,17,Replayed,9.0
9.0,0.0,1,1,72.98951,17,Replayed,9.0
-5.0,1.0,-1,1,64.45173,17,Replayed,5.0
5.0,1.0,1,1,64.251465,17,Replayed,5.0
38.0,1.0,1,1,99.58837,17,Replayed,38.0
9.0,-1.0,1,1,69.28507,17,Replayed,9.0
9.0,1.0,1,1,76.19104,17,Replayed,9.0
-3.0,0.0,-1,1,56.41536,17,Replayed,3.0
3.0,1.0,1,1,59.027393,17,Replayed,3.0
5.0,0.0,1,1,63.872623,17,Replayed,5.0
38.0,0.0,1,1,99.04268,17,Replayed,38.0
-3.0,0.0,1,0,42.056232,17,Replayed,3.0
5.0,1.0,1,1,65.41274,17,Replayed,5.0
5.0,-1.0,-1,0,39.02833,17,Replayed,5.0
-1.0,-1.0,-1,1,52.509384,17,Replayed,1.0
-5.0,1.0,-1,1,65.51113,17,Replayed,5.0
3.0,0.0,1,1,58.318592,17,Replayed,3.0
-38.0,0.0,-1,1,99.000084,17,Replayed,38.0
9.0,0.0,1,1,73.913315,17,Replayed,9.0
-9.0,-1.0,-1,1,69.38844,17,Replayed,9.0
-5.0,0.0,1,0,35.570236,17,Replayed,5.0
-9.0,1.0,-1,1,76.0852,17,Replayed,9.0
3.0,-1.0,1,1,56.610985,17,Replayed,3.0
-3.0,1.0,-1,1,59.064335,17,Replayed,3.0
-9.0,1.0,-1,1,76.03968,17,Replayed,9.0
-1.0,1.0,1,0,47.12594,17,Replayed,1.0
-1.0,1.0,1,0,46.595047,17,Replayed,1.0
1.0,0.0,-1,0,47.699337,17,Replayed,1.0
-9.0,1.0,-1,1,77.65441,17,Replayed,9.0
3.0,0.0,-1,0,41.192097,17,Replayed,3.0
9.0,-1.0,1,1,69.23887,17,Replayed,9.0
-3.0,1.0,-1,1,59.433258,17,Replayed,3.0
1.0,0.0,1,1,52.43755,17,Replayed,1.0
38.0,-1.0,1,1,97.85008,17,Replayed,38.0
-38.0,0.0,-1,1,99.09996,17,Replayed,38.0
5.0,0.0,1,1,63.56415,17,Replayed,5.0
3.0,-1.0,1,1,56.726913,17,Replayed,3.0
3.0,1.0,1,1,60.169632,17,Replayed,3.0
-3.0,-1.0,1,0,44.805115,17,Replayed,3.0
9.0,-1.0,1,1,68.950714,17,Replayed,9.0
38.0,-1.0,1,1,97.80934,17,Replayed,38.0
5.0,1.0,1,1,65.84937,17,Replayed,5.0
1.0,-1.0,-1,0,47.233753,17,Replayed,1.0
-1.0,-1.0,1,0,47.183052,17,Replayed,1.0
-3.0,-1.0,-1,1,57.09458,17,Replayed,3.0
-5.0,1.0,-1,1,65.6057,17,Replayed,5.0
-9.0,0.0,1,0,26.680595,17,Replayed,9.0
9.0,-1.0,1,1,69.43298,17,Replayed,9.0
38.0,0.0,1,1,99.085724,17,Replayed,38.0
-5.0,1.0,-1,1,64.904434,17,Replayed,5.0
38.0,0.0,1,1,99.060974,17,Replayed,38.0
-3.0,1.0,1,0,41.649914,17,Replayed,3.0
-9.0,0.0,-1,1,73.1529,17,Replayed,9.0
-5.0,-1.0,-1,1,61.031277,17,Replayed,5.0
38.0,1.0,1,1,99.61146,17,Replayed,38.0
-3.0,-1.0,-1,1,57.221127,17,Replayed,3.0
-3.0,0.0,-1,1,57.721096,17,Replayed,3.0
-9.0,-1.0,-1,1,69.12229,17,Replayed,9.0
5.0,1.0,1,1,64.9554,17,Replayed,5.0
38.0,-1.0,1,1,97.886665,17,Replayed,38.0
-5.0,-1.0,-1,1,60.461735,17,Replayed,5.0
1.0,1.0,-1,0,47.53436,17,Replayed,1.0
1.0,0.0,1,1,52.440346,17,Replayed,1.0
-3.0,0.0,-1,1,58.44857,17,Replayed,3.0
5.0,-1.0,1,1,61.09719,17,Replayed,5.0
-5.0,-1.0,1,0,39.046227,17,Replayed,5.0
-38.0,0.0,-1,1,99.137024,17,Replayed,38.0
-1.0,-1.0,1,0,47.88605,17,Replayed,1.0
38.0,-1.0,1,1,97.892006,17,Replayed,38.0
9.0,-1.0,-1,0,31.35164,17,Replayed,9.0
-3.0,-1.0,-1,1,56.942284,17,Replayed,3.0
-9.0,0.0,-1,1,73.526306,17,Replayed,9.0
-3.0,1.0,1,0,41.19239,17,Replayed,3.0
3.0,0.0,-1,0,42.016132,17,Replayed,3.0
1.0,0.0,1,1,52.97109,17,Replayed,1.0
5.0,-1.0,1,1,60.612743,17,Replayed,5.0
38.0,1.0,1,1,99.58797,17,Replayed,38.0
3.0,0.0,1,1,58.290695,17,Replayed,3.0
3.0,1.0,-1,0,41.25127,17,Replayed,3.0
-9.0,-1.0,-1,1,69.18986,17,Replayed,9.0
3.0,-1.0,-1,0,43.374798,17,Replayed,3.0
-9.0,1.0,-1,1,76.13784,17,Replayed,9.0
-9.0,0.0,-1,1,73.027565,17,Replayed,9.0
1.0,1.0,-1,0,47.177647,17,Replayed,1.0
9.0,1.0,1,1,75.7098,17,Replayed,9.0
-38.0,-1.0,-1,1,97.726524,17,Replayed,38.0
9.0,0.0,1,1,72.71733,17,Replayed,9.0
38.0,-1.0,1,1,97.76156,17,Replayed,38.0
-1.0,-1.0,1,0,47.637318,17,Replayed,1.0
-1.0,0.0,-1,1,52.343143,17,Replayed,1.0
3.0,1.0,1,1,58.206272,17,Replayed,3.0
3.0,1.0,-1,0,40.20996,17,Replayed,3.0
-38.0,-1.0,-1,1,97.859116,17,Replayed,38.0
-9.0,1.0,-1,1,75.98187,17,Replayed,9.0
3.0,0.0,1,1,58.190716,17,Replayed,3.0
-9.0,1.0,-1,1,77.18088,17,Replayed,9.0
9.0,-1.0,1,1,69.088394,17,Replayed,9.0
9.0,1.0,1,1,75.36224,17,Replayed,9.0
-38.0,-1.0,-1,1,97.71014,17,Replayed,38.0
-5.0,-1.0,1,0,39.575325,17,Replayed,5.0
-3.0,1.0,-1,1,59.561665,17,Replayed,3.0
-5.0,-1.0,-1,1,60.55796,17,Replayed,5.0
38.0,1.0,1,1,99.59438,17,Replayed,38.0
9.0,1.0,1,1,76.40702,17,Replayed,9.0
-38.0,-1.0,-1,1,97.92062,17,Replayed,38.0
-9.0,-1.0,1,0,31.389744,17,Replayed,9.0
9.0,1.0,1,1,77.406265,17,Replayed,9.0
1.0,1.0,1,1,52.502586,17,Replayed,1.0
-38.0,-1.0,-1,1,97.93673,17,Replayed,38.0
-9.0,0.0,1,0,26.032734,17,Replayed,9.0
-9.0,-1.0,-1,1,68.64639,17,Replayed,9.0
-3.0,0.0,1,0,41.93438,17,Replayed,3.0
-1.0,1.0,1,0,47.309483,17,Replayed,1.0
-9.0,-1.0,-1,1,69.53079,17,Replayed,9.0
38.0,1.0,1,1,99.5877,17,Replayed,38.0
-9.0,-1.0,-1,1,69.12664,17,Replayed,9.0
1.0,-1.0,-1,0,48.152252,17,Replayed,1.0
-1.0,0.0,-1,1,53.422375,17,Replayed,1.0
-3.0,0.0,-1,1,57.91846,17,Replayed,3.0
-38.0,1.0,-1,1,99.56857,17,Replayed,38.0
9.0,0.0,-1,0,27.011627,17,Replayed,9.0
9.0,0.0,-1,0,26.673634,17,Replayed,9.0
3.0,0.0,1,1,58.175797,17,Replayed,3.0
3.0,-1.0,-1,0,42.486946,17,Replayed,3.0
-38.0,0.0,-1,1,99.104294,17,Replayed,38.0
-9.0,1.0,-1,1,66.32353,18,Replayed,9.0
9.0,-1.0,1,1,69.360886,18,Replayed,9.0
38.0,1.0,1,1,97.08746,18,Replayed,38.0
-5.0,0.0,-1,1,60.174118,18,Replayed,5.0
3.0,1.0,-1,0,42.681744,18,Replayed,3.0
-9.0,1.0,1,0,34.082283,18,Replayed,9.0
1.0,-1.0,-1,0,46.646645,18,Replayed,1.0
-38.0,1.0,-1,1,96.80452,18,Replayed,38.0
-3.0,0.0,1,0,45.701843,18,Replayed,3.0
38.0,0.0,1,1,97.368065,18,Replayed,38.0
3.0,0.0,1,1,58.095287,18,Replayed,3.0
-1.0,0.0,1,0,48.48,18,Replayed,1.0
9.0,0.0,1,1,69.72539,18,Replayed,9.0
1.0,-1.0,1,1,52.411556,18,Replayed,1.0
1.0,1.0,-1,0,46.829266,18,Replayed,1.0
5.0,0.0,1,1,62.16029,18,Replayed,5.0
-38.0,1.0,-1,1,96.970764,18,Replayed,38.0
-3.0,0.0,-1,1,53.77404,18,Replayed,3.0
5.0,1.0,-1,0,38.340435,18,Replayed,5.0
-38.0,0.0,-1,1,97.17587,18,Replayed,38.0
-1.0,0.0,1,0,48.583344,18,Replayed,1.0
9.0,-1.0,-1,0,29.683908,18,Replayed,9.0
-1.0,0.0,1,0,49.321712,18,Replayed,1.0
-38.0,0.0,-1,1,97.468796,18,Replayed,38.0
-9.0,1.0,-1,1,67.42184,18,Replayed,9.0
3.0,0.0,1,1,56.505615,18,Replayed,3.0
5.0,0.0,-1,0,38.039146,18,Replayed,5.0
-1.0,-1.0,1,0,47.935143,18,Replayed,1.0
5.0,0.0,1,1,62.013077,18,Replayed,5.0
-9.0,-1.0,-1,1,67.24591,18,Replayed,9.0
-38.0,0.0,-1,1,97.314575,18,Replayed,38.0
9.0,-1.0,1,1,70.879776,18,Replayed,9.0
1.0,0.0,1,1,54.9588,18,Replayed,1.0
1.0,0.0,-1,0,47.187744,18,Replayed,1.0
-38.0,1.0,-1,1,96.72572,18,Replayed,38.0
-3.0,1.0,-1,1,54.576004,18,Replayed,3.0
9.0,1.0,1,1,67.90421,18,Replayed,9.0
38.0,1.0,1,1,97.10003,18,Replayed,38.0
3.0,-1.0,1,1,56.52128,18,Replayed,3.0
-3.0,1.0,-1,1,56.13445,18,Replayed,3.0
9.0,0.0,-1,0,30.867842,18,Replayed,9.0
-1.0,-1.0,1,0,48.396164,18,Replayed,1.0
-38.0,1.0,-1,1,97.06338,18,Replayed,38.0
38.0,-1.0,1,1,97.71021,18,Replayed,38.0
1.0,0.0,1,1,53.00506,18,Replayed,1.0
9.0,1.0,1,1,70.13853,18,Replayed,9.0
9.0,0.0,1,1,69.23462,18,Replayed,9.0
-5.0,-1.0,1,0,40.905388,18,Replayed,5.0
5.0,0.0,1,1,60.83395,18,Replayed,5.0
9.0,-1.0,1,1,68.936516,18,Replayed,9.0
-9.0,1.0,1,0,32.850956,18,Replayed,9.0
-1.0,-1.0,1,0,48.539635,18,Replayed,1.0
9.0,1.0,-1,0,31.973564,18,Replayed,9.0
38.0,1.0,1,1,97.13583,18,Replayed,38.0
-1.0,1.0,1,0,49.741096,18,Replayed,1.0
-1.0,0.0,1,0,48.425488,18,Replayed,1.0
-9.0,-1.0,1,0,32.262444,18,Replayed,9.0
-9.0,0.0,-1,1,66.3009,18,Replayed,9.0
-3.0,-1.0,1,0,44.361652,18,Replayed,3.0
1.0,-1.0,1,1,54.513187,18,Replayed,1.0
-5.0,-1.0,-1,1,59.21156,18,Replayed,5.0
-9.0,-1.0,-1,1,68.03331,18,Replayed,9.0
-5.0,-1.0,-1,1,59.309258,18,Replayed,5.0
1.0,-1.0,-1,0,47.15776,18,Replayed,1.0
-9.0,-1.0,-1,1,68.50113,18,Replayed,9.0
-3.0,1.0,1,0,45.132343,18,Replayed,3.0
9.0,0.0,-1,0,31.103697,18,Replayed,9.0
5.0,1.0,1,1,61.004578,18,Replayed,5.0
1.0,1.0,-1,0,46.896244,18,Replayed,1.0
-38.0,1.0,-1,1,96.76826,18,Replayed,38.0
-9.0,0.0,1,0,32.54813,18,Replayed,9.0
5.0,-1.0,1,1,62.45492,18,Replayed,5.0
-3.0,-1.0,1,0,44.06741,18,Replayed,3.0
5.0,1.0,1,1,61.1862,18,Replayed,5.0
1.0,0.0,1,1,52.161644,18,Replayed,1.0
-3.0,-1.0,-1,1,54.017223,18,Replayed,3.0
-38.0,0.0,-1,1,97.17997,18,Replayed,38.0
3.0,0.0,-1,0,42.838963,18,Replayed,3.0
-9.0,0.0,-1,1,68.24003,18,Replayed,9.0
-5.0,-1.0,-1,1,60.240128,18,Replayed,5.0
3.0,1.0,1,1,57.089317,18,Replayed,3.0
-3.0,1.0,-1,1,53.884922,18,Replayed,3.0
-38.0,-1.0,-1,1,97.38059,18,Replayed,38.0
1.0,1.0,-1,0,47.225315,18,Replayed,1.0
-1.0,1.0,-1,1,50.81914,18,Replayed,1.0
-3.0,1.0,-1,1,54.603756,18,Replayed,3.0
1.0,1.0,1,1,52.95801,18,Replayed,1.0
-9.0,-1.0,1,0,33.119976,18,Replayed,9.0
-9.0,0.0,1,0,31.580793,18,Replayed,9.0
3.0,-1.0,-1,0,42.64539,18,Replayed,3.0
-1.0,1.0,1,0,48.624317,18,Replayed,1.0
-5.0,-1.0,-1,1,58.920826,18,Replayed,5.0
5.0,-1.0,1,1,61.36601,18,Replayed,5.0
5.0,-1.0,1,1,61.719925,18,Replayed,5.0
-1.0,-1.0,1,0,49.792767,18,Replayed,1.0
9.0,-1.0,1,1,70.28594,18,Replayed,9.0
38.0,-1.0,1,1,97.74883,18,Replayed,38.0
-38.0,-1.0,-1,1,97.53912,18,Replayed,38.0
-3.0,-1.0,-1,1,54.611916,18,Replayed,3.0
3.0,-1.0,-1,0,44.121765,18,Replayed,3.0
-3.0,-1.0,1,0,45.582394,18,Replayed,3.0
-3.0,1.0,-1,1,53.78033,18,Replayed,3.0
-5.0,1.0,-1,1,59.98938,18,Replayed,5.0
38.0,-1.0,1,1,97.642204,18,Replayed,38.0
-38.0,1.0,-1,1,97.04095,18,Replayed,38.0
-38.0,0.0,-1,1,97.03753,18,Replayed,38.0
3.0,1.0,1,1,57.004177,18,Replayed,3.0
1.0,0.0,1,1,52.03643,18,Replayed,1.0
-5.0,1.0,-1,1,58.113403,18,Replayed,5.0
-5.0,0.0,-1,1,59.502666,18,Replayed,5.0
-9.0,1.0,-1,1,66.64992,18,Replayed,9.0
-3.0,0.0,-1,1,54.839832,18,Replayed,3.0
38.0,0.0,1,1,97.54365,18,Replayed,38.0
-3.0,0.0,1,0,44.705944,18,Replayed,3.0
3.0,-1.0,1,1,57.178314,18,Replayed,3.0
9.0,0.0,1,1,69.31899,18,Replayed,9.0
1.0,0.0,1,1,53.672302,18,Replayed,1.0
-1.0,1.0,-1,1,51.096474,18,Replayed,1.0
-5.0,0.0,1,0,40.26417,18,Replayed,5.0
-5.0,0.0,-1,1,58.97466,18,Replayed,5.0
5.0,-1.0,1,1,62.369274,18,Replayed,5.0
3.0,0.0,1,1,59.098106,18,Replayed,3.0
-38.0,0.0,-1,1,97.16932,18,Replayed,38.0
-5.0,1.0,-1,1,58.946644,18,Replayed,5.0
-1.0,-1.0,-1,1,49.898354,18,Replayed,1.0
-3.0,0.0,-1,1,55.626022,18,Replayed,3.0
-9.0,1.0,-1,1,67.333115,18,Replayed,9.0
-5.0,-1.0,-1,1,58.1536,18,Replayed,5.0
38.0,-1.0,1,1,97.67776,18,Replayed,38.0
5.0,1.0,1,1,61.513596,18,Replayed,5.0
-5.0,0.0,-1,1,59.66832,18,Replayed,5.0
-1.0,-1.0,-1,1,50.941216,18,Replayed,1.0
-38.0,0.0,-1,1,97.39541,18,Replayed,38.0
3.0,-1.0,1,1,57.647587,18,Replayed,3.0
1.0,-1.0,-1,0,47.42453,18,Replayed,1.0
5.0,1.0,-1,0,38.336105,18,Replayed,5.0
9.0,1.0,1,1,68.74902,18,Replayed,9.0
3.0,0.0,-1,0,42.95266,18,Replayed,3.0
-38.0,1.0,-1,1,96.860245,18,Replayed,38.0
1.0,1.0,1,1,52.20735,18,Replayed,1.0
38.0,1.0,1,1,97.05879,18,Replayed,38.0
-1.0,-1.0,1,0,49.331715,18,Replayed,1.0
-1.0,0.0,1,0,48.425438,18,Replayed,1.0
9.0,1.0,1,1,68.31307,18,Replayed,9.0
38.0,0.0,1,1,97.56083,18,Replayed,38.0
5.0,0.0,-1,0,38.258507,18,Replayed,5.0
1.0,1.0,1,1,53.54275,18,Replayed,1.0
3.0,0.0,-1,0,43.17155,18,Replayed,3.0
3.0,-1.0,1,1,57.10841,18,Replayed,3.0
3.0,1.0,1,1,56.364952,18,Replayed,3.0
3.0,0.0,-1,0,42.221386,18,Replayed,3.0
3.0,1.0,1,1,56.151318,18,Replayed,3.0
38.0,1.0,1,1,97.16963,18,Replayed,38.0
38.0,1.0,1,1,97.09979,18,Replayed,38.0
9.0,-1.0,-1,0,29.574848,18,Replayed,9.0
-5.0,1.0,1,0,42.01489,18,Replayed,5.0
-5.0,-1.0,1,0,40.168453,18,Replayed,5.0
1.0,-1.0,-1,0,47.460804,18,Replayed,1.0
-5.0,1.0,-1,1,59.712303,18,Replayed,5.0
38.0,0.0,1,1,97.55453,18,Replayed,38.0
-3.0,-1.0,1,0,43.744713,18,Replayed,3.0
-9.0,-1.0,-1,1,67.31305,18,Replayed,9.0
38.0,-1.0,1,1,97.74487,18,Replayed,38.0
38.0,0.0,1,1,97.41021,18,Replayed,38.0
5.0,1.0,1,1,61.519814,18,Replayed,5.0
9.0,1.0,-1,0,32.429813,18,Replayed,9.0
-9.0,0.0,1,0,33.014153,18,Replayed,9.0
9.0,-1.0,1,1,68.93377,18,Replayed,9.0
-5.0,1.0,1,0,42.038647,18,Replayed,5.0
5.0,0.0,1,1,62.264133,18,Replayed,5.0
-1.0,0.0,1,0,48.70192,18,Replayed,1.0
-3.0,0.0,-1,1,56.647575,18,Replayed,3.0
3.0,1.0,-1,0,42.25243,18,Replayed,3.0
3.0,-1.0,-1,0,44.180096,18,Replayed,3.0
-1.0,0.0,1,0,49.377262,18,Replayed,1.0
38.0,-1.0,1,1,97.77941,18,Replayed,38.0
1.0,0.0,1,1,53.174202,18,Replayed,1.0
3.0,1.0,-1,0,43.416794,18,Replayed,3.0
-5.0,1.0,-1,1,59.190666,18,Replayed,5.0
3.0,1.0,-1,0,42.30378,18,Replayed,3.0
5.0,-1.0,1,1,60.93701,18,Replayed,5.0
-5.0,0.0,-1,1,58.59835,18,Replayed,5.0
-5.0,1.0,1,0,41.403557,18,Replayed,5.0
9.0,0.0,-1,0,29.14183,18,Replayed,9.0
5.0,-1.0,1,1,63.74231,18,Replayed,5.0
-38.0,0.0,-1,1,97.07817,18,Replayed,38.0
-5.0,-1.0,-1,1,59.204147,18,Replayed,5.0
1.0,1.0,1,1,53.051365,18,Replayed,1.0
-9.0,0.0,1,0,32.426537,18,Replayed,9.0
-3.0,1.0,-1,1,54.33141,18,Replayed,3.0
-38.0,1.0,-1,1,96.96041,18,Replayed,38.0
-5.0,0.0,-1,1,59.27974,18,Replayed,5.0
38.0,-1.0,1,1,97.843185,18,Replayed,38.0
-1.0,1.0,-1,1,51.39407,18,Replayed,1.0
-3.0,-1.0,1,0,44.52371,18,Replayed,3.0
5.0,-1.0,1,1,62.636055,18,Replayed,5.0
3.0,-1.0,-1,0,41.91047,18,Replayed,3.0
38.0,0.0,1,1,97.36921,18,Replayed,38.0
5.0,1.0,1,1,60.58225,18,Replayed,5.0
-38.0,-1.0,-1,1,97.47542,18,Replayed,38.0
-9.0,1.0,-1,1,66.11644,18,Replayed,9.0
38.0,1.0,1,1,96.91567,18,Replayed,38.0
1.0,0.0,-1,0,46.52502,18,Replayed,1.0
9.0,0.0,1,1,68.66805,18,Replayed,9.0
-38.0,-1.0,-1,1,97.60293,18,Replayed,38.0
-9.0,0.0,-1,1,67.82987,18,Replayed,9.0
-3.0,0.0,-1,1,55.27618,18,Replayed,3.0
-3.0,1.0,-1,1,54.509716,18,Replayed,3.0
-1.0,0.0,1,0,49.148975,18,Replayed,1.0
1.0,1.0,-1,0,46.504547,18,Replayed,1.0
-9.0,0.0,-1,1,65.72722,18,Replayed,9.0
-1.0,1.0,-1,1,49.911377,18,Replayed,1.0
1.0,-1.0,1,1,53.65098,18,Replayed,1.0
38.0,0.0,1,1,97.28286,18,Replayed,38.0
38.0,1.0,1,1,97.052734,18,Replayed,38.0
38.0,-1.0,1,1,97.59073,18,Replayed,38.0
-38.0,-1.0,-1,1,97.49763,18,Replayed,38.0
5.0,0.0,1,1,61.90467,18,Replayed,5.0
-5.0,0.0,-1,1,59.378105,18,Replayed,5.0
-9.0,-1.0,-1,1,67.993065,18,Replayed,9.0
-1.0,-1.0,1,0,48.946217,18,Replayed,1.0
5.0,-1.0,1,1,60.246426,18,Replayed,5.0
5.0,0.0,-1,0,38.992268,18,Replayed,5.0
3.0,0.0,1,1,57.40221,18,Replayed,3.0
-9.0,-1.0,-1,1,67.08131,18,Replayed,9.0
9.0,-1.0,1,1,69.52377,18,Replayed,9.0
-3.0,-1.0,1,0,44.571075,18,Replayed,3.0
9.0,0.0,-1,0,30.82624,18,Replayed,9.0
-38.0,-1.0,-1,1,97.65283,18,Replayed,38.0
5.0,1.0,1,1,60.505764,18,Replayed,5.0
-1.0,1.0,-1,1,51.528942,18,Replayed,1.0
-9.0,1.0,-1,1,66.079735,18,Replayed,9.0
-38.0,-1.0,-1,1,97.17183,18,Replayed,38.0
1.0,-1.0,-1,0,46.3399,18,Replayed,1.0
38.0,0.0,1,1,97.45022,18,Replayed,38.0
-3.0,0.0,1,0,45.301853,18,Replayed,3.0
9.0,1.0,1,1,69.1264,18,Replayed,9.0
-38.0,-1.0,-1,1,97.245445,18,Replayed,38.0
9.0,1.0,-1,0,31.371132,18,Replayed,9.0
-1.0,1.0,1,0,48.151142,18,Replayed,1.0
1.0,0.0,1,1,53.102173,19,Replayed,1.0
-3.0,-1.0,1,0,49.30191,19,Replayed,3.0
-9.0,1.0,-1,1,57.11161,19,Replayed,9.0
-9.0,1.0,1,0,43.05912,19,Replayed,9.0
5.0,-1.0,1,1,57.599945,19,Replayed,5.0
38.0,-1.0,1,1,82.436714,19,Replayed,38.0
-1.0,-1.0,1,0,52.71858,19,Replayed,1.0
5.0,0.0,-1,0,43.574116,19,Replayed,5.0
-9.0,-1.0,1,0,44.268326,19,Replayed,9.0
38.0,-1.0,1,1,82.97261,19,Replayed,38.0
-5.0,1.0,1,0,46.710564,19,Replayed,5.0
-38.0,-1.0,-1,1,80.85549,19,Replayed,38.0
-38.0,0.0,1,0,17.170958,19,Replayed,38.0
-5.0,1.0,-1,1,51.91214,19,Replayed,5.0
-5.0,1.0,1,0,47.1621,19,Replayed,5.0
-3.0,1.0,-1,1,50.7932,19,Replayed,3.0
1.0,1.0,1,1,52.068676,19,Replayed,1.0
1.0,0.0,1,1,51.595848,19,Replayed,1.0
5.0,0.0,1,1,56.8406,19,Replayed,5.0
9.0,-1.0,-1,0,40.433865,19,Replayed,9.0
3.0,-1.0,1,1,55.84432,19,Replayed,3.0
-5.0,0.0,1,0,45.499313,19,Replayed,5.0
38.0,-1.0,1,1,84.00687,19,Replayed,38.0
3.0,0.0,-1,0,45.553425,19,Replayed,3.0
3.0,1.0,-1,0,46.1885,19,Replayed,3.0
5.0,-1.0,1,1,57.464836,19,Replayed,5.0
1.0,-1.0,1,1,52.054893,19,Replayed,1.0
1.0,-1.0,1,1,53.929752,19,Replayed,1.0
1.0,0.0,1,1,53.022533,19,Replayed,1.0
3.0,-1.0,1,1,55.181007,19,Replayed,3.0
5.0,1.0,1,1,57.55541,19,Replayed,5.0
-1.0,0.0,-1,1,46.892246,19,Replayed,1.0
-1.0,1.0,1,0,51.627712,19,Replayed,1.0
-5.0,1.0,1,0,47.564552,19,Replayed,5.0
1.0,0.0,1,1,54.61237,19,Replayed,1.0
38.0,1.0,1,1,85.50948,19,Replayed,38.0
-38.0,0.0,-1,1,80.94219,19,Replayed,38.0
-5.0,-1.0,1,0,47.729664,19,Replayed,5.0
-5.0,0.0,-1,1,52.810223,19,Replayed,5.0
3.0,1.0,-1,0,44.2166,19,Replayed,3.0
-3.0,0.0,-1,1,51.00419,19,Replayed,3.0
-1.0,0.0,-1,1,49.08985,19,Replayed,1.0
1.0,-1.0,-1,0,48.50401,19,Replayed,1.0
-1.0,1.0,1,0,50.920116,19,Replayed,1.0
-9.0,0.0,-1,1,56.523808,19,Replayed,9.0
-9.0,0.0,-1,1,56.878513,19,Replayed,9.0
-38.0,-1.0,-1,1,81.26333,19,Replayed,38.0
38.0,0.0,1,1,84.16148,19,Replayed,38.0
-5.0,1.0,1,0,47.076984,19,Replayed,5.0
5.0,0.0,-1,0,43.01845,19,Replayed,5.0
9.0,-1.0,1,1,61.742477,19,Replayed,9.0
-3.0,1.0,1,0,50.120586,19,Replayed,3.0
1.0,0.0,1,1,50.90297,19,Replayed,1.0
9.0,-1.0,1,1,60.262764,19,Replayed,9.0
9.0,-1.0,1,1,60.365326,19,Replayed,9.0
-1.0,0.0,1,0,49.129383,19,Replayed,1.0
5.0,-1.0,-1,0,42.614826,19,Replayed,5.0
3.0,0.0,1,1,52.097183,19,Replayed,3.0
3.0,0.0,-1,0,43.526134,19,Replayed,3.0
-9.0,0.0,1,0,42.615677,19,Replayed,9.0
-5.0,0.0,1,0,47.216698,19,Replayed,5.0
-3.0,-1.0,1,0,48.631947,19,Replayed,3.0
-38.0,-1.0,-1,1,80.74973,19,Replayed,38.0
1.0,-1.0,1,1,53.83578,19,Replayed,1.0
38.0,0.0,-1,0,16.055883,19,Replayed,38.0
-1.0,-1.0,-1,1,48.32839,19,Replayed,1.0
-9.0,0.0,-1,1,57.024723,19,Replayed,9.0
-38.0,1.0,-1,1,82.54464,19,Replayed,38.0
-9.0,1.0,-1,1,56.74987,19,Replayed,9.0
1.0,-1.0,1,1,52.451862,19,Replayed,1.0
3.0,1.0,-1,0,44.889183,19,Replayed,3.0
1.0,1.0,1,1,53.224327,19,Replayed,1.0
9.0,1.0,1,1,61.45831,19,Replayed,9.0
-3.0,0.0,1,0,49.97893,19,Replayed,3.0
-1.0,1.0,1,0,51.91643,19,Replayed,1.0
3.0,0.0,1,1,54.722267,19,Replayed,3.0
-38.0,1.0,-1,1,82.03805,19,Replayed,38.0
3.0,1.0,1,1,54.784523,19,Replayed,3.0
-9.0,0.0,-1,1,56.89155,19,Replayed,9.0
1.0,0.0,1,1,52.812088,19,Replayed,1.0
38.0,-1.0,1,1,83.79088,19,Replayed,38.0
-1.0,1.0,1,0,51.237743,19,Replayed,1.0
38.0,0.0,1,1,84.54322,19,Replayed,38.0
38.0,-1.0,1,1,84.09768,19,Replayed,38.0
-1.0,-1.0,1,0,51.491196,19,Replayed,1.0
-1.0,-1.0,-1,1,48.9321,19,Replayed,1.0
-38.0,-1.0,-1,1,80.618164,19,Replayed,38.0
9.0,-1.0,1,1,60.390343,19,Replayed,9.0
-38.0,0.0,-1,1,81.87342,19,Replayed,38.0
-3.0,0.0,-1,1,50.41501,19,Replayed,3.0
-3.0,1.0,1,0,49.11751,19,Replayed,3.0
5.0,-1.0,1,1,57.029854,19,Replayed,5.0
-3.0,1.0,1,0,49.781464,19,Replayed,3.0
-3.0,-1.0,-1,1,51.283485,19,Replayed,3.0
-3.0,-1.0,1,0,50.42808,19,Replayed,3.0
-38.0,-1.0,1,0,18.907236,19,Replayed,38.0
-38.0,0.0,-1,1,81.35774,19,Replayed,38.0
3.0,1.0,1,1,55.66668,19,Replayed,3.0
5.0,1.0,1,1,56.696594,19,Replayed,5.0
3.0,-1.0,1,1,55.407948,19,Replayed,3.0
-5.0,-1.0,1,0,46.621365,19,Replayed,5.0
-3.0,1.0,-1,1,51.302547,19,Replayed,3.0
-5.0,1.0,1,0,48.268604,19,Replayed,5.0
38.0,1.0,1,1,84.93043,19,Replayed,38.0
-9.0,1.0,1,0,42.59478,19,Replayed,9.0
3.0,1.0,-1,0,45.61573,19,Replayed,3.0
-5.0,0.0,-1,1,51.57553,19,Replayed,5.0
-1.0,1.0,1,0,50.990505,19,Replayed,1.0
-3.0,-1.0,1,0,49.678886,19,Replayed,3.0
5.0,-1.0,-1,0,43.432274,19,Replayed,5.0
1.0,1.0,1,1,53.85811,19,Replayed,1.0
3.0,-1.0,-1,0,44.616432,19,Replayed,3.0
-3.0,1.0,-1,1,50.4336,19,Replayed,3.0
-9.0,1.0,1,0,43.555115,19,Replayed,9.0
9.0,-1.0,1,1,60.29706,19,Replayed,9.0
5.0,1.0,-1,0,42.626446,19,Replayed,5.0
38.0,1.0,1,1,84.73941,19,Replayed,38.0
-3.0,0.0,1,0,48.784317,19,Replayed,3.0
1.0,1.0,-1,0,46.45579,19,Replayed,1.0
38.0,-1.0,1,1,83.009445,19,Replayed,38.0
-9.0,1.0,-1,1,55.556274,19,Replayed,9.0
9.0,1.0,1,1,61.03518,19,Replayed,9.0
1.0,1.0,-1,0,46.51825,19,Replayed,1.0
-3.0,-1.0,1,0,49.0148,19,Replayed,3.0
-38.0,-1.0,-1,1,81.54623,19,Replayed,38.0
9.0,1.0,1,1,59.397636,19,Replayed,9.0
3.0,0.0,-1,0,44.55202,19,Replayed,3.0
9.0,1.0,-1,0,38.692394,19,Replayed,9.0
-5.0,0.0,-1,1,52.44558,19,Replayed,5.0
-1.0,0.0,-1,1,49.73828,19,Replayed,1.0
1.0,1.0,-1,0,46.30869,19,Replayed,1.0
-5.0,-1.0,-1,1,52.268375,19,Replayed,5.0
-38.0,1.0,-1,1,82.80498,19,Replayed,38.0
1.0,0.0,-1,0,46.84867,19,Replayed,1.0
38.0,1.0,-1,0,15.5532255,19,Replayed,38.0
9.0,1.0,1,1,60.207684,19,Replayed,9.0
1.0,-1.0,-1,0,46.9678,19,Replayed,1.0
5.0,0.0,-1,0,43.86927,19,Replayed,5.0
-38.0,0.0,-1,1,81.31544,19,Replayed,38.0
9.0,1.0,-1,0,38.751038,19,Replayed,9.0
38.0,0.0,-1,0,16.348066,19,Replayed,38.0
9.0,0.0,1,1,60.884293,19,Replayed,9.0
1.0,0.0,1,1,51.81336,19,Replayed,1.0
-5.0,0.0,-1,1,52.4548,19,Replayed,5.0
38.0,0.0,1,1,84.25574,19,Replayed,38.0
3.0,-1.0,-1,0,44.105877,19,Replayed,3.0
-1.0,0.0,1,0,50.356598,19,Replayed,1.0
-9.0,0.0,1,0,44.603657,19,Replayed,9.0
-9.0,0.0,1,0,43.467945,19,Replayed,9.0
-3.0,0.0,-1,1,51.37947,19,Replayed,3.0
-5.0,-1.0,-1,1,53.401756,19,Replayed,5.0
38.0,-1.0,1,1,83.04032,19,Replayed,38.0
5.0,0.0,1,1,55.805473,19,Replayed,5.0
-5.0,-1.0,-1,1,53.54135,19,Replayed,5.0
3.0,0.0,1,1,55.80825,19,Replayed,3.0
-38.0,0.0,-1,1,82.15559,19,Replayed,38.0
-9.0,-1.0,1,0,43.376072,19,Replayed,9.0
-38.0,1.0,-1,1,81.933685,19,Replayed,38.0
38.0,1.0,1,1,85.032715,19,Replayed,38.0
-3.0,-1.0,-1,1,51.28123,19,Replayed,3.0
3.0,0.0,1,1,54.16869,19,Replayed,3.0
1.0,1.0,1,1,52.228783,19,Replayed,1.0
9.0,-1.0,-1,0,40.0984,19,Replayed,9.0
-5.0,-1.0,-1,1,52.962517,19,Replayed,5.0
3.0,-1.0,-1,0,45.178043,19,Replayed,3.0
-3.0,1.0,1,0,48.410366,19,Replayed,3.0
-9.0,-1.0,-1,1,55.745132,19,Replayed,9.0
1.0,1.0,1,1,53.176533,19,Replayed,1.0
5.0,-1.0,1,1,55.942738,19,Replayed,5.0
1.0,-1.0,-1,0,47.709076,19,Replayed,1.0
-9.0,-1.0,1,0,44.140907,19,Replayed,9.0
-1.0,1.0,1,0,50.5945,19,Replayed,1.0
38.0,0.0,1,1,84.57485,19,Replayed,38.0
5.0,-1.0,1,1,55.204086,19,Replayed,5.0
-3.0,1.0,1,0,48.58327,19,Replayed,3.0
-9.0,-1.0,1,0,43.80904,19,Replayed,9.0
9.0,0.0,-1,0,38.78398,19,Replayed,9.0
-5.0,1.0,1,0,46.63261,19,Replayed,5.0
-1.0,-1.0,-1,1,48.962105,19,Replayed,1.0
-1.0,0.0,1,0,51.599705,19,Replayed,1.0
-3.0,0.0,1,0,48.84027,19,Replayed,3.0
3.0,1.0,-1,0,45.402782,19,Replayed,3.0
9.0,0.0,1,1,58.58059,19,Replayed,9.0
38.0,-1.0,1,1,83.6363,19,Replayed,38.0
-5.0,-1.0,1,0,47.26342,19,Replayed,5.0
3.0,0.0,1,1,53.66574,19,Replayed,3.0
-5.0,1.0,1,0,47.12142,19,Replayed,5.0
-9.0,-1.0,1,0,43.2224,19,Replayed,9.0
3.0,-1.0,1,1,54.725986,19,Replayed,3.0
38.0,0.0,-1,0,16.624807,19,Replayed,38.0
5.0,1.0,1,1,56.13096,19,Replayed,5.0
9.0,0.0,-1,0,39.628254,19,Replayed,9.0
-9.0,1.0,1,0,43.46781,19,Replayed,9.0
-1.0,-1.0,1,0,50.132824,19,Replayed,1.0
-9.0,-1.0,1,0,44.130188,19,Replayed,9.0
9.0,-1.0,1,1,59.281593,19,Replayed,9.0
-38.0,1.0,-1,1,81.93435,19,Replayed,38.0
38.0,1.0,1,1,85.23722,19,Replayed,38.0
5.0,1.0,1,1,56.469624,19,Replayed,5.0
-1.0,0.0,-1,1,49.969837,19,Replayed,1.0
5.0,1.0,-1,0,43.0412,19,Replayed,5.0
3.0,-1.0,-1,0,46.22525,19,Replayed,3.0
-38.0,1.0,-1,1,82.34704,19,Replayed,38.0
5.0,0.0,-1,0,43.63105,19,Replayed,5.0
-1.0,1.0,1,0,50.433453,19,Replayed,1.0
5.0,0.0,-1,0,44.125893,19,Replayed,5.0
1.0,-1.0,-1,0,46.239998,19,Replayed,1.0
-1.0,-1.0,1,0,52.540314,19,Replayed,1.0
-9.0,1.0,1,0,42.9021,19,Replayed,9.0
9.0,0.0,1,1,60.634064,19,Replayed,9.0
-5.0,0.0,-1,1,52.99275,19,Replayed,5.0
-1.0,1.0,-1,1,48.427906,19,Replayed,1.0
-38.0,-1.0,-1,1,80.31593,19,Replayed,38.0
9.0,0.0,1,1,59.67419,19,Replayed,9.0
5.0,1.0,1,1,57.26683,19,Replayed,5.0
-38.0,1.0,-1,1,82.82211,19,Replayed,38.0
-38.0,1.0,-1,1,82.31058,19,Replayed,38.0
38.0,0.0,1,1,83.43994,19,Replayed,38.0
-3.0,0.0,1,0,48.887478,19,Replayed,3.0
-9.0,-1.0,-1,1,56.347507,19,Replayed,9.0
9.0,1.0,1,1,61.164516,19,Replayed,9.0
-3.0,0.0,1,0,48.95428,19,Replayed,3.0
-38.0,0.0,-1,1,81.78036,19,Replayed,38.0
3.0,1.0,1,1,55.755108,19,Replayed,3.0
-1.0,0.0,-1,1,50.014122,19,Replayed,1.0
-38.0,0.0,-1,1,81.79069,19,Replayed,38.0
5.0,0.0,-1,0,42.58376,19,Replayed,5.0
-3.0,-1.0,1,0,48.356472,19,Replayed,3.0
-38.0,-1.0,-1,1,79.85762,19,Replayed,38.0
-1.0,-1.0,1,0,50.80842,19,Replayed,1.0
38.0,1.0,1,1,84.66178,19,Replayed,38.0
5.0,-1.0,-1,0,43.46414,19,Replayed,5.0
9.0,1.0,1,1,60.68963,19,Replayed,9.0
-5.0,-1.0,-1,1,51.95211,19,Replayed,5.0
9.0,0.0,-1,0,39.990387,19,Replayed,9.0
9.0,0.0,-1,0,39.737587,19,Replayed,9.0
38.0,1.0,1,1,84.958626,19,Replayed,38.0
-9.0,-1.0,1,0,47.653614,20,Replayed,9.0
-9.0,0.0,-1,1,53.173725,20,Replayed,9.0
9.0,-1.0,-1,0,47.249115,20,Replayed,9.0
1.0,-1.0,1,1,50.409573,20,Replayed,1.0
38.0,0.0,1,1,82.47407,20,Replayed,38.0
-9.0,1.0,1,0,45.06676,20,Replayed,9.0
-5.0,-1.0,-1,1,52.33308,20,Replayed,5.0
-9.0,1.0,-1,1,54.722893,20,Replayed,9.0
38.0,1.0,1,1,84.924675,20,Replayed,38.0
-5.0,1.0,1,0,46.98466,20,Replayed,5.0
-38.0,-1.0,-1,1,78.91361,20,Replayed,38.0
-1.0,-1.0,-1,1,50.234474,20,Replayed,1.0
5.0,-1.0,-1,0,48.215,20,Replayed,5.0
9.0,0.0,1,1,53.659294,20,Replayed,9.0
9.0,0.0,1,1,53.53634,20,Replayed,9.0
38.0,0.0,1,1,82.173485,20,Replayed,38.0
9.0,0.0,1,1,53.46754,20,Replayed,9.0
-3.0,1.0,-1,1,51.827305,20,Replayed,3.0
-5.0,0.0,-1,1,52.574593,20,Replayed,5.0
3.0,0.0,1,1,52.080833,20,Replayed,3.0
-3.0,0.0,1,0,49.047474,20,Replayed,3.0
3.0,1.0,-1,0,47.745316,20,Replayed,3.0
1.0,0.0,1,1,50.86422,20,Replayed,1.0
5.0,0.0,1,1,52.946865,20,Replayed,5.0
-5.0,-1.0,1,0,47.485935,20,Replayed,5.0
1.0,1.0,-1,0,49.305645,20,Replayed,1.0
38.0,-1.0,1,1,80.0125,20,Replayed,38.0
-38.0,-1.0,-1,1,79.56183,20,Replayed,38.0
9.0,-1.0,1,1,52.48844,20,Replayed,9.0
-9.0,1.0,-1,1,56.027115,20,Replayed,9.0
-9.0,-1.0,1,0,48.45639,20,Replayed,9.0
-38.0,-1.0,-1,1,78.71434,20,Replayed,38.0
-5.0,0.0,1,0,47.450306,20,Replayed,5.0
5.0,0.0,-1,0,47.011696,20,Replayed,5.0
3.0,-1.0,-1,0,48.298462,20,Replayed,3.0
-38.0,1.0,-1,1,84.042625,20,Replayed,38.0
-9.0,0.0,-1,1,53.035866,20,Replayed,9.0
38.0,0.0,1,1,82.362114,20,Replayed,38.0
38.0,-1.0,1,1,80.554726,20,Replayed,38.0
9.0,1.0,-1,0,44.268406,20,Replayed,9.0
-38.0,-1.0,-1,1,78.85204,20,Replayed,38.0
5.0,-1.0,1,1,52.28287,20,Replayed,5.0
-3.0,-1.0,-1,1,50.970097,20,Replayed,3.0
3.0,1.0,-1,0,48.76877,20,Replayed,3.0
3.0,-1.0,1,1,51.055122,20,Replayed,3.0
-3.0,-1.0,1,0,49.238075,20,Replayed,3.0
1.0,0.0,-1,0,48.39642,20,Replayed,1.0
3.0,-1.0,1,1,51.83971,20,Replayed,3.0
-9.0,1.0,-1,1,55.36561,20,Replayed,9.0
9.0,1.0,-1,0,43.992817,20,Replayed,9.0
5.0,1.0,-1,0,47.246532,20,Replayed,5.0
9.0,-1.0,1,1,52.74676,20,Replayed,9.0
-9.0,1.0,-1,1,55.129234,20,Replayed,9.0
5.0,1.0,1,1,53.52209,20,Replayed,5.0
9.0,0.0,-1,0,45.473366,20,Replayed,9.0
-5.0,0.0,-1,1,53.04055,20,Replayed,5.0
-38.0,0.0,-1,1,82.39968,20,Replayed,38.0
5.0,1.0,1,1,54.253906,20,Replayed,5.0
3.0,-1.0,1,1,52.495033,20,Replayed,3.0
38.0,-1.0,1,1,79.48679,20,Replayed,38.0
-5.0,1.0,-1,1,52.484722,20,Replayed,5.0
-3.0,-1.0,-1,1,52.13997,20,Replayed,3.0
38.0,0.0,1,1,81.81207,20,Replayed,38.0
-9.0,-1.0,-1,1,51.811768,20,Replayed,9.0
-1.0,0.0,1,0,49.03301,20,Replayed,1.0
-1.0,-1.0,1,0,50.291897,20,Replayed,1.0
38.0,1.0,1,1,83.67393,20,Replayed,38.0
1.0,1.0,1,1,50.80352,20,Replayed,1.0
-38.0,0.0,-1,1,81.307396,20,Replayed,38.0
9.0,-1.0,1,1,53.074425,20,Replayed,9.0
-3.0,1.0,-1,1,51.16213,20,Replayed,3.0
38.0,-1.0,1,1,79.89814,20,Replayed,38.0
38.0,-1.0,1,1,79.74336,20,Replayed,38.0
-3.0,1.0,-1,1,51.59396,20,Replayed,3.0
-38.0,1.0,-1,1,83.46946,20,Replayed,38.0
-5.0,0.0,-1,1,52.428364,20,Replayed,5.0
5.0,1.0,-1,0,46.369526,20,Replayed,5.0
-3.0,1.0,-1,1,51.580864,20,Replayed,3.0
-38.0,0.0,-1,1,81.26966,20,Replayed,38.0
38.0,-1.0,1,1,80.31096,20,Replayed,38.0
-38.0,-1.0,1,0,20.630413,20,Replayed,38.0
-38.0,1.0,-1,1,83.51538,20,Replayed,38.0
-5.0,1.0,-1,1,53.351646,20,Replayed,5.0
-5.0,1.0,-1,1,53.065258,20,Replayed,5.0
-3.0,0.0,1,0,48.520687,20,Replayed,3.0
9.0,-1.0,1,1,52.608307,20,Replayed,9.0
9.0,1.0,1,1,55.269073,20,Replayed,9.0
-38.0,-1.0,-1,1,78.908485,20,Replayed,38.0
-38.0,0.0,-1,1,81.1413,20,Replayed,38.0
5.0,-1.0,1,1,52.408283,20,Replayed,5.0
-5.0,1.0,1,0,46.414055,20,Replayed,5.0
3.0,-1.0,-1,0,47.958824,20,Replayed,3.0
-38.0,0.0,-1,1,81.3667,20,Replayed,38.0
1.0,1.0,1,1,50.249958,20,Replayed,1.0
38.0,1.0,1,1,84.44575,20,Replayed,38.0
-1.0,-1.0,1,0,50.139774,20,Replayed,1.0
9.0,1.0,1,1,56.545544,20,Replayed,9.0
1.0,1.0,-1,0,48.836884,20,Replayed,1.0
38.0,1.0,1,1,84.752396,20,Replayed,38.0
-3.0,1.0,-1,1,51.906197,20,Replayed,3.0
-38.0,0.0,-1,1,81.64666,20,Replayed,38.0
9.0,0.0,1,1,54.43009,20,Replayed,9.0
5.0,1.0,-1,0,46.4045,20,Replayed,5.0
-1.0,-1.0,1,0,50.079304,20,Replayed,1.0
-1.0,0.0,-1,1,50.076546,20,Replayed,1.0
-1.0,1.0,-1,1,50.36003,20,Replayed,1.0
3.0,0.0,1,1,51.305397,20,Replayed,3.0
5.0,0.0,1,1,52.920105,20,Replayed,5.0
-5.0,0.0,-1,1,52.49276,20,Replayed,5.0
3.0,1.0,1,1,52.93572,20,Replayed,3.0
1.0,-1.0,-1,0,48.92907,20,Replayed,1.0
9.0,1.0,1,1,55.277397,20,Replayed,9.0
-9.0,1.0,-1,1,54.687523,20,Replayed,9.0
38.0,-1.0,-1,0,20.528101,20,Replayed,38.0
5.0,1.0,1,1,53.60071,20,Replayed,5.0
5.0,-1.0,-1,0,47.889324,20,Replayed,5.0
-5.0,1.0,1,0,46.45141,20,Replayed,5.0
1.0,-1.0,-1,0,48.975704,20,Replayed,1.0
-1.0,0.0,1,0,49.110294,20,Replayed,1.0
-5.0,-1.0,1,0,48.853542,20,Replayed,5.0
-38.0,1.0,-1,1,84.14156,20,Replayed,38.0
-38.0,-1.0,-1,1,78.92534,20,Replayed,38.0
-9.0,0.0,-1,1,53.8002,20,Replayed,9.0
-9.0,-1.0,-1,1,51.808273,20,Replayed,9.0
5.0,1.0,1,1,54.253613,20,Replayed,5.0
9.0,-1.0,-1,0,47.947235,20,Replayed,9.0
1.0,-1.0,1,1,51.345165,20,Replayed,1.0
-3.0,-1.0,-1,1,50.118942,20,Replayed,3.0
-3.0,-1.0,-1,1,50.79434,20,Replayed,3.0
-1.0,1.0,1,0,49.179665,20,Replayed,1.0
-3.0,1.0,-1,1,52.307533,20,Replayed,3.0
-1.0,1.0,1,0,49.435295,20,Replayed,1.0
-1.0,1.0,1,0,50.41254,20,Replayed,1.0
3.0,1.0,-1,0,47.76672,20,Replayed,3.0
3.0,1.0,1,1,52.356293,20,Replayed,3.0
1.0,1.0,-1,0,48.973866,20,Replayed,1.0
-38.0,1.0,-1,1,83.08952,20,Replayed,38.0
38.0,1.0,1,1,84.276924,20,Replayed,38.0
-9.0,0.0,-1,1,53.71902,20,Replayed,9.0
9.0,1.0,1,1,55.546932,20,Replayed,9.0
5.0,-1.0,1,1,51.428127,20,Replayed,5.0
-38.0,1.0,-1,1,83.47644,20,Replayed,38.0
-5.0,1.0,-1,1,52.687645,20,Replayed,5.0
1.0,0.0,1,1,51.124245,20,Replayed,1.0
-38.0,-1.0,-1,1,78.77861,20,Replayed,38.0
-3.0,1.0,1,0,47.90811,20,Replayed,3.0
5.0,0.0,1,1,53.068985,20,Replayed,5.0
-3.0,0.0,1,0,48.393124,20,Replayed,3.0
-3.0,0.0,1,0,49.478184,20,Replayed,3.0
3.0,0.0,1,1,52.029026,20,Replayed,3.0
-1.0,-1.0,-1,1,50.934155,20,Replayed,1.0
-38.0,1.0,-1,1,83.034904,20,Replayed,38.0
-9.0,-1.0,-1,1,52.096893,20,Replayed,9.0
5.0,-1.0,1,1,51.627083,20,Replayed,5.0
-3.0,0.0,-1,1,51.993496,20,Replayed,3.0
-9.0,1.0,1,0,44.884388,20,Replayed,9.0
-38.0,1.0,-1,1,83.3394,20,Replayed,38.0
3.0,-1.0,-1,0,47.759583,20,Replayed,3.0
-5.0,-1.0,-1,1,52.00437,20,Replayed,5.0
-5.0,-1.0,-1,1,51.571716,20,Replayed,5.0
-5.0,-1.0,1,0,47.57301,20,Replayed,5.0
3.0,-1.0,1,1,51.822018,20,Replayed,3.0
-1.0,-1.0,1,0,49.836132,20,Replayed,1.0
-38.0,0.0,-1,1,82.09487,20,Replayed,38.0
-9.0,-1.0,-1,1,52.759182,20,Replayed,9.0
-9.0,0.0,-1,1,53.718845,20,Replayed,9.0
3.0,0.0,1,1,52.04911,20,Replayed,3.0
1.0,-1.0,-1,0,49.280052,20,Replayed,1.0
5.0,0.0,1,1,52.63723,20,Replayed,5.0
9.0,0.0,1,1,54.290295,20,Replayed,9.0
38.0,0.0,1,1,81.76958,20,Replayed,38.0
-5.0,-1.0,-1,1,51.758022,20,Replayed,5.0
-3.0,-1.0,1,0,49.582245,20,Replayed,3.0
-5.0,0.0,-1,1,52.788715,20,Replayed,5.0
-5.0,-1.0,-1,1,51.3123,20,Replayed,5.0
3.0,0.0,1,1,51.546375,20,Replayed,3.0
-5.0,0.0,1,0,47.692158,20,Replayed,5.0
1.0,-1.0,1,1,51.122982,20,Replayed,1.0
-38.0,0.0,-1,1,80.46879,20,Replayed,38.0
1.0,-1.0,-1,0,49.7507,20,Replayed,1.0
38.0,1.0,1,1,83.96137,20,Replayed,38.0
-1.0,0.0,1,0,49.51346,20,Replayed,1.0
38.0,1.0,1,1,83.88502,20,Replayed,38.0
9.0,0.0,1,1,54.14913,20,Replayed,9.0
3.0,1.0,1,1,51.2963,20,Replayed,3.0
38.0,1.0,1,1,83.85845,20,Replayed,38.0
38.0,-1.0,1,1,79.57072,20,Replayed,38.0
-9.0,0.0,-1,1,53.932716,20,Replayed,9.0
-1.0,1.0,1,0,49.42648,20,Replayed,1.0
-1.0,0.0,-1,1,51.406334,20,Replayed,1.0
9.0,-1.0,1,1,52.896534,20,Replayed,9.0
-1.0,1.0,-1,1,50.227547,20,Replayed,1.0
-3.0,-1.0,-1,1,52.777576,20,Replayed,3.0
1.0,0.0,-1,0,48.154205,20,Replayed,1.0
-1.0,-1.0,1,0,50.04773,20,Replayed,1.0
-5.0,1.0,-1,1,53.343765,20,Replayed,5.0
1.0,0.0,1,1,51.012695,20,Replayed,1.0
9.0,1.0,1,1,56.338936,20,Replayed,9.0
1.0,1.0,1,1,50.798405,20,Replayed,1.0
5.0,0.0,1,1,52.315723,20,Replayed,5.0
1.0,0.0,-1,0,49.445545,20,Replayed,1.0
5.0,-1.0,1,1,51.739956,20,Replayed,5.0
-5.0,0.0,-1,1,51.358498,20,Replayed,5.0
5.0,0.0,1,1,52.98308,20,Replayed,5.0
38.0,0.0,1,1,82.07768,20,Replayed,38.0
9.0,1.0,1,1,55.997364,20,Replayed,9.0
-3.0,1.0,1,0,48.29959,20,Replayed,3.0
5.0,0.0,-1,0,47.182987,20,Replayed,5.0
38.0,0.0,1,1,82.426445,20,Replayed,38.0
3.0,0.0,-1,0,49.115746,20,Replayed,3.0
-9.0,-1.0,-1,1,52.830017,20,Replayed,9.0
9.0,-1.0,1,1,52.32949,20,Replayed,9.0
1.0,1.0,-1,0,49.460346,20,Replayed,1.0
-1.0,1.0,1,0,44.74867,21,Replayed,1.0
1.0,1.0,-1,0,50.871902,21,Replayed,1.0
9.0,-1.0,1,1,69.18448,21,Replayed,9.0
3.0,-1.0,1,1,54.125572,21,Replayed,3.0
38.0,0.0,1,1,94.75696,21,Replayed,38.0
1.0,0.0,-1,0,49.962646,21,Replayed,1.0
-9.0,-1.0,-1,1,72.052505,21,Replayed,9.0
3.0,1.0,1,1,53.888504,21,Replayed,3.0
1.0,1.0,-1,0,50.772102,21,Replayed,1.0
-5.0,-1.0,-1,1,63.1306,21,Replayed,5.0
1.0,0.0,-1,0,50.725586,21,Replayed,1.0
38.0,-1.0,1,1,94.83852,21,Replayed,38.0
1.0,0.0,-1,0,51.185375,21,Replayed,1.0
-9.0,1.0,-1,1,71.88281,21,Replayed,9.0
5.0,0.0,1,1,59.039562,21,Replayed,5.0
-38.0,0.0,-1,1,95.08284,21,Replayed,38.0
9.0,1.0,1,1,68.7377,21,Replayed,9.0
9.0,1.0,1,1,67.54843,21,Replayed,9.0
-5.0,-1.0,1,0,35.693542,21,Replayed,5.0
-9.0,-1.0,1,0,28.729969,21,Replayed,9.0
3.0,0.0,1,1,54.41352,21,Replayed,3.0
-3.0,-1.0,1,0,41.31022,21,Replayed,3.0
-3.0,1.0,1,0,39.803776,21,Replayed,3.0
-5.0,-1.0,-1,1,64.63122,21,Replayed,5.0
-38.0,1.0,-1,1,95.36517,21,Replayed,38.0
5.0,0.0,1,1,58.982216,21,Replayed,5.0
1.0,-1.0,1,1,48.74051,21,Replayed,1.0
38.0,-1.0,1,1,94.35532,21,Replayed,38.0
5.0,0.0,-1,0,40.24045,21,Replayed,5.0
-1.0,-1.0,-1,1,54.233707,21,Replayed,1.0
-3.0,1.0,-1,1,59.850586,21,Replayed,3.0
1.0,0.0,1,1,48.319027,21,Replayed,1.0
1.0,-1.0,1,1,50.15937,21,Replayed,1.0
-1.0,1.0,-1,1,54.641563,21,Replayed,1.0
-5.0,-1.0,-1,1,64.067566,21,Replayed,5.0
38.0,1.0,1,1,94.9642,21,Replayed,38.0
-9.0,-1.0,-1,1,71.4063,21,Replayed,9.0
-1.0,-1.0,1,0,45.416172,21,Replayed,1.0
-38.0,-1.0,-1,1,94.835434,21,Replayed,38.0
-3.0,1.0,-1,1,59.385933,21,Replayed,3.0
38.0,0.0,1,1,94.93289,21,Replayed,38.0
38.0,0.0,1,1,94.3959,21,Replayed,38.0
38.0,1.0,1,1,94.92537,21,Replayed,38.0
-9.0,0.0,-1,1,72.107925,21,Replayed,9.0
-38.0,-1.0,-1,1,95.26755,21,Replayed,38.0
-5.0,1.0,-1,1,64.01437,21,Replayed,5.0
-38.0,1.0,-1,1,95.19506,21,Replayed,38.0
38.0,-1.0,1,1,94.22204,21,Replayed,38.0
-38.0,1.0,-1,1,95.264465,21,Replayed,38.0
-38.0,-1.0,-1,1,95.09155,21,Replayed,38.0
9.0,-1.0,1,1,68.393364,21,Replayed,9.0
-9.0,1.0,-1,1,72.66555,21,Replayed,9.0
9.0,-1.0,1,1,67.47166,21,Replayed,9.0
-38.0,1.0,-1,1,95.43881,21,Replayed,38.0
38.0,-1.0,1,1,94.7983,21,Replayed,38.0
-1.0,-1.0,-1,1,53.399754,21,Replayed,1.0
9.0,1.0,1,1,67.98255,21,Replayed,9.0
-9.0,0.0,-1,1,72.166756,21,Replayed,9.0
5.0,1.0,1,1,58.698498,21,Replayed,5.0
-3.0,1.0,-1,1,59.742004,21,Replayed,3.0
3.0,-1.0,-1,0,46.09019,21,Replayed,3.0
-5.0,1.0,-1,1,63.722145,21,Replayed,5.0
3.0,-1.0,1,1,54.72983,21,Replayed,3.0
-3.0,1.0,-1,1,59.246605,21,Replayed,3.0
38.0,-1.0,1,1,94.41153,21,Replayed,38.0
9.0,0.0,1,1,68.1578,21,Replayed,9.0
-38.0,-1.0,-1,1,94.63132,21,Replayed,38.0
-3.0,0.0,-1,1,60.213013,21,Replayed,3.0
3.0,-1.0,1,1,52.977936,21,Replayed,3.0
3.0,1.0,1,1,54.184578,21,Replayed,3.0
1.0,0.0,1,1,49.480846,21,Replayed,1.0
38.0,-1.0,1,1,94.242165,21,Replayed,38.0
3.0,-1.0,1,1,55.145348,21,Replayed,3.0
-38.0,-1.0,-1,1,94.83025,21,Replayed,38.0
-3.0,1.0,1,0,40.756485,21,Replayed,3.0
-1.0,-1.0,-1,1,53.89612,21,Replayed,1.0
-9.0,-1.0,-1,1,72.94558,21,Replayed,9.0
1.0,-1.0,-1,0,50.994164,21,Replayed,1.0
-38.0,0.0,-1,1,95.20273,21,Replayed,38.0
1.0,1.0,1,1,49.62681,21,Replayed,1.0
5.0,1.0,1,1,59.277527,21,Replayed,5.0
1.0,1.0,-1,0,49.98084,21,Replayed,1.0
-9.0,-1.0,-1,1,72.6063,21,Replayed,9.0
-5.0,0.0,-1,1,64.18323,21,Replayed,5.0
-1.0,1.0,1,0,44.90585,21,Replayed,1.0
9.0,-1.0,1,1,68.23773,21,Replayed,9.0
-38.0,0.0,-1,1,95.25462,21,Replayed,38.0
-3.0,1.0,-1,1,60.304028,21,Replayed,3.0
-5.0,1.0,-1,1,63.688892,21,Replayed,5.0
-5.0,1.0,-1,1,64.14247,21,Replayed,5.0
5.0,-1.0,1,1,58.07872,21,Replayed,5.0
-3.0,0.0,1,0,40.62645,21,Replayed,3.0
5.0,0.0,-1,0,40.30167,21,Replayed,5.0
-5.0,1.0,-1,1,64.005974,21,Replayed,5.0
5.0,1.0,-1,0,41.270203,21,Replayed,5.0
1.0,0.0,1,1,50.597485,21,Replayed,1.0
-38.0,1.0,-1,1,95.50051,21,Replayed,38.0
-1.0,-1.0,1,0,45.872997,21,Replayed,1.0
-3.0,-1.0,-1,1,59.756096,21,Replayed,3.0
38.0,0.0,1,1,94.518036,21,Replayed,38.0
38.0,1.0,1,1,94.98064,21,Replayed,38.0
9.0,0.0,-1,0,31.070255,21,Replayed,9.0
-5.0,0.0,-1,1,64.27999,21,Replayed,5.0
-38.0,-1.0,-1,1,94.77041,21,Replayed,38.0
-9.0,1.0,-1,1,72.37542,21,Replayed,9.0
-9.0,1.0,-1,1,71.35437,21,Replayed,9.0
5.0,0.0,1,1,59.841705,21,Replayed,5.0
-3.0,-1.0,-1,1,58.799034,21,Replayed,3.0
-38.0,0.0,-1,1,95.056625,21,Replayed,38.0
-9.0,-1.0,-1,1,72.27496,21,Replayed,9.0
-9.0,1.0,-1,1,72.159424,21,Replayed,9.0
3.0,1.0,-1,0,46.283478,21,Replayed,3.0
-3.0,-1.0,-1,1,59.105183,21,Replayed,3.0
-3.0,-1.0,-1,1,59.39049,21,Replayed,3.0
-3.0,0.0,-1,1,58.677734,21,Replayed,3.0
5.0,-1.0,1,1,57.265812,21,Replayed,5.0
3.0,0.0,1,1,53.376328,21,Replayed,3.0
-38.0,-1.0,-1,1,95.061745,21,Replayed,38.0
5.0,1.0,1,1,59.194096,21,Replayed,5.0
1.0,-1.0,-1,0,49.773666,21,Replayed,1.0
-9.0,0.0,-1,1,72.29344,21,Replayed,9.0
-3.0,0.0,-1,1,60.262333,21,Replayed,3.0
9.0,1.0,1,1,68.79967,21,Replayed,9.0
1.0,0.0,-1,0,49.5455,21,Replayed,1.0
38.0,1.0,1,1,94.901695,21,Replayed,38.0
38.0,1.0,1,1,95.12936,21,Replayed,38.0
-5.0,-1.0,-1,1,64.108215,21,Replayed,5.0
-5.0,-1.0,-1,1,64.143814,21,Replayed,5.0
5.0,-1.0,1,1,58.779152,21,Replayed,5.0
5.0,0.0,1,1,59.35763,21,Replayed,5.0
-1.0,0.0,1,0,44.343246,21,Replayed,1.0
-3.0,0.0,-1,1,59.685146,21,Replayed,3.0
3.0,-1.0,1,1,54.296284,21,Replayed,3.0
9.0,-1.0,1,1,68.02363,21,Replayed,9.0
38.0,-1.0,1,1,94.27653,21,Replayed,38.0
-5.0,0.0,-1,1,63.904255,21,Replayed,5.0
-9.0,-1.0,-1,1,72.112946,21,Replayed,9.0
-5.0,1.0,-1,1,63.65975,21,Replayed,5.0
38.0,-1.0,1,1,94.15694,21,Replayed,38.0
-38.0,-1.0,-1,1,94.91783,21,Replayed,38.0
-1.0,0.0,1,0,45.83026,21,Replayed,1.0
9.0,-1.0,-1,0,31.78918,21,Replayed,9.0
-38.0,1.0,-1,1,95.30532,21,Replayed,38.0
9.0,1.0,1,1,68.85331,21,Replayed,9.0
-5.0,1.0,-1,1,63.83117,21,Replayed,5.0
-1.0,0.0,1,0,45.199005,21,Replayed,1.0
-9.0,0.0,-1,1,71.07165,21,Replayed,9.0
-3.0,-1.0,-1,1,57.806503,21,Replayed,3.0
38.0,1.0,1,1,94.90219,21,Replayed,38.0
3.0,-1.0,-1,0,46.416214,21,Replayed,3.0
9.0,0.0,1,1,67.07266,21,Replayed,9.0
-9.0,1.0,-1,1,72.49505,21,Replayed,9.0
38.0,0.0,1,1,94.82309,21,Replayed,38.0
3.0,1.0,1,1,53.802883,21,Replayed,3.0
-38.0,0.0,-1,1,94.988594,21,Replayed,38.0
-5.0,0.0,-1,1,63.685745,21,Replayed,5.0
-3.0,1.0,1,0,41.07296,21,Replayed,3.0
5.0,0.0,1,1,58.124405,21,Replayed,5.0
-1.0,-1.0,-1,1,55.003185,21,Replayed,1.0
-5.0,0.0,-1,1,63.543175,21,Replayed,5.0
5.0,-1.0,1,1,58.188564,21,Replayed,5.0
-38.0,1.0,-1,1,95.560715,21,Replayed,38.0
-3.0,0.0,1,0,40.775032,21,Replayed,3.0
38.0,1.0,1,1,95.109924,21,Replayed,38.0
38.0,0.0,1,1,94.94884,21,Replayed,38.0
-3.0,0.0,1,0,40.69414,21,Replayed,3.0
1.0,1.0,-1,0,49.829967,21,Replayed,1.0
-9.0,1.0,-1,1,71.69143,21,Replayed,9.0
-1.0,0.0,-1,1,55.15672,21,Replayed,1.0
9.0,0.0,-1,0,31.26474,21,Replayed,9.0
-5.0,0.0,1,0,36.676678,21,Replayed,5.0
3.0,1.0,1,1,55.24636,21,Replayed,3.0
-38.0,1.0,-1,1,95.45244,21,Replayed,38.0
3.0,1.0,-1,0,46.628235,21,Replayed,3.0
5.0,-1.0,-1,0,41.620872,21,Replayed,5.0
-5.0,-1.0,-1,1,63.501842,21,Replayed,5.0
1.0,-1.0,1,1,49.195675,21,Replayed,1.0
5.0,1.0,1,1,59.57377,21,Replayed,5.0
-9.0,0.0,-1,1,72.31049,21,Replayed,9.0
1.0,1.0,1,1,48.58689,21,Replayed,1.0
1.0,-1.0,1,1,49.85416,21,Replayed,1.0
3.0,0.0,1,1,54.942764,21,Replayed,3.0
-1.0,-1.0,1,0,44.860607,21,Replayed,1.0
3.0,0.0,1,1,54.304333,21,Replayed,3.0
-9.0,1.0,-1,1,72.75707,21,Replayed,9.0
3.0,1.0,1,1,54.789948,21,Replayed,3.0
-9.0,0.0,-1,1,71.901115,21,Replayed,9.0
1.0,-1.0,-1,0,50.760193,21,Replayed,1.0
-38.0,0.0,-1,1,94.98437,21,Replayed,38.0
-5.0,0.0,-1,1,62.83595,21,Replayed,5.0
-1.0,0.0,-1,1,54.69961,21,Replayed,1.0
9.0,1.0,1,1,69.11464,21,Replayed,9.0
-3.0,-1.0,-1,1,59.55537,21,Replayed,3.0
-38.0,0.0,-1,1,95.13103,21,Replayed,38.0
-9.0,-1.0,-1,1,71.931885,21,Replayed,9.0
5.0,1.0,1,1,59.488464,21,Replayed,5.0
3.0,0.0,1,1,54.759045,21,Replayed,3.0
9.0,0.0,-1,0,31.184435,21,Replayed,9.0
3.0,0.0,1,1,54.99221,21,Replayed,3.0
-5.0,1.0,-1,1,63.829525,21,Replayed,5.0
9.0,0.0,1,1,67.868195,21,Replayed,9.0
3.0,1.0,-1,0,46.437614,21,Replayed,3.0
9.0,-1.0,-1,0,32.12454,21,Replayed,9.0
9.0,1.0,1,1,69.221344,21,Replayed,9.0
-1.0,0.0,-1,1,54.692226,21,Replayed,1.0
1.0,1.0,-1,0,51.03421,21,Replayed,1.0
-3.0,-1.0,-1,1,58.890106,21,Replayed,3.0
-1.0,1.0,-1,1,54.10974,21,Replayed,1.0
5.0,-1.0,1,1,58.594006,21,Replayed,5.0
-1.0,-1.0,1,0,45.41793,21,Replayed,1.0
1.0,0.0,-1,0,49.84618,21,Replayed,1.0
-3.0,0.0,1,0,40.113266,21,Replayed,3.0
1.0,-1.0,-1,0,50.091267,21,Replayed,1.0
38.0,0.0,1,1,94.90336,21,Replayed,38.0
9.0,1.0,1,1,67.96724,21,Replayed,9.0
9.0,0.0,1,1,68.42355,21,Replayed,9.0
3.0,0.0,-1,0,45.75225,21,Replayed,3.0
5.0,-1.0,1,1,58.646786,21,Replayed,5.0
5.0,1.0,-1,0,40.805603,21,Replayed,5.0
38.0,0.0,1,1,94.81741,21,Replayed,38.0
5.0,-1.0,-1,0,41.414417,21,Replayed,5.0
-1.0,1.0,1,0,44.64611,21,Replayed,1.0
-9.0,0.0,-1,1,72.70042,21,Replayed,9.0
9.0,-1.0,1,1,68.477776,21,Replayed,9.0
9.0,0.0,-1,0,31.616856,21,Replayed,9.0
5.0,0.0,1,1,59.671265,21,Replayed,5.0
-1.0,0.0,-1,1,55.12101,21,Replayed,1.0
-1.0,1.0,-1,1,54.38273,21,Replayed,1.0
-1.0,1.0,1,0,45.49136,21,Replayed,1.0
-1.0,1.0,-1,1,54.64501,21,Replayed,1.0
3.0,0.0,1,1,55.113113,21,Replayed,3.0
-1.0,-1.0,-1,1,53.005703,22,Replayed,1.0
-9.0,-1.0,-1,1,61.547447,22,Replayed,9.0
3.0,-1.0,1,1,51.685627,22,Replayed,3.0
-9.0,1.0,1,0,39.848537,22,Replayed,9.0
9.0,0.0,-1,0,43.107788,22,Replayed,9.0
-3.0,1.0,-1,1,55.461067,22,Replayed,3.0
38.0,-1.0,1,1,88.651375,22,Replayed,38.0
9.0,1.0,-1,0,42.578472,22,Replayed,9.0
-3.0,-1.0,1,0,44.78847,22,Replayed,3.0
5.0,1.0,1,1,53.366905,22,Replayed,5.0
5.0,1.0,1,1,54.1804,22,Replayed,5.0
38.0,0.0,1,1,88.21476,22,Replayed,38.0
38.0,-1.0,1,1,88.37816,22,Replayed,38.0
-38.0,1.0,-1,1,91.211525,22,Replayed,38.0
9.0,-1.0,1,1,57.286285,22,Replayed,9.0
-1.0,-1.0,1,0,46.684135,22,Replayed,1.0
9.0,-1.0,1,1,57.369743,22,Replayed,9.0
-38.0,-1.0,-1,1,91.418175,22,Replayed,38.0
-1.0,1.0,-1,1,52.55785,22,Replayed,1.0
3.0,-1.0,-1,0,48.364304,22,Replayed,3.0
3.0,-1.0,-1,0,47.904217,22,Replayed,3.0
38.0,0.0,1,1,88.33327,22,Replayed,38.0
-9.0,-1.0,-1,1,60.61736,22,Replayed,9.0
-3.0,-1.0,-1,1,55.327858,22,Replayed,3.0
-9.0,1.0,-1,1,60.008846,22,Replayed,9.0
5.0,0.0,1,1,53.367126,22,Replayed,5.0
1.0,1.0,-1,0,50.73704,22,Replayed,1.0
3.0,1.0,1,1,52.00737,22,Replayed,3.0
38.0,1.0,1,1,87.45066,22,Replayed,38.0
5.0,0.0,1,1,54.259926,22,Replayed,5.0
5.0,1.0,1,1,53.777725,22,Replayed,5.0
38.0,1.0,1,1,87.58758,22,Replayed,38.0
-3.0,1.0,1,0,45.201607,22,Replayed,3.0
5.0,-1.0,1,1,53.47275,22,Replayed,5.0
1.0,-1.0,-1,0,51.991707,22,Replayed,1.0
-5.0,0.0,-1,1,56.88339,22,Replayed,5.0
-5.0,0.0,-1,1,56.343346,22,Replayed,5.0
-1.0,1.0,-1,1,52.938927,22,Replayed,1.0
38.0,-1.0,1,1,88.74538,22,Replayed,38.0
-1.0,-1.0,1,0,47.8801,22,Replayed,1.0
38.0,-1.0,1,1,88.53219,22,Replayed,38.0
1.0,-1.0,1,1,49.588604,22,Replayed,1.0
5.0,-1.0,1,1,53.21209,22,Replayed,5.0
-9.0,0.0,-1,1,60.35611,22,Replayed,9.0
-5.0,-1.0,1,0,43.111336,22,Replayed,5.0
9.0,0.0,-1,0,42.98515,22,Replayed,9.0
3.0,1.0,1,1,50.829826,22,Replayed,3.0
-9.0,1.0,-1,1,59.328186,22,Replayed,9.0
3.0,0.0,1,1,51.66268,22,Replayed,3.0
-5.0,-1.0,1,0,43.119396,22,Replayed,5.0
3.0,1.0,1,1,52.419273,22,Replayed,3.0
-3.0,-1.0,1,0,43.998158,22,Replayed,3.0
3.0,-1.0,-1,0,48.403355,22,Replayed,3.0
38.0,1.0,1,1,87.85385,22,Replayed,38.0
5.0,0.0,1,1,53.67401,22,Replayed,5.0
38.0,-1.0,1,1,88.720436,22,Replayed,38.0
-3.0,1.0,-1,1,55.464977,22,Replayed,3.0
-3.0,1.0,1,0,46.068302,22,Replayed,3.0
-5.0,1.0,-1,1,56.331444,22,Replayed,5.0
-5.0,0.0,-1,1,57.097984,22,Replayed,5.0
-1.0,0.0,-1,1,52.711803,22,Replayed,1.0
1.0,1.0,1,1,48.723526,22,Replayed,1.0
3.0,-1.0,-1,0,48.896347,22,Replayed,3.0
9.0,-1.0,1,1,56.205772,22,Replayed,9.0
-1.0,-1.0,1,0,47.011505,22,Replayed,1.0
-38.0,-1.0,-1,1,91.77096,22,Replayed,38.0
-5.0,1.0,-1,1,56.51825,22,Replayed,5.0
5.0,0.0,-1,0,46.485172,22,Replayed,5.0
1.0,1.0,-1,0,50.98433,22,Replayed,1.0
5.0,1.0,-1,0,46.27189,22,Replayed,5.0
-1.0,1.0,-1,1,53.19575,22,Replayed,1.0
-1.0,1.0,1,0,46.953094,22,Replayed,1.0
-9.0,-1.0,-1,1,62.233715,22,Replayed,9.0
9.0,-1.0,1,1,57.458134,22,Replayed,9.0
-38.0,1.0,-1,1,90.36335,22,Replayed,38.0
9.0,0.0,1,1,56.469925,22,Replayed,9.0
1.0,0.0,-1,0,50.515564,22,Replayed,1.0
-1.0,-1.0,1,0,47.39796,22,Replayed,1.0
-1.0,0.0,-1,1,51.935406,22,Replayed,1.0
38.0,0.0,1,1,88.43682,22,Replayed,38.0
-3.0,0.0,1,0,44.611652,22,Replayed,3.0
-38.0,0.0,-1,1,91.33452,22,Replayed,38.0
38.0,0.0,1,1,88.739296,22,Replayed,38.0
38.0,1.0,1,1,88.188835,22,Replayed,38.0
-9.0,1.0,-1,1,60.97796,22,Replayed,9.0
38.0,0.0,1,1,88.04895,22,Replayed,38.0
9.0,-1.0,1,1,57.56484,22,Replayed,9.0
-9.0,0.0,-1,1,61.205162,22,Replayed,9.0
-9.0,-1.0,-1,1,61.626034,22,Replayed,9.0
-1.0,0.0,-1,1,52.896553,22,Replayed,1.0
-38.0,0.0,-1,1,91.51558,22,Replayed,38.0
5.0,-1.0,1,1,53.210705,22,Replayed,5.0
5.0,0.0,-1,0,47.01579,22,Replayed,5.0
-38.0,0.0,-1,1,90.60277,22,Replayed,38.0
-3.0,0.0,1,0,44.254597,22,Replayed,3.0
1.0,0.0,-1,0,50.0025,22,Replayed,1.0
1.0,0.0,1,1,48.99907,22,Replayed,1.0
5.0,0.0,1,1,53.47976,22,Replayed,5.0
3.0,1.0,1,1,50.94615,22,Replayed,3.0
1.0,0.0,-1,0,50.862568,22,Replayed,1.0
1.0,1.0,-1,0,50.823677,22,Replayed,1.0
-5.0,-1.0,1,0,42.791595,22,Replayed,5.0
38.0,1.0,1,1,87.86493,22,Replayed,38.0
38.0,1.0,1,1,87.69375,22,Replayed,38.0
-1.0,0.0,-1,1,53.213223,22,Replayed,1.0
5.0,0.0,-1,0,46.31508,22,Replayed,5.0
-3.0,-1.0,-1,1,55.195953,22,Replayed,3.0
3.0,0.0,1,1,51.680447,22,Replayed,3.0
-5.0,-1.0,-1,1,57.46084,22,Replayed,5.0
-38.0,-1.0,-1,1,91.01141,22,Replayed,38.0
3.0,1.0,1,1,50.88397,22,Replayed,3.0
-3.0,0.0,-1,1,54.98026,22,Replayed,3.0
-9.0,-1.0,-1,1,61.202293,22,Replayed,9.0
-5.0,-1.0,-1,1,57.42197,22,Replayed,5.0
9.0,1.0,1,1,57.324146,22,Replayed,9.0
1.0,-1.0,1,1,49.62755,22,Replayed,1.0
5.0,1.0,-1,0,45.807533,22,Replayed,5.0
9.0,-1.0,1,1,56.91075,22,Replayed,9.0
1.0,0.0,-1,0,51.307415,22,Replayed,1.0
-1.0,0.0,-1,1,53.012573,22,Replayed,1.0
3.0,-1.0,-1,0,48.778057,22,Replayed,3.0
-9.0,0.0,-1,1,60.130524,22,Replayed,9.0
5.0,-1.0,-1,0,47.224266,22,Replayed,5.0
5.0,1.0,1,1,53.76172,22,Replayed,5.0
-1.0,1.0,1,0,47.87986,22,Replayed,1.0
-38.0,-1.0,-1,1,91.36826,22,Replayed,38.0
-1.0,-1.0,-1,1,52.42511,22,Replayed,1.0
-3.0,0.0,-1,1,54.87351,22,Replayed,3.0
-38.0,0.0,-1,1,91.322044,22,Replayed,38.0
-3.0,1.0,-1,1,54.5041,22,Replayed,3.0
-5.0,0.0,-1,1,56.502037,22,Replayed,5.0
9.0,0.0,1,1,56.69533,22,Replayed,9.0
-3.0,-1.0,-1,1,55.56121,22,Replayed,3.0
38.0,1.0,1,1,88.13353,22,Replayed,38.0
-9.0,-1.0,-1,1,61.225216,22,Replayed,9.0
1.0,1.0,1,1,48.888317,22,Replayed,1.0
5.0,-1.0,-1,0,46.22077,22,Replayed,5.0
1.0,0.0,-1,0,50.96672,22,Replayed,1.0
-3.0,0.0,-1,1,55.308907,22,Replayed,3.0
38.0,-1.0,1,1,88.88952,22,Replayed,38.0
3.0,0.0,-1,0,48.810654,22,Replayed,3.0
-38.0,1.0,-1,1,90.56857,22,Replayed,38.0
-5.0,1.0,-1,1,57.102127,22,Replayed,5.0
-5.0,0.0,-1,1,56.774815,22,Replayed,5.0
-1.0,-1.0,1,0,46.86099,22,Replayed,1.0
3.0,0.0,1,1,51.79292,22,Replayed,3.0
3.0,0.0,-1,0,47.653736,22,Replayed,3.0
-9.0,1.0,-1,1,61.007065,22,Replayed,9.0
1.0,0.0,1,1,48.21028,22,Replayed,1.0
-5.0,1.0,-1,1,56.55617,22,Replayed,5.0
3.0,-1.0,1,1,51.690857,22,Replayed,3.0
-3.0,1.0,-1,1,55.26585,22,Replayed,3.0
-5.0,0.0,-1,1,57.205345,22,Replayed,5.0
9.0,1.0,1,1,57.050877,22,Replayed,9.0
-1.0,1.0,1,0,47.429935,22,Replayed,1.0
-3.0,0.0,-1,1,54.874496,22,Replayed,3.0
3.0,0.0,-1,0,48.431896,22,Replayed,3.0
-3.0,0.0,1,0,44.729404,22,Replayed,3.0
-38.0,0.0,-1,1,91.11658,22,Replayed,38.0
1.0,1.0,-1,0,50.174557,22,Replayed,1.0
9.0,1.0,-1,0,43.56833,22,Replayed,9.0
1.0,0.0,1,1,49.26322,22,Replayed,1.0
38.0,0.0,1,1,88.275024,22,Replayed,38.0
9.0,1.0,1,1,56.609535,22,Replayed,9.0
-3.0,1.0,-1,1,54.85434,22,Replayed,3.0
9.0,1.0,1,1,57.311337,22,Replayed,9.0
1.0,1.0,-1,0,50.53373,22,Replayed,1.0
-5.0,-1.0,1,0,42.819603,22,Replayed,5.0
-1.0,0.0,-1,1,53.09825,22,Replayed,1.0
38.0,-1.0,1,1,89.47823,22,Replayed,38.0
-5.0,-1.0,1,0,43.012863,22,Replayed,5.0
9.0,0.0,1,1,56.893013,22,Replayed,9.0
-1.0,0.0,1,0,46.436153,22,Replayed,1.0
38.0,0.0,1,1,88.33279,22,Replayed,38.0
-9.0,0.0,-1,1,61.07658,22,Replayed,9.0
-38.0,0.0,-1,1,91.28202,22,Replayed,38.0
-3.0,1.0,-1,1,55.16426,22,Replayed,3.0
9.0,-1.0,-1,0,43.50052,22,Replayed,9.0
-5.0,1.0,-1,1,56.37142,22,Replayed,5.0
-1.0,-1.0,1,0,46.557854,22,Replayed,1.0
-38.0,1.0,-1,1,91.00029,22,Replayed,38.0
1.0,-1.0,1,1,48.674683,22,Replayed,1.0
-38.0,1.0,-1,1,91.42514,22,Replayed,38.0
9.0,0.0,-1,0,42.586605,22,Replayed,9.0
38.0,-1.0,1,1,88.74976,22,Replayed,38.0
-5.0,1.0,-1,1,56.513046,22,Replayed,5.0
-9.0,0.0,-1,1,61.020885,22,Replayed,9.0
-9.0,1.0,-1,1,60.380493,22,Replayed,9.0
-5.0,0.0,-1,1,57.053993,22,Replayed,5.0
-5.0,-1.0,-1,1,56.880684,22,Replayed,5.0
-1.0,1.0,-1,1,53.479607,22,Replayed,1.0
5.0,0.0,1,1,53.05929,22,Replayed,5.0
3.0,1.0,1,1,51.228256,22,Replayed,3.0
-38.0,-1.0,-1,1,91.075096,22,Replayed,38.0
-3.0,0.0,1,0,44.826427,22,Replayed,3.0
-38.0,0.0,-1,1,91.06167,22,Replayed,38.0
-9.0,-1.0,1,0,38.788498,22,Replayed,9.0
-5.0,1.0,-1,1,57.01918,22,Replayed,5.0
-9.0,0.0,-1,1,60.897053,22,Replayed,9.0
5.0,1.0,-1,0,46.8211,22,Replayed,5.0
1.0,-1.0,1,1,49.463516,22,Replayed,1.0
5.0,-1.0,-1,0,46.00994,22,Replayed,5.0
-38.0,1.0,-1,1,91.48819,22,Replayed,38.0
9.0,0.0,1,1,56.7985,22,Replayed,9.0
-5.0,1.0,-1,1,57.06163,22,Replayed,5.0
1.0,-1.0,-1,0,51.050507,22,Replayed,1.0
9.0,0.0,1,1,57.124447,22,Replayed,9.0
9.0,1.0,1,1,56.26815,22,Replayed,9.0
3.0,0.0,1,1,51.561092,22,Replayed,3.0
9.0,-1.0,1,1,57.39106,22,Replayed,9.0
5.0,-1.0,1,1,53.0616,22,Replayed,5.0
38.0,1.0,1,1,87.86769,22,Replayed,38.0
-9.0,0.0,1,0,38.273094,22,Replayed,9.0
5.0,1.0,-1,0,46.96209,22,Replayed,5.0
3.0,1.0,-1,0,48.596497,22,Replayed,3.0
-38.0,1.0,-1,1,91.02949,22,Replayed,38.0
-5.0,0.0,-1,1,56.981216,22,Replayed,5.0
3.0,1.0,1,1,51.942165,22,Replayed,3.0
-9.0,-1.0,-1,1,61.579185,22,Replayed,9.0
1.0,-1.0,-1,0,50.38642,22,Replayed,1.0
-38.0,-1.0,-1,1,91.70565,22,Replayed,38.0
1.0,1.0,1,1,48.559685,22,Replayed,1.0
1.0,-1.0,-1,0,49.93136,22,Replayed,1.0
-9.0,1.0,-1,1,60.265778,22,Replayed,9.0
-1.0,0.0,1,0,47.363503,22,Replayed,1.0
-3.0,-1.0,-1,1,55.346004,22,Replayed,3.0
-38.0,-1.0,-1,1,91.68208,22,Replayed,38.0
9.0,1.0,-1,0,43.705112,22,Replayed,9.0
-9.0,1.0,-1,1,60.962135,22,Replayed,9.0
-3.0,-1.0,1,0,44.80413,22,Replayed,3.0
-1.0,1.0,-1,1,52.86485,22,Replayed,1.0
5.0,-1.0,1,1,53.617847,22,Replayed,5.0
-9.0,0.0,-1,1,60.828053,22,Replayed,9.0
-38.0,1.0,-1,1,91.1376,22,Replayed,38.0
9.0,-1.0,1,1,54.173534,23,Replayed,9.0
9.0,0.0,1,1,54.79855,23,Replayed,9.0
38.0,1.0,1,1,77.249596,23,Replayed,38.0
-1.0,1.0,1,0,49.235897,23,Replayed,1.0
3.0,0.0,1,1,52.46921,23,Replayed,3.0
3.0,0.0,1,1,51.201927,23,Replayed,3.0
38.0,1.0,1,1,77.84071,23,Replayed,38.0
-1.0,0.0,-1,1,51.060833,23,Replayed,1.0
5.0,1.0,1,1,52.322857,23,Replayed,5.0
5.0,1.0,1,1,53.363125,23,Replayed,5.0
1.0,0.0,1,1,50.276737,23,Replayed,1.0
-1.0,-1.0,-1,1,49.735115,23,Replayed,1.0
-5.0,1.0,-1,1,52.72412,23,Replayed,5.0
-38.0,1.0,-1,1,78.471596,23,Replayed,38.0
1.0,-1.0,1,1,51.019966,23,Replayed,1.0
5.0,-1.0,-1,0,47.09854,23,Replayed,5.0
3.0,1.0,-1,0,48.64401,23,Replayed,3.0
1.0,1.0,-1,0,50.160484,23,Replayed,1.0
-38.0,-1.0,-1,1,78.86016,23,Replayed,38.0
1.0,0.0,1,1,50.786816,23,Replayed,1.0
9.0,0.0,1,1,55.470665,23,Replayed,9.0
-3.0,-1.0,-1,1,53.210365,23,Replayed,3.0
5.0,0.0,1,1,52.40327,23,Replayed,5.0
1.0,0.0,-1,0,50.116657,23,Replayed,1.0
1.0,-1.0,-1,0,49.09072,23,Replayed,1.0
38.0,-1.0,1,1,76.75481,23,Replayed,38.0
-9.0,0.0,-1,1,56.94457,23,Replayed,9.0
-1.0,0.0,1,0,49.493507,23,Replayed,1.0
-3.0,-1.0,-1,1,52.82066,23,Replayed,3.0
-3.0,1.0,-1,1,53.013493,23,Replayed,3.0
38.0,-1.0,1,1,77.70542,23,Replayed,38.0
38.0,1.0,1,1,77.717674,23,Replayed,38.0
38.0,1.0,1,1,77.95925,23,Replayed,38.0
-38.0,0.0,-1,1,78.060394,23,Replayed,38.0
-5.0,1.0,-1,1,53.48646,23,Replayed,5.0
-38.0,-1.0,-1,1,78.56022,23,Replayed,38.0
3.0,1.0,-1,0,49.12214,23,Replayed,3.0
38.0,0.0,1,1,77.920845,23,Replayed,38.0
5.0,-1.0,1,1,52.37464,23,Replayed,5.0
-38.0,1.0,-1,1,78.26331,23,Replayed,38.0
3.0,-1.0,1,1,52.66909,23,Replayed,3.0
-38.0,-1.0,-1,1,78.67256,23,Replayed,38.0
-3.0,-1.0,-1,1,52.07228,23,Replayed,3.0
-1.0,-1.0,-1,1,51.204056,23,Replayed,1.0
38.0,-1.0,1,1,77.3049,23,Replayed,38.0
5.0,-1.0,1,1,53.077423,23,Replayed,5.0
-9.0,0.0,-1,1,56.052856,23,Replayed,9.0
-1.0,1.0,1,0,48.53208,23,Replayed,1.0
5.0,1.0,-1,0,47.48149,23,Replayed,5.0
-9.0,-1.0,-1,1,56.6258,23,Replayed,9.0
-3.0,-1.0,1,0,47.406075,23,Replayed,3.0
38.0,1.0,1,1,77.475204,23,Replayed,38.0
5.0,1.0,1,1,52.75084,23,Replayed,5.0
1.0,0.0,1,1,49.60626,23,Replayed,1.0
-1.0,1.0,-1,1,51.193398,23,Replayed,1.0
-38.0,-1.0,-1,1,79.0097,23,Replayed,38.0
-3.0,1.0,1,0,46.18665,23,Replayed,3.0
-1.0,-1.0,-1,1,51.275414,23,Replayed,1.0
-9.0,1.0,-1,1,57.530647,23,Replayed,9.0
-3.0,1.0,-1,1,52.185387,23,Replayed,3.0
-1.0,1.0,-1,1,51.594448,23,Replayed,1.0
-9.0,-1.0,-1,1,57.256763,23,Replayed,9.0
9.0,-1.0,1,1,55.148636,23,Replayed,9.0
9.0,0.0,1,1,54.921055,23,Replayed,9.0
3.0,0.0,1,1,52.051003,23,Replayed,3.0
-5.0,0.0,-1,1,53.277016,23,Replayed,5.0
-3.0,1.0,-1,1,52.194668,23,Replayed,3.0
38.0,0.0,1,1,77.44416,23,Replayed,38.0
1.0,-1.0,-1,0,50.566452,23,Replayed,1.0
5.0,1.0,1,1,53.394707,23,Replayed,5.0
-5.0,0.0,-1,1,53.72709,23,Replayed,5.0
3.0,0.0,-1,0,49.288826,23,Replayed,3.0
-9.0,-1.0,1,0,42.698166,23,Replayed,9.0
-38.0,1.0,-1,1,78.35657,23,Replayed,38.0
5.0,0.0,-1,0,47.27942,23,Replayed,5.0
3.0,-1.0,1,1,50.37399,23,Replayed,3.0
-38.0,0.0,-1,1,78.00393,23,Replayed,38.0
9.0,1.0,1,1,54.96857,23,Replayed,9.0
3.0,1.0,-1,0,48.644413,23,Replayed,3.0
9.0,-1.0,1,1,54.46113,23,Replayed,9.0
38.0,0.0,1,1,77.60045,23,Replayed,38.0
-5.0,-1.0,-1,1,53.6765,23,Replayed,5.0
-1.0,-1.0,1,0,49.239494,23,Replayed,1.0
-38.0,-1.0,-1,1,78.476944,23,Replayed,38.0
3.0,1.0,1,1,51.214336,23,Replayed,3.0
-9.0,-1.0,-1,1,56.63473,23,Replayed,9.0
-38.0,1.0,-1,1,78.48534,23,Replayed,38.0
9.0,1.0,1,1,55.636818,23,Replayed,9.0
-1.0,1.0,-1,1,50.787098,23,Replayed,1.0
5.0,0.0,1,1,52.91797,23,Replayed,5.0
-3.0,-1.0,-1,1,52.27322,23,Replayed,3.0
9.0,1.0,1,1,55.03505,23,Replayed,9.0
38.0,-1.0,1,1,76.82935,23,Replayed,38.0
38.0,0.0,1,1,77.228386,23,Replayed,38.0
1.0,1.0,-1,0,49.592175,23,Replayed,1.0
-38.0,1.0,-1,1,78.97365,23,Replayed,38.0
-38.0,0.0,-1,1,78.57339,23,Replayed,38.0
-5.0,0.0,-1,1,53.71207,23,Replayed,5.0
9.0,1.0,1,1,56.004513,23,Replayed,9.0
1.0,0.0,-1,0,50.341213,23,Replayed,1.0
3.0,0.0,-1,0,47.282276,23,Replayed,3.0
-5.0,1.0,-1,1,53.725952,23,Replayed,5.0
9.0,-1.0,1,1,55.899418,23,Replayed,9.0
3.0,0.0,1,1,50.863434,23,Replayed,3.0
-9.0,0.0,-1,1,57.15862,23,Replayed,9.0
-38.0,0.0,-1,1,78.15044,23,Replayed,38.0
5.0,-1.0,1,1,53.210278,23,Replayed,5.0
-1.0,1.0,-1,1,50.989388,23,Replayed,1.0
9.0,1.0,1,1,56.181175,23,Replayed,9.0
5.0,-1.0,1,1,52.522022,23,Replayed,5.0
9.0,-1.0,1,1,54.969112,23,Replayed,9.0
-3.0,0.0,-1,1,51.477016,23,Replayed,3.0
3.0,-1.0,1,1,51.048016,23,Replayed,3.0
5.0,-1.0,1,1,52.875687,23,Replayed,5.0
1.0,0.0,1,1,50.07001,23,Replayed,1.0
9.0,1.0,1,1,56.220436,23,Replayed,9.0
-3.0,-1.0,-1,1,52.121986,23,Replayed,3.0
38.0,0.0,1,1,76.89975,23,Replayed,38.0
-3.0,1.0,1,0,47.522587,23,Replayed,3.0
-1.0,0.0,1,0,50.01011,23,Replayed,1.0
-1.0,-1.0,-1,1,51.414536,23,Replayed,1.0
-38.0,0.0,-1,1,78.12979,23,Replayed,38.0
-5.0,0.0,-1,1,53.25253,23,Replayed,5.0
-3.0,0.0,-1,1,52.858997,23,Replayed,3.0
-9.0,-1.0,-1,1,56.920547,23,Replayed,9.0
3.0,0.0,1,1,50.27079,23,Replayed,3.0
-3.0,0.0,1,0,47.756065,23,Replayed,3.0
-9.0,-1.0,-1,1,56.89977,23,Replayed,9.0
3.0,-1.0,1,1,50.930954,23,Replayed,3.0
38.0,0.0,1,1,77.2324,23,Replayed,38.0
5.0,0.0,1,1,52.565163,23,Replayed,5.0
5.0,0.0,1,1,53.344578,23,Replayed,5.0
1.0,0.0,-1,0,50.40192,23,Replayed,1.0
9.0,0.0,1,1,54.833065,23,Replayed,9.0
-5.0,-1.0,-1,1,53.09961,23,Replayed,5.0
1.0,1.0,1,1,49.66457,23,Replayed,1.0
-5.0,1.0,-1,1,52.670757,23,Replayed,5.0
-9.0,0.0,-1,1,56.539772,23,Replayed,9.0
-3.0,1.0,-1,1,52.562904,23,Replayed,3.0
5.0,1.0,1,1,52.805496,23,Replayed,5.0
-9.0,1.0,-1,1,56.131332,23,Replayed,9.0
3.0,-1.0,1,1,51.777447,23,Replayed,3.0
-1.0,-1.0,-1,1,51.536995,23,Replayed,1.0
-3.0,0.0,-1,1,52.00263,23,Replayed,3.0
1.0,0.0,-1,0,49.03045,23,Replayed,1.0
5.0,-1.0,1,1,52.80854,23,Replayed,5.0
9.0,0.0,1,1,55.630188,23,Replayed,9.0
-38.0,0.0,-1,1,78.01435,23,Replayed,38.0
-3.0,0.0,1,0,48.3668,23,Replayed,3.0
-5.0,-1.0,-1,1,53.432446,23,Replayed,5.0
38.0,-1.0,1,1,76.73747,23,Replayed,38.0
-1.0,0.0,-1,1,51.721107,23,Replayed,1.0
-9.0,1.0,-1,1,56.36908,23,Replayed,9.0
-3.0,-1.0,-1,1,52.021767,23,Replayed,3.0
-5.0,-1.0,-1,1,54.23774,23,Replayed,5.0
-38.0,0.0,-1,1,78.77036,23,Replayed,38.0
-9.0,-1.0,-1,1,57.11919,23,Replayed,9.0
38.0,-1.0,1,1,77.87542,23,Replayed,38.0
-3.0,-1.0,-1,1,50.974613,23,Replayed,3.0
-5.0,-1.0,-1,1,53.00582,23,Replayed,5.0
-38.0,0.0,-1,1,77.52989,23,Replayed,38.0
9.0,-1.0,1,1,56.377037,23,Replayed,9.0
3.0,1.0,1,1,51.1325,23,Replayed,3.0
3.0,0.0,1,1,52.38357,23,Replayed,3.0
-1.0,1.0,1,0,49.05561,23,Replayed,1.0
1.0,1.0,-1,0,50.232582,23,Replayed,1.0
5.0,1.0,1,1,52.599792,23,Replayed,5.0
1.0,1.0,1,1,49.68533,23,Replayed,1.0
3.0,1.0,1,1,51.35445,23,Replayed,3.0
-38.0,-1.0,-1,1,78.08993,23,Replayed,38.0
38.0,1.0,1,1,77.29483,23,Replayed,38.0
3.0,-1.0,1,1,51.392727,23,Replayed,3.0
-1.0,-1.0,-1,1,50.058342,23,Replayed,1.0
-5.0,-1.0,-1,1,52.677734,23,Replayed,5.0
-5.0,0.0,-1,1,53.14419,23,Replayed,5.0
3.0,1.0,1,1,51.50469,23,Replayed,3.0
-38.0,-1.0,-1,1,77.64836,23,Replayed,38.0
38.0,-1.0,1,1,77.00452,23,Replayed,38.0
1.0,-1.0,1,1,50.152283,23,Replayed,1.0
-9.0,0.0,-1,1,56.60364,23,Replayed,9.0
-38.0,1.0,-1,1,77.778694,23,Replayed,38.0
1.0,1.0,-1,0,49.83291,23,Replayed,1.0
-1.0,-1.0,-1,1,51.26064,23,Replayed,1.0
1.0,-1.0,1,1,50.24931,23,Replayed,1.0
-3.0,1.0,1,0,47.895195,23,Replayed,3.0
9.0,-1.0,-1,0,45.1878,23,Replayed,9.0
38.0,1.0,1,1,77.962395,23,Replayed,38.0
38.0,0.0,1,1,76.53519,23,Replayed,38.0
3.0,1.0,1,1,51.28729,23,Replayed,3.0
3.0,-1.0,1,1,51.225025,23,Replayed,3.0
5.0,0.0,1,1,52.863037,23,Replayed,5.0
38.0,1.0,1,1,77.297356,23,Replayed,38.0
9.0,-1.0,1,1,55.78309,23,Replayed,9.0
-1.0,0.0,1,0,48.566635,23,Replayed,1.0
-9.0,0.0,-1,1,56.03568,23,Replayed,9.0
9.0,1.0,1,1,56.026817,23,Replayed,9.0
-9.0,1.0,-1,1,57.081688,23,Replayed,9.0
9.0,1.0,1,1,55.382626,23,Replayed,9.0
-5.0,0.0,-1,1,54.44461,23,Replayed,5.0
-9.0,1.0,-1,1,57.30062,23,Replayed,9.0
-38.0,-1.0,-1,1,77.512886,23,Replayed,38.0
-3.0,0.0,-1,1,52.03105,23,Replayed,3.0
9.0,0.0,1,1,55.156128,23,Replayed,9.0
3.0,-1.0,1,1,51.757576,23,Replayed,3.0
-1.0,0.0,-1,1,52.243393,23,Replayed,1.0
-1.0,0.0,-1,1,51.46349,23,Replayed,1.0
1.0,1.0,1,1,50.197853,23,Replayed,1.0
-3.0,1.0,-1,1,52.91319,23,Replayed,3.0
-9.0,0.0,-1,1,56.59686,23,Replayed,9.0
9.0,0.0,1,1,55.461388,23,Replayed,9.0
-1.0,0.0,-1,1,51.226257,23,Replayed,1.0
-5.0,1.0,-1,1,54.476402,23,Replayed,5.0
5.0,0.0,-1,0,47.532036,23,Replayed,5.0
-5.0,-1.0,-1,1,53.18218,23,Replayed,5.0
-9.0,-1.0,-1,1,55.8257,23,Replayed,9.0
-9.0,0.0,-1,1,57.224792,23,Replayed,9.0
-5.0,-1.0,-1,1,53.137535,23,Replayed,5.0
9.0,0.0,1,1,55.41935,23,Replayed,9.0
-9.0,1.0,-1,1,56.565273,23,Replayed,9.0
5.0,0.0,1,1,53.42742,23,Replayed,5.0
1.0,-1.0,1,1,50.409084,23,Replayed,1.0
-38.0,1.0,-1,1,78.76908,23,Replayed,38.0
1.0,1.0,-1,0,50.197227,23,Replayed,1.0
-38.0,1.0,-1,1,78.38375,23,Replayed,38.0
-3.0,0.0,-1,1,52.399643,23,Replayed,3.0
-5.0,1.0,-1,1,54.358776,23,Replayed,5.0
9.0,1.0,-1,0,38.836826,24,Replayed,9.0
3.0,1.0,1,1,55.670517,24,Replayed,3.0
-38.0,0.0,-1,1,83.44257,24,Replayed,38.0
-3.0,-1.0,-1,1,50.913273,24,Replayed,3.0
-38.0,0.0,1,0,17.029713,24,Replayed,38.0
5.0,1.0,1,1,58.48747,24,Replayed,5.0
38.0,0.0,1,1,85.91402,24,Replayed,38.0
3.0,0.0,-1,0,44.76546,24,Replayed,3.0
3.0,-1.0,-1,0,45.169285,24,Replayed,3.0
9.0,1.0,1,1,61.709126,24,Replayed,9.0
38.0,1.0,1,1,86.289955,24,Replayed,38.0
-38.0,1.0,-1,1,83.96723,24,Replayed,38.0
-5.0,0.0,1,0,47.105495,24,Replayed,5.0
9.0,0.0,1,1,61.821938,24,Replayed,9.0
-9.0,0.0,1,0,42.65989,24,Replayed,9.0
9.0,0.0,-1,0,38.17109,24,Replayed,9.0
1.0,0.0,-1,0,47.209515,24,Replayed,1.0
1.0,1.0,1,1,54.615086,24,Replayed,1.0
-3.0,0.0,-1,1,50.83024,24,Replayed,3.0
-5.0,1.0,-1,1,53.412956,24,Replayed,5.0
-9.0,1.0,-1,1,57.76803,24,Replayed,9.0
-1.0,0.0,1,0,51.904793,24,Replayed,1.0
-38.0,0.0,1,0,16.415638,24,Replayed,38.0
-9.0,-1.0,-1,1,57.415188,24,Replayed,9.0
-5.0,-1.0,1,0,46.998997,24,Replayed,5.0
1.0,-1.0,1,1,52.30058,24,Replayed,1.0
-1.0,1.0,-1,1,47.20343,24,Replayed,1.0
-5.0,1.0,-1,1,52.523796,24,Replayed,5.0
-9.0,1.0,-1,1,57.91062,24,Replayed,9.0
-9.0,-1.0,1,0,43.636585,24,Replayed,9.0
9.0,1.0,-1,0,37.384457,24,Replayed,9.0
1.0,0.0,1,1,54.1989,24,Replayed,1.0
38.0,-1.0,-1,0,14.167969,24,Replayed,38.0
-1.0,0.0,-1,1,49.944145,24,Replayed,1.0
-5.0,-1.0,1,0,47.755383,24,Replayed,5.0
5.0,0.0,1,1,57.208736,24,Replayed,5.0
-5.0,1.0,-1,1,53.46332,24,Replayed,5.0
-5.0,0.0,-1,1,53.152424,24,Replayed,5.0
38.0,1.0,1,1,86.635735,24,Replayed,38.0
1.0,-1.0,1,1,54.137062,24,Replayed,1.0
3.0,1.0,1,1,55.002872,24,Replayed,3.0
3.0,1.0,-1,0,44.86264,24,Replayed,3.0
1.0,-1.0,-1,0,47.91565,24,Replayed,1.0
3.0,1.0,1,1,54.276173,24,Replayed,3.0
-1.0,0.0,1,0,52.260353,24,Replayed,1.0
-3.0,-1.0,1,0,49.33624,24,Replayed,3.0
9.0,0.0,-1,0,38.553734,24,Replayed,9.0
-5.0,0.0,-1,1,54.044563,24,Replayed,5.0
3.0,1.0,1,1,55.828644,24,Replayed,3.0
-9.0,-1.0,-1,1,56.72904,24,Replayed,9.0
-5.0,0.0,-1,1,52.36991,24,Replayed,5.0
3.0,-1.0,-1,0,43.99018,24,Replayed,3.0
-9.0,0.0,1,0,42.262768,24,Replayed,9.0
9.0,-1.0,1,1,61.80272,24,Replayed,9.0
9.0,1.0,1,1,61.2588,24,Replayed,9.0
5.0,-1.0,-1,0,42.3513,24,Replayed,5.0
-9.0,0.0,1,0,42.52692,24,Replayed,9.0
5.0,0.0,1,1,56.727493,24,Replayed,5.0
-1.0,-1.0,1,0,51.185764,24,Replayed,1.0
1.0,0.0,1,1,53.93594,24,Replayed,1.0
-5.0,0.0,1,0,46.43638,24,Replayed,5.0
-38.0,1.0,-1,1,83.69518,24,Replayed,38.0
38.0,0.0,1,1,86.56854,24,Replayed,38.0
3.0,-1.0,-1,0,45.17611,24,Replayed,3.0
-1.0,1.0,1,0,49.631687,24,Replayed,1.0
-1.0,1.0,1,0,50.80935,24,Replayed,1.0
-5.0,1.0,1,0,48.17992,24,Replayed,5.0
-1.0,-1.0,-1,1,49.106575,24,Replayed,1.0
3.0,-1.0,1,1,56.12334,24,Replayed,3.0
-5.0,1.0,-1,1,52.96616,24,Replayed,5.0
9.0,-1.0,1,1,61.067368,24,Replayed,9.0
38.0,0.0,1,1,85.549644,24,Replayed,38.0
-1.0,-1.0,-1,1,49.994873,24,Replayed,1.0
5.0,-1.0,-1,0,43.28299,24,Replayed,5.0
9.0,-1.0,1,1,61.94587,24,Replayed,9.0
-1.0,1.0,1,0,50.655323,24,Replayed,1.0
-3.0,-1.0,-1,1,51.011528,24,Replayed,3.0
-9.0,-1.0,-1,1,57.949413,24,Replayed,9.0
-38.0,-1.0,-1,1,82.83001,24,Replayed,38.0
-1.0,-1.0,1,0,50.9026,24,Replayed,1.0
-3.0,0.0,1,0,50.421356,24,Replayed,3.0
3.0,0.0,1,1,56.29888,24,Replayed,3.0
1.0,-1.0,1,1,54.2991,24,Replayed,1.0
-1.0,0.0,1,0,51.6913,24,Replayed,1.0
9.0,1.0,-1,0,37.1742,24,Replayed,9.0
-5.0,1.0,1,0,47.4968,24,Replayed,5.0
9.0,0.0,1,1,59.887115,24,Replayed,9.0
1.0,1.0,-1,0,45.516155,24,Replayed,1.0
5.0,-1.0,1,1,58.795517,24,Replayed,5.0
9.0,0.0,-1,0,37.75012,24,Replayed,9.0
-9.0,1.0,-1,1,57.477333,24,Replayed,9.0
-3.0,-1.0,1,0,48.997276,24,Replayed,3.0
-9.0,1.0,-1,1,56.378235,24,Replayed,9.0
5.0,-1.0,1,1,57.94149,24,Replayed,5.0
9.0,0.0,-1,0,38.60193,24,Replayed,9.0
38.0,0.0,1,1,86.32948,24,Replayed,38.0
5.0,1.0,1,1,57.344074,24,Replayed,5.0
3.0,1.0,1,1,56.85618,24,Replayed,3.0
-1.0,0.0,1,0,51.60442,24,Replayed,1.0
1.0,0.0,-1,0,46.4472,24,Replayed,1.0
5.0,-1.0,1,1,57.672203,24,Replayed,5.0
-1.0,-1.0,1,0,51.378567,24,Replayed,1.0
1.0,0.0,1,1,53.441685,24,Replayed,1.0
-3.0,1.0,-1,1,50.423042,24,Replayed,3.0
-1.0,0.0,-1,1,48.121532,24,Replayed,1.0
-38.0,-1.0,-1,1,82.365715,24,Replayed,38.0
9.0,1.0,-1,0,38.158615,24,Replayed,9.0
38.0,-1.0,1,1,86.33692,24,Replayed,38.0
-38.0,-1.0,-1,1,83.64223,24,Replayed,38.0
5.0,1.0,1,1,58.28898,24,Replayed,5.0
-3.0,-1.0,1,0,49.165146,24,Replayed,3.0
38.0,1.0,-1,0,13.122177,24,Replayed,38.0
38.0,-1.0,1,1,85.59162,24,Replayed,38.0
-5.0,1.0,-1,1,52.886753,24,Replayed,5.0
-38.0,1.0,1,0,15.780404,24,Replayed,38.0
1.0,0.0,1,1,53.542774,24,Replayed,1.0
9.0,-1.0,1,1,61.711037,24,Replayed,9.0
-3.0,1.0,-1,1,49.368374,24,Replayed,3.0
-3.0,-1.0,-1,1,50.419586,24,Replayed,3.0
-9.0,-1.0,-1,1,57.299442,24,Replayed,9.0
5.0,-1.0,1,1,56.41615,24,Replayed,5.0
-38.0,1.0,-1,1,84.38595,24,Replayed,38.0
-5.0,-1.0,1,0,45.556293,24,Replayed,5.0
1.0,-1.0,1,1,53.37848,24,Replayed,1.0
-5.0,-1.0,1,0,47.260353,24,Replayed,5.0
9.0,-1.0,1,1,62.46072,24,Replayed,9.0
-38.0,1.0,-1,1,83.74109,24,Replayed,38.0
1.0,0.0,-1,0,46.24219,24,Replayed,1.0
-5.0,1.0,-1,1,53.42494,24,Replayed,5.0
1.0,-1.0,1,1,52.987564,24,Replayed,1.0
-5.0,0.0,-1,1,54.126976,24,Replayed,5.0
-1.0,1.0,1,0,51.234,24,Replayed,1.0
3.0,1.0,-1,0,45.042248,24,Replayed,3.0
-3.0,1.0,1,0,48.41854,24,Replayed,3.0
5.0,1.0,1,1,58.157326,24,Replayed,5.0
38.0,1.0,1,1,87.306145,24,Replayed,38.0
-9.0,1.0,1,0,42.914413,24,Replayed,9.0
3.0,-1.0,-1,0,44.695503,24,Replayed,3.0
5.0,0.0,1,1,58.82238,24,Replayed,5.0
3.0,0.0,1,1,56.412445,24,Replayed,3.0
5.0,-1.0,1,1,57.810814,24,Replayed,5.0
3.0,0.0,-1,0,44.034424,24,Replayed,3.0
-3.0,0.0,1,0,49.02479,24,Replayed,3.0
-3.0,1.0,1,0,48.77115,24,Replayed,3.0
3.0,0.0,-1,0,43.125042,24,Replayed,3.0
5.0,0.0,1,1,58.53339,24,Replayed,5.0
-38.0,1.0,-1,1,82.85698,24,Replayed,38.0
-1.0,0.0,1,0,51.274307,24,Replayed,1.0
-3.0,0.0,-1,1,50.454254,24,Replayed,3.0
-3.0,-1.0,1,0,49.964993,24,Replayed,3.0
38.0,0.0,1,1,86.795494,24,Replayed,38.0
5.0,0.0,1,1,57.817997,24,Replayed,5.0
-3.0,1.0,1,0,48.634285,24,Replayed,3.0
-5.0,-1.0,-1,1,53.166954,24,Replayed,5.0
-9.0,1.0,1,0,42.345097,24,Replayed,9.0
3.0,0.0,1,1,56.06554,24,Replayed,3.0
9.0,0.0,1,1,62.428944,24,Replayed,9.0
-3.0,0.0,1,0,50.204502,24,Replayed,3.0
-38.0,-1.0,-1,1,82.77373,24,Replayed,38.0
3.0,0.0,1,1,55.36554,24,Replayed,3.0
5.0,1.0,-1,0,43.38644,24,Replayed,5.0
5.0,1.0,-1,0,41.53659,24,Replayed,5.0
3.0,-1.0,-1,0,43.617622,24,Replayed,3.0
-9.0,-1.0,-1,1,56.998615,24,Replayed,9.0
-38.0,-1.0,-1,1,83.315575,24,Replayed,38.0
5.0,-1.0,1,1,59.15941,24,Replayed,5.0
9.0,-1.0,1,1,61.769653,24,Replayed,9.0
1.0,-1.0,1,1,53.086437,24,Replayed,1.0
-3.0,0.0,1,0,48.320164,24,Replayed,3.0
1.0,1.0,1,1,53.03362,24,Replayed,1.0
-3.0,0.0,1,0,48.8747,24,Replayed,3.0
38.0,-1.0,1,1,85.83746,24,Replayed,38.0
38.0,0.0,1,1,86.70238,24,Replayed,38.0
38.0,1.0,1,1,86.61996,24,Replayed,38.0
-9.0,0.0,1,0,43.36627,24,Replayed,9.0
1.0,1.0,-1,0,46.42438,24,Replayed,1.0
1.0,1.0,1,1,53.26168,24,Replayed,1.0
3.0,-1.0,1,1,56.295403,24,Replayed,3.0
-3.0,1.0,-1,1,50.665455,24,Replayed,3.0
-9.0,0.0,-1,1,56.731762,24,Replayed,9.0
9.0,-1.0,1,1,61.962086,24,Replayed,9.0
-38.0,-1.0,-1,1,83.62739,24,Replayed,38.0
-3.0,0.0,1,0,49.27019,24,Replayed,3.0
3.0,0.0,1,1,55.166332,24,Replayed,3.0
-3.0,-1.0,-1,1,50.78713,24,Replayed,3.0
-9.0,1.0,1,0,43.30329,24,Replayed,9.0
-38.0,0.0,-1,1,83.56632,24,Replayed,38.0
38.0,1.0,1,1,86.5104,24,Replayed,38.0
3.0,1.0,-1,0,44.977486,24,Replayed,3.0
5.0,0.0,1,1,59.098255,24,Replayed,5.0
-9.0,1.0,1,0,43.12142,24,Replayed,9.0
-3.0,1.0,-1,1,51.260056,24,Replayed,3.0
-5.0,-1.0,1,0,46.261284,24,Replayed,5.0
-9.0,-1.0,-1,1,56.12774,24,Replayed,9.0
9.0,1.0,1,1,63.237793,24,Replayed,9.0
-5.0,0.0,-1,1,53.54252,24,Replayed,5.0
9.0,0.0,1,1,61.941357,24,Replayed,9.0
1.0,-1.0,1,1,52.880676,24,Replayed,1.0
-9.0,0.0,-1,1,57.86771,24,Replayed,9.0
38.0,0.0,1,1,86.03422,24,Replayed,38.0
-9.0,0.0,-1,1,56.838936,24,Replayed,9.0
38.0,1.0,1,1,85.496056,24,Replayed,38.0
-1.0,1.0,1,0,52.532776,24,Replayed,1.0
9.0,-1.0,1,1,61.750294,24,Replayed,9.0
-1.0,1.0,-1,1,48.37643,24,Replayed,1.0
5.0,0.0,1,1,58.247547,24,Replayed,5.0
-38.0,0.0,-1,1,83.613754,24,Replayed,38.0
38.0,1.0,1,1,86.89701,24,Replayed,38.0
-38.0,-1.0,-1,1,82.867584,24,Replayed,38.0
-5.0,-1.0,1,0,47.437283,24,Replayed,5.0
-1.0,-1.0,1,0,51.22161,24,Replayed,1.0
-38.0,0.0,-1,1,82.881584,24,Replayed,38.0
5.0,1.0,-1,0,42.497272,24,Replayed,5.0
-38.0,1.0,-1,1,83.35382,24,Replayed,38.0
-38.0,0.0,-1,1,83.96888,24,Replayed,38.0
-5.0,0.0,1,0,48.07601,24,Replayed,5.0
5.0,1.0,1,1,57.65897,24,Replayed,5.0
-38.0,0.0,-1,1,84.21799,24,Replayed,38.0
1.0,1.0,-1,0,47.679085,24,Replayed,1.0
1.0,1.0,1,1,52.396065,24,Replayed,1.0
-38.0,-1.0,-1,1,82.90149,24,Replayed,38.0
38.0,-1.0,1,1,86.37129,24,Replayed,38.0
5.0,0.0,-1,0,42.693047,24,Replayed,5.0
38.0,-1.0,1,1,85.24602,24,Replayed,38.0
-3.0,1.0,-1,1,51.04304,24,Replayed,3.0
-9.0,0.0,-1,1,56.841175,24,Replayed,9.0
-1.0,1.0,1,0,51.42169,24,Replayed,1.0
-9.0,-1.0,-1,1,56.902527,24,Replayed,9.0
3.0,-1.0,1,1,54.629906,24,Replayed,3.0
1.0,0.0,-1,0,45.446735,24,Replayed,1.0
-5.0,-1.0,-1,1,52.705734,24,Replayed,5.0
38.0,0.0,1,1,85.81388,24,Replayed,38.0
-5.0,0.0,-1,1,63.186752,25,Replayed,5.0
1.0,0.0,1,1,56.215614,25,Replayed,1.0
-3.0,-1.0,1,0,44.158764,25,Replayed,3.0
5.0,-1.0,1,1,67.20844,25,Replayed,5.0
-38.0,0.0,-1,1,99.665405,25,Replayed,38.0
-9.0,0.0,-1,1,72.935776,25,Replayed,9.0
-9.0,1.0,-1,1,73.94179,25,Replayed,9.0
9.0,0.0,1,1,78.83228,25,Replayed,9.0
-9.0,1.0,-1,1,74.845955,25,Replayed,9.0
1.0,-1.0,1,1,55.554317,25,Replayed,1.0
38.0,1.0,1,1,99.78882,25,Replayed,38.0
-38.0,1.0,-1,1,99.723404,25,Replayed,38.0
-9.0,1.0,-1,1,74.63764,25,Replayed,9.0
9.0,0.0,1,1,78.440834,25,Replayed,9.0
-38.0,1.0,-1,1,99.694534,25,Replayed,38.0
-38.0,0.0,-1,1,99.65889,25,Replayed,38.0
3.0,1.0,1,1,61.822617,25,Replayed,3.0
-9.0,1.0,-1,1,73.26313,25,Replayed,9.0
38.0,1.0,1,1,99.777534,25,Replayed,38.0
-38.0,0.0,-1,1,99.64951,25,Replayed,38.0
9.0,1.0,1,1,78.48451,25,Replayed,9.0
3.0,-1.0,1,1,62.130676,25,Replayed,3.0
1.0,0.0,-1,0,44.13692,25,Replayed,1.0
1.0,0.0,-1,0,44.07096,25,Replayed,1.0
-9.0,-1.0,-1,1,72.751854,25,Replayed,9.0
1.0,1.0,1,1,55.920307,25,Replayed,1.0
-1.0,1.0,1,0,49.87614,25,Replayed,1.0
-9.0,1.0,-1,1,74.73432,25,Replayed,9.0
38.0,0.0,1,1,99.76245,25,Replayed,38.0
-5.0,1.0,-1,1,63.45238,25,Replayed,5.0
-1.0,-1.0,-1,1,50.371475,25,Replayed,1.0
5.0,0.0,-1,0,32.719627,25,Replayed,5.0
5.0,-1.0,-1,0,32.933475,25,Replayed,5.0
9.0,-1.0,1,1,77.71467,25,Replayed,9.0
-5.0,-1.0,-1,1,62.25139,25,Replayed,5.0
1.0,0.0,1,1,56.052315,25,Replayed,1.0
-38.0,-1.0,-1,1,99.611755,25,Replayed,38.0
38.0,0.0,1,1,99.76316,25,Replayed,38.0
38.0,0.0,1,1,99.76674,25,Replayed,38.0
-5.0,-1.0,1,0,37.319504,25,Replayed,5.0
38.0,-1.0,1,1,99.74498,25,Replayed,38.0
-1.0,0.0,1,0,50.289272,25,Replayed,1.0
1.0,1.0,-1,0,43.981056,25,Replayed,1.0
5.0,1.0,1,1,68.69375,25,Replayed,5.0
-3.0,0.0,1,0,42.585247,25,Replayed,3.0
5.0,1.0,1,1,68.09315,25,Replayed,5.0
9.0,-1.0,1,1,77.56106,25,Replayed,9.0
3.0,0.0,-1,0,37.698925,25,Replayed,3.0
-38.0,-1.0,-1,1,99.623314,25,Replayed,38.0
-3.0,-1.0,-1,1,56.346947,25,Replayed,3.0
-1.0,1.0,-1,1,50.16946,25,Replayed,1.0
-9.0,0.0,1,0,25.82227,25,Replayed,9.0
1.0,-1.0,1,1,56.506763,25,Replayed,1.0
-3.0,1.0,-1,1,56.59171,25,Replayed,3.0
-9.0,0.0,-1,1,73.822044,25,Replayed,9.0
-5.0,1.0,-1,1,62.819435,25,Replayed,5.0
-38.0,-1.0,-1,1,99.65035,25,Replayed,38.0
-38.0,-1.0,-1,1,99.62451,25,Replayed,38.0
3.0,-1.0,-1,0,37.826138,25,Replayed,3.0
5.0,1.0,1,1,68.49452,25,Replayed,5.0
9.0,1.0,1,1,78.93655,25,Replayed,9.0
-9.0,0.0,-1,1,73.59741,25,Replayed,9.0
-9.0,-1.0,-1,1,73.244545,25,Replayed,9.0
-3.0,1.0,-1,1,56.761635,25,Replayed,3.0
3.0,0.0,1,1,62.298363,25,Replayed,3.0
38.0,-1.0,1,1,99.7423,25,Replayed,38.0
3.0,-1.0,1,1,62.121433,25,Replayed,3.0
5.0,0.0,1,1,67.9469,25,Replayed,5.0
38.0,0.0,1,1,99.76607,25,Replayed,38.0
-1.0,0.0,-1,1,50.14816,25,Replayed,1.0
1.0,0.0,1,1,56.143486,25,Replayed,1.0
-1.0,-1.0,-1,1,49.99277,25,Replayed,1.0
-38.0,1.0,-1,1,99.68552,25,Replayed,38.0
3.0,0.0,1,1,61.597168,25,Replayed,3.0
3.0,1.0,-1,0,37.78364,25,Replayed,3.0
5.0,0.0,1,1,67.95902,25,Replayed,5.0
5.0,1.0,1,1,68.94673,25,Replayed,5.0
-1.0,1.0,-1,1,50.599434,25,Replayed,1.0
-3.0,0.0,-1,1,56.559406,25,Replayed,3.0
38.0,1.0,1,1,99.79563,25,Replayed,38.0
-38.0,0.0,-1,1,99.66155,25,Replayed,38.0
-9.0,-1.0,-1,1,73.71041,25,Replayed,9.0
5.0,-1.0,1,1,67.552315,25,Replayed,5.0
1.0,-1.0,-1,0,43.4226,25,Replayed,1.0
-5.0,1.0,-1,1,62.8801,25,Replayed,5.0
1.0,-1.0,1,1,55.737835,25,Replayed,1.0
5.0,-1.0,1,1,66.92087,25,Replayed,5.0
1.0,1.0,1,1,55.640137,25,Replayed,1.0
38.0,1.0,1,1,99.792244,25,Replayed,38.0
-3.0,1.0,-1,1,57.39176,25,Replayed,3.0
38.0,-1.0,1,1,99.73257,25,Replayed,38.0
1.0,0.0,1,1,55.398018,25,Replayed,1.0
-5.0,0.0,1,0,36.728268,25,Replayed,5.0
9.0,0.0,1,1,77.55591,25,Replayed,9.0
9.0,-1.0,1,1,76.92247,25,Replayed,9.0
9.0,-1.0,1,1,77.30269,25,Replayed,9.0
-1.0,-1.0,-1,1,50.79012,25,Replayed,1.0
-9.0,-1.0,-1,1,73.15749,25,Replayed,9.0
-1.0,1.0,1,0,49.154243,25,Replayed,1.0
1.0,1.0,-1,0,43.81727,25,Replayed,1.0
38.0,-1.0,1,1,99.71863,25,Replayed,38.0
38.0,0.0,1,1,99.73647,25,Replayed,38.0
-9.0,-1.0,-1,1,72.85172,25,Replayed,9.0
1.0,1.0,1,1,55.4595,25,Replayed,1.0
-5.0,-1.0,1,0,38.33372,25,Replayed,5.0
1.0,0.0,-1,0,43.96392,25,Replayed,1.0
-1.0,0.0,1,0,49.15913,25,Replayed,1.0
38.0,-1.0,1,1,99.73135,25,Replayed,38.0
-3.0,0.0,1,0,42.931675,25,Replayed,3.0
-3.0,-1.0,-1,1,56.514133,25,Replayed,3.0
5.0,0.0,1,1,67.699585,25,Replayed,5.0
-9.0,-1.0,-1,1,73.52167,25,Replayed,9.0
-38.0,-1.0,-1,1,99.65351,25,Replayed,38.0
38.0,0.0,1,1,99.74698,25,Replayed,38.0
9.0,1.0,1,1,77.88953,25,Replayed,9.0
-5.0,-1.0,-1,1,62.776535,25,Replayed,5.0
3.0,-1.0,1,1,61.59013,25,Replayed,3.0
5.0,1.0,-1,0,31.926674,25,Replayed,5.0
-5.0,0.0,-1,1,62.689423,25,Replayed,5.0
3.0,0.0,1,1,63.522346,25,Replayed,3.0
3.0,-1.0,1,1,61.145084,25,Replayed,3.0
-1.0,0.0,-1,1,50.4298,25,Replayed,1.0
-38.0,-1.0,-1,1,99.62901,25,Replayed,38.0
-3.0,-1.0,-1,1,57.1572,25,Replayed,3.0
9.0,0.0,1,1,77.794334,25,Replayed,9.0
3.0,-1.0,1,1,60.50338,25,Replayed,3.0
-9.0,1.0,-1,1,74.38503,25,Replayed,9.0
-1.0,0.0,-1,1,50.75422,25,Replayed,1.0
-3.0,0.0,1,0,44.412186,25,Replayed,3.0
-9.0,1.0,1,0,25.867485,25,Replayed,9.0
5.0,0.0,1,1,67.43748,25,Replayed,5.0
-5.0,1.0,-1,1,63.60476,25,Replayed,5.0
-9.0,0.0,1,0,26.61615,25,Replayed,9.0
1.0,0.0,-1,0,43.977367,25,Replayed,1.0
-5.0,1.0,-1,1,62.826706,25,Replayed,5.0
-3.0,1.0,-1,1,56.78619,25,Replayed,3.0
5.0,1.0,-1,0,32.291744,25,Replayed,5.0
1.0,-1.0,1,1,55.32073,25,Replayed,1.0
38.0,1.0,1,1,99.799,25,Replayed,38.0
38.0,1.0,1,1,99.78926,25,Replayed,38.0
3.0,-1.0,1,1,61.56342,25,Replayed,3.0
9.0,-1.0,1,1,77.35276,25,Replayed,9.0
3.0,1.0,1,1,63.831646,25,Replayed,3.0
3.0,1.0,1,1,62.914146,25,Replayed,3.0
-1.0,0.0,-1,1,50.872658,25,Replayed,1.0
3.0,0.0,1,1,61.85204,25,Replayed,3.0
-5.0,0.0,-1,1,63.038677,25,Replayed,5.0
-38.0,0.0,-1,1,99.65586,25,Replayed,38.0
9.0,-1.0,1,1,77.35671,25,Replayed,9.0
-5.0,1.0,-1,1,63.131325,25,Replayed,5.0
9.0,0.0,1,1,78.23482,25,Replayed,9.0
-1.0,-1.0,1,0,49.905853,25,Replayed,1.0
-1.0,-1.0,1,0,50.160587,25,Replayed,1.0
-5.0,0.0,1,0,36.969418,25,Replayed,5.0
-3.0,0.0,-1,1,57.003796,25,Replayed,3.0
3.0,1.0,1,1,62.07407,25,Replayed,3.0
5.0,1.0,1,1,68.12571,25,Replayed,5.0
5.0,1.0,1,1,69.292465,25,Replayed,5.0
-3.0,1.0,1,0,43.003643,25,Replayed,3.0
-5.0,-1.0,-1,1,62.69832,25,Replayed,5.0
5.0,0.0,1,1,68.13155,25,Replayed,5.0
-1.0,0.0,-1,1,50.419933,25,Replayed,1.0
38.0,0.0,1,1,99.76472,25,Replayed,38.0
9.0,0.0,1,1,78.46291,25,Replayed,9.0
9.0,1.0,1,1,79.065,25,Replayed,9.0
-5.0,1.0,1,0,36.96215,25,Replayed,5.0
-38.0,-1.0,-1,1,99.63879,25,Replayed,38.0
-1.0,1.0,-1,1,49.96483,25,Replayed,1.0
38.0,0.0,1,1,99.75928,25,Replayed,38.0
-9.0,-1.0,-1,1,72.92753,25,Replayed,9.0
-38.0,0.0,-1,1,99.67059,25,Replayed,38.0
3.0,0.0,1,1,62.392128,25,Replayed,3.0
-1.0,-1.0,1,0,49.704945,25,Replayed,1.0
-1.0,-1.0,1,0,49.442043,25,Replayed,1.0
-5.0,-1.0,-1,1,62.45492,25,Replayed,5.0
5.0,-1.0,1,1,67.79427,25,Replayed,5.0
-5.0,0.0,1,0,37.524517,25,Replayed,5.0
3.0,1.0,-1,0,37.95752,25,Replayed,3.0
-1.0,1.0,1,0,51.000042,25,Replayed,1.0
-9.0,-1.0,-1,1,72.57122,25,Replayed,9.0
9.0,-1.0,-1,0,22.93702,25,Replayed,9.0
-38.0,1.0,-1,1,99.72706,25,Replayed,38.0
9.0,1.0,1,1,78.29458,25,Replayed,9.0
-9.0,0.0,1,0,26.710056,25,Replayed,9.0
-1.0,1.0,1,0,50.742004,25,Replayed,1.0
-9.0,0.0,-1,1,73.37452,25,Replayed,9.0
-38.0,1.0,-1,1,99.6786,25,Replayed,38.0
1.0,1.0,-1,0,44.383038,25,Replayed,1.0
-3.0,0.0,-1,1,56.68918,25,Replayed,3.0
-5.0,-1.0,-1,1,62.560207,25,Replayed,5.0
-3.0,0.0,-1,1,57.658726,25,Replayed,3.0
9.0,-1.0,1,1,77.71536,25,Replayed,9.0
-5.0,0.0,-1,1,63.134937,25,Replayed,5.0
-38.0,0.0,-1,1,99.64082,25,Replayed,38.0
5.0,0.0,1,1,67.93015,25,Replayed,5.0
-3.0,-1.0,-1,1,56.38184,25,Replayed,3.0
5.0,-1.0,1,1,67.44591,25,Replayed,5.0
-38.0,-1.0,-1,1,99.60173,25,Replayed,38.0
-5.0,1.0,-1,1,63.529682,25,Replayed,5.0
1.0,1.0,1,1,56.553352,25,Replayed,1.0
38.0,1.0,1,1,99.77765,25,Replayed,38.0
-5.0,0.0,-1,1,62.308533,25,Replayed,5.0
-3.0,-1.0,1,0,43.11915,25,Replayed,3.0
3.0,0.0,1,1,62.739883,25,Replayed,3.0
5.0,0.0,1,1,67.51177,25,Replayed,5.0
1.0,-1.0,1,1,55.482376,25,Replayed,1.0
-3.0,1.0,1,0,43.806553,25,Replayed,3.0
3.0,1.0,1,1,61.844616,25,Replayed,3.0
-1.0,1.0,-1,1,50.374203,25,Replayed,1.0
-9.0,0.0,-1,1,73.42078,25,Replayed,9.0
38.0,-1.0,1,1,99.729256,25,Replayed,38.0
5.0,-1.0,-1,0,32.01785,25,Replayed,5.0
3.0,1.0,-1,0,37.75864,25,Replayed,3.0
-3.0,0.0,1,0,43.69284,25,Replayed,3.0
-5.0,-1.0,-1,1,61.008495,25,Replayed,5.0
-38.0,0.0,-1,1,99.660324,25,Replayed,38.0
-3.0,1.0,-1,1,56.666904,25,Replayed,3.0
9.0,0.0,1,1,78.75954,25,Replayed,9.0
-38.0,1.0,-1,1,99.694565,25,Replayed,38.0
38.0,1.0,1,1,99.77662,25,Replayed,38.0
-38.0,1.0,-1,1,99.70172,25,Replayed,38.0
1.0,1.0,-1,0,43.741016,25,Replayed,1.0
-3.0,1.0,-1,1,55.818867,25,Replayed,3.0
9.0,0.0,1,1,78.290344,25,Replayed,9.0
-1.0,-1.0,-1,1,50.427418,25,Replayed,1.0
1.0,-1.0,-1,0,44.346676,25,Replayed,1.0
-38.0,1.0,-1,1,99.690216,25,Replayed,38.0
38.0,-1.0,1,1,99.737076,25,Replayed,38.0
-1.0,0.0,1,0,48.91889,25,Replayed,1.0
9.0,1.0,1,1,78.57369,25,Replayed,9.0
5.0,-1.0,1,1,68.39151,25,Replayed,5.0
3.0,-1.0,-1,0,38.181152,25,Replayed,3.0
3.0,0.0,1,1,63.19435,25,Replayed,3.0
1.0,-1.0,-1,0,43.971054,25,Replayed,1.0
9.0,1.0,1,1,77.794685,25,Replayed,9.0
-3.0,-1.0,1,0,43.79665,25,Replayed,3.0
9.0,1.0,1,1,78.28044,25,Replayed,9.0
38.0,-1.0,1,1,99.71169,25,Replayed,38.0
-3.0,-1.0,1,0,44.343056,25,Replayed,3.0
-9.0,1.0,-1,1,74.5908,25,Replayed,9.0
38.0,0.0,1,1,81.99827,26,Replayed,38.0
-9.0,1.0,-1,1,58.98194,26,Replayed,9.0
9.0,0.0,1,1,60.1827,26,Replayed,9.0
-1.0,1.0,-1,1,48.426086,26,Replayed,1.0
38.0,-1.0,1,1,79.26394,26,Replayed,38.0
9.0,0.0,1,1,59.88241,26,Replayed,9.0
-3.0,1.0,-1,1,51.15298,26,Replayed,3.0
-9.0,-1.0,-1,1,54.570095,26,Replayed,9.0
3.0,1.0,1,1,54.754925,26,Replayed,3.0
5.0,0.0,1,1,56.202805,26,Replayed,5.0
5.0,-1.0,1,1,54.74635,26,Replayed,5.0
9.0,0.0,1,1,59.729153,26,Replayed,9.0
-38.0,-1.0,-1,1,77.439,26,Replayed,38.0
3.0,1.0,1,1,55.158623,26,Replayed,3.0
1.0,0.0,-1,0,48.283012,26,Replayed,1.0
-5.0,-1.0,1,0,47.888783,26,Replayed,5.0
5.0,1.0,1,1,56.63987,26,Replayed,5.0
3.0,-1.0,-1,0,46.31828,26,Replayed,3.0
-3.0,1.0,-1,1,51.487137,26,Replayed,3.0
-3.0,-1.0,-1,1,50.696445,26,Replayed,3.0
1.0,0.0,-1,0,46.630394,26,Replayed,1.0
-5.0,0.0,-1,1,53.121323,26,Replayed,5.0
-9.0,0.0,-1,1,56.89944,26,Replayed,9.0
-1.0,1.0,1,0,51.737415,26,Replayed,1.0
38.0,-1.0,1,1,79.188545,26,Replayed,38.0
-38.0,0.0,-1,1,79.28945,26,Replayed,38.0
3.0,-1.0,1,1,52.37302,26,Replayed,3.0
-5.0,0.0,1,0,47.149708,26,Replayed,5.0
1.0,-1.0,-1,0,47.851135,26,Replayed,1.0
-1.0,0.0,1,0,49.481,26,Replayed,1.0
5.0,1.0,1,1,57.624775,26,Replayed,5.0
5.0,1.0,1,1,57.231396,26,Replayed,5.0
-1.0,1.0,1,0,52.244324,26,Replayed,1.0
-9.0,-1.0,-1,1,54.64658,26,Replayed,9.0
-38.0,-1.0,-1,1,76.54109,26,Replayed,38.0
9.0,1.0,1,1,60.40647,26,Replayed,9.0
-9.0,-1.0,1,0,45.29596,26,Replayed,9.0
-38.0,0.0,-1,1,79.03711,26,Replayed,38.0
-9.0,0.0,-1,1,56.154285,26,Replayed,9.0
3.0,0.0,1,1,54.26531,26,Replayed,3.0
1.0,1.0,1,1,53.24844,26,Replayed,1.0
-1.0,1.0,1,0,51.01946,26,Replayed,1.0
9.0,0.0,1,1,59.953438,26,Replayed,9.0
-5.0,-1.0,-1,1,52.602272,26,Replayed,5.0
38.0,0.0,1,1,81.05642,26,Replayed,38.0
-9.0,0.0,-1,1,55.39413,26,Replayed,9.0
38.0,-1.0,1,1,78.70405,26,Replayed,38.0
-3.0,0.0,-1,1,50.59348,26,Replayed,3.0
-38.0,1.0,-1,1,82.07567,26,Replayed,38.0
-3.0,0.0,1,0,48.911327,26,Replayed,3.0
-1.0,0.0,-1,1,48.32575,26,Replayed,1.0
-3.0,0.0,1,0,49.305397,26,Replayed,3.0
38.0,-1.0,1,1,79.49111,26,Replayed,38.0
3.0,0.0,1,1,54.036476,26,Replayed,3.0
-1.0,-1.0,1,0,50.472496,26,Replayed,1.0
5.0,-1.0,1,1,56.027412,26,Replayed,5.0
-3.0,1.0,-1,1,51.30487,26,Replayed,3.0
-9.0,0.0,-1,1,57.464718,26,Replayed,9.0
5.0,0.0,1,1,56.17412,26,Replayed,5.0
-5.0,1.0,-1,1,54.68297,26,Replayed,5.0
38.0,0.0,1,1,82.05551,26,Replayed,38.0
-38.0,-1.0,-1,1,76.21948,26,Replayed,38.0
-3.0,1.0,-1,1,52.13759,26,Replayed,3.0
-38.0,-1.0,-1,1,76.8617,26,Replayed,38.0
3.0,0.0,-1,0,46.49058,26,Replayed,3.0
3.0,-1.0,1,1,52.75265,26,Replayed,3.0
-3.0,-1.0,1,0,48.677483,26,Replayed,3.0
9.0,1.0,1,1,61.79806,26,Replayed,9.0
1.0,1.0,1,1,52.05515,26,Replayed,1.0
1.0,1.0,1,1,53.58749,26,Replayed,1.0
-1.0,-1.0,1,0,49.575726,26,Replayed,1.0
3.0,1.0,1,1,55.4655,26,Replayed,3.0
-1.0,-1.0,-1,1,49.44622,26,Replayed,1.0
-1.0,1.0,1,0,50.809277,26,Replayed,1.0
-9.0,0.0,-1,1,56.3366,26,Replayed,9.0
5.0,0.0,1,1,56.012363,26,Replayed,5.0
-38.0,0.0,-1,1,79.66161,26,Replayed,38.0
38.0,-1.0,1,1,78.717026,26,Replayed,38.0
-5.0,-1.0,-1,1,51.83683,26,Replayed,5.0
-38.0,-1.0,-1,1,76.92526,26,Replayed,38.0
5.0,-1.0,1,1,54.766262,26,Replayed,5.0
3.0,0.0,1,1,54.670788,26,Replayed,3.0
3.0,0.0,-1,0,46.41643,26,Replayed,3.0
-5.0,-1.0,-1,1,52.81652,26,Replayed,5.0
-1.0,1.0,1,0,49.247643,26,Replayed,1.0
9.0,0.0,1,1,60.372944,26,Replayed,9.0
9.0,1.0,1,1,62.377125,26,Replayed,9.0
38.0,1.0,1,1,83.98816,26,Replayed,38.0
3.0,1.0,-1,0,46.348106,26,Replayed,3.0
-38.0,-1.0,-1,1,76.28862,26,Replayed,38.0
-38.0,1.0,-1,1,82.31527,26,Replayed,38.0
1.0,0.0,1,1,53.060066,26,Replayed,1.0
3.0,0.0,-1,0,46.198326,26,Replayed,3.0
3.0,1.0,-1,0,45.35783,26,Replayed,3.0
-3.0,-1.0,-1,1,51.111977,26,Replayed,3.0
38.0,1.0,1,1,84.500244,26,Replayed,38.0
38.0,0.0,1,1,81.342384,26,Replayed,38.0
38.0,-1.0,1,1,78.56518,26,Replayed,38.0
38.0,-1.0,1,1,78.68459,26,Replayed,38.0
9.0,-1.0,1,1,58.220108,26,Replayed,9.0
5.0,0.0,1,1,56.08391,26,Replayed,5.0
3.0,0.0,1,1,54.235386,26,Replayed,3.0
5.0,1.0,1,1,57.624523,26,Replayed,5.0
-5.0,1.0,-1,1,53.865505,26,Replayed,5.0
-9.0,0.0,-1,1,57.446636,26,Replayed,9.0
5.0,0.0,1,1,56.259052,26,Replayed,5.0
38.0,0.0,1,1,81.12911,26,Replayed,38.0
9.0,1.0,1,1,61.403393,26,Replayed,9.0
-38.0,1.0,-1,1,81.923904,26,Replayed,38.0
-1.0,0.0,1,0,50.677143,26,Replayed,1.0
-9.0,0.0,-1,1,57.112343,26,Replayed,9.0
1.0,-1.0,1,1,52.103203,26,Replayed,1.0
-1.0,1.0,1,0,51.370995,26,Replayed,1.0
1.0,-1.0,1,1,51.88266,26,Replayed,1.0
-3.0,-1.0,-1,1,51.014908,26,Replayed,3.0
3.0,0.0,1,1,55.252903,26,Replayed,3.0
5.0,0.0,1,1,56.239273,26,Replayed,5.0
1.0,1.0,1,1,53.474323,26,Replayed,1.0
-38.0,0.0,-1,1,79.84757,26,Replayed,38.0
9.0,1.0,1,1,60.74906,26,Replayed,9.0
5.0,1.0,-1,0,42.409363,26,Replayed,5.0
-38.0,1.0,-1,1,82.44156,26,Replayed,38.0
-1.0,1.0,-1,1,47.835487,26,Replayed,1.0
-9.0,1.0,-1,1,56.94488,26,Replayed,9.0
-38.0,1.0,-1,1,81.44329,26,Replayed,38.0
-5.0,0.0,-1,1,53.97292,26,Replayed,5.0
9.0,-1.0,1,1,58.98242,26,Replayed,9.0
9.0,-1.0,1,1,58.053284,26,Replayed,9.0
-3.0,0.0,1,0,48.348232,26,Replayed,3.0
38.0,1.0,1,1,84.1118,26,Replayed,38.0
9.0,0.0,1,1,58.26039,26,Replayed,9.0
-3.0,-1.0,-1,1,50.678356,26,Replayed,3.0
1.0,0.0,1,1,52.618164,26,Replayed,1.0
-5.0,1.0,-1,1,53.358875,26,Replayed,5.0
-5.0,-1.0,-1,1,52.2014,26,Replayed,5.0
3.0,-1.0,1,1,53.10066,26,Replayed,3.0
-9.0,0.0,-1,1,57.43529,26,Replayed,9.0
-38.0,0.0,-1,1,80.02384,26,Replayed,38.0
1.0,-1.0,1,1,51.841347,26,Replayed,1.0
-38.0,1.0,-1,1,81.70679,26,Replayed,38.0
-5.0,0.0,-1,1,53.304447,26,Replayed,5.0
9.0,-1.0,1,1,59.150845,26,Replayed,9.0
38.0,1.0,1,1,84.1712,26,Replayed,38.0
38.0,1.0,1,1,84.12603,26,Replayed,38.0
-3.0,0.0,-1,1,51.5662,26,Replayed,3.0
5.0,-1.0,1,1,54.56117,26,Replayed,5.0
-5.0,0.0,-1,1,52.895527,26,Replayed,5.0
9.0,-1.0,1,1,58.678246,26,Replayed,9.0
-9.0,1.0,-1,1,58.666695,26,Replayed,9.0
-38.0,1.0,-1,1,81.685486,26,Replayed,38.0
-38.0,-1.0,-1,1,77.1787,26,Replayed,38.0
-9.0,1.0,-1,1,57.954685,26,Replayed,9.0
-3.0,0.0,1,0,49.05269,26,Replayed,3.0
-9.0,-1.0,-1,1,55.2868,26,Replayed,9.0
-5.0,0.0,-1,1,53.16282,26,Replayed,5.0
5.0,-1.0,1,1,55.33198,26,Replayed,5.0
-5.0,1.0,-1,1,54.56578,26,Replayed,5.0
9.0,1.0,1,1,61.334812,26,Replayed,9.0
-38.0,0.0,-1,1,80.02246,26,Replayed,38.0
38.0,0.0,1,1,81.01043,26,Replayed,38.0
-1.0,-1.0,1,0,51.381325,26,Replayed,1.0
9.0,-1.0,1,1,56.772346,26,Replayed,9.0
-5.0,1.0,-1,1,54.61709,26,Replayed,5.0
5.0,0.0,1,1,55.858166,26,Replayed,5.0
5.0,1.0,1,1,57.75583,26,Replayed,5.0
5.0,-1.0,1,1,54.955666,26,Replayed,5.0
3.0,-1.0,-1,0,46.663616,26,Replayed,3.0
-3.0,-1.0,-1,1,51.192646,26,Replayed,3.0
38.0,1.0,1,1,83.86532,26,Replayed,38.0
3.0,1.0,-1,0,45.399582,26,Replayed,3.0
5.0,1.0,1,1,57.399075,26,Replayed,5.0
1.0,0.0,-1,0,46.906487,26,Replayed,1.0
38.0,-1.0,1,1,79.16361,26,Replayed,38.0
-3.0,1.0,1,0,48.134186,26,Replayed,3.0
1.0,1.0,-1,0,46.21184,26,Replayed,1.0
-9.0,-1.0,-1,1,55.35253,26,Replayed,9.0
-1.0,0.0,-1,1,48.761196,26,Replayed,1.0
-3.0,1.0,1,0,48.61511,26,Replayed,3.0
-1.0,0.0,-1,1,50.034023,26,Replayed,1.0
-38.0,-1.0,-1,1,76.42845,26,Replayed,38.0
1.0,0.0,1,1,53.373684,26,Replayed,1.0
1.0,-1.0,1,1,51.563282,26,Replayed,1.0
-5.0,1.0,-1,1,54.106808,26,Replayed,5.0
5.0,-1.0,1,1,54.660107,26,Replayed,5.0
-3.0,1.0,-1,1,50.595314,26,Replayed,3.0
-9.0,1.0,-1,1,57.619083,26,Replayed,9.0
-5.0,1.0,1,0,46.565144,26,Replayed,5.0
-9.0,-1.0,-1,1,54.995018,26,Replayed,9.0
-3.0,0.0,1,0,48.971638,26,Replayed,3.0
3.0,1.0,1,1,55.04181,26,Replayed,3.0
-3.0,-1.0,1,0,49.298283,26,Replayed,3.0
9.0,1.0,1,1,60.938858,26,Replayed,9.0
-9.0,-1.0,-1,1,55.498928,26,Replayed,9.0
38.0,1.0,1,1,84.37186,26,Replayed,38.0
-38.0,0.0,-1,1,79.6602,26,Replayed,38.0
1.0,0.0,-1,0,47.751892,26,Replayed,1.0
-5.0,-1.0,-1,1,52.748257,26,Replayed,5.0
-5.0,-1.0,-1,1,52.097546,26,Replayed,5.0
1.0,-1.0,1,1,51.990284,26,Replayed,1.0
-3.0,0.0,1,0,48.72769,26,Replayed,3.0
9.0,0.0,1,1,60.04293,26,Replayed,9.0
1.0,1.0,1,1,51.530807,26,Replayed,1.0
-1.0,0.0,1,0,50.59675,26,Replayed,1.0
5.0,1.0,1,1,57.739544,26,Replayed,5.0
3.0,-1.0,-1,0,46.11314,26,Replayed,3.0
-5.0,0.0,1,0,46.961246,26,Replayed,5.0
-38.0,1.0,-1,1,81.708275,26,Replayed,38.0
-5.0,1.0,-1,1,53.651882,26,Replayed,5.0
1.0,1.0,1,1,53.218346,26,Replayed,1.0
-9.0,1.0,-1,1,58.62569,26,Replayed,9.0
-1.0,-1.0,1,0,50.093258,26,Replayed,1.0
-3.0,-1.0,1,0,49.091385,26,Replayed,3.0
-1.0,-1.0,1,0,49.68278,26,Replayed,1.0
-1.0,0.0,1,0,49.85107,26,Replayed,1.0
-9.0,1.0,-1,1,59.49171,26,Replayed,9.0
1.0,0.0,1,1,52.775414,26,Replayed,1.0
-1.0,0.0,1,0,50.49503,26,Replayed,1.0
3.0,-1.0,1,1,52.778183,26,Replayed,3.0
9.0,-1.0,1,1,57.996433,26,Replayed,9.0
3.0,1.0,1,1,56.20404,26,Replayed,3.0
-1.0,-1.0,-1,1,48.93357,26,Replayed,1.0
1.0,-1.0,1,1,52.003445,26,Replayed,1.0
9.0,-1.0,1,1,58.010925,26,Replayed,9.0
-9.0,-1.0,1,0,43.817238,26,Replayed,9.0
5.0,-1.0,1,1,55.463833,26,Replayed,5.0
38.0,0.0,1,1,81.54479,26,Replayed,38.0
-5.0,0.0,1,0,46.712494,26,Replayed,5.0
5.0,0.0,1,1,55.92141,26,Replayed,5.0
-38.0,0.0,-1,1,79.516975,26,Replayed,38.0
-9.0,1.0,-1,1,57.819874,26,Replayed,9.0
1.0,-1.0,1,1,52.62295,26,Replayed,1.0
9.0,0.0,1,1,58.852737,26,Replayed,9.0
38.0,0.0,1,1,82.051865,26,Replayed,38.0
-1.0,-1.0,1,0,50.500645,26,Replayed,1.0
38.0,1.0,1,1,83.26049,26,Replayed,38.0
-3.0,1.0,-1,1,50.588055,26,Replayed,3.0
9.0,1.0,1,1,61.97478,26,Replayed,9.0
-5.0,-1.0,-1,1,52.629566,26,Replayed,5.0
3.0,-1.0,1,1,53.250103,26,Replayed,3.0
1.0,1.0,-1,0,48.077232,26,Replayed,1.0
-1.0,0.0,-1,1,51.20541,27,Replayed,1.0
9.0,1.0,1,1,62.322243,27,Replayed,9.0
-1.0,1.0,-1,1,50.82353,27,Replayed,1.0
-38.0,1.0,-1,1,97.69648,27,Replayed,38.0
-5.0,1.0,1,0,43.247643,27,Replayed,5.0
1.0,0.0,-1,0,48.35553,27,Replayed,1.0
-1.0,1.0,-1,1,51.826244,27,Replayed,1.0
38.0,1.0,1,1,97.6386,27,Replayed,38.0
9.0,0.0,1,1,63.70677,27,Replayed,9.0
-38.0,-1.0,-1,1,97.99644,27,Replayed,38.0
-3.0,1.0,-1,1,55.09014,27,Replayed,3.0
5.0,1.0,1,1,57.966858,27,Replayed,5.0
3.0,1.0,-1,0,44.892914,27,Replayed,3.0
-1.0,-1.0,-1,1,51.69291,27,Replayed,1.0
9.0,1.0,1,1,63.50335,27,Replayed,9.0
-9.0,0.0,1,0,36.121624,27,Replayed,9.0
-38.0,0.0,-1,1,97.80605,27,Replayed,38.0
-5.0,-1.0,-1,1,58.525597,27,Replayed,5.0
-3.0,-1.0,1,0,44.482952,27,Replayed,3.0
3.0,0.0,-1,0,44.83307,27,Replayed,3.0
5.0,1.0,1,1,58.250607,27,Replayed,5.0
-9.0,1.0,-1,1,62.691654,27,Replayed,9.0
9.0,1.0,1,1,63.874657,27,Replayed,9.0
-3.0,1.0,-1,1,54.643337,27,Replayed,3.0
3.0,0.0,-1,0,44.65332,27,Replayed,3.0
-9.0,-1.0,-1,1,64.302574,27,Replayed,9.0
9.0,-1.0,-1,0,35.17707,27,Replayed,9.0
3.0,1.0,1,1,55.013096,27,Replayed,3.0
9.0,1.0,1,1,64.39059,27,Replayed,9.0
-9.0,0.0,-1,1,63.967823,27,Replayed,9.0
1.0,-1.0,1,1,51.505585,27,Replayed,1.0
3.0,0.0,1,1,54.94116,27,Replayed,3.0
1.0,1.0,-1,0,47.877666,27,Replayed,1.0
-38.0,0.0,-1,1,97.64559,27,Replayed,38.0
-3.0,1.0,-1,1,55.00516,27,Replayed,3.0
-9.0,0.0,-1,1,63.84733,27,Replayed,9.0
38.0,-1.0,1,1,97.97489,27,Replayed,38.0
-3.0,-1.0,-1,1,54.94491,27,Replayed,3.0
38.0,0.0,1,1,97.77543,27,Replayed,38.0
-5.0,-1.0,-1,1,58.41326,27,Replayed,5.0
1.0,1.0,1,1,52.872803,27,Replayed,1.0
3.0,-1.0,1,1,56.63163,27,Replayed,3.0
-38.0,0.0,-1,1,97.85345,27,Replayed,38.0
-5.0,-1.0,-1,1,57.713203,27,Replayed,5.0
9.0,0.0,1,1,63.20149,27,Replayed,9.0
-1.0,0.0,-1,1,51.846676,27,Replayed,1.0
-9.0,0.0,-1,1,64.40582,27,Replayed,9.0
3.0,-1.0,-1,0,44.19866,27,Replayed,3.0
3.0,1.0,1,1,55.291885,27,Replayed,3.0
38.0,-1.0,1,1,98.026085,27,Replayed,38.0
1.0,-1.0,-1,0,47.185295,27,Replayed,1.0
-1.0,1.0,1,0,48.926975,27,Replayed,1.0
1.0,0.0,1,1,52.828674,27,Replayed,1.0
38.0,1.0,1,1,97.721825,27,Replayed,38.0
-9.0,1.0,-1,1,63.395374,27,Replayed,9.0
-9.0,0.0,-1,1,63.955505,27,Replayed,9.0
1.0,0.0,1,1,51.77257,27,Replayed,1.0
1.0,-1.0,-1,0,47.30163,27,Replayed,1.0
-38.0,-1.0,-1,1,97.960304,27,Replayed,38.0
-38.0,1.0,-1,1,97.413895,27,Replayed,38.0
38.0,1.0,1,1,97.69981,27,Replayed,38.0
38.0,0.0,1,1,97.89945,27,Replayed,38.0
-3.0,1.0,-1,1,54.344498,27,Replayed,3.0
3.0,-1.0,1,1,55.49839,27,Replayed,3.0
-5.0,1.0,-1,1,57.69298,27,Replayed,5.0
-9.0,1.0,1,0,36.893078,27,Replayed,9.0
-38.0,1.0,-1,1,97.72899,27,Replayed,38.0
-38.0,0.0,-1,1,97.76315,27,Replayed,38.0
-9.0,0.0,-1,1,63.971638,27,Replayed,9.0
38.0,-1.0,1,1,98.02441,27,Replayed,38.0
-1.0,1.0,1,0,48.583588,27,Replayed,1.0
-5.0,0.0,-1,1,58.44745,27,Replayed,5.0
1.0,0.0,1,1,52.116905,27,Replayed,1.0
1.0,1.0,1,1,51.756676,27,Replayed,1.0
3.0,-1.0,1,1,55.904675,27,Replayed,3.0
-38.0,1.0,-1,1,97.41166,27,Replayed,38.0
-3.0,-1.0,-1,1,55.04104,27,Replayed,3.0
5.0,-1.0,1,1,58.440144,27,Replayed,5.0
38.0,0.0,1,1,97.94648,27,Replayed,38.0
-1.0,1.0,1,0,48.180477,27,Replayed,1.0
9.0,0.0,1,1,64.00448,27,Replayed,9.0
38.0,0.0,1,1,97.87138,27,Replayed,38.0
-1.0,0.0,1,0,48.48201,27,Replayed,1.0
-1.0,-1.0,-1,1,51.815952,27,Replayed,1.0
-5.0,0.0,1,0,42.48075,27,Replayed,5.0
-9.0,-1.0,-1,1,64.60751,27,Replayed,9.0
3.0,0.0,-1,0,44.878674,27,Replayed,3.0
-1.0,0.0,1,0,48.475872,27,Replayed,1.0
-5.0,-1.0,1,0,41.764366,27,Replayed,5.0
-5.0,1.0,1,0,42.94,27,Replayed,5.0
-9.0,0.0,-1,1,64.338356,27,Replayed,9.0
9.0,-1.0,1,1,63.98523,27,Replayed,9.0
1.0,0.0,-1,0,47.253906,27,Replayed,1.0
3.0,1.0,-1,0,45.189877,27,Replayed,3.0
3.0,-1.0,-1,0,44.405067,27,Replayed,3.0
1.0,-1.0,-1,0,47.76038,27,Replayed,1.0
1.0,1.0,-1,0,48.07044,27,Replayed,1.0
3.0,-1.0,1,1,55.42332,27,Replayed,3.0
3.0,1.0,1,1,54.72036,27,Replayed,3.0
5.0,-1.0,1,1,58.39174,27,Replayed,5.0
5.0,1.0,1,1,56.8636,27,Replayed,5.0
-1.0,-1.0,1,0,48.67194,27,Replayed,1.0
-3.0,-1.0,1,0,44.401817,27,Replayed,3.0
-9.0,1.0,-1,1,63.605072,27,Replayed,9.0
-9.0,1.0,-1,1,63.11177,27,Replayed,9.0
-3.0,0.0,-1,1,55.10143,27,Replayed,3.0
9.0,0.0,1,1,63.77274,27,Replayed,9.0
-5.0,0.0,-1,1,57.776047,27,Replayed,5.0
-38.0,0.0,-1,1,97.81476,27,Replayed,38.0
1.0,0.0,-1,0,48.5547,27,Replayed,1.0
-38.0,1.0,-1,1,97.36645,27,Replayed,38.0
9.0,1.0,1,1,63.77488,27,Replayed,9.0
-3.0,-1.0,1,0,45.33657,27,Replayed,3.0
5.0,0.0,1,1,57.164215,27,Replayed,5.0
9.0,-1.0,1,1,64.28177,27,Replayed,9.0
-3.0,0.0,1,0,44.472847,27,Replayed,3.0
-3.0,-1.0,1,0,45.75468,27,Replayed,3.0
-9.0,-1.0,-1,1,64.65892,27,Replayed,9.0
1.0,1.0,-1,0,48.275387,27,Replayed,1.0
1.0,-1.0,1,1,52.22719,27,Replayed,1.0
5.0,1.0,1,1,57.84763,27,Replayed,5.0
-5.0,1.0,-1,1,57.835,27,Replayed,5.0
-1.0,-1.0,1,0,48.204773,27,Replayed,1.0
-38.0,-1.0,-1,1,97.90188,27,Replayed,38.0
5.0,-1.0,1,1,58.908672,27,Replayed,5.0
9.0,1.0,1,1,63.965935,27,Replayed,9.0
-5.0,0.0,-1,1,57.887756,27,Replayed,5.0
-3.0,1.0,1,0,45.231133,27,Replayed,3.0
9.0,0.0,1,1,64.10808,27,Replayed,9.0
-5.0,1.0,-1,1,57.308716,27,Replayed,5.0
-3.0,-1.0,-1,1,55.137867,27,Replayed,3.0
38.0,-1.0,1,1,98.16562,27,Replayed,38.0
-38.0,-1.0,-1,1,97.98037,27,Replayed,38.0
-1.0,0.0,-1,1,51.96603,27,Replayed,1.0
-38.0,1.0,-1,1,97.41067,27,Replayed,38.0
5.0,1.0,1,1,58.03865,27,Replayed,5.0
-1.0,1.0,1,0,49.23922,27,Replayed,1.0
5.0,0.0,-1,0,41.983376,27,Replayed,5.0
1.0,1.0,1,1,52.200256,27,Replayed,1.0
-5.0,1.0,1,0,42.56416,27,Replayed,5.0
-3.0,0.0,-1,1,54.615944,27,Replayed,3.0
-9.0,-1.0,-1,1,63.839268,27,Replayed,9.0
-3.0,1.0,1,0,46.091988,27,Replayed,3.0
38.0,1.0,1,1,97.70132,27,Replayed,38.0
5.0,-1.0,-1,0,40.34429,27,Replayed,5.0
-3.0,0.0,-1,1,54.361225,27,Replayed,3.0
-9.0,0.0,-1,1,65.02533,27,Replayed,9.0
-3.0,-1.0,-1,1,54.666233,27,Replayed,3.0
-1.0,0.0,1,0,48.791115,27,Replayed,1.0
-1.0,0.0,-1,1,51.872265,27,Replayed,1.0
9.0,-1.0,1,1,65.120384,27,Replayed,9.0
1.0,0.0,1,1,51.984703,27,Replayed,1.0
1.0,-1.0,-1,0,47.98913,27,Replayed,1.0
-5.0,-1.0,-1,1,58.141064,27,Replayed,5.0
5.0,0.0,1,1,58.15444,27,Replayed,5.0
9.0,1.0,1,1,63.84896,27,Replayed,9.0
5.0,1.0,1,1,57.04211,27,Replayed,5.0
3.0,0.0,1,1,55.264507,27,Replayed,3.0
38.0,-1.0,1,1,98.03415,27,Replayed,38.0
-5.0,-1.0,1,0,42.080353,27,Replayed,5.0
9.0,0.0,1,1,65.23069,27,Replayed,9.0
38.0,-1.0,1,1,97.92923,27,Replayed,38.0
3.0,1.0,-1,0,45.4597,27,Replayed,3.0
-5.0,0.0,-1,1,57.805294,27,Replayed,5.0
-1.0,-1.0,-1,1,50.972885,27,Replayed,1.0
9.0,-1.0,1,1,64.88243,27,Replayed,9.0
1.0,0.0,-1,0,47.10595,27,Replayed,1.0
3.0,0.0,-1,0,44.676476,27,Replayed,3.0
9.0,1.0,1,1,63.4838,27,Replayed,9.0
3.0,1.0,1,1,55.051743,27,Replayed,3.0
-3.0,1.0,1,0,46.26909,27,Replayed,3.0
38.0,0.0,1,1,97.827614,27,Replayed,38.0
-5.0,-1.0,-1,1,59.145374,27,Replayed,5.0
-5.0,0.0,-1,1,57.747887,27,Replayed,5.0
5.0,-1.0,1,1,58.34784,27,Replayed,5.0
3.0,1.0,-1,0,45.078106,27,Replayed,3.0
-5.0,1.0,-1,1,57.350998,27,Replayed,5.0
-9.0,-1.0,-1,1,65.13627,27,Replayed,9.0
-5.0,0.0,-1,1,58.012993,27,Replayed,5.0
5.0,-1.0,1,1,58.41343,27,Replayed,5.0
38.0,1.0,1,1,97.6465,27,Replayed,38.0
1.0,-1.0,-1,0,48.252388,27,Replayed,1.0
3.0,-1.0,1,1,54.868626,27,Replayed,3.0
9.0,-1.0,1,1,64.649734,27,Replayed,9.0
-38.0,1.0,-1,1,97.560974,27,Replayed,38.0
-3.0,0.0,-1,1,54.577194,27,Replayed,3.0
1.0,1.0,1,1,52.310097,27,Replayed,1.0
-38.0,0.0,-1,1,97.666245,27,Replayed,38.0
-38.0,0.0,-1,1,97.66196,27,Replayed,38.0
-3.0,0.0,-1,1,54.30348,27,Replayed,3.0
38.0,0.0,1,1,97.89196,27,Replayed,38.0
-5.0,0.0,-1,1,57.688766,27,Replayed,5.0
5.0,0.0,1,1,58.433163,27,Replayed,5.0
3.0,-1.0,-1,0,45.024075,27,Replayed,3.0
9.0,-1.0,1,1,64.41413,27,Replayed,9.0
-9.0,1.0,1,0,37.070477,27,Replayed,9.0
-9.0,-1.0,-1,1,64.44999,27,Replayed,9.0
5.0,0.0,1,1,57.96886,27,Replayed,5.0
-1.0,1.0,-1,1,51.478683,27,Replayed,1.0
5.0,0.0,1,1,58.304768,27,Replayed,5.0
5.0,1.0,1,1,57.655968,27,Replayed,5.0
5.0,-1.0,1,1,58.64888,27,Replayed,5.0
5.0,1.0,-1,0,42.32504,27,Replayed,5.0
1.0,-1.0,-1,0,47.359478,27,Replayed,1.0
-3.0,1.0,-1,1,54.14325,27,Replayed,3.0
-1.0,-1.0,-1,1,51.72947,27,Replayed,1.0
-1.0,1.0,-1,1,51.337276,27,Replayed,1.0
38.0,1.0,1,1,97.54991,27,Replayed,38.0
-1.0,-1.0,-1,1,52.269447,27,Replayed,1.0
38.0,0.0,1,1,97.80676,27,Replayed,38.0
5.0,-1.0,1,1,58.072872,27,Replayed,5.0
-38.0,1.0,-1,1,97.57121,27,Replayed,38.0
-3.0,0.0,1,0,45.40722,27,Replayed,3.0
-9.0,1.0,1,0,37.16795,27,Replayed,9.0
38.0,1.0,1,1,97.70705,27,Replayed,38.0
-38.0,-1.0,-1,1,98.03485,27,Replayed,38.0
-5.0,-1.0,-1,1,58.758007,27,Replayed,5.0
-5.0,1.0,1,0,42.410435,27,Replayed,5.0
-38.0,-1.0,-1,1,98.02238,27,Replayed,38.0
9.0,0.0,1,1,63.37999,27,Replayed,9.0
9.0,0.0,1,1,63.96283,27,Replayed,9.0
3.0,0.0,1,1,54.842846,27,Replayed,3.0
5.0,0.0,1,1,58.092773,27,Replayed,5.0
5.0,0.0,1,1,58.252525,27,Replayed,5.0
9.0,-1.0,1,1,64.987305,27,Replayed,9.0
-3.0,0.0,-1,1,55.021255,27,Replayed,3.0
-38.0,0.0,-1,1,97.837105,27,Replayed,38.0
1.0,1.0,1,1,52.064842,27,Replayed,1.0
38.0,-1.0,1,1,98.06225,27,Replayed,38.0
-38.0,-1.0,-1,1,97.99092,27,Replayed,38.0
-1.0,-1.0,-1,1,50.89121,27,Replayed,1.0
-9.0,-1.0,-1,1,64.057655,27,Replayed,9.0
-9.0,1.0,-1,1,63.17503,27,Replayed,9.0
-9.0,-1.0,-1,1,64.51807,27,Replayed,9.0
38.0,1.0,1,1,97.66758,27,Replayed,38.0
38.0,-1.0,1,1,98.18069,27,Replayed,38.0
-38.0,-1.0,-1,1,97.897514,27,Replayed,38.0
38.0,0.0,1,1,97.828514,27,Replayed,38.0
3.0,0.0,-1,0,45.376293,27,Replayed,3.0
1.0,0.0,-1,0,46.072937,28,Replayed,1.0
9.0,1.0,1,1,84.12905,28,Replayed,9.0
-3.0,1.0,-1,1,65.382614,28,Replayed,3.0
3.0,-1.0,1,1,61.52791,28,Replayed,3.0
-1.0,-1.0,1,0,44.403786,28,Replayed,1.0
5.0,1.0,-1,0,31.132946,28,Replayed,5.0
9.0,-1.0,1,1,81.74699,28,Replayed,9.0
-38.0,0.0,-1,1,99.98999,28,Replayed,38.0
-3.0,-1.0,-1,1,64.805115,28,Replayed,3.0
-38.0,1.0,-1,1,99.98999,28,Replayed,38.0
1.0,-1.0,1,1,52.113075,28,Replayed,1.0
-38.0,0.0,-1,1,99.98999,28,Replayed,38.0
1.0,1.0,1,1,52.969925,28,Replayed,1.0
-1.0,0.0,-1,1,54.389256,28,Replayed,1.0
5.0,0.0,-1,0,30.857313,28,Replayed,5.0
38.0,0.0,1,1,99.94002,28,Replayed,38.0
-1.0,1.0,1,0,45.169197,28,Replayed,1.0
1.0,0.0,-1,0,45.760975,28,Replayed,1.0
-5.0,1.0,-1,1,73.04302,28,Replayed,5.0
-9.0,-1.0,-1,1,86.36749,28,Replayed,9.0
-5.0,0.0,1,0,29.015547,28,Replayed,5.0
-1.0,-1.0,1,0,43.99936,28,Replayed,1.0
-38.0,1.0,-1,1,99.99,28,Replayed,38.0
3.0,1.0,-1,0,37.20831,28,Replayed,3.0
-38.0,-1.0,-1,1,99.98999,28,Replayed,38.0
1.0,-1.0,-1,0,46.40358,28,Replayed,1.0
3.0,0.0,-1,0,38.341297,28,Replayed,3.0
-9.0,0.0,-1,1,86.83427,28,Replayed,9.0
38.0,-1.0,1,1,99.99,28,Replayed,38.0
-5.0,-1.0,-1,1,74.662796,28,Replayed,5.0
38.0,-1.0,1,1,99.99,28,Replayed,38.0
5.0,1.0,-1,0,29.978424,28,Replayed,5.0
3.0,-1.0,-1,0,38.22636,28,Replayed,3.0
-5.0,0.0,-1,1,72.47157,28,Replayed,5.0
-9.0,1.0,-1,1,85.380714,28,Replayed,9.0
1.0,0.0,1,1,54.200024,28,Replayed,1.0
-1.0,-1.0,1,0,44.879932,28,Replayed,1.0
5.0,0.0,1,1,69.995834,28,Replayed,5.0
-1.0,0.0,-1,1,54.186325,28,Replayed,1.0
-5.0,1.0,-1,1,71.7032,28,Replayed,5.0
9.0,-1.0,1,1,84.515335,28,Replayed,9.0
-9.0,-1.0,1,0,13.452972,28,Replayed,9.0
1.0,0.0,1,1,53.95972,28,Replayed,1.0
38.0,0.0,1,1,99.98999,28,Replayed,38.0
-38.0,0.0,-1,1,99.99,28,Replayed,38.0
3.0,1.0,1,1,62.63543,28,Replayed,3.0
5.0,-1.0,1,1,70.30085,28,Replayed,5.0
-1.0,1.0,-1,1,55.84456,28,Replayed,1.0
38.0,1.0,1,1,99.98999,28,Replayed,38.0
-5.0,0.0,-1,1,73.013405,28,Replayed,5.0
38.0,0.0,1,1,99.98999,28,Replayed,38.0
-1.0,-1.0,1,0,44.96109,28,Replayed,1.0
38.0,1.0,1,1,99.98999,28,Replayed,38.0
3.0,0.0,1,1,60.652756,28,Replayed,3.0
-1.0,-1.0,-1,1,56.996735,28,Replayed,1.0
3.0,-1.0,-1,0,38.83848,28,Replayed,3.0
-9.0,0.0,-1,1,84.71631,28,Replayed,9.0
-5.0,-1.0,-1,1,72.16169,28,Replayed,5.0
9.0,1.0,1,1,84.11752,28,Replayed,9.0
-1.0,0.0,1,0,44.58616,28,Replayed,1.0
-9.0,1.0,-1,1,84.20236,28,Replayed,9.0
-9.0,0.0,-1,1,85.971886,28,Replayed,9.0
38.0,0.0,1,1,99.99,28,Replayed,38.0
-1.0,0.0,1,0,44.18291,28,Replayed,1.0
38.0,-1.0,1,1,99.99,28,Replayed,38.0
38.0,-1.0,1,1,99.99,28,Replayed,38.0
9.0,-1.0,1,1,81.07307,28,Replayed,9.0
-3.0,0.0,1,0,36.016758,28,Replayed,3.0
-38.0,-1.0,-1,1,99.98999,28,Replayed,38.0
9.0,0.0,1,1,85.69088,28,Replayed,9.0
-38.0,-1.0,-1,1,99.99,28,Replayed,38.0
38.0,0.0,1,1,99.98999,28,Replayed,38.0
38.0,0.0,1,1,99.98999,28,Replayed,38.0
5.0,0.0,-1,0,28.428802,28,Replayed,5.0
1.0,1.0,1,1,52.395775,28,Replayed,1.0
-3.0,-1.0,-1,1,65.49515,28,Replayed,3.0
-3.0,-1.0,1,0,34.38739,28,Replayed,3.0
-1.0,1.0,-1,1,53.25469,28,Replayed,1.0
9.0,1.0,1,1,84.01356,28,Replayed,9.0
1.0,0.0,-1,0,47.106354,28,Replayed,1.0
9.0,0.0,1,1,85.172516,28,Replayed,9.0
38.0,1.0,1,1,99.9899,28,Replayed,38.0
1.0,0.0,1,1,53.71012,28,Replayed,1.0
-1.0,1.0,-1,1,56.109627,28,Replayed,1.0
-3.0,-1.0,1,0,33.366573,28,Replayed,3.0
-38.0,1.0,-1,1,99.98999,28,Replayed,38.0
-5.0,-1.0,-1,1,71.163216,28,Replayed,5.0
-5.0,-1.0,-1,1,73.98711,28,Replayed,5.0
-5.0,0.0,-1,1,72.16188,28,Replayed,5.0
5.0,-1.0,1,1,70.14837,28,Replayed,5.0
-38.0,1.0,-1,1,99.99,28,Replayed,38.0
1.0,0.0,1,1,54.533913,28,Replayed,1.0
3.0,0.0,1,1,63.72068,28,Replayed,3.0
9.0,0.0,1,1,82.22266,28,Replayed,9.0
-5.0,1.0,-1,1,72.39373,28,Replayed,5.0
1.0,1.0,-1,0,45.8385,28,Replayed,1.0
5.0,1.0,-1,0,30.832905,28,Replayed,5.0
9.0,1.0,1,1,84.18147,28,Replayed,9.0
3.0,0.0,-1,0,38.374363,28,Replayed,3.0
-1.0,0.0,1,0,42.72757,28,Replayed,1.0
-5.0,1.0,-1,1,71.2007,28,Replayed,5.0
-9.0,1.0,-1,1,84.96178,28,Replayed,9.0
5.0,0.0,1,1,70.51155,28,Replayed,5.0
-38.0,1.0,-1,1,99.99,28,Replayed,38.0
-38.0,1.0,-1,1,99.99,28,Replayed,38.0
-3.0,1.0,1,0,33.10643,28,Replayed,3.0
-1.0,-1.0,1,0,44.536015,28,Replayed,1.0
5.0,1.0,1,1,67.52934,28,Replayed,5.0
-3.0,0.0,-1,1,63.400425,28,Replayed,3.0
9.0,1.0,1,1,84.07163,28,Replayed,9.0
-3.0,0.0,1,0,33.489464,28,Replayed,3.0
-38.0,0.0,-1,1,99.98998,28,Replayed,38.0
38.0,-1.0,1,1,99.98999,28,Replayed,38.0
-3.0,-1.0,1,0,32.709526,28,Replayed,3.0
-1.0,1.0,-1,1,55.75453,28,Replayed,1.0
-3.0,-1.0,-1,1,66.842896,28,Replayed,3.0
-9.0,-1.0,1,0,14.160101,28,Replayed,9.0
-38.0,-1.0,-1,1,99.99,28,Replayed,38.0
-9.0,1.0,-1,1,84.905266,28,Replayed,9.0
-3.0,-1.0,-1,1,64.36924,28,Replayed,3.0
1.0,1.0,-1,0,46.06596,28,Replayed,1.0
3.0,0.0,1,1,60.929447,28,Replayed,3.0
9.0,-1.0,1,1,83.51973,28,Replayed,9.0
-1.0,1.0,-1,1,56.34437,28,Replayed,1.0
-9.0,0.0,-1,1,85.00689,28,Replayed,9.0
5.0,-1.0,1,1,71.16439,28,Replayed,5.0
9.0,1.0,1,1,84.26337,28,Replayed,9.0
-9.0,-1.0,-1,1,85.12877,28,Replayed,9.0
1.0,-1.0,-1,0,45.986584,28,Replayed,1.0
5.0,-1.0,1,1,71.17169,28,Replayed,5.0
-3.0,0.0,-1,1,64.93053,28,Replayed,3.0
5.0,-1.0,1,1,70.56895,28,Replayed,5.0
-38.0,-1.0,-1,1,99.989975,28,Replayed,38.0
5.0,0.0,1,1,70.14095,28,Replayed,5.0
-9.0,1.0,-1,1,87.2199,28,Replayed,9.0
5.0,0.0,1,1,70.36104,28,Replayed,5.0
-5.0,1.0,-1,1,72.57511,28,Replayed,5.0
-9.0,1.0,1,0,14.660925,28,Replayed,9.0
-5.0,-1.0,-1,1,72.84509,28,Replayed,5.0
1.0,-1.0,1,1,52.319252,28,Replayed,1.0
-5.0,1.0,-1,1,73.91037,28,Replayed,5.0
-9.0,0.0,-1,1,83.99723,28,Replayed,9.0
-1.0,-1.0,1,0,44.650986,28,Replayed,1.0
1.0,1.0,1,1,54.08246,28,Replayed,1.0
9.0,0.0,-1,0,15.720539,28,Replayed,9.0
1.0,-1.0,1,1,52.751614,28,Replayed,1.0
-3.0,0.0,-1,1,66.12535,28,Replayed,3.0
9.0,-1.0,-1,0,15.967348,28,Replayed,9.0
9.0,0.0,1,1,84.14714,28,Replayed,9.0
38.0,0.0,1,1,99.99,28,Replayed,38.0
3.0,-1.0,-1,0,39.357533,28,Replayed,3.0
-5.0,-1.0,-1,1,74.4161,28,Replayed,5.0
9.0,0.0,1,1,83.313385,28,Replayed,9.0
3.0,0.0,-1,0,37.267414,28,Replayed,3.0
5.0,1.0,1,1,69.95483,28,Replayed,5.0
-38.0,1.0,-1,1,99.99,28,Replayed,38.0
-1.0,-1.0,1,0,45.46134,28,Replayed,1.0
-9.0,-1.0,-1,1,84.71755,28,Replayed,9.0
-3.0,0.0,1,0,36.14471,28,Replayed,3.0
9.0,-1.0,1,1,83.683205,28,Replayed,9.0
38.0,-1.0,1,1,99.99,28,Replayed,38.0
-3.0,-1.0,1,0,34.538048,28,Replayed,3.0
3.0,1.0,1,1,60.183346,28,Replayed,3.0
-38.0,0.0,-1,1,99.98999,28,Replayed,38.0
-5.0,1.0,1,0,27.443668,28,Replayed,5.0
-3.0,1.0,1,0,35.4906,28,Replayed,3.0
-9.0,-1.0,-1,1,85.106476,28,Replayed,9.0
-3.0,1.0,-1,1,62.610603,28,Replayed,3.0
9.0,1.0,1,1,83.523186,28,Replayed,9.0
-1.0,0.0,-1,1,54.347366,28,Replayed,1.0
-3.0,0.0,-1,1,63.898563,28,Replayed,3.0
1.0,-1.0,-1,0,46.63391,28,Replayed,1.0
-38.0,1.0,-1,1,99.99,28,Replayed,38.0
1.0,1.0,1,1,50.597923,28,Replayed,1.0
3.0,1.0,1,1,61.919033,28,Replayed,3.0
-3.0,0.0,-1,1,65.812996,28,Replayed,3.0
38.0,1.0,1,1,99.98999,28,Replayed,38.0
-38.0,-1.0,-1,1,99.99,28,Replayed,38.0
5.0,-1.0,1,1,69.5251,28,Replayed,5.0
5.0,-1.0,1,1,68.61365,28,Replayed,5.0
9.0,0.0,-1,0,16.505476,28,Replayed,9.0
1.0,-1.0,-1,0,44.65023,28,Replayed,1.0
9.0,0.0,1,1,84.57082,28,Replayed,9.0
1.0,0.0,-1,0,46.494167,28,Replayed,1.0
1.0,-1.0,-1,0,49.236267,28,Replayed,1.0
3.0,0.0,-1,0,38.375248,28,Replayed,3.0
5.0,-1.0,-1,0,28.996225,28,Replayed,5.0
-9.0,1.0,-1,1,85.73519,28,Replayed,9.0
-5.0,0.0,-1,1,74.419716,28,Replayed,5.0
-9.0,1.0,-1,1,86.10876,28,Replayed,9.0
-3.0,1.0,1,0,36.505684,28,Replayed,3.0
-1.0,1.0,1,0,44.475964,28,Replayed,1.0
3.0,1.0,1,1,61.094784,28,Replayed,3.0
3.0,-1.0,-1,0,37.91483,28,Replayed,3.0
-5.0,1.0,-1,1,72.32398,28,Replayed,5.0
38.0,1.0,1,1,99.99,28,Replayed,38.0
-3.0,1.0,-1,1,66.3932,28,Replayed,3.0
-1.0,0.0,-1,1,56.078785,28,Replayed,1.0
38.0,1.0,1,1,99.99,28,Replayed,38.0
3.0,1.0,1,1,61.625923,28,Replayed,3.0
-5.0,-1.0,-1,1,73.47188,28,Replayed,5.0
3.0,-1.0,1,1,62.081505,28,Replayed,3.0
38.0,0.0,1,1,99.98999,28,Replayed,38.0
3.0,1.0,-1,0,37.1531,28,Replayed,3.0
-9.0,0.0,-1,1,86.935165,28,Replayed,9.0
-9.0,-1.0,-1,1,85.73059,28,Replayed,9.0
38.0,-1.0,1,1,99.98999,28,Replayed,38.0
-38.0,0.0,-1,1,99.98999,28,Replayed,38.0
38.0,-1.0,1,1,99.99,28,Replayed,38.0
-5.0,0.0,-1,1,73.88928,28,Replayed,5.0
5.0,1.0,1,1,71.02188,28,Replayed,5.0
3.0,-1.0,1,1,61.829006,28,Replayed,3.0
-1.0,0.0,-1,1,56.982838,28,Replayed,1.0
-38.0,0.0,-1,1,99.99,28,Replayed,38.0
9.0,-1.0,1,1,82.28049,28,Replayed,9.0
-9.0,-1.0,-1,1,84.68738,28,Replayed,9.0
9.0,-1.0,-1,0,15.415698,28,Replayed,9.0
1.0,1.0,-1,0,48.108532,28,Replayed,1.0
-38.0,-1.0,-1,1,99.98999,28,Replayed,38.0
9.0,1.0,1,1,82.15967,28,Replayed,9.0
3.0,0.0,1,1,60.34404,28,Replayed,3.0
-38.0,0.0,-1,1,99.99,28,Replayed,38.0
38.0,1.0,1,1,99.99,28,Replayed,38.0
-3.0,1.0,1,0,35.3188,28,Replayed,3.0
-1.0,1.0,1,0,43.82452,28,Replayed,1.0
-9.0,0.0,-1,1,86.8217,28,Replayed,9.0
-9.0,0.0,-1,1,86.649254,28,Replayed,9.0
-5.0,0.0,1,0,28.584015,28,Replayed,5.0
1.0,1.0,-1,0,45.86113,28,Replayed,1.0
-5.0,0.0,1,0,27.89867,28,Replayed,5.0
38.0,1.0,1,1,99.98999,28,Replayed,38.0
3.0,1.0,1,1,61.510406,28,Replayed,3.0
5.0,0.0,1,1,72.278786,28,Replayed,5.0
38.0,1.0,1,1,89.42581,29,Replayed,38.0
3.0,-1.0,1,1,53.55996,29,Replayed,3.0
-1.0,1.0,1,0,49.37044,29,Replayed,1.0
-5.0,1.0,-1,1,55.78633,29,Replayed,5.0
1.0,0.0,-1,0,49.27083,29,Replayed,1.0
-38.0,0.0,-1,1,89.83727,29,Replayed,38.0
-9.0,-1.0,-1,1,60.96782,29,Replayed,9.0
-38.0,1.0,-1,1,89.786385,29,Replayed,38.0
-9.0,1.0,-1,1,60.02125,29,Replayed,9.0
-3.0,-1.0,1,0,45.528675,29,Replayed,3.0
1.0,-1.0,1,1,51.652943,29,Replayed,1.0
-9.0,0.0,-1,1,59.895473,29,Replayed,9.0
-5.0,0.0,-1,1,55.651802,29,Replayed,5.0
9.0,0.0,1,1,59.526783,29,Replayed,9.0
1.0,1.0,-1,0,50.10604,29,Replayed,1.0
-9.0,-1.0,1,0,39.80314,29,Replayed,9.0
5.0,1.0,1,1,55.676407,29,Replayed,5.0
9.0,0.0,1,1,58.10747,29,Replayed,9.0
-38.0,-1.0,-1,1,90.31717,29,Replayed,38.0
-5.0,0.0,-1,1,56.10292,29,Replayed,5.0
-5.0,1.0,-1,1,55.669308,29,Replayed,5.0
-1.0,0.0,-1,1,51.776302,29,Replayed,1.0
-9.0,0.0,-1,1,60.69003,29,Replayed,9.0
-1.0,-1.0,-1,1,51.70105,29,Replayed,1.0
-3.0,0.0,1,0,45.97246,29,Replayed,3.0
-38.0,1.0,-1,1,89.33012,29,Replayed,38.0
3.0,0.0,1,1,52.876366,29,Replayed,3.0
38.0,-1.0,1,1,90.14162,29,Replayed,38.0
9.0,1.0,1,1,58.570557,29,Replayed,9.0
-3.0,1.0,1,0,47.311108,29,Replayed,3.0
9.0,0.0,1,1,59.224026,29,Replayed,9.0
38.0,-1.0,1,1,90.2277,29,Replayed,38.0
9.0,-1.0,1,1,59.052868,29,Replayed,9.0
-3.0,1.0,-1,1,52.919518,29,Replayed,3.0
3.0,1.0,-1,0,47.756805,29,Replayed,3.0
-3.0,0.0,1,0,46.35902,29,Replayed,3.0
-3.0,0.0,-1,1,53.265923,29,Replayed,3.0
-38.0,-1.0,-1,1,90.643524,29,Replayed,38.0
38.0,0.0,1,1,89.90538,29,Replayed,38.0
9.0,-1.0,1,1,60.51259,29,Replayed,9.0
1.0,0.0,1,1,50.20271,29,Replayed,1.0
-1.0,-1.0,-1,1,50.789185,29,Replayed,1.0
9.0,-1.0,1,1,59.071983,29,Replayed,9.0
38.0,0.0,1,1,89.423996,29,Replayed,38.0
-1.0,0.0,1,0,49.42991,29,Replayed,1.0
38.0,0.0,1,1,89.43629,29,Replayed,38.0
3.0,-1.0,1,1,52.962227,29,Replayed,3.0
5.0,1.0,1,1,54.59816,29,Replayed,5.0
-38.0,0.0,-1,1,90.03976,29,Replayed,38.0
1.0,0.0,1,1,51.474415,29,Replayed,1.0
38.0,-1.0,1,1,90.066475,29,Replayed,38.0
-3.0,0.0,-1,1,53.27781,29,Replayed,3.0
3.0,1.0,1,1,53.420197,29,Replayed,3.0
-5.0,0.0,1,0,44.31033,29,Replayed,5.0
9.0,0.0,-1,0,39.548477,29,Replayed,9.0
38.0,1.0,1,1,89.452675,29,Replayed,38.0
1.0,-1.0,1,1,50.820576,29,Replayed,1.0
-1.0,0.0,1,0,48.802193,29,Replayed,1.0
-9.0,1.0,1,0,39.535465,29,Replayed,9.0
-9.0,0.0,-1,1,60.25272,29,Replayed,9.0
3.0,-1.0,-1,0,47.27024,29,Replayed,3.0
-38.0,1.0,-1,1,89.76414,29,Replayed,38.0
5.0,0.0,1,1,54.955696,29,Replayed,5.0
-9.0,1.0,-1,1,59.82307,29,Replayed,9.0
3.0,-1.0,-1,0,46.733208,29,Replayed,3.0
-9.0,-1.0,-1,1,60.14465,29,Replayed,9.0
1.0,-1.0,1,1,50.500374,29,Replayed,1.0
-38.0,1.0,-1,1,90.06718,29,Replayed,38.0
9.0,1.0,-1,0,40.445335,29,Replayed,9.0
5.0,1.0,1,1,54.31726,29,Replayed,5.0
-1.0,-1.0,1,0,48.416275,29,Replayed,1.0
1.0,1.0,-1,0,48.853912,29,Replayed,1.0
-1.0,0.0,-1,1,51.566006,29,Replayed,1.0
9.0,-1.0,1,1,59.78637,29,Replayed,9.0
38.0,1.0,1,1,89.29845,29,Replayed,38.0
9.0,1.0,-1,0,40.446384,29,Replayed,9.0
9.0,1.0,-1,0,41.84188,29,Replayed,9.0
5.0,-1.0,1,1,54.594086,29,Replayed,5.0
5.0,-1.0,-1,0,44.578266,29,Replayed,5.0
-3.0,1.0,-1,1,53.54166,29,Replayed,3.0
38.0,0.0,1,1,89.62971,29,Replayed,38.0
5.0,0.0,1,1,55.080994,29,Replayed,5.0
-38.0,0.0,-1,1,90.17045,29,Replayed,38.0
1.0,0.0,1,1,50.778084,29,Replayed,1.0
9.0,0.0,1,1,59.54306,29,Replayed,9.0
-9.0,0.0,-1,1,61.085724,29,Replayed,9.0
-1.0,-1.0,-1,1,51.33906,29,Replayed,1.0
3.0,1.0,1,1,52.51766,29,Replayed,3.0
38.0,1.0,1,1,89.087685,29,Replayed,38.0
-9.0,0.0,-1,1,59.758274,29,Replayed,9.0
1.0,-1.0,1,1,51.081543,29,Replayed,1.0
38.0,0.0,1,1,89.94771,29,Replayed,38.0
-5.0,-1.0,1,0,43.868767,29,Replayed,5.0
38.0,1.0,1,1,89.581505,29,Replayed,38.0
9.0,1.0,1,1,59.109264,29,Replayed,9.0
-9.0,1.0,-1,1,59.851902,29,Replayed,9.0
1.0,0.0,-1,0,48.18161,29,Replayed,1.0
-3.0,1.0,1,0,46.371857,29,Replayed,3.0
-3.0,-1.0,-1,1,53.457863,29,Replayed,3.0
-38.0,-1.0,-1,1,90.906845,29,Replayed,38.0
-38.0,0.0,-1,1,90.37258,29,Replayed,38.0
-3.0,-1.0,-1,1,53.75823,29,Replayed,3.0
-5.0,0.0,1,0,44.463398,29,Replayed,5.0
1.0,-1.0,1,1,50.015152,29,Replayed,1.0
-9.0,-1.0,-1,1,60.752045,29,Replayed,9.0
3.0,0.0,1,1,52.656883,29,Replayed,3.0
5.0,1.0,1,1,55.39347,29,Replayed,5.0
9.0,-1.0,-1,0,40.94551,29,Replayed,9.0
5.0,-1.0,1,1,56.089634,29,Replayed,5.0
9.0,1.0,1,1,58.744015,29,Replayed,9.0
5.0,0.0,1,1,55.56501,29,Replayed,5.0
-5.0,0.0,-1,1,55.43644,29,Replayed,5.0
3.0,0.0,-1,0,46.214703,29,Replayed,3.0
9.0,1.0,1,1,58.76361,29,Replayed,9.0
-5.0,-1.0,-1,1,55.902966,29,Replayed,5.0
-9.0,1.0,-1,1,59.721302,29,Replayed,9.0
-5.0,0.0,-1,1,56.159775,29,Replayed,5.0
5.0,1.0,-1,0,45.571156,29,Replayed,5.0
-38.0,1.0,-1,1,89.26932,29,Replayed,38.0
5.0,1.0,-1,0,45.468845,29,Replayed,5.0
5.0,-1.0,1,1,55.27997,29,Replayed,5.0
5.0,1.0,1,1,54.717575,29,Replayed,5.0
-9.0,-1.0,-1,1,59.663464,29,Replayed,9.0
-1.0,1.0,-1,1,50.96057,29,Replayed,1.0
1.0,0.0,-1,0,48.841988,29,Replayed,1.0
1.0,1.0,1,1,50.224083,29,Replayed,1.0
-3.0,0.0,-1,1,53.880074,29,Replayed,3.0
5.0,-1.0,1,1,55.78251,29,Replayed,5.0
-9.0,1.0,-1,1,59.17445,29,Replayed,9.0
-38.0,1.0,-1,1,89.12951,29,Replayed,38.0
-38.0,-1.0,-1,1,90.92001,29,Replayed,38.0
38.0,0.0,1,1,89.696655,29,Replayed,38.0
38.0,-1.0,1,1,89.92604,29,Replayed,38.0
-38.0,-1.0,-1,1,90.51317,29,Replayed,38.0
-1.0,-1.0,1,0,48.629726,29,Replayed,1.0
-38.0,0.0,-1,1,89.76796,29,Replayed,38.0
-38.0,-1.0,-1,1,90.59999,29,Replayed,38.0
3.0,-1.0,-1,0,46.77564,29,Replayed,3.0
5.0,-1.0,1,1,55.86214,29,Replayed,5.0
5.0,-1.0,-1,0,44.803474,29,Replayed,5.0
3.0,1.0,1,1,53.618114,29,Replayed,3.0
38.0,-1.0,1,1,90.14487,29,Replayed,38.0
1.0,1.0,1,1,51.77887,29,Replayed,1.0
-5.0,-1.0,1,0,43.393833,29,Replayed,5.0
-5.0,1.0,1,0,44.174484,29,Replayed,5.0
38.0,-1.0,1,1,90.43957,29,Replayed,38.0
-9.0,0.0,-1,1,60.605145,29,Replayed,9.0
1.0,-1.0,-1,0,48.724457,29,Replayed,1.0
3.0,-1.0,1,1,53.302456,29,Replayed,3.0
1.0,0.0,1,1,51.538086,29,Replayed,1.0
-3.0,0.0,1,0,46.58002,29,Replayed,3.0
3.0,1.0,1,1,53.048634,29,Replayed,3.0
3.0,0.0,1,1,53.04076,29,Replayed,3.0
5.0,0.0,1,1,56.053574,29,Replayed,5.0
-38.0,1.0,-1,1,89.247116,29,Replayed,38.0
-3.0,-1.0,-1,1,53.50393,29,Replayed,3.0
38.0,0.0,1,1,90.131966,29,Replayed,38.0
-9.0,0.0,-1,1,59.699047,29,Replayed,9.0
-1.0,1.0,-1,1,52.284252,29,Replayed,1.0
-5.0,0.0,-1,1,55.47865,29,Replayed,5.0
3.0,-1.0,1,1,53.55886,29,Replayed,3.0
1.0,1.0,-1,0,49.663754,29,Replayed,1.0
38.0,1.0,1,1,89.287865,29,Replayed,38.0
-5.0,-1.0,-1,1,56.24625,29,Replayed,5.0
3.0,0.0,1,1,52.55287,29,Replayed,3.0
-38.0,0.0,-1,1,90.23999,29,Replayed,38.0
-38.0,-1.0,-1,1,90.83049,29,Replayed,38.0
38.0,1.0,1,1,89.59228,29,Replayed,38.0
-5.0,1.0,-1,1,55.415195,29,Replayed,5.0
-38.0,-1.0,-1,1,90.25618,29,Replayed,38.0
38.0,1.0,1,1,89.31712,29,Replayed,38.0
-9.0,1.0,-1,1,60.565514,29,Replayed,9.0
-3.0,-1.0,-1,1,54.563255,29,Replayed,3.0
-1.0,0.0,-1,1,51.871674,29,Replayed,1.0
3.0,-1.0,-1,0,47.28545,29,Replayed,3.0
-5.0,-1.0,-1,1,55.926506,29,Replayed,5.0
9.0,1.0,1,1,59.355377,29,Replayed,9.0
-38.0,0.0,-1,1,90.61119,29,Replayed,38.0
9.0,-1.0,1,1,60.096878,29,Replayed,9.0
-1.0,0.0,1,0,47.98004,29,Replayed,1.0
9.0,0.0,1,1,59.44093,29,Replayed,9.0
-5.0,-1.0,1,0,44.540714,29,Replayed,5.0
-1.0,1.0,-1,1,51.509846,29,Replayed,1.0
-3.0,1.0,-1,1,53.48124,29,Replayed,3.0
-9.0,1.0,-1,1,60.269714,29,Replayed,9.0
-1.0,0.0,1,0,48.321224,29,Replayed,1.0
-3.0,0.0,-1,1,53.977036,29,Replayed,3.0
-1.0,-1.0,1,0,48.798603,29,Replayed,1.0
3.0,1.0,1,1,52.55434,29,Replayed,3.0
-9.0,-1.0,-1,1,61.63486,29,Replayed,9.0
1.0,0.0,-1,0,49.441906,29,Replayed,1.0
-3.0,-1.0,-1,1,53.79762,29,Replayed,3.0
-5.0,-1.0,1,0,44.521606,29,Replayed,5.0
-1.0,-1.0,-1,1,51.370846,29,Replayed,1.0
9.0,0.0,1,1,59.80716,29,Replayed,9.0
-1.0,1.0,-1,1,50.92665,29,Replayed,1.0
3.0,1.0,1,1,53.079933,29,Replayed,3.0
9.0,0.0,1,1,58.799965,29,Replayed,9.0
1.0,-1.0,-1,0,48.734394,29,Replayed,1.0
-3.0,1.0,-1,1,53.61532,29,Replayed,3.0
-9.0,-1.0,-1,1,60.54358,29,Replayed,9.0
3.0,0.0,1,1,53.010742,29,Replayed,3.0
-38.0,1.0,-1,1,89.30477,29,Replayed,38.0
5.0,0.0,-1,0,45.113937,29,Replayed,5.0
5.0,-1.0,-1,0,44.313736,29,Replayed,5.0
5.0,0.0,-1,0,44.421722,29,Replayed,5.0
-3.0,1.0,1,0,46.30545,29,Replayed,3.0
9.0,-1.0,-1,0,40.26891,29,Replayed,9.0
-5.0,1.0,1,0,44.301476,29,Replayed,5.0
-9.0,0.0,-1,1,60.163452,29,Replayed,9.0
-5.0,0.0,-1,1,56.445152,29,Replayed,5.0
-1.0,0.0,1,0,48.396084,29,Replayed,1.0
9.0,-1.0,1,1,60.544743,29,Replayed,9.0
5.0,0.0,1,1,56.467754,29,Replayed,5.0
-1.0,-1.0,-1,1,51.779114,29,Replayed,1.0
3.0,0.0,-1,0,46.858257,29,Replayed,3.0
3.0,0.0,1,1,53.39593,29,Replayed,3.0
-1.0,1.0,1,0,49.37112,29,Replayed,1.0
3.0,1.0,1,1,52.810143,29,Replayed,3.0
5.0,1.0,1,1,55.292744,29,Replayed,5.0
5.0,0.0,-1,0,45.166553,29,Replayed,5.0
1.0,-1.0,-1,0,48.771767,29,Replayed,1.0
-1.0,1.0,1,0,47.77153,29,Replayed,1.0
-3.0,-1.0,-1,1,54.084766,29,Replayed,3.0
38.0,-1.0,1,1,89.957695,29,Replayed,38.0
-3.0,0.0,-1,1,54.1015,29,Replayed,3.0
-1.0,1.0,1,0,49.202164,30,Replayed,1.0
1.0,1.0,-1,0,50.04995,30,Replayed,1.0
-3.0,1.0,-1,1,51.47683,30,Replayed,3.0
9.0,-1.0,-1,0,48.815884,30,Replayed,9.0
5.0,0.0,-1,0,48.926697,30,Replayed,5.0
-38.0,-1.0,-1,1,58.182217,30,Replayed,38.0
3.0,0.0,-1,0,49.33684,30,Replayed,3.0
-9.0,0.0,1,0,47.142303,30,Replayed,9.0
9.0,1.0,-1,0,48.4351,30,Replayed,9.0
9.0,1.0,1,1,51.5547,30,Replayed,9.0
-9.0,-1.0,-1,1,52.929382,30,Replayed,9.0
3.0,-1.0,1,1,49.729557,30,Replayed,3.0
-38.0,0.0,-1,1,59.26969,30,Replayed,38.0
-38.0,0.0,-1,1,58.514233,30,Replayed,38.0
-5.0,1.0,-1,1,52.08751,30,Replayed,5.0
1.0,-1.0,-1,0,49.620663,30,Replayed,1.0
-1.0,0.0,-1,1,50.796604,30,Replayed,1.0
-9.0,1.0,1,0,47.64064,30,Replayed,9.0
-38.0,-1.0,-1,1,57.486652,30,Replayed,38.0
1.0,-1.0,-1,0,51.229637,30,Replayed,1.0
-3.0,-1.0,-1,1,51.028687,30,Replayed,3.0
1.0,1.0,1,1,48.801605,30,Replayed,1.0
5.0,1.0,1,1,50.810158,30,Replayed,5.0
-3.0,-1.0,-1,1,51.03549,30,Replayed,3.0
38.0,1.0,-1,0,43.50479,30,Replayed,38.0
38.0,-1.0,1,1,57.353634,30,Replayed,38.0
1.0,-1.0,-1,0,49.966305,30,Replayed,1.0
-9.0,-1.0,1,0,46.5596,30,Replayed,9.0
-3.0,1.0,1,0,48.755547,30,Replayed,3.0
-1.0,-1.0,1,0,49.32885,30,Replayed,1.0
3.0,-1.0,-1,0,50.20821,30,Replayed,3.0
-3.0,-1.0,-1,1,51.247494,30,Replayed,3.0
5.0,-1.0,-1,0,49.247444,30,Replayed,5.0
-9.0,1.0,1,0,47.28193,30,Replayed,9.0
-5.0,0.0,-1,1,51.937668,30,Replayed,5.0
-38.0,-1.0,-1,1,57.95819,30,Replayed,38.0
9.0,-1.0,1,1,51.772076,30,Replayed,9.0
1.0,1.0,1,1,49.52905,30,Replayed,1.0
-1.0,0.0,-1,1,50.92023,30,Replayed,1.0
9.0,0.0,-1,0,48.563797,30,Replayed,9.0
3.0,-1.0,1,1,50.256138,30,Replayed,3.0
38.0,-1.0,1,1,57.489883,30,Replayed,38.0
-9.0,-1.0,1,0,47.360413,30,Replayed,9.0
-9.0,-1.0,-1,1,53.281548,30,Replayed,9.0
-1.0,0.0,-1,1,51.022987,30,Replayed,1.0
1.0,-1.0,1,1,49.03646,30,Replayed,1.0
38.0,1.0,1,1,56.705307,30,Replayed,38.0
38.0,1.0,-1,0,43.25103,30,Replayed,38.0
-5.0,0.0,-1,1,51.55626,30,Replayed,5.0
38.0,0.0,-1,0,43.566353,30,Replayed,38.0
-38.0,0.0,-1,1,57.565475,30,Replayed,38.0
-38.0,-1.0,1,0,41.319675,30,Replayed,38.0
9.0,-1.0,1,1,51.840603,30,Replayed,9.0
9.0,1.0,1,1,51.84691,30,Replayed,9.0
-1.0,1.0,1,0,49.76271,30,Replayed,1.0
-38.0,1.0,1,0,42.052425,30,Replayed,38.0
-9.0,1.0,-1,1,53.055542,30,Replayed,9.0
-38.0,0.0,-1,1,58.404846,30,Replayed,38.0
5.0,0.0,-1,0,49.190178,30,Replayed,5.0
-1.0,0.0,-1,1,50.79917,30,Replayed,1.0
9.0,0.0,-1,0,48.22129,30,Replayed,9.0
-38.0,1.0,-1,1,58.796352,30,Replayed,38.0
3.0,0.0,1,1,51.31575,30,Replayed,3.0
-5.0,0.0,1,0,47.00457,30,Replayed,5.0
1.0,1.0,1,1,49.822853,30,Replayed,1.0
-38.0,1.0,-1,1,58.003487,30,Replayed,38.0
5.0,-1.0,-1,0,49.62517,30,Replayed,5.0
-1.0,-1.0,1,0,49.308067,30,Replayed,1.0
-5.0,0.0,-1,1,51.93354,30,Replayed,5.0
1.0,0.0,1,1,49.891872,30,Replayed,1.0
3.0,1.0,-1,0,49.890892,30,Replayed,3.0
9.0,-1.0,1,1,51.5584,30,Replayed,9.0
9.0,-1.0,1,1,52.191807,30,Replayed,9.0
-5.0,-1.0,-1,1,51.821136,30,Replayed,5.0
3.0,1.0,1,1,50.577045,30,Replayed,3.0
-38.0,1.0,-1,1,58.87807,30,Replayed,38.0
38.0,1.0,1,1,57.28458,30,Replayed,38.0
-3.0,-1.0,1,0,48.81909,30,Replayed,3.0
-5.0,0.0,-1,1,51.613953,30,Replayed,5.0
38.0,0.0,1,1,56.843777,30,Replayed,38.0
-9.0,0.0,-1,1,52.735294,30,Replayed,9.0
5.0,1.0,-1,0,49.54463,30,Replayed,5.0
5.0,-1.0,-1,0,48.895195,30,Replayed,5.0
-3.0,-1.0,-1,1,51.05432,30,Replayed,3.0
-3.0,0.0,1,0,48.502453,30,Replayed,3.0
-38.0,1.0,-1,1,57.846756,30,Replayed,38.0
-5.0,-1.0,1,0,47.823433,30,Replayed,5.0
-1.0,1.0,1,0,48.761127,30,Replayed,1.0
-3.0,1.0,1,0,48.99032,30,Replayed,3.0
38.0,-1.0,-1,0,42.998486,30,Replayed,38.0
-3.0,-1.0,-1,1,51.585667,30,Replayed,3.0
-1.0,1.0,1,0,48.617832,30,Replayed,1.0
3.0,1.0,-1,0,49.737324,30,Replayed,3.0
9.0,0.0,-1,0,48.38462,30,Replayed,9.0
1.0,0.0,-1,0,50.635944,30,Replayed,1.0
-3.0,1.0,-1,1,51.454853,30,Replayed,3.0
5.0,0.0,-1,0,48.77508,30,Replayed,5.0
1.0,0.0,-1,0,50.460087,30,Replayed,1.0
9.0,0.0,-1,0,48.455624,30,Replayed,9.0
-38.0,1.0,-1,1,57.931908,30,Replayed,38.0
9.0,1.0,1,1,51.47062,30,Replayed,9.0
-38.0,1.0,-1,1,58.827366,30,Replayed,38.0
-5.0,1.0,-1,1,51.09195,30,Replayed,5.0
1.0,1.0,1,1,50.420315,30,Replayed,1.0
5.0,0.0,-1,0,49.361275,30,Replayed,5.0
3.0,0.0,1,1,50.15579,30,Replayed,3.0
9.0,0.0,-1,0,48.259148,30,Replayed,9.0
-3.0,-1.0,-1,1,51.76819,30,Replayed,3.0
-5.0,0.0,-1,1,51.588406,30,Replayed,5.0
-5.0,-1.0,-1,1,51.611553,30,Replayed,5.0
-3.0,0.0,-1,1,51.042103,30,Replayed,3.0
-1.0,0.0,-1,1,50.713043,30,Replayed,1.0
-38.0,1.0,-1,1,57.78657,30,Replayed,38.0
-38.0,-1.0,1,0,42.21782,30,Replayed,38.0
3.0,1.0,-1,0,50.53788,30,Replayed,3.0
-5.0,-1.0,-1,1,52.217037,30,Replayed,5.0
-3.0,0.0,-1,1,51.15741,30,Replayed,3.0
-5.0,-1.0,1,0,47.799934,30,Replayed,5.0
-1.0,0.0,1,0,49.734547,30,Replayed,1.0
5.0,-1.0,-1,0,49.9983,30,Replayed,5.0
-1.0,-1.0,1,0,48.784657,30,Replayed,1.0
1.0,-1.0,1,1,49.090782,30,Replayed,1.0
5.0,-1.0,1,1,51.021976,30,Replayed,5.0
-3.0,1.0,1,0,48.86804,30,Replayed,3.0
5.0,-1.0,-1,0,49.13318,30,Replayed,5.0
38.0,0.0,1,1,56.78408,30,Replayed,38.0
-38.0,0.0,-1,1,58.858257,30,Replayed,38.0
9.0,-1.0,1,1,50.845943,30,Replayed,9.0
9.0,1.0,1,1,51.44112,30,Replayed,9.0
-5.0,1.0,-1,1,51.813625,30,Replayed,5.0
5.0,1.0,-1,0,49.19997,30,Replayed,5.0
-5.0,1.0,-1,1,51.935535,30,Replayed,5.0
1.0,1.0,-1,0,49.979412,30,Replayed,1.0
-38.0,-1.0,-1,1,57.932007,30,Replayed,38.0
5.0,0.0,-1,0,48.466957,30,Replayed,5.0
9.0,0.0,-1,0,48.581417,30,Replayed,9.0
-38.0,0.0,-1,1,57.963966,30,Replayed,38.0
9.0,1.0,1,1,52.524452,30,Replayed,9.0
-38.0,-1.0,-1,1,58.037914,30,Replayed,38.0
38.0,0.0,1,1,57.211243,30,Replayed,38.0
-9.0,-1.0,-1,1,52.431786,30,Replayed,9.0
-9.0,0.0,1,0,47.229046,30,Replayed,9.0
-3.0,0.0,-1,1,51.612274,30,Replayed,3.0
9.0,0.0,-1,0,48.302906,30,Replayed,9.0
3.0,-1.0,1,1,50.873978,30,Replayed,3.0
38.0,0.0,-1,0,43.078945,30,Replayed,38.0
3.0,1.0,-1,0,50.911713,30,Replayed,3.0
-9.0,0.0,-1,1,52.166676,30,Replayed,9.0
38.0,0.0,1,1,57.87235,30,Replayed,38.0
9.0,1.0,-1,0,48.427444,30,Replayed,9.0
-5.0,1.0,-1,1,51.48057,30,Replayed,5.0
-9.0,1.0,-1,1,52.981102,30,Replayed,9.0
5.0,-1.0,-1,0,48.928566,30,Replayed,5.0
38.0,1.0,1,1,56.725407,30,Replayed,38.0
1.0,-1.0,-1,0,50.875248,30,Replayed,1.0
1.0,0.0,-1,0,50.795765,30,Replayed,1.0
-3.0,0.0,1,0,49.441483,30,Replayed,3.0
-3.0,0.0,-1,1,51.37043,30,Replayed,3.0
1.0,0.0,-1,0,50.908863,30,Replayed,1.0
1.0,0.0,1,1,49.368885,30,Replayed,1.0
5.0,-1.0,1,1,49.57756,30,Replayed,5.0
5.0,1.0,-1,0,49.80375,30,Replayed,5.0
3.0,0.0,1,1,49.932274,30,Replayed,3.0
38.0,1.0,-1,0,43.57058,30,Replayed,38.0
-9.0,0.0,-1,1,52.95442,30,Replayed,9.0
9.0,1.0,-1,0,47.6996,30,Replayed,9.0
-1.0,1.0,1,0,48.92661,30,Replayed,1.0
-1.0,1.0,-1,1,51.030212,30,Replayed,1.0
-5.0,0.0,1,0,47.833496,30,Replayed,5.0
-9.0,1.0,-1,1,52.74529,30,Replayed,9.0
38.0,0.0,1,1,57.386093,30,Replayed,38.0
3.0,0.0,1,1,50.349487,30,Replayed,3.0
-1.0,-1.0,-1,1,50.255173,30,Replayed,1.0
38.0,-1.0,1,1,56.67808,30,Replayed,38.0
-1.0,-1.0,1,0,48.94455,30,Replayed,1.0
38.0,-1.0,-1,0,43.384613,30,Replayed,38.0
1.0,1.0,1,1,49.577396,30,Replayed,1.0
5.0,1.0,-1,0,49.43306,30,Replayed,5.0
3.0,0.0,-1,0,49.92449,30,Replayed,3.0
1.0,-1.0,-1,0,50.387352,30,Replayed,1.0
3.0,-1.0,-1,0,50.408726,30,Replayed,3.0
1.0,1.0,-1,0,50.06696,30,Replayed,1.0
-5.0,1.0,1,0,48.362396,30,Replayed,5.0
-1.0,0.0,-1,1,50.734055,30,Replayed,1.0
38.0,0.0,1,1,55.55174,30,Replayed,38.0
9.0,0.0,-1,0,49.15046,30,Replayed,9.0
-1.0,0.0,-1,1,51.13808,30,Replayed,1.0
-9.0,0.0,-1,1,52.307564,30,Replayed,9.0
38.0,-1.0,1,1,57.43817,30,Replayed,38.0
1.0,-1.0,-1,0,50.706524,30,Replayed,1.0
3.0,1.0,-1,0,49.879196,30,Replayed,3.0
-5.0,1.0,1,0,47.641834,30,Replayed,5.0
3.0,1.0,1,1,50.058067,30,Replayed,3.0
-1.0,1.0,-1,1,50.740337,30,Replayed,1.0
3.0,1.0,1,1,50.013206,30,Replayed,3.0
-38.0,0.0,-1,1,57.353752,30,Replayed,38.0
38.0,-1.0,-1,0,43.08128,30,Replayed,38.0
-3.0,1.0,1,0,48.82919,30,Replayed,3.0
-3.0,0.0,1,0,48.69054,30,Replayed,3.0
3.0,0.0,-1,0,49.831425,30,Replayed,3.0
1.0,0.0,-1,0,50.06633,30,Replayed,1.0
1.0,0.0,1,1,49.039783,30,Replayed,1.0
3.0,-1.0,1,1,49.584503,30,Replayed,3.0
-9.0,-1.0,-1,1,52.249092,30,Replayed,9.0
-5.0,1.0,1,0,48.073353,30,Replayed,5.0
-3.0,-1.0,1,0,48.444004,30,Replayed,3.0
5.0,0.0,1,1,50.46071,30,Replayed,5.0
-9.0,0.0,-1,1,52.991398,30,Replayed,9.0
3.0,-1.0,1,1,50.529057,30,Replayed,3.0
-5.0,-1.0,1,0,48.440914,30,Replayed,5.0
-3.0,1.0,-1,1,51.5526,30,Replayed,3.0
3.0,0.0,-1,0,50.51363,30,Replayed,3.0
-1.0,-1.0,-1,1,51.42824,30,Replayed,1.0
5.0,0.0,-1,0,49.960262,30,Replayed,5.0
-9.0,1.0,-1,1,52.564804,30,Replayed,9.0
-1.0,1.0,1,0,49.74879,30,Replayed,1.0
-3.0,0.0,-1,1,51.665855,30,Replayed,3.0
5.0,1.0,-1,0,49.607903,30,Replayed,5.0
-3.0,1.0,1,0,48.167114,30,Replayed,3.0
-5.0,-1.0,1,0,49.0271,30,Replayed,5.0
-1.0,-1.0,-1,1,51.05195,30,Replayed,1.0
-9.0,1.0,1,0,46.997623,30,Replayed,9.0
38.0,-1.0,1,1,57.405724,30,Replayed,38.0
-9.0,-1.0,1,0,47.530193,30,Replayed,9.0
-38.0,-1.0,1,0,41.45283,30,Replayed,38.0
-1.0,-1.0,-1,1,50.770943,30,Replayed,1.0
-9.0,1.0,1,0,47.687428,30,Replayed,9.0
5.0,1.0,-1,0,48.84028,30,Replayed,5.0
-9.0,0.0,1,0,47.3101,30,Replayed,9.0
-5.0,0.0,1,0,47.633514,30,Replayed,5.0
9.0,-1.0,-1,0,48.39688,30,Replayed,9.0
9.0,-1.0,1,1,51.155144,30,Replayed,9.0
38.0,1.0,-1,0,43.235283,30,Replayed,38.0
-5.0,-1.0,1,0,47.938053,30,Replayed,5.0
3.0,-1.0,1,1,50.256874,30,Replayed,3.0
38.0,1.0,-1,0,42.995045,30,Replayed,38.0
5.0,1.0,1,1,50.943012,30,Replayed,5.0
5.0,0.0,-1,0,49.30227,30,Replayed,5.0
5.0,1.0,1,1,65.3785,31,Replayed,5.0
-38.0,1.0,-1,1,99.07119,31,Replayed,38.0
5.0,0.0,1,1,65.387955,31,Replayed,5.0
-5.0,-1.0,-1,1,64.22314,31,Replayed,5.0
-5.0,-1.0,-1,1,65.32575,31,Replayed,5.0
-9.0,1.0,-1,1,75.31194,31,Replayed,9.0
-38.0,1.0,-1,1,99.04452,31,Replayed,38.0
1.0,1.0,-1,0,46.16815,31,Replayed,1.0
9.0,-1.0,1,1,76.958435,31,Replayed,9.0
-3.0,1.0,1,0,41.702362,31,Replayed,3.0
-1.0,-1.0,1,0,47.03678,31,Replayed,1.0
-5.0,1.0,-1,1,64.139946,31,Replayed,5.0
-1.0,1.0,1,0,48.80246,31,Replayed,1.0
-9.0,0.0,-1,1,75.90899,31,Replayed,9.0
-38.0,0.0,-1,1,99.19333,31,Replayed,38.0
-3.0,-1.0,-1,1,59.126175,31,Replayed,3.0
-9.0,-1.0,-1,1,76.35659,31,Replayed,9.0
1.0,0.0,1,1,54.295444,31,Replayed,1.0
-1.0,0.0,1,0,47.733284,31,Replayed,1.0
1.0,0.0,1,1,53.6209,31,Replayed,1.0
-9.0,0.0,-1,1,75.194275,31,Replayed,9.0
9.0,1.0,1,1,75.7369,31,Replayed,9.0
38.0,0.0,1,1,99.22198,31,Replayed,38.0
3.0,-1.0,1,1,60.266125,31,Replayed,3.0
-3.0,1.0,-1,1,57.942574,31,Replayed,3.0
-5.0,0.0,-1,1,64.72946,31,Replayed,5.0
1.0,0.0,-1,0,45.2204,31,Replayed,1.0
-38.0,1.0,-1,1,99.093796,31,Replayed,38.0
-1.0,-1.0,-1,1,52.59949,31,Replayed,1.0
-3.0,0.0,-1,1,58.28903,31,Replayed,3.0
9.0,0.0,1,1,76.17021,31,Replayed,9.0
3.0,1.0,1,1,59.633327,31,Replayed,3.0
-9.0,0.0,-1,1,75.128944,31,Replayed,9.0
9.0,-1.0,-1,0,22.804026,31,Replayed,9.0
3.0,0.0,-1,0,39.70603,31,Replayed,3.0
1.0,0.0,1,1,52.957375,31,Replayed,1.0
1.0,0.0,1,1,53.27602,31,Replayed,1.0
38.0,1.0,1,1,99.10195,31,Replayed,38.0
1.0,1.0,1,1,54.45205,31,Replayed,1.0
-3.0,-1.0,-1,1,57.48915,31,Replayed,3.0
3.0,1.0,-1,0,41.065334,31,Replayed,3.0
-5.0,1.0,-1,1,63.67889,31,Replayed,5.0
-5.0,-1.0,-1,1,64.99639,31,Replayed,5.0
-38.0,1.0,-1,1,99.02844,31,Replayed,38.0
-5.0,1.0,-1,1,64.18842,31,Replayed,5.0
3.0,-1.0,1,1,61.146183,31,Replayed,3.0
9.0,0.0,1,1,75.55143,31,Replayed,9.0
1.0,-1.0,-1,0,46.269714,31,Replayed,1.0
-1.0,-1.0,1,0,47.874035,31,Replayed,1.0
1.0,1.0,-1,0,45.983295,31,Replayed,1.0
-3.0,1.0,-1,1,58.622448,31,Replayed,3.0
1.0,0.0,1,1,54.236923,31,Replayed,1.0
9.0,1.0,1,1,76.23921,31,Replayed,9.0
-38.0,-1.0,-1,1,99.301,31,Replayed,38.0
-38.0,0.0,-1,1,99.16594,31,Replayed,38.0
38.0,0.0,1,1,99.232254,31,Replayed,38.0
-3.0,0.0,-1,1,59.260757,31,Replayed,3.0
-38.0,0.0,-1,1,99.17986,31,Replayed,38.0
-3.0,-1.0,-1,1,59.016754,31,Replayed,3.0
38.0,-1.0,1,1,99.27586,31,Replayed,38.0
-9.0,1.0,-1,1,74.61929,31,Replayed,9.0
38.0,-1.0,1,1,99.289955,31,Replayed,38.0
9.0,-1.0,1,1,76.78418,31,Replayed,9.0
-9.0,-1.0,1,0,24.13868,31,Replayed,9.0
1.0,0.0,-1,0,47.001183,31,Replayed,1.0
38.0,1.0,1,1,99.12502,31,Replayed,38.0
-1.0,0.0,1,0,47.157337,31,Replayed,1.0
-3.0,1.0,-1,1,59.22755,31,Replayed,3.0
-38.0,1.0,-1,1,99.135735,31,Replayed,38.0
5.0,1.0,1,1,64.689575,31,Replayed,5.0
9.0,1.0,1,1,76.73344,31,Replayed,9.0
-5.0,1.0,-1,1,64.68316,31,Replayed,5.0
38.0,1.0,1,1,99.07999,31,Replayed,38.0
-1.0,1.0,1,0,47.608616,31,Replayed,1.0
9.0,0.0,1,1,76.76422,31,Replayed,9.0
5.0,-1.0,1,1,66.59781,31,Replayed,5.0
-9.0,0.0,-1,1,75.55962,31,Replayed,9.0
5.0,-1.0,1,1,67.45661,31,Replayed,5.0
1.0,-1.0,-1,0,46.58689,31,Replayed,1.0
-38.0,0.0,-1,1,99.19203,31,Replayed,38.0
-3.0,1.0,-1,1,58.18173,31,Replayed,3.0
-3.0,-1.0,-1,1,59.84048,31,Replayed,3.0
-1.0,0.0,-1,1,52.494972,31,Replayed,1.0
-9.0,1.0,-1,1,74.92355,31,Replayed,9.0
-9.0,1.0,1,0,24.928572,31,Replayed,9.0
1.0,1.0,1,1,53.544712,31,Replayed,1.0
-1.0,1.0,-1,1,51.13466,31,Replayed,1.0
9.0,0.0,1,1,76.53426,31,Replayed,9.0
-9.0,-1.0,-1,1,75.60878,31,Replayed,9.0
-9.0,-1.0,-1,1,76.53513,31,Replayed,9.0
1.0,-1.0,-1,0,45.66417,31,Replayed,1.0
-3.0,1.0,-1,1,58.88595,31,Replayed,3.0
-38.0,-1.0,-1,1,99.30466,31,Replayed,38.0
1.0,-1.0,1,1,54.458523,31,Replayed,1.0
-5.0,-1.0,1,0,34.422256,31,Replayed,5.0
9.0,1.0,1,1,75.67365,31,Replayed,9.0
-1.0,-1.0,-1,1,52.579014,31,Replayed,1.0
3.0,0.0,1,1,59.05107,31,Replayed,3.0
-1.0,-1.0,-1,1,52.673035,31,Replayed,1.0
3.0,1.0,1,1,58.813305,31,Replayed,3.0
9.0,-1.0,1,1,77.51809,31,Replayed,9.0
-1.0,0.0,-1,1,52.77498,31,Replayed,1.0
3.0,1.0,1,1,60.213642,31,Replayed,3.0
-3.0,-1.0,1,0,41.502766,31,Replayed,3.0
1.0,-1.0,1,1,52.855896,31,Replayed,1.0
-5.0,1.0,1,0,35.580177,31,Replayed,5.0
9.0,0.0,1,1,76.04666,31,Replayed,9.0
-5.0,1.0,-1,1,64.376,31,Replayed,5.0
38.0,1.0,1,1,99.122345,31,Replayed,38.0
5.0,1.0,1,1,65.058815,31,Replayed,5.0
38.0,1.0,1,1,99.16937,31,Replayed,38.0
5.0,-1.0,1,1,65.85279,31,Replayed,5.0
-5.0,-1.0,-1,1,64.8685,31,Replayed,5.0
38.0,-1.0,1,1,99.288246,31,Replayed,38.0
-1.0,0.0,1,0,47.2377,31,Replayed,1.0
9.0,-1.0,1,1,76.710594,31,Replayed,9.0
5.0,0.0,-1,0,34.792755,31,Replayed,5.0
-38.0,-1.0,-1,1,99.267555,31,Replayed,38.0
1.0,-1.0,1,1,53.434555,31,Replayed,1.0
5.0,-1.0,-1,0,32.817574,31,Replayed,5.0
-1.0,-1.0,1,0,47.56019,31,Replayed,1.0
5.0,0.0,1,1,65.89457,31,Replayed,5.0
38.0,1.0,1,1,99.11465,31,Replayed,38.0
9.0,1.0,1,1,75.463646,31,Replayed,9.0
-38.0,1.0,-1,1,99.0795,31,Replayed,38.0
5.0,1.0,1,1,66.88858,31,Replayed,5.0
9.0,1.0,1,1,75.9027,31,Replayed,9.0
5.0,-1.0,-1,0,33.547928,31,Replayed,5.0
-5.0,0.0,-1,1,66.07102,31,Replayed,5.0
-38.0,-1.0,-1,1,99.295105,31,Replayed,38.0
-3.0,-1.0,-1,1,58.920567,31,Replayed,3.0
-1.0,1.0,-1,1,51.205296,31,Replayed,1.0
3.0,1.0,1,1,60.32596,31,Replayed,3.0
-38.0,1.0,-1,1,99.068985,31,Replayed,38.0
-1.0,1.0,1,0,48.0306,31,Replayed,1.0
-5.0,0.0,-1,1,63.968693,31,Replayed,5.0
-5.0,0.0,-1,1,64.68657,31,Replayed,5.0
-9.0,1.0,-1,1,75.80658,31,Replayed,9.0
38.0,1.0,1,1,99.10602,31,Replayed,38.0
38.0,0.0,1,1,99.24984,31,Replayed,38.0
3.0,0.0,-1,0,40.880703,31,Replayed,3.0
-1.0,1.0,1,0,47.36444,31,Replayed,1.0
1.0,-1.0,1,1,55.50918,31,Replayed,1.0
-9.0,-1.0,-1,1,76.33036,31,Replayed,9.0
-38.0,-1.0,-1,1,99.22671,31,Replayed,38.0
38.0,1.0,1,1,99.08622,31,Replayed,38.0
-38.0,-1.0,-1,1,99.27628,31,Replayed,38.0
9.0,-1.0,1,1,77.35369,31,Replayed,9.0
-5.0,-1.0,-1,1,65.33362,31,Replayed,5.0
9.0,0.0,1,1,76.36167,31,Replayed,9.0
-9.0,1.0,1,0,25.17142,31,Replayed,9.0
3.0,1.0,1,1,59.87215,31,Replayed,3.0
-5.0,-1.0,-1,1,65.47389,31,Replayed,5.0
1.0,1.0,-1,0,45.788506,31,Replayed,1.0
38.0,0.0,1,1,99.27344,31,Replayed,38.0
38.0,0.0,1,1,99.26761,31,Replayed,38.0
38.0,-1.0,1,1,99.31376,31,Replayed,38.0
-3.0,-1.0,-1,1,59.003304,31,Replayed,3.0
5.0,1.0,1,1,66.06783,31,Replayed,5.0
-5.0,1.0,-1,1,63.902557,31,Replayed,5.0
3.0,-1.0,-1,0,40.310566,31,Replayed,3.0
3.0,0.0,1,1,59.92367,31,Replayed,3.0
9.0,-1.0,1,1,77.72938,31,Replayed,9.0
-9.0,0.0,-1,1,75.867294,31,Replayed,9.0
5.0,1.0,1,1,65.49658,31,Replayed,5.0
-38.0,0.0,-1,1,99.21161,31,Replayed,38.0
-9.0,-1.0,-1,1,76.403305,31,Replayed,9.0
5.0,0.0,1,1,66.37691,31,Replayed,5.0
-1.0,1.0,1,0,48.658215,31,Replayed,1.0
-9.0,-1.0,-1,1,76.43379,31,Replayed,9.0
-1.0,0.0,1,0,47.257343,31,Replayed,1.0
9.0,1.0,1,1,75.29305,31,Replayed,9.0
38.0,-1.0,1,1,99.295265,31,Replayed,38.0
38.0,0.0,1,1,99.210205,31,Replayed,38.0
-1.0,-1.0,1,0,48.110382,31,Replayed,1.0
-1.0,0.0,-1,1,51.40581,31,Replayed,1.0
5.0,-1.0,1,1,65.79001,31,Replayed,5.0
38.0,0.0,1,1,99.26716,31,Replayed,38.0
3.0,-1.0,1,1,58.837456,31,Replayed,3.0
5.0,1.0,1,1,65.02276,31,Replayed,5.0
-5.0,0.0,-1,1,66.0791,31,Replayed,5.0
3.0,-1.0,-1,0,38.770027,31,Replayed,3.0
-3.0,0.0,-1,1,58.16323,31,Replayed,3.0
38.0,-1.0,1,1,99.28133,31,Replayed,38.0
-3.0,0.0,1,0,42.243008,31,Replayed,3.0
-5.0,0.0,-1,1,65.55598,31,Replayed,5.0
3.0,0.0,1,1,59.256065,31,Replayed,3.0
-3.0,1.0,-1,1,58.83364,31,Replayed,3.0
3.0,1.0,1,1,60.204895,31,Replayed,3.0
-9.0,1.0,-1,1,74.63527,31,Replayed,9.0
-1.0,0.0,-1,1,51.299633,31,Replayed,1.0
5.0,0.0,1,1,65.7821,31,Replayed,5.0
-38.0,0.0,-1,1,99.17021,31,Replayed,38.0
38.0,-1.0,1,1,99.28781,31,Replayed,38.0
5.0,0.0,1,1,66.408745,31,Replayed,5.0
-9.0,0.0,-1,1,75.43987,31,Replayed,9.0
9.0,0.0,1,1,76.46474,31,Replayed,9.0
38.0,-1.0,1,1,99.329414,31,Replayed,38.0
-38.0,1.0,-1,1,99.05361,31,Replayed,38.0
-3.0,1.0,1,0,41.414772,31,Replayed,3.0
3.0,0.0,-1,0,39.88241,31,Replayed,3.0
9.0,1.0,1,1,75.88805,31,Replayed,9.0
38.0,0.0,1,1,99.20983,31,Replayed,38.0
-3.0,0.0,-1,1,58.419205,31,Replayed,3.0
1.0,1.0,-1,0,46.422653,31,Replayed,1.0
1.0,1.0,1,1,53.076,31,Replayed,1.0
-3.0,0.0,-1,1,58.934273,31,Replayed,3.0
9.0,0.0,1,1,76.15958,31,Replayed,9.0
9.0,-1.0,1,1,77.56893,31,Replayed,9.0
5.0,1.0,1,1,65.618805,31,Replayed,5.0
-38.0,-1.0,-1,1,99.288445,31,Replayed,38.0
-3.0,0.0,1,0,41.930443,31,Replayed,3.0
5.0,0.0,1,1,66.5036,31,Replayed,5.0
-38.0,-1.0,-1,1,99.279175,31,Replayed,38.0
3.0,-1.0,1,1,60.14882,31,Replayed,3.0
3.0,0.0,-1,0,39.004406,31,Replayed,3.0
-5.0,0.0,-1,1,65.49856,31,Replayed,5.0
5.0,-1.0,1,1,66.8926,31,Replayed,5.0
5.0,0.0,1,1,66.03208,31,Replayed,5.0
1.0,-1.0,-1,0,46.730034,31,Replayed,1.0
-5.0,1.0,-1,1,63.58164,31,Replayed,5.0
-1.0,-1.0,-1,1,52.53866,31,Replayed,1.0
1.0,1.0,-1,0,45.95927,31,Replayed,1.0
-9.0,1.0,-1,1,74.80961,31,Replayed,9.0
-9.0,0.0,-1,1,75.184265,31,Replayed,9.0
-5.0,-1.0,-1,1,64.63694,31,Replayed,5.0
-9.0,-1.0,-1,1,76.24099,31,Replayed,9.0
3.0,-1.0,1,1,60.15149,31,Replayed,3.0
-3.0,-1.0,-1,1,59.199215,31,Replayed,3.0
-9.0,0.0,-1,1,74.88335,31,Replayed,9.0
1.0,0.0,1,1,54.23919,31,Replayed,1.0
3.0,1.0,1,1,58.909172,31,Replayed,3.0
5.0,-1.0,1,1,66.888794,31,Replayed,5.0
3.0,-1.0,-1,0,40.124435,31,Replayed,3.0
-3.0,0.0,-1,1,58.185863,31,Replayed,3.0
-38.0,0.0,-1,1,99.17715,31,Replayed,38.0
-38.0,0.0,-1,1,99.24192,31,Replayed,38.0
-1.0,1.0,1,0,47.269157,31,Replayed,1.0
-5.0,0.0,1,0,35.377678,31,Replayed,5.0
3.0,0.0,1,1,59.472412,31,Replayed,3.0
-5.0,0.0,1,0,45.265465,32,Replayed,5.0
38.0,1.0,1,1,93.92083,32,Replayed,38.0
5.0,0.0,1,1,61.092663,32,Replayed,5.0
5.0,0.0,1,1,60.707413,32,Replayed,5.0
1.0,0.0,1,1,54.936653,32,Replayed,1.0
-5.0,-1.0,-1,1,56.15104,32,Replayed,5.0
38.0,0.0,1,1,94.23936,32,Replayed,38.0
38.0,1.0,1,1,93.728546,32,Replayed,38.0
-3.0,-1.0,1,0,48.38978,32,Replayed,3.0
38.0,-1.0,1,1,94.81513,32,Replayed,38.0
38.0,-1.0,1,1,94.57103,32,Replayed,38.0
5.0,-1.0,-1,0,38.71789,32,Replayed,5.0
-3.0,1.0,-1,1,51.040012,32,Replayed,3.0
-1.0,0.0,-1,1,48.611378,32,Replayed,1.0
-38.0,1.0,-1,1,92.40461,32,Replayed,38.0
5.0,1.0,1,1,59.515846,32,Replayed,5.0
-9.0,-1.0,1,0,38.122356,32,Replayed,9.0
9.0,1.0,1,1,65.977066,32,Replayed,9.0
1.0,0.0,1,1,54.422752,32,Replayed,1.0
3.0,1.0,-1,0,42.96021,32,Replayed,3.0
-38.0,1.0,-1,1,92.29097,32,Replayed,38.0
-3.0,1.0,1,0,48.41691,32,Replayed,3.0
-1.0,-1.0,1,0,50.613445,32,Replayed,1.0
9.0,1.0,1,1,65.57038,32,Replayed,9.0
-9.0,1.0,-1,1,61.631977,32,Replayed,9.0
-1.0,-1.0,-1,1,49.4696,32,Replayed,1.0
1.0,0.0,-1,0,45.05195,32,Replayed,1.0
38.0,0.0,1,1,94.35635,32,Replayed,38.0
5.0,0.0,1,1,60.442577,32,Replayed,5.0
-9.0,-1.0,-1,1,61.946804,32,Replayed,9.0
-5.0,0.0,1,0,44.05217,32,Replayed,5.0
-3.0,1.0,1,0,48.097363,32,Replayed,3.0
5.0,-1.0,1,1,61.016266,32,Replayed,5.0
-3.0,1.0,1,0,48.26945,32,Replayed,3.0
-38.0,-1.0,-1,1,93.37914,32,Replayed,38.0
3.0,-1.0,1,1,57.292877,32,Replayed,3.0
-1.0,-1.0,-1,1,49.01505,32,Replayed,1.0
3.0,-1.0,1,1,57.08934,32,Replayed,3.0
5.0,0.0,-1,0,39.60603,32,Replayed,5.0
-9.0,-1.0,-1,1,61.617447,32,Replayed,9.0
38.0,0.0,1,1,94.30263,32,Replayed,38.0
-1.0,-1.0,1,0,51.297592,32,Replayed,1.0
3.0,1.0,1,1,57.88394,32,Replayed,3.0
9.0,0.0,1,1,66.269905,32,Replayed,9.0
-5.0,-1.0,-1,1,54.7868,32,Replayed,5.0
-3.0,0.0,-1,1,52.662395,32,Replayed,3.0
3.0,-1.0,1,1,57.753555,32,Replayed,3.0
1.0,0.0,-1,0,45.53513,32,Replayed,1.0
-38.0,0.0,-1,1,92.74694,32,Replayed,38.0
-38.0,0.0,-1,1,92.82841,32,Replayed,38.0
-5.0,-1.0,-1,1,55.148106,32,Replayed,5.0
5.0,0.0,-1,0,38.708466,32,Replayed,5.0
9.0,0.0,1,1,66.22223,32,Replayed,9.0
-38.0,-1.0,-1,1,93.42693,32,Replayed,38.0
-5.0,-1.0,1,0,44.68571,32,Replayed,5.0
38.0,0.0,1,1,94.4412,32,Replayed,38.0
-1.0,-1.0,-1,1,48.214718,32,Replayed,1.0
3.0,1.0,1,1,56.576008,32,Replayed,3.0
5.0,1.0,1,1,60.387154,32,Replayed,5.0
9.0,0.0,1,1,67.28661,32,Replayed,9.0
9.0,-1.0,1,1,67.766556,32,Replayed,9.0
5.0,0.0,1,1,60.77312,32,Replayed,5.0
-9.0,1.0,1,0,38.508553,32,Replayed,9.0
1.0,1.0,1,1,54.884956,32,Replayed,1.0
-3.0,1.0,1,0,46.57109,32,Replayed,3.0
3.0,-1.0,1,1,58.568024,32,Replayed,3.0
-9.0,-1.0,-1,1,62.450832,32,Replayed,9.0
3.0,0.0,-1,0,42.885056,32,Replayed,3.0
-38.0,0.0,-1,1,92.835686,32,Replayed,38.0
-1.0,0.0,-1,1,50.137974,32,Replayed,1.0
-1.0,1.0,1,0,51.72733,32,Replayed,1.0
38.0,0.0,1,1,94.22075,32,Replayed,38.0
1.0,0.0,1,1,54.81751,32,Replayed,1.0
1.0,1.0,-1,0,46.14817,32,Replayed,1.0
3.0,-1.0,1,1,57.137142,32,Replayed,3.0
-38.0,1.0,-1,1,91.73776,32,Replayed,38.0
1.0,-1.0,-1,0,45.083973,32,Replayed,1.0
-38.0,-1.0,-1,1,93.256874,32,Replayed,38.0
1.0,-1.0,-1,0,45.74934,32,Replayed,1.0
9.0,1.0,1,1,65.94013,32,Replayed,9.0
1.0,-1.0,1,1,54.29252,32,Replayed,1.0
3.0,-1.0,1,1,58.27575,32,Replayed,3.0
-3.0,-1.0,1,0,47.779926,32,Replayed,3.0
-1.0,1.0,1,0,50.303215,32,Replayed,1.0
9.0,-1.0,1,1,67.240036,32,Replayed,9.0
-3.0,0.0,-1,1,51.624306,32,Replayed,3.0
-3.0,0.0,-1,1,52.409725,32,Replayed,3.0
9.0,1.0,1,1,65.82049,32,Replayed,9.0
-5.0,0.0,1,0,44.810455,32,Replayed,5.0
9.0,1.0,1,1,66.36106,32,Replayed,9.0
-38.0,0.0,-1,1,93.074,32,Replayed,38.0
-5.0,1.0,1,0,44.484646,32,Replayed,5.0
-3.0,0.0,1,0,47.917957,32,Replayed,3.0
-1.0,1.0,1,0,51.52816,32,Replayed,1.0
-5.0,-1.0,-1,1,55.37992,32,Replayed,5.0
5.0,1.0,1,1,59.58872,32,Replayed,5.0
1.0,1.0,-1,0,45.596184,32,Replayed,1.0
-5.0,0.0,-1,1,55.94918,32,Replayed,5.0
-1.0,0.0,1,0,51.36489,32,Replayed,1.0
-5.0,0.0,-1,1,56.220238,32,Replayed,5.0
-5.0,1.0,-1,1,55.954994,32,Replayed,5.0
5.0,1.0,1,1,59.602146,32,Replayed,5.0
-9.0,1.0,-1,1,61.181686,32,Replayed,9.0
38.0,0.0,1,1,94.35674,32,Replayed,38.0
38.0,1.0,1,1,93.5023,32,Replayed,38.0
-9.0,1.0,-1,1,61.980785,32,Replayed,9.0
-3.0,1.0,-1,1,52.608425,32,Replayed,3.0
-3.0,-1.0,1,0,48.078796,32,Replayed,3.0
-1.0,0.0,-1,1,49.38027,32,Replayed,1.0
38.0,-1.0,1,1,94.59452,32,Replayed,38.0
1.0,1.0,-1,0,45.10887,32,Replayed,1.0
1.0,0.0,1,1,52.587074,32,Replayed,1.0
-9.0,1.0,-1,1,62.05403,32,Replayed,9.0
-9.0,1.0,1,0,39.00416,32,Replayed,9.0
5.0,1.0,-1,0,38.481472,32,Replayed,5.0
-38.0,-1.0,-1,1,93.306366,32,Replayed,38.0
3.0,-1.0,1,1,58.010883,32,Replayed,3.0
-5.0,1.0,-1,1,55.428516,32,Replayed,5.0
38.0,1.0,1,1,94.02031,32,Replayed,38.0
-38.0,-1.0,-1,1,93.45143,32,Replayed,38.0
-38.0,1.0,-1,1,92.06397,32,Replayed,38.0
5.0,-1.0,-1,0,39.54009,32,Replayed,5.0
3.0,1.0,1,1,57.82007,32,Replayed,3.0
38.0,1.0,1,1,93.53717,32,Replayed,38.0
-1.0,1.0,-1,1,49.589245,32,Replayed,1.0
5.0,0.0,1,1,60.886246,32,Replayed,5.0
5.0,1.0,1,1,60.810524,32,Replayed,5.0
5.0,0.0,1,1,60.596413,32,Replayed,5.0
-38.0,0.0,-1,1,92.76442,32,Replayed,38.0
-38.0,-1.0,-1,1,93.44892,32,Replayed,38.0
-9.0,0.0,-1,1,61.714954,32,Replayed,9.0
3.0,0.0,1,1,57.085354,32,Replayed,3.0
1.0,0.0,1,1,54.601944,32,Replayed,1.0
1.0,1.0,1,1,53.992634,32,Replayed,1.0
-3.0,0.0,1,0,46.95512,32,Replayed,3.0
1.0,1.0,1,1,55.040062,32,Replayed,1.0
9.0,-1.0,1,1,67.17062,32,Replayed,9.0
-38.0,1.0,-1,1,92.087296,32,Replayed,38.0
3.0,1.0,1,1,57.491135,32,Replayed,3.0
-1.0,1.0,1,0,51.12149,32,Replayed,1.0
-5.0,0.0,-1,1,55.235176,32,Replayed,5.0
1.0,1.0,1,1,54.790825,32,Replayed,1.0
-38.0,-1.0,-1,1,93.33171,32,Replayed,38.0
-38.0,0.0,-1,1,92.7794,32,Replayed,38.0
-3.0,-1.0,-1,1,52.468067,32,Replayed,3.0
-1.0,1.0,1,0,51.044907,32,Replayed,1.0
3.0,1.0,1,1,56.987953,32,Replayed,3.0
-3.0,1.0,-1,1,51.472862,32,Replayed,3.0
3.0,0.0,-1,0,42.035156,32,Replayed,3.0
38.0,1.0,1,1,93.349205,32,Replayed,38.0
38.0,-1.0,1,1,94.79355,32,Replayed,38.0
-1.0,-1.0,-1,1,48.82938,32,Replayed,1.0
-5.0,1.0,1,0,43.685,32,Replayed,5.0
-3.0,-1.0,-1,1,51.55735,32,Replayed,3.0
38.0,-1.0,1,1,94.91439,32,Replayed,38.0
5.0,-1.0,1,1,60.420643,32,Replayed,5.0
3.0,0.0,1,1,57.286095,32,Replayed,3.0
-9.0,-1.0,1,0,38.4665,32,Replayed,9.0
-1.0,1.0,-1,1,49.012623,32,Replayed,1.0
9.0,-1.0,1,1,67.08788,32,Replayed,9.0
1.0,0.0,1,1,54.72693,32,Replayed,1.0
38.0,-1.0,1,1,94.71454,32,Replayed,38.0
9.0,1.0,-1,0,34.474297,32,Replayed,9.0
-1.0,0.0,-1,1,49.22804,32,Replayed,1.0
-9.0,0.0,-1,1,61.62082,32,Replayed,9.0
-1.0,0.0,1,0,50.834126,32,Replayed,1.0
-1.0,1.0,-1,1,48.492,32,Replayed,1.0
-5.0,0.0,-1,1,55.325264,32,Replayed,5.0
1.0,1.0,-1,0,45.7688,32,Replayed,1.0
9.0,1.0,1,1,65.90508,32,Replayed,9.0
-5.0,1.0,1,0,44.798985,32,Replayed,5.0
5.0,-1.0,1,1,60.88022,32,Replayed,5.0
38.0,-1.0,1,1,94.630775,32,Replayed,38.0
-3.0,-1.0,-1,1,52.66803,32,Replayed,3.0
-9.0,0.0,1,0,37.70048,32,Replayed,9.0
38.0,0.0,1,1,94.218704,32,Replayed,38.0
9.0,-1.0,1,1,66.90986,32,Replayed,9.0
-38.0,1.0,-1,1,91.95409,32,Replayed,38.0
-1.0,0.0,1,0,50.40742,32,Replayed,1.0
-5.0,1.0,1,0,44.568504,32,Replayed,5.0
-9.0,0.0,-1,1,61.588486,32,Replayed,9.0
3.0,-1.0,1,1,57.607765,32,Replayed,3.0
-38.0,0.0,-1,1,92.547646,32,Replayed,38.0
-9.0,-1.0,-1,1,61.546837,32,Replayed,9.0
3.0,0.0,1,1,57.21066,32,Replayed,3.0
1.0,-1.0,1,1,54.802086,32,Replayed,1.0
9.0,-1.0,-1,0,33.108418,32,Replayed,9.0
-5.0,1.0,-1,1,55.507004,32,Replayed,5.0
-5.0,-1.0,-1,1,55.71854,32,Replayed,5.0
-9.0,0.0,1,0,38.49835,32,Replayed,9.0
-9.0,-1.0,1,0,37.52234,32,Replayed,9.0
-3.0,0.0,-1,1,52.254898,32,Replayed,3.0
9.0,0.0,1,1,67.132195,32,Replayed,9.0
5.0,-1.0,1,1,61.78768,32,Replayed,5.0
5.0,-1.0,-1,0,38.608006,32,Replayed,5.0
-3.0,1.0,1,0,47.269238,32,Replayed,3.0
-5.0,1.0,1,0,44.931213,32,Replayed,5.0
3.0,0.0,1,1,57.62109,32,Replayed,3.0
1.0,-1.0,-1,0,44.96865,32,Replayed,1.0
-9.0,1.0,-1,1,61.36624,32,Replayed,9.0
-3.0,0.0,-1,1,51.38036,32,Replayed,3.0
-1.0,-1.0,1,0,51.62308,32,Replayed,1.0
3.0,1.0,-1,0,42.893715,32,Replayed,3.0
9.0,-1.0,1,1,67.15366,32,Replayed,9.0
-1.0,-1.0,-1,1,48.76847,32,Replayed,1.0
-3.0,0.0,-1,1,53.05871,32,Replayed,3.0
1.0,-1.0,-1,0,44.887276,32,Replayed,1.0
-9.0,0.0,-1,1,62.25298,32,Replayed,9.0
-9.0,-1.0,-1,1,62.184708,32,Replayed,9.0
9.0,0.0,1,1,66.58989,32,Replayed,9.0
-9.0,1.0,-1,1,61.783398,32,Replayed,9.0
9.0,0.0,1,1,67.47351,32,Replayed,9.0
9.0,1.0,-1,0,33.283443,32,Replayed,9.0
5.0,-1.0,-1,0,37.82426,32,Replayed,5.0
-38.0,0.0,-1,1,92.204124,32,Replayed,38.0
-3.0,-1.0,-1,1,51.923794,32,Replayed,3.0
38.0,1.0,1,1,93.66143,32,Replayed,38.0
-1.0,0.0,-1,1,48.692936,32,Replayed,1.0
3.0,0.0,-1,0,42.311623,32,Replayed,3.0
9.0,-1.0,1,1,67.71825,32,Replayed,9.0
38.0,-1.0,1,1,94.810974,32,Replayed,38.0
-3.0,-1.0,-1,1,51.984985,32,Replayed,3.0
-38.0,1.0,-1,1,92.206406,32,Replayed,38.0
38.0,1.0,1,1,93.761475,32,Replayed,38.0
-5.0,0.0,1,0,44.524727,32,Replayed,5.0
-9.0,0.0,1,0,38.511738,32,Replayed,9.0
9.0,0.0,1,1,67.122826,32,Replayed,9.0
38.0,0.0,1,1,94.45007,32,Replayed,38.0
5.0,1.0,1,1,59.900986,32,Replayed,5.0
3.0,1.0,-1,0,43.528667,32,Replayed,3.0
3.0,0.0,-1,0,41.543934,32,Replayed,3.0
-5.0,-1.0,1,0,43.9448,32,Replayed,5.0
-5.0,-1.0,-1,1,55.190174,32,Replayed,5.0
5.0,1.0,1,1,60.582848,32,Replayed,5.0
1.0,-1.0,1,1,53.448486,32,Replayed,1.0
-38.0,-1.0,-1,1,93.40972,32,Replayed,38.0
-38.0,1.0,-1,1,92.34973,32,Replayed,38.0
1.0,-1.0,1,1,55.105137,32,Replayed,1.0
-9.0,1.0,-1,1,52.989346,33,Replayed,9.0
5.0,0.0,-1,0,49.317745,33,Replayed,5.0
-9.0,0.0,-1,1,53.76676,33,Replayed,9.0
9.0,0.0,1,1,50.393486,33,Replayed,9.0
9.0,1.0,1,1,48.77929,33,Replayed,9.0
-1.0,1.0,-1,1,51.162975,33,Replayed,1.0
3.0,0.0,1,1,51.596992,33,Replayed,3.0
-3.0,1.0,-1,1,51.812607,33,Replayed,3.0
5.0,0.0,-1,0,49.33454,33,Replayed,5.0
9.0,1.0,1,1,49.427925,33,Replayed,9.0
5.0,0.0,1,1,50.457047,33,Replayed,5.0
5.0,1.0,1,1,50.766243,33,Replayed,5.0
38.0,-1.0,1,1,89.329704,33,Replayed,38.0
-1.0,0.0,-1,1,50.642258,33,Replayed,1.0
38.0,-1.0,1,1,89.22938,33,Replayed,38.0
-38.0,-1.0,-1,1,91.91814,33,Replayed,38.0
-3.0,1.0,1,0,48.512302,33,Replayed,3.0
-1.0,1.0,-1,1,51.124783,33,Replayed,1.0
-5.0,0.0,-1,1,52.507645,33,Replayed,5.0
9.0,-1.0,-1,0,47.94639,33,Replayed,9.0
-9.0,-1.0,-1,1,56.04065,33,Replayed,9.0
-3.0,1.0,-1,1,51.239025,33,Replayed,3.0
-9.0,-1.0,-1,1,54.537655,33,Replayed,9.0
38.0,1.0,1,1,87.40411,33,Replayed,38.0
1.0,-1.0,1,1,50.427597,33,Replayed,1.0
-9.0,1.0,-1,1,54.948307,33,Replayed,9.0
1.0,-1.0,1,1,49.753918,33,Replayed,1.0
1.0,0.0,-1,0,50.03423,33,Replayed,1.0
-3.0,0.0,-1,1,52.336002,33,Replayed,3.0
3.0,1.0,-1,0,49.212986,33,Replayed,3.0
5.0,-1.0,-1,0,49.170277,33,Replayed,5.0
-38.0,1.0,-1,1,91.030174,33,Replayed,38.0
5.0,1.0,1,1,49.97506,33,Replayed,5.0
38.0,1.0,1,1,87.39162,33,Replayed,38.0
-5.0,-1.0,-1,1,52.447365,33,Replayed,5.0
-38.0,1.0,-1,1,91.02703,33,Replayed,38.0
-9.0,0.0,-1,1,53.923504,33,Replayed,9.0
-3.0,-1.0,1,0,48.274433,33,Replayed,3.0
38.0,1.0,1,1,87.88424,33,Replayed,38.0
9.0,-1.0,1,1,50.6151,33,Replayed,9.0
-38.0,-1.0,-1,1,92.04239,33,Replayed,38.0
5.0,1.0,1,1,50.476444,33,Replayed,5.0
-5.0,-1.0,1,0,47.25979,33,Replayed,5.0
-3.0,1.0,1,0,48.784435,33,Replayed,3.0
38.0,0.0,1,1,88.71668,33,Replayed,38.0
38.0,0.0,1,1,88.92316,33,Replayed,38.0
5.0,-1.0,1,1,50.803314,33,Replayed,5.0
-9.0,0.0,-1,1,54.225903,33,Replayed,9.0
3.0,-1.0,-1,0,49.192333,33,Replayed,3.0
38.0,1.0,1,1,87.82948,33,Replayed,38.0
3.0,-1.0,1,1,50.06784,33,Replayed,3.0
1.0,0.0,-1,0,50.434822,33,Replayed,1.0
-3.0,-1.0,1,0,48.256725,33,Replayed,3.0
-9.0,0.0,-1,1,53.83292,33,Replayed,9.0
-1.0,-1.0,1,0,48.111298,33,Replayed,1.0
-1.0,-1.0,-1,1,51.040943,33,Replayed,1.0
9.0,1.0,1,1,50.069862,33,Replayed,9.0
-1.0,-1.0,-1,1,51.527657,33,Replayed,1.0
-3.0,0.0,1,0,47.640247,33,Replayed,3.0
-9.0,1.0,-1,1,52.59918,33,Replayed,9.0
-38.0,-1.0,-1,1,91.944435,33,Replayed,38.0
-3.0,1.0,1,0,47.646763,33,Replayed,3.0
1.0,1.0,1,1,49.474983,33,Replayed,1.0
3.0,-1.0,-1,0,49.91682,33,Replayed,3.0
-38.0,-1.0,1,0,7.859851,33,Replayed,38.0
5.0,-1.0,-1,0,50.074177,33,Replayed,5.0
1.0,0.0,-1,0,50.242035,33,Replayed,1.0
-5.0,-1.0,1,0,47.457764,33,Replayed,5.0
-9.0,-1.0,1,0,44.37121,33,Replayed,9.0
5.0,1.0,1,1,50.818436,33,Replayed,5.0
3.0,0.0,-1,0,49.261875,33,Replayed,3.0
-1.0,1.0,-1,1,51.25353,33,Replayed,1.0
-1.0,-1.0,-1,1,50.857567,33,Replayed,1.0
-5.0,-1.0,-1,1,52.90348,33,Replayed,5.0
1.0,-1.0,1,1,48.650745,33,Replayed,1.0
3.0,0.0,1,1,50.69258,33,Replayed,3.0
5.0,0.0,1,1,50.751514,33,Replayed,5.0
1.0,-1.0,1,1,49.69056,33,Replayed,1.0
-9.0,-1.0,-1,1,55.60204,33,Replayed,9.0
38.0,1.0,1,1,87.57418,33,Replayed,38.0
3.0,-1.0,-1,0,48.914425,33,Replayed,3.0
9.0,1.0,-1,0,50.672894,33,Replayed,9.0
-5.0,1.0,-1,1,51.567753,33,Replayed,5.0
-9.0,-1.0,-1,1,54.4775,33,Replayed,9.0
-38.0,-1.0,-1,1,91.97652,33,Replayed,38.0
1.0,1.0,1,1,49.36039,33,Replayed,1.0
9.0,0.0,-1,0,49.727665,33,Replayed,9.0
3.0,0.0,1,1,50.25859,33,Replayed,3.0
38.0,-1.0,1,1,89.51585,33,Replayed,38.0
-5.0,-1.0,-1,1,52.43685,33,Replayed,5.0
38.0,-1.0,1,1,89.03682,33,Replayed,38.0
3.0,0.0,1,1,49.80728,33,Replayed,3.0
-1.0,1.0,-1,1,51.3722,33,Replayed,1.0
3.0,0.0,-1,0,49.083202,33,Replayed,3.0
3.0,1.0,1,1,50.900085,33,Replayed,3.0
1.0,0.0,-1,0,49.82824,33,Replayed,1.0
-9.0,0.0,-1,1,53.621525,33,Replayed,9.0
-5.0,-1.0,-1,1,52.20415,33,Replayed,5.0
-5.0,1.0,-1,1,51.50209,33,Replayed,5.0
-5.0,0.0,-1,1,52.831554,33,Replayed,5.0
38.0,-1.0,1,1,89.70069,33,Replayed,38.0
5.0,-1.0,1,1,50.451206,33,Replayed,5.0
-1.0,-1.0,1,0,48.632084,33,Replayed,1.0
9.0,-1.0,1,1,50.002457,33,Replayed,9.0
38.0,-1.0,1,1,89.536545,33,Replayed,38.0
-9.0,-1.0,-1,1,54.707348,33,Replayed,9.0
3.0,1.0,-1,0,49.90249,33,Replayed,3.0
9.0,-1.0,1,1,51.167297,33,Replayed,9.0
-5.0,1.0,-1,1,52.202183,33,Replayed,5.0
-9.0,0.0,-1,1,55.21396,33,Replayed,9.0
-1.0,0.0,-1,1,51.447697,33,Replayed,1.0
-5.0,0.0,-1,1,51.433403,33,Replayed,5.0
38.0,0.0,1,1,88.21236,33,Replayed,38.0
1.0,1.0,-1,0,50.27492,33,Replayed,1.0
-3.0,0.0,1,0,48.289333,33,Replayed,3.0
5.0,0.0,1,1,50.743668,33,Replayed,5.0
-1.0,1.0,1,0,49.163525,33,Replayed,1.0
1.0,1.0,-1,0,49.87615,33,Replayed,1.0
-9.0,1.0,-1,1,53.742527,33,Replayed,9.0
-5.0,0.0,-1,1,51.5615,33,Replayed,5.0
-38.0,0.0,-1,1,91.8783,33,Replayed,38.0
-38.0,0.0,-1,1,91.71971,33,Replayed,38.0
-38.0,1.0,-1,1,91.61985,33,Replayed,38.0
-9.0,1.0,1,0,46.324818,33,Replayed,9.0
-38.0,1.0,-1,1,91.331795,33,Replayed,38.0
38.0,1.0,1,1,87.55949,33,Replayed,38.0
-38.0,-1.0,-1,1,91.75053,33,Replayed,38.0
-38.0,0.0,-1,1,91.97919,33,Replayed,38.0
38.0,-1.0,1,1,89.05211,33,Replayed,38.0
-9.0,1.0,-1,1,53.54202,33,Replayed,9.0
5.0,1.0,-1,0,50.754612,33,Replayed,5.0
9.0,0.0,1,1,50.3984,33,Replayed,9.0
3.0,-1.0,-1,0,48.843773,33,Replayed,3.0
-1.0,1.0,-1,1,51.180637,33,Replayed,1.0
-1.0,1.0,-1,1,51.32656,33,Replayed,1.0
-38.0,1.0,-1,1,91.50897,33,Replayed,38.0
-3.0,1.0,-1,1,52.068565,33,Replayed,3.0
38.0,1.0,1,1,88.50449,33,Replayed,38.0
9.0,0.0,1,1,50.697784,33,Replayed,9.0
-38.0,1.0,-1,1,90.95816,33,Replayed,38.0
-3.0,0.0,1,0,48.120457,33,Replayed,3.0
-1.0,-1.0,-1,1,51.31061,33,Replayed,1.0
5.0,-1.0,1,1,50.23387,33,Replayed,5.0
-3.0,0.0,-1,1,51.77338,33,Replayed,3.0
1.0,1.0,1,1,49.812588,33,Replayed,1.0
-3.0,-1.0,-1,1,51.48072,33,Replayed,3.0
-38.0,0.0,-1,1,92.0638,33,Replayed,38.0
38.0,1.0,1,1,87.485596,33,Replayed,38.0
1.0,-1.0,-1,0,49.744286,33,Replayed,1.0
-9.0,0.0,-1,1,54.19038,33,Replayed,9.0
9.0,0.0,1,1,49.749104,33,Replayed,9.0
1.0,1.0,-1,0,50.430595,33,Replayed,1.0
-3.0,-1.0,-1,1,52.04343,33,Replayed,3.0
-5.0,1.0,1,0,48.49605,33,Replayed,5.0
-9.0,1.0,-1,1,53.627842,33,Replayed,9.0
5.0,-1.0,1,1,50.927418,33,Replayed,5.0
3.0,1.0,1,1,50.218243,33,Replayed,3.0
-5.0,1.0,1,0,48.36822,33,Replayed,5.0
38.0,0.0,1,1,88.564125,33,Replayed,38.0
38.0,0.0,1,1,87.57749,33,Replayed,38.0
-38.0,1.0,-1,1,91.24316,33,Replayed,38.0
-1.0,-1.0,-1,1,51.179592,33,Replayed,1.0
9.0,0.0,1,1,49.66395,33,Replayed,9.0
-5.0,1.0,-1,1,51.33949,33,Replayed,5.0
1.0,0.0,-1,0,50.46788,33,Replayed,1.0
-38.0,-1.0,-1,1,92.56882,33,Replayed,38.0
-1.0,0.0,-1,1,51.509094,33,Replayed,1.0
-9.0,0.0,-1,1,54.46966,33,Replayed,9.0
-38.0,1.0,-1,1,91.02065,33,Replayed,38.0
1.0,0.0,-1,0,50.61304,33,Replayed,1.0
38.0,-1.0,1,1,89.117455,33,Replayed,38.0
1.0,-1.0,1,1,50.25224,33,Replayed,1.0
5.0,0.0,1,1,50.754654,33,Replayed,5.0
1.0,0.0,-1,0,50.6953,33,Replayed,1.0
9.0,-1.0,1,1,51.038216,33,Replayed,9.0
-3.0,1.0,1,0,48.419277,33,Replayed,3.0
-3.0,1.0,-1,1,51.515953,33,Replayed,3.0
-5.0,-1.0,1,0,47.828083,33,Replayed,5.0
3.0,0.0,-1,0,49.726498,33,Replayed,3.0
5.0,-1.0,1,1,50.97053,33,Replayed,5.0
9.0,0.0,1,1,51.524757,33,Replayed,9.0
-3.0,-1.0,-1,1,51.799427,33,Replayed,3.0
38.0,0.0,1,1,89.084595,33,Replayed,38.0
-3.0,-1.0,-1,1,51.891373,33,Replayed,3.0
-3.0,0.0,1,0,48.484844,33,Replayed,3.0
38.0,0.0,1,1,89.173416,33,Replayed,38.0
3.0,1.0,1,1,50.199978,33,Replayed,3.0
-5.0,-1.0,-1,1,52.685852,33,Replayed,5.0
-5.0,1.0,-1,1,51.550953,33,Replayed,5.0
5.0,1.0,1,1,49.793278,33,Replayed,5.0
9.0,1.0,1,1,49.704014,33,Replayed,9.0
-38.0,0.0,-1,1,91.82153,33,Replayed,38.0
-1.0,-1.0,-1,1,51.396717,33,Replayed,1.0
9.0,1.0,1,1,49.426823,33,Replayed,9.0
-1.0,0.0,-1,1,50.979443,33,Replayed,1.0
3.0,1.0,-1,0,49.45628,33,Replayed,3.0
1.0,1.0,-1,0,49.54484,33,Replayed,1.0
1.0,0.0,-1,0,49.89292,33,Replayed,1.0
38.0,0.0,1,1,88.306625,33,Replayed,38.0
3.0,1.0,-1,0,49.100594,33,Replayed,3.0
1.0,-1.0,1,1,49.771084,33,Replayed,1.0
3.0,0.0,-1,0,49.307423,33,Replayed,3.0
-1.0,0.0,-1,1,51.523952,33,Replayed,1.0
-5.0,1.0,-1,1,52.119373,33,Replayed,5.0
5.0,1.0,1,1,50.259167,33,Replayed,5.0
1.0,-1.0,-1,0,49.65962,33,Replayed,1.0
9.0,-1.0,1,1,51.292374,33,Replayed,9.0
-38.0,0.0,-1,1,91.676636,33,Replayed,38.0
-5.0,0.0,-1,1,50.561436,33,Replayed,5.0
9.0,1.0,1,1,49.80377,33,Replayed,9.0
5.0,-1.0,1,1,50.5257,33,Replayed,5.0
-1.0,0.0,-1,1,51.228844,33,Replayed,1.0
9.0,0.0,1,1,50.36623,33,Replayed,9.0
-5.0,0.0,1,0,48.062267,33,Replayed,5.0
9.0,1.0,1,1,49.54833,33,Replayed,9.0
-9.0,-1.0,-1,1,54.353775,33,Replayed,9.0
-3.0,0.0,1,0,48.64333,33,Replayed,3.0
5.0,1.0,1,1,50.137062,33,Replayed,5.0
-5.0,0.0,-1,1,51.492023,33,Replayed,5.0
-1.0,0.0,-1,1,50.54938,33,Replayed,1.0
-38.0,0.0,-1,1,91.86861,33,Replayed,38.0
3.0,1.0,-1,0,49.493282,33,Replayed,3.0
-3.0,-1.0,-1,1,51.660984,33,Replayed,3.0
-3.0,0.0,-1,1,51.916176,33,Replayed,3.0
3.0,-1.0,1,1,50.884445,33,Replayed,3.0
-1.0,0.0,1,0,48.57072,33,Replayed,1.0
3.0,-1.0,-1,0,49.248505,33,Replayed,3.0
5.0,0.0,1,1,49.732513,33,Replayed,5.0
-5.0,0.0,-1,1,53.09205,33,Replayed,5.0
-1.0,1.0,1,0,48.65266,33,Replayed,1.0
1.0,1.0,1,1,49.68049,33,Replayed,1.0
5.0,0.0,1,1,50.247417,33,Replayed,5.0
-38.0,0.0,-1,1,91.71584,33,Replayed,38.0
9.0,-1.0,1,1,51.18466,33,Replayed,9.0
9.0,-1.0,1,1,51.736877,33,Replayed,9.0
3.0,-1.0,1,1,50.366295,33,Replayed,3.0
-9.0,-1.0,-1,1,55.506714,33,Replayed,9.0
-3.0,-1.0,-1,1,52.643333,33,Replayed,3.0
-9.0,1.0,-1,1,53.28064,33,Replayed,9.0
-9.0,-1.0,-1,1,66.54773,34,Replayed,9.0
-1.0,1.0,-1,1,48.993473,34,Replayed,1.0
-3.0,0.0,-1,1,53.911667,34,Replayed,3.0
5.0,0.0,1,1,65.97686,34,Replayed,5.0
5.0,1.0,1,1,68.22312,34,Replayed,5.0
3.0,1.0,1,1,63.267357,34,Replayed,3.0
-9.0,-1.0,-1,1,67.534676,34,Replayed,9.0
-1.0,-1.0,1,0,50.14746,34,Replayed,1.0
-5.0,-1.0,-1,1,59.056767,34,Replayed,5.0
-3.0,-1.0,-1,1,53.579338,34,Replayed,3.0
9.0,-1.0,1,1,73.18604,34,Replayed,9.0
5.0,-1.0,1,1,64.22904,34,Replayed,5.0
9.0,1.0,1,1,78.18386,34,Replayed,9.0
38.0,-1.0,1,1,99.30748,34,Replayed,38.0
9.0,1.0,1,1,78.013855,34,Replayed,9.0
-3.0,1.0,-1,1,54.949535,34,Replayed,3.0
-1.0,0.0,1,0,50.497852,34,Replayed,1.0
-38.0,0.0,-1,1,99.22534,34,Replayed,38.0
3.0,0.0,-1,0,38.541904,34,Replayed,3.0
-1.0,-1.0,1,0,51.1913,34,Replayed,1.0
-9.0,1.0,-1,1,70.71422,34,Replayed,9.0
-9.0,0.0,-1,1,69.07418,34,Replayed,9.0
-5.0,1.0,-1,1,60.97831,34,Replayed,5.0
38.0,-1.0,1,1,99.19926,34,Replayed,38.0
5.0,1.0,1,1,69.34407,34,Replayed,5.0
38.0,0.0,1,1,99.40199,34,Replayed,38.0
5.0,-1.0,1,1,65.47428,34,Replayed,5.0
-38.0,0.0,-1,1,99.15575,34,Replayed,38.0
38.0,0.0,1,1,99.50601,34,Replayed,38.0
-3.0,1.0,1,0,44.45763,34,Replayed,3.0
38.0,0.0,1,1,99.50268,34,Replayed,38.0
38.0,0.0,1,1,99.47166,34,Replayed,38.0
1.0,0.0,-1,0,43.253403,34,Replayed,1.0
1.0,-1.0,1,1,56.109665,34,Replayed,1.0
38.0,-1.0,1,1,99.225555,34,Replayed,38.0
1.0,-1.0,1,1,55.991005,34,Replayed,1.0
-1.0,0.0,1,0,51.03469,34,Replayed,1.0
3.0,-1.0,1,1,60.006218,34,Replayed,3.0
-3.0,0.0,-1,1,54.477848,34,Replayed,3.0
38.0,-1.0,1,1,99.2136,34,Replayed,38.0
38.0,1.0,1,1,99.610855,34,Replayed,38.0
-38.0,-1.0,-1,1,98.789856,34,Replayed,38.0
3.0,1.0,1,1,62.1199,34,Replayed,3.0
-5.0,-1.0,-1,1,57.64277,34,Replayed,5.0
3.0,-1.0,1,1,60.890747,34,Replayed,3.0
3.0,-1.0,1,1,60.788338,34,Replayed,3.0
38.0,-1.0,1,1,99.24739,34,Replayed,38.0
1.0,0.0,1,1,56.54031,34,Replayed,1.0
3.0,-1.0,1,1,60.26928,34,Replayed,3.0
-38.0,1.0,-1,1,99.41295,34,Replayed,38.0
-3.0,1.0,1,0,45.326897,34,Replayed,3.0
9.0,-1.0,1,1,73.42928,34,Replayed,9.0
-3.0,1.0,1,0,45.037548,34,Replayed,3.0
1.0,-1.0,1,1,55.056805,34,Replayed,1.0
-9.0,1.0,-1,1,71.58759,34,Replayed,9.0
38.0,1.0,1,1,99.62713,34,Replayed,38.0
-1.0,1.0,1,0,51.61351,34,Replayed,1.0
-38.0,1.0,-1,1,99.40123,34,Replayed,38.0
5.0,-1.0,1,1,64.53374,34,Replayed,5.0
38.0,1.0,1,1,99.59811,34,Replayed,38.0
1.0,1.0,-1,0,42.578842,34,Replayed,1.0
5.0,1.0,-1,0,32.02812,34,Replayed,5.0
9.0,0.0,1,1,75.823746,34,Replayed,9.0
-38.0,0.0,-1,1,99.14703,34,Replayed,38.0
-38.0,-1.0,-1,1,98.88399,34,Replayed,38.0
-9.0,0.0,-1,1,69.27769,34,Replayed,9.0
-5.0,0.0,-1,1,58.552486,34,Replayed,5.0
3.0,-1.0,-1,0,39.93981,34,Replayed,3.0
9.0,0.0,1,1,75.45437,34,Replayed,9.0
9.0,1.0,1,1,78.30344,34,Replayed,9.0
3.0,1.0,1,1,61.901237,34,Replayed,3.0
5.0,1.0,1,1,67.34509,34,Replayed,5.0
-1.0,-1.0,1,0,52.42837,34,Replayed,1.0
-9.0,1.0,-1,1,70.48283,34,Replayed,9.0
38.0,1.0,1,1,99.64778,34,Replayed,38.0
5.0,0.0,1,1,68.36875,34,Replayed,5.0
-5.0,0.0,-1,1,59.407383,34,Replayed,5.0
3.0,-1.0,1,1,60.42118,34,Replayed,3.0
5.0,-1.0,1,1,64.53243,34,Replayed,5.0
1.0,1.0,1,1,57.58274,34,Replayed,1.0
38.0,-1.0,1,1,99.24931,34,Replayed,38.0
-3.0,0.0,1,0,44.94173,34,Replayed,3.0
9.0,-1.0,1,1,73.27918,34,Replayed,9.0
-3.0,-1.0,-1,1,54.28773,34,Replayed,3.0
38.0,0.0,1,1,99.44283,34,Replayed,38.0
-5.0,0.0,-1,1,59.506947,34,Replayed,5.0
38.0,-1.0,1,1,99.197365,34,Replayed,38.0
-9.0,1.0,-1,1,71.31757,34,Replayed,9.0
9.0,0.0,1,1,75.71881,34,Replayed,9.0
5.0,1.0,1,1,67.89882,34,Replayed,5.0
-1.0,0.0,1,0,50.021572,34,Replayed,1.0
-38.0,-1.0,-1,1,98.8005,34,Replayed,38.0
1.0,-1.0,1,1,55.611927,34,Replayed,1.0
-1.0,0.0,-1,1,48.432457,34,Replayed,1.0
-3.0,0.0,-1,1,54.824364,34,Replayed,3.0
-1.0,0.0,1,0,50.488045,34,Replayed,1.0
-1.0,-1.0,1,0,51.133717,34,Replayed,1.0
-9.0,0.0,-1,1,68.32231,34,Replayed,9.0
-9.0,0.0,1,0,31.006882,34,Replayed,9.0
-1.0,-1.0,1,0,50.813263,34,Replayed,1.0
-9.0,0.0,1,0,30.214994,34,Replayed,9.0
-3.0,-1.0,-1,1,53.67436,34,Replayed,3.0
5.0,1.0,1,1,68.64864,34,Replayed,5.0
-38.0,1.0,-1,1,99.388084,34,Replayed,38.0
38.0,1.0,1,1,99.63314,34,Replayed,38.0
5.0,-1.0,1,1,64.945656,34,Replayed,5.0
-1.0,1.0,-1,1,49.375713,34,Replayed,1.0
-5.0,1.0,-1,1,59.684998,34,Replayed,5.0
-38.0,0.0,-1,1,99.114235,34,Replayed,38.0
5.0,-1.0,1,1,64.83398,34,Replayed,5.0
1.0,0.0,1,1,56.688152,34,Replayed,1.0
5.0,-1.0,1,1,66.0367,34,Replayed,5.0
9.0,1.0,1,1,77.88066,34,Replayed,9.0
-5.0,1.0,-1,1,60.91846,34,Replayed,5.0
-9.0,-1.0,-1,1,66.95554,34,Replayed,9.0
9.0,-1.0,1,1,73.720314,34,Replayed,9.0
-38.0,-1.0,-1,1,98.76517,34,Replayed,38.0
-5.0,0.0,-1,1,60.025013,34,Replayed,5.0
-5.0,-1.0,1,0,42.63376,34,Replayed,5.0
-3.0,-1.0,1,0,45.857887,34,Replayed,3.0
-3.0,0.0,-1,1,54.86979,34,Replayed,3.0
9.0,0.0,1,1,75.92409,34,Replayed,9.0
38.0,0.0,1,1,99.481285,34,Replayed,38.0
38.0,1.0,1,1,99.64171,34,Replayed,38.0
-3.0,0.0,-1,1,54.176502,34,Replayed,3.0
9.0,-1.0,1,1,72.70449,34,Replayed,9.0
3.0,0.0,1,1,61.378807,34,Replayed,3.0
-38.0,1.0,-1,1,99.38005,34,Replayed,38.0
38.0,0.0,1,1,99.44602,34,Replayed,38.0
-38.0,-1.0,-1,1,98.795,34,Replayed,38.0
9.0,0.0,1,1,75.72109,34,Replayed,9.0
-38.0,1.0,-1,1,99.44896,34,Replayed,38.0
-5.0,-1.0,1,0,42.15596,34,Replayed,5.0
9.0,1.0,1,1,77.70387,34,Replayed,9.0
3.0,1.0,1,1,62.626465,34,Replayed,3.0
1.0,-1.0,-1,0,44.589745,34,Replayed,1.0
-9.0,-1.0,-1,1,67.0453,34,Replayed,9.0
-3.0,-1.0,-1,1,53.926193,34,Replayed,3.0
-9.0,0.0,-1,1,69.235214,34,Replayed,9.0
-38.0,0.0,-1,1,99.16322,34,Replayed,38.0
5.0,0.0,1,1,67.36758,34,Replayed,5.0
1.0,-1.0,-1,0,45.35613,34,Replayed,1.0
3.0,0.0,-1,0,38.32279,34,Replayed,3.0
-9.0,-1.0,-1,1,67.47993,34,Replayed,9.0
3.0,0.0,1,1,61.55101,34,Replayed,3.0
5.0,0.0,1,1,66.3297,34,Replayed,5.0
3.0,0.0,-1,0,38.621796,34,Replayed,3.0
-38.0,-1.0,-1,1,98.859665,34,Replayed,38.0
-5.0,1.0,1,0,39.294724,34,Replayed,5.0
9.0,1.0,1,1,76.96491,34,Replayed,9.0
-1.0,-1.0,1,0,50.38645,34,Replayed,1.0
9.0,0.0,1,1,75.688705,34,Replayed,9.0
-38.0,1.0,-1,1,99.441444,34,Replayed,38.0
-3.0,-1.0,1,0,46.867268,34,Replayed,3.0
9.0,-1.0,1,1,73.35811,34,Replayed,9.0
-1.0,1.0,1,0,51.408813,34,Replayed,1.0
-5.0,-1.0,-1,1,58.450794,34,Replayed,5.0
38.0,1.0,1,1,99.65261,34,Replayed,38.0
9.0,0.0,1,1,76.07825,34,Replayed,9.0
1.0,0.0,1,1,57.005764,34,Replayed,1.0
-1.0,-1.0,1,0,51.51932,34,Replayed,1.0
-1.0,0.0,-1,1,48.630543,34,Replayed,1.0
-38.0,-1.0,-1,1,98.86419,34,Replayed,38.0
3.0,0.0,1,1,61.058395,34,Replayed,3.0
-1.0,-1.0,-1,1,49.454884,34,Replayed,1.0
-9.0,0.0,-1,1,69.15715,34,Replayed,9.0
5.0,0.0,-1,0,32.94045,34,Replayed,5.0
-3.0,-1.0,1,0,45.864704,34,Replayed,3.0
5.0,0.0,1,1,66.860405,34,Replayed,5.0
-5.0,-1.0,-1,1,57.59839,34,Replayed,5.0
3.0,1.0,-1,0,37.179817,34,Replayed,3.0
-5.0,0.0,-1,1,59.199326,34,Replayed,5.0
1.0,1.0,1,1,57.167793,34,Replayed,1.0
1.0,1.0,1,1,56.771748,34,Replayed,1.0
5.0,1.0,1,1,69.16199,34,Replayed,5.0
3.0,1.0,1,1,63.18739,34,Replayed,3.0
9.0,1.0,1,1,77.98412,34,Replayed,9.0
-5.0,0.0,-1,1,58.99232,34,Replayed,5.0
5.0,0.0,-1,0,34.367687,34,Replayed,5.0
3.0,0.0,-1,0,38.277313,34,Replayed,3.0
3.0,-1.0,1,1,61.088108,34,Replayed,3.0
-5.0,1.0,1,0,39.263832,34,Replayed,5.0
-1.0,1.0,-1,1,48.670044,34,Replayed,1.0
3.0,0.0,1,1,61.12529,34,Replayed,3.0
-5.0,-1.0,1,0,41.744473,34,Replayed,5.0
1.0,-1.0,1,1,56.48938,34,Replayed,1.0
9.0,-1.0,1,1,73.7647,34,Replayed,9.0
-1.0,1.0,-1,1,48.770515,34,Replayed,1.0
-38.0,0.0,-1,1,99.15542,34,Replayed,38.0
5.0,1.0,-1,0,32.058228,34,Replayed,5.0
-5.0,1.0,-1,1,61.219906,34,Replayed,5.0
-1.0,1.0,1,0,51.65969,34,Replayed,1.0
-9.0,1.0,-1,1,71.23561,34,Replayed,9.0
-9.0,1.0,1,0,29.01525,34,Replayed,9.0
-1.0,0.0,1,0,50.781006,34,Replayed,1.0
38.0,1.0,1,1,99.61375,34,Replayed,38.0
-3.0,-1.0,-1,1,53.66338,34,Replayed,3.0
3.0,1.0,1,1,63.039196,34,Replayed,3.0
-3.0,0.0,-1,1,54.65517,34,Replayed,3.0
-3.0,1.0,1,0,45.557888,34,Replayed,3.0
3.0,1.0,-1,0,36.455494,34,Replayed,3.0
9.0,0.0,1,1,75.50453,34,Replayed,9.0
-5.0,1.0,-1,1,60.295944,34,Replayed,5.0
1.0,1.0,1,1,56.51527,34,Replayed,1.0
1.0,1.0,1,1,57.639324,34,Replayed,1.0
-9.0,1.0,-1,1,70.87305,34,Replayed,9.0
-5.0,1.0,-1,1,60.16086,34,Replayed,5.0
3.0,-1.0,1,1,59.75963,34,Replayed,3.0
-5.0,0.0,1,0,40.2966,34,Replayed,5.0
-9.0,-1.0,-1,1,67.362526,34,Replayed,9.0
-3.0,1.0,1,0,45.135033,34,Replayed,3.0
1.0,0.0,1,1,56.364323,34,Replayed,1.0
-1.0,1.0,-1,1,48.824936,34,Replayed,1.0
-3.0,0.0,1,0,46.688896,34,Replayed,3.0
9.0,-1.0,1,1,73.08276,34,Replayed,9.0
1.0,1.0,-1,0,43.17315,34,Replayed,1.0
-38.0,0.0,-1,1,99.148155,34,Replayed,38.0
1.0,0.0,-1,0,43.19988,34,Replayed,1.0
-5.0,0.0,-1,1,59.79994,34,Replayed,5.0
9.0,1.0,1,1,77.537445,34,Replayed,9.0
1.0,0.0,-1,0,43.307007,34,Replayed,1.0
-1.0,0.0,-1,1,48.013416,34,Replayed,1.0
-38.0,0.0,-1,1,99.05387,34,Replayed,38.0
-9.0,1.0,-1,1,70.91385,34,Replayed,9.0
5.0,-1.0,1,1,64.91085,34,Replayed,5.0
1.0,1.0,1,1,56.62166,34,Replayed,1.0
-5.0,-1.0,-1,1,58.60674,34,Replayed,5.0
-3.0,1.0,-1,1,53.992374,34,Replayed,3.0
-38.0,-1.0,-1,1,98.72002,34,Replayed,38.0
38.0,0.0,1,1,99.47152,34,Replayed,38.0
-38.0,1.0,-1,1,99.43781,34,Replayed,38.0
1.0,-1.0,-1,0,44.352203,34,Replayed,1.0
38.0,-1.0,1,1,99.18642,34,Replayed,38.0
1.0,0.0,1,1,56.767063,34,Replayed,1.0
-9.0,-1.0,-1,1,66.964355,34,Replayed,9.0
-9.0,-1.0,-1,1,65.897385,34,Replayed,9.0
5.0,0.0,-1,0,33.36378,34,Replayed,5.0
-3.0,1.0,-1,1,54.458733,34,Replayed,3.0
-9.0,0.0,-1,1,69.192245,34,Replayed,9.0
-38.0,1.0,-1,1,99.43442,34,Replayed,38.0
38.0,0.0,1,1,99.53686,35,Replayed,38.0
-1.0,0.0,-1,1,56.581326,35,Replayed,1.0
-5.0,0.0,1,0,27.69878,35,Replayed,5.0
38.0,0.0,1,1,99.520546,35,Replayed,38.0
-9.0,1.0,-1,1,84.64465,35,Replayed,9.0
38.0,1.0,1,1,99.70566,35,Replayed,38.0
-1.0,1.0,-1,1,56.344444,35,Replayed,1.0
38.0,1.0,1,1,99.70408,35,Replayed,38.0
-1.0,0.0,1,0,44.010242,35,Replayed,1.0
-1.0,-1.0,-1,1,56.03571,35,Replayed,1.0
-9.0,0.0,-1,1,83.1948,35,Replayed,9.0
3.0,-1.0,-1,0,40.37435,35,Replayed,3.0
3.0,0.0,1,1,60.236748,35,Replayed,3.0
-1.0,-1.0,1,0,44.126873,35,Replayed,1.0
-9.0,1.0,-1,1,84.79789,35,Replayed,9.0
5.0,0.0,1,1,68.28436,35,Replayed,5.0
-5.0,-1.0,-1,1,70.206955,35,Replayed,5.0
-3.0,0.0,-1,1,64.93258,35,Replayed,3.0
-9.0,1.0,-1,1,85.25852,35,Replayed,9.0
9.0,1.0,1,1,82.66974,35,Replayed,9.0
38.0,-1.0,1,1,99.24199,35,Replayed,38.0
-9.0,1.0,-1,1,85.35373,35,Replayed,9.0
5.0,1.0,1,1,69.64581,35,Replayed,5.0
-3.0,1.0,-1,1,65.63865,35,Replayed,3.0
1.0,-1.0,-1,0,47.932636,35,Replayed,1.0
3.0,0.0,1,1,58.58363,35,Replayed,3.0
-3.0,1.0,-1,1,65.728455,35,Replayed,3.0
-5.0,1.0,-1,1,72.29191,35,Replayed,5.0
-9.0,1.0,-1,1,83.67347,35,Replayed,9.0
-5.0,-1.0,-1,1,69.07349,35,Replayed,5.0
5.0,-1.0,1,1,65.925224,35,Replayed,5.0
38.0,1.0,1,1,99.70975,35,Replayed,38.0
3.0,1.0,1,1,60.34385,35,Replayed,3.0
-9.0,0.0,-1,1,83.84904,35,Replayed,9.0
-5.0,0.0,-1,1,71.88407,35,Replayed,5.0
-1.0,-1.0,1,0,42.937515,35,Replayed,1.0
3.0,0.0,1,1,60.34534,35,Replayed,3.0
3.0,0.0,1,1,60.473846,35,Replayed,3.0
1.0,-1.0,1,1,50.945126,35,Replayed,1.0
38.0,-1.0,1,1,99.0911,35,Replayed,38.0
-38.0,-1.0,-1,1,99.21986,35,Replayed,38.0
-3.0,-1.0,-1,1,63.073166,35,Replayed,3.0
-9.0,0.0,-1,1,83.54713,35,Replayed,9.0
-5.0,1.0,1,0,26.860718,35,Replayed,5.0
5.0,0.0,1,1,68.238045,35,Replayed,5.0
-9.0,0.0,-1,1,83.31158,35,Replayed,9.0
5.0,0.0,1,1,69.37665,35,Replayed,5.0
-1.0,1.0,1,0,43.76791,35,Replayed,1.0
-38.0,0.0,-1,1,99.61609,35,Replayed,38.0
5.0,-1.0,1,1,66.73228,35,Replayed,5.0
38.0,0.0,1,1,99.564285,35,Replayed,38.0
5.0,1.0,1,1,68.09389,35,Replayed,5.0
5.0,0.0,1,1,68.23025,35,Replayed,5.0
1.0,-1.0,-1,0,49.806683,35,Replayed,1.0
5.0,1.0,1,1,69.39261,35,Replayed,5.0
1.0,0.0,-1,0,48.24906,35,Replayed,1.0
5.0,-1.0,1,1,64.55549,35,Replayed,5.0
-3.0,0.0,-1,1,65.91465,35,Replayed,3.0
9.0,1.0,1,1,81.55255,35,Replayed,9.0
-3.0,1.0,-1,1,65.037186,35,Replayed,3.0
-5.0,0.0,-1,1,71.84098,35,Replayed,5.0
-38.0,0.0,-1,1,99.62828,35,Replayed,38.0
-5.0,-1.0,-1,1,68.91745,35,Replayed,5.0
-5.0,1.0,-1,1,73.50741,35,Replayed,5.0
5.0,-1.0,1,1,66.284744,35,Replayed,5.0
9.0,1.0,1,1,82.72272,35,Replayed,9.0
-5.0,1.0,-1,1,73.21748,35,Replayed,5.0
3.0,-1.0,1,1,58.986145,35,Replayed,3.0
-3.0,0.0,-1,1,64.682175,35,Replayed,3.0
1.0,1.0,1,1,51.093555,35,Replayed,1.0
1.0,-1.0,1,1,51.55846,35,Replayed,1.0
3.0,0.0,-1,0,41.05164,35,Replayed,3.0
9.0,-1.0,1,1,77.62157,35,Replayed,9.0
3.0,0.0,1,1,60.11232,35,Replayed,3.0
9.0,0.0,1,1,80.75832,35,Replayed,9.0
-5.0,1.0,1,0,26.153486,35,Replayed,5.0
1.0,-1.0,-1,0,48.73095,35,Replayed,1.0
-3.0,1.0,-1,1,64.60538,35,Replayed,3.0
-5.0,0.0,-1,1,72.235825,35,Replayed,5.0
-1.0,0.0,-1,1,56.13917,35,Replayed,1.0
-38.0,-1.0,-1,1,99.20539,35,Replayed,38.0
-38.0,0.0,-1,1,99.59583,35,Replayed,38.0
5.0,1.0,-1,0,29.220959,35,Replayed,5.0
38.0,0.0,1,1,99.57029,35,Replayed,38.0
1.0,0.0,1,1,51.31265,35,Replayed,1.0
-1.0,0.0,1,0,44.589703,35,Replayed,1.0
-5.0,0.0,-1,1,72.40681,35,Replayed,5.0
-38.0,1.0,-1,1,99.68666,35,Replayed,38.0
3.0,1.0,1,1,59.893406,35,Replayed,3.0
9.0,-1.0,-1,0,21.794228,35,Replayed,9.0
1.0,0.0,-1,0,48.363094,35,Replayed,1.0
-38.0,1.0,-1,1,99.71267,35,Replayed,38.0
-9.0,-1.0,-1,1,81.47691,35,Replayed,9.0
3.0,0.0,1,1,59.675854,35,Replayed,3.0
-9.0,-1.0,-1,1,80.37351,35,Replayed,9.0
-3.0,1.0,-1,1,65.639336,35,Replayed,3.0
-5.0,1.0,-1,1,72.66317,35,Replayed,5.0
-3.0,1.0,-1,1,64.76511,35,Replayed,3.0
1.0,1.0,-1,0,49.330853,35,Replayed,1.0
1.0,1.0,-1,0,48.22571,35,Replayed,1.0
9.0,1.0,1,1,83.08851,35,Replayed,9.0
-3.0,-1.0,-1,1,63.03732,35,Replayed,3.0
38.0,0.0,1,1,99.52857,35,Replayed,38.0
9.0,1.0,-1,0,17.361687,35,Replayed,9.0
-3.0,0.0,1,0,35.490906,35,Replayed,3.0
-3.0,0.0,1,0,36.04246,35,Replayed,3.0
3.0,-1.0,1,1,58.634007,35,Replayed,3.0
1.0,1.0,1,1,52.540726,35,Replayed,1.0
-3.0,-1.0,-1,1,63.08633,35,Replayed,3.0
38.0,-1.0,1,1,99.158775,35,Replayed,38.0
-3.0,-1.0,-1,1,63.61832,35,Replayed,3.0
9.0,-1.0,-1,0,21.92529,35,Replayed,9.0
-1.0,1.0,1,0,42.593647,35,Replayed,1.0
1.0,0.0,1,1,51.363354,35,Replayed,1.0
-38.0,-1.0,-1,1,99.2064,35,Replayed,38.0
1.0,1.0,-1,0,48.269024,35,Replayed,1.0
5.0,1.0,1,1,68.593506,35,Replayed,5.0
-38.0,-1.0,-1,1,99.15639,35,Replayed,38.0
38.0,-1.0,1,1,99.12585,35,Replayed,38.0
-5.0,1.0,-1,1,73.15285,35,Replayed,5.0
-38.0,0.0,-1,1,99.60134,35,Replayed,38.0
38.0,-1.0,1,1,99.18135,35,Replayed,38.0
38.0,0.0,1,1,99.5483,35,Replayed,38.0
1.0,0.0,-1,0,48.807545,35,Replayed,1.0
-1.0,0.0,-1,1,55.57839,35,Replayed,1.0
3.0,-1.0,1,1,58.28741,35,Replayed,3.0
9.0,0.0,1,1,80.153915,35,Replayed,9.0
1.0,-1.0,-1,0,49.702843,35,Replayed,1.0
-38.0,-1.0,-1,1,99.23232,35,Replayed,38.0
1.0,-1.0,1,1,52.208138,35,Replayed,1.0
-1.0,-1.0,-1,1,56.471783,35,Replayed,1.0
-1.0,0.0,1,0,45.0532,35,Replayed,1.0
5.0,1.0,1,1,69.23519,35,Replayed,5.0
-9.0,0.0,-1,1,83.753624,35,Replayed,9.0
3.0,1.0,1,1,60.820915,35,Replayed,3.0
-1.0,-1.0,-1,1,55.660965,35,Replayed,1.0
-3.0,-1.0,1,0,37.151928,35,Replayed,3.0
-5.0,-1.0,-1,1,70.37103,35,Replayed,5.0
-1.0,0.0,-1,1,56.476124,35,Replayed,1.0
3.0,-1.0,1,1,60.08023,35,Replayed,3.0
38.0,-1.0,1,1,99.10226,35,Replayed,38.0
-5.0,0.0,1,0,28.44933,35,Replayed,5.0
-38.0,1.0,-1,1,99.70677,35,Replayed,38.0
3.0,1.0,1,1,59.94292,35,Replayed,3.0
9.0,1.0,1,1,81.732834,35,Replayed,9.0
-1.0,-1.0,1,0,44.0714,35,Replayed,1.0
-5.0,0.0,-1,1,71.98845,35,Replayed,5.0
5.0,0.0,1,1,67.99697,35,Replayed,5.0
38.0,-1.0,1,1,99.14264,35,Replayed,38.0
3.0,0.0,1,1,60.662342,35,Replayed,3.0
9.0,0.0,1,1,81.06691,35,Replayed,9.0
5.0,-1.0,1,1,66.408485,35,Replayed,5.0
3.0,-1.0,1,1,58.685993,35,Replayed,3.0
9.0,1.0,1,1,82.24473,35,Replayed,9.0
-1.0,1.0,-1,1,57.91214,35,Replayed,1.0
5.0,0.0,1,1,68.31991,35,Replayed,5.0
5.0,-1.0,1,1,66.8526,35,Replayed,5.0
-9.0,-1.0,-1,1,80.50486,35,Replayed,9.0
-5.0,-1.0,-1,1,69.96573,35,Replayed,5.0
-9.0,-1.0,-1,1,80.10982,35,Replayed,9.0
-38.0,1.0,-1,1,99.69413,35,Replayed,38.0
-1.0,1.0,1,0,43.074764,35,Replayed,1.0
38.0,1.0,1,1,99.70555,35,Replayed,38.0
-9.0,1.0,-1,1,83.85618,35,Replayed,9.0
-38.0,-1.0,-1,1,99.211586,35,Replayed,38.0
-38.0,0.0,-1,1,99.62228,35,Replayed,38.0
-5.0,-1.0,-1,1,69.93824,35,Replayed,5.0
-9.0,1.0,-1,1,84.09561,35,Replayed,9.0
1.0,-1.0,-1,0,48.216362,35,Replayed,1.0
1.0,1.0,1,1,52.13967,35,Replayed,1.0
-3.0,0.0,-1,1,64.65393,35,Replayed,3.0
38.0,1.0,1,1,99.65954,35,Replayed,38.0
-38.0,-1.0,-1,1,99.27663,35,Replayed,38.0
38.0,1.0,1,1,99.67721,35,Replayed,38.0
1.0,0.0,1,1,50.85195,35,Replayed,1.0
9.0,-1.0,1,1,78.40801,35,Replayed,9.0
5.0,1.0,1,1,69.58824,35,Replayed,5.0
-38.0,1.0,-1,1,99.708984,35,Replayed,38.0
5.0,0.0,1,1,68.12018,35,Replayed,5.0
9.0,-1.0,1,1,77.6971,35,Replayed,9.0
9.0,1.0,1,1,82.7836,35,Replayed,9.0
-5.0,1.0,-1,1,72.79847,35,Replayed,5.0
3.0,1.0,1,1,60.439575,35,Replayed,3.0
5.0,-1.0,1,1,65.76813,35,Replayed,5.0
3.0,-1.0,1,1,58.230484,35,Replayed,3.0
-9.0,0.0,-1,1,82.99028,35,Replayed,9.0
-1.0,1.0,-1,1,55.941833,35,Replayed,1.0
-3.0,0.0,-1,1,63.22728,35,Replayed,3.0
-5.0,-1.0,-1,1,69.46173,35,Replayed,5.0
9.0,-1.0,1,1,78.16061,35,Replayed,9.0
-5.0,-1.0,-1,1,69.02976,35,Replayed,5.0
38.0,1.0,1,1,99.70022,35,Replayed,38.0
9.0,0.0,1,1,81.54022,35,Replayed,9.0
-38.0,0.0,-1,1,99.61189,35,Replayed,38.0
9.0,0.0,1,1,81.20706,35,Replayed,9.0
-38.0,1.0,-1,1,99.7086,35,Replayed,38.0
38.0,-1.0,1,1,99.187035,35,Replayed,38.0
-3.0,-1.0,1,0,37.70025,35,Replayed,3.0
3.0,1.0,1,1,59.30834,35,Replayed,3.0
-5.0,0.0,-1,1,72.77399,35,Replayed,5.0
-9.0,0.0,-1,1,82.89486,35,Replayed,9.0
1.0,1.0,1,1,51.57035,35,Replayed,1.0
-38.0,-1.0,-1,1,99.250565,35,Replayed,38.0
5.0,-1.0,1,1,66.435745,35,Replayed,5.0
1.0,0.0,1,1,51.755066,35,Replayed,1.0
-9.0,-1.0,-1,1,79.76373,35,Replayed,9.0
-9.0,1.0,-1,1,84.602425,35,Replayed,9.0
9.0,0.0,1,1,81.84443,35,Replayed,9.0
3.0,-1.0,-1,0,40.264282,35,Replayed,3.0
3.0,1.0,-1,0,39.424248,35,Replayed,3.0
-9.0,-1.0,-1,1,80.473175,35,Replayed,9.0
-9.0,0.0,-1,1,83.18916,35,Replayed,9.0
-1.0,0.0,-1,1,55.843372,35,Replayed,1.0
-38.0,0.0,-1,1,99.601814,35,Replayed,38.0
9.0,-1.0,1,1,78.164764,35,Replayed,9.0
-9.0,-1.0,-1,1,79.99246,35,Replayed,9.0
-3.0,-1.0,-1,1,63.691032,35,Replayed,3.0
-1.0,1.0,-1,1,56.287205,35,Replayed,1.0
-38.0,1.0,-1,1,99.73653,35,Replayed,38.0
-1.0,-1.0,-1,1,55.691105,35,Replayed,1.0
1.0,0.0,-1,0,48.242306,35,Replayed,1.0
1.0,1.0,1,1,51.542484,35,Replayed,1.0
5.0,1.0,1,1,70.10581,35,Replayed,5.0
-3.0,-1.0,-1,1,63.493504,35,Replayed,3.0
-1.0,1.0,-1,1,56.717014,35,Replayed,1.0
9.0,0.0,-1,0,19.236261,35,Replayed,9.0
-3.0,1.0,-1,1,64.75398,35,Replayed,3.0
3.0,1.0,-1,0,38.657402,35,Replayed,3.0
9.0,-1.0,1,1,77.7841,35,Replayed,9.0
38.0,0.0,1,1,99.57345,35,Replayed,38.0
-38.0,1.0,-1,1,99.728165,35,Replayed,38.0
5.0,0.0,-1,0,31.990803,35,Replayed,5.0
-1.0,-1.0,-1,1,56.354202,35,Replayed,1.0
-3.0,1.0,-1,1,66.59497,35,Replayed,3.0
38.0,0.0,1,1,99.53912,35,Replayed,38.0
-38.0,0.0,-1,1,99.989944,36,Replayed,38.0
-38.0,-1.0,-1,1,99.98991,36,Replayed,38.0
-1.0,-1.0,-1,1,57.296955,36,Replayed,1.0
9.0,0.0,1,1,94.49334,36,Replayed,9.0
5.0,0.0,1,1,81.52289,36,Replayed,5.0
-3.0,-1.0,-1,1,72.909,36,Replayed,3.0
3.0,-1.0,-1,0,33.189278,36,Replayed,3.0
-5.0,1.0,-1,1,84.812,36,Replayed,5.0
38.0,1.0,1,1,99.98995,36,Replayed,38.0
-1.0,0.0,-1,1,58.73873,36,Replayed,1.0
-5.0,1.0,1,0,15.567154,36,Replayed,5.0
-1.0,1.0,1,0,41.238758,36,Replayed,1.0
3.0,-1.0,-1,0,32.81369,36,Replayed,3.0
1.0,0.0,1,1,55.0556,36,Replayed,1.0
-38.0,1.0,-1,1,99.98998,36,Replayed,38.0
5.0,0.0,1,1,80.78419,36,Replayed,5.0
-38.0,-1.0,-1,1,99.989914,36,Replayed,38.0
-1.0,1.0,1,0,39.361305,36,Replayed,1.0
-38.0,1.0,-1,1,99.98998,36,Replayed,38.0
-38.0,1.0,-1,1,99.98998,36,Replayed,38.0
-1.0,0.0,1,0,40.455208,36,Replayed,1.0
5.0,-1.0,1,1,80.2108,36,Replayed,5.0
-3.0,1.0,-1,1,72.41577,36,Replayed,3.0
3.0,1.0,1,1,69.14855,36,Replayed,3.0
-38.0,-1.0,-1,1,99.989845,36,Replayed,38.0
-38.0,0.0,-1,1,99.98998,36,Replayed,38.0
-3.0,-1.0,-1,1,71.92578,36,Replayed,3.0
-3.0,0.0,-1,1,72.79487,36,Replayed,3.0
1.0,1.0,-1,0,44.710033,36,Replayed,1.0
-9.0,1.0,-1,1,95.568474,36,Replayed,9.0
-9.0,-1.0,-1,1,94.75807,36,Replayed,9.0
9.0,-1.0,1,1,93.50603,36,Replayed,9.0
-9.0,1.0,-1,1,95.46736,36,Replayed,9.0
-1.0,-1.0,-1,1,60.027397,36,Replayed,1.0
-5.0,-1.0,-1,1,83.121056,36,Replayed,5.0
-3.0,0.0,-1,1,73.87206,36,Replayed,3.0
-1.0,-1.0,1,0,42.19182,36,Replayed,1.0
-9.0,0.0,-1,1,95.21132,36,Replayed,9.0
-38.0,0.0,-1,1,99.989975,36,Replayed,38.0
-3.0,1.0,-1,1,74.08021,36,Replayed,3.0
5.0,1.0,1,1,80.382454,36,Replayed,5.0
5.0,-1.0,1,1,80.53682,36,Replayed,5.0
5.0,1.0,1,1,81.45737,36,Replayed,5.0
-9.0,1.0,-1,1,95.693275,36,Replayed,9.0
-9.0,0.0,-1,1,95.35282,36,Replayed,9.0
-3.0,-1.0,-1,1,72.436646,36,Replayed,3.0
3.0,1.0,-1,0,31.369135,36,Replayed,3.0
1.0,-1.0,-1,0,45.32304,36,Replayed,1.0
38.0,1.0,1,1,99.98998,36,Replayed,38.0
-3.0,-1.0,-1,1,73.29492,36,Replayed,3.0
38.0,-1.0,1,1,99.98993,36,Replayed,38.0
3.0,0.0,-1,0,32.568714,36,Replayed,3.0
-38.0,1.0,-1,1,99.98998,36,Replayed,38.0
3.0,0.0,1,1,69.390366,36,Replayed,3.0
1.0,-1.0,1,1,54.887474,36,Replayed,1.0
9.0,0.0,1,1,94.68362,36,Replayed,9.0
-5.0,0.0,-1,1,84.04223,36,Replayed,5.0
-9.0,-1.0,-1,1,94.57992,36,Replayed,9.0
5.0,0.0,1,1,81.34684,36,Replayed,5.0
1.0,0.0,-1,0,43.430676,36,Replayed,1.0
3.0,0.0,1,1,68.12274,36,Replayed,3.0
-9.0,1.0,-1,1,95.48703,36,Replayed,9.0
-38.0,-1.0,-1,1,99.98992,36,Replayed,38.0
5.0,-1.0,1,1,81.345215,36,Replayed,5.0
-38.0,1.0,-1,1,99.98999,36,Replayed,38.0
-1.0,0.0,-1,1,59.434628,36,Replayed,1.0
5.0,-1.0,1,1,80.01985,36,Replayed,5.0
38.0,0.0,1,1,99.98993,36,Replayed,38.0
-3.0,1.0,-1,1,74.38352,36,Replayed,3.0
-1.0,-1.0,1,0,41.06263,36,Replayed,1.0
-9.0,-1.0,-1,1,94.4836,36,Replayed,9.0
1.0,-1.0,-1,0,46.2108,36,Replayed,1.0
-38.0,0.0,-1,1,99.98994,36,Replayed,38.0
38.0,-1.0,1,1,99.989876,36,Replayed,38.0
38.0,0.0,1,1,99.98993,36,Replayed,38.0
-3.0,0.0,-1,1,73.67845,36,Replayed,3.0
-3.0,0.0,1,0,26.483166,36,Replayed,3.0
-1.0,-1.0,1,0,40.780865,36,Replayed,1.0
3.0,0.0,1,1,68.32446,36,Replayed,3.0
-38.0,0.0,-1,1,99.98997,36,Replayed,38.0
-9.0,1.0,-1,1,95.92513,36,Replayed,9.0
9.0,1.0,1,1,94.940155,36,Replayed,9.0
38.0,-1.0,1,1,99.98985,36,Replayed,38.0
38.0,1.0,1,1,99.98999,36,Replayed,38.0
3.0,1.0,1,1,69.91202,36,Replayed,3.0
-3.0,1.0,1,0,26.909798,36,Replayed,3.0
-5.0,1.0,-1,1,83.301735,36,Replayed,5.0
9.0,-1.0,1,1,93.866875,36,Replayed,9.0
38.0,0.0,1,1,99.98995,36,Replayed,38.0
-9.0,0.0,-1,1,95.10578,36,Replayed,9.0
3.0,1.0,1,1,69.83902,36,Replayed,3.0
5.0,1.0,1,1,81.686264,36,Replayed,5.0
9.0,0.0,1,1,94.443985,36,Replayed,9.0
1.0,0.0,1,1,54.314823,36,Replayed,1.0
5.0,0.0,1,1,81.86394,36,Replayed,5.0
-9.0,1.0,-1,1,95.92576,36,Replayed,9.0
-9.0,-1.0,-1,1,94.54469,36,Replayed,9.0
9.0,1.0,1,1,94.605865,36,Replayed,9.0
-38.0,-1.0,-1,1,99.9899,36,Replayed,38.0
-5.0,1.0,-1,1,84.02403,36,Replayed,5.0
38.0,-1.0,1,1,99.98985,36,Replayed,38.0
-9.0,-1.0,-1,1,94.83875,36,Replayed,9.0
5.0,1.0,1,1,82.27034,36,Replayed,5.0
5.0,1.0,1,1,82.062454,36,Replayed,5.0
5.0,1.0,1,1,82.730606,36,Replayed,5.0
3.0,-1.0,1,1,67.491806,36,Replayed,3.0
1.0,0.0,1,1,55.120712,36,Replayed,1.0
1.0,-1.0,-1,0,44.910618,36,Replayed,1.0
1.0,-1.0,-1,0,46.107407,36,Replayed,1.0
9.0,1.0,1,1,94.79452,36,Replayed,9.0
38.0,-1.0,1,1,99.98992,36,Replayed,38.0
-5.0,0.0,-1,1,83.374306,36,Replayed,5.0
9.0,1.0,1,1,95.33323,36,Replayed,9.0
-38.0,1.0,-1,1,99.98997,36,Replayed,38.0
3.0,1.0,1,1,69.159904,36,Replayed,3.0
-1.0,1.0,1,0,40.47721,36,Replayed,1.0
3.0,0.0,1,1,69.82508,36,Replayed,3.0
-1.0,0.0,1,0,39.649403,36,Replayed,1.0
-1.0,1.0,-1,1,60.175884,36,Replayed,1.0
-5.0,1.0,-1,1,83.278786,36,Replayed,5.0
3.0,-1.0,-1,0,32.04104,36,Replayed,3.0
38.0,0.0,1,1,99.98995,36,Replayed,38.0
9.0,-1.0,1,1,93.68647,36,Replayed,9.0
1.0,1.0,1,1,55.153156,36,Replayed,1.0
-9.0,-1.0,-1,1,94.49276,36,Replayed,9.0
-3.0,1.0,-1,1,73.92748,36,Replayed,3.0
-1.0,1.0,1,0,41.008915,36,Replayed,1.0
-38.0,-1.0,-1,1,99.989914,36,Replayed,38.0
1.0,0.0,1,1,54.19036,36,Replayed,1.0
5.0,-1.0,1,1,79.86452,36,Replayed,5.0
38.0,1.0,1,1,99.98999,36,Replayed,38.0
38.0,0.0,1,1,99.98987,36,Replayed,38.0
-9.0,-1.0,-1,1,94.4618,36,Replayed,9.0
5.0,-1.0,1,1,80.081,36,Replayed,5.0
1.0,1.0,-1,0,45.374683,36,Replayed,1.0
38.0,1.0,1,1,99.98999,36,Replayed,38.0
9.0,-1.0,1,1,93.53705,36,Replayed,9.0
-9.0,-1.0,-1,1,94.65824,36,Replayed,9.0
3.0,1.0,1,1,69.50267,36,Replayed,3.0
-1.0,0.0,-1,1,60.15907,36,Replayed,1.0
38.0,-1.0,1,1,99.989914,36,Replayed,38.0
-38.0,-1.0,-1,1,99.98992,36,Replayed,38.0
3.0,-1.0,1,1,69.34766,36,Replayed,3.0
-3.0,0.0,-1,1,72.252975,36,Replayed,3.0
9.0,1.0,1,1,94.84013,36,Replayed,9.0
3.0,0.0,1,1,68.71789,36,Replayed,3.0
-3.0,-1.0,1,0,27.082073,36,Replayed,3.0
1.0,1.0,1,1,54.65944,36,Replayed,1.0
9.0,0.0,1,1,94.2702,36,Replayed,9.0
9.0,-1.0,1,1,93.787834,36,Replayed,9.0
5.0,0.0,1,1,82.26367,36,Replayed,5.0
3.0,1.0,1,1,67.26736,36,Replayed,3.0
-3.0,1.0,-1,1,73.77092,36,Replayed,3.0
-9.0,1.0,-1,1,95.57287,36,Replayed,9.0
-1.0,-1.0,-1,1,59.196274,36,Replayed,1.0
9.0,1.0,1,1,95.10282,36,Replayed,9.0
9.0,0.0,1,1,94.12336,36,Replayed,9.0
1.0,1.0,-1,0,45.548836,36,Replayed,1.0
-9.0,0.0,-1,1,95.022064,36,Replayed,9.0
9.0,0.0,1,1,93.9807,36,Replayed,9.0
3.0,-1.0,1,1,68.30786,36,Replayed,3.0
1.0,1.0,-1,0,46.52088,36,Replayed,1.0
9.0,-1.0,1,1,93.6851,36,Replayed,9.0
-38.0,1.0,-1,1,99.989975,36,Replayed,38.0
-3.0,0.0,-1,1,72.3551,36,Replayed,3.0
-5.0,0.0,-1,1,83.95417,36,Replayed,5.0
-9.0,0.0,-1,1,95.17752,36,Replayed,9.0
-9.0,0.0,-1,1,95.19269,36,Replayed,9.0
-3.0,-1.0,-1,1,71.6663,36,Replayed,3.0
9.0,0.0,-1,0,5.522194,36,Replayed,9.0
9.0,1.0,-1,0,5.0496974,36,Replayed,9.0
-5.0,0.0,-1,1,84.44084,36,Replayed,5.0
1.0,0.0,-1,0,45.522224,36,Replayed,1.0
-3.0,-1.0,-1,1,72.35444,36,Replayed,3.0
-5.0,1.0,-1,1,84.757324,36,Replayed,5.0
3.0,-1.0,1,1,69.13688,36,Replayed,3.0
-9.0,0.0,-1,1,95.221535,36,Replayed,9.0
9.0,-1.0,1,1,93.56907,36,Replayed,9.0
38.0,-1.0,1,1,99.98976,36,Replayed,38.0
-5.0,-1.0,1,0,16.723042,36,Replayed,5.0
-1.0,-1.0,-1,1,60.65857,36,Replayed,1.0
-1.0,-1.0,-1,1,57.87982,36,Replayed,1.0
38.0,1.0,1,1,99.98997,36,Replayed,38.0
-38.0,0.0,-1,1,99.98995,36,Replayed,38.0
5.0,-1.0,1,1,80.219406,36,Replayed,5.0
5.0,0.0,1,1,80.49659,36,Replayed,5.0
-1.0,0.0,-1,1,59.617798,36,Replayed,1.0
-5.0,-1.0,-1,1,83.39876,36,Replayed,5.0
-38.0,-1.0,-1,1,99.98993,36,Replayed,38.0
-3.0,1.0,-1,1,72.33746,36,Replayed,3.0
-3.0,1.0,-1,1,73.816666,36,Replayed,3.0
-38.0,0.0,-1,1,99.98997,36,Replayed,38.0
1.0,1.0,1,1,55.32413,36,Replayed,1.0
3.0,-1.0,1,1,69.0994,36,Replayed,3.0
-3.0,0.0,-1,1,73.27515,36,Replayed,3.0
5.0,1.0,1,1,81.79702,36,Replayed,5.0
-1.0,1.0,1,0,40.733032,36,Replayed,1.0
3.0,1.0,1,1,68.82386,36,Replayed,3.0
-3.0,0.0,-1,1,72.4298,36,Replayed,3.0
38.0,0.0,1,1,99.98995,36,Replayed,38.0
-5.0,0.0,-1,1,83.512566,36,Replayed,5.0
38.0,0.0,1,1,99.98993,36,Replayed,38.0
-1.0,0.0,-1,1,59.945595,36,Replayed,1.0
38.0,0.0,1,1,99.98995,36,Replayed,38.0
-9.0,0.0,-1,1,95.50769,36,Replayed,9.0
-5.0,-1.0,-1,1,81.79103,36,Replayed,5.0
-1.0,1.0,1,0,40.451355,36,Replayed,1.0
1.0,0.0,1,1,54.22306,36,Replayed,1.0
1.0,0.0,-1,0,46.090195,36,Replayed,1.0
1.0,-1.0,1,1,54.2376,36,Replayed,1.0
1.0,1.0,1,1,53.848892,36,Replayed,1.0
-5.0,1.0,-1,1,84.05644,36,Replayed,5.0
9.0,1.0,1,1,94.789696,36,Replayed,9.0
-9.0,1.0,-1,1,95.860985,36,Replayed,9.0
38.0,-1.0,1,1,99.989914,36,Replayed,38.0
3.0,0.0,1,1,67.557335,36,Replayed,3.0
-5.0,-1.0,-1,1,82.63117,36,Replayed,5.0
9.0,0.0,1,1,94.483536,36,Replayed,9.0
5.0,0.0,1,1,80.79519,36,Replayed,5.0
1.0,-1.0,1,1,55.31118,36,Replayed,1.0
-5.0,-1.0,-1,1,83.33525,36,Replayed,5.0
-38.0,0.0,-1,1,99.98998,36,Replayed,38.0
3.0,0.0,1,1,69.50144,36,Replayed,3.0
-5.0,-1.0,-1,1,83.3236,36,Replayed,5.0
-5.0,-1.0,-1,1,82.86657,36,Replayed,5.0
-1.0,0.0,-1,1,60.06619,36,Replayed,1.0
-5.0,0.0,-1,1,84.16247,36,Replayed,5.0
-3.0,-1.0,-1,1,72.62611,36,Replayed,3.0
38.0,1.0,1,1,99.98998,36,Replayed,38.0
-38.0,1.0,-1,1,99.98998,36,Replayed,38.0
-5.0,0.0,-1,1,84.018364,36,Replayed,5.0
9.0,-1.0,1,1,93.946205,36,Replayed,9.0
-5.0,1.0,-1,1,84.19511,36,Replayed,5.0
1.0,-1.0,-1,0,45.547302,36,Replayed,1.0
5.0,-1.0,1,1,79.92328,36,Replayed,5.0
5.0,1.0,1,1,81.82382,36,Replayed,5.0
-5.0,0.0,-1,1,84.31162,36,Replayed,5.0
5.0,0.0,-1,0,20.370691,36,Replayed,5.0
38.0,1.0,1,1,99.98999,36,Replayed,38.0
-1.0,1.0,1,0,41.29715,36,Replayed,1.0
1.0,1.0,-1,0,51.98801,37,Replayed,1.0
1.0,0.0,1,1,47.690517,37,Replayed,1.0
3.0,1.0,-1,0,48.36312,37,Replayed,3.0
-5.0,0.0,-1,1,58.17697,37,Replayed,5.0
-38.0,-1.0,-1,1,84.54651,37,Replayed,38.0
9.0,1.0,-1,0,41.735706,37,Replayed,9.0
9.0,-1.0,1,1,56.718773,37,Replayed,9.0
9.0,0.0,1,1,57.51416,37,Replayed,9.0
-3.0,-1.0,-1,1,55.09057,37,Replayed,3.0
3.0,1.0,1,1,50.98147,37,Replayed,3.0
-38.0,-1.0,-1,1,84.513596,37,Replayed,38.0
3.0,0.0,1,1,50.704647,37,Replayed,3.0
-9.0,0.0,-1,1,61.64077,37,Replayed,9.0
-5.0,0.0,-1,1,58.779675,37,Replayed,5.0
-38.0,-1.0,-1,1,85.663605,37,Replayed,38.0
-5.0,0.0,-1,1,57.933254,37,Replayed,5.0
1.0,-1.0,-1,0,51.385838,37,Replayed,1.0
5.0,1.0,1,1,52.720406,37,Replayed,5.0
5.0,1.0,-1,0,46.98897,37,Replayed,5.0
-1.0,-1.0,-1,1,53.196423,37,Replayed,1.0
-1.0,0.0,-1,1,54.234158,37,Replayed,1.0
-1.0,-1.0,-1,1,53.529842,37,Replayed,1.0
9.0,1.0,1,1,58.844982,37,Replayed,9.0
5.0,1.0,-1,0,46.442047,37,Replayed,5.0
-9.0,-1.0,1,0,39.361908,37,Replayed,9.0
3.0,-1.0,-1,0,50.548065,37,Replayed,3.0
-3.0,-1.0,-1,1,55.68537,37,Replayed,3.0
1.0,0.0,1,1,48.537365,37,Replayed,1.0
-3.0,-1.0,-1,1,54.656498,37,Replayed,3.0
-1.0,-1.0,-1,1,53.614147,37,Replayed,1.0
-9.0,0.0,-1,1,62.52915,37,Replayed,9.0
-5.0,-1.0,-1,1,58.71371,37,Replayed,5.0
3.0,-1.0,1,1,49.823673,37,Replayed,3.0
5.0,-1.0,-1,0,48.000523,37,Replayed,5.0
1.0,-1.0,-1,0,51.66874,37,Replayed,1.0
38.0,-1.0,1,1,81.36801,37,Replayed,38.0
5.0,-1.0,-1,0,46.89228,37,Replayed,5.0
9.0,0.0,1,1,57.050903,37,Replayed,9.0
-38.0,0.0,-1,1,87.30346,37,Replayed,38.0
-3.0,-1.0,1,0,43.781044,37,Replayed,3.0
-5.0,1.0,-1,1,59.73491,37,Replayed,5.0
-1.0,-1.0,-1,1,52.98835,37,Replayed,1.0
-9.0,0.0,1,0,37.343063,37,Replayed,9.0
-38.0,0.0,-1,1,87.66297,37,Replayed,38.0
1.0,-1.0,1,1,48.42824,37,Replayed,1.0
9.0,-1.0,-1,0,42.84862,37,Replayed,9.0
1.0,-1.0,-1,0,50.84293,37,Replayed,1.0
-5.0,1.0,-1,1,59.637897,37,Replayed,5.0
9.0,-1.0,-1,0,42.83135,37,Replayed,9.0
-5.0,-1.0,-1,1,57.93705,37,Replayed,5.0
-3.0,1.0,-1,1,57.0172,37,Replayed,3.0
3.0,1.0,-1,0,48.419838,37,Replayed,3.0
-38.0,0.0,-1,1,87.3141,37,Replayed,38.0
1.0,0.0,-1,0,51.802902,37,Replayed,1.0
5.0,0.0,1,1,53.17071,37,Replayed,5.0
-3.0,0.0,-1,1,55.70401,37,Replayed,3.0
3.0,1.0,1,1,50.352554,37,Replayed,3.0
-1.0,1.0,-1,1,54.38481,37,Replayed,1.0
-3.0,0.0,-1,1,56.05863,37,Replayed,3.0
9.0,1.0,-1,0,41.477947,37,Replayed,9.0
1.0,1.0,-1,0,51.168407,37,Replayed,1.0
-5.0,1.0,1,0,41.276573,37,Replayed,5.0
38.0,0.0,1,1,84.08175,37,Replayed,38.0
-38.0,1.0,-1,1,89.04682,37,Replayed,38.0
-5.0,-1.0,-1,1,57.452904,37,Replayed,5.0
-5.0,-1.0,-1,1,56.495804,37,Replayed,5.0
-5.0,1.0,-1,1,59.075756,37,Replayed,5.0
-3.0,1.0,1,0,42.965534,37,Replayed,3.0
5.0,-1.0,1,1,52.148193,37,Replayed,5.0
38.0,1.0,1,1,86.22914,37,Replayed,38.0
38.0,-1.0,1,1,80.6678,37,Replayed,38.0
-38.0,1.0,-1,1,88.91912,37,Replayed,38.0
9.0,0.0,-1,0,42.29325,37,Replayed,9.0
-3.0,0.0,-1,1,56.573326,37,Replayed,3.0
-3.0,0.0,1,0,43.12566,37,Replayed,3.0
5.0,0.0,-1,0,47.147415,37,Replayed,5.0
-9.0,-1.0,-1,1,61.036884,37,Replayed,9.0
38.0,-1.0,1,1,81.5323,37,Replayed,38.0
-5.0,-1.0,-1,1,57.68895,37,Replayed,5.0
3.0,1.0,1,1,50.321598,37,Replayed,3.0
-38.0,0.0,-1,1,86.7827,37,Replayed,38.0
38.0,-1.0,1,1,81.4876,37,Replayed,38.0
-5.0,0.0,-1,1,57.95304,37,Replayed,5.0
-1.0,-1.0,1,0,46.662544,37,Replayed,1.0
-1.0,0.0,-1,1,53.139748,37,Replayed,1.0
1.0,1.0,-1,0,51.157784,37,Replayed,1.0
9.0,1.0,1,1,58.537777,37,Replayed,9.0
38.0,1.0,1,1,85.87414,37,Replayed,38.0
-9.0,0.0,1,0,36.950436,37,Replayed,9.0
3.0,-1.0,1,1,49.703598,37,Replayed,3.0
9.0,0.0,-1,0,43.40081,37,Replayed,9.0
-38.0,1.0,-1,1,88.53259,37,Replayed,38.0
-9.0,-1.0,-1,1,61.75674,37,Replayed,9.0
-1.0,1.0,1,0,44.33705,37,Replayed,1.0
5.0,0.0,1,1,53.698753,37,Replayed,5.0
-5.0,0.0,1,0,41.204636,37,Replayed,5.0
9.0,0.0,1,1,57.519615,37,Replayed,9.0
-3.0,-1.0,1,0,43.538998,37,Replayed,3.0
-1.0,-1.0,-1,1,53.0769,37,Replayed,1.0
-38.0,0.0,-1,1,87.034035,37,Replayed,38.0
38.0,0.0,1,1,83.95733,37,Replayed,38.0
5.0,-1.0,1,1,53.193336,37,Replayed,5.0
-38.0,1.0,-1,1,89.21009,37,Replayed,38.0
-5.0,0.0,-1,1,57.809715,37,Replayed,5.0
-1.0,1.0,-1,1,54.193306,37,Replayed,1.0
9.0,-1.0,1,1,55.606766,37,Replayed,9.0
-3.0,1.0,1,0,43.23263,37,Replayed,3.0
-1.0,0.0,-1,1,53.18078,37,Replayed,1.0
5.0,0.0,1,1,53.58844,37,Replayed,5.0
-1.0,1.0,-1,1,53.86221,37,Replayed,1.0
-9.0,-1.0,-1,1,60.705536,37,Replayed,9.0
3.0,-1.0,1,1,50.85644,37,Replayed,3.0
-5.0,1.0,-1,1,60.244858,37,Replayed,5.0
1.0,-1.0,1,1,49.420387,37,Replayed,1.0
-3.0,-1.0,1,0,44.72814,37,Replayed,3.0
5.0,-1.0,-1,0,47.72268,37,Replayed,5.0
5.0,1.0,1,1,53.456062,37,Replayed,5.0
-5.0,0.0,1,0,42.237057,37,Replayed,5.0
38.0,1.0,1,1,86.106346,37,Replayed,38.0
38.0,-1.0,1,1,81.42916,37,Replayed,38.0
5.0,0.0,1,1,53.36017,37,Replayed,5.0
5.0,0.0,-1,0,47.03286,37,Replayed,5.0
-9.0,1.0,-1,1,63.15298,37,Replayed,9.0
5.0,1.0,1,1,54.886806,37,Replayed,5.0
9.0,1.0,1,1,57.604443,37,Replayed,9.0
-9.0,-1.0,-1,1,61.862923,37,Replayed,9.0
1.0,1.0,-1,0,52.751015,37,Replayed,1.0
38.0,-1.0,1,1,81.55946,37,Replayed,38.0
-3.0,1.0,1,0,43.416973,37,Replayed,3.0
-3.0,1.0,-1,1,56.909813,37,Replayed,3.0
-38.0,-1.0,-1,1,84.88996,37,Replayed,38.0
38.0,1.0,1,1,86.17253,37,Replayed,38.0
38.0,0.0,1,1,84.53251,37,Replayed,38.0
-9.0,-1.0,-1,1,61.22192,37,Replayed,9.0
-5.0,-1.0,-1,1,56.75438,37,Replayed,5.0
38.0,0.0,1,1,83.75289,37,Replayed,38.0
5.0,-1.0,1,1,53.404236,37,Replayed,5.0
-5.0,1.0,-1,1,59.847347,37,Replayed,5.0
5.0,1.0,1,1,52.811157,37,Replayed,5.0
9.0,0.0,1,1,57.552505,37,Replayed,9.0
-1.0,0.0,-1,1,54.20704,37,Replayed,1.0
-9.0,1.0,-1,1,63.81774,37,Replayed,9.0
-1.0,-1.0,1,0,46.416058,37,Replayed,1.0
-5.0,1.0,-1,1,58.844143,37,Replayed,5.0
1.0,1.0,-1,0,52.614246,37,Replayed,1.0
3.0,0.0,-1,0,49.81072,37,Replayed,3.0
-1.0,0.0,1,0,46.06951,37,Replayed,1.0
9.0,1.0,1,1,58.349003,37,Replayed,9.0
3.0,0.0,1,1,50.91592,37,Replayed,3.0
-9.0,1.0,-1,1,63.51098,37,Replayed,9.0
1.0,0.0,-1,0,52.37407,37,Replayed,1.0
3.0,0.0,1,1,50.69555,37,Replayed,3.0
5.0,1.0,-1,0,47.35026,37,Replayed,5.0
3.0,-1.0,-1,0,49.408356,37,Replayed,3.0
-38.0,-1.0,-1,1,85.01233,37,Replayed,38.0
-5.0,0.0,-1,1,58.30856,37,Replayed,5.0
-3.0,1.0,1,0,42.97966,37,Replayed,3.0
5.0,0.0,-1,0,46.879765,37,Replayed,5.0
38.0,0.0,-1,0,16.346828,37,Replayed,38.0
-9.0,0.0,1,0,37.801056,37,Replayed,9.0
38.0,-1.0,1,1,81.83352,37,Replayed,38.0
-3.0,0.0,-1,1,55.700195,37,Replayed,3.0
-1.0,1.0,-1,1,54.443012,37,Replayed,1.0
38.0,0.0,1,1,83.83545,37,Replayed,38.0
-1.0,0.0,-1,1,54.497498,37,Replayed,1.0
3.0,-1.0,1,1,50.613934,37,Replayed,3.0
-5.0,1.0,-1,1,59.802853,37,Replayed,5.0
9.0,1.0,1,1,57.834236,37,Replayed,9.0
-1.0,-1.0,-1,1,54.443115,37,Replayed,1.0
1.0,-1.0,1,1,47.182236,37,Replayed,1.0
-38.0,1.0,-1,1,88.769264,37,Replayed,38.0
1.0,-1.0,1,1,48.87576,37,Replayed,1.0
-9.0,-1.0,-1,1,61.414314,37,Replayed,9.0
38.0,-1.0,1,1,81.01576,37,Replayed,38.0
38.0,0.0,1,1,83.519356,37,Replayed,38.0
-3.0,0.0,-1,1,56.316246,37,Replayed,3.0
-3.0,0.0,1,0,44.446808,37,Replayed,3.0
-3.0,1.0,1,0,42.920372,37,Replayed,3.0
-9.0,1.0,-1,1,63.658844,37,Replayed,9.0
3.0,1.0,1,1,49.760315,37,Replayed,3.0
-1.0,1.0,-1,1,53.510357,37,Replayed,1.0
38.0,1.0,1,1,86.27236,37,Replayed,38.0
9.0,-1.0,-1,0,42.632385,37,Replayed,9.0
1.0,0.0,-1,0,51.42973,37,Replayed,1.0
9.0,0.0,-1,0,43.17694,37,Replayed,9.0
-5.0,-1.0,1,0,41.956196,37,Replayed,5.0
-38.0,1.0,-1,1,89.09229,37,Replayed,38.0
9.0,-1.0,1,1,56.07426,37,Replayed,9.0
-38.0,1.0,-1,1,88.83877,37,Replayed,38.0
-9.0,1.0,-1,1,64.591064,37,Replayed,9.0
3.0,0.0,1,1,49.583477,37,Replayed,3.0
-3.0,-1.0,-1,1,55.871536,37,Replayed,3.0
-1.0,1.0,-1,1,54.768856,37,Replayed,1.0
-5.0,-1.0,1,0,43.213104,37,Replayed,5.0
3.0,0.0,-1,0,49.262646,37,Replayed,3.0
3.0,0.0,-1,0,49.01151,37,Replayed,3.0
38.0,1.0,1,1,86.70236,37,Replayed,38.0
-3.0,1.0,1,0,43.26998,37,Replayed,3.0
-38.0,0.0,-1,1,87.088844,37,Replayed,38.0
3.0,-1.0,-1,0,49.428574,37,Replayed,3.0
-9.0,-1.0,-1,1,61.047935,37,Replayed,9.0
5.0,1.0,-1,0,45.620716,37,Replayed,5.0
1.0,-1.0,-1,0,51.281773,37,Replayed,1.0
1.0,0.0,-1,0,51.550068,37,Replayed,1.0
3.0,0.0,1,1,50.352608,37,Replayed,3.0
9.0,-1.0,1,1,56.451088,37,Replayed,9.0
-38.0,0.0,-1,1,87.42676,37,Replayed,38.0
1.0,0.0,1,1,48.698517,37,Replayed,1.0
3.0,1.0,-1,0,48.927723,37,Replayed,3.0
38.0,0.0,1,1,83.7133,37,Replayed,38.0
-9.0,0.0,-1,1,62.802197,37,Replayed,9.0
-38.0,-1.0,-1,1,84.72452,37,Replayed,38.0
-1.0,1.0,-1,1,54.62601,37,Replayed,1.0
-38.0,0.0,-1,1,87.614685,37,Replayed,38.0
1.0,1.0,-1,0,53.15171,37,Replayed,1.0
1.0,1.0,1,1,48.1269,37,Replayed,1.0
-38.0,-1.0,-1,1,84.95189,37,Replayed,38.0
-38.0,-1.0,-1,1,85.34275,37,Replayed,38.0
1.0,1.0,1,1,47.251156,37,Replayed,1.0
-9.0,0.0,-1,1,63.457848,37,Replayed,9.0
-9.0,1.0,-1,1,64.8172,37,Replayed,9.0
38.0,1.0,-1,0,13.5309,37,Replayed,38.0
38.0,1.0,1,1,86.55682,37,Replayed,38.0
-9.0,1.0,-1,1,64.514336,37,Replayed,9.0
-1.0,0.0,-1,1,55.394913,37,Replayed,1.0
-38.0,1.0,-1,1,89.4087,37,Replayed,38.0
9.0,-1.0,-1,0,43.801067,37,Replayed,9.0
9.0,0.0,1,1,57.03691,37,Replayed,9.0
5.0,-1.0,1,1,52.48212,37,Replayed,5.0
3.0,1.0,1,1,50.46919,37,Replayed,3.0
-9.0,0.0,-1,1,62.051487,37,Replayed,9.0
1.0,0.0,1,1,47.963585,37,Replayed,1.0
-9.0,1.0,-1,1,64.39861,37,Replayed,9.0
3.0,-1.0,1,1,50.115837,37,Replayed,3.0
9.0,1.0,-1,0,41.881393,37,Replayed,9.0
-1.0,0.0,1,0,46.520786,37,Replayed,1.0
-3.0,-1.0,-1,1,55.313293,37,Replayed,3.0
-3.0,0.0,1,0,44.950737,37,Replayed,3.0
5.0,0.0,1,1,52.8173,37,Replayed,5.0
5.0,1.0,1,1,58.4329,38,Replayed,5.0
1.0,0.0,-1,0,49.864105,38,Replayed,1.0
-38.0,-1.0,-1,1,98.05563,38,Replayed,38.0
5.0,1.0,1,1,58.736332,38,Replayed,5.0
38.0,-1.0,1,1,97.45348,38,Replayed,38.0
-9.0,0.0,-1,1,71.55427,38,Replayed,9.0
-1.0,1.0,1,0,45.590637,38,Replayed,1.0
38.0,0.0,1,1,97.87429,38,Replayed,38.0
9.0,0.0,-1,0,31.260773,38,Replayed,9.0
5.0,0.0,1,1,59.16461,38,Replayed,5.0
38.0,1.0,1,1,98.365036,38,Replayed,38.0
3.0,-1.0,-1,0,46.85231,38,Replayed,3.0
38.0,-1.0,1,1,97.59568,38,Replayed,38.0
38.0,1.0,1,1,98.27362,38,Replayed,38.0
38.0,1.0,1,1,98.25223,38,Replayed,38.0
-1.0,-1.0,1,0,46.003582,38,Replayed,1.0
-1.0,1.0,-1,1,54.544765,38,Replayed,1.0
-3.0,-1.0,1,0,41.03777,38,Replayed,3.0
-5.0,0.0,1,0,36.85152,38,Replayed,5.0
5.0,0.0,-1,0,41.774193,38,Replayed,5.0
-3.0,1.0,-1,1,60.0635,38,Replayed,3.0
-1.0,-1.0,-1,1,55.210995,38,Replayed,1.0
-1.0,0.0,-1,1,54.75414,38,Replayed,1.0
-9.0,1.0,-1,1,74.277725,38,Replayed,9.0
-9.0,0.0,-1,1,72.639915,38,Replayed,9.0
-5.0,0.0,-1,1,63.70022,38,Replayed,5.0
-1.0,1.0,1,0,43.85274,38,Replayed,1.0
-9.0,-1.0,-1,1,71.39415,38,Replayed,9.0
-38.0,0.0,-1,1,98.374245,38,Replayed,38.0
-1.0,-1.0,-1,1,54.23725,38,Replayed,1.0
-9.0,1.0,-1,1,73.00088,38,Replayed,9.0
-3.0,-1.0,-1,1,59.432816,38,Replayed,3.0
3.0,-1.0,-1,0,46.462677,38,Replayed,3.0
-3.0,-1.0,-1,1,59.669834,38,Replayed,3.0
38.0,-1.0,1,1,97.349396,38,Replayed,38.0
9.0,1.0,1,1,68.24876,38,Replayed,9.0
38.0,0.0,1,1,97.84002,38,Replayed,38.0
1.0,1.0,-1,0,50.94491,38,Replayed,1.0
-9.0,1.0,-1,1,73.32157,38,Replayed,9.0
3.0,1.0,1,1,54.023533,38,Replayed,3.0
-3.0,-1.0,-1,1,59.319202,38,Replayed,3.0
-9.0,1.0,1,0,26.901117,38,Replayed,9.0
-38.0,-1.0,-1,1,97.97752,38,Replayed,38.0
-5.0,0.0,-1,1,64.53607,38,Replayed,5.0
38.0,-1.0,1,1,97.35724,38,Replayed,38.0
5.0,-1.0,1,1,57.961464,38,Replayed,5.0
-5.0,-1.0,-1,1,62.793518,38,Replayed,5.0
-1.0,-1.0,1,0,45.490818,38,Replayed,1.0
9.0,0.0,1,1,67.58275,38,Replayed,9.0
-9.0,-1.0,-1,1,72.583244,38,Replayed,9.0
-9.0,0.0,-1,1,72.07969,38,Replayed,9.0
-38.0,0.0,-1,1,98.29351,38,Replayed,38.0
-38.0,1.0,-1,1,98.611275,38,Replayed,38.0
-5.0,1.0,-1,1,64.70493,38,Replayed,5.0
-38.0,1.0,-1,1,98.603516,38,Replayed,38.0
38.0,0.0,1,1,97.779915,38,Replayed,38.0
3.0,-1.0,-1,0,45.395573,38,Replayed,3.0
-9.0,0.0,1,0,28.096897,38,Replayed,9.0
-5.0,0.0,-1,1,64.69954,38,Replayed,5.0
3.0,0.0,-1,0,46.465214,38,Replayed,3.0
-5.0,-1.0,1,0,36.777386,38,Replayed,5.0
9.0,-1.0,1,1,65.96476,38,Replayed,9.0
-9.0,-1.0,-1,1,71.97286,38,Replayed,9.0
1.0,-1.0,-1,0,50.380463,38,Replayed,1.0
9.0,-1.0,-1,0,32.506397,38,Replayed,9.0
3.0,0.0,-1,0,46.330025,38,Replayed,3.0
3.0,1.0,-1,0,45.774467,38,Replayed,3.0
1.0,-1.0,1,1,48.808697,38,Replayed,1.0
1.0,-1.0,-1,0,51.289272,38,Replayed,1.0
-9.0,0.0,1,0,27.604162,38,Replayed,9.0
38.0,1.0,1,1,98.31736,38,Replayed,38.0
-3.0,0.0,-1,1,60.131855,38,Replayed,3.0
-38.0,-1.0,-1,1,98.03013,38,Replayed,38.0
-1.0,-1.0,1,0,44.926605,38,Replayed,1.0
-38.0,-1.0,-1,1,98.010605,38,Replayed,38.0
9.0,-1.0,-1,0,32.663834,38,Replayed,9.0
-9.0,0.0,-1,1,72.53778,38,Replayed,9.0
9.0,0.0,1,1,69.00613,38,Replayed,9.0
-5.0,1.0,1,0,35.79342,38,Replayed,5.0
-1.0,1.0,1,0,44.477886,38,Replayed,1.0
3.0,0.0,1,1,54.216194,38,Replayed,3.0
38.0,-1.0,1,1,97.44252,38,Replayed,38.0
-1.0,1.0,1,0,45.009018,38,Replayed,1.0
3.0,-1.0,1,1,54.084408,38,Replayed,3.0
-9.0,1.0,-1,1,73.601135,38,Replayed,9.0
-3.0,0.0,1,0,40.03471,38,Replayed,3.0
1.0,1.0,1,1,49.80656,38,Replayed,1.0
1.0,0.0,-1,0,49.435215,38,Replayed,1.0
-9.0,-1.0,-1,1,72.04353,38,Replayed,9.0
-5.0,1.0,1,0,35.26945,38,Replayed,5.0
-9.0,-1.0,-1,1,72.024734,38,Replayed,9.0
-5.0,-1.0,-1,1,62.795734,38,Replayed,5.0
-1.0,0.0,-1,1,53.49202,38,Replayed,1.0
-38.0,-1.0,-1,1,98.035965,38,Replayed,38.0
38.0,-1.0,1,1,97.63216,38,Replayed,38.0
-9.0,1.0,1,0,27.760462,38,Replayed,9.0
-38.0,0.0,-1,1,98.21325,38,Replayed,38.0
38.0,1.0,1,1,98.19294,38,Replayed,38.0
-5.0,1.0,1,0,36.651672,38,Replayed,5.0
5.0,0.0,1,1,58.844738,38,Replayed,5.0
1.0,1.0,1,1,50.877983,38,Replayed,1.0
-1.0,0.0,1,0,45.00131,38,Replayed,1.0
-3.0,1.0,-1,1,59.330975,38,Replayed,3.0
1.0,-1.0,1,1,49.547787,38,Replayed,1.0
1.0,0.0,1,1,49.297783,38,Replayed,1.0
5.0,-1.0,1,1,57.644863,38,Replayed,5.0
-1.0,-1.0,-1,1,54.369076,38,Replayed,1.0
3.0,-1.0,-1,0,45.1646,38,Replayed,3.0
-3.0,0.0,1,0,41.15932,38,Replayed,3.0
9.0,0.0,1,1,67.78997,38,Replayed,9.0
-3.0,0.0,-1,1,59.87435,38,Replayed,3.0
3.0,0.0,-1,0,46.081764,38,Replayed,3.0
-3.0,-1.0,1,0,40.914364,38,Replayed,3.0
5.0,0.0,-1,0,41.928074,38,Replayed,5.0
-5.0,-1.0,1,0,36.51868,38,Replayed,5.0
-9.0,0.0,-1,1,72.042404,38,Replayed,9.0
9.0,1.0,1,1,68.290016,38,Replayed,9.0
-1.0,-1.0,-1,1,54.843628,38,Replayed,1.0
5.0,1.0,1,1,59.943993,38,Replayed,5.0
3.0,1.0,-1,0,45.533123,38,Replayed,3.0
3.0,0.0,-1,0,46.619484,38,Replayed,3.0
-1.0,0.0,1,0,45.752888,38,Replayed,1.0
1.0,-1.0,-1,0,51.807976,38,Replayed,1.0
3.0,1.0,1,1,53.49318,38,Replayed,3.0
-5.0,-1.0,-1,1,65.18106,38,Replayed,5.0
1.0,-1.0,-1,0,49.656994,38,Replayed,1.0
3.0,-1.0,-1,0,45.97148,38,Replayed,3.0
-5.0,0.0,1,0,37.479675,38,Replayed,5.0
9.0,-1.0,-1,0,32.662567,38,Replayed,9.0
5.0,0.0,1,1,57.63833,38,Replayed,5.0
3.0,1.0,1,1,53.027107,38,Replayed,3.0
5.0,-1.0,-1,0,43.564285,38,Replayed,5.0
9.0,0.0,1,1,67.51743,38,Replayed,9.0
9.0,1.0,1,1,67.371025,38,Replayed,9.0
5.0,0.0,1,1,57.89132,38,Replayed,5.0
-3.0,1.0,-1,1,59.872253,38,Replayed,3.0
5.0,-1.0,1,1,58.446842,38,Replayed,5.0
-3.0,0.0,-1,1,58.500088,38,Replayed,3.0
-38.0,0.0,-1,1,98.17503,38,Replayed,38.0
9.0,-1.0,-1,0,32.682045,38,Replayed,9.0
-1.0,1.0,1,0,45.161716,38,Replayed,1.0
1.0,0.0,-1,0,50.24824,38,Replayed,1.0
1.0,1.0,1,1,48.329723,38,Replayed,1.0
3.0,1.0,1,1,54.928772,38,Replayed,3.0
3.0,1.0,-1,0,46.088345,38,Replayed,3.0
38.0,0.0,1,1,98.07256,38,Replayed,38.0
-1.0,0.0,1,0,45.371964,38,Replayed,1.0
-9.0,1.0,1,0,26.660364,38,Replayed,9.0
3.0,1.0,-1,0,43.944122,38,Replayed,3.0
5.0,-1.0,1,1,58.08703,38,Replayed,5.0
3.0,0.0,1,1,52.780594,38,Replayed,3.0
-1.0,1.0,1,0,44.807777,38,Replayed,1.0
1.0,0.0,-1,0,49.28697,38,Replayed,1.0
-5.0,1.0,1,0,35.23503,38,Replayed,5.0
-38.0,1.0,-1,1,98.68983,38,Replayed,38.0
-5.0,-1.0,-1,1,63.054443,38,Replayed,5.0
38.0,0.0,1,1,97.974205,38,Replayed,38.0
9.0,1.0,1,1,68.250946,38,Replayed,9.0
-9.0,1.0,-1,1,72.84356,38,Replayed,9.0
-3.0,0.0,-1,1,58.904354,38,Replayed,3.0
-1.0,1.0,1,0,44.32603,38,Replayed,1.0
-5.0,1.0,-1,1,63.977146,38,Replayed,5.0
-5.0,1.0,-1,1,64.81279,38,Replayed,5.0
-5.0,-1.0,-1,1,64.01503,38,Replayed,5.0
38.0,-1.0,1,1,97.53827,38,Replayed,38.0
5.0,1.0,-1,0,41.90015,38,Replayed,5.0
38.0,1.0,1,1,98.27838,38,Replayed,38.0
-5.0,0.0,-1,1,64.47982,38,Replayed,5.0
1.0,0.0,-1,0,49.7088,38,Replayed,1.0
3.0,0.0,1,1,52.923595,38,Replayed,3.0
1.0,-1.0,-1,0,51.019424,38,Replayed,1.0
9.0,1.0,1,1,68.1868,38,Replayed,9.0
5.0,0.0,1,1,58.536804,38,Replayed,5.0
5.0,1.0,1,1,59.726917,38,Replayed,5.0
38.0,0.0,1,1,97.804054,38,Replayed,38.0
9.0,0.0,1,1,66.517136,38,Replayed,9.0
-3.0,1.0,-1,1,60.499924,38,Replayed,3.0
-1.0,0.0,-1,1,55.689697,38,Replayed,1.0
5.0,-1.0,1,1,58.419067,38,Replayed,5.0
1.0,1.0,-1,0,50.381203,38,Replayed,1.0
5.0,1.0,-1,0,41.330982,38,Replayed,5.0
-3.0,1.0,-1,1,58.898674,38,Replayed,3.0
9.0,0.0,1,1,68.15876,38,Replayed,9.0
3.0,-1.0,1,1,54.95506,38,Replayed,3.0
-38.0,1.0,-1,1,98.615456,38,Replayed,38.0
-3.0,1.0,1,0,41.47021,38,Replayed,3.0
-9.0,-1.0,-1,1,72.18892,38,Replayed,9.0
-1.0,-1.0,-1,1,54.684647,38,Replayed,1.0
1.0,0.0,-1,0,49.843266,38,Replayed,1.0
-38.0,-1.0,-1,1,98.03491,38,Replayed,38.0
-1.0,0.0,-1,1,54.697342,38,Replayed,1.0
3.0,0.0,1,1,54.737274,38,Replayed,3.0
38.0,1.0,1,1,98.29928,38,Replayed,38.0
5.0,-1.0,1,1,58.62555,38,Replayed,5.0
-38.0,0.0,-1,1,98.39126,38,Replayed,38.0
-3.0,1.0,-1,1,58.66681,38,Replayed,3.0
-3.0,1.0,-1,1,59.259277,38,Replayed,3.0
9.0,-1.0,1,1,64.80449,38,Replayed,9.0
-9.0,-1.0,-1,1,71.20767,38,Replayed,9.0
-1.0,0.0,-1,1,56.76866,38,Replayed,1.0
-3.0,-1.0,-1,1,58.531666,38,Replayed,3.0
-5.0,0.0,-1,1,63.43937,38,Replayed,5.0
9.0,1.0,1,1,68.79051,38,Replayed,9.0
9.0,0.0,-1,0,32.25701,38,Replayed,9.0
-3.0,0.0,1,0,40.010414,38,Replayed,3.0
-9.0,0.0,-1,1,72.693306,38,Replayed,9.0
9.0,-1.0,1,1,67.15174,38,Replayed,9.0
3.0,-1.0,-1,0,45.893135,38,Replayed,3.0
1.0,1.0,-1,0,50.11829,38,Replayed,1.0
-5.0,-1.0,-1,1,62.49143,38,Replayed,5.0
5.0,1.0,1,1,57.6975,38,Replayed,5.0
1.0,0.0,1,1,50.162613,38,Replayed,1.0
5.0,-1.0,-1,0,42.331753,38,Replayed,5.0
-5.0,1.0,-1,1,64.5314,38,Replayed,5.0
5.0,1.0,-1,0,41.332493,38,Replayed,5.0
-5.0,0.0,-1,1,63.950527,38,Replayed,5.0
-9.0,-1.0,1,0,28.180908,38,Replayed,9.0
-3.0,0.0,-1,1,59.018887,38,Replayed,3.0
38.0,1.0,1,1,98.2229,38,Replayed,38.0
1.0,1.0,1,1,50.766735,38,Replayed,1.0
9.0,1.0,1,1,68.899,38,Replayed,9.0
38.0,-1.0,1,1,97.58002,38,Replayed,38.0
3.0,0.0,-1,0,48.256294,39,Replayed,3.0
-9.0,-1.0,-1,1,54.065002,39,Replayed,9.0
-9.0,-1.0,-1,1,52.363182,39,Replayed,9.0
5.0,1.0,1,1,53.104546,39,Replayed,5.0
3.0,-1.0,1,1,51.484276,39,Replayed,3.0
-1.0,-1.0,1,0,50.662815,39,Replayed,1.0
3.0,-1.0,1,1,50.810085,39,Replayed,3.0
9.0,-1.0,1,1,53.63856,39,Replayed,9.0
3.0,-1.0,1,1,53.05981,39,Replayed,3.0
38.0,-1.0,1,1,73.62822,39,Replayed,38.0
9.0,0.0,1,1,53.587902,39,Replayed,9.0
-9.0,-1.0,-1,1,52.971203,39,Replayed,9.0
-1.0,-1.0,-1,1,50.508797,39,Replayed,1.0
-3.0,-1.0,1,0,49.179592,39,Replayed,3.0
-1.0,1.0,1,0,49.172447,39,Replayed,1.0
-3.0,0.0,1,0,48.928383,39,Replayed,3.0
38.0,1.0,1,1,76.13088,39,Replayed,38.0
1.0,1.0,-1,0,49.540768,39,Replayed,1.0
-1.0,0.0,-1,1,49.58691,39,Replayed,1.0
5.0,1.0,1,1,52.784645,39,Replayed,5.0
5.0,1.0,1,1,52.95049,39,Replayed,5.0
-3.0,1.0,-1,1,51.28641,39,Replayed,3.0
-1.0,-1.0,1,0,49.738693,39,Replayed,1.0
9.0,0.0,1,1,54.41635,39,Replayed,9.0
-5.0,0.0,-1,1,50.995956,39,Replayed,5.0
9.0,1.0,1,1,55.274654,39,Replayed,9.0
3.0,1.0,1,1,51.764416,39,Replayed,3.0
-3.0,-1.0,1,0,49.551735,39,Replayed,3.0
-1.0,1.0,1,0,48.801563,39,Replayed,1.0
-9.0,0.0,-1,1,54.148865,39,Replayed,9.0
-5.0,0.0,-1,1,52.12434,39,Replayed,5.0
38.0,0.0,1,1,74.761375,39,Replayed,38.0
5.0,-1.0,1,1,52.420044,39,Replayed,5.0
5.0,0.0,1,1,52.258163,39,Replayed,5.0
-5.0,-1.0,1,0,48.21615,39,Replayed,5.0
-1.0,1.0,-1,1,51.320435,39,Replayed,1.0
-38.0,1.0,-1,1,76.177956,39,Replayed,38.0
9.0,-1.0,1,1,53.65764,39,Replayed,9.0
1.0,-1.0,1,1,51.417274,39,Replayed,1.0
-5.0,1.0,-1,1,52.32686,39,Replayed,5.0
-5.0,0.0,1,0,47.495544,39,Replayed,5.0
-9.0,0.0,-1,1,53.099228,39,Replayed,9.0
1.0,-1.0,-1,0,49.584892,39,Replayed,1.0
1.0,1.0,1,1,50.62415,39,Replayed,1.0
-9.0,0.0,-1,1,54.04006,39,Replayed,9.0
3.0,1.0,-1,0,48.098713,39,Replayed,3.0
38.0,1.0,1,1,76.378784,39,Replayed,38.0
1.0,0.0,-1,0,49.44685,39,Replayed,1.0
-5.0,1.0,-1,1,52.374165,39,Replayed,5.0
-38.0,0.0,-1,1,73.879295,39,Replayed,38.0
3.0,0.0,1,1,51.00338,39,Replayed,3.0
-1.0,0.0,-1,1,51.935326,39,Replayed,1.0
1.0,0.0,-1,0,49.738525,39,Replayed,1.0
9.0,1.0,1,1,54.25293,39,Replayed,9.0
5.0,1.0,1,1,52.344227,39,Replayed,5.0
9.0,0.0,1,1,53.91356,39,Replayed,9.0
-5.0,1.0,1,0,48.08217,39,Replayed,5.0
3.0,-1.0,1,1,50.656837,39,Replayed,3.0
-38.0,1.0,-1,1,76.20671,39,Replayed,38.0
1.0,-1.0,-1,0,49.136055,39,Replayed,1.0
9.0,1.0,1,1,55.59121,39,Replayed,9.0
-1.0,-1.0,-1,1,50.601856,39,Replayed,1.0
5.0,0.0,1,1,52.842896,39,Replayed,5.0
38.0,0.0,1,1,75.14087,39,Replayed,38.0
9.0,0.0,1,1,54.42562,39,Replayed,9.0
9.0,0.0,1,1,54.024487,39,Replayed,9.0
3.0,1.0,1,1,51.998306,39,Replayed,3.0
1.0,1.0,1,1,50.919968,39,Replayed,1.0
-9.0,0.0,-1,1,53.105015,39,Replayed,9.0
-3.0,-1.0,1,0,48.916977,39,Replayed,3.0
-3.0,1.0,-1,1,52.398224,39,Replayed,3.0
-38.0,0.0,-1,1,73.87246,39,Replayed,38.0
-5.0,0.0,-1,1,52.221584,39,Replayed,5.0
-38.0,0.0,-1,1,74.42329,39,Replayed,38.0
1.0,0.0,-1,0,49.47368,39,Replayed,1.0
1.0,1.0,-1,0,49.844273,39,Replayed,1.0
1.0,0.0,-1,0,49.45864,39,Replayed,1.0
3.0,1.0,1,1,51.924355,39,Replayed,3.0
1.0,1.0,-1,0,49.341064,39,Replayed,1.0
-5.0,-1.0,-1,1,50.985504,39,Replayed,5.0
-9.0,-1.0,-1,1,53.781857,39,Replayed,9.0
-5.0,1.0,-1,1,52.17408,39,Replayed,5.0
3.0,0.0,-1,0,48.91225,39,Replayed,3.0
9.0,-1.0,1,1,54.01355,39,Replayed,9.0
-9.0,1.0,-1,1,55.21102,39,Replayed,9.0
-3.0,-1.0,1,0,48.37379,39,Replayed,3.0
-3.0,0.0,1,0,48.803745,39,Replayed,3.0
-3.0,-1.0,-1,1,50.721474,39,Replayed,3.0
-3.0,0.0,-1,1,50.81827,39,Replayed,3.0
3.0,0.0,1,1,50.605755,39,Replayed,3.0
-3.0,-1.0,-1,1,51.383705,39,Replayed,3.0
38.0,1.0,1,1,76.34148,39,Replayed,38.0
-9.0,0.0,-1,1,54.060703,39,Replayed,9.0
-38.0,0.0,-1,1,75.11471,39,Replayed,38.0
1.0,0.0,1,1,49.210957,39,Replayed,1.0
-9.0,1.0,-1,1,54.87455,39,Replayed,9.0
-1.0,0.0,-1,1,50.497227,39,Replayed,1.0
1.0,1.0,1,1,50.748764,39,Replayed,1.0
38.0,1.0,1,1,75.89968,39,Replayed,38.0
-9.0,1.0,-1,1,54.711563,39,Replayed,9.0
5.0,-1.0,1,1,51.909065,39,Replayed,5.0
-38.0,0.0,-1,1,74.58778,39,Replayed,38.0
1.0,-1.0,-1,0,49.46437,39,Replayed,1.0
-1.0,1.0,1,0,48.875374,39,Replayed,1.0
-3.0,1.0,-1,1,51.450356,39,Replayed,3.0
-38.0,-1.0,-1,1,74.10408,39,Replayed,38.0
38.0,-1.0,1,1,73.79789,39,Replayed,38.0
-38.0,1.0,-1,1,75.712906,39,Replayed,38.0
1.0,-1.0,-1,0,49.169334,39,Replayed,1.0
38.0,0.0,1,1,74.700645,39,Replayed,38.0
38.0,0.0,1,1,74.96319,39,Replayed,38.0
-5.0,0.0,-1,1,52.351006,39,Replayed,5.0
3.0,1.0,1,1,52.04297,39,Replayed,3.0
-9.0,1.0,-1,1,54.70262,39,Replayed,9.0
1.0,0.0,-1,0,49.26311,39,Replayed,1.0
-3.0,0.0,1,0,48.974644,39,Replayed,3.0
-9.0,1.0,-1,1,53.95995,39,Replayed,9.0
-3.0,-1.0,-1,1,50.871605,39,Replayed,3.0
-5.0,1.0,-1,1,53.663074,39,Replayed,5.0
9.0,-1.0,1,1,54.65979,39,Replayed,9.0
-5.0,-1.0,1,0,48.150738,39,Replayed,5.0
38.0,-1.0,1,1,73.266396,39,Replayed,38.0
-3.0,-1.0,-1,1,51.293194,39,Replayed,3.0
-9.0,1.0,-1,1,55.312782,39,Replayed,9.0
5.0,1.0,1,1,51.594078,39,Replayed,5.0
38.0,1.0,1,1,76.38226,39,Replayed,38.0
-38.0,-1.0,-1,1,73.06446,39,Replayed,38.0
-3.0,1.0,-1,1,51.28227,39,Replayed,3.0
-38.0,-1.0,-1,1,73.00166,39,Replayed,38.0
38.0,1.0,1,1,76.49706,39,Replayed,38.0
-38.0,-1.0,-1,1,72.8668,39,Replayed,38.0
5.0,-1.0,1,1,51.493805,39,Replayed,5.0
3.0,0.0,1,1,51.430702,39,Replayed,3.0
-5.0,1.0,-1,1,52.67764,39,Replayed,5.0
38.0,-1.0,1,1,73.00507,39,Replayed,38.0
5.0,1.0,1,1,52.296864,39,Replayed,5.0
-3.0,0.0,-1,1,51.811337,39,Replayed,3.0
-9.0,-1.0,-1,1,53.17461,39,Replayed,9.0
9.0,0.0,1,1,53.400974,39,Replayed,9.0
-5.0,-1.0,-1,1,52.90483,39,Replayed,5.0
-5.0,0.0,1,0,48.325245,39,Replayed,5.0
5.0,-1.0,1,1,51.68817,39,Replayed,5.0
38.0,0.0,1,1,74.380005,39,Replayed,38.0
38.0,1.0,1,1,75.89724,39,Replayed,38.0
5.0,-1.0,1,1,51.453876,39,Replayed,5.0
-1.0,-1.0,-1,1,49.77642,39,Replayed,1.0
5.0,0.0,1,1,51.844788,39,Replayed,5.0
38.0,1.0,1,1,76.06966,39,Replayed,38.0
3.0,-1.0,1,1,50.647587,39,Replayed,3.0
9.0,1.0,1,1,54.605507,39,Replayed,9.0
1.0,1.0,-1,0,50.006165,39,Replayed,1.0
-3.0,1.0,1,0,48.421593,39,Replayed,3.0
5.0,0.0,1,1,52.646595,39,Replayed,5.0
9.0,-1.0,1,1,53.782593,39,Replayed,9.0
-1.0,1.0,-1,1,51.192265,39,Replayed,1.0
-5.0,0.0,-1,1,51.78318,39,Replayed,5.0
-38.0,-1.0,-1,1,72.190704,39,Replayed,38.0
-3.0,1.0,1,0,48.532513,39,Replayed,3.0
-1.0,0.0,-1,1,50.574707,39,Replayed,1.0
5.0,-1.0,-1,0,48.253063,39,Replayed,5.0
9.0,1.0,1,1,54.727524,39,Replayed,9.0
1.0,1.0,-1,0,48.913208,39,Replayed,1.0
9.0,-1.0,-1,0,45.696133,39,Replayed,9.0
-5.0,-1.0,-1,1,51.90414,39,Replayed,5.0
5.0,1.0,1,1,53.640945,39,Replayed,5.0
-9.0,-1.0,1,0,47.054585,39,Replayed,9.0
9.0,-1.0,1,1,53.77907,39,Replayed,9.0
5.0,0.0,1,1,52.518074,39,Replayed,5.0
9.0,0.0,1,1,53.040516,39,Replayed,9.0
-38.0,0.0,-1,1,74.15316,39,Replayed,38.0
-1.0,0.0,-1,1,50.280087,39,Replayed,1.0
3.0,-1.0,-1,0,48.26035,39,Replayed,3.0
5.0,-1.0,1,1,52.172424,39,Replayed,5.0
9.0,0.0,1,1,54.860764,39,Replayed,9.0
38.0,-1.0,1,1,73.149155,39,Replayed,38.0
-5.0,1.0,-1,1,52.772636,39,Replayed,5.0
-38.0,1.0,-1,1,76.473656,39,Replayed,38.0
-5.0,-1.0,-1,1,52.682,39,Replayed,5.0
9.0,1.0,1,1,55.14192,39,Replayed,9.0
-5.0,-1.0,-1,1,52.916492,39,Replayed,5.0
-38.0,0.0,-1,1,75.2125,39,Replayed,38.0
-3.0,0.0,-1,1,50.782673,39,Replayed,3.0
-5.0,0.0,1,0,48.16665,39,Replayed,5.0
-9.0,0.0,-1,1,54.307037,39,Replayed,9.0
-3.0,0.0,-1,1,51.3655,39,Replayed,3.0
3.0,-1.0,1,1,51.54655,39,Replayed,3.0
3.0,0.0,1,1,51.161724,39,Replayed,3.0
-9.0,0.0,-1,1,53.440742,39,Replayed,9.0
-5.0,-1.0,-1,1,52.15665,39,Replayed,5.0
-38.0,1.0,-1,1,76.3641,39,Replayed,38.0
38.0,0.0,1,1,74.78841,39,Replayed,38.0
-9.0,1.0,-1,1,55.60078,39,Replayed,9.0
-9.0,-1.0,-1,1,52.844738,39,Replayed,9.0
3.0,1.0,-1,0,47.796238,39,Replayed,3.0
5.0,0.0,-1,0,47.51107,39,Replayed,5.0
-1.0,-1.0,1,0,50.059437,39,Replayed,1.0
-1.0,-1.0,1,0,50.253212,39,Replayed,1.0
-9.0,0.0,-1,1,54.687584,39,Replayed,9.0
-1.0,-1.0,1,0,49.201565,39,Replayed,1.0
38.0,-1.0,1,1,74.033195,39,Replayed,38.0
-1.0,1.0,-1,1,50.67134,39,Replayed,1.0
9.0,1.0,1,1,56.18783,39,Replayed,9.0
3.0,1.0,1,1,52.551956,39,Replayed,3.0
-3.0,1.0,-1,1,51.43943,39,Replayed,3.0
38.0,0.0,1,1,74.65238,39,Replayed,38.0
38.0,-1.0,1,1,72.91697,39,Replayed,38.0
1.0,0.0,1,1,50.80807,39,Replayed,1.0
5.0,-1.0,1,1,51.839417,39,Replayed,5.0
-3.0,0.0,-1,1,51.40121,39,Replayed,3.0
5.0,0.0,1,1,53.74154,39,Replayed,5.0
1.0,-1.0,-1,0,49.78964,39,Replayed,1.0
-9.0,1.0,-1,1,55.207092,39,Replayed,9.0
-1.0,0.0,-1,1,49.948742,39,Replayed,1.0
1.0,-1.0,1,1,49.96753,39,Replayed,1.0
3.0,0.0,1,1,51.850163,39,Replayed,3.0
-1.0,0.0,-1,1,50.2441,39,Replayed,1.0
3.0,-1.0,1,1,50.77575,39,Replayed,3.0
-1.0,1.0,-1,1,50.814735,39,Replayed,1.0
1.0,0.0,1,1,50.305264,39,Replayed,1.0
-9.0,-1.0,-1,1,52.74685,39,Replayed,9.0
-3.0,1.0,-1,1,54.092087,40,Replayed,3.0
-3.0,-1.0,-1,1,52.00563,40,Replayed,3.0
9.0,1.0,1,1,86.902985,40,Replayed,9.0
9.0,0.0,1,1,87.61748,40,Replayed,9.0
-5.0,-1.0,-1,1,62.76365,40,Replayed,5.0
-38.0,-1.0,-1,1,98.61526,40,Replayed,38.0
-38.0,0.0,-1,1,98.44029,40,Replayed,38.0
-38.0,0.0,-1,1,99.090164,40,Replayed,38.0
-38.0,1.0,-1,1,98.79024,40,Replayed,38.0
38.0,0.0,1,1,98.54027,40,Replayed,38.0
-5.0,0.0,1,0,39.012344,40,Replayed,5.0
9.0,0.0,1,1,87.67857,40,Replayed,9.0
5.0,1.0,-1,0,22.171047,40,Replayed,5.0
3.0,1.0,1,1,71.03263,40,Replayed,3.0
-9.0,1.0,-1,1,75.999794,40,Replayed,9.0
-5.0,0.0,1,0,37.87538,40,Replayed,5.0
1.0,0.0,1,1,63.67891,40,Replayed,1.0
1.0,1.0,1,1,62.50427,40,Replayed,1.0
-1.0,1.0,1,0,55.774696,40,Replayed,1.0
3.0,0.0,1,1,71.59968,40,Replayed,3.0
9.0,-1.0,1,1,87.64748,40,Replayed,9.0
5.0,-1.0,1,1,77.25518,40,Replayed,5.0
1.0,0.0,-1,0,37.22991,40,Replayed,1.0
38.0,0.0,1,1,98.81522,40,Replayed,38.0
38.0,-1.0,1,1,98.765236,40,Replayed,38.0
-5.0,1.0,-1,1,61.328243,40,Replayed,5.0
5.0,1.0,1,1,77.15543,40,Replayed,5.0
-3.0,0.0,1,0,46.09685,40,Replayed,3.0
-3.0,0.0,-1,1,51.0092,40,Replayed,3.0
3.0,-1.0,1,1,70.445946,40,Replayed,3.0
-38.0,1.0,-1,1,99.015175,40,Replayed,38.0
-38.0,0.0,-1,1,98.91521,40,Replayed,38.0
-3.0,0.0,-1,1,54.60946,40,Replayed,3.0
9.0,-1.0,1,1,88.21817,40,Replayed,9.0
-9.0,1.0,-1,1,76.34071,40,Replayed,9.0
-3.0,0.0,1,0,44.634445,40,Replayed,3.0
-9.0,1.0,-1,1,76.44066,40,Replayed,9.0
-9.0,1.0,1,0,25.943893,40,Replayed,9.0
38.0,1.0,1,1,98.59027,40,Replayed,38.0
3.0,-1.0,-1,0,30.90476,40,Replayed,3.0
5.0,-1.0,1,1,78.28169,40,Replayed,5.0
38.0,0.0,1,1,98.84022,40,Replayed,38.0
1.0,-1.0,1,1,63.804893,40,Replayed,1.0
-5.0,1.0,1,0,38.84538,40,Replayed,5.0
-38.0,1.0,-1,1,98.61528,40,Replayed,38.0
-5.0,0.0,-1,1,63.439613,40,Replayed,5.0
-5.0,-1.0,-1,1,61.351955,40,Replayed,5.0
-5.0,-1.0,1,0,38.17078,40,Replayed,5.0
3.0,-1.0,1,1,70.82018,40,Replayed,3.0
-5.0,1.0,1,0,39.475792,40,Replayed,5.0
-5.0,-1.0,1,0,36.729282,40,Replayed,5.0
-9.0,-1.0,-1,1,76.314804,40,Replayed,9.0
-9.0,-1.0,-1,1,74.86033,40,Replayed,9.0
-5.0,1.0,-1,1,60.171776,40,Replayed,5.0
38.0,-1.0,1,1,98.86521,40,Replayed,38.0
9.0,0.0,1,1,87.50875,40,Replayed,9.0
-9.0,0.0,-1,1,76.29434,40,Replayed,9.0
9.0,-1.0,1,1,86.83018,40,Replayed,9.0
9.0,0.0,1,1,87.45728,40,Replayed,9.0
5.0,-1.0,-1,0,21.832123,40,Replayed,5.0
1.0,1.0,-1,0,38.356873,40,Replayed,1.0
-1.0,-1.0,1,0,55.052174,40,Replayed,1.0
5.0,-1.0,1,1,76.86101,40,Replayed,5.0
5.0,-1.0,1,1,76.38404,40,Replayed,5.0
-1.0,1.0,1,0,55.059006,40,Replayed,1.0
-38.0,-1.0,-1,1,98.740234,40,Replayed,38.0
-38.0,-1.0,-1,1,98.765236,40,Replayed,38.0
-38.0,1.0,-1,1,98.84016,40,Replayed,38.0
-1.0,-1.0,1,0,54.05585,40,Replayed,1.0
-9.0,0.0,-1,1,77.54824,40,Replayed,9.0
38.0,-1.0,1,1,98.94021,40,Replayed,38.0
-38.0,-1.0,-1,1,98.84021,40,Replayed,38.0
-9.0,1.0,1,0,23.657871,40,Replayed,9.0
-5.0,0.0,-1,1,61.14847,40,Replayed,5.0
9.0,0.0,1,1,88.45686,40,Replayed,9.0
3.0,1.0,1,1,71.54584,40,Replayed,3.0
9.0,1.0,1,1,87.01866,40,Replayed,9.0
38.0,-1.0,1,1,99.115166,40,Replayed,38.0
-3.0,1.0,-1,1,54.66248,40,Replayed,3.0
-1.0,-1.0,-1,1,45.995518,40,Replayed,1.0
1.0,0.0,1,1,61.96343,40,Replayed,1.0
38.0,1.0,1,1,98.76521,40,Replayed,38.0
-3.0,-1.0,-1,1,53.160458,40,Replayed,3.0
-38.0,1.0,-1,1,98.84022,40,Replayed,38.0
9.0,-1.0,-1,0,11.324946,40,Replayed,9.0
1.0,-1.0,1,1,63.689423,40,Replayed,1.0
-9.0,0.0,-1,1,76.23868,40,Replayed,9.0
5.0,0.0,1,1,76.15534,40,Replayed,5.0
-3.0,0.0,-1,1,53.61457,40,Replayed,3.0
-1.0,0.0,1,0,57.27658,40,Replayed,1.0
9.0,-1.0,1,1,87.44126,40,Replayed,9.0
3.0,0.0,-1,0,30.126524,40,Replayed,3.0
3.0,-1.0,-1,0,28.863174,40,Replayed,3.0
-1.0,0.0,-1,1,43.746532,40,Replayed,1.0
5.0,0.0,1,1,78.31768,40,Replayed,5.0
1.0,1.0,1,1,61.979885,40,Replayed,1.0
-1.0,1.0,-1,1,45.999954,40,Replayed,1.0
9.0,0.0,-1,0,13.059046,40,Replayed,9.0
-9.0,-1.0,-1,1,74.8414,40,Replayed,9.0
-38.0,1.0,-1,1,99.16515,40,Replayed,38.0
-1.0,0.0,-1,1,43.659435,40,Replayed,1.0
-3.0,-1.0,-1,1,54.141064,40,Replayed,3.0
-38.0,-1.0,-1,1,98.940186,40,Replayed,38.0
9.0,1.0,1,1,87.58042,40,Replayed,9.0
-5.0,0.0,-1,1,61.45349,40,Replayed,5.0
-9.0,1.0,-1,1,75.35914,40,Replayed,9.0
-5.0,1.0,1,0,39.158363,40,Replayed,5.0
-9.0,1.0,1,0,22.258965,40,Replayed,9.0
1.0,-1.0,-1,0,34.607586,40,Replayed,1.0
-9.0,0.0,1,0,22.42621,40,Replayed,9.0
3.0,-1.0,-1,0,32.303265,40,Replayed,3.0
3.0,1.0,1,1,70.67032,40,Replayed,3.0
-9.0,-1.0,-1,1,75.363365,40,Replayed,9.0
9.0,0.0,1,1,89.24132,40,Replayed,9.0
38.0,-1.0,1,1,98.51528,40,Replayed,38.0
-38.0,0.0,-1,1,98.89022,40,Replayed,38.0
3.0,0.0,-1,0,28.729994,40,Replayed,3.0
-5.0,-1.0,-1,1,61.73587,40,Replayed,5.0
-3.0,0.0,-1,1,52.367447,40,Replayed,3.0
-3.0,-1.0,1,0,46.716984,40,Replayed,3.0
-5.0,-1.0,-1,1,61.57316,40,Replayed,5.0
9.0,1.0,-1,0,11.309435,40,Replayed,9.0
-1.0,0.0,1,0,54.606163,40,Replayed,1.0
-1.0,1.0,-1,1,45.4689,40,Replayed,1.0
5.0,0.0,-1,0,22.316147,40,Replayed,5.0
9.0,1.0,1,1,89.139786,40,Replayed,9.0
-1.0,-1.0,1,0,55.335594,40,Replayed,1.0
-9.0,-1.0,-1,1,75.13124,40,Replayed,9.0
38.0,1.0,1,1,98.89019,40,Replayed,38.0
-3.0,1.0,1,0,46.385937,40,Replayed,3.0
3.0,0.0,1,1,70.7411,40,Replayed,3.0
5.0,-1.0,1,1,77.30043,40,Replayed,5.0
1.0,1.0,1,1,64.4681,40,Replayed,1.0
5.0,-1.0,-1,0,21.502289,40,Replayed,5.0
38.0,0.0,1,1,98.99018,40,Replayed,38.0
-3.0,-1.0,-1,1,51.919018,40,Replayed,3.0
-5.0,1.0,-1,1,61.250187,40,Replayed,5.0
5.0,1.0,1,1,78.9382,40,Replayed,5.0
-1.0,0.0,1,0,54.41015,40,Replayed,1.0
9.0,1.0,1,1,85.602745,40,Replayed,9.0
-38.0,1.0,-1,1,98.66523,40,Replayed,38.0
-3.0,1.0,1,0,46.267918,40,Replayed,3.0
-3.0,1.0,1,0,45.944336,40,Replayed,3.0
38.0,1.0,1,1,99.01519,40,Replayed,38.0
-3.0,0.0,-1,1,52.234383,40,Replayed,3.0
-5.0,-1.0,1,0,39.790768,40,Replayed,5.0
38.0,0.0,1,1,98.71525,40,Replayed,38.0
-1.0,-1.0,1,0,55.53628,40,Replayed,1.0
-3.0,-1.0,-1,1,52.431225,40,Replayed,3.0
-9.0,-1.0,1,0,24.032166,40,Replayed,9.0
3.0,1.0,1,1,72.70724,40,Replayed,3.0
5.0,1.0,1,1,76.43088,40,Replayed,5.0
9.0,0.0,1,1,87.97849,40,Replayed,9.0
-5.0,-1.0,-1,1,61.662506,40,Replayed,5.0
38.0,1.0,1,1,98.61527,40,Replayed,38.0
1.0,-1.0,1,1,61.905746,40,Replayed,1.0
-5.0,1.0,1,0,38.0674,40,Replayed,5.0
-38.0,0.0,-1,1,98.79024,40,Replayed,38.0
-38.0,1.0,-1,1,98.54027,40,Replayed,38.0
-3.0,0.0,1,0,47.30634,40,Replayed,3.0
3.0,0.0,1,1,70.20902,40,Replayed,3.0
38.0,0.0,1,1,98.840225,40,Replayed,38.0
9.0,-1.0,1,1,87.47862,40,Replayed,9.0
38.0,1.0,1,1,98.890205,40,Replayed,38.0
38.0,1.0,1,1,98.66526,40,Replayed,38.0
-1.0,1.0,-1,1,43.857914,40,Replayed,1.0
9.0,-1.0,1,1,88.696045,40,Replayed,9.0
-1.0,0.0,1,0,54.815792,40,Replayed,1.0
-5.0,1.0,-1,1,61.11585,40,Replayed,5.0
1.0,1.0,1,1,62.049995,40,Replayed,1.0
5.0,0.0,1,1,77.41016,40,Replayed,5.0
-1.0,-1.0,1,0,54.620033,40,Replayed,1.0
38.0,1.0,1,1,98.56528,40,Replayed,38.0
-5.0,0.0,1,0,38.513306,40,Replayed,5.0
-9.0,0.0,-1,1,75.79971,40,Replayed,9.0
5.0,0.0,1,1,77.100464,40,Replayed,5.0
-3.0,-1.0,-1,1,53.427975,40,Replayed,3.0
1.0,1.0,1,1,64.43627,40,Replayed,1.0
3.0,-1.0,1,1,70.3899,40,Replayed,3.0
38.0,-1.0,1,1,98.490295,40,Replayed,38.0
38.0,0.0,1,1,98.965195,40,Replayed,38.0
1.0,0.0,-1,0,37.490387,40,Replayed,1.0
3.0,1.0,1,1,71.191086,40,Replayed,3.0
1.0,1.0,1,1,64.03493,40,Replayed,1.0
3.0,-1.0,-1,0,30.194178,40,Replayed,3.0
5.0,0.0,1,1,76.39447,40,Replayed,5.0
-9.0,1.0,-1,1,75.020935,40,Replayed,9.0
-38.0,-1.0,-1,1,98.69016,40,Replayed,38.0
-38.0,-1.0,-1,1,98.8652,40,Replayed,38.0
-3.0,1.0,-1,1,52.409637,40,Replayed,3.0
5.0,-1.0,1,1,77.105804,40,Replayed,5.0
-9.0,-1.0,1,0,25.616083,40,Replayed,9.0
3.0,1.0,-1,0,27.430498,40,Replayed,3.0
-9.0,0.0,-1,1,77.98401,40,Replayed,9.0
9.0,1.0,1,1,88.98661,40,Replayed,9.0
-1.0,1.0,1,0,52.95105,40,Replayed,1.0
5.0,0.0,1,1,77.08058,40,Replayed,5.0
1.0,1.0,1,1,64.88159,40,Replayed,1.0
-1.0,-1.0,-1,1,46.84838,40,Replayed,1.0
1.0,-1.0,-1,0,37.90929,40,Replayed,1.0
-1.0,0.0,1,0,54.32145,40,Replayed,1.0
5.0,0.0,1,1,76.40509,40,Replayed,5.0
-38.0,-1.0,-1,1,98.54027,40,Replayed,38.0
3.0,0.0,1,1,71.40283,40,Replayed,3.0
9.0,-1.0,1,1,87.78054,40,Replayed,9.0
-1.0,-1.0,1,0,55.099594,40,Replayed,1.0
-1.0,1.0,1,0,55.814205,40,Replayed,1.0
-3.0,-1.0,-1,1,50.773716,40,Replayed,3.0
3.0,-1.0,1,1,71.915886,40,Replayed,3.0
-5.0,0.0,1,0,38.026573,40,Replayed,5.0
5.0,1.0,1,1,79.43926,40,Replayed,5.0
1.0,-1.0,1,1,62.48584,40,Replayed,1.0
3.0,1.0,1,1,72.139854,40,Replayed,3.0
-1.0,1.0,-1,1,44.906334,40,Replayed,1.0
-38.0,0.0,-1,1,98.69024,40,Replayed,38.0
3.0,0.0,1,1,70.16796,40,Replayed,3.0
-1.0,0.0,1,0,56.480526,40,Replayed,1.0
9.0,1.0,1,1,87.80918,40,Replayed,9.0
38.0,0.0,1,1,98.79024,40,Replayed,38.0
-3.0,1.0,-1,1,52.72557,40,Replayed,3.0
1.0,-1.0,-1,0,37.491673,40,Replayed,1.0
1.0,0.0,1,1,63.724358,40,Replayed,1.0
3.0,1.0,1,1,71.41738,40,Replayed,3.0
38.0,-1.0,-1,0,1.3624561,40,Replayed,38.0
1.0,0.0,1,1,63.656677,40,Replayed,1.0
-9.0,-1.0,-1,1,75.243416,40,Replayed,9.0
5.0,1.0,1,1,78.59611,40,Replayed,5.0
1.0,0.0,-1,0,37.21402,40,Replayed,1.0
-9.0,0.0,-1,1,75.140854,40,Replayed,9.0
5.0,1.0,-1,0,22.206575,40,Replayed,5.0
-38.0,0.0,-1,1,98.965195,40,Replayed,38.0
-5.0,0.0,1,0,40.353165,40,Replayed,5.0
1.0,0.0,1,1,65.03601,40,Replayed,1.0
-3.0,1.0,1,0,47.42462,40,Replayed,3.0
3.0,0.0,1,1,70.74951,40,Replayed,3.0
-9.0,0.0,-1,1,76.07601,40,Replayed,9.0
1.0,-1.0,-1,0,39.430035,40,Replayed,1.0
-38.0,0.0,-1,1,99.14015,40,Replayed,38.0
38.0,-1.0,1,1,98.61527,40,Replayed,38.0
38.0,1.0,1,1,99.99,41,Replayed,38.0
-3.0,-1.0,-1,1,72.877235,41,Replayed,3.0
9.0,1.0,1,1,91.13625,41,Replayed,9.0
1.0,-1.0,-1,0,48.282486,41,Replayed,1.0
38.0,-1.0,1,1,99.99,41,Replayed,38.0
-5.0,0.0,-1,1,83.91351,41,Replayed,5.0
-3.0,0.0,1,0,25.31005,41,Replayed,3.0
9.0,0.0,1,1,90.09742,41,Replayed,9.0
5.0,-1.0,1,1,74.977036,41,Replayed,5.0
9.0,0.0,1,1,90.22556,41,Replayed,9.0
3.0,0.0,1,1,62.843876,41,Replayed,3.0
-1.0,1.0,-1,1,62.166275,41,Replayed,1.0
3.0,1.0,-1,0,35.86073,41,Replayed,3.0
-9.0,1.0,-1,1,95.34636,41,Replayed,9.0
-38.0,1.0,-1,1,99.99,41,Replayed,38.0
9.0,1.0,-1,0,9.184924,41,Replayed,9.0
5.0,-1.0,1,1,74.36455,41,Replayed,5.0
-1.0,1.0,1,0,38.109867,41,Replayed,1.0
1.0,1.0,1,1,50.639122,41,Replayed,1.0
3.0,0.0,-1,0,36.840412,41,Replayed,3.0
-38.0,1.0,-1,1,99.99,41,Replayed,38.0
1.0,0.0,-1,0,48.372658,41,Replayed,1.0
5.0,-1.0,1,1,75.492516,41,Replayed,5.0
-3.0,0.0,1,0,27.215014,41,Replayed,3.0
-1.0,-1.0,1,0,36.222885,41,Replayed,1.0
-5.0,-1.0,-1,1,82.46675,41,Replayed,5.0
-38.0,0.0,-1,1,99.99,41,Replayed,38.0
1.0,1.0,-1,0,50.008327,41,Replayed,1.0
-9.0,0.0,-1,1,94.447174,41,Replayed,9.0
-3.0,0.0,-1,1,76.66772,41,Replayed,3.0
9.0,0.0,1,1,90.68103,41,Replayed,9.0
9.0,1.0,1,1,89.74889,41,Replayed,9.0
-5.0,-1.0,-1,1,83.43541,41,Replayed,5.0
-1.0,-1.0,1,0,37.31269,41,Replayed,1.0
1.0,1.0,-1,0,50.861073,41,Replayed,1.0
5.0,1.0,1,1,75.07034,41,Replayed,5.0
-5.0,-1.0,-1,1,82.777824,41,Replayed,5.0
-38.0,1.0,-1,1,99.99,41,Replayed,38.0
-1.0,-1.0,-1,1,61.864185,41,Replayed,1.0
1.0,-1.0,1,1,48.598015,41,Replayed,1.0
-5.0,1.0,-1,1,85.12151,41,Replayed,5.0
-9.0,1.0,-1,1,94.69615,41,Replayed,9.0
-38.0,1.0,-1,1,99.99,41,Replayed,38.0
1.0,-1.0,1,1,50.46947,41,Replayed,1.0
-5.0,1.0,-1,1,83.25191,41,Replayed,5.0
-9.0,-1.0,-1,1,95.32593,41,Replayed,9.0
3.0,0.0,1,1,61.84988,41,Replayed,3.0
38.0,1.0,1,1,99.99,41,Replayed,38.0
38.0,0.0,1,1,99.99,41,Replayed,38.0
-5.0,1.0,-1,1,83.5655,41,Replayed,5.0
1.0,-1.0,1,1,49.39415,41,Replayed,1.0
-5.0,1.0,-1,1,83.82842,41,Replayed,5.0
-1.0,1.0,-1,1,62.177742,41,Replayed,1.0
-1.0,0.0,-1,1,63.815754,41,Replayed,1.0
9.0,0.0,1,1,91.42908,41,Replayed,9.0
-9.0,0.0,-1,1,94.743454,41,Replayed,9.0
-5.0,1.0,-1,1,83.451004,41,Replayed,5.0
-3.0,1.0,-1,1,74.364296,41,Replayed,3.0
38.0,0.0,1,1,99.99,41,Replayed,38.0
-5.0,0.0,-1,1,83.47482,41,Replayed,5.0
-3.0,0.0,-1,1,75.53591,41,Replayed,3.0
38.0,-1.0,1,1,99.99,41,Replayed,38.0
-9.0,0.0,-1,1,95.684425,41,Replayed,9.0
-9.0,-1.0,-1,1,95.78981,41,Replayed,9.0
9.0,-1.0,1,1,90.11786,41,Replayed,9.0
9.0,-1.0,1,1,91.0484,41,Replayed,9.0
5.0,0.0,1,1,73.66429,41,Replayed,5.0
3.0,1.0,1,1,64.03617,41,Replayed,3.0
1.0,1.0,-1,0,51.00528,41,Replayed,1.0
-5.0,0.0,1,0,17.843714,41,Replayed,5.0
-38.0,0.0,-1,1,99.99,41,Replayed,38.0
3.0,1.0,-1,0,36.319954,41,Replayed,3.0
5.0,0.0,-1,0,24.383125,41,Replayed,5.0
5.0,1.0,1,1,75.36905,41,Replayed,5.0
38.0,1.0,1,1,99.99,41,Replayed,38.0
-1.0,0.0,-1,1,61.46841,41,Replayed,1.0
-3.0,1.0,-1,1,74.80407,41,Replayed,3.0
9.0,1.0,1,1,89.88257,41,Replayed,9.0
9.0,1.0,1,1,90.6944,41,Replayed,9.0
3.0,0.0,1,1,63.08435,41,Replayed,3.0
-1.0,-1.0,-1,1,63.314213,41,Replayed,1.0
5.0,1.0,1,1,72.49842,41,Replayed,5.0
-38.0,-1.0,-1,1,99.99,41,Replayed,38.0
-3.0,-1.0,1,0,25.236353,41,Replayed,3.0
-9.0,-1.0,-1,1,95.045944,41,Replayed,9.0
38.0,0.0,1,1,99.99,41,Replayed,38.0
-38.0,1.0,-1,1,99.99,41,Replayed,38.0
-9.0,1.0,-1,1,94.44844,41,Replayed,9.0
5.0,-1.0,1,1,74.002914,41,Replayed,5.0
-3.0,-1.0,-1,1,74.47792,41,Replayed,3.0
5.0,0.0,1,1,76.273735,41,Replayed,5.0
3.0,-1.0,-1,0,37.033367,41,Replayed,3.0
3.0,0.0,1,1,62.939827,41,Replayed,3.0
-3.0,-1.0,-1,1,74.839386,41,Replayed,3.0
3.0,-1.0,1,1,65.58006,41,Replayed,3.0
5.0,1.0,-1,0,23.855648,41,Replayed,5.0
3.0,1.0,1,1,64.370384,41,Replayed,3.0
3.0,1.0,-1,0,36.601685,41,Replayed,3.0
9.0,1.0,1,1,90.39482,41,Replayed,9.0
-38.0,0.0,-1,1,99.99,41,Replayed,38.0
-38.0,-1.0,-1,1,99.99,41,Replayed,38.0
9.0,-1.0,1,1,90.58468,41,Replayed,9.0
-38.0,0.0,-1,1,99.99,41,Replayed,38.0
5.0,-1.0,1,1,72.812,41,Replayed,5.0
-38.0,-1.0,-1,1,99.99,41,Replayed,38.0
-1.0,-1.0,-1,1,64.99211,41,Replayed,1.0
3.0,1.0,1,1,62.76912,41,Replayed,3.0
1.0,0.0,-1,0,51.467907,41,Replayed,1.0
-1.0,0.0,-1,1,61.09718,41,Replayed,1.0
3.0,-1.0,1,1,62.825817,41,Replayed,3.0
38.0,1.0,1,1,99.99,41,Replayed,38.0
-3.0,-1.0,-1,1,74.81102,41,Replayed,3.0
-5.0,0.0,-1,1,84.05383,41,Replayed,5.0
3.0,1.0,1,1,62.85397,41,Replayed,3.0
5.0,0.0,-1,0,24.755722,41,Replayed,5.0
38.0,-1.0,1,1,99.99,41,Replayed,38.0
-9.0,-1.0,-1,1,95.14074,41,Replayed,9.0
-5.0,-1.0,-1,1,82.04897,41,Replayed,5.0
-5.0,1.0,-1,1,83.70604,41,Replayed,5.0
-3.0,1.0,-1,1,75.22284,41,Replayed,3.0
3.0,-1.0,1,1,64.68121,41,Replayed,3.0
-5.0,0.0,-1,1,81.925735,41,Replayed,5.0
-3.0,1.0,-1,1,73.9286,41,Replayed,3.0
1.0,-1.0,-1,0,49.09155,41,Replayed,1.0
-9.0,-1.0,-1,1,94.94038,41,Replayed,9.0
5.0,0.0,1,1,74.653824,41,Replayed,5.0
-5.0,1.0,-1,1,84.83989,41,Replayed,5.0
-3.0,0.0,-1,1,73.86043,41,Replayed,3.0
-3.0,1.0,-1,1,74.63268,41,Replayed,3.0
3.0,-1.0,-1,0,35.26187,41,Replayed,3.0
-9.0,1.0,-1,1,94.38367,41,Replayed,9.0
38.0,1.0,1,1,99.99,41,Replayed,38.0
-9.0,1.0,-1,1,95.087364,41,Replayed,9.0
-3.0,-1.0,1,0,26.769075,41,Replayed,3.0
-38.0,1.0,-1,1,99.99,41,Replayed,38.0
5.0,1.0,-1,0,25.634068,41,Replayed,5.0
-9.0,0.0,-1,1,94.09264,41,Replayed,9.0
-3.0,-1.0,-1,1,75.62725,41,Replayed,3.0
5.0,1.0,-1,0,26.169771,41,Replayed,5.0
1.0,-1.0,-1,0,48.757767,41,Replayed,1.0
-1.0,1.0,-1,1,62.495415,41,Replayed,1.0
-3.0,1.0,1,0,25.197176,41,Replayed,3.0
-38.0,-1.0,-1,1,99.99,41,Replayed,38.0
38.0,-1.0,1,1,99.99,41,Replayed,38.0
5.0,0.0,-1,0,25.550274,41,Replayed,5.0
-38.0,-1.0,-1,1,99.99,41,Replayed,38.0
38.0,0.0,1,1,99.99,41,Replayed,38.0
5.0,0.0,-1,0,23.79336,41,Replayed,5.0
-38.0,1.0,-1,1,99.99,41,Replayed,38.0
-5.0,0.0,-1,1,82.01605,41,Replayed,5.0
-1.0,0.0,1,0,36.674644,41,Replayed,1.0
3.0,-1.0,1,1,65.47594,41,Replayed,3.0
-1.0,-1.0,1,0,38.322792,41,Replayed,1.0
-38.0,0.0,-1,1,99.99,41,Replayed,38.0
-5.0,-1.0,1,0,16.403831,41,Replayed,5.0
-9.0,1.0,-1,1,95.17888,41,Replayed,9.0
-3.0,0.0,-1,1,72.92975,41,Replayed,3.0
3.0,0.0,1,1,63.776894,41,Replayed,3.0
38.0,1.0,1,1,99.99,41,Replayed,38.0
-5.0,0.0,-1,1,85.06112,41,Replayed,5.0
5.0,-1.0,1,1,73.60636,41,Replayed,5.0
-5.0,-1.0,-1,1,82.554665,41,Replayed,5.0
-9.0,0.0,-1,1,94.59556,41,Replayed,9.0
9.0,0.0,1,1,91.49858,41,Replayed,9.0
9.0,-1.0,1,1,90.991684,41,Replayed,9.0
1.0,0.0,-1,0,49.19144,41,Replayed,1.0
38.0,-1.0,1,1,99.99,41,Replayed,38.0
5.0,1.0,1,1,74.61172,41,Replayed,5.0
-3.0,-1.0,-1,1,75.50907,41,Replayed,3.0
-3.0,0.0,-1,1,74.13414,41,Replayed,3.0
-38.0,-1.0,-1,1,99.99,41,Replayed,38.0
9.0,-1.0,1,1,90.723274,41,Replayed,9.0
9.0,1.0,1,1,90.689644,41,Replayed,9.0
3.0,0.0,1,1,62.369717,41,Replayed,3.0
9.0,0.0,1,1,90.004364,41,Replayed,9.0
1.0,-1.0,-1,0,48.206142,41,Replayed,1.0
-9.0,0.0,-1,1,95.09524,41,Replayed,9.0
38.0,1.0,1,1,99.99,41,Replayed,38.0
-1.0,0.0,-1,1,61.72251,41,Replayed,1.0
1.0,0.0,1,1,52.33771,41,Replayed,1.0
-1.0,0.0,-1,1,62.801594,41,Replayed,1.0
5.0,-1.0,1,1,74.242485,41,Replayed,5.0
-5.0,0.0,-1,1,83.19506,41,Replayed,5.0
-1.0,1.0,1,0,36.5748,41,Replayed,1.0
-38.0,-1.0,-1,1,99.99,41,Replayed,38.0
38.0,1.0,1,1,99.99,41,Replayed,38.0
1.0,0.0,1,1,51.07194,41,Replayed,1.0
9.0,0.0,1,1,90.26443,41,Replayed,9.0
38.0,0.0,1,1,99.99,41,Replayed,38.0
-1.0,1.0,-1,1,60.91159,41,Replayed,1.0
-3.0,1.0,-1,1,73.59437,41,Replayed,3.0
1.0,-1.0,-1,0,49.702,41,Replayed,1.0
1.0,0.0,-1,0,48.41979,41,Replayed,1.0
1.0,1.0,1,1,51.137074,41,Replayed,1.0
1.0,0.0,1,1,50.590046,41,Replayed,1.0
-1.0,-1.0,1,0,37.358795,41,Replayed,1.0
-1.0,0.0,1,0,38.500713,41,Replayed,1.0
-1.0,1.0,-1,1,62.67727,41,Replayed,1.0
-1.0,-1.0,1,0,38.639687,41,Replayed,1.0
-1.0,1.0,-1,1,62.227623,41,Replayed,1.0
3.0,1.0,1,1,63.01898,41,Replayed,3.0
-9.0,-1.0,1,0,5.5685678,41,Replayed,9.0
38.0,-1.0,1,1,99.99,41,Replayed,38.0
-9.0,1.0,-1,1,94.68969,41,Replayed,9.0
5.0,0.0,1,1,75.340675,41,Replayed,5.0
-38.0,0.0,-1,1,99.99,41,Replayed,38.0
-38.0,0.0,-1,1,99.99,41,Replayed,38.0
-1.0,0.0,-1,1,62.403603,41,Replayed,1.0
-5.0,-1.0,1,0,17.042742,41,Replayed,5.0
-3.0,0.0,1,0,26.59209,41,Replayed,3.0
38.0,0.0,1,1,99.99,41,Replayed,38.0
1.0,0.0,-1,0,50.523643,41,Replayed,1.0
3.0,0.0,1,1,61.784233,41,Replayed,3.0
3.0,-1.0,1,1,64.31625,41,Replayed,3.0
9.0,0.0,1,1,91.17878,41,Replayed,9.0
-38.0,1.0,-1,1,99.99,41,Replayed,38.0
38.0,0.0,1,1,99.99,41,Replayed,38.0
-9.0,0.0,-1,1,95.43197,41,Replayed,9.0
-9.0,-1.0,-1,1,95.35491,41,Replayed,9.0
-3.0,1.0,1,0,26.63768,41,Replayed,3.0
38.0,0.0,1,1,99.99,41,Replayed,38.0
9.0,-1.0,1,1,91.67991,41,Replayed,9.0
-5.0,-1.0,-1,1,83.726295,41,Replayed,5.0
-9.0,1.0,-1,1,95.09931,41,Replayed,9.0
-38.0,0.0,-1,1,99.99,41,Replayed,38.0
1.0,1.0,1,1,50.616444,41,Replayed,1.0
5.0,1.0,-1,0,26.15467,41,Replayed,5.0
-38.0,-1.0,-1,1,99.99,41,Replayed,38.0
-9.0,0.0,-1,1,94.62022,41,Replayed,9.0
9.0,1.0,1,1,90.27845,41,Replayed,9.0
3.0,-1.0,-1,0,35.728394,41,Replayed,3.0
1.0,1.0,1,1,47.843456,41,Replayed,1.0
-5.0,1.0,1,0,14.913194,41,Replayed,5.0
5.0,-1.0,-1,0,26.72191,41,Replayed,5.0
9.0,-1.0,1,1,90.571144,41,Replayed,9.0
38.0,-1.0,1,1,99.99,41,Replayed,38.0
9.0,-1.0,1,1,91.27476,41,Replayed,9.0
1.0,1.0,-1,0,52.011265,41,Replayed,1.0
-9.0,-1.0,-1,1,94.67149,41,Replayed,9.0
-38.0,0.0,-1,1,99.740654,42,Replayed,38.0
9.0,0.0,-1,0,26.049227,42,Replayed,9.0
-9.0,0.0,1,0,21.465574,42,Replayed,9.0
-1.0,1.0,1,0,43.448208,42,Replayed,1.0
9.0,0.0,1,1,73.35179,42,Replayed,9.0
-3.0,0.0,-1,1,61.8811,42,Replayed,3.0
-9.0,-1.0,-1,1,77.9189,42,Replayed,9.0
1.0,0.0,1,1,49.991333,42,Replayed,1.0
-5.0,0.0,-1,1,68.44808,42,Replayed,5.0
-3.0,1.0,-1,1,63.659443,42,Replayed,3.0
-9.0,0.0,-1,1,77.63285,42,Replayed,9.0
-3.0,-1.0,1,0,38.614475,42,Replayed,3.0
38.0,0.0,1,1,99.63253,42,Replayed,38.0
1.0,-1.0,-1,0,49.745407,42,Replayed,1.0
1.0,-1.0,-1,0,49.938103,42,Replayed,1.0
38.0,-1.0,1,1,99.5777,42,Replayed,38.0
38.0,0.0,1,1,99.62261,42,Replayed,38.0
5.0,-1.0,1,1,62.87948,42,Replayed,5.0
-1.0,0.0,-1,1,56.441742,42,Replayed,1.0
-9.0,-1.0,-1,1,77.06558,42,Replayed,9.0
3.0,1.0,1,1,56.590725,42,Replayed,3.0
1.0,-1.0,-1,0,49.57415,42,Replayed,1.0
9.0,1.0,1,1,73.43045,42,Replayed,9.0
-1.0,-1.0,1,0,43.57799,42,Replayed,1.0
1.0,0.0,1,1,49.739616,42,Replayed,1.0
3.0,0.0,-1,0,43.209206,42,Replayed,3.0
5.0,0.0,1,1,61.223648,42,Replayed,5.0
-5.0,1.0,-1,1,69.68753,42,Replayed,5.0
3.0,-1.0,-1,0,44.10979,42,Replayed,3.0
-3.0,1.0,-1,1,62.5625,42,Replayed,3.0
-5.0,0.0,-1,1,68.39747,42,Replayed,5.0
5.0,-1.0,-1,0,37.62667,42,Replayed,5.0
3.0,0.0,-1,0,44.284065,42,Replayed,3.0
3.0,1.0,1,1,55.700367,42,Replayed,3.0
-1.0,1.0,1,0,43.831818,42,Replayed,1.0
-9.0,-1.0,-1,1,77.70084,42,Replayed,9.0
9.0,0.0,1,1,73.30605,42,Replayed,9.0
-5.0,0.0,-1,1,68.74906,42,Replayed,5.0
-5.0,-1.0,-1,1,68.31334,42,Replayed,5.0
38.0,1.0,1,1,99.66909,42,Replayed,38.0
38.0,1.0,1,1,99.67458,42,Replayed,38.0
5.0,0.0,1,1,61.783737,42,Replayed,5.0
3.0,1.0,-1,0,42.996925,42,Replayed,3.0
-5.0,-1.0,1,0,32.06796,42,Replayed,5.0
5.0,0.0,1,1,62.8469,42,Replayed,5.0
9.0,0.0,-1,0,26.90438,42,Replayed,9.0
9.0,-1.0,1,1,72.693054,42,Replayed,9.0
-38.0,1.0,-1,1,99.78491,42,Replayed,38.0
-5.0,-1.0,-1,1,67.74701,42,Replayed,5.0
5.0,0.0,1,1,62.135117,42,Replayed,5.0
1.0,1.0,1,1,49.197144,42,Replayed,1.0
-3.0,-1.0,-1,1,62.115948,42,Replayed,3.0
-1.0,1.0,1,0,44.01187,42,Replayed,1.0
38.0,0.0,1,1,99.621475,42,Replayed,38.0
3.0,1.0,1,1,56.952084,42,Replayed,3.0
-3.0,-1.0,1,0,37.555046,42,Replayed,3.0
1.0,-1.0,-1,0,50.45883,42,Replayed,1.0
-1.0,0.0,-1,1,57.142746,42,Replayed,1.0
1.0,1.0,1,1,48.910095,42,Replayed,1.0
5.0,-1.0,-1,0,37.366386,42,Replayed,5.0
38.0,0.0,1,1,99.631065,42,Replayed,38.0
9.0,1.0,1,1,73.54347,42,Replayed,9.0
1.0,0.0,1,1,49.677967,42,Replayed,1.0
3.0,0.0,1,1,56.573784,42,Replayed,3.0
-3.0,0.0,-1,1,62.60205,42,Replayed,3.0
-3.0,1.0,1,0,37.75987,42,Replayed,3.0
-3.0,-1.0,-1,1,61.52881,42,Replayed,3.0
9.0,0.0,-1,0,26.568096,42,Replayed,9.0
1.0,1.0,1,1,49.892975,42,Replayed,1.0
38.0,1.0,1,1,99.67841,42,Replayed,38.0
3.0,0.0,-1,0,44.419907,42,Replayed,3.0
-1.0,-1.0,-1,1,56.47957,42,Replayed,1.0
-1.0,1.0,1,0,44.27414,42,Replayed,1.0
-38.0,-1.0,-1,1,99.70181,42,Replayed,38.0
-5.0,1.0,-1,1,68.700294,42,Replayed,5.0
-38.0,0.0,-1,1,99.74478,42,Replayed,38.0
-5.0,1.0,-1,1,69.53723,42,Replayed,5.0
5.0,-1.0,1,1,62.16706,42,Replayed,5.0
3.0,-1.0,1,1,55.817425,42,Replayed,3.0
3.0,1.0,1,1,56.06156,42,Replayed,3.0
-3.0,1.0,-1,1,63.275414,42,Replayed,3.0
-38.0,0.0,-1,1,99.73052,42,Replayed,38.0
5.0,-1.0,-1,0,38.340523,42,Replayed,5.0
9.0,-1.0,1,1,72.472885,42,Replayed,9.0
1.0,1.0,-1,0,50.516903,42,Replayed,1.0
-9.0,-1.0,-1,1,77.495186,42,Replayed,9.0
38.0,-1.0,1,1,99.57344,42,Replayed,38.0
3.0,0.0,1,1,57.12078,42,Replayed,3.0
3.0,-1.0,-1,0,44.028084,42,Replayed,3.0
-5.0,0.0,-1,1,68.457184,42,Replayed,5.0
1.0,1.0,1,1,50.024487,42,Replayed,1.0
5.0,1.0,1,1,62.868683,42,Replayed,5.0
-38.0,1.0,-1,1,99.779945,42,Replayed,38.0
1.0,0.0,1,1,49.545403,42,Replayed,1.0
5.0,1.0,1,1,62.36021,42,Replayed,5.0
3.0,-1.0,1,1,56.71445,42,Replayed,3.0
-1.0,-1.0,-1,1,56.316196,42,Replayed,1.0
-9.0,0.0,-1,1,78.14044,42,Replayed,9.0
-5.0,-1.0,-1,1,66.92113,42,Replayed,5.0
-3.0,-1.0,-1,1,62.001507,42,Replayed,3.0
1.0,-1.0,1,1,50.082386,42,Replayed,1.0
9.0,-1.0,1,1,72.13629,42,Replayed,9.0
-1.0,0.0,-1,1,56.869305,42,Replayed,1.0
5.0,-1.0,-1,0,37.515583,42,Replayed,5.0
-3.0,1.0,-1,1,62.89909,42,Replayed,3.0
3.0,0.0,1,1,55.78004,42,Replayed,3.0
-38.0,-1.0,-1,1,99.70736,42,Replayed,38.0
-9.0,0.0,-1,1,77.76602,42,Replayed,9.0
5.0,-1.0,-1,0,37.553757,42,Replayed,5.0
-38.0,-1.0,-1,1,99.70438,42,Replayed,38.0
-38.0,0.0,-1,1,99.73474,42,Replayed,38.0
38.0,1.0,1,1,99.666885,42,Replayed,38.0
1.0,0.0,1,1,50.365406,42,Replayed,1.0
-38.0,-1.0,-1,1,99.73392,42,Replayed,38.0
38.0,-1.0,1,1,99.56712,42,Replayed,38.0
9.0,-1.0,1,1,72.517685,42,Replayed,9.0
-9.0,1.0,-1,1,78.977,42,Replayed,9.0
-3.0,-1.0,-1,1,62.240368,42,Replayed,3.0
-38.0,1.0,-1,1,99.78813,42,Replayed,38.0
-3.0,0.0,-1,1,62.57397,42,Replayed,3.0
-5.0,1.0,-1,1,69.2818,42,Replayed,5.0
-1.0,0.0,-1,1,56.12647,42,Replayed,1.0
3.0,1.0,1,1,56.343155,42,Replayed,3.0
9.0,1.0,-1,0,26.448065,42,Replayed,9.0
5.0,1.0,1,1,62.631775,42,Replayed,5.0
38.0,0.0,1,1,99.63699,42,Replayed,38.0
-3.0,1.0,-1,1,62.877125,42,Replayed,3.0
5.0,0.0,1,1,62.32379,42,Replayed,5.0
-1.0,-1.0,-1,1,56.63127,42,Replayed,1.0
-38.0,1.0,-1,1,99.77842,42,Replayed,38.0
-9.0,1.0,-1,1,79.44066,42,Replayed,9.0
5.0,1.0,1,1,63.33205,42,Replayed,5.0
-9.0,0.0,-1,1,78.3697,42,Replayed,9.0
-1.0,0.0,-1,1,56.564285,42,Replayed,1.0
-38.0,0.0,-1,1,99.73218,42,Replayed,38.0
9.0,1.0,1,1,73.46574,42,Replayed,9.0
5.0,0.0,-1,0,36.922752,42,Replayed,5.0
5.0,1.0,1,1,63.157494,42,Replayed,5.0
-1.0,1.0,1,0,43.38288,42,Replayed,1.0
38.0,1.0,1,1,99.67678,42,Replayed,38.0
9.0,0.0,1,1,73.59286,42,Replayed,9.0
5.0,0.0,1,1,62.878323,42,Replayed,5.0
1.0,-1.0,1,1,49.86548,42,Replayed,1.0
-1.0,-1.0,1,0,44.466568,42,Replayed,1.0
38.0,-1.0,1,1,99.59337,42,Replayed,38.0
38.0,-1.0,1,1,99.526474,42,Replayed,38.0
-1.0,-1.0,1,0,44.435814,42,Replayed,1.0
1.0,1.0,1,1,50.282978,42,Replayed,1.0
-5.0,-1.0,1,0,31.986015,42,Replayed,5.0
38.0,0.0,1,1,99.6133,42,Replayed,38.0
-9.0,0.0,-1,1,78.79708,42,Replayed,9.0
-9.0,-1.0,-1,1,77.76442,42,Replayed,9.0
38.0,-1.0,1,1,99.58827,42,Replayed,38.0
-9.0,0.0,-1,1,78.78567,42,Replayed,9.0
-3.0,0.0,-1,1,62.736607,42,Replayed,3.0
-38.0,-1.0,-1,1,99.70847,42,Replayed,38.0
-1.0,0.0,1,0,43.557186,42,Replayed,1.0
-9.0,1.0,-1,1,79.051125,42,Replayed,9.0
9.0,1.0,1,1,75.06513,42,Replayed,9.0
-5.0,-1.0,-1,1,68.0743,42,Replayed,5.0
-5.0,0.0,-1,1,68.77034,42,Replayed,5.0
-3.0,-1.0,-1,1,62.559475,42,Replayed,3.0
-3.0,1.0,-1,1,61.869568,42,Replayed,3.0
9.0,-1.0,1,1,71.83305,42,Replayed,9.0
-3.0,0.0,-1,1,62.006863,42,Replayed,3.0
38.0,-1.0,1,1,99.585594,42,Replayed,38.0
-1.0,1.0,-1,1,55.22851,42,Replayed,1.0
38.0,1.0,1,1,99.68063,42,Replayed,38.0
9.0,-1.0,-1,0,26.847675,42,Replayed,9.0
-5.0,0.0,-1,1,68.511536,42,Replayed,5.0
-3.0,-1.0,1,0,37.982292,42,Replayed,3.0
-3.0,1.0,-1,1,62.292297,42,Replayed,3.0
-38.0,0.0,-1,1,99.743454,42,Replayed,38.0
-5.0,1.0,-1,1,69.02701,42,Replayed,5.0
-9.0,1.0,-1,1,78.53986,42,Replayed,9.0
3.0,1.0,-1,0,42.805107,42,Replayed,3.0
-9.0,1.0,-1,1,78.8113,42,Replayed,9.0
1.0,-1.0,-1,0,50.03059,42,Replayed,1.0
-3.0,0.0,-1,1,62.82014,42,Replayed,3.0
1.0,1.0,1,1,49.917343,42,Replayed,1.0
3.0,-1.0,1,1,55.523182,42,Replayed,3.0
9.0,1.0,1,1,74.24513,42,Replayed,9.0
5.0,1.0,1,1,63.65876,42,Replayed,5.0
9.0,1.0,1,1,74.677505,42,Replayed,9.0
-1.0,-1.0,-1,1,56.1778,42,Replayed,1.0
-1.0,1.0,1,0,43.158596,42,Replayed,1.0
1.0,0.0,1,1,49.82847,42,Replayed,1.0
-9.0,1.0,1,0,21.215405,42,Replayed,9.0
3.0,-1.0,1,1,56.460453,42,Replayed,3.0
-1.0,0.0,-1,1,56.040604,42,Replayed,1.0
-9.0,0.0,-1,1,78.76686,42,Replayed,9.0
5.0,1.0,-1,0,37.30649,42,Replayed,5.0
-38.0,1.0,-1,1,99.77159,42,Replayed,38.0
9.0,0.0,1,1,73.68893,42,Replayed,9.0
-5.0,1.0,-1,1,68.71669,42,Replayed,5.0
-5.0,-1.0,-1,1,68.05751,42,Replayed,5.0
-9.0,1.0,-1,1,79.051636,42,Replayed,9.0
3.0,1.0,1,1,55.675137,42,Replayed,3.0
-38.0,0.0,-1,1,99.73272,42,Replayed,38.0
3.0,0.0,1,1,56.620384,42,Replayed,3.0
38.0,1.0,1,1,99.69127,42,Replayed,38.0
-1.0,1.0,-1,1,56.597855,42,Replayed,1.0
-38.0,1.0,-1,1,99.78297,42,Replayed,38.0
-3.0,0.0,1,0,37.163265,42,Replayed,3.0
-1.0,0.0,-1,1,56.625576,42,Replayed,1.0
9.0,0.0,1,1,73.09204,42,Replayed,9.0
5.0,-1.0,1,1,63.11473,42,Replayed,5.0
5.0,1.0,-1,0,37.32378,42,Replayed,5.0
-5.0,1.0,-1,1,69.14154,42,Replayed,5.0
-3.0,0.0,-1,1,62.710793,42,Replayed,3.0
-38.0,1.0,-1,1,99.80076,42,Replayed,38.0
1.0,0.0,-1,0,49.602764,42,Replayed,1.0
-5.0,0.0,1,0,30.65393,42,Replayed,5.0
38.0,0.0,1,1,99.59928,42,Replayed,38.0
-5.0,1.0,-1,1,68.8772,42,Replayed,5.0
38.0,1.0,1,1,99.65561,42,Replayed,38.0
9.0,1.0,1,1,74.3517,42,Replayed,9.0
1.0,0.0,-1,0,50.334885,42,Replayed,1.0
-38.0,-1.0,-1,1,99.698784,42,Replayed,38.0
1.0,-1.0,1,1,50.175674,42,Replayed,1.0
-38.0,1.0,-1,1,99.77408,42,Replayed,38.0
9.0,-1.0,1,1,71.93763,42,Replayed,9.0
-9.0,-1.0,-1,1,77.793976,42,Replayed,9.0
3.0,0.0,1,1,55.91588,42,Replayed,3.0
-5.0,-1.0,-1,1,68.15722,42,Replayed,5.0
-9.0,-1.0,-1,1,77.63789,42,Replayed,9.0
-9.0,1.0,-1,1,79.3562,42,Replayed,9.0
-9.0,-1.0,-1,1,77.812195,42,Replayed,9.0
9.0,-1.0,1,1,73.12595,42,Replayed,9.0
-5.0,0.0,-1,1,68.463196,42,Replayed,5.0
38.0,0.0,1,1,99.61703,42,Replayed,38.0
1.0,1.0,1,1,49.539925,42,Replayed,1.0
-38.0,0.0,-1,1,99.73742,42,Replayed,38.0
3.0,-1.0,1,1,56.455467,42,Replayed,3.0
-38.0,-1.0,-1,1,99.680145,42,Replayed,38.0
-38.0,-1.0,-1,1,99.726364,42,Replayed,38.0
3.0,-1.0,1,1,55.788124,42,Replayed,3.0
5.0,0.0,-1,0,37.828915,42,Replayed,5.0
38.0,-1.0,1,1,99.57192,42,Replayed,38.0
-1.0,-1.0,-1,1,55.955017,42,Replayed,1.0
-5.0,0.0,1,0,50.803177,43,Replayed,5.0
3.0,1.0,1,1,54.14417,43,Replayed,3.0
-5.0,-1.0,1,0,50.791092,43,Replayed,5.0
1.0,1.0,-1,0,47.349873,43,Replayed,1.0
5.0,-1.0,1,1,56.77284,43,Replayed,5.0
-5.0,-1.0,1,0,50.06275,43,Replayed,5.0
38.0,-1.0,1,1,73.466835,43,Replayed,38.0
-38.0,0.0,-1,1,62.700294,43,Replayed,38.0
-3.0,1.0,1,0,51.389458,43,Replayed,3.0
9.0,-1.0,-1,0,40.73829,43,Replayed,9.0
-5.0,-1.0,1,0,51.81786,43,Replayed,5.0
38.0,0.0,1,1,70.17004,43,Replayed,38.0
5.0,-1.0,-1,0,43.929657,43,Replayed,5.0
-9.0,-1.0,1,0,48.53207,43,Replayed,9.0
38.0,0.0,1,1,69.55276,43,Replayed,38.0
3.0,-1.0,1,1,55.344246,43,Replayed,3.0
-9.0,0.0,1,0,49.026512,43,Replayed,9.0
9.0,-1.0,1,1,57.825226,43,Replayed,9.0
-1.0,0.0,-1,1,47.307606,43,Replayed,1.0
5.0,0.0,1,1,55.463745,43,Replayed,5.0
-38.0,0.0,-1,1,62.036495,43,Replayed,38.0
-3.0,-1.0,1,0,52.481415,43,Replayed,3.0
-38.0,-1.0,-1,1,64.87676,43,Replayed,38.0
-1.0,0.0,1,0,52.773613,43,Replayed,1.0
38.0,0.0,1,1,70.2596,43,Replayed,38.0
-5.0,1.0,1,0,51.248272,43,Replayed,5.0
9.0,1.0,1,1,56.224083,43,Replayed,9.0
-1.0,0.0,1,0,52.485622,43,Replayed,1.0
9.0,0.0,1,1,57.642086,43,Replayed,9.0
1.0,-1.0,1,1,54.425823,43,Replayed,1.0
1.0,-1.0,1,1,53.351574,43,Replayed,1.0
3.0,-1.0,-1,0,44.638054,43,Replayed,3.0
3.0,0.0,1,1,54.711014,43,Replayed,3.0
-3.0,-1.0,1,0,51.9099,43,Replayed,3.0
1.0,0.0,-1,0,46.5748,43,Replayed,1.0
-38.0,-1.0,-1,1,65.01102,43,Replayed,38.0
1.0,1.0,1,1,52.900402,43,Replayed,1.0
9.0,0.0,1,1,57.4633,43,Replayed,9.0
-1.0,1.0,-1,1,47.589222,43,Replayed,1.0
-1.0,-1.0,-1,1,46.991234,43,Replayed,1.0
-3.0,0.0,1,0,51.71703,43,Replayed,3.0
-38.0,1.0,1,0,41.40038,43,Replayed,38.0
-5.0,-1.0,-1,1,48.927925,43,Replayed,5.0
38.0,0.0,1,1,69.67397,43,Replayed,38.0
3.0,-1.0,1,1,55.19636,43,Replayed,3.0
3.0,1.0,1,1,53.737377,43,Replayed,3.0
-3.0,1.0,1,0,51.49086,43,Replayed,3.0
-5.0,-1.0,-1,1,49.466866,43,Replayed,5.0
-5.0,0.0,1,0,51.46369,43,Replayed,5.0
1.0,0.0,-1,0,46.615757,43,Replayed,1.0
-9.0,-1.0,1,0,48.815136,43,Replayed,9.0
9.0,0.0,1,1,57.272766,43,Replayed,9.0
1.0,0.0,1,1,53.400524,43,Replayed,1.0
1.0,-1.0,1,1,54.322796,43,Replayed,1.0
5.0,0.0,-1,0,44.831085,43,Replayed,5.0
-1.0,-1.0,1,0,52.979965,43,Replayed,1.0
9.0,0.0,1,1,57.36756,43,Replayed,9.0
-1.0,1.0,1,0,51.118286,43,Replayed,1.0
-1.0,-1.0,-1,1,46.98819,43,Replayed,1.0
-5.0,1.0,-1,1,49.86842,43,Replayed,5.0
1.0,-1.0,1,1,54.0272,43,Replayed,1.0
-38.0,-1.0,-1,1,65.19517,43,Replayed,38.0
-3.0,0.0,1,0,51.884777,43,Replayed,3.0
5.0,0.0,-1,0,44.04587,43,Replayed,5.0
-38.0,1.0,1,0,40.744858,43,Replayed,38.0
-1.0,1.0,1,0,52.219944,43,Replayed,1.0
-9.0,0.0,1,0,48.92176,43,Replayed,9.0
-1.0,1.0,1,0,51.887905,43,Replayed,1.0
-1.0,1.0,1,0,52.198093,43,Replayed,1.0
-1.0,0.0,1,0,53.02428,43,Replayed,1.0
1.0,-1.0,-1,0,44.922153,43,Replayed,1.0
38.0,0.0,1,1,69.984726,43,Replayed,38.0
-38.0,0.0,-1,1,62.64565,43,Replayed,38.0
-38.0,1.0,1,0,41.72476,43,Replayed,38.0
1.0,-1.0,1,1,54.48421,43,Replayed,1.0
-38.0,-1.0,1,0,34.745934,43,Replayed,38.0
-38.0,1.0,-1,1,58.75773,43,Replayed,38.0
5.0,1.0,1,1,54.198963,43,Replayed,5.0
38.0,-1.0,1,1,72.94457,43,Replayed,38.0
9.0,0.0,1,1,56.462944,43,Replayed,9.0
1.0,1.0,1,1,53.402416,43,Replayed,1.0
-9.0,0.0,1,0,48.909332,43,Replayed,9.0
5.0,1.0,-1,0,45.57099,43,Replayed,5.0
-1.0,1.0,1,0,52.062595,43,Replayed,1.0
-5.0,0.0,1,0,49.658333,43,Replayed,5.0
3.0,-1.0,1,1,54.93002,43,Replayed,3.0
-9.0,-1.0,-1,1,51.34162,43,Replayed,9.0
-1.0,-1.0,1,0,52.38058,43,Replayed,1.0
9.0,0.0,1,1,57.45852,43,Replayed,9.0
38.0,1.0,1,1,65.84951,43,Replayed,38.0
3.0,1.0,-1,0,46.286335,43,Replayed,3.0
-1.0,-1.0,-1,1,46.610435,43,Replayed,1.0
9.0,-1.0,1,1,58.265514,43,Replayed,9.0
-9.0,1.0,-1,1,50.593002,43,Replayed,9.0
9.0,-1.0,1,1,59.424114,43,Replayed,9.0
38.0,1.0,1,1,66.375916,43,Replayed,38.0
5.0,-1.0,1,1,56.604546,43,Replayed,5.0
9.0,0.0,1,1,57.19281,43,Replayed,9.0
-3.0,1.0,1,0,50.628708,43,Replayed,3.0
-5.0,1.0,-1,1,48.25827,43,Replayed,5.0
5.0,0.0,-1,0,44.87457,43,Replayed,5.0
38.0,-1.0,1,1,73.29069,43,Replayed,38.0
-5.0,-1.0,1,0,50.976295,43,Replayed,5.0
-9.0,-1.0,-1,1,51.442295,43,Replayed,9.0
5.0,0.0,1,1,55.48101,43,Replayed,5.0
-3.0,0.0,1,0,51.72826,43,Replayed,3.0
9.0,-1.0,1,1,58.33208,43,Replayed,9.0
3.0,1.0,-1,0,46.205975,43,Replayed,3.0
38.0,0.0,1,1,69.8906,43,Replayed,38.0
-9.0,0.0,1,0,49.106743,43,Replayed,9.0
-3.0,0.0,1,0,51.868923,43,Replayed,3.0
-1.0,1.0,1,0,52.74118,43,Replayed,1.0
5.0,1.0,1,1,54.638554,43,Replayed,5.0
-5.0,0.0,1,0,50.249557,43,Replayed,5.0
1.0,-1.0,-1,0,45.606537,43,Replayed,1.0
-9.0,0.0,-1,1,51.118244,43,Replayed,9.0
-5.0,0.0,-1,1,49.54997,43,Replayed,5.0
-38.0,1.0,-1,1,59.478027,43,Replayed,38.0
-5.0,0.0,1,0,50.59089,43,Replayed,5.0
-9.0,-1.0,1,0,48.95193,43,Replayed,9.0
-3.0,0.0,1,0,51.313328,43,Replayed,3.0
-38.0,-1.0,-1,1,65.4966,43,Replayed,38.0
-5.0,1.0,1,0,50.080116,43,Replayed,5.0
5.0,-1.0,1,1,56.137295,43,Replayed,5.0
5.0,0.0,1,1,55.616844,43,Replayed,5.0
9.0,-1.0,1,1,58.817894,43,Replayed,9.0
3.0,-1.0,1,1,55.762146,43,Replayed,3.0
9.0,1.0,1,1,55.8254,43,Replayed,9.0
38.0,-1.0,1,1,72.75714,43,Replayed,38.0
1.0,1.0,-1,0,46.26042,43,Replayed,1.0
-5.0,1.0,1,0,49.921074,43,Replayed,5.0
38.0,0.0,1,1,70.07196,43,Replayed,38.0
5.0,-1.0,1,1,56.28428,43,Replayed,5.0
-1.0,-1.0,1,0,53.753956,43,Replayed,1.0
3.0,-1.0,1,1,55.817093,43,Replayed,3.0
38.0,-1.0,1,1,73.608154,43,Replayed,38.0
1.0,0.0,1,1,53.93507,43,Replayed,1.0
-9.0,1.0,1,0,49.53249,43,Replayed,9.0
3.0,0.0,1,1,55.083668,43,Replayed,3.0
-3.0,-1.0,1,0,51.207153,43,Replayed,3.0
-3.0,1.0,1,0,50.984055,43,Replayed,3.0
38.0,1.0,-1,0,33.4274,43,Replayed,38.0
5.0,1.0,1,1,54.04579,43,Replayed,5.0
-38.0,0.0,-1,1,62.62597,43,Replayed,38.0
-5.0,1.0,1,0,50.706146,43,Replayed,5.0
-1.0,0.0,1,0,52.35017,43,Replayed,1.0
1.0,1.0,1,1,53.213436,43,Replayed,1.0
-1.0,-1.0,-1,1,47.454113,43,Replayed,1.0
-3.0,-1.0,-1,1,47.866837,43,Replayed,3.0
5.0,1.0,-1,0,46.338104,43,Replayed,5.0
1.0,1.0,1,1,52.528942,43,Replayed,1.0
1.0,1.0,-1,0,46.41677,43,Replayed,1.0
-38.0,0.0,-1,1,62.359398,43,Replayed,38.0
38.0,1.0,1,1,66.44117,43,Replayed,38.0
38.0,0.0,1,1,70.188644,43,Replayed,38.0
38.0,1.0,1,1,65.42907,43,Replayed,38.0
-3.0,1.0,-1,1,48.655235,43,Replayed,3.0
3.0,1.0,1,1,53.75446,43,Replayed,3.0
-38.0,0.0,-1,1,62.58724,43,Replayed,38.0
9.0,-1.0,1,1,58.420074,43,Replayed,9.0
-38.0,-1.0,1,0,34.496,43,Replayed,38.0
-38.0,0.0,1,0,37.591682,43,Replayed,38.0
-1.0,1.0,-1,1,48.193188,43,Replayed,1.0
9.0,1.0,1,1,55.90145,43,Replayed,9.0
-9.0,1.0,-1,1,50.503967,43,Replayed,9.0
-5.0,0.0,1,0,50.281017,43,Replayed,5.0
9.0,1.0,-1,0,43.993587,43,Replayed,9.0
-3.0,0.0,-1,1,48.344563,43,Replayed,3.0
-5.0,-1.0,-1,1,49.29301,43,Replayed,5.0
-5.0,0.0,1,0,50.790794,43,Replayed,5.0
-3.0,0.0,-1,1,48.110886,43,Replayed,3.0
-3.0,-1.0,-1,1,48.391502,43,Replayed,3.0
-38.0,-1.0,-1,1,64.828,43,Replayed,38.0
3.0,0.0,1,1,54.929207,43,Replayed,3.0
-38.0,-1.0,-1,1,65.59684,43,Replayed,38.0
3.0,0.0,1,1,55.01581,43,Replayed,3.0
3.0,1.0,1,1,54.136993,43,Replayed,3.0
1.0,0.0,-1,0,45.968376,43,Replayed,1.0
-38.0,1.0,-1,1,58.92405,43,Replayed,38.0
-1.0,-1.0,1,0,52.625786,43,Replayed,1.0
-9.0,0.0,1,0,49.056618,43,Replayed,9.0
5.0,0.0,1,1,55.20234,43,Replayed,5.0
9.0,1.0,1,1,55.81469,43,Replayed,9.0
-5.0,1.0,1,0,50.29189,43,Replayed,5.0
1.0,0.0,-1,0,46.591927,43,Replayed,1.0
9.0,1.0,1,1,56.83473,43,Replayed,9.0
-9.0,1.0,-1,1,50.71179,43,Replayed,9.0
5.0,0.0,-1,0,44.21336,43,Replayed,5.0
-38.0,0.0,1,0,38.013462,43,Replayed,38.0
-1.0,0.0,1,0,52.277958,43,Replayed,1.0
3.0,1.0,1,1,53.564137,43,Replayed,3.0
3.0,0.0,1,1,54.968613,43,Replayed,3.0
-9.0,0.0,-1,1,51.086884,43,Replayed,9.0
-9.0,1.0,-1,1,50.632317,43,Replayed,9.0
-38.0,1.0,-1,1,58.53675,43,Replayed,38.0
3.0,0.0,-1,0,45.460144,43,Replayed,3.0
3.0,0.0,-1,0,45.723988,43,Replayed,3.0
1.0,0.0,1,1,53.08035,43,Replayed,1.0
9.0,1.0,1,1,55.19847,43,Replayed,9.0
-3.0,0.0,1,0,51.544155,43,Replayed,3.0
3.0,-1.0,-1,0,44.884296,43,Replayed,3.0
5.0,1.0,1,1,54.654797,43,Replayed,5.0
-3.0,1.0,1,0,51.163654,43,Replayed,3.0
3.0,1.0,1,1,53.424793,43,Replayed,3.0
-9.0,1.0,1,0,49.022068,43,Replayed,9.0
5.0,-1.0,1,1,56.746895,43,Replayed,5.0
5.0,1.0,1,1,55.31168,43,Replayed,5.0
-9.0,-1.0,1,0,48.343304,43,Replayed,9.0
-38.0,1.0,-1,1,58.614414,43,Replayed,38.0
9.0,0.0,1,1,57.303024,43,Replayed,9.0
-3.0,1.0,1,0,50.90386,43,Replayed,3.0
5.0,1.0,1,1,54.54714,43,Replayed,5.0
1.0,0.0,1,1,53.679043,43,Replayed,1.0
3.0,-1.0,1,1,56.019245,43,Replayed,3.0
-3.0,1.0,1,0,51.321774,43,Replayed,3.0
38.0,1.0,1,1,66.14133,43,Replayed,38.0
5.0,-1.0,1,1,56.178432,43,Replayed,5.0
1.0,-1.0,1,1,54.423965,43,Replayed,1.0
-9.0,1.0,1,0,49.511993,43,Replayed,9.0
-9.0,1.0,1,0,49.148796,43,Replayed,9.0
1.0,1.0,1,1,53.146416,43,Replayed,1.0
-9.0,-1.0,-1,1,51.43522,43,Replayed,9.0
38.0,-1.0,1,1,73.57235,43,Replayed,38.0
-5.0,-1.0,-1,1,49.7441,43,Replayed,5.0
-3.0,-1.0,1,0,52.043373,43,Replayed,3.0
38.0,-1.0,1,1,72.71969,43,Replayed,38.0
-9.0,0.0,1,0,49.046284,43,Replayed,9.0
-5.0,1.0,1,0,51.842262,43,Replayed,5.0
-3.0,-1.0,1,0,52.005447,43,Replayed,3.0
38.0,1.0,1,1,66.491325,43,Replayed,38.0
38.0,1.0,1,1,66.52196,43,Replayed,38.0
-1.0,0.0,1,0,52.97931,43,Replayed,1.0
3.0,0.0,-1,0,45.242752,43,Replayed,3.0
9.0,1.0,-1,0,44.21473,43,Replayed,9.0
9.0,-1.0,-1,0,42.42429,43,Replayed,9.0
-9.0,-1.0,1,0,48.409218,43,Replayed,9.0
38.0,-1.0,1,1,74.34374,43,Replayed,38.0
-5.0,1.0,-1,1,50.45877,44,Replayed,5.0
-3.0,1.0,1,0,51.12536,44,Replayed,3.0
-1.0,1.0,-1,1,45.55059,44,Replayed,1.0
-3.0,-1.0,1,0,52.052284,44,Replayed,3.0
1.0,-1.0,1,1,56.01722,44,Replayed,1.0
1.0,-1.0,1,1,57.245224,44,Replayed,1.0
9.0,-1.0,1,1,68.12417,44,Replayed,9.0
-38.0,-1.0,-1,1,88.315895,44,Replayed,38.0
38.0,-1.0,1,1,93.327156,44,Replayed,38.0
1.0,1.0,1,1,58.206852,44,Replayed,1.0
38.0,-1.0,1,1,94.018196,44,Replayed,38.0
3.0,1.0,1,1,59.54575,44,Replayed,3.0
-9.0,-1.0,-1,1,56.698322,44,Replayed,9.0
9.0,0.0,-1,0,31.79923,44,Replayed,9.0
-38.0,0.0,-1,1,89.111176,44,Replayed,38.0
1.0,0.0,1,1,56.483643,44,Replayed,1.0
-38.0,1.0,-1,1,89.97474,44,Replayed,38.0
5.0,1.0,-1,0,37.54213,44,Replayed,5.0
5.0,-1.0,1,1,61.53596,44,Replayed,5.0
1.0,-1.0,1,1,56.22888,44,Replayed,1.0
-1.0,1.0,1,0,54.05047,44,Replayed,1.0
-5.0,1.0,-1,1,49.7487,44,Replayed,5.0
3.0,1.0,-1,0,41.41234,44,Replayed,3.0
5.0,0.0,1,1,63.8183,44,Replayed,5.0
38.0,1.0,1,1,93.82607,44,Replayed,38.0
3.0,-1.0,1,1,60.637188,44,Replayed,3.0
-9.0,0.0,-1,1,57.322735,44,Replayed,9.0
1.0,0.0,1,1,55.67543,44,Replayed,1.0
-9.0,1.0,1,0,43.66377,44,Replayed,9.0
3.0,-1.0,1,1,60.09755,44,Replayed,3.0
3.0,0.0,1,1,59.61625,44,Replayed,3.0
38.0,1.0,1,1,93.46497,44,Replayed,38.0
-1.0,0.0,1,0,56.02599,44,Replayed,1.0
3.0,-1.0,1,1,61.13041,44,Replayed,3.0
38.0,1.0,1,1,93.41359,44,Replayed,38.0
-38.0,1.0,1,0,11.278061,44,Replayed,38.0
-1.0,0.0,1,0,56.021904,44,Replayed,1.0
38.0,1.0,1,1,94.006165,44,Replayed,38.0
-3.0,-1.0,-1,1,46.34136,44,Replayed,3.0
-3.0,0.0,-1,1,48.30669,44,Replayed,3.0
-1.0,1.0,-1,1,43.90574,44,Replayed,1.0
-1.0,1.0,-1,1,44.288757,44,Replayed,1.0
1.0,-1.0,1,1,56.93714,44,Replayed,1.0
-38.0,-1.0,-1,1,88.72685,44,Replayed,38.0
1.0,1.0,-1,0,40.86224,44,Replayed,1.0
38.0,0.0,1,1,93.589035,44,Replayed,38.0
-1.0,1.0,1,0,56.415325,44,Replayed,1.0
-1.0,1.0,-1,1,45.616627,44,Replayed,1.0
-9.0,-1.0,1,0,43.22176,44,Replayed,9.0
3.0,-1.0,-1,0,39.616646,44,Replayed,3.0
-1.0,-1.0,1,0,54.66727,44,Replayed,1.0
-5.0,0.0,1,0,49.10223,44,Replayed,5.0
-3.0,-1.0,1,0,52.301086,44,Replayed,3.0
5.0,-1.0,1,1,63.0071,44,Replayed,5.0
-1.0,0.0,-1,1,44.101322,44,Replayed,1.0
9.0,-1.0,-1,0,31.224203,44,Replayed,9.0
1.0,-1.0,1,1,58.637474,44,Replayed,1.0
-1.0,-1.0,-1,1,45.731438,44,Replayed,1.0
1.0,1.0,1,1,59.754807,44,Replayed,1.0
38.0,0.0,1,1,93.73944,44,Replayed,38.0
5.0,-1.0,1,1,61.768223,44,Replayed,5.0
5.0,0.0,-1,0,37.188557,44,Replayed,5.0
5.0,1.0,1,1,64.14494,44,Replayed,5.0
9.0,-1.0,1,1,66.6912,44,Replayed,9.0
-5.0,-1.0,1,0,50.251144,44,Replayed,5.0
-3.0,0.0,-1,1,47.699593,44,Replayed,3.0
3.0,0.0,1,1,59.91493,44,Replayed,3.0
3.0,-1.0,1,1,61.205257,44,Replayed,3.0
-1.0,1.0,-1,1,46.330116,44,Replayed,1.0
-38.0,0.0,-1,1,87.99794,44,Replayed,38.0
9.0,0.0,1,1,69.23962,44,Replayed,9.0
9.0,1.0,-1,0,31.24113,44,Replayed,9.0
-5.0,-1.0,-1,1,51.58509,44,Replayed,5.0
-5.0,-1.0,1,0,47.148952,44,Replayed,5.0
-9.0,1.0,-1,1,57.495827,44,Replayed,9.0
-5.0,0.0,-1,1,49.898956,44,Replayed,5.0
3.0,1.0,1,1,58.97948,44,Replayed,3.0
1.0,1.0,-1,0,41.632698,44,Replayed,1.0
-9.0,0.0,-1,1,56.291847,44,Replayed,9.0
3.0,1.0,1,1,60.265564,44,Replayed,3.0
-38.0,1.0,-1,1,89.30437,44,Replayed,38.0
-9.0,-1.0,-1,1,55.419586,44,Replayed,9.0
9.0,0.0,1,1,67.979164,44,Replayed,9.0
9.0,0.0,1,1,67.3319,44,Replayed,9.0
1.0,1.0,-1,0,41.26922,44,Replayed,1.0
-3.0,0.0,-1,1,48.518806,44,Replayed,3.0
5.0,0.0,1,1,64.06001,44,Replayed,5.0
1.0,0.0,1,1,56.924294,44,Replayed,1.0
9.0,1.0,1,1,68.353096,44,Replayed,9.0
-1.0,0.0,-1,1,44.756996,44,Replayed,1.0
3.0,-1.0,1,1,59.896233,44,Replayed,3.0
3.0,1.0,1,1,60.806877,44,Replayed,3.0
-9.0,1.0,-1,1,57.54134,44,Replayed,9.0
9.0,0.0,1,1,66.127556,44,Replayed,9.0
-3.0,-1.0,-1,1,47.28938,44,Replayed,3.0
-5.0,1.0,-1,1,50.673164,44,Replayed,5.0
5.0,-1.0,1,1,62.944897,44,Replayed,5.0
-5.0,0.0,1,0,47.286076,44,Replayed,5.0
3.0,0.0,-1,0,39.605854,44,Replayed,3.0
-5.0,0.0,1,0,49.34302,44,Replayed,5.0
-38.0,-1.0,1,0,10.57836,44,Replayed,38.0
1.0,-1.0,1,1,56.32832,44,Replayed,1.0
-9.0,-1.0,-1,1,55.730904,44,Replayed,9.0
-38.0,1.0,-1,1,87.99974,44,Replayed,38.0
9.0,-1.0,1,1,70.16771,44,Replayed,9.0
9.0,1.0,-1,0,32.104977,44,Replayed,9.0
38.0,1.0,1,1,93.37748,44,Replayed,38.0
38.0,-1.0,1,1,93.20578,44,Replayed,38.0
-5.0,-1.0,1,0,49.36038,44,Replayed,5.0
38.0,0.0,1,1,93.86291,44,Replayed,38.0
-9.0,-1.0,1,0,44.306446,44,Replayed,9.0
-3.0,1.0,-1,1,47.61263,44,Replayed,3.0
3.0,0.0,-1,0,39.278725,44,Replayed,3.0
1.0,1.0,1,1,58.341866,44,Replayed,1.0
-5.0,-1.0,1,0,49.26361,44,Replayed,5.0
-5.0,-1.0,-1,1,53.123154,44,Replayed,5.0
1.0,-1.0,1,1,57.460255,44,Replayed,1.0
-5.0,0.0,-1,1,51.43886,44,Replayed,5.0
1.0,0.0,1,1,58.018528,44,Replayed,1.0
-5.0,-1.0,1,0,49.2292,44,Replayed,5.0
3.0,1.0,-1,0,37.89981,44,Replayed,3.0
5.0,-1.0,-1,0,38.882572,44,Replayed,5.0
5.0,0.0,-1,0,37.51759,44,Replayed,5.0
38.0,-1.0,1,1,94.067406,44,Replayed,38.0
-1.0,0.0,1,0,53.69319,44,Replayed,1.0
9.0,0.0,1,1,68.95203,44,Replayed,9.0
-3.0,-1.0,1,0,53.8711,44,Replayed,3.0
38.0,-1.0,1,1,93.25681,44,Replayed,38.0
-3.0,1.0,-1,1,48.63121,44,Replayed,3.0
38.0,1.0,1,1,94.277534,44,Replayed,38.0
3.0,0.0,-1,0,41.973015,44,Replayed,3.0
-3.0,0.0,-1,1,48.61374,44,Replayed,3.0
-9.0,-1.0,-1,1,56.445473,44,Replayed,9.0
-1.0,-1.0,-1,1,45.789085,44,Replayed,1.0
-3.0,1.0,1,0,52.566833,44,Replayed,3.0
-38.0,0.0,-1,1,88.91314,44,Replayed,38.0
9.0,-1.0,1,1,67.94303,44,Replayed,9.0
-1.0,-1.0,-1,1,46.19278,44,Replayed,1.0
-3.0,-1.0,-1,1,48.1077,44,Replayed,3.0
-3.0,1.0,1,0,51.567112,44,Replayed,3.0
5.0,1.0,-1,0,36.44091,44,Replayed,5.0
38.0,-1.0,1,1,93.37463,44,Replayed,38.0
38.0,-1.0,1,1,94.64877,44,Replayed,38.0
-3.0,0.0,1,0,51.63594,44,Replayed,3.0
-9.0,-1.0,1,0,43.148773,44,Replayed,9.0
-9.0,1.0,1,0,43.850918,44,Replayed,9.0
1.0,1.0,1,1,56.959923,44,Replayed,1.0
38.0,1.0,-1,0,6.446291,44,Replayed,38.0
9.0,1.0,1,1,68.217,44,Replayed,9.0
-1.0,-1.0,-1,1,44.358818,44,Replayed,1.0
-9.0,0.0,1,0,44.565105,44,Replayed,9.0
38.0,1.0,1,1,93.46146,44,Replayed,38.0
9.0,0.0,1,1,68.47456,44,Replayed,9.0
-3.0,-1.0,1,0,51.62982,44,Replayed,3.0
-3.0,1.0,1,0,53.198654,44,Replayed,3.0
-38.0,1.0,-1,1,88.95237,44,Replayed,38.0
38.0,0.0,1,1,93.29874,44,Replayed,38.0
9.0,-1.0,-1,0,32.678246,44,Replayed,9.0
-3.0,0.0,1,0,52.54059,44,Replayed,3.0
38.0,0.0,1,1,93.57259,44,Replayed,38.0
-9.0,0.0,1,0,43.404846,44,Replayed,9.0
5.0,1.0,-1,0,37.366165,44,Replayed,5.0
-3.0,0.0,1,0,51.189274,44,Replayed,3.0
-5.0,1.0,1,0,48.773613,44,Replayed,5.0
-3.0,1.0,1,0,52.23004,44,Replayed,3.0
-9.0,1.0,1,0,43.71221,44,Replayed,9.0
9.0,1.0,1,1,68.50882,44,Replayed,9.0
-1.0,0.0,1,0,56.473396,44,Replayed,1.0
9.0,-1.0,-1,0,32.78002,44,Replayed,9.0
5.0,-1.0,1,1,64.096016,44,Replayed,5.0
-9.0,1.0,1,0,45.482746,44,Replayed,9.0
3.0,-1.0,-1,0,40.051876,44,Replayed,3.0
1.0,0.0,-1,0,41.64172,44,Replayed,1.0
-1.0,-1.0,1,0,55.383255,44,Replayed,1.0
5.0,1.0,1,1,64.09276,44,Replayed,5.0
-1.0,1.0,-1,1,45.51027,44,Replayed,1.0
-5.0,0.0,-1,1,50.371403,44,Replayed,5.0
3.0,0.0,1,1,60.235043,44,Replayed,3.0
-38.0,0.0,-1,1,88.08748,44,Replayed,38.0
-38.0,0.0,-1,1,89.78444,44,Replayed,38.0
-9.0,0.0,-1,1,55.535595,44,Replayed,9.0
-5.0,1.0,1,0,50.09007,44,Replayed,5.0
38.0,0.0,1,1,93.988655,44,Replayed,38.0
-38.0,-1.0,-1,1,88.94146,44,Replayed,38.0
-38.0,-1.0,-1,1,88.54491,44,Replayed,38.0
3.0,-1.0,1,1,58.641083,44,Replayed,3.0
38.0,-1.0,1,1,93.00256,44,Replayed,38.0
9.0,1.0,1,1,69.61324,44,Replayed,9.0
3.0,0.0,1,1,61.1379,44,Replayed,3.0
-38.0,-1.0,-1,1,88.96574,44,Replayed,38.0
-3.0,1.0,-1,1,48.902454,44,Replayed,3.0
-5.0,0.0,1,0,50.63927,44,Replayed,5.0
-38.0,-1.0,1,0,10.574861,44,Replayed,38.0
1.0,1.0,1,1,58.930103,44,Replayed,1.0
-9.0,0.0,1,0,43.711388,44,Replayed,9.0
9.0,1.0,1,1,69.02523,44,Replayed,9.0
-38.0,1.0,-1,1,88.28421,44,Replayed,38.0
-1.0,-1.0,1,0,53.70991,44,Replayed,1.0
-3.0,-1.0,1,0,52.4244,44,Replayed,3.0
-1.0,0.0,1,0,54.233097,44,Replayed,1.0
-9.0,0.0,1,0,43.980865,44,Replayed,9.0
-3.0,0.0,1,0,51.5422,44,Replayed,3.0
-38.0,1.0,1,0,11.307259,44,Replayed,38.0
5.0,0.0,1,1,63.27289,44,Replayed,5.0
-5.0,0.0,-1,1,50.317467,44,Replayed,5.0
9.0,-1.0,1,1,68.95797,44,Replayed,9.0
3.0,1.0,1,1,60.203712,44,Replayed,3.0
-5.0,1.0,1,0,50.67691,44,Replayed,5.0
-1.0,0.0,-1,1,44.545547,44,Replayed,1.0
9.0,0.0,1,1,68.66591,44,Replayed,9.0
-38.0,0.0,-1,1,88.534454,44,Replayed,38.0
5.0,0.0,1,1,64.72023,44,Replayed,5.0
38.0,0.0,1,1,93.73014,44,Replayed,38.0
5.0,1.0,1,1,62.27846,44,Replayed,5.0
-9.0,-1.0,1,0,43.857414,44,Replayed,9.0
-38.0,0.0,-1,1,88.23159,44,Replayed,38.0
3.0,0.0,1,1,59.33584,44,Replayed,3.0
1.0,0.0,1,1,57.628517,44,Replayed,1.0
5.0,0.0,1,1,61.320847,44,Replayed,5.0
-5.0,1.0,1,0,49.704586,44,Replayed,5.0
-9.0,1.0,1,0,44.602413,44,Replayed,9.0
5.0,0.0,1,1,64.03747,44,Replayed,5.0
1.0,0.0,1,1,57.282066,44,Replayed,1.0
-5.0,-1.0,1,0,50.326656,44,Replayed,5.0
-38.0,-1.0,-1,1,88.57605,44,Replayed,38.0
38.0,0.0,1,1,93.350464,44,Replayed,38.0
5.0,1.0,-1,0,36.580067,44,Replayed,5.0
5.0,-1.0,1,1,60.562523,44,Replayed,5.0
-38.0,0.0,-1,1,88.77621,44,Replayed,38.0
9.0,1.0,1,1,69.234146,44,Replayed,9.0
5.0,-1.0,1,1,64.142296,44,Replayed,5.0
-9.0,1.0,1,0,43.30078,44,Replayed,9.0
1.0,0.0,-1,0,43.11457,44,Replayed,1.0
-38.0,1.0,1,0,11.590158,44,Replayed,38.0
1.0,-1.0,1,1,56.75447,44,Replayed,1.0
-5.0,1.0,1,0,50.318863,44,Replayed,5.0
-1.0,-1.0,-1,1,44.238106,44,Replayed,1.0
5.0,1.0,1,1,61.94247,44,Replayed,5.0
3.0,1.0,-1,0,41.167133,44,Replayed,3.0
-9.0,0.0,1,0,44.961292,44,Replayed,9.0
-3.0,-1.0,-1,1,54.959385,45,Replayed,3.0
38.0,1.0,1,1,99.86674,45,Replayed,38.0
5.0,0.0,1,1,65.50596,45,Replayed,5.0
3.0,1.0,-1,0,37.045124,45,Replayed,3.0
38.0,-1.0,1,1,95.80297,45,Replayed,38.0
9.0,0.0,1,1,76.858864,45,Replayed,9.0
38.0,-1.0,1,1,95.95058,45,Replayed,38.0
-1.0,-1.0,1,0,47.770157,45,Replayed,1.0
-38.0,0.0,-1,1,99.37926,45,Replayed,38.0
1.0,-1.0,-1,0,48.543404,45,Replayed,1.0
9.0,1.0,1,1,82.81464,45,Replayed,9.0
-9.0,0.0,1,0,22.882097,45,Replayed,9.0
38.0,0.0,1,1,99.33921,45,Replayed,38.0
1.0,0.0,-1,0,45.93027,45,Replayed,1.0
-1.0,1.0,1,0,45.493385,45,Replayed,1.0
5.0,-1.0,-1,0,40.8096,45,Replayed,5.0
-3.0,-1.0,-1,1,55.186325,45,Replayed,3.0
-1.0,1.0,-1,1,53.935196,45,Replayed,1.0
-1.0,-1.0,1,0,48.829346,45,Replayed,1.0
9.0,0.0,1,1,76.88769,45,Replayed,9.0
-1.0,1.0,-1,1,54.137196,45,Replayed,1.0
-38.0,-1.0,-1,1,95.76333,45,Replayed,38.0
1.0,-1.0,-1,0,48.82304,45,Replayed,1.0
9.0,-1.0,1,1,66.12077,45,Replayed,9.0
-38.0,-1.0,-1,1,95.843346,45,Replayed,38.0
-5.0,1.0,-1,1,71.036385,45,Replayed,5.0
-5.0,0.0,-1,1,66.66321,45,Replayed,5.0
-1.0,0.0,-1,1,53.53337,45,Replayed,1.0
1.0,-1.0,1,1,51.6712,45,Replayed,1.0
1.0,1.0,-1,0,44.452923,45,Replayed,1.0
-3.0,1.0,-1,1,60.88176,45,Replayed,3.0
-5.0,0.0,-1,1,65.36602,45,Replayed,5.0
-9.0,1.0,-1,1,84.16033,45,Replayed,9.0
-1.0,-1.0,1,0,49.17492,45,Replayed,1.0
38.0,-1.0,1,1,96.05054,45,Replayed,38.0
5.0,0.0,1,1,65.996185,45,Replayed,5.0
-9.0,1.0,-1,1,83.37406,45,Replayed,9.0
-9.0,-1.0,-1,1,65.390495,45,Replayed,9.0
38.0,1.0,1,1,99.871864,45,Replayed,38.0
1.0,0.0,1,1,52.86101,45,Replayed,1.0
38.0,0.0,1,1,99.29411,45,Replayed,38.0
3.0,0.0,-1,0,39.441185,45,Replayed,3.0
5.0,-1.0,1,1,59.924744,45,Replayed,5.0
1.0,0.0,-1,0,46.14914,45,Replayed,1.0
5.0,-1.0,1,1,59.71333,45,Replayed,5.0
-9.0,-1.0,-1,1,65.83673,45,Replayed,9.0
-3.0,0.0,-1,1,59.30878,45,Replayed,3.0
-3.0,-1.0,-1,1,54.38027,45,Replayed,3.0
-38.0,-1.0,-1,1,95.847694,45,Replayed,38.0
5.0,1.0,-1,0,30.298433,45,Replayed,5.0
-3.0,-1.0,1,0,45.344112,45,Replayed,3.0
9.0,-1.0,1,1,65.940346,45,Replayed,9.0
-3.0,1.0,-1,1,61.42188,45,Replayed,3.0
3.0,-1.0,-1,0,43.81838,45,Replayed,3.0
-5.0,0.0,-1,1,66.41832,45,Replayed,5.0
-9.0,0.0,-1,1,77.608055,45,Replayed,9.0
-1.0,-1.0,1,0,48.14566,45,Replayed,1.0
3.0,-1.0,1,1,55.491413,45,Replayed,3.0
38.0,1.0,1,1,99.86939,45,Replayed,38.0
-5.0,1.0,-1,1,70.16847,45,Replayed,5.0
-38.0,0.0,-1,1,99.3946,45,Replayed,38.0
38.0,-1.0,1,1,95.89595,45,Replayed,38.0
-38.0,-1.0,-1,1,95.7748,45,Replayed,38.0
-3.0,0.0,-1,1,58.816124,45,Replayed,3.0
1.0,-1.0,1,1,52.1373,45,Replayed,1.0
-5.0,-1.0,1,0,41.69695,45,Replayed,5.0
3.0,0.0,-1,0,39.930984,45,Replayed,3.0
-5.0,0.0,-1,1,65.70132,45,Replayed,5.0
9.0,1.0,1,1,83.18816,45,Replayed,9.0
-5.0,0.0,1,0,34.18403,45,Replayed,5.0
-1.0,0.0,-1,1,53.643948,45,Replayed,1.0
-5.0,-1.0,1,0,41.40925,45,Replayed,5.0
-9.0,1.0,-1,1,83.42013,45,Replayed,9.0
-38.0,1.0,-1,1,99.873146,45,Replayed,38.0
-38.0,1.0,-1,1,99.86314,45,Replayed,38.0
-5.0,-1.0,-1,1,59.13975,45,Replayed,5.0
1.0,0.0,1,1,53.020214,45,Replayed,1.0
-1.0,1.0,-1,1,53.372635,45,Replayed,1.0
38.0,0.0,1,1,99.388145,45,Replayed,38.0
9.0,1.0,1,1,83.685936,45,Replayed,9.0
-3.0,1.0,1,0,38.65759,45,Replayed,3.0
-1.0,0.0,1,0,47.417576,45,Replayed,1.0
-9.0,0.0,-1,1,77.25221,45,Replayed,9.0
-3.0,-1.0,-1,1,55.580734,45,Replayed,3.0
3.0,-1.0,1,1,56.009388,45,Replayed,3.0
-3.0,0.0,-1,1,59.40961,45,Replayed,3.0
-38.0,-1.0,-1,1,95.90832,45,Replayed,38.0
38.0,-1.0,1,1,95.68846,45,Replayed,38.0
5.0,-1.0,1,1,58.518555,45,Replayed,5.0
38.0,-1.0,1,1,95.92066,45,Replayed,38.0
9.0,0.0,1,1,78.135155,45,Replayed,9.0
-5.0,1.0,-1,1,70.05595,45,Replayed,5.0
-3.0,-1.0,1,0,44.669163,45,Replayed,3.0
-9.0,-1.0,-1,1,65.41968,45,Replayed,9.0
5.0,1.0,1,1,69.78557,45,Replayed,5.0
3.0,0.0,1,1,60.63774,45,Replayed,3.0
-9.0,1.0,-1,1,83.76144,45,Replayed,9.0
9.0,0.0,1,1,76.92982,45,Replayed,9.0
3.0,-1.0,1,1,55.78074,45,Replayed,3.0
5.0,1.0,1,1,71.5084,45,Replayed,5.0
1.0,-1.0,1,1,52.435745,45,Replayed,1.0
-3.0,-1.0,-1,1,55.91969,45,Replayed,3.0
-38.0,0.0,-1,1,99.37796,45,Replayed,38.0
1.0,1.0,1,1,53.926895,45,Replayed,1.0
-5.0,-1.0,-1,1,59.080322,45,Replayed,5.0
-5.0,1.0,-1,1,69.246254,45,Replayed,5.0
-9.0,0.0,-1,1,78.19762,45,Replayed,9.0
3.0,0.0,1,1,59.97947,45,Replayed,3.0
5.0,-1.0,1,1,59.5095,45,Replayed,5.0
3.0,-1.0,-1,0,44.01419,45,Replayed,3.0
-1.0,-1.0,-1,1,51.965214,45,Replayed,1.0
3.0,1.0,-1,0,36.77088,45,Replayed,3.0
-9.0,-1.0,-1,1,65.96047,45,Replayed,9.0
1.0,1.0,1,1,53.87002,45,Replayed,1.0
5.0,-1.0,1,1,58.86603,45,Replayed,5.0
9.0,0.0,1,1,76.921326,45,Replayed,9.0
-3.0,0.0,-1,1,59.116035,45,Replayed,3.0
-38.0,1.0,-1,1,99.859985,45,Replayed,38.0
9.0,-1.0,1,1,65.43812,45,Replayed,9.0
9.0,-1.0,1,1,65.79691,45,Replayed,9.0
-3.0,1.0,-1,1,61.05565,45,Replayed,3.0
-5.0,-1.0,-1,1,57.89398,45,Replayed,5.0
-3.0,1.0,1,0,37.91315,45,Replayed,3.0
-9.0,-1.0,-1,1,65.54763,45,Replayed,9.0
-5.0,1.0,-1,1,70.97657,45,Replayed,5.0
-5.0,-1.0,-1,1,58.34681,45,Replayed,5.0
5.0,1.0,1,1,70.20028,45,Replayed,5.0
3.0,1.0,1,1,61.636074,45,Replayed,3.0
5.0,0.0,1,1,66.49929,45,Replayed,5.0
1.0,1.0,1,1,53.910202,45,Replayed,1.0
3.0,-1.0,1,1,55.086838,45,Replayed,3.0
9.0,-1.0,1,1,65.196335,45,Replayed,9.0
-5.0,0.0,-1,1,66.013405,45,Replayed,5.0
-38.0,1.0,-1,1,99.87449,45,Replayed,38.0
9.0,0.0,-1,0,22.415,45,Replayed,9.0
3.0,-1.0,-1,0,44.95531,45,Replayed,3.0
-3.0,0.0,1,0,39.80629,45,Replayed,3.0
-38.0,0.0,-1,1,99.369385,45,Replayed,38.0
5.0,-1.0,1,1,59.55637,45,Replayed,5.0
-1.0,0.0,1,0,46.883904,45,Replayed,1.0
-3.0,-1.0,-1,1,55.93836,45,Replayed,3.0
1.0,-1.0,-1,0,47.71183,45,Replayed,1.0
-3.0,0.0,-1,1,58.46792,45,Replayed,3.0
-9.0,0.0,-1,1,77.44174,45,Replayed,9.0
-38.0,-1.0,-1,1,96.00593,45,Replayed,38.0
1.0,1.0,1,1,54.89963,45,Replayed,1.0
9.0,1.0,1,1,83.646,45,Replayed,9.0
38.0,0.0,1,1,99.35835,45,Replayed,38.0
5.0,0.0,1,1,66.306114,45,Replayed,5.0
3.0,1.0,1,1,61.416298,45,Replayed,3.0
-9.0,-1.0,-1,1,65.63169,45,Replayed,9.0
5.0,1.0,-1,0,30.169577,45,Replayed,5.0
38.0,1.0,1,1,99.88,45,Replayed,38.0
-9.0,-1.0,-1,1,65.686455,45,Replayed,9.0
3.0,0.0,1,1,58.98696,45,Replayed,3.0
-3.0,0.0,1,0,39.58657,45,Replayed,3.0
1.0,-1.0,-1,0,47.810894,45,Replayed,1.0
1.0,0.0,1,1,52.82879,45,Replayed,1.0
38.0,1.0,1,1,99.86073,45,Replayed,38.0
1.0,1.0,1,1,54.263424,45,Replayed,1.0
3.0,0.0,1,1,60.579525,45,Replayed,3.0
-38.0,0.0,-1,1,99.36888,45,Replayed,38.0
3.0,0.0,1,1,59.845924,45,Replayed,3.0
-9.0,0.0,-1,1,77.93534,45,Replayed,9.0
-5.0,1.0,-1,1,70.32596,45,Replayed,5.0
-3.0,0.0,-1,1,60.389225,45,Replayed,3.0
-3.0,1.0,-1,1,61.779575,45,Replayed,3.0
1.0,0.0,1,1,52.260124,45,Replayed,1.0
-1.0,0.0,1,0,46.498356,45,Replayed,1.0
38.0,-1.0,1,1,95.72916,45,Replayed,38.0
9.0,-1.0,-1,0,33.97954,45,Replayed,9.0
-1.0,1.0,1,0,47.99345,45,Replayed,1.0
-5.0,1.0,1,0,29.826117,45,Replayed,5.0
38.0,1.0,1,1,99.865616,45,Replayed,38.0
-1.0,1.0,-1,1,55.21373,45,Replayed,1.0
-38.0,1.0,-1,1,99.87225,45,Replayed,38.0
-1.0,1.0,-1,1,54.053516,45,Replayed,1.0
-1.0,-1.0,1,0,47.852047,45,Replayed,1.0
-5.0,-1.0,-1,1,58.814896,45,Replayed,5.0
9.0,-1.0,1,1,65.7149,45,Replayed,9.0
-1.0,-1.0,1,0,47.808884,45,Replayed,1.0
-38.0,-1.0,-1,1,95.67163,45,Replayed,38.0
-38.0,1.0,-1,1,99.86422,45,Replayed,38.0
-1.0,0.0,-1,1,52.983402,45,Replayed,1.0
5.0,1.0,-1,0,31.338215,45,Replayed,5.0
5.0,-1.0,1,1,59.03247,45,Replayed,5.0
-1.0,0.0,1,0,47.688328,45,Replayed,1.0
-38.0,-1.0,-1,1,95.36124,45,Replayed,38.0
5.0,1.0,1,1,70.38776,45,Replayed,5.0
9.0,1.0,-1,0,16.287209,45,Replayed,9.0
-1.0,1.0,-1,1,54.9137,45,Replayed,1.0
38.0,0.0,1,1,99.3878,45,Replayed,38.0
-9.0,1.0,-1,1,82.54029,45,Replayed,9.0
38.0,1.0,1,1,99.86792,45,Replayed,38.0
1.0,1.0,-1,0,45.185974,45,Replayed,1.0
38.0,0.0,1,1,99.363815,45,Replayed,38.0
38.0,1.0,1,1,99.87268,45,Replayed,38.0
-9.0,0.0,-1,1,77.208015,45,Replayed,9.0
-3.0,1.0,-1,1,62.37654,45,Replayed,3.0
-38.0,0.0,-1,1,99.3785,45,Replayed,38.0
-5.0,0.0,-1,1,65.880486,45,Replayed,5.0
9.0,0.0,1,1,77.56534,45,Replayed,9.0
3.0,1.0,1,1,61.227,45,Replayed,3.0
5.0,1.0,1,1,69.9724,45,Replayed,5.0
5.0,0.0,-1,0,34.80193,45,Replayed,5.0
38.0,0.0,1,1,99.376686,45,Replayed,38.0
-5.0,0.0,1,0,32.945557,45,Replayed,5.0
1.0,0.0,1,1,53.961365,45,Replayed,1.0
-9.0,-1.0,-1,1,66.7629,45,Replayed,9.0
-38.0,0.0,-1,1,99.37181,45,Replayed,38.0
3.0,1.0,1,1,62.81017,45,Replayed,3.0
1.0,1.0,-1,0,45.398083,45,Replayed,1.0
-5.0,1.0,-1,1,71.54917,45,Replayed,5.0
5.0,0.0,1,1,65.71175,45,Replayed,5.0
-9.0,1.0,-1,1,83.41778,45,Replayed,9.0
3.0,-1.0,1,1,55.31978,45,Replayed,3.0
38.0,0.0,1,1,99.34465,45,Replayed,38.0
-1.0,-1.0,-1,1,52.59573,45,Replayed,1.0
-9.0,0.0,1,0,23.032393,45,Replayed,9.0
-38.0,1.0,-1,1,99.8859,45,Replayed,38.0
9.0,1.0,1,1,83.55013,45,Replayed,9.0
-38.0,1.0,-1,1,99.86884,45,Replayed,38.0
-9.0,1.0,-1,1,83.40631,45,Replayed,9.0
-9.0,1.0,-1,1,83.66727,45,Replayed,9.0
1.0,0.0,1,1,53.43945,45,Replayed,1.0
9.0,1.0,1,1,83.39111,45,Replayed,9.0
-3.0,1.0,-1,1,62.26456,45,Replayed,3.0
9.0,1.0,1,1,84.09005,45,Replayed,9.0
-5.0,-1.0,-1,1,57.32293,45,Replayed,5.0
38.0,-1.0,1,1,95.70172,45,Replayed,38.0
9.0,0.0,1,1,76.92158,45,Replayed,9.0
5.0,0.0,1,1,67.44871,45,Replayed,5.0
5.0,0.0,1,1,67.2741,45,Replayed,5.0
3.0,1.0,1,1,62.72446,45,Replayed,3.0
1.0,1.0,1,1,55.663445,46,Replayed,1.0
3.0,-1.0,-1,0,40.731922,46,Replayed,3.0
-3.0,-1.0,-1,1,59.81759,46,Replayed,3.0
-9.0,0.0,-1,1,81.78154,46,Replayed,9.0
9.0,-1.0,1,1,79.928955,46,Replayed,9.0
3.0,0.0,-1,0,36.61083,46,Replayed,3.0
9.0,-1.0,-1,0,19.92989,46,Replayed,9.0
-9.0,1.0,-1,1,83.128265,46,Replayed,9.0
1.0,0.0,1,1,53.724785,46,Replayed,1.0
-5.0,-1.0,-1,1,67.1329,46,Replayed,5.0
38.0,0.0,1,1,99.85405,46,Replayed,38.0
9.0,1.0,1,1,84.696304,46,Replayed,9.0
9.0,1.0,1,1,85.23739,46,Replayed,9.0
38.0,-1.0,1,1,99.60076,46,Replayed,38.0
1.0,1.0,1,1,54.73918,46,Replayed,1.0
38.0,0.0,1,1,99.840454,46,Replayed,38.0
5.0,0.0,-1,0,29.287323,46,Replayed,5.0
3.0,1.0,-1,0,36.877262,46,Replayed,3.0
-38.0,0.0,-1,1,99.851074,46,Replayed,38.0
9.0,-1.0,1,1,79.42278,46,Replayed,9.0
3.0,1.0,-1,0,37.98345,46,Replayed,3.0
-5.0,-1.0,-1,1,67.69865,46,Replayed,5.0
9.0,-1.0,1,1,80.32282,46,Replayed,9.0
-38.0,0.0,-1,1,99.85816,46,Replayed,38.0
5.0,0.0,1,1,70.5096,46,Replayed,5.0
1.0,1.0,-1,0,44.780766,46,Replayed,1.0
-5.0,0.0,-1,1,69.90306,46,Replayed,5.0
3.0,0.0,-1,0,38.786743,46,Replayed,3.0
9.0,0.0,1,1,82.03846,46,Replayed,9.0
-3.0,1.0,1,0,37.15384,46,Replayed,3.0
3.0,1.0,1,1,63.425613,46,Replayed,3.0
-5.0,1.0,-1,1,69.65521,46,Replayed,5.0
-9.0,0.0,-1,1,82.391975,46,Replayed,9.0
1.0,-1.0,1,1,52.936108,46,Replayed,1.0
5.0,0.0,1,1,70.48787,46,Replayed,5.0
-1.0,-1.0,-1,1,51.00509,46,Replayed,1.0
-38.0,0.0,-1,1,99.84676,46,Replayed,38.0
-1.0,1.0,-1,1,53.53829,46,Replayed,1.0
-1.0,1.0,-1,1,54.26426,46,Replayed,1.0
1.0,0.0,1,1,53.866344,46,Replayed,1.0
38.0,-1.0,1,1,99.594406,46,Replayed,38.0
-1.0,-1.0,1,0,46.686096,46,Replayed,1.0
-9.0,-1.0,-1,1,80.233826,46,Replayed,9.0
38.0,1.0,1,1,99.89903,46,Replayed,38.0
38.0,-1.0,1,1,99.588165,46,Replayed,38.0
3.0,1.0,1,1,62.624245,46,Replayed,3.0
5.0,0.0,1,1,69.65947,46,Replayed,5.0
3.0,-1.0,1,1,60.817806,46,Replayed,3.0
-38.0,1.0,-1,1,99.896385,46,Replayed,38.0
3.0,1.0,1,1,63.72598,46,Replayed,3.0
-1.0,1.0,1,0,48.337914,46,Replayed,1.0
5.0,1.0,1,1,70.666565,46,Replayed,5.0
9.0,0.0,1,1,83.02112,46,Replayed,9.0
3.0,1.0,1,1,61.871033,46,Replayed,3.0
5.0,1.0,1,1,70.804955,46,Replayed,5.0
-9.0,0.0,-1,1,81.92293,46,Replayed,9.0
1.0,0.0,-1,0,47.016838,46,Replayed,1.0
-3.0,1.0,1,0,38.971607,46,Replayed,3.0
38.0,-1.0,1,1,99.59294,46,Replayed,38.0
-1.0,1.0,-1,1,52.925777,46,Replayed,1.0
-5.0,1.0,-1,1,68.14023,46,Replayed,5.0
-5.0,1.0,-1,1,70.75861,46,Replayed,5.0
5.0,-1.0,1,1,67.0283,46,Replayed,5.0
-38.0,1.0,-1,1,99.89026,46,Replayed,38.0
9.0,-1.0,1,1,79.68785,46,Replayed,9.0
-9.0,0.0,-1,1,82.68273,46,Replayed,9.0
-9.0,0.0,-1,1,82.98012,46,Replayed,9.0
38.0,1.0,1,1,99.8966,46,Replayed,38.0
38.0,1.0,1,1,99.89703,46,Replayed,38.0
-5.0,0.0,-1,1,68.62875,46,Replayed,5.0
-9.0,-1.0,-1,1,79.882904,46,Replayed,9.0
5.0,1.0,1,1,71.159996,46,Replayed,5.0
3.0,-1.0,1,1,60.568016,46,Replayed,3.0
-1.0,1.0,1,0,47.33674,46,Replayed,1.0
1.0,1.0,-1,0,46.34301,46,Replayed,1.0
-5.0,-1.0,1,0,32.865604,46,Replayed,5.0
-1.0,0.0,-1,1,53.557743,46,Replayed,1.0
38.0,1.0,1,1,99.89721,46,Replayed,38.0
-9.0,-1.0,-1,1,79.82416,46,Replayed,9.0
-3.0,-1.0,-1,1,60.78695,46,Replayed,3.0
3.0,-1.0,1,1,58.75526,46,Replayed,3.0
5.0,-1.0,1,1,67.64654,46,Replayed,5.0
-38.0,-1.0,-1,1,99.5511,46,Replayed,38.0
5.0,0.0,1,1,70.742615,46,Replayed,5.0
-3.0,-1.0,-1,1,60.75076,46,Replayed,3.0
-5.0,1.0,-1,1,71.19383,46,Replayed,5.0
9.0,0.0,1,1,82.61376,46,Replayed,9.0
-38.0,0.0,-1,1,99.84051,46,Replayed,38.0
-1.0,-1.0,1,0,46.803265,46,Replayed,1.0
9.0,1.0,1,1,83.42505,46,Replayed,9.0
-3.0,-1.0,-1,1,59.938633,46,Replayed,3.0
-1.0,1.0,-1,1,54.656063,46,Replayed,1.0
-38.0,1.0,-1,1,99.89992,46,Replayed,38.0
38.0,-1.0,1,1,99.57818,46,Replayed,38.0
5.0,1.0,1,1,71.49765,46,Replayed,5.0
-1.0,-1.0,-1,1,53.736668,46,Replayed,1.0
-9.0,1.0,-1,1,82.80626,46,Replayed,9.0
9.0,-1.0,1,1,79.54413,46,Replayed,9.0
1.0,0.0,1,1,53.415035,46,Replayed,1.0
-9.0,1.0,-1,1,83.92947,46,Replayed,9.0
1.0,1.0,1,1,54.40604,46,Replayed,1.0
1.0,-1.0,-1,0,46.410683,46,Replayed,1.0
-9.0,1.0,-1,1,83.30047,46,Replayed,9.0
-38.0,1.0,-1,1,99.89335,46,Replayed,38.0
5.0,-1.0,-1,0,32.2387,46,Replayed,5.0
-3.0,1.0,-1,1,63.24183,46,Replayed,3.0
-3.0,-1.0,-1,1,60.87854,46,Replayed,3.0
-3.0,1.0,1,0,36.180798,46,Replayed,3.0
5.0,1.0,1,1,69.542656,46,Replayed,5.0
3.0,0.0,-1,0,37.620117,46,Replayed,3.0
5.0,1.0,1,1,70.00781,46,Replayed,5.0
9.0,1.0,1,1,84.58335,46,Replayed,9.0
-5.0,-1.0,1,0,32.123882,46,Replayed,5.0
1.0,-1.0,1,1,54.363663,46,Replayed,1.0
3.0,1.0,1,1,62.438316,46,Replayed,3.0
38.0,0.0,1,1,99.85321,46,Replayed,38.0
9.0,0.0,1,1,83.946815,46,Replayed,9.0
-3.0,0.0,1,0,38.91808,46,Replayed,3.0
-3.0,0.0,-1,1,61.554104,46,Replayed,3.0
1.0,-1.0,1,1,54.357742,46,Replayed,1.0
-5.0,1.0,-1,1,69.741615,46,Replayed,5.0
1.0,0.0,-1,0,45.268314,46,Replayed,1.0
-1.0,1.0,-1,1,53.25258,46,Replayed,1.0
9.0,0.0,1,1,82.149,46,Replayed,9.0
-1.0,0.0,-1,1,52.675426,46,Replayed,1.0
38.0,0.0,1,1,99.83936,46,Replayed,38.0
3.0,0.0,1,1,62.66216,46,Replayed,3.0
-3.0,1.0,-1,1,63.448257,46,Replayed,3.0
3.0,0.0,1,1,61.830288,46,Replayed,3.0
-5.0,-1.0,-1,1,65.79154,46,Replayed,5.0
-5.0,-1.0,1,0,33.326538,46,Replayed,5.0
1.0,1.0,1,1,54.558163,46,Replayed,1.0
9.0,1.0,1,1,83.47477,46,Replayed,9.0
-3.0,-1.0,-1,1,60.592907,46,Replayed,3.0
-38.0,-1.0,-1,1,99.51851,46,Replayed,38.0
38.0,-1.0,1,1,99.55939,46,Replayed,38.0
-1.0,0.0,-1,1,54.021973,46,Replayed,1.0
-38.0,1.0,-1,1,99.86365,46,Replayed,38.0
-5.0,0.0,1,0,30.1477,46,Replayed,5.0
38.0,1.0,1,1,99.89476,46,Replayed,38.0
-9.0,-1.0,-1,1,79.4407,46,Replayed,9.0
38.0,-1.0,1,1,99.56808,46,Replayed,38.0
-1.0,-1.0,-1,1,51.51079,46,Replayed,1.0
9.0,1.0,-1,0,16.911362,46,Replayed,9.0
9.0,0.0,1,1,83.92357,46,Replayed,9.0
-38.0,-1.0,-1,1,99.56775,46,Replayed,38.0
-5.0,0.0,-1,1,69.35197,46,Replayed,5.0
3.0,-1.0,1,1,59.887833,46,Replayed,3.0
-9.0,0.0,1,0,18.389038,46,Replayed,9.0
-9.0,1.0,-1,1,82.6145,46,Replayed,9.0
-9.0,-1.0,-1,1,80.09004,46,Replayed,9.0
1.0,0.0,1,1,56.394165,46,Replayed,1.0
-1.0,-1.0,-1,1,52.39656,46,Replayed,1.0
-5.0,0.0,-1,1,67.86918,46,Replayed,5.0
-3.0,0.0,-1,1,61.33355,46,Replayed,3.0
-3.0,1.0,-1,1,62.625103,46,Replayed,3.0
-38.0,-1.0,-1,1,99.58233,46,Replayed,38.0
5.0,0.0,-1,0,29.548315,46,Replayed,5.0
1.0,0.0,1,1,53.96947,46,Replayed,1.0
-3.0,0.0,1,0,38.72433,46,Replayed,3.0
38.0,1.0,1,1,99.89171,46,Replayed,38.0
3.0,1.0,1,1,63.56553,46,Replayed,3.0
9.0,-1.0,1,1,79.51661,46,Replayed,9.0
-3.0,0.0,1,0,39.11612,46,Replayed,3.0
3.0,-1.0,-1,0,39.217358,46,Replayed,3.0
9.0,0.0,1,1,82.17068,46,Replayed,9.0
-38.0,0.0,-1,1,99.843124,46,Replayed,38.0
-38.0,1.0,-1,1,99.89568,46,Replayed,38.0
1.0,1.0,-1,0,46.522198,46,Replayed,1.0
-1.0,0.0,-1,1,54.59844,46,Replayed,1.0
9.0,-1.0,1,1,80.36711,46,Replayed,9.0
38.0,-1.0,1,1,99.56162,46,Replayed,38.0
38.0,0.0,1,1,99.84459,46,Replayed,38.0
-38.0,-1.0,-1,1,99.58781,46,Replayed,38.0
-3.0,-1.0,1,0,41.231483,46,Replayed,3.0
-5.0,1.0,-1,1,69.78804,46,Replayed,5.0
-5.0,0.0,-1,1,68.921104,46,Replayed,5.0
-1.0,0.0,1,0,46.238445,46,Replayed,1.0
1.0,1.0,-1,0,46.31039,46,Replayed,1.0
5.0,-1.0,1,1,67.93744,46,Replayed,5.0
-3.0,-1.0,-1,1,60.323544,46,Replayed,3.0
-1.0,-1.0,-1,1,54.050888,46,Replayed,1.0
1.0,-1.0,1,1,52.973534,46,Replayed,1.0
-38.0,-1.0,-1,1,99.58732,46,Replayed,38.0
-5.0,0.0,1,0,30.326065,46,Replayed,5.0
-5.0,-1.0,-1,1,67.07155,46,Replayed,5.0
-5.0,1.0,-1,1,69.6786,46,Replayed,5.0
-38.0,0.0,-1,1,99.84743,46,Replayed,38.0
5.0,0.0,1,1,69.20355,46,Replayed,5.0
9.0,0.0,1,1,83.254845,46,Replayed,9.0
-1.0,-1.0,-1,1,52.983105,46,Replayed,1.0
3.0,-1.0,1,1,61.77881,46,Replayed,3.0
3.0,0.0,-1,0,37.828545,46,Replayed,3.0
-5.0,0.0,-1,1,68.7665,46,Replayed,5.0
3.0,0.0,1,1,62.943005,46,Replayed,3.0
-9.0,-1.0,-1,1,79.05098,46,Replayed,9.0
-3.0,0.0,-1,1,61.47766,46,Replayed,3.0
-38.0,0.0,-1,1,99.84974,46,Replayed,38.0
1.0,-1.0,1,1,53.550755,46,Replayed,1.0
38.0,0.0,1,1,99.85437,46,Replayed,38.0
5.0,0.0,-1,0,29.824183,46,Replayed,5.0
38.0,0.0,1,1,99.84633,46,Replayed,38.0
-9.0,1.0,-1,1,83.68754,46,Replayed,9.0
-9.0,1.0,1,0,16.758732,46,Replayed,9.0
1.0,0.0,1,1,54.68214,46,Replayed,1.0
3.0,-1.0,1,1,61.25982,46,Replayed,3.0
5.0,-1.0,1,1,66.60806,46,Replayed,5.0
5.0,-1.0,-1,0,32.468433,46,Replayed,5.0
-38.0,-1.0,-1,1,99.58833,46,Replayed,38.0
-38.0,0.0,-1,1,99.83718,46,Replayed,38.0
-9.0,-1.0,-1,1,79.15566,46,Replayed,9.0
-1.0,0.0,1,0,46.37812,46,Replayed,1.0
-5.0,1.0,1,0,29.834774,46,Replayed,5.0
5.0,-1.0,-1,0,31.766405,46,Replayed,5.0
-38.0,1.0,-1,1,99.90122,46,Replayed,38.0
38.0,1.0,1,1,99.89504,46,Replayed,38.0
9.0,1.0,1,1,83.43172,46,Replayed,9.0
38.0,1.0,1,1,99.89851,46,Replayed,38.0
-9.0,1.0,-1,1,82.83877,46,Replayed,9.0
-38.0,1.0,-1,1,99.903046,46,Replayed,38.0
1.0,-1.0,1,1,53.364353,46,Replayed,1.0
-3.0,0.0,1,0,37.806164,46,Replayed,3.0
-1.0,0.0,1,0,47.536957,46,Replayed,1.0
3.0,0.0,1,1,62.655376,46,Replayed,3.0
5.0,-1.0,-1,0,31.668737,46,Replayed,5.0
-9.0,0.0,-1,1,82.22416,46,Replayed,9.0
38.0,0.0,1,1,99.84391,46,Replayed,38.0
-1.0,1.0,1,0,46.232586,46,Replayed,1.0
9.0,1.0,1,1,83.18991,46,Replayed,9.0
5.0,1.0,1,1,69.004265,46,Replayed,5.0
-1.0,0.0,-1,1,52.73745,46,Replayed,1.0
-38.0,-1.0,-1,1,99.574585,46,Replayed,38.0
-3.0,1.0,-1,1,62.312763,46,Replayed,3.0
-3.0,0.0,1,0,37.837048,46,Replayed,3.0
-5.0,-1.0,-1,1,66.82743,46,Replayed,5.0
5.0,1.0,-1,0,30.110767,46,Replayed,5.0
-9.0,-1.0,1,0,20.632002,46,Replayed,9.0
-3.0,1.0,-1,1,62.13541,46,Replayed,3.0
1.0,-1.0,1,1,53.29569,46,Replayed,1.0
-9.0,0.0,-1,1,82.009544,46,Replayed,9.0
3.0,-1.0,-1,0,46.06856,47,Replayed,3.0
1.0,-1.0,-1,0,47.64621,47,Replayed,1.0
-3.0,-1.0,1,0,49.036427,47,Replayed,3.0
-3.0,0.0,-1,1,51.062096,47,Replayed,3.0
3.0,1.0,-1,0,43.39863,47,Replayed,3.0
-3.0,1.0,-1,1,52.820564,47,Replayed,3.0
9.0,-1.0,1,1,59.624557,47,Replayed,9.0
3.0,0.0,1,1,55.968,47,Replayed,3.0
-38.0,-1.0,-1,1,89.88706,47,Replayed,38.0
-1.0,1.0,1,0,49.868496,47,Replayed,1.0
-5.0,0.0,-1,1,53.92245,47,Replayed,5.0
38.0,-1.0,1,1,92.745575,47,Replayed,38.0
-38.0,1.0,-1,1,95.29451,47,Replayed,38.0
1.0,1.0,1,1,54.23054,47,Replayed,1.0
5.0,-1.0,1,1,54.68942,47,Replayed,5.0
-38.0,0.0,-1,1,92.65242,47,Replayed,38.0
5.0,0.0,1,1,57.70238,47,Replayed,5.0
38.0,0.0,1,1,94.83565,47,Replayed,38.0
-3.0,-1.0,1,0,49.14221,47,Replayed,3.0
-5.0,-1.0,1,0,47.879906,47,Replayed,5.0
-3.0,0.0,-1,1,51.088165,47,Replayed,3.0
3.0,-1.0,1,1,53.703354,47,Replayed,3.0
-3.0,-1.0,-1,1,50.855583,47,Replayed,3.0
1.0,0.0,1,1,53.7107,47,Replayed,1.0
1.0,0.0,1,1,53.41677,47,Replayed,1.0
5.0,1.0,1,1,60.383026,47,Replayed,5.0
9.0,1.0,1,1,65.68602,47,Replayed,9.0
-3.0,1.0,1,0,47.782597,47,Replayed,3.0
-1.0,1.0,1,0,51.09288,47,Replayed,1.0
-5.0,-1.0,-1,1,52.18888,47,Replayed,5.0
-1.0,0.0,1,0,50.78032,47,Replayed,1.0
38.0,-1.0,1,1,92.76439,47,Replayed,38.0
38.0,1.0,1,1,96.60259,47,Replayed,38.0
-1.0,-1.0,-1,1,49.68337,47,Replayed,1.0
5.0,0.0,-1,0,42.654408,47,Replayed,5.0
38.0,1.0,1,1,96.736664,47,Replayed,38.0
9.0,1.0,1,1,65.566895,47,Replayed,9.0
1.0,-1.0,1,1,52.21173,47,Replayed,1.0
1.0,0.0,1,1,53.235985,47,Replayed,1.0
-3.0,-1.0,-1,1,51.984985,47,Replayed,3.0
-38.0,-1.0,-1,1,90.119934,47,Replayed,38.0
-5.0,0.0,-1,1,53.93634,47,Replayed,5.0
-5.0,1.0,-1,1,54.99595,47,Replayed,5.0
-1.0,-1.0,1,0,49.92348,47,Replayed,1.0
-5.0,1.0,1,0,44.970127,47,Replayed,5.0
3.0,1.0,-1,0,42.482872,47,Replayed,3.0
5.0,-1.0,1,1,56.340576,47,Replayed,5.0
-5.0,0.0,-1,1,54.043983,47,Replayed,5.0
9.0,0.0,1,1,61.373146,47,Replayed,9.0
9.0,-1.0,1,1,58.99573,47,Replayed,9.0
9.0,0.0,-1,0,37.790527,47,Replayed,9.0
-38.0,1.0,-1,1,94.64457,47,Replayed,38.0
-9.0,-1.0,-1,1,55.449635,47,Replayed,9.0
-3.0,0.0,1,0,47.74589,47,Replayed,3.0
-38.0,-1.0,-1,1,90.194435,47,Replayed,38.0
-1.0,1.0,1,0,51.11293,47,Replayed,1.0
-1.0,-1.0,-1,1,49.631958,47,Replayed,1.0
1.0,0.0,-1,0,46.908726,47,Replayed,1.0
-9.0,-1.0,1,0,45.150547,47,Replayed,9.0
-38.0,1.0,-1,1,95.17984,47,Replayed,38.0
-38.0,1.0,-1,1,95.19962,47,Replayed,38.0
9.0,-1.0,1,1,58.665077,47,Replayed,9.0
-5.0,-1.0,-1,1,52.251823,47,Replayed,5.0
5.0,1.0,1,1,59.649258,47,Replayed,5.0
-38.0,0.0,-1,1,92.83247,47,Replayed,38.0
9.0,0.0,1,1,62.19132,47,Replayed,9.0
1.0,1.0,1,1,53.77056,47,Replayed,1.0
-9.0,-1.0,-1,1,54.575085,47,Replayed,9.0
38.0,0.0,1,1,95.370926,47,Replayed,38.0
-9.0,1.0,-1,1,59.755962,47,Replayed,9.0
38.0,-1.0,1,1,92.98784,47,Replayed,38.0
-9.0,1.0,1,0,39.916508,47,Replayed,9.0
3.0,0.0,-1,0,45.012875,47,Replayed,3.0
1.0,-1.0,-1,0,48.164165,47,Replayed,1.0
-3.0,-1.0,-1,1,51.436104,47,Replayed,3.0
9.0,0.0,1,1,62.29021,47,Replayed,9.0
1.0,1.0,1,1,53.62097,47,Replayed,1.0
-38.0,0.0,-1,1,92.85632,47,Replayed,38.0
-3.0,-1.0,1,0,48.052578,47,Replayed,3.0
-1.0,-1.0,1,0,50.68283,47,Replayed,1.0
5.0,1.0,-1,0,40.62772,47,Replayed,5.0
5.0,-1.0,1,1,55.09918,47,Replayed,5.0
3.0,0.0,1,1,55.522335,47,Replayed,3.0
38.0,1.0,1,1,97.05277,47,Replayed,38.0
3.0,-1.0,1,1,54.07163,47,Replayed,3.0
5.0,1.0,1,1,59.83541,47,Replayed,5.0
9.0,-1.0,1,1,59.11525,47,Replayed,9.0
1.0,0.0,-1,0,46.829063,47,Replayed,1.0
5.0,1.0,1,1,60.535927,47,Replayed,5.0
1.0,-1.0,1,1,52.472645,47,Replayed,1.0
-38.0,1.0,-1,1,95.10257,47,Replayed,38.0
38.0,0.0,1,1,95.27776,47,Replayed,38.0
-38.0,-1.0,-1,1,89.829094,47,Replayed,38.0
3.0,0.0,1,1,56.423306,47,Replayed,3.0
38.0,-1.0,1,1,93.1769,47,Replayed,38.0
5.0,-1.0,1,1,54.961323,47,Replayed,5.0
-5.0,1.0,-1,1,55.03474,47,Replayed,5.0
-3.0,1.0,1,0,46.52139,47,Replayed,3.0
-38.0,0.0,-1,1,92.60269,47,Replayed,38.0
-1.0,0.0,1,0,51.071198,47,Replayed,1.0
9.0,-1.0,1,1,58.698708,47,Replayed,9.0
-3.0,-1.0,-1,1,50.995083,47,Replayed,3.0
-3.0,0.0,1,0,48.63552,47,Replayed,3.0
-3.0,1.0,-1,1,52.213966,47,Replayed,3.0
1.0,1.0,1,1,54.40625,47,Replayed,1.0
-9.0,0.0,-1,1,57.18339,47,Replayed,9.0
5.0,1.0,1,1,59.667355,47,Replayed,5.0
3.0,0.0,-1,0,44.44172,47,Replayed,3.0
1.0,1.0,1,1,53.980076,47,Replayed,1.0
5.0,0.0,1,1,57.091503,47,Replayed,5.0
-1.0,0.0,1,0,50.318058,47,Replayed,1.0
-9.0,1.0,-1,1,60.70957,47,Replayed,9.0
38.0,-1.0,1,1,92.39168,47,Replayed,38.0
-9.0,0.0,-1,1,57.24774,47,Replayed,9.0
9.0,0.0,1,1,62.89589,47,Replayed,9.0
-3.0,0.0,-1,1,51.835793,47,Replayed,3.0
-38.0,-1.0,-1,1,89.85396,47,Replayed,38.0
-5.0,1.0,1,0,45.406685,47,Replayed,5.0
9.0,1.0,1,1,65.308556,47,Replayed,9.0
-1.0,0.0,1,0,50.018467,47,Replayed,1.0
38.0,-1.0,1,1,92.87614,47,Replayed,38.0
-1.0,1.0,-1,1,50.40173,47,Replayed,1.0
-9.0,1.0,-1,1,60.44531,47,Replayed,9.0
-9.0,1.0,-1,1,60.177273,47,Replayed,9.0
-38.0,0.0,-1,1,93.0244,47,Replayed,38.0
9.0,0.0,1,1,62.596535,47,Replayed,9.0
-1.0,0.0,-1,1,49.001057,47,Replayed,1.0
-9.0,1.0,-1,1,60.394722,47,Replayed,9.0
3.0,1.0,1,1,57.11283,47,Replayed,3.0
-5.0,-1.0,-1,1,52.28738,47,Replayed,5.0
1.0,-1.0,-1,0,47.93228,47,Replayed,1.0
-9.0,0.0,-1,1,57.990692,47,Replayed,9.0
38.0,1.0,1,1,96.67151,47,Replayed,38.0
3.0,-1.0,1,1,54.68842,47,Replayed,3.0
3.0,0.0,1,1,54.78877,47,Replayed,3.0
5.0,1.0,1,1,58.985615,47,Replayed,5.0
5.0,0.0,1,1,58.052795,47,Replayed,5.0
38.0,0.0,1,1,94.80295,47,Replayed,38.0
-1.0,-1.0,1,0,50.24898,47,Replayed,1.0
5.0,0.0,1,1,57.146202,47,Replayed,5.0
-1.0,1.0,1,0,50.418747,47,Replayed,1.0
-9.0,-1.0,-1,1,53.602757,47,Replayed,9.0
-9.0,-1.0,-1,1,54.61432,47,Replayed,9.0
-5.0,-1.0,-1,1,52.48251,47,Replayed,5.0
1.0,0.0,1,1,52.542747,47,Replayed,1.0
-3.0,0.0,1,0,48.604473,47,Replayed,3.0
-5.0,0.0,1,0,45.885105,47,Replayed,5.0
-38.0,1.0,-1,1,95.30543,47,Replayed,38.0
-9.0,1.0,-1,1,59.97169,47,Replayed,9.0
3.0,-1.0,-1,0,46.252693,47,Replayed,3.0
-9.0,0.0,-1,1,57.384415,47,Replayed,9.0
1.0,1.0,1,1,53.77755,47,Replayed,1.0
5.0,-1.0,-1,0,44.01974,47,Replayed,5.0
-3.0,0.0,1,0,48.82548,47,Replayed,3.0
-5.0,1.0,1,0,44.324707,47,Replayed,5.0
-9.0,0.0,1,0,42.31702,47,Replayed,9.0
-5.0,1.0,-1,1,55.668457,47,Replayed,5.0
-38.0,-1.0,-1,1,90.007545,47,Replayed,38.0
9.0,1.0,1,1,65.62286,47,Replayed,9.0
1.0,-1.0,1,1,52.726048,47,Replayed,1.0
3.0,1.0,-1,0,42.251003,47,Replayed,3.0
-5.0,1.0,-1,1,54.568226,47,Replayed,5.0
-3.0,1.0,-1,1,52.80866,47,Replayed,3.0
-9.0,0.0,1,0,41.719173,47,Replayed,9.0
3.0,1.0,1,1,56.84417,47,Replayed,3.0
-1.0,1.0,-1,1,49.191246,47,Replayed,1.0
-1.0,-1.0,-1,1,49.718307,47,Replayed,1.0
9.0,-1.0,1,1,58.726524,47,Replayed,9.0
-38.0,1.0,-1,1,95.36261,47,Replayed,38.0
3.0,1.0,-1,0,42.827293,47,Replayed,3.0
-3.0,-1.0,-1,1,50.74259,47,Replayed,3.0
9.0,-1.0,1,1,58.550026,47,Replayed,9.0
1.0,0.0,1,1,52.915825,47,Replayed,1.0
5.0,1.0,1,1,60.209442,47,Replayed,5.0
5.0,0.0,1,1,57.21764,47,Replayed,5.0
3.0,1.0,-1,0,43.15252,47,Replayed,3.0
9.0,1.0,1,1,65.25839,47,Replayed,9.0
38.0,1.0,1,1,96.60061,47,Replayed,38.0
-5.0,0.0,-1,1,53.777565,47,Replayed,5.0
38.0,-1.0,1,1,93.000244,47,Replayed,38.0
-9.0,-1.0,-1,1,54.582245,47,Replayed,9.0
-5.0,-1.0,-1,1,52.73391,47,Replayed,5.0
-3.0,1.0,1,0,47.045586,47,Replayed,3.0
5.0,-1.0,-1,0,45.158585,47,Replayed,5.0
-5.0,-1.0,-1,1,52.417667,47,Replayed,5.0
-5.0,0.0,-1,1,53.884495,47,Replayed,5.0
3.0,-1.0,1,1,53.63563,47,Replayed,3.0
9.0,1.0,1,1,65.75409,47,Replayed,9.0
1.0,1.0,1,1,54.052757,47,Replayed,1.0
9.0,-1.0,1,1,59.171707,47,Replayed,9.0
-1.0,0.0,1,0,50.36307,47,Replayed,1.0
9.0,0.0,1,1,62.197727,47,Replayed,9.0
-38.0,1.0,-1,1,95.05712,47,Replayed,38.0
38.0,0.0,1,1,95.08537,47,Replayed,38.0
38.0,0.0,1,1,95.17473,47,Replayed,38.0
3.0,-1.0,-1,0,46.55963,47,Replayed,3.0
3.0,1.0,1,1,57.40438,47,Replayed,3.0
-1.0,1.0,1,0,50.395954,47,Replayed,1.0
-38.0,0.0,-1,1,92.660515,47,Replayed,38.0
5.0,0.0,-1,0,41.81255,47,Replayed,5.0
9.0,1.0,1,1,65.625725,47,Replayed,9.0
-38.0,0.0,-1,1,93.06353,47,Replayed,38.0
38.0,0.0,1,1,94.86192,47,Replayed,38.0
5.0,-1.0,1,1,54.879234,47,Replayed,5.0
1.0,-1.0,1,1,52.265,47,Replayed,1.0
9.0,0.0,1,1,61.35028,47,Replayed,9.0
-9.0,-1.0,-1,1,54.61312,47,Replayed,9.0
1.0,-1.0,-1,0,48.064747,47,Replayed,1.0
9.0,1.0,1,1,65.332085,47,Replayed,9.0
38.0,1.0,1,1,96.620766,47,Replayed,38.0
-5.0,1.0,1,0,44.735546,47,Replayed,5.0
3.0,-1.0,-1,0,45.19817,47,Replayed,3.0
-1.0,1.0,1,0,50.734486,47,Replayed,1.0
-9.0,0.0,-1,1,57.488586,47,Replayed,9.0
-38.0,-1.0,-1,1,89.84308,47,Replayed,38.0
3.0,0.0,1,1,55.637318,47,Replayed,3.0
1.0,1.0,1,1,54.16566,47,Replayed,1.0
-38.0,0.0,-1,1,93.201965,47,Replayed,38.0
5.0,-1.0,-1,0,43.94301,47,Replayed,5.0
38.0,-1.0,1,1,92.736664,47,Replayed,38.0
38.0,1.0,1,1,96.85523,47,Replayed,38.0
3.0,0.0,-1,0,44.94067,47,Replayed,3.0
-1.0,-1.0,1,0,49.576183,47,Replayed,1.0
-38.0,-1.0,-1,1,89.80508,47,Replayed,38.0
-9.0,1.0,-1,1,60.466015,47,Replayed,9.0
1.0,0.0,-1,0,46.825485,47,Replayed,1.0
-9.0,-1.0,-1,1,54.316353,47,Replayed,9.0
-3.0,1.0,1,0,46.855923,47,Replayed,3.0
-5.0,0.0,1,0,46.99954,47,Replayed,5.0
-9.0,0.0,-1,1,57.361866,47,Replayed,9.0
-1.0,-1.0,-1,1,49.749016,47,Replayed,1.0
38.0,0.0,1,1,95.23052,47,Replayed,38.0
-3.0,0.0,1,0,48.19558,47,Replayed,3.0
-1.0,0.0,-1,1,48.81689,47,Replayed,1.0
-5.0,-1.0,1,0,47.82049,47,Replayed,5.0
5.0,0.0,-1,0,41.87225,47,Replayed,5.0
-3.0,1.0,-1,1,52.717293,47,Replayed,3.0
38.0,1.0,1,1,96.79888,47,Replayed,38.0
-3.0,1.0,1,0,50.239033,48,Replayed,3.0
-1.0,1.0,-1,1,47.551525,48,Replayed,1.0
-3.0,-1.0,-1,1,50.338734,48,Replayed,3.0
3.0,-1.0,-1,0,43.95339,48,Replayed,3.0
-9.0,1.0,1,0,43.976166,48,Replayed,9.0
1.0,1.0,1,1,54.533203,48,Replayed,1.0
-3.0,1.0,-1,1,49.860508,48,Replayed,3.0
9.0,0.0,1,1,61.268837,48,Replayed,9.0
9.0,-1.0,1,1,59.78828,48,Replayed,9.0
-9.0,-1.0,-1,1,54.595005,48,Replayed,9.0
-1.0,-1.0,1,0,51.469463,48,Replayed,1.0
-1.0,-1.0,-1,1,48.48182,48,Replayed,1.0
38.0,0.0,1,1,87.03214,48,Replayed,38.0
-9.0,1.0,-1,1,55.273415,48,Replayed,9.0
-38.0,-1.0,-1,1,78.285416,48,Replayed,38.0
-38.0,-1.0,-1,1,78.494225,48,Replayed,38.0
38.0,0.0,1,1,87.76107,48,Replayed,38.0
1.0,1.0,-1,0,45.54502,48,Replayed,1.0
-9.0,1.0,-1,1,55.62681,48,Replayed,9.0
-9.0,1.0,1,0,45.074783,48,Replayed,9.0
-1.0,1.0,1,0,53.47588,48,Replayed,1.0
9.0,0.0,1,1,60.83252,48,Replayed,9.0
38.0,-1.0,1,1,85.51996,48,Replayed,38.0
-9.0,-1.0,1,0,45.87504,48,Replayed,9.0
-1.0,1.0,1,0,52.815723,48,Replayed,1.0
-9.0,0.0,1,0,45.01348,48,Replayed,9.0
38.0,0.0,1,1,87.41368,48,Replayed,38.0
9.0,1.0,1,1,62.502934,48,Replayed,9.0
9.0,-1.0,1,1,60.464043,48,Replayed,9.0
9.0,-1.0,1,1,60.210007,48,Replayed,9.0
3.0,0.0,1,1,55.315228,48,Replayed,3.0
5.0,1.0,1,1,57.907932,48,Replayed,5.0
38.0,0.0,1,1,87.89474,48,Replayed,38.0
5.0,-1.0,-1,0,43.2728,48,Replayed,5.0
1.0,1.0,-1,0,45.329876,48,Replayed,1.0
38.0,-1.0,1,1,85.91113,48,Replayed,38.0
-5.0,-1.0,1,0,47.810726,48,Replayed,5.0
-38.0,1.0,-1,1,82.612144,48,Replayed,38.0
-5.0,0.0,1,0,48.256966,48,Replayed,5.0
-5.0,-1.0,1,0,48.312374,48,Replayed,5.0
5.0,0.0,1,1,58.03714,48,Replayed,5.0
1.0,0.0,-1,0,45.609264,48,Replayed,1.0
3.0,-1.0,1,1,55.51464,48,Replayed,3.0
-1.0,1.0,-1,1,47.42449,48,Replayed,1.0
-3.0,1.0,1,0,49.943466,48,Replayed,3.0
-9.0,-1.0,-1,1,54.550095,48,Replayed,9.0
38.0,1.0,1,1,88.92857,48,Replayed,38.0
-9.0,-1.0,-1,1,53.976864,48,Replayed,9.0
3.0,1.0,1,1,56.858063,48,Replayed,3.0
5.0,0.0,1,1,57.926,48,Replayed,5.0
3.0,-1.0,-1,0,44.647327,48,Replayed,3.0
-9.0,0.0,1,0,45.34795,48,Replayed,9.0
-9.0,0.0,-1,1,54.25303,48,Replayed,9.0
1.0,0.0,1,1,54.691483,48,Replayed,1.0
-5.0,0.0,1,0,48.908337,48,Replayed,5.0
-38.0,1.0,-1,1,82.161995,48,Replayed,38.0
38.0,1.0,1,1,89.19213,48,Replayed,38.0
-9.0,-1.0,1,0,44.858868,48,Replayed,9.0
1.0,-1.0,-1,0,45.896156,48,Replayed,1.0
-38.0,1.0,-1,1,83.347755,48,Replayed,38.0
5.0,0.0,1,1,58.069973,48,Replayed,5.0
9.0,1.0,1,1,62.60325,48,Replayed,9.0
-1.0,-1.0,1,0,52.26507,48,Replayed,1.0
1.0,-1.0,1,1,54.210747,48,Replayed,1.0
38.0,0.0,1,1,87.45932,48,Replayed,38.0
1.0,1.0,1,1,55.32965,48,Replayed,1.0
-1.0,-1.0,1,0,52.3576,48,Replayed,1.0
5.0,1.0,-1,0,41.14208,48,Replayed,5.0
-1.0,1.0,1,0,51.822273,48,Replayed,1.0
3.0,0.0,1,1,56.136494,48,Replayed,3.0
-38.0,-1.0,-1,1,78.10697,48,Replayed,38.0
-9.0,-1.0,1,0,45.899952,48,Replayed,9.0
-1.0,-1.0,1,0,51.950848,48,Replayed,1.0
5.0,0.0,1,1,57.52589,48,Replayed,5.0
-5.0,-1.0,-1,1,51.64314,48,Replayed,5.0
-3.0,0.0,1,0,50.217377,48,Replayed,3.0
-3.0,0.0,1,0,50.296223,48,Replayed,3.0
-38.0,0.0,-1,1,80.50763,48,Replayed,38.0
-3.0,0.0,-1,1,49.94727,48,Replayed,3.0
9.0,-1.0,-1,0,40.895767,48,Replayed,9.0
38.0,-1.0,1,1,86.05907,48,Replayed,38.0
-9.0,0.0,1,0,45.027256,48,Replayed,9.0
9.0,0.0,1,1,60.345764,48,Replayed,9.0
1.0,0.0,1,1,53.817177,48,Replayed,1.0
5.0,0.0,1,1,57.346935,48,Replayed,5.0
5.0,0.0,1,1,57.987614,48,Replayed,5.0
3.0,-1.0,1,1,55.489395,48,Replayed,3.0
-9.0,0.0,-1,1,54.468185,48,Replayed,9.0
3.0,-1.0,1,1,55.496716,48,Replayed,3.0
9.0,-1.0,1,1,59.284275,48,Replayed,9.0
-38.0,1.0,-1,1,82.85322,48,Replayed,38.0
-3.0,0.0,1,0,50.396885,48,Replayed,3.0
9.0,-1.0,1,1,59.89182,48,Replayed,9.0
-9.0,1.0,-1,1,55.13238,48,Replayed,9.0
3.0,1.0,-1,0,43.193657,48,Replayed,3.0
9.0,0.0,1,1,61.244537,48,Replayed,9.0
38.0,1.0,1,1,89.63844,48,Replayed,38.0
-38.0,1.0,-1,1,82.74305,48,Replayed,38.0
-9.0,0.0,-1,1,54.797817,48,Replayed,9.0
9.0,1.0,1,1,62.564026,48,Replayed,9.0
38.0,-1.0,1,1,85.52619,48,Replayed,38.0
-1.0,0.0,-1,1,48.28773,48,Replayed,1.0
-3.0,-1.0,-1,1,50.53786,48,Replayed,3.0
-5.0,1.0,-1,1,51.478065,48,Replayed,5.0
38.0,0.0,1,1,87.77519,48,Replayed,38.0
-1.0,1.0,1,0,51.80099,48,Replayed,1.0
-9.0,1.0,-1,1,55.250687,48,Replayed,9.0
1.0,1.0,1,1,54.995705,48,Replayed,1.0
1.0,1.0,1,1,54.63025,48,Replayed,1.0
3.0,-1.0,1,1,54.716515,48,Replayed,3.0
5.0,1.0,-1,0,41.270763,48,Replayed,5.0
-5.0,-1.0,1,0,48.188297,48,Replayed,5.0
-3.0,-1.0,1,0,50.070137,48,Replayed,3.0
-5.0,-1.0,1,0,48.339195,48,Replayed,5.0
1.0,0.0,1,1,53.612442,48,Replayed,1.0
1.0,-1.0,1,1,53.594925,48,Replayed,1.0
9.0,1.0,-1,0,37.802666,48,Replayed,9.0
-3.0,0.0,1,0,50.684525,48,Replayed,3.0
-3.0,1.0,-1,1,50.03351,48,Replayed,3.0
-9.0,1.0,-1,1,54.998528,48,Replayed,9.0
-38.0,0.0,-1,1,80.88728,48,Replayed,38.0
5.0,-1.0,1,1,56.81957,48,Replayed,5.0
-3.0,-1.0,-1,1,49.475285,48,Replayed,3.0
-5.0,1.0,1,0,48.047092,48,Replayed,5.0
9.0,0.0,-1,0,38.865887,48,Replayed,9.0
38.0,1.0,1,1,89.21512,48,Replayed,38.0
3.0,0.0,1,1,55.407707,48,Replayed,3.0
-1.0,1.0,1,0,52.368324,48,Replayed,1.0
-38.0,1.0,-1,1,83.10219,48,Replayed,38.0
1.0,1.0,-1,0,44.53959,48,Replayed,1.0
5.0,1.0,1,1,58.267246,48,Replayed,5.0
-38.0,-1.0,-1,1,78.30414,48,Replayed,38.0
-38.0,0.0,-1,1,81.48474,48,Replayed,38.0
-5.0,1.0,-1,1,51.87019,48,Replayed,5.0
-1.0,-1.0,1,0,52.266533,48,Replayed,1.0
9.0,1.0,-1,0,38.025963,48,Replayed,9.0
1.0,0.0,-1,0,45.995167,48,Replayed,1.0
-1.0,-1.0,1,0,51.197727,48,Replayed,1.0
5.0,-1.0,-1,0,42.801567,48,Replayed,5.0
3.0,1.0,1,1,56.5418,48,Replayed,3.0
-38.0,0.0,-1,1,80.55855,48,Replayed,38.0
-38.0,0.0,-1,1,80.8513,48,Replayed,38.0
-1.0,0.0,-1,1,47.40446,48,Replayed,1.0
-3.0,-1.0,1,0,50.439377,48,Replayed,3.0
1.0,0.0,-1,0,45.245483,48,Replayed,1.0
38.0,-1.0,1,1,86.079506,48,Replayed,38.0
-3.0,0.0,-1,1,50.419342,48,Replayed,3.0
5.0,-1.0,1,1,56.571533,48,Replayed,5.0
38.0,0.0,1,1,87.30123,48,Replayed,38.0
3.0,0.0,1,1,55.263092,48,Replayed,3.0
3.0,1.0,1,1,56.9881,48,Replayed,3.0
1.0,-1.0,1,1,53.46493,48,Replayed,1.0
3.0,1.0,1,1,55.362797,48,Replayed,3.0
-38.0,1.0,-1,1,82.64843,48,Replayed,38.0
9.0,0.0,1,1,60.70472,48,Replayed,9.0
-1.0,-1.0,-1,1,48.533253,48,Replayed,1.0
-9.0,-1.0,-1,1,54.045223,48,Replayed,9.0
-9.0,-1.0,-1,1,53.99921,48,Replayed,9.0
9.0,1.0,1,1,62.441517,48,Replayed,9.0
38.0,0.0,1,1,87.97011,48,Replayed,38.0
-5.0,1.0,-1,1,52.241146,48,Replayed,5.0
-1.0,0.0,1,0,52.633804,48,Replayed,1.0
-9.0,1.0,1,0,44.204258,48,Replayed,9.0
3.0,0.0,1,1,56.480007,48,Replayed,3.0
-38.0,-1.0,-1,1,78.504875,48,Replayed,38.0
9.0,1.0,1,1,62.160557,48,Replayed,9.0
3.0,-1.0,1,1,55.042202,48,Replayed,3.0
-5.0,-1.0,1,0,48.377888,48,Replayed,5.0
-3.0,1.0,-1,1,49.854145,48,Replayed,3.0
-5.0,0.0,1,0,48.84042,48,Replayed,5.0
5.0,0.0,-1,0,42.00542,48,Replayed,5.0
5.0,1.0,1,1,58.52359,48,Replayed,5.0
5.0,-1.0,1,1,57.71641,48,Replayed,5.0
-1.0,1.0,1,0,52.659065,48,Replayed,1.0
-3.0,-1.0,1,0,49.88705,48,Replayed,3.0
-3.0,0.0,1,0,50.56275,48,Replayed,3.0
1.0,0.0,-1,0,45.4498,48,Replayed,1.0
3.0,0.0,-1,0,43.97826,48,Replayed,3.0
3.0,1.0,-1,0,43.549305,48,Replayed,3.0
-5.0,1.0,1,0,48.491993,48,Replayed,5.0
-1.0,0.0,1,0,51.98943,48,Replayed,1.0
-1.0,0.0,-1,1,47.355804,48,Replayed,1.0
3.0,0.0,1,1,56.506886,48,Replayed,3.0
-3.0,1.0,-1,1,50.6304,48,Replayed,3.0
-5.0,0.0,-1,1,51.85031,48,Replayed,5.0
-38.0,1.0,-1,1,82.389915,48,Replayed,38.0
9.0,-1.0,1,1,60.456882,48,Replayed,9.0
-9.0,0.0,-1,1,53.873085,48,Replayed,9.0
-5.0,0.0,-1,1,51.370575,48,Replayed,5.0
3.0,1.0,1,1,56.549156,48,Replayed,3.0
-38.0,0.0,-1,1,79.82681,48,Replayed,38.0
-38.0,0.0,-1,1,80.24723,48,Replayed,38.0
-5.0,0.0,-1,1,50.84243,48,Replayed,5.0
3.0,-1.0,1,1,55.222904,48,Replayed,3.0
-3.0,-1.0,1,0,50.83153,48,Replayed,3.0
5.0,-1.0,-1,0,42.80254,48,Replayed,5.0
-5.0,1.0,-1,1,51.555454,48,Replayed,5.0
-9.0,0.0,-1,1,54.940765,48,Replayed,9.0
5.0,0.0,1,1,57.255356,48,Replayed,5.0
38.0,-1.0,1,1,85.39378,48,Replayed,38.0
5.0,-1.0,1,1,57.570965,48,Replayed,5.0
1.0,-1.0,-1,0,45.965496,48,Replayed,1.0
-38.0,0.0,-1,1,81.05737,48,Replayed,38.0
38.0,1.0,1,1,89.24467,48,Replayed,38.0
1.0,-1.0,1,1,53.92556,48,Replayed,1.0
38.0,1.0,1,1,88.45512,48,Replayed,38.0
-3.0,1.0,1,0,50.81799,48,Replayed,3.0
-5.0,-1.0,1,0,48.6339,48,Replayed,5.0
-5.0,0.0,1,0,48.26687,48,Replayed,5.0
9.0,-1.0,1,1,59.113712,48,Replayed,9.0
-5.0,1.0,-1,1,51.81483,48,Replayed,5.0
-5.0,1.0,1,0,48.972874,48,Replayed,5.0
1.0,0.0,1,1,54.93371,48,Replayed,1.0
-3.0,-1.0,-1,1,49.04884,48,Replayed,3.0
38.0,-1.0,1,1,85.52329,48,Replayed,38.0
38.0,1.0,1,1,88.71718,48,Replayed,38.0
-3.0,0.0,1,0,50.396847,48,Replayed,3.0
38.0,1.0,1,1,88.85557,48,Replayed,38.0
9.0,1.0,1,1,62.305935,48,Replayed,9.0
-38.0,-1.0,-1,1,77.51571,48,Replayed,38.0
38.0,-1.0,1,1,85.66364,48,Replayed,38.0
5.0,-1.0,-1,0,42.950882,48,Replayed,5.0
3.0,0.0,-1,0,43.88691,48,Replayed,3.0
5.0,1.0,1,1,58.6751,48,Replayed,5.0
9.0,0.0,1,1,61.49114,48,Replayed,9.0
1.0,-1.0,1,1,54.08912,48,Replayed,1.0
-1.0,0.0,1,0,52.170067,48,Replayed,1.0
-38.0,-1.0,-1,1,77.96069,48,Replayed,38.0
-38.0,-1.0,-1,1,77.94835,48,Replayed,38.0
-3.0,1.0,-1,1,50.263657,48,Replayed,3.0
9.0,0.0,1,1,60.8172,48,Replayed,9.0
-5.0,0.0,1,0,49.017803,48,Replayed,5.0
5.0,1.0,1,1,58.290207,48,Replayed,5.0
1.0,1.0,1,1,54.291695,48,Replayed,1.0
3.0,1.0,-1,0,43.148968,48,Replayed,3.0
-1.0,0.0,1,0,52.57897,48,Replayed,1.0
5.0,1.0,-1,0,41.730415,48,Replayed,5.0
-1.0,0.0,1,0,52.212326,48,Replayed,1.0
-5.0,-1.0,-1,1,50.89836,48,Replayed,5.0
1.0,-1.0,-1,0,46.447773,48,Replayed,1.0
38.0,1.0,1,1,99.99,49,Replayed,38.0
-5.0,0.0,-1,1,90.392456,49,Replayed,5.0
-5.0,0.0,-1,1,90.38916,49,Replayed,5.0
-9.0,-1.0,-1,1,98.228546,49,Replayed,9.0
38.0,1.0,1,1,99.99,49,Replayed,38.0
5.0,0.0,1,1,92.19456,49,Replayed,5.0
3.0,-1.0,1,1,85.34097,49,Replayed,3.0
5.0,0.0,1,1,92.01115,49,Replayed,5.0
5.0,0.0,1,1,92.584206,49,Replayed,5.0
9.0,-1.0,1,1,98.492676,49,Replayed,9.0
38.0,0.0,1,1,99.99,49,Replayed,38.0
-1.0,-1.0,-1,1,57.77185,49,Replayed,1.0
5.0,-1.0,1,1,92.86133,49,Replayed,5.0
-9.0,0.0,-1,1,97.900925,49,Replayed,9.0
-3.0,1.0,1,0,21.393446,49,Replayed,3.0
-3.0,1.0,-1,1,77.77753,49,Replayed,3.0
38.0,-1.0,1,1,99.99,49,Replayed,38.0
-9.0,1.0,-1,1,97.274,49,Replayed,9.0
-5.0,1.0,-1,1,89.18275,49,Replayed,5.0
-9.0,1.0,-1,1,97.30691,49,Replayed,9.0
9.0,0.0,1,1,98.068306,49,Replayed,9.0
3.0,-1.0,1,1,84.71967,49,Replayed,3.0
-38.0,1.0,-1,1,99.99,49,Replayed,38.0
-3.0,-1.0,-1,1,80.03948,49,Replayed,3.0
9.0,1.0,1,1,97.72073,49,Replayed,9.0
-1.0,0.0,1,0,42.608444,49,Replayed,1.0
-5.0,-1.0,-1,1,91.04517,49,Replayed,5.0
-9.0,-1.0,-1,1,98.19672,49,Replayed,9.0
1.0,1.0,1,1,65.88026,49,Replayed,1.0
5.0,1.0,1,1,90.5018,49,Replayed,5.0
38.0,1.0,1,1,99.99,49,Replayed,38.0
-9.0,0.0,-1,1,97.84788,49,Replayed,9.0
5.0,1.0,1,1,90.79785,49,Replayed,5.0
-38.0,0.0,-1,1,99.99,49,Replayed,38.0
9.0,-1.0,1,1,98.40493,49,Replayed,9.0
38.0,1.0,1,1,99.99,49,Replayed,38.0
-3.0,1.0,1,0,20.857628,49,Replayed,3.0
1.0,1.0,1,1,65.85073,49,Replayed,1.0
-1.0,1.0,-1,1,56.32676,49,Replayed,1.0
-1.0,1.0,-1,1,58.151108,49,Replayed,1.0
5.0,0.0,1,1,91.49893,49,Replayed,5.0
3.0,0.0,1,1,84.05001,49,Replayed,3.0
-5.0,1.0,-1,1,89.68414,49,Replayed,5.0
-38.0,1.0,-1,1,99.99,49,Replayed,38.0
-38.0,-1.0,-1,1,99.99,49,Replayed,38.0
1.0,-1.0,1,1,67.49584,49,Replayed,1.0
-3.0,0.0,-1,1,80.00352,49,Replayed,3.0
-9.0,0.0,-1,1,97.757645,49,Replayed,9.0
-1.0,0.0,-1,1,57.10833,49,Replayed,1.0
5.0,-1.0,1,1,92.72158,49,Replayed,5.0
5.0,1.0,1,1,90.69673,49,Replayed,5.0
9.0,1.0,1,1,97.74352,49,Replayed,9.0
-38.0,0.0,-1,1,99.99,49,Replayed,38.0
38.0,0.0,1,1,99.99,49,Replayed,38.0
-9.0,-1.0,-1,1,98.14755,49,Replayed,9.0
-3.0,-1.0,-1,1,80.9277,49,Replayed,3.0
1.0,-1.0,1,1,67.80344,49,Replayed,1.0
3.0,1.0,1,1,82.05078,49,Replayed,3.0
3.0,1.0,1,1,83.90753,49,Replayed,3.0
-5.0,0.0,-1,1,90.91719,49,Replayed,5.0
9.0,1.0,1,1,97.61618,49,Replayed,9.0
38.0,1.0,1,1,99.99,49,Replayed,38.0
9.0,0.0,1,1,98.05889,49,Replayed,9.0
-1.0,1.0,1,0,43.936993,49,Replayed,1.0
-38.0,-1.0,-1,1,99.99,49,Replayed,38.0
38.0,-1.0,1,1,99.99,49,Replayed,38.0
38.0,-1.0,1,1,99.99,49,Replayed,38.0
-5.0,-1.0,-1,1,91.075294,49,Replayed,5.0
3.0,0.0,1,1,84.28882,49,Replayed,3.0
1.0,0.0,1,1,67.12869,49,Replayed,1.0
-9.0,1.0,-1,1,97.33628,49,Replayed,9.0
3.0,0.0,1,1,83.646355,49,Replayed,3.0
-3.0,-1.0,-1,1,80.407104,49,Replayed,3.0
-9.0,1.0,-1,1,97.263466,49,Replayed,9.0
1.0,0.0,1,1,66.952095,49,Replayed,1.0
-9.0,1.0,-1,1,97.17826,49,Replayed,9.0
-3.0,-1.0,-1,1,80.50126,49,Replayed,3.0
-1.0,0.0,1,0,43.052628,49,Replayed,1.0
3.0,-1.0,1,1,84.886894,49,Replayed,3.0
-38.0,-1.0,-1,1,99.99,49,Replayed,38.0
-1.0,1.0,1,0,43.472496,49,Replayed,1.0
5.0,1.0,1,1,90.98724,49,Replayed,5.0
1.0,-1.0,1,1,67.34271,49,Replayed,1.0
1.0,1.0,1,1,65.084366,49,Replayed,1.0
3.0,-1.0,1,1,84.62313,49,Replayed,3.0
9.0,-1.0,1,1,98.44076,49,Replayed,9.0
5.0,-1.0,1,1,92.56897,49,Replayed,5.0
38.0,1.0,1,1,99.99,49,Replayed,38.0
5.0,0.0,1,1,92.07806,49,Replayed,5.0
9.0,0.0,1,1,98.08951,49,Replayed,9.0
-5.0,-1.0,-1,1,91.24879,49,Replayed,5.0
1.0,1.0,1,1,65.64521,49,Replayed,1.0
-1.0,-1.0,-1,1,57.81237,49,Replayed,1.0
38.0,0.0,1,1,99.99,49,Replayed,38.0
38.0,0.0,1,1,99.99,49,Replayed,38.0
-38.0,0.0,-1,1,99.99,49,Replayed,38.0
-5.0,1.0,-1,1,89.56028,49,Replayed,5.0
38.0,1.0,1,1,99.99,49,Replayed,38.0
-1.0,-1.0,-1,1,57.658844,49,Replayed,1.0
-5.0,0.0,-1,1,90.89097,49,Replayed,5.0
-38.0,-1.0,-1,1,99.99,49,Replayed,38.0
1.0,1.0,1,1,64.63417,49,Replayed,1.0
38.0,-1.0,1,1,99.99,49,Replayed,38.0
-1.0,1.0,1,0,41.45768,49,Replayed,1.0
5.0,1.0,1,1,90.83782,49,Replayed,5.0
5.0,0.0,1,1,91.958496,49,Replayed,5.0
1.0,-1.0,1,1,67.116714,49,Replayed,1.0
-9.0,-1.0,-1,1,98.051125,49,Replayed,9.0
5.0,1.0,1,1,91.02804,49,Replayed,5.0
5.0,-1.0,1,1,92.90551,49,Replayed,5.0
-38.0,0.0,-1,1,99.99,49,Replayed,38.0
-38.0,-1.0,-1,1,99.99,49,Replayed,38.0
-9.0,-1.0,-1,1,98.2355,49,Replayed,9.0
-5.0,-1.0,-1,1,91.26743,49,Replayed,5.0
3.0,-1.0,1,1,85.01188,49,Replayed,3.0
-1.0,0.0,-1,1,58.264053,49,Replayed,1.0
-38.0,1.0,-1,1,99.99,49,Replayed,38.0
1.0,-1.0,1,1,67.6609,49,Replayed,1.0
-3.0,-1.0,-1,1,80.96422,49,Replayed,3.0
5.0,-1.0,1,1,92.58278,49,Replayed,5.0
-5.0,0.0,-1,1,90.6391,49,Replayed,5.0
5.0,0.0,1,1,91.84386,49,Replayed,5.0
-38.0,0.0,-1,1,99.99,49,Replayed,38.0
-9.0,-1.0,-1,1,98.1354,49,Replayed,9.0
5.0,-1.0,1,1,92.98681,49,Replayed,5.0
9.0,-1.0,1,1,98.40193,49,Replayed,9.0
9.0,-1.0,1,1,98.370834,49,Replayed,9.0
-3.0,0.0,-1,1,79.788795,49,Replayed,3.0
-3.0,0.0,-1,1,79.95351,49,Replayed,3.0
-5.0,1.0,-1,1,88.917595,49,Replayed,5.0
-1.0,0.0,-1,1,57.39856,49,Replayed,1.0
-3.0,-1.0,-1,1,80.5959,49,Replayed,3.0
3.0,1.0,1,1,82.43118,49,Replayed,3.0
1.0,0.0,1,1,66.928116,49,Replayed,1.0
-3.0,0.0,-1,1,80.11152,49,Replayed,3.0
-5.0,-1.0,-1,1,91.1949,49,Replayed,5.0
-9.0,0.0,-1,1,97.84768,49,Replayed,9.0
1.0,0.0,1,1,65.863434,49,Replayed,1.0
-1.0,-1.0,-1,1,56.497032,49,Replayed,1.0
1.0,-1.0,1,1,66.81417,49,Replayed,1.0
-38.0,1.0,-1,1,99.99,49,Replayed,38.0
3.0,1.0,1,1,82.47062,49,Replayed,3.0
-9.0,1.0,-1,1,97.184296,49,Replayed,9.0
3.0,0.0,-1,0,16.313835,49,Replayed,3.0
-1.0,1.0,-1,1,56.416492,49,Replayed,1.0
-1.0,0.0,-1,1,58.2825,49,Replayed,1.0
1.0,0.0,1,1,66.13454,49,Replayed,1.0
38.0,0.0,1,1,99.99,49,Replayed,38.0
-9.0,-1.0,-1,1,98.27864,49,Replayed,9.0
-1.0,-1.0,-1,1,57.391953,49,Replayed,1.0
38.0,-1.0,1,1,99.99,49,Replayed,38.0
-38.0,-1.0,-1,1,99.99,49,Replayed,38.0
3.0,0.0,1,1,83.76647,49,Replayed,3.0
-38.0,1.0,-1,1,99.99,49,Replayed,38.0
-3.0,1.0,-1,1,77.945175,49,Replayed,3.0
3.0,1.0,1,1,82.66987,49,Replayed,3.0
-9.0,1.0,-1,1,97.12593,49,Replayed,9.0
-5.0,-1.0,-1,1,91.07503,49,Replayed,5.0
3.0,-1.0,1,1,84.81978,49,Replayed,3.0
-9.0,0.0,-1,1,97.79634,49,Replayed,9.0
9.0,-1.0,1,1,98.41239,49,Replayed,9.0
-1.0,0.0,1,0,42.10616,49,Replayed,1.0
-1.0,1.0,-1,1,57.173378,49,Replayed,1.0
9.0,1.0,1,1,97.6858,49,Replayed,9.0
-3.0,0.0,-1,1,79.40138,49,Replayed,3.0
1.0,1.0,-1,0,33.863785,49,Replayed,1.0
-3.0,1.0,-1,1,77.892265,49,Replayed,3.0
5.0,-1.0,1,1,92.676,49,Replayed,5.0
-3.0,0.0,-1,1,80.04168,49,Replayed,3.0
-38.0,0.0,-1,1,99.99,49,Replayed,38.0
5.0,0.0,1,1,91.61092,49,Replayed,5.0
-9.0,-1.0,-1,1,97.97257,49,Replayed,9.0
3.0,1.0,1,1,82.896484,49,Replayed,3.0
3.0,-1.0,1,1,84.85149,49,Replayed,3.0
-9.0,0.0,-1,1,97.97151,49,Replayed,9.0
-3.0,0.0,-1,1,79.70911,49,Replayed,3.0
38.0,-1.0,1,1,99.99,49,Replayed,38.0
-5.0,-1.0,-1,1,91.244,49,Replayed,5.0
-38.0,-1.0,-1,1,99.99,49,Replayed,38.0
-5.0,1.0,-1,1,89.35108,49,Replayed,5.0
-38.0,0.0,-1,1,99.99,49,Replayed,38.0
38.0,0.0,1,1,99.99,49,Replayed,38.0
5.0,1.0,1,1,90.33035,49,Replayed,5.0
-3.0,-1.0,-1,1,80.67154,49,Replayed,3.0
9.0,1.0,1,1,97.79242,49,Replayed,9.0
1.0,1.0,-1,0,34.704174,49,Replayed,1.0
1.0,1.0,1,1,65.12079,49,Replayed,1.0
5.0,1.0,1,1,90.79152,49,Replayed,5.0
-5.0,-1.0,-1,1,91.71039,49,Replayed,5.0
-3.0,-1.0,-1,1,80.684204,49,Replayed,3.0
9.0,0.0,1,1,98.19291,49,Replayed,9.0
-9.0,1.0,-1,1,97.066345,49,Replayed,9.0
3.0,0.0,1,1,84.28381,49,Replayed,3.0
38.0,-1.0,1,1,99.99,49,Replayed,38.0
1.0,0.0,1,1,65.1334,49,Replayed,1.0
-38.0,0.0,-1,1,99.99,49,Replayed,38.0
-1.0,-1.0,-1,1,57.79081,49,Replayed,1.0
-5.0,0.0,-1,1,91.14704,49,Replayed,5.0
9.0,1.0,1,1,97.70777,49,Replayed,9.0
-1.0,-1.0,-1,1,59.059982,49,Replayed,1.0
1.0,0.0,-1,0,33.232693,49,Replayed,1.0
-38.0,1.0,-1,1,99.99,49,Replayed,38.0
5.0,-1.0,1,1,92.26735,49,Replayed,5.0
-9.0,0.0,-1,1,97.78288,49,Replayed,9.0
-3.0,0.0,-1,1,80.379906,49,Replayed,3.0
3.0,0.0,1,1,83.58856,49,Replayed,3.0
-9.0,0.0,-1,1,97.97314,49,Replayed,9.0
-3.0,1.0,-1,1,79.06402,49,Replayed,3.0
-1.0,1.0,-1,1,56.58264,49,Replayed,1.0
-38.0,-1.0,-1,1,99.99,49,Replayed,38.0
38.0,0.0,1,1,99.99,49,Replayed,38.0
-1.0,0.0,-1,1,56.547607,49,Replayed,1.0
3.0,1.0,1,1,81.84985,49,Replayed,3.0
-1.0,-1.0,1,0,41.447796,49,Replayed,1.0
-38.0,1.0,-1,1,99.99,49,Replayed,38.0
1.0,-1.0,1,1,68.03554,49,Replayed,1.0
9.0,0.0,1,1,98.13726,49,Replayed,9.0
38.0,1.0,1,1,99.99,49,Replayed,38.0
-5.0,1.0,-1,1,89.248314,49,Replayed,5.0
38.0,-1.0,1,1,99.99,49,Replayed,38.0
-5.0,1.0,-1,1,89.29725,49,Replayed,5.0
-5.0,0.0,-1,1,90.78645,49,Replayed,5.0
-5.0,1.0,-1,1,89.29785,49,Replayed,5.0
1.0,-1.0,1,1,66.43593,49,Replayed,1.0
-38.0,1.0,-1,1,99.99,49,Replayed,38.0
1.0,0.0,1,1,65.90687,49,Replayed,1.0
9.0,1.0,1,1,97.596725,49,Replayed,9.0
3.0,-1.0,1,1,85.2062,49,Replayed,3.0
38.0,0.0,1,1,99.99,49,Replayed,38.0
3.0,1.0,1,1,82.71439,49,Replayed,3.0
-3.0,1.0,-1,1,78.44455,49,Replayed,3.0
9.0,1.0,1,1,97.71466,49,Replayed,9.0
9.0,0.0,1,1,98.19366,49,Replayed,9.0
9.0,-1.0,1,1,98.5502,49,Replayed,9.0
38.0,1.0,1,1,96.20647,50,Replayed,38.0
-5.0,1.0,-1,1,63.262074,50,Replayed,5.0
-38.0,1.0,-1,1,97.10855,50,Replayed,38.0
-9.0,-1.0,-1,1,70.07475,50,Replayed,9.0
-1.0,0.0,1,0,45.84439,50,Replayed,1.0
-3.0,1.0,-1,1,58.399284,50,Replayed,3.0
3.0,0.0,1,1,52.877434,50,Replayed,3.0
3.0,-1.0,-1,0,46.529133,50,Replayed,3.0
-5.0,-1.0,1,0,38.197178,50,Replayed,5.0
-3.0,0.0,1,0,41.30356,50,Replayed,3.0
3.0,0.0,1,1,53.455128,50,Replayed,3.0
38.0,-1.0,1,1,96.38616,50,Replayed,38.0
-1.0,-1.0,1,0,44.86796,50,Replayed,1.0
-3.0,-1.0,-1,1,58.66577,50,Replayed,3.0
3.0,-1.0,-1,0,47.68519,50,Replayed,3.0
-9.0,-1.0,-1,1,70.58546,50,Replayed,9.0
-9.0,1.0,-1,1,70.6374,50,Replayed,9.0
5.0,0.0,-1,0,43.602875,50,Replayed,5.0
1.0,1.0,1,1,48.976345,50,Replayed,1.0
-38.0,-1.0,-1,1,97.15398,50,Replayed,38.0
9.0,0.0,1,1,65.926636,50,Replayed,9.0
9.0,-1.0,-1,0,34.17784,50,Replayed,9.0
9.0,-1.0,1,1,64.617935,50,Replayed,9.0
5.0,0.0,1,1,57.410164,50,Replayed,5.0
3.0,-1.0,1,1,52.99939,50,Replayed,3.0
-9.0,-1.0,-1,1,70.28357,50,Replayed,9.0
3.0,0.0,1,1,52.746834,50,Replayed,3.0
5.0,-1.0,-1,0,43.1593,50,Replayed,5.0
-1.0,-1.0,1,0,44.716507,50,Replayed,1.0
38.0,1.0,1,1,96.24883,50,Replayed,38.0
-1.0,1.0,-1,1,54.36787,50,Replayed,1.0
-38.0,1.0,-1,1,97.27568,50,Replayed,38.0
1.0,1.0,1,1,49.119812,50,Replayed,1.0
1.0,-1.0,-1,0,51.2189,50,Replayed,1.0
9.0,1.0,1,1,63.758923,50,Replayed,9.0
9.0,1.0,1,1,64.919586,50,Replayed,9.0
5.0,-1.0,1,1,58.247025,50,Replayed,5.0
-5.0,0.0,-1,1,63.00158,50,Replayed,5.0
-5.0,-1.0,-1,1,63.60206,50,Replayed,5.0
1.0,0.0,1,1,49.347176,50,Replayed,1.0
-38.0,0.0,-1,1,97.26542,50,Replayed,38.0
-38.0,-1.0,-1,1,97.23011,50,Replayed,38.0
9.0,1.0,1,1,65.87783,50,Replayed,9.0
-3.0,0.0,-1,1,58.138634,50,Replayed,3.0
-38.0,-1.0,-1,1,97.36883,50,Replayed,38.0
-5.0,0.0,-1,1,62.594563,50,Replayed,5.0
-1.0,0.0,-1,1,56.205547,50,Replayed,1.0
-9.0,0.0,-1,1,69.39762,50,Replayed,9.0
-9.0,0.0,-1,1,70.264084,50,Replayed,9.0
38.0,-1.0,1,1,96.478775,50,Replayed,38.0
-5.0,0.0,-1,1,62.602287,50,Replayed,5.0
3.0,1.0,-1,0,45.942665,50,Replayed,3.0
-5.0,0.0,1,0,36.904015,50,Replayed,5.0
1.0,-1.0,-1,0,50.22618,50,Replayed,1.0
-38.0,-1.0,-1,1,97.19213,50,Replayed,38.0
5.0,-1.0,-1,0,42.08203,50,Replayed,5.0
-38.0,0.0,-1,1,97.15755,50,Replayed,38.0
-38.0,-1.0,-1,1,97.24163,50,Replayed,38.0
38.0,-1.0,1,1,96.28823,50,Replayed,38.0
-9.0,-1.0,-1,1,69.60878,50,Replayed,9.0
-9.0,0.0,1,0,30.552118,50,Replayed,9.0
-1.0,1.0,1,0,45.002823,50,Replayed,1.0
9.0,1.0,1,1,64.109024,50,Replayed,9.0
5.0,-1.0,1,1,56.350018,50,Replayed,5.0
3.0,1.0,-1,0,47.596092,50,Replayed,3.0
-9.0,1.0,-1,1,69.381805,50,Replayed,9.0
1.0,0.0,1,1,48.369198,50,Replayed,1.0
1.0,-1.0,-1,0,51.730495,50,Replayed,1.0
-1.0,-1.0,1,0,45.005047,50,Replayed,1.0
-38.0,1.0,-1,1,97.18768,50,Replayed,38.0
-9.0,1.0,-1,1,70.29949,50,Replayed,9.0
-38.0,0.0,-1,1,97.36115,50,Replayed,38.0
-3.0,0.0,-1,1,58.160347,50,Replayed,3.0
-38.0,0.0,-1,1,97.21524,50,Replayed,38.0
-5.0,1.0,-1,1,62.228905,50,Replayed,5.0
-5.0,1.0,-1,1,62.591434,50,Replayed,5.0
-1.0,1.0,1,0,45.22887,50,Replayed,1.0
-3.0,1.0,-1,1,57.815414,50,Replayed,3.0
1.0,1.0,1,1,49.076935,50,Replayed,1.0
-1.0,1.0,-1,1,54.754322,50,Replayed,1.0
-1.0,-1.0,1,0,44.972813,50,Replayed,1.0
3.0,0.0,1,1,53.52844,50,Replayed,3.0
9.0,0.0,1,1,64.71205,50,Replayed,9.0
38.0,1.0,1,1,96.1379,50,Replayed,38.0
5.0,1.0,-1,0,42.202003,50,Replayed,5.0
1.0,1.0,-1,0,50.923824,50,Replayed,1.0
-3.0,1.0,1,0,41.28248,50,Replayed,3.0
1.0,-1.0,-1,0,50.58849,50,Replayed,1.0
3.0,-1.0,1,1,52.22634,50,Replayed,3.0
38.0,0.0,1,1,96.33484,50,Replayed,38.0
1.0,-1.0,1,1,48.8402,50,Replayed,1.0
3.0,1.0,-1,0,46.68066,50,Replayed,3.0
-3.0,-1.0,-1,1,59.225243,50,Replayed,3.0
-5.0,-1.0,1,0,38.013195,50,Replayed,5.0
-1.0,0.0,-1,1,55.18486,50,Replayed,1.0
1.0,-1.0,-1,0,50.850685,50,Replayed,1.0
-5.0,0.0,-1,1,63.020348,50,Replayed,5.0
-9.0,0.0,-1,1,68.919525,50,Replayed,9.0
-3.0,1.0,-1,1,59.122555,50,Replayed,3.0
5.0,0.0,1,1,57.145943,50,Replayed,5.0
9.0,-1.0,1,1,65.93338,50,Replayed,9.0
-1.0,0.0,-1,1,54.521988,50,Replayed,1.0
-5.0,1.0,-1,1,62.329475,50,Replayed,5.0
3.0,1.0,-1,0,47.105366,50,Replayed,3.0
5.0,1.0,1,1,56.488808,50,Replayed,5.0
38.0,1.0,1,1,96.31627,50,Replayed,38.0
-1.0,-1.0,1,0,45.374306,50,Replayed,1.0
1.0,-1.0,1,1,50.611465,50,Replayed,1.0
5.0,-1.0,1,1,57.846443,50,Replayed,5.0
-38.0,1.0,-1,1,97.124306,50,Replayed,38.0
3.0,0.0,1,1,52.23251,50,Replayed,3.0
38.0,-1.0,1,1,96.31477,50,Replayed,38.0
-9.0,1.0,-1,1,70.00129,50,Replayed,9.0
38.0,0.0,1,1,96.30713,50,Replayed,38.0
3.0,-1.0,1,1,53.488636,50,Replayed,3.0
-38.0,0.0,-1,1,97.25267,50,Replayed,38.0
-9.0,0.0,-1,1,70.51476,50,Replayed,9.0
38.0,-1.0,1,1,96.26069,50,Replayed,38.0
-3.0,0.0,-1,1,58.40184,50,Replayed,3.0
9.0,-1.0,1,1,65.04513,50,Replayed,9.0
9.0,0.0,1,1,64.63123,50,Replayed,9.0
5.0,1.0,1,1,57.76421,50,Replayed,5.0
-3.0,1.0,1,0,41.57442,50,Replayed,3.0
-1.0,0.0,-1,1,53.872086,50,Replayed,1.0
9.0,-1.0,1,1,64.5872,50,Replayed,9.0
-3.0,0.0,1,0,41.16574,50,Replayed,3.0
3.0,1.0,-1,0,47.971462,50,Replayed,3.0
-3.0,0.0,-1,1,59.461205,50,Replayed,3.0
38.0,1.0,1,1,96.08826,50,Replayed,38.0
3.0,1.0,-1,0,47.329315,50,Replayed,3.0
-5.0,1.0,-1,1,63.46213,50,Replayed,5.0
-9.0,-1.0,-1,1,70.6934,50,Replayed,9.0
-1.0,1.0,-1,1,54.659294,50,Replayed,1.0
38.0,1.0,1,1,96.22752,50,Replayed,38.0
9.0,1.0,-1,0,35.25763,50,Replayed,9.0
9.0,1.0,-1,0,34.395603,50,Replayed,9.0
-1.0,-1.0,-1,1,56.55593,50,Replayed,1.0
1.0,0.0,1,1,48.772724,50,Replayed,1.0
9.0,0.0,1,1,64.124306,50,Replayed,9.0
5.0,0.0,1,1,57.136707,50,Replayed,5.0
-3.0,-1.0,-1,1,58.824306,50,Replayed,3.0
-1.0,1.0,-1,1,55.103294,50,Replayed,1.0
38.0,-1.0,1,1,96.28807,50,Replayed,38.0
-5.0,-1.0,-1,1,62.312473,50,Replayed,5.0
-3.0,-1.0,1,0,41.098206,50,Replayed,3.0
-38.0,1.0,-1,1,97.27995,50,Replayed,38.0
5.0,-1.0,1,1,56.325783,50,Replayed,5.0
1.0,0.0,-1,0,50.75357,50,Replayed,1.0
-5.0,0.0,-1,1,62.720154,50,Replayed,5.0
-5.0,0.0,-1,1,62.36493,50,Replayed,5.0
-1.0,0.0,-1,1,54.70049,50,Replayed,1.0
38.0,-1.0,1,1,96.09366,50,Replayed,38.0
1.0,0.0,-1,0,51.12412,50,Replayed,1.0
-1.0,0.0,1,0,45.082268,50,Replayed,1.0
-9.0,0.0,-1,1,69.801056,50,Replayed,9.0
3.0,1.0,1,1,51.691795,50,Replayed,3.0
1.0,-1.0,-1,0,50.955357,50,Replayed,1.0
5.0,0.0,-1,0,43.015797,50,Replayed,5.0
-38.0,0.0,-1,1,97.32548,50,Replayed,38.0
5.0,1.0,1,1,56.718235,50,Replayed,5.0
-1.0,1.0,1,0,45.61297,50,Replayed,1.0
-38.0,-1.0,-1,1,97.14369,50,Replayed,38.0
-1.0,-1.0,-1,1,54.504883,50,Replayed,1.0
38.0,-1.0,1,1,96.395676,50,Replayed,38.0
-3.0,-1.0,-1,1,58.567226,50,Replayed,3.0
-9.0,-1.0,-1,1,69.957436,50,Replayed,9.0
3.0,-1.0,1,1,53.022194,50,Replayed,3.0
-9.0,1.0,-1,1,69.567314,50,Replayed,9.0
9.0,-1.0,1,1,65.31447,50,Replayed,9.0
-3.0,0.0,1,0,41.673187,50,Replayed,3.0
-38.0,1.0,-1,1,96.99126,50,Replayed,38.0
5.0,-1.0,1,1,57.113956,50,Replayed,5.0
1.0,1.0,-1,0,51.42688,50,Replayed,1.0
38.0,0.0,1,1,96.09381,50,Replayed,38.0
-5.0,-1.0,-1,1,63.66559,50,Replayed,5.0
5.0,1.0,-1,0,43.295998,50,Replayed,5.0
-5.0,1.0,1,0,36.99179,50,Replayed,5.0
38.0,0.0,1,1,96.53721,50,Replayed,38.0
-38.0,0.0,-1,1,97.198204,50,Replayed,38.0
-9.0,-1.0,-1,1,70.064186,50,Replayed,9.0
-38.0,-1.0,-1,1,97.32778,50,Replayed,38.0
-3.0,0.0,-1,1,59.216904,50,Replayed,3.0
5.0,1.0,-1,0,43.44363,50,Replayed,5.0
-5.0,-1.0,1,0,37.59802,50,Replayed,5.0
-3.0,-1.0,1,0,41.11785,50,Replayed,3.0
-1.0,-1.0,-1,1,54.427113,50,Replayed,1.0
9.0,1.0,1,1,65.13027,50,Replayed,9.0
-38.0,-1.0,-1,1,97.094666,50,Replayed,38.0
1.0,1.0,1,1,48.6938,50,Replayed,1.0
9.0,0.0,1,1,64.62042,50,Replayed,9.0
3.0,0.0,1,1,53.515423,50,Replayed,3.0
5.0,0.0,1,1,57.570057,50,Replayed,5.0
38.0,1.0,1,1,96.4806,50,Replayed,38.0
3.0,0.0,-1,0,45.87922,50,Replayed,3.0
-38.0,1.0,-1,1,97.23042,50,Replayed,38.0
38.0,0.0,1,1,96.13744,50,Replayed,38.0
5.0,-1.0,1,1,56.364853,50,Replayed,5.0
-5.0,1.0,-1,1,63.144028,50,Replayed,5.0
-5.0,-1.0,-1,1,62.75518,50,Replayed,5.0
9.0,-1.0,-1,0,34.96911,50,Replayed,9.0
3.0,-1.0,1,1,52.292847,50,Replayed,3.0
-1.0,0.0,1,0,45.314503,50,Replayed,1.0
-9.0,-1.0,-1,1,70.652405,50,Replayed,9.0
9.0,-1.0,1,1,65.776634,50,Replayed,9.0
5.0,1.0,-1,0,43.416546,50,Replayed,5.0
-9.0,0.0,-1,1,70.032936,50,Replayed,9.0
38.0,0.0,1,1,96.25488,50,Replayed,38.0
-5.0,-1.0,-1,1,61.955063,50,Replayed,5.0
1.0,0.0,1,1,48.78314,50,Replayed,1.0
5.0,0.0,-1,0,42.46026,50,Replayed,5.0
9.0,0.0,1,1,65.17165,50,Replayed,9.0
-5.0,1.0,1,0,37.157394,50,Replayed,5.0
3.0,1.0,-1,0,46.90854,50,Replayed,3.0
1.0,0.0,-1,0,49.75697,50,Replayed,1.0
-5.0,0.0,-1,1,63.034267,50,Replayed,5.0
-3.0,1.0,-1,1,58.47813,50,Replayed,3.0
-3.0,-1.0,-1,1,59.056366,50,Replayed,3.0
-1.0,1.0,1,0,44.820686,50,Replayed,1.0
5.0,1.0,-1,0,42.657955,50,Replayed,5.0
1.0,1.0,-1,0,50.798225,50,Replayed,1.0
38.0,1.0,1,1,96.35414,50,Replayed,38.0
-9.0,0.0,-1,1,70.475044,50,Replayed,9.0
-3.0,-1.0,1,0,41.32491,50,Replayed,3.0
5.0,0.0,1,1,56.87834,50,Replayed,5.0
-38.0,0.0,-1,1,97.12399,50,Replayed,38.0
-9.0,1.0,-1,1,69.68739,50,Replayed,9.0
38.0,0.0,1,1,96.31152,50,Replayed,38.0
1.0,1.0,-1,0,50.806446,50,Replayed,1.0
38.0,0.0,1,1,96.42626,50,Replayed,38.0
-9.0,1.0,-1,1,70.804886,50,Replayed,9.0
-9.0,1.0,-1,1,69.233986,50,Replayed,9.0
1.0,0.0,1,1,49.877747,50,Replayed,1.0
9.0,0.0,1,1,64.68854,50,Replayed,9.0
9.0,1.0,-1,0,35.287537,50,Replayed,9.0
-3.0,1.0,-1,1,59.184444,50,Replayed,3.0
-3.0,1.0,1,0,40.933094,50,Replayed,3.0
3.0,-1.0,-1,0,46.79125,50,Replayed,3.0
3.0,0.0,-1,0,46.892242,50,Replayed,3.0
-38.0,1.0,-1,1,97.34243,50,Replayed,38.0
9.0,0.0,1,1,64.82777,50,Replayed,9.0
38.0,0.0,1,1,84.210014,51,Replayed,38.0
-38.0,1.0,-1,1,84.355896,51,Replayed,38.0
3.0,0.0,1,1,53.953808,51,Replayed,3.0
9.0,1.0,1,1,60.6418,51,Replayed,9.0
-1.0,-1.0,-1,1,50.03833,51,Replayed,1.0
3.0,0.0,-1,0,45.651875,51,Replayed,3.0
3.0,0.0,1,1,53.14812,51,Replayed,3.0
-1.0,-1.0,1,0,50.88236,51,Replayed,1.0
38.0,0.0,1,1,83.879776,51,Replayed,38.0
3.0,-1.0,-1,0,47.437218,51,Replayed,3.0
-5.0,1.0,-1,1,53.20764,51,Replayed,5.0
-5.0,0.0,-1,1,52.839542,51,Replayed,5.0
-3.0,-1.0,1,0,48.38431,51,Replayed,3.0
-1.0,0.0,1,0,50.52217,51,Replayed,1.0
3.0,0.0,-1,0,46.44088,51,Replayed,3.0
-38.0,0.0,-1,1,81.25274,51,Replayed,38.0
-3.0,0.0,1,0,48.72655,51,Replayed,3.0
-9.0,0.0,-1,1,55.986492,51,Replayed,9.0
-5.0,-1.0,-1,1,52.042072,51,Replayed,5.0
5.0,-1.0,1,1,54.53041,51,Replayed,5.0
-5.0,0.0,-1,1,52.932255,51,Replayed,5.0
-9.0,0.0,1,0,45.20252,51,Replayed,9.0
-3.0,-1.0,1,0,48.757217,51,Replayed,3.0
5.0,-1.0,1,1,53.24545,51,Replayed,5.0
38.0,1.0,1,1,87.000015,51,Replayed,38.0
1.0,1.0,1,1,52.78291,51,Replayed,1.0
1.0,1.0,1,1,52.8925,51,Replayed,1.0
9.0,1.0,1,1,60.455387,51,Replayed,9.0
-9.0,-1.0,-1,1,53.588985,51,Replayed,9.0
-38.0,0.0,-1,1,81.61961,51,Replayed,38.0
-1.0,-1.0,-1,1,49.08469,51,Replayed,1.0
-5.0,1.0,-1,1,52.999847,51,Replayed,5.0
-38.0,1.0,-1,1,84.11883,51,Replayed,38.0
9.0,-1.0,-1,0,43.952633,51,Replayed,9.0
9.0,-1.0,1,1,56.965946,51,Replayed,9.0
3.0,-1.0,1,1,52.58804,51,Replayed,3.0
-3.0,0.0,-1,1,51.572193,51,Replayed,3.0
-1.0,1.0,-1,1,49.10858,51,Replayed,1.0
5.0,-1.0,-1,0,45.73763,51,Replayed,5.0
-38.0,-1.0,-1,1,77.43618,51,Replayed,38.0
-5.0,-1.0,1,0,47.657402,51,Replayed,5.0
38.0,1.0,1,1,87.16975,51,Replayed,38.0
1.0,1.0,1,1,53.16945,51,Replayed,1.0
-5.0,0.0,-1,1,52.35441,51,Replayed,5.0
-9.0,-1.0,1,0,45.509583,51,Replayed,9.0
-3.0,-1.0,-1,1,50.88998,51,Replayed,3.0
38.0,1.0,1,1,86.840416,51,Replayed,38.0
-9.0,-1.0,-1,1,54.807327,51,Replayed,9.0
-1.0,1.0,1,0,51.262634,51,Replayed,1.0
-1.0,-1.0,1,0,50.010258,51,Replayed,1.0
-9.0,0.0,-1,1,55.637257,51,Replayed,9.0
3.0,1.0,1,1,55.561012,51,Replayed,3.0
-3.0,1.0,1,0,49.05381,51,Replayed,3.0
1.0,0.0,1,1,52.718754,51,Replayed,1.0
38.0,-1.0,1,1,80.886246,51,Replayed,38.0
5.0,1.0,1,1,56.852245,51,Replayed,5.0
5.0,0.0,1,1,55.000366,51,Replayed,5.0
-38.0,0.0,-1,1,80.96482,51,Replayed,38.0
-1.0,0.0,1,0,50.276894,51,Replayed,1.0
-3.0,0.0,-1,1,50.727856,51,Replayed,3.0
-9.0,1.0,1,0,42.169807,51,Replayed,9.0
-3.0,1.0,1,0,47.87032,51,Replayed,3.0
1.0,1.0,-1,0,47.53724,51,Replayed,1.0
-1.0,0.0,1,0,50.684822,51,Replayed,1.0
-5.0,0.0,1,0,47.45831,51,Replayed,5.0
1.0,0.0,1,1,51.98242,51,Replayed,1.0
-38.0,0.0,-1,1,80.19155,51,Replayed,38.0
-1.0,1.0,1,0,50.52397,51,Replayed,1.0
-9.0,-1.0,-1,1,54.72997,51,Replayed,9.0
9.0,-1.0,1,1,56.470715,51,Replayed,9.0
-5.0,0.0,1,0,47.478764,51,Replayed,5.0
1.0,-1.0,1,1,51.740433,51,Replayed,1.0
-3.0,-1.0,-1,1,51.43098,51,Replayed,3.0
-1.0,1.0,1,0,51.0621,51,Replayed,1.0
9.0,1.0,1,1,60.303516,51,Replayed,9.0
5.0,1.0,1,1,56.736935,51,Replayed,5.0
3.0,0.0,1,1,54.213356,51,Replayed,3.0
1.0,1.0,-1,0,47.096752,51,Replayed,1.0
-3.0,0.0,1,0,48.462982,51,Replayed,3.0
1.0,1.0,-1,0,47.825977,51,Replayed,1.0
1.0,-1.0,-1,0,48.070637,51,Replayed,1.0
-9.0,1.0,1,0,42.711727,51,Replayed,9.0
-3.0,1.0,1,0,49.024895,51,Replayed,3.0
1.0,0.0,-1,0,47.656734,51,Replayed,1.0
-3.0,-1.0,-1,1,51.331078,51,Replayed,3.0
-38.0,1.0,-1,1,84.276566,51,Replayed,38.0
-5.0,1.0,1,0,46.120224,51,Replayed,5.0
9.0,0.0,1,1,58.280968,51,Replayed,9.0
-9.0,0.0,1,0,44.650738,51,Replayed,9.0
-1.0,0.0,-1,1,49.146362,51,Replayed,1.0
5.0,0.0,1,1,55.789913,51,Replayed,5.0
38.0,0.0,1,1,84.200035,51,Replayed,38.0
-5.0,1.0,1,0,46.04524,51,Replayed,5.0
38.0,-1.0,1,1,81.23554,51,Replayed,38.0
1.0,0.0,-1,0,47.599934,51,Replayed,1.0
38.0,-1.0,1,1,80.554184,51,Replayed,38.0
-1.0,1.0,1,0,50.421463,51,Replayed,1.0
-5.0,0.0,1,0,47.25972,51,Replayed,5.0
9.0,0.0,1,1,58.884315,51,Replayed,9.0
-1.0,-1.0,-1,1,49.82739,51,Replayed,1.0
5.0,0.0,1,1,55.20131,51,Replayed,5.0
-5.0,1.0,-1,1,53.339066,51,Replayed,5.0
-38.0,1.0,-1,1,83.730064,51,Replayed,38.0
9.0,0.0,-1,0,41.296482,51,Replayed,9.0
-1.0,-1.0,-1,1,48.887737,51,Replayed,1.0
-1.0,0.0,-1,1,48.89482,51,Replayed,1.0
38.0,0.0,1,1,84.55412,51,Replayed,38.0
3.0,0.0,1,1,53.454063,51,Replayed,3.0
-3.0,0.0,-1,1,51.24774,51,Replayed,3.0
38.0,0.0,1,1,83.92668,51,Replayed,38.0
-9.0,0.0,-1,1,56.34732,51,Replayed,9.0
3.0,-1.0,-1,0,46.531864,51,Replayed,3.0
3.0,1.0,1,1,55.280643,51,Replayed,3.0
5.0,-1.0,1,1,54.732834,51,Replayed,5.0
-1.0,-1.0,1,0,50.680298,51,Replayed,1.0
-9.0,1.0,-1,1,56.613914,51,Replayed,9.0
-38.0,-1.0,-1,1,77.0564,51,Replayed,38.0
-9.0,0.0,-1,1,54.71844,51,Replayed,9.0
-5.0,-1.0,-1,1,52.12527,51,Replayed,5.0
-5.0,-1.0,1,0,47.445503,51,Replayed,5.0
-3.0,1.0,-1,1,52.130882,51,Replayed,3.0
-9.0,-1.0,-1,1,54.011528,51,Replayed,9.0
9.0,1.0,1,1,60.63336,51,Replayed,9.0
-5.0,0.0,1,0,47.31125,51,Replayed,5.0
3.0,-1.0,1,1,53.343147,51,Replayed,3.0
9.0,0.0,1,1,58.50914,51,Replayed,9.0
-1.0,0.0,1,0,50.09246,51,Replayed,1.0
5.0,1.0,1,1,56.395096,51,Replayed,5.0
3.0,1.0,1,1,54.516285,51,Replayed,3.0
1.0,0.0,-1,0,47.715466,51,Replayed,1.0
-38.0,-1.0,-1,1,77.4135,51,Replayed,38.0
-38.0,-1.0,-1,1,77.56494,51,Replayed,38.0
38.0,0.0,1,1,84.16687,51,Replayed,38.0
9.0,1.0,1,1,61.245068,51,Replayed,9.0
-38.0,0.0,-1,1,81.13674,51,Replayed,38.0
3.0,1.0,-1,0,45.05973,51,Replayed,3.0
-3.0,-1.0,-1,1,51.381035,51,Replayed,3.0
-9.0,0.0,1,0,44.7572,51,Replayed,9.0
5.0,1.0,-1,0,44.13742,51,Replayed,5.0
1.0,-1.0,1,1,52.300793,51,Replayed,1.0
5.0,1.0,-1,0,42.651684,51,Replayed,5.0
-9.0,1.0,-1,1,56.78712,51,Replayed,9.0
3.0,-1.0,1,1,53.061546,51,Replayed,3.0
1.0,-1.0,-1,0,48.022305,51,Replayed,1.0
-38.0,-1.0,-1,1,77.411354,51,Replayed,38.0
9.0,0.0,1,1,58.92831,51,Replayed,9.0
1.0,-1.0,1,1,51.267464,51,Replayed,1.0
38.0,-1.0,1,1,79.88215,51,Replayed,38.0
9.0,-1.0,1,1,56.008236,51,Replayed,9.0
-9.0,-1.0,1,0,45.63909,51,Replayed,9.0
-3.0,1.0,-1,1,51.02809,51,Replayed,3.0
-3.0,0.0,1,0,48.725544,51,Replayed,3.0
5.0,0.0,1,1,55.31255,51,Replayed,5.0
9.0,1.0,1,1,60.475613,51,Replayed,9.0
9.0,0.0,-1,0,41.94593,51,Replayed,9.0
5.0,1.0,1,1,57.164513,51,Replayed,5.0
38.0,1.0,1,1,87.23872,51,Replayed,38.0
1.0,1.0,-1,0,46.726604,51,Replayed,1.0
9.0,1.0,-1,0,40.01678,51,Replayed,9.0
38.0,0.0,1,1,84.099144,51,Replayed,38.0
5.0,-1.0,-1,0,45.462105,51,Replayed,5.0
1.0,0.0,-1,0,48.45874,51,Replayed,1.0
3.0,1.0,-1,0,45.74893,51,Replayed,3.0
-1.0,1.0,1,0,49.881214,51,Replayed,1.0
9.0,-1.0,1,1,56.923027,51,Replayed,9.0
9.0,0.0,1,1,58.115673,51,Replayed,9.0
-1.0,-1.0,1,0,50.402992,51,Replayed,1.0
38.0,1.0,1,1,86.80509,51,Replayed,38.0
-5.0,-1.0,1,0,47.324524,51,Replayed,5.0
-3.0,0.0,-1,1,50.81962,51,Replayed,3.0
-3.0,1.0,-1,1,51.176144,51,Replayed,3.0
-9.0,1.0,-1,1,57.62793,51,Replayed,9.0
1.0,0.0,1,1,52.421318,51,Replayed,1.0
1.0,-1.0,1,1,51.59247,51,Replayed,1.0
5.0,-1.0,1,1,53.808533,51,Replayed,5.0
-1.0,1.0,1,0,50.262768,51,Replayed,1.0
-5.0,1.0,1,0,46.922726,51,Replayed,5.0
-38.0,1.0,-1,1,84.040085,51,Replayed,38.0
5.0,1.0,-1,0,43.93159,51,Replayed,5.0
38.0,1.0,1,1,87.44715,51,Replayed,38.0
1.0,1.0,1,1,53.19641,51,Replayed,1.0
5.0,0.0,-1,0,44.629513,51,Replayed,5.0
9.0,0.0,1,1,58.17117,51,Replayed,9.0
-1.0,0.0,1,0,50.90832,51,Replayed,1.0
5.0,0.0,-1,0,45.115566,51,Replayed,5.0
5.0,1.0,1,1,57.370586,51,Replayed,5.0
-3.0,1.0,1,0,48.702137,51,Replayed,3.0
-38.0,-1.0,-1,1,76.84449,51,Replayed,38.0
-9.0,-1.0,-1,1,54.300076,51,Replayed,9.0
1.0,0.0,-1,0,48.04575,51,Replayed,1.0
1.0,-1.0,-1,0,47.056458,51,Replayed,1.0
-9.0,1.0,-1,1,57.37139,51,Replayed,9.0
-38.0,1.0,-1,1,83.596375,51,Replayed,38.0
5.0,0.0,-1,0,43.75644,51,Replayed,5.0
38.0,-1.0,1,1,80.87963,51,Replayed,38.0
-3.0,-1.0,-1,1,50.037174,51,Replayed,3.0
3.0,0.0,1,1,54.587154,51,Replayed,3.0
3.0,0.0,1,1,53.97605,51,Replayed,3.0
-38.0,0.0,-1,1,81.046104,51,Replayed,38.0
38.0,-1.0,1,1,80.65253,51,Replayed,38.0
9.0,-1.0,1,1,55.476368,51,Replayed,9.0
1.0,-1.0,1,1,51.83953,51,Replayed,1.0
-3.0,1.0,-1,1,51.818394,51,Replayed,3.0
-9.0,1.0,1,0,43.12203,51,Replayed,9.0
-5.0,1.0,-1,1,53.404446,51,Replayed,5.0
-3.0,-1.0,-1,1,50.331337,51,Replayed,3.0
38.0,-1.0,1,1,80.79009,51,Replayed,38.0
-5.0,-1.0,-1,1,52.15291,51,Replayed,5.0
3.0,-1.0,1,1,53.156384,51,Replayed,3.0
-9.0,1.0,1,0,42.651535,51,Replayed,9.0
-5.0,0.0,1,0,47.27874,51,Replayed,5.0
3.0,-1.0,-1,0,47.48289,51,Replayed,3.0
-5.0,1.0,-1,1,52.828384,51,Replayed,5.0
9.0,-1.0,1,1,56.9783,51,Replayed,9.0
5.0,-1.0,-1,0,45.716103,51,Replayed,5.0
3.0,1.0,1,1,55.015366,51,Replayed,3.0
-38.0,1.0,-1,1,84.046455,51,Replayed,38.0
-38.0,-1.0,-1,1,76.994995,51,Replayed,38.0
-3.0,0.0,-1,1,50.633694,51,Replayed,3.0
-38.0,1.0,-1,1,83.96356,51,Replayed,38.0
-38.0,0.0,-1,1,80.39433,51,Replayed,38.0
9.0,-1.0,1,1,55.791187,51,Replayed,9.0
-9.0,-1.0,-1,1,54.403496,51,Replayed,9.0
9.0,1.0,1,1,60.54387,51,Replayed,9.0
3.0,-1.0,-1,0,47.147816,51,Replayed,3.0
-5.0,-1.0,-1,1,52.088326,51,Replayed,5.0
38.0,1.0,1,1,87.35343,51,Replayed,38.0
38.0,0.0,1,1,83.63063,51,Replayed,38.0
-38.0,0.0,-1,1,80.67857,51,Replayed,38.0
3.0,1.0,1,1,54.7277,51,Replayed,3.0
-1.0,1.0,-1,1,49.53166,51,Replayed,1.0
-38.0,-1.0,-1,1,76.47526,51,Replayed,38.0
-9.0,0.0,-1,1,56.650616,51,Replayed,9.0
5.0,0.0,1,1,55.630337,51,Replayed,5.0
38.0,-1.0,1,1,80.49998,51,Replayed,38.0
38.0,1.0,1,1,87.631485,51,Replayed,38.0
-1.0,0.0,1,0,51.071857,51,Replayed,1.0
-5.0,-1.0,-1,1,51.677734,51,Replayed,5.0
-1.0,-1.0,1,0,50.528233,52,Replayed,1.0
38.0,0.0,1,1,87.79708,52,Replayed,38.0
-1.0,-1.0,1,0,50.580128,52,Replayed,1.0
3.0,-1.0,1,1,55.911358,52,Replayed,3.0
38.0,-1.0,1,1,85.52504,52,Replayed,38.0
-9.0,-1.0,1,0,43.697426,52,Replayed,9.0
3.0,1.0,1,1,55.718388,52,Replayed,3.0
-9.0,1.0,-1,1,57.594913,52,Replayed,9.0
9.0,0.0,1,1,62.163155,52,Replayed,9.0
-5.0,1.0,1,0,46.10599,52,Replayed,5.0
-5.0,-1.0,1,0,46.426712,52,Replayed,5.0
-3.0,0.0,-1,1,51.56442,52,Replayed,3.0
5.0,1.0,-1,0,40.67957,52,Replayed,5.0
-5.0,-1.0,1,0,46.73639,52,Replayed,5.0
-1.0,0.0,1,0,51.299168,52,Replayed,1.0
-9.0,0.0,-1,1,57.814365,52,Replayed,9.0
1.0,1.0,1,1,54.493797,52,Replayed,1.0
-5.0,-1.0,-1,1,53.489773,52,Replayed,5.0
5.0,1.0,1,1,57.73932,52,Replayed,5.0
3.0,1.0,1,1,55.816685,52,Replayed,3.0
-5.0,-1.0,1,0,46.538578,52,Replayed,5.0
-5.0,0.0,-1,1,53.94993,52,Replayed,5.0
1.0,1.0,1,1,53.838013,52,Replayed,1.0
38.0,-1.0,1,1,86.43823,52,Replayed,38.0
9.0,1.0,-1,0,36.342663,52,Replayed,9.0
3.0,1.0,-1,0,44.033066,52,Replayed,3.0
-5.0,0.0,-1,1,53.37358,52,Replayed,5.0
-38.0,0.0,-1,1,84.34147,52,Replayed,38.0
-38.0,-1.0,-1,1,82.672905,52,Replayed,38.0
3.0,1.0,-1,0,43.849773,52,Replayed,3.0
9.0,1.0,1,1,64.26003,52,Replayed,9.0
-38.0,1.0,-1,1,85.57308,52,Replayed,38.0
1.0,1.0,1,1,53.538586,52,Replayed,1.0
-5.0,0.0,-1,1,53.58657,52,Replayed,5.0
-9.0,-1.0,-1,1,57.43736,52,Replayed,9.0
-3.0,-1.0,1,0,49.12793,52,Replayed,3.0
9.0,-1.0,1,1,62.474598,52,Replayed,9.0
-1.0,0.0,-1,1,49.42123,52,Replayed,1.0
38.0,0.0,1,1,87.524506,52,Replayed,38.0
-9.0,0.0,1,0,41.82034,52,Replayed,9.0
-9.0,1.0,1,0,41.760124,52,Replayed,9.0
9.0,-1.0,1,1,61.744617,52,Replayed,9.0
9.0,1.0,1,1,63.04441,52,Replayed,9.0
5.0,-1.0,1,1,57.266815,52,Replayed,5.0
1.0,0.0,-1,0,46.980446,52,Replayed,1.0
5.0,0.0,-1,0,41.8407,52,Replayed,5.0
38.0,1.0,1,1,88.19859,52,Replayed,38.0
3.0,1.0,1,1,56.141914,52,Replayed,3.0
1.0,1.0,1,1,54.082012,52,Replayed,1.0
9.0,1.0,-1,0,36.83677,52,Replayed,9.0
-1.0,-1.0,1,0,50.948776,52,Replayed,1.0
38.0,-1.0,1,1,85.65804,52,Replayed,38.0
-1.0,-1.0,1,0,51.426815,52,Replayed,1.0
9.0,0.0,1,1,62.572556,52,Replayed,9.0
1.0,-1.0,-1,0,47.881474,52,Replayed,1.0
-38.0,-1.0,-1,1,82.80137,52,Replayed,38.0
1.0,0.0,1,1,53.65525,52,Replayed,1.0
1.0,0.0,1,1,53.301304,52,Replayed,1.0
9.0,0.0,-1,0,38.299366,52,Replayed,9.0
3.0,1.0,-1,0,45.088024,52,Replayed,3.0
3.0,0.0,1,1,55.396824,52,Replayed,3.0
3.0,1.0,1,1,55.523067,52,Replayed,3.0
-1.0,1.0,1,0,52.13179,52,Replayed,1.0
-3.0,0.0,-1,1,51.208496,52,Replayed,3.0
5.0,1.0,1,1,58.063793,52,Replayed,5.0
9.0,0.0,1,1,62.617348,52,Replayed,9.0
-38.0,1.0,-1,1,86.368454,52,Replayed,38.0
5.0,0.0,1,1,58.74843,52,Replayed,5.0
-5.0,-1.0,-1,1,52.987938,52,Replayed,5.0
-9.0,0.0,1,0,42.201733,52,Replayed,9.0
5.0,0.0,1,1,57.06436,52,Replayed,5.0
9.0,-1.0,1,1,62.045456,52,Replayed,9.0
-38.0,1.0,-1,1,85.95109,52,Replayed,38.0
1.0,0.0,-1,0,46.597023,52,Replayed,1.0
1.0,1.0,1,1,54.217773,52,Replayed,1.0
-9.0,0.0,-1,1,57.487988,52,Replayed,9.0
-9.0,0.0,-1,1,57.82228,52,Replayed,9.0
-9.0,-1.0,-1,1,57.51277,52,Replayed,9.0
5.0,-1.0,1,1,56.997883,52,Replayed,5.0
-3.0,-1.0,-1,1,52.29399,52,Replayed,3.0
5.0,-1.0,-1,0,42.071037,52,Replayed,5.0
-1.0,1.0,1,0,50.258392,52,Replayed,1.0
5.0,1.0,1,1,58.489574,52,Replayed,5.0
38.0,0.0,1,1,87.29755,52,Replayed,38.0
-9.0,-1.0,-1,1,57.426357,52,Replayed,9.0
5.0,0.0,-1,0,40.783703,52,Replayed,5.0
3.0,-1.0,1,1,55.915718,52,Replayed,3.0
38.0,1.0,1,1,88.2493,52,Replayed,38.0
-3.0,0.0,-1,1,51.51435,52,Replayed,3.0
-9.0,0.0,1,0,42.22522,52,Replayed,9.0
3.0,-1.0,1,1,55.655815,52,Replayed,3.0
3.0,0.0,1,1,56.084908,52,Replayed,3.0
-1.0,0.0,-1,1,47.774452,52,Replayed,1.0
-3.0,1.0,1,0,48.623264,52,Replayed,3.0
5.0,-1.0,-1,0,43.19082,52,Replayed,5.0
-3.0,1.0,1,0,48.609505,52,Replayed,3.0
5.0,0.0,1,1,57.937473,52,Replayed,5.0
38.0,1.0,1,1,88.080025,52,Replayed,38.0
5.0,1.0,1,1,57.820778,52,Replayed,5.0
-1.0,0.0,1,0,51.01794,52,Replayed,1.0
-38.0,-1.0,-1,1,82.974236,52,Replayed,38.0
-38.0,1.0,-1,1,85.732666,52,Replayed,38.0
5.0,0.0,1,1,58.505867,52,Replayed,5.0
-38.0,-1.0,-1,1,83.26519,52,Replayed,38.0
-3.0,0.0,1,0,49.15788,52,Replayed,3.0
3.0,0.0,1,1,55.64735,52,Replayed,3.0
-1.0,0.0,1,0,51.179844,52,Replayed,1.0
9.0,-1.0,1,1,61.189224,52,Replayed,9.0
3.0,-1.0,1,1,55.722736,52,Replayed,3.0
38.0,-1.0,1,1,85.57592,52,Replayed,38.0
5.0,1.0,-1,0,41.491142,52,Replayed,5.0
-9.0,-1.0,-1,1,56.89032,52,Replayed,9.0
3.0,0.0,-1,0,44.883892,52,Replayed,3.0
5.0,-1.0,1,1,58.053146,52,Replayed,5.0
-38.0,1.0,-1,1,86.222885,52,Replayed,38.0
-9.0,-1.0,1,0,42.59069,52,Replayed,9.0
3.0,-1.0,1,1,55.307625,52,Replayed,3.0
9.0,0.0,-1,0,37.488926,52,Replayed,9.0
1.0,0.0,-1,0,46.037136,52,Replayed,1.0
-38.0,0.0,-1,1,84.57069,52,Replayed,38.0
1.0,1.0,1,1,53.75315,52,Replayed,1.0
1.0,0.0,1,1,52.89917,52,Replayed,1.0
-3.0,-1.0,-1,1,51.40671,52,Replayed,3.0
-5.0,0.0,1,0,45.85251,52,Replayed,5.0
-3.0,1.0,-1,1,51.35392,52,Replayed,3.0
5.0,-1.0,-1,0,42.503277,52,Replayed,5.0
9.0,-1.0,1,1,61.062485,52,Replayed,9.0
-38.0,0.0,-1,1,84.547905,52,Replayed,38.0
38.0,0.0,1,1,87.41535,52,Replayed,38.0
-9.0,1.0,1,0,41.81478,52,Replayed,9.0
3.0,0.0,1,1,56.3086,52,Replayed,3.0
-3.0,1.0,-1,1,51.278233,52,Replayed,3.0
-1.0,1.0,1,0,51.43172,52,Replayed,1.0
-3.0,-1.0,-1,1,51.180397,52,Replayed,3.0
-5.0,1.0,1,0,46.30862,52,Replayed,5.0
38.0,0.0,1,1,87.48636,52,Replayed,38.0
9.0,0.0,-1,0,38.237717,52,Replayed,9.0
38.0,-1.0,1,1,86.191956,52,Replayed,38.0
3.0,-1.0,-1,0,44.503273,52,Replayed,3.0
9.0,1.0,1,1,62.75691,52,Replayed,9.0
-3.0,-1.0,-1,1,50.549835,52,Replayed,3.0
-1.0,0.0,-1,1,49.273827,52,Replayed,1.0
-9.0,1.0,-1,1,57.573708,52,Replayed,9.0
5.0,1.0,1,1,58.571327,52,Replayed,5.0
-38.0,-1.0,-1,1,83.8369,52,Replayed,38.0
1.0,-1.0,1,1,52.077084,52,Replayed,1.0
-3.0,-1.0,-1,1,50.747574,52,Replayed,3.0
-38.0,-1.0,-1,1,83.37886,52,Replayed,38.0
3.0,-1.0,1,1,55.53559,52,Replayed,3.0
-1.0,-1.0,1,0,51.3212,52,Replayed,1.0
38.0,1.0,1,1,88.20803,52,Replayed,38.0
-9.0,0.0,-1,1,58.25244,52,Replayed,9.0
-3.0,0.0,-1,1,52.61505,52,Replayed,3.0
1.0,1.0,-1,0,47.000416,52,Replayed,1.0
-1.0,1.0,1,0,51.30921,52,Replayed,1.0
-5.0,-1.0,1,0,46.853733,52,Replayed,5.0
1.0,-1.0,1,1,53.49418,52,Replayed,1.0
9.0,0.0,1,1,62.750305,52,Replayed,9.0
-38.0,-1.0,-1,1,83.414185,52,Replayed,38.0
1.0,-1.0,-1,0,46.507042,52,Replayed,1.0
-5.0,1.0,-1,1,53.85239,52,Replayed,5.0
-3.0,1.0,1,0,49.018646,52,Replayed,3.0
38.0,1.0,1,1,88.17539,52,Replayed,38.0
9.0,-1.0,-1,0,38.02458,52,Replayed,9.0
-5.0,-1.0,1,0,47.022976,52,Replayed,5.0
1.0,0.0,1,1,53.72594,52,Replayed,1.0
-38.0,0.0,-1,1,84.477,52,Replayed,38.0
-5.0,1.0,1,0,47.13791,52,Replayed,5.0
-3.0,1.0,-1,1,51.44331,52,Replayed,3.0
-5.0,0.0,1,0,46.615955,52,Replayed,5.0
1.0,0.0,-1,0,46.616917,52,Replayed,1.0
38.0,-1.0,1,1,86.18993,52,Replayed,38.0
5.0,-1.0,1,1,57.664333,52,Replayed,5.0
-3.0,1.0,1,0,49.28261,52,Replayed,3.0
3.0,0.0,-1,0,44.19912,52,Replayed,3.0
-5.0,0.0,1,0,46.766468,52,Replayed,5.0
9.0,1.0,-1,0,36.23744,52,Replayed,9.0
-38.0,0.0,-1,1,84.92744,52,Replayed,38.0
5.0,0.0,-1,0,42.267235,52,Replayed,5.0
-38.0,0.0,-1,1,84.85656,52,Replayed,38.0
-5.0,1.0,-1,1,52.641903,52,Replayed,5.0
3.0,-1.0,-1,0,44.211002,52,Replayed,3.0
-38.0,0.0,-1,1,84.58354,52,Replayed,38.0
-38.0,-1.0,-1,1,83.37263,52,Replayed,38.0
1.0,-1.0,-1,0,46.32157,52,Replayed,1.0
-9.0,1.0,-1,1,57.658325,52,Replayed,9.0
-5.0,1.0,1,0,46.848537,52,Replayed,5.0
5.0,-1.0,1,1,57.487797,52,Replayed,5.0
9.0,0.0,-1,0,36.84119,52,Replayed,9.0
1.0,-1.0,-1,0,48.095318,52,Replayed,1.0
9.0,1.0,-1,0,36.148514,52,Replayed,9.0
-38.0,1.0,-1,1,86.115005,52,Replayed,38.0
-1.0,0.0,-1,1,48.834984,52,Replayed,1.0
-3.0,1.0,1,0,49.36541,52,Replayed,3.0
38.0,-1.0,1,1,86.464195,52,Replayed,38.0
-1.0,-1.0,1,0,51.084274,52,Replayed,1.0
-1.0,-1.0,-1,1,48.963173,52,Replayed,1.0
3.0,0.0,1,1,55.61355,52,Replayed,3.0
9.0,-1.0,-1,0,37.21203,52,Replayed,9.0
-1.0,1.0,-1,1,49.102894,52,Replayed,1.0
-3.0,0.0,1,0,49.06208,52,Replayed,3.0
-1.0,1.0,1,0,51.212864,52,Replayed,1.0
9.0,1.0,1,1,62.911804,52,Replayed,9.0
1.0,1.0,1,1,53.59509,52,Replayed,1.0
38.0,0.0,1,1,87.648094,52,Replayed,38.0
38.0,1.0,1,1,88.13836,52,Replayed,38.0
5.0,0.0,1,1,57.73083,52,Replayed,5.0
-3.0,0.0,1,0,49.177723,52,Replayed,3.0
38.0,1.0,1,1,88.628654,52,Replayed,38.0
-38.0,1.0,-1,1,85.55994,52,Replayed,38.0
-5.0,0.0,-1,1,53.41251,52,Replayed,5.0
-9.0,1.0,1,0,40.58418,52,Replayed,9.0
-1.0,1.0,-1,1,48.79321,52,Replayed,1.0
38.0,0.0,1,1,87.53424,52,Replayed,38.0
-1.0,-1.0,-1,1,49.81792,52,Replayed,1.0
5.0,1.0,1,1,59.002747,52,Replayed,5.0
-1.0,1.0,1,0,50.33244,52,Replayed,1.0
-9.0,1.0,-1,1,58.063065,52,Replayed,9.0
-3.0,-1.0,1,0,48.6922,52,Replayed,3.0
-5.0,1.0,-1,1,53.95585,52,Replayed,5.0
-3.0,0.0,-1,1,50.696926,52,Replayed,3.0
38.0,1.0,1,1,88.51745,52,Replayed,38.0
-5.0,-1.0,1,0,47.1506,52,Replayed,5.0
-5.0,1.0,-1,1,53.79516,52,Replayed,5.0
38.0,-1.0,1,1,86.10143,52,Replayed,38.0
-9.0,-1.0,1,0,42.174526,52,Replayed,9.0
-1.0,0.0,1,0,51.087017,52,Replayed,1.0
3.0,0.0,1,1,55.76539,52,Replayed,3.0
-3.0,-1.0,-1,1,51.298725,52,Replayed,3.0
-9.0,-1.0,-1,1,58.688694,52,Replayed,9.0
9.0,-1.0,1,1,61.08019,52,Replayed,9.0
-38.0,1.0,-1,1,85.391655,52,Replayed,38.0
-9.0,1.0,1,0,41.08089,52,Replayed,9.0
-9.0,0.0,1,0,42.069263,52,Replayed,9.0
-38.0,0.0,1,0,15.33393,52,Replayed,38.0
-5.0,0.0,-1,1,53.14092,52,Replayed,5.0
3.0,1.0,-1,0,44.05526,52,Replayed,3.0
1.0,-1.0,-1,0,45.779255,52,Replayed,1.0
1.0,-1.0,-1,0,46.129246,52,Replayed,1.0
38.0,0.0,1,1,87.122215,52,Replayed,38.0
5.0,1.0,1,1,61.147697,53,Replayed,5.0
3.0,1.0,1,1,57.22638,53,Replayed,3.0
-5.0,-1.0,-1,1,59.28757,53,Replayed,5.0
5.0,1.0,1,1,61.145435,53,Replayed,5.0
-38.0,1.0,-1,1,97.06861,53,Replayed,38.0
-3.0,1.0,1,0,45.360287,53,Replayed,3.0
3.0,0.0,1,1,57.195316,53,Replayed,3.0
38.0,-1.0,1,1,97.10599,53,Replayed,38.0
-3.0,0.0,-1,1,55.36012,53,Replayed,3.0
3.0,-1.0,1,1,57.737457,53,Replayed,3.0
38.0,1.0,1,1,97.04191,53,Replayed,38.0
-5.0,1.0,1,0,41.49559,53,Replayed,5.0
38.0,0.0,1,1,97.20823,53,Replayed,38.0
9.0,0.0,1,1,68.64477,53,Replayed,9.0
3.0,-1.0,-1,0,43.250996,53,Replayed,3.0
3.0,0.0,-1,0,43.173252,53,Replayed,3.0
1.0,0.0,1,1,52.319187,53,Replayed,1.0
-9.0,1.0,-1,1,66.90237,53,Replayed,9.0
9.0,-1.0,1,1,68.51765,53,Replayed,9.0
3.0,0.0,1,1,56.925182,53,Replayed,3.0
-9.0,0.0,1,0,32.82692,53,Replayed,9.0
-1.0,-1.0,1,0,47.858845,53,Replayed,1.0
5.0,1.0,-1,0,38.7048,53,Replayed,5.0
5.0,0.0,1,1,61.826088,53,Replayed,5.0
3.0,1.0,-1,0,42.522724,53,Replayed,3.0
1.0,1.0,1,1,52.05524,53,Replayed,1.0
-3.0,-1.0,-1,1,56.105453,53,Replayed,3.0
9.0,-1.0,1,1,68.052666,53,Replayed,9.0
-1.0,0.0,-1,1,51.302135,53,Replayed,1.0
-5.0,0.0,1,0,40.314026,53,Replayed,5.0
-3.0,-1.0,-1,1,56.103016,53,Replayed,3.0
-5.0,-1.0,1,0,40.52407,53,Replayed,5.0
3.0,-1.0,-1,0,43.126072,53,Replayed,3.0
3.0,0.0,1,1,57.45498,53,Replayed,3.0
9.0,0.0,1,1,68.82146,53,Replayed,9.0
-3.0,1.0,1,0,44.30657,53,Replayed,3.0
9.0,0.0,1,1,68.68781,53,Replayed,9.0
5.0,0.0,1,1,61.06331,53,Replayed,5.0
-3.0,-1.0,-1,1,55.946888,53,Replayed,3.0
9.0,1.0,1,1,68.82372,53,Replayed,9.0
38.0,-1.0,1,1,96.976326,53,Replayed,38.0
-5.0,0.0,1,0,40.486443,53,Replayed,5.0
1.0,1.0,1,1,53.744305,53,Replayed,1.0
38.0,1.0,1,1,97.2787,53,Replayed,38.0
5.0,-1.0,1,1,61.615402,53,Replayed,5.0
38.0,-1.0,1,1,97.159935,53,Replayed,38.0
1.0,1.0,-1,0,46.91933,53,Replayed,1.0
3.0,0.0,-1,0,42.99029,53,Replayed,3.0
9.0,0.0,-1,0,31.484867,53,Replayed,9.0
-1.0,1.0,1,0,48.86007,53,Replayed,1.0
-1.0,1.0,1,0,48.798664,53,Replayed,1.0
5.0,0.0,-1,0,38.134567,53,Replayed,5.0
-38.0,1.0,-1,1,97.20072,53,Replayed,38.0
1.0,-1.0,1,1,53.13757,53,Replayed,1.0
9.0,1.0,1,1,68.503204,53,Replayed,9.0
9.0,0.0,1,1,68.42533,53,Replayed,9.0
1.0,-1.0,1,1,52.64385,53,Replayed,1.0
-5.0,1.0,-1,1,59.054905,53,Replayed,5.0
-9.0,1.0,-1,1,66.611916,53,Replayed,9.0
-3.0,1.0,1,0,44.938133,53,Replayed,3.0
-9.0,-1.0,-1,1,67.5546,53,Replayed,9.0
9.0,1.0,1,1,68.484146,53,Replayed,9.0
-1.0,0.0,-1,1,51.050056,53,Replayed,1.0
5.0,0.0,-1,0,38.99613,53,Replayed,5.0
-38.0,0.0,-1,1,96.9656,53,Replayed,38.0
9.0,1.0,1,1,69.30421,53,Replayed,9.0
-1.0,1.0,-1,1,50.6606,53,Replayed,1.0
5.0,-1.0,1,1,61.85343,53,Replayed,5.0
-38.0,1.0,-1,1,97.11204,53,Replayed,38.0
38.0,0.0,1,1,97.25002,53,Replayed,38.0
-9.0,0.0,-1,1,68.00128,53,Replayed,9.0
5.0,0.0,1,1,61.00024,53,Replayed,5.0
-1.0,-1.0,1,0,48.918903,53,Replayed,1.0
-1.0,1.0,1,0,48.528904,53,Replayed,1.0
5.0,0.0,1,1,61.78094,53,Replayed,5.0
-3.0,-1.0,-1,1,54.837013,53,Replayed,3.0
-9.0,0.0,-1,1,66.927345,53,Replayed,9.0
5.0,-1.0,-1,0,39.68315,53,Replayed,5.0
-1.0,1.0,-1,1,52.439682,53,Replayed,1.0
-1.0,1.0,-1,1,51.5113,53,Replayed,1.0
5.0,1.0,-1,0,38.36962,53,Replayed,5.0
3.0,0.0,1,1,56.63258,53,Replayed,3.0
-9.0,0.0,-1,1,67.610596,53,Replayed,9.0
-3.0,1.0,1,0,44.61579,53,Replayed,3.0
-3.0,-1.0,1,0,45.520164,53,Replayed,3.0
3.0,-1.0,-1,0,43.69792,53,Replayed,3.0
3.0,-1.0,1,1,57.67129,53,Replayed,3.0
-3.0,0.0,-1,1,55.19935,53,Replayed,3.0
-5.0,-1.0,-1,1,60.558266,53,Replayed,5.0
-38.0,-1.0,-1,1,97.047005,53,Replayed,38.0
-1.0,-1.0,1,0,49.122612,53,Replayed,1.0
3.0,1.0,-1,0,41.590576,53,Replayed,3.0
-9.0,1.0,-1,1,67.48361,53,Replayed,9.0
-1.0,1.0,-1,1,50.68729,53,Replayed,1.0
3.0,-1.0,1,1,56.99845,53,Replayed,3.0
5.0,-1.0,-1,0,39.0484,53,Replayed,5.0
9.0,-1.0,1,1,69.48163,53,Replayed,9.0
-38.0,-1.0,-1,1,97.059044,53,Replayed,38.0
-3.0,1.0,1,0,45.000763,53,Replayed,3.0
38.0,1.0,1,1,97.36613,53,Replayed,38.0
3.0,1.0,1,1,57.303356,53,Replayed,3.0
-1.0,-1.0,-1,1,51.763016,53,Replayed,1.0
-9.0,1.0,-1,1,67.92815,53,Replayed,9.0
9.0,-1.0,1,1,68.13715,53,Replayed,9.0
1.0,1.0,1,1,53.0069,53,Replayed,1.0
-3.0,1.0,1,0,43.987583,53,Replayed,3.0
-38.0,-1.0,-1,1,96.77425,53,Replayed,38.0
-9.0,1.0,-1,1,67.2824,53,Replayed,9.0
9.0,1.0,1,1,69.53668,53,Replayed,9.0
-38.0,-1.0,-1,1,96.95492,53,Replayed,38.0
-5.0,1.0,-1,1,59.700108,53,Replayed,5.0
9.0,-1.0,1,1,68.9406,53,Replayed,9.0
-38.0,0.0,-1,1,97.09565,53,Replayed,38.0
-5.0,0.0,1,0,40.612385,53,Replayed,5.0
-38.0,0.0,-1,1,97.06107,53,Replayed,38.0
1.0,1.0,1,1,52.81265,53,Replayed,1.0
-9.0,0.0,1,0,32.587135,53,Replayed,9.0
-5.0,1.0,1,0,39.87099,53,Replayed,5.0
-38.0,1.0,-1,1,96.92526,53,Replayed,38.0
-38.0,-1.0,-1,1,96.98041,53,Replayed,38.0
-5.0,0.0,-1,1,59.19541,53,Replayed,5.0
-3.0,0.0,1,0,44.45145,53,Replayed,3.0
38.0,1.0,1,1,97.3877,53,Replayed,38.0
1.0,-1.0,-1,0,47.51428,53,Replayed,1.0
1.0,0.0,-1,0,46.917095,53,Replayed,1.0
38.0,1.0,1,1,97.37732,53,Replayed,38.0
1.0,-1.0,-1,0,46.84261,53,Replayed,1.0
-5.0,0.0,1,0,39.889954,53,Replayed,5.0
-9.0,-1.0,-1,1,68.30193,53,Replayed,9.0
9.0,0.0,-1,0,31.383429,53,Replayed,9.0
-9.0,-1.0,-1,1,67.344055,53,Replayed,9.0
1.0,0.0,-1,0,47.1119,53,Replayed,1.0
1.0,0.0,-1,0,47.28078,53,Replayed,1.0
-9.0,0.0,-1,1,66.83787,53,Replayed,9.0
-5.0,-1.0,-1,1,59.60924,53,Replayed,5.0
9.0,1.0,-1,0,29.943932,53,Replayed,9.0
-9.0,-1.0,-1,1,67.45058,53,Replayed,9.0
-9.0,1.0,1,0,33.361603,53,Replayed,9.0
-3.0,0.0,1,0,43.49392,53,Replayed,3.0
1.0,1.0,1,1,53.888367,53,Replayed,1.0
-3.0,1.0,1,0,43.7841,53,Replayed,3.0
5.0,1.0,-1,0,38.232548,53,Replayed,5.0
38.0,-1.0,1,1,97.22972,53,Replayed,38.0
38.0,-1.0,1,1,97.14883,53,Replayed,38.0
3.0,0.0,1,1,57.770496,53,Replayed,3.0
3.0,1.0,-1,0,42.630833,53,Replayed,3.0
-3.0,-1.0,1,0,45.03426,53,Replayed,3.0
-5.0,-1.0,1,0,41.00571,53,Replayed,5.0
38.0,-1.0,1,1,97.00488,53,Replayed,38.0
1.0,0.0,1,1,52.789635,53,Replayed,1.0
3.0,1.0,1,1,56.55382,53,Replayed,3.0
3.0,-1.0,-1,0,43.110237,53,Replayed,3.0
5.0,1.0,-1,0,38.26451,53,Replayed,5.0
-38.0,0.0,-1,1,96.733696,53,Replayed,38.0
-38.0,-1.0,-1,1,96.90817,53,Replayed,38.0
1.0,-1.0,1,1,52.810406,53,Replayed,1.0
9.0,-1.0,1,1,69.228355,53,Replayed,9.0
-3.0,0.0,-1,1,55.153168,53,Replayed,3.0
5.0,1.0,1,1,63.113438,53,Replayed,5.0
-1.0,0.0,1,0,47.99651,53,Replayed,1.0
9.0,0.0,1,1,69.70161,53,Replayed,9.0
38.0,0.0,1,1,97.40762,53,Replayed,38.0
-5.0,-1.0,1,0,40.02877,53,Replayed,5.0
1.0,-1.0,-1,0,47.819782,53,Replayed,1.0
-1.0,0.0,1,0,49.046413,53,Replayed,1.0
3.0,0.0,-1,0,41.808556,53,Replayed,3.0
-9.0,-1.0,-1,1,67.84211,53,Replayed,9.0
-38.0,1.0,-1,1,97.09178,53,Replayed,38.0
-38.0,1.0,-1,1,96.932526,53,Replayed,38.0
-38.0,-1.0,-1,1,96.75279,53,Replayed,38.0
-9.0,-1.0,-1,1,67.457405,53,Replayed,9.0
1.0,0.0,-1,0,47.085316,53,Replayed,1.0
9.0,0.0,-1,0,31.588146,53,Replayed,9.0
-38.0,1.0,-1,1,97.10911,53,Replayed,38.0
38.0,-1.0,1,1,97.0516,53,Replayed,38.0
5.0,-1.0,1,1,59.699505,53,Replayed,5.0
1.0,0.0,-1,0,46.255283,53,Replayed,1.0
-9.0,1.0,-1,1,67.84703,53,Replayed,9.0
9.0,-1.0,1,1,68.10685,53,Replayed,9.0
-5.0,0.0,-1,1,58.903217,53,Replayed,5.0
38.0,1.0,1,1,97.174,53,Replayed,38.0
-5.0,-1.0,1,0,40.488445,53,Replayed,5.0
-1.0,0.0,1,0,47.58073,53,Replayed,1.0
-3.0,0.0,-1,1,56.002724,53,Replayed,3.0
-9.0,-1.0,-1,1,67.161934,53,Replayed,9.0
3.0,1.0,-1,0,42.312103,53,Replayed,3.0
-38.0,1.0,-1,1,97.21041,53,Replayed,38.0
-9.0,0.0,-1,1,67.45436,53,Replayed,9.0
-5.0,0.0,1,0,39.843216,53,Replayed,5.0
3.0,1.0,-1,0,43.10759,53,Replayed,3.0
-38.0,0.0,-1,1,97.100845,53,Replayed,38.0
38.0,1.0,1,1,97.1559,53,Replayed,38.0
38.0,-1.0,1,1,97.02816,53,Replayed,38.0
1.0,1.0,1,1,53.218197,53,Replayed,1.0
-5.0,1.0,-1,1,59.085243,53,Replayed,5.0
-5.0,0.0,-1,1,60.104668,53,Replayed,5.0
5.0,0.0,-1,0,38.727154,53,Replayed,5.0
5.0,0.0,1,1,61.2186,53,Replayed,5.0
-1.0,-1.0,1,0,49.150734,53,Replayed,1.0
1.0,1.0,-1,0,46.669735,53,Replayed,1.0
-1.0,-1.0,-1,1,51.58325,53,Replayed,1.0
-9.0,0.0,-1,1,67.368065,53,Replayed,9.0
-1.0,-1.0,-1,1,51.121044,53,Replayed,1.0
5.0,1.0,1,1,61.020576,53,Replayed,5.0
5.0,-1.0,1,1,60.600887,53,Replayed,5.0
-5.0,1.0,-1,1,58.59713,53,Replayed,5.0
3.0,-1.0,1,1,56.888847,53,Replayed,3.0
38.0,0.0,1,1,97.3533,53,Replayed,38.0
-3.0,1.0,-1,1,55.087852,53,Replayed,3.0
-1.0,0.0,-1,1,51.875954,53,Replayed,1.0
38.0,1.0,1,1,97.305305,53,Replayed,38.0
1.0,-1.0,-1,0,46.13143,53,Replayed,1.0
-38.0,0.0,-1,1,96.96737,53,Replayed,38.0
5.0,-1.0,-1,0,38.909527,53,Replayed,5.0
-38.0,-1.0,-1,1,96.96575,53,Replayed,38.0
-1.0,0.0,1,0,49.23647,53,Replayed,1.0
-5.0,1.0,-1,1,59.344917,53,Replayed,5.0
-38.0,0.0,-1,1,96.98241,53,Replayed,38.0
-38.0,0.0,-1,1,96.85154,53,Replayed,38.0
38.0,0.0,1,1,97.23603,53,Replayed,38.0
9.0,1.0,1,1,68.54187,53,Replayed,9.0
-5.0,-1.0,-1,1,60.001255,53,Replayed,5.0
-1.0,-1.0,1,0,48.364838,53,Replayed,1.0
1.0,0.0,1,1,53.240784,53,Replayed,1.0
38.0,0.0,1,1,97.18438,53,Replayed,38.0
-3.0,-1.0,-1,1,54.797302,53,Replayed,3.0
-1.0,1.0,1,0,48.208557,53,Replayed,1.0
38.0,0.0,1,1,97.139,53,Replayed,38.0
-3.0,0.0,1,0,44.165764,53,Replayed,3.0
-3.0,-1.0,-1,1,55.209435,53,Replayed,3.0
38.0,0.0,1,1,97.197014,53,Replayed,38.0
1.0,-1.0,-1,0,47.06321,53,Replayed,1.0
5.0,-1.0,1,1,60.84586,53,Replayed,5.0
-9.0,-1.0,-1,1,66.97901,53,Replayed,9.0
-5.0,1.0,-1,1,58.86382,53,Replayed,5.0
9.0,-1.0,1,1,69.275505,53,Replayed,9.0
-9.0,1.0,1,0,33.002968,53,Replayed,9.0
-3.0,0.0,1,0,45.229042,53,Replayed,3.0
9.0,1.0,1,1,69.54323,53,Replayed,9.0
-1.0,0.0,-1,1,51.62767,53,Replayed,1.0
-3.0,0.0,1,0,53.429638,54,Replayed,3.0
-3.0,0.0,-1,1,46.975677,54,Replayed,3.0
-5.0,0.0,-1,1,46.273705,54,Replayed,5.0
5.0,0.0,1,1,49.577366,54,Replayed,5.0
-5.0,-1.0,1,0,57.703175,54,Replayed,5.0
5.0,1.0,1,1,52.818043,54,Replayed,5.0
1.0,-1.0,-1,0,49.046917,54,Replayed,1.0
-9.0,-1.0,-1,1,38.954517,54,Replayed,9.0
-9.0,1.0,1,0,37.42661,54,Replayed,9.0
-1.0,1.0,1,0,46.38065,54,Replayed,1.0
-3.0,-1.0,-1,1,43.970566,54,Replayed,3.0
-1.0,-1.0,1,0,54.82045,54,Replayed,1.0
-38.0,1.0,-1,1,84.64097,54,Replayed,38.0
-38.0,1.0,-1,1,85.3241,54,Replayed,38.0
-5.0,-1.0,-1,1,44.005196,54,Replayed,5.0
9.0,0.0,1,1,46.78655,54,Replayed,9.0
-38.0,0.0,-1,1,29.5281,54,Replayed,38.0
-1.0,-1.0,-1,1,46.376793,54,Replayed,1.0
9.0,0.0,1,1,46.35359,54,Replayed,9.0
3.0,-1.0,-1,0,50.793427,54,Replayed,3.0
-3.0,1.0,-1,1,56.583035,54,Replayed,3.0
38.0,-1.0,1,1,19.596653,54,Replayed,38.0
5.0,1.0,-1,0,47.578506,54,Replayed,5.0
-3.0,0.0,1,0,53.676266,54,Replayed,3.0
-5.0,1.0,-1,1,57.727917,54,Replayed,5.0
-38.0,1.0,-1,1,85.36087,54,Replayed,38.0
-3.0,-1.0,-1,1,45.24587,54,Replayed,3.0
-1.0,-1.0,1,0,54.00259,54,Replayed,1.0
38.0,1.0,1,1,81.1238,54,Replayed,38.0
1.0,-1.0,-1,0,48.56649,54,Replayed,1.0
1.0,-1.0,-1,0,48.357857,54,Replayed,1.0
-3.0,0.0,1,0,53.294342,54,Replayed,3.0
-5.0,0.0,1,0,54.77195,54,Replayed,5.0
9.0,0.0,1,1,46.29816,54,Replayed,9.0
9.0,1.0,-1,0,43.85926,54,Replayed,9.0
-9.0,0.0,1,0,56.287575,54,Replayed,9.0
5.0,0.0,1,1,48.712997,54,Replayed,5.0
-3.0,-1.0,1,0,55.174805,54,Replayed,3.0
-5.0,1.0,1,0,42.86394,54,Replayed,5.0
-3.0,1.0,-1,1,54.900505,54,Replayed,3.0
-38.0,1.0,-1,1,85.17617,54,Replayed,38.0
3.0,1.0,1,1,50.50482,54,Replayed,3.0
-9.0,1.0,-1,1,63.844448,54,Replayed,9.0
5.0,1.0,1,1,51.79823,54,Replayed,5.0
-9.0,0.0,1,0,55.769897,54,Replayed,9.0
9.0,1.0,-1,0,44.267933,54,Replayed,9.0
-3.0,1.0,-1,1,56.43849,54,Replayed,3.0
-5.0,-1.0,-1,1,42.64286,54,Replayed,5.0
9.0,0.0,-1,0,53.015553,54,Replayed,9.0
5.0,1.0,1,1,52.05328,54,Replayed,5.0
-9.0,1.0,-1,1,61.174286,54,Replayed,9.0
38.0,1.0,1,1,82.01644,54,Replayed,38.0
-3.0,0.0,1,0,52.420937,54,Replayed,3.0
38.0,0.0,-1,0,71.06129,54,Replayed,38.0
1.0,-1.0,-1,0,48.098347,54,Replayed,1.0
38.0,0.0,1,1,27.81256,54,Replayed,38.0
-5.0,-1.0,-1,1,42.99374,54,Replayed,5.0
-1.0,-1.0,1,0,53.479248,54,Replayed,1.0
-9.0,-1.0,-1,1,38.49701,54,Replayed,9.0
1.0,0.0,1,1,49.31989,54,Replayed,1.0
-1.0,0.0,-1,1,48.03016,54,Replayed,1.0
-5.0,0.0,-1,1,44.383602,54,Replayed,5.0
38.0,-1.0,1,1,19.93915,54,Replayed,38.0
38.0,0.0,1,1,30.580816,54,Replayed,38.0
-38.0,-1.0,-1,1,19.144493,54,Replayed,38.0
9.0,-1.0,-1,0,57.725388,54,Replayed,9.0
-9.0,0.0,-1,1,42.975147,54,Replayed,9.0
5.0,-1.0,-1,0,51.420288,54,Replayed,5.0
-9.0,-1.0,1,0,61.447598,54,Replayed,9.0
1.0,1.0,1,1,48.040573,54,Replayed,1.0
9.0,-1.0,1,1,44.8664,54,Replayed,9.0
38.0,0.0,1,1,28.49176,54,Replayed,38.0
-1.0,1.0,1,0,45.446445,54,Replayed,1.0
9.0,1.0,-1,0,44.40971,54,Replayed,9.0
3.0,0.0,1,1,49.651424,54,Replayed,3.0
9.0,-1.0,-1,0,56.754833,54,Replayed,9.0
9.0,0.0,-1,0,53.433792,54,Replayed,9.0
38.0,-1.0,1,1,18.120605,54,Replayed,38.0
-9.0,1.0,1,0,39.257214,54,Replayed,9.0
-38.0,-1.0,-1,1,17.383,54,Replayed,38.0
38.0,0.0,-1,0,70.69291,54,Replayed,38.0
1.0,0.0,-1,0,49.355053,54,Replayed,1.0
-3.0,-1.0,-1,1,44.844837,54,Replayed,3.0
1.0,0.0,-1,0,49.57941,54,Replayed,1.0
9.0,-1.0,-1,0,55.71909,54,Replayed,9.0
-1.0,0.0,-1,1,48.201004,54,Replayed,1.0
1.0,-1.0,-1,0,48.08091,54,Replayed,1.0
1.0,1.0,1,1,47.26481,54,Replayed,1.0
9.0,1.0,-1,0,44.29653,54,Replayed,9.0
3.0,1.0,-1,0,50.288742,54,Replayed,3.0
3.0,1.0,-1,0,48.225056,54,Replayed,3.0
38.0,-1.0,1,1,19.001862,54,Replayed,38.0
-38.0,0.0,-1,1,29.677954,54,Replayed,38.0
5.0,0.0,1,1,49.84914,54,Replayed,5.0
-38.0,0.0,-1,1,29.227856,54,Replayed,38.0
-38.0,1.0,-1,1,84.995476,54,Replayed,38.0
-3.0,0.0,-1,1,46.558346,54,Replayed,3.0
5.0,0.0,-1,0,50.7954,54,Replayed,5.0
-9.0,0.0,-1,1,42.506565,54,Replayed,9.0
-38.0,1.0,-1,1,84.96762,54,Replayed,38.0
-1.0,0.0,1,0,52.17108,54,Replayed,1.0
-1.0,0.0,-1,1,47.331707,54,Replayed,1.0
-1.0,0.0,-1,1,47.403965,54,Replayed,1.0
38.0,1.0,1,1,82.13595,54,Replayed,38.0
9.0,0.0,-1,0,53.302574,54,Replayed,9.0
-1.0,1.0,1,0,46.593567,54,Replayed,1.0
1.0,-1.0,-1,0,48.89162,54,Replayed,1.0
9.0,1.0,1,1,56.271847,54,Replayed,9.0
-3.0,1.0,-1,1,54.646183,54,Replayed,3.0
3.0,0.0,-1,0,50.50441,54,Replayed,3.0
-9.0,-1.0,1,0,62.390255,54,Replayed,9.0
38.0,1.0,1,1,82.11829,54,Replayed,38.0
9.0,1.0,-1,0,44.026447,54,Replayed,9.0
5.0,-1.0,1,1,49.153008,54,Replayed,5.0
-3.0,0.0,-1,1,47.841236,54,Replayed,3.0
1.0,1.0,-1,0,52.529503,54,Replayed,1.0
9.0,-1.0,-1,0,54.582775,54,Replayed,9.0
-38.0,-1.0,-1,1,18.411552,54,Replayed,38.0
38.0,-1.0,1,1,19.824045,54,Replayed,38.0
-5.0,1.0,-1,1,58.006214,54,Replayed,5.0
-5.0,1.0,-1,1,58.03458,54,Replayed,5.0
1.0,0.0,-1,0,49.009785,54,Replayed,1.0
-9.0,-1.0,1,0,61.091797,54,Replayed,9.0
-9.0,-1.0,1,0,60.169388,54,Replayed,9.0
9.0,0.0,-1,0,53.126137,54,Replayed,9.0
-5.0,1.0,-1,1,57.449734,54,Replayed,5.0
-9.0,0.0,1,0,54.525852,54,Replayed,9.0
3.0,1.0,-1,0,49.383755,54,Replayed,3.0
38.0,1.0,1,1,81.37833,54,Replayed,38.0
-9.0,-1.0,-1,1,39.62959,54,Replayed,9.0
5.0,0.0,-1,0,50.18979,54,Replayed,5.0
38.0,1.0,1,1,81.86654,54,Replayed,38.0
1.0,-1.0,-1,0,48.77083,54,Replayed,1.0
-5.0,0.0,-1,1,46.06294,54,Replayed,5.0
1.0,0.0,-1,0,48.281906,54,Replayed,1.0
-9.0,0.0,-1,1,43.144268,54,Replayed,9.0
-1.0,-1.0,-1,1,47.26395,54,Replayed,1.0
-38.0,-1.0,-1,1,18.448786,54,Replayed,38.0
3.0,-1.0,-1,0,50.78994,54,Replayed,3.0
-9.0,1.0,-1,1,61.042923,54,Replayed,9.0
-38.0,0.0,-1,1,30.334612,54,Replayed,38.0
38.0,1.0,1,1,80.73086,54,Replayed,38.0
5.0,0.0,1,1,49.743977,54,Replayed,5.0
-9.0,-1.0,-1,1,38.253174,54,Replayed,9.0
-5.0,-1.0,-1,1,42.979935,54,Replayed,5.0
3.0,1.0,-1,0,50.456356,54,Replayed,3.0
-1.0,1.0,-1,1,53.53418,54,Replayed,1.0
3.0,0.0,1,1,50.880424,54,Replayed,3.0
-3.0,-1.0,1,0,56.07833,54,Replayed,3.0
3.0,0.0,1,1,49.83445,54,Replayed,3.0
-5.0,0.0,-1,1,45.140068,54,Replayed,5.0
-1.0,-1.0,-1,1,48.190624,54,Replayed,1.0
9.0,-1.0,-1,0,56.13457,54,Replayed,9.0
-38.0,-1.0,-1,1,19.090244,54,Replayed,38.0
-3.0,0.0,-1,1,47.683414,54,Replayed,3.0
-9.0,0.0,-1,1,43.74997,54,Replayed,9.0
38.0,-1.0,1,1,19.436064,54,Replayed,38.0
-9.0,1.0,-1,1,61.68903,54,Replayed,9.0
38.0,0.0,1,1,28.975737,54,Replayed,38.0
-38.0,-1.0,-1,1,17.68507,54,Replayed,38.0
-3.0,1.0,1,0,44.326794,54,Replayed,3.0
-5.0,0.0,1,0,53.78003,54,Replayed,5.0
-5.0,-1.0,-1,1,43.639236,54,Replayed,5.0
-38.0,0.0,-1,1,30.004084,54,Replayed,38.0
-1.0,0.0,1,0,51.746876,54,Replayed,1.0
9.0,-1.0,1,1,44.47563,54,Replayed,9.0
-38.0,-1.0,-1,1,16.611986,54,Replayed,38.0
5.0,-1.0,1,1,47.28423,54,Replayed,5.0
1.0,0.0,-1,0,48.338642,54,Replayed,1.0
5.0,-1.0,-1,0,52.278244,54,Replayed,5.0
-38.0,1.0,1,0,15.33378,54,Replayed,38.0
-3.0,-1.0,1,0,53.948765,54,Replayed,3.0
-1.0,0.0,1,0,51.165848,54,Replayed,1.0
-5.0,-1.0,-1,1,43.27092,54,Replayed,5.0
1.0,0.0,1,1,49.86724,54,Replayed,1.0
-1.0,1.0,1,0,46.405502,54,Replayed,1.0
1.0,0.0,-1,0,48.961906,54,Replayed,1.0
5.0,1.0,1,1,52.177994,54,Replayed,5.0
1.0,1.0,1,1,48.617466,54,Replayed,1.0
38.0,-1.0,1,1,19.995632,54,Replayed,38.0
-1.0,0.0,-1,1,49.161266,54,Replayed,1.0
1.0,1.0,-1,0,52.482708,54,Replayed,1.0
-5.0,1.0,1,0,42.831783,54,Replayed,5.0
-9.0,0.0,1,0,56.112625,54,Replayed,9.0
9.0,-1.0,-1,0,54.82899,54,Replayed,9.0
-9.0,1.0,-1,1,61.805176,54,Replayed,9.0
9.0,1.0,-1,0,44.5515,54,Replayed,9.0
1.0,1.0,-1,0,52.00884,54,Replayed,1.0
3.0,-1.0,1,1,50.8847,54,Replayed,3.0
3.0,-1.0,-1,0,49.575214,54,Replayed,3.0
3.0,1.0,-1,0,49.659153,54,Replayed,3.0
1.0,1.0,-1,0,51.13015,54,Replayed,1.0
3.0,1.0,-1,0,49.074356,54,Replayed,3.0
-1.0,1.0,1,0,44.8662,54,Replayed,1.0
38.0,0.0,1,1,29.339954,54,Replayed,38.0
9.0,1.0,-1,0,43.34611,54,Replayed,9.0
5.0,-1.0,-1,0,51.18518,54,Replayed,5.0
-38.0,1.0,-1,1,84.7764,54,Replayed,38.0
38.0,0.0,1,1,29.468552,54,Replayed,38.0
1.0,1.0,-1,0,52.44524,54,Replayed,1.0
-1.0,1.0,-1,1,53.04892,54,Replayed,1.0
3.0,-1.0,1,1,48.90094,54,Replayed,3.0
5.0,1.0,1,1,51.65714,54,Replayed,5.0
5.0,-1.0,-1,0,52.798866,54,Replayed,5.0
5.0,-1.0,-1,0,51.143135,54,Replayed,5.0
5.0,0.0,-1,0,51.364292,54,Replayed,5.0
-3.0,-1.0,1,0,54.208992,54,Replayed,3.0
38.0,1.0,1,1,81.863716,54,Replayed,38.0
-5.0,0.0,1,0,53.379135,54,Replayed,5.0
3.0,-1.0,-1,0,49.610935,54,Replayed,3.0
38.0,-1.0,1,1,19.44398,54,Replayed,38.0
-5.0,1.0,-1,1,57.904602,54,Replayed,5.0
-1.0,-1.0,1,0,53.681755,54,Replayed,1.0
3.0,0.0,1,1,50.446903,54,Replayed,3.0
-1.0,-1.0,1,0,53.039764,54,Replayed,1.0
-5.0,0.0,-1,1,45.390877,54,Replayed,5.0
3.0,-1.0,1,1,49.40745,54,Replayed,3.0
-38.0,0.0,-1,1,29.073807,54,Replayed,38.0
1.0,-1.0,-1,0,48.566032,54,Replayed,1.0
3.0,0.0,1,1,48.53761,54,Replayed,3.0
-9.0,1.0,-1,1,61.640465,54,Replayed,9.0
5.0,1.0,1,1,52.232754,54,Replayed,5.0
-3.0,1.0,1,0,44.21134,54,Replayed,3.0
3.0,0.0,-1,0,49.630726,54,Replayed,3.0
-3.0,-1.0,1,0,54.192562,54,Replayed,3.0
-38.0,0.0,-1,1,28.59967,54,Replayed,38.0
-1.0,1.0,-1,1,53.321266,54,Replayed,1.0
3.0,1.0,-1,0,49.546104,54,Replayed,3.0
-5.0,-1.0,1,0,57.277344,54,Replayed,5.0
5.0,-1.0,1,1,46.821186,54,Replayed,5.0
-38.0,0.0,-1,1,30.76076,54,Replayed,38.0
9.0,0.0,-1,0,54.154663,54,Replayed,9.0
-3.0,1.0,-1,1,55.17004,54,Replayed,3.0
5.0,0.0,-1,0,52.149303,54,Replayed,5.0
9.0,-1.0,1,1,64.31128,55,Replayed,9.0
-38.0,-1.0,-1,1,84.782005,55,Replayed,38.0
-9.0,0.0,1,0,45.610157,55,Replayed,9.0
-9.0,1.0,-1,1,55.509464,55,Replayed,9.0
-9.0,1.0,-1,1,54.59541,55,Replayed,9.0
5.0,-1.0,-1,0,40.749287,55,Replayed,5.0
-1.0,0.0,1,0,53.52115,55,Replayed,1.0
-1.0,1.0,1,0,53.246086,55,Replayed,1.0
-1.0,1.0,-1,1,47.286125,55,Replayed,1.0
-3.0,1.0,1,0,51.099117,55,Replayed,3.0
38.0,1.0,1,1,93.85206,55,Replayed,38.0
1.0,-1.0,1,1,56.102337,55,Replayed,1.0
3.0,1.0,-1,0,40.15612,55,Replayed,3.0
5.0,0.0,1,1,59.728867,55,Replayed,5.0
-5.0,-1.0,-1,1,50.48985,55,Replayed,5.0
-1.0,0.0,1,0,53.108997,55,Replayed,1.0
5.0,1.0,1,1,61.88904,55,Replayed,5.0
-5.0,-1.0,1,0,49.22783,55,Replayed,5.0
-5.0,0.0,-1,1,50.946796,55,Replayed,5.0
1.0,1.0,-1,0,42.625988,55,Replayed,1.0
-1.0,-1.0,1,0,53.5321,55,Replayed,1.0
9.0,0.0,1,1,64.92431,55,Replayed,9.0
1.0,1.0,1,1,56.94524,55,Replayed,1.0
-3.0,1.0,-1,1,47.59138,55,Replayed,3.0
3.0,0.0,1,1,57.855354,55,Replayed,3.0
-1.0,-1.0,-1,1,46.564137,55,Replayed,1.0
-1.0,1.0,-1,1,45.72817,55,Replayed,1.0
9.0,0.0,1,1,65.25088,55,Replayed,9.0
1.0,-1.0,1,1,55.1594,55,Replayed,1.0
-9.0,-1.0,1,0,46.581585,55,Replayed,9.0
-5.0,-1.0,-1,1,50.398792,55,Replayed,5.0
-3.0,0.0,-1,1,47.87029,55,Replayed,3.0
38.0,1.0,1,1,93.50636,55,Replayed,38.0
3.0,1.0,1,1,58.998577,55,Replayed,3.0
1.0,1.0,-1,0,42.64866,55,Replayed,1.0
-5.0,-1.0,1,0,48.880093,55,Replayed,5.0
-38.0,1.0,-1,1,87.38691,55,Replayed,38.0
9.0,-1.0,1,1,64.20229,55,Replayed,9.0
3.0,-1.0,1,1,57.51223,55,Replayed,3.0
-1.0,1.0,1,0,54.52776,55,Replayed,1.0
38.0,-1.0,1,1,92.31941,55,Replayed,38.0
5.0,1.0,1,1,61.442883,55,Replayed,5.0
1.0,1.0,1,1,56.430836,55,Replayed,1.0
-38.0,1.0,-1,1,87.19875,55,Replayed,38.0
38.0,-1.0,-1,0,7.820243,55,Replayed,38.0
1.0,-1.0,1,1,56.037025,55,Replayed,1.0
-9.0,0.0,1,0,45.354485,55,Replayed,9.0
1.0,1.0,1,1,56.950615,55,Replayed,1.0
-38.0,0.0,-1,1,86.18064,55,Replayed,38.0
5.0,1.0,1,1,61.042934,55,Replayed,5.0
3.0,-1.0,1,1,57.790714,55,Replayed,3.0
-1.0,1.0,1,0,53.43061,55,Replayed,1.0
5.0,-1.0,1,1,60.116554,55,Replayed,5.0
-38.0,-1.0,-1,1,84.67243,55,Replayed,38.0
9.0,1.0,1,1,65.57014,55,Replayed,9.0
9.0,0.0,1,1,64.40643,55,Replayed,9.0
5.0,1.0,-1,0,39.10278,55,Replayed,5.0
5.0,1.0,1,1,61.393154,55,Replayed,5.0
5.0,-1.0,1,1,59.25547,55,Replayed,5.0
-3.0,0.0,-1,1,49.17118,55,Replayed,3.0
-5.0,-1.0,-1,1,50.675972,55,Replayed,5.0
5.0,0.0,-1,0,39.418823,55,Replayed,5.0
38.0,0.0,1,1,92.67346,55,Replayed,38.0
38.0,0.0,1,1,93.11471,55,Replayed,38.0
3.0,1.0,1,1,58.172543,55,Replayed,3.0
38.0,0.0,1,1,92.87981,55,Replayed,38.0
3.0,-1.0,1,1,57.06327,55,Replayed,3.0
-1.0,-1.0,1,0,52.864967,55,Replayed,1.0
9.0,-1.0,1,1,64.463875,55,Replayed,9.0
-5.0,1.0,1,0,48.837116,55,Replayed,5.0
-9.0,1.0,1,0,45.659378,55,Replayed,9.0
-3.0,0.0,-1,1,49.333347,55,Replayed,3.0
-9.0,0.0,-1,1,54.378326,55,Replayed,9.0
1.0,0.0,1,1,55.852783,55,Replayed,1.0
5.0,0.0,1,1,60.376022,55,Replayed,5.0
3.0,1.0,1,1,58.69718,55,Replayed,3.0
3.0,0.0,-1,0,40.956837,55,Replayed,3.0
5.0,-1.0,1,1,59.17636,55,Replayed,5.0
3.0,0.0,1,1,58.097057,55,Replayed,3.0
-9.0,-1.0,-1,1,53.292347,55,Replayed,9.0
5.0,0.0,1,1,60.13427,55,Replayed,5.0
-5.0,1.0,-1,1,49.581726,55,Replayed,5.0
5.0,0.0,-1,0,39.376358,55,Replayed,5.0
3.0,0.0,1,1,58.32069,55,Replayed,3.0
5.0,0.0,1,1,60.750675,55,Replayed,5.0
5.0,0.0,1,1,60.672916,55,Replayed,5.0
-1.0,1.0,1,0,53.37397,55,Replayed,1.0
-38.0,-1.0,-1,1,84.385056,55,Replayed,38.0
-3.0,-1.0,1,0,50.884922,55,Replayed,3.0
-9.0,0.0,-1,1,54.732124,55,Replayed,9.0
9.0,0.0,1,1,65.82701,55,Replayed,9.0
38.0,1.0,1,1,93.255905,55,Replayed,38.0
38.0,0.0,1,1,93.508644,55,Replayed,38.0
-1.0,1.0,-1,1,45.323425,55,Replayed,1.0
3.0,0.0,1,1,58.434517,55,Replayed,3.0
3.0,-1.0,1,1,57.472706,55,Replayed,3.0
38.0,1.0,1,1,93.81777,55,Replayed,38.0
-1.0,0.0,-1,1,46.022552,55,Replayed,1.0
38.0,0.0,1,1,92.95169,55,Replayed,38.0
-3.0,0.0,-1,1,49.121235,55,Replayed,3.0
-5.0,0.0,1,0,49.344,55,Replayed,5.0
9.0,-1.0,1,1,64.641884,55,Replayed,9.0
-5.0,0.0,1,0,49.389275,55,Replayed,5.0
1.0,0.0,1,1,55.199318,55,Replayed,1.0
-38.0,1.0,-1,1,87.109604,55,Replayed,38.0
-1.0,0.0,1,0,53.23149,55,Replayed,1.0
1.0,-1.0,-1,0,43.8778,55,Replayed,1.0
1.0,-1.0,1,1,56.484245,55,Replayed,1.0
-1.0,-1.0,1,0,53.716774,55,Replayed,1.0
-1.0,-1.0,1,0,52.398647,55,Replayed,1.0
1.0,0.0,-1,0,43.64387,55,Replayed,1.0
-3.0,0.0,1,0,51.499207,55,Replayed,3.0
-1.0,-1.0,1,0,52.7583,55,Replayed,1.0
-3.0,-1.0,1,0,51.555546,55,Replayed,3.0
9.0,1.0,1,1,67.36615,55,Replayed,9.0
5.0,-1.0,1,1,60.460533,55,Replayed,5.0
-38.0,0.0,-1,1,85.98692,55,Replayed,38.0
-9.0,-1.0,1,0,46.20144,55,Replayed,9.0
-5.0,1.0,1,0,49.1801,55,Replayed,5.0
9.0,-1.0,1,1,63.66046,55,Replayed,9.0
9.0,-1.0,1,1,63.863297,55,Replayed,9.0
-5.0,0.0,1,0,50.167934,55,Replayed,5.0
-5.0,0.0,-1,1,50.125683,55,Replayed,5.0
-5.0,-1.0,1,0,49.420185,55,Replayed,5.0
3.0,0.0,1,1,58.559948,55,Replayed,3.0
-38.0,-1.0,-1,1,84.71167,55,Replayed,38.0
-9.0,-1.0,1,0,46.43467,55,Replayed,9.0
-1.0,0.0,1,0,54.148567,55,Replayed,1.0
-1.0,0.0,1,0,53.612076,55,Replayed,1.0
-38.0,0.0,-1,1,86.0472,55,Replayed,38.0
-9.0,1.0,1,0,45.104683,55,Replayed,9.0
5.0,-1.0,-1,0,41.22825,55,Replayed,5.0
38.0,-1.0,1,1,91.99814,55,Replayed,38.0
-38.0,-1.0,-1,1,85.03479,55,Replayed,38.0
-9.0,-1.0,1,0,46.249573,55,Replayed,9.0
-3.0,-1.0,1,0,50.267197,55,Replayed,3.0
-9.0,-1.0,-1,1,53.539318,55,Replayed,9.0
-3.0,1.0,1,0,51.13398,55,Replayed,3.0
9.0,1.0,1,1,65.49049,55,Replayed,9.0
-9.0,0.0,-1,1,55.073994,55,Replayed,9.0
9.0,0.0,1,1,64.548515,55,Replayed,9.0
3.0,1.0,-1,0,41.16427,55,Replayed,3.0
9.0,1.0,1,1,65.074036,55,Replayed,9.0
38.0,-1.0,1,1,92.13304,55,Replayed,38.0
38.0,-1.0,1,1,92.78105,55,Replayed,38.0
9.0,-1.0,-1,0,35.665783,55,Replayed,9.0
1.0,1.0,1,1,57.47745,55,Replayed,1.0
-3.0,1.0,-1,1,48.28898,55,Replayed,3.0
-38.0,1.0,-1,1,87.57629,55,Replayed,38.0
-5.0,0.0,-1,1,50.737717,55,Replayed,5.0
38.0,1.0,1,1,93.58069,55,Replayed,38.0
-9.0,1.0,-1,1,55.723827,55,Replayed,9.0
3.0,-1.0,1,1,57.4609,55,Replayed,3.0
5.0,-1.0,1,1,60.540623,55,Replayed,5.0
-5.0,0.0,-1,1,50.468594,55,Replayed,5.0
9.0,0.0,-1,0,35.028637,55,Replayed,9.0
-3.0,1.0,-1,1,49.137394,55,Replayed,3.0
38.0,1.0,1,1,92.98189,55,Replayed,38.0
3.0,-1.0,1,1,57.740124,55,Replayed,3.0
-1.0,0.0,1,0,53.889664,55,Replayed,1.0
38.0,-1.0,1,1,92.72433,55,Replayed,38.0
3.0,-1.0,1,1,57.323177,55,Replayed,3.0
-9.0,-1.0,-1,1,54.328568,55,Replayed,9.0
-9.0,-1.0,-1,1,54.321384,55,Replayed,9.0
1.0,-1.0,1,1,55.217457,55,Replayed,1.0
-5.0,1.0,-1,1,51.53705,55,Replayed,5.0
1.0,-1.0,-1,0,44.273346,55,Replayed,1.0
-5.0,1.0,1,0,48.769497,55,Replayed,5.0
-1.0,-1.0,1,0,53.97939,55,Replayed,1.0
-3.0,1.0,-1,1,48.680157,55,Replayed,3.0
1.0,-1.0,1,1,55.29163,55,Replayed,1.0
3.0,1.0,1,1,59.381912,55,Replayed,3.0
-5.0,0.0,-1,1,51.55169,55,Replayed,5.0
-5.0,1.0,1,0,48.6741,55,Replayed,5.0
-38.0,1.0,-1,1,87.69472,55,Replayed,38.0
1.0,0.0,1,1,57.253574,55,Replayed,1.0
1.0,0.0,1,1,55.776035,55,Replayed,1.0
-3.0,-1.0,-1,1,48.46394,55,Replayed,3.0
5.0,1.0,1,1,61.21158,55,Replayed,5.0
1.0,0.0,1,1,55.80309,55,Replayed,1.0
-3.0,1.0,1,0,50.702564,55,Replayed,3.0
-3.0,-1.0,-1,1,47.9571,55,Replayed,3.0
-1.0,-1.0,-1,1,46.578194,55,Replayed,1.0
-3.0,-1.0,1,0,50.74981,55,Replayed,3.0
3.0,-1.0,1,1,58.047157,55,Replayed,3.0
3.0,0.0,1,1,59.020496,55,Replayed,3.0
-38.0,0.0,-1,1,86.28586,55,Replayed,38.0
5.0,1.0,1,1,62.591213,55,Replayed,5.0
-9.0,0.0,-1,1,54.41891,55,Replayed,9.0
-38.0,0.0,-1,1,85.83307,55,Replayed,38.0
-3.0,0.0,-1,1,47.75797,55,Replayed,3.0
-38.0,1.0,-1,1,87.58952,55,Replayed,38.0
-5.0,1.0,1,0,48.804676,55,Replayed,5.0
3.0,1.0,1,1,58.72565,55,Replayed,3.0
-9.0,1.0,-1,1,54.74357,55,Replayed,9.0
-5.0,1.0,1,0,49.235115,55,Replayed,5.0
-1.0,1.0,-1,1,46.69403,55,Replayed,1.0
-38.0,1.0,-1,1,87.358215,55,Replayed,38.0
9.0,1.0,1,1,65.80977,55,Replayed,9.0
38.0,0.0,1,1,93.20639,55,Replayed,38.0
-38.0,0.0,-1,1,86.75792,55,Replayed,38.0
-9.0,1.0,-1,1,54.76838,55,Replayed,9.0
5.0,0.0,1,1,60.046703,55,Replayed,5.0
-38.0,1.0,-1,1,87.17512,55,Replayed,38.0
-9.0,0.0,-1,1,54.0591,55,Replayed,9.0
-3.0,0.0,1,0,50.39341,55,Replayed,3.0
-1.0,0.0,1,0,53.54535,55,Replayed,1.0
9.0,1.0,1,1,65.972534,55,Replayed,9.0
9.0,1.0,1,1,66.36907,55,Replayed,9.0
-38.0,-1.0,-1,1,84.09297,55,Replayed,38.0
38.0,-1.0,1,1,92.388756,55,Replayed,38.0
38.0,1.0,1,1,93.378685,55,Replayed,38.0
-3.0,-1.0,1,0,51.371925,55,Replayed,3.0
1.0,0.0,1,1,56.875904,55,Replayed,1.0
5.0,1.0,1,1,62.122387,55,Replayed,5.0
3.0,1.0,1,1,60.141247,55,Replayed,3.0
-38.0,0.0,-1,1,85.900406,55,Replayed,38.0
1.0,1.0,1,1,56.253475,55,Replayed,1.0
9.0,0.0,-1,0,35.16778,55,Replayed,9.0
-38.0,-1.0,-1,1,84.733185,55,Replayed,38.0
1.0,1.0,1,1,56.75969,55,Replayed,1.0
-5.0,-1.0,1,0,49.450264,55,Replayed,5.0
1.0,0.0,1,1,55.87648,55,Replayed,1.0
38.0,0.0,1,1,93.03074,55,Replayed,38.0
38.0,0.0,1,1,92.60713,55,Replayed,38.0
-3.0,-1.0,-1,1,56.79157,56,Replayed,3.0
9.0,-1.0,1,1,75.73854,56,Replayed,9.0
3.0,-1.0,1,1,62.261147,56,Replayed,3.0
5.0,0.0,-1,0,34.795303,56,Replayed,5.0
38.0,-1.0,1,1,99.84982,56,Replayed,38.0
-1.0,1.0,1,0,50.079258,56,Replayed,1.0
9.0,0.0,-1,0,25.960037,56,Replayed,9.0
-3.0,1.0,1,0,43.54122,56,Replayed,3.0
5.0,1.0,-1,0,33.819927,56,Replayed,5.0
38.0,1.0,1,1,99.79723,56,Replayed,38.0
9.0,-1.0,1,1,76.73263,56,Replayed,9.0
-9.0,1.0,1,0,27.627367,56,Replayed,9.0
3.0,0.0,-1,0,39.922707,56,Replayed,3.0
5.0,0.0,1,1,65.04237,56,Replayed,5.0
5.0,1.0,-1,0,34.63056,56,Replayed,5.0
-3.0,-1.0,-1,1,57.63323,56,Replayed,3.0
5.0,1.0,1,1,66.3561,56,Replayed,5.0
-38.0,0.0,-1,1,99.7924,56,Replayed,38.0
38.0,1.0,1,1,99.70476,56,Replayed,38.0
-5.0,-1.0,1,0,36.772198,56,Replayed,5.0
5.0,0.0,-1,0,34.078808,56,Replayed,5.0
-38.0,1.0,-1,1,99.839096,56,Replayed,38.0
9.0,0.0,1,1,77.00426,56,Replayed,9.0
1.0,1.0,-1,0,46.682087,56,Replayed,1.0
-38.0,1.0,-1,1,99.69374,56,Replayed,38.0
1.0,0.0,-1,0,45.7524,56,Replayed,1.0
-1.0,1.0,-1,1,50.458683,56,Replayed,1.0
-5.0,-1.0,-1,1,60.83407,56,Replayed,5.0
-1.0,1.0,1,0,49.785797,56,Replayed,1.0
3.0,0.0,-1,0,40.03847,56,Replayed,3.0
9.0,0.0,1,1,76.78573,56,Replayed,9.0
9.0,0.0,1,1,76.43045,56,Replayed,9.0
-3.0,-1.0,-1,1,56.571262,56,Replayed,3.0
38.0,1.0,1,1,99.797844,56,Replayed,38.0
-5.0,0.0,-1,1,62.748085,56,Replayed,5.0
38.0,1.0,1,1,99.89498,56,Replayed,38.0
-1.0,0.0,-1,1,49.285923,56,Replayed,1.0
-1.0,1.0,-1,1,51.292603,56,Replayed,1.0
-5.0,1.0,-1,1,61.931843,56,Replayed,5.0
38.0,1.0,1,1,99.75111,56,Replayed,38.0
3.0,0.0,-1,0,40.173916,56,Replayed,3.0
3.0,0.0,1,1,61.735046,56,Replayed,3.0
-3.0,1.0,1,0,43.176956,56,Replayed,3.0
9.0,0.0,1,1,74.002075,56,Replayed,9.0
-1.0,-1.0,-1,1,50.999306,56,Replayed,1.0
9.0,-1.0,1,1,75.56166,56,Replayed,9.0
-1.0,0.0,1,0,48.153725,56,Replayed,1.0
-38.0,-1.0,-1,1,99.74414,56,Replayed,38.0
9.0,-1.0,1,1,76.26153,56,Replayed,9.0
-5.0,0.0,1,0,37.20836,56,Replayed,5.0
-9.0,0.0,1,0,26.756197,56,Replayed,9.0
-1.0,0.0,-1,1,50.600136,56,Replayed,1.0
-3.0,0.0,1,0,42.773323,56,Replayed,3.0
5.0,1.0,1,1,65.89466,56,Replayed,5.0
9.0,1.0,1,1,75.71783,56,Replayed,9.0
1.0,1.0,1,1,54.196327,56,Replayed,1.0
-3.0,1.0,-1,1,56.0272,56,Replayed,3.0
-3.0,1.0,1,0,41.798477,56,Replayed,3.0
-5.0,1.0,1,0,36.944233,56,Replayed,5.0
5.0,1.0,1,1,64.923325,56,Replayed,5.0
1.0,-1.0,-1,0,45.360718,56,Replayed,1.0
-38.0,0.0,-1,1,99.695435,56,Replayed,38.0
-9.0,-1.0,-1,1,74.483795,56,Replayed,9.0
-5.0,1.0,-1,1,61.377083,56,Replayed,5.0
-1.0,-1.0,1,0,48.60857,56,Replayed,1.0
-38.0,1.0,-1,1,99.89532,56,Replayed,38.0
-38.0,-1.0,-1,1,99.596634,56,Replayed,38.0
-5.0,-1.0,-1,1,61.13596,56,Replayed,5.0
3.0,1.0,1,1,60.462612,56,Replayed,3.0
-3.0,-1.0,1,0,42.60724,56,Replayed,3.0
9.0,-1.0,1,1,77.89975,56,Replayed,9.0
3.0,1.0,-1,0,39.433426,56,Replayed,3.0
-9.0,1.0,-1,1,73.3655,56,Replayed,9.0
3.0,-1.0,1,1,59.66213,56,Replayed,3.0
1.0,-1.0,-1,0,45.93037,56,Replayed,1.0
-38.0,0.0,-1,1,99.78925,56,Replayed,38.0
3.0,-1.0,-1,0,39.6115,56,Replayed,3.0
9.0,0.0,-1,0,24.655396,56,Replayed,9.0
5.0,0.0,-1,0,33.369408,56,Replayed,5.0
3.0,-1.0,-1,0,38.246197,56,Replayed,3.0
-5.0,1.0,-1,1,63.597023,56,Replayed,5.0
-9.0,-1.0,-1,1,72.86999,56,Replayed,9.0
38.0,1.0,1,1,99.80254,56,Replayed,38.0
5.0,-1.0,1,1,66.94436,56,Replayed,5.0
-9.0,-1.0,-1,1,72.72143,56,Replayed,9.0
-1.0,0.0,1,0,48.813595,56,Replayed,1.0
3.0,-1.0,-1,0,41.67548,56,Replayed,3.0
-9.0,1.0,-1,1,73.35735,56,Replayed,9.0
-38.0,0.0,-1,1,99.69209,56,Replayed,38.0
1.0,-1.0,1,1,54.862583,56,Replayed,1.0
5.0,0.0,1,1,64.81479,56,Replayed,5.0
38.0,-1.0,1,1,99.7496,56,Replayed,38.0
38.0,0.0,1,1,99.80133,56,Replayed,38.0
-5.0,-1.0,-1,1,61.972363,56,Replayed,5.0
-5.0,0.0,1,0,37.56204,56,Replayed,5.0
-9.0,-1.0,-1,1,75.0374,56,Replayed,9.0
-3.0,1.0,-1,1,58.697594,56,Replayed,3.0
5.0,0.0,1,1,66.69112,56,Replayed,5.0
-38.0,-1.0,-1,1,99.59688,56,Replayed,38.0
-1.0,-1.0,-1,1,51.325653,56,Replayed,1.0
3.0,1.0,-1,0,39.259434,56,Replayed,3.0
3.0,1.0,1,1,61.168922,56,Replayed,3.0
9.0,1.0,1,1,75.85576,56,Replayed,9.0
5.0,1.0,1,1,66.49709,56,Replayed,5.0
-3.0,-1.0,-1,1,56.642365,56,Replayed,3.0
38.0,0.0,1,1,99.70214,56,Replayed,38.0
-38.0,0.0,-1,1,99.59799,56,Replayed,38.0
9.0,1.0,1,1,75.393005,56,Replayed,9.0
-5.0,1.0,1,0,37.17564,56,Replayed,5.0
1.0,-1.0,1,1,54.60027,56,Replayed,1.0
-3.0,-1.0,1,0,44.42792,56,Replayed,3.0
5.0,-1.0,1,1,67.015015,56,Replayed,5.0
-5.0,-1.0,-1,1,60.5635,56,Replayed,5.0
-5.0,1.0,1,0,38.54773,56,Replayed,5.0
3.0,0.0,1,1,60.425587,56,Replayed,3.0
3.0,-1.0,-1,0,39.658966,56,Replayed,3.0
-9.0,0.0,1,0,28.119581,56,Replayed,9.0
-9.0,1.0,-1,1,72.554245,56,Replayed,9.0
-3.0,-1.0,-1,1,58.021294,56,Replayed,3.0
-38.0,-1.0,-1,1,99.74164,56,Replayed,38.0
-38.0,-1.0,-1,1,99.79533,56,Replayed,38.0
-38.0,1.0,-1,1,99.84688,56,Replayed,38.0
38.0,0.0,1,1,99.746475,56,Replayed,38.0
5.0,-1.0,-1,0,32.244633,56,Replayed,5.0
1.0,-1.0,1,1,56.260883,56,Replayed,1.0
1.0,1.0,-1,0,43.470734,56,Replayed,1.0
-38.0,-1.0,-1,1,99.74038,56,Replayed,38.0
-1.0,0.0,1,0,49.751484,56,Replayed,1.0
-1.0,1.0,1,0,50.23138,56,Replayed,1.0
-38.0,0.0,-1,1,99.59347,56,Replayed,38.0
38.0,0.0,1,1,99.79753,56,Replayed,38.0
1.0,0.0,1,1,56.411945,56,Replayed,1.0
5.0,0.0,1,1,65.67613,56,Replayed,5.0
38.0,0.0,1,1,99.84237,56,Replayed,38.0
-5.0,0.0,-1,1,63.88698,56,Replayed,5.0
-5.0,0.0,-1,1,61.813362,56,Replayed,5.0
1.0,-1.0,-1,0,45.056763,56,Replayed,1.0
-1.0,-1.0,1,0,48.47713,56,Replayed,1.0
38.0,1.0,1,1,99.89949,56,Replayed,38.0
-5.0,-1.0,-1,1,61.38215,56,Replayed,5.0
-1.0,1.0,1,0,49.420918,56,Replayed,1.0
-3.0,1.0,1,0,44.664917,56,Replayed,3.0
3.0,0.0,1,1,58.97666,56,Replayed,3.0
9.0,1.0,-1,0,23.474508,56,Replayed,9.0
1.0,-1.0,1,1,55.85746,56,Replayed,1.0
-9.0,-1.0,1,0,26.988865,56,Replayed,9.0
5.0,0.0,-1,0,33.448105,56,Replayed,5.0
9.0,-1.0,1,1,74.9823,56,Replayed,9.0
1.0,0.0,-1,0,46.36895,56,Replayed,1.0
38.0,-1.0,1,1,99.85023,56,Replayed,38.0
38.0,-1.0,1,1,99.65222,56,Replayed,38.0
-3.0,0.0,-1,1,57.04721,56,Replayed,3.0
1.0,1.0,-1,0,45.444946,56,Replayed,1.0
3.0,0.0,-1,0,39.308655,56,Replayed,3.0
-9.0,-1.0,-1,1,71.96963,56,Replayed,9.0
-9.0,1.0,-1,1,73.876625,56,Replayed,9.0
-1.0,-1.0,1,0,49.18061,56,Replayed,1.0
-3.0,0.0,1,0,43.142296,56,Replayed,3.0
-3.0,1.0,1,0,42.9073,56,Replayed,3.0
-1.0,1.0,-1,1,50.83228,56,Replayed,1.0
1.0,1.0,1,1,53.839092,56,Replayed,1.0
-9.0,1.0,-1,1,73.188095,56,Replayed,9.0
-38.0,1.0,-1,1,99.63989,56,Replayed,38.0
-9.0,0.0,-1,1,73.3559,56,Replayed,9.0
1.0,0.0,-1,0,45.731335,56,Replayed,1.0
38.0,-1.0,1,1,99.80261,56,Replayed,38.0
1.0,0.0,1,1,53.91835,56,Replayed,1.0
-5.0,0.0,1,0,39.55242,56,Replayed,5.0
-3.0,0.0,1,0,43.362465,56,Replayed,3.0
-38.0,1.0,-1,1,99.74212,56,Replayed,38.0
-5.0,1.0,1,0,36.492504,56,Replayed,5.0
1.0,-1.0,-1,0,45.446445,56,Replayed,1.0
-5.0,-1.0,-1,1,60.995926,56,Replayed,5.0
5.0,1.0,-1,0,32.809746,56,Replayed,5.0
-38.0,1.0,-1,1,99.94617,56,Replayed,38.0
-9.0,-1.0,1,0,25.674667,56,Replayed,9.0
-1.0,-1.0,-1,1,51.09433,56,Replayed,1.0
-9.0,0.0,-1,1,72.389534,56,Replayed,9.0
9.0,0.0,1,1,76.807594,56,Replayed,9.0
9.0,1.0,1,1,75.408585,56,Replayed,9.0
9.0,-1.0,1,1,75.58887,56,Replayed,9.0
-1.0,0.0,-1,1,51.679398,56,Replayed,1.0
-3.0,0.0,-1,1,57.807934,56,Replayed,3.0
-1.0,-1.0,1,0,47.30286,56,Replayed,1.0
-9.0,-1.0,-1,1,72.81791,56,Replayed,9.0
38.0,1.0,1,1,99.80442,56,Replayed,38.0
38.0,-1.0,1,1,99.80319,56,Replayed,38.0
3.0,-1.0,-1,0,39.09392,56,Replayed,3.0
5.0,-1.0,-1,0,32.754578,56,Replayed,5.0
38.0,-1.0,1,1,99.79814,56,Replayed,38.0
1.0,1.0,-1,0,45.81553,56,Replayed,1.0
9.0,1.0,1,1,76.32681,56,Replayed,9.0
-38.0,-1.0,-1,1,99.84079,56,Replayed,38.0
3.0,1.0,1,1,61.315174,56,Replayed,3.0
1.0,0.0,1,1,57.222103,56,Replayed,1.0
-5.0,1.0,1,0,40.662968,56,Replayed,5.0
-9.0,0.0,-1,1,72.789894,56,Replayed,9.0
-9.0,0.0,1,0,26.240805,56,Replayed,9.0
5.0,-1.0,-1,0,34.740105,56,Replayed,5.0
3.0,0.0,-1,0,38.94799,56,Replayed,3.0
-1.0,-1.0,-1,1,50.31912,56,Replayed,1.0
-3.0,0.0,-1,1,57.38587,56,Replayed,3.0
-3.0,-1.0,-1,1,57.60948,56,Replayed,3.0
-38.0,0.0,-1,1,99.68804,56,Replayed,38.0
-1.0,1.0,1,0,50.901623,56,Replayed,1.0
-3.0,1.0,1,0,44.534275,56,Replayed,3.0
-9.0,1.0,-1,1,73.6842,56,Replayed,9.0
-9.0,0.0,-1,1,71.60803,56,Replayed,9.0
-5.0,0.0,1,0,37.07816,56,Replayed,5.0
-5.0,0.0,1,0,37.258236,56,Replayed,5.0
-1.0,0.0,1,0,49.126026,56,Replayed,1.0
-38.0,1.0,-1,1,99.692566,56,Replayed,38.0
38.0,0.0,1,1,99.9453,56,Replayed,38.0
5.0,-1.0,1,1,65.72489,56,Replayed,5.0
3.0,-1.0,1,1,60.984142,56,Replayed,3.0
1.0,0.0,1,1,55.813694,56,Replayed,1.0
9.0,1.0,1,1,76.99831,56,Replayed,9.0
1.0,0.0,-1,0,45.237415,56,Replayed,1.0
-38.0,-1.0,-1,1,99.454,56,Replayed,38.0
-1.0,0.0,1,0,48.98759,56,Replayed,1.0
3.0,1.0,1,1,61.005222,56,Replayed,3.0
5.0,1.0,1,1,65.88551,56,Replayed,5.0
9.0,1.0,1,1,74.669815,56,Replayed,9.0
-3.0,0.0,-1,1,56.2001,56,Replayed,3.0
-38.0,0.0,-1,1,99.901695,56,Replayed,38.0
9.0,0.0,1,1,75.334755,56,Replayed,9.0
1.0,1.0,1,1,55.669636,56,Replayed,1.0
-9.0,1.0,-1,1,71.133545,56,Replayed,9.0
3.0,1.0,1,1,59.139015,56,Replayed,3.0
5.0,-1.0,1,1,64.712975,56,Replayed,5.0
3.0,1.0,1,1,60.39092,56,Replayed,3.0
5.0,-1.0,1,1,65.23906,56,Replayed,5.0
9.0,-1.0,1,1,75.202194,56,Replayed,9.0
-5.0,-1.0,-1,1,63.8462,56,Replayed,5.0
1.0,1.0,-1,0,44.93688,56,Replayed,1.0
38.0,0.0,1,1,99.850044,56,Replayed,38.0
-3.0,0.0,-1,1,56.23149,56,Replayed,3.0
-9.0,0.0,1,0,27.723724,56,Replayed,9.0
3.0,1.0,1,1,52.029747,57,Replayed,3.0
3.0,-1.0,1,1,51.8964,57,Replayed,3.0
3.0,-1.0,1,1,51.565224,57,Replayed,3.0
1.0,-1.0,-1,0,49.3741,57,Replayed,1.0
-5.0,1.0,-1,1,51.663815,57,Replayed,5.0
-9.0,1.0,-1,1,52.945988,57,Replayed,9.0
-9.0,1.0,-1,1,52.01264,57,Replayed,9.0
9.0,0.0,1,1,54.516113,57,Replayed,9.0
5.0,1.0,-1,0,48.598312,57,Replayed,5.0
5.0,1.0,1,1,52.18241,57,Replayed,5.0
-5.0,1.0,-1,1,50.625492,57,Replayed,5.0
-1.0,0.0,-1,1,50.5483,57,Replayed,1.0
3.0,0.0,-1,0,48.599884,57,Replayed,3.0
-1.0,1.0,1,0,50.222755,57,Replayed,1.0
-3.0,1.0,-1,1,50.915657,57,Replayed,3.0
38.0,-1.0,1,1,78.36068,57,Replayed,38.0
5.0,0.0,1,1,52.412403,57,Replayed,5.0
-9.0,1.0,-1,1,52.47096,57,Replayed,9.0
-9.0,-1.0,-1,1,53.49061,57,Replayed,9.0
38.0,0.0,1,1,76.29262,57,Replayed,38.0
9.0,-1.0,1,1,54.420937,57,Replayed,9.0
9.0,-1.0,1,1,55.26729,57,Replayed,9.0
5.0,0.0,1,1,52.570065,57,Replayed,5.0
3.0,1.0,1,1,50.43906,57,Replayed,3.0
38.0,-1.0,1,1,77.968544,57,Replayed,38.0
9.0,-1.0,1,1,54.44661,57,Replayed,9.0
-38.0,0.0,-1,1,74.221436,57,Replayed,38.0
-1.0,0.0,1,0,50.515144,57,Replayed,1.0
-1.0,1.0,-1,1,48.932823,57,Replayed,1.0
-5.0,-1.0,-1,1,51.65204,57,Replayed,5.0
1.0,-1.0,1,1,51.6047,57,Replayed,1.0
-3.0,0.0,-1,1,50.225986,57,Replayed,3.0
3.0,-1.0,1,1,52.064575,57,Replayed,3.0
3.0,-1.0,1,1,51.937874,57,Replayed,3.0
9.0,0.0,1,1,53.746353,57,Replayed,9.0
1.0,0.0,1,1,50.8767,57,Replayed,1.0
38.0,0.0,1,1,75.54355,57,Replayed,38.0
-38.0,0.0,-1,1,74.490036,57,Replayed,38.0
1.0,-1.0,1,1,51.84197,57,Replayed,1.0
-3.0,1.0,1,0,49.18275,57,Replayed,3.0
5.0,1.0,1,1,51.097576,57,Replayed,5.0
-1.0,0.0,-1,1,49.620075,57,Replayed,1.0
3.0,0.0,1,1,52.787674,57,Replayed,3.0
-3.0,1.0,-1,1,50.321625,57,Replayed,3.0
-1.0,-1.0,1,0,49.63415,57,Replayed,1.0
-38.0,0.0,-1,1,74.77628,57,Replayed,38.0
-3.0,-1.0,1,0,48.932507,57,Replayed,3.0
1.0,-1.0,-1,0,49.746067,57,Replayed,1.0
38.0,0.0,1,1,76.14271,57,Replayed,38.0
3.0,-1.0,1,1,50.80952,57,Replayed,3.0
9.0,0.0,1,1,54.296684,57,Replayed,9.0
5.0,1.0,1,1,51.631004,57,Replayed,5.0
-5.0,1.0,1,0,48.751446,57,Replayed,5.0
38.0,-1.0,1,1,77.97063,57,Replayed,38.0
1.0,0.0,1,1,49.93097,57,Replayed,1.0
3.0,0.0,-1,0,47.725727,57,Replayed,3.0
-9.0,1.0,1,0,48.74989,57,Replayed,9.0
5.0,0.0,1,1,52.064014,57,Replayed,5.0
1.0,1.0,1,1,50.419914,57,Replayed,1.0
5.0,1.0,1,1,51.68606,57,Replayed,5.0
1.0,1.0,1,1,51.51425,57,Replayed,1.0
-38.0,-1.0,-1,1,76.838615,57,Replayed,38.0
-38.0,0.0,-1,1,74.79021,57,Replayed,38.0
38.0,0.0,1,1,75.28136,57,Replayed,38.0
-5.0,0.0,-1,1,51.675106,57,Replayed,5.0
-3.0,-1.0,-1,1,51.253586,57,Replayed,3.0
38.0,-1.0,1,1,78.35541,57,Replayed,38.0
38.0,0.0,1,1,77.17868,57,Replayed,38.0
-38.0,0.0,-1,1,73.6786,57,Replayed,38.0
-38.0,1.0,-1,1,72.869896,57,Replayed,38.0
-38.0,1.0,-1,1,72.199234,57,Replayed,38.0
-5.0,0.0,-1,1,52.305096,57,Replayed,5.0
-3.0,1.0,-1,1,50.05348,57,Replayed,3.0
1.0,1.0,-1,0,49.96806,57,Replayed,1.0
-1.0,-1.0,-1,1,50.483078,57,Replayed,1.0
-38.0,1.0,-1,1,72.637405,57,Replayed,38.0
3.0,1.0,1,1,50.93563,57,Replayed,3.0
1.0,0.0,-1,0,48.81858,57,Replayed,1.0
-38.0,1.0,-1,1,72.03164,57,Replayed,38.0
-3.0,0.0,1,0,48.583717,57,Replayed,3.0
-5.0,1.0,1,0,50.213207,57,Replayed,5.0
-9.0,1.0,-1,1,52.77246,57,Replayed,9.0
-1.0,1.0,1,0,49.55583,57,Replayed,1.0
38.0,1.0,1,1,73.323784,57,Replayed,38.0
-5.0,-1.0,1,0,48.781116,57,Replayed,5.0
-9.0,1.0,-1,1,52.606155,57,Replayed,9.0
5.0,-1.0,-1,0,47.292446,57,Replayed,5.0
-9.0,-1.0,-1,1,53.445328,57,Replayed,9.0
-5.0,0.0,-1,1,51.82401,57,Replayed,5.0
9.0,-1.0,1,1,54.888065,57,Replayed,9.0
-3.0,0.0,1,0,49.355667,57,Replayed,3.0
-3.0,1.0,-1,1,50.860542,57,Replayed,3.0
3.0,0.0,-1,0,48.994965,57,Replayed,3.0
5.0,1.0,1,1,51.97531,57,Replayed,5.0
-3.0,-1.0,1,0,48.621807,57,Replayed,3.0
-1.0,-1.0,1,0,49.55937,57,Replayed,1.0
-1.0,0.0,-1,1,49.792873,57,Replayed,1.0
-3.0,1.0,-1,1,50.467266,57,Replayed,3.0
-3.0,-1.0,1,0,48.923798,57,Replayed,3.0
-38.0,1.0,-1,1,72.74966,57,Replayed,38.0
-5.0,0.0,1,0,49.21997,57,Replayed,5.0
-1.0,-1.0,-1,1,49.987568,57,Replayed,1.0
9.0,1.0,1,1,53.390854,57,Replayed,9.0
1.0,1.0,1,1,50.752693,57,Replayed,1.0
1.0,1.0,-1,0,49.906754,57,Replayed,1.0
3.0,0.0,1,1,51.432236,57,Replayed,3.0
38.0,0.0,1,1,75.87464,57,Replayed,38.0
-9.0,-1.0,1,0,45.754208,57,Replayed,9.0
-3.0,1.0,-1,1,50.913395,57,Replayed,3.0
38.0,1.0,1,1,73.65397,57,Replayed,38.0
-3.0,0.0,1,0,48.668297,57,Replayed,3.0
1.0,-1.0,-1,0,50.16099,57,Replayed,1.0
-5.0,0.0,-1,1,51.608814,57,Replayed,5.0
38.0,-1.0,1,1,77.964905,57,Replayed,38.0
-9.0,1.0,-1,1,51.44139,57,Replayed,9.0
9.0,-1.0,1,1,55.473373,57,Replayed,9.0
-1.0,0.0,-1,1,49.803577,57,Replayed,1.0
-9.0,0.0,-1,1,52.512062,57,Replayed,9.0
3.0,1.0,1,1,51.01135,57,Replayed,3.0
9.0,-1.0,-1,0,45.721226,57,Replayed,9.0
-5.0,-1.0,-1,1,52.762268,57,Replayed,5.0
-1.0,0.0,-1,1,49.520508,57,Replayed,1.0
38.0,0.0,1,1,76.03423,57,Replayed,38.0
-9.0,-1.0,-1,1,53.199596,57,Replayed,9.0
5.0,-1.0,1,1,52.820915,57,Replayed,5.0
9.0,1.0,1,1,52.283592,57,Replayed,9.0
38.0,-1.0,1,1,78.21992,57,Replayed,38.0
-9.0,-1.0,1,0,46.07603,57,Replayed,9.0
5.0,1.0,1,1,51.358055,57,Replayed,5.0
-9.0,-1.0,-1,1,54.0765,57,Replayed,9.0
1.0,0.0,1,1,50.84977,57,Replayed,1.0
3.0,-1.0,1,1,51.889885,57,Replayed,3.0
-1.0,1.0,-1,1,50.300877,57,Replayed,1.0
9.0,-1.0,-1,0,45.289577,57,Replayed,9.0
3.0,1.0,1,1,51.025627,57,Replayed,3.0
5.0,0.0,1,1,53.544533,57,Replayed,5.0
-3.0,0.0,1,0,49.147335,57,Replayed,3.0
-3.0,-1.0,-1,1,51.68211,57,Replayed,3.0
-38.0,-1.0,-1,1,75.447655,57,Replayed,38.0
5.0,0.0,1,1,52.58979,57,Replayed,5.0
-9.0,-1.0,-1,1,53.284718,57,Replayed,9.0
5.0,-1.0,1,1,53.69216,57,Replayed,5.0
5.0,-1.0,-1,0,47.271034,57,Replayed,5.0
-1.0,0.0,1,0,50.574398,57,Replayed,1.0
1.0,-1.0,-1,0,49.499275,57,Replayed,1.0
-9.0,0.0,-1,1,51.963223,57,Replayed,9.0
-1.0,1.0,1,0,50.362503,57,Replayed,1.0
1.0,-1.0,1,1,48.848656,57,Replayed,1.0
5.0,-1.0,1,1,53.679077,57,Replayed,5.0
-3.0,0.0,1,0,49.612064,57,Replayed,3.0
-1.0,-1.0,-1,1,50.25727,57,Replayed,1.0
9.0,-1.0,1,1,54.875736,57,Replayed,9.0
9.0,0.0,-1,0,46.419662,57,Replayed,9.0
-1.0,0.0,1,0,50.344807,57,Replayed,1.0
3.0,-1.0,1,1,52.040718,57,Replayed,3.0
5.0,-1.0,1,1,52.83304,57,Replayed,5.0
5.0,0.0,-1,0,46.645218,57,Replayed,5.0
1.0,0.0,-1,0,49.04358,57,Replayed,1.0
9.0,1.0,1,1,52.301674,57,Replayed,9.0
-3.0,0.0,1,0,49.01751,57,Replayed,3.0
3.0,0.0,-1,0,48.274296,57,Replayed,3.0
9.0,0.0,1,1,53.523254,57,Replayed,9.0
3.0,0.0,1,1,51.84701,57,Replayed,3.0
-1.0,1.0,1,0,49.747875,57,Replayed,1.0
38.0,1.0,1,1,74.19222,57,Replayed,38.0
-5.0,0.0,1,0,47.633682,57,Replayed,5.0
-9.0,0.0,-1,1,52.79355,57,Replayed,9.0
5.0,0.0,-1,0,47.471657,57,Replayed,5.0
5.0,-1.0,1,1,52.648415,57,Replayed,5.0
38.0,1.0,1,1,73.84918,57,Replayed,38.0
-5.0,-1.0,-1,1,52.46622,57,Replayed,5.0
-38.0,0.0,-1,1,73.75676,57,Replayed,38.0
1.0,1.0,-1,0,48.953278,57,Replayed,1.0
1.0,-1.0,1,1,51.548405,57,Replayed,1.0
-1.0,-1.0,-1,1,50.264637,57,Replayed,1.0
-9.0,0.0,-1,1,53.002556,57,Replayed,9.0
-5.0,-1.0,-1,1,51.49228,57,Replayed,5.0
-3.0,-1.0,-1,1,51.430214,57,Replayed,3.0
-5.0,1.0,1,0,48.782238,57,Replayed,5.0
9.0,1.0,1,1,52.845947,57,Replayed,9.0
38.0,-1.0,1,1,78.43148,57,Replayed,38.0
38.0,-1.0,-1,0,21.687489,57,Replayed,38.0
-1.0,1.0,-1,1,49.994404,57,Replayed,1.0
9.0,0.0,-1,0,45.654495,57,Replayed,9.0
-38.0,-1.0,-1,1,76.92363,57,Replayed,38.0
3.0,-1.0,1,1,52.05363,57,Replayed,3.0
38.0,0.0,1,1,76.3647,57,Replayed,38.0
-38.0,0.0,-1,1,74.63966,57,Replayed,38.0
-38.0,-1.0,-1,1,76.235054,57,Replayed,38.0
-38.0,-1.0,-1,1,76.154236,57,Replayed,38.0
-3.0,-1.0,1,0,47.711506,57,Replayed,3.0
38.0,1.0,1,1,73.7931,57,Replayed,38.0
3.0,1.0,1,1,51.153152,57,Replayed,3.0
1.0,0.0,-1,0,48.542774,57,Replayed,1.0
1.0,1.0,1,1,51.142277,57,Replayed,1.0
-5.0,1.0,-1,1,51.06486,57,Replayed,5.0
-9.0,0.0,-1,1,52.439247,57,Replayed,9.0
-1.0,-1.0,-1,1,49.27694,57,Replayed,1.0
-3.0,0.0,-1,1,51.209545,57,Replayed,3.0
38.0,1.0,1,1,73.82084,57,Replayed,38.0
9.0,1.0,1,1,53.2275,57,Replayed,9.0
38.0,1.0,1,1,74.54183,57,Replayed,38.0
-5.0,-1.0,-1,1,51.049095,57,Replayed,5.0
1.0,0.0,-1,0,48.606213,57,Replayed,1.0
-38.0,0.0,-1,1,75.63976,57,Replayed,38.0
3.0,1.0,1,1,51.316486,57,Replayed,3.0
5.0,-1.0,1,1,52.56328,57,Replayed,5.0
-3.0,1.0,1,0,49.043976,57,Replayed,3.0
-1.0,1.0,-1,1,50.216984,57,Replayed,1.0
-5.0,1.0,-1,1,50.53058,57,Replayed,5.0
9.0,1.0,1,1,53.204514,57,Replayed,9.0
3.0,1.0,1,1,50.97689,57,Replayed,3.0
-9.0,-1.0,-1,1,52.914673,57,Replayed,9.0
-38.0,1.0,-1,1,71.59923,57,Replayed,38.0
-9.0,0.0,-1,1,52.97047,57,Replayed,9.0
3.0,0.0,1,1,51.009117,57,Replayed,3.0
-38.0,-1.0,-1,1,75.90245,57,Replayed,38.0
-38.0,-1.0,-1,1,76.35758,57,Replayed,38.0
-38.0,-1.0,-1,1,76.83424,57,Replayed,38.0
-5.0,1.0,-1,1,50.665527,57,Replayed,5.0
5.0,1.0,-1,0,48.81688,57,Replayed,5.0
-38.0,1.0,-1,1,72.042046,57,Replayed,38.0
-3.0,-1.0,-1,1,51.5003,57,Replayed,3.0
9.0,1.0,1,1,52.392654,57,Replayed,9.0
1.0,0.0,-1,0,49.59479,57,Replayed,1.0
-9.0,0.0,1,0,46.74119,57,Replayed,9.0
-5.0,-1.0,-1,1,51.732666,57,Replayed,5.0
-9.0,0.0,-1,1,53.289074,57,Replayed,9.0
-9.0,1.0,1,0,48.565975,57,Replayed,9.0
1.0,1.0,1,1,50.03258,57,Replayed,1.0
-5.0,0.0,-1,1,51.117355,57,Replayed,5.0
9.0,0.0,1,1,54.03811,57,Replayed,9.0
-1.0,-1.0,-1,1,51.0495,57,Replayed,1.0
-38.0,1.0,-1,1,72.27805,57,Replayed,38.0
9.0,0.0,1,1,54.135727,57,Replayed,9.0
5.0,0.0,1,1,52.711624,57,Replayed,5.0
-5.0,0.0,1,0,48.002197,57,Replayed,5.0
5.0,1.0,-1,0,38.861115,58,Replayed,5.0
-1.0,-1.0,-1,1,51.77943,58,Replayed,1.0
-9.0,0.0,-1,1,67.50437,58,Replayed,9.0
38.0,-1.0,1,1,97.98117,58,Replayed,38.0
-38.0,1.0,-1,1,97.5353,58,Replayed,38.0
5.0,1.0,1,1,60.504055,58,Replayed,5.0
-38.0,1.0,-1,1,97.49925,58,Replayed,38.0
-3.0,0.0,1,0,43.385986,58,Replayed,3.0
-9.0,1.0,-1,1,66.85003,58,Replayed,9.0
9.0,0.0,1,1,69.201965,58,Replayed,9.0
1.0,0.0,-1,0,47.03005,58,Replayed,1.0
5.0,1.0,-1,0,39.560776,58,Replayed,5.0
-38.0,0.0,-1,1,97.62473,58,Replayed,38.0
-9.0,1.0,-1,1,66.03213,58,Replayed,9.0
5.0,0.0,1,1,61.397724,58,Replayed,5.0
-5.0,1.0,-1,1,58.551544,58,Replayed,5.0
5.0,1.0,1,1,60.167747,58,Replayed,5.0
3.0,0.0,1,1,57.586716,58,Replayed,3.0
-38.0,1.0,-1,1,97.45714,58,Replayed,38.0
38.0,0.0,1,1,97.94795,58,Replayed,38.0
-3.0,0.0,-1,1,54.897163,58,Replayed,3.0
5.0,0.0,-1,0,38.755486,58,Replayed,5.0
3.0,1.0,1,1,57.16018,58,Replayed,3.0
9.0,0.0,1,1,68.59999,58,Replayed,9.0
-9.0,-1.0,-1,1,67.902,58,Replayed,9.0
-5.0,-1.0,-1,1,60.0505,58,Replayed,5.0
-3.0,-1.0,1,0,44.286976,58,Replayed,3.0
-38.0,0.0,-1,1,97.563866,58,Replayed,38.0
-9.0,1.0,-1,1,65.118324,58,Replayed,9.0
1.0,1.0,1,1,52.234226,58,Replayed,1.0
38.0,1.0,1,1,97.73502,58,Replayed,38.0
3.0,0.0,1,1,57.368744,58,Replayed,3.0
-1.0,1.0,-1,1,50.97192,58,Replayed,1.0
-5.0,0.0,-1,1,59.911366,58,Replayed,5.0
3.0,-1.0,-1,0,43.07078,58,Replayed,3.0
-38.0,1.0,-1,1,97.49542,58,Replayed,38.0
3.0,1.0,-1,0,43.428864,58,Replayed,3.0
5.0,1.0,1,1,60.96523,58,Replayed,5.0
9.0,0.0,1,1,68.79303,58,Replayed,9.0
5.0,0.0,1,1,60.655064,58,Replayed,5.0
9.0,-1.0,1,1,68.97481,58,Replayed,9.0
-5.0,0.0,-1,1,59.857285,58,Replayed,5.0
-9.0,0.0,-1,1,67.69119,58,Replayed,9.0
3.0,0.0,-1,0,43.42064,58,Replayed,3.0
-9.0,0.0,-1,1,66.94754,58,Replayed,9.0
-5.0,1.0,-1,1,58.57444,58,Replayed,5.0
38.0,-1.0,1,1,98.083176,58,Replayed,38.0
-38.0,0.0,-1,1,97.78371,58,Replayed,38.0
1.0,0.0,1,1,52.539806,58,Replayed,1.0
3.0,1.0,1,1,56.96326,58,Replayed,3.0
-9.0,-1.0,1,0,31.904823,58,Replayed,9.0
3.0,0.0,-1,0,43.165752,58,Replayed,3.0
-9.0,1.0,1,0,33.48384,58,Replayed,9.0
-1.0,1.0,-1,1,51.76565,58,Replayed,1.0
-1.0,-1.0,-1,1,51.351173,58,Replayed,1.0
-9.0,-1.0,-1,1,67.886925,58,Replayed,9.0
-38.0,-1.0,-1,1,97.923874,58,Replayed,38.0
5.0,0.0,-1,0,39.513817,58,Replayed,5.0
1.0,-1.0,-1,0,46.4,58,Replayed,1.0
9.0,1.0,1,1,67.96203,58,Replayed,9.0
5.0,-1.0,1,1,62.06099,58,Replayed,5.0
1.0,1.0,-1,0,47.124596,58,Replayed,1.0
-1.0,-1.0,-1,1,51.90578,58,Replayed,1.0
38.0,0.0,1,1,97.97665,58,Replayed,38.0
-1.0,1.0,-1,1,50.789684,58,Replayed,1.0
-9.0,-1.0,-1,1,67.916016,58,Replayed,9.0
-3.0,1.0,-1,1,55.665417,58,Replayed,3.0
3.0,0.0,1,1,57.56247,58,Replayed,3.0
-5.0,-1.0,1,0,40.633533,58,Replayed,5.0
-3.0,0.0,1,0,44.480003,58,Replayed,3.0
-5.0,1.0,-1,1,58.729656,58,Replayed,5.0
-38.0,0.0,-1,1,97.66432,58,Replayed,38.0
38.0,1.0,1,1,97.747185,58,Replayed,38.0
-5.0,0.0,-1,1,59.749413,58,Replayed,5.0
-9.0,1.0,1,0,32.71273,58,Replayed,9.0
3.0,0.0,1,1,57.226295,58,Replayed,3.0
-1.0,0.0,1,0,48.925835,58,Replayed,1.0
38.0,1.0,1,1,97.69035,58,Replayed,38.0
1.0,1.0,1,1,53.152233,58,Replayed,1.0
38.0,-1.0,1,1,98.140015,58,Replayed,38.0
-1.0,0.0,1,0,49.177837,58,Replayed,1.0
-3.0,1.0,-1,1,54.556625,58,Replayed,3.0
-3.0,-1.0,-1,1,55.860455,58,Replayed,3.0
5.0,-1.0,1,1,61.209793,58,Replayed,5.0
9.0,1.0,1,1,67.61977,58,Replayed,9.0
-1.0,-1.0,-1,1,52.141983,58,Replayed,1.0
-9.0,1.0,1,0,33.437428,58,Replayed,9.0
38.0,1.0,1,1,97.59847,58,Replayed,38.0
1.0,1.0,-1,0,47.33484,58,Replayed,1.0
3.0,-1.0,-1,0,42.695053,58,Replayed,3.0
-1.0,0.0,1,0,48.67088,58,Replayed,1.0
1.0,0.0,-1,0,46.930183,58,Replayed,1.0
1.0,-1.0,1,1,53.852123,58,Replayed,1.0
3.0,0.0,1,1,56.26669,58,Replayed,3.0
-3.0,0.0,1,0,44.533325,58,Replayed,3.0
5.0,0.0,1,1,61.137154,58,Replayed,5.0
9.0,1.0,1,1,67.89085,58,Replayed,9.0
-9.0,0.0,-1,1,67.399124,58,Replayed,9.0
5.0,-1.0,-1,0,38.766754,58,Replayed,5.0
-5.0,0.0,-1,1,59.89893,58,Replayed,5.0
1.0,0.0,-1,0,47.110794,58,Replayed,1.0
38.0,-1.0,1,1,98.097206,58,Replayed,38.0
3.0,-1.0,-1,0,43.221386,58,Replayed,3.0
3.0,-1.0,-1,0,42.716183,58,Replayed,3.0
3.0,-1.0,1,1,56.35146,58,Replayed,3.0
-9.0,1.0,-1,1,66.59287,58,Replayed,9.0
9.0,-1.0,1,1,69.12954,58,Replayed,9.0
5.0,1.0,1,1,60.90324,58,Replayed,5.0
38.0,1.0,1,1,97.76198,58,Replayed,38.0
9.0,-1.0,1,1,69.41849,58,Replayed,9.0
1.0,1.0,-1,0,47.89561,58,Replayed,1.0
1.0,-1.0,1,1,53.581993,58,Replayed,1.0
38.0,0.0,1,1,97.991,58,Replayed,38.0
-38.0,1.0,-1,1,97.488365,58,Replayed,38.0
-1.0,0.0,1,0,48.336815,58,Replayed,1.0
-1.0,0.0,1,0,47.766705,58,Replayed,1.0
-1.0,1.0,1,0,48.430103,58,Replayed,1.0
38.0,-1.0,1,1,98.094315,58,Replayed,38.0
-1.0,-1.0,1,0,48.377327,58,Replayed,1.0
38.0,0.0,1,1,98.03087,58,Replayed,38.0
5.0,0.0,1,1,61.012047,58,Replayed,5.0
5.0,0.0,1,1,60.641426,58,Replayed,5.0
-38.0,-1.0,-1,1,97.9047,58,Replayed,38.0
-3.0,1.0,1,0,44.503315,58,Replayed,3.0
9.0,0.0,-1,0,31.07846,58,Replayed,9.0
-9.0,-1.0,-1,1,66.975006,58,Replayed,9.0
-5.0,1.0,-1,1,58.959316,58,Replayed,5.0
-38.0,-1.0,-1,1,97.87239,58,Replayed,38.0
5.0,0.0,-1,0,39.597176,58,Replayed,5.0
1.0,-1.0,1,1,51.786797,58,Replayed,1.0
3.0,-1.0,1,1,56.348877,58,Replayed,3.0
38.0,-1.0,1,1,97.970184,58,Replayed,38.0
-9.0,1.0,-1,1,66.69792,58,Replayed,9.0
-38.0,1.0,-1,1,97.44908,58,Replayed,38.0
-38.0,-1.0,-1,1,97.942665,58,Replayed,38.0
-1.0,-1.0,1,0,48.268936,58,Replayed,1.0
-3.0,0.0,-1,1,56.01322,58,Replayed,3.0
-38.0,0.0,-1,1,97.764694,58,Replayed,38.0
-5.0,0.0,-1,1,59.1417,58,Replayed,5.0
1.0,1.0,1,1,53.312218,58,Replayed,1.0
-5.0,0.0,-1,1,59.929173,58,Replayed,5.0
1.0,-1.0,-1,0,46.718475,58,Replayed,1.0
-1.0,0.0,1,0,48.185314,58,Replayed,1.0
-5.0,0.0,-1,1,59.563744,58,Replayed,5.0
1.0,-1.0,1,1,53.244854,58,Replayed,1.0
-5.0,1.0,-1,1,59.00662,58,Replayed,5.0
9.0,1.0,1,1,68.23424,58,Replayed,9.0
3.0,-1.0,1,1,56.896317,58,Replayed,3.0
1.0,1.0,1,1,52.977554,58,Replayed,1.0
38.0,1.0,1,1,97.78907,58,Replayed,38.0
9.0,1.0,1,1,67.69901,58,Replayed,9.0
9.0,1.0,1,1,67.865944,58,Replayed,9.0
5.0,-1.0,1,1,60.64078,58,Replayed,5.0
38.0,0.0,1,1,97.8657,58,Replayed,38.0
-3.0,-1.0,1,0,44.21705,58,Replayed,3.0
-1.0,-1.0,-1,1,52.100975,58,Replayed,1.0
-38.0,-1.0,-1,1,97.853096,58,Replayed,38.0
3.0,1.0,1,1,57.72859,58,Replayed,3.0
1.0,-1.0,-1,0,47.31961,58,Replayed,1.0
-9.0,-1.0,-1,1,68.15812,58,Replayed,9.0
9.0,0.0,1,1,68.7362,58,Replayed,9.0
1.0,0.0,1,1,52.14994,58,Replayed,1.0
-5.0,-1.0,-1,1,59.164078,58,Replayed,5.0
38.0,0.0,1,1,98.07872,58,Replayed,38.0
38.0,1.0,1,1,97.61325,58,Replayed,38.0
9.0,-1.0,1,1,70.2219,58,Replayed,9.0
-38.0,1.0,-1,1,97.4165,58,Replayed,38.0
38.0,-1.0,1,1,98.1812,58,Replayed,38.0
-9.0,-1.0,-1,1,67.775635,58,Replayed,9.0
3.0,-1.0,1,1,56.60634,58,Replayed,3.0
9.0,0.0,1,1,68.483284,58,Replayed,9.0
5.0,1.0,1,1,60.993862,58,Replayed,5.0
-5.0,-1.0,-1,1,60.215466,58,Replayed,5.0
-3.0,-1.0,1,0,44.629116,58,Replayed,3.0
9.0,0.0,1,1,68.64838,58,Replayed,9.0
1.0,0.0,1,1,53.09164,58,Replayed,1.0
-9.0,0.0,-1,1,66.8668,58,Replayed,9.0
-5.0,-1.0,-1,1,60.421604,58,Replayed,5.0
-5.0,1.0,1,0,40.0996,58,Replayed,5.0
-5.0,1.0,-1,1,58.51304,58,Replayed,5.0
-1.0,-1.0,1,0,49.051125,58,Replayed,1.0
-1.0,0.0,-1,1,51.024353,58,Replayed,1.0
3.0,1.0,1,1,56.361683,58,Replayed,3.0
-1.0,1.0,1,0,48.65504,58,Replayed,1.0
-3.0,1.0,-1,1,55.322178,58,Replayed,3.0
-3.0,0.0,1,0,44.88781,58,Replayed,3.0
1.0,1.0,1,1,52.92479,58,Replayed,1.0
38.0,0.0,1,1,97.76036,58,Replayed,38.0
3.0,1.0,1,1,57.34663,58,Replayed,3.0
38.0,-1.0,1,1,98.04703,58,Replayed,38.0
-9.0,0.0,-1,1,66.50454,58,Replayed,9.0
9.0,-1.0,1,1,68.783775,58,Replayed,9.0
1.0,0.0,1,1,52.645226,58,Replayed,1.0
-9.0,-1.0,-1,1,68.410675,58,Replayed,9.0
-1.0,1.0,-1,1,50.93691,58,Replayed,1.0
-3.0,1.0,1,0,44.289364,58,Replayed,3.0
-5.0,-1.0,1,0,39.87321,58,Replayed,5.0
5.0,-1.0,1,1,61.999355,58,Replayed,5.0
9.0,-1.0,1,1,68.622986,58,Replayed,9.0
5.0,-1.0,1,1,61.36902,58,Replayed,5.0
-38.0,-1.0,-1,1,97.96072,58,Replayed,38.0
-3.0,0.0,-1,1,54.59563,58,Replayed,3.0
-3.0,1.0,-1,1,55.44427,58,Replayed,3.0
9.0,0.0,-1,0,31.218811,58,Replayed,9.0
-1.0,0.0,-1,1,50.06099,58,Replayed,1.0
1.0,-1.0,1,1,53.442173,58,Replayed,1.0
-9.0,0.0,1,0,33.107155,58,Replayed,9.0
-3.0,-1.0,-1,1,56.143528,58,Replayed,3.0
3.0,1.0,1,1,57.10587,58,Replayed,3.0
-3.0,0.0,1,0,44.412476,58,Replayed,3.0
9.0,-1.0,1,1,68.82732,58,Replayed,9.0
9.0,-1.0,-1,0,30.760387,58,Replayed,9.0
9.0,1.0,1,1,68.3081,58,Replayed,9.0
-38.0,0.0,-1,1,97.72346,58,Replayed,38.0
-3.0,-1.0,-1,1,56.616966,58,Replayed,3.0
1.0,0.0,-1,0,47.82474,58,Replayed,1.0
5.0,1.0,-1,0,39.3787,58,Replayed,5.0
3.0,1.0,1,1,56.291466,58,Replayed,3.0
-5.0,-1.0,-1,1,59.654026,58,Replayed,5.0
-1.0,1.0,-1,1,51.73805,58,Replayed,1.0
-3.0,1.0,1,0,45.05932,58,Replayed,3.0
38.0,0.0,1,1,97.94575,58,Replayed,38.0
-38.0,0.0,-1,1,97.62383,58,Replayed,38.0
-5.0,1.0,-1,1,59.429813,58,Replayed,5.0
-3.0,1.0,1,0,44.948166,58,Replayed,3.0
-9.0,0.0,-1,1,68.035126,58,Replayed,9.0
5.0,-1.0,1,1,61.42218,58,Replayed,5.0
-5.0,0.0,-1,1,60.086197,58,Replayed,5.0
-38.0,-1.0,-1,1,97.98459,58,Replayed,38.0
-1.0,1.0,-1,1,50.565983,58,Replayed,1.0
-3.0,-1.0,1,0,44.254047,58,Replayed,3.0
-38.0,0.0,-1,1,97.63385,58,Replayed,38.0
-5.0,-1.0,-1,1,59.62014,58,Replayed,5.0
9.0,1.0,-1,0,31.887934,58,Replayed,9.0
-38.0,-1.0,-1,1,97.989944,58,Replayed,38.0
3.0,0.0,1,1,57.224186,58,Replayed,3.0
5.0,-1.0,-1,0,38.329624,58,Replayed,5.0
38.0,1.0,1,1,97.83973,58,Replayed,38.0
1.0,-1.0,1,1,51.35972,59,Replayed,1.0
9.0,-1.0,1,1,57.260437,59,Replayed,9.0
38.0,-1.0,1,1,84.6491,59,Replayed,38.0
-38.0,1.0,-1,1,97.43218,59,Replayed,38.0
-3.0,-1.0,1,0,47.712616,59,Replayed,3.0
38.0,1.0,1,1,97.292725,59,Replayed,38.0
-38.0,1.0,-1,1,97.20232,59,Replayed,38.0
5.0,0.0,1,1,58.811485,59,Replayed,5.0
3.0,0.0,-1,0,44.178284,59,Replayed,3.0
-1.0,0.0,1,0,48.49556,59,Replayed,1.0
9.0,1.0,1,1,71.8858,59,Replayed,9.0
38.0,-1.0,1,1,83.6556,59,Replayed,38.0
-38.0,0.0,-1,1,92.72506,59,Replayed,38.0
-1.0,-1.0,-1,1,50.67929,59,Replayed,1.0
1.0,0.0,-1,0,47.663776,59,Replayed,1.0
38.0,1.0,1,1,97.07801,59,Replayed,38.0
38.0,-1.0,1,1,84.3784,59,Replayed,38.0
-9.0,1.0,-1,1,72.01582,59,Replayed,9.0
-1.0,0.0,1,0,48.059,59,Replayed,1.0
-3.0,-1.0,1,0,47.99326,59,Replayed,3.0
-3.0,-1.0,-1,1,52.179497,59,Replayed,3.0
-9.0,0.0,1,0,35.35681,59,Replayed,9.0
3.0,1.0,-1,0,42.04165,59,Replayed,3.0
-5.0,-1.0,-1,1,53.886,59,Replayed,5.0
-1.0,-1.0,1,0,49.237537,59,Replayed,1.0
3.0,-1.0,-1,0,48.35429,59,Replayed,3.0
-1.0,0.0,1,0,48.368557,59,Replayed,1.0
-9.0,1.0,-1,1,72.14021,59,Replayed,9.0
-3.0,1.0,-1,1,58.330017,59,Replayed,3.0
1.0,0.0,-1,0,47.72683,59,Replayed,1.0
-5.0,1.0,-1,1,62.9792,59,Replayed,5.0
38.0,-1.0,1,1,83.65329,59,Replayed,38.0
1.0,0.0,-1,0,48.26835,59,Replayed,1.0
38.0,0.0,1,1,93.14341,59,Replayed,38.0
-5.0,0.0,-1,1,58.281113,59,Replayed,5.0
5.0,-1.0,1,1,54.015167,59,Replayed,5.0
5.0,0.0,1,1,58.132698,59,Replayed,5.0
-38.0,1.0,-1,1,97.124725,59,Replayed,38.0
9.0,1.0,1,1,71.640686,59,Replayed,9.0
5.0,1.0,1,1,63.894047,59,Replayed,5.0
5.0,1.0,1,1,62.648415,59,Replayed,5.0
-5.0,1.0,1,0,37.503384,59,Replayed,5.0
-3.0,0.0,1,0,45.39906,59,Replayed,3.0
-5.0,1.0,1,0,37.51767,59,Replayed,5.0
9.0,-1.0,1,1,57.104225,59,Replayed,9.0
-5.0,0.0,1,0,41.984535,59,Replayed,5.0
-9.0,-1.0,-1,1,57.97435,59,Replayed,9.0
-9.0,-1.0,-1,1,57.075012,59,Replayed,9.0
9.0,0.0,1,1,65.24051,59,Replayed,9.0
9.0,1.0,1,1,71.49837,59,Replayed,9.0
-9.0,1.0,-1,1,70.35774,59,Replayed,9.0
-9.0,-1.0,-1,1,56.773323,59,Replayed,9.0
-3.0,-1.0,1,0,48.503407,59,Replayed,3.0
-38.0,-1.0,-1,1,83.641945,59,Replayed,38.0
1.0,1.0,1,1,52.90343,59,Replayed,1.0
9.0,-1.0,1,1,56.783478,59,Replayed,9.0
-3.0,1.0,-1,1,56.18934,59,Replayed,3.0
-1.0,0.0,1,0,48.51425,59,Replayed,1.0
38.0,0.0,1,1,92.970764,59,Replayed,38.0
-38.0,0.0,-1,1,93.173996,59,Replayed,38.0
3.0,1.0,1,1,58.43104,59,Replayed,3.0
1.0,0.0,1,1,52.138416,59,Replayed,1.0
-9.0,0.0,-1,1,64.36777,59,Replayed,9.0
-9.0,-1.0,-1,1,56.31501,59,Replayed,9.0
-3.0,-1.0,1,0,47.288315,59,Replayed,3.0
-1.0,1.0,-1,1,52.339874,59,Replayed,1.0
5.0,0.0,1,1,60.10992,59,Replayed,5.0
5.0,1.0,-1,0,36.777958,59,Replayed,5.0
-5.0,1.0,-1,1,62.405216,59,Replayed,5.0
-1.0,-1.0,-1,1,50.262333,59,Replayed,1.0
1.0,1.0,1,1,52.049873,59,Replayed,1.0
1.0,-1.0,1,1,50.68551,59,Replayed,1.0
-38.0,0.0,-1,1,92.65953,59,Replayed,38.0
-38.0,-1.0,-1,1,83.48535,59,Replayed,38.0
-3.0,0.0,-1,1,54.738117,59,Replayed,3.0
5.0,0.0,1,1,59.32311,59,Replayed,5.0
-5.0,0.0,-1,1,57.797688,59,Replayed,5.0
-1.0,0.0,1,0,48.680714,59,Replayed,1.0
-38.0,1.0,-1,1,97.04432,59,Replayed,38.0
1.0,0.0,1,1,50.97172,59,Replayed,1.0
-38.0,1.0,-1,1,97.27651,59,Replayed,38.0
38.0,-1.0,1,1,85.0984,59,Replayed,38.0
38.0,0.0,1,1,93.19595,59,Replayed,38.0
9.0,1.0,1,1,72.17484,59,Replayed,9.0
-9.0,1.0,-1,1,71.63687,59,Replayed,9.0
-1.0,-1.0,1,0,49.272583,59,Replayed,1.0
1.0,1.0,-1,0,47.745766,59,Replayed,1.0
-38.0,-1.0,-1,1,83.75845,59,Replayed,38.0
-38.0,0.0,-1,1,92.93033,59,Replayed,38.0
1.0,-1.0,1,1,51.509827,59,Replayed,1.0
-5.0,1.0,-1,1,62.147556,59,Replayed,5.0
-3.0,-1.0,-1,1,52.681137,59,Replayed,3.0
-9.0,1.0,-1,1,71.26902,59,Replayed,9.0
38.0,-1.0,1,1,84.75823,59,Replayed,38.0
-5.0,-1.0,-1,1,52.843826,59,Replayed,5.0
1.0,-1.0,-1,0,48.738533,59,Replayed,1.0
38.0,1.0,1,1,97.18042,59,Replayed,38.0
9.0,0.0,1,1,66.25146,59,Replayed,9.0
38.0,-1.0,1,1,84.672066,59,Replayed,38.0
5.0,1.0,-1,0,36.908123,59,Replayed,5.0
1.0,0.0,-1,0,48.594727,59,Replayed,1.0
3.0,1.0,-1,0,42.219067,59,Replayed,3.0
9.0,-1.0,1,1,57.89188,59,Replayed,9.0
-38.0,-1.0,-1,1,83.87496,59,Replayed,38.0
-9.0,-1.0,-1,1,56.432213,59,Replayed,9.0
-38.0,1.0,-1,1,97.15391,59,Replayed,38.0
-1.0,0.0,-1,1,51.595776,59,Replayed,1.0
1.0,-1.0,-1,0,49.453285,59,Replayed,1.0
5.0,-1.0,1,1,53.446896,59,Replayed,5.0
5.0,0.0,1,1,59.195183,59,Replayed,5.0
-3.0,1.0,-1,1,56.99195,59,Replayed,3.0
3.0,1.0,1,1,57.275917,59,Replayed,3.0
5.0,-1.0,1,1,54.203808,59,Replayed,5.0
-3.0,1.0,-1,1,57.80664,59,Replayed,3.0
-1.0,1.0,1,0,48.00476,59,Replayed,1.0
-9.0,0.0,-1,1,64.7476,59,Replayed,9.0
5.0,1.0,1,1,63.20541,59,Replayed,5.0
9.0,0.0,1,1,65.50072,59,Replayed,9.0
9.0,-1.0,1,1,56.587822,59,Replayed,9.0
5.0,0.0,1,1,57.98948,59,Replayed,5.0
-38.0,-1.0,-1,1,84.35983,59,Replayed,38.0
-5.0,-1.0,-1,1,53.237873,59,Replayed,5.0
-5.0,0.0,-1,1,58.73643,59,Replayed,5.0
3.0,0.0,-1,0,44.5354,59,Replayed,3.0
-1.0,1.0,1,0,48.93871,59,Replayed,1.0
3.0,-1.0,1,1,53.00882,59,Replayed,3.0
-38.0,0.0,-1,1,93.09865,59,Replayed,38.0
-3.0,0.0,-1,1,54.06797,59,Replayed,3.0
9.0,-1.0,-1,0,43.680614,59,Replayed,9.0
-1.0,1.0,1,0,48.07431,59,Replayed,1.0
3.0,1.0,1,1,57.7133,59,Replayed,3.0
9.0,0.0,1,1,64.68426,59,Replayed,9.0
-5.0,-1.0,-1,1,53.452576,59,Replayed,5.0
-9.0,0.0,-1,1,65.20409,59,Replayed,9.0
-3.0,0.0,-1,1,54.444046,59,Replayed,3.0
-3.0,1.0,1,0,42.89094,59,Replayed,3.0
38.0,1.0,1,1,97.227234,59,Replayed,38.0
3.0,-1.0,1,1,52.266235,59,Replayed,3.0
-9.0,0.0,-1,1,64.36159,59,Replayed,9.0
9.0,1.0,1,1,71.66992,59,Replayed,9.0
38.0,0.0,1,1,93.17871,59,Replayed,38.0
38.0,1.0,1,1,97.08883,59,Replayed,38.0
-9.0,-1.0,-1,1,57.65007,59,Replayed,9.0
38.0,0.0,1,1,93.17621,59,Replayed,38.0
-38.0,-1.0,-1,1,84.07067,59,Replayed,38.0
-1.0,1.0,1,0,48.30196,59,Replayed,1.0
1.0,-1.0,1,1,50.42019,59,Replayed,1.0
1.0,1.0,1,1,53.943176,59,Replayed,1.0
3.0,0.0,1,1,54.21171,59,Replayed,3.0
-3.0,0.0,1,0,45.70817,59,Replayed,3.0
-38.0,-1.0,-1,1,83.690544,59,Replayed,38.0
1.0,-1.0,-1,0,48.770218,59,Replayed,1.0
38.0,-1.0,1,1,84.33943,59,Replayed,38.0
-9.0,-1.0,-1,1,56.90548,59,Replayed,9.0
-5.0,-1.0,-1,1,53.40806,59,Replayed,5.0
1.0,1.0,1,1,52.55186,59,Replayed,1.0
9.0,0.0,1,1,66.405075,59,Replayed,9.0
-9.0,1.0,-1,1,70.449715,59,Replayed,9.0
-1.0,1.0,1,0,46.998795,59,Replayed,1.0
-9.0,0.0,-1,1,64.46701,59,Replayed,9.0
-5.0,-1.0,-1,1,53.56013,59,Replayed,5.0
3.0,-1.0,1,1,51.98152,59,Replayed,3.0
-5.0,1.0,-1,1,63.049084,59,Replayed,5.0
-5.0,-1.0,-1,1,53.532715,59,Replayed,5.0
-1.0,-1.0,-1,1,51.01138,59,Replayed,1.0
3.0,0.0,1,1,55.55918,59,Replayed,3.0
9.0,-1.0,1,1,57.26394,59,Replayed,9.0
-9.0,1.0,-1,1,72.02956,59,Replayed,9.0
-1.0,-1.0,1,0,49.65319,59,Replayed,1.0
3.0,0.0,1,1,55.962276,59,Replayed,3.0
9.0,0.0,1,1,65.11237,59,Replayed,9.0
-9.0,-1.0,-1,1,57.4148,59,Replayed,9.0
3.0,0.0,-1,0,45.92955,59,Replayed,3.0
1.0,-1.0,1,1,51.242958,59,Replayed,1.0
9.0,-1.0,1,1,57.25869,59,Replayed,9.0
38.0,0.0,1,1,92.76685,59,Replayed,38.0
3.0,1.0,1,1,58.33489,59,Replayed,3.0
5.0,-1.0,1,1,54.232044,59,Replayed,5.0
-1.0,1.0,-1,1,52.871788,59,Replayed,1.0
5.0,1.0,1,1,63.232887,59,Replayed,5.0
5.0,-1.0,-1,0,45.446033,59,Replayed,5.0
1.0,1.0,1,1,52.375256,59,Replayed,1.0
-38.0,-1.0,-1,1,84.04112,59,Replayed,38.0
-5.0,0.0,-1,1,57.886322,59,Replayed,5.0
-38.0,0.0,-1,1,92.895424,59,Replayed,38.0
-9.0,1.0,-1,1,71.965836,59,Replayed,9.0
5.0,0.0,1,1,58.85509,59,Replayed,5.0
9.0,0.0,1,1,64.88603,59,Replayed,9.0
-38.0,1.0,-1,1,97.11188,59,Replayed,38.0
3.0,0.0,1,1,55.499943,59,Replayed,3.0
1.0,1.0,1,1,53.2417,59,Replayed,1.0
3.0,0.0,1,1,54.663635,59,Replayed,3.0
-3.0,0.0,-1,1,54.00421,59,Replayed,3.0
38.0,0.0,1,1,93.256744,59,Replayed,38.0
-3.0,0.0,-1,1,54.532604,59,Replayed,3.0
9.0,1.0,1,1,71.8862,59,Replayed,9.0
-1.0,0.0,-1,1,50.978004,59,Replayed,1.0
-3.0,-1.0,-1,1,51.37872,59,Replayed,3.0
38.0,0.0,1,1,93.03745,59,Replayed,38.0
-1.0,-1.0,-1,1,50.87755,59,Replayed,1.0
9.0,0.0,-1,0,32.87707,59,Replayed,9.0
-5.0,1.0,-1,1,62.23948,59,Replayed,5.0
3.0,-1.0,1,1,52.444725,59,Replayed,3.0
-38.0,0.0,-1,1,92.977325,59,Replayed,38.0
-5.0,0.0,-1,1,57.395584,59,Replayed,5.0
-3.0,1.0,1,0,42.459846,59,Replayed,3.0
1.0,1.0,-1,0,47.578697,59,Replayed,1.0
3.0,1.0,1,1,58.353073,59,Replayed,3.0
-1.0,-1.0,-1,1,50.174862,59,Replayed,1.0
-3.0,0.0,-1,1,54.96536,59,Replayed,3.0
3.0,-1.0,-1,0,47.368614,59,Replayed,3.0
5.0,1.0,1,1,62.10107,59,Replayed,5.0
-9.0,0.0,-1,1,65.1911,59,Replayed,9.0
9.0,1.0,1,1,72.144356,59,Replayed,9.0
5.0,-1.0,1,1,54.59711,59,Replayed,5.0
-3.0,-1.0,1,0,48.57437,59,Replayed,3.0
-5.0,0.0,-1,1,57.02572,59,Replayed,5.0
-5.0,0.0,-1,1,59.188408,59,Replayed,5.0
3.0,-1.0,-1,0,47.352486,59,Replayed,3.0
-1.0,0.0,-1,1,51.833534,59,Replayed,1.0
5.0,0.0,-1,0,41.927917,59,Replayed,5.0
5.0,-1.0,-1,0,45.636757,59,Replayed,5.0
38.0,1.0,1,1,97.17133,59,Replayed,38.0
-3.0,1.0,-1,1,56.671505,59,Replayed,3.0
9.0,1.0,1,1,72.40712,59,Replayed,9.0
5.0,-1.0,-1,0,46.66663,59,Replayed,5.0
5.0,1.0,1,1,64.12843,59,Replayed,5.0
-3.0,1.0,1,0,42.567772,59,Replayed,3.0
-38.0,0.0,-1,1,92.83081,59,Replayed,38.0
-1.0,1.0,-1,1,52.074413,59,Replayed,1.0
-9.0,0.0,-1,1,65.44008,59,Replayed,9.0
-5.0,-1.0,-1,1,53.84884,59,Replayed,5.0
-5.0,1.0,-1,1,62.788456,59,Replayed,5.0
3.0,1.0,1,1,57.377285,59,Replayed,3.0
38.0,1.0,1,1,97.23507,59,Replayed,38.0
38.0,1.0,1,1,97.252144,59,Replayed,38.0
3.0,-1.0,1,1,52.668262,59,Replayed,3.0
-38.0,1.0,-1,1,97.174736,59,Replayed,38.0
1.0,0.0,1,1,52.36929,59,Replayed,1.0
1.0,0.0,1,1,51.204746,59,Replayed,1.0
38.0,1.0,1,1,98.93555,60,Replayed,38.0
-9.0,-1.0,-1,1,75.50114,60,Replayed,9.0
38.0,1.0,1,1,98.90288,60,Replayed,38.0
-3.0,1.0,-1,1,59.469677,60,Replayed,3.0
-9.0,-1.0,-1,1,75.10211,60,Replayed,9.0
38.0,0.0,1,1,99.2337,60,Replayed,38.0
9.0,-1.0,1,1,70.34807,60,Replayed,9.0
1.0,1.0,-1,0,49.36491,60,Replayed,1.0
-38.0,-1.0,-1,1,99.601234,60,Replayed,38.0
-5.0,-1.0,-1,1,66.23972,60,Replayed,5.0
9.0,0.0,-1,0,31.86183,60,Replayed,9.0
-1.0,-1.0,1,0,44.549004,60,Replayed,1.0
38.0,-1.0,1,1,99.47373,60,Replayed,38.0
-3.0,-1.0,-1,1,61.052727,60,Replayed,3.0
9.0,0.0,1,1,69.04963,60,Replayed,9.0
5.0,0.0,1,1,59.93191,60,Replayed,5.0
1.0,-1.0,-1,0,50.43099,60,Replayed,1.0
-5.0,1.0,-1,1,63.14412,60,Replayed,5.0
9.0,-1.0,1,1,70.5685,60,Replayed,9.0
3.0,1.0,1,1,54.490643,60,Replayed,3.0
-1.0,0.0,-1,1,55.51106,60,Replayed,1.0
5.0,-1.0,-1,0,39.207905,60,Replayed,5.0
-9.0,1.0,-1,1,71.81224,60,Replayed,9.0
5.0,0.0,1,1,60.083996,60,Replayed,5.0
-5.0,-1.0,-1,1,66.851746,60,Replayed,5.0
-1.0,1.0,-1,1,54.32576,60,Replayed,1.0
-1.0,0.0,-1,1,54.828613,60,Replayed,1.0
9.0,-1.0,1,1,70.79731,60,Replayed,9.0
38.0,0.0,1,1,99.26021,60,Replayed,38.0
5.0,0.0,1,1,59.618454,60,Replayed,5.0
-9.0,0.0,-1,1,74.153404,60,Replayed,9.0
9.0,0.0,1,1,68.67438,60,Replayed,9.0
5.0,1.0,1,1,58.263527,60,Replayed,5.0
3.0,-1.0,1,1,55.55017,60,Replayed,3.0
3.0,1.0,-1,0,45.25365,60,Replayed,3.0
-5.0,1.0,-1,1,62.926395,60,Replayed,5.0
-9.0,-1.0,-1,1,75.875206,60,Replayed,9.0
38.0,0.0,1,1,99.20752,60,Replayed,38.0
-38.0,1.0,-1,1,99.31901,60,Replayed,38.0
5.0,-1.0,-1,0,38.65977,60,Replayed,5.0
5.0,-1.0,1,1,60.883278,60,Replayed,5.0
1.0,-1.0,1,1,50.968056,60,Replayed,1.0
3.0,-1.0,-1,0,44.668602,60,Replayed,3.0
38.0,-1.0,1,1,99.402534,60,Replayed,38.0
1.0,1.0,-1,0,49.818615,60,Replayed,1.0
-1.0,1.0,-1,1,54.738503,60,Replayed,1.0
1.0,1.0,-1,0,49.189198,60,Replayed,1.0
1.0,-1.0,-1,0,50.105442,60,Replayed,1.0
-38.0,1.0,-1,1,99.24544,60,Replayed,38.0
-5.0,-1.0,1,0,34.40036,60,Replayed,5.0
-38.0,0.0,-1,1,99.48934,60,Replayed,38.0
-5.0,-1.0,-1,1,66.07414,60,Replayed,5.0
-5.0,0.0,-1,1,64.94796,60,Replayed,5.0
3.0,-1.0,1,1,54.915886,60,Replayed,3.0
-9.0,0.0,-1,1,73.12608,60,Replayed,9.0
-5.0,0.0,-1,1,64.630585,60,Replayed,5.0
-38.0,-1.0,-1,1,99.650536,60,Replayed,38.0
9.0,1.0,1,1,66.49551,60,Replayed,9.0
-9.0,0.0,-1,1,73.35314,60,Replayed,9.0
-38.0,-1.0,-1,1,99.616066,60,Replayed,38.0
-38.0,0.0,-1,1,99.45628,60,Replayed,38.0
1.0,-1.0,-1,0,50.50776,60,Replayed,1.0
-5.0,-1.0,-1,1,66.01054,60,Replayed,5.0
3.0,0.0,1,1,54.242813,60,Replayed,3.0
-9.0,-1.0,-1,1,74.81008,60,Replayed,9.0
-9.0,-1.0,-1,1,75.32459,60,Replayed,9.0
3.0,0.0,1,1,55.536766,60,Replayed,3.0
38.0,0.0,1,1,99.25362,60,Replayed,38.0
5.0,0.0,1,1,59.117138,60,Replayed,5.0
-38.0,0.0,-1,1,99.44945,60,Replayed,38.0
5.0,1.0,1,1,58.74298,60,Replayed,5.0
-9.0,1.0,-1,1,71.60256,60,Replayed,9.0
-9.0,0.0,-1,1,73.73716,60,Replayed,9.0
1.0,0.0,-1,0,50.7875,60,Replayed,1.0
9.0,1.0,1,1,66.83297,60,Replayed,9.0
5.0,1.0,-1,0,41.654663,60,Replayed,5.0
5.0,-1.0,1,1,61.09612,60,Replayed,5.0
3.0,1.0,-1,0,45.86784,60,Replayed,3.0
-9.0,1.0,-1,1,70.99099,60,Replayed,9.0
-3.0,0.0,-1,1,60.520027,60,Replayed,3.0
-9.0,-1.0,-1,1,75.07042,60,Replayed,9.0
3.0,1.0,-1,0,46.510975,60,Replayed,3.0
-1.0,0.0,1,0,45.32695,60,Replayed,1.0
-3.0,0.0,1,0,40.028687,60,Replayed,3.0
38.0,1.0,1,1,98.909874,60,Replayed,38.0
-5.0,1.0,-1,1,63.601917,60,Replayed,5.0
3.0,0.0,1,1,54.640484,60,Replayed,3.0
5.0,-1.0,1,1,60.76408,60,Replayed,5.0
-3.0,1.0,-1,1,59.98299,60,Replayed,3.0
38.0,0.0,1,1,99.314674,60,Replayed,38.0
38.0,-1.0,1,1,99.415726,60,Replayed,38.0
38.0,1.0,1,1,98.992355,60,Replayed,38.0
9.0,-1.0,1,1,70.06753,60,Replayed,9.0
9.0,-1.0,1,1,71.06506,60,Replayed,9.0
-3.0,-1.0,-1,1,61.148136,60,Replayed,3.0
1.0,0.0,-1,0,49.73819,60,Replayed,1.0
-38.0,-1.0,-1,1,99.58778,60,Replayed,38.0
3.0,-1.0,1,1,55.583607,60,Replayed,3.0
38.0,-1.0,1,1,99.45679,60,Replayed,38.0
9.0,0.0,1,1,69.03751,60,Replayed,9.0
-3.0,1.0,-1,1,59.242676,60,Replayed,3.0
1.0,0.0,-1,0,50.133507,60,Replayed,1.0
-5.0,0.0,-1,1,64.16537,60,Replayed,5.0
-9.0,0.0,-1,1,73.895966,60,Replayed,9.0
-9.0,-1.0,-1,1,75.750534,60,Replayed,9.0
-5.0,0.0,-1,1,65.51737,60,Replayed,5.0
-3.0,1.0,-1,1,58.858006,60,Replayed,3.0
5.0,-1.0,1,1,61.12252,60,Replayed,5.0
-9.0,0.0,-1,1,74.3869,60,Replayed,9.0
5.0,1.0,1,1,58.67765,60,Replayed,5.0
-1.0,-1.0,-1,1,55.544018,60,Replayed,1.0
-1.0,0.0,1,0,44.229233,60,Replayed,1.0
3.0,0.0,-1,0,44.41969,60,Replayed,3.0
-5.0,1.0,-1,1,63.61577,60,Replayed,5.0
5.0,0.0,-1,0,40.110756,60,Replayed,5.0
-5.0,1.0,1,0,36.009274,60,Replayed,5.0
9.0,0.0,-1,0,31.136782,60,Replayed,9.0
-1.0,-1.0,-1,1,56.08024,60,Replayed,1.0
-3.0,-1.0,-1,1,60.896935,60,Replayed,3.0
-5.0,-1.0,-1,1,65.40785,60,Replayed,5.0
-1.0,0.0,1,0,44.710133,60,Replayed,1.0
-9.0,-1.0,-1,1,75.77489,60,Replayed,9.0
-1.0,1.0,-1,1,54.70598,60,Replayed,1.0
38.0,-1.0,1,1,99.455055,60,Replayed,38.0
-3.0,-1.0,-1,1,60.444862,60,Replayed,3.0
-38.0,-1.0,-1,1,99.64383,60,Replayed,38.0
1.0,0.0,-1,0,50.96371,60,Replayed,1.0
-5.0,1.0,-1,1,63.309242,60,Replayed,5.0
5.0,0.0,1,1,59.5443,60,Replayed,5.0
-38.0,-1.0,-1,1,99.59808,60,Replayed,38.0
1.0,0.0,1,1,49.706394,60,Replayed,1.0
-5.0,1.0,-1,1,63.532005,60,Replayed,5.0
-38.0,1.0,-1,1,99.28162,60,Replayed,38.0
-3.0,-1.0,1,0,39.266163,60,Replayed,3.0
-1.0,1.0,-1,1,54.759277,60,Replayed,1.0
-9.0,0.0,-1,1,73.55968,60,Replayed,9.0
-5.0,-1.0,-1,1,66.40062,60,Replayed,5.0
5.0,-1.0,1,1,60.21364,60,Replayed,5.0
5.0,1.0,1,1,59.341568,60,Replayed,5.0
-1.0,0.0,-1,1,55.023785,60,Replayed,1.0
-5.0,0.0,1,0,35.824566,60,Replayed,5.0
-5.0,-1.0,-1,1,65.194786,60,Replayed,5.0
3.0,0.0,1,1,55.249607,60,Replayed,3.0
-1.0,-1.0,1,0,44.95355,60,Replayed,1.0
-1.0,-1.0,1,0,43.745678,60,Replayed,1.0
-1.0,0.0,-1,1,55.245888,60,Replayed,1.0
-1.0,0.0,1,0,44.722157,60,Replayed,1.0
38.0,1.0,1,1,98.95838,60,Replayed,38.0
38.0,-1.0,1,1,99.446655,60,Replayed,38.0
3.0,0.0,-1,0,45.4459,60,Replayed,3.0
3.0,1.0,1,1,54.41689,60,Replayed,3.0
-5.0,0.0,-1,1,64.04959,60,Replayed,5.0
5.0,1.0,-1,0,40.791832,60,Replayed,5.0
-5.0,1.0,1,0,36.83452,60,Replayed,5.0
1.0,0.0,-1,0,49.14471,60,Replayed,1.0
-5.0,0.0,1,0,35.338345,60,Replayed,5.0
3.0,0.0,1,1,54.224377,60,Replayed,3.0
3.0,-1.0,1,1,55.41578,60,Replayed,3.0
5.0,1.0,1,1,57.933628,60,Replayed,5.0
-38.0,0.0,-1,1,99.43488,60,Replayed,38.0
1.0,1.0,1,1,49.678207,60,Replayed,1.0
-3.0,0.0,1,0,40.04733,60,Replayed,3.0
38.0,1.0,1,1,98.92666,60,Replayed,38.0
1.0,-1.0,-1,0,49.494183,60,Replayed,1.0
1.0,0.0,1,1,50.329376,60,Replayed,1.0
1.0,-1.0,-1,0,48.919304,60,Replayed,1.0
-1.0,-1.0,-1,1,55.42091,60,Replayed,1.0
9.0,0.0,1,1,68.70126,60,Replayed,9.0
9.0,1.0,1,1,67.67098,60,Replayed,9.0
5.0,1.0,1,1,59.809677,60,Replayed,5.0
38.0,-1.0,1,1,99.44426,60,Replayed,38.0
9.0,1.0,1,1,66.242325,60,Replayed,9.0
3.0,-1.0,1,1,55.456078,60,Replayed,3.0
38.0,0.0,1,1,99.26784,60,Replayed,38.0
3.0,1.0,1,1,54.255207,60,Replayed,3.0
5.0,0.0,1,1,59.631836,60,Replayed,5.0
1.0,-1.0,1,1,50.161915,60,Replayed,1.0
-9.0,1.0,1,0,28.175692,60,Replayed,9.0
-3.0,0.0,1,0,39.362003,60,Replayed,3.0
9.0,0.0,-1,0,31.65024,60,Replayed,9.0
-1.0,1.0,-1,1,55.188232,60,Replayed,1.0
-3.0,1.0,-1,1,59.186363,60,Replayed,3.0
1.0,0.0,1,1,50.160046,60,Replayed,1.0
38.0,1.0,1,1,98.923195,60,Replayed,38.0
3.0,-1.0,1,1,55.4073,60,Replayed,3.0
5.0,-1.0,1,1,60.918076,60,Replayed,5.0
9.0,0.0,-1,0,31.55241,60,Replayed,9.0
-3.0,1.0,1,0,41.111237,60,Replayed,3.0
38.0,0.0,1,1,99.23056,60,Replayed,38.0
-38.0,-1.0,-1,1,99.59892,60,Replayed,38.0
3.0,0.0,1,1,55.522408,60,Replayed,3.0
38.0,-1.0,1,1,99.41314,60,Replayed,38.0
-38.0,1.0,-1,1,99.30692,60,Replayed,38.0
38.0,1.0,1,1,98.99029,60,Replayed,38.0
-38.0,1.0,-1,1,99.35258,60,Replayed,38.0
-9.0,0.0,-1,1,74.018,60,Replayed,9.0
1.0,1.0,1,1,49.895164,60,Replayed,1.0
-3.0,-1.0,-1,1,60.565918,60,Replayed,3.0
-38.0,1.0,-1,1,99.27502,60,Replayed,38.0
38.0,0.0,1,1,99.186935,60,Replayed,38.0
5.0,0.0,1,1,59.86765,60,Replayed,5.0
-3.0,1.0,-1,1,60.287815,60,Replayed,3.0
-9.0,1.0,-1,1,72.12691,60,Replayed,9.0
9.0,1.0,1,1,66.57125,60,Replayed,9.0
-3.0,1.0,-1,1,58.80641,60,Replayed,3.0
-3.0,0.0,-1,1,59.793175,60,Replayed,3.0
-3.0,-1.0,1,0,39.279114,60,Replayed,3.0
-9.0,1.0,-1,1,71.335396,60,Replayed,9.0
-3.0,-1.0,-1,1,60.883095,60,Replayed,3.0
9.0,1.0,1,1,66.56335,60,Replayed,9.0
1.0,-1.0,1,1,50.241787,60,Replayed,1.0
1.0,1.0,-1,0,50.098576,60,Replayed,1.0
9.0,-1.0,-1,0,29.069868,60,Replayed,9.0
-9.0,1.0,-1,1,72.12791,60,Replayed,9.0
9.0,-1.0,1,1,70.45005,60,Replayed,9.0
3.0,1.0,1,1,54.211704,60,Replayed,3.0
-38.0,1.0,-1,1,99.3106,60,Replayed,38.0
-1.0,1.0,-1,1,55.572594,60,Replayed,1.0
-1.0,1.0,-1,1,54.32038,60,Replayed,1.0
1.0,1.0,-1,0,50.03659,60,Replayed,1.0
-3.0,0.0,1,0,39.711456,60,Replayed,3.0
1.0,1.0,-1,0,50.30517,60,Replayed,1.0
-1.0,1.0,1,0,45.67245,60,Replayed,1.0
9.0,1.0,1,1,66.85901,60,Replayed,9.0
3.0,-1.0,1,1,54.991245,60,Replayed,3.0
3.0,1.0,1,1,54.758083,60,Replayed,3.0
-38.0,0.0,-1,1,99.43031,60,Replayed,38.0
9.0,-1.0,1,1,70.160484,60,Replayed,9.0
9.0,1.0,1,1,66.66123,60,Replayed,9.0
-1.0,-1.0,1,0,44.53317,60,Replayed,1.0
-9.0,1.0,-1,1,71.31808,60,Replayed,9.0
-3.0,0.0,-1,1,60.71356,60,Replayed,3.0
-38.0,1.0,-1,1,99.27667,60,Replayed,38.0
-38.0,0.0,-1,1,99.49512,60,Replayed,38.0
-5.0,0.0,-1,1,64.169655,60,Replayed,5.0
-1.0,-1.0,1,0,44.677906,60,Replayed,1.0
-38.0,0.0,-1,1,99.45426,60,Replayed,38.0
-38.0,0.0,-1,1,99.429855,60,Replayed,38.0
-3.0,0.0,-1,1,60.101223,60,Replayed,3.0
-38.0,-1.0,-1,1,99.59225,60,Replayed,38.0
-38.0,0.0,-1,1,85.02403,61,Replayed,38.0
-3.0,0.0,1,0,47.10754,61,Replayed,3.0
38.0,0.0,1,1,86.689476,61,Replayed,38.0
3.0,-1.0,-1,0,46.129574,61,Replayed,3.0
3.0,0.0,-1,0,47.169308,61,Replayed,3.0
3.0,-1.0,-1,0,46.94394,61,Replayed,3.0
-9.0,0.0,1,0,40.92139,61,Replayed,9.0
-3.0,0.0,-1,1,53.638397,61,Replayed,3.0
-38.0,0.0,-1,1,85.74107,61,Replayed,38.0
-5.0,1.0,1,0,43.780704,61,Replayed,5.0
-1.0,0.0,-1,1,48.9868,61,Replayed,1.0
-9.0,1.0,-1,1,59.75826,61,Replayed,9.0
9.0,0.0,-1,0,39.481556,61,Replayed,9.0
5.0,0.0,1,1,55.460323,61,Replayed,5.0
-5.0,0.0,1,0,44.261494,61,Replayed,5.0
-9.0,-1.0,-1,1,59.3449,61,Replayed,9.0
-9.0,-1.0,1,0,39.975544,61,Replayed,9.0
3.0,-1.0,1,1,54.32533,61,Replayed,3.0
-3.0,1.0,1,0,47.320835,61,Replayed,3.0
9.0,-1.0,-1,0,40.603054,61,Replayed,9.0
3.0,1.0,-1,0,46.59529,61,Replayed,3.0
-9.0,1.0,-1,1,58.62111,61,Replayed,9.0
-3.0,-1.0,-1,1,52.715473,61,Replayed,3.0
1.0,0.0,-1,0,48.873444,61,Replayed,1.0
5.0,0.0,-1,0,45.240208,61,Replayed,5.0
-5.0,1.0,1,0,45.29251,61,Replayed,5.0
-3.0,0.0,1,0,47.054005,61,Replayed,3.0
38.0,0.0,1,1,85.38029,61,Replayed,38.0
1.0,0.0,1,1,51.40023,61,Replayed,1.0
-3.0,0.0,1,0,46.227497,61,Replayed,3.0
5.0,1.0,1,1,56.415264,61,Replayed,5.0
5.0,-1.0,1,1,54.584198,61,Replayed,5.0
9.0,1.0,1,1,59.35082,61,Replayed,9.0
5.0,0.0,1,1,56.665455,61,Replayed,5.0
38.0,1.0,1,1,86.90891,61,Replayed,38.0
9.0,-1.0,-1,0,40.76886,61,Replayed,9.0
-3.0,-1.0,-1,1,54.319645,61,Replayed,3.0
-5.0,1.0,-1,1,55.339916,61,Replayed,5.0
3.0,1.0,1,1,53.904934,61,Replayed,3.0
-3.0,0.0,-1,1,51.12717,61,Replayed,3.0
-1.0,-1.0,1,0,48.365044,61,Replayed,1.0
-9.0,1.0,-1,1,59.312828,61,Replayed,9.0
1.0,1.0,-1,0,49.75504,61,Replayed,1.0
-9.0,-1.0,-1,1,58.53219,61,Replayed,9.0
-38.0,-1.0,-1,1,84.36166,61,Replayed,38.0
-9.0,0.0,1,0,40.753357,61,Replayed,9.0
-38.0,1.0,-1,1,85.44104,61,Replayed,38.0
3.0,1.0,1,1,53.71243,61,Replayed,3.0
38.0,-1.0,1,1,85.67757,61,Replayed,38.0
-9.0,0.0,-1,1,59.785522,61,Replayed,9.0
3.0,1.0,-1,0,46.522137,61,Replayed,3.0
38.0,-1.0,1,1,84.97847,61,Replayed,38.0
38.0,0.0,-1,0,14.342234,61,Replayed,38.0
-5.0,0.0,1,0,46.54548,61,Replayed,5.0
-3.0,0.0,-1,1,53.4194,61,Replayed,3.0
-1.0,1.0,1,0,48.589703,61,Replayed,1.0
-3.0,1.0,1,0,46.731815,61,Replayed,3.0
38.0,1.0,1,1,85.82872,61,Replayed,38.0
-1.0,0.0,1,0,49.37894,61,Replayed,1.0
-38.0,0.0,-1,1,84.93856,61,Replayed,38.0
3.0,0.0,1,1,52.243797,61,Replayed,3.0
-9.0,0.0,1,0,40.25723,61,Replayed,9.0
5.0,-1.0,1,1,56.594933,61,Replayed,5.0
-5.0,1.0,1,0,44.806435,61,Replayed,5.0
-38.0,0.0,-1,1,85.40731,61,Replayed,38.0
5.0,0.0,1,1,55.681442,61,Replayed,5.0
-38.0,-1.0,-1,1,84.84614,61,Replayed,38.0
-3.0,-1.0,-1,1,53.779774,61,Replayed,3.0
-9.0,0.0,-1,1,59.27284,61,Replayed,9.0
1.0,0.0,-1,0,48.61002,61,Replayed,1.0
-9.0,-1.0,1,0,39.662453,61,Replayed,9.0
3.0,-1.0,-1,0,47.121643,61,Replayed,3.0
3.0,-1.0,-1,0,46.352253,61,Replayed,3.0
-1.0,0.0,1,0,49.105213,61,Replayed,1.0
38.0,1.0,1,1,86.44037,61,Replayed,38.0
38.0,0.0,1,1,86.301476,61,Replayed,38.0
3.0,0.0,-1,0,46.543396,61,Replayed,3.0
5.0,-1.0,1,1,55.831795,61,Replayed,5.0
-1.0,-1.0,-1,1,50.158165,61,Replayed,1.0
-5.0,-1.0,-1,1,55.88966,61,Replayed,5.0
1.0,1.0,-1,0,48.13166,61,Replayed,1.0
-5.0,0.0,-1,1,54.780846,61,Replayed,5.0
5.0,-1.0,1,1,56.624264,61,Replayed,5.0
5.0,1.0,1,1,55.65671,61,Replayed,5.0
9.0,-1.0,1,1,60.1118,61,Replayed,9.0
9.0,0.0,1,1,59.339554,61,Replayed,9.0
-5.0,0.0,1,0,43.661728,61,Replayed,5.0
5.0,0.0,1,1,54.70372,61,Replayed,5.0
-38.0,0.0,-1,1,85.53293,61,Replayed,38.0
-5.0,0.0,1,0,44.18871,61,Replayed,5.0
9.0,0.0,1,1,58.93255,61,Replayed,9.0
-5.0,1.0,-1,1,56.831245,61,Replayed,5.0
-1.0,-1.0,-1,1,50.645626,61,Replayed,1.0
-38.0,1.0,-1,1,85.53715,61,Replayed,38.0
-38.0,1.0,-1,1,85.96975,61,Replayed,38.0
-5.0,-1.0,-1,1,54.86071,61,Replayed,5.0
5.0,-1.0,-1,0,43.809242,61,Replayed,5.0
3.0,0.0,1,1,54.642834,61,Replayed,3.0
-38.0,-1.0,-1,1,84.139725,61,Replayed,38.0
-5.0,-1.0,-1,1,55.252926,61,Replayed,5.0
-9.0,1.0,-1,1,59.806133,61,Replayed,9.0
-38.0,-1.0,-1,1,85.12691,61,Replayed,38.0
5.0,1.0,1,1,55.57089,61,Replayed,5.0
-1.0,1.0,-1,1,50.43066,61,Replayed,1.0
-1.0,1.0,-1,1,50.000584,61,Replayed,1.0
38.0,0.0,1,1,85.01691,61,Replayed,38.0
3.0,-1.0,-1,0,47.60941,61,Replayed,3.0
-5.0,-1.0,1,0,45.02746,61,Replayed,5.0
9.0,-1.0,1,1,59.99833,61,Replayed,9.0
-3.0,-1.0,1,0,46.21876,61,Replayed,3.0
1.0,1.0,-1,0,47.467033,61,Replayed,1.0
-9.0,1.0,1,0,39.689556,61,Replayed,9.0
-3.0,1.0,1,0,46.045654,61,Replayed,3.0
9.0,1.0,1,1,59.6731,61,Replayed,9.0
38.0,-1.0,1,1,85.0489,61,Replayed,38.0
38.0,0.0,1,1,85.123474,61,Replayed,38.0
-1.0,1.0,-1,1,50.977753,61,Replayed,1.0
-1.0,0.0,-1,1,50.342606,61,Replayed,1.0
38.0,-1.0,-1,0,14.867555,61,Replayed,38.0
-38.0,1.0,-1,1,86.329254,61,Replayed,38.0
5.0,1.0,1,1,56.911827,61,Replayed,5.0
3.0,0.0,1,1,52.9639,61,Replayed,3.0
-5.0,0.0,1,0,45.151268,61,Replayed,5.0
-38.0,0.0,-1,1,85.65165,61,Replayed,38.0
1.0,0.0,1,1,51.091152,61,Replayed,1.0
-5.0,0.0,1,0,43.97898,61,Replayed,5.0
1.0,-1.0,1,1,52.370758,61,Replayed,1.0
-1.0,-1.0,-1,1,52.029366,61,Replayed,1.0
-1.0,-1.0,-1,1,50.50955,61,Replayed,1.0
3.0,0.0,1,1,54.246223,61,Replayed,3.0
9.0,1.0,1,1,60.642773,61,Replayed,9.0
1.0,-1.0,1,1,51.414692,61,Replayed,1.0
1.0,1.0,-1,0,48.18722,61,Replayed,1.0
-9.0,-1.0,-1,1,58.68907,61,Replayed,9.0
9.0,1.0,1,1,59.92599,61,Replayed,9.0
-3.0,1.0,1,0,48.01132,61,Replayed,3.0
1.0,1.0,-1,0,48.993065,61,Replayed,1.0
-3.0,0.0,-1,1,53.313644,61,Replayed,3.0
5.0,-1.0,-1,0,44.382607,61,Replayed,5.0
-3.0,-1.0,-1,1,53.27453,61,Replayed,3.0
9.0,-1.0,-1,0,40.93896,61,Replayed,9.0
-38.0,1.0,-1,1,85.52436,61,Replayed,38.0
-1.0,1.0,-1,1,51.832153,61,Replayed,1.0
-38.0,1.0,-1,1,85.253685,61,Replayed,38.0
-1.0,1.0,1,0,50.06919,61,Replayed,1.0
-9.0,1.0,1,0,39.477093,61,Replayed,9.0
5.0,0.0,1,1,55.18985,61,Replayed,5.0
3.0,-1.0,1,1,53.44463,61,Replayed,3.0
9.0,0.0,-1,0,39.522377,61,Replayed,9.0
9.0,0.0,1,1,60.171448,61,Replayed,9.0
-1.0,-1.0,-1,1,50.44011,61,Replayed,1.0
-38.0,1.0,-1,1,85.24068,61,Replayed,38.0
38.0,0.0,-1,0,13.433666,61,Replayed,38.0
-5.0,0.0,1,0,45.97345,61,Replayed,5.0
9.0,1.0,-1,0,39.0789,61,Replayed,9.0
3.0,0.0,-1,0,46.42212,61,Replayed,3.0
-9.0,-1.0,1,0,40.259296,61,Replayed,9.0
1.0,1.0,-1,0,48.21764,61,Replayed,1.0
38.0,-1.0,1,1,84.98507,61,Replayed,38.0
-1.0,0.0,-1,1,51.574196,61,Replayed,1.0
5.0,1.0,1,1,54.97728,61,Replayed,5.0
-1.0,-1.0,1,0,48.943985,61,Replayed,1.0
3.0,-1.0,-1,0,47.532776,61,Replayed,3.0
-9.0,0.0,-1,1,59.440857,61,Replayed,9.0
-3.0,-1.0,-1,1,52.149765,61,Replayed,3.0
-9.0,0.0,-1,1,60.752373,61,Replayed,9.0
-38.0,-1.0,-1,1,84.74475,61,Replayed,38.0
5.0,-1.0,-1,0,44.67942,61,Replayed,5.0
1.0,-1.0,-1,0,47.191265,61,Replayed,1.0
1.0,1.0,1,1,52.0563,61,Replayed,1.0
-38.0,-1.0,-1,1,85.07648,61,Replayed,38.0
5.0,1.0,1,1,56.372433,61,Replayed,5.0
1.0,1.0,-1,0,47.830112,61,Replayed,1.0
9.0,-1.0,-1,0,39.539394,61,Replayed,9.0
-3.0,1.0,-1,1,53.32656,61,Replayed,3.0
38.0,-1.0,1,1,85.01068,61,Replayed,38.0
-38.0,-1.0,-1,1,84.78407,61,Replayed,38.0
1.0,-1.0,-1,0,48.232914,61,Replayed,1.0
38.0,1.0,1,1,86.55009,61,Replayed,38.0
3.0,1.0,1,1,54.003067,61,Replayed,3.0
1.0,0.0,-1,0,48.811695,61,Replayed,1.0
-5.0,-1.0,1,0,44.840076,61,Replayed,5.0
5.0,0.0,1,1,55.61727,61,Replayed,5.0
-1.0,0.0,1,0,48.407,61,Replayed,1.0
-9.0,0.0,-1,1,59.693314,61,Replayed,9.0
-9.0,-1.0,-1,1,57.895935,61,Replayed,9.0
-1.0,1.0,1,0,48.309795,61,Replayed,1.0
-1.0,0.0,-1,1,49.388763,61,Replayed,1.0
9.0,0.0,-1,0,40.56178,61,Replayed,9.0
3.0,1.0,-1,0,47.20833,61,Replayed,3.0
-3.0,-1.0,-1,1,53.664734,61,Replayed,3.0
38.0,-1.0,-1,0,14.983871,61,Replayed,38.0
-38.0,0.0,-1,1,85.50028,61,Replayed,38.0
9.0,1.0,1,1,59.07509,61,Replayed,9.0
38.0,-1.0,1,1,85.60515,61,Replayed,38.0
-9.0,-1.0,1,0,40.257244,61,Replayed,9.0
-1.0,1.0,1,0,48.362057,61,Replayed,1.0
-38.0,-1.0,-1,1,84.254845,61,Replayed,38.0
-5.0,-1.0,-1,1,55.99412,61,Replayed,5.0
1.0,0.0,-1,0,48.754124,61,Replayed,1.0
3.0,1.0,1,1,52.879173,61,Replayed,3.0
3.0,0.0,1,1,53.87401,61,Replayed,3.0
38.0,1.0,1,1,87.12512,61,Replayed,38.0
-1.0,0.0,1,0,48.203896,61,Replayed,1.0
1.0,-1.0,1,1,51.918613,61,Replayed,1.0
-3.0,-1.0,-1,1,53.03595,61,Replayed,3.0
9.0,1.0,1,1,61.191727,61,Replayed,9.0
1.0,-1.0,1,1,51.298416,61,Replayed,1.0
9.0,-1.0,1,1,59.101063,61,Replayed,9.0
38.0,1.0,1,1,86.914795,61,Replayed,38.0
1.0,-1.0,1,1,51.57684,61,Replayed,1.0
5.0,1.0,-1,0,42.988873,61,Replayed,5.0
-9.0,1.0,-1,1,59.570606,61,Replayed,9.0
-5.0,-1.0,-1,1,55.565063,61,Replayed,5.0
38.0,1.0,1,1,86.15462,61,Replayed,38.0
5.0,0.0,1,1,55.32626,61,Replayed,5.0
-9.0,1.0,1,0,40.93421,61,Replayed,9.0
-5.0,-1.0,1,0,43.613617,61,Replayed,5.0
3.0,1.0,1,1,53.886448,61,Replayed,3.0
-38.0,1.0,-1,1,86.331436,61,Replayed,38.0
-3.0,1.0,1,0,47.171436,61,Replayed,3.0
-5.0,1.0,1,0,44.707844,61,Replayed,5.0
1.0,0.0,-1,0,49.275948,61,Replayed,1.0
-3.0,1.0,1,0,46.634026,61,Replayed,3.0
-5.0,1.0,1,0,44.184635,61,Replayed,5.0
38.0,1.0,1,1,85.64864,61,Replayed,38.0
1.0,0.0,1,1,51.038845,61,Replayed,1.0
9.0,0.0,1,1,60.204906,61,Replayed,9.0
5.0,1.0,-1,0,44.203053,61,Replayed,5.0
1.0,-1.0,1,1,50.718,61,Replayed,1.0
9.0,-1.0,1,1,60.263412,61,Replayed,9.0
-3.0,1.0,1,0,46.375294,61,Replayed,3.0
-38.0,0.0,-1,1,85.79376,61,Replayed,38.0
5.0,-1.0,1,1,56.31678,61,Replayed,5.0
-1.0,-1.0,1,0,49.473835,61,Replayed,1.0
-3.0,0.0,-1,1,52.203896,61,Replayed,3.0
9.0,0.0,1,1,59.319954,61,Replayed,9.0
-5.0,1.0,-1,1,54.815407,61,Replayed,5.0
9.0,1.0,1,1,59.890045,61,Replayed,9.0
38.0,0.0,1,1,84.5578,61,Replayed,38.0
-5.0,1.0,1,0,44.683052,62,Replayed,5.0
-9.0,0.0,1,0,39.057808,62,Replayed,9.0
9.0,0.0,1,1,63.778027,62,Replayed,9.0
38.0,-1.0,1,1,93.38934,62,Replayed,38.0
-38.0,1.0,-1,1,90.285706,62,Replayed,38.0
38.0,-1.0,1,1,93.55816,62,Replayed,38.0
-38.0,1.0,-1,1,90.72737,62,Replayed,38.0
5.0,-1.0,1,1,59.033417,62,Replayed,5.0
9.0,-1.0,1,1,64.4798,62,Replayed,9.0
-38.0,1.0,-1,1,90.27918,62,Replayed,38.0
-1.0,-1.0,1,0,49.16248,62,Replayed,1.0
5.0,0.0,1,1,58.339657,62,Replayed,5.0
-5.0,1.0,-1,1,56.213917,62,Replayed,5.0
-5.0,0.0,1,0,43.66351,62,Replayed,5.0
1.0,1.0,1,1,52.072506,62,Replayed,1.0
38.0,-1.0,1,1,93.379074,62,Replayed,38.0
-3.0,1.0,-1,1,51.960205,62,Replayed,3.0
-3.0,0.0,-1,1,52.06111,62,Replayed,3.0
1.0,-1.0,1,1,52.70775,62,Replayed,1.0
3.0,1.0,1,1,55.698807,62,Replayed,3.0
-38.0,-1.0,-1,1,92.00386,62,Replayed,38.0
-5.0,-1.0,1,0,44.169815,62,Replayed,5.0
-9.0,-1.0,-1,1,61.848705,62,Replayed,9.0
-1.0,1.0,1,0,50.0139,62,Replayed,1.0
5.0,1.0,-1,0,41.015087,62,Replayed,5.0
1.0,-1.0,-1,0,47.696316,62,Replayed,1.0
9.0,-1.0,-1,0,35.780643,62,Replayed,9.0
-9.0,-1.0,-1,1,61.670082,62,Replayed,9.0
9.0,1.0,1,1,63.098248,62,Replayed,9.0
9.0,-1.0,1,1,64.3278,62,Replayed,9.0
1.0,0.0,1,1,52.65329,62,Replayed,1.0
5.0,-1.0,-1,0,40.905365,62,Replayed,5.0
1.0,-1.0,1,1,53.10155,62,Replayed,1.0
9.0,0.0,1,1,64.419846,62,Replayed,9.0
-38.0,0.0,-1,1,91.22245,62,Replayed,38.0
-3.0,0.0,-1,1,52.874573,62,Replayed,3.0
-38.0,0.0,-1,1,91.77272,62,Replayed,38.0
-1.0,-1.0,-1,1,50.548424,62,Replayed,1.0
-5.0,1.0,1,0,44.043713,62,Replayed,5.0
-3.0,1.0,1,0,47.10022,62,Replayed,3.0
-1.0,0.0,1,0,49.909256,62,Replayed,1.0
38.0,-1.0,1,1,93.40638,62,Replayed,38.0
3.0,1.0,-1,0,44.692524,62,Replayed,3.0
-38.0,-1.0,-1,1,92.15444,62,Replayed,38.0
-3.0,1.0,-1,1,53.2255,62,Replayed,3.0
3.0,1.0,1,1,55.3776,62,Replayed,3.0
1.0,1.0,-1,0,46.241173,62,Replayed,1.0
9.0,0.0,1,1,64.102455,62,Replayed,9.0
1.0,1.0,-1,0,47.261585,62,Replayed,1.0
-3.0,-1.0,-1,1,52.77005,62,Replayed,3.0
-3.0,0.0,1,0,47.69669,62,Replayed,3.0
-9.0,0.0,1,0,38.892178,62,Replayed,9.0
38.0,1.0,1,1,92.553406,62,Replayed,38.0
-9.0,1.0,-1,1,60.278915,62,Replayed,9.0
-9.0,1.0,-1,1,59.774803,62,Replayed,9.0
-3.0,0.0,-1,1,53.50758,62,Replayed,3.0
-38.0,0.0,-1,1,91.40884,62,Replayed,38.0
5.0,0.0,1,1,59.23798,62,Replayed,5.0
-5.0,1.0,1,0,44.682686,62,Replayed,5.0
9.0,0.0,1,1,64.0916,62,Replayed,9.0
-38.0,1.0,-1,1,90.68309,62,Replayed,38.0
3.0,-1.0,1,1,56.020767,62,Replayed,3.0
-1.0,0.0,-1,1,50.177963,62,Replayed,1.0
-3.0,-1.0,1,0,47.30168,62,Replayed,3.0
-5.0,-1.0,-1,1,56.4931,62,Replayed,5.0
5.0,1.0,-1,0,41.5668,62,Replayed,5.0
5.0,0.0,1,1,59.447895,62,Replayed,5.0
-5.0,-1.0,-1,1,55.934746,62,Replayed,5.0
-5.0,0.0,-1,1,55.94176,62,Replayed,5.0
-38.0,-1.0,-1,1,92.06257,62,Replayed,38.0
38.0,0.0,1,1,92.55386,62,Replayed,38.0
-9.0,1.0,-1,1,59.577103,62,Replayed,9.0
-9.0,0.0,1,0,38.27058,62,Replayed,9.0
38.0,1.0,1,1,92.01229,62,Replayed,38.0
-3.0,-1.0,-1,1,52.626484,62,Replayed,3.0
-5.0,1.0,1,0,44.709526,62,Replayed,5.0
38.0,0.0,1,1,92.96635,62,Replayed,38.0
5.0,0.0,-1,0,41.53947,62,Replayed,5.0
3.0,0.0,-1,0,44.660328,62,Replayed,3.0
1.0,-1.0,1,1,53.46858,62,Replayed,1.0
3.0,0.0,1,1,56.646774,62,Replayed,3.0
5.0,0.0,1,1,58.904602,62,Replayed,5.0
38.0,-1.0,1,1,93.248055,62,Replayed,38.0
-3.0,0.0,-1,1,52.942913,62,Replayed,3.0
5.0,1.0,1,1,58.7871,62,Replayed,5.0
-5.0,1.0,-1,1,54.95136,62,Replayed,5.0
38.0,0.0,1,1,92.936226,62,Replayed,38.0
-3.0,1.0,-1,1,53.09551,62,Replayed,3.0
3.0,0.0,-1,0,44.367416,62,Replayed,3.0
3.0,-1.0,1,1,56.93955,62,Replayed,3.0
-1.0,-1.0,-1,1,50.732086,62,Replayed,1.0
5.0,1.0,1,1,58.033962,62,Replayed,5.0
9.0,1.0,1,1,62.863743,62,Replayed,9.0
-5.0,0.0,-1,1,57.04921,62,Replayed,5.0
-1.0,-1.0,1,0,49.52544,62,Replayed,1.0
3.0,-1.0,1,1,55.595028,62,Replayed,3.0
-1.0,0.0,1,0,49.661114,62,Replayed,1.0
-9.0,-1.0,1,0,38.299408,62,Replayed,9.0
38.0,-1.0,1,1,93.63558,62,Replayed,38.0
-1.0,1.0,-1,1,49.455532,62,Replayed,1.0
-9.0,1.0,-1,1,60.63993,62,Replayed,9.0
-38.0,0.0,-1,1,91.529175,62,Replayed,38.0
-38.0,-1.0,-1,1,92.4864,62,Replayed,38.0
38.0,0.0,1,1,92.566475,62,Replayed,38.0
38.0,0.0,1,1,92.92373,62,Replayed,38.0
-5.0,-1.0,1,0,43.669018,62,Replayed,5.0
1.0,1.0,1,1,53.400707,62,Replayed,1.0
-38.0,0.0,-1,1,91.60001,62,Replayed,38.0
-3.0,-1.0,1,0,47.275635,62,Replayed,3.0
5.0,-1.0,-1,0,40.49717,62,Replayed,5.0
1.0,0.0,-1,0,47.371094,62,Replayed,1.0
38.0,1.0,1,1,91.73523,62,Replayed,38.0
3.0,1.0,1,1,55.444008,62,Replayed,3.0
-38.0,1.0,-1,1,90.770294,62,Replayed,38.0
1.0,-1.0,-1,0,47.259216,62,Replayed,1.0
-5.0,-1.0,-1,1,56.10516,62,Replayed,5.0
-9.0,0.0,-1,1,61.07942,62,Replayed,9.0
5.0,1.0,-1,0,42.97293,62,Replayed,5.0
1.0,0.0,-1,0,47.01628,62,Replayed,1.0
-1.0,1.0,-1,1,49.825417,62,Replayed,1.0
-1.0,0.0,-1,1,50.92337,62,Replayed,1.0
-9.0,-1.0,-1,1,61.7001,62,Replayed,9.0
-3.0,-1.0,1,0,46.36518,62,Replayed,3.0
9.0,0.0,1,1,64.11487,62,Replayed,9.0
38.0,0.0,1,1,92.36013,62,Replayed,38.0
3.0,0.0,1,1,55.617577,62,Replayed,3.0
-9.0,0.0,-1,1,60.88511,62,Replayed,9.0
5.0,-1.0,1,1,58.1935,62,Replayed,5.0
38.0,0.0,1,1,92.62382,62,Replayed,38.0
-9.0,1.0,1,0,39.477287,62,Replayed,9.0
3.0,0.0,1,1,55.246532,62,Replayed,3.0
-38.0,0.0,-1,1,91.267624,62,Replayed,38.0
-1.0,-1.0,-1,1,50.156055,62,Replayed,1.0
9.0,0.0,1,1,63.166798,62,Replayed,9.0
9.0,1.0,1,1,63.627625,62,Replayed,9.0
-9.0,0.0,1,0,38.291046,62,Replayed,9.0
3.0,1.0,-1,0,44.536438,62,Replayed,3.0
-1.0,1.0,1,0,50.438065,62,Replayed,1.0
1.0,1.0,-1,0,46.918964,62,Replayed,1.0
-38.0,1.0,-1,1,90.13147,62,Replayed,38.0
-5.0,1.0,-1,1,54.693996,62,Replayed,5.0
-3.0,1.0,1,0,47.128113,62,Replayed,3.0
3.0,1.0,1,1,55.52538,62,Replayed,3.0
9.0,-1.0,1,1,64.31153,62,Replayed,9.0
3.0,-1.0,1,1,56.27523,62,Replayed,3.0
3.0,0.0,1,1,55.355705,62,Replayed,3.0
-1.0,0.0,-1,1,50.97066,62,Replayed,1.0
5.0,-1.0,1,1,58.938293,62,Replayed,5.0
9.0,1.0,-1,0,36.554874,62,Replayed,9.0
5.0,-1.0,1,1,58.96511,62,Replayed,5.0
9.0,1.0,1,1,63.451378,62,Replayed,9.0
-1.0,0.0,-1,1,49.973915,62,Replayed,1.0
-5.0,0.0,-1,1,55.201878,62,Replayed,5.0
-38.0,-1.0,-1,1,92.36061,62,Replayed,38.0
1.0,-1.0,1,1,52.553165,62,Replayed,1.0
-3.0,-1.0,-1,1,52.862366,62,Replayed,3.0
9.0,1.0,-1,0,36.72893,62,Replayed,9.0
-3.0,-1.0,-1,1,53.654816,62,Replayed,3.0
-38.0,0.0,-1,1,91.738525,62,Replayed,38.0
38.0,-1.0,1,1,93.376854,62,Replayed,38.0
-5.0,0.0,-1,1,55.401844,62,Replayed,5.0
5.0,-1.0,-1,0,41.180935,62,Replayed,5.0
-9.0,1.0,-1,1,60.771008,62,Replayed,9.0
-1.0,0.0,-1,1,50.4781,62,Replayed,1.0
-9.0,-1.0,-1,1,62.183865,62,Replayed,9.0
-1.0,1.0,1,0,50.13321,62,Replayed,1.0
-3.0,0.0,-1,1,52.43458,62,Replayed,3.0
-9.0,1.0,-1,1,59.66156,62,Replayed,9.0
-5.0,-1.0,-1,1,55.781322,62,Replayed,5.0
9.0,1.0,1,1,63.20753,62,Replayed,9.0
3.0,0.0,1,1,55.22907,62,Replayed,3.0
-1.0,1.0,1,0,50.344677,62,Replayed,1.0
9.0,-1.0,1,1,63.449608,62,Replayed,9.0
9.0,-1.0,-1,0,35.452194,62,Replayed,9.0
-3.0,0.0,-1,1,53.263252,62,Replayed,3.0
-9.0,-1.0,-1,1,61.481445,62,Replayed,9.0
-1.0,-1.0,-1,1,49.867825,62,Replayed,1.0
9.0,1.0,-1,0,36.97303,62,Replayed,9.0
-5.0,0.0,-1,1,55.122066,62,Replayed,5.0
9.0,0.0,1,1,63.955643,62,Replayed,9.0
-1.0,1.0,-1,1,50.14479,62,Replayed,1.0
38.0,1.0,1,1,91.99747,62,Replayed,38.0
-3.0,1.0,1,0,47.419186,62,Replayed,3.0
-38.0,0.0,-1,1,91.41059,62,Replayed,38.0
5.0,0.0,1,1,58.80395,62,Replayed,5.0
-1.0,-1.0,1,0,49.869476,62,Replayed,1.0
1.0,1.0,1,1,53.0399,62,Replayed,1.0
-38.0,-1.0,-1,1,92.14439,62,Replayed,38.0
38.0,0.0,1,1,92.951904,62,Replayed,38.0
1.0,-1.0,1,1,52.32772,62,Replayed,1.0
-3.0,0.0,1,0,46.840736,62,Replayed,3.0
-9.0,-1.0,-1,1,61.96993,62,Replayed,9.0
-1.0,1.0,-1,1,50.661438,62,Replayed,1.0
9.0,-1.0,1,1,64.26642,62,Replayed,9.0
-5.0,0.0,1,0,44.469563,62,Replayed,5.0
1.0,0.0,1,1,53.393948,62,Replayed,1.0
5.0,1.0,1,1,57.185852,62,Replayed,5.0
-5.0,-1.0,1,0,43.355236,62,Replayed,5.0
38.0,1.0,1,1,91.80929,62,Replayed,38.0
3.0,1.0,1,1,55.95306,62,Replayed,3.0
5.0,-1.0,1,1,58.247494,62,Replayed,5.0
5.0,0.0,1,1,58.564697,62,Replayed,5.0
3.0,-1.0,-1,0,44.439144,62,Replayed,3.0
-9.0,0.0,-1,1,61.206776,62,Replayed,9.0
3.0,1.0,1,1,55.17523,62,Replayed,3.0
5.0,1.0,1,1,58.320065,62,Replayed,5.0
5.0,0.0,1,1,57.411854,62,Replayed,5.0
1.0,-1.0,-1,0,47.36759,62,Replayed,1.0
-1.0,-1.0,-1,1,50.347225,62,Replayed,1.0
-3.0,-1.0,-1,1,53.100037,62,Replayed,3.0
-1.0,0.0,1,0,49.821495,62,Replayed,1.0
38.0,-1.0,1,1,93.69893,62,Replayed,38.0
-38.0,1.0,-1,1,90.45951,62,Replayed,38.0
1.0,0.0,1,1,53.191628,62,Replayed,1.0
1.0,0.0,1,1,52.446133,62,Replayed,1.0
3.0,-1.0,1,1,56.699284,62,Replayed,3.0
-5.0,-1.0,1,0,44.899048,62,Replayed,5.0
-9.0,0.0,-1,1,60.594093,62,Replayed,9.0
1.0,1.0,-1,0,47.89078,62,Replayed,1.0
-38.0,1.0,-1,1,90.45669,62,Replayed,38.0
9.0,-1.0,-1,0,34.87671,62,Replayed,9.0
1.0,0.0,1,1,53.70775,62,Replayed,1.0
3.0,-1.0,1,1,56.278175,62,Replayed,3.0
-5.0,1.0,1,0,44.287518,62,Replayed,5.0
9.0,0.0,-1,0,35.675983,62,Replayed,9.0
38.0,1.0,1,1,91.95572,62,Replayed,38.0
-38.0,-1.0,-1,1,92.17966,62,Replayed,38.0
3.0,-1.0,1,1,56.261425,62,Replayed,3.0
-38.0,-1.0,-1,1,91.96918,62,Replayed,38.0
38.0,1.0,1,1,91.54428,62,Replayed,38.0
-3.0,1.0,-1,1,53.249954,62,Replayed,3.0
-9.0,-1.0,-1,1,62.11714,62,Replayed,9.0
1.0,0.0,1,1,53.265007,62,Replayed,1.0
38.0,1.0,1,1,91.830284,62,Replayed,38.0
-5.0,0.0,-1,1,55.466347,62,Replayed,5.0
5.0,1.0,1,1,57.468407,62,Replayed,5.0
-9.0,1.0,1,0,39.260216,62,Replayed,9.0
-38.0,-1.0,-1,1,97.69449,63,Replayed,38.0
-5.0,-1.0,-1,1,58.452423,63,Replayed,5.0
3.0,0.0,1,1,59.988297,63,Replayed,3.0
5.0,-1.0,1,1,64.47957,63,Replayed,5.0
38.0,0.0,1,1,98.377014,63,Replayed,38.0
-1.0,-1.0,1,0,51.832897,63,Replayed,1.0
-1.0,0.0,1,0,51.487495,63,Replayed,1.0
-9.0,-1.0,-1,1,66.86351,63,Replayed,9.0
-3.0,-1.0,-1,1,53.965992,63,Replayed,3.0
-5.0,1.0,1,0,42.282127,63,Replayed,5.0
-1.0,-1.0,1,0,52.08704,63,Replayed,1.0
-38.0,-1.0,-1,1,97.61063,63,Replayed,38.0
9.0,1.0,1,1,72.037476,63,Replayed,9.0
38.0,1.0,1,1,98.15097,63,Replayed,38.0
3.0,1.0,-1,0,40.019405,63,Replayed,3.0
38.0,0.0,1,1,98.140114,63,Replayed,38.0
5.0,-1.0,-1,0,34.522976,63,Replayed,5.0
9.0,1.0,-1,0,27.539286,63,Replayed,9.0
-38.0,0.0,-1,1,97.50741,63,Replayed,38.0
1.0,1.0,1,1,55.712307,63,Replayed,1.0
3.0,1.0,-1,0,39.998352,63,Replayed,3.0
-9.0,1.0,-1,1,65.79327,63,Replayed,9.0
-9.0,0.0,1,0,33.353302,63,Replayed,9.0
9.0,-1.0,1,1,72.644516,63,Replayed,9.0
9.0,-1.0,1,1,72.72786,63,Replayed,9.0
-38.0,0.0,-1,1,97.6509,63,Replayed,38.0
-38.0,-1.0,-1,1,97.73814,63,Replayed,38.0
3.0,0.0,1,1,59.951527,63,Replayed,3.0
-9.0,-1.0,-1,1,66.975525,63,Replayed,9.0
-5.0,1.0,-1,1,58.00265,63,Replayed,5.0
-9.0,-1.0,-1,1,67.16228,63,Replayed,9.0
5.0,1.0,-1,0,36.606384,63,Replayed,5.0
-9.0,0.0,-1,1,65.380585,63,Replayed,9.0
-3.0,1.0,1,0,47.29962,63,Replayed,3.0
38.0,1.0,1,1,98.32029,63,Replayed,38.0
5.0,0.0,1,1,65.00794,63,Replayed,5.0
-5.0,0.0,1,0,41.883488,63,Replayed,5.0
5.0,1.0,1,1,64.225105,63,Replayed,5.0
-9.0,1.0,-1,1,65.971115,63,Replayed,9.0
-38.0,1.0,-1,1,97.321144,63,Replayed,38.0
-5.0,0.0,1,0,42.69391,63,Replayed,5.0
38.0,0.0,1,1,98.3559,63,Replayed,38.0
-38.0,-1.0,-1,1,97.70583,63,Replayed,38.0
9.0,0.0,1,1,70.64326,63,Replayed,9.0
-5.0,1.0,-1,1,57.75422,63,Replayed,5.0
1.0,-1.0,-1,0,44.20954,63,Replayed,1.0
9.0,-1.0,1,1,72.33452,63,Replayed,9.0
9.0,1.0,1,1,72.14368,63,Replayed,9.0
-5.0,-1.0,-1,1,58.14866,63,Replayed,5.0
-5.0,-1.0,1,0,42.234715,63,Replayed,5.0
-5.0,-1.0,-1,1,56.510532,63,Replayed,5.0
-1.0,0.0,-1,1,48.684868,63,Replayed,1.0
1.0,1.0,-1,0,44.99705,63,Replayed,1.0
1.0,0.0,1,1,56.54724,63,Replayed,1.0
9.0,0.0,1,1,72.491905,63,Replayed,9.0
9.0,-1.0,1,1,72.477516,63,Replayed,9.0
38.0,1.0,1,1,98.306564,63,Replayed,38.0
-38.0,-1.0,-1,1,97.67822,63,Replayed,38.0
1.0,-1.0,-1,0,44.9795,63,Replayed,1.0
5.0,0.0,1,1,64.19661,63,Replayed,5.0
-1.0,1.0,-1,1,49.03907,63,Replayed,1.0
-5.0,1.0,1,0,42.05139,63,Replayed,5.0
9.0,1.0,1,1,72.28569,63,Replayed,9.0
-3.0,1.0,1,0,46.63653,63,Replayed,3.0
1.0,-1.0,1,1,55.725204,63,Replayed,1.0
3.0,1.0,-1,0,40.403053,63,Replayed,3.0
-3.0,0.0,1,0,47.20392,63,Replayed,3.0
3.0,1.0,-1,0,40.34813,63,Replayed,3.0
38.0,-1.0,1,1,98.42883,63,Replayed,38.0
-5.0,-1.0,1,0,42.075413,63,Replayed,5.0
5.0,1.0,1,1,64.81394,63,Replayed,5.0
-1.0,-1.0,-1,1,48.73944,63,Replayed,1.0
1.0,-1.0,-1,0,44.429104,63,Replayed,1.0
3.0,-1.0,-1,0,39.99711,63,Replayed,3.0
-1.0,0.0,1,0,50.856495,63,Replayed,1.0
1.0,0.0,1,1,55.28131,63,Replayed,1.0
-9.0,0.0,1,0,33.77973,63,Replayed,9.0
-3.0,-1.0,1,0,48.03748,63,Replayed,3.0
-9.0,0.0,-1,1,65.89874,63,Replayed,9.0
-1.0,-1.0,-1,1,48.1735,63,Replayed,1.0
9.0,1.0,1,1,72.55969,63,Replayed,9.0
-3.0,1.0,-1,1,52.778137,63,Replayed,3.0
-5.0,0.0,1,0,42.251915,63,Replayed,5.0
1.0,-1.0,1,1,56.93493,63,Replayed,1.0
-3.0,0.0,-1,1,53.62141,63,Replayed,3.0
3.0,0.0,1,1,60.45354,63,Replayed,3.0
3.0,1.0,-1,0,40.026436,63,Replayed,3.0
1.0,0.0,1,1,55.31183,63,Replayed,1.0
5.0,0.0,1,1,64.670204,63,Replayed,5.0
5.0,-1.0,1,1,64.54183,63,Replayed,5.0
-9.0,-1.0,-1,1,66.85077,63,Replayed,9.0
-1.0,-1.0,1,0,52.22506,63,Replayed,1.0
-5.0,0.0,1,0,42.3838,63,Replayed,5.0
1.0,1.0,-1,0,43.49325,63,Replayed,1.0
1.0,0.0,1,1,55.48256,63,Replayed,1.0
3.0,0.0,1,1,59.84425,63,Replayed,3.0
-3.0,-1.0,1,0,46.561993,63,Replayed,3.0
-5.0,0.0,-1,1,57.932163,63,Replayed,5.0
-1.0,1.0,1,0,50.79439,63,Replayed,1.0
-9.0,1.0,-1,1,66.62881,63,Replayed,9.0
3.0,0.0,-1,0,39.311966,63,Replayed,3.0
3.0,0.0,-1,0,40.525715,63,Replayed,3.0
38.0,-1.0,1,1,98.475296,63,Replayed,38.0
38.0,-1.0,1,1,98.525276,63,Replayed,38.0
-3.0,-1.0,1,0,46.099083,63,Replayed,3.0
9.0,0.0,1,1,72.28699,63,Replayed,9.0
-1.0,0.0,1,0,51.259148,63,Replayed,1.0
3.0,1.0,-1,0,39.767395,63,Replayed,3.0
-38.0,1.0,-1,1,97.461266,63,Replayed,38.0
-38.0,0.0,-1,1,97.557526,63,Replayed,38.0
-38.0,1.0,-1,1,97.59028,63,Replayed,38.0
-9.0,-1.0,-1,1,67.071815,63,Replayed,9.0
3.0,0.0,1,1,60.92353,63,Replayed,3.0
1.0,1.0,1,1,55.76048,63,Replayed,1.0
-9.0,1.0,-1,1,66.26901,63,Replayed,9.0
5.0,0.0,-1,0,35.405975,63,Replayed,5.0
1.0,1.0,1,1,55.59951,63,Replayed,1.0
5.0,-1.0,1,1,64.94015,63,Replayed,5.0
-9.0,0.0,-1,1,66.734406,63,Replayed,9.0
9.0,-1.0,1,1,71.726974,63,Replayed,9.0
-3.0,-1.0,-1,1,53.41019,63,Replayed,3.0
-9.0,1.0,-1,1,66.4555,63,Replayed,9.0
-3.0,-1.0,1,0,46.82708,63,Replayed,3.0
-9.0,0.0,-1,1,65.57585,63,Replayed,9.0
-9.0,-1.0,-1,1,65.88068,63,Replayed,9.0
1.0,1.0,1,1,56.26315,63,Replayed,1.0
-5.0,1.0,-1,1,58.256256,63,Replayed,5.0
-5.0,-1.0,-1,1,58.64543,63,Replayed,5.0
9.0,0.0,-1,0,27.900864,63,Replayed,9.0
38.0,-1.0,1,1,98.39563,63,Replayed,38.0
-3.0,1.0,1,0,46.678673,63,Replayed,3.0
-1.0,-1.0,1,0,51.639694,63,Replayed,1.0
5.0,-1.0,1,1,65.02325,63,Replayed,5.0
1.0,-1.0,1,1,56.28995,63,Replayed,1.0
5.0,1.0,1,1,63.998528,63,Replayed,5.0
38.0,0.0,1,1,98.36868,63,Replayed,38.0
38.0,0.0,1,1,98.33771,63,Replayed,38.0
-38.0,0.0,-1,1,97.48411,63,Replayed,38.0
3.0,1.0,1,1,59.24401,63,Replayed,3.0
3.0,-1.0,-1,0,39.463696,63,Replayed,3.0
-1.0,1.0,1,0,51.34142,63,Replayed,1.0
-9.0,1.0,1,0,34.208385,63,Replayed,9.0
-3.0,1.0,1,0,46.938034,63,Replayed,3.0
-3.0,0.0,-1,1,53.556526,63,Replayed,3.0
9.0,-1.0,1,1,72.48004,63,Replayed,9.0
3.0,-1.0,-1,0,39.357197,63,Replayed,3.0
1.0,-1.0,1,1,56.507713,63,Replayed,1.0
38.0,1.0,1,1,98.20933,63,Replayed,38.0
-38.0,-1.0,-1,1,97.64311,63,Replayed,38.0
-3.0,0.0,-1,1,53.953506,63,Replayed,3.0
-5.0,-1.0,-1,1,57.81275,63,Replayed,5.0
5.0,-1.0,1,1,65.48628,63,Replayed,5.0
-38.0,0.0,-1,1,97.57489,63,Replayed,38.0
-1.0,0.0,1,0,51.17849,63,Replayed,1.0
-5.0,0.0,-1,1,58.038147,63,Replayed,5.0
1.0,0.0,1,1,56.429565,63,Replayed,1.0
-1.0,1.0,-1,1,48.801376,63,Replayed,1.0
5.0,0.0,1,1,65.36171,63,Replayed,5.0
-1.0,0.0,-1,1,49.45818,63,Replayed,1.0
38.0,0.0,1,1,98.31368,63,Replayed,38.0
-5.0,0.0,1,0,42.431522,63,Replayed,5.0
-9.0,1.0,-1,1,65.11227,63,Replayed,9.0
5.0,0.0,1,1,64.98521,63,Replayed,5.0
-38.0,1.0,-1,1,97.43803,63,Replayed,38.0
38.0,-1.0,1,1,98.38416,63,Replayed,38.0
-38.0,1.0,-1,1,97.38782,63,Replayed,38.0
-3.0,0.0,-1,1,52.334606,63,Replayed,3.0
3.0,-1.0,-1,0,39.865868,63,Replayed,3.0
-38.0,-1.0,-1,1,97.80549,63,Replayed,38.0
9.0,-1.0,1,1,71.978,63,Replayed,9.0
9.0,1.0,1,1,73.10092,63,Replayed,9.0
1.0,1.0,-1,0,43.487125,63,Replayed,1.0
-3.0,1.0,-1,1,53.36453,63,Replayed,3.0
5.0,1.0,1,1,64.60385,63,Replayed,5.0
-5.0,-1.0,-1,1,57.132298,63,Replayed,5.0
-3.0,0.0,-1,1,52.85388,63,Replayed,3.0
-38.0,1.0,-1,1,97.39109,63,Replayed,38.0
-38.0,0.0,-1,1,97.40865,63,Replayed,38.0
-1.0,0.0,1,0,51.285725,63,Replayed,1.0
-3.0,1.0,1,0,47.12334,63,Replayed,3.0
-38.0,1.0,-1,1,97.389404,63,Replayed,38.0
5.0,0.0,-1,0,35.46583,63,Replayed,5.0
3.0,0.0,1,1,60.27669,63,Replayed,3.0
38.0,1.0,1,1,98.28452,63,Replayed,38.0
38.0,1.0,1,1,98.27375,63,Replayed,38.0
38.0,1.0,1,1,98.3613,63,Replayed,38.0
1.0,0.0,1,1,56.920288,63,Replayed,1.0
9.0,0.0,1,1,72.439,63,Replayed,9.0
9.0,1.0,1,1,72.70766,63,Replayed,9.0
-3.0,1.0,1,0,46.094147,63,Replayed,3.0
-3.0,0.0,-1,1,52.792126,63,Replayed,3.0
9.0,-1.0,1,1,73.289024,63,Replayed,9.0
-5.0,1.0,1,0,43.007366,63,Replayed,5.0
38.0,0.0,1,1,98.314,63,Replayed,38.0
-3.0,0.0,1,0,46.761806,63,Replayed,3.0
3.0,1.0,-1,0,39.7129,63,Replayed,3.0
-9.0,0.0,-1,1,67.10945,63,Replayed,9.0
9.0,1.0,1,1,72.43286,63,Replayed,9.0
-1.0,-1.0,1,0,50.77722,63,Replayed,1.0
-38.0,-1.0,-1,1,97.59033,63,Replayed,38.0
1.0,-1.0,-1,0,43.955128,63,Replayed,1.0
5.0,1.0,1,1,63.99906,63,Replayed,5.0
3.0,-1.0,-1,0,40.901844,63,Replayed,3.0
-5.0,0.0,-1,1,57.77216,63,Replayed,5.0
5.0,0.0,1,1,64.83101,63,Replayed,5.0
9.0,0.0,1,1,72.29205,63,Replayed,9.0
-1.0,1.0,1,0,51.858162,63,Replayed,1.0
-9.0,-1.0,-1,1,66.34581,63,Replayed,9.0
-1.0,0.0,1,0,52.74427,63,Replayed,1.0
1.0,0.0,1,1,55.734657,63,Replayed,1.0
-9.0,0.0,-1,1,65.936485,63,Replayed,9.0
1.0,0.0,-1,0,44.278645,63,Replayed,1.0
1.0,1.0,1,1,56.52008,63,Replayed,1.0
-1.0,-1.0,1,0,51.27185,63,Replayed,1.0
-38.0,0.0,-1,1,97.60966,63,Replayed,38.0
-3.0,-1.0,-1,1,53.826065,63,Replayed,3.0
5.0,1.0,1,1,64.59425,63,Replayed,5.0
5.0,1.0,-1,0,36.0264,63,Replayed,5.0
9.0,0.0,1,1,72.519135,63,Replayed,9.0
-5.0,1.0,-1,1,57.656372,63,Replayed,5.0
9.0,0.0,-1,0,27.350409,63,Replayed,9.0
-1.0,1.0,1,0,51.653893,63,Replayed,1.0
38.0,0.0,1,1,98.32229,63,Replayed,38.0
3.0,-1.0,1,1,60.027737,63,Replayed,3.0
-9.0,-1.0,-1,1,66.258415,63,Replayed,9.0
-3.0,-1.0,1,0,46.14771,63,Replayed,3.0
38.0,-1.0,1,1,98.37442,63,Replayed,38.0
-1.0,1.0,1,0,51.271873,63,Replayed,1.0
38.0,-1.0,1,1,98.39915,63,Replayed,38.0
5.0,-1.0,-1,0,35.320194,63,Replayed,5.0
-1.0,1.0,-1,1,48.99101,63,Replayed,1.0
-9.0,1.0,1,0,34.561146,63,Replayed,9.0
3.0,-1.0,1,1,60.171158,63,Replayed,3.0
38.0,-1.0,1,1,98.31797,63,Replayed,38.0
5.0,-1.0,1,1,65.21003,63,Replayed,5.0
-5.0,1.0,-1,1,57.674866,63,Replayed,5.0
-38.0,0.0,-1,1,97.59703,63,Replayed,38.0
3.0,-1.0,1,1,60.201042,63,Replayed,3.0
-38.0,1.0,-1,1,97.50132,63,Replayed,38.0
1.0,-1.0,-1,0,48.254787,64,Replayed,1.0
38.0,1.0,1,1,86.20465,64,Replayed,38.0
9.0,0.0,-1,0,39.138596,64,Replayed,9.0
38.0,-1.0,1,1,83.266014,64,Replayed,38.0
3.0,1.0,1,1,54.797737,64,Replayed,3.0
-1.0,1.0,-1,1,50.039024,64,Replayed,1.0
9.0,0.0,1,1,59.751858,64,Replayed,9.0
3.0,0.0,-1,0,45.34858,64,Replayed,3.0
38.0,1.0,1,1,86.03642,64,Replayed,38.0
1.0,0.0,1,1,52.645058,64,Replayed,1.0
3.0,0.0,-1,0,46.521008,64,Replayed,3.0
-38.0,0.0,-1,1,83.236084,64,Replayed,38.0
-5.0,0.0,-1,1,53.425575,64,Replayed,5.0
9.0,-1.0,1,1,58.673798,64,Replayed,9.0
5.0,0.0,1,1,56.100826,64,Replayed,5.0
5.0,-1.0,1,1,55.24109,64,Replayed,5.0
9.0,0.0,1,1,61.68511,64,Replayed,9.0
9.0,1.0,1,1,61.031265,64,Replayed,9.0
-38.0,-1.0,-1,1,81.51579,64,Replayed,38.0
3.0,-1.0,-1,0,46.47107,64,Replayed,3.0
-38.0,1.0,-1,1,84.32001,64,Replayed,38.0
-3.0,1.0,1,0,48.242596,64,Replayed,3.0
38.0,-1.0,1,1,83.043396,64,Replayed,38.0
1.0,-1.0,1,1,52.32023,64,Replayed,1.0
-1.0,0.0,1,0,50.495945,64,Replayed,1.0
38.0,0.0,1,1,84.87975,64,Replayed,38.0
5.0,-1.0,-1,0,44.17673,64,Replayed,5.0
38.0,1.0,1,1,85.987206,64,Replayed,38.0
-38.0,1.0,-1,1,84.14847,64,Replayed,38.0
-5.0,0.0,1,0,45.920887,64,Replayed,5.0
-38.0,-1.0,-1,1,82.01133,64,Replayed,38.0
1.0,-1.0,1,1,52.741085,64,Replayed,1.0
-5.0,1.0,1,0,46.614655,64,Replayed,5.0
38.0,-1.0,1,1,83.15268,64,Replayed,38.0
-38.0,0.0,-1,1,83.41101,64,Replayed,38.0
5.0,0.0,1,1,56.224083,64,Replayed,5.0
-3.0,0.0,1,0,47.89002,64,Replayed,3.0
-1.0,-1.0,-1,1,50.37744,64,Replayed,1.0
-3.0,0.0,1,0,48.548748,64,Replayed,3.0
3.0,0.0,-1,0,45.756485,64,Replayed,3.0
-3.0,1.0,1,0,47.82766,64,Replayed,3.0
3.0,0.0,1,1,54.7678,64,Replayed,3.0
-5.0,0.0,-1,1,53.409325,64,Replayed,5.0
3.0,-1.0,1,1,53.301777,64,Replayed,3.0
-1.0,-1.0,1,0,50.103706,64,Replayed,1.0
-5.0,0.0,1,0,46.25699,64,Replayed,5.0
-5.0,-1.0,-1,1,53.430874,64,Replayed,5.0
38.0,1.0,1,1,85.55111,64,Replayed,38.0
-38.0,1.0,-1,1,84.27836,64,Replayed,38.0
-38.0,0.0,-1,1,83.05494,64,Replayed,38.0
-5.0,0.0,-1,1,53.818066,64,Replayed,5.0
-1.0,-1.0,1,0,50.26884,64,Replayed,1.0
-1.0,-1.0,1,0,50.121273,64,Replayed,1.0
5.0,-1.0,1,1,56.947147,64,Replayed,5.0
-9.0,-1.0,-1,1,57.33857,64,Replayed,9.0
9.0,1.0,1,1,60.24211,64,Replayed,9.0
3.0,1.0,1,1,54.00661,64,Replayed,3.0
-5.0,1.0,-1,1,54.939842,64,Replayed,5.0
3.0,-1.0,1,1,53.40637,64,Replayed,3.0
1.0,1.0,-1,0,48.474773,64,Replayed,1.0
-9.0,1.0,-1,1,59.206642,64,Replayed,9.0
3.0,1.0,1,1,54.05492,64,Replayed,3.0
9.0,-1.0,-1,0,40.876656,64,Replayed,9.0
1.0,0.0,1,1,52.29922,64,Replayed,1.0
-3.0,-1.0,1,0,48.52909,64,Replayed,3.0
-3.0,0.0,1,0,49.087746,64,Replayed,3.0
-3.0,-1.0,-1,1,52.689857,64,Replayed,3.0
5.0,0.0,-1,0,42.667114,64,Replayed,5.0
-5.0,1.0,-1,1,54.05745,64,Replayed,5.0
-3.0,0.0,-1,1,51.66733,64,Replayed,3.0
-9.0,0.0,-1,1,58.686783,64,Replayed,9.0
-1.0,-1.0,1,0,49.46703,64,Replayed,1.0
38.0,-1.0,1,1,83.718315,64,Replayed,38.0
-38.0,1.0,-1,1,84.67232,64,Replayed,38.0
9.0,-1.0,1,1,59.21122,64,Replayed,9.0
-38.0,-1.0,-1,1,81.63997,64,Replayed,38.0
-9.0,0.0,-1,1,57.343937,64,Replayed,9.0
9.0,0.0,1,1,59.879704,64,Replayed,9.0
-5.0,-1.0,1,0,46.09807,64,Replayed,5.0
38.0,0.0,1,1,84.42076,64,Replayed,38.0
-9.0,1.0,-1,1,57.88958,64,Replayed,9.0
-38.0,0.0,-1,1,83.02305,64,Replayed,38.0
38.0,0.0,1,1,84.89446,64,Replayed,38.0
1.0,-1.0,-1,0,48.78109,64,Replayed,1.0
1.0,0.0,1,1,53.348476,64,Replayed,1.0
-38.0,-1.0,-1,1,82.20949,64,Replayed,38.0
-9.0,0.0,-1,1,57.218826,64,Replayed,9.0
-3.0,-1.0,1,0,47.37814,64,Replayed,3.0
-3.0,0.0,-1,1,51.99386,64,Replayed,3.0
38.0,0.0,1,1,84.67036,64,Replayed,38.0
-3.0,-1.0,-1,1,51.56282,64,Replayed,3.0
1.0,1.0,-1,0,47.46326,64,Replayed,1.0
9.0,1.0,1,1,59.935455,64,Replayed,9.0
9.0,0.0,1,1,59.96269,64,Replayed,9.0
5.0,1.0,1,1,57.42945,64,Replayed,5.0
-5.0,-1.0,-1,1,53.17611,64,Replayed,5.0
-1.0,-1.0,1,0,50.508644,64,Replayed,1.0
5.0,-1.0,1,1,56.334137,64,Replayed,5.0
-9.0,0.0,-1,1,58.603973,64,Replayed,9.0
9.0,-1.0,1,1,58.858055,64,Replayed,9.0
-38.0,1.0,-1,1,84.85561,64,Replayed,38.0
9.0,-1.0,1,1,58.345467,64,Replayed,9.0
-1.0,1.0,-1,1,50.609787,64,Replayed,1.0
-5.0,1.0,-1,1,54.070633,64,Replayed,5.0
38.0,0.0,1,1,84.91013,64,Replayed,38.0
1.0,0.0,1,1,53.19956,64,Replayed,1.0
-1.0,0.0,-1,1,49.902065,64,Replayed,1.0
1.0,1.0,1,1,52.53103,64,Replayed,1.0
3.0,1.0,-1,0,46.105457,64,Replayed,3.0
-1.0,0.0,-1,1,49.776234,64,Replayed,1.0
-3.0,1.0,-1,1,51.940887,64,Replayed,3.0
-3.0,-1.0,1,0,47.92029,64,Replayed,3.0
5.0,1.0,-1,0,44.401142,64,Replayed,5.0
5.0,0.0,1,1,56.09951,64,Replayed,5.0
-9.0,1.0,-1,1,58.835518,64,Replayed,9.0
-9.0,1.0,-1,1,58.87571,64,Replayed,9.0
5.0,-1.0,-1,0,44.246067,64,Replayed,5.0
9.0,-1.0,-1,0,40.28123,64,Replayed,9.0
1.0,1.0,1,1,52.006435,64,Replayed,1.0
9.0,0.0,1,1,60.85896,64,Replayed,9.0
5.0,-1.0,1,1,55.266403,64,Replayed,5.0
-38.0,-1.0,-1,1,81.22908,64,Replayed,38.0
9.0,1.0,1,1,60.499454,64,Replayed,9.0
-5.0,1.0,1,0,45.70178,64,Replayed,5.0
-38.0,0.0,-1,1,83.27588,64,Replayed,38.0
-3.0,-1.0,1,0,48.384205,64,Replayed,3.0
3.0,1.0,-1,0,44.9762,64,Replayed,3.0
-9.0,1.0,-1,1,58.35376,64,Replayed,9.0
38.0,-1.0,1,1,83.50494,64,Replayed,38.0
5.0,0.0,-1,0,44.219677,64,Replayed,5.0
5.0,0.0,1,1,55.52558,64,Replayed,5.0
-5.0,1.0,-1,1,54.626118,64,Replayed,5.0
3.0,-1.0,-1,0,45.82631,64,Replayed,3.0
-1.0,1.0,-1,1,49.480293,64,Replayed,1.0
3.0,-1.0,-1,0,47.387665,64,Replayed,3.0
9.0,1.0,-1,0,38.446686,64,Replayed,9.0
-5.0,-1.0,1,0,46.4717,64,Replayed,5.0
-9.0,1.0,-1,1,58.321796,64,Replayed,9.0
1.0,-1.0,-1,0,47.624924,64,Replayed,1.0
-3.0,0.0,1,0,48.017742,64,Replayed,3.0
-5.0,-1.0,1,0,46.035828,64,Replayed,5.0
38.0,1.0,1,1,85.67368,64,Replayed,38.0
3.0,1.0,1,1,54.610134,64,Replayed,3.0
-9.0,-1.0,-1,1,56.180717,64,Replayed,9.0
38.0,-1.0,1,1,84.093895,64,Replayed,38.0
9.0,1.0,1,1,59.27313,64,Replayed,9.0
-5.0,1.0,1,0,45.899525,64,Replayed,5.0
1.0,1.0,-1,0,47.620754,64,Replayed,1.0
5.0,1.0,1,1,56.740044,64,Replayed,5.0
-5.0,-1.0,-1,1,53.102135,64,Replayed,5.0
1.0,-1.0,1,1,52.514694,64,Replayed,1.0
9.0,0.0,1,1,59.52916,64,Replayed,9.0
-9.0,1.0,1,0,41.604492,64,Replayed,9.0
-3.0,-1.0,-1,1,52.38976,64,Replayed,3.0
-5.0,0.0,-1,1,53.99953,64,Replayed,5.0
1.0,1.0,1,1,52.873848,64,Replayed,1.0
38.0,1.0,1,1,85.89974,64,Replayed,38.0
9.0,0.0,1,1,59.688686,64,Replayed,9.0
38.0,-1.0,1,1,83.99762,64,Replayed,38.0
38.0,1.0,1,1,86.18055,64,Replayed,38.0
-1.0,0.0,1,0,50.378574,64,Replayed,1.0
-9.0,-1.0,1,0,41.902477,64,Replayed,9.0
1.0,0.0,-1,0,48.05673,64,Replayed,1.0
-9.0,-1.0,1,0,43.887238,64,Replayed,9.0
-3.0,1.0,-1,1,51.808434,64,Replayed,3.0
-38.0,-1.0,-1,1,82.02242,64,Replayed,38.0
-38.0,1.0,-1,1,84.73201,64,Replayed,38.0
-5.0,0.0,1,0,46.029278,64,Replayed,5.0
-3.0,1.0,1,0,48.019478,64,Replayed,3.0
5.0,-1.0,-1,0,44.797028,64,Replayed,5.0
-1.0,1.0,-1,1,49.71925,64,Replayed,1.0
-1.0,1.0,-1,1,49.849953,64,Replayed,1.0
-38.0,-1.0,-1,1,81.916275,64,Replayed,38.0
-1.0,0.0,1,0,50.387817,64,Replayed,1.0
5.0,0.0,-1,0,44.751038,64,Replayed,5.0
3.0,-1.0,-1,0,46.314766,64,Replayed,3.0
-9.0,0.0,-1,1,58.643234,64,Replayed,9.0
3.0,0.0,1,1,53.70784,64,Replayed,3.0
5.0,-1.0,1,1,56.7447,64,Replayed,5.0
1.0,-1.0,-1,0,48.282757,64,Replayed,1.0
-1.0,0.0,-1,1,50.366074,64,Replayed,1.0
9.0,-1.0,1,1,59.875275,64,Replayed,9.0
3.0,1.0,-1,0,46.178432,64,Replayed,3.0
-3.0,1.0,1,0,49.20362,64,Replayed,3.0
-9.0,0.0,-1,1,57.794483,64,Replayed,9.0
1.0,-1.0,-1,0,48.427357,64,Replayed,1.0
-1.0,0.0,1,0,50.07015,64,Replayed,1.0
3.0,0.0,-1,0,46.08663,64,Replayed,3.0
1.0,0.0,1,1,52.463768,64,Replayed,1.0
-1.0,0.0,1,0,51.040695,64,Replayed,1.0
-1.0,-1.0,1,0,50.688255,64,Replayed,1.0
-5.0,0.0,-1,1,54.599976,64,Replayed,5.0
5.0,0.0,-1,0,44.62385,64,Replayed,5.0
-1.0,1.0,1,0,50.43568,64,Replayed,1.0
-1.0,1.0,1,0,50.90223,64,Replayed,1.0
38.0,0.0,1,1,85.29755,64,Replayed,38.0
5.0,1.0,1,1,57.528378,64,Replayed,5.0
-9.0,-1.0,-1,1,56.52986,64,Replayed,9.0
-3.0,1.0,1,0,47.998123,64,Replayed,3.0
9.0,1.0,1,1,60.845028,64,Replayed,9.0
3.0,1.0,1,1,55.222027,64,Replayed,3.0
-3.0,0.0,1,0,47.51018,64,Replayed,3.0
-1.0,-1.0,-1,1,50.080097,64,Replayed,1.0
9.0,1.0,1,1,60.80032,64,Replayed,9.0
-9.0,0.0,-1,1,58.50415,64,Replayed,9.0
-1.0,1.0,-1,1,49.537033,64,Replayed,1.0
-3.0,-1.0,-1,1,51.286507,64,Replayed,3.0
5.0,1.0,1,1,56.996178,64,Replayed,5.0
-9.0,-1.0,-1,1,56.49193,64,Replayed,9.0
5.0,1.0,1,1,56.865883,64,Replayed,5.0
1.0,1.0,1,1,52.317738,64,Replayed,1.0
5.0,1.0,1,1,56.071655,64,Replayed,5.0
-5.0,1.0,-1,1,54.097183,64,Replayed,5.0
-5.0,-1.0,1,0,45.877083,64,Replayed,5.0
-9.0,1.0,1,0,42.065155,64,Replayed,9.0
1.0,0.0,-1,0,47.57205,64,Replayed,1.0
-38.0,0.0,-1,1,82.57633,64,Replayed,38.0
3.0,0.0,1,1,54.01193,64,Replayed,3.0
3.0,0.0,1,1,54.298103,64,Replayed,3.0
-9.0,0.0,-1,1,57.482235,64,Replayed,9.0
-5.0,-1.0,-1,1,54.63132,64,Replayed,5.0
3.0,-1.0,1,1,54.862988,64,Replayed,3.0
-38.0,0.0,-1,1,82.72461,64,Replayed,38.0
-3.0,0.0,1,0,48.136673,64,Replayed,3.0
3.0,-1.0,1,1,53.095604,64,Replayed,3.0
-38.0,1.0,-1,1,84.64812,64,Replayed,38.0
38.0,0.0,1,1,85.02198,64,Replayed,38.0
-9.0,-1.0,-1,1,56.84169,64,Replayed,9.0
38.0,1.0,1,1,86.54164,64,Replayed,38.0
-38.0,0.0,-1,1,82.327614,64,Replayed,38.0
-38.0,-1.0,-1,1,81.94452,64,Replayed,38.0
-3.0,1.0,-1,1,52.344112,64,Replayed,3.0
38.0,0.0,1,1,84.88987,64,Replayed,38.0
5.0,1.0,1,1,55.497944,64,Replayed,5.0
1.0,0.0,1,1,52.113037,64,Replayed,1.0
38.0,-1.0,1,1,83.792534,64,Replayed,38.0
-9.0,-1.0,-1,1,57.061546,64,Replayed,9.0
9.0,-1.0,1,1,58.832848,64,Replayed,9.0
-38.0,1.0,-1,1,84.54634,64,Replayed,38.0
1.0,1.0,1,1,52.267605,64,Replayed,1.0
3.0,0.0,1,1,68.35065,65,Replayed,3.0
38.0,-1.0,1,1,99.99,65,Replayed,38.0
9.0,-1.0,1,1,93.44822,65,Replayed,9.0
-3.0,-1.0,-1,1,69.34332,65,Replayed,3.0
-5.0,1.0,-1,1,79.642876,65,Replayed,5.0
38.0,0.0,1,1,99.99,65,Replayed,38.0
9.0,1.0,1,1,92.78381,65,Replayed,9.0
-3.0,1.0,-1,1,70.42712,65,Replayed,3.0
-3.0,-1.0,-1,1,69.16317,65,Replayed,3.0
38.0,-1.0,1,1,99.99,65,Replayed,38.0
5.0,0.0,-1,0,20.842567,65,Replayed,5.0
-9.0,0.0,-1,1,93.82486,65,Replayed,9.0
1.0,-1.0,-1,0,42.17989,65,Replayed,1.0
-1.0,0.0,-1,1,55.8806,65,Replayed,1.0
-9.0,-1.0,-1,1,93.354836,65,Replayed,9.0
-1.0,-1.0,-1,1,57.25116,65,Replayed,1.0
-5.0,-1.0,-1,1,80.83303,65,Replayed,5.0
-9.0,1.0,-1,1,94.72443,65,Replayed,9.0
5.0,1.0,1,1,79.59055,65,Replayed,5.0
-38.0,1.0,-1,1,99.99,65,Replayed,38.0
-38.0,1.0,-1,1,99.99,65,Replayed,38.0
-9.0,1.0,-1,1,94.168976,65,Replayed,9.0
-1.0,1.0,-1,1,57.763226,65,Replayed,1.0
-3.0,-1.0,1,0,29.692846,65,Replayed,3.0
-1.0,1.0,1,0,42.14019,65,Replayed,1.0
-3.0,0.0,-1,1,69.63202,65,Replayed,3.0
-5.0,0.0,-1,1,80.553406,65,Replayed,5.0
3.0,1.0,-1,0,29.85437,65,Replayed,3.0
1.0,0.0,1,1,54.6161,65,Replayed,1.0
-38.0,-1.0,-1,1,99.99,65,Replayed,38.0
3.0,0.0,1,1,69.854836,65,Replayed,3.0
1.0,1.0,1,1,56.218357,65,Replayed,1.0
5.0,1.0,1,1,79.97489,65,Replayed,5.0
38.0,0.0,1,1,99.99,65,Replayed,38.0
3.0,-1.0,1,1,70.518555,65,Replayed,3.0
-38.0,-1.0,-1,1,99.99,65,Replayed,38.0
-5.0,-1.0,1,0,19.606375,65,Replayed,5.0
-9.0,0.0,-1,1,93.275566,65,Replayed,9.0
9.0,1.0,-1,0,5.681493,65,Replayed,9.0
-1.0,0.0,1,0,41.703266,65,Replayed,1.0
-38.0,-1.0,-1,1,99.99,65,Replayed,38.0
3.0,0.0,1,1,69.01964,65,Replayed,3.0
5.0,-1.0,1,1,81.73926,65,Replayed,5.0
1.0,-1.0,1,1,56.375854,65,Replayed,1.0
-38.0,1.0,-1,1,99.99,65,Replayed,38.0
38.0,-1.0,1,1,99.99,65,Replayed,38.0
9.0,-1.0,1,1,93.326096,65,Replayed,9.0
3.0,0.0,1,1,67.99402,65,Replayed,3.0
-3.0,0.0,-1,1,69.43437,65,Replayed,3.0
38.0,1.0,1,1,99.99,65,Replayed,38.0
-9.0,-1.0,-1,1,93.29751,65,Replayed,9.0
1.0,-1.0,1,1,56.83559,65,Replayed,1.0
-38.0,-1.0,-1,1,99.99,65,Replayed,38.0
-38.0,1.0,-1,1,99.99,65,Replayed,38.0
-1.0,-1.0,1,0,44.14758,65,Replayed,1.0
9.0,0.0,1,1,92.55064,65,Replayed,9.0
38.0,0.0,1,1,99.99,65,Replayed,38.0
-1.0,0.0,1,0,43.995464,65,Replayed,1.0
1.0,1.0,1,1,57.167034,65,Replayed,1.0
3.0,1.0,1,1,69.076584,65,Replayed,3.0
5.0,0.0,1,1,80.29596,65,Replayed,5.0
-3.0,0.0,1,0,29.83473,65,Replayed,3.0
-38.0,1.0,-1,1,99.99,65,Replayed,38.0
9.0,0.0,-1,0,7.0397825,65,Replayed,9.0
-1.0,0.0,1,0,44.960773,65,Replayed,1.0
1.0,-1.0,1,1,57.40913,65,Replayed,1.0
-3.0,-1.0,-1,1,69.3302,65,Replayed,3.0
-3.0,1.0,1,0,29.716715,65,Replayed,3.0
9.0,-1.0,1,1,94.08179,65,Replayed,9.0
-5.0,0.0,1,0,19.854439,65,Replayed,5.0
9.0,1.0,1,1,93.72519,65,Replayed,9.0
-5.0,0.0,-1,1,79.52704,65,Replayed,5.0
-1.0,1.0,1,0,42.967503,65,Replayed,1.0
9.0,0.0,1,1,93.40574,65,Replayed,9.0
9.0,0.0,1,1,93.213326,65,Replayed,9.0
9.0,1.0,-1,0,6.9633427,65,Replayed,9.0
38.0,0.0,1,1,99.99,65,Replayed,38.0
9.0,1.0,1,1,93.10032,65,Replayed,9.0
-1.0,-1.0,-1,1,56.136787,65,Replayed,1.0
38.0,1.0,1,1,99.99,65,Replayed,38.0
-1.0,0.0,-1,1,58.461506,65,Replayed,1.0
-3.0,1.0,-1,1,67.39855,65,Replayed,3.0
-38.0,0.0,-1,1,99.99,65,Replayed,38.0
5.0,1.0,-1,0,19.438246,65,Replayed,5.0
5.0,1.0,1,1,79.09378,65,Replayed,5.0
3.0,0.0,1,1,70.38627,65,Replayed,3.0
1.0,-1.0,-1,0,44.321228,65,Replayed,1.0
5.0,0.0,1,1,79.87923,65,Replayed,5.0
-3.0,-1.0,-1,1,69.5687,65,Replayed,3.0
-5.0,-1.0,-1,1,79.4164,65,Replayed,5.0
3.0,-1.0,-1,0,31.379608,65,Replayed,3.0
-9.0,0.0,-1,1,93.75574,65,Replayed,9.0
-3.0,1.0,-1,1,70.12671,65,Replayed,3.0
3.0,-1.0,1,1,66.57642,65,Replayed,3.0
9.0,0.0,1,1,92.50148,65,Replayed,9.0
38.0,-1.0,1,1,99.99,65,Replayed,38.0
38.0,0.0,1,1,99.99,65,Replayed,38.0
-9.0,1.0,-1,1,93.33991,65,Replayed,9.0
-3.0,0.0,-1,1,68.55173,65,Replayed,3.0
5.0,1.0,1,1,78.524956,65,Replayed,5.0
3.0,-1.0,1,1,69.9326,65,Replayed,3.0
-9.0,1.0,-1,1,93.41324,65,Replayed,9.0
-5.0,0.0,-1,1,79.5663,65,Replayed,5.0
-5.0,1.0,-1,1,80.69002,65,Replayed,5.0
-3.0,1.0,-1,1,70.80932,65,Replayed,3.0
3.0,0.0,1,1,68.82674,65,Replayed,3.0
9.0,0.0,1,1,93.723526,65,Replayed,9.0
-9.0,-1.0,-1,1,93.39636,65,Replayed,9.0
-3.0,0.0,1,0,28.466087,65,Replayed,3.0
-3.0,1.0,-1,1,71.34597,65,Replayed,3.0
9.0,-1.0,-1,0,5.9802594,65,Replayed,9.0
-5.0,-1.0,-1,1,81.13448,65,Replayed,5.0
1.0,1.0,1,1,55.808212,65,Replayed,1.0
-1.0,-1.0,-1,1,54.360313,65,Replayed,1.0
-1.0,1.0,1,0,42.59576,65,Replayed,1.0
3.0,-1.0,-1,0,31.72768,65,Replayed,3.0
38.0,0.0,1,1,99.99,65,Replayed,38.0
5.0,-1.0,1,1,80.129234,65,Replayed,5.0
38.0,-1.0,1,1,99.99,65,Replayed,38.0
38.0,1.0,1,1,99.99,65,Replayed,38.0
1.0,0.0,-1,0,44.00661,65,Replayed,1.0
-9.0,0.0,-1,1,93.982,65,Replayed,9.0
-1.0,-1.0,-1,1,57.202686,65,Replayed,1.0
-38.0,1.0,-1,1,99.99,65,Replayed,38.0
-1.0,0.0,-1,1,58.016235,65,Replayed,1.0
-5.0,1.0,-1,1,79.29408,65,Replayed,5.0
-1.0,1.0,1,0,42.43221,65,Replayed,1.0
38.0,0.0,1,1,99.99,65,Replayed,38.0
-38.0,0.0,-1,1,99.99,65,Replayed,38.0
-3.0,0.0,-1,1,69.74249,65,Replayed,3.0
-3.0,-1.0,-1,1,68.78384,65,Replayed,3.0
5.0,1.0,1,1,79.895676,65,Replayed,5.0
-1.0,1.0,-1,1,58.48647,65,Replayed,1.0
1.0,0.0,1,1,56.141163,65,Replayed,1.0
-38.0,-1.0,-1,1,99.99,65,Replayed,38.0
-9.0,1.0,-1,1,94.43871,65,Replayed,9.0
-5.0,0.0,-1,1,80.25533,65,Replayed,5.0
-9.0,-1.0,-1,1,94.30021,65,Replayed,9.0
-38.0,-1.0,-1,1,99.99,65,Replayed,38.0
-9.0,1.0,-1,1,94.141045,65,Replayed,9.0
38.0,1.0,1,1,99.99,65,Replayed,38.0
-38.0,0.0,-1,1,99.99,65,Replayed,38.0
-5.0,1.0,1,0,20.929691,65,Replayed,5.0
38.0,-1.0,1,1,99.99,65,Replayed,38.0
3.0,1.0,1,1,67.11132,65,Replayed,3.0
5.0,1.0,-1,0,21.118097,65,Replayed,5.0
9.0,1.0,1,1,93.84538,65,Replayed,9.0
5.0,-1.0,1,1,80.641266,65,Replayed,5.0
-38.0,1.0,-1,1,99.99,65,Replayed,38.0
1.0,1.0,1,1,56.13491,65,Replayed,1.0
-38.0,-1.0,-1,1,99.99,65,Replayed,38.0
9.0,1.0,1,1,93.99919,65,Replayed,9.0
-9.0,0.0,-1,1,94.726875,65,Replayed,9.0
-3.0,0.0,-1,1,70.13286,65,Replayed,3.0
-9.0,-1.0,-1,1,93.689316,65,Replayed,9.0
-9.0,0.0,-1,1,93.474106,65,Replayed,9.0
1.0,1.0,1,1,57.129,65,Replayed,1.0
-5.0,1.0,-1,1,79.65869,65,Replayed,5.0
-38.0,0.0,-1,1,99.99,65,Replayed,38.0
-1.0,-1.0,1,0,43.53683,65,Replayed,1.0
-5.0,-1.0,-1,1,79.44915,65,Replayed,5.0
5.0,0.0,-1,0,19.786106,65,Replayed,5.0
-9.0,0.0,-1,1,93.63023,65,Replayed,9.0
-5.0,1.0,-1,1,79.584335,65,Replayed,5.0
1.0,1.0,1,1,56.78889,65,Replayed,1.0
3.0,1.0,1,1,68.84909,65,Replayed,3.0
3.0,-1.0,1,1,68.59467,65,Replayed,3.0
9.0,0.0,1,1,93.08947,65,Replayed,9.0
5.0,-1.0,1,1,79.77191,65,Replayed,5.0
9.0,0.0,1,1,92.38032,65,Replayed,9.0
-3.0,-1.0,-1,1,69.14034,65,Replayed,3.0
3.0,-1.0,1,1,70.0529,65,Replayed,3.0
-38.0,0.0,-1,1,99.99,65,Replayed,38.0
-9.0,1.0,-1,1,93.60132,65,Replayed,9.0
9.0,-1.0,1,1,92.99138,65,Replayed,9.0
38.0,1.0,1,1,99.99,65,Replayed,38.0
1.0,1.0,1,1,54.191166,65,Replayed,1.0
-38.0,0.0,-1,1,99.99,65,Replayed,38.0
5.0,0.0,-1,0,20.604528,65,Replayed,5.0
-1.0,0.0,1,0,41.11758,65,Replayed,1.0
-5.0,0.0,-1,1,80.20114,65,Replayed,5.0
5.0,0.0,1,1,80.016785,65,Replayed,5.0
3.0,1.0,1,1,67.82672,65,Replayed,3.0
9.0,-1.0,1,1,94.28169,65,Replayed,9.0
1.0,0.0,1,1,54.547268,65,Replayed,1.0
3.0,1.0,1,1,69.2259,65,Replayed,3.0
-1.0,-1.0,1,0,42.870296,65,Replayed,1.0
-5.0,0.0,-1,1,79.32748,65,Replayed,5.0
-1.0,0.0,-1,1,57.13566,65,Replayed,1.0
-1.0,1.0,-1,1,57.764442,65,Replayed,1.0
1.0,0.0,1,1,54.669617,65,Replayed,1.0
1.0,1.0,-1,0,43.532078,65,Replayed,1.0
1.0,-1.0,1,1,55.63202,65,Replayed,1.0
38.0,1.0,1,1,99.99,65,Replayed,38.0
-5.0,0.0,-1,1,80.007164,65,Replayed,5.0
-38.0,1.0,-1,1,99.99,65,Replayed,38.0
3.0,-1.0,1,1,69.135376,65,Replayed,3.0
-3.0,1.0,-1,1,68.38779,65,Replayed,3.0
3.0,1.0,-1,0,30.502733,65,Replayed,3.0
5.0,0.0,1,1,80.338135,65,Replayed,5.0
-9.0,-1.0,-1,1,93.34055,65,Replayed,9.0
3.0,1.0,1,1,67.64839,65,Replayed,3.0
3.0,0.0,-1,0,31.173012,65,Replayed,3.0
9.0,-1.0,1,1,94.03964,65,Replayed,9.0
-5.0,1.0,-1,1,80.78297,65,Replayed,5.0
38.0,-1.0,1,1,99.99,65,Replayed,38.0
-38.0,0.0,-1,1,99.99,65,Replayed,38.0
-1.0,-1.0,1,0,44.46657,65,Replayed,1.0
5.0,1.0,1,1,80.097,65,Replayed,5.0
-38.0,0.0,-1,1,99.99,65,Replayed,38.0
1.0,0.0,1,1,57.613937,65,Replayed,1.0
-3.0,1.0,1,0,30.245832,65,Replayed,3.0
9.0,-1.0,1,1,93.33815,65,Replayed,9.0
-9.0,1.0,-1,1,94.19193,65,Replayed,9.0
1.0,1.0,-1,0,48.384945,66,Replayed,1.0
-1.0,0.0,-1,1,50.101437,66,Replayed,1.0
5.0,0.0,1,1,54.046677,66,Replayed,5.0
5.0,0.0,1,1,54.98011,66,Replayed,5.0
1.0,-1.0,1,1,52.113503,66,Replayed,1.0
-38.0,-1.0,-1,1,82.19728,66,Replayed,38.0
38.0,1.0,1,1,83.719894,66,Replayed,38.0
1.0,-1.0,1,1,51.767887,66,Replayed,1.0
-3.0,-1.0,1,0,48.29452,66,Replayed,3.0
5.0,-1.0,1,1,54.759552,66,Replayed,5.0
-3.0,1.0,-1,1,52.212887,66,Replayed,3.0
1.0,1.0,-1,0,48.981552,66,Replayed,1.0
9.0,-1.0,-1,0,42.60907,66,Replayed,9.0
-1.0,0.0,-1,1,50.129562,66,Replayed,1.0
-1.0,0.0,1,0,50.590504,66,Replayed,1.0
1.0,-1.0,1,1,51.259605,66,Replayed,1.0
-9.0,0.0,-1,1,55.93236,66,Replayed,9.0
-3.0,0.0,-1,1,51.026653,66,Replayed,3.0
9.0,0.0,1,1,57.513374,66,Replayed,9.0
-9.0,-1.0,1,0,44.506126,66,Replayed,9.0
-9.0,-1.0,-1,1,56.146587,66,Replayed,9.0
-38.0,0.0,-1,1,82.543274,66,Replayed,38.0
1.0,-1.0,1,1,51.618896,66,Replayed,1.0
9.0,1.0,1,1,56.487118,66,Replayed,9.0
1.0,1.0,-1,0,48.849834,66,Replayed,1.0
-5.0,-1.0,-1,1,53.27157,66,Replayed,5.0
-9.0,0.0,-1,1,55.43474,66,Replayed,9.0
38.0,0.0,1,1,84.41711,66,Replayed,38.0
5.0,-1.0,1,1,53.82045,66,Replayed,5.0
9.0,0.0,-1,0,42.898262,66,Replayed,9.0
-1.0,1.0,-1,1,50.20521,66,Replayed,1.0
3.0,-1.0,-1,0,46.70533,66,Replayed,3.0
-1.0,1.0,1,0,49.66486,66,Replayed,1.0
38.0,-1.0,1,1,84.0603,66,Replayed,38.0
5.0,0.0,1,1,55.07554,66,Replayed,5.0
-3.0,1.0,-1,1,51.6327,66,Replayed,3.0
38.0,-1.0,1,1,84.755486,66,Replayed,38.0
-3.0,0.0,-1,1,52.12614,66,Replayed,3.0
-9.0,-1.0,1,0,44.795017,66,Replayed,9.0
-9.0,0.0,-1,1,56.03446,66,Replayed,9.0
38.0,0.0,1,1,83.32686,66,Replayed,38.0
-5.0,1.0,-1,1,53.354145,66,Replayed,5.0
-9.0,-1.0,-1,1,56.43269,66,Replayed,9.0
-38.0,1.0,-1,1,81.68222,66,Replayed,38.0
-38.0,1.0,-1,1,81.89268,66,Replayed,38.0
9.0,0.0,-1,0,43.600334,66,Replayed,9.0
3.0,0.0,-1,0,46.918743,66,Replayed,3.0
-5.0,1.0,-1,1,53.028076,66,Replayed,5.0
3.0,0.0,1,1,52.66513,66,Replayed,3.0
5.0,1.0,1,1,55.1004,66,Replayed,5.0
38.0,1.0,1,1,83.55299,66,Replayed,38.0
-1.0,0.0,1,0,50.4538,66,Replayed,1.0
-3.0,0.0,-1,1,50.94027,66,Replayed,3.0
-5.0,1.0,-1,1,53.102962,66,Replayed,5.0
5.0,1.0,1,1,54.18432,66,Replayed,5.0
-5.0,1.0,-1,1,52.835064,66,Replayed,5.0
-5.0,0.0,-1,1,51.89549,66,Replayed,5.0
-38.0,1.0,-1,1,81.8142,66,Replayed,38.0
-3.0,-1.0,1,0,49.11439,66,Replayed,3.0
-5.0,0.0,-1,1,53.65642,66,Replayed,5.0
38.0,1.0,1,1,83.78502,66,Replayed,38.0
9.0,1.0,1,1,56.41576,66,Replayed,9.0
-1.0,0.0,-1,1,50.80492,66,Replayed,1.0
3.0,1.0,1,1,53.095276,66,Replayed,3.0
-5.0,0.0,-1,1,52.94227,66,Replayed,5.0
-3.0,-1.0,-1,1,50.96277,66,Replayed,3.0
-5.0,0.0,-1,1,52.924145,66,Replayed,5.0
1.0,0.0,1,1,51.14321,66,Replayed,1.0
9.0,0.0,1,1,57.275867,66,Replayed,9.0
-1.0,-1.0,-1,1,49.997723,66,Replayed,1.0
-38.0,1.0,-1,1,81.83129,66,Replayed,38.0
-9.0,-1.0,-1,1,54.885895,66,Replayed,9.0
9.0,0.0,1,1,57.26471,66,Replayed,9.0
-1.0,-1.0,1,0,50.481922,66,Replayed,1.0
-3.0,0.0,1,0,47.908123,66,Replayed,3.0
-3.0,0.0,1,0,48.28581,66,Replayed,3.0
9.0,-1.0,1,1,56.938225,66,Replayed,9.0
3.0,-1.0,1,1,52.316784,66,Replayed,3.0
3.0,1.0,1,1,53.120007,66,Replayed,3.0
-38.0,0.0,-1,1,82.39977,66,Replayed,38.0
5.0,0.0,1,1,54.8908,66,Replayed,5.0
-5.0,1.0,1,0,47.45823,66,Replayed,5.0
-1.0,0.0,1,0,50.075394,66,Replayed,1.0
38.0,0.0,1,1,83.63742,66,Replayed,38.0
9.0,1.0,1,1,57.05773,66,Replayed,9.0
-3.0,-1.0,1,0,48.703037,66,Replayed,3.0
38.0,0.0,1,1,84.496735,66,Replayed,38.0
1.0,0.0,1,1,51.833515,66,Replayed,1.0
1.0,0.0,1,1,51.66874,66,Replayed,1.0
-38.0,-1.0,-1,1,82.14919,66,Replayed,38.0
1.0,-1.0,1,1,51.152317,66,Replayed,1.0
-3.0,-1.0,-1,1,52.11503,66,Replayed,3.0
-9.0,-1.0,-1,1,56.18252,66,Replayed,9.0
5.0,1.0,-1,0,45.515133,66,Replayed,5.0
-9.0,1.0,-1,1,55.279606,66,Replayed,9.0
1.0,1.0,1,1,50.325924,66,Replayed,1.0
-5.0,1.0,1,0,47.535576,66,Replayed,5.0
-1.0,1.0,1,0,49.512646,66,Replayed,1.0
1.0,0.0,-1,0,48.114532,66,Replayed,1.0
1.0,1.0,1,1,51.801525,66,Replayed,1.0
-1.0,1.0,-1,1,50.971676,66,Replayed,1.0
-3.0,0.0,1,0,48.29868,66,Replayed,3.0
-38.0,0.0,-1,1,82.785324,66,Replayed,38.0
9.0,1.0,-1,0,43.323265,66,Replayed,9.0
38.0,0.0,1,1,83.65209,66,Replayed,38.0
3.0,0.0,1,1,52.50386,66,Replayed,3.0
5.0,1.0,-1,0,45.625267,66,Replayed,5.0
-5.0,-1.0,1,0,47.02051,66,Replayed,5.0
-3.0,1.0,-1,1,51.392044,66,Replayed,3.0
-38.0,0.0,-1,1,81.34119,66,Replayed,38.0
-1.0,1.0,1,0,49.940758,66,Replayed,1.0
-9.0,0.0,1,0,44.782467,66,Replayed,9.0
-9.0,1.0,-1,1,55.763317,66,Replayed,9.0
-3.0,1.0,1,0,48.65101,66,Replayed,3.0
-1.0,1.0,-1,1,49.926224,66,Replayed,1.0
5.0,1.0,-1,0,46.142246,66,Replayed,5.0
9.0,0.0,1,1,57.086987,66,Replayed,9.0
-5.0,-1.0,-1,1,52.93754,66,Replayed,5.0
3.0,-1.0,1,1,53.510033,66,Replayed,3.0
-1.0,-1.0,1,0,49.966106,66,Replayed,1.0
-3.0,1.0,-1,1,51.6235,66,Replayed,3.0
-1.0,-1.0,-1,1,50.234913,66,Replayed,1.0
3.0,1.0,-1,0,46.58598,66,Replayed,3.0
-9.0,-1.0,1,0,43.557495,66,Replayed,9.0
1.0,0.0,-1,0,48.449963,66,Replayed,1.0
-38.0,-1.0,-1,1,82.693954,66,Replayed,38.0
-9.0,1.0,1,0,44.57999,66,Replayed,9.0
-1.0,-1.0,-1,1,50.20361,66,Replayed,1.0
3.0,0.0,1,1,52.469288,66,Replayed,3.0
-9.0,-1.0,-1,1,55.586277,66,Replayed,9.0
1.0,1.0,-1,0,48.654278,66,Replayed,1.0
5.0,-1.0,1,1,55.098377,66,Replayed,5.0
1.0,-1.0,-1,0,48.57679,66,Replayed,1.0
-9.0,0.0,-1,1,55.393993,66,Replayed,9.0
3.0,-1.0,-1,0,47.196854,66,Replayed,3.0
5.0,0.0,1,1,54.16659,66,Replayed,5.0
-38.0,-1.0,-1,1,82.34101,66,Replayed,38.0
1.0,1.0,1,1,51.447117,66,Replayed,1.0
1.0,-1.0,-1,0,47.453045,66,Replayed,1.0
9.0,0.0,1,1,56.74325,66,Replayed,9.0
-3.0,-1.0,1,0,48.291294,66,Replayed,3.0
-38.0,1.0,-1,1,80.76174,66,Replayed,38.0
38.0,0.0,1,1,84.289505,66,Replayed,38.0
9.0,-1.0,1,1,57.76918,66,Replayed,9.0
-38.0,0.0,-1,1,81.646935,66,Replayed,38.0
9.0,1.0,1,1,55.6738,66,Replayed,9.0
38.0,0.0,1,1,83.3988,66,Replayed,38.0
38.0,-1.0,1,1,84.48419,66,Replayed,38.0
1.0,0.0,-1,0,48.73059,66,Replayed,1.0
3.0,-1.0,-1,0,46.963554,66,Replayed,3.0
-3.0,0.0,1,0,48.260468,66,Replayed,3.0
5.0,1.0,1,1,54.38668,66,Replayed,5.0
5.0,1.0,-1,0,46.26108,66,Replayed,5.0
-3.0,0.0,1,0,48.42597,66,Replayed,3.0
-5.0,-1.0,-1,1,53.36168,66,Replayed,5.0
9.0,1.0,-1,0,43.078724,66,Replayed,9.0
-38.0,1.0,-1,1,81.106224,66,Replayed,38.0
-5.0,-1.0,-1,1,53.942917,66,Replayed,5.0
38.0,-1.0,1,1,83.95217,66,Replayed,38.0
1.0,0.0,1,1,51.899902,66,Replayed,1.0
-9.0,0.0,-1,1,55.691887,66,Replayed,9.0
3.0,0.0,1,1,52.305626,66,Replayed,3.0
-38.0,-1.0,-1,1,82.1684,66,Replayed,38.0
5.0,-1.0,1,1,54.187775,66,Replayed,5.0
-3.0,1.0,-1,1,51.231705,66,Replayed,3.0
-3.0,1.0,1,0,47.97045,66,Replayed,3.0
-5.0,1.0,-1,1,53.37273,66,Replayed,5.0
9.0,0.0,1,1,57.15444,66,Replayed,9.0
5.0,-1.0,-1,0,45.59542,66,Replayed,5.0
5.0,0.0,1,1,54.07865,66,Replayed,5.0
5.0,-1.0,1,1,54.55928,66,Replayed,5.0
3.0,1.0,1,1,52.88555,66,Replayed,3.0
5.0,-1.0,1,1,54.17473,66,Replayed,5.0
3.0,0.0,-1,0,46.44404,66,Replayed,3.0
1.0,0.0,-1,0,48.05132,66,Replayed,1.0
9.0,-1.0,1,1,56.680996,66,Replayed,9.0
-1.0,0.0,1,0,50.122597,66,Replayed,1.0
38.0,-1.0,1,1,84.00846,66,Replayed,38.0
9.0,-1.0,1,1,57.19037,66,Replayed,9.0
-9.0,1.0,-1,1,55.619347,66,Replayed,9.0
-38.0,-1.0,-1,1,83.05713,66,Replayed,38.0
3.0,1.0,1,1,53.45709,66,Replayed,3.0
-5.0,-1.0,1,0,46.47136,66,Replayed,5.0
-5.0,-1.0,1,0,46.503624,66,Replayed,5.0
-38.0,0.0,-1,1,81.28843,66,Replayed,38.0
-38.0,-1.0,-1,1,82.47879,66,Replayed,38.0
3.0,1.0,-1,0,47.43982,66,Replayed,3.0
5.0,1.0,1,1,53.578114,66,Replayed,5.0
3.0,-1.0,-1,0,46.892975,66,Replayed,3.0
-9.0,1.0,-1,1,55.419464,66,Replayed,9.0
9.0,-1.0,1,1,57.19559,66,Replayed,9.0
-1.0,0.0,-1,1,49.493725,66,Replayed,1.0
9.0,-1.0,1,1,56.53927,66,Replayed,9.0
9.0,1.0,1,1,55.863293,66,Replayed,9.0
38.0,-1.0,1,1,84.66113,66,Replayed,38.0
-9.0,0.0,-1,1,55.760414,66,Replayed,9.0
-9.0,0.0,-1,1,55.575035,66,Replayed,9.0
5.0,0.0,-1,0,45.953667,66,Replayed,5.0
-3.0,-1.0,1,0,48.308826,66,Replayed,3.0
-5.0,0.0,1,0,47.536114,66,Replayed,5.0
5.0,0.0,1,1,54.585808,66,Replayed,5.0
38.0,1.0,1,1,83.667076,66,Replayed,38.0
38.0,1.0,1,1,83.51065,66,Replayed,38.0
-1.0,-1.0,1,0,49.730278,66,Replayed,1.0
-1.0,-1.0,1,0,49.820732,66,Replayed,1.0
3.0,-1.0,1,1,52.24141,66,Replayed,3.0
-5.0,0.0,-1,1,53.086315,66,Replayed,5.0
5.0,-1.0,1,1,54.51567,66,Replayed,5.0
38.0,0.0,1,1,84.20895,66,Replayed,38.0
38.0,1.0,1,1,84.06116,66,Replayed,38.0
-5.0,0.0,-1,1,52.650227,66,Replayed,5.0
3.0,1.0,1,1,52.890606,66,Replayed,3.0
-5.0,0.0,1,0,47.55199,66,Replayed,5.0
-9.0,1.0,1,0,44.336334,66,Replayed,9.0
-9.0,1.0,-1,1,55.39995,66,Replayed,9.0
38.0,-1.0,1,1,84.76104,66,Replayed,38.0
-38.0,1.0,-1,1,81.11099,66,Replayed,38.0
9.0,-1.0,-1,0,41.841007,66,Replayed,9.0
-38.0,1.0,-1,1,81.477455,66,Replayed,38.0
-3.0,-1.0,-1,1,51.68205,66,Replayed,3.0
-38.0,-1.0,-1,1,82.4472,66,Replayed,38.0
-5.0,-1.0,1,0,47.40691,66,Replayed,5.0
-1.0,1.0,-1,1,49.52801,66,Replayed,1.0
5.0,0.0,1,1,55.611782,67,Replayed,5.0
-3.0,1.0,-1,1,52.346455,67,Replayed,3.0
-38.0,0.0,-1,1,87.028854,67,Replayed,38.0
-38.0,0.0,-1,1,87.53646,67,Replayed,38.0
3.0,0.0,-1,0,44.775806,67,Replayed,3.0
5.0,1.0,1,1,57.161213,67,Replayed,5.0
-3.0,-1.0,1,0,47.814472,67,Replayed,3.0
3.0,0.0,-1,0,44.916733,67,Replayed,3.0
9.0,1.0,1,1,62.78904,67,Replayed,9.0
1.0,-1.0,1,1,51.843334,67,Replayed,1.0
38.0,0.0,1,1,88.14739,67,Replayed,38.0
5.0,-1.0,-1,0,43.557503,67,Replayed,5.0
9.0,-1.0,1,1,60.472046,67,Replayed,9.0
38.0,-1.0,1,1,87.06417,67,Replayed,38.0
5.0,-1.0,1,1,57.1057,67,Replayed,5.0
-3.0,1.0,1,0,47.58929,67,Replayed,3.0
38.0,0.0,1,1,88.40884,67,Replayed,38.0
9.0,0.0,1,1,62.86363,67,Replayed,9.0
3.0,-1.0,-1,0,45.756886,67,Replayed,3.0
-5.0,-1.0,-1,1,55.515915,67,Replayed,5.0
-5.0,1.0,1,0,45.78684,67,Replayed,5.0
3.0,0.0,-1,0,45.456604,67,Replayed,3.0
-3.0,-1.0,1,0,46.05108,67,Replayed,3.0
-9.0,-1.0,-1,1,59.41803,67,Replayed,9.0
-5.0,1.0,1,0,45.746086,67,Replayed,5.0
-38.0,1.0,-1,1,88.68809,67,Replayed,38.0
-38.0,-1.0,-1,1,85.742355,67,Replayed,38.0
-3.0,1.0,1,0,47.53638,67,Replayed,3.0
3.0,1.0,1,1,54.84631,67,Replayed,3.0
1.0,-1.0,-1,0,48.234947,67,Replayed,1.0
38.0,1.0,1,1,89.06508,67,Replayed,38.0
-9.0,1.0,-1,1,59.885807,67,Replayed,9.0
5.0,0.0,-1,0,42.628643,67,Replayed,5.0
-5.0,-1.0,-1,1,54.687996,67,Replayed,5.0
-38.0,-1.0,-1,1,86.570915,67,Replayed,38.0
1.0,0.0,-1,0,47.942394,67,Replayed,1.0
9.0,1.0,1,1,63.866486,67,Replayed,9.0
38.0,0.0,1,1,88.36574,67,Replayed,38.0
-3.0,-1.0,1,0,47.303577,67,Replayed,3.0
38.0,1.0,1,1,88.80346,67,Replayed,38.0
38.0,1.0,1,1,89.11684,67,Replayed,38.0
-3.0,1.0,-1,1,51.42192,67,Replayed,3.0
-9.0,0.0,-1,1,59.210484,67,Replayed,9.0
-5.0,0.0,1,0,45.315926,67,Replayed,5.0
38.0,1.0,1,1,87.928246,67,Replayed,38.0
1.0,-1.0,-1,0,46.558887,67,Replayed,1.0
-3.0,0.0,1,0,49.055107,67,Replayed,3.0
-9.0,-1.0,1,0,40.921204,67,Replayed,9.0
-38.0,-1.0,-1,1,86.19054,67,Replayed,38.0
-9.0,-1.0,1,0,41.803062,67,Replayed,9.0
38.0,-1.0,1,1,87.29263,67,Replayed,38.0
-5.0,-1.0,1,0,45.855297,67,Replayed,5.0
-1.0,-1.0,-1,1,49.84682,67,Replayed,1.0
-5.0,0.0,-1,1,53.95878,67,Replayed,5.0
-9.0,1.0,-1,1,60.22112,67,Replayed,9.0
1.0,1.0,-1,0,46.046577,67,Replayed,1.0
-3.0,-1.0,-1,1,53.236588,67,Replayed,3.0
38.0,1.0,1,1,88.37167,67,Replayed,38.0
38.0,0.0,1,1,86.96754,67,Replayed,38.0
5.0,1.0,1,1,56.648254,67,Replayed,5.0
-1.0,-1.0,1,0,49.220207,67,Replayed,1.0
5.0,0.0,-1,0,42.459393,67,Replayed,5.0
3.0,0.0,1,1,54.89772,67,Replayed,3.0
-38.0,1.0,1,0,12.279601,67,Replayed,38.0
38.0,1.0,1,1,88.07328,67,Replayed,38.0
9.0,-1.0,1,1,60.71242,67,Replayed,9.0
-1.0,-1.0,-1,1,50.980103,67,Replayed,1.0
-3.0,-1.0,1,0,48.359364,67,Replayed,3.0
-1.0,-1.0,1,0,48.843815,67,Replayed,1.0
-38.0,0.0,-1,1,86.90294,67,Replayed,38.0
1.0,0.0,-1,0,47.69978,67,Replayed,1.0
-9.0,-1.0,-1,1,58.93715,67,Replayed,9.0
3.0,1.0,-1,0,44.750446,67,Replayed,3.0
1.0,0.0,-1,0,46.90957,67,Replayed,1.0
-9.0,1.0,-1,1,60.073174,67,Replayed,9.0
-9.0,-1.0,-1,1,59.766823,67,Replayed,9.0
-9.0,0.0,-1,1,59.803818,67,Replayed,9.0
-3.0,1.0,1,0,48.229206,67,Replayed,3.0
-9.0,0.0,-1,1,58.887577,67,Replayed,9.0
9.0,0.0,1,1,61.122036,67,Replayed,9.0
1.0,1.0,-1,0,46.92709,67,Replayed,1.0
-3.0,0.0,-1,1,52.178173,67,Replayed,3.0
-5.0,-1.0,1,0,44.352173,67,Replayed,5.0
3.0,1.0,1,1,55.781372,67,Replayed,3.0
1.0,0.0,-1,0,47.847492,67,Replayed,1.0
1.0,1.0,-1,0,48.241608,67,Replayed,1.0
1.0,0.0,1,1,51.65433,67,Replayed,1.0
-5.0,1.0,1,0,45.308846,67,Replayed,5.0
3.0,1.0,1,1,55.478447,67,Replayed,3.0
9.0,1.0,1,1,61.8259,67,Replayed,9.0
5.0,-1.0,1,1,56.786865,67,Replayed,5.0
38.0,0.0,1,1,87.8874,67,Replayed,38.0
-1.0,-1.0,1,0,49.837578,67,Replayed,1.0
1.0,-1.0,-1,0,48.501415,67,Replayed,1.0
-9.0,0.0,-1,1,60.520374,67,Replayed,9.0
-3.0,1.0,1,0,47.476723,67,Replayed,3.0
-1.0,1.0,1,0,49.059658,67,Replayed,1.0
3.0,1.0,1,1,54.25,67,Replayed,3.0
-38.0,0.0,-1,1,86.88551,67,Replayed,38.0
-1.0,1.0,-1,1,51.253902,67,Replayed,1.0
-9.0,0.0,1,0,39.352207,67,Replayed,9.0
38.0,-1.0,1,1,87.08002,67,Replayed,38.0
-9.0,1.0,1,0,40.00523,67,Replayed,9.0
-5.0,1.0,1,0,45.14379,67,Replayed,5.0
-38.0,1.0,-1,1,86.394104,67,Replayed,38.0
3.0,-1.0,-1,0,45.198776,67,Replayed,3.0
-1.0,0.0,-1,1,49.942135,67,Replayed,1.0
-5.0,0.0,1,0,44.97591,67,Replayed,5.0
-3.0,-1.0,1,0,47.121178,67,Replayed,3.0
-1.0,0.0,1,0,49.845753,67,Replayed,1.0
-3.0,0.0,-1,1,52.814663,67,Replayed,3.0
-9.0,0.0,1,0,41.163006,67,Replayed,9.0
9.0,-1.0,1,1,61.2194,67,Replayed,9.0
-38.0,-1.0,-1,1,85.954445,67,Replayed,38.0
3.0,1.0,1,1,55.79655,67,Replayed,3.0
9.0,1.0,1,1,62.099693,67,Replayed,9.0
1.0,1.0,-1,0,47.66303,67,Replayed,1.0
-5.0,1.0,-1,1,55.407482,67,Replayed,5.0
-5.0,0.0,-1,1,54.175037,67,Replayed,5.0
-38.0,0.0,-1,1,86.89846,67,Replayed,38.0
-3.0,0.0,1,0,47.04841,67,Replayed,3.0
5.0,0.0,1,1,57.433754,67,Replayed,5.0
-3.0,1.0,-1,1,52.909477,67,Replayed,3.0
1.0,0.0,1,1,52.176987,67,Replayed,1.0
9.0,-1.0,1,1,60.80384,67,Replayed,9.0
38.0,1.0,1,1,88.631355,67,Replayed,38.0
9.0,1.0,1,1,60.52116,67,Replayed,9.0
38.0,0.0,1,1,87.92862,67,Replayed,38.0
-1.0,0.0,1,0,49.77757,67,Replayed,1.0
1.0,-1.0,1,1,52.33611,67,Replayed,1.0
1.0,1.0,-1,0,47.723843,67,Replayed,1.0
-38.0,0.0,-1,1,87.09117,67,Replayed,38.0
-9.0,-1.0,1,0,39.302315,67,Replayed,9.0
-3.0,-1.0,1,0,48.23045,67,Replayed,3.0
-5.0,-1.0,-1,1,54.915894,67,Replayed,5.0
5.0,0.0,1,1,56.056316,67,Replayed,5.0
-38.0,-1.0,-1,1,85.94623,67,Replayed,38.0
3.0,1.0,1,1,53.966976,67,Replayed,3.0
-1.0,-1.0,-1,1,48.674538,67,Replayed,1.0
3.0,-1.0,1,1,53.867943,67,Replayed,3.0
3.0,0.0,1,1,53.714085,67,Replayed,3.0
1.0,0.0,1,1,53.931206,67,Replayed,1.0
-1.0,0.0,1,0,50.427418,67,Replayed,1.0
-1.0,-1.0,-1,1,49.346672,67,Replayed,1.0
5.0,1.0,-1,0,43.64204,67,Replayed,5.0
-5.0,-1.0,1,0,45.247326,67,Replayed,5.0
-5.0,1.0,1,0,45.329914,67,Replayed,5.0
5.0,1.0,-1,0,43.75979,67,Replayed,5.0
1.0,-1.0,-1,0,48.074516,67,Replayed,1.0
1.0,1.0,1,1,52.36268,67,Replayed,1.0
5.0,0.0,1,1,57.195515,67,Replayed,5.0
9.0,0.0,-1,0,38.040226,67,Replayed,9.0
-1.0,-1.0,-1,1,50.15543,67,Replayed,1.0
3.0,-1.0,1,1,55.31367,67,Replayed,3.0
-9.0,0.0,-1,1,59.78861,67,Replayed,9.0
5.0,0.0,-1,0,43.751667,67,Replayed,5.0
38.0,1.0,1,1,89.375565,67,Replayed,38.0
-38.0,1.0,-1,1,88.0761,67,Replayed,38.0
-38.0,1.0,-1,1,87.62903,67,Replayed,38.0
5.0,-1.0,-1,0,43.9884,67,Replayed,5.0
3.0,-1.0,-1,0,45.89219,67,Replayed,3.0
3.0,0.0,-1,0,45.082966,67,Replayed,3.0
-5.0,1.0,1,0,45.670063,67,Replayed,5.0
9.0,1.0,1,1,61.659557,67,Replayed,9.0
-1.0,1.0,-1,1,50.808136,67,Replayed,1.0
5.0,-1.0,-1,0,43.990604,67,Replayed,5.0
-38.0,1.0,-1,1,88.25271,67,Replayed,38.0
38.0,-1.0,1,1,87.02177,67,Replayed,38.0
-3.0,0.0,-1,1,52.159595,67,Replayed,3.0
3.0,0.0,-1,0,44.552467,67,Replayed,3.0
3.0,1.0,1,1,54.098312,67,Replayed,3.0
9.0,1.0,1,1,61.47049,67,Replayed,9.0
38.0,0.0,1,1,88.65813,67,Replayed,38.0
-1.0,0.0,-1,1,49.202873,67,Replayed,1.0
5.0,-1.0,1,1,55.152565,67,Replayed,5.0
-38.0,1.0,-1,1,88.17842,67,Replayed,38.0
9.0,-1.0,-1,0,40.46408,67,Replayed,9.0
38.0,0.0,1,1,87.24951,67,Replayed,38.0
9.0,1.0,-1,0,37.09431,67,Replayed,9.0
-38.0,1.0,-1,1,88.74532,67,Replayed,38.0
3.0,-1.0,1,1,55.11539,67,Replayed,3.0
5.0,-1.0,-1,0,44.058826,67,Replayed,5.0
1.0,-1.0,-1,0,48.31759,67,Replayed,1.0
-9.0,0.0,-1,1,58.893616,67,Replayed,9.0
1.0,0.0,1,1,51.41477,67,Replayed,1.0
-5.0,-1.0,-1,1,54.01781,67,Replayed,5.0
38.0,-1.0,1,1,87.16947,67,Replayed,38.0
5.0,1.0,1,1,57.148243,67,Replayed,5.0
9.0,0.0,-1,0,38.362087,67,Replayed,9.0
38.0,-1.0,1,1,86.477806,67,Replayed,38.0
-3.0,0.0,-1,1,52.654755,67,Replayed,3.0
-1.0,0.0,1,0,50.522827,67,Replayed,1.0
-9.0,1.0,1,0,40.843544,67,Replayed,9.0
-5.0,0.0,1,0,44.29041,67,Replayed,5.0
9.0,-1.0,1,1,61.198597,67,Replayed,9.0
38.0,-1.0,1,1,86.61212,67,Replayed,38.0
-38.0,0.0,1,0,12.520339,67,Replayed,38.0
9.0,-1.0,-1,0,38.40098,67,Replayed,9.0
-3.0,0.0,-1,1,53.915333,67,Replayed,3.0
-1.0,1.0,-1,1,50.361015,67,Replayed,1.0
-9.0,-1.0,-1,1,59.906776,67,Replayed,9.0
1.0,1.0,1,1,52.549545,67,Replayed,1.0
3.0,0.0,1,1,53.228767,67,Replayed,3.0
9.0,-1.0,1,1,61.269688,67,Replayed,9.0
-1.0,1.0,-1,1,51.46203,67,Replayed,1.0
-3.0,0.0,1,0,47.622894,67,Replayed,3.0
-1.0,0.0,1,0,50.78938,67,Replayed,1.0
5.0,0.0,-1,0,43.53168,67,Replayed,5.0
-3.0,1.0,-1,1,54.186676,67,Replayed,3.0
-38.0,-1.0,-1,1,85.74304,67,Replayed,38.0
5.0,1.0,1,1,56.890278,67,Replayed,5.0
-9.0,1.0,-1,1,60.660217,67,Replayed,9.0
9.0,0.0,1,1,61.555553,67,Replayed,9.0
-1.0,1.0,-1,1,49.959785,67,Replayed,1.0
5.0,1.0,1,1,56.77736,67,Replayed,5.0
-9.0,1.0,-1,1,59.92893,67,Replayed,9.0
9.0,0.0,-1,0,38.799564,67,Replayed,9.0
-9.0,-1.0,-1,1,58.609825,67,Replayed,9.0
3.0,-1.0,-1,0,45.87981,67,Replayed,3.0
-5.0,1.0,-1,1,54.54612,67,Replayed,5.0
-1.0,1.0,-1,1,50.28645,67,Replayed,1.0
1.0,-1.0,-1,0,47.800182,67,Replayed,1.0
-5.0,-1.0,1,0,44.64565,67,Replayed,5.0
-5.0,0.0,1,0,45.259735,67,Replayed,5.0
9.0,0.0,-1,0,38.59695,67,Replayed,9.0
-38.0,-1.0,-1,1,86.480484,67,Replayed,38.0
1.0,1.0,-1,0,47.043945,67,Replayed,1.0
5.0,-1.0,-1,0,43.874973,67,Replayed,5.0
-38.0,0.0,1,0,13.303619,67,Replayed,38.0
9.0,0.0,1,1,61.339355,67,Replayed,9.0
38.0,-1.0,1,1,87.56057,67,Replayed,38.0
-5.0,0.0,1,0,45.535168,67,Replayed,5.0
-1.0,1.0,-1,1,50.850517,67,Replayed,1.0
-3.0,-1.0,-1,1,52.846916,67,Replayed,3.0
-5.0,0.0,1,0,45.25688,67,Replayed,5.0
-38.0,-1.0,-1,1,86.03561,67,Replayed,38.0
3.0,-1.0,1,1,55.75065,67,Replayed,3.0
5.0,1.0,1,1,56.54782,67,Replayed,5.0
-9.0,1.0,-1,1,59.68179,67,Replayed,9.0
-1.0,0.0,1,0,49.487556,67,Replayed,1.0
3.0,1.0,1,1,57.765366,68,Replayed,3.0
-38.0,1.0,-1,1,95.90439,68,Replayed,38.0
9.0,1.0,1,1,67.608055,68,Replayed,9.0
38.0,-1.0,1,1,97.227905,68,Replayed,38.0
38.0,0.0,1,1,96.993706,68,Replayed,38.0
5.0,1.0,1,1,60.10064,68,Replayed,5.0
-1.0,-1.0,-1,1,50.74246,68,Replayed,1.0
-1.0,0.0,-1,1,50.593132,68,Replayed,1.0
38.0,1.0,1,1,96.56788,68,Replayed,38.0
-3.0,1.0,-1,1,54.03296,68,Replayed,3.0
5.0,1.0,1,1,61.222385,68,Replayed,5.0
9.0,-1.0,-1,0,30.238813,68,Replayed,9.0
1.0,0.0,1,1,53.72516,68,Replayed,1.0
-5.0,-1.0,-1,1,59.113167,68,Replayed,5.0
3.0,1.0,1,1,57.18074,68,Replayed,3.0
-5.0,0.0,1,0,42.006542,68,Replayed,5.0
-1.0,1.0,1,0,49.448772,68,Replayed,1.0
38.0,0.0,1,1,97.19307,68,Replayed,38.0
3.0,-1.0,1,1,56.294834,68,Replayed,3.0
9.0,1.0,1,1,68.51467,68,Replayed,9.0
-5.0,0.0,-1,1,58.344357,68,Replayed,5.0
3.0,0.0,1,1,57.6224,68,Replayed,3.0
-1.0,-1.0,-1,1,50.64848,68,Replayed,1.0
1.0,1.0,1,1,53.2833,68,Replayed,1.0
9.0,1.0,1,1,67.57238,68,Replayed,9.0
-38.0,0.0,-1,1,96.50001,68,Replayed,38.0
38.0,0.0,1,1,96.88969,68,Replayed,38.0
-1.0,-1.0,-1,1,50.570393,68,Replayed,1.0
-38.0,1.0,-1,1,96.169716,68,Replayed,38.0
-1.0,1.0,-1,1,50.72241,68,Replayed,1.0
-38.0,0.0,-1,1,96.54252,68,Replayed,38.0
-38.0,-1.0,-1,1,96.7497,68,Replayed,38.0
38.0,-1.0,1,1,97.37805,68,Replayed,38.0
3.0,0.0,-1,0,42.393005,68,Replayed,3.0
-3.0,0.0,-1,1,54.957355,68,Replayed,3.0
1.0,0.0,1,1,52.707928,68,Replayed,1.0
-1.0,0.0,-1,1,50.633007,68,Replayed,1.0
3.0,1.0,1,1,57.41079,68,Replayed,3.0
-9.0,1.0,-1,1,64.475784,68,Replayed,9.0
-38.0,0.0,-1,1,96.482155,68,Replayed,38.0
1.0,0.0,1,1,53.768383,68,Replayed,1.0
3.0,0.0,1,1,56.59845,68,Replayed,3.0
-38.0,1.0,-1,1,95.761696,68,Replayed,38.0
-9.0,1.0,-1,1,64.92322,68,Replayed,9.0
-3.0,1.0,1,0,45.225132,68,Replayed,3.0
-9.0,0.0,-1,1,64.65425,68,Replayed,9.0
-5.0,0.0,-1,1,58.678265,68,Replayed,5.0
5.0,0.0,-1,0,38.153847,68,Replayed,5.0
38.0,0.0,1,1,96.86335,68,Replayed,38.0
-5.0,1.0,-1,1,57.42909,68,Replayed,5.0
-5.0,-1.0,-1,1,58.917736,68,Replayed,5.0
-9.0,-1.0,1,0,32.851223,68,Replayed,9.0
-5.0,1.0,-1,1,57.98236,68,Replayed,5.0
1.0,0.0,-1,0,47.2934,68,Replayed,1.0
9.0,1.0,1,1,67.82974,68,Replayed,9.0
-3.0,-1.0,-1,1,54.088253,68,Replayed,3.0
-9.0,-1.0,-1,1,65.439735,68,Replayed,9.0
-38.0,-1.0,-1,1,96.913216,68,Replayed,38.0
-38.0,0.0,-1,1,96.49214,68,Replayed,38.0
1.0,1.0,-1,0,46.02658,68,Replayed,1.0
-9.0,0.0,1,0,33.655678,68,Replayed,9.0
1.0,-1.0,1,1,52.901207,68,Replayed,1.0
38.0,1.0,1,1,96.38462,68,Replayed,38.0
-38.0,1.0,-1,1,95.92594,68,Replayed,38.0
9.0,0.0,1,1,69.21045,68,Replayed,9.0
1.0,-1.0,-1,0,46.71669,68,Replayed,1.0
3.0,-1.0,-1,0,41.916443,68,Replayed,3.0
9.0,1.0,-1,0,32.767216,68,Replayed,9.0
1.0,1.0,1,1,53.88348,68,Replayed,1.0
9.0,0.0,1,1,68.66089,68,Replayed,9.0
3.0,1.0,1,1,57.291687,68,Replayed,3.0
-38.0,-1.0,-1,1,96.80703,68,Replayed,38.0
1.0,0.0,-1,0,45.829918,68,Replayed,1.0
1.0,1.0,-1,0,45.856186,68,Replayed,1.0
5.0,0.0,-1,0,38.040913,68,Replayed,5.0
-3.0,-1.0,-1,1,54.259144,68,Replayed,3.0
5.0,0.0,1,1,60.98758,68,Replayed,5.0
9.0,0.0,1,1,68.6186,68,Replayed,9.0
1.0,-1.0,1,1,53.218918,68,Replayed,1.0
1.0,-1.0,-1,0,46.787605,68,Replayed,1.0
9.0,-1.0,1,1,69.05173,68,Replayed,9.0
-5.0,1.0,-1,1,58.60562,68,Replayed,5.0
-1.0,1.0,1,0,50.022476,68,Replayed,1.0
-5.0,-1.0,-1,1,58.929626,68,Replayed,5.0
5.0,-1.0,1,1,62.373573,68,Replayed,5.0
-1.0,0.0,1,0,49.264812,68,Replayed,1.0
5.0,1.0,-1,0,39.65076,68,Replayed,5.0
-9.0,0.0,-1,1,64.68063,68,Replayed,9.0
-9.0,-1.0,1,0,33.553463,68,Replayed,9.0
38.0,1.0,1,1,96.57414,68,Replayed,38.0
-3.0,-1.0,1,0,45.787243,68,Replayed,3.0
-5.0,0.0,-1,1,58.93224,68,Replayed,5.0
-9.0,1.0,-1,1,64.8007,68,Replayed,9.0
5.0,0.0,1,1,61.708176,68,Replayed,5.0
-3.0,0.0,-1,1,55.241764,68,Replayed,3.0
38.0,1.0,1,1,96.47548,68,Replayed,38.0
38.0,-1.0,1,1,97.45965,68,Replayed,38.0
-9.0,1.0,-1,1,65.98028,68,Replayed,9.0
9.0,-1.0,1,1,69.12194,68,Replayed,9.0
9.0,1.0,1,1,67.932106,68,Replayed,9.0
5.0,1.0,1,1,60.69995,68,Replayed,5.0
-9.0,-1.0,-1,1,66.43772,68,Replayed,9.0
-5.0,-1.0,-1,1,58.321404,68,Replayed,5.0
3.0,-1.0,-1,0,42.590298,68,Replayed,3.0
9.0,0.0,1,1,68.09423,68,Replayed,9.0
1.0,0.0,-1,0,46.805176,68,Replayed,1.0
5.0,-1.0,-1,0,38.49958,68,Replayed,5.0
3.0,1.0,-1,0,42.614437,68,Replayed,3.0
-3.0,-1.0,-1,1,54.7417,68,Replayed,3.0
3.0,0.0,-1,0,42.263336,68,Replayed,3.0
38.0,1.0,1,1,96.648315,68,Replayed,38.0
5.0,1.0,-1,0,39.235695,68,Replayed,5.0
-38.0,0.0,-1,1,96.41519,68,Replayed,38.0
9.0,0.0,1,1,68.349655,68,Replayed,9.0
-9.0,0.0,1,0,33.929707,68,Replayed,9.0
5.0,-1.0,1,1,61.203342,68,Replayed,5.0
-3.0,1.0,-1,1,54.667324,68,Replayed,3.0
-38.0,-1.0,-1,1,96.91311,68,Replayed,38.0
-9.0,1.0,1,0,35.01592,68,Replayed,9.0
-9.0,1.0,-1,1,65.2527,68,Replayed,9.0
3.0,0.0,-1,0,43.25529,68,Replayed,3.0
38.0,0.0,1,1,96.98474,68,Replayed,38.0
3.0,0.0,1,1,56.561653,68,Replayed,3.0
-1.0,1.0,-1,1,51.003277,68,Replayed,1.0
-38.0,1.0,-1,1,95.82622,68,Replayed,38.0
5.0,1.0,1,1,60.871494,68,Replayed,5.0
-1.0,-1.0,-1,1,51.406574,68,Replayed,1.0
3.0,-1.0,1,1,58.009956,68,Replayed,3.0
5.0,-1.0,1,1,61.458893,68,Replayed,5.0
9.0,-1.0,1,1,68.98628,68,Replayed,9.0
3.0,0.0,1,1,58.19431,68,Replayed,3.0
38.0,0.0,1,1,97.018654,68,Replayed,38.0
-1.0,1.0,1,0,50.098316,68,Replayed,1.0
3.0,-1.0,1,1,56.43456,68,Replayed,3.0
-5.0,0.0,-1,1,58.665092,68,Replayed,5.0
-3.0,1.0,1,0,45.64448,68,Replayed,3.0
5.0,0.0,-1,0,38.89105,68,Replayed,5.0
5.0,0.0,1,1,61.411118,68,Replayed,5.0
1.0,1.0,1,1,53.714138,68,Replayed,1.0
-1.0,-1.0,-1,1,50.369602,68,Replayed,1.0
38.0,-1.0,1,1,97.101906,68,Replayed,38.0
3.0,1.0,-1,0,42.854725,68,Replayed,3.0
-38.0,0.0,-1,1,96.20901,68,Replayed,38.0
-38.0,-1.0,-1,1,97.03972,68,Replayed,38.0
38.0,-1.0,1,1,97.28705,68,Replayed,38.0
-5.0,0.0,1,0,41.109486,68,Replayed,5.0
-3.0,0.0,1,0,45.118446,68,Replayed,3.0
5.0,1.0,1,1,60.589622,68,Replayed,5.0
9.0,0.0,1,1,69.18123,68,Replayed,9.0
-38.0,1.0,-1,1,96.03593,68,Replayed,38.0
1.0,1.0,-1,0,46.88919,68,Replayed,1.0
3.0,0.0,1,1,57.993065,68,Replayed,3.0
-9.0,0.0,1,0,33.697853,68,Replayed,9.0
-5.0,0.0,-1,1,58.908455,68,Replayed,5.0
1.0,0.0,1,1,52.978237,68,Replayed,1.0
38.0,1.0,1,1,96.6317,68,Replayed,38.0
-5.0,1.0,-1,1,57.922943,68,Replayed,5.0
-1.0,0.0,-1,1,50.04472,68,Replayed,1.0
-9.0,-1.0,1,0,33.030502,68,Replayed,9.0
38.0,1.0,1,1,96.574936,68,Replayed,38.0
-5.0,1.0,-1,1,57.98646,68,Replayed,5.0
-1.0,0.0,1,0,49.602173,68,Replayed,1.0
9.0,-1.0,1,1,69.235245,68,Replayed,9.0
-3.0,0.0,1,0,45.39994,68,Replayed,3.0
-38.0,0.0,-1,1,96.52739,68,Replayed,38.0
-3.0,-1.0,1,0,44.206284,68,Replayed,3.0
-3.0,-1.0,1,0,45.388737,68,Replayed,3.0
-5.0,0.0,1,0,42.338238,68,Replayed,5.0
38.0,1.0,1,1,96.50287,68,Replayed,38.0
9.0,1.0,1,1,67.87017,68,Replayed,9.0
1.0,1.0,-1,0,46.608234,68,Replayed,1.0
-1.0,0.0,1,0,49.845398,68,Replayed,1.0
-38.0,1.0,-1,1,96.24616,68,Replayed,38.0
-38.0,-1.0,-1,1,96.86702,68,Replayed,38.0
-1.0,-1.0,-1,1,50.47657,68,Replayed,1.0
-1.0,0.0,1,0,48.64591,68,Replayed,1.0
3.0,-1.0,-1,0,42.58756,68,Replayed,3.0
-5.0,1.0,-1,1,58.63517,68,Replayed,5.0
-38.0,1.0,-1,1,96.09851,68,Replayed,38.0
38.0,-1.0,1,1,97.27324,68,Replayed,38.0
9.0,-1.0,-1,0,32.047115,68,Replayed,9.0
-9.0,-1.0,-1,1,66.448105,68,Replayed,9.0
-3.0,-1.0,-1,1,55.521496,68,Replayed,3.0
38.0,-1.0,1,1,97.31157,68,Replayed,38.0
-1.0,0.0,-1,1,50.74609,68,Replayed,1.0
-5.0,-1.0,1,0,40.852932,68,Replayed,5.0
-1.0,1.0,1,0,48.820488,68,Replayed,1.0
-38.0,-1.0,-1,1,96.63164,68,Replayed,38.0
5.0,-1.0,-1,0,39.01458,68,Replayed,5.0
-3.0,-1.0,-1,1,54.686623,68,Replayed,3.0
-5.0,-1.0,1,0,41.989315,68,Replayed,5.0
-1.0,1.0,1,0,50.1231,68,Replayed,1.0
-9.0,0.0,-1,1,66.819695,68,Replayed,9.0
-5.0,-1.0,-1,1,58.682835,68,Replayed,5.0
5.0,0.0,1,1,60.51327,68,Replayed,5.0
9.0,1.0,1,1,67.400375,68,Replayed,9.0
38.0,0.0,1,1,96.879135,68,Replayed,38.0
-3.0,0.0,1,0,46.645447,68,Replayed,3.0
9.0,-1.0,1,1,69.10034,68,Replayed,9.0
1.0,0.0,-1,0,46.572987,68,Replayed,1.0
-3.0,0.0,-1,1,54.858875,68,Replayed,3.0
-1.0,1.0,1,0,49.8968,68,Replayed,1.0
3.0,-1.0,-1,0,42.913418,68,Replayed,3.0
-38.0,0.0,-1,1,96.4612,68,Replayed,38.0
1.0,-1.0,1,1,53.74276,68,Replayed,1.0
1.0,-1.0,1,1,52.661854,68,Replayed,1.0
9.0,-1.0,1,1,68.95369,68,Replayed,9.0
-5.0,1.0,-1,1,58.44354,68,Replayed,5.0
-3.0,0.0,-1,1,55.44637,68,Replayed,3.0
-3.0,0.0,1,0,45.747467,68,Replayed,3.0
38.0,0.0,1,1,97.01716,68,Replayed,38.0
5.0,-1.0,-1,0,39.098694,68,Replayed,5.0
-38.0,-1.0,-1,1,96.9094,68,Replayed,38.0
9.0,0.0,1,1,68.85971,68,Replayed,9.0
-3.0,1.0,1,0,45.757465,68,Replayed,3.0
-9.0,-1.0,-1,1,66.419876,68,Replayed,9.0
1.0,-1.0,1,1,53.50667,68,Replayed,1.0
3.0,-1.0,-1,0,43.274208,68,Replayed,3.0
-9.0,1.0,-1,1,65.17639,68,Replayed,9.0
5.0,-1.0,1,1,62.97244,68,Replayed,5.0
3.0,1.0,1,1,57.145985,68,Replayed,3.0
-1.0,-1.0,-1,1,50.783527,68,Replayed,1.0
5.0,1.0,1,1,61.109608,68,Replayed,5.0
5.0,-1.0,1,1,62.497513,68,Replayed,5.0
-9.0,1.0,-1,1,65.22604,68,Replayed,9.0
1.0,1.0,1,1,53.949036,68,Replayed,1.0
5.0,0.0,1,1,61.094337,68,Replayed,5.0
3.0,1.0,1,1,56.07272,68,Replayed,3.0
-9.0,-1.0,-1,1,65.96722,68,Replayed,9.0
9.0,0.0,1,1,68.855804,68,Replayed,9.0
-1.0,-1.0,1,0,49.512085,68,Replayed,1.0
-3.0,1.0,1,0,45.41588,68,Replayed,3.0
-3.0,1.0,1,0,45.24889,68,Replayed,3.0
38.0,-1.0,1,1,97.22502,68,Replayed,38.0
-5.0,-1.0,-1,1,58.274418,68,Replayed,5.0
-9.0,0.0,1,0,33.93678,68,Replayed,9.0
-5.0,1.0,-1,1,58.168976,68,Replayed,5.0
-9.0,0.0,-1,1,65.51845,68,Replayed,9.0
1.0,-1.0,1,1,54.362785,68,Replayed,1.0
3.0,-1.0,1,1,56.05122,69,Replayed,3.0
-38.0,0.0,-1,1,69.48304,69,Replayed,38.0
9.0,1.0,1,1,59.863174,69,Replayed,9.0
-9.0,0.0,1,0,48.728653,69,Replayed,9.0
5.0,1.0,1,1,58.20125,69,Replayed,5.0
-5.0,1.0,1,0,50.50784,69,Replayed,5.0
5.0,1.0,1,1,57.76109,69,Replayed,5.0
-3.0,0.0,1,0,51.399063,69,Replayed,3.0
-9.0,1.0,-1,1,51.325478,69,Replayed,9.0
5.0,1.0,1,1,57.242657,69,Replayed,5.0
-9.0,1.0,-1,1,50.74928,69,Replayed,9.0
-1.0,1.0,1,0,53.75153,69,Replayed,1.0
38.0,-1.0,-1,0,22.232927,69,Replayed,38.0
-1.0,1.0,1,0,53.659557,69,Replayed,1.0
-1.0,-1.0,1,0,52.97981,69,Replayed,1.0
38.0,-1.0,1,1,77.770935,69,Replayed,38.0
-9.0,-1.0,1,0,46.939026,69,Replayed,9.0
-3.0,1.0,-1,1,47.550354,69,Replayed,3.0
-1.0,-1.0,1,0,53.567272,69,Replayed,1.0
5.0,-1.0,1,1,57.448547,69,Replayed,5.0
9.0,0.0,1,1,61.357246,69,Replayed,9.0
38.0,1.0,1,1,76.22216,69,Replayed,38.0
-3.0,-1.0,1,0,52.34481,69,Replayed,3.0
3.0,-1.0,1,1,57.991028,69,Replayed,3.0
-9.0,1.0,-1,1,52.233875,69,Replayed,9.0
-9.0,-1.0,1,0,49.29765,69,Replayed,9.0
38.0,0.0,1,1,77.479706,69,Replayed,38.0
-9.0,-1.0,1,0,48.939365,69,Replayed,9.0
1.0,-1.0,1,1,54.59774,69,Replayed,1.0
-1.0,0.0,1,0,54.456787,69,Replayed,1.0
38.0,0.0,1,1,77.593445,69,Replayed,38.0
-1.0,1.0,-1,1,46.047016,69,Replayed,1.0
9.0,0.0,1,1,58.94641,69,Replayed,9.0
-38.0,-1.0,-1,1,69.86419,69,Replayed,38.0
38.0,1.0,1,1,77.04537,69,Replayed,38.0
1.0,0.0,1,1,54.50154,69,Replayed,1.0
3.0,1.0,1,1,54.6322,69,Replayed,3.0
5.0,0.0,1,1,57.223682,69,Replayed,5.0
-38.0,1.0,-1,1,69.06173,69,Replayed,38.0
3.0,1.0,1,1,55.6328,69,Replayed,3.0
38.0,0.0,1,1,76.81593,69,Replayed,38.0
-1.0,-1.0,-1,1,46.09627,69,Replayed,1.0
-1.0,-1.0,-1,1,46.620472,69,Replayed,1.0
-3.0,1.0,1,0,52.326424,69,Replayed,3.0
9.0,0.0,-1,0,40.216194,69,Replayed,9.0
-9.0,-1.0,1,0,48.51286,69,Replayed,9.0
3.0,-1.0,1,1,55.41334,69,Replayed,3.0
1.0,1.0,1,1,55.13224,69,Replayed,1.0
38.0,1.0,1,1,76.51995,69,Replayed,38.0
-1.0,1.0,1,0,53.12709,69,Replayed,1.0
5.0,1.0,1,1,57.54899,69,Replayed,5.0
5.0,0.0,1,1,56.82212,69,Replayed,5.0
-38.0,0.0,-1,1,70.31435,69,Replayed,38.0
38.0,0.0,1,1,76.92573,69,Replayed,38.0
-38.0,-1.0,-1,1,71.116486,69,Replayed,38.0
9.0,-1.0,-1,0,40.04542,69,Replayed,9.0
5.0,0.0,1,1,57.477592,69,Replayed,5.0
3.0,0.0,1,1,56.10772,69,Replayed,3.0
-9.0,-1.0,-1,1,52.02715,69,Replayed,9.0
3.0,0.0,-1,0,43.842567,69,Replayed,3.0
-5.0,-1.0,1,0,51.413685,69,Replayed,5.0
1.0,0.0,1,1,55.533855,69,Replayed,1.0
1.0,-1.0,1,1,54.682762,69,Replayed,1.0
9.0,-1.0,1,1,60.75109,69,Replayed,9.0
-3.0,-1.0,1,0,51.74373,69,Replayed,3.0
38.0,-1.0,1,1,77.54969,69,Replayed,38.0
-3.0,0.0,-1,1,48.07395,69,Replayed,3.0
3.0,1.0,1,1,55.833107,69,Replayed,3.0
1.0,-1.0,1,1,56.26303,69,Replayed,1.0
-38.0,0.0,-1,1,70.51146,69,Replayed,38.0
-5.0,1.0,1,0,51.160194,69,Replayed,5.0
38.0,-1.0,1,1,77.69298,69,Replayed,38.0
3.0,0.0,1,1,56.60624,69,Replayed,3.0
9.0,-1.0,1,1,60.512035,69,Replayed,9.0
-1.0,-1.0,1,0,53.452076,69,Replayed,1.0
-38.0,1.0,1,0,30.086926,69,Replayed,38.0
-5.0,0.0,1,0,51.144333,69,Replayed,5.0
1.0,1.0,-1,0,45.64805,69,Replayed,1.0
-1.0,-1.0,1,0,54.22412,69,Replayed,1.0
1.0,0.0,1,1,55.101734,69,Replayed,1.0
-5.0,-1.0,-1,1,48.49413,69,Replayed,5.0
-5.0,-1.0,-1,1,49.926144,69,Replayed,5.0
3.0,0.0,1,1,56.377132,69,Replayed,3.0
-5.0,-1.0,-1,1,49.235336,69,Replayed,5.0
-5.0,0.0,-1,1,49.45019,69,Replayed,5.0
5.0,0.0,-1,0,42.81895,69,Replayed,5.0
-38.0,0.0,-1,1,69.962685,69,Replayed,38.0
-1.0,0.0,1,0,52.742176,69,Replayed,1.0
-1.0,1.0,-1,1,46.397514,69,Replayed,1.0
-1.0,0.0,1,0,53.28077,69,Replayed,1.0
1.0,1.0,1,1,54.48109,69,Replayed,1.0
3.0,-1.0,1,1,56.342888,69,Replayed,3.0
5.0,-1.0,-1,0,42.21186,69,Replayed,5.0
-38.0,-1.0,1,0,30.056784,69,Replayed,38.0
3.0,-1.0,1,1,56.3477,69,Replayed,3.0
-9.0,-1.0,1,0,49.042988,69,Replayed,9.0
38.0,1.0,1,1,76.781555,69,Replayed,38.0
1.0,-1.0,1,1,55.07252,69,Replayed,1.0
-38.0,0.0,-1,1,69.70819,69,Replayed,38.0
5.0,1.0,-1,0,41.73117,69,Replayed,5.0
9.0,1.0,1,1,60.086555,69,Replayed,9.0
-9.0,1.0,1,0,48.50763,69,Replayed,9.0
9.0,-1.0,-1,0,39.523106,69,Replayed,9.0
1.0,0.0,-1,0,45.039974,69,Replayed,1.0
-9.0,-1.0,1,0,48.245247,69,Replayed,9.0
-9.0,0.0,-1,1,50.663967,69,Replayed,9.0
-38.0,0.0,1,0,30.518433,69,Replayed,38.0
1.0,0.0,1,1,55.171352,69,Replayed,1.0
-1.0,1.0,-1,1,45.327778,69,Replayed,1.0
-3.0,1.0,1,0,52.573704,69,Replayed,3.0
38.0,1.0,1,1,76.24483,69,Replayed,38.0
5.0,-1.0,1,1,57.77075,69,Replayed,5.0
-5.0,1.0,-1,1,49.46803,69,Replayed,5.0
-38.0,1.0,1,0,31.457191,69,Replayed,38.0
3.0,1.0,1,1,56.12223,69,Replayed,3.0
-5.0,0.0,1,0,51.462723,69,Replayed,5.0
-38.0,0.0,-1,1,69.425125,69,Replayed,38.0
3.0,-1.0,1,1,56.22031,69,Replayed,3.0
-3.0,0.0,1,0,52.259083,69,Replayed,3.0
-3.0,0.0,1,0,53.416138,69,Replayed,3.0
5.0,0.0,1,1,57.061855,69,Replayed,5.0
38.0,0.0,1,1,77.052284,69,Replayed,38.0
1.0,1.0,1,1,55.107403,69,Replayed,1.0
-3.0,0.0,1,0,51.171608,69,Replayed,3.0
5.0,1.0,1,1,57.249134,69,Replayed,5.0
3.0,0.0,1,1,56.489967,69,Replayed,3.0
-9.0,1.0,-1,1,51.266277,69,Replayed,9.0
-5.0,-1.0,1,0,51.839714,69,Replayed,5.0
-3.0,-1.0,1,0,52.78134,69,Replayed,3.0
-5.0,-1.0,1,0,51.15593,69,Replayed,5.0
3.0,1.0,1,1,56.36338,69,Replayed,3.0
-5.0,1.0,-1,1,47.61094,69,Replayed,5.0
38.0,-1.0,1,1,77.695045,69,Replayed,38.0
3.0,1.0,-1,0,43.769173,69,Replayed,3.0
-5.0,0.0,1,0,50.829453,69,Replayed,5.0
1.0,0.0,1,1,54.18236,69,Replayed,1.0
-1.0,0.0,1,0,53.93321,69,Replayed,1.0
-38.0,-1.0,1,0,29.138887,69,Replayed,38.0
5.0,-1.0,-1,0,41.59372,69,Replayed,5.0
5.0,-1.0,1,1,58.34446,69,Replayed,5.0
-3.0,-1.0,-1,1,48.02518,69,Replayed,3.0
9.0,1.0,1,1,60.611195,69,Replayed,9.0
-9.0,0.0,1,0,48.164104,69,Replayed,9.0
-9.0,0.0,-1,1,51.346897,69,Replayed,9.0
-9.0,0.0,1,0,48.646095,69,Replayed,9.0
-5.0,1.0,1,0,50.453346,69,Replayed,5.0
-38.0,1.0,-1,1,69.6608,69,Replayed,38.0
5.0,1.0,1,1,56.508945,69,Replayed,5.0
-3.0,0.0,1,0,52.450024,69,Replayed,3.0
-3.0,0.0,-1,1,47.348988,69,Replayed,3.0
-1.0,0.0,1,0,54.905163,69,Replayed,1.0
1.0,0.0,1,1,55.070774,69,Replayed,1.0
-38.0,-1.0,1,0,30.117273,69,Replayed,38.0
9.0,1.0,1,1,59.40452,69,Replayed,9.0
38.0,1.0,1,1,77.13965,69,Replayed,38.0
1.0,-1.0,-1,0,44.482876,69,Replayed,1.0
5.0,0.0,1,1,57.633556,69,Replayed,5.0
9.0,0.0,1,1,60.341698,69,Replayed,9.0
-38.0,0.0,1,0,30.22826,69,Replayed,38.0
9.0,1.0,1,1,60.583275,69,Replayed,9.0
3.0,1.0,1,1,57.213825,69,Replayed,3.0
9.0,1.0,1,1,61.021774,69,Replayed,9.0
-5.0,0.0,1,0,50.48604,69,Replayed,5.0
3.0,-1.0,1,1,56.59187,69,Replayed,3.0
-3.0,-1.0,1,0,53.738422,69,Replayed,3.0
3.0,0.0,1,1,55.849594,69,Replayed,3.0
9.0,-1.0,1,1,60.687412,69,Replayed,9.0
1.0,-1.0,-1,0,45.135345,69,Replayed,1.0
-3.0,1.0,1,0,51.594936,69,Replayed,3.0
-5.0,0.0,1,0,51.199715,69,Replayed,5.0
-3.0,1.0,1,0,52.30016,69,Replayed,3.0
38.0,-1.0,1,1,76.98179,69,Replayed,38.0
9.0,0.0,1,1,58.863472,69,Replayed,9.0
-5.0,1.0,1,0,50.292133,69,Replayed,5.0
-38.0,1.0,-1,1,70.24844,69,Replayed,38.0
-1.0,1.0,1,0,53.15002,69,Replayed,1.0
-5.0,1.0,-1,1,48.58232,69,Replayed,5.0
1.0,1.0,1,1,53.92263,69,Replayed,1.0
1.0,1.0,1,1,55.110287,69,Replayed,1.0
-1.0,-1.0,-1,1,46.10574,69,Replayed,1.0
3.0,0.0,-1,0,50.329716,70,Replayed,3.0
1.0,1.0,1,1,50.01851,70,Replayed,1.0
-5.0,-1.0,1,0,51.824135,70,Replayed,5.0
9.0,0.0,-1,0,51.78213,70,Replayed,9.0
1.0,-1.0,-1,0,51.43844,70,Replayed,1.0
1.0,1.0,-1,0,50.339924,70,Replayed,1.0
-1.0,1.0,1,0,51.078915,70,Replayed,1.0
9.0,-1.0,-1,0,51.978283,70,Replayed,9.0
3.0,1.0,1,1,49.90189,70,Replayed,3.0
-3.0,1.0,1,0,51.62117,70,Replayed,3.0
38.0,-1.0,1,1,35.821045,70,Replayed,38.0
3.0,1.0,-1,0,49.853058,70,Replayed,3.0
-38.0,1.0,-1,1,35.222637,70,Replayed,38.0
3.0,1.0,1,1,48.92007,70,Replayed,3.0
3.0,1.0,-1,0,49.369614,70,Replayed,3.0
-1.0,1.0,1,0,51.377033,70,Replayed,1.0
-9.0,0.0,-1,1,45.811687,70,Replayed,9.0
9.0,1.0,1,1,47.55909,70,Replayed,9.0
1.0,0.0,-1,0,49.11479,70,Replayed,1.0
-1.0,-1.0,1,0,50.649662,70,Replayed,1.0
-5.0,0.0,1,0,51.02932,70,Replayed,5.0
-1.0,1.0,-1,1,50.286125,70,Replayed,1.0
-38.0,-1.0,1,0,65.6166,70,Replayed,38.0
-3.0,-1.0,1,0,52.446907,70,Replayed,3.0
1.0,1.0,1,1,50.268673,70,Replayed,1.0
3.0,0.0,-1,0,50.487167,70,Replayed,3.0
-5.0,0.0,1,0,52.150024,70,Replayed,5.0
9.0,-1.0,1,1,47.117867,70,Replayed,9.0
3.0,0.0,1,1,48.723392,70,Replayed,3.0
-1.0,0.0,1,0,49.284683,70,Replayed,1.0
-3.0,-1.0,-1,1,47.574528,70,Replayed,3.0
1.0,1.0,-1,0,49.778778,70,Replayed,1.0
-3.0,1.0,1,0,50.42085,70,Replayed,3.0
-3.0,-1.0,-1,1,50.18317,70,Replayed,3.0
-1.0,1.0,1,0,49.740784,70,Replayed,1.0
-9.0,0.0,-1,1,46.99216,70,Replayed,9.0
-3.0,-1.0,-1,1,48.563538,70,Replayed,3.0
-1.0,0.0,1,0,49.534916,70,Replayed,1.0
1.0,0.0,-1,0,50.67908,70,Replayed,1.0
38.0,1.0,1,1,33.928345,70,Replayed,38.0
-38.0,1.0,1,0,66.95269,70,Replayed,38.0
1.0,0.0,1,1,50.25673,70,Replayed,1.0
-1.0,1.0,-1,1,49.615845,70,Replayed,1.0
3.0,-1.0,-1,0,50.887882,70,Replayed,3.0
-9.0,0.0,-1,1,45.6358,70,Replayed,9.0
5.0,0.0,-1,0,50.088013,70,Replayed,5.0
38.0,-1.0,1,1,32.946877,70,Replayed,38.0
9.0,1.0,1,1,47.114117,70,Replayed,9.0
9.0,-1.0,1,1,46.910217,70,Replayed,9.0
-3.0,0.0,1,0,51.49622,70,Replayed,3.0
-3.0,0.0,1,0,51.39243,70,Replayed,3.0
-1.0,-1.0,-1,1,48.865463,70,Replayed,1.0
5.0,0.0,1,1,49.691013,70,Replayed,5.0
9.0,1.0,1,1,48.10113,70,Replayed,9.0
9.0,1.0,-1,0,52.18619,70,Replayed,9.0
1.0,-1.0,-1,0,50.517773,70,Replayed,1.0
3.0,0.0,1,1,50.16793,70,Replayed,3.0
3.0,-1.0,-1,0,50.04318,70,Replayed,3.0
38.0,1.0,1,1,36.2672,70,Replayed,38.0
-38.0,0.0,-1,1,33.969738,70,Replayed,38.0
1.0,0.0,-1,0,50.20867,70,Replayed,1.0
38.0,0.0,1,1,34.65073,70,Replayed,38.0
38.0,0.0,-1,0,64.72153,70,Replayed,38.0
-9.0,-1.0,1,0,53.025455,70,Replayed,9.0
38.0,0.0,1,1,34.551205,70,Replayed,38.0
9.0,0.0,1,1,47.57942,70,Replayed,9.0
9.0,0.0,-1,0,50.730812,70,Replayed,9.0
-3.0,1.0,-1,1,49.223034,70,Replayed,3.0
-5.0,1.0,1,0,52.559967,70,Replayed,5.0
3.0,0.0,-1,0,50.367523,70,Replayed,3.0
1.0,1.0,-1,0,50.305862,70,Replayed,1.0
-9.0,-1.0,-1,1,46.82358,70,Replayed,9.0
5.0,-1.0,1,1,47.29906,70,Replayed,5.0
38.0,1.0,1,1,34.392963,70,Replayed,38.0
-3.0,1.0,-1,1,48.708744,70,Replayed,3.0
-5.0,0.0,-1,1,47.519855,70,Replayed,5.0
9.0,-1.0,-1,0,54.542126,70,Replayed,9.0
38.0,0.0,1,1,35.57623,70,Replayed,38.0
38.0,-1.0,-1,0,64.840195,70,Replayed,38.0
-38.0,-1.0,-1,1,33.609673,70,Replayed,38.0
-5.0,1.0,-1,1,47.9652,70,Replayed,5.0
-3.0,0.0,-1,1,47.967728,70,Replayed,3.0
-9.0,1.0,1,0,52.79669,70,Replayed,9.0
-5.0,-1.0,1,0,52.42991,70,Replayed,5.0
-38.0,0.0,-1,1,32.935295,70,Replayed,38.0
-9.0,1.0,-1,1,46.594635,70,Replayed,9.0
38.0,1.0,-1,0,65.29869,70,Replayed,38.0
-3.0,1.0,-1,1,48.822968,70,Replayed,3.0
38.0,0.0,-1,0,64.03083,70,Replayed,38.0
3.0,-1.0,-1,0,51.42417,70,Replayed,3.0
-9.0,1.0,1,0,53.71638,70,Replayed,9.0
38.0,-1.0,1,1,33.707737,70,Replayed,38.0
9.0,-1.0,-1,0,53.48953,70,Replayed,9.0
-9.0,1.0,1,0,53.168953,70,Replayed,9.0
5.0,-1.0,1,1,47.66494,70,Replayed,5.0
-5.0,-1.0,-1,1,47.347137,70,Replayed,5.0
-9.0,0.0,-1,1,46.125057,70,Replayed,9.0
-9.0,0.0,-1,1,46.51059,70,Replayed,9.0
38.0,1.0,1,1,36.5849,70,Replayed,38.0
-9.0,1.0,-1,1,46.845715,70,Replayed,9.0
-3.0,0.0,1,0,50.292534,70,Replayed,3.0
38.0,0.0,-1,0,65.29826,70,Replayed,38.0
-1.0,-1.0,-1,1,50.522953,70,Replayed,1.0
9.0,0.0,-1,0,53.102077,70,Replayed,9.0
-38.0,1.0,1,0,65.237114,70,Replayed,38.0
5.0,1.0,1,1,48.856155,70,Replayed,5.0
9.0,0.0,1,1,45.10335,70,Replayed,9.0
-9.0,-1.0,-1,1,44.952934,70,Replayed,9.0
-9.0,0.0,-1,1,47.28025,70,Replayed,9.0
-38.0,-1.0,-1,1,34.250507,70,Replayed,38.0
1.0,-1.0,1,1,50.13731,70,Replayed,1.0
38.0,-1.0,1,1,33.68832,70,Replayed,38.0
3.0,-1.0,-1,0,51.516296,70,Replayed,3.0
1.0,0.0,1,1,50.823986,70,Replayed,1.0
1.0,1.0,-1,0,49.78336,70,Replayed,1.0
5.0,1.0,-1,0,49.10548,70,Replayed,5.0
-38.0,-1.0,1,0,65.05401,70,Replayed,38.0
5.0,-1.0,-1,0,52.874863,70,Replayed,5.0
-5.0,1.0,-1,1,48.16981,70,Replayed,5.0
-38.0,0.0,1,0,66.310326,70,Replayed,38.0
-38.0,1.0,-1,1,35.455112,70,Replayed,38.0
3.0,1.0,1,1,48.90596,70,Replayed,3.0
5.0,0.0,-1,0,50.88887,70,Replayed,5.0
1.0,-1.0,-1,0,49.9381,70,Replayed,1.0
3.0,0.0,-1,0,50.209297,70,Replayed,3.0
38.0,1.0,1,1,34.63921,70,Replayed,38.0
5.0,1.0,-1,0,51.77628,70,Replayed,5.0
-3.0,1.0,1,0,51.02054,70,Replayed,3.0
5.0,0.0,-1,0,52.11035,70,Replayed,5.0
-38.0,0.0,-1,1,33.275707,70,Replayed,38.0
5.0,1.0,-1,0,52.34629,70,Replayed,5.0
3.0,-1.0,1,1,49.36642,70,Replayed,3.0
1.0,0.0,-1,0,50.591923,70,Replayed,1.0
-38.0,1.0,-1,1,36.09231,70,Replayed,38.0
5.0,0.0,1,1,47.536674,70,Replayed,5.0
-38.0,-1.0,-1,1,32.296368,70,Replayed,38.0
9.0,0.0,1,1,45.94309,70,Replayed,9.0
-5.0,1.0,1,0,51.240738,70,Replayed,5.0
-1.0,-1.0,-1,1,49.49749,70,Replayed,1.0
3.0,1.0,-1,0,51.601746,70,Replayed,3.0
-3.0,0.0,-1,1,48.666065,70,Replayed,3.0
5.0,-1.0,-1,0,51.26805,70,Replayed,5.0
-1.0,0.0,-1,1,49.352077,70,Replayed,1.0
-1.0,0.0,1,0,50.47319,70,Replayed,1.0
-1.0,-1.0,-1,1,49.192448,70,Replayed,1.0
1.0,-1.0,-1,0,49.94739,70,Replayed,1.0
5.0,-1.0,1,1,48.947994,70,Replayed,5.0
-3.0,0.0,1,0,51.795727,70,Replayed,3.0
-1.0,-1.0,-1,1,50.47642,70,Replayed,1.0
38.0,-1.0,1,1,33.869656,70,Replayed,38.0
-1.0,1.0,-1,1,49.65366,70,Replayed,1.0
3.0,-1.0,1,1,49.507427,70,Replayed,3.0
5.0,-1.0,-1,0,50.76202,70,Replayed,5.0
9.0,1.0,-1,0,52.157257,70,Replayed,9.0
3.0,1.0,-1,0,50.022827,70,Replayed,3.0
9.0,-1.0,-1,0,52.826874,70,Replayed,9.0
38.0,0.0,1,1,33.97622,70,Replayed,38.0
1.0,0.0,-1,0,50.629807,70,Replayed,1.0
1.0,-1.0,1,1,50.018738,70,Replayed,1.0
-1.0,1.0,-1,1,49.99385,70,Replayed,1.0
-1.0,0.0,1,0,50.549137,70,Replayed,1.0
-5.0,-1.0,1,0,51.868786,70,Replayed,5.0
9.0,1.0,1,1,47.75449,70,Replayed,9.0
5.0,-1.0,1,1,47.260387,70,Replayed,5.0
-38.0,-1.0,1,0,66.904816,70,Replayed,38.0
-3.0,0.0,-1,1,49.11741,70,Replayed,3.0
5.0,1.0,-1,0,51.391922,70,Replayed,5.0
-5.0,0.0,1,0,52.4299,70,Replayed,5.0
5.0,1.0,1,1,47.956383,70,Replayed,5.0
-9.0,-1.0,-1,1,46.670002,70,Replayed,9.0
5.0,0.0,1,1,47.938988,70,Replayed,5.0
-3.0,-1.0,1,0,51.373093,70,Replayed,3.0
-38.0,-1.0,-1,1,34.944447,70,Replayed,38.0
5.0,0.0,1,1,48.612965,70,Replayed,5.0
9.0,1.0,-1,0,52.96032,70,Replayed,9.0
-38.0,0.0,1,0,64.39456,70,Replayed,38.0
1.0,-1.0,1,1,49.689686,70,Replayed,1.0
9.0,1.0,-1,0,52.88223,70,Replayed,9.0
1.0,1.0,1,1,49.83029,70,Replayed,1.0
-5.0,1.0,-1,1,47.40778,70,Replayed,5.0
-5.0,0.0,-1,1,47.892887,70,Replayed,5.0
-5.0,-1.0,1,0,53.34694,70,Replayed,5.0
9.0,0.0,-1,0,53.025143,70,Replayed,9.0
3.0,1.0,1,1,49.26387,70,Replayed,3.0
-38.0,0.0,-1,1,33.83974,70,Replayed,38.0
-5.0,1.0,1,0,51.633198,70,Replayed,5.0
3.0,-1.0,1,1,50.120956,70,Replayed,3.0
38.0,1.0,1,1,36.22527,70,Replayed,38.0
-5.0,-1.0,-1,1,48.05272,70,Replayed,5.0
5.0,-1.0,1,1,48.525383,70,Replayed,5.0
-38.0,0.0,-1,1,34.3452,70,Replayed,38.0
-38.0,-1.0,-1,1,33.574917,70,Replayed,38.0
-38.0,1.0,-1,1,35.712006,70,Replayed,38.0
-9.0,0.0,-1,1,46.277775,70,Replayed,9.0
-38.0,1.0,-1,1,35.528095,70,Replayed,38.0
-5.0,1.0,1,0,50.155975,70,Replayed,5.0
-3.0,-1.0,-1,1,49.897186,70,Replayed,3.0
-9.0,0.0,-1,1,46.261906,70,Replayed,9.0
38.0,-1.0,-1,0,66.59631,70,Replayed,38.0
-9.0,1.0,1,0,53.57874,70,Replayed,9.0
5.0,1.0,1,1,49.770306,70,Replayed,5.0
-5.0,0.0,-1,1,47.96152,70,Replayed,5.0
-1.0,-1.0,1,0,50.397827,70,Replayed,1.0
-5.0,0.0,-1,1,47.2817,70,Replayed,5.0
-9.0,1.0,-1,1,46.510395,70,Replayed,9.0
-5.0,-1.0,-1,1,47.56521,70,Replayed,5.0
1.0,0.0,1,1,50.311325,70,Replayed,1.0
-9.0,-1.0,-1,1,46.84891,70,Replayed,9.0
-3.0,0.0,-1,1,49.2857,70,Replayed,3.0
3.0,0.0,1,1,49.51595,70,Replayed,3.0
9.0,-1.0,1,1,46.847935,70,Replayed,9.0
38.0,0.0,1,1,33.9742,70,Replayed,38.0
3.0,-1.0,-1,0,51.204716,70,Replayed,3.0
1.0,1.0,1,1,49.31824,70,Replayed,1.0
-9.0,-1.0,-1,1,46.23695,70,Replayed,9.0
-5.0,0.0,-1,1,48.689507,70,Replayed,5.0
-9.0,-1.0,1,0,54.65868,70,Replayed,9.0
-3.0,-1.0,1,0,52.917503,70,Replayed,3.0
-1.0,0.0,1,0,50.957703,70,Replayed,1.0
-1.0,0.0,-1,1,49.949238,70,Replayed,1.0
9.0,-1.0,1,1,47.127335,70,Replayed,9.0
-3.0,1.0,-1,1,48.30834,70,Replayed,3.0
3.0,0.0,1,1,50.509666,70,Replayed,3.0
5.0,0.0,-1,0,50.788277,70,Replayed,5.0
-9.0,1.0,-1,1,46.410294,70,Replayed,9.0
-9.0,-1.0,1,0,52.811478,70,Replayed,9.0
9.0,0.0,1,1,47.047077,70,Replayed,9.0
-1.0,1.0,-1,1,49.69618,70,Replayed,1.0
38.0,-1.0,-1,0,66.538605,70,Replayed,38.0
-1.0,-1.0,-1,1,50.440365,70,Replayed,1.0
-38.0,1.0,1,0,66.08981,70,Replayed,38.0
5.0,1.0,-1,0,51.874954,70,Replayed,5.0
-3.0,-1.0,1,0,51.383064,70,Replayed,3.0
-3.0,1.0,1,0,50.341988,70,Replayed,3.0
-38.0,0.0,1,0,65.923004,70,Replayed,38.0
38.0,1.0,1,1,34.753754,70,Replayed,38.0
-5.0,-1.0,-1,1,46.736553,70,Replayed,5.0
-1.0,0.0,-1,1,50.093227,70,Replayed,1.0
1.0,-1.0,-1,0,49.96349,70,Replayed,1.0
-5.0,1.0,1,0,50.77541,70,Replayed,5.0
-1.0,1.0,1,0,51.48859,71,Replayed,1.0
-9.0,-1.0,1,0,50.636375,71,Replayed,9.0
5.0,-1.0,1,1,54.339294,71,Replayed,5.0
-3.0,-1.0,1,0,49.87399,71,Replayed,3.0
1.0,1.0,-1,0,47.464684,71,Replayed,1.0
-9.0,0.0,1,0,50.70446,71,Replayed,9.0
1.0,1.0,-1,0,47.911568,71,Replayed,1.0
-9.0,0.0,-1,1,50.434475,71,Replayed,9.0
-3.0,1.0,1,0,51.241154,71,Replayed,3.0
-1.0,-1.0,-1,1,49.026802,71,Replayed,1.0
9.0,1.0,1,1,55.40211,71,Replayed,9.0
1.0,1.0,1,1,51.78319,71,Replayed,1.0
3.0,-1.0,1,1,51.943607,71,Replayed,3.0
9.0,-1.0,1,1,56.828644,71,Replayed,9.0
-9.0,1.0,1,0,49.652763,71,Replayed,9.0
38.0,1.0,1,1,76.962746,71,Replayed,38.0
5.0,1.0,1,1,53.82538,71,Replayed,5.0
5.0,0.0,1,1,53.37748,71,Replayed,5.0
38.0,0.0,1,1,77.599686,71,Replayed,38.0
-5.0,1.0,1,0,50.28663,71,Replayed,5.0
5.0,0.0,1,1,52.984386,71,Replayed,5.0
-5.0,-1.0,1,0,50.87151,71,Replayed,5.0
-5.0,-1.0,1,0,50.11704,71,Replayed,5.0
-3.0,-1.0,1,0,49.42912,71,Replayed,3.0
-38.0,-1.0,-1,1,66.74756,71,Replayed,38.0
38.0,-1.0,1,1,77.35785,71,Replayed,38.0
5.0,1.0,1,1,53.858192,71,Replayed,5.0
-1.0,-1.0,-1,1,48.24248,71,Replayed,1.0
-38.0,1.0,-1,1,64.404884,71,Replayed,38.0
1.0,-1.0,1,1,52.79216,71,Replayed,1.0
-3.0,0.0,1,0,51.51738,71,Replayed,3.0
-5.0,0.0,1,0,48.83657,71,Replayed,5.0
5.0,-1.0,1,1,54.46396,71,Replayed,5.0
38.0,0.0,1,1,77.68586,71,Replayed,38.0
-38.0,-1.0,-1,1,66.33592,71,Replayed,38.0
-3.0,1.0,1,0,51.415962,71,Replayed,3.0
-9.0,0.0,-1,1,50.44669,71,Replayed,9.0
5.0,-1.0,1,1,54.40378,71,Replayed,5.0
-38.0,-1.0,1,0,33.674755,71,Replayed,38.0
-5.0,1.0,1,0,50.67966,71,Replayed,5.0
-38.0,0.0,-1,1,64.50313,71,Replayed,38.0
3.0,-1.0,1,1,52.93824,71,Replayed,3.0
-9.0,-1.0,-1,1,50.094627,71,Replayed,9.0
-38.0,0.0,-1,1,64.55567,71,Replayed,38.0
38.0,-1.0,1,1,77.78258,71,Replayed,38.0
-38.0,-1.0,-1,1,66.151245,71,Replayed,38.0
9.0,1.0,1,1,56.05168,71,Replayed,9.0
-5.0,1.0,-1,1,49.518784,71,Replayed,5.0
-5.0,1.0,1,0,49.598717,71,Replayed,5.0
-9.0,0.0,-1,1,49.834496,71,Replayed,9.0
-5.0,-1.0,1,0,49.098465,71,Replayed,5.0
38.0,0.0,1,1,78.14513,71,Replayed,38.0
-9.0,-1.0,-1,1,51.414055,71,Replayed,9.0
5.0,0.0,1,1,53.95658,71,Replayed,5.0
5.0,0.0,-1,0,46.19666,71,Replayed,5.0
-1.0,0.0,1,0,51.489853,71,Replayed,1.0
-1.0,0.0,1,0,51.70217,71,Replayed,1.0
-1.0,1.0,-1,1,48.26363,71,Replayed,1.0
-38.0,0.0,-1,1,64.78046,71,Replayed,38.0
9.0,-1.0,1,1,54.795265,71,Replayed,9.0
-3.0,1.0,1,0,51.691723,71,Replayed,3.0
-3.0,-1.0,1,0,51.044823,71,Replayed,3.0
-1.0,-1.0,1,0,51.620792,71,Replayed,1.0
5.0,1.0,1,1,54.20255,71,Replayed,5.0
-1.0,-1.0,1,0,52.096344,71,Replayed,1.0
-9.0,0.0,-1,1,50.07202,71,Replayed,9.0
9.0,1.0,1,1,55.210815,71,Replayed,9.0
-38.0,1.0,-1,1,63.297523,71,Replayed,38.0
1.0,-1.0,1,1,52.980923,71,Replayed,1.0
-9.0,1.0,-1,1,50.19155,71,Replayed,9.0
5.0,-1.0,1,1,54.090935,71,Replayed,5.0
9.0,-1.0,1,1,55.46415,71,Replayed,9.0
-38.0,0.0,-1,1,65.10039,71,Replayed,38.0
-9.0,-1.0,1,0,49.400517,71,Replayed,9.0
3.0,0.0,1,1,52.21989,71,Replayed,3.0
-1.0,0.0,1,0,51.259827,71,Replayed,1.0
1.0,-1.0,1,1,52.525417,71,Replayed,1.0
3.0,1.0,1,1,52.85045,71,Replayed,3.0
-1.0,-1.0,1,0,50.860584,71,Replayed,1.0
9.0,1.0,1,1,55.03075,71,Replayed,9.0
9.0,0.0,1,1,55.94069,71,Replayed,9.0
38.0,-1.0,1,1,77.83746,71,Replayed,38.0
-1.0,1.0,1,0,51.849438,71,Replayed,1.0
-5.0,-1.0,1,0,51.150764,71,Replayed,5.0
1.0,-1.0,1,1,53.370125,71,Replayed,1.0
-9.0,1.0,1,0,49.750023,71,Replayed,9.0
1.0,1.0,-1,0,46.529236,71,Replayed,1.0
9.0,-1.0,1,1,55.783497,71,Replayed,9.0
-3.0,0.0,1,0,50.79664,71,Replayed,3.0
1.0,0.0,1,1,53.63081,71,Replayed,1.0
-1.0,1.0,1,0,50.84578,71,Replayed,1.0
9.0,1.0,1,1,55.337852,71,Replayed,9.0
-1.0,-1.0,1,0,51.22515,71,Replayed,1.0
-3.0,1.0,1,0,49.95384,71,Replayed,3.0
-9.0,1.0,-1,1,50.01189,71,Replayed,9.0
5.0,1.0,-1,0,46.97335,71,Replayed,5.0
9.0,0.0,1,1,55.749886,71,Replayed,9.0
-3.0,1.0,1,0,50.02706,71,Replayed,3.0
-3.0,1.0,1,0,51.994186,71,Replayed,3.0
-5.0,1.0,1,0,50.66562,71,Replayed,5.0
38.0,1.0,1,1,77.11281,71,Replayed,38.0
-3.0,0.0,1,0,50.005604,71,Replayed,3.0
3.0,-1.0,1,1,53.656567,71,Replayed,3.0
-9.0,1.0,-1,1,50.35023,71,Replayed,9.0
1.0,1.0,1,1,53.375256,71,Replayed,1.0
9.0,-1.0,1,1,55.954433,71,Replayed,9.0
1.0,0.0,1,1,52.678917,71,Replayed,1.0
3.0,0.0,1,1,53.160347,71,Replayed,3.0
1.0,0.0,-1,0,47.536583,71,Replayed,1.0
-5.0,-1.0,-1,1,49.616173,71,Replayed,5.0
-3.0,1.0,1,0,50.059544,71,Replayed,3.0
-9.0,1.0,-1,1,49.89258,71,Replayed,9.0
38.0,0.0,1,1,78.42097,71,Replayed,38.0
-5.0,1.0,-1,1,50.064503,71,Replayed,5.0
38.0,1.0,1,1,77.25271,71,Replayed,38.0
38.0,-1.0,1,1,77.88939,71,Replayed,38.0
5.0,0.0,1,1,53.29236,71,Replayed,5.0
5.0,1.0,1,1,53.810127,71,Replayed,5.0
1.0,0.0,1,1,52.111267,71,Replayed,1.0
-38.0,-1.0,-1,1,66.109886,71,Replayed,38.0
3.0,0.0,1,1,52.659023,71,Replayed,3.0
-1.0,1.0,-1,1,49.07923,71,Replayed,1.0
38.0,0.0,1,1,76.73784,71,Replayed,38.0
-5.0,0.0,1,0,49.6837,71,Replayed,5.0
-3.0,-1.0,-1,1,49.12273,71,Replayed,3.0
38.0,1.0,1,1,76.604256,71,Replayed,38.0
1.0,1.0,1,1,51.024075,71,Replayed,1.0
9.0,-1.0,1,1,56.141823,71,Replayed,9.0
3.0,1.0,-1,0,46.236103,71,Replayed,3.0
-5.0,-1.0,1,0,49.90412,71,Replayed,5.0
-38.0,1.0,-1,1,64.93505,71,Replayed,38.0
1.0,0.0,1,1,52.459274,71,Replayed,1.0
9.0,0.0,1,1,56.43099,71,Replayed,9.0
38.0,1.0,1,1,76.79161,71,Replayed,38.0
-5.0,-1.0,1,0,49.190445,71,Replayed,5.0
5.0,1.0,1,1,53.37675,71,Replayed,5.0
-38.0,1.0,-1,1,65.81066,71,Replayed,38.0
-38.0,1.0,-1,1,64.44918,71,Replayed,38.0
38.0,-1.0,1,1,77.38611,71,Replayed,38.0
5.0,1.0,1,1,54.349632,71,Replayed,5.0
38.0,-1.0,1,1,77.79957,71,Replayed,38.0
-3.0,-1.0,1,0,50.5917,71,Replayed,3.0
-38.0,1.0,-1,1,64.923164,71,Replayed,38.0
-1.0,0.0,-1,1,49.420597,71,Replayed,1.0
-1.0,0.0,1,0,51.86172,71,Replayed,1.0
9.0,-1.0,-1,0,43.7769,71,Replayed,9.0
1.0,1.0,1,1,52.21263,71,Replayed,1.0
9.0,-1.0,1,1,56.290127,71,Replayed,9.0
9.0,0.0,-1,0,44.108418,71,Replayed,9.0
3.0,1.0,1,1,52.511173,71,Replayed,3.0
3.0,0.0,1,1,52.20139,71,Replayed,3.0
-38.0,0.0,-1,1,65.47798,71,Replayed,38.0
-1.0,0.0,1,0,52.94497,71,Replayed,1.0
1.0,0.0,1,1,52.140915,71,Replayed,1.0
9.0,1.0,1,1,56.713272,71,Replayed,9.0
-3.0,-1.0,-1,1,49.48632,71,Replayed,3.0
-9.0,0.0,-1,1,50.105263,71,Replayed,9.0
38.0,1.0,1,1,76.98705,71,Replayed,38.0
1.0,-1.0,1,1,53.430992,71,Replayed,1.0
-9.0,1.0,-1,1,49.80051,71,Replayed,9.0
-1.0,1.0,-1,1,48.799942,71,Replayed,1.0
9.0,0.0,1,1,54.826195,71,Replayed,9.0
3.0,0.0,1,1,52.805622,71,Replayed,3.0
-9.0,-1.0,1,0,50.370766,71,Replayed,9.0
-1.0,-1.0,1,0,51.798267,71,Replayed,1.0
-1.0,1.0,1,0,51.201416,71,Replayed,1.0
38.0,1.0,1,1,76.77192,71,Replayed,38.0
9.0,0.0,1,1,56.184353,71,Replayed,9.0
-3.0,0.0,1,0,51.748722,71,Replayed,3.0
3.0,0.0,1,1,52.463722,71,Replayed,3.0
-9.0,-1.0,-1,1,50.981224,71,Replayed,9.0
-5.0,1.0,-1,1,49.22162,71,Replayed,5.0
-5.0,-1.0,1,0,49.00768,71,Replayed,5.0
1.0,-1.0,1,1,52.885483,71,Replayed,1.0
1.0,-1.0,-1,0,47.781677,71,Replayed,1.0
-1.0,0.0,1,0,50.918095,71,Replayed,1.0
38.0,0.0,1,1,77.2817,71,Replayed,38.0
5.0,0.0,1,1,54.364162,71,Replayed,5.0
3.0,1.0,1,1,53.263412,71,Replayed,3.0
3.0,1.0,1,1,52.25682,71,Replayed,3.0
9.0,0.0,1,1,55.55852,71,Replayed,9.0
3.0,-1.0,1,1,53.96116,71,Replayed,3.0
-9.0,0.0,-1,1,51.37391,71,Replayed,9.0
-5.0,0.0,1,0,50.628757,71,Replayed,5.0
5.0,-1.0,1,1,54.656864,71,Replayed,5.0
1.0,0.0,1,1,51.639366,71,Replayed,1.0
-3.0,-1.0,-1,1,49.032104,71,Replayed,3.0
38.0,0.0,1,1,77.06736,71,Replayed,38.0
-1.0,-1.0,1,0,52.4369,71,Replayed,1.0
-38.0,-1.0,-1,1,65.95304,71,Replayed,38.0
38.0,1.0,1,1,77.05373,71,Replayed,38.0
-9.0,0.0,1,0,49.825134,71,Replayed,9.0
-1.0,0.0,1,0,51.689484,71,Replayed,1.0
-9.0,-1.0,-1,1,48.938847,71,Replayed,9.0
5.0,1.0,1,1,54.129547,71,Replayed,5.0
1.0,1.0,1,1,51.94186,71,Replayed,1.0
3.0,-1.0,-1,0,46.576473,71,Replayed,3.0
-38.0,-1.0,-1,1,65.780815,71,Replayed,38.0
5.0,-1.0,1,1,53.270554,71,Replayed,5.0
-5.0,1.0,-1,1,49.3183,71,Replayed,5.0
1.0,0.0,-1,0,47.82694,71,Replayed,1.0
5.0,0.0,1,1,53.826653,71,Replayed,5.0
-38.0,0.0,-1,1,65.30218,71,Replayed,38.0
-38.0,1.0,-1,1,64.487114,71,Replayed,38.0
9.0,1.0,1,1,54.96986,71,Replayed,9.0
5.0,-1.0,-1,0,45.382538,71,Replayed,5.0
-38.0,0.0,-1,1,64.9031,71,Replayed,38.0
38.0,0.0,1,1,77.36914,71,Replayed,38.0
38.0,-1.0,1,1,77.909676,71,Replayed,38.0
3.0,1.0,1,1,52.56464,71,Replayed,3.0
5.0,0.0,1,1,52.927063,71,Replayed,5.0
-3.0,0.0,1,0,50.648,71,Replayed,3.0
-5.0,0.0,1,0,50.81606,71,Replayed,5.0
3.0,-1.0,1,1,53.931545,71,Replayed,3.0
-5.0,0.0,-1,1,49.872753,71,Replayed,5.0
-38.0,0.0,-1,1,65.301476,71,Replayed,38.0
-9.0,-1.0,1,0,50.053333,71,Replayed,9.0
9.0,1.0,1,1,54.808937,71,Replayed,9.0
5.0,-1.0,1,1,54.89059,71,Replayed,5.0
-3.0,1.0,1,0,49.80335,71,Replayed,3.0
1.0,-1.0,1,1,51.62459,71,Replayed,1.0
3.0,-1.0,1,1,53.19412,71,Replayed,3.0
3.0,-1.0,1,1,52.691208,71,Replayed,3.0
-5.0,0.0,1,0,49.843414,71,Replayed,5.0
-38.0,1.0,-1,1,66.306335,71,Replayed,38.0
3.0,0.0,1,1,52.753376,71,Replayed,3.0
-3.0,0.0,-1,1,49.844654,71,Replayed,3.0
3.0,0.0,1,1,53.065895,71,Replayed,3.0
-3.0,-1.0,-1,1,49.009323,71,Replayed,3.0
38.0,-1.0,1,1,78.3865,71,Replayed,38.0
-38.0,-1.0,-1,1,65.57396,71,Replayed,38.0
3.0,1.0,-1,0,47.36451,71,Replayed,3.0
-3.0,0.0,1,0,49.946815,71,Replayed,3.0
-1.0,1.0,-1,1,47.80653,71,Replayed,1.0
-3.0,1.0,1,0,51.934464,72,Replayed,3.0
3.0,0.0,1,1,56.914978,72,Replayed,3.0
3.0,-1.0,1,1,56.288002,72,Replayed,3.0
-3.0,-1.0,1,0,51.365494,72,Replayed,3.0
9.0,0.0,1,1,62.53535,72,Replayed,9.0
38.0,0.0,1,1,86.533226,72,Replayed,38.0
-38.0,0.0,-1,1,77.371925,72,Replayed,38.0
-9.0,0.0,1,0,48.59781,72,Replayed,9.0
-3.0,1.0,1,0,51.17939,72,Replayed,3.0
1.0,-1.0,1,1,55.463184,72,Replayed,1.0
3.0,1.0,1,1,56.126656,72,Replayed,3.0
5.0,0.0,1,1,58.04511,72,Replayed,5.0
3.0,-1.0,1,1,56.27396,72,Replayed,3.0
-5.0,-1.0,1,0,50.17559,72,Replayed,5.0
5.0,0.0,1,1,58.417927,72,Replayed,5.0
3.0,0.0,1,1,56.17169,72,Replayed,3.0
38.0,1.0,1,1,86.983696,72,Replayed,38.0
-9.0,1.0,-1,1,50.84396,72,Replayed,9.0
-3.0,1.0,-1,1,48.050102,72,Replayed,3.0
-1.0,1.0,-1,1,47.320004,72,Replayed,1.0
5.0,1.0,1,1,58.484493,72,Replayed,5.0
-1.0,0.0,1,0,52.903645,72,Replayed,1.0
3.0,-1.0,1,1,56.864376,72,Replayed,3.0
-5.0,1.0,1,0,49.16538,72,Replayed,5.0
3.0,1.0,1,1,57.07866,72,Replayed,3.0
-9.0,1.0,-1,1,51.547886,72,Replayed,9.0
-1.0,0.0,1,0,53.005207,72,Replayed,1.0
-1.0,1.0,1,0,53.53645,72,Replayed,1.0
-1.0,-1.0,1,0,52.747025,72,Replayed,1.0
9.0,1.0,1,1,62.7442,72,Replayed,9.0
38.0,0.0,-1,0,13.047552,72,Replayed,38.0
-38.0,1.0,-1,1,77.15488,72,Replayed,38.0
1.0,-1.0,1,1,54.505615,72,Replayed,1.0
1.0,0.0,1,1,55.049217,72,Replayed,1.0
-5.0,0.0,1,0,50.22746,72,Replayed,5.0
1.0,-1.0,-1,0,45.146225,72,Replayed,1.0
9.0,-1.0,1,1,63.141396,72,Replayed,9.0
-38.0,0.0,-1,1,76.819756,72,Replayed,38.0
38.0,1.0,1,1,86.93498,72,Replayed,38.0
3.0,1.0,1,1,56.837757,72,Replayed,3.0
-5.0,0.0,-1,1,49.154274,72,Replayed,5.0
-38.0,-1.0,-1,1,76.4497,72,Replayed,38.0
-38.0,0.0,-1,1,77.87251,72,Replayed,38.0
1.0,0.0,1,1,55.671734,72,Replayed,1.0
9.0,-1.0,1,1,63.11605,72,Replayed,9.0
38.0,0.0,1,1,87.0161,72,Replayed,38.0
5.0,1.0,1,1,58.982777,72,Replayed,5.0
5.0,0.0,1,1,58.52344,72,Replayed,5.0
3.0,0.0,1,1,55.92925,72,Replayed,3.0
-5.0,-1.0,1,0,49.87389,72,Replayed,5.0
5.0,0.0,1,1,58.638733,72,Replayed,5.0
9.0,0.0,1,1,62.078506,72,Replayed,9.0
-38.0,1.0,-1,1,76.489174,72,Replayed,38.0
-38.0,0.0,-1,1,77.32494,72,Replayed,38.0
-3.0,-1.0,-1,1,49.401466,72,Replayed,3.0
-3.0,-1.0,1,0,50.997578,72,Replayed,3.0
-9.0,0.0,-1,1,51.445126,72,Replayed,9.0
9.0,1.0,1,1,62.218697,72,Replayed,9.0
-9.0,-1.0,-1,1,51.458897,72,Replayed,9.0
3.0,0.0,1,1,56.057285,72,Replayed,3.0
-38.0,-1.0,-1,1,77.283104,72,Replayed,38.0
-1.0,-1.0,1,0,53.67455,72,Replayed,1.0
3.0,-1.0,1,1,55.991833,72,Replayed,3.0
-5.0,1.0,1,0,49.926613,72,Replayed,5.0
38.0,1.0,1,1,86.04773,72,Replayed,38.0
3.0,0.0,1,1,56.880127,72,Replayed,3.0
-9.0,1.0,-1,1,51.146084,72,Replayed,9.0
-5.0,-1.0,1,0,50.619637,72,Replayed,5.0
-38.0,-1.0,-1,1,77.76904,72,Replayed,38.0
1.0,0.0,1,1,55.26952,72,Replayed,1.0
9.0,0.0,1,1,61.84362,72,Replayed,9.0
3.0,0.0,1,1,56.883614,72,Replayed,3.0
-5.0,-1.0,1,0,50.363976,72,Replayed,5.0
-1.0,0.0,1,0,53.527977,72,Replayed,1.0
38.0,1.0,1,1,86.67014,72,Replayed,38.0
-38.0,1.0,-1,1,76.58476,72,Replayed,38.0
-38.0,-1.0,-1,1,77.61957,72,Replayed,38.0
9.0,-1.0,1,1,62.88284,72,Replayed,9.0
-3.0,1.0,1,0,50.809658,72,Replayed,3.0
1.0,-1.0,1,1,55.37444,72,Replayed,1.0
-3.0,-1.0,1,0,51.471825,72,Replayed,3.0
3.0,1.0,1,1,56.343216,72,Replayed,3.0
1.0,0.0,1,1,54.38524,72,Replayed,1.0
-1.0,-1.0,1,0,53.51398,72,Replayed,1.0
-1.0,0.0,1,0,52.50168,72,Replayed,1.0
5.0,-1.0,1,1,58.12557,72,Replayed,5.0
1.0,1.0,1,1,54.43902,72,Replayed,1.0
-38.0,0.0,-1,1,76.62292,72,Replayed,38.0
9.0,0.0,1,1,61.655605,72,Replayed,9.0
-9.0,1.0,-1,1,50.747932,72,Replayed,9.0
38.0,1.0,1,1,86.48466,72,Replayed,38.0
3.0,-1.0,-1,0,42.75706,72,Replayed,3.0
-5.0,1.0,1,0,49.47182,72,Replayed,5.0
1.0,1.0,1,1,55.10277,72,Replayed,1.0
-9.0,1.0,-1,1,51.178913,72,Replayed,9.0
1.0,1.0,1,1,54.381042,72,Replayed,1.0
3.0,1.0,1,1,55.654613,72,Replayed,3.0
-38.0,0.0,-1,1,77.34612,72,Replayed,38.0
-5.0,1.0,-1,1,50.1386,72,Replayed,5.0
-1.0,0.0,1,0,54.067253,72,Replayed,1.0
-3.0,1.0,1,0,50.301777,72,Replayed,3.0
-3.0,0.0,1,0,51.577957,72,Replayed,3.0
38.0,1.0,1,1,86.45447,72,Replayed,38.0
-3.0,0.0,1,0,50.847977,72,Replayed,3.0
-1.0,1.0,1,0,53.122025,72,Replayed,1.0
-3.0,0.0,-1,1,48.72547,72,Replayed,3.0
9.0,1.0,1,1,62.30618,72,Replayed,9.0
38.0,-1.0,1,1,86.42315,72,Replayed,38.0
-38.0,-1.0,-1,1,77.61019,72,Replayed,38.0
-3.0,0.0,1,0,51.6446,72,Replayed,3.0
-38.0,1.0,-1,1,76.65804,72,Replayed,38.0
-9.0,0.0,1,0,48.092022,72,Replayed,9.0
9.0,1.0,1,1,61.84615,72,Replayed,9.0
-5.0,0.0,-1,1,50.693756,72,Replayed,5.0
-3.0,-1.0,-1,1,48.656395,72,Replayed,3.0
9.0,0.0,1,1,62.873302,72,Replayed,9.0
9.0,0.0,1,1,61.94722,72,Replayed,9.0
1.0,1.0,1,1,54.84563,72,Replayed,1.0
-38.0,1.0,-1,1,76.547295,72,Replayed,38.0
3.0,1.0,1,1,56.500416,72,Replayed,3.0
3.0,0.0,-1,0,42.771694,72,Replayed,3.0
-38.0,-1.0,-1,1,77.42433,72,Replayed,38.0
9.0,1.0,1,1,63.022984,72,Replayed,9.0
-38.0,0.0,-1,1,77.32679,72,Replayed,38.0
-1.0,-1.0,1,0,53.504555,72,Replayed,1.0
5.0,0.0,-1,0,41.708298,72,Replayed,5.0
1.0,1.0,-1,0,44.879494,72,Replayed,1.0
38.0,-1.0,1,1,86.62488,72,Replayed,38.0
-9.0,0.0,1,0,48.148815,72,Replayed,9.0
-1.0,1.0,-1,1,47.858574,72,Replayed,1.0
-5.0,1.0,1,0,49.97825,72,Replayed,5.0
5.0,1.0,1,1,57.399826,72,Replayed,5.0
38.0,-1.0,1,1,86.68006,72,Replayed,38.0
-9.0,1.0,1,0,47.94007,72,Replayed,9.0
38.0,-1.0,1,1,86.65974,72,Replayed,38.0
5.0,0.0,-1,0,41.33434,72,Replayed,5.0
1.0,1.0,-1,0,44.904114,72,Replayed,1.0
9.0,-1.0,1,1,62.997375,72,Replayed,9.0
-38.0,1.0,-1,1,77.045,72,Replayed,38.0
-3.0,0.0,1,0,51.922684,72,Replayed,3.0
5.0,0.0,1,1,58.980156,72,Replayed,5.0
9.0,1.0,1,1,61.954384,72,Replayed,9.0
3.0,-1.0,1,1,56.212254,72,Replayed,3.0
1.0,0.0,1,1,55.50893,72,Replayed,1.0
1.0,-1.0,1,1,55.25271,72,Replayed,1.0
-9.0,1.0,-1,1,51.643745,72,Replayed,9.0
38.0,1.0,1,1,85.93937,72,Replayed,38.0
-3.0,1.0,1,0,52.02928,72,Replayed,3.0
-5.0,0.0,1,0,49.359257,72,Replayed,5.0
-38.0,-1.0,-1,1,76.64701,72,Replayed,38.0
9.0,0.0,1,1,62.925655,72,Replayed,9.0
-1.0,0.0,1,0,51.81014,72,Replayed,1.0
-5.0,0.0,1,0,48.946484,72,Replayed,5.0
-1.0,-1.0,1,0,53.269035,72,Replayed,1.0
-1.0,1.0,1,0,52.686024,72,Replayed,1.0
38.0,1.0,1,1,86.33288,72,Replayed,38.0
1.0,1.0,1,1,55.91504,72,Replayed,1.0
-38.0,1.0,-1,1,77.07102,72,Replayed,38.0
-38.0,1.0,-1,1,76.70379,72,Replayed,38.0
-9.0,0.0,-1,1,51.56867,72,Replayed,9.0
-9.0,0.0,-1,1,51.976788,72,Replayed,9.0
38.0,-1.0,1,1,87.03223,72,Replayed,38.0
-5.0,-1.0,-1,1,50.035828,72,Replayed,5.0
-1.0,-1.0,1,0,52.24297,72,Replayed,1.0
3.0,-1.0,1,1,56.85143,72,Replayed,3.0
-9.0,-1.0,-1,1,50.74396,72,Replayed,9.0
-3.0,1.0,1,0,50.636738,72,Replayed,3.0
3.0,1.0,1,1,56.34628,72,Replayed,3.0
5.0,-1.0,1,1,58.32734,72,Replayed,5.0
-1.0,1.0,1,0,52.593536,72,Replayed,1.0
-38.0,-1.0,-1,1,76.74357,72,Replayed,38.0
-5.0,-1.0,1,0,50.047237,72,Replayed,5.0
3.0,1.0,1,1,57.981533,72,Replayed,3.0
-5.0,0.0,-1,1,49.947277,72,Replayed,5.0
5.0,1.0,1,1,58.519764,72,Replayed,5.0
-3.0,-1.0,1,0,51.51626,72,Replayed,3.0
-5.0,-1.0,1,0,49.250828,72,Replayed,5.0
-5.0,0.0,-1,1,49.80644,72,Replayed,5.0
5.0,-1.0,1,1,58.671143,72,Replayed,5.0
-9.0,0.0,-1,1,50.87496,72,Replayed,9.0
1.0,0.0,1,1,55.04976,72,Replayed,1.0
38.0,0.0,1,1,86.50028,72,Replayed,38.0
5.0,-1.0,1,1,58.129543,72,Replayed,5.0
-1.0,-1.0,1,0,52.16698,72,Replayed,1.0
-9.0,-1.0,-1,1,50.54673,72,Replayed,9.0
5.0,-1.0,1,1,58.057755,72,Replayed,5.0
-1.0,0.0,1,0,53.68734,72,Replayed,1.0
38.0,-1.0,1,1,85.97698,72,Replayed,38.0
-38.0,1.0,-1,1,72.52216,73,Replayed,38.0
5.0,-1.0,1,1,55.12491,73,Replayed,5.0
-5.0,0.0,1,0,48.051598,73,Replayed,5.0
5.0,1.0,1,1,54.624714,73,Replayed,5.0
9.0,-1.0,1,1,56.700104,73,Replayed,9.0
-3.0,0.0,1,0,49.504368,73,Replayed,3.0
3.0,-1.0,1,1,54.37229,73,Replayed,3.0
38.0,1.0,1,1,74.17137,73,Replayed,38.0
-9.0,1.0,1,0,46.288795,73,Replayed,9.0
38.0,1.0,1,1,73.6673,73,Replayed,38.0
1.0,-1.0,1,1,51.32816,73,Replayed,1.0
-1.0,1.0,-1,1,49.742794,73,Replayed,1.0
38.0,0.0,1,1,75.24208,73,Replayed,38.0
5.0,-1.0,1,1,54.714783,73,Replayed,5.0
-1.0,1.0,1,0,50.219326,73,Replayed,1.0
3.0,-1.0,1,1,53.926556,73,Replayed,3.0
-5.0,-1.0,-1,1,51.16021,73,Replayed,5.0
-9.0,-1.0,-1,1,55.138542,73,Replayed,9.0
38.0,-1.0,1,1,76.308754,73,Replayed,38.0
1.0,0.0,-1,0,47.685513,73,Replayed,1.0
-5.0,1.0,1,0,47.937565,73,Replayed,5.0
3.0,1.0,1,1,53.596706,73,Replayed,3.0
-38.0,1.0,-1,1,71.43594,73,Replayed,38.0
-3.0,1.0,1,0,48.68924,73,Replayed,3.0
-9.0,0.0,-1,1,54.613853,73,Replayed,9.0
1.0,0.0,-1,0,47.568928,73,Replayed,1.0
-9.0,0.0,-1,1,54.379303,73,Replayed,9.0
9.0,0.0,-1,0,42.522835,73,Replayed,9.0
1.0,0.0,-1,0,47.991474,73,Replayed,1.0
1.0,-1.0,1,1,51.632942,73,Replayed,1.0
-1.0,0.0,-1,1,50.217484,73,Replayed,1.0
1.0,1.0,1,1,51.869797,73,Replayed,1.0
38.0,0.0,1,1,74.13415,73,Replayed,38.0
-38.0,0.0,-1,1,72.37651,73,Replayed,38.0
38.0,0.0,1,1,74.3165,73,Replayed,38.0
-38.0,1.0,-1,1,70.68327,73,Replayed,38.0
9.0,-1.0,1,1,57.30492,73,Replayed,9.0
-3.0,-1.0,1,0,48.29338,73,Replayed,3.0
-9.0,1.0,1,0,46.131344,73,Replayed,9.0
9.0,1.0,1,1,56.925793,73,Replayed,9.0
5.0,-1.0,1,1,54.07134,73,Replayed,5.0
3.0,0.0,-1,0,46.024784,73,Replayed,3.0
5.0,-1.0,-1,0,44.615673,73,Replayed,5.0
9.0,1.0,1,1,56.008793,73,Replayed,9.0
-5.0,-1.0,-1,1,51.33366,73,Replayed,5.0
3.0,1.0,1,1,53.950356,73,Replayed,3.0
9.0,-1.0,1,1,57.267952,73,Replayed,9.0
5.0,1.0,-1,0,45.008064,73,Replayed,5.0
38.0,-1.0,1,1,75.60957,73,Replayed,38.0
3.0,1.0,1,1,52.847557,73,Replayed,3.0
1.0,0.0,1,1,52.181496,73,Replayed,1.0
-1.0,0.0,-1,1,48.823345,73,Replayed,1.0
9.0,-1.0,1,1,56.328934,73,Replayed,9.0
3.0,0.0,-1,0,46.82155,73,Replayed,3.0
-38.0,-1.0,-1,1,72.8119,73,Replayed,38.0
-9.0,-1.0,-1,1,54.235615,73,Replayed,9.0
38.0,-1.0,1,1,75.37426,73,Replayed,38.0
-3.0,-1.0,-1,1,50.48668,73,Replayed,3.0
-3.0,1.0,1,0,49.21985,73,Replayed,3.0
38.0,-1.0,-1,0,24.216782,73,Replayed,38.0
-38.0,1.0,-1,1,70.7952,73,Replayed,38.0
-5.0,-1.0,-1,1,51.32083,73,Replayed,5.0
-38.0,0.0,-1,1,72.203804,73,Replayed,38.0
-3.0,1.0,1,0,50.048233,73,Replayed,3.0
-1.0,1.0,1,0,50.30951,73,Replayed,1.0
-3.0,0.0,1,0,50.115456,73,Replayed,3.0
-3.0,-1.0,1,0,49.455494,73,Replayed,3.0
-9.0,1.0,-1,1,54.985554,73,Replayed,9.0
3.0,0.0,-1,0,45.84008,73,Replayed,3.0
-1.0,-1.0,1,0,50.341587,73,Replayed,1.0
38.0,0.0,1,1,75.12231,73,Replayed,38.0
-9.0,-1.0,1,0,46.25495,73,Replayed,9.0
-3.0,1.0,-1,1,50.193584,73,Replayed,3.0
-3.0,1.0,-1,1,50.103527,73,Replayed,3.0
-5.0,0.0,1,0,48.636482,73,Replayed,5.0
5.0,0.0,1,1,54.790962,73,Replayed,5.0
3.0,0.0,1,1,53.161083,73,Replayed,3.0
1.0,-1.0,-1,0,47.57126,73,Replayed,1.0
-38.0,0.0,-1,1,72.17149,73,Replayed,38.0
-5.0,-1.0,1,0,46.931126,73,Replayed,5.0
-1.0,-1.0,-1,1,49.6563,73,Replayed,1.0
-9.0,0.0,1,0,45.028652,73,Replayed,9.0
3.0,1.0,1,1,52.547485,73,Replayed,3.0
-5.0,-1.0,1,0,48.489178,73,Replayed,5.0
5.0,0.0,1,1,54.47616,73,Replayed,5.0
-38.0,1.0,-1,1,71.5185,73,Replayed,38.0
38.0,1.0,1,1,73.400406,73,Replayed,38.0
-1.0,1.0,-1,1,49.58177,73,Replayed,1.0
3.0,0.0,1,1,53.061413,73,Replayed,3.0
3.0,1.0,1,1,53.151108,73,Replayed,3.0
-38.0,0.0,-1,1,72.03009,73,Replayed,38.0
-3.0,1.0,1,0,49.03392,73,Replayed,3.0
9.0,1.0,1,1,56.696815,73,Replayed,9.0
-38.0,-1.0,-1,1,73.203186,73,Replayed,38.0
5.0,0.0,-1,0,44.945168,73,Replayed,5.0
9.0,-1.0,1,1,57.401283,73,Replayed,9.0
1.0,1.0,-1,0,47.476738,73,Replayed,1.0
-38.0,1.0,-1,1,71.46166,73,Replayed,38.0
-1.0,0.0,-1,1,49.67104,73,Replayed,1.0
-38.0,0.0,-1,1,72.22359,73,Replayed,38.0
-3.0,-1.0,-1,1,50.518597,73,Replayed,3.0
-5.0,1.0,-1,1,50.79475,73,Replayed,5.0
38.0,0.0,1,1,74.80394,73,Replayed,38.0
1.0,0.0,1,1,52.43221,73,Replayed,1.0
38.0,1.0,1,1,73.60773,73,Replayed,38.0
1.0,-1.0,-1,0,48.20928,73,Replayed,1.0
-3.0,0.0,-1,1,50.78464,73,Replayed,3.0
-3.0,-1.0,-1,1,50.767845,73,Replayed,3.0
-38.0,1.0,-1,1,72.18363,73,Replayed,38.0
-5.0,1.0,-1,1,50.97958,73,Replayed,5.0
5.0,0.0,-1,0,45.21041,73,Replayed,5.0
-38.0,0.0,-1,1,71.93176,73,Replayed,38.0
3.0,0.0,1,1,53.522987,73,Replayed,3.0
-9.0,-1.0,-1,1,53.79485,73,Replayed,9.0
-1.0,-1.0,-1,1,49.351597,73,Replayed,1.0
5.0,0.0,1,1,54.375244,73,Replayed,5.0
38.0,1.0,1,1,74.75515,73,Replayed,38.0
3.0,-1.0,1,1,53.237007,73,Replayed,3.0
3.0,-1.0,1,1,53.684246,73,Replayed,3.0
-9.0,-1.0,1,0,45.056175,73,Replayed,9.0
9.0,1.0,1,1,56.2801,73,Replayed,9.0
-5.0,0.0,-1,1,51.70944,73,Replayed,5.0
-9.0,0.0,1,0,45.36684,73,Replayed,9.0
-5.0,0.0,-1,1,51.670162,73,Replayed,5.0
1.0,-1.0,1,1,51.865067,73,Replayed,1.0
5.0,1.0,1,1,55.21925,73,Replayed,5.0
5.0,-1.0,-1,0,46.33885,73,Replayed,5.0
38.0,0.0,1,1,74.86124,73,Replayed,38.0
3.0,-1.0,1,1,53.073208,73,Replayed,3.0
5.0,1.0,1,1,54.100536,73,Replayed,5.0
-3.0,1.0,-1,1,51.94042,73,Replayed,3.0
-5.0,0.0,1,0,48.431534,73,Replayed,5.0
1.0,1.0,1,1,51.713665,73,Replayed,1.0
-3.0,-1.0,-1,1,49.78615,73,Replayed,3.0
-38.0,-1.0,-1,1,73.04376,73,Replayed,38.0
5.0,1.0,-1,0,46.086643,73,Replayed,5.0
1.0,-1.0,1,1,51.65401,73,Replayed,1.0
5.0,0.0,1,1,54.78447,73,Replayed,5.0
3.0,1.0,1,1,52.737404,73,Replayed,3.0
-3.0,-1.0,1,0,49.834652,73,Replayed,3.0
1.0,1.0,1,1,51.25953,73,Replayed,1.0
3.0,-1.0,1,1,52.766846,73,Replayed,3.0
-1.0,1.0,1,0,50.40367,73,Replayed,1.0
38.0,-1.0,1,1,76.568405,73,Replayed,38.0
-38.0,0.0,-1,1,71.93033,73,Replayed,38.0
38.0,0.0,1,1,75.745056,73,Replayed,38.0
-5.0,1.0,1,0,47.53591,73,Replayed,5.0
-9.0,-1.0,-1,1,54.401756,73,Replayed,9.0
-9.0,0.0,-1,1,53.978233,73,Replayed,9.0
5.0,-1.0,1,1,55.986755,73,Replayed,5.0
9.0,0.0,1,1,55.59509,73,Replayed,9.0
1.0,1.0,-1,0,48.97929,73,Replayed,1.0
-3.0,0.0,-1,1,49.99231,73,Replayed,3.0
-5.0,1.0,1,0,48.11781,73,Replayed,5.0
-9.0,1.0,1,0,45.6157,73,Replayed,9.0
-1.0,1.0,1,0,50.62328,73,Replayed,1.0
-9.0,-1.0,1,0,46.062374,73,Replayed,9.0
3.0,1.0,-1,0,47.00957,73,Replayed,3.0
1.0,0.0,-1,0,49.332924,73,Replayed,1.0
-1.0,-1.0,-1,1,50.105328,73,Replayed,1.0
-5.0,1.0,-1,1,51.89496,73,Replayed,5.0
38.0,0.0,1,1,75.052086,73,Replayed,38.0
1.0,1.0,-1,0,48.949955,73,Replayed,1.0
9.0,-1.0,-1,0,42.66582,73,Replayed,9.0
-9.0,1.0,1,0,46.28559,73,Replayed,9.0
-1.0,0.0,1,0,51.3048,73,Replayed,1.0
-1.0,1.0,-1,1,49.122807,73,Replayed,1.0
9.0,1.0,1,1,56.826454,73,Replayed,9.0
-38.0,-1.0,-1,1,72.50207,73,Replayed,38.0
-3.0,-1.0,-1,1,50.48011,73,Replayed,3.0
-38.0,-1.0,-1,1,72.743546,73,Replayed,38.0
9.0,1.0,1,1,57.11829,73,Replayed,9.0
-9.0,-1.0,1,0,45.97524,73,Replayed,9.0
9.0,0.0,1,1,57.066544,73,Replayed,9.0
-3.0,1.0,-1,1,50.06931,73,Replayed,3.0
3.0,-1.0,1,1,53.882862,73,Replayed,3.0
-1.0,0.0,-1,1,49.557076,73,Replayed,1.0
-9.0,1.0,-1,1,54.803364,73,Replayed,9.0
-3.0,0.0,-1,1,50.480705,73,Replayed,3.0
-38.0,0.0,-1,1,72.584854,73,Replayed,38.0
-38.0,1.0,-1,1,70.73359,73,Replayed,38.0
-1.0,-1.0,1,0,50.82743,73,Replayed,1.0
5.0,1.0,1,1,54.43648,73,Replayed,5.0
3.0,-1.0,-1,0,46.09693,73,Replayed,3.0
5.0,-1.0,1,1,54.576057,73,Replayed,5.0
-38.0,-1.0,-1,1,73.6818,73,Replayed,38.0
-5.0,0.0,1,0,47.439507,73,Replayed,5.0
9.0,-1.0,1,1,56.471832,73,Replayed,9.0
9.0,1.0,1,1,56.38822,73,Replayed,9.0
-5.0,-1.0,-1,1,52.2942,73,Replayed,5.0
38.0,1.0,1,1,75.12105,73,Replayed,38.0
-5.0,1.0,1,0,47.35203,73,Replayed,5.0
-38.0,-1.0,-1,1,73.55661,73,Replayed,38.0
-5.0,0.0,1,0,48.27903,73,Replayed,5.0
38.0,-1.0,1,1,74.86808,73,Replayed,38.0
-38.0,-1.0,-1,1,72.6214,73,Replayed,38.0
-1.0,0.0,1,0,50.435127,73,Replayed,1.0
38.0,-1.0,1,1,75.22901,73,Replayed,38.0
5.0,0.0,1,1,54.986717,73,Replayed,5.0
-5.0,-1.0,-1,1,52.26967,73,Replayed,5.0
38.0,-1.0,1,1,75.555756,73,Replayed,38.0
-1.0,0.0,1,0,51.09555,73,Replayed,1.0
9.0,0.0,1,1,56.79143,73,Replayed,9.0
38.0,1.0,1,1,73.49907,73,Replayed,38.0
-3.0,0.0,1,0,49.700974,73,Replayed,3.0
1.0,-1.0,1,1,51.4244,73,Replayed,1.0
1.0,0.0,-1,0,47.768246,73,Replayed,1.0
3.0,0.0,-1,0,47.540813,73,Replayed,3.0
-1.0,-1.0,-1,1,49.241623,73,Replayed,1.0
-5.0,-1.0,1,0,48.09451,73,Replayed,5.0
1.0,1.0,-1,0,47.676735,73,Replayed,1.0
5.0,-1.0,-1,0,45.307835,73,Replayed,5.0
-9.0,0.0,-1,1,53.86769,73,Replayed,9.0
38.0,1.0,1,1,74.576454,73,Replayed,38.0
5.0,0.0,-1,0,46.29126,73,Replayed,5.0
9.0,1.0,-1,0,43.091125,73,Replayed,9.0
-9.0,0.0,1,0,45.947453,73,Replayed,9.0
9.0,0.0,1,1,56.45859,73,Replayed,9.0
-9.0,1.0,-1,1,55.167725,73,Replayed,9.0
9.0,0.0,-1,0,42.67345,73,Replayed,9.0
-3.0,0.0,-1,1,51.011414,73,Replayed,3.0
9.0,0.0,-1,0,42.20534,73,Replayed,9.0
-5.0,0.0,-1,1,52.26357,73,Replayed,5.0
3.0,0.0,1,1,54.121216,73,Replayed,3.0
5.0,1.0,1,1,54.00266,73,Replayed,5.0
-1.0,-1.0,-1,1,48.85133,73,Replayed,1.0
-1.0,0.0,1,0,50.938076,73,Replayed,1.0
-9.0,0.0,1,0,45.494053,73,Replayed,9.0
-1.0,-1.0,1,0,50.237473,73,Replayed,1.0
1.0,0.0,1,1,52.880714,73,Replayed,1.0
-3.0,0.0,1,0,48.845768,73,Replayed,3.0
9.0,-1.0,1,1,58.459915,73,Replayed,9.0
-9.0,1.0,1,0,45.863487,73,Replayed,9.0
5.0,1.0,1,1,54.308743,74,Replayed,5.0
-1.0,-1.0,1,0,49.366417,74,Replayed,1.0
-1.0,1.0,-1,1,49.381214,74,Replayed,1.0
-1.0,1.0,1,0,50.244755,74,Replayed,1.0
-5.0,1.0,1,0,48.925217,74,Replayed,5.0
-38.0,0.0,-1,1,72.40136,74,Replayed,38.0
9.0,1.0,1,1,58.32087,74,Replayed,9.0
38.0,1.0,1,1,78.39333,74,Replayed,38.0
9.0,0.0,1,1,54.946526,74,Replayed,9.0
-9.0,0.0,-1,1,53.126167,74,Replayed,9.0
1.0,-1.0,1,1,51.009624,74,Replayed,1.0
-38.0,-1.0,-1,1,67.71098,74,Replayed,38.0
9.0,-1.0,1,1,52.672066,74,Replayed,9.0
1.0,0.0,-1,0,49.78565,74,Replayed,1.0
1.0,1.0,1,1,51.144634,74,Replayed,1.0
1.0,1.0,-1,0,47.833797,74,Replayed,1.0
-38.0,0.0,-1,1,72.656425,74,Replayed,38.0
-9.0,0.0,-1,1,51.09924,74,Replayed,9.0
-5.0,0.0,-1,1,50.67281,74,Replayed,5.0
1.0,0.0,-1,0,50.335796,74,Replayed,1.0
-38.0,1.0,-1,1,76.52096,74,Replayed,38.0
-1.0,1.0,1,0,49.75122,74,Replayed,1.0
-3.0,0.0,-1,1,50.114483,74,Replayed,3.0
5.0,0.0,1,1,52.485073,74,Replayed,5.0
38.0,0.0,1,1,74.428566,74,Replayed,38.0
3.0,-1.0,-1,0,49.548958,74,Replayed,3.0
-5.0,0.0,-1,1,51.10727,74,Replayed,5.0
-3.0,1.0,-1,1,51.018852,74,Replayed,3.0
-3.0,0.0,-1,1,51.14481,74,Replayed,3.0
-3.0,-1.0,1,0,50.374245,74,Replayed,3.0
-9.0,-1.0,-1,1,51.08459,74,Replayed,9.0
1.0,1.0,-1,0,47.54664,74,Replayed,1.0
-9.0,-1.0,-1,1,50.424267,74,Replayed,9.0
1.0,0.0,1,1,51.308865,74,Replayed,1.0
5.0,-1.0,1,1,50.876247,74,Replayed,5.0
9.0,1.0,1,1,57.19424,74,Replayed,9.0
-3.0,1.0,1,0,49.548496,74,Replayed,3.0
-5.0,0.0,-1,1,50.35625,74,Replayed,5.0
-3.0,-1.0,-1,1,50.16452,74,Replayed,3.0
3.0,1.0,1,1,52.59503,74,Replayed,3.0
38.0,1.0,1,1,78.620514,74,Replayed,38.0
5.0,0.0,1,1,53.262783,74,Replayed,5.0
-3.0,1.0,-1,1,50.825848,74,Replayed,3.0
-3.0,0.0,-1,1,49.822575,74,Replayed,3.0
-5.0,0.0,-1,1,50.15745,74,Replayed,5.0
-3.0,-1.0,-1,1,50.0633,74,Replayed,3.0
3.0,-1.0,-1,0,50.048645,74,Replayed,3.0
38.0,1.0,1,1,78.17922,74,Replayed,38.0
-38.0,1.0,-1,1,76.03469,74,Replayed,38.0
-5.0,1.0,-1,1,51.785034,74,Replayed,5.0
9.0,-1.0,1,1,53.19966,74,Replayed,9.0
1.0,0.0,1,1,50.9228,74,Replayed,1.0
38.0,0.0,1,1,74.41549,74,Replayed,38.0
9.0,1.0,1,1,56.159485,74,Replayed,9.0
38.0,1.0,1,1,79.008095,74,Replayed,38.0
9.0,0.0,1,1,54.99399,74,Replayed,9.0
-3.0,-1.0,1,0,50.622868,74,Replayed,3.0
5.0,0.0,1,1,51.035793,74,Replayed,5.0
5.0,-1.0,-1,0,49.2705,74,Replayed,5.0
38.0,-1.0,1,1,69.72309,74,Replayed,38.0
9.0,-1.0,1,1,53.74499,74,Replayed,9.0
38.0,-1.0,1,1,69.89199,74,Replayed,38.0
-38.0,0.0,-1,1,71.86119,74,Replayed,38.0
-9.0,-1.0,-1,1,50.82311,74,Replayed,9.0
3.0,1.0,1,1,53.24049,74,Replayed,3.0
1.0,-1.0,1,1,51.230736,74,Replayed,1.0
9.0,0.0,1,1,54.727406,74,Replayed,9.0
3.0,-1.0,1,1,50.062706,74,Replayed,3.0
1.0,1.0,1,1,52.11798,74,Replayed,1.0
5.0,-1.0,1,1,51.087933,74,Replayed,5.0
-9.0,-1.0,-1,1,49.67691,74,Replayed,9.0
9.0,1.0,1,1,56.68531,74,Replayed,9.0
3.0,0.0,1,1,51.234226,74,Replayed,3.0
-1.0,0.0,1,0,50.166084,74,Replayed,1.0
-3.0,1.0,-1,1,51.8434,74,Replayed,3.0
38.0,1.0,1,1,78.85599,74,Replayed,38.0
-38.0,0.0,-1,1,72.76095,74,Replayed,38.0
5.0,0.0,1,1,51.196068,74,Replayed,5.0
-5.0,1.0,-1,1,50.60822,74,Replayed,5.0
-1.0,-1.0,1,0,51.35308,74,Replayed,1.0
-3.0,0.0,-1,1,50.325275,74,Replayed,3.0
-9.0,-1.0,-1,1,50.14893,74,Replayed,9.0
-38.0,1.0,-1,1,76.026695,74,Replayed,38.0
-9.0,1.0,-1,1,53.50438,74,Replayed,9.0
-5.0,0.0,-1,1,51.10304,74,Replayed,5.0
-9.0,1.0,-1,1,54.062157,74,Replayed,9.0
-3.0,-1.0,1,0,50.6325,74,Replayed,3.0
-5.0,-1.0,-1,1,49.75708,74,Replayed,5.0
-1.0,0.0,1,0,50.988884,74,Replayed,1.0
-9.0,1.0,-1,1,53.24027,74,Replayed,9.0
-3.0,0.0,-1,1,51.15431,74,Replayed,3.0
-3.0,0.0,1,0,49.49199,74,Replayed,3.0
-3.0,-1.0,1,0,50.2082,74,Replayed,3.0
38.0,-1.0,1,1,69.78227,74,Replayed,38.0
5.0,1.0,1,1,53.914024,74,Replayed,5.0
-38.0,-1.0,-1,1,68.133545,74,Replayed,38.0
-1.0,0.0,-1,1,49.380817,74,Replayed,1.0
-5.0,1.0,-1,1,52.000107,74,Replayed,5.0
3.0,1.0,-1,0,48.63067,74,Replayed,3.0
3.0,-1.0,1,1,50.473667,74,Replayed,3.0
9.0,0.0,1,1,55.63944,74,Replayed,9.0
-9.0,-1.0,-1,1,49.520596,74,Replayed,9.0
-1.0,-1.0,-1,1,49.22206,74,Replayed,1.0
-9.0,1.0,-1,1,55.063976,74,Replayed,9.0
-5.0,-1.0,-1,1,49.619965,74,Replayed,5.0
1.0,0.0,1,1,50.35926,74,Replayed,1.0
3.0,0.0,1,1,51.21837,74,Replayed,3.0
9.0,1.0,1,1,57.510494,74,Replayed,9.0
38.0,-1.0,1,1,70.52965,74,Replayed,38.0
1.0,1.0,1,1,52.327473,74,Replayed,1.0
-1.0,0.0,1,0,50.8784,74,Replayed,1.0
3.0,0.0,1,1,52.172394,74,Replayed,3.0
-9.0,0.0,-1,1,52.3244,74,Replayed,9.0
-3.0,-1.0,-1,1,50.558258,74,Replayed,3.0
-5.0,0.0,1,0,48.88805,74,Replayed,5.0
-9.0,1.0,-1,1,54.583527,74,Replayed,9.0
1.0,-1.0,-1,0,49.405277,74,Replayed,1.0
-38.0,0.0,-1,1,72.20856,74,Replayed,38.0
1.0,-1.0,1,1,49.888905,74,Replayed,1.0
5.0,0.0,1,1,52.618324,74,Replayed,5.0
-1.0,1.0,1,0,50.791664,74,Replayed,1.0
-3.0,1.0,-1,1,50.54217,74,Replayed,3.0
1.0,0.0,1,1,50.53605,74,Replayed,1.0
5.0,1.0,1,1,53.893505,74,Replayed,5.0
38.0,-1.0,1,1,70.72298,74,Replayed,38.0
1.0,0.0,1,1,50.859756,74,Replayed,1.0
-38.0,1.0,-1,1,76.44178,74,Replayed,38.0
1.0,0.0,1,1,50.746952,74,Replayed,1.0
5.0,-1.0,1,1,50.360912,74,Replayed,5.0
1.0,-1.0,1,1,51.251232,74,Replayed,1.0
-3.0,1.0,-1,1,50.543575,74,Replayed,3.0
5.0,1.0,1,1,53.974564,74,Replayed,5.0
1.0,1.0,1,1,51.8125,74,Replayed,1.0
-38.0,0.0,-1,1,71.77349,74,Replayed,38.0
-38.0,0.0,-1,1,71.738976,74,Replayed,38.0
-9.0,-1.0,-1,1,50.885784,74,Replayed,9.0
38.0,-1.0,1,1,69.546875,74,Replayed,38.0
-38.0,1.0,-1,1,75.9813,74,Replayed,38.0
-3.0,-1.0,1,0,50.429184,74,Replayed,3.0
3.0,1.0,1,1,53.031425,74,Replayed,3.0
3.0,-1.0,1,1,51.014416,74,Replayed,3.0
38.0,0.0,1,1,74.03105,74,Replayed,38.0
-1.0,1.0,-1,1,49.549316,74,Replayed,1.0
-38.0,1.0,-1,1,75.95539,74,Replayed,38.0
1.0,-1.0,1,1,49.718376,74,Replayed,1.0
5.0,1.0,1,1,53.99332,74,Replayed,5.0
-1.0,-1.0,1,0,49.98441,74,Replayed,1.0
-9.0,0.0,-1,1,52.556187,74,Replayed,9.0
-1.0,-1.0,1,0,50.013065,74,Replayed,1.0
9.0,-1.0,1,1,52.54944,74,Replayed,9.0
-5.0,-1.0,-1,1,49.292137,74,Replayed,5.0
3.0,0.0,1,1,51.61959,74,Replayed,3.0
-38.0,-1.0,-1,1,67.29641,74,Replayed,38.0
9.0,-1.0,1,1,53.32008,74,Replayed,9.0
-5.0,1.0,-1,1,51.882786,74,Replayed,5.0
-9.0,0.0,-1,1,52.26233,74,Replayed,9.0
-38.0,1.0,-1,1,76.199,74,Replayed,38.0
-9.0,1.0,-1,1,55.15869,74,Replayed,9.0
9.0,-1.0,1,1,53.093655,74,Replayed,9.0
-9.0,1.0,-1,1,55.12283,74,Replayed,9.0
5.0,0.0,1,1,52.125813,74,Replayed,5.0
-1.0,0.0,-1,1,49.74005,74,Replayed,1.0
38.0,-1.0,1,1,70.15883,74,Replayed,38.0
3.0,1.0,1,1,52.481533,74,Replayed,3.0
9.0,-1.0,1,1,52.599537,74,Replayed,9.0
38.0,0.0,1,1,75.40094,74,Replayed,38.0
3.0,1.0,1,1,52.082397,74,Replayed,3.0
9.0,1.0,1,1,57.449352,74,Replayed,9.0
-9.0,0.0,-1,1,52.131397,74,Replayed,9.0
1.0,1.0,1,1,51.342655,74,Replayed,1.0
3.0,0.0,-1,0,48.23044,74,Replayed,3.0
38.0,0.0,1,1,75.06445,74,Replayed,38.0
3.0,-1.0,1,1,50.2807,74,Replayed,3.0
9.0,0.0,1,1,56.12914,74,Replayed,9.0
-9.0,0.0,-1,1,53.119595,74,Replayed,9.0
-1.0,-1.0,1,0,50.516956,74,Replayed,1.0
-38.0,-1.0,-1,1,67.93716,74,Replayed,38.0
9.0,1.0,1,1,55.894936,74,Replayed,9.0
-38.0,-1.0,-1,1,67.61867,74,Replayed,38.0
-1.0,1.0,1,0,50.296627,74,Replayed,1.0
-5.0,-1.0,-1,1,49.001114,74,Replayed,5.0
5.0,-1.0,1,1,49.745632,74,Replayed,5.0
9.0,0.0,1,1,55.053104,74,Replayed,9.0
-3.0,0.0,-1,1,50.897045,74,Replayed,3.0
-38.0,-1.0,-1,1,67.6601,74,Replayed,38.0
3.0,-1.0,1,1,50.611145,74,Replayed,3.0
-5.0,0.0,1,0,49.649048,74,Replayed,5.0
5.0,1.0,1,1,54.19812,74,Replayed,5.0
-5.0,1.0,1,0,48.111645,74,Replayed,5.0
1.0,-1.0,1,1,50.02054,74,Replayed,1.0
-9.0,1.0,-1,1,54.46252,74,Replayed,9.0
1.0,-1.0,-1,0,49.552135,74,Replayed,1.0
-9.0,0.0,-1,1,52.46001,74,Replayed,9.0
38.0,0.0,1,1,74.46189,74,Replayed,38.0
3.0,0.0,1,1,51.766525,74,Replayed,3.0
-5.0,-1.0,-1,1,50.097412,74,Replayed,5.0
5.0,-1.0,1,1,50.15009,74,Replayed,5.0
38.0,0.0,1,1,73.691025,74,Replayed,38.0
3.0,-1.0,1,1,50.938873,74,Replayed,3.0
-5.0,1.0,-1,1,52.041054,74,Replayed,5.0
-1.0,1.0,1,0,50.653236,74,Replayed,1.0
9.0,0.0,1,1,55.36441,74,Replayed,9.0
-38.0,-1.0,-1,1,67.45773,74,Replayed,38.0
38.0,1.0,1,1,78.90315,74,Replayed,38.0
5.0,-1.0,1,1,50.27609,74,Replayed,5.0
-3.0,0.0,-1,1,50.825966,74,Replayed,3.0
-9.0,-1.0,-1,1,50.881256,74,Replayed,9.0
38.0,1.0,1,1,78.38539,74,Replayed,38.0
5.0,1.0,-1,0,46.393726,74,Replayed,5.0
9.0,-1.0,1,1,51.66567,74,Replayed,9.0
5.0,0.0,1,1,52.83078,74,Replayed,5.0
5.0,1.0,1,1,53.70122,74,Replayed,5.0
-1.0,0.0,1,0,49.95649,74,Replayed,1.0
3.0,1.0,1,1,53.051258,74,Replayed,3.0
-1.0,-1.0,1,0,49.95724,74,Replayed,1.0
9.0,0.0,1,1,54.857944,74,Replayed,9.0
3.0,0.0,1,1,51.450695,74,Replayed,3.0
-1.0,0.0,1,0,50.579815,74,Replayed,1.0
38.0,-1.0,1,1,71.00903,74,Replayed,38.0
-5.0,-1.0,-1,1,49.522133,74,Replayed,5.0
-1.0,0.0,1,0,49.769333,74,Replayed,1.0
5.0,0.0,1,1,52.802586,74,Replayed,5.0
-3.0,1.0,-1,1,50.772976,74,Replayed,3.0
-38.0,1.0,-1,1,76.94436,74,Replayed,38.0
3.0,1.0,1,1,52.746044,74,Replayed,3.0
38.0,1.0,1,1,78.29401,74,Replayed,38.0
-5.0,0.0,1,0,48.688324,74,Replayed,5.0
-38.0,0.0,-1,1,73.19561,74,Replayed,38.0
-38.0,-1.0,-1,1,67.859184,74,Replayed,38.0
9.0,1.0,1,1,56.600983,74,Replayed,9.0
1.0,1.0,-1,0,48.022034,74,Replayed,1.0
3.0,0.0,1,1,50.459766,74,Replayed,3.0
-1.0,-1.0,-1,1,50.344795,74,Replayed,1.0
-3.0,1.0,-1,1,50.875908,74,Replayed,3.0
-5.0,1.0,-1,1,52.12953,74,Replayed,5.0
-5.0,-1.0,-1,1,48.968784,74,Replayed,5.0
-5.0,-1.0,-1,1,49.171112,74,Replayed,5.0
-1.0,1.0,1,0,50.75252,74,Replayed,1.0
38.0,0.0,1,1,74.37099,74,Replayed,38.0
5.0,-1.0,1,1,51.235313,74,Replayed,5.0
38.0,-1.0,1,1,96.20384,75,Replayed,38.0
-3.0,0.0,1,0,38.193436,75,Replayed,3.0
-1.0,0.0,-1,1,57.18499,75,Replayed,1.0
3.0,0.0,-1,0,44.19058,75,Replayed,3.0
1.0,-1.0,-1,0,50.29406,75,Replayed,1.0
-38.0,1.0,-1,1,96.13296,75,Replayed,38.0
-9.0,1.0,-1,1,79.73415,75,Replayed,9.0
1.0,1.0,1,1,50.23156,75,Replayed,1.0
38.0,-1.0,1,1,96.35054,75,Replayed,38.0
-5.0,-1.0,-1,1,65.34234,75,Replayed,5.0
3.0,1.0,1,1,54.880924,75,Replayed,3.0
-3.0,1.0,1,0,36.444195,75,Replayed,3.0
1.0,-1.0,1,1,49.4697,75,Replayed,1.0
1.0,-1.0,-1,0,50.341236,75,Replayed,1.0
-5.0,0.0,-1,1,68.15055,75,Replayed,5.0
-5.0,1.0,-1,1,69.424385,75,Replayed,5.0
-1.0,1.0,-1,1,57.694633,75,Replayed,1.0
-38.0,0.0,-1,1,97.013916,75,Replayed,38.0
5.0,0.0,1,1,61.85234,75,Replayed,5.0
38.0,0.0,1,1,96.05425,75,Replayed,38.0
3.0,0.0,-1,0,43.972492,75,Replayed,3.0
9.0,0.0,1,1,72.210594,75,Replayed,9.0
3.0,0.0,1,1,55.45643,75,Replayed,3.0
9.0,-1.0,1,1,69.546936,75,Replayed,9.0
-9.0,0.0,-1,1,76.517426,75,Replayed,9.0
3.0,1.0,1,1,56.45845,75,Replayed,3.0
-3.0,0.0,1,0,37.15959,75,Replayed,3.0
-9.0,-1.0,1,0,25.409721,75,Replayed,9.0
-1.0,1.0,1,0,43.831207,75,Replayed,1.0
3.0,1.0,-1,0,43.96747,75,Replayed,3.0
-5.0,-1.0,-1,1,65.54075,75,Replayed,5.0
-9.0,1.0,-1,1,79.99247,75,Replayed,9.0
9.0,0.0,1,1,71.92628,75,Replayed,9.0
9.0,1.0,1,1,75.25648,75,Replayed,9.0
-9.0,0.0,-1,1,77.12807,75,Replayed,9.0
-38.0,1.0,-1,1,96.60254,75,Replayed,38.0
-38.0,0.0,-1,1,96.46605,75,Replayed,38.0
-3.0,1.0,-1,1,63.29687,75,Replayed,3.0
38.0,1.0,1,1,97.10671,75,Replayed,38.0
38.0,1.0,1,1,96.68551,75,Replayed,38.0
3.0,1.0,1,1,55.994328,75,Replayed,3.0
1.0,-1.0,1,1,49.37531,75,Replayed,1.0
-3.0,-1.0,1,0,38.930336,75,Replayed,3.0
-3.0,-1.0,1,0,39.348923,75,Replayed,3.0
-9.0,0.0,-1,1,77.33253,75,Replayed,9.0
9.0,-1.0,1,1,69.18954,75,Replayed,9.0
-1.0,0.0,-1,1,55.722767,75,Replayed,1.0
5.0,-1.0,1,1,60.03849,75,Replayed,5.0
-3.0,1.0,-1,1,63.65648,75,Replayed,3.0
-3.0,-1.0,1,0,38.84628,75,Replayed,3.0
-5.0,0.0,-1,1,67.84529,75,Replayed,5.0
-1.0,1.0,1,0,43.061382,75,Replayed,1.0
-9.0,0.0,-1,1,76.96516,75,Replayed,9.0
9.0,1.0,1,1,74.625145,75,Replayed,9.0
-5.0,-1.0,-1,1,65.98166,75,Replayed,5.0
-1.0,-1.0,1,0,42.943607,75,Replayed,1.0
-1.0,1.0,-1,1,56.434334,75,Replayed,1.0
38.0,0.0,1,1,96.37974,75,Replayed,38.0
-9.0,-1.0,-1,1,73.78567,75,Replayed,9.0
-38.0,0.0,-1,1,96.5208,75,Replayed,38.0
-9.0,-1.0,1,0,25.41579,75,Replayed,9.0
1.0,0.0,-1,0,50.475555,75,Replayed,1.0
1.0,1.0,-1,0,50.525875,75,Replayed,1.0
-5.0,1.0,-1,1,69.994125,75,Replayed,5.0
5.0,-1.0,1,1,59.938015,75,Replayed,5.0
1.0,1.0,1,1,50.567036,75,Replayed,1.0
38.0,0.0,1,1,96.70436,75,Replayed,38.0
1.0,0.0,-1,0,50.91595,75,Replayed,1.0
-1.0,-1.0,1,0,45.412964,75,Replayed,1.0
9.0,0.0,-1,0,27.874872,75,Replayed,9.0
-5.0,-1.0,1,0,34.499626,75,Replayed,5.0
38.0,0.0,1,1,95.93909,75,Replayed,38.0
-3.0,0.0,-1,1,62.64333,75,Replayed,3.0
1.0,1.0,1,1,49.12145,75,Replayed,1.0
-3.0,0.0,-1,1,61.292786,75,Replayed,3.0
38.0,0.0,1,1,96.44121,75,Replayed,38.0
3.0,1.0,1,1,55.822647,75,Replayed,3.0
5.0,-1.0,1,1,59.957607,75,Replayed,5.0
38.0,1.0,1,1,96.649704,75,Replayed,38.0
-9.0,-1.0,-1,1,74.15756,75,Replayed,9.0
-9.0,-1.0,1,0,26.127491,75,Replayed,9.0
1.0,-1.0,-1,0,49.975983,75,Replayed,1.0
3.0,-1.0,1,1,54.111366,75,Replayed,3.0
-1.0,1.0,1,0,42.530346,75,Replayed,1.0
3.0,-1.0,-1,0,44.882576,75,Replayed,3.0
5.0,-1.0,-1,0,40.078373,75,Replayed,5.0
-9.0,1.0,-1,1,79.00528,75,Replayed,9.0
-9.0,0.0,-1,1,76.52112,75,Replayed,9.0
3.0,0.0,-1,0,44.12634,75,Replayed,3.0
9.0,0.0,1,1,71.96164,75,Replayed,9.0
5.0,0.0,-1,0,37.837646,75,Replayed,5.0
-3.0,-1.0,-1,1,60.70861,75,Replayed,3.0
3.0,0.0,-1,0,43.286274,75,Replayed,3.0
1.0,-1.0,-1,0,49.879135,75,Replayed,1.0
3.0,-1.0,1,1,55.362965,75,Replayed,3.0
5.0,1.0,1,1,63.056435,75,Replayed,5.0
5.0,0.0,-1,0,37.544334,75,Replayed,5.0
9.0,1.0,1,1,75.04394,75,Replayed,9.0
-1.0,-1.0,-1,1,54.385246,75,Replayed,1.0
-5.0,-1.0,-1,1,65.515656,75,Replayed,5.0
-1.0,0.0,-1,1,56.543373,75,Replayed,1.0
-9.0,0.0,-1,1,77.19131,75,Replayed,9.0
-1.0,0.0,-1,1,55.31742,75,Replayed,1.0
5.0,1.0,-1,0,36.12502,75,Replayed,5.0
-5.0,-1.0,-1,1,65.77244,75,Replayed,5.0
38.0,1.0,1,1,96.38766,75,Replayed,38.0
-9.0,-1.0,-1,1,73.491234,75,Replayed,9.0
-5.0,1.0,-1,1,69.53351,75,Replayed,5.0
-9.0,1.0,-1,1,80.65458,75,Replayed,9.0
9.0,1.0,1,1,74.77868,75,Replayed,9.0
1.0,0.0,-1,0,51.179504,75,Replayed,1.0
-38.0,0.0,-1,1,96.558624,75,Replayed,38.0
9.0,-1.0,1,1,68.71558,75,Replayed,9.0
1.0,1.0,1,1,49.082737,75,Replayed,1.0
-38.0,1.0,1,0,3.6513672,75,Replayed,38.0
3.0,0.0,1,1,55.726097,75,Replayed,3.0
9.0,-1.0,1,1,68.81674,75,Replayed,9.0
-38.0,-1.0,-1,1,96.13852,75,Replayed,38.0
5.0,-1.0,1,1,60.10754,75,Replayed,5.0
38.0,0.0,1,1,96.286964,75,Replayed,38.0
-3.0,-1.0,-1,1,60.789944,75,Replayed,3.0
-3.0,0.0,1,0,37.511158,75,Replayed,3.0
9.0,1.0,1,1,75.33394,75,Replayed,9.0
1.0,0.0,-1,0,49.99238,75,Replayed,1.0
-5.0,1.0,-1,1,68.261185,75,Replayed,5.0
3.0,-1.0,1,1,55.642838,75,Replayed,3.0
-1.0,-1.0,-1,1,55.775208,75,Replayed,1.0
-5.0,0.0,-1,1,67.42815,75,Replayed,5.0
5.0,0.0,1,1,62.348927,75,Replayed,5.0
-38.0,0.0,-1,1,95.917145,75,Replayed,38.0
-5.0,0.0,-1,1,68.30533,75,Replayed,5.0
-5.0,-1.0,1,0,34.645374,75,Replayed,5.0
-3.0,1.0,-1,1,63.885654,75,Replayed,3.0
-38.0,1.0,1,0,3.091859,75,Replayed,38.0
38.0,1.0,1,1,96.29356,75,Replayed,38.0
-38.0,-1.0,-1,1,96.38041,75,Replayed,38.0
1.0,0.0,-1,0,50.47052,75,Replayed,1.0
-1.0,-1.0,1,0,43.750053,75,Replayed,1.0
-38.0,0.0,-1,1,96.88283,75,Replayed,38.0
3.0,-1.0,1,1,55.388824,75,Replayed,3.0
9.0,0.0,1,1,72.56215,75,Replayed,9.0
-1.0,-1.0,1,0,45.353954,75,Replayed,1.0
-5.0,0.0,1,0,32.01679,75,Replayed,5.0
-38.0,-1.0,-1,1,95.661644,75,Replayed,38.0
9.0,0.0,1,1,71.78827,75,Replayed,9.0
-3.0,1.0,-1,1,63.011993,75,Replayed,3.0
9.0,-1.0,1,1,69.4501,75,Replayed,9.0
-5.0,-1.0,-1,1,65.80051,75,Replayed,5.0
-9.0,1.0,-1,1,79.944725,75,Replayed,9.0
-9.0,1.0,-1,1,79.37043,75,Replayed,9.0
-38.0,1.0,-1,1,96.23611,75,Replayed,38.0
5.0,1.0,-1,0,36.599407,75,Replayed,5.0
38.0,1.0,1,1,97.0353,75,Replayed,38.0
-1.0,0.0,-1,1,56.892593,75,Replayed,1.0
3.0,-1.0,-1,0,44.985176,75,Replayed,3.0
1.0,-1.0,-1,0,49.55317,75,Replayed,1.0
-3.0,-1.0,-1,1,60.68735,75,Replayed,3.0
38.0,-1.0,1,1,96.1513,75,Replayed,38.0
-5.0,0.0,1,0,31.623947,75,Replayed,5.0
-38.0,-1.0,-1,1,96.13623,75,Replayed,38.0
-38.0,0.0,-1,1,96.24344,75,Replayed,38.0
-9.0,-1.0,-1,1,73.96924,75,Replayed,9.0
-38.0,-1.0,-1,1,96.04853,75,Replayed,38.0
-5.0,1.0,-1,1,69.858154,75,Replayed,5.0
-3.0,-1.0,-1,1,60.595016,75,Replayed,3.0
5.0,-1.0,1,1,60.309963,75,Replayed,5.0
1.0,1.0,-1,0,50.783764,75,Replayed,1.0
1.0,1.0,1,1,50.435024,75,Replayed,1.0
-1.0,0.0,-1,1,56.75217,75,Replayed,1.0
-38.0,-1.0,-1,1,96.43634,75,Replayed,38.0
-1.0,1.0,-1,1,56.94559,75,Replayed,1.0
-5.0,0.0,-1,1,66.804344,75,Replayed,5.0
9.0,1.0,1,1,74.50947,75,Replayed,9.0
-38.0,0.0,-1,1,96.05624,75,Replayed,38.0
9.0,-1.0,1,1,70.049614,75,Replayed,9.0
-1.0,0.0,1,0,43.210533,75,Replayed,1.0
5.0,1.0,-1,0,37.136734,75,Replayed,5.0
5.0,-1.0,1,1,59.79269,75,Replayed,5.0
38.0,1.0,1,1,96.4202,75,Replayed,38.0
-5.0,1.0,-1,1,70.02997,75,Replayed,5.0
1.0,1.0,-1,0,50.770313,75,Replayed,1.0
-3.0,1.0,-1,1,64.292595,75,Replayed,3.0
-38.0,-1.0,-1,1,96.18455,75,Replayed,38.0
38.0,0.0,1,1,96.16326,75,Replayed,38.0
9.0,-1.0,1,1,69.84053,75,Replayed,9.0
5.0,1.0,1,1,62.600346,75,Replayed,5.0
38.0,-1.0,1,1,95.86041,75,Replayed,38.0
-9.0,-1.0,-1,1,74.18872,75,Replayed,9.0
3.0,0.0,1,1,55.6828,75,Replayed,3.0
-38.0,1.0,-1,1,96.352806,75,Replayed,38.0
38.0,-1.0,1,1,95.43831,75,Replayed,38.0
3.0,-1.0,-1,0,45.502148,75,Replayed,3.0
-9.0,1.0,-1,1,80.55644,75,Replayed,9.0
5.0,0.0,1,1,61.714638,75,Replayed,5.0
-3.0,1.0,-1,1,63.661217,75,Replayed,3.0
1.0,0.0,-1,0,49.62249,75,Replayed,1.0
3.0,1.0,1,1,56.909935,75,Replayed,3.0
3.0,0.0,1,1,56.47471,75,Replayed,3.0
1.0,-1.0,1,1,49.923306,75,Replayed,1.0
-38.0,-1.0,1,0,3.4464576,75,Replayed,38.0
5.0,0.0,1,1,61.752796,75,Replayed,5.0
-38.0,1.0,-1,1,96.084694,75,Replayed,38.0
3.0,1.0,1,1,57.838047,75,Replayed,3.0
9.0,0.0,1,1,72.09808,75,Replayed,9.0
38.0,1.0,1,1,95.86233,75,Replayed,38.0
-3.0,0.0,1,0,38.22027,75,Replayed,3.0
-1.0,-1.0,-1,1,55.778564,75,Replayed,1.0
38.0,0.0,1,1,96.72567,75,Replayed,38.0
-1.0,1.0,1,0,42.621037,75,Replayed,1.0
-3.0,1.0,-1,1,64.04535,75,Replayed,3.0
-9.0,0.0,-1,1,76.31926,75,Replayed,9.0
5.0,1.0,-1,0,37.144997,75,Replayed,5.0
9.0,1.0,1,1,75.21867,75,Replayed,9.0
9.0,-1.0,1,1,69.78175,75,Replayed,9.0
1.0,0.0,-1,0,50.610935,75,Replayed,1.0
-5.0,1.0,1,0,31.017414,75,Replayed,5.0
9.0,0.0,-1,0,27.469152,75,Replayed,9.0
-3.0,-1.0,-1,1,61.854355,75,Replayed,3.0
5.0,1.0,-1,0,36.606133,75,Replayed,5.0
5.0,0.0,-1,0,38.548603,75,Replayed,5.0
38.0,-1.0,1,1,96.09253,75,Replayed,38.0
-5.0,0.0,-1,1,68.07114,75,Replayed,5.0
5.0,0.0,1,1,61.88452,75,Replayed,5.0
3.0,-1.0,1,1,55.480324,75,Replayed,3.0
1.0,0.0,-1,0,50.120277,75,Replayed,1.0
38.0,-1.0,1,1,96.0189,75,Replayed,38.0
5.0,1.0,1,1,64.49053,75,Replayed,5.0
38.0,-1.0,1,1,95.62503,75,Replayed,38.0
9.0,1.0,1,1,74.7004,75,Replayed,9.0
-5.0,1.0,-1,1,69.24309,75,Replayed,5.0
-3.0,0.0,1,0,38.84802,75,Replayed,3.0
-38.0,1.0,-1,1,96.809814,75,Replayed,38.0
3.0,1.0,-1,0,42.948727,75,Replayed,3.0
-9.0,1.0,-1,1,79.0402,75,Replayed,9.0
5.0,-1.0,-1,0,39.509167,75,Replayed,5.0
-1.0,0.0,-1,1,56.14866,75,Replayed,1.0
-1.0,-1.0,-1,1,51.916145,76,Replayed,1.0
-38.0,0.0,-1,1,70.685234,76,Replayed,38.0
38.0,1.0,1,1,69.94596,76,Replayed,38.0
3.0,1.0,-1,0,48.56086,76,Replayed,3.0
9.0,1.0,-1,0,44.588654,76,Replayed,9.0
1.0,-1.0,-1,0,49.56244,76,Replayed,1.0
-1.0,0.0,1,0,49.745197,76,Replayed,1.0
38.0,-1.0,1,1,69.711006,76,Replayed,38.0
-38.0,1.0,-1,1,69.67167,76,Replayed,38.0
-9.0,0.0,-1,1,55.494373,76,Replayed,9.0
-5.0,1.0,-1,1,53.75415,76,Replayed,5.0
-5.0,0.0,1,0,46.744946,76,Replayed,5.0
-38.0,-1.0,-1,1,70.17363,76,Replayed,38.0
3.0,1.0,1,1,51.147396,76,Replayed,3.0
-3.0,1.0,-1,1,52.204777,76,Replayed,3.0
-3.0,-1.0,1,0,48.3438,76,Replayed,3.0
9.0,0.0,-1,0,44.73072,76,Replayed,9.0
3.0,0.0,1,1,50.50102,76,Replayed,3.0
5.0,0.0,1,1,52.40072,76,Replayed,5.0
-5.0,-1.0,-1,1,53.07417,76,Replayed,5.0
-38.0,0.0,-1,1,70.23881,76,Replayed,38.0
-5.0,1.0,-1,1,52.888733,76,Replayed,5.0
5.0,1.0,1,1,52.413822,76,Replayed,5.0
-38.0,0.0,-1,1,70.623924,76,Replayed,38.0
-38.0,0.0,-1,1,69.781555,76,Replayed,38.0
1.0,1.0,1,1,51.16293,76,Replayed,1.0
-38.0,0.0,-1,1,69.83295,76,Replayed,38.0
38.0,1.0,-1,0,29.876608,76,Replayed,38.0
38.0,0.0,1,1,70.611725,76,Replayed,38.0
1.0,0.0,1,1,50.233467,76,Replayed,1.0
-9.0,0.0,-1,1,55.241184,76,Replayed,9.0
1.0,0.0,1,1,50.87609,76,Replayed,1.0
5.0,-1.0,-1,0,47.23512,76,Replayed,5.0
-38.0,-1.0,-1,1,70.874115,76,Replayed,38.0
38.0,-1.0,1,1,70.17328,76,Replayed,38.0
38.0,-1.0,1,1,70.600464,76,Replayed,38.0
9.0,0.0,1,1,54.523613,76,Replayed,9.0
3.0,0.0,1,1,51.7373,76,Replayed,3.0
-5.0,0.0,1,0,46.36468,76,Replayed,5.0
-9.0,0.0,1,0,44.279358,76,Replayed,9.0
-3.0,1.0,-1,1,52.230923,76,Replayed,3.0
-3.0,-1.0,1,0,48.500153,76,Replayed,3.0
3.0,-1.0,1,1,50.50814,76,Replayed,3.0
9.0,-1.0,-1,0,44.621952,76,Replayed,9.0
1.0,1.0,-1,0,49.58902,76,Replayed,1.0
3.0,-1.0,-1,0,47.75145,76,Replayed,3.0
-3.0,-1.0,1,0,49.09256,76,Replayed,3.0
-5.0,1.0,1,0,47.160015,76,Replayed,5.0
-5.0,0.0,-1,1,53.657486,76,Replayed,5.0
3.0,0.0,-1,0,49.098217,76,Replayed,3.0
5.0,-1.0,-1,0,46.63599,76,Replayed,5.0
5.0,1.0,-1,0,47.611156,76,Replayed,5.0
1.0,1.0,-1,0,50.18422,76,Replayed,1.0
-5.0,1.0,1,0,46.644436,76,Replayed,5.0
9.0,1.0,-1,0,45.99753,76,Replayed,9.0
-3.0,0.0,1,0,47.960842,76,Replayed,3.0
9.0,1.0,1,1,54.783386,76,Replayed,9.0
5.0,-1.0,-1,0,47.452114,76,Replayed,5.0
9.0,-1.0,1,1,53.81665,76,Replayed,9.0
-1.0,1.0,-1,1,50.30168,76,Replayed,1.0
-9.0,-1.0,1,0,44.984875,76,Replayed,9.0
5.0,1.0,-1,0,47.558174,76,Replayed,5.0
-9.0,0.0,-1,1,55.22495,76,Replayed,9.0
3.0,0.0,-1,0,48.818737,76,Replayed,3.0
-38.0,-1.0,-1,1,70.47012,76,Replayed,38.0
-3.0,-1.0,1,0,48.868584,76,Replayed,3.0
1.0,1.0,-1,0,50.328697,76,Replayed,1.0
-3.0,1.0,-1,1,51.84714,76,Replayed,3.0
-38.0,0.0,1,0,29.289305,76,Replayed,38.0
38.0,1.0,-1,0,30.54125,76,Replayed,38.0
-9.0,0.0,-1,1,55.567955,76,Replayed,9.0
-3.0,0.0,-1,1,52.384903,76,Replayed,3.0
9.0,0.0,1,1,55.080307,76,Replayed,9.0
3.0,0.0,-1,0,49.343956,76,Replayed,3.0
38.0,0.0,1,1,70.362686,76,Replayed,38.0
-3.0,0.0,-1,1,50.95632,76,Replayed,3.0
-38.0,-1.0,1,0,29.439905,76,Replayed,38.0
5.0,0.0,1,1,52.18175,76,Replayed,5.0
-5.0,-1.0,1,0,46.171257,76,Replayed,5.0
-5.0,0.0,1,0,46.82965,76,Replayed,5.0
-3.0,0.0,1,0,48.98034,76,Replayed,3.0
3.0,1.0,1,1,52.243603,76,Replayed,3.0
-38.0,-1.0,-1,1,71.5865,76,Replayed,38.0
-3.0,0.0,-1,1,53.19072,76,Replayed,3.0
-38.0,1.0,-1,1,70.060104,76,Replayed,38.0
5.0,0.0,-1,0,48.046013,76,Replayed,5.0
-9.0,-1.0,-1,1,55.119495,76,Replayed,9.0
5.0,1.0,-1,0,47.96546,76,Replayed,5.0
3.0,0.0,1,1,52.210938,76,Replayed,3.0
9.0,0.0,-1,0,45.3439,76,Replayed,9.0
5.0,1.0,-1,0,46.99767,76,Replayed,5.0
-9.0,1.0,1,0,45.68484,76,Replayed,9.0
-1.0,-1.0,-1,1,50.991463,76,Replayed,1.0
-1.0,0.0,1,0,48.53068,76,Replayed,1.0
-9.0,1.0,1,0,45.01429,76,Replayed,9.0
-5.0,-1.0,-1,1,53.21046,76,Replayed,5.0
38.0,0.0,1,1,69.8593,76,Replayed,38.0
-9.0,-1.0,1,0,45.427532,76,Replayed,9.0
-3.0,0.0,-1,1,51.261395,76,Replayed,3.0
3.0,1.0,-1,0,48.477005,76,Replayed,3.0
9.0,1.0,1,1,54.657566,76,Replayed,9.0
-5.0,-1.0,1,0,47.030666,76,Replayed,5.0
-3.0,1.0,-1,1,51.69948,76,Replayed,3.0
38.0,1.0,1,1,69.500595,76,Replayed,38.0
3.0,-1.0,1,1,52.311718,76,Replayed,3.0
-3.0,1.0,1,0,47.1664,76,Replayed,3.0
-1.0,1.0,-1,1,51.07691,76,Replayed,1.0
1.0,1.0,1,1,50.37331,76,Replayed,1.0
1.0,0.0,-1,0,50.873573,76,Replayed,1.0
1.0,0.0,-1,0,49.7938,76,Replayed,1.0
-1.0,1.0,-1,1,51.22947,76,Replayed,1.0
5.0,-1.0,-1,0,46.690636,76,Replayed,5.0
-3.0,-1.0,1,0,48.410034,76,Replayed,3.0
9.0,-1.0,1,1,54.42158,76,Replayed,9.0
-1.0,0.0,-1,1,49.892063,76,Replayed,1.0
-1.0,1.0,-1,1,50.66969,76,Replayed,1.0
-5.0,1.0,-1,1,53.311913,76,Replayed,5.0
-9.0,1.0,1,0,44.781654,76,Replayed,9.0
-38.0,1.0,-1,1,69.10975,76,Replayed,38.0
-9.0,-1.0,1,0,44.76411,76,Replayed,9.0
-5.0,-1.0,1,0,47.29231,76,Replayed,5.0
3.0,1.0,-1,0,49.12731,76,Replayed,3.0
-5.0,0.0,1,0,47.28181,76,Replayed,5.0
-1.0,-1.0,-1,1,50.86158,76,Replayed,1.0
9.0,1.0,1,1,54.562805,76,Replayed,9.0
38.0,0.0,-1,0,29.812284,76,Replayed,38.0
38.0,-1.0,1,1,69.97422,76,Replayed,38.0
-38.0,-1.0,-1,1,70.69673,76,Replayed,38.0
38.0,0.0,1,1,70.450226,76,Replayed,38.0
9.0,0.0,-1,0,44.61909,76,Replayed,9.0
9.0,1.0,-1,0,45.40171,76,Replayed,9.0
9.0,0.0,1,1,54.462875,76,Replayed,9.0
-9.0,-1.0,1,0,44.861256,76,Replayed,9.0
5.0,1.0,1,1,52.994682,76,Replayed,5.0
-3.0,1.0,1,0,47.76124,76,Replayed,3.0
1.0,1.0,-1,0,50.24999,76,Replayed,1.0
-1.0,1.0,-1,1,51.27862,76,Replayed,1.0
-9.0,1.0,-1,1,55.46162,76,Replayed,9.0
1.0,0.0,1,1,51.211815,76,Replayed,1.0
1.0,1.0,-1,0,49.644997,76,Replayed,1.0
1.0,0.0,1,1,50.41073,76,Replayed,1.0
38.0,-1.0,1,1,69.98037,76,Replayed,38.0
-38.0,1.0,1,0,30.131977,76,Replayed,38.0
38.0,0.0,1,1,70.21734,76,Replayed,38.0
-38.0,1.0,-1,1,70.59773,76,Replayed,38.0
9.0,0.0,1,1,54.36383,76,Replayed,9.0
-1.0,1.0,1,0,48.751297,76,Replayed,1.0
-38.0,1.0,-1,1,70.65412,76,Replayed,38.0
-9.0,-1.0,1,0,44.985806,76,Replayed,9.0
-1.0,-1.0,-1,1,50.819927,76,Replayed,1.0
38.0,0.0,1,1,69.913124,76,Replayed,38.0
3.0,-1.0,1,1,51.18992,76,Replayed,3.0
9.0,0.0,-1,0,44.874294,76,Replayed,9.0
-1.0,-1.0,-1,1,50.724,76,Replayed,1.0
1.0,-1.0,-1,0,49.70567,76,Replayed,1.0
3.0,1.0,-1,0,48.61511,76,Replayed,3.0
3.0,-1.0,1,1,50.986607,76,Replayed,3.0
1.0,-1.0,-1,0,49.976925,76,Replayed,1.0
38.0,1.0,-1,0,30.509884,76,Replayed,38.0
-38.0,0.0,-1,1,70.48702,76,Replayed,38.0
5.0,-1.0,-1,0,47.288353,76,Replayed,5.0
-9.0,1.0,-1,1,56.437386,76,Replayed,9.0
1.0,-1.0,1,1,51.248978,76,Replayed,1.0
-9.0,1.0,1,0,45.036438,76,Replayed,9.0
-3.0,0.0,-1,1,52.68296,76,Replayed,3.0
-38.0,-1.0,-1,1,71.362,76,Replayed,38.0
5.0,0.0,-1,0,48.123833,76,Replayed,5.0
-3.0,0.0,-1,1,52.18652,76,Replayed,3.0
1.0,0.0,1,1,51.014572,76,Replayed,1.0
5.0,-1.0,-1,0,47.685776,76,Replayed,5.0
-3.0,1.0,-1,1,52.614246,76,Replayed,3.0
-1.0,0.0,1,0,49.24657,76,Replayed,1.0
-38.0,0.0,1,0,29.382938,76,Replayed,38.0
-5.0,0.0,1,0,47.09716,76,Replayed,5.0
-9.0,0.0,1,0,43.934814,76,Replayed,9.0
3.0,-1.0,1,1,51.835888,76,Replayed,3.0
-9.0,0.0,1,0,44.755497,76,Replayed,9.0
3.0,0.0,1,1,51.56079,76,Replayed,3.0
9.0,-1.0,1,1,54.745056,76,Replayed,9.0
-1.0,1.0,-1,1,50.571556,76,Replayed,1.0
-5.0,1.0,-1,1,52.82284,76,Replayed,5.0
3.0,-1.0,1,1,51.06592,76,Replayed,3.0
1.0,-1.0,1,1,50.677837,76,Replayed,1.0
-9.0,1.0,-1,1,55.379303,76,Replayed,9.0
-1.0,1.0,1,0,48.40192,76,Replayed,1.0
-5.0,1.0,1,0,47.662575,76,Replayed,5.0
-1.0,-1.0,1,0,49.435513,76,Replayed,1.0
38.0,1.0,-1,0,29.62743,76,Replayed,38.0
-9.0,1.0,-1,1,54.785007,76,Replayed,9.0
9.0,1.0,1,1,55.19982,76,Replayed,9.0
5.0,0.0,1,1,53.28882,76,Replayed,5.0
-3.0,-1.0,1,0,48.183006,76,Replayed,3.0
1.0,-1.0,-1,0,50.146675,76,Replayed,1.0
-5.0,-1.0,1,0,46.775784,76,Replayed,5.0
-5.0,-1.0,-1,1,51.941444,76,Replayed,5.0
5.0,1.0,1,1,52.655567,76,Replayed,5.0
38.0,0.0,1,1,70.15914,76,Replayed,38.0
-5.0,1.0,-1,1,53.243774,76,Replayed,5.0
-1.0,0.0,-1,1,51.14338,76,Replayed,1.0
38.0,-1.0,1,1,69.53025,76,Replayed,38.0
-1.0,0.0,1,0,49.434357,76,Replayed,1.0
1.0,0.0,-1,0,50.1208,76,Replayed,1.0
-5.0,-1.0,-1,1,52.913845,76,Replayed,5.0
-38.0,1.0,-1,1,70.35039,76,Replayed,38.0
5.0,0.0,-1,0,47.298218,76,Replayed,5.0
38.0,1.0,1,1,70.77368,76,Replayed,38.0
3.0,-1.0,1,1,51.49411,76,Replayed,3.0
5.0,0.0,-1,0,47.21978,76,Replayed,5.0
9.0,-1.0,1,1,55.299973,76,Replayed,9.0
-1.0,-1.0,-1,1,50.775665,76,Replayed,1.0
-5.0,0.0,-1,1,52.372265,76,Replayed,5.0
-9.0,-1.0,-1,1,55.27715,76,Replayed,9.0
9.0,-1.0,-1,0,45.75628,76,Replayed,9.0
38.0,-1.0,-1,0,29.709064,76,Replayed,38.0
-38.0,-1.0,1,0,30.17569,76,Replayed,38.0
3.0,1.0,1,1,50.8452,76,Replayed,3.0
5.0,-1.0,1,1,51.989037,76,Replayed,5.0
-38.0,1.0,-1,1,69.73883,76,Replayed,38.0
-3.0,-1.0,-1,1,51.62446,76,Replayed,3.0
9.0,1.0,1,1,54.22256,76,Replayed,9.0
-5.0,0.0,1,0,46.380886,76,Replayed,5.0
-9.0,0.0,-1,1,55.351334,76,Replayed,9.0
5.0,1.0,-1,0,46.921467,76,Replayed,5.0
9.0,-1.0,-1,0,45.827095,76,Replayed,9.0
9.0,-1.0,1,1,53.23054,76,Replayed,9.0
-3.0,-1.0,-1,1,51.80293,76,Replayed,3.0
38.0,-1.0,1,1,70.22284,76,Replayed,38.0
38.0,1.0,1,1,70.61318,76,Replayed,38.0
1.0,1.0,1,1,50.2896,76,Replayed,1.0
1.0,-1.0,-1,0,49.495655,76,Replayed,1.0
5.0,0.0,1,1,52.853245,76,Replayed,5.0
-3.0,1.0,-1,1,52.52712,76,Replayed,3.0
3.0,1.0,-1,0,49.644707,76,Replayed,3.0
-9.0,-1.0,1,0,45.039444,76,Replayed,9.0
-1.0,-1.0,1,0,48.23951,76,Replayed,1.0
5.0,-1.0,1,1,52.79471,76,Replayed,5.0
-1.0,0.0,-1,1,50.573944,76,Replayed,1.0
3.0,0.0,1,1,51.70982,76,Replayed,3.0
1.0,-1.0,1,1,51.53547,76,Replayed,1.0
-1.0,0.0,-1,1,51.265614,76,Replayed,1.0
-3.0,1.0,1,0,44.314068,77,Replayed,3.0
5.0,1.0,-1,0,37.865726,77,Replayed,5.0
9.0,-1.0,1,1,68.61725,77,Replayed,9.0
-38.0,1.0,-1,1,95.88628,77,Replayed,38.0
-5.0,0.0,-1,1,62.052578,77,Replayed,5.0
3.0,-1.0,-1,0,45.299667,77,Replayed,3.0
-38.0,-1.0,-1,1,94.70278,77,Replayed,38.0
-9.0,1.0,-1,1,69.62696,77,Replayed,9.0
1.0,0.0,1,1,51.637608,77,Replayed,1.0
9.0,1.0,1,1,70.20078,77,Replayed,9.0
38.0,1.0,1,1,95.77931,77,Replayed,38.0
9.0,1.0,1,1,70.46948,77,Replayed,9.0
3.0,1.0,1,1,57.641953,77,Replayed,3.0
-38.0,1.0,-1,1,95.94753,77,Replayed,38.0
3.0,-1.0,1,1,55.417896,77,Replayed,3.0
38.0,1.0,1,1,95.720436,77,Replayed,38.0
-1.0,0.0,1,0,47.127094,77,Replayed,1.0
3.0,0.0,1,1,55.844063,77,Replayed,3.0
38.0,-1.0,1,1,94.59027,77,Replayed,38.0
1.0,-1.0,1,1,51.11919,77,Replayed,1.0
1.0,1.0,-1,0,47.809467,77,Replayed,1.0
-3.0,-1.0,-1,1,56.4941,77,Replayed,3.0
5.0,1.0,1,1,61.24364,77,Replayed,5.0
38.0,0.0,1,1,95.33317,77,Replayed,38.0
-5.0,1.0,1,0,37.483284,77,Replayed,5.0
-9.0,0.0,-1,1,69.71818,77,Replayed,9.0
9.0,0.0,1,1,68.662025,77,Replayed,9.0
9.0,0.0,1,1,68.410225,77,Replayed,9.0
38.0,0.0,1,1,95.1223,77,Replayed,38.0
38.0,0.0,1,1,95.33897,77,Replayed,38.0
-3.0,1.0,-1,1,56.441505,77,Replayed,3.0
1.0,1.0,1,1,51.351517,77,Replayed,1.0
3.0,0.0,-1,0,44.679363,77,Replayed,3.0
9.0,-1.0,1,1,67.38403,77,Replayed,9.0
-38.0,0.0,-1,1,95.2439,77,Replayed,38.0
5.0,-1.0,1,1,60.3707,77,Replayed,5.0
38.0,1.0,1,1,96.014854,77,Replayed,38.0
9.0,0.0,1,1,68.347595,77,Replayed,9.0
-1.0,-1.0,1,0,48.99737,77,Replayed,1.0
-3.0,0.0,-1,1,56.722145,77,Replayed,3.0
-1.0,0.0,-1,1,51.84518,77,Replayed,1.0
9.0,0.0,1,1,69.32444,77,Replayed,9.0
-3.0,0.0,-1,1,56.899895,77,Replayed,3.0
-3.0,-1.0,-1,1,57.058746,77,Replayed,3.0
5.0,0.0,1,1,60.5299,77,Replayed,5.0
5.0,-1.0,1,1,59.686268,77,Replayed,5.0
-1.0,0.0,1,0,47.33069,77,Replayed,1.0
-9.0,1.0,-1,1,70.11693,77,Replayed,9.0
-38.0,0.0,-1,1,95.4385,77,Replayed,38.0
-9.0,0.0,-1,1,69.02521,77,Replayed,9.0
-1.0,-1.0,-1,1,52.362984,77,Replayed,1.0
-1.0,0.0,-1,1,52.658558,77,Replayed,1.0
9.0,1.0,1,1,69.56329,77,Replayed,9.0
9.0,-1.0,-1,0,32.314064,77,Replayed,9.0
9.0,1.0,1,1,70.707985,77,Replayed,9.0
-38.0,0.0,-1,1,95.330795,77,Replayed,38.0
5.0,-1.0,-1,0,40.47144,77,Replayed,5.0
3.0,0.0,1,1,56.647045,77,Replayed,3.0
-5.0,1.0,1,0,37.13225,77,Replayed,5.0
3.0,0.0,1,1,56.12438,77,Replayed,3.0
5.0,1.0,1,1,60.017117,77,Replayed,5.0
-9.0,1.0,-1,1,69.75115,77,Replayed,9.0
-5.0,0.0,-1,1,60.570103,77,Replayed,5.0
-5.0,1.0,-1,1,61.272263,77,Replayed,5.0
-5.0,0.0,-1,1,61.15534,77,Replayed,5.0
5.0,0.0,1,1,61.35041,77,Replayed,5.0
-3.0,0.0,-1,1,57.75466,77,Replayed,3.0
-38.0,-1.0,-1,1,94.454506,77,Replayed,38.0
3.0,1.0,1,1,56.672485,77,Replayed,3.0
1.0,-1.0,-1,0,48.10409,77,Replayed,1.0
-38.0,1.0,-1,1,96.11251,77,Replayed,38.0
38.0,1.0,1,1,95.73924,77,Replayed,38.0
-5.0,-1.0,-1,1,60.8025,77,Replayed,5.0
1.0,1.0,-1,0,47.288452,77,Replayed,1.0
-3.0,-1.0,1,0,43.53951,77,Replayed,3.0
3.0,1.0,1,1,56.761337,77,Replayed,3.0
-5.0,-1.0,-1,1,61.417873,77,Replayed,5.0
-1.0,0.0,1,0,47.646847,77,Replayed,1.0
-5.0,-1.0,-1,1,60.90624,77,Replayed,5.0
-3.0,-1.0,1,0,43.635746,77,Replayed,3.0
38.0,1.0,1,1,95.87502,77,Replayed,38.0
5.0,0.0,-1,0,39.94158,77,Replayed,5.0
3.0,0.0,1,1,56.01852,77,Replayed,3.0
5.0,0.0,1,1,59.50327,77,Replayed,5.0
-9.0,1.0,-1,1,70.9387,77,Replayed,9.0
9.0,0.0,1,1,69.181946,77,Replayed,9.0
9.0,1.0,-1,0,30.224567,77,Replayed,9.0
9.0,0.0,1,1,68.658775,77,Replayed,9.0
-5.0,-1.0,-1,1,60.12301,77,Replayed,5.0
-1.0,-1.0,1,0,48.53015,77,Replayed,1.0
-1.0,-1.0,-1,1,52.86422,77,Replayed,1.0
5.0,1.0,1,1,60.711746,77,Replayed,5.0
-3.0,1.0,-1,1,56.94226,77,Replayed,3.0
1.0,1.0,1,1,51.312607,77,Replayed,1.0
-38.0,1.0,-1,1,95.80118,77,Replayed,38.0
-9.0,-1.0,-1,1,68.615555,77,Replayed,9.0
-9.0,0.0,-1,1,69.35987,77,Replayed,9.0
-5.0,1.0,-1,1,61.610245,77,Replayed,5.0
-3.0,-1.0,-1,1,56.915028,77,Replayed,3.0
-38.0,-1.0,-1,1,94.87429,77,Replayed,38.0
-1.0,-1.0,-1,1,52.324135,77,Replayed,1.0
9.0,1.0,1,1,69.35443,77,Replayed,9.0
-5.0,-1.0,1,0,38.875343,77,Replayed,5.0
-9.0,1.0,1,0,29.615614,77,Replayed,9.0
3.0,-1.0,1,1,57.34906,77,Replayed,3.0
-5.0,0.0,-1,1,62.58186,77,Replayed,5.0
38.0,0.0,1,1,95.37223,77,Replayed,38.0
-5.0,-1.0,-1,1,60.685326,77,Replayed,5.0
-38.0,0.0,-1,1,95.34216,77,Replayed,38.0
-38.0,1.0,-1,1,95.884636,77,Replayed,38.0
3.0,-1.0,1,1,55.875484,77,Replayed,3.0
-3.0,-1.0,-1,1,56.58418,77,Replayed,3.0
1.0,-1.0,1,1,50.98485,77,Replayed,1.0
-38.0,1.0,-1,1,96.11488,77,Replayed,38.0
3.0,1.0,-1,0,42.653034,77,Replayed,3.0
-5.0,-1.0,1,0,39.71921,77,Replayed,5.0
-9.0,-1.0,-1,1,68.299095,77,Replayed,9.0
-9.0,0.0,-1,1,68.78503,77,Replayed,9.0
38.0,-1.0,1,1,94.76938,77,Replayed,38.0
38.0,-1.0,1,1,94.44107,77,Replayed,38.0
-38.0,1.0,-1,1,95.64726,77,Replayed,38.0
38.0,-1.0,1,1,94.8469,77,Replayed,38.0
5.0,-1.0,1,1,60.115467,77,Replayed,5.0
-1.0,1.0,-1,1,53.48638,77,Replayed,1.0
-38.0,0.0,-1,1,95.35513,77,Replayed,38.0
38.0,-1.0,1,1,94.17516,77,Replayed,38.0
-5.0,1.0,1,0,37.924236,77,Replayed,5.0
5.0,-1.0,1,1,61.633194,77,Replayed,5.0
-5.0,0.0,-1,1,61.053288,77,Replayed,5.0
5.0,-1.0,1,1,61.29291,77,Replayed,5.0
5.0,0.0,1,1,60.85127,77,Replayed,5.0
-5.0,1.0,-1,1,62.011383,77,Replayed,5.0
38.0,-1.0,1,1,94.40712,77,Replayed,38.0
38.0,1.0,1,1,95.92949,77,Replayed,38.0
1.0,1.0,1,1,51.870422,77,Replayed,1.0
9.0,0.0,1,1,68.997116,77,Replayed,9.0
-5.0,0.0,-1,1,61.675854,77,Replayed,5.0
-9.0,-1.0,-1,1,68.43363,77,Replayed,9.0
1.0,-1.0,-1,0,48.056026,77,Replayed,1.0
3.0,1.0,-1,0,43.59906,77,Replayed,3.0
-1.0,1.0,-1,1,52.62561,77,Replayed,1.0
5.0,0.0,1,1,61.21572,77,Replayed,5.0
1.0,1.0,-1,0,48.443714,77,Replayed,1.0
-3.0,0.0,-1,1,56.41936,77,Replayed,3.0
-9.0,0.0,-1,1,69.34535,77,Replayed,9.0
-9.0,1.0,-1,1,70.674034,77,Replayed,9.0
-1.0,1.0,1,0,47.45928,77,Replayed,1.0
-1.0,0.0,-1,1,52.422546,77,Replayed,1.0
1.0,0.0,1,1,50.912483,77,Replayed,1.0
-3.0,-1.0,-1,1,56.803394,77,Replayed,3.0
-9.0,-1.0,-1,1,68.00122,77,Replayed,9.0
3.0,1.0,1,1,55.852074,77,Replayed,3.0
1.0,0.0,-1,0,47.75931,77,Replayed,1.0
9.0,-1.0,1,1,68.326416,77,Replayed,9.0
1.0,-1.0,1,1,51.417553,77,Replayed,1.0
38.0,0.0,1,1,95.180664,77,Replayed,38.0
9.0,-1.0,1,1,67.844734,77,Replayed,9.0
1.0,0.0,-1,0,48.067093,77,Replayed,1.0
-1.0,0.0,-1,1,52.297737,77,Replayed,1.0
38.0,1.0,1,1,95.76812,77,Replayed,38.0
5.0,-1.0,1,1,60.16177,77,Replayed,5.0
-3.0,0.0,-1,1,56.578583,77,Replayed,3.0
38.0,0.0,1,1,95.019394,77,Replayed,38.0
-3.0,1.0,1,0,42.630787,77,Replayed,3.0
-3.0,1.0,1,0,42.78378,77,Replayed,3.0
38.0,0.0,1,1,95.26836,77,Replayed,38.0
-9.0,0.0,-1,1,68.94677,77,Replayed,9.0
3.0,-1.0,1,1,54.41354,77,Replayed,3.0
1.0,0.0,1,1,51.80218,77,Replayed,1.0
-38.0,-1.0,-1,1,94.72288,77,Replayed,38.0
1.0,0.0,-1,0,48.77204,77,Replayed,1.0
9.0,-1.0,1,1,67.5706,77,Replayed,9.0
-38.0,1.0,-1,1,95.96662,77,Replayed,38.0
-9.0,-1.0,-1,1,68.97766,77,Replayed,9.0
-1.0,1.0,1,0,47.517265,77,Replayed,1.0
1.0,-1.0,1,1,52.270706,77,Replayed,1.0
1.0,1.0,1,1,51.187016,77,Replayed,1.0
1.0,0.0,1,1,51.105362,77,Replayed,1.0
3.0,1.0,1,1,56.89376,77,Replayed,3.0
9.0,0.0,1,1,69.5663,77,Replayed,9.0
3.0,0.0,1,1,56.66646,77,Replayed,3.0
-1.0,1.0,-1,1,52.74923,77,Replayed,1.0
-9.0,0.0,-1,1,69.79657,77,Replayed,9.0
1.0,-1.0,1,1,51.578724,77,Replayed,1.0
-9.0,1.0,1,0,29.613802,77,Replayed,9.0
-1.0,-1.0,-1,1,51.975395,77,Replayed,1.0
-9.0,1.0,-1,1,69.839455,77,Replayed,9.0
-9.0,0.0,-1,1,69.007256,77,Replayed,9.0
5.0,0.0,-1,0,39.50575,77,Replayed,5.0
-5.0,1.0,-1,1,61.46981,77,Replayed,5.0
-3.0,0.0,1,0,44.16755,77,Replayed,3.0
1.0,1.0,-1,0,47.752674,77,Replayed,1.0
-9.0,-1.0,-1,1,69.0368,77,Replayed,9.0
-38.0,-1.0,-1,1,94.87934,77,Replayed,38.0
3.0,-1.0,-1,0,43.48264,77,Replayed,3.0
38.0,0.0,1,1,95.48838,77,Replayed,38.0
9.0,-1.0,1,1,67.55656,77,Replayed,9.0
5.0,1.0,1,1,60.550774,77,Replayed,5.0
-3.0,1.0,-1,1,57.376057,77,Replayed,3.0
-38.0,-1.0,-1,1,94.68087,77,Replayed,38.0
-38.0,-1.0,-1,1,94.48552,77,Replayed,38.0
-1.0,-1.0,1,0,48.11717,77,Replayed,1.0
5.0,1.0,1,1,61.992256,77,Replayed,5.0
9.0,1.0,1,1,69.90672,77,Replayed,9.0
38.0,-1.0,1,1,94.69499,77,Replayed,38.0
3.0,-1.0,1,1,54.654675,77,Replayed,3.0
3.0,-1.0,-1,0,44.354206,77,Replayed,3.0
5.0,1.0,1,1,61.649548,77,Replayed,5.0
-5.0,-1.0,1,0,38.559616,77,Replayed,5.0
38.0,1.0,1,1,95.85866,77,Replayed,38.0
-3.0,0.0,-1,1,57.81706,77,Replayed,3.0
1.0,0.0,1,1,52.060814,77,Replayed,1.0
-38.0,-1.0,-1,1,94.682785,77,Replayed,38.0
-9.0,-1.0,-1,1,69.07459,77,Replayed,9.0
-38.0,0.0,-1,1,95.46197,77,Replayed,38.0
5.0,0.0,-1,0,39.928703,77,Replayed,5.0
-38.0,0.0,-1,1,95.17914,77,Replayed,38.0
-3.0,1.0,-1,1,55.614925,77,Replayed,3.0
-1.0,1.0,-1,1,52.619713,77,Replayed,1.0
-1.0,1.0,1,0,47.52585,77,Replayed,1.0
9.0,-1.0,1,1,68.26512,77,Replayed,9.0
-38.0,0.0,-1,1,95.2945,77,Replayed,38.0
3.0,0.0,-1,0,44.098465,77,Replayed,3.0
-1.0,1.0,-1,1,53.446133,77,Replayed,1.0
-3.0,-1.0,-1,1,55.813038,77,Replayed,3.0
-5.0,0.0,-1,1,61.516792,77,Replayed,5.0
5.0,-1.0,1,1,59.370655,77,Replayed,5.0
38.0,-1.0,1,1,94.848564,77,Replayed,38.0
-9.0,-1.0,-1,1,68.417534,77,Replayed,9.0
-1.0,-1.0,-1,1,52.06226,77,Replayed,1.0
5.0,1.0,1,1,60.36853,77,Replayed,5.0
3.0,0.0,-1,0,43.90419,77,Replayed,3.0
-5.0,0.0,-1,1,61.386154,77,Replayed,5.0
1.0,-1.0,1,1,50.94235,77,Replayed,1.0
-3.0,0.0,-1,1,56.693237,77,Replayed,3.0
-1.0,0.0,-1,1,51.893955,77,Replayed,1.0
9.0,1.0,1,1,69.96491,77,Replayed,9.0
-5.0,1.0,-1,1,63.05842,77,Replayed,5.0
3.0,1.0,-1,0,43.565033,77,Replayed,3.0
-1.0,1.0,-1,1,46.51465,78,Replayed,1.0
9.0,-1.0,1,1,67.43651,78,Replayed,9.0
1.0,1.0,1,1,56.59021,78,Replayed,1.0
5.0,0.0,1,1,62.232216,78,Replayed,5.0
9.0,0.0,1,1,67.99549,78,Replayed,9.0
9.0,1.0,-1,0,32.073177,78,Replayed,9.0
-9.0,-1.0,1,0,41.894238,78,Replayed,9.0
9.0,0.0,1,1,68.07955,78,Replayed,9.0
38.0,1.0,1,1,93.29162,78,Replayed,38.0
-9.0,1.0,1,0,42.234615,78,Replayed,9.0
38.0,0.0,1,1,93.683945,78,Replayed,38.0
38.0,0.0,1,1,93.83771,78,Replayed,38.0
3.0,1.0,-1,0,40.4216,78,Replayed,3.0
1.0,-1.0,-1,0,42.697803,78,Replayed,1.0
9.0,-1.0,-1,0,32.13545,78,Replayed,9.0
9.0,1.0,1,1,67.81762,78,Replayed,9.0
-3.0,0.0,-1,1,49.253426,78,Replayed,3.0
38.0,-1.0,1,1,93.5941,78,Replayed,38.0
-5.0,1.0,-1,1,52.40484,78,Replayed,5.0
9.0,1.0,1,1,68.5614,78,Replayed,9.0
9.0,-1.0,1,1,66.92309,78,Replayed,9.0
3.0,-1.0,1,1,59.83052,78,Replayed,3.0
5.0,1.0,1,1,62.871887,78,Replayed,5.0
-9.0,0.0,-1,1,57.388306,78,Replayed,9.0
-9.0,0.0,-1,1,57.98416,78,Replayed,9.0
1.0,1.0,-1,0,42.539017,78,Replayed,1.0
-9.0,1.0,-1,1,57.818527,78,Replayed,9.0
-9.0,0.0,1,0,42.161903,78,Replayed,9.0
-3.0,0.0,1,0,50.44626,78,Replayed,3.0
1.0,0.0,-1,0,42.62298,78,Replayed,1.0
-5.0,1.0,-1,1,52.45325,78,Replayed,5.0
3.0,-1.0,-1,0,39.42275,78,Replayed,3.0
-38.0,1.0,-1,1,88.97766,78,Replayed,38.0
-1.0,1.0,-1,1,46.169792,78,Replayed,1.0
-38.0,0.0,-1,1,88.69376,78,Replayed,38.0
5.0,0.0,-1,0,37.2151,78,Replayed,5.0
3.0,1.0,1,1,60.973595,78,Replayed,3.0
38.0,-1.0,1,1,93.51852,78,Replayed,38.0
-3.0,-1.0,1,0,51.639484,78,Replayed,3.0
-38.0,1.0,-1,1,89.156425,78,Replayed,38.0
9.0,1.0,1,1,68.14966,78,Replayed,9.0
-1.0,0.0,-1,1,45.810295,78,Replayed,1.0
3.0,1.0,1,1,60.13278,78,Replayed,3.0
-3.0,-1.0,1,0,50.570763,78,Replayed,3.0
3.0,0.0,-1,0,39.862617,78,Replayed,3.0
-3.0,-1.0,-1,1,48.763245,78,Replayed,3.0
-5.0,-1.0,1,0,47.943737,78,Replayed,5.0
-9.0,0.0,-1,1,57.260044,78,Replayed,9.0
-5.0,1.0,1,0,48.110195,78,Replayed,5.0
5.0,0.0,1,1,62.636723,78,Replayed,5.0
-38.0,-1.0,-1,1,88.946625,78,Replayed,38.0
-1.0,1.0,1,0,53.58081,78,Replayed,1.0
-5.0,-1.0,1,0,48.286102,78,Replayed,5.0
-9.0,1.0,-1,1,57.320583,78,Replayed,9.0
-5.0,1.0,-1,1,50.871563,78,Replayed,5.0
3.0,1.0,1,1,59.95049,78,Replayed,3.0
1.0,0.0,1,1,57.422573,78,Replayed,1.0
-3.0,0.0,1,0,51.390614,78,Replayed,3.0
5.0,0.0,1,1,63.238747,78,Replayed,5.0
9.0,0.0,1,1,67.81941,78,Replayed,9.0
3.0,1.0,1,1,59.851612,78,Replayed,3.0
-9.0,-1.0,-1,1,58.02121,78,Replayed,9.0
9.0,-1.0,1,1,67.48323,78,Replayed,9.0
38.0,-1.0,1,1,93.48585,78,Replayed,38.0
1.0,1.0,-1,0,42.351837,78,Replayed,1.0
9.0,1.0,1,1,67.829605,78,Replayed,9.0
1.0,0.0,1,1,56.161667,78,Replayed,1.0
-3.0,0.0,-1,1,49.112373,78,Replayed,3.0
3.0,-1.0,-1,0,40.553116,78,Replayed,3.0
5.0,0.0,1,1,61.94225,78,Replayed,5.0
38.0,1.0,1,1,93.82443,78,Replayed,38.0
9.0,1.0,1,1,67.94737,78,Replayed,9.0
3.0,-1.0,-1,0,41.1815,78,Replayed,3.0
-3.0,1.0,-1,1,48.935852,78,Replayed,3.0
3.0,0.0,1,1,59.684647,78,Replayed,3.0
3.0,0.0,1,1,60.05494,78,Replayed,3.0
38.0,-1.0,1,1,93.76444,78,Replayed,38.0
9.0,-1.0,-1,0,33.080273,78,Replayed,9.0
-38.0,0.0,-1,1,88.937996,78,Replayed,38.0
1.0,0.0,1,1,56.76475,78,Replayed,1.0
1.0,-1.0,1,1,57.539795,78,Replayed,1.0
-38.0,1.0,-1,1,89.03616,78,Replayed,38.0
-9.0,-1.0,1,0,42.04541,78,Replayed,9.0
9.0,-1.0,1,1,68.28993,78,Replayed,9.0
-1.0,-1.0,-1,1,46.17093,78,Replayed,1.0
38.0,0.0,1,1,93.59865,78,Replayed,38.0
5.0,-1.0,-1,0,37.537746,78,Replayed,5.0
-38.0,-1.0,-1,1,89.07042,78,Replayed,38.0
1.0,0.0,1,1,57.321083,78,Replayed,1.0
1.0,-1.0,1,1,56.44579,78,Replayed,1.0
38.0,1.0,1,1,93.739784,78,Replayed,38.0
5.0,1.0,1,1,63.051235,78,Replayed,5.0
9.0,-1.0,1,1,67.979256,78,Replayed,9.0
38.0,1.0,1,1,93.64042,78,Replayed,38.0
9.0,0.0,1,1,68.549644,78,Replayed,9.0
-9.0,1.0,-1,1,58.091175,78,Replayed,9.0
-3.0,1.0,1,0,51.281296,78,Replayed,3.0
9.0,0.0,1,1,67.73544,78,Replayed,9.0
1.0,-1.0,1,1,57.08956,78,Replayed,1.0
3.0,1.0,1,1,59.477882,78,Replayed,3.0
5.0,-1.0,1,1,63.021057,78,Replayed,5.0
-38.0,0.0,-1,1,89.53445,78,Replayed,38.0
-5.0,1.0,1,0,48.310036,78,Replayed,5.0
1.0,-1.0,1,1,56.19381,78,Replayed,1.0
3.0,1.0,1,1,59.503544,78,Replayed,3.0
-38.0,1.0,-1,1,88.27777,78,Replayed,38.0
3.0,-1.0,-1,0,39.65095,78,Replayed,3.0
-9.0,0.0,1,0,42.346558,78,Replayed,9.0
38.0,1.0,1,1,93.557335,78,Replayed,38.0
-3.0,1.0,1,0,51.2119,78,Replayed,3.0
-38.0,0.0,-1,1,89.237755,78,Replayed,38.0
-9.0,1.0,-1,1,57.151222,78,Replayed,9.0
-38.0,-1.0,-1,1,88.443146,78,Replayed,38.0
38.0,1.0,1,1,93.66996,78,Replayed,38.0
38.0,-1.0,1,1,93.62849,78,Replayed,38.0
3.0,-1.0,1,1,59.5338,78,Replayed,3.0
5.0,-1.0,1,1,62.13386,78,Replayed,5.0
-1.0,0.0,1,0,54.281967,78,Replayed,1.0
-38.0,-1.0,-1,1,89.497894,78,Replayed,38.0
5.0,-1.0,1,1,62.907295,78,Replayed,5.0
-1.0,0.0,1,0,53.25312,78,Replayed,1.0
3.0,0.0,-1,0,40.050594,78,Replayed,3.0
-9.0,-1.0,1,0,43.179993,78,Replayed,9.0
3.0,0.0,-1,0,39.82282,78,Replayed,3.0
1.0,1.0,-1,0,43.161537,78,Replayed,1.0
38.0,-1.0,1,1,93.95615,78,Replayed,38.0
5.0,-1.0,-1,0,37.50773,78,Replayed,5.0
-3.0,0.0,-1,1,48.467438,78,Replayed,3.0
-9.0,1.0,1,0,42.609043,78,Replayed,9.0
38.0,0.0,1,1,93.57239,78,Replayed,38.0
1.0,0.0,1,1,56.913685,78,Replayed,1.0
-1.0,-1.0,-1,1,45.779533,78,Replayed,1.0
-38.0,0.0,-1,1,89.481606,78,Replayed,38.0
-3.0,1.0,1,0,52.160866,78,Replayed,3.0
1.0,1.0,1,1,57.1933,78,Replayed,1.0
-38.0,0.0,-1,1,88.59499,78,Replayed,38.0
-38.0,0.0,-1,1,88.907616,78,Replayed,38.0
-38.0,0.0,-1,1,88.94764,78,Replayed,38.0
-5.0,-1.0,1,0,48.73237,78,Replayed,5.0
-3.0,-1.0,1,0,50.93003,78,Replayed,3.0
-5.0,-1.0,1,0,47.82026,78,Replayed,5.0
3.0,-1.0,1,1,60.279507,78,Replayed,3.0
38.0,-1.0,1,1,93.75402,78,Replayed,38.0
-9.0,-1.0,1,0,42.078716,78,Replayed,9.0
-9.0,1.0,-1,1,58.179314,78,Replayed,9.0
-38.0,1.0,-1,1,88.92562,78,Replayed,38.0
38.0,1.0,1,1,93.751564,78,Replayed,38.0
-3.0,-1.0,-1,1,49.694817,78,Replayed,3.0
-1.0,1.0,-1,1,46.69354,78,Replayed,1.0
1.0,0.0,1,1,57.39827,78,Replayed,1.0
5.0,1.0,1,1,61.951782,78,Replayed,5.0
-1.0,1.0,-1,1,46.24053,78,Replayed,1.0
-1.0,-1.0,1,0,53.756668,78,Replayed,1.0
3.0,0.0,1,1,59.690994,78,Replayed,3.0
5.0,1.0,1,1,63.10115,78,Replayed,5.0
-1.0,0.0,-1,1,46.42828,78,Replayed,1.0
-9.0,-1.0,1,0,42.45182,78,Replayed,9.0
-38.0,1.0,-1,1,89.00243,78,Replayed,38.0
5.0,1.0,1,1,62.048584,78,Replayed,5.0
1.0,0.0,1,1,56.80171,78,Replayed,1.0
3.0,1.0,-1,0,39.888496,78,Replayed,3.0
-5.0,-1.0,-1,1,51.90715,78,Replayed,5.0
5.0,0.0,1,1,61.926643,78,Replayed,5.0
-3.0,1.0,1,0,51.618004,78,Replayed,3.0
-5.0,-1.0,-1,1,51.852463,78,Replayed,5.0
1.0,1.0,1,1,57.50916,78,Replayed,1.0
-5.0,0.0,1,0,48.511936,78,Replayed,5.0
5.0,-1.0,1,1,62.16665,78,Replayed,5.0
-1.0,0.0,1,0,54.597603,78,Replayed,1.0
-5.0,1.0,1,0,48.05136,78,Replayed,5.0
-38.0,-1.0,-1,1,88.82946,78,Replayed,38.0
-5.0,1.0,1,0,47.620346,78,Replayed,5.0
-38.0,-1.0,-1,1,89.153465,78,Replayed,38.0
-5.0,0.0,1,0,47.68563,78,Replayed,5.0
-38.0,1.0,-1,1,88.97466,78,Replayed,38.0
-5.0,-1.0,-1,1,52.438282,78,Replayed,5.0
5.0,-1.0,-1,0,38.126453,78,Replayed,5.0
5.0,1.0,1,1,62.928467,78,Replayed,5.0
-3.0,1.0,1,0,51.012184,78,Replayed,3.0
5.0,0.0,1,1,63.079906,78,Replayed,5.0
9.0,-1.0,1,1,67.763535,78,Replayed,9.0
-3.0,0.0,1,0,50.52179,78,Replayed,3.0
-1.0,-1.0,-1,1,45.96835,78,Replayed,1.0
-1.0,1.0,1,0,53.719814,78,Replayed,1.0
9.0,0.0,-1,0,31.631199,78,Replayed,9.0
-1.0,0.0,1,0,53.99558,78,Replayed,1.0
-1.0,1.0,-1,1,45.6986,78,Replayed,1.0
5.0,1.0,-1,0,37.776695,78,Replayed,5.0
-38.0,1.0,-1,1,89.28619,78,Replayed,38.0
9.0,0.0,1,1,68.26427,78,Replayed,9.0
-5.0,0.0,-1,1,51.182514,78,Replayed,5.0
-5.0,-1.0,-1,1,51.94878,78,Replayed,5.0
-5.0,0.0,1,0,48.48736,78,Replayed,5.0
-1.0,-1.0,-1,1,46.22866,78,Replayed,1.0
-5.0,0.0,-1,1,51.116955,78,Replayed,5.0
-1.0,-1.0,1,0,54.397083,78,Replayed,1.0
1.0,1.0,1,1,57.111805,78,Replayed,1.0
3.0,0.0,-1,0,40.66802,78,Replayed,3.0
38.0,0.0,1,1,93.40092,78,Replayed,38.0
5.0,-1.0,1,1,63.537502,78,Replayed,5.0
5.0,0.0,-1,0,37.62658,78,Replayed,5.0
-9.0,1.0,-1,1,57.01425,78,Replayed,9.0
-3.0,0.0,1,0,50.292377,78,Replayed,3.0
-1.0,0.0,1,0,54.333996,78,Replayed,1.0
1.0,-1.0,1,1,57.504166,78,Replayed,1.0
-3.0,-1.0,1,0,50.7389,78,Replayed,3.0
38.0,-1.0,1,1,93.74418,78,Replayed,38.0
9.0,1.0,1,1,67.883514,78,Replayed,9.0
-38.0,-1.0,-1,1,88.7913,78,Replayed,38.0
1.0,1.0,-1,0,42.84023,78,Replayed,1.0
38.0,0.0,1,1,94.00065,78,Replayed,38.0
3.0,-1.0,1,1,59.113003,78,Replayed,3.0
9.0,1.0,1,1,67.14051,78,Replayed,9.0
-5.0,0.0,-1,1,51.508022,78,Replayed,5.0
9.0,0.0,1,1,67.36449,78,Replayed,9.0
-38.0,-1.0,-1,1,88.811485,78,Replayed,38.0
38.0,0.0,1,1,93.85952,78,Replayed,38.0
-5.0,1.0,-1,1,52.013866,78,Replayed,5.0
-5.0,0.0,1,0,47.875862,78,Replayed,5.0
1.0,-1.0,1,1,57.369328,78,Replayed,1.0
5.0,1.0,1,1,61.61384,78,Replayed,5.0
-9.0,0.0,1,0,42.359455,78,Replayed,9.0
38.0,0.0,1,1,93.55508,78,Replayed,38.0
-5.0,0.0,1,0,48.228718,78,Replayed,5.0
-1.0,1.0,1,0,54.06276,78,Replayed,1.0
-3.0,-1.0,-1,1,48.284225,78,Replayed,3.0
1.0,-1.0,1,1,57.285263,78,Replayed,1.0
-3.0,1.0,1,0,51.429558,78,Replayed,3.0
-9.0,0.0,1,0,42.006386,78,Replayed,9.0
-1.0,-1.0,1,0,54.188305,78,Replayed,1.0
-1.0,0.0,1,0,53.25845,78,Replayed,1.0
-9.0,0.0,1,0,42.414524,78,Replayed,9.0
-3.0,1.0,1,0,50.94304,78,Replayed,3.0
-9.0,-1.0,-1,1,56.997448,78,Replayed,9.0
-1.0,-1.0,1,0,53.98156,78,Replayed,1.0
-3.0,0.0,-1,1,49.264137,78,Replayed,3.0
3.0,0.0,1,1,60.134155,78,Replayed,3.0
-3.0,-1.0,-1,1,48.874664,78,Replayed,3.0
-9.0,-1.0,-1,1,57.280262,78,Replayed,9.0
38.0,1.0,1,1,93.49136,78,Replayed,38.0
1.0,-1.0,-1,0,52.053375,79,Replayed,1.0
-9.0,0.0,-1,1,57.743717,79,Replayed,9.0
1.0,-1.0,-1,0,52.24642,79,Replayed,1.0
5.0,0.0,1,1,50.04923,79,Replayed,5.0
-38.0,0.0,-1,1,82.33053,79,Replayed,38.0
-38.0,1.0,-1,1,82.67015,79,Replayed,38.0
3.0,1.0,1,1,49.41206,79,Replayed,3.0
1.0,-1.0,-1,0,52.168137,79,Replayed,1.0
5.0,0.0,1,1,48.50609,79,Replayed,5.0
9.0,1.0,1,1,49.556675,79,Replayed,9.0
-5.0,0.0,-1,1,55.36779,79,Replayed,5.0
-9.0,0.0,-1,1,56.908066,79,Replayed,9.0
-3.0,0.0,1,0,45.76052,79,Replayed,3.0
-5.0,0.0,-1,1,55.026962,79,Replayed,5.0
5.0,0.0,1,1,49.50725,79,Replayed,5.0
3.0,1.0,-1,0,51.326977,79,Replayed,3.0
-1.0,-1.0,-1,1,53.50202,79,Replayed,1.0
9.0,0.0,-1,0,49.83482,79,Replayed,9.0
1.0,0.0,1,1,48.233074,79,Replayed,1.0
38.0,0.0,1,1,67.43272,79,Replayed,38.0
3.0,-1.0,-1,0,50.3175,79,Replayed,3.0
-3.0,1.0,-1,1,54.313587,79,Replayed,3.0
-9.0,1.0,1,0,42.881588,79,Replayed,9.0
-1.0,-1.0,1,0,46.753647,79,Replayed,1.0
38.0,0.0,1,1,68.270325,79,Replayed,38.0
-1.0,0.0,-1,1,52.67179,79,Replayed,1.0
-38.0,1.0,-1,1,82.05454,79,Replayed,38.0
38.0,-1.0,1,1,68.97744,79,Replayed,38.0
-9.0,0.0,-1,1,57.239056,79,Replayed,9.0
-38.0,1.0,-1,1,81.76268,79,Replayed,38.0
-5.0,1.0,-1,1,53.963882,79,Replayed,5.0
-1.0,0.0,1,0,47.379284,79,Replayed,1.0
9.0,1.0,-1,0,49.323143,79,Replayed,9.0
-38.0,-1.0,-1,1,83.63104,79,Replayed,38.0
5.0,1.0,1,1,49.78818,79,Replayed,5.0
5.0,-1.0,1,1,50.012516,79,Replayed,5.0
9.0,0.0,1,1,50.352257,79,Replayed,9.0
9.0,-1.0,1,1,49.928154,79,Replayed,9.0
-9.0,1.0,-1,1,56.940628,79,Replayed,9.0
-3.0,-1.0,-1,1,55.04197,79,Replayed,3.0
-38.0,0.0,-1,1,83.23953,79,Replayed,38.0
9.0,0.0,-1,0,49.841873,79,Replayed,9.0
-5.0,0.0,-1,1,55.33572,79,Replayed,5.0
38.0,-1.0,1,1,69.21997,79,Replayed,38.0
-3.0,0.0,-1,1,53.40698,79,Replayed,3.0
-1.0,1.0,-1,1,53.178127,79,Replayed,1.0
-9.0,0.0,-1,1,57.011414,79,Replayed,9.0
-1.0,-1.0,-1,1,53.472942,79,Replayed,1.0
5.0,-1.0,-1,0,50.901825,79,Replayed,5.0
1.0,0.0,-1,0,52.297707,79,Replayed,1.0
-3.0,1.0,-1,1,54.045475,79,Replayed,3.0
38.0,-1.0,1,1,68.52213,79,Replayed,38.0
-38.0,1.0,-1,1,82.270966,79,Replayed,38.0
-3.0,1.0,-1,1,53.41205,79,Replayed,3.0
3.0,-1.0,-1,0,50.331966,79,Replayed,3.0
1.0,1.0,-1,0,52.35163,79,Replayed,1.0
-1.0,1.0,1,0,46.480583,79,Replayed,1.0
-3.0,1.0,-1,1,53.34532,79,Replayed,3.0
5.0,-1.0,1,1,49.520493,79,Replayed,5.0
-38.0,1.0,-1,1,81.95615,79,Replayed,38.0
38.0,-1.0,1,1,69.13107,79,Replayed,38.0
-1.0,0.0,-1,1,52.22599,79,Replayed,1.0
5.0,1.0,-1,0,50.773674,79,Replayed,5.0
1.0,1.0,1,1,49.54377,79,Replayed,1.0
9.0,-1.0,-1,0,49.415253,79,Replayed,9.0
3.0,-1.0,1,1,49.211708,79,Replayed,3.0
38.0,1.0,1,1,67.26691,79,Replayed,38.0
38.0,0.0,1,1,67.90761,79,Replayed,38.0
-38.0,-1.0,-1,1,83.262146,79,Replayed,38.0
5.0,-1.0,-1,0,49.366913,79,Replayed,5.0
1.0,0.0,1,1,47.590412,79,Replayed,1.0
38.0,1.0,1,1,66.999954,79,Replayed,38.0
5.0,-1.0,-1,0,50.61211,79,Replayed,5.0
5.0,1.0,1,1,50.554943,79,Replayed,5.0
5.0,-1.0,1,1,50.898205,79,Replayed,5.0
-9.0,-1.0,-1,1,57.244335,79,Replayed,9.0
38.0,0.0,-1,0,31.166271,79,Replayed,38.0
3.0,0.0,-1,0,50.13217,79,Replayed,3.0
-38.0,1.0,-1,1,81.83805,79,Replayed,38.0
-9.0,1.0,-1,1,56.93492,79,Replayed,9.0
-3.0,-1.0,-1,1,54.431164,79,Replayed,3.0
1.0,1.0,-1,0,52.315163,79,Replayed,1.0
-5.0,-1.0,1,0,44.559788,79,Replayed,5.0
1.0,1.0,-1,0,51.836437,79,Replayed,1.0
-1.0,1.0,-1,1,52.601177,79,Replayed,1.0
-38.0,1.0,-1,1,82.538284,79,Replayed,38.0
-3.0,-1.0,-1,1,54.40778,79,Replayed,3.0
-9.0,1.0,-1,1,56.336403,79,Replayed,9.0
-9.0,-1.0,1,0,41.681797,79,Replayed,9.0
-1.0,-1.0,-1,1,53.668396,79,Replayed,1.0
-3.0,0.0,1,0,45.557137,79,Replayed,3.0
1.0,0.0,-1,0,52.078663,79,Replayed,1.0
-1.0,1.0,-1,1,52.370857,79,Replayed,1.0
-5.0,-1.0,-1,1,55.947258,79,Replayed,5.0
-5.0,-1.0,-1,1,54.795498,79,Replayed,5.0
38.0,-1.0,1,1,68.90245,79,Replayed,38.0
-3.0,1.0,-1,1,53.669083,79,Replayed,3.0
-1.0,1.0,1,0,46.75844,79,Replayed,1.0
9.0,-1.0,1,1,50.341858,79,Replayed,9.0
-38.0,0.0,-1,1,81.94615,79,Replayed,38.0
-5.0,-1.0,-1,1,55.1831,79,Replayed,5.0
-9.0,-1.0,-1,1,57.1887,79,Replayed,9.0
-9.0,0.0,-1,1,57.0943,79,Replayed,9.0
-3.0,-1.0,-1,1,54.507763,79,Replayed,3.0
-9.0,-1.0,-1,1,58.279697,79,Replayed,9.0
-1.0,1.0,-1,1,51.70041,79,Replayed,1.0
-3.0,-1.0,-1,1,53.376316,79,Replayed,3.0
5.0,0.0,-1,0,49.78935,79,Replayed,5.0
-38.0,-1.0,-1,1,83.34613,79,Replayed,38.0
38.0,0.0,1,1,68.40473,79,Replayed,38.0
-9.0,-1.0,-1,1,57.451332,79,Replayed,9.0
9.0,-1.0,-1,0,49.837402,79,Replayed,9.0
-5.0,1.0,-1,1,55.08372,79,Replayed,5.0
3.0,1.0,-1,0,50.59542,79,Replayed,3.0
3.0,0.0,-1,0,51.272766,79,Replayed,3.0
-38.0,-1.0,-1,1,82.81378,79,Replayed,38.0
3.0,1.0,-1,0,51.228706,79,Replayed,3.0
-5.0,0.0,-1,1,55.113613,79,Replayed,5.0
-1.0,0.0,-1,1,53.255047,79,Replayed,1.0
38.0,-1.0,1,1,69.585365,79,Replayed,38.0
-38.0,0.0,-1,1,82.570854,79,Replayed,38.0
-1.0,0.0,-1,1,53.757847,79,Replayed,1.0
-5.0,1.0,-1,1,55.195827,79,Replayed,5.0
-38.0,-1.0,-1,1,82.77336,79,Replayed,38.0
-9.0,1.0,-1,1,56.42897,79,Replayed,9.0
-5.0,0.0,-1,1,54.7409,79,Replayed,5.0
-3.0,0.0,-1,1,54.187893,79,Replayed,3.0
3.0,0.0,-1,0,50.481224,79,Replayed,3.0
38.0,1.0,1,1,68.23646,79,Replayed,38.0
3.0,-1.0,-1,0,51.256878,79,Replayed,3.0
-5.0,1.0,-1,1,54.93323,79,Replayed,5.0
1.0,0.0,-1,0,52.010334,79,Replayed,1.0
3.0,0.0,-1,0,50.8989,79,Replayed,3.0
3.0,0.0,-1,0,50.977272,79,Replayed,3.0
38.0,1.0,1,1,67.765526,79,Replayed,38.0
-9.0,-1.0,-1,1,57.644035,79,Replayed,9.0
3.0,1.0,-1,0,51.328545,79,Replayed,3.0
5.0,-1.0,1,1,49.90219,79,Replayed,5.0
38.0,1.0,1,1,67.17565,79,Replayed,38.0
-3.0,-1.0,-1,1,54.42774,79,Replayed,3.0
9.0,-1.0,1,1,50.29635,79,Replayed,9.0
-1.0,0.0,-1,1,53.51664,79,Replayed,1.0
-9.0,-1.0,-1,1,56.9366,79,Replayed,9.0
-3.0,0.0,-1,1,53.967987,79,Replayed,3.0
9.0,-1.0,1,1,50.136597,79,Replayed,9.0
9.0,1.0,-1,0,49.860325,79,Replayed,9.0
-38.0,0.0,-1,1,82.55507,79,Replayed,38.0
-5.0,1.0,-1,1,55.09985,79,Replayed,5.0
-3.0,1.0,1,0,46.201393,79,Replayed,3.0
9.0,1.0,-1,0,48.546864,79,Replayed,9.0
1.0,-1.0,-1,0,51.150185,79,Replayed,1.0
-9.0,0.0,-1,1,57.13188,79,Replayed,9.0
5.0,0.0,1,1,50.326218,79,Replayed,5.0
38.0,0.0,1,1,68.051186,79,Replayed,38.0
5.0,0.0,-1,0,49.855793,79,Replayed,5.0
38.0,-1.0,1,1,69.400085,79,Replayed,38.0
38.0,0.0,1,1,68.76935,79,Replayed,38.0
5.0,1.0,-1,0,49.98717,79,Replayed,5.0
-9.0,1.0,-1,1,56.82052,79,Replayed,9.0
-5.0,-1.0,-1,1,54.69351,79,Replayed,5.0
3.0,-1.0,-1,0,51.364147,79,Replayed,3.0
-38.0,0.0,-1,1,82.95647,79,Replayed,38.0
9.0,0.0,-1,0,48.877876,79,Replayed,9.0
-9.0,1.0,-1,1,57.51208,79,Replayed,9.0
-3.0,-1.0,-1,1,55.46505,79,Replayed,3.0
-9.0,1.0,-1,1,56.78885,79,Replayed,9.0
5.0,1.0,1,1,48.618977,79,Replayed,5.0
-3.0,-1.0,-1,1,53.876656,79,Replayed,3.0
9.0,1.0,1,1,49.620785,79,Replayed,9.0
5.0,1.0,1,1,50.436123,79,Replayed,5.0
5.0,1.0,1,1,50.191708,79,Replayed,5.0
1.0,0.0,-1,0,52.169216,79,Replayed,1.0
-5.0,0.0,-1,1,54.727726,79,Replayed,5.0
5.0,0.0,-1,0,50.153942,79,Replayed,5.0
-5.0,1.0,1,0,46.202087,79,Replayed,5.0
3.0,-1.0,-1,0,51.44579,79,Replayed,3.0
-9.0,-1.0,-1,1,59.75647,79,Replayed,9.0
38.0,1.0,1,1,66.96583,79,Replayed,38.0
9.0,1.0,-1,0,50.22341,79,Replayed,9.0
1.0,-1.0,1,1,47.286823,79,Replayed,1.0
38.0,-1.0,1,1,69.068054,79,Replayed,38.0
-5.0,-1.0,-1,1,54.83496,79,Replayed,5.0
-1.0,1.0,-1,1,53.255875,79,Replayed,1.0
-3.0,1.0,-1,1,53.800636,79,Replayed,3.0
9.0,1.0,1,1,49.62946,79,Replayed,9.0
-5.0,1.0,-1,1,53.654255,79,Replayed,5.0
3.0,0.0,-1,0,50.59789,79,Replayed,3.0
-5.0,0.0,-1,1,55.293762,79,Replayed,5.0
38.0,1.0,1,1,66.76398,79,Replayed,38.0
-38.0,-1.0,-1,1,83.8724,79,Replayed,38.0
3.0,-1.0,-1,0,50.87048,79,Replayed,3.0
-3.0,0.0,1,0,47.747784,79,Replayed,3.0
-38.0,-1.0,-1,1,83.06009,79,Replayed,38.0
1.0,1.0,-1,0,52.68134,79,Replayed,1.0
1.0,-1.0,1,1,47.96825,79,Replayed,1.0
9.0,1.0,-1,0,49.88064,79,Replayed,9.0
1.0,1.0,-1,0,51.621902,79,Replayed,1.0
-5.0,1.0,1,0,45.353653,79,Replayed,5.0
1.0,0.0,-1,0,52.17222,79,Replayed,1.0
-9.0,0.0,-1,1,57.65432,79,Replayed,9.0
9.0,-1.0,-1,0,48.90259,79,Replayed,9.0
-38.0,0.0,-1,1,83.14303,79,Replayed,38.0
-3.0,0.0,-1,1,53.328102,79,Replayed,3.0
9.0,0.0,-1,0,50.11123,79,Replayed,9.0
-1.0,0.0,-1,1,53.9146,79,Replayed,1.0
3.0,1.0,-1,0,51.594616,79,Replayed,3.0
3.0,-1.0,1,1,48.18695,79,Replayed,3.0
3.0,0.0,-1,0,50.97936,79,Replayed,3.0
9.0,0.0,1,1,50.065975,79,Replayed,9.0
9.0,0.0,-1,0,49.021748,79,Replayed,9.0
9.0,0.0,1,1,49.65034,79,Replayed,9.0
-5.0,-1.0,1,0,44.47631,79,Replayed,5.0
-1.0,0.0,-1,1,52.87894,79,Replayed,1.0
38.0,0.0,1,1,67.6252,79,Replayed,38.0
-38.0,-1.0,-1,1,83.23073,79,Replayed,38.0
-9.0,0.0,-1,1,58.415024,79,Replayed,9.0
-5.0,0.0,-1,1,54.151527,79,Replayed,5.0
5.0,0.0,-1,0,50.571655,79,Replayed,5.0
-1.0,1.0,-1,1,53.093433,79,Replayed,1.0
-1.0,-1.0,-1,1,53.41607,79,Replayed,1.0
-1.0,-1.0,-1,1,53.920288,79,Replayed,1.0
-3.0,0.0,-1,1,54.32026,79,Replayed,3.0
5.0,-1.0,1,1,50.346405,79,Replayed,5.0
3.0,1.0,-1,0,50.540257,79,Replayed,3.0
-1.0,-1.0,1,0,46.223934,79,Replayed,1.0
-38.0,1.0,-1,1,82.53972,79,Replayed,38.0
3.0,1.0,-1,0,50.580193,79,Replayed,3.0
1.0,0.0,-1,0,52.668655,79,Replayed,1.0
-38.0,0.0,-1,1,83.082115,79,Replayed,38.0
1.0,1.0,-1,0,51.166813,79,Replayed,1.0
1.0,-1.0,-1,0,51.761192,79,Replayed,1.0
-5.0,-1.0,-1,1,54.347126,79,Replayed,5.0
-3.0,1.0,-1,1,54.410698,79,Replayed,3.0
9.0,-1.0,1,1,50.226944,79,Replayed,9.0
3.0,0.0,1,1,48.458168,79,Replayed,3.0
1.0,1.0,1,1,47.41428,79,Replayed,1.0
-1.0,-1.0,-1,1,53.664707,79,Replayed,1.0
5.0,1.0,-1,0,49.57766,79,Replayed,5.0
1.0,-1.0,-1,0,52.184498,79,Replayed,1.0
9.0,0.0,-1,0,30.029505,80,Replayed,9.0
-1.0,-1.0,-1,1,50.48127,80,Replayed,1.0
-3.0,1.0,1,0,44.829384,80,Replayed,3.0
-5.0,-1.0,-1,1,57.31464,80,Replayed,5.0
38.0,0.0,1,1,95.24391,80,Replayed,38.0
-38.0,-1.0,-1,1,91.89094,80,Replayed,38.0
1.0,0.0,-1,0,45.674866,80,Replayed,1.0
38.0,0.0,1,1,95.313065,80,Replayed,38.0
9.0,0.0,1,1,70.591415,80,Replayed,9.0
38.0,-1.0,1,1,92.84488,80,Replayed,38.0
-1.0,1.0,-1,1,50.42273,80,Replayed,1.0
-1.0,0.0,1,0,48.76753,80,Replayed,1.0
-38.0,1.0,-1,1,96.47036,80,Replayed,38.0
9.0,1.0,1,1,73.82941,80,Replayed,9.0
9.0,1.0,1,1,73.69719,80,Replayed,9.0
3.0,0.0,1,1,58.481438,80,Replayed,3.0
1.0,1.0,1,1,53.64913,80,Replayed,1.0
9.0,1.0,1,1,73.47659,80,Replayed,9.0
3.0,1.0,1,1,59.515232,80,Replayed,3.0
9.0,0.0,1,1,71.001526,80,Replayed,9.0
1.0,0.0,1,1,53.993893,80,Replayed,1.0
9.0,1.0,1,1,74.10789,80,Replayed,9.0
1.0,-1.0,1,1,52.90426,80,Replayed,1.0
-3.0,0.0,1,0,43.750023,80,Replayed,3.0
38.0,0.0,1,1,95.38733,80,Replayed,38.0
-9.0,0.0,-1,1,69.28053,80,Replayed,9.0
9.0,0.0,1,1,71.49156,80,Replayed,9.0
38.0,0.0,1,1,95.489075,80,Replayed,38.0
1.0,-1.0,1,1,52.5612,80,Replayed,1.0
-9.0,0.0,-1,1,68.03636,80,Replayed,9.0
-3.0,0.0,1,0,45.3318,80,Replayed,3.0
9.0,-1.0,1,1,67.81404,80,Replayed,9.0
-5.0,1.0,-1,1,60.669655,80,Replayed,5.0
5.0,-1.0,-1,0,38.87812,80,Replayed,5.0
38.0,-1.0,1,1,92.38917,80,Replayed,38.0
3.0,-1.0,1,1,56.653225,80,Replayed,3.0
38.0,1.0,1,1,96.80446,80,Replayed,38.0
5.0,-1.0,1,1,61.439007,80,Replayed,5.0
38.0,-1.0,1,1,92.766464,80,Replayed,38.0
-5.0,0.0,-1,1,59.803112,80,Replayed,5.0
-9.0,0.0,-1,1,69.17888,80,Replayed,9.0
-38.0,-1.0,-1,1,91.978294,80,Replayed,38.0
3.0,0.0,1,1,58.718346,80,Replayed,3.0
3.0,-1.0,1,1,56.158375,80,Replayed,3.0
38.0,0.0,1,1,95.4135,80,Replayed,38.0
5.0,1.0,1,1,64.16227,80,Replayed,5.0
-38.0,-1.0,-1,1,92.19619,80,Replayed,38.0
1.0,-1.0,-1,0,45.92282,80,Replayed,1.0
-5.0,-1.0,-1,1,57.944668,80,Replayed,5.0
-5.0,0.0,-1,1,60.123962,80,Replayed,5.0
3.0,1.0,1,1,60.49208,80,Replayed,3.0
1.0,-1.0,1,1,53.58789,80,Replayed,1.0
9.0,1.0,1,1,74.15464,80,Replayed,9.0
5.0,0.0,1,1,63.456303,80,Replayed,5.0
1.0,0.0,1,1,54.18344,80,Replayed,1.0
-38.0,-1.0,-1,1,92.3947,80,Replayed,38.0
3.0,-1.0,1,1,56.66963,80,Replayed,3.0
1.0,1.0,1,1,54.466484,80,Replayed,1.0
9.0,1.0,1,1,74.22972,80,Replayed,9.0
-38.0,-1.0,-1,1,92.13499,80,Replayed,38.0
-1.0,-1.0,-1,1,51.17537,80,Replayed,1.0
1.0,1.0,1,1,54.28207,80,Replayed,1.0
-3.0,1.0,-1,1,55.12774,80,Replayed,3.0
-5.0,1.0,-1,1,61.402546,80,Replayed,5.0
-3.0,0.0,1,0,45.20609,80,Replayed,3.0
38.0,-1.0,1,1,92.91694,80,Replayed,38.0
1.0,0.0,-1,0,45.22959,80,Replayed,1.0
-9.0,1.0,-1,1,70.56167,80,Replayed,9.0
-5.0,1.0,1,0,37.90806,80,Replayed,5.0
5.0,-1.0,1,1,59.963478,80,Replayed,5.0
-3.0,1.0,-1,1,55.527466,80,Replayed,3.0
-38.0,-1.0,-1,1,92.17536,80,Replayed,38.0
-5.0,0.0,-1,1,59.6868,80,Replayed,5.0
-3.0,1.0,-1,1,56.27236,80,Replayed,3.0
1.0,-1.0,-1,0,47.63092,80,Replayed,1.0
-1.0,-1.0,1,0,50.479446,80,Replayed,1.0
-3.0,-1.0,1,0,46.591232,80,Replayed,3.0
-3.0,0.0,1,0,44.801487,80,Replayed,3.0
9.0,1.0,1,1,73.91264,80,Replayed,9.0
-1.0,-1.0,-1,1,51.07249,80,Replayed,1.0
-1.0,1.0,-1,1,51.72048,80,Replayed,1.0
-1.0,0.0,-1,1,50.38499,80,Replayed,1.0
-38.0,1.0,-1,1,96.51937,80,Replayed,38.0
3.0,-1.0,-1,0,43.472225,80,Replayed,3.0
5.0,-1.0,-1,0,40.195255,80,Replayed,5.0
5.0,1.0,-1,0,35.695534,80,Replayed,5.0
9.0,-1.0,1,1,66.82124,80,Replayed,9.0
-1.0,1.0,-1,1,50.323032,80,Replayed,1.0
-3.0,-1.0,-1,1,54.552258,80,Replayed,3.0
38.0,0.0,1,1,95.457146,80,Replayed,38.0
-3.0,-1.0,-1,1,53.991325,80,Replayed,3.0
-5.0,0.0,-1,1,59.954494,80,Replayed,5.0
3.0,1.0,1,1,59.60084,80,Replayed,3.0
1.0,1.0,1,1,54.158848,80,Replayed,1.0
5.0,0.0,1,1,62.93921,80,Replayed,5.0
-38.0,1.0,-1,1,96.6324,80,Replayed,38.0
-5.0,1.0,-1,1,60.7174,80,Replayed,5.0
-9.0,-1.0,-1,1,66.06103,80,Replayed,9.0
-3.0,0.0,1,0,44.795223,80,Replayed,3.0
9.0,0.0,1,1,71.92806,80,Replayed,9.0
38.0,1.0,1,1,96.98225,80,Replayed,38.0
-9.0,1.0,-1,1,70.16621,80,Replayed,9.0
9.0,0.0,1,1,70.86763,80,Replayed,9.0
-5.0,-1.0,-1,1,58.12627,80,Replayed,5.0
-1.0,0.0,1,0,48.014534,80,Replayed,1.0
38.0,1.0,1,1,96.99289,80,Replayed,38.0
3.0,0.0,1,1,57.841713,80,Replayed,3.0
38.0,-1.0,1,1,92.62465,80,Replayed,38.0
-9.0,1.0,-1,1,71.07006,80,Replayed,9.0
-1.0,-1.0,-1,1,49.829395,80,Replayed,1.0
-38.0,1.0,-1,1,96.75605,80,Replayed,38.0
38.0,1.0,1,1,97.102684,80,Replayed,38.0
-38.0,-1.0,-1,1,91.83494,80,Replayed,38.0
-3.0,0.0,-1,1,55.185284,80,Replayed,3.0
-9.0,-1.0,-1,1,64.70226,80,Replayed,9.0
1.0,0.0,1,1,52.976704,80,Replayed,1.0
-1.0,0.0,1,0,48.996765,80,Replayed,1.0
-1.0,0.0,1,0,49.17221,80,Replayed,1.0
-5.0,0.0,-1,1,60.27019,80,Replayed,5.0
-38.0,1.0,-1,1,96.83939,80,Replayed,38.0
1.0,0.0,-1,0,45.373478,80,Replayed,1.0
-1.0,-1.0,1,0,50.026024,80,Replayed,1.0
3.0,0.0,1,1,58.546906,80,Replayed,3.0
1.0,1.0,1,1,54.01001,80,Replayed,1.0
38.0,1.0,1,1,96.80687,80,Replayed,38.0
-1.0,1.0,-1,1,49.612484,80,Replayed,1.0
-9.0,1.0,1,0,29.283846,80,Replayed,9.0
5.0,-1.0,1,1,60.51039,80,Replayed,5.0
3.0,1.0,1,1,60.07092,80,Replayed,3.0
-9.0,0.0,-1,1,67.60545,80,Replayed,9.0
5.0,-1.0,1,1,60.410046,80,Replayed,5.0
-5.0,-1.0,1,0,42.370697,80,Replayed,5.0
3.0,0.0,1,1,58.786156,80,Replayed,3.0
-38.0,0.0,-1,1,95.1636,80,Replayed,38.0
3.0,1.0,1,1,59.13676,80,Replayed,3.0
-1.0,0.0,1,0,49.513344,80,Replayed,1.0
9.0,-1.0,1,1,67.792694,80,Replayed,9.0
5.0,0.0,-1,0,37.27213,80,Replayed,5.0
3.0,-1.0,1,1,56.726807,80,Replayed,3.0
-1.0,1.0,-1,1,51.099808,80,Replayed,1.0
-38.0,1.0,-1,1,96.62569,80,Replayed,38.0
5.0,1.0,1,1,64.52824,80,Replayed,5.0
5.0,1.0,1,1,64.874535,80,Replayed,5.0
3.0,1.0,1,1,59.332497,80,Replayed,3.0
-9.0,-1.0,-1,1,65.15566,80,Replayed,9.0
5.0,1.0,1,1,64.37893,80,Replayed,5.0
-9.0,0.0,-1,1,66.96264,80,Replayed,9.0
-3.0,1.0,-1,1,55.535473,80,Replayed,3.0
1.0,-1.0,-1,0,47.683628,80,Replayed,1.0
-1.0,-1.0,1,0,49.400417,80,Replayed,1.0
9.0,-1.0,-1,0,33.20768,80,Replayed,9.0
5.0,1.0,1,1,65.904076,80,Replayed,5.0
5.0,0.0,1,1,64.4866,80,Replayed,5.0
-9.0,-1.0,-1,1,65.666756,80,Replayed,9.0
-9.0,-1.0,-1,1,64.960106,80,Replayed,9.0
-5.0,-1.0,-1,1,57.688362,80,Replayed,5.0
9.0,-1.0,1,1,67.06643,80,Replayed,9.0
5.0,0.0,-1,0,36.49189,80,Replayed,5.0
5.0,0.0,-1,0,37.358864,80,Replayed,5.0
-38.0,0.0,-1,1,95.117294,80,Replayed,38.0
5.0,1.0,1,1,65.135666,80,Replayed,5.0
9.0,-1.0,1,1,67.49941,80,Replayed,9.0
9.0,-1.0,1,1,66.56784,80,Replayed,9.0
5.0,1.0,1,1,64.15673,80,Replayed,5.0
-5.0,0.0,-1,1,59.84054,80,Replayed,5.0
-3.0,0.0,-1,1,54.937958,80,Replayed,3.0
-3.0,1.0,1,0,44.343586,80,Replayed,3.0
-9.0,1.0,-1,1,69.64487,80,Replayed,9.0
38.0,1.0,1,1,96.9213,80,Replayed,38.0
-1.0,1.0,1,0,49.931694,80,Replayed,1.0
-3.0,-1.0,-1,1,54.32004,80,Replayed,3.0
38.0,1.0,1,1,96.983086,80,Replayed,38.0
-38.0,-1.0,-1,1,91.828674,80,Replayed,38.0
-9.0,-1.0,-1,1,64.747986,80,Replayed,9.0
5.0,0.0,1,1,63.069855,80,Replayed,5.0
-9.0,0.0,1,0,30.71554,80,Replayed,9.0
-1.0,0.0,-1,1,49.76204,80,Replayed,1.0
-3.0,-1.0,-1,1,53.933693,80,Replayed,3.0
-5.0,-1.0,-1,1,57.06659,80,Replayed,5.0
9.0,1.0,1,1,73.30922,80,Replayed,9.0
-1.0,-1.0,-1,1,49.38776,80,Replayed,1.0
-38.0,0.0,-1,1,95.25828,80,Replayed,38.0
-38.0,0.0,-1,1,94.711395,80,Replayed,38.0
-9.0,0.0,-1,1,68.277275,80,Replayed,9.0
-5.0,1.0,-1,1,61.330925,80,Replayed,5.0
-3.0,0.0,1,0,45.767765,80,Replayed,3.0
1.0,1.0,1,1,54.48425,80,Replayed,1.0
-5.0,-1.0,-1,1,58.397526,80,Replayed,5.0
-1.0,0.0,1,0,49.119404,80,Replayed,1.0
38.0,0.0,1,1,95.29266,80,Replayed,38.0
-5.0,0.0,1,0,39.75139,80,Replayed,5.0
9.0,0.0,1,1,70.79427,80,Replayed,9.0
1.0,-1.0,-1,0,48.013203,80,Replayed,1.0
38.0,-1.0,1,1,92.71529,80,Replayed,38.0
-3.0,-1.0,-1,1,54.138382,80,Replayed,3.0
38.0,-1.0,1,1,92.736305,80,Replayed,38.0
-3.0,-1.0,1,0,45.349308,80,Replayed,3.0
-38.0,0.0,-1,1,94.957565,80,Replayed,38.0
-38.0,1.0,-1,1,96.605385,80,Replayed,38.0
-9.0,1.0,-1,1,70.77455,80,Replayed,9.0
-38.0,1.0,-1,1,96.87532,80,Replayed,38.0
-3.0,-1.0,1,0,45.616615,80,Replayed,3.0
5.0,-1.0,-1,0,39.13958,80,Replayed,5.0
5.0,-1.0,1,1,60.28844,80,Replayed,5.0
3.0,0.0,1,1,59.267998,80,Replayed,3.0
1.0,-1.0,-1,0,46.899494,80,Replayed,1.0
-38.0,0.0,-1,1,94.97094,80,Replayed,38.0
-9.0,-1.0,-1,1,64.77025,80,Replayed,9.0
-1.0,1.0,-1,1,49.915142,80,Replayed,1.0
-5.0,1.0,-1,1,60.802788,80,Replayed,5.0
-9.0,1.0,-1,1,70.33203,80,Replayed,9.0
3.0,-1.0,1,1,56.67841,80,Replayed,3.0
-9.0,0.0,-1,1,68.09002,80,Replayed,9.0
-1.0,1.0,-1,1,50.53677,80,Replayed,1.0
-9.0,-1.0,-1,1,64.77649,80,Replayed,9.0
38.0,-1.0,1,1,92.54114,80,Replayed,38.0
38.0,0.0,1,1,95.30094,80,Replayed,38.0
3.0,1.0,1,1,60.547024,80,Replayed,3.0
-9.0,1.0,-1,1,72.25311,80,Replayed,9.0
9.0,-1.0,1,1,67.61754,80,Replayed,9.0
3.0,1.0,1,1,59.270786,80,Replayed,3.0
9.0,0.0,1,1,70.68497,80,Replayed,9.0
-5.0,-1.0,1,0,42.036198,80,Replayed,5.0
-38.0,0.0,-1,1,94.94669,80,Replayed,38.0
1.0,0.0,1,1,55.006058,80,Replayed,1.0
3.0,0.0,-1,0,41.17079,80,Replayed,3.0
1.0,0.0,1,1,53.640114,80,Replayed,1.0
3.0,-1.0,-1,0,43.680283,80,Replayed,3.0
-3.0,1.0,1,0,44.733994,80,Replayed,3.0
1.0,1.0,-1,0,45.686348,80,Replayed,1.0
3.0,0.0,1,1,58.750313,80,Replayed,3.0
-38.0,0.0,-1,1,94.91858,80,Replayed,38.0
-5.0,1.0,-1,1,60.761936,80,Replayed,5.0
38.0,1.0,1,1,96.74049,80,Replayed,38.0
3.0,-1.0,1,1,55.883217,80,Replayed,3.0
5.0,0.0,1,1,63.02666,80,Replayed,5.0
-5.0,1.0,1,0,38.75876,80,Replayed,5.0
-5.0,0.0,1,0,38.803055,80,Replayed,5.0
1.0,1.0,-1,0,44.65399,80,Replayed,1.0
-3.0,1.0,-1,1,56.138092,80,Replayed,3.0
-3.0,-1.0,-1,1,54.16497,81,Replayed,3.0
-5.0,-1.0,-1,1,53.92137,81,Replayed,5.0
-3.0,-1.0,-1,1,52.30021,81,Replayed,3.0
38.0,0.0,1,1,84.79077,81,Replayed,38.0
-5.0,0.0,-1,1,54.964012,81,Replayed,5.0
5.0,0.0,-1,0,44.411182,81,Replayed,5.0
38.0,1.0,-1,0,14.441821,81,Replayed,38.0
-3.0,0.0,1,0,47.11598,81,Replayed,3.0
38.0,-1.0,1,1,86.04514,81,Replayed,38.0
-38.0,-1.0,-1,1,85.24324,81,Replayed,38.0
5.0,1.0,1,1,56.144016,81,Replayed,5.0
9.0,1.0,-1,0,38.363934,81,Replayed,9.0
9.0,0.0,-1,0,39.289276,81,Replayed,9.0
-38.0,-1.0,-1,1,84.43111,81,Replayed,38.0
1.0,1.0,1,1,50.37521,81,Replayed,1.0
-1.0,1.0,-1,1,50.26776,81,Replayed,1.0
-5.0,-1.0,-1,1,52.92509,81,Replayed,5.0
9.0,-1.0,1,1,60.419006,81,Replayed,9.0
-38.0,0.0,1,0,15.662127,81,Replayed,38.0
-5.0,-1.0,-1,1,54.462208,81,Replayed,5.0
5.0,0.0,1,1,57.149853,81,Replayed,5.0
3.0,1.0,-1,0,45.920856,81,Replayed,3.0
-1.0,1.0,1,0,50.45451,81,Replayed,1.0
-9.0,-1.0,-1,1,57.66485,81,Replayed,9.0
1.0,1.0,1,1,49.936493,81,Replayed,1.0
3.0,1.0,1,1,54.620224,81,Replayed,3.0
38.0,1.0,-1,0,14.721884,81,Replayed,38.0
-38.0,-1.0,-1,1,84.118774,81,Replayed,38.0
-38.0,0.0,1,0,16.4407,81,Replayed,38.0
3.0,0.0,-1,0,44.708466,81,Replayed,3.0
38.0,1.0,1,1,85.78942,81,Replayed,38.0
38.0,-1.0,1,1,86.74689,81,Replayed,38.0
-9.0,0.0,-1,1,55.612755,81,Replayed,9.0
-1.0,0.0,-1,1,49.68087,81,Replayed,1.0
9.0,0.0,-1,0,39.4723,81,Replayed,9.0
38.0,0.0,1,1,85.78934,81,Replayed,38.0
5.0,0.0,-1,0,44.33055,81,Replayed,5.0
-5.0,1.0,-1,1,54.28898,81,Replayed,5.0
-9.0,-1.0,-1,1,59.818085,81,Replayed,9.0
-3.0,1.0,1,0,47.931633,81,Replayed,3.0
9.0,0.0,-1,0,38.40135,81,Replayed,9.0
-9.0,-1.0,1,0,41.8615,81,Replayed,9.0
3.0,0.0,-1,0,47.226418,81,Replayed,3.0
-1.0,1.0,1,0,50.9408,81,Replayed,1.0
-5.0,0.0,1,0,45.86447,81,Replayed,5.0
-1.0,-1.0,-1,1,49.432354,81,Replayed,1.0
3.0,0.0,1,1,53.086178,81,Replayed,3.0
-5.0,1.0,-1,1,53.65426,81,Replayed,5.0
5.0,0.0,1,1,55.559284,81,Replayed,5.0
-9.0,0.0,-1,1,57.51575,81,Replayed,9.0
-3.0,0.0,-1,1,53.20567,81,Replayed,3.0
1.0,1.0,-1,0,49.317245,81,Replayed,1.0
-3.0,1.0,1,0,47.201694,81,Replayed,3.0
38.0,0.0,1,1,85.27165,81,Replayed,38.0
-3.0,1.0,1,0,46.50298,81,Replayed,3.0
-9.0,0.0,-1,1,59.43931,81,Replayed,9.0
5.0,1.0,1,1,56.201096,81,Replayed,5.0
1.0,1.0,-1,0,48.44169,81,Replayed,1.0
-9.0,-1.0,-1,1,57.36265,81,Replayed,9.0
5.0,1.0,1,1,56.306053,81,Replayed,5.0
1.0,-1.0,1,1,51.412815,81,Replayed,1.0
3.0,0.0,1,1,55.26065,81,Replayed,3.0
9.0,0.0,-1,0,40.38535,81,Replayed,9.0
5.0,-1.0,-1,0,42.91741,81,Replayed,5.0
3.0,0.0,1,1,54.196083,81,Replayed,3.0
-38.0,0.0,-1,1,84.36657,81,Replayed,38.0
3.0,0.0,1,1,54.43411,81,Replayed,3.0
3.0,-1.0,1,1,54.537296,81,Replayed,3.0
38.0,1.0,1,1,85.51669,81,Replayed,38.0
-5.0,1.0,1,0,45.20823,81,Replayed,5.0
-1.0,-1.0,-1,1,49.36727,81,Replayed,1.0
9.0,1.0,-1,0,38.161568,81,Replayed,9.0
-9.0,0.0,1,0,39.916065,81,Replayed,9.0
3.0,0.0,1,1,53.293114,81,Replayed,3.0
38.0,0.0,1,1,85.999,81,Replayed,38.0
9.0,0.0,1,1,60.65744,81,Replayed,9.0
3.0,-1.0,-1,0,44.331753,81,Replayed,3.0
9.0,-1.0,1,1,60.759415,81,Replayed,9.0
-9.0,-1.0,-1,1,56.40257,81,Replayed,9.0
-1.0,1.0,1,0,50.03747,81,Replayed,1.0
-1.0,0.0,1,0,49.14678,81,Replayed,1.0
3.0,-1.0,-1,0,45.21545,81,Replayed,3.0
-38.0,1.0,-1,1,84.04088,81,Replayed,38.0
9.0,-1.0,1,1,59.83668,81,Replayed,9.0
38.0,1.0,1,1,85.38568,81,Replayed,38.0
-1.0,-1.0,1,0,47.89489,81,Replayed,1.0
-1.0,1.0,1,0,49.418278,81,Replayed,1.0
3.0,1.0,-1,0,44.25671,81,Replayed,3.0
5.0,-1.0,-1,0,42.588055,81,Replayed,5.0
-38.0,0.0,1,0,15.747197,81,Replayed,38.0
1.0,0.0,-1,0,49.66889,81,Replayed,1.0
1.0,-1.0,1,1,52.851234,81,Replayed,1.0
-1.0,-1.0,-1,1,49.609512,81,Replayed,1.0
1.0,0.0,1,1,51.954514,81,Replayed,1.0
5.0,-1.0,-1,0,46.92641,81,Replayed,5.0
-3.0,-1.0,-1,1,54.906,81,Replayed,3.0
5.0,0.0,1,1,56.05618,81,Replayed,5.0
9.0,-1.0,1,1,60.665916,81,Replayed,9.0
-1.0,0.0,1,0,50.768898,81,Replayed,1.0
1.0,1.0,1,1,51.45662,81,Replayed,1.0
-38.0,0.0,-1,1,85.3125,81,Replayed,38.0
-3.0,0.0,1,0,47.516777,81,Replayed,3.0
-3.0,-1.0,1,0,46.93273,81,Replayed,3.0
-38.0,1.0,-1,1,84.74429,81,Replayed,38.0
-1.0,0.0,1,0,48.970306,81,Replayed,1.0
-3.0,1.0,-1,1,51.473255,81,Replayed,3.0
1.0,1.0,-1,0,46.45663,81,Replayed,1.0
5.0,0.0,1,1,55.637955,81,Replayed,5.0
-5.0,1.0,1,0,45.42439,81,Replayed,5.0
-9.0,0.0,1,0,40.20564,81,Replayed,9.0
38.0,-1.0,1,1,85.36525,81,Replayed,38.0
-9.0,-1.0,1,0,40.986256,81,Replayed,9.0
-5.0,1.0,-1,1,54.851353,81,Replayed,5.0
-1.0,-1.0,1,0,49.64626,81,Replayed,1.0
38.0,0.0,1,1,87.10593,81,Replayed,38.0
-5.0,-1.0,1,0,45.379684,81,Replayed,5.0
9.0,-1.0,-1,0,39.836807,81,Replayed,9.0
-38.0,1.0,-1,1,84.9185,81,Replayed,38.0
5.0,0.0,-1,0,43.66965,81,Replayed,5.0
1.0,-1.0,-1,0,48.86613,81,Replayed,1.0
-9.0,1.0,1,0,40.64675,81,Replayed,9.0
-5.0,0.0,1,0,45.63276,81,Replayed,5.0
1.0,-1.0,1,1,51.53141,81,Replayed,1.0
-5.0,0.0,-1,1,53.580074,81,Replayed,5.0
9.0,1.0,1,1,59.108715,81,Replayed,9.0
9.0,1.0,1,1,59.893627,81,Replayed,9.0
1.0,0.0,1,1,51.251266,81,Replayed,1.0
-3.0,-1.0,1,0,46.71547,81,Replayed,3.0
-5.0,1.0,1,0,46.453373,81,Replayed,5.0
9.0,1.0,1,1,60.52443,81,Replayed,9.0
-3.0,1.0,1,0,47.426384,81,Replayed,3.0
-38.0,1.0,-1,1,84.59154,81,Replayed,38.0
-9.0,1.0,1,0,41.94746,81,Replayed,9.0
38.0,-1.0,1,1,84.82497,81,Replayed,38.0
3.0,0.0,1,1,55.685608,81,Replayed,3.0
9.0,1.0,1,1,61.47866,81,Replayed,9.0
-9.0,1.0,-1,1,58.08793,81,Replayed,9.0
-38.0,-1.0,-1,1,85.682274,81,Replayed,38.0
-9.0,0.0,1,0,40.936455,81,Replayed,9.0
-9.0,1.0,1,0,40.871315,81,Replayed,9.0
-3.0,1.0,-1,1,53.329586,81,Replayed,3.0
3.0,-1.0,1,1,54.669907,81,Replayed,3.0
1.0,-1.0,1,1,50.674503,81,Replayed,1.0
-5.0,1.0,1,0,46.045074,81,Replayed,5.0
1.0,-1.0,-1,0,48.15649,81,Replayed,1.0
5.0,-1.0,1,1,56.88123,81,Replayed,5.0
3.0,1.0,-1,0,46.22998,81,Replayed,3.0
-38.0,-1.0,-1,1,83.960625,81,Replayed,38.0
9.0,1.0,-1,0,38.83523,81,Replayed,9.0
-3.0,0.0,-1,1,51.26947,81,Replayed,3.0
38.0,1.0,1,1,85.6426,81,Replayed,38.0
38.0,0.0,1,1,85.82312,81,Replayed,38.0
-3.0,1.0,1,0,46.757465,81,Replayed,3.0
-5.0,0.0,-1,1,55.235897,81,Replayed,5.0
-5.0,-1.0,-1,1,55.35574,81,Replayed,5.0
3.0,-1.0,1,1,55.91029,81,Replayed,3.0
-5.0,0.0,1,0,45.15642,81,Replayed,5.0
-38.0,-1.0,-1,1,84.046326,81,Replayed,38.0
5.0,-1.0,1,1,55.906807,81,Replayed,5.0
-9.0,1.0,1,0,41.59364,81,Replayed,9.0
5.0,1.0,1,1,56.887413,81,Replayed,5.0
-9.0,1.0,-1,1,57.717823,81,Replayed,9.0
3.0,1.0,-1,0,44.043194,81,Replayed,3.0
-1.0,-1.0,-1,1,49.13225,81,Replayed,1.0
9.0,-1.0,1,1,60.786777,81,Replayed,9.0
-1.0,0.0,-1,1,51.570995,81,Replayed,1.0
38.0,1.0,-1,0,14.241789,81,Replayed,38.0
-38.0,1.0,-1,1,83.68746,81,Replayed,38.0
-3.0,-1.0,1,0,47.234768,81,Replayed,3.0
-38.0,1.0,-1,1,85.174355,81,Replayed,38.0
38.0,-1.0,1,1,86.68448,81,Replayed,38.0
-38.0,0.0,-1,1,84.86809,81,Replayed,38.0
-1.0,-1.0,1,0,50.9644,81,Replayed,1.0
-1.0,1.0,1,0,48.655647,81,Replayed,1.0
38.0,0.0,1,1,85.4293,81,Replayed,38.0
1.0,0.0,-1,0,45.41301,81,Replayed,1.0
5.0,-1.0,-1,0,44.14863,81,Replayed,5.0
-38.0,0.0,1,0,15.067461,81,Replayed,38.0
-38.0,-1.0,-1,1,85.31032,81,Replayed,38.0
1.0,-1.0,1,1,52.00276,81,Replayed,1.0
-3.0,-1.0,-1,1,51.387753,81,Replayed,3.0
-9.0,-1.0,1,0,40.038067,81,Replayed,9.0
-1.0,0.0,-1,1,48.693317,81,Replayed,1.0
38.0,-1.0,1,1,85.95249,81,Replayed,38.0
-3.0,0.0,1,0,48.280926,81,Replayed,3.0
5.0,1.0,1,1,55.819492,81,Replayed,5.0
3.0,1.0,-1,0,46.239452,81,Replayed,3.0
-3.0,1.0,-1,1,51.3633,81,Replayed,3.0
3.0,-1.0,-1,0,45.53634,81,Replayed,3.0
-9.0,1.0,1,0,40.445496,81,Replayed,9.0
-3.0,0.0,-1,1,51.235626,81,Replayed,3.0
1.0,0.0,1,1,50.760662,81,Replayed,1.0
-38.0,1.0,-1,1,84.624,81,Replayed,38.0
1.0,1.0,1,1,51.322903,81,Replayed,1.0
3.0,-1.0,1,1,53.437054,81,Replayed,3.0
-3.0,0.0,1,0,48.531593,81,Replayed,3.0
1.0,-1.0,1,1,51.13905,81,Replayed,1.0
-5.0,0.0,-1,1,53.582497,81,Replayed,5.0
5.0,1.0,1,1,56.400658,81,Replayed,5.0
-9.0,0.0,1,0,40.297283,81,Replayed,9.0
1.0,1.0,-1,0,50.026012,81,Replayed,1.0
9.0,-1.0,1,1,57.89813,81,Replayed,9.0
38.0,-1.0,1,1,84.99654,81,Replayed,38.0
-38.0,0.0,-1,1,85.18768,81,Replayed,38.0
-3.0,0.0,-1,1,50.17339,81,Replayed,3.0
9.0,0.0,-1,0,39.93827,81,Replayed,9.0
5.0,1.0,1,1,57.430565,81,Replayed,5.0
-9.0,1.0,1,0,41.758823,81,Replayed,9.0
9.0,0.0,-1,0,40.529587,81,Replayed,9.0
1.0,0.0,-1,0,47.631664,81,Replayed,1.0
3.0,1.0,1,1,54.827076,81,Replayed,3.0
3.0,-1.0,-1,0,46.322586,81,Replayed,3.0
-5.0,-1.0,1,0,44.665306,81,Replayed,5.0
-38.0,-1.0,-1,1,84.50855,81,Replayed,38.0
-1.0,1.0,-1,1,49.631,81,Replayed,1.0
1.0,0.0,1,1,51.513298,81,Replayed,1.0
-5.0,1.0,-1,1,54.950268,81,Replayed,5.0
9.0,0.0,1,1,60.642822,81,Replayed,9.0
5.0,-1.0,-1,0,43.22827,81,Replayed,5.0
9.0,-1.0,-1,0,38.654152,81,Replayed,9.0
-38.0,1.0,-1,1,84.8878,81,Replayed,38.0
5.0,-1.0,1,1,56.91046,81,Replayed,5.0
9.0,1.0,-1,0,39.173965,81,Replayed,9.0
3.0,1.0,-1,0,45.411472,81,Replayed,3.0
-1.0,0.0,-1,1,47.96837,81,Replayed,1.0
5.0,1.0,1,1,55.442303,81,Replayed,5.0
38.0,1.0,1,1,85.900635,81,Replayed,38.0
-9.0,-1.0,-1,1,59.160637,81,Replayed,9.0
5.0,0.0,1,1,61.66314,82,Replayed,5.0
3.0,-1.0,-1,0,41.71468,82,Replayed,3.0
9.0,0.0,1,1,67.72936,82,Replayed,9.0
-3.0,-1.0,1,0,49.556324,82,Replayed,3.0
9.0,0.0,1,1,67.97763,82,Replayed,9.0
3.0,0.0,1,1,59.739094,82,Replayed,3.0
38.0,-1.0,1,1,90.70794,82,Replayed,38.0
-5.0,-1.0,1,0,46.290565,82,Replayed,5.0
-38.0,0.0,-1,1,91.652245,82,Replayed,38.0
-9.0,-1.0,-1,1,57.016563,82,Replayed,9.0
-9.0,0.0,-1,1,59.45354,82,Replayed,9.0
-3.0,1.0,1,0,51.297848,82,Replayed,3.0
5.0,1.0,1,1,63.66892,82,Replayed,5.0
9.0,-1.0,1,1,64.91964,82,Replayed,9.0
38.0,1.0,1,1,96.36336,82,Replayed,38.0
38.0,-1.0,1,1,90.3937,82,Replayed,38.0
-1.0,0.0,1,0,53.290653,82,Replayed,1.0
9.0,0.0,1,1,67.25834,82,Replayed,9.0
1.0,1.0,1,1,56.591785,82,Replayed,1.0
3.0,1.0,1,1,60.361313,82,Replayed,3.0
38.0,0.0,1,1,94.5297,82,Replayed,38.0
-5.0,-1.0,-1,1,53.458714,82,Replayed,5.0
38.0,0.0,1,1,94.41102,82,Replayed,38.0
3.0,0.0,1,1,58.795494,82,Replayed,3.0
-5.0,1.0,-1,1,54.32881,82,Replayed,5.0
38.0,0.0,1,1,94.40148,82,Replayed,38.0
-5.0,-1.0,1,0,46.341686,82,Replayed,5.0
-3.0,-1.0,1,0,47.433796,82,Replayed,3.0
-1.0,-1.0,-1,1,47.86391,82,Replayed,1.0
-38.0,-1.0,-1,1,88.188385,82,Replayed,38.0
3.0,0.0,-1,0,42.274082,82,Replayed,3.0
-5.0,0.0,1,0,46.70234,82,Replayed,5.0
38.0,1.0,1,1,95.95547,82,Replayed,38.0
5.0,-1.0,-1,0,39.838264,82,Replayed,5.0
38.0,-1.0,1,1,90.83657,82,Replayed,38.0
-38.0,1.0,1,0,5.5259085,82,Replayed,38.0
-38.0,1.0,-1,1,94.52985,82,Replayed,38.0
9.0,-1.0,-1,0,34.564255,82,Replayed,9.0
5.0,1.0,1,1,62.802704,82,Replayed,5.0
-38.0,0.0,-1,1,92.707214,82,Replayed,38.0
-1.0,0.0,-1,1,47.038345,82,Replayed,1.0
-3.0,1.0,-1,1,50.963818,82,Replayed,3.0
-9.0,0.0,-1,1,59.165234,82,Replayed,9.0
-9.0,-1.0,1,0,42.246532,82,Replayed,9.0
-5.0,1.0,1,0,46.2631,82,Replayed,5.0
9.0,-1.0,1,1,65.182884,82,Replayed,9.0
9.0,0.0,1,1,68.02246,82,Replayed,9.0
3.0,0.0,1,1,59.352833,82,Replayed,3.0
-3.0,0.0,-1,1,48.94237,82,Replayed,3.0
1.0,-1.0,1,1,53.910797,82,Replayed,1.0
1.0,1.0,-1,0,42.277924,82,Replayed,1.0
-5.0,0.0,-1,1,53.63334,82,Replayed,5.0
-38.0,-1.0,-1,1,87.29005,82,Replayed,38.0
5.0,1.0,1,1,63.044464,82,Replayed,5.0
3.0,0.0,1,1,58.57934,82,Replayed,3.0
1.0,0.0,-1,0,44.189228,82,Replayed,1.0
-3.0,-1.0,-1,1,50.004093,82,Replayed,3.0
1.0,0.0,-1,0,43.705322,82,Replayed,1.0
9.0,0.0,1,1,68.37444,82,Replayed,9.0
5.0,1.0,1,1,63.098305,82,Replayed,5.0
1.0,1.0,-1,0,43.618385,82,Replayed,1.0
9.0,0.0,-1,0,31.910774,82,Replayed,9.0
-1.0,0.0,1,0,53.38438,82,Replayed,1.0
-3.0,0.0,-1,1,49.624866,82,Replayed,3.0
3.0,-1.0,-1,0,43.321533,82,Replayed,3.0
5.0,1.0,1,1,62.915253,82,Replayed,5.0
-5.0,0.0,1,0,46.2986,82,Replayed,5.0
-1.0,-1.0,1,0,51.81038,82,Replayed,1.0
-9.0,1.0,-1,1,61.327698,82,Replayed,9.0
5.0,-1.0,1,1,59.236042,82,Replayed,5.0
-3.0,0.0,-1,1,50.797153,82,Replayed,3.0
-5.0,0.0,1,0,46.80503,82,Replayed,5.0
-3.0,1.0,-1,1,50.208347,82,Replayed,3.0
9.0,0.0,1,1,67.38502,82,Replayed,9.0
5.0,0.0,-1,0,37.40153,82,Replayed,5.0
9.0,-1.0,1,1,65.05357,82,Replayed,9.0
38.0,1.0,1,1,96.76636,82,Replayed,38.0
5.0,-1.0,1,1,60.684753,82,Replayed,5.0
5.0,0.0,-1,0,37.873726,82,Replayed,5.0
-5.0,1.0,1,0,44.915295,82,Replayed,5.0
38.0,1.0,1,1,96.27049,82,Replayed,38.0
-5.0,1.0,-1,1,53.810364,82,Replayed,5.0
3.0,1.0,1,1,60.422497,82,Replayed,3.0
-38.0,-1.0,-1,1,88.022545,82,Replayed,38.0
3.0,-1.0,1,1,57.019836,82,Replayed,3.0
-1.0,0.0,1,0,52.33754,82,Replayed,1.0
-38.0,1.0,-1,1,94.55793,82,Replayed,38.0
38.0,-1.0,1,1,90.623245,82,Replayed,38.0
-38.0,1.0,-1,1,94.82699,82,Replayed,38.0
3.0,0.0,1,1,58.93085,82,Replayed,3.0
-1.0,1.0,1,0,52.028538,82,Replayed,1.0
-1.0,1.0,-1,1,46.18101,82,Replayed,1.0
-5.0,-1.0,-1,1,52.115776,82,Replayed,5.0
-3.0,1.0,-1,1,50.02295,82,Replayed,3.0
-9.0,-1.0,1,0,41.925316,82,Replayed,9.0
-9.0,-1.0,-1,1,58.138317,82,Replayed,9.0
-9.0,0.0,1,0,41.300648,82,Replayed,9.0
1.0,1.0,1,1,56.66067,82,Replayed,1.0
3.0,0.0,1,1,58.948505,82,Replayed,3.0
5.0,0.0,1,1,62.285824,82,Replayed,5.0
-9.0,1.0,-1,1,62.15722,82,Replayed,9.0
5.0,-1.0,-1,0,39.469383,82,Replayed,5.0
9.0,1.0,1,1,70.439255,82,Replayed,9.0
-9.0,1.0,-1,1,60.91958,82,Replayed,9.0
1.0,1.0,-1,0,42.941536,82,Replayed,1.0
1.0,-1.0,1,1,54.4992,82,Replayed,1.0
1.0,-1.0,1,1,54.79906,82,Replayed,1.0
1.0,-1.0,1,1,55.459,82,Replayed,1.0
-38.0,-1.0,-1,1,86.87953,82,Replayed,38.0
5.0,0.0,-1,0,37.48528,82,Replayed,5.0
5.0,1.0,-1,0,36.953304,82,Replayed,5.0
-38.0,0.0,-1,1,92.47149,82,Replayed,38.0
-38.0,-1.0,-1,1,87.110214,82,Replayed,38.0
-38.0,-1.0,-1,1,87.10249,82,Replayed,38.0
-5.0,0.0,1,0,46.1167,82,Replayed,5.0
1.0,0.0,-1,0,44.3526,82,Replayed,1.0
3.0,1.0,1,1,60.38066,82,Replayed,3.0
9.0,1.0,1,1,70.87641,82,Replayed,9.0
-38.0,-1.0,-1,1,87.61127,82,Replayed,38.0
-1.0,-1.0,1,0,51.847504,82,Replayed,1.0
-5.0,-1.0,-1,1,53.112114,82,Replayed,5.0
5.0,-1.0,1,1,59.904987,82,Replayed,5.0
5.0,1.0,1,1,63.197773,82,Replayed,5.0
-9.0,1.0,1,0,37.67387,82,Replayed,9.0
-5.0,1.0,1,0,46.581257,82,Replayed,5.0
-5.0,0.0,1,0,47.056465,82,Replayed,5.0
-5.0,-1.0,-1,1,53.70155,82,Replayed,5.0
3.0,-1.0,-1,0,41.51065,82,Replayed,3.0
-1.0,-1.0,-1,1,47.445354,82,Replayed,1.0
-9.0,0.0,1,0,40.338215,82,Replayed,9.0
-1.0,0.0,1,0,53.93811,82,Replayed,1.0
-38.0,1.0,-1,1,94.1881,82,Replayed,38.0
-3.0,-1.0,1,0,49.694668,82,Replayed,3.0
5.0,-1.0,1,1,59.97109,82,Replayed,5.0
9.0,1.0,-1,0,29.49436,82,Replayed,9.0
38.0,0.0,1,1,94.61128,82,Replayed,38.0
-1.0,1.0,1,0,52.81549,82,Replayed,1.0
-9.0,-1.0,1,0,42.30037,82,Replayed,9.0
-3.0,1.0,1,0,49.667095,82,Replayed,3.0
38.0,-1.0,1,1,90.73022,82,Replayed,38.0
5.0,0.0,-1,0,36.61236,82,Replayed,5.0
38.0,1.0,1,1,96.50376,82,Replayed,38.0
5.0,0.0,1,1,61.34907,82,Replayed,5.0
1.0,1.0,-1,0,42.82119,82,Replayed,1.0
-38.0,1.0,-1,1,94.951584,82,Replayed,38.0
-1.0,0.0,1,0,51.82295,82,Replayed,1.0
-1.0,1.0,1,0,54.515213,82,Replayed,1.0
-9.0,0.0,1,0,39.308434,82,Replayed,9.0
1.0,-1.0,1,1,54.485912,82,Replayed,1.0
-9.0,0.0,-1,1,60.38827,82,Replayed,9.0
-38.0,1.0,-1,1,94.22023,82,Replayed,38.0
-1.0,-1.0,1,0,52.831787,82,Replayed,1.0
-5.0,0.0,1,0,46.205536,82,Replayed,5.0
-38.0,-1.0,-1,1,87.30453,82,Replayed,38.0
1.0,0.0,1,1,55.707253,82,Replayed,1.0
1.0,-1.0,1,1,54.244507,82,Replayed,1.0
9.0,0.0,1,1,67.587105,82,Replayed,9.0
38.0,1.0,1,1,96.59946,82,Replayed,38.0
-9.0,0.0,-1,1,60.43383,82,Replayed,9.0
-1.0,1.0,1,0,52.720142,82,Replayed,1.0
1.0,0.0,-1,0,43.71338,82,Replayed,1.0
38.0,0.0,1,1,94.41493,82,Replayed,38.0
-3.0,1.0,-1,1,49.565277,82,Replayed,3.0
-9.0,-1.0,1,0,41.692165,82,Replayed,9.0
38.0,-1.0,1,1,90.47688,82,Replayed,38.0
-3.0,-1.0,-1,1,50.031013,82,Replayed,3.0
3.0,1.0,1,1,59.680103,82,Replayed,3.0
-3.0,-1.0,-1,1,50.714947,82,Replayed,3.0
-5.0,1.0,1,0,46.11546,82,Replayed,5.0
1.0,0.0,-1,0,44.512688,82,Replayed,1.0
5.0,-1.0,1,1,60.541874,82,Replayed,5.0
-38.0,0.0,-1,1,92.11356,82,Replayed,38.0
-1.0,-1.0,1,0,53.225792,82,Replayed,1.0
-3.0,1.0,-1,1,51.11116,82,Replayed,3.0
3.0,1.0,-1,0,38.93406,82,Replayed,3.0
-9.0,1.0,-1,1,60.645073,82,Replayed,9.0
-1.0,1.0,-1,1,47.00809,82,Replayed,1.0
38.0,0.0,1,1,94.129456,82,Replayed,38.0
-38.0,0.0,-1,1,91.601746,82,Replayed,38.0
-5.0,0.0,-1,1,53.04209,82,Replayed,5.0
-9.0,1.0,-1,1,60.98531,82,Replayed,9.0
9.0,1.0,1,1,70.375465,82,Replayed,9.0
-9.0,1.0,-1,1,60.325207,82,Replayed,9.0
9.0,-1.0,-1,0,34.184982,82,Replayed,9.0
9.0,1.0,1,1,70.18498,82,Replayed,9.0
-1.0,-1.0,1,0,51.59764,82,Replayed,1.0
-3.0,0.0,1,0,48.125538,82,Replayed,3.0
1.0,-1.0,1,1,55.08696,82,Replayed,1.0
5.0,1.0,-1,0,35.46866,82,Replayed,5.0
-1.0,1.0,1,0,52.3341,82,Replayed,1.0
3.0,-1.0,1,1,57.76717,82,Replayed,3.0
9.0,-1.0,1,1,63.816788,82,Replayed,9.0
3.0,1.0,1,1,60.64065,82,Replayed,3.0
38.0,1.0,1,1,96.69442,82,Replayed,38.0
-9.0,1.0,1,0,39.873928,82,Replayed,9.0
5.0,0.0,1,1,62.294914,82,Replayed,5.0
-1.0,1.0,1,0,52.60817,82,Replayed,1.0
-1.0,0.0,-1,1,48.118023,82,Replayed,1.0
1.0,-1.0,1,1,54.657715,82,Replayed,1.0
-3.0,-1.0,1,0,50.36006,82,Replayed,3.0
3.0,1.0,1,1,60.766994,82,Replayed,3.0
-3.0,1.0,-1,1,50.801075,82,Replayed,3.0
9.0,-1.0,1,1,65.17207,82,Replayed,9.0
-38.0,1.0,-1,1,94.83327,82,Replayed,38.0
-3.0,-1.0,-1,1,50.39499,82,Replayed,3.0
-38.0,0.0,-1,1,92.49221,82,Replayed,38.0
-38.0,0.0,-1,1,92.37195,82,Replayed,38.0
-3.0,0.0,1,0,49.75175,82,Replayed,3.0
5.0,-1.0,-1,0,39.714615,82,Replayed,5.0
1.0,0.0,1,1,55.530327,82,Replayed,1.0
-5.0,1.0,1,0,46.023987,82,Replayed,5.0
38.0,1.0,1,1,96.40245,82,Replayed,38.0
3.0,-1.0,-1,0,42.392677,82,Replayed,3.0
9.0,-1.0,1,1,64.47922,82,Replayed,9.0
-5.0,-1.0,-1,1,52.72131,82,Replayed,5.0
3.0,1.0,-1,0,39.66104,82,Replayed,3.0
-3.0,0.0,-1,1,49.70376,82,Replayed,3.0
38.0,0.0,1,1,93.985794,82,Replayed,38.0
38.0,0.0,1,1,94.65571,82,Replayed,38.0
-9.0,0.0,-1,1,59.725357,82,Replayed,9.0
3.0,-1.0,-1,0,43.70797,82,Replayed,3.0
-5.0,1.0,1,0,47.35368,82,Replayed,5.0
3.0,-1.0,-1,0,42.3968,82,Replayed,3.0
-38.0,0.0,-1,1,92.06457,82,Replayed,38.0
-1.0,-1.0,1,0,52.76594,82,Replayed,1.0
9.0,1.0,1,1,70.91316,82,Replayed,9.0
-1.0,0.0,-1,1,47.688694,82,Replayed,1.0
-3.0,0.0,-1,1,50.027065,82,Replayed,3.0
38.0,-1.0,1,1,90.29461,82,Replayed,38.0
9.0,1.0,1,1,70.21489,82,Replayed,9.0
-5.0,-1.0,-1,1,52.55388,82,Replayed,5.0
1.0,0.0,1,1,55.204494,82,Replayed,1.0
3.0,0.0,1,1,58.610767,82,Replayed,3.0
1.0,1.0,1,1,57.26954,82,Replayed,1.0
-3.0,0.0,-1,1,49.36148,82,Replayed,3.0
1.0,1.0,1,1,56.70062,82,Replayed,1.0
9.0,1.0,1,1,70.67439,82,Replayed,9.0
-9.0,-1.0,1,0,41.96973,82,Replayed,9.0
38.0,-1.0,1,1,89.83441,82,Replayed,38.0
-9.0,0.0,-1,1,70.69766,83,Replayed,9.0
-9.0,-1.0,1,0,28.86495,83,Replayed,9.0
-5.0,0.0,-1,1,63.558167,83,Replayed,5.0
5.0,0.0,1,1,55.827194,83,Replayed,5.0
-1.0,0.0,1,0,44.004063,83,Replayed,1.0
38.0,-1.0,-1,0,4.763869,83,Replayed,38.0
1.0,-1.0,-1,0,51.82275,83,Replayed,1.0
-9.0,0.0,-1,1,70.898766,83,Replayed,9.0
3.0,-1.0,1,1,52.17959,83,Replayed,3.0
-38.0,0.0,-1,1,96.92645,83,Replayed,38.0
-38.0,1.0,-1,1,96.42079,83,Replayed,38.0
9.0,0.0,1,1,63.065804,83,Replayed,9.0
5.0,1.0,-1,0,43.902515,83,Replayed,5.0
-5.0,1.0,-1,1,63.504505,83,Replayed,5.0
-9.0,1.0,-1,1,69.866806,83,Replayed,9.0
5.0,0.0,-1,0,44.41849,83,Replayed,5.0
-9.0,1.0,-1,1,69.86593,83,Replayed,9.0
-9.0,0.0,-1,1,71.08076,83,Replayed,9.0
1.0,0.0,1,1,48.001945,83,Replayed,1.0
38.0,-1.0,1,1,95.561134,83,Replayed,38.0
-5.0,0.0,-1,1,63.64159,83,Replayed,5.0
-9.0,-1.0,-1,1,71.308044,83,Replayed,9.0
-5.0,0.0,-1,1,63.533886,83,Replayed,5.0
38.0,0.0,1,1,95.19674,83,Replayed,38.0
9.0,1.0,1,1,62.883526,83,Replayed,9.0
38.0,0.0,1,1,94.96834,83,Replayed,38.0
9.0,-1.0,1,1,63.362534,83,Replayed,9.0
-38.0,0.0,-1,1,96.29708,83,Replayed,38.0
1.0,0.0,1,1,48.04807,83,Replayed,1.0
38.0,-1.0,1,1,95.16553,83,Replayed,38.0
-9.0,1.0,1,0,29.591032,83,Replayed,9.0
-5.0,1.0,1,0,35.69684,83,Replayed,5.0
-1.0,0.0,-1,1,56.12455,83,Replayed,1.0
9.0,1.0,-1,0,36.787518,83,Replayed,9.0
3.0,0.0,1,1,52.785217,83,Replayed,3.0
3.0,1.0,-1,0,47.316372,83,Replayed,3.0
-3.0,1.0,1,0,39.774967,83,Replayed,3.0
-1.0,1.0,-1,1,55.667824,83,Replayed,1.0
1.0,-1.0,-1,0,51.843334,83,Replayed,1.0
38.0,0.0,1,1,95.129486,83,Replayed,38.0
-5.0,-1.0,-1,1,64.29154,83,Replayed,5.0
3.0,1.0,-1,0,48.15618,83,Replayed,3.0
-38.0,1.0,-1,1,96.383415,83,Replayed,38.0
38.0,1.0,1,1,94.84553,83,Replayed,38.0
-9.0,-1.0,-1,1,71.56208,83,Replayed,9.0
38.0,0.0,1,1,94.79284,83,Replayed,38.0
38.0,0.0,1,1,95.13479,83,Replayed,38.0
-5.0,-1.0,-1,1,64.01676,83,Replayed,5.0
5.0,1.0,1,1,54.914368,83,Replayed,5.0
-9.0,-1.0,-1,1,72.10357,83,Replayed,9.0
-38.0,-1.0,-1,1,96.52458,83,Replayed,38.0
-38.0,0.0,-1,1,96.57377,83,Replayed,38.0
-3.0,1.0,1,0,39.059254,83,Replayed,3.0
3.0,-1.0,-1,0,48.06394,83,Replayed,3.0
5.0,1.0,-1,0,44.56554,83,Replayed,5.0
9.0,-1.0,-1,0,36.54599,83,Replayed,9.0
-1.0,0.0,-1,1,55.713028,83,Replayed,1.0
3.0,0.0,1,1,52.247665,83,Replayed,3.0
3.0,-1.0,-1,0,48.11129,83,Replayed,3.0
-5.0,-1.0,1,0,36.24768,83,Replayed,5.0
-1.0,-1.0,1,0,44.15891,83,Replayed,1.0
3.0,0.0,1,1,52.64366,83,Replayed,3.0
38.0,-1.0,1,1,95.65472,83,Replayed,38.0
-1.0,1.0,-1,1,55.90405,83,Replayed,1.0
1.0,-1.0,-1,0,52.452396,83,Replayed,1.0
9.0,-1.0,1,1,63.78074,83,Replayed,9.0
5.0,-1.0,1,1,56.778378,83,Replayed,5.0
3.0,1.0,1,1,52.57328,83,Replayed,3.0
9.0,0.0,-1,0,37.410183,83,Replayed,9.0
-38.0,1.0,-1,1,96.720955,83,Replayed,38.0
1.0,1.0,-1,0,51.939903,83,Replayed,1.0
-3.0,0.0,-1,1,59.175694,83,Replayed,3.0
-3.0,-1.0,1,0,39.414753,83,Replayed,3.0
-9.0,0.0,-1,1,70.7833,83,Replayed,9.0
5.0,1.0,-1,0,44.26189,83,Replayed,5.0
-3.0,-1.0,-1,1,60.333015,83,Replayed,3.0
5.0,0.0,-1,0,44.047413,83,Replayed,5.0
-3.0,-1.0,-1,1,59.93147,83,Replayed,3.0
38.0,1.0,1,1,95.05751,83,Replayed,38.0
-1.0,-1.0,1,0,43.963406,83,Replayed,1.0
9.0,0.0,1,1,63.855656,83,Replayed,9.0
-38.0,-1.0,-1,1,96.89716,83,Replayed,38.0
-5.0,1.0,-1,1,63.240635,83,Replayed,5.0
1.0,0.0,1,1,47.09369,83,Replayed,1.0
3.0,-1.0,1,1,51.91583,83,Replayed,3.0
-3.0,1.0,-1,1,60.217304,83,Replayed,3.0
-9.0,1.0,-1,1,70.72314,83,Replayed,9.0
38.0,0.0,1,1,95.32115,83,Replayed,38.0
1.0,0.0,1,1,48.247986,83,Replayed,1.0
-1.0,0.0,-1,1,55.706745,83,Replayed,1.0
9.0,1.0,1,1,63.74696,83,Replayed,9.0
-3.0,0.0,1,0,40.40389,83,Replayed,3.0
3.0,-1.0,1,1,52.40347,83,Replayed,3.0
-1.0,0.0,-1,1,56.07556,83,Replayed,1.0
-9.0,-1.0,-1,1,70.8542,83,Replayed,9.0
-1.0,1.0,-1,1,55.818783,83,Replayed,1.0
-38.0,0.0,-1,1,96.50278,83,Replayed,38.0
9.0,1.0,1,1,62.803883,83,Replayed,9.0
-9.0,-1.0,-1,1,71.1532,83,Replayed,9.0
-38.0,-1.0,-1,1,96.69865,83,Replayed,38.0
3.0,0.0,-1,0,48.254616,83,Replayed,3.0
9.0,-1.0,1,1,63.14818,83,Replayed,9.0
-3.0,0.0,-1,1,60.22702,83,Replayed,3.0
9.0,-1.0,-1,0,36.39815,83,Replayed,9.0
5.0,1.0,-1,0,44.19476,83,Replayed,5.0
1.0,-1.0,1,1,47.90515,83,Replayed,1.0
-5.0,-1.0,-1,1,63.403847,83,Replayed,5.0
-38.0,1.0,-1,1,96.357475,83,Replayed,38.0
1.0,1.0,1,1,48.108067,83,Replayed,1.0
3.0,1.0,-1,0,48.348515,83,Replayed,3.0
-38.0,0.0,-1,1,96.62084,83,Replayed,38.0
9.0,1.0,1,1,63.086815,83,Replayed,9.0
-38.0,0.0,-1,1,96.23583,83,Replayed,38.0
5.0,1.0,1,1,56.31413,83,Replayed,5.0
1.0,0.0,-1,0,53.012264,83,Replayed,1.0
-1.0,0.0,-1,1,56.41934,83,Replayed,1.0
-5.0,1.0,-1,1,63.808285,83,Replayed,5.0
-5.0,1.0,-1,1,64.07668,83,Replayed,5.0
-38.0,1.0,-1,1,96.323845,83,Replayed,38.0
-3.0,1.0,-1,1,59.357307,83,Replayed,3.0
38.0,-1.0,1,1,95.38516,83,Replayed,38.0
1.0,1.0,-1,0,51.807,83,Replayed,1.0
-5.0,-1.0,1,0,35.571674,83,Replayed,5.0
38.0,-1.0,1,1,95.41394,83,Replayed,38.0
-3.0,0.0,-1,1,59.945824,83,Replayed,3.0
38.0,-1.0,1,1,95.768936,83,Replayed,38.0
9.0,-1.0,1,1,63.4795,83,Replayed,9.0
-1.0,-1.0,-1,1,55.45991,83,Replayed,1.0
5.0,-1.0,-1,0,43.800106,83,Replayed,5.0
-1.0,-1.0,-1,1,56.904175,83,Replayed,1.0
3.0,-1.0,1,1,52.188076,83,Replayed,3.0
-9.0,-1.0,-1,1,71.37008,83,Replayed,9.0
-3.0,1.0,1,0,40.114323,83,Replayed,3.0
-3.0,1.0,1,0,40.225605,83,Replayed,3.0
-9.0,0.0,-1,1,71.74143,83,Replayed,9.0
-9.0,0.0,-1,1,71.1553,83,Replayed,9.0
9.0,1.0,-1,0,37.772087,83,Replayed,9.0
9.0,1.0,1,1,62.616722,83,Replayed,9.0
-1.0,-1.0,1,0,44.027634,83,Replayed,1.0
-9.0,-1.0,1,0,29.331944,83,Replayed,9.0
3.0,0.0,1,1,51.631725,83,Replayed,3.0
3.0,0.0,1,1,51.405544,83,Replayed,3.0
-5.0,0.0,-1,1,64.69863,83,Replayed,5.0
-38.0,-1.0,-1,1,97.0118,83,Replayed,38.0
3.0,1.0,1,1,51.98539,83,Replayed,3.0
-3.0,1.0,-1,1,61.213947,83,Replayed,3.0
-3.0,-1.0,-1,1,59.967327,83,Replayed,3.0
1.0,1.0,1,1,47.731342,83,Replayed,1.0
5.0,0.0,1,1,56.829983,83,Replayed,5.0
-1.0,1.0,-1,1,56.099586,83,Replayed,1.0
-5.0,-1.0,-1,1,63.01294,83,Replayed,5.0
-5.0,0.0,-1,1,64.3556,83,Replayed,5.0
-38.0,0.0,-1,1,96.5426,83,Replayed,38.0
3.0,-1.0,1,1,52.68932,83,Replayed,3.0
-38.0,1.0,-1,1,96.383156,83,Replayed,38.0
38.0,0.0,1,1,95.13682,83,Replayed,38.0
-5.0,1.0,-1,1,63.37895,83,Replayed,5.0
38.0,1.0,1,1,95.459915,83,Replayed,38.0
1.0,1.0,-1,0,53.00024,83,Replayed,1.0
1.0,-1.0,1,1,47.898666,83,Replayed,1.0
-1.0,0.0,1,0,44.308903,83,Replayed,1.0
-38.0,0.0,-1,1,96.729836,83,Replayed,38.0
3.0,1.0,1,1,51.283955,83,Replayed,3.0
1.0,1.0,-1,0,52.18862,83,Replayed,1.0
1.0,0.0,1,1,48.4806,83,Replayed,1.0
-3.0,1.0,1,0,40.583996,83,Replayed,3.0
1.0,-1.0,-1,0,51.741238,83,Replayed,1.0
-38.0,1.0,-1,1,96.57161,83,Replayed,38.0
-5.0,-1.0,-1,1,63.992317,83,Replayed,5.0
5.0,1.0,-1,0,44.3973,83,Replayed,5.0
5.0,1.0,1,1,56.181126,83,Replayed,5.0
3.0,0.0,1,1,52.315025,83,Replayed,3.0
-38.0,-1.0,-1,1,96.55777,83,Replayed,38.0
1.0,0.0,-1,0,52.16096,83,Replayed,1.0
1.0,0.0,1,1,47.565235,83,Replayed,1.0
5.0,0.0,1,1,55.95491,83,Replayed,5.0
9.0,-1.0,1,1,63.12957,83,Replayed,9.0
-3.0,0.0,-1,1,59.95217,83,Replayed,3.0
38.0,1.0,1,1,94.69072,83,Replayed,38.0
9.0,0.0,1,1,63.509254,83,Replayed,9.0
-9.0,0.0,-1,1,70.32766,83,Replayed,9.0
-5.0,1.0,-1,1,64.39045,83,Replayed,5.0
1.0,1.0,-1,0,52.51256,83,Replayed,1.0
38.0,1.0,1,1,94.72851,83,Replayed,38.0
9.0,0.0,-1,0,36.16132,83,Replayed,9.0
-3.0,0.0,-1,1,60.07751,83,Replayed,3.0
-1.0,1.0,1,0,43.961826,83,Replayed,1.0
-1.0,-1.0,-1,1,56.197865,83,Replayed,1.0
-3.0,-1.0,1,0,40.195454,83,Replayed,3.0
5.0,-1.0,1,1,55.73205,83,Replayed,5.0
5.0,0.0,-1,0,44.46281,83,Replayed,5.0
-5.0,1.0,-1,1,63.885254,83,Replayed,5.0
-38.0,-1.0,-1,1,96.968895,83,Replayed,38.0
9.0,-1.0,1,1,63.506813,83,Replayed,9.0
9.0,1.0,-1,0,37.041344,83,Replayed,9.0
5.0,-1.0,1,1,54.932518,83,Replayed,5.0
5.0,-1.0,-1,0,43.17633,83,Replayed,5.0
-3.0,0.0,-1,1,60.19252,83,Replayed,3.0
-5.0,0.0,-1,1,64.07001,83,Replayed,5.0
5.0,-1.0,-1,0,43.53795,83,Replayed,5.0
-5.0,0.0,1,0,36.25338,83,Replayed,5.0
38.0,-1.0,1,1,95.53481,83,Replayed,38.0
-38.0,-1.0,-1,1,96.629616,83,Replayed,38.0
-9.0,1.0,-1,1,70.07001,83,Replayed,9.0
3.0,0.0,1,1,51.429497,83,Replayed,3.0
9.0,0.0,1,1,63.10413,83,Replayed,9.0
-3.0,-1.0,1,0,39.875977,83,Replayed,3.0
-1.0,1.0,-1,1,56.496525,83,Replayed,1.0
-1.0,0.0,-1,1,55.781525,83,Replayed,1.0
5.0,0.0,-1,0,44.252365,83,Replayed,5.0
-9.0,1.0,-1,1,71.27314,83,Replayed,9.0
-1.0,-1.0,-1,1,56.197746,83,Replayed,1.0
-5.0,-1.0,1,0,36.160347,83,Replayed,5.0
1.0,1.0,-1,0,51.446903,83,Replayed,1.0
3.0,1.0,-1,0,48.25616,83,Replayed,3.0
3.0,-1.0,-1,0,47.802143,83,Replayed,3.0
9.0,0.0,1,1,63.03766,83,Replayed,9.0
-1.0,-1.0,-1,1,56.390125,83,Replayed,1.0
-5.0,0.0,1,0,36.10335,83,Replayed,5.0
5.0,0.0,1,1,56.2784,83,Replayed,5.0
3.0,1.0,-1,0,47.642113,83,Replayed,3.0
38.0,1.0,1,1,95.083275,83,Replayed,38.0
-9.0,1.0,-1,1,70.018005,83,Replayed,9.0
-38.0,1.0,-1,1,96.64804,83,Replayed,38.0
5.0,-1.0,-1,0,44.388176,83,Replayed,5.0
-3.0,-1.0,1,0,40.56536,83,Replayed,3.0
38.0,0.0,1,1,95.381996,83,Replayed,38.0
38.0,1.0,1,1,95.61752,83,Replayed,38.0
5.0,-1.0,1,1,56.05191,83,Replayed,5.0
-1.0,1.0,-1,1,56.11465,83,Replayed,1.0
-9.0,1.0,-1,1,70.87042,83,Replayed,9.0
-9.0,0.0,-1,1,70.439186,83,Replayed,9.0
1.0,-1.0,1,1,47.750732,83,Replayed,1.0
1.0,-1.0,1,1,47.034603,83,Replayed,1.0
-38.0,-1.0,-1,1,96.81704,83,Replayed,38.0
-3.0,0.0,-1,1,59.568764,83,Replayed,3.0
9.0,0.0,1,1,63.41736,83,Replayed,9.0
-1.0,1.0,-1,1,55.914104,83,Replayed,1.0
-3.0,-1.0,-1,1,60.55212,83,Replayed,3.0
38.0,1.0,1,1,94.84307,83,Replayed,38.0
9.0,0.0,1,1,61.64854,84,Replayed,9.0
-38.0,1.0,-1,1,97.12422,84,Replayed,38.0
-5.0,-1.0,-1,1,64.093155,84,Replayed,5.0
-1.0,1.0,1,0,43.201317,84,Replayed,1.0
3.0,1.0,-1,0,49.07459,84,Replayed,3.0
1.0,1.0,-1,0,53.828873,84,Replayed,1.0
5.0,1.0,-1,0,46.05789,84,Replayed,5.0
38.0,0.0,1,1,94.674866,84,Replayed,38.0
-38.0,0.0,-1,1,97.2444,84,Replayed,38.0
38.0,-1.0,1,1,94.55845,84,Replayed,38.0
-9.0,1.0,-1,1,70.29822,84,Replayed,9.0
5.0,1.0,1,1,53.897167,84,Replayed,5.0
1.0,-1.0,-1,0,52.796143,84,Replayed,1.0
1.0,-1.0,1,1,46.93222,84,Replayed,1.0
3.0,-1.0,1,1,49.510643,84,Replayed,3.0
38.0,1.0,1,1,94.8962,84,Replayed,38.0
-9.0,1.0,-1,1,71.32758,84,Replayed,9.0
9.0,1.0,1,1,61.232143,84,Replayed,9.0
-5.0,-1.0,-1,1,64.81016,84,Replayed,5.0
9.0,-1.0,1,1,60.80729,84,Replayed,9.0
38.0,1.0,1,1,94.67778,84,Replayed,38.0
3.0,1.0,-1,0,49.196472,84,Replayed,3.0
-5.0,1.0,-1,1,64.367714,84,Replayed,5.0
-9.0,0.0,-1,1,70.47319,84,Replayed,9.0
3.0,1.0,-1,0,50.16968,84,Replayed,3.0
9.0,0.0,-1,0,39.474174,84,Replayed,9.0
-5.0,1.0,-1,1,63.82958,84,Replayed,5.0
-9.0,0.0,-1,1,69.79595,84,Replayed,9.0
-9.0,1.0,-1,1,70.56595,84,Replayed,9.0
5.0,0.0,1,1,54.03717,84,Replayed,5.0
-5.0,0.0,-1,1,63.841576,84,Replayed,5.0
-3.0,1.0,1,0,38.597645,84,Replayed,3.0
-38.0,0.0,-1,1,97.01503,84,Replayed,38.0
5.0,-1.0,1,1,54.26427,84,Replayed,5.0
-1.0,0.0,-1,1,56.373875,84,Replayed,1.0
-1.0,-1.0,-1,1,57.78126,84,Replayed,1.0
38.0,0.0,1,1,94.586815,84,Replayed,38.0
-38.0,-1.0,-1,1,96.90978,84,Replayed,38.0
38.0,1.0,1,1,94.53781,84,Replayed,38.0
38.0,1.0,1,1,95.04116,84,Replayed,38.0
-1.0,-1.0,-1,1,56.933723,84,Replayed,1.0
-1.0,1.0,-1,1,57.06638,84,Replayed,1.0
-38.0,1.0,-1,1,97.09736,84,Replayed,38.0
38.0,0.0,1,1,94.627106,84,Replayed,38.0
-5.0,0.0,-1,1,63.503857,84,Replayed,5.0
1.0,1.0,-1,0,52.536373,84,Replayed,1.0
38.0,0.0,1,1,94.352745,84,Replayed,38.0
1.0,-1.0,1,1,46.12141,84,Replayed,1.0
-1.0,1.0,-1,1,56.852566,84,Replayed,1.0
-38.0,0.0,-1,1,97.096886,84,Replayed,38.0
3.0,0.0,1,1,50.10714,84,Replayed,3.0
3.0,0.0,-1,0,50.620945,84,Replayed,3.0
-9.0,-1.0,1,0,29.362143,84,Replayed,9.0
5.0,1.0,-1,0,45.442776,84,Replayed,5.0
3.0,1.0,-1,0,50.11688,84,Replayed,3.0
1.0,0.0,-1,0,53.31145,84,Replayed,1.0
1.0,0.0,-1,0,52.32334,84,Replayed,1.0
-3.0,0.0,-1,1,60.19727,84,Replayed,3.0
9.0,1.0,1,1,60.91383,84,Replayed,9.0
-1.0,0.0,-1,1,57.704323,84,Replayed,1.0
-38.0,0.0,-1,1,97.0873,84,Replayed,38.0
9.0,1.0,1,1,60.937428,84,Replayed,9.0
1.0,0.0,-1,0,53.590374,84,Replayed,1.0
5.0,0.0,-1,0,45.576916,84,Replayed,5.0
-9.0,0.0,-1,1,69.66222,84,Replayed,9.0
9.0,-1.0,1,1,60.5502,84,Replayed,9.0
9.0,-1.0,-1,0,39.680637,84,Replayed,9.0
9.0,-1.0,1,1,61.341846,84,Replayed,9.0
-38.0,1.0,-1,1,97.22933,84,Replayed,38.0
-38.0,0.0,-1,1,96.94632,84,Replayed,38.0
-5.0,1.0,1,0,35.653652,84,Replayed,5.0
-3.0,0.0,-1,1,60.347534,84,Replayed,3.0
5.0,-1.0,1,1,53.56809,84,Replayed,5.0
-9.0,1.0,-1,1,69.90178,84,Replayed,9.0
-38.0,0.0,-1,1,97.1642,84,Replayed,38.0
-3.0,1.0,1,0,39.8626,84,Replayed,3.0
-5.0,0.0,1,0,35.665306,84,Replayed,5.0
-5.0,-1.0,-1,1,63.781185,84,Replayed,5.0
-1.0,0.0,1,0,42.92839,84,Replayed,1.0
-5.0,0.0,-1,1,63.60287,84,Replayed,5.0
-5.0,0.0,-1,1,63.895546,84,Replayed,5.0
-5.0,0.0,-1,1,63.938618,84,Replayed,5.0
5.0,1.0,1,1,54.437416,84,Replayed,5.0
3.0,-1.0,1,1,51.406937,84,Replayed,3.0
-3.0,1.0,-1,1,60.194336,84,Replayed,3.0
1.0,0.0,-1,0,52.84806,84,Replayed,1.0
-9.0,0.0,1,0,29.194855,84,Replayed,9.0
-3.0,1.0,-1,1,60.510445,84,Replayed,3.0
9.0,-1.0,1,1,60.822384,84,Replayed,9.0
-1.0,0.0,1,0,42.829506,84,Replayed,1.0
1.0,0.0,-1,0,53.123837,84,Replayed,1.0
-1.0,0.0,-1,1,57.257385,84,Replayed,1.0
9.0,-1.0,-1,0,38.959496,84,Replayed,9.0
5.0,1.0,-1,0,46.6928,84,Replayed,5.0
3.0,1.0,-1,0,50.14536,84,Replayed,3.0
38.0,0.0,1,1,94.74272,84,Replayed,38.0
-38.0,1.0,-1,1,97.092026,84,Replayed,38.0
9.0,0.0,1,1,61.75034,84,Replayed,9.0
5.0,-1.0,-1,0,46.505283,84,Replayed,5.0
-9.0,0.0,1,0,29.661339,84,Replayed,9.0
-38.0,-1.0,-1,1,97.028076,84,Replayed,38.0
5.0,-1.0,1,1,54.095734,84,Replayed,5.0
-9.0,-1.0,-1,1,70.09238,84,Replayed,9.0
-9.0,0.0,-1,1,70.28848,84,Replayed,9.0
-38.0,-1.0,-1,1,96.87638,84,Replayed,38.0
3.0,-1.0,1,1,49.74233,84,Replayed,3.0
38.0,0.0,1,1,94.47887,84,Replayed,38.0
1.0,1.0,1,1,45.574802,84,Replayed,1.0
3.0,1.0,1,1,50.683258,84,Replayed,3.0
38.0,0.0,1,1,94.59315,84,Replayed,38.0
-1.0,1.0,-1,1,57.787014,84,Replayed,1.0
-5.0,0.0,-1,1,64.46317,84,Replayed,5.0
38.0,-1.0,1,1,94.55656,84,Replayed,38.0
-38.0,-1.0,-1,1,96.84,84,Replayed,38.0
9.0,1.0,1,1,61.784683,84,Replayed,9.0
-3.0,-1.0,-1,1,60.32792,84,Replayed,3.0
3.0,1.0,-1,0,48.81736,84,Replayed,3.0
-1.0,-1.0,-1,1,57.75861,84,Replayed,1.0
-1.0,1.0,-1,1,56.535973,84,Replayed,1.0
-3.0,0.0,-1,1,61.24252,84,Replayed,3.0
-9.0,0.0,-1,1,70.37398,84,Replayed,9.0
-9.0,0.0,-1,1,70.09183,84,Replayed,9.0
-5.0,1.0,-1,1,63.832767,84,Replayed,5.0
5.0,1.0,1,1,53.384506,84,Replayed,5.0
-1.0,1.0,-1,1,56.999767,84,Replayed,1.0
-3.0,-1.0,1,0,39.29959,84,Replayed,3.0
3.0,1.0,1,1,50.375336,84,Replayed,3.0
-5.0,-1.0,1,0,35.410416,84,Replayed,5.0
-9.0,1.0,-1,1,69.97058,84,Replayed,9.0
38.0,1.0,1,1,94.88694,84,Replayed,38.0
-1.0,1.0,-1,1,57.28231,84,Replayed,1.0
3.0,0.0,1,1,50.674583,84,Replayed,3.0
5.0,0.0,-1,0,45.737915,84,Replayed,5.0
3.0,0.0,1,1,51.051098,84,Replayed,3.0
-3.0,0.0,1,0,39.638103,84,Replayed,3.0
-1.0,0.0,-1,1,57.00196,84,Replayed,1.0
9.0,1.0,-1,0,38.757412,84,Replayed,9.0
9.0,-1.0,1,1,61.323635,84,Replayed,9.0
-9.0,1.0,1,0,29.596373,84,Replayed,9.0
3.0,-1.0,1,1,50.724857,84,Replayed,3.0
-3.0,-1.0,-1,1,59.96308,84,Replayed,3.0
-9.0,1.0,-1,1,70.518486,84,Replayed,9.0
1.0,1.0,1,1,46.90055,84,Replayed,1.0
9.0,0.0,1,1,61.775814,84,Replayed,9.0
38.0,-1.0,1,1,94.792786,84,Replayed,38.0
-5.0,-1.0,-1,1,63.705982,84,Replayed,5.0
1.0,-1.0,-1,0,53.82379,84,Replayed,1.0
-38.0,1.0,-1,1,97.21903,84,Replayed,38.0
-9.0,-1.0,-1,1,70.01743,84,Replayed,9.0
1.0,1.0,1,1,46.52847,84,Replayed,1.0
38.0,1.0,1,1,95.08733,84,Replayed,38.0
-38.0,1.0,-1,1,97.07669,84,Replayed,38.0
5.0,-1.0,-1,0,45.85455,84,Replayed,5.0
5.0,-1.0,-1,0,46.074615,84,Replayed,5.0
9.0,1.0,1,1,61.943264,84,Replayed,9.0
-9.0,-1.0,-1,1,70.15695,84,Replayed,9.0
1.0,1.0,-1,0,53.166927,84,Replayed,1.0
-38.0,-1.0,-1,1,96.83782,84,Replayed,38.0
-3.0,-1.0,-1,1,60.83113,84,Replayed,3.0
5.0,0.0,1,1,53.670853,84,Replayed,5.0
-5.0,-1.0,-1,1,63.72796,84,Replayed,5.0
9.0,-1.0,-1,0,39.190296,84,Replayed,9.0
-5.0,1.0,-1,1,64.75002,84,Replayed,5.0
-3.0,1.0,-1,1,61.810238,84,Replayed,3.0
-1.0,-1.0,1,0,42.77453,84,Replayed,1.0
1.0,0.0,-1,0,52.972435,84,Replayed,1.0
9.0,0.0,-1,0,38.8956,84,Replayed,9.0
1.0,1.0,1,1,47.202427,84,Replayed,1.0
9.0,0.0,1,1,61.690624,84,Replayed,9.0
-3.0,0.0,1,0,39.402504,84,Replayed,3.0
3.0,-1.0,-1,0,49.426857,84,Replayed,3.0
-38.0,-1.0,-1,1,96.91943,84,Replayed,38.0
38.0,-1.0,1,1,94.504555,84,Replayed,38.0
9.0,0.0,1,1,60.956337,84,Replayed,9.0
-9.0,-1.0,1,0,30.034294,84,Replayed,9.0
-5.0,1.0,-1,1,64.12993,84,Replayed,5.0
-1.0,-1.0,-1,1,57.227455,84,Replayed,1.0
5.0,-1.0,-1,0,45.310345,84,Replayed,5.0
1.0,1.0,1,1,47.10066,84,Replayed,1.0
-3.0,-1.0,1,0,39.471264,84,Replayed,3.0
38.0,-1.0,1,1,94.68266,84,Replayed,38.0
3.0,0.0,-1,0,49.051624,84,Replayed,3.0
-5.0,-1.0,-1,1,63.851704,84,Replayed,5.0
5.0,1.0,-1,0,45.82716,84,Replayed,5.0
38.0,1.0,1,1,94.6674,84,Replayed,38.0
1.0,0.0,-1,0,52.48523,84,Replayed,1.0
-3.0,0.0,1,0,39.430256,84,Replayed,3.0
-9.0,1.0,-1,1,70.55304,84,Replayed,9.0
38.0,1.0,1,1,94.76946,84,Replayed,38.0
1.0,-1.0,1,1,46.67061,84,Replayed,1.0
3.0,0.0,1,1,50.153286,84,Replayed,3.0
-5.0,1.0,-1,1,63.935024,84,Replayed,5.0
-9.0,-1.0,1,0,29.476435,84,Replayed,9.0
3.0,0.0,-1,0,49.939804,84,Replayed,3.0
-1.0,1.0,-1,1,56.943905,84,Replayed,1.0
1.0,0.0,1,1,46.11982,84,Replayed,1.0
-1.0,-1.0,1,0,42.324932,84,Replayed,1.0
-38.0,0.0,-1,1,97.16706,84,Replayed,38.0
-3.0,0.0,-1,1,59.87393,84,Replayed,3.0
9.0,1.0,1,1,61.499413,84,Replayed,9.0
5.0,0.0,1,1,54.141903,84,Replayed,5.0
-1.0,0.0,-1,1,57.324463,84,Replayed,1.0
5.0,1.0,1,1,54.17654,84,Replayed,5.0
-1.0,-1.0,-1,1,56.84363,84,Replayed,1.0
5.0,0.0,1,1,53.71203,84,Replayed,5.0
-5.0,0.0,-1,1,64.29614,84,Replayed,5.0
-1.0,-1.0,-1,1,57.41123,84,Replayed,1.0
-3.0,-1.0,-1,1,61.02707,84,Replayed,3.0
-5.0,-1.0,-1,1,63.48086,84,Replayed,5.0
-5.0,1.0,-1,1,64.3391,84,Replayed,5.0
-9.0,-1.0,-1,1,70.17458,84,Replayed,9.0
-38.0,-1.0,-1,1,96.97526,84,Replayed,38.0
-38.0,0.0,-1,1,96.98736,84,Replayed,38.0
-3.0,1.0,-1,1,60.872604,84,Replayed,3.0
5.0,0.0,1,1,54.702705,84,Replayed,5.0
-3.0,-1.0,-1,1,60.21577,84,Replayed,3.0
-38.0,1.0,-1,1,97.227684,84,Replayed,38.0
5.0,0.0,1,1,55.152657,84,Replayed,5.0
-38.0,1.0,-1,1,97.21433,84,Replayed,38.0
38.0,-1.0,1,1,94.394005,84,Replayed,38.0
1.0,-1.0,-1,0,52.553524,84,Replayed,1.0
3.0,-1.0,-1,0,49.713455,84,Replayed,3.0
3.0,-1.0,1,1,50.376915,84,Replayed,3.0
38.0,-1.0,1,1,94.519775,84,Replayed,38.0
-3.0,1.0,-1,1,60.47891,84,Replayed,3.0
-3.0,0.0,-1,1,59.83022,84,Replayed,3.0
38.0,0.0,1,1,94.195465,84,Replayed,38.0
5.0,-1.0,-1,0,46.037678,84,Replayed,5.0
38.0,-1.0,1,1,94.53078,84,Replayed,38.0
-38.0,-1.0,-1,1,97.05,84,Replayed,38.0
-3.0,-1.0,-1,1,59.441036,84,Replayed,3.0
9.0,0.0,-1,0,37.50835,84,Replayed,9.0
1.0,-1.0,-1,0,53.029015,84,Replayed,1.0
9.0,1.0,1,1,60.96417,84,Replayed,9.0
-9.0,-1.0,-1,1,69.681564,84,Replayed,9.0
1.0,-1.0,1,1,47.220276,84,Replayed,1.0
-1.0,0.0,-1,1,57.989235,84,Replayed,1.0
3.0,0.0,1,1,50.45141,84,Replayed,3.0
3.0,-1.0,1,1,49.51906,84,Replayed,3.0
-3.0,1.0,-1,1,61.160965,84,Replayed,3.0
5.0,-1.0,1,1,56.250877,85,Replayed,5.0
38.0,0.0,1,1,88.2791,85,Replayed,38.0
-1.0,1.0,1,0,48.08298,85,Replayed,1.0
-3.0,0.0,1,0,46.59671,85,Replayed,3.0
-9.0,1.0,-1,1,61.921967,85,Replayed,9.0
-5.0,1.0,1,0,43.230694,85,Replayed,5.0
-3.0,-1.0,1,0,46.393127,85,Replayed,3.0
-5.0,0.0,-1,1,56.194324,85,Replayed,5.0
-9.0,1.0,1,0,38.080795,85,Replayed,9.0
-38.0,1.0,-1,1,88.63173,85,Replayed,38.0
38.0,-1.0,1,1,87.745445,85,Replayed,38.0
38.0,0.0,1,1,87.80527,85,Replayed,38.0
-38.0,0.0,-1,1,87.9444,85,Replayed,38.0
-38.0,1.0,-1,1,88.42636,85,Replayed,38.0
3.0,1.0,-1,0,46.161987,85,Replayed,3.0
3.0,1.0,1,1,54.15072,85,Replayed,3.0
38.0,-1.0,1,1,87.95007,85,Replayed,38.0
9.0,-1.0,-1,0,39.053104,85,Replayed,9.0
9.0,1.0,-1,0,38.7124,85,Replayed,9.0
-5.0,0.0,-1,1,56.0225,85,Replayed,5.0
5.0,-1.0,1,1,55.572872,85,Replayed,5.0
38.0,0.0,1,1,88.24663,85,Replayed,38.0
-5.0,1.0,1,0,43.456554,85,Replayed,5.0
38.0,-1.0,1,1,87.93165,85,Replayed,38.0
-38.0,0.0,-1,1,88.291374,85,Replayed,38.0
5.0,0.0,-1,0,43.607666,85,Replayed,5.0
5.0,1.0,-1,0,44.143764,85,Replayed,5.0
1.0,1.0,-1,0,49.161346,85,Replayed,1.0
-3.0,-1.0,-1,1,53.462452,85,Replayed,3.0
-3.0,1.0,-1,1,54.183517,85,Replayed,3.0
-1.0,1.0,-1,1,51.895584,85,Replayed,1.0
5.0,1.0,-1,0,43.903797,85,Replayed,5.0
-38.0,0.0,-1,1,88.03459,85,Replayed,38.0
-5.0,1.0,-1,1,56.38611,85,Replayed,5.0
-5.0,-1.0,-1,1,57.00249,85,Replayed,5.0
1.0,-1.0,-1,0,48.56634,85,Replayed,1.0
3.0,1.0,1,1,53.91779,85,Replayed,3.0
-1.0,1.0,1,0,48.82487,85,Replayed,1.0
38.0,0.0,1,1,88.07181,85,Replayed,38.0
3.0,0.0,-1,0,45.741116,85,Replayed,3.0
-3.0,0.0,-1,1,54.2031,85,Replayed,3.0
-9.0,-1.0,1,0,38.903625,85,Replayed,9.0
-5.0,-1.0,-1,1,56.728344,85,Replayed,5.0
-1.0,-1.0,-1,1,51.862526,85,Replayed,1.0
-9.0,1.0,-1,1,61.72822,85,Replayed,9.0
9.0,0.0,-1,0,39.17102,85,Replayed,9.0
-9.0,-1.0,1,0,37.87736,85,Replayed,9.0
-9.0,0.0,1,0,38.54878,85,Replayed,9.0
-9.0,0.0,1,0,38.302223,85,Replayed,9.0
1.0,0.0,1,1,50.986458,85,Replayed,1.0
9.0,0.0,-1,0,38.866096,85,Replayed,9.0
-38.0,-1.0,-1,1,88.03519,85,Replayed,38.0
-5.0,-1.0,-1,1,57.38756,85,Replayed,5.0
1.0,1.0,-1,0,49.29532,85,Replayed,1.0
1.0,0.0,-1,0,49.667847,85,Replayed,1.0
9.0,1.0,1,1,60.572605,85,Replayed,9.0
1.0,0.0,-1,0,48.82308,85,Replayed,1.0
9.0,0.0,1,1,61.145485,85,Replayed,9.0
-1.0,-1.0,-1,1,51.319386,85,Replayed,1.0
-9.0,-1.0,-1,1,61.294113,85,Replayed,9.0
-9.0,0.0,-1,1,61.488247,85,Replayed,9.0
5.0,0.0,-1,0,43.596924,85,Replayed,5.0
-38.0,-1.0,-1,1,88.12541,85,Replayed,38.0
5.0,0.0,1,1,56.454933,85,Replayed,5.0
9.0,0.0,1,1,60.78108,85,Replayed,9.0
-38.0,1.0,-1,1,88.218666,85,Replayed,38.0
-5.0,-1.0,-1,1,56.860435,85,Replayed,5.0
3.0,-1.0,1,1,52.291687,85,Replayed,3.0
1.0,1.0,1,1,51.201153,85,Replayed,1.0
-38.0,0.0,-1,1,88.391624,85,Replayed,38.0
38.0,1.0,1,1,88.16676,85,Replayed,38.0
38.0,-1.0,1,1,87.75186,85,Replayed,38.0
-38.0,-1.0,-1,1,87.96327,85,Replayed,38.0
3.0,-1.0,1,1,53.401123,85,Replayed,3.0
38.0,1.0,1,1,88.05586,85,Replayed,38.0
3.0,-1.0,1,1,53.55979,85,Replayed,3.0
38.0,1.0,1,1,88.01072,85,Replayed,38.0
3.0,1.0,1,1,54.06221,85,Replayed,3.0
-9.0,0.0,1,0,37.71096,85,Replayed,9.0
-3.0,0.0,-1,1,54.65269,85,Replayed,3.0
1.0,1.0,-1,0,48.26283,85,Replayed,1.0
-3.0,1.0,-1,1,53.72212,85,Replayed,3.0
1.0,0.0,1,1,50.30359,85,Replayed,1.0
9.0,-1.0,1,1,61.056538,85,Replayed,9.0
-38.0,0.0,-1,1,88.8431,85,Replayed,38.0
-38.0,1.0,-1,1,88.620094,85,Replayed,38.0
38.0,1.0,1,1,88.14803,85,Replayed,38.0
-3.0,1.0,-1,1,54.482494,85,Replayed,3.0
5.0,-1.0,1,1,55.762177,85,Replayed,5.0
-38.0,1.0,-1,1,88.53512,85,Replayed,38.0
9.0,-1.0,1,1,61.41535,85,Replayed,9.0
9.0,1.0,1,1,60.28385,85,Replayed,9.0
-3.0,0.0,1,0,45.900818,85,Replayed,3.0
-3.0,1.0,-1,1,54.65233,85,Replayed,3.0
-38.0,1.0,-1,1,88.51669,85,Replayed,38.0
-5.0,0.0,-1,1,56.374367,85,Replayed,5.0
5.0,1.0,1,1,55.11887,85,Replayed,5.0
-1.0,1.0,-1,1,51.206715,85,Replayed,1.0
38.0,1.0,1,1,87.7638,85,Replayed,38.0
9.0,0.0,-1,0,39.00693,85,Replayed,9.0
-1.0,1.0,1,0,48.732426,85,Replayed,1.0
-5.0,1.0,-1,1,56.937035,85,Replayed,5.0
5.0,0.0,-1,0,43.759632,85,Replayed,5.0
-1.0,0.0,-1,1,51.64649,85,Replayed,1.0
-1.0,0.0,-1,1,51.71142,85,Replayed,1.0
9.0,0.0,-1,0,38.6234,85,Replayed,9.0
-5.0,1.0,-1,1,57.176353,85,Replayed,5.0
9.0,0.0,-1,0,38.747784,85,Replayed,9.0
-9.0,1.0,-1,1,61.66084,85,Replayed,9.0
-3.0,1.0,1,0,46.09153,85,Replayed,3.0
5.0,-1.0,1,1,56.529236,85,Replayed,5.0
1.0,-1.0,1,1,50.91198,85,Replayed,1.0
-9.0,-1.0,-1,1,62.10432,85,Replayed,9.0
9.0,-1.0,1,1,60.586548,85,Replayed,9.0
-3.0,-1.0,1,0,46.489285,85,Replayed,3.0
5.0,1.0,-1,0,43.999043,85,Replayed,5.0
-1.0,-1.0,-1,1,50.634407,85,Replayed,1.0
38.0,-1.0,1,1,87.85828,85,Replayed,38.0
1.0,0.0,-1,0,48.24693,85,Replayed,1.0
38.0,1.0,1,1,88.219055,85,Replayed,38.0
3.0,-1.0,1,1,53.644054,85,Replayed,3.0
-1.0,-1.0,1,0,48.29169,85,Replayed,1.0
-3.0,0.0,1,0,45.69971,85,Replayed,3.0
38.0,1.0,1,1,87.57505,85,Replayed,38.0
5.0,-1.0,1,1,55.525284,85,Replayed,5.0
3.0,1.0,1,1,54.022644,85,Replayed,3.0
-1.0,-1.0,1,0,48.613403,85,Replayed,1.0
9.0,-1.0,-1,0,39.34195,85,Replayed,9.0
5.0,0.0,1,1,55.521847,85,Replayed,5.0
38.0,0.0,1,1,88.093346,85,Replayed,38.0
-1.0,0.0,1,0,49.348736,85,Replayed,1.0
-38.0,1.0,-1,1,88.41998,85,Replayed,38.0
3.0,1.0,1,1,53.72291,85,Replayed,3.0
-9.0,0.0,-1,1,61.59442,85,Replayed,9.0
3.0,0.0,1,1,53.23287,85,Replayed,3.0
1.0,-1.0,-1,0,48.635883,85,Replayed,1.0
-3.0,-1.0,1,0,45.22159,85,Replayed,3.0
-38.0,-1.0,-1,1,88.77053,85,Replayed,38.0
9.0,1.0,-1,0,38.22626,85,Replayed,9.0
3.0,0.0,1,1,53.26143,85,Replayed,3.0
9.0,1.0,1,1,61.27854,85,Replayed,9.0
38.0,-1.0,1,1,87.76566,85,Replayed,38.0
-5.0,0.0,-1,1,56.71354,85,Replayed,5.0
5.0,1.0,-1,0,44.400734,85,Replayed,5.0
-5.0,1.0,-1,1,56.69192,85,Replayed,5.0
-38.0,0.0,-1,1,88.73576,85,Replayed,38.0
38.0,0.0,1,1,88.305756,85,Replayed,38.0
1.0,0.0,-1,0,48.667164,85,Replayed,1.0
-38.0,-1.0,-1,1,87.93382,85,Replayed,38.0
-5.0,-1.0,1,0,43.627632,85,Replayed,5.0
1.0,1.0,-1,0,49.099632,85,Replayed,1.0
3.0,1.0,-1,0,45.379322,85,Replayed,3.0
-3.0,1.0,-1,1,54.62372,85,Replayed,3.0
-5.0,1.0,1,0,43.364662,85,Replayed,5.0
1.0,-1.0,1,1,51.346188,85,Replayed,1.0
5.0,-1.0,1,1,56.165855,85,Replayed,5.0
-9.0,1.0,1,0,38.198048,85,Replayed,9.0
1.0,0.0,-1,0,49.6496,85,Replayed,1.0
9.0,0.0,-1,0,38.5601,85,Replayed,9.0
38.0,0.0,1,1,87.76611,85,Replayed,38.0
1.0,1.0,1,1,51.14501,85,Replayed,1.0
3.0,-1.0,-1,0,46.002903,85,Replayed,3.0
-9.0,-1.0,-1,1,61.762573,85,Replayed,9.0
-1.0,0.0,1,0,47.386723,85,Replayed,1.0
-9.0,-1.0,1,0,38.361454,85,Replayed,9.0
-3.0,-1.0,-1,1,54.123753,85,Replayed,3.0
3.0,0.0,-1,0,47.235626,85,Replayed,3.0
3.0,-1.0,1,1,53.16818,85,Replayed,3.0
3.0,0.0,-1,0,46.30965,85,Replayed,3.0
5.0,-1.0,1,1,55.59148,85,Replayed,5.0
3.0,-1.0,1,1,53.61074,85,Replayed,3.0
5.0,-1.0,1,1,55.941284,85,Replayed,5.0
-5.0,-1.0,-1,1,56.499165,85,Replayed,5.0
-3.0,0.0,1,0,45.359783,85,Replayed,3.0
-1.0,0.0,1,0,48.536034,85,Replayed,1.0
-1.0,1.0,-1,1,52.379173,85,Replayed,1.0
-3.0,0.0,-1,1,54.413445,85,Replayed,3.0
-3.0,1.0,1,0,46.403748,85,Replayed,3.0
-3.0,-1.0,1,0,44.8057,85,Replayed,3.0
-1.0,-1.0,-1,1,51.240356,85,Replayed,1.0
-38.0,0.0,-1,1,88.58339,85,Replayed,38.0
5.0,0.0,1,1,55.512047,85,Replayed,5.0
-9.0,-1.0,-1,1,61.144005,85,Replayed,9.0
38.0,-1.0,1,1,87.53537,85,Replayed,38.0
1.0,-1.0,1,1,50.91411,85,Replayed,1.0
-9.0,0.0,-1,1,61.33083,85,Replayed,9.0
9.0,1.0,-1,0,39.595394,85,Replayed,9.0
38.0,-1.0,1,1,88.21584,85,Replayed,38.0
-38.0,0.0,-1,1,88.83623,85,Replayed,38.0
-9.0,-1.0,-1,1,61.54105,85,Replayed,9.0
-5.0,-1.0,-1,1,57.023037,85,Replayed,5.0
-5.0,1.0,1,0,43.101425,85,Replayed,5.0
-1.0,0.0,1,0,48.538143,85,Replayed,1.0
-9.0,0.0,-1,1,61.566933,85,Replayed,9.0
9.0,-1.0,1,1,60.021027,85,Replayed,9.0
-3.0,0.0,-1,1,54.44869,85,Replayed,3.0
9.0,1.0,-1,0,39.18396,85,Replayed,9.0
38.0,0.0,1,1,87.77919,85,Replayed,38.0
9.0,-1.0,1,1,61.44771,85,Replayed,9.0
3.0,0.0,-1,0,45.901005,85,Replayed,3.0
-9.0,1.0,1,0,37.967724,85,Replayed,9.0
-3.0,1.0,-1,1,53.93076,85,Replayed,3.0
-5.0,0.0,1,0,43.22921,85,Replayed,5.0
-1.0,0.0,-1,1,51.603924,85,Replayed,1.0
38.0,1.0,1,1,87.97749,85,Replayed,38.0
9.0,1.0,1,1,62.040676,85,Replayed,9.0
-38.0,1.0,-1,1,88.258385,85,Replayed,38.0
-5.0,0.0,-1,1,57.289867,85,Replayed,5.0
3.0,1.0,1,1,53.1277,85,Replayed,3.0
1.0,-1.0,1,1,52.489822,85,Replayed,1.0
-9.0,0.0,1,0,38.457764,85,Replayed,9.0
9.0,-1.0,1,1,61.23581,85,Replayed,9.0
-38.0,-1.0,-1,1,87.75681,85,Replayed,38.0
1.0,1.0,1,1,50.835903,85,Replayed,1.0
3.0,0.0,-1,0,46.78749,85,Replayed,3.0
-3.0,-1.0,1,0,45.77349,85,Replayed,3.0
3.0,-1.0,1,1,53.350163,85,Replayed,3.0
1.0,-1.0,-1,0,48.25682,85,Replayed,1.0
-5.0,0.0,1,0,42.233818,85,Replayed,5.0
1.0,-1.0,1,1,50.859146,85,Replayed,1.0
-5.0,-1.0,-1,1,57.416874,85,Replayed,5.0
-1.0,0.0,1,0,48.945827,85,Replayed,1.0
-38.0,-1.0,-1,1,88.15614,85,Replayed,38.0
3.0,0.0,-1,0,46.40908,85,Replayed,3.0
5.0,1.0,1,1,56.395657,85,Replayed,5.0
1.0,1.0,1,1,50.167118,85,Replayed,1.0
-3.0,-1.0,-1,1,54.311092,85,Replayed,3.0
-9.0,1.0,-1,1,60.873413,85,Replayed,9.0
-1.0,-1.0,-1,1,51.056046,85,Replayed,1.0
5.0,1.0,1,1,55.68767,85,Replayed,5.0
-5.0,0.0,-1,1,56.017624,85,Replayed,5.0
-9.0,1.0,-1,1,61.583828,85,Replayed,9.0
-1.0,-1.0,1,0,48.546875,85,Replayed,1.0
5.0,1.0,-1,0,44.32238,85,Replayed,5.0
-1.0,1.0,-1,1,51.66218,85,Replayed,1.0
5.0,0.0,1,1,56.521797,85,Replayed,5.0
-38.0,-1.0,-1,1,88.266045,85,Replayed,38.0
5.0,0.0,1,1,56.22001,85,Replayed,5.0
1.0,0.0,-1,0,50.166595,85,Replayed,1.0
-1.0,1.0,1,0,47.688667,85,Replayed,1.0
3.0,1.0,1,1,52.812813,86,Replayed,3.0
5.0,-1.0,1,1,53.632362,86,Replayed,5.0
-5.0,0.0,1,0,47.007404,86,Replayed,5.0
1.0,1.0,1,1,50.540108,86,Replayed,1.0
-5.0,-1.0,1,0,46.40995,86,Replayed,5.0
-1.0,1.0,1,0,49.161484,86,Replayed,1.0
-9.0,0.0,-1,1,55.431236,86,Replayed,9.0
38.0,0.0,1,1,87.61347,86,Replayed,38.0
-9.0,1.0,-1,1,56.276745,86,Replayed,9.0
38.0,-1.0,1,1,87.10922,86,Replayed,38.0
9.0,-1.0,1,1,54.55745,86,Replayed,9.0
-3.0,0.0,1,0,47.672325,86,Replayed,3.0
-9.0,0.0,1,0,43.477337,86,Replayed,9.0
1.0,-1.0,1,1,50.74611,86,Replayed,1.0
-9.0,1.0,-1,1,56.746227,86,Replayed,9.0
-9.0,1.0,1,0,43.73073,86,Replayed,9.0
-5.0,-1.0,1,0,46.74989,86,Replayed,5.0
3.0,0.0,1,1,51.935093,86,Replayed,3.0
9.0,-1.0,1,1,54.714012,86,Replayed,9.0
-3.0,0.0,-1,1,51.642563,86,Replayed,3.0
-5.0,0.0,-1,1,52.95783,86,Replayed,5.0
-3.0,0.0,-1,1,51.994835,86,Replayed,3.0
-38.0,0.0,-1,1,87.530914,86,Replayed,38.0
-3.0,0.0,-1,1,52.696568,86,Replayed,3.0
-5.0,1.0,-1,1,53.04137,86,Replayed,5.0
5.0,-1.0,1,1,53.136124,86,Replayed,5.0
-5.0,0.0,-1,1,53.015167,86,Replayed,5.0
38.0,1.0,1,1,87.77622,86,Replayed,38.0
5.0,-1.0,1,1,52.529057,86,Replayed,5.0
5.0,1.0,1,1,53.32776,86,Replayed,5.0
5.0,1.0,-1,0,47.351635,86,Replayed,5.0
9.0,-1.0,1,1,54.994755,86,Replayed,9.0
3.0,-1.0,-1,0,47.300255,86,Replayed,3.0
-5.0,0.0,-1,1,52.759987,86,Replayed,5.0
9.0,1.0,1,1,55.82767,86,Replayed,9.0
5.0,0.0,1,1,53.574665,86,Replayed,5.0
-1.0,-1.0,1,0,49.021744,86,Replayed,1.0
-3.0,-1.0,-1,1,53.114475,86,Replayed,3.0
3.0,-1.0,1,1,51.326527,86,Replayed,3.0
38.0,1.0,1,1,87.69801,86,Replayed,38.0
3.0,1.0,1,1,51.86128,86,Replayed,3.0
5.0,0.0,1,1,52.865852,86,Replayed,5.0
3.0,0.0,1,1,52.506435,86,Replayed,3.0
-38.0,-1.0,-1,1,87.41154,86,Replayed,38.0
38.0,-1.0,1,1,86.966774,86,Replayed,38.0
-38.0,0.0,-1,1,88.34131,86,Replayed,38.0
-5.0,-1.0,-1,1,52.57317,86,Replayed,5.0
-38.0,-1.0,-1,1,86.939026,86,Replayed,38.0
-1.0,0.0,-1,1,50.783085,86,Replayed,1.0
3.0,1.0,-1,0,47.910015,86,Replayed,3.0
5.0,0.0,1,1,51.90327,86,Replayed,5.0
-1.0,-1.0,1,0,49.697147,86,Replayed,1.0
9.0,-1.0,1,1,54.830776,86,Replayed,9.0
-3.0,1.0,1,0,48.235474,86,Replayed,3.0
1.0,0.0,1,1,51.28214,86,Replayed,1.0
-1.0,0.0,1,0,49.862965,86,Replayed,1.0
38.0,-1.0,1,1,85.70566,86,Replayed,38.0
-3.0,1.0,1,0,47.186028,86,Replayed,3.0
-5.0,1.0,-1,1,53.72558,86,Replayed,5.0
3.0,1.0,-1,0,47.388,86,Replayed,3.0
9.0,1.0,1,1,55.145424,86,Replayed,9.0
-1.0,0.0,-1,1,51.243313,86,Replayed,1.0
1.0,1.0,-1,0,48.824764,86,Replayed,1.0
38.0,0.0,1,1,87.33353,86,Replayed,38.0
-5.0,1.0,-1,1,53.15002,86,Replayed,5.0
1.0,1.0,-1,0,49.553787,86,Replayed,1.0
-3.0,0.0,1,0,48.089146,86,Replayed,3.0
-5.0,-1.0,-1,1,53.27155,86,Replayed,5.0
-5.0,0.0,-1,1,53.57954,86,Replayed,5.0
9.0,1.0,1,1,56.277424,86,Replayed,9.0
3.0,0.0,1,1,51.994343,86,Replayed,3.0
1.0,1.0,1,1,50.191383,86,Replayed,1.0
-38.0,1.0,-1,1,87.86851,86,Replayed,38.0
38.0,-1.0,1,1,87.32691,86,Replayed,38.0
-5.0,1.0,-1,1,53.621925,86,Replayed,5.0
-1.0,1.0,1,0,48.68094,86,Replayed,1.0
-9.0,-1.0,-1,1,55.1822,86,Replayed,9.0
-3.0,1.0,1,0,48.039333,86,Replayed,3.0
-38.0,1.0,-1,1,87.82432,86,Replayed,38.0
-9.0,0.0,-1,1,55.977684,86,Replayed,9.0
9.0,-1.0,-1,0,45.25239,86,Replayed,9.0
5.0,0.0,1,1,53.500134,86,Replayed,5.0
-1.0,-1.0,1,0,49.754135,86,Replayed,1.0
-38.0,0.0,-1,1,87.64596,86,Replayed,38.0
5.0,1.0,-1,0,46.04782,86,Replayed,5.0
9.0,1.0,-1,0,44.679737,86,Replayed,9.0
9.0,0.0,1,1,55.36679,86,Replayed,9.0
38.0,1.0,1,1,88.389084,86,Replayed,38.0
-5.0,-1.0,-1,1,53.625572,86,Replayed,5.0
9.0,1.0,1,1,55.73302,86,Replayed,9.0
-5.0,0.0,-1,1,52.498184,86,Replayed,5.0
5.0,0.0,1,1,53.629654,86,Replayed,5.0
-9.0,1.0,-1,1,56.185184,86,Replayed,9.0
-3.0,1.0,-1,1,51.961243,86,Replayed,3.0
5.0,-1.0,-1,0,46.83061,86,Replayed,5.0
-1.0,1.0,-1,1,50.57057,86,Replayed,1.0
9.0,0.0,1,1,55.183117,86,Replayed,9.0
-38.0,1.0,-1,1,88.24205,86,Replayed,38.0
-9.0,-1.0,-1,1,55.135365,86,Replayed,9.0
5.0,-1.0,-1,0,47.229027,86,Replayed,5.0
-5.0,1.0,-1,1,52.974556,86,Replayed,5.0
-3.0,1.0,1,0,47.85058,86,Replayed,3.0
-1.0,-1.0,-1,1,50.737305,86,Replayed,1.0
-9.0,1.0,-1,1,56.34366,86,Replayed,9.0
-38.0,0.0,-1,1,87.74426,86,Replayed,38.0
38.0,1.0,1,1,88.09463,86,Replayed,38.0
-1.0,0.0,-1,1,50.83976,86,Replayed,1.0
-1.0,1.0,-1,1,50.01346,86,Replayed,1.0
9.0,0.0,1,1,55.577194,86,Replayed,9.0
3.0,-1.0,-1,0,48.02661,86,Replayed,3.0
1.0,0.0,1,1,50.79304,86,Replayed,1.0
-9.0,0.0,-1,1,55.867622,86,Replayed,9.0
-5.0,-1.0,-1,1,53.842144,86,Replayed,5.0
3.0,1.0,-1,0,47.333595,86,Replayed,3.0
1.0,-1.0,1,1,50.396763,86,Replayed,1.0
-9.0,0.0,-1,1,56.02097,86,Replayed,9.0
1.0,1.0,-1,0,49.857376,86,Replayed,1.0
-3.0,1.0,-1,1,52.48779,86,Replayed,3.0
3.0,-1.0,1,1,52.241856,86,Replayed,3.0
-3.0,0.0,1,0,48.52764,86,Replayed,3.0
-38.0,0.0,-1,1,87.309326,86,Replayed,38.0
9.0,0.0,1,1,56.43213,86,Replayed,9.0
3.0,1.0,-1,0,48.593727,86,Replayed,3.0
1.0,1.0,1,1,51.0683,86,Replayed,1.0
-38.0,-1.0,-1,1,87.084625,86,Replayed,38.0
3.0,-1.0,-1,0,48.097527,86,Replayed,3.0
-1.0,1.0,-1,1,51.50709,86,Replayed,1.0
9.0,-1.0,1,1,55.86585,86,Replayed,9.0
3.0,1.0,1,1,51.978523,86,Replayed,3.0
-3.0,-1.0,1,0,47.080933,86,Replayed,3.0
-3.0,0.0,1,0,47.115955,86,Replayed,3.0
3.0,-1.0,1,1,51.982655,86,Replayed,3.0
38.0,0.0,1,1,87.990685,86,Replayed,38.0
-3.0,1.0,1,0,48.09808,86,Replayed,3.0
-1.0,0.0,-1,1,51.860844,86,Replayed,1.0
-3.0,0.0,-1,1,52.67269,86,Replayed,3.0
9.0,0.0,1,1,55.618828,86,Replayed,9.0
5.0,0.0,-1,0,46.72559,86,Replayed,5.0
5.0,1.0,1,1,53.54141,86,Replayed,5.0
-3.0,-1.0,1,0,47.506676,86,Replayed,3.0
1.0,-1.0,-1,0,49.068493,86,Replayed,1.0
-3.0,1.0,1,0,47.811733,86,Replayed,3.0
38.0,0.0,1,1,87.26161,86,Replayed,38.0
3.0,0.0,1,1,52.377575,86,Replayed,3.0
38.0,1.0,1,1,87.55063,86,Replayed,38.0
-5.0,0.0,-1,1,53.010975,86,Replayed,5.0
-38.0,1.0,-1,1,88.58419,86,Replayed,38.0
-3.0,-1.0,1,0,47.857616,86,Replayed,3.0
-9.0,-1.0,1,0,44.334698,86,Replayed,9.0
38.0,0.0,1,1,87.60324,86,Replayed,38.0
9.0,0.0,1,1,55.282063,86,Replayed,9.0
3.0,-1.0,-1,0,48.522465,86,Replayed,3.0
-1.0,-1.0,-1,1,50.207855,86,Replayed,1.0
-9.0,0.0,-1,1,55.81877,86,Replayed,9.0
38.0,1.0,1,1,87.75293,86,Replayed,38.0
-1.0,1.0,-1,1,51.434177,86,Replayed,1.0
-1.0,0.0,-1,1,51.65314,86,Replayed,1.0
-1.0,-1.0,1,0,48.115685,86,Replayed,1.0
-3.0,-1.0,-1,1,52.015514,86,Replayed,3.0
5.0,0.0,1,1,53.528458,86,Replayed,5.0
-9.0,1.0,-1,1,55.704247,86,Replayed,9.0
-5.0,1.0,-1,1,53.308636,86,Replayed,5.0
-9.0,-1.0,-1,1,54.856937,86,Replayed,9.0
-9.0,1.0,-1,1,55.921387,86,Replayed,9.0
-1.0,0.0,1,0,48.19781,86,Replayed,1.0
38.0,1.0,1,1,87.99221,86,Replayed,38.0
-38.0,-1.0,1,0,12.684313,86,Replayed,38.0
-38.0,0.0,-1,1,87.895065,86,Replayed,38.0
38.0,0.0,1,1,87.67494,86,Replayed,38.0
-38.0,0.0,-1,1,87.8679,86,Replayed,38.0
-5.0,0.0,-1,1,52.65256,86,Replayed,5.0
-9.0,-1.0,-1,1,55.639572,86,Replayed,9.0
-38.0,1.0,-1,1,88.236595,86,Replayed,38.0
9.0,1.0,1,1,56.23557,86,Replayed,9.0
38.0,-1.0,1,1,86.96782,86,Replayed,38.0
5.0,0.0,-1,0,46.544247,86,Replayed,5.0
-5.0,1.0,-1,1,54.262955,86,Replayed,5.0
-1.0,-1.0,1,0,49.14731,86,Replayed,1.0
-9.0,0.0,-1,1,55.63523,86,Replayed,9.0
38.0,-1.0,1,1,86.535675,86,Replayed,38.0
1.0,1.0,1,1,51.183872,86,Replayed,1.0
1.0,-1.0,1,1,50.98452,86,Replayed,1.0
38.0,-1.0,1,1,86.23773,86,Replayed,38.0
9.0,0.0,1,1,54.952477,86,Replayed,9.0
1.0,0.0,1,1,50.503838,86,Replayed,1.0
1.0,0.0,1,1,50.66877,86,Replayed,1.0
1.0,-1.0,-1,0,49.438484,86,Replayed,1.0
-9.0,-1.0,-1,1,55.13439,86,Replayed,9.0
5.0,1.0,-1,0,47.116833,86,Replayed,5.0
3.0,0.0,1,1,52.6369,86,Replayed,3.0
1.0,0.0,-1,0,49.360832,86,Replayed,1.0
-5.0,1.0,-1,1,54.26338,86,Replayed,5.0
9.0,1.0,1,1,55.554783,86,Replayed,9.0
-9.0,1.0,-1,1,55.72407,86,Replayed,9.0
-38.0,-1.0,-1,1,87.19421,86,Replayed,38.0
-38.0,-1.0,-1,1,87.10809,86,Replayed,38.0
-3.0,-1.0,-1,1,51.913673,86,Replayed,3.0
-38.0,1.0,-1,1,88.11216,86,Replayed,38.0
-38.0,1.0,-1,1,87.77413,86,Replayed,38.0
1.0,0.0,1,1,49.930065,86,Replayed,1.0
3.0,0.0,-1,0,48.19449,86,Replayed,3.0
-5.0,-1.0,-1,1,52.33065,86,Replayed,5.0
5.0,-1.0,1,1,53.261097,86,Replayed,5.0
-1.0,-1.0,-1,1,50.31524,86,Replayed,1.0
5.0,1.0,1,1,52.765686,86,Replayed,5.0
-5.0,-1.0,1,0,46.180992,86,Replayed,5.0
1.0,0.0,1,1,50.325512,86,Replayed,1.0
1.0,1.0,1,1,50.523186,86,Replayed,1.0
1.0,-1.0,-1,0,49.617218,86,Replayed,1.0
-9.0,-1.0,-1,1,55.2326,86,Replayed,9.0
9.0,0.0,1,1,56.04652,86,Replayed,9.0
1.0,0.0,-1,0,49.791985,86,Replayed,1.0
3.0,1.0,1,1,51.43932,86,Replayed,3.0
5.0,1.0,-1,0,46.29585,86,Replayed,5.0
9.0,1.0,1,1,55.414528,86,Replayed,9.0
5.0,-1.0,1,1,52.205235,86,Replayed,5.0
-1.0,0.0,-1,1,51.423878,86,Replayed,1.0
38.0,-1.0,1,1,86.108154,86,Replayed,38.0
3.0,-1.0,-1,0,47.50577,86,Replayed,3.0
-38.0,-1.0,-1,1,87.06753,86,Replayed,38.0
3.0,0.0,-1,0,48.53136,86,Replayed,3.0
38.0,1.0,1,1,87.96012,86,Replayed,38.0
-38.0,-1.0,-1,1,87.03903,86,Replayed,38.0
-3.0,-1.0,-1,1,51.632927,86,Replayed,3.0
-38.0,0.0,-1,1,87.8073,86,Replayed,38.0
5.0,1.0,-1,0,46.89017,86,Replayed,5.0
3.0,0.0,-1,0,47.542744,86,Replayed,3.0
1.0,-1.0,1,1,50.967617,86,Replayed,1.0
-9.0,0.0,-1,1,55.11564,86,Replayed,9.0
-9.0,-1.0,-1,1,54.977905,86,Replayed,9.0
38.0,0.0,1,1,87.063515,86,Replayed,38.0
-3.0,-1.0,1,0,47.46715,86,Replayed,3.0
-1.0,1.0,1,0,48.695526,86,Replayed,1.0
38.0,0.0,1,1,87.33134,86,Replayed,38.0
9.0,-1.0,1,1,54.997738,86,Replayed,9.0
-1.0,1.0,-1,1,50.884403,86,Replayed,1.0
1.0,-1.0,1,1,50.688107,86,Replayed,1.0
9.0,-1.0,-1,0,46.026756,86,Replayed,9.0
5.0,-1.0,1,1,53.09333,86,Replayed,5.0
-38.0,1.0,-1,1,87.59691,86,Replayed,38.0
-5.0,-1.0,1,0,47.189445,87,Replayed,5.0
-3.0,0.0,-1,1,51.031258,87,Replayed,3.0
9.0,-1.0,1,1,54.499184,87,Replayed,9.0
1.0,0.0,-1,0,49.82404,87,Replayed,1.0
-1.0,1.0,-1,1,49.345352,87,Replayed,1.0
38.0,0.0,1,1,65.90573,87,Replayed,38.0
5.0,-1.0,-1,0,47.553738,87,Replayed,5.0
-1.0,1.0,1,0,49.535122,87,Replayed,1.0
-38.0,0.0,-1,1,66.01035,87,Replayed,38.0
1.0,0.0,-1,0,48.98051,87,Replayed,1.0
-1.0,1.0,1,0,49.90597,87,Replayed,1.0
38.0,1.0,1,1,66.333115,87,Replayed,38.0
9.0,1.0,-1,0,45.7401,87,Replayed,9.0
1.0,0.0,1,1,50.07546,87,Replayed,1.0
38.0,-1.0,1,1,66.51667,87,Replayed,38.0
38.0,0.0,1,1,66.1506,87,Replayed,38.0
-38.0,1.0,-1,1,65.604324,87,Replayed,38.0
-3.0,-1.0,-1,1,50.53376,87,Replayed,3.0
-5.0,-1.0,1,0,47.752113,87,Replayed,5.0
3.0,-1.0,-1,0,47.713047,87,Replayed,3.0
3.0,-1.0,-1,0,48.382725,87,Replayed,3.0
5.0,1.0,1,1,52.399075,87,Replayed,5.0
-3.0,0.0,-1,1,50.63445,87,Replayed,3.0
9.0,0.0,-1,0,46.249996,87,Replayed,9.0
-1.0,1.0,-1,1,49.396404,87,Replayed,1.0
-5.0,1.0,-1,1,52.058292,87,Replayed,5.0
1.0,1.0,1,1,49.954224,87,Replayed,1.0
-38.0,-1.0,-1,1,65.536865,87,Replayed,38.0
-3.0,1.0,1,0,49.009727,87,Replayed,3.0
5.0,1.0,-1,0,46.460876,87,Replayed,5.0
-3.0,1.0,1,0,48.23413,87,Replayed,3.0
3.0,1.0,-1,0,48.70157,87,Replayed,3.0
38.0,-1.0,1,1,66.987305,87,Replayed,38.0
9.0,1.0,1,1,53.563404,87,Replayed,9.0
-5.0,0.0,-1,1,51.398,87,Replayed,5.0
-9.0,1.0,1,0,45.849834,87,Replayed,9.0
-5.0,-1.0,1,0,48.8943,87,Replayed,5.0
-3.0,0.0,-1,1,51.036053,87,Replayed,3.0
9.0,-1.0,-1,0,45.842674,87,Replayed,9.0
1.0,1.0,-1,0,48.676853,87,Replayed,1.0
5.0,0.0,-1,0,47.110947,87,Replayed,5.0
5.0,1.0,1,1,52.59554,87,Replayed,5.0
-38.0,-1.0,-1,1,65.927185,87,Replayed,38.0
-3.0,0.0,-1,1,51.184334,87,Replayed,3.0
-9.0,-1.0,-1,1,53.915684,87,Replayed,9.0
-1.0,-1.0,1,0,49.592594,87,Replayed,1.0
5.0,0.0,1,1,52.19462,87,Replayed,5.0
3.0,0.0,1,1,51.5562,87,Replayed,3.0
-38.0,-1.0,-1,1,66.24376,87,Replayed,38.0
-3.0,0.0,-1,1,50.93011,87,Replayed,3.0
-38.0,0.0,1,0,33.601387,87,Replayed,38.0
9.0,1.0,-1,0,45.86446,87,Replayed,9.0
3.0,1.0,-1,0,47.279884,87,Replayed,3.0
-9.0,0.0,1,0,45.89212,87,Replayed,9.0
-9.0,0.0,1,0,46.653206,87,Replayed,9.0
-1.0,-1.0,-1,1,50.183052,87,Replayed,1.0
-9.0,1.0,-1,1,53.437634,87,Replayed,9.0
1.0,0.0,-1,0,49.60898,87,Replayed,1.0
-5.0,0.0,-1,1,52.36296,87,Replayed,5.0
-38.0,-1.0,-1,1,66.232544,87,Replayed,38.0
-3.0,-1.0,1,0,48.568493,87,Replayed,3.0
-9.0,0.0,-1,1,54.14948,87,Replayed,9.0
-1.0,0.0,-1,1,49.878727,87,Replayed,1.0
-38.0,-1.0,1,0,34.203865,87,Replayed,38.0
5.0,-1.0,1,1,52.462013,87,Replayed,5.0
-1.0,1.0,1,0,49.538006,87,Replayed,1.0
3.0,1.0,1,1,51.729477,87,Replayed,3.0
38.0,0.0,1,1,66.71665,87,Replayed,38.0
3.0,1.0,-1,0,49.028976,87,Replayed,3.0
9.0,-1.0,1,1,54.62926,87,Replayed,9.0
-38.0,0.0,-1,1,64.92934,87,Replayed,38.0
3.0,0.0,-1,0,47.936863,87,Replayed,3.0
-38.0,-1.0,1,0,34.371914,87,Replayed,38.0
1.0,1.0,-1,0,49.341045,87,Replayed,1.0
-5.0,0.0,1,0,47.88462,87,Replayed,5.0
-9.0,-1.0,1,0,46.93337,87,Replayed,9.0
3.0,-1.0,1,1,51.024483,87,Replayed,3.0
-3.0,-1.0,-1,1,50.413044,87,Replayed,3.0
-5.0,1.0,1,0,47.476406,87,Replayed,5.0
-3.0,1.0,1,0,48.59223,87,Replayed,3.0
-1.0,0.0,1,0,49.36216,87,Replayed,1.0
-3.0,1.0,1,0,49.63944,87,Replayed,3.0
-5.0,0.0,-1,1,52.731834,87,Replayed,5.0
5.0,-1.0,1,1,52.03123,87,Replayed,5.0
5.0,0.0,1,1,53.033947,87,Replayed,5.0
9.0,1.0,-1,0,46.015167,87,Replayed,9.0
38.0,-1.0,1,1,66.58008,87,Replayed,38.0
-9.0,-1.0,1,0,45.33385,87,Replayed,9.0
9.0,-1.0,1,1,53.563965,87,Replayed,9.0
-3.0,-1.0,1,0,48.987556,87,Replayed,3.0
-1.0,-1.0,1,0,49.32316,87,Replayed,1.0
9.0,0.0,1,1,53.41444,87,Replayed,9.0
-3.0,-1.0,1,0,49.92342,87,Replayed,3.0
-3.0,1.0,-1,1,50.63747,87,Replayed,3.0
-5.0,-1.0,-1,1,52.89281,87,Replayed,5.0
-1.0,-1.0,1,0,49.78936,87,Replayed,1.0
9.0,1.0,1,1,54.339195,87,Replayed,9.0
1.0,1.0,1,1,50.590218,87,Replayed,1.0
-9.0,0.0,1,0,45.706013,87,Replayed,9.0
3.0,0.0,-1,0,47.854847,87,Replayed,3.0
9.0,1.0,1,1,54.825222,87,Replayed,9.0
5.0,0.0,1,1,52.076675,87,Replayed,5.0
38.0,1.0,1,1,66.1093,87,Replayed,38.0
9.0,0.0,1,1,53.974216,87,Replayed,9.0
-1.0,1.0,-1,1,49.676086,87,Replayed,1.0
-5.0,0.0,-1,1,51.63677,87,Replayed,5.0
-5.0,1.0,1,0,48.13811,87,Replayed,5.0
5.0,0.0,-1,0,47.719547,87,Replayed,5.0
3.0,-1.0,1,1,51.704033,87,Replayed,3.0
-5.0,-1.0,1,0,47.272594,87,Replayed,5.0
-9.0,1.0,-1,1,53.686886,87,Replayed,9.0
-5.0,-1.0,-1,1,52.26161,87,Replayed,5.0
-38.0,1.0,-1,1,64.96249,87,Replayed,38.0
5.0,-1.0,-1,0,47.176647,87,Replayed,5.0
-5.0,0.0,1,0,48.20756,87,Replayed,5.0
-3.0,-1.0,-1,1,51.805187,87,Replayed,3.0
1.0,1.0,-1,0,49.4443,87,Replayed,1.0
1.0,-1.0,-1,0,48.331417,87,Replayed,1.0
1.0,0.0,1,1,50.684147,87,Replayed,1.0
38.0,1.0,1,1,66.3767,87,Replayed,38.0
38.0,-1.0,1,1,66.453186,87,Replayed,38.0
5.0,1.0,-1,0,47.67944,87,Replayed,5.0
9.0,0.0,-1,0,46.187584,87,Replayed,9.0
3.0,0.0,-1,0,47.906837,87,Replayed,3.0
5.0,-1.0,-1,0,47.37328,87,Replayed,5.0
-1.0,-1.0,1,0,49.412407,87,Replayed,1.0
-1.0,1.0,1,0,49.046047,87,Replayed,1.0
-1.0,-1.0,-1,1,49.42918,87,Replayed,1.0
-3.0,0.0,1,0,47.876446,87,Replayed,3.0
-5.0,1.0,1,0,48.127296,87,Replayed,5.0
5.0,-1.0,1,1,53.024048,87,Replayed,5.0
-5.0,0.0,1,0,47.13014,87,Replayed,5.0
-1.0,0.0,1,0,50.811314,87,Replayed,1.0
3.0,-1.0,1,1,52.12555,87,Replayed,3.0
3.0,0.0,-1,0,48.907898,87,Replayed,3.0
-38.0,-1.0,-1,1,66.11925,87,Replayed,38.0
1.0,1.0,1,1,50.700165,87,Replayed,1.0
-9.0,1.0,1,0,46.469826,87,Replayed,9.0
9.0,0.0,1,1,53.847427,87,Replayed,9.0
-38.0,0.0,-1,1,66.261246,87,Replayed,38.0
-9.0,-1.0,-1,1,53.798622,87,Replayed,9.0
5.0,0.0,-1,0,47.54001,87,Replayed,5.0
1.0,-1.0,-1,0,49.402954,87,Replayed,1.0
5.0,-1.0,1,1,52.7426,87,Replayed,5.0
-1.0,0.0,1,0,50.37399,87,Replayed,1.0
1.0,-1.0,1,1,51.427143,87,Replayed,1.0
1.0,-1.0,-1,0,49.15042,87,Replayed,1.0
-9.0,-1.0,1,0,46.33437,87,Replayed,9.0
-1.0,-1.0,1,0,50.04582,87,Replayed,1.0
3.0,1.0,1,1,52.053078,87,Replayed,3.0
38.0,1.0,1,1,66.556404,87,Replayed,38.0
-38.0,0.0,-1,1,66.287056,87,Replayed,38.0
9.0,0.0,1,1,54.68036,87,Replayed,9.0
-5.0,0.0,-1,1,52.399487,87,Replayed,5.0
1.0,0.0,-1,0,49.32011,87,Replayed,1.0
-3.0,1.0,1,0,48.167385,87,Replayed,3.0
38.0,0.0,1,1,66.23415,87,Replayed,38.0
5.0,1.0,-1,0,47.458355,87,Replayed,5.0
9.0,-1.0,1,1,53.827023,87,Replayed,9.0
-9.0,0.0,1,0,46.242695,87,Replayed,9.0
3.0,0.0,-1,0,48.378437,87,Replayed,3.0
5.0,1.0,-1,0,48.306694,87,Replayed,5.0
38.0,0.0,-1,0,33.396973,87,Replayed,38.0
-38.0,0.0,1,0,34.945255,87,Replayed,38.0
-9.0,1.0,1,0,46.627636,87,Replayed,9.0
-9.0,-1.0,1,0,45.82066,87,Replayed,9.0
-9.0,1.0,-1,1,53.703796,87,Replayed,9.0
-9.0,0.0,1,0,46.243805,87,Replayed,9.0
9.0,-1.0,-1,0,45.294533,87,Replayed,9.0
3.0,-1.0,1,1,51.633465,87,Replayed,3.0
38.0,-1.0,-1,0,33.556587,87,Replayed,38.0
-9.0,-1.0,-1,1,53.243053,87,Replayed,9.0
38.0,0.0,1,1,66.03922,87,Replayed,38.0
38.0,1.0,1,1,66.15499,87,Replayed,38.0
38.0,-1.0,1,1,66.734604,87,Replayed,38.0
-1.0,0.0,1,0,49.91491,87,Replayed,1.0
-9.0,0.0,-1,1,54.038685,87,Replayed,9.0
38.0,0.0,1,1,66.64297,87,Replayed,38.0
3.0,1.0,-1,0,47.20269,87,Replayed,3.0
-38.0,1.0,1,0,35.34255,87,Replayed,38.0
1.0,0.0,-1,0,49.12742,87,Replayed,1.0
38.0,1.0,1,1,66.51473,87,Replayed,38.0
1.0,1.0,1,1,51.81815,87,Replayed,1.0
38.0,-1.0,1,1,67.142166,87,Replayed,38.0
-38.0,1.0,-1,1,65.01145,87,Replayed,38.0
-38.0,1.0,-1,1,65.74919,87,Replayed,38.0
-38.0,0.0,-1,1,65.90602,87,Replayed,38.0
-5.0,-1.0,-1,1,51.69118,87,Replayed,5.0
1.0,1.0,-1,0,49.154045,87,Replayed,1.0
1.0,0.0,-1,0,49.7576,87,Replayed,1.0
1.0,-1.0,-1,0,49.780552,87,Replayed,1.0
-1.0,0.0,1,0,50.423622,87,Replayed,1.0
38.0,0.0,1,1,66.531334,87,Replayed,38.0
-5.0,-1.0,-1,1,52.14049,87,Replayed,5.0
3.0,1.0,-1,0,48.457516,87,Replayed,3.0
-1.0,1.0,-1,1,50.698494,87,Replayed,1.0
5.0,1.0,1,1,52.692013,87,Replayed,5.0
-5.0,1.0,1,0,47.940575,87,Replayed,5.0
-5.0,1.0,-1,1,52.079296,87,Replayed,5.0
38.0,1.0,1,1,66.713394,87,Replayed,38.0
5.0,0.0,-1,0,47.252045,87,Replayed,5.0
-3.0,1.0,1,0,48.520515,87,Replayed,3.0
38.0,-1.0,1,1,67.15895,87,Replayed,38.0
3.0,1.0,1,1,51.234375,87,Replayed,3.0
9.0,0.0,1,1,54.112045,87,Replayed,9.0
3.0,-1.0,-1,0,48.486977,87,Replayed,3.0
-3.0,1.0,1,0,48.28411,87,Replayed,3.0
-38.0,1.0,-1,1,65.06592,87,Replayed,38.0
-1.0,0.0,1,0,49.382668,87,Replayed,1.0
-9.0,1.0,-1,1,52.82119,87,Replayed,9.0
9.0,1.0,-1,0,46.44415,87,Replayed,9.0
3.0,-1.0,-1,0,48.335846,87,Replayed,3.0
3.0,0.0,-1,0,47.85151,87,Replayed,3.0
1.0,-1.0,1,1,50.939095,87,Replayed,1.0
-9.0,1.0,1,0,46.78848,87,Replayed,9.0
-9.0,-1.0,-1,1,53.9517,87,Replayed,9.0
1.0,-1.0,-1,0,49.91156,87,Replayed,1.0
5.0,-1.0,-1,0,47.462772,87,Replayed,5.0
9.0,0.0,1,1,54.522167,87,Replayed,9.0
-38.0,-1.0,1,0,34.55343,87,Replayed,38.0
9.0,-1.0,-1,0,46.22941,87,Replayed,9.0
3.0,0.0,1,1,52.279175,87,Replayed,3.0
1.0,-1.0,-1,0,49.699646,87,Replayed,1.0
5.0,1.0,-1,0,47.882004,87,Replayed,5.0
-3.0,0.0,-1,1,50.57102,87,Replayed,3.0
-3.0,0.0,1,0,48.596035,87,Replayed,3.0
9.0,1.0,-1,0,45.61263,87,Replayed,9.0
9.0,-1.0,1,1,54.38777,87,Replayed,9.0
-38.0,1.0,-1,1,65.70525,87,Replayed,38.0
5.0,0.0,1,1,53.364147,87,Replayed,5.0
38.0,1.0,1,1,66.21448,87,Replayed,38.0
-5.0,1.0,1,0,48.696667,87,Replayed,5.0
-1.0,0.0,1,0,49.003345,87,Replayed,1.0
-1.0,-1.0,1,0,49.99007,87,Replayed,1.0
-38.0,1.0,-1,1,65.347946,87,Replayed,38.0
-3.0,-1.0,-1,1,51.628136,87,Replayed,3.0
-9.0,0.0,-1,1,53.87339,87,Replayed,9.0
-3.0,-1.0,-1,1,51.61793,87,Replayed,3.0
-5.0,1.0,-1,1,51.51022,87,Replayed,5.0
-9.0,-1.0,1,0,46.00894,88,Replayed,9.0
1.0,-1.0,1,1,49.357155,88,Replayed,1.0
-3.0,0.0,1,0,48.860157,88,Replayed,3.0
-1.0,0.0,-1,1,50.655556,88,Replayed,1.0
5.0,0.0,-1,0,48.792545,88,Replayed,5.0
5.0,-1.0,1,1,51.99497,88,Replayed,5.0
-9.0,-1.0,-1,1,54.059536,88,Replayed,9.0
-38.0,0.0,-1,1,60.015953,88,Replayed,38.0
-9.0,-1.0,1,0,46.357525,88,Replayed,9.0
-9.0,1.0,1,0,47.416718,88,Replayed,9.0
3.0,-1.0,-1,0,48.836647,88,Replayed,3.0
-3.0,-1.0,-1,1,51.891262,88,Replayed,3.0
9.0,0.0,1,1,52.23878,88,Replayed,9.0
38.0,0.0,-1,0,40.67982,88,Replayed,38.0
38.0,1.0,1,1,54.034763,88,Replayed,38.0
5.0,0.0,1,1,50.572865,88,Replayed,5.0
-3.0,0.0,-1,1,51.113773,88,Replayed,3.0
5.0,0.0,-1,0,49.15108,88,Replayed,5.0
-3.0,-1.0,1,0,48.005234,88,Replayed,3.0
3.0,0.0,-1,0,49.81015,88,Replayed,3.0
3.0,1.0,1,1,50.608246,88,Replayed,3.0
5.0,1.0,1,1,50.266846,88,Replayed,5.0
-1.0,-1.0,-1,1,51.29724,88,Replayed,1.0
3.0,-1.0,1,1,49.870174,88,Replayed,3.0
-3.0,1.0,1,0,49.551384,88,Replayed,3.0
-38.0,1.0,-1,1,56.324417,88,Replayed,38.0
-1.0,1.0,1,0,49.825638,88,Replayed,1.0
-3.0,1.0,-1,1,50.805176,88,Replayed,3.0
-9.0,-1.0,1,0,46.587845,88,Replayed,9.0
-5.0,-1.0,1,0,47.60498,88,Replayed,5.0
-9.0,0.0,1,0,46.87378,88,Replayed,9.0
1.0,1.0,1,1,50.6819,88,Replayed,1.0
9.0,-1.0,1,1,53.882824,88,Replayed,9.0
38.0,1.0,1,1,54.00115,88,Replayed,38.0
-38.0,-1.0,-1,1,63.413452,88,Replayed,38.0
-3.0,-1.0,1,0,48.414303,88,Replayed,3.0
-1.0,0.0,-1,1,50.93928,88,Replayed,1.0
-1.0,-1.0,-1,1,50.25795,88,Replayed,1.0
-5.0,1.0,-1,1,50.55154,88,Replayed,5.0
-9.0,1.0,-1,1,51.43345,88,Replayed,9.0
-5.0,-1.0,-1,1,52.269596,88,Replayed,5.0
-9.0,0.0,-1,1,53.076202,88,Replayed,9.0
-5.0,0.0,-1,1,51.7336,88,Replayed,5.0
5.0,1.0,1,1,51.55043,88,Replayed,5.0
-9.0,0.0,-1,1,52.072746,88,Replayed,9.0
1.0,0.0,-1,0,50.16863,88,Replayed,1.0
-3.0,-1.0,-1,1,50.719486,88,Replayed,3.0
3.0,-1.0,-1,0,49.147324,88,Replayed,3.0
-38.0,0.0,-1,1,59.767036,88,Replayed,38.0
-3.0,1.0,1,0,49.218704,88,Replayed,3.0
5.0,-1.0,-1,0,47.9961,88,Replayed,5.0
-38.0,0.0,1,0,40.248184,88,Replayed,38.0
5.0,1.0,-1,0,49.07313,88,Replayed,5.0
-1.0,1.0,1,0,49.862244,88,Replayed,1.0
-38.0,0.0,1,0,39.67752,88,Replayed,38.0
1.0,1.0,-1,0,50.39639,88,Replayed,1.0
9.0,-1.0,-1,0,46.919453,88,Replayed,9.0
3.0,-1.0,1,1,50.30566,88,Replayed,3.0
3.0,0.0,1,1,50.60323,88,Replayed,3.0
38.0,-1.0,1,1,62.50888,88,Replayed,38.0
-5.0,-1.0,1,0,47.805355,88,Replayed,5.0
-9.0,-1.0,1,0,45.995117,88,Replayed,9.0
-9.0,0.0,-1,1,52.77068,88,Replayed,9.0
3.0,-1.0,-1,0,50.07481,88,Replayed,3.0
5.0,0.0,1,1,51.329548,88,Replayed,5.0
-38.0,-1.0,-1,1,63.509415,88,Replayed,38.0
-5.0,0.0,1,0,49.27819,88,Replayed,5.0
1.0,0.0,-1,0,50.110947,88,Replayed,1.0
-1.0,0.0,-1,1,50.154854,88,Replayed,1.0
-1.0,1.0,-1,1,50.734962,88,Replayed,1.0
9.0,-1.0,1,1,53.578506,88,Replayed,9.0
-1.0,-1.0,-1,1,50.258965,88,Replayed,1.0
-3.0,0.0,1,0,48.201336,88,Replayed,3.0
-1.0,0.0,1,0,48.963146,88,Replayed,1.0
9.0,0.0,1,1,52.095665,88,Replayed,9.0
-5.0,-1.0,1,0,48.008495,88,Replayed,5.0
-5.0,0.0,1,0,48.579033,88,Replayed,5.0
5.0,-1.0,1,1,51.324802,88,Replayed,5.0
-5.0,1.0,1,0,48.9964,88,Replayed,5.0
-9.0,0.0,-1,1,52.640514,88,Replayed,9.0
38.0,1.0,-1,0,45.40616,88,Replayed,38.0
-3.0,-1.0,-1,1,51.71178,88,Replayed,3.0
-1.0,0.0,1,0,49.389317,88,Replayed,1.0
-3.0,-1.0,1,0,47.763367,88,Replayed,3.0
-9.0,1.0,1,0,47.49956,88,Replayed,9.0
-3.0,1.0,-1,1,51.126747,88,Replayed,3.0
-38.0,-1.0,1,0,35.109856,88,Replayed,38.0
9.0,0.0,-1,0,47.466263,88,Replayed,9.0
1.0,1.0,-1,0,49.966854,88,Replayed,1.0
38.0,0.0,-1,0,40.382774,88,Replayed,38.0
-38.0,1.0,1,0,44.895866,88,Replayed,38.0
3.0,0.0,-1,0,49.532776,88,Replayed,3.0
-1.0,1.0,-1,1,50.019245,88,Replayed,1.0
38.0,1.0,1,1,54.918736,88,Replayed,38.0
-3.0,-1.0,-1,1,52.109062,88,Replayed,3.0
3.0,1.0,-1,0,48.847073,88,Replayed,3.0
3.0,0.0,-1,0,49.270542,88,Replayed,3.0
-1.0,1.0,-1,1,51.00522,88,Replayed,1.0
9.0,-1.0,-1,0,46.798508,88,Replayed,9.0
3.0,-1.0,-1,0,48.731586,88,Replayed,3.0
-3.0,1.0,-1,1,51.209705,88,Replayed,3.0
-38.0,0.0,-1,1,59.884937,88,Replayed,38.0
1.0,-1.0,1,1,50.6365,88,Replayed,1.0
9.0,0.0,-1,0,47.700035,88,Replayed,9.0
9.0,-1.0,1,1,52.819042,88,Replayed,9.0
5.0,0.0,-1,0,49.029266,88,Replayed,5.0
-5.0,1.0,-1,1,50.8427,88,Replayed,5.0
38.0,0.0,-1,0,41.375576,88,Replayed,38.0
5.0,1.0,1,1,51.2809,88,Replayed,5.0
3.0,0.0,1,1,50.540047,88,Replayed,3.0
-38.0,1.0,-1,1,55.287254,88,Replayed,38.0
38.0,0.0,1,1,58.859287,88,Replayed,38.0
-3.0,0.0,1,0,48.304565,88,Replayed,3.0
38.0,0.0,1,1,58.478592,88,Replayed,38.0
3.0,-1.0,1,1,51.41136,88,Replayed,3.0
-9.0,0.0,-1,1,52.595787,88,Replayed,9.0
38.0,-1.0,-1,0,36.288498,88,Replayed,38.0
-9.0,1.0,1,0,48.16353,88,Replayed,9.0
1.0,0.0,1,1,50.18817,88,Replayed,1.0
-38.0,1.0,-1,1,54.4068,88,Replayed,38.0
38.0,-1.0,-1,0,36.70708,88,Replayed,38.0
-1.0,0.0,-1,1,51.054604,88,Replayed,1.0
-5.0,-1.0,1,0,47.777172,88,Replayed,5.0
3.0,1.0,1,1,49.859673,88,Replayed,3.0
38.0,1.0,-1,0,46.052757,88,Replayed,38.0
9.0,1.0,1,1,51.709164,88,Replayed,9.0
-9.0,0.0,-1,1,52.53284,88,Replayed,9.0
-3.0,0.0,-1,1,50.780277,88,Replayed,3.0
-3.0,1.0,-1,1,51.319973,88,Replayed,3.0
-38.0,1.0,1,0,44.722645,88,Replayed,38.0
-38.0,-1.0,1,0,35.784733,88,Replayed,38.0
3.0,0.0,-1,0,49.635445,88,Replayed,3.0
9.0,1.0,-1,0,48.966892,88,Replayed,9.0
9.0,1.0,-1,0,48.443344,88,Replayed,9.0
5.0,-1.0,-1,0,48.159096,88,Replayed,5.0
3.0,1.0,1,1,50.854267,88,Replayed,3.0
5.0,0.0,-1,0,48.900352,88,Replayed,5.0
5.0,1.0,-1,0,49.280113,88,Replayed,5.0
9.0,0.0,1,1,52.753437,88,Replayed,9.0
9.0,0.0,1,1,51.640953,88,Replayed,9.0
5.0,-1.0,-1,0,48.767723,88,Replayed,5.0
1.0,0.0,1,1,50.38858,88,Replayed,1.0
-9.0,1.0,-1,1,52.094673,88,Replayed,9.0
-38.0,-1.0,-1,1,63.418396,88,Replayed,38.0
-5.0,-1.0,-1,1,52.38534,88,Replayed,5.0
9.0,0.0,-1,0,47.237053,88,Replayed,9.0
1.0,1.0,-1,0,50.16769,88,Replayed,1.0
3.0,1.0,-1,0,50.383163,88,Replayed,3.0
3.0,1.0,-1,0,50.007088,88,Replayed,3.0
-1.0,-1.0,1,0,49.650536,88,Replayed,1.0
1.0,1.0,-1,0,50.343998,88,Replayed,1.0
38.0,-1.0,1,1,63.07369,88,Replayed,38.0
-3.0,-1.0,-1,1,51.299435,88,Replayed,3.0
3.0,1.0,-1,0,49.505238,88,Replayed,3.0
5.0,-1.0,1,1,50.840992,88,Replayed,5.0
1.0,1.0,1,1,50.657116,88,Replayed,1.0
1.0,0.0,1,1,50.276512,88,Replayed,1.0
1.0,1.0,-1,0,49.431282,88,Replayed,1.0
-1.0,-1.0,-1,1,50.604866,88,Replayed,1.0
9.0,1.0,1,1,51.32367,88,Replayed,9.0
5.0,1.0,-1,0,48.867195,88,Replayed,5.0
-38.0,0.0,-1,1,60.075813,88,Replayed,38.0
-5.0,0.0,-1,1,51.242195,88,Replayed,5.0
38.0,0.0,1,1,58.162403,88,Replayed,38.0
38.0,0.0,-1,0,41.149254,88,Replayed,38.0
38.0,1.0,1,1,54.66771,88,Replayed,38.0
-3.0,0.0,1,0,48.77942,88,Replayed,3.0
5.0,0.0,-1,0,48.934208,88,Replayed,5.0
5.0,-1.0,1,1,51.32029,88,Replayed,5.0
9.0,-1.0,1,1,53.072536,88,Replayed,9.0
-1.0,0.0,1,0,49.159294,88,Replayed,1.0
-5.0,1.0,-1,1,50.39736,88,Replayed,5.0
-38.0,1.0,-1,1,55.74862,88,Replayed,38.0
-5.0,-1.0,-1,1,52.61492,88,Replayed,5.0
-5.0,0.0,1,0,47.677265,88,Replayed,5.0
3.0,0.0,1,1,50.661743,88,Replayed,3.0
-9.0,0.0,-1,1,52.916103,88,Replayed,9.0
9.0,1.0,-1,0,48.58965,88,Replayed,9.0
5.0,-1.0,-1,0,47.786285,88,Replayed,5.0
1.0,-1.0,-1,0,51.173954,88,Replayed,1.0
-38.0,1.0,-1,1,55.72425,88,Replayed,38.0
5.0,0.0,-1,0,47.9722,88,Replayed,5.0
-1.0,1.0,1,0,49.8384,88,Replayed,1.0
1.0,-1.0,-1,0,49.469776,88,Replayed,1.0
-3.0,0.0,-1,1,51.017315,88,Replayed,3.0
3.0,-1.0,1,1,51.0609,88,Replayed,3.0
-1.0,1.0,1,0,49.930786,88,Replayed,1.0
5.0,1.0,-1,0,49.05884,88,Replayed,5.0
-3.0,1.0,1,0,49.292557,88,Replayed,3.0
38.0,-1.0,1,1,62.913757,88,Replayed,38.0
-9.0,1.0,-1,1,51.93726,88,Replayed,9.0
38.0,0.0,-1,0,40.96162,88,Replayed,38.0
-1.0,-1.0,-1,1,50.083637,88,Replayed,1.0
-38.0,-1.0,1,0,35.978634,88,Replayed,38.0
-9.0,-1.0,-1,1,54.774902,88,Replayed,9.0
9.0,-1.0,1,1,53.326565,88,Replayed,9.0
-5.0,0.0,1,0,48.129814,88,Replayed,5.0
9.0,1.0,1,1,51.077007,88,Replayed,9.0
1.0,0.0,-1,0,50.435627,88,Replayed,1.0
-5.0,-1.0,-1,1,53.109764,88,Replayed,5.0
-5.0,0.0,1,0,48.562435,88,Replayed,5.0
1.0,0.0,1,1,49.523907,88,Replayed,1.0
-38.0,0.0,-1,1,60.244324,88,Replayed,38.0
-3.0,1.0,-1,1,51.735367,88,Replayed,3.0
-5.0,1.0,1,0,48.403503,88,Replayed,5.0
-5.0,1.0,1,0,48.239265,88,Replayed,5.0
-9.0,-1.0,1,0,46.779198,88,Replayed,9.0
38.0,-1.0,-1,0,36.872135,88,Replayed,38.0
38.0,1.0,-1,0,45.091595,88,Replayed,38.0
3.0,1.0,1,1,49.87215,88,Replayed,3.0
-5.0,1.0,1,0,48.581497,88,Replayed,5.0
1.0,0.0,-1,0,50.039143,88,Replayed,1.0
-38.0,1.0,-1,1,56.216698,88,Replayed,38.0
-38.0,-1.0,-1,1,64.33742,88,Replayed,38.0
-38.0,-1.0,1,0,35.929317,88,Replayed,38.0
-9.0,1.0,1,0,48.192005,88,Replayed,9.0
5.0,1.0,-1,0,49.4085,88,Replayed,5.0
38.0,1.0,1,1,54.082413,88,Replayed,38.0
38.0,-1.0,1,1,62.515556,88,Replayed,38.0
1.0,-1.0,-1,0,49.516163,88,Replayed,1.0
38.0,-1.0,1,1,63.9781,88,Replayed,38.0
-1.0,1.0,-1,1,50.27416,88,Replayed,1.0
-9.0,1.0,1,0,48.31921,88,Replayed,9.0
-9.0,-1.0,-1,1,53.700596,88,Replayed,9.0
-1.0,0.0,-1,1,50.94379,88,Replayed,1.0
-1.0,1.0,-1,1,51.400387,89,Replayed,1.0
-5.0,1.0,1,0,45.486507,89,Replayed,5.0
3.0,0.0,-1,0,48.437782,89,Replayed,3.0
38.0,1.0,1,1,68.270584,89,Replayed,38.0
9.0,-1.0,-1,0,45.213947,89,Replayed,9.0
5.0,0.0,-1,0,48.34074,89,Replayed,5.0
3.0,-1.0,1,1,51.01432,89,Replayed,3.0
-3.0,1.0,-1,1,52.904957,89,Replayed,3.0
-38.0,1.0,-1,1,71.37953,89,Replayed,38.0
1.0,-1.0,1,1,49.564354,89,Replayed,1.0
38.0,-1.0,1,1,72.24016,89,Replayed,38.0
9.0,0.0,-1,0,45.141674,89,Replayed,9.0
38.0,1.0,1,1,68.14925,89,Replayed,38.0
9.0,-1.0,-1,0,45.38781,89,Replayed,9.0
38.0,1.0,-1,0,29.76765,89,Replayed,38.0
1.0,1.0,1,1,49.668903,89,Replayed,1.0
-9.0,0.0,-1,1,56.09983,89,Replayed,9.0
5.0,0.0,-1,0,47.81898,89,Replayed,5.0
-5.0,1.0,1,0,45.28301,89,Replayed,5.0
-1.0,0.0,1,0,48.85908,89,Replayed,1.0
-1.0,1.0,1,0,48.530865,89,Replayed,1.0
3.0,-1.0,-1,0,49.31239,89,Replayed,3.0
9.0,1.0,-1,0,45.75947,89,Replayed,9.0
-5.0,-1.0,1,0,44.903454,89,Replayed,5.0
-38.0,0.0,-1,1,71.71992,89,Replayed,38.0
5.0,0.0,1,1,52.46527,89,Replayed,5.0
-9.0,1.0,-1,1,56.5242,89,Replayed,9.0
-3.0,0.0,-1,1,53.097935,89,Replayed,3.0
3.0,0.0,1,1,50.584118,89,Replayed,3.0
3.0,1.0,1,1,51.22103,89,Replayed,3.0
3.0,0.0,-1,0,49.347275,89,Replayed,3.0
9.0,-1.0,-1,0,44.483883,89,Replayed,9.0
-38.0,1.0,-1,1,70.936516,89,Replayed,38.0
-9.0,1.0,-1,1,55.941074,89,Replayed,9.0
3.0,1.0,1,1,50.439346,89,Replayed,3.0
-1.0,-1.0,-1,1,51.850914,89,Replayed,1.0
-1.0,-1.0,-1,1,51.50993,89,Replayed,1.0
1.0,0.0,-1,0,49.986202,89,Replayed,1.0
5.0,0.0,-1,0,47.658752,89,Replayed,5.0
38.0,0.0,1,1,70.35863,89,Replayed,38.0
3.0,-1.0,1,1,51.012157,89,Replayed,3.0
5.0,0.0,-1,0,47.15977,89,Replayed,5.0
-9.0,0.0,1,0,43.732025,89,Replayed,9.0
3.0,0.0,1,1,50.991524,89,Replayed,3.0
-1.0,0.0,1,0,48.570618,89,Replayed,1.0
9.0,1.0,-1,0,45.949604,89,Replayed,9.0
-3.0,-1.0,1,0,46.464916,89,Replayed,3.0
38.0,-1.0,1,1,71.323105,89,Replayed,38.0
38.0,0.0,1,1,70.05899,89,Replayed,38.0
1.0,0.0,-1,0,50.194973,89,Replayed,1.0
-3.0,0.0,-1,1,52.538048,89,Replayed,3.0
3.0,1.0,-1,0,48.72186,89,Replayed,3.0
-1.0,1.0,-1,1,52.03918,89,Replayed,1.0
38.0,0.0,1,1,70.595566,89,Replayed,38.0
1.0,0.0,1,1,49.787476,89,Replayed,1.0
9.0,-1.0,1,1,54.507874,89,Replayed,9.0
3.0,0.0,1,1,51.32925,89,Replayed,3.0
9.0,0.0,-1,0,44.968166,89,Replayed,9.0
3.0,-1.0,1,1,50.199974,89,Replayed,3.0
-3.0,0.0,-1,1,52.362305,89,Replayed,3.0
-3.0,-1.0,-1,1,52.934093,89,Replayed,3.0
3.0,-1.0,-1,0,49.219723,89,Replayed,3.0
-5.0,0.0,1,0,46.14881,89,Replayed,5.0
-38.0,1.0,-1,1,71.41152,89,Replayed,38.0
-3.0,-1.0,-1,1,52.241833,89,Replayed,3.0
-38.0,0.0,-1,1,71.27611,89,Replayed,38.0
3.0,1.0,-1,0,49.475296,89,Replayed,3.0
9.0,0.0,1,1,54.28436,89,Replayed,9.0
-5.0,1.0,-1,1,53.637802,89,Replayed,5.0
1.0,-1.0,-1,0,50.619244,89,Replayed,1.0
5.0,1.0,-1,0,48.46398,89,Replayed,5.0
-3.0,-1.0,-1,1,53.217625,89,Replayed,3.0
-5.0,0.0,1,0,45.999157,89,Replayed,5.0
5.0,-1.0,-1,0,47.595524,89,Replayed,5.0
38.0,-1.0,1,1,71.57471,89,Replayed,38.0
5.0,1.0,1,1,51.959366,89,Replayed,5.0
-9.0,1.0,-1,1,56.362892,89,Replayed,9.0
-5.0,1.0,1,0,46.223034,89,Replayed,5.0
-5.0,1.0,1,0,45.433445,89,Replayed,5.0
9.0,0.0,1,1,53.835655,89,Replayed,9.0
5.0,-1.0,-1,0,47.729755,89,Replayed,5.0
9.0,1.0,-1,0,45.60213,89,Replayed,9.0
-38.0,1.0,-1,1,70.945755,89,Replayed,38.0
-9.0,1.0,-1,1,55.708588,89,Replayed,9.0
1.0,1.0,-1,0,50.683434,89,Replayed,1.0
1.0,1.0,-1,0,50.53763,89,Replayed,1.0
-5.0,-1.0,-1,1,53.884262,89,Replayed,5.0
-9.0,0.0,-1,1,56.550087,89,Replayed,9.0
5.0,1.0,-1,0,47.651073,89,Replayed,5.0
-38.0,1.0,-1,1,70.94119,89,Replayed,38.0
-9.0,1.0,-1,1,56.343224,89,Replayed,9.0
9.0,0.0,-1,0,45.66634,89,Replayed,9.0
5.0,1.0,1,1,51.982708,89,Replayed,5.0
-5.0,-1.0,-1,1,54.24329,89,Replayed,5.0
9.0,-1.0,1,1,54.543633,89,Replayed,9.0
-1.0,1.0,-1,1,51.66993,89,Replayed,1.0
3.0,1.0,-1,0,48.025635,89,Replayed,3.0
38.0,-1.0,-1,0,28.973145,89,Replayed,38.0
-3.0,1.0,1,0,46.985065,89,Replayed,3.0
9.0,1.0,1,1,54.290688,89,Replayed,9.0
38.0,1.0,1,1,69.3004,89,Replayed,38.0
-9.0,-1.0,1,0,43.02046,89,Replayed,9.0
-1.0,0.0,1,0,48.05713,89,Replayed,1.0
9.0,0.0,-1,0,44.830627,89,Replayed,9.0
5.0,1.0,-1,0,48.191235,89,Replayed,5.0
1.0,-1.0,-1,0,49.922203,89,Replayed,1.0
9.0,1.0,1,1,54.66575,89,Replayed,9.0
1.0,1.0,-1,0,50.618137,89,Replayed,1.0
3.0,1.0,-1,0,49.121395,89,Replayed,3.0
-9.0,-1.0,1,0,42.906864,89,Replayed,9.0
-5.0,1.0,-1,1,53.38532,89,Replayed,5.0
-3.0,1.0,1,0,46.970985,89,Replayed,3.0
-9.0,1.0,-1,1,56.325768,89,Replayed,9.0
1.0,-1.0,-1,0,49.992558,89,Replayed,1.0
38.0,1.0,1,1,69.483505,89,Replayed,38.0
-3.0,1.0,-1,1,52.78622,89,Replayed,3.0
-5.0,-1.0,-1,1,53.806232,89,Replayed,5.0
-1.0,1.0,-1,1,51.469875,89,Replayed,1.0
3.0,0.0,1,1,50.905895,89,Replayed,3.0
-38.0,0.0,-1,1,71.94659,89,Replayed,38.0
-3.0,-1.0,1,0,46.356068,89,Replayed,3.0
-5.0,0.0,-1,1,54.130215,89,Replayed,5.0
-38.0,-1.0,-1,1,73.24122,89,Replayed,38.0
-3.0,0.0,1,0,46.888348,89,Replayed,3.0
38.0,0.0,1,1,69.91526,89,Replayed,38.0
9.0,0.0,-1,0,45.691784,89,Replayed,9.0
38.0,0.0,1,1,69.6474,89,Replayed,38.0
1.0,-1.0,-1,0,50.299305,89,Replayed,1.0
3.0,-1.0,1,1,50.699276,89,Replayed,3.0
-38.0,0.0,-1,1,72.41602,89,Replayed,38.0
38.0,-1.0,1,1,71.28875,89,Replayed,38.0
-38.0,-1.0,-1,1,73.70092,89,Replayed,38.0
1.0,1.0,1,1,49.09922,89,Replayed,1.0
5.0,0.0,-1,0,47.57559,89,Replayed,5.0
-1.0,-1.0,-1,1,51.65559,89,Replayed,1.0
3.0,1.0,1,1,50.785725,89,Replayed,3.0
-9.0,-1.0,1,0,43.378593,89,Replayed,9.0
-38.0,0.0,-1,1,72.0036,89,Replayed,38.0
-9.0,0.0,-1,1,56.492294,89,Replayed,9.0
-1.0,1.0,-1,1,51.878284,89,Replayed,1.0
-38.0,1.0,-1,1,71.40614,89,Replayed,38.0
-1.0,0.0,1,0,48.902035,89,Replayed,1.0
5.0,0.0,1,1,52.511246,89,Replayed,5.0
38.0,1.0,1,1,68.615906,89,Replayed,38.0
3.0,-1.0,1,1,50.63001,89,Replayed,3.0
-9.0,1.0,1,0,44.01915,89,Replayed,9.0
-9.0,-1.0,1,0,43.85899,89,Replayed,9.0
-38.0,-1.0,-1,1,73.30046,89,Replayed,38.0
-5.0,-1.0,1,0,46.302246,89,Replayed,5.0
-9.0,-1.0,1,0,42.830303,89,Replayed,9.0
38.0,1.0,1,1,69.034424,89,Replayed,38.0
1.0,0.0,-1,0,50.81218,89,Replayed,1.0
-5.0,0.0,-1,1,53.96491,89,Replayed,5.0
-5.0,-1.0,1,0,45.778492,89,Replayed,5.0
5.0,1.0,1,1,51.774143,89,Replayed,5.0
5.0,0.0,1,1,52.708904,89,Replayed,5.0
-38.0,0.0,1,0,28.34861,89,Replayed,38.0
3.0,0.0,1,1,50.447792,89,Replayed,3.0
38.0,0.0,1,1,69.76366,89,Replayed,38.0
-3.0,1.0,-1,1,52.361374,89,Replayed,3.0
-5.0,0.0,-1,1,54.07543,89,Replayed,5.0
-1.0,-1.0,-1,1,51.97974,89,Replayed,1.0
1.0,1.0,1,1,49.487823,89,Replayed,1.0
1.0,-1.0,-1,0,49.887432,89,Replayed,1.0
-3.0,-1.0,1,0,46.972218,89,Replayed,3.0
38.0,0.0,1,1,69.437965,89,Replayed,38.0
-3.0,-1.0,-1,1,52.95355,89,Replayed,3.0
-38.0,-1.0,-1,1,73.38459,89,Replayed,38.0
1.0,0.0,-1,0,50.777065,89,Replayed,1.0
-9.0,-1.0,-1,1,56.747437,89,Replayed,9.0
-9.0,0.0,1,0,43.191803,89,Replayed,9.0
-38.0,-1.0,-1,1,72.466644,89,Replayed,38.0
1.0,-1.0,-1,0,49.898865,89,Replayed,1.0
-3.0,1.0,1,0,46.38393,89,Replayed,3.0
-38.0,0.0,-1,1,71.9891,89,Replayed,38.0
38.0,-1.0,1,1,71.54741,89,Replayed,38.0
-5.0,1.0,1,0,46.03925,89,Replayed,5.0
-9.0,0.0,1,0,43.05716,89,Replayed,9.0
-5.0,-1.0,1,0,46.028473,89,Replayed,5.0
-3.0,1.0,-1,1,52.37573,89,Replayed,3.0
-9.0,-1.0,-1,1,56.41256,89,Replayed,9.0
9.0,1.0,1,1,53.74081,89,Replayed,9.0
-1.0,0.0,-1,1,51.890564,89,Replayed,1.0
3.0,1.0,1,1,50.850994,89,Replayed,3.0
-9.0,0.0,-1,1,56.569187,89,Replayed,9.0
-38.0,0.0,-1,1,72.74055,89,Replayed,38.0
1.0,0.0,-1,0,50.092583,89,Replayed,1.0
38.0,0.0,1,1,70.258865,89,Replayed,38.0
5.0,-1.0,-1,0,47.921955,89,Replayed,5.0
-38.0,-1.0,-1,1,73.65084,89,Replayed,38.0
-5.0,0.0,-1,1,53.833275,89,Replayed,5.0
9.0,0.0,1,1,54.514874,89,Replayed,9.0
-9.0,1.0,-1,1,55.84768,89,Replayed,9.0
-38.0,-1.0,-1,1,72.90377,89,Replayed,38.0
1.0,1.0,-1,0,49.927784,89,Replayed,1.0
3.0,0.0,1,1,51.22932,89,Replayed,3.0
5.0,-1.0,1,1,52.591694,89,Replayed,5.0
-9.0,0.0,-1,1,56.2854,89,Replayed,9.0
5.0,-1.0,1,1,52.628517,89,Replayed,5.0
38.0,-1.0,1,1,70.65607,89,Replayed,38.0
9.0,1.0,1,1,54.46133,89,Replayed,9.0
-5.0,1.0,-1,1,53.88051,89,Replayed,5.0
-1.0,1.0,-1,1,52.064026,89,Replayed,1.0
-3.0,0.0,-1,1,53.344692,89,Replayed,3.0
38.0,1.0,1,1,69.30432,89,Replayed,38.0
-3.0,-1.0,-1,1,54.295452,89,Replayed,3.0
-1.0,-1.0,-1,1,51.441566,89,Replayed,1.0
-9.0,-1.0,1,0,43.011745,89,Replayed,9.0
9.0,-1.0,1,1,54.5713,89,Replayed,9.0
-1.0,-1.0,1,0,48.55083,89,Replayed,1.0
38.0,-1.0,1,1,70.931015,89,Replayed,38.0
-1.0,-1.0,-1,1,52.38049,89,Replayed,1.0
-3.0,0.0,1,0,46.282185,89,Replayed,3.0
5.0,1.0,1,1,52.2052,89,Replayed,5.0
-1.0,0.0,1,0,47.962692,89,Replayed,1.0
-3.0,0.0,1,0,47.61169,89,Replayed,3.0
3.0,-1.0,-1,0,49.09848,89,Replayed,3.0
-38.0,1.0,-1,1,71.08829,89,Replayed,38.0
-3.0,0.0,-1,1,53.384197,89,Replayed,3.0
-38.0,-1.0,-1,1,73.11658,89,Replayed,38.0
5.0,1.0,1,1,51.941795,89,Replayed,5.0
-5.0,0.0,1,0,45.343803,89,Replayed,5.0
5.0,-1.0,1,1,52.11884,89,Replayed,5.0
-38.0,1.0,-1,1,71.017235,89,Replayed,38.0
-1.0,0.0,-1,1,51.40707,89,Replayed,1.0
9.0,-1.0,1,1,54.508984,89,Replayed,9.0
-1.0,0.0,-1,1,51.393543,89,Replayed,1.0
5.0,-1.0,-1,0,47.57784,89,Replayed,5.0
1.0,0.0,-1,0,51.01646,89,Replayed,1.0
5.0,-1.0,1,1,52.39103,89,Replayed,5.0
1.0,1.0,-1,0,50.27859,89,Replayed,1.0
1.0,0.0,-1,0,50.774235,89,Replayed,1.0
9.0,-1.0,1,1,54.791332,89,Replayed,9.0
-1.0,-1.0,-1,1,52.906353,89,Replayed,1.0
-3.0,1.0,1,0,48.0883,89,Replayed,3.0
-5.0,0.0,1,0,45.62767,89,Replayed,5.0
38.0,1.0,1,1,97.919075,90,Replayed,38.0
-3.0,-1.0,-1,1,55.693596,90,Replayed,3.0
-1.0,-1.0,-1,1,52.080303,90,Replayed,1.0
-1.0,1.0,-1,1,53.14408,90,Replayed,1.0
5.0,0.0,-1,0,40.420555,90,Replayed,5.0
-5.0,1.0,-1,1,60.753025,90,Replayed,5.0
-38.0,0.0,-1,1,97.49136,90,Replayed,38.0
-3.0,0.0,1,0,44.09908,90,Replayed,3.0
38.0,0.0,1,1,97.62358,90,Replayed,38.0
3.0,0.0,-1,0,44.10958,90,Replayed,3.0
-5.0,-1.0,-1,1,59.80638,90,Replayed,5.0
-5.0,0.0,1,0,39.734814,90,Replayed,5.0
3.0,1.0,1,1,55.33723,90,Replayed,3.0
-5.0,0.0,1,0,39.75438,90,Replayed,5.0
-3.0,1.0,-1,1,57.003094,90,Replayed,3.0
-1.0,1.0,1,0,46.696175,90,Replayed,1.0
3.0,0.0,-1,0,44.42939,90,Replayed,3.0
3.0,0.0,1,1,55.21,90,Replayed,3.0
-9.0,-1.0,-1,1,65.58212,90,Replayed,9.0
1.0,0.0,-1,0,49.1652,90,Replayed,1.0
5.0,1.0,1,1,59.318947,90,Replayed,5.0
1.0,0.0,-1,0,48.79512,90,Replayed,1.0
-5.0,1.0,-1,1,60.800034,90,Replayed,5.0
-1.0,-1.0,-1,1,52.348667,90,Replayed,1.0
-1.0,-1.0,1,0,47.161842,90,Replayed,1.0
1.0,-1.0,1,1,51.67872,90,Replayed,1.0
9.0,1.0,1,1,67.2408,90,Replayed,9.0
3.0,-1.0,1,1,54.423172,90,Replayed,3.0
-38.0,-1.0,-1,1,97.33362,90,Replayed,38.0
9.0,0.0,1,1,65.97504,90,Replayed,9.0
-3.0,-1.0,-1,1,56.06471,90,Replayed,3.0
38.0,-1.0,1,1,97.21729,90,Replayed,38.0
5.0,-1.0,1,1,58.40453,90,Replayed,5.0
-5.0,0.0,-1,1,59.737133,90,Replayed,5.0
38.0,1.0,1,1,98.075195,90,Replayed,38.0
-3.0,-1.0,-1,1,56.67782,90,Replayed,3.0
-38.0,-1.0,-1,1,97.29541,90,Replayed,38.0
-38.0,0.0,-1,1,97.6215,90,Replayed,38.0
5.0,0.0,1,1,58.29181,90,Replayed,5.0
5.0,1.0,-1,0,40.04462,90,Replayed,5.0
-1.0,-1.0,1,0,47.496674,90,Replayed,1.0
3.0,1.0,1,1,55.567062,90,Replayed,3.0
9.0,0.0,1,1,65.794304,90,Replayed,9.0
-3.0,0.0,-1,1,57.071106,90,Replayed,3.0
-9.0,0.0,-1,1,67.55944,90,Replayed,9.0
-3.0,1.0,-1,1,56.588047,90,Replayed,3.0
1.0,-1.0,1,1,51.29708,90,Replayed,1.0
-9.0,-1.0,-1,1,65.98589,90,Replayed,9.0
-1.0,-1.0,1,0,47.710697,90,Replayed,1.0
3.0,1.0,1,1,56.22602,90,Replayed,3.0
1.0,0.0,1,1,51.799477,90,Replayed,1.0
3.0,0.0,1,1,55.58734,90,Replayed,3.0
-1.0,0.0,-1,1,52.460896,90,Replayed,1.0
1.0,0.0,-1,0,48.607944,90,Replayed,1.0
-5.0,1.0,1,0,39.202927,90,Replayed,5.0
9.0,0.0,1,1,66.00869,90,Replayed,9.0
-1.0,0.0,1,0,47.914577,90,Replayed,1.0
1.0,-1.0,1,1,51.522583,90,Replayed,1.0
1.0,1.0,-1,0,47.48637,90,Replayed,1.0
-3.0,0.0,1,0,43.55821,90,Replayed,3.0
1.0,-1.0,-1,0,48.277843,90,Replayed,1.0
-3.0,1.0,1,0,43.413208,90,Replayed,3.0
-1.0,1.0,-1,1,53.098385,90,Replayed,1.0
-5.0,1.0,1,0,39.77592,90,Replayed,5.0
-38.0,1.0,-1,1,98.15957,90,Replayed,38.0
-9.0,-1.0,-1,1,66.60536,90,Replayed,9.0
-5.0,-1.0,-1,1,59.20053,90,Replayed,5.0
-38.0,1.0,-1,1,98.1948,90,Replayed,38.0
38.0,-1.0,1,1,97.223915,90,Replayed,38.0
-3.0,1.0,-1,1,56.405735,90,Replayed,3.0
5.0,-1.0,-1,0,41.376564,90,Replayed,5.0
-9.0,0.0,-1,1,67.53489,90,Replayed,9.0
-9.0,1.0,-1,1,68.9508,90,Replayed,9.0
5.0,1.0,1,1,60.501503,90,Replayed,5.0
-5.0,0.0,-1,1,60.020267,90,Replayed,5.0
-3.0,0.0,-1,1,55.552525,90,Replayed,3.0
-9.0,0.0,-1,1,67.64214,90,Replayed,9.0
5.0,0.0,1,1,58.884285,90,Replayed,5.0
-3.0,0.0,1,0,43.037037,90,Replayed,3.0
-5.0,-1.0,-1,1,59.739693,90,Replayed,5.0
-3.0,-1.0,-1,1,56.071472,90,Replayed,3.0
-3.0,-1.0,-1,1,56.660812,90,Replayed,3.0
38.0,1.0,1,1,97.91558,90,Replayed,38.0
-3.0,1.0,-1,1,56.964558,90,Replayed,3.0
1.0,-1.0,1,1,51.282536,90,Replayed,1.0
-38.0,1.0,-1,1,98.10355,90,Replayed,38.0
-3.0,1.0,-1,1,57.17684,90,Replayed,3.0
-9.0,1.0,-1,1,68.24188,90,Replayed,9.0
-5.0,1.0,-1,1,61.128044,90,Replayed,5.0
5.0,1.0,1,1,60.48457,90,Replayed,5.0
9.0,1.0,1,1,67.02389,90,Replayed,9.0
9.0,1.0,1,1,67.3489,90,Replayed,9.0
-1.0,0.0,1,0,48.075943,90,Replayed,1.0
-9.0,-1.0,-1,1,66.15551,90,Replayed,9.0
9.0,-1.0,1,1,65.58732,90,Replayed,9.0
-1.0,0.0,1,0,47.327435,90,Replayed,1.0
1.0,1.0,-1,0,48.280506,90,Replayed,1.0
3.0,-1.0,-1,0,45.317642,90,Replayed,3.0
-5.0,0.0,-1,1,59.89593,90,Replayed,5.0
-38.0,1.0,-1,1,98.228874,90,Replayed,38.0
9.0,1.0,1,1,68.001785,90,Replayed,9.0
-38.0,0.0,-1,1,97.96766,90,Replayed,38.0
9.0,0.0,1,1,66.98964,90,Replayed,9.0
3.0,1.0,1,1,55.77429,90,Replayed,3.0
5.0,1.0,1,1,59.821022,90,Replayed,5.0
-5.0,-1.0,1,0,40.29372,90,Replayed,5.0
-3.0,-1.0,-1,1,55.53837,90,Replayed,3.0
-9.0,-1.0,-1,1,66.3434,90,Replayed,9.0
-9.0,1.0,1,0,31.677141,90,Replayed,9.0
-1.0,0.0,1,0,47.014706,90,Replayed,1.0
1.0,1.0,-1,0,48.104515,90,Replayed,1.0
3.0,0.0,1,1,54.977287,90,Replayed,3.0
5.0,-1.0,1,1,57.571762,90,Replayed,5.0
38.0,1.0,1,1,97.95482,90,Replayed,38.0
-5.0,1.0,-1,1,60.19143,90,Replayed,5.0
5.0,0.0,1,1,58.962685,90,Replayed,5.0
3.0,-1.0,-1,0,45.920696,90,Replayed,3.0
1.0,-1.0,-1,0,48.106422,90,Replayed,1.0
9.0,0.0,1,1,67.067184,90,Replayed,9.0
-38.0,-1.0,-1,1,97.36367,90,Replayed,38.0
3.0,0.0,1,1,56.02982,90,Replayed,3.0
5.0,1.0,1,1,59.74672,90,Replayed,5.0
-3.0,-1.0,1,0,43.59128,90,Replayed,3.0
9.0,1.0,-1,0,33.037586,90,Replayed,9.0
1.0,1.0,-1,0,47.933964,90,Replayed,1.0
3.0,-1.0,1,1,55.394924,90,Replayed,3.0
-1.0,0.0,1,0,47.221203,90,Replayed,1.0
-1.0,-1.0,-1,1,52.392876,90,Replayed,1.0
-9.0,1.0,1,0,31.981989,90,Replayed,9.0
1.0,1.0,1,1,50.963764,90,Replayed,1.0
-9.0,-1.0,-1,1,65.64484,90,Replayed,9.0
-9.0,1.0,-1,1,69.11639,90,Replayed,9.0
-9.0,-1.0,-1,1,66.58405,90,Replayed,9.0
9.0,-1.0,1,1,64.931145,90,Replayed,9.0
3.0,1.0,1,1,56.509453,90,Replayed,3.0
-5.0,-1.0,1,0,40.364887,90,Replayed,5.0
5.0,0.0,1,1,59.78385,90,Replayed,5.0
5.0,0.0,1,1,59.00667,90,Replayed,5.0
-1.0,0.0,1,0,47.7174,90,Replayed,1.0
3.0,-1.0,-1,0,44.43965,90,Replayed,3.0
-1.0,1.0,1,0,48.551144,90,Replayed,1.0
1.0,1.0,1,1,51.406044,90,Replayed,1.0
-9.0,0.0,-1,1,67.2571,90,Replayed,9.0
3.0,-1.0,1,1,55.409836,90,Replayed,3.0
-3.0,0.0,-1,1,57.845222,90,Replayed,3.0
-1.0,-1.0,-1,1,51.97809,90,Replayed,1.0
-3.0,0.0,-1,1,56.784485,90,Replayed,3.0
38.0,0.0,1,1,97.62207,90,Replayed,38.0
-38.0,1.0,-1,1,98.0904,90,Replayed,38.0
-5.0,-1.0,-1,1,59.691082,90,Replayed,5.0
3.0,1.0,-1,0,45.114357,90,Replayed,3.0
-38.0,0.0,-1,1,97.92422,90,Replayed,38.0
-38.0,0.0,-1,1,97.820595,90,Replayed,38.0
9.0,0.0,-1,0,33.18753,90,Replayed,9.0
3.0,1.0,1,1,55.425655,90,Replayed,3.0
-9.0,0.0,-1,1,67.58753,90,Replayed,9.0
1.0,-1.0,-1,0,48.34922,90,Replayed,1.0
5.0,1.0,-1,0,39.967598,90,Replayed,5.0
5.0,1.0,-1,0,40.00167,90,Replayed,5.0
38.0,0.0,1,1,97.478645,90,Replayed,38.0
9.0,-1.0,-1,0,35.92072,90,Replayed,9.0
1.0,1.0,1,1,51.016087,90,Replayed,1.0
-38.0,0.0,-1,1,97.61612,90,Replayed,38.0
-38.0,-1.0,-1,1,97.35752,90,Replayed,38.0
38.0,0.0,1,1,97.479454,90,Replayed,38.0
9.0,1.0,1,1,67.95658,90,Replayed,9.0
38.0,-1.0,1,1,97.24092,90,Replayed,38.0
38.0,-1.0,1,1,97.046104,90,Replayed,38.0
5.0,-1.0,1,1,58.522766,90,Replayed,5.0
-1.0,1.0,-1,1,51.814945,90,Replayed,1.0
38.0,-1.0,1,1,97.154076,90,Replayed,38.0
5.0,-1.0,-1,0,41.939667,90,Replayed,5.0
5.0,0.0,1,1,58.745663,90,Replayed,5.0
-1.0,1.0,1,0,47.57198,90,Replayed,1.0
-9.0,1.0,-1,1,69.11102,90,Replayed,9.0
38.0,-1.0,1,1,97.21395,90,Replayed,38.0
-5.0,1.0,-1,1,61.18907,90,Replayed,5.0
38.0,1.0,1,1,98.10616,90,Replayed,38.0
-3.0,1.0,1,0,42.508663,90,Replayed,3.0
9.0,-1.0,1,1,64.91033,90,Replayed,9.0
1.0,-1.0,-1,0,47.87411,90,Replayed,1.0
-38.0,-1.0,-1,1,97.13582,90,Replayed,38.0
1.0,0.0,-1,0,48.980206,90,Replayed,1.0
1.0,0.0,-1,0,48.48158,90,Replayed,1.0
-3.0,-1.0,-1,1,56.168335,90,Replayed,3.0
-5.0,0.0,1,0,39.275047,90,Replayed,5.0
-38.0,1.0,-1,1,98.06471,90,Replayed,38.0
9.0,-1.0,-1,0,35.60044,90,Replayed,9.0
9.0,-1.0,1,1,65.5225,90,Replayed,9.0
-5.0,-1.0,-1,1,59.11776,90,Replayed,5.0
-5.0,-1.0,-1,1,59.894836,90,Replayed,5.0
-38.0,0.0,-1,1,97.79276,90,Replayed,38.0
3.0,-1.0,1,1,55.26206,90,Replayed,3.0
38.0,1.0,1,1,98.02451,90,Replayed,38.0
-9.0,0.0,-1,1,68.30392,90,Replayed,9.0
-38.0,-1.0,-1,1,97.32376,90,Replayed,38.0
-1.0,-1.0,1,0,47.680225,90,Replayed,1.0
-1.0,1.0,-1,1,52.423126,90,Replayed,1.0
5.0,-1.0,1,1,58.87375,90,Replayed,5.0
5.0,-1.0,1,1,58.484924,90,Replayed,5.0
-3.0,0.0,-1,1,55.860477,90,Replayed,3.0
-38.0,0.0,-1,1,97.759346,90,Replayed,38.0
3.0,-1.0,-1,0,45.427902,90,Replayed,3.0
-5.0,1.0,-1,1,60.925735,90,Replayed,5.0
-9.0,0.0,-1,1,66.77308,90,Replayed,9.0
3.0,0.0,1,1,55.050148,90,Replayed,3.0
-1.0,0.0,1,0,47.635475,90,Replayed,1.0
-38.0,-1.0,-1,1,97.41024,90,Replayed,38.0
5.0,0.0,1,1,58.775597,90,Replayed,5.0
38.0,-1.0,1,1,97.08926,90,Replayed,38.0
9.0,0.0,1,1,66.61078,90,Replayed,9.0
9.0,1.0,1,1,67.51536,90,Replayed,9.0
-38.0,-1.0,-1,1,97.41816,90,Replayed,38.0
-1.0,1.0,-1,1,52.888596,90,Replayed,1.0
-9.0,1.0,1,0,31.330976,90,Replayed,9.0
9.0,1.0,1,1,68.0998,90,Replayed,9.0
38.0,-1.0,1,1,97.11701,90,Replayed,38.0
9.0,0.0,1,1,67.25921,90,Replayed,9.0
-9.0,1.0,-1,1,69.04138,90,Replayed,9.0
-3.0,1.0,1,0,43.881294,90,Replayed,3.0
9.0,-1.0,-1,0,34.776157,90,Replayed,9.0
-5.0,0.0,-1,1,59.611057,90,Replayed,5.0
-9.0,0.0,-1,1,67.256714,90,Replayed,9.0
5.0,-1.0,1,1,59.12372,90,Replayed,5.0
38.0,0.0,1,1,97.60896,90,Replayed,38.0
3.0,0.0,1,1,55.428078,90,Replayed,3.0
1.0,0.0,-1,0,47.82551,90,Replayed,1.0
-5.0,0.0,-1,1,60.54408,90,Replayed,5.0
-9.0,-1.0,-1,1,66.0564,90,Replayed,9.0
38.0,0.0,1,1,97.644844,90,Replayed,38.0
3.0,1.0,1,1,55.845737,90,Replayed,3.0
38.0,1.0,1,1,97.79699,90,Replayed,38.0
38.0,0.0,1,1,97.711555,90,Replayed,38.0
38.0,0.0,1,1,97.47251,90,Replayed,38.0
1.0,1.0,1,1,52.0179,90,Replayed,1.0
-38.0,1.0,-1,1,98.126945,90,Replayed,38.0
38.0,1.0,1,1,98.04079,90,Replayed,38.0
1.0,0.0,-1,0,48.31357,90,Replayed,1.0
3.0,0.0,1,1,55.92399,91,Replayed,3.0
-5.0,1.0,-1,1,50.31247,91,Replayed,5.0
9.0,-1.0,-1,0,41.323082,91,Replayed,9.0
1.0,0.0,1,1,53.625328,91,Replayed,1.0
9.0,1.0,1,1,61.890297,91,Replayed,9.0
3.0,1.0,1,1,56.115784,91,Replayed,3.0
-5.0,0.0,-1,1,50.12226,91,Replayed,5.0
38.0,-1.0,1,1,78.42943,91,Replayed,38.0
9.0,1.0,1,1,60.494553,91,Replayed,9.0
-9.0,-1.0,-1,1,53.57754,91,Replayed,9.0
-1.0,1.0,1,0,53.339417,91,Replayed,1.0
-3.0,0.0,-1,1,49.70538,91,Replayed,3.0
-38.0,1.0,-1,1,74.55782,91,Replayed,38.0
-38.0,1.0,-1,1,74.81298,91,Replayed,38.0
-38.0,-1.0,-1,1,70.55564,91,Replayed,38.0
-5.0,1.0,1,0,49.733013,91,Replayed,5.0
38.0,-1.0,1,1,77.653305,91,Replayed,38.0
1.0,-1.0,1,1,54.014874,91,Replayed,1.0
-5.0,1.0,-1,1,51.06244,91,Replayed,5.0
9.0,1.0,1,1,60.70733,91,Replayed,9.0
-9.0,1.0,1,0,45.694492,91,Replayed,9.0
5.0,0.0,-1,0,42.856144,91,Replayed,5.0
1.0,-1.0,-1,0,45.58869,91,Replayed,1.0
9.0,0.0,1,1,60.272705,91,Replayed,9.0
-9.0,-1.0,1,0,46.529682,91,Replayed,9.0
3.0,1.0,-1,0,43.22578,91,Replayed,3.0
-9.0,0.0,1,0,47.001965,91,Replayed,9.0
-9.0,-1.0,1,0,46.725864,91,Replayed,9.0
9.0,0.0,-1,0,39.537193,91,Replayed,9.0
-5.0,0.0,-1,1,49.875477,91,Replayed,5.0
-38.0,0.0,-1,1,72.696266,91,Replayed,38.0
-9.0,-1.0,-1,1,52.30847,91,Replayed,9.0
-1.0,0.0,-1,1,47.52481,91,Replayed,1.0
5.0,-1.0,1,1,55.867474,91,Replayed,5.0
38.0,-1.0,1,1,77.211205,91,Replayed,38.0
5.0,0.0,1,1,57.45986,91,Replayed,5.0
-1.0,1.0,1,0,53.820602,91,Replayed,1.0
9.0,-1.0,1,1,59.32501,91,Replayed,9.0
-38.0,0.0,-1,1,72.048615,91,Replayed,38.0
38.0,0.0,1,1,79.29314,91,Replayed,38.0
3.0,0.0,1,1,55.871063,91,Replayed,3.0
38.0,0.0,1,1,79.6484,91,Replayed,38.0
5.0,0.0,-1,0,42.80339,91,Replayed,5.0
5.0,-1.0,1,1,57.241364,91,Replayed,5.0
-3.0,0.0,1,0,51.334644,91,Replayed,3.0
-38.0,-1.0,-1,1,69.77437,91,Replayed,38.0
-1.0,0.0,-1,1,46.89018,91,Replayed,1.0
1.0,1.0,1,1,54.312504,91,Replayed,1.0
3.0,1.0,-1,0,43.068333,91,Replayed,3.0
5.0,1.0,1,1,57.79237,91,Replayed,5.0
1.0,-1.0,-1,0,46.14231,91,Replayed,1.0
-3.0,1.0,1,0,51.222378,91,Replayed,3.0
1.0,0.0,1,1,54.10615,91,Replayed,1.0
-38.0,0.0,-1,1,72.540596,91,Replayed,38.0
-1.0,1.0,-1,1,47.79221,91,Replayed,1.0
-9.0,0.0,-1,1,52.92877,91,Replayed,9.0
-38.0,1.0,-1,1,74.74417,91,Replayed,38.0
-3.0,0.0,-1,1,48.33863,91,Replayed,3.0
3.0,-1.0,1,1,55.40138,91,Replayed,3.0
3.0,-1.0,-1,0,44.998436,91,Replayed,3.0
-1.0,1.0,1,0,53.48413,91,Replayed,1.0
9.0,0.0,1,1,61.084705,91,Replayed,9.0
38.0,0.0,1,1,79.92003,91,Replayed,38.0
-9.0,-1.0,-1,1,53.367786,91,Replayed,9.0
-5.0,1.0,1,0,48.30297,91,Replayed,5.0
38.0,1.0,1,1,81.86205,91,Replayed,38.0
-1.0,0.0,1,0,52.876514,91,Replayed,1.0
-5.0,1.0,-1,1,50.38194,91,Replayed,5.0
5.0,-1.0,-1,0,42.97023,91,Replayed,5.0
-5.0,-1.0,-1,1,50.602627,91,Replayed,5.0
3.0,1.0,1,1,57.17514,91,Replayed,3.0
-38.0,-1.0,1,0,29.090342,91,Replayed,38.0
38.0,0.0,1,1,79.08487,91,Replayed,38.0
1.0,1.0,1,1,54.744564,91,Replayed,1.0
5.0,0.0,1,1,57.806396,91,Replayed,5.0
5.0,1.0,1,1,57.99219,91,Replayed,5.0
3.0,-1.0,-1,0,44.557404,91,Replayed,3.0
-3.0,1.0,1,0,51.47598,91,Replayed,3.0
-38.0,1.0,-1,1,73.880196,91,Replayed,38.0
5.0,1.0,1,1,57.82594,91,Replayed,5.0
-1.0,-1.0,-1,1,47.732063,91,Replayed,1.0
3.0,0.0,1,1,56.405342,91,Replayed,3.0
5.0,-1.0,1,1,56.709446,91,Replayed,5.0
9.0,1.0,1,1,61.053116,91,Replayed,9.0
9.0,0.0,1,1,60.611008,91,Replayed,9.0
-1.0,-1.0,-1,1,47.582783,91,Replayed,1.0
-9.0,-1.0,-1,1,52.565407,91,Replayed,9.0
38.0,1.0,1,1,81.85212,91,Replayed,38.0
5.0,-1.0,-1,0,43.449535,91,Replayed,5.0
9.0,1.0,1,1,60.750683,91,Replayed,9.0
-5.0,0.0,1,0,50.128166,91,Replayed,5.0
-1.0,-1.0,1,0,53.264416,91,Replayed,1.0
9.0,1.0,1,1,62.071888,91,Replayed,9.0
9.0,1.0,1,1,60.855396,91,Replayed,9.0
38.0,1.0,1,1,81.19551,91,Replayed,38.0
-1.0,0.0,1,0,52.63595,91,Replayed,1.0
-3.0,-1.0,-1,1,48.995564,91,Replayed,3.0
-3.0,1.0,1,0,51.337032,91,Replayed,3.0
38.0,0.0,1,1,79.29174,91,Replayed,38.0
-1.0,1.0,-1,1,46.84819,91,Replayed,1.0
-38.0,-1.0,-1,1,69.71765,91,Replayed,38.0
-38.0,0.0,-1,1,72.481636,91,Replayed,38.0
-5.0,1.0,1,0,48.87226,91,Replayed,5.0
-3.0,-1.0,1,0,50.997185,91,Replayed,3.0
9.0,-1.0,1,1,59.05996,91,Replayed,9.0
3.0,-1.0,1,1,55.340885,91,Replayed,3.0
-3.0,1.0,1,0,51.477516,91,Replayed,3.0
-3.0,0.0,1,0,51.16982,91,Replayed,3.0
-3.0,1.0,-1,1,48.96358,91,Replayed,3.0
5.0,-1.0,-1,0,43.828125,91,Replayed,5.0
-1.0,-1.0,1,0,51.861526,91,Replayed,1.0
1.0,1.0,1,1,54.550858,91,Replayed,1.0
9.0,0.0,1,1,60.540424,91,Replayed,9.0
9.0,1.0,1,1,61.306953,91,Replayed,9.0
-5.0,1.0,1,0,49.87821,91,Replayed,5.0
5.0,1.0,1,1,58.24426,91,Replayed,5.0
38.0,1.0,-1,0,18.062,91,Replayed,38.0
38.0,0.0,1,1,79.57552,91,Replayed,38.0
1.0,0.0,1,1,53.77368,91,Replayed,1.0
38.0,1.0,1,1,81.495514,91,Replayed,38.0
38.0,1.0,1,1,81.53806,91,Replayed,38.0
-1.0,1.0,-1,1,46.665913,91,Replayed,1.0
-38.0,-1.0,-1,1,70.19596,91,Replayed,38.0
5.0,-1.0,1,1,56.69105,91,Replayed,5.0
3.0,0.0,1,1,55.134975,91,Replayed,3.0
5.0,0.0,1,1,57.296043,91,Replayed,5.0
-38.0,0.0,-1,1,72.457954,91,Replayed,38.0
5.0,-1.0,1,1,56.2621,91,Replayed,5.0
38.0,1.0,1,1,81.65396,91,Replayed,38.0
1.0,-1.0,1,1,54.27401,91,Replayed,1.0
-5.0,-1.0,1,0,49.833305,91,Replayed,5.0
3.0,1.0,-1,0,43.472088,91,Replayed,3.0
-38.0,1.0,-1,1,74.0382,91,Replayed,38.0
-9.0,1.0,-1,1,53.29917,91,Replayed,9.0
-9.0,1.0,-1,1,53.215134,91,Replayed,9.0
38.0,-1.0,1,1,77.27692,91,Replayed,38.0
-3.0,-1.0,-1,1,49.494213,91,Replayed,3.0
-3.0,-1.0,-1,1,49.02711,91,Replayed,3.0
3.0,-1.0,1,1,54.769867,91,Replayed,3.0
-1.0,-1.0,1,0,53.149216,91,Replayed,1.0
-9.0,1.0,1,0,47.14519,91,Replayed,9.0
5.0,0.0,1,1,57.101273,91,Replayed,5.0
5.0,1.0,1,1,57.390297,91,Replayed,5.0
-38.0,-1.0,1,0,29.485851,91,Replayed,38.0
-38.0,-1.0,-1,1,70.946045,91,Replayed,38.0
38.0,0.0,1,1,80.06402,91,Replayed,38.0
-1.0,0.0,1,0,52.81978,91,Replayed,1.0
-5.0,0.0,1,0,49.45526,91,Replayed,5.0
1.0,-1.0,1,1,54.30197,91,Replayed,1.0
-38.0,0.0,-1,1,72.40022,91,Replayed,38.0
-9.0,1.0,-1,1,54.152946,91,Replayed,9.0
-1.0,-1.0,1,0,52.325047,91,Replayed,1.0
3.0,0.0,-1,0,44.41209,91,Replayed,3.0
1.0,-1.0,1,1,54.45888,91,Replayed,1.0
1.0,1.0,-1,0,45.074104,91,Replayed,1.0
38.0,-1.0,1,1,77.60149,91,Replayed,38.0
1.0,0.0,-1,0,45.243786,91,Replayed,1.0
-9.0,0.0,-1,1,53.26931,91,Replayed,9.0
-3.0,0.0,1,0,51.224148,91,Replayed,3.0
-1.0,0.0,1,0,52.291733,91,Replayed,1.0
1.0,0.0,1,1,53.593094,91,Replayed,1.0
9.0,-1.0,-1,0,40.425972,91,Replayed,9.0
9.0,-1.0,-1,0,40.58478,91,Replayed,9.0
5.0,0.0,1,1,57.27097,91,Replayed,5.0
3.0,1.0,-1,0,43.0872,91,Replayed,3.0
38.0,-1.0,1,1,77.61753,91,Replayed,38.0
-9.0,0.0,1,0,46.758507,91,Replayed,9.0
-5.0,-1.0,1,0,49.758823,91,Replayed,5.0
-1.0,0.0,1,0,53.21033,91,Replayed,1.0
1.0,1.0,-1,0,45.3303,91,Replayed,1.0
-9.0,0.0,1,0,46.474113,91,Replayed,9.0
-38.0,-1.0,-1,1,70.24099,91,Replayed,38.0
3.0,0.0,-1,0,44.024204,91,Replayed,3.0
-5.0,-1.0,-1,1,49.82798,91,Replayed,5.0
-5.0,-1.0,1,0,49.716057,91,Replayed,5.0
-3.0,-1.0,-1,1,49.25976,91,Replayed,3.0
1.0,-1.0,1,1,53.519257,91,Replayed,1.0
-5.0,-1.0,1,0,49.26267,91,Replayed,5.0
9.0,-1.0,1,1,58.41003,91,Replayed,9.0
1.0,0.0,-1,0,46.745712,91,Replayed,1.0
38.0,-1.0,1,1,77.73139,91,Replayed,38.0
5.0,1.0,1,1,58.41449,91,Replayed,5.0
1.0,1.0,1,1,54.288094,91,Replayed,1.0
3.0,1.0,1,1,56.182796,91,Replayed,3.0
-3.0,0.0,1,0,50.241554,91,Replayed,3.0
-9.0,1.0,-1,1,53.86946,91,Replayed,9.0
-3.0,-1.0,1,0,51.670765,91,Replayed,3.0
-9.0,1.0,1,0,46.183132,91,Replayed,9.0
5.0,1.0,1,1,58.028645,91,Replayed,5.0
9.0,-1.0,-1,0,40.28099,91,Replayed,9.0
9.0,0.0,1,1,59.886837,91,Replayed,9.0
-38.0,1.0,-1,1,75.11542,91,Replayed,38.0
3.0,1.0,1,1,56.88265,91,Replayed,3.0
-9.0,-1.0,1,0,46.479557,91,Replayed,9.0
3.0,0.0,-1,0,44.114983,91,Replayed,3.0
-3.0,1.0,-1,1,49.163036,91,Replayed,3.0
-5.0,0.0,-1,1,50.306355,91,Replayed,5.0
-9.0,0.0,1,0,46.541546,91,Replayed,9.0
5.0,0.0,1,1,57.80906,91,Replayed,5.0
-9.0,0.0,-1,1,52.739216,91,Replayed,9.0
-3.0,1.0,1,0,51.963966,91,Replayed,3.0
-1.0,0.0,1,0,52.554237,91,Replayed,1.0
3.0,-1.0,1,1,55.648136,91,Replayed,3.0
38.0,0.0,1,1,79.787346,91,Replayed,38.0
-9.0,1.0,1,0,46.234436,91,Replayed,9.0
-1.0,1.0,1,0,52.61081,91,Replayed,1.0
-3.0,0.0,1,0,50.976032,91,Replayed,3.0
-3.0,-1.0,1,0,50.94548,91,Replayed,3.0
-38.0,0.0,-1,1,72.697464,91,Replayed,38.0
1.0,0.0,-1,0,45.416443,91,Replayed,1.0
38.0,1.0,1,1,81.4752,91,Replayed,38.0
-5.0,0.0,1,0,48.895626,91,Replayed,5.0
-3.0,-1.0,1,0,51.186127,91,Replayed,3.0
-9.0,0.0,1,0,45.65739,91,Replayed,9.0
1.0,-1.0,-1,0,45.63301,91,Replayed,1.0
-1.0,1.0,1,0,52.53955,91,Replayed,1.0
9.0,0.0,1,1,60.477848,91,Replayed,9.0
1.0,0.0,1,1,54.05894,91,Replayed,1.0
3.0,0.0,1,1,55.92947,91,Replayed,3.0
-5.0,-1.0,-1,1,50.076653,91,Replayed,5.0
9.0,0.0,1,1,60.132557,91,Replayed,9.0
3.0,-1.0,1,1,55.956192,91,Replayed,3.0
9.0,-1.0,1,1,59.42506,91,Replayed,9.0
1.0,1.0,1,1,54.75418,91,Replayed,1.0
38.0,-1.0,1,1,77.17568,91,Replayed,38.0
-5.0,-1.0,1,0,49.712963,91,Replayed,5.0
-1.0,-1.0,1,0,52.3192,91,Replayed,1.0
-3.0,0.0,-1,1,48.19428,91,Replayed,3.0
5.0,1.0,-1,0,41.90061,91,Replayed,5.0
1.0,1.0,1,1,53.982193,91,Replayed,1.0
-38.0,1.0,-1,1,73.89215,91,Replayed,38.0
-1.0,-1.0,1,0,52.580063,91,Replayed,1.0
-5.0,1.0,1,0,49.40066,91,Replayed,5.0
-9.0,-1.0,1,0,47.557728,91,Replayed,9.0
-38.0,0.0,-1,1,72.233536,91,Replayed,38.0
-38.0,1.0,-1,1,74.479675,91,Replayed,38.0
3.0,-1.0,-1,0,44.77079,91,Replayed,3.0
-5.0,0.0,1,0,49.924286,91,Replayed,5.0
-3.0,1.0,1,0,50.55844,91,Replayed,3.0
-5.0,0.0,-1,1,50.683968,91,Replayed,5.0
-9.0,1.0,-1,1,74.1665,92,Replayed,9.0
-38.0,1.0,-1,1,99.539764,92,Replayed,38.0
-1.0,1.0,-1,1,52.39408,92,Replayed,1.0
-38.0,0.0,-1,1,98.34502,92,Replayed,38.0
3.0,1.0,1,1,59.643364,92,Replayed,3.0
-5.0,1.0,1,0,34.88426,92,Replayed,5.0
-3.0,-1.0,-1,1,52.99994,92,Replayed,3.0
-1.0,1.0,-1,1,52.00849,92,Replayed,1.0
-5.0,0.0,-1,1,60.47289,92,Replayed,5.0
-38.0,0.0,-1,1,98.28656,92,Replayed,38.0
-38.0,-1.0,-1,1,95.01182,92,Replayed,38.0
3.0,0.0,-1,0,42.925945,92,Replayed,3.0
3.0,0.0,-1,0,43.41391,92,Replayed,3.0
38.0,-1.0,1,1,95.12997,92,Replayed,38.0
38.0,0.0,1,1,98.37152,92,Replayed,38.0
1.0,1.0,1,1,54.038692,92,Replayed,1.0
-9.0,-1.0,-1,1,58.466846,92,Replayed,9.0
-38.0,0.0,-1,1,98.35922,92,Replayed,38.0
1.0,0.0,1,1,52.841274,92,Replayed,1.0
-3.0,-1.0,1,0,47.565536,92,Replayed,3.0
1.0,-1.0,1,1,51.780945,92,Replayed,1.0
-9.0,-1.0,-1,1,57.74622,92,Replayed,9.0
5.0,-1.0,1,1,55.274017,92,Replayed,5.0
-38.0,1.0,-1,1,99.514565,92,Replayed,38.0
-1.0,0.0,-1,1,51.788773,92,Replayed,1.0
5.0,-1.0,1,1,54.324,92,Replayed,5.0
3.0,1.0,1,1,59.30945,92,Replayed,3.0
-38.0,-1.0,-1,1,94.77739,92,Replayed,38.0
-5.0,-1.0,-1,1,54.454086,92,Replayed,5.0
1.0,-1.0,1,1,51.909172,92,Replayed,1.0
5.0,0.0,1,1,59.957916,92,Replayed,5.0
-9.0,0.0,-1,1,67.43695,92,Replayed,9.0
38.0,-1.0,1,1,95.31554,92,Replayed,38.0
-38.0,0.0,-1,1,98.36383,92,Replayed,38.0
9.0,-1.0,1,1,58.78567,92,Replayed,9.0
-9.0,0.0,-1,1,66.553246,92,Replayed,9.0
5.0,0.0,1,1,59.93934,92,Replayed,5.0
-38.0,1.0,-1,1,99.50148,92,Replayed,38.0
-5.0,0.0,-1,1,59.64652,92,Replayed,5.0
-5.0,1.0,-1,1,64.74752,92,Replayed,5.0
3.0,0.0,-1,0,43.0134,92,Replayed,3.0
38.0,1.0,1,1,99.54421,92,Replayed,38.0
9.0,0.0,1,1,67.98213,92,Replayed,9.0
3.0,-1.0,1,1,52.81265,92,Replayed,3.0
-5.0,-1.0,-1,1,54.181557,92,Replayed,5.0
-9.0,-1.0,-1,1,58.698273,92,Replayed,9.0
-38.0,-1.0,-1,1,94.61216,92,Replayed,38.0
5.0,-1.0,1,1,55.146034,92,Replayed,5.0
1.0,-1.0,-1,0,48.739147,92,Replayed,1.0
1.0,0.0,-1,0,47.686474,92,Replayed,1.0
-9.0,1.0,-1,1,75.82881,92,Replayed,9.0
1.0,1.0,-1,0,45.634453,92,Replayed,1.0
-1.0,-1.0,1,0,49.300415,92,Replayed,1.0
-1.0,0.0,-1,1,52.54609,92,Replayed,1.0
5.0,0.0,1,1,59.8472,92,Replayed,5.0
3.0,1.0,1,1,59.54705,92,Replayed,3.0
-9.0,1.0,1,0,26.261906,92,Replayed,9.0
38.0,0.0,1,1,98.387955,92,Replayed,38.0
5.0,1.0,-1,0,35.139454,92,Replayed,5.0
5.0,1.0,1,1,66.53392,92,Replayed,5.0
9.0,-1.0,1,1,59.50774,92,Replayed,9.0
1.0,1.0,-1,0,46.024284,92,Replayed,1.0
3.0,0.0,-1,0,43.455963,92,Replayed,3.0
-38.0,0.0,-1,1,98.25609,92,Replayed,38.0
-38.0,0.0,-1,1,98.328354,92,Replayed,38.0
38.0,0.0,1,1,98.3787,92,Replayed,38.0
-1.0,1.0,1,0,47.97357,92,Replayed,1.0
9.0,0.0,1,1,68.64858,92,Replayed,9.0
-38.0,1.0,-1,1,99.573555,92,Replayed,38.0
-5.0,0.0,-1,1,59.39175,92,Replayed,5.0
-3.0,-1.0,1,0,46.864494,92,Replayed,3.0
-5.0,-1.0,-1,1,54.908348,92,Replayed,5.0
3.0,-1.0,-1,0,46.49257,92,Replayed,3.0
9.0,-1.0,1,1,58.284985,92,Replayed,9.0
-5.0,0.0,1,0,41.322624,92,Replayed,5.0
-3.0,0.0,1,0,44.684635,92,Replayed,3.0
38.0,0.0,1,1,98.5689,92,Replayed,38.0
-3.0,0.0,1,0,43.88846,92,Replayed,3.0
5.0,1.0,1,1,65.59755,92,Replayed,5.0
38.0,1.0,1,1,99.53094,92,Replayed,38.0
38.0,-1.0,1,1,94.79519,92,Replayed,38.0
-3.0,-1.0,-1,1,52.242355,92,Replayed,3.0
-3.0,-1.0,1,0,47.839363,92,Replayed,3.0
-5.0,-1.0,-1,1,55.019196,92,Replayed,5.0
1.0,-1.0,-1,0,49.08552,92,Replayed,1.0
-9.0,0.0,-1,1,67.192986,92,Replayed,9.0
-5.0,1.0,-1,1,64.78071,92,Replayed,5.0
-3.0,1.0,1,0,41.83823,92,Replayed,3.0
9.0,1.0,1,1,75.03025,92,Replayed,9.0
-38.0,1.0,-1,1,99.535385,92,Replayed,38.0
38.0,1.0,1,1,99.55623,92,Replayed,38.0
3.0,-1.0,1,1,53.53176,92,Replayed,3.0
38.0,1.0,1,1,99.54329,92,Replayed,38.0
9.0,1.0,1,1,75.394226,92,Replayed,9.0
-5.0,0.0,1,0,40.80273,92,Replayed,5.0
1.0,1.0,-1,0,46.990105,92,Replayed,1.0
3.0,1.0,1,1,60.11241,92,Replayed,3.0
9.0,0.0,1,1,67.93089,92,Replayed,9.0
5.0,0.0,1,1,60.63312,92,Replayed,5.0
3.0,-1.0,-1,0,46.511253,92,Replayed,3.0
1.0,1.0,1,1,53.987526,92,Replayed,1.0
-1.0,0.0,1,0,47.805656,92,Replayed,1.0
-3.0,1.0,1,0,41.54628,92,Replayed,3.0
-3.0,0.0,1,0,43.888725,92,Replayed,3.0
38.0,-1.0,1,1,95.05361,92,Replayed,38.0
-9.0,1.0,-1,1,74.39849,92,Replayed,9.0
1.0,1.0,-1,0,46.331913,92,Replayed,1.0
-9.0,1.0,1,0,25.242168,92,Replayed,9.0
-38.0,1.0,-1,1,99.55099,92,Replayed,38.0
1.0,-1.0,1,1,51.252674,92,Replayed,1.0
-1.0,-1.0,-1,1,50.604893,92,Replayed,1.0
5.0,0.0,1,1,61.06827,92,Replayed,5.0
-5.0,-1.0,-1,1,54.470356,92,Replayed,5.0
1.0,0.0,-1,0,48.15874,92,Replayed,1.0
-9.0,1.0,-1,1,74.49774,92,Replayed,9.0
-3.0,-1.0,1,0,46.82389,92,Replayed,3.0
-1.0,0.0,1,0,48.308216,92,Replayed,1.0
3.0,1.0,-1,0,41.498405,92,Replayed,3.0
5.0,-1.0,1,1,55.054432,92,Replayed,5.0
38.0,1.0,1,1,99.58293,92,Replayed,38.0
-3.0,0.0,-1,1,56.36077,92,Replayed,3.0
-1.0,-1.0,-1,1,51.416332,92,Replayed,1.0
5.0,1.0,1,1,65.167114,92,Replayed,5.0
-1.0,-1.0,-1,1,51.25817,92,Replayed,1.0
9.0,-1.0,1,1,59.684784,92,Replayed,9.0
3.0,-1.0,1,1,52.5721,92,Replayed,3.0
38.0,0.0,1,1,98.46906,92,Replayed,38.0
-3.0,1.0,1,0,41.218178,92,Replayed,3.0
1.0,1.0,-1,0,46.482677,92,Replayed,1.0
3.0,0.0,1,1,56.51825,92,Replayed,3.0
9.0,1.0,1,1,74.876335,92,Replayed,9.0
-5.0,0.0,-1,1,61.159153,92,Replayed,5.0
-38.0,-1.0,-1,1,94.81859,92,Replayed,38.0
-1.0,-1.0,-1,1,50.807865,92,Replayed,1.0
-38.0,-1.0,-1,1,94.754555,92,Replayed,38.0
-38.0,1.0,-1,1,99.51234,92,Replayed,38.0
-3.0,1.0,1,0,41.583733,92,Replayed,3.0
9.0,-1.0,1,1,58.715153,92,Replayed,9.0
3.0,1.0,-1,0,40.19908,92,Replayed,3.0
3.0,1.0,-1,0,40.540077,92,Replayed,3.0
3.0,-1.0,1,1,53.632195,92,Replayed,3.0
-9.0,-1.0,-1,1,58.69208,92,Replayed,9.0
-5.0,-1.0,-1,1,55.37778,92,Replayed,5.0
9.0,-1.0,1,1,58.6576,92,Replayed,9.0
5.0,0.0,1,1,60.413437,92,Replayed,5.0
9.0,1.0,1,1,75.640724,92,Replayed,9.0
3.0,0.0,1,1,56.17036,92,Replayed,3.0
-5.0,-1.0,-1,1,54.67707,92,Replayed,5.0
-3.0,1.0,1,0,41.164417,92,Replayed,3.0
5.0,-1.0,1,1,55.233265,92,Replayed,5.0
-9.0,1.0,-1,1,74.97001,92,Replayed,9.0
9.0,1.0,1,1,75.73785,92,Replayed,9.0
9.0,0.0,1,1,67.61244,92,Replayed,9.0
38.0,-1.0,1,1,94.843575,92,Replayed,38.0
-3.0,0.0,-1,1,56.06077,92,Replayed,3.0
5.0,1.0,1,1,64.91635,92,Replayed,5.0
-38.0,0.0,-1,1,98.320625,92,Replayed,38.0
9.0,0.0,1,1,68.09471,92,Replayed,9.0
1.0,0.0,-1,0,46.377583,92,Replayed,1.0
-9.0,0.0,-1,1,67.082306,92,Replayed,9.0
9.0,1.0,1,1,75.39608,92,Replayed,9.0
9.0,0.0,1,1,68.22178,92,Replayed,9.0
1.0,-1.0,-1,0,48.358223,92,Replayed,1.0
3.0,1.0,1,1,59.00936,92,Replayed,3.0
-5.0,1.0,-1,1,65.12484,92,Replayed,5.0
-9.0,0.0,-1,1,67.18985,92,Replayed,9.0
5.0,1.0,1,1,65.73313,92,Replayed,5.0
3.0,-1.0,1,1,52.914684,92,Replayed,3.0
38.0,1.0,1,1,99.54225,92,Replayed,38.0
1.0,0.0,-1,0,47.915222,92,Replayed,1.0
5.0,-1.0,1,1,55.592697,92,Replayed,5.0
-1.0,1.0,1,0,46.94942,92,Replayed,1.0
38.0,0.0,1,1,98.42212,92,Replayed,38.0
-38.0,-1.0,-1,1,94.73515,92,Replayed,38.0
9.0,1.0,-1,0,24.176008,92,Replayed,9.0
-1.0,0.0,-1,1,52.69524,92,Replayed,1.0
-9.0,-1.0,-1,1,57.72988,92,Replayed,9.0
3.0,0.0,1,1,56.237633,92,Replayed,3.0
-1.0,-1.0,-1,1,50.617935,92,Replayed,1.0
-1.0,0.0,1,0,48.729256,92,Replayed,1.0
9.0,1.0,1,1,74.950356,92,Replayed,9.0
-1.0,1.0,1,0,47.102573,92,Replayed,1.0
-9.0,1.0,1,0,24.88279,92,Replayed,9.0
1.0,0.0,-1,0,46.992188,92,Replayed,1.0
-5.0,1.0,-1,1,64.976875,92,Replayed,5.0
5.0,-1.0,1,1,55.255592,92,Replayed,5.0
1.0,0.0,-1,0,47.409653,92,Replayed,1.0
1.0,-1.0,-1,0,48.00887,92,Replayed,1.0
-5.0,1.0,-1,1,64.19305,92,Replayed,5.0
-9.0,-1.0,1,0,41.870888,92,Replayed,9.0
-1.0,1.0,-1,1,52.29708,92,Replayed,1.0
5.0,-1.0,1,1,55.157845,92,Replayed,5.0
-9.0,0.0,-1,1,67.56236,92,Replayed,9.0
5.0,0.0,1,1,59.824867,92,Replayed,5.0
38.0,-1.0,1,1,95.14155,92,Replayed,38.0
38.0,1.0,1,1,99.583954,92,Replayed,38.0
-5.0,-1.0,-1,1,55.049984,92,Replayed,5.0
-38.0,0.0,-1,1,98.29942,92,Replayed,38.0
9.0,0.0,1,1,68.72587,92,Replayed,9.0
9.0,-1.0,1,1,59.261745,92,Replayed,9.0
-9.0,0.0,1,0,32.44656,92,Replayed,9.0
5.0,0.0,1,1,60.56204,92,Replayed,5.0
-3.0,0.0,-1,1,54.908604,92,Replayed,3.0
9.0,-1.0,-1,0,41.329636,92,Replayed,9.0
-1.0,0.0,-1,1,51.8216,92,Replayed,1.0
1.0,0.0,-1,0,47.20581,92,Replayed,1.0
-3.0,1.0,-1,1,57.20353,92,Replayed,3.0
1.0,-1.0,-1,0,48.389633,92,Replayed,1.0
-3.0,1.0,-1,1,57.733864,92,Replayed,3.0
-9.0,0.0,-1,1,66.690216,92,Replayed,9.0
-38.0,1.0,-1,1,99.526474,92,Replayed,38.0
-38.0,-1.0,-1,1,95.099434,92,Replayed,38.0
9.0,0.0,1,1,68.38394,92,Replayed,9.0
-3.0,-1.0,-1,1,53.212654,92,Replayed,3.0
-3.0,-1.0,1,0,46.73593,92,Replayed,3.0
-9.0,-1.0,-1,1,57.295273,92,Replayed,9.0
38.0,1.0,1,1,99.5498,92,Replayed,38.0
-5.0,0.0,-1,1,59.031723,92,Replayed,5.0
-5.0,1.0,-1,1,64.52067,92,Replayed,5.0
-1.0,1.0,-1,1,51.871155,92,Replayed,1.0
-3.0,0.0,1,0,44.8839,92,Replayed,3.0
38.0,-1.0,1,1,94.768555,92,Replayed,38.0
-9.0,-1.0,-1,1,58.455734,92,Replayed,9.0
38.0,0.0,1,1,98.45007,92,Replayed,38.0
5.0,1.0,-1,0,34.658096,92,Replayed,5.0
38.0,-1.0,1,1,95.3261,92,Replayed,38.0
-38.0,-1.0,-1,1,94.72825,92,Replayed,38.0
-1.0,-1.0,1,0,48.59861,92,Replayed,1.0
-1.0,-1.0,-1,1,50.467575,92,Replayed,1.0
1.0,1.0,1,1,53.687675,92,Replayed,1.0
-1.0,0.0,1,0,48.630325,92,Replayed,1.0
-5.0,0.0,-1,1,60.19574,92,Replayed,5.0
38.0,0.0,1,1,98.42505,92,Replayed,38.0
-5.0,1.0,-1,1,64.548515,92,Replayed,5.0
-1.0,1.0,1,0,47.428753,92,Replayed,1.0
-3.0,0.0,-1,1,55.955334,92,Replayed,3.0
-3.0,1.0,-1,1,59.034054,92,Replayed,3.0
5.0,1.0,1,1,64.876945,92,Replayed,5.0
3.0,-1.0,1,1,54.05751,92,Replayed,3.0
3.0,0.0,-1,0,44.01871,92,Replayed,3.0
38.0,1.0,1,1,88.91701,93,Replayed,38.0
-9.0,0.0,-1,1,64.951584,93,Replayed,9.0
3.0,-1.0,1,1,49.96821,93,Replayed,3.0
-3.0,1.0,-1,1,57.1391,93,Replayed,3.0
-1.0,0.0,1,0,45.60354,93,Replayed,1.0
-1.0,-1.0,-1,1,54.004894,93,Replayed,1.0
-38.0,-1.0,-1,1,90.45402,93,Replayed,38.0
-3.0,1.0,-1,1,57.50383,93,Replayed,3.0
-5.0,-1.0,-1,1,59.758003,93,Replayed,5.0
-5.0,1.0,1,0,40.37915,93,Replayed,5.0
38.0,1.0,1,1,89.4505,93,Replayed,38.0
-3.0,-1.0,-1,1,57.09825,93,Replayed,3.0
-38.0,0.0,-1,1,91.42438,93,Replayed,38.0
3.0,0.0,1,1,51.24019,93,Replayed,3.0
9.0,1.0,1,1,59.09591,93,Replayed,9.0
-1.0,1.0,1,0,44.636013,93,Replayed,1.0
38.0,1.0,1,1,89.02021,93,Replayed,38.0
-3.0,1.0,1,0,42.659996,93,Replayed,3.0
-3.0,-1.0,1,0,42.896183,93,Replayed,3.0
1.0,1.0,1,1,47.046627,93,Replayed,1.0
5.0,-1.0,1,1,53.103493,93,Replayed,5.0
3.0,1.0,1,1,51.139755,93,Replayed,3.0
-1.0,1.0,1,0,45.379974,93,Replayed,1.0
-9.0,1.0,-1,1,64.78968,93,Replayed,9.0
5.0,-1.0,1,1,52.657127,93,Replayed,5.0
-9.0,0.0,-1,1,65.24105,93,Replayed,9.0
-3.0,-1.0,-1,1,57.313747,93,Replayed,3.0
3.0,-1.0,1,1,50.480415,93,Replayed,3.0
3.0,-1.0,-1,0,50.365726,93,Replayed,3.0
38.0,0.0,-1,0,11.282255,93,Replayed,38.0
1.0,0.0,-1,0,51.7995,93,Replayed,1.0
-3.0,0.0,-1,1,58.072357,93,Replayed,3.0
3.0,1.0,-1,0,50.873703,93,Replayed,3.0
-1.0,1.0,-1,1,54.857815,93,Replayed,1.0
-9.0,-1.0,-1,1,64.62063,93,Replayed,9.0
1.0,-1.0,1,1,48.072617,93,Replayed,1.0
9.0,1.0,1,1,59.375072,93,Replayed,9.0
9.0,1.0,1,1,59.94094,93,Replayed,9.0
1.0,0.0,-1,0,52.8166,93,Replayed,1.0
38.0,-1.0,1,1,87.37039,93,Replayed,38.0
38.0,1.0,1,1,89.29895,93,Replayed,38.0
-5.0,-1.0,-1,1,60.111584,93,Replayed,5.0
-9.0,0.0,-1,1,64.971985,93,Replayed,9.0
-5.0,0.0,1,0,40.231697,93,Replayed,5.0
-9.0,-1.0,-1,1,64.29135,93,Replayed,9.0
5.0,0.0,1,1,53.93508,93,Replayed,5.0
5.0,-1.0,-1,0,45.83787,93,Replayed,5.0
5.0,-1.0,-1,0,46.50592,93,Replayed,5.0
-1.0,0.0,1,0,44.930676,93,Replayed,1.0
9.0,-1.0,1,1,58.76239,93,Replayed,9.0
-38.0,1.0,-1,1,92.2467,93,Replayed,38.0
-1.0,0.0,-1,1,54.607536,93,Replayed,1.0
-1.0,-1.0,1,0,46.695007,93,Replayed,1.0
9.0,-1.0,-1,0,41.30054,93,Replayed,9.0
-1.0,0.0,-1,1,54.391445,93,Replayed,1.0
9.0,0.0,1,1,59.64591,93,Replayed,9.0
38.0,1.0,1,1,89.08467,93,Replayed,38.0
5.0,0.0,-1,0,47.110428,93,Replayed,5.0
5.0,-1.0,-1,0,46.44168,93,Replayed,5.0
9.0,0.0,1,1,58.6584,93,Replayed,9.0
5.0,1.0,-1,0,45.21941,93,Replayed,5.0
1.0,0.0,-1,0,52.581215,93,Replayed,1.0
-1.0,0.0,1,0,44.63343,93,Replayed,1.0
-38.0,0.0,-1,1,91.37577,93,Replayed,38.0
38.0,-1.0,1,1,87.51762,93,Replayed,38.0
-5.0,0.0,-1,1,60.643715,93,Replayed,5.0
-5.0,-1.0,-1,1,60.372425,93,Replayed,5.0
38.0,0.0,1,1,88.66958,93,Replayed,38.0
9.0,0.0,-1,0,40.563,93,Replayed,9.0
38.0,0.0,1,1,88.20294,93,Replayed,38.0
-38.0,1.0,-1,1,91.97702,93,Replayed,38.0
5.0,1.0,1,1,53.727913,93,Replayed,5.0
-38.0,0.0,-1,1,91.33373,93,Replayed,38.0
-1.0,0.0,-1,1,55.665565,93,Replayed,1.0
-5.0,0.0,1,0,39.295906,93,Replayed,5.0
-9.0,0.0,-1,1,64.860756,93,Replayed,9.0
-5.0,0.0,1,0,40.823925,93,Replayed,5.0
3.0,-1.0,-1,0,48.459778,93,Replayed,3.0
3.0,1.0,-1,0,48.84418,93,Replayed,3.0
5.0,1.0,-1,0,46.7409,93,Replayed,5.0
-9.0,-1.0,-1,1,64.71027,93,Replayed,9.0
3.0,1.0,-1,0,48.86644,93,Replayed,3.0
-38.0,-1.0,-1,1,91.115906,93,Replayed,38.0
5.0,0.0,-1,0,47.53238,93,Replayed,5.0
-5.0,1.0,-1,1,61.077976,93,Replayed,5.0
3.0,1.0,-1,0,49.25815,93,Replayed,3.0
3.0,1.0,1,1,51.51642,93,Replayed,3.0
9.0,-1.0,-1,0,42.37785,93,Replayed,9.0
1.0,0.0,1,1,48.259563,93,Replayed,1.0
3.0,0.0,1,1,50.21893,93,Replayed,3.0
1.0,-1.0,1,1,48.63798,93,Replayed,1.0
9.0,1.0,-1,0,40.302723,93,Replayed,9.0
5.0,0.0,-1,0,45.405777,93,Replayed,5.0
-5.0,1.0,1,0,39.66117,93,Replayed,5.0
-5.0,-1.0,-1,1,60.642303,93,Replayed,5.0
3.0,0.0,-1,0,49.79861,93,Replayed,3.0
-9.0,1.0,1,0,34.715614,93,Replayed,9.0
-9.0,1.0,-1,1,66.2454,93,Replayed,9.0
38.0,1.0,1,1,89.35878,93,Replayed,38.0
-38.0,1.0,-1,1,92.75228,93,Replayed,38.0
3.0,1.0,-1,0,48.88505,93,Replayed,3.0
-1.0,0.0,1,0,44.661354,93,Replayed,1.0
38.0,-1.0,1,1,87.245544,93,Replayed,38.0
38.0,1.0,1,1,89.24846,93,Replayed,38.0
1.0,1.0,1,1,47.202614,93,Replayed,1.0
-1.0,-1.0,1,0,44.87096,93,Replayed,1.0
-3.0,0.0,-1,1,57.34447,93,Replayed,3.0
38.0,1.0,1,1,89.36036,93,Replayed,38.0
38.0,-1.0,1,1,87.13173,93,Replayed,38.0
-38.0,1.0,-1,1,92.255035,93,Replayed,38.0
-38.0,1.0,-1,1,92.111015,93,Replayed,38.0
-5.0,-1.0,-1,1,59.348816,93,Replayed,5.0
-1.0,1.0,-1,1,54.89678,93,Replayed,1.0
-1.0,1.0,-1,1,54.685295,93,Replayed,1.0
5.0,1.0,1,1,54.144997,93,Replayed,5.0
-9.0,1.0,-1,1,65.34458,93,Replayed,9.0
-1.0,-1.0,-1,1,55.20968,93,Replayed,1.0
-38.0,1.0,-1,1,91.91181,93,Replayed,38.0
9.0,-1.0,1,1,57.90919,93,Replayed,9.0
1.0,-1.0,1,1,47.326878,93,Replayed,1.0
1.0,-1.0,-1,0,51.753468,93,Replayed,1.0
3.0,-1.0,-1,0,48.58561,93,Replayed,3.0
-38.0,0.0,-1,1,91.30035,93,Replayed,38.0
5.0,1.0,1,1,53.164707,93,Replayed,5.0
3.0,-1.0,1,1,50.992805,93,Replayed,3.0
-38.0,0.0,-1,1,91.218414,93,Replayed,38.0
5.0,0.0,-1,0,47.377724,93,Replayed,5.0
-9.0,0.0,-1,1,65.50003,93,Replayed,9.0
38.0,-1.0,1,1,87.73897,93,Replayed,38.0
-5.0,-1.0,-1,1,60.383232,93,Replayed,5.0
38.0,0.0,1,1,88.573364,93,Replayed,38.0
-5.0,0.0,-1,1,60.15857,93,Replayed,5.0
1.0,1.0,-1,0,51.752724,93,Replayed,1.0
-9.0,1.0,-1,1,66.65283,93,Replayed,9.0
-5.0,1.0,-1,1,60.90676,93,Replayed,5.0
3.0,0.0,1,1,50.45287,93,Replayed,3.0
1.0,-1.0,-1,0,51.125862,93,Replayed,1.0
-1.0,-1.0,-1,1,54.643143,93,Replayed,1.0
-9.0,-1.0,-1,1,64.38646,93,Replayed,9.0
-5.0,1.0,1,0,39.465214,93,Replayed,5.0
-3.0,1.0,1,0,41.701122,93,Replayed,3.0
5.0,0.0,1,1,52.772568,93,Replayed,5.0
5.0,1.0,-1,0,45.972786,93,Replayed,5.0
-5.0,1.0,-1,1,59.867455,93,Replayed,5.0
5.0,0.0,1,1,53.31096,93,Replayed,5.0
1.0,1.0,1,1,47.41994,93,Replayed,1.0
-38.0,0.0,-1,1,90.88247,93,Replayed,38.0
3.0,0.0,-1,0,49.303646,93,Replayed,3.0
-5.0,-1.0,1,0,40.177685,93,Replayed,5.0
38.0,0.0,1,1,88.55723,93,Replayed,38.0
38.0,-1.0,1,1,87.66462,93,Replayed,38.0
-5.0,1.0,1,0,39.491455,93,Replayed,5.0
-9.0,-1.0,1,0,35.614754,93,Replayed,9.0
-9.0,0.0,-1,1,66.106674,93,Replayed,9.0
1.0,0.0,-1,0,51.989235,93,Replayed,1.0
-3.0,1.0,1,0,42.19858,93,Replayed,3.0
9.0,1.0,-1,0,41.170017,93,Replayed,9.0
-5.0,0.0,-1,1,60.889946,93,Replayed,5.0
3.0,0.0,-1,0,49.532978,93,Replayed,3.0
5.0,-1.0,1,1,52.55732,93,Replayed,5.0
1.0,1.0,1,1,48.35139,93,Replayed,1.0
-1.0,1.0,1,0,45.128014,93,Replayed,1.0
-3.0,0.0,-1,1,58.358067,93,Replayed,3.0
3.0,0.0,-1,0,48.513348,93,Replayed,3.0
-9.0,-1.0,-1,1,65.704834,93,Replayed,9.0
-5.0,0.0,-1,1,60.0358,93,Replayed,5.0
9.0,0.0,1,1,59.301163,93,Replayed,9.0
-3.0,-1.0,-1,1,58.05416,93,Replayed,3.0
-38.0,1.0,-1,1,92.16492,93,Replayed,38.0
-9.0,0.0,1,0,34.405647,93,Replayed,9.0
-3.0,0.0,-1,1,57.804966,93,Replayed,3.0
-1.0,1.0,1,0,45.110874,93,Replayed,1.0
-9.0,1.0,-1,1,64.862465,93,Replayed,9.0
9.0,0.0,1,1,58.412193,93,Replayed,9.0
9.0,1.0,-1,0,40.90754,93,Replayed,9.0
3.0,-1.0,-1,0,49.919212,93,Replayed,3.0
-38.0,-1.0,-1,1,90.647156,93,Replayed,38.0
-9.0,0.0,-1,1,65.66906,93,Replayed,9.0
-3.0,1.0,1,0,41.464527,93,Replayed,3.0
-9.0,1.0,-1,1,65.76896,93,Replayed,9.0
9.0,-1.0,-1,0,40.650845,93,Replayed,9.0
38.0,0.0,1,1,88.751816,93,Replayed,38.0
5.0,1.0,-1,0,47.027786,93,Replayed,5.0
-38.0,-1.0,-1,1,90.75319,93,Replayed,38.0
-5.0,1.0,-1,1,60.862713,93,Replayed,5.0
-38.0,0.0,-1,1,91.446266,93,Replayed,38.0
9.0,-1.0,1,1,59.372276,93,Replayed,9.0
9.0,0.0,1,1,58.900726,93,Replayed,9.0
-5.0,0.0,1,0,40.62493,93,Replayed,5.0
38.0,-1.0,1,1,87.89458,93,Replayed,38.0
9.0,-1.0,-1,0,40.98702,93,Replayed,9.0
5.0,1.0,1,1,53.791553,93,Replayed,5.0
-3.0,0.0,-1,1,57.548515,93,Replayed,3.0
-3.0,1.0,-1,1,57.763367,93,Replayed,3.0
-9.0,1.0,1,0,34.569195,93,Replayed,9.0
-3.0,0.0,-1,1,58.388035,93,Replayed,3.0
1.0,-1.0,-1,0,52.837746,93,Replayed,1.0
3.0,1.0,1,1,50.655968,93,Replayed,3.0
1.0,1.0,-1,0,51.724537,93,Replayed,1.0
1.0,-1.0,-1,0,51.598145,93,Replayed,1.0
9.0,1.0,1,1,59.889233,93,Replayed,9.0
3.0,0.0,-1,0,50.02094,93,Replayed,3.0
-9.0,-1.0,-1,1,64.664635,93,Replayed,9.0
-3.0,0.0,1,0,42.376858,93,Replayed,3.0
9.0,-1.0,1,1,58.539833,93,Replayed,9.0
-38.0,-1.0,-1,1,90.57519,93,Replayed,38.0
38.0,-1.0,1,1,87.510735,93,Replayed,38.0
-38.0,-1.0,-1,1,91.00967,93,Replayed,38.0
-1.0,0.0,-1,1,54.69748,93,Replayed,1.0
-3.0,-1.0,1,0,42.880566,93,Replayed,3.0
1.0,0.0,-1,0,52.45873,93,Replayed,1.0
-38.0,-1.0,-1,1,90.43147,93,Replayed,38.0
38.0,0.0,1,1,88.42047,93,Replayed,38.0
-38.0,0.0,-1,1,91.25789,93,Replayed,38.0
5.0,-1.0,-1,0,46.621845,93,Replayed,5.0
-1.0,-1.0,-1,1,54.9993,93,Replayed,1.0
5.0,0.0,-1,0,46.544525,93,Replayed,5.0
-38.0,1.0,-1,1,92.374626,93,Replayed,38.0
-38.0,-1.0,-1,1,90.032906,93,Replayed,38.0
1.0,0.0,1,1,47.244083,93,Replayed,1.0
-9.0,-1.0,-1,1,64.92751,93,Replayed,9.0
-3.0,0.0,-1,1,57.295567,93,Replayed,3.0
9.0,1.0,1,1,59.79202,93,Replayed,9.0
5.0,-1.0,1,1,52.624577,93,Replayed,5.0
1.0,-1.0,-1,0,51.906456,93,Replayed,1.0
9.0,0.0,1,1,58.500717,93,Replayed,9.0
1.0,1.0,-1,0,53.560364,93,Replayed,1.0
-5.0,-1.0,-1,1,59.860695,93,Replayed,5.0
9.0,0.0,1,1,58.69286,93,Replayed,9.0
-3.0,1.0,-1,1,58.115173,93,Replayed,3.0
-3.0,-1.0,1,0,42.32961,93,Replayed,3.0
38.0,0.0,1,1,88.71735,93,Replayed,38.0
-3.0,-1.0,-1,1,57.00138,93,Replayed,3.0
3.0,-1.0,1,1,50.31427,93,Replayed,3.0
1.0,1.0,1,1,48.50956,93,Replayed,1.0
-1.0,-1.0,1,0,45.056435,93,Replayed,1.0
1.0,0.0,1,1,48.211433,93,Replayed,1.0
-1.0,1.0,-1,1,54.951828,93,Replayed,1.0
-3.0,-1.0,-1,1,57.40896,93,Replayed,3.0
-1.0,-1.0,-1,1,54.926575,93,Replayed,1.0
9.0,-1.0,1,1,66.26022,94,Replayed,9.0
9.0,1.0,1,1,69.095146,94,Replayed,9.0
9.0,0.0,1,1,67.999306,94,Replayed,9.0
5.0,0.0,1,1,62.25322,94,Replayed,5.0
38.0,-1.0,1,1,89.54994,94,Replayed,38.0
-3.0,-1.0,-1,1,47.668755,94,Replayed,3.0
3.0,0.0,1,1,58.55382,94,Replayed,3.0
1.0,0.0,1,1,56.89797,94,Replayed,1.0
-38.0,-1.0,-1,1,84.31054,94,Replayed,38.0
-9.0,0.0,-1,1,55.609108,94,Replayed,9.0
1.0,-1.0,1,1,56.249245,94,Replayed,1.0
-3.0,-1.0,1,0,51.88452,94,Replayed,3.0
-5.0,-1.0,1,0,48.276154,94,Replayed,5.0
-38.0,1.0,-1,1,89.136765,94,Replayed,38.0
-3.0,0.0,-1,1,48.171364,94,Replayed,3.0
1.0,1.0,-1,0,42.491062,94,Replayed,1.0
-3.0,1.0,1,0,51.119255,94,Replayed,3.0
3.0,1.0,1,1,60.713173,94,Replayed,3.0
38.0,0.0,1,1,90.96333,94,Replayed,38.0
-38.0,-1.0,-1,1,85.78239,94,Replayed,38.0
-38.0,1.0,-1,1,89.0027,94,Replayed,38.0
1.0,1.0,-1,0,43.578094,94,Replayed,1.0
-9.0,1.0,-1,1,55.96034,94,Replayed,9.0
9.0,-1.0,1,1,66.05621,94,Replayed,9.0
1.0,-1.0,1,1,56.64295,94,Replayed,1.0
9.0,0.0,1,1,67.62518,94,Replayed,9.0
-1.0,0.0,-1,1,45.488396,94,Replayed,1.0
5.0,0.0,-1,0,37.19584,94,Replayed,5.0
1.0,0.0,1,1,57.177673,94,Replayed,1.0
-38.0,0.0,-1,1,87.10128,94,Replayed,38.0
9.0,1.0,1,1,68.52865,94,Replayed,9.0
9.0,0.0,-1,0,32.04942,94,Replayed,9.0
-38.0,-1.0,-1,1,84.97953,94,Replayed,38.0
-9.0,1.0,-1,1,55.325455,94,Replayed,9.0
1.0,0.0,1,1,55.834587,94,Replayed,1.0
1.0,1.0,1,1,56.5545,94,Replayed,1.0
5.0,0.0,1,1,61.945587,94,Replayed,5.0
9.0,0.0,1,1,66.77144,94,Replayed,9.0
-3.0,1.0,1,0,52.729958,94,Replayed,3.0
-5.0,-1.0,1,0,49.49573,94,Replayed,5.0
-38.0,0.0,-1,1,87.175,94,Replayed,38.0
-3.0,1.0,-1,1,47.279713,94,Replayed,3.0
5.0,1.0,1,1,63.487225,94,Replayed,5.0
3.0,-1.0,1,1,59.243637,94,Replayed,3.0
-3.0,-1.0,1,0,51.149517,94,Replayed,3.0
38.0,-1.0,1,1,89.507065,94,Replayed,38.0
-3.0,-1.0,1,0,51.844364,94,Replayed,3.0
-38.0,0.0,-1,1,87.07972,94,Replayed,38.0
38.0,1.0,1,1,93.04983,94,Replayed,38.0
38.0,-1.0,1,1,90.087685,94,Replayed,38.0
-3.0,-1.0,1,0,51.670265,94,Replayed,3.0
-1.0,-1.0,1,0,55.491554,94,Replayed,1.0
9.0,1.0,-1,0,31.254084,94,Replayed,9.0
9.0,1.0,1,1,68.910934,94,Replayed,9.0
1.0,-1.0,1,1,55.163467,94,Replayed,1.0
-9.0,0.0,-1,1,56.631935,94,Replayed,9.0
-1.0,1.0,1,0,56.054665,94,Replayed,1.0
1.0,-1.0,1,1,57.22406,94,Replayed,1.0
9.0,1.0,-1,0,30.069319,94,Replayed,9.0
3.0,1.0,-1,0,38.825626,94,Replayed,3.0
-38.0,0.0,-1,1,86.62366,94,Replayed,38.0
-9.0,1.0,-1,1,56.919266,94,Replayed,9.0
3.0,1.0,1,1,59.845306,94,Replayed,3.0
3.0,1.0,-1,0,39.790264,94,Replayed,3.0
38.0,1.0,1,1,93.27347,94,Replayed,38.0
-9.0,-1.0,-1,1,55.54091,94,Replayed,9.0
38.0,0.0,1,1,91.76949,94,Replayed,38.0
5.0,1.0,1,1,62.78344,94,Replayed,5.0
38.0,1.0,1,1,93.09906,94,Replayed,38.0
-5.0,1.0,1,0,49.984802,94,Replayed,5.0
-9.0,1.0,-1,1,56.812817,94,Replayed,9.0
3.0,-1.0,-1,0,40.925583,94,Replayed,3.0
-5.0,-1.0,1,0,48.29594,94,Replayed,5.0
-1.0,-1.0,-1,1,45.72994,94,Replayed,1.0
-38.0,1.0,-1,1,89.06148,94,Replayed,38.0
-1.0,0.0,-1,1,45.986187,94,Replayed,1.0
3.0,-1.0,1,1,59.48004,94,Replayed,3.0
-5.0,-1.0,1,0,49.36364,94,Replayed,5.0
-38.0,-1.0,-1,1,84.7735,94,Replayed,38.0
5.0,0.0,1,1,61.92222,94,Replayed,5.0
5.0,-1.0,1,1,61.80399,94,Replayed,5.0
1.0,0.0,1,1,56.815517,94,Replayed,1.0
-1.0,-1.0,1,0,55.016144,94,Replayed,1.0
3.0,1.0,1,1,59.861477,94,Replayed,3.0
38.0,1.0,1,1,93.52044,94,Replayed,38.0
-9.0,-1.0,-1,1,55.792435,94,Replayed,9.0
-1.0,1.0,-1,1,44.720535,94,Replayed,1.0
3.0,-1.0,1,1,60.56205,94,Replayed,3.0
5.0,1.0,1,1,63.29336,94,Replayed,5.0
5.0,1.0,1,1,63.813824,94,Replayed,5.0
5.0,1.0,1,1,63.220013,94,Replayed,5.0
-5.0,1.0,-1,1,50.16315,94,Replayed,5.0
-9.0,1.0,1,0,44.04909,94,Replayed,9.0
9.0,0.0,-1,0,32.776997,94,Replayed,9.0
-3.0,1.0,1,0,51.426632,94,Replayed,3.0
-9.0,-1.0,-1,1,56.724323,94,Replayed,9.0
3.0,0.0,-1,0,40.687786,94,Replayed,3.0
-3.0,0.0,1,0,52.65328,94,Replayed,3.0
-5.0,0.0,1,0,49.061058,94,Replayed,5.0
3.0,1.0,-1,0,38.55804,94,Replayed,3.0
-1.0,0.0,-1,1,45.37164,94,Replayed,1.0
-3.0,-1.0,1,0,52.114616,94,Replayed,3.0
1.0,1.0,-1,0,43.30816,94,Replayed,1.0
-3.0,-1.0,1,0,52.46422,94,Replayed,3.0
9.0,-1.0,-1,0,33.680073,94,Replayed,9.0
-38.0,0.0,1,0,12.962519,94,Replayed,38.0
-3.0,1.0,1,0,51.395805,94,Replayed,3.0
-3.0,-1.0,1,0,51.3347,94,Replayed,3.0
5.0,1.0,1,1,62.339306,94,Replayed,5.0
-1.0,-1.0,1,0,54.100956,94,Replayed,1.0
-3.0,0.0,-1,1,48.269764,94,Replayed,3.0
5.0,1.0,1,1,64.34684,94,Replayed,5.0
1.0,-1.0,1,1,56.262814,94,Replayed,1.0
-5.0,1.0,-1,1,50.242805,94,Replayed,5.0
-3.0,0.0,1,0,51.141422,94,Replayed,3.0
3.0,0.0,1,1,61.010403,94,Replayed,3.0
38.0,0.0,1,1,91.35431,94,Replayed,38.0
5.0,-1.0,1,1,60.797234,94,Replayed,5.0
3.0,0.0,-1,0,39.659737,94,Replayed,3.0
-1.0,1.0,-1,1,46.088547,94,Replayed,1.0
-3.0,0.0,1,0,51.481777,94,Replayed,3.0
-38.0,1.0,-1,1,89.09641,94,Replayed,38.0
5.0,-1.0,-1,0,38.392395,94,Replayed,5.0
5.0,-1.0,1,1,62.179028,94,Replayed,5.0
38.0,0.0,1,1,91.81031,94,Replayed,38.0
-1.0,-1.0,1,0,53.635437,94,Replayed,1.0
-1.0,1.0,-1,1,44.983067,94,Replayed,1.0
1.0,0.0,-1,0,43.38217,94,Replayed,1.0
9.0,-1.0,-1,0,34.90227,94,Replayed,9.0
-9.0,1.0,-1,1,55.580765,94,Replayed,9.0
-1.0,-1.0,1,0,54.68738,94,Replayed,1.0
38.0,1.0,1,1,92.99954,94,Replayed,38.0
38.0,0.0,1,1,91.38729,94,Replayed,38.0
-1.0,0.0,1,0,55.042244,94,Replayed,1.0
-3.0,0.0,1,0,52.455147,94,Replayed,3.0
1.0,1.0,1,1,59.643482,94,Replayed,1.0
1.0,-1.0,1,1,56.137012,94,Replayed,1.0
-9.0,-1.0,1,0,43.86255,94,Replayed,9.0
-3.0,1.0,1,0,51.419876,94,Replayed,3.0
-5.0,0.0,-1,1,50.36747,94,Replayed,5.0
38.0,1.0,1,1,93.37751,94,Replayed,38.0
-38.0,-1.0,-1,1,84.73362,94,Replayed,38.0
9.0,-1.0,1,1,66.013145,94,Replayed,9.0
5.0,-1.0,1,1,61.321217,94,Replayed,5.0
-3.0,1.0,1,0,53.066383,94,Replayed,3.0
5.0,0.0,-1,0,36.251987,94,Replayed,5.0
9.0,0.0,1,1,67.35354,94,Replayed,9.0
3.0,0.0,1,1,60.984184,94,Replayed,3.0
1.0,1.0,-1,0,41.822155,94,Replayed,1.0
3.0,1.0,-1,0,40.35106,94,Replayed,3.0
1.0,1.0,-1,0,41.69379,94,Replayed,1.0
-1.0,1.0,1,0,55.2292,94,Replayed,1.0
-9.0,0.0,-1,1,55.733215,94,Replayed,9.0
38.0,-1.0,1,1,89.59139,94,Replayed,38.0
-5.0,1.0,-1,1,51.061527,94,Replayed,5.0
-9.0,-1.0,1,0,44.206345,94,Replayed,9.0
-3.0,1.0,-1,1,48.051323,94,Replayed,3.0
1.0,0.0,-1,0,42.58841,94,Replayed,1.0
-38.0,-1.0,-1,1,84.703316,94,Replayed,38.0
-3.0,0.0,1,0,53.00846,94,Replayed,3.0
38.0,0.0,1,1,91.24895,94,Replayed,38.0
5.0,0.0,1,1,62.424477,94,Replayed,5.0
-1.0,1.0,1,0,55.83483,94,Replayed,1.0
-1.0,-1.0,1,0,53.56248,94,Replayed,1.0
-1.0,0.0,1,0,54.036755,94,Replayed,1.0
38.0,-1.0,1,1,89.17278,94,Replayed,38.0
-5.0,-1.0,1,0,49.29162,94,Replayed,5.0
-9.0,-1.0,1,0,44.323063,94,Replayed,9.0
-38.0,1.0,-1,1,89.36555,94,Replayed,38.0
-9.0,-1.0,1,0,45.07414,94,Replayed,9.0
3.0,-1.0,1,1,58.66909,94,Replayed,3.0
-9.0,1.0,-1,1,56.124634,94,Replayed,9.0
-38.0,1.0,-1,1,89.98011,94,Replayed,38.0
-9.0,0.0,-1,1,56.20111,94,Replayed,9.0
-5.0,0.0,1,0,49.174244,94,Replayed,5.0
9.0,1.0,1,1,68.54158,94,Replayed,9.0
-5.0,0.0,1,0,48.59359,94,Replayed,5.0
9.0,0.0,1,1,67.0995,94,Replayed,9.0
38.0,-1.0,1,1,89.812485,94,Replayed,38.0
38.0,-1.0,1,1,89.61229,94,Replayed,38.0
-5.0,-1.0,-1,1,50.503498,94,Replayed,5.0
-38.0,0.0,-1,1,86.629745,94,Replayed,38.0
5.0,1.0,1,1,63.642544,94,Replayed,5.0
3.0,-1.0,-1,0,42.334064,94,Replayed,3.0
-5.0,0.0,1,0,50.276417,94,Replayed,5.0
-3.0,0.0,1,0,51.822876,94,Replayed,3.0
5.0,-1.0,1,1,60.68402,94,Replayed,5.0
9.0,-1.0,1,1,65.651665,94,Replayed,9.0
-1.0,1.0,-1,1,45.533287,94,Replayed,1.0
1.0,1.0,1,1,57.048504,94,Replayed,1.0
9.0,-1.0,1,1,66.14374,94,Replayed,9.0
-9.0,0.0,1,0,43.254414,94,Replayed,9.0
-38.0,1.0,-1,1,89.24478,94,Replayed,38.0
-5.0,0.0,1,0,49.632896,94,Replayed,5.0
-5.0,1.0,-1,1,51.390766,94,Replayed,5.0
-9.0,1.0,1,0,42.85442,94,Replayed,9.0
5.0,-1.0,1,1,61.651146,94,Replayed,5.0
-38.0,-1.0,-1,1,85.46343,94,Replayed,38.0
-1.0,-1.0,1,0,54.33463,94,Replayed,1.0
-38.0,0.0,-1,1,88.034515,94,Replayed,38.0
-1.0,1.0,1,0,54.822998,94,Replayed,1.0
5.0,0.0,1,1,63.64957,94,Replayed,5.0
-5.0,1.0,1,0,48.288033,94,Replayed,5.0
-9.0,-1.0,1,0,44.619884,94,Replayed,9.0
9.0,1.0,1,1,69.86365,94,Replayed,9.0
-9.0,0.0,1,0,44.772106,94,Replayed,9.0
1.0,-1.0,1,1,55.431675,94,Replayed,1.0
-1.0,0.0,1,0,54.415672,94,Replayed,1.0
-9.0,0.0,1,0,44.20967,94,Replayed,9.0
38.0,1.0,1,1,93.05894,94,Replayed,38.0
9.0,1.0,-1,0,30.858961,94,Replayed,9.0
-5.0,0.0,1,0,49.502472,94,Replayed,5.0
3.0,1.0,1,1,60.26584,94,Replayed,3.0
9.0,0.0,-1,0,32.05221,94,Replayed,9.0
1.0,0.0,-1,0,43.40638,94,Replayed,1.0
-5.0,1.0,-1,1,50.85675,94,Replayed,5.0
5.0,-1.0,1,1,61.506695,94,Replayed,5.0
38.0,0.0,1,1,91.48095,94,Replayed,38.0
9.0,-1.0,1,1,66.07802,94,Replayed,9.0
-3.0,0.0,1,0,44.821693,95,Replayed,3.0
-1.0,1.0,1,0,49.34968,95,Replayed,1.0
-3.0,1.0,-1,1,54.608772,95,Replayed,3.0
-1.0,0.0,1,0,49.048927,95,Replayed,1.0
-3.0,-1.0,-1,1,55.76084,95,Replayed,3.0
-3.0,1.0,-1,1,54.909206,95,Replayed,3.0
9.0,0.0,1,1,73.01974,95,Replayed,9.0
-1.0,0.0,1,0,48.753803,95,Replayed,1.0
9.0,-1.0,1,1,73.151855,95,Replayed,9.0
-5.0,-1.0,-1,1,61.558758,95,Replayed,5.0
5.0,0.0,1,1,63.721893,95,Replayed,5.0
38.0,1.0,1,1,98.73563,95,Replayed,38.0
-38.0,-1.0,-1,1,98.87293,95,Replayed,38.0
38.0,-1.0,1,1,98.92176,95,Replayed,38.0
3.0,1.0,-1,0,40.335106,95,Replayed,3.0
-1.0,-1.0,1,0,49.511883,95,Replayed,1.0
-1.0,0.0,-1,1,51.179115,95,Replayed,1.0
1.0,-1.0,1,1,54.701035,95,Replayed,1.0
9.0,1.0,1,1,72.67025,95,Replayed,9.0
1.0,0.0,1,1,55.038475,95,Replayed,1.0
-5.0,-1.0,-1,1,61.407124,95,Replayed,5.0
-9.0,0.0,-1,1,70.396645,95,Replayed,9.0
-1.0,-1.0,-1,1,50.842148,95,Replayed,1.0
-9.0,-1.0,-1,1,70.95415,95,Replayed,9.0
-1.0,1.0,-1,1,50.120014,95,Replayed,1.0
38.0,1.0,1,1,98.776535,95,Replayed,38.0
3.0,0.0,1,1,59.071827,95,Replayed,3.0
9.0,-1.0,1,1,74.973175,95,Replayed,9.0
-3.0,1.0,-1,1,56.25481,95,Replayed,3.0
3.0,0.0,1,1,59.435387,95,Replayed,3.0
38.0,-1.0,1,1,98.977974,95,Replayed,38.0
-38.0,1.0,-1,1,98.47812,95,Replayed,38.0
3.0,-1.0,-1,0,40.400867,95,Replayed,3.0
-5.0,0.0,1,0,39.092392,95,Replayed,5.0
-1.0,1.0,1,0,50.01309,95,Replayed,1.0
1.0,0.0,-1,0,45.036934,95,Replayed,1.0
1.0,-1.0,-1,0,45.756893,95,Replayed,1.0
38.0,-1.0,1,1,98.93301,95,Replayed,38.0
-1.0,0.0,-1,1,50.439445,95,Replayed,1.0
9.0,0.0,1,1,72.60797,95,Replayed,9.0
5.0,1.0,1,1,63.460533,95,Replayed,5.0
3.0,0.0,-1,0,41.106823,95,Replayed,3.0
-5.0,-1.0,-1,1,60.503735,95,Replayed,5.0
9.0,0.0,1,1,73.0069,95,Replayed,9.0
38.0,0.0,1,1,98.8201,95,Replayed,38.0
3.0,1.0,1,1,59.66855,95,Replayed,3.0
1.0,-1.0,-1,0,45.910168,95,Replayed,1.0
-9.0,0.0,-1,1,70.20524,95,Replayed,9.0
9.0,0.0,1,1,72.939606,95,Replayed,9.0
-38.0,-1.0,-1,1,98.78261,95,Replayed,38.0
-3.0,0.0,1,0,44.817562,95,Replayed,3.0
-38.0,0.0,-1,1,98.593544,95,Replayed,38.0
-1.0,0.0,1,0,49.33471,95,Replayed,1.0
-38.0,-1.0,-1,1,98.7737,95,Replayed,38.0
-9.0,0.0,1,0,29.749002,95,Replayed,9.0
38.0,0.0,1,1,98.78546,95,Replayed,38.0
5.0,1.0,1,1,63.577526,95,Replayed,5.0
-38.0,-1.0,-1,1,98.82424,95,Replayed,38.0
1.0,-1.0,1,1,54.8284,95,Replayed,1.0
1.0,-1.0,1,1,54.320885,95,Replayed,1.0
-9.0,0.0,-1,1,69.44971,95,Replayed,9.0
-3.0,1.0,1,0,44.679363,95,Replayed,3.0
9.0,1.0,1,1,72.54321,95,Replayed,9.0
-3.0,0.0,-1,1,55.493088,95,Replayed,3.0
1.0,1.0,-1,0,46.04639,95,Replayed,1.0
-3.0,-1.0,-1,1,57.238144,95,Replayed,3.0
1.0,-1.0,-1,0,45.220165,95,Replayed,1.0
5.0,-1.0,-1,0,35.70843,95,Replayed,5.0
-1.0,1.0,1,0,49.611015,95,Replayed,1.0
-1.0,0.0,-1,1,50.71353,95,Replayed,1.0
-9.0,-1.0,-1,1,70.48188,95,Replayed,9.0
5.0,0.0,1,1,64.50409,95,Replayed,5.0
9.0,1.0,-1,0,27.141262,95,Replayed,9.0
5.0,0.0,-1,0,34.57371,95,Replayed,5.0
9.0,-1.0,1,1,74.06034,95,Replayed,9.0
1.0,0.0,1,1,53.674828,95,Replayed,1.0
-3.0,-1.0,-1,1,56.29517,95,Replayed,3.0
3.0,-1.0,1,1,59.885292,95,Replayed,3.0
5.0,-1.0,1,1,64.65001,95,Replayed,5.0
-5.0,0.0,1,0,39.64237,95,Replayed,5.0
9.0,1.0,1,1,72.32745,95,Replayed,9.0
-5.0,1.0,-1,1,60.242455,95,Replayed,5.0
5.0,0.0,1,1,64.41305,95,Replayed,5.0
38.0,-1.0,1,1,98.99285,95,Replayed,38.0
-5.0,1.0,-1,1,60.820972,95,Replayed,5.0
-5.0,1.0,1,0,39.27625,95,Replayed,5.0
38.0,0.0,1,1,98.85228,95,Replayed,38.0
-9.0,1.0,-1,1,69.21845,95,Replayed,9.0
3.0,-1.0,1,1,59.555138,95,Replayed,3.0
-9.0,-1.0,-1,1,70.50416,95,Replayed,9.0
-9.0,1.0,1,0,29.745106,95,Replayed,9.0
5.0,0.0,1,1,65.16034,95,Replayed,5.0
-9.0,1.0,1,0,30.457195,95,Replayed,9.0
-1.0,1.0,-1,1,50.268036,95,Replayed,1.0
-38.0,0.0,-1,1,98.592445,95,Replayed,38.0
-9.0,1.0,-1,1,69.68141,95,Replayed,9.0
3.0,0.0,1,1,59.175247,95,Replayed,3.0
-5.0,0.0,-1,1,61.101025,95,Replayed,5.0
3.0,0.0,-1,0,40.16913,95,Replayed,3.0
38.0,1.0,1,1,98.636696,95,Replayed,38.0
9.0,1.0,1,1,73.130325,95,Replayed,9.0
-38.0,1.0,-1,1,98.329475,95,Replayed,38.0
1.0,0.0,-1,0,45.876522,95,Replayed,1.0
9.0,-1.0,1,1,74.70685,95,Replayed,9.0
-3.0,-1.0,1,0,43.842743,95,Replayed,3.0
5.0,-1.0,1,1,65.56818,95,Replayed,5.0
-38.0,1.0,-1,1,98.38386,95,Replayed,38.0
-38.0,1.0,-1,1,98.4551,95,Replayed,38.0
3.0,1.0,-1,0,39.630558,95,Replayed,3.0
-9.0,-1.0,-1,1,71.2635,95,Replayed,9.0
-9.0,1.0,-1,1,69.77813,95,Replayed,9.0
-3.0,0.0,1,0,44.972424,95,Replayed,3.0
5.0,-1.0,-1,0,34.94413,95,Replayed,5.0
-5.0,-1.0,1,0,39.397186,95,Replayed,5.0
5.0,-1.0,1,1,64.52807,95,Replayed,5.0
-3.0,0.0,1,0,44.99245,95,Replayed,3.0
-9.0,0.0,-1,1,70.43943,95,Replayed,9.0
-1.0,-1.0,-1,1,50.724728,95,Replayed,1.0
-5.0,0.0,-1,1,60.293602,95,Replayed,5.0
-3.0,-1.0,-1,1,55.485325,95,Replayed,3.0
-9.0,-1.0,-1,1,70.57412,95,Replayed,9.0
-38.0,0.0,-1,1,98.576546,95,Replayed,38.0
-38.0,-1.0,-1,1,98.748085,95,Replayed,38.0
-3.0,0.0,1,0,44.54295,95,Replayed,3.0
-9.0,-1.0,-1,1,70.70977,95,Replayed,9.0
-38.0,0.0,-1,1,98.478035,95,Replayed,38.0
38.0,1.0,1,1,98.65438,95,Replayed,38.0
-5.0,-1.0,1,0,39.086445,95,Replayed,5.0
3.0,0.0,1,1,59.747326,95,Replayed,3.0
-1.0,0.0,1,0,48.99185,95,Replayed,1.0
5.0,-1.0,1,1,65.1443,95,Replayed,5.0
-38.0,-1.0,-1,1,98.69736,95,Replayed,38.0
-3.0,1.0,-1,1,55.95041,95,Replayed,3.0
1.0,0.0,1,1,54.05244,95,Replayed,1.0
38.0,-1.0,1,1,98.91679,95,Replayed,38.0
-5.0,1.0,-1,1,60.65945,95,Replayed,5.0
5.0,0.0,-1,0,35.41977,95,Replayed,5.0
1.0,0.0,1,1,54.796993,95,Replayed,1.0
-5.0,-1.0,-1,1,60.67869,95,Replayed,5.0
-5.0,1.0,-1,1,60.566174,95,Replayed,5.0
5.0,-1.0,1,1,64.46025,95,Replayed,5.0
1.0,-1.0,1,1,54.329605,95,Replayed,1.0
5.0,1.0,1,1,63.551247,95,Replayed,5.0
-5.0,-1.0,-1,1,61.38669,95,Replayed,5.0
38.0,-1.0,1,1,98.9044,95,Replayed,38.0
38.0,1.0,1,1,98.66987,95,Replayed,38.0
38.0,0.0,1,1,98.87057,95,Replayed,38.0
3.0,-1.0,-1,0,40.51178,95,Replayed,3.0
-1.0,1.0,1,0,49.81357,95,Replayed,1.0
-1.0,0.0,1,0,48.7766,95,Replayed,1.0
5.0,1.0,1,1,63.05132,95,Replayed,5.0
38.0,0.0,1,1,98.82949,95,Replayed,38.0
3.0,1.0,-1,0,40.97483,95,Replayed,3.0
-3.0,1.0,-1,1,54.679264,95,Replayed,3.0
-9.0,-1.0,-1,1,72.03308,95,Replayed,9.0
-38.0,0.0,-1,1,98.57656,95,Replayed,38.0
9.0,0.0,1,1,73.227135,95,Replayed,9.0
-5.0,-1.0,-1,1,60.92267,95,Replayed,5.0
-1.0,1.0,-1,1,52.31886,95,Replayed,1.0
38.0,1.0,1,1,98.72563,95,Replayed,38.0
-1.0,-1.0,1,0,48.50179,95,Replayed,1.0
-1.0,-1.0,1,0,49.57684,95,Replayed,1.0
38.0,-1.0,1,1,98.972305,95,Replayed,38.0
-38.0,0.0,-1,1,98.57224,95,Replayed,38.0
3.0,-1.0,1,1,59.207207,95,Replayed,3.0
5.0,1.0,-1,0,35.20836,95,Replayed,5.0
-1.0,-1.0,-1,1,50.077988,95,Replayed,1.0
1.0,1.0,1,1,54.248238,95,Replayed,1.0
1.0,1.0,1,1,54.888344,95,Replayed,1.0
-5.0,0.0,-1,1,60.09667,95,Replayed,5.0
5.0,1.0,-1,0,36.41139,95,Replayed,5.0
9.0,0.0,1,1,72.452614,95,Replayed,9.0
3.0,0.0,1,1,59.231712,95,Replayed,3.0
-38.0,1.0,-1,1,98.38026,95,Replayed,38.0
-5.0,1.0,-1,1,60.36357,95,Replayed,5.0
3.0,1.0,1,1,59.91626,95,Replayed,3.0
5.0,0.0,-1,0,35.360252,95,Replayed,5.0
1.0,-1.0,1,1,54.681416,95,Replayed,1.0
-1.0,-1.0,1,0,49.327187,95,Replayed,1.0
9.0,1.0,1,1,72.3183,95,Replayed,9.0
3.0,1.0,1,1,58.913403,95,Replayed,3.0
3.0,-1.0,-1,0,40.276123,95,Replayed,3.0
-5.0,1.0,1,0,38.84199,95,Replayed,5.0
3.0,-1.0,1,1,58.87166,95,Replayed,3.0
5.0,1.0,1,1,63.99218,95,Replayed,5.0
-3.0,0.0,-1,1,55.193043,95,Replayed,3.0
-3.0,1.0,-1,1,54.978657,95,Replayed,3.0
3.0,1.0,-1,0,40.668243,95,Replayed,3.0
-3.0,-1.0,1,0,43.524338,95,Replayed,3.0
3.0,0.0,-1,0,40.891125,95,Replayed,3.0
3.0,1.0,1,1,59.16295,95,Replayed,3.0
9.0,1.0,1,1,73.16988,95,Replayed,9.0
1.0,1.0,1,1,54.7282,95,Replayed,1.0
-5.0,0.0,1,0,39.643696,95,Replayed,5.0
38.0,0.0,1,1,98.84587,95,Replayed,38.0
1.0,1.0,1,1,54.64985,95,Replayed,1.0
-1.0,1.0,-1,1,51.264126,95,Replayed,1.0
-5.0,0.0,-1,1,60.37211,95,Replayed,5.0
9.0,-1.0,1,1,74.75027,95,Replayed,9.0
-3.0,-1.0,-1,1,56.444065,95,Replayed,3.0
-9.0,1.0,-1,1,70.488205,95,Replayed,9.0
-5.0,1.0,-1,1,60.59421,95,Replayed,5.0
-1.0,-1.0,1,0,49.55098,95,Replayed,1.0
38.0,1.0,1,1,98.67943,95,Replayed,38.0
38.0,-1.0,1,1,99.00915,95,Replayed,38.0
-38.0,1.0,-1,1,98.468,95,Replayed,38.0
1.0,0.0,-1,0,45.53974,95,Replayed,1.0
3.0,-1.0,1,1,58.1344,95,Replayed,3.0
-9.0,0.0,-1,1,69.96047,95,Replayed,9.0
-3.0,-1.0,-1,1,55.098133,95,Replayed,3.0
-38.0,0.0,-1,1,98.56514,95,Replayed,38.0
-5.0,0.0,1,0,39.412487,95,Replayed,5.0
-9.0,0.0,1,0,29.9643,95,Replayed,9.0
-38.0,-1.0,-1,1,98.83665,95,Replayed,38.0
-9.0,-1.0,-1,1,71.468666,95,Replayed,9.0
38.0,1.0,1,1,98.70626,95,Replayed,38.0
-9.0,1.0,-1,1,69.15617,95,Replayed,9.0
-38.0,1.0,-1,1,98.42375,95,Replayed,38.0
1.0,1.0,-1,0,46.15997,95,Replayed,1.0
5.0,0.0,1,1,63.417156,95,Replayed,5.0
38.0,0.0,1,1,98.78457,95,Replayed,38.0
5.0,1.0,1,1,64.1404,95,Replayed,5.0
-38.0,-1.0,-1,1,98.83805,95,Replayed,38.0
9.0,1.0,1,1,72.729385,95,Replayed,9.0
-38.0,0.0,-1,1,98.641884,95,Replayed,38.0
9.0,0.0,1,1,73.1195,95,Replayed,9.0
38.0,0.0,1,1,98.806015,95,Replayed,38.0
-9.0,0.0,-1,1,70.01158,95,Replayed,9.0
-3.0,0.0,-1,1,55.993725,95,Replayed,3.0
1.0,1.0,1,1,54.343563,95,Replayed,1.0
-38.0,1.0,-1,1,98.47825,95,Replayed,38.0
9.0,-1.0,1,1,74.0825,95,Replayed,9.0
9.0,-1.0,1,1,74.2339,95,Replayed,9.0
-3.0,1.0,-1,1,55.56671,95,Replayed,3.0
-9.0,1.0,-1,1,70.688995,95,Replayed,9.0
9.0,-1.0,1,1,74.09884,95,Replayed,9.0
9.0,0.0,-1,0,26.36247,95,Replayed,9.0
5.0,-1.0,1,1,63.87717,95,Replayed,5.0
1.0,1.0,1,1,54.93875,95,Replayed,1.0
-38.0,-1.0,-1,1,61.18855,96,Replayed,38.0
1.0,-1.0,-1,0,48.922127,96,Replayed,1.0
-9.0,-1.0,-1,1,52.641296,96,Replayed,9.0
9.0,1.0,-1,0,46.64249,96,Replayed,9.0
-38.0,0.0,1,0,38.985786,96,Replayed,38.0
-1.0,1.0,1,0,49.24863,96,Replayed,1.0
-5.0,1.0,-1,1,51.54545,96,Replayed,5.0
-3.0,0.0,1,0,49.521275,96,Replayed,3.0
38.0,1.0,1,1,61.68481,96,Replayed,38.0
-5.0,1.0,-1,1,51.37468,96,Replayed,5.0
5.0,0.0,-1,0,49.02558,96,Replayed,5.0
-38.0,1.0,1,0,39.168503,96,Replayed,38.0
38.0,-1.0,1,1,61.977474,96,Replayed,38.0
5.0,0.0,-1,0,48.09953,96,Replayed,5.0
1.0,1.0,1,1,50.238205,96,Replayed,1.0
-3.0,0.0,1,0,49.57911,96,Replayed,3.0
-38.0,0.0,-1,1,61.112892,96,Replayed,38.0
-1.0,1.0,-1,1,50.679802,96,Replayed,1.0
38.0,1.0,-1,0,39.039387,96,Replayed,38.0
3.0,1.0,-1,0,48.762363,96,Replayed,3.0
9.0,0.0,-1,0,46.097797,96,Replayed,9.0
3.0,1.0,1,1,51.272278,96,Replayed,3.0
-5.0,1.0,-1,1,51.150467,96,Replayed,5.0
5.0,1.0,1,1,52.352966,96,Replayed,5.0
9.0,1.0,1,1,52.694355,96,Replayed,9.0
1.0,0.0,-1,0,49.234726,96,Replayed,1.0
-9.0,-1.0,-1,1,53.090824,96,Replayed,9.0
5.0,-1.0,1,1,51.698315,96,Replayed,5.0
38.0,1.0,-1,0,38.8244,96,Replayed,38.0
-38.0,0.0,-1,1,60.15058,96,Replayed,38.0
-38.0,1.0,1,0,39.71396,96,Replayed,38.0
-38.0,0.0,1,0,38.187485,96,Replayed,38.0
-9.0,1.0,1,0,47.39767,96,Replayed,9.0
9.0,0.0,-1,0,46.62258,96,Replayed,9.0
-5.0,0.0,1,0,48.67037,96,Replayed,5.0
3.0,0.0,1,1,52.209705,96,Replayed,3.0
5.0,-1.0,1,1,51.534706,96,Replayed,5.0
-9.0,0.0,-1,1,52.553852,96,Replayed,9.0
5.0,1.0,1,1,52.011692,96,Replayed,5.0
-38.0,1.0,-1,1,59.801872,96,Replayed,38.0
3.0,1.0,-1,0,49.23611,96,Replayed,3.0
38.0,1.0,1,1,60.659058,96,Replayed,38.0
3.0,-1.0,1,1,50.949512,96,Replayed,3.0
-3.0,-1.0,1,0,48.481827,96,Replayed,3.0
9.0,-1.0,-1,0,46.78494,96,Replayed,9.0
5.0,0.0,-1,0,47.890545,96,Replayed,5.0
3.0,1.0,1,1,51.21003,96,Replayed,3.0
1.0,0.0,1,1,50.926685,96,Replayed,1.0
-5.0,-1.0,1,0,48.615494,96,Replayed,5.0
1.0,0.0,1,1,50.564266,96,Replayed,1.0
9.0,1.0,-1,0,46.76593,96,Replayed,9.0
3.0,-1.0,-1,0,48.53292,96,Replayed,3.0
38.0,-1.0,1,1,61.252968,96,Replayed,38.0
-1.0,-1.0,1,0,49.927753,96,Replayed,1.0
9.0,0.0,1,1,53.17882,96,Replayed,9.0
-3.0,-1.0,1,0,49.434547,96,Replayed,3.0
1.0,-1.0,-1,0,49.459053,96,Replayed,1.0
1.0,-1.0,-1,0,49.657036,96,Replayed,1.0
-1.0,-1.0,-1,1,50.821484,96,Replayed,1.0
-1.0,-1.0,-1,1,49.969707,96,Replayed,1.0
5.0,1.0,1,1,51.11417,96,Replayed,5.0
38.0,0.0,-1,0,38.28575,96,Replayed,38.0
38.0,-1.0,1,1,61.87216,96,Replayed,38.0
-38.0,1.0,-1,1,60.090935,96,Replayed,38.0
9.0,0.0,1,1,52.997093,96,Replayed,9.0
9.0,1.0,1,1,52.37025,96,Replayed,9.0
-9.0,1.0,1,0,46.749676,96,Replayed,9.0
-5.0,1.0,-1,1,50.916904,96,Replayed,5.0
-9.0,0.0,1,0,46.777016,96,Replayed,9.0
38.0,1.0,1,1,60.866444,96,Replayed,38.0
5.0,-1.0,1,1,52.261967,96,Replayed,5.0
-9.0,0.0,-1,1,52.210533,96,Replayed,9.0
5.0,-1.0,1,1,51.949986,96,Replayed,5.0
1.0,1.0,-1,0,50.04487,96,Replayed,1.0
-1.0,0.0,1,0,49.840668,96,Replayed,1.0
-1.0,1.0,1,0,50.461334,96,Replayed,1.0
-5.0,0.0,-1,1,51.650185,96,Replayed,5.0
-1.0,-1.0,-1,1,49.76827,96,Replayed,1.0
-38.0,1.0,1,0,39.43113,96,Replayed,38.0
-3.0,0.0,1,0,49.233257,96,Replayed,3.0
5.0,-1.0,-1,0,48.163105,96,Replayed,5.0
-9.0,1.0,1,0,47.719604,96,Replayed,9.0
-38.0,-1.0,1,0,38.715485,96,Replayed,38.0
38.0,-1.0,1,1,60.77972,96,Replayed,38.0
1.0,-1.0,1,1,49.833523,96,Replayed,1.0
-9.0,-1.0,1,0,47.17318,96,Replayed,9.0
-1.0,-1.0,-1,1,50.03894,96,Replayed,1.0
-38.0,1.0,1,0,39.555958,96,Replayed,38.0
3.0,0.0,-1,0,48.590218,96,Replayed,3.0
-3.0,-1.0,-1,1,51.475025,96,Replayed,3.0
38.0,0.0,-1,0,38.543007,96,Replayed,38.0
3.0,-1.0,1,1,51.11518,96,Replayed,3.0
-9.0,-1.0,-1,1,53.239994,96,Replayed,9.0
-1.0,-1.0,1,0,50.17762,96,Replayed,1.0
3.0,-1.0,-1,0,48.316605,96,Replayed,3.0
-3.0,1.0,1,0,49.865585,96,Replayed,3.0
9.0,0.0,-1,0,47.10162,96,Replayed,9.0
-9.0,1.0,1,0,47.569828,96,Replayed,9.0
-5.0,0.0,1,0,48.892365,96,Replayed,5.0
9.0,-1.0,-1,0,46.632,96,Replayed,9.0
-1.0,0.0,-1,1,50.394463,96,Replayed,1.0
-5.0,-1.0,1,0,48.109287,96,Replayed,5.0
-1.0,0.0,-1,1,49.95892,96,Replayed,1.0
-1.0,1.0,-1,1,50.586056,96,Replayed,1.0
-38.0,0.0,-1,1,60.38794,96,Replayed,38.0
9.0,1.0,1,1,53.078194,96,Replayed,9.0
-38.0,-1.0,1,0,38.995117,96,Replayed,38.0
-3.0,1.0,-1,1,51.024544,96,Replayed,3.0
38.0,0.0,1,1,61.589275,96,Replayed,38.0
1.0,1.0,1,1,50.703896,96,Replayed,1.0
-9.0,1.0,-1,1,52.348743,96,Replayed,9.0
-9.0,0.0,1,0,46.91977,96,Replayed,9.0
5.0,1.0,1,1,51.966278,96,Replayed,5.0
1.0,1.0,1,1,51.274555,96,Replayed,1.0
-1.0,1.0,1,0,50.205433,96,Replayed,1.0
-3.0,-1.0,-1,1,50.85768,96,Replayed,3.0
1.0,0.0,1,1,50.7951,96,Replayed,1.0
1.0,0.0,-1,0,49.260365,96,Replayed,1.0
38.0,0.0,1,1,61.527122,96,Replayed,38.0
3.0,1.0,-1,0,48.96827,96,Replayed,3.0
-5.0,1.0,1,0,49.55053,96,Replayed,5.0
-3.0,-1.0,1,0,49.183025,96,Replayed,3.0
-38.0,0.0,-1,1,60.91443,96,Replayed,38.0
3.0,1.0,-1,0,48.674057,96,Replayed,3.0
-1.0,0.0,1,0,50.0713,96,Replayed,1.0
-3.0,1.0,1,0,49.342777,96,Replayed,3.0
1.0,1.0,-1,0,48.56425,96,Replayed,1.0
-5.0,0.0,-1,1,51.7015,96,Replayed,5.0
1.0,-1.0,1,1,50.592278,96,Replayed,1.0
-38.0,0.0,1,0,39.60849,96,Replayed,38.0
-38.0,-1.0,-1,1,61.727768,96,Replayed,38.0
5.0,0.0,-1,0,48.60706,96,Replayed,5.0
-1.0,-1.0,1,0,49.340553,96,Replayed,1.0
38.0,-1.0,-1,0,37.94972,96,Replayed,38.0
-9.0,0.0,-1,1,52.85325,96,Replayed,9.0
5.0,-1.0,1,1,52.49678,96,Replayed,5.0
3.0,0.0,-1,0,48.40714,96,Replayed,3.0
-38.0,1.0,-1,1,60.340298,96,Replayed,38.0
9.0,-1.0,-1,0,46.279396,96,Replayed,9.0
-1.0,0.0,-1,1,50.04282,96,Replayed,1.0
-5.0,0.0,1,0,48.509117,96,Replayed,5.0
-9.0,-1.0,-1,1,52.80999,96,Replayed,9.0
-3.0,0.0,1,0,49.644997,96,Replayed,3.0
9.0,-1.0,-1,0,47.574524,96,Replayed,9.0
1.0,0.0,1,1,50.098812,96,Replayed,1.0
5.0,1.0,-1,0,48.759983,96,Replayed,5.0
9.0,0.0,1,1,52.774055,96,Replayed,9.0
-9.0,-1.0,-1,1,52.65914,96,Replayed,9.0
-3.0,0.0,1,0,48.34734,96,Replayed,3.0
38.0,0.0,1,1,61.464836,96,Replayed,38.0
9.0,1.0,-1,0,47.645016,96,Replayed,9.0
-3.0,1.0,-1,1,51.21567,96,Replayed,3.0
38.0,1.0,1,1,60.687782,96,Replayed,38.0
-5.0,-1.0,1,0,48.303005,96,Replayed,5.0
-5.0,0.0,-1,1,51.82756,96,Replayed,5.0
3.0,-1.0,-1,0,49.166183,96,Replayed,3.0
-3.0,-1.0,-1,1,51.51304,96,Replayed,3.0
-9.0,-1.0,1,0,47.720245,96,Replayed,9.0
1.0,1.0,-1,0,49.863358,96,Replayed,1.0
1.0,1.0,1,1,50.381218,96,Replayed,1.0
5.0,1.0,1,1,51.90307,96,Replayed,5.0
-1.0,1.0,-1,1,49.60491,96,Replayed,1.0
38.0,1.0,-1,0,39.374016,96,Replayed,38.0
-3.0,-1.0,-1,1,50.77135,96,Replayed,3.0
-5.0,-1.0,1,0,48.81011,96,Replayed,5.0
5.0,-1.0,-1,0,47.952225,96,Replayed,5.0
3.0,0.0,-1,0,48.53272,96,Replayed,3.0
5.0,-1.0,1,1,52.133263,96,Replayed,5.0
-5.0,1.0,-1,1,51.889103,96,Replayed,5.0
-3.0,1.0,-1,1,50.288742,96,Replayed,3.0
-1.0,1.0,-1,1,49.737415,96,Replayed,1.0
-38.0,0.0,-1,1,60.2952,96,Replayed,38.0
3.0,0.0,-1,0,48.91312,96,Replayed,3.0
38.0,-1.0,-1,0,37.45259,96,Replayed,38.0
3.0,-1.0,1,1,51.360756,96,Replayed,3.0
5.0,0.0,1,1,53.01163,96,Replayed,5.0
9.0,0.0,1,1,53.237648,96,Replayed,9.0
3.0,1.0,-1,0,48.883,96,Replayed,3.0
-38.0,-1.0,-1,1,61.1807,96,Replayed,38.0
-1.0,0.0,-1,1,50.124542,96,Replayed,1.0
3.0,-1.0,1,1,51.52789,96,Replayed,3.0
38.0,-1.0,1,1,61.414337,96,Replayed,38.0
9.0,-1.0,1,1,52.845963,96,Replayed,9.0
-9.0,0.0,-1,1,52.14833,96,Replayed,9.0
3.0,-1.0,-1,0,48.85344,96,Replayed,3.0
-1.0,-1.0,1,0,49.967037,96,Replayed,1.0
-5.0,0.0,-1,1,51.198875,96,Replayed,5.0
1.0,0.0,1,1,50.33667,96,Replayed,1.0
-5.0,-1.0,1,0,48.61294,96,Replayed,5.0
1.0,-1.0,-1,0,50.291454,96,Replayed,1.0
-5.0,-1.0,-1,1,52.07672,96,Replayed,5.0
-3.0,1.0,1,0,49.307064,96,Replayed,3.0
38.0,0.0,1,1,60.71883,96,Replayed,38.0
9.0,1.0,1,1,53.100048,96,Replayed,9.0
3.0,0.0,1,1,51.414627,96,Replayed,3.0
1.0,1.0,1,1,51.037376,96,Replayed,1.0
-3.0,0.0,1,0,48.61815,96,Replayed,3.0
9.0,-1.0,-1,0,47.154655,96,Replayed,9.0
-9.0,0.0,1,0,47.131546,96,Replayed,9.0
-5.0,-1.0,1,0,49.09834,96,Replayed,5.0
-38.0,-1.0,1,0,38.001842,96,Replayed,38.0
5.0,1.0,1,1,52.01821,96,Replayed,5.0
-38.0,1.0,-1,1,59.923,96,Replayed,38.0
-3.0,1.0,1,0,49.244083,96,Replayed,3.0
3.0,1.0,1,1,50.71187,96,Replayed,3.0
-3.0,1.0,-1,1,51.47032,96,Replayed,3.0
9.0,-1.0,1,1,53.468178,96,Replayed,9.0
-9.0,0.0,1,0,47.16465,96,Replayed,9.0
9.0,-1.0,1,1,52.436375,96,Replayed,9.0
38.0,-1.0,-1,0,37.414543,96,Replayed,38.0
-9.0,-1.0,1,0,47.47814,96,Replayed,9.0
-9.0,1.0,1,0,47.248863,96,Replayed,9.0
-9.0,1.0,1,0,47.95042,96,Replayed,9.0
3.0,0.0,1,1,51.268585,96,Replayed,3.0
-9.0,1.0,-1,1,52.054554,96,Replayed,9.0
1.0,0.0,-1,0,49.89958,96,Replayed,1.0
-3.0,0.0,-1,1,50.359734,96,Replayed,3.0
38.0,0.0,1,1,60.929497,96,Replayed,38.0
5.0,0.0,-1,0,47.789467,96,Replayed,5.0
3.0,0.0,-1,0,48.994724,96,Replayed,3.0
-5.0,1.0,-1,1,51.32194,96,Replayed,5.0
-3.0,-1.0,-1,1,50.465816,96,Replayed,3.0
-1.0,1.0,-1,1,49.106995,96,Replayed,1.0
5.0,0.0,1,1,51.171066,96,Replayed,5.0
38.0,1.0,-1,0,39.009182,96,Replayed,38.0
9.0,0.0,1,1,52.853752,96,Replayed,9.0
-38.0,-1.0,-1,1,61.663204,96,Replayed,38.0
-3.0,0.0,-1,1,50.6231,96,Replayed,3.0
-5.0,0.0,1,0,48.001167,96,Replayed,5.0
-38.0,-1.0,1,0,38.527782,96,Replayed,38.0
38.0,0.0,1,1,61.76944,96,Replayed,38.0
5.0,1.0,1,1,51.798267,96,Replayed,5.0
-1.0,0.0,1,0,50.62055,96,Replayed,1.0
-5.0,-1.0,1,0,48.2237,96,Replayed,5.0
1.0,-1.0,1,1,50.39054,96,Replayed,1.0
5.0,0.0,-1,0,47.734745,96,Replayed,5.0
1.0,-1.0,1,1,50.09476,96,Replayed,1.0
9.0,1.0,1,1,53.04322,96,Replayed,9.0
-1.0,0.0,-1,1,49.90385,96,Replayed,1.0
-5.0,1.0,1,0,49.164955,96,Replayed,5.0
9.0,-1.0,1,1,85.69469,97,Replayed,9.0
1.0,1.0,1,1,61.80122,97,Replayed,1.0
-38.0,1.0,-1,1,98.75754,97,Replayed,38.0
9.0,0.0,1,1,86.63713,97,Replayed,9.0
-1.0,-1.0,1,0,53.38925,97,Replayed,1.0
5.0,-1.0,1,1,75.55168,97,Replayed,5.0
-9.0,-1.0,-1,1,76.49203,97,Replayed,9.0
1.0,0.0,-1,0,39.09511,97,Replayed,1.0
-5.0,1.0,-1,1,63.775368,97,Replayed,5.0
-1.0,-1.0,-1,1,46.727856,97,Replayed,1.0
-3.0,-1.0,-1,1,55.49169,97,Replayed,3.0
3.0,0.0,1,1,67.85422,97,Replayed,3.0
-9.0,1.0,-1,1,78.418686,97,Replayed,9.0
38.0,-1.0,1,1,98.64599,97,Replayed,38.0
5.0,1.0,1,1,76.26627,97,Replayed,5.0
3.0,1.0,-1,0,30.699297,97,Replayed,3.0
3.0,-1.0,1,1,68.722496,97,Replayed,3.0
-1.0,1.0,-1,1,47.474583,97,Replayed,1.0
38.0,-1.0,1,1,98.89493,97,Replayed,38.0
-9.0,0.0,-1,1,76.99247,97,Replayed,9.0
3.0,-1.0,1,1,68.80778,97,Replayed,3.0
-38.0,-1.0,-1,1,98.832855,97,Replayed,38.0
9.0,-1.0,1,1,85.85577,97,Replayed,9.0
9.0,0.0,1,1,85.94071,97,Replayed,9.0
38.0,1.0,1,1,98.74934,97,Replayed,38.0
9.0,0.0,1,1,86.27783,97,Replayed,9.0
-9.0,-1.0,-1,1,76.90241,97,Replayed,9.0
1.0,1.0,1,1,60.70071,97,Replayed,1.0
-38.0,1.0,-1,1,98.87845,97,Replayed,38.0
-5.0,-1.0,-1,1,63.26555,97,Replayed,5.0
5.0,1.0,1,1,75.76513,97,Replayed,5.0
-5.0,1.0,-1,1,62.182964,97,Replayed,5.0
-9.0,0.0,-1,1,77.379105,97,Replayed,9.0
-38.0,-1.0,-1,1,98.48878,97,Replayed,38.0
-38.0,1.0,-1,1,98.33084,97,Replayed,38.0
-9.0,0.0,-1,1,76.973114,97,Replayed,9.0
38.0,0.0,1,1,98.32485,97,Replayed,38.0
-9.0,1.0,-1,1,77.746544,97,Replayed,9.0
-3.0,-1.0,1,0,44.878044,97,Replayed,3.0
-1.0,0.0,-1,1,47.44678,97,Replayed,1.0
9.0,1.0,1,1,86.03231,97,Replayed,9.0
-5.0,0.0,-1,1,63.56376,97,Replayed,5.0
5.0,-1.0,1,1,74.55257,97,Replayed,5.0
9.0,1.0,1,1,86.59785,97,Replayed,9.0
1.0,-1.0,1,1,60.83037,97,Replayed,1.0
3.0,0.0,1,1,68.84391,97,Replayed,3.0
5.0,0.0,-1,0,24.285002,97,Replayed,5.0
38.0,0.0,1,1,98.59932,97,Replayed,38.0
-9.0,-1.0,-1,1,76.32744,97,Replayed,9.0
-9.0,0.0,-1,1,77.869514,97,Replayed,9.0
-1.0,1.0,-1,1,46.63369,97,Replayed,1.0
3.0,0.0,1,1,67.829636,97,Replayed,3.0
-3.0,-1.0,1,0,44.53874,97,Replayed,3.0
-38.0,0.0,-1,1,98.72184,97,Replayed,38.0
-1.0,-1.0,1,0,52.245342,97,Replayed,1.0
38.0,1.0,1,1,98.52592,97,Replayed,38.0
3.0,-1.0,1,1,68.911156,97,Replayed,3.0
-3.0,1.0,1,0,45.68339,97,Replayed,3.0
-9.0,-1.0,-1,1,76.0025,97,Replayed,9.0
-3.0,0.0,1,0,44.315975,97,Replayed,3.0
5.0,0.0,1,1,76.25525,97,Replayed,5.0
9.0,0.0,1,1,85.70166,97,Replayed,9.0
1.0,-1.0,-1,0,39.068417,97,Replayed,1.0
1.0,1.0,1,1,61.383022,97,Replayed,1.0
1.0,1.0,1,1,61.23845,97,Replayed,1.0
-3.0,-1.0,-1,1,55.97127,97,Replayed,3.0
38.0,-1.0,1,1,98.76915,97,Replayed,38.0
1.0,0.0,1,1,60.69338,97,Replayed,1.0
-3.0,1.0,-1,1,55.68877,97,Replayed,3.0
-5.0,-1.0,-1,1,62.857773,97,Replayed,5.0
-5.0,1.0,-1,1,63.65161,97,Replayed,5.0
5.0,-1.0,1,1,74.18171,97,Replayed,5.0
-3.0,-1.0,-1,1,55.673706,97,Replayed,3.0
38.0,-1.0,1,1,98.79557,97,Replayed,38.0
-9.0,-1.0,-1,1,76.3983,97,Replayed,9.0
-38.0,0.0,-1,1,98.671326,97,Replayed,38.0
-38.0,0.0,-1,1,98.82313,97,Replayed,38.0
9.0,0.0,1,1,85.54932,97,Replayed,9.0
-5.0,-1.0,-1,1,62.555576,97,Replayed,5.0
-9.0,1.0,-1,1,78.07349,97,Replayed,9.0
-1.0,1.0,1,0,53.105354,97,Replayed,1.0
-1.0,1.0,-1,1,46.448082,97,Replayed,1.0
-3.0,-1.0,-1,1,54.682686,97,Replayed,3.0
38.0,1.0,1,1,98.37753,97,Replayed,38.0
3.0,-1.0,1,1,67.3194,97,Replayed,3.0
38.0,1.0,1,1,98.55449,97,Replayed,38.0
9.0,1.0,1,1,86.27624,97,Replayed,9.0
38.0,-1.0,1,1,98.54464,97,Replayed,38.0
-9.0,-1.0,-1,1,76.87255,97,Replayed,9.0
9.0,1.0,1,1,86.63721,97,Replayed,9.0
1.0,1.0,1,1,60.921715,97,Replayed,1.0
5.0,-1.0,1,1,74.90826,97,Replayed,5.0
5.0,-1.0,1,1,74.34416,97,Replayed,5.0
-9.0,1.0,-1,1,78.21956,97,Replayed,9.0
-1.0,0.0,-1,1,47.182194,97,Replayed,1.0
5.0,-1.0,-1,0,25.289953,97,Replayed,5.0
9.0,0.0,-1,0,13.8321295,97,Replayed,9.0
9.0,1.0,1,1,86.36461,97,Replayed,9.0
-9.0,0.0,-1,1,77.6348,97,Replayed,9.0
9.0,-1.0,1,1,86.38789,97,Replayed,9.0
1.0,-1.0,-1,0,38.50589,97,Replayed,1.0
-38.0,-1.0,-1,1,98.6122,97,Replayed,38.0
-3.0,0.0,1,0,45.031147,97,Replayed,3.0
9.0,0.0,1,1,85.92985,97,Replayed,9.0
1.0,0.0,1,1,62.097595,97,Replayed,1.0
3.0,0.0,1,1,67.51758,97,Replayed,3.0
-5.0,1.0,-1,1,64.01454,97,Replayed,5.0
5.0,1.0,1,1,76.20599,97,Replayed,5.0
1.0,0.0,1,1,61.48099,97,Replayed,1.0
38.0,0.0,1,1,98.99933,97,Replayed,38.0
-38.0,0.0,-1,1,98.14675,97,Replayed,38.0
5.0,1.0,1,1,76.49729,97,Replayed,5.0
-1.0,0.0,1,0,52.16394,97,Replayed,1.0
38.0,1.0,1,1,98.45236,97,Replayed,38.0
1.0,1.0,1,1,62.32077,97,Replayed,1.0
-5.0,1.0,1,0,36.04255,97,Replayed,5.0
3.0,-1.0,1,1,68.00762,97,Replayed,3.0
-5.0,1.0,1,0,36.877716,97,Replayed,5.0
-38.0,0.0,-1,1,98.59599,97,Replayed,38.0
38.0,-1.0,1,1,98.74518,97,Replayed,38.0
38.0,0.0,1,1,98.62408,97,Replayed,38.0
-5.0,1.0,-1,1,63.202454,97,Replayed,5.0
3.0,1.0,1,1,68.672646,97,Replayed,3.0
-3.0,0.0,-1,1,55.78308,97,Replayed,3.0
9.0,-1.0,1,1,85.908035,97,Replayed,9.0
-3.0,1.0,-1,1,56.002842,97,Replayed,3.0
5.0,0.0,1,1,75.3548,97,Replayed,5.0
3.0,-1.0,1,1,68.62101,97,Replayed,3.0
-5.0,-1.0,1,0,36.843597,97,Replayed,5.0
-9.0,-1.0,-1,1,76.939735,97,Replayed,9.0
9.0,-1.0,1,1,85.517265,97,Replayed,9.0
3.0,1.0,1,1,69.7449,97,Replayed,3.0
1.0,-1.0,1,1,60.233223,97,Replayed,1.0
-38.0,0.0,-1,1,98.69667,97,Replayed,38.0
5.0,1.0,1,1,75.807915,97,Replayed,5.0
-1.0,0.0,1,0,52.37822,97,Replayed,1.0
-38.0,1.0,-1,1,98.4549,97,Replayed,38.0
1.0,1.0,1,1,62.021828,97,Replayed,1.0
-1.0,-1.0,-1,1,47.06079,97,Replayed,1.0
3.0,0.0,-1,0,31.953732,97,Replayed,3.0
-5.0,0.0,1,0,37.599792,97,Replayed,5.0
-5.0,0.0,-1,1,63.345043,97,Replayed,5.0
-5.0,-1.0,-1,1,62.633884,97,Replayed,5.0
3.0,0.0,1,1,69.46552,97,Replayed,3.0
5.0,0.0,1,1,76.415184,97,Replayed,5.0
9.0,1.0,1,1,86.02521,97,Replayed,9.0
9.0,-1.0,1,1,85.25857,97,Replayed,9.0
5.0,0.0,1,1,75.804016,97,Replayed,5.0
38.0,-1.0,1,1,98.6676,97,Replayed,38.0
38.0,0.0,1,1,98.89882,97,Replayed,38.0
-3.0,0.0,-1,1,55.928146,97,Replayed,3.0
3.0,1.0,1,1,68.33607,97,Replayed,3.0
-1.0,-1.0,-1,1,46.959545,97,Replayed,1.0
38.0,1.0,1,1,98.82762,97,Replayed,38.0
5.0,1.0,1,1,76.969215,97,Replayed,5.0
1.0,-1.0,1,1,60.901176,97,Replayed,1.0
38.0,1.0,1,1,98.82953,97,Replayed,38.0
-5.0,0.0,-1,1,62.95793,97,Replayed,5.0
-1.0,1.0,1,0,52.6366,97,Replayed,1.0
5.0,-1.0,-1,0,25.188335,97,Replayed,5.0
-38.0,1.0,-1,1,98.60689,97,Replayed,38.0
1.0,1.0,-1,0,38.861702,97,Replayed,1.0
-38.0,-1.0,-1,1,98.76646,97,Replayed,38.0
3.0,1.0,1,1,69.030556,97,Replayed,3.0
-3.0,1.0,1,0,44.977425,97,Replayed,3.0
-3.0,1.0,-1,1,55.099636,97,Replayed,3.0
1.0,0.0,-1,0,37.907112,97,Replayed,1.0
-5.0,-1.0,1,0,36.77138,97,Replayed,5.0
1.0,-1.0,1,1,60.56027,97,Replayed,1.0
9.0,0.0,1,1,85.82997,97,Replayed,9.0
-9.0,1.0,-1,1,77.9229,97,Replayed,9.0
-1.0,0.0,1,0,52.74551,97,Replayed,1.0
-38.0,-1.0,-1,1,98.715515,97,Replayed,38.0
-38.0,-1.0,-1,1,98.53972,97,Replayed,38.0
9.0,1.0,1,1,86.456116,97,Replayed,9.0
-3.0,-1.0,-1,1,55.111282,97,Replayed,3.0
38.0,0.0,1,1,98.773155,97,Replayed,38.0
-9.0,0.0,-1,1,77.64903,97,Replayed,9.0
-38.0,-1.0,-1,1,98.44066,97,Replayed,38.0
-38.0,1.0,-1,1,98.85796,97,Replayed,38.0
-5.0,-1.0,-1,1,63.360584,97,Replayed,5.0
-38.0,1.0,-1,1,98.37936,97,Replayed,38.0
38.0,0.0,1,1,98.700485,97,Replayed,38.0
-38.0,0.0,1,0,1.5166196,97,Replayed,38.0
9.0,1.0,-1,0,13.387835,97,Replayed,9.0
-3.0,-1.0,1,0,44.702877,97,Replayed,3.0
-5.0,0.0,1,0,35.67965,97,Replayed,5.0
1.0,0.0,1,1,61.699303,97,Replayed,1.0
-3.0,1.0,1,0,45.572426,97,Replayed,3.0
-38.0,0.0,-1,1,98.34629,97,Replayed,38.0
1.0,0.0,1,1,60.568226,97,Replayed,1.0
3.0,1.0,-1,0,30.09882,97,Replayed,3.0
9.0,-1.0,1,1,85.503044,97,Replayed,9.0
5.0,1.0,1,1,75.71301,97,Replayed,5.0
-38.0,1.0,-1,1,98.53407,97,Replayed,38.0
-3.0,0.0,-1,1,55.179523,97,Replayed,3.0
-1.0,1.0,1,0,53.500782,97,Replayed,1.0
38.0,1.0,1,1,98.60139,97,Replayed,38.0
-3.0,1.0,-1,1,55.870586,97,Replayed,3.0
-1.0,-1.0,-1,1,46.676712,97,Replayed,1.0
-1.0,1.0,-1,1,46.24613,97,Replayed,1.0
-1.0,0.0,-1,1,45.982086,97,Replayed,1.0
-3.0,0.0,1,0,45.302235,97,Replayed,3.0
38.0,-1.0,1,1,98.37217,97,Replayed,38.0
5.0,0.0,1,1,75.70249,97,Replayed,5.0
1.0,-1.0,1,1,60.959816,97,Replayed,1.0
-9.0,-1.0,-1,1,76.9785,97,Replayed,9.0
9.0,-1.0,1,1,85.4349,97,Replayed,9.0
38.0,0.0,1,1,98.84908,97,Replayed,38.0
-1.0,1.0,-1,1,46.303772,97,Replayed,1.0
3.0,1.0,-1,0,31.306875,97,Replayed,3.0
3.0,-1.0,1,1,68.55797,97,Replayed,3.0
3.0,0.0,1,1,68.31643,97,Replayed,3.0
-9.0,1.0,-1,1,77.91635,97,Replayed,9.0
-1.0,0.0,1,0,52.999435,97,Replayed,1.0
-9.0,1.0,-1,1,77.47089,97,Replayed,9.0
-1.0,-1.0,-1,1,47.567253,97,Replayed,1.0
-38.0,-1.0,-1,1,98.33757,97,Replayed,38.0
-5.0,1.0,-1,1,63.00513,97,Replayed,5.0
-5.0,-1.0,-1,1,63.61714,97,Replayed,5.0
-3.0,0.0,1,0,44.318275,97,Replayed,3.0
3.0,1.0,1,1,68.8952,97,Replayed,3.0
-1.0,0.0,1,0,53.310238,97,Replayed,1.0
5.0,-1.0,1,1,73.81246,97,Replayed,5.0
1.0,0.0,-1,0,38.468082,97,Replayed,1.0
3.0,-1.0,1,1,68.22838,97,Replayed,3.0
-3.0,0.0,-1,1,54.311108,97,Replayed,3.0
3.0,0.0,1,1,69.23273,97,Replayed,3.0
-3.0,1.0,1,0,44.778343,97,Replayed,3.0
-9.0,1.0,1,0,22.440311,97,Replayed,9.0
5.0,0.0,1,1,75.428795,97,Replayed,5.0
-1.0,-1.0,1,0,53.07715,97,Replayed,1.0
5.0,1.0,1,1,75.330505,97,Replayed,5.0
-9.0,0.0,1,0,23.182812,97,Replayed,9.0
-9.0,0.0,1,0,23.093225,97,Replayed,9.0
-5.0,0.0,-1,1,62.72224,97,Replayed,5.0
5.0,0.0,1,1,75.19217,97,Replayed,5.0
-5.0,0.0,1,0,36.637394,97,Replayed,5.0
-5.0,0.0,-1,1,64.15745,97,Replayed,5.0
1.0,-1.0,1,1,60.643322,97,Replayed,1.0
-3.0,-1.0,-1,1,63.654137,98,Replayed,3.0
9.0,-1.0,1,1,83.42524,98,Replayed,9.0
-9.0,0.0,-1,1,84.49281,98,Replayed,9.0
-1.0,0.0,-1,1,54.989857,98,Replayed,1.0
-9.0,0.0,-1,1,83.96481,98,Replayed,9.0
-3.0,0.0,-1,1,63.01956,98,Replayed,3.0
38.0,-1.0,1,1,99.957664,98,Replayed,38.0
9.0,-1.0,1,1,83.08899,98,Replayed,9.0
3.0,0.0,1,1,64.02511,98,Replayed,3.0
-5.0,-1.0,-1,1,70.58899,98,Replayed,5.0
-5.0,1.0,-1,1,71.88922,98,Replayed,5.0
38.0,-1.0,1,1,99.95848,98,Replayed,38.0
38.0,1.0,1,1,99.97131,98,Replayed,38.0
5.0,1.0,-1,0,28.106976,98,Replayed,5.0
3.0,0.0,1,1,61.89212,98,Replayed,3.0
5.0,1.0,1,1,71.44042,98,Replayed,5.0
38.0,-1.0,1,1,99.95434,98,Replayed,38.0
-3.0,1.0,-1,1,63.137363,98,Replayed,3.0
-3.0,-1.0,-1,1,63.025063,98,Replayed,3.0
-9.0,1.0,-1,1,85.67645,98,Replayed,9.0
1.0,0.0,-1,0,45.884865,98,Replayed,1.0
-9.0,1.0,-1,1,85.5644,98,Replayed,9.0
-38.0,-1.0,-1,1,99.96086,98,Replayed,38.0
-5.0,0.0,1,0,28.98629,98,Replayed,5.0
3.0,-1.0,-1,0,37.134857,98,Replayed,3.0
38.0,0.0,1,1,99.96418,98,Replayed,38.0
-3.0,-1.0,-1,1,62.57503,98,Replayed,3.0
-38.0,0.0,-1,1,99.96594,98,Replayed,38.0
-38.0,0.0,-1,1,99.96731,98,Replayed,38.0
-5.0,0.0,-1,1,71.097725,98,Replayed,5.0
-38.0,-1.0,-1,1,99.95831,98,Replayed,38.0
1.0,0.0,-1,0,46.70909,98,Replayed,1.0
-9.0,1.0,-1,1,85.20669,98,Replayed,9.0
-9.0,0.0,-1,1,84.43191,98,Replayed,9.0
-3.0,1.0,-1,1,63.22853,98,Replayed,3.0
1.0,0.0,-1,0,46.161957,98,Replayed,1.0
5.0,-1.0,1,1,70.12541,98,Replayed,5.0
1.0,1.0,-1,0,45.688366,98,Replayed,1.0
3.0,1.0,1,1,62.79532,98,Replayed,3.0
-5.0,0.0,1,0,28.393776,98,Replayed,5.0
-38.0,0.0,-1,1,99.96661,98,Replayed,38.0
-1.0,0.0,1,0,45.51839,98,Replayed,1.0
-3.0,-1.0,1,0,35.91062,98,Replayed,3.0
3.0,0.0,1,1,62.114326,98,Replayed,3.0
-5.0,1.0,-1,1,71.662926,98,Replayed,5.0
38.0,0.0,1,1,99.96367,98,Replayed,38.0
1.0,-1.0,1,1,52.861755,98,Replayed,1.0
9.0,0.0,1,1,84.2664,98,Replayed,9.0
38.0,1.0,1,1,99.97199,98,Replayed,38.0
9.0,-1.0,1,1,83.18329,98,Replayed,9.0
5.0,0.0,1,1,70.42805,98,Replayed,5.0
38.0,0.0,1,1,99.96594,98,Replayed,38.0
3.0,-1.0,1,1,61.38467,98,Replayed,3.0
-38.0,1.0,-1,1,99.97221,98,Replayed,38.0
3.0,-1.0,1,1,61.79939,98,Replayed,3.0
5.0,1.0,1,1,71.01813,98,Replayed,5.0
-3.0,-1.0,-1,1,64.00396,98,Replayed,3.0
38.0,1.0,1,1,99.97211,98,Replayed,38.0
1.0,-1.0,1,1,54.27302,98,Replayed,1.0
3.0,1.0,1,1,62.521,98,Replayed,3.0
-1.0,-1.0,1,0,47.04208,98,Replayed,1.0
5.0,0.0,1,1,71.121216,98,Replayed,5.0
38.0,0.0,1,1,99.965416,98,Replayed,38.0
38.0,-1.0,1,1,99.95426,98,Replayed,38.0
1.0,0.0,-1,0,45.391838,98,Replayed,1.0
-9.0,-1.0,-1,1,83.781715,98,Replayed,9.0
3.0,1.0,1,1,61.88687,98,Replayed,3.0
-5.0,-1.0,-1,1,70.372185,98,Replayed,5.0
-3.0,1.0,-1,1,62.906467,98,Replayed,3.0
3.0,0.0,-1,0,36.929676,98,Replayed,3.0
38.0,1.0,1,1,99.97377,98,Replayed,38.0
-9.0,0.0,-1,1,84.684975,98,Replayed,9.0
5.0,-1.0,1,1,69.1908,98,Replayed,5.0
-5.0,1.0,-1,1,71.87628,98,Replayed,5.0
38.0,1.0,1,1,99.96997,98,Replayed,38.0
-3.0,0.0,-1,1,62.82089,98,Replayed,3.0
-3.0,-1.0,-1,1,62.617058,98,Replayed,3.0
-3.0,1.0,-1,1,62.82672,98,Replayed,3.0
-1.0,1.0,-1,1,54.994465,98,Replayed,1.0
-5.0,-1.0,1,0,29.521296,98,Replayed,5.0
9.0,0.0,1,1,83.88367,98,Replayed,9.0
38.0,0.0,1,1,99.96504,98,Replayed,38.0
3.0,1.0,1,1,62.33052,98,Replayed,3.0
-9.0,1.0,-1,1,84.3058,98,Replayed,9.0
-5.0,0.0,1,0,28.623304,98,Replayed,5.0
1.0,-1.0,1,1,52.98928,98,Replayed,1.0
-9.0,1.0,-1,1,85.60918,98,Replayed,9.0
-38.0,1.0,-1,1,99.970825,98,Replayed,38.0
3.0,1.0,-1,0,37.051746,98,Replayed,3.0
3.0,-1.0,1,1,62.68978,98,Replayed,3.0
1.0,1.0,-1,0,46.323524,98,Replayed,1.0
-38.0,-1.0,-1,1,99.95962,98,Replayed,38.0
-38.0,0.0,-1,1,99.96422,98,Replayed,38.0
9.0,-1.0,1,1,83.73582,98,Replayed,9.0
1.0,0.0,1,1,53.78105,98,Replayed,1.0
-1.0,1.0,-1,1,53.782608,98,Replayed,1.0
5.0,0.0,1,1,70.436104,98,Replayed,5.0
9.0,1.0,1,1,85.36763,98,Replayed,9.0
-9.0,0.0,-1,1,84.57599,98,Replayed,9.0
3.0,-1.0,1,1,61.74857,98,Replayed,3.0
9.0,1.0,1,1,84.54954,98,Replayed,9.0
-9.0,-1.0,-1,1,83.777435,98,Replayed,9.0
5.0,-1.0,1,1,70.70831,98,Replayed,5.0
-9.0,-1.0,-1,1,82.94015,98,Replayed,9.0
-1.0,1.0,1,0,45.44033,98,Replayed,1.0
-5.0,0.0,-1,1,72.13752,98,Replayed,5.0
-38.0,0.0,-1,1,99.966324,98,Replayed,38.0
-1.0,0.0,-1,1,54.626858,98,Replayed,1.0
-3.0,-1.0,-1,1,62.55385,98,Replayed,3.0
-38.0,1.0,-1,1,99.97379,98,Replayed,38.0
3.0,-1.0,-1,0,38.430496,98,Replayed,3.0
-1.0,-1.0,-1,1,54.379528,98,Replayed,1.0
-3.0,1.0,-1,1,62.147583,98,Replayed,3.0
38.0,-1.0,1,1,99.958435,98,Replayed,38.0
5.0,1.0,1,1,70.64432,98,Replayed,5.0
5.0,1.0,1,1,71.62341,98,Replayed,5.0
-1.0,-1.0,-1,1,53.859306,98,Replayed,1.0
-9.0,0.0,-1,1,84.8335,98,Replayed,9.0
9.0,1.0,1,1,84.6524,98,Replayed,9.0
-1.0,-1.0,1,0,45.736988,98,Replayed,1.0
38.0,0.0,1,1,99.96682,98,Replayed,38.0
-38.0,1.0,-1,1,99.97125,98,Replayed,38.0
38.0,1.0,1,1,99.97399,98,Replayed,38.0
-3.0,0.0,-1,1,62.69176,98,Replayed,3.0
-9.0,-1.0,-1,1,83.493126,98,Replayed,9.0
-5.0,1.0,1,0,28.391632,98,Replayed,5.0
9.0,0.0,1,1,83.410286,98,Replayed,9.0
-5.0,0.0,-1,1,71.72588,98,Replayed,5.0
5.0,1.0,-1,0,28.275818,98,Replayed,5.0
-3.0,1.0,-1,1,64.977684,98,Replayed,3.0
1.0,-1.0,1,1,53.733547,98,Replayed,1.0
3.0,1.0,-1,0,37.75844,98,Replayed,3.0
1.0,1.0,1,1,54.351646,98,Replayed,1.0
5.0,-1.0,-1,0,29.840565,98,Replayed,5.0
-9.0,1.0,1,0,15.422526,98,Replayed,9.0
9.0,1.0,-1,0,14.979187,98,Replayed,9.0
-9.0,1.0,-1,1,85.612854,98,Replayed,9.0
-9.0,0.0,-1,1,85.13812,98,Replayed,9.0
5.0,-1.0,1,1,71.190895,98,Replayed,5.0
3.0,1.0,1,1,61.604553,98,Replayed,3.0
5.0,0.0,1,1,70.50244,98,Replayed,5.0
5.0,0.0,1,1,70.67483,98,Replayed,5.0
-3.0,1.0,-1,1,63.614643,98,Replayed,3.0
-3.0,0.0,-1,1,63.588226,98,Replayed,3.0
9.0,0.0,1,1,84.23149,98,Replayed,9.0
-1.0,1.0,-1,1,54.413254,98,Replayed,1.0
-38.0,1.0,-1,1,99.97178,98,Replayed,38.0
-9.0,-1.0,-1,1,83.40267,98,Replayed,9.0
-1.0,-1.0,-1,1,55.982555,98,Replayed,1.0
9.0,1.0,1,1,84.2622,98,Replayed,9.0
5.0,0.0,-1,0,28.799778,98,Replayed,5.0
9.0,0.0,1,1,84.131454,98,Replayed,9.0
9.0,-1.0,1,1,83.05461,98,Replayed,9.0
3.0,0.0,-1,0,36.95694,98,Replayed,3.0
-5.0,-1.0,1,0,28.61795,98,Replayed,5.0
1.0,1.0,1,1,54.871464,98,Replayed,1.0
-5.0,-1.0,1,0,28.810295,98,Replayed,5.0
3.0,1.0,1,1,62.73976,98,Replayed,3.0
9.0,0.0,1,1,85.070076,98,Replayed,9.0
-1.0,1.0,1,0,45.156403,98,Replayed,1.0
38.0,0.0,1,1,99.96557,98,Replayed,38.0
-5.0,1.0,-1,1,71.8506,98,Replayed,5.0
-38.0,1.0,-1,1,99.971436,98,Replayed,38.0
1.0,1.0,1,1,54.490833,98,Replayed,1.0
9.0,0.0,1,1,83.96064,98,Replayed,9.0
1.0,0.0,-1,0,45.289856,98,Replayed,1.0
-3.0,0.0,-1,1,62.94852,98,Replayed,3.0
-1.0,0.0,1,0,45.702724,98,Replayed,1.0
1.0,0.0,1,1,52.845753,98,Replayed,1.0
1.0,1.0,-1,0,46.226757,98,Replayed,1.0
9.0,-1.0,1,1,83.17419,98,Replayed,9.0
5.0,1.0,-1,0,29.37876,98,Replayed,5.0
-1.0,1.0,-1,1,54.206024,98,Replayed,1.0
-38.0,0.0,-1,1,99.96517,98,Replayed,38.0
-5.0,1.0,1,0,28.11971,98,Replayed,5.0
-1.0,-1.0,-1,1,53.623848,98,Replayed,1.0
-5.0,0.0,-1,1,70.17139,98,Replayed,5.0
9.0,1.0,1,1,83.93794,98,Replayed,9.0
5.0,0.0,-1,0,29.958117,98,Replayed,5.0
5.0,-1.0,1,1,69.672386,98,Replayed,5.0
1.0,1.0,1,1,54.01406,98,Replayed,1.0
-38.0,0.0,-1,1,99.96047,98,Replayed,38.0
-9.0,-1.0,-1,1,83.819214,98,Replayed,9.0
-1.0,-1.0,1,0,45.68407,98,Replayed,1.0
-1.0,0.0,1,0,44.948215,98,Replayed,1.0
-1.0,-1.0,-1,1,54.652615,98,Replayed,1.0
-9.0,1.0,-1,1,84.79049,98,Replayed,9.0
-38.0,1.0,-1,1,99.97007,98,Replayed,38.0
-1.0,0.0,1,0,45.20539,98,Replayed,1.0
9.0,1.0,1,1,85.04167,98,Replayed,9.0
38.0,0.0,1,1,99.96586,98,Replayed,38.0
9.0,1.0,-1,0,15.333774,98,Replayed,9.0
9.0,-1.0,1,1,82.98055,98,Replayed,9.0
-1.0,1.0,-1,1,53.71936,98,Replayed,1.0
3.0,0.0,-1,0,37.440292,98,Replayed,3.0
38.0,-1.0,1,1,99.95626,98,Replayed,38.0
-5.0,-1.0,1,0,29.196877,98,Replayed,5.0
1.0,-1.0,-1,0,45.916096,98,Replayed,1.0
-9.0,0.0,-1,1,84.45624,98,Replayed,9.0
38.0,-1.0,1,1,99.95268,98,Replayed,38.0
-38.0,0.0,-1,1,99.96472,98,Replayed,38.0
-5.0,0.0,-1,1,70.906494,98,Replayed,5.0
3.0,-1.0,1,1,63.47794,98,Replayed,3.0
-5.0,-1.0,1,0,30.050377,98,Replayed,5.0
-9.0,-1.0,-1,1,84.29028,98,Replayed,9.0
5.0,-1.0,1,1,70.69782,98,Replayed,5.0
-5.0,1.0,1,0,28.50009,98,Replayed,5.0
-1.0,0.0,-1,1,55.41808,98,Replayed,1.0
9.0,0.0,1,1,84.45972,98,Replayed,9.0
-5.0,1.0,1,0,28.221178,98,Replayed,5.0
-1.0,0.0,-1,1,53.41022,98,Replayed,1.0
-3.0,0.0,-1,1,63.754623,98,Replayed,3.0
-3.0,1.0,1,0,36.311043,98,Replayed,3.0
3.0,-1.0,-1,0,38.11798,98,Replayed,3.0
-9.0,-1.0,-1,1,83.1881,98,Replayed,9.0
1.0,1.0,1,1,55.208252,98,Replayed,1.0
1.0,-1.0,-1,0,45.939056,98,Replayed,1.0
38.0,1.0,1,1,99.974,98,Replayed,38.0
5.0,1.0,1,1,71.33851,98,Replayed,5.0
-38.0,-1.0,-1,1,99.95859,98,Replayed,38.0
-3.0,0.0,-1,1,61.894726,98,Replayed,3.0
-3.0,-1.0,-1,1,61.511463,98,Replayed,3.0
38.0,1.0,1,1,99.96977,98,Replayed,38.0
3.0,0.0,1,1,62.525845,98,Replayed,3.0
-38.0,-1.0,-1,1,99.95396,98,Replayed,38.0
-3.0,0.0,1,0,36.674168,98,Replayed,3.0
1.0,-1.0,1,1,54.785217,98,Replayed,1.0
-38.0,1.0,-1,1,99.97156,98,Replayed,38.0
1.0,0.0,1,1,53.19984,98,Replayed,1.0
1.0,-1.0,1,1,54.52526,98,Replayed,1.0
5.0,0.0,1,1,71.306786,98,Replayed,5.0
-38.0,-1.0,-1,1,99.95539,98,Replayed,38.0
-38.0,-1.0,-1,1,99.95768,98,Replayed,38.0
5.0,-1.0,1,1,70.34788,98,Replayed,5.0
38.0,-1.0,1,1,99.95385,98,Replayed,38.0
3.0,0.0,1,1,62.264908,98,Replayed,3.0
-5.0,-1.0,-1,1,72.23122,98,Replayed,5.0
9.0,-1.0,1,1,83.694565,98,Replayed,9.0
-38.0,-1.0,-1,1,99.95862,98,Replayed,38.0
-1.0,1.0,-1,1,55.113453,98,Replayed,1.0
