group,agency,participant,difficulty,incentive,correctF,correct,conf
Free,1,Sims Int_1,-0.5,-1.0,Error,-0.5,49.30898314905118
Free,1,Sims Int_1,-0.5,-1.0,Correct,0.5,49.52096416669857
Free,1,Sims Int_1,0.0,-1.0,Error,-0.5,49.69648013133113
Free,1,Sims Int_1,0.0,-1.0,Correct,0.5,47.58614717345864
Free,1,Sims Int_1,0.5,-1.0,Error,-0.5,50.08397711361107
Free,1,Sims Int_1,0.5,-1.0,Correct,0.5,45.651330180218714
Free,1,Sims Int_1,-0.5,0.0,Error,-0.5,49.083950557674626
Free,1,Sims Int_1,-0.5,0.0,Correct,0.5,49.39438413883077
Free,1,Sims Int_1,0.0,0.0,Error,-0.5,49.37125199169519
Free,1,Sims Int_1,0.0,0.0,Correct,0.5,47.1292277961459
Free,1,Sims Int_1,0.5,0.0,Error,-0.5,49.65855342571575
Free,1,Sims Int_1,0.5,0.0,Correct,0.5,44.86407145346102
Free,1,Sims Int_1,-0.5,1.0,Error,-0.5,48.85891796629807
Free,1,Sims Int_1,-0.5,1.0,Correct,0.5,49.26780411096298
Free,1,Sims Int_1,0.0,1.0,Error,-0.5,49.04602385205925
Free,1,Sims Int_1,0.0,1.0,Correct,0.5,46.672308418833154
Free,1,Sims Int_1,0.5,1.0,Error,-0.5,49.233129737820434
Free,1,Sims Int_1,0.5,1.0,Correct,0.5,44.07681272670333
Non-Free,0,Sims Int_1,-0.5,-1.0,Error,-0.5,50.44467977339849
Non-Free,0,Sims Int_1,-0.5,-1.0,Correct,0.5,50.371717280447605
Non-Free,0,Sims Int_1,0.0,-1.0,Error,-0.5,51.597610865652115
Non-Free,0,Sims Int_1,0.0,-1.0,Correct,0.5,48.34539206910374
Non-Free,0,Sims Int_1,0.5,-1.0,Error,-0.5,52.75054195790574
Non-Free,0,Sims Int_1,0.5,-1.0,Correct,0.5,46.31906685775987
Non-Free,0,Sims Int_1,-0.5,0.0,Error,-0.5,49.97046076162424
Non-Free,0,Sims Int_1,-0.5,0.0,Correct,0.5,49.977156597504234
Non-Free,0,Sims Int_1,0.0,0.0,Error,-0.5,51.45466956542067
Non-Free,0,Sims Int_1,0.0,0.0,Correct,0.5,47.630571731304016
Non-Free,0,Sims Int_1,0.5,0.0,Error,-0.5,52.93887836921711
Non-Free,0,Sims Int_1,0.5,0.0,Correct,0.5,45.2839868651038
Non-Free,0,Sims Int_1,-0.5,1.0,Error,-0.5,49.496241749849986
Non-Free,0,Sims Int_1,-0.5,1.0,Correct,0.5,49.58259591456086
Non-Free,0,Sims Int_1,0.0,1.0,Error,-0.5,51.31172826518923
Non-Free,0,Sims Int_1,0.0,1.0,Correct,0.5,46.915751393504294
Non-Free,0,Sims Int_1,0.5,1.0,Error,-0.5,53.127214780528476
Non-Free,0,Sims Int_1,0.5,1.0,Correct,0.5,44.248906872447726
Free,1,Sims Int_10,-0.5,-1.0,Error,-0.5,71.83344780219784
Free,1,Sims Int_10,-0.5,-1.0,Correct,0.5,72.13742105625299
Free,1,Sims Int_10,0.0,-1.0,Error,-0.5,62.59060088847326
Free,1,Sims Int_10,0.0,-1.0,Correct,0.5,82.74986383692547
Free,1,Sims Int_10,0.5,-1.0,Error,-0.5,53.347753974748684
Free,1,Sims Int_10,0.5,-1.0,Correct,0.5,93.36230661759795
Free,1,Sims Int_10,-0.5,0.0,Error,-0.5,74.80471124620065
Free,1,Sims Int_10,-0.5,0.0,Correct,0.5,78.07125766794009
Free,1,Sims Int_10,0.0,0.0,Error,-0.5,66.42094341828388
Free,1,Sims Int_10,0.0,0.0,Correct,0.5,86.71001697080449
Free,1,Sims Int_10,0.5,0.0,Error,-0.5,58.03717559036711
Free,1,Sims Int_10,0.5,0.0,Correct,0.5,95.34877627366889
Free,1,Sims Int_10,-0.5,1.0,Error,-0.5,77.77597469020347
Free,1,Sims Int_10,-0.5,1.0,Correct,0.5,84.00509427962719
Free,1,Sims Int_10,0.0,1.0,Error,-0.5,70.2512859480945
Free,1,Sims Int_10,0.0,1.0,Correct,0.5,90.6701701046835
Free,1,Sims Int_10,0.5,1.0,Error,-0.5,62.72659720598554
Free,1,Sims Int_10,0.5,1.0,Correct,0.5,97.33524592973983
Non-Free,0,Sims Int_10,-0.5,-1.0,Error,-0.5,39.94098031529807
Non-Free,0,Sims Int_10,-0.5,-1.0,Correct,0.5,56.45961586634769
Non-Free,0,Sims Int_10,0.0,-1.0,Error,-0.5,24.131841561401085
Non-Free,0,Sims Int_10,0.0,-1.0,Correct,0.5,72.19359367652795
Non-Free,0,Sims Int_10,0.5,-1.0,Error,-0.5,8.322702807504095
Non-Free,0,Sims Int_10,0.5,-1.0,Correct,0.5,87.92757148670822
Non-Free,0,Sims Int_10,-0.5,0.0,Error,-0.5,44.72796868655789
Non-Free,0,Sims Int_10,-0.5,0.0,Correct,0.5,53.9640680160131
Non-Free,0,Sims Int_10,0.0,0.0,Error,-0.5,28.808656154858827
Non-Free,0,Sims Int_10,0.0,0.0,Correct,0.5,72.58263174254994
Non-Free,0,Sims Int_10,0.5,0.0,Error,-0.5,12.889343623159764
Non-Free,0,Sims Int_10,0.5,0.0,Correct,0.5,91.20119546908677
Non-Free,0,Sims Int_10,-0.5,1.0,Error,-0.5,49.5149570578177
Non-Free,0,Sims Int_10,-0.5,1.0,Correct,0.5,51.46852016567851
Non-Free,0,Sims Int_10,0.0,1.0,Error,-0.5,33.48547074831657
Non-Free,0,Sims Int_10,0.0,1.0,Correct,0.5,72.97166980857192
Non-Free,0,Sims Int_10,0.5,1.0,Error,-0.5,17.455984438815438
Non-Free,0,Sims Int_10,0.5,1.0,Correct,0.5,94.47481945146532
Free,1,Sims Int_100,-0.5,-1.0,Error,-0.5,69.62299915754
Free,1,Sims Int_100,-0.5,-1.0,Correct,0.5,68.9717080160973
Free,1,Sims Int_100,0.0,-1.0,Error,-0.5,60.869208087615775
Free,1,Sims Int_100,0.0,-1.0,Correct,0.5,79.8856953568505
Free,1,Sims Int_100,0.5,-1.0,Error,-0.5,52.115417017691556
Free,1,Sims Int_100,0.5,-1.0,Correct,0.5,90.79968269760373
Free,1,Sims Int_100,-0.5,0.0,Error,-0.5,72.53485678180283
Free,1,Sims Int_100,-0.5,0.0,Correct,0.5,74.36696281502772
Free,1,Sims Int_100,0.0,0.0,Error,-0.5,72.67691659646161
Free,1,Sims Int_100,0.0,0.0,Correct,0.5,84.68496735990645
Free,1,Sims Int_100,0.5,0.0,Error,-0.5,72.81897641112039
Free,1,Sims Int_100,0.5,0.0,Correct,0.5,95.00297190478518
Free,1,Sims Int_100,-0.5,1.0,Error,-0.5,75.44671440606567
Free,1,Sims Int_100,-0.5,1.0,Correct,0.5,79.76221761395814
Free,1,Sims Int_100,0.0,1.0,Error,-0.5,84.48462510530744
Free,1,Sims Int_100,0.0,1.0,Correct,0.5,89.4842393629624
Free,1,Sims Int_100,0.5,1.0,Error,-0.5,93.52253580454921
Free,1,Sims Int_100,0.5,1.0,Correct,0.5,99.20626111196665
Non-Free,0,Sims Int_100,-0.5,-1.0,Error,-0.5,35.73216594343336
Non-Free,0,Sims Int_100,-0.5,-1.0,Correct,0.5,55.30448524360921
Non-Free,0,Sims Int_100,0.0,-1.0,Error,-0.5,31.06698299960128
Non-Free,0,Sims Int_100,0.0,-1.0,Correct,0.5,73.88257599354301
Non-Free,0,Sims Int_100,0.5,-1.0,Error,-0.5,26.4018000557692
Non-Free,0,Sims Int_100,0.5,-1.0,Correct,0.5,92.46066674347682
Non-Free,0,Sims Int_100,-0.5,0.0,Error,-0.5,35.95277647828798
Non-Free,0,Sims Int_100,-0.5,0.0,Correct,0.5,59.17815831641744
Non-Free,0,Sims Int_100,0.0,0.0,Error,-0.5,25.501692665423736
Non-Free,0,Sims Int_100,0.0,0.0,Correct,0.5,75.89189175111787
Non-Free,0,Sims Int_100,0.5,0.0,Error,-0.5,15.05060885255949
Non-Free,0,Sims Int_100,0.5,0.0,Correct,0.5,92.6056251858183
Non-Free,0,Sims Int_100,-0.5,1.0,Error,-0.5,36.1733870131426
Non-Free,0,Sims Int_100,-0.5,1.0,Correct,0.5,63.05183138922567
Non-Free,0,Sims Int_100,0.0,1.0,Error,-0.5,19.936402331246192
Non-Free,0,Sims Int_100,0.0,1.0,Correct,0.5,77.90120750869272
Non-Free,0,Sims Int_100,0.5,1.0,Error,-0.5,3.699417649349779
Non-Free,0,Sims Int_100,0.5,1.0,Correct,0.5,92.75058362815977
Free,1,Sims Int_101,-0.5,-1.0,Error,-0.5,72.22608467160995
Free,1,Sims Int_101,-0.5,-1.0,Correct,0.5,76.08997723562949
Free,1,Sims Int_101,0.0,-1.0,Error,-0.5,66.78807929110559
Free,1,Sims Int_101,0.0,-1.0,Correct,0.5,81.05741024369868
Free,1,Sims Int_101,0.5,-1.0,Error,-0.5,61.35007391060121
Free,1,Sims Int_101,0.5,-1.0,Correct,0.5,86.02484325176786
Free,1,Sims Int_101,-0.5,0.0,Error,-0.5,75.50259155566592
Free,1,Sims Int_101,-0.5,0.0,Correct,0.5,76.74872536919763
Free,1,Sims Int_101,0.0,0.0,Error,-0.5,69.99931380895336
Free,1,Sims Int_101,0.0,0.0,Correct,0.5,81.76365894930248
Free,1,Sims Int_101,0.5,0.0,Error,-0.5,64.4960360622408
Free,1,Sims Int_101,0.5,0.0,Correct,0.5,86.77859252940733
Free,1,Sims Int_101,-0.5,1.0,Error,-0.5,78.77909843972188
Free,1,Sims Int_101,-0.5,1.0,Correct,0.5,77.40747350276577
Free,1,Sims Int_101,0.0,1.0,Error,-0.5,73.21054832680113
Free,1,Sims Int_101,0.0,1.0,Correct,0.5,82.46990765490628
Free,1,Sims Int_101,0.5,1.0,Error,-0.5,67.6419982138804
Free,1,Sims Int_101,0.5,1.0,Correct,0.5,87.5323418070468
Non-Free,0,Sims Int_101,-0.5,-1.0,Error,-0.5,51.565848344139766
Non-Free,0,Sims Int_101,-0.5,-1.0,Correct,0.5,46.567508337388404
Non-Free,0,Sims Int_101,0.0,-1.0,Error,-0.5,42.471097807346986
Non-Free,0,Sims Int_101,0.0,-1.0,Correct,0.5,58.51032715870601
Non-Free,0,Sims Int_101,0.5,-1.0,Error,-0.5,33.376347270554206
Non-Free,0,Sims Int_101,0.5,-1.0,Correct,0.5,70.45314598002362
Non-Free,0,Sims Int_101,-0.5,0.0,Error,-0.5,48.38788699322008
Non-Free,0,Sims Int_101,-0.5,0.0,Correct,0.5,44.96407033190334
Non-Free,0,Sims Int_101,0.0,0.0,Error,-0.5,45.86827686872645
Non-Free,0,Sims Int_101,0.0,0.0,Correct,0.5,60.66449492514657
Non-Free,0,Sims Int_101,0.5,0.0,Error,-0.5,43.348666744232816
Non-Free,0,Sims Int_101,0.5,0.0,Correct,0.5,76.3649195183898
Non-Free,0,Sims Int_101,-0.5,1.0,Error,-0.5,45.20992564230039
Non-Free,0,Sims Int_101,-0.5,1.0,Correct,0.5,43.36063232641828
Non-Free,0,Sims Int_101,0.0,1.0,Error,-0.5,49.26545593010591
Non-Free,0,Sims Int_101,0.0,1.0,Correct,0.5,62.81866269158713
Non-Free,0,Sims Int_101,0.5,1.0,Error,-0.5,53.320986217911425
Non-Free,0,Sims Int_101,0.5,1.0,Correct,0.5,82.27669305675599
Free,1,Sims Int_102,-0.5,-1.0,Error,-0.5,65.94550749919031
Free,1,Sims Int_102,-0.5,-1.0,Correct,0.5,71.74474030586649
Free,1,Sims Int_102,0.0,-1.0,Error,-0.5,60.92587010244604
Free,1,Sims Int_102,0.0,-1.0,Correct,0.5,81.34231180432845
Free,1,Sims Int_102,0.5,-1.0,Error,-0.5,55.906232705701775
Free,1,Sims Int_102,0.5,-1.0,Correct,0.5,90.9398833027904
Free,1,Sims Int_102,-0.5,0.0,Error,-0.5,70.02472526771895
Free,1,Sims Int_102,-0.5,0.0,Correct,0.5,77.16481199166208
Free,1,Sims Int_102,0.0,0.0,Error,-0.5,62.844207860569405
Free,1,Sims Int_102,0.0,0.0,Correct,0.5,85.47165768347831
Free,1,Sims Int_102,0.5,0.0,Error,-0.5,55.66369045341987
Free,1,Sims Int_102,0.5,0.0,Correct,0.5,93.77850337529455
Free,1,Sims Int_102,-0.5,1.0,Error,-0.5,74.10394303624759
Free,1,Sims Int_102,-0.5,1.0,Correct,0.5,82.58488367745767
Free,1,Sims Int_102,0.0,1.0,Error,-0.5,64.76254561869277
Free,1,Sims Int_102,0.0,1.0,Correct,0.5,89.60100356262818
Free,1,Sims Int_102,0.5,1.0,Error,-0.5,55.42114820113796
Free,1,Sims Int_102,0.5,1.0,Correct,0.5,96.61712344779869
Non-Free,0,Sims Int_102,-0.5,-1.0,Error,-0.5,53.364404146854696
Non-Free,0,Sims Int_102,-0.5,-1.0,Correct,0.5,54.29195429287286
Non-Free,0,Sims Int_102,0.0,-1.0,Error,-0.5,35.581404919497885
Non-Free,0,Sims Int_102,0.0,-1.0,Correct,0.5,70.81842643118985
Non-Free,0,Sims Int_102,0.5,-1.0,Error,-0.5,17.798405692141067
Non-Free,0,Sims Int_102,0.5,-1.0,Correct,0.5,87.34489856950684
Non-Free,0,Sims Int_102,-0.5,0.0,Error,-0.5,47.03896502125276
Non-Free,0,Sims Int_102,-0.5,0.0,Correct,0.5,52.285202396314524
Non-Free,0,Sims Int_102,0.0,0.0,Error,-0.5,37.02620733062878
Non-Free,0,Sims Int_102,0.0,0.0,Correct,0.5,70.23379845787352
Non-Free,0,Sims Int_102,0.5,0.0,Error,-0.5,27.0134496400048
Non-Free,0,Sims Int_102,0.5,0.0,Correct,0.5,88.1823945194325
Non-Free,0,Sims Int_102,-0.5,1.0,Error,-0.5,40.71352589565082
Non-Free,0,Sims Int_102,-0.5,1.0,Correct,0.5,50.27845049975619
Non-Free,0,Sims Int_102,0.0,1.0,Error,-0.5,38.47100974175967
Non-Free,0,Sims Int_102,0.0,1.0,Correct,0.5,69.64917048455719
Non-Free,0,Sims Int_102,0.5,1.0,Error,-0.5,36.22849358786853
Non-Free,0,Sims Int_102,0.5,1.0,Correct,0.5,89.01989046935819
Free,1,Sims Int_103,-0.5,-1.0,Error,-0.5,61.645118405243835
Free,1,Sims Int_103,-0.5,-1.0,Correct,0.5,61.21446781767951
Free,1,Sims Int_103,0.0,-1.0,Error,-0.5,57.87562295163552
Free,1,Sims Int_103,0.0,-1.0,Correct,0.5,71.36352985908371
Free,1,Sims Int_103,0.5,-1.0,Error,-0.5,54.106127498027206
Free,1,Sims Int_103,0.5,-1.0,Correct,0.5,81.51259190048792
Free,1,Sims Int_103,-0.5,0.0,Error,-0.5,64.06730365915217
Free,1,Sims Int_103,-0.5,0.0,Correct,0.5,65.344580038681
Free,1,Sims Int_103,0.0,0.0,Error,-0.5,62.483403359851025
Free,1,Sims Int_103,0.0,0.0,Correct,0.5,75.08881754233113
Free,1,Sims Int_103,0.5,0.0,Error,-0.5,60.89950306054987
Free,1,Sims Int_103,0.5,0.0,Correct,0.5,84.83305504598125
Free,1,Sims Int_103,-0.5,1.0,Error,-0.5,66.48948891306051
Free,1,Sims Int_103,-0.5,1.0,Correct,0.5,69.4746922596825
Free,1,Sims Int_103,0.0,1.0,Error,-0.5,67.09118376806653
Free,1,Sims Int_103,0.0,1.0,Correct,0.5,78.81410522557854
Free,1,Sims Int_103,0.5,1.0,Error,-0.5,67.69287862307254
Free,1,Sims Int_103,0.5,1.0,Correct,0.5,88.15351819147459
Non-Free,0,Sims Int_103,-0.5,-1.0,Error,-0.5,42.68656207465823
Non-Free,0,Sims Int_103,-0.5,-1.0,Correct,0.5,48.23082537970802
Non-Free,0,Sims Int_103,0.0,-1.0,Error,-0.5,38.879415222416576
Non-Free,0,Sims Int_103,0.0,-1.0,Correct,0.5,64.27808448771275
Non-Free,0,Sims Int_103,0.5,-1.0,Error,-0.5,35.072268370174925
Non-Free,0,Sims Int_103,0.5,-1.0,Correct,0.5,80.32534359571748
Non-Free,0,Sims Int_103,-0.5,0.0,Error,-0.5,45.46889819039273
Non-Free,0,Sims Int_103,-0.5,0.0,Correct,0.5,51.33286918951959
Non-Free,0,Sims Int_103,0.0,0.0,Error,-0.5,39.54807635648092
Non-Free,0,Sims Int_103,0.0,0.0,Correct,0.5,66.69020224492087
Non-Free,0,Sims Int_103,0.5,0.0,Error,-0.5,33.62725452256911
Non-Free,0,Sims Int_103,0.5,0.0,Correct,0.5,82.04753530032215
Non-Free,0,Sims Int_103,-0.5,1.0,Error,-0.5,48.25123430612723
Non-Free,0,Sims Int_103,-0.5,1.0,Correct,0.5,54.43491299933116
Non-Free,0,Sims Int_103,0.0,1.0,Error,-0.5,40.21673749054526
Non-Free,0,Sims Int_103,0.0,1.0,Correct,0.5,69.10232000212899
Non-Free,0,Sims Int_103,0.5,1.0,Error,-0.5,32.182240674963296
Non-Free,0,Sims Int_103,0.5,1.0,Correct,0.5,83.7697270049268
Free,1,Sims Int_104,-0.5,-1.0,Error,-0.5,70.3927602843359
Free,1,Sims Int_104,-0.5,-1.0,Correct,0.5,67.35934989830339
Free,1,Sims Int_104,0.0,-1.0,Error,-0.5,59.372995708317916
Free,1,Sims Int_104,0.0,-1.0,Correct,0.5,80.31532194246952
Free,1,Sims Int_104,0.5,-1.0,Error,-0.5,48.353231132299925
Free,1,Sims Int_104,0.5,-1.0,Correct,0.5,93.27129398663565
Free,1,Sims Int_104,-0.5,0.0,Error,-0.5,71.28427874047225
Free,1,Sims Int_104,-0.5,0.0,Correct,0.5,75.63640607306968
Free,1,Sims Int_104,0.0,0.0,Error,-0.5,61.01523499576546
Free,1,Sims Int_104,0.0,0.0,Correct,0.5,85.28531627938895
Free,1,Sims Int_104,0.5,0.0,Error,-0.5,50.746191251058676
Free,1,Sims Int_104,0.5,0.0,Correct,0.5,94.93422648570822
Free,1,Sims Int_104,-0.5,1.0,Error,-0.5,72.17579719660858
Free,1,Sims Int_104,-0.5,1.0,Correct,0.5,83.91346224783597
Free,1,Sims Int_104,0.0,1.0,Error,-0.5,62.657474283213006
Free,1,Sims Int_104,0.0,1.0,Correct,0.5,90.25531061630838
Free,1,Sims Int_104,0.5,1.0,Error,-0.5,53.13915136981741
Free,1,Sims Int_104,0.5,1.0,Correct,0.5,96.59715898478079
Non-Free,0,Sims Int_104,-0.5,-1.0,Error,-0.5,31.85972235283908
Non-Free,0,Sims Int_104,-0.5,-1.0,Correct,0.5,62.904192879197495
Non-Free,0,Sims Int_104,0.0,-1.0,Error,-0.5,20.63529692620434
Non-Free,0,Sims Int_104,0.0,-1.0,Correct,0.5,75.89478069731787
Non-Free,0,Sims Int_104,0.5,-1.0,Error,-0.5,9.410871499569605
Non-Free,0,Sims Int_104,0.5,-1.0,Correct,0.5,88.88536851543824
Non-Free,0,Sims Int_104,-0.5,0.0,Error,-0.5,36.942781390840125
Non-Free,0,Sims Int_104,-0.5,0.0,Correct,0.5,65.41094094282145
Non-Free,0,Sims Int_104,0.0,0.0,Error,-0.5,22.608110943117808
Non-Free,0,Sims Int_104,0.0,0.0,Correct,0.5,79.42178223135602
Non-Free,0,Sims Int_104,0.5,0.0,Error,-0.5,8.273440495395494
Non-Free,0,Sims Int_104,0.5,0.0,Correct,0.5,93.43262351989058
Non-Free,0,Sims Int_104,-0.5,1.0,Error,-0.5,42.02584042884117
Non-Free,0,Sims Int_104,-0.5,1.0,Correct,0.5,67.91768900644541
Non-Free,0,Sims Int_104,0.0,1.0,Error,-0.5,24.580924960031275
Non-Free,0,Sims Int_104,0.0,1.0,Correct,0.5,82.94878376539417
Non-Free,0,Sims Int_104,0.5,1.0,Error,-0.5,7.136009491221382
Non-Free,0,Sims Int_104,0.5,1.0,Correct,0.5,97.97987852434292
Free,1,Sims Int_105,-0.5,-1.0,Error,-0.5,67.67221659310648
Free,1,Sims Int_105,-0.5,-1.0,Correct,0.5,70.83194777571217
Free,1,Sims Int_105,0.0,-1.0,Error,-0.5,56.08035514949607
Free,1,Sims Int_105,0.0,-1.0,Correct,0.5,78.85968920790074
Free,1,Sims Int_105,0.5,-1.0,Error,-0.5,44.48849370588565
Free,1,Sims Int_105,0.5,-1.0,Correct,0.5,86.88743064008933
Free,1,Sims Int_105,-0.5,0.0,Error,-0.5,68.71295230898691
Free,1,Sims Int_105,-0.5,0.0,Correct,0.5,74.56084226480117
Free,1,Sims Int_105,0.0,0.0,Error,-0.5,60.458547287434136
Free,1,Sims Int_105,0.0,0.0,Correct,0.5,81.10895337112373
Free,1,Sims Int_105,0.5,0.0,Error,-0.5,52.20414226588136
Free,1,Sims Int_105,0.5,0.0,Correct,0.5,87.6570644774463
Free,1,Sims Int_105,-0.5,1.0,Error,-0.5,69.75368802486734
Free,1,Sims Int_105,-0.5,1.0,Correct,0.5,78.28973675389017
Free,1,Sims Int_105,0.0,1.0,Error,-0.5,64.8367394253722
Free,1,Sims Int_105,0.0,1.0,Correct,0.5,83.35821753434672
Free,1,Sims Int_105,0.5,1.0,Error,-0.5,59.91979082587706
Free,1,Sims Int_105,0.5,1.0,Correct,0.5,88.42669831480326
Non-Free,0,Sims Int_105,-0.5,-1.0,Error,-0.5,44.758833011891525
Non-Free,0,Sims Int_105,-0.5,-1.0,Correct,0.5,51.8809546255796
Non-Free,0,Sims Int_105,0.0,-1.0,Error,-0.5,27.43905499758214
Non-Free,0,Sims Int_105,0.0,-1.0,Correct,0.5,68.56475337120109
Non-Free,0,Sims Int_105,0.5,-1.0,Error,-0.5,10.119276983272753
Non-Free,0,Sims Int_105,0.5,-1.0,Correct,0.5,85.2485521168226
Non-Free,0,Sims Int_105,-0.5,0.0,Error,-0.5,43.74677222304643
Non-Free,0,Sims Int_105,-0.5,0.0,Correct,0.5,52.72802281311943
Non-Free,0,Sims Int_105,0.0,0.0,Error,-0.5,31.665577050282657
Non-Free,0,Sims Int_105,0.0,0.0,Correct,0.5,70.85807996403214
Non-Free,0,Sims Int_105,0.5,0.0,Error,-0.5,19.584381877518886
Non-Free,0,Sims Int_105,0.5,0.0,Correct,0.5,88.98813711494486
Non-Free,0,Sims Int_105,-0.5,1.0,Error,-0.5,42.73471143420133
Non-Free,0,Sims Int_105,-0.5,1.0,Correct,0.5,53.57509100065926
Non-Free,0,Sims Int_105,0.0,1.0,Error,-0.5,35.892099102983174
Non-Free,0,Sims Int_105,0.0,1.0,Correct,0.5,73.1514065568632
Non-Free,0,Sims Int_105,0.5,1.0,Error,-0.5,29.049486771765018
Non-Free,0,Sims Int_105,0.5,1.0,Correct,0.5,92.72772211306713
Free,1,Sims Int_106,-0.5,-1.0,Error,-0.5,71.985073353319
Free,1,Sims Int_106,-0.5,-1.0,Correct,0.5,75.16018906350652
Free,1,Sims Int_106,0.0,-1.0,Error,-0.5,66.75979134550296
Free,1,Sims Int_106,0.0,-1.0,Correct,0.5,83.34448210873552
Free,1,Sims Int_106,0.5,-1.0,Error,-0.5,61.53450933768694
Free,1,Sims Int_106,0.5,-1.0,Correct,0.5,91.52877515396453
Free,1,Sims Int_106,-0.5,0.0,Error,-0.5,75.20587281632379
Free,1,Sims Int_106,-0.5,0.0,Correct,0.5,77.52927951567864
Free,1,Sims Int_106,0.0,0.0,Error,-0.5,71.91285489183305
Free,1,Sims Int_106,0.0,0.0,Correct,0.5,84.6572420581095
Free,1,Sims Int_106,0.5,0.0,Error,-0.5,68.61983696734231
Free,1,Sims Int_106,0.5,0.0,Correct,0.5,91.78520460054037
Free,1,Sims Int_106,-0.5,1.0,Error,-0.5,78.42667227932859
Free,1,Sims Int_106,-0.5,1.0,Correct,0.5,79.89836996785075
Free,1,Sims Int_106,0.0,1.0,Error,-0.5,77.06591843816314
Free,1,Sims Int_106,0.0,1.0,Correct,0.5,85.97000200748349
Free,1,Sims Int_106,0.5,1.0,Error,-0.5,75.70516459699768
Free,1,Sims Int_106,0.5,1.0,Correct,0.5,92.0416340471162
Non-Free,0,Sims Int_106,-0.5,-1.0,Error,-0.5,35.791938076304874
Non-Free,0,Sims Int_106,-0.5,-1.0,Correct,0.5,51.86259495342248
Non-Free,0,Sims Int_106,0.0,-1.0,Error,-0.5,23.42591574316895
Non-Free,0,Sims Int_106,0.0,-1.0,Correct,0.5,68.45896487638032
Non-Free,0,Sims Int_106,0.5,-1.0,Error,-0.5,11.059893410033022
Non-Free,0,Sims Int_106,0.5,-1.0,Correct,0.5,85.05533479933817
Non-Free,0,Sims Int_106,-0.5,0.0,Error,-0.5,44.816238050926316
Non-Free,0,Sims Int_106,-0.5,0.0,Correct,0.5,50.323790529718316
Non-Free,0,Sims Int_106,0.0,0.0,Error,-0.5,28.087534895524925
Non-Free,0,Sims Int_106,0.0,0.0,Correct,0.5,67.4222826750092
Non-Free,0,Sims Int_106,0.5,0.0,Error,-0.5,11.358831740123534
Non-Free,0,Sims Int_106,0.5,0.0,Correct,0.5,84.52077482030009
Non-Free,0,Sims Int_106,-0.5,1.0,Error,-0.5,53.84053802554776
Non-Free,0,Sims Int_106,-0.5,1.0,Correct,0.5,48.78498610601415
Non-Free,0,Sims Int_106,0.0,1.0,Error,-0.5,32.7491540478809
Non-Free,0,Sims Int_106,0.0,1.0,Correct,0.5,66.38560047363808
Non-Free,0,Sims Int_106,0.5,1.0,Error,-0.5,11.657770070214045
Non-Free,0,Sims Int_106,0.5,1.0,Correct,0.5,83.98621484126201
Free,1,Sims Int_107,-0.5,-1.0,Error,-0.5,69.58792976658948
Free,1,Sims Int_107,-0.5,-1.0,Correct,0.5,69.2003519197072
Free,1,Sims Int_107,0.0,-1.0,Error,-0.5,69.09523650662754
Free,1,Sims Int_107,0.0,-1.0,Correct,0.5,68.81204069764725
Free,1,Sims Int_107,0.5,-1.0,Error,-0.5,68.60254324666559
Free,1,Sims Int_107,0.5,-1.0,Correct,0.5,68.4237294755873
Free,1,Sims Int_107,-0.5,0.0,Error,-0.5,70.27376466556136
Free,1,Sims Int_107,-0.5,0.0,Correct,0.5,72.08568731054115
Free,1,Sims Int_107,0.0,0.0,Error,-0.5,69.79484150489468
Free,1,Sims Int_107,0.0,0.0,Correct,0.5,72.75450032414119
Free,1,Sims Int_107,0.5,0.0,Error,-0.5,69.315918344228
Free,1,Sims Int_107,0.5,0.0,Correct,0.5,73.42331333774123
Free,1,Sims Int_107,-0.5,1.0,Error,-0.5,70.95959956453324
Free,1,Sims Int_107,-0.5,1.0,Correct,0.5,74.97102270137509
Free,1,Sims Int_107,0.0,1.0,Error,-0.5,70.49444650316181
Free,1,Sims Int_107,0.0,1.0,Correct,0.5,76.69695995063513
Free,1,Sims Int_107,0.5,1.0,Error,-0.5,70.02929344179039
Free,1,Sims Int_107,0.5,1.0,Correct,0.5,78.42289719989517
Non-Free,0,Sims Int_107,-0.5,-1.0,Error,-0.5,48.059977449556
Non-Free,0,Sims Int_107,-0.5,-1.0,Correct,0.5,44.10029946931039
Non-Free,0,Sims Int_107,0.0,-1.0,Error,-0.5,43.65109863294945
Non-Free,0,Sims Int_107,0.0,-1.0,Correct,0.5,52.21968515711504
Non-Free,0,Sims Int_107,0.5,-1.0,Error,-0.5,39.24221981634289
Non-Free,0,Sims Int_107,0.5,-1.0,Correct,0.5,60.339070844919675
Non-Free,0,Sims Int_107,-0.5,0.0,Error,-0.5,50.91777894955319
Non-Free,0,Sims Int_107,-0.5,0.0,Correct,0.5,48.86681865059145
Non-Free,0,Sims Int_107,0.0,0.0,Error,-0.5,46.93622824190679
Non-Free,0,Sims Int_107,0.0,0.0,Correct,0.5,56.18215913724444
Non-Free,0,Sims Int_107,0.5,0.0,Error,-0.5,42.95467753426039
Non-Free,0,Sims Int_107,0.5,0.0,Correct,0.5,63.49749962389743
Non-Free,0,Sims Int_107,-0.5,1.0,Error,-0.5,53.775580449550375
Non-Free,0,Sims Int_107,-0.5,1.0,Correct,0.5,53.6333378318725
Non-Free,0,Sims Int_107,0.0,1.0,Error,-0.5,50.22135785086413
Non-Free,0,Sims Int_107,0.0,1.0,Correct,0.5,60.14463311737384
Non-Free,0,Sims Int_107,0.5,1.0,Error,-0.5,46.667135252177886
Non-Free,0,Sims Int_107,0.5,1.0,Correct,0.5,66.65592840287519
Free,1,Sims Int_108,-0.5,-1.0,Error,-0.5,68.77362948960302
Free,1,Sims Int_108,-0.5,-1.0,Correct,0.5,66.76901390999154
Free,1,Sims Int_108,0.0,-1.0,Error,-0.5,51.11956521739132
Free,1,Sims Int_108,0.0,-1.0,Correct,0.5,82.91590158488523
Free,1,Sims Int_108,0.5,-1.0,Error,-0.5,33.46550094517961
Free,1,Sims Int_108,0.5,-1.0,Correct,0.5,99.06278925977892
Free,1,Sims Int_108,-0.5,0.0,Error,-0.5,67.73062381852553
Free,1,Sims Int_108,-0.5,0.0,Correct,0.5,74.00742458303161
Free,1,Sims Int_108,0.0,0.0,Error,-0.5,53.9092627599244
Free,1,Sims Int_108,0.0,0.0,Correct,0.5,86.55344053191482
Free,1,Sims Int_108,0.5,0.0,Error,-0.5,40.087901701323275
Free,1,Sims Int_108,0.5,0.0,Correct,0.5,99.09945648079803
Free,1,Sims Int_108,-0.5,1.0,Error,-0.5,66.68761814744803
Free,1,Sims Int_108,-0.5,1.0,Correct,0.5,81.24583525607167
Free,1,Sims Int_108,0.0,1.0,Error,-0.5,56.698960302457486
Free,1,Sims Int_108,0.0,1.0,Correct,0.5,90.1909794789444
Free,1,Sims Int_108,0.5,1.0,Error,-0.5,46.710302457466945
Free,1,Sims Int_108,0.5,1.0,Correct,0.5,99.13612370181713
Non-Free,0,Sims Int_108,-0.5,-1.0,Error,-0.5,35.04482504461164
Non-Free,0,Sims Int_108,-0.5,-1.0,Correct,0.5,62.77982652142504
Non-Free,0,Sims Int_108,0.0,-1.0,Error,-0.5,19.87336100550854
Non-Free,0,Sims Int_108,0.0,-1.0,Correct,0.5,80.1241855269452
Non-Free,0,Sims Int_108,0.5,-1.0,Error,-0.5,4.701896966405435
Non-Free,0,Sims Int_108,0.5,-1.0,Correct,0.5,97.46854453246534
Non-Free,0,Sims Int_108,-0.5,0.0,Error,-0.5,35.877191791450045
Non-Free,0,Sims Int_108,-0.5,0.0,Correct,0.5,60.26641562648037
Non-Free,0,Sims Int_108,0.0,0.0,Error,-0.5,18.022693769881265
Non-Free,0,Sims Int_108,0.0,0.0,Correct,0.5,78.85928487735855
Non-Free,0,Sims Int_108,0.5,0.0,Error,-0.5,0.16819574831248119
Non-Free,0,Sims Int_108,0.5,0.0,Correct,0.5,97.45215412823673
Non-Free,0,Sims Int_108,-0.5,1.0,Error,-0.5,36.70955853828845
Non-Free,0,Sims Int_108,-0.5,1.0,Correct,0.5,57.75300473153569
Non-Free,0,Sims Int_108,0.0,1.0,Error,-0.5,16.17202653425399
Non-Free,0,Sims Int_108,0.0,1.0,Correct,0.5,77.5943842277719
Non-Free,0,Sims Int_108,0.5,1.0,Error,-0.5,-4.365505469780473
Non-Free,0,Sims Int_108,0.5,1.0,Correct,0.5,97.43576372400811
Free,1,Sims Int_109,-0.5,-1.0,Error,-0.5,64.13740291337844
Free,1,Sims Int_109,-0.5,-1.0,Correct,0.5,64.68000417207925
Free,1,Sims Int_109,0.0,-1.0,Error,-0.5,61.22673820144108
Free,1,Sims Int_109,0.0,-1.0,Correct,0.5,75.25435726273668
Free,1,Sims Int_109,0.5,-1.0,Error,-0.5,58.31607348950372
Free,1,Sims Int_109,0.5,-1.0,Correct,0.5,85.82871035339409
Free,1,Sims Int_109,-0.5,0.0,Error,-0.5,61.384993293614876
Free,1,Sims Int_109,-0.5,0.0,Correct,0.5,68.17797243266986
Free,1,Sims Int_109,0.0,0.0,Error,-0.5,61.21380891481329
Free,1,Sims Int_109,0.0,0.0,Correct,0.5,77.42393648325317
Free,1,Sims Int_109,0.5,0.0,Error,-0.5,61.04262453601171
Free,1,Sims Int_109,0.5,0.0,Correct,0.5,86.66990053383648
Free,1,Sims Int_109,-0.5,1.0,Error,-0.5,58.632583673851315
Free,1,Sims Int_109,-0.5,1.0,Correct,0.5,71.67594069326047
Free,1,Sims Int_109,0.0,1.0,Error,-0.5,61.200879628185504
Free,1,Sims Int_109,0.0,1.0,Correct,0.5,79.59351570376967
Free,1,Sims Int_109,0.5,1.0,Error,-0.5,63.76917558251969
Free,1,Sims Int_109,0.5,1.0,Correct,0.5,87.51109071427886
Non-Free,0,Sims Int_109,-0.5,-1.0,Error,-0.5,42.04600393275203
Non-Free,0,Sims Int_109,-0.5,-1.0,Correct,0.5,50.58244751768838
Non-Free,0,Sims Int_109,0.0,-1.0,Error,-0.5,33.683979697939925
Non-Free,0,Sims Int_109,0.0,-1.0,Correct,0.5,65.50237867762299
Non-Free,0,Sims Int_109,0.5,-1.0,Error,-0.5,25.321955463127814
Non-Free,0,Sims Int_109,0.5,-1.0,Correct,0.5,80.42230983755759
Non-Free,0,Sims Int_109,-0.5,0.0,Error,-0.5,45.152461058548596
Non-Free,0,Sims Int_109,-0.5,0.0,Correct,0.5,50.64364649808336
Non-Free,0,Sims Int_109,0.0,0.0,Error,-0.5,37.00567263442906
Non-Free,0,Sims Int_109,0.0,0.0,Correct,0.5,67.81190672506548
Non-Free,0,Sims Int_109,0.5,0.0,Error,-0.5,28.858884210309522
Non-Free,0,Sims Int_109,0.5,0.0,Correct,0.5,84.9801669520476
Non-Free,0,Sims Int_109,-0.5,1.0,Error,-0.5,48.25891818434516
Non-Free,0,Sims Int_109,-0.5,1.0,Correct,0.5,50.70484547847835
Non-Free,0,Sims Int_109,0.0,1.0,Error,-0.5,40.3273655709182
Non-Free,0,Sims Int_109,0.0,1.0,Correct,0.5,70.12143477250798
Non-Free,0,Sims Int_109,0.5,1.0,Error,-0.5,32.39581295749122
Non-Free,0,Sims Int_109,0.5,1.0,Correct,0.5,89.53802406653762
Free,1,Sims Int_11,-0.5,-1.0,Error,-0.5,63.22111608871194
Free,1,Sims Int_11,-0.5,-1.0,Correct,0.5,70.38990440861738
Free,1,Sims Int_11,0.0,-1.0,Error,-0.5,56.287110779271075
Free,1,Sims Int_11,0.0,-1.0,Correct,0.5,82.28367653548418
Free,1,Sims Int_11,0.5,-1.0,Error,-0.5,49.353105469830204
Free,1,Sims Int_11,0.5,-1.0,Correct,0.5,94.17744866235095
Free,1,Sims Int_11,-0.5,0.0,Error,-0.5,73.05747746252979
Free,1,Sims Int_11,-0.5,0.0,Correct,0.5,77.171419603367
Free,1,Sims Int_11,0.0,0.0,Error,-0.5,63.070930811349
Free,1,Sims Int_11,0.0,0.0,Correct,0.5,86.63940136767667
Free,1,Sims Int_11,0.5,0.0,Error,-0.5,53.08438416016821
Free,1,Sims Int_11,0.5,0.0,Correct,0.5,96.10738313198634
Free,1,Sims Int_11,-0.5,1.0,Error,-0.5,82.89383883634764
Free,1,Sims Int_11,-0.5,1.0,Correct,0.5,83.95293479811662
Free,1,Sims Int_11,0.0,1.0,Error,-0.5,69.85475084342693
Free,1,Sims Int_11,0.0,1.0,Correct,0.5,90.99512619986916
Free,1,Sims Int_11,0.5,1.0,Error,-0.5,56.81566285050622
Free,1,Sims Int_11,0.5,1.0,Correct,0.5,98.03731760162172
Non-Free,0,Sims Int_11,-0.5,-1.0,Error,-0.5,41.63880555943329
Non-Free,0,Sims Int_11,-0.5,-1.0,Correct,0.5,52.31568457374814
Non-Free,0,Sims Int_11,0.0,-1.0,Error,-0.5,26.683044210530532
Non-Free,0,Sims Int_11,0.0,-1.0,Correct,0.5,73.31589533533227
Non-Free,0,Sims Int_11,0.5,-1.0,Error,-0.5,11.727282861627783
Non-Free,0,Sims Int_11,0.5,-1.0,Correct,0.5,94.3161060969164
Non-Free,0,Sims Int_11,-0.5,0.0,Error,-0.5,39.969945154878964
Non-Free,0,Sims Int_11,-0.5,0.0,Correct,0.5,60.62816294913624
Non-Free,0,Sims Int_11,0.0,0.0,Error,-0.5,21.932161174957027
Non-Free,0,Sims Int_11,0.0,0.0,Correct,0.5,78.14198742094192
Non-Free,0,Sims Int_11,0.5,0.0,Error,-0.5,3.8943771950350907
Non-Free,0,Sims Int_11,0.5,0.0,Correct,0.5,95.6558118927476
Non-Free,0,Sims Int_11,-0.5,1.0,Error,-0.5,38.30108475032464
Non-Free,0,Sims Int_11,-0.5,1.0,Correct,0.5,68.94064132452434
Non-Free,0,Sims Int_11,0.0,1.0,Error,-0.5,17.181278139383522
Non-Free,0,Sims Int_11,0.0,1.0,Correct,0.5,82.96807950655156
Non-Free,0,Sims Int_11,0.5,1.0,Error,-0.5,-3.9385284715575994
Non-Free,0,Sims Int_11,0.5,1.0,Correct,0.5,96.99551768857879
Free,1,Sims Int_110,-0.5,-1.0,Error,-0.5,67.82759118809055
Free,1,Sims Int_110,-0.5,-1.0,Correct,0.5,66.56421742372811
Free,1,Sims Int_110,0.0,-1.0,Error,-0.5,67.15281704245545
Free,1,Sims Int_110,0.0,-1.0,Correct,0.5,70.949376899171
Free,1,Sims Int_110,0.5,-1.0,Error,-0.5,66.47804289682036
Free,1,Sims Int_110,0.5,-1.0,Correct,0.5,75.3345363746139
Free,1,Sims Int_110,-0.5,0.0,Error,-0.5,73.82746977530657
Free,1,Sims Int_110,-0.5,0.0,Correct,0.5,69.8191737982431
Free,1,Sims Int_110,0.0,0.0,Error,-0.5,71.47310573901389
Free,1,Sims Int_110,0.0,0.0,Correct,0.5,73.12606385425575
Free,1,Sims Int_110,0.5,0.0,Error,-0.5,69.11874170272121
Free,1,Sims Int_110,0.5,0.0,Correct,0.5,76.4329539102684
Free,1,Sims Int_110,-0.5,1.0,Error,-0.5,79.82734836252259
Free,1,Sims Int_110,-0.5,1.0,Correct,0.5,73.07413017275809
Free,1,Sims Int_110,0.0,1.0,Error,-0.5,75.79339443557232
Free,1,Sims Int_110,0.0,1.0,Correct,0.5,75.3027508093405
Free,1,Sims Int_110,0.5,1.0,Error,-0.5,71.75944050862206
Free,1,Sims Int_110,0.5,1.0,Correct,0.5,77.53137144592289
Non-Free,0,Sims Int_110,-0.5,-1.0,Error,-0.5,54.29878583280286
Non-Free,0,Sims Int_110,-0.5,-1.0,Correct,0.5,43.713027957286755
Non-Free,0,Sims Int_110,0.0,-1.0,Error,-0.5,50.4681978982959
Non-Free,0,Sims Int_110,0.0,-1.0,Correct,0.5,51.73445019025426
Non-Free,0,Sims Int_110,0.5,-1.0,Error,-0.5,46.63760996378894
Non-Free,0,Sims Int_110,0.5,-1.0,Correct,0.5,59.75587242322177
Non-Free,0,Sims Int_110,-0.5,0.0,Error,-0.5,55.89034014421822
Non-Free,0,Sims Int_110,-0.5,0.0,Correct,0.5,48.76050204419697
Non-Free,0,Sims Int_110,0.0,0.0,Error,-0.5,52.21585513477412
Non-Free,0,Sims Int_110,0.0,0.0,Correct,0.5,57.57504322511978
Non-Free,0,Sims Int_110,0.5,0.0,Error,-0.5,48.54137012533001
Non-Free,0,Sims Int_110,0.5,0.0,Correct,0.5,66.38958440604259
Non-Free,0,Sims Int_110,-0.5,1.0,Error,-0.5,57.48189445563359
Non-Free,0,Sims Int_110,-0.5,1.0,Correct,0.5,53.80797613110718
Non-Free,0,Sims Int_110,0.0,1.0,Error,-0.5,53.963512371252335
Non-Free,0,Sims Int_110,0.0,1.0,Correct,0.5,63.4156362599853
Non-Free,0,Sims Int_110,0.5,1.0,Error,-0.5,50.445130286871084
Non-Free,0,Sims Int_110,0.5,1.0,Correct,0.5,73.02329638886341
Free,1,Sims Int_111,-0.5,-1.0,Error,-0.5,66.09947219316085
Free,1,Sims Int_111,-0.5,-1.0,Correct,0.5,66.7221512152117
Free,1,Sims Int_111,0.0,-1.0,Error,-0.5,62.79464904959503
Free,1,Sims Int_111,0.0,-1.0,Correct,0.5,76.48530044090234
Free,1,Sims Int_111,0.5,-1.0,Error,-0.5,59.48982590602922
Free,1,Sims Int_111,0.5,-1.0,Correct,0.5,86.24844966659299
Free,1,Sims Int_111,-0.5,0.0,Error,-0.5,71.27912635625198
Free,1,Sims Int_111,-0.5,0.0,Correct,0.5,70.09156149709484
Free,1,Sims Int_111,0.0,0.0,Error,-0.5,67.64815620261199
Free,1,Sims Int_111,0.0,0.0,Correct,0.5,79.22900324517221
Free,1,Sims Int_111,0.5,0.0,Error,-0.5,64.017186048972
Free,1,Sims Int_111,0.5,0.0,Correct,0.5,88.36644499324957
Free,1,Sims Int_111,-0.5,1.0,Error,-0.5,76.45878051934311
Free,1,Sims Int_111,-0.5,1.0,Correct,0.5,73.46097177897799
Free,1,Sims Int_111,0.0,1.0,Error,-0.5,72.50166335562893
Free,1,Sims Int_111,0.0,1.0,Correct,0.5,81.97270604944208
Free,1,Sims Int_111,0.5,1.0,Error,-0.5,68.54454619191476
Free,1,Sims Int_111,0.5,1.0,Correct,0.5,90.48444031990617
Non-Free,0,Sims Int_111,-0.5,-1.0,Error,-0.5,51.87620039037078
Non-Free,0,Sims Int_111,-0.5,-1.0,Correct,0.5,60.56168148573117
Non-Free,0,Sims Int_111,0.0,-1.0,Error,-0.5,38.66985035783989
Non-Free,0,Sims Int_111,0.0,-1.0,Correct,0.5,71.69239317990125
Non-Free,0,Sims Int_111,0.5,-1.0,Error,-0.5,25.463500325309
Non-Free,0,Sims Int_111,0.5,-1.0,Correct,0.5,82.82310487407133
Non-Free,0,Sims Int_111,-0.5,0.0,Error,-0.5,53.884723487312876
Non-Free,0,Sims Int_111,-0.5,0.0,Correct,0.5,54.05368337343965
Non-Free,0,Sims Int_111,0.0,0.0,Error,-0.5,36.703643461288166
Non-Free,0,Sims Int_111,0.0,0.0,Correct,0.5,69.37797667646663
Non-Free,0,Sims Int_111,0.5,0.0,Error,-0.5,19.522563435263457
Non-Free,0,Sims Int_111,0.5,0.0,Correct,0.5,84.70226997949362
Non-Free,0,Sims Int_111,-0.5,1.0,Error,-0.5,55.893246584254975
Non-Free,0,Sims Int_111,-0.5,1.0,Correct,0.5,47.54568526114812
Non-Free,0,Sims Int_111,0.0,1.0,Error,-0.5,34.73743656473644
Non-Free,0,Sims Int_111,0.0,1.0,Correct,0.5,67.06356017303202
Non-Free,0,Sims Int_111,0.5,1.0,Error,-0.5,13.581626545217912
Non-Free,0,Sims Int_111,0.5,1.0,Correct,0.5,86.58143508491591
Free,1,Sims Int_112,-0.5,-1.0,Error,-0.5,71.74394463667814
Free,1,Sims Int_112,-0.5,-1.0,Correct,0.5,74.8622317272905
Free,1,Sims Int_112,0.0,-1.0,Error,-0.5,53.00000000000004
Free,1,Sims Int_112,0.0,-1.0,Correct,0.5,84.75104095966816
Free,1,Sims Int_112,0.5,-1.0,Error,-0.5,34.25605536332195
Free,1,Sims Int_112,0.5,-1.0,Correct,0.5,94.63985019204581
Free,1,Sims Int_112,-0.5,0.0,Error,-0.5,72.56574394463661
Free,1,Sims Int_112,-0.5,0.0,Correct,0.5,79.99550969317153
Free,1,Sims Int_112,0.0,0.0,Error,-0.5,60.147923875432554
Free,1,Sims Int_112,0.0,0.0,Correct,0.5,87.66518619964643
Free,1,Sims Int_112,0.5,0.0,Error,-0.5,47.7301038062285
Free,1,Sims Int_112,0.5,0.0,Correct,0.5,95.33486270612133
Free,1,Sims Int_112,-0.5,1.0,Error,-0.5,73.38754325259508
Free,1,Sims Int_112,-0.5,1.0,Correct,0.5,85.12878765905255
Free,1,Sims Int_112,0.0,1.0,Error,-0.5,67.29584775086506
Free,1,Sims Int_112,0.0,1.0,Correct,0.5,90.5793314396247
Free,1,Sims Int_112,0.5,1.0,Error,-0.5,61.20415224913505
Free,1,Sims Int_112,0.5,1.0,Correct,0.5,96.02987522019684
Non-Free,0,Sims Int_112,-0.5,-1.0,Error,-0.5,46.21034980374045
Non-Free,0,Sims Int_112,-0.5,-1.0,Correct,0.5,53.40914344916154
Non-Free,0,Sims Int_112,0.0,-1.0,Error,-0.5,32.811270491803285
Non-Free,0,Sims Int_112,0.0,-1.0,Correct,0.5,73.82828930899367
Non-Free,0,Sims Int_112,0.5,-1.0,Error,-0.5,19.41219117986612
Non-Free,0,Sims Int_112,0.5,-1.0,Correct,0.5,94.24743516882582
Non-Free,0,Sims Int_112,-0.5,0.0,Error,-0.5,44.6489609789887
Non-Free,0,Sims Int_112,-0.5,0.0,Correct,0.5,55.35366552423594
Non-Free,0,Sims Int_112,0.0,0.0,Error,-0.5,26.157128838605423
Non-Free,0,Sims Int_112,0.0,0.0,Correct,0.5,75.5888519005718
Non-Free,0,Sims Int_112,0.5,0.0,Error,-0.5,7.66529669822215
Non-Free,0,Sims Int_112,0.5,0.0,Correct,0.5,95.82403827690766
Non-Free,0,Sims Int_112,-0.5,1.0,Error,-0.5,43.087572154236945
Non-Free,0,Sims Int_112,-0.5,1.0,Correct,0.5,57.298187599310346
Non-Free,0,Sims Int_112,0.0,1.0,Error,-0.5,19.502987185407562
Non-Free,0,Sims Int_112,0.0,1.0,Correct,0.5,77.34941449214992
Non-Free,0,Sims Int_112,0.5,1.0,Error,-0.5,-4.08159778342182
Non-Free,0,Sims Int_112,0.5,1.0,Correct,0.5,97.4006413849895
Free,1,Sims Int_113,-0.5,-1.0,Error,-0.5,60.42452830188692
Free,1,Sims Int_113,-0.5,-1.0,Correct,0.5,78.02414902467012
Free,1,Sims Int_113,0.0,-1.0,Error,-0.5,64.50000000000018
Free,1,Sims Int_113,0.0,-1.0,Correct,0.5,87.55969464564205
Free,1,Sims Int_113,0.5,-1.0,Error,-0.5,68.57547169811345
Free,1,Sims Int_113,0.5,-1.0,Correct,0.5,97.09524026661398
Free,1,Sims Int_113,-0.5,0.0,Error,-0.5,65.80503144654094
Free,1,Sims Int_113,-0.5,0.0,Correct,0.5,82.96749066131439
Free,1,Sims Int_113,0.0,0.0,Error,-0.5,55.00000000000013
Free,1,Sims Int_113,0.0,0.0,Correct,0.5,90.70669369314369
Free,1,Sims Int_113,0.5,0.0,Error,-0.5,44.19496855345932
Free,1,Sims Int_113,0.5,0.0,Correct,0.5,98.445896724973
Free,1,Sims Int_113,-0.5,1.0,Error,-0.5,71.18553459119495
Free,1,Sims Int_113,-0.5,1.0,Correct,0.5,87.91083229795865
Free,1,Sims Int_113,0.0,1.0,Error,-0.5,45.50000000000007
Free,1,Sims Int_113,0.0,1.0,Correct,0.5,93.85369274064533
Free,1,Sims Int_113,0.5,1.0,Error,-0.5,19.81446540880519
Free,1,Sims Int_113,0.5,1.0,Correct,0.5,99.79655318333201
Non-Free,0,Sims Int_113,-0.5,-1.0,Error,-0.5,34.77913608086995
Non-Free,0,Sims Int_113,-0.5,-1.0,Correct,0.5,63.28441782751251
Non-Free,0,Sims Int_113,0.0,-1.0,Error,-0.5,15.585797880183982
Non-Free,0,Sims Int_113,0.0,-1.0,Correct,0.5,80.46352161175828
Non-Free,0,Sims Int_113,0.5,-1.0,Error,-0.5,-3.6075403205019887
Non-Free,0,Sims Int_113,0.5,-1.0,Correct,0.5,97.64262539600405
Non-Free,0,Sims Int_113,-0.5,0.0,Error,-0.5,35.776915800793375
Non-Free,0,Sims Int_113,-0.5,0.0,Correct,0.5,64.00197434058946
Non-Free,0,Sims Int_113,0.0,0.0,Error,-0.5,19.184689658314223
Non-Free,0,Sims Int_113,0.0,0.0,Correct,0.5,80.94544043482183
Non-Free,0,Sims Int_113,0.5,0.0,Error,-0.5,2.5924635158350675
Non-Free,0,Sims Int_113,0.5,0.0,Correct,0.5,97.88890652905421
Non-Free,0,Sims Int_113,-0.5,1.0,Error,-0.5,36.774695520716804
Non-Free,0,Sims Int_113,-0.5,1.0,Correct,0.5,64.7195308536664
Non-Free,0,Sims Int_113,0.0,1.0,Error,-0.5,22.783581436444464
Non-Free,0,Sims Int_113,0.0,1.0,Correct,0.5,81.42735925788539
Non-Free,0,Sims Int_113,0.5,1.0,Error,-0.5,8.792467352172123
Non-Free,0,Sims Int_113,0.5,1.0,Correct,0.5,98.13518766210437
Free,1,Sims Int_114,-0.5,-1.0,Error,-0.5,73.35963174173585
Free,1,Sims Int_114,-0.5,-1.0,Correct,0.5,75.23088404337904
Free,1,Sims Int_114,0.0,-1.0,Error,-0.5,70.40385978477995
Free,1,Sims Int_114,0.0,-1.0,Correct,0.5,83.35284743727472
Free,1,Sims Int_114,0.5,-1.0,Error,-0.5,67.44808782782405
Free,1,Sims Int_114,0.5,-1.0,Correct,0.5,91.4748108311704
Free,1,Sims Int_114,-0.5,0.0,Error,-0.5,72.7082286229783
Free,1,Sims Int_114,-0.5,0.0,Correct,0.5,75.70977747228726
Free,1,Sims Int_114,0.0,0.0,Error,-0.5,69.65341677943167
Free,1,Sims Int_114,0.0,0.0,Correct,0.5,84.67234026598197
Free,1,Sims Int_114,0.5,0.0,Error,-0.5,66.59860493588504
Free,1,Sims Int_114,0.5,0.0,Correct,0.5,93.63490305967669
Free,1,Sims Int_114,-0.5,1.0,Error,-0.5,72.05682550422074
Free,1,Sims Int_114,-0.5,1.0,Correct,0.5,76.18867090119548
Free,1,Sims Int_114,0.0,1.0,Error,-0.5,68.90297377408338
Free,1,Sims Int_114,0.0,1.0,Correct,0.5,85.99183309468923
Free,1,Sims Int_114,0.5,1.0,Error,-0.5,65.74912204394602
Free,1,Sims Int_114,0.5,1.0,Correct,0.5,95.79499528818297
Non-Free,0,Sims Int_114,-0.5,-1.0,Error,-0.5,30.065370794544755
Non-Free,0,Sims Int_114,-0.5,-1.0,Correct,0.5,51.78495222589616
Non-Free,0,Sims Int_114,0.0,-1.0,Error,-0.5,34.914674175720265
Non-Free,0,Sims Int_114,0.0,-1.0,Correct,0.5,70.2491296603549
Non-Free,0,Sims Int_114,0.5,-1.0,Error,-0.5,39.76397755689578
Non-Free,0,Sims Int_114,0.5,-1.0,Correct,0.5,88.71330709481364
Non-Free,0,Sims Int_114,-0.5,0.0,Error,-0.5,34.14799840292519
Non-Free,0,Sims Int_114,-0.5,0.0,Correct,0.5,61.05815306243704
Non-Free,0,Sims Int_114,0.0,0.0,Error,-0.5,25.161882446886757
Non-Free,0,Sims Int_114,0.0,0.0,Correct,0.5,74.28553154374208
Non-Free,0,Sims Int_114,0.5,0.0,Error,-0.5,16.175766490848325
Non-Free,0,Sims Int_114,0.5,0.0,Correct,0.5,87.51291002504712
Non-Free,0,Sims Int_114,-0.5,1.0,Error,-0.5,38.230626011305624
Non-Free,0,Sims Int_114,-0.5,1.0,Correct,0.5,70.33135389897792
Non-Free,0,Sims Int_114,0.0,1.0,Error,-0.5,15.409090718053246
Non-Free,0,Sims Int_114,0.0,1.0,Correct,0.5,78.32193342712927
Non-Free,0,Sims Int_114,0.5,1.0,Error,-0.5,-7.4124445751991335
Non-Free,0,Sims Int_114,0.5,1.0,Correct,0.5,86.3125129552806
Free,1,Sims Int_115,-0.5,-1.0,Error,-0.5,65.4721657862657
Free,1,Sims Int_115,-0.5,-1.0,Correct,0.5,68.32870560106016
Free,1,Sims Int_115,0.0,-1.0,Error,-0.5,55.59081674116213
Free,1,Sims Int_115,0.0,-1.0,Correct,0.5,80.59654665325797
Free,1,Sims Int_115,0.5,-1.0,Error,-0.5,45.709467696058546
Free,1,Sims Int_115,0.5,-1.0,Correct,0.5,92.86438770545578
Free,1,Sims Int_115,-0.5,0.0,Error,-0.5,64.28057700121899
Free,1,Sims Int_115,-0.5,0.0,Correct,0.5,75.37910176246228
Free,1,Sims Int_115,0.0,0.0,Error,-0.5,59.53189760260058
Free,1,Sims Int_115,0.0,0.0,Correct,0.5,84.53453095541519
Free,1,Sims Int_115,0.5,0.0,Error,-0.5,54.78321820398217
Free,1,Sims Int_115,0.5,0.0,Correct,0.5,93.6899601483681
Free,1,Sims Int_115,-0.5,1.0,Error,-0.5,63.08898821617227
Free,1,Sims Int_115,-0.5,1.0,Correct,0.5,82.4294979238644
Free,1,Sims Int_115,0.0,1.0,Error,-0.5,63.47297846403903
Free,1,Sims Int_115,0.0,1.0,Correct,0.5,88.47251525757241
Free,1,Sims Int_115,0.5,1.0,Error,-0.5,63.85696871190579
Free,1,Sims Int_115,0.5,1.0,Correct,0.5,94.51553259128042
Non-Free,0,Sims Int_115,-0.5,-1.0,Error,-0.5,41.19860979418823
Non-Free,0,Sims Int_115,-0.5,-1.0,Correct,0.5,63.446596416303336
Non-Free,0,Sims Int_115,0.0,-1.0,Error,-0.5,29.258854370015044
Non-Free,0,Sims Int_115,0.0,-1.0,Correct,0.5,77.8008697840591
Non-Free,0,Sims Int_115,0.5,-1.0,Error,-0.5,17.319098945841866
Non-Free,0,Sims Int_115,0.5,-1.0,Correct,0.5,92.15514315181488
Non-Free,0,Sims Int_115,-0.5,0.0,Error,-0.5,36.41970759663118
Non-Free,0,Sims Int_115,-0.5,0.0,Correct,0.5,66.11575602421571
Non-Free,0,Sims Int_115,0.0,0.0,Error,-0.5,24.08523899827097
Non-Free,0,Sims Int_115,0.0,0.0,Correct,0.5,80.42695579750597
Non-Free,0,Sims Int_115,0.5,0.0,Error,-0.5,11.750770399910763
Non-Free,0,Sims Int_115,0.5,0.0,Correct,0.5,94.73815557079622
Non-Free,0,Sims Int_115,-0.5,1.0,Error,-0.5,31.64080539907413
Non-Free,0,Sims Int_115,-0.5,1.0,Correct,0.5,68.78491563212809
Non-Free,0,Sims Int_115,0.0,1.0,Error,-0.5,18.911623626526897
Non-Free,0,Sims Int_115,0.0,1.0,Correct,0.5,83.05304181095283
Non-Free,0,Sims Int_115,0.5,1.0,Error,-0.5,6.182441853979663
Non-Free,0,Sims Int_115,0.5,1.0,Correct,0.5,97.32116798977758
Free,1,Sims Int_116,-0.5,-1.0,Error,-0.5,61.08009175320031
Free,1,Sims Int_116,-0.5,-1.0,Correct,0.5,74.87740299412711
Free,1,Sims Int_116,0.0,-1.0,Error,-0.5,64.99450579638474
Free,1,Sims Int_116,0.0,-1.0,Correct,0.5,82.15697935253954
Free,1,Sims Int_116,0.5,-1.0,Error,-0.5,68.90891983956917
Free,1,Sims Int_116,0.5,-1.0,Correct,0.5,89.43655571095195
Free,1,Sims Int_116,-0.5,0.0,Error,-0.5,73.56211883962413
Free,1,Sims Int_116,-0.5,0.0,Correct,0.5,79.17662206149606
Free,1,Sims Int_116,0.0,0.0,Error,-0.5,73.37063897588038
Free,1,Sims Int_116,0.0,0.0,Correct,0.5,85.40387940941204
Free,1,Sims Int_116,0.5,0.0,Error,-0.5,73.17915911213663
Free,1,Sims Int_116,0.5,0.0,Correct,0.5,91.63113675732802
Free,1,Sims Int_116,-0.5,1.0,Error,-0.5,86.04414592604796
Free,1,Sims Int_116,-0.5,1.0,Correct,0.5,83.47584112886501
Free,1,Sims Int_116,0.0,1.0,Error,-0.5,81.74677215537602
Free,1,Sims Int_116,0.0,1.0,Correct,0.5,88.65077946628455
Free,1,Sims Int_116,0.5,1.0,Error,-0.5,77.44939838470408
Free,1,Sims Int_116,0.5,1.0,Correct,0.5,93.82571780370408
Non-Free,0,Sims Int_116,-0.5,-1.0,Error,-0.5,47.670879729758205
Non-Free,0,Sims Int_116,-0.5,-1.0,Correct,0.5,58.34824924104916
Non-Free,0,Sims Int_116,0.0,-1.0,Error,-0.5,32.7618348403552
Non-Free,0,Sims Int_116,0.0,-1.0,Correct,0.5,71.35669576652802
Non-Free,0,Sims Int_116,0.5,-1.0,Error,-0.5,17.85278995095219
Non-Free,0,Sims Int_116,0.5,-1.0,Correct,0.5,84.36514229200688
Non-Free,0,Sims Int_116,-0.5,0.0,Error,-0.5,47.224922404463754
Non-Free,0,Sims Int_116,-0.5,0.0,Correct,0.5,56.5428863132631
Non-Free,0,Sims Int_116,0.0,0.0,Error,-0.5,27.46384851144747
Non-Free,0,Sims Int_116,0.0,0.0,Correct,0.5,71.2806765060469
Non-Free,0,Sims Int_116,0.5,0.0,Error,-0.5,7.702774618431182
Non-Free,0,Sims Int_116,0.5,0.0,Correct,0.5,86.01846669883071
Non-Free,0,Sims Int_116,-0.5,1.0,Error,-0.5,46.7789650791693
Non-Free,0,Sims Int_116,-0.5,1.0,Correct,0.5,54.73752338547703
Non-Free,0,Sims Int_116,0.0,1.0,Error,-0.5,22.16586218253974
Non-Free,0,Sims Int_116,0.0,1.0,Correct,0.5,71.20465724556578
Non-Free,0,Sims Int_116,0.5,1.0,Error,-0.5,-2.447240714089827
Non-Free,0,Sims Int_116,0.5,1.0,Correct,0.5,87.67179110565453
Free,1,Sims Int_117,-0.5,-1.0,Error,-0.5,63.061606022584776
Free,1,Sims Int_117,-0.5,-1.0,Correct,0.5,60.25487787787598
Free,1,Sims Int_117,0.0,-1.0,Error,-0.5,56.69466750313681
Free,1,Sims Int_117,0.0,-1.0,Correct,0.5,75.07566187008666
Free,1,Sims Int_117,0.5,-1.0,Error,-0.5,50.32772898368885
Free,1,Sims Int_117,0.5,-1.0,Correct,0.5,89.89644586229736
Free,1,Sims Int_117,-0.5,0.0,Error,-0.5,61.88074027603517
Free,1,Sims Int_117,-0.5,0.0,Correct,0.5,64.23149190142634
Free,1,Sims Int_117,0.0,0.0,Error,-0.5,57.134378920953594
Free,1,Sims Int_117,0.0,0.0,Correct,0.5,77.58327106907299
Free,1,Sims Int_117,0.5,0.0,Error,-0.5,52.38801756587202
Free,1,Sims Int_117,0.5,0.0,Correct,0.5,90.93505023671965
Free,1,Sims Int_117,-0.5,1.0,Error,-0.5,60.69987452948556
Free,1,Sims Int_117,-0.5,1.0,Correct,0.5,68.2081059249767
Free,1,Sims Int_117,0.0,1.0,Error,-0.5,57.574090338770375
Free,1,Sims Int_117,0.0,1.0,Correct,0.5,80.09088026805932
Free,1,Sims Int_117,0.5,1.0,Error,-0.5,54.44830614805519
Free,1,Sims Int_117,0.5,1.0,Correct,0.5,91.97365461114194
Non-Free,0,Sims Int_117,-0.5,-1.0,Error,-0.5,44.29756766703471
Non-Free,0,Sims Int_117,-0.5,-1.0,Correct,0.5,53.38986436009024
Non-Free,0,Sims Int_117,0.0,-1.0,Error,-0.5,31.53926611796982
Non-Free,0,Sims Int_117,0.0,-1.0,Correct,0.5,69.44365055670627
Non-Free,0,Sims Int_117,0.5,-1.0,Error,-0.5,18.780964568904928
Non-Free,0,Sims Int_117,0.5,-1.0,Correct,0.5,85.49743675332229
Non-Free,0,Sims Int_117,-0.5,0.0,Error,-0.5,41.41050219144165
Non-Free,0,Sims Int_117,-0.5,0.0,Correct,0.5,59.65703427729095
Non-Free,0,Sims Int_117,0.0,0.0,Error,-0.5,27.650101207802194
Non-Free,0,Sims Int_117,0.0,0.0,Correct,0.5,74.12832629459857
Non-Free,0,Sims Int_117,0.5,0.0,Error,-0.5,13.889700224162741
Non-Free,0,Sims Int_117,0.5,0.0,Correct,0.5,88.59961831190618
Non-Free,0,Sims Int_117,-0.5,1.0,Error,-0.5,38.52343671584859
Non-Free,0,Sims Int_117,-0.5,1.0,Correct,0.5,65.92420419449165
Non-Free,0,Sims Int_117,0.0,1.0,Error,-0.5,23.76093629763457
Non-Free,0,Sims Int_117,0.0,1.0,Correct,0.5,78.81300203249086
Non-Free,0,Sims Int_117,0.5,1.0,Error,-0.5,8.998435879420553
Non-Free,0,Sims Int_117,0.5,1.0,Correct,0.5,91.70179987049006
Free,1,Sims Int_118,-0.5,-1.0,Error,-0.5,65.27093361133916
Free,1,Sims Int_118,-0.5,-1.0,Correct,0.5,76.19296638046333
Free,1,Sims Int_118,0.0,-1.0,Error,-0.5,58.62153139764438
Free,1,Sims Int_118,0.0,-1.0,Correct,0.5,81.90706318378446
Free,1,Sims Int_118,0.5,-1.0,Error,-0.5,51.972129183949605
Free,1,Sims Int_118,0.5,-1.0,Correct,0.5,87.62115998710557
Free,1,Sims Int_118,-0.5,0.0,Error,-0.5,73.40824146574104
Free,1,Sims Int_118,-0.5,0.0,Correct,0.5,80.92486406679379
Free,1,Sims Int_118,0.0,0.0,Error,-0.5,67.95677417208265
Free,1,Sims Int_118,0.0,0.0,Correct,0.5,87.01545088149538
Free,1,Sims Int_118,0.5,0.0,Error,-0.5,62.50530687842425
Free,1,Sims Int_118,0.5,0.0,Correct,0.5,93.10603769619698
Free,1,Sims Int_118,-0.5,1.0,Error,-0.5,81.54554932014292
Free,1,Sims Int_118,-0.5,1.0,Correct,0.5,85.65676175312424
Free,1,Sims Int_118,0.0,1.0,Error,-0.5,77.29201694652092
Free,1,Sims Int_118,0.0,1.0,Correct,0.5,92.1238385792063
Free,1,Sims Int_118,0.5,1.0,Error,-0.5,73.0384845728989
Free,1,Sims Int_118,0.5,1.0,Correct,0.5,98.59091540528838
Non-Free,0,Sims Int_118,-0.5,-1.0,Error,-0.5,36.42259070435087
Non-Free,0,Sims Int_118,-0.5,-1.0,Correct,0.5,60.75270581163039
Non-Free,0,Sims Int_118,0.0,-1.0,Error,-0.5,34.668044349849104
Non-Free,0,Sims Int_118,0.0,-1.0,Correct,0.5,71.26348846795219
Non-Free,0,Sims Int_118,0.5,-1.0,Error,-0.5,32.913497995347335
Non-Free,0,Sims Int_118,0.5,-1.0,Correct,0.5,81.77427112427398
Non-Free,0,Sims Int_118,-0.5,0.0,Error,-0.5,34.87818640795923
Non-Free,0,Sims Int_118,-0.5,0.0,Correct,0.5,65.3572040535924
Non-Free,0,Sims Int_118,0.0,0.0,Error,-0.5,29.200861258228997
Non-Free,0,Sims Int_118,0.0,0.0,Correct,0.5,76.78262921715613
Non-Free,0,Sims Int_118,0.5,0.0,Error,-0.5,23.523536108498767
Non-Free,0,Sims Int_118,0.5,0.0,Correct,0.5,88.20805438071986
Non-Free,0,Sims Int_118,-0.5,1.0,Error,-0.5,33.33378211156759
Non-Free,0,Sims Int_118,-0.5,1.0,Correct,0.5,69.9617022955544
Non-Free,0,Sims Int_118,0.0,1.0,Error,-0.5,23.733678166608893
Non-Free,0,Sims Int_118,0.0,1.0,Correct,0.5,82.30176996636007
Non-Free,0,Sims Int_118,0.5,1.0,Error,-0.5,14.133574221650202
Non-Free,0,Sims Int_118,0.5,1.0,Correct,0.5,94.64183763716574
Free,1,Sims Int_119,-0.5,-1.0,Error,-0.5,48.99197283982947
Free,1,Sims Int_119,-0.5,-1.0,Correct,0.5,62.92228701938605
Free,1,Sims Int_119,0.0,-1.0,Error,-0.5,21.174197838066593
Free,1,Sims Int_119,0.0,-1.0,Correct,0.5,79.69082713370335
Free,1,Sims Int_119,0.5,-1.0,Error,-0.5,-6.6435771636962855
Free,1,Sims Int_119,0.5,-1.0,Correct,0.5,96.45936724802064
Free,1,Sims Int_119,-0.5,0.0,Error,-0.5,46.80687668113994
Free,1,Sims Int_119,-0.5,0.0,Correct,0.5,74.65078272296415
Free,1,Sims Int_119,0.0,0.0,Error,-0.5,26.118718958725776
Free,1,Sims Int_119,0.0,0.0,Correct,0.5,86.13128738668257
Free,1,Sims Int_119,0.5,0.0,Error,-0.5,5.430561236311615
Free,1,Sims Int_119,0.5,0.0,Correct,0.5,97.611792050401
Free,1,Sims Int_119,-0.5,1.0,Error,-0.5,44.62178052245041
Free,1,Sims Int_119,-0.5,1.0,Correct,0.5,86.37927842654226
Free,1,Sims Int_119,0.0,1.0,Error,-0.5,31.063240079384958
Free,1,Sims Int_119,0.0,1.0,Correct,0.5,92.5717476396618
Free,1,Sims Int_119,0.5,1.0,Error,-0.5,17.504699636319515
Free,1,Sims Int_119,0.5,1.0,Correct,0.5,98.76421685278133
Non-Free,0,Sims Int_119,-0.5,-1.0,Error,-0.5,29.657452689772484
Non-Free,0,Sims Int_119,-0.5,-1.0,Correct,0.5,57.52009451752534
Non-Free,0,Sims Int_119,0.0,-1.0,Error,-0.5,12.071762704656598
Non-Free,0,Sims Int_119,0.0,-1.0,Correct,0.5,77.98277231048766
Non-Free,0,Sims Int_119,0.5,-1.0,Error,-0.5,-5.5139272804592885
Non-Free,0,Sims Int_119,0.5,-1.0,Correct,0.5,98.44545010344997
Non-Free,0,Sims Int_119,-0.5,0.0,Error,-0.5,36.34911226876463
Non-Free,0,Sims Int_119,-0.5,0.0,Correct,0.5,66.42422087936409
Non-Free,0,Sims Int_119,0.0,0.0,Error,-0.5,20.24912290027642
Non-Free,0,Sims Int_119,0.0,0.0,Correct,0.5,81.78177655537814
Non-Free,0,Sims Int_119,0.5,0.0,Error,-0.5,4.149133531788209
Non-Free,0,Sims Int_119,0.5,0.0,Correct,0.5,97.1393322313922
Non-Free,0,Sims Int_119,-0.5,1.0,Error,-0.5,43.04077184775677
Non-Free,0,Sims Int_119,-0.5,1.0,Correct,0.5,75.32834724120283
Non-Free,0,Sims Int_119,0.0,1.0,Error,-0.5,28.426483095896238
Non-Free,0,Sims Int_119,0.0,1.0,Correct,0.5,85.58078080026863
Non-Free,0,Sims Int_119,0.5,1.0,Error,-0.5,13.812194344035705
Non-Free,0,Sims Int_119,0.5,1.0,Correct,0.5,95.83321435933443
Free,1,Sims Int_12,-0.5,-1.0,Error,-0.5,47.51125119693584
Free,1,Sims Int_12,-0.5,-1.0,Correct,0.5,80.85957212160531
Free,1,Sims Int_12,0.0,-1.0,Error,-0.5,48.13820619214812
Free,1,Sims Int_12,0.0,-1.0,Correct,0.5,90.05405485442184
Free,1,Sims Int_12,0.5,-1.0,Error,-0.5,48.7651611873604
Free,1,Sims Int_12,0.5,-1.0,Correct,0.5,99.24853758723837
Free,1,Sims Int_12,-0.5,0.0,Error,-0.5,59.26364506862432
Free,1,Sims Int_12,-0.5,0.0,Correct,0.5,83.45675111297352
Free,1,Sims Int_12,0.0,0.0,Error,-0.5,54.93935525055859
Free,1,Sims Int_12,0.0,0.0,Correct,0.5,91.62016542007868
Free,1,Sims Int_12,0.5,0.0,Error,-0.5,50.61506543249286
Free,1,Sims Int_12,0.5,0.0,Correct,0.5,99.78357972718383
Free,1,Sims Int_12,-0.5,1.0,Error,-0.5,71.01603894031281
Free,1,Sims Int_12,-0.5,1.0,Correct,0.5,86.05393010434173
Free,1,Sims Int_12,0.0,1.0,Error,-0.5,61.740504308969065
Free,1,Sims Int_12,0.0,1.0,Correct,0.5,93.18627598573552
Free,1,Sims Int_12,0.5,1.0,Error,-0.5,52.46496967762533
Free,1,Sims Int_12,0.5,1.0,Correct,0.5,100.31862186712931
Non-Free,0,Sims Int_12,-0.5,-1.0,Error,-0.5,26.50401670316808
Non-Free,0,Sims Int_12,-0.5,-1.0,Correct,0.5,72.6826947651958
Non-Free,0,Sims Int_12,0.0,-1.0,Error,-0.5,11.335871400469582
Non-Free,0,Sims Int_12,0.0,-1.0,Correct,0.5,85.62347545542293
Non-Free,0,Sims Int_12,0.5,-1.0,Error,-0.5,-3.83227390222892
Non-Free,0,Sims Int_12,0.5,-1.0,Correct,0.5,98.56425614565008
Non-Free,0,Sims Int_12,-0.5,0.0,Error,-0.5,40.87699528771857
Non-Free,0,Sims Int_12,-0.5,0.0,Correct,0.5,73.99114721263516
Non-Free,0,Sims Int_12,0.0,0.0,Error,-0.5,16.618470099424712
Non-Free,0,Sims Int_12,0.0,0.0,Correct,0.5,86.7502022114458
Non-Free,0,Sims Int_12,0.5,0.0,Error,-0.5,-7.6400550888691505
Non-Free,0,Sims Int_12,0.5,0.0,Correct,0.5,99.50925721025644
Non-Free,0,Sims Int_12,-0.5,1.0,Error,-0.5,55.24997387226907
Non-Free,0,Sims Int_12,-0.5,1.0,Correct,0.5,75.2995996600745
Non-Free,0,Sims Int_12,0.0,1.0,Error,-0.5,21.901068798379843
Non-Free,0,Sims Int_12,0.0,1.0,Correct,0.5,87.87692896746866
Non-Free,0,Sims Int_12,0.5,1.0,Error,-0.5,-11.447836275509381
Non-Free,0,Sims Int_12,0.5,1.0,Correct,0.5,100.4542582748628
Free,1,Sims Int_120,-0.5,-1.0,Error,-0.5,70.71063829787232
Free,1,Sims Int_120,-0.5,-1.0,Correct,0.5,75.8153168066981
Free,1,Sims Int_120,0.0,-1.0,Error,-0.5,75.98042553191482
Free,1,Sims Int_120,0.0,-1.0,Correct,0.5,85.84900174442984
Free,1,Sims Int_120,0.5,-1.0,Error,-0.5,81.2502127659573
Free,1,Sims Int_120,0.5,-1.0,Correct,0.5,95.88268668216158
Free,1,Sims Int_120,-0.5,0.0,Error,-0.5,74.48510638297873
Free,1,Sims Int_120,-0.5,0.0,Correct,0.5,81.37883547393326
Free,1,Sims Int_120,0.0,0.0,Error,-0.5,78.99999999999993
Free,1,Sims Int_120,0.0,0.0,Correct,0.5,89.72792670764548
Free,1,Sims Int_120,0.5,0.0,Error,-0.5,83.51489361702113
Free,1,Sims Int_120,0.5,0.0,Correct,0.5,98.0770179413577
Free,1,Sims Int_120,-0.5,1.0,Error,-0.5,78.25957446808513
Free,1,Sims Int_120,-0.5,1.0,Correct,0.5,86.94235414116842
Free,1,Sims Int_120,0.0,1.0,Error,-0.5,82.01957446808504
Free,1,Sims Int_120,0.0,1.0,Correct,0.5,93.60685167086112
Free,1,Sims Int_120,0.5,1.0,Error,-0.5,85.77957446808495
Free,1,Sims Int_120,0.5,1.0,Correct,0.5,100.27134920055381
Non-Free,0,Sims Int_120,-0.5,-1.0,Error,-0.5,53.86431786713631
Non-Free,0,Sims Int_120,-0.5,-1.0,Correct,0.5,60.193392947773106
Non-Free,0,Sims Int_120,0.0,-1.0,Error,-0.5,28.852044747498752
Non-Free,0,Sims Int_120,0.0,-1.0,Correct,0.5,77.84392730116647
Non-Free,0,Sims Int_120,0.5,-1.0,Error,-0.5,3.839771627861193
Non-Free,0,Sims Int_120,0.5,-1.0,Correct,0.5,95.49446165455984
Non-Free,0,Sims Int_120,-0.5,0.0,Error,-0.5,45.64196787032263
Non-Free,0,Sims Int_120,-0.5,0.0,Correct,0.5,65.18477215313789
Non-Free,0,Sims Int_120,0.0,0.0,Error,-0.5,22.070617508530653
Non-Free,0,Sims Int_120,0.0,0.0,Correct,0.5,81.30327038203981
Non-Free,0,Sims Int_120,0.5,0.0,Error,-0.5,-1.5007328532613293
Non-Free,0,Sims Int_120,0.5,0.0,Correct,0.5,97.42176861094174
Non-Free,0,Sims Int_120,-0.5,1.0,Error,-0.5,37.419617873508955
Non-Free,0,Sims Int_120,-0.5,1.0,Correct,0.5,70.17615135850266
Non-Free,0,Sims Int_120,0.0,1.0,Error,-0.5,15.289190269562551
Non-Free,0,Sims Int_120,0.0,1.0,Correct,0.5,84.76261346291315
Non-Free,0,Sims Int_120,0.5,1.0,Error,-0.5,-6.841237334383852
Non-Free,0,Sims Int_120,0.5,1.0,Correct,0.5,99.34907556732364
Free,1,Sims Int_121,-0.5,-1.0,Error,-0.5,72.53027693259756
Free,1,Sims Int_121,-0.5,-1.0,Correct,0.5,69.05987379478121
Free,1,Sims Int_121,0.0,-1.0,Error,-0.5,70.18885823320092
Free,1,Sims Int_121,0.0,-1.0,Correct,0.5,74.47757767636479
Free,1,Sims Int_121,0.5,-1.0,Error,-0.5,67.84743953380426
Free,1,Sims Int_121,0.5,-1.0,Correct,0.5,79.89528155794835
Free,1,Sims Int_121,-0.5,0.0,Error,-0.5,78.03429168170796
Free,1,Sims Int_121,-0.5,0.0,Correct,0.5,76.87644197434824
Free,1,Sims Int_121,0.0,0.0,Error,-0.5,76.42012273735233
Free,1,Sims Int_121,0.0,0.0,Correct,0.5,78.78793222992348
Free,1,Sims Int_121,0.5,0.0,Error,-0.5,74.8059537929967
Free,1,Sims Int_121,0.5,0.0,Correct,0.5,80.69942248549873
Free,1,Sims Int_121,-0.5,1.0,Error,-0.5,83.53830643081835
Free,1,Sims Int_121,-0.5,1.0,Correct,0.5,84.69301015391527
Free,1,Sims Int_121,0.0,1.0,Error,-0.5,82.65138724150374
Free,1,Sims Int_121,0.0,1.0,Correct,0.5,83.09828678348218
Free,1,Sims Int_121,0.5,1.0,Error,-0.5,81.76446805218914
Free,1,Sims Int_121,0.5,1.0,Correct,0.5,81.50356341304911
Non-Free,0,Sims Int_121,-0.5,-1.0,Error,-0.5,45.587181766840565
Non-Free,0,Sims Int_121,-0.5,-1.0,Correct,0.5,47.81340697809648
Non-Free,0,Sims Int_121,0.0,-1.0,Error,-0.5,46.65193274397643
Non-Free,0,Sims Int_121,0.0,-1.0,Correct,0.5,53.106553174521515
Non-Free,0,Sims Int_121,0.5,-1.0,Error,-0.5,47.716683721112304
Non-Free,0,Sims Int_121,0.5,-1.0,Correct,0.5,58.39969937094655
Non-Free,0,Sims Int_121,-0.5,0.0,Error,-0.5,47.96276539233611
Non-Free,0,Sims Int_121,-0.5,0.0,Correct,0.5,51.79912676128435
Non-Free,0,Sims Int_121,0.0,0.0,Error,-0.5,36.24927448710851
Non-Free,0,Sims Int_121,0.0,0.0,Correct,0.5,58.39515448381832
Non-Free,0,Sims Int_121,0.5,0.0,Error,-0.5,24.535783581880903
Non-Free,0,Sims Int_121,0.5,0.0,Correct,0.5,64.99118220635229
Non-Free,0,Sims Int_121,-0.5,1.0,Error,-0.5,50.33834901783165
Non-Free,0,Sims Int_121,-0.5,1.0,Correct,0.5,55.78484654447222
Non-Free,0,Sims Int_121,0.0,1.0,Error,-0.5,25.84661623024058
Non-Free,0,Sims Int_121,0.0,1.0,Correct,0.5,63.68375579311512
Non-Free,0,Sims Int_121,0.5,1.0,Error,-0.5,1.3548834426495073
Non-Free,0,Sims Int_121,0.5,1.0,Correct,0.5,71.58266504175802
Free,1,Sims Int_122,-0.5,-1.0,Error,-0.5,61.73815859499783
Free,1,Sims Int_122,-0.5,-1.0,Correct,0.5,80.52788319387622
Free,1,Sims Int_122,0.0,-1.0,Error,-0.5,55.09526343799947
Free,1,Sims Int_122,0.0,-1.0,Correct,0.5,89.34421903088044
Free,1,Sims Int_122,0.5,-1.0,Error,-0.5,48.452368281001114
Free,1,Sims Int_122,0.5,-1.0,Correct,0.5,98.16055486788466
Free,1,Sims Int_122,-0.5,0.0,Error,-0.5,67.58488557743482
Free,1,Sims Int_122,-0.5,0.0,Correct,0.5,80.50429018812703
Free,1,Sims Int_122,0.0,0.0,Error,-0.5,68.54763171899972
Free,1,Sims Int_122,0.0,0.0,Correct,0.5,89.98638331594455
Free,1,Sims Int_122,0.5,0.0,Error,-0.5,69.51037786056463
Free,1,Sims Int_122,0.5,0.0,Correct,0.5,99.46847644376207
Free,1,Sims Int_122,-0.5,1.0,Error,-0.5,73.43161255987181
Free,1,Sims Int_122,-0.5,1.0,Correct,0.5,80.48069718237784
Free,1,Sims Int_122,0.0,1.0,Error,-0.5,81.99999999999997
Free,1,Sims Int_122,0.0,1.0,Correct,0.5,90.62854760100866
Free,1,Sims Int_122,0.5,1.0,Error,-0.5,90.56838744012815
Free,1,Sims Int_122,0.5,1.0,Correct,0.5,100.77639801963949
Non-Free,0,Sims Int_122,-0.5,-1.0,Error,-0.5,30.85282190867672
Non-Free,0,Sims Int_122,-0.5,-1.0,Correct,0.5,70.31998857156893
Non-Free,0,Sims Int_122,0.0,-1.0,Error,-0.5,15.714031774247337
Non-Free,0,Sims Int_122,0.0,-1.0,Correct,0.5,84.39479459360224
Non-Free,0,Sims Int_122,0.5,-1.0,Error,-0.5,0.5752416398179536
Non-Free,0,Sims Int_122,0.5,-1.0,Correct,0.5,98.46960061563554
Non-Free,0,Sims Int_122,-0.5,0.0,Error,-0.5,31.63492945228305
Non-Free,0,Sims Int_122,-0.5,0.0,Correct,0.5,71.28441839132708
Non-Free,0,Sims Int_122,0.0,0.0,Error,-0.5,15.365959337851368
Non-Free,0,Sims Int_122,0.0,0.0,Correct,0.5,84.71980690332487
Non-Free,0,Sims Int_122,0.5,0.0,Error,-0.5,-0.903010776580313
Non-Free,0,Sims Int_122,0.5,0.0,Correct,0.5,98.15519541532265
Non-Free,0,Sims Int_122,-0.5,1.0,Error,-0.5,32.41703699588938
Non-Free,0,Sims Int_122,-0.5,1.0,Correct,0.5,72.24884821108523
Non-Free,0,Sims Int_122,0.0,1.0,Error,-0.5,15.0178869014554
Non-Free,0,Sims Int_122,0.0,1.0,Correct,0.5,85.04481921304749
Non-Free,0,Sims Int_122,0.5,1.0,Error,-0.5,-2.3812631929785804
Non-Free,0,Sims Int_122,0.5,1.0,Correct,0.5,97.84079021500975
Free,1,Sims Int_123,-0.5,-1.0,Error,-0.5,63.002148032667826
Free,1,Sims Int_123,-0.5,-1.0,Correct,0.5,68.79305634590176
Free,1,Sims Int_123,0.0,-1.0,Error,-0.5,60.72850638652192
Free,1,Sims Int_123,0.0,-1.0,Correct,0.5,78.27399719409071
Free,1,Sims Int_123,0.5,-1.0,Error,-0.5,58.454864740376024
Free,1,Sims Int_123,0.5,-1.0,Correct,0.5,87.75493804227965
Free,1,Sims Int_123,-0.5,0.0,Error,-0.5,69.42106755009124
Free,1,Sims Int_123,-0.5,0.0,Correct,0.5,72.1025187946318
Free,1,Sims Int_123,0.0,0.0,Error,-0.5,66.49898134533282
Free,1,Sims Int_123,0.0,0.0,Correct,0.5,80.50288550038346
Free,1,Sims Int_123,0.5,0.0,Error,-0.5,63.576895140574415
Free,1,Sims Int_123,0.5,0.0,Correct,0.5,88.90325220613511
Free,1,Sims Int_123,-0.5,1.0,Error,-0.5,75.83998706751466
Free,1,Sims Int_123,-0.5,1.0,Correct,0.5,75.41198124336185
Free,1,Sims Int_123,0.0,1.0,Error,-0.5,72.26945630414372
Free,1,Sims Int_123,0.0,1.0,Correct,0.5,82.7317738066762
Free,1,Sims Int_123,0.5,1.0,Error,-0.5,68.69892554077279
Free,1,Sims Int_123,0.5,1.0,Correct,0.5,90.05156636999057
Non-Free,0,Sims Int_123,-0.5,-1.0,Error,-0.5,37.96589504672768
Non-Free,0,Sims Int_123,-0.5,-1.0,Correct,0.5,48.50261667730097
Non-Free,0,Sims Int_123,0.0,-1.0,Error,-0.5,33.13929429408579
Non-Free,0,Sims Int_123,0.0,-1.0,Correct,0.5,64.33125491994755
Non-Free,0,Sims Int_123,0.5,-1.0,Error,-0.5,28.312693541443902
Non-Free,0,Sims Int_123,0.5,-1.0,Correct,0.5,80.15989316259414
Non-Free,0,Sims Int_123,-0.5,0.0,Error,-0.5,50.23014941746631
Non-Free,0,Sims Int_123,-0.5,0.0,Correct,0.5,47.61721473711994
Non-Free,0,Sims Int_123,0.0,0.0,Error,-0.5,36.51692749920153
Non-Free,0,Sims Int_123,0.0,0.0,Correct,0.5,65.1419661020831
Non-Free,0,Sims Int_123,0.5,0.0,Error,-0.5,22.80370558093675
Non-Free,0,Sims Int_123,0.5,0.0,Correct,0.5,82.66671746704627
Non-Free,0,Sims Int_123,-0.5,1.0,Error,-0.5,62.494403788204934
Non-Free,0,Sims Int_123,-0.5,1.0,Correct,0.5,46.731812796938904
Non-Free,0,Sims Int_123,0.0,1.0,Error,-0.5,39.894560704317264
Non-Free,0,Sims Int_123,0.0,1.0,Correct,0.5,65.95267728421865
Non-Free,0,Sims Int_123,0.5,1.0,Error,-0.5,17.294717620429598
Non-Free,0,Sims Int_123,0.5,1.0,Correct,0.5,85.17354177149839
Free,1,Sims Int_124,-0.5,-1.0,Error,-0.5,67.6025649988536
Free,1,Sims Int_124,-0.5,-1.0,Correct,0.5,65.38382634516239
Free,1,Sims Int_124,0.0,-1.0,Error,-0.5,65.82063256743537
Free,1,Sims Int_124,0.0,-1.0,Correct,0.5,71.96626236564042
Free,1,Sims Int_124,0.5,-1.0,Error,-0.5,64.03870013601714
Free,1,Sims Int_124,0.5,-1.0,Correct,0.5,78.54869838611843
Free,1,Sims Int_124,-0.5,0.0,Error,-0.5,70.09463991421553
Free,1,Sims Int_124,-0.5,0.0,Correct,0.5,73.64471821860734
Free,1,Sims Int_124,0.0,0.0,Error,-0.5,69.2809043345591
Free,1,Sims Int_124,0.0,0.0,Correct,0.5,78.58936153852727
Free,1,Sims Int_124,0.5,0.0,Error,-0.5,68.46716875490266
Free,1,Sims Int_124,0.5,0.0,Correct,0.5,83.5340048584472
Free,1,Sims Int_124,-0.5,1.0,Error,-0.5,72.58671482957747
Free,1,Sims Int_124,-0.5,1.0,Correct,0.5,81.90561009205229
Free,1,Sims Int_124,0.0,1.0,Error,-0.5,72.74117610168283
Free,1,Sims Int_124,0.0,1.0,Correct,0.5,85.21246071141412
Free,1,Sims Int_124,0.5,1.0,Error,-0.5,72.89563737378818
Free,1,Sims Int_124,0.5,1.0,Correct,0.5,88.51931133077596
Non-Free,0,Sims Int_124,-0.5,-1.0,Error,-0.5,51.24796405933673
Non-Free,0,Sims Int_124,-0.5,-1.0,Correct,0.5,57.987618858433585
Non-Free,0,Sims Int_124,0.0,-1.0,Error,-0.5,34.67566458100669
Non-Free,0,Sims Int_124,0.0,-1.0,Correct,0.5,63.642476696061024
Non-Free,0,Sims Int_124,0.5,-1.0,Error,-0.5,18.10336510267666
Non-Free,0,Sims Int_124,0.5,-1.0,Correct,0.5,69.29733453368847
Non-Free,0,Sims Int_124,-0.5,0.0,Error,-0.5,45.56347239432738
Non-Free,0,Sims Int_124,-0.5,0.0,Correct,0.5,54.47692553123228
Non-Free,0,Sims Int_124,0.0,0.0,Error,-0.5,38.229562827318546
Non-Free,0,Sims Int_124,0.0,0.0,Correct,0.5,62.48168608547485
Non-Free,0,Sims Int_124,0.5,0.0,Error,-0.5,30.89565326030971
Non-Free,0,Sims Int_124,0.5,0.0,Correct,0.5,70.48644663971741
Non-Free,0,Sims Int_124,-0.5,1.0,Error,-0.5,39.87898072931802
Non-Free,0,Sims Int_124,-0.5,1.0,Correct,0.5,50.96623220403098
Non-Free,0,Sims Int_124,0.0,1.0,Error,-0.5,41.7834610736304
Non-Free,0,Sims Int_124,0.0,1.0,Correct,0.5,61.32089547488867
Non-Free,0,Sims Int_124,0.5,1.0,Error,-0.5,43.68794141794277
Non-Free,0,Sims Int_124,0.5,1.0,Correct,0.5,71.67555874574637
Free,1,Sims Int_125,-0.5,-1.0,Error,-0.5,52.043548429224295
Free,1,Sims Int_125,-0.5,-1.0,Correct,0.5,54.63434381269253
Free,1,Sims Int_125,0.0,-1.0,Error,-0.5,51.103965665158086
Free,1,Sims Int_125,0.0,-1.0,Correct,0.5,56.70773670658178
Free,1,Sims Int_125,0.5,-1.0,Error,-0.5,50.16438290109188
Free,1,Sims Int_125,0.5,-1.0,Correct,0.5,58.781129600471026
Free,1,Sims Int_125,-0.5,0.0,Error,-0.5,55.278886955612776
Free,1,Sims Int_125,-0.5,0.0,Correct,0.5,56.53016177997274
Free,1,Sims Int_125,0.0,0.0,Error,-0.5,53.14518721519861
Free,1,Sims Int_125,0.0,0.0,Correct,0.5,58.85311170764149
Free,1,Sims Int_125,0.5,0.0,Error,-0.5,51.011487474784445
Free,1,Sims Int_125,0.5,0.0,Correct,0.5,61.17606163531024
Free,1,Sims Int_125,-0.5,1.0,Error,-0.5,58.51422548200126
Free,1,Sims Int_125,-0.5,1.0,Correct,0.5,58.425979747252946
Free,1,Sims Int_125,0.0,1.0,Error,-0.5,55.186408765239136
Free,1,Sims Int_125,0.0,1.0,Correct,0.5,60.9984867087012
Free,1,Sims Int_125,0.5,1.0,Error,-0.5,51.858592048477014
Free,1,Sims Int_125,0.5,1.0,Correct,0.5,63.570993670149456
Non-Free,0,Sims Int_125,-0.5,-1.0,Error,-0.5,50.22345242157157
Non-Free,0,Sims Int_125,-0.5,-1.0,Correct,0.5,51.13464571966882
Non-Free,0,Sims Int_125,0.0,-1.0,Error,-0.5,49.19403625935906
Non-Free,0,Sims Int_125,0.0,-1.0,Correct,0.5,54.68922848690795
Non-Free,0,Sims Int_125,0.5,-1.0,Error,-0.5,48.16462009714654
Non-Free,0,Sims Int_125,0.5,-1.0,Correct,0.5,58.24381125414708
Non-Free,0,Sims Int_125,-0.5,0.0,Error,-0.5,49.538879709250374
Non-Free,0,Sims Int_125,-0.5,0.0,Correct,0.5,50.25572254296605
Non-Free,0,Sims Int_125,0.0,0.0,Error,-0.5,47.07652304259649
Non-Free,0,Sims Int_125,0.0,0.0,Correct,0.5,54.664798275623454
Non-Free,0,Sims Int_125,0.5,0.0,Error,-0.5,44.61416637594261
Non-Free,0,Sims Int_125,0.5,0.0,Correct,0.5,59.07387400828086
Non-Free,0,Sims Int_125,-0.5,1.0,Error,-0.5,48.854306996929175
Non-Free,0,Sims Int_125,-0.5,1.0,Correct,0.5,49.37679936626328
Non-Free,0,Sims Int_125,0.0,1.0,Error,-0.5,44.959009825833924
Non-Free,0,Sims Int_125,0.0,1.0,Correct,0.5,54.64036806433896
Non-Free,0,Sims Int_125,0.5,1.0,Error,-0.5,41.06371265473867
Non-Free,0,Sims Int_125,0.5,1.0,Correct,0.5,59.90393676241464
Free,1,Sims Int_126,-0.5,-1.0,Error,-0.5,74.38351691096561
Free,1,Sims Int_126,-0.5,-1.0,Correct,0.5,69.70304191541258
Free,1,Sims Int_126,0.0,-1.0,Error,-0.5,70.45020993640284
Free,1,Sims Int_126,0.0,-1.0,Correct,0.5,80.29222536948089
Free,1,Sims Int_126,0.5,-1.0,Error,-0.5,66.51690296184007
Free,1,Sims Int_126,0.5,-1.0,Correct,0.5,90.8814088235492
Free,1,Sims Int_126,-0.5,0.0,Error,-0.5,75.83455442739319
Free,1,Sims Int_126,-0.5,0.0,Correct,0.5,77.08215687306875
Free,1,Sims Int_126,0.0,0.0,Error,-0.5,74.42321033818735
Free,1,Sims Int_126,0.0,0.0,Correct,0.5,85.28673659505097
Free,1,Sims Int_126,0.5,0.0,Error,-0.5,73.0118662489815
Free,1,Sims Int_126,0.5,0.0,Correct,0.5,93.49131631703318
Free,1,Sims Int_126,-0.5,1.0,Error,-0.5,77.28559194382076
Free,1,Sims Int_126,-0.5,1.0,Correct,0.5,84.46127183072493
Free,1,Sims Int_126,0.0,1.0,Error,-0.5,78.39621073997185
Free,1,Sims Int_126,0.0,1.0,Correct,0.5,90.28124782062105
Free,1,Sims Int_126,0.5,1.0,Error,-0.5,79.50682953612294
Free,1,Sims Int_126,0.5,1.0,Correct,0.5,96.10122381051717
Non-Free,0,Sims Int_126,-0.5,-1.0,Error,-0.5,40.86213349605128
Non-Free,0,Sims Int_126,-0.5,-1.0,Correct,0.5,57.17790466039558
Non-Free,0,Sims Int_126,0.0,-1.0,Error,-0.5,34.175082395373444
Non-Free,0,Sims Int_126,0.0,-1.0,Correct,0.5,72.05165688778642
Non-Free,0,Sims Int_126,0.5,-1.0,Error,-0.5,27.488031294695613
Non-Free,0,Sims Int_126,0.5,-1.0,Correct,0.5,86.92540911517727
Non-Free,0,Sims Int_126,-0.5,0.0,Error,-0.5,42.83125660717616
Non-Free,0,Sims Int_126,-0.5,0.0,Correct,0.5,59.186317636010735
Non-Free,0,Sims Int_126,0.0,0.0,Error,-0.5,32.506914215533854
Non-Free,0,Sims Int_126,0.0,0.0,Correct,0.5,74.00785135691753
Non-Free,0,Sims Int_126,0.5,0.0,Error,-0.5,22.182571823891546
Non-Free,0,Sims Int_126,0.5,0.0,Correct,0.5,88.82938507782433
Non-Free,0,Sims Int_126,-0.5,1.0,Error,-0.5,44.80037971830104
Non-Free,0,Sims Int_126,-0.5,1.0,Correct,0.5,61.194730611625886
Non-Free,0,Sims Int_126,0.0,1.0,Error,-0.5,30.83874603569426
Non-Free,0,Sims Int_126,0.0,1.0,Correct,0.5,75.96404582604863
Non-Free,0,Sims Int_126,0.5,1.0,Error,-0.5,16.877112353087476
Non-Free,0,Sims Int_126,0.5,1.0,Correct,0.5,90.73336104047138
Free,1,Sims Int_127,-0.5,-1.0,Error,-0.5,75.11511650564222
Free,1,Sims Int_127,-0.5,-1.0,Correct,0.5,64.28560280378161
Free,1,Sims Int_127,0.0,-1.0,Error,-0.5,71.12178173586959
Free,1,Sims Int_127,0.0,-1.0,Correct,0.5,73.53239181633631
Free,1,Sims Int_127,0.5,-1.0,Error,-0.5,67.12844696609697
Free,1,Sims Int_127,0.5,-1.0,Correct,0.5,82.779180828891
Free,1,Sims Int_127,-0.5,0.0,Error,-0.5,76.55441522816598
Free,1,Sims Int_127,-0.5,0.0,Correct,0.5,71.81654708071352
Free,1,Sims Int_127,0.0,0.0,Error,-0.5,73.88329342983077
Free,1,Sims Int_127,0.0,0.0,Correct,0.5,76.99970574033966
Free,1,Sims Int_127,0.5,0.0,Error,-0.5,71.21217163149556
Free,1,Sims Int_127,0.5,0.0,Correct,0.5,82.18286439996581
Free,1,Sims Int_127,-0.5,1.0,Error,-0.5,77.99371395068974
Free,1,Sims Int_127,-0.5,1.0,Correct,0.5,79.34749135764542
Free,1,Sims Int_127,0.0,1.0,Error,-0.5,76.64480512379195
Free,1,Sims Int_127,0.0,1.0,Correct,0.5,80.46701966434301
Free,1,Sims Int_127,0.5,1.0,Error,-0.5,75.29589629689417
Free,1,Sims Int_127,0.5,1.0,Correct,0.5,81.5865479710406
Non-Free,0,Sims Int_127,-0.5,-1.0,Error,-0.5,58.95631720651041
Non-Free,0,Sims Int_127,-0.5,-1.0,Correct,0.5,50.161065979206896
Non-Free,0,Sims Int_127,0.0,-1.0,Error,-0.5,56.96647030010559
Non-Free,0,Sims Int_127,0.0,-1.0,Correct,0.5,54.902472944169205
Non-Free,0,Sims Int_127,0.5,-1.0,Error,-0.5,54.97662339370077
Non-Free,0,Sims Int_127,0.5,-1.0,Correct,0.5,59.643879909131506
Non-Free,0,Sims Int_127,-0.5,0.0,Error,-0.5,54.78037298688669
Non-Free,0,Sims Int_127,-0.5,0.0,Correct,0.5,53.89998633993436
Non-Free,0,Sims Int_127,0.0,0.0,Error,-0.5,55.218533957060224
Non-Free,0,Sims Int_127,0.0,0.0,Correct,0.5,57.23675436840543
Non-Free,0,Sims Int_127,0.5,0.0,Error,-0.5,55.65669492723376
Non-Free,0,Sims Int_127,0.5,0.0,Correct,0.5,60.5735223968765
Non-Free,0,Sims Int_127,-0.5,1.0,Error,-0.5,50.60442876726297
Non-Free,0,Sims Int_127,-0.5,1.0,Correct,0.5,57.63890670066182
Non-Free,0,Sims Int_127,0.0,1.0,Error,-0.5,53.470597614014856
Non-Free,0,Sims Int_127,0.0,1.0,Correct,0.5,59.57103579264165
Non-Free,0,Sims Int_127,0.5,1.0,Error,-0.5,56.336766460766746
Non-Free,0,Sims Int_127,0.5,1.0,Correct,0.5,61.503164884621484
Free,1,Sims Int_128,-0.5,-1.0,Error,-0.5,57.935296508502574
Free,1,Sims Int_128,-0.5,-1.0,Correct,0.5,73.49156364767785
Free,1,Sims Int_128,0.0,-1.0,Error,-0.5,52.394016074261515
Free,1,Sims Int_128,0.0,-1.0,Correct,0.5,84.1450382718587
Free,1,Sims Int_128,0.5,-1.0,Error,-0.5,46.85273564002045
Free,1,Sims Int_128,0.5,-1.0,Correct,0.5,94.79851289603953
Free,1,Sims Int_128,-0.5,0.0,Error,-0.5,63.56106514927037
Free,1,Sims Int_128,-0.5,0.0,Correct,0.5,79.46068082387418
Free,1,Sims Int_128,0.0,0.0,Error,-0.5,56.711856406760106
Free,1,Sims Int_128,0.0,0.0,Correct,0.5,86.8806266170373
Free,1,Sims Int_128,0.5,0.0,Error,-0.5,49.86264766424984
Free,1,Sims Int_128,0.5,0.0,Correct,0.5,94.3005724102004
Free,1,Sims Int_128,-0.5,1.0,Error,-0.5,69.18683379003816
Free,1,Sims Int_128,-0.5,1.0,Correct,0.5,85.42979800007052
Free,1,Sims Int_128,0.0,1.0,Error,-0.5,61.029696739258696
Free,1,Sims Int_128,0.0,1.0,Correct,0.5,89.61621496221589
Free,1,Sims Int_128,0.5,1.0,Error,-0.5,52.872559688479235
Free,1,Sims Int_128,0.5,1.0,Correct,0.5,93.80263192436128
Non-Free,0,Sims Int_128,-0.5,-1.0,Error,-0.5,46.323475854031685
Non-Free,0,Sims Int_128,-0.5,-1.0,Correct,0.5,58.19953205024244
Non-Free,0,Sims Int_128,0.0,-1.0,Error,-0.5,30.084717816963472
Non-Free,0,Sims Int_128,0.0,-1.0,Correct,0.5,73.41254717403551
Non-Free,0,Sims Int_128,0.5,-1.0,Error,-0.5,13.84595977989526
Non-Free,0,Sims Int_128,0.5,-1.0,Correct,0.5,88.62556229782857
Non-Free,0,Sims Int_128,-0.5,0.0,Error,-0.5,40.38984277916471
Non-Free,0,Sims Int_128,-0.5,0.0,Correct,0.5,62.70860774384906
Non-Free,0,Sims Int_128,0.0,0.0,Error,-0.5,24.14292682819159
Non-Free,0,Sims Int_128,0.0,0.0,Correct,0.5,77.20208319959532
Non-Free,0,Sims Int_128,0.5,0.0,Error,-0.5,7.8960108772184725
Non-Free,0,Sims Int_128,0.5,0.0,Correct,0.5,91.69555865534159
Non-Free,0,Sims Int_128,-0.5,1.0,Error,-0.5,34.456209704297734
Non-Free,0,Sims Int_128,-0.5,1.0,Correct,0.5,67.21768343745568
Non-Free,0,Sims Int_128,0.0,1.0,Error,-0.5,18.20113583941971
Non-Free,0,Sims Int_128,0.0,1.0,Correct,0.5,80.99161922515513
Non-Free,0,Sims Int_128,0.5,1.0,Error,-0.5,1.9460619745416854
Non-Free,0,Sims Int_128,0.5,1.0,Correct,0.5,94.76555501285459
Free,1,Sims Int_129,-0.5,-1.0,Error,-0.5,61.9266373909967
Free,1,Sims Int_129,-0.5,-1.0,Correct,0.5,70.11195244658332
Free,1,Sims Int_129,0.0,-1.0,Error,-0.5,70.6762471643531
Free,1,Sims Int_129,0.0,-1.0,Correct,0.5,80.62086752635005
Free,1,Sims Int_129,0.5,-1.0,Error,-0.5,79.4258569377095
Free,1,Sims Int_129,0.5,-1.0,Correct,0.5,91.12978260611678
Free,1,Sims Int_129,-0.5,0.0,Error,-0.5,69.03594247538972
Free,1,Sims Int_129,-0.5,0.0,Correct,0.5,74.02676301856793
Free,1,Sims Int_129,0.0,0.0,Error,-0.5,68.09833711419596
Free,1,Sims Int_129,0.0,0.0,Correct,0.5,83.74976148133061
Free,1,Sims Int_129,0.5,0.0,Error,-0.5,67.1607317530022
Free,1,Sims Int_129,0.5,0.0,Correct,0.5,93.47275994409328
Free,1,Sims Int_129,-0.5,1.0,Error,-0.5,76.14524755978273
Free,1,Sims Int_129,-0.5,1.0,Correct,0.5,77.94157359055255
Free,1,Sims Int_129,0.0,1.0,Error,-0.5,65.52042706403881
Free,1,Sims Int_129,0.0,1.0,Correct,0.5,86.87865543631116
Free,1,Sims Int_129,0.5,1.0,Error,-0.5,54.895606568294895
Free,1,Sims Int_129,0.5,1.0,Correct,0.5,95.81573728206978
Non-Free,0,Sims Int_129,-0.5,-1.0,Error,-0.5,41.43755058959134
Non-Free,0,Sims Int_129,-0.5,-1.0,Correct,0.5,57.68816705456189
Non-Free,0,Sims Int_129,0.0,-1.0,Error,-0.5,26.509813571285196
Non-Free,0,Sims Int_129,0.0,-1.0,Correct,0.5,73.05036955317115
Non-Free,0,Sims Int_129,0.5,-1.0,Error,-0.5,11.582076552979053
Non-Free,0,Sims Int_129,0.5,-1.0,Correct,0.5,88.41257205178042
Non-Free,0,Sims Int_129,-0.5,0.0,Error,-0.5,39.21461642567134
Non-Free,0,Sims Int_129,-0.5,0.0,Correct,0.5,57.84344558436018
Non-Free,0,Sims Int_129,0.0,0.0,Error,-0.5,25.403356882450833
Non-Free,0,Sims Int_129,0.0,0.0,Correct,0.5,74.05779554606079
Non-Free,0,Sims Int_129,0.5,0.0,Error,-0.5,11.592097339230325
Non-Free,0,Sims Int_129,0.5,0.0,Correct,0.5,90.2721455077614
Non-Free,0,Sims Int_129,-0.5,1.0,Error,-0.5,36.991682261751336
Non-Free,0,Sims Int_129,-0.5,1.0,Correct,0.5,57.99872411415848
Non-Free,0,Sims Int_129,0.0,1.0,Error,-0.5,24.29690019361647
Non-Free,0,Sims Int_129,0.0,1.0,Correct,0.5,75.06522153895042
Non-Free,0,Sims Int_129,0.5,1.0,Error,-0.5,11.602118125481596
Non-Free,0,Sims Int_129,0.5,1.0,Correct,0.5,92.13171896374237
Free,1,Sims Int_13,-0.5,-1.0,Error,-0.5,61.461438715653
Free,1,Sims Int_13,-0.5,-1.0,Correct,0.5,64.48152241507512
Free,1,Sims Int_13,0.0,-1.0,Error,-0.5,55.378450138931754
Free,1,Sims Int_13,0.0,-1.0,Correct,0.5,76.87212948002211
Free,1,Sims Int_13,0.5,-1.0,Error,-0.5,49.295461562210505
Free,1,Sims Int_13,0.5,-1.0,Correct,0.5,89.26273654496912
Free,1,Sims Int_13,-0.5,0.0,Error,-0.5,65.9542451373881
Free,1,Sims Int_13,-0.5,0.0,Correct,0.5,69.02052013983706
Free,1,Sims Int_13,0.0,0.0,Error,-0.5,58.386199444272954
Free,1,Sims Int_13,0.0,0.0,Correct,0.5,80.41311228509204
Free,1,Sims Int_13,0.5,0.0,Error,-0.5,50.81815375115781
Free,1,Sims Int_13,0.5,0.0,Correct,0.5,91.80570443034702
Free,1,Sims Int_13,-0.5,1.0,Error,-0.5,70.4470515591232
Free,1,Sims Int_13,-0.5,1.0,Correct,0.5,73.559517864599
Free,1,Sims Int_13,0.0,1.0,Error,-0.5,61.393948749614154
Free,1,Sims Int_13,0.0,1.0,Correct,0.5,83.95409509016197
Free,1,Sims Int_13,0.5,1.0,Error,-0.5,52.340845940105105
Free,1,Sims Int_13,0.5,1.0,Correct,0.5,94.34867231572491
Non-Free,0,Sims Int_13,-0.5,-1.0,Error,-0.5,44.26906690824387
Non-Free,0,Sims Int_13,-0.5,-1.0,Correct,0.5,62.606543517076204
Non-Free,0,Sims Int_13,0.0,-1.0,Error,-0.5,29.863294939821433
Non-Free,0,Sims Int_13,0.0,-1.0,Correct,0.5,75.7293554238168
Non-Free,0,Sims Int_13,0.5,-1.0,Error,-0.5,15.457522971399
Non-Free,0,Sims Int_13,0.5,-1.0,Correct,0.5,88.85216733055739
Non-Free,0,Sims Int_13,-0.5,0.0,Error,-0.5,40.56389284327686
Non-Free,0,Sims Int_13,-0.5,0.0,Correct,0.5,61.9970351708588
Non-Free,0,Sims Int_13,0.0,0.0,Error,-0.5,30.32683318234764
Non-Free,0,Sims Int_13,0.0,0.0,Correct,0.5,77.11378662117505
Non-Free,0,Sims Int_13,0.5,0.0,Error,-0.5,20.089773521418426
Non-Free,0,Sims Int_13,0.5,0.0,Correct,0.5,92.23053807149131
Non-Free,0,Sims Int_13,-0.5,1.0,Error,-0.5,36.85871877830985
Non-Free,0,Sims Int_13,-0.5,1.0,Correct,0.5,61.3875268246414
Non-Free,0,Sims Int_13,0.0,1.0,Error,-0.5,30.79037142487385
Non-Free,0,Sims Int_13,0.0,1.0,Correct,0.5,78.4982178185333
Non-Free,0,Sims Int_13,0.5,1.0,Error,-0.5,24.72202407143785
Non-Free,0,Sims Int_13,0.5,1.0,Correct,0.5,95.60890881242523
Free,1,Sims Int_130,-0.5,-1.0,Error,-0.5,66.78559155547275
Free,1,Sims Int_130,-0.5,-1.0,Correct,0.5,62.955200223840805
Free,1,Sims Int_130,0.0,-1.0,Error,-0.5,56.737604460171426
Free,1,Sims Int_130,0.0,-1.0,Correct,0.5,75.75400636549365
Free,1,Sims Int_130,0.5,-1.0,Error,-0.5,46.68961736487011
Free,1,Sims Int_130,0.5,-1.0,Correct,0.5,88.5528125071465
Free,1,Sims Int_130,-0.5,0.0,Error,-0.5,68.45854335510145
Free,1,Sims Int_130,-0.5,0.0,Correct,0.5,65.74089770269654
Free,1,Sims Int_130,0.0,0.0,Error,-0.5,62.45593898504661
Free,1,Sims Int_130,0.0,0.0,Correct,0.5,77.83710749551256
Free,1,Sims Int_130,0.5,0.0,Error,-0.5,56.45333461499176
Free,1,Sims Int_130,0.5,0.0,Correct,0.5,89.93331728832857
Free,1,Sims Int_130,-0.5,1.0,Error,-0.5,70.13149515473016
Free,1,Sims Int_130,-0.5,1.0,Correct,0.5,68.52659518155228
Free,1,Sims Int_130,0.0,1.0,Error,-0.5,68.17427350992179
Free,1,Sims Int_130,0.0,1.0,Correct,0.5,79.92020862553146
Free,1,Sims Int_130,0.5,1.0,Error,-0.5,66.21705186511342
Free,1,Sims Int_130,0.5,1.0,Correct,0.5,91.31382206951064
Non-Free,0,Sims Int_130,-0.5,-1.0,Error,-0.5,50.833727719049946
Non-Free,0,Sims Int_130,-0.5,-1.0,Correct,0.5,45.89847190369368
Non-Free,0,Sims Int_130,0.0,-1.0,Error,-0.5,36.61675660135345
Non-Free,0,Sims Int_130,0.0,-1.0,Correct,0.5,66.64795493357994
Non-Free,0,Sims Int_130,0.5,-1.0,Error,-0.5,22.399785483656956
Non-Free,0,Sims Int_130,0.5,-1.0,Correct,0.5,87.39743796346619
Non-Free,0,Sims Int_130,-0.5,0.0,Error,-0.5,40.66261223406608
Non-Free,0,Sims Int_130,-0.5,0.0,Correct,0.5,51.50240345438805
Non-Free,0,Sims Int_130,0.0,0.0,Error,-0.5,34.50364898934053
Non-Free,0,Sims Int_130,0.0,0.0,Correct,0.5,70.38840425365935
Non-Free,0,Sims Int_130,0.5,0.0,Error,-0.5,28.344685744614985
Non-Free,0,Sims Int_130,0.5,0.0,Correct,0.5,89.27440505293063
Non-Free,0,Sims Int_130,-0.5,1.0,Error,-0.5,30.491496749082216
Non-Free,0,Sims Int_130,-0.5,1.0,Correct,0.5,57.10633500508242
Non-Free,0,Sims Int_130,0.0,1.0,Error,-0.5,32.390541377327615
Non-Free,0,Sims Int_130,0.0,1.0,Correct,0.5,74.12885357373875
Non-Free,0,Sims Int_130,0.5,1.0,Error,-0.5,34.289586005573014
Non-Free,0,Sims Int_130,0.5,1.0,Correct,0.5,91.15137214239509
Free,1,Sims Int_131,-0.5,-1.0,Error,-0.5,72.92737601048721
Free,1,Sims Int_131,-0.5,-1.0,Correct,0.5,74.57646873453105
Free,1,Sims Int_131,0.0,-1.0,Error,-0.5,62.54496395018571
Free,1,Sims Int_131,0.0,-1.0,Correct,0.5,81.44937616966028
Free,1,Sims Int_131,0.5,-1.0,Error,-0.5,52.16255188988421
Free,1,Sims Int_131,0.5,-1.0,Correct,0.5,88.3222836047895
Free,1,Sims Int_131,-0.5,0.0,Error,-0.5,74.30826305440243
Free,1,Sims Int_131,-0.5,0.0,Correct,0.5,76.5695417263299
Free,1,Sims Int_131,0.0,0.0,Error,-0.5,61.954109678828914
Free,1,Sims Int_131,0.0,0.0,Correct,0.5,82.87752829462838
Free,1,Sims Int_131,0.5,0.0,Error,-0.5,49.5999563032554
Free,1,Sims Int_131,0.5,0.0,Correct,0.5,89.18551486292685
Free,1,Sims Int_131,-0.5,1.0,Error,-0.5,75.68915009831765
Free,1,Sims Int_131,-0.5,1.0,Correct,0.5,78.56261471812876
Free,1,Sims Int_131,0.0,1.0,Error,-0.5,61.36325540747212
Free,1,Sims Int_131,0.0,1.0,Correct,0.5,84.30568041959647
Free,1,Sims Int_131,0.5,1.0,Error,-0.5,47.03736071662658
Free,1,Sims Int_131,0.5,1.0,Correct,0.5,90.0487461210642
Non-Free,0,Sims Int_131,-0.5,-1.0,Error,-0.5,46.912275334211465
Non-Free,0,Sims Int_131,-0.5,-1.0,Correct,0.5,52.18196268294263
Non-Free,0,Sims Int_131,0.0,-1.0,Error,-0.5,35.84491967517452
Non-Free,0,Sims Int_131,0.0,-1.0,Correct,0.5,67.8610211525218
Non-Free,0,Sims Int_131,0.5,-1.0,Error,-0.5,24.77756401613758
Non-Free,0,Sims Int_131,0.5,-1.0,Correct,0.5,83.54007962210098
Non-Free,0,Sims Int_131,-0.5,0.0,Error,-0.5,42.649267275800945
Non-Free,0,Sims Int_131,-0.5,0.0,Correct,0.5,56.87528459331571
Non-Free,0,Sims Int_131,0.0,0.0,Error,-0.5,29.821449684197443
Non-Free,0,Sims Int_131,0.0,0.0,Correct,0.5,71.95534893665169
Non-Free,0,Sims Int_131,0.5,0.0,Error,-0.5,16.99363209259394
Non-Free,0,Sims Int_131,0.5,0.0,Correct,0.5,87.03541327998767
Non-Free,0,Sims Int_131,-0.5,1.0,Error,-0.5,38.386259217390425
Non-Free,0,Sims Int_131,-0.5,1.0,Correct,0.5,61.56860650368879
Non-Free,0,Sims Int_131,0.0,1.0,Error,-0.5,23.797979693220366
Non-Free,0,Sims Int_131,0.0,1.0,Correct,0.5,76.04967672078158
Non-Free,0,Sims Int_131,0.5,1.0,Error,-0.5,9.209700169050304
Non-Free,0,Sims Int_131,0.5,1.0,Correct,0.5,90.53074693787435
Free,1,Sims Int_132,-0.5,-1.0,Error,-0.5,64.95274681200661
Free,1,Sims Int_132,-0.5,-1.0,Correct,0.5,61.83684386990047
Free,1,Sims Int_132,0.0,-1.0,Error,-0.5,63.86277822379384
Free,1,Sims Int_132,0.0,-1.0,Correct,0.5,70.22671628156004
Free,1,Sims Int_132,0.5,-1.0,Error,-0.5,62.772809635581055
Free,1,Sims Int_132,0.5,-1.0,Correct,0.5,78.61658869321961
Free,1,Sims Int_132,-0.5,0.0,Error,-0.5,70.26780438212477
Free,1,Sims Int_132,-0.5,0.0,Correct,0.5,67.73323589112928
Free,1,Sims Int_132,0.0,0.0,Error,-0.5,68.67121228525687
Free,1,Sims Int_132,0.0,0.0,Correct,0.5,75.80771389260033
Free,1,Sims Int_132,0.5,0.0,Error,-0.5,67.07462018838898
Free,1,Sims Int_132,0.5,0.0,Correct,0.5,83.88219189407138
Free,1,Sims Int_132,-0.5,1.0,Error,-0.5,75.58286195224292
Free,1,Sims Int_132,-0.5,1.0,Correct,0.5,73.62962791235809
Free,1,Sims Int_132,0.0,1.0,Error,-0.5,73.4796463467199
Free,1,Sims Int_132,0.0,1.0,Correct,0.5,81.38871150364062
Free,1,Sims Int_132,0.5,1.0,Error,-0.5,71.3764307411969
Free,1,Sims Int_132,0.5,1.0,Correct,0.5,89.14779509492315
Non-Free,0,Sims Int_132,-0.5,-1.0,Error,-0.5,52.016840981339
Non-Free,0,Sims Int_132,-0.5,-1.0,Correct,0.5,50.608550463478494
Non-Free,0,Sims Int_132,0.0,-1.0,Error,-0.5,53.99045111504767
Non-Free,0,Sims Int_132,0.0,-1.0,Correct,0.5,58.6160051179138
Non-Free,0,Sims Int_132,0.5,-1.0,Error,-0.5,55.96406124875634
Non-Free,0,Sims Int_132,0.5,-1.0,Correct,0.5,66.62345977234911
Non-Free,0,Sims Int_132,-0.5,0.0,Error,-0.5,49.17704870295322
Non-Free,0,Sims Int_132,-0.5,0.0,Correct,0.5,54.29866241066059
Non-Free,0,Sims Int_132,0.0,0.0,Error,-0.5,43.42713970249217
Non-Free,0,Sims Int_132,0.0,0.0,Correct,0.5,63.83326445016019
Non-Free,0,Sims Int_132,0.5,0.0,Error,-0.5,37.67723070203112
Non-Free,0,Sims Int_132,0.5,0.0,Correct,0.5,73.36786648965979
Non-Free,0,Sims Int_132,-0.5,1.0,Error,-0.5,46.33725642456744
Non-Free,0,Sims Int_132,-0.5,1.0,Correct,0.5,57.988774357842686
Non-Free,0,Sims Int_132,0.0,1.0,Error,-0.5,32.86382828993667
Non-Free,0,Sims Int_132,0.0,1.0,Correct,0.5,69.05052378240659
Non-Free,0,Sims Int_132,0.5,1.0,Error,-0.5,19.390400155305898
Non-Free,0,Sims Int_132,0.5,1.0,Correct,0.5,80.11227320697049
Free,1,Sims Int_133,-0.5,-1.0,Error,-0.5,56.63127070585599
Free,1,Sims Int_133,-0.5,-1.0,Correct,0.5,56.1498145412222
Free,1,Sims Int_133,0.0,-1.0,Error,-0.5,54.36547088506111
Free,1,Sims Int_133,0.0,-1.0,Correct,0.5,65.50841441362782
Free,1,Sims Int_133,0.5,-1.0,Error,-0.5,52.09967106426623
Free,1,Sims Int_133,0.5,-1.0,Correct,0.5,74.86701428603344
Free,1,Sims Int_133,-0.5,0.0,Error,-0.5,57.72104717103478
Free,1,Sims Int_133,-0.5,0.0,Correct,0.5,57.8688211514986
Free,1,Sims Int_133,0.0,0.0,Error,-0.5,57.86203562880957
Free,1,Sims Int_133,0.0,0.0,Correct,0.5,67.76806124946532
Free,1,Sims Int_133,0.5,0.0,Error,-0.5,58.00302408658436
Free,1,Sims Int_133,0.5,0.0,Correct,0.5,77.66730134743204
Free,1,Sims Int_133,-0.5,1.0,Error,-0.5,58.81082363621358
Free,1,Sims Int_133,-0.5,1.0,Correct,0.5,59.587827761775
Free,1,Sims Int_133,0.0,1.0,Error,-0.5,61.35860037255804
Free,1,Sims Int_133,0.0,1.0,Correct,0.5,70.02770808530282
Free,1,Sims Int_133,0.5,1.0,Error,-0.5,63.90637710890249
Free,1,Sims Int_133,0.5,1.0,Correct,0.5,80.46758840883064
Non-Free,0,Sims Int_133,-0.5,-1.0,Error,-0.5,52.1287693392509
Non-Free,0,Sims Int_133,-0.5,-1.0,Correct,0.5,49.21184633502022
Non-Free,0,Sims Int_133,0.0,-1.0,Error,-0.5,41.89358745696629
Non-Free,0,Sims Int_133,0.0,-1.0,Correct,0.5,61.43157006906649
Non-Free,0,Sims Int_133,0.5,-1.0,Error,-0.5,31.65840557468168
Non-Free,0,Sims Int_133,0.5,-1.0,Correct,0.5,73.65129380311275
Non-Free,0,Sims Int_133,-0.5,0.0,Error,-0.5,51.04259819984237
Non-Free,0,Sims Int_133,-0.5,0.0,Correct,0.5,48.621961233648435
Non-Free,0,Sims Int_133,0.0,0.0,Error,-0.5,41.15446513750051
Non-Free,0,Sims Int_133,0.0,0.0,Correct,0.5,62.87591107291766
Non-Free,0,Sims Int_133,0.5,0.0,Error,-0.5,31.26633207515865
Non-Free,0,Sims Int_133,0.5,0.0,Correct,0.5,77.12986091218689
Non-Free,0,Sims Int_133,-0.5,1.0,Error,-0.5,49.95642706043383
Non-Free,0,Sims Int_133,-0.5,1.0,Correct,0.5,48.03207613227665
Non-Free,0,Sims Int_133,0.0,1.0,Error,-0.5,40.41534281803473
Non-Free,0,Sims Int_133,0.0,1.0,Correct,0.5,64.32025207676884
Non-Free,0,Sims Int_133,0.5,1.0,Error,-0.5,30.874258575635626
Non-Free,0,Sims Int_133,0.5,1.0,Correct,0.5,80.60842802126102
Free,1,Sims Int_134,-0.5,-1.0,Error,-0.5,67.35004658873424
Free,1,Sims Int_134,-0.5,-1.0,Correct,0.5,63.934180123222156
Free,1,Sims Int_134,0.0,-1.0,Error,-0.5,64.44977365883052
Free,1,Sims Int_134,0.0,-1.0,Correct,0.5,67.01258530593307
Free,1,Sims Int_134,0.5,-1.0,Error,-0.5,61.54950072892681
Free,1,Sims Int_134,0.5,-1.0,Correct,0.5,70.090990488644
Free,1,Sims Int_134,-0.5,0.0,Error,-0.5,67.06270520123317
Free,1,Sims Int_134,-0.5,0.0,Correct,0.5,65.76871916042994
Free,1,Sims Int_134,0.0,0.0,Error,-0.5,67.06364890814787
Free,1,Sims Int_134,0.0,0.0,Correct,0.5,69.54209778866262
Free,1,Sims Int_134,0.5,0.0,Error,-0.5,67.06459261506257
Free,1,Sims Int_134,0.5,0.0,Correct,0.5,73.3154764168953
Free,1,Sims Int_134,-0.5,1.0,Error,-0.5,66.7753638137321
Free,1,Sims Int_134,-0.5,1.0,Correct,0.5,67.60325819763773
Free,1,Sims Int_134,0.0,1.0,Error,-0.5,69.67752415746521
Free,1,Sims Int_134,0.0,1.0,Correct,0.5,72.07161027139216
Free,1,Sims Int_134,0.5,1.0,Error,-0.5,72.57968450119833
Free,1,Sims Int_134,0.5,1.0,Correct,0.5,76.53996234514659
Non-Free,0,Sims Int_134,-0.5,-1.0,Error,-0.5,56.2128608744325
Non-Free,0,Sims Int_134,-0.5,-1.0,Correct,0.5,54.79351195398447
Non-Free,0,Sims Int_134,0.0,-1.0,Error,-0.5,46.33684370918589
Non-Free,0,Sims Int_134,0.0,-1.0,Correct,0.5,56.91234378537807
Non-Free,0,Sims Int_134,0.5,-1.0,Error,-0.5,36.460826543939284
Non-Free,0,Sims Int_134,0.5,-1.0,Correct,0.5,59.03117561677167
Non-Free,0,Sims Int_134,-0.5,0.0,Error,-0.5,49.881001306051374
Non-Free,0,Sims Int_134,-0.5,0.0,Correct,0.5,49.957931106162775
Non-Free,0,Sims Int_134,0.0,0.0,Error,-0.5,46.388143541264995
Non-Free,0,Sims Int_134,0.0,0.0,Correct,0.5,55.49837429357623
Non-Free,0,Sims Int_134,0.5,0.0,Error,-0.5,42.895285776478616
Non-Free,0,Sims Int_134,0.5,0.0,Correct,0.5,61.03881748098968
Non-Free,0,Sims Int_134,-0.5,1.0,Error,-0.5,43.54914173767025
Non-Free,0,Sims Int_134,-0.5,1.0,Correct,0.5,45.12235025834108
Non-Free,0,Sims Int_134,0.0,1.0,Error,-0.5,46.4394433733441
Non-Free,0,Sims Int_134,0.0,1.0,Correct,0.5,54.08440480177438
Non-Free,0,Sims Int_134,0.5,1.0,Error,-0.5,49.32974500901795
Non-Free,0,Sims Int_134,0.5,1.0,Correct,0.5,63.04645934520768
Free,1,Sims Int_135,-0.5,-1.0,Error,-0.5,48.90629057387687
Free,1,Sims Int_135,-0.5,-1.0,Correct,0.5,75.80527199898648
Free,1,Sims Int_135,0.0,-1.0,Error,-0.5,36.99539080758243
Free,1,Sims Int_135,0.0,-1.0,Correct,0.5,87.729793141393
Free,1,Sims Int_135,0.5,-1.0,Error,-0.5,25.084491041287993
Free,1,Sims Int_135,0.5,-1.0,Correct,0.5,99.65431428379952
Free,1,Sims Int_135,-0.5,0.0,Error,-0.5,55.95642365619315
Free,1,Sims Int_135,-0.5,0.0,Correct,0.5,83.03391740996284
Free,1,Sims Int_135,0.0,0.0,Error,-0.5,47.267089716956605
Free,1,Sims Int_135,0.0,0.0,Correct,0.5,91.26082091703145
Free,1,Sims Int_135,0.5,0.0,Error,-0.5,38.57775577772006
Free,1,Sims Int_135,0.5,0.0,Correct,0.5,99.48772442410007
Free,1,Sims Int_135,-0.5,1.0,Error,-0.5,63.00655673850943
Free,1,Sims Int_135,-0.5,1.0,Correct,0.5,90.2625628209392
Free,1,Sims Int_135,0.0,1.0,Error,-0.5,57.53878862633078
Free,1,Sims Int_135,0.0,1.0,Correct,0.5,94.7918486926699
Free,1,Sims Int_135,0.5,1.0,Error,-0.5,52.071020514152124
Free,1,Sims Int_135,0.5,1.0,Correct,0.5,99.32113456440061
Non-Free,0,Sims Int_135,-0.5,-1.0,Error,-0.5,41.24040389277769
Non-Free,0,Sims Int_135,-0.5,-1.0,Correct,0.5,68.621882820484
Non-Free,0,Sims Int_135,0.0,-1.0,Error,-0.5,18.917282009516242
Non-Free,0,Sims Int_135,0.0,-1.0,Correct,0.5,83.25825588680598
Non-Free,0,Sims Int_135,0.5,-1.0,Error,-0.5,-3.4058398737452045
Non-Free,0,Sims Int_135,0.5,-1.0,Correct,0.5,97.89462895312795
Non-Free,0,Sims Int_135,-0.5,0.0,Error,-0.5,35.00897644273096
Non-Free,0,Sims Int_135,-0.5,0.0,Correct,0.5,69.37722599837645
Non-Free,0,Sims Int_135,0.0,0.0,Error,-0.5,17.162872461673906
Non-Free,0,Sims Int_135,0.0,0.0,Correct,0.5,83.22353867988018
Non-Free,0,Sims Int_135,0.5,0.0,Error,-0.5,-0.6832315193831491
Non-Free,0,Sims Int_135,0.5,0.0,Correct,0.5,97.06985136138391
Non-Free,0,Sims Int_135,-0.5,1.0,Error,-0.5,28.77754899268423
Non-Free,0,Sims Int_135,-0.5,1.0,Correct,0.5,70.13256917626889
Non-Free,0,Sims Int_135,0.0,1.0,Error,-0.5,15.40846291383157
Non-Free,0,Sims Int_135,0.0,1.0,Correct,0.5,83.18882147295437
Non-Free,0,Sims Int_135,0.5,1.0,Error,-0.5,2.039376834978907
Non-Free,0,Sims Int_135,0.5,1.0,Correct,0.5,96.24507376963989
Free,1,Sims Int_136,-0.5,-1.0,Error,-0.5,67.74023571748059
Free,1,Sims Int_136,-0.5,-1.0,Correct,0.5,69.812283760224
Free,1,Sims Int_136,0.0,-1.0,Error,-0.5,66.81759007062804
Free,1,Sims Int_136,0.0,-1.0,Correct,0.5,77.45413092388532
Free,1,Sims Int_136,0.5,-1.0,Error,-0.5,65.89494442377551
Free,1,Sims Int_136,0.5,-1.0,Correct,0.5,85.09597808754664
Free,1,Sims Int_136,-0.5,0.0,Error,-0.5,71.93991688498438
Free,1,Sims Int_136,-0.5,0.0,Correct,0.5,74.46489017351526
Free,1,Sims Int_136,0.0,0.0,Error,-0.5,69.80471972420001
Free,1,Sims Int_136,0.0,0.0,Correct,0.5,81.04163909859727
Free,1,Sims Int_136,0.5,0.0,Error,-0.5,67.66952256341564
Free,1,Sims Int_136,0.5,0.0,Correct,0.5,87.61838802367929
Free,1,Sims Int_136,-0.5,1.0,Error,-0.5,76.13959805248818
Free,1,Sims Int_136,-0.5,1.0,Correct,0.5,79.11749658680651
Free,1,Sims Int_136,0.0,1.0,Error,-0.5,72.79184937777198
Free,1,Sims Int_136,0.0,1.0,Correct,0.5,84.62914727330923
Free,1,Sims Int_136,0.5,1.0,Error,-0.5,69.44410070305578
Free,1,Sims Int_136,0.5,1.0,Correct,0.5,90.14079795981195
Non-Free,0,Sims Int_136,-0.5,-1.0,Error,-0.5,35.01722633071924
Non-Free,0,Sims Int_136,-0.5,-1.0,Correct,0.5,52.84557510951437
Non-Free,0,Sims Int_136,0.0,-1.0,Error,-0.5,26.803602741490668
Non-Free,0,Sims Int_136,0.0,-1.0,Correct,0.5,64.22337066416881
Non-Free,0,Sims Int_136,0.5,-1.0,Error,-0.5,18.5899791522621
Non-Free,0,Sims Int_136,0.5,-1.0,Correct,0.5,75.60116621882325
Non-Free,0,Sims Int_136,-0.5,0.0,Error,-0.5,42.01901797427287
Non-Free,0,Sims Int_136,-0.5,0.0,Correct,0.5,53.23300513482559
Non-Free,0,Sims Int_136,0.0,0.0,Error,-0.5,34.68739566272407
Non-Free,0,Sims Int_136,0.0,0.0,Correct,0.5,67.81144423300533
Non-Free,0,Sims Int_136,0.5,0.0,Error,-0.5,27.355773351175273
Non-Free,0,Sims Int_136,0.5,0.0,Correct,0.5,82.38988333118508
Non-Free,0,Sims Int_136,-0.5,1.0,Error,-0.5,49.0208096178265
Non-Free,0,Sims Int_136,-0.5,1.0,Correct,0.5,53.62043516013681
Non-Free,0,Sims Int_136,0.0,1.0,Error,-0.5,42.57118858395747
Non-Free,0,Sims Int_136,0.0,1.0,Correct,0.5,71.39951780184185
Non-Free,0,Sims Int_136,0.5,1.0,Error,-0.5,36.12156755008844
Non-Free,0,Sims Int_136,0.5,1.0,Correct,0.5,89.1786004435469
Free,1,Sims Int_137,-0.5,-1.0,Error,-0.5,63.34893049418291
Free,1,Sims Int_137,-0.5,-1.0,Correct,0.5,69.37660632981134
Free,1,Sims Int_137,0.0,-1.0,Error,-0.5,62.59644617102973
Free,1,Sims Int_137,0.0,-1.0,Correct,0.5,78.3860783267525
Free,1,Sims Int_137,0.5,-1.0,Error,-0.5,61.843961847876564
Free,1,Sims Int_137,0.5,-1.0,Correct,0.5,87.39555032369367
Free,1,Sims Int_137,-0.5,0.0,Error,-0.5,70.09729243961247
Free,1,Sims Int_137,-0.5,0.0,Correct,0.5,73.14926612577467
Free,1,Sims Int_137,0.0,0.0,Error,-0.5,69.33229492002617
Free,1,Sims Int_137,0.0,0.0,Correct,0.5,81.23412740656663
Free,1,Sims Int_137,0.5,0.0,Error,-0.5,68.56729740043987
Free,1,Sims Int_137,0.5,0.0,Correct,0.5,89.31898868735858
Free,1,Sims Int_137,-0.5,1.0,Error,-0.5,76.84565438504204
Free,1,Sims Int_137,-0.5,1.0,Correct,0.5,76.92192592173801
Free,1,Sims Int_137,0.0,1.0,Error,-0.5,76.0681436690226
Free,1,Sims Int_137,0.0,1.0,Correct,0.5,84.08217648638076
Free,1,Sims Int_137,0.5,1.0,Error,-0.5,75.29063295300317
Free,1,Sims Int_137,0.5,1.0,Correct,0.5,91.2424270510235
Non-Free,0,Sims Int_137,-0.5,-1.0,Error,-0.5,43.467925469594476
Non-Free,0,Sims Int_137,-0.5,-1.0,Correct,0.5,54.23678600067352
Non-Free,0,Sims Int_137,0.0,-1.0,Error,-0.5,38.21953815336933
Non-Free,0,Sims Int_137,0.0,-1.0,Correct,0.5,65.61058450621928
Non-Free,0,Sims Int_137,0.5,-1.0,Error,-0.5,32.97115083714418
Non-Free,0,Sims Int_137,0.5,-1.0,Correct,0.5,76.98438301176506
Non-Free,0,Sims Int_137,-0.5,0.0,Error,-0.5,49.998161684115026
Non-Free,0,Sims Int_137,-0.5,0.0,Correct,0.5,51.92248790588088
Non-Free,0,Sims Int_137,0.0,0.0,Error,-0.5,39.84116708870328
Non-Free,0,Sims Int_137,0.0,0.0,Correct,0.5,65.25820014471628
Non-Free,0,Sims Int_137,0.5,0.0,Error,-0.5,29.684172493291534
Non-Free,0,Sims Int_137,0.5,0.0,Correct,0.5,78.5939123835517
Non-Free,0,Sims Int_137,-0.5,1.0,Error,-0.5,56.528397898635575
Non-Free,0,Sims Int_137,-0.5,1.0,Correct,0.5,49.60818981108824
Non-Free,0,Sims Int_137,0.0,1.0,Error,-0.5,41.46279602403723
Non-Free,0,Sims Int_137,0.0,1.0,Correct,0.5,64.90581578321328
Non-Free,0,Sims Int_137,0.5,1.0,Error,-0.5,26.39719414943889
Non-Free,0,Sims Int_137,0.5,1.0,Correct,0.5,80.20344175533833
Free,1,Sims Int_138,-0.5,-1.0,Error,-0.5,52.80187290844498
Free,1,Sims Int_138,-0.5,-1.0,Correct,0.5,50.91564595263391
Free,1,Sims Int_138,0.0,-1.0,Error,-0.5,50.5095557207777
Free,1,Sims Int_138,0.0,-1.0,Correct,0.5,59.84724414296113
Free,1,Sims Int_138,0.5,-1.0,Error,-0.5,48.21723853311042
Free,1,Sims Int_138,0.5,-1.0,Correct,0.5,68.77884233328835
Free,1,Sims Int_138,-0.5,0.0,Error,-0.5,54.04921256637598
Free,1,Sims Int_138,-0.5,0.0,Correct,0.5,53.31206750939264
Free,1,Sims Int_138,0.0,0.0,Error,-0.5,51.61286811738711
Free,1,Sims Int_138,0.0,0.0,Correct,0.5,62.70216923301527
Free,1,Sims Int_138,0.5,0.0,Error,-0.5,49.17652366839824
Free,1,Sims Int_138,0.5,0.0,Correct,0.5,72.09227095663789
Free,1,Sims Int_138,-0.5,1.0,Error,-0.5,55.29655222430698
Free,1,Sims Int_138,-0.5,1.0,Correct,0.5,55.70848906615137
Free,1,Sims Int_138,0.0,1.0,Error,-0.5,52.71618051399652
Free,1,Sims Int_138,0.0,1.0,Correct,0.5,65.5570943230694
Free,1,Sims Int_138,0.5,1.0,Error,-0.5,50.13580880368606
Free,1,Sims Int_138,0.5,1.0,Correct,0.5,75.40569957998743
Non-Free,0,Sims Int_138,-0.5,-1.0,Error,-0.5,50.17079137082819
Non-Free,0,Sims Int_138,-0.5,-1.0,Correct,0.5,52.001392948697585
Non-Free,0,Sims Int_138,0.0,-1.0,Error,-0.5,45.490153858733464
Non-Free,0,Sims Int_138,0.0,-1.0,Correct,0.5,60.5833644151276
Non-Free,0,Sims Int_138,0.5,-1.0,Error,-0.5,40.80951634663873
Non-Free,0,Sims Int_138,0.5,-1.0,Correct,0.5,69.16533588155761
Non-Free,0,Sims Int_138,-0.5,0.0,Error,-0.5,48.04536038921219
Non-Free,0,Sims Int_138,-0.5,0.0,Correct,0.5,51.20699298265193
Non-Free,0,Sims Int_138,0.0,0.0,Error,-0.5,41.963054824949936
Non-Free,0,Sims Int_138,0.0,0.0,Correct,0.5,61.31087526699481
Non-Free,0,Sims Int_138,0.5,0.0,Error,-0.5,35.88074926068768
Non-Free,0,Sims Int_138,0.5,0.0,Correct,0.5,71.41475755133769
Non-Free,0,Sims Int_138,-0.5,1.0,Error,-0.5,45.91992940759619
Non-Free,0,Sims Int_138,-0.5,1.0,Correct,0.5,50.41259301660628
Non-Free,0,Sims Int_138,0.0,1.0,Error,-0.5,38.43595579116641
Non-Free,0,Sims Int_138,0.0,1.0,Correct,0.5,62.03838611886203
Non-Free,0,Sims Int_138,0.5,1.0,Error,-0.5,30.951982174736624
Non-Free,0,Sims Int_138,0.5,1.0,Correct,0.5,73.66417922111778
Free,1,Sims Int_139,-0.5,-1.0,Error,-0.5,74.1696351550211
Free,1,Sims Int_139,-0.5,-1.0,Correct,0.5,64.23889076485898
Free,1,Sims Int_139,0.0,-1.0,Error,-0.5,60.01055462526005
Free,1,Sims Int_139,0.0,-1.0,Correct,0.5,76.51893187547643
Free,1,Sims Int_139,0.5,-1.0,Error,-0.5,45.851474095499
Free,1,Sims Int_139,0.5,-1.0,Correct,0.5,88.79897298609387
Free,1,Sims Int_139,-0.5,0.0,Error,-0.5,72.58547724158932
Free,1,Sims Int_139,-0.5,0.0,Correct,0.5,71.42807109679248
Free,1,Sims Int_139,0.0,0.0,Error,-0.5,68.86253615466586
Free,1,Sims Int_139,0.0,0.0,Correct,0.5,80.88930387190176
Free,1,Sims Int_139,0.5,0.0,Error,-0.5,65.1395950677424
Free,1,Sims Int_139,0.5,0.0,Correct,0.5,90.35053664701104
Free,1,Sims Int_139,-0.5,1.0,Error,-0.5,71.00131932815754
Free,1,Sims Int_139,-0.5,1.0,Correct,0.5,78.61725142872598
Free,1,Sims Int_139,0.0,1.0,Error,-0.5,77.71451768407168
Free,1,Sims Int_139,0.0,1.0,Correct,0.5,85.2596758683271
Free,1,Sims Int_139,0.5,1.0,Error,-0.5,84.42771603998581
Free,1,Sims Int_139,0.5,1.0,Correct,0.5,91.90210030792822
Non-Free,0,Sims Int_139,-0.5,-1.0,Error,-0.5,42.51350161834107
Non-Free,0,Sims Int_139,-0.5,-1.0,Correct,0.5,47.24015348571288
Non-Free,0,Sims Int_139,0.0,-1.0,Error,-0.5,36.300103818105626
Non-Free,0,Sims Int_139,0.0,-1.0,Correct,0.5,62.917840149200266
Non-Free,0,Sims Int_139,0.5,-1.0,Error,-0.5,30.08670601787019
Non-Free,0,Sims Int_139,0.5,-1.0,Correct,0.5,78.59552681268765
Non-Free,0,Sims Int_139,-0.5,0.0,Error,-0.5,39.3592664503263
Non-Free,0,Sims Int_139,-0.5,0.0,Correct,0.5,49.646168193880115
Non-Free,0,Sims Int_139,0.0,0.0,Error,-0.5,36.952721697984074
Non-Free,0,Sims Int_139,0.0,0.0,Correct,0.5,66.6598480246423
Non-Free,0,Sims Int_139,0.5,0.0,Error,-0.5,34.54617694564185
Non-Free,0,Sims Int_139,0.5,0.0,Correct,0.5,83.67352785540449
Non-Free,0,Sims Int_139,-0.5,1.0,Error,-0.5,36.20503128231154
Non-Free,0,Sims Int_139,-0.5,1.0,Correct,0.5,52.05218290204735
Non-Free,0,Sims Int_139,0.0,1.0,Error,-0.5,37.60533957786252
Non-Free,0,Sims Int_139,0.0,1.0,Correct,0.5,70.40185590008434
Non-Free,0,Sims Int_139,0.5,1.0,Error,-0.5,39.00564787341351
Non-Free,0,Sims Int_139,0.5,1.0,Correct,0.5,88.75152889812132
Free,1,Sims Int_14,-0.5,-1.0,Error,-0.5,74.36258514177105
Free,1,Sims Int_14,-0.5,-1.0,Correct,0.5,68.30875014699035
Free,1,Sims Int_14,0.0,-1.0,Error,-0.5,71.97296722719207
Free,1,Sims Int_14,0.0,-1.0,Correct,0.5,75.5892842694249
Free,1,Sims Int_14,0.5,-1.0,Error,-0.5,69.5833493126131
Free,1,Sims Int_14,0.5,-1.0,Correct,0.5,82.86981839185943
Free,1,Sims Int_14,-0.5,0.0,Error,-0.5,73.81063302958815
Free,1,Sims Int_14,-0.5,0.0,Correct,0.5,74.41590575722884
Free,1,Sims Int_14,0.0,0.0,Error,-0.5,73.43373323217759
Free,1,Sims Int_14,0.0,0.0,Correct,0.5,80.68044805703181
Free,1,Sims Int_14,0.5,0.0,Error,-0.5,73.05683343476703
Free,1,Sims Int_14,0.5,0.0,Correct,0.5,86.94499035683478
Free,1,Sims Int_14,-0.5,1.0,Error,-0.5,73.25868091740524
Free,1,Sims Int_14,-0.5,1.0,Correct,0.5,80.52306136746734
Free,1,Sims Int_14,0.0,1.0,Error,-0.5,74.8944992371631
Free,1,Sims Int_14,0.0,1.0,Correct,0.5,85.77161184463873
Free,1,Sims Int_14,0.5,1.0,Error,-0.5,76.53031755692096
Free,1,Sims Int_14,0.5,1.0,Correct,0.5,91.02016232181013
Non-Free,0,Sims Int_14,-0.5,-1.0,Error,-0.5,53.982013580038824
Non-Free,0,Sims Int_14,-0.5,-1.0,Correct,0.5,50.895692192618455
Non-Free,0,Sims Int_14,0.0,-1.0,Error,-0.5,53.08267637410372
Non-Free,0,Sims Int_14,0.0,-1.0,Correct,0.5,63.950870497517315
Non-Free,0,Sims Int_14,0.5,-1.0,Error,-0.5,52.18333916816861
Non-Free,0,Sims Int_14,0.5,-1.0,Correct,0.5,77.00604880241619
Non-Free,0,Sims Int_14,-0.5,0.0,Error,-0.5,50.81035488764701
Non-Free,0,Sims Int_14,-0.5,0.0,Correct,0.5,46.910561097388175
Non-Free,0,Sims Int_14,0.0,0.0,Error,-0.5,46.72537375361435
Non-Free,0,Sims Int_14,0.0,0.0,Correct,0.5,62.562885894785445
Non-Free,0,Sims Int_14,0.5,0.0,Error,-0.5,42.64039261958169
Non-Free,0,Sims Int_14,0.5,0.0,Correct,0.5,78.21521069218272
Non-Free,0,Sims Int_14,-0.5,1.0,Error,-0.5,47.63869619525519
Non-Free,0,Sims Int_14,-0.5,1.0,Correct,0.5,42.925430002157896
Non-Free,0,Sims Int_14,0.0,1.0,Error,-0.5,40.36807113312498
Non-Free,0,Sims Int_14,0.0,1.0,Correct,0.5,61.174901292053576
Non-Free,0,Sims Int_14,0.5,1.0,Error,-0.5,33.09744607099477
Non-Free,0,Sims Int_14,0.5,1.0,Correct,0.5,79.42437258194926
Free,1,Sims Int_140,-0.5,-1.0,Error,-0.5,57.70077015004646
Free,1,Sims Int_140,-0.5,-1.0,Correct,0.5,67.22441128704908
Free,1,Sims Int_140,0.0,-1.0,Error,-0.5,45.81453326251488
Free,1,Sims Int_140,0.0,-1.0,Correct,0.5,84.07851217134163
Free,1,Sims Int_140,0.5,-1.0,Error,-0.5,33.92829637498329
Free,1,Sims Int_140,0.5,-1.0,Correct,0.5,100.93261305563419
Free,1,Sims Int_140,-0.5,0.0,Error,-0.5,63.005444164121606
Free,1,Sims Int_140,-0.5,0.0,Correct,0.5,80.28582090475328
Free,1,Sims Int_140,0.0,0.0,Error,-0.5,43.028681450006644
Free,1,Sims Int_140,0.0,0.0,Correct,0.5,90.30384740005596
Free,1,Sims Int_140,0.5,0.0,Error,-0.5,23.051918735891682
Free,1,Sims Int_140,0.5,0.0,Correct,0.5,100.32187389535864
Free,1,Sims Int_140,-0.5,1.0,Error,-0.5,68.31011817819676
Free,1,Sims Int_140,-0.5,1.0,Correct,0.5,93.34723052245748
Free,1,Sims Int_140,0.0,1.0,Error,-0.5,40.24282963749841
Free,1,Sims Int_140,0.0,1.0,Correct,0.5,96.52918262877029
Free,1,Sims Int_140,0.5,1.0,Error,-0.5,12.175541096800067
Free,1,Sims Int_140,0.5,1.0,Correct,0.5,99.71113473508309
Non-Free,0,Sims Int_140,-0.5,-1.0,Error,-0.5,43.14887397357514
Non-Free,0,Sims Int_140,-0.5,-1.0,Correct,0.5,68.99314713765914
Non-Free,0,Sims Int_140,0.0,-1.0,Error,-0.5,17.52769303167705
Non-Free,0,Sims Int_140,0.0,-1.0,Correct,0.5,83.82382626699929
Non-Free,0,Sims Int_140,0.5,-1.0,Error,-0.5,-8.09348791022104
Non-Free,0,Sims Int_140,0.5,-1.0,Correct,0.5,98.65450539633945
Non-Free,0,Sims Int_140,-0.5,0.0,Error,-0.5,36.8601789040036
Non-Free,0,Sims Int_140,-0.5,0.0,Correct,0.5,65.81477658279252
Non-Free,0,Sims Int_140,0.0,0.0,Error,-0.5,16.278792736960035
Non-Free,0,Sims Int_140,0.0,0.0,Correct,0.5,82.75204550718567
Non-Free,0,Sims Int_140,0.5,0.0,Error,-0.5,-4.302593430083526
Non-Free,0,Sims Int_140,0.5,0.0,Correct,0.5,99.68931443157882
Non-Free,0,Sims Int_140,-0.5,1.0,Error,-0.5,30.571483834432055
Non-Free,0,Sims Int_140,-0.5,1.0,Correct,0.5,62.6364060279259
Non-Free,0,Sims Int_140,0.0,1.0,Error,-0.5,15.029892442243021
Non-Free,0,Sims Int_140,0.0,1.0,Correct,0.5,81.68026474737205
Non-Free,0,Sims Int_140,0.5,1.0,Error,-0.5,-0.5116989499460125
Non-Free,0,Sims Int_140,0.5,1.0,Correct,0.5,100.7241234668182
Free,1,Sims Int_141,-0.5,-1.0,Error,-0.5,70.45298031671963
Free,1,Sims Int_141,-0.5,-1.0,Correct,0.5,64.1855386831019
Free,1,Sims Int_141,0.0,-1.0,Error,-0.5,64.09616367328482
Free,1,Sims Int_141,0.0,-1.0,Correct,0.5,70.5708332227057
Free,1,Sims Int_141,0.5,-1.0,Error,-0.5,57.73934702985001
Free,1,Sims Int_141,0.5,-1.0,Correct,0.5,76.9561277623095
Free,1,Sims Int_141,-0.5,0.0,Error,-0.5,70.46476031987666
Free,1,Sims Int_141,-0.5,0.0,Correct,0.5,67.32442695179563
Free,1,Sims Int_141,0.0,0.0,Error,-0.5,70.59834550216846
Free,1,Sims Int_141,0.0,0.0,Correct,0.5,74.38819296701764
Free,1,Sims Int_141,0.5,0.0,Error,-0.5,70.73193068446025
Free,1,Sims Int_141,0.5,0.0,Correct,0.5,81.45195898223966
Free,1,Sims Int_141,-0.5,1.0,Error,-0.5,70.47654032303369
Free,1,Sims Int_141,-0.5,1.0,Correct,0.5,70.46331522048936
Free,1,Sims Int_141,0.0,1.0,Error,-0.5,77.10052733105209
Free,1,Sims Int_141,0.0,1.0,Correct,0.5,78.20555271132959
Free,1,Sims Int_141,0.5,1.0,Error,-0.5,83.7245143390705
Free,1,Sims Int_141,0.5,1.0,Correct,0.5,85.94779020216981
Non-Free,0,Sims Int_141,-0.5,-1.0,Error,-0.5,57.42746600990174
Non-Free,0,Sims Int_141,-0.5,-1.0,Correct,0.5,49.769173108097654
Non-Free,0,Sims Int_141,0.0,-1.0,Error,-0.5,47.552412605865655
Non-Free,0,Sims Int_141,0.0,-1.0,Correct,0.5,56.536171299943874
Non-Free,0,Sims Int_141,0.5,-1.0,Error,-0.5,37.67735920182957
Non-Free,0,Sims Int_141,0.5,-1.0,Correct,0.5,63.30316949179009
Non-Free,0,Sims Int_141,-0.5,0.0,Error,-0.5,51.22065542459351
Non-Free,0,Sims Int_141,-0.5,0.0,Correct,0.5,48.67694142306419
Non-Free,0,Sims Int_141,0.0,0.0,Error,-0.5,42.79170666733685
Non-Free,0,Sims Int_141,0.0,0.0,Correct,0.5,57.072039987683894
Non-Free,0,Sims Int_141,0.5,0.0,Error,-0.5,34.362757910080184
Non-Free,0,Sims Int_141,0.5,0.0,Correct,0.5,65.4671385523036
Non-Free,0,Sims Int_141,-0.5,1.0,Error,-0.5,45.01384483928528
Non-Free,0,Sims Int_141,-0.5,1.0,Correct,0.5,47.58470973803073
Non-Free,0,Sims Int_141,0.0,1.0,Error,-0.5,38.03100072880804
Non-Free,0,Sims Int_141,0.0,1.0,Correct,0.5,57.607908675423914
Non-Free,0,Sims Int_141,0.5,1.0,Error,-0.5,31.0481566183308
Non-Free,0,Sims Int_141,0.5,1.0,Correct,0.5,67.6311076128171
Free,1,Sims Int_142,-0.5,-1.0,Error,-0.5,71.21465728615117
Free,1,Sims Int_142,-0.5,-1.0,Correct,0.5,70.55846787554009
Free,1,Sims Int_142,0.0,-1.0,Error,-0.5,68.8080813890807
Free,1,Sims Int_142,0.0,-1.0,Correct,0.5,77.76288455321904
Free,1,Sims Int_142,0.5,-1.0,Error,-0.5,66.40150549201024
Free,1,Sims Int_142,0.5,-1.0,Correct,0.5,84.96730123089799
Free,1,Sims Int_142,-0.5,0.0,Error,-0.5,72.2470796309869
Free,1,Sims Int_142,-0.5,0.0,Correct,0.5,74.72763963407955
Free,1,Sims Int_142,0.0,0.0,Error,-0.5,72.29721195479661
Free,1,Sims Int_142,0.0,0.0,Correct,0.5,82.15997558418141
Free,1,Sims Int_142,0.5,0.0,Error,-0.5,72.34734427860631
Free,1,Sims Int_142,0.5,0.0,Correct,0.5,89.59231153428327
Free,1,Sims Int_142,-0.5,1.0,Error,-0.5,73.27950197582264
Free,1,Sims Int_142,-0.5,1.0,Correct,0.5,78.89681139261901
Free,1,Sims Int_142,0.0,1.0,Error,-0.5,75.78634252051252
Free,1,Sims Int_142,0.0,1.0,Correct,0.5,86.55706661514378
Free,1,Sims Int_142,0.5,1.0,Error,-0.5,78.29318306520238
Free,1,Sims Int_142,0.5,1.0,Correct,0.5,94.21732183766855
Non-Free,0,Sims Int_142,-0.5,-1.0,Error,-0.5,52.92432659830507
Non-Free,0,Sims Int_142,-0.5,-1.0,Correct,0.5,44.84577804947896
Non-Free,0,Sims Int_142,0.0,-1.0,Error,-0.5,40.30964706834138
Non-Free,0,Sims Int_142,0.0,-1.0,Correct,0.5,62.021644028219356
Non-Free,0,Sims Int_142,0.5,-1.0,Error,-0.5,27.694967538377675
Non-Free,0,Sims Int_142,0.5,-1.0,Correct,0.5,79.19751000695976
Non-Free,0,Sims Int_142,-0.5,0.0,Error,-0.5,45.71013085775536
Non-Free,0,Sims Int_142,-0.5,0.0,Correct,0.5,53.92717588893391
Non-Free,0,Sims Int_142,0.0,0.0,Error,-0.5,39.978178508585636
Non-Free,0,Sims Int_142,0.0,0.0,Correct,0.5,68.52896219128594
Non-Free,0,Sims Int_142,0.5,0.0,Error,-0.5,34.24622615941591
Non-Free,0,Sims Int_142,0.5,0.0,Correct,0.5,83.13074849363798
Non-Free,0,Sims Int_142,-0.5,1.0,Error,-0.5,38.49593511720565
Non-Free,0,Sims Int_142,-0.5,1.0,Correct,0.5,63.00857372838886
Non-Free,0,Sims Int_142,0.0,1.0,Error,-0.5,39.646709948829894
Non-Free,0,Sims Int_142,0.0,1.0,Correct,0.5,75.03628035435253
Non-Free,0,Sims Int_142,0.5,1.0,Error,-0.5,40.79748478045414
Non-Free,0,Sims Int_142,0.5,1.0,Correct,0.5,87.06398698031619
Free,1,Sims Int_143,-0.5,-1.0,Error,-0.5,70.89872448979582
Free,1,Sims Int_143,-0.5,-1.0,Correct,0.5,71.46859428155022
Free,1,Sims Int_143,0.0,-1.0,Error,-0.5,64.13622448979602
Free,1,Sims Int_143,0.0,-1.0,Correct,0.5,80.37132598123699
Free,1,Sims Int_143,0.5,-1.0,Error,-0.5,57.3737244897962
Free,1,Sims Int_143,0.5,-1.0,Correct,0.5,89.27405768092375
Free,1,Sims Int_143,-0.5,0.0,Error,-0.5,77.5198979591837
Free,1,Sims Int_143,-0.5,0.0,Correct,0.5,75.35068497384869
Free,1,Sims Int_143,0.0,0.0,Error,-0.5,67.27627551020413
Free,1,Sims Int_143,0.0,0.0,Correct,0.5,83.04519089911132
Free,1,Sims Int_143,0.5,0.0,Error,-0.5,57.03265306122456
Free,1,Sims Int_143,0.5,0.0,Correct,0.5,90.73969682437395
Free,1,Sims Int_143,-0.5,1.0,Error,-0.5,84.14107142857156
Free,1,Sims Int_143,-0.5,1.0,Correct,0.5,79.23277566614715
Free,1,Sims Int_143,0.0,1.0,Error,-0.5,70.41632653061224
Free,1,Sims Int_143,0.0,1.0,Correct,0.5,85.71905581698564
Free,1,Sims Int_143,0.5,1.0,Error,-0.5,56.69158163265291
Free,1,Sims Int_143,0.5,1.0,Correct,0.5,92.20533596782414
Non-Free,0,Sims Int_143,-0.5,-1.0,Error,-0.5,68.12790582287468
Non-Free,0,Sims Int_143,-0.5,-1.0,Correct,0.5,43.58191953688517
Non-Free,0,Sims Int_143,0.0,-1.0,Error,-0.5,47.931302195133384
Non-Free,0,Sims Int_143,0.0,-1.0,Correct,0.5,66.85172670040826
Non-Free,0,Sims Int_143,0.5,-1.0,Error,-0.5,27.73469856739208
Non-Free,0,Sims Int_143,0.5,-1.0,Correct,0.5,90.12153386393138
Non-Free,0,Sims Int_143,-0.5,0.0,Error,-0.5,50.762449796050504
Non-Free,0,Sims Int_143,-0.5,0.0,Correct,0.5,51.274988519619555
Non-Free,0,Sims Int_143,0.0,0.0,Error,-0.5,36.241190479921
Non-Free,0,Sims Int_143,0.0,0.0,Correct,0.5,66.76603675189378
Non-Free,0,Sims Int_143,0.5,0.0,Error,-0.5,21.7199311637915
Non-Free,0,Sims Int_143,0.5,0.0,Correct,0.5,82.257084984168
Non-Free,0,Sims Int_143,-0.5,1.0,Error,-0.5,33.39699376922632
Non-Free,0,Sims Int_143,-0.5,1.0,Correct,0.5,58.96805750235394
Non-Free,0,Sims Int_143,0.0,1.0,Error,-0.5,24.55107876470862
Non-Free,0,Sims Int_143,0.0,1.0,Correct,0.5,66.6803468033793
Non-Free,0,Sims Int_143,0.5,1.0,Error,-0.5,15.705163760190919
Non-Free,0,Sims Int_143,0.5,1.0,Correct,0.5,74.39263610440464
Free,1,Sims Int_144,-0.5,-1.0,Error,-0.5,64.38925926720896
Free,1,Sims Int_144,-0.5,-1.0,Correct,0.5,67.15550220229534
Free,1,Sims Int_144,0.0,-1.0,Error,-0.5,62.763974328704116
Free,1,Sims Int_144,0.0,-1.0,Correct,0.5,78.80516262087434
Free,1,Sims Int_144,0.5,-1.0,Error,-0.5,61.138689390199275
Free,1,Sims Int_144,0.5,-1.0,Correct,0.5,90.45482303945334
Free,1,Sims Int_144,-0.5,0.0,Error,-0.5,73.31501212732613
Free,1,Sims Int_144,-0.5,0.0,Correct,0.5,72.88824747714006
Free,1,Sims Int_144,0.0,0.0,Error,-0.5,70.48807658460143
Free,1,Sims Int_144,0.0,0.0,Correct,0.5,82.3714850835004
Free,1,Sims Int_144,0.5,0.0,Error,-0.5,67.66114104187673
Free,1,Sims Int_144,0.5,0.0,Correct,0.5,91.85472268986075
Free,1,Sims Int_144,-0.5,1.0,Error,-0.5,82.2407649874433
Free,1,Sims Int_144,-0.5,1.0,Correct,0.5,78.62099275198477
Free,1,Sims Int_144,0.0,1.0,Error,-0.5,78.21217884049875
Free,1,Sims Int_144,0.0,1.0,Correct,0.5,85.93780754612646
Free,1,Sims Int_144,0.5,1.0,Error,-0.5,74.18359269355419
Free,1,Sims Int_144,0.5,1.0,Correct,0.5,93.25462234026816
Non-Free,0,Sims Int_144,-0.5,-1.0,Error,-0.5,37.16866503699242
Non-Free,0,Sims Int_144,-0.5,-1.0,Correct,0.5,62.228556411738104
Non-Free,0,Sims Int_144,0.0,-1.0,Error,-0.5,29.851699645293937
Non-Free,0,Sims Int_144,0.0,-1.0,Correct,0.5,71.96938778337758
Non-Free,0,Sims Int_144,0.5,-1.0,Error,-0.5,22.53473425359545
Non-Free,0,Sims Int_144,0.5,-1.0,Correct,0.5,81.71021915501704
Non-Free,0,Sims Int_144,-0.5,0.0,Error,-0.5,48.20075346409865
Non-Free,0,Sims Int_144,-0.5,0.0,Correct,0.5,55.54612473216937
Non-Free,0,Sims Int_144,0.0,0.0,Error,-0.5,34.89856631137769
Non-Free,0,Sims Int_144,0.0,0.0,Correct,0.5,71.14094924101505
Non-Free,0,Sims Int_144,0.5,0.0,Error,-0.5,21.59637915865673
Non-Free,0,Sims Int_144,0.5,0.0,Correct,0.5,86.73577374986073
Non-Free,0,Sims Int_144,-0.5,1.0,Error,-0.5,59.232841891204885
Non-Free,0,Sims Int_144,-0.5,1.0,Correct,0.5,48.86369305260063
Non-Free,0,Sims Int_144,0.0,1.0,Error,-0.5,39.94543297746145
Non-Free,0,Sims Int_144,0.0,1.0,Correct,0.5,70.31251069865252
Non-Free,0,Sims Int_144,0.5,1.0,Error,-0.5,20.658024063718017
Non-Free,0,Sims Int_144,0.5,1.0,Correct,0.5,91.7613283447044
Free,1,Sims Int_145,-0.5,-1.0,Error,-0.5,63.29960702292734
Free,1,Sims Int_145,-0.5,-1.0,Correct,0.5,70.40472791767318
Free,1,Sims Int_145,0.0,-1.0,Error,-0.5,63.48454386675938
Free,1,Sims Int_145,0.0,-1.0,Correct,0.5,73.9791848982727
Free,1,Sims Int_145,0.5,-1.0,Error,-0.5,63.669480710591415
Free,1,Sims Int_145,0.5,-1.0,Correct,0.5,77.55364187887221
Free,1,Sims Int_145,-0.5,0.0,Error,-0.5,66.95470752277298
Free,1,Sims Int_145,-0.5,0.0,Correct,0.5,69.9433646711531
Free,1,Sims Int_145,0.0,0.0,Error,-0.5,65.55671028253832
Free,1,Sims Int_145,0.0,0.0,Correct,0.5,76.16545773143348
Free,1,Sims Int_145,0.5,0.0,Error,-0.5,64.15871304230366
Free,1,Sims Int_145,0.5,0.0,Correct,0.5,82.38755079171385
Free,1,Sims Int_145,-0.5,1.0,Error,-0.5,70.60980802261862
Free,1,Sims Int_145,-0.5,1.0,Correct,0.5,69.48200142463303
Free,1,Sims Int_145,0.0,1.0,Error,-0.5,67.62887669831726
Free,1,Sims Int_145,0.0,1.0,Correct,0.5,78.35173056459425
Free,1,Sims Int_145,0.5,1.0,Error,-0.5,64.6479453740159
Free,1,Sims Int_145,0.5,1.0,Correct,0.5,87.22145970455547
Non-Free,0,Sims Int_145,-0.5,-1.0,Error,-0.5,49.320870833419924
Non-Free,0,Sims Int_145,-0.5,-1.0,Correct,0.5,56.28962268018466
Non-Free,0,Sims Int_145,0.0,-1.0,Error,-0.5,47.828192443862456
Non-Free,0,Sims Int_145,0.0,-1.0,Correct,0.5,64.21788769293835
Non-Free,0,Sims Int_145,0.5,-1.0,Error,-0.5,46.335514054304994
Non-Free,0,Sims Int_145,0.5,-1.0,Correct,0.5,72.14615270569203
Non-Free,0,Sims Int_145,-0.5,0.0,Error,-0.5,47.29543486243616
Non-Free,0,Sims Int_145,-0.5,0.0,Correct,0.5,56.52797802700004
Non-Free,0,Sims Int_145,0.0,0.0,Error,-0.5,46.42562684902275
Non-Free,0,Sims Int_145,0.0,0.0,Correct,0.5,66.08043080569851
Non-Free,0,Sims Int_145,0.5,0.0,Error,-0.5,45.55581883560934
Non-Free,0,Sims Int_145,0.5,0.0,Correct,0.5,75.63288358439698
Non-Free,0,Sims Int_145,-0.5,1.0,Error,-0.5,45.269998891452396
Non-Free,0,Sims Int_145,-0.5,1.0,Correct,0.5,56.76633337381542
Non-Free,0,Sims Int_145,0.0,1.0,Error,-0.5,45.02306125418304
Non-Free,0,Sims Int_145,0.0,1.0,Correct,0.5,67.94297391845868
Non-Free,0,Sims Int_145,0.5,1.0,Error,-0.5,44.77612361691369
Non-Free,0,Sims Int_145,0.5,1.0,Correct,0.5,79.11961446310193
Free,1,Sims Int_146,-0.5,-1.0,Error,-0.5,72.70619771131837
Free,1,Sims Int_146,-0.5,-1.0,Correct,0.5,69.90803477043504
Free,1,Sims Int_146,0.0,-1.0,Error,-0.5,66.1386611693432
Free,1,Sims Int_146,0.0,-1.0,Correct,0.5,76.59969834195205
Free,1,Sims Int_146,0.5,-1.0,Error,-0.5,59.57112462736802
Free,1,Sims Int_146,0.5,-1.0,Correct,0.5,83.29136191346907
Free,1,Sims Int_146,-0.5,0.0,Error,-0.5,75.72812289643232
Free,1,Sims Int_146,-0.5,0.0,Correct,0.5,74.58957720255604
Free,1,Sims Int_146,0.0,0.0,Error,-0.5,73.21414318684486
Free,1,Sims Int_146,0.0,0.0,Correct,0.5,81.13248907174074
Free,1,Sims Int_146,0.5,0.0,Error,-0.5,70.7001634772574
Free,1,Sims Int_146,0.5,0.0,Correct,0.5,87.67540094092543
Free,1,Sims Int_146,-0.5,1.0,Error,-0.5,78.75004808154628
Free,1,Sims Int_146,-0.5,1.0,Correct,0.5,79.27111963467705
Free,1,Sims Int_146,0.0,1.0,Error,-0.5,80.28962520434654
Free,1,Sims Int_146,0.0,1.0,Correct,0.5,85.66527980152942
Free,1,Sims Int_146,0.5,1.0,Error,-0.5,81.82920232714679
Free,1,Sims Int_146,0.5,1.0,Correct,0.5,92.05943996838178
Non-Free,0,Sims Int_146,-0.5,-1.0,Error,-0.5,41.968361995601825
Non-Free,0,Sims Int_146,-0.5,-1.0,Correct,0.5,48.35610345072774
Non-Free,0,Sims Int_146,0.0,-1.0,Error,-0.5,36.99458112193808
Non-Free,0,Sims Int_146,0.0,-1.0,Correct,0.5,63.96641742977741
Non-Free,0,Sims Int_146,0.5,-1.0,Error,-0.5,32.02080024827434
Non-Free,0,Sims Int_146,0.5,-1.0,Correct,0.5,79.57673140882709
Non-Free,0,Sims Int_146,-0.5,0.0,Error,-0.5,44.692969036021566
Non-Free,0,Sims Int_146,-0.5,0.0,Correct,0.5,51.856845156317846
Non-Free,0,Sims Int_146,0.0,0.0,Error,-0.5,38.92171115319057
Non-Free,0,Sims Int_146,0.0,0.0,Correct,0.5,66.54460086589984
Non-Free,0,Sims Int_146,0.5,0.0,Error,-0.5,33.15045327035958
Non-Free,0,Sims Int_146,0.5,0.0,Correct,0.5,81.23235657548183
Non-Free,0,Sims Int_146,-0.5,1.0,Error,-0.5,47.41757607644131
Non-Free,0,Sims Int_146,-0.5,1.0,Correct,0.5,55.357586861907954
Non-Free,0,Sims Int_146,0.0,1.0,Error,-0.5,40.84884118444306
Non-Free,0,Sims Int_146,0.0,1.0,Correct,0.5,69.12278430202227
Non-Free,0,Sims Int_146,0.5,1.0,Error,-0.5,34.28010629244481
Non-Free,0,Sims Int_146,0.5,1.0,Correct,0.5,82.88798174213657
Free,1,Sims Int_147,-0.5,-1.0,Error,-0.5,80.270682032232
Free,1,Sims Int_147,-0.5,-1.0,Correct,0.5,72.6754588887505
Free,1,Sims Int_147,0.0,-1.0,Error,-0.5,69.23595789266126
Free,1,Sims Int_147,0.0,-1.0,Correct,0.5,78.72023525870974
Free,1,Sims Int_147,0.5,-1.0,Error,-0.5,58.20123375309052
Free,1,Sims Int_147,0.5,-1.0,Correct,0.5,84.76501162866896
Free,1,Sims Int_147,-0.5,0.0,Error,-0.5,79.54166144885073
Free,1,Sims Int_147,-0.5,0.0,Correct,0.5,77.59880152824978
Free,1,Sims Int_147,0.0,0.0,Error,-0.5,70.94074096388388
Free,1,Sims Int_147,0.0,0.0,Correct,0.5,82.2925299401762
Free,1,Sims Int_147,0.5,0.0,Error,-0.5,62.33982047891704
Free,1,Sims Int_147,0.5,0.0,Correct,0.5,86.98625835210261
Free,1,Sims Int_147,-0.5,1.0,Error,-0.5,78.81264086546946
Free,1,Sims Int_147,-0.5,1.0,Correct,0.5,82.52214416774906
Free,1,Sims Int_147,0.0,1.0,Error,-0.5,72.6455240351065
Free,1,Sims Int_147,0.0,1.0,Correct,0.5,85.86482462164265
Free,1,Sims Int_147,0.5,1.0,Error,-0.5,66.47840720474355
Free,1,Sims Int_147,0.5,1.0,Correct,0.5,89.20750507553625
Non-Free,0,Sims Int_147,-0.5,-1.0,Error,-0.5,26.70730599751088
Non-Free,0,Sims Int_147,-0.5,-1.0,Correct,0.5,44.088362796242016
Non-Free,0,Sims Int_147,0.0,-1.0,Error,-0.5,38.884456254835314
Non-Free,0,Sims Int_147,0.0,-1.0,Correct,0.5,60.862852546424406
Non-Free,0,Sims Int_147,0.5,-1.0,Error,-0.5,51.06160651215975
Non-Free,0,Sims Int_147,0.5,-1.0,Correct,0.5,77.63734229660677
Non-Free,0,Sims Int_147,-0.5,0.0,Error,-0.5,39.93773756264928
Non-Free,0,Sims Int_147,-0.5,0.0,Correct,0.5,46.30712410575011
Non-Free,0,Sims Int_147,0.0,0.0,Error,-0.5,37.92677183894512
Non-Free,0,Sims Int_147,0.0,0.0,Correct,0.5,61.15161288171733
Non-Free,0,Sims Int_147,0.5,0.0,Error,-0.5,35.91580611524096
Non-Free,0,Sims Int_147,0.5,0.0,Correct,0.5,75.99610165768453
Non-Free,0,Sims Int_147,-0.5,1.0,Error,-0.5,53.168169127787685
Non-Free,0,Sims Int_147,-0.5,1.0,Correct,0.5,48.52588541525821
Non-Free,0,Sims Int_147,0.0,1.0,Error,-0.5,36.96908742305493
Non-Free,0,Sims Int_147,0.0,1.0,Correct,0.5,61.44037321701025
Non-Free,0,Sims Int_147,0.5,1.0,Error,-0.5,20.770005718322174
Non-Free,0,Sims Int_147,0.5,1.0,Correct,0.5,74.35486101876228
Free,1,Sims Int_148,-0.5,-1.0,Error,-0.5,73.87682059403355
Free,1,Sims Int_148,-0.5,-1.0,Correct,0.5,74.84312933691673
Free,1,Sims Int_148,0.0,-1.0,Error,-0.5,74.20907781878525
Free,1,Sims Int_148,0.0,-1.0,Correct,0.5,84.05456299769217
Free,1,Sims Int_148,0.5,-1.0,Error,-0.5,74.54133504353693
Free,1,Sims Int_148,0.5,-1.0,Correct,0.5,93.26599665846761
Free,1,Sims Int_148,-0.5,0.0,Error,-0.5,73.3589176905742
Free,1,Sims Int_148,-0.5,0.0,Correct,0.5,80.79960752043684
Free,1,Sims Int_148,0.0,0.0,Error,-0.5,73.44946809231841
Free,1,Sims Int_148,0.0,0.0,Correct,0.5,87.63865616324907
Free,1,Sims Int_148,0.5,0.0,Error,-0.5,73.54001849406262
Free,1,Sims Int_148,0.5,0.0,Correct,0.5,94.4777048060613
Free,1,Sims Int_148,-0.5,1.0,Error,-0.5,72.84101478711486
Free,1,Sims Int_148,-0.5,1.0,Correct,0.5,86.75608570395694
Free,1,Sims Int_148,0.0,1.0,Error,-0.5,72.68985836585158
Free,1,Sims Int_148,0.0,1.0,Correct,0.5,91.22274932880596
Free,1,Sims Int_148,0.5,1.0,Error,-0.5,72.53870194458831
Free,1,Sims Int_148,0.5,1.0,Correct,0.5,95.68941295365498
Non-Free,0,Sims Int_148,-0.5,-1.0,Error,-0.5,66.17500039634096
Non-Free,0,Sims Int_148,-0.5,-1.0,Correct,0.5,47.60769939090262
Non-Free,0,Sims Int_148,0.0,-1.0,Error,-0.5,37.96995735371055
Non-Free,0,Sims Int_148,0.0,-1.0,Correct,0.5,68.20574152780554
Non-Free,0,Sims Int_148,0.5,-1.0,Error,-0.5,9.764914311080137
Non-Free,0,Sims Int_148,0.5,-1.0,Correct,0.5,88.80378366470846
Non-Free,0,Sims Int_148,-0.5,0.0,Error,-0.5,53.40548060307239
Non-Free,0,Sims Int_148,-0.5,0.0,Correct,0.5,53.75835950992706
Non-Free,0,Sims Int_148,0.0,0.0,Error,-0.5,32.53239691171106
Non-Free,0,Sims Int_148,0.0,0.0,Correct,0.5,71.68495824567592
Non-Free,0,Sims Int_148,0.5,0.0,Error,-0.5,11.659313220349727
Non-Free,0,Sims Int_148,0.5,0.0,Correct,0.5,89.61155698142477
Non-Free,0,Sims Int_148,-0.5,1.0,Error,-0.5,40.63596080980382
Non-Free,0,Sims Int_148,-0.5,1.0,Correct,0.5,59.909019628951505
Non-Free,0,Sims Int_148,0.0,1.0,Error,-0.5,27.094836469711574
Non-Free,0,Sims Int_148,0.0,1.0,Correct,0.5,75.16417496354629
Non-Free,0,Sims Int_148,0.5,1.0,Error,-0.5,13.553712129619319
Non-Free,0,Sims Int_148,0.5,1.0,Correct,0.5,90.41933029814108
Free,1,Sims Int_149,-0.5,-1.0,Error,-0.5,67.0619750482259
Free,1,Sims Int_149,-0.5,-1.0,Correct,0.5,69.01369198435377
Free,1,Sims Int_149,0.0,-1.0,Error,-0.5,60.96022252217299
Free,1,Sims Int_149,0.0,-1.0,Correct,0.5,80.23792708949432
Free,1,Sims Int_149,0.5,-1.0,Error,-0.5,54.85846999612008
Free,1,Sims Int_149,0.5,-1.0,Correct,0.5,91.46216219463487
Free,1,Sims Int_149,-0.5,0.0,Error,-0.5,71.65432011060534
Free,1,Sims Int_149,-0.5,0.0,Correct,0.5,75.2259081076057
Free,1,Sims Int_149,0.0,0.0,Error,-0.5,67.49318279934207
Free,1,Sims Int_149,0.0,0.0,Correct,0.5,83.77893485296912
Free,1,Sims Int_149,0.5,0.0,Error,-0.5,63.33204548807879
Free,1,Sims Int_149,0.5,0.0,Correct,0.5,92.33196159833253
Free,1,Sims Int_149,-0.5,1.0,Error,-0.5,76.24666517298478
Free,1,Sims Int_149,-0.5,1.0,Correct,0.5,81.43812423085764
Free,1,Sims Int_149,0.0,1.0,Error,-0.5,74.02614307651113
Free,1,Sims Int_149,0.0,1.0,Correct,0.5,87.31994261644391
Free,1,Sims Int_149,0.5,1.0,Error,-0.5,71.80562098003749
Free,1,Sims Int_149,0.5,1.0,Correct,0.5,93.20176100203018
Non-Free,0,Sims Int_149,-0.5,-1.0,Error,-0.5,59.61494917617147
Non-Free,0,Sims Int_149,-0.5,-1.0,Correct,0.5,50.74553390628466
Non-Free,0,Sims Int_149,0.0,-1.0,Error,-0.5,33.36405870592657
Non-Free,0,Sims Int_149,0.0,-1.0,Correct,0.5,67.00525693145678
Non-Free,0,Sims Int_149,0.5,-1.0,Error,-0.5,7.1131682356816635
Non-Free,0,Sims Int_149,0.5,-1.0,Correct,0.5,83.26497995662889
Non-Free,0,Sims Int_149,-0.5,0.0,Error,-0.5,52.81397406337854
Non-Free,0,Sims Int_149,-0.5,0.0,Correct,0.5,57.145153956678726
Non-Free,0,Sims Int_149,0.0,0.0,Error,-0.5,31.5324188618833
Non-Free,0,Sims Int_149,0.0,0.0,Correct,0.5,70.40965037898773
Non-Free,0,Sims Int_149,0.5,0.0,Error,-0.5,10.250863660388063
Non-Free,0,Sims Int_149,0.5,0.0,Correct,0.5,83.67414680129674
Non-Free,0,Sims Int_149,-0.5,1.0,Error,-0.5,46.012998950585605
Non-Free,0,Sims Int_149,-0.5,1.0,Correct,0.5,63.54477400707279
Non-Free,0,Sims Int_149,0.0,1.0,Error,-0.5,29.700779017840034
Non-Free,0,Sims Int_149,0.0,1.0,Correct,0.5,73.81404382651868
Non-Free,0,Sims Int_149,0.5,1.0,Error,-0.5,13.388559085094464
Non-Free,0,Sims Int_149,0.5,1.0,Correct,0.5,84.08331364596458
Free,1,Sims Int_15,-0.5,-1.0,Error,-0.5,65.35595145184212
Free,1,Sims Int_15,-0.5,-1.0,Correct,0.5,67.53369031764815
Free,1,Sims Int_15,0.0,-1.0,Error,-0.5,66.45700506293635
Free,1,Sims Int_15,0.0,-1.0,Correct,0.5,73.00940256874736
Free,1,Sims Int_15,0.5,-1.0,Error,-0.5,67.55805867403059
Free,1,Sims Int_15,0.5,-1.0,Correct,0.5,78.48511481984657
Free,1,Sims Int_15,-0.5,0.0,Error,-0.5,68.84337915991277
Free,1,Sims Int_15,-0.5,0.0,Correct,0.5,71.85823317038853
Free,1,Sims Int_15,0.0,0.0,Error,-0.5,69.7291128854736
Free,1,Sims Int_15,0.0,0.0,Correct,0.5,76.40138899757912
Free,1,Sims Int_15,0.5,0.0,Error,-0.5,70.61484661103442
Free,1,Sims Int_15,0.5,0.0,Correct,0.5,80.94454482476971
Free,1,Sims Int_15,-0.5,1.0,Error,-0.5,72.33080686798343
Free,1,Sims Int_15,-0.5,1.0,Correct,0.5,76.18277602312891
Free,1,Sims Int_15,0.0,1.0,Error,-0.5,73.00122070801085
Free,1,Sims Int_15,0.0,1.0,Correct,0.5,79.79337542641088
Free,1,Sims Int_15,0.5,1.0,Error,-0.5,73.67163454803826
Free,1,Sims Int_15,0.5,1.0,Correct,0.5,83.40397482969284
Non-Free,0,Sims Int_15,-0.5,-1.0,Error,-0.5,49.497729613623434
Non-Free,0,Sims Int_15,-0.5,-1.0,Correct,0.5,45.90142185230092
Non-Free,0,Sims Int_15,0.0,-1.0,Error,-0.5,49.0709509229695
Non-Free,0,Sims Int_15,0.0,-1.0,Correct,0.5,57.606817982969865
Non-Free,0,Sims Int_15,0.5,-1.0,Error,-0.5,48.644172232315555
Non-Free,0,Sims Int_15,0.5,-1.0,Correct,0.5,69.3122141136388
Non-Free,0,Sims Int_15,-0.5,0.0,Error,-0.5,46.870802524108555
Non-Free,0,Sims Int_15,-0.5,0.0,Correct,0.5,50.560501990601985
Non-Free,0,Sims Int_15,0.0,0.0,Error,-0.5,37.89259175954736
Non-Free,0,Sims Int_15,0.0,0.0,Correct,0.5,61.45774588666066
Non-Free,0,Sims Int_15,0.5,0.0,Error,-0.5,28.914380994986157
Non-Free,0,Sims Int_15,0.5,0.0,Correct,0.5,72.35498978271933
Non-Free,0,Sims Int_15,-0.5,1.0,Error,-0.5,44.243875434593676
Non-Free,0,Sims Int_15,-0.5,1.0,Correct,0.5,55.21958212890305
Non-Free,0,Sims Int_15,0.0,1.0,Error,-0.5,26.714232596125214
Non-Free,0,Sims Int_15,0.0,1.0,Correct,0.5,65.30867379035146
Non-Free,0,Sims Int_15,0.5,1.0,Error,-0.5,9.184589757656752
Non-Free,0,Sims Int_15,0.5,1.0,Correct,0.5,75.39776545179987
Free,1,Sims Int_150,-0.5,-1.0,Error,-0.5,64.5344373503591
Free,1,Sims Int_150,-0.5,-1.0,Correct,0.5,64.05132512621051
Free,1,Sims Int_150,0.0,-1.0,Error,-0.5,58.28603351955303
Free,1,Sims Int_150,0.0,-1.0,Correct,0.5,75.07012287411868
Free,1,Sims Int_150,0.5,-1.0,Error,-0.5,52.03762968874697
Free,1,Sims Int_150,0.5,-1.0,Correct,0.5,86.08892062202686
Free,1,Sims Int_150,-0.5,0.0,Error,-0.5,66.39465283320028
Free,1,Sims Int_150,-0.5,0.0,Correct,0.5,66.0628441964084
Free,1,Sims Int_150,0.0,0.0,Error,-0.5,62.76344772545886
Free,1,Sims Int_150,0.0,0.0,Correct,0.5,76.80483521940715
Free,1,Sims Int_150,0.5,0.0,Error,-0.5,59.132242617717445
Free,1,Sims Int_150,0.5,0.0,Correct,0.5,87.5468262424059
Free,1,Sims Int_150,-0.5,1.0,Error,-0.5,68.25486831604147
Free,1,Sims Int_150,-0.5,1.0,Correct,0.5,68.0743632666063
Free,1,Sims Int_150,0.0,1.0,Error,-0.5,67.24086193136469
Free,1,Sims Int_150,0.0,1.0,Correct,0.5,78.53954756469562
Free,1,Sims Int_150,0.5,1.0,Error,-0.5,66.22685554668793
Free,1,Sims Int_150,0.5,1.0,Correct,0.5,89.00473186278495
Non-Free,0,Sims Int_150,-0.5,-1.0,Error,-0.5,48.31256874445397
Non-Free,0,Sims Int_150,-0.5,-1.0,Correct,0.5,57.68842201591063
Non-Free,0,Sims Int_150,0.0,-1.0,Error,-0.5,35.104332162574316
Non-Free,0,Sims Int_150,0.0,-1.0,Correct,0.5,72.5865690344712
Non-Free,0,Sims Int_150,0.5,-1.0,Error,-0.5,21.896095580694663
Non-Free,0,Sims Int_150,0.5,-1.0,Correct,0.5,87.48471605303175
Non-Free,0,Sims Int_150,-0.5,0.0,Error,-0.5,47.08561773035704
Non-Free,0,Sims Int_150,-0.5,0.0,Correct,0.5,55.47099681874288
Non-Free,0,Sims Int_150,0.0,0.0,Error,-0.5,29.722203329489837
Non-Free,0,Sims Int_150,0.0,0.0,Correct,0.5,73.11675607327479
Non-Free,0,Sims Int_150,0.5,0.0,Error,-0.5,12.35878892862263
Non-Free,0,Sims Int_150,0.5,0.0,Correct,0.5,90.76251532780668
Non-Free,0,Sims Int_150,-0.5,1.0,Error,-0.5,45.85866671626012
Non-Free,0,Sims Int_150,-0.5,1.0,Correct,0.5,53.253571621575134
Non-Free,0,Sims Int_150,0.0,1.0,Error,-0.5,24.340074496405357
Non-Free,0,Sims Int_150,0.0,1.0,Correct,0.5,73.64694311207838
Non-Free,0,Sims Int_150,0.5,1.0,Error,-0.5,2.821482276550598
Non-Free,0,Sims Int_150,0.5,1.0,Correct,0.5,94.04031460258163
Free,1,Sims Int_151,-0.5,-1.0,Error,-0.5,55.8281359495445
Free,1,Sims Int_151,-0.5,-1.0,Correct,0.5,69.08310792205346
Free,1,Sims Int_151,0.0,-1.0,Error,-0.5,52.819113524877345
Free,1,Sims Int_151,0.0,-1.0,Correct,0.5,79.91282998906212
Free,1,Sims Int_151,0.5,-1.0,Error,-0.5,49.81009110021019
Free,1,Sims Int_151,0.5,-1.0,Correct,0.5,90.74255205607079
Free,1,Sims Int_151,-0.5,0.0,Error,-0.5,61.50437981779963
Free,1,Sims Int_151,-0.5,0.0,Correct,0.5,71.87234778654368
Free,1,Sims Int_151,0.0,0.0,Error,-0.5,56.42247722494744
Free,1,Sims Int_151,0.0,0.0,Correct,0.5,82.54239594134089
Free,1,Sims Int_151,0.5,0.0,Error,-0.5,51.340574632095255
Free,1,Sims Int_151,0.5,0.0,Correct,0.5,93.21244409613809
Free,1,Sims Int_151,-0.5,1.0,Error,-0.5,67.18062368605476
Free,1,Sims Int_151,-0.5,1.0,Correct,0.5,74.66158765103391
Free,1,Sims Int_151,0.0,1.0,Error,-0.5,60.02584092501754
Free,1,Sims Int_151,0.0,1.0,Correct,0.5,85.17196189361965
Free,1,Sims Int_151,0.5,1.0,Error,-0.5,52.87105816398032
Free,1,Sims Int_151,0.5,1.0,Correct,0.5,95.68233613620538
Non-Free,0,Sims Int_151,-0.5,-1.0,Error,-0.5,41.717028788701846
Non-Free,0,Sims Int_151,-0.5,-1.0,Correct,0.5,58.7121158388607
Non-Free,0,Sims Int_151,0.0,-1.0,Error,-0.5,26.22322734299923
Non-Free,0,Sims Int_151,0.0,-1.0,Correct,0.5,75.46815109328418
Non-Free,0,Sims Int_151,0.5,-1.0,Error,-0.5,10.729425897296615
Non-Free,0,Sims Int_151,0.5,-1.0,Correct,0.5,92.22418634770766
Non-Free,0,Sims Int_151,-0.5,0.0,Error,-0.5,40.1891739439268
Non-Free,0,Sims Int_151,-0.5,0.0,Correct,0.5,61.07825701805743
Non-Free,0,Sims Int_151,0.0,0.0,Error,-0.5,25.584707307901233
Non-Free,0,Sims Int_151,0.0,0.0,Correct,0.5,77.3800997806448
Non-Free,0,Sims Int_151,0.5,0.0,Error,-0.5,10.980240671875668
Non-Free,0,Sims Int_151,0.5,0.0,Correct,0.5,93.68194254323217
Non-Free,0,Sims Int_151,-0.5,1.0,Error,-0.5,38.66131909915175
Non-Free,0,Sims Int_151,-0.5,1.0,Correct,0.5,63.44439819725416
Non-Free,0,Sims Int_151,0.0,1.0,Error,-0.5,24.946187272803236
Non-Free,0,Sims Int_151,0.0,1.0,Correct,0.5,79.29204846800542
Non-Free,0,Sims Int_151,0.5,1.0,Error,-0.5,11.231055446454722
Non-Free,0,Sims Int_151,0.5,1.0,Correct,0.5,95.13969873875668
Free,1,Sims Int_152,-0.5,-1.0,Error,-0.5,67.51193189435581
Free,1,Sims Int_152,-0.5,-1.0,Correct,0.5,72.00487895286383
Free,1,Sims Int_152,0.0,-1.0,Error,-0.5,57.37551950663627
Free,1,Sims Int_152,0.0,-1.0,Correct,0.5,82.1765843096748
Free,1,Sims Int_152,0.5,-1.0,Error,-0.5,47.239107118916735
Free,1,Sims Int_152,0.5,-1.0,Correct,0.5,92.34828966648577
Free,1,Sims Int_152,-0.5,0.0,Error,-0.5,70.36700630111275
Free,1,Sims Int_152,-0.5,0.0,Correct,0.5,77.45081123918416
Free,1,Sims Int_152,0.0,0.0,Error,-0.5,67.45850650221206
Free,1,Sims Int_152,0.0,0.0,Correct,0.5,86.68189976627121
Free,1,Sims Int_152,0.5,0.0,Error,-0.5,64.55000670331137
Free,1,Sims Int_152,0.5,0.0,Correct,0.5,95.91298829335827
Free,1,Sims Int_152,-0.5,1.0,Error,-0.5,73.2220807078697
Free,1,Sims Int_152,-0.5,1.0,Correct,0.5,82.89674352550449
Free,1,Sims Int_152,0.0,1.0,Error,-0.5,77.54149349778785
Free,1,Sims Int_152,0.0,1.0,Correct,0.5,91.18721522286764
Free,1,Sims Int_152,0.5,1.0,Error,-0.5,81.860906287706
Free,1,Sims Int_152,0.5,1.0,Correct,0.5,99.47768692023078
Non-Free,0,Sims Int_152,-0.5,-1.0,Error,-0.5,48.617055797843506
Non-Free,0,Sims Int_152,-0.5,-1.0,Correct,0.5,60.21542704657905
Non-Free,0,Sims Int_152,0.0,-1.0,Error,-0.5,25.309235584502346
Non-Free,0,Sims Int_152,0.0,-1.0,Correct,0.5,77.28498406368014
Non-Free,0,Sims Int_152,0.5,-1.0,Error,-0.5,2.0014153711611886
Non-Free,0,Sims Int_152,0.5,-1.0,Correct,0.5,94.35454108078122
Non-Free,0,Sims Int_152,-0.5,0.0,Error,-0.5,44.91412839602776
Non-Free,0,Sims Int_152,-0.5,0.0,Correct,0.5,62.26587061673388
Non-Free,0,Sims Int_152,0.0,0.0,Error,-0.5,20.47478510523228
Non-Free,0,Sims Int_152,0.0,0.0,Correct,0.5,79.41551183554098
Non-Free,0,Sims Int_152,0.5,0.0,Error,-0.5,-3.9645581855632024
Non-Free,0,Sims Int_152,0.5,0.0,Correct,0.5,96.56515305434809
Non-Free,0,Sims Int_152,-0.5,1.0,Error,-0.5,41.21120099421202
Non-Free,0,Sims Int_152,-0.5,1.0,Correct,0.5,64.3163141868887
Non-Free,0,Sims Int_152,0.0,1.0,Error,-0.5,15.640334625962213
Non-Free,0,Sims Int_152,0.0,1.0,Correct,0.5,81.54603960740182
Non-Free,0,Sims Int_152,0.5,1.0,Error,-0.5,-9.930531742287593
Non-Free,0,Sims Int_152,0.5,1.0,Correct,0.5,98.77576502791494
Free,1,Sims Int_153,-0.5,-1.0,Error,-0.5,68.29496402877693
Free,1,Sims Int_153,-0.5,-1.0,Correct,0.5,80.04100765079397
Free,1,Sims Int_153,0.0,-1.0,Error,-0.5,46.901678657074186
Free,1,Sims Int_153,0.0,-1.0,Correct,0.5,88.50610298366136
Free,1,Sims Int_153,0.5,-1.0,Error,-0.5,25.508393285371444
Free,1,Sims Int_153,0.5,-1.0,Correct,0.5,96.97119831652876
Free,1,Sims Int_153,-0.5,0.0,Error,-0.5,72.16786570743398
Free,1,Sims Int_153,-0.5,0.0,Correct,0.5,81.15032091341475
Free,1,Sims Int_153,0.0,0.0,Error,-0.5,49.99999999999982
Free,1,Sims Int_153,0.0,0.0,Correct,0.5,89.76301998927057
Free,1,Sims Int_153,0.5,0.0,Error,-0.5,27.832134292565677
Free,1,Sims Int_153,0.5,0.0,Correct,0.5,98.3757190651264
Free,1,Sims Int_153,-0.5,1.0,Error,-0.5,76.04076738609102
Free,1,Sims Int_153,-0.5,1.0,Correct,0.5,82.25963417603552
Free,1,Sims Int_153,0.0,1.0,Error,-0.5,53.09832134292546
Free,1,Sims Int_153,0.0,1.0,Correct,0.5,91.01993699487979
Free,1,Sims Int_153,0.5,1.0,Error,-0.5,30.15587529975991
Free,1,Sims Int_153,0.5,1.0,Correct,0.5,99.78023981372405
Non-Free,0,Sims Int_153,-0.5,-1.0,Error,-0.5,40.05550089948289
Non-Free,0,Sims Int_153,-0.5,-1.0,Correct,0.5,67.73092162919076
Non-Free,0,Sims Int_153,0.0,-1.0,Error,-0.5,21.387114908927444
Non-Free,0,Sims Int_153,0.0,-1.0,Correct,0.5,82.18535381722452
Non-Free,0,Sims Int_153,0.5,-1.0,Error,-0.5,2.718728918372003
Non-Free,0,Sims Int_153,0.5,-1.0,Correct,0.5,96.6397860052583
Non-Free,0,Sims Int_153,-0.5,0.0,Error,-0.5,37.185862660220394
Non-Free,0,Sims Int_153,-0.5,0.0,Correct,0.5,71.5174929712586
Non-Free,0,Sims Int_153,0.0,0.0,Error,-0.5,19.701709017315096
Non-Free,0,Sims Int_153,0.0,0.0,Correct,0.5,84.94376778843838
Non-Free,0,Sims Int_153,0.5,0.0,Error,-0.5,2.217555374409798
Non-Free,0,Sims Int_153,0.5,0.0,Correct,0.5,98.37004260561815
Non-Free,0,Sims Int_153,-0.5,1.0,Error,-0.5,34.3162244209579
Non-Free,0,Sims Int_153,-0.5,1.0,Correct,0.5,75.30406431332645
Non-Free,0,Sims Int_153,0.0,1.0,Error,-0.5,18.01630312570275
Non-Free,0,Sims Int_153,0.0,1.0,Correct,0.5,87.70218175965223
Non-Free,0,Sims Int_153,0.5,1.0,Error,-0.5,1.716381830447594
Non-Free,0,Sims Int_153,0.5,1.0,Correct,0.5,100.100299205978
Free,1,Sims Int_154,-0.5,-1.0,Error,-0.5,62.43148003132339
Free,1,Sims Int_154,-0.5,-1.0,Correct,0.5,77.34387948628637
Free,1,Sims Int_154,0.0,-1.0,Error,-0.5,50.17560689115112
Free,1,Sims Int_154,0.0,-1.0,Correct,0.5,85.50665095231842
Free,1,Sims Int_154,0.5,-1.0,Error,-0.5,37.91973375097886
Free,1,Sims Int_154,0.5,-1.0,Correct,0.5,93.66942241835049
Free,1,Sims Int_154,-0.5,0.0,Error,-0.5,72.65700861393896
Free,1,Sims Int_154,-0.5,0.0,Correct,0.5,78.6019880088653
Free,1,Sims Int_154,0.0,0.0,Error,-0.5,63.46280344557557
Free,1,Sims Int_154,0.0,0.0,Correct,0.5,87.03902414767336
Free,1,Sims Int_154,0.5,0.0,Error,-0.5,54.268598277212185
Free,1,Sims Int_154,0.5,0.0,Correct,0.5,95.47606028648141
Free,1,Sims Int_154,-0.5,1.0,Error,-0.5,82.88253719655452
Free,1,Sims Int_154,-0.5,1.0,Correct,0.5,79.86009653144424
Free,1,Sims Int_154,0.0,1.0,Error,-0.5,76.75000000000001
Free,1,Sims Int_154,0.0,1.0,Correct,0.5,88.5713973430283
Free,1,Sims Int_154,0.5,1.0,Error,-0.5,70.6174628034455
Free,1,Sims Int_154,0.5,1.0,Correct,0.5,97.28269815461233
Non-Free,0,Sims Int_154,-0.5,-1.0,Error,-0.5,48.251129187385104
Non-Free,0,Sims Int_154,-0.5,-1.0,Correct,0.5,64.2712103849923
Non-Free,0,Sims Int_154,0.0,-1.0,Error,-0.5,25.667042337787457
Non-Free,0,Sims Int_154,0.0,-1.0,Correct,0.5,79.05475527041503
Non-Free,0,Sims Int_154,0.5,-1.0,Error,-0.5,3.0829554881898176
Non-Free,0,Sims Int_154,0.5,-1.0,Correct,0.5,93.83830015583776
Non-Free,0,Sims Int_154,-0.5,0.0,Error,-0.5,42.04674322704972
Non-Free,0,Sims Int_154,-0.5,0.0,Correct,0.5,61.379364648399175
Non-Free,0,Sims Int_154,0.0,0.0,Error,-0.5,22.289520688869533
Non-Free,0,Sims Int_154,0.0,0.0,Correct,0.5,78.25269205737544
Non-Free,0,Sims Int_154,0.5,0.0,Error,-0.5,2.5322981506893534
Non-Free,0,Sims Int_154,0.5,0.0,Correct,0.5,95.1260194663517
Non-Free,0,Sims Int_154,-0.5,1.0,Error,-0.5,35.84235726671433
Non-Free,0,Sims Int_154,-0.5,1.0,Correct,0.5,58.48751891180605
Non-Free,0,Sims Int_154,0.0,1.0,Error,-0.5,18.91199903995161
Non-Free,0,Sims Int_154,0.0,1.0,Correct,0.5,77.45062884433585
Non-Free,0,Sims Int_154,0.5,1.0,Error,-0.5,1.9816408131888892
Non-Free,0,Sims Int_154,0.5,1.0,Correct,0.5,96.41373877686566
Free,1,Sims Int_155,-0.5,-1.0,Error,-0.5,50.716005007875296
Free,1,Sims Int_155,-0.5,-1.0,Correct,0.5,54.49341938312504
Free,1,Sims Int_155,0.0,-1.0,Error,-0.5,47.560639715681894
Free,1,Sims Int_155,0.0,-1.0,Correct,0.5,64.50581463514195
Free,1,Sims Int_155,0.5,-1.0,Error,-0.5,44.40527442348849
Free,1,Sims Int_155,0.5,-1.0,Correct,0.5,74.51820988715886
Free,1,Sims Int_155,-0.5,0.0,Error,-0.5,54.113444529703976
Free,1,Sims Int_155,-0.5,0.0,Correct,0.5,54.796834703137655
Free,1,Sims Int_155,0.0,0.0,Error,-0.5,51.37872056863614
Free,1,Sims Int_155,0.0,0.0,Correct,0.5,65.63735032155282
Free,1,Sims Int_155,0.5,0.0,Error,-0.5,48.643996607568305
Free,1,Sims Int_155,0.5,0.0,Correct,0.5,76.47786593996797
Free,1,Sims Int_155,-0.5,1.0,Error,-0.5,57.510884051532656
Free,1,Sims Int_155,-0.5,1.0,Correct,0.5,55.100250023150274
Free,1,Sims Int_155,0.0,1.0,Error,-0.5,55.196801421590386
Free,1,Sims Int_155,0.0,1.0,Correct,0.5,66.76888600796369
Free,1,Sims Int_155,0.5,1.0,Error,-0.5,52.88271879164812
Free,1,Sims Int_155,0.5,1.0,Correct,0.5,78.43752199277709
Non-Free,0,Sims Int_155,-0.5,-1.0,Error,-0.5,44.11471062347256
Non-Free,0,Sims Int_155,-0.5,-1.0,Correct,0.5,50.03284237991501
Non-Free,0,Sims Int_155,0.0,-1.0,Error,-0.5,37.268857573709155
Non-Free,0,Sims Int_155,0.0,-1.0,Correct,0.5,62.74535123272526
Non-Free,0,Sims Int_155,0.5,-1.0,Error,-0.5,30.42300452394575
Non-Free,0,Sims Int_155,0.5,-1.0,Correct,0.5,75.45786008553551
Non-Free,0,Sims Int_155,-0.5,0.0,Error,-0.5,44.56803078363065
Non-Free,0,Sims Int_155,-0.5,0.0,Correct,0.5,51.39548521466419
Non-Free,0,Sims Int_155,0.0,0.0,Error,-0.5,39.04812022255736
Non-Free,0,Sims Int_155,0.0,0.0,Correct,0.5,63.98125758572239
Non-Free,0,Sims Int_155,0.5,0.0,Error,-0.5,33.52820966148407
Non-Free,0,Sims Int_155,0.5,0.0,Correct,0.5,76.56702995678059
Non-Free,0,Sims Int_155,-0.5,1.0,Error,-0.5,45.02135094378873
Non-Free,0,Sims Int_155,-0.5,1.0,Correct,0.5,52.75812804941337
Non-Free,0,Sims Int_155,0.0,1.0,Error,-0.5,40.82738287140556
Non-Free,0,Sims Int_155,0.0,1.0,Correct,0.5,65.21716393871952
Non-Free,0,Sims Int_155,0.5,1.0,Error,-0.5,36.63341479902239
Non-Free,0,Sims Int_155,0.5,1.0,Correct,0.5,77.67619982802567
Free,1,Sims Int_156,-0.5,-1.0,Error,-0.5,56.8912573358698
Free,1,Sims Int_156,-0.5,-1.0,Correct,0.5,59.74378232194883
Free,1,Sims Int_156,0.0,-1.0,Error,-0.5,56.207878907305954
Free,1,Sims Int_156,0.0,-1.0,Correct,0.5,61.57642049611657
Free,1,Sims Int_156,0.5,-1.0,Error,-0.5,55.5245004787421
Free,1,Sims Int_156,0.5,-1.0,Correct,0.5,63.4090586702843
Free,1,Sims Int_156,-0.5,0.0,Error,-0.5,61.68102135012848
Free,1,Sims Int_156,-0.5,0.0,Correct,0.5,61.47164118466148
Free,1,Sims Int_156,0.0,0.0,Error,-0.5,60.13556043139842
Free,1,Sims Int_156,0.0,0.0,Correct,0.5,64.47727184494752
Free,1,Sims Int_156,0.5,0.0,Error,-0.5,58.59009951266835
Free,1,Sims Int_156,0.5,0.0,Correct,0.5,67.48290250523357
Free,1,Sims Int_156,-0.5,1.0,Error,-0.5,66.47078536438715
Free,1,Sims Int_156,-0.5,1.0,Correct,0.5,63.19950004737413
Free,1,Sims Int_156,0.0,1.0,Error,-0.5,64.06324195549088
Free,1,Sims Int_156,0.0,1.0,Correct,0.5,67.37812319377848
Free,1,Sims Int_156,0.5,1.0,Error,-0.5,61.65569854659461
Free,1,Sims Int_156,0.5,1.0,Correct,0.5,71.55674634018283
Non-Free,0,Sims Int_156,-0.5,-1.0,Error,-0.5,47.9601501812532
Non-Free,0,Sims Int_156,-0.5,-1.0,Correct,0.5,48.299600333523294
Non-Free,0,Sims Int_156,0.0,-1.0,Error,-0.5,55.15483054260885
Non-Free,0,Sims Int_156,0.0,-1.0,Correct,0.5,53.23074558920601
Non-Free,0,Sims Int_156,0.5,-1.0,Error,-0.5,62.3495109039645
Non-Free,0,Sims Int_156,0.5,-1.0,Correct,0.5,58.16189084488873
Non-Free,0,Sims Int_156,-0.5,0.0,Error,-0.5,46.71561079463718
Non-Free,0,Sims Int_156,-0.5,0.0,Correct,0.5,51.61969211120661
Non-Free,0,Sims Int_156,0.0,0.0,Error,-0.5,46.217380171471284
Non-Free,0,Sims Int_156,0.0,0.0,Correct,0.5,55.893445430606135
Non-Free,0,Sims Int_156,0.5,0.0,Error,-0.5,45.71914954830539
Non-Free,0,Sims Int_156,0.5,0.0,Correct,0.5,60.16719875000566
Non-Free,0,Sims Int_156,-0.5,1.0,Error,-0.5,45.47107140802116
Non-Free,0,Sims Int_156,-0.5,1.0,Correct,0.5,54.93978388888993
Non-Free,0,Sims Int_156,0.0,1.0,Error,-0.5,37.27992980033372
Non-Free,0,Sims Int_156,0.0,1.0,Correct,0.5,58.55614527200626
Non-Free,0,Sims Int_156,0.5,1.0,Error,-0.5,29.088788192646277
Non-Free,0,Sims Int_156,0.5,1.0,Correct,0.5,62.17250665512259
Free,1,Sims Int_157,-0.5,-1.0,Error,-0.5,59.35714285714256
Free,1,Sims Int_157,-0.5,-1.0,Correct,0.5,72.59740278375656
Free,1,Sims Int_157,0.0,-1.0,Error,-0.5,51.24285714285794
Free,1,Sims Int_157,0.0,-1.0,Correct,0.5,86.74871574113939
Free,1,Sims Int_157,0.5,-1.0,Error,-0.5,43.128571428573316
Free,1,Sims Int_157,0.5,-1.0,Correct,0.5,100.90002869852223
Free,1,Sims Int_157,-0.5,0.0,Error,-0.5,65.10285714285679
Free,1,Sims Int_157,-0.5,0.0,Correct,0.5,82.66659747713886
Free,1,Sims Int_157,0.0,0.0,Error,-0.5,53.96085714285737
Free,1,Sims Int_157,0.0,0.0,Correct,0.5,91.643713569183
Free,1,Sims Int_157,0.5,0.0,Error,-0.5,42.81885714285795
Free,1,Sims Int_157,0.5,0.0,Correct,0.5,100.62082966122715
Free,1,Sims Int_157,-0.5,1.0,Error,-0.5,70.84857142857102
Free,1,Sims Int_157,-0.5,1.0,Correct,0.5,92.73579217052117
Free,1,Sims Int_157,0.0,1.0,Error,-0.5,56.6788571428568
Free,1,Sims Int_157,0.0,1.0,Correct,0.5,96.53871139722662
Free,1,Sims Int_157,0.5,1.0,Error,-0.5,42.50914285714258
Free,1,Sims Int_157,0.5,1.0,Correct,0.5,100.34163062393206
Non-Free,0,Sims Int_157,-0.5,-1.0,Error,-0.5,30.339145811881647
Non-Free,0,Sims Int_157,-0.5,-1.0,Correct,0.5,75.55750277010175
Non-Free,0,Sims Int_157,0.0,-1.0,Error,-0.5,15.73456596678159
Non-Free,0,Sims Int_157,0.0,-1.0,Correct,0.5,85.59652865963982
Non-Free,0,Sims Int_157,0.5,-1.0,Error,-0.5,1.129986121681534
Non-Free,0,Sims Int_157,0.5,-1.0,Correct,0.5,95.6355545491779
Non-Free,0,Sims Int_157,-0.5,0.0,Error,-0.5,31.17875920868716
Non-Free,0,Sims Int_157,-0.5,0.0,Correct,0.5,78.71926632230567
Non-Free,0,Sims Int_157,0.0,0.0,Error,-0.5,14.954756184308042
Non-Free,0,Sims Int_157,0.0,0.0,Correct,0.5,88.07355060679602
Non-Free,0,Sims Int_157,0.5,0.0,Error,-0.5,-1.2692468400710766
Non-Free,0,Sims Int_157,0.5,0.0,Correct,0.5,97.42783489128637
Non-Free,0,Sims Int_157,-0.5,1.0,Error,-0.5,32.01837260549268
Non-Free,0,Sims Int_157,-0.5,1.0,Correct,0.5,81.8810298745096
Non-Free,0,Sims Int_157,0.0,1.0,Error,-0.5,14.174946401834495
Non-Free,0,Sims Int_157,0.0,1.0,Correct,0.5,90.55057255395222
Non-Free,0,Sims Int_157,0.5,1.0,Error,-0.5,-3.6684798018236866
Non-Free,0,Sims Int_157,0.5,1.0,Correct,0.5,99.22011523339484
Free,1,Sims Int_158,-0.5,-1.0,Error,-0.5,63.98225886232477
Free,1,Sims Int_158,-0.5,-1.0,Correct,0.5,70.59306512210402
Free,1,Sims Int_158,0.0,-1.0,Error,-0.5,62.63516075845011
Free,1,Sims Int_158,0.0,-1.0,Correct,0.5,76.80745539570306
Free,1,Sims Int_158,0.5,-1.0,Error,-0.5,61.288062654575455
Free,1,Sims Int_158,0.5,-1.0,Correct,0.5,83.0218456693021
Free,1,Sims Int_158,-0.5,0.0,Error,-0.5,66.71130667765863
Free,1,Sims Int_158,-0.5,0.0,Correct,0.5,75.3023270575928
Free,1,Sims Int_158,0.0,0.0,Error,-0.5,65.88132728771637
Free,1,Sims Int_158,0.0,0.0,Correct,0.5,81.61642478783905
Free,1,Sims Int_158,0.5,0.0,Error,-0.5,65.05134789777412
Free,1,Sims Int_158,0.5,0.0,Correct,0.5,87.9305225180853
Free,1,Sims Int_158,-0.5,1.0,Error,-0.5,69.44035449299248
Free,1,Sims Int_158,-0.5,1.0,Correct,0.5,80.01158899308159
Free,1,Sims Int_158,0.0,1.0,Error,-0.5,69.12749381698264
Free,1,Sims Int_158,0.0,1.0,Correct,0.5,86.42539417997504
Free,1,Sims Int_158,0.5,1.0,Error,-0.5,68.81463314097279
Free,1,Sims Int_158,0.5,1.0,Correct,0.5,92.8391993668685
Non-Free,0,Sims Int_158,-0.5,-1.0,Error,-0.5,45.10285491697401
Non-Free,0,Sims Int_158,-0.5,-1.0,Correct,0.5,57.518505364363236
Non-Free,0,Sims Int_158,0.0,-1.0,Error,-0.5,37.98842792568348
Non-Free,0,Sims Int_158,0.0,-1.0,Correct,0.5,70.69548212983688
Non-Free,0,Sims Int_158,0.5,-1.0,Error,-0.5,30.874000934392964
Non-Free,0,Sims Int_158,0.5,-1.0,Correct,0.5,83.87245889531052
Non-Free,0,Sims Int_158,-0.5,0.0,Error,-0.5,47.3252989878206
Non-Free,0,Sims Int_158,-0.5,0.0,Correct,0.5,59.986812536101795
Non-Free,0,Sims Int_158,0.0,0.0,Error,-0.5,37.14514814668774
Non-Free,0,Sims Int_158,0.0,0.0,Correct,0.5,69.98752020908239
Non-Free,0,Sims Int_158,0.5,0.0,Error,-0.5,26.964997305554878
Non-Free,0,Sims Int_158,0.5,0.0,Correct,0.5,79.98822788206299
Non-Free,0,Sims Int_158,-0.5,1.0,Error,-0.5,49.547743058667194
Non-Free,0,Sims Int_158,-0.5,1.0,Correct,0.5,62.45511970784035
Non-Free,0,Sims Int_158,0.0,1.0,Error,-0.5,36.301868367691995
Non-Free,0,Sims Int_158,0.0,1.0,Correct,0.5,69.2795582883279
Non-Free,0,Sims Int_158,0.5,1.0,Error,-0.5,23.055993676716795
Non-Free,0,Sims Int_158,0.5,1.0,Correct,0.5,76.10399686881546
Free,1,Sims Int_159,-0.5,-1.0,Error,-0.5,59.945723860330915
Free,1,Sims Int_159,-0.5,-1.0,Correct,0.5,65.09106499409094
Free,1,Sims Int_159,0.0,-1.0,Error,-0.5,68.18275693789812
Free,1,Sims Int_159,0.0,-1.0,Correct,0.5,76.55784811503472
Free,1,Sims Int_159,0.5,-1.0,Error,-0.5,76.41979001546531
Free,1,Sims Int_159,0.5,-1.0,Correct,0.5,88.02463123597849
Free,1,Sims Int_159,-0.5,0.0,Error,-0.5,70.31685686750535
Free,1,Sims Int_159,-0.5,0.0,Correct,0.5,71.48261364297825
Free,1,Sims Int_159,0.0,0.0,Error,-0.5,71.29224749456252
Free,1,Sims Int_159,0.0,0.0,Correct,0.5,80.50807663000785
Free,1,Sims Int_159,0.5,0.0,Error,-0.5,72.26763812161968
Free,1,Sims Int_159,0.5,0.0,Correct,0.5,89.53353961703745
Free,1,Sims Int_159,-0.5,1.0,Error,-0.5,80.68798987467979
Free,1,Sims Int_159,-0.5,1.0,Correct,0.5,77.87416229186556
Free,1,Sims Int_159,0.0,1.0,Error,-0.5,74.40173805122691
Free,1,Sims Int_159,0.0,1.0,Correct,0.5,84.45830514498098
Free,1,Sims Int_159,0.5,1.0,Error,-0.5,68.11548622777404
Free,1,Sims Int_159,0.5,1.0,Correct,0.5,91.0424479980964
Non-Free,0,Sims Int_159,-0.5,-1.0,Error,-0.5,42.89831707632764
Non-Free,0,Sims Int_159,-0.5,-1.0,Correct,0.5,51.404472245342696
Non-Free,0,Sims Int_159,0.0,-1.0,Error,-0.5,33.004560330959755
Non-Free,0,Sims Int_159,0.0,-1.0,Correct,0.5,64.22896978179332
Non-Free,0,Sims Int_159,0.5,-1.0,Error,-0.5,23.110803585591853
Non-Free,0,Sims Int_159,0.5,-1.0,Correct,0.5,77.05346731824397
Non-Free,0,Sims Int_159,-0.5,0.0,Error,-0.5,45.28811540381703
Non-Free,0,Sims Int_159,-0.5,0.0,Correct,0.5,51.0197052039985
Non-Free,0,Sims Int_159,0.0,0.0,Error,-0.5,35.327906383782135
Non-Free,0,Sims Int_159,0.0,0.0,Correct,0.5,66.13680766665809
Non-Free,0,Sims Int_159,0.5,0.0,Error,-0.5,25.367697363747236
Non-Free,0,Sims Int_159,0.5,0.0,Correct,0.5,81.25391012931767
Non-Free,0,Sims Int_159,-0.5,1.0,Error,-0.5,47.67791373130642
Non-Free,0,Sims Int_159,-0.5,1.0,Correct,0.5,50.6349381626543
Non-Free,0,Sims Int_159,0.0,1.0,Error,-0.5,37.651252436604516
Non-Free,0,Sims Int_159,0.0,1.0,Correct,0.5,68.04464555152285
Non-Free,0,Sims Int_159,0.5,1.0,Error,-0.5,27.624591141902616
Non-Free,0,Sims Int_159,0.5,1.0,Correct,0.5,85.45435294039139
Free,1,Sims Int_16,-0.5,-1.0,Error,-0.5,58.93209959368188
Free,1,Sims Int_16,-0.5,-1.0,Correct,0.5,69.02749730022576
Free,1,Sims Int_16,0.0,-1.0,Error,-0.5,49.069624828513014
Free,1,Sims Int_16,0.0,-1.0,Correct,0.5,81.24525366917787
Free,1,Sims Int_16,0.5,-1.0,Error,-0.5,39.20715006334416
Free,1,Sims Int_16,0.5,-1.0,Correct,0.5,93.46301003812998
Free,1,Sims Int_16,-0.5,0.0,Error,-0.5,71.13453772810702
Free,1,Sims Int_16,-0.5,0.0,Correct,0.5,71.5622262658711
Free,1,Sims Int_16,0.0,0.0,Error,-0.5,58.46647748941186
Free,1,Sims Int_16,0.0,0.0,Correct,0.5,82.5685244388975
Free,1,Sims Int_16,0.5,0.0,Error,-0.5,45.798417250716696
Free,1,Sims Int_16,0.5,0.0,Correct,0.5,93.57482261192389
Free,1,Sims Int_16,-0.5,1.0,Error,-0.5,83.33697586253216
Free,1,Sims Int_16,-0.5,1.0,Correct,0.5,74.09695523151645
Free,1,Sims Int_16,0.0,1.0,Error,-0.5,67.8633301503107
Free,1,Sims Int_16,0.0,1.0,Correct,0.5,83.89179520861713
Free,1,Sims Int_16,0.5,1.0,Error,-0.5,52.38968443808924
Free,1,Sims Int_16,0.5,1.0,Correct,0.5,93.6866351857178
Non-Free,0,Sims Int_16,-0.5,-1.0,Error,-0.5,48.09673924439938
Non-Free,0,Sims Int_16,-0.5,-1.0,Correct,0.5,65.63762698594519
Non-Free,0,Sims Int_16,0.0,-1.0,Error,-0.5,45.05312270646208
Non-Free,0,Sims Int_16,0.0,-1.0,Correct,0.5,73.5397623980974
Non-Free,0,Sims Int_16,0.5,-1.0,Error,-0.5,42.009506168524766
Non-Free,0,Sims Int_16,0.5,-1.0,Correct,0.5,81.4418978102496
Non-Free,0,Sims Int_16,-0.5,0.0,Error,-0.5,48.39017229930449
Non-Free,0,Sims Int_16,-0.5,0.0,Correct,0.5,60.55370812395339
Non-Free,0,Sims Int_16,0.0,0.0,Error,-0.5,40.2619438716667
Non-Free,0,Sims Int_16,0.0,0.0,Correct,0.5,70.77703578227407
Non-Free,0,Sims Int_16,0.5,0.0,Error,-0.5,32.133715444028915
Non-Free,0,Sims Int_16,0.5,0.0,Correct,0.5,81.00036344059475
Non-Free,0,Sims Int_16,-0.5,1.0,Error,-0.5,48.6836053542096
Non-Free,0,Sims Int_16,-0.5,1.0,Correct,0.5,55.469789261961594
Non-Free,0,Sims Int_16,0.0,1.0,Error,-0.5,35.47076503687133
Non-Free,0,Sims Int_16,0.0,1.0,Correct,0.5,68.01430916645074
Non-Free,0,Sims Int_16,0.5,1.0,Error,-0.5,22.257924719533058
Non-Free,0,Sims Int_16,0.5,1.0,Correct,0.5,80.5588290709399
Free,1,Sims Int_160,-0.5,-1.0,Error,-0.5,67.46926612160522
Free,1,Sims Int_160,-0.5,-1.0,Correct,0.5,72.85313112032725
Free,1,Sims Int_160,0.0,-1.0,Error,-0.5,64.3776351605043
Free,1,Sims Int_160,0.0,-1.0,Correct,0.5,79.6397906984524
Free,1,Sims Int_160,0.5,-1.0,Error,-0.5,61.286004199403365
Free,1,Sims Int_160,0.5,-1.0,Correct,0.5,86.42645027657754
Free,1,Sims Int_160,-0.5,0.0,Error,-0.5,74.32603365805332
Free,1,Sims Int_160,-0.5,0.0,Correct,0.5,74.12353791070434
Free,1,Sims Int_160,0.0,0.0,Error,-0.5,73.11539084817281
Free,1,Sims Int_160,0.0,0.0,Correct,0.5,81.54220219911515
Free,1,Sims Int_160,0.5,0.0,Error,-0.5,71.9047480382923
Free,1,Sims Int_160,0.5,0.0,Correct,0.5,88.96086648752596
Free,1,Sims Int_160,-0.5,1.0,Error,-0.5,81.18280119450142
Free,1,Sims Int_160,-0.5,1.0,Correct,0.5,75.39394470108144
Free,1,Sims Int_160,0.0,1.0,Error,-0.5,81.85314653584132
Free,1,Sims Int_160,0.0,1.0,Correct,0.5,83.4446136997779
Free,1,Sims Int_160,0.5,1.0,Error,-0.5,82.52349187718123
Free,1,Sims Int_160,0.5,1.0,Correct,0.5,91.49528269847438
Non-Free,0,Sims Int_160,-0.5,-1.0,Error,-0.5,44.80411377939602
Non-Free,0,Sims Int_160,-0.5,-1.0,Correct,0.5,47.486331856689155
Non-Free,0,Sims Int_160,0.0,-1.0,Error,-0.5,39.16035331225279
Non-Free,0,Sims Int_160,0.0,-1.0,Correct,0.5,64.91911251074625
Non-Free,0,Sims Int_160,0.5,-1.0,Error,-0.5,33.51659284510956
Non-Free,0,Sims Int_160,0.5,-1.0,Correct,0.5,82.35189316480334
Non-Free,0,Sims Int_160,-0.5,0.0,Error,-0.5,45.673463406024545
Non-Free,0,Sims Int_160,-0.5,0.0,Correct,0.5,45.150115981284664
Non-Free,0,Sims Int_160,0.0,0.0,Error,-0.5,36.74802704575947
Non-Free,0,Sims Int_160,0.0,0.0,Correct,0.5,63.17958539839234
Non-Free,0,Sims Int_160,0.5,0.0,Error,-0.5,27.822590685494397
Non-Free,0,Sims Int_160,0.5,0.0,Correct,0.5,81.20905481550002
Non-Free,0,Sims Int_160,-0.5,1.0,Error,-0.5,46.54281303265307
Non-Free,0,Sims Int_160,-0.5,1.0,Correct,0.5,42.81390010588017
Non-Free,0,Sims Int_160,0.0,1.0,Error,-0.5,34.335700779266155
Non-Free,0,Sims Int_160,0.0,1.0,Correct,0.5,61.440058286038436
Non-Free,0,Sims Int_160,0.5,1.0,Error,-0.5,22.128588525879238
Non-Free,0,Sims Int_160,0.5,1.0,Correct,0.5,80.0662164661967
Free,1,Sims Int_161,-0.5,-1.0,Error,-0.5,78.95693131185391
Free,1,Sims Int_161,-0.5,-1.0,Correct,0.5,69.68909977364335
Free,1,Sims Int_161,0.0,-1.0,Error,-0.5,71.93085305060072
Free,1,Sims Int_161,0.0,-1.0,Correct,0.5,77.69107106052327
Free,1,Sims Int_161,0.5,-1.0,Error,-0.5,64.90477478934754
Free,1,Sims Int_161,0.5,-1.0,Correct,0.5,85.6930423474032
Free,1,Sims Int_161,-0.5,0.0,Error,-0.5,78.23890122494595
Free,1,Sims Int_161,-0.5,0.0,Correct,0.5,72.87667580610545
Free,1,Sims Int_161,0.0,0.0,Error,-0.5,73.23667338205667
Free,1,Sims Int_161,0.0,0.0,Correct,0.5,81.29222681745713
Free,1,Sims Int_161,0.5,0.0,Error,-0.5,68.23444553916738
Free,1,Sims Int_161,0.5,0.0,Correct,0.5,89.70777782880882
Free,1,Sims Int_161,-0.5,1.0,Error,-0.5,77.52087113803799
Free,1,Sims Int_161,-0.5,1.0,Correct,0.5,76.06425183856756
Free,1,Sims Int_161,0.0,1.0,Error,-0.5,74.54249371351261
Free,1,Sims Int_161,0.0,1.0,Correct,0.5,84.893382574391
Free,1,Sims Int_161,0.5,1.0,Error,-0.5,71.56411628898722
Free,1,Sims Int_161,0.5,1.0,Correct,0.5,93.72251331021444
Non-Free,0,Sims Int_161,-0.5,-1.0,Error,-0.5,48.15787490580252
Non-Free,0,Sims Int_161,-0.5,-1.0,Correct,0.5,46.60533768640299
Non-Free,0,Sims Int_161,0.0,-1.0,Error,-0.5,27.164694800301504
Non-Free,0,Sims Int_161,0.0,-1.0,Correct,0.5,68.52061176983256
Non-Free,0,Sims Int_161,0.5,-1.0,Error,-0.5,6.171514694800486
Non-Free,0,Sims Int_161,0.5,-1.0,Correct,0.5,90.43588585326214
Non-Free,0,Sims Int_161,-0.5,0.0,Error,-0.5,49.21672946495853
Non-Free,0,Sims Int_161,-0.5,0.0,Correct,0.5,47.21431842299262
Non-Free,0,Sims Int_161,0.0,0.0,Error,-0.5,30.874265259984938
Non-Free,0,Sims Int_161,0.0,0.0,Correct,0.5,66.96061866609975
Non-Free,0,Sims Int_161,0.5,0.0,Error,-0.5,12.531801055011343
Non-Free,0,Sims Int_161,0.5,0.0,Correct,0.5,86.70691890920688
Non-Free,0,Sims Int_161,-0.5,1.0,Error,-0.5,50.27558402411454
Non-Free,0,Sims Int_161,-0.5,1.0,Correct,0.5,47.82329915958225
Non-Free,0,Sims Int_161,0.0,1.0,Error,-0.5,34.58383571966837
Non-Free,0,Sims Int_161,0.0,1.0,Correct,0.5,65.40062556236694
Non-Free,0,Sims Int_161,0.5,1.0,Error,-0.5,18.8920874152222
Non-Free,0,Sims Int_161,0.5,1.0,Correct,0.5,82.97795196515163
Free,1,Sims Int_162,-0.5,-1.0,Error,-0.5,62.268145161290384
Free,1,Sims Int_162,-0.5,-1.0,Correct,0.5,70.80992527603105
Free,1,Sims Int_162,0.0,-1.0,Error,-0.5,50.500000000000085
Free,1,Sims Int_162,0.0,-1.0,Correct,0.5,80.05221729233871
Free,1,Sims Int_162,0.5,-1.0,Error,-0.5,38.73185483870977
Free,1,Sims Int_162,0.5,-1.0,Correct,0.5,89.29450930864637
Free,1,Sims Int_162,-0.5,0.0,Error,-0.5,65.58064516129036
Free,1,Sims Int_162,-0.5,0.0,Correct,0.5,74.57738946345573
Free,1,Sims Int_162,0.0,0.0,Error,-0.5,57.50000000000007
Free,1,Sims Int_162,0.0,0.0,Correct,0.5,83.5674984563353
Free,1,Sims Int_162,0.5,0.0,Error,-0.5,49.41935483870977
Free,1,Sims Int_162,0.5,0.0,Correct,0.5,92.55760744921487
Free,1,Sims Int_162,-0.5,1.0,Error,-0.5,68.89314516129033
Free,1,Sims Int_162,-0.5,1.0,Correct,0.5,78.34485365088041
Free,1,Sims Int_162,0.0,1.0,Error,-0.5,64.50000000000006
Free,1,Sims Int_162,0.0,1.0,Correct,0.5,87.08277962033189
Free,1,Sims Int_162,0.5,1.0,Error,-0.5,60.106854838709765
Free,1,Sims Int_162,0.5,1.0,Correct,0.5,95.82070558978337
Non-Free,0,Sims Int_162,-0.5,-1.0,Error,-0.5,34.08890644502137
Non-Free,0,Sims Int_162,-0.5,-1.0,Correct,0.5,52.156600311206844
Non-Free,0,Sims Int_162,0.0,-1.0,Error,-0.5,21.843325922878385
Non-Free,0,Sims Int_162,0.0,-1.0,Correct,0.5,72.7782160230976
Non-Free,0,Sims Int_162,0.5,-1.0,Error,-0.5,9.597745400735402
Non-Free,0,Sims Int_162,0.5,-1.0,Correct,0.5,93.39983173498835
Non-Free,0,Sims Int_162,-0.5,0.0,Error,-0.5,38.307065978404786
Non-Free,0,Sims Int_162,-0.5,0.0,Correct,0.5,59.00081329445583
Non-Free,0,Sims Int_162,0.0,0.0,Error,-0.5,22.787011074193323
Non-Free,0,Sims Int_162,0.0,0.0,Correct,0.5,76.21036371870545
Non-Free,0,Sims Int_162,0.5,0.0,Error,-0.5,7.26695616998186
Non-Free,0,Sims Int_162,0.5,0.0,Correct,0.5,93.41991414295507
Non-Free,0,Sims Int_162,-0.5,1.0,Error,-0.5,42.5252255117882
Non-Free,0,Sims Int_162,-0.5,1.0,Correct,0.5,65.84502627770482
Non-Free,0,Sims Int_162,0.0,1.0,Error,-0.5,23.73069622550826
Non-Free,0,Sims Int_162,0.0,1.0,Correct,0.5,79.6425114143133
Non-Free,0,Sims Int_162,0.5,1.0,Error,-0.5,4.93616693922832
Non-Free,0,Sims Int_162,0.5,1.0,Correct,0.5,93.43999655092178
Free,1,Sims Int_163,-0.5,-1.0,Error,-0.5,66.34051824803483
Free,1,Sims Int_163,-0.5,-1.0,Correct,0.5,65.00555850920244
Free,1,Sims Int_163,0.0,-1.0,Error,-0.5,65.64083119709197
Free,1,Sims Int_163,0.0,-1.0,Correct,0.5,74.75750876416146
Free,1,Sims Int_163,0.5,-1.0,Error,-0.5,64.94114414614913
Free,1,Sims Int_163,0.5,-1.0,Correct,0.5,84.50945901912047
Free,1,Sims Int_163,-0.5,0.0,Error,-0.5,68.77568366592757
Free,1,Sims Int_163,-0.5,0.0,Correct,0.5,69.4215283927959
Free,1,Sims Int_163,0.0,0.0,Error,-0.5,65.71248801369393
Free,1,Sims Int_163,0.0,0.0,Correct,0.5,78.26736315484843
Free,1,Sims Int_163,0.5,0.0,Error,-0.5,62.64929236146028
Free,1,Sims Int_163,0.5,0.0,Correct,0.5,87.11319791690094
Free,1,Sims Int_163,-0.5,1.0,Error,-0.5,71.21084908382032
Free,1,Sims Int_163,-0.5,1.0,Correct,0.5,73.83749827638937
Free,1,Sims Int_163,0.0,1.0,Error,-0.5,65.78414483029589
Free,1,Sims Int_163,0.0,1.0,Correct,0.5,81.7772175455354
Free,1,Sims Int_163,0.5,1.0,Error,-0.5,60.357440576771445
Free,1,Sims Int_163,0.5,1.0,Correct,0.5,89.71693681468142
Non-Free,0,Sims Int_163,-0.5,-1.0,Error,-0.5,53.565234234483505
Non-Free,0,Sims Int_163,-0.5,-1.0,Correct,0.5,54.352928009065124
Non-Free,0,Sims Int_163,0.0,-1.0,Error,-0.5,36.99270179030964
Non-Free,0,Sims Int_163,0.0,-1.0,Correct,0.5,66.40083507422929
Non-Free,0,Sims Int_163,0.5,-1.0,Error,-0.5,20.420169346135765
Non-Free,0,Sims Int_163,0.5,-1.0,Correct,0.5,78.44874213939345
Non-Free,0,Sims Int_163,-0.5,0.0,Error,-0.5,51.744417388416935
Non-Free,0,Sims Int_163,-0.5,0.0,Correct,0.5,57.03234681773171
Non-Free,0,Sims Int_163,0.0,0.0,Error,-0.5,40.01876781316584
Non-Free,0,Sims Int_163,0.0,0.0,Correct,0.5,69.25327137614586
Non-Free,0,Sims Int_163,0.5,0.0,Error,-0.5,28.293118237914737
Non-Free,0,Sims Int_163,0.5,0.0,Correct,0.5,81.47419593456002
Non-Free,0,Sims Int_163,-0.5,1.0,Error,-0.5,49.923600542350364
Non-Free,0,Sims Int_163,-0.5,1.0,Correct,0.5,59.71176562639829
Non-Free,0,Sims Int_163,0.0,1.0,Error,-0.5,43.044833836022036
Non-Free,0,Sims Int_163,0.0,1.0,Correct,0.5,72.10570767806243
Non-Free,0,Sims Int_163,0.5,1.0,Error,-0.5,36.16606712969371
Non-Free,0,Sims Int_163,0.5,1.0,Correct,0.5,84.49964972972658
Free,1,Sims Int_164,-0.5,-1.0,Error,-0.5,61.31578947368441
Free,1,Sims Int_164,-0.5,-1.0,Correct,0.5,65.51421849288062
Free,1,Sims Int_164,0.0,-1.0,Error,-0.5,50.926315789473854
Free,1,Sims Int_164,0.0,-1.0,Correct,0.5,80.14936557370363
Free,1,Sims Int_164,0.5,-1.0,Error,-0.5,40.53684210526331
Free,1,Sims Int_164,0.5,-1.0,Correct,0.5,94.78451265452667
Free,1,Sims Int_164,-0.5,0.0,Error,-0.5,64.18345864661654
Free,1,Sims Int_164,-0.5,0.0,Correct,0.5,70.44771074345576
Free,1,Sims Int_164,0.0,0.0,Error,-0.5,52.28360902255639
Free,1,Sims Int_164,0.0,0.0,Correct,0.5,83.29092327228304
Free,1,Sims Int_164,0.5,0.0,Error,-0.5,40.383759398496245
Free,1,Sims Int_164,0.5,0.0,Correct,0.5,96.13413580111032
Free,1,Sims Int_164,-0.5,1.0,Error,-0.5,67.05112781954867
Free,1,Sims Int_164,-0.5,1.0,Correct,0.5,75.3812029940309
Free,1,Sims Int_164,0.0,1.0,Error,-0.5,53.64090225563893
Free,1,Sims Int_164,0.0,1.0,Correct,0.5,86.43248097086244
Free,1,Sims Int_164,0.5,1.0,Error,-0.5,40.23067669172919
Free,1,Sims Int_164,0.5,1.0,Correct,0.5,97.48375894769397
Non-Free,0,Sims Int_164,-0.5,-1.0,Error,-0.5,37.39019657690468
Non-Free,0,Sims Int_164,-0.5,-1.0,Correct,0.5,57.98120399573528
Non-Free,0,Sims Int_164,0.0,-1.0,Error,-0.5,21.267122887739298
Non-Free,0,Sims Int_164,0.0,-1.0,Correct,0.5,76.42650943931632
Non-Free,0,Sims Int_164,0.5,-1.0,Error,-0.5,5.144049198573913
Non-Free,0,Sims Int_164,0.5,-1.0,Correct,0.5,94.87181488289737
Non-Free,0,Sims Int_164,-0.5,0.0,Error,-0.5,34.271260497860695
Non-Free,0,Sims Int_164,-0.5,0.0,Correct,0.5,61.779602347485
Non-Free,0,Sims Int_164,0.0,0.0,Error,-0.5,18.591997146971423
Non-Free,0,Sims Int_164,0.0,0.0,Correct,0.5,78.85925653947812
Non-Free,0,Sims Int_164,0.5,0.0,Error,-0.5,2.912733796082147
Non-Free,0,Sims Int_164,0.5,0.0,Correct,0.5,95.93891073147125
Non-Free,0,Sims Int_164,-0.5,1.0,Error,-0.5,31.15232441881671
Non-Free,0,Sims Int_164,-0.5,1.0,Correct,0.5,65.57800069923472
Non-Free,0,Sims Int_164,0.0,1.0,Error,-0.5,15.916871406203548
Non-Free,0,Sims Int_164,0.0,1.0,Correct,0.5,81.29200363963993
Non-Free,0,Sims Int_164,0.5,1.0,Error,-0.5,0.6814183935903817
Non-Free,0,Sims Int_164,0.5,1.0,Correct,0.5,97.00600658004514
Free,1,Sims Int_165,-0.5,-1.0,Error,-0.5,65.27732332891959
Free,1,Sims Int_165,-0.5,-1.0,Correct,0.5,66.32393954172393
Free,1,Sims Int_165,0.0,-1.0,Error,-0.5,66.29316119856796
Free,1,Sims Int_165,0.0,-1.0,Correct,0.5,77.23590912311853
Free,1,Sims Int_165,0.5,-1.0,Error,-0.5,67.30899906821632
Free,1,Sims Int_165,0.5,-1.0,Correct,0.5,88.14787870451313
Free,1,Sims Int_165,-0.5,0.0,Error,-0.5,69.11210705703493
Free,1,Sims Int_165,-0.5,0.0,Correct,0.5,76.30654359624961
Free,1,Sims Int_165,0.0,0.0,Error,-0.5,70.38303172968463
Free,1,Sims Int_165,0.0,0.0,Correct,0.5,83.24570979587924
Free,1,Sims Int_165,0.5,0.0,Error,-0.5,71.65395640233433
Free,1,Sims Int_165,0.5,0.0,Correct,0.5,90.18487599550886
Free,1,Sims Int_165,-0.5,1.0,Error,-0.5,72.94689078515027
Free,1,Sims Int_165,-0.5,1.0,Correct,0.5,86.28914765077529
Free,1,Sims Int_165,0.0,1.0,Error,-0.5,74.4729022608013
Free,1,Sims Int_165,0.0,1.0,Correct,0.5,89.25551046863994
Free,1,Sims Int_165,0.5,1.0,Error,-0.5,75.99891373645234
Free,1,Sims Int_165,0.5,1.0,Correct,0.5,92.22187328650459
Non-Free,0,Sims Int_165,-0.5,-1.0,Error,-0.5,40.34776915317324
Non-Free,0,Sims Int_165,-0.5,-1.0,Correct,0.5,50.67315347045387
Non-Free,0,Sims Int_165,0.0,-1.0,Error,-0.5,28.26979962396933
Non-Free,0,Sims Int_165,0.0,-1.0,Correct,0.5,65.5321417451349
Non-Free,0,Sims Int_165,0.5,-1.0,Error,-0.5,16.19183009476543
Non-Free,0,Sims Int_165,0.5,-1.0,Correct,0.5,80.3911300198159
Non-Free,0,Sims Int_165,-0.5,0.0,Error,-0.5,48.059942316708685
Non-Free,0,Sims Int_165,-0.5,0.0,Correct,0.5,50.83950167586334
Non-Free,0,Sims Int_165,0.0,0.0,Error,-0.5,35.996841153097485
Non-Free,0,Sims Int_165,0.0,0.0,Correct,0.5,67.37598541317614
Non-Free,0,Sims Int_165,0.5,0.0,Error,-0.5,23.933739989486288
Non-Free,0,Sims Int_165,0.5,0.0,Correct,0.5,83.91246915048893
Non-Free,0,Sims Int_165,-0.5,1.0,Error,-0.5,55.77211548024413
Non-Free,0,Sims Int_165,-0.5,1.0,Correct,0.5,51.00584988127281
Non-Free,0,Sims Int_165,0.0,1.0,Error,-0.5,43.723882682225636
Non-Free,0,Sims Int_165,0.0,1.0,Correct,0.5,69.21982908121738
Non-Free,0,Sims Int_165,0.5,1.0,Error,-0.5,31.675649884207143
Non-Free,0,Sims Int_165,0.5,1.0,Correct,0.5,87.43380828116196
Free,1,Sims Int_166,-0.5,-1.0,Error,-0.5,73.42585976002196
Free,1,Sims Int_166,-0.5,-1.0,Correct,0.5,71.84573609934196
Free,1,Sims Int_166,0.0,-1.0,Error,-0.5,68.44838930012678
Free,1,Sims Int_166,0.0,-1.0,Correct,0.5,76.94021653135505
Free,1,Sims Int_166,0.5,-1.0,Error,-0.5,63.4709188402316
Free,1,Sims Int_166,0.5,-1.0,Correct,0.5,82.03469696336812
Free,1,Sims Int_166,-0.5,0.0,Error,-0.5,73.27984890668897
Free,1,Sims Int_166,-0.5,0.0,Correct,0.5,76.88258911122108
Free,1,Sims Int_166,0.0,0.0,Error,-0.5,71.52764874928516
Free,1,Sims Int_166,0.0,0.0,Correct,0.5,80.8162516713786
Free,1,Sims Int_166,0.5,0.0,Error,-0.5,69.77544859188136
Free,1,Sims Int_166,0.5,0.0,Correct,0.5,84.74991423153611
Free,1,Sims Int_166,-0.5,1.0,Error,-0.5,73.13383805335597
Free,1,Sims Int_166,-0.5,1.0,Correct,0.5,81.9194421231002
Free,1,Sims Int_166,0.0,1.0,Error,-0.5,74.60690819844355
Free,1,Sims Int_166,0.0,1.0,Correct,0.5,84.69228681140214
Free,1,Sims Int_166,0.5,1.0,Error,-0.5,76.07997834353112
Free,1,Sims Int_166,0.5,1.0,Correct,0.5,87.46513149970409
Non-Free,0,Sims Int_166,-0.5,-1.0,Error,-0.5,39.678074046255404
Non-Free,0,Sims Int_166,-0.5,-1.0,Correct,0.5,61.11667068534789
Non-Free,0,Sims Int_166,0.0,-1.0,Error,-0.5,43.046834413044145
Non-Free,0,Sims Int_166,0.0,-1.0,Correct,0.5,70.01458228506513
Non-Free,0,Sims Int_166,0.5,-1.0,Error,-0.5,46.41559477983289
Non-Free,0,Sims Int_166,0.5,-1.0,Correct,0.5,78.91249388478238
Non-Free,0,Sims Int_166,-0.5,0.0,Error,-0.5,42.759717397427444
Non-Free,0,Sims Int_166,-0.5,0.0,Correct,0.5,48.542228382664625
Non-Free,0,Sims Int_166,0.0,0.0,Error,-0.5,35.547350796482334
Non-Free,0,Sims Int_166,0.0,0.0,Correct,0.5,63.49915110842557
Non-Free,0,Sims Int_166,0.5,0.0,Error,-0.5,28.334984195537224
Non-Free,0,Sims Int_166,0.5,0.0,Correct,0.5,78.45607383418651
Non-Free,0,Sims Int_166,-0.5,1.0,Error,-0.5,45.841360748599485
Non-Free,0,Sims Int_166,-0.5,1.0,Correct,0.5,35.96778607998136
Non-Free,0,Sims Int_166,0.0,1.0,Error,-0.5,28.047867179920523
Non-Free,0,Sims Int_166,0.0,1.0,Correct,0.5,56.983719931786005
Non-Free,0,Sims Int_166,0.5,1.0,Error,-0.5,10.254373611241562
Non-Free,0,Sims Int_166,0.5,1.0,Correct,0.5,77.99965378359065
Free,1,Sims Int_167,-0.5,-1.0,Error,-0.5,68.98832961779179
Free,1,Sims Int_167,-0.5,-1.0,Correct,0.5,66.47837066616482
Free,1,Sims Int_167,0.0,-1.0,Error,-0.5,65.80648294879725
Free,1,Sims Int_167,0.0,-1.0,Correct,0.5,73.63017135301452
Free,1,Sims Int_167,0.5,-1.0,Error,-0.5,62.6246362798027
Free,1,Sims Int_167,0.5,-1.0,Correct,0.5,80.7819720398642
Free,1,Sims Int_167,-0.5,0.0,Error,-0.5,73.11412532566958
Free,1,Sims Int_167,-0.5,0.0,Correct,0.5,72.55978202784289
Free,1,Sims Int_167,0.0,0.0,Error,-0.5,72.97350326340964
Free,1,Sims Int_167,0.0,0.0,Correct,0.5,80.05524306931586
Free,1,Sims Int_167,0.5,0.0,Error,-0.5,72.8328812011497
Free,1,Sims Int_167,0.5,0.0,Correct,0.5,87.55070411078884
Free,1,Sims Int_167,-0.5,1.0,Error,-0.5,77.23992103354736
Free,1,Sims Int_167,-0.5,1.0,Correct,0.5,78.64119338952095
Free,1,Sims Int_167,0.0,1.0,Error,-0.5,80.14052357802203
Free,1,Sims Int_167,0.0,1.0,Correct,0.5,86.48031478561721
Free,1,Sims Int_167,0.5,1.0,Error,-0.5,83.0411261224967
Free,1,Sims Int_167,0.5,1.0,Correct,0.5,94.31943618171347
Non-Free,0,Sims Int_167,-0.5,-1.0,Error,-0.5,48.71624962315347
Non-Free,0,Sims Int_167,-0.5,-1.0,Correct,0.5,47.442283077747604
Non-Free,0,Sims Int_167,0.0,-1.0,Error,-0.5,41.51517561049141
Non-Free,0,Sims Int_167,0.0,-1.0,Correct,0.5,64.58101079059828
Non-Free,0,Sims Int_167,0.5,-1.0,Error,-0.5,34.31410159782934
Non-Free,0,Sims Int_167,0.5,-1.0,Correct,0.5,81.71973850344898
Non-Free,0,Sims Int_167,-0.5,0.0,Error,-0.5,43.796940006029565
Non-Free,0,Sims Int_167,-0.5,0.0,Correct,0.5,53.656035656295664
Non-Free,0,Sims Int_167,0.0,0.0,Error,-0.5,43.382371118480556
Non-Free,0,Sims Int_167,0.0,0.0,Correct,0.5,66.62717502817225
Non-Free,0,Sims Int_167,0.5,0.0,Error,-0.5,42.96780223093155
Non-Free,0,Sims Int_167,0.5,0.0,Correct,0.5,79.59831440004882
Non-Free,0,Sims Int_167,-0.5,1.0,Error,-0.5,38.87763038890566
Non-Free,0,Sims Int_167,-0.5,1.0,Correct,0.5,59.869788234843725
Non-Free,0,Sims Int_167,0.0,1.0,Error,-0.5,45.2495666264697
Non-Free,0,Sims Int_167,0.0,1.0,Correct,0.5,68.67333926574621
Non-Free,0,Sims Int_167,0.5,1.0,Error,-0.5,51.62150286403375
Non-Free,0,Sims Int_167,0.5,1.0,Correct,0.5,77.47689029664869
Free,1,Sims Int_168,-0.5,-1.0,Error,-0.5,59.857057108557655
Free,1,Sims Int_168,-0.5,-1.0,Correct,0.5,82.74622763145686
Free,1,Sims Int_168,0.0,-1.0,Error,-0.5,50.88115246098436
Free,1,Sims Int_168,0.0,-1.0,Correct,0.5,88.69805168605245
Free,1,Sims Int_168,0.5,-1.0,Error,-0.5,41.905247813411066
Free,1,Sims Int_168,0.5,-1.0,Correct,0.5,94.64987574064806
Free,1,Sims Int_168,-0.5,0.0,Error,-0.5,65.63676899331156
Free,1,Sims Int_168,-0.5,0.0,Correct,0.5,82.14363792401929
Free,1,Sims Int_168,0.0,0.0,Error,-0.5,52.53747213170976
Free,1,Sims Int_168,0.0,0.0,Correct,0.5,89.59760137597573
Free,1,Sims Int_168,0.5,0.0,Error,-0.5,39.43817527010796
Free,1,Sims Int_168,0.5,0.0,Correct,0.5,97.05156482793217
Free,1,Sims Int_168,-0.5,1.0,Error,-0.5,71.41648087806547
Free,1,Sims Int_168,-0.5,1.0,Correct,0.5,81.54104821658171
Free,1,Sims Int_168,0.0,1.0,Error,-0.5,54.193791802435165
Free,1,Sims Int_168,0.0,1.0,Correct,0.5,90.497151065899
Free,1,Sims Int_168,0.5,1.0,Error,-0.5,36.97110272680485
Free,1,Sims Int_168,0.5,1.0,Correct,0.5,99.45325391521628
Non-Free,0,Sims Int_168,-0.5,-1.0,Error,-0.5,37.77072714687668
Non-Free,0,Sims Int_168,-0.5,-1.0,Correct,0.5,73.77356050694574
Non-Free,0,Sims Int_168,0.0,-1.0,Error,-0.5,19.750997066482057
Non-Free,0,Sims Int_168,0.0,-1.0,Correct,0.5,84.66287996444228
Non-Free,0,Sims Int_168,0.5,-1.0,Error,-0.5,1.731266986087431
Non-Free,0,Sims Int_168,0.5,-1.0,Correct,0.5,95.55219942193884
Non-Free,0,Sims Int_168,-0.5,0.0,Error,-0.5,30.90491236901799
Non-Free,0,Sims Int_168,-0.5,0.0,Correct,0.5,75.31783833197531
Non-Free,0,Sims Int_168,0.0,0.0,Error,-0.5,17.7185268586188
Non-Free,0,Sims Int_168,0.0,0.0,Correct,0.5,86.1019748108401
Non-Free,0,Sims Int_168,0.5,0.0,Error,-0.5,4.532141348219614
Non-Free,0,Sims Int_168,0.5,0.0,Correct,0.5,96.8861112897049
Non-Free,0,Sims Int_168,-0.5,1.0,Error,-0.5,24.039097591159297
Non-Free,0,Sims Int_168,-0.5,1.0,Correct,0.5,76.86211615700488
Non-Free,0,Sims Int_168,0.0,1.0,Error,-0.5,15.686056650755546
Non-Free,0,Sims Int_168,0.0,1.0,Correct,0.5,87.54106965723793
Non-Free,0,Sims Int_168,0.5,1.0,Error,-0.5,7.333015710351797
Non-Free,0,Sims Int_168,0.5,1.0,Correct,0.5,98.22002315747098
Free,1,Sims Int_169,-0.5,-1.0,Error,-0.5,62.572253360484325
Free,1,Sims Int_169,-0.5,-1.0,Correct,0.5,65.34764465185427
Free,1,Sims Int_169,0.0,-1.0,Error,-0.5,61.25690570776392
Free,1,Sims Int_169,0.0,-1.0,Correct,0.5,65.38396524700529
Free,1,Sims Int_169,0.5,-1.0,Error,-0.5,59.94155805504351
Free,1,Sims Int_169,0.5,-1.0,Correct,0.5,65.4202858421563
Free,1,Sims Int_169,-0.5,0.0,Error,-0.5,65.48022971105021
Free,1,Sims Int_169,-0.5,0.0,Correct,0.5,67.49546373562008
Free,1,Sims Int_169,0.0,0.0,Error,-0.5,64.51099836811554
Free,1,Sims Int_169,0.0,0.0,Correct,0.5,67.15100825902283
Free,1,Sims Int_169,0.5,0.0,Error,-0.5,63.54176702518085
Free,1,Sims Int_169,0.5,0.0,Correct,0.5,66.80655278242558
Free,1,Sims Int_169,-0.5,1.0,Error,-0.5,68.3882060616161
Free,1,Sims Int_169,-0.5,1.0,Correct,0.5,69.64328281938589
Free,1,Sims Int_169,0.0,1.0,Error,-0.5,67.76509102846715
Free,1,Sims Int_169,0.0,1.0,Correct,0.5,68.91805127104037
Free,1,Sims Int_169,0.5,1.0,Error,-0.5,67.1419759953182
Free,1,Sims Int_169,0.5,1.0,Correct,0.5,68.19281972269486
Non-Free,0,Sims Int_169,-0.5,-1.0,Error,-0.5,47.31729226820667
Non-Free,0,Sims Int_169,-0.5,-1.0,Correct,0.5,53.10615421325497
Non-Free,0,Sims Int_169,0.0,-1.0,Error,-0.5,50.267789541225575
Non-Free,0,Sims Int_169,0.0,-1.0,Correct,0.5,54.321091167833266
Non-Free,0,Sims Int_169,0.5,-1.0,Error,-0.5,53.21828681424448
Non-Free,0,Sims Int_169,0.5,-1.0,Correct,0.5,55.536028122411565
Non-Free,0,Sims Int_169,-0.5,0.0,Error,-0.5,48.03625280718643
Non-Free,0,Sims Int_169,-0.5,0.0,Correct,0.5,52.520145631699855
Non-Free,0,Sims Int_169,0.0,0.0,Error,-0.5,46.976066730830965
Non-Free,0,Sims Int_169,0.0,0.0,Correct,0.5,53.73661273597223
Non-Free,0,Sims Int_169,0.5,0.0,Error,-0.5,45.9158806544755
Non-Free,0,Sims Int_169,0.5,0.0,Correct,0.5,54.953079840244605
Non-Free,0,Sims Int_169,-0.5,1.0,Error,-0.5,48.75521334616619
Non-Free,0,Sims Int_169,-0.5,1.0,Correct,0.5,51.93413705014474
Non-Free,0,Sims Int_169,0.0,1.0,Error,-0.5,43.684343920436355
Non-Free,0,Sims Int_169,0.0,1.0,Correct,0.5,53.15213430411119
Non-Free,0,Sims Int_169,0.5,1.0,Error,-0.5,38.61347449470652
Non-Free,0,Sims Int_169,0.5,1.0,Correct,0.5,54.370131558077645
Free,1,Sims Int_17,-0.5,-1.0,Error,-0.5,66.94311377245515
Free,1,Sims Int_17,-0.5,-1.0,Correct,0.5,83.57606117385883
Free,1,Sims Int_17,0.0,-1.0,Error,-0.5,42.99999999999968
Free,1,Sims Int_17,0.0,-1.0,Correct,0.5,91.3976777281606
Free,1,Sims Int_17,0.5,-1.0,Error,-0.5,19.056886227544215
Free,1,Sims Int_17,0.5,-1.0,Correct,0.5,99.21929428246236
Free,1,Sims Int_17,-0.5,0.0,Error,-0.5,69.2335329341318
Free,1,Sims Int_17,-0.5,0.0,Correct,0.5,86.72829080923256
Free,1,Sims Int_17,0.0,0.0,Error,-0.5,48.00000000000008
Free,1,Sims Int_17,0.0,0.0,Correct,0.5,93.1511231593768
Free,1,Sims Int_17,0.5,0.0,Error,-0.5,26.76646706586836
Free,1,Sims Int_17,0.5,0.0,Correct,0.5,99.57395550952103
Free,1,Sims Int_17,-0.5,1.0,Error,-0.5,71.52395209580845
Free,1,Sims Int_17,-0.5,1.0,Correct,0.5,89.88052044460629
Free,1,Sims Int_17,0.0,1.0,Error,-0.5,53.000000000000476
Free,1,Sims Int_17,0.0,1.0,Correct,0.5,94.90456859059299
Free,1,Sims Int_17,0.5,1.0,Error,-0.5,34.476047904192505
Free,1,Sims Int_17,0.5,1.0,Correct,0.5,99.9286167365797
Non-Free,0,Sims Int_17,-0.5,-1.0,Error,-0.5,41.276385345273255
Non-Free,0,Sims Int_17,-0.5,-1.0,Correct,0.5,75.76083736735072
Non-Free,0,Sims Int_17,0.0,-1.0,Error,-0.5,20.322544065902893
Non-Free,0,Sims Int_17,0.0,-1.0,Correct,0.5,87.49574787416705
Non-Free,0,Sims Int_17,0.5,-1.0,Error,-0.5,-0.6312972134674664
Non-Free,0,Sims Int_17,0.5,-1.0,Correct,0.5,99.23065838098339
Non-Free,0,Sims Int_17,-0.5,0.0,Error,-0.5,34.88929327796958
Non-Free,0,Sims Int_17,-0.5,0.0,Correct,0.5,74.58105499508811
Non-Free,0,Sims Int_17,0.0,0.0,Error,-0.5,16.585213534110427
Non-Free,0,Sims Int_17,0.0,0.0,Correct,0.5,87.3874838367309
Non-Free,0,Sims Int_17,0.5,0.0,Error,-0.5,-1.7188662097487253
Non-Free,0,Sims Int_17,0.5,0.0,Correct,0.5,100.19391267837368
Non-Free,0,Sims Int_17,-0.5,1.0,Error,-0.5,28.502201210665902
Non-Free,0,Sims Int_17,-0.5,1.0,Correct,0.5,73.4012726228255
Non-Free,0,Sims Int_17,0.0,1.0,Error,-0.5,12.84788300231796
Non-Free,0,Sims Int_17,0.0,1.0,Correct,0.5,87.27921979929474
Non-Free,0,Sims Int_17,0.5,1.0,Error,-0.5,-2.8064352060299833
Non-Free,0,Sims Int_17,0.5,1.0,Correct,0.5,101.15716697576397
Free,1,Sims Int_170,-0.5,-1.0,Error,-0.5,71.3555072982896
Free,1,Sims Int_170,-0.5,-1.0,Correct,0.5,76.19219442272123
Free,1,Sims Int_170,0.0,-1.0,Error,-0.5,61.120513566759186
Free,1,Sims Int_170,0.0,-1.0,Correct,0.5,85.69788217585328
Free,1,Sims Int_170,0.5,-1.0,Error,-0.5,50.88551983522876
Free,1,Sims Int_170,0.5,-1.0,Correct,0.5,95.20356992898533
Free,1,Sims Int_170,-0.5,0.0,Error,-0.5,73.64370018805408
Free,1,Sims Int_170,-0.5,0.0,Correct,0.5,82.06968093409361
Free,1,Sims Int_170,0.0,0.0,Error,-0.5,64.5369974030626
Free,1,Sims Int_170,0.0,0.0,Correct,0.5,88.55401679168239
Free,1,Sims Int_170,0.5,0.0,Error,-0.5,55.430294618071116
Free,1,Sims Int_170,0.5,0.0,Correct,0.5,95.03835264927116
Free,1,Sims Int_170,-0.5,1.0,Error,-0.5,75.93189307781857
Free,1,Sims Int_170,-0.5,1.0,Correct,0.5,87.947167445466
Free,1,Sims Int_170,0.0,1.0,Error,-0.5,67.95348123936601
Free,1,Sims Int_170,0.0,1.0,Correct,0.5,91.41015140751149
Free,1,Sims Int_170,0.5,1.0,Error,-0.5,59.97506940091346
Free,1,Sims Int_170,0.5,1.0,Correct,0.5,94.87313536955699
Non-Free,0,Sims Int_170,-0.5,-1.0,Error,-0.5,37.386029256776695
Non-Free,0,Sims Int_170,-0.5,-1.0,Correct,0.5,52.175807722948036
Non-Free,0,Sims Int_170,0.0,-1.0,Error,-0.5,28.28122760423242
Non-Free,0,Sims Int_170,0.0,-1.0,Correct,0.5,72.67775495517822
Non-Free,0,Sims Int_170,0.5,-1.0,Error,-0.5,19.176425951688138
Non-Free,0,Sims Int_170,0.5,-1.0,Correct,0.5,93.1797021874084
Non-Free,0,Sims Int_170,-0.5,0.0,Error,-0.5,31.821943987746437
Non-Free,0,Sims Int_170,-0.5,0.0,Correct,0.5,57.97766175824654
Non-Free,0,Sims Int_170,0.0,0.0,Error,-0.5,21.771991765383675
Non-Free,0,Sims Int_170,0.0,0.0,Correct,0.5,76.2365170856162
Non-Free,0,Sims Int_170,0.5,0.0,Error,-0.5,11.72203954302091
Non-Free,0,Sims Int_170,0.5,0.0,Correct,0.5,94.49537241298586
Non-Free,0,Sims Int_170,-0.5,1.0,Error,-0.5,26.257858718716175
Non-Free,0,Sims Int_170,-0.5,1.0,Correct,0.5,63.779515793545045
Non-Free,0,Sims Int_170,0.0,1.0,Error,-0.5,15.262755926534929
Non-Free,0,Sims Int_170,0.0,1.0,Correct,0.5,79.79527921605418
Non-Free,0,Sims Int_170,0.5,1.0,Error,-0.5,4.267653134353681
Non-Free,0,Sims Int_170,0.5,1.0,Correct,0.5,95.81104263856332
Free,1,Sims Int_171,-0.5,-1.0,Error,-0.5,72.56658689029183
Free,1,Sims Int_171,-0.5,-1.0,Correct,0.5,67.85715165055643
Free,1,Sims Int_171,0.0,-1.0,Error,-0.5,72.32751908037318
Free,1,Sims Int_171,0.0,-1.0,Correct,0.5,72.5167886347079
Free,1,Sims Int_171,0.5,-1.0,Error,-0.5,72.08845127045451
Free,1,Sims Int_171,0.5,-1.0,Correct,0.5,77.17642561885935
Free,1,Sims Int_171,-0.5,0.0,Error,-0.5,76.85423914067658
Free,1,Sims Int_171,-0.5,0.0,Correct,0.5,70.9310639479642
Free,1,Sims Int_171,0.0,0.0,Error,-0.5,74.97797795156887
Free,1,Sims Int_171,0.0,0.0,Correct,0.5,75.96275216010991
Free,1,Sims Int_171,0.5,0.0,Error,-0.5,73.10171676246117
Free,1,Sims Int_171,0.5,0.0,Correct,0.5,80.99444037225562
Free,1,Sims Int_171,-0.5,1.0,Error,-0.5,81.14189139106134
Free,1,Sims Int_171,-0.5,1.0,Correct,0.5,74.00497624537198
Free,1,Sims Int_171,0.0,1.0,Error,-0.5,77.62843682276457
Free,1,Sims Int_171,0.0,1.0,Correct,0.5,79.40871568551194
Free,1,Sims Int_171,0.5,1.0,Error,-0.5,74.11498225446782
Free,1,Sims Int_171,0.5,1.0,Correct,0.5,84.8124551256519
Non-Free,0,Sims Int_171,-0.5,-1.0,Error,-0.5,47.20528038762786
Non-Free,0,Sims Int_171,-0.5,-1.0,Correct,0.5,43.268522795451
Non-Free,0,Sims Int_171,0.0,-1.0,Error,-0.5,44.36820305309044
Non-Free,0,Sims Int_171,0.0,-1.0,Correct,0.5,54.8809437714455
Non-Free,0,Sims Int_171,0.5,-1.0,Error,-0.5,41.53112571855302
Non-Free,0,Sims Int_171,0.5,-1.0,Correct,0.5,66.49336474744001
Non-Free,0,Sims Int_171,-0.5,0.0,Error,-0.5,44.91512825411161
Non-Free,0,Sims Int_171,-0.5,0.0,Correct,0.5,44.5719686398231
Non-Free,0,Sims Int_171,0.0,0.0,Error,-0.5,43.4670811552422
Non-Free,0,Sims Int_171,0.0,0.0,Correct,0.5,57.02808367207986
Non-Free,0,Sims Int_171,0.5,0.0,Error,-0.5,42.01903405637279
Non-Free,0,Sims Int_171,0.5,0.0,Correct,0.5,69.48419870433662
Non-Free,0,Sims Int_171,-0.5,1.0,Error,-0.5,42.624976120595356
Non-Free,0,Sims Int_171,-0.5,1.0,Correct,0.5,45.8754144841952
Non-Free,0,Sims Int_171,0.0,1.0,Error,-0.5,42.565959257393956
Non-Free,0,Sims Int_171,0.0,1.0,Correct,0.5,59.175223572714216
Non-Free,0,Sims Int_171,0.5,1.0,Error,-0.5,42.506942394192556
Non-Free,0,Sims Int_171,0.5,1.0,Correct,0.5,72.47503266123323
Free,1,Sims Int_172,-0.5,-1.0,Error,-0.5,56.90941423422712
Free,1,Sims Int_172,-0.5,-1.0,Correct,0.5,60.00202343682331
Free,1,Sims Int_172,0.0,-1.0,Error,-0.5,55.11554517010575
Free,1,Sims Int_172,0.0,-1.0,Correct,0.5,73.59612906883102
Free,1,Sims Int_172,0.5,-1.0,Error,-0.5,53.32167610598437
Free,1,Sims Int_172,0.5,-1.0,Correct,0.5,87.19023470083872
Free,1,Sims Int_172,-0.5,0.0,Error,-0.5,56.844100756465615
Free,1,Sims Int_172,-0.5,0.0,Correct,0.5,63.858079836430534
Free,1,Sims Int_172,0.0,0.0,Error,-0.5,55.51001227771397
Free,1,Sims Int_172,0.0,0.0,Correct,0.5,76.1748496537885
Free,1,Sims Int_172,0.5,0.0,Error,-0.5,54.17592379896232
Free,1,Sims Int_172,0.5,0.0,Correct,0.5,88.49161947114646
Free,1,Sims Int_172,-0.5,1.0,Error,-0.5,56.77878727870411
Free,1,Sims Int_172,-0.5,1.0,Correct,0.5,67.71413623603776
Free,1,Sims Int_172,0.0,1.0,Error,-0.5,55.90447938532219
Free,1,Sims Int_172,0.0,1.0,Correct,0.5,78.75357023874598
Free,1,Sims Int_172,0.5,1.0,Error,-0.5,55.03017149194027
Free,1,Sims Int_172,0.5,1.0,Correct,0.5,89.7930042414542
Non-Free,0,Sims Int_172,-0.5,-1.0,Error,-0.5,42.671525224134236
Non-Free,0,Sims Int_172,-0.5,-1.0,Correct,0.5,48.677125199693705
Non-Free,0,Sims Int_172,0.0,-1.0,Error,-0.5,32.89847577572133
Non-Free,0,Sims Int_172,0.0,-1.0,Correct,0.5,66.1863920243363
Non-Free,0,Sims Int_172,0.5,-1.0,Error,-0.5,23.125426327308418
Non-Free,0,Sims Int_172,0.5,-1.0,Correct,0.5,83.6956588489789
Non-Free,0,Sims Int_172,-0.5,0.0,Error,-0.5,43.41352915689956
Non-Free,0,Sims Int_172,-0.5,0.0,Correct,0.5,55.783158668936395
Non-Free,0,Sims Int_172,0.0,0.0,Error,-0.5,30.619110572917275
Non-Free,0,Sims Int_172,0.0,0.0,Correct,0.5,71.1848471332039
Non-Free,0,Sims Int_172,0.5,0.0,Error,-0.5,17.82469198893499
Non-Free,0,Sims Int_172,0.5,0.0,Correct,0.5,86.58653559747141
Non-Free,0,Sims Int_172,-0.5,1.0,Error,-0.5,44.15553308966488
Non-Free,0,Sims Int_172,-0.5,1.0,Correct,0.5,62.889192138179084
Non-Free,0,Sims Int_172,0.0,1.0,Error,-0.5,28.33974537011322
Non-Free,0,Sims Int_172,0.0,1.0,Correct,0.5,76.1833022420715
Non-Free,0,Sims Int_172,0.5,1.0,Error,-0.5,12.52395765056156
Non-Free,0,Sims Int_172,0.5,1.0,Correct,0.5,89.47741234596393
Free,1,Sims Int_173,-0.5,-1.0,Error,-0.5,67.26391226539884
Free,1,Sims Int_173,-0.5,-1.0,Correct,0.5,78.32005471289456
Free,1,Sims Int_173,0.0,-1.0,Error,-0.5,61.6598323648292
Free,1,Sims Int_173,0.0,-1.0,Correct,0.5,83.70792652128968
Free,1,Sims Int_173,0.5,-1.0,Error,-0.5,56.055752464259555
Free,1,Sims Int_173,0.5,-1.0,Correct,0.5,89.0957983296848
Free,1,Sims Int_173,-0.5,0.0,Error,-0.5,70.90692634044666
Free,1,Sims Int_173,-0.5,0.0,Correct,0.5,77.18956890108664
Free,1,Sims Int_173,0.0,0.0,Error,-0.5,66.95620999545442
Free,1,Sims Int_173,0.0,0.0,Correct,0.5,83.94688459969692
Free,1,Sims Int_173,0.5,0.0,Error,-0.5,63.00549365046218
Free,1,Sims Int_173,0.5,0.0,Correct,0.5,90.70420029830719
Free,1,Sims Int_173,-0.5,1.0,Error,-0.5,74.54994041549448
Free,1,Sims Int_173,-0.5,1.0,Correct,0.5,76.05908308927873
Free,1,Sims Int_173,0.0,1.0,Error,-0.5,72.25258762607963
Free,1,Sims Int_173,0.0,1.0,Correct,0.5,84.18584267810415
Free,1,Sims Int_173,0.5,1.0,Error,-0.5,69.95523483666479
Free,1,Sims Int_173,0.5,1.0,Correct,0.5,92.31260226692957
Non-Free,0,Sims Int_173,-0.5,-1.0,Error,-0.5,36.11939078243507
Non-Free,0,Sims Int_173,-0.5,-1.0,Correct,0.5,50.67107976941147
Non-Free,0,Sims Int_173,0.0,-1.0,Error,-0.5,39.08798863813802
Non-Free,0,Sims Int_173,0.0,-1.0,Correct,0.5,63.45201383051554
Non-Free,0,Sims Int_173,0.5,-1.0,Error,-0.5,42.05658649384098
Non-Free,0,Sims Int_173,0.5,-1.0,Correct,0.5,76.2329478916196
Non-Free,0,Sims Int_173,-0.5,0.0,Error,-0.5,40.576947841755
Non-Free,0,Sims Int_173,-0.5,0.0,Correct,0.5,53.6285008174536
Non-Free,0,Sims Int_173,0.0,0.0,Error,-0.5,35.671321825266624
Non-Free,0,Sims Int_173,0.0,0.0,Correct,0.5,69.17528263485873
Non-Free,0,Sims Int_173,0.5,0.0,Error,-0.5,30.76569580877825
Non-Free,0,Sims Int_173,0.5,0.0,Correct,0.5,84.72206445226387
Non-Free,0,Sims Int_173,-0.5,1.0,Error,-0.5,45.03450490107493
Non-Free,0,Sims Int_173,-0.5,1.0,Correct,0.5,56.58592186549573
Non-Free,0,Sims Int_173,0.0,1.0,Error,-0.5,32.254655012395226
Non-Free,0,Sims Int_173,0.0,1.0,Correct,0.5,74.89855143920192
Non-Free,0,Sims Int_173,0.5,1.0,Error,-0.5,19.47480512371552
Non-Free,0,Sims Int_173,0.5,1.0,Correct,0.5,93.21118101290813
Free,1,Sims Int_174,-0.5,-1.0,Error,-0.5,59.86231134969562
Free,1,Sims Int_174,-0.5,-1.0,Correct,0.5,60.17894054066418
Free,1,Sims Int_174,0.0,-1.0,Error,-0.5,58.762390821467164
Free,1,Sims Int_174,0.0,-1.0,Correct,0.5,62.97071834963549
Free,1,Sims Int_174,0.5,-1.0,Error,-0.5,57.66247029323872
Free,1,Sims Int_174,0.5,-1.0,Correct,0.5,65.76249615860681
Free,1,Sims Int_174,-0.5,0.0,Error,-0.5,62.954153009041846
Free,1,Sims Int_174,-0.5,0.0,Correct,0.5,60.42808930190122
Free,1,Sims Int_174,0.0,0.0,Error,-0.5,60.387456857637474
Free,1,Sims Int_174,0.0,0.0,Correct,0.5,64.64971616498548
Free,1,Sims Int_174,0.5,0.0,Error,-0.5,57.8207607062331
Free,1,Sims Int_174,0.5,0.0,Correct,0.5,68.87134302806975
Free,1,Sims Int_174,-0.5,1.0,Error,-0.5,66.04599466838808
Free,1,Sims Int_174,-0.5,1.0,Correct,0.5,60.677238063138255
Free,1,Sims Int_174,0.0,1.0,Error,-0.5,62.012522893807784
Free,1,Sims Int_174,0.0,1.0,Correct,0.5,66.32871398033546
Free,1,Sims Int_174,0.5,1.0,Error,-0.5,57.97905111922749
Free,1,Sims Int_174,0.5,1.0,Correct,0.5,71.98018989753268
Non-Free,0,Sims Int_174,-0.5,-1.0,Error,-0.5,47.19532046968948
Non-Free,0,Sims Int_174,-0.5,-1.0,Correct,0.5,53.36978966760728
Non-Free,0,Sims Int_174,0.0,-1.0,Error,-0.5,48.880092461962555
Non-Free,0,Sims Int_174,0.0,-1.0,Correct,0.5,57.91171836482138
Non-Free,0,Sims Int_174,0.5,-1.0,Error,-0.5,50.56486445423563
Non-Free,0,Sims Int_174,0.5,-1.0,Correct,0.5,62.453647062035486
Non-Free,0,Sims Int_174,-0.5,0.0,Error,-0.5,48.11465862146309
Non-Free,0,Sims Int_174,-0.5,0.0,Correct,0.5,50.067556340337596
Non-Free,0,Sims Int_174,0.0,0.0,Error,-0.5,44.7159164080192
Non-Free,0,Sims Int_174,0.0,0.0,Correct,0.5,55.3446799743104
Non-Free,0,Sims Int_174,0.5,0.0,Error,-0.5,41.3171741945753
Non-Free,0,Sims Int_174,0.5,0.0,Correct,0.5,60.62180360828321
Non-Free,0,Sims Int_174,-0.5,1.0,Error,-0.5,49.03399677323671
Non-Free,0,Sims Int_174,-0.5,1.0,Correct,0.5,46.76532301306791
Non-Free,0,Sims Int_174,0.0,1.0,Error,-0.5,40.55174035407584
Non-Free,0,Sims Int_174,0.0,1.0,Correct,0.5,52.77764158379942
Non-Free,0,Sims Int_174,0.5,1.0,Error,-0.5,32.06948393491497
Non-Free,0,Sims Int_174,0.5,1.0,Correct,0.5,58.78996015453093
Free,1,Sims Int_175,-0.5,-1.0,Error,-0.5,60.15054457136356
Free,1,Sims Int_175,-0.5,-1.0,Correct,0.5,71.82387594226658
Free,1,Sims Int_175,0.0,-1.0,Error,-0.5,64.3455846077949
Free,1,Sims Int_175,0.0,-1.0,Correct,0.5,81.99296832514041
Free,1,Sims Int_175,0.5,-1.0,Error,-0.5,68.54062464422624
Free,1,Sims Int_175,0.5,-1.0,Correct,0.5,92.16206070801424
Free,1,Sims Int_175,-0.5,0.0,Error,-0.5,66.31429547265762
Free,1,Sims Int_175,-0.5,0.0,Correct,0.5,72.57735933327872
Free,1,Sims Int_175,0.0,0.0,Error,-0.5,66.117661568821
Free,1,Sims Int_175,0.0,0.0,Correct,0.5,83.11532385141305
Free,1,Sims Int_175,0.5,0.0,Error,-0.5,65.9210276649844
Free,1,Sims Int_175,0.5,0.0,Correct,0.5,93.65328836954738
Free,1,Sims Int_175,-0.5,1.0,Error,-0.5,72.47804637395168
Free,1,Sims Int_175,-0.5,1.0,Correct,0.5,73.33084272429086
Free,1,Sims Int_175,0.0,1.0,Error,-0.5,67.88973852984711
Free,1,Sims Int_175,0.0,1.0,Correct,0.5,84.2376793776857
Free,1,Sims Int_175,0.5,1.0,Error,-0.5,63.301430685742545
Free,1,Sims Int_175,0.5,1.0,Correct,0.5,95.14451603108053
Non-Free,0,Sims Int_175,-0.5,-1.0,Error,-0.5,38.85585865983157
Non-Free,0,Sims Int_175,-0.5,-1.0,Correct,0.5,56.70932352098168
Non-Free,0,Sims Int_175,0.0,-1.0,Error,-0.5,28.750897107286704
Non-Free,0,Sims Int_175,0.0,-1.0,Correct,0.5,72.77356371282357
Non-Free,0,Sims Int_175,0.5,-1.0,Error,-0.5,18.645935554741836
Non-Free,0,Sims Int_175,0.5,-1.0,Correct,0.5,88.83780390466548
Non-Free,0,Sims Int_175,-0.5,0.0,Error,-0.5,41.98228670816554
Non-Free,0,Sims Int_175,-0.5,0.0,Correct,0.5,56.78739507004816
Non-Free,0,Sims Int_175,0.0,0.0,Error,-0.5,30.33418161845478
Non-Free,0,Sims Int_175,0.0,0.0,Correct,0.5,74.0160655343152
Non-Free,0,Sims Int_175,0.5,0.0,Error,-0.5,18.686076528744024
Non-Free,0,Sims Int_175,0.5,0.0,Correct,0.5,91.24473599858224
Non-Free,0,Sims Int_175,-0.5,1.0,Error,-0.5,45.10871475649951
Non-Free,0,Sims Int_175,-0.5,1.0,Correct,0.5,56.86546661911465
Non-Free,0,Sims Int_175,0.0,1.0,Error,-0.5,31.91746612962286
Non-Free,0,Sims Int_175,0.0,1.0,Correct,0.5,75.25856735580683
Non-Free,0,Sims Int_175,0.5,1.0,Error,-0.5,18.726217502746216
Non-Free,0,Sims Int_175,0.5,1.0,Correct,0.5,93.65166809249901
Free,1,Sims Int_176,-0.5,-1.0,Error,-0.5,67.79276182773954
Free,1,Sims Int_176,-0.5,-1.0,Correct,0.5,72.23663313671986
Free,1,Sims Int_176,0.0,-1.0,Error,-0.5,60.559441973311806
Free,1,Sims Int_176,0.0,-1.0,Correct,0.5,81.2121094869836
Free,1,Sims Int_176,0.5,-1.0,Error,-0.5,53.326122118884065
Free,1,Sims Int_176,0.5,-1.0,Correct,0.5,90.18758583724735
Free,1,Sims Int_176,-0.5,0.0,Error,-0.5,66.96926809543075
Free,1,Sims Int_176,-0.5,0.0,Correct,0.5,72.63598810504124
Free,1,Sims Int_176,0.0,0.0,Error,-0.5,65.01718560452892
Free,1,Sims Int_176,0.0,0.0,Correct,0.5,82.75125416613665
Free,1,Sims Int_176,0.5,0.0,Error,-0.5,63.06510311362709
Free,1,Sims Int_176,0.5,0.0,Correct,0.5,92.86652022723206
Free,1,Sims Int_176,-0.5,1.0,Error,-0.5,66.14577436312196
Free,1,Sims Int_176,-0.5,1.0,Correct,0.5,73.03534307336261
Free,1,Sims Int_176,0.0,1.0,Error,-0.5,69.47492923574603
Free,1,Sims Int_176,0.0,1.0,Correct,0.5,84.29039884528969
Free,1,Sims Int_176,0.5,1.0,Error,-0.5,72.8040841083701
Free,1,Sims Int_176,0.5,1.0,Correct,0.5,95.54545461721676
Non-Free,0,Sims Int_176,-0.5,-1.0,Error,-0.5,39.448392302917455
Non-Free,0,Sims Int_176,-0.5,-1.0,Correct,0.5,58.14592137856592
Non-Free,0,Sims Int_176,0.0,-1.0,Error,-0.5,25.50735567970205
Non-Free,0,Sims Int_176,0.0,-1.0,Correct,0.5,73.86110712614241
Non-Free,0,Sims Int_176,0.5,-1.0,Error,-0.5,11.566319056486648
Non-Free,0,Sims Int_176,0.5,-1.0,Correct,0.5,89.5762928737189
Non-Free,0,Sims Int_176,-0.5,0.0,Error,-0.5,42.08384854127871
Non-Free,0,Sims Int_176,-0.5,0.0,Correct,0.5,60.57069420795581
Non-Free,0,Sims Int_176,0.0,0.0,Error,-0.5,29.708913718187468
Non-Free,0,Sims Int_176,0.0,0.0,Correct,0.5,75.49849561189858
Non-Free,0,Sims Int_176,0.5,0.0,Error,-0.5,17.333978895096223
Non-Free,0,Sims Int_176,0.5,0.0,Correct,0.5,90.42629701584134
Non-Free,0,Sims Int_176,-0.5,1.0,Error,-0.5,44.71930477963997
Non-Free,0,Sims Int_176,-0.5,1.0,Correct,0.5,62.9954670373457
Non-Free,0,Sims Int_176,0.0,1.0,Error,-0.5,33.910471756672884
Non-Free,0,Sims Int_176,0.0,1.0,Correct,0.5,77.13588409765474
Non-Free,0,Sims Int_176,0.5,1.0,Error,-0.5,23.101638733705798
Non-Free,0,Sims Int_176,0.5,1.0,Correct,0.5,91.27630115796379
Free,1,Sims Int_177,-0.5,-1.0,Error,-0.5,64.13673630874008
Free,1,Sims Int_177,-0.5,-1.0,Correct,0.5,75.20739906046664
Free,1,Sims Int_177,0.0,-1.0,Error,-0.5,63.951646110605374
Free,1,Sims Int_177,0.0,-1.0,Correct,0.5,85.69591773625619
Free,1,Sims Int_177,0.5,-1.0,Error,-0.5,63.766555912470665
Free,1,Sims Int_177,0.5,-1.0,Correct,0.5,96.18443641204574
Free,1,Sims Int_177,-0.5,0.0,Error,-0.5,69.16628307935044
Free,1,Sims Int_177,-0.5,0.0,Correct,0.5,78.07096107382065
Free,1,Sims Int_177,0.0,0.0,Error,-0.5,67.9843085269628
Free,1,Sims Int_177,0.0,0.0,Correct,0.5,86.9818651285145
Free,1,Sims Int_177,0.5,0.0,Error,-0.5,66.80233397457518
Free,1,Sims Int_177,0.5,0.0,Correct,0.5,95.89276918320834
Free,1,Sims Int_177,-0.5,1.0,Error,-0.5,74.19582984996079
Free,1,Sims Int_177,-0.5,1.0,Correct,0.5,80.93452308717467
Free,1,Sims Int_177,0.0,1.0,Error,-0.5,72.01697094332025
Free,1,Sims Int_177,0.0,1.0,Correct,0.5,88.26781252077281
Free,1,Sims Int_177,0.5,1.0,Error,-0.5,69.8381120366797
Free,1,Sims Int_177,0.5,1.0,Correct,0.5,95.60110195437095
Non-Free,0,Sims Int_177,-0.5,-1.0,Error,-0.5,40.4273108847881
Non-Free,0,Sims Int_177,-0.5,-1.0,Correct,0.5,62.95668096713057
Non-Free,0,Sims Int_177,0.0,-1.0,Error,-0.5,21.670693029925612
Non-Free,0,Sims Int_177,0.0,-1.0,Correct,0.5,78.74646031158989
Non-Free,0,Sims Int_177,0.5,-1.0,Error,-0.5,2.914075175063124
Non-Free,0,Sims Int_177,0.5,-1.0,Correct,0.5,94.53623965604919
Non-Free,0,Sims Int_177,-0.5,0.0,Error,-0.5,43.618898088349724
Non-Free,0,Sims Int_177,-0.5,0.0,Correct,0.5,62.57820980941915
Non-Free,0,Sims Int_177,0.0,0.0,Error,-0.5,24.354878214723115
Non-Free,0,Sims Int_177,0.0,0.0,Correct,0.5,76.8396416023218
Non-Free,0,Sims Int_177,0.5,0.0,Error,-0.5,5.0908583410965065
Non-Free,0,Sims Int_177,0.5,0.0,Correct,0.5,91.10107339522446
Non-Free,0,Sims Int_177,-0.5,1.0,Error,-0.5,46.81048529191135
Non-Free,0,Sims Int_177,-0.5,1.0,Correct,0.5,62.199738651707726
Non-Free,0,Sims Int_177,0.0,1.0,Error,-0.5,27.039063399520618
Non-Free,0,Sims Int_177,0.0,1.0,Correct,0.5,74.93282289305373
Non-Free,0,Sims Int_177,0.5,1.0,Error,-0.5,7.267641507129888
Non-Free,0,Sims Int_177,0.5,1.0,Correct,0.5,87.66590713439973
Free,1,Sims Int_178,-0.5,-1.0,Error,-0.5,52.56380890052361
Free,1,Sims Int_178,-0.5,-1.0,Correct,0.5,53.87899956560153
Free,1,Sims Int_178,0.0,-1.0,Error,-0.5,50.855530104712045
Free,1,Sims Int_178,0.0,-1.0,Correct,0.5,61.86376314008589
Free,1,Sims Int_178,0.5,-1.0,Error,-0.5,49.147251308900486
Free,1,Sims Int_178,0.5,-1.0,Correct,0.5,69.84852671457024
Free,1,Sims Int_178,-0.5,0.0,Error,-0.5,53.04172120418852
Free,1,Sims Int_178,-0.5,0.0,Correct,0.5,54.23779171607393
Free,1,Sims Int_178,0.0,0.0,Error,-0.5,51.68979057591622
Free,1,Sims Int_178,0.0,0.0,Correct,0.5,63.06057454274955
Free,1,Sims Int_178,0.5,0.0,Error,-0.5,50.33785994764392
Free,1,Sims Int_178,0.5,0.0,Correct,0.5,71.88335736942517
Free,1,Sims Int_178,-0.5,1.0,Error,-0.5,53.51963350785343
Free,1,Sims Int_178,-0.5,1.0,Correct,0.5,54.596583866546325
Free,1,Sims Int_178,0.0,1.0,Error,-0.5,52.524051047120395
Free,1,Sims Int_178,0.0,1.0,Correct,0.5,64.2573859454132
Free,1,Sims Int_178,0.5,1.0,Error,-0.5,51.528468586387355
Free,1,Sims Int_178,0.5,1.0,Correct,0.5,73.9181880242801
Non-Free,0,Sims Int_178,-0.5,-1.0,Error,-0.5,50.917668627250954
Non-Free,0,Sims Int_178,-0.5,-1.0,Correct,0.5,48.386991194929266
Non-Free,0,Sims Int_178,0.0,-1.0,Error,-0.5,46.95464105509499
Non-Free,0,Sims Int_178,0.0,-1.0,Correct,0.5,58.137569971444975
Non-Free,0,Sims Int_178,0.5,-1.0,Error,-0.5,42.99161348293902
Non-Free,0,Sims Int_178,0.5,-1.0,Correct,0.5,67.88814874796068
Non-Free,0,Sims Int_178,-0.5,0.0,Error,-0.5,48.72687042699488
Non-Free,0,Sims Int_178,-0.5,0.0,Correct,0.5,51.08600065114369
Non-Free,0,Sims Int_178,0.0,0.0,Error,-0.5,42.510402506739204
Non-Free,0,Sims Int_178,0.0,0.0,Correct,0.5,59.73750723460061
Non-Free,0,Sims Int_178,0.5,0.0,Error,-0.5,36.29393458648353
Non-Free,0,Sims Int_178,0.5,0.0,Correct,0.5,68.38901381805753
Non-Free,0,Sims Int_178,-0.5,1.0,Error,-0.5,46.5360722267388
Non-Free,0,Sims Int_178,-0.5,1.0,Correct,0.5,53.78501010735812
Non-Free,0,Sims Int_178,0.0,1.0,Error,-0.5,38.06616395838342
Non-Free,0,Sims Int_178,0.0,1.0,Correct,0.5,61.33744449775625
Non-Free,0,Sims Int_178,0.5,1.0,Error,-0.5,29.596255690028034
Non-Free,0,Sims Int_178,0.5,1.0,Correct,0.5,68.88987888815439
Free,1,Sims Int_179,-0.5,-1.0,Error,-0.5,67.84467195582243
Free,1,Sims Int_179,-0.5,-1.0,Correct,0.5,63.29633949037771
Free,1,Sims Int_179,0.0,-1.0,Error,-0.5,61.26959235979044
Free,1,Sims Int_179,0.0,-1.0,Correct,0.5,72.22740314126744
Free,1,Sims Int_179,0.5,-1.0,Error,-0.5,54.69451276375843
Free,1,Sims Int_179,0.5,-1.0,Correct,0.5,81.15846679215718
Free,1,Sims Int_179,-0.5,0.0,Error,-0.5,70.72396392656088
Free,1,Sims Int_179,-0.5,0.0,Correct,0.5,68.71486991814663
Free,1,Sims Int_179,0.0,0.0,Error,-0.5,64.69880678512791
Free,1,Sims Int_179,0.0,0.0,Correct,0.5,77.08322817836935
Free,1,Sims Int_179,0.5,0.0,Error,-0.5,58.673649643694944
Free,1,Sims Int_179,0.5,0.0,Correct,0.5,85.45158643859207
Free,1,Sims Int_179,-0.5,1.0,Error,-0.5,73.60325589729933
Free,1,Sims Int_179,-0.5,1.0,Correct,0.5,74.13340034591556
Free,1,Sims Int_179,0.0,1.0,Error,-0.5,68.12802121046539
Free,1,Sims Int_179,0.0,1.0,Correct,0.5,81.93905321547126
Free,1,Sims Int_179,0.5,1.0,Error,-0.5,62.652786523631455
Free,1,Sims Int_179,0.5,1.0,Correct,0.5,89.74470608502696
Non-Free,0,Sims Int_179,-0.5,-1.0,Error,-0.5,62.835452451982405
Non-Free,0,Sims Int_179,-0.5,-1.0,Correct,0.5,46.99385080141684
Non-Free,0,Sims Int_179,0.0,-1.0,Error,-0.5,44.8277552994368
Non-Free,0,Sims Int_179,0.0,-1.0,Correct,0.5,62.42396291121578
Non-Free,0,Sims Int_179,0.5,-1.0,Error,-0.5,26.8200581468912
Non-Free,0,Sims Int_179,0.5,-1.0,Correct,0.5,77.85407502101472
Non-Free,0,Sims Int_179,-0.5,0.0,Error,-0.5,53.26546459872179
Non-Free,0,Sims Int_179,-0.5,0.0,Correct,0.5,53.56610302674129
Non-Free,0,Sims Int_179,0.0,0.0,Error,-0.5,36.04953732732373
Non-Free,0,Sims Int_179,0.0,0.0,Correct,0.5,65.7923012568525
Non-Free,0,Sims Int_179,0.5,0.0,Error,-0.5,18.833610055925675
Non-Free,0,Sims Int_179,0.5,0.0,Correct,0.5,78.0184994869637
Non-Free,0,Sims Int_179,-0.5,1.0,Error,-0.5,43.69547674546118
Non-Free,0,Sims Int_179,-0.5,1.0,Correct,0.5,60.138355252065736
Non-Free,0,Sims Int_179,0.0,1.0,Error,-0.5,27.271319355210665
Non-Free,0,Sims Int_179,0.0,1.0,Correct,0.5,69.16063960248921
Non-Free,0,Sims Int_179,0.5,1.0,Error,-0.5,10.847161964960149
Non-Free,0,Sims Int_179,0.5,1.0,Correct,0.5,78.18292395291269
Free,1,Sims Int_18,-0.5,-1.0,Error,-0.5,66.39787859053058
Free,1,Sims Int_18,-0.5,-1.0,Correct,0.5,71.47550767185481
Free,1,Sims Int_18,0.0,-1.0,Error,-0.5,55.4145685820782
Free,1,Sims Int_18,0.0,-1.0,Correct,0.5,83.64392071848022
Free,1,Sims Int_18,0.5,-1.0,Error,-0.5,44.43125857362583
Free,1,Sims Int_18,0.5,-1.0,Correct,0.5,95.81233376510562
Free,1,Sims Int_18,-0.5,0.0,Error,-0.5,73.71584752456042
Free,1,Sims Int_18,-0.5,0.0,Correct,0.5,77.01005780608463
Free,1,Sims Int_18,0.0,0.0,Error,-0.5,64.14317781873105
Free,1,Sims Int_18,0.0,0.0,Correct,0.5,86.75027355036153
Free,1,Sims Int_18,0.5,0.0,Error,-0.5,54.570508112901685
Free,1,Sims Int_18,0.5,0.0,Correct,0.5,96.49048929463842
Free,1,Sims Int_18,-0.5,1.0,Error,-0.5,81.03381645859025
Free,1,Sims Int_18,-0.5,1.0,Correct,0.5,82.54460794031445
Free,1,Sims Int_18,0.0,1.0,Error,-0.5,72.87178705538389
Free,1,Sims Int_18,0.0,1.0,Correct,0.5,89.85662638224284
Free,1,Sims Int_18,0.5,1.0,Error,-0.5,64.70975765217754
Free,1,Sims Int_18,0.5,1.0,Correct,0.5,97.16864482417122
Non-Free,0,Sims Int_18,-0.5,-1.0,Error,-0.5,47.65999853515581
Non-Free,0,Sims Int_18,-0.5,-1.0,Correct,0.5,60.06229772235119
Non-Free,0,Sims Int_18,0.0,-1.0,Error,-0.5,28.42294780426346
Non-Free,0,Sims Int_18,0.0,-1.0,Correct,0.5,72.21774245518696
Non-Free,0,Sims Int_18,0.5,-1.0,Error,-0.5,9.185897073371107
Non-Free,0,Sims Int_18,0.5,-1.0,Correct,0.5,84.37318718802274
Non-Free,0,Sims Int_18,-0.5,0.0,Error,-0.5,43.34529622765534
Non-Free,0,Sims Int_18,-0.5,0.0,Correct,0.5,63.36451749543523
Non-Free,0,Sims Int_18,0.0,0.0,Error,-0.5,26.155800087705238
Non-Free,0,Sims Int_18,0.0,0.0,Correct,0.5,76.67383246641651
Non-Free,0,Sims Int_18,0.5,0.0,Error,-0.5,8.966303947755137
Non-Free,0,Sims Int_18,0.5,0.0,Correct,0.5,89.9831474373978
Non-Free,0,Sims Int_18,-0.5,1.0,Error,-0.5,39.03059392015487
Non-Free,0,Sims Int_18,-0.5,1.0,Correct,0.5,66.66673726851927
Non-Free,0,Sims Int_18,0.0,1.0,Error,-0.5,23.888652371147018
Non-Free,0,Sims Int_18,0.0,1.0,Correct,0.5,81.12992247764606
Non-Free,0,Sims Int_18,0.5,1.0,Error,-0.5,8.746710822139164
Non-Free,0,Sims Int_18,0.5,1.0,Correct,0.5,95.59310768677287
Free,1,Sims Int_180,-0.5,-1.0,Error,-0.5,74.14754494601871
Free,1,Sims Int_180,-0.5,-1.0,Correct,0.5,70.00988756168304
Free,1,Sims Int_180,0.0,-1.0,Error,-0.5,74.30087935360605
Free,1,Sims Int_180,0.0,-1.0,Correct,0.5,81.65158987701462
Free,1,Sims Int_180,0.5,-1.0,Error,-0.5,74.45421376119337
Free,1,Sims Int_180,0.5,-1.0,Correct,0.5,93.29329219234617
Free,1,Sims Int_180,-0.5,0.0,Error,-0.5,77.75854607398537
Free,1,Sims Int_180,-0.5,0.0,Correct,0.5,76.81736144334384
Free,1,Sims Int_180,0.0,0.0,Error,-0.5,75.67031145691857
Free,1,Sims Int_180,0.0,0.0,Correct,0.5,85.59517087080903
Free,1,Sims Int_180,0.5,0.0,Error,-0.5,73.58207683985177
Free,1,Sims Int_180,0.5,0.0,Correct,0.5,94.37298029827421
Free,1,Sims Int_180,-0.5,1.0,Error,-0.5,81.36954720195203
Free,1,Sims Int_180,-0.5,1.0,Correct,0.5,83.62483532500464
Free,1,Sims Int_180,0.0,1.0,Error,-0.5,77.03974356023109
Free,1,Sims Int_180,0.0,1.0,Correct,0.5,89.53875186460344
Free,1,Sims Int_180,0.5,1.0,Error,-0.5,72.70993991851014
Free,1,Sims Int_180,0.5,1.0,Correct,0.5,95.45266840420226
Non-Free,0,Sims Int_180,-0.5,-1.0,Error,-0.5,39.69342643905427
Non-Free,0,Sims Int_180,-0.5,-1.0,Correct,0.5,55.4495404555511
Non-Free,0,Sims Int_180,0.0,-1.0,Error,-0.5,24.65514564593836
Non-Free,0,Sims Int_180,0.0,-1.0,Correct,0.5,69.8628589369329
Non-Free,0,Sims Int_180,0.5,-1.0,Error,-0.5,9.616864852822449
Non-Free,0,Sims Int_180,0.5,-1.0,Correct,0.5,84.2761774183147
Non-Free,0,Sims Int_180,-0.5,0.0,Error,-0.5,38.1683143501629
Non-Free,0,Sims Int_180,-0.5,0.0,Correct,0.5,58.40616049961717
Non-Free,0,Sims Int_180,0.0,0.0,Error,-0.5,24.632964577125527
Non-Free,0,Sims Int_180,0.0,0.0,Correct,0.5,72.31828049602291
Non-Free,0,Sims Int_180,0.5,0.0,Error,-0.5,11.097614804088153
Non-Free,0,Sims Int_180,0.5,0.0,Correct,0.5,86.23040049242864
Non-Free,0,Sims Int_180,-0.5,1.0,Error,-0.5,36.64320226127153
Non-Free,0,Sims Int_180,-0.5,1.0,Correct,0.5,61.36278054368324
Non-Free,0,Sims Int_180,0.0,1.0,Error,-0.5,24.610783508312693
Non-Free,0,Sims Int_180,0.0,1.0,Correct,0.5,74.77370205511292
Non-Free,0,Sims Int_180,0.5,1.0,Error,-0.5,12.578364755353856
Non-Free,0,Sims Int_180,0.5,1.0,Correct,0.5,88.18462356654258
Free,1,Sims Int_181,-0.5,-1.0,Error,-0.5,70.86005414348033
Free,1,Sims Int_181,-0.5,-1.0,Correct,0.5,74.2832478293606
Free,1,Sims Int_181,0.0,-1.0,Error,-0.5,61.57647766581447
Free,1,Sims Int_181,0.0,-1.0,Correct,0.5,84.6646035515636
Free,1,Sims Int_181,0.5,-1.0,Error,-0.5,52.292901188148626
Free,1,Sims Int_181,0.5,-1.0,Correct,0.5,95.04595927376658
Free,1,Sims Int_181,-0.5,0.0,Error,-0.5,74.20694841329525
Free,1,Sims Int_181,-0.5,0.0,Correct,0.5,77.69223826778367
Free,1,Sims Int_181,0.0,0.0,Error,-0.5,63.44585651977741
Free,1,Sims Int_181,0.0,0.0,Correct,0.5,87.52100093082055
Free,1,Sims Int_181,0.5,0.0,Error,-0.5,52.684764626259565
Free,1,Sims Int_181,0.5,0.0,Correct,0.5,97.34976359385743
Free,1,Sims Int_181,-0.5,1.0,Error,-0.5,77.55384268311018
Free,1,Sims Int_181,-0.5,1.0,Correct,0.5,81.10122870620673
Free,1,Sims Int_181,0.0,1.0,Error,-0.5,65.31523537374034
Free,1,Sims Int_181,0.0,1.0,Correct,0.5,90.3773983100775
Free,1,Sims Int_181,0.5,1.0,Error,-0.5,53.076628064370496
Free,1,Sims Int_181,0.5,1.0,Correct,0.5,99.65356791394827
Non-Free,0,Sims Int_181,-0.5,-1.0,Error,-0.5,35.335584669986964
Non-Free,0,Sims Int_181,-0.5,-1.0,Correct,0.5,55.18067173381249
Non-Free,0,Sims Int_181,0.0,-1.0,Error,-0.5,23.459014962989926
Non-Free,0,Sims Int_181,0.0,-1.0,Correct,0.5,74.66281438878102
Non-Free,0,Sims Int_181,0.5,-1.0,Error,-0.5,11.582445255992887
Non-Free,0,Sims Int_181,0.5,-1.0,Correct,0.5,94.14495704374956
Non-Free,0,Sims Int_181,-0.5,0.0,Error,-0.5,35.804960967436685
Non-Free,0,Sims Int_181,-0.5,0.0,Correct,0.5,59.99468377861311
Non-Free,0,Sims Int_181,0.0,0.0,Error,-0.5,19.80056291307857
Non-Free,0,Sims Int_181,0.0,0.0,Correct,0.5,78.66957148389861
Non-Free,0,Sims Int_181,0.5,0.0,Error,-0.5,3.7961648587204557
Non-Free,0,Sims Int_181,0.5,0.0,Correct,0.5,97.34445918918411
Non-Free,0,Sims Int_181,-0.5,1.0,Error,-0.5,36.274337264886405
Non-Free,0,Sims Int_181,-0.5,1.0,Correct,0.5,64.80869582341373
Non-Free,0,Sims Int_181,0.0,1.0,Error,-0.5,16.14211086316721
Non-Free,0,Sims Int_181,0.0,1.0,Correct,0.5,82.6763285790162
Non-Free,0,Sims Int_181,0.5,1.0,Error,-0.5,-3.9901155385519775
Non-Free,0,Sims Int_181,0.5,1.0,Correct,0.5,100.54396133461867
Free,1,Sims Int_182,-0.5,-1.0,Error,-0.5,63.15837459450237
Free,1,Sims Int_182,-0.5,-1.0,Correct,0.5,70.49997922309517
Free,1,Sims Int_182,0.0,-1.0,Error,-0.5,54.8423339593649
Free,1,Sims Int_182,0.0,-1.0,Correct,0.5,79.54522541505837
Free,1,Sims Int_182,0.5,-1.0,Error,-0.5,46.52629332422743
Free,1,Sims Int_182,0.5,-1.0,Correct,0.5,88.59047160702156
Free,1,Sims Int_182,-0.5,0.0,Error,-0.5,69.80210005122082
Free,1,Sims Int_182,-0.5,0.0,Correct,0.5,75.43843568138175
Free,1,Sims Int_182,0.0,0.0,Error,-0.5,65.95642820556603
Free,1,Sims Int_182,0.0,0.0,Correct,0.5,83.44154843157429
Free,1,Sims Int_182,0.5,0.0,Error,-0.5,62.110756359911235
Free,1,Sims Int_182,0.5,0.0,Correct,0.5,91.44466118176683
Free,1,Sims Int_182,-0.5,1.0,Error,-0.5,76.44582550793928
Free,1,Sims Int_182,-0.5,1.0,Correct,0.5,80.37689213966833
Free,1,Sims Int_182,0.0,1.0,Error,-0.5,77.07052245176715
Free,1,Sims Int_182,0.0,1.0,Correct,0.5,87.33787144809021
Free,1,Sims Int_182,0.5,1.0,Error,-0.5,77.69521939559503
Free,1,Sims Int_182,0.5,1.0,Correct,0.5,94.29885075651211
Non-Free,0,Sims Int_182,-0.5,-1.0,Error,-0.5,43.54807860396717
Non-Free,0,Sims Int_182,-0.5,-1.0,Correct,0.5,54.43017076251698
Non-Free,0,Sims Int_182,0.0,-1.0,Error,-0.5,36.73979660040924
Non-Free,0,Sims Int_182,0.0,-1.0,Correct,0.5,69.32949596258128
Non-Free,0,Sims Int_182,0.5,-1.0,Error,-0.5,29.931514596851322
Non-Free,0,Sims Int_182,0.5,-1.0,Correct,0.5,84.22882116264556
Non-Free,0,Sims Int_182,-0.5,0.0,Error,-0.5,49.029419930691915
Non-Free,0,Sims Int_182,-0.5,0.0,Correct,0.5,55.8455389319985
Non-Free,0,Sims Int_182,0.0,0.0,Error,-0.5,39.53388793484632
Non-Free,0,Sims Int_182,0.0,0.0,Correct,0.5,71.41834847262493
Non-Free,0,Sims Int_182,0.5,0.0,Error,-0.5,30.038355939000724
Non-Free,0,Sims Int_182,0.5,0.0,Correct,0.5,86.99115801325135
Non-Free,0,Sims Int_182,-0.5,1.0,Error,-0.5,54.51076125741666
Non-Free,0,Sims Int_182,-0.5,1.0,Correct,0.5,57.260907101480015
Non-Free,0,Sims Int_182,0.0,1.0,Error,-0.5,42.3279792692834
Non-Free,0,Sims Int_182,0.0,1.0,Correct,0.5,73.50720098266858
Non-Free,0,Sims Int_182,0.5,1.0,Error,-0.5,30.145197281150125
Non-Free,0,Sims Int_182,0.5,1.0,Correct,0.5,89.75349486385716
Free,1,Sims Int_183,-0.5,-1.0,Error,-0.5,67.80994188172735
Free,1,Sims Int_183,-0.5,-1.0,Correct,0.5,67.05012172653463
Free,1,Sims Int_183,0.0,-1.0,Error,-0.5,67.06082897611026
Free,1,Sims Int_183,0.0,-1.0,Correct,0.5,78.57665526313463
Free,1,Sims Int_183,0.5,-1.0,Error,-0.5,66.31171607049315
Free,1,Sims Int_183,0.5,-1.0,Correct,0.5,90.10318879973462
Free,1,Sims Int_183,-0.5,0.0,Error,-0.5,74.67989174483313
Free,1,Sims Int_183,-0.5,0.0,Correct,0.5,75.40344804090884
Free,1,Sims Int_183,0.0,0.0,Error,-0.5,68.26456786889783
Free,1,Sims Int_183,0.0,0.0,Correct,0.5,83.98834553082374
Free,1,Sims Int_183,0.5,0.0,Error,-0.5,61.84924399296252
Free,1,Sims Int_183,0.5,0.0,Correct,0.5,92.57324302073863
Free,1,Sims Int_183,-0.5,1.0,Error,-0.5,81.5498416079389
Free,1,Sims Int_183,-0.5,1.0,Correct,0.5,83.75677435528306
Free,1,Sims Int_183,0.0,1.0,Error,-0.5,69.4683067616854
Free,1,Sims Int_183,0.0,1.0,Correct,0.5,89.40003579851285
Free,1,Sims Int_183,0.5,1.0,Error,-0.5,57.38677191543189
Free,1,Sims Int_183,0.5,1.0,Correct,0.5,95.04329724174264
Non-Free,0,Sims Int_183,-0.5,-1.0,Error,-0.5,47.971969937210645
Non-Free,0,Sims Int_183,-0.5,-1.0,Correct,0.5,45.85709504273588
Non-Free,0,Sims Int_183,0.0,-1.0,Error,-0.5,38.16220904420627
Non-Free,0,Sims Int_183,0.0,-1.0,Correct,0.5,64.6479119343002
Non-Free,0,Sims Int_183,0.5,-1.0,Error,-0.5,28.352448151201887
Non-Free,0,Sims Int_183,0.5,-1.0,Correct,0.5,83.43872882586452
Non-Free,0,Sims Int_183,-0.5,0.0,Error,-0.5,40.60950719857932
Non-Free,0,Sims Int_183,-0.5,0.0,Correct,0.5,52.57023795753727
Non-Free,0,Sims Int_183,0.0,0.0,Error,-0.5,31.10751252616225
Non-Free,0,Sims Int_183,0.0,0.0,Correct,0.5,70.83895536419635
Non-Free,0,Sims Int_183,0.5,0.0,Error,-0.5,21.605517853745173
Non-Free,0,Sims Int_183,0.5,0.0,Correct,0.5,89.10767277085543
Non-Free,0,Sims Int_183,-0.5,1.0,Error,-0.5,33.247044459948
Non-Free,0,Sims Int_183,-0.5,1.0,Correct,0.5,59.28338087233867
Non-Free,0,Sims Int_183,0.0,1.0,Error,-0.5,24.052816008118228
Non-Free,0,Sims Int_183,0.0,1.0,Correct,0.5,77.0299987940925
Non-Free,0,Sims Int_183,0.5,1.0,Error,-0.5,14.858587556288457
Non-Free,0,Sims Int_183,0.5,1.0,Correct,0.5,94.77661671584634
Free,1,Sims Int_184,-0.5,-1.0,Error,-0.5,60.640520637095435
Free,1,Sims Int_184,-0.5,-1.0,Correct,0.5,46.64070780626407
Free,1,Sims Int_184,0.0,-1.0,Error,-0.5,69.11477992806991
Free,1,Sims Int_184,0.0,-1.0,Correct,0.5,26.401807685723107
Free,1,Sims Int_184,0.5,-1.0,Error,-0.5,77.58903921904438
Free,1,Sims Int_184,0.5,-1.0,Correct,0.5,6.162907565182147
Free,1,Sims Int_184,-0.5,0.0,Error,-0.5,52.63310498373011
Free,1,Sims Int_184,-0.5,0.0,Correct,0.5,38.414137336917335
Free,1,Sims Int_184,0.0,0.0,Error,-0.5,68.87538962151054
Free,1,Sims Int_184,0.0,0.0,Correct,0.5,21.598888588934717
Free,1,Sims Int_184,0.5,0.0,Error,-0.5,85.11767425929096
Free,1,Sims Int_184,0.5,0.0,Correct,0.5,4.783639840952098
Free,1,Sims Int_184,-0.5,1.0,Error,-0.5,44.62568933036478
Free,1,Sims Int_184,-0.5,1.0,Correct,0.5,30.187566867570602
Free,1,Sims Int_184,0.0,1.0,Error,-0.5,68.63599931495116
Free,1,Sims Int_184,0.0,1.0,Correct,0.5,16.795969492146327
Free,1,Sims Int_184,0.5,1.0,Error,-0.5,92.64630929953755
Free,1,Sims Int_184,0.5,1.0,Correct,0.5,3.4043721167220498
Non-Free,0,Sims Int_184,-0.5,-1.0,Error,-0.5,63.30278335159356
Non-Free,0,Sims Int_184,-0.5,-1.0,Correct,0.5,33.03587876255807
Non-Free,0,Sims Int_184,0.0,-1.0,Error,-0.5,75.65421995986853
Non-Free,0,Sims Int_184,0.0,-1.0,Correct,0.5,20.291299110851753
Non-Free,0,Sims Int_184,0.5,-1.0,Error,-0.5,88.00565656814351
Non-Free,0,Sims Int_184,0.5,-1.0,Correct,0.5,7.546719459145436
Non-Free,0,Sims Int_184,-0.5,0.0,Error,-0.5,62.58759986704909
Non-Free,0,Sims Int_184,-0.5,0.0,Correct,0.5,39.2725793412375
Non-Free,0,Sims Int_184,0.0,0.0,Error,-0.5,76.8053808181404
Non-Free,0,Sims Int_184,0.0,0.0,Correct,0.5,22.725468857452334
Non-Free,0,Sims Int_184,0.5,0.0,Error,-0.5,91.02316176923172
Non-Free,0,Sims Int_184,0.5,0.0,Correct,0.5,6.178358373667166
Non-Free,0,Sims Int_184,-0.5,1.0,Error,-0.5,61.872416382504625
Non-Free,0,Sims Int_184,-0.5,1.0,Correct,0.5,45.509279919916935
Non-Free,0,Sims Int_184,0.0,1.0,Error,-0.5,77.95654167641229
Non-Free,0,Sims Int_184,0.0,1.0,Correct,0.5,25.159638604052915
Non-Free,0,Sims Int_184,0.5,1.0,Error,-0.5,94.04066697031993
Non-Free,0,Sims Int_184,0.5,1.0,Correct,0.5,4.809997288188896
Free,1,Sims Int_185,-0.5,-1.0,Error,-0.5,59.64544250717279
Free,1,Sims Int_185,-0.5,-1.0,Correct,0.5,75.36657913208384
Free,1,Sims Int_185,0.0,-1.0,Error,-0.5,47.91339292282792
Free,1,Sims Int_185,0.0,-1.0,Correct,0.5,85.59368375644777
Free,1,Sims Int_185,0.5,-1.0,Error,-0.5,36.181343338483046
Free,1,Sims Int_185,0.5,-1.0,Correct,0.5,95.8207883808117
Free,1,Sims Int_185,-0.5,0.0,Error,-0.5,62.66054219083351
Free,1,Sims Int_185,-0.5,0.0,Correct,0.5,78.41661959085371
Free,1,Sims Int_185,0.0,0.0,Error,-0.5,54.615316707128656
Free,1,Sims Int_185,0.0,0.0,Correct,0.5,88.11021795980227
Free,1,Sims Int_185,0.5,0.0,Error,-0.5,46.5700912234238
Free,1,Sims Int_185,0.5,0.0,Correct,0.5,97.80381632875083
Free,1,Sims Int_185,-0.5,1.0,Error,-0.5,65.67564187449423
Free,1,Sims Int_185,-0.5,1.0,Correct,0.5,81.46666004962358
Free,1,Sims Int_185,0.0,1.0,Error,-0.5,61.317240491429395
Free,1,Sims Int_185,0.0,1.0,Correct,0.5,90.62675216315677
Free,1,Sims Int_185,0.5,1.0,Error,-0.5,56.95883910836456
Free,1,Sims Int_185,0.5,1.0,Correct,0.5,99.78684427668995
Non-Free,0,Sims Int_185,-0.5,-1.0,Error,-0.5,34.28067845804988
Non-Free,0,Sims Int_185,-0.5,-1.0,Correct,0.5,51.69087727226288
Non-Free,0,Sims Int_185,0.0,-1.0,Error,-0.5,23.552097959183683
Non-Free,0,Sims Int_185,0.0,-1.0,Correct,0.5,70.93465138168482
Non-Free,0,Sims Int_185,0.5,-1.0,Error,-0.5,12.823517460317486
Non-Free,0,Sims Int_185,0.5,-1.0,Correct,0.5,90.17842549110674
Non-Free,0,Sims Int_185,-0.5,0.0,Error,-0.5,37.99393741496597
Non-Free,0,Sims Int_185,-0.5,0.0,Correct,0.5,62.132028349003576
Non-Free,0,Sims Int_185,0.0,0.0,Error,-0.5,22.898412698412688
Non-Free,0,Sims Int_185,0.0,0.0,Correct,0.5,78.61305612157604
Non-Free,0,Sims Int_185,0.5,0.0,Error,-0.5,7.802887981859408
Non-Free,0,Sims Int_185,0.5,0.0,Correct,0.5,95.0940838941485
Non-Free,0,Sims Int_185,-0.5,1.0,Error,-0.5,41.70719637188206
Non-Free,0,Sims Int_185,-0.5,1.0,Correct,0.5,72.57317942574427
Non-Free,0,Sims Int_185,0.0,1.0,Error,-0.5,22.244727437641693
Non-Free,0,Sims Int_185,0.0,1.0,Correct,0.5,86.29146086146726
Non-Free,0,Sims Int_185,0.5,1.0,Error,-0.5,2.782258503401329
Non-Free,0,Sims Int_185,0.5,1.0,Correct,0.5,100.00974229719024
Free,1,Sims Int_186,-0.5,-1.0,Error,-0.5,66.41056218057915
Free,1,Sims Int_186,-0.5,-1.0,Correct,0.5,80.54833859569653
Free,1,Sims Int_186,0.0,-1.0,Error,-0.5,89.99999999999987
Free,1,Sims Int_186,0.0,-1.0,Correct,0.5,89.88832478474659
Free,1,Sims Int_186,0.5,-1.0,Error,-0.5,113.5894378194206
Free,1,Sims Int_186,0.5,-1.0,Correct,0.5,99.22831097379665
Free,1,Sims Int_186,-0.5,0.0,Error,-0.5,68.28109028960816
Free,1,Sims Int_186,-0.5,0.0,Correct,0.5,83.69945088591334
Free,1,Sims Int_186,0.0,0.0,Error,-0.5,33.99999999999996
Free,1,Sims Int_186,0.0,0.0,Correct,0.5,91.75448467489589
Free,1,Sims Int_186,0.5,0.0,Error,-0.5,-0.281090289608251
Free,1,Sims Int_186,0.5,0.0,Correct,0.5,99.80951846387845
Free,1,Sims Int_186,-0.5,1.0,Error,-0.5,70.15161839863717
Free,1,Sims Int_186,-0.5,1.0,Correct,0.5,86.85056317613014
Free,1,Sims Int_186,0.0,1.0,Error,-0.5,-21.999999999999957
Free,1,Sims Int_186,0.0,1.0,Correct,0.5,93.6206445650452
Free,1,Sims Int_186,0.5,1.0,Error,-0.5,-114.15161839863708
Free,1,Sims Int_186,0.5,1.0,Correct,0.5,100.39072595396024
Non-Free,0,Sims Int_186,-0.5,-1.0,Error,-0.5,37.2846221935172
Non-Free,0,Sims Int_186,-0.5,-1.0,Correct,0.5,66.89491620083545
Non-Free,0,Sims Int_186,0.0,-1.0,Error,-0.5,23.570912478626102
Non-Free,0,Sims Int_186,0.0,-1.0,Correct,0.5,82.24053006031106
Non-Free,0,Sims Int_186,0.5,-1.0,Error,-0.5,9.857202763735003
Non-Free,0,Sims Int_186,0.5,-1.0,Correct,0.5,97.58614391978668
Non-Free,0,Sims Int_186,-0.5,0.0,Error,-0.5,34.987982422310616
Non-Free,0,Sims Int_186,-0.5,0.0,Correct,0.5,67.23842861413266
Non-Free,0,Sims Int_186,0.0,0.0,Error,-0.5,17.941542450375437
Non-Free,0,Sims Int_186,0.0,0.0,Correct,0.5,82.90531337005183
Non-Free,0,Sims Int_186,0.5,0.0,Error,-0.5,0.8951024784402577
Non-Free,0,Sims Int_186,0.5,0.0,Correct,0.5,98.572198125971
Non-Free,0,Sims Int_186,-0.5,1.0,Error,-0.5,32.69134265110403
Non-Free,0,Sims Int_186,-0.5,1.0,Correct,0.5,67.58194102742986
Non-Free,0,Sims Int_186,0.0,1.0,Error,-0.5,12.312172422124771
Non-Free,0,Sims Int_186,0.0,1.0,Correct,0.5,83.5700966797926
Non-Free,0,Sims Int_186,0.5,1.0,Error,-0.5,-8.066997806854488
Non-Free,0,Sims Int_186,0.5,1.0,Correct,0.5,99.55825233215533
Free,1,Sims Int_187,-0.5,-1.0,Error,-0.5,67.97643174314001
Free,1,Sims Int_187,-0.5,-1.0,Correct,0.5,69.57638319926167
Free,1,Sims Int_187,0.0,-1.0,Error,-0.5,61.757892682291974
Free,1,Sims Int_187,0.0,-1.0,Correct,0.5,76.61250479745539
Free,1,Sims Int_187,0.5,-1.0,Error,-0.5,55.53935362144394
Free,1,Sims Int_187,0.5,-1.0,Correct,0.5,83.64862639564909
Free,1,Sims Int_187,-0.5,0.0,Error,-0.5,67.55611489728523
Free,1,Sims Int_187,-0.5,0.0,Correct,0.5,70.05908796568889
Free,1,Sims Int_187,0.0,0.0,Error,-0.5,64.49770660854563
Free,1,Sims Int_187,0.0,0.0,Correct,0.5,79.31660174121542
Free,1,Sims Int_187,0.5,0.0,Error,-0.5,61.439298319806035
Free,1,Sims Int_187,0.5,0.0,Correct,0.5,88.57411551674195
Free,1,Sims Int_187,-0.5,1.0,Error,-0.5,67.13579805143044
Free,1,Sims Int_187,-0.5,1.0,Correct,0.5,70.54179273211611
Free,1,Sims Int_187,0.0,1.0,Error,-0.5,67.23752053479929
Free,1,Sims Int_187,0.0,1.0,Correct,0.5,82.02069868497546
Free,1,Sims Int_187,0.5,1.0,Error,-0.5,67.33924301816813
Free,1,Sims Int_187,0.5,1.0,Correct,0.5,93.49960463783482
Non-Free,0,Sims Int_187,-0.5,-1.0,Error,-0.5,47.96890569475607
Non-Free,0,Sims Int_187,-0.5,-1.0,Correct,0.5,49.37157845786613
Non-Free,0,Sims Int_187,0.0,-1.0,Error,-0.5,31.54575630284722
Non-Free,0,Sims Int_187,0.0,-1.0,Correct,0.5,67.66153177302746
Non-Free,0,Sims Int_187,0.5,-1.0,Error,-0.5,15.122606910938368
Non-Free,0,Sims Int_187,0.5,-1.0,Correct,0.5,85.9514850881888
Non-Free,0,Sims Int_187,-0.5,0.0,Error,-0.5,46.388011067025886
Non-Free,0,Sims Int_187,-0.5,0.0,Correct,0.5,51.80193641818845
Non-Free,0,Sims Int_187,0.0,0.0,Error,-0.5,28.944013945073777
Non-Free,0,Sims Int_187,0.0,0.0,Correct,0.5,68.95563438546569
Non-Free,0,Sims Int_187,0.5,0.0,Error,-0.5,11.500016823121666
Non-Free,0,Sims Int_187,0.5,0.0,Correct,0.5,86.10933235274292
Non-Free,0,Sims Int_187,-0.5,1.0,Error,-0.5,44.807116439295704
Non-Free,0,Sims Int_187,-0.5,1.0,Correct,0.5,54.232294378510765
Non-Free,0,Sims Int_187,0.0,1.0,Error,-0.5,26.342271587300335
Non-Free,0,Sims Int_187,0.0,1.0,Correct,0.5,70.24973699790391
Non-Free,0,Sims Int_187,0.5,1.0,Error,-0.5,7.8774267353049625
Non-Free,0,Sims Int_187,0.5,1.0,Correct,0.5,86.26717961729706
Free,1,Sims Int_188,-0.5,-1.0,Error,-0.5,72.3385173906394
Free,1,Sims Int_188,-0.5,-1.0,Correct,0.5,66.85695918863699
Free,1,Sims Int_188,0.0,-1.0,Error,-0.5,71.48989507769431
Free,1,Sims Int_188,0.0,-1.0,Correct,0.5,73.48348619253008
Free,1,Sims Int_188,0.5,-1.0,Error,-0.5,70.64127276474923
Free,1,Sims Int_188,0.5,-1.0,Correct,0.5,80.11001319642315
Free,1,Sims Int_188,-0.5,0.0,Error,-0.5,72.01579153839499
Free,1,Sims Int_188,-0.5,0.0,Correct,0.5,74.21382347019892
Free,1,Sims Int_188,0.0,0.0,Error,-0.5,72.13653197869633
Free,1,Sims Int_188,0.0,0.0,Correct,0.5,79.3114401139187
Free,1,Sims Int_188,0.5,0.0,Error,-0.5,72.25727241899766
Free,1,Sims Int_188,0.5,0.0,Correct,0.5,84.4090567576385
Free,1,Sims Int_188,-0.5,1.0,Error,-0.5,71.69306568615059
Free,1,Sims Int_188,-0.5,1.0,Correct,0.5,81.57068775176084
Free,1,Sims Int_188,0.0,1.0,Error,-0.5,72.78316887969834
Free,1,Sims Int_188,0.0,1.0,Correct,0.5,85.13939403530733
Free,1,Sims Int_188,0.5,1.0,Error,-0.5,73.87327207324608
Free,1,Sims Int_188,0.5,1.0,Correct,0.5,88.70810031885382
Non-Free,0,Sims Int_188,-0.5,-1.0,Error,-0.5,57.23260571707432
Non-Free,0,Sims Int_188,-0.5,-1.0,Correct,0.5,49.23185339584263
Non-Free,0,Sims Int_188,0.0,-1.0,Error,-0.5,44.83617372698444
Non-Free,0,Sims Int_188,0.0,-1.0,Correct,0.5,59.009384646544156
Non-Free,0,Sims Int_188,0.5,-1.0,Error,-0.5,32.43974173689456
Non-Free,0,Sims Int_188,0.5,-1.0,Correct,0.5,68.78691589724568
Non-Free,0,Sims Int_188,-0.5,0.0,Error,-0.5,53.66338519867118
Non-Free,0,Sims Int_188,-0.5,0.0,Correct,0.5,50.98244450781771
Non-Free,0,Sims Int_188,0.0,0.0,Error,-0.5,40.073908106383435
Non-Free,0,Sims Int_188,0.0,0.0,Correct,0.5,62.151953891970855
Non-Free,0,Sims Int_188,0.5,0.0,Error,-0.5,26.484431014095687
Non-Free,0,Sims Int_188,0.5,0.0,Correct,0.5,73.32146327612399
Non-Free,0,Sims Int_188,-0.5,1.0,Error,-0.5,50.09416468026804
Non-Free,0,Sims Int_188,-0.5,1.0,Correct,0.5,52.733035619792794
Non-Free,0,Sims Int_188,0.0,1.0,Error,-0.5,35.31164248578243
Non-Free,0,Sims Int_188,0.0,1.0,Correct,0.5,65.29452313739756
Non-Free,0,Sims Int_188,0.5,1.0,Error,-0.5,20.529120291296817
Non-Free,0,Sims Int_188,0.5,1.0,Correct,0.5,77.85601065500232
Free,1,Sims Int_189,-0.5,-1.0,Error,-0.5,59.64363317362853
Free,1,Sims Int_189,-0.5,-1.0,Correct,0.5,62.79956444909678
Free,1,Sims Int_189,0.0,-1.0,Error,-0.5,52.2656724475336
Free,1,Sims Int_189,0.0,-1.0,Correct,0.5,72.33842909072159
Free,1,Sims Int_189,0.5,-1.0,Error,-0.5,44.88771172143868
Free,1,Sims Int_189,0.5,-1.0,Correct,0.5,81.8772937323464
Free,1,Sims Int_189,-0.5,0.0,Error,-0.5,64.10999392671576
Free,1,Sims Int_189,-0.5,0.0,Correct,0.5,64.79249490783148
Free,1,Sims Int_189,0.0,0.0,Error,-0.5,57.44810715972739
Free,1,Sims Int_189,0.0,0.0,Correct,0.5,74.71329611686696
Free,1,Sims Int_189,0.5,0.0,Error,-0.5,50.786220392739025
Free,1,Sims Int_189,0.5,0.0,Correct,0.5,84.63409732590243
Free,1,Sims Int_189,-0.5,1.0,Error,-0.5,68.57635467980299
Free,1,Sims Int_189,-0.5,1.0,Correct,0.5,66.78542536656619
Free,1,Sims Int_189,0.0,1.0,Error,-0.5,62.63054187192118
Free,1,Sims Int_189,0.0,1.0,Correct,0.5,77.08816314301232
Free,1,Sims Int_189,0.5,1.0,Error,-0.5,56.684729064039374
Free,1,Sims Int_189,0.5,1.0,Correct,0.5,87.39090091945846
Non-Free,0,Sims Int_189,-0.5,-1.0,Error,-0.5,43.43137695488046
Non-Free,0,Sims Int_189,-0.5,-1.0,Correct,0.5,49.274984546252675
Non-Free,0,Sims Int_189,0.0,-1.0,Error,-0.5,36.360686679849
Non-Free,0,Sims Int_189,0.0,-1.0,Correct,0.5,64.9493033873544
Non-Free,0,Sims Int_189,0.5,-1.0,Error,-0.5,29.28999640481754
Non-Free,0,Sims Int_189,0.5,-1.0,Correct,0.5,80.62362222845613
Non-Free,0,Sims Int_189,-0.5,0.0,Error,-0.5,44.6964767211936
Non-Free,0,Sims Int_189,-0.5,0.0,Correct,0.5,52.20210053558942
Non-Free,0,Sims Int_189,0.0,0.0,Error,-0.5,33.37075319072446
Non-Free,0,Sims Int_189,0.0,0.0,Correct,0.5,67.84368333558845
Non-Free,0,Sims Int_189,0.5,0.0,Error,-0.5,22.045029660255317
Non-Free,0,Sims Int_189,0.5,0.0,Correct,0.5,83.48526613558748
Non-Free,0,Sims Int_189,-0.5,1.0,Error,-0.5,45.96157648750673
Non-Free,0,Sims Int_189,-0.5,1.0,Correct,0.5,55.12921652492617
Non-Free,0,Sims Int_189,0.0,1.0,Error,-0.5,30.380819701599915
Non-Free,0,Sims Int_189,0.0,1.0,Correct,0.5,70.7380632838225
Non-Free,0,Sims Int_189,0.5,1.0,Error,-0.5,14.800062915693097
Non-Free,0,Sims Int_189,0.5,1.0,Correct,0.5,86.34691004271883
Free,1,Sims Int_19,-0.5,-1.0,Error,-0.5,70.07705538692512
Free,1,Sims Int_19,-0.5,-1.0,Correct,0.5,75.70318369003266
Free,1,Sims Int_19,0.0,-1.0,Error,-0.5,63.38153986748917
Free,1,Sims Int_19,0.0,-1.0,Correct,0.5,83.21215380848135
Free,1,Sims Int_19,0.5,-1.0,Error,-0.5,56.686024348053195
Free,1,Sims Int_19,0.5,-1.0,Correct,0.5,90.72112392693003
Free,1,Sims Int_19,-0.5,0.0,Error,-0.5,76.21304220111615
Free,1,Sims Int_19,-0.5,0.0,Correct,0.5,76.59659297940773
Free,1,Sims Int_19,0.0,0.0,Error,-0.5,69.91926629459181
Free,1,Sims Int_19,0.0,0.0,Correct,0.5,85.13406564704316
Free,1,Sims Int_19,0.5,0.0,Error,-0.5,63.625490388067455
Free,1,Sims Int_19,0.5,0.0,Correct,0.5,93.67153831467859
Free,1,Sims Int_19,-0.5,1.0,Error,-0.5,82.34902901530718
Free,1,Sims Int_19,-0.5,1.0,Correct,0.5,77.4900022687828
Free,1,Sims Int_19,0.0,1.0,Error,-0.5,76.45699272169445
Free,1,Sims Int_19,0.0,1.0,Correct,0.5,87.05597748560497
Free,1,Sims Int_19,0.5,1.0,Error,-0.5,70.56495642808173
Free,1,Sims Int_19,0.5,1.0,Correct,0.5,96.62195270242714
Non-Free,0,Sims Int_19,-0.5,-1.0,Error,-0.5,46.90891800546147
Non-Free,0,Sims Int_19,-0.5,-1.0,Correct,0.5,49.17115014036907
Non-Free,0,Sims Int_19,0.0,-1.0,Error,-0.5,35.30594358530887
Non-Free,0,Sims Int_19,0.0,-1.0,Correct,0.5,68.25315581447786
Non-Free,0,Sims Int_19,0.5,-1.0,Error,-0.5,23.70296916515625
Non-Free,0,Sims Int_19,0.5,-1.0,Correct,0.5,87.33516148858666
Non-Free,0,Sims Int_19,-0.5,0.0,Error,-0.5,49.205182717146556
Non-Free,0,Sims Int_19,-0.5,0.0,Correct,0.5,56.164957549007084
Non-Free,0,Sims Int_19,0.0,0.0,Error,-0.5,33.06768527550008
Non-Free,0,Sims Int_19,0.0,0.0,Correct,0.5,72.85503757894057
Non-Free,0,Sims Int_19,0.5,0.0,Error,-0.5,16.93018783385361
Non-Free,0,Sims Int_19,0.5,0.0,Correct,0.5,89.54511760887405
Non-Free,0,Sims Int_19,-0.5,1.0,Error,-0.5,51.50144742883164
Non-Free,0,Sims Int_19,-0.5,1.0,Correct,0.5,63.1587649576451
Non-Free,0,Sims Int_19,0.0,1.0,Error,-0.5,30.8294269656913
Non-Free,0,Sims Int_19,0.0,1.0,Correct,0.5,77.45691934340327
Non-Free,0,Sims Int_19,0.5,1.0,Error,-0.5,10.157406502550966
Non-Free,0,Sims Int_19,0.5,1.0,Correct,0.5,91.75507372916144
Free,1,Sims Int_190,-0.5,-1.0,Error,-0.5,68.53642188915695
Free,1,Sims Int_190,-0.5,-1.0,Correct,0.5,72.81262158924187
Free,1,Sims Int_190,0.0,-1.0,Error,-0.5,69.7172814304584
Free,1,Sims Int_190,0.0,-1.0,Correct,0.5,81.1228315527634
Free,1,Sims Int_190,0.5,-1.0,Error,-0.5,70.89814097175984
Free,1,Sims Int_190,0.5,-1.0,Correct,0.5,89.43304151628494
Free,1,Sims Int_190,-0.5,0.0,Error,-0.5,70.51696922724248
Free,1,Sims Int_190,-0.5,0.0,Correct,0.5,72.3592855299394
Free,1,Sims Int_190,0.0,0.0,Error,-0.5,68.29544685449805
Free,1,Sims Int_190,0.0,0.0,Correct,0.5,82.14794795337734
Free,1,Sims Int_190,0.5,0.0,Error,-0.5,66.07392448175362
Free,1,Sims Int_190,0.5,0.0,Correct,0.5,91.93661037681528
Free,1,Sims Int_190,-0.5,1.0,Error,-0.5,72.49751656532801
Free,1,Sims Int_190,-0.5,1.0,Correct,0.5,71.90594947063693
Free,1,Sims Int_190,0.0,1.0,Error,-0.5,66.8736122785377
Free,1,Sims Int_190,0.0,1.0,Correct,0.5,83.17306435399128
Free,1,Sims Int_190,0.5,1.0,Error,-0.5,61.24970799174741
Free,1,Sims Int_190,0.5,1.0,Correct,0.5,94.44017923734562
Non-Free,0,Sims Int_190,-0.5,-1.0,Error,-0.5,43.160452486141246
Non-Free,0,Sims Int_190,-0.5,-1.0,Correct,0.5,49.93122279278491
Non-Free,0,Sims Int_190,0.0,-1.0,Error,-0.5,30.56901257843939
Non-Free,0,Sims Int_190,0.0,-1.0,Correct,0.5,66.38766047672435
Non-Free,0,Sims Int_190,0.5,-1.0,Error,-0.5,17.977572670737533
Non-Free,0,Sims Int_190,0.5,-1.0,Correct,0.5,82.84409816066379
Non-Free,0,Sims Int_190,-0.5,0.0,Error,-0.5,47.43866955567441
Non-Free,0,Sims Int_190,-0.5,0.0,Correct,0.5,46.3446188510047
Non-Free,0,Sims Int_190,0.0,0.0,Error,-0.5,37.94563412781047
Non-Free,0,Sims Int_190,0.0,0.0,Correct,0.5,65.39494366893547
Non-Free,0,Sims Int_190,0.5,0.0,Error,-0.5,28.452598699946535
Non-Free,0,Sims Int_190,0.5,0.0,Correct,0.5,84.44526848686624
Non-Free,0,Sims Int_190,-0.5,1.0,Error,-0.5,51.71688662520757
Non-Free,0,Sims Int_190,-0.5,1.0,Correct,0.5,42.758014909224485
Non-Free,0,Sims Int_190,0.0,1.0,Error,-0.5,45.32225567718155
Non-Free,0,Sims Int_190,0.0,1.0,Correct,0.5,64.40222686114659
Non-Free,0,Sims Int_190,0.5,1.0,Error,-0.5,38.92762472915554
Non-Free,0,Sims Int_190,0.5,1.0,Correct,0.5,86.04643881306869
Free,1,Sims Int_191,-0.5,-1.0,Error,-0.5,72.79247289989222
Free,1,Sims Int_191,-0.5,-1.0,Correct,0.5,71.4358180933638
Free,1,Sims Int_191,0.0,-1.0,Error,-0.5,70.92341228997198
Free,1,Sims Int_191,0.0,-1.0,Correct,0.5,81.68876251116852
Free,1,Sims Int_191,0.5,-1.0,Error,-0.5,69.05435168005175
Free,1,Sims Int_191,0.5,-1.0,Correct,0.5,91.94170692897323
Free,1,Sims Int_191,-0.5,0.0,Error,-0.5,75.03528779987397
Free,1,Sims Int_191,-0.5,0.0,Correct,0.5,74.50327516863409
Free,1,Sims Int_191,0.0,0.0,Error,-0.5,69.89308151202934
Free,1,Sims Int_191,0.0,0.0,Correct,0.5,83.43910409882031
Free,1,Sims Int_191,0.5,0.0,Error,-0.5,64.75087522418471
Free,1,Sims Int_191,0.5,0.0,Correct,0.5,92.37493302900653
Free,1,Sims Int_191,-0.5,1.0,Error,-0.5,77.27810269985572
Free,1,Sims Int_191,-0.5,1.0,Correct,0.5,77.57073224390437
Free,1,Sims Int_191,0.0,1.0,Error,-0.5,68.8627507340867
Free,1,Sims Int_191,0.0,1.0,Correct,0.5,85.1894456864721
Free,1,Sims Int_191,0.5,1.0,Error,-0.5,60.447398768317676
Free,1,Sims Int_191,0.5,1.0,Correct,0.5,92.80815912903982
Non-Free,0,Sims Int_191,-0.5,-1.0,Error,-0.5,50.796118115070016
Non-Free,0,Sims Int_191,-0.5,-1.0,Correct,0.5,54.83580692376165
Non-Free,0,Sims Int_191,0.0,-1.0,Error,-0.5,34.08527318845767
Non-Free,0,Sims Int_191,0.0,-1.0,Correct,0.5,70.7634980571567
Non-Free,0,Sims Int_191,0.5,-1.0,Error,-0.5,17.374428261845317
Non-Free,0,Sims Int_191,0.5,-1.0,Correct,0.5,86.69118919055174
Non-Free,0,Sims Int_191,-0.5,0.0,Error,-0.5,41.01322258702719
Non-Free,0,Sims Int_191,-0.5,0.0,Correct,0.5,49.93228050018638
Non-Free,0,Sims Int_191,0.0,0.0,Error,-0.5,29.502153327616252
Non-Free,0,Sims Int_191,0.0,0.0,Correct,0.5,69.81487213821657
Non-Free,0,Sims Int_191,0.5,0.0,Error,-0.5,17.991084068205318
Non-Free,0,Sims Int_191,0.5,0.0,Correct,0.5,89.69746377624676
Non-Free,0,Sims Int_191,-0.5,1.0,Error,-0.5,31.230327058984358
Non-Free,0,Sims Int_191,-0.5,1.0,Correct,0.5,45.02875407661111
Non-Free,0,Sims Int_191,0.0,1.0,Error,-0.5,24.919033466774838
Non-Free,0,Sims Int_191,0.0,1.0,Correct,0.5,68.86624621927645
Non-Free,0,Sims Int_191,0.5,1.0,Error,-0.5,18.60773987456532
Non-Free,0,Sims Int_191,0.5,1.0,Correct,0.5,92.70373836194179
Free,1,Sims Int_192,-0.5,-1.0,Error,-0.5,69.32723611091596
Free,1,Sims Int_192,-0.5,-1.0,Correct,0.5,73.50454386070221
Free,1,Sims Int_192,0.0,-1.0,Error,-0.5,67.13366292919538
Free,1,Sims Int_192,0.0,-1.0,Correct,0.5,82.88565547489114
Free,1,Sims Int_192,0.5,-1.0,Error,-0.5,64.9400897474748
Free,1,Sims Int_192,0.5,-1.0,Correct,0.5,92.26676708908006
Free,1,Sims Int_192,-0.5,0.0,Error,-0.5,72.95098206455312
Free,1,Sims Int_192,-0.5,0.0,Correct,0.5,78.0919098664478
Free,1,Sims Int_192,0.0,0.0,Error,-0.5,72.23743746074047
Free,1,Sims Int_192,0.0,0.0,Correct,0.5,85.30808418534403
Free,1,Sims Int_192,0.5,0.0,Error,-0.5,71.52389285692782
Free,1,Sims Int_192,0.5,0.0,Correct,0.5,92.52425850424025
Free,1,Sims Int_192,-0.5,1.0,Error,-0.5,76.57472801819027
Free,1,Sims Int_192,-0.5,1.0,Correct,0.5,82.6792758721934
Free,1,Sims Int_192,0.0,1.0,Error,-0.5,77.34121199228555
Free,1,Sims Int_192,0.0,1.0,Correct,0.5,87.73051289579692
Free,1,Sims Int_192,0.5,1.0,Error,-0.5,78.10769596638083
Free,1,Sims Int_192,0.5,1.0,Correct,0.5,92.78174991940044
Non-Free,0,Sims Int_192,-0.5,-1.0,Error,-0.5,43.92223724565511
Non-Free,0,Sims Int_192,-0.5,-1.0,Correct,0.5,51.832021235730174
Non-Free,0,Sims Int_192,0.0,-1.0,Error,-0.5,35.01745374798007
Non-Free,0,Sims Int_192,0.0,-1.0,Correct,0.5,67.84781541851503
Non-Free,0,Sims Int_192,0.5,-1.0,Error,-0.5,26.112670250305023
Non-Free,0,Sims Int_192,0.5,-1.0,Correct,0.5,83.86360960129987
Non-Free,0,Sims Int_192,-0.5,0.0,Error,-0.5,50.60937242357288
Non-Free,0,Sims Int_192,-0.5,0.0,Correct,0.5,56.65491640169321
Non-Free,0,Sims Int_192,0.0,0.0,Error,-0.5,39.265277182336845
Non-Free,0,Sims Int_192,0.0,0.0,Correct,0.5,69.32241004544822
Non-Free,0,Sims Int_192,0.5,0.0,Error,-0.5,27.92118194110081
Non-Free,0,Sims Int_192,0.5,0.0,Correct,0.5,81.98990368920323
Non-Free,0,Sims Int_192,-0.5,1.0,Error,-0.5,57.296507601490646
Non-Free,0,Sims Int_192,-0.5,1.0,Correct,0.5,61.47781156765624
Non-Free,0,Sims Int_192,0.0,1.0,Error,-0.5,43.51310061669362
Non-Free,0,Sims Int_192,0.0,1.0,Correct,0.5,70.79700467238142
Non-Free,0,Sims Int_192,0.5,1.0,Error,-0.5,29.7296936318966
Non-Free,0,Sims Int_192,0.5,1.0,Correct,0.5,80.11619777710659
Free,1,Sims Int_193,-0.5,-1.0,Error,-0.5,68.3282807627422
Free,1,Sims Int_193,-0.5,-1.0,Correct,0.5,70.187911214745
Free,1,Sims Int_193,0.0,-1.0,Error,-0.5,70.98998006236899
Free,1,Sims Int_193,0.0,-1.0,Correct,0.5,79.2957107424514
Free,1,Sims Int_193,0.5,-1.0,Error,-0.5,73.65167936199578
Free,1,Sims Int_193,0.5,-1.0,Correct,0.5,88.40351027015781
Free,1,Sims Int_193,-0.5,0.0,Error,-0.5,74.66944430243854
Free,1,Sims Int_193,-0.5,0.0,Correct,0.5,77.98842843563881
Free,1,Sims Int_193,0.0,0.0,Error,-0.5,74.47431112928787
Free,1,Sims Int_193,0.0,0.0,Correct,0.5,83.51449183882605
Free,1,Sims Int_193,0.5,0.0,Error,-0.5,74.2791779561372
Free,1,Sims Int_193,0.5,0.0,Correct,0.5,89.04055524201328
Free,1,Sims Int_193,-0.5,1.0,Error,-0.5,81.01060784213487
Free,1,Sims Int_193,-0.5,1.0,Correct,0.5,85.78894565653262
Free,1,Sims Int_193,0.0,1.0,Error,-0.5,77.95864219620675
Free,1,Sims Int_193,0.0,1.0,Correct,0.5,87.73327293520069
Free,1,Sims Int_193,0.5,1.0,Error,-0.5,74.90667655027863
Free,1,Sims Int_193,0.5,1.0,Correct,0.5,89.67760021386876
Non-Free,0,Sims Int_193,-0.5,-1.0,Error,-0.5,47.28267082977351
Non-Free,0,Sims Int_193,-0.5,-1.0,Correct,0.5,53.32501692684215
Non-Free,0,Sims Int_193,0.0,-1.0,Error,-0.5,45.93572807169936
Non-Free,0,Sims Int_193,0.0,-1.0,Correct,0.5,64.92577816179991
Non-Free,0,Sims Int_193,0.5,-1.0,Error,-0.5,44.5887853136252
Non-Free,0,Sims Int_193,0.5,-1.0,Correct,0.5,76.52653939675768
Non-Free,0,Sims Int_193,-0.5,0.0,Error,-0.5,44.17861061068684
Non-Free,0,Sims Int_193,-0.5,0.0,Correct,0.5,50.57469629327208
Non-Free,0,Sims Int_193,0.0,0.0,Error,-0.5,41.90612305122097
Non-Free,0,Sims Int_193,0.0,0.0,Correct,0.5,67.54524406450886
Non-Free,0,Sims Int_193,0.5,0.0,Error,-0.5,39.63363549175511
Non-Free,0,Sims Int_193,0.5,0.0,Correct,0.5,84.51579183574565
Non-Free,0,Sims Int_193,-0.5,1.0,Error,-0.5,41.07455039160017
Non-Free,0,Sims Int_193,-0.5,1.0,Correct,0.5,47.824375659702014
Non-Free,0,Sims Int_193,0.0,1.0,Error,-0.5,37.87651803074259
Non-Free,0,Sims Int_193,0.0,1.0,Correct,0.5,70.16470996721782
Non-Free,0,Sims Int_193,0.5,1.0,Error,-0.5,34.67848566988501
Non-Free,0,Sims Int_193,0.5,1.0,Correct,0.5,92.5050442747336
Free,1,Sims Int_2,-0.5,-1.0,Error,-0.5,68.2622309197652
Free,1,Sims Int_2,-0.5,-1.0,Correct,0.5,73.03806522190321
Free,1,Sims Int_2,0.0,-1.0,Error,-0.5,27.332681017611915
Free,1,Sims Int_2,0.0,-1.0,Correct,0.5,85.05754781453345
Free,1,Sims Int_2,0.5,-1.0,Error,-0.5,-13.59686888454138
Free,1,Sims Int_2,0.5,-1.0,Correct,0.5,97.07703040716369
Free,1,Sims Int_2,-0.5,0.0,Error,-0.5,68.87426614481411
Free,1,Sims Int_2,-0.5,0.0,Correct,0.5,78.97891846947667
Free,1,Sims Int_2,0.0,0.0,Error,-0.5,59.16634050880624
Free,1,Sims Int_2,0.0,0.0,Correct,0.5,88.42987915545629
Free,1,Sims Int_2,0.5,0.0,Error,-0.5,49.45841487279837
Free,1,Sims Int_2,0.5,0.0,Correct,0.5,97.88083984143591
Free,1,Sims Int_2,-0.5,1.0,Error,-0.5,69.48630136986303
Free,1,Sims Int_2,-0.5,1.0,Correct,0.5,84.91977171705012
Free,1,Sims Int_2,0.0,1.0,Error,-0.5,91.00000000000057
Free,1,Sims Int_2,0.0,1.0,Correct,0.5,91.80221049637913
Free,1,Sims Int_2,0.5,1.0,Error,-0.5,112.51369863013812
Free,1,Sims Int_2,0.5,1.0,Correct,0.5,98.68464927570814
Non-Free,0,Sims Int_2,-0.5,-1.0,Error,-0.5,39.990114274281794
Non-Free,0,Sims Int_2,-0.5,-1.0,Correct,0.5,66.27620116525397
Non-Free,0,Sims Int_2,0.0,-1.0,Error,-0.5,17.25930023184389
Non-Free,0,Sims Int_2,0.0,-1.0,Correct,0.5,81.71225603693279
Non-Free,0,Sims Int_2,0.5,-1.0,Error,-0.5,-5.471513810594012
Non-Free,0,Sims Int_2,0.5,-1.0,Correct,0.5,97.1483109086116
Non-Free,0,Sims Int_2,-0.5,0.0,Error,-0.5,34.75795859763922
Non-Free,0,Sims Int_2,-0.5,0.0,Correct,0.5,68.7522146616242
Non-Free,0,Sims Int_2,0.0,0.0,Error,-0.5,14.594711725176811
Non-Free,0,Sims Int_2,0.0,0.0,Correct,0.5,83.51790898596198
Non-Free,0,Sims Int_2,0.5,0.0,Error,-0.5,-5.568535147285598
Non-Free,0,Sims Int_2,0.5,0.0,Correct,0.5,98.28360331029977
Non-Free,0,Sims Int_2,-0.5,1.0,Error,-0.5,29.52580292099664
Non-Free,0,Sims Int_2,-0.5,1.0,Correct,0.5,71.22822815799442
Non-Free,0,Sims Int_2,0.0,1.0,Error,-0.5,11.930123218509731
Non-Free,0,Sims Int_2,0.0,1.0,Correct,0.5,85.32356193499118
Non-Free,0,Sims Int_2,0.5,1.0,Error,-0.5,-5.665556483977182
Non-Free,0,Sims Int_2,0.5,1.0,Correct,0.5,99.41889571198793
Free,1,Sims Int_20,-0.5,-1.0,Error,-0.5,74.26039047933669
Free,1,Sims Int_20,-0.5,-1.0,Correct,0.5,76.91549654943215
Free,1,Sims Int_20,0.0,-1.0,Error,-0.5,52.79703081169761
Free,1,Sims Int_20,0.0,-1.0,Correct,0.5,84.63714624398936
Free,1,Sims Int_20,0.5,-1.0,Error,-0.5,31.333671144058535
Free,1,Sims Int_20,0.5,-1.0,Correct,0.5,92.35879593854656
Free,1,Sims Int_20,-0.5,0.0,Error,-0.5,73.69597034731046
Free,1,Sims Int_20,-0.5,0.0,Correct,0.5,80.6205207239493
Free,1,Sims Int_20,0.0,0.0,Error,-0.5,63.866926836915795
Free,1,Sims Int_20,0.0,0.0,Correct,0.5,87.21470537688687
Free,1,Sims Int_20,0.5,0.0,Error,-0.5,54.037883326521126
Free,1,Sims Int_20,0.5,0.0,Correct,0.5,93.80889002982444
Free,1,Sims Int_20,-0.5,1.0,Error,-0.5,73.13155021528424
Free,1,Sims Int_20,-0.5,1.0,Correct,0.5,84.32554489846645
Free,1,Sims Int_20,0.0,1.0,Error,-0.5,74.93682286213398
Free,1,Sims Int_20,0.0,1.0,Correct,0.5,89.79226450978437
Free,1,Sims Int_20,0.5,1.0,Error,-0.5,76.74209550898371
Free,1,Sims Int_20,0.5,1.0,Correct,0.5,95.25898412110232
Non-Free,0,Sims Int_20,-0.5,-1.0,Error,-0.5,28.934095682241082
Non-Free,0,Sims Int_20,-0.5,-1.0,Correct,0.5,52.45276725035112
Non-Free,0,Sims Int_20,0.0,-1.0,Error,-0.5,32.486021385164555
Non-Free,0,Sims Int_20,0.0,-1.0,Correct,0.5,72.55389147226795
Non-Free,0,Sims Int_20,0.5,-1.0,Error,-0.5,36.037947088088025
Non-Free,0,Sims Int_20,0.5,-1.0,Correct,0.5,92.65501569418478
Non-Free,0,Sims Int_20,-0.5,0.0,Error,-0.5,29.64826275483722
Non-Free,0,Sims Int_20,-0.5,0.0,Correct,0.5,52.87817299150233
Non-Free,0,Sims Int_20,0.0,0.0,Error,-0.5,33.46214075239368
Non-Free,0,Sims Int_20,0.0,0.0,Correct,0.5,71.9240537533125
Non-Free,0,Sims Int_20,0.5,0.0,Error,-0.5,37.27601874995014
Non-Free,0,Sims Int_20,0.5,0.0,Correct,0.5,90.96993451512267
Non-Free,0,Sims Int_20,-0.5,1.0,Error,-0.5,30.362429827433356
Non-Free,0,Sims Int_20,-0.5,1.0,Correct,0.5,53.30357873265354
Non-Free,0,Sims Int_20,0.0,1.0,Error,-0.5,34.438260119622804
Non-Free,0,Sims Int_20,0.0,1.0,Correct,0.5,71.29421603435706
Non-Free,0,Sims Int_20,0.5,1.0,Error,-0.5,38.51409041181225
Non-Free,0,Sims Int_20,0.5,1.0,Correct,0.5,89.28485333606059
Free,1,Sims Int_21,-0.5,-1.0,Error,-0.5,75.2711921603398
Free,1,Sims Int_21,-0.5,-1.0,Correct,0.5,72.69671428664827
Free,1,Sims Int_21,0.0,-1.0,Error,-0.5,64.93211924911824
Free,1,Sims Int_21,0.0,-1.0,Correct,0.5,80.41586997476209
Free,1,Sims Int_21,0.5,-1.0,Error,-0.5,54.59304633789671
Free,1,Sims Int_21,0.5,-1.0,Correct,0.5,88.13502566287589
Free,1,Sims Int_21,-0.5,0.0,Error,-0.5,75.67100622646869
Free,1,Sims Int_21,-0.5,0.0,Correct,0.5,74.40421700372619
Free,1,Sims Int_21,0.0,0.0,Error,-0.5,69.34305130054449
Free,1,Sims Int_21,0.0,0.0,Correct,0.5,81.2204046815117
Free,1,Sims Int_21,0.5,0.0,Error,-0.5,63.015096374620285
Free,1,Sims Int_21,0.5,0.0,Correct,0.5,88.0365923592972
Free,1,Sims Int_21,-0.5,1.0,Error,-0.5,76.07082029259759
Free,1,Sims Int_21,-0.5,1.0,Correct,0.5,76.1117197208041
Free,1,Sims Int_21,0.0,1.0,Error,-0.5,73.75398335197073
Free,1,Sims Int_21,0.0,1.0,Correct,0.5,82.0249393882613
Free,1,Sims Int_21,0.5,1.0,Error,-0.5,71.43714641134386
Free,1,Sims Int_21,0.5,1.0,Correct,0.5,87.93815905571851
Non-Free,0,Sims Int_21,-0.5,-1.0,Error,-0.5,43.84779163472894
Non-Free,0,Sims Int_21,-0.5,-1.0,Correct,0.5,48.774757717150685
Non-Free,0,Sims Int_21,0.0,-1.0,Error,-0.5,37.27783762507512
Non-Free,0,Sims Int_21,0.0,-1.0,Correct,0.5,65.42321414296643
Non-Free,0,Sims Int_21,0.5,-1.0,Error,-0.5,30.70788361542131
Non-Free,0,Sims Int_21,0.5,-1.0,Correct,0.5,82.07167056878217
Non-Free,0,Sims Int_21,-0.5,0.0,Error,-0.5,50.97334838723044
Non-Free,0,Sims Int_21,-0.5,0.0,Correct,0.5,55.13099038358354
Non-Free,0,Sims Int_21,0.0,0.0,Error,-0.5,41.71784301133188
Non-Free,0,Sims Int_21,0.0,0.0,Correct,0.5,67.47965918723162
Non-Free,0,Sims Int_21,0.5,0.0,Error,-0.5,32.46233763543332
Non-Free,0,Sims Int_21,0.5,0.0,Correct,0.5,79.8283279908797
Non-Free,0,Sims Int_21,-0.5,1.0,Error,-0.5,58.09890513973193
Non-Free,0,Sims Int_21,-0.5,1.0,Correct,0.5,61.48722305001639
Non-Free,0,Sims Int_21,0.0,1.0,Error,-0.5,46.15784839758864
Non-Free,0,Sims Int_21,0.0,1.0,Correct,0.5,69.53610423149681
Non-Free,0,Sims Int_21,0.5,1.0,Error,-0.5,34.216791655445334
Non-Free,0,Sims Int_21,0.5,1.0,Correct,0.5,77.58498541297723
Free,1,Sims Int_22,-0.5,-1.0,Error,-0.5,73.7369164448383
Free,1,Sims Int_22,-0.5,-1.0,Correct,0.5,72.08429896089363
Free,1,Sims Int_22,0.0,-1.0,Error,-0.5,68.38838210846026
Free,1,Sims Int_22,0.0,-1.0,Correct,0.5,72.98079148947232
Free,1,Sims Int_22,0.5,-1.0,Error,-0.5,63.03984777208222
Free,1,Sims Int_22,0.5,-1.0,Correct,0.5,73.87728401805101
Free,1,Sims Int_22,-0.5,0.0,Error,-0.5,74.50784582555538
Free,1,Sims Int_22,-0.5,0.0,Correct,0.5,73.79826078663419
Free,1,Sims Int_22,0.0,0.0,Error,-0.5,71.57516901076251
Free,1,Sims Int_22,0.0,0.0,Correct,0.5,75.20545866767236
Free,1,Sims Int_22,0.5,0.0,Error,-0.5,68.64249219596964
Free,1,Sims Int_22,0.5,0.0,Correct,0.5,76.61265654871053
Free,1,Sims Int_22,-0.5,1.0,Error,-0.5,75.27877520627246
Free,1,Sims Int_22,-0.5,1.0,Correct,0.5,75.51222261237474
Free,1,Sims Int_22,0.0,1.0,Error,-0.5,74.76195591306475
Free,1,Sims Int_22,0.0,1.0,Correct,0.5,77.4301258458724
Free,1,Sims Int_22,0.5,1.0,Error,-0.5,74.24513661985705
Free,1,Sims Int_22,0.5,1.0,Correct,0.5,79.34802907937005
Non-Free,0,Sims Int_22,-0.5,-1.0,Error,-0.5,45.619070994661634
Non-Free,0,Sims Int_22,-0.5,-1.0,Correct,0.5,51.14459668610599
Non-Free,0,Sims Int_22,0.0,-1.0,Error,-0.5,43.66445358041361
Non-Free,0,Sims Int_22,0.0,-1.0,Correct,0.5,56.746341622397466
Non-Free,0,Sims Int_22,0.5,-1.0,Error,-0.5,41.70983616616558
Non-Free,0,Sims Int_22,0.5,-1.0,Correct,0.5,62.348086558688934
Non-Free,0,Sims Int_22,-0.5,0.0,Error,-0.5,47.94839541019823
Non-Free,0,Sims Int_22,-0.5,0.0,Correct,0.5,47.24826316864535
Non-Free,0,Sims Int_22,0.0,0.0,Error,-0.5,46.070970117199515
Non-Free,0,Sims Int_22,0.0,0.0,Correct,0.5,56.04580326623035
Non-Free,0,Sims Int_22,0.5,0.0,Error,-0.5,44.1935448242008
Non-Free,0,Sims Int_22,0.5,0.0,Correct,0.5,64.84334336381535
Non-Free,0,Sims Int_22,-0.5,1.0,Error,-0.5,50.27771982573483
Non-Free,0,Sims Int_22,-0.5,1.0,Correct,0.5,43.35192965118471
Non-Free,0,Sims Int_22,0.0,1.0,Error,-0.5,48.47748665398542
Non-Free,0,Sims Int_22,0.0,1.0,Correct,0.5,55.345264910063236
Non-Free,0,Sims Int_22,0.5,1.0,Error,-0.5,46.67725348223602
Non-Free,0,Sims Int_22,0.5,1.0,Correct,0.5,67.33860016894177
Free,1,Sims Int_23,-0.5,-1.0,Error,-0.5,53.25588805117451
Free,1,Sims Int_23,-0.5,-1.0,Correct,0.5,52.29273735305111
Free,1,Sims Int_23,0.0,-1.0,Error,-0.5,53.630836455132886
Free,1,Sims Int_23,0.0,-1.0,Correct,0.5,56.49976287673854
Free,1,Sims Int_23,0.5,-1.0,Error,-0.5,54.00578485909126
Free,1,Sims Int_23,0.5,-1.0,Correct,0.5,60.706788400425964
Free,1,Sims Int_23,-0.5,0.0,Error,-0.5,55.204460680704074
Free,1,Sims Int_23,-0.5,0.0,Correct,0.5,54.7486534394339
Free,1,Sims Int_23,0.0,0.0,Error,-0.5,55.05031331093663
Free,1,Sims Int_23,0.0,0.0,Correct,0.5,58.311475869736284
Free,1,Sims Int_23,0.5,0.0,Error,-0.5,54.89616594116919
Free,1,Sims Int_23,0.5,0.0,Correct,0.5,61.87429830003867
Free,1,Sims Int_23,-0.5,1.0,Error,-0.5,57.15303331023364
Free,1,Sims Int_23,-0.5,1.0,Correct,0.5,57.204569525816694
Free,1,Sims Int_23,0.0,1.0,Error,-0.5,56.469790166740374
Free,1,Sims Int_23,0.0,1.0,Correct,0.5,60.12318886273403
Free,1,Sims Int_23,0.5,1.0,Error,-0.5,55.78654702324711
Free,1,Sims Int_23,0.5,1.0,Correct,0.5,63.04180819965137
Non-Free,0,Sims Int_23,-0.5,-1.0,Error,-0.5,50.386862053003135
Non-Free,0,Sims Int_23,-0.5,-1.0,Correct,0.5,49.734856475063474
Non-Free,0,Sims Int_23,0.0,-1.0,Error,-0.5,50.261449774331695
Non-Free,0,Sims Int_23,0.0,-1.0,Correct,0.5,53.80779061415881
Non-Free,0,Sims Int_23,0.5,-1.0,Error,-0.5,50.13603749566025
Non-Free,0,Sims Int_23,0.5,-1.0,Correct,0.5,57.88072475325415
Non-Free,0,Sims Int_23,-0.5,0.0,Error,-0.5,50.4809809339197
Non-Free,0,Sims Int_23,-0.5,0.0,Correct,0.5,50.829731262347416
Non-Free,0,Sims Int_23,0.0,0.0,Error,-0.5,47.73039144774912
Non-Free,0,Sims Int_23,0.0,0.0,Correct,0.5,55.16253822974359
Non-Free,0,Sims Int_23,0.5,0.0,Error,-0.5,44.97980196157854
Non-Free,0,Sims Int_23,0.5,0.0,Correct,0.5,59.49534519713976
Non-Free,0,Sims Int_23,-0.5,1.0,Error,-0.5,50.57509981483627
Non-Free,0,Sims Int_23,-0.5,1.0,Correct,0.5,51.92460604963136
Non-Free,0,Sims Int_23,0.0,1.0,Error,-0.5,45.199333121166546
Non-Free,0,Sims Int_23,0.0,1.0,Correct,0.5,56.51728584532837
Non-Free,0,Sims Int_23,0.5,1.0,Error,-0.5,39.82356642749683
Non-Free,0,Sims Int_23,0.5,1.0,Correct,0.5,61.109965641025376
Free,1,Sims Int_24,-0.5,-1.0,Error,-0.5,65.74147134793836
Free,1,Sims Int_24,-0.5,-1.0,Correct,0.5,64.72855830564062
Free,1,Sims Int_24,0.0,-1.0,Error,-0.5,60.1549985650052
Free,1,Sims Int_24,0.0,-1.0,Correct,0.5,75.95312236381173
Free,1,Sims Int_24,0.5,-1.0,Error,-0.5,54.56852578207205
Free,1,Sims Int_24,0.5,-1.0,Correct,0.5,87.17768642198283
Free,1,Sims Int_24,-0.5,0.0,Error,-0.5,65.20855256864056
Free,1,Sims Int_24,-0.5,0.0,Correct,0.5,64.97300463050244
Free,1,Sims Int_24,0.0,0.0,Error,-0.5,61.6108485602219
Free,1,Sims Int_24,0.0,0.0,Correct,0.5,76.47201358101339
Free,1,Sims Int_24,0.5,0.0,Error,-0.5,58.01314455180325
Free,1,Sims Int_24,0.5,0.0,Correct,0.5,87.97102253152433
Free,1,Sims Int_24,-0.5,1.0,Error,-0.5,64.67563378934275
Free,1,Sims Int_24,-0.5,1.0,Correct,0.5,65.21745095536427
Free,1,Sims Int_24,0.0,1.0,Error,-0.5,63.066698555438606
Free,1,Sims Int_24,0.0,1.0,Correct,0.5,76.99090479821504
Free,1,Sims Int_24,0.5,1.0,Error,-0.5,61.45776332153445
Free,1,Sims Int_24,0.5,1.0,Correct,0.5,88.76435864106581
Non-Free,0,Sims Int_24,-0.5,-1.0,Error,-0.5,45.67741679528424
Non-Free,0,Sims Int_24,-0.5,-1.0,Correct,0.5,50.64593102742545
Non-Free,0,Sims Int_24,0.0,-1.0,Error,-0.5,41.2010760366835
Non-Free,0,Sims Int_24,0.0,-1.0,Correct,0.5,67.82939044731305
Non-Free,0,Sims Int_24,0.5,-1.0,Error,-0.5,36.72473527808277
Non-Free,0,Sims Int_24,0.5,-1.0,Correct,0.5,85.01284986720064
Non-Free,0,Sims Int_24,-0.5,0.0,Error,-0.5,43.9199435362292
Non-Free,0,Sims Int_24,-0.5,0.0,Correct,0.5,52.77534776966892
Non-Free,0,Sims Int_24,0.0,0.0,Error,-0.5,34.991760794280964
Non-Free,0,Sims Int_24,0.0,0.0,Correct,0.5,69.66156096272
Non-Free,0,Sims Int_24,0.5,0.0,Error,-0.5,26.06357805233273
Non-Free,0,Sims Int_24,0.5,0.0,Correct,0.5,86.5477741557711
Non-Free,0,Sims Int_24,-0.5,1.0,Error,-0.5,42.16247027717416
Non-Free,0,Sims Int_24,-0.5,1.0,Correct,0.5,54.90476451191239
Non-Free,0,Sims Int_24,0.0,1.0,Error,-0.5,28.782445551878425
Non-Free,0,Sims Int_24,0.0,1.0,Correct,0.5,71.49373147812696
Non-Free,0,Sims Int_24,0.5,1.0,Error,-0.5,15.402420826582691
Non-Free,0,Sims Int_24,0.5,1.0,Correct,0.5,88.08269844434153
Free,1,Sims Int_25,-0.5,-1.0,Error,-0.5,67.89873417721522
Free,1,Sims Int_25,-0.5,-1.0,Correct,0.5,75.78894242845821
Free,1,Sims Int_25,0.0,-1.0,Error,-0.5,64.47594936708879
Free,1,Sims Int_25,0.0,-1.0,Correct,0.5,86.006287698791
Free,1,Sims Int_25,0.5,-1.0,Error,-0.5,61.05316455696237
Free,1,Sims Int_25,0.5,-1.0,Correct,0.5,96.22363296912378
Free,1,Sims Int_25,-0.5,0.0,Error,-0.5,69.80379746835442
Free,1,Sims Int_25,-0.5,0.0,Correct,0.5,80.85655217162368
Free,1,Sims Int_25,0.0,0.0,Error,-0.5,66.00000000000016
Free,1,Sims Int_25,0.0,0.0,Correct,0.5,89.61966980686452
Free,1,Sims Int_25,0.5,0.0,Error,-0.5,62.196202531645895
Free,1,Sims Int_25,0.5,0.0,Correct,0.5,98.38278744210537
Free,1,Sims Int_25,-0.5,1.0,Error,-0.5,71.70886075949362
Free,1,Sims Int_25,-0.5,1.0,Correct,0.5,85.92416191478914
Free,1,Sims Int_25,0.0,1.0,Error,-0.5,67.52405063291152
Free,1,Sims Int_25,0.0,1.0,Correct,0.5,93.23305191493805
Free,1,Sims Int_25,0.5,1.0,Error,-0.5,63.339240506329425
Free,1,Sims Int_25,0.5,1.0,Correct,0.5,100.54194191508695
Non-Free,0,Sims Int_25,-0.5,-1.0,Error,-0.5,36.46450941792308
Non-Free,0,Sims Int_25,-0.5,-1.0,Correct,0.5,63.66183947997757
Non-Free,0,Sims Int_25,0.0,-1.0,Error,-0.5,20.577088273455374
Non-Free,0,Sims Int_25,0.0,-1.0,Correct,0.5,81.16535536016225
Non-Free,0,Sims Int_25,0.5,-1.0,Error,-0.5,4.689667128987664
Non-Free,0,Sims Int_25,0.5,-1.0,Correct,0.5,98.66887124034693
Non-Free,0,Sims Int_25,-0.5,0.0,Error,-0.5,25.65688336092344
Non-Free,0,Sims Int_25,-0.5,0.0,Correct,0.5,67.5044587133388
Non-Free,0,Sims Int_25,0.0,0.0,Error,-0.5,13.742382891145809
Non-Free,0,Sims Int_25,0.0,0.0,Correct,0.5,83.58687758551326
Non-Free,0,Sims Int_25,0.5,0.0,Error,-0.5,1.8278824213681766
Non-Free,0,Sims Int_25,0.5,0.0,Correct,0.5,99.66929645768772
Non-Free,0,Sims Int_25,-0.5,1.0,Error,-0.5,14.8492573039238
Non-Free,0,Sims Int_25,-0.5,1.0,Correct,0.5,71.34707794670004
Non-Free,0,Sims Int_25,0.0,1.0,Error,-0.5,6.907677508836245
Non-Free,0,Sims Int_25,0.0,1.0,Correct,0.5,86.00839981086428
Non-Free,0,Sims Int_25,0.5,1.0,Error,-0.5,-1.033902286251311
Non-Free,0,Sims Int_25,0.5,1.0,Correct,0.5,100.66972167502851
Free,1,Sims Int_26,-0.5,-1.0,Error,-0.5,65.95693938390195
Free,1,Sims Int_26,-0.5,-1.0,Correct,0.5,67.27712355686111
Free,1,Sims Int_26,0.0,-1.0,Error,-0.5,57.460086121232216
Free,1,Sims Int_26,0.0,-1.0,Correct,0.5,81.4435896155654
Free,1,Sims Int_26,0.5,-1.0,Error,-0.5,48.96323285856247
Free,1,Sims Int_26,0.5,-1.0,Correct,0.5,95.6100556742697
Free,1,Sims Int_26,-0.5,0.0,Error,-0.5,67.41321629678701
Free,1,Sims Int_26,-0.5,0.0,Correct,0.5,72.39920495842627
Free,1,Sims Int_26,0.0,0.0,Error,-0.5,57.15336204041076
Free,1,Sims Int_26,0.0,0.0,Correct,0.5,84.43296974995779
Free,1,Sims Int_26,0.5,0.0,Error,-0.5,46.893507784034504
Free,1,Sims Int_26,0.5,0.0,Correct,0.5,96.46673454148932
Free,1,Sims Int_26,-0.5,1.0,Error,-0.5,68.86949320967207
Free,1,Sims Int_26,-0.5,1.0,Correct,0.5,77.52128635999142
Free,1,Sims Int_26,0.0,1.0,Error,-0.5,56.84663795958931
Free,1,Sims Int_26,0.0,1.0,Correct,0.5,87.42234988435018
Free,1,Sims Int_26,0.5,1.0,Error,-0.5,44.82378270950653
Free,1,Sims Int_26,0.5,1.0,Correct,0.5,97.32341340870894
Non-Free,0,Sims Int_26,-0.5,-1.0,Error,-0.5,31.616955308994
Non-Free,0,Sims Int_26,-0.5,-1.0,Correct,0.5,58.700861645294154
Non-Free,0,Sims Int_26,0.0,-1.0,Error,-0.5,22.345584826132786
Non-Free,0,Sims Int_26,0.0,-1.0,Correct,0.5,76.63550757731876
Non-Free,0,Sims Int_26,0.5,-1.0,Error,-0.5,13.074214343271569
Non-Free,0,Sims Int_26,0.5,-1.0,Correct,0.5,94.57015350934336
Non-Free,0,Sims Int_26,-0.5,0.0,Error,-0.5,32.657891278745424
Non-Free,0,Sims Int_26,-0.5,0.0,Correct,0.5,56.172522657346235
Non-Free,0,Sims Int_26,0.0,0.0,Error,-0.5,21.691449823343458
Non-Free,0,Sims Int_26,0.0,0.0,Correct,0.5,76.86507541355333
Non-Free,0,Sims Int_26,0.5,0.0,Error,-0.5,10.725008367941491
Non-Free,0,Sims Int_26,0.5,0.0,Correct,0.5,97.55762816976042
Non-Free,0,Sims Int_26,-0.5,1.0,Error,-0.5,33.69882724849685
Non-Free,0,Sims Int_26,-0.5,1.0,Correct,0.5,53.644183669398316
Non-Free,0,Sims Int_26,0.0,1.0,Error,-0.5,21.03731482055413
Non-Free,0,Sims Int_26,0.0,1.0,Correct,0.5,77.0946432497879
Non-Free,0,Sims Int_26,0.5,1.0,Error,-0.5,8.375802392611412
Non-Free,0,Sims Int_26,0.5,1.0,Correct,0.5,100.54510283017748
Free,1,Sims Int_27,-0.5,-1.0,Error,-0.5,56.116898148148174
Free,1,Sims Int_27,-0.5,-1.0,Correct,0.5,67.65363251076647
Free,1,Sims Int_27,0.0,-1.0,Error,-0.5,62.00000000000006
Free,1,Sims Int_27,0.0,-1.0,Correct,0.5,81.28180908890174
Free,1,Sims Int_27,0.5,-1.0,Error,-0.5,67.88310185185193
Free,1,Sims Int_27,0.5,-1.0,Correct,0.5,94.90998566703699
Free,1,Sims Int_27,-0.5,0.0,Error,-0.5,63.08275462962963
Free,1,Sims Int_27,-0.5,0.0,Correct,0.5,69.34912708773669
Free,1,Sims Int_27,0.0,0.0,Error,-0.5,61.09143518518523
Free,1,Sims Int_27,0.0,0.0,Correct,0.5,82.64174788588463
Free,1,Sims Int_27,0.5,0.0,Error,-0.5,59.10011574074083
Free,1,Sims Int_27,0.5,0.0,Correct,0.5,95.93436868403256
Free,1,Sims Int_27,-0.5,1.0,Error,-0.5,70.04861111111109
Free,1,Sims Int_27,-0.5,1.0,Correct,0.5,71.04462166470691
Free,1,Sims Int_27,0.0,1.0,Error,-0.5,60.18287037037041
Free,1,Sims Int_27,0.0,1.0,Correct,0.5,84.00168668286751
Free,1,Sims Int_27,0.5,1.0,Error,-0.5,50.317129629629726
Free,1,Sims Int_27,0.5,1.0,Correct,0.5,96.95875170102813
Non-Free,0,Sims Int_27,-0.5,-1.0,Error,-0.5,40.22606890712159
Non-Free,0,Sims Int_27,-0.5,-1.0,Correct,0.5,62.83563044051784
Non-Free,0,Sims Int_27,0.0,-1.0,Error,-0.5,20.685919473768784
Non-Free,0,Sims Int_27,0.0,-1.0,Correct,0.5,79.44917708073531
Non-Free,0,Sims Int_27,0.5,-1.0,Error,-0.5,1.145770040415984
Non-Free,0,Sims Int_27,0.5,-1.0,Correct,0.5,96.06272372095279
Non-Free,0,Sims Int_27,-0.5,0.0,Error,-0.5,42.41837271704486
Non-Free,0,Sims Int_27,-0.5,0.0,Correct,0.5,65.0193351575777
Non-Free,0,Sims Int_27,0.0,0.0,Error,-0.5,24.23567309690038
Non-Free,0,Sims Int_27,0.0,0.0,Correct,0.5,81.20123912471868
Non-Free,0,Sims Int_27,0.5,0.0,Error,-0.5,6.052973476755906
Non-Free,0,Sims Int_27,0.5,0.0,Correct,0.5,97.38314309185967
Non-Free,0,Sims Int_27,-0.5,1.0,Error,-0.5,44.610676526968135
Non-Free,0,Sims Int_27,-0.5,1.0,Correct,0.5,67.20303987463755
Non-Free,0,Sims Int_27,0.0,1.0,Error,-0.5,27.785426720031978
Non-Free,0,Sims Int_27,0.0,1.0,Correct,0.5,82.95330116870205
Non-Free,0,Sims Int_27,0.5,1.0,Error,-0.5,10.960176913095825
Non-Free,0,Sims Int_27,0.5,1.0,Correct,0.5,98.70356246276657
Free,1,Sims Int_28,-0.5,-1.0,Error,-0.5,67.60730593607305
Free,1,Sims Int_28,-0.5,-1.0,Correct,0.5,77.62090800558606
Free,1,Sims Int_28,0.0,-1.0,Error,-0.5,55.526255707762544
Free,1,Sims Int_28,0.0,-1.0,Correct,0.5,86.78854240759841
Free,1,Sims Int_28,0.5,-1.0,Error,-0.5,43.445205479452035
Free,1,Sims Int_28,0.5,-1.0,Correct,0.5,95.95617680961075
Free,1,Sims Int_28,-0.5,0.0,Error,-0.5,71.4337899543379
Free,1,Sims Int_28,-0.5,0.0,Correct,0.5,78.04514637193141
Free,1,Sims Int_28,0.0,0.0,Error,-0.5,59.74200913242008
Free,1,Sims Int_28,0.0,0.0,Correct,0.5,87.71875065346764
Free,1,Sims Int_28,0.5,0.0,Error,-0.5,48.05022831050226
Free,1,Sims Int_28,0.5,0.0,Correct,0.5,97.39235493500387
Free,1,Sims Int_28,-0.5,1.0,Error,-0.5,75.26027397260275
Free,1,Sims Int_28,-0.5,1.0,Correct,0.5,78.46938473827676
Free,1,Sims Int_28,0.0,1.0,Error,-0.5,63.957762557077615
Free,1,Sims Int_28,0.0,1.0,Correct,0.5,88.64895889933686
Free,1,Sims Int_28,0.5,1.0,Error,-0.5,52.65525114155249
Free,1,Sims Int_28,0.5,1.0,Correct,0.5,98.82853306039698
Non-Free,0,Sims Int_28,-0.5,-1.0,Error,-0.5,42.12542314944485
Non-Free,0,Sims Int_28,-0.5,-1.0,Correct,0.5,57.33450690569425
Non-Free,0,Sims Int_28,0.0,-1.0,Error,-0.5,25.38385030158014
Non-Free,0,Sims Int_28,0.0,-1.0,Correct,0.5,76.28483022666006
Non-Free,0,Sims Int_28,0.5,-1.0,Error,-0.5,8.642277453715433
Non-Free,0,Sims Int_28,0.5,-1.0,Correct,0.5,95.23515354762587
Non-Free,0,Sims Int_28,-0.5,0.0,Error,-0.5,40.724666166789845
Non-Free,0,Sims Int_28,-0.5,0.0,Correct,0.5,61.52803643329011
Non-Free,0,Sims Int_28,0.0,0.0,Error,-0.5,22.397484810726798
Non-Free,0,Sims Int_28,0.0,0.0,Correct,0.5,78.82131967888915
Non-Free,0,Sims Int_28,0.5,0.0,Error,-0.5,4.070303454663751
Non-Free,0,Sims Int_28,0.5,0.0,Correct,0.5,96.1146029244882
Non-Free,0,Sims Int_28,-0.5,1.0,Error,-0.5,39.32390918413484
Non-Free,0,Sims Int_28,-0.5,1.0,Correct,0.5,65.72156596088598
Non-Free,0,Sims Int_28,0.0,1.0,Error,-0.5,19.411119319873457
Non-Free,0,Sims Int_28,0.0,1.0,Correct,0.5,81.35780913111824
Non-Free,0,Sims Int_28,0.5,1.0,Error,-0.5,-0.5016705443879301
Non-Free,0,Sims Int_28,0.5,1.0,Correct,0.5,96.99405230135052
Free,1,Sims Int_29,-0.5,-1.0,Error,-0.5,63.39424182676371
Free,1,Sims Int_29,-0.5,-1.0,Correct,0.5,59.17229455461367
Free,1,Sims Int_29,0.0,-1.0,Error,-0.5,61.642824498301806
Free,1,Sims Int_29,0.0,-1.0,Correct,0.5,62.540050587241694
Free,1,Sims Int_29,0.5,-1.0,Error,-0.5,59.89140716983991
Free,1,Sims Int_29,0.5,-1.0,Correct,0.5,65.9078066198697
Free,1,Sims Int_29,-0.5,0.0,Error,-0.5,63.38563538868397
Free,1,Sims Int_29,-0.5,0.0,Correct,0.5,64.46789239775121
Free,1,Sims Int_29,0.0,0.0,Error,-0.5,62.69251510576977
Free,1,Sims Int_29,0.0,0.0,Correct,0.5,66.96755627082553
Free,1,Sims Int_29,0.5,0.0,Error,-0.5,61.99939482285557
Free,1,Sims Int_29,0.5,0.0,Correct,0.5,69.46722014389984
Free,1,Sims Int_29,-0.5,1.0,Error,-0.5,63.377028950604235
Free,1,Sims Int_29,-0.5,1.0,Correct,0.5,69.76349024088876
Free,1,Sims Int_29,0.0,1.0,Error,-0.5,63.74220571323774
Free,1,Sims Int_29,0.0,1.0,Correct,0.5,71.39506195440936
Free,1,Sims Int_29,0.5,1.0,Error,-0.5,64.10738247587123
Free,1,Sims Int_29,0.5,1.0,Correct,0.5,73.02663366792996
Non-Free,0,Sims Int_29,-0.5,-1.0,Error,-0.5,46.385417987217274
Non-Free,0,Sims Int_29,-0.5,-1.0,Correct,0.5,46.67705666996822
Non-Free,0,Sims Int_29,0.0,-1.0,Error,-0.5,44.66833655488337
Non-Free,0,Sims Int_29,0.0,-1.0,Correct,0.5,53.464741418500374
Non-Free,0,Sims Int_29,0.5,-1.0,Error,-0.5,42.95125512254947
Non-Free,0,Sims Int_29,0.5,-1.0,Correct,0.5,60.25242616703252
Non-Free,0,Sims Int_29,-0.5,0.0,Error,-0.5,42.14568516458392
Non-Free,0,Sims Int_29,-0.5,0.0,Correct,0.5,51.14349474849361
Non-Free,0,Sims Int_29,0.0,0.0,Error,-0.5,41.84412920576089
Non-Free,0,Sims Int_29,0.0,0.0,Correct,0.5,56.01723754558771
Non-Free,0,Sims Int_29,0.5,0.0,Error,-0.5,41.54257324693787
Non-Free,0,Sims Int_29,0.5,0.0,Correct,0.5,60.890980342681814
Non-Free,0,Sims Int_29,-0.5,1.0,Error,-0.5,37.90595234195056
Non-Free,0,Sims Int_29,-0.5,1.0,Correct,0.5,55.609932827018994
Non-Free,0,Sims Int_29,0.0,1.0,Error,-0.5,39.01992185663842
Non-Free,0,Sims Int_29,0.0,1.0,Correct,0.5,58.56973367267505
Non-Free,0,Sims Int_29,0.5,1.0,Error,-0.5,40.13389137132628
Non-Free,0,Sims Int_29,0.5,1.0,Correct,0.5,61.529534518331104
Free,1,Sims Int_3,-0.5,-1.0,Error,-0.5,68.20293396513723
Free,1,Sims Int_3,-0.5,-1.0,Correct,0.5,66.30062547170293
Free,1,Sims Int_3,0.0,-1.0,Error,-0.5,65.15398155173929
Free,1,Sims Int_3,0.0,-1.0,Correct,0.5,69.75429725989227
Free,1,Sims Int_3,0.5,-1.0,Error,-0.5,62.105029138341344
Free,1,Sims Int_3,0.5,-1.0,Correct,0.5,73.2079690480816
Free,1,Sims Int_3,-0.5,0.0,Error,-0.5,71.37695515947371
Free,1,Sims Int_3,-0.5,0.0,Correct,0.5,72.78001838151235
Free,1,Sims Int_3,0.0,0.0,Error,-0.5,70.70739117642506
Free,1,Sims Int_3,0.0,0.0,Correct,0.5,75.71359459990802
Free,1,Sims Int_3,0.5,0.0,Error,-0.5,70.03782719337642
Free,1,Sims Int_3,0.5,0.0,Correct,0.5,78.64717081830369
Free,1,Sims Int_3,-0.5,1.0,Error,-0.5,74.55097635381019
Free,1,Sims Int_3,-0.5,1.0,Correct,0.5,79.25941129132177
Free,1,Sims Int_3,0.0,1.0,Error,-0.5,76.26080080111083
Free,1,Sims Int_3,0.0,1.0,Correct,0.5,81.67289193992377
Free,1,Sims Int_3,0.5,1.0,Error,-0.5,77.97062524841148
Free,1,Sims Int_3,0.5,1.0,Correct,0.5,84.08637258852579
Non-Free,0,Sims Int_3,-0.5,-1.0,Error,-0.5,49.31103507709115
Non-Free,0,Sims Int_3,-0.5,-1.0,Correct,0.5,47.444985609083446
Non-Free,0,Sims Int_3,0.0,-1.0,Error,-0.5,37.35882802510508
Non-Free,0,Sims Int_3,0.0,-1.0,Correct,0.5,53.5985670905491
Non-Free,0,Sims Int_3,0.5,-1.0,Error,-0.5,25.406620973119008
Non-Free,0,Sims Int_3,0.5,-1.0,Correct,0.5,59.75214857201476
Non-Free,0,Sims Int_3,-0.5,0.0,Error,-0.5,49.414262432760935
Non-Free,0,Sims Int_3,-0.5,0.0,Correct,0.5,49.80175216075928
Non-Free,0,Sims Int_3,0.0,0.0,Error,-0.5,43.272158587408754
Non-Free,0,Sims Int_3,0.0,0.0,Correct,0.5,58.72151743612429
Non-Free,0,Sims Int_3,0.5,0.0,Error,-0.5,37.13005474205657
Non-Free,0,Sims Int_3,0.5,0.0,Correct,0.5,67.6412827114893
Non-Free,0,Sims Int_3,-0.5,1.0,Error,-0.5,49.51748978843072
Non-Free,0,Sims Int_3,-0.5,1.0,Correct,0.5,52.15851871243511
Non-Free,0,Sims Int_3,0.0,1.0,Error,-0.5,49.185489149712424
Non-Free,0,Sims Int_3,0.0,1.0,Correct,0.5,63.84446778169947
Non-Free,0,Sims Int_3,0.5,1.0,Error,-0.5,48.85348851099413
Non-Free,0,Sims Int_3,0.5,1.0,Correct,0.5,75.53041685096383
Free,1,Sims Int_30,-0.5,-1.0,Error,-0.5,56.44770408163262
Free,1,Sims Int_30,-0.5,-1.0,Correct,0.5,68.60318658614118
Free,1,Sims Int_30,0.0,-1.0,Error,-0.5,51.92219387755079
Free,1,Sims Int_30,0.0,-1.0,Correct,0.5,83.34492212333129
Free,1,Sims Int_30,0.5,-1.0,Error,-0.5,47.396683673468964
Free,1,Sims Int_30,0.5,-1.0,Correct,0.5,98.08665766052141
Free,1,Sims Int_30,-0.5,0.0,Error,-0.5,71.10459183673471
Free,1,Sims Int_30,-0.5,0.0,Correct,0.5,74.89534329307058
Free,1,Sims Int_30,0.0,0.0,Error,-0.5,60.155612244897824
Free,1,Sims Int_30,0.0,0.0,Correct,0.5,86.39121106166564
Free,1,Sims Int_30,0.5,0.0,Error,-0.5,49.206632653060936
Free,1,Sims Int_30,0.5,0.0,Correct,0.5,97.8870788302607
Free,1,Sims Int_30,-0.5,1.0,Error,-0.5,85.7614795918368
Free,1,Sims Int_30,-0.5,1.0,Correct,0.5,81.18749999999999
Free,1,Sims Int_30,0.0,1.0,Error,-0.5,68.38903061224485
Free,1,Sims Int_30,0.0,1.0,Correct,0.5,89.4375
Free,1,Sims Int_30,0.5,1.0,Error,-0.5,51.0165816326529
Free,1,Sims Int_30,0.5,1.0,Correct,0.5,97.68750000000001
Non-Free,0,Sims Int_30,-0.5,-1.0,Error,-0.5,52.407456094648026
Non-Free,0,Sims Int_30,-0.5,-1.0,Correct,0.5,53.79139947447216
Non-Free,0,Sims Int_30,0.0,-1.0,Error,-0.5,31.807072949814458
Non-Free,0,Sims Int_30,0.0,-1.0,Correct,0.5,76.21326434233242
Non-Free,0,Sims Int_30,0.5,-1.0,Error,-0.5,11.206689804980893
Non-Free,0,Sims Int_30,0.5,-1.0,Correct,0.5,98.63512921019269
Non-Free,0,Sims Int_30,-0.5,0.0,Error,-0.5,42.26210954094762
Non-Free,0,Sims Int_30,-0.5,0.0,Correct,0.5,61.348767467439984
Non-Free,0,Sims Int_30,0.0,0.0,Error,-0.5,21.960603413034946
Non-Free,0,Sims Int_30,0.0,0.0,Correct,0.5,78.57409592762366
Non-Free,0,Sims Int_30,0.5,0.0,Error,-0.5,1.6590972851222716
Non-Free,0,Sims Int_30,0.5,0.0,Correct,0.5,95.79942438780733
Non-Free,0,Sims Int_30,-0.5,1.0,Error,-0.5,32.11676298724721
Non-Free,0,Sims Int_30,-0.5,1.0,Correct,0.5,68.90613546040781
Non-Free,0,Sims Int_30,0.0,1.0,Error,-0.5,12.114133876255433
Non-Free,0,Sims Int_30,0.0,1.0,Correct,0.5,80.9349275129149
Non-Free,0,Sims Int_30,0.5,1.0,Error,-0.5,-7.888495234736349
Non-Free,0,Sims Int_30,0.5,1.0,Correct,0.5,92.96371956542198
Free,1,Sims Int_31,-0.5,-1.0,Error,-0.5,66.3494827881265
Free,1,Sims Int_31,-0.5,-1.0,Correct,0.5,69.1187801214455
Free,1,Sims Int_31,0.0,-1.0,Error,-0.5,62.084452868501735
Free,1,Sims Int_31,0.0,-1.0,Correct,0.5,74.9725052885897
Free,1,Sims Int_31,0.5,-1.0,Error,-0.5,57.819422948876976
Free,1,Sims Int_31,0.5,-1.0,Correct,0.5,80.8262304557339
Free,1,Sims Int_31,-0.5,0.0,Error,-0.5,67.53366543805178
Free,1,Sims Int_31,-0.5,0.0,Correct,0.5,70.41214330033299
Free,1,Sims Int_31,0.0,0.0,Error,-0.5,67.02460297715005
Free,1,Sims Int_31,0.0,0.0,Correct,0.5,76.80032886991987
Free,1,Sims Int_31,0.5,0.0,Error,-0.5,66.51554051624832
Free,1,Sims Int_31,0.5,0.0,Correct,0.5,83.18851443950675
Free,1,Sims Int_31,-0.5,1.0,Error,-0.5,68.71784808797707
Free,1,Sims Int_31,-0.5,1.0,Correct,0.5,71.70550647922047
Free,1,Sims Int_31,0.0,1.0,Error,-0.5,71.96475308579838
Free,1,Sims Int_31,0.0,1.0,Correct,0.5,78.62815245125003
Free,1,Sims Int_31,0.5,1.0,Error,-0.5,75.21165808361968
Free,1,Sims Int_31,0.5,1.0,Correct,0.5,85.55079842327959
Non-Free,0,Sims Int_31,-0.5,-1.0,Error,-0.5,56.35997978838685
Non-Free,0,Sims Int_31,-0.5,-1.0,Correct,0.5,49.272048206260116
Non-Free,0,Sims Int_31,0.0,-1.0,Error,-0.5,42.621309249856935
Non-Free,0,Sims Int_31,0.0,-1.0,Correct,0.5,61.19685825290182
Non-Free,0,Sims Int_31,0.5,-1.0,Error,-0.5,28.88263871132702
Non-Free,0,Sims Int_31,0.5,-1.0,Correct,0.5,73.12166829954353
Non-Free,0,Sims Int_31,-0.5,0.0,Error,-0.5,47.195646284594126
Non-Free,0,Sims Int_31,-0.5,0.0,Correct,0.5,49.246692357236824
Non-Free,0,Sims Int_31,0.0,0.0,Error,-0.5,42.065978436887406
Non-Free,0,Sims Int_31,0.0,0.0,Correct,0.5,63.89114382951037
Non-Free,0,Sims Int_31,0.5,0.0,Error,-0.5,36.936310589180685
Non-Free,0,Sims Int_31,0.5,0.0,Correct,0.5,78.53559530178391
Non-Free,0,Sims Int_31,-0.5,1.0,Error,-0.5,38.0313127808014
Non-Free,0,Sims Int_31,-0.5,1.0,Correct,0.5,49.22133650821353
Non-Free,0,Sims Int_31,0.0,1.0,Error,-0.5,41.510647623917876
Non-Free,0,Sims Int_31,0.0,1.0,Correct,0.5,66.58542940611892
Non-Free,0,Sims Int_31,0.5,1.0,Error,-0.5,44.98998246703435
Non-Free,0,Sims Int_31,0.5,1.0,Correct,0.5,83.94952230402431
Free,1,Sims Int_32,-0.5,-1.0,Error,-0.5,66.90493217067183
Free,1,Sims Int_32,-0.5,-1.0,Correct,0.5,67.82393997869407
Free,1,Sims Int_32,0.0,-1.0,Error,-0.5,65.59639783879813
Free,1,Sims Int_32,0.0,-1.0,Correct,0.5,70.39066528702226
Free,1,Sims Int_32,0.5,-1.0,Error,-0.5,64.28786350692442
Free,1,Sims Int_32,0.5,-1.0,Correct,0.5,72.95739059535045
Free,1,Sims Int_32,-0.5,0.0,Error,-0.5,70.24103140653862
Free,1,Sims Int_32,-0.5,0.0,Correct,0.5,72.68481965778646
Free,1,Sims Int_32,0.0,0.0,Error,-0.5,69.84196817877127
Free,1,Sims Int_32,0.0,0.0,Correct,0.5,76.01776806553815
Free,1,Sims Int_32,0.5,0.0,Error,-0.5,69.44290495100391
Free,1,Sims Int_32,0.5,0.0,Correct,0.5,79.35071647328984
Free,1,Sims Int_32,-0.5,1.0,Error,-0.5,73.57713064240542
Free,1,Sims Int_32,-0.5,1.0,Correct,0.5,77.54569933687885
Free,1,Sims Int_32,0.0,1.0,Error,-0.5,74.08753851874441
Free,1,Sims Int_32,0.0,1.0,Correct,0.5,81.64487084405404
Free,1,Sims Int_32,0.5,1.0,Error,-0.5,74.5979463950834
Free,1,Sims Int_32,0.5,1.0,Correct,0.5,85.74404235122923
Non-Free,0,Sims Int_32,-0.5,-1.0,Error,-0.5,41.99971858917764
Non-Free,0,Sims Int_32,-0.5,-1.0,Correct,0.5,51.55586788304283
Non-Free,0,Sims Int_32,0.0,-1.0,Error,-0.5,44.88769413421484
Non-Free,0,Sims Int_32,0.0,-1.0,Correct,0.5,53.6687792436022
Non-Free,0,Sims Int_32,0.5,-1.0,Error,-0.5,47.77566967925204
Non-Free,0,Sims Int_32,0.5,-1.0,Correct,0.5,55.78169060416157
Non-Free,0,Sims Int_32,-0.5,0.0,Error,-0.5,50.719437033422665
Non-Free,0,Sims Int_32,-0.5,0.0,Correct,0.5,51.128133451349264
Non-Free,0,Sims Int_32,0.0,0.0,Error,-0.5,48.73950838857883
Non-Free,0,Sims Int_32,0.0,0.0,Correct,0.5,54.69858525944788
Non-Free,0,Sims Int_32,0.5,0.0,Error,-0.5,46.75957974373499
Non-Free,0,Sims Int_32,0.5,0.0,Correct,0.5,58.2690370675465
Non-Free,0,Sims Int_32,-0.5,1.0,Error,-0.5,59.43915547766769
Non-Free,0,Sims Int_32,-0.5,1.0,Correct,0.5,50.7003990196557
Non-Free,0,Sims Int_32,0.0,1.0,Error,-0.5,52.591322642942814
Non-Free,0,Sims Int_32,0.0,1.0,Correct,0.5,55.72839127529356
Non-Free,0,Sims Int_32,0.5,1.0,Error,-0.5,45.74348980821794
Non-Free,0,Sims Int_32,0.5,1.0,Correct,0.5,60.75638353093143
Free,1,Sims Int_33,-0.5,-1.0,Error,-0.5,65.71384941724469
Free,1,Sims Int_33,-0.5,-1.0,Correct,0.5,78.2935853091556
Free,1,Sims Int_33,0.0,-1.0,Error,-0.5,63.327417707254526
Free,1,Sims Int_33,0.0,-1.0,Correct,0.5,77.0241738259803
Free,1,Sims Int_33,0.5,-1.0,Error,-0.5,60.94098599726435
Free,1,Sims Int_33,0.5,-1.0,Correct,0.5,75.75476234280501
Free,1,Sims Int_33,-0.5,0.0,Error,-0.5,75.3330169767482
Free,1,Sims Int_33,-0.5,0.0,Correct,0.5,80.18588522003861
Free,1,Sims Int_33,0.0,0.0,Error,-0.5,68.91314214893819
Free,1,Sims Int_33,0.0,0.0,Correct,0.5,81.3982641673426
Free,1,Sims Int_33,0.5,0.0,Error,-0.5,62.49326732112819
Free,1,Sims Int_33,0.5,0.0,Correct,0.5,82.61064311464659
Free,1,Sims Int_33,-0.5,1.0,Error,-0.5,84.9521845362517
Free,1,Sims Int_33,-0.5,1.0,Correct,0.5,82.07818513092163
Free,1,Sims Int_33,0.0,1.0,Error,-0.5,74.49886659062186
Free,1,Sims Int_33,0.0,1.0,Correct,0.5,85.77235450870491
Free,1,Sims Int_33,0.5,1.0,Error,-0.5,64.04554864499202
Free,1,Sims Int_33,0.5,1.0,Correct,0.5,89.46652388648819
Non-Free,0,Sims Int_33,-0.5,-1.0,Error,-0.5,57.45321383079645
Non-Free,0,Sims Int_33,-0.5,-1.0,Correct,0.5,48.564267247548585
Non-Free,0,Sims Int_33,0.0,-1.0,Error,-0.5,49.50385529658745
Non-Free,0,Sims Int_33,0.0,-1.0,Correct,0.5,59.52947507565022
Non-Free,0,Sims Int_33,0.5,-1.0,Error,-0.5,41.554496762378456
Non-Free,0,Sims Int_33,0.5,-1.0,Correct,0.5,70.49468290375184
Non-Free,0,Sims Int_33,-0.5,0.0,Error,-0.5,51.79672385988728
Non-Free,0,Sims Int_33,-0.5,0.0,Correct,0.5,46.94125603365088
Non-Free,0,Sims Int_33,0.0,0.0,Error,-0.5,43.96220164181356
Non-Free,0,Sims Int_33,0.0,0.0,Correct,0.5,60.52208731596848
Non-Free,0,Sims Int_33,0.5,0.0,Error,-0.5,36.127679423739835
Non-Free,0,Sims Int_33,0.5,0.0,Correct,0.5,74.10291859828607
Non-Free,0,Sims Int_33,-0.5,1.0,Error,-0.5,46.14023388897811
Non-Free,0,Sims Int_33,-0.5,1.0,Correct,0.5,45.318244819753176
Non-Free,0,Sims Int_33,0.0,1.0,Error,-0.5,38.42054798703966
Non-Free,0,Sims Int_33,0.0,1.0,Correct,0.5,61.514699556286736
Non-Free,0,Sims Int_33,0.5,1.0,Error,-0.5,30.700862085101214
Non-Free,0,Sims Int_33,0.5,1.0,Correct,0.5,77.7111542928203
Free,1,Sims Int_34,-0.5,-1.0,Error,-0.5,62.55673487112669
Free,1,Sims Int_34,-0.5,-1.0,Correct,0.5,66.9343737400049
Free,1,Sims Int_34,0.0,-1.0,Error,-0.5,52.272320516259214
Free,1,Sims Int_34,0.0,-1.0,Correct,0.5,80.80195671591873
Free,1,Sims Int_34,0.5,-1.0,Error,-0.5,41.98790616139173
Free,1,Sims Int_34,0.5,-1.0,Correct,0.5,94.66953969183255
Free,1,Sims Int_34,-0.5,0.0,Error,-0.5,61.43939110915264
Free,1,Sims Int_34,-0.5,0.0,Correct,0.5,73.012889496982
Free,1,Sims Int_34,0.0,0.0,Error,-0.5,54.58256419712873
Free,1,Sims Int_34,0.0,0.0,Correct,0.5,83.7783240657875
Free,1,Sims Int_34,0.5,0.0,Error,-0.5,47.72573728510483
Free,1,Sims Int_34,0.5,0.0,Correct,0.5,94.543758634593
Free,1,Sims Int_34,-0.5,1.0,Error,-0.5,60.32204734717858
Free,1,Sims Int_34,-0.5,1.0,Correct,0.5,79.0914052539591
Free,1,Sims Int_34,0.0,1.0,Error,-0.5,56.89280787799825
Free,1,Sims Int_34,0.0,1.0,Correct,0.5,86.75469141565627
Free,1,Sims Int_34,0.5,1.0,Error,-0.5,53.46356840881792
Free,1,Sims Int_34,0.5,1.0,Correct,0.5,94.41797757735344
Non-Free,0,Sims Int_34,-0.5,-1.0,Error,-0.5,37.64239115672277
Non-Free,0,Sims Int_34,-0.5,-1.0,Correct,0.5,59.53408049962939
Non-Free,0,Sims Int_34,0.0,-1.0,Error,-0.5,31.980882860296283
Non-Free,0,Sims Int_34,0.0,-1.0,Correct,0.5,75.67347353437623
Non-Free,0,Sims Int_34,0.5,-1.0,Error,-0.5,26.319374563869793
Non-Free,0,Sims Int_34,0.5,-1.0,Correct,0.5,91.81286656912305
Non-Free,0,Sims Int_34,-0.5,0.0,Error,-0.5,37.36791049319599
Non-Free,0,Sims Int_34,-0.5,0.0,Correct,0.5,54.33360273243334
Non-Free,0,Sims Int_34,0.0,0.0,Error,-0.5,25.289631066991188
Non-Free,0,Sims Int_34,0.0,0.0,Correct,0.5,74.38101962262182
Non-Free,0,Sims Int_34,0.5,0.0,Error,-0.5,13.211351640786383
Non-Free,0,Sims Int_34,0.5,0.0,Correct,0.5,94.4284365128103
Non-Free,0,Sims Int_34,-0.5,1.0,Error,-0.5,37.09342982966921
Non-Free,0,Sims Int_34,-0.5,1.0,Correct,0.5,49.13312496523729
Non-Free,0,Sims Int_34,0.0,1.0,Error,-0.5,18.598379273686092
Non-Free,0,Sims Int_34,0.0,1.0,Correct,0.5,73.08856571086741
Non-Free,0,Sims Int_34,0.5,1.0,Error,-0.5,0.1033287177029738
Non-Free,0,Sims Int_34,0.5,1.0,Correct,0.5,97.04400645649754
Free,1,Sims Int_35,-0.5,-1.0,Error,-0.5,69.85723847923472
Free,1,Sims Int_35,-0.5,-1.0,Correct,0.5,69.2199529524411
Free,1,Sims Int_35,0.0,-1.0,Error,-0.5,59.677635531118156
Free,1,Sims Int_35,0.0,-1.0,Correct,0.5,79.60451347864463
Free,1,Sims Int_35,0.5,-1.0,Error,-0.5,49.49803258300159
Free,1,Sims Int_35,0.5,-1.0,Correct,0.5,89.98907400484815
Free,1,Sims Int_35,-0.5,0.0,Error,-0.5,77.05924105318842
Free,1,Sims Int_35,-0.5,0.0,Correct,0.5,76.61838635760516
Free,1,Sims Int_35,0.0,0.0,Error,-0.5,69.24984876174675
Free,1,Sims Int_35,0.0,0.0,Correct,0.5,83.97672090240809
Free,1,Sims Int_35,0.5,0.0,Error,-0.5,61.44045647030508
Free,1,Sims Int_35,0.5,0.0,Correct,0.5,91.33505544721102
Free,1,Sims Int_35,-0.5,1.0,Error,-0.5,84.26124362714211
Free,1,Sims Int_35,-0.5,1.0,Correct,0.5,84.01681976276922
Free,1,Sims Int_35,0.0,1.0,Error,-0.5,78.82206199237534
Free,1,Sims Int_35,0.0,1.0,Correct,0.5,88.34892832617155
Free,1,Sims Int_35,0.5,1.0,Error,-0.5,73.38288035760857
Free,1,Sims Int_35,0.5,1.0,Correct,0.5,92.68103688957387
Non-Free,0,Sims Int_35,-0.5,-1.0,Error,-0.5,46.191669141792815
Non-Free,0,Sims Int_35,-0.5,-1.0,Correct,0.5,52.333071674963314
Non-Free,0,Sims Int_35,0.0,-1.0,Error,-0.5,33.613558324612576
Non-Free,0,Sims Int_35,0.0,-1.0,Correct,0.5,67.25388493774389
Non-Free,0,Sims Int_35,0.5,-1.0,Error,-0.5,21.03544750743234
Non-Free,0,Sims Int_35,0.5,-1.0,Correct,0.5,82.17469820052446
Non-Free,0,Sims Int_35,-0.5,0.0,Error,-0.5,46.29098878282088
Non-Free,0,Sims Int_35,-0.5,0.0,Correct,0.5,58.90933464945029
Non-Free,0,Sims Int_35,0.0,0.0,Error,-0.5,29.247366419524184
Non-Free,0,Sims Int_35,0.0,0.0,Correct,0.5,70.37811499728451
Non-Free,0,Sims Int_35,0.5,0.0,Error,-0.5,12.203744056227485
Non-Free,0,Sims Int_35,0.5,0.0,Correct,0.5,81.84689534511874
Non-Free,0,Sims Int_35,-0.5,1.0,Error,-0.5,46.39030842384895
Non-Free,0,Sims Int_35,-0.5,1.0,Correct,0.5,65.48559762393725
Non-Free,0,Sims Int_35,0.0,1.0,Error,-0.5,24.88117451443579
Non-Free,0,Sims Int_35,0.0,1.0,Correct,0.5,73.50234505682513
Non-Free,0,Sims Int_35,0.5,1.0,Error,-0.5,3.3720406050226295
Non-Free,0,Sims Int_35,0.5,1.0,Correct,0.5,81.51909248971302
Free,1,Sims Int_36,-0.5,-1.0,Error,-0.5,63.33446426817462
Free,1,Sims Int_36,-0.5,-1.0,Correct,0.5,66.38050423812108
Free,1,Sims Int_36,0.0,-1.0,Error,-0.5,60.220782842197906
Free,1,Sims Int_36,0.0,-1.0,Correct,0.5,78.5793636649486
Free,1,Sims Int_36,0.5,-1.0,Error,-0.5,57.107101416221184
Free,1,Sims Int_36,0.5,-1.0,Correct,0.5,90.77822309177613
Free,1,Sims Int_36,-0.5,0.0,Error,-0.5,70.49138230980392
Free,1,Sims Int_36,-0.5,0.0,Correct,0.5,70.39686142712137
Free,1,Sims Int_36,0.0,0.0,Error,-0.5,67.22840208562579
Free,1,Sims Int_36,0.0,0.0,Correct,0.5,81.59254822855563
Free,1,Sims Int_36,0.5,0.0,Error,-0.5,63.96542186144765
Free,1,Sims Int_36,0.5,0.0,Correct,0.5,92.78823502998989
Free,1,Sims Int_36,-0.5,1.0,Error,-0.5,77.64830035143322
Free,1,Sims Int_36,-0.5,1.0,Correct,0.5,74.41321861612165
Free,1,Sims Int_36,0.0,1.0,Error,-0.5,74.23602132905367
Free,1,Sims Int_36,0.0,1.0,Correct,0.5,84.60573279216266
Free,1,Sims Int_36,0.5,1.0,Error,-0.5,70.82374230667412
Free,1,Sims Int_36,0.5,1.0,Correct,0.5,94.79824696820364
Non-Free,0,Sims Int_36,-0.5,-1.0,Error,-0.5,52.7753761734716
Non-Free,0,Sims Int_36,-0.5,-1.0,Correct,0.5,69.47433454030903
Non-Free,0,Sims Int_36,0.0,-1.0,Error,-0.5,45.49749131074579
Non-Free,0,Sims Int_36,0.0,-1.0,Correct,0.5,72.89820449197664
Non-Free,0,Sims Int_36,0.5,-1.0,Error,-0.5,38.219606448019974
Non-Free,0,Sims Int_36,0.5,-1.0,Correct,0.5,76.32207444364425
Non-Free,0,Sims Int_36,-0.5,0.0,Error,-0.5,55.54408762613823
Non-Free,0,Sims Int_36,-0.5,0.0,Correct,0.5,61.338118927770054
Non-Free,0,Sims Int_36,0.0,0.0,Error,-0.5,44.15148273798341
Non-Free,0,Sims Int_36,0.0,0.0,Correct,0.5,70.0040625609711
Non-Free,0,Sims Int_36,0.5,0.0,Error,-0.5,32.758877849828586
Non-Free,0,Sims Int_36,0.5,0.0,Correct,0.5,78.67000619417213
Non-Free,0,Sims Int_36,-0.5,1.0,Error,-0.5,58.31279907880486
Non-Free,0,Sims Int_36,-0.5,1.0,Correct,0.5,53.20190331523108
Non-Free,0,Sims Int_36,0.0,1.0,Error,-0.5,42.80547416522103
Non-Free,0,Sims Int_36,0.0,1.0,Correct,0.5,67.10992062996554
Non-Free,0,Sims Int_36,0.5,1.0,Error,-0.5,27.2981492516372
Non-Free,0,Sims Int_36,0.5,1.0,Correct,0.5,81.01793794470001
Free,1,Sims Int_37,-0.5,-1.0,Error,-0.5,64.30527811611856
Free,1,Sims Int_37,-0.5,-1.0,Correct,0.5,63.91605312734156
Free,1,Sims Int_37,0.0,-1.0,Error,-0.5,64.7927933414535
Free,1,Sims Int_37,0.0,-1.0,Correct,0.5,75.11523207461627
Free,1,Sims Int_37,0.5,-1.0,Error,-0.5,65.28030856678845
Free,1,Sims Int_37,0.5,-1.0,Correct,0.5,86.31441102189099
Free,1,Sims Int_37,-0.5,0.0,Error,-0.5,65.94587900933821
Free,1,Sims Int_37,-0.5,0.0,Correct,0.5,66.90641206323379
Free,1,Sims Int_37,0.0,0.0,Error,-0.5,70.78069427527406
Free,1,Sims Int_37,0.0,0.0,Correct,0.5,77.6445289429663
Free,1,Sims Int_37,0.5,0.0,Error,-0.5,75.6155095412099
Free,1,Sims Int_37,0.5,0.0,Correct,0.5,88.38264582269882
Free,1,Sims Int_37,-0.5,1.0,Error,-0.5,67.58647990255787
Free,1,Sims Int_37,-0.5,1.0,Correct,0.5,69.89677099912602
Free,1,Sims Int_37,0.0,1.0,Error,-0.5,76.76859520909461
Free,1,Sims Int_37,0.0,1.0,Correct,0.5,80.17382581131633
Free,1,Sims Int_37,0.5,1.0,Error,-0.5,85.95071051563136
Free,1,Sims Int_37,0.5,1.0,Correct,0.5,90.45088062350665
Non-Free,0,Sims Int_37,-0.5,-1.0,Error,-0.5,44.93022492078512
Non-Free,0,Sims Int_37,-0.5,-1.0,Correct,0.5,56.317337882354366
Non-Free,0,Sims Int_37,0.0,-1.0,Error,-0.5,39.48134157697978
Non-Free,0,Sims Int_37,0.0,-1.0,Correct,0.5,68.42142092078265
Non-Free,0,Sims Int_37,0.5,-1.0,Error,-0.5,34.032458233174445
Non-Free,0,Sims Int_37,0.5,-1.0,Correct,0.5,80.52550395921094
Non-Free,0,Sims Int_37,-0.5,0.0,Error,-0.5,44.406757370770634
Non-Free,0,Sims Int_37,-0.5,0.0,Correct,0.5,57.55078975970828
Non-Free,0,Sims Int_37,0.0,0.0,Error,-0.5,36.124740386619614
Non-Free,0,Sims Int_37,0.0,0.0,Correct,0.5,70.79913731913696
Non-Free,0,Sims Int_37,0.5,0.0,Error,-0.5,27.842723402468597
Non-Free,0,Sims Int_37,0.5,0.0,Correct,0.5,84.04748487856564
Non-Free,0,Sims Int_37,-0.5,1.0,Error,-0.5,43.88328982075615
Non-Free,0,Sims Int_37,-0.5,1.0,Correct,0.5,58.784241637062195
Non-Free,0,Sims Int_37,0.0,1.0,Error,-0.5,32.76813919625945
Non-Free,0,Sims Int_37,0.0,1.0,Correct,0.5,73.17685371749127
Non-Free,0,Sims Int_37,0.5,1.0,Error,-0.5,21.65298857176275
Non-Free,0,Sims Int_37,0.5,1.0,Correct,0.5,87.56946579792034
Free,1,Sims Int_38,-0.5,-1.0,Error,-0.5,67.07222605532196
Free,1,Sims Int_38,-0.5,-1.0,Correct,0.5,72.51166181658932
Free,1,Sims Int_38,0.0,-1.0,Error,-0.5,63.3196700746408
Free,1,Sims Int_38,0.0,-1.0,Correct,0.5,79.92365063786343
Free,1,Sims Int_38,0.5,-1.0,Error,-0.5,59.56711409395964
Free,1,Sims Int_38,0.5,-1.0,Correct,0.5,87.33563945913754
Free,1,Sims Int_38,-0.5,0.0,Error,-0.5,68.34387087331945
Free,1,Sims Int_38,-0.5,0.0,Correct,0.5,75.20369603877636
Free,1,Sims Int_38,0.0,0.0,Error,-0.5,66.41018001630802
Free,1,Sims Int_38,0.0,0.0,Correct,0.5,82.61366382757885
Free,1,Sims Int_38,0.5,0.0,Error,-0.5,64.47648915929659
Free,1,Sims Int_38,0.5,0.0,Correct,0.5,90.02363161638134
Free,1,Sims Int_38,-0.5,1.0,Error,-0.5,69.61551569131693
Free,1,Sims Int_38,-0.5,1.0,Correct,0.5,77.89573026096339
Free,1,Sims Int_38,0.0,1.0,Error,-0.5,69.50068995797524
Free,1,Sims Int_38,0.0,1.0,Correct,0.5,85.30367701729426
Free,1,Sims Int_38,0.5,1.0,Error,-0.5,69.38586422463355
Free,1,Sims Int_38,0.5,1.0,Correct,0.5,92.71162377362513
Non-Free,0,Sims Int_38,-0.5,-1.0,Error,-0.5,45.360830484857026
Non-Free,0,Sims Int_38,-0.5,-1.0,Correct,0.5,53.667814944806906
Non-Free,0,Sims Int_38,0.0,-1.0,Error,-0.5,36.06329359082833
Non-Free,0,Sims Int_38,0.0,-1.0,Correct,0.5,69.30002749763658
Non-Free,0,Sims Int_38,0.5,-1.0,Error,-0.5,26.765756696799645
Non-Free,0,Sims Int_38,0.5,-1.0,Correct,0.5,84.93224005046625
Non-Free,0,Sims Int_38,-0.5,0.0,Error,-0.5,47.512750299797005
Non-Free,0,Sims Int_38,-0.5,0.0,Correct,0.5,53.466761234542524
Non-Free,0,Sims Int_38,0.0,0.0,Error,-0.5,36.46181251646097
Non-Free,0,Sims Int_38,0.0,0.0,Correct,0.5,69.78955029479998
Non-Free,0,Sims Int_38,0.5,0.0,Error,-0.5,25.41087473312493
Non-Free,0,Sims Int_38,0.5,0.0,Correct,0.5,86.11233935505743
Non-Free,0,Sims Int_38,-0.5,1.0,Error,-0.5,49.664670114736985
Non-Free,0,Sims Int_38,-0.5,1.0,Correct,0.5,53.26570752427814
Non-Free,0,Sims Int_38,0.0,1.0,Error,-0.5,36.8603314420936
Non-Free,0,Sims Int_38,0.0,1.0,Correct,0.5,70.27907309196338
Non-Free,0,Sims Int_38,0.5,1.0,Error,-0.5,24.05599276945022
Non-Free,0,Sims Int_38,0.5,1.0,Correct,0.5,87.29243865964861
Free,1,Sims Int_39,-0.5,-1.0,Error,-0.5,62.143596986817315
Free,1,Sims Int_39,-0.5,-1.0,Correct,0.5,73.81945467318533
Free,1,Sims Int_39,0.0,-1.0,Error,-0.5,65.49364406779648
Free,1,Sims Int_39,0.0,-1.0,Correct,0.5,85.04944638400197
Free,1,Sims Int_39,0.5,-1.0,Error,-0.5,68.84369114877566
Free,1,Sims Int_39,0.5,-1.0,Correct,0.5,96.2794380948186
Free,1,Sims Int_39,-0.5,0.0,Error,-0.5,69.19915254237286
Free,1,Sims Int_39,-0.5,0.0,Correct,0.5,78.39065006491359
Free,1,Sims Int_39,0.0,0.0,Error,-0.5,63.487288135593204
Free,1,Sims Int_39,0.0,0.0,Correct,0.5,87.72781742376843
Free,1,Sims Int_39,0.5,0.0,Error,-0.5,57.77542372881355
Free,1,Sims Int_39,0.5,0.0,Correct,0.5,97.06498478262327
Free,1,Sims Int_39,-0.5,1.0,Error,-0.5,76.2547080979284
Free,1,Sims Int_39,-0.5,1.0,Correct,0.5,82.96184545664184
Free,1,Sims Int_39,0.0,1.0,Error,-0.5,61.48093220338992
Free,1,Sims Int_39,0.0,1.0,Correct,0.5,90.40618846353489
Free,1,Sims Int_39,0.5,1.0,Error,-0.5,46.70715630885144
Free,1,Sims Int_39,0.5,1.0,Correct,0.5,97.85053147042794
Non-Free,0,Sims Int_39,-0.5,-1.0,Error,-0.5,45.85606182289807
Non-Free,0,Sims Int_39,-0.5,-1.0,Correct,0.5,59.404605434399286
Non-Free,0,Sims Int_39,0.0,-1.0,Error,-0.5,26.03852543709711
Non-Free,0,Sims Int_39,0.0,-1.0,Correct,0.5,75.02112123502418
Non-Free,0,Sims Int_39,0.5,-1.0,Error,-0.5,6.220989051296149
Non-Free,0,Sims Int_39,0.5,-1.0,Correct,0.5,90.63763703564908
Non-Free,0,Sims Int_39,-0.5,0.0,Error,-0.5,39.83571430283824
Non-Free,0,Sims Int_39,-0.5,0.0,Correct,0.5,61.90559479915426
Non-Free,0,Sims Int_39,0.0,0.0,Error,-0.5,21.69771676252079
Non-Free,0,Sims Int_39,0.0,0.0,Correct,0.5,78.30900798171908
Non-Free,0,Sims Int_39,0.5,0.0,Error,-0.5,3.5597192222033414
Non-Free,0,Sims Int_39,0.5,0.0,Correct,0.5,94.7124211642839
Non-Free,0,Sims Int_39,-0.5,1.0,Error,-0.5,33.81536678277841
Non-Free,0,Sims Int_39,-0.5,1.0,Correct,0.5,64.40658416390923
Non-Free,0,Sims Int_39,0.0,1.0,Error,-0.5,17.356908087944472
Non-Free,0,Sims Int_39,0.0,1.0,Correct,0.5,81.59689472841397
Non-Free,0,Sims Int_39,0.5,1.0,Error,-0.5,0.8984493931105342
Non-Free,0,Sims Int_39,0.5,1.0,Correct,0.5,98.78720529291871
Free,1,Sims Int_4,-0.5,-1.0,Error,-0.5,72.62746134531517
Free,1,Sims Int_4,-0.5,-1.0,Correct,0.5,72.04577753123922
Free,1,Sims Int_4,0.0,-1.0,Error,-0.5,60.17853839037927
Free,1,Sims Int_4,0.0,-1.0,Correct,0.5,82.72361363764095
Free,1,Sims Int_4,0.5,-1.0,Error,-0.5,47.72961543544337
Free,1,Sims Int_4,0.5,-1.0,Correct,0.5,93.40144974404267
Free,1,Sims Int_4,-0.5,0.0,Error,-0.5,70.69591647945025
Free,1,Sims Int_4,-0.5,0.0,Correct,0.5,77.17445536553981
Free,1,Sims Int_4,0.0,0.0,Error,-0.5,70.9081538258227
Free,1,Sims Int_4,0.0,0.0,Correct,0.5,86.31685791492202
Free,1,Sims Int_4,0.5,0.0,Error,-0.5,71.12039117219514
Free,1,Sims Int_4,0.5,0.0,Correct,0.5,95.45926046430424
Free,1,Sims Int_4,-0.5,1.0,Error,-0.5,68.76437161358533
Free,1,Sims Int_4,-0.5,1.0,Correct,0.5,82.3031331998404
Free,1,Sims Int_4,0.0,1.0,Error,-0.5,81.63776926126611
Free,1,Sims Int_4,0.0,1.0,Correct,0.5,89.9101021922031
Free,1,Sims Int_4,0.5,1.0,Error,-0.5,94.5111669089469
Free,1,Sims Int_4,0.5,1.0,Correct,0.5,97.51707118456581
Non-Free,0,Sims Int_4,-0.5,-1.0,Error,-0.5,46.55873609105585
Non-Free,0,Sims Int_4,-0.5,-1.0,Correct,0.5,62.54637837360613
Non-Free,0,Sims Int_4,0.0,-1.0,Error,-0.5,24.71621506837683
Non-Free,0,Sims Int_4,0.0,-1.0,Correct,0.5,74.75153531189257
Non-Free,0,Sims Int_4,0.5,-1.0,Error,-0.5,2.8736940456978077
Non-Free,0,Sims Int_4,0.5,-1.0,Correct,0.5,86.95669225017902
Non-Free,0,Sims Int_4,-0.5,0.0,Error,-0.5,45.22772445425977
Non-Free,0,Sims Int_4,-0.5,0.0,Correct,0.5,62.285910874615105
Non-Free,0,Sims Int_4,0.0,0.0,Error,-0.5,23.563959908264685
Non-Free,0,Sims Int_4,0.0,0.0,Correct,0.5,76.90239417805209
Non-Free,0,Sims Int_4,0.5,0.0,Error,-0.5,1.9001953622695993
Non-Free,0,Sims Int_4,0.5,0.0,Correct,0.5,91.51887748148908
Non-Free,0,Sims Int_4,-0.5,1.0,Error,-0.5,43.896712817463694
Non-Free,0,Sims Int_4,-0.5,1.0,Correct,0.5,62.02544337562408
Non-Free,0,Sims Int_4,0.0,1.0,Error,-0.5,22.41170474815254
Non-Free,0,Sims Int_4,0.0,1.0,Correct,0.5,79.05325304421162
Non-Free,0,Sims Int_4,0.5,1.0,Error,-0.5,0.9266966788413908
Non-Free,0,Sims Int_4,0.5,1.0,Correct,0.5,96.08106271279915
Free,1,Sims Int_40,-0.5,-1.0,Error,-0.5,69.65678599279427
Free,1,Sims Int_40,-0.5,-1.0,Correct,0.5,63.131295129791745
Free,1,Sims Int_40,0.0,-1.0,Error,-0.5,62.022900247888174
Free,1,Sims Int_40,0.0,-1.0,Correct,0.5,76.03592744766888
Free,1,Sims Int_40,0.5,-1.0,Error,-0.5,54.389014502982086
Free,1,Sims Int_40,0.5,-1.0,Correct,0.5,88.94055976554601
Free,1,Sims Int_40,-0.5,0.0,Error,-0.5,70.31241749768013
Free,1,Sims Int_40,-0.5,0.0,Correct,0.5,70.45848192390531
Free,1,Sims Int_40,0.0,0.0,Error,-0.5,66.65230527274232
Free,1,Sims Int_40,0.0,0.0,Correct,0.5,80.88340233990988
Free,1,Sims Int_40,0.5,0.0,Error,-0.5,62.99219304780452
Free,1,Sims Int_40,0.5,0.0,Correct,0.5,91.30832275591445
Free,1,Sims Int_40,-0.5,1.0,Error,-0.5,70.96804900256599
Free,1,Sims Int_40,-0.5,1.0,Correct,0.5,77.78566871801887
Free,1,Sims Int_40,0.0,1.0,Error,-0.5,71.28171029759648
Free,1,Sims Int_40,0.0,1.0,Correct,0.5,85.73087723215087
Free,1,Sims Int_40,0.5,1.0,Error,-0.5,71.59537159262696
Free,1,Sims Int_40,0.5,1.0,Correct,0.5,93.67608574628288
Non-Free,0,Sims Int_40,-0.5,-1.0,Error,-0.5,50.18500986989437
Non-Free,0,Sims Int_40,-0.5,-1.0,Correct,0.5,54.94810456831128
Non-Free,0,Sims Int_40,0.0,-1.0,Error,-0.5,37.186037611943505
Non-Free,0,Sims Int_40,0.0,-1.0,Correct,0.5,70.01298850130956
Non-Free,0,Sims Int_40,0.5,-1.0,Error,-0.5,24.187065353992637
Non-Free,0,Sims Int_40,0.5,-1.0,Correct,0.5,85.07787243430784
Non-Free,0,Sims Int_40,-0.5,0.0,Error,-0.5,52.18272228997074
Non-Free,0,Sims Int_40,-0.5,0.0,Correct,0.5,53.31060577837558
Non-Free,0,Sims Int_40,0.0,0.0,Error,-0.5,37.30799814633832
Non-Free,0,Sims Int_40,0.0,0.0,Correct,0.5,70.34105568045375
Non-Free,0,Sims Int_40,0.5,0.0,Error,-0.5,22.433274002705904
Non-Free,0,Sims Int_40,0.5,0.0,Correct,0.5,87.37150558253191
Non-Free,0,Sims Int_40,-0.5,1.0,Error,-0.5,54.18043471004711
Non-Free,0,Sims Int_40,-0.5,1.0,Correct,0.5,51.67310698843988
Non-Free,0,Sims Int_40,0.0,1.0,Error,-0.5,37.42995868073314
Non-Free,0,Sims Int_40,0.0,1.0,Correct,0.5,70.66912285959793
Non-Free,0,Sims Int_40,0.5,1.0,Error,-0.5,20.67948265141917
Non-Free,0,Sims Int_40,0.5,1.0,Correct,0.5,89.66513873075598
Free,1,Sims Int_41,-0.5,-1.0,Error,-0.5,70.61266921286361
Free,1,Sims Int_41,-0.5,-1.0,Correct,0.5,74.53607882121923
Free,1,Sims Int_41,0.0,-1.0,Error,-0.5,65.95150624872883
Free,1,Sims Int_41,0.0,-1.0,Correct,0.5,81.50204209826427
Free,1,Sims Int_41,0.5,-1.0,Error,-0.5,61.29034328459407
Free,1,Sims Int_41,0.5,-1.0,Correct,0.5,88.46800537530929
Free,1,Sims Int_41,-0.5,0.0,Error,-0.5,76.27310673687545
Free,1,Sims Int_41,-0.5,0.0,Correct,0.5,77.29801665441735
Free,1,Sims Int_41,0.0,0.0,Error,-0.5,72.29502135641488
Free,1,Sims Int_41,0.0,0.0,Correct,0.5,84.26092339314998
Free,1,Sims Int_41,0.5,0.0,Error,-0.5,68.31693597595431
Free,1,Sims Int_41,0.5,0.0,Correct,0.5,91.22383013188261
Free,1,Sims Int_41,-0.5,1.0,Error,-0.5,81.93354426088729
Free,1,Sims Int_41,-0.5,1.0,Correct,0.5,80.05995448761547
Free,1,Sims Int_41,0.0,1.0,Error,-0.5,78.63853646410092
Free,1,Sims Int_41,0.0,1.0,Correct,0.5,87.01980468803569
Free,1,Sims Int_41,0.5,1.0,Error,-0.5,75.34352866731454
Free,1,Sims Int_41,0.5,1.0,Correct,0.5,93.97965488845593
Non-Free,0,Sims Int_41,-0.5,-1.0,Error,-0.5,39.423620660352576
Non-Free,0,Sims Int_41,-0.5,-1.0,Correct,0.5,57.807150774676614
Non-Free,0,Sims Int_41,0.0,-1.0,Error,-0.5,25.34886361880631
Non-Free,0,Sims Int_41,0.0,-1.0,Correct,0.5,71.19099442872802
Non-Free,0,Sims Int_41,0.5,-1.0,Error,-0.5,11.274106577260039
Non-Free,0,Sims Int_41,0.5,-1.0,Correct,0.5,84.57483808277941
Non-Free,0,Sims Int_41,-0.5,0.0,Error,-0.5,40.16930611992646
Non-Free,0,Sims Int_41,-0.5,0.0,Correct,0.5,54.7279630884432
Non-Free,0,Sims Int_41,0.0,0.0,Error,-0.5,20.783681998671266
Non-Free,0,Sims Int_41,0.0,0.0,Correct,0.5,71.21978337937078
Non-Free,0,Sims Int_41,0.5,0.0,Error,-0.5,1.3980578774160684
Non-Free,0,Sims Int_41,0.5,0.0,Correct,0.5,87.71160367029836
Non-Free,0,Sims Int_41,-0.5,1.0,Error,-0.5,40.914991579500345
Non-Free,0,Sims Int_41,-0.5,1.0,Correct,0.5,51.64877540220978
Non-Free,0,Sims Int_41,0.0,1.0,Error,-0.5,16.218500378536223
Non-Free,0,Sims Int_41,0.0,1.0,Correct,0.5,71.24857233001354
Non-Free,0,Sims Int_41,0.5,1.0,Error,-0.5,-8.477990822427902
Non-Free,0,Sims Int_41,0.5,1.0,Correct,0.5,90.8483692578173
Free,1,Sims Int_42,-0.5,-1.0,Error,-0.5,71.04064339441751
Free,1,Sims Int_42,-0.5,-1.0,Correct,0.5,65.5468239172591
Free,1,Sims Int_42,0.0,-1.0,Error,-0.5,67.09741460179569
Free,1,Sims Int_42,0.0,-1.0,Correct,0.5,74.28801618131627
Free,1,Sims Int_42,0.5,-1.0,Error,-0.5,63.15418580917387
Free,1,Sims Int_42,0.5,-1.0,Correct,0.5,83.02920844537343
Free,1,Sims Int_42,-0.5,0.0,Error,-0.5,69.87148261797337
Free,1,Sims Int_42,-0.5,0.0,Correct,0.5,70.09104751417566
Free,1,Sims Int_42,0.0,0.0,Error,-0.5,68.22455922121918
Free,1,Sims Int_42,0.0,0.0,Correct,0.5,77.76757098682847
Free,1,Sims Int_42,0.5,0.0,Error,-0.5,66.57763582446499
Free,1,Sims Int_42,0.5,0.0,Correct,0.5,85.44409445948129
Free,1,Sims Int_42,-0.5,1.0,Error,-0.5,68.70232184152923
Free,1,Sims Int_42,-0.5,1.0,Correct,0.5,74.63527111109221
Free,1,Sims Int_42,0.0,1.0,Error,-0.5,69.35170384064267
Free,1,Sims Int_42,0.0,1.0,Correct,0.5,81.24712579234068
Free,1,Sims Int_42,0.5,1.0,Error,-0.5,70.00108583975612
Free,1,Sims Int_42,0.5,1.0,Correct,0.5,87.85898047358916
Non-Free,0,Sims Int_42,-0.5,-1.0,Error,-0.5,53.72759926498651
Non-Free,0,Sims Int_42,-0.5,-1.0,Correct,0.5,58.38627097899112
Non-Free,0,Sims Int_42,0.0,-1.0,Error,-0.5,43.94334725569524
Non-Free,0,Sims Int_42,0.0,-1.0,Correct,0.5,69.00458862975438
Non-Free,0,Sims Int_42,0.5,-1.0,Error,-0.5,34.15909524640397
Non-Free,0,Sims Int_42,0.5,-1.0,Correct,0.5,79.62290628051763
Non-Free,0,Sims Int_42,-0.5,0.0,Error,-0.5,58.11493582263708
Non-Free,0,Sims Int_42,-0.5,0.0,Correct,0.5,54.29947858658289
Non-Free,0,Sims Int_42,0.0,0.0,Error,-0.5,46.079005768874225
Non-Free,0,Sims Int_42,0.0,0.0,Correct,0.5,68.0688270906463
Non-Free,0,Sims Int_42,0.5,0.0,Error,-0.5,34.04307571511137
Non-Free,0,Sims Int_42,0.5,0.0,Correct,0.5,81.8381755947097
Non-Free,0,Sims Int_42,-0.5,1.0,Error,-0.5,62.50227238028765
Non-Free,0,Sims Int_42,-0.5,1.0,Correct,0.5,50.212686194174665
Non-Free,0,Sims Int_42,0.0,1.0,Error,-0.5,48.214664282053214
Non-Free,0,Sims Int_42,0.0,1.0,Correct,0.5,67.13306555153821
Non-Free,0,Sims Int_42,0.5,1.0,Error,-0.5,33.92705618381877
Non-Free,0,Sims Int_42,0.5,1.0,Correct,0.5,84.05344490890175
Free,1,Sims Int_43,-0.5,-1.0,Error,-0.5,65.46667776021302
Free,1,Sims Int_43,-0.5,-1.0,Correct,0.5,64.8056991081582
Free,1,Sims Int_43,0.0,-1.0,Error,-0.5,65.07205258340969
Free,1,Sims Int_43,0.0,-1.0,Correct,0.5,75.65624664086464
Free,1,Sims Int_43,0.5,-1.0,Error,-0.5,64.67742740660637
Free,1,Sims Int_43,0.5,-1.0,Correct,0.5,86.50679417357107
Free,1,Sims Int_43,-0.5,0.0,Error,-0.5,68.71917380813709
Free,1,Sims Int_43,-0.5,0.0,Correct,0.5,70.93010011896605
Free,1,Sims Int_43,0.0,0.0,Error,-0.5,65.66767201930281
Free,1,Sims Int_43,0.0,0.0,Correct,0.5,80.20821840939357
Free,1,Sims Int_43,0.5,0.0,Error,-0.5,62.61617023046855
Free,1,Sims Int_43,0.5,0.0,Correct,0.5,89.48633669982108
Free,1,Sims Int_43,-0.5,1.0,Error,-0.5,71.97166985606115
Free,1,Sims Int_43,-0.5,1.0,Correct,0.5,77.05450112977391
Free,1,Sims Int_43,0.0,1.0,Error,-0.5,66.26329145519594
Free,1,Sims Int_43,0.0,1.0,Correct,0.5,84.7601901779225
Free,1,Sims Int_43,0.5,1.0,Error,-0.5,60.554913054330726
Free,1,Sims Int_43,0.5,1.0,Correct,0.5,92.46587922607108
Non-Free,0,Sims Int_43,-0.5,-1.0,Error,-0.5,39.89804137931034
Non-Free,0,Sims Int_43,-0.5,-1.0,Correct,0.5,47.443952128013386
Non-Free,0,Sims Int_43,0.0,-1.0,Error,-0.5,29.282703448275893
Non-Free,0,Sims Int_43,0.0,-1.0,Correct,0.5,67.92541221749616
Non-Free,0,Sims Int_43,0.5,-1.0,Error,-0.5,18.66736551724144
Non-Free,0,Sims Int_43,0.5,-1.0,Correct,0.5,88.40687230697895
Non-Free,0,Sims Int_43,-0.5,0.0,Error,-0.5,40.763117241379305
Non-Free,0,Sims Int_43,-0.5,0.0,Correct,0.5,51.89907399579267
Non-Free,0,Sims Int_43,0.0,0.0,Error,-0.5,27.39492413793105
Non-Free,0,Sims Int_43,0.0,0.0,Correct,0.5,71.61299080449375
Non-Free,0,Sims Int_43,0.5,0.0,Error,-0.5,14.026731034482793
Non-Free,0,Sims Int_43,0.5,0.0,Correct,0.5,91.32690761319483
Non-Free,0,Sims Int_43,-0.5,1.0,Error,-0.5,41.62819310344827
Non-Free,0,Sims Int_43,-0.5,1.0,Correct,0.5,56.35419586357195
Non-Free,0,Sims Int_43,0.0,1.0,Error,-0.5,25.507144827586206
Non-Free,0,Sims Int_43,0.0,1.0,Correct,0.5,75.30056939149134
Non-Free,0,Sims Int_43,0.5,1.0,Error,-0.5,9.386096551724147
Non-Free,0,Sims Int_43,0.5,1.0,Correct,0.5,94.24694291941071
Free,1,Sims Int_44,-0.5,-1.0,Error,-0.5,55.07968231234947
Free,1,Sims Int_44,-0.5,-1.0,Correct,0.5,64.54058906621694
Free,1,Sims Int_44,0.0,-1.0,Error,-0.5,57.668310857165764
Free,1,Sims Int_44,0.0,-1.0,Correct,0.5,76.31385343522618
Free,1,Sims Int_44,0.5,-1.0,Error,-0.5,60.25693940198206
Free,1,Sims Int_44,0.5,-1.0,Correct,0.5,88.08711780423542
Free,1,Sims Int_44,-0.5,0.0,Error,-0.5,59.770773136764944
Free,1,Sims Int_44,-0.5,0.0,Correct,0.5,67.17445628748945
Free,1,Sims Int_44,0.0,0.0,Error,-0.5,59.748969668441056
Free,1,Sims Int_44,0.0,0.0,Correct,0.5,78.46399859436494
Free,1,Sims Int_44,0.5,0.0,Error,-0.5,59.72716620011717
Free,1,Sims Int_44,0.5,0.0,Correct,0.5,89.75354090124043
Free,1,Sims Int_44,-0.5,1.0,Error,-0.5,64.46186396118043
Free,1,Sims Int_44,-0.5,1.0,Correct,0.5,69.80832350876196
Free,1,Sims Int_44,0.0,1.0,Error,-0.5,61.82962847971635
Free,1,Sims Int_44,0.0,1.0,Correct,0.5,80.6141437535037
Free,1,Sims Int_44,0.5,1.0,Error,-0.5,59.197392998252276
Free,1,Sims Int_44,0.5,1.0,Correct,0.5,91.41996399824544
Non-Free,0,Sims Int_44,-0.5,-1.0,Error,-0.5,47.485780981805725
Non-Free,0,Sims Int_44,-0.5,-1.0,Correct,0.5,60.88031496967486
Non-Free,0,Sims Int_44,0.0,-1.0,Error,-0.5,35.75723995880535
Non-Free,0,Sims Int_44,0.0,-1.0,Correct,0.5,73.80665264647945
Non-Free,0,Sims Int_44,0.5,-1.0,Error,-0.5,24.028698935804975
Non-Free,0,Sims Int_44,0.5,-1.0,Correct,0.5,86.73299032328404
Non-Free,0,Sims Int_44,-0.5,0.0,Error,-0.5,42.70858908341917
Non-Free,0,Sims Int_44,-0.5,0.0,Correct,0.5,57.84973393601186
Non-Free,0,Sims Int_44,0.0,0.0,Error,-0.5,29.82495708891178
Non-Free,0,Sims Int_44,0.0,0.0,Correct,0.5,73.10236529581121
Non-Free,0,Sims Int_44,0.5,0.0,Error,-0.5,16.94132509440439
Non-Free,0,Sims Int_44,0.5,0.0,Correct,0.5,88.35499665561056
Non-Free,0,Sims Int_44,-0.5,1.0,Error,-0.5,37.931397185032615
Non-Free,0,Sims Int_44,-0.5,1.0,Correct,0.5,54.819152902348854
Non-Free,0,Sims Int_44,0.0,1.0,Error,-0.5,23.89267421901821
Non-Free,0,Sims Int_44,0.0,1.0,Correct,0.5,72.39807794514297
Non-Free,0,Sims Int_44,0.5,1.0,Error,-0.5,9.853951253003805
Non-Free,0,Sims Int_44,0.5,1.0,Correct,0.5,89.97700298793708
Free,1,Sims Int_45,-0.5,-1.0,Error,-0.5,65.32810175126221
Free,1,Sims Int_45,-0.5,-1.0,Correct,0.5,70.2898741791267
Free,1,Sims Int_45,0.0,-1.0,Error,-0.5,60.53339413672667
Free,1,Sims Int_45,0.0,-1.0,Correct,0.5,78.2884335453122
Free,1,Sims Int_45,0.5,-1.0,Error,-0.5,55.73868652219115
Free,1,Sims Int_45,0.5,-1.0,Correct,0.5,86.28699291149772
Free,1,Sims Int_45,-0.5,0.0,Error,-0.5,68.72733102155924
Free,1,Sims Int_45,-0.5,0.0,Correct,0.5,71.52513014625671
Free,1,Sims Int_45,0.0,0.0,Error,-0.5,66.18821244249096
Free,1,Sims Int_45,0.0,0.0,Correct,0.5,80.62358292713321
Free,1,Sims Int_45,0.5,0.0,Error,-0.5,63.6490938634227
Free,1,Sims Int_45,0.5,0.0,Correct,0.5,89.72203570800971
Free,1,Sims Int_45,-0.5,1.0,Error,-0.5,72.12656029185626
Free,1,Sims Int_45,-0.5,1.0,Correct,0.5,72.76038611338673
Free,1,Sims Int_45,0.0,1.0,Error,-0.5,71.84303074825526
Free,1,Sims Int_45,0.0,1.0,Correct,0.5,82.95873230895423
Free,1,Sims Int_45,0.5,1.0,Error,-0.5,71.55950120465424
Free,1,Sims Int_45,0.5,1.0,Correct,0.5,93.15707850452169
Non-Free,0,Sims Int_45,-0.5,-1.0,Error,-0.5,44.488822707552025
Non-Free,0,Sims Int_45,-0.5,-1.0,Correct,0.5,58.0163912157723
Non-Free,0,Sims Int_45,0.0,-1.0,Error,-0.5,39.46028575085858
Non-Free,0,Sims Int_45,0.0,-1.0,Correct,0.5,72.1292074990864
Non-Free,0,Sims Int_45,0.5,-1.0,Error,-0.5,34.43174879416513
Non-Free,0,Sims Int_45,0.5,-1.0,Correct,0.5,86.2420237824005
Non-Free,0,Sims Int_45,-0.5,0.0,Error,-0.5,47.22929518237996
Non-Free,0,Sims Int_45,-0.5,0.0,Correct,0.5,50.475325567309355
Non-Free,0,Sims Int_45,0.0,0.0,Error,-0.5,36.780219406111
Non-Free,0,Sims Int_45,0.0,0.0,Correct,0.5,67.32455514396676
Non-Free,0,Sims Int_45,0.5,0.0,Error,-0.5,26.331143629842046
Non-Free,0,Sims Int_45,0.5,0.0,Correct,0.5,84.17378472062417
Non-Free,0,Sims Int_45,-0.5,1.0,Error,-0.5,49.96976765720789
Non-Free,0,Sims Int_45,-0.5,1.0,Correct,0.5,42.93425991884641
Non-Free,0,Sims Int_45,0.0,1.0,Error,-0.5,34.10015306136342
Non-Free,0,Sims Int_45,0.0,1.0,Correct,0.5,62.519902788847126
Non-Free,0,Sims Int_45,0.5,1.0,Error,-0.5,18.230538465518954
Non-Free,0,Sims Int_45,0.5,1.0,Correct,0.5,82.10554565884786
Free,1,Sims Int_46,-0.5,-1.0,Error,-0.5,60.68346774193554
Free,1,Sims Int_46,-0.5,-1.0,Correct,0.5,65.20132211084281
Free,1,Sims Int_46,0.0,-1.0,Error,-0.5,43.00000000000003
Free,1,Sims Int_46,0.0,-1.0,Correct,0.5,77.96907032510269
Free,1,Sims Int_46,0.5,-1.0,Error,-0.5,25.316532258064512
Free,1,Sims Int_46,0.5,-1.0,Correct,0.5,90.73681853936256
Free,1,Sims Int_46,-0.5,0.0,Error,-0.5,63.59274193548394
Free,1,Sims Int_46,-0.5,0.0,Correct,0.5,69.83749117121765
Free,1,Sims Int_46,0.0,0.0,Error,-0.5,50.00000000000001
Free,1,Sims Int_46,0.0,0.0,Correct,0.5,81.32361126934424
Free,1,Sims Int_46,0.5,0.0,Error,-0.5,36.40725806451607
Free,1,Sims Int_46,0.5,0.0,Correct,0.5,92.80973136747083
Free,1,Sims Int_46,-0.5,1.0,Error,-0.5,66.50201612903234
Free,1,Sims Int_46,-0.5,1.0,Correct,0.5,74.47366023159249
Free,1,Sims Int_46,0.0,1.0,Error,-0.5,56.999999999999986
Free,1,Sims Int_46,0.0,1.0,Correct,0.5,84.67815221358579
Free,1,Sims Int_46,0.5,1.0,Error,-0.5,47.49798387096763
Free,1,Sims Int_46,0.5,1.0,Correct,0.5,94.88264419557909
Non-Free,0,Sims Int_46,-0.5,-1.0,Error,-0.5,34.019989944082965
Non-Free,0,Sims Int_46,-0.5,-1.0,Correct,0.5,56.19031337917396
Non-Free,0,Sims Int_46,0.0,-1.0,Error,-0.5,21.39123611597819
Non-Free,0,Sims Int_46,0.0,-1.0,Correct,0.5,74.66855696011176
Non-Free,0,Sims Int_46,0.5,-1.0,Error,-0.5,8.762482287873416
Non-Free,0,Sims Int_46,0.5,-1.0,Correct,0.5,93.14680054104956
Non-Free,0,Sims Int_46,-0.5,0.0,Error,-0.5,35.96174180671306
Non-Free,0,Sims Int_46,-0.5,0.0,Correct,0.5,57.131480459117334
Non-Free,0,Sims Int_46,0.0,0.0,Error,-0.5,21.83223378483382
Non-Free,0,Sims Int_46,0.0,0.0,Correct,0.5,75.6964086549186
Non-Free,0,Sims Int_46,0.5,0.0,Error,-0.5,7.7027257629545876
Non-Free,0,Sims Int_46,0.5,0.0,Correct,0.5,94.26133685071986
Non-Free,0,Sims Int_46,-0.5,1.0,Error,-0.5,37.90349366934315
Non-Free,0,Sims Int_46,-0.5,1.0,Correct,0.5,58.07264753906071
Non-Free,0,Sims Int_46,0.0,1.0,Error,-0.5,22.27323145368945
Non-Free,0,Sims Int_46,0.0,1.0,Correct,0.5,76.72426034972544
Non-Free,0,Sims Int_46,0.5,1.0,Error,-0.5,6.642969238035758
Non-Free,0,Sims Int_46,0.5,1.0,Correct,0.5,95.37587316039017
Free,1,Sims Int_47,-0.5,-1.0,Error,-0.5,62.45496515386165
Free,1,Sims Int_47,-0.5,-1.0,Correct,0.5,70.38394308163751
Free,1,Sims Int_47,0.0,-1.0,Error,-0.5,63.26535144939729
Free,1,Sims Int_47,0.0,-1.0,Correct,0.5,79.90818426335346
Free,1,Sims Int_47,0.5,-1.0,Error,-0.5,64.07573774493294
Free,1,Sims Int_47,0.5,-1.0,Correct,0.5,89.43242544506941
Free,1,Sims Int_47,-0.5,0.0,Error,-0.5,71.10098225708705
Free,1,Sims Int_47,-0.5,0.0,Correct,0.5,75.15891593104698
Free,1,Sims Int_47,0.0,0.0,Error,-0.5,68.26798279577132
Free,1,Sims Int_47,0.0,0.0,Correct,0.5,83.21331888184842
Free,1,Sims Int_47,0.5,0.0,Error,-0.5,65.43498333445558
Free,1,Sims Int_47,0.5,0.0,Correct,0.5,91.26772183264987
Free,1,Sims Int_47,-0.5,1.0,Error,-0.5,79.74699936031246
Free,1,Sims Int_47,-0.5,1.0,Correct,0.5,79.93388878045644
Free,1,Sims Int_47,0.0,1.0,Error,-0.5,73.27061414214535
Free,1,Sims Int_47,0.0,1.0,Correct,0.5,86.51845350034338
Free,1,Sims Int_47,0.5,1.0,Error,-0.5,66.79422892397825
Free,1,Sims Int_47,0.5,1.0,Correct,0.5,93.10301822023033
Non-Free,0,Sims Int_47,-0.5,-1.0,Error,-0.5,53.90036112935003
Non-Free,0,Sims Int_47,-0.5,-1.0,Correct,0.5,55.716942781222976
Non-Free,0,Sims Int_47,0.0,-1.0,Error,-0.5,40.224451270987714
Non-Free,0,Sims Int_47,0.0,-1.0,Correct,0.5,67.74622543090949
Non-Free,0,Sims Int_47,0.5,-1.0,Error,-0.5,26.548541412625394
Non-Free,0,Sims Int_47,0.5,-1.0,Correct,0.5,79.775508080596
Non-Free,0,Sims Int_47,-0.5,0.0,Error,-0.5,52.134508957883895
Non-Free,0,Sims Int_47,-0.5,0.0,Correct,0.5,59.69107690425121
Non-Free,0,Sims Int_47,0.0,0.0,Error,-0.5,35.65814651533626
Non-Free,0,Sims Int_47,0.0,0.0,Correct,0.5,72.58750233091304
Non-Free,0,Sims Int_47,0.5,0.0,Error,-0.5,19.181784072788634
Non-Free,0,Sims Int_47,0.5,0.0,Correct,0.5,85.48392775757488
Non-Free,0,Sims Int_47,-0.5,1.0,Error,-0.5,50.36865678641776
Non-Free,0,Sims Int_47,-0.5,1.0,Correct,0.5,63.66521102727945
Non-Free,0,Sims Int_47,0.0,1.0,Error,-0.5,31.091841759684815
Non-Free,0,Sims Int_47,0.0,1.0,Correct,0.5,77.42877923091659
Non-Free,0,Sims Int_47,0.5,1.0,Error,-0.5,11.815026732951875
Non-Free,0,Sims Int_47,0.5,1.0,Correct,0.5,91.19234743455374
Free,1,Sims Int_48,-0.5,-1.0,Error,-0.5,61.745364304028
Free,1,Sims Int_48,-0.5,-1.0,Correct,0.5,61.714871642930326
Free,1,Sims Int_48,0.0,-1.0,Error,-0.5,59.91458658255258
Free,1,Sims Int_48,0.0,-1.0,Correct,0.5,63.67984957612256
Free,1,Sims Int_48,0.5,-1.0,Error,-0.5,58.08380886107716
Free,1,Sims Int_48,0.5,-1.0,Correct,0.5,65.6448275093148
Free,1,Sims Int_48,-0.5,0.0,Error,-0.5,66.78028822589631
Free,1,Sims Int_48,-0.5,0.0,Correct,0.5,66.2529599150987
Free,1,Sims Int_48,0.0,0.0,Error,-0.5,64.84143589879034
Free,1,Sims Int_48,0.0,0.0,Correct,0.5,67.89824914453479
Free,1,Sims Int_48,0.5,0.0,Error,-0.5,62.90258357168436
Free,1,Sims Int_48,0.5,0.0,Correct,0.5,69.54353837397088
Free,1,Sims Int_48,-0.5,1.0,Error,-0.5,71.81521214776463
Free,1,Sims Int_48,-0.5,1.0,Correct,0.5,70.79104818726708
Free,1,Sims Int_48,0.0,1.0,Error,-0.5,69.7682852150281
Free,1,Sims Int_48,0.0,1.0,Correct,0.5,72.11664871294701
Free,1,Sims Int_48,0.5,1.0,Error,-0.5,67.72135828229156
Free,1,Sims Int_48,0.5,1.0,Correct,0.5,73.44224923862696
Non-Free,0,Sims Int_48,-0.5,-1.0,Error,-0.5,53.38060555592831
Non-Free,0,Sims Int_48,-0.5,-1.0,Correct,0.5,48.45030516333547
Non-Free,0,Sims Int_48,0.0,-1.0,Error,-0.5,48.592398189330964
Non-Free,0,Sims Int_48,0.0,-1.0,Correct,0.5,51.163960012766275
Non-Free,0,Sims Int_48,0.5,-1.0,Error,-0.5,43.80419082273362
Non-Free,0,Sims Int_48,0.5,-1.0,Correct,0.5,53.87761486219708
Non-Free,0,Sims Int_48,-0.5,0.0,Error,-0.5,54.59322104133207
Non-Free,0,Sims Int_48,-0.5,0.0,Correct,0.5,50.34229166020001
Non-Free,0,Sims Int_48,0.0,0.0,Error,-0.5,49.25490849964682
Non-Free,0,Sims Int_48,0.0,0.0,Correct,0.5,54.564265614188905
Non-Free,0,Sims Int_48,0.5,0.0,Error,-0.5,43.91659595796156
Non-Free,0,Sims Int_48,0.5,0.0,Correct,0.5,58.7862395681778
Non-Free,0,Sims Int_48,-0.5,1.0,Error,-0.5,55.80583652673583
Non-Free,0,Sims Int_48,-0.5,1.0,Correct,0.5,52.23427815706455
Non-Free,0,Sims Int_48,0.0,1.0,Error,-0.5,49.91741880996267
Non-Free,0,Sims Int_48,0.0,1.0,Correct,0.5,57.964571215611535
Non-Free,0,Sims Int_48,0.5,1.0,Error,-0.5,44.02900109318951
Non-Free,0,Sims Int_48,0.5,1.0,Correct,0.5,63.69486427415852
Free,1,Sims Int_49,-0.5,-1.0,Error,-0.5,68.72130922374609
Free,1,Sims Int_49,-0.5,-1.0,Correct,0.5,66.18123333809638
Free,1,Sims Int_49,0.0,-1.0,Error,-0.5,66.68595943341181
Free,1,Sims Int_49,0.0,-1.0,Correct,0.5,70.94579245040599
Free,1,Sims Int_49,0.5,-1.0,Error,-0.5,64.65060964307753
Free,1,Sims Int_49,0.5,-1.0,Correct,0.5,75.7103515627156
Free,1,Sims Int_49,-0.5,0.0,Error,-0.5,71.31696629658526
Free,1,Sims Int_49,-0.5,0.0,Correct,0.5,71.72111053924581
Free,1,Sims Int_49,0.0,0.0,Error,-0.5,71.29571028374751
Free,1,Sims Int_49,0.0,0.0,Correct,0.5,73.72989811080879
Free,1,Sims Int_49,0.5,0.0,Error,-0.5,71.27445427090976
Free,1,Sims Int_49,0.5,0.0,Correct,0.5,75.73868568237177
Free,1,Sims Int_49,-0.5,1.0,Error,-0.5,73.91262336942444
Free,1,Sims Int_49,-0.5,1.0,Correct,0.5,77.26098774039525
Free,1,Sims Int_49,0.0,1.0,Error,-0.5,75.90546113408321
Free,1,Sims Int_49,0.0,1.0,Correct,0.5,76.51400377121159
Free,1,Sims Int_49,0.5,1.0,Error,-0.5,77.89829889874198
Free,1,Sims Int_49,0.5,1.0,Correct,0.5,75.76701980202793
Non-Free,0,Sims Int_49,-0.5,-1.0,Error,-0.5,48.155150501861094
Non-Free,0,Sims Int_49,-0.5,-1.0,Correct,0.5,48.12947868584005
Non-Free,0,Sims Int_49,0.0,-1.0,Error,-0.5,37.70974520026429
Non-Free,0,Sims Int_49,0.0,-1.0,Correct,0.5,56.11370290012106
Non-Free,0,Sims Int_49,0.5,-1.0,Error,-0.5,27.264339898667487
Non-Free,0,Sims Int_49,0.5,-1.0,Correct,0.5,64.09792711440208
Non-Free,0,Sims Int_49,-0.5,0.0,Error,-0.5,43.25375477996616
Non-Free,0,Sims Int_49,-0.5,0.0,Correct,0.5,55.48833244567739
Non-Free,0,Sims Int_49,0.0,0.0,Error,-0.5,41.496433029637146
Non-Free,0,Sims Int_49,0.0,0.0,Correct,0.5,59.089675569550124
Non-Free,0,Sims Int_49,0.5,0.0,Error,-0.5,39.73911127930813
Non-Free,0,Sims Int_49,0.5,0.0,Correct,0.5,62.691018693422855
Non-Free,0,Sims Int_49,-0.5,1.0,Error,-0.5,38.35235905807122
Non-Free,0,Sims Int_49,-0.5,1.0,Correct,0.5,62.84718620551474
Non-Free,0,Sims Int_49,0.0,1.0,Error,-0.5,45.283120859010005
Non-Free,0,Sims Int_49,0.0,1.0,Correct,0.5,62.065648238979186
Non-Free,0,Sims Int_49,0.5,1.0,Error,-0.5,52.21388265994878
Non-Free,0,Sims Int_49,0.5,1.0,Correct,0.5,61.284110272443634
Free,1,Sims Int_5,-0.5,-1.0,Error,-0.5,58.112903225806456
Free,1,Sims Int_5,-0.5,-1.0,Correct,0.5,73.92968041424658
Free,1,Sims Int_5,0.0,-1.0,Error,-0.5,48.06451612903248
Free,1,Sims Int_5,0.0,-1.0,Correct,0.5,86.31886222918133
Free,1,Sims Int_5,0.5,-1.0,Error,-0.5,38.016129032258505
Free,1,Sims Int_5,0.5,-1.0,Correct,0.5,98.7080440441161
Free,1,Sims Int_5,-0.5,0.0,Error,-0.5,60.53225806451614
Free,1,Sims Int_5,-0.5,0.0,Correct,0.5,78.06345070833714
Free,1,Sims Int_5,0.0,0.0,Error,-0.5,50.00000000000023
Free,1,Sims Int_5,0.0,0.0,Correct,0.5,88.7498434709994
Free,1,Sims Int_5,0.5,0.0,Error,-0.5,39.46774193548431
Free,1,Sims Int_5,0.5,0.0,Correct,0.5,99.43623623366165
Free,1,Sims Int_5,-0.5,1.0,Error,-0.5,62.95161290322583
Free,1,Sims Int_5,-0.5,1.0,Correct,0.5,82.19722100242771
Free,1,Sims Int_5,0.0,1.0,Error,-0.5,51.93548387096798
Free,1,Sims Int_5,0.0,1.0,Correct,0.5,91.18082471281745
Free,1,Sims Int_5,0.5,1.0,Error,-0.5,40.91935483871013
Free,1,Sims Int_5,0.5,1.0,Correct,0.5,100.1644284232072
Non-Free,0,Sims Int_5,-0.5,-1.0,Error,-0.5,32.863715160456785
Non-Free,0,Sims Int_5,-0.5,-1.0,Correct,0.5,74.68901883174559
Non-Free,0,Sims Int_5,0.0,-1.0,Error,-0.5,16.603794504661213
Non-Free,0,Sims Int_5,0.0,-1.0,Correct,0.5,85.67964285967105
Non-Free,0,Sims Int_5,0.5,-1.0,Error,-0.5,0.3438738488656421
Non-Free,0,Sims Int_5,0.5,-1.0,Correct,0.5,96.67026688759653
Non-Free,0,Sims Int_5,-0.5,0.0,Error,-0.5,29.987231199656243
Non-Free,0,Sims Int_5,-0.5,0.0,Correct,0.5,72.94284198035075
Non-Free,0,Sims Int_5,0.0,0.0,Error,-0.5,14.951521856479605
Non-Free,0,Sims Int_5,0.0,0.0,Correct,0.5,85.7009613091033
Non-Free,0,Sims Int_5,0.5,0.0,Error,-0.5,-0.08418748669703291
Non-Free,0,Sims Int_5,0.5,0.0,Correct,0.5,98.45908063785586
Non-Free,0,Sims Int_5,-0.5,1.0,Error,-0.5,27.1107472388557
Non-Free,0,Sims Int_5,-0.5,1.0,Correct,0.5,71.19666512895591
Non-Free,0,Sims Int_5,0.0,1.0,Error,-0.5,13.299249208297997
Non-Free,0,Sims Int_5,0.0,1.0,Correct,0.5,85.72227975853556
Non-Free,0,Sims Int_5,0.5,1.0,Error,-0.5,-0.5122488222597079
Non-Free,0,Sims Int_5,0.5,1.0,Correct,0.5,100.2478943881152
Free,1,Sims Int_50,-0.5,-1.0,Error,-0.5,71.3914892995116
Free,1,Sims Int_50,-0.5,-1.0,Correct,0.5,73.02537703858073
Free,1,Sims Int_50,0.0,-1.0,Error,-0.5,73.28685597169392
Free,1,Sims Int_50,0.0,-1.0,Correct,0.5,74.90981620674103
Free,1,Sims Int_50,0.5,-1.0,Error,-0.5,75.18222264387624
Free,1,Sims Int_50,0.5,-1.0,Correct,0.5,76.79425537490133
Free,1,Sims Int_50,-0.5,0.0,Error,-0.5,76.08575377036283
Free,1,Sims Int_50,-0.5,0.0,Correct,0.5,72.64414930199652
Free,1,Sims Int_50,0.0,0.0,Error,-0.5,76.12867524297673
Free,1,Sims Int_50,0.0,0.0,Correct,0.5,75.84297365396681
Free,1,Sims Int_50,0.5,0.0,Error,-0.5,76.17159671559062
Free,1,Sims Int_50,0.5,0.0,Correct,0.5,79.0417980059371
Free,1,Sims Int_50,-0.5,1.0,Error,-0.5,80.78001824121405
Free,1,Sims Int_50,-0.5,1.0,Correct,0.5,72.26292156541231
Free,1,Sims Int_50,0.0,1.0,Error,-0.5,78.97049451425953
Free,1,Sims Int_50,0.0,1.0,Correct,0.5,76.77613110119259
Free,1,Sims Int_50,0.5,1.0,Error,-0.5,77.16097078730502
Free,1,Sims Int_50,0.5,1.0,Correct,0.5,81.28934063697287
Non-Free,0,Sims Int_50,-0.5,-1.0,Error,-0.5,57.37071837771761
Non-Free,0,Sims Int_50,-0.5,-1.0,Correct,0.5,49.33605242463976
Non-Free,0,Sims Int_50,0.0,-1.0,Error,-0.5,53.12367077477009
Non-Free,0,Sims Int_50,0.0,-1.0,Correct,0.5,55.52033478152648
Non-Free,0,Sims Int_50,0.5,-1.0,Error,-0.5,48.87662317182257
Non-Free,0,Sims Int_50,0.5,-1.0,Correct,0.5,61.70461713841319
Non-Free,0,Sims Int_50,-0.5,0.0,Error,-0.5,46.25761832611926
Non-Free,0,Sims Int_50,-0.5,0.0,Correct,0.5,54.10200565075541
Non-Free,0,Sims Int_50,0.0,0.0,Error,-0.5,41.63548477848668
Non-Free,0,Sims Int_50,0.0,0.0,Correct,0.5,57.042552083229936
Non-Free,0,Sims Int_50,0.5,0.0,Error,-0.5,37.0133512308541
Non-Free,0,Sims Int_50,0.5,0.0,Correct,0.5,59.98309851570446
Non-Free,0,Sims Int_50,-0.5,1.0,Error,-0.5,35.144518274520905
Non-Free,0,Sims Int_50,-0.5,1.0,Correct,0.5,58.86795887687106
Non-Free,0,Sims Int_50,0.0,1.0,Error,-0.5,30.147298782203265
Non-Free,0,Sims Int_50,0.0,1.0,Correct,0.5,58.56476938493339
Non-Free,0,Sims Int_50,0.5,1.0,Error,-0.5,25.150079289885625
Non-Free,0,Sims Int_50,0.5,1.0,Correct,0.5,58.261579892995734
Free,1,Sims Int_51,-0.5,-1.0,Error,-0.5,71.18558552365896
Free,1,Sims Int_51,-0.5,-1.0,Correct,0.5,69.91960003341038
Free,1,Sims Int_51,0.0,-1.0,Error,-0.5,65.056296881847
Free,1,Sims Int_51,0.0,-1.0,Correct,0.5,80.98800697902473
Free,1,Sims Int_51,0.5,-1.0,Error,-0.5,58.92700824003505
Free,1,Sims Int_51,0.5,-1.0,Correct,0.5,92.05641392463907
Free,1,Sims Int_51,-0.5,0.0,Error,-0.5,73.93923511165721
Free,1,Sims Int_51,-0.5,0.0,Correct,0.5,77.70862634794103
Free,1,Sims Int_51,0.0,0.0,Error,-0.5,71.26693761116314
Free,1,Sims Int_51,0.0,0.0,Correct,0.5,86.05174469812373
Free,1,Sims Int_51,0.5,0.0,Error,-0.5,68.59464011066908
Free,1,Sims Int_51,0.5,0.0,Correct,0.5,94.39486304830642
Free,1,Sims Int_51,-0.5,1.0,Error,-0.5,76.69288469965547
Free,1,Sims Int_51,-0.5,1.0,Correct,0.5,85.4976526624717
Free,1,Sims Int_51,0.0,1.0,Error,-0.5,77.47757834047928
Free,1,Sims Int_51,0.0,1.0,Correct,0.5,91.11548241722272
Free,1,Sims Int_51,0.5,1.0,Error,-0.5,78.2622719813031
Free,1,Sims Int_51,0.5,1.0,Correct,0.5,96.73331217197376
Non-Free,0,Sims Int_51,-0.5,-1.0,Error,-0.5,34.90131230444333
Non-Free,0,Sims Int_51,-0.5,-1.0,Correct,0.5,58.5634362230673
Non-Free,0,Sims Int_51,0.0,-1.0,Error,-0.5,24.707789777021244
Non-Free,0,Sims Int_51,0.0,-1.0,Correct,0.5,73.5286011764139
Non-Free,0,Sims Int_51,0.5,-1.0,Error,-0.5,14.514267249599156
Non-Free,0,Sims Int_51,0.5,-1.0,Correct,0.5,88.49376612976049
Non-Free,0,Sims Int_51,-0.5,0.0,Error,-0.5,38.85530748748086
Non-Free,0,Sims Int_51,-0.5,0.0,Correct,0.5,65.57794530078715
Non-Free,0,Sims Int_51,0.0,0.0,Error,-0.5,25.0103861339285
Non-Free,0,Sims Int_51,0.0,0.0,Correct,0.5,78.75198679637859
Non-Free,0,Sims Int_51,0.5,0.0,Error,-0.5,11.165464780376142
Non-Free,0,Sims Int_51,0.5,0.0,Correct,0.5,91.92602829197003
Non-Free,0,Sims Int_51,-0.5,1.0,Error,-0.5,42.809302670518385
Non-Free,0,Sims Int_51,-0.5,1.0,Correct,0.5,72.592454378507
Non-Free,0,Sims Int_51,0.0,1.0,Error,-0.5,25.312982490835754
Non-Free,0,Sims Int_51,0.0,1.0,Correct,0.5,83.97537241634328
Non-Free,0,Sims Int_51,0.5,1.0,Error,-0.5,7.816662311153128
Non-Free,0,Sims Int_51,0.5,1.0,Correct,0.5,95.35829045417957
Free,1,Sims Int_52,-0.5,-1.0,Error,-0.5,57.57851239669392
Free,1,Sims Int_52,-0.5,-1.0,Correct,0.5,73.1347951232363
Free,1,Sims Int_52,0.0,-1.0,Error,-0.5,53.03305785124046
Free,1,Sims Int_52,0.0,-1.0,Correct,0.5,82.56400662373208
Free,1,Sims Int_52,0.5,-1.0,Error,-0.5,48.487603305787005
Free,1,Sims Int_52,0.5,-1.0,Correct,0.5,91.99321812422787
Free,1,Sims Int_52,-0.5,0.0,Error,-0.5,65.6115702479338
Free,1,Sims Int_52,-0.5,0.0,Correct,0.5,78.57803569594228
Free,1,Sims Int_52,0.0,0.0,Error,-0.5,57.04958677685953
Free,1,Sims Int_52,0.0,0.0,Correct,0.5,86.78172744878758
Free,1,Sims Int_52,0.5,0.0,Error,-0.5,48.48760330578526
Free,1,Sims Int_52,0.5,0.0,Correct,0.5,94.98541920163288
Free,1,Sims Int_52,-0.5,1.0,Error,-0.5,73.64462809917367
Free,1,Sims Int_52,-0.5,1.0,Correct,0.5,84.02127626864825
Free,1,Sims Int_52,0.0,1.0,Error,-0.5,61.0661157024786
Free,1,Sims Int_52,0.0,1.0,Correct,0.5,90.99944827384307
Free,1,Sims Int_52,0.5,1.0,Error,-0.5,48.487603305783516
Free,1,Sims Int_52,0.5,1.0,Correct,0.5,97.9776202790379
Non-Free,0,Sims Int_52,-0.5,-1.0,Error,-0.5,38.18403599670369
Non-Free,0,Sims Int_52,-0.5,-1.0,Correct,0.5,60.09602290246766
Non-Free,0,Sims Int_52,0.0,-1.0,Error,-0.5,25.814243508144425
Non-Free,0,Sims Int_52,0.0,-1.0,Correct,0.5,77.89414594086486
Non-Free,0,Sims Int_52,0.5,-1.0,Error,-0.5,13.444451019585163
Non-Free,0,Sims Int_52,0.5,-1.0,Correct,0.5,95.69226897926205
Non-Free,0,Sims Int_52,-0.5,0.0,Error,-0.5,35.07121315729489
Non-Free,0,Sims Int_52,-0.5,0.0,Correct,0.5,61.07071435523975
Non-Free,0,Sims Int_52,0.0,0.0,Error,-0.5,20.34518173688916
Non-Free,0,Sims Int_52,0.0,0.0,Correct,0.5,78.56729473123673
Non-Free,0,Sims Int_52,0.5,0.0,Error,-0.5,5.619150316483431
Non-Free,0,Sims Int_52,0.5,0.0,Correct,0.5,96.06387510723371
Non-Free,0,Sims Int_52,-0.5,1.0,Error,-0.5,31.958390317886096
Non-Free,0,Sims Int_52,-0.5,1.0,Correct,0.5,62.04540580801184
Non-Free,0,Sims Int_52,0.0,1.0,Error,-0.5,14.876119965633894
Non-Free,0,Sims Int_52,0.0,1.0,Correct,0.5,79.2404435216086
Non-Free,0,Sims Int_52,0.5,1.0,Error,-0.5,-2.2061503866183028
Non-Free,0,Sims Int_52,0.5,1.0,Correct,0.5,96.43548123520536
Free,1,Sims Int_53,-0.5,-1.0,Error,-0.5,66.44667426885805
Free,1,Sims Int_53,-0.5,-1.0,Correct,0.5,66.98404994674141
Free,1,Sims Int_53,0.0,-1.0,Error,-0.5,62.73012448019442
Free,1,Sims Int_53,0.0,-1.0,Correct,0.5,76.8400210193172
Free,1,Sims Int_53,0.5,-1.0,Error,-0.5,59.01357469153079
Free,1,Sims Int_53,0.5,-1.0,Correct,0.5,86.695992091893
Free,1,Sims Int_53,-0.5,0.0,Error,-0.5,70.88032238754326
Free,1,Sims Int_53,-0.5,0.0,Correct,0.5,74.96604861600879
Free,1,Sims Int_53,0.0,0.0,Error,-0.5,64.90735227508091
Free,1,Sims Int_53,0.0,0.0,Correct,0.5,82.62183543045819
Free,1,Sims Int_53,0.5,0.0,Error,-0.5,58.93438216261856
Free,1,Sims Int_53,0.5,0.0,Correct,0.5,90.27762224490759
Free,1,Sims Int_53,-0.5,1.0,Error,-0.5,75.31397050622847
Free,1,Sims Int_53,-0.5,1.0,Correct,0.5,82.94804728527617
Free,1,Sims Int_53,0.0,1.0,Error,-0.5,67.0845800699674
Free,1,Sims Int_53,0.0,1.0,Correct,0.5,88.40364984159918
Free,1,Sims Int_53,0.5,1.0,Error,-0.5,58.85518963370633
Free,1,Sims Int_53,0.5,1.0,Correct,0.5,93.85925239792218
Non-Free,0,Sims Int_53,-0.5,-1.0,Error,-0.5,49.07721817097217
Non-Free,0,Sims Int_53,-0.5,-1.0,Correct,0.5,50.88702290639012
Non-Free,0,Sims Int_53,0.0,-1.0,Error,-0.5,38.25973540559329
Non-Free,0,Sims Int_53,0.0,-1.0,Correct,0.5,67.91046965242805
Non-Free,0,Sims Int_53,0.5,-1.0,Error,-0.5,27.44225264021441
Non-Free,0,Sims Int_53,0.5,-1.0,Correct,0.5,84.93391639846597
Non-Free,0,Sims Int_53,-0.5,0.0,Error,-0.5,44.94964395527195
Non-Free,0,Sims Int_53,-0.5,0.0,Correct,0.5,48.39966490108144
Non-Free,0,Sims Int_53,0.0,0.0,Error,-0.5,35.56171638298401
Non-Free,0,Sims Int_53,0.0,0.0,Correct,0.5,66.17370897995457
Non-Free,0,Sims Int_53,0.5,0.0,Error,-0.5,26.173788810696067
Non-Free,0,Sims Int_53,0.5,0.0,Correct,0.5,83.9477530588277
Non-Free,0,Sims Int_53,-0.5,1.0,Error,-0.5,40.82206973957173
Non-Free,0,Sims Int_53,-0.5,1.0,Correct,0.5,45.91230689577275
Non-Free,0,Sims Int_53,0.0,1.0,Error,-0.5,32.86369736037473
Non-Free,0,Sims Int_53,0.0,1.0,Correct,0.5,64.43694830748109
Non-Free,0,Sims Int_53,0.5,1.0,Error,-0.5,24.905324981177724
Non-Free,0,Sims Int_53,0.5,1.0,Correct,0.5,82.96158971918943
Free,1,Sims Int_54,-0.5,-1.0,Error,-0.5,65.35507303906004
Free,1,Sims Int_54,-0.5,-1.0,Correct,0.5,74.44572316259985
Free,1,Sims Int_54,0.0,-1.0,Error,-0.5,51.220466814861894
Free,1,Sims Int_54,0.0,-1.0,Correct,0.5,85.4166188148452
Free,1,Sims Int_54,0.5,-1.0,Error,-0.5,37.08586059066373
Free,1,Sims Int_54,0.5,-1.0,Correct,0.5,96.38751446709053
Free,1,Sims Int_54,-0.5,0.0,Error,-0.5,71.48170053985396
Free,1,Sims Int_54,-0.5,0.0,Correct,0.5,79.84156903431439
Free,1,Sims Int_54,0.0,0.0,Error,-0.5,58.77469037789777
Free,1,Sims Int_54,0.0,0.0,Correct,0.5,88.64435872350512
Free,1,Sims Int_54,0.5,0.0,Error,-0.5,46.06768021594157
Free,1,Sims Int_54,0.5,0.0,Correct,0.5,97.44714841269585
Free,1,Sims Int_54,-0.5,1.0,Error,-0.5,77.60832804064788
Free,1,Sims Int_54,-0.5,1.0,Correct,0.5,85.23741490602893
Free,1,Sims Int_54,0.0,1.0,Error,-0.5,66.32891394093365
Free,1,Sims Int_54,0.0,1.0,Correct,0.5,91.87209863216505
Free,1,Sims Int_54,0.5,1.0,Error,-0.5,55.04949984121941
Free,1,Sims Int_54,0.5,1.0,Correct,0.5,98.50678235830118
Non-Free,0,Sims Int_54,-0.5,-1.0,Error,-0.5,35.638874841369045
Non-Free,0,Sims Int_54,-0.5,-1.0,Correct,0.5,65.7274817521462
Non-Free,0,Sims Int_54,0.0,-1.0,Error,-0.5,26.435192694865627
Non-Free,0,Sims Int_54,0.0,-1.0,Correct,0.5,81.95550236853813
Non-Free,0,Sims Int_54,0.5,-1.0,Error,-0.5,17.23151054836221
Non-Free,0,Sims Int_54,0.5,-1.0,Correct,0.5,98.18352298493006
Non-Free,0,Sims Int_54,-0.5,0.0,Error,-0.5,31.211053118708428
Non-Free,0,Sims Int_54,-0.5,0.0,Correct,0.5,64.65960171402048
Non-Free,0,Sims Int_54,0.0,0.0,Error,-0.5,20.22619820043321
Non-Free,0,Sims Int_54,0.0,0.0,Correct,0.5,80.7143081074033
Non-Free,0,Sims Int_54,0.5,0.0,Error,-0.5,9.24134328215799
Non-Free,0,Sims Int_54,0.5,0.0,Correct,0.5,96.76901450078611
Non-Free,0,Sims Int_54,-0.5,1.0,Error,-0.5,26.783231396047814
Non-Free,0,Sims Int_54,-0.5,1.0,Correct,0.5,63.59172167589476
Non-Free,0,Sims Int_54,0.0,1.0,Error,-0.5,14.017203706000792
Non-Free,0,Sims Int_54,0.0,1.0,Correct,0.5,79.47311384626846
Non-Free,0,Sims Int_54,0.5,1.0,Error,-0.5,1.251176015953769
Non-Free,0,Sims Int_54,0.5,1.0,Correct,0.5,95.35450601664216
Free,1,Sims Int_55,-0.5,-1.0,Error,-0.5,62.30684790153262
Free,1,Sims Int_55,-0.5,-1.0,Correct,0.5,67.69534058981367
Free,1,Sims Int_55,0.0,-1.0,Error,-0.5,63.60367422814092
Free,1,Sims Int_55,0.0,-1.0,Correct,0.5,69.61084016647084
Free,1,Sims Int_55,0.5,-1.0,Error,-0.5,64.90050055474921
Free,1,Sims Int_55,0.5,-1.0,Correct,0.5,71.52633974312799
Free,1,Sims Int_55,-0.5,0.0,Error,-0.5,65.42179294635761
Free,1,Sims Int_55,-0.5,0.0,Correct,0.5,71.01144884528146
Free,1,Sims Int_55,0.0,0.0,Error,-0.5,66.00702260870506
Free,1,Sims Int_55,0.0,0.0,Correct,0.5,72.92616653875908
Free,1,Sims Int_55,0.5,0.0,Error,-0.5,66.5922522710525
Free,1,Sims Int_55,0.5,0.0,Correct,0.5,74.84088423223669
Free,1,Sims Int_55,-0.5,1.0,Error,-0.5,68.5367379911826
Free,1,Sims Int_55,-0.5,1.0,Correct,0.5,74.32755710074926
Free,1,Sims Int_55,0.0,1.0,Error,-0.5,68.4103709892692
Free,1,Sims Int_55,0.0,1.0,Correct,0.5,76.24149291104732
Free,1,Sims Int_55,0.5,1.0,Error,-0.5,68.28400398735579
Free,1,Sims Int_55,0.5,1.0,Correct,0.5,78.15542872134539
Non-Free,0,Sims Int_55,-0.5,-1.0,Error,-0.5,39.787661850980825
Non-Free,0,Sims Int_55,-0.5,-1.0,Correct,0.5,59.28084138992142
Non-Free,0,Sims Int_55,0.0,-1.0,Error,-0.5,38.44909932029053
Non-Free,0,Sims Int_55,0.0,-1.0,Correct,0.5,61.74325433269814
Non-Free,0,Sims Int_55,0.5,-1.0,Error,-0.5,37.11053678960023
Non-Free,0,Sims Int_55,0.5,-1.0,Correct,0.5,64.20566727547488
Non-Free,0,Sims Int_55,-0.5,0.0,Error,-0.5,46.62175328870858
Non-Free,0,Sims Int_55,-0.5,0.0,Correct,0.5,56.50096366880437
Non-Free,0,Sims Int_55,0.0,0.0,Error,-0.5,45.06533481508286
Non-Free,0,Sims Int_55,0.0,0.0,Correct,0.5,60.87332322764788
Non-Free,0,Sims Int_55,0.5,0.0,Error,-0.5,43.508916341457144
Non-Free,0,Sims Int_55,0.5,0.0,Correct,0.5,65.2456827864914
Non-Free,0,Sims Int_55,-0.5,1.0,Error,-0.5,53.45584472643634
Non-Free,0,Sims Int_55,-0.5,1.0,Correct,0.5,53.721085947687314
Non-Free,0,Sims Int_55,0.0,1.0,Error,-0.5,51.6815703098752
Non-Free,0,Sims Int_55,0.0,1.0,Correct,0.5,60.00339212259762
Non-Free,0,Sims Int_55,0.5,1.0,Error,-0.5,49.90729589331406
Non-Free,0,Sims Int_55,0.5,1.0,Correct,0.5,66.28569829750792
Free,1,Sims Int_56,-0.5,-1.0,Error,-0.5,70.73769168639146
Free,1,Sims Int_56,-0.5,-1.0,Correct,0.5,69.56063050381024
Free,1,Sims Int_56,0.0,-1.0,Error,-0.5,67.1982556117698
Free,1,Sims Int_56,0.0,-1.0,Correct,0.5,81.64396578462319
Free,1,Sims Int_56,0.5,-1.0,Error,-0.5,63.65881953714815
Free,1,Sims Int_56,0.5,-1.0,Correct,0.5,93.72730106543614
Free,1,Sims Int_56,-0.5,0.0,Error,-0.5,68.83763952301352
Free,1,Sims Int_56,-0.5,0.0,Correct,0.5,75.64526768546392
Free,1,Sims Int_56,0.0,0.0,Error,-0.5,64.25151498154645
Free,1,Sims Int_56,0.0,0.0,Correct,0.5,84.93009419102992
Free,1,Sims Int_56,0.5,0.0,Error,-0.5,59.66539044007938
Free,1,Sims Int_56,0.5,0.0,Correct,0.5,94.21492069659593
Free,1,Sims Int_56,-0.5,1.0,Error,-0.5,66.93758735963559
Free,1,Sims Int_56,-0.5,1.0,Correct,0.5,81.7299048671176
Free,1,Sims Int_56,0.0,1.0,Error,-0.5,61.3047743513231
Free,1,Sims Int_56,0.0,1.0,Correct,0.5,88.21622259743665
Free,1,Sims Int_56,0.5,1.0,Error,-0.5,55.67196134301061
Free,1,Sims Int_56,0.5,1.0,Correct,0.5,94.70254032775571
Non-Free,0,Sims Int_56,-0.5,-1.0,Error,-0.5,41.41241753792657
Non-Free,0,Sims Int_56,-0.5,-1.0,Correct,0.5,60.52109889753034
Non-Free,0,Sims Int_56,0.0,-1.0,Error,-0.5,32.37763461859058
Non-Free,0,Sims Int_56,0.0,-1.0,Correct,0.5,76.52023611063953
Non-Free,0,Sims Int_56,0.5,-1.0,Error,-0.5,23.342851699254588
Non-Free,0,Sims Int_56,0.5,-1.0,Correct,0.5,92.51937332374871
Non-Free,0,Sims Int_56,-0.5,0.0,Error,-0.5,38.43077155127927
Non-Free,0,Sims Int_56,-0.5,0.0,Correct,0.5,61.62514991608587
Non-Free,0,Sims Int_56,0.0,0.0,Error,-0.5,26.131625743250204
Non-Free,0,Sims Int_56,0.0,0.0,Correct,0.5,76.00296883003007
Non-Free,0,Sims Int_56,0.5,0.0,Error,-0.5,13.832479935221139
Non-Free,0,Sims Int_56,0.5,0.0,Correct,0.5,90.38078774397428
Non-Free,0,Sims Int_56,-0.5,1.0,Error,-0.5,35.44912556463197
Non-Free,0,Sims Int_56,-0.5,1.0,Correct,0.5,62.7292009346414
Non-Free,0,Sims Int_56,0.0,1.0,Error,-0.5,19.88561686790983
Non-Free,0,Sims Int_56,0.0,1.0,Correct,0.5,75.48570154942061
Non-Free,0,Sims Int_56,0.5,1.0,Error,-0.5,4.322108171187691
Non-Free,0,Sims Int_56,0.5,1.0,Correct,0.5,88.24220216419984
Free,1,Sims Int_57,-0.5,-1.0,Error,-0.5,60.24045710224823
Free,1,Sims Int_57,-0.5,-1.0,Correct,0.5,72.63052053075815
Free,1,Sims Int_57,0.0,-1.0,Error,-0.5,63.954419310496306
Free,1,Sims Int_57,0.0,-1.0,Correct,0.5,75.42674073660662
Free,1,Sims Int_57,0.5,-1.0,Error,-0.5,67.66838151874438
Free,1,Sims Int_57,0.5,-1.0,Correct,0.5,78.22296094245509
Free,1,Sims Int_57,-0.5,0.0,Error,-0.5,68.91205088233409
Free,1,Sims Int_57,-0.5,0.0,Correct,0.5,73.44695419224264
Free,1,Sims Int_57,0.0,0.0,Error,-0.5,70.61853385693747
Free,1,Sims Int_57,0.0,0.0,Correct,0.5,79.0815294365544
Free,1,Sims Int_57,0.5,0.0,Error,-0.5,72.32501683154086
Free,1,Sims Int_57,0.5,0.0,Correct,0.5,84.71610468086617
Free,1,Sims Int_57,-0.5,1.0,Error,-0.5,77.58364466241994
Free,1,Sims Int_57,-0.5,1.0,Correct,0.5,74.26338785372714
Free,1,Sims Int_57,0.0,1.0,Error,-0.5,77.28264840337864
Free,1,Sims Int_57,0.0,1.0,Correct,0.5,82.73631813650219
Free,1,Sims Int_57,0.5,1.0,Error,-0.5,76.98165214433735
Free,1,Sims Int_57,0.5,1.0,Correct,0.5,91.20924841927724
Non-Free,0,Sims Int_57,-0.5,-1.0,Error,-0.5,27.62092324556948
Non-Free,0,Sims Int_57,-0.5,-1.0,Correct,0.5,48.149691584563186
Non-Free,0,Sims Int_57,0.0,-1.0,Error,-0.5,41.45408233693998
Non-Free,0,Sims Int_57,0.0,-1.0,Correct,0.5,58.8944676926358
Non-Free,0,Sims Int_57,0.5,-1.0,Error,-0.5,55.287241428310494
Non-Free,0,Sims Int_57,0.5,-1.0,Correct,0.5,69.63924380070841
Non-Free,0,Sims Int_57,-0.5,0.0,Error,-0.5,46.19334158868067
Non-Free,0,Sims Int_57,-0.5,0.0,Correct,0.5,52.45154981489397
Non-Free,0,Sims Int_57,0.0,0.0,Error,-0.5,43.59103753476377
Non-Free,0,Sims Int_57,0.0,0.0,Correct,0.5,61.821370568000034
Non-Free,0,Sims Int_57,0.5,0.0,Error,-0.5,40.988733480846875
Non-Free,0,Sims Int_57,0.5,0.0,Correct,0.5,71.19119132110609
Non-Free,0,Sims Int_57,-0.5,1.0,Error,-0.5,64.76575993179185
Non-Free,0,Sims Int_57,-0.5,1.0,Correct,0.5,56.75340804522476
Non-Free,0,Sims Int_57,0.0,1.0,Error,-0.5,45.72799273258756
Non-Free,0,Sims Int_57,0.0,1.0,Correct,0.5,64.74827344336427
Non-Free,0,Sims Int_57,0.5,1.0,Error,-0.5,26.690225533383266
Non-Free,0,Sims Int_57,0.5,1.0,Correct,0.5,72.7431388415038
Free,1,Sims Int_58,-0.5,-1.0,Error,-0.5,53.75029868578257
Free,1,Sims Int_58,-0.5,-1.0,Correct,0.5,76.3164951099306
Free,1,Sims Int_58,0.0,-1.0,Error,-0.5,42.467264038231775
Free,1,Sims Int_58,0.0,-1.0,Correct,0.5,85.83769403143764
Free,1,Sims Int_58,0.5,-1.0,Error,-0.5,31.184229390680986
Free,1,Sims Int_58,0.5,-1.0,Correct,0.5,95.35889295294469
Free,1,Sims Int_58,-0.5,0.0,Error,-0.5,67.9589008363202
Free,1,Sims Int_58,-0.5,0.0,Correct,0.5,84.40563802402704
Free,1,Sims Int_58,0.0,0.0,Error,-0.5,54.50609318996415
Free,1,Sims Int_58,0.0,0.0,Correct,0.5,90.86585166641535
Free,1,Sims Int_58,0.5,0.0,Error,-0.5,41.0532855436081
Free,1,Sims Int_58,0.5,0.0,Correct,0.5,97.32606530880366
Free,1,Sims Int_58,-0.5,1.0,Error,-0.5,82.16750298685783
Free,1,Sims Int_58,-0.5,1.0,Correct,0.5,92.49478093812348
Free,1,Sims Int_58,0.0,1.0,Error,-0.5,66.54492234169652
Free,1,Sims Int_58,0.0,1.0,Correct,0.5,95.89400930139307
Free,1,Sims Int_58,0.5,1.0,Error,-0.5,50.92234169653521
Free,1,Sims Int_58,0.5,1.0,Correct,0.5,99.29323766466264
Non-Free,0,Sims Int_58,-0.5,-1.0,Error,-0.5,48.443602024833716
Non-Free,0,Sims Int_58,-0.5,-1.0,Correct,0.5,64.49766947810313
Non-Free,0,Sims Int_58,0.0,-1.0,Error,-0.5,30.683335981658516
Non-Free,0,Sims Int_58,0.0,-1.0,Correct,0.5,81.29830251776708
Non-Free,0,Sims Int_58,0.5,-1.0,Error,-0.5,12.923069938483312
Non-Free,0,Sims Int_58,0.5,-1.0,Correct,0.5,98.09893555743103
Non-Free,0,Sims Int_58,-0.5,0.0,Error,-0.5,43.389780491680455
Non-Free,0,Sims Int_58,-0.5,0.0,Correct,0.5,69.26912350247477
Non-Free,0,Sims Int_58,0.0,0.0,Error,-0.5,23.900710507797417
Non-Free,0,Sims Int_58,0.0,0.0,Correct,0.5,84.04559577631679
Non-Free,0,Sims Int_58,0.5,0.0,Error,-0.5,4.411640523914375
Non-Free,0,Sims Int_58,0.5,0.0,Correct,0.5,98.8220680501588
Non-Free,0,Sims Int_58,-0.5,1.0,Error,-0.5,38.33595895852719
Non-Free,0,Sims Int_58,-0.5,1.0,Correct,0.5,74.0405775268464
Non-Free,0,Sims Int_58,0.0,1.0,Error,-0.5,17.118085033936318
Non-Free,0,Sims Int_58,0.0,1.0,Correct,0.5,86.79288903486649
Non-Free,0,Sims Int_58,0.5,1.0,Error,-0.5,-4.099788890654564
Non-Free,0,Sims Int_58,0.5,1.0,Correct,0.5,99.54520054288658
Free,1,Sims Int_59,-0.5,-1.0,Error,-0.5,51.10484006352204
Free,1,Sims Int_59,-0.5,-1.0,Correct,0.5,51.99175902682051
Free,1,Sims Int_59,0.0,-1.0,Error,-0.5,50.1546686937
Free,1,Sims Int_59,0.0,-1.0,Correct,0.5,54.52920420661083
Free,1,Sims Int_59,0.5,-1.0,Error,-0.5,49.204497323877966
Free,1,Sims Int_59,0.5,-1.0,Correct,0.5,57.06664938640114
Free,1,Sims Int_59,-0.5,0.0,Error,-0.5,52.82632995390166
Free,1,Sims Int_59,-0.5,0.0,Correct,0.5,53.06222223230882
Free,1,Sims Int_59,0.0,0.0,Error,-0.5,51.67388432354537
Free,1,Sims Int_59,0.0,0.0,Correct,0.5,56.114416365510216
Free,1,Sims Int_59,0.5,0.0,Error,-0.5,50.52143869318908
Free,1,Sims Int_59,0.5,0.0,Correct,0.5,59.16661049871161
Free,1,Sims Int_59,-0.5,1.0,Error,-0.5,54.547819844281285
Free,1,Sims Int_59,-0.5,1.0,Correct,0.5,54.13268543779713
Free,1,Sims Int_59,0.0,1.0,Error,-0.5,53.19309995339074
Free,1,Sims Int_59,0.0,1.0,Correct,0.5,57.699628524409604
Free,1,Sims Int_59,0.5,1.0,Error,-0.5,51.8383800625002
Free,1,Sims Int_59,0.5,1.0,Correct,0.5,61.26657161102208
Non-Free,0,Sims Int_59,-0.5,-1.0,Error,-0.5,50.644394648173005
Non-Free,0,Sims Int_59,-0.5,-1.0,Correct,0.5,51.28403807921707
Non-Free,0,Sims Int_59,0.0,-1.0,Error,-0.5,49.00840720991856
Non-Free,0,Sims Int_59,0.0,-1.0,Correct,0.5,53.8344624560331
Non-Free,0,Sims Int_59,0.5,-1.0,Error,-0.5,47.372419771664106
Non-Free,0,Sims Int_59,0.5,-1.0,Correct,0.5,56.38488683284913
Non-Free,0,Sims Int_59,-0.5,0.0,Error,-0.5,49.24655696947891
Non-Free,0,Sims Int_59,-0.5,0.0,Correct,0.5,51.20427435387681
Non-Free,0,Sims Int_59,0.0,0.0,Error,-0.5,47.55586133010568
Non-Free,0,Sims Int_59,0.0,0.0,Correct,0.5,54.507856705918414
Non-Free,0,Sims Int_59,0.5,0.0,Error,-0.5,45.86516569073245
Non-Free,0,Sims Int_59,0.5,0.0,Correct,0.5,57.811439057960015
Non-Free,0,Sims Int_59,-0.5,1.0,Error,-0.5,47.848719290784814
Non-Free,0,Sims Int_59,-0.5,1.0,Correct,0.5,51.124510628536555
Non-Free,0,Sims Int_59,0.0,1.0,Error,-0.5,46.1033154502928
Non-Free,0,Sims Int_59,0.0,1.0,Correct,0.5,55.181250955803726
Non-Free,0,Sims Int_59,0.5,1.0,Error,-0.5,44.35791160980079
Non-Free,0,Sims Int_59,0.5,1.0,Correct,0.5,59.2379912830709
Free,1,Sims Int_6,-0.5,-1.0,Error,-0.5,63.61026811904423
Free,1,Sims Int_6,-0.5,-1.0,Correct,0.5,62.209545920892175
Free,1,Sims Int_6,0.0,-1.0,Error,-0.5,62.161764628158586
Free,1,Sims Int_6,0.0,-1.0,Correct,0.5,71.8444919870979
Free,1,Sims Int_6,0.5,-1.0,Error,-0.5,60.713261137272944
Free,1,Sims Int_6,0.5,-1.0,Correct,0.5,81.47943805330362
Free,1,Sims Int_6,-0.5,0.0,Error,-0.5,66.29981448889315
Free,1,Sims Int_6,-0.5,0.0,Correct,0.5,65.73331010194478
Free,1,Sims Int_6,0.0,0.0,Error,-0.5,64.68365335320578
Free,1,Sims Int_6,0.0,0.0,Correct,0.5,73.83730982687743
Free,1,Sims Int_6,0.5,0.0,Error,-0.5,63.06749221751842
Free,1,Sims Int_6,0.5,0.0,Correct,0.5,81.94130955181008
Free,1,Sims Int_6,-0.5,1.0,Error,-0.5,68.98936085874206
Free,1,Sims Int_6,-0.5,1.0,Correct,0.5,69.2570742829974
Free,1,Sims Int_6,0.0,1.0,Error,-0.5,67.20554207825299
Free,1,Sims Int_6,0.0,1.0,Correct,0.5,75.83012766665696
Free,1,Sims Int_6,0.5,1.0,Error,-0.5,65.4217232977639
Free,1,Sims Int_6,0.5,1.0,Correct,0.5,82.40318105031653
Non-Free,0,Sims Int_6,-0.5,-1.0,Error,-0.5,49.86137456971991
Non-Free,0,Sims Int_6,-0.5,-1.0,Correct,0.5,53.810481896486564
Non-Free,0,Sims Int_6,0.0,-1.0,Error,-0.5,46.11880041700439
Non-Free,0,Sims Int_6,0.0,-1.0,Correct,0.5,64.98821135255034
Non-Free,0,Sims Int_6,0.5,-1.0,Error,-0.5,42.37622626428886
Non-Free,0,Sims Int_6,0.5,-1.0,Correct,0.5,76.1659408086141
Non-Free,0,Sims Int_6,-0.5,0.0,Error,-0.5,47.21027826677193
Non-Free,0,Sims Int_6,-0.5,0.0,Correct,0.5,48.5989720474479
Non-Free,0,Sims Int_6,0.0,0.0,Error,-0.5,37.74820012235804
Non-Free,0,Sims Int_6,0.0,0.0,Correct,0.5,63.54666659862676
Non-Free,0,Sims Int_6,0.5,0.0,Error,-0.5,28.286121977944156
Non-Free,0,Sims Int_6,0.5,0.0,Correct,0.5,78.49436114980561
Non-Free,0,Sims Int_6,-0.5,1.0,Error,-0.5,44.559181963823946
Non-Free,0,Sims Int_6,-0.5,1.0,Correct,0.5,43.38746219840924
Non-Free,0,Sims Int_6,0.0,1.0,Error,-0.5,29.3775998277117
Non-Free,0,Sims Int_6,0.0,1.0,Correct,0.5,62.105121844703184
Non-Free,0,Sims Int_6,0.5,1.0,Error,-0.5,14.19601769159945
Non-Free,0,Sims Int_6,0.5,1.0,Correct,0.5,80.82278149099712
Free,1,Sims Int_60,-0.5,-1.0,Error,-0.5,72.89575121869349
Free,1,Sims Int_60,-0.5,-1.0,Correct,0.5,71.04209402517678
Free,1,Sims Int_60,0.0,-1.0,Error,-0.5,67.33500375337297
Free,1,Sims Int_60,0.0,-1.0,Correct,0.5,78.19440840146378
Free,1,Sims Int_60,0.5,-1.0,Error,-0.5,61.77425628805247
Free,1,Sims Int_60,0.5,-1.0,Correct,0.5,85.34672277775077
Free,1,Sims Int_60,-0.5,0.0,Error,-0.5,74.3195296202915
Free,1,Sims Int_60,-0.5,0.0,Correct,0.5,72.28733267680182
Free,1,Sims Int_60,0.0,0.0,Error,-0.5,68.58826605235542
Free,1,Sims Int_60,0.0,0.0,Correct,0.5,81.02073898425365
Free,1,Sims Int_60,0.5,0.0,Error,-0.5,62.85700248441934
Free,1,Sims Int_60,0.5,0.0,Correct,0.5,89.75414529170548
Free,1,Sims Int_60,-0.5,1.0,Error,-0.5,75.74330802188952
Free,1,Sims Int_60,-0.5,1.0,Correct,0.5,73.53257132842687
Free,1,Sims Int_60,0.0,1.0,Error,-0.5,69.84152835133787
Free,1,Sims Int_60,0.0,1.0,Correct,0.5,83.84706956704353
Free,1,Sims Int_60,0.5,1.0,Error,-0.5,63.93974868078622
Free,1,Sims Int_60,0.5,1.0,Correct,0.5,94.1615678056602
Non-Free,0,Sims Int_60,-0.5,-1.0,Error,-0.5,37.19944596150159
Non-Free,0,Sims Int_60,-0.5,-1.0,Correct,0.5,49.935430588046145
Non-Free,0,Sims Int_60,0.0,-1.0,Error,-0.5,23.197267125140414
Non-Free,0,Sims Int_60,0.0,-1.0,Correct,0.5,64.33362031746759
Non-Free,0,Sims Int_60,0.5,-1.0,Error,-0.5,9.195088288779239
Non-Free,0,Sims Int_60,0.5,-1.0,Correct,0.5,78.73181004688904
Non-Free,0,Sims Int_60,-0.5,0.0,Error,-0.5,36.587517745620076
Non-Free,0,Sims Int_60,-0.5,0.0,Correct,0.5,48.279073485822316
Non-Free,0,Sims Int_60,0.0,0.0,Error,-0.5,28.234522561371698
Non-Free,0,Sims Int_60,0.0,0.0,Correct,0.5,65.81128250737237
Non-Free,0,Sims Int_60,0.5,0.0,Error,-0.5,19.88152737712332
Non-Free,0,Sims Int_60,0.5,0.0,Correct,0.5,83.34349152892241
Non-Free,0,Sims Int_60,-0.5,1.0,Error,-0.5,35.97558952973856
Non-Free,0,Sims Int_60,-0.5,1.0,Correct,0.5,46.62271638359849
Non-Free,0,Sims Int_60,0.0,1.0,Error,-0.5,33.27177799760298
Non-Free,0,Sims Int_60,0.0,1.0,Correct,0.5,67.28894469727715
Non-Free,0,Sims Int_60,0.5,1.0,Error,-0.5,30.5679664654674
Non-Free,0,Sims Int_60,0.5,1.0,Correct,0.5,87.95517301095579
Free,1,Sims Int_61,-0.5,-1.0,Error,-0.5,69.60088392526333
Free,1,Sims Int_61,-0.5,-1.0,Correct,0.5,75.59065986264928
Free,1,Sims Int_61,0.0,-1.0,Error,-0.5,49.373048218917006
Free,1,Sims Int_61,0.0,-1.0,Correct,0.5,83.31528357897915
Free,1,Sims Int_61,0.5,-1.0,Error,-0.5,29.145212512570673
Free,1,Sims Int_61,0.5,-1.0,Correct,0.5,91.03990729530902
Free,1,Sims Int_61,-0.5,0.0,Error,-0.5,75.36285926004336
Free,1,Sims Int_61,-0.5,0.0,Correct,0.5,78.34739508019437
Free,1,Sims Int_61,0.0,0.0,Error,-0.5,60.46197004181451
Free,1,Sims Int_61,0.0,0.0,Correct,0.5,86.5954266818577
Free,1,Sims Int_61,0.5,0.0,Error,-0.5,45.561080823585655
Free,1,Sims Int_61,0.5,0.0,Correct,0.5,94.84345828352103
Free,1,Sims Int_61,-0.5,1.0,Error,-0.5,81.1248345948234
Free,1,Sims Int_61,-0.5,1.0,Correct,0.5,81.10413029773947
Free,1,Sims Int_61,0.0,1.0,Error,-0.5,71.55089186471201
Free,1,Sims Int_61,0.0,1.0,Correct,0.5,89.87556978473626
Free,1,Sims Int_61,0.5,1.0,Error,-0.5,61.97694913460064
Free,1,Sims Int_61,0.5,1.0,Correct,0.5,98.64700927173304
Non-Free,0,Sims Int_61,-0.5,-1.0,Error,-0.5,33.84223651343771
Non-Free,0,Sims Int_61,-0.5,-1.0,Correct,0.5,69.82647977015
Non-Free,0,Sims Int_61,0.0,-1.0,Error,-0.5,21.177915335874502
Non-Free,0,Sims Int_61,0.0,-1.0,Correct,0.5,78.60310809538517
Non-Free,0,Sims Int_61,0.5,-1.0,Error,-0.5,8.513594158311287
Non-Free,0,Sims Int_61,0.5,-1.0,Correct,0.5,87.37973642062033
Non-Free,0,Sims Int_61,-0.5,0.0,Error,-0.5,38.36178946335187
Non-Free,0,Sims Int_61,-0.5,0.0,Correct,0.5,65.91467171627866
Non-Free,0,Sims Int_61,0.0,0.0,Error,-0.5,26.408877027591966
Non-Free,0,Sims Int_61,0.0,0.0,Correct,0.5,78.09198583374308
Non-Free,0,Sims Int_61,0.5,0.0,Error,-0.5,14.455964591832064
Non-Free,0,Sims Int_61,0.5,0.0,Correct,0.5,90.2692999512075
Non-Free,0,Sims Int_61,-0.5,1.0,Error,-0.5,42.881342413266026
Non-Free,0,Sims Int_61,-0.5,1.0,Correct,0.5,62.002863662407314
Non-Free,0,Sims Int_61,0.0,1.0,Error,-0.5,31.63983871930943
Non-Free,0,Sims Int_61,0.0,1.0,Correct,0.5,77.580863572101
Non-Free,0,Sims Int_61,0.5,1.0,Error,-0.5,20.39833502535284
Non-Free,0,Sims Int_61,0.5,1.0,Correct,0.5,93.15886348179468
Free,1,Sims Int_62,-0.5,-1.0,Error,-0.5,65.24880191693269
Free,1,Sims Int_62,-0.5,-1.0,Correct,0.5,72.71601274333706
Free,1,Sims Int_62,0.0,-1.0,Error,-0.5,58.555295311285796
Free,1,Sims Int_62,0.0,-1.0,Correct,0.5,79.44403361031755
Free,1,Sims Int_62,0.5,-1.0,Error,-0.5,51.861788705638915
Free,1,Sims Int_62,0.5,-1.0,Correct,0.5,86.17205447729803
Free,1,Sims Int_62,-0.5,0.0,Error,-0.5,71.12539396425169
Free,1,Sims Int_62,-0.5,0.0,Correct,0.5,74.327505760469
Free,1,Sims Int_62,0.0,0.0,Error,-0.5,67.3914115793109
Free,1,Sims Int_62,0.0,0.0,Correct,0.5,82.62688069571405
Free,1,Sims Int_62,0.5,0.0,Error,-0.5,63.65742919437012
Free,1,Sims Int_62,0.5,0.0,Correct,0.5,90.9262556309591
Free,1,Sims Int_62,-0.5,1.0,Error,-0.5,77.00198601157068
Free,1,Sims Int_62,-0.5,1.0,Correct,0.5,75.93899877760093
Free,1,Sims Int_62,0.0,1.0,Error,-0.5,76.22752784733599
Free,1,Sims Int_62,0.0,1.0,Correct,0.5,85.80972778111055
Free,1,Sims Int_62,0.5,1.0,Error,-0.5,75.4530696831013
Free,1,Sims Int_62,0.5,1.0,Correct,0.5,95.68045678462018
Non-Free,0,Sims Int_62,-0.5,-1.0,Error,-0.5,50.482782910559955
Non-Free,0,Sims Int_62,-0.5,-1.0,Correct,0.5,51.11066797435832
Non-Free,0,Sims Int_62,0.0,-1.0,Error,-0.5,38.77835526981492
Non-Free,0,Sims Int_62,0.0,-1.0,Correct,0.5,70.24791926801359
Non-Free,0,Sims Int_62,0.5,-1.0,Error,-0.5,27.07392762906987
Non-Free,0,Sims Int_62,0.5,-1.0,Correct,0.5,89.38517056166884
Non-Free,0,Sims Int_62,-0.5,0.0,Error,-0.5,44.73881317278588
Non-Free,0,Sims Int_62,-0.5,0.0,Correct,0.5,52.87887653731954
Non-Free,0,Sims Int_62,0.0,0.0,Error,-0.5,33.00144967581755
Non-Free,0,Sims Int_62,0.0,0.0,Correct,0.5,72.07723182676055
Non-Free,0,Sims Int_62,0.5,0.0,Error,-0.5,21.264086178849208
Non-Free,0,Sims Int_62,0.5,0.0,Correct,0.5,91.27558711620156
Non-Free,0,Sims Int_62,-0.5,1.0,Error,-0.5,38.99484343501181
Non-Free,0,Sims Int_62,-0.5,1.0,Correct,0.5,54.64708510028076
Non-Free,0,Sims Int_62,0.0,1.0,Error,-0.5,27.224544081820177
Non-Free,0,Sims Int_62,0.0,1.0,Correct,0.5,73.90654438550752
Non-Free,0,Sims Int_62,0.5,1.0,Error,-0.5,15.454244728628543
Non-Free,0,Sims Int_62,0.5,1.0,Correct,0.5,93.16600367073427
Free,1,Sims Int_63,-0.5,-1.0,Error,-0.5,51.75067168189144
Free,1,Sims Int_63,-0.5,-1.0,Correct,0.5,53.68075588665834
Free,1,Sims Int_63,0.0,-1.0,Error,-0.5,48.16666666666666
Free,1,Sims Int_63,0.0,-1.0,Correct,0.5,63.59542922160459
Free,1,Sims Int_63,0.5,-1.0,Error,-0.5,44.582661651441875
Free,1,Sims Int_63,0.5,-1.0,Correct,0.5,73.51010255655085
Free,1,Sims Int_63,-0.5,0.0,Error,-0.5,54.10800644814614
Free,1,Sims Int_63,-0.5,0.0,Correct,0.5,55.81928212549452
Free,1,Sims Int_63,0.0,0.0,Error,-0.5,49.459430413755996
Free,1,Sims Int_63,0.0,0.0,Correct,0.5,65.31820277452613
Free,1,Sims Int_63,0.5,0.0,Error,-0.5,44.81085437936585
Free,1,Sims Int_63,0.5,0.0,Correct,0.5,74.81712342355775
Free,1,Sims Int_63,-0.5,1.0,Error,-0.5,56.465341214400844
Free,1,Sims Int_63,-0.5,1.0,Correct,0.5,57.957808364330695
Free,1,Sims Int_63,0.0,1.0,Error,-0.5,50.752194160845335
Free,1,Sims Int_63,0.0,1.0,Correct,0.5,67.04097632744767
Free,1,Sims Int_63,0.5,1.0,Error,-0.5,45.039047107289825
Free,1,Sims Int_63,0.5,1.0,Correct,0.5,76.12414429056463
Non-Free,0,Sims Int_63,-0.5,-1.0,Error,-0.5,45.34260140102045
Non-Free,0,Sims Int_63,-0.5,-1.0,Correct,0.5,52.31891994776263
Non-Free,0,Sims Int_63,0.0,-1.0,Error,-0.5,40.99593531090552
Non-Free,0,Sims Int_63,0.0,-1.0,Correct,0.5,62.489728285905976
Non-Free,0,Sims Int_63,0.5,-1.0,Error,-0.5,36.649269220790586
Non-Free,0,Sims Int_63,0.5,-1.0,Correct,0.5,72.66053662404931
Non-Free,0,Sims Int_63,-0.5,0.0,Error,-0.5,48.00838882642914
Non-Free,0,Sims Int_63,-0.5,0.0,Correct,0.5,52.98271782348151
Non-Free,0,Sims Int_63,0.0,0.0,Error,-0.5,39.89950704834385
Non-Free,0,Sims Int_63,0.0,0.0,Correct,0.5,63.50883390953128
Non-Free,0,Sims Int_63,0.5,0.0,Error,-0.5,31.79062527025856
Non-Free,0,Sims Int_63,0.5,0.0,Correct,0.5,74.03494999558106
Non-Free,0,Sims Int_63,-0.5,1.0,Error,-0.5,50.67417625183783
Non-Free,0,Sims Int_63,-0.5,1.0,Correct,0.5,53.646515699200386
Non-Free,0,Sims Int_63,0.0,1.0,Error,-0.5,38.803078785782176
Non-Free,0,Sims Int_63,0.0,1.0,Correct,0.5,64.5279395331566
Non-Free,0,Sims Int_63,0.5,1.0,Error,-0.5,26.93198131972653
Non-Free,0,Sims Int_63,0.5,1.0,Correct,0.5,75.4093633671128
Free,1,Sims Int_64,-0.5,-1.0,Error,-0.5,69.30207006076925
Free,1,Sims Int_64,-0.5,-1.0,Correct,0.5,69.44061680724262
Free,1,Sims Int_64,0.0,-1.0,Error,-0.5,59.89942938063507
Free,1,Sims Int_64,0.0,-1.0,Correct,0.5,81.2338479349142
Free,1,Sims Int_64,0.5,-1.0,Error,-0.5,50.49678870050087
Free,1,Sims Int_64,0.5,-1.0,Correct,0.5,93.02707906258577
Free,1,Sims Int_64,-0.5,0.0,Error,-0.5,69.42416582195409
Free,1,Sims Int_64,-0.5,0.0,Correct,0.5,74.032448334481
Free,1,Sims Int_64,0.0,0.0,Error,-0.5,67.44567008949227
Free,1,Sims Int_64,0.0,0.0,Correct,0.5,83.1770697741852
Free,1,Sims Int_64,0.5,0.0,Error,-0.5,65.46717435703044
Free,1,Sims Int_64,0.5,0.0,Correct,0.5,92.3216912138894
Free,1,Sims Int_64,-0.5,1.0,Error,-0.5,69.54626158313893
Free,1,Sims Int_64,-0.5,1.0,Correct,0.5,78.62427986171939
Free,1,Sims Int_64,0.0,1.0,Error,-0.5,74.99191079834947
Free,1,Sims Int_64,0.0,1.0,Correct,0.5,85.1202916134562
Free,1,Sims Int_64,0.5,1.0,Error,-0.5,80.43756001356002
Free,1,Sims Int_64,0.5,1.0,Correct,0.5,91.61630336519302
Non-Free,0,Sims Int_64,-0.5,-1.0,Error,-0.5,41.06446806397139
Non-Free,0,Sims Int_64,-0.5,-1.0,Correct,0.5,46.02283797515688
Non-Free,0,Sims Int_64,0.0,-1.0,Error,-0.5,35.380454082646224
Non-Free,0,Sims Int_64,0.0,-1.0,Correct,0.5,66.84814496818942
Non-Free,0,Sims Int_64,0.5,-1.0,Error,-0.5,29.696440101321063
Non-Free,0,Sims Int_64,0.5,-1.0,Correct,0.5,87.67345196122194
Non-Free,0,Sims Int_64,-0.5,0.0,Error,-0.5,41.195403297904015
Non-Free,0,Sims Int_64,-0.5,0.0,Correct,0.5,47.53733617078842
Non-Free,0,Sims Int_64,0.0,0.0,Error,-0.5,34.93558470746002
Non-Free,0,Sims Int_64,0.0,0.0,Correct,0.5,67.71464015983233
Non-Free,0,Sims Int_64,0.5,0.0,Error,-0.5,28.675766117016032
Non-Free,0,Sims Int_64,0.5,0.0,Correct,0.5,87.89194414887623
Non-Free,0,Sims Int_64,-0.5,1.0,Error,-0.5,41.32633853183664
Non-Free,0,Sims Int_64,-0.5,1.0,Correct,0.5,49.05183436641996
Non-Free,0,Sims Int_64,0.0,1.0,Error,-0.5,34.49071533227382
Non-Free,0,Sims Int_64,0.0,1.0,Correct,0.5,68.58113535147524
Non-Free,0,Sims Int_64,0.5,1.0,Error,-0.5,27.655092132711005
Non-Free,0,Sims Int_64,0.5,1.0,Correct,0.5,88.11043633653053
Free,1,Sims Int_65,-0.5,-1.0,Error,-0.5,62.26173907919437
Free,1,Sims Int_65,-0.5,-1.0,Correct,0.5,59.65983002605565
Free,1,Sims Int_65,0.0,-1.0,Error,-0.5,59.77954891829851
Free,1,Sims Int_65,0.0,-1.0,Correct,0.5,69.76946659922925
Free,1,Sims Int_65,0.5,-1.0,Error,-0.5,57.29735875740265
Free,1,Sims Int_65,0.5,-1.0,Correct,0.5,79.87910317240285
Free,1,Sims Int_65,-0.5,0.0,Error,-0.5,66.87485100991833
Free,1,Sims Int_65,-0.5,0.0,Correct,0.5,65.15641863098601
Free,1,Sims Int_65,0.0,0.0,Error,-0.5,64.12519485893817
Free,1,Sims Int_65,0.0,0.0,Correct,0.5,74.22360574703839
Free,1,Sims Int_65,0.5,0.0,Error,-0.5,61.375538707958015
Free,1,Sims Int_65,0.5,0.0,Correct,0.5,83.29079286309077
Free,1,Sims Int_65,-0.5,1.0,Error,-0.5,71.48796294064229
Free,1,Sims Int_65,-0.5,1.0,Correct,0.5,70.65300723591638
Free,1,Sims Int_65,0.0,1.0,Error,-0.5,68.47084079957784
Free,1,Sims Int_65,0.0,1.0,Correct,0.5,78.67774489484754
Free,1,Sims Int_65,0.5,1.0,Error,-0.5,65.4537186585134
Free,1,Sims Int_65,0.5,1.0,Correct,0.5,86.7024825537787
Non-Free,0,Sims Int_65,-0.5,-1.0,Error,-0.5,44.41231151473612
Non-Free,0,Sims Int_65,-0.5,-1.0,Correct,0.5,43.798103888988784
Non-Free,0,Sims Int_65,0.0,-1.0,Error,-0.5,34.465729952021945
Non-Free,0,Sims Int_65,0.0,-1.0,Correct,0.5,58.263587198317936
Non-Free,0,Sims Int_65,0.5,-1.0,Error,-0.5,24.519148389307766
Non-Free,0,Sims Int_65,0.5,-1.0,Correct,0.5,72.7290705076471
Non-Free,0,Sims Int_65,-0.5,0.0,Error,-0.5,50.336617546264556
Non-Free,0,Sims Int_65,-0.5,0.0,Correct,0.5,49.51851801555708
Non-Free,0,Sims Int_65,0.0,0.0,Error,-0.5,41.81095784784098
Non-Free,0,Sims Int_65,0.0,0.0,Correct,0.5,63.32096490370377
Non-Free,0,Sims Int_65,0.5,0.0,Error,-0.5,33.28529814941741
Non-Free,0,Sims Int_65,0.5,0.0,Correct,0.5,77.12341179185046
Non-Free,0,Sims Int_65,-0.5,1.0,Error,-0.5,56.260923577792994
Non-Free,0,Sims Int_65,-0.5,1.0,Correct,0.5,55.23893214212537
Non-Free,0,Sims Int_65,0.0,1.0,Error,-0.5,49.15618574366002
Non-Free,0,Sims Int_65,0.0,1.0,Correct,0.5,68.3783426090896
Non-Free,0,Sims Int_65,0.5,1.0,Error,-0.5,42.05144790952705
Non-Free,0,Sims Int_65,0.5,1.0,Correct,0.5,81.51775307605382
Free,1,Sims Int_66,-0.5,-1.0,Error,-0.5,63.98897130300057
Free,1,Sims Int_66,-0.5,-1.0,Correct,0.5,70.10740498918545
Free,1,Sims Int_66,0.0,-1.0,Error,-0.5,58.459063621206695
Free,1,Sims Int_66,0.0,-1.0,Correct,0.5,79.939667367319
Free,1,Sims Int_66,0.5,-1.0,Error,-0.5,52.92915593941283
Free,1,Sims Int_66,0.5,-1.0,Correct,0.5,89.77192974545254
Free,1,Sims Int_66,-0.5,0.0,Error,-0.5,67.78065147078755
Free,1,Sims Int_66,-0.5,0.0,Correct,0.5,79.99780420263484
Free,1,Sims Int_66,0.0,0.0,Error,-0.5,60.45713124267261
Free,1,Sims Int_66,0.0,0.0,Correct,0.5,86.43300484220994
Free,1,Sims Int_66,0.5,0.0,Error,-0.5,53.13361101455767
Free,1,Sims Int_66,0.5,0.0,Correct,0.5,92.86820548178504
Free,1,Sims Int_66,-0.5,1.0,Error,-0.5,71.57233163857452
Free,1,Sims Int_66,-0.5,1.0,Correct,0.5,89.88820341608422
Free,1,Sims Int_66,0.0,1.0,Error,-0.5,62.455198864138524
Free,1,Sims Int_66,0.0,1.0,Correct,0.5,92.92634231710088
Free,1,Sims Int_66,0.5,1.0,Error,-0.5,53.33806608970252
Free,1,Sims Int_66,0.5,1.0,Correct,0.5,95.96448121811753
Non-Free,0,Sims Int_66,-0.5,-1.0,Error,-0.5,60.88302225280465
Non-Free,0,Sims Int_66,-0.5,-1.0,Correct,0.5,55.216855799303346
Non-Free,0,Sims Int_66,0.0,-1.0,Error,-0.5,30.24037821166583
Non-Free,0,Sims Int_66,0.0,-1.0,Correct,0.5,72.31605653836252
Non-Free,0,Sims Int_66,0.5,-1.0,Error,-0.5,-0.4022658294729844
Non-Free,0,Sims Int_66,0.5,-1.0,Correct,0.5,89.41525727742169
Non-Free,0,Sims Int_66,-0.5,0.0,Error,-0.5,50.6829509848494
Non-Free,0,Sims Int_66,-0.5,0.0,Correct,0.5,54.801532048540565
Non-Free,0,Sims Int_66,0.0,0.0,Error,-0.5,27.71613236179548
Non-Free,0,Sims Int_66,0.0,0.0,Correct,0.5,72.75604711417911
Non-Free,0,Sims Int_66,0.5,0.0,Error,-0.5,4.749313738741563
Non-Free,0,Sims Int_66,0.5,0.0,Correct,0.5,90.71056217981766
Non-Free,0,Sims Int_66,-0.5,1.0,Error,-0.5,40.482879716894146
Non-Free,0,Sims Int_66,-0.5,1.0,Correct,0.5,54.386208297777785
Non-Free,0,Sims Int_66,0.0,1.0,Error,-0.5,25.19188651192513
Non-Free,0,Sims Int_66,0.0,1.0,Correct,0.5,73.1960376899957
Non-Free,0,Sims Int_66,0.5,1.0,Error,-0.5,9.90089330695611
Non-Free,0,Sims Int_66,0.5,1.0,Correct,0.5,92.00586708221363
Free,1,Sims Int_67,-0.5,-1.0,Error,-0.5,63.40255899619224
Free,1,Sims Int_67,-0.5,-1.0,Correct,0.5,71.26097847001215
Free,1,Sims Int_67,0.0,-1.0,Error,-0.5,63.75346810031925
Free,1,Sims Int_67,0.0,-1.0,Correct,0.5,72.54460896212899
Free,1,Sims Int_67,0.5,-1.0,Error,-0.5,64.10437720444627
Free,1,Sims Int_67,0.5,-1.0,Correct,0.5,73.82823945424583
Free,1,Sims Int_67,-0.5,0.0,Error,-0.5,72.28506031330073
Free,1,Sims Int_67,-0.5,0.0,Correct,0.5,72.22420801879171
Free,1,Sims Int_67,0.0,0.0,Error,-0.5,71.60972368092452
Free,1,Sims Int_67,0.0,0.0,Correct,0.5,75.28901381691963
Free,1,Sims Int_67,0.5,0.0,Error,-0.5,70.9343870485483
Free,1,Sims Int_67,0.5,0.0,Correct,0.5,78.35381961504756
Free,1,Sims Int_67,-0.5,1.0,Error,-0.5,81.16756163040922
Free,1,Sims Int_67,-0.5,1.0,Correct,0.5,73.18743756757128
Free,1,Sims Int_67,0.0,1.0,Error,-0.5,79.46597926152978
Free,1,Sims Int_67,0.0,1.0,Correct,0.5,78.03341867171028
Free,1,Sims Int_67,0.5,1.0,Error,-0.5,77.76439689265032
Free,1,Sims Int_67,0.5,1.0,Correct,0.5,82.87939977584928
Non-Free,0,Sims Int_67,-0.5,-1.0,Error,-0.5,49.1324531644049
Non-Free,0,Sims Int_67,-0.5,-1.0,Correct,0.5,45.600403791109336
Non-Free,0,Sims Int_67,0.0,-1.0,Error,-0.5,47.58322925423317
Non-Free,0,Sims Int_67,0.0,-1.0,Correct,0.5,53.319893101232616
Non-Free,0,Sims Int_67,0.5,-1.0,Error,-0.5,46.03400534406144
Non-Free,0,Sims Int_67,0.5,-1.0,Correct,0.5,61.0393824113559
Non-Free,0,Sims Int_67,-0.5,0.0,Error,-0.5,45.93866938873539
Non-Free,0,Sims Int_67,-0.5,0.0,Correct,0.5,43.81362813248443
Non-Free,0,Sims Int_67,0.0,0.0,Error,-0.5,41.36618830311032
Non-Free,0,Sims Int_67,0.0,0.0,Correct,0.5,53.78916700741874
Non-Free,0,Sims Int_67,0.5,0.0,Error,-0.5,36.79370721748525
Non-Free,0,Sims Int_67,0.5,0.0,Correct,0.5,63.76470588235305
Non-Free,0,Sims Int_67,-0.5,1.0,Error,-0.5,42.74488561306588
Non-Free,0,Sims Int_67,-0.5,1.0,Correct,0.5,42.02685247385953
Non-Free,0,Sims Int_67,0.0,1.0,Error,-0.5,35.14914735198747
Non-Free,0,Sims Int_67,0.0,1.0,Correct,0.5,54.258440913604865
Non-Free,0,Sims Int_67,0.5,1.0,Error,-0.5,27.553409090909057
Non-Free,0,Sims Int_67,0.5,1.0,Correct,0.5,66.4900293533502
Free,1,Sims Int_68,-0.5,-1.0,Error,-0.5,59.43663318152093
Free,1,Sims Int_68,-0.5,-1.0,Correct,0.5,58.960484952865066
Free,1,Sims Int_68,0.0,-1.0,Error,-0.5,63.005102083188206
Free,1,Sims Int_68,0.0,-1.0,Correct,0.5,62.42131310019057
Free,1,Sims Int_68,0.5,-1.0,Error,-0.5,66.5735709848555
Free,1,Sims Int_68,0.5,-1.0,Correct,0.5,65.88214124751607
Free,1,Sims Int_68,-0.5,0.0,Error,-0.5,63.15761521315239
Free,1,Sims Int_68,-0.5,0.0,Correct,0.5,64.48122559830011
Free,1,Sims Int_68,0.0,0.0,Error,-0.5,65.42875167342699
Free,1,Sims Int_68,0.0,0.0,Correct,0.5,67.85928241790981
Free,1,Sims Int_68,0.5,0.0,Error,-0.5,67.69988813370159
Free,1,Sims Int_68,0.5,0.0,Correct,0.5,71.2373392375195
Free,1,Sims Int_68,-0.5,1.0,Error,-0.5,66.87859724478385
Free,1,Sims Int_68,-0.5,1.0,Correct,0.5,70.00196624373517
Free,1,Sims Int_68,0.0,1.0,Error,-0.5,67.85240126366577
Free,1,Sims Int_68,0.0,1.0,Correct,0.5,73.29725173562905
Free,1,Sims Int_68,0.5,1.0,Error,-0.5,68.82620528254768
Free,1,Sims Int_68,0.5,1.0,Correct,0.5,76.59253722752294
Non-Free,0,Sims Int_68,-0.5,-1.0,Error,-0.5,54.169747722271495
Non-Free,0,Sims Int_68,-0.5,-1.0,Correct,0.5,49.08628067671216
Non-Free,0,Sims Int_68,0.0,-1.0,Error,-0.5,53.58978106940718
Non-Free,0,Sims Int_68,0.0,-1.0,Correct,0.5,52.861585983151215
Non-Free,0,Sims Int_68,0.5,-1.0,Error,-0.5,53.009814416542866
Non-Free,0,Sims Int_68,0.5,-1.0,Correct,0.5,56.63689128959027
Non-Free,0,Sims Int_68,-0.5,0.0,Error,-0.5,49.77502870097115
Non-Free,0,Sims Int_68,-0.5,0.0,Correct,0.5,52.178108737030016
Non-Free,0,Sims Int_68,0.0,0.0,Error,-0.5,50.38154080938814
Non-Free,0,Sims Int_68,0.0,0.0,Correct,0.5,56.67615055183434
Non-Free,0,Sims Int_68,0.5,0.0,Error,-0.5,50.988052917805135
Non-Free,0,Sims Int_68,0.5,0.0,Correct,0.5,61.174192366638664
Non-Free,0,Sims Int_68,-0.5,1.0,Error,-0.5,45.3803096796708
Non-Free,0,Sims Int_68,-0.5,1.0,Correct,0.5,55.269936797347874
Non-Free,0,Sims Int_68,0.0,1.0,Error,-0.5,47.1733005493691
Non-Free,0,Sims Int_68,0.0,1.0,Correct,0.5,60.490715120517464
Non-Free,0,Sims Int_68,0.5,1.0,Error,-0.5,48.9662914190674
Non-Free,0,Sims Int_68,0.5,1.0,Correct,0.5,65.71149344368706
Free,1,Sims Int_69,-0.5,-1.0,Error,-0.5,71.08894708232489
Free,1,Sims Int_69,-0.5,-1.0,Correct,0.5,68.04063512925492
Free,1,Sims Int_69,0.0,-1.0,Error,-0.5,70.34143815868072
Free,1,Sims Int_69,0.0,-1.0,Correct,0.5,75.43349692170524
Free,1,Sims Int_69,0.5,-1.0,Error,-0.5,69.59392923503654
Free,1,Sims Int_69,0.5,-1.0,Correct,0.5,82.82635871415556
Free,1,Sims Int_69,-0.5,0.0,Error,-0.5,75.87881102129482
Free,1,Sims Int_69,-0.5,0.0,Correct,0.5,71.15912093451139
Free,1,Sims Int_69,0.0,0.0,Error,-0.5,71.57541641950536
Free,1,Sims Int_69,0.0,0.0,Correct,0.5,78.29576305766646
Free,1,Sims Int_69,0.5,0.0,Error,-0.5,67.2720218177159
Free,1,Sims Int_69,0.5,0.0,Correct,0.5,85.43240518082153
Free,1,Sims Int_69,-0.5,1.0,Error,-0.5,80.66867496026475
Free,1,Sims Int_69,-0.5,1.0,Correct,0.5,74.27760673976786
Free,1,Sims Int_69,0.0,1.0,Error,-0.5,72.80939468033
Free,1,Sims Int_69,0.0,1.0,Correct,0.5,81.15802919362768
Free,1,Sims Int_69,0.5,1.0,Error,-0.5,64.95011440039525
Free,1,Sims Int_69,0.5,1.0,Correct,0.5,88.0384516474875
Non-Free,0,Sims Int_69,-0.5,-1.0,Error,-0.5,40.91739360933056
Non-Free,0,Sims Int_69,-0.5,-1.0,Correct,0.5,48.24312411262826
Non-Free,0,Sims Int_69,0.0,-1.0,Error,-0.5,40.334377560364345
Non-Free,0,Sims Int_69,0.0,-1.0,Correct,0.5,62.499079871435285
Non-Free,0,Sims Int_69,0.5,-1.0,Error,-0.5,39.75136151139813
Non-Free,0,Sims Int_69,0.5,-1.0,Correct,0.5,76.75503563024232
Non-Free,0,Sims Int_69,-0.5,0.0,Error,-0.5,48.50226516940575
Non-Free,0,Sims Int_69,-0.5,0.0,Correct,0.5,47.240081440766915
Non-Free,0,Sims Int_69,0.0,0.0,Error,-0.5,45.50956672610728
Non-Free,0,Sims Int_69,0.0,0.0,Correct,0.5,61.44078402083177
Non-Free,0,Sims Int_69,0.5,0.0,Error,-0.5,42.51686828280881
Non-Free,0,Sims Int_69,0.5,0.0,Correct,0.5,75.64148660089663
Non-Free,0,Sims Int_69,-0.5,1.0,Error,-0.5,56.087136729480946
Non-Free,0,Sims Int_69,-0.5,1.0,Correct,0.5,46.23703876890557
Non-Free,0,Sims Int_69,0.0,1.0,Error,-0.5,50.684755891850216
Non-Free,0,Sims Int_69,0.0,1.0,Correct,0.5,60.38248817022826
Non-Free,0,Sims Int_69,0.5,1.0,Error,-0.5,45.282375054219486
Non-Free,0,Sims Int_69,0.5,1.0,Correct,0.5,74.52793757155094
Free,1,Sims Int_7,-0.5,-1.0,Error,-0.5,72.08558637445569
Free,1,Sims Int_7,-0.5,-1.0,Correct,0.5,70.22745247337326
Free,1,Sims Int_7,0.0,-1.0,Error,-0.5,70.22204037837768
Free,1,Sims Int_7,0.0,-1.0,Correct,0.5,76.10052932752917
Free,1,Sims Int_7,0.5,-1.0,Error,-0.5,68.3584943822997
Free,1,Sims Int_7,0.5,-1.0,Correct,0.5,81.97360618168507
Free,1,Sims Int_7,-0.5,0.0,Error,-0.5,72.94875703497232
Free,1,Sims Int_7,-0.5,0.0,Correct,0.5,71.03651052335316
Free,1,Sims Int_7,0.0,0.0,Error,-0.5,69.05735522037085
Free,1,Sims Int_7,0.0,0.0,Correct,0.5,78.79569461008866
Free,1,Sims Int_7,0.5,0.0,Error,-0.5,65.16595340576939
Free,1,Sims Int_7,0.5,0.0,Correct,0.5,86.55487869682416
Free,1,Sims Int_7,-0.5,1.0,Error,-0.5,73.81192769548895
Free,1,Sims Int_7,-0.5,1.0,Correct,0.5,71.84556857333305
Free,1,Sims Int_7,0.0,1.0,Error,-0.5,67.89267006236402
Free,1,Sims Int_7,0.0,1.0,Correct,0.5,81.49085989264815
Free,1,Sims Int_7,0.5,1.0,Error,-0.5,61.97341242923907
Free,1,Sims Int_7,0.5,1.0,Correct,0.5,91.13615121196325
Non-Free,0,Sims Int_7,-0.5,-1.0,Error,-0.5,38.29645692640281
Non-Free,0,Sims Int_7,-0.5,-1.0,Correct,0.5,57.81744040520649
Non-Free,0,Sims Int_7,0.0,-1.0,Error,-0.5,42.99259245088099
Non-Free,0,Sims Int_7,0.0,-1.0,Correct,0.5,67.22263363502086
Non-Free,0,Sims Int_7,0.5,-1.0,Error,-0.5,47.68872797535917
Non-Free,0,Sims Int_7,0.5,-1.0,Correct,0.5,76.62782686483523
Non-Free,0,Sims Int_7,-0.5,0.0,Error,-0.5,49.863226263128695
Non-Free,0,Sims Int_7,-0.5,0.0,Correct,0.5,50.93377251295195
Non-Free,0,Sims Int_7,0.0,0.0,Error,-0.5,41.41515945744293
Non-Free,0,Sims Int_7,0.0,0.0,Correct,0.5,64.69884107526573
Non-Free,0,Sims Int_7,0.5,0.0,Error,-0.5,32.96709265175717
Non-Free,0,Sims Int_7,0.5,0.0,Correct,0.5,78.46390963757952
Non-Free,0,Sims Int_7,-0.5,1.0,Error,-0.5,61.42999559985458
Non-Free,0,Sims Int_7,-0.5,1.0,Correct,0.5,44.050104620697404
Non-Free,0,Sims Int_7,0.0,1.0,Error,-0.5,39.837726464004874
Non-Free,0,Sims Int_7,0.0,1.0,Correct,0.5,62.1750485155106
Non-Free,0,Sims Int_7,0.5,1.0,Error,-0.5,18.24545732815517
Non-Free,0,Sims Int_7,0.5,1.0,Correct,0.5,80.29999241032381
Free,1,Sims Int_70,-0.5,-1.0,Error,-0.5,62.220032840722524
Free,1,Sims Int_70,-0.5,-1.0,Correct,0.5,71.12259925310518
Free,1,Sims Int_70,0.0,-1.0,Error,-0.5,75.00000000000009
Free,1,Sims Int_70,0.0,-1.0,Correct,0.5,80.69760361871928
Free,1,Sims Int_70,0.5,-1.0,Error,-0.5,87.77996715927765
Free,1,Sims Int_70,0.5,-1.0,Correct,0.5,90.27260798433339
Free,1,Sims Int_70,-0.5,0.0,Error,-0.5,71.18226600985221
Free,1,Sims Int_70,-0.5,0.0,Correct,0.5,75.41881102268144
Free,1,Sims Int_70,0.0,0.0,Error,-0.5,66.39408866995082
Free,1,Sims Int_70,0.0,0.0,Correct,0.5,84.6532199481882
Free,1,Sims Int_70,0.5,0.0,Error,-0.5,61.60591133004942
Free,1,Sims Int_70,0.5,0.0,Correct,0.5,93.88762887369495
Free,1,Sims Int_70,-0.5,1.0,Error,-0.5,80.1444991789819
Free,1,Sims Int_70,-0.5,1.0,Correct,0.5,79.7150227922577
Free,1,Sims Int_70,0.0,1.0,Error,-0.5,57.78817733990155
Free,1,Sims Int_70,0.0,1.0,Correct,0.5,88.6088362776571
Free,1,Sims Int_70,0.5,1.0,Error,-0.5,35.4318555008212
Free,1,Sims Int_70,0.5,1.0,Correct,0.5,97.50264976305651
Non-Free,0,Sims Int_70,-0.5,-1.0,Error,-0.5,47.74488774438369
Non-Free,0,Sims Int_70,-0.5,-1.0,Correct,0.5,55.23678623284234
Non-Free,0,Sims Int_70,0.0,-1.0,Error,-0.5,29.68578296945384
Non-Free,0,Sims Int_70,0.0,-1.0,Correct,0.5,72.11133163606996
Non-Free,0,Sims Int_70,0.5,-1.0,Error,-0.5,11.626678194523997
Non-Free,0,Sims Int_70,0.5,-1.0,Correct,0.5,88.98587703929756
Non-Free,0,Sims Int_70,-0.5,0.0,Error,-0.5,38.46203158847764
Non-Free,0,Sims Int_70,-0.5,0.0,Correct,0.5,55.85318947855042
Non-Free,0,Sims Int_70,0.0,0.0,Error,-0.5,24.813509547744758
Non-Free,0,Sims Int_70,0.0,0.0,Correct,0.5,73.85917183229898
Non-Free,0,Sims Int_70,0.5,0.0,Error,-0.5,11.164987507011876
Non-Free,0,Sims Int_70,0.5,0.0,Correct,0.5,91.86515418604755
Non-Free,0,Sims Int_70,-0.5,1.0,Error,-0.5,29.179175432571597
Non-Free,0,Sims Int_70,-0.5,1.0,Correct,0.5,56.4695927242585
Non-Free,0,Sims Int_70,0.0,1.0,Error,-0.5,19.941236126035676
Non-Free,0,Sims Int_70,0.0,1.0,Correct,0.5,75.607012028528
Non-Free,0,Sims Int_70,0.5,1.0,Error,-0.5,10.703296819499759
Non-Free,0,Sims Int_70,0.5,1.0,Correct,0.5,94.74443133279752
Free,1,Sims Int_71,-0.5,-1.0,Error,-0.5,51.115417374657795
Free,1,Sims Int_71,-0.5,-1.0,Correct,0.5,57.37579880565606
Free,1,Sims Int_71,0.0,-1.0,Error,-0.5,45.439345633311646
Free,1,Sims Int_71,0.0,-1.0,Correct,0.5,74.54540838119088
Free,1,Sims Int_71,0.5,-1.0,Error,-0.5,39.7632738919655
Free,1,Sims Int_71,0.5,-1.0,Correct,0.5,91.7150179567257
Free,1,Sims Int_71,-0.5,0.0,Error,-0.5,62.83206964839412
Free,1,Sims Int_71,-0.5,0.0,Correct,0.5,69.53361890767574
Free,1,Sims Int_71,0.0,0.0,Error,-0.5,56.47570045395111
Free,1,Sims Int_71,0.0,0.0,Correct,0.5,81.94160993738268
Free,1,Sims Int_71,0.5,0.0,Error,-0.5,50.11933125950811
Free,1,Sims Int_71,0.5,0.0,Correct,0.5,94.34960096708961
Free,1,Sims Int_71,-0.5,1.0,Error,-0.5,74.54872192213044
Free,1,Sims Int_71,-0.5,1.0,Correct,0.5,81.69143900969543
Free,1,Sims Int_71,0.0,1.0,Error,-0.5,67.51205527459058
Free,1,Sims Int_71,0.0,1.0,Correct,0.5,89.33781149357448
Free,1,Sims Int_71,0.5,1.0,Error,-0.5,60.47538862705073
Free,1,Sims Int_71,0.5,1.0,Correct,0.5,96.98418397745353
Non-Free,0,Sims Int_71,-0.5,-1.0,Error,-0.5,40.97318441459652
Non-Free,0,Sims Int_71,-0.5,-1.0,Correct,0.5,50.868119243671046
Non-Free,0,Sims Int_71,0.0,-1.0,Error,-0.5,23.96797061537269
Non-Free,0,Sims Int_71,0.0,-1.0,Correct,0.5,69.34708843928176
Non-Free,0,Sims Int_71,0.5,-1.0,Error,-0.5,6.962756816148862
Non-Free,0,Sims Int_71,0.5,-1.0,Correct,0.5,87.82605763489246
Non-Free,0,Sims Int_71,-0.5,0.0,Error,-0.5,40.127585769726494
Non-Free,0,Sims Int_71,-0.5,0.0,Correct,0.5,53.54894042317747
Non-Free,0,Sims Int_71,0.0,0.0,Error,-0.5,23.200138752914143
Non-Free,0,Sims Int_71,0.0,0.0,Correct,0.5,69.98825142238914
Non-Free,0,Sims Int_71,0.5,0.0,Error,-0.5,6.272691736101795
Non-Free,0,Sims Int_71,0.5,0.0,Correct,0.5,86.42756242160081
Non-Free,0,Sims Int_71,-0.5,1.0,Error,-0.5,39.28198712485647
Non-Free,0,Sims Int_71,-0.5,1.0,Correct,0.5,56.229761602683894
Non-Free,0,Sims Int_71,0.0,1.0,Error,-0.5,22.432306890455596
Non-Free,0,Sims Int_71,0.0,1.0,Correct,0.5,70.62941440549652
Non-Free,0,Sims Int_71,0.5,1.0,Error,-0.5,5.582626656054726
Non-Free,0,Sims Int_71,0.5,1.0,Correct,0.5,85.02906720830914
Free,1,Sims Int_72,-0.5,-1.0,Error,-0.5,66.89101380859555
Free,1,Sims Int_72,-0.5,-1.0,Correct,0.5,66.8263506824733
Free,1,Sims Int_72,0.0,-1.0,Error,-0.5,65.8012307080326
Free,1,Sims Int_72,0.0,-1.0,Correct,0.5,75.59370788997875
Free,1,Sims Int_72,0.5,-1.0,Error,-0.5,64.71144760746965
Free,1,Sims Int_72,0.5,-1.0,Correct,0.5,84.36106509748417
Free,1,Sims Int_72,-0.5,0.0,Error,-0.5,74.29830429242578
Free,1,Sims Int_72,-0.5,0.0,Correct,0.5,72.30382162797474
Free,1,Sims Int_72,0.0,0.0,Error,-0.5,70.95641140908022
Free,1,Sims Int_72,0.0,0.0,Correct,0.5,80.34721335936375
Free,1,Sims Int_72,0.5,0.0,Error,-0.5,67.61451852573465
Free,1,Sims Int_72,0.5,0.0,Correct,0.5,88.39060509075276
Free,1,Sims Int_72,-0.5,1.0,Error,-0.5,81.70559477625602
Free,1,Sims Int_72,-0.5,1.0,Correct,0.5,77.78129257347618
Free,1,Sims Int_72,0.0,1.0,Error,-0.5,76.11159211012783
Free,1,Sims Int_72,0.0,1.0,Correct,0.5,85.10071882874875
Free,1,Sims Int_72,0.5,1.0,Error,-0.5,70.51758944399965
Free,1,Sims Int_72,0.5,1.0,Correct,0.5,92.42014508402133
Non-Free,0,Sims Int_72,-0.5,-1.0,Error,-0.5,49.09854516159606
Non-Free,0,Sims Int_72,-0.5,-1.0,Correct,0.5,47.71659898689971
Non-Free,0,Sims Int_72,0.0,-1.0,Error,-0.5,35.20088143303954
Non-Free,0,Sims Int_72,0.0,-1.0,Correct,0.5,60.10881359705556
Non-Free,0,Sims Int_72,0.5,-1.0,Error,-0.5,21.303217704483025
Non-Free,0,Sims Int_72,0.5,-1.0,Correct,0.5,72.5010282072114
Non-Free,0,Sims Int_72,-0.5,0.0,Error,-0.5,52.16209364041325
Non-Free,0,Sims Int_72,-0.5,0.0,Correct,0.5,52.774766240975666
Non-Free,0,Sims Int_72,0.0,0.0,Error,-0.5,39.75144536062935
Non-Free,0,Sims Int_72,0.0,0.0,Correct,0.5,64.94246231954875
Non-Free,0,Sims Int_72,0.5,0.0,Error,-0.5,27.340797080845448
Non-Free,0,Sims Int_72,0.5,0.0,Correct,0.5,77.11015839812184
Non-Free,0,Sims Int_72,-0.5,1.0,Error,-0.5,55.225642119230436
Non-Free,0,Sims Int_72,-0.5,1.0,Correct,0.5,57.83293349505162
Non-Free,0,Sims Int_72,0.0,1.0,Error,-0.5,44.30200928821915
Non-Free,0,Sims Int_72,0.0,1.0,Correct,0.5,69.77611104204195
Non-Free,0,Sims Int_72,0.5,1.0,Error,-0.5,33.37837645720787
Non-Free,0,Sims Int_72,0.5,1.0,Correct,0.5,81.71928858903227
Free,1,Sims Int_73,-0.5,-1.0,Error,-0.5,70.98553434363315
Free,1,Sims Int_73,-0.5,-1.0,Correct,0.5,77.69912746591616
Free,1,Sims Int_73,0.0,-1.0,Error,-0.5,58.389555861707
Free,1,Sims Int_73,0.0,-1.0,Correct,0.5,84.96567228911266
Free,1,Sims Int_73,0.5,-1.0,Error,-0.5,45.79357737978086
Free,1,Sims Int_73,0.5,-1.0,Correct,0.5,92.23221711230917
Free,1,Sims Int_73,-0.5,0.0,Error,-0.5,72.99403004657879
Free,1,Sims Int_73,-0.5,0.0,Correct,0.5,79.80710788944727
Free,1,Sims Int_73,0.0,0.0,Error,-0.5,65.42248901134948
Free,1,Sims Int_73,0.0,0.0,Correct,0.5,87.31788055959662
Free,1,Sims Int_73,0.5,0.0,Error,-0.5,57.85094797612018
Free,1,Sims Int_73,0.5,0.0,Correct,0.5,94.82865322974597
Free,1,Sims Int_73,-0.5,1.0,Error,-0.5,75.00252574952442
Free,1,Sims Int_73,-0.5,1.0,Correct,0.5,81.91508831297837
Free,1,Sims Int_73,0.0,1.0,Error,-0.5,72.45542216099196
Free,1,Sims Int_73,0.0,1.0,Correct,0.5,89.67008883008057
Free,1,Sims Int_73,0.5,1.0,Error,-0.5,69.9083185724595
Free,1,Sims Int_73,0.5,1.0,Correct,0.5,97.42508934718278
Non-Free,0,Sims Int_73,-0.5,-1.0,Error,-0.5,37.97011801793445
Non-Free,0,Sims Int_73,-0.5,-1.0,Correct,0.5,68.19211999146813
Non-Free,0,Sims Int_73,0.0,-1.0,Error,-0.5,29.62776666622518
Non-Free,0,Sims Int_73,0.0,-1.0,Correct,0.5,80.0799811377242
Non-Free,0,Sims Int_73,0.5,-1.0,Error,-0.5,21.285415314515905
Non-Free,0,Sims Int_73,0.5,-1.0,Correct,0.5,91.96784228398027
Non-Free,0,Sims Int_73,-0.5,0.0,Error,-0.5,37.10369948474768
Non-Free,0,Sims Int_73,-0.5,0.0,Correct,0.5,66.33273667331733
Non-Free,0,Sims Int_73,0.0,0.0,Error,-0.5,32.75418228538886
Non-Free,0,Sims Int_73,0.0,0.0,Correct,0.5,80.40354109305511
Non-Free,0,Sims Int_73,0.5,0.0,Error,-0.5,28.404665086030036
Non-Free,0,Sims Int_73,0.5,0.0,Correct,0.5,94.4743455127929
Non-Free,0,Sims Int_73,-0.5,1.0,Error,-0.5,36.237280951560905
Non-Free,0,Sims Int_73,-0.5,1.0,Correct,0.5,64.47335335516652
Non-Free,0,Sims Int_73,0.0,1.0,Error,-0.5,35.88059790455254
Non-Free,0,Sims Int_73,0.0,1.0,Correct,0.5,80.72710104838602
Non-Free,0,Sims Int_73,0.5,1.0,Error,-0.5,35.52391485754417
Non-Free,0,Sims Int_73,0.5,1.0,Correct,0.5,96.98084874160553
Free,1,Sims Int_74,-0.5,-1.0,Error,-0.5,71.6323583841171
Free,1,Sims Int_74,-0.5,-1.0,Correct,0.5,71.72450952152097
Free,1,Sims Int_74,0.0,-1.0,Error,-0.5,68.48986168631846
Free,1,Sims Int_74,0.0,-1.0,Correct,0.5,73.6391503595843
Free,1,Sims Int_74,0.5,-1.0,Error,-0.5,65.34736498851984
Free,1,Sims Int_74,0.5,-1.0,Correct,0.5,75.55379119764763
Free,1,Sims Int_74,-0.5,0.0,Error,-0.5,77.39787485753114
Free,1,Sims Int_74,-0.5,0.0,Correct,0.5,74.53353103140174
Free,1,Sims Int_74,0.0,0.0,Error,-0.5,74.57182816363422
Free,1,Sims Int_74,0.0,0.0,Correct,0.5,78.09724904867512
Free,1,Sims Int_74,0.5,0.0,Error,-0.5,71.74578146973731
Free,1,Sims Int_74,0.5,0.0,Correct,0.5,81.66096706594851
Free,1,Sims Int_74,-0.5,1.0,Error,-0.5,83.16339133094517
Free,1,Sims Int_74,-0.5,1.0,Correct,0.5,77.3425525412825
Free,1,Sims Int_74,0.0,1.0,Error,-0.5,80.65379464094998
Free,1,Sims Int_74,0.0,1.0,Correct,0.5,82.55534773776594
Free,1,Sims Int_74,0.5,1.0,Error,-0.5,78.14419795095479
Free,1,Sims Int_74,0.5,1.0,Correct,0.5,87.7681429342494
Non-Free,0,Sims Int_74,-0.5,-1.0,Error,-0.5,43.27379880173864
Non-Free,0,Sims Int_74,-0.5,-1.0,Correct,0.5,48.25901372420298
Non-Free,0,Sims Int_74,0.0,-1.0,Error,-0.5,39.27638328699532
Non-Free,0,Sims Int_74,0.0,-1.0,Correct,0.5,55.427317429399224
Non-Free,0,Sims Int_74,0.5,-1.0,Error,-0.5,35.278967772252
Non-Free,0,Sims Int_74,0.5,-1.0,Correct,0.5,62.595621134595476
Non-Free,0,Sims Int_74,-0.5,0.0,Error,-0.5,41.419646003837585
Non-Free,0,Sims Int_74,-0.5,0.0,Correct,0.5,50.202294157560694
Non-Free,0,Sims Int_74,0.0,0.0,Error,-0.5,38.83619845714058
Non-Free,0,Sims Int_74,0.0,0.0,Correct,0.5,56.74239193795798
Non-Free,0,Sims Int_74,0.5,0.0,Error,-0.5,36.25275091044358
Non-Free,0,Sims Int_74,0.5,0.0,Correct,0.5,63.28248971835527
Non-Free,0,Sims Int_74,-0.5,1.0,Error,-0.5,39.56549320593653
Non-Free,0,Sims Int_74,-0.5,1.0,Correct,0.5,52.14557459091841
Non-Free,0,Sims Int_74,0.0,1.0,Error,-0.5,38.396013627285846
Non-Free,0,Sims Int_74,0.0,1.0,Correct,0.5,58.05746644651674
Non-Free,0,Sims Int_74,0.5,1.0,Error,-0.5,37.22653404863515
Non-Free,0,Sims Int_74,0.5,1.0,Correct,0.5,63.96935830211507
Free,1,Sims Int_75,-0.5,-1.0,Error,-0.5,63.71763210585077
Free,1,Sims Int_75,-0.5,-1.0,Correct,0.5,70.49999398893748
Free,1,Sims Int_75,0.0,-1.0,Error,-0.5,61.55867834174517
Free,1,Sims Int_75,0.0,-1.0,Correct,0.5,82.16913248733377
Free,1,Sims Int_75,0.5,-1.0,Error,-0.5,59.39972457763957
Free,1,Sims Int_75,0.5,-1.0,Correct,0.5,93.83827098573006
Free,1,Sims Int_75,-0.5,0.0,Error,-0.5,66.41164801299145
Free,1,Sims Int_75,-0.5,0.0,Correct,0.5,74.12396015193639
Free,1,Sims Int_75,0.0,0.0,Error,-0.5,65.69974810618294
Free,1,Sims Int_75,0.0,0.0,Correct,0.5,84.26295913097627
Free,1,Sims Int_75,0.5,0.0,Error,-0.5,64.98784819937443
Free,1,Sims Int_75,0.5,0.0,Correct,0.5,94.40195811001615
Free,1,Sims Int_75,-0.5,1.0,Error,-0.5,69.10566392013213
Free,1,Sims Int_75,-0.5,1.0,Correct,0.5,77.7479263149353
Free,1,Sims Int_75,0.0,1.0,Error,-0.5,69.84081787062071
Free,1,Sims Int_75,0.0,1.0,Correct,0.5,86.35678577461877
Free,1,Sims Int_75,0.5,1.0,Error,-0.5,70.57597182110929
Free,1,Sims Int_75,0.5,1.0,Correct,0.5,94.96564523430224
Non-Free,0,Sims Int_75,-0.5,-1.0,Error,-0.5,38.27664456909744
Non-Free,0,Sims Int_75,-0.5,-1.0,Correct,0.5,46.552293658828475
Non-Free,0,Sims Int_75,0.0,-1.0,Error,-0.5,33.86520482746899
Non-Free,0,Sims Int_75,0.0,-1.0,Correct,0.5,68.81463325517018
Non-Free,0,Sims Int_75,0.5,-1.0,Error,-0.5,29.453765085840537
Non-Free,0,Sims Int_75,0.5,-1.0,Correct,0.5,91.07697285151187
Non-Free,0,Sims Int_75,-0.5,0.0,Error,-0.5,48.51846421893595
Non-Free,0,Sims Int_75,-0.5,0.0,Correct,0.5,49.125786539778446
Non-Free,0,Sims Int_75,0.0,0.0,Error,-0.5,30.6416369199388
Non-Free,0,Sims Int_75,0.0,0.0,Correct,0.5,69.32692860815732
Non-Free,0,Sims Int_75,0.5,0.0,Error,-0.5,12.764809620941652
Non-Free,0,Sims Int_75,0.5,0.0,Correct,0.5,89.52807067653619
Non-Free,0,Sims Int_75,-0.5,1.0,Error,-0.5,58.76028386877445
Non-Free,0,Sims Int_75,-0.5,1.0,Correct,0.5,51.699279420728416
Non-Free,0,Sims Int_75,0.0,1.0,Error,-0.5,27.41806901240861
Non-Free,0,Sims Int_75,0.0,1.0,Correct,0.5,69.83922396114446
Non-Free,0,Sims Int_75,0.5,1.0,Error,-0.5,-3.924145843957234
Non-Free,0,Sims Int_75,0.5,1.0,Correct,0.5,87.9791685015605
Free,1,Sims Int_76,-0.5,-1.0,Error,-0.5,68.54688101551847
Free,1,Sims Int_76,-0.5,-1.0,Correct,0.5,73.91862489889316
Free,1,Sims Int_76,0.0,-1.0,Error,-0.5,62.705386666282855
Free,1,Sims Int_76,0.0,-1.0,Correct,0.5,80.1817314866414
Free,1,Sims Int_76,0.5,-1.0,Error,-0.5,56.86389231704726
Free,1,Sims Int_76,0.5,-1.0,Correct,0.5,86.44483807438964
Free,1,Sims Int_76,-0.5,0.0,Error,-0.5,72.66301582789723
Free,1,Sims Int_76,-0.5,0.0,Correct,0.5,75.94317182161102
Free,1,Sims Int_76,0.0,0.0,Error,-0.5,63.77758188301242
Free,1,Sims Int_76,0.0,0.0,Correct,0.5,83.32382580746574
Free,1,Sims Int_76,0.5,0.0,Error,-0.5,54.892147938127614
Free,1,Sims Int_76,0.5,0.0,Correct,0.5,90.70447979332046
Free,1,Sims Int_76,-0.5,1.0,Error,-0.5,76.77915064027599
Free,1,Sims Int_76,-0.5,1.0,Correct,0.5,77.96771874432888
Free,1,Sims Int_76,0.0,1.0,Error,-0.5,64.84977709974197
Free,1,Sims Int_76,0.0,1.0,Correct,0.5,86.46592012829008
Free,1,Sims Int_76,0.5,1.0,Error,-0.5,52.92040355920796
Free,1,Sims Int_76,0.5,1.0,Correct,0.5,94.96412151225128
Non-Free,0,Sims Int_76,-0.5,-1.0,Error,-0.5,51.49957192565069
Non-Free,0,Sims Int_76,-0.5,-1.0,Correct,0.5,57.55756225804963
Non-Free,0,Sims Int_76,0.0,-1.0,Error,-0.5,33.76933082391793
Non-Free,0,Sims Int_76,0.0,-1.0,Correct,0.5,71.26877516757428
Non-Free,0,Sims Int_76,0.5,-1.0,Error,-0.5,16.03908972218517
Non-Free,0,Sims Int_76,0.5,-1.0,Correct,0.5,84.97998807709892
Non-Free,0,Sims Int_76,-0.5,0.0,Error,-0.5,49.7998895922363
Non-Free,0,Sims Int_76,-0.5,0.0,Correct,0.5,58.66884489876292
Non-Free,0,Sims Int_76,0.0,0.0,Error,-0.5,34.179119498084354
Non-Free,0,Sims Int_76,0.0,0.0,Correct,0.5,72.81757109181478
Non-Free,0,Sims Int_76,0.5,0.0,Error,-0.5,18.55834940393241
Non-Free,0,Sims Int_76,0.5,0.0,Correct,0.5,86.96629728486664
Non-Free,0,Sims Int_76,-0.5,1.0,Error,-0.5,48.100207258821904
Non-Free,0,Sims Int_76,-0.5,1.0,Correct,0.5,59.78012753947621
Non-Free,0,Sims Int_76,0.0,1.0,Error,-0.5,34.588908172250775
Non-Free,0,Sims Int_76,0.0,1.0,Correct,0.5,74.36636701605529
Non-Free,0,Sims Int_76,0.5,1.0,Error,-0.5,21.07760908567965
Non-Free,0,Sims Int_76,0.5,1.0,Correct,0.5,88.95260649263436
Free,1,Sims Int_77,-0.5,-1.0,Error,-0.5,73.22153957354541
Free,1,Sims Int_77,-0.5,-1.0,Correct,0.5,80.42849368786543
Free,1,Sims Int_77,0.0,-1.0,Error,-0.5,57.12965305384898
Free,1,Sims Int_77,0.0,-1.0,Correct,0.5,86.93357692070734
Free,1,Sims Int_77,0.5,-1.0,Error,-0.5,41.03776653415256
Free,1,Sims Int_77,0.5,-1.0,Correct,0.5,93.43866015354925
Free,1,Sims Int_77,-0.5,0.0,Error,-0.5,76.87134080231293
Free,1,Sims Int_77,-0.5,0.0,Correct,0.5,82.68752031596163
Free,1,Sims Int_77,0.0,0.0,Error,-0.5,65.41741958800137
Free,1,Sims Int_77,0.0,0.0,Correct,0.5,88.98428384951761
Free,1,Sims Int_77,0.5,0.0,Error,-0.5,53.9634983736898
Free,1,Sims Int_77,0.5,0.0,Correct,0.5,95.28104738307358
Free,1,Sims Int_77,-0.5,1.0,Error,-0.5,80.52114203108044
Free,1,Sims Int_77,-0.5,1.0,Correct,0.5,84.94654694405784
Free,1,Sims Int_77,0.0,1.0,Error,-0.5,73.70518612215375
Free,1,Sims Int_77,0.0,1.0,Correct,0.5,91.03499077832788
Free,1,Sims Int_77,0.5,1.0,Error,-0.5,66.88923021322705
Free,1,Sims Int_77,0.5,1.0,Correct,0.5,97.12343461259792
Non-Free,0,Sims Int_77,-0.5,-1.0,Error,-0.5,36.74829005881266
Non-Free,0,Sims Int_77,-0.5,-1.0,Correct,0.5,72.12270120248883
Non-Free,0,Sims Int_77,0.0,-1.0,Error,-0.5,18.638738350781516
Non-Free,0,Sims Int_77,0.0,-1.0,Correct,0.5,83.00409100942096
Non-Free,0,Sims Int_77,0.5,-1.0,Error,-0.5,0.5291866427503786
Non-Free,0,Sims Int_77,0.5,-1.0,Correct,0.5,93.8854808163531
Non-Free,0,Sims Int_77,-0.5,0.0,Error,-0.5,37.21251543244716
Non-Free,0,Sims Int_77,-0.5,0.0,Correct,0.5,68.39511725299059
Non-Free,0,Sims Int_77,0.0,0.0,Error,-0.5,19.292323106388842
Non-Free,0,Sims Int_77,0.0,0.0,Correct,0.5,82.42328716499924
Non-Free,0,Sims Int_77,0.5,0.0,Error,-0.5,1.3721307803305223
Non-Free,0,Sims Int_77,0.5,0.0,Correct,0.5,96.45145707700789
Non-Free,0,Sims Int_77,-0.5,1.0,Error,-0.5,37.67674080608167
Non-Free,0,Sims Int_77,-0.5,1.0,Correct,0.5,64.66753330349235
Non-Free,0,Sims Int_77,0.0,1.0,Error,-0.5,19.94590786199617
Non-Free,0,Sims Int_77,0.0,1.0,Correct,0.5,81.84248332057751
Non-Free,0,Sims Int_77,0.5,1.0,Error,-0.5,2.2150749179106666
Non-Free,0,Sims Int_77,0.5,1.0,Correct,0.5,99.01743333766268
Free,1,Sims Int_78,-0.5,-1.0,Error,-0.5,70.09094407388403
Free,1,Sims Int_78,-0.5,-1.0,Correct,0.5,74.35981884081777
Free,1,Sims Int_78,0.0,-1.0,Error,-0.5,64.38263211903539
Free,1,Sims Int_78,0.0,-1.0,Correct,0.5,84.39067022704957
Free,1,Sims Int_78,0.5,-1.0,Error,-0.5,58.674320164186746
Free,1,Sims Int_78,0.5,-1.0,Correct,0.5,94.42152161328136
Free,1,Sims Int_78,-0.5,0.0,Error,-0.5,74.59306054386865
Free,1,Sims Int_78,-0.5,0.0,Correct,0.5,77.5722427127716
Free,1,Sims Int_78,0.0,0.0,Error,-0.5,67.99358645459209
Free,1,Sims Int_78,0.0,0.0,Correct,0.5,86.47615178414783
Free,1,Sims Int_78,0.5,0.0,Error,-0.5,61.39411236531553
Free,1,Sims Int_78,0.5,0.0,Correct,0.5,95.38006085552406
Free,1,Sims Int_78,-0.5,1.0,Error,-0.5,79.09517701385326
Free,1,Sims Int_78,-0.5,1.0,Correct,0.5,80.78466658472543
Free,1,Sims Int_78,0.0,1.0,Error,-0.5,71.60454079014879
Free,1,Sims Int_78,0.0,1.0,Correct,0.5,88.5616333412461
Free,1,Sims Int_78,0.5,1.0,Error,-0.5,64.11390456644432
Free,1,Sims Int_78,0.5,1.0,Correct,0.5,96.33860009776677
Non-Free,0,Sims Int_78,-0.5,-1.0,Error,-0.5,41.27804625051247
Non-Free,0,Sims Int_78,-0.5,-1.0,Correct,0.5,62.017782115091805
Non-Free,0,Sims Int_78,0.0,-1.0,Error,-0.5,25.31156893597188
Non-Free,0,Sims Int_78,0.0,-1.0,Correct,0.5,74.0078871333762
Non-Free,0,Sims Int_78,0.5,-1.0,Error,-0.5,9.345091621431294
Non-Free,0,Sims Int_78,0.5,-1.0,Correct,0.5,85.99799215166061
Non-Free,0,Sims Int_78,-0.5,0.0,Error,-0.5,42.86017087247987
Non-Free,0,Sims Int_78,-0.5,0.0,Correct,0.5,63.40737420337433
Non-Free,0,Sims Int_78,0.0,0.0,Error,-0.5,25.39526000581722
Non-Free,0,Sims Int_78,0.0,0.0,Correct,0.5,77.03180029767678
Non-Free,0,Sims Int_78,0.5,0.0,Error,-0.5,7.930349139154572
Non-Free,0,Sims Int_78,0.5,0.0,Correct,0.5,90.65622639197923
Non-Free,0,Sims Int_78,-0.5,1.0,Error,-0.5,44.44229549444727
Non-Free,0,Sims Int_78,-0.5,1.0,Correct,0.5,64.79696629165686
Non-Free,0,Sims Int_78,0.0,1.0,Error,-0.5,25.47895107566256
Non-Free,0,Sims Int_78,0.0,1.0,Correct,0.5,80.05571346197736
Non-Free,0,Sims Int_78,0.5,1.0,Error,-0.5,6.515606656877848
Non-Free,0,Sims Int_78,0.5,1.0,Correct,0.5,95.31446063229787
Free,1,Sims Int_79,-0.5,-1.0,Error,-0.5,75.10995379537964
Free,1,Sims Int_79,-0.5,-1.0,Correct,0.5,75.3786717417106
Free,1,Sims Int_79,0.0,-1.0,Error,-0.5,67.21953795379542
Free,1,Sims Int_79,0.0,-1.0,Correct,0.5,81.53173444126514
Free,1,Sims Int_79,0.5,-1.0,Error,-0.5,59.329122112211195
Free,1,Sims Int_79,0.5,-1.0,Correct,0.5,87.68479714081968
Free,1,Sims Int_79,-0.5,0.0,Error,-0.5,70.52178657865791
Free,1,Sims Int_79,-0.5,0.0,Correct,0.5,75.55476993963987
Free,1,Sims Int_79,0.0,0.0,Error,-0.5,69.07223762376242
Free,1,Sims Int_79,0.0,0.0,Correct,0.5,83.16606119744031
Free,1,Sims Int_79,0.5,0.0,Error,-0.5,67.62268866886693
Free,1,Sims Int_79,0.5,0.0,Correct,0.5,90.77735245524076
Free,1,Sims Int_79,-0.5,1.0,Error,-0.5,65.93361936193618
Free,1,Sims Int_79,-0.5,1.0,Correct,0.5,75.73086813756913
Free,1,Sims Int_79,0.0,1.0,Error,-0.5,70.92493729372941
Free,1,Sims Int_79,0.0,1.0,Correct,0.5,84.80038795361548
Free,1,Sims Int_79,0.5,1.0,Error,-0.5,75.91625522552265
Free,1,Sims Int_79,0.5,1.0,Correct,0.5,93.86990776966184
Non-Free,0,Sims Int_79,-0.5,-1.0,Error,-0.5,48.29584039879872
Non-Free,0,Sims Int_79,-0.5,-1.0,Correct,0.5,52.698089258104176
Non-Free,0,Sims Int_79,0.0,-1.0,Error,-0.5,34.21336343391833
Non-Free,0,Sims Int_79,0.0,-1.0,Correct,0.5,70.24262078786352
Non-Free,0,Sims Int_79,0.5,-1.0,Error,-0.5,20.130886469037954
Non-Free,0,Sims Int_79,0.5,-1.0,Correct,0.5,87.78715231762287
Non-Free,0,Sims Int_79,-0.5,0.0,Error,-0.5,49.89360941426443
Non-Free,0,Sims Int_79,-0.5,0.0,Correct,0.5,57.335748204879806
Non-Free,0,Sims Int_79,0.0,0.0,Error,-0.5,37.29186671297528
Non-Free,0,Sims Int_79,0.0,0.0,Correct,0.5,70.8458551900656
Non-Free,0,Sims Int_79,0.5,0.0,Error,-0.5,24.690124011686123
Non-Free,0,Sims Int_79,0.5,0.0,Correct,0.5,84.3559621752514
Non-Free,0,Sims Int_79,-0.5,1.0,Error,-0.5,51.49137842973015
Non-Free,0,Sims Int_79,-0.5,1.0,Correct,0.5,61.97340715165544
Non-Free,0,Sims Int_79,0.0,1.0,Error,-0.5,40.370369992032224
Non-Free,0,Sims Int_79,0.0,1.0,Correct,0.5,71.4490895922677
Non-Free,0,Sims Int_79,0.5,1.0,Error,-0.5,29.2493615543343
Non-Free,0,Sims Int_79,0.5,1.0,Correct,0.5,80.92477203287994
Free,1,Sims Int_8,-0.5,-1.0,Error,-0.5,58.069044163383786
Free,1,Sims Int_8,-0.5,-1.0,Correct,0.5,77.96322199576387
Free,1,Sims Int_8,0.0,-1.0,Error,-0.5,58.61678415923697
Free,1,Sims Int_8,0.0,-1.0,Correct,0.5,87.31088238414539
Free,1,Sims Int_8,0.5,-1.0,Error,-0.5,59.16452415509015
Free,1,Sims Int_8,0.5,-1.0,Correct,0.5,96.65854277252689
Free,1,Sims Int_8,-0.5,0.0,Error,-0.5,61.52249637155296
Free,1,Sims Int_8,-0.5,0.0,Correct,0.5,82.00400918220045
Free,1,Sims Int_8,0.0,0.0,Error,-0.5,56.07785610615797
Free,1,Sims Int_8,0.0,0.0,Correct,0.5,89.89188424454314
Free,1,Sims Int_8,0.5,0.0,Error,-0.5,50.63321584076297
Free,1,Sims Int_8,0.5,0.0,Correct,0.5,97.77975930688582
Free,1,Sims Int_8,-0.5,1.0,Error,-0.5,64.97594857972213
Free,1,Sims Int_8,-0.5,1.0,Correct,0.5,86.04479636863702
Free,1,Sims Int_8,0.0,1.0,Error,-0.5,53.53892805307896
Free,1,Sims Int_8,0.0,1.0,Correct,0.5,92.47288610494088
Free,1,Sims Int_8,0.5,1.0,Error,-0.5,42.101907526435795
Free,1,Sims Int_8,0.5,1.0,Correct,0.5,98.90097584124474
Non-Free,0,Sims Int_8,-0.5,-1.0,Error,-0.5,33.78536180924598
Non-Free,0,Sims Int_8,-0.5,-1.0,Correct,0.5,66.06630684079441
Non-Free,0,Sims Int_8,0.0,-1.0,Error,-0.5,18.620909417828774
Non-Free,0,Sims Int_8,0.0,-1.0,Correct,0.5,81.91793615114953
Non-Free,0,Sims Int_8,0.5,-1.0,Error,-0.5,3.4564570264115684
Non-Free,0,Sims Int_8,0.5,-1.0,Correct,0.5,97.76956546150464
Non-Free,0,Sims Int_8,-0.5,0.0,Error,-0.5,24.09439805010587
Non-Free,0,Sims Int_8,-0.5,0.0,Correct,0.5,69.42179745243305
Non-Free,0,Sims Int_8,0.0,0.0,Error,-0.5,13.679745874455588
Non-Free,0,Sims Int_8,0.0,0.0,Correct,0.5,82.75894290775669
Non-Free,0,Sims Int_8,0.5,0.0,Error,-0.5,3.2650936988053054
Non-Free,0,Sims Int_8,0.5,0.0,Correct,0.5,96.09608836308033
Non-Free,0,Sims Int_8,-0.5,1.0,Error,-0.5,14.40343429096576
Non-Free,0,Sims Int_8,-0.5,1.0,Correct,0.5,72.7772880640717
Non-Free,0,Sims Int_8,0.0,1.0,Error,-0.5,8.738582331082402
Non-Free,0,Sims Int_8,0.0,1.0,Correct,0.5,83.59994966436385
Non-Free,0,Sims Int_8,0.5,1.0,Error,-0.5,3.0737303711990425
Non-Free,0,Sims Int_8,0.5,1.0,Correct,0.5,94.42261126465601
Free,1,Sims Int_80,-0.5,-1.0,Error,-0.5,65.2082671570676
Free,1,Sims Int_80,-0.5,-1.0,Correct,0.5,68.04166207732524
Free,1,Sims Int_80,0.0,-1.0,Error,-0.5,63.73907046727408
Free,1,Sims Int_80,0.0,-1.0,Correct,0.5,76.10858657892996
Free,1,Sims Int_80,0.5,-1.0,Error,-0.5,62.26987377748057
Free,1,Sims Int_80,0.5,-1.0,Correct,0.5,84.17551108053468
Free,1,Sims Int_80,-0.5,0.0,Error,-0.5,69.47317423165873
Free,1,Sims Int_80,-0.5,0.0,Correct,0.5,75.55568357308336
Free,1,Sims Int_80,0.0,0.0,Error,-0.5,68.0206051993647
Free,1,Sims Int_80,0.0,0.0,Correct,0.5,81.13596709184044
Free,1,Sims Int_80,0.5,0.0,Error,-0.5,66.56803616707066
Free,1,Sims Int_80,0.5,0.0,Correct,0.5,86.71625061059753
Free,1,Sims Int_80,-0.5,1.0,Error,-0.5,73.73808130624987
Free,1,Sims Int_80,-0.5,1.0,Correct,0.5,83.06970506884147
Free,1,Sims Int_80,0.0,1.0,Error,-0.5,72.30213993145532
Free,1,Sims Int_80,0.0,1.0,Correct,0.5,86.16334760475092
Free,1,Sims Int_80,0.5,1.0,Error,-0.5,70.86619855666076
Free,1,Sims Int_80,0.5,1.0,Correct,0.5,89.25699014066038
Non-Free,0,Sims Int_80,-0.5,-1.0,Error,-0.5,44.079664537970274
Non-Free,0,Sims Int_80,-0.5,-1.0,Correct,0.5,59.78090486272772
Non-Free,0,Sims Int_80,0.0,-1.0,Error,-0.5,31.585573593906254
Non-Free,0,Sims Int_80,0.0,-1.0,Correct,0.5,61.74502133439069
Non-Free,0,Sims Int_80,0.5,-1.0,Error,-0.5,19.091482649842234
Non-Free,0,Sims Int_80,0.5,-1.0,Correct,0.5,63.70913780605367
Non-Free,0,Sims Int_80,-0.5,0.0,Error,-0.5,42.90785565899821
Non-Free,0,Sims Int_80,-0.5,0.0,Correct,0.5,53.235779343125365
Non-Free,0,Sims Int_80,0.0,0.0,Error,-0.5,38.916850042317435
Non-Free,0,Sims Int_80,0.0,0.0,Correct,0.5,62.05418970542219
Non-Free,0,Sims Int_80,0.5,0.0,Error,-0.5,34.92584442563666
Non-Free,0,Sims Int_80,0.5,0.0,Correct,0.5,70.87260006771902
Non-Free,0,Sims Int_80,-0.5,1.0,Error,-0.5,41.73604678002614
Non-Free,0,Sims Int_80,-0.5,1.0,Correct,0.5,46.69065382352301
Non-Free,0,Sims Int_80,0.0,1.0,Error,-0.5,46.248126490728616
Non-Free,0,Sims Int_80,0.0,1.0,Correct,0.5,62.363358076453686
Non-Free,0,Sims Int_80,0.5,1.0,Error,-0.5,50.76020620143109
Non-Free,0,Sims Int_80,0.5,1.0,Correct,0.5,78.03606232938436
Free,1,Sims Int_81,-0.5,-1.0,Error,-0.5,63.717519454074285
Free,1,Sims Int_81,-0.5,-1.0,Correct,0.5,70.4639098500518
Free,1,Sims Int_81,0.0,-1.0,Error,-0.5,64.42006747952573
Free,1,Sims Int_81,0.0,-1.0,Correct,0.5,76.70255187872806
Free,1,Sims Int_81,0.5,-1.0,Error,-0.5,65.12261550497716
Free,1,Sims Int_81,0.5,-1.0,Correct,0.5,82.94119390740433
Free,1,Sims Int_81,-0.5,0.0,Error,-0.5,71.15285315163435
Free,1,Sims Int_81,-0.5,0.0,Correct,0.5,74.52389300538161
Free,1,Sims Int_81,0.0,0.0,Error,-0.5,69.85189365601475
Free,1,Sims Int_81,0.0,0.0,Correct,0.5,79.47154347631471
Free,1,Sims Int_81,0.5,0.0,Error,-0.5,68.55093416039516
Free,1,Sims Int_81,0.5,0.0,Correct,0.5,84.4191939472478
Free,1,Sims Int_81,-0.5,1.0,Error,-0.5,78.5881868491944
Free,1,Sims Int_81,-0.5,1.0,Correct,0.5,78.58387616071141
Free,1,Sims Int_81,0.0,1.0,Error,-0.5,75.28371983250378
Free,1,Sims Int_81,0.0,1.0,Correct,0.5,82.24053507390136
Free,1,Sims Int_81,0.5,1.0,Error,-0.5,71.97925281581315
Free,1,Sims Int_81,0.5,1.0,Correct,0.5,85.8971939870913
Non-Free,0,Sims Int_81,-0.5,-1.0,Error,-0.5,53.11672698276381
Non-Free,0,Sims Int_81,-0.5,-1.0,Correct,0.5,57.117095277794355
Non-Free,0,Sims Int_81,0.0,-1.0,Error,-0.5,43.03706884213531
Non-Free,0,Sims Int_81,0.0,-1.0,Correct,0.5,62.04510964053187
Non-Free,0,Sims Int_81,0.5,-1.0,Error,-0.5,32.95741070150683
Non-Free,0,Sims Int_81,0.5,-1.0,Correct,0.5,66.97312400326939
Non-Free,0,Sims Int_81,-0.5,0.0,Error,-0.5,53.826310086078166
Non-Free,0,Sims Int_81,-0.5,0.0,Correct,0.5,59.03775521590909
Non-Free,0,Sims Int_81,0.0,0.0,Error,-0.5,41.186714101699025
Non-Free,0,Sims Int_81,0.0,0.0,Correct,0.5,65.57743140025623
Non-Free,0,Sims Int_81,0.5,0.0,Error,-0.5,28.547118117319886
Non-Free,0,Sims Int_81,0.5,0.0,Correct,0.5,72.11710758460337
Non-Free,0,Sims Int_81,-0.5,1.0,Error,-0.5,54.535893189392525
Non-Free,0,Sims Int_81,-0.5,1.0,Correct,0.5,60.95841515402382
Non-Free,0,Sims Int_81,0.0,1.0,Error,-0.5,39.33635936126274
Non-Free,0,Sims Int_81,0.0,1.0,Correct,0.5,69.10975315998058
Non-Free,0,Sims Int_81,0.5,1.0,Error,-0.5,24.13682553313295
Non-Free,0,Sims Int_81,0.5,1.0,Correct,0.5,77.26109116593736
Free,1,Sims Int_82,-0.5,-1.0,Error,-0.5,59.540607896794356
Free,1,Sims Int_82,-0.5,-1.0,Correct,0.5,62.82680471734717
Free,1,Sims Int_82,0.0,-1.0,Error,-0.5,58.4174403831118
Free,1,Sims Int_82,0.0,-1.0,Correct,0.5,75.02457868822896
Free,1,Sims Int_82,0.5,-1.0,Error,-0.5,57.29427286942925
Free,1,Sims Int_82,0.5,-1.0,Correct,0.5,87.22235265911075
Free,1,Sims Int_82,-0.5,0.0,Error,-0.5,66.35442728694291
Free,1,Sims Int_82,-0.5,0.0,Correct,0.5,67.21922257393328
Free,1,Sims Int_82,0.0,0.0,Error,-0.5,60.991008600469115
Free,1,Sims Int_82,0.0,0.0,Correct,0.5,77.8345243322461
Free,1,Sims Int_82,0.5,0.0,Error,-0.5,55.62758991399532
Free,1,Sims Int_82,0.5,0.0,Correct,0.5,88.44982609055893
Free,1,Sims Int_82,-0.5,1.0,Error,-0.5,73.16824667709146
Free,1,Sims Int_82,-0.5,1.0,Correct,0.5,71.61164043051939
Free,1,Sims Int_82,0.0,1.0,Error,-0.5,63.56457681782643
Free,1,Sims Int_82,0.0,1.0,Correct,0.5,80.64446997626325
Free,1,Sims Int_82,0.5,1.0,Error,-0.5,53.960906958561395
Free,1,Sims Int_82,0.5,1.0,Correct,0.5,89.67729952200712
Non-Free,0,Sims Int_82,-0.5,-1.0,Error,-0.5,43.13807095787039
Non-Free,0,Sims Int_82,-0.5,-1.0,Correct,0.5,57.52991775057377
Non-Free,0,Sims Int_82,0.0,-1.0,Error,-0.5,36.79324891763602
Non-Free,0,Sims Int_82,0.0,-1.0,Correct,0.5,71.30421166247672
Non-Free,0,Sims Int_82,0.5,-1.0,Error,-0.5,30.448426877401648
Non-Free,0,Sims Int_82,0.5,-1.0,Correct,0.5,85.07850557437966
Non-Free,0,Sims Int_82,-0.5,0.0,Error,-0.5,45.61070757915603
Non-Free,0,Sims Int_82,-0.5,0.0,Correct,0.5,55.98057192042842
Non-Free,0,Sims Int_82,0.0,0.0,Error,-0.5,34.1934377879784
Non-Free,0,Sims Int_82,0.0,0.0,Correct,0.5,72.61346690895175
Non-Free,0,Sims Int_82,0.5,0.0,Error,-0.5,22.776167996800766
Non-Free,0,Sims Int_82,0.5,0.0,Correct,0.5,89.24636189747508
Non-Free,0,Sims Int_82,-0.5,1.0,Error,-0.5,48.083344200441665
Non-Free,0,Sims Int_82,-0.5,1.0,Correct,0.5,54.43122609028306
Non-Free,0,Sims Int_82,0.0,1.0,Error,-0.5,31.593626658320776
Non-Free,0,Sims Int_82,0.0,1.0,Correct,0.5,73.92272215542678
Non-Free,0,Sims Int_82,0.5,1.0,Error,-0.5,15.103909116199887
Non-Free,0,Sims Int_82,0.5,1.0,Correct,0.5,93.4142182205705
Free,1,Sims Int_83,-0.5,-1.0,Error,-0.5,73.80952880711949
Free,1,Sims Int_83,-0.5,-1.0,Correct,0.5,63.55918468322685
Free,1,Sims Int_83,0.0,-1.0,Error,-0.5,44.09833084648626
Free,1,Sims Int_83,0.0,-1.0,Correct,0.5,78.14490726948569
Free,1,Sims Int_83,0.5,-1.0,Error,-0.5,14.387132885853042
Free,1,Sims Int_83,0.5,-1.0,Correct,0.5,92.73062985574451
Free,1,Sims Int_83,-0.5,0.0,Error,-0.5,61.62467013152151
Free,1,Sims Int_83,-0.5,0.0,Correct,0.5,68.41410032634072
Free,1,Sims Int_83,0.0,0.0,Error,-0.5,46.1045152625487
Free,1,Sims Int_83,0.0,0.0,Correct,0.5,81.7116577858842
Free,1,Sims Int_83,0.5,0.0,Error,-0.5,30.584360393575896
Free,1,Sims Int_83,0.5,0.0,Correct,0.5,95.00921524542768
Free,1,Sims Int_83,-0.5,1.0,Error,-0.5,49.43981145592353
Free,1,Sims Int_83,-0.5,1.0,Correct,0.5,73.26901596945459
Free,1,Sims Int_83,0.0,1.0,Error,-0.5,48.11069967861114
Free,1,Sims Int_83,0.0,1.0,Correct,0.5,85.27840830228271
Free,1,Sims Int_83,0.5,1.0,Error,-0.5,46.78158790129875
Free,1,Sims Int_83,0.5,1.0,Correct,0.5,97.28780063511086
Non-Free,0,Sims Int_83,-0.5,-1.0,Error,-0.5,37.55866548193282
Non-Free,0,Sims Int_83,-0.5,-1.0,Correct,0.5,38.64867589356567
Non-Free,0,Sims Int_83,0.0,-1.0,Error,-0.5,31.032416222391454
Non-Free,0,Sims Int_83,0.0,-1.0,Correct,0.5,63.18976459760525
Non-Free,0,Sims Int_83,0.5,-1.0,Error,-0.5,24.50616696285009
Non-Free,0,Sims Int_83,0.5,-1.0,Correct,0.5,87.73085330164483
Non-Free,0,Sims Int_83,-0.5,0.0,Error,-0.5,37.54688161123804
Non-Free,0,Sims Int_83,-0.5,0.0,Correct,0.5,52.2146266369259
Non-Free,0,Sims Int_83,0.0,0.0,Error,-0.5,26.809247270880906
Non-Free,0,Sims Int_83,0.0,0.0,Correct,0.5,72.46183602819035
Non-Free,0,Sims Int_83,0.5,0.0,Error,-0.5,16.07161293052377
Non-Free,0,Sims Int_83,0.5,0.0,Correct,0.5,92.7090454194548
Non-Free,0,Sims Int_83,-0.5,1.0,Error,-0.5,37.535097740543264
Non-Free,0,Sims Int_83,-0.5,1.0,Correct,0.5,65.78057738028613
Non-Free,0,Sims Int_83,0.0,1.0,Error,-0.5,22.58607831937036
Non-Free,0,Sims Int_83,0.0,1.0,Correct,0.5,81.73390745877545
Non-Free,0,Sims Int_83,0.5,1.0,Error,-0.5,7.637058898197449
Non-Free,0,Sims Int_83,0.5,1.0,Correct,0.5,97.68723753726476
Free,1,Sims Int_84,-0.5,-1.0,Error,-0.5,58.31254558204771
Free,1,Sims Int_84,-0.5,-1.0,Correct,0.5,61.207344490940365
Free,1,Sims Int_84,0.0,-1.0,Error,-0.5,50.97870967741933
Free,1,Sims Int_84,0.0,-1.0,Correct,0.5,66.39606921508839
Free,1,Sims Int_84,0.5,-1.0,Error,-0.5,43.644873772790945
Free,1,Sims Int_84,0.5,-1.0,Correct,0.5,71.58479393923642
Free,1,Sims Int_84,-0.5,0.0,Error,-0.5,58.53942496493689
Free,1,Sims Int_84,-0.5,0.0,Correct,0.5,61.53935618215543
Free,1,Sims Int_84,0.0,0.0,Error,-0.5,54.96066269284712
Free,1,Sims Int_84,0.0,0.0,Correct,0.5,68.35776737480566
Free,1,Sims Int_84,0.5,0.0,Error,-0.5,51.381900420757354
Free,1,Sims Int_84,0.5,0.0,Correct,0.5,75.17617856745589
Free,1,Sims Int_84,-0.5,1.0,Error,-0.5,58.76630434782607
Free,1,Sims Int_84,-0.5,1.0,Correct,0.5,61.871367873370495
Free,1,Sims Int_84,0.0,1.0,Error,-0.5,58.942615708274914
Free,1,Sims Int_84,0.0,1.0,Correct,0.5,70.31946553452293
Free,1,Sims Int_84,0.5,1.0,Error,-0.5,59.118927068723764
Free,1,Sims Int_84,0.5,1.0,Correct,0.5,78.76756319567536
Non-Free,0,Sims Int_84,-0.5,-1.0,Error,-0.5,50.81422641413631
Non-Free,0,Sims Int_84,-0.5,-1.0,Correct,0.5,50.78914356606827
Non-Free,0,Sims Int_84,0.0,-1.0,Error,-0.5,45.74928277648014
Non-Free,0,Sims Int_84,0.0,-1.0,Correct,0.5,59.109728503445716
Non-Free,0,Sims Int_84,0.5,-1.0,Error,-0.5,40.68433913882398
Non-Free,0,Sims Int_84,0.5,-1.0,Correct,0.5,67.43031344082316
Non-Free,0,Sims Int_84,-0.5,0.0,Error,-0.5,50.943455705629496
Non-Free,0,Sims Int_84,-0.5,0.0,Correct,0.5,51.55357113983064
Non-Free,0,Sims Int_84,0.0,0.0,Error,-0.5,46.50383788632749
Non-Free,0,Sims Int_84,0.0,0.0,Correct,0.5,61.62487593028966
Non-Free,0,Sims Int_84,0.5,0.0,Error,-0.5,42.06422006702548
Non-Free,0,Sims Int_84,0.5,0.0,Correct,0.5,71.69618072074869
Non-Free,0,Sims Int_84,-0.5,1.0,Error,-0.5,51.072684997122686
Non-Free,0,Sims Int_84,-0.5,1.0,Correct,0.5,52.317998713593006
Non-Free,0,Sims Int_84,0.0,1.0,Error,-0.5,47.258392996174834
Non-Free,0,Sims Int_84,0.0,1.0,Correct,0.5,64.14002335713361
Non-Free,0,Sims Int_84,0.5,1.0,Error,-0.5,43.44410099522698
Non-Free,0,Sims Int_84,0.5,1.0,Correct,0.5,75.96204800067422
Free,1,Sims Int_85,-0.5,-1.0,Error,-0.5,72.66449511400647
Free,1,Sims Int_85,-0.5,-1.0,Correct,0.5,67.13237207893525
Free,1,Sims Int_85,0.0,-1.0,Error,-0.5,71.69218241042346
Free,1,Sims Int_85,0.0,-1.0,Correct,0.5,78.2090496614188
Free,1,Sims Int_85,0.5,-1.0,Error,-0.5,70.71986970684044
Free,1,Sims Int_85,0.5,-1.0,Correct,0.5,89.28572724390236
Free,1,Sims Int_85,-0.5,0.0,Error,-0.5,74.25407166123776
Free,1,Sims Int_85,-0.5,0.0,Correct,0.5,72.0746440237978
Free,1,Sims Int_85,0.0,0.0,Error,-0.5,68.58957654723127
Free,1,Sims Int_85,0.0,0.0,Correct,0.5,81.50481581678653
Free,1,Sims Int_85,0.5,0.0,Error,-0.5,62.92508143322479
Free,1,Sims Int_85,0.5,0.0,Correct,0.5,90.93498760977526
Free,1,Sims Int_85,-0.5,1.0,Error,-0.5,75.84364820846905
Free,1,Sims Int_85,-0.5,1.0,Correct,0.5,77.01691596866036
Free,1,Sims Int_85,0.0,1.0,Error,-0.5,65.4869706840391
Free,1,Sims Int_85,0.0,1.0,Correct,0.5,84.80058197215426
Free,1,Sims Int_85,0.5,1.0,Error,-0.5,55.13029315960914
Free,1,Sims Int_85,0.5,1.0,Correct,0.5,92.58424797564817
Non-Free,0,Sims Int_85,-0.5,-1.0,Error,-0.5,63.24973476856309
Non-Free,0,Sims Int_85,-0.5,-1.0,Correct,0.5,55.234436003777645
Non-Free,0,Sims Int_85,0.0,-1.0,Error,-0.5,53.34007438400758
Non-Free,0,Sims Int_85,0.0,-1.0,Correct,0.5,70.34573765545385
Non-Free,0,Sims Int_85,0.5,-1.0,Error,-0.5,43.43041399945207
Non-Free,0,Sims Int_85,0.5,-1.0,Correct,0.5,85.45703930713003
Non-Free,0,Sims Int_85,-0.5,0.0,Error,-0.5,53.32770685071932
Non-Free,0,Sims Int_85,-0.5,0.0,Correct,0.5,56.44554067253306
Non-Free,0,Sims Int_85,0.0,0.0,Error,-0.5,44.45662720976527
Non-Free,0,Sims Int_85,0.0,0.0,Correct,0.5,71.24079731265556
Non-Free,0,Sims Int_85,0.5,0.0,Error,-0.5,35.58554756881122
Non-Free,0,Sims Int_85,0.5,0.0,Correct,0.5,86.03605395277805
Non-Free,0,Sims Int_85,-0.5,1.0,Error,-0.5,43.40567893287556
Non-Free,0,Sims Int_85,-0.5,1.0,Correct,0.5,57.65664534128848
Non-Free,0,Sims Int_85,0.0,1.0,Error,-0.5,35.57318003552297
Non-Free,0,Sims Int_85,0.0,1.0,Correct,0.5,72.13585696985727
Non-Free,0,Sims Int_85,0.5,1.0,Error,-0.5,27.74068113817037
Non-Free,0,Sims Int_85,0.5,1.0,Correct,0.5,86.61506859842608
Free,1,Sims Int_86,-0.5,-1.0,Error,-0.5,61.12295119738383
Free,1,Sims Int_86,-0.5,-1.0,Correct,0.5,66.47102716538416
Free,1,Sims Int_86,0.0,-1.0,Error,-0.5,56.97984757067175
Free,1,Sims Int_86,0.0,-1.0,Correct,0.5,66.67319527786873
Free,1,Sims Int_86,0.5,-1.0,Error,-0.5,52.83674394395968
Free,1,Sims Int_86,0.5,-1.0,Correct,0.5,66.87536339035331
Free,1,Sims Int_86,-0.5,0.0,Error,-0.5,64.55814292257692
Free,1,Sims Int_86,-0.5,0.0,Correct,0.5,67.28154667065033
Free,1,Sims Int_86,0.0,0.0,Error,-0.5,63.22223498048365
Free,1,Sims Int_86,0.0,0.0,Correct,0.5,69.40108872385721
Free,1,Sims Int_86,0.5,0.0,Error,-0.5,61.88632703839038
Free,1,Sims Int_86,0.5,0.0,Correct,0.5,71.5206307770641
Free,1,Sims Int_86,-0.5,1.0,Error,-0.5,67.99333464777001
Free,1,Sims Int_86,-0.5,1.0,Correct,0.5,68.0920661759165
Free,1,Sims Int_86,0.0,1.0,Error,-0.5,69.46462239029555
Free,1,Sims Int_86,0.0,1.0,Correct,0.5,72.1289821698457
Free,1,Sims Int_86,0.5,1.0,Error,-0.5,70.93591013282108
Free,1,Sims Int_86,0.5,1.0,Correct,0.5,76.16589816377488
Non-Free,0,Sims Int_86,-0.5,-1.0,Error,-0.5,46.10311405702852
Non-Free,0,Sims Int_86,-0.5,-1.0,Correct,0.5,49.00504220041154
Non-Free,0,Sims Int_86,0.0,-1.0,Error,-0.5,49.413039853259974
Non-Free,0,Sims Int_86,0.0,-1.0,Correct,0.5,53.49118474129467
Non-Free,0,Sims Int_86,0.5,-1.0,Error,-0.5,52.72296564949143
Non-Free,0,Sims Int_86,0.5,-1.0,Correct,0.5,57.9773272821778
Non-Free,0,Sims Int_86,-0.5,0.0,Error,-0.5,46.17547315324331
Non-Free,0,Sims Int_86,-0.5,0.0,Correct,0.5,44.959011037792564
Non-Free,0,Sims Int_86,0.0,0.0,Error,-0.5,44.45920877105222
Non-Free,0,Sims Int_86,0.0,0.0,Correct,0.5,53.11686120771142
Non-Free,0,Sims Int_86,0.5,0.0,Error,-0.5,42.742944388861126
Non-Free,0,Sims Int_86,0.5,0.0,Correct,0.5,61.27471137763028
Non-Free,0,Sims Int_86,-0.5,1.0,Error,-0.5,46.2478322494581
Non-Free,0,Sims Int_86,-0.5,1.0,Correct,0.5,40.91297987517359
Non-Free,0,Sims Int_86,0.0,1.0,Error,-0.5,39.50537768884446
Non-Free,0,Sims Int_86,0.0,1.0,Correct,0.5,52.74253767412818
Non-Free,0,Sims Int_86,0.5,1.0,Error,-0.5,32.762923128230824
Non-Free,0,Sims Int_86,0.5,1.0,Correct,0.5,64.57209547308277
Free,1,Sims Int_87,-0.5,-1.0,Error,-0.5,65.92698565912855
Free,1,Sims Int_87,-0.5,-1.0,Correct,0.5,71.4277195494354
Free,1,Sims Int_87,0.0,-1.0,Error,-0.5,49.61252068394924
Free,1,Sims Int_87,0.0,-1.0,Correct,0.5,81.60035343403193
Free,1,Sims Int_87,0.5,-1.0,Error,-0.5,33.29805570876994
Free,1,Sims Int_87,0.5,-1.0,Correct,0.5,91.77298731862845
Free,1,Sims Int_87,-0.5,0.0,Error,-0.5,69.00523993381137
Free,1,Sims Int_87,-0.5,0.0,Correct,0.5,76.30184472318147
Free,1,Sims Int_87,0.0,0.0,Error,-0.5,61.06632653061224
Free,1,Sims Int_87,0.0,0.0,Correct,0.5,85.10463694006233
Free,1,Sims Int_87,0.5,0.0,Error,-0.5,53.1274131274131
Free,1,Sims Int_87,0.5,0.0,Correct,0.5,93.9074291569432
Free,1,Sims Int_87,-0.5,1.0,Error,-0.5,72.08349420849419
Free,1,Sims Int_87,-0.5,1.0,Correct,0.5,81.17596989692755
Free,1,Sims Int_87,0.0,1.0,Error,-0.5,72.52013237727523
Free,1,Sims Int_87,0.0,1.0,Correct,0.5,88.60892044609274
Free,1,Sims Int_87,0.5,1.0,Error,-0.5,72.95677054605626
Free,1,Sims Int_87,0.5,1.0,Correct,0.5,96.04187099525792
Non-Free,0,Sims Int_87,-0.5,-1.0,Error,-0.5,45.422398912386726
Non-Free,0,Sims Int_87,-0.5,-1.0,Correct,0.5,57.22266684543863
Non-Free,0,Sims Int_87,0.0,-1.0,Error,-0.5,32.314191832193735
Non-Free,0,Sims Int_87,0.0,-1.0,Correct,0.5,73.7646358333701
Non-Free,0,Sims Int_87,0.5,-1.0,Error,-0.5,19.205984752000738
Non-Free,0,Sims Int_87,0.5,-1.0,Correct,0.5,90.30660482130155
Non-Free,0,Sims Int_87,-0.5,0.0,Error,-0.5,40.1935678042008
Non-Free,0,Sims Int_87,-0.5,0.0,Correct,0.5,64.45003864875362
Non-Free,0,Sims Int_87,0.0,0.0,Error,-0.5,26.78102381223376
Non-Free,0,Sims Int_87,0.0,0.0,Correct,0.5,78.53042107856933
Non-Free,0,Sims Int_87,0.5,0.0,Error,-0.5,13.368479820266712
Non-Free,0,Sims Int_87,0.5,0.0,Correct,0.5,92.61080350838505
Non-Free,0,Sims Int_87,-0.5,1.0,Error,-0.5,34.96473669601488
Non-Free,0,Sims Int_87,-0.5,1.0,Correct,0.5,71.67741045206861
Non-Free,0,Sims Int_87,0.0,1.0,Error,-0.5,21.247855792273782
Non-Free,0,Sims Int_87,0.0,1.0,Correct,0.5,83.29620632376857
Non-Free,0,Sims Int_87,0.5,1.0,Error,-0.5,7.530974888532683
Non-Free,0,Sims Int_87,0.5,1.0,Correct,0.5,94.91500219546855
Free,1,Sims Int_88,-0.5,-1.0,Error,-0.5,73.85555317975957
Free,1,Sims Int_88,-0.5,-1.0,Correct,0.5,67.12569522400544
Free,1,Sims Int_88,0.0,-1.0,Error,-0.5,67.99216330820713
Free,1,Sims Int_88,0.0,-1.0,Correct,0.5,78.35428822701103
Free,1,Sims Int_88,0.5,-1.0,Error,-0.5,62.12877343665468
Free,1,Sims Int_88,0.5,-1.0,Correct,0.5,89.58288123001661
Free,1,Sims Int_88,-0.5,0.0,Error,-0.5,70.63955081999306
Free,1,Sims Int_88,-0.5,0.0,Correct,0.5,73.91394736006698
Free,1,Sims Int_88,0.0,0.0,Error,-0.5,68.1254488966288
Free,1,Sims Int_88,0.0,0.0,Correct,0.5,82.44850105995481
Free,1,Sims Int_88,0.5,0.0,Error,-0.5,65.61134697326453
Free,1,Sims Int_88,0.5,0.0,Correct,0.5,90.98305475984263
Free,1,Sims Int_88,-0.5,1.0,Error,-0.5,67.42354846022656
Free,1,Sims Int_88,-0.5,1.0,Correct,0.5,80.70219949612853
Free,1,Sims Int_88,0.0,1.0,Error,-0.5,68.25873448505047
Free,1,Sims Int_88,0.0,1.0,Correct,0.5,86.54271389289859
Free,1,Sims Int_88,0.5,1.0,Error,-0.5,69.09392050987438
Free,1,Sims Int_88,0.5,1.0,Correct,0.5,92.38322828966865
Non-Free,0,Sims Int_88,-0.5,-1.0,Error,-0.5,46.22675460690484
Non-Free,0,Sims Int_88,-0.5,-1.0,Correct,0.5,51.788897287686545
Non-Free,0,Sims Int_88,0.0,-1.0,Error,-0.5,48.64487295134785
Non-Free,0,Sims Int_88,0.0,-1.0,Correct,0.5,65.78259732075257
Non-Free,0,Sims Int_88,0.5,-1.0,Error,-0.5,51.06299129579086
Non-Free,0,Sims Int_88,0.5,-1.0,Correct,0.5,79.7762973538186
Non-Free,0,Sims Int_88,-0.5,0.0,Error,-0.5,38.37728002249267
Non-Free,0,Sims Int_88,-0.5,0.0,Correct,0.5,54.12661740842778
Non-Free,0,Sims Int_88,0.0,0.0,Error,-0.5,44.08225360527641
Non-Free,0,Sims Int_88,0.0,0.0,Correct,0.5,67.27893033930765
Non-Free,0,Sims Int_88,0.5,0.0,Error,-0.5,49.78722718806014
Non-Free,0,Sims Int_88,0.5,0.0,Correct,0.5,80.43124327018752
Non-Free,0,Sims Int_88,-0.5,1.0,Error,-0.5,30.527805438080495
Non-Free,0,Sims Int_88,-0.5,1.0,Correct,0.5,56.46433752916901
Non-Free,0,Sims Int_88,0.0,1.0,Error,-0.5,39.51963425920496
Non-Free,0,Sims Int_88,0.0,1.0,Correct,0.5,68.77526335786273
Non-Free,0,Sims Int_88,0.5,1.0,Error,-0.5,48.51146308032943
Non-Free,0,Sims Int_88,0.5,1.0,Correct,0.5,81.08618918655644
Free,1,Sims Int_89,-0.5,-1.0,Error,-0.5,57.33456516256544
Free,1,Sims Int_89,-0.5,-1.0,Correct,0.5,57.929390024323766
Free,1,Sims Int_89,0.0,-1.0,Error,-0.5,54.565310968255574
Free,1,Sims Int_89,0.0,-1.0,Correct,0.5,62.549973816568816
Free,1,Sims Int_89,0.5,-1.0,Error,-0.5,51.796056773945715
Free,1,Sims Int_89,0.5,-1.0,Correct,0.5,67.17055760881387
Free,1,Sims Int_89,-0.5,0.0,Error,-0.5,60.42635874367148
Free,1,Sims Int_89,-0.5,0.0,Correct,0.5,58.55659950579975
Free,1,Sims Int_89,0.0,0.0,Error,-0.5,56.88613814673184
Free,1,Sims Int_89,0.0,0.0,Correct,0.5,65.469199412867
Free,1,Sims Int_89,0.5,0.0,Error,-0.5,53.3459175497922
Free,1,Sims Int_89,0.5,0.0,Correct,0.5,72.38179931993425
Free,1,Sims Int_89,-0.5,1.0,Error,-0.5,63.51815232477752
Free,1,Sims Int_89,-0.5,1.0,Correct,0.5,59.18380898727574
Free,1,Sims Int_89,0.0,1.0,Error,-0.5,59.2069653252081
Free,1,Sims Int_89,0.0,1.0,Correct,0.5,68.38842500916518
Free,1,Sims Int_89,0.5,1.0,Error,-0.5,54.89577832563869
Free,1,Sims Int_89,0.5,1.0,Correct,0.5,77.59304103105463
Non-Free,0,Sims Int_89,-0.5,-1.0,Error,-0.5,50.9801448400724
Non-Free,0,Sims Int_89,-0.5,-1.0,Correct,0.5,49.624879280705954
Non-Free,0,Sims Int_89,0.0,-1.0,Error,-0.5,35.94911486622409
Non-Free,0,Sims Int_89,0.0,-1.0,Correct,0.5,58.57298869592296
Non-Free,0,Sims Int_89,0.5,-1.0,Error,-0.5,20.918084892375795
Non-Free,0,Sims Int_89,0.5,-1.0,Correct,0.5,67.52109811113996
Non-Free,0,Sims Int_89,-0.5,0.0,Error,-0.5,46.42628243814118
Non-Free,0,Sims Int_89,-0.5,0.0,Correct,0.5,51.864103616413956
Non-Free,0,Sims Int_89,0.0,0.0,Error,-0.5,42.47448199557432
Non-Free,0,Sims Int_89,0.0,0.0,Correct,0.5,60.62964278246225
Non-Free,0,Sims Int_89,0.5,0.0,Error,-0.5,38.522681553007466
Non-Free,0,Sims Int_89,0.5,0.0,Correct,0.5,69.39518194851054
Non-Free,0,Sims Int_89,-0.5,1.0,Error,-0.5,41.87242003620996
Non-Free,0,Sims Int_89,-0.5,1.0,Correct,0.5,54.10332795212196
Non-Free,0,Sims Int_89,0.0,1.0,Error,-0.5,48.99984912492455
Non-Free,0,Sims Int_89,0.0,1.0,Correct,0.5,62.68629686900154
Non-Free,0,Sims Int_89,0.5,1.0,Error,-0.5,56.127278213639144
Non-Free,0,Sims Int_89,0.5,1.0,Correct,0.5,71.26926578588112
Free,1,Sims Int_9,-0.5,-1.0,Error,-0.5,61.02863482048564
Free,1,Sims Int_9,-0.5,-1.0,Correct,0.5,71.54557916567452
Free,1,Sims Int_9,0.0,-1.0,Error,-0.5,62.43866686610189
Free,1,Sims Int_9,0.0,-1.0,Correct,0.5,80.3204186373339
Free,1,Sims Int_9,0.5,-1.0,Error,-0.5,63.848698911718145
Free,1,Sims Int_9,0.5,-1.0,Correct,0.5,89.09525810899326
Free,1,Sims Int_9,-0.5,0.0,Error,-0.5,70.04083209819466
Free,1,Sims Int_9,-0.5,0.0,Correct,0.5,76.4030598291677
Free,1,Sims Int_9,0.0,0.0,Error,-0.5,66.59132094115299
Free,1,Sims Int_9,0.0,0.0,Correct,0.5,83.83430986081362
Free,1,Sims Int_9,0.5,0.0,Error,-0.5,63.14180978411132
Free,1,Sims Int_9,0.5,0.0,Correct,0.5,91.26555989245954
Free,1,Sims Int_9,-0.5,1.0,Error,-0.5,79.05302937590366
Free,1,Sims Int_9,-0.5,1.0,Correct,0.5,81.26054049266088
Free,1,Sims Int_9,0.0,1.0,Error,-0.5,70.74397501620408
Free,1,Sims Int_9,0.0,1.0,Correct,0.5,87.34820108429334
Free,1,Sims Int_9,0.5,1.0,Error,-0.5,62.43492065650449
Free,1,Sims Int_9,0.5,1.0,Correct,0.5,93.43586167592579
Non-Free,0,Sims Int_9,-0.5,-1.0,Error,-0.5,45.12789620018535
Non-Free,0,Sims Int_9,-0.5,-1.0,Correct,0.5,53.92286688032242
Non-Free,0,Sims Int_9,0.0,-1.0,Error,-0.5,37.97947085876158
Non-Free,0,Sims Int_9,0.0,-1.0,Correct,0.5,72.31496996096384
Non-Free,0,Sims Int_9,0.5,-1.0,Error,-0.5,30.83104551733782
Non-Free,0,Sims Int_9,0.5,-1.0,Correct,0.5,90.70707304160524
Non-Free,0,Sims Int_9,-0.5,0.0,Error,-0.5,41.788238585692554
Non-Free,0,Sims Int_9,-0.5,0.0,Correct,0.5,54.9212959332384
Non-Free,0,Sims Int_9,0.0,0.0,Error,-0.5,35.61847098116704
Non-Free,0,Sims Int_9,0.0,0.0,Correct,0.5,69.99073722791024
Non-Free,0,Sims Int_9,0.5,0.0,Error,-0.5,29.448703376641536
Non-Free,0,Sims Int_9,0.5,0.0,Correct,0.5,85.06017852258209
Non-Free,0,Sims Int_9,-0.5,1.0,Error,-0.5,38.44858097119976
Non-Free,0,Sims Int_9,-0.5,1.0,Correct,0.5,55.91972498615438
Non-Free,0,Sims Int_9,0.0,1.0,Error,-0.5,33.257471103572506
Non-Free,0,Sims Int_9,0.0,1.0,Correct,0.5,67.66650449485665
Non-Free,0,Sims Int_9,0.5,1.0,Error,-0.5,28.06636123594525
Non-Free,0,Sims Int_9,0.5,1.0,Correct,0.5,79.41328400355894
Free,1,Sims Int_90,-0.5,-1.0,Error,-0.5,54.894826772299986
Free,1,Sims Int_90,-0.5,-1.0,Correct,0.5,57.51333537995983
Free,1,Sims Int_90,0.0,-1.0,Error,-0.5,52.88037231640739
Free,1,Sims Int_90,0.0,-1.0,Correct,0.5,68.9939937860337
Free,1,Sims Int_90,0.5,-1.0,Error,-0.5,50.8659178605148
Free,1,Sims Int_90,0.5,-1.0,Correct,0.5,80.47465219210757
Free,1,Sims Int_90,-0.5,0.0,Error,-0.5,58.07815771109559
Free,1,Sims Int_90,-0.5,0.0,Correct,0.5,61.16019256876058
Free,1,Sims Int_90,0.0,0.0,Error,-0.5,54.812405073683365
Free,1,Sims Int_90,0.0,0.0,Correct,0.5,71.80916302707266
Free,1,Sims Int_90,0.5,0.0,Error,-0.5,51.54665243627114
Free,1,Sims Int_90,0.5,0.0,Correct,0.5,82.45813348538474
Free,1,Sims Int_90,-0.5,1.0,Error,-0.5,61.2614886498912
Free,1,Sims Int_90,-0.5,1.0,Correct,0.5,64.80704975756133
Free,1,Sims Int_90,0.0,1.0,Error,-0.5,56.74443783095934
Free,1,Sims Int_90,0.0,1.0,Correct,0.5,74.62433226811162
Free,1,Sims Int_90,0.5,1.0,Error,-0.5,52.22738701202748
Free,1,Sims Int_90,0.5,1.0,Correct,0.5,84.4416147786619
Non-Free,0,Sims Int_90,-0.5,-1.0,Error,-0.5,43.893583556447034
Non-Free,0,Sims Int_90,-0.5,-1.0,Correct,0.5,57.50931458769591
Non-Free,0,Sims Int_90,0.0,-1.0,Error,-0.5,36.02654368133478
Non-Free,0,Sims Int_90,0.0,-1.0,Correct,0.5,69.37646601590443
Non-Free,0,Sims Int_90,0.5,-1.0,Error,-0.5,28.159503806222535
Non-Free,0,Sims Int_90,0.5,-1.0,Correct,0.5,81.24361744411293
Non-Free,0,Sims Int_90,-0.5,0.0,Error,-0.5,44.63662114866504
Non-Free,0,Sims Int_90,-0.5,0.0,Correct,0.5,54.60901257945484
Non-Free,0,Sims Int_90,0.0,0.0,Error,-0.5,35.5487053807481
Non-Free,0,Sims Int_90,0.0,0.0,Correct,0.5,67.9293072737416
Non-Free,0,Sims Int_90,0.5,0.0,Error,-0.5,26.460789612831167
Non-Free,0,Sims Int_90,0.5,0.0,Correct,0.5,81.24960196802836
Non-Free,0,Sims Int_90,-0.5,1.0,Error,-0.5,45.37965874088305
Non-Free,0,Sims Int_90,-0.5,1.0,Correct,0.5,51.70871057121377
Non-Free,0,Sims Int_90,0.0,1.0,Error,-0.5,35.07086708016143
Non-Free,0,Sims Int_90,0.0,1.0,Correct,0.5,66.48214853157877
Non-Free,0,Sims Int_90,0.5,1.0,Error,-0.5,24.762075419439803
Non-Free,0,Sims Int_90,0.5,1.0,Correct,0.5,81.25558649194377
Free,1,Sims Int_91,-0.5,-1.0,Error,-0.5,63.28373941059622
Free,1,Sims Int_91,-0.5,-1.0,Correct,0.5,69.17938997163851
Free,1,Sims Int_91,0.0,-1.0,Error,-0.5,59.80218015625483
Free,1,Sims Int_91,0.0,-1.0,Correct,0.5,78.45043488021597
Free,1,Sims Int_91,0.5,-1.0,Error,-0.5,56.320620901913436
Free,1,Sims Int_91,0.5,-1.0,Correct,0.5,87.7214797887934
Free,1,Sims Int_91,-0.5,0.0,Error,-0.5,71.62901831207732
Free,1,Sims Int_91,-0.5,0.0,Correct,0.5,73.59190162577704
Free,1,Sims Int_91,0.0,0.0,Error,-0.5,67.58400755540458
Free,1,Sims Int_91,0.0,0.0,Correct,0.5,81.99824918656428
Free,1,Sims Int_91,0.5,0.0,Error,-0.5,63.538996798731844
Free,1,Sims Int_91,0.5,0.0,Correct,0.5,90.40459674735152
Free,1,Sims Int_91,-0.5,1.0,Error,-0.5,79.97429721355843
Free,1,Sims Int_91,-0.5,1.0,Correct,0.5,78.00441327991557
Free,1,Sims Int_91,0.0,1.0,Error,-0.5,75.36583495455434
Free,1,Sims Int_91,0.0,1.0,Correct,0.5,85.5460634929126
Free,1,Sims Int_91,0.5,1.0,Error,-0.5,70.75737269555026
Free,1,Sims Int_91,0.5,1.0,Correct,0.5,93.08771370590965
Non-Free,0,Sims Int_91,-0.5,-1.0,Error,-0.5,47.5978814775009
Non-Free,0,Sims Int_91,-0.5,-1.0,Correct,0.5,51.87355024168143
Non-Free,0,Sims Int_91,0.0,-1.0,Error,-0.5,42.31572907321468
Non-Free,0,Sims Int_91,0.0,-1.0,Correct,0.5,70.10210585654258
Non-Free,0,Sims Int_91,0.5,-1.0,Error,-0.5,37.033576668928475
Non-Free,0,Sims Int_91,0.5,-1.0,Correct,0.5,88.33066147140373
Non-Free,0,Sims Int_91,-0.5,0.0,Error,-0.5,45.1020165128172
Non-Free,0,Sims Int_91,-0.5,0.0,Correct,0.5,51.39819627958461
Non-Free,0,Sims Int_91,0.0,0.0,Error,-0.5,33.103649123126566
Non-Free,0,Sims Int_91,0.0,0.0,Correct,0.5,69.83235574043877
Non-Free,0,Sims Int_91,0.5,0.0,Error,-0.5,21.105281733435934
Non-Free,0,Sims Int_91,0.5,0.0,Correct,0.5,88.26651520129293
Non-Free,0,Sims Int_91,-0.5,1.0,Error,-0.5,42.606151548133504
Non-Free,0,Sims Int_91,-0.5,1.0,Correct,0.5,50.92284231748779
Non-Free,0,Sims Int_91,0.0,1.0,Error,-0.5,23.891569173038448
Non-Free,0,Sims Int_91,0.0,1.0,Correct,0.5,69.56260562433496
Non-Free,0,Sims Int_91,0.5,1.0,Error,-0.5,5.176986797943396
Non-Free,0,Sims Int_91,0.5,1.0,Correct,0.5,88.20236893118214
Free,1,Sims Int_92,-0.5,-1.0,Error,-0.5,51.933575916685164
Free,1,Sims Int_92,-0.5,-1.0,Correct,0.5,59.267212999858636
Free,1,Sims Int_92,0.0,-1.0,Error,-0.5,53.70503923480074
Free,1,Sims Int_92,0.0,-1.0,Correct,0.5,73.31105036843243
Free,1,Sims Int_92,0.5,-1.0,Error,-0.5,55.476502552916315
Free,1,Sims Int_92,0.5,-1.0,Correct,0.5,87.35488773700624
Free,1,Sims Int_92,-0.5,0.0,Error,-0.5,57.627197004063405
Free,1,Sims Int_92,-0.5,0.0,Correct,0.5,63.9319626641137
Free,1,Sims Int_92,0.0,0.0,Error,-0.5,55.55228893800609
Free,1,Sims Int_92,0.0,0.0,Correct,0.5,76.34845460768877
Free,1,Sims Int_92,0.5,0.0,Error,-0.5,53.47738087194878
Free,1,Sims Int_92,0.5,0.0,Correct,0.5,88.76494655126383
Free,1,Sims Int_92,-0.5,1.0,Error,-0.5,63.320818091441645
Free,1,Sims Int_92,-0.5,1.0,Correct,0.5,68.59671232836877
Free,1,Sims Int_92,0.0,1.0,Error,-0.5,57.39953864121144
Free,1,Sims Int_92,0.0,1.0,Correct,0.5,79.3858588469451
Free,1,Sims Int_92,0.5,1.0,Error,-0.5,51.47825919098124
Free,1,Sims Int_92,0.5,1.0,Correct,0.5,90.17500536552143
Non-Free,0,Sims Int_92,-0.5,-1.0,Error,-0.5,48.96929338059138
Non-Free,0,Sims Int_92,-0.5,-1.0,Correct,0.5,55.123215813751884
Non-Free,0,Sims Int_92,0.0,-1.0,Error,-0.5,30.26215891326893
Non-Free,0,Sims Int_92,0.0,-1.0,Correct,0.5,69.20791781575585
Non-Free,0,Sims Int_92,0.5,-1.0,Error,-0.5,11.555024445946477
Non-Free,0,Sims Int_92,0.5,-1.0,Correct,0.5,83.29261981775981
Non-Free,0,Sims Int_92,-0.5,0.0,Error,-0.5,41.9242820561767
Non-Free,0,Sims Int_92,-0.5,0.0,Correct,0.5,56.45706955801889
Non-Free,0,Sims Int_92,0.0,0.0,Error,-0.5,31.19276957180467
Non-Free,0,Sims Int_92,0.0,0.0,Correct,0.5,71.13089235267805
Non-Free,0,Sims Int_92,0.5,0.0,Error,-0.5,20.461257087432642
Non-Free,0,Sims Int_92,0.5,0.0,Correct,0.5,85.8047151473372
Non-Free,0,Sims Int_92,-0.5,1.0,Error,-0.5,34.87927073176202
Non-Free,0,Sims Int_92,-0.5,1.0,Correct,0.5,57.79092330228589
Non-Free,0,Sims Int_92,0.0,1.0,Error,-0.5,32.123380230340416
Non-Free,0,Sims Int_92,0.0,1.0,Correct,0.5,73.05386688960024
Non-Free,0,Sims Int_92,0.5,1.0,Error,-0.5,29.367489728918805
Non-Free,0,Sims Int_92,0.5,1.0,Correct,0.5,88.3168104769146
Free,1,Sims Int_93,-0.5,-1.0,Error,-0.5,61.0199692287967
Free,1,Sims Int_93,-0.5,-1.0,Correct,0.5,60.70470325234456
Free,1,Sims Int_93,0.0,-1.0,Error,-0.5,54.8939290980191
Free,1,Sims Int_93,0.0,-1.0,Correct,0.5,75.11310190449501
Free,1,Sims Int_93,0.5,-1.0,Error,-0.5,48.767888967241504
Free,1,Sims Int_93,0.5,-1.0,Correct,0.5,89.52150055664545
Free,1,Sims Int_93,-0.5,0.0,Error,-0.5,62.711541765497756
Free,1,Sims Int_93,-0.5,0.0,Correct,0.5,70.29268821964499
Free,1,Sims Int_93,0.0,0.0,Error,-0.5,55.715202256554896
Free,1,Sims Int_93,0.0,0.0,Correct,0.5,81.69921105698373
Free,1,Sims Int_93,0.5,0.0,Error,-0.5,48.718862747612036
Free,1,Sims Int_93,0.5,0.0,Correct,0.5,93.10573389432247
Free,1,Sims Int_93,-0.5,1.0,Error,-0.5,64.40311430219882
Free,1,Sims Int_93,-0.5,1.0,Correct,0.5,79.88067318694542
Free,1,Sims Int_93,0.0,1.0,Error,-0.5,56.53647541509069
Free,1,Sims Int_93,0.0,1.0,Correct,0.5,88.28532020947245
Free,1,Sims Int_93,0.5,1.0,Error,-0.5,48.669836527982575
Free,1,Sims Int_93,0.5,1.0,Correct,0.5,96.68996723199947
Non-Free,0,Sims Int_93,-0.5,-1.0,Error,-0.5,53.8378863134658
Non-Free,0,Sims Int_93,-0.5,-1.0,Correct,0.5,44.38533338952929
Non-Free,0,Sims Int_93,0.0,-1.0,Error,-0.5,35.0369226524028
Non-Free,0,Sims Int_93,0.0,-1.0,Correct,0.5,67.43852927108829
Non-Free,0,Sims Int_93,0.5,-1.0,Error,-0.5,16.235958991339803
Non-Free,0,Sims Int_93,0.5,-1.0,Correct,0.5,90.49172515264728
Non-Free,0,Sims Int_93,-0.5,0.0,Error,-0.5,47.075416029886256
Non-Free,0,Sims Int_93,-0.5,0.0,Correct,0.5,51.563679928911846
Non-Free,0,Sims Int_93,0.0,0.0,Error,-0.5,28.430506028188155
Non-Free,0,Sims Int_93,0.0,0.0,Correct,0.5,69.3231545585066
Non-Free,0,Sims Int_93,0.5,0.0,Error,-0.5,9.785596026490051
Non-Free,0,Sims Int_93,0.5,0.0,Correct,0.5,87.08262918810135
Non-Free,0,Sims Int_93,-0.5,1.0,Error,-0.5,40.31294574630671
Non-Free,0,Sims Int_93,-0.5,1.0,Correct,0.5,58.7420264682944
Non-Free,0,Sims Int_93,0.0,1.0,Error,-0.5,21.824089403973506
Non-Free,0,Sims Int_93,0.0,1.0,Correct,0.5,71.20777984592492
Non-Free,0,Sims Int_93,0.5,1.0,Error,-0.5,3.3352330616402988
Non-Free,0,Sims Int_93,0.5,1.0,Correct,0.5,83.67353322355542
Free,1,Sims Int_94,-0.5,-1.0,Error,-0.5,64.19905293421277
Free,1,Sims Int_94,-0.5,-1.0,Correct,0.5,71.88763263961701
Free,1,Sims Int_94,0.0,-1.0,Error,-0.5,52.09842719431771
Free,1,Sims Int_94,0.0,-1.0,Correct,0.5,82.8743536706956
Free,1,Sims Int_94,0.5,-1.0,Error,-0.5,39.99780145442264
Free,1,Sims Int_94,0.5,-1.0,Correct,0.5,93.86107470177417
Free,1,Sims Int_94,-0.5,0.0,Error,-0.5,69.13191273465253
Free,1,Sims Int_94,-0.5,0.0,Correct,0.5,76.4360527552
Free,1,Sims Int_94,0.0,0.0,Error,-0.5,57.24606798579412
Free,1,Sims Int_94,0.0,0.0,Correct,0.5,85.89734218042472
Free,1,Sims Int_94,0.5,0.0,Error,-0.5,45.36022323693571
Free,1,Sims Int_94,0.5,0.0,Correct,0.5,95.35863160564944
Free,1,Sims Int_94,-0.5,1.0,Error,-0.5,74.06477253509229
Free,1,Sims Int_94,-0.5,1.0,Correct,0.5,80.98447287078298
Free,1,Sims Int_94,0.0,1.0,Error,-0.5,62.39370877727053
Free,1,Sims Int_94,0.0,1.0,Correct,0.5,88.92033069015383
Free,1,Sims Int_94,0.5,1.0,Error,-0.5,50.72264501944878
Free,1,Sims Int_94,0.5,1.0,Correct,0.5,96.85618850952469
Non-Free,0,Sims Int_94,-0.5,-1.0,Error,-0.5,40.400689763285776
Non-Free,0,Sims Int_94,-0.5,-1.0,Correct,0.5,70.81007274859121
Non-Free,0,Sims Int_94,0.0,-1.0,Error,-0.5,31.215707791189857
Non-Free,0,Sims Int_94,0.0,-1.0,Correct,0.5,80.64844148392436
Non-Free,0,Sims Int_94,0.5,-1.0,Error,-0.5,22.03072581909394
Non-Free,0,Sims Int_94,0.5,-1.0,Correct,0.5,90.48681021925749
Non-Free,0,Sims Int_94,-0.5,0.0,Error,-0.5,34.844019438783505
Non-Free,0,Sims Int_94,-0.5,0.0,Correct,0.5,66.05824659003699
Non-Free,0,Sims Int_94,0.0,0.0,Error,-0.5,23.018968490359
Non-Free,0,Sims Int_94,0.0,0.0,Correct,0.5,80.14399824385202
Non-Free,0,Sims Int_94,0.5,0.0,Error,-0.5,11.1939175419345
Non-Free,0,Sims Int_94,0.5,0.0,Correct,0.5,94.22974989766706
Non-Free,0,Sims Int_94,-0.5,1.0,Error,-0.5,29.287349114281234
Non-Free,0,Sims Int_94,-0.5,1.0,Correct,0.5,61.30642043148276
Non-Free,0,Sims Int_94,0.0,1.0,Error,-0.5,14.822229189528144
Non-Free,0,Sims Int_94,0.0,1.0,Correct,0.5,79.63955500377969
Non-Free,0,Sims Int_94,0.5,1.0,Error,-0.5,0.3571092647750591
Non-Free,0,Sims Int_94,0.5,1.0,Correct,0.5,97.97268957607662
Free,1,Sims Int_95,-0.5,-1.0,Error,-0.5,72.07634400425822
Free,1,Sims Int_95,-0.5,-1.0,Correct,0.5,72.91276599416183
Free,1,Sims Int_95,0.0,-1.0,Error,-0.5,58.08159075355485
Free,1,Sims Int_95,0.0,-1.0,Correct,0.5,83.56165755479357
Free,1,Sims Int_95,0.5,-1.0,Error,-0.5,44.086837502851495
Free,1,Sims Int_95,0.5,-1.0,Correct,0.5,94.2105491154253
Free,1,Sims Int_95,-0.5,0.0,Error,-0.5,70.82993688692878
Free,1,Sims Int_95,-0.5,0.0,Correct,0.5,77.51795048767534
Free,1,Sims Int_95,0.0,0.0,Error,-0.5,65.06250475249033
Free,1,Sims Int_95,0.0,0.0,Correct,0.5,86.24483308035803
Free,1,Sims Int_95,0.5,0.0,Error,-0.5,59.29507261805188
Free,1,Sims Int_95,0.5,0.0,Correct,0.5,94.97171567304073
Free,1,Sims Int_95,-0.5,1.0,Error,-0.5,69.58352976959934
Free,1,Sims Int_95,-0.5,1.0,Correct,0.5,82.12313498118884
Free,1,Sims Int_95,0.0,1.0,Error,-0.5,72.0434187514258
Free,1,Sims Int_95,0.0,1.0,Correct,0.5,88.9280086059225
Free,1,Sims Int_95,0.5,1.0,Error,-0.5,74.50330773325227
Free,1,Sims Int_95,0.5,1.0,Correct,0.5,95.73288223065617
Non-Free,0,Sims Int_95,-0.5,-1.0,Error,-0.5,32.339195402298856
Non-Free,0,Sims Int_95,-0.5,-1.0,Correct,0.5,46.464187505530944
Non-Free,0,Sims Int_95,0.0,-1.0,Error,-0.5,20.69350574712644
Non-Free,0,Sims Int_95,0.0,-1.0,Correct,0.5,70.73523455090566
Non-Free,0,Sims Int_95,0.5,-1.0,Error,-0.5,9.047816091954028
Non-Free,0,Sims Int_95,0.5,-1.0,Correct,0.5,95.00628159628036
Non-Free,0,Sims Int_95,-0.5,0.0,Error,-0.5,31.700919540229897
Non-Free,0,Sims Int_95,-0.5,0.0,Correct,0.5,59.57978044304623
Non-Free,0,Sims Int_95,0.0,0.0,Error,-0.5,19.710804597701145
Non-Free,0,Sims Int_95,0.0,0.0,Correct,0.5,77.86813363233418
Non-Free,0,Sims Int_95,0.5,0.0,Error,-0.5,7.720689655172393
Non-Free,0,Sims Int_95,0.5,0.0,Correct,0.5,96.15648682162212
Non-Free,0,Sims Int_95,-0.5,1.0,Error,-0.5,31.06264367816094
Non-Free,0,Sims Int_95,-0.5,1.0,Correct,0.5,72.69537338056152
Non-Free,0,Sims Int_95,0.0,1.0,Error,-0.5,18.72810344827585
Non-Free,0,Sims Int_95,0.0,1.0,Correct,0.5,85.0010327137627
Non-Free,0,Sims Int_95,0.5,1.0,Error,-0.5,6.393563218390759
Non-Free,0,Sims Int_95,0.5,1.0,Correct,0.5,97.30669204696389
Free,1,Sims Int_96,-0.5,-1.0,Error,-0.5,62.28897550111363
Free,1,Sims Int_96,-0.5,-1.0,Correct,0.5,67.00143677046815
Free,1,Sims Int_96,0.0,-1.0,Error,-0.5,63.33853006681518
Free,1,Sims Int_96,0.0,-1.0,Correct,0.5,79.9812877896347
Free,1,Sims Int_96,0.5,-1.0,Error,-0.5,64.38808463251674
Free,1,Sims Int_96,0.5,-1.0,Correct,0.5,92.96113880880128
Free,1,Sims Int_96,-0.5,0.0,Error,-0.5,69.53897550111363
Free,1,Sims Int_96,-0.5,0.0,Correct,0.5,72.25176704665773
Free,1,Sims Int_96,0.0,0.0,Error,-0.5,69.1770601336303
Free,1,Sims Int_96,0.0,0.0,Correct,0.5,82.98156646016966
Free,1,Sims Int_96,0.5,0.0,Error,-0.5,68.81514476614699
Free,1,Sims Int_96,0.5,0.0,Correct,0.5,93.71136587368159
Free,1,Sims Int_96,-0.5,1.0,Error,-0.5,76.78897550111363
Free,1,Sims Int_96,-0.5,1.0,Correct,0.5,77.50209732284732
Free,1,Sims Int_96,0.0,1.0,Error,-0.5,75.01559020044543
Free,1,Sims Int_96,0.0,1.0,Correct,0.5,85.98184513070461
Free,1,Sims Int_96,0.5,1.0,Error,-0.5,73.24220489977724
Free,1,Sims Int_96,0.5,1.0,Correct,0.5,94.46159293856189
Non-Free,0,Sims Int_96,-0.5,-1.0,Error,-0.5,54.29409511038745
Non-Free,0,Sims Int_96,-0.5,-1.0,Correct,0.5,59.6246350927054
Non-Free,0,Sims Int_96,0.0,-1.0,Error,-0.5,34.63766973891012
Non-Free,0,Sims Int_96,0.0,-1.0,Correct,0.5,75.36950934960231
Non-Free,0,Sims Int_96,0.5,-1.0,Error,-0.5,14.981244367432792
Non-Free,0,Sims Int_96,0.5,-1.0,Correct,0.5,91.11438360649922
Non-Free,0,Sims Int_96,-0.5,0.0,Error,-0.5,49.97302680557793
Non-Free,0,Sims Int_96,-0.5,0.0,Correct,0.5,61.36815360104113
Non-Free,0,Sims Int_96,0.0,0.0,Error,-0.5,33.40458267846802
Non-Free,0,Sims Int_96,0.0,0.0,Correct,0.5,76.64467771100419
Non-Free,0,Sims Int_96,0.5,0.0,Error,-0.5,16.836138551358108
Non-Free,0,Sims Int_96,0.5,0.0,Correct,0.5,91.92120182096726
Non-Free,0,Sims Int_96,-0.5,1.0,Error,-0.5,45.65195850076841
Non-Free,0,Sims Int_96,-0.5,1.0,Correct,0.5,63.11167210937686
Non-Free,0,Sims Int_96,0.0,1.0,Error,-0.5,32.171495618025915
Non-Free,0,Sims Int_96,0.0,1.0,Correct,0.5,77.91984607240607
Non-Free,0,Sims Int_96,0.5,1.0,Error,-0.5,18.691032735283425
Non-Free,0,Sims Int_96,0.5,1.0,Correct,0.5,92.72802003543529
Free,1,Sims Int_97,-0.5,-1.0,Error,-0.5,68.44849640933568
Free,1,Sims Int_97,-0.5,-1.0,Correct,0.5,71.86276591077491
Free,1,Sims Int_97,0.0,-1.0,Error,-0.5,56.279342459605004
Free,1,Sims Int_97,0.0,-1.0,Correct,0.5,80.48303426316323
Free,1,Sims Int_97,0.5,-1.0,Error,-0.5,44.11018850987434
Free,1,Sims Int_97,0.5,-1.0,Correct,0.5,89.10330261555156
Free,1,Sims Int_97,-0.5,0.0,Error,-0.5,68.53411131059242
Free,1,Sims Int_97,-0.5,0.0,Correct,0.5,74.40110003073885
Free,1,Sims Int_97,0.0,0.0,Error,-0.5,59.0020197486535
Free,1,Sims Int_97,0.0,0.0,Correct,0.5,83.19460347509127
Free,1,Sims Int_97,0.5,0.0,Error,-0.5,49.46992818671458
Free,1,Sims Int_97,0.5,0.0,Correct,0.5,91.9881069194437
Free,1,Sims Int_97,-0.5,1.0,Error,-0.5,68.61972621184917
Free,1,Sims Int_97,-0.5,1.0,Correct,0.5,76.93943415070278
Free,1,Sims Int_97,0.0,1.0,Error,-0.5,61.724697037702
Free,1,Sims Int_97,0.0,1.0,Correct,0.5,85.9061726870193
Free,1,Sims Int_97,0.5,1.0,Error,-0.5,54.82966786355482
Free,1,Sims Int_97,0.5,1.0,Correct,0.5,94.87291122333583
Non-Free,0,Sims Int_97,-0.5,-1.0,Error,-0.5,58.10649515696913
Non-Free,0,Sims Int_97,-0.5,-1.0,Correct,0.5,57.1800707995524
Non-Free,0,Sims Int_97,0.0,-1.0,Error,-0.5,32.784815724393724
Non-Free,0,Sims Int_97,0.0,-1.0,Correct,0.5,72.97950458637075
Non-Free,0,Sims Int_97,0.5,-1.0,Error,-0.5,7.463136291818314
Non-Free,0,Sims Int_97,0.5,-1.0,Correct,0.5,88.77893837318912
Non-Free,0,Sims Int_97,-0.5,0.0,Error,-0.5,48.5800817476128
Non-Free,0,Sims Int_97,-0.5,0.0,Correct,0.5,56.60628175799358
Non-Free,0,Sims Int_97,0.0,0.0,Error,-0.5,28.253263034965947
Non-Free,0,Sims Int_97,0.0,0.0,Correct,0.5,74.9355893581671
Non-Free,0,Sims Int_97,0.5,0.0,Error,-0.5,7.926444322319092
Non-Free,0,Sims Int_97,0.5,0.0,Correct,0.5,93.26489695834064
Non-Free,0,Sims Int_97,-0.5,1.0,Error,-0.5,39.05366833825647
Non-Free,0,Sims Int_97,-0.5,1.0,Correct,0.5,56.03249271643476
Non-Free,0,Sims Int_97,0.0,1.0,Error,-0.5,23.72171034553817
Non-Free,0,Sims Int_97,0.0,1.0,Correct,0.5,76.89167412996346
Non-Free,0,Sims Int_97,0.5,1.0,Error,-0.5,8.389752352819873
Non-Free,0,Sims Int_97,0.5,1.0,Correct,0.5,97.75085554349216
Free,1,Sims Int_98,-0.5,-1.0,Error,-0.5,58.737123660940924
Free,1,Sims Int_98,-0.5,-1.0,Correct,0.5,60.505838337518234
Free,1,Sims Int_98,0.0,-1.0,Error,-0.5,55.334130312825636
Free,1,Sims Int_98,0.0,-1.0,Correct,0.5,71.25982207987384
Free,1,Sims Int_98,0.5,-1.0,Error,-0.5,51.93113696471034
Free,1,Sims Int_98,0.5,-1.0,Correct,0.5,82.01380582222944
Free,1,Sims Int_98,-0.5,0.0,Error,-0.5,60.25847848155372
Free,1,Sims Int_98,-0.5,0.0,Correct,0.5,61.91914465904105
Free,1,Sims Int_98,0.0,0.0,Error,-0.5,57.00832821307406
Free,1,Sims Int_98,0.0,0.0,Correct,0.5,73.90608634011325
Free,1,Sims Int_98,0.5,0.0,Error,-0.5,53.758177944594394
Free,1,Sims Int_98,0.5,0.0,Correct,0.5,85.89302802118544
Free,1,Sims Int_98,-0.5,1.0,Error,-0.5,61.77983330216652
Free,1,Sims Int_98,-0.5,1.0,Correct,0.5,63.33245098056387
Free,1,Sims Int_98,0.0,1.0,Error,-0.5,58.68252611332248
Free,1,Sims Int_98,0.0,1.0,Correct,0.5,76.55235060035265
Free,1,Sims Int_98,0.5,1.0,Error,-0.5,55.58521892447844
Free,1,Sims Int_98,0.5,1.0,Correct,0.5,89.77225022014144
Non-Free,0,Sims Int_98,-0.5,-1.0,Error,-0.5,49.57481353744093
Non-Free,0,Sims Int_98,-0.5,-1.0,Correct,0.5,51.0197683876288
Non-Free,0,Sims Int_98,0.0,-1.0,Error,-0.5,36.602100913584096
Non-Free,0,Sims Int_98,0.0,-1.0,Correct,0.5,67.22397577424182
Non-Free,0,Sims Int_98,0.5,-1.0,Error,-0.5,23.629388289727252
Non-Free,0,Sims Int_98,0.5,-1.0,Correct,0.5,83.42818316085484
Non-Free,0,Sims Int_98,-0.5,0.0,Error,-0.5,45.120959192615956
Non-Free,0,Sims Int_98,-0.5,0.0,Correct,0.5,53.37387130519345
Non-Free,0,Sims Int_98,0.0,0.0,Error,-0.5,34.49395027350985
Non-Free,0,Sims Int_98,0.0,0.0,Correct,0.5,69.61930029162617
Non-Free,0,Sims Int_98,0.5,0.0,Error,-0.5,23.86694135440375
Non-Free,0,Sims Int_98,0.5,0.0,Correct,0.5,85.8647292780589
Non-Free,0,Sims Int_98,-0.5,1.0,Error,-0.5,40.66710484779098
Non-Free,0,Sims Int_98,-0.5,1.0,Correct,0.5,55.72797422275809
Non-Free,0,Sims Int_98,0.0,1.0,Error,-0.5,32.38579963343561
Non-Free,0,Sims Int_98,0.0,1.0,Correct,0.5,72.01462480901053
Non-Free,0,Sims Int_98,0.5,1.0,Error,-0.5,24.104494419080243
Non-Free,0,Sims Int_98,0.5,1.0,Correct,0.5,88.30127539526296
Free,1,Sims Int_99,-0.5,-1.0,Error,-0.5,60.35171274038467
Free,1,Sims Int_99,-0.5,-1.0,Correct,0.5,66.57445054960681
Free,1,Sims Int_99,0.0,-1.0,Error,-0.5,59.85186298076928
Free,1,Sims Int_99,0.0,-1.0,Correct,0.5,76.8845965576223
Free,1,Sims Int_99,0.5,-1.0,Error,-0.5,59.352013221153896
Free,1,Sims Int_99,0.5,-1.0,Correct,0.5,87.19474256563781
Free,1,Sims Int_99,-0.5,0.0,Error,-0.5,62.11448317307699
Free,1,Sims Int_99,-0.5,0.0,Correct,0.5,68.09295971281551
Free,1,Sims Int_99,0.0,0.0,Error,-0.5,60.019531250000014
Free,1,Sims Int_99,0.0,0.0,Correct,0.5,78.85563425599138
Free,1,Sims Int_99,0.5,0.0,Error,-0.5,57.92457932692304
Free,1,Sims Int_99,0.5,0.0,Correct,0.5,89.61830879916724
Free,1,Sims Int_99,-0.5,1.0,Error,-0.5,63.87725360576931
Free,1,Sims Int_99,-0.5,1.0,Correct,0.5,69.61146887602422
Free,1,Sims Int_99,0.0,1.0,Error,-0.5,60.187199519230745
Free,1,Sims Int_99,0.0,1.0,Correct,0.5,80.82667195436045
Free,1,Sims Int_99,0.5,1.0,Error,-0.5,56.49714543269218
Free,1,Sims Int_99,0.5,1.0,Correct,0.5,92.04187503269667
Non-Free,0,Sims Int_99,-0.5,-1.0,Error,-0.5,39.20136882575482
Non-Free,0,Sims Int_99,-0.5,-1.0,Correct,0.5,54.66979071573
Non-Free,0,Sims Int_99,0.0,-1.0,Error,-0.5,30.41767766235073
Non-Free,0,Sims Int_99,0.0,-1.0,Correct,0.5,71.4577684045003
Non-Free,0,Sims Int_99,0.5,-1.0,Error,-0.5,21.633986498946644
Non-Free,0,Sims Int_99,0.5,-1.0,Correct,0.5,88.24574609327061
Non-Free,0,Sims Int_99,-0.5,0.0,Error,-0.5,40.42307584842608
Non-Free,0,Sims Int_99,-0.5,0.0,Correct,0.5,55.03881888828437
Non-Free,0,Sims Int_99,0.0,0.0,Error,-0.5,29.484294407903924
Non-Free,0,Sims Int_99,0.0,0.0,Correct,0.5,72.58237454855463
Non-Free,0,Sims Int_99,0.5,0.0,Error,-0.5,18.54551296738177
Non-Free,0,Sims Int_99,0.5,0.0,Correct,0.5,90.12593020882488
Non-Free,0,Sims Int_99,-0.5,1.0,Error,-0.5,41.64478287109734
Non-Free,0,Sims Int_99,-0.5,1.0,Correct,0.5,55.40784706083873
Non-Free,0,Sims Int_99,0.0,1.0,Error,-0.5,28.55091115345712
Non-Free,0,Sims Int_99,0.0,1.0,Correct,0.5,73.70698069260895
Non-Free,0,Sims Int_99,0.5,1.0,Error,-0.5,15.457039435816899
Non-Free,0,Sims Int_99,0.5,1.0,Correct,0.5,92.00611432437917
