boot_iter,fit_model,expected_frequency,exceedance_probability,protected_exceedance_probability,generative_model
0,bel_bias_v,0.5167671213686809,0.6260451434058506,0.5099368916485026,bel_bias_v
0,pe_wt_v,0.4832328786313192,0.3739548565941495,0.49006310835149736,bel_bias_v
1,bel_bias_v,0.609029556059166,0.9820610792945937,0.5773470048886223,bel_bias_v
1,pe_wt_v,0.39097044394083413,0.01793892070540612,0.4226529951113776,bel_bias_v
2,bel_bias_v,0.3824989400650941,0.011821736618637503,0.4190645944641443,bel_bias_v
2,pe_wt_v,0.6175010599349059,0.9881782633813626,0.5809354055358558,bel_bias_v
3,bel_bias_v,0.6740230718283421,0.9996260497238281,0.6715918143325689,bel_bias_v
3,pe_wt_v,0.3259769281716579,0.00037395027617197186,0.32840818566743113,bel_bias_v
4,bel_bias_v,0.6793246617533489,0.9997460079500639,0.7579494263586243,bel_bias_v
4,pe_wt_v,0.32067533824665106,0.00025399204993621643,0.24205057364137575,bel_bias_v
5,bel_bias_v,0.488359012113799,0.41171848888575896,0.4931077031842191,bel_bias_v
5,pe_wt_v,0.5116409878862009,0.5882815111142411,0.506892296815781,bel_bias_v
6,bel_bias_v,0.5988251389018977,0.9713169179743991,0.5717417400633436,bel_bias_v
6,pe_wt_v,0.40117486109810224,0.028683082025601003,0.42825825993665645,bel_bias_v
7,bel_bias_v,0.5876547178135069,0.9539545590512158,0.5565174416522184,bel_bias_v
7,pe_wt_v,0.412345282186493,0.0460454409487841,0.4434825583477816,bel_bias_v
8,bel_bias_v,0.5779812928703173,0.9329000289250164,0.5479608759157895,bel_bias_v
8,pe_wt_v,0.42201870712968265,0.06709997107498362,0.45203912408421054,bel_bias_v
9,bel_bias_v,0.7948342867422309,0.9999999999989531,0.9696500356148543,bel_bias_v
9,pe_wt_v,0.20516571325776914,1.0469541585796064e-12,0.030349964385145662,bel_bias_v
10,bel_bias_v,0.5295885670931004,0.7147368757270585,0.5176249184330923,bel_bias_v
10,pe_wt_v,0.47041143290689963,0.28526312427294154,0.48237508156690767,bel_bias_v
11,bel_bias_v,0.447900810790824,0.15878070345318765,0.4685242462919734,bel_bias_v
11,pe_wt_v,0.552099189209176,0.8412192965468124,0.5314757537080266,bel_bias_v
12,bel_bias_v,0.4168147061347066,0.0550039753884289,0.44592561262361924,bel_bias_v
12,pe_wt_v,0.5831852938652933,0.9449960246115711,0.5540743873763807,bel_bias_v
13,bel_bias_v,0.500689700520263,0.505273506990919,0.5004080950830975,bel_bias_v
13,pe_wt_v,0.4993102994797371,0.49472649300908106,0.4995919049169025,bel_bias_v
14,bel_bias_v,0.6226594941096136,0.9909423039650038,0.5918573535018807,bel_bias_v
14,pe_wt_v,0.3773405058903863,0.009057696034996262,0.40814264649811927,bel_bias_v
15,bel_bias_v,0.5311860421444327,0.7250545004858348,0.5184896511228,bel_bias_v
15,pe_wt_v,0.46881395785556745,0.2749454995141653,0.4815103488772,bel_bias_v
16,bel_bias_v,0.5544463172129208,0.8518958264587632,0.5329573183008626,bel_bias_v
16,pe_wt_v,0.4455536827870792,0.14810417354123684,0.46704268169913743,bel_bias_v
17,bel_bias_v,0.6104983120773938,0.9832823406320198,0.577429734257753,bel_bias_v
17,pe_wt_v,0.38950168792260614,0.016717659367980187,0.42257026574224693,bel_bias_v
18,bel_bias_v,0.5159714739745286,0.6202520736154307,0.509492323095138,bel_bias_v
18,pe_wt_v,0.48402852602547153,0.3797479263845694,0.49050767690486197,bel_bias_v
19,bel_bias_v,0.6608573521232229,0.9990686274794965,0.6443238302904211,bel_bias_v
19,pe_wt_v,0.33914264787677706,0.0009313725205034975,0.35567616970957894,bel_bias_v
20,bel_bias_v,0.525999261751178,0.6909088028128293,0.5154506502130454,bel_bias_v
20,pe_wt_v,0.474000738248822,0.30909119718717076,0.4845493497869547,bel_bias_v
21,bel_bias_v,0.6302657827166425,0.9939892757956548,0.5939726487032742,bel_bias_v
21,pe_wt_v,0.36973421728335754,0.006010724204345133,0.4060273512967258,bel_bias_v
22,bel_bias_v,0.5389719830470098,0.7725711204558067,0.5233216604713906,bel_bias_v
22,pe_wt_v,0.46102801695299034,0.22742887954419327,0.47667833952860944,bel_bias_v
23,bel_bias_v,0.4782538706685481,0.33838930809832724,0.48707093914499866,bel_bias_v
23,pe_wt_v,0.5217461293314519,0.6616106919016728,0.5129290608550013,bel_bias_v
24,bel_bias_v,0.3167107150649944,0.00018879268347207054,0.24256292627693155,bel_bias_v
24,pe_wt_v,0.6832892849350056,0.9998112073165278,0.7574370737230685,bel_bias_v
25,bel_bias_v,0.6938388872866909,0.9999168998184954,0.7688620828222251,bel_bias_v
25,pe_wt_v,0.30616111271330915,8.310018150457968e-05,0.23113791717777496,bel_bias_v
26,bel_bias_v,0.7061291394558857,0.9999698671338346,0.8359224701334329,bel_bias_v
26,pe_wt_v,0.2938708605441142,3.013286616548742e-05,0.16407752986656726,bel_bias_v
27,bel_bias_v,0.41663286880691097,0.054614559150404245,0.44579688148642765,bel_bias_v
27,pe_wt_v,0.583367131193089,0.9453854408495957,0.5542031185135724,bel_bias_v
28,bel_bias_v,0.6313836358992537,0.9943507738482276,0.6163226859045472,bel_bias_v
28,pe_wt_v,0.3686163641007462,0.005649226151772497,0.3836773140954528,bel_bias_v
29,bel_bias_v,0.4142175327881928,0.04964504777644386,0.44676575777614697,bel_bias_v
29,pe_wt_v,0.5857824672118072,0.9503549522235561,0.553234242223853,bel_bias_v
30,bel_bias_v,0.6612399513409214,0.9990921352845232,0.6564674148433229,bel_bias_v
30,pe_wt_v,0.33876004865907866,0.0009078647154767313,0.343532585156677,bel_bias_v
31,bel_bias_v,0.6536446797816949,0.9985077424685188,0.6321867434709416,bel_bias_v
31,pe_wt_v,0.3463553202183051,0.0014922575314812103,0.36781325652905844,bel_bias_v
32,bel_bias_v,0.6063019759033607,0.9795920165227837,0.5794454814440926,bel_bias_v
32,pe_wt_v,0.3936980240966393,0.020407983477216295,0.4205545185559074,bel_bias_v
33,bel_bias_v,0.5807306226219934,0.9395230548409071,0.5542902860774496,bel_bias_v
33,pe_wt_v,0.41926937737800657,0.0604769451590928,0.4457097139225504,bel_bias_v
34,bel_bias_v,0.6143826422634654,0.9861764144912226,0.5812796392134204,bel_bias_v
34,pe_wt_v,0.3856173577365346,0.013823585508777403,0.4187203607865796,bel_bias_v
35,bel_bias_v,0.5300075351265039,0.7174605406517331,0.5179014314462462,bel_bias_v
35,pe_wt_v,0.4699924648734962,0.282539459348267,0.4820985685537538,bel_bias_v
36,bel_bias_v,0.5734368727367702,0.9207487778581108,0.5480974340084392,bel_bias_v
36,pe_wt_v,0.4265631272632297,0.07925122214188912,0.4519025659915607,bel_bias_v
37,bel_bias_v,0.5845540693321188,0.9478743403682584,0.5546420374918932,bel_bias_v
37,pe_wt_v,0.41544593066788116,0.052125659631741594,0.4453579625081068,bel_bias_v
38,bel_bias_v,0.5775731414809222,0.9318709909896555,0.5478359968636892,bel_bias_v
38,pe_wt_v,0.42242685851907785,0.06812900901034454,0.4521640031363108,bel_bias_v
39,bel_bias_v,0.5791635118596656,0.9358132511025157,0.5515129546334236,bel_bias_v
39,pe_wt_v,0.42083648814033425,0.06418674889748441,0.4484870453665763,bel_bias_v
40,bel_bias_v,0.5511846454397825,0.8369267031221101,0.5317857699953222,bel_bias_v
40,pe_wt_v,0.4488153545602174,0.16307329687788985,0.46821423000467777,bel_bias_v
41,bel_bias_v,0.6733234917752151,0.9996067959354246,0.7289046040739421,bel_bias_v
41,pe_wt_v,0.32667650822478494,0.00039320406457544696,0.2710953959260579,bel_bias_v
42,bel_bias_v,0.5254309205343318,0.6870577466326893,0.5151466766778862,bel_bias_v
42,pe_wt_v,0.47456907946566806,0.3129422533673108,0.4848533233221139,bel_bias_v
43,bel_bias_v,0.49701970745409246,0.47722409544301225,0.4982362279027173,bel_bias_v
43,pe_wt_v,0.5029802925459076,0.5227759045569877,0.5017637720972826,bel_bias_v
44,bel_bias_v,0.6081171185081785,0.9812649331105336,0.5727887858595792,bel_bias_v
44,pe_wt_v,0.39188288149182143,0.018735066889466384,0.42721121414042085,bel_bias_v
45,bel_bias_v,0.353706346011687,0.002363951414513336,0.3731648936673052,bel_bias_v
45,pe_wt_v,0.646293653988313,0.9976360485854867,0.6268351063326948,bel_bias_v
46,bel_bias_v,0.572357031319044,0.9176316136184892,0.5449224878579771,bel_bias_v
46,pe_wt_v,0.427642968680956,0.08236838638151081,0.4550775121420229,bel_bias_v
47,bel_bias_v,0.41030582928182335,0.042364859861201476,0.43774154121747194,bel_bias_v
47,pe_wt_v,0.5896941707181766,0.9576351401387986,0.5622584587825281,bel_bias_v
48,bel_bias_v,0.5503501574279726,0.8329450369517488,0.5305661395787795,bel_bias_v
48,pe_wt_v,0.44964984257202745,0.16705496304825115,0.46943386042122054,bel_bias_v
49,bel_bias_v,0.5555478834303844,0.8567379387519236,0.5333678500861585,bel_bias_v
49,pe_wt_v,0.44445211656961564,0.14326206124807636,0.4666321499138415,bel_bias_v
50,bel_bias_v,0.5955220012497979,0.9668637805178014,0.5608925336051507,bel_bias_v
50,pe_wt_v,0.404477998750202,0.03313621948219856,0.43910746639484927,bel_bias_v
51,bel_bias_v,0.5819771404496515,0.9423530230332631,0.5503514322040277,bel_bias_v
51,pe_wt_v,0.41802285955034846,0.057646976966737,0.4496485677959723,bel_bias_v
52,bel_bias_v,0.5000088045162169,0.50006732200568,0.5000052094498649,bel_bias_v
52,pe_wt_v,0.4999911954837831,0.49993267799431995,0.49999479055013507,bel_bias_v
53,bel_bias_v,0.5752963700729875,0.9259071884380675,0.547450899628221,bel_bias_v
53,pe_wt_v,0.42470362992701255,0.07409281156193245,0.4525491003717789,bel_bias_v
54,bel_bias_v,0.4267109479347249,0.07967260947823045,0.45497612773051216,bel_bias_v
54,pe_wt_v,0.5732890520652751,0.9203273905217696,0.5450238722694878,bel_bias_v
55,bel_bias_v,0.4985002992981891,0.48853440288076444,0.4991125769405456,bel_bias_v
55,pe_wt_v,0.5014997007018108,0.5114655971192356,0.5008874230594543,bel_bias_v
56,bel_bias_v,0.505228974017893,0.5399158629136948,0.5030956075407464,bel_bias_v
56,pe_wt_v,0.494771025982107,0.4600841370863052,0.49690439245925355,bel_bias_v
57,bel_bias_v,0.41304472024773387,0.04736499110736756,0.44349039844521515,bel_bias_v
57,pe_wt_v,0.5869552797522661,0.9526350088926324,0.5565096015547848,bel_bias_v
58,bel_bias_v,0.6287798262673965,0.9934772549355357,0.5966067189118195,bel_bias_v
58,pe_wt_v,0.3712201737326035,0.006522745064464267,0.4033932810881805,bel_bias_v
59,bel_bias_v,0.5015438843679928,0.5118032959664544,0.5009135743361152,bel_bias_v
59,pe_wt_v,0.4984561156320071,0.48819670403354554,0.49908642566388484,bel_bias_v
60,bel_bias_v,0.556324474881897,0.8600869627798082,0.5340817333746557,bel_bias_v
60,pe_wt_v,0.44367552511810293,0.13991303722019166,0.46591826662534425,bel_bias_v
61,bel_bias_v,0.5718261835179888,0.916065969254414,0.5455860482252525,bel_bias_v
61,pe_wt_v,0.4281738164820113,0.0839340307455861,0.4544139517747475,bel_bias_v
62,bel_bias_v,0.4823597218850696,0.36762991446793025,0.48953899117711713,bel_bias_v
62,pe_wt_v,0.5176402781149304,0.6323700855320697,0.5104610088228828,bel_bias_v
63,bel_bias_v,0.49989059187559126,0.49916343284983133,0.4999352654264096,bel_bias_v
63,pe_wt_v,0.5001094081244088,0.5008365671501687,0.5000647345735905,bel_bias_v
64,bel_bias_v,0.3611435709105447,0.0036882420474406755,0.3743854312076033,bel_bias_v
64,pe_wt_v,0.6388564290894552,0.9963117579525593,0.6256145687923966,bel_bias_v
65,bel_bias_v,0.5001374358250109,0.5010508748655628,0.5000813180360962,bel_bias_v
65,pe_wt_v,0.4998625641749891,0.49894912513443734,0.49991868196390377,bel_bias_v
66,bel_bias_v,0.48822403545215465,0.41071194113147674,0.4930210311891553,bel_bias_v
66,pe_wt_v,0.5117759645478455,0.5892880588685233,0.5069789688108447,bel_bias_v
67,bel_bias_v,0.5602429883864083,0.8761751112674189,0.5365501745176358,bel_bias_v
67,pe_wt_v,0.43975701161359176,0.12382488873258107,0.4634498254823643,bel_bias_v
68,bel_bias_v,0.5741940673617177,0.9228810142041242,0.5470758711259955,bel_bias_v
68,pe_wt_v,0.4258059326382822,0.07711898579587582,0.4529241288740044,bel_bias_v
69,bel_bias_v,0.5744032543410066,0.9234623663811868,0.5473052531418815,bel_bias_v
69,pe_wt_v,0.42559674565899347,0.07653763361881313,0.4526947468581185,bel_bias_v
70,bel_bias_v,0.6260759589088603,0.9924465682226759,0.6057276022448013,bel_bias_v
70,pe_wt_v,0.3739240410911397,0.007553431777324199,0.3942723977551987,bel_bias_v
71,bel_bias_v,0.6495099583230136,0.9980621816860445,0.6213383525051714,bel_bias_v
71,pe_wt_v,0.35049004167698644,0.0019378183139555027,0.37866164749482856,bel_bias_v
72,bel_bias_v,0.6447753662447661,0.9974069958182054,0.6302676698080802,bel_bias_v
72,pe_wt_v,0.355224633755234,0.0025930041817945064,0.3697323301919197,bel_bias_v
73,bel_bias_v,0.46836616135337605,0.2720864798740093,0.4811343035216516,bel_bias_v
73,pe_wt_v,0.5316338386466238,0.7279135201259908,0.5188656964783485,bel_bias_v
74,bel_bias_v,0.42135565854567136,0.06545381615098847,0.449767255556065,bel_bias_v
74,pe_wt_v,0.5786443414543287,0.9345461838490116,0.550232744443935,bel_bias_v
75,bel_bias_v,0.6302193834198547,0.9939738399082041,0.6007511506108694,bel_bias_v
75,pe_wt_v,0.3697806165801454,0.006026160091795907,0.39924884938913063,bel_bias_v
76,bel_bias_v,0.6489673661325105,0.9979955517857865,0.6442118359031945,bel_bias_v
76,pe_wt_v,0.35103263386748956,0.002004448214213487,0.35578816409680536,bel_bias_v
77,bel_bias_v,0.6002969725197365,0.9731353590208426,0.5666960901565171,bel_bias_v
77,pe_wt_v,0.39970302748026365,0.026864640979157486,0.43330390984348294,bel_bias_v
78,bel_bias_v,0.6916372868370984,0.9999010037658702,0.7516283849310273,bel_bias_v
78,pe_wt_v,0.3083627131629017,9.899623412978235e-05,0.24837161506897268,bel_bias_v
79,bel_bias_v,0.5673438492779711,0.901950615827403,0.5416753100660486,bel_bias_v
79,pe_wt_v,0.4326561507220288,0.098049384172597,0.45832468993395137,bel_bias_v
80,bel_bias_v,0.45639660493831125,0.2015032293633786,0.47372597432163766,bel_bias_v
80,pe_wt_v,0.5436033950616888,0.7984967706366214,0.5262740256783623,bel_bias_v
81,bel_bias_v,0.737003905828832,0.9999999993206298,0.830017117301546,bel_bias_v
81,pe_wt_v,0.26299609417116804,6.793702506418549e-10,0.1699828826984539,bel_bias_v
82,bel_bias_v,0.5557087807779371,0.8574361871685686,0.5337360365106575,bel_bias_v
82,pe_wt_v,0.44429121922206294,0.14256381283143144,0.46626396348934257,bel_bias_v
83,bel_bias_v,0.5120604236886991,0.5914074058788734,0.5071482181579815,bel_bias_v
83,pe_wt_v,0.48793957631130086,0.40859259412112664,0.4928517818420185,bel_bias_v
84,bel_bias_v,0.6194812655860501,0.9893152146436002,0.6000351328401385,bel_bias_v
84,pe_wt_v,0.38051873441394984,0.010684785356399844,0.3999648671598615,bel_bias_v
85,bel_bias_v,0.49644187999688855,0.47281449029346934,0.49789414678649635,bel_bias_v
85,pe_wt_v,0.5035581200031115,0.5271855097065306,0.5021058532135037,bel_bias_v
86,bel_bias_v,0.7326528752286252,0.9999999989654644,0.8878244951210172,bel_bias_v
86,pe_wt_v,0.2673471247713748,1.0345356348130015e-09,0.1121755048789828,bel_bias_v
87,bel_bias_v,0.5780791235714404,0.933144896447832,0.5509645804645553,bel_bias_v
87,pe_wt_v,0.4219208764285596,0.06685510355216788,0.4490354195354447,bel_bias_v
88,bel_bias_v,0.5780646219071741,0.9331086426454602,0.5490781356243608,bel_bias_v
88,pe_wt_v,0.42193537809282594,0.06689135735453974,0.4509218643756392,bel_bias_v
89,bel_bias_v,0.5359649688718038,0.7547847679218749,0.5212773926366012,bel_bias_v
89,pe_wt_v,0.4640350311281961,0.24521523207812507,0.4787226073633988,bel_bias_v
90,bel_bias_v,0.5812243611216295,0.9406566503763838,0.5527041126727725,bel_bias_v
90,pe_wt_v,0.4187756388783705,0.05934334962361616,0.4472958873272275,bel_bias_v
91,bel_bias_v,0.6528483492396223,0.9984299387707499,0.6648591584440271,bel_bias_v
91,pe_wt_v,0.3471516507603777,0.0015700612292500573,0.33514084155597296,bel_bias_v
92,bel_bias_v,0.3814342078352892,0.011198075364347589,0.40980648341991543,bel_bias_v
92,pe_wt_v,0.6185657921647109,0.9888019246356524,0.5901935165800846,bel_bias_v
93,bel_bias_v,0.6006829144741774,0.9735960210760962,0.5737892023119089,bel_bias_v
93,pe_wt_v,0.3993170855258226,0.026403978923903764,0.4262107976880911,bel_bias_v
94,bel_bias_v,0.6213262249381674,0.9902880546986336,0.5968304568703608,bel_bias_v
94,pe_wt_v,0.37867377506183264,0.009711945301366503,0.4031695431296392,bel_bias_v
95,bel_bias_v,0.5047207282588069,0.5360472050037667,0.50279407029323,bel_bias_v
95,pe_wt_v,0.4952792717411931,0.4639527949962332,0.49720592970677,bel_bias_v
96,bel_bias_v,0.5488048769710228,0.8254088015371607,0.5298964328685627,bel_bias_v
96,pe_wt_v,0.4511951230289772,0.17459119846283927,0.4701035671314373,bel_bias_v
97,bel_bias_v,0.48930990579971456,0.4188255067757743,0.4936663796561493,bel_bias_v
97,pe_wt_v,0.5106900942002855,0.5811744932242257,0.5063336203438507,bel_bias_v
98,bel_bias_v,0.44178932970899615,0.13200063406487797,0.4638229345550206,bel_bias_v
98,pe_wt_v,0.5582106702910038,0.8679993659351221,0.5361770654449793,bel_bias_v
99,bel_bias_v,0.5232662093708982,0.6722059319467475,0.5138100638443844,bel_bias_v
99,pe_wt_v,0.4767337906291018,0.3277940680532525,0.48618993615561557,bel_bias_v
100,bel_bias_v,0.5504460842467481,0.833405886170409,0.5303994119901002,bel_bias_v
100,pe_wt_v,0.4495539157532518,0.16659411382959105,0.4696005880098998,bel_bias_v
101,bel_bias_v,0.3610697912425391,0.0036723730574607827,0.3791813754293059,bel_bias_v
101,pe_wt_v,0.638930208757461,0.9963276269425392,0.620818624570694,bel_bias_v
102,bel_bias_v,0.5620657638019007,0.8832021389623913,0.5393319389109474,bel_bias_v
102,pe_wt_v,0.43793423619809924,0.11679786103760872,0.4606680610890526,bel_bias_v
103,bel_bias_v,0.5253007419636178,0.6861727773268246,0.5150048219703903,bel_bias_v
103,pe_wt_v,0.47469925803638224,0.3138272226731754,0.48499517802960973,bel_bias_v
104,bel_bias_v,0.6215228265455098,0.9903870377652332,0.6026300501712757,bel_bias_v
104,pe_wt_v,0.3784771734544902,0.009612962234766815,0.3973699498287243,bel_bias_v
105,bel_bias_v,0.6201999676828042,0.9897037822115357,0.5910893360702028,bel_bias_v
105,pe_wt_v,0.3798000323171959,0.010296217788464405,0.4089106639297973,bel_bias_v
106,bel_bias_v,0.5889077334211228,0.9562449277371364,0.5604083019328182,bel_bias_v
106,pe_wt_v,0.41109226657887726,0.04375507226286357,0.4395916980671818,bel_bias_v
107,bel_bias_v,0.5176196900272022,0.6322213528344984,0.510456587101666,bel_bias_v
107,pe_wt_v,0.4823803099727978,0.3677786471655015,0.489543412898334,bel_bias_v
108,bel_bias_v,0.5156444254624283,0.6178629601657644,0.5092819597943247,bel_bias_v
108,pe_wt_v,0.4843555745375717,0.3821370398342357,0.49071804020567533,bel_bias_v
109,bel_bias_v,0.5037394335756613,0.5285685203494934,0.5022132786387173,bel_bias_v
109,pe_wt_v,0.49626056642433863,0.4714314796505065,0.49778672136128266,bel_bias_v
110,bel_bias_v,0.5610148755183415,0.879185948896928,0.5370033255851079,bel_bias_v
110,pe_wt_v,0.43898512448165844,0.12081405110307201,0.4629966744148921,bel_bias_v
111,bel_bias_v,0.6000021242744593,0.9727789482186746,0.5734078186794653,bel_bias_v
111,pe_wt_v,0.39999787572554063,0.027221051781325396,0.42659218132053467,bel_bias_v
112,bel_bias_v,0.6395837796900065,0.9964655634936391,0.6153798831402064,bel_bias_v
112,pe_wt_v,0.36041622030999354,0.0035344365063608996,0.38462011685979364,bel_bias_v
113,bel_bias_v,0.4141154984183286,0.04944328752652053,0.4442547991243021,bel_bias_v
113,pe_wt_v,0.5858845015816713,0.9505567124734795,0.5557452008756979,bel_bias_v
114,bel_bias_v,0.5956210322819243,0.967005079532306,0.5606060031071161,bel_bias_v
114,pe_wt_v,0.4043789677180757,0.0329949204676939,0.43939399689288394,bel_bias_v
115,bel_bias_v,0.5088415400988191,0.5672846940282161,0.5052366744771761,bel_bias_v
115,pe_wt_v,0.49115845990118084,0.432715305971784,0.4947633255228239,bel_bias_v
116,bel_bias_v,0.6328509991588974,0.9947960984220621,0.5965632569034344,bel_bias_v
116,pe_wt_v,0.3671490008411026,0.005203901577937899,0.4034367430965656,bel_bias_v
117,bel_bias_v,0.6400157541903401,0.9965541747211545,0.6168672166518039,bel_bias_v
117,pe_wt_v,0.3599842458096599,0.003445825278845577,0.3831327833481961,bel_bias_v
118,bel_bias_v,0.564019097028014,0.89041519663512,0.5386287160047752,bel_bias_v
118,pe_wt_v,0.4359809029719861,0.10958480336488007,0.4613712839952248,bel_bias_v
119,bel_bias_v,0.5597897598827761,0.8743830980303278,0.5366729035827641,bel_bias_v
119,pe_wt_v,0.44021024011722387,0.1256169019696723,0.4633270964172359,bel_bias_v
120,bel_bias_v,0.4281260826723544,0.08379234531466448,0.4565384278883988,bel_bias_v
120,pe_wt_v,0.5718739173276456,0.9162076546853356,0.5434615721116012,bel_bias_v
121,bel_bias_v,0.5507116672095658,0.834677531860645,0.5316207684521218,bel_bias_v
121,pe_wt_v,0.4492883327904342,0.16532246813935503,0.4683792315478782,bel_bias_v
122,bel_bias_v,0.5543633256733842,0.8515266634386595,0.533603370667221,bel_bias_v
122,pe_wt_v,0.4456366743266158,0.1484733365613406,0.4663966293327791,bel_bias_v
123,bel_bias_v,0.5154607105089849,0.6165189422121324,0.5091762648944904,bel_bias_v
123,pe_wt_v,0.4845392894910152,0.3834810577878677,0.49082373510550964,bel_bias_v
124,bel_bias_v,0.6100204889985362,0.9828930368754869,0.580310318721377,bel_bias_v
124,pe_wt_v,0.3899795110014637,0.017106963124513073,0.41968968127862305,bel_bias_v
125,bel_bias_v,0.46055021087577036,0.22467076596932442,0.4763414395052301,bel_bias_v
125,pe_wt_v,0.5394497891242297,0.7753292340306756,0.5236585604947699,bel_bias_v
126,bel_bias_v,0.6304918832746278,0.9940639962561725,0.6166583402274048,bel_bias_v
126,pe_wt_v,0.36950811672537226,0.005936003743827487,0.38334165977259516,bel_bias_v
127,bel_bias_v,0.4454553591844484,0.14766760157615907,0.46674270710766724,bel_bias_v
127,pe_wt_v,0.5545446408155517,0.8523323984238409,0.5332572928923327,bel_bias_v
128,bel_bias_v,0.6854524654949249,0.9998398512845663,0.704651408717746,bel_bias_v
128,pe_wt_v,0.31454753450507517,0.00016014871543357353,0.295348591282254,bel_bias_v
129,bel_bias_v,0.5102243909349752,0.5776840211740643,0.5060552247200437,bel_bias_v
129,pe_wt_v,0.48977560906502493,0.42231597882593575,0.4939447752799563,bel_bias_v
130,bel_bias_v,0.5505258061615877,0.8337882627420033,0.5298972058231588,bel_bias_v
130,pe_wt_v,0.4494741938384122,0.16621173725799665,0.47010279417684125,bel_bias_v
131,bel_bias_v,0.5931041391920587,0.9632573393982802,0.5586523413617799,bel_bias_v
131,pe_wt_v,0.4068958608079412,0.03674266060171992,0.4413476586382202,bel_bias_v
132,bel_bias_v,0.6542677801825734,0.9985661640717324,0.6743378742842394,bel_bias_v
132,pe_wt_v,0.3457322198174266,0.001433835928267637,0.32566212571576064,bel_bias_v
133,bel_bias_v,0.499716820458286,0.49783473375954695,0.49983244761024936,bel_bias_v
133,pe_wt_v,0.500283179541714,0.502165266240453,0.5001675523897506,bel_bias_v
134,bel_bias_v,0.4951664694282663,0.4630938622922616,0.4971391275777829,bel_bias_v
134,pe_wt_v,0.5048335305717337,0.5369061377077383,0.5028608724222171,bel_bias_v
135,bel_bias_v,0.6422462384868527,0.9969808956708035,0.6247967896869426,bel_bias_v
135,pe_wt_v,0.3577537615131473,0.0030191043291965002,0.3752032103130573,bel_bias_v
136,bel_bias_v,0.8045423581125547,0.9999999999997037,0.9819496552837651,bel_bias_v
136,pe_wt_v,0.1954576418874453,2.9634654237321746e-13,0.018050344716234828,bel_bias_v
137,bel_bias_v,0.5595926771210664,0.8735982691350351,0.5374410534118785,bel_bias_v
137,pe_wt_v,0.4404073228789335,0.1264017308649649,0.46255894658812147,bel_bias_v
138,bel_bias_v,0.6603248690000847,0.9990349848371985,0.6632488858374735,bel_bias_v
138,pe_wt_v,0.33967513099991525,0.0009650151628015094,0.3367511141625265,bel_bias_v
139,bel_bias_v,0.5558677609394522,0.8581238641280445,0.5338797927206058,bel_bias_v
139,pe_wt_v,0.4441322390605478,0.14187613587195552,0.4661202072793942,bel_bias_v
140,bel_bias_v,0.5086247813675266,0.5656502221052404,0.5051076456285142,bel_bias_v
140,pe_wt_v,0.49137521863247335,0.43434977789475965,0.4948923543714859,bel_bias_v
141,bel_bias_v,0.45313703976299063,0.18436113719727165,0.47202667647710267,bel_bias_v
141,pe_wt_v,0.5468629602370094,0.8156388628027283,0.5279733235228973,bel_bias_v
142,bel_bias_v,0.5769325045039098,0.9302314361861577,0.5493586397614494,bel_bias_v
142,pe_wt_v,0.42306749549609024,0.06976856381384232,0.4506413602385506,bel_bias_v
143,bel_bias_v,0.6325587178419532,0.9947099561852106,0.6066520418073241,bel_bias_v
143,pe_wt_v,0.36744128215804683,0.0052900438147894255,0.3933479581926759,bel_bias_v
144,bel_bias_v,0.6473124100795682,0.9977793606576837,0.6204607458399235,bel_bias_v
144,pe_wt_v,0.35268758992043175,0.002220639342316351,0.3795392541600765,bel_bias_v
145,bel_bias_v,0.43299698013824234,0.09918950646553623,0.4582403096305334,bel_bias_v
145,pe_wt_v,0.5670030198617576,0.9008104935344637,0.5417596903694666,bel_bias_v
146,bel_bias_v,0.6220298953377235,0.9906382954915552,0.5902834049164674,bel_bias_v
146,pe_wt_v,0.37797010466227665,0.009361704508444814,0.4097165950835327,bel_bias_v
147,bel_bias_v,0.593387732727286,0.9636961990508277,0.5599355682660802,bel_bias_v
147,pe_wt_v,0.4066122672727141,0.03630380094917223,0.44006443173391985,bel_bias_v
148,bel_bias_v,0.6147491734571908,0.9864258605532732,0.5794226657830113,bel_bias_v
148,pe_wt_v,0.38525082654280923,0.013574139446726773,0.4205773342169888,bel_bias_v
149,bel_bias_v,0.5501672991606195,0.8320642918544826,0.5303785323894477,bel_bias_v
149,pe_wt_v,0.44983270083938065,0.16793570814551745,0.46962146761055235,bel_bias_v
150,bel_bias_v,0.6771511883428419,0.9997019544701778,0.6802192690891662,bel_bias_v
150,pe_wt_v,0.322848811657158,0.0002980455298221643,0.31978073091083375,bel_bias_v
151,bel_bias_v,0.6641968359102889,0.9992563185932455,0.6655007310006985,bel_bias_v
151,pe_wt_v,0.3358031640897112,0.0007436814067544802,0.3344992689993015,bel_bias_v
152,bel_bias_v,0.61266213061609,0.9849523139832725,0.5814287856384329,bel_bias_v
152,pe_wt_v,0.38733786938390996,0.015047686016727438,0.418571214361567,bel_bias_v
153,bel_bias_v,0.5083687684445449,0.5637183171597588,0.5049529799904781,bel_bias_v
153,pe_wt_v,0.49163123155545513,0.4362816828402411,0.49504702000952194,bel_bias_v
154,bel_bias_v,0.446934795733171,0.15432725153377913,0.46748667412364703,bel_bias_v
154,pe_wt_v,0.553065204266829,0.8456727484662208,0.532513325876353,bel_bias_v
155,bel_bias_v,0.6850638590350555,0.9998350234513913,0.7305124004101463,bel_bias_v
155,pe_wt_v,0.3149361409649444,0.00016497654860866468,0.2694875995898537,bel_bias_v
156,bel_bias_v,0.5765748316800137,0.9293030148706384,0.548264468404229,bel_bias_v
156,pe_wt_v,0.4234251683199864,0.07069698512936165,0.45173553159577096,bel_bias_v
157,bel_bias_v,0.49718461345540677,0.47848308372249404,0.49833384748735743,bel_bias_v
157,pe_wt_v,0.5028153865445932,0.521516916277506,0.5016661525126426,bel_bias_v
158,bel_bias_v,0.5678378719112198,0.903586195746374,0.540937884572913,bel_bias_v
158,pe_wt_v,0.4321621280887802,0.09641380425362588,0.4590621154270869,bel_bias_v
159,bel_bias_v,0.47163908456867565,0.2933147714518291,0.4830829024883323,bel_bias_v
159,pe_wt_v,0.5283609154313244,0.7066852285481708,0.5169170975116677,bel_bias_v
160,bel_bias_v,0.4996170827140322,0.4970721242308225,0.49977343347069403,bel_bias_v
160,pe_wt_v,0.5003829172859677,0.5029278757691775,0.500226566529306,bel_bias_v
161,bel_bias_v,0.6529094233181864,0.9984360335287292,0.6426625593440297,bel_bias_v
161,pe_wt_v,0.3470905766818137,0.0015639664712707873,0.3573374406559703,bel_bias_v
162,bel_bias_v,0.6295449776759483,0.9937455056236895,0.5961412518015803,bel_bias_v
162,pe_wt_v,0.3704550223240517,0.006254494376310576,0.4038587481984197,bel_bias_v
163,bel_bias_v,0.7285199095353115,0.9999999984698553,0.8586667410557698,bel_bias_v
163,pe_wt_v,0.2714800904646884,1.5301447362008718e-09,0.14133325894423024,bel_bias_v
164,bel_bias_v,0.5241255890823896,0.678136202047475,0.5142616892697675,bel_bias_v
164,pe_wt_v,0.4758744109176104,0.321863797952525,0.48573831073023255,bel_bias_v
165,bel_bias_v,0.6253344184640701,0.9921400792167053,0.5975148225945237,bel_bias_v
165,pe_wt_v,0.37466558153592994,0.007859920783294644,0.4024851774054763,bel_bias_v
166,bel_bias_v,0.5885755512101118,0.9556468299006414,0.558681047690848,bel_bias_v
166,pe_wt_v,0.41142444878988804,0.04435317009935857,0.44131895230915197,bel_bias_v
167,bel_bias_v,0.7033314111718317,0.9999618260168028,0.8340178307509846,bel_bias_v
167,pe_wt_v,0.2966685888281683,3.8173983197181644e-05,0.16598216924901543,bel_bias_v
168,bel_bias_v,0.6066239834016115,0.9798976595523791,0.5725767764427452,bel_bias_v
168,pe_wt_v,0.3933760165983884,0.020102340447620954,0.42742322355725476,bel_bias_v
169,bel_bias_v,0.7064575167895862,0.9999706986336975,0.8231007852600123,bel_bias_v
169,pe_wt_v,0.29354248321041365,2.9301366302539312e-05,0.17689921473998774,bel_bias_v
170,bel_bias_v,0.538950999560552,0.772449561064862,0.5232297598615621,bel_bias_v
170,pe_wt_v,0.46104900043944796,0.22755043893513804,0.47677024013843794,bel_bias_v
171,bel_bias_v,0.727913994686322,0.9999999983805422,0.8850832464347688,bel_bias_v
171,pe_wt_v,0.27208600531367794,1.6194577601322555e-09,0.11491675356523123,bel_bias_v
172,bel_bias_v,0.6287899213613252,0.9934808589676539,0.6066385446830699,bel_bias_v
172,pe_wt_v,0.37121007863867495,0.006519141032346093,0.39336145531693006,bel_bias_v
173,bel_bias_v,0.5429240564105908,0.7948080988355329,0.5262444066212933,bel_bias_v
173,pe_wt_v,0.4570759435894092,0.20519190116446712,0.4737555933787067,bel_bias_v
174,bel_bias_v,0.6031910161047626,0.9764323532975874,0.5700501378604057,bel_bias_v
174,pe_wt_v,0.39680898389523755,0.02356764670241263,0.42994986213959424,bel_bias_v
175,bel_bias_v,0.5289846175535495,0.7107889171638025,0.5171793580713536,bel_bias_v
175,pe_wt_v,0.4710153824464505,0.28921108283619756,0.4828206419286463,bel_bias_v
176,bel_bias_v,0.6100819548280111,0.9829435436287088,0.576411175136121,bel_bias_v
176,pe_wt_v,0.38991804517198886,0.017056456371291155,0.423588824863879,bel_bias_v
177,bel_bias_v,0.5262496489140059,0.6925988512101655,0.5156070150338011,bel_bias_v
177,pe_wt_v,0.47375035108599406,0.30740114878983454,0.4843929849661988,bel_bias_v
178,bel_bias_v,0.5269691258953884,0.697432457687272,0.5160775622149552,bel_bias_v
178,pe_wt_v,0.47303087410461164,0.3025675423127279,0.48392243778504485,bel_bias_v
179,bel_bias_v,0.5216538426736242,0.6609632145086404,0.5128455206793211,bel_bias_v
179,pe_wt_v,0.4783461573263758,0.33903678549135957,0.4871544793206789,bel_bias_v
180,bel_bias_v,0.5120769608530958,0.5915305340148237,0.5071638511334666,bel_bias_v
180,pe_wt_v,0.48792303914690416,0.40846946598517625,0.4928361488665333,bel_bias_v
181,bel_bias_v,0.49963044399832535,0.49717428602820984,0.4997813393167787,bel_bias_v
181,pe_wt_v,0.5003695560016747,0.5028257139717902,0.5002186606832213,bel_bias_v
182,bel_bias_v,0.5875824626495154,0.9538196184474782,0.5525229122130316,bel_bias_v
182,pe_wt_v,0.41241753735048464,0.046180381552521785,0.4474770877869684,bel_bias_v
183,bel_bias_v,0.6283283102841315,0.9933142579479698,0.6098648563540611,bel_bias_v
183,pe_wt_v,0.3716716897158684,0.0066857420520301854,0.39013514364593893,bel_bias_v
184,bel_bias_v,0.6967507848901814,0.999934277303685,0.7906205086028129,bel_bias_v
184,pe_wt_v,0.3032492151098186,6.572269631502557e-05,0.20937949139718715,bel_bias_v
185,bel_bias_v,0.5888994897475462,0.9562301636000875,0.553334602005378,bel_bias_v
185,pe_wt_v,0.41110051025245375,0.04376983639991252,0.446665397994622,bel_bias_v
186,bel_bias_v,0.6218578330394794,0.9905536846993066,0.5942592346529388,bel_bias_v
186,pe_wt_v,0.3781421669605206,0.009446315300693306,0.4057407653470611,bel_bias_v
187,bel_bias_v,0.4731848590159099,0.3035991957424675,0.48396996339955545,bel_bias_v
187,pe_wt_v,0.5268151409840901,0.6964008042575325,0.5160300366004446,bel_bias_v
188,bel_bias_v,0.6818727945421816,0.9997899452677403,0.7392303786603258,bel_bias_v
188,pe_wt_v,0.31812720545781825,0.0002100547322596523,0.26076962133967413,bel_bias_v
189,bel_bias_v,0.6644457639278187,0.9992688168083256,0.6722200994182217,bel_bias_v
189,pe_wt_v,0.3355542360721813,0.0007311831916744266,0.3277799005817783,bel_bias_v
190,bel_bias_v,0.6490290322587715,0.9980032271118418,0.6385328088029536,bel_bias_v
190,pe_wt_v,0.35097096774122855,0.001996772888158253,0.36146719119704634,bel_bias_v
191,bel_bias_v,0.4706629315047081,0.28690404137420517,0.4826874672059379,bel_bias_v
191,pe_wt_v,0.5293370684952918,0.7130959586257948,0.5173125327940621,bel_bias_v
192,bel_bias_v,0.46458731258880753,0.2485609295168669,0.4787318887003167,bel_bias_v
192,pe_wt_v,0.5354126874111925,0.7514390704831332,0.5212681112996833,bel_bias_v
193,bel_bias_v,0.4980597839806627,0.4851679184135737,0.49885184575742314,bel_bias_v
193,pe_wt_v,0.5019402160193374,0.5148320815864263,0.5011481542425769,bel_bias_v
194,bel_bias_v,0.5410065526960726,0.784183508500551,0.5245341601006326,bel_bias_v
194,pe_wt_v,0.4589934473039275,0.21581649149944904,0.4754658398993674,bel_bias_v
195,bel_bias_v,0.5416117029401344,0.7875703261530933,0.5248617095892542,bel_bias_v
195,pe_wt_v,0.45838829705986556,0.2124296738469067,0.47513829041074584,bel_bias_v
196,bel_bias_v,0.5456035611436038,0.8091254833909604,0.527389782285477,bel_bias_v
196,pe_wt_v,0.4543964388563962,0.1908745166090396,0.4726102177145231,bel_bias_v
197,bel_bias_v,0.7260828018801279,0.9999999980796102,0.8613594241704255,bel_bias_v
197,pe_wt_v,0.2739171981198721,1.9203898566346467e-09,0.13864057582957448,bel_bias_v
198,bel_bias_v,0.6384405774716593,0.9962211649524522,0.6099125040537231,bel_bias_v
198,pe_wt_v,0.36155942252834083,0.0037788350475477664,0.3900874959462769,bel_bias_v
199,bel_bias_v,0.5400839032666818,0.7789603239770126,0.5240718996694819,bel_bias_v
199,pe_wt_v,0.4599160967333182,0.2210396760229874,0.47592810033051813,bel_bias_v
200,bel_bias_v,0.6694686287393284,0.9994832815306154,0.6995348438997431,bel_bias_v
200,pe_wt_v,0.33053137126067156,0.0005167184693846433,0.30046515610025687,bel_bias_v
201,bel_bias_v,0.5289559126693599,0.7106006420547857,0.5172424879080569,bel_bias_v
201,pe_wt_v,0.4710440873306402,0.2893993579452143,0.482757512091943,bel_bias_v
202,bel_bias_v,0.5633151321659718,0.8878532445098613,0.538790999946239,bel_bias_v
202,pe_wt_v,0.4366848678340281,0.11214675549013876,0.46120900005376103,bel_bias_v
203,bel_bias_v,0.4397618482859756,0.12384391795357169,0.46239055644580185,bel_bias_v
203,pe_wt_v,0.5602381517140244,0.8761560820464283,0.5376094435541982,bel_bias_v
204,bel_bias_v,0.42167987482893293,0.06625481614268293,0.449982108956208,bel_bias_v
204,pe_wt_v,0.578320125171067,0.9337451838573171,0.5500178910437921,bel_bias_v
205,bel_bias_v,0.6625214350049001,0.9991669795003894,0.6615886792622442,bel_bias_v
205,pe_wt_v,0.33747856499509993,0.0008330204996105274,0.33841132073775576,bel_bias_v
206,bel_bias_v,0.6199552679167031,0.989572883081186,0.5943986667383212,bel_bias_v
206,pe_wt_v,0.380044732083297,0.010427116918813966,0.40560133326167874,bel_bias_v
207,bel_bias_v,0.5429641035283945,0.7950266470886388,0.5259517463101749,bel_bias_v
207,pe_wt_v,0.4570358964716054,0.20497335291136118,0.474048253689825,bel_bias_v
208,bel_bias_v,0.537768183391424,0.7655388445065117,0.522460362832664,bel_bias_v
208,pe_wt_v,0.4622318166085761,0.23446115549348837,0.477539637167336,bel_bias_v
209,bel_bias_v,0.49754638833842707,0.4812458142401975,0.49854786837263154,bel_bias_v
209,pe_wt_v,0.502453611661573,0.5187541857598025,0.5014521316273685,bel_bias_v
210,bel_bias_v,0.542483287125738,0.7923936145540027,0.5254235834256219,bel_bias_v
210,pe_wt_v,0.45751671287426193,0.20760638544599738,0.4745764165743781,bel_bias_v
211,bel_bias_v,0.6363920614997166,0.995745314881544,0.6108254505514308,bel_bias_v
211,pe_wt_v,0.3636079385002833,0.00425468511845599,0.3891745494485693,bel_bias_v
212,bel_bias_v,0.5752035150058686,0.9256558038303958,0.5468676695216125,bel_bias_v
212,pe_wt_v,0.4247964849941314,0.0743441961696042,0.4531323304783876,bel_bias_v
213,bel_bias_v,0.5289749385532354,0.7107254390759854,0.5173976203743037,bel_bias_v
213,pe_wt_v,0.4710250614467647,0.2892745609240147,0.4826023796256963,bel_bias_v
214,bel_bias_v,0.5407298702116838,0.7826247034204508,0.5246293370289465,bel_bias_v
214,pe_wt_v,0.4592701297883162,0.21737529657954915,0.47537066297105346,bel_bias_v
215,bel_bias_v,0.5973384203079698,0.9693779375668992,0.5634780018990642,bel_bias_v
215,pe_wt_v,0.40266157969203026,0.030622062433100852,0.4365219981009358,bel_bias_v
216,bel_bias_v,0.5309577109892091,0.7235910432034106,0.5184506259823595,bel_bias_v
216,pe_wt_v,0.469042289010791,0.2764089567965894,0.4815493740176405,bel_bias_v
217,bel_bias_v,0.701127249680055,0.9999541138343739,0.7980982991379789,bel_bias_v
217,pe_wt_v,0.2988727503199449,4.5886165626020996e-05,0.20190170086202108,bel_bias_v
218,bel_bias_v,0.5581313658120354,0.8676730004008631,0.535481374967713,bel_bias_v
218,pe_wt_v,0.4418686341879645,0.13232699959913677,0.464518625032287,bel_bias_v
219,bel_bias_v,0.5905913309689667,0.9591774604952984,0.5567856761533656,bel_bias_v
219,pe_wt_v,0.4094086690310333,0.04082253950470168,0.44321432384663434,bel_bias_v
220,bel_bias_v,0.5753944345543875,0.9261719747973884,0.5470607000757127,bel_bias_v
220,pe_wt_v,0.4246055654456125,0.07382802520261152,0.4529392999242872,bel_bias_v
221,bel_bias_v,0.6657612295574911,0.999331726764965,0.6673041917425199,bel_bias_v
221,pe_wt_v,0.334238770442509,0.0006682732350350224,0.33269580825748013,bel_bias_v
222,bel_bias_v,0.6521436798153579,0.998358044452014,0.671450485327161,bel_bias_v
222,pe_wt_v,0.3478563201846421,0.0016419555479859382,0.32854951467283894,bel_bias_v
223,bel_bias_v,0.5393032520750591,0.7744853674386709,0.5234669597669896,bel_bias_v
223,pe_wt_v,0.460696747924941,0.22551463256132914,0.47653304023301035,bel_bias_v
224,bel_bias_v,0.5518328998298484,0.8399770848357264,0.5311529960335248,bel_bias_v
224,pe_wt_v,0.44816710017015154,0.16002291516427367,0.4688470039664751,bel_bias_v
225,bel_bias_v,0.432041185923818,0.09601645151551871,0.45709437490056576,bel_bias_v
225,pe_wt_v,0.567958814076182,0.9039835484844813,0.5429056250994342,bel_bias_v
226,bel_bias_v,0.39260630725060236,0.019387356231381485,0.4255971990403057,bel_bias_v
226,pe_wt_v,0.6073936927493977,0.9806126437686186,0.5744028009596943,bel_bias_v
227,bel_bias_v,0.5904145178720221,0.9588771367721839,0.5574129811375081,bel_bias_v
227,pe_wt_v,0.4095854821279778,0.0411228632278161,0.4425870188624919,bel_bias_v
228,bel_bias_v,0.6553851063122459,0.9986657505427765,0.6605700594670101,bel_bias_v
228,pe_wt_v,0.34461489368775416,0.0013342494572235034,0.33942994053298986,bel_bias_v
229,bel_bias_v,0.8395505431690681,0.9999999999999981,0.9960283107777567,bel_bias_v
229,pe_wt_v,0.16044945683093195,1.9401202020605627e-15,0.00397168922224335,bel_bias_v
230,bel_bias_v,0.46766612254321915,0.2676466396669383,0.48080891089091565,bel_bias_v
230,pe_wt_v,0.5323338774567807,0.7323533603330618,0.5191910891090844,bel_bias_v
231,bel_bias_v,0.6755701419976405,0.9996655776670875,0.6920833232067293,bel_bias_v
231,pe_wt_v,0.3244298580023595,0.00033442233291248276,0.3079166767932707,bel_bias_v
232,bel_bias_v,0.4241418768131936,0.0725857384605255,0.45228836591818755,bel_bias_v
232,pe_wt_v,0.5758581231868064,0.9274142615394746,0.5477116340818124,bel_bias_v
233,bel_bias_v,0.5557928055084056,0.8577999192883201,0.5335312164063961,bel_bias_v
233,pe_wt_v,0.44420719449159446,0.14220008071167997,0.46646878359360394,bel_bias_v
234,bel_bias_v,0.521854764858558,0.6623722633674499,0.5129360154062319,bel_bias_v
234,pe_wt_v,0.478145235141442,0.3376277366325501,0.48706398459376815,bel_bias_v
235,bel_bias_v,0.6001768456142614,0.9729906207527502,0.5728573116459743,bel_bias_v
235,pe_wt_v,0.3998231543857385,0.02700937924724977,0.42714268835402563,bel_bias_v
236,bel_bias_v,0.5946072580385696,0.9655350370381491,0.5585280238979833,bel_bias_v
236,pe_wt_v,0.4053927419614304,0.03446496296185086,0.4414719761020167,bel_bias_v
237,bel_bias_v,0.5311006623554622,0.7245077150594942,0.5185833476636779,bel_bias_v
237,pe_wt_v,0.46889933764453784,0.27549228494050576,0.48141665233632214,bel_bias_v
238,bel_bias_v,0.633767145726522,0.9950581224559423,0.6056488856297213,bel_bias_v
238,pe_wt_v,0.36623285427347807,0.004941877544057696,0.3943511143702787,bel_bias_v
239,bel_bias_v,0.5078088670601818,0.5594880227347259,0.5046255546717853,bel_bias_v
239,pe_wt_v,0.49219113293981814,0.4405119772652742,0.4953744453282148,bel_bias_v
240,bel_bias_v,0.5171580442968448,0.6288811866047005,0.5101803501546003,bel_bias_v
240,pe_wt_v,0.4828419557031553,0.37111881339529945,0.48981964984539966,bel_bias_v
241,bel_bias_v,0.6276215246104501,0.9930519196184511,0.5956756671166834,bel_bias_v
241,pe_wt_v,0.37237847538954993,0.006948080381548804,0.40432433288331654,bel_bias_v
242,bel_bias_v,0.6126982102199917,0.9849789045604254,0.5824481795498233,bel_bias_v
242,pe_wt_v,0.3873017897800083,0.015021095439574689,0.41755182045017664,bel_bias_v
243,bel_bias_v,0.6623034036682593,0.9991546577953504,0.6744980831369622,bel_bias_v
243,pe_wt_v,0.3376965963317406,0.0008453422046495732,0.3255019168630377,bel_bias_v
244,bel_bias_v,0.5765407566446105,0.9292140751473862,0.5475713073676907,bel_bias_v
244,pe_wt_v,0.42345924335538954,0.0707859248526139,0.4524286926323094,bel_bias_v
245,bel_bias_v,0.6058696267302349,0.9791754888623433,0.5677471199781912,bel_bias_v
245,pe_wt_v,0.39413037326976513,0.0208245111376568,0.4322528800218089,bel_bias_v
246,bel_bias_v,0.7048445241272727,0.999966396152064,0.790709505168583,bel_bias_v
246,pe_wt_v,0.29515547587272734,3.3603847935975906e-05,0.209290494831417,bel_bias_v
247,bel_bias_v,0.5007315735856608,0.505593651630199,0.5004328728912022,bel_bias_v
247,pe_wt_v,0.49926842641433916,0.49440634836980085,0.4995671271087978,bel_bias_v
248,bel_bias_v,0.5934895793730317,0.9638527612185387,0.5579802575474491,bel_bias_v
248,pe_wt_v,0.4065104206269683,0.036147238781461165,0.4420197424525509,bel_bias_v
249,bel_bias_v,0.6153312193404827,0.9868140388836977,0.5914315716437077,bel_bias_v
249,pe_wt_v,0.3846687806595174,0.013185961116302311,0.4085684283562922,bel_bias_v
250,bel_bias_v,0.4459893142743379,0.15004876884871973,0.4669406094532529,bel_bias_v
250,pe_wt_v,0.5540106857256621,0.8499512311512802,0.5330593905467471,bel_bias_v
251,bel_bias_v,0.6368091752557863,0.995846314838671,0.619312245473395,bel_bias_v
251,pe_wt_v,0.3631908247442138,0.004153685161328959,0.380687754526605,bel_bias_v
252,bel_bias_v,0.7838238670706371,0.9999999999958918,0.9758078227168897,bel_bias_v
252,pe_wt_v,0.2161761329293629,4.1081490973546646e-12,0.024192177283110322,bel_bias_v
253,bel_bias_v,0.5360503316401027,0.7552997348339082,0.5213036357434222,bel_bias_v
253,pe_wt_v,0.46394966835989737,0.24470026516609178,0.47869636425657786,bel_bias_v
254,bel_bias_v,0.5201435122613345,0.65030082740649,0.5119715975187142,bel_bias_v
254,pe_wt_v,0.4798564877386655,0.34969917259351013,0.48802840248128576,bel_bias_v
255,bel_bias_v,0.47999344748140554,0.35067206901764714,0.4881225160859236,bel_bias_v
255,pe_wt_v,0.5200065525185944,0.6493279309823529,0.5118774839140764,bel_bias_v
256,bel_bias_v,0.5194951859228257,0.6456868586198345,0.5115738526168188,bel_bias_v
256,pe_wt_v,0.4805048140771742,0.35431314138016556,0.4884261473831813,bel_bias_v
257,bel_bias_v,0.7049239629083184,0.999966621261295,0.8031517289756638,bel_bias_v
257,pe_wt_v,0.2950760370916817,3.33787387051154e-05,0.1968482710243363,bel_bias_v
258,bel_bias_v,0.6389000212124096,0.9963211413932535,0.6172087728719149,bel_bias_v
258,pe_wt_v,0.3610999787875903,0.0036788586067466192,0.38279122712808517,bel_bias_v
259,bel_bias_v,0.47770581583562416,0.3345540288273563,0.48680233083618774,bel_bias_v
259,pe_wt_v,0.5222941841643758,0.6654459711726437,0.5131976691638123,bel_bias_v
260,bel_bias_v,0.59582890601964,0.9673000713842625,0.5658824531540468,bel_bias_v
260,pe_wt_v,0.40417109398036005,0.03269992861573742,0.43411754684595316,bel_bias_v
261,bel_bias_v,0.37700001335173344,0.008896894899025046,0.3896895945265973,bel_bias_v
261,pe_wt_v,0.6229999866482666,0.9911031051009749,0.6103104054734027,bel_bias_v
262,bel_bias_v,0.49566056859490487,0.4668573920282966,0.4974312333781261,bel_bias_v
262,pe_wt_v,0.5043394314050951,0.5331426079717034,0.5025687666218739,bel_bias_v
263,bel_bias_v,0.6113048654461439,0.9839223804245973,0.5805641497298666,bel_bias_v
263,pe_wt_v,0.38869513455385607,0.016077619575402574,0.4194358502701334,bel_bias_v
264,bel_bias_v,0.5966549985783759,0.9684510753843789,0.5613135388708311,bel_bias_v
264,pe_wt_v,0.4033450014216242,0.031548924615621185,0.4386864611291689,bel_bias_v
265,bel_bias_v,0.5256215730535173,0.6883518917637228,0.5152207775094524,bel_bias_v
265,pe_wt_v,0.47437842694648263,0.31164810823627725,0.4847792224905476,bel_bias_v
266,bel_bias_v,0.7023591131980277,0.9999585876873442,0.745831326466049,bel_bias_v
266,pe_wt_v,0.29764088680197237,4.141231265583429e-05,0.254168673533951,bel_bias_v
267,bel_bias_v,0.6408151503833877,0.9967129367025274,0.6037891638584164,bel_bias_v
267,pe_wt_v,0.3591848496166123,0.0032870632974726396,0.3962108361415836,bel_bias_v
268,bel_bias_v,0.6486649196425072,0.99795752059901,0.6531982573016313,bel_bias_v
268,pe_wt_v,0.3513350803574928,0.002042479400990003,0.34680174269836866,bel_bias_v
269,bel_bias_v,0.4768813473677183,0.32881671618424435,0.4862675885117056,bel_bias_v
269,pe_wt_v,0.5231186526322817,0.6711832838157556,0.5137324114882944,bel_bias_v
270,bel_bias_v,0.505748059267408,0.5438631509149388,0.5034025353209914,bel_bias_v
270,pe_wt_v,0.49425194073259204,0.4561368490850613,0.4965974646790086,bel_bias_v
271,bel_bias_v,0.573159110306819,0.919955579897755,0.5460326548776332,bel_bias_v
271,pe_wt_v,0.426840889693181,0.08004442010224494,0.4539673451223668,bel_bias_v
272,bel_bias_v,0.5098320078610686,0.574738359580073,0.5058243530984433,bel_bias_v
272,pe_wt_v,0.49016799213893136,0.4252616404199269,0.49417564690155663,bel_bias_v
273,bel_bias_v,0.6760361688993375,0.9996767052115185,0.6943022548906074,bel_bias_v
273,pe_wt_v,0.3239638311006624,0.0003232947884814666,0.3056977451093926,bel_bias_v
274,bel_bias_v,0.6082539681554486,0.9813862137988081,0.5707100843900659,bel_bias_v
274,pe_wt_v,0.39174603184455126,0.01861378620119192,0.4292899156099341,bel_bias_v
275,bel_bias_v,0.5262083012903569,0.6923200443421205,0.5155909780317488,bel_bias_v
275,pe_wt_v,0.47379169870964305,0.30767995565787953,0.48440902196825125,bel_bias_v
276,bel_bias_v,0.5319421007474064,0.7298730835044515,0.5190979401201873,bel_bias_v
276,pe_wt_v,0.4680578992525936,0.2701269164955486,0.4809020598798127,bel_bias_v
277,bel_bias_v,0.5772000160995646,0.9309197021216871,0.5499161344170345,bel_bias_v
277,pe_wt_v,0.42279998390043527,0.06908029787831294,0.4500838655829656,bel_bias_v
278,bel_bias_v,0.5994136344520522,0.9720558545153447,0.5711504613100543,bel_bias_v
278,pe_wt_v,0.4005863655479478,0.027944145484655195,0.42884953868994563,bel_bias_v
279,bel_bias_v,0.5879274120512578,0.9544609959118281,0.5583844464955584,bel_bias_v
279,pe_wt_v,0.41207258794874235,0.045539004088171915,0.4416155535044416,bel_bias_v
280,bel_bias_v,0.5109148043021137,0.5828564555796489,0.5064679509756176,bel_bias_v
280,pe_wt_v,0.4890851956978863,0.41714354442035106,0.4935320490243824,bel_bias_v
281,bel_bias_v,0.5460758965548164,0.8115845938145281,0.5277798841507266,bel_bias_v
281,pe_wt_v,0.4539241034451837,0.18841540618547184,0.4722201158492733,bel_bias_v
282,bel_bias_v,0.6431267815294603,0.9971358817596218,0.6268009014890245,bel_bias_v
282,pe_wt_v,0.35687321847053977,0.0028641182403783658,0.3731990985109756,bel_bias_v
283,bel_bias_v,0.7050892332471764,0.9999670850587177,0.7795374313313351,bel_bias_v
283,pe_wt_v,0.2949107667528235,3.2914941282238714e-05,0.22046256866866482,bel_bias_v
284,bel_bias_v,0.6158648514898075,0.9871615108453156,0.5789302350898919,bel_bias_v
284,pe_wt_v,0.3841351485101925,0.012838489154684444,0.421069764910108,bel_bias_v
285,bel_bias_v,0.6779290130186196,0.9997184739808501,0.6869281693207571,bel_bias_v
285,pe_wt_v,0.32207098698138026,0.0002815260191498834,0.31307183067924294,bel_bias_v
286,bel_bias_v,0.5357343471394254,0.7533906065116085,0.5210882184028431,bel_bias_v
286,pe_wt_v,0.46426565286057453,0.2466093934883916,0.4789117815971569,bel_bias_v
287,bel_bias_v,0.577040899057217,0.9305109483939449,0.5487599195386749,bel_bias_v
287,pe_wt_v,0.42295910094278305,0.06948905160605509,0.45124008046132513,bel_bias_v
288,bel_bias_v,0.5088419256040299,0.5672875999240123,0.5052363130067733,bel_bias_v
288,pe_wt_v,0.4911580743959702,0.43271240007598766,0.4947636869932267,bel_bias_v
289,bel_bias_v,0.614527640648876,0.9862755604442627,0.5915408030578206,bel_bias_v
289,pe_wt_v,0.385472359351124,0.013724439555737237,0.40845919694217936,bel_bias_v
290,bel_bias_v,0.5446072112607575,0.8038743788292673,0.5265405216190125,bel_bias_v
290,pe_wt_v,0.4553927887392424,0.19612562117073273,0.47345947838098745,bel_bias_v
291,bel_bias_v,0.6917869745819593,0.999902168682785,0.7368903057025794,bel_bias_v
291,pe_wt_v,0.3082130254180408,9.783131721494746e-05,0.2631096942974206,bel_bias_v
292,bel_bias_v,0.6357845645061586,0.9955943099632176,0.6283415647597584,bel_bias_v
292,pe_wt_v,0.3642154354938414,0.004405690036782418,0.3716584352402416,bel_bias_v
293,bel_bias_v,0.5741969852544783,0.9228891462103133,0.5461579163188381,bel_bias_v
293,pe_wt_v,0.4258030147455216,0.07711085378968663,0.45384208368116186,bel_bias_v
294,bel_bias_v,0.6253236135564664,0.9921355341596191,0.5988082655803989,bel_bias_v
294,pe_wt_v,0.3746763864435336,0.007864465840380926,0.4011917344196011,bel_bias_v
295,bel_bias_v,0.5081935043680141,0.5623948778623192,0.5048509020857341,bel_bias_v
295,pe_wt_v,0.4918064956319858,0.4376051221376808,0.4951490979142659,bel_bias_v
296,bel_bias_v,0.6110652823632203,0.9837344763615932,0.5738190445182152,bel_bias_v
296,pe_wt_v,0.38893471763677967,0.016265523638406856,0.42618095548178486,bel_bias_v
297,bel_bias_v,0.5108070944247799,0.5820504298500127,0.5064014910369936,bel_bias_v
297,pe_wt_v,0.48919290557522016,0.4179495701499874,0.4935985089630064,bel_bias_v
298,bel_bias_v,0.5619996220919325,0.8829521742163076,0.5369152756208162,bel_bias_v
298,pe_wt_v,0.4380003779080674,0.11704782578369241,0.4630847243791838,bel_bias_v
299,bel_bias_v,0.5358868674462868,0.7543130992877414,0.5214233419446024,bel_bias_v
299,pe_wt_v,0.4641131325537133,0.24568690071225865,0.4785766580553977,bel_bias_v
300,bel_bias_v,0.5884187277330752,0.9553621999743991,0.5564020524707639,bel_bias_v
300,pe_wt_v,0.41158127226692476,0.044637800025600846,0.4435979475292361,bel_bias_v
301,bel_bias_v,0.530013474079598,0.717499059588585,0.5178783443888597,bel_bias_v
301,pe_wt_v,0.46998652592040213,0.28250094041141505,0.48212165561114023,bel_bias_v
302,bel_bias_v,0.678662433167823,0.9997332701186121,0.7004877734937299,bel_bias_v
302,pe_wt_v,0.32133756683217685,0.0002667298813879326,0.29951222650627013,bel_bias_v
303,bel_bias_v,0.6246925117138059,0.9918660432973574,0.6004447259182846,bel_bias_v
303,pe_wt_v,0.3753074882861942,0.0081339567026426,0.39955527408171543,bel_bias_v
304,bel_bias_v,0.5027136526267377,0.520740113103239,0.5016058892060329,bel_bias_v
304,pe_wt_v,0.4972863473732622,0.479259886896761,0.4983941107939671,bel_bias_v
305,bel_bias_v,0.5843048260277285,0.9473592718689213,0.554638352463348,bel_bias_v
305,pe_wt_v,0.41569517397227146,0.05264072813107866,0.44536164753665203,bel_bias_v
306,bel_bias_v,0.6537036537125959,0.9985133629156134,0.633836657912025,bel_bias_v
306,pe_wt_v,0.3462963462874041,0.00148663708438649,0.36616334208797496,bel_bias_v
307,bel_bias_v,0.6068770332552554,0.9801351324824912,0.5679732064492077,bel_bias_v
307,pe_wt_v,0.39312296674474456,0.019864867517508905,0.4320267935507923,bel_bias_v
308,bel_bias_v,0.5321542984533636,0.7312178921351304,0.5192374346241017,bel_bias_v
308,pe_wt_v,0.46784570154663635,0.26878210786486956,0.4807625653758984,bel_bias_v
309,bel_bias_v,0.6367415811431028,0.9958300937886619,0.6175942819181981,bel_bias_v
309,pe_wt_v,0.36325841885689725,0.004169906211338078,0.38240571808180196,bel_bias_v
310,bel_bias_v,0.4105136605081001,0.042728749691032096,0.4414185554794646,bel_bias_v
310,pe_wt_v,0.5894863394918998,0.9572712503089679,0.5585814445205354,bel_bias_v
311,bel_bias_v,0.521391690618483,0.6591213968097357,0.5127009435286702,bel_bias_v
311,pe_wt_v,0.47860830938151694,0.34087860319026436,0.48729905647132976,bel_bias_v
312,bel_bias_v,0.6738730574429762,0.9996219958725766,0.6876524094686141,bel_bias_v
312,pe_wt_v,0.32612694255702385,0.000378004127423469,0.31234759053138594,bel_bias_v
313,bel_bias_v,0.5478172000176271,0.8204812738625936,0.5288566868165854,bel_bias_v
313,pe_wt_v,0.4521827999823729,0.17951872613740633,0.47114331318341457,bel_bias_v
314,bel_bias_v,0.632269794599037,0.9946235668280193,0.6023139314995288,bel_bias_v
314,pe_wt_v,0.3677302054009629,0.005376433171980672,0.39768606850047117,bel_bias_v
315,bel_bias_v,0.575216714489331,0.9256915779526135,0.5494844498799202,bel_bias_v
315,pe_wt_v,0.4247832855106691,0.0743084220473865,0.45051555012007977,bel_bias_v
316,bel_bias_v,0.5344767677756387,0.7457145526229264,0.5204321497919996,bel_bias_v
316,pe_wt_v,0.4655232322243613,0.2542854473770736,0.4795678502080004,bel_bias_v
317,bel_bias_v,0.6378816966695994,0.9960962908002422,0.6106844561286401,bel_bias_v
317,pe_wt_v,0.3621183033304007,0.003903709199757794,0.3893155438713599,bel_bias_v
318,bel_bias_v,0.5366117358512258,0.7586720368858338,0.5217569649153915,bel_bias_v
318,pe_wt_v,0.46338826414877415,0.2413279631141661,0.4782430350846085,bel_bias_v
319,bel_bias_v,0.526179812553645,0.6921278805979316,0.5155513865046487,bel_bias_v
319,pe_wt_v,0.473820187446355,0.30787211940206843,0.48444861349535123,bel_bias_v
320,bel_bias_v,0.6303722541001063,0.9940245645137537,0.6042788038909415,bel_bias_v
320,pe_wt_v,0.3696277458998936,0.005975435486246273,0.3957211961090586,bel_bias_v
321,bel_bias_v,0.6020728698914786,0.9752010225520177,0.5682973147234058,bel_bias_v
321,pe_wt_v,0.3979271301085215,0.024798977447982422,0.4317026852765941,bel_bias_v
322,bel_bias_v,0.7117307106128299,0.999999993064361,0.8389532471533676,bel_bias_v
322,pe_wt_v,0.28826928938717017,6.935638942355481e-09,0.1610467528466324,bel_bias_v
323,bel_bias_v,0.5666977854603378,0.8997812856834012,0.5409440695735219,bel_bias_v
323,pe_wt_v,0.43330221453966217,0.10021871431659883,0.459055930426478,bel_bias_v
324,bel_bias_v,0.5944273507667244,0.9652686511849973,0.5663518412381423,bel_bias_v
324,pe_wt_v,0.40557264923327563,0.034731348815002866,0.4336481587618577,bel_bias_v
325,bel_bias_v,0.5979082539025165,0.9701335023594354,0.5657562555923448,bel_bias_v
325,pe_wt_v,0.40209174609748344,0.029866497640564735,0.4342437444076552,bel_bias_v
326,bel_bias_v,0.6013248873252311,0.9743477337700698,0.5717762193797074,bel_bias_v
326,pe_wt_v,0.39867511267476885,0.025652266229930235,0.4282237806202926,bel_bias_v
327,bel_bias_v,0.46730185895330634,0.2653508299717336,0.48036436255549225,bel_bias_v
327,pe_wt_v,0.5326981410466936,0.7346491700282664,0.5196356374445078,bel_bias_v
328,bel_bias_v,0.5697459127055561,0.9097160921365247,0.5436295261502679,bel_bias_v
328,pe_wt_v,0.4302540872944439,0.0902839078634752,0.45637047384973206,bel_bias_v
329,bel_bias_v,0.6775431668629202,0.9997103882906241,0.7382139988324454,bel_bias_v
329,pe_wt_v,0.32245683313707973,0.00028961170937586605,0.2617860011675545,bel_bias_v
330,bel_bias_v,0.5213526125304162,0.6588465188820823,0.5126472608644571,bel_bias_v
330,pe_wt_v,0.47864738746958385,0.3411534811179176,0.48735273913554283,bel_bias_v
331,bel_bias_v,0.44236904740923977,0.13439912648210042,0.46412356777055147,bel_bias_v
331,pe_wt_v,0.5576309525907602,0.8656008735178995,0.5358764322294486,bel_bias_v
332,bel_bias_v,0.6505314943293328,0.9981822226739853,0.6587255839381947,bel_bias_v
332,pe_wt_v,0.3494685056706673,0.0018177773260147376,0.34127441606180536,bel_bias_v
333,bel_bias_v,0.4917160685872987,0.43692220943172255,0.49509407954529033,bel_bias_v
333,pe_wt_v,0.5082839314127012,0.5630777905682774,0.5049059204547096,bel_bias_v
334,bel_bias_v,0.6588335342307968,0.9989347727633514,0.6727950276079644,bel_bias_v
334,pe_wt_v,0.3411664657692032,0.0010652272366486737,0.3272049723920357,bel_bias_v
335,bel_bias_v,0.621594164128486,0.9904227367376223,0.586792114555696,bel_bias_v
335,pe_wt_v,0.37840583587151405,0.009577263262377723,0.413207885444304,bel_bias_v
336,bel_bias_v,0.5293609815102666,0.7132521716332529,0.5176731413094475,bel_bias_v
336,pe_wt_v,0.47063901848973344,0.28674782836674706,0.4823268586905525,bel_bias_v
337,bel_bias_v,0.5005202166626228,0.503977669115312,0.5003078071432349,bel_bias_v
337,pe_wt_v,0.49947978333737725,0.4960223308846878,0.4996921928567651,bel_bias_v
338,bel_bias_v,0.6413351756418069,0.9968126720239434,0.620496185649606,bel_bias_v
338,pe_wt_v,0.35866482435819314,0.0031873279760565565,0.37950381435039404,bel_bias_v
339,bel_bias_v,0.6077393989116361,0.9809267106998594,0.5722821322994409,bel_bias_v
339,pe_wt_v,0.39226060108836397,0.01907328930014061,0.42771786770055903,bel_bias_v
340,bel_bias_v,0.653116528496279,0.998456541849959,0.6396341493798929,bel_bias_v
340,pe_wt_v,0.34688347150372106,0.0015434581500409928,0.36036585062010706,bel_bias_v
341,bel_bias_v,0.6236192457506272,0.9913891894549104,0.5924170196783755,bel_bias_v
341,pe_wt_v,0.37638075424937284,0.008610810545089524,0.40758298032162454,bel_bias_v
342,bel_bias_v,0.4689260542231564,0.27566349125081113,0.48141903684012455,bel_bias_v
342,pe_wt_v,0.5310739457768435,0.7243365087491888,0.5185809631598755,bel_bias_v
343,bel_bias_v,0.6650734696942993,0.9992994831728952,0.650875430640611,bel_bias_v
343,pe_wt_v,0.3349265303057008,0.0007005168271047766,0.349124569359389,bel_bias_v
344,bel_bias_v,0.6418031001833571,0.9969000917653182,0.6415582171367076,bel_bias_v
344,pe_wt_v,0.3581968998166428,0.0030999082346817638,0.3584417828632925,bel_bias_v
345,bel_bias_v,0.5703251808862847,0.9115188749647658,0.5447359675716565,bel_bias_v
345,pe_wt_v,0.4296748191137152,0.08848112503523416,0.4552640324283435,bel_bias_v
346,bel_bias_v,0.6421303765825159,0.9969599530639466,0.6196616927548825,bel_bias_v
346,pe_wt_v,0.35786962341748413,0.003040046936053418,0.3803383072451175,bel_bias_v
347,bel_bias_v,0.5097623303049719,0.5742148437354982,0.5057887236130737,bel_bias_v
347,pe_wt_v,0.49023766969502813,0.42578515626450186,0.4942112763869263,bel_bias_v
348,bel_bias_v,0.8253862357915469,0.9999999999999837,0.9937352144231674,bel_bias_v
348,pe_wt_v,0.17461376420845312,1.630738387981304e-14,0.006264785576832717,bel_bias_v
349,bel_bias_v,0.6353837719707075,0.9954920970744391,0.6004380293489296,bel_bias_v
349,pe_wt_v,0.36461622802929244,0.004507902925560856,0.3995619706510703,bel_bias_v
350,bel_bias_v,0.5898385310080425,0.9578864291274111,0.5602404783613215,bel_bias_v
350,pe_wt_v,0.41016146899195743,0.042113570872588935,0.43975952163867854,bel_bias_v
351,bel_bias_v,0.616671626350116,0.987671877478,0.5838493336917827,bel_bias_v
351,pe_wt_v,0.383328373649884,0.012328122522000004,0.41615066630821734,bel_bias_v
352,bel_bias_v,0.6141216642529789,0.9859964169140993,0.5776242536462792,bel_bias_v
352,pe_wt_v,0.38587833574702124,0.014003583085900625,0.4223757463537207,bel_bias_v
353,bel_bias_v,0.5362873917379049,0.7567268022287685,0.521719847528754,bel_bias_v
353,pe_wt_v,0.4637126082620951,0.24327319777123138,0.478280152471246,bel_bias_v
354,bel_bias_v,0.657041934782875,0.9988018866914729,0.6544542554399979,bel_bias_v
354,pe_wt_v,0.3429580652171251,0.0011981133085271502,0.34554574456000214,bel_bias_v
355,bel_bias_v,0.6194748190123824,0.9893116726128889,0.5919932834562356,bel_bias_v
355,pe_wt_v,0.38052518098761745,0.010688327387111042,0.40800671654376436,bel_bias_v
356,bel_bias_v,0.6970655364046374,0.9999359365708008,0.7501951243934077,bel_bias_v
356,pe_wt_v,0.3029344635953625,6.406342919913428e-05,0.24980487560659226,bel_bias_v
357,bel_bias_v,0.6638013104142338,0.9992360570276528,0.7310924379995714,bel_bias_v
357,pe_wt_v,0.33619868958576615,0.000763942972347093,0.26890756200042865,bel_bias_v
358,bel_bias_v,0.6577479033917203,0.9988559534870157,0.6844721022064633,bel_bias_v
358,pe_wt_v,0.34225209660827965,0.001144046512984152,0.31552789779353674,bel_bias_v
359,bel_bias_v,0.6957480797385719,0.9999287190904532,0.8061972894140181,bel_bias_v
359,pe_wt_v,0.3042519202614281,7.128090954676165e-05,0.19380271058598192,bel_bias_v
360,bel_bias_v,0.5524128959769148,0.8426746191099221,0.5318376289644696,bel_bias_v
360,pe_wt_v,0.44758710402308527,0.1573253808900778,0.4681623710355304,bel_bias_v
361,bel_bias_v,0.5006453841971996,0.5049346785102771,0.5003818713820015,bel_bias_v
361,pe_wt_v,0.49935461580280033,0.49506532148972293,0.4996181286179985,bel_bias_v
362,bel_bias_v,0.6966595608643303,0.9999337889295792,0.7748629594571907,bel_bias_v
362,pe_wt_v,0.30334043913566977,6.621107042085514e-05,0.22513704054280925,bel_bias_v
363,bel_bias_v,0.6080872844687539,0.9812384046078635,0.5791263599064541,bel_bias_v
363,pe_wt_v,0.39191271553124607,0.01876159539213651,0.4208736400935459,bel_bias_v
364,bel_bias_v,0.5557148317217186,0.8574624018032222,0.5334916571145134,bel_bias_v
364,pe_wt_v,0.4442851682782814,0.1425375981967778,0.4665083428854866,bel_bias_v
365,bel_bias_v,0.6405021678524966,0.9966515736480525,0.664439975525134,bel_bias_v
365,pe_wt_v,0.3594978321475035,0.003348426351947525,0.335560024474866,bel_bias_v
366,bel_bias_v,0.5960396079296403,0.9675968664687804,0.5651269030001427,bel_bias_v
366,pe_wt_v,0.4039603920703597,0.03240313353121961,0.43487309699985727,bel_bias_v
367,bel_bias_v,0.5928808972194721,0.9629088470182909,0.5596691716891681,bel_bias_v
367,pe_wt_v,0.407119102780528,0.03709115298170908,0.440330828310832,bel_bias_v
368,bel_bias_v,0.5417741881195443,0.7884744130463678,0.5251244781573636,bel_bias_v
368,pe_wt_v,0.45822581188045575,0.21152558695363222,0.47487552184263637,bel_bias_v
369,bel_bias_v,0.6499069782307788,0.9981096610959922,0.6295458224487747,bel_bias_v
369,pe_wt_v,0.3500930217692212,0.0018903389040078732,0.3704541775512254,bel_bias_v
370,bel_bias_v,0.44854178052049165,0.1617814313239866,0.468392325935168,bel_bias_v
370,pe_wt_v,0.5514582194795085,0.8382185686760133,0.531607674064832,bel_bias_v
371,bel_bias_v,0.5543667197222785,0.8515417728391986,0.5327874038612784,bel_bias_v
371,pe_wt_v,0.4456332802777214,0.14845822716080145,0.4672125961387216,bel_bias_v
372,bel_bias_v,0.6078816765654607,0.9810547118855077,0.5775725663639739,bel_bias_v
372,pe_wt_v,0.3921183234345393,0.018945288114492278,0.4224274336360261,bel_bias_v
373,bel_bias_v,0.5645642071906364,0.8923701169705108,0.5400229888407684,bel_bias_v
373,pe_wt_v,0.43543579280936356,0.10762988302948916,0.4599770111592317,bel_bias_v
374,bel_bias_v,0.6118778680900908,0.9843642961575851,0.5824794338976046,bel_bias_v
374,pe_wt_v,0.3881221319099092,0.015635703842414802,0.4175205661023954,bel_bias_v
375,bel_bias_v,0.6123815785592538,0.9847441721231927,0.5813384517513565,bel_bias_v
375,pe_wt_v,0.38761842144074626,0.015255827876807395,0.41866154824864354,bel_bias_v
376,bel_bias_v,0.6305316223818475,0.9940770440658939,0.5989454104823392,bel_bias_v
376,pe_wt_v,0.36946837761815265,0.005922955934106122,0.40105458951766076,bel_bias_v
377,bel_bias_v,0.5789060522722528,0.935187295325534,0.5486214429541095,bel_bias_v
377,pe_wt_v,0.42109394772774716,0.06481270467446601,0.45137855704589047,bel_bias_v
378,bel_bias_v,0.523167634362295,0.6715228955586211,0.5137193906268962,bel_bias_v
378,pe_wt_v,0.476832365637705,0.32847710444137895,0.48628060937310374,bel_bias_v
379,bel_bias_v,0.6181145494979575,0.9885411718990396,0.580873514716342,bel_bias_v
379,pe_wt_v,0.3818854505020424,0.011458828100960336,0.4191264852836581,bel_bias_v
380,bel_bias_v,0.6152756698451999,0.9867774080803563,0.5795498849024557,bel_bias_v
380,pe_wt_v,0.38472433015480006,0.013222591919643697,0.4204501150975442,bel_bias_v
381,bel_bias_v,0.5331445149480275,0.737448870974863,0.5194962283787127,bel_bias_v
381,pe_wt_v,0.4668554850519724,0.262551129025137,0.4805037716212873,bel_bias_v
382,bel_bias_v,0.5852298708888802,0.9492508889229152,0.5505103183307327,bel_bias_v
382,pe_wt_v,0.41477012911111977,0.05074911107708479,0.44948968166926734,bel_bias_v
383,bel_bias_v,0.6428935477904115,0.9970955400837973,0.6281669979381675,bel_bias_v
383,pe_wt_v,0.3571064522095886,0.0029044599162027294,0.37183300206183245,bel_bias_v
384,bel_bias_v,0.46632337150160635,0.259233416956647,0.47998238988948383,bel_bias_v
384,pe_wt_v,0.5336766284983936,0.7407665830433531,0.5200176101105162,bel_bias_v
385,bel_bias_v,0.6974511503161062,0.9999379159224683,0.8032686984913247,bel_bias_v
385,pe_wt_v,0.3025488496838938,6.208407753169878e-05,0.1967313015086754,bel_bias_v
386,bel_bias_v,0.4603661803155621,0.2236135119125458,0.47635017747752734,bel_bias_v
386,pe_wt_v,0.5396338196844378,0.7763864880874541,0.5236498225224726,bel_bias_v
387,bel_bias_v,0.6216082624842715,0.9904297782288077,0.5991881268152675,bel_bias_v
387,pe_wt_v,0.3783917375157284,0.009570221771192277,0.4008118731847326,bel_bias_v
388,bel_bias_v,0.5606424995890843,0.8777399103764819,0.53708185186724,bel_bias_v
388,pe_wt_v,0.4393575004109157,0.12226008962351809,0.46291814813276005,bel_bias_v
389,bel_bias_v,0.5420541329226669,0.79002679320996,0.5249650200648794,bel_bias_v
389,pe_wt_v,0.4579458670773331,0.20997320679003983,0.4750349799351205,bel_bias_v
390,bel_bias_v,0.5451366927728971,0.806675691113993,0.5274494107321087,bel_bias_v
390,pe_wt_v,0.4548633072271029,0.19332430888600707,0.47255058926789134,bel_bias_v
391,bel_bias_v,0.4816995972346791,0.3628716095256081,0.48914614205335083,bel_bias_v
391,pe_wt_v,0.5183004027653209,0.6371283904743918,0.5108538579466492,bel_bias_v
392,bel_bias_v,0.6104068426095244,0.9832084051148927,0.5878250007950702,bel_bias_v
392,pe_wt_v,0.38959315739047556,0.01679159488510728,0.41217499920492984,bel_bias_v
393,bel_bias_v,0.8949512051943842,1.0,0.9991660855068741,bel_bias_v
393,pe_wt_v,0.10504879480561571,1.0952442334391006e-19,0.0008339144931259326,bel_bias_v
394,bel_bias_v,0.6636708450913292,0.9992292636311457,0.6756760160478554,bel_bias_v
394,pe_wt_v,0.33632915490867077,0.0007707363688543061,0.32432398395214457,bel_bias_v
395,bel_bias_v,0.613421717100172,0.9855037123661087,0.5776728238402227,bel_bias_v
395,pe_wt_v,0.386578282899828,0.014496287633891353,0.4223271761597774,bel_bias_v
396,bel_bias_v,0.5287700654171787,0.7093802881265522,0.5171258612000832,bel_bias_v
396,pe_wt_v,0.47122993458282125,0.2906197118734478,0.48287413879991686,bel_bias_v
397,bel_bias_v,0.5812521693728974,0.9407200003888543,0.5530330238719323,bel_bias_v
397,pe_wt_v,0.4187478306271026,0.05927999961114568,0.4469669761280677,bel_bias_v
398,bel_bias_v,0.6758517364353551,0.9996723430033333,0.6980705249398285,bel_bias_v
398,pe_wt_v,0.3241482635646449,0.00032765699666669786,0.30192947506017154,bel_bias_v
399,bel_bias_v,0.4983850056822277,0.48765322349283263,0.4990443309562571,bel_bias_v
399,pe_wt_v,0.5016149943177723,0.5123467765071674,0.5009556690437429,bel_bias_v
400,bel_bias_v,0.5289676539232748,0.7106776597671265,0.5172808609803131,bel_bias_v
400,pe_wt_v,0.47103234607672506,0.2893223402328734,0.4827191390196868,bel_bias_v
401,bel_bias_v,0.6335619197445902,0.9950004642108008,0.6025946238944998,bel_bias_v
401,pe_wt_v,0.36643808025540975,0.004999535789199159,0.39740537610550014,bel_bias_v
402,bel_bias_v,0.5641893912267661,0.8910286241035015,0.5403269494167937,bel_bias_v
402,pe_wt_v,0.43581060877323385,0.10897137589649855,0.45967305058320634,bel_bias_v
403,bel_bias_v,0.5717636929135296,0.9158802118020755,0.5481323083914259,bel_bias_v
403,pe_wt_v,0.42823630708647037,0.08411978819792444,0.4518676916085741,bel_bias_v
404,bel_bias_v,0.5175589608828491,0.6317825179771457,0.5104124953306988,bel_bias_v
404,pe_wt_v,0.48244103911715097,0.36821748202285426,0.48958750466930123,bel_bias_v
405,bel_bias_v,0.6806343416030467,0.9997695559370015,0.7359975048336377,bel_bias_v
405,pe_wt_v,0.31936565839695336,0.00023044406299859316,0.26400249516636237,bel_bias_v
406,bel_bias_v,0.6485454644847611,0.997942321208846,0.6333363761571724,bel_bias_v
406,pe_wt_v,0.3514545355152389,0.0020576787911540115,0.3666636238428275,bel_bias_v
407,bel_bias_v,0.49293046567439797,0.44610823519530346,0.49581374216950547,bel_bias_v
407,pe_wt_v,0.5070695343256021,0.5538917648046965,0.5041862578304945,bel_bias_v
408,bel_bias_v,0.5379232272293041,0.7664512274520486,0.5227085112100354,bel_bias_v
408,pe_wt_v,0.46207677277069586,0.23354877254795142,0.4772914887899647,bel_bias_v
409,bel_bias_v,0.5605324847299916,0.8773103897499989,0.5366941914961421,bel_bias_v
409,pe_wt_v,0.4394675152700083,0.12268961025000115,0.4633058085038579,bel_bias_v
410,bel_bias_v,0.4999408482274165,0.49954770767155077,0.4999650011132516,bel_bias_v
410,pe_wt_v,0.5000591517725835,0.5004522923284492,0.5000349988867484,bel_bias_v
411,bel_bias_v,0.5139555317189158,0.6054562011381286,0.5082709315448917,bel_bias_v
411,pe_wt_v,0.48604446828108416,0.39454379886187146,0.4917290684551083,bel_bias_v
412,bel_bias_v,0.3515022063502713,0.002063772825445775,0.3424872179924693,bel_bias_v
412,pe_wt_v,0.6484977936497287,0.9979362271745542,0.6575127820075307,bel_bias_v
413,bel_bias_v,0.5492031373616941,0.8273713278093633,0.5297715927861049,bel_bias_v
413,pe_wt_v,0.4507968626383059,0.17262867219063674,0.47022840721389514,bel_bias_v
414,bel_bias_v,0.47125009153033953,0.29075221494146536,0.48300852482366174,bel_bias_v
414,pe_wt_v,0.5287499084696605,0.7092477850585346,0.5169914751763383,bel_bias_v
415,bel_bias_v,0.624431944467267,0.991752444813458,0.61678927186417,bel_bias_v
415,pe_wt_v,0.375568055532733,0.008247555186541978,0.38321072813583,bel_bias_v
416,bel_bias_v,0.62513453394816,0.9920556254281747,0.5993177409896766,bel_bias_v
416,pe_wt_v,0.37486546605184,0.007944374571825258,0.4006822590103234,bel_bias_v
417,bel_bias_v,0.48631046038812037,0.3965078899035251,0.49189415884420606,bel_bias_v
417,pe_wt_v,0.5136895396118797,0.6034921100964747,0.5081058411557939,bel_bias_v
418,bel_bias_v,0.5932458697977456,0.9634772031156715,0.5633193737324078,bel_bias_v
418,pe_wt_v,0.4067541302022544,0.03652279688432851,0.4366806262675922,bel_bias_v
419,bel_bias_v,0.6344070155562646,0.9952341308971758,0.6231312264688423,bel_bias_v
419,pe_wt_v,0.36559298444373545,0.004765869102824112,0.37686877353115766,bel_bias_v
420,bel_bias_v,0.5559678098892259,0.8585554841109201,0.5330912415098354,bel_bias_v
420,pe_wt_v,0.4440321901107742,0.14144451588907989,0.4669087584901646,bel_bias_v
421,bel_bias_v,0.3991595880867151,0.02621788458659477,0.4357331975676639,bel_bias_v
421,pe_wt_v,0.6008404119132849,0.9737821154134052,0.5642668024323361,bel_bias_v
422,bel_bias_v,0.5104568407652433,0.579427021987576,0.5061954254191028,bel_bias_v
422,pe_wt_v,0.4895431592347567,0.42057297801242405,0.4938045745808972,bel_bias_v
423,bel_bias_v,0.6124269468991828,0.9847779966700227,0.5871990227251126,bel_bias_v
423,pe_wt_v,0.3875730531008172,0.015222003329977158,0.4128009772748874,bel_bias_v
424,bel_bias_v,0.6957940770592644,0.9999289834068897,0.7407742745428882,bel_bias_v
424,pe_wt_v,0.3042059229407357,7.101659311028923e-05,0.2592257254571118,bel_bias_v
425,bel_bias_v,0.6123652185337843,0.9847319591044948,0.5866624634725108,bel_bias_v
425,pe_wt_v,0.3876347814662157,0.015268040895505175,0.4133375365274892,bel_bias_v
426,bel_bias_v,0.5337159029065147,0.7410106011045372,0.520016334348656,bel_bias_v
426,pe_wt_v,0.46628409709348534,0.2589893988954629,0.47998366565134404,bel_bias_v
427,bel_bias_v,0.621118279311373,0.9901823979501417,0.5970407847237688,bel_bias_v
427,pe_wt_v,0.37888172068862697,0.009817602049858196,0.4029592152762312,bel_bias_v
428,bel_bias_v,0.5452810725139424,0.8074353230263948,0.5271314360747603,bel_bias_v
428,pe_wt_v,0.45471892748605747,0.1925646769736052,0.47286856392523974,bel_bias_v
429,bel_bias_v,0.5279885769340346,0.7042226814383743,0.5165850515834101,bel_bias_v
429,pe_wt_v,0.4720114230659655,0.29577731856162576,0.48341494841659,bel_bias_v
430,bel_bias_v,0.5631526212701524,0.8872558157452713,0.5392953546036219,bel_bias_v
430,pe_wt_v,0.4368473787298476,0.11274418425472855,0.4607046453963781,bel_bias_v
431,bel_bias_v,0.5021357421748246,0.5163259993363158,0.5012638949049985,bel_bias_v
431,pe_wt_v,0.4978642578251755,0.4836740006636841,0.4987361050950016,bel_bias_v
432,bel_bias_v,0.6201159975399538,0.9896590248788251,0.6012979449952306,bel_bias_v
432,pe_wt_v,0.37988400246004606,0.01034097512117507,0.39870205500476946,bel_bias_v
433,bel_bias_v,0.5297512159742244,0.7157957145009359,0.5178808412509834,bel_bias_v
433,pe_wt_v,0.47024878402577563,0.28420428549906407,0.4821191587490165,bel_bias_v
434,bel_bias_v,0.7189250429835463,0.999999996314831,0.8598884679333427,bel_bias_v
434,pe_wt_v,0.2810749570164537,3.6851688812479583e-09,0.1401115320666572,bel_bias_v
435,bel_bias_v,0.5131415682894557,0.5994376889312251,0.5077770759574193,bel_bias_v
435,pe_wt_v,0.4868584317105444,0.40056231106877493,0.4922229240425807,bel_bias_v
436,bel_bias_v,0.6300392223432095,0.9939135731683943,0.6048240103290903,bel_bias_v
436,pe_wt_v,0.3699607776567904,0.006086426831605595,0.39517598967090967,bel_bias_v
437,bel_bias_v,0.6669585229082899,0.9993846294537027,0.6785447540940153,bel_bias_v
437,pe_wt_v,0.33304147709171006,0.0006153705462973322,0.3214552459059848,bel_bias_v
438,bel_bias_v,0.6404062816555315,0.9966325705068783,0.6110822255610863,bel_bias_v
438,pe_wt_v,0.35959371834446846,0.0033674294931216675,0.38891777443891373,bel_bias_v
439,bel_bias_v,0.5646802916891195,0.8927831817559557,0.5392727185942054,bel_bias_v
439,pe_wt_v,0.4353197083108806,0.10721681824404428,0.4607272814057945,bel_bias_v
440,bel_bias_v,0.5572980315340611,0.8642100938959221,0.5352184781510414,bel_bias_v
440,pe_wt_v,0.44270196846593896,0.13578990610407782,0.46478152184895855,bel_bias_v
441,bel_bias_v,0.5876429042548635,0.953932518125045,0.5574649750946282,bel_bias_v
441,pe_wt_v,0.41235709574513657,0.046067481874954984,0.44253502490537183,bel_bias_v
442,bel_bias_v,0.672814123252015,0.9995922061950598,0.7279193260891772,bel_bias_v
442,pe_wt_v,0.3271858767479851,0.00040779380494024634,0.27208067391082286,bel_bias_v
443,bel_bias_v,0.48464714210971377,0.384270734873112,0.49089804686291033,bel_bias_v
443,pe_wt_v,0.5153528578902863,0.6157292651268881,0.5091019531370897,bel_bias_v
444,bel_bias_v,0.477458189327569,0.33282672772099553,0.486628604634313,bel_bias_v
444,pe_wt_v,0.5225418106724309,0.6671732722790045,0.513371395365687,bel_bias_v
445,bel_bias_v,0.5267737245012318,0.696123059755895,0.5159127940634926,bel_bias_v
445,pe_wt_v,0.4732262754987682,0.30387694024410505,0.4840872059365075,bel_bias_v
446,bel_bias_v,0.6949435726089006,0.9999239445981548,0.7578257111386676,bel_bias_v
446,pe_wt_v,0.30505642739109945,7.605540184517709e-05,0.2421742888613324,bel_bias_v
447,bel_bias_v,0.5926404243727107,0.9625304562105136,0.5622300051976106,bel_bias_v
447,pe_wt_v,0.4073595756272894,0.03746954378948648,0.4377699948023895,bel_bias_v
448,bel_bias_v,0.38587806545724607,0.01400339563180247,0.4148395674406807,bel_bias_v
448,pe_wt_v,0.6141219345427539,0.9859966043681975,0.5851604325593194,bel_bias_v
449,bel_bias_v,0.5849235266126981,0.9486305017640485,0.5543761462495437,bel_bias_v
449,pe_wt_v,0.4150764733873019,0.05136949823595151,0.4456238537504563,bel_bias_v
450,bel_bias_v,0.7637193812192598,0.999999999957842,0.925885178340043,bel_bias_v
450,pe_wt_v,0.23628061878074025,4.2158004325580174e-11,0.07411482165995692,bel_bias_v
451,bel_bias_v,0.43488143757365866,0.10566756310110308,0.45988587284411725,bel_bias_v
451,pe_wt_v,0.5651185624263414,0.894332436898897,0.5401141271558828,bel_bias_v
452,bel_bias_v,0.5242030326127604,0.6786684311822786,0.5143893751672722,bel_bias_v
452,pe_wt_v,0.4757969673872397,0.3213315688177213,0.48561062483272777,bel_bias_v
453,bel_bias_v,0.5191020700818676,0.6428787124624743,0.5113132829413782,bel_bias_v
453,pe_wt_v,0.48089792991813235,0.35712128753752576,0.48868671705862177,bel_bias_v
454,bel_bias_v,0.4065498164544611,0.03620773408451186,0.4392797764337856,bel_bias_v
454,pe_wt_v,0.5934501835455388,0.9637922659154882,0.5607202235662144,bel_bias_v
455,bel_bias_v,0.5809845787146339,0.9401082099807595,0.5522875134445627,bel_bias_v
455,pe_wt_v,0.419015421285366,0.05989179001924041,0.4477124865554372,bel_bias_v
456,bel_bias_v,0.5920886306919889,0.9616503387227981,0.5551150419383408,bel_bias_v
456,pe_wt_v,0.40791136930801114,0.038349661277201845,0.4448849580616592,bel_bias_v
457,bel_bias_v,0.5223543591387805,0.6658660395836906,0.5133141438801921,bel_bias_v
457,pe_wt_v,0.47764564086121947,0.33413396041630944,0.48668585611980786,bel_bias_v
458,bel_bias_v,0.6142630107133812,0.9860941519049226,0.5859512258726064,bel_bias_v
458,pe_wt_v,0.38573698928661887,0.01390584809507746,0.41404877412739366,bel_bias_v
459,bel_bias_v,0.6681076507485022,0.9994317611618269,0.6854672495090595,bel_bias_v
459,pe_wt_v,0.33189234925149774,0.00056823883817318,0.3145327504909405,bel_bias_v
460,bel_bias_v,0.670490497413581,0.999519101190076,0.6973637272906097,bel_bias_v
460,pe_wt_v,0.32950950258641887,0.0004808988099239682,0.30263627270939025,bel_bias_v
461,bel_bias_v,0.5496904715189681,0.8297536784821099,0.530584434944208,bel_bias_v
461,pe_wt_v,0.45030952848103184,0.17024632151789015,0.469415565055792,bel_bias_v
462,bel_bias_v,0.5182852373733715,0.6370193081388587,0.5108441316913893,bel_bias_v
462,pe_wt_v,0.4817147626266286,0.36298069186114135,0.48915586830861063,bel_bias_v
463,bel_bias_v,0.593240966600562,0.9634696148032788,0.5634379812293757,bel_bias_v
463,pe_wt_v,0.40675903339943786,0.03653038519672117,0.4365620187706243,bel_bias_v
464,bel_bias_v,0.39285135450054115,0.01961261307620525,0.4185140573921897,bel_bias_v
464,pe_wt_v,0.6071486454994588,0.9803873869237948,0.5814859426078103,bel_bias_v
465,bel_bias_v,0.6258005129601796,0.9923339663393252,0.6026106282911803,bel_bias_v
465,pe_wt_v,0.37419948703982053,0.007666033660674787,0.39738937170881966,bel_bias_v
466,bel_bias_v,0.5230406719328928,0.6706423194999883,0.5136552178685719,bel_bias_v
466,pe_wt_v,0.4769593280671072,0.3293576805000117,0.48634478213142807,bel_bias_v
467,bel_bias_v,0.4800356271802854,0.3509718900118528,0.48817665826142653,bel_bias_v
467,pe_wt_v,0.5199643728197145,0.6490281099881473,0.5118233417385735,bel_bias_v
468,bel_bias_v,0.5722600098465138,0.9173471105334328,0.5444461730671223,bel_bias_v
468,pe_wt_v,0.4277399901534862,0.08265288946656715,0.45555382693287766,bel_bias_v
469,bel_bias_v,0.6362470023505353,0.9957096819967733,0.6235548583831116,bel_bias_v
469,pe_wt_v,0.3637529976494647,0.004290318003226632,0.37644514161688836,bel_bias_v
470,bel_bias_v,0.5598212571992767,0.8745082135509119,0.5365782507486392,bel_bias_v
470,pe_wt_v,0.4401787428007233,0.12549178644908804,0.46342174925136076,bel_bias_v
471,bel_bias_v,0.5187575389967666,0.640411271368909,0.5111578586852248,bel_bias_v
471,pe_wt_v,0.4812424610032334,0.35958872863109104,0.4888421413147752,bel_bias_v
472,bel_bias_v,0.38596334780080843,0.014062648315846592,0.41545219704287456,bel_bias_v
472,pe_wt_v,0.6140366521991917,0.9859373516841535,0.5845478029571254,bel_bias_v
473,bel_bias_v,0.4863969889858071,0.39714738480899286,0.49193082885637246,bel_bias_v
473,pe_wt_v,0.513603011014193,0.6028526151910072,0.5080691711436276,bel_bias_v
474,bel_bias_v,0.47336780488416613,0.30482690468539225,0.484222115145119,bel_bias_v
474,pe_wt_v,0.5266321951158338,0.6951730953146078,0.5157778848548811,bel_bias_v
475,bel_bias_v,0.6139825983349083,0.9858996848710481,0.5848137835781613,bel_bias_v
475,pe_wt_v,0.38601740166509174,0.014100315128951942,0.4151862164218387,bel_bias_v
476,bel_bias_v,0.4450678225888225,0.14595523269471278,0.46748136091461967,bel_bias_v
476,pe_wt_v,0.5549321774111775,0.8540447673052872,0.5325186390853803,bel_bias_v
477,bel_bias_v,0.646080363580776,0.9976050108182455,0.6176386319830818,bel_bias_v
477,pe_wt_v,0.3539196364192239,0.0023949891817545807,0.38236136801691817,bel_bias_v
478,bel_bias_v,0.6352150872508596,0.9954484521918724,0.6176941635676392,bel_bias_v
478,pe_wt_v,0.3647849127491405,0.00455154780812757,0.3823058364323608,bel_bias_v
479,bel_bias_v,0.7659191129506913,0.9999999999669881,0.9455942761323358,bel_bias_v
479,pe_wt_v,0.2340808870493087,3.301192427865077e-11,0.054405723867664166,bel_bias_v
480,bel_bias_v,0.5431560872370939,0.7960724428840542,0.5257819996654232,bel_bias_v
480,pe_wt_v,0.45684391276290615,0.20392755711594576,0.47421800033457684,bel_bias_v
481,bel_bias_v,0.6057198462511969,0.9790295304563928,0.5682274866776387,bel_bias_v
481,pe_wt_v,0.39428015374880304,0.0209704695436071,0.4317725133223613,bel_bias_v
482,bel_bias_v,0.5119608730310435,0.590666008191782,0.5070813201025406,bel_bias_v
482,pe_wt_v,0.48803912696895646,0.4093339918082179,0.49291867989745936,bel_bias_v
483,bel_bias_v,0.5511591623018917,0.8368060286471062,0.5308372100982932,bel_bias_v
483,pe_wt_v,0.4488408376981083,0.1631939713528938,0.4691627899017068,bel_bias_v
484,bel_bias_v,0.6236728675996923,0.9914135799227106,0.5986424717812306,bel_bias_v
484,pe_wt_v,0.3763271324003078,0.00858642007728934,0.4013575282187693,bel_bias_v
485,bel_bias_v,0.4899957938422183,0.4239684083987479,0.4940754873772243,bel_bias_v
485,pe_wt_v,0.5100042061577817,0.5760315916012521,0.5059245126227757,bel_bias_v
486,bel_bias_v,0.6412306522399811,0.99679284570169,0.6220009334318634,bel_bias_v
486,pe_wt_v,0.35876934776001895,0.00320715429830996,0.37799906656813664,bel_bias_v
487,bel_bias_v,0.5707195742431918,0.9127309450302818,0.5460769912449531,bel_bias_v
487,pe_wt_v,0.42928042575680814,0.0872690549697181,0.4539230087550469,bel_bias_v
488,bel_bias_v,0.6496023946007229,0.9980733312698489,0.6668398926536454,bel_bias_v
488,pe_wt_v,0.3503976053992771,0.0019266687301511055,0.33316010734635454,bel_bias_v
489,bel_bias_v,0.5688792104910784,0.9069683220997312,0.5426611853265924,bel_bias_v
489,pe_wt_v,0.43112078950892163,0.09303167790026881,0.4573388146734076,bel_bias_v
490,bel_bias_v,0.7149399726368114,0.9999999947544612,0.8423214158533716,bel_bias_v
490,pe_wt_v,0.2850600273631887,5.245538777874462e-09,0.15767858414662844,bel_bias_v
491,bel_bias_v,0.6160351835715476,0.9872707508361463,0.5812777306504157,bel_bias_v
491,pe_wt_v,0.38396481642845237,0.01272924916385351,0.4187222693495843,bel_bias_v
492,bel_bias_v,0.6287519367992072,0.9934672890567666,0.6063969651244256,bel_bias_v
492,pe_wt_v,0.37124806320079284,0.006532710943233276,0.39360303487557435,bel_bias_v
493,bel_bias_v,0.513104461681486,0.5991627475344015,0.5077708966483581,bel_bias_v
493,pe_wt_v,0.486895538318514,0.4008372524655986,0.4922291033516419,bel_bias_v
494,bel_bias_v,0.540853458986014,0.7833217893264851,0.5244719746251905,bel_bias_v
494,pe_wt_v,0.4591465410139861,0.21667821067351495,0.47552802537480954,bel_bias_v
495,bel_bias_v,0.5631896823048065,0.8873922594438808,0.5380595362449451,bel_bias_v
495,pe_wt_v,0.4368103176951936,0.11260774055611925,0.461940463755055,bel_bias_v
496,bel_bias_v,0.5112005236395301,0.5849928944856394,0.5066359927275124,bel_bias_v
496,pe_wt_v,0.48879947636047005,0.4150071055143605,0.4933640072724877,bel_bias_v
497,bel_bias_v,0.667650395605339,0.9994134189652774,0.7113226741436887,bel_bias_v
497,pe_wt_v,0.3323496043946609,0.000586581034722685,0.28867732585631134,bel_bias_v
498,bel_bias_v,0.48353736327504226,0.37616853197373495,0.4902377331142789,bel_bias_v
498,pe_wt_v,0.5164626367249577,0.6238314680262651,0.5097622668857211,bel_bias_v
499,bel_bias_v,0.3644981648696353,0.004477577101236473,0.3745235931509632,bel_bias_v
499,pe_wt_v,0.6355018351303647,0.9955224228987635,0.6254764068490368,bel_bias_v
500,bel_bias_v,0.5974870888662251,0.9695765646505088,0.5630483349383892,bel_bias_v
500,pe_wt_v,0.40251291113377474,0.030423435349491313,0.43695166506161076,bel_bias_v
501,bel_bias_v,0.4316444995148687,0.09472155363922705,0.4580176177234354,bel_bias_v
501,pe_wt_v,0.5683555004851313,0.9052784463607729,0.5419823822765646,bel_bias_v
502,bel_bias_v,0.5718876182628186,0.91624828934269,0.5445005394388607,bel_bias_v
502,pe_wt_v,0.42811238173718136,0.08375171065730999,0.45549946056113927,bel_bias_v
503,bel_bias_v,0.6022157976774881,0.9753613488038254,0.5707477385979437,bel_bias_v
503,pe_wt_v,0.3977842023225119,0.024638651196174557,0.4292522614020563,bel_bias_v
504,bel_bias_v,0.5804336030879305,0.938833042145146,0.5507240980955115,bel_bias_v
504,pe_wt_v,0.41956639691206965,0.06116695785485397,0.4492759019044885,bel_bias_v
505,bel_bias_v,0.5090996990356674,0.5692298497967796,0.5053871333749129,bel_bias_v
505,pe_wt_v,0.49090030096433257,0.43077015020322035,0.49461286662508713,bel_bias_v
506,bel_bias_v,0.42384235699129286,0.07179178713984573,0.4543752593681652,bel_bias_v
506,pe_wt_v,0.5761576430087072,0.9282082128601543,0.5456247406318347,bel_bias_v
507,bel_bias_v,0.5895371534676788,0.9573604512559682,0.5584227826324616,bel_bias_v
507,pe_wt_v,0.4104628465323211,0.04263954874403181,0.44157721736753835,bel_bias_v
508,bel_bias_v,0.5062542550231158,0.5477082847167709,0.5037026070050494,bel_bias_v
508,pe_wt_v,0.4937457449768841,0.4522917152832291,0.49629739299495057,bel_bias_v
509,bel_bias_v,0.46171999044336204,0.23145668008381412,0.4772822596649423,bel_bias_v
509,pe_wt_v,0.5382800095566379,0.7685433199161859,0.5227177403350577,bel_bias_v
510,bel_bias_v,0.5032572391846389,0.5248897613144888,0.5019276730787378,bel_bias_v
510,pe_wt_v,0.49674276081536106,0.47511023868551117,0.4980723269212622,bel_bias_v
511,bel_bias_v,0.48497621144309194,0.38668306110262757,0.4910868751634011,bel_bias_v
511,pe_wt_v,0.5150237885569081,0.6133169388973724,0.5089131248365989,bel_bias_v
512,bel_bias_v,0.7492780899908145,0.9999999998022586,0.8913635158503213,bel_bias_v
512,pe_wt_v,0.2507219100091855,1.9774140653956943e-10,0.10863648414967875,bel_bias_v
513,bel_bias_v,0.4604207103618628,0.22392649290854424,0.47602894193806533,bel_bias_v
513,pe_wt_v,0.5395792896381373,0.7760735070914557,0.5239710580619347,bel_bias_v
514,bel_bias_v,0.41705976828816016,0.05553223900878591,0.4474070491803288,bel_bias_v
514,pe_wt_v,0.5829402317118398,0.9444677609912141,0.5525929508196712,bel_bias_v
515,bel_bias_v,0.49056716293024444,0.42826252050678026,0.49441344776928947,bel_bias_v
515,pe_wt_v,0.5094328370697555,0.5717374794932197,0.5055865522307106,bel_bias_v
516,bel_bias_v,0.696535951403883,0.999933121754061,0.7806425730360451,bel_bias_v
516,pe_wt_v,0.3034640485961169,6.687824593896648e-05,0.21935742696395483,bel_bias_v
517,bel_bias_v,0.5039301943939525,0.5300232219557618,0.5023263029640255,bel_bias_v
517,pe_wt_v,0.4960698056060476,0.4699767780442382,0.4976736970359746,bel_bias_v
518,bel_bias_v,0.7334420814478629,0.9999999990408212,0.9428594645374212,bel_bias_v
518,pe_wt_v,0.26655791855213706,9.591787614184663e-10,0.05714053546257866,bel_bias_v
519,bel_bias_v,0.597670524461348,0.9698201779513775,0.565192035838765,bel_bias_v
519,pe_wt_v,0.40232947553865195,0.030179822048622403,0.43480796416123496,bel_bias_v
520,bel_bias_v,0.5988512486735666,0.9713500414816237,0.5640061282843002,bel_bias_v
520,pe_wt_v,0.4011487513264333,0.0286499585183763,0.4359938717156998,bel_bias_v
521,bel_bias_v,0.5848598767382273,0.9485008529353843,0.5540798358769047,bel_bias_v
521,pe_wt_v,0.41514012326177263,0.05149914706461567,0.4459201641230953,bel_bias_v
522,bel_bias_v,0.5838840406976836,0.9464806025376263,0.5537772592339484,bel_bias_v
522,pe_wt_v,0.4161159593023164,0.05351939746237364,0.4462227407660516,bel_bias_v
523,bel_bias_v,0.4998322597529629,0.4987174093051423,0.4999007513790487,bel_bias_v
523,pe_wt_v,0.500167740247037,0.5012825906948576,0.5000992486209513,bel_bias_v
524,bel_bias_v,0.6163293297759813,0.9874575148824383,0.5799962047224099,bel_bias_v
524,pe_wt_v,0.3836706702240186,0.012542485117561791,0.4200037952775901,bel_bias_v
525,bel_bias_v,0.5473279782653838,0.8180086684683736,0.528723428060651,bel_bias_v
525,pe_wt_v,0.4526720217346163,0.1819913315316264,0.471276571939349,bel_bias_v
526,bel_bias_v,0.5128197573507504,0.5970516150634481,0.5076016067962401,bel_bias_v
526,pe_wt_v,0.4871802426492497,0.402948384936552,0.49239839320375994,bel_bias_v
527,bel_bias_v,0.577513133238883,0.9317186812887567,0.5478113683789545,bel_bias_v
527,pe_wt_v,0.42248686676111696,0.06828131871124331,0.45218863162104544,bel_bias_v
528,bel_bias_v,0.4586460876129195,0.2138686482087004,0.4751637296946415,bel_bias_v
528,pe_wt_v,0.5413539123870805,0.7861313517912997,0.5248362703053585,bel_bias_v
529,bel_bias_v,0.7564319749357609,0.9999999999068494,0.9310738418569192,bel_bias_v
529,pe_wt_v,0.2435680250642391,9.31505655966716e-11,0.06892615814308087,bel_bias_v
530,bel_bias_v,0.6075224671080022,0.9807301394707078,0.5725396587384464,bel_bias_v
530,pe_wt_v,0.39247753289199794,0.019269860529292256,0.4274603412615537,bel_bias_v
531,bel_bias_v,0.44828756076824056,0.16058692142287784,0.4679365673814135,bel_bias_v
531,pe_wt_v,0.5517124392317594,0.8394130785771222,0.5320634326185865,bel_bias_v
532,bel_bias_v,0.645508442819611,0.9975199680955169,0.6452075780658724,bel_bias_v
532,pe_wt_v,0.35449155718038905,0.0024800319044831712,0.35479242193412763,bel_bias_v
533,bel_bias_v,0.5188638050643716,0.6411729476663592,0.5111819547090692,bel_bias_v
533,pe_wt_v,0.48113619493562837,0.35882705233364065,0.48881804529093076,bel_bias_v
534,bel_bias_v,0.5677228223857529,0.903207089243608,0.5409801249962234,bel_bias_v
534,pe_wt_v,0.43227717761424717,0.09679291075639194,0.4590198750037766,bel_bias_v
535,bel_bias_v,0.7582245624581991,0.9999999999231651,0.9434350959517555,bel_bias_v
535,pe_wt_v,0.24177543754180095,7.683492138848766e-11,0.056564904048244546,bel_bias_v
536,bel_bias_v,0.6278250120668254,0.9931283590267866,0.5983091927790426,bel_bias_v
536,pe_wt_v,0.37217498793317466,0.006871640973213452,0.40169080722095746,bel_bias_v
537,bel_bias_v,0.6504501106627097,0.9981729117224951,0.6264737851645967,bel_bias_v
537,pe_wt_v,0.34954988933729025,0.0018270882775049265,0.3735262148354034,bel_bias_v
538,bel_bias_v,0.5476409281915439,0.8195927980189182,0.5287591472497893,bel_bias_v
538,pe_wt_v,0.4523590718084561,0.18040720198108193,0.47124085275021066,bel_bias_v
539,bel_bias_v,0.588253072356372,0.9550599535893239,0.5556752073382082,bel_bias_v
539,pe_wt_v,0.4117469276436281,0.04494004641067606,0.4443247926617918,bel_bias_v
540,bel_bias_v,0.5301538402559666,0.718408716517221,0.518021529634506,bel_bias_v
540,pe_wt_v,0.46984615974403343,0.28159128348277895,0.48197847036549396,bel_bias_v
541,bel_bias_v,0.6935935086865258,0.9999152543071356,0.7297127655744933,bel_bias_v
541,pe_wt_v,0.30640649131347425,8.474569286451986e-05,0.27028723442550673,bel_bias_v
542,bel_bias_v,0.6399925329494195,0.9965494622768565,0.614108776045559,bel_bias_v
542,pe_wt_v,0.3600074670505804,0.0034505377231435035,0.385891223954441,bel_bias_v
543,bel_bias_v,0.6051755806489871,0.9784918857545704,0.5714569128358936,bel_bias_v
543,pe_wt_v,0.3948244193510129,0.021508114245429727,0.4285430871641064,bel_bias_v
544,bel_bias_v,0.5586386500205781,0.8697511205395464,0.5364421142918464,bel_bias_v
544,pe_wt_v,0.4413613499794219,0.13024887946045366,0.4635578857081536,bel_bias_v
545,bel_bias_v,0.7381311225884492,0.9999999993916291,0.8733502468926176,bel_bias_v
545,pe_wt_v,0.26186887741155085,6.083708974588658e-10,0.12664975310738236,bel_bias_v
546,bel_bias_v,0.6575151218972772,0.9988383764504455,0.642461253720592,bel_bias_v
546,pe_wt_v,0.34248487810272277,0.0011616235495544888,0.3575387462794079,bel_bias_v
547,bel_bias_v,0.6812837632951129,0.9997804660862789,0.7359754561663997,bel_bias_v
547,pe_wt_v,0.3187162367048872,0.00021953391372105238,0.26402454383360024,bel_bias_v
548,bel_bias_v,0.5550264087780111,0.8544591245318305,0.5332961509644407,bel_bias_v
548,pe_wt_v,0.4449735912219889,0.1455408754681695,0.4667038490355592,bel_bias_v
549,bel_bias_v,0.49440260698142063,0.4572821368288039,0.4966866844226534,bel_bias_v
549,pe_wt_v,0.5055973930185793,0.5427178631711961,0.5033133155773466,bel_bias_v
550,bel_bias_v,0.6584950117911312,0.9989107432086062,0.6585932717931584,bel_bias_v
550,pe_wt_v,0.3415049882088688,0.0010892567913938322,0.34140672820684165,bel_bias_v
551,bel_bias_v,0.5009779183111652,0.507477025160261,0.5005786523480826,bel_bias_v
551,pe_wt_v,0.4990220816888348,0.49252297483973906,0.4994213476519174,bel_bias_v
552,bel_bias_v,0.49454627662594297,0.4583745688100465,0.4967718696825464,bel_bias_v
552,pe_wt_v,0.505453723374057,0.5416254311899534,0.5032281303174536,bel_bias_v
553,bel_bias_v,0.6451190643291516,0.9974605254189959,0.6357389403031399,bel_bias_v
553,pe_wt_v,0.35488093567084855,0.0025394745810040447,0.36426105969686007,bel_bias_v
554,bel_bias_v,0.4050702645409308,0.03399165413917937,0.4332489440296865,bel_bias_v
554,pe_wt_v,0.5949297354590691,0.9660083458608206,0.5667510559703135,bel_bias_v
555,bel_bias_v,0.3270035664786364,0.0004025155087646072,0.2975418974635416,bel_bias_v
555,pe_wt_v,0.6729964335213635,0.9995974844912353,0.7024581025364584,bel_bias_v
556,bel_bias_v,0.6890442974788954,0.9998786518934978,0.7253763584766724,bel_bias_v
556,pe_wt_v,0.31095570252110466,0.00012134810650216667,0.2746236415233277,bel_bias_v
557,bel_bias_v,0.5872486605216575,0.9531921198175053,0.5561325534579048,bel_bias_v
557,pe_wt_v,0.4127513394783425,0.04680788018249467,0.44386744654209526,bel_bias_v
558,bel_bias_v,0.4200326169307156,0.06226236222915109,0.450997209098915,bel_bias_v
558,pe_wt_v,0.5799673830692844,0.937737637770849,0.5490027909010851,bel_bias_v
559,bel_bias_v,0.47217159063791675,0.2968395215381285,0.4834265792073912,bel_bias_v
559,pe_wt_v,0.5278284093620833,0.7031604784618716,0.5165734207926088,bel_bias_v
560,bel_bias_v,0.5333655885222255,0.7388298777365075,0.519789607719058,bel_bias_v
560,pe_wt_v,0.4666344114777745,0.2611701222634925,0.48021039228094203,bel_bias_v
561,bel_bias_v,0.5597944325459798,0.8744016645274303,0.5359347249475841,bel_bias_v
561,pe_wt_v,0.44020556745402006,0.12559833547256974,0.46406527505241596,bel_bias_v
562,bel_bias_v,0.5700163778634353,0.9105611740907357,0.5421136797121653,bel_bias_v
562,pe_wt_v,0.4299836221365648,0.08943882590926427,0.45788632028783477,bel_bias_v
563,bel_bias_v,0.5988418284479472,0.9713380943977642,0.5664759167007345,bel_bias_v
563,pe_wt_v,0.4011581715520528,0.02866190560223582,0.4335240832992655,bel_bias_v
564,bel_bias_v,0.5899129667351464,0.9580155304556256,0.5595103008801695,bel_bias_v
564,pe_wt_v,0.41008703326485363,0.041984469544374375,0.4404896991198305,bel_bias_v
565,bel_bias_v,0.857840406279233,0.9999999999999999,0.9981555155848894,bel_bias_v
565,pe_wt_v,0.14215959372076714,1.0092758658936514e-16,0.0018444844151106372,bel_bias_v
566,bel_bias_v,0.5479277677132465,0.8210371780935992,0.528468189892906,bel_bias_v
566,pe_wt_v,0.4520722322867535,0.17896282190640075,0.471531810107094,bel_bias_v
567,bel_bias_v,0.5178629876748126,0.6339777205995131,0.5105920271783194,bel_bias_v
567,pe_wt_v,0.48213701232518746,0.3660222794004869,0.4894079728216806,bel_bias_v
568,bel_bias_v,0.5182917345260958,0.6370660425148369,0.5108379621919099,bel_bias_v
568,pe_wt_v,0.4817082654739042,0.36293395748516305,0.48916203780809003,bel_bias_v
569,bel_bias_v,0.7004583966779289,0.9999514985070875,0.8444104514879006,bel_bias_v
569,pe_wt_v,0.29954160332207114,4.850149291237791e-05,0.1555895485120993,bel_bias_v
570,bel_bias_v,0.6464044130265828,0.9976520229100166,0.6405637333845022,bel_bias_v
570,pe_wt_v,0.3535955869734172,0.002347977089983347,0.3594362666154977,bel_bias_v
571,bel_bias_v,0.5034362295154061,0.5262555779490518,0.5020337132413422,bel_bias_v
571,pe_wt_v,0.4965637704845939,0.4737444220509482,0.4979662867586578,bel_bias_v
572,bel_bias_v,0.506272866766256,0.5478495795780823,0.5037140294028608,bel_bias_v
572,pe_wt_v,0.49372713323374395,0.45215042042191766,0.4962859705971392,bel_bias_v
573,bel_bias_v,0.5154880190047467,0.6167188138085047,0.5091721542214088,bel_bias_v
573,pe_wt_v,0.4845119809952533,0.38328118619149537,0.4908278457785912,bel_bias_v
574,bel_bias_v,0.6666570254063687,0.9993716826785032,0.6686573331974394,bel_bias_v
574,pe_wt_v,0.33334297459363116,0.0006283173214968422,0.33134266680256064,bel_bias_v
575,bel_bias_v,0.42289616967324467,0.0693271674358831,0.44802850154614937,bel_bias_v
575,pe_wt_v,0.5771038303267554,0.9306728325641169,0.5519714984538506,bel_bias_v
576,bel_bias_v,0.5878614324071247,0.9543388714200147,0.5586000655073435,bel_bias_v
576,pe_wt_v,0.41213856759287537,0.045661128579985284,0.4413999344926564,bel_bias_v
577,bel_bias_v,0.5438902968469471,0.8000426464593514,0.5265006515473942,bel_bias_v
577,pe_wt_v,0.4561097031530528,0.1999573535406486,0.47349934845260583,bel_bias_v
578,bel_bias_v,0.6174802750061603,0.9881657963874089,0.581589946248768,bel_bias_v
578,pe_wt_v,0.38251972499383957,0.011834203612591082,0.41841005375123197,bel_bias_v
579,bel_bias_v,0.4068521471538004,0.03667473403071237,0.4402059725541212,bel_bias_v
579,pe_wt_v,0.5931478528461996,0.9633252659692877,0.5597940274458788,bel_bias_v
580,bel_bias_v,0.5042628055755268,0.5325586801410034,0.5025234619897901,bel_bias_v
580,pe_wt_v,0.4957371944244732,0.46744131985899656,0.49747653801020986,bel_bias_v
581,bel_bias_v,0.4978654371478772,0.4836830106175827,0.4987367911920554,bel_bias_v
581,pe_wt_v,0.5021345628521228,0.5163169893824172,0.5012632088079446,bel_bias_v
582,bel_bias_v,0.6064074586572137,0.9796925670494693,0.5815992257565606,bel_bias_v
582,pe_wt_v,0.3935925413427862,0.020307432950530693,0.4184007742434393,bel_bias_v
583,bel_bias_v,0.6387520710699137,0.9962892075558931,0.6158949931279356,bel_bias_v
583,pe_wt_v,0.3612479289300863,0.0037107924441068057,0.38410500687206434,bel_bias_v
584,bel_bias_v,0.5400801695795413,0.7789390422009812,0.5242770410418633,bel_bias_v
584,pe_wt_v,0.4599198304204587,0.22106095779901885,0.4757229589581367,bel_bias_v
585,bel_bias_v,0.6108392049344791,0.9835554528266196,0.5736679370862006,bel_bias_v
585,pe_wt_v,0.3891607950655208,0.016444547173380442,0.4263320629137995,bel_bias_v
586,bel_bias_v,0.5996756004492043,0.9723796803287375,0.567571055207976,bel_bias_v
586,pe_wt_v,0.4003243995507958,0.027620319671262564,0.43242894479202393,bel_bias_v
587,bel_bias_v,0.41301844124976095,0.04731487456448714,0.4446089628855786,bel_bias_v
587,pe_wt_v,0.586981558750239,0.9526851254355129,0.5553910371144214,bel_bias_v
588,bel_bias_v,0.45618829677186684,0.20038012257257334,0.4737032963298536,bel_bias_v
588,pe_wt_v,0.5438117032281331,0.7996198774274268,0.5262967036701465,bel_bias_v
589,bel_bias_v,0.5846150079670575,0.9479996642638545,0.5545942047658647,bel_bias_v
589,pe_wt_v,0.41538499203294255,0.052000335736145466,0.4454057952341352,bel_bias_v
590,bel_bias_v,0.705197967520393,0.9999673868862936,0.8415222177664641,bel_bias_v
590,pe_wt_v,0.294802032479607,3.261311370643475e-05,0.158477782233536,bel_bias_v
591,bel_bias_v,0.5021415164860443,0.5163701146039941,0.5012673104431172,bel_bias_v
591,pe_wt_v,0.49785848351395573,0.48362988539600593,0.4987326895568827,bel_bias_v
592,bel_bias_v,0.5379250324570651,0.7664618390903812,0.5225348650355183,bel_bias_v
592,pe_wt_v,0.46207496754293487,0.23353816090961885,0.47746513496448173,bel_bias_v
593,bel_bias_v,0.5762895997519057,0.9285558878844545,0.5468460701075031,bel_bias_v
593,pe_wt_v,0.42371040024809414,0.07144411211554556,0.4531539298924969,bel_bias_v
594,bel_bias_v,0.6182745262461453,0.988634209057453,0.5920569893559685,bel_bias_v
594,pe_wt_v,0.38172547375385474,0.011365790942547008,0.4079430106440315,bel_bias_v
595,bel_bias_v,0.4848152299606675,0.385502395069426,0.4909922768505814,bel_bias_v
595,pe_wt_v,0.5151847700393324,0.614497604930574,0.5090077231494187,bel_bias_v
596,bel_bias_v,0.4962663375557159,0.47147549508184605,0.49779015736108334,bel_bias_v
596,pe_wt_v,0.5037336624442842,0.528524504918154,0.5022098426389167,bel_bias_v
597,bel_bias_v,0.6300682870524309,0.9939233315527836,0.5947121690620446,bel_bias_v
597,pe_wt_v,0.36993171294756905,0.006076668447216402,0.40528783093795534,bel_bias_v
598,bel_bias_v,0.6329906895245243,0.994836828479445,0.6231482689238061,bel_bias_v
598,pe_wt_v,0.36700931047547564,0.005163171520555162,0.37685173107619396,bel_bias_v
599,bel_bias_v,0.4717914152847358,0.2943211037839677,0.483225622136436,bel_bias_v
599,pe_wt_v,0.5282085847152643,0.7056788962160323,0.5167743778635641,bel_bias_v
600,bel_bias_v,0.4930967342696963,0.44736829038361775,0.49591257605448813,bel_bias_v
600,pe_wt_v,0.5069032657303038,0.5526317096163822,0.5040874239455119,bel_bias_v
601,bel_bias_v,0.7271370330177357,0.9999999982587704,0.8804467031871234,bel_bias_v
601,pe_wt_v,0.2728629669822642,1.7412295241026993e-09,0.11955329681287662,bel_bias_v
602,bel_bias_v,0.5011626889771259,0.5088895414878625,0.5006880024279818,bel_bias_v
602,pe_wt_v,0.49883731102287415,0.49111045851213764,0.4993119975720182,bel_bias_v
603,bel_bias_v,0.6574803930729751,0.9988357331475428,0.6578537058584261,bel_bias_v
603,pe_wt_v,0.3425196069270248,0.0011642668524571441,0.34214629414157394,bel_bias_v
604,bel_bias_v,0.6315766489803835,0.9944112099121191,0.61832482056345,bel_bias_v
604,pe_wt_v,0.3684233510196166,0.005588790087881033,0.38167517943655016,bel_bias_v
605,bel_bias_v,0.6041167948969249,0.9774127615395964,0.570761658498413,bel_bias_v
605,pe_wt_v,0.39588320510307506,0.022587238460403482,0.429238341501587,bel_bias_v
606,bel_bias_v,0.5535373690470449,0.8478193114008712,0.5327879168607971,bel_bias_v
606,pe_wt_v,0.44646263095295513,0.15218068859912873,0.4672120831392029,bel_bias_v
607,bel_bias_v,0.541386436895819,0.7863132125322864,0.524530449928289,bel_bias_v
607,pe_wt_v,0.458613563104181,0.2136867874677137,0.47546955007171104,bel_bias_v
608,bel_bias_v,0.6841327603590569,0.9998228998743942,0.740236500656346,bel_bias_v
608,pe_wt_v,0.3158672396409432,0.0001771001256058367,0.25976349934365395,bel_bias_v
609,bel_bias_v,0.599670378225351,0.9723732554587443,0.5743795253345062,bel_bias_v
609,pe_wt_v,0.400329621774649,0.02762674454125576,0.4256204746654938,bel_bias_v
610,bel_bias_v,0.6012958522610143,0.9743141242399976,0.5649166872746924,bel_bias_v
610,pe_wt_v,0.39870414773898577,0.0256858757600024,0.43508331272530765,bel_bias_v
611,bel_bias_v,0.6288005670044413,0.9934846576533528,0.5854343294636896,bel_bias_v
611,pe_wt_v,0.37119943299555874,0.006515342346647265,0.4145656705363105,bel_bias_v
612,bel_bias_v,0.5682539536893231,0.9049481938217414,0.542651450733131,bel_bias_v
612,pe_wt_v,0.43174604631067703,0.09505180617825844,0.45734854926686896,bel_bias_v
613,bel_bias_v,0.6438974612627394,0.9972656355827759,0.6404725619429442,bel_bias_v
613,pe_wt_v,0.3561025387372606,0.0027343644172241424,0.3595274380570558,bel_bias_v
614,bel_bias_v,0.7299667911760366,0.9999999986646105,0.8020377214898999,bel_bias_v
614,pe_wt_v,0.2700332088239635,1.3353894925185016e-09,0.19796227851010018,bel_bias_v
615,bel_bias_v,0.6151439191002336,0.9866901784749951,0.5830489900665975,bel_bias_v
615,pe_wt_v,0.3848560808997664,0.013309821525004921,0.4169510099334025,bel_bias_v
616,bel_bias_v,0.47012343656120603,0.28338955481462674,0.4821927330869091,bel_bias_v
616,pe_wt_v,0.5298765634387939,0.7166104451853731,0.5178072669130909,bel_bias_v
617,bel_bias_v,0.6351061321020067,0.9954200625573274,0.612789295999939,bel_bias_v
617,pe_wt_v,0.36489386789799316,0.004579937442672579,0.38721070400006097,bel_bias_v
618,bel_bias_v,0.5500981483942294,0.8317304509611226,0.5299189944193614,bel_bias_v
618,pe_wt_v,0.44990185160577045,0.16826954903887734,0.47008100558063864,bel_bias_v
619,bel_bias_v,0.5453988640194058,0.8080537191215712,0.5272747696614901,bel_bias_v
619,pe_wt_v,0.45460113598059415,0.19194628087842883,0.47272523033850994,bel_bias_v
620,bel_bias_v,0.47297858528238174,0.30221757836169866,0.483961919260731,bel_bias_v
620,pe_wt_v,0.5270214147176182,0.6977824216383014,0.5160380807392689,bel_bias_v
621,bel_bias_v,0.34143496345364976,0.001084246033513758,0.31405799021583913,bel_bias_v
621,pe_wt_v,0.6585650365463502,0.9989157539664862,0.6859420097841609,bel_bias_v
622,bel_bias_v,0.5397954075158345,0.7773124845081124,0.523799063599965,bel_bias_v
622,pe_wt_v,0.4602045924841654,0.22268751549188767,0.47620093640003497,bel_bias_v
623,bel_bias_v,0.6830475150406539,0.9998077258826377,0.7445281474692778,bel_bias_v
623,pe_wt_v,0.3169524849593461,0.00019227411736240065,0.2554718525307222,bel_bias_v
624,bel_bias_v,0.621055194464217,0.9901501479634157,0.5980878819886618,bel_bias_v
624,pe_wt_v,0.378944805535783,0.009849852036584337,0.4019121180113382,bel_bias_v
625,bel_bias_v,0.5260866923149745,0.6914993955782145,0.5154200787438303,bel_bias_v
625,pe_wt_v,0.4739133076850256,0.3085006044217855,0.48457992125616967,bel_bias_v
626,bel_bias_v,0.7742192823771928,0.9999999999871705,0.968793837608234,bel_bias_v
626,pe_wt_v,0.22578071762280721,1.282948768191635e-11,0.03120616239176595,bel_bias_v
627,bel_bias_v,0.451774985387318,0.17747369352178413,0.4703416569182728,bel_bias_v
627,pe_wt_v,0.5482250146126819,0.8225263064782159,0.5296583430817272,bel_bias_v
628,bel_bias_v,0.6698860202401199,0.9994981989755298,0.6777247708645788,bel_bias_v
628,pe_wt_v,0.33011397975988016,0.0005018010244701672,0.32227522913542117,bel_bias_v
629,bel_bias_v,0.7164137943501556,0.9999999953928302,0.8627021984718828,bel_bias_v
629,pe_wt_v,0.2835862056498444,4.607169767725826e-09,0.13729780152811727,bel_bias_v
630,bel_bias_v,0.6387930445859724,0.996298076012377,0.6133389452865596,bel_bias_v
630,pe_wt_v,0.3612069554140276,0.0037019239876231293,0.3866610547134404,bel_bias_v
631,bel_bias_v,0.6388725364094552,0.9963152276239237,0.6185600425588298,bel_bias_v
631,pe_wt_v,0.36112746359054493,0.0036847723760763387,0.38143995744117015,bel_bias_v
632,bel_bias_v,0.5802732694965883,0.9384580335147438,0.5543189481631051,bel_bias_v
632,pe_wt_v,0.4197267305034118,0.06154196648525615,0.4456810518368948,bel_bias_v
633,bel_bias_v,0.46381550312239317,0.24389205987043003,0.47848559166860466,bel_bias_v
633,pe_wt_v,0.5361844968776067,0.75610794012957,0.5215144083313954,bel_bias_v
634,bel_bias_v,0.5588259791546537,0.8705128181683022,0.5368769748641623,bel_bias_v
634,pe_wt_v,0.44117402084534635,0.1294871818316978,0.46312302513583764,bel_bias_v
635,bel_bias_v,0.6546230716396461,0.9985985391838345,0.6438211609935696,bel_bias_v
635,pe_wt_v,0.345376928360354,0.001401460816165553,0.3561788390064304,bel_bias_v
636,bel_bias_v,0.5164377917186741,0.6236506589349542,0.5097157394286531,bel_bias_v
636,pe_wt_v,0.48356220828132596,0.37634934106504575,0.4902842605713469,bel_bias_v
637,bel_bias_v,0.516172313518614,0.6217169686392522,0.5095862191112517,bel_bias_v
637,pe_wt_v,0.48382768648138585,0.37828303136074776,0.49041378088874826,bel_bias_v
638,bel_bias_v,0.5779088169639227,0.9327181794720901,0.547064491335852,bel_bias_v
638,pe_wt_v,0.42209118303607723,0.06728182052790979,0.45293550866414795,bel_bias_v
639,bel_bias_v,0.4740204665179116,0.3092245294396566,0.4845692268676627,bel_bias_v
639,pe_wt_v,0.5259795334820885,0.6907754705603434,0.5154307731323373,bel_bias_v
640,bel_bias_v,0.6855350955583879,0.9998408607424536,0.7318098794412995,bel_bias_v
640,pe_wt_v,0.3144649044416121,0.0001591392575463757,0.2681901205587005,bel_bias_v
641,bel_bias_v,0.6278659397701098,0.9931436438840924,0.6028553164222418,bel_bias_v
641,pe_wt_v,0.37213406022989015,0.006856356115907563,0.39714468357775823,bel_bias_v
642,bel_bias_v,0.5842504318010738,0.9472463325273535,0.5523925882051343,bel_bias_v
642,pe_wt_v,0.4157495681989261,0.05275366747264638,0.44760741179486574,bel_bias_v
643,bel_bias_v,0.539230548572136,0.774066026724874,0.5234920812285645,bel_bias_v
643,pe_wt_v,0.460769451427864,0.22593397327512602,0.4765079187714355,bel_bias_v
644,bel_bias_v,0.513732407956743,0.6038088288162944,0.5081386666425542,bel_bias_v
644,pe_wt_v,0.486267592043257,0.3961911711837056,0.4918613333574458,bel_bias_v
645,bel_bias_v,0.6552378078645835,0.9986529917798561,0.6623130286396575,bel_bias_v
645,pe_wt_v,0.3447621921354164,0.0013470082201438827,0.33768697136034254,bel_bias_v
646,bel_bias_v,0.698659388941411,0.99994375313851,0.7832458306493045,bel_bias_v
646,pe_wt_v,0.30134061105858895,5.62468614899537e-05,0.2167541693506954,bel_bias_v
647,bel_bias_v,0.5720966248225893,0.9168663437751936,0.5477430674250773,bel_bias_v
647,pe_wt_v,0.42790337517741067,0.08313365622480644,0.4522569325749227,bel_bias_v
648,bel_bias_v,0.5955673034044636,0.9669284797260145,0.565498768429279,bel_bias_v
648,pe_wt_v,0.4044326965955364,0.033071520273985536,0.434501231570721,bel_bias_v
649,bel_bias_v,0.4507323058589423,0.1723118751665695,0.47069914575793437,bel_bias_v
649,pe_wt_v,0.5492676941410577,0.8276881248334305,0.5293008542420656,bel_bias_v
650,bel_bias_v,0.5810773730763003,0.94032091953803,0.5517092096529618,bel_bias_v
650,pe_wt_v,0.4189226269236998,0.05967908046197002,0.44829079034703817,bel_bias_v
651,bel_bias_v,0.5723364536360216,0.917571333539623,0.5459236792121266,bel_bias_v
651,pe_wt_v,0.4276635463639784,0.08242866646037712,0.4540763207878734,bel_bias_v
652,bel_bias_v,0.5923284441836978,0.9620348815372265,0.5568071159693113,bel_bias_v
652,pe_wt_v,0.40767155581630216,0.03796511846277354,0.4431928840306887,bel_bias_v
653,bel_bias_v,0.4748413564920799,0.3147944419025556,0.485033808641439,bel_bias_v
653,pe_wt_v,0.5251586435079202,0.6852055580974444,0.5149661913585609,bel_bias_v
654,bel_bias_v,0.7180202521951792,0.9999999960048199,0.8832545586085088,bel_bias_v
654,pe_wt_v,0.28197974780482077,3.995180076077563e-09,0.11674544139149134,bel_bias_v
655,bel_bias_v,0.636596791668428,0.9957951578868973,0.6084133022095598,bel_bias_v
655,pe_wt_v,0.363403208331572,0.004204842113102674,0.3915866977904402,bel_bias_v
656,bel_bias_v,0.6794461530435641,0.9997482827161553,0.6797504798385672,bel_bias_v
656,pe_wt_v,0.32055384695643585,0.0002517172838446728,0.3202495201614329,bel_bias_v
657,bel_bias_v,0.6700988989896152,0.9995056536404245,0.6887500471531143,bel_bias_v
657,pe_wt_v,0.32990110101038483,0.0004943463595753865,0.3112499528468857,bel_bias_v
658,bel_bias_v,0.5886966622730406,0.9558656460993546,0.5613987398537713,bel_bias_v
658,pe_wt_v,0.4113033377269593,0.044134353900645414,0.43860126014622874,bel_bias_v
659,bel_bias_v,0.7071841174974368,0.9999724623702407,0.797746950063673,bel_bias_v
659,pe_wt_v,0.29281588250256324,2.753762975923285e-05,0.20225304993632703,bel_bias_v
660,bel_bias_v,0.6717926315299224,0.9995614321299883,0.7018044924313656,bel_bias_v
660,pe_wt_v,0.32820736847007764,0.0004385678700117975,0.29819550756863444,bel_bias_v
661,bel_bias_v,0.5350307017441134,0.7491109473551196,0.5208081617625772,bel_bias_v
661,pe_wt_v,0.4649692982558867,0.25088905264488043,0.4791918382374228,bel_bias_v
662,bel_bias_v,0.5098074022345338,0.5745535024091168,0.5058107131573559,bel_bias_v
662,pe_wt_v,0.49019259776546614,0.42544649759088315,0.4941892868426441,bel_bias_v
663,bel_bias_v,0.5180155331556718,0.6350775279988102,0.5106979184094363,bel_bias_v
663,pe_wt_v,0.48198446684432805,0.3649224720011898,0.48930208159056365,bel_bias_v
664,bel_bias_v,0.5647080694961771,0.8928818550834825,0.5402642986766147,bel_bias_v
664,pe_wt_v,0.435291930503823,0.10711814491651751,0.4597357013233853,bel_bias_v
665,bel_bias_v,0.6171109537240149,0.9879423754510744,0.596008868780048,bel_bias_v
665,pe_wt_v,0.38288904627598513,0.012057624548925543,0.403991131219952,bel_bias_v
666,bel_bias_v,0.5808437006026432,0.9397841514574476,0.5507814758432468,bel_bias_v
666,pe_wt_v,0.4191562993973568,0.06021584854255233,0.44921852415675323,bel_bias_v
667,bel_bias_v,0.5572445948206916,0.8639859521576533,0.5354194568052972,bel_bias_v
667,pe_wt_v,0.44275540517930845,0.1360140478423466,0.4645805431947027,bel_bias_v
668,bel_bias_v,0.4796036210150223,0.3479055091522156,0.48787477855838235,bel_bias_v
668,pe_wt_v,0.5203963789849778,0.6520944908477843,0.5121252214416177,bel_bias_v
669,bel_bias_v,0.6056492157202823,0.9789604041400911,0.5705723056387743,bel_bias_v
669,pe_wt_v,0.39435078427971765,0.02103959585990892,0.42942769436122574,bel_bias_v
670,bel_bias_v,0.5039959889565417,0.5305248659358195,0.502365259535536,bel_bias_v
670,pe_wt_v,0.4960040110434582,0.4694751340641805,0.497634740464464,bel_bias_v
671,bel_bias_v,0.5538011969766664,0.8490101036472851,0.5328375044275563,bel_bias_v
671,pe_wt_v,0.4461988030233336,0.1509898963527149,0.46716249557244377,bel_bias_v
672,bel_bias_v,0.5091845555404705,0.5698688577887303,0.5054409953752079,bel_bias_v
672,pe_wt_v,0.49081544445952957,0.4301311422112698,0.4945590046247921,bel_bias_v
673,bel_bias_v,0.3903790087847759,0.01743833915093917,0.4208240330903169,bel_bias_v
673,pe_wt_v,0.6096209912152242,0.9825616608490608,0.5791759669096831,bel_bias_v
674,bel_bias_v,0.6452402421238156,0.9974791602640178,0.6370945608039904,bel_bias_v
674,pe_wt_v,0.3547597578761844,0.0025208397359822677,0.3629054391960096,bel_bias_v
675,bel_bias_v,0.6630556867776345,0.9991964807014193,0.6755441091695471,bel_bias_v
675,pe_wt_v,0.33694431322236545,0.0008035192985805642,0.32445589083045284,bel_bias_v
676,bel_bias_v,0.7783171233235598,0.9999999999920602,0.9702380981994452,bel_bias_v
676,pe_wt_v,0.22168287667644024,7.939807512929417e-12,0.02976190180055487,bel_bias_v
677,bel_bias_v,0.5172377432465666,0.6294585340676879,0.5102353789697412,bel_bias_v
677,pe_wt_v,0.4827622567534333,0.3705414659323122,0.4897646210302588,bel_bias_v
678,bel_bias_v,0.6890594384882484,0.9998787950865344,0.720808302075711,bel_bias_v
678,pe_wt_v,0.3109405615117517,0.00012120491346552383,0.279191697924289,bel_bias_v
679,bel_bias_v,0.6170645797033213,0.9879140661588032,0.5913187028488918,bel_bias_v
679,pe_wt_v,0.3829354202966787,0.012085933841196817,0.4086812971511083,bel_bias_v
680,bel_bias_v,0.4756500288751542,0.3203227397005243,0.48553682866466713,bel_bias_v
680,pe_wt_v,0.5243499711248458,0.6796772602994757,0.5144631713353329,bel_bias_v
681,bel_bias_v,0.5462497336611085,0.8124847245688516,0.5275411537782859,bel_bias_v
681,pe_wt_v,0.4537502663388916,0.18751527543114843,0.4724588462217141,bel_bias_v
682,bel_bias_v,0.7322215926599388,0.9999999989219412,0.8296696100680656,bel_bias_v
682,pe_wt_v,0.26777840734006125,1.0780587792111874e-09,0.1703303899319344,bel_bias_v
683,bel_bias_v,0.5513895325894992,0.8378948420931471,0.5314022122350552,bel_bias_v
683,pe_wt_v,0.4486104674105008,0.16210515790685287,0.46859778776494476,bel_bias_v
684,bel_bias_v,0.6877284174644244,0.9998655869326951,0.7238088937701063,bel_bias_v
684,pe_wt_v,0.31227158253557574,0.00013441306730499415,0.2761911062298938,bel_bias_v
685,bel_bias_v,0.6915645565081356,0.999900433091734,0.7364878388247382,bel_bias_v
685,pe_wt_v,0.30843544349186436,9.956690826597213e-05,0.26351216117526177,bel_bias_v
686,bel_bias_v,0.442789454371326,0.13615699939625964,0.46525418268100865,bel_bias_v
686,pe_wt_v,0.557210545628674,0.8638430006037403,0.5347458173189913,bel_bias_v
687,bel_bias_v,0.6380432497783726,0.9961327599375622,0.6209153427623393,bel_bias_v
687,pe_wt_v,0.3619567502216274,0.003867240062437781,0.37908465723766066,bel_bias_v
688,bel_bias_v,0.6590493663978172,0.9989498400251408,0.6635885916520312,bel_bias_v
688,pe_wt_v,0.34095063360218275,0.0010501599748592744,0.33641140834796873,bel_bias_v
689,bel_bias_v,0.6902338148318404,0.9998894336504784,0.7541221911106412,bel_bias_v
689,pe_wt_v,0.3097661851681595,0.00011056634952163276,0.24587780888935884,bel_bias_v
690,bel_bias_v,0.40511217116596776,0.03405285950131922,0.43212257662550274,bel_bias_v
690,pe_wt_v,0.5948878288340322,0.9659471404986808,0.5678774233744973,bel_bias_v
691,bel_bias_v,0.6307241796289887,0.9941399102318911,0.5962982246558455,bel_bias_v
691,pe_wt_v,0.3692758203710113,0.005860089768108927,0.40370177534415447,bel_bias_v
692,bel_bias_v,0.5342012182135547,0.7440161621237829,0.5204478265917146,bel_bias_v
692,pe_wt_v,0.4657987817864453,0.25598383787621726,0.4795521734082854,bel_bias_v
693,bel_bias_v,0.5201117739392012,0.6500754606441248,0.5119514092641434,bel_bias_v
693,pe_wt_v,0.4798882260607988,0.34992453935587525,0.48804859073585666,bel_bias_v
694,bel_bias_v,0.4511643995945409,0.17443930155576085,0.47107719975113965,bel_bias_v
694,pe_wt_v,0.5488356004054591,0.8255606984442391,0.5289228002488603,bel_bias_v
695,bel_bias_v,0.6053601100059358,0.9786754538697052,0.571948754962003,bel_bias_v
695,pe_wt_v,0.3946398899940643,0.02132454613029472,0.4280512450379969,bel_bias_v
696,bel_bias_v,0.36476626774912946,0.00454670530072194,0.3933419663902452,bel_bias_v
696,pe_wt_v,0.6352337322508705,0.9954532946992781,0.6066580336097548,bel_bias_v
697,bel_bias_v,0.7470733288432092,0.9999999997518735,0.9280560759703472,bel_bias_v
697,pe_wt_v,0.2529266711567909,2.48126618181182e-10,0.0719439240296529,bel_bias_v
698,bel_bias_v,0.5402883348639184,0.7801237899189193,0.5243390617068336,bel_bias_v
698,pe_wt_v,0.45971166513608164,0.21987621008108077,0.47566093829316636,bel_bias_v
699,bel_bias_v,0.5658658841488494,0.8969369253588119,0.541920195171404,bel_bias_v
699,pe_wt_v,0.4341341158511506,0.10306307464118811,0.45807980482859606,bel_bias_v
700,bel_bias_v,0.6425419485892506,0.9970337621841444,0.6296076217517457,bel_bias_v
700,pe_wt_v,0.3574580514107494,0.0029662378158555065,0.37039237824825433,bel_bias_v
701,bel_bias_v,0.6363188579476893,0.99572736589744,0.6264790724649161,bel_bias_v
701,pe_wt_v,0.3636811420523107,0.004272634102559935,0.3735209275350839,bel_bias_v
702,bel_bias_v,0.7278545125398658,0.9999999983715128,0.8642881366708627,bel_bias_v
702,pe_wt_v,0.2721454874601342,1.6284871448867904e-09,0.1357118633291373,bel_bias_v
703,bel_bias_v,0.46400112686695644,0.24501062892120481,0.478335128346089,bel_bias_v
703,pe_wt_v,0.5359988731330436,0.7549893710787952,0.5216648716539111,bel_bias_v
704,bel_bias_v,0.4119811902296873,0.04537026380400574,0.44394638176231255,bel_bias_v
704,pe_wt_v,0.5880188097703126,0.9546297361959942,0.5560536182376874,bel_bias_v
705,bel_bias_v,0.6423798152830418,0.9970048799058142,0.6356287619992818,bel_bias_v
705,pe_wt_v,0.35762018471695817,0.002995120094185755,0.3643712380007182,bel_bias_v
706,bel_bias_v,0.6241458134974458,0.9916261076926826,0.5973265800802591,bel_bias_v
706,pe_wt_v,0.3758541865025543,0.008373892307317358,0.4026734199197409,bel_bias_v
707,bel_bias_v,0.648493643813983,0.9979356959078721,0.6454059700156425,bel_bias_v
707,pe_wt_v,0.3515063561860169,0.0020643040921278556,0.35459402998435746,bel_bias_v
708,bel_bias_v,0.6686245926535251,0.9994518620160648,0.6615315612344772,bel_bias_v
708,pe_wt_v,0.33137540734647475,0.0005481379839351721,0.33846843876552274,bel_bias_v
709,bel_bias_v,0.6484137144598605,0.9979254391606736,0.630476486910454,bel_bias_v
709,pe_wt_v,0.35158628554013943,0.0020745608393264933,0.369523513089546,bel_bias_v
710,bel_bias_v,0.74665008824156,0.9999999997408922,0.9274604899074652,bel_bias_v
710,pe_wt_v,0.2533499117584401,2.591078165576834e-10,0.07253951009253481,bel_bias_v
711,bel_bias_v,0.6163598758916012,0.9874767738405925,0.5857446330130776,bel_bias_v
711,pe_wt_v,0.38364012410839887,0.01252322615940749,0.41425536698692245,bel_bias_v
712,bel_bias_v,0.6271294871778579,0.99286399549869,0.6005075293821561,bel_bias_v
712,pe_wt_v,0.3728705128221421,0.00713600450131011,0.39949247061784393,bel_bias_v
713,bel_bias_v,0.4980158730458109,0.4848323981113747,0.4988258458168381,bel_bias_v
713,pe_wt_v,0.5019841269541891,0.5151676018886253,0.5011741541831619,bel_bias_v
714,bel_bias_v,0.5058004348518259,0.5442611989276188,0.5034336936014691,bel_bias_v
714,pe_wt_v,0.49419956514817404,0.4557388010723812,0.49656630639853094,bel_bias_v
715,bel_bias_v,0.6980176479121455,0.9999407200750517,0.7598227261976795,bel_bias_v
715,pe_wt_v,0.3019823520878545,5.9279924948356926e-05,0.24017727380232048,bel_bias_v
716,bel_bias_v,0.6361703259672323,0.9956907399689845,0.6353205020234292,bel_bias_v
716,pe_wt_v,0.36382967403276767,0.00430926003101551,0.36467949797657084,bel_bias_v
717,bel_bias_v,0.5139592055374907,0.6054833101570166,0.5082861430395631,bel_bias_v
717,pe_wt_v,0.4860407944625092,0.3945166898429834,0.4917138569604369,bel_bias_v
718,bel_bias_v,0.5484904379753947,0.8238494137415857,0.5289831006839714,bel_bias_v
718,pe_wt_v,0.45150956202460546,0.1761505862584143,0.47101689931602864,bel_bias_v
719,bel_bias_v,0.5464784747774823,0.8136651148201227,0.528357130269466,bel_bias_v
719,pe_wt_v,0.4535215252225176,0.1863348851798774,0.4716428697305341,bel_bias_v
720,bel_bias_v,0.639583824253473,0.9964655727389191,0.6227182258577836,bel_bias_v
720,pe_wt_v,0.360416175746527,0.0035344272610809166,0.3772817741422165,bel_bias_v
721,bel_bias_v,0.5985241993407194,0.9709328477422904,0.564792949371855,bel_bias_v
721,pe_wt_v,0.40147580065928057,0.029067152257709478,0.43520705062814496,bel_bias_v
722,bel_bias_v,0.49611198308712273,0.4702983809546678,0.49769872875863813,bel_bias_v
722,pe_wt_v,0.5038880169128773,0.5297016190453323,0.5023012712413619,bel_bias_v
723,bel_bias_v,0.6128451654035061,0.9850867957021212,0.5786329780792712,bel_bias_v
723,pe_wt_v,0.38715483459649397,0.014913204297878749,0.4213670219207289,bel_bias_v
724,bel_bias_v,0.5072403300960304,0.5551855654761028,0.5042881043937407,bel_bias_v
724,pe_wt_v,0.4927596699039695,0.44481443452389724,0.4957118956062593,bel_bias_v
725,bel_bias_v,0.4983288477170662,0.48722403434149486,0.49901110854622865,bel_bias_v
725,pe_wt_v,0.5016711522829338,0.5127759656585051,0.5009888914537713,bel_bias_v
726,bel_bias_v,0.46828564025092284,0.27157394515225514,0.4810068041229829,bel_bias_v
726,pe_wt_v,0.5317143597490771,0.7284260548477448,0.5189931958770171,bel_bias_v
727,bel_bias_v,0.47547120167514434,0.3190967536276757,0.4854384327520989,bel_bias_v
727,pe_wt_v,0.5245287983248555,0.6809032463723242,0.5145615672479011,bel_bias_v
728,bel_bias_v,0.771055857188553,0.9999999999815298,0.9428614832987463,bel_bias_v
728,pe_wt_v,0.22894414281144704,1.8470226610225717e-11,0.057138516701253785,bel_bias_v
729,bel_bias_v,0.6149757772278018,0.9865781375951851,0.5835797219145229,bel_bias_v
729,pe_wt_v,0.3850242227721982,0.013421862404814919,0.4164202780854771,bel_bias_v
730,bel_bias_v,0.4798676926915095,0.3497787304601693,0.48809548449478846,bel_bias_v
730,pe_wt_v,0.5201323073084906,0.6502212695398308,0.5119045155052115,bel_bias_v
731,bel_bias_v,0.5106785790220809,0.581088261710909,0.5063258806146756,bel_bias_v
731,pe_wt_v,0.4893214209779191,0.418911738289091,0.49367411938532435,bel_bias_v
732,bel_bias_v,0.46039223612158475,0.22376303110859114,0.47630607857000146,bel_bias_v
732,pe_wt_v,0.5396077638784151,0.7762369688914089,0.5236939214299985,bel_bias_v
733,bel_bias_v,0.5256971566583414,0.6888643130994629,0.5152806062136173,bel_bias_v
733,pe_wt_v,0.47430284334165873,0.31113568690053706,0.4847193937863828,bel_bias_v
734,bel_bias_v,0.41454198753006954,0.050290960495541444,0.44445176204904613,bel_bias_v
734,pe_wt_v,0.5854580124699305,0.9497090395044586,0.5555482379509539,bel_bias_v
735,bel_bias_v,0.5965422378305931,0.9682959548213375,0.5673454470275632,bel_bias_v
735,pe_wt_v,0.40345776216940693,0.03170404517866248,0.43265455297243677,bel_bias_v
736,bel_bias_v,0.5237230527207868,0.6753639417605384,0.5141326990472679,bel_bias_v
736,pe_wt_v,0.4762769472792133,0.3246360582394616,0.4858673009527321,bel_bias_v
737,bel_bias_v,0.565785514368257,0.896659074751465,0.5406651005614831,bel_bias_v
737,pe_wt_v,0.434214485631743,0.10334092524853496,0.4593348994385169,bel_bias_v
738,bel_bias_v,0.5701799468033998,0.9110694063693994,0.5444387808669663,bel_bias_v
738,pe_wt_v,0.42982005319660027,0.08893059363060067,0.4555612191330337,bel_bias_v
739,bel_bias_v,0.5938885792957798,0.964460830431977,0.5558469774167616,bel_bias_v
739,pe_wt_v,0.4061114207042202,0.03553916956802313,0.4441530225832384,bel_bias_v
740,bel_bias_v,0.5191881726422819,0.6434944341328382,0.511398986551797,bel_bias_v
740,pe_wt_v,0.48081182735771816,0.35650556586716176,0.48860101344820295,bel_bias_v
741,bel_bias_v,0.5913267527339345,0.9604076688208759,0.5570676976073116,bel_bias_v
741,pe_wt_v,0.40867324726606535,0.03959233117912413,0.44293230239268844,bel_bias_v
742,bel_bias_v,0.6728069452489818,0.999591997075307,0.6949244024370342,bel_bias_v
742,pe_wt_v,0.3271930547510182,0.0004080029246930666,0.3050755975629659,bel_bias_v
743,bel_bias_v,0.5176902532486205,0.6327310344189451,0.5104933716348307,bel_bias_v
743,pe_wt_v,0.48230974675137944,0.36726896558105493,0.4895066283651694,bel_bias_v
744,bel_bias_v,0.5964634898920202,0.9681872531745439,0.5609499634663895,bel_bias_v
744,pe_wt_v,0.40353651010797975,0.03181274682545613,0.43905003653361047,bel_bias_v
745,bel_bias_v,0.6600417244060991,0.9990166472877662,0.6783816999631912,bel_bias_v
745,pe_wt_v,0.33995827559390085,0.0009833527122338403,0.32161830003680886,bel_bias_v
746,bel_bias_v,0.3441085194540412,0.0012912211685893417,0.33662317174877154,bel_bias_v
746,pe_wt_v,0.6558914805459587,0.9987087788314106,0.6633768282512285,bel_bias_v
747,bel_bias_v,0.5558324157335103,0.8579711700222779,0.5337796641993086,bel_bias_v
747,pe_wt_v,0.4441675842664897,0.1420288299777221,0.46622033580069144,bel_bias_v
748,bel_bias_v,0.5272322652193747,0.6991917865670326,0.5162129949440998,bel_bias_v
748,pe_wt_v,0.4727677347806253,0.3008082134329674,0.4837870050559003,bel_bias_v
749,bel_bias_v,0.6604256006939239,0.9990414329709699,0.6691179159433571,bel_bias_v
749,pe_wt_v,0.3395743993060761,0.0009585670290300919,0.3308820840566428,bel_bias_v
750,bel_bias_v,0.5560598188616138,0.8589516370755542,0.5346202341454215,bel_bias_v
750,pe_wt_v,0.44394018113838607,0.14104836292444572,0.46537976585457846,bel_bias_v
751,bel_bias_v,0.5895691027623865,0.9574164596685627,0.5588344186926204,bel_bias_v
751,pe_wt_v,0.4104308972376135,0.04258354033143723,0.44116558130737954,bel_bias_v
752,bel_bias_v,0.7636755312305294,0.999999999957637,0.9495941766794879,bel_bias_v
752,pe_wt_v,0.23632446876947058,4.2362971427292106e-11,0.05040582332051209,bel_bias_v
753,bel_bias_v,0.5672153766240297,0.9015219832242297,0.541448857124182,bel_bias_v
753,pe_wt_v,0.43278462337597046,0.09847801677577031,0.458551142875818,bel_bias_v
754,bel_bias_v,0.5887229471579265,0.9559130215731143,0.5607784108350586,bel_bias_v
754,pe_wt_v,0.4112770528420735,0.044086978426885685,0.43922158916494136,bel_bias_v
755,bel_bias_v,0.6843622440373133,0.9998259625201659,0.7250415457388845,bel_bias_v
755,pe_wt_v,0.3156377559626868,0.00017403747983417344,0.27495845426111554,bel_bias_v
756,bel_bias_v,0.3515659427339958,0.002071946044839679,0.3491608863447482,bel_bias_v
756,pe_wt_v,0.6484340572660042,0.9979280539551603,0.6508391136552518,bel_bias_v
757,bel_bias_v,0.5379468620983581,0.7665901388320795,0.522656806120291,bel_bias_v
757,pe_wt_v,0.4620531379016419,0.2334098611679206,0.477343193879709,bel_bias_v
758,bel_bias_v,0.6509323524427404,0.9982274610954692,0.643574468589817,bel_bias_v
758,pe_wt_v,0.34906764755725955,0.0017725389045306723,0.3564255314101829,bel_bias_v
759,bel_bias_v,0.4616461865321129,0.2310252110649833,0.4769548158057234,bel_bias_v
759,pe_wt_v,0.538353813467887,0.7689747889350167,0.5230451841942766,bel_bias_v
760,bel_bias_v,0.77299678731067,0.9999999999852213,0.944346625662504,bel_bias_v
760,pe_wt_v,0.22700321268932996,1.4778761834808263e-11,0.055653374337496085,bel_bias_v
761,bel_bias_v,0.5597857190839153,0.8743670406661985,0.5359109978511436,bel_bias_v
761,pe_wt_v,0.4402142809160848,0.12563295933380153,0.46408900214885646,bel_bias_v
762,bel_bias_v,0.7732450884488835,0.9999999999856388,0.9767966563247106,bel_bias_v
762,pe_wt_v,0.2267549115511164,1.4361132817567257e-11,0.02320334367528939,bel_bias_v
763,bel_bias_v,0.40053463566227604,0.027879952316044437,0.43069218149008176,bel_bias_v
763,pe_wt_v,0.5994653643377239,0.9721200476839557,0.5693078185099183,bel_bias_v
764,bel_bias_v,0.6707754054368863,0.9995286724369906,0.6683518590093792,bel_bias_v
764,pe_wt_v,0.3292245945631137,0.00047132756300934857,0.3316481409906208,bel_bias_v
765,bel_bias_v,0.5109750202371909,0.5833069190712032,0.5065048278196951,bel_bias_v
765,pe_wt_v,0.489024979762809,0.4166930809287967,0.4934951721803049,bel_bias_v
766,bel_bias_v,0.2844277703920641,4.962086666723345e-09,0.1050644171610482,bel_bias_v
766,pe_wt_v,0.7155722296079359,0.9999999950379134,0.8949355828389518,bel_bias_v
767,bel_bias_v,0.6004430292064585,0.9733104715779873,0.5703223699379327,bel_bias_v
767,pe_wt_v,0.3995569707935414,0.026689528422012682,0.42967763006206733,bel_bias_v
768,bel_bias_v,0.47370014545266387,0.3070627611234771,0.4843448967871892,bel_bias_v
768,pe_wt_v,0.5262998545473362,0.6929372388765229,0.5156551032128108,bel_bias_v
769,bel_bias_v,0.559621069401175,0.8737115427077095,0.5371256880643973,bel_bias_v
769,pe_wt_v,0.4403789305988251,0.12628845729229068,0.4628743119356027,bel_bias_v
770,bel_bias_v,0.4387891566161255,0.12005787985160232,0.46230937243821973,bel_bias_v
770,pe_wt_v,0.5612108433838744,0.8799421201483977,0.5376906275617802,bel_bias_v
771,bel_bias_v,0.4832407212148854,0.374011822548888,0.49005074623348566,bel_bias_v
771,pe_wt_v,0.5167592787851146,0.625988177451112,0.5099492537665143,bel_bias_v
772,bel_bias_v,0.4917251110866392,0.4369904907769317,0.495099452749878,bel_bias_v
772,pe_wt_v,0.5082748889133607,0.5630095092230682,0.504900547250122,bel_bias_v
773,bel_bias_v,0.6203311436899013,0.9897733648667852,0.5940937305400472,bel_bias_v
773,pe_wt_v,0.37966885631009867,0.010226635133214715,0.4059062694599528,bel_bias_v
774,bel_bias_v,0.474131684800411,0.30997665825502463,0.4846183470807219,bel_bias_v
774,pe_wt_v,0.5258683151995889,0.6900233417449754,0.5153816529192782,bel_bias_v
775,bel_bias_v,0.5798674270446609,0.9375008180590021,0.5509666840795183,bel_bias_v
775,pe_wt_v,0.42013257295533907,0.06249918194099783,0.4490333159204817,bel_bias_v
776,bel_bias_v,0.6238781099660263,0.9915063807468227,0.5893111648006333,bel_bias_v
776,pe_wt_v,0.3761218900339738,0.00849361925317726,0.4106888351993668,bel_bias_v
777,bel_bias_v,0.73082916715513,0.9999999987692456,0.8239166177963609,bel_bias_v
777,pe_wt_v,0.26917083284487,1.2307543061595318e-09,0.17608338220363895,bel_bias_v
778,bel_bias_v,0.740265615931972,0.9999999995071822,0.8974661382255782,bel_bias_v
778,pe_wt_v,0.259734384068028,4.928178028876222e-10,0.10253386177442178,bel_bias_v
779,bel_bias_v,0.4531161853486363,0.1842544526274517,0.47205896046303397,bel_bias_v
779,pe_wt_v,0.5468838146513637,0.8157455473725483,0.527941039536966,bel_bias_v
780,bel_bias_v,0.4420119676837196,0.13291826895802075,0.4644701482038134,bel_bias_v
780,pe_wt_v,0.5579880323162804,0.8670817310419793,0.5355298517961866,bel_bias_v
781,bel_bias_v,0.5374142431507946,0.7634486913677532,0.5223672696545317,bel_bias_v
781,pe_wt_v,0.4625857568492055,0.23655130863224677,0.47763273034546827,bel_bias_v
782,bel_bias_v,0.628186159410664,0.99326220604865,0.598624525501996,bel_bias_v
782,pe_wt_v,0.37181384058933603,0.006737793951350033,0.401375474498004,bel_bias_v
783,bel_bias_v,0.5397809313487918,0.7772296160169742,0.5238431141044192,bel_bias_v
783,pe_wt_v,0.46021906865120815,0.22277038398302587,0.47615688589558075,bel_bias_v
784,bel_bias_v,0.610655794040118,0.9834089858153033,0.5787970423864508,bel_bias_v
784,pe_wt_v,0.3893442059598819,0.0165910141846966,0.4212029576135492,bel_bias_v
785,bel_bias_v,0.6249666981137267,0.9919841009431862,0.595128848576681,bel_bias_v
785,pe_wt_v,0.37503330188627326,0.00801589905681371,0.4048711514233189,bel_bias_v
786,bel_bias_v,0.5585563183118151,0.8694153789535345,0.5365664865871718,bel_bias_v
786,pe_wt_v,0.441443681688185,0.13058462104646554,0.4634335134128283,bel_bias_v
787,bel_bias_v,0.7391046932427349,0.9999999994472137,0.8867281984003716,bel_bias_v
787,pe_wt_v,0.26089530675726513,5.527862365300697e-10,0.11327180159962835,bel_bias_v
788,bel_bias_v,0.5361172933458345,0.7557032882563208,0.5218046200768972,bel_bias_v
788,pe_wt_v,0.46388270665416553,0.2442967117436792,0.4781953799231028,bel_bias_v
789,bel_bias_v,0.6003871138381213,0.9732435449642565,0.5697516714206501,bel_bias_v
789,pe_wt_v,0.3996128861618788,0.026756455035743566,0.43024832857934986,bel_bias_v
790,bel_bias_v,0.640385693539195,0.9966284777193917,0.6138319967923381,bel_bias_v
790,pe_wt_v,0.3596143064608051,0.0033715222806083188,0.38616800320766187,bel_bias_v
791,bel_bias_v,0.769796806244029,0.9999999999786777,0.9744505512196192,bel_bias_v
791,pe_wt_v,0.2302031937559711,2.132226313010993e-11,0.02554944878038088,bel_bias_v
792,bel_bias_v,0.5976186428366933,0.9697514397118169,0.5641099947235393,bel_bias_v
792,pe_wt_v,0.40238135716330664,0.030248560288183114,0.43589000527646066,bel_bias_v
793,bel_bias_v,0.5594656029899127,0.8730904329122606,0.5359245453702294,bel_bias_v
793,pe_wt_v,0.44053439701008723,0.12690956708773934,0.4640754546297706,bel_bias_v
794,bel_bias_v,0.48345156447431475,0.37554434076010834,0.49018108806064137,bel_bias_v
794,pe_wt_v,0.5165484355256852,0.6244556592398917,0.5098189119393587,bel_bias_v
795,bel_bias_v,0.6335937820568339,0.9950094548092229,0.6042865214078356,bel_bias_v
795,pe_wt_v,0.3664062179431661,0.004990545190777116,0.39571347859216444,bel_bias_v
796,bel_bias_v,0.7590555694225949,0.9999999999297646,0.9357253062355543,bel_bias_v
796,pe_wt_v,0.24094443057740508,7.023538737971708e-11,0.0642746937644457,bel_bias_v
797,bel_bias_v,0.6603589261354552,0.999037169351942,0.6410714643221485,bel_bias_v
797,pe_wt_v,0.3396410738645449,0.0009628306480580141,0.3589285356778515,bel_bias_v
798,bel_bias_v,0.6040519280579967,0.9773451989668472,0.5694318870455854,bel_bias_v
798,pe_wt_v,0.39594807194200327,0.02265480103315285,0.4305681129544146,bel_bias_v
799,bel_bias_v,0.6047341636598091,0.9780473741264032,0.567759567592556,bel_bias_v
799,pe_wt_v,0.39526583634019086,0.021952625873596837,0.4322404324074441,bel_bias_v
800,bel_bias_v,0.5271769643136828,0.6988224300813839,0.5160917820372941,bel_bias_v
800,pe_wt_v,0.47282303568631734,0.30117756991861616,0.48390821796270594,bel_bias_v
801,bel_bias_v,0.6352815597230894,0.9954656956189128,0.6183495178186399,bel_bias_v
801,pe_wt_v,0.36471844027691064,0.0045343043810872384,0.38165048218136016,bel_bias_v
802,bel_bias_v,0.6648408399840092,0.9992882583233432,0.6838572529234435,bel_bias_v
802,pe_wt_v,0.33515916001599083,0.0007117416766568295,0.31614274707655654,bel_bias_v
803,bel_bias_v,0.56856712810393,0.9059640021290057,0.5428265551842768,bel_bias_v
803,pe_wt_v,0.4314328718960701,0.09403599787099433,0.45717344481572325,bel_bias_v
804,bel_bias_v,0.4996908402341598,0.497636084257314,0.49981707537841863,bel_bias_v
804,pe_wt_v,0.5003091597658402,0.5023639157426861,0.5001829246215814,bel_bias_v
805,bel_bias_v,0.4732157443334331,0.3038063061490595,0.4841315559604532,bel_bias_v
805,pe_wt_v,0.5267842556665668,0.6961936938509403,0.5158684440395468,bel_bias_v
806,bel_bias_v,0.44777577736292007,0.158199610242275,0.4682138664280698,bel_bias_v
806,pe_wt_v,0.5522242226370799,0.841800389757725,0.5317861335719302,bel_bias_v
807,bel_bias_v,0.7091773992562371,0.9999768016004411,0.8576910091427606,bel_bias_v
807,pe_wt_v,0.29082260074376276,2.319839955884549e-05,0.14230899085723936,bel_bias_v
808,bel_bias_v,0.4937791415026406,0.45254526690372515,0.4963167391925522,bel_bias_v
808,pe_wt_v,0.5062208584973595,0.5474547330962749,0.5036832608074477,bel_bias_v
809,bel_bias_v,0.5010484027299614,0.5080158693601854,0.5006203653923427,bel_bias_v
809,pe_wt_v,0.49895159727003846,0.4919841306398147,0.4993796346076573,bel_bias_v
810,bel_bias_v,0.7879739220096948,0.9999999999975268,0.9819775529784299,bel_bias_v
810,pe_wt_v,0.21202607799030515,2.473291362819735e-12,0.0180224470215701,bel_bias_v
811,bel_bias_v,0.6790956037352243,0.9997416672444999,0.7141039990211453,bel_bias_v
811,pe_wt_v,0.32090439626477574,0.0002583327555001237,0.28589600097885465,bel_bias_v
812,bel_bias_v,0.6034324405553363,0.9766913928842337,0.570044390597958,bel_bias_v
812,pe_wt_v,0.3965675594446636,0.02330860711576642,0.4299556094020421,bel_bias_v
813,bel_bias_v,0.6800636264314595,0.9997595550946101,0.7897220076174816,bel_bias_v
813,pe_wt_v,0.3199363735685405,0.0002404449053898912,0.21027799238251849,bel_bias_v
814,bel_bias_v,0.5000703573095763,0.5005379732030067,0.5000416289766195,bel_bias_v
814,pe_wt_v,0.4999296426904236,0.4994620267969933,0.4999583710233804,bel_bias_v
815,bel_bias_v,0.5664926779729648,0.8990853510365582,0.5407876818226923,bel_bias_v
815,pe_wt_v,0.43350732202703524,0.10091464896344193,0.45921231817730773,bel_bias_v
816,bel_bias_v,0.7250295519957001,0.999999997883267,0.874486865948569,bel_bias_v
816,pe_wt_v,0.2749704480043,2.116732988627334e-09,0.12551313405143108,bel_bias_v
817,bel_bias_v,0.5134161958532654,0.601471010302181,0.5079463625988434,bel_bias_v
817,pe_wt_v,0.48658380414673463,0.3985289896978191,0.49205363740115654,bel_bias_v
818,bel_bias_v,0.6306443715537714,0.9941139262195948,0.5976182605100319,bel_bias_v
818,pe_wt_v,0.3693556284462286,0.005886073780405251,0.4023817394899682,bel_bias_v
819,bel_bias_v,0.6364196802821321,0.9957520693734095,0.6317910350418042,bel_bias_v
819,pe_wt_v,0.36358031971786786,0.004247930626590461,0.3682089649581958,bel_bias_v
820,bel_bias_v,0.768839821887525,0.9999999999762319,0.94473768292165,bel_bias_v
820,pe_wt_v,0.2311601781124751,2.3768141918922076e-11,0.05526231707835015,bel_bias_v
821,bel_bias_v,0.5516183318199941,0.8389715627926749,0.5312755986570251,bel_bias_v
821,pe_wt_v,0.44838166818000597,0.16102843720732507,0.4687244013429749,bel_bias_v
822,bel_bias_v,0.5718451323641813,0.9161222353861808,0.5455496221714521,bel_bias_v
822,pe_wt_v,0.4281548676358188,0.08387776461381921,0.4544503778285479,bel_bias_v
823,bel_bias_v,0.7222969792737497,0.9999999972814175,0.8147497294217487,bel_bias_v
823,pe_wt_v,0.2777030207262503,2.718582436797455e-09,0.18525027057825122,bel_bias_v
824,bel_bias_v,0.6167809614461432,0.9877396800609549,0.5869967959140658,bel_bias_v
824,pe_wt_v,0.38321903855385675,0.012260319939045148,0.4130032040859341,bel_bias_v
825,bel_bias_v,0.5547139043896336,0.8530819451664474,0.5331106573464905,bel_bias_v
825,pe_wt_v,0.4452860956103664,0.14691805483355264,0.46688934265350945,bel_bias_v
826,bel_bias_v,0.7976017364594926,0.9999999999992654,0.9927693466527909,bel_bias_v
826,pe_wt_v,0.20239826354050738,7.346312908238259e-13,0.007230653347209044,bel_bias_v
827,bel_bias_v,0.688540533224434,0.9998737967379924,0.7520951813638952,bel_bias_v
827,pe_wt_v,0.311459466775566,0.0001262032620076614,0.24790481863610483,bel_bias_v
828,bel_bias_v,0.5241810258657418,0.6785172272896255,0.5143105086230105,bel_bias_v
828,pe_wt_v,0.4758189741342583,0.3214827727103747,0.48568949137698947,bel_bias_v
829,bel_bias_v,0.5712400988789375,0.914311720317265,0.5434318965570184,bel_bias_v
829,pe_wt_v,0.4287599011210626,0.08568827968273499,0.4565681034429816,bel_bias_v
830,bel_bias_v,0.5037285329946368,0.5284853831927009,0.5022070409714868,bel_bias_v
830,pe_wt_v,0.4962714670053633,0.47151461680729906,0.49779295902851317,bel_bias_v
831,bel_bias_v,0.7229094325289555,0.9999999974289484,0.8457528067809894,bel_bias_v
831,pe_wt_v,0.27709056747104455,2.571051583779609e-09,0.15424719321901062,bel_bias_v
832,bel_bias_v,0.5445968202023352,0.8038191593748716,0.5268347154557449,bel_bias_v
832,pe_wt_v,0.45540317979766476,0.19618084062512844,0.47316528454425516,bel_bias_v
833,bel_bias_v,0.4751501824968869,0.3169008777919154,0.4852059639938373,bel_bias_v
833,pe_wt_v,0.5248498175031131,0.6830991222080846,0.5147940360061627,bel_bias_v
834,bel_bias_v,0.5852879703009731,0.949367875783285,0.5524488672397614,bel_bias_v
834,pe_wt_v,0.41471202969902693,0.050632124216715035,0.4475511327602386,bel_bias_v
835,bel_bias_v,0.5362284238443765,0.7563722425756024,0.5217238063876748,bel_bias_v
835,pe_wt_v,0.4637715761556234,0.24362775742439757,0.47827619361232515,bel_bias_v
836,bel_bias_v,0.6446593807828384,0.9973887041143745,0.636453101540379,bel_bias_v
836,pe_wt_v,0.35534061921716165,0.002611295885625564,0.363546898459621,bel_bias_v
837,bel_bias_v,0.4962864179145658,0.4716286472389084,0.49780207026235423,bel_bias_v
837,pe_wt_v,0.5037135820854343,0.5283713527610916,0.5021979297376458,bel_bias_v
838,bel_bias_v,0.7253915743280254,0.9999999979528051,0.9296689702397573,bel_bias_v
838,pe_wt_v,0.2746084256719745,2.047194955610364e-09,0.07033102976024287,bel_bias_v
839,bel_bias_v,0.40795443824152866,0.038419055949633116,0.4384519033843109,bel_bias_v
839,pe_wt_v,0.5920455617584713,0.9615809440503669,0.561548096615689,bel_bias_v
840,bel_bias_v,0.6755422566580882,0.9996649007412517,0.6993824290214583,bel_bias_v
840,pe_wt_v,0.3244577433419118,0.00033509925874835645,0.30061757097854164,bel_bias_v
841,bel_bias_v,0.534795914554792,0.7476742933851716,0.5208258028503087,bel_bias_v
841,pe_wt_v,0.46520408544520786,0.25232570661482845,0.47917419714969134,bel_bias_v
842,bel_bias_v,0.6397643122029375,0.9965028407257792,0.6353173421367535,bel_bias_v
842,pe_wt_v,0.3602356877970625,0.0034971592742207348,0.36468265786324655,bel_bias_v
843,bel_bias_v,0.5572404505554039,0.8639685584071154,0.5356655660881954,bel_bias_v
843,pe_wt_v,0.44275954944459606,0.1360314415928846,0.46433443391180457,bel_bias_v
844,bel_bias_v,0.5500748219292257,0.831617741514786,0.5299190884264308,bel_bias_v
844,pe_wt_v,0.4499251780707742,0.16838225848521401,0.4700809115735693,bel_bias_v
845,bel_bias_v,0.6362087582684038,0.995700243501647,0.6310112880417221,bel_bias_v
845,pe_wt_v,0.3637912417315962,0.004299756498353049,0.36898871195827787,bel_bias_v
846,bel_bias_v,0.5612504110471334,0.8800943945346905,0.5368356107158748,bel_bias_v
846,pe_wt_v,0.43874958895286675,0.11990560546530953,0.46316438928412523,bel_bias_v
847,bel_bias_v,0.5337068819608781,0.7409545630067388,0.5199914279831308,bel_bias_v
847,pe_wt_v,0.4662931180391218,0.2590454369932611,0.48000857201686914,bel_bias_v
848,bel_bias_v,0.616657329256296,0.9876629875084788,0.5781781902094755,bel_bias_v
848,pe_wt_v,0.383342670743704,0.012337012491521113,0.4218218097905245,bel_bias_v
849,bel_bias_v,0.4322482027328267,0.0966973315185229,0.4566261122595081,bel_bias_v
849,pe_wt_v,0.5677517972671734,0.9033026684814771,0.5433738877404919,bel_bias_v
850,bel_bias_v,0.5056217863035608,0.542903312634219,0.5033286119732259,bel_bias_v
850,pe_wt_v,0.49437821369643914,0.45709668736578096,0.4966713880267742,bel_bias_v
851,bel_bias_v,0.6461876116880516,0.9976206629677965,0.6405696605827005,bel_bias_v
851,pe_wt_v,0.35381238831194833,0.002379337032203517,0.35943033941729946,bel_bias_v
852,bel_bias_v,0.6770742514101795,0.9997002726462014,0.7055247822692194,bel_bias_v
852,pe_wt_v,0.32292574858982054,0.00029972735379863455,0.2944752177307806,bel_bias_v
853,bel_bias_v,0.41429298795361463,0.049794670690555286,0.4435027728449057,bel_bias_v
853,pe_wt_v,0.5857070120463853,0.9502053293094447,0.5564972271550943,bel_bias_v
854,bel_bias_v,0.5463042522534786,0.8127664772861476,0.5276772393536104,bel_bias_v
854,pe_wt_v,0.45369574774652144,0.18723352271385238,0.47232276064638956,bel_bias_v
855,bel_bias_v,0.5973858050516394,0.9694413610704187,0.5660370987649935,bel_bias_v
855,pe_wt_v,0.4026141949483606,0.030558638929581324,0.43396290123500647,bel_bias_v
856,bel_bias_v,0.613404229218798,0.9854912147616877,0.5820608606199189,bel_bias_v
856,pe_wt_v,0.3865957707812019,0.014508785238312356,0.4179391393800811,bel_bias_v
857,bel_bias_v,0.6299915942685688,0.9938975523423109,0.5991395367282177,bel_bias_v
857,pe_wt_v,0.3700084057314313,0.006102447657688961,0.40086046327178226,bel_bias_v
858,bel_bias_v,0.4014909414850349,0.02908658726260119,0.42882624746859344,bel_bias_v
858,pe_wt_v,0.598509058514965,0.9709134127373988,0.5711737525314066,bel_bias_v
859,bel_bias_v,0.6043005275087042,0.9776032135896445,0.5774503756053018,bel_bias_v
859,pe_wt_v,0.39569947249129583,0.022396786410355526,0.4225496243946983,bel_bias_v
860,bel_bias_v,0.6928719872028459,0.9999102375847863,0.7593109990582164,bel_bias_v
860,pe_wt_v,0.307128012797154,8.976241521373306e-05,0.24068900094178358,bel_bias_v
861,bel_bias_v,0.5395318902211597,0.775801252118002,0.5235519845671665,bel_bias_v
861,pe_wt_v,0.46046810977884034,0.22419874788199795,0.4764480154328335,bel_bias_v
862,bel_bias_v,0.599768341807707,0.9724935733408945,0.5629553964132203,bel_bias_v
862,pe_wt_v,0.40023165819229306,0.0275064266591056,0.4370446035867797,bel_bias_v
863,bel_bias_v,0.4975471863510734,0.4812519093834342,0.498548359587515,bel_bias_v
863,pe_wt_v,0.5024528136489267,0.5187480906165658,0.501451640412485,bel_bias_v
864,bel_bias_v,0.515799361571911,0.6189953424128657,0.5093698023729853,bel_bias_v
864,pe_wt_v,0.484200638428089,0.3810046575871343,0.4906301976270146,bel_bias_v
865,bel_bias_v,0.6895262528951434,0.9998831333485575,0.762215426938244,bel_bias_v
865,pe_wt_v,0.31047374710485653,0.00011686665144254417,0.23778457306175607,bel_bias_v
866,bel_bias_v,0.5802617852443688,0.9384311043118877,0.5473128700147539,bel_bias_v
866,pe_wt_v,0.4197382147556311,0.06156889568811233,0.4526871299852461,bel_bias_v
867,bel_bias_v,0.529868375371595,0.7165572585770352,0.5177441510456542,bel_bias_v
867,pe_wt_v,0.4701316246284049,0.2834427414229648,0.48225584895434587,bel_bias_v
868,bel_bias_v,0.6648780098585497,0.99929006283781,0.6848751123602592,bel_bias_v
868,pe_wt_v,0.33512199014145033,0.0007099371621901205,0.31512488763974084,bel_bias_v
869,bel_bias_v,0.5347099966138262,0.7471474889320231,0.5203919948854222,bel_bias_v
869,pe_wt_v,0.4652900033861738,0.2528525110679769,0.47960800511457774,bel_bias_v
870,bel_bias_v,0.4315084982205103,0.09428056583558746,0.45696254435590905,bel_bias_v
870,pe_wt_v,0.5684915017794898,0.9057194341644126,0.5430374556440909,bel_bias_v
871,bel_bias_v,0.6294626632224466,0.993717121262621,0.6178900832905836,bel_bias_v
871,pe_wt_v,0.37053733677755346,0.00628287873737895,0.38210991670941635,bel_bias_v
872,bel_bias_v,0.5877892413490559,0.9542049501940957,0.554456558061,bel_bias_v
872,pe_wt_v,0.4122107586509441,0.04579504980590437,0.445543441939,bel_bias_v
873,bel_bias_v,0.5791403310227178,0.9357570841774848,0.5509308593639044,bel_bias_v
873,pe_wt_v,0.42085966897728216,0.06424291582251523,0.4490691406360956,bel_bias_v
874,bel_bias_v,0.5392880798005024,0.7743978926789644,0.5232620198548792,bel_bias_v
874,pe_wt_v,0.4607119201994976,0.2256021073210356,0.47673798014512075,bel_bias_v
875,bel_bias_v,0.5494298792185367,0.828482381003134,0.5299905622621421,bel_bias_v
875,pe_wt_v,0.4505701207814633,0.17151761899686604,0.47000943773785786,bel_bias_v
876,bel_bias_v,0.5504586480847613,0.8334661845557256,0.5306907671229251,bel_bias_v
876,pe_wt_v,0.44954135191523864,0.1665338154442744,0.469309232877075,bel_bias_v
877,bel_bias_v,0.6237648238682644,0.9914552669556441,0.5879656431294916,bel_bias_v
877,pe_wt_v,0.37623517613173557,0.008544733044355785,0.4120343568705084,bel_bias_v
878,bel_bias_v,0.5742712802397982,0.9230959840188049,0.5472022992623117,bel_bias_v
878,pe_wt_v,0.4257287197602018,0.07690401598119521,0.4527977007376883,bel_bias_v
879,bel_bias_v,0.6035692412767456,0.9768371145422952,0.5723170827892273,bel_bias_v
879,pe_wt_v,0.3964307587232543,0.023162885457704764,0.4276829172107727,bel_bias_v
880,bel_bias_v,0.5909148344240189,0.9597223615615761,0.5605738464986276,bel_bias_v
880,pe_wt_v,0.409085165575981,0.04027763843842393,0.4394261535013723,bel_bias_v
881,bel_bias_v,0.33283746455023033,0.0006067493459512937,0.29618432650785015,bel_bias_v
881,pe_wt_v,0.6671625354497698,0.9993932506540486,0.7038156734921498,bel_bias_v
882,bel_bias_v,0.5922225410758368,0.9618654525089699,0.5654758888679936,bel_bias_v
882,pe_wt_v,0.40777745892416317,0.038134547491030124,0.43452411113200645,bel_bias_v
883,bel_bias_v,0.5526040425430103,0.84355708161422,0.5314933353740908,bel_bias_v
883,pe_wt_v,0.4473959574569896,0.15644291838577992,0.46850666462590923,bel_bias_v
884,bel_bias_v,0.7992106466254462,0.9999999999994033,0.9912410940553958,bel_bias_v
884,pe_wt_v,0.20078935337455392,5.966907318230643e-13,0.008758905944604165,bel_bias_v
885,bel_bias_v,0.6036813691276977,0.9769559849480328,0.570964185156036,bel_bias_v
885,pe_wt_v,0.3963186308723023,0.023044015051967178,0.429035814843964,bel_bias_v
886,bel_bias_v,0.5342364860940743,0.7442338688697409,0.5203173619734449,bel_bias_v
886,pe_wt_v,0.4657635139059258,0.25576613113025914,0.4796826380265551,bel_bias_v
887,bel_bias_v,0.565291017964186,0.8949376207542378,0.540806844637407,bel_bias_v
887,pe_wt_v,0.43470898203581404,0.10506237924576227,0.4591931553625929,bel_bias_v
888,bel_bias_v,0.7128075535764373,0.9999999936816678,0.8403847422460788,bel_bias_v
888,pe_wt_v,0.2871924464235627,6.318332146196002e-09,0.15961525775392107,bel_bias_v
889,bel_bias_v,0.5275872021302616,0.7015575674394048,0.5164010117227328,bel_bias_v
889,pe_wt_v,0.47241279786973844,0.29844243256059527,0.4835989882772672,bel_bias_v
890,bel_bias_v,0.5698940502416898,0.9101796827943626,0.544382951256759,bel_bias_v
890,pe_wt_v,0.4301059497583101,0.08982031720563735,0.4556170487432411,bel_bias_v
891,bel_bias_v,0.4779489911966781,0.3362536773226794,0.48692462105364903,bel_bias_v
891,pe_wt_v,0.5220510088033219,0.6637463226773205,0.5130753789463509,bel_bias_v
892,bel_bias_v,0.43813518069504187,0.11755844296470357,0.4629503074945688,bel_bias_v
892,pe_wt_v,0.5618648193049582,0.8824415570352965,0.5370496925054312,bel_bias_v
893,bel_bias_v,0.5046132936688535,0.535228989371737,0.5027311431342681,bel_bias_v
893,pe_wt_v,0.4953867063311465,0.46477101062826287,0.49726885686573186,bel_bias_v
894,bel_bias_v,0.5350678469983295,0.7493378426397284,0.520736503539075,bel_bias_v
894,pe_wt_v,0.4649321530016704,0.25066215736027164,0.47926349646092503,bel_bias_v
895,bel_bias_v,0.5547096753268708,0.853063248649741,0.5330908124195671,bel_bias_v
895,pe_wt_v,0.44529032467312923,0.14693675135025894,0.46690918758043287,bel_bias_v
896,bel_bias_v,0.6242218000845985,0.99165982216562,0.6063299415850003,bel_bias_v
896,pe_wt_v,0.3757781999154015,0.008340177834380066,0.39367005841499975,bel_bias_v
897,bel_bias_v,0.7180372843097691,0.9999999960108766,0.8414330970637914,bel_bias_v
897,pe_wt_v,0.28196271569023096,3.9891233436694286e-09,0.15856690293620854,bel_bias_v
898,bel_bias_v,0.5993364903669268,0.9719598967569533,0.5661779458584226,bel_bias_v
898,pe_wt_v,0.4006635096330731,0.028040103243046833,0.43382205414157743,bel_bias_v
899,bel_bias_v,0.5104439059645738,0.5793300720815105,0.5061859752035195,bel_bias_v
899,pe_wt_v,0.4895560940354263,0.4206699279184894,0.4938140247964805,bel_bias_v
900,bel_bias_v,0.5786296743988076,0.9345101098401837,0.548497716999091,bel_bias_v
900,pe_wt_v,0.4213703256011925,0.06548989015981632,0.45150228300090894,bel_bias_v
901,bel_bias_v,0.5579072015891569,0.8667474973045333,0.5350445246953556,bel_bias_v
901,pe_wt_v,0.4420927984108431,0.13325250269546673,0.46495547530464443,bel_bias_v
902,bel_bias_v,0.6107301300973876,0.98346848182778,0.5843944677919568,bel_bias_v
902,pe_wt_v,0.3892698699026123,0.016531518172219952,0.41560553220804314,bel_bias_v
903,bel_bias_v,0.5681881786206863,0.9047338292405306,0.5424265090716311,bel_bias_v
903,pe_wt_v,0.4318118213793137,0.09526617075946944,0.45757349092836885,bel_bias_v
904,bel_bias_v,0.48621369298585454,0.39579305235251827,0.4918304632030106,bel_bias_v
904,pe_wt_v,0.5137863070141455,0.6042069476474817,0.5081695367969894,bel_bias_v
905,bel_bias_v,0.4424747658961877,0.13483970821526528,0.46467473208711707,bel_bias_v
905,pe_wt_v,0.5575252341038122,0.8651602917847349,0.5353252679128829,bel_bias_v
906,bel_bias_v,0.6777290740644015,0.9997143105703782,0.7439517544110613,bel_bias_v
906,pe_wt_v,0.32227092593559836,0.0002856894296217099,0.2560482455889386,bel_bias_v
907,bel_bias_v,0.612880410716127,0.9851125732922618,0.5865549166288091,bel_bias_v
907,pe_wt_v,0.387119589283873,0.014887426707738224,0.4134450833711909,bel_bias_v
908,bel_bias_v,0.5875118060870682,0.953687358115211,0.554210271968516,bel_bias_v
908,pe_wt_v,0.41248819391293173,0.04631264188478907,0.44578972803148403,bel_bias_v
909,bel_bias_v,0.6183599428697859,0.9886836167516092,0.5869122118366885,bel_bias_v
909,pe_wt_v,0.38164005713021415,0.011316383248390875,0.41308778816331154,bel_bias_v
910,bel_bias_v,0.5217913562973592,0.6619278281913663,0.5128964763990678,bel_bias_v
910,pe_wt_v,0.47820864370264077,0.33807217180863364,0.4871035236009323,bel_bias_v
911,bel_bias_v,0.4695570606387274,0.2797221865822324,0.4818002545415848,bel_bias_v
911,pe_wt_v,0.5304429393612726,0.7202778134177675,0.5181997454584152,bel_bias_v
912,bel_bias_v,0.5772431161761432,0.9310301036031208,0.5446286091982234,bel_bias_v
912,pe_wt_v,0.4227568838238569,0.06896989639687917,0.4553713908017765,bel_bias_v
913,bel_bias_v,0.5133509666758698,0.600988304246306,0.5079122648682936,bel_bias_v
913,pe_wt_v,0.4866490333241302,0.39901169575369394,0.49208773513170645,bel_bias_v
914,bel_bias_v,0.42039554946303054,0.06312557163188769,0.44940771885386765,bel_bias_v
914,pe_wt_v,0.5796044505369694,0.9368744283681124,0.5505922811461323,bel_bias_v
915,bel_bias_v,0.6280841432004681,0.9932246312927404,0.6130596168006843,bel_bias_v
915,pe_wt_v,0.3719158567995319,0.006775368707259569,0.3869403831993157,bel_bias_v
916,bel_bias_v,0.6234947002232063,0.9913323053252429,0.5988881660685584,bel_bias_v
916,pe_wt_v,0.37650529977679364,0.008667694674757176,0.4011118339314416,bel_bias_v
917,bel_bias_v,0.6165985233414559,0.9876263637547259,0.5880547635310022,bel_bias_v
917,pe_wt_v,0.383401476658544,0.012373636245274107,0.41194523646899783,bel_bias_v
918,bel_bias_v,0.5072509468143528,0.5552659693768871,0.5042918221023666,bel_bias_v
918,pe_wt_v,0.4927490531856473,0.4447340306231129,0.49570817789763344,bel_bias_v
919,bel_bias_v,0.4118314094878127,0.045094817204544696,0.43949295167878794,bel_bias_v
919,pe_wt_v,0.5881685905121872,0.9549051827954554,0.5605070483212121,bel_bias_v
920,bel_bias_v,0.5904836965957876,0.9589948509015722,0.5615583149041955,bel_bias_v
920,pe_wt_v,0.40951630340421247,0.04100514909842778,0.4384416850958045,bel_bias_v
921,bel_bias_v,0.5569383331535953,0.8626964722393795,0.5346065282323739,bel_bias_v
921,pe_wt_v,0.44306166684640463,0.13730352776062055,0.4653934717676261,bel_bias_v
922,bel_bias_v,0.5567786318330228,0.862020785156739,0.5346125416606347,bel_bias_v
922,pe_wt_v,0.44322136816697727,0.13797921484326087,0.4653874583393654,bel_bias_v
923,bel_bias_v,0.5640532579628111,0.8905384471592717,0.5387870339532692,bel_bias_v
923,pe_wt_v,0.43594674203718886,0.1094615528407283,0.46121296604673073,bel_bias_v
924,bel_bias_v,0.5961371581689128,0.9677335255453983,0.5689002644510401,bel_bias_v
924,pe_wt_v,0.40386284183108717,0.032266474454601714,0.4310997355489599,bel_bias_v
925,bel_bias_v,0.6326136914186143,0.9947262538296112,0.6128375115597242,bel_bias_v
925,pe_wt_v,0.3673863085813856,0.005273746170388708,0.3871624884402758,bel_bias_v
926,bel_bias_v,0.5953907914116023,0.9666758052352851,0.5620421517156372,bel_bias_v
926,pe_wt_v,0.4046092085883977,0.03332419476471496,0.4379578482843628,bel_bias_v
927,bel_bias_v,0.6738438654840785,0.9996212023166515,0.7404684382654088,bel_bias_v
927,pe_wt_v,0.3261561345159215,0.00037879768334847123,0.25953156173459124,bel_bias_v
928,bel_bias_v,0.6019082972761559,0.9750153399433789,0.5633605414261527,bel_bias_v
928,pe_wt_v,0.3980917027238442,0.024984660056621075,0.43663945857384734,bel_bias_v
929,bel_bias_v,0.590791129701459,0.9595146941570146,0.5592343233637773,bel_bias_v
929,pe_wt_v,0.4092088702985411,0.04048530584298548,0.4407656766362227,bel_bias_v
930,bel_bias_v,0.6231698884075777,0.9911824087534509,0.5956862534677347,bel_bias_v
930,pe_wt_v,0.3768301115924222,0.00881759124654924,0.4043137465322653,bel_bias_v
931,bel_bias_v,0.48780904147053084,0.4076209366755327,0.49277346407197287,bel_bias_v
931,pe_wt_v,0.5121909585294693,0.5923790633244673,0.5072265359280271,bel_bias_v
932,bel_bias_v,0.6503219848717929,0.9981581657038,0.6242750838182656,bel_bias_v
932,pe_wt_v,0.34967801512820706,0.0018418342961999841,0.3757249161817345,bel_bias_v
933,bel_bias_v,0.5871729757469795,0.9530489020809936,0.5586957497143324,bel_bias_v
933,pe_wt_v,0.41282702425302054,0.0469510979190064,0.44130425028566755,bel_bias_v
934,bel_bias_v,0.38905841115447476,0.016363265873439888,0.4152480576591282,bel_bias_v
934,pe_wt_v,0.6109415888455252,0.98363673412656,0.5847519423408718,bel_bias_v
935,bel_bias_v,0.6338242874733578,0.9950740712453563,0.6061302427946047,bel_bias_v
935,pe_wt_v,0.3661757125266422,0.004925928754643722,0.39386975720539535,bel_bias_v
936,bel_bias_v,0.5924522067840011,0.9622321086899538,0.5610034211832209,bel_bias_v
936,pe_wt_v,0.4075477932159988,0.03776789131004616,0.43899657881677906,bel_bias_v
937,bel_bias_v,0.7078875574107985,0.9999740742739313,0.801402628444349,bel_bias_v
937,pe_wt_v,0.29211244258920155,2.5925726068817784e-05,0.19859737155565102,bel_bias_v
938,bel_bias_v,0.6250966081445467,0.9920395120456835,0.5984931263343476,bel_bias_v
938,pe_wt_v,0.3749033918554533,0.00796048795431637,0.40150687366565235,bel_bias_v
939,bel_bias_v,0.4725337081317851,0.2992473968172528,0.48354370589995177,bel_bias_v
939,pe_wt_v,0.5274662918682149,0.7007526031827471,0.5164562941000482,bel_bias_v
940,bel_bias_v,0.5579977323833819,0.8671218020545512,0.5352308781898478,bel_bias_v
940,pe_wt_v,0.44200226761661804,0.13287819794544883,0.4647691218101521,bel_bias_v
941,bel_bias_v,0.711952837298589,0.9999999931961707,0.8246438555419203,bel_bias_v
941,pe_wt_v,0.288047162701411,6.803829272531713e-09,0.17535614445807965,bel_bias_v
942,bel_bias_v,0.513362940736111,0.6010769256871428,0.5079116426816056,bel_bias_v
942,pe_wt_v,0.486637059263889,0.39892307431285723,0.4920883573183944,bel_bias_v
943,bel_bias_v,0.5754023380513763,0.9261932838725201,0.5478147176834222,bel_bias_v
943,pe_wt_v,0.4245976619486237,0.07380671612748002,0.45218528231657784,bel_bias_v
944,bel_bias_v,0.6515512464434208,0.9982953085532983,0.6254391345691286,bel_bias_v
944,pe_wt_v,0.3484487535565792,0.0017046914467016947,0.3745608654308714,bel_bias_v
945,bel_bias_v,0.4865920911414521,0.39859030620399677,0.49205610460382815,bel_bias_v
945,pe_wt_v,0.5134079088585479,0.6014096937960034,0.5079438953961718,bel_bias_v
946,bel_bias_v,0.5327399004986488,0.7349117268952735,0.5194266372625493,bel_bias_v
946,pe_wt_v,0.46726009950135117,0.2650882731047264,0.4805733627374506,bel_bias_v
947,bel_bias_v,0.5365975106888328,0.7585868989018376,0.5218664354875052,bel_bias_v
947,pe_wt_v,0.4634024893111672,0.2414131010981625,0.47813356451249484,bel_bias_v
948,bel_bias_v,0.546236046236808,0.8124139469040729,0.5276301158042596,bel_bias_v
948,pe_wt_v,0.45376395376319195,0.18758605309592713,0.4723698841957405,bel_bias_v
949,bel_bias_v,0.6140537261106227,0.9859492315100148,0.575867254962134,bel_bias_v
949,pe_wt_v,0.38594627388937724,0.01405076848998515,0.424132745037866,bel_bias_v
950,bel_bias_v,0.5541083047666797,0.8503884531195457,0.5321839410756294,bel_bias_v
950,pe_wt_v,0.44589169523332034,0.1496115468804543,0.46781605892437056,bel_bias_v
951,bel_bias_v,0.5269905170308916,0.6975756482885115,0.5160947378728958,bel_bias_v
951,pe_wt_v,0.47300948296910844,0.30242435171148846,0.48390526212710416,bel_bias_v
952,bel_bias_v,0.5900855713471854,0.9583136702292984,0.5561979180236504,bel_bias_v
952,pe_wt_v,0.4099144286528145,0.04168632977070164,0.4438020819763496,bel_bias_v
953,bel_bias_v,0.47445327913025137,0.3121559285946439,0.4847898513340369,bel_bias_v
953,pe_wt_v,0.5255467208697486,0.687844071405356,0.515210148665963,bel_bias_v
954,bel_bias_v,0.5836165993614029,0.9459161619974407,0.5552669819234458,bel_bias_v
954,pe_wt_v,0.4163834006385971,0.05408383800255929,0.44473301807655413,bel_bias_v
955,bel_bias_v,0.5308514554431731,0.7229087199048932,0.5183091861592293,bel_bias_v
955,pe_wt_v,0.4691485445568268,0.27709128009510675,0.4816908138407707,bel_bias_v
956,bel_bias_v,0.5358736787721221,0.7542334027144723,0.521315317286974,bel_bias_v
956,pe_wt_v,0.4641263212278778,0.24576659728552763,0.478684682713026,bel_bias_v
957,bel_bias_v,0.5817227574061605,0.9417840701516242,0.5531760984519926,bel_bias_v
957,pe_wt_v,0.4182772425938394,0.05821592984837572,0.4468239015480074,bel_bias_v
958,bel_bias_v,0.45436317429785605,0.19070069373964646,0.47291945659295903,bel_bias_v
958,pe_wt_v,0.545636825702144,0.8092993062603535,0.5270805434070409,bel_bias_v
959,bel_bias_v,0.40375278768513856,0.03211286669870784,0.43511091021005915,bel_bias_v
959,pe_wt_v,0.5962472123148614,0.9678871333012922,0.5648890897899408,bel_bias_v
960,bel_bias_v,0.37512459288349453,0.008055039226763497,0.3873235425818614,bel_bias_v
960,pe_wt_v,0.6248754071165056,0.9919449607732365,0.6126764574181386,bel_bias_v
961,bel_bias_v,0.5143260188540983,0.6081874387003733,0.5084927172005752,bel_bias_v
961,pe_wt_v,0.48567398114590177,0.3918125612996267,0.49150728279942474,bel_bias_v
962,bel_bias_v,0.5670324869379977,0.9009094441014348,0.5411853888248226,bel_bias_v
962,pe_wt_v,0.43296751306200226,0.09909055589856519,0.4588146111751774,bel_bias_v
963,bel_bias_v,0.6276691223676835,0.9930698661240261,0.5842755495522307,bel_bias_v
963,pe_wt_v,0.3723308776323166,0.0069301338759739555,0.4157244504477693,bel_bias_v
964,bel_bias_v,0.5968594668988791,0.9687307633178405,0.5638871065444537,bel_bias_v
964,pe_wt_v,0.4031405331011208,0.03126923668215962,0.43611289345554627,bel_bias_v
965,bel_bias_v,0.6764770940948599,0.9996869173100806,0.7223625775889511,bel_bias_v
965,pe_wt_v,0.3235229059051401,0.0003130826899193409,0.27763742241104894,bel_bias_v
966,bel_bias_v,0.4258642818182737,0.07728173781476944,0.4532081483358393,bel_bias_v
966,pe_wt_v,0.5741357181817264,0.9227182621852306,0.5467918516641607,bel_bias_v
967,bel_bias_v,0.6011434638176503,0.9741371255256233,0.5667750498423098,bel_bias_v
967,pe_wt_v,0.3988565361823498,0.025862874474376817,0.43322495015769025,bel_bias_v
968,bel_bias_v,0.6082699754376931,0.9814003564743615,0.5759915021387386,bel_bias_v
968,pe_wt_v,0.39173002456230677,0.0185996435256385,0.42400849786126144,bel_bias_v
969,bel_bias_v,0.5510279261530742,0.8361836510966381,0.5307568495570497,bel_bias_v
969,pe_wt_v,0.4489720738469259,0.16381634890336208,0.4692431504429503,bel_bias_v
970,bel_bias_v,0.6374167484913313,0.9959896177042024,0.6185462737120019,bel_bias_v
970,pe_wt_v,0.3625832515086687,0.004010382295797602,0.3814537262879981,bel_bias_v
971,bel_bias_v,0.6463132235065322,0.9976388781108491,0.6512061673498994,bel_bias_v
971,pe_wt_v,0.3536867764934679,0.002361121889150991,0.34879383265010055,bel_bias_v
972,bel_bias_v,0.5987629222388118,0.9712378607242738,0.5718296299551601,bel_bias_v
972,pe_wt_v,0.4012370777611882,0.0287621392757262,0.4281703700448399,bel_bias_v
973,bel_bias_v,0.7525990145628307,0.999999999860141,0.9248953236570006,bel_bias_v
973,pe_wt_v,0.2474009854371692,1.3985907784304312e-10,0.0751046763429994,bel_bias_v
974,bel_bias_v,0.3643784708887775,0.004447017425083943,0.3809433177618144,bel_bias_v
974,pe_wt_v,0.6356215291112224,0.9955529825749161,0.6190566822381856,bel_bias_v
975,bel_bias_v,0.40045363066688705,0.02777967620604097,0.42456658251325946,bel_bias_v
975,pe_wt_v,0.599546369333113,0.9722203237939591,0.5754334174867405,bel_bias_v
976,bel_bias_v,0.6147061734885918,0.9863967979674945,0.5797533299283983,bel_bias_v
976,pe_wt_v,0.3852938265114082,0.01360320203250544,0.4202466700716016,bel_bias_v
977,bel_bias_v,0.602735238409284,0.9759367560191551,0.5669629396869925,bel_bias_v
977,pe_wt_v,0.39726476159071594,0.024063243980844855,0.4330370603130074,bel_bias_v
978,bel_bias_v,0.591164784597655,0.9601393363379169,0.561984318127929,bel_bias_v
978,pe_wt_v,0.408835215402345,0.03986066366208303,0.43801568187207096,bel_bias_v
979,bel_bias_v,0.5187720597612022,0.6405153837008857,0.5111182594188409,bel_bias_v
979,pe_wt_v,0.4812279402387979,0.35948461629911427,0.48888174058115913,bel_bias_v
980,bel_bias_v,0.5296300885332671,0.7150073565064612,0.5176832318272139,bel_bias_v
980,pe_wt_v,0.4703699114667328,0.2849926434935388,0.4823167681727861,bel_bias_v
981,bel_bias_v,0.5757226132490519,0.9270528693521277,0.5483428919795189,bel_bias_v
981,pe_wt_v,0.4242773867509481,0.07294713064787232,0.4516571080204811,bel_bias_v
982,bel_bias_v,0.6551511418424963,0.9986454332154396,0.651935037008119,bel_bias_v
982,pe_wt_v,0.34484885815750377,0.0013545667845603453,0.3480649629918811,bel_bias_v
983,bel_bias_v,0.5935273307005712,0.9639106540298781,0.5617455411800809,bel_bias_v
983,pe_wt_v,0.4064726692994288,0.03608934597012188,0.4382544588199191,bel_bias_v
984,bel_bias_v,0.549971507584335,0.8311179641722183,0.5306829605775945,bel_bias_v
984,pe_wt_v,0.4500284924156649,0.16888203582778163,0.46931703942240555,bel_bias_v
985,bel_bias_v,0.6835298948730824,0.9998146138278765,0.7242280722430746,bel_bias_v
985,pe_wt_v,0.3164701051269177,0.00018538617212348943,0.2757719277569254,bel_bias_v
986,bel_bias_v,0.654215245568819,0.9985613197975909,0.643487274793946,bel_bias_v
986,pe_wt_v,0.34578475443118084,0.0014386802024091512,0.356512725206054,bel_bias_v
987,bel_bias_v,0.5815772836756136,0.941456737701078,0.5498120878045566,bel_bias_v
987,pe_wt_v,0.4184227163243865,0.05854326229892206,0.4501879121954434,bel_bias_v
988,bel_bias_v,0.555965923056637,0.8585473523443256,0.5334746803121819,bel_bias_v
988,pe_wt_v,0.4440340769433631,0.14145264765567445,0.46652531968781813,bel_bias_v
989,bel_bias_v,0.708510845641244,0.9999754278632735,0.7923621890691498,bel_bias_v
989,pe_wt_v,0.2914891543587559,2.4572136726372457e-05,0.2076378109308501,bel_bias_v
990,bel_bias_v,0.4978469755585546,0.4835419661484047,0.4987258762306564,bel_bias_v
990,pe_wt_v,0.5021530244414455,0.5164580338515952,0.5012741237693435,bel_bias_v
991,bel_bias_v,0.5389804362703949,0.7726200805258272,0.5233090298926445,bel_bias_v
991,pe_wt_v,0.461019563729605,0.2273799194741728,0.4766909701073555,bel_bias_v
992,bel_bias_v,0.654570228687129,0.9985937663867416,0.6483752323670151,bel_bias_v
992,pe_wt_v,0.3454297713128711,0.0014062336132583853,0.3516247676329849,bel_bias_v
993,bel_bias_v,0.5570263636630323,0.8630679619616554,0.5344739983794321,bel_bias_v
993,pe_wt_v,0.44297363633696774,0.13693203803834464,0.4655260016205679,bel_bias_v
994,bel_bias_v,0.6403027820802779,0.9966119504151877,0.6275710635124361,bel_bias_v
994,pe_wt_v,0.3596972179197221,0.0033880495848123433,0.3724289364875639,bel_bias_v
995,bel_bias_v,0.6844034609527183,0.999826507349731,0.711253974842043,bel_bias_v
995,pe_wt_v,0.3155965390472817,0.00017349265026897107,0.28874602515795694,bel_bias_v
996,bel_bias_v,0.6362067156467796,0.995699738871606,0.6017064168299435,bel_bias_v
996,pe_wt_v,0.36379328435322045,0.004300261128394016,0.39829358317005653,bel_bias_v
997,bel_bias_v,0.48789699741478487,0.40827558941952896,0.49282360591098956,bel_bias_v
997,pe_wt_v,0.5121030025852151,0.5917244105804711,0.5071763940890104,bel_bias_v
998,bel_bias_v,0.5908167547746783,0.9595577826849385,0.5596408842965287,bel_bias_v
998,pe_wt_v,0.4091832452253217,0.04044221731506144,0.44035911570347125,bel_bias_v
999,bel_bias_v,0.5776446939881551,0.9320522607117107,0.5476095212671916,bel_bias_v
999,pe_wt_v,0.42235530601184496,0.06794773928828936,0.45239047873280835,bel_bias_v
0,bel_bias_v,0.006094839434016106,3.2147172830603694e-32,6.959274454133883e-21,pe_wt_v
0,pe_wt_v,0.9939051605659839,1.0,1.0,pe_wt_v
1,bel_bias_v,0.006279716222932372,3.568004153159593e-32,1.7996702779696035e-18,pe_wt_v
1,pe_wt_v,0.9937202837770676,1.0,1.0,pe_wt_v
2,bel_bias_v,0.0060493341782397935,3.132706362577303e-32,7.36163572494216e-21,pe_wt_v
2,pe_wt_v,0.9939506658217602,1.0,1.0,pe_wt_v
3,bel_bias_v,0.009870576093668364,2.271074400262779e-31,2.006363847919731e-18,pe_wt_v
3,pe_wt_v,0.9901294239063316,1.0,1.0,pe_wt_v
4,bel_bias_v,0.046260631316742476,8.965241039060976e-26,5.320707437410251e-15,pe_wt_v
4,pe_wt_v,0.9537393686832575,1.0,0.9999999999999947,pe_wt_v
5,bel_bias_v,0.006083898590551032,3.1948263030484985e-32,5.2316893854416345e-21,pe_wt_v
5,pe_wt_v,0.9939161014094489,1.0,1.0,pe_wt_v
6,bel_bias_v,0.00599973596999433,3.045449842484746e-32,1.0866993570419213e-19,pe_wt_v
6,pe_wt_v,0.9940002640300057,1.0,1.0,pe_wt_v
7,bel_bias_v,0.006490132382025617,4.012114957095536e-32,7.495409986476861e-20,pe_wt_v
7,pe_wt_v,0.9935098676179743,1.0,1.0,pe_wt_v
8,bel_bias_v,0.005760503042136507,2.6542217917960344e-32,1.8072814393621435e-22,pe_wt_v
8,pe_wt_v,0.9942394969578635,1.0,1.0,pe_wt_v
9,bel_bias_v,0.012820134732452386,8.789399626524102e-31,7.597271623152855e-18,pe_wt_v
9,pe_wt_v,0.9871798652675475,1.0,1.0,pe_wt_v
10,bel_bias_v,0.008986575817145738,1.4766076271545474e-31,3.263696484540538e-19,pe_wt_v
10,pe_wt_v,0.9910134241828542,1.0,1.0,pe_wt_v
11,bel_bias_v,0.0059293203511328945,2.925290870209806e-32,1.0709172936379836e-20,pe_wt_v
11,pe_wt_v,0.9940706796488671,1.0,1.0,pe_wt_v
12,bel_bias_v,0.0066220907210270165,4.3153718713034493e-32,2.787860246160442e-18,pe_wt_v
12,pe_wt_v,0.993377909278973,1.0,1.0,pe_wt_v
13,bel_bias_v,0.006733826578888434,4.588132106106935e-32,4.5836241639512806e-18,pe_wt_v
13,pe_wt_v,0.9932661734211117,1.0,1.0,pe_wt_v
14,bel_bias_v,0.009366273091653127,1.7794642666080336e-31,1.6608572129607518e-18,pe_wt_v
14,pe_wt_v,0.9906337269083468,1.0,1.0,pe_wt_v
15,bel_bias_v,0.014573004908119186,1.8723620928725432e-30,1.0371428957072513e-16,pe_wt_v
15,pe_wt_v,0.9854269950918807,1.0,0.9999999999999999,pe_wt_v
16,bel_bias_v,0.005900560763628271,2.877441935305834e-32,2.02602688335664e-21,pe_wt_v
16,pe_wt_v,0.9940994392363718,1.0,1.0,pe_wt_v
17,bel_bias_v,0.021282278740561877,2.6844504704965395e-29,1.1692249893163252e-15,pe_wt_v
17,pe_wt_v,0.978717721259438,1.0,0.9999999999999989,pe_wt_v
18,bel_bias_v,0.01165340588823803,5.216121374591992e-31,1.0988033737456585e-16,pe_wt_v
18,pe_wt_v,0.9883465941117621,1.0,0.9999999999999999,pe_wt_v
19,bel_bias_v,0.005924087747800157,2.9165327512111115e-32,1.1855801892985554e-20,pe_wt_v
19,pe_wt_v,0.9940759122521999,1.0,1.0,pe_wt_v
20,bel_bias_v,0.010431046820029969,2.964120506881817e-31,1.3647313665265373e-18,pe_wt_v
20,pe_wt_v,0.9895689531799701,1.0,1.0,pe_wt_v
21,bel_bias_v,0.006000135919037776,3.046144700808048e-32,2.3379666010634055e-20,pe_wt_v
21,pe_wt_v,0.9939998640809623,1.0,1.0,pe_wt_v
22,bel_bias_v,0.006550561898131208,4.148523594685793e-32,5.062496272983081e-20,pe_wt_v
22,pe_wt_v,0.9934494381018688,1.0,1.0,pe_wt_v
23,bel_bias_v,0.006752347632344445,4.6348170149850647e-32,1.3650213976955406e-18,pe_wt_v
23,pe_wt_v,0.9932476523676556,1.0,1.0,pe_wt_v
24,bel_bias_v,0.006765340352511121,4.66782243040885e-32,1.1675586077539462e-18,pe_wt_v
24,pe_wt_v,0.9932346596474889,1.0,1.0,pe_wt_v
25,bel_bias_v,0.009288279461623574,1.7129201352642848e-31,8.19878780449242e-19,pe_wt_v
25,pe_wt_v,0.9907117205383764,1.0,1.0,pe_wt_v
26,bel_bias_v,0.006276924021363671,3.562420003938732e-32,7.216212322129296e-19,pe_wt_v
26,pe_wt_v,0.9937230759786363,1.0,1.0,pe_wt_v
27,bel_bias_v,0.006729018612032156,4.5760825449489393e-32,1.4200306374711593e-18,pe_wt_v
27,pe_wt_v,0.9932709813879678,1.0,1.0,pe_wt_v
28,bel_bias_v,0.005984124455255365,3.018437058929712e-32,2.7175001800882057e-20,pe_wt_v
28,pe_wt_v,0.9940158755447447,1.0,1.0,pe_wt_v
29,bel_bias_v,0.005805508901189099,2.724211491503603e-32,6.7516241812687375e-22,pe_wt_v
29,pe_wt_v,0.994194491098811,1.0,1.0,pe_wt_v
30,bel_bias_v,0.006876399223778633,4.958728672602689e-32,7.471755125964931e-18,pe_wt_v
30,pe_wt_v,0.9931236007762213,1.0,1.0,pe_wt_v
31,bel_bias_v,0.010974992838146399,3.821347897135229e-31,3.9310335193873236e-19,pe_wt_v
31,pe_wt_v,0.9890250071618536,1.0,1.0,pe_wt_v
32,bel_bias_v,0.006350242376448866,3.711677702156883e-32,8.284119297944324e-19,pe_wt_v
32,pe_wt_v,0.9936497576235511,1.0,1.0,pe_wt_v
33,bel_bias_v,0.009467623532942017,1.8695187622765594e-31,4.263308300425991e-18,pe_wt_v
33,pe_wt_v,0.9905323764670579,1.0,1.0,pe_wt_v
34,bel_bias_v,0.019297768959626156,1.2611507689755349e-29,9.210133051136675e-18,pe_wt_v
34,pe_wt_v,0.9807022310403739,1.0,1.0,pe_wt_v
35,bel_bias_v,0.00624330572248117,3.4957983325213316e-32,6.950409121118627e-22,pe_wt_v
35,pe_wt_v,0.9937566942775189,1.0,1.0,pe_wt_v
36,bel_bias_v,0.04736720552194034,1.2307999156449595e-25,2.4939465352434837e-14,pe_wt_v
36,pe_wt_v,0.9526327944780597,1.0,0.9999999999999751,pe_wt_v
37,bel_bias_v,0.006562549634470168,4.1760745023417785e-32,9.20786315845112e-20,pe_wt_v
37,pe_wt_v,0.9934374503655299,1.0,1.0,pe_wt_v
38,bel_bias_v,0.006024423562727873,3.0886071343630494e-32,6.522636596765471e-22,pe_wt_v
38,pe_wt_v,0.9939755764372722,1.0,1.0,pe_wt_v
39,bel_bias_v,0.006687626930306679,4.473523028342098e-32,3.5098557232137504e-17,pe_wt_v
39,pe_wt_v,0.9933123730696933,1.0,0.9999999999999999,pe_wt_v
40,bel_bias_v,0.015916274648219302,3.277950803295588e-30,3.3892907194385413e-16,pe_wt_v
40,pe_wt_v,0.9840837253517808,1.0,0.9999999999999997,pe_wt_v
41,bel_bias_v,0.007821466580649016,8.185629689565708e-32,3.0206056050788013e-18,pe_wt_v
41,pe_wt_v,0.992178533419351,1.0,1.0,pe_wt_v
42,bel_bias_v,0.006775137700642768,4.692850814345584e-32,1.7584057233290772e-19,pe_wt_v
42,pe_wt_v,0.9932248622993572,1.0,1.0,pe_wt_v
43,bel_bias_v,0.0072494758833067646,6.06020358358985e-32,6.188898816097916e-15,pe_wt_v
43,pe_wt_v,0.9927505241166932,1.0,0.9999999999999939,pe_wt_v
44,bel_bias_v,0.006188782232719279,3.3901176108983187e-32,3.516500573824035e-20,pe_wt_v
44,pe_wt_v,0.9938112177672808,1.0,1.0,pe_wt_v
45,bel_bias_v,0.005962093053203382,2.9806791723905e-32,1.0525802960305909e-20,pe_wt_v
45,pe_wt_v,0.9940379069467966,1.0,1.0,pe_wt_v
46,bel_bias_v,0.009122435908193375,1.5790133725238472e-31,3.820906083762345e-19,pe_wt_v
46,pe_wt_v,0.9908775640918067,1.0,1.0,pe_wt_v
47,bel_bias_v,0.006215133980893695,3.4408316922983237e-32,3.063978804406549e-20,pe_wt_v
47,pe_wt_v,0.9937848660191063,1.0,1.0,pe_wt_v
48,bel_bias_v,0.009210172583222383,1.648596375885251e-31,3.137274782492567e-16,pe_wt_v
48,pe_wt_v,0.9907898274167776,1.0,0.9999999999999997,pe_wt_v
49,bel_bias_v,0.00640396521267348,3.824579039237168e-32,7.929029841741043e-19,pe_wt_v
49,pe_wt_v,0.9935960347873266,1.0,1.0,pe_wt_v
50,bel_bias_v,0.0062950166682899595,3.5987431330607955e-32,3.4903233415855055e-19,pe_wt_v
50,pe_wt_v,0.9937049833317101,1.0,1.0,pe_wt_v
51,bel_bias_v,0.0072015850782624815,5.907376593878503e-32,5.49814951413188e-17,pe_wt_v
51,pe_wt_v,0.9927984149217375,1.0,0.9999999999999999,pe_wt_v
52,bel_bias_v,0.0062595864900251335,3.527921408679979e-32,5.610191815941306e-18,pe_wt_v
52,pe_wt_v,0.9937404135099749,1.0,1.0,pe_wt_v
53,bel_bias_v,0.006095061248279164,3.2151216932677795e-32,9.159969760363445e-21,pe_wt_v
53,pe_wt_v,0.9939049387517208,1.0,1.0,pe_wt_v
54,bel_bias_v,0.0069832706822231414,5.2540441091092e-32,1.1102273108865323e-18,pe_wt_v
54,pe_wt_v,0.993016729317777,1.0,1.0,pe_wt_v
55,bel_bias_v,0.005777836237596532,2.680985751637865e-32,1.43308386350431e-22,pe_wt_v
55,pe_wt_v,0.9942221637624035,1.0,1.0,pe_wt_v
56,bel_bias_v,0.022504473858050895,4.2269221061253125e-29,1.115480548864597e-16,pe_wt_v
56,pe_wt_v,0.9774955261419491,1.0,0.9999999999999999,pe_wt_v
57,bel_bias_v,0.006049980980803579,3.133858840242864e-32,1.5506760286060217e-19,pe_wt_v
57,pe_wt_v,0.9939500190191964,1.0,1.0,pe_wt_v
58,bel_bias_v,0.022038622021405597,3.558671542995881e-29,9.862239307734462e-19,pe_wt_v
58,pe_wt_v,0.9779613779785943,1.0,1.0,pe_wt_v
59,bel_bias_v,0.006005174964094948,3.054911488921613e-32,6.416507637987374e-20,pe_wt_v
59,pe_wt_v,0.9939948250359051,1.0,1.0,pe_wt_v
60,bel_bias_v,0.00655307157295282,4.154277897445012e-32,5.813763203815556e-20,pe_wt_v
60,pe_wt_v,0.9934469284270471,1.0,1.0,pe_wt_v
61,bel_bias_v,0.008838583732322991,1.3720663540062147e-31,1.9361073801601212e-19,pe_wt_v
61,pe_wt_v,0.991161416267677,1.0,1.0,pe_wt_v
62,bel_bias_v,0.006977335463747684,5.237235117116912e-32,5.459164177720758e-19,pe_wt_v
62,pe_wt_v,0.9930226645362522,1.0,1.0,pe_wt_v
63,bel_bias_v,0.006030802368251552,3.099846450860126e-32,1.7033815944763742e-20,pe_wt_v
63,pe_wt_v,0.9939691976317485,1.0,1.0,pe_wt_v
64,bel_bias_v,0.006485308262812489,4.0014012610069274e-32,1.0161444494636211e-20,pe_wt_v
64,pe_wt_v,0.9935146917371875,1.0,1.0,pe_wt_v
65,bel_bias_v,0.007279227831545098,6.156946901191776e-32,4.8913419331415845e-19,pe_wt_v
65,pe_wt_v,0.9927207721684548,1.0,1.0,pe_wt_v
66,bel_bias_v,0.022256882772220543,3.858034252386102e-29,2.999588866553459e-16,pe_wt_v
66,pe_wt_v,0.9777431172277794,1.0,0.9999999999999998,pe_wt_v
67,bel_bias_v,0.006400317784620561,3.816817371027705e-32,8.567987175316792e-19,pe_wt_v
67,pe_wt_v,0.9935996822153795,1.0,1.0,pe_wt_v
68,bel_bias_v,0.02676908326911829,1.9431627197242617e-28,2.0230290096613055e-14,pe_wt_v
68,pe_wt_v,0.9732309167308817,1.0,0.9999999999999798,pe_wt_v
69,bel_bias_v,0.0059279436020802725,2.9229842567785484e-32,9.788525545569278e-21,pe_wt_v
69,pe_wt_v,0.9940720563979197,1.0,1.0,pe_wt_v
70,bel_bias_v,0.006514780092159317,4.067257716249954e-32,2.6732944317221957e-18,pe_wt_v
70,pe_wt_v,0.9934852199078407,1.0,1.0,pe_wt_v
71,bel_bias_v,0.0061331871767088715,3.285311632877516e-32,1.4533610721799864e-19,pe_wt_v
71,pe_wt_v,0.993866812823291,1.0,1.0,pe_wt_v
72,bel_bias_v,0.007191911584499802,5.876935305474588e-32,1.6925480738107803e-17,pe_wt_v
72,pe_wt_v,0.9928080884155002,1.0,1.0,pe_wt_v
73,bel_bias_v,0.006073528942206133,3.1760752950126483e-32,2.928767987546943e-20,pe_wt_v
73,pe_wt_v,0.993926471057794,1.0,1.0,pe_wt_v
74,bel_bias_v,0.01094194130996658,3.7632659528959214e-31,6.600008025391633e-19,pe_wt_v
74,pe_wt_v,0.9890580586900334,1.0,1.0,pe_wt_v
75,bel_bias_v,0.006741921128545047,4.6084830851588715e-32,5.15405457515222e-19,pe_wt_v
75,pe_wt_v,0.993258078871455,1.0,1.0,pe_wt_v
76,bel_bias_v,0.011270736699297637,4.379743501026698e-31,1.1474565141120729e-17,pe_wt_v
76,pe_wt_v,0.9887292633007024,1.0,1.0,pe_wt_v
77,bel_bias_v,0.006184008617525428,3.381002647511581e-32,5.128383641439141e-20,pe_wt_v
77,pe_wt_v,0.9938159913824746,1.0,1.0,pe_wt_v
78,bel_bias_v,0.006289844825209431,3.5883263238217953e-32,9.262815343017918e-20,pe_wt_v
78,pe_wt_v,0.9937101551747907,1.0,1.0,pe_wt_v
79,bel_bias_v,0.006006582247411343,3.0573638555754095e-32,1.8207034152271123e-21,pe_wt_v
79,pe_wt_v,0.9939934177525886,1.0,1.0,pe_wt_v
80,bel_bias_v,0.006498631542348529,4.0310531718672345e-32,4.733413181493756e-19,pe_wt_v
80,pe_wt_v,0.9935013684576516,1.0,1.0,pe_wt_v
81,bel_bias_v,0.006591226805133933,4.242651521947127e-32,1.4988285444425738e-17,pe_wt_v
81,pe_wt_v,0.9934087731948661,1.0,1.0,pe_wt_v
82,bel_bias_v,0.006270388865349293,3.549380883074859e-32,4.7112361419108984e-21,pe_wt_v
82,pe_wt_v,0.9937296111346506,1.0,1.0,pe_wt_v
83,bel_bias_v,0.008900489849728603,1.414935411792947e-31,1.6126884366059646e-19,pe_wt_v
83,pe_wt_v,0.9910995101502713,1.0,1.0,pe_wt_v
84,bel_bias_v,0.011234701743624086,4.307832248066995e-31,1.2779394478696812e-17,pe_wt_v
84,pe_wt_v,0.9887652982563759,1.0,1.0,pe_wt_v
85,bel_bias_v,0.011041137525253696,3.940113612755877e-31,2.0429982190775597e-17,pe_wt_v
85,pe_wt_v,0.9889588624747462,1.0,1.0,pe_wt_v
86,bel_bias_v,0.01618804780069507,3.66440339704788e-30,6.019671028044244e-17,pe_wt_v
86,pe_wt_v,0.9838119521993048,1.0,1.0,pe_wt_v
87,bel_bias_v,0.007032693524729182,5.395922548078463e-32,1.7612101921733077e-17,pe_wt_v
87,pe_wt_v,0.9929673064752708,1.0,1.0,pe_wt_v
88,bel_bias_v,0.006091940681072169,3.2094364713995733e-32,5.649143095201116e-20,pe_wt_v
88,pe_wt_v,0.9939080593189279,1.0,1.0,pe_wt_v
89,bel_bias_v,0.005740949550963159,2.6243142897644365e-32,5.74820214724536e-23,pe_wt_v
89,pe_wt_v,0.9942590504490368,1.0,1.0,pe_wt_v
90,bel_bias_v,0.00580473352745259,2.7229919527208847e-32,7.473999933810834e-22,pe_wt_v
90,pe_wt_v,0.9941952664725473,1.0,1.0,pe_wt_v
91,bel_bias_v,0.005785159733198769,2.6923656579613645e-32,3.1913044314738934e-22,pe_wt_v
91,pe_wt_v,0.9942148402668013,1.0,1.0,pe_wt_v
92,bel_bias_v,0.007084127845598146,5.547253932326412e-32,3.448286238328171e-18,pe_wt_v
92,pe_wt_v,0.9929158721544019,1.0,1.0,pe_wt_v
93,bel_bias_v,0.006156646914264781,3.329178519349312e-32,1.9423817138052288e-20,pe_wt_v
93,pe_wt_v,0.9938433530857352,1.0,1.0,pe_wt_v
94,bel_bias_v,0.007088179993169787,5.559338231656187e-32,1.360359264246641e-16,pe_wt_v
94,pe_wt_v,0.9929118200068302,1.0,0.9999999999999999,pe_wt_v
95,bel_bias_v,0.006313014008218303,3.635203869992779e-32,2.4915525731344233e-19,pe_wt_v
95,pe_wt_v,0.9936869859917817,1.0,1.0,pe_wt_v
96,bel_bias_v,0.016941073524007765,4.9749036032743955e-30,1.5043038608717556e-17,pe_wt_v
96,pe_wt_v,0.9830589264759922,1.0,1.0,pe_wt_v
97,bel_bias_v,0.00670054947877554,4.505317379122462e-32,6.592155790109862e-19,pe_wt_v
97,pe_wt_v,0.9932994505212245,1.0,1.0,pe_wt_v
98,bel_bias_v,0.008814823474436047,1.3559336948258487e-31,1.739561332101485e-19,pe_wt_v
98,pe_wt_v,0.9911851765255639,1.0,1.0,pe_wt_v
99,bel_bias_v,0.006358060474129971,3.7279196290513575e-32,1.6858126550936864e-20,pe_wt_v
99,pe_wt_v,0.9936419395258701,1.0,1.0,pe_wt_v
100,bel_bias_v,0.022384295323282646,4.04382340601529e-29,1.0919101496892876e-15,pe_wt_v
100,pe_wt_v,0.9776157046767173,1.0,0.9999999999999989,pe_wt_v
101,bel_bias_v,0.006529736693224177,4.101050549907324e-32,4.780244910003024e-18,pe_wt_v
101,pe_wt_v,0.9934702633067758,1.0,1.0,pe_wt_v
102,bel_bias_v,0.006230712505619666,3.471130961812017e-32,1.1427704658326095e-19,pe_wt_v
102,pe_wt_v,0.9937692874943803,1.0,1.0,pe_wt_v
103,bel_bias_v,0.006296337776092966,3.601408369095552e-32,3.201470952274908e-19,pe_wt_v
103,pe_wt_v,0.993703662223907,1.0,1.0,pe_wt_v
104,bel_bias_v,0.00928134868029408,1.7071197744165393e-31,6.685139767262221e-19,pe_wt_v
104,pe_wt_v,0.9907186513197058,1.0,1.0,pe_wt_v
105,bel_bias_v,0.005814341698771866,2.73813834706232e-32,1.6113560251475772e-21,pe_wt_v
105,pe_wt_v,0.9941856583012281,1.0,1.0,pe_wt_v
106,bel_bias_v,0.006428182878228652,3.8764743178734233e-32,3.636960908607632e-19,pe_wt_v
106,pe_wt_v,0.9935718171217715,1.0,1.0,pe_wt_v
107,bel_bias_v,0.005987685740825945,3.0245803181661815e-32,1.7595689942997937e-20,pe_wt_v
107,pe_wt_v,0.994012314259174,1.0,1.0,pe_wt_v
108,bel_bias_v,0.00687753128161986,4.961776488699406e-32,1.1321672169580415e-17,pe_wt_v
108,pe_wt_v,0.9931224687183802,1.0,1.0,pe_wt_v
109,bel_bias_v,0.006151760278737038,3.31999816866746e-32,1.6836919028433878e-20,pe_wt_v
109,pe_wt_v,0.993848239721263,1.0,1.0,pe_wt_v
110,bel_bias_v,0.005924828736157029,2.9177715669567465e-32,1.2635701697451495e-21,pe_wt_v
110,pe_wt_v,0.9940751712638429,1.0,1.0,pe_wt_v
111,bel_bias_v,0.007533637771746945,7.043422657807708e-32,1.6594255837631882e-17,pe_wt_v
111,pe_wt_v,0.9924663622282531,1.0,1.0,pe_wt_v
112,bel_bias_v,0.03401305063455815,2.181811471436426e-27,1.4875635274977924e-15,pe_wt_v
112,pe_wt_v,0.9659869493654418,1.0,0.9999999999999984,pe_wt_v
113,bel_bias_v,0.005944666698073886,2.9511121667603105e-32,1.3637787503392665e-20,pe_wt_v
113,pe_wt_v,0.9940553333019261,1.0,1.0,pe_wt_v
114,bel_bias_v,0.014824001291790305,2.0814176295081777e-30,1.1979362333512693e-17,pe_wt_v
114,pe_wt_v,0.9851759987082097,1.0,1.0,pe_wt_v
115,bel_bias_v,0.006723968108348258,4.563455905876024e-32,7.840387716817995e-19,pe_wt_v
115,pe_wt_v,0.9932760318916517,1.0,1.0,pe_wt_v
116,bel_bias_v,0.010815391063567015,3.5484258023186827e-31,7.830656433782709e-18,pe_wt_v
116,pe_wt_v,0.989184608936433,1.0,1.0,pe_wt_v
117,bel_bias_v,0.0060642053007165745,3.1592996847940856e-32,5.866549719911245e-20,pe_wt_v
117,pe_wt_v,0.9939357946992835,1.0,1.0,pe_wt_v
118,bel_bias_v,0.008231611970724598,1.0107441176995072e-31,1.3675239505879524e-18,pe_wt_v
118,pe_wt_v,0.9917683880292755,1.0,1.0,pe_wt_v
119,bel_bias_v,0.006987205771972322,5.2652155018779e-32,1.5846634866689696e-20,pe_wt_v
119,pe_wt_v,0.9930127942280277,1.0,1.0,pe_wt_v
120,bel_bias_v,0.006311607022912847,3.6323415794968525e-32,3.462579834502245e-18,pe_wt_v
120,pe_wt_v,0.9936883929770872,1.0,1.0,pe_wt_v
121,bel_bias_v,0.006807458678889006,4.7762800235363955e-32,2.2766007095479393e-19,pe_wt_v
121,pe_wt_v,0.993192541321111,1.0,1.0,pe_wt_v
122,bel_bias_v,0.007560238639051125,7.1425245413343e-32,2.59398806470604e-18,pe_wt_v
122,pe_wt_v,0.9924397613609488,1.0,1.0,pe_wt_v
123,bel_bias_v,0.006971267337306587,5.220100078250209e-32,2.6406924819875716e-19,pe_wt_v
123,pe_wt_v,0.9930287326626934,1.0,1.0,pe_wt_v
124,bel_bias_v,0.006215295160257135,3.441143960329755e-32,5.059306398699434e-20,pe_wt_v
124,pe_wt_v,0.9937847048397429,1.0,1.0,pe_wt_v
125,bel_bias_v,0.020673342339915548,2.1343542782372532e-29,8.976447183414134e-18,pe_wt_v
125,pe_wt_v,0.9793266576600844,1.0,1.0,pe_wt_v
126,bel_bias_v,0.005841295099646386,2.7810281629732766e-32,9.942804051197477e-22,pe_wt_v
126,pe_wt_v,0.9941587049003535,1.0,1.0,pe_wt_v
127,bel_bias_v,0.006358704928686043,3.7292613095846765e-32,5.011181464467794e-19,pe_wt_v
127,pe_wt_v,0.993641295071314,1.0,1.0,pe_wt_v
128,bel_bias_v,0.006411352891400228,3.840343336455814e-32,1.9032313565770926e-19,pe_wt_v
128,pe_wt_v,0.9935886471085997,1.0,1.0,pe_wt_v
129,bel_bias_v,0.005777238374885678,2.680058626604889e-32,3.80476023714902e-22,pe_wt_v
129,pe_wt_v,0.9942227616251144,1.0,1.0,pe_wt_v
130,bel_bias_v,0.006796948200449285,4.749003812689584e-32,2.0860500281834916e-18,pe_wt_v
130,pe_wt_v,0.9932030517995507,1.0,1.0,pe_wt_v
131,bel_bias_v,0.005729796803394661,2.6073901184874607e-32,3.5459925865823474e-23,pe_wt_v
131,pe_wt_v,0.9942702031966053,1.0,1.0,pe_wt_v
132,bel_bias_v,0.008786214102710714,1.3367410186425811e-31,1.7324972130893014e-19,pe_wt_v
132,pe_wt_v,0.9912137858972893,1.0,1.0,pe_wt_v
133,bel_bias_v,0.0064851764555878405,4.0011088968673344e-32,7.441193928755904e-21,pe_wt_v
133,pe_wt_v,0.9935148235444121,1.0,1.0,pe_wt_v
134,bel_bias_v,0.008211037184013429,1.0001947972815384e-31,2.580191145621386e-15,pe_wt_v
134,pe_wt_v,0.9917889628159865,1.0,0.9999999999999974,pe_wt_v
135,bel_bias_v,0.0064217513847772065,3.8626311656179944e-32,1.167719388342946e-19,pe_wt_v
135,pe_wt_v,0.9935782486152228,1.0,1.0,pe_wt_v
136,bel_bias_v,0.006224396503736714,3.4588180626372746e-32,2.996423710084537e-19,pe_wt_v
136,pe_wt_v,0.9937756034962634,1.0,1.0,pe_wt_v
137,bel_bias_v,0.032926154120664526,1.536185032703089e-27,2.700723786920947e-15,pe_wt_v
137,pe_wt_v,0.9670738458793355,1.0,0.9999999999999972,pe_wt_v
138,bel_bias_v,0.0059893884015555475,3.0275213633916807e-32,3.077906146784681e-20,pe_wt_v
138,pe_wt_v,0.9940106115984445,1.0,1.0,pe_wt_v
139,bel_bias_v,0.006792734207016439,4.7381074641752657e-32,9.72945494855939e-18,pe_wt_v
139,pe_wt_v,0.9932072657929836,1.0,1.0,pe_wt_v
140,bel_bias_v,0.0061487958645960895,3.3144400630700024e-32,1.1618602175150866e-20,pe_wt_v
140,pe_wt_v,0.993851204135404,1.0,1.0,pe_wt_v
141,bel_bias_v,0.007477333309743738,6.837782173037798e-32,5.191246252862792e-19,pe_wt_v
141,pe_wt_v,0.9925226666902562,1.0,1.0,pe_wt_v
142,bel_bias_v,0.0058266377356490946,2.7576310600748645e-32,4.8669684767541425e-22,pe_wt_v
142,pe_wt_v,0.9941733622643509,1.0,1.0,pe_wt_v
143,bel_bias_v,0.009260419887006512,1.6897147484976285e-31,6.489749111153855e-19,pe_wt_v
143,pe_wt_v,0.9907395801129935,1.0,1.0,pe_wt_v
144,bel_bias_v,0.006160080954887184,3.3356435026838125e-32,3.1613865347308452e-19,pe_wt_v
144,pe_wt_v,0.9938399190451128,1.0,1.0,pe_wt_v
145,bel_bias_v,0.00647803979230614,3.9853075667672304e-32,8.026000820685253e-20,pe_wt_v
145,pe_wt_v,0.9935219602076939,1.0,1.0,pe_wt_v
146,bel_bias_v,0.012650831315959631,8.156433950093438e-31,1.8169165111820763e-18,pe_wt_v
146,pe_wt_v,0.9873491686840404,1.0,1.0,pe_wt_v
147,bel_bias_v,0.006132563319765096,3.284152181239564e-32,7.347941687460384e-20,pe_wt_v
147,pe_wt_v,0.9938674366802348,1.0,1.0,pe_wt_v
148,bel_bias_v,0.005796677158162692,2.71034923312326e-32,2.1335730255567883e-22,pe_wt_v
148,pe_wt_v,0.9942033228418372,1.0,1.0,pe_wt_v
149,bel_bias_v,0.006509345874806349,4.05504185741088e-32,2.858723953752172e-20,pe_wt_v
149,pe_wt_v,0.9934906541251937,1.0,1.0,pe_wt_v
150,bel_bias_v,0.006009197866650503,3.0619265617059917e-32,9.354525370834732e-22,pe_wt_v
150,pe_wt_v,0.9939908021333494,1.0,1.0,pe_wt_v
151,bel_bias_v,0.006282116592411094,3.5728109415021e-32,7.587770644132606e-21,pe_wt_v
151,pe_wt_v,0.9937178834075888,1.0,1.0,pe_wt_v
152,bel_bias_v,0.006499346852154136,4.032650718852192e-32,4.470123716141512e-17,pe_wt_v
152,pe_wt_v,0.9935006531478459,1.0,0.9999999999999999,pe_wt_v
153,bel_bias_v,0.006544312654228535,4.1342261838359034e-32,2.7579865586465258e-18,pe_wt_v
153,pe_wt_v,0.9934556873457715,1.0,1.0,pe_wt_v
154,bel_bias_v,0.009491121622952767,1.8909928406651852e-31,9.07477264137816e-20,pe_wt_v
154,pe_wt_v,0.9905088783770473,1.0,1.0,pe_wt_v
155,bel_bias_v,0.005860566102946919,2.8120582868777254e-32,3.191299324429869e-21,pe_wt_v
155,pe_wt_v,0.9941394338970531,1.0,1.0,pe_wt_v
156,bel_bias_v,0.006801507637186891,4.7608188819415317e-32,2.216795950200529e-19,pe_wt_v
156,pe_wt_v,0.993198492362813,1.0,1.0,pe_wt_v
157,bel_bias_v,0.007350391455581549,6.394069487318645e-32,5.0349246360648556e-18,pe_wt_v
157,pe_wt_v,0.9926496085444184,1.0,1.0,pe_wt_v
158,bel_bias_v,0.005958567096063775,2.97467553639348e-32,3.2914334237982933e-21,pe_wt_v
158,pe_wt_v,0.9940414329039362,1.0,1.0,pe_wt_v
159,bel_bias_v,0.017975931616933265,7.520479056747134e-30,1.0338204055785335e-15,pe_wt_v
159,pe_wt_v,0.9820240683830668,1.0,0.9999999999999989,pe_wt_v
160,bel_bias_v,0.007907196372820937,8.557175834992822e-32,7.509380097703726e-18,pe_wt_v
160,pe_wt_v,0.992092803627179,1.0,1.0,pe_wt_v
161,bel_bias_v,0.023860651648609517,6.931190476394739e-29,4.554444439691929e-17,pe_wt_v
161,pe_wt_v,0.9761393483513905,1.0,0.9999999999999999,pe_wt_v
162,bel_bias_v,0.006129740158616346,3.278909845517582e-32,1.7965920419925868e-20,pe_wt_v
162,pe_wt_v,0.9938702598413836,1.0,1.0,pe_wt_v
163,bel_bias_v,0.006019883929351593,3.0806305516871694e-32,1.0942487712339637e-21,pe_wt_v
163,pe_wt_v,0.9939801160706485,1.0,1.0,pe_wt_v
164,bel_bias_v,0.0061700359961164445,3.354448520566686e-32,5.538200528839274e-20,pe_wt_v
164,pe_wt_v,0.9938299640038836,1.0,1.0,pe_wt_v
165,bel_bias_v,0.00919554393843161,1.6368007994994952e-31,4.736535571216301e-19,pe_wt_v
165,pe_wt_v,0.9908044560615683,1.0,1.0,pe_wt_v
166,bel_bias_v,0.006095263886952085,3.2154911823856415e-32,1.810861359447077e-19,pe_wt_v
166,pe_wt_v,0.9939047361130479,1.0,1.0,pe_wt_v
167,bel_bias_v,0.009226907744124225,1.662187018231724e-31,2.5550111960512793e-18,pe_wt_v
167,pe_wt_v,0.9907730922558757,1.0,1.0,pe_wt_v
168,bel_bias_v,0.005847513115569798,2.7910069699454184e-32,7.723006665113613e-22,pe_wt_v
168,pe_wt_v,0.9941524868844303,1.0,1.0,pe_wt_v
169,bel_bias_v,0.006244018009892191,3.497198226579138e-32,2.8214125234535884e-20,pe_wt_v
169,pe_wt_v,0.9937559819901077,1.0,1.0,pe_wt_v
170,bel_bias_v,0.019452574468061236,1.3388623153244028e-29,3.183213642415559e-17,pe_wt_v
170,pe_wt_v,0.9805474255319389,1.0,0.9999999999999999,pe_wt_v
171,bel_bias_v,0.0060972408418354905,3.219097930307427e-32,9.620916849216982e-21,pe_wt_v
171,pe_wt_v,0.9939027591581645,1.0,1.0,pe_wt_v
172,bel_bias_v,0.0061982392889250995,3.4082402965678135e-32,4.442023919188709e-20,pe_wt_v
172,pe_wt_v,0.9938017607110748,1.0,1.0,pe_wt_v
173,bel_bias_v,0.027153354268700237,2.2204328421512256e-28,3.565367366626279e-15,pe_wt_v
173,pe_wt_v,0.9728466457312998,1.0,0.9999999999999964,pe_wt_v
174,bel_bias_v,0.010477592335760904,3.0297612497229305e-31,1.0759835139248422e-18,pe_wt_v
174,pe_wt_v,0.9895224076642392,1.0,1.0,pe_wt_v
175,bel_bias_v,0.009221991980465095,1.658184197942422e-31,3.604587733932724e-20,pe_wt_v
175,pe_wt_v,0.990778008019535,1.0,1.0,pe_wt_v
176,bel_bias_v,0.006712688303769479,4.5353689791233806e-32,9.326904156178709e-18,pe_wt_v
176,pe_wt_v,0.9932873116962305,1.0,1.0,pe_wt_v
177,bel_bias_v,0.006462285947193254,3.950625284774007e-32,1.3548941295853462e-19,pe_wt_v
177,pe_wt_v,0.9935377140528068,1.0,1.0,pe_wt_v
178,bel_bias_v,0.013791771146991842,1.3417287740956065e-30,8.467150171071592e-18,pe_wt_v
178,pe_wt_v,0.9862082288530081,1.0,1.0,pe_wt_v
179,bel_bias_v,0.009522284232276365,1.9198243580248944e-31,1.527436990026291e-19,pe_wt_v
179,pe_wt_v,0.9904777157677237,1.0,1.0,pe_wt_v
180,bel_bias_v,0.008360723384769796,1.0793115551104872e-31,2.0597723562374168e-17,pe_wt_v
180,pe_wt_v,0.9916392766152302,1.0,1.0,pe_wt_v
181,bel_bias_v,0.012002086160018018,6.106697644474292e-31,6.5633170373703176e-18,pe_wt_v
181,pe_wt_v,0.9879979138399819,1.0,1.0,pe_wt_v
182,bel_bias_v,0.00582747672809,2.758965583304829e-32,8.167615806499378e-22,pe_wt_v
182,pe_wt_v,0.9941725232719101,1.0,1.0,pe_wt_v
183,bel_bias_v,0.006559900684150179,4.16997239743496e-32,3.182082307973784e-19,pe_wt_v
183,pe_wt_v,0.9934400993158499,1.0,1.0,pe_wt_v
184,bel_bias_v,0.007083513760080003,5.545424688743435e-32,6.8188229177824596e-18,pe_wt_v
184,pe_wt_v,0.99291648623992,1.0,1.0,pe_wt_v
185,bel_bias_v,0.006015169575356311,3.0723664186156837e-32,2.2247218667609405e-20,pe_wt_v
185,pe_wt_v,0.9939848304246437,1.0,1.0,pe_wt_v
186,bel_bias_v,0.006336888654618737,3.6840823868272284e-32,5.488704503979697e-19,pe_wt_v
186,pe_wt_v,0.9936631113453812,1.0,1.0,pe_wt_v
187,bel_bias_v,0.0065339800061026375,4.110683743158263e-32,5.805018943362736e-20,pe_wt_v
187,pe_wt_v,0.9934660199938974,1.0,1.0,pe_wt_v
188,bel_bias_v,0.0060051408346039285,3.054852035817034e-32,1.6782246910387278e-22,pe_wt_v
188,pe_wt_v,0.9939948591653961,1.0,1.0,pe_wt_v
189,bel_bias_v,0.011120220839707108,4.086646396146181e-31,7.33523778916635e-17,pe_wt_v
189,pe_wt_v,0.988879779160293,1.0,1.0,pe_wt_v
190,bel_bias_v,0.014178781422193578,1.583713307747732e-30,1.0979528661485873e-17,pe_wt_v
190,pe_wt_v,0.9858212185778065,1.0,1.0,pe_wt_v
191,bel_bias_v,0.010929450673674611,3.7415318833553326e-31,8.133118914865868e-18,pe_wt_v
191,pe_wt_v,0.9890705493263253,1.0,1.0,pe_wt_v
192,bel_bias_v,0.0066371543020665716,4.3512702100030017e-32,3.3114988600462887e-19,pe_wt_v
192,pe_wt_v,0.9933628456979334,1.0,1.0,pe_wt_v
193,bel_bias_v,0.005998539438976626,3.043371872471136e-32,7.184169734740485e-20,pe_wt_v
193,pe_wt_v,0.9940014605610233,1.0,1.0,pe_wt_v
194,bel_bias_v,0.00796954570770747,8.837020829807978e-32,6.559604969865978e-18,pe_wt_v
194,pe_wt_v,0.9920304542922925,1.0,1.0,pe_wt_v
195,bel_bias_v,0.00743798780152326,6.69734479574789e-32,3.0933229222593104e-17,pe_wt_v
195,pe_wt_v,0.9925620121984767,1.0,0.9999999999999999,pe_wt_v
196,bel_bias_v,0.006151717663175043,3.319918207952546e-32,7.529477893210852e-21,pe_wt_v
196,pe_wt_v,0.9938482823368249,1.0,1.0,pe_wt_v
197,bel_bias_v,0.006164855637737791,3.344651055775087e-32,9.0490245540135e-20,pe_wt_v
197,pe_wt_v,0.9938351443622623,1.0,1.0,pe_wt_v
198,bel_bias_v,0.018096988700054648,7.88898825995007e-30,8.286241706508798e-19,pe_wt_v
198,pe_wt_v,0.9819030112999454,1.0,1.0,pe_wt_v
199,bel_bias_v,0.010376337188751066,2.888663746187695e-31,1.0727287874240079e-18,pe_wt_v
199,pe_wt_v,0.9896236628112489,1.0,1.0,pe_wt_v
200,bel_bias_v,0.006722520700384961,4.559843077474162e-32,1.7206434116882852e-19,pe_wt_v
200,pe_wt_v,0.9932774792996151,1.0,1.0,pe_wt_v
201,bel_bias_v,0.006106695649181408,3.2363972522009246e-32,3.1850011793288656e-19,pe_wt_v
201,pe_wt_v,0.9938933043508186,1.0,1.0,pe_wt_v
202,bel_bias_v,0.005801086443381349,2.7172621744573247e-32,7.0072496941404095e-22,pe_wt_v
202,pe_wt_v,0.9941989135566187,1.0,1.0,pe_wt_v
203,bel_bias_v,0.006173592930599186,3.361190502489861e-32,1.0606101755264564e-19,pe_wt_v
203,pe_wt_v,0.9938264070694007,1.0,1.0,pe_wt_v
204,bel_bias_v,0.006726537455895333,4.5698755340091507e-32,2.523640484846452e-20,pe_wt_v
204,pe_wt_v,0.9932734625441046,1.0,1.0,pe_wt_v
205,bel_bias_v,0.013212752152757214,1.0440195704287317e-30,2.839309735761819e-17,pe_wt_v
205,pe_wt_v,0.9867872478472428,1.0,0.9999999999999999,pe_wt_v
206,bel_bias_v,0.0059958556796665995,3.038715685676621e-32,1.6230745957951256e-21,pe_wt_v
206,pe_wt_v,0.9940041443203335,1.0,1.0,pe_wt_v
207,bel_bias_v,0.00816016224590311,9.745422399937251e-32,4.0086700434922534e-16,pe_wt_v
207,pe_wt_v,0.9918398377540969,1.0,0.9999999999999997,pe_wt_v
208,bel_bias_v,0.014952658469794627,2.196981759846748e-30,9.773390551623552e-18,pe_wt_v
208,pe_wt_v,0.9850473415302055,1.0,1.0,pe_wt_v
209,bel_bias_v,0.006229786159892222,3.4693226204361654e-32,1.3919409680324628e-19,pe_wt_v
209,pe_wt_v,0.9937702138401078,1.0,1.0,pe_wt_v
210,bel_bias_v,0.006311589911543452,3.632306781543619e-32,2.3509004361206404e-19,pe_wt_v
210,pe_wt_v,0.9936884100884565,1.0,1.0,pe_wt_v
211,bel_bias_v,0.006107618892804014,3.2380909394191513e-32,7.738452680101433e-20,pe_wt_v
211,pe_wt_v,0.9938923811071959,1.0,1.0,pe_wt_v
212,bel_bias_v,0.025743290104030387,1.3567943668986264e-28,2.9712597709442865e-16,pe_wt_v
212,pe_wt_v,0.9742567098959697,1.0,0.9999999999999998,pe_wt_v
213,bel_bias_v,0.01584392333423809,3.1818014736836035e-30,1.756736763344613e-16,pe_wt_v
213,pe_wt_v,0.984156076665762,1.0,0.9999999999999999,pe_wt_v
214,bel_bias_v,0.0063857139727242305,3.785882148646219e-32,2.4685333191869112e-20,pe_wt_v
214,pe_wt_v,0.9936142860272759,1.0,1.0,pe_wt_v
215,bel_bias_v,0.006627540624917055,4.3283287263731546e-32,1.2816985784152119e-18,pe_wt_v
215,pe_wt_v,0.9933724593750829,1.0,1.0,pe_wt_v
216,bel_bias_v,0.014374856387782905,1.7215565988221777e-30,1.3143528860682707e-17,pe_wt_v
216,pe_wt_v,0.9856251436122172,1.0,1.0,pe_wt_v
217,bel_bias_v,0.01499052980931664,2.2321428545935695e-30,7.267159784600308e-16,pe_wt_v
217,pe_wt_v,0.9850094701906833,1.0,0.9999999999999993,pe_wt_v
218,bel_bias_v,0.01034210993520321,2.8423722046527405e-31,2.1655953596534302e-16,pe_wt_v
218,pe_wt_v,0.9896578900647968,1.0,0.9999999999999998,pe_wt_v
219,bel_bias_v,0.00594855983759235,2.957694833901112e-32,1.1897664370865268e-20,pe_wt_v
219,pe_wt_v,0.9940514401624077,1.0,1.0,pe_wt_v
220,bel_bias_v,0.006491259428061443,4.014621682685189e-32,4.896879147357922e-20,pe_wt_v
220,pe_wt_v,0.9935087405719385,1.0,1.0,pe_wt_v
221,bel_bias_v,0.007088747550490792,5.561032703660028e-32,9.144917384229702e-17,pe_wt_v
221,pe_wt_v,0.9929112524495092,1.0,0.9999999999999999,pe_wt_v
222,bel_bias_v,0.006338905522146053,3.688238387392069e-32,4.589431461587765e-19,pe_wt_v
222,pe_wt_v,0.993661094477854,1.0,1.0,pe_wt_v
223,bel_bias_v,0.006389928013502467,3.794785555762996e-32,3.3624739359449917e-19,pe_wt_v
223,pe_wt_v,0.9936100719864975,1.0,1.0,pe_wt_v
224,bel_bias_v,0.005959401253971629,2.976094880794918e-32,2.748136004976838e-21,pe_wt_v
224,pe_wt_v,0.9940405987460283,1.0,1.0,pe_wt_v
225,bel_bias_v,0.006560390372320338,4.171099834907146e-32,5.597287526750634e-18,pe_wt_v
225,pe_wt_v,0.9934396096276797,1.0,1.0,pe_wt_v
226,bel_bias_v,0.009000332855115395,1.486690367589937e-31,5.973157902642805e-19,pe_wt_v
226,pe_wt_v,0.9909996671448846,1.0,1.0,pe_wt_v
227,bel_bias_v,0.005805095121707437,2.72356062226165e-32,1.5721646014650659e-21,pe_wt_v
227,pe_wt_v,0.9941949048782925,1.0,1.0,pe_wt_v
228,bel_bias_v,0.012130778646372804,6.47009826895085e-31,3.195842494656491e-18,pe_wt_v
228,pe_wt_v,0.9878692213536273,1.0,1.0,pe_wt_v
229,bel_bias_v,0.024619946673587113,9.106018077690843e-29,3.7076981994490047e-16,pe_wt_v
229,pe_wt_v,0.9753800533264129,1.0,0.9999999999999996,pe_wt_v
230,bel_bias_v,0.007243491368219966,6.040911667118772e-32,5.817781905131065e-18,pe_wt_v
230,pe_wt_v,0.9927565086317801,1.0,1.0,pe_wt_v
231,bel_bias_v,0.006610992655367415,4.2890947858761984e-32,5.804962143335606e-19,pe_wt_v
231,pe_wt_v,0.9933890073446325,1.0,1.0,pe_wt_v
232,bel_bias_v,0.007596326341434502,7.27900320573854e-32,6.808981193878698e-17,pe_wt_v
232,pe_wt_v,0.9924036736585655,1.0,1.0,pe_wt_v
233,bel_bias_v,0.00942653603181892,1.8325130664824627e-31,1.1524122365758728e-19,pe_wt_v
233,pe_wt_v,0.9905734639681811,1.0,1.0,pe_wt_v
234,bel_bias_v,0.005941497621915364,2.945763409535859e-32,2.558549253699279e-22,pe_wt_v
234,pe_wt_v,0.9940585023780847,1.0,1.0,pe_wt_v
235,bel_bias_v,0.005797848359183693,2.712183934180163e-32,9.752774849002881e-22,pe_wt_v
235,pe_wt_v,0.9942021516408163,1.0,1.0,pe_wt_v
236,bel_bias_v,0.010281728191913279,2.7623902834662467e-31,4.453443228861594e-19,pe_wt_v
236,pe_wt_v,0.9897182718080867,1.0,1.0,pe_wt_v
237,bel_bias_v,0.00628947161484001,3.5875756727359554e-32,1.5632071093178716e-19,pe_wt_v
237,pe_wt_v,0.99371052838516,1.0,1.0,pe_wt_v
238,bel_bias_v,0.005878177647037116,2.8406851596415963e-32,3.049579541498854e-21,pe_wt_v
238,pe_wt_v,0.9941218223529629,1.0,1.0,pe_wt_v
239,bel_bias_v,0.009629157063241744,2.021831295089185e-31,3.31623799452405e-19,pe_wt_v
239,pe_wt_v,0.9903708429367583,1.0,1.0,pe_wt_v
240,bel_bias_v,0.006471670171491474,3.971251950162675e-32,6.700446565668852e-19,pe_wt_v
240,pe_wt_v,0.9935283298285086,1.0,1.0,pe_wt_v
241,bel_bias_v,0.007875289395842042,8.41712736249393e-32,2.5809989485010555e-18,pe_wt_v
241,pe_wt_v,0.992124710604158,1.0,1.0,pe_wt_v
242,bel_bias_v,0.006106562307515255,3.2361527027866364e-32,1.8140704198322387e-20,pe_wt_v
242,pe_wt_v,0.9938934376924847,1.0,1.0,pe_wt_v
243,bel_bias_v,0.006205766747198627,3.4227271688672053e-32,3.0847041219452134e-20,pe_wt_v
243,pe_wt_v,0.9937942332528013,1.0,1.0,pe_wt_v
244,bel_bias_v,0.00763020097699291,7.409273238637566e-32,7.471623110041898e-18,pe_wt_v
244,pe_wt_v,0.9923697990230071,1.0,1.0,pe_wt_v
245,bel_bias_v,0.007668370042083046,7.558605800828648e-32,1.1396341190205077e-18,pe_wt_v
245,pe_wt_v,0.992331629957917,1.0,1.0,pe_wt_v
246,bel_bias_v,0.006151542571705417,3.3195896972286394e-32,1.6831142052299337e-20,pe_wt_v
246,pe_wt_v,0.9938484574282945,1.0,1.0,pe_wt_v
247,bel_bias_v,0.02941088510610606,4.802272429162103e-28,3.0748779941276113e-15,pe_wt_v
247,pe_wt_v,0.970589114893894,1.0,0.999999999999997,pe_wt_v
248,bel_bias_v,0.0066745274507881555,4.441500019077933e-32,8.222122042436422e-19,pe_wt_v
248,pe_wt_v,0.9933254725492119,1.0,1.0,pe_wt_v
249,bel_bias_v,0.014868414960929116,2.1206433020505168e-30,4.8212094307212724e-17,pe_wt_v
249,pe_wt_v,0.9851315850390708,1.0,0.9999999999999999,pe_wt_v
250,bel_bias_v,0.0097888672165796,2.1836868305997047e-31,7.80370537695766e-19,pe_wt_v
250,pe_wt_v,0.9902111327834203,1.0,1.0,pe_wt_v
251,bel_bias_v,0.006438726683248543,3.8992652478966326e-32,1.3968105827581505e-20,pe_wt_v
251,pe_wt_v,0.9935612733167515,1.0,1.0,pe_wt_v
252,bel_bias_v,0.007186093547124623,5.858695335438238e-32,5.5308661386767274e-17,pe_wt_v
252,pe_wt_v,0.9928139064528754,1.0,0.9999999999999999,pe_wt_v
253,bel_bias_v,0.006216396972592844,3.4432792850183467e-32,9.006170129835289e-19,pe_wt_v
253,pe_wt_v,0.9937836030274072,1.0,1.0,pe_wt_v
254,bel_bias_v,0.034487619092818785,2.5399303801383313e-27,9.170245465125343e-16,pe_wt_v
254,pe_wt_v,0.9655123809071812,1.0,0.999999999999999,pe_wt_v
255,bel_bias_v,0.00882426231432496,1.3623213624701047e-31,3.0496213129138187e-19,pe_wt_v
255,pe_wt_v,0.9911757376856751,1.0,1.0,pe_wt_v
256,bel_bias_v,0.006520291376741371,4.079680615824844e-32,4.1878680366340674e-20,pe_wt_v
256,pe_wt_v,0.9934797086232585,1.0,1.0,pe_wt_v
257,bel_bias_v,0.006586202095899709,4.2309175381313116e-32,3.575371264712753e-20,pe_wt_v
257,pe_wt_v,0.9934137979041003,1.0,1.0,pe_wt_v
258,bel_bias_v,0.006584634703081623,4.227263258403316e-32,3.2855290261522074e-18,pe_wt_v
258,pe_wt_v,0.9934153652969184,1.0,1.0,pe_wt_v
259,bel_bias_v,0.006242617840800493,3.49444688055291e-32,4.018093621925764e-19,pe_wt_v
259,pe_wt_v,0.9937573821591995,1.0,1.0,pe_wt_v
260,bel_bias_v,0.010278575475433066,2.75827239847856e-31,2.7371055100089557e-18,pe_wt_v
260,pe_wt_v,0.9897214245245669,1.0,1.0,pe_wt_v
261,bel_bias_v,0.0058262583660505405,2.7570278132343666e-32,2.6112153094385475e-22,pe_wt_v
261,pe_wt_v,0.9941737416339494,1.0,1.0,pe_wt_v
262,bel_bias_v,0.009469831309822754,1.871526699914942e-31,1.8117838283801715e-18,pe_wt_v
262,pe_wt_v,0.9905301686901773,1.0,1.0,pe_wt_v
263,bel_bias_v,0.006204604817161644,3.420487401648581e-32,1.0067206232897896e-19,pe_wt_v
263,pe_wt_v,0.9937953951828383,1.0,1.0,pe_wt_v
264,bel_bias_v,0.005917115042755002,2.9048983992036984e-32,1.337731115279319e-20,pe_wt_v
264,pe_wt_v,0.994082884957245,1.0,1.0,pe_wt_v
265,bel_bias_v,0.005873196303406114,2.832562015485717e-32,2.5085249927729666e-21,pe_wt_v
265,pe_wt_v,0.9941268036965939,1.0,1.0,pe_wt_v
266,bel_bias_v,0.011208615089920479,4.256465898160647e-31,2.816180286990196e-17,pe_wt_v
266,pe_wt_v,0.9887913849100796,1.0,0.9999999999999999,pe_wt_v
267,bel_bias_v,0.005740171719846645,2.6231307871825963e-32,8.294221715543175e-23,pe_wt_v
267,pe_wt_v,0.9942598282801534,1.0,1.0,pe_wt_v
268,bel_bias_v,0.005838542521093076,2.776620899857246e-32,1.1077206546820303e-21,pe_wt_v
268,pe_wt_v,0.9941614574789069,1.0,1.0,pe_wt_v
269,bel_bias_v,0.006236803763532507,3.4830428826406366e-32,8.114377351296278e-19,pe_wt_v
269,pe_wt_v,0.9937631962364676,1.0,1.0,pe_wt_v
270,bel_bias_v,0.006002600040411317,3.050428903149592e-32,8.047422355473266e-21,pe_wt_v
270,pe_wt_v,0.9939973999595887,1.0,1.0,pe_wt_v
271,bel_bias_v,0.010704744456469604,3.370038710563834e-31,8.484915395918857e-18,pe_wt_v
271,pe_wt_v,0.9892952555435305,1.0,1.0,pe_wt_v
272,bel_bias_v,0.01334653601875118,1.1066657604949741e-30,2.7025550817276597e-18,pe_wt_v
272,pe_wt_v,0.9866534639812488,1.0,1.0,pe_wt_v
273,bel_bias_v,0.01436662901446509,1.7155510259367915e-30,3.5200265296821795e-16,pe_wt_v
273,pe_wt_v,0.9856333709855349,1.0,0.9999999999999997,pe_wt_v
274,bel_bias_v,0.006638703066743752,4.3549763164270355e-32,1.5547448958921167e-19,pe_wt_v
274,pe_wt_v,0.9933612969332563,1.0,1.0,pe_wt_v
275,bel_bias_v,0.006626250357125107,4.3252580209588833e-32,7.17966095503765e-21,pe_wt_v
275,pe_wt_v,0.9933737496428748,1.0,1.0,pe_wt_v
276,bel_bias_v,0.005695718207900824,2.556274198232536e-32,3.278647569506329e-23,pe_wt_v
276,pe_wt_v,0.9943042817920992,1.0,1.0,pe_wt_v
277,bel_bias_v,0.005962350532985052,2.9811180049896044e-32,3.0220168242544094e-22,pe_wt_v
277,pe_wt_v,0.9940376494670149,1.0,1.0,pe_wt_v
278,bel_bias_v,0.006749093179064897,4.6265827892471276e-32,6.545220240621999e-20,pe_wt_v
278,pe_wt_v,0.9932509068209351,1.0,1.0,pe_wt_v
279,bel_bias_v,0.013657003878673078,1.2660113681196277e-30,3.3504837187734495e-17,pe_wt_v
279,pe_wt_v,0.9863429961213269,1.0,0.9999999999999999,pe_wt_v
280,bel_bias_v,0.00633844457798901,3.687288185456293e-32,5.596633182344863e-19,pe_wt_v
280,pe_wt_v,0.993661555422011,1.0,1.0,pe_wt_v
281,bel_bias_v,0.009093454490471614,1.556632557388834e-31,6.646067401443088e-19,pe_wt_v
281,pe_wt_v,0.9909065455095283,1.0,1.0,pe_wt_v
282,bel_bias_v,0.005891327143066404,2.862227849128456e-32,9.895448802304463e-22,pe_wt_v
282,pe_wt_v,0.9941086728569337,1.0,1.0,pe_wt_v
283,bel_bias_v,0.005930483004355787,2.927240048191879e-32,2.6056747201231156e-21,pe_wt_v
283,pe_wt_v,0.9940695169956443,1.0,1.0,pe_wt_v
284,bel_bias_v,0.005856665796070114,2.8057532959122443e-32,1.5941102558757106e-21,pe_wt_v
284,pe_wt_v,0.9941433342039299,1.0,1.0,pe_wt_v
285,bel_bias_v,0.010940334646640725,3.760463706137795e-31,1.723034970232354e-17,pe_wt_v
285,pe_wt_v,0.9890596653533593,1.0,1.0,pe_wt_v
286,bel_bias_v,0.010137059492551614,2.579217113474341e-31,1.7114079387304734e-17,pe_wt_v
286,pe_wt_v,0.9898629405074485,1.0,1.0,pe_wt_v
287,bel_bias_v,0.014161928762777701,1.572366942843506e-30,3.4493827557520666e-16,pe_wt_v
287,pe_wt_v,0.9858380712372222,1.0,0.9999999999999997,pe_wt_v
288,bel_bias_v,0.0062336985934078205,3.476965919903544e-32,4.886394935631292e-20,pe_wt_v
288,pe_wt_v,0.9937663014065922,1.0,1.0,pe_wt_v
289,bel_bias_v,0.005874158275011806,2.834129104086671e-32,1.5403337454625116e-21,pe_wt_v
289,pe_wt_v,0.9941258417249882,1.0,1.0,pe_wt_v
290,bel_bias_v,0.008129320847065436,9.5928663555503e-32,6.154779616628504e-21,pe_wt_v
290,pe_wt_v,0.9918706791529346,1.0,1.0,pe_wt_v
291,bel_bias_v,0.006422518060340133,3.86427902458443e-32,6.911730509287742e-19,pe_wt_v
291,pe_wt_v,0.9935774819396598,1.0,1.0,pe_wt_v
292,bel_bias_v,0.006073254348267565,3.1755800962787444e-32,3.808957011958477e-19,pe_wt_v
292,pe_wt_v,0.9939267456517326,1.0,1.0,pe_wt_v
293,bel_bias_v,0.007565280165254526,7.161449544571373e-32,1.8982390179951656e-17,pe_wt_v
293,pe_wt_v,0.9924347198347454,1.0,1.0,pe_wt_v
294,bel_bias_v,0.01417213049074312,1.579226211168638e-30,2.057628870842167e-18,pe_wt_v
294,pe_wt_v,0.9858278695092569,1.0,1.0,pe_wt_v
295,bel_bias_v,0.0060704217788728,3.1704759027463244e-32,1.4135447663387818e-19,pe_wt_v
295,pe_wt_v,0.9939295782211272,1.0,1.0,pe_wt_v
296,bel_bias_v,0.007096757023375597,5.584995402164652e-32,4.864485790857019e-17,pe_wt_v
296,pe_wt_v,0.9929032429766245,1.0,0.9999999999999999,pe_wt_v
297,bel_bias_v,0.006347472986352085,3.705939598790893e-32,7.261904852125327e-19,pe_wt_v
297,pe_wt_v,0.9936525270136479,1.0,1.0,pe_wt_v
298,bel_bias_v,0.006664334173775648,4.4167246716819573e-32,2.2798895625270758e-18,pe_wt_v
298,pe_wt_v,0.9933356658262243,1.0,1.0,pe_wt_v
299,bel_bias_v,0.006277368845094234,3.563309086262613e-32,1.2772408060216342e-19,pe_wt_v
299,pe_wt_v,0.9937226311549058,1.0,1.0,pe_wt_v
300,bel_bias_v,0.010008480415606183,2.4259790425275902e-31,6.3176954050291494e-18,pe_wt_v
300,pe_wt_v,0.9899915195843938,1.0,1.0,pe_wt_v
301,bel_bias_v,0.006161493881234531,3.338306759592998e-32,9.084561199876435e-19,pe_wt_v
301,pe_wt_v,0.9938385061187655,1.0,1.0,pe_wt_v
302,bel_bias_v,0.01436186537231743,1.7120828872858907e-30,1.5750779995881014e-16,pe_wt_v
302,pe_wt_v,0.9856381346276826,1.0,0.9999999999999998,pe_wt_v
303,bel_bias_v,0.006594311170855218,4.249868813510354e-32,2.760019495081796e-17,pe_wt_v
303,pe_wt_v,0.9934056888291448,1.0,1.0,pe_wt_v
304,bel_bias_v,0.006780307173423788,4.7061055693368565e-32,4.8058207370032e-19,pe_wt_v
304,pe_wt_v,0.9932196928265762,1.0,1.0,pe_wt_v
305,bel_bias_v,0.006597637772036046,4.2576653178179443e-32,2.9244856577695147e-19,pe_wt_v
305,pe_wt_v,0.993402362227964,1.0,1.0,pe_wt_v
306,bel_bias_v,0.006369397338294808,3.75158499714323e-32,3.272921173832372e-19,pe_wt_v
306,pe_wt_v,0.9936306026617052,1.0,1.0,pe_wt_v
307,bel_bias_v,0.01019022882572647,2.645180045062555e-31,1.873765152473061e-17,pe_wt_v
307,pe_wt_v,0.9898097711742735,1.0,1.0,pe_wt_v
308,bel_bias_v,0.007345435426641156,6.377290400247919e-32,5.283373091723003e-17,pe_wt_v
308,pe_wt_v,0.9926545645733589,1.0,0.9999999999999999,pe_wt_v
309,bel_bias_v,0.02047768789672662,1.9818436486510513e-29,7.718092166527839e-17,pe_wt_v
309,pe_wt_v,0.9795223121032733,1.0,1.0,pe_wt_v
310,bel_bias_v,0.005810654465941752,2.73231693996518e-32,4.0230573676154455e-22,pe_wt_v
310,pe_wt_v,0.9941893455340582,1.0,1.0,pe_wt_v
311,bel_bias_v,0.009226967496556038,1.6622357285917154e-31,7.410843173197859e-20,pe_wt_v
311,pe_wt_v,0.9907730325034441,1.0,1.0,pe_wt_v
312,bel_bias_v,0.006062453608390069,3.1561567837142785e-32,3.999769663793298e-21,pe_wt_v
312,pe_wt_v,0.9939375463916099,1.0,1.0,pe_wt_v
313,bel_bias_v,0.006622038717352263,4.3152484038463366e-32,5.600560130647617e-17,pe_wt_v
313,pe_wt_v,0.9933779612826478,1.0,1.0,pe_wt_v
314,bel_bias_v,0.010227011090664468,2.6917292305311337e-31,1.592479562875591e-18,pe_wt_v
314,pe_wt_v,0.9897729889093355,1.0,1.0,pe_wt_v
315,bel_bias_v,0.01713272595179584,5.373748763749394e-30,8.369608857151584e-17,pe_wt_v
315,pe_wt_v,0.9828672740482042,1.0,0.9999999999999999,pe_wt_v
316,bel_bias_v,0.014508697067421035,1.8220974593654066e-30,4.761459238437707e-18,pe_wt_v
316,pe_wt_v,0.985491302932579,1.0,1.0,pe_wt_v
317,bel_bias_v,0.00989090022474224,2.2933105044484816e-31,6.612760200289679e-19,pe_wt_v
317,pe_wt_v,0.9901090997752579,1.0,1.0,pe_wt_v
318,bel_bias_v,0.005873678722859201,2.833347798907003e-32,1.7120520812254873e-21,pe_wt_v
318,pe_wt_v,0.9941263212771407,1.0,1.0,pe_wt_v
319,bel_bias_v,0.03293181445862845,1.5390101385389481e-27,8.241823413670034e-14,pe_wt_v
319,pe_wt_v,0.9670681855413716,1.0,0.9999999999999175,pe_wt_v
320,bel_bias_v,0.006118098853810599,3.2573719727285706e-32,5.629836094487616e-20,pe_wt_v
320,pe_wt_v,0.9938819011461894,1.0,1.0,pe_wt_v
321,bel_bias_v,0.008278114497225852,1.0349650011741107e-31,1.2824745928011194e-20,pe_wt_v
321,pe_wt_v,0.9917218855027742,1.0,1.0,pe_wt_v
322,bel_bias_v,0.02895185465759426,4.111890518667473e-28,3.877797218955914e-15,pe_wt_v
322,pe_wt_v,0.9710481453424057,1.0,0.9999999999999961,pe_wt_v
323,bel_bias_v,0.01057723575092833,3.1748721414937364e-31,5.209166296862638e-20,pe_wt_v
323,pe_wt_v,0.9894227642490717,1.0,1.0,pe_wt_v
324,bel_bias_v,0.01012900571986114,2.5693601630905268e-31,3.0297501375445945e-19,pe_wt_v
324,pe_wt_v,0.9898709942801389,1.0,1.0,pe_wt_v
325,bel_bias_v,0.007803611736862173,8.110130408209853e-32,1.853863397477435e-17,pe_wt_v
325,pe_wt_v,0.9921963882631379,1.0,1.0,pe_wt_v
326,bel_bias_v,0.006931234263509434,5.108321633184185e-32,1.0274542923000488e-17,pe_wt_v
326,pe_wt_v,0.9930687657364906,1.0,1.0,pe_wt_v
327,bel_bias_v,0.0057930386059823705,2.704656423499291e-32,3.5921063280356237e-22,pe_wt_v
327,pe_wt_v,0.9942069613940177,1.0,1.0,pe_wt_v
328,bel_bias_v,0.006125903574489919,3.2717976682745897e-32,1.3066602276047164e-20,pe_wt_v
328,pe_wt_v,0.9938740964255101,1.0,1.0,pe_wt_v
329,bel_bias_v,0.03730772545496586,6.176785612696996e-27,7.962462961131074e-14,pe_wt_v
329,pe_wt_v,0.9626922745450343,1.0,0.9999999999999204,pe_wt_v
330,bel_bias_v,0.006400788717464862,3.817818712810539e-32,1.3238172265880833e-20,pe_wt_v
330,pe_wt_v,0.9935992112825351,1.0,1.0,pe_wt_v
331,bel_bias_v,0.0058664557103778716,2.821602930400066e-32,5.238062333339055e-23,pe_wt_v
331,pe_wt_v,0.9941335442896221,1.0,1.0,pe_wt_v
332,bel_bias_v,0.01135325099523148,4.5486692918996875e-31,9.58371521557623e-18,pe_wt_v
332,pe_wt_v,0.9886467490047686,1.0,1.0,pe_wt_v
333,bel_bias_v,0.006344802821487947,3.700414623462397e-32,2.1658719453916693e-19,pe_wt_v
333,pe_wt_v,0.993655197178512,1.0,1.0,pe_wt_v
334,bel_bias_v,0.006097572245955519,3.219702896023374e-32,9.622091383830511e-20,pe_wt_v
334,pe_wt_v,0.9939024277540445,1.0,1.0,pe_wt_v
335,bel_bias_v,0.006062897776085387,3.156953448918579e-32,1.42633244396541e-19,pe_wt_v
335,pe_wt_v,0.9939371022239146,1.0,1.0,pe_wt_v
336,bel_bias_v,0.007433820114812443,6.682623885759702e-32,4.728439742309422e-18,pe_wt_v
336,pe_wt_v,0.9925661798851876,1.0,1.0,pe_wt_v
337,bel_bias_v,0.007264350385665576,6.108396378539744e-32,1.8839533050189437e-19,pe_wt_v
337,pe_wt_v,0.9927356496143345,1.0,1.0,pe_wt_v
338,bel_bias_v,0.006432267097521066,3.8852883123993235e-32,1.1692706696782533e-20,pe_wt_v
338,pe_wt_v,0.9935677329024789,1.0,1.0,pe_wt_v
339,bel_bias_v,0.005888366279076621,2.8573644585977e-32,1.224473334469499e-21,pe_wt_v
339,pe_wt_v,0.9941116337209234,1.0,1.0,pe_wt_v
340,bel_bias_v,0.006125136129690231,3.270376651257633e-32,8.760617633187282e-20,pe_wt_v
340,pe_wt_v,0.9938748638703098,1.0,1.0,pe_wt_v
341,bel_bias_v,0.0064352519550507515,3.8917411979237294e-32,1.6713191184277267e-20,pe_wt_v
341,pe_wt_v,0.9935647480449492,1.0,1.0,pe_wt_v
342,bel_bias_v,0.0068282328176692665,4.830608650934147e-32,2.672263936013142e-18,pe_wt_v
342,pe_wt_v,0.9931717671823307,1.0,1.0,pe_wt_v
343,bel_bias_v,0.006001714697978796,3.0488889998262477e-32,1.7193874921142162e-21,pe_wt_v
343,pe_wt_v,0.9939982853020212,1.0,1.0,pe_wt_v
344,bel_bias_v,0.01587204658201418,3.21885188237897e-30,1.9804533284896604e-16,pe_wt_v
344,pe_wt_v,0.9841279534179858,1.0,0.9999999999999998,pe_wt_v
345,bel_bias_v,0.02817605421800877,3.157221517621071e-28,2.7093721777359597e-17,pe_wt_v
345,pe_wt_v,0.9718239457819912,1.0,1.0,pe_wt_v
346,bel_bias_v,0.005900553827740376,2.877430480205532e-32,6.351566988016095e-21,pe_wt_v
346,pe_wt_v,0.9940994461722595,1.0,1.0,pe_wt_v
347,bel_bias_v,0.007977817396472575,8.87477022262351e-32,4.0486823941575134e-17,pe_wt_v
347,pe_wt_v,0.9920221826035275,1.0,0.9999999999999999,pe_wt_v
348,bel_bias_v,0.00898885596541807,1.4782743995419941e-31,4.505351617587555e-19,pe_wt_v
348,pe_wt_v,0.9910111440345819,1.0,1.0,pe_wt_v
349,bel_bias_v,0.006267404715065492,3.543441057345581e-32,9.172469000666323e-20,pe_wt_v
349,pe_wt_v,0.9937325952849345,1.0,1.0,pe_wt_v
350,bel_bias_v,0.011070382681980703,3.993718678988615e-31,2.4790480518308674e-19,pe_wt_v
350,pe_wt_v,0.9889296173180193,1.0,1.0,pe_wt_v
351,bel_bias_v,0.033597071570178084,1.9085367063892394e-27,9.053832092210087e-16,pe_wt_v
351,pe_wt_v,0.966402928429822,1.0,0.9999999999999991,pe_wt_v
352,bel_bias_v,0.00654088971991389,4.1264137898680394e-32,8.381948586823649e-20,pe_wt_v
352,pe_wt_v,0.993459110280086,1.0,1.0,pe_wt_v
353,bel_bias_v,0.00584194057595837,2.782062560259985e-32,3.802316278196392e-21,pe_wt_v
353,pe_wt_v,0.9941580594240417,1.0,1.0,pe_wt_v
354,bel_bias_v,0.011540826163131266,4.9556819381943874e-31,1.848595290196886e-18,pe_wt_v
354,pe_wt_v,0.9884591738368688,1.0,1.0,pe_wt_v
355,bel_bias_v,0.006045170479593803,3.1252965016447865e-32,8.58190229095829e-20,pe_wt_v
355,pe_wt_v,0.9939548295204063,1.0,1.0,pe_wt_v
356,bel_bias_v,0.0062038107099617575,3.418957414054523e-32,4.8849803664348575e-20,pe_wt_v
356,pe_wt_v,0.9937961892900382,1.0,1.0,pe_wt_v
357,bel_bias_v,0.009157621968120408,1.6065858599018818e-31,8.825658047350976e-17,pe_wt_v
357,pe_wt_v,0.9908423780318797,1.0,0.9999999999999999,pe_wt_v
358,bel_bias_v,0.006077519776247212,3.1832800931829745e-32,5.981658836035892e-21,pe_wt_v
358,pe_wt_v,0.9939224802237528,1.0,1.0,pe_wt_v
359,bel_bias_v,0.005825714968929783,2.756163945617728e-32,2.1021363374681025e-21,pe_wt_v
359,pe_wt_v,0.9941742850310703,1.0,1.0,pe_wt_v
360,bel_bias_v,0.005975656089611242,3.003873666163126e-32,5.488027112742756e-21,pe_wt_v
360,pe_wt_v,0.9940243439103889,1.0,1.0,pe_wt_v
361,bel_bias_v,0.00863810767515364,1.2413289339468838e-31,4.976974528043467e-16,pe_wt_v
361,pe_wt_v,0.9913618923248464,1.0,0.9999999999999994,pe_wt_v
362,bel_bias_v,0.008571139415178307,1.200283815729276e-31,3.2420204028557923e-20,pe_wt_v
362,pe_wt_v,0.9914288605848216,1.0,1.0,pe_wt_v
363,bel_bias_v,0.027487452873217133,2.4922011796484044e-28,2.4909565828903503e-16,pe_wt_v
363,pe_wt_v,0.9725125471267829,1.0,0.9999999999999998,pe_wt_v
364,bel_bias_v,0.005976566810568574,3.0054368593530196e-32,4.345995449207995e-20,pe_wt_v
364,pe_wt_v,0.9940234331894314,1.0,1.0,pe_wt_v
365,bel_bias_v,0.00600231131930697,3.049926645478767e-32,5.267481470164472e-22,pe_wt_v
365,pe_wt_v,0.993997688680693,1.0,1.0,pe_wt_v
366,bel_bias_v,0.015603866606932009,2.881637498470319e-30,3.6050959008970265e-16,pe_wt_v
366,pe_wt_v,0.984396133393068,1.0,0.9999999999999997,pe_wt_v
367,bel_bias_v,0.006431897774078961,3.8844905502352224e-32,5.224615172079682e-21,pe_wt_v
367,pe_wt_v,0.9935681022259211,1.0,1.0,pe_wt_v
368,bel_bias_v,0.006436936447802096,3.89538710688605e-32,1.5870828849028463e-19,pe_wt_v
368,pe_wt_v,0.9935630635521979,1.0,1.0,pe_wt_v
369,bel_bias_v,0.01739332653891593,5.965255029412918e-30,5.947191024418007e-16,pe_wt_v
369,pe_wt_v,0.9826066734610841,1.0,0.9999999999999993,pe_wt_v
370,bel_bias_v,0.009113421645696299,1.5720204348959937e-31,2.64273580197999e-16,pe_wt_v
370,pe_wt_v,0.9908865783543037,1.0,0.9999999999999997,pe_wt_v
371,bel_bias_v,0.006208541527917023,3.428081220109305e-32,8.291132826204416e-20,pe_wt_v
371,pe_wt_v,0.993791458472083,1.0,1.0,pe_wt_v
372,bel_bias_v,0.006496010513227439,4.0252043222007345e-32,6.573702592004651e-19,pe_wt_v
372,pe_wt_v,0.9935039894867727,1.0,1.0,pe_wt_v
373,bel_bias_v,0.008628746555216593,1.2355147332789895e-31,4.6278134269101137e-17,pe_wt_v
373,pe_wt_v,0.9913712534447834,1.0,0.9999999999999999,pe_wt_v
374,bel_bias_v,0.011551166043336555,4.979083006650282e-31,6.860633748032313e-19,pe_wt_v
374,pe_wt_v,0.9884488339566635,1.0,1.0,pe_wt_v
375,bel_bias_v,0.014348964620915023,1.7027239158348796e-30,1.6399846842421372e-16,pe_wt_v
375,pe_wt_v,0.985651035379085,1.0,0.9999999999999998,pe_wt_v
376,bel_bias_v,0.006177448813359659,3.3685128119535234e-32,2.3708507571328168e-20,pe_wt_v
376,pe_wt_v,0.9938225511866403,1.0,1.0,pe_wt_v
377,bel_bias_v,0.006387423991382033,3.789492805563314e-32,1.0560019317713573e-20,pe_wt_v
377,pe_wt_v,0.993612576008618,1.0,1.0,pe_wt_v
378,bel_bias_v,0.006120567764139822,3.2619291750254014e-32,4.2185585230519077e-19,pe_wt_v
378,pe_wt_v,0.9938794322358602,1.0,1.0,pe_wt_v
379,bel_bias_v,0.01279838770405403,8.705577602381044e-31,2.049647808000954e-17,pe_wt_v
379,pe_wt_v,0.9872016122959459,1.0,1.0,pe_wt_v
380,bel_bias_v,0.010013529321178098,2.431832706449082e-31,9.123388711855646e-19,pe_wt_v
380,pe_wt_v,0.989986470678822,1.0,1.0,pe_wt_v
381,bel_bias_v,0.006935382511708427,5.119802701842837e-32,7.683926698312233e-17,pe_wt_v
381,pe_wt_v,0.9930646174882916,1.0,1.0,pe_wt_v
382,bel_bias_v,0.006088092088511792,3.202437257125085e-32,6.867608061581083e-20,pe_wt_v
382,pe_wt_v,0.9939119079114882,1.0,1.0,pe_wt_v
383,bel_bias_v,0.006187150578470754,3.3869995846033697e-32,3.897511273620586e-22,pe_wt_v
383,pe_wt_v,0.9938128494215291,1.0,1.0,pe_wt_v
384,bel_bias_v,0.0060002199794802575,3.046290762631678e-32,2.2943393051085337e-20,pe_wt_v
384,pe_wt_v,0.9939997800205197,1.0,1.0,pe_wt_v
385,bel_bias_v,0.005733600953268159,2.6131519646869423e-32,1.3299845681707112e-22,pe_wt_v
385,pe_wt_v,0.9942663990467318,1.0,1.0,pe_wt_v
386,bel_bias_v,0.006072135435353356,3.173562977487047e-32,1.1014697970011442e-20,pe_wt_v
386,pe_wt_v,0.9939278645646467,1.0,1.0,pe_wt_v
387,bel_bias_v,0.005937687175372308,2.9393435808016827e-32,6.922308933758027e-21,pe_wt_v
387,pe_wt_v,0.9940623128246278,1.0,1.0,pe_wt_v
388,bel_bias_v,0.00619134847981761,3.395026802342621e-32,5.820566653406914e-19,pe_wt_v
388,pe_wt_v,0.9938086515201824,1.0,1.0,pe_wt_v
389,bel_bias_v,0.008332599211099755,1.064021400750579e-31,4.451316421891257e-17,pe_wt_v
389,pe_wt_v,0.9916674007889003,1.0,0.9999999999999999,pe_wt_v
390,bel_bias_v,0.008664409996896945,1.257800605069507e-31,2.0479972365920338e-20,pe_wt_v
390,pe_wt_v,0.9913355900031031,1.0,1.0,pe_wt_v
391,bel_bias_v,0.010836821942985882,3.5839821145497742e-31,1.392483201001417e-19,pe_wt_v
391,pe_wt_v,0.9891631780570141,1.0,1.0,pe_wt_v
392,bel_bias_v,0.009663872540427342,2.0560342469567805e-31,3.036601094944848e-19,pe_wt_v
392,pe_wt_v,0.9903361274595727,1.0,1.0,pe_wt_v
393,bel_bias_v,0.006437512744401759,3.8966351450435895e-32,3.169976111752465e-19,pe_wt_v
393,pe_wt_v,0.9935624872555981,1.0,1.0,pe_wt_v
394,bel_bias_v,0.023975311753178977,7.224090772461793e-29,5.401244253554567e-16,pe_wt_v
394,pe_wt_v,0.976024688246821,1.0,0.9999999999999994,pe_wt_v
395,bel_bias_v,0.015064447315836536,2.3023153247680286e-30,6.382809715833892e-17,pe_wt_v
395,pe_wt_v,0.9849355526841634,1.0,1.0,pe_wt_v
396,bel_bias_v,0.005791717135347559,2.7025915053067057e-32,4.045745131734062e-22,pe_wt_v
396,pe_wt_v,0.9942082828646523,1.0,1.0,pe_wt_v
397,bel_bias_v,0.0058448988585710505,2.7868076828871693e-32,7.803265450122537e-22,pe_wt_v
397,pe_wt_v,0.9941551011414289,1.0,1.0,pe_wt_v
398,bel_bias_v,0.00904012206165652,1.5162119122768797e-31,8.962969397720841e-19,pe_wt_v
398,pe_wt_v,0.9909598779383435,1.0,1.0,pe_wt_v
399,bel_bias_v,0.016849917545787737,4.795261488608217e-30,1.28744257411954e-15,pe_wt_v
399,pe_wt_v,0.9831500824542122,1.0,0.9999999999999988,pe_wt_v
400,bel_bias_v,0.006855778379851128,4.903507024275485e-32,1.0928818152886024e-18,pe_wt_v
400,pe_wt_v,0.9931442216201488,1.0,1.0,pe_wt_v
401,bel_bias_v,0.0059640392922479775,2.9839976487371957e-32,1.420215842593463e-20,pe_wt_v
401,pe_wt_v,0.994035960707752,1.0,1.0,pe_wt_v
402,bel_bias_v,0.015157784044106271,2.393918413994057e-30,2.3124292806480037e-17,pe_wt_v
402,pe_wt_v,0.9848422159558937,1.0,1.0,pe_wt_v
403,bel_bias_v,0.0299377006157933,5.73289159669301e-28,2.2934313189139256e-14,pe_wt_v
403,pe_wt_v,0.9700622993842067,1.0,0.9999999999999771,pe_wt_v
404,bel_bias_v,0.025234636123031354,1.1334631332367398e-28,1.928153022135951e-16,pe_wt_v
404,pe_wt_v,0.9747653638769687,1.0,0.9999999999999999,pe_wt_v
405,bel_bias_v,0.006479044859494733,3.987529492934607e-32,8.952382040623347e-20,pe_wt_v
405,pe_wt_v,0.9935209551405052,1.0,1.0,pe_wt_v
406,bel_bias_v,0.0084604015540116,1.1351454168375573e-31,1.2838159454292608e-20,pe_wt_v
406,pe_wt_v,0.9915395984459885,1.0,1.0,pe_wt_v
407,bel_bias_v,0.00691923025509362,5.075229385608758e-32,1.5890359395477648e-19,pe_wt_v
407,pe_wt_v,0.9930807697449064,1.0,1.0,pe_wt_v
408,bel_bias_v,0.014258463091722792,1.6384189540963626e-30,5.746774412312327e-18,pe_wt_v
408,pe_wt_v,0.9857415369082771,1.0,1.0,pe_wt_v
409,bel_bias_v,0.006012491101311658,3.0676799393672177e-32,4.222008392986154e-20,pe_wt_v
409,pe_wt_v,0.9939875088986884,1.0,1.0,pe_wt_v
410,bel_bias_v,0.005999256109284436,3.0446163347366725e-32,1.8784123277024944e-20,pe_wt_v
410,pe_wt_v,0.9940007438907155,1.0,1.0,pe_wt_v
411,bel_bias_v,0.006859552434267578,4.9135720030429655e-32,6.66407436588185e-17,pe_wt_v
411,pe_wt_v,0.9931404475657324,1.0,1.0,pe_wt_v
412,bel_bias_v,0.0058999548204308125,2.8764413311224466e-32,9.575757324380859e-22,pe_wt_v
412,pe_wt_v,0.9941000451795692,1.0,1.0,pe_wt_v
413,bel_bias_v,0.006815271105511605,4.796646007833417e-32,7.068509234992425e-18,pe_wt_v
413,pe_wt_v,0.9931847288944883,1.0,1.0,pe_wt_v
414,bel_bias_v,0.006063343444928643,3.157752986990047e-32,8.732258616554032e-20,pe_wt_v
414,pe_wt_v,0.9939366565550715,1.0,1.0,pe_wt_v
415,bel_bias_v,0.007558259268721923,7.135106812211798e-32,2.054277331133389e-17,pe_wt_v
415,pe_wt_v,0.992441740731278,1.0,1.0,pe_wt_v
416,bel_bias_v,0.008605484303436078,1.2211750423405044e-31,1.0719935858234074e-17,pe_wt_v
416,pe_wt_v,0.9913945156965639,1.0,1.0,pe_wt_v
417,bel_bias_v,0.005867707454188926,2.8236352026192335e-32,1.6338960767055478e-21,pe_wt_v
417,pe_wt_v,0.994132292545811,1.0,1.0,pe_wt_v
418,bel_bias_v,0.005982697936318362,3.015979418158314e-32,2.2115629290202224e-20,pe_wt_v
418,pe_wt_v,0.9940173020636817,1.0,1.0,pe_wt_v
419,bel_bias_v,0.006304933385683267,3.618792612093235e-32,1.7421023286508276e-18,pe_wt_v
419,pe_wt_v,0.9936950666143167,1.0,1.0,pe_wt_v
420,bel_bias_v,0.01940926538098592,1.3166713951462034e-29,6.86698613013451e-18,pe_wt_v
420,pe_wt_v,0.980590734619014,1.0,1.0,pe_wt_v
421,bel_bias_v,0.006063002275461691,3.157140906496215e-32,9.931369975053408e-20,pe_wt_v
421,pe_wt_v,0.9939369977245383,1.0,1.0,pe_wt_v
422,bel_bias_v,0.006328350024580197,3.666533990966967e-32,1.5100679225096285e-19,pe_wt_v
422,pe_wt_v,0.9936716499754198,1.0,1.0,pe_wt_v
423,bel_bias_v,0.008407376503758106,1.105121531070914e-31,2.2305585109986724e-17,pe_wt_v
423,pe_wt_v,0.991592623496242,1.0,1.0,pe_wt_v
424,bel_bias_v,0.007238296298220308,6.024209903765935e-32,2.7626839244885274e-18,pe_wt_v
424,pe_wt_v,0.9927617037017797,1.0,1.0,pe_wt_v
425,bel_bias_v,0.01178926712160866,5.547531868533352e-31,1.1940023848503514e-18,pe_wt_v
425,pe_wt_v,0.9882107328783913,1.0,1.0,pe_wt_v
426,bel_bias_v,0.009969047122939462,2.380709616294773e-31,1.4609673522323328e-16,pe_wt_v
426,pe_wt_v,0.9900309528770604,1.0,0.9999999999999998,pe_wt_v
427,bel_bias_v,0.006249846907282201,3.508672925633178e-32,1.8818860404705419e-19,pe_wt_v
427,pe_wt_v,0.9937501530927177,1.0,1.0,pe_wt_v
428,bel_bias_v,0.009510807174036334,1.9091587106213772e-31,3.5970138964803976e-18,pe_wt_v
428,pe_wt_v,0.9904891928259636,1.0,1.0,pe_wt_v
429,bel_bias_v,0.006444656932768844,3.912136582809059e-32,1.8528900172913398e-18,pe_wt_v
429,pe_wt_v,0.9935553430672311,1.0,1.0,pe_wt_v
430,bel_bias_v,0.006609657261054573,4.2859426843376993e-32,2.974383306710379e-19,pe_wt_v
430,pe_wt_v,0.9933903427389454,1.0,1.0,pe_wt_v
431,bel_bias_v,0.006308143666916198,3.625304531497531e-32,1.2429694788734921e-21,pe_wt_v
431,pe_wt_v,0.9936918563330839,1.0,1.0,pe_wt_v
432,bel_bias_v,0.025242677018154688,1.136700641822799e-28,9.142425846706824e-15,pe_wt_v
432,pe_wt_v,0.9747573229818454,1.0,0.9999999999999908,pe_wt_v
433,bel_bias_v,0.011567956753958544,5.01730457078563e-31,1.0172847369252138e-16,pe_wt_v
433,pe_wt_v,0.9884320432460414,1.0,0.9999999999999999,pe_wt_v
434,bel_bias_v,0.008664602752234954,1.257922057239531e-31,9.352277860833192e-20,pe_wt_v
434,pe_wt_v,0.991335397247765,1.0,1.0,pe_wt_v
435,bel_bias_v,0.006416729030215899,3.8518519349432095e-32,3.1962770450501685e-20,pe_wt_v
435,pe_wt_v,0.9935832709697842,1.0,1.0,pe_wt_v
436,bel_bias_v,0.00613160462292881,3.2823711351657863e-32,9.875539111716675e-21,pe_wt_v
436,pe_wt_v,0.9938683953770712,1.0,1.0,pe_wt_v
437,bel_bias_v,0.0061114519180379846,3.245131081281663e-32,4.706031428841218e-21,pe_wt_v
437,pe_wt_v,0.993888548081962,1.0,1.0,pe_wt_v
438,bel_bias_v,0.00657748717223303,4.21063523192077e-32,6.632646626552646e-20,pe_wt_v
438,pe_wt_v,0.993422512827767,1.0,1.0,pe_wt_v
439,bel_bias_v,0.005983997170724313,3.018217697611912e-32,8.646591337948769e-21,pe_wt_v
439,pe_wt_v,0.9940160028292757,1.0,1.0,pe_wt_v
440,bel_bias_v,0.0059922440001914665,3.0324596277388527e-32,1.0140068483907241e-21,pe_wt_v
440,pe_wt_v,0.9940077559998085,1.0,1.0,pe_wt_v
441,bel_bias_v,0.008797621718977983,1.344363587535218e-31,1.803640897105861e-19,pe_wt_v
441,pe_wt_v,0.991202378281022,1.0,1.0,pe_wt_v
442,bel_bias_v,0.018550767512705228,9.429939874105308e-30,1.2018851123565916e-15,pe_wt_v
442,pe_wt_v,0.9814492324872947,1.0,0.9999999999999988,pe_wt_v
443,bel_bias_v,0.008814537323746069,1.3557404769312098e-31,5.262978603612901e-19,pe_wt_v
443,pe_wt_v,0.991185462676254,1.0,1.0,pe_wt_v
444,bel_bias_v,0.0066727880955900105,4.437263570202302e-32,1.941749983538791e-18,pe_wt_v
444,pe_wt_v,0.9933272119044099,1.0,1.0,pe_wt_v
445,bel_bias_v,0.00725500408416698,6.07807423684123e-32,1.4135029845219124e-19,pe_wt_v
445,pe_wt_v,0.9927449959158331,1.0,1.0,pe_wt_v
446,bel_bias_v,0.007495502956359188,6.903536990416876e-32,3.2770528678299475e-17,pe_wt_v
446,pe_wt_v,0.9925044970436407,1.0,0.9999999999999999,pe_wt_v
447,bel_bias_v,0.0088002040306739,1.3460946477511566e-31,5.588908841229427e-18,pe_wt_v
447,pe_wt_v,0.9911997959693262,1.0,1.0,pe_wt_v
448,bel_bias_v,0.011130679797169274,4.106403415010368e-31,7.825678124475387e-17,pe_wt_v
448,pe_wt_v,0.9888693202028308,1.0,1.0,pe_wt_v
449,bel_bias_v,0.00618073261281773,3.3747599822112536e-32,3.5672183719258e-19,pe_wt_v
449,pe_wt_v,0.9938192673871823,1.0,1.0,pe_wt_v
450,bel_bias_v,0.009851891444895502,2.2508091063377756e-31,1.028941866215246e-18,pe_wt_v
450,pe_wt_v,0.9901481085551045,1.0,1.0,pe_wt_v
451,bel_bias_v,0.010231614037642273,2.697607868966326e-31,3.820321789002427e-17,pe_wt_v
451,pe_wt_v,0.9897683859623578,1.0,0.9999999999999999,pe_wt_v
452,bel_bias_v,0.007420297724530582,6.635063413051823e-32,4.982484745427067e-19,pe_wt_v
452,pe_wt_v,0.9925797022754694,1.0,1.0,pe_wt_v
453,bel_bias_v,0.006759504085451546,4.6529703986402567e-32,4.35887388147525e-18,pe_wt_v
453,pe_wt_v,0.9932404959145485,1.0,1.0,pe_wt_v
454,bel_bias_v,0.025004231690593518,1.0443797087557808e-28,4.3933546752712467e-16,pe_wt_v
454,pe_wt_v,0.9749957683094065,1.0,0.9999999999999996,pe_wt_v
455,bel_bias_v,0.01432055105208506,1.6822817429104556e-30,3.695230170393266e-15,pe_wt_v
455,pe_wt_v,0.9856794489479149,1.0,0.9999999999999962,pe_wt_v
456,bel_bias_v,0.008167856407248637,9.78382677945427e-32,3.0055751225515822e-21,pe_wt_v
456,pe_wt_v,0.9918321435927514,1.0,1.0,pe_wt_v
457,bel_bias_v,0.0071020487293915234,5.600878434904874e-32,3.4048016228346542e-18,pe_wt_v
457,pe_wt_v,0.9928979512706084,1.0,1.0,pe_wt_v
458,bel_bias_v,0.00915301556788283,1.6029510169763857e-31,1.1793926683937379e-18,pe_wt_v
458,pe_wt_v,0.9908469844321172,1.0,1.0,pe_wt_v
459,bel_bias_v,0.006692506695972146,4.485505236444054e-32,6.831786893708021e-19,pe_wt_v
459,pe_wt_v,0.9933074933040279,1.0,1.0,pe_wt_v
460,bel_bias_v,0.006574573476775141,4.2038737194721406e-32,1.0547522730292699e-19,pe_wt_v
460,pe_wt_v,0.993425426523225,1.0,1.0,pe_wt_v
461,bel_bias_v,0.005924615145377435,2.9174144287950396e-32,1.5796227988025602e-21,pe_wt_v
461,pe_wt_v,0.9940753848546227,1.0,1.0,pe_wt_v
462,bel_bias_v,0.006802578733329318,4.763598309176566e-32,6.6709535155557105e-19,pe_wt_v
462,pe_wt_v,0.9931974212666708,1.0,1.0,pe_wt_v
463,bel_bias_v,0.008864981455620221,1.39019751369786e-31,1.9411992078394265e-15,pe_wt_v
463,pe_wt_v,0.9911350185443798,1.0,0.999999999999998,pe_wt_v
464,bel_bias_v,0.007551340190436898,7.109232604493521e-32,1.7001428791007644e-17,pe_wt_v
464,pe_wt_v,0.9924486598095632,1.0,1.0,pe_wt_v
465,bel_bias_v,0.007696962590474163,7.672266219598193e-32,7.704631405808774e-18,pe_wt_v
465,pe_wt_v,0.992303037409526,1.0,1.0,pe_wt_v
466,bel_bias_v,0.013069125093384657,9.804995572426933e-31,2.831245834725085e-17,pe_wt_v
466,pe_wt_v,0.9869308749066154,1.0,0.9999999999999999,pe_wt_v
467,bel_bias_v,0.01868610790166361,9.942658974591994e-30,5.281779885053595e-17,pe_wt_v
467,pe_wt_v,0.9813138920983363,1.0,0.9999999999999999,pe_wt_v
468,bel_bias_v,0.006737117639392077,4.5963965482165134e-32,2.3614166211652448e-19,pe_wt_v
468,pe_wt_v,0.9932628823606079,1.0,1.0,pe_wt_v
469,bel_bias_v,0.00619435599246784,3.400788221401015e-32,2.426494287393494e-19,pe_wt_v
469,pe_wt_v,0.9938056440075321,1.0,1.0,pe_wt_v
470,bel_bias_v,0.005876933695611993,2.8386546928349635e-32,1.4663336902776878e-21,pe_wt_v
470,pe_wt_v,0.994123066304388,1.0,1.0,pe_wt_v
471,bel_bias_v,0.007512200359984486,6.964471480866223e-32,9.922928883428404e-17,pe_wt_v
471,pe_wt_v,0.9924877996400155,1.0,0.9999999999999999,pe_wt_v
472,bel_bias_v,0.006682923886937082,4.462002084321617e-32,1.159661233510035e-19,pe_wt_v
472,pe_wt_v,0.993317076113063,1.0,1.0,pe_wt_v
473,bel_bias_v,0.006145899131074239,3.309016891562722e-32,7.429178416947097e-20,pe_wt_v
473,pe_wt_v,0.9938541008689258,1.0,1.0,pe_wt_v
474,bel_bias_v,0.009858400472954857,2.2578496028900594e-31,6.547121692972244e-19,pe_wt_v
474,pe_wt_v,0.9901415995270452,1.0,1.0,pe_wt_v
475,bel_bias_v,0.006100896281837911,3.225776417396304e-32,4.720400006260924e-19,pe_wt_v
475,pe_wt_v,0.9938991037181621,1.0,1.0,pe_wt_v
476,bel_bias_v,0.006099506647465097,3.223236099514984e-32,9.883074159312867e-21,pe_wt_v
476,pe_wt_v,0.9939004933525349,1.0,1.0,pe_wt_v
477,bel_bias_v,0.017802014785234035,7.019721400742565e-30,7.384644687558597e-19,pe_wt_v
477,pe_wt_v,0.9821979852147661,1.0,1.0,pe_wt_v
478,bel_bias_v,0.006985179427171754,5.259460193699729e-32,3.157236641390705e-19,pe_wt_v
478,pe_wt_v,0.9930148205728282,1.0,1.0,pe_wt_v
479,bel_bias_v,0.009036883900920643,1.5137892524421603e-31,2.1670201012104115e-20,pe_wt_v
479,pe_wt_v,0.9909631160990794,1.0,1.0,pe_wt_v
480,bel_bias_v,0.00860145122228139,1.218704564083951e-31,1.3526507784964654e-19,pe_wt_v
480,pe_wt_v,0.9913985487777186,1.0,1.0,pe_wt_v
481,bel_bias_v,0.006106613581946723,3.2362467384476256e-32,2.2138187080768706e-20,pe_wt_v
481,pe_wt_v,0.9938933864180532,1.0,1.0,pe_wt_v
482,bel_bias_v,0.010173176139537039,2.6238548358681713e-31,2.0599377366300928e-18,pe_wt_v
482,pe_wt_v,0.989826823860463,1.0,1.0,pe_wt_v
483,bel_bias_v,0.013033168577441915,9.651785854031655e-31,4.1175458917377015e-17,pe_wt_v
483,pe_wt_v,0.986966831422558,1.0,0.9999999999999999,pe_wt_v
484,bel_bias_v,0.0065149825300629205,4.0677134256910253e-32,1.2391270640146993e-17,pe_wt_v
484,pe_wt_v,0.9934850174699371,1.0,1.0,pe_wt_v
485,bel_bias_v,0.005806469331050062,2.7257227664899033e-32,3.4507028939708344e-22,pe_wt_v
485,pe_wt_v,0.99419353066895,1.0,1.0,pe_wt_v
486,bel_bias_v,0.005851920400484891,2.7980991370480273e-32,3.9720731167701465e-21,pe_wt_v
486,pe_wt_v,0.9941480795995152,1.0,1.0,pe_wt_v
487,bel_bias_v,0.009541211290635397,1.9375341694028584e-31,7.496153885629585e-18,pe_wt_v
487,pe_wt_v,0.9904587887093647,1.0,1.0,pe_wt_v
488,bel_bias_v,0.007246597396279002,6.050917403351522e-32,1.7944047263071315e-19,pe_wt_v
488,pe_wt_v,0.9927534026037209,1.0,1.0,pe_wt_v
489,bel_bias_v,0.006121062185612402,3.262842480034175e-32,1.977524031139351e-20,pe_wt_v
489,pe_wt_v,0.9938789378143875,1.0,1.0,pe_wt_v
490,bel_bias_v,0.006306657853934643,3.622289318266869e-32,1.308375212570472e-19,pe_wt_v
490,pe_wt_v,0.9936933421460653,1.0,1.0,pe_wt_v
491,bel_bias_v,0.006393336743680814,3.802001251743954e-32,6.760444670499859e-20,pe_wt_v
491,pe_wt_v,0.9936066632563192,1.0,1.0,pe_wt_v
492,bel_bias_v,0.0066937133171507705,4.488472540654497e-32,4.243141332433364e-19,pe_wt_v
492,pe_wt_v,0.9933062866828491,1.0,1.0,pe_wt_v
493,bel_bias_v,0.012666592470411997,8.213493348107869e-31,3.95434402132e-18,pe_wt_v
493,pe_wt_v,0.9873334075295881,1.0,1.0,pe_wt_v
494,bel_bias_v,0.0058572048477160575,2.8066239437702125e-32,9.16379015115573e-22,pe_wt_v
494,pe_wt_v,0.9941427951522839,1.0,1.0,pe_wt_v
495,bel_bias_v,0.006040307360621934,3.116661730343628e-32,2.0536099367865853e-21,pe_wt_v
495,pe_wt_v,0.9939596926393781,1.0,1.0,pe_wt_v
496,bel_bias_v,0.00576713385899562,2.664432213941991e-32,1.6385003602189708e-22,pe_wt_v
496,pe_wt_v,0.9942328661410044,1.0,1.0,pe_wt_v
497,bel_bias_v,0.006880011204351346,4.968459054814991e-32,1.269731640553845e-19,pe_wt_v
497,pe_wt_v,0.9931199887956487,1.0,1.0,pe_wt_v
498,bel_bias_v,0.021488552329408352,2.89989650871335e-29,1.5926013621873238e-15,pe_wt_v
498,pe_wt_v,0.9785114476705916,1.0,0.9999999999999983,pe_wt_v
499,bel_bias_v,0.008986671160330358,1.4766772875353624e-31,2.574349318231905e-20,pe_wt_v
499,pe_wt_v,0.9910133288396696,1.0,1.0,pe_wt_v
500,bel_bias_v,0.00981996329901246,2.2165687390236323e-31,4.9966087703459384e-18,pe_wt_v
500,pe_wt_v,0.9901800367009876,1.0,1.0,pe_wt_v
501,bel_bias_v,0.006690869344006502,4.4814815149826024e-32,2.8233387517564053e-20,pe_wt_v
501,pe_wt_v,0.9933091306559935,1.0,1.0,pe_wt_v
502,bel_bias_v,0.024124472093883048,7.622992075938669e-29,5.738283959131418e-18,pe_wt_v
502,pe_wt_v,0.975875527906117,1.0,1.0,pe_wt_v
503,bel_bias_v,0.005675769893175961,2.5267667309630805e-32,1.0138748688413955e-23,pe_wt_v
503,pe_wt_v,0.994324230106824,1.0,1.0,pe_wt_v
504,bel_bias_v,0.011753027143203226,5.457247616724105e-31,5.306953063623232e-16,pe_wt_v
504,pe_wt_v,0.9882469728567967,1.0,0.9999999999999994,pe_wt_v
505,bel_bias_v,0.006859561945254907,4.9135973913527134e-32,2.928488093905714e-19,pe_wt_v
505,pe_wt_v,0.9931404380547451,1.0,1.0,pe_wt_v
506,bel_bias_v,0.006026779365805538,3.092753767823811e-32,2.2410579281107644e-21,pe_wt_v
506,pe_wt_v,0.9939732206341945,1.0,1.0,pe_wt_v
507,bel_bias_v,0.013499658499424826,1.1827237930129352e-30,1.4320454584413284e-13,pe_wt_v
507,pe_wt_v,0.9865003415005751,1.0,0.9999999999998568,pe_wt_v
508,bel_bias_v,0.005834496376356566,2.7701537241807447e-32,5.1937454017738605e-22,pe_wt_v
508,pe_wt_v,0.9941655036236434,1.0,1.0,pe_wt_v
509,bel_bias_v,0.006699634778139003,4.5030601857056576e-32,1.3306456308683735e-17,pe_wt_v
509,pe_wt_v,0.9933003652218609,1.0,1.0,pe_wt_v
510,bel_bias_v,0.015912970063700568,3.27349966896505e-30,3.8203991724611526e-17,pe_wt_v
510,pe_wt_v,0.9840870299362994,1.0,0.9999999999999999,pe_wt_v
511,bel_bias_v,0.02091957835919439,2.3423353097570762e-29,1.163056816251113e-14,pe_wt_v
511,pe_wt_v,0.9790804216408056,1.0,0.9999999999999883,pe_wt_v
512,bel_bias_v,0.0066976368631696285,4.4981335068487366e-32,8.539256836164407e-18,pe_wt_v
512,pe_wt_v,0.9933023631368304,1.0,1.0,pe_wt_v
513,bel_bias_v,0.015466548035435698,2.722252877227854e-30,4.66896136901632e-17,pe_wt_v
513,pe_wt_v,0.9845334519645643,1.0,0.9999999999999999,pe_wt_v
514,bel_bias_v,0.005819469295972452,2.746252116036196e-32,1.637212662122417e-22,pe_wt_v
514,pe_wt_v,0.9941805307040276,1.0,1.0,pe_wt_v
515,bel_bias_v,0.00906286123693041,1.5333257043067696e-31,4.462001329703746e-19,pe_wt_v
515,pe_wt_v,0.9909371387630697,1.0,1.0,pe_wt_v
516,bel_bias_v,0.019339722277609543,1.2817735247707e-29,3.939144059762268e-18,pe_wt_v
516,pe_wt_v,0.9806602777223905,1.0,1.0,pe_wt_v
517,bel_bias_v,0.006068276387939757,3.166614856741999e-32,5.016589370718737e-20,pe_wt_v
517,pe_wt_v,0.9939317236120602,1.0,1.0,pe_wt_v
518,bel_bias_v,0.026652389169310804,1.8657932241984352e-28,3.2288762537335124e-16,pe_wt_v
518,pe_wt_v,0.9733476108306891,1.0,0.9999999999999997,pe_wt_v
519,bel_bias_v,0.009067885395790854,1.5371309691023002e-31,3.507644447637424e-20,pe_wt_v
519,pe_wt_v,0.9909321146042092,1.0,1.0,pe_wt_v
520,bel_bias_v,0.010950972540760304,3.7790540892449583e-31,5.780495886030425e-19,pe_wt_v
520,pe_wt_v,0.9890490274592397,1.0,1.0,pe_wt_v
521,bel_bias_v,0.013866771817024068,1.3857027255991954e-30,3.8875353242710823e-16,pe_wt_v
521,pe_wt_v,0.9861332281829759,1.0,0.9999999999999997,pe_wt_v
522,bel_bias_v,0.0059238644749043685,2.9161595659280723e-32,1.380688917718263e-20,pe_wt_v
522,pe_wt_v,0.9940761355250957,1.0,1.0,pe_wt_v
523,bel_bias_v,0.011223875369640132,4.2864442885581995e-31,7.931507670641533e-19,pe_wt_v
523,pe_wt_v,0.9887761246303599,1.0,1.0,pe_wt_v
524,bel_bias_v,0.005871021293272299,2.829021681093401e-32,7.18268916315689e-22,pe_wt_v
524,pe_wt_v,0.9941289787067277,1.0,1.0,pe_wt_v
525,bel_bias_v,0.006489155912454088,4.009944274858556e-32,7.246155626465429e-20,pe_wt_v
525,pe_wt_v,0.9935108440875459,1.0,1.0,pe_wt_v
526,bel_bias_v,0.007477894584568199,6.839804817955642e-32,6.995547156257031e-16,pe_wt_v
526,pe_wt_v,0.9925221054154317,1.0,0.9999999999999992,pe_wt_v
527,bel_bias_v,0.006936042677652311,5.121631989484115e-32,1.4817761313409384e-17,pe_wt_v
527,pe_wt_v,0.9930639573223476,1.0,1.0,pe_wt_v
528,bel_bias_v,0.006174761684483315,3.363408457552927e-32,1.0458760587997797e-20,pe_wt_v
528,pe_wt_v,0.9938252383155166,1.0,1.0,pe_wt_v
529,bel_bias_v,0.005983233522240755,3.0169019291651483e-32,1.3620813451871223e-20,pe_wt_v
529,pe_wt_v,0.9940167664777593,1.0,1.0,pe_wt_v
530,bel_bias_v,0.005843958972968474,2.785299315474249e-32,3.4689057892852804e-21,pe_wt_v
530,pe_wt_v,0.9941560410270315,1.0,1.0,pe_wt_v
531,bel_bias_v,0.006040594081201508,3.1171702295388184e-32,2.874041563407491e-20,pe_wt_v
531,pe_wt_v,0.9939594059187985,1.0,1.0,pe_wt_v
532,bel_bias_v,0.009035510388012395,1.5127627277749382e-31,5.669406690436554e-16,pe_wt_v
532,pe_wt_v,0.9909644896119876,1.0,0.9999999999999994,pe_wt_v
533,bel_bias_v,0.005861168426433512,2.813033087198155e-32,3.52076575166959e-22,pe_wt_v
533,pe_wt_v,0.9941388315735665,1.0,1.0,pe_wt_v
534,bel_bias_v,0.005828647570769294,2.7608289153215267e-32,5.873885362537447e-22,pe_wt_v
534,pe_wt_v,0.9941713524292306,1.0,1.0,pe_wt_v
535,bel_bias_v,0.006311999060239001,3.633138914710214e-32,3.2393379658548816e-21,pe_wt_v
535,pe_wt_v,0.993688000939761,1.0,1.0,pe_wt_v
536,bel_bias_v,0.0077348577539358985,7.825312275040359e-32,1.1887762354102848e-15,pe_wt_v
536,pe_wt_v,0.992265142246064,1.0,0.9999999999999989,pe_wt_v
537,bel_bias_v,0.006011081678454997,3.0652164573689014e-32,1.6149670136486254e-20,pe_wt_v
537,pe_wt_v,0.993988918321545,1.0,1.0,pe_wt_v
538,bel_bias_v,0.0072989063153718736,6.221703838148281e-32,7.006664582322827e-18,pe_wt_v
538,pe_wt_v,0.9927010936846281,1.0,1.0,pe_wt_v
539,bel_bias_v,0.005783502353624592,2.68978652537363e-32,2.553199980501132e-22,pe_wt_v
539,pe_wt_v,0.9942164976463753,1.0,1.0,pe_wt_v
540,bel_bias_v,0.006130074135886688,3.2795296185845805e-32,1.910021247025107e-20,pe_wt_v
540,pe_wt_v,0.9938699258641133,1.0,1.0,pe_wt_v
541,bel_bias_v,0.00901607228983195,1.4983040902467526e-31,4.491258841051001e-19,pe_wt_v
541,pe_wt_v,0.9909839277101681,1.0,1.0,pe_wt_v
542,bel_bias_v,0.006178756558659946,3.3709994541038884e-32,2.566099951110366e-20,pe_wt_v
542,pe_wt_v,0.99382124344134,1.0,1.0,pe_wt_v
543,bel_bias_v,0.0061809663688959775,3.3752050795993674e-32,5.879956108855897e-19,pe_wt_v
543,pe_wt_v,0.993819033631104,1.0,1.0,pe_wt_v
544,bel_bias_v,0.005756901838787088,2.6486910621503686e-32,1.567042214572157e-22,pe_wt_v
544,pe_wt_v,0.9942430981612129,1.0,1.0,pe_wt_v
545,bel_bias_v,0.010936517911711305,3.753814610917717e-31,9.038223175388561e-20,pe_wt_v
545,pe_wt_v,0.9890634820882888,1.0,1.0,pe_wt_v
546,bel_bias_v,0.006230393397211879,3.470507927502506e-32,1.679135688227991e-18,pe_wt_v
546,pe_wt_v,0.9937696066027882,1.0,1.0,pe_wt_v
547,bel_bias_v,0.005932483670821733,2.930596855060472e-32,3.678751840872226e-21,pe_wt_v
547,pe_wt_v,0.9940675163291783,1.0,1.0,pe_wt_v
548,bel_bias_v,0.007800519821482684,8.097121114366901e-32,1.2677671139786761e-17,pe_wt_v
548,pe_wt_v,0.9921994801785173,1.0,1.0,pe_wt_v
549,bel_bias_v,0.006762311501466344,4.6601093288504354e-32,4.41107712389545e-20,pe_wt_v
549,pe_wt_v,0.9932376884985337,1.0,1.0,pe_wt_v
550,bel_bias_v,0.005943907249815326,2.949829584916724e-32,3.835646692570271e-21,pe_wt_v
550,pe_wt_v,0.9940560927501846,1.0,1.0,pe_wt_v
551,bel_bias_v,0.006427164517009373,3.874279431443413e-32,2.2210947307487875e-18,pe_wt_v
551,pe_wt_v,0.9935728354829907,1.0,1.0,pe_wt_v
552,bel_bias_v,0.006404596003904948,3.825922789183759e-32,7.81426129413797e-21,pe_wt_v
552,pe_wt_v,0.993595403996095,1.0,1.0,pe_wt_v
553,bel_bias_v,0.007214560335969411,5.948432994689377e-32,1.9454274870682922e-16,pe_wt_v
553,pe_wt_v,0.9927854396640305,1.0,0.9999999999999998,pe_wt_v
554,bel_bias_v,0.008202568722932463,9.958822085691976e-32,2.4621129918881907e-18,pe_wt_v
554,pe_wt_v,0.9917974312770674,1.0,1.0,pe_wt_v
555,bel_bias_v,0.007510900949390581,6.959711957939878e-32,6.246833918753946e-17,pe_wt_v
555,pe_wt_v,0.9924890990506094,1.0,1.0,pe_wt_v
556,bel_bias_v,0.008722874650647047,1.2951381833823457e-31,9.105200294716605e-20,pe_wt_v
556,pe_wt_v,0.991277125349353,1.0,1.0,pe_wt_v
557,bel_bias_v,0.007883877208473736,8.454613782773207e-32,6.799538053233397e-18,pe_wt_v
557,pe_wt_v,0.9921161227915262,1.0,1.0,pe_wt_v
558,bel_bias_v,0.00614113517163922,3.300115206791153e-32,1.3744360952980844e-20,pe_wt_v
558,pe_wt_v,0.9938588648283607,1.0,1.0,pe_wt_v
559,bel_bias_v,0.017605774240296395,6.492937420321437e-30,3.6029433120107173e-16,pe_wt_v
559,pe_wt_v,0.9823942257597037,1.0,0.9999999999999997,pe_wt_v
560,bel_bias_v,0.006531664533384419,4.1054246232340677e-32,1.2634558621769366e-18,pe_wt_v
560,pe_wt_v,0.9934683354666156,1.0,1.0,pe_wt_v
561,bel_bias_v,0.010636239147094537,3.2638322421692987e-31,1.0288016147328825e-18,pe_wt_v
561,pe_wt_v,0.9893637608529054,1.0,1.0,pe_wt_v
562,bel_bias_v,0.006794653968746252,4.7430686913095364e-32,5.095199552474172e-19,pe_wt_v
562,pe_wt_v,0.9932053460312538,1.0,1.0,pe_wt_v
563,bel_bias_v,0.008958464644265746,1.4562007852379746e-31,8.695452040245098e-19,pe_wt_v
563,pe_wt_v,0.9910415353557341,1.0,1.0,pe_wt_v
564,bel_bias_v,0.0065139475710055605,4.0653841044959704e-32,3.723783474038283e-20,pe_wt_v
564,pe_wt_v,0.9934860524289945,1.0,1.0,pe_wt_v
565,bel_bias_v,0.005969754148015495,2.993760916211315e-32,1.787751731472483e-20,pe_wt_v
565,pe_wt_v,0.9940302458519845,1.0,1.0,pe_wt_v
566,bel_bias_v,0.006541240925783706,4.1272147586939297e-32,5.104876684820583e-18,pe_wt_v
566,pe_wt_v,0.9934587590742162,1.0,1.0,pe_wt_v
567,bel_bias_v,0.0060466894248358246,3.1279978547853324e-32,8.357301235800286e-20,pe_wt_v
567,pe_wt_v,0.9939533105751642,1.0,1.0,pe_wt_v
568,bel_bias_v,0.006551403077066833,4.150451490365009e-32,4.356978671755712e-19,pe_wt_v
568,pe_wt_v,0.9934485969229331,1.0,1.0,pe_wt_v
569,bel_bias_v,0.006100428543730047,3.224921170262095e-32,4.2086344305895205e-21,pe_wt_v
569,pe_wt_v,0.99389957145627,1.0,1.0,pe_wt_v
570,bel_bias_v,0.01332616644277934,1.0969034952566516e-30,1.4441030644676157e-16,pe_wt_v
570,pe_wt_v,0.9866738335572206,1.0,0.9999999999999998,pe_wt_v
571,bel_bias_v,0.005747380202973012,2.63411695398533e-32,1.3483981428858097e-22,pe_wt_v
571,pe_wt_v,0.994252619797027,1.0,1.0,pe_wt_v
572,bel_bias_v,0.009121056983833354,1.5779417914828568e-31,7.098389608527574e-19,pe_wt_v
572,pe_wt_v,0.9908789430161666,1.0,1.0,pe_wt_v
573,bel_bias_v,0.0063608711527643755,3.7337743159566035e-32,2.78221371402939e-20,pe_wt_v
573,pe_wt_v,0.9936391288472357,1.0,1.0,pe_wt_v
574,bel_bias_v,0.006247313849411154,3.5036822420220387e-32,3.5534158075322176e-21,pe_wt_v
574,pe_wt_v,0.9937526861505889,1.0,1.0,pe_wt_v
575,bel_bias_v,0.006350009964155002,3.7111958438347964e-32,8.881841236829009e-18,pe_wt_v
575,pe_wt_v,0.993649990035845,1.0,1.0,pe_wt_v
576,bel_bias_v,0.0062631523520906805,3.534992291926571e-32,4.487437168458606e-19,pe_wt_v
576,pe_wt_v,0.9937368476479094,1.0,1.0,pe_wt_v
577,bel_bias_v,0.00674832644780303,4.624644774020285e-32,1.7471137703723317e-18,pe_wt_v
577,pe_wt_v,0.993251673552197,1.0,1.0,pe_wt_v
578,bel_bias_v,0.006150914366128297,3.31841128234403e-32,1.4729273052054213e-20,pe_wt_v
578,pe_wt_v,0.9938490856338716,1.0,1.0,pe_wt_v
579,bel_bias_v,0.011561163260591758,5.001807140877836e-31,2.4151417081214626e-18,pe_wt_v
579,pe_wt_v,0.9884388367394082,1.0,1.0,pe_wt_v
580,bel_bias_v,0.005943125631556946,2.948510080008342e-32,3.102269574588667e-21,pe_wt_v
580,pe_wt_v,0.994056874368443,1.0,1.0,pe_wt_v
581,bel_bias_v,0.005971552476586312,2.996839064805745e-32,2.4045041698369894e-20,pe_wt_v
581,pe_wt_v,0.9940284475234137,1.0,1.0,pe_wt_v
582,bel_bias_v,0.007029576298682171,5.386872389737105e-32,1.7470172869523815e-18,pe_wt_v
582,pe_wt_v,0.9929704237013177,1.0,1.0,pe_wt_v
583,bel_bias_v,0.006516260102797192,4.0705904386103517e-32,3.6429049887808946e-20,pe_wt_v
583,pe_wt_v,0.9934837398972027,1.0,1.0,pe_wt_v
584,bel_bias_v,0.035159623205586965,3.145958199161803e-27,5.896514712938409e-15,pe_wt_v
584,pe_wt_v,0.964840376794413,1.0,0.9999999999999941,pe_wt_v
585,bel_bias_v,0.00580044096051161,2.71624919979509e-32,4.579950102129188e-22,pe_wt_v
585,pe_wt_v,0.9941995590394883,1.0,1.0,pe_wt_v
586,bel_bias_v,0.006027416571490777,3.093876216280839e-32,3.5630795753448505e-20,pe_wt_v
586,pe_wt_v,0.9939725834285091,1.0,1.0,pe_wt_v
587,bel_bias_v,0.006304179003176975,3.6172639013963746e-32,7.729091585096777e-21,pe_wt_v
587,pe_wt_v,0.9936958209968231,1.0,1.0,pe_wt_v
588,bel_bias_v,0.008702148294676158,1.2817862132722252e-31,7.236791094917739e-14,pe_wt_v
588,pe_wt_v,0.9912978517053238,1.0,0.9999999999999276,pe_wt_v
589,bel_bias_v,0.005896859056558832,2.871334073992683e-32,5.561003024615186e-21,pe_wt_v
589,pe_wt_v,0.9941031409434412,1.0,1.0,pe_wt_v
590,bel_bias_v,0.005790437355741557,2.700593067439156e-32,3.453730174797787e-22,pe_wt_v
590,pe_wt_v,0.9942095626442584,1.0,1.0,pe_wt_v
591,bel_bias_v,0.006271977296007481,3.552546223674189e-32,2.0324127361621594e-19,pe_wt_v
591,pe_wt_v,0.9937280227039925,1.0,1.0,pe_wt_v
592,bel_bias_v,0.008668893197610463,1.260628201362412e-31,1.1744514468802009e-19,pe_wt_v
592,pe_wt_v,0.9913311068023896,1.0,1.0,pe_wt_v
593,bel_bias_v,0.006626286022054501,4.3253428734593376e-32,6.051662482796736e-19,pe_wt_v
593,pe_wt_v,0.9933737139779454,1.0,1.0,pe_wt_v
594,bel_bias_v,0.006227429819190028,3.4647265525237275e-32,3.682854706756249e-19,pe_wt_v
594,pe_wt_v,0.99377257018081,1.0,1.0,pe_wt_v
595,bel_bias_v,0.0058449043841969145,2.7868165527870657e-32,1.0590259131551696e-21,pe_wt_v
595,pe_wt_v,0.9941550956158031,1.0,1.0,pe_wt_v
596,bel_bias_v,0.006751198337816659,4.6319076280766776e-32,1.1417294246526333e-17,pe_wt_v
596,pe_wt_v,0.9932488016621833,1.0,1.0,pe_wt_v
597,bel_bias_v,0.04431910159786663,5.1062333994139725e-26,1.1799065841639192e-13,pe_wt_v
597,pe_wt_v,0.9556808984021333,1.0,0.999999999999882,pe_wt_v
598,bel_bias_v,0.005942829977193592,2.948011102055993e-32,5.624499681074255e-21,pe_wt_v
598,pe_wt_v,0.9940571700228065,1.0,1.0,pe_wt_v
599,bel_bias_v,0.022910010531827295,4.9054505257372097e-29,1.8907037398009048e-15,pe_wt_v
599,pe_wt_v,0.9770899894681726,1.0,0.9999999999999981,pe_wt_v
600,bel_bias_v,0.017353527354434062,5.871065183071336e-30,5.375054017348451e-15,pe_wt_v
600,pe_wt_v,0.9826464726455659,1.0,0.9999999999999946,pe_wt_v
601,bel_bias_v,0.0063179973142899895,3.6453578941198964e-32,1.2428541867761726e-19,pe_wt_v
601,pe_wt_v,0.99368200268571,1.0,1.0,pe_wt_v
602,bel_bias_v,0.005867853849167365,2.8238729675950283e-32,3.623551173494063e-22,pe_wt_v
602,pe_wt_v,0.9941321461508327,1.0,1.0,pe_wt_v
603,bel_bias_v,0.00668006713545579,4.455017030784271e-32,3.680852955395629e-19,pe_wt_v
603,pe_wt_v,0.9933199328645442,1.0,1.0,pe_wt_v
604,bel_bias_v,0.006297421072559033,3.6035951584667976e-32,3.1013281058965483e-19,pe_wt_v
604,pe_wt_v,0.993702578927441,1.0,1.0,pe_wt_v
605,bel_bias_v,0.006434475628962373,3.8900619531713436e-32,7.400991241495484e-21,pe_wt_v
605,pe_wt_v,0.9935655243710376,1.0,1.0,pe_wt_v
606,bel_bias_v,0.005954211756246193,2.9672745850017947e-32,3.4518365967072045e-20,pe_wt_v
606,pe_wt_v,0.9940457882437539,1.0,1.0,pe_wt_v
607,bel_bias_v,0.03512966935452881,3.1161890640517064e-27,8.089083865630491e-16,pe_wt_v
607,pe_wt_v,0.9648703306454712,1.0,0.9999999999999991,pe_wt_v
608,bel_bias_v,0.006697005263155851,4.496577049657716e-32,3.4824447311675443e-19,pe_wt_v
608,pe_wt_v,0.9933029947368441,1.0,1.0,pe_wt_v
609,bel_bias_v,0.005971221508282887,2.9962723439948075e-32,7.161400802057049e-21,pe_wt_v
609,pe_wt_v,0.994028778491717,1.0,1.0,pe_wt_v
610,bel_bias_v,0.006029221173360662,3.0970570245560484e-32,7.706752819435281e-20,pe_wt_v
610,pe_wt_v,0.9939707788266394,1.0,1.0,pe_wt_v
611,bel_bias_v,0.005854698549283308,2.8025779391329125e-32,1.0890465839871786e-21,pe_wt_v
611,pe_wt_v,0.9941453014507167,1.0,1.0,pe_wt_v
612,bel_bias_v,0.006345619470973689,3.7021036100731456e-32,5.586131231358365e-21,pe_wt_v
612,pe_wt_v,0.9936543805290263,1.0,1.0,pe_wt_v
613,bel_bias_v,0.013419123524057934,1.1421256434465568e-30,6.874459110915565e-16,pe_wt_v
613,pe_wt_v,0.9865808764759422,1.0,0.9999999999999993,pe_wt_v
614,bel_bias_v,0.009511253738270907,1.909572673187002e-31,2.039431083239515e-18,pe_wt_v
614,pe_wt_v,0.9904887462617291,1.0,1.0,pe_wt_v
615,bel_bias_v,0.006895272374148991,5.009762308043878e-32,3.71733013571476e-18,pe_wt_v
615,pe_wt_v,0.993104727625851,1.0,1.0,pe_wt_v
616,bel_bias_v,0.006493831283221,4.020347162180139e-32,1.3528721675093823e-19,pe_wt_v
616,pe_wt_v,0.993506168716779,1.0,1.0,pe_wt_v
617,bel_bias_v,0.0091856462534932,1.6288643326934048e-31,1.41738591566181e-18,pe_wt_v
617,pe_wt_v,0.9908143537465067,1.0,1.0,pe_wt_v
618,bel_bias_v,0.007142520718953015,5.723716716589833e-32,9.961194274259004e-19,pe_wt_v
618,pe_wt_v,0.992857479281047,1.0,1.0,pe_wt_v
619,bel_bias_v,0.011834609131297061,5.66246855598932e-31,1.6282308072928792e-18,pe_wt_v
619,pe_wt_v,0.9881653908687029,1.0,1.0,pe_wt_v
620,bel_bias_v,0.00781925887472768,8.176259693428219e-32,7.955746432724521e-17,pe_wt_v
620,pe_wt_v,0.9921807411252723,1.0,1.0,pe_wt_v
621,bel_bias_v,0.006534364439899326,4.111557491911637e-32,2.367992426568161e-19,pe_wt_v
621,pe_wt_v,0.9934656355601007,1.0,1.0,pe_wt_v
622,bel_bias_v,0.006530524374080381,4.1028372108648125e-32,1.0321301525871616e-19,pe_wt_v
622,pe_wt_v,0.9934694756259197,1.0,1.0,pe_wt_v
623,bel_bias_v,0.0069383305369502815,5.127976114198037e-32,3.282518203881202e-19,pe_wt_v
623,pe_wt_v,0.9930616694630497,1.0,1.0,pe_wt_v
624,bel_bias_v,0.006395448735690087,3.8064781531125177e-32,2.5778065258050774e-20,pe_wt_v
624,pe_wt_v,0.9936045512643099,1.0,1.0,pe_wt_v
625,bel_bias_v,0.00638465231493841,3.783642041673107e-32,6.370647327216862e-20,pe_wt_v
625,pe_wt_v,0.9936153476850615,1.0,1.0,pe_wt_v
626,bel_bias_v,0.0060025975594222595,3.050424586920352e-32,3.3643357503796326e-20,pe_wt_v
626,pe_wt_v,0.9939974024405778,1.0,1.0,pe_wt_v
627,bel_bias_v,0.011525390330844692,4.920939761596301e-31,8.483225627413477e-19,pe_wt_v
627,pe_wt_v,0.9884746096691552,1.0,1.0,pe_wt_v
628,bel_bias_v,0.0058682433630304915,2.8245056767791433e-32,1.0263878148892058e-21,pe_wt_v
628,pe_wt_v,0.9941317566369696,1.0,1.0,pe_wt_v
629,bel_bias_v,0.006408911881356894,3.8351281125337787e-32,2.4662586217308403e-18,pe_wt_v
629,pe_wt_v,0.993591088118643,1.0,1.0,pe_wt_v
630,bel_bias_v,0.0060331085104418,3.103918793062494e-32,2.4696040024785236e-20,pe_wt_v
630,pe_wt_v,0.9939668914895583,1.0,1.0,pe_wt_v
631,bel_bias_v,0.006381443870213238,3.776879424478803e-32,9.84264767912149e-19,pe_wt_v
631,pe_wt_v,0.9936185561297868,1.0,1.0,pe_wt_v
632,bel_bias_v,0.018230882638091476,8.316656613095089e-30,4.3345515543781675e-16,pe_wt_v
632,pe_wt_v,0.9817691173619084,1.0,0.9999999999999996,pe_wt_v
633,bel_bias_v,0.005905731351919415,2.885992820229893e-32,1.1584886902117057e-20,pe_wt_v
633,pe_wt_v,0.9940942686480805,1.0,1.0,pe_wt_v
634,bel_bias_v,0.006509241787106769,4.0548081957076996e-32,1.2916170711858583e-18,pe_wt_v
634,pe_wt_v,0.9934907582128932,1.0,1.0,pe_wt_v
635,bel_bias_v,0.005972789790417458,2.9989585774752595e-32,8.610581148632859e-21,pe_wt_v
635,pe_wt_v,0.9940272102095826,1.0,1.0,pe_wt_v
636,bel_bias_v,0.005845651591512417,2.7880162234666145e-32,7.471649497037759e-22,pe_wt_v
636,pe_wt_v,0.9941543484084876,1.0,1.0,pe_wt_v
637,bel_bias_v,0.006153331155359149,3.3229468480490713e-32,3.519440661211961e-19,pe_wt_v
637,pe_wt_v,0.9938466688446408,1.0,1.0,pe_wt_v
638,bel_bias_v,0.017713505586008375,6.777266423652331e-30,2.606557457784259e-19,pe_wt_v
638,pe_wt_v,0.9822864944139917,1.0,1.0,pe_wt_v
639,bel_bias_v,0.006421648799269895,3.862410720688414e-32,4.1023096291012213e-19,pe_wt_v
639,pe_wt_v,0.9935783512007301,1.0,1.0,pe_wt_v
640,bel_bias_v,0.00626006107302221,3.5288617459138935e-32,1.2846506414785729e-19,pe_wt_v
640,pe_wt_v,0.9937399389269778,1.0,1.0,pe_wt_v
641,bel_bias_v,0.03884843889888709,9.93773147816912e-27,1.0630311834004179e-13,pe_wt_v
641,pe_wt_v,0.9611515611011129,1.0,0.9999999999998936,pe_wt_v
642,bel_bias_v,0.010680340543845415,3.3318394528731033e-31,1.3547455693556754e-17,pe_wt_v
642,pe_wt_v,0.9893196594561546,1.0,1.0,pe_wt_v
643,bel_bias_v,0.013150883759019356,1.0161956794274479e-30,8.356568294447529e-17,pe_wt_v
643,pe_wt_v,0.9868491162409807,1.0,0.9999999999999999,pe_wt_v
644,bel_bias_v,0.006869583539817772,4.940414697143888e-32,3.718864442928723e-19,pe_wt_v
644,pe_wt_v,0.9931304164601822,1.0,1.0,pe_wt_v
645,bel_bias_v,0.006432807464595588,3.8864558048940736e-32,4.6210883226378066e-20,pe_wt_v
645,pe_wt_v,0.9935671925354044,1.0,1.0,pe_wt_v
646,bel_bias_v,0.007094373800205043,5.577855519642141e-32,1.2353252917029364e-18,pe_wt_v
646,pe_wt_v,0.9929056261997949,1.0,1.0,pe_wt_v
647,bel_bias_v,0.008821312699816319,1.360322253846609e-31,3.872433550716197e-19,pe_wt_v
647,pe_wt_v,0.9911786873001838,1.0,1.0,pe_wt_v
648,bel_bias_v,0.008129916144057408,9.595790112056124e-32,5.227463301788356e-21,pe_wt_v
648,pe_wt_v,0.9918700838559427,1.0,1.0,pe_wt_v
649,bel_bias_v,0.00604215909542033,3.1199470884735013e-32,2.4820315557136145e-21,pe_wt_v
649,pe_wt_v,0.9939578409045797,1.0,1.0,pe_wt_v
650,bel_bias_v,0.006515826342133742,4.0696134319090213e-32,5.406127204857401e-17,pe_wt_v
650,pe_wt_v,0.9934841736578662,1.0,0.9999999999999999,pe_wt_v
651,bel_bias_v,0.006812060040515152,4.788265700093191e-32,7.141076776768461e-20,pe_wt_v
651,pe_wt_v,0.9931879399594848,1.0,1.0,pe_wt_v
652,bel_bias_v,0.0090437154382809,1.5189045271650858e-31,8.685999096590524e-19,pe_wt_v
652,pe_wt_v,0.9909562845617191,1.0,1.0,pe_wt_v
653,bel_bias_v,0.005790081241261889,2.700037210811729e-32,3.694781865410899e-22,pe_wt_v
653,pe_wt_v,0.9942099187587381,1.0,1.0,pe_wt_v
654,bel_bias_v,0.03203229397279699,1.1477303358836658e-27,1.2875661825939765e-13,pe_wt_v
654,pe_wt_v,0.967967706027203,1.0,0.9999999999998713,pe_wt_v
655,bel_bias_v,0.006340123889992748,3.6907510191606895e-32,4.907266107927814e-19,pe_wt_v
655,pe_wt_v,0.9936598761100073,1.0,1.0,pe_wt_v
656,bel_bias_v,0.00643558020166813,3.892451412947513e-32,1.2230575492858688e-20,pe_wt_v
656,pe_wt_v,0.9935644197983319,1.0,1.0,pe_wt_v
657,bel_bias_v,0.007031978838743159,5.393846403035169e-32,1.7217565220803631e-18,pe_wt_v
657,pe_wt_v,0.9929680211612568,1.0,1.0,pe_wt_v
658,bel_bias_v,0.007049132671910927,5.443878235448671e-32,4.596004143636081e-18,pe_wt_v
658,pe_wt_v,0.9929508673280891,1.0,1.0,pe_wt_v
659,bel_bias_v,0.009935789551651001,2.3431424167437714e-31,7.511531619638415e-19,pe_wt_v
659,pe_wt_v,0.9900642104483489,1.0,1.0,pe_wt_v
660,bel_bias_v,0.006052126212780919,3.137683939472314e-32,6.083381639356398e-21,pe_wt_v
660,pe_wt_v,0.9939478737872192,1.0,1.0,pe_wt_v
661,bel_bias_v,0.04174566787485951,2.387425408484958e-26,2.6402664106319104e-14,pe_wt_v
661,pe_wt_v,0.9582543321251404,1.0,0.9999999999999736,pe_wt_v
662,bel_bias_v,0.007087685554952956,5.55786244220428e-32,5.95751299458978e-17,pe_wt_v
662,pe_wt_v,0.992912314445047,1.0,1.0,pe_wt_v
663,bel_bias_v,0.0066384105517179135,4.3542761266720517e-32,7.656424315417646e-21,pe_wt_v
663,pe_wt_v,0.9933615894482821,1.0,1.0,pe_wt_v
664,bel_bias_v,0.026428715185028137,1.7257180818061614e-28,7.488251697498237e-16,pe_wt_v
664,pe_wt_v,0.9735712848149718,1.0,0.9999999999999993,pe_wt_v
665,bel_bias_v,0.005982720564127508,3.016018387962677e-32,6.558209833292363e-20,pe_wt_v
665,pe_wt_v,0.9940172794358725,1.0,1.0,pe_wt_v
666,bel_bias_v,0.006537694570600073,4.1191332749177774e-32,3.2602649404942284e-20,pe_wt_v
666,pe_wt_v,0.9934623054293998,1.0,1.0,pe_wt_v
667,bel_bias_v,0.006366329370225779,3.745167438335016e-32,6.232842150712236e-20,pe_wt_v
667,pe_wt_v,0.9936336706297743,1.0,1.0,pe_wt_v
668,bel_bias_v,0.006359987565173186,3.7319329009768353e-32,4.804437051293642e-19,pe_wt_v
668,pe_wt_v,0.9936400124348269,1.0,1.0,pe_wt_v
669,bel_bias_v,0.00596666170773944,2.988474259421839e-32,4.838498516040121e-20,pe_wt_v
669,pe_wt_v,0.9940333382922605,1.0,1.0,pe_wt_v
670,bel_bias_v,0.006338100541112039,3.686579122237545e-32,3.428705356167615e-21,pe_wt_v
670,pe_wt_v,0.993661899458888,1.0,1.0,pe_wt_v
671,bel_bias_v,0.005829008057464207,2.761402835244392e-32,7.0906829678496815e-22,pe_wt_v
671,pe_wt_v,0.9941709919425358,1.0,1.0,pe_wt_v
672,bel_bias_v,0.006014292559250417,3.070831216363974e-32,1.0438826079718703e-19,pe_wt_v
672,pe_wt_v,0.9939857074407497,1.0,1.0,pe_wt_v
673,bel_bias_v,0.0076948033766894965,7.663628780966024e-32,1.074370251787996e-18,pe_wt_v
673,pe_wt_v,0.9923051966233104,1.0,1.0,pe_wt_v
674,bel_bias_v,0.013702248035479165,1.2909686351451614e-30,2.7586226095520947e-17,pe_wt_v
674,pe_wt_v,0.986297751964521,1.0,1.0,pe_wt_v
675,bel_bias_v,0.006715959656005998,4.5434986068322833e-32,5.0409206311776755e-19,pe_wt_v
675,pe_wt_v,0.993284040343994,1.0,1.0,pe_wt_v
676,bel_bias_v,0.02676512540798464,1.9404886439494275e-28,2.378075294987136e-16,pe_wt_v
676,pe_wt_v,0.9732348745920154,1.0,0.9999999999999998,pe_wt_v
677,bel_bias_v,0.010098189422936964,2.531967452773076e-31,1.264789145705761e-18,pe_wt_v
677,pe_wt_v,0.9899018105770631,1.0,1.0,pe_wt_v
678,bel_bias_v,0.008648410902466768,1.2477574290251564e-31,1.1334402513981123e-19,pe_wt_v
678,pe_wt_v,0.9913515890975333,1.0,1.0,pe_wt_v
679,bel_bias_v,0.005906501690543697,2.887268704843878e-32,3.253447977105516e-21,pe_wt_v
679,pe_wt_v,0.9940934983094563,1.0,1.0,pe_wt_v
680,bel_bias_v,0.006238255777107628,3.485887802481302e-32,6.007361658582003e-20,pe_wt_v
680,pe_wt_v,0.9937617442228924,1.0,1.0,pe_wt_v
681,bel_bias_v,0.006688847460920306,4.476517316878725e-32,5.946966208018366e-18,pe_wt_v
681,pe_wt_v,0.9933111525390796,1.0,1.0,pe_wt_v
682,bel_bias_v,0.0063410102638535824,3.692579946595608e-32,2.4152572322465006e-19,pe_wt_v
682,pe_wt_v,0.9936589897361464,1.0,1.0,pe_wt_v
683,bel_bias_v,0.00658575171869569,4.2298672203214906e-32,2.88787421994162e-19,pe_wt_v
683,pe_wt_v,0.9934142482813043,1.0,1.0,pe_wt_v
684,bel_bias_v,0.006212807008304654,3.436326253288183e-32,2.030913129766823e-20,pe_wt_v
684,pe_wt_v,0.9937871929916953,1.0,1.0,pe_wt_v
685,bel_bias_v,0.012316212614884593,7.0296529963278315e-31,2.0119800721340883e-19,pe_wt_v
685,pe_wt_v,0.9876837873851155,1.0,1.0,pe_wt_v
686,bel_bias_v,0.007019093643055517,5.356539184599248e-32,4.692005536919972e-18,pe_wt_v
686,pe_wt_v,0.9929809063569445,1.0,1.0,pe_wt_v
687,bel_bias_v,0.010079463981763397,2.509494125569885e-31,1.1758978003436389e-18,pe_wt_v
687,pe_wt_v,0.9899205360182365,1.0,1.0,pe_wt_v
688,bel_bias_v,0.005918434465589116,2.9070967563795496e-32,7.270968676619575e-21,pe_wt_v
688,pe_wt_v,0.994081565534411,1.0,1.0,pe_wt_v
689,bel_bias_v,0.011506949468798615,4.8797336626526255e-31,1.2370767152798254e-17,pe_wt_v
689,pe_wt_v,0.9884930505312014,1.0,1.0,pe_wt_v
690,bel_bias_v,0.006441304531956087,3.904855668487885e-32,1.5804686142944586e-20,pe_wt_v
690,pe_wt_v,0.9935586954680439,1.0,1.0,pe_wt_v
691,bel_bias_v,0.008659220041807567,1.2545345560624008e-31,3.4839658367293464e-19,pe_wt_v
691,pe_wt_v,0.9913407799581925,1.0,1.0,pe_wt_v
692,bel_bias_v,0.006016274636465057,3.074301784364222e-32,1.9431415824004942e-20,pe_wt_v
692,pe_wt_v,0.993983725363535,1.0,1.0,pe_wt_v
693,bel_bias_v,0.006375055808365548,3.7634472431855584e-32,2.251794368788197e-19,pe_wt_v
693,pe_wt_v,0.9936249441916344,1.0,1.0,pe_wt_v
694,bel_bias_v,0.005935000086506994,2.9348238750742297e-32,1.5595138277732636e-20,pe_wt_v
694,pe_wt_v,0.9940649999134931,1.0,1.0,pe_wt_v
695,bel_bias_v,0.006865041426209417,4.9282438659773774e-32,6.547060975317651e-18,pe_wt_v
695,pe_wt_v,0.9931349585737905,1.0,1.0,pe_wt_v
696,bel_bias_v,0.006036534202487249,3.109976922559778e-32,1.6182669397630482e-21,pe_wt_v
696,pe_wt_v,0.9939634657975127,1.0,1.0,pe_wt_v
697,bel_bias_v,0.007457031585618285,6.764986959625767e-32,1.7242670306317155e-16,pe_wt_v
697,pe_wt_v,0.9925429684143817,1.0,0.9999999999999999,pe_wt_v
698,bel_bias_v,0.006859743502459411,4.9140820567888e-32,4.500239685525244e-18,pe_wt_v
698,pe_wt_v,0.9931402564975407,1.0,1.0,pe_wt_v
699,bel_bias_v,0.0069333010112364495,5.114038836247458e-32,1.2878623938388794e-19,pe_wt_v
699,pe_wt_v,0.9930666989887635,1.0,1.0,pe_wt_v
700,bel_bias_v,0.006259985616949449,3.528712222485277e-32,2.0596744555778684e-19,pe_wt_v
700,pe_wt_v,0.9937400143830506,1.0,1.0,pe_wt_v
701,bel_bias_v,0.0066746761815498325,4.4418624433628276e-32,1.620696216402451e-19,pe_wt_v
701,pe_wt_v,0.9933253238184501,1.0,1.0,pe_wt_v
702,bel_bias_v,0.006510120196241393,4.0567804762526937e-32,1.629497628474671e-18,pe_wt_v
702,pe_wt_v,0.9934898798037586,1.0,1.0,pe_wt_v
703,bel_bias_v,0.016142809299183863,3.597200369071897e-30,8.398634313590126e-17,pe_wt_v
703,pe_wt_v,0.9838571907008161,1.0,0.9999999999999999,pe_wt_v
704,bel_bias_v,0.006385330725668225,3.7850733568324154e-32,9.188286972057996e-20,pe_wt_v
704,pe_wt_v,0.9936146692743317,1.0,1.0,pe_wt_v
705,bel_bias_v,0.006077247931214376,3.182788858742297e-32,1.9728442165767924e-19,pe_wt_v
705,pe_wt_v,0.9939227520687857,1.0,1.0,pe_wt_v
706,bel_bias_v,0.006278293391839464,3.5651576411784443e-32,2.2959510888290237e-21,pe_wt_v
706,pe_wt_v,0.9937217066081605,1.0,1.0,pe_wt_v
707,bel_bias_v,0.009145950244766082,1.5973906627253183e-31,7.066368513963231e-19,pe_wt_v
707,pe_wt_v,0.990854049755234,1.0,1.0,pe_wt_v
708,bel_bias_v,0.009662869342126724,2.0550383646128286e-31,1.3946053573021785e-19,pe_wt_v
708,pe_wt_v,0.9903371306578733,1.0,1.0,pe_wt_v
709,bel_bias_v,0.005981189958303988,3.0133833768811645e-32,1.7954054576505254e-21,pe_wt_v
709,pe_wt_v,0.9940188100416961,1.0,1.0,pe_wt_v
710,bel_bias_v,0.006080619617307088,3.1888864139434043e-32,5.1143101225922086e-20,pe_wt_v
710,pe_wt_v,0.9939193803826929,1.0,1.0,pe_wt_v
711,bel_bias_v,0.006051182041255202,3.1359999023509175e-32,1.340860639728846e-19,pe_wt_v
711,pe_wt_v,0.9939488179587448,1.0,1.0,pe_wt_v
712,bel_bias_v,0.006132617578711129,3.284253008144111e-32,2.640875189295395e-20,pe_wt_v
712,pe_wt_v,0.9938673824212889,1.0,1.0,pe_wt_v
713,bel_bias_v,0.016680841311558895,4.478306977495752e-30,3.9024411650371165e-17,pe_wt_v
713,pe_wt_v,0.9833191586884411,1.0,0.9999999999999999,pe_wt_v
714,bel_bias_v,0.006590152227917281,4.2401396482768123e-32,7.428993540411433e-19,pe_wt_v
714,pe_wt_v,0.9934098477720826,1.0,1.0,pe_wt_v
715,bel_bias_v,0.007369088024434821,6.457730676958882e-32,4.34740862184786e-18,pe_wt_v
715,pe_wt_v,0.9926309119755652,1.0,1.0,pe_wt_v
716,bel_bias_v,0.008960767269282579,1.4578624840607367e-31,4.752926095953989e-16,pe_wt_v
716,pe_wt_v,0.9910392327307175,1.0,0.9999999999999994,pe_wt_v
717,bel_bias_v,0.01580197645946056,3.127292389776487e-30,2.1960839215019993e-14,pe_wt_v
717,pe_wt_v,0.9841980235405394,1.0,0.999999999999978,pe_wt_v
718,bel_bias_v,0.013528119674062925,1.1973946785655304e-30,1.98250953975065e-17,pe_wt_v
718,pe_wt_v,0.9864718803259371,1.0,1.0,pe_wt_v
719,bel_bias_v,0.00633038818404439,3.670715944486202e-32,1.7881826140055144e-19,pe_wt_v
719,pe_wt_v,0.9936696118159556,1.0,1.0,pe_wt_v
720,bel_bias_v,0.007541613358574418,7.073003369290315e-32,3.484840669683919e-17,pe_wt_v
720,pe_wt_v,0.9924583866414256,1.0,0.9999999999999999,pe_wt_v
721,bel_bias_v,0.00693099480019177,5.107659584635403e-32,1.7533126735974097e-18,pe_wt_v
721,pe_wt_v,0.9930690051998082,1.0,1.0,pe_wt_v
722,bel_bias_v,0.019907126905145612,1.5944462001043052e-29,1.4998345383823003e-17,pe_wt_v
722,pe_wt_v,0.9800928730948544,1.0,1.0,pe_wt_v
723,bel_bias_v,0.009893632873181044,2.2963156224208853e-31,1.7785908179640542e-17,pe_wt_v
723,pe_wt_v,0.990106367126819,1.0,1.0,pe_wt_v
724,bel_bias_v,0.006250833159984586,3.510617782525333e-32,4.494027980134862e-20,pe_wt_v
724,pe_wt_v,0.9937491668400154,1.0,1.0,pe_wt_v
725,bel_bias_v,0.005775079074471492,2.6767124991327057e-32,3.8428920181116177e-22,pe_wt_v
725,pe_wt_v,0.9942249209255285,1.0,1.0,pe_wt_v
726,bel_bias_v,0.04001333064802011,1.417467925037638e-26,5.839328105187492e-15,pe_wt_v
726,pe_wt_v,0.9599866693519798,1.0,0.9999999999999942,pe_wt_v
727,bel_bias_v,0.0067597445859185635,4.653581576267614e-32,2.1644741241123004e-18,pe_wt_v
727,pe_wt_v,0.9932402554140813,1.0,1.0,pe_wt_v
728,bel_bias_v,0.006056913776869606,3.146235530741459e-32,2.2438233985642444e-21,pe_wt_v
728,pe_wt_v,0.9939430862231304,1.0,1.0,pe_wt_v
729,bel_bias_v,0.008309445337238326,1.05158316645021e-31,1.225981063055217e-20,pe_wt_v
729,pe_wt_v,0.9916905546627617,1.0,1.0,pe_wt_v
730,bel_bias_v,0.006428886678049591,3.877991878861931e-32,1.9314233785176825e-18,pe_wt_v
730,pe_wt_v,0.9935711133219504,1.0,1.0,pe_wt_v
731,bel_bias_v,0.005932270549755006,2.930239108064618e-32,4.462059849223222e-21,pe_wt_v
731,pe_wt_v,0.994067729450245,1.0,1.0,pe_wt_v
732,bel_bias_v,0.006487040524510914,4.005245409270957e-32,1.1599435768792346e-19,pe_wt_v
732,pe_wt_v,0.993512959475489,1.0,1.0,pe_wt_v
733,bel_bias_v,0.008893142311464649,1.40978342862354e-31,7.321719669844528e-19,pe_wt_v
733,pe_wt_v,0.9911068576885355,1.0,1.0,pe_wt_v
734,bel_bias_v,0.012379680280630063,7.231413279772958e-31,5.501259966042781e-16,pe_wt_v
734,pe_wt_v,0.9876203197193698,1.0,0.9999999999999994,pe_wt_v
735,bel_bias_v,0.01892752913782619,1.0924147598322632e-29,3.580832164593441e-18,pe_wt_v
735,pe_wt_v,0.9810724708621739,1.0,1.0,pe_wt_v
736,bel_bias_v,0.00697742369273944,5.237484631363769e-32,8.917638239646657e-17,pe_wt_v
736,pe_wt_v,0.9930225763072607,1.0,0.9999999999999999,pe_wt_v
737,bel_bias_v,0.010837308064031876,3.5847924973028265e-31,1.5710342339720874e-18,pe_wt_v
737,pe_wt_v,0.9891626919359681,1.0,1.0,pe_wt_v
738,bel_bias_v,0.008680570532222603,1.2680207438646048e-31,1.9580894050770572e-19,pe_wt_v
738,pe_wt_v,0.9913194294677774,1.0,1.0,pe_wt_v
739,bel_bias_v,0.010380301069874477,2.894070008743384e-31,2.332522993723326e-18,pe_wt_v
739,pe_wt_v,0.9896196989301255,1.0,1.0,pe_wt_v
740,bel_bias_v,0.0068672573798757176,4.934178238941269e-32,3.466283800932919e-19,pe_wt_v
740,pe_wt_v,0.9931327426201243,1.0,1.0,pe_wt_v
741,bel_bias_v,0.006138354852594578,3.294929945193039e-32,2.2185215891729996e-20,pe_wt_v
741,pe_wt_v,0.9938616451474055,1.0,1.0,pe_wt_v
742,bel_bias_v,0.006709162197135052,4.5266209597318344e-32,2.2457328717401654e-18,pe_wt_v
742,pe_wt_v,0.993290837802865,1.0,1.0,pe_wt_v
743,bel_bias_v,0.0068507876620498885,4.890225961074011e-32,1.4985824690537936e-18,pe_wt_v
743,pe_wt_v,0.9931492123379501,1.0,1.0,pe_wt_v
744,bel_bias_v,0.006155633531427157,3.327272849534506e-32,4.2572624487621227e-19,pe_wt_v
744,pe_wt_v,0.9938443664685728,1.0,1.0,pe_wt_v
745,bel_bias_v,0.008991439603012852,1.4801651223541108e-31,1.39097113258655e-19,pe_wt_v
745,pe_wt_v,0.9910085603969871,1.0,1.0,pe_wt_v
746,bel_bias_v,0.005961734875393737,2.980068812014169e-32,9.204375978148273e-21,pe_wt_v
746,pe_wt_v,0.9940382651246062,1.0,1.0,pe_wt_v
747,bel_bias_v,0.0058700029722495465,2.827365479889612e-32,6.015886561179994e-21,pe_wt_v
747,pe_wt_v,0.9941299970277505,1.0,1.0,pe_wt_v
748,bel_bias_v,0.01047667888943229,3.0284601138303417e-31,5.4945836275523524e-14,pe_wt_v
748,pe_wt_v,0.9895233211105677,1.0,0.999999999999945,pe_wt_v
749,bel_bias_v,0.009861121382823891,2.2607987440312896e-31,1.0510895944493254e-19,pe_wt_v
749,pe_wt_v,0.9901388786171761,1.0,1.0,pe_wt_v
750,bel_bias_v,0.008754703186421934,1.3158921997028327e-31,9.801987994019305e-17,pe_wt_v
750,pe_wt_v,0.9912452968135781,1.0,0.9999999999999999,pe_wt_v
751,bel_bias_v,0.007105425894913488,5.611036388185254e-32,7.602949909793608e-19,pe_wt_v
751,pe_wt_v,0.9928945741050865,1.0,1.0,pe_wt_v
752,bel_bias_v,0.0067524154744570165,4.6349888057620806e-32,2.8223242620872424e-18,pe_wt_v
752,pe_wt_v,0.9932475845255431,1.0,1.0,pe_wt_v
753,bel_bias_v,0.0220661002808433,3.595094068657953e-29,1.64069331605916e-15,pe_wt_v
753,pe_wt_v,0.9779338997191567,1.0,0.9999999999999983,pe_wt_v
754,bel_bias_v,0.006463674246651815,3.953670706287064e-32,3.1855897368114244e-19,pe_wt_v
754,pe_wt_v,0.9935363257533482,1.0,1.0,pe_wt_v
755,bel_bias_v,0.016354893419701998,3.922739362508659e-30,4.17428568481273e-20,pe_wt_v
755,pe_wt_v,0.983645106580298,1.0,1.0,pe_wt_v
756,bel_bias_v,0.005809273552039086,2.7301395827513097e-32,5.20816374813556e-22,pe_wt_v
756,pe_wt_v,0.9941907264479609,1.0,1.0,pe_wt_v
757,bel_bias_v,0.0060193281496152716,3.0796552554156945e-32,7.189563915269258e-20,pe_wt_v
757,pe_wt_v,0.9939806718503846,1.0,1.0,pe_wt_v
758,bel_bias_v,0.010141945758607867,2.585214536752715e-31,1.8510913070343217e-16,pe_wt_v
758,pe_wt_v,0.9898580542413922,1.0,0.9999999999999999,pe_wt_v
759,bel_bias_v,0.008578257440056478,1.2045863033305306e-31,2.840606689317179e-17,pe_wt_v
759,pe_wt_v,0.9914217425599436,1.0,0.9999999999999999,pe_wt_v
760,bel_bias_v,0.019275063048926105,1.2501222182373683e-29,1.1687837913789378e-17,pe_wt_v
760,pe_wt_v,0.9807249369510738,1.0,1.0,pe_wt_v
761,bel_bias_v,0.006316147481565892,3.641585696503371e-32,1.651830213932698e-19,pe_wt_v
761,pe_wt_v,0.9936838525184342,1.0,1.0,pe_wt_v
762,bel_bias_v,0.009075510504940664,1.5429228688891805e-31,2.6729813778827413e-19,pe_wt_v
762,pe_wt_v,0.9909244894950594,1.0,1.0,pe_wt_v
763,bel_bias_v,0.007821798854955446,8.18704078590569e-32,1.7404865526368107e-17,pe_wt_v
763,pe_wt_v,0.9921782011450445,1.0,1.0,pe_wt_v
764,bel_bias_v,0.006057297015518061,3.1469209734338176e-32,3.0745554618819205e-21,pe_wt_v
764,pe_wt_v,0.993942702984482,1.0,1.0,pe_wt_v
765,bel_bias_v,0.010420828256425754,2.949888616603727e-31,2.9413499094351976e-18,pe_wt_v
765,pe_wt_v,0.9895791717435743,1.0,1.0,pe_wt_v
766,bel_bias_v,0.030114297038004945,6.0821763474645255e-28,5.255062130169132e-15,pe_wt_v
766,pe_wt_v,0.9698857029619952,1.0,0.9999999999999947,pe_wt_v
767,bel_bias_v,0.010667441354003068,3.3118122974558445e-31,1.94005341878861e-17,pe_wt_v
767,pe_wt_v,0.9893325586459969,1.0,1.0,pe_wt_v
768,bel_bias_v,0.023658127622669514,6.441534473812792e-29,4.0980071349757358e-16,pe_wt_v
768,pe_wt_v,0.9763418723773305,1.0,0.9999999999999997,pe_wt_v
769,bel_bias_v,0.008109758510851984,9.497240956069064e-32,1.4511245333182126e-18,pe_wt_v
769,pe_wt_v,0.991890241489148,1.0,1.0,pe_wt_v
770,bel_bias_v,0.007428018737456612,6.662181589391618e-32,9.469689042333921e-19,pe_wt_v
770,pe_wt_v,0.9925719812625434,1.0,1.0,pe_wt_v
771,bel_bias_v,0.008874608754511019,1.396864859696337e-31,6.645048500131661e-17,pe_wt_v
771,pe_wt_v,0.9911253912454889,1.0,1.0,pe_wt_v
772,bel_bias_v,0.0073904006505133134,6.531002651383605e-32,4.649697271096286e-19,pe_wt_v
772,pe_wt_v,0.9926095993494867,1.0,1.0,pe_wt_v
773,bel_bias_v,0.015687315271670492,2.9827883572381178e-30,1.7550680481018123e-16,pe_wt_v
773,pe_wt_v,0.9843126847283296,1.0,0.9999999999999999,pe_wt_v
774,bel_bias_v,0.049080814039773386,1.9996528726005613e-25,4.5710038842240516e-15,pe_wt_v
774,pe_wt_v,0.9509191859602266,1.0,0.9999999999999954,pe_wt_v
775,bel_bias_v,0.012472650852174905,7.5368291452040905e-31,7.104162729871018e-17,pe_wt_v
775,pe_wt_v,0.987527349147825,1.0,1.0,pe_wt_v
776,bel_bias_v,0.007086037037173896,5.552944545421003e-32,4.860949796057977e-19,pe_wt_v
776,pe_wt_v,0.9929139629628261,1.0,1.0,pe_wt_v
777,bel_bias_v,0.009984614525259557,2.3984862255554434e-31,6.600722914284834e-19,pe_wt_v
777,pe_wt_v,0.9900153854747403,1.0,1.0,pe_wt_v
778,bel_bias_v,0.005948168982301106,2.957033371030613e-32,9.445460896567641e-21,pe_wt_v
778,pe_wt_v,0.9940518310176989,1.0,1.0,pe_wt_v
779,bel_bias_v,0.0058270669441520765,2.7583136986280356e-32,3.3568094176609635e-22,pe_wt_v
779,pe_wt_v,0.9941729330558479,1.0,1.0,pe_wt_v
780,bel_bias_v,0.006279029672924465,3.566630388972839e-32,6.157963249682485e-19,pe_wt_v
780,pe_wt_v,0.9937209703270756,1.0,1.0,pe_wt_v
781,bel_bias_v,0.005854203907413158,2.8017800345242296e-32,8.6676517516153e-22,pe_wt_v
781,pe_wt_v,0.9941457960925868,1.0,1.0,pe_wt_v
782,bel_bias_v,0.015364212357166571,2.6089606225384928e-30,1.0256921616724067e-20,pe_wt_v
782,pe_wt_v,0.9846357876428334,1.0,1.0,pe_wt_v
783,bel_bias_v,0.006199807554681599,3.411253949546929e-32,3.724013679483878e-20,pe_wt_v
783,pe_wt_v,0.9938001924453184,1.0,1.0,pe_wt_v
784,bel_bias_v,0.006202762163108474,3.416938141714117e-32,9.39304178585786e-20,pe_wt_v
784,pe_wt_v,0.9937972378368916,1.0,1.0,pe_wt_v
785,bel_bias_v,0.0060874311159605935,3.2012365567566044e-32,5.483619043593608e-21,pe_wt_v
785,pe_wt_v,0.9939125688840393,1.0,1.0,pe_wt_v
786,bel_bias_v,0.007015630568145535,5.346552297242592e-32,4.118563613992644e-19,pe_wt_v
786,pe_wt_v,0.9929843694318544,1.0,1.0,pe_wt_v
787,bel_bias_v,0.00607628083003911,3.1810418182849983e-32,1.357329347377164e-19,pe_wt_v
787,pe_wt_v,0.9939237191699608,1.0,1.0,pe_wt_v
788,bel_bias_v,0.01281906451744451,8.785256828634347e-31,3.5967767677799614e-15,pe_wt_v
788,pe_wt_v,0.9871809354825555,1.0,0.9999999999999963,pe_wt_v
789,bel_bias_v,0.011311960857055627,4.463389720799323e-31,2.799516024665186e-17,pe_wt_v
789,pe_wt_v,0.9886880391429443,1.0,0.9999999999999999,pe_wt_v
790,bel_bias_v,0.005835110529566385,2.7711344965083533e-32,1.1176164204554172e-21,pe_wt_v
790,pe_wt_v,0.9941648894704336,1.0,1.0,pe_wt_v
791,bel_bias_v,0.008204061258931996,9.966410452273978e-32,3.3690433793496524e-21,pe_wt_v
791,pe_wt_v,0.991795938741068,1.0,1.0,pe_wt_v
792,bel_bias_v,0.005919998216453213,2.9097041183162126e-32,2.037661247758758e-21,pe_wt_v
792,pe_wt_v,0.9940800017835468,1.0,1.0,pe_wt_v
793,bel_bias_v,0.011155065328863496,4.1528158270122595e-31,1.5081831860359556e-18,pe_wt_v
793,pe_wt_v,0.9888449346711365,1.0,1.0,pe_wt_v
794,bel_bias_v,0.008396276823971123,1.0989298895098392e-31,6.724724364428884e-18,pe_wt_v
794,pe_wt_v,0.991603723176029,1.0,1.0,pe_wt_v
795,bel_bias_v,0.00643976958587682,3.901526059525718e-32,1.9987562289768197e-20,pe_wt_v
795,pe_wt_v,0.9935602304141231,1.0,1.0,pe_wt_v
796,bel_bias_v,0.006409063563593986,3.8354519966014096e-32,9.936392228055749e-19,pe_wt_v
796,pe_wt_v,0.993590936436406,1.0,1.0,pe_wt_v
797,bel_bias_v,0.006334077326363018,3.6782963108364766e-32,2.775618777229294e-18,pe_wt_v
797,pe_wt_v,0.993665922673637,1.0,1.0,pe_wt_v
798,bel_bias_v,0.006199284630526537,3.410248809132062e-32,1.5909726678162422e-20,pe_wt_v
798,pe_wt_v,0.9938007153694735,1.0,1.0,pe_wt_v
799,bel_bias_v,0.00858003238840542,1.2056613813319346e-31,2.0407939174743583e-19,pe_wt_v
799,pe_wt_v,0.9914199676115947,1.0,1.0,pe_wt_v
800,bel_bias_v,0.02394659874200271,7.149644624382516e-29,1.1161615521453734e-14,pe_wt_v
800,pe_wt_v,0.9760534012579972,1.0,0.9999999999999889,pe_wt_v
801,bel_bias_v,0.011075936246386295,4.003974954421641e-31,2.235794301514745e-18,pe_wt_v
801,pe_wt_v,0.9889240637536136,1.0,1.0,pe_wt_v
802,bel_bias_v,0.006291740960529622,3.5921422617586063e-32,8.118175870794149e-20,pe_wt_v
802,pe_wt_v,0.9937082590394704,1.0,1.0,pe_wt_v
803,bel_bias_v,0.006160273046621583,3.3360054691321833e-32,3.1255947430118455e-19,pe_wt_v
803,pe_wt_v,0.9938397269533784,1.0,1.0,pe_wt_v
804,bel_bias_v,0.0060669740710678505,3.164273133333814e-32,7.396897247735808e-21,pe_wt_v
804,pe_wt_v,0.9939330259289322,1.0,1.0,pe_wt_v
805,bel_bias_v,0.01043877121003583,2.974921140437494e-31,5.548616007239133e-18,pe_wt_v
805,pe_wt_v,0.9895612287899641,1.0,1.0,pe_wt_v
806,bel_bias_v,0.007174877138815056,5.823676080246372e-32,2.2797329445163408e-17,pe_wt_v
806,pe_wt_v,0.9928251228611849,1.0,1.0,pe_wt_v
807,bel_bias_v,0.006336136012992163,3.6825325537595505e-32,3.4434793656539146e-20,pe_wt_v
807,pe_wt_v,0.9936638639870078,1.0,1.0,pe_wt_v
808,bel_bias_v,0.006950619361932503,5.162174309637523e-32,1.1283900003250023e-17,pe_wt_v
808,pe_wt_v,0.9930493806380676,1.0,1.0,pe_wt_v
809,bel_bias_v,0.009505552107329517,1.9042935449228225e-31,2.243513069125345e-19,pe_wt_v
809,pe_wt_v,0.9904944478926706,1.0,1.0,pe_wt_v
810,bel_bias_v,0.006832412319858622,4.841606139674072e-32,2.5771744457478968e-18,pe_wt_v
810,pe_wt_v,0.9931675876801414,1.0,1.0,pe_wt_v
811,bel_bias_v,0.017894941080730198,7.283180624197334e-30,8.908442935870701e-19,pe_wt_v
811,pe_wt_v,0.9821050589192698,1.0,1.0,pe_wt_v
812,bel_bias_v,0.006131665895620847,3.2824849404103394e-32,8.453234743616238e-20,pe_wt_v
812,pe_wt_v,0.9938683341043792,1.0,1.0,pe_wt_v
813,bel_bias_v,0.024737852753727207,9.49785299008277e-29,7.046528003469133e-18,pe_wt_v
813,pe_wt_v,0.9752621472462728,1.0,1.0,pe_wt_v
814,bel_bias_v,0.006227718497738879,3.465289330012462e-32,5.742397123456818e-18,pe_wt_v
814,pe_wt_v,0.9937722815022612,1.0,1.0,pe_wt_v
815,bel_bias_v,0.006068357816959658,3.1667613273500824e-32,1.700552830801589e-19,pe_wt_v
815,pe_wt_v,0.9939316421830403,1.0,1.0,pe_wt_v
816,bel_bias_v,0.006481213497341424,3.992327546797594e-32,1.7066646325644139e-18,pe_wt_v
816,pe_wt_v,0.9935187865026586,1.0,1.0,pe_wt_v
817,bel_bias_v,0.006464617304770205,3.95574063425267e-32,4.1193596518667054e-20,pe_wt_v
817,pe_wt_v,0.9935353826952297,1.0,1.0,pe_wt_v
818,bel_bias_v,0.03235069993368868,1.2737207411178439e-27,1.4692947719357918e-16,pe_wt_v
818,pe_wt_v,0.9676493000663113,1.0,0.9999999999999998,pe_wt_v
819,bel_bias_v,0.011599602450694458,5.0900910734708075e-31,3.1521273310786367e-18,pe_wt_v
819,pe_wt_v,0.9884003975493054,1.0,1.0,pe_wt_v
820,bel_bias_v,0.006776742180896336,4.696961159712642e-32,9.195845583332739e-19,pe_wt_v
820,pe_wt_v,0.9932232578191036,1.0,1.0,pe_wt_v
821,bel_bias_v,0.007956930999723008,8.779734414236631e-32,1.4093293100352158e-17,pe_wt_v
821,pe_wt_v,0.992043069000277,1.0,1.0,pe_wt_v
822,bel_bias_v,0.0350542159931971,3.042405657378131e-27,9.190795383743579e-15,pe_wt_v
822,pe_wt_v,0.9649457840068029,1.0,0.9999999999999908,pe_wt_v
823,bel_bias_v,0.0062877745393163575,3.584164059772693e-32,1.1329362082956526e-19,pe_wt_v
823,pe_wt_v,0.9937122254606837,1.0,1.0,pe_wt_v
824,bel_bias_v,0.007033762106908428,5.399028103664669e-32,2.976291127441981e-19,pe_wt_v
824,pe_wt_v,0.9929662378930916,1.0,1.0,pe_wt_v
825,bel_bias_v,0.011074333328960781,4.001012170936138e-31,7.993732639439723e-18,pe_wt_v
825,pe_wt_v,0.9889256666710392,1.0,1.0,pe_wt_v
826,bel_bias_v,0.005930650727716703,2.927521330357333e-32,2.634179427970066e-21,pe_wt_v
826,pe_wt_v,0.9940693492722834,1.0,1.0,pe_wt_v
827,bel_bias_v,0.008038321288970234,9.155416658309655e-32,1.3049539707696175e-18,pe_wt_v
827,pe_wt_v,0.9919616787110298,1.0,1.0,pe_wt_v
828,bel_bias_v,0.006255146928780285,3.519135739486664e-32,8.188983285709321e-20,pe_wt_v
828,pe_wt_v,0.9937448530712196,1.0,1.0,pe_wt_v
829,bel_bias_v,0.006592778109063129,4.2462801298465003e-32,7.780416176072692e-20,pe_wt_v
829,pe_wt_v,0.9934072218909369,1.0,1.0,pe_wt_v
830,bel_bias_v,0.011861160078675496,5.730806978652984e-31,6.107333494482698e-17,pe_wt_v
830,pe_wt_v,0.9881388399213245,1.0,1.0,pe_wt_v
831,bel_bias_v,0.0062706631760555956,3.549927334387952e-32,1.5168237256990685e-19,pe_wt_v
831,pe_wt_v,0.9937293368239444,1.0,1.0,pe_wt_v
832,bel_bias_v,0.005877432620117487,2.839468918137432e-32,5.571219445863858e-23,pe_wt_v
832,pe_wt_v,0.9941225673798825,1.0,1.0,pe_wt_v
833,bel_bias_v,0.00603363659738004,3.104851996037514e-32,7.559047354053423e-22,pe_wt_v
833,pe_wt_v,0.99396636340262,1.0,1.0,pe_wt_v
834,bel_bias_v,0.005979095718795736,3.0097813674395134e-32,2.4807194175973415e-20,pe_wt_v
834,pe_wt_v,0.9940209042812043,1.0,1.0,pe_wt_v
835,bel_bias_v,0.006114175014683055,3.2501409146204957e-32,2.1057611995120594e-19,pe_wt_v
835,pe_wt_v,0.993885824985317,1.0,1.0,pe_wt_v
836,bel_bias_v,0.009522828552175256,1.9203315661348391e-31,8.239977748327207e-18,pe_wt_v
836,pe_wt_v,0.9904771714478247,1.0,1.0,pe_wt_v
837,bel_bias_v,0.0066416572961457716,4.362053509597179e-32,2.1647240252825192e-19,pe_wt_v
837,pe_wt_v,0.9933583427038543,1.0,1.0,pe_wt_v
838,bel_bias_v,0.023038015906908745,5.140552977869714e-29,2.8390552358978195e-18,pe_wt_v
838,pe_wt_v,0.9769619840930912,1.0,1.0,pe_wt_v
839,bel_bias_v,0.006190634610628775,3.3936605434282027e-32,6.201410135830038e-20,pe_wt_v
839,pe_wt_v,0.9938093653893713,1.0,1.0,pe_wt_v
840,bel_bias_v,0.008611284961726612,1.224736349581648e-31,3.328857831605439e-20,pe_wt_v
840,pe_wt_v,0.9913887150382734,1.0,1.0,pe_wt_v
841,bel_bias_v,0.025422932797141664,1.211660370646481e-28,8.847445418270949e-16,pe_wt_v
841,pe_wt_v,0.9745770672028584,1.0,0.9999999999999991,pe_wt_v
842,bel_bias_v,0.025200616264305403,1.119863745317948e-28,1.5621440238329298e-16,pe_wt_v
842,pe_wt_v,0.9747993837356946,1.0,0.9999999999999998,pe_wt_v
843,bel_bias_v,0.010016862717512733,2.4357046255292383e-31,4.408783534549269e-18,pe_wt_v
843,pe_wt_v,0.9899831372824873,1.0,1.0,pe_wt_v
844,bel_bias_v,0.0059205292974724745,2.9105901038959313e-32,3.490306565135793e-21,pe_wt_v
844,pe_wt_v,0.9940794707025274,1.0,1.0,pe_wt_v
845,bel_bias_v,0.006871271688895576,4.94494510392892e-32,3.5446883578498094e-19,pe_wt_v
845,pe_wt_v,0.9931287283111044,1.0,1.0,pe_wt_v
846,bel_bias_v,0.006742890327845325,4.6109252588125856e-32,2.2744595315907895e-18,pe_wt_v
846,pe_wt_v,0.9932571096721546,1.0,1.0,pe_wt_v
847,bel_bias_v,0.01163457161562554,5.171674016361117e-31,1.3229432425857746e-15,pe_wt_v
847,pe_wt_v,0.9883654283843746,1.0,0.9999999999999987,pe_wt_v
848,bel_bias_v,0.012034707367650659,6.196951707075957e-31,2.918994701050188e-18,pe_wt_v
848,pe_wt_v,0.9879652926323494,1.0,1.0,pe_wt_v
849,bel_bias_v,0.009374496228408184,1.7866181332467612e-31,4.025855616522241e-18,pe_wt_v
849,pe_wt_v,0.9906255037715919,1.0,1.0,pe_wt_v
850,bel_bias_v,0.005968039574186395,2.9908287518335995e-32,4.111760396714512e-22,pe_wt_v
850,pe_wt_v,0.9940319604258135,1.0,1.0,pe_wt_v
851,bel_bias_v,0.006314419470298121,3.6380650802881804e-32,1.0472375856415928e-20,pe_wt_v
851,pe_wt_v,0.9936855805297019,1.0,1.0,pe_wt_v
852,bel_bias_v,0.0058990129571320805,2.8748866310511145e-32,1.050927804785023e-20,pe_wt_v
852,pe_wt_v,0.9941009870428679,1.0,1.0,pe_wt_v
853,bel_bias_v,0.006418420132915614,3.8554784443153177e-32,1.1328970584957308e-18,pe_wt_v
853,pe_wt_v,0.9935815798670843,1.0,1.0,pe_wt_v
854,bel_bias_v,0.008253331240631124,1.0219910544021452e-31,1.4116270759103082e-16,pe_wt_v
854,pe_wt_v,0.9917466687593689,1.0,0.9999999999999998,pe_wt_v
855,bel_bias_v,0.005893028153442734,2.865025186487984e-32,2.9363742290455824e-21,pe_wt_v
855,pe_wt_v,0.9941069718465573,1.0,1.0,pe_wt_v
856,bel_bias_v,0.006542225942749497,4.129461959311244e-32,1.339367216808552e-18,pe_wt_v
856,pe_wt_v,0.9934577740572506,1.0,1.0,pe_wt_v
857,bel_bias_v,0.030675133151192878,7.333259991350438e-28,2.2443570390049562e-17,pe_wt_v
857,pe_wt_v,0.969324866848807,1.0,1.0,pe_wt_v
858,bel_bias_v,0.009132617163959614,1.5869462332355542e-31,9.662762894506408e-19,pe_wt_v
858,pe_wt_v,0.9908673828360404,1.0,1.0,pe_wt_v
859,bel_bias_v,0.005944180974628029,2.950291803388537e-32,2.52941774345357e-20,pe_wt_v
859,pe_wt_v,0.9940558190253719,1.0,1.0,pe_wt_v
860,bel_bias_v,0.006200960902682376,3.413471798375117e-32,2.4538505527606317e-20,pe_wt_v
860,pe_wt_v,0.9937990390973177,1.0,1.0,pe_wt_v
861,bel_bias_v,0.005847232583783928,2.7905560818646703e-32,6.042954703185407e-22,pe_wt_v
861,pe_wt_v,0.994152767416216,1.0,1.0,pe_wt_v
862,bel_bias_v,0.006320860366589553,3.651203166832174e-32,3.0218007851632806e-19,pe_wt_v
862,pe_wt_v,0.9936791396334105,1.0,1.0,pe_wt_v
863,bel_bias_v,0.006179607808075679,3.372618963781315e-32,4.2412447206242903e-19,pe_wt_v
863,pe_wt_v,0.9938203921919244,1.0,1.0,pe_wt_v
864,bel_bias_v,0.006477038309428937,3.983094671584886e-32,7.330295789404883e-19,pe_wt_v
864,pe_wt_v,0.9935229616905711,1.0,1.0,pe_wt_v
865,bel_bias_v,0.006221652313617487,3.4534805223246696e-32,4.311768844764161e-20,pe_wt_v
865,pe_wt_v,0.9937783476863825,1.0,1.0,pe_wt_v
866,bel_bias_v,0.005979745457807212,3.0108984821713834e-32,6.244209659517459e-21,pe_wt_v
866,pe_wt_v,0.9940202545421927,1.0,1.0,pe_wt_v
867,bel_bias_v,0.006193318933674069,3.3988005657214993e-32,3.030794036148148e-20,pe_wt_v
867,pe_wt_v,0.9938066810663259,1.0,1.0,pe_wt_v
868,bel_bias_v,0.009068325152605177,1.5374644534263286e-31,3.625606971842495e-19,pe_wt_v
868,pe_wt_v,0.9909316748473949,1.0,1.0,pe_wt_v
869,bel_bias_v,0.00620820446267415,3.427430439481531e-32,1.663239002141516e-19,pe_wt_v
869,pe_wt_v,0.9937917955373259,1.0,1.0,pe_wt_v
870,bel_bias_v,0.005950092868916024,2.9602905274996287e-32,5.652795635815232e-21,pe_wt_v
870,pe_wt_v,0.9940499071310839,1.0,1.0,pe_wt_v
871,bel_bias_v,0.006296103897086881,3.6009364068918935e-32,4.839810087903314e-19,pe_wt_v
871,pe_wt_v,0.9937038961029131,1.0,1.0,pe_wt_v
872,bel_bias_v,0.00609057578001572,3.206952642561087e-32,7.816044327772998e-20,pe_wt_v
872,pe_wt_v,0.9939094242199843,1.0,1.0,pe_wt_v
873,bel_bias_v,0.0061266153374307936,3.273116076693474e-32,2.144294166191063e-20,pe_wt_v
873,pe_wt_v,0.9938733846625692,1.0,1.0,pe_wt_v
874,bel_bias_v,0.006528565390865765,4.0983950319043494e-32,6.47036069642882e-19,pe_wt_v
874,pe_wt_v,0.9934714346091341,1.0,1.0,pe_wt_v
875,bel_bias_v,0.014253769232161295,1.6351473647430845e-30,4.610635125267459e-17,pe_wt_v
875,pe_wt_v,0.9857462307678387,1.0,0.9999999999999999,pe_wt_v
876,bel_bias_v,0.006787281253080842,4.724040986248501e-32,3.120681451641798e-17,pe_wt_v
876,pe_wt_v,0.9932127187469192,1.0,0.9999999999999999,pe_wt_v
877,bel_bias_v,0.01747714401980096,6.168358215175577e-30,6.346261832652231e-19,pe_wt_v
877,pe_wt_v,0.9825228559801991,1.0,1.0,pe_wt_v
878,bel_bias_v,0.005929007603594219,2.9247667489505443e-32,9.257402706766699e-21,pe_wt_v
878,pe_wt_v,0.9940709923964057,1.0,1.0,pe_wt_v
879,bel_bias_v,0.006379101490947617,3.771949114723019e-32,9.109935284550602e-19,pe_wt_v
879,pe_wt_v,0.9936208985090524,1.0,1.0,pe_wt_v
880,bel_bias_v,0.0062946914240438545,3.598087248385093e-32,6.013888119973518e-20,pe_wt_v
880,pe_wt_v,0.9937053085759561,1.0,1.0,pe_wt_v
881,bel_bias_v,0.007668247258549073,7.5581210486828e-32,3.6356235844821256e-17,pe_wt_v
881,pe_wt_v,0.9923317527414509,1.0,0.9999999999999999,pe_wt_v
882,bel_bias_v,0.024888478423637173,1.0022096632327612e-28,4.446987899216886e-16,pe_wt_v
882,pe_wt_v,0.9751115215763628,1.0,0.9999999999999996,pe_wt_v
883,bel_bias_v,0.00926964064735857,1.6973626559041427e-31,1.3754623177836718e-18,pe_wt_v
883,pe_wt_v,0.9907303593526415,1.0,1.0,pe_wt_v
884,bel_bias_v,0.009512494072467154,1.9107228931088975e-31,3.86929709677171e-18,pe_wt_v
884,pe_wt_v,0.9904875059275328,1.0,1.0,pe_wt_v
885,bel_bias_v,0.00576751508395573,2.665020298930289e-32,2.0393819042225245e-22,pe_wt_v
885,pe_wt_v,0.9942324849160442,1.0,1.0,pe_wt_v
886,bel_bias_v,0.007087182700534506,5.556361896652385e-32,2.724149497932466e-20,pe_wt_v
886,pe_wt_v,0.9929128172994656,1.0,1.0,pe_wt_v
887,bel_bias_v,0.00718588005323109,5.858026995409673e-32,5.2904277723825786e-20,pe_wt_v
887,pe_wt_v,0.9928141199467689,1.0,1.0,pe_wt_v
888,bel_bias_v,0.00652976714849746,4.101119617219538e-32,2.5203919261163343e-18,pe_wt_v
888,pe_wt_v,0.9934702328515026,1.0,1.0,pe_wt_v
889,bel_bias_v,0.007040089047657313,5.417448919277775e-32,9.284062775554196e-18,pe_wt_v
889,pe_wt_v,0.9929599109523427,1.0,1.0,pe_wt_v
890,bel_bias_v,0.005897576074586205,2.872516260763504e-32,8.156661496977051e-22,pe_wt_v
890,pe_wt_v,0.9941024239254138,1.0,1.0,pe_wt_v
891,bel_bias_v,0.00946240739884926,1.8647827080769599e-31,1.50965867655847e-18,pe_wt_v
891,pe_wt_v,0.9905375926011507,1.0,1.0,pe_wt_v
892,bel_bias_v,0.006488995820132876,4.009588491970535e-32,2.877182398468356e-19,pe_wt_v
892,pe_wt_v,0.9935110041798672,1.0,1.0,pe_wt_v
893,bel_bias_v,0.011531706801598778,4.935128827732374e-31,1.3384494342255936e-17,pe_wt_v
893,pe_wt_v,0.9884682931984012,1.0,1.0,pe_wt_v
894,bel_bias_v,0.009050775478865769,1.5242076923858654e-31,2.499144994287879e-19,pe_wt_v
894,pe_wt_v,0.9909492245211342,1.0,1.0,pe_wt_v
895,bel_bias_v,0.00698227589239481,5.251223384791934e-32,1.690997004458015e-19,pe_wt_v
895,pe_wt_v,0.9930177241076051,1.0,1.0,pe_wt_v
896,bel_bias_v,0.008210971854053156,1.000161462271669e-31,2.2407242916586872e-17,pe_wt_v
896,pe_wt_v,0.9917890281459468,1.0,1.0,pe_wt_v
897,bel_bias_v,0.008703771146501947,1.2828270589276862e-31,4.249482999835807e-20,pe_wt_v
897,pe_wt_v,0.991296228853498,1.0,1.0,pe_wt_v
898,bel_bias_v,0.006655191986179651,4.3946101135856084e-32,2.8116695533642733e-18,pe_wt_v
898,pe_wt_v,0.9933448080138204,1.0,1.0,pe_wt_v
899,bel_bias_v,0.006669523307678205,4.429321547294528e-32,1.6894316678386022e-19,pe_wt_v
899,pe_wt_v,0.9933304766923218,1.0,1.0,pe_wt_v
900,bel_bias_v,0.006440578753430335,3.903280989834171e-32,1.8053939657648753e-18,pe_wt_v
900,pe_wt_v,0.9935594212465696,1.0,1.0,pe_wt_v
901,bel_bias_v,0.007792507966180007,8.063499822602377e-32,1.66674406951045e-17,pe_wt_v
901,pe_wt_v,0.99220749203382,1.0,1.0,pe_wt_v
902,bel_bias_v,0.006142247442224564,3.302191619730514e-32,2.003542289989245e-19,pe_wt_v
902,pe_wt_v,0.9938577525577754,1.0,1.0,pe_wt_v
903,bel_bias_v,0.006574365741883681,4.203392024057788e-32,1.0009427059847908e-18,pe_wt_v
903,pe_wt_v,0.9934256342581164,1.0,1.0,pe_wt_v
904,bel_bias_v,0.006011464433693648,3.065885287617766e-32,3.9836090105146025e-21,pe_wt_v
904,pe_wt_v,0.9939885355663064,1.0,1.0,pe_wt_v
905,bel_bias_v,0.00844884459108068,1.1285383733417994e-31,7.144609817596638e-17,pe_wt_v
905,pe_wt_v,0.9915511554089194,1.0,1.0,pe_wt_v
906,bel_bias_v,0.023965532742781147,7.198652690834896e-29,1.6473847867628044e-15,pe_wt_v
906,pe_wt_v,0.9760344672572189,1.0,0.9999999999999983,pe_wt_v
907,bel_bias_v,0.029421490504369693,4.819477387135883e-28,2.1880008979600207e-14,pe_wt_v
907,pe_wt_v,0.9705785094956303,1.0,0.9999999999999781,pe_wt_v
908,bel_bias_v,0.007185098207200292,5.855580026901527e-32,2.8966020311422528e-18,pe_wt_v
908,pe_wt_v,0.9928149017927997,1.0,1.0,pe_wt_v
909,bel_bias_v,0.005935745186775889,2.9360765194262956e-32,4.187815064244853e-21,pe_wt_v
909,pe_wt_v,0.9940642548132241,1.0,1.0,pe_wt_v
910,bel_bias_v,0.006637666333491892,4.3524951576793316e-32,1.0935818351213188e-17,pe_wt_v
910,pe_wt_v,0.9933623336665081,1.0,1.0,pe_wt_v
911,bel_bias_v,0.006569583629132375,4.192316995563163e-32,2.2930952849492994e-19,pe_wt_v
911,pe_wt_v,0.9934304163708676,1.0,1.0,pe_wt_v
912,bel_bias_v,0.0061952725726227495,3.4025458300501807e-32,2.689594292365515e-18,pe_wt_v
912,pe_wt_v,0.9938047274273772,1.0,1.0,pe_wt_v
913,bel_bias_v,0.0071124205282861435,5.63212825232126e-32,1.9451827620932656e-18,pe_wt_v
913,pe_wt_v,0.9928875794717138,1.0,1.0,pe_wt_v
914,bel_bias_v,0.01781196682858802,7.047495543928391e-30,9.482080372980087e-19,pe_wt_v
914,pe_wt_v,0.982188033171412,1.0,1.0,pe_wt_v
915,bel_bias_v,0.0062586872873939495,3.5261403468990295e-32,1.0978759125586929e-18,pe_wt_v
915,pe_wt_v,0.993741312712606,1.0,1.0,pe_wt_v
916,bel_bias_v,0.006037435184729314,3.1115720061542596e-32,6.974414257234269e-20,pe_wt_v
916,pe_wt_v,0.9939625648152708,1.0,1.0,pe_wt_v
917,bel_bias_v,0.010540583147174445,3.120756541651328e-31,1.016663239506641e-19,pe_wt_v
917,pe_wt_v,0.9894594168528256,1.0,1.0,pe_wt_v
918,bel_bias_v,0.005823674408521491,2.7529221037868615e-32,3.6717788107023285e-22,pe_wt_v
918,pe_wt_v,0.9941763255914786,1.0,1.0,pe_wt_v
919,bel_bias_v,0.006276717408506709,3.562007108322959e-32,1.287753646243813e-19,pe_wt_v
919,pe_wt_v,0.9937232825914932,1.0,1.0,pe_wt_v
920,bel_bias_v,0.006175685813211188,3.365163111748804e-32,1.0619012197105791e-19,pe_wt_v
920,pe_wt_v,0.9938243141867888,1.0,1.0,pe_wt_v
921,bel_bias_v,0.014790651110954511,2.0524168132131564e-30,2.164521501850992e-17,pe_wt_v
921,pe_wt_v,0.9852093488890455,1.0,1.0,pe_wt_v
922,bel_bias_v,0.006216043755466228,3.4425946171456853e-32,6.53864679237989e-19,pe_wt_v
922,pe_wt_v,0.9937839562445338,1.0,1.0,pe_wt_v
923,bel_bias_v,0.0066740180207827664,4.440258851808063e-32,1.7413411996188152e-20,pe_wt_v
923,pe_wt_v,0.9933259819792172,1.0,1.0,pe_wt_v
924,bel_bias_v,0.02995067457189388,5.757878144662841e-28,2.669508230436793e-14,pe_wt_v
924,pe_wt_v,0.9700493254281061,1.0,0.9999999999999732,pe_wt_v
925,bel_bias_v,0.018487390003466518,9.198628327556695e-30,1.9117553259737018e-16,pe_wt_v
925,pe_wt_v,0.9815126099965334,1.0,0.9999999999999999,pe_wt_v
926,bel_bias_v,0.00732388183178657,6.304783657165505e-32,2.5000866543037395e-16,pe_wt_v
926,pe_wt_v,0.9926761181682134,1.0,0.9999999999999997,pe_wt_v
927,bel_bias_v,0.013628157742491466,1.2503384547389249e-30,2.3032839678248534e-17,pe_wt_v
927,pe_wt_v,0.9863718422575085,1.0,1.0,pe_wt_v
928,bel_bias_v,0.020857717846249277,2.2883284934751277e-29,5.12419267235393e-16,pe_wt_v
928,pe_wt_v,0.9791422821537507,1.0,0.9999999999999996,pe_wt_v
929,bel_bias_v,0.007382199592399709,6.502718638448353e-32,4.6172613482971457e-17,pe_wt_v
929,pe_wt_v,0.9926178004076003,1.0,0.9999999999999999,pe_wt_v
930,bel_bias_v,0.009312164668183616,1.7330498306346734e-31,1.5159130544068222e-18,pe_wt_v
930,pe_wt_v,0.9906878353318164,1.0,1.0,pe_wt_v
931,bel_bias_v,0.0058144352025241595,2.738286114004629e-32,1.7684077199001773e-22,pe_wt_v
931,pe_wt_v,0.9941855647974759,1.0,1.0,pe_wt_v
932,bel_bias_v,0.016983665026110723,5.061021781785473e-30,2.2452439172130473e-17,pe_wt_v
932,pe_wt_v,0.9830163349738893,1.0,1.0,pe_wt_v
933,bel_bias_v,0.018246123922688453,8.366719817933096e-30,2.07768942846134e-16,pe_wt_v
933,pe_wt_v,0.9817538760773116,1.0,0.9999999999999998,pe_wt_v
934,bel_bias_v,0.006236291051374453,3.4820388260815103e-32,4.256945928160168e-20,pe_wt_v
934,pe_wt_v,0.9937637089486255,1.0,1.0,pe_wt_v
935,bel_bias_v,0.006173985036441682,3.3619344595259456e-32,2.4948970373446458e-20,pe_wt_v
935,pe_wt_v,0.9938260149635584,1.0,1.0,pe_wt_v
936,bel_bias_v,0.006256279678047023,3.521375529437122e-32,9.809356856081163e-20,pe_wt_v
936,pe_wt_v,0.993743720321953,1.0,1.0,pe_wt_v
937,bel_bias_v,0.0062165152051105906,3.443508491406368e-32,1.7300929579012492e-19,pe_wt_v
937,pe_wt_v,0.9937834847948893,1.0,1.0,pe_wt_v
938,bel_bias_v,0.00592638337196547,2.9203721954844685e-32,1.6942600389307946e-20,pe_wt_v
938,pe_wt_v,0.9940736166280345,1.0,1.0,pe_wt_v
939,bel_bias_v,0.007768784374082173,7.964692333934548e-32,2.7574169924236095e-18,pe_wt_v
939,pe_wt_v,0.9922312156259179,1.0,1.0,pe_wt_v
940,bel_bias_v,0.007214448327058924,5.948077469106995e-32,3.00762726949583e-18,pe_wt_v
940,pe_wt_v,0.9927855516729411,1.0,1.0,pe_wt_v
941,bel_bias_v,0.0061076140679053245,3.2380820861016034e-32,1.608490005104056e-20,pe_wt_v
941,pe_wt_v,0.9938923859320947,1.0,1.0,pe_wt_v
942,bel_bias_v,0.010270828194235627,2.7481776767351443e-31,3.0407815327448202e-18,pe_wt_v
942,pe_wt_v,0.9897291718057645,1.0,1.0,pe_wt_v
943,bel_bias_v,0.008618601215903281,1.2292418047862787e-31,2.0277676024643836e-15,pe_wt_v
943,pe_wt_v,0.9913813987840968,1.0,0.9999999999999979,pe_wt_v
944,bel_bias_v,0.006081941466013103,3.1912797672742035e-32,5.67597011773469e-20,pe_wt_v
944,pe_wt_v,0.9939180585339868,1.0,1.0,pe_wt_v
945,bel_bias_v,0.008795783455550519,1.343132554537781e-31,2.970626684841698e-19,pe_wt_v
945,pe_wt_v,0.9912042165444496,1.0,1.0,pe_wt_v
946,bel_bias_v,0.005928328646445252,2.9236291992051636e-32,1.5221964321370766e-21,pe_wt_v
946,pe_wt_v,0.9940716713535548,1.0,1.0,pe_wt_v
947,bel_bias_v,0.011122903403285905,4.091705264046321e-31,5.1394704234516876e-17,pe_wt_v
947,pe_wt_v,0.9888770965967141,1.0,0.9999999999999999,pe_wt_v
948,bel_bias_v,0.006022206038625736,3.0847084279073054e-32,1.3269231866238038e-20,pe_wt_v
948,pe_wt_v,0.9939777939613742,1.0,1.0,pe_wt_v
949,bel_bias_v,0.009109164062709015,1.5687275306435844e-31,3.2550959180817135e-20,pe_wt_v
949,pe_wt_v,0.990890835937291,1.0,1.0,pe_wt_v
950,bel_bias_v,0.0103287408868168,2.824479562168322e-31,3.601160320945673e-18,pe_wt_v
950,pe_wt_v,0.9896712591131832,1.0,1.0,pe_wt_v
951,bel_bias_v,0.011088522287212745,4.027310109487956e-31,6.317557339452383e-19,pe_wt_v
951,pe_wt_v,0.9889114777127873,1.0,1.0,pe_wt_v
952,bel_bias_v,0.007160496315204107,5.779055110768702e-32,4.645053739924022e-17,pe_wt_v
952,pe_wt_v,0.9928395036847959,1.0,0.9999999999999999,pe_wt_v
953,bel_bias_v,0.013329483788129294,1.0984877901562085e-30,2.9034513466042434e-18,pe_wt_v
953,pe_wt_v,0.9866705162118707,1.0,1.0,pe_wt_v
954,bel_bias_v,0.0077052506163654754,7.70550321064696e-32,1.32633015738041e-18,pe_wt_v
954,pe_wt_v,0.9922947493836345,1.0,1.0,pe_wt_v
955,bel_bias_v,0.008965365487970419,1.4611860530810721e-31,1.291009562792645e-20,pe_wt_v
955,pe_wt_v,0.9910346345120296,1.0,1.0,pe_wt_v
956,bel_bias_v,0.006670894701644221,4.4326560797776527e-32,9.725036871478569e-19,pe_wt_v
956,pe_wt_v,0.9933291052983558,1.0,1.0,pe_wt_v
957,bel_bias_v,0.006892009132548648,5.000904569539307e-32,1.8809605045151037e-17,pe_wt_v
957,pe_wt_v,0.9931079908674514,1.0,1.0,pe_wt_v
958,bel_bias_v,0.005965242357436097,2.986050606411314e-32,2.987389833175039e-21,pe_wt_v
958,pe_wt_v,0.9940347576425639,1.0,1.0,pe_wt_v
959,bel_bias_v,0.016117698453696733,3.560405600371736e-30,2.7632427500448723e-16,pe_wt_v
959,pe_wt_v,0.9838823015463033,1.0,0.9999999999999997,pe_wt_v
960,bel_bias_v,0.012219938771550785,6.733693757834332e-31,2.800211243090378e-18,pe_wt_v
960,pe_wt_v,0.9877800612284492,1.0,1.0,pe_wt_v
961,bel_bias_v,0.024792631709262814,9.685376206354032e-29,1.496946201093892e-15,pe_wt_v
961,pe_wt_v,0.9752073682907372,1.0,0.9999999999999984,pe_wt_v
962,bel_bias_v,0.006144545268755188,3.306484955026109e-32,1.0249392454466415e-20,pe_wt_v
962,pe_wt_v,0.9938554547312448,1.0,1.0,pe_wt_v
963,bel_bias_v,0.005960986454657247,2.978793809407121e-32,8.676343105822705e-21,pe_wt_v
963,pe_wt_v,0.9940390135453427,1.0,1.0,pe_wt_v
964,bel_bias_v,0.010023985145415241,2.443996950180537e-31,2.766228649914704e-19,pe_wt_v
964,pe_wt_v,0.9899760148545848,1.0,1.0,pe_wt_v
965,bel_bias_v,0.01124478862486233,4.327849269051322e-31,6.569375030210386e-19,pe_wt_v
965,pe_wt_v,0.9887552113751377,1.0,1.0,pe_wt_v
966,bel_bias_v,0.009629862454588871,2.0225209803887443e-31,8.266875561317596e-15,pe_wt_v
966,pe_wt_v,0.9903701375454111,1.0,0.9999999999999917,pe_wt_v
967,bel_bias_v,0.008755324202999489,1.316300172601479e-31,4.8768337205263e-19,pe_wt_v
967,pe_wt_v,0.9912446757970005,1.0,1.0,pe_wt_v
968,bel_bias_v,0.013046803752615329,9.709616997369893e-31,8.397764341099701e-18,pe_wt_v
968,pe_wt_v,0.9869531962473846,1.0,1.0,pe_wt_v
969,bel_bias_v,0.005895954753830408,2.8698437179680413e-32,3.896367098556122e-21,pe_wt_v
969,pe_wt_v,0.9941040452461696,1.0,1.0,pe_wt_v
970,bel_bias_v,0.017364107399727727,5.8959647698158726e-30,3.3414112946637227e-16,pe_wt_v
970,pe_wt_v,0.9826358926002723,1.0,0.9999999999999997,pe_wt_v
971,bel_bias_v,0.014818003019349286,2.0761731032986674e-30,1.279500839108919e-16,pe_wt_v
971,pe_wt_v,0.9851819969806508,1.0,0.9999999999999999,pe_wt_v
972,bel_bias_v,0.006998959179758563,5.298710658416433e-32,1.1848545074738396e-18,pe_wt_v
972,pe_wt_v,0.9930010408202414,1.0,1.0,pe_wt_v
973,bel_bias_v,0.010018785929753226,2.437941150164515e-31,2.613402806177291e-18,pe_wt_v
973,pe_wt_v,0.9899812140702468,1.0,1.0,pe_wt_v
974,bel_bias_v,0.006539925870284488,4.1242163290808964e-32,7.644099775611453e-18,pe_wt_v
974,pe_wt_v,0.9934600741297155,1.0,1.0,pe_wt_v
975,bel_bias_v,0.014433996739079575,1.7653162947359757e-30,1.234671048372952e-16,pe_wt_v
975,pe_wt_v,0.9855660032609204,1.0,0.9999999999999999,pe_wt_v
976,bel_bias_v,0.011558386477287439,4.995485640913768e-31,4.3149023060923014e-18,pe_wt_v
976,pe_wt_v,0.9884416135227125,1.0,1.0,pe_wt_v
977,bel_bias_v,0.020069768488211206,1.69677109093627e-29,8.903764025938716e-16,pe_wt_v
977,pe_wt_v,0.9799302315117887,1.0,0.9999999999999991,pe_wt_v
978,bel_bias_v,0.006033350107498319,3.104345697566475e-32,6.0767220664041e-21,pe_wt_v
978,pe_wt_v,0.9939666498925016,1.0,1.0,pe_wt_v
979,bel_bias_v,0.007648499023923837,7.480523008436733e-32,4.865557806191138e-18,pe_wt_v
979,pe_wt_v,0.9923515009760763,1.0,1.0,pe_wt_v
980,bel_bias_v,0.007417873139161155,6.626568410670839e-32,1.1204037690108307e-17,pe_wt_v
980,pe_wt_v,0.9925821268608388,1.0,1.0,pe_wt_v
981,bel_bias_v,0.006058656250913094,3.1493531128673106e-32,8.538447560578285e-20,pe_wt_v
981,pe_wt_v,0.9939413437490868,1.0,1.0,pe_wt_v
982,bel_bias_v,0.0060206795591144,3.0820272222413196e-32,4.82694277300279e-22,pe_wt_v
982,pe_wt_v,0.9939793204408857,1.0,1.0,pe_wt_v
983,bel_bias_v,0.007332506265489909,6.333705943808259e-32,4.678465371291755e-19,pe_wt_v
983,pe_wt_v,0.9926674937345101,1.0,1.0,pe_wt_v
984,bel_bias_v,0.006867761598587512,4.935529449813477e-32,8.342103723097563e-18,pe_wt_v
984,pe_wt_v,0.9931322384014125,1.0,1.0,pe_wt_v
985,bel_bias_v,0.006279395735582832,3.567362809431089e-32,5.008390222586569e-19,pe_wt_v
985,pe_wt_v,0.9937206042644172,1.0,1.0,pe_wt_v
986,bel_bias_v,0.007094528343223799,5.578318262919035e-32,5.348898076534684e-18,pe_wt_v
986,pe_wt_v,0.9929054716567761,1.0,1.0,pe_wt_v
987,bel_bias_v,0.009123566360040383,1.579892364457548e-31,2.0438371622841175e-19,pe_wt_v
987,pe_wt_v,0.9908764336399596,1.0,1.0,pe_wt_v
988,bel_bias_v,0.006746475696501216,4.6199697727230685e-32,6.447314236119316e-19,pe_wt_v
988,pe_wt_v,0.9932535243034988,1.0,1.0,pe_wt_v
989,bel_bias_v,0.009470510888180479,1.872145168109623e-31,1.5211423724979024e-18,pe_wt_v
989,pe_wt_v,0.9905294891118195,1.0,1.0,pe_wt_v
990,bel_bias_v,0.006029124558402681,3.0968866562466784e-32,6.830394924645454e-21,pe_wt_v
990,pe_wt_v,0.9939708754415973,1.0,1.0,pe_wt_v
991,bel_bias_v,0.005998278045599856,3.042918088772714e-32,8.156352201505498e-20,pe_wt_v
991,pe_wt_v,0.9940017219544001,1.0,1.0,pe_wt_v
992,bel_bias_v,0.0065532325393411126,4.1546472139134513e-32,5.610860635795547e-20,pe_wt_v
992,pe_wt_v,0.9934467674606589,1.0,1.0,pe_wt_v
993,bel_bias_v,0.006280746561495035,3.570066716683137e-32,7.113222422680898e-20,pe_wt_v
993,pe_wt_v,0.993719253438505,1.0,1.0,pe_wt_v
994,bel_bias_v,0.006263397783923724,3.535479434613171e-32,8.360039779311774e-20,pe_wt_v
994,pe_wt_v,0.9937366022160762,1.0,1.0,pe_wt_v
995,bel_bias_v,0.010662088963192087,3.303535298436178e-31,7.207652583907517e-18,pe_wt_v
995,pe_wt_v,0.9893379110368079,1.0,1.0,pe_wt_v
996,bel_bias_v,0.006237593156977672,3.484589277612267e-32,7.064235096850346e-19,pe_wt_v
996,pe_wt_v,0.9937624068430223,1.0,1.0,pe_wt_v
997,bel_bias_v,0.009233161235854952,1.6672920601934983e-31,1.4822241664192469e-18,pe_wt_v
997,pe_wt_v,0.9907668387641451,1.0,1.0,pe_wt_v
998,bel_bias_v,0.006365315961384427,3.7430497606167394e-32,1.2801587719099301e-18,pe_wt_v
998,pe_wt_v,0.9936346840386157,1.0,1.0,pe_wt_v
999,bel_bias_v,0.006614534188972725,4.297464434640452e-32,2.543491170186438e-19,pe_wt_v
999,pe_wt_v,0.9933854658110273,1.0,1.0,pe_wt_v
