participant,stimulus,response,confidence,incentive_c,zcoh
exp1a_1,1,1,6,1.0,0.843383917424483
exp1a_1,0,0,6,1.0,0.843383917424483
exp1a_1,0,0,1,-1.0,0.2178428302469978
exp1a_1,1,1,5,0.0,0.2178428302469978
exp1a_1,0,0,6,-1.0,0.843383917424483
exp1a_1,1,0,4,0.0,-0.037429674856308215
exp1a_1,0,0,6,1.0,-0.25927842447266464
exp1a_1,1,0,6,1.0,-0.037429674856308215
exp1a_1,0,0,6,1.0,0.2178428302469978
exp1a_1,0,0,6,0.0,0.843383917424483
exp1a_1,1,0,6,0.0,-0.25927842447266464
exp1a_1,0,0,1,-1.0,-0.037429674856308215
exp1a_1,1,0,6,1.0,-0.25927842447266464
exp1a_1,1,1,6,1.0,0.2178428302469978
exp1a_1,1,1,6,0.0,0.843383917424483
exp1a_1,0,1,6,0.0,-0.037429674856308215
exp1a_1,1,1,6,-1.0,0.843383917424483
exp1a_1,0,0,6,1.0,-0.037429674856308215
exp1a_1,0,1,6,0.0,-0.7363996791923271
exp1a_1,0,1,2,-1.0,-0.7363996791923271
exp1a_1,1,0,5,0.0,-0.7363996791923271
exp1a_1,1,0,2,-1.0,-0.25927842447266464
exp1a_1,0,0,4,0.0,-0.25927842447266464
exp1a_1,1,0,5,1.0,-0.7363996791923271
exp1a_1,0,0,5,0.0,0.2178428302469978
exp1a_1,0,0,5,1.0,-0.7363996791923271
exp1a_1,0,0,2,-1.0,-0.25927842447266464
exp1a_1,1,1,2,-1.0,-0.037429674856308215
exp1a_1,1,1,1,-1.0,0.2178428302469978
exp1a_1,1,0,1,-1.0,-0.7363996791923271
exp1a_1,0,1,6,0.0,-0.7363996791923271
exp1a_1,1,0,6,1.0,-0.7363996791923271
exp1a_1,1,1,1,-1.0,-0.25927842447266464
exp1a_1,1,0,1,-1.0,0.2178428302469978
exp1a_1,0,0,6,0.0,0.2178428302469978
exp1a_1,1,1,6,1.0,0.843383917424483
exp1a_1,1,0,2,-1.0,-0.037429674856308215
exp1a_1,1,1,6,-1.0,0.843383917424483
exp1a_1,0,0,2,-1.0,-0.7363996791923271
exp1a_1,0,0,6,1.0,0.843383917424483
exp1a_1,0,0,6,0.0,0.843383917424483
exp1a_1,0,0,6,0.0,-0.037429674856308215
exp1a_1,1,1,6,1.0,0.2178428302469978
exp1a_1,0,0,5,-1.0,0.2178428302469978
exp1a_1,1,1,6,0.0,0.843383917424483
exp1a_1,0,0,5,1.0,-0.25927842447266464
exp1a_1,0,0,6,1.0,0.2178428302469978
exp1a_1,1,1,6,0.0,-0.25927842447266464
exp1a_1,1,0,6,1.0,-0.037429674856308215
exp1a_1,1,0,6,0.0,-0.7363996791923271
exp1a_1,0,0,6,-1.0,0.843383917424483
exp1a_1,0,0,6,1.0,-0.037429674856308215
exp1a_1,1,1,5,0.0,0.2178428302469978
exp1a_1,0,0,6,1.0,-0.7363996791923271
exp1a_1,1,1,1,-1.0,-0.7363996791923271
exp1a_1,0,0,1,-1.0,-0.25927842447266464
exp1a_1,1,0,5,1.0,-0.25927842447266464
exp1a_1,1,1,6,0.0,0.843383917424483
exp1a_1,0,0,6,1.0,0.843383917424483
exp1a_1,0,0,6,0.0,0.2178428302469978
exp1a_1,1,1,6,1.0,-0.7363996791923271
exp1a_1,1,0,6,0.0,-0.25927842447266464
exp1a_1,1,1,5,-1.0,-0.7363996791923271
exp1a_1,0,0,6,-1.0,0.2178428302469978
exp1a_1,1,0,6,0.0,-0.037429674856308215
exp1a_1,0,1,1,-1.0,-0.7363996791923271
exp1a_1,0,1,6,0.0,-0.25927842447266464
exp1a_1,1,0,5,1.0,-0.037429674856308215
exp1a_1,1,0,5,1.0,-0.25927842447266464
exp1a_1,0,0,2,-1.0,-0.25927842447266464
exp1a_1,1,0,5,-1.0,-0.25927842447266464
exp1a_1,1,0,5,0.0,-0.7363996791923271
exp1a_1,1,1,6,1.0,0.843383917424483
exp1a_1,0,0,6,0.0,0.843383917424483
exp1a_1,0,0,6,1.0,-0.037429674856308215
exp1a_1,0,0,6,1.0,-0.25927842447266464
exp1a_1,1,0,1,-1.0,-0.037429674856308215
exp1a_1,1,0,6,1.0,0.2178428302469978
exp1a_1,1,0,6,-1.0,0.2178428302469978
exp1a_1,0,0,5,1.0,-0.7363996791923271
exp1a_1,0,0,6,0.0,-0.7363996791923271
exp1a_1,0,0,6,1.0,0.2178428302469978
exp1a_1,1,1,6,-1.0,0.843383917424483
exp1a_1,0,0,6,-1.0,0.843383917424483
exp1a_1,0,0,6,-1.0,-0.037429674856308215
exp1a_1,1,1,6,0.0,0.2178428302469978
exp1a_1,0,0,6,0.0,-0.037429674856308215
exp1a_1,0,1,6,1.0,-0.25927842447266464
exp1a_1,0,0,1,-1.0,-0.7363996791923271
exp1a_1,1,1,6,0.0,0.2178428302469978
exp1a_1,1,0,6,1.0,-0.7363996791923271
exp1a_1,0,0,6,0.0,0.843383917424483
exp1a_1,1,1,6,1.0,-0.037429674856308215
exp1a_1,0,0,5,0.0,-0.037429674856308215
exp1a_1,1,1,6,1.0,0.2178428302469978
exp1a_1,0,0,6,1.0,0.2178428302469978
exp1a_1,1,0,6,0.0,-0.7363996791923271
exp1a_1,0,0,6,1.0,-0.7363996791923271
exp1a_1,1,1,1,-1.0,0.2178428302469978
exp1a_1,0,0,6,0.0,0.2178428302469978
exp1a_1,0,0,6,1.0,-0.037429674856308215
exp1a_1,1,0,2,-1.0,-0.25927842447266464
exp1a_1,1,1,6,1.0,0.843383917424483
exp1a_1,1,1,6,0.0,-0.25927842447266464
exp1a_1,0,0,6,0.0,-0.7363996791923271
exp1a_1,0,0,1,-1.0,-0.25927842447266464
exp1a_1,1,0,6,-1.0,-0.7363996791923271
exp1a_1,1,1,6,0.0,0.843383917424483
exp1a_1,1,1,6,0.0,-0.037429674856308215
exp1a_1,0,0,6,-1.0,0.843383917424483
exp1a_1,1,1,6,-1.0,0.843383917424483
exp1a_1,1,1,1,-1.0,-0.037429674856308215
exp1a_1,0,0,6,0.0,-0.25927842447266464
exp1a_1,1,0,6,1.0,-0.25927842447266464
exp1a_1,0,0,1,-1.0,-0.037429674856308215
exp1a_1,1,1,6,0.0,0.843383917424483
exp1a_1,0,1,6,1.0,-0.7363996791923271
exp1a_1,0,0,6,-1.0,-0.037429674856308215
exp1a_1,1,0,6,0.0,0.2178428302469978
exp1a_1,1,0,6,1.0,0.2178428302469978
exp1a_1,1,1,6,-1.0,0.2178428302469978
exp1a_1,1,0,2,0.0,-0.25927842447266464
exp1a_1,0,0,6,0.0,-0.037429674856308215
exp1a_1,0,0,6,0.0,-0.25927842447266464
exp1a_1,0,0,6,1.0,0.2178428302469978
exp1a_1,0,0,6,1.0,-0.25927842447266464
exp1a_1,1,0,2,-1.0,-0.037429674856308215
exp1a_1,0,0,2,-1.0,-0.7363996791923271
exp1a_1,0,0,6,1.0,0.843383917424483
exp1a_1,1,1,6,1.0,0.843383917424483
exp1a_1,1,0,6,1.0,-0.037429674856308215
exp1a_1,1,0,6,0.0,-0.037429674856308215
exp1a_1,1,1,6,-1.0,0.843383917424483
exp1a_1,0,0,6,-1.0,-0.25927842447266464
exp1a_1,0,0,6,0.0,0.843383917424483
exp1a_1,1,0,6,0.0,-0.7363996791923271
exp1a_1,0,0,6,-1.0,0.843383917424483
exp1a_1,1,0,6,-1.0,-0.7363996791923271
exp1a_1,0,0,6,0.0,0.2178428302469978
exp1a_1,1,0,6,1.0,-0.7363996791923271
exp1a_1,1,0,6,1.0,-0.25927842447266464
exp1a_1,0,0,6,1.0,-0.037429674856308215
exp1a_1,1,0,1,-1.0,-0.7363996791923271
exp1a_1,1,0,1,-1.0,-0.037429674856308215
exp1a_1,1,1,6,1.0,-0.7363996791923271
exp1a_1,1,0,6,0.0,0.2178428302469978
exp1a_1,1,1,6,0.0,-0.037429674856308215
exp1a_1,0,0,6,1.0,0.843383917424483
exp1a_1,0,0,1,-1.0,-0.25927842447266464
exp1a_1,1,1,6,0.0,-0.7363996791923271
exp1a_1,1,1,2,-1.0,0.2178428302469978
exp1a_1,0,0,6,1.0,-0.037429674856308215
exp1a_1,1,1,6,0.0,0.843383917424483
exp1a_1,0,0,6,0.0,-0.037429674856308215
exp1a_1,0,0,1,0.0,-0.25927842447266464
exp1a_1,0,0,6,0.0,0.2178428302469978
exp1a_1,0,0,5,-1.0,-0.037429674856308215
exp1a_1,0,0,6,1.0,0.2178428302469978
exp1a_1,1,1,6,1.0,0.2178428302469978
exp1a_1,1,1,6,1.0,-0.25927842447266464
exp1a_1,1,1,6,-1.0,0.843383917424483
exp1a_1,0,0,6,0.0,0.843383917424483
exp1a_1,1,0,6,1.0,-0.037429674856308215
exp1a_1,1,1,2,-1.0,-0.25927842447266464
exp1a_1,0,0,6,0.0,-0.7363996791923271
exp1a_1,0,0,6,-1.0,0.843383917424483
exp1a_1,1,1,6,1.0,0.843383917424483
exp1a_1,0,0,2,-1.0,-0.7363996791923271
exp1a_1,1,0,6,0.0,-0.25927842447266464
exp1a_1,0,0,2,1.0,-0.25927842447266464
exp1a_1,1,0,2,-1.0,-0.25927842447266464
exp1a_1,0,0,6,1.0,0.843383917424483
exp1a_1,0,0,6,0.0,-0.037429674856308215
exp1a_1,0,0,6,-1.0,-0.037429674856308215
exp1a_1,1,1,2,-1.0,-0.037429674856308215
exp1a_1,1,1,6,0.0,-0.7363996791923271
exp1a_1,1,1,6,-1.0,-0.7363996791923271
exp1a_1,0,1,6,-1.0,-0.25927842447266464
exp1a_1,0,0,6,0.0,-0.7363996791923271
exp1a_1,1,1,6,0.0,-0.037429674856308215
exp1a_1,0,0,6,-1.0,0.843383917424483
exp1a_1,0,0,6,-1.0,-0.7363996791923271
exp1a_1,0,0,6,1.0,0.2178428302469978
exp1a_1,1,1,6,0.0,0.843383917424483
exp1a_1,0,0,6,-1.0,0.2178428302469978
exp1a_1,0,0,6,0.0,0.2178428302469978
exp1a_1,1,1,6,1.0,0.2178428302469978
exp1a_1,1,0,3,1.0,-0.7363996791923271
exp1a_1,0,0,6,0.0,-0.25927842447266464
exp1a_1,1,1,6,1.0,0.843383917424483
exp1a_1,1,0,4,0.0,0.2178428302469978
exp1a_1,0,0,6,1.0,-0.7363996791923271
exp1a_1,1,1,6,-1.0,0.843383917424483
exp1a_1,1,1,6,1.0,-0.25927842447266464
exp1a_1,0,0,6,1.0,-0.037429674856308215
exp1a_1,0,0,6,0.0,0.843383917424483
exp1a_1,0,0,6,1.0,-0.25927842447266464
exp1a_1,1,1,6,0.0,-0.25927842447266464
exp1a_1,1,0,6,1.0,-0.037429674856308215
exp1a_1,1,1,4,-1.0,0.2178428302469978
exp1a_1,0,0,6,0.0,0.2178428302469978
exp1a_1,1,1,6,-1.0,0.2178428302469978
exp1a_1,1,0,6,0.0,0.2178428302469978
exp1a_1,0,0,3,-1.0,0.2178428302469978
exp1a_1,1,1,6,1.0,-0.25927842447266464
exp1a_1,1,0,6,1.0,-0.7363996791923271
exp1a_1,0,0,6,1.0,0.843383917424483
exp1a_1,1,1,6,-1.0,0.843383917424483
exp1a_1,0,0,6,-1.0,-0.25927842447266464
exp1a_1,0,0,6,1.0,-0.7363996791923271
exp1a_1,1,1,6,0.0,-0.25927842447266464
exp1a_1,0,0,6,-1.0,-0.7363996791923271
exp1a_1,1,1,6,1.0,-0.037429674856308215
exp1a_1,0,0,6,1.0,0.2178428302469978
exp1a_1,0,0,6,0.0,-0.037429674856308215
exp1a_1,1,1,6,1.0,0.2178428302469978
exp1a_1,1,1,6,1.0,0.843383917424483
exp1a_1,0,0,6,0.0,-0.7363996791923271
exp1a_1,1,1,6,0.0,0.843383917424483
exp1a_1,1,1,6,0.0,-0.037429674856308215
exp1a_1,0,0,6,-1.0,0.843383917424483
exp1a_1,1,1,6,-1.0,-0.7363996791923271
exp1a_1,1,1,6,-1.0,-0.25927842447266464
exp1a_1,1,1,6,-1.0,-0.037429674856308215
exp1a_2,0,0,6,1.0,-0.037429674856308215
exp1a_2,0,0,6,-1.0,0.2178428302469978
exp1a_2,0,0,6,-1.0,-0.25927842447266464
exp1a_2,1,1,6,-1.0,-0.037429674856308215
exp1a_2,0,0,6,-1.0,0.843383917424483
exp1a_2,1,1,6,1.0,-0.037429674856308215
exp1a_2,0,0,4,1.0,0.2178428302469978
exp1a_2,1,1,6,-1.0,0.843383917424483
exp1a_2,0,0,6,1.0,-0.7363996791923271
exp1a_2,1,0,6,1.0,-0.25927842447266464
exp1a_2,0,0,6,1.0,0.843383917424483
exp1a_2,1,1,6,1.0,0.843383917424483
exp1a_2,0,0,6,0.0,0.2178428302469978
exp1a_2,0,1,4,-1.0,-0.7363996791923271
exp1a_2,1,1,6,-1.0,0.2178428302469978
exp1a_2,0,1,4,0.0,-0.7363996791923271
exp1a_2,0,0,6,1.0,-0.25927842447266464
exp1a_2,0,0,6,-1.0,-0.037429674856308215
exp1a_2,1,1,5,-1.0,-0.25927842447266464
exp1a_2,0,0,6,0.0,0.843383917424483
exp1a_2,1,1,6,1.0,-0.7363996791923271
exp1a_2,1,1,6,-1.0,-0.7363996791923271
exp1a_2,0,0,6,0.0,-0.25927842447266464
exp1a_2,1,1,6,0.0,-0.037429674856308215
exp1a_2,1,1,6,0.0,0.2178428302469978
exp1a_2,0,0,6,0.0,-0.037429674856308215
exp1a_2,1,1,6,0.0,0.843383917424483
exp1a_2,1,1,6,1.0,0.2178428302469978
exp1a_2,1,0,6,0.0,-0.7363996791923271
exp1a_2,1,1,6,0.0,-0.25927842447266464
exp1a_2,0,0,6,1.0,-0.7363996791923271
exp1a_2,0,0,6,-1.0,0.2178428302469978
exp1a_2,0,0,6,1.0,0.2178428302469978
exp1a_2,0,0,6,1.0,0.843383917424483
exp1a_2,1,1,6,0.0,-0.037429674856308215
exp1a_2,1,1,6,-1.0,0.2178428302469978
exp1a_2,0,0,6,0.0,-0.25927842447266464
exp1a_2,0,0,6,0.0,-0.037429674856308215
exp1a_2,1,1,6,1.0,-0.7363996791923271
exp1a_2,1,1,6,-1.0,-0.037429674856308215
exp1a_2,1,1,6,0.0,-0.25927842447266464
exp1a_2,0,0,6,0.0,-0.7363996791923271
exp1a_2,1,1,6,-1.0,-0.25927842447266464
exp1a_2,0,0,6,1.0,-0.037429674856308215
exp1a_2,1,1,6,0.0,0.843383917424483
exp1a_2,0,0,6,-1.0,0.843383917424483
exp1a_2,0,0,6,0.0,0.2178428302469978
exp1a_2,0,1,4,-1.0,-0.25927842447266464
exp1a_2,1,1,5,0.0,-0.7363996791923271
exp1a_2,0,0,6,1.0,-0.25927842447266464
exp1a_2,0,0,6,-1.0,-0.7363996791923271
exp1a_2,1,1,6,-1.0,0.843383917424483
exp1a_2,1,1,6,1.0,-0.037429674856308215
exp1a_2,0,0,6,-1.0,-0.037429674856308215
exp1a_2,1,1,6,-1.0,-0.7363996791923271
exp1a_2,1,1,6,1.0,0.2178428302469978
exp1a_2,1,1,6,0.0,0.2178428302469978
exp1a_2,1,1,6,1.0,-0.25927842447266464
exp1a_2,0,0,6,0.0,0.843383917424483
exp1a_2,0,0,6,-1.0,-0.25927842447266464
exp1a_2,0,0,6,0.0,0.843383917424483
exp1a_2,1,1,6,-1.0,-0.7363996791923271
exp1a_2,1,1,6,-1.0,0.843383917424483
exp1a_2,1,1,6,0.0,-0.7363996791923271
exp1a_2,0,0,6,0.0,-0.25927842447266464
exp1a_2,1,1,6,0.0,0.843383917424483
exp1a_2,1,1,6,0.0,0.2178428302469978
exp1a_2,0,0,6,1.0,-0.037429674856308215
exp1a_2,1,1,6,0.0,-0.037429674856308215
exp1a_2,0,1,5,1.0,-0.7363996791923271
exp1a_2,1,1,6,-1.0,-0.25927842447266464
exp1a_2,1,1,6,1.0,0.2178428302469978
exp1a_2,1,0,6,1.0,-0.7363996791923271
exp1a_2,0,0,6,1.0,0.843383917424483
exp1a_2,1,0,6,0.0,-0.25927842447266464
exp1a_2,0,0,6,-1.0,0.843383917424483
exp1a_2,0,0,6,-1.0,-0.037429674856308215
exp1a_2,1,1,6,1.0,0.843383917424483
exp1a_2,0,0,6,0.0,-0.037429674856308215
exp1a_2,1,1,6,1.0,-0.037429674856308215
exp1a_2,0,0,6,-1.0,0.2178428302469978
exp1a_2,1,0,6,1.0,-0.25927842447266464
exp1a_2,0,0,6,-1.0,-0.7363996791923271
exp1a_2,1,1,5,-1.0,-0.037429674856308215
exp1a_2,0,1,5,1.0,-0.25927842447266464
exp1a_2,0,0,6,0.0,0.2178428302469978
exp1a_2,0,1,6,0.0,-0.7363996791923271
exp1a_2,0,0,6,1.0,0.2178428302469978
exp1a_2,1,1,6,-1.0,0.2178428302469978
exp1a_2,0,0,6,-1.0,0.2178428302469978
exp1a_2,0,0,6,1.0,0.843383917424483
exp1a_2,1,1,6,0.0,0.843383917424483
exp1a_2,0,0,6,1.0,-0.25927842447266464
exp1a_2,0,0,6,0.0,0.843383917424483
exp1a_2,1,0,4,-1.0,-0.037429674856308215
exp1a_2,1,1,4,-1.0,-0.7363996791923271
exp1a_2,0,0,6,1.0,-0.037429674856308215
exp1a_2,1,1,6,0.0,-0.037429674856308215
exp1a_2,0,0,6,-1.0,-0.037429674856308215
exp1a_2,0,0,6,0.0,-0.037429674856308215
exp1a_2,1,1,5,1.0,-0.7363996791923271
exp1a_2,1,1,6,-1.0,-0.25927842447266464
exp1a_2,1,0,6,0.0,-0.7363996791923271
exp1a_2,1,1,6,0.0,-0.25927842447266464
exp1a_2,1,1,6,1.0,-0.25927842447266464
exp1a_2,1,1,6,1.0,0.2178428302469978
exp1a_2,0,0,6,0.0,-0.7363996791923271
exp1a_2,1,1,6,1.0,-0.037429674856308215
exp1a_2,0,0,6,0.0,-0.25927842447266464
exp1a_2,0,0,4,-1.0,-0.25927842447266464
exp1a_2,0,0,5,-1.0,-0.7363996791923271
exp1a_2,0,0,6,0.0,0.2178428302469978
exp1a_2,0,0,6,1.0,0.2178428302469978
exp1a_2,1,1,6,0.0,0.2178428302469978
exp1a_2,0,0,6,-1.0,0.843383917424483
exp1a_2,1,1,6,1.0,0.843383917424483
exp1a_2,1,1,6,-1.0,0.843383917424483
exp1a_2,1,1,6,-1.0,0.2178428302469978
exp1a_2,0,0,5,1.0,-0.7363996791923271
exp1a_2,0,0,6,0.0,0.2178428302469978
exp1a_2,1,1,6,1.0,0.2178428302469978
exp1a_2,0,0,6,-1.0,0.2178428302469978
exp1a_2,0,0,6,-1.0,-0.037429674856308215
exp1a_2,0,0,6,0.0,-0.037429674856308215
exp1a_2,1,1,6,0.0,0.2178428302469978
exp1a_2,0,0,6,1.0,-0.7363996791923271
exp1a_2,1,1,6,0.0,0.843383917424483
exp1a_2,1,1,6,-1.0,0.843383917424483
exp1a_2,1,1,6,0.0,-0.25927842447266464
exp1a_2,0,0,4,1.0,0.2178428302469978
exp1a_2,0,0,6,-1.0,0.843383917424483
exp1a_2,1,1,6,0.0,-0.7363996791923271
exp1a_2,0,0,6,1.0,0.843383917424483
exp1a_2,0,0,6,-1.0,-0.25927842447266464
exp1a_2,1,1,6,0.0,-0.037429674856308215
exp1a_2,1,1,6,-1.0,0.2178428302469978
exp1a_2,1,1,6,1.0,-0.037429674856308215
exp1a_2,1,1,6,-1.0,-0.7363996791923271
exp1a_2,1,1,6,-1.0,-0.037429674856308215
exp1a_2,0,0,4,-1.0,-0.7363996791923271
exp1a_2,0,1,4,0.0,-0.25927842447266464
exp1a_2,1,0,4,1.0,-0.7363996791923271
exp1a_2,1,1,6,1.0,0.843383917424483
exp1a_2,1,1,6,1.0,-0.25927842447266464
exp1a_2,0,0,6,0.0,-0.7363996791923271
exp1a_2,1,0,5,-1.0,-0.25927842447266464
exp1a_2,0,1,6,1.0,-0.25927842447266464
exp1a_2,0,0,6,0.0,0.843383917424483
exp1a_2,0,0,6,1.0,-0.037429674856308215
exp1a_2,0,0,6,1.0,-0.25927842447266464
exp1a_2,1,1,6,0.0,0.843383917424483
exp1a_2,0,0,5,-1.0,-0.7363996791923271
exp1a_2,0,0,5,-1.0,-0.037429674856308215
exp1a_2,1,1,5,1.0,0.2178428302469978
exp1a_2,1,1,5,0.0,-0.037429674856308215
exp1a_2,0,0,5,1.0,0.2178428302469978
exp1a_2,1,1,5,1.0,0.843383917424483
exp1a_2,0,0,5,0.0,-0.7363996791923271
exp1a_2,1,1,5,-1.0,0.2178428302469978
exp1a_2,0,0,5,1.0,0.843383917424483
exp1a_2,1,1,5,1.0,-0.037429674856308215
exp1a_2,0,0,5,0.0,-0.037429674856308215
exp1a_2,1,1,5,1.0,-0.25927842447266464
exp1a_2,1,1,5,1.0,-0.7363996791923271
exp1a_2,1,1,5,0.0,-0.7363996791923271
exp1a_2,0,1,5,1.0,-0.7363996791923271
exp1a_2,0,0,5,1.0,-0.037429674856308215
exp1a_2,1,1,5,0.0,0.2178428302469978
exp1a_2,0,0,6,-1.0,0.843383917424483
exp1a_2,0,0,5,-1.0,0.2178428302469978
exp1a_2,1,1,6,-1.0,0.843383917424483
exp1a_2,0,0,6,-1.0,-0.25927842447266464
exp1a_2,1,1,6,-1.0,-0.037429674856308215
exp1a_2,1,0,5,-1.0,-0.7363996791923271
exp1a_2,1,1,5,0.0,-0.25927842447266464
exp1a_2,0,0,6,0.0,0.2178428302469978
exp1a_2,0,0,6,0.0,0.843383917424483
exp1a_2,1,1,4,-1.0,-0.25927842447266464
exp1a_2,0,0,6,0.0,-0.25927842447266464
exp1a_2,1,1,6,-1.0,-0.037429674856308215
exp1a_2,0,0,5,-1.0,-0.25927842447266464
exp1a_2,0,0,6,-1.0,-0.037429674856308215
exp1a_2,0,0,6,0.0,-0.037429674856308215
exp1a_2,0,0,6,-1.0,0.2178428302469978
exp1a_2,1,1,6,0.0,0.843383917424483
exp1a_2,0,0,5,-1.0,-0.7363996791923271
exp1a_2,1,1,6,1.0,0.2178428302469978
exp1a_2,0,0,6,0.0,0.2178428302469978
exp1a_2,0,0,6,1.0,-0.037429674856308215
exp1a_2,0,0,6,1.0,-0.25927842447266464
exp1a_2,1,1,5,1.0,-0.25927842447266464
exp1a_2,0,0,6,1.0,0.843383917424483
exp1a_2,0,0,6,0.0,0.843383917424483
exp1a_2,1,1,6,-1.0,0.843383917424483
exp1a_2,0,0,6,0.0,-0.7363996791923271
exp1a_2,0,0,6,-1.0,0.843383917424483
exp1a_2,0,0,6,1.0,0.2178428302469978
exp1a_2,1,1,6,-1.0,0.2178428302469978
exp1a_2,1,1,5,-1.0,-0.7363996791923271
exp1a_2,1,1,6,0.0,-0.037429674856308215
exp1a_2,1,1,6,0.0,0.2178428302469978
exp1a_2,1,0,5,1.0,-0.7363996791923271
exp1a_2,0,0,5,0.0,-0.25927842447266464
exp1a_2,0,1,5,1.0,-0.7363996791923271
exp1a_2,1,1,5,0.0,-0.7363996791923271
exp1a_2,1,1,6,1.0,0.843383917424483
exp1a_2,1,1,6,-1.0,-0.25927842447266464
exp1a_2,1,1,5,1.0,-0.037429674856308215
exp1a_2,1,1,5,0.0,-0.25927842447266464
exp1a_2,0,0,6,0.0,-0.7363996791923271
exp1a_2,0,1,5,0.0,-0.25927842447266464
exp1a_2,1,1,6,-1.0,0.2178428302469978
exp1a_2,0,0,5,1.0,-0.25927842447266464
exp1a_2,1,1,5,-1.0,-0.7363996791923271
exp1a_2,1,1,5,0.0,-0.25927842447266464
exp1a_2,0,0,6,1.0,0.843383917424483
exp1a_2,0,0,6,-1.0,-0.25927842447266464
exp1a_2,1,0,4,0.0,-0.7363996791923271
exp1a_2,0,0,5,-1.0,-0.7363996791923271
exp1a_2,1,1,6,-1.0,0.843383917424483
exp1a_2,0,0,6,-1.0,0.843383917424483
exp1a_2,0,0,6,1.0,0.2178428302469978
exp1a_2,0,0,5,1.0,-0.7363996791923271
exp1a_2,1,1,6,1.0,0.2178428302469978
exp1a_2,0,0,5,-1.0,0.2178428302469978
exp1a_2,0,0,6,0.0,0.843383917424483
exp1a_2,0,0,6,-1.0,-0.037429674856308215
exp1a_2,1,1,6,1.0,0.843383917424483
exp1a_2,0,0,5,0.0,-0.037429674856308215
exp1a_2,1,1,6,0.0,0.843383917424483
exp1a_2,1,1,5,0.0,-0.037429674856308215
exp1a_2,1,1,5,-1.0,-0.25927842447266464
exp1a_2,1,1,5,0.0,0.2178428302469978
exp1a_2,1,1,5,1.0,-0.7363996791923271
exp1a_2,0,0,5,1.0,-0.037429674856308215
exp1a_2,1,1,5,-1.0,-0.037429674856308215
exp1a_2,1,0,2,1.0,-0.037429674856308215
exp1a_2,0,0,5,0.0,0.2178428302469978
exp1a_2,1,1,5,1.0,-0.25927842447266464
exp1a_8,1,1,5,0.0,-0.037429674856308215
exp1a_8,0,1,5,0.0,-0.037429674856308215
exp1a_8,1,0,5,1.0,-0.037429674856308215
exp1a_8,0,0,5,1.0,-0.037429674856308215
exp1a_8,1,0,3,0.0,0.2178428302469978
exp1a_8,1,1,3,-1.0,-0.037429674856308215
exp1a_8,0,1,4,0.0,0.2178428302469978
exp1a_8,1,1,5,1.0,0.2178428302469978
exp1a_8,0,0,4,-1.0,-0.037429674856308215
exp1a_8,0,0,5,1.0,0.843383917424483
exp1a_8,1,1,4,-1.0,0.2178428302469978
exp1a_8,1,0,5,0.0,-0.7363996791923271
exp1a_8,0,0,5,-1.0,-0.7363996791923271
exp1a_8,1,1,4,-1.0,0.843383917424483
exp1a_8,0,0,5,1.0,-0.7363996791923271
exp1a_8,0,1,4,0.0,-0.7363996791923271
exp1a_8,0,0,4,0.0,-0.25927842447266464
exp1a_8,0,0,4,0.0,0.843383917424483
exp1a_8,1,0,4,-1.0,-0.25927842447266464
exp1a_8,1,1,4,1.0,-0.25927842447266464
exp1a_8,1,1,4,1.0,0.843383917424483
exp1a_8,0,0,5,-1.0,0.843383917424483
exp1a_8,0,1,5,-1.0,-0.25927842447266464
exp1a_8,1,0,5,1.0,-0.7363996791923271
exp1a_8,0,0,5,1.0,0.2178428302469978
exp1a_8,1,1,5,-1.0,-0.7363996791923271
exp1a_8,0,0,5,1.0,-0.25927842447266464
exp1a_8,0,0,5,-1.0,0.2178428302469978
exp1a_8,1,1,5,0.0,0.843383917424483
exp1a_8,0,1,5,0.0,-0.7363996791923271
exp1a_8,0,0,5,-1.0,-0.25927842447266464
exp1a_8,1,1,5,0.0,0.2178428302469978
exp1a_8,1,0,5,0.0,-0.7363996791923271
exp1a_8,0,0,5,-1.0,0.2178428302469978
exp1a_8,0,1,5,1.0,0.2178428302469978
exp1a_8,0,0,5,-1.0,-0.037429674856308215
exp1a_8,0,0,5,0.0,0.843383917424483
exp1a_8,1,1,5,-1.0,-0.25927842447266464
exp1a_8,1,1,5,0.0,-0.25927842447266464
exp1a_8,0,0,5,1.0,0.843383917424483
exp1a_8,0,0,5,-1.0,0.843383917424483
exp1a_8,0,1,5,-1.0,-0.7363996791923271
exp1a_8,1,0,5,1.0,-0.7363996791923271
exp1a_8,1,0,5,-1.0,-0.7363996791923271
exp1a_8,0,0,5,0.0,0.2178428302469978
exp1a_8,1,1,5,0.0,0.843383917424483
exp1a_8,0,0,5,1.0,-0.037429674856308215
exp1a_8,1,1,5,-1.0,0.843383917424483
exp1a_8,1,0,5,-1.0,-0.037429674856308215
exp1a_8,1,1,5,1.0,0.2178428302469978
exp1a_8,1,1,5,1.0,0.843383917424483
exp1a_8,1,0,5,1.0,-0.037429674856308215
exp1a_8,0,0,5,1.0,-0.7363996791923271
exp1a_8,1,1,5,1.0,-0.25927842447266464
exp1a_8,0,0,5,0.0,-0.037429674856308215
exp1a_8,1,1,5,-1.0,0.2178428302469978
exp1a_8,0,0,5,0.0,-0.25927842447266464
exp1a_8,1,1,5,-1.0,-0.037429674856308215
exp1a_8,0,1,5,-1.0,-0.037429674856308215
exp1a_8,1,1,5,0.0,-0.037429674856308215
exp1a_8,0,1,5,-1.0,0.2178428302469978
exp1a_8,0,0,5,0.0,-0.25927842447266464
exp1a_8,0,1,5,0.0,-0.7363996791923271
exp1a_8,0,0,5,-1.0,-0.7363996791923271
exp1a_8,0,0,5,-1.0,0.843383917424483
exp1a_8,1,1,5,1.0,-0.7363996791923271
exp1a_8,0,1,5,1.0,-0.25927842447266464
exp1a_8,0,1,5,0.0,0.2178428302469978
exp1a_8,1,1,5,1.0,-0.25927842447266464
exp1a_8,1,1,5,-1.0,0.843383917424483
exp1a_8,0,0,5,0.0,-0.037429674856308215
exp1a_8,0,1,5,-1.0,-0.25927842447266464
exp1a_8,0,1,5,0.0,0.843383917424483
exp1a_8,0,1,5,1.0,-0.037429674856308215
exp1a_8,1,1,5,-1.0,-0.7363996791923271
exp1a_8,1,0,5,0.0,0.843383917424483
exp1a_8,1,0,5,1.0,0.2178428302469978
exp1a_8,1,1,5,0.0,-0.25927842447266464
exp1a_8,1,1,5,0.0,-0.7363996791923271
exp1a_8,1,0,5,-1.0,0.2178428302469978
exp1a_8,1,1,5,-1.0,-0.25927842447266464
exp1a_8,1,1,5,0.0,0.2178428302469978
exp1a_8,0,1,5,1.0,0.843383917424483
exp1a_8,0,1,5,1.0,-0.7363996791923271
exp1a_8,1,0,5,1.0,0.843383917424483
exp1a_8,1,0,5,1.0,-0.037429674856308215
exp1a_8,1,0,5,0.0,-0.037429674856308215
exp1a_8,0,0,5,1.0,0.2178428302469978
exp1a_8,0,0,5,0.0,-0.7363996791923271
exp1a_8,1,1,5,1.0,-0.25927842447266464
exp1a_8,0,1,5,-1.0,-0.037429674856308215
exp1a_8,1,0,5,0.0,-0.25927842447266464
exp1a_8,1,1,5,-1.0,0.843383917424483
exp1a_8,1,1,5,-1.0,-0.7363996791923271
exp1a_8,0,1,5,-1.0,-0.7363996791923271
exp1a_8,1,1,5,-1.0,-0.037429674856308215
exp1a_8,0,1,5,-1.0,0.843383917424483
exp1a_8,1,1,5,1.0,-0.037429674856308215
exp1a_8,1,1,5,0.0,-0.7363996791923271
exp1a_8,1,0,5,0.0,0.843383917424483
exp1a_8,1,0,5,1.0,0.2178428302469978
exp1a_8,0,0,5,1.0,-0.25927842447266464
exp1a_8,0,1,5,0.0,0.843383917424483
exp1a_8,0,1,5,0.0,0.2178428302469978
exp1a_8,0,0,5,1.0,-0.7363996791923271
exp1a_8,0,0,5,-1.0,0.2178428302469978
exp1a_8,0,1,4,0.0,-0.037429674856308215
exp1a_8,1,1,4,-1.0,0.2178428302469978
exp1a_8,0,1,4,1.0,-0.037429674856308215
exp1a_8,1,0,4,0.0,0.2178428302469978
exp1a_8,0,0,4,-1.0,-0.25927842447266464
exp1a_8,1,0,4,-1.0,-0.25927842447266464
exp1a_8,0,1,5,-1.0,-0.25927842447266464
exp1a_8,0,0,5,0.0,-0.037429674856308215
exp1a_8,0,1,5,1.0,0.843383917424483
exp1a_8,1,1,5,-1.0,-0.037429674856308215
exp1a_8,1,0,4,0.0,-0.037429674856308215
exp1a_8,1,1,5,1.0,-0.037429674856308215
exp1a_8,0,0,5,-1.0,0.2178428302469978
exp1a_8,0,1,5,0.0,-0.7363996791923271
exp1a_8,1,0,4,0.0,0.843383917424483
exp1a_8,0,1,4,-1.0,-0.7363996791923271
exp1a_8,1,1,4,0.0,-0.7363996791923271
exp1a_8,1,0,4,1.0,-0.7363996791923271
exp1a_8,1,0,4,1.0,0.843383917424483
exp1a_8,0,1,4,1.0,-0.25927842447266464
exp1a_8,0,1,4,0.0,0.843383917424483
exp1a_8,1,0,4,1.0,-0.25927842447266464
exp1a_8,0,0,4,1.0,-0.7363996791923271
exp1a_8,1,1,4,1.0,0.2178428302469978
exp1a_8,0,1,4,0.0,0.2178428302469978
exp1a_8,0,0,5,1.0,-0.037429674856308215
exp1a_8,0,1,5,-1.0,-0.037429674856308215
exp1a_8,0,1,5,-1.0,0.843383917424483
exp1a_8,0,0,4,0.0,-0.25927842447266464
exp1a_8,1,1,4,0.0,0.2178428302469978
exp1a_8,1,1,2,0.0,-0.25927842447266464
exp1a_8,0,0,5,1.0,0.2178428302469978
exp1a_8,1,0,5,-1.0,-0.7363996791923271
exp1a_8,1,0,5,-1.0,0.843383917424483
exp1a_8,1,1,4,-1.0,0.2178428302469978
exp1a_8,0,1,4,1.0,-0.7363996791923271
exp1a_8,1,1,5,-1.0,-0.25927842447266464
exp1a_8,1,0,5,1.0,-0.25927842447266464
exp1a_8,1,0,3,0.0,-0.7363996791923271
exp1a_8,0,0,4,-1.0,0.2178428302469978
exp1a_8,0,0,4,1.0,0.843383917424483
exp1a_8,1,1,4,1.0,-0.037429674856308215
exp1a_8,0,1,4,0.0,0.2178428302469978
exp1a_8,1,1,4,1.0,-0.7363996791923271
exp1a_8,0,0,3,-1.0,-0.037429674856308215
exp1a_8,1,1,4,1.0,0.843383917424483
exp1a_8,1,1,4,1.0,0.2178428302469978
exp1a_8,1,0,4,-1.0,-0.037429674856308215
exp1a_8,0,0,3,-1.0,0.843383917424483
exp1a_8,0,0,3,-1.0,-0.7363996791923271
exp1a_8,1,1,3,0.0,0.843383917424483
exp1a_8,1,0,3,0.0,-0.037429674856308215
exp1a_8,0,1,4,1.0,-0.25927842447266464
exp1a_8,1,1,4,-1.0,0.843383917424483
exp1a_8,0,1,4,1.0,0.2178428302469978
exp1a_8,1,0,4,-1.0,0.2178428302469978
exp1a_8,0,0,4,0.0,0.843383917424483
exp1a_8,1,1,3,-1.0,-0.7363996791923271
exp1a_8,0,0,3,0.0,-0.037429674856308215
exp1a_8,1,0,4,0.0,0.2178428302469978
exp1a_8,0,1,4,1.0,-0.037429674856308215
exp1a_8,0,1,3,-1.0,-0.25927842447266464
exp1a_8,0,1,3,0.0,-0.25927842447266464
exp1a_8,1,1,3,0.0,-0.25927842447266464
exp1a_8,0,0,3,0.0,-0.7363996791923271
exp1a_8,0,1,3,-1.0,-0.037429674856308215
exp1a_8,0,0,4,1.0,-0.037429674856308215
exp1a_8,1,0,3,-1.0,-0.037429674856308215
exp1a_8,1,1,4,0.0,-0.25927842447266464
exp1a_8,0,0,4,-1.0,0.843383917424483
exp1a_8,0,1,4,1.0,-0.25927842447266464
exp1a_8,0,1,4,0.0,0.843383917424483
exp1a_8,0,1,3,-1.0,-0.25927842447266464
exp1a_8,1,1,4,1.0,0.2178428302469978
exp1a_8,0,0,4,1.0,0.843383917424483
exp1a_8,0,0,4,1.0,-0.7363996791923271
exp1a_8,0,0,4,0.0,0.2178428302469978
exp1a_8,0,0,4,1.0,0.2178428302469978
exp1a_8,1,1,3,-1.0,0.2178428302469978
exp1a_8,1,1,3,-1.0,0.843383917424483
exp1a_8,0,1,3,0.0,-0.25927842447266464
exp1a_8,1,1,4,0.0,0.2178428302469978
exp1a_8,0,0,3,-1.0,-0.7363996791923271
exp1a_8,1,0,3,0.0,-0.037429674856308215
exp1a_8,0,0,3,0.0,-0.037429674856308215
exp1a_8,1,0,3,0.0,-0.7363996791923271
exp1a_8,0,1,3,-1.0,0.2178428302469978
exp1a_8,1,1,3,-1.0,-0.25927842447266464
exp1a_8,1,1,3,0.0,0.843383917424483
exp1a_8,0,1,3,0.0,-0.7363996791923271
exp1a_8,1,0,4,1.0,-0.25927842447266464
exp1a_8,1,0,4,-1.0,-0.7363996791923271
exp1a_8,1,1,4,1.0,0.843383917424483
exp1a_8,1,1,4,1.0,-0.037429674856308215
exp1a_8,1,1,4,1.0,-0.7363996791923271
exp1a_8,1,1,3,0.0,-0.7363996791923271
exp1a_8,0,1,3,1.0,-0.7363996791923271
exp1a_8,1,1,3,-1.0,-0.25927842447266464
exp1a_8,1,0,3,0.0,-0.25927842447266464
exp1a_8,1,1,3,0.0,0.2178428302469978
exp1a_8,0,1,3,1.0,-0.25927842447266464
exp1a_8,0,1,3,0.0,0.843383917424483
exp1a_8,0,0,3,0.0,-0.037429674856308215
exp1a_8,1,1,3,-1.0,-0.7363996791923271
exp1a_8,0,0,4,-1.0,0.843383917424483
exp1a_8,1,0,3,0.0,-0.037429674856308215
exp1a_8,1,1,3,-1.0,0.2178428302469978
exp1a_8,1,0,3,1.0,-0.25927842447266464
exp1a_8,1,0,3,0.0,0.843383917424483
exp1a_8,0,1,4,-1.0,-0.7363996791923271
exp1a_8,0,0,4,1.0,-0.037429674856308215
exp1a_8,0,0,4,1.0,0.2178428302469978
exp1a_8,1,1,4,-1.0,0.843383917424483
exp1a_8,0,1,4,1.0,0.843383917424483
exp1a_8,1,1,4,1.0,0.843383917424483
exp1a_8,0,0,4,0.0,-0.25927842447266464
exp1a_8,0,1,3,0.0,-0.7363996791923271
exp1a_8,1,1,4,1.0,0.2178428302469978
exp1a_8,0,1,3,-1.0,0.2178428302469978
exp1a_8,0,0,3,-1.0,-0.25927842447266464
exp1a_8,0,1,3,0.0,0.2178428302469978
exp1a_8,1,1,3,-1.0,-0.037429674856308215
exp1a_8,0,0,3,-1.0,-0.037429674856308215
exp1a_8,1,1,3,1.0,-0.037429674856308215
exp1a_8,1,1,3,1.0,-0.7363996791923271
exp1a_9,1,1,1,-1.0,-0.25927842447266464
exp1a_9,0,0,5,-1.0,-0.037429674856308215
exp1a_9,1,1,4,1.0,-0.7363996791923271
exp1a_9,1,1,4,0.0,-0.037429674856308215
exp1a_9,0,0,4,1.0,-0.7363996791923271
exp1a_9,0,0,2,0.0,-0.037429674856308215
exp1a_9,1,1,4,0.0,-0.7363996791923271
exp1a_9,0,0,6,1.0,0.843383917424483
exp1a_9,0,0,4,1.0,0.2178428302469978
exp1a_9,0,0,6,-1.0,0.843383917424483
exp1a_9,1,1,2,0.0,-0.25927842447266464
exp1a_9,1,0,4,1.0,-0.25927842447266464
exp1a_9,0,0,4,-1.0,-0.25927842447266464
exp1a_9,0,0,3,-1.0,0.2178428302469978
exp1a_9,0,0,5,0.0,-0.25927842447266464
exp1a_9,1,1,4,0.0,0.2178428302469978
exp1a_9,1,0,3,-1.0,-0.7363996791923271
exp1a_9,0,0,4,0.0,0.2178428302469978
exp1a_9,1,1,6,0.0,0.843383917424483
exp1a_9,0,0,3,-1.0,-0.7363996791923271
exp1a_9,0,0,6,0.0,0.843383917424483
exp1a_9,0,0,4,1.0,-0.037429674856308215
exp1a_9,0,0,3,1.0,-0.25927842447266464
exp1a_9,0,0,4,0.0,-0.7363996791923271
exp1a_9,1,1,6,-1.0,0.843383917424483
exp1a_9,1,1,4,1.0,0.2178428302469978
exp1a_9,1,0,2,-1.0,-0.037429674856308215
exp1a_9,1,1,4,-1.0,0.2178428302469978
exp1a_9,1,1,3,1.0,-0.037429674856308215
exp1a_9,1,1,5,1.0,0.843383917424483
exp1a_9,1,0,2,0.0,-0.7363996791923271
exp1a_9,0,0,3,-1.0,-0.037429674856308215
exp1a_9,1,1,3,-1.0,-0.7363996791923271
exp1a_9,1,1,4,1.0,0.2178428302469978
exp1a_9,0,1,4,-1.0,-0.25927842447266464
exp1a_9,1,1,6,-1.0,0.843383917424483
exp1a_9,1,1,6,0.0,0.843383917424483
exp1a_9,1,1,5,0.0,0.2178428302469978
exp1a_9,1,1,3,0.0,-0.25927842447266464
exp1a_9,0,0,2,1.0,-0.25927842447266464
exp1a_9,0,0,4,1.0,0.2178428302469978
exp1a_9,0,0,6,1.0,0.843383917424483
exp1a_9,1,0,3,1.0,-0.25927842447266464
exp1a_9,1,1,4,1.0,-0.037429674856308215
exp1a_9,0,0,4,1.0,-0.037429674856308215
exp1a_9,0,0,3,0.0,-0.7363996791923271
exp1a_9,0,0,4,0.0,0.2178428302469978
exp1a_9,1,0,3,1.0,-0.7363996791923271
exp1a_9,0,0,6,0.0,0.843383917424483
exp1a_9,0,0,4,-1.0,0.2178428302469978
exp1a_9,0,0,3,1.0,-0.7363996791923271
exp1a_9,0,0,3,0.0,-0.037429674856308215
exp1a_9,1,1,1,0.0,-0.037429674856308215
exp1a_9,0,0,2,0.0,-0.25927842447266464
exp1a_9,1,1,6,1.0,0.843383917424483
exp1a_9,1,1,4,-1.0,0.2178428302469978
exp1a_9,0,0,6,-1.0,0.843383917424483
exp1a_9,1,0,3,-1.0,-0.037429674856308215
exp1a_9,1,1,2,-1.0,-0.25927842447266464
exp1a_9,0,1,2,-1.0,-0.7363996791923271
exp1a_9,1,1,4,-1.0,-0.25927842447266464
exp1a_9,1,1,4,0.0,-0.25927842447266464
exp1a_9,1,1,6,-1.0,0.843383917424483
exp1a_9,0,0,6,0.0,0.843383917424483
exp1a_9,0,0,3,0.0,-0.037429674856308215
exp1a_9,1,1,2,0.0,-0.037429674856308215
exp1a_9,0,1,3,-1.0,-0.7363996791923271
exp1a_9,0,0,4,1.0,0.2178428302469978
exp1a_9,1,0,4,-1.0,-0.7363996791923271
exp1a_9,1,1,3,0.0,-0.7363996791923271
exp1a_9,0,0,4,1.0,-0.037429674856308215
exp1a_9,1,1,6,1.0,0.843383917424483
exp1a_9,0,0,4,-1.0,-0.037429674856308215
exp1a_9,0,0,5,0.0,0.2178428302469978
exp1a_9,0,0,6,-1.0,0.843383917424483
exp1a_9,0,0,6,1.0,0.843383917424483
exp1a_9,1,1,4,1.0,0.2178428302469978
exp1a_9,1,1,6,0.0,0.843383917424483
exp1a_9,1,1,4,1.0,-0.25927842447266464
exp1a_9,0,0,5,-1.0,0.2178428302469978
exp1a_9,1,1,3,-1.0,0.2178428302469978
exp1a_9,1,1,2,-1.0,-0.037429674856308215
exp1a_9,0,1,4,-1.0,-0.25927842447266464
exp1a_9,1,1,2,1.0,-0.7363996791923271
exp1a_9,0,0,4,1.0,-0.25927842447266464
exp1a_9,0,0,4,0.0,-0.7363996791923271
exp1a_9,1,1,5,0.0,0.2178428302469978
exp1a_9,1,0,3,1.0,-0.037429674856308215
exp1a_9,0,1,3,1.0,-0.7363996791923271
exp1a_9,0,0,3,0.0,-0.25927842447266464
exp1a_9,0,0,4,0.0,-0.037429674856308215
exp1a_9,1,1,4,1.0,-0.7363996791923271
exp1a_9,1,0,3,0.0,-0.7363996791923271
exp1a_9,0,0,6,-1.0,0.843383917424483
exp1a_9,1,1,4,-1.0,-0.25927842447266464
exp1a_9,0,1,3,-1.0,-0.7363996791923271
exp1a_9,1,0,2,0.0,-0.037429674856308215
exp1a_9,1,1,4,1.0,-0.25927842447266464
exp1a_9,0,0,4,0.0,-0.7363996791923271
exp1a_9,0,0,5,-1.0,0.2178428302469978
exp1a_9,1,1,6,1.0,0.843383917424483
exp1a_9,1,0,3,0.0,-0.25927842447266464
exp1a_9,0,0,5,0.0,0.843383917424483
exp1a_9,1,1,5,-1.0,0.843383917424483
exp1a_9,1,0,4,1.0,-0.037429674856308215
exp1a_9,0,1,2,0.0,0.2178428302469978
exp1a_9,1,1,5,-1.0,0.2178428302469978
exp1a_9,1,1,4,0.0,0.2178428302469978
exp1a_9,0,0,6,1.0,0.843383917424483
exp1a_9,1,1,6,0.0,0.843383917424483
exp1a_9,1,1,4,-1.0,-0.037429674856308215
exp1a_9,0,0,4,1.0,0.2178428302469978
exp1a_9,0,1,2,1.0,-0.7363996791923271
exp1a_9,0,0,3,-1.0,-0.25927842447266464
exp1a_9,0,0,4,1.0,-0.037429674856308215
exp1a_9,0,0,2,-1.0,-0.037429674856308215
exp1a_9,0,0,2,0.0,-0.25927842447266464
exp1a_9,0,1,3,1.0,-0.25927842447266464
exp1a_9,1,1,4,-1.0,-0.7363996791923271
exp1a_9,1,1,5,1.0,0.2178428302469978
exp1a_9,0,0,4,0.0,0.2178428302469978
exp1a_9,0,0,4,0.0,-0.25927842447266464
exp1a_9,1,1,5,-1.0,0.2178428302469978
exp1a_9,0,0,4,-1.0,0.2178428302469978
exp1a_9,1,1,4,0.0,-0.7363996791923271
exp1a_9,1,1,4,-1.0,-0.037429674856308215
exp1a_9,1,1,4,1.0,-0.037429674856308215
exp1a_9,0,0,4,1.0,0.2178428302469978
exp1a_9,0,1,2,1.0,-0.25927842447266464
exp1a_9,0,1,4,-1.0,-0.7363996791923271
exp1a_9,1,1,3,0.0,-0.25927842447266464
exp1a_9,0,0,4,1.0,-0.037429674856308215
exp1a_9,0,0,6,0.0,0.843383917424483
exp1a_9,0,0,4,1.0,-0.7363996791923271
exp1a_9,1,1,4,-1.0,-0.25927842447266464
exp1a_9,0,0,6,-1.0,0.843383917424483
exp1a_9,1,0,3,-1.0,-0.7363996791923271
exp1a_9,1,1,5,1.0,0.2178428302469978
exp1a_9,0,0,4,0.0,-0.7363996791923271
exp1a_9,1,1,3,0.0,-0.037429674856308215
exp1a_9,1,1,5,0.0,0.843383917424483
exp1a_9,0,0,6,1.0,0.843383917424483
exp1a_9,1,1,6,-1.0,0.843383917424483
exp1a_9,1,1,5,0.0,0.2178428302469978
exp1a_9,0,0,3,-1.0,-0.25927842447266464
exp1a_9,0,0,2,-1.0,-0.037429674856308215
exp1a_9,1,1,3,1.0,-0.25927842447266464
exp1a_9,1,1,5,1.0,0.843383917424483
exp1a_9,0,0,4,0.0,-0.037429674856308215
exp1a_9,1,1,4,1.0,-0.7363996791923271
exp1a_9,1,1,5,1.0,0.843383917424483
exp1a_9,1,1,4,0.0,-0.7363996791923271
exp1a_9,0,1,3,-1.0,-0.25927842447266464
exp1a_9,1,1,4,0.0,-0.25927842447266464
exp1a_9,0,0,5,1.0,0.2178428302469978
exp1a_9,0,0,4,-1.0,-0.037429674856308215
exp1a_9,1,1,6,-1.0,0.843383917424483
exp1a_9,0,0,2,-1.0,-0.7363996791923271
exp1a_9,1,1,5,1.0,-0.037429674856308215
exp1a_9,0,0,5,-1.0,0.2178428302469978
exp1a_9,0,1,2,0.0,-0.7363996791923271
exp1a_9,0,0,3,1.0,-0.037429674856308215
exp1a_9,0,0,6,0.0,0.843383917424483
exp1a_9,0,0,5,-1.0,0.843383917424483
exp1a_9,1,0,4,1.0,-0.25927842447266464
exp1a_9,1,1,4,0.0,-0.037429674856308215
exp1a_9,1,1,4,-1.0,-0.037429674856308215
exp1a_9,1,1,4,-1.0,-0.25927842447266464
exp1a_9,0,0,3,0.0,-0.25927842447266464
exp1a_9,0,1,2,1.0,-0.7363996791923271
exp1a_9,1,1,3,-1.0,0.2178428302469978
exp1a_9,0,0,6,1.0,0.843383917424483
exp1a_9,1,1,6,0.0,0.843383917424483
exp1a_9,1,1,4,1.0,-0.7363996791923271
exp1a_9,0,0,4,0.0,-0.037429674856308215
exp1a_9,0,0,4,0.0,0.2178428302469978
exp1a_9,1,1,3,0.0,0.2178428302469978
exp1a_9,1,1,4,1.0,0.2178428302469978
exp1a_9,1,1,3,-1.0,-0.7363996791923271
exp1a_9,0,0,3,1.0,-0.25927842447266464
exp1a_9,0,0,6,1.0,0.843383917424483
exp1a_9,0,1,2,0.0,-0.7363996791923271
exp1a_9,0,0,6,0.0,0.843383917424483
exp1a_9,0,0,1,-1.0,-0.7363996791923271
exp1a_9,0,0,2,-1.0,-0.25927842447266464
exp1a_9,1,1,5,1.0,-0.037429674856308215
exp1a_9,1,1,5,-1.0,0.2178428302469978
exp1a_9,0,0,5,0.0,-0.037429674856308215
exp1a_9,0,0,4,1.0,0.2178428302469978
exp1a_9,1,1,3,0.0,-0.25927842447266464
exp1a_9,0,0,3,-1.0,-0.037429674856308215
exp1a_9,0,0,6,-1.0,0.843383917424483
exp1a_9,1,1,6,0.0,0.843383917424483
exp1a_9,1,1,1,1.0,-0.25927842447266464
exp1a_9,0,0,3,0.0,0.2178428302469978
exp1a_9,1,1,4,0.0,0.2178428302469978
exp1a_9,1,1,6,1.0,0.843383917424483
exp1a_9,1,1,6,-1.0,0.843383917424483
exp1a_9,0,0,4,-1.0,0.2178428302469978
exp1a_9,1,1,3,0.0,-0.7363996791923271
exp1a_9,1,1,4,0.0,-0.037429674856308215
exp1a_9,0,1,2,1.0,-0.25927842447266464
exp1a_9,0,1,1,1.0,-0.037429674856308215
exp1a_9,0,0,4,0.0,-0.25927842447266464
exp1a_9,1,1,5,1.0,0.2178428302469978
exp1a_9,1,1,4,-1.0,-0.7363996791923271
exp1a_9,1,1,4,1.0,-0.7363996791923271
exp1a_9,1,1,4,-1.0,-0.25927842447266464
exp1a_9,0,0,1,1.0,-0.7363996791923271
exp1a_9,0,0,6,1.0,0.843383917424483
exp1a_9,1,1,2,-1.0,-0.7363996791923271
exp1a_9,0,1,2,0.0,-0.7363996791923271
exp1a_9,1,1,4,0.0,-0.037429674856308215
exp1a_9,0,0,2,1.0,-0.7363996791923271
exp1a_9,1,1,5,0.0,0.843383917424483
exp1a_9,0,0,6,-1.0,0.843383917424483
exp1a_9,0,0,5,-1.0,-0.037429674856308215
exp1a_9,0,0,5,0.0,0.843383917424483
exp1a_9,1,1,4,1.0,-0.037429674856308215
exp1a_9,1,1,3,1.0,-0.7363996791923271
exp1a_9,0,0,4,-1.0,0.2178428302469978
exp1a_9,0,0,4,1.0,-0.037429674856308215
exp1a_9,1,1,4,0.0,0.2178428302469978
exp1a_9,0,0,4,0.0,-0.037429674856308215
exp1a_9,0,0,2,-1.0,-0.7363996791923271
exp1a_9,0,1,2,0.0,-0.25927842447266464
exp1a_9,1,1,3,1.0,-0.25927842447266464
exp1a_9,0,0,5,0.0,0.2178428302469978
exp1a_9,1,1,6,-1.0,0.843383917424483
exp1a_9,1,1,4,1.0,0.2178428302469978
exp1a_9,0,0,3,-1.0,-0.25927842447266464
exp1a_9,0,1,3,1.0,0.2178428302469978
exp1a_9,1,1,4,-1.0,-0.037429674856308215
exp1a_9,1,1,5,-1.0,0.2178428302469978
exp1a_9,0,1,3,1.0,-0.25927842447266464
exp1a_9,1,1,2,-1.0,-0.25927842447266464
exp1a_9,1,1,5,1.0,0.843383917424483
exp1a_9,1,1,3,0.0,-0.7363996791923271
exp1a_10,0,0,6,0.0,-0.25927842447266464
exp1a_10,1,1,6,-1.0,0.2178428302469978
exp1a_10,0,0,6,-1.0,-0.037429674856308215
exp1a_10,1,1,6,1.0,0.843383917424483
exp1a_10,0,0,6,1.0,-0.037429674856308215
exp1a_10,1,1,6,1.0,0.2178428302469978
exp1a_10,0,0,6,0.0,-0.037429674856308215
exp1a_10,1,1,6,0.0,-0.037429674856308215
exp1a_10,1,1,5,0.0,-0.7363996791923271
exp1a_10,1,1,6,0.0,-0.25927842447266464
exp1a_10,1,1,6,0.0,0.2178428302469978
exp1a_10,1,1,6,1.0,-0.037429674856308215
exp1a_10,0,0,6,0.0,0.2178428302469978
exp1a_10,1,1,6,-1.0,-0.037429674856308215
exp1a_10,0,0,5,1.0,-0.7363996791923271
exp1a_10,1,1,6,1.0,-0.25927842447266464
exp1a_10,1,1,6,-1.0,-0.7363996791923271
exp1a_10,1,1,6,-1.0,-0.25927842447266464
exp1a_10,0,0,6,-1.0,0.2178428302469978
exp1a_10,1,1,6,-1.0,0.843383917424483
exp1a_10,1,1,6,1.0,-0.7363996791923271
exp1a_10,0,0,3,0.0,-0.7363996791923271
exp1a_10,0,0,6,1.0,0.2178428302469978
exp1a_10,0,0,6,-1.0,0.843383917424483
exp1a_10,0,0,6,1.0,-0.25927842447266464
exp1a_10,0,0,6,0.0,0.843383917424483
exp1a_10,1,1,6,0.0,0.843383917424483
exp1a_10,0,0,6,1.0,0.843383917424483
exp1a_10,1,1,6,-1.0,0.843383917424483
exp1a_10,1,1,6,1.0,-0.7363996791923271
exp1a_10,1,1,6,-1.0,0.2178428302469978
exp1a_10,0,1,6,0.0,-0.7363996791923271
exp1a_10,1,1,6,0.0,0.2178428302469978
exp1a_10,0,0,6,1.0,-0.25927842447266464
exp1a_10,1,1,6,-1.0,-0.037429674856308215
exp1a_10,1,1,6,1.0,-0.037429674856308215
exp1a_10,1,1,6,1.0,0.843383917424483
exp1a_10,0,0,6,1.0,0.843383917424483
exp1a_10,0,0,4,0.0,-0.25927842447266464
exp1a_10,0,0,6,-1.0,0.843383917424483
exp1a_10,0,0,6,-1.0,-0.7363996791923271
exp1a_10,0,0,6,0.0,-0.037429674856308215
exp1a_10,0,0,6,1.0,-0.037429674856308215
exp1a_10,1,1,6,1.0,-0.25927842447266464
exp1a_10,0,0,6,-1.0,-0.037429674856308215
exp1a_10,1,0,3,0.0,-0.7363996791923271
exp1a_10,1,1,6,1.0,0.2178428302469978
exp1a_10,0,0,6,1.0,0.2178428302469978
exp1a_10,0,0,6,-1.0,0.2178428302469978
exp1a_10,1,1,4,0.0,-0.25927842447266464
exp1a_10,1,0,4,-1.0,-0.25927842447266464
exp1a_10,1,1,6,0.0,-0.037429674856308215
exp1a_10,1,1,6,0.0,0.843383917424483
exp1a_10,1,1,6,-1.0,-0.7363996791923271
exp1a_10,0,0,4,-1.0,-0.25927842447266464
exp1a_10,0,0,6,0.0,0.843383917424483
exp1a_10,0,0,6,0.0,0.2178428302469978
exp1a_10,0,0,6,-1.0,-0.037429674856308215
exp1a_10,1,1,6,1.0,0.2178428302469978
exp1a_10,0,0,6,1.0,0.843383917424483
exp1a_10,0,0,6,-1.0,0.843383917424483
exp1a_10,0,0,6,1.0,-0.037429674856308215
exp1a_10,1,1,6,0.0,-0.037429674856308215
exp1a_10,1,1,6,1.0,-0.25927842447266464
exp1a_10,0,0,6,0.0,-0.25927842447266464
exp1a_10,0,0,6,0.0,-0.037429674856308215
exp1a_10,0,0,6,1.0,0.2178428302469978
exp1a_10,1,1,6,1.0,-0.037429674856308215
exp1a_10,1,1,5,-1.0,-0.25927842447266464
exp1a_10,0,0,4,0.0,-0.7363996791923271
exp1a_10,0,0,5,-1.0,-0.25927842447266464
exp1a_10,0,0,6,1.0,-0.7363996791923271
exp1a_10,1,1,6,1.0,0.843383917424483
exp1a_10,1,1,6,-1.0,-0.037429674856308215
exp1a_10,1,1,6,1.0,-0.7363996791923271
exp1a_10,1,1,4,0.0,-0.7363996791923271
exp1a_10,0,0,6,-1.0,0.2178428302469978
exp1a_10,1,1,5,-1.0,-0.7363996791923271
exp1a_10,0,0,6,1.0,-0.25927842447266464
exp1a_10,0,1,4,-1.0,-0.7363996791923271
exp1a_10,0,0,6,0.0,0.2178428302469978
exp1a_10,1,1,6,-1.0,0.843383917424483
exp1a_10,1,1,6,0.0,-0.25927842447266464
exp1a_10,1,1,6,0.0,0.843383917424483
exp1a_10,1,1,6,-1.0,0.2178428302469978
exp1a_10,1,1,6,0.0,0.2178428302469978
exp1a_10,0,0,6,0.0,0.843383917424483
exp1a_10,0,0,5,-1.0,-0.25927842447266464
exp1a_10,1,1,6,0.0,-0.25927842447266464
exp1a_10,0,1,3,-1.0,-0.7363996791923271
exp1a_10,1,1,6,-1.0,0.843383917424483
exp1a_10,0,0,6,-1.0,0.843383917424483
exp1a_10,0,0,6,1.0,0.843383917424483
exp1a_10,1,1,6,0.0,0.843383917424483
exp1a_10,1,0,6,-1.0,-0.7363996791923271
exp1a_10,0,0,6,1.0,-0.037429674856308215
exp1a_10,1,1,6,-1.0,0.2178428302469978
exp1a_10,0,0,6,-1.0,0.2178428302469978
exp1a_10,0,0,6,0.0,0.2178428302469978
exp1a_10,1,0,6,1.0,-0.037429674856308215
exp1a_10,0,0,6,1.0,-0.25927842447266464
exp1a_10,0,0,6,0.0,0.843383917424483
exp1a_10,0,0,6,0.0,-0.037429674856308215
exp1a_10,0,0,6,1.0,-0.7363996791923271
exp1a_10,1,1,6,0.0,-0.037429674856308215
exp1a_10,0,0,6,0.0,-0.25927842447266464
exp1a_10,1,1,6,1.0,0.2178428302469978
exp1a_10,1,1,6,0.0,0.2178428302469978
exp1a_10,1,1,5,0.0,-0.7363996791923271
exp1a_10,0,0,6,1.0,0.2178428302469978
exp1a_10,1,1,6,-1.0,-0.25927842447266464
exp1a_10,1,0,6,1.0,-0.25927842447266464
exp1a_10,0,1,6,0.0,-0.7363996791923271
exp1a_10,1,1,6,-1.0,-0.037429674856308215
exp1a_10,1,1,6,1.0,-0.7363996791923271
exp1a_10,0,0,6,-1.0,-0.037429674856308215
exp1a_10,1,1,6,1.0,0.843383917424483
exp1a_10,0,0,6,0.0,-0.037429674856308215
exp1a_10,1,1,6,0.0,-0.7363996791923271
exp1a_10,0,0,6,-1.0,0.843383917424483
exp1a_10,1,1,6,-1.0,0.2178428302469978
exp1a_10,0,0,6,-1.0,-0.25927842447266464
exp1a_10,1,1,6,-1.0,-0.25927842447266464
exp1a_10,1,1,6,-1.0,0.843383917424483
exp1a_10,1,1,6,1.0,0.2178428302469978
exp1a_10,1,1,6,1.0,-0.7363996791923271
exp1a_10,1,1,6,0.0,0.2178428302469978
exp1a_10,0,0,6,1.0,-0.7363996791923271
exp1a_10,0,0,6,0.0,0.843383917424483
exp1a_10,0,0,6,1.0,-0.037429674856308215
exp1a_10,1,1,6,1.0,-0.25927842447266464
exp1a_10,1,1,6,1.0,0.843383917424483
exp1a_10,0,1,4,0.0,-0.7363996791923271
exp1a_10,0,1,1,1.0,0.843383917424483
exp1a_10,0,0,6,1.0,0.2178428302469978
exp1a_10,0,0,6,0.0,0.2178428302469978
exp1a_10,1,1,6,0.0,-0.25927842447266464
exp1a_10,1,1,6,-1.0,-0.037429674856308215
exp1a_10,0,0,6,-1.0,-0.7363996791923271
exp1a_10,1,1,5,-1.0,-0.7363996791923271
exp1a_10,0,0,6,-1.0,-0.037429674856308215
exp1a_10,0,0,6,-1.0,0.2178428302469978
exp1a_10,1,1,6,0.0,-0.037429674856308215
exp1a_10,1,1,6,1.0,-0.037429674856308215
exp1a_10,0,0,6,1.0,-0.25927842447266464
exp1a_10,0,0,6,0.0,-0.25927842447266464
exp1a_10,1,1,6,0.0,0.843383917424483
exp1a_10,1,1,6,-1.0,-0.7363996791923271
exp1a_10,1,1,6,1.0,-0.037429674856308215
exp1a_10,0,0,6,1.0,-0.25927842447266464
exp1a_10,0,0,6,-1.0,-0.037429674856308215
exp1a_10,1,1,6,0.0,-0.037429674856308215
exp1a_10,0,0,6,-1.0,0.2178428302469978
exp1a_10,0,0,6,1.0,0.843383917424483
exp1a_10,1,1,6,1.0,-0.7363996791923271
exp1a_10,0,0,6,0.0,-0.25927842447266464
exp1a_10,1,1,6,-1.0,-0.037429674856308215
exp1a_10,1,0,3,0.0,-0.7363996791923271
exp1a_10,1,1,6,1.0,0.2178428302469978
exp1a_10,0,0,6,0.0,0.843383917424483
exp1a_10,0,0,5,1.0,-0.7363996791923271
exp1a_10,0,0,3,-1.0,-0.7363996791923271
exp1a_10,1,0,6,-1.0,-0.25927842447266464
exp1a_10,0,0,6,0.0,0.2178428302469978
exp1a_10,1,1,6,0.0,0.843383917424483
exp1a_10,1,1,6,1.0,0.843383917424483
exp1a_10,0,0,6,-1.0,-0.25927842447266464
exp1a_10,1,1,6,1.0,-0.25927842447266464
exp1a_10,0,0,6,1.0,-0.037429674856308215
exp1a_10,0,0,6,-1.0,0.843383917424483
exp1a_10,1,1,6,-1.0,0.843383917424483
exp1a_10,1,1,6,0.0,0.2178428302469978
exp1a_10,1,1,6,-1.0,0.2178428302469978
exp1a_10,0,0,4,0.0,-0.7363996791923271
exp1a_10,1,1,4,0.0,-0.25927842447266464
exp1a_10,0,0,6,1.0,0.2178428302469978
exp1a_10,0,0,6,0.0,-0.037429674856308215
exp1a_10,0,0,6,-1.0,-0.25927842447266464
exp1a_10,1,1,6,1.0,0.2178428302469978
exp1a_10,0,1,5,-1.0,-0.7363996791923271
exp1a_10,0,0,5,1.0,-0.25927842447266464
exp1a_10,0,0,6,1.0,0.843383917424483
exp1a_10,0,0,5,1.0,-0.7363996791923271
exp1a_10,0,0,5,0.0,-0.7363996791923271
exp1a_10,1,1,6,-1.0,0.2178428302469978
exp1a_10,1,0,6,-1.0,-0.7363996791923271
exp1a_10,1,1,6,0.0,-0.7363996791923271
exp1a_10,0,0,6,0.0,0.2178428302469978
exp1a_10,1,1,6,-1.0,0.843383917424483
exp1a_10,0,0,6,-1.0,0.2178428302469978
exp1a_10,0,0,6,-1.0,0.843383917424483
exp1a_10,1,1,6,0.0,-0.25927842447266464
exp1a_10,0,0,6,0.0,0.843383917424483
exp1a_10,1,1,6,0.0,0.843383917424483
exp1a_10,1,1,6,0.0,-0.037429674856308215
exp1a_10,1,1,6,1.0,-0.037429674856308215
exp1a_10,1,1,6,-1.0,-0.037429674856308215
exp1a_10,1,1,6,-1.0,-0.25927842447266464
exp1a_10,1,1,2,1.0,-0.7363996791923271
exp1a_10,1,1,6,1.0,0.843383917424483
exp1a_10,0,0,6,0.0,-0.037429674856308215
exp1a_10,0,0,6,-1.0,-0.037429674856308215
exp1a_10,0,0,6,1.0,0.2178428302469978
exp1a_10,1,1,6,1.0,-0.25927842447266464
exp1a_10,1,1,6,0.0,0.2178428302469978
exp1a_10,0,0,6,1.0,-0.037429674856308215
exp1a_10,0,0,6,0.0,-0.25927842447266464
exp1a_10,0,0,6,-1.0,-0.25927842447266464
exp1a_10,0,0,6,0.0,0.843383917424483
exp1a_10,1,0,5,0.0,-0.7363996791923271
exp1a_10,1,1,6,-1.0,0.843383917424483
exp1a_10,1,1,6,1.0,-0.7363996791923271
exp1a_10,1,1,6,-1.0,-0.7363996791923271
exp1a_10,1,1,6,1.0,0.2178428302469978
exp1a_10,0,0,6,1.0,-0.037429674856308215
exp1a_10,0,0,6,-1.0,0.2178428302469978
exp1a_10,1,1,6,-1.0,-0.037429674856308215
exp1a_10,0,0,6,0.0,-0.25927842447266464
exp1a_10,0,0,6,-1.0,-0.7363996791923271
exp1a_10,1,1,6,1.0,-0.25927842447266464
exp1a_10,1,1,6,-1.0,0.2178428302469978
exp1a_10,1,1,6,-1.0,-0.25927842447266464
exp1a_10,1,1,6,1.0,0.843383917424483
exp1a_10,0,0,6,-1.0,-0.037429674856308215
exp1a_10,1,1,6,1.0,-0.037429674856308215
exp1a_10,1,1,6,0.0,0.843383917424483
exp1a_10,0,0,6,1.0,-0.25927842447266464
exp1a_10,0,0,6,1.0,0.843383917424483
exp1a_10,1,1,6,0.0,-0.037429674856308215
exp1a_10,0,0,6,1.0,0.2178428302469978
exp1a_10,1,1,6,0.0,0.2178428302469978
exp1a_10,0,0,6,1.0,-0.7363996791923271
exp1a_10,0,0,6,0.0,0.2178428302469978
exp1a_10,0,0,6,0.0,-0.037429674856308215
exp1a_10,1,1,6,0.0,-0.25927842447266464
exp1a_10,0,0,6,-1.0,0.843383917424483
exp1a_10,0,0,6,0.0,-0.7363996791923271
exp1a_11,0,1,4,0.0,-0.7363996791923271
exp1a_11,0,0,4,-1.0,0.843383917424483
exp1a_11,1,1,5,1.0,0.843383917424483
exp1a_11,1,1,4,-1.0,0.2178428302469978
exp1a_11,1,0,5,1.0,-0.7363996791923271
exp1a_11,1,0,5,1.0,-0.037429674856308215
exp1a_11,1,1,5,0.0,-0.25927842447266464
exp1a_11,1,1,6,1.0,0.2178428302469978
exp1a_11,1,1,3,-1.0,0.843383917424483
exp1a_11,0,1,4,-1.0,-0.25927842447266464
exp1a_11,1,1,4,0.0,0.2178428302469978
exp1a_11,0,0,4,-1.0,-0.7363996791923271
exp1a_11,0,0,5,0.0,0.843383917424483
exp1a_11,0,1,3,0.0,-0.037429674856308215
exp1a_11,0,0,5,1.0,-0.7363996791923271
exp1a_11,0,0,5,1.0,0.2178428302469978
exp1a_11,0,0,4,-1.0,-0.037429674856308215
exp1a_11,1,1,5,1.0,-0.25927842447266464
exp1a_11,1,1,6,0.0,0.843383917424483
exp1a_11,1,1,4,-1.0,-0.25927842447266464
exp1a_11,0,0,4,-1.0,0.2178428302469978
exp1a_11,0,0,6,1.0,0.843383917424483
exp1a_11,0,1,5,0.0,-0.25927842447266464
exp1a_11,0,0,4,0.0,0.2178428302469978
exp1a_11,1,1,4,-1.0,-0.7363996791923271
exp1a_11,1,1,4,0.0,-0.037429674856308215
exp1a_11,0,0,5,1.0,-0.25927842447266464
exp1a_11,1,1,5,-1.0,-0.037429674856308215
exp1a_11,0,0,5,1.0,-0.037429674856308215
exp1a_11,0,1,5,1.0,-0.7363996791923271
exp1a_11,0,0,5,0.0,0.2178428302469978
exp1a_11,1,0,6,1.0,-0.7363996791923271
exp1a_11,0,1,5,-1.0,-0.7363996791923271
exp1a_11,1,1,5,0.0,0.2178428302469978
exp1a_11,1,0,5,0.0,-0.7363996791923271
exp1a_11,1,1,5,-1.0,0.843383917424483
exp1a_11,0,0,5,0.0,0.843383917424483
exp1a_11,1,1,5,0.0,-0.25927842447266464
exp1a_11,0,0,6,1.0,0.843383917424483
exp1a_11,0,0,6,0.0,-0.25927842447266464
exp1a_11,1,0,6,1.0,-0.037429674856308215
exp1a_11,0,0,6,1.0,0.2178428302469978
exp1a_11,0,0,5,-1.0,-0.037429674856308215
exp1a_11,1,1,5,-1.0,0.2178428302469978
exp1a_11,1,0,5,-1.0,-0.037429674856308215
exp1a_11,0,1,5,-1.0,0.2178428302469978
exp1a_11,0,0,5,1.0,-0.25927842447266464
exp1a_11,0,0,5,-1.0,0.843383917424483
exp1a_11,1,1,5,1.0,0.843383917424483
exp1a_11,0,0,5,-1.0,-0.25927842447266464
exp1a_11,1,1,5,0.0,0.843383917424483
exp1a_11,1,0,5,-1.0,-0.25927842447266464
exp1a_11,1,1,5,0.0,-0.037429674856308215
exp1a_11,0,0,4,0.0,-0.037429674856308215
exp1a_11,0,0,5,0.0,-0.7363996791923271
exp1a_11,1,0,6,1.0,0.2178428302469978
exp1a_11,1,0,6,-1.0,-0.7363996791923271
exp1a_11,0,1,6,1.0,-0.037429674856308215
exp1a_11,1,0,6,1.0,-0.25927842447266464
exp1a_11,1,0,6,1.0,-0.25927842447266464
exp1a_11,0,0,2,-1.0,0.843383917424483
exp1a_11,0,0,3,0.0,-0.037429674856308215
exp1a_11,0,0,3,0.0,-0.25927842447266464
exp1a_11,0,1,4,0.0,0.2178428302469978
exp1a_11,0,0,6,1.0,-0.037429674856308215
exp1a_11,1,1,6,1.0,-0.7363996791923271
exp1a_11,1,0,6,1.0,-0.037429674856308215
exp1a_11,1,1,3,-1.0,-0.7363996791923271
exp1a_11,1,0,3,-1.0,-0.25927842447266464
exp1a_11,1,1,3,0.0,0.843383917424483
exp1a_11,0,1,3,-1.0,-0.25927842447266464
exp1a_11,0,1,3,0.0,-0.7363996791923271
exp1a_11,1,0,3,0.0,-0.7363996791923271
exp1a_11,0,0,3,0.0,0.843383917424483
exp1a_11,0,0,3,-1.0,-0.037429674856308215
exp1a_11,0,0,6,1.0,0.843383917424483
exp1a_11,1,1,3,0.0,-0.25927842447266464
exp1a_11,0,1,6,1.0,-0.25927842447266464
exp1a_11,1,1,3,-1.0,0.843383917424483
exp1a_11,0,0,3,-1.0,0.2178428302469978
exp1a_11,1,1,6,1.0,0.843383917424483
exp1a_11,0,1,3,-1.0,-0.7363996791923271
exp1a_11,0,0,6,1.0,-0.7363996791923271
exp1a_11,0,1,6,1.0,0.2178428302469978
exp1a_11,1,0,3,-1.0,0.2178428302469978
exp1a_11,1,1,4,0.0,0.2178428302469978
exp1a_11,1,1,4,0.0,-0.037429674856308215
exp1a_11,1,1,3,-1.0,-0.037429674856308215
exp1a_11,1,1,6,1.0,0.2178428302469978
exp1a_11,0,0,3,-1.0,-0.25927842447266464
exp1a_11,1,1,3,-1.0,-0.25927842447266464
exp1a_11,1,0,6,1.0,-0.037429674856308215
exp1a_11,1,0,6,1.0,-0.25927842447266464
exp1a_11,0,0,6,1.0,-0.25927842447266464
exp1a_11,1,1,3,-1.0,0.843383917424483
exp1a_11,1,1,5,0.0,-0.037429674856308215
exp1a_11,0,0,3,-1.0,-0.037429674856308215
exp1a_11,1,1,3,0.0,-0.25927842447266464
exp1a_11,0,0,3,-1.0,-0.7363996791923271
exp1a_11,0,1,3,-1.0,0.2178428302469978
exp1a_11,0,0,4,0.0,-0.7363996791923271
exp1a_11,1,1,6,1.0,0.2178428302469978
exp1a_11,1,1,6,1.0,0.843383917424483
exp1a_11,0,0,4,0.0,0.2178428302469978
exp1a_11,1,1,4,0.0,0.2178428302469978
exp1a_11,0,0,3,-1.0,0.843383917424483
exp1a_11,0,0,5,1.0,-0.7363996791923271
exp1a_11,0,0,5,0.0,0.843383917424483
exp1a_11,0,0,6,1.0,0.2178428302469978
exp1a_11,0,0,6,0.0,-0.25927842447266464
exp1a_11,1,0,6,1.0,-0.7363996791923271
exp1a_11,0,0,4,0.0,-0.037429674856308215
exp1a_11,1,1,4,0.0,0.843383917424483
exp1a_11,0,0,6,1.0,0.843383917424483
exp1a_11,0,0,6,1.0,-0.037429674856308215
exp1a_11,1,1,3,-1.0,-0.037429674856308215
exp1a_11,1,0,3,-1.0,-0.7363996791923271
exp1a_11,1,0,3,0.0,-0.7363996791923271
exp1a_11,1,1,3,-1.0,0.2178428302469978
exp1a_11,1,0,4,0.0,-0.25927842447266464
exp1a_11,0,0,6,1.0,0.2178428302469978
exp1a_11,0,0,6,1.0,-0.037429674856308215
exp1a_11,0,1,4,0.0,-0.7363996791923271
exp1a_11,1,1,2,-1.0,0.843383917424483
exp1a_11,0,0,4,0.0,0.2178428302469978
exp1a_11,1,0,6,1.0,-0.7363996791923271
exp1a_11,1,1,3,-1.0,-0.7363996791923271
exp1a_11,1,1,3,-1.0,-0.25927842447266464
exp1a_11,1,0,6,1.0,-0.25927842447266464
exp1a_11,1,1,6,1.0,0.2178428302469978
exp1a_11,1,0,6,1.0,-0.037429674856308215
exp1a_11,0,0,6,1.0,-0.25927842447266464
exp1a_11,1,1,3,-1.0,0.2178428302469978
exp1a_11,0,0,5,1.0,0.843383917424483
exp1a_11,0,0,3,-1.0,-0.25927842447266464
exp1a_11,0,0,1,-1.0,0.2178428302469978
exp1a_11,0,0,3,-1.0,0.843383917424483
exp1a_11,0,0,2,-1.0,-0.7363996791923271
exp1a_11,1,1,5,1.0,0.843383917424483
exp1a_11,1,1,4,0.0,0.843383917424483
exp1a_11,1,1,3,0.0,0.2178428302469978
exp1a_11,0,0,6,1.0,-0.7363996791923271
exp1a_11,0,0,3,0.0,0.843383917424483
exp1a_11,1,1,1,-1.0,-0.037429674856308215
exp1a_11,0,0,4,0.0,-0.25927842447266464
exp1a_11,1,0,4,0.0,-0.7363996791923271
exp1a_11,0,0,3,-1.0,-0.037429674856308215
exp1a_11,1,1,4,0.0,-0.037429674856308215
exp1a_11,0,0,3,0.0,-0.037429674856308215
exp1a_11,1,1,3,-1.0,0.2178428302469978
exp1a_11,1,1,3,-1.0,0.843383917424483
exp1a_11,0,0,4,0.0,-0.25927842447266464
exp1a_11,0,1,3,-1.0,-0.7363996791923271
exp1a_11,1,0,2,-1.0,-0.7363996791923271
exp1a_11,0,0,6,1.0,0.843383917424483
exp1a_11,1,0,6,1.0,-0.037429674856308215
exp1a_11,1,0,3,0.0,-0.037429674856308215
exp1a_11,0,0,1,-1.0,-0.25927842447266464
exp1a_11,1,1,6,1.0,-0.25927842447266464
exp1a_11,0,0,4,0.0,0.843383917424483
exp1a_11,0,0,3,0.0,0.2178428302469978
exp1a_11,0,1,3,0.0,-0.037429674856308215
exp1a_11,1,0,2,-1.0,-0.037429674856308215
exp1a_11,0,1,2,-1.0,-0.037429674856308215
exp1a_11,0,0,6,1.0,0.2178428302469978
exp1a_11,1,1,3,0.0,-0.25927842447266464
exp1a_11,0,1,1,-1.0,0.2178428302469978
exp1a_11,1,0,1,-1.0,-0.25927842447266464
exp1a_11,1,1,3,0.0,0.2178428302469978
exp1a_11,1,1,6,1.0,0.2178428302469978
exp1a_11,0,0,6,1.0,-0.25927842447266464
exp1a_11,1,1,4,0.0,0.843383917424483
exp1a_11,1,1,6,1.0,0.843383917424483
exp1a_11,0,0,4,0.0,-0.7363996791923271
exp1a_11,1,0,3,0.0,-0.7363996791923271
exp1a_11,0,0,2,-1.0,0.843383917424483
exp1a_11,0,0,6,1.0,-0.037429674856308215
exp1a_11,1,1,6,1.0,-0.7363996791923271
exp1a_11,0,0,6,1.0,-0.7363996791923271
exp1a_11,0,0,6,1.0,-0.037429674856308215
exp1a_11,0,0,3,0.0,0.2178428302469978
exp1a_11,0,0,3,0.0,-0.7363996791923271
exp1a_11,1,1,3,0.0,-0.7363996791923271
exp1a_11,0,0,2,-1.0,-0.25927842447266464
exp1a_11,0,0,3,-1.0,0.843383917424483
exp1a_11,1,1,6,1.0,0.843383917424483
exp1a_11,1,1,3,-1.0,0.2178428302469978
exp1a_11,1,0,3,0.0,0.2178428302469978
exp1a_11,1,1,2,-1.0,-0.037429674856308215
exp1a_11,0,0,6,1.0,0.843383917424483
exp1a_11,1,1,3,0.0,0.843383917424483
exp1a_11,0,0,3,-1.0,-0.7363996791923271
exp1a_11,1,0,2,-1.0,-0.25927842447266464
exp1a_11,1,1,6,1.0,-0.7363996791923271
exp1a_11,1,0,6,1.0,0.2178428302469978
exp1a_11,1,1,3,-1.0,0.843383917424483
exp1a_11,0,0,6,1.0,-0.25927842447266464
exp1a_11,1,1,6,1.0,-0.25927842447266464
exp1a_11,0,0,3,-1.0,0.2178428302469978
exp1a_11,0,0,3,-1.0,-0.037429674856308215
exp1a_11,1,1,3,-1.0,-0.7363996791923271
exp1a_11,0,0,6,1.0,0.2178428302469978
exp1a_11,1,1,3,0.0,-0.037429674856308215
exp1a_11,0,1,3,0.0,-0.25927842447266464
exp1a_11,0,0,3,0.0,-0.037429674856308215
exp1a_11,1,1,6,1.0,-0.037429674856308215
exp1a_11,0,0,4,0.0,0.843383917424483
exp1a_11,0,0,6,1.0,-0.7363996791923271
exp1a_11,1,1,3,0.0,-0.25927842447266464
exp1a_11,0,1,3,-1.0,-0.7363996791923271
exp1a_11,1,1,3,-1.0,0.843383917424483
exp1a_11,0,1,6,1.0,-0.25927842447266464
exp1a_11,1,1,3,0.0,0.843383917424483
exp1a_11,0,0,3,0.0,-0.7363996791923271
exp1a_11,1,0,3,0.0,-0.25927842447266464
exp1a_11,0,0,3,-1.0,-0.25927842447266464
exp1a_11,1,1,3,0.0,-0.037429674856308215
exp1a_11,1,1,6,1.0,-0.25927842447266464
exp1a_11,0,0,2,-1.0,0.843383917424483
exp1a_11,0,0,1,0.0,-0.037429674856308215
exp1a_11,0,0,1,0.0,0.843383917424483
exp1a_11,1,1,6,1.0,-0.037429674856308215
exp1a_11,1,0,2,-1.0,-0.25927842447266464
exp1a_11,0,1,2,-1.0,0.2178428302469978
exp1a_11,1,0,3,0.0,-0.7363996791923271
exp1a_11,1,0,2,-1.0,-0.037429674856308215
exp1a_11,1,1,2,-1.0,-0.7363996791923271
exp1a_11,0,0,2,0.0,0.2178428302469978
exp1a_11,1,1,2,0.0,0.2178428302469978
exp1a_11,1,1,2,-1.0,0.2178428302469978
exp1a_11,0,0,2,-1.0,-0.037429674856308215
exp1a_11,1,1,6,1.0,0.843383917424483
exp1a_11,0,0,6,1.0,0.843383917424483
exp1a_11,0,1,6,1.0,-0.7363996791923271
exp1a_11,0,0,6,1.0,0.2178428302469978
exp1a_11,1,0,6,1.0,-0.7363996791923271
exp1a_11,0,0,4,0.0,-0.25927842447266464
exp1a_11,1,1,6,1.0,0.2178428302469978
exp1a_11,0,1,6,1.0,-0.037429674856308215
exp1a_12,1,1,6,-1.0,-0.7363996791923271
exp1a_12,0,1,6,-1.0,-0.25927842447266464
exp1a_12,0,0,6,0.0,0.2178428302469978
exp1a_12,0,0,6,1.0,0.2178428302469978
exp1a_12,0,0,6,-1.0,0.843383917424483
exp1a_12,0,1,6,1.0,-0.25927842447266464
exp1a_12,0,0,6,0.0,0.843383917424483
exp1a_12,0,0,6,1.0,-0.037429674856308215
exp1a_12,1,1,6,-1.0,0.2178428302469978
exp1a_12,1,1,6,-1.0,0.843383917424483
exp1a_12,1,1,6,1.0,-0.7363996791923271
exp1a_12,0,0,6,0.0,-0.25927842447266464
exp1a_12,0,1,6,-1.0,-0.037429674856308215
exp1a_12,1,1,6,1.0,0.843383917424483
exp1a_12,1,0,6,1.0,0.2178428302469978
exp1a_12,1,1,6,0.0,-0.037429674856308215
exp1a_12,0,0,6,-1.0,0.2178428302469978
exp1a_12,1,1,3,-1.0,-0.037429674856308215
exp1a_12,1,1,6,0.0,0.843383917424483
exp1a_12,1,1,6,1.0,-0.037429674856308215
exp1a_12,0,1,6,0.0,-0.7363996791923271
exp1a_12,1,1,3,-1.0,-0.25927842447266464
exp1a_12,0,1,6,-1.0,-0.7363996791923271
exp1a_12,1,0,3,0.0,0.2178428302469978
exp1a_12,0,1,6,0.0,-0.037429674856308215
exp1a_12,1,1,6,0.0,-0.25927842447266464
exp1a_12,0,1,3,1.0,-0.7363996791923271
exp1a_12,1,1,6,0.0,-0.7363996791923271
exp1a_12,0,1,6,1.0,-0.037429674856308215
exp1a_12,1,1,6,0.0,0.843383917424483
exp1a_12,0,0,6,-1.0,0.843383917424483
exp1a_12,0,1,3,-1.0,0.2178428302469978
exp1a_12,1,1,6,-1.0,0.843383917424483
exp1a_12,1,0,3,-1.0,0.2178428302469978
exp1a_12,1,1,6,-1.0,-0.7363996791923271
exp1a_12,1,1,6,1.0,-0.037429674856308215
exp1a_12,1,0,6,1.0,-0.7363996791923271
exp1a_12,1,1,6,0.0,-0.25927842447266464
exp1a_12,0,0,3,-1.0,-0.7363996791923271
exp1a_12,1,1,6,-1.0,-0.037429674856308215
exp1a_12,0,0,3,0.0,-0.25927842447266464
exp1a_12,0,0,3,0.0,0.2178428302469978
exp1a_12,0,1,3,0.0,-0.7363996791923271
exp1a_12,0,0,6,0.0,0.843383917424483
exp1a_12,1,0,1,1.0,0.843383917424483
exp1a_12,1,0,3,1.0,-0.25927842447266464
exp1a_12,1,0,3,0.0,-0.7363996791923271
exp1a_12,0,1,3,-1.0,-0.25927842447266464
exp1a_12,1,0,3,0.0,-0.037429674856308215
exp1a_12,0,0,6,1.0,0.843383917424483
exp1a_12,0,1,6,1.0,-0.25927842447266464
exp1a_12,1,1,6,0.0,0.2178428302469978
exp1a_12,0,0,6,1.0,-0.7363996791923271
exp1a_12,0,0,6,0.0,-0.037429674856308215
exp1a_12,1,1,6,1.0,0.2178428302469978
exp1a_12,0,0,6,-1.0,-0.037429674856308215
exp1a_12,1,0,6,-1.0,-0.25927842447266464
exp1a_12,0,0,6,-1.0,0.2178428302469978
exp1a_12,1,1,6,-1.0,0.2178428302469978
exp1a_12,1,1,6,1.0,0.843383917424483
exp1a_12,1,1,6,1.0,-0.037429674856308215
exp1a_12,1,1,6,-1.0,0.843383917424483
exp1a_12,0,0,6,1.0,0.843383917424483
exp1a_12,0,1,6,0.0,0.2178428302469978
exp1a_12,1,0,6,0.0,0.2178428302469978
exp1a_12,1,0,3,-1.0,-0.037429674856308215
exp1a_12,0,1,6,0.0,-0.25927842447266464
exp1a_12,1,1,6,0.0,-0.7363996791923271
exp1a_12,1,1,6,0.0,-0.037429674856308215
exp1a_12,0,0,6,-1.0,0.843383917424483
exp1a_12,1,1,1,1.0,-0.7363996791923271
exp1a_12,1,1,6,1.0,-0.25927842447266464
exp1a_12,0,0,6,1.0,-0.7363996791923271
exp1a_12,0,0,6,0.0,0.843383917424483
exp1a_12,0,1,6,0.0,-0.037429674856308215
exp1a_12,0,1,6,-1.0,-0.037429674856308215
exp1a_12,1,0,6,-1.0,-0.7363996791923271
exp1a_12,0,0,6,0.0,-0.7363996791923271
exp1a_12,1,1,6,0.0,-0.25927842447266464
exp1a_12,0,0,6,1.0,0.2178428302469978
exp1a_12,1,1,6,1.0,0.2178428302469978
exp1a_12,1,1,6,0.0,0.843383917424483
exp1a_12,0,0,6,1.0,-0.037429674856308215
exp1a_12,0,1,3,-1.0,-0.25927842447266464
exp1a_12,0,1,3,-1.0,-0.7363996791923271
exp1a_12,1,1,3,-1.0,-0.25927842447266464
exp1a_12,0,0,6,1.0,-0.25927842447266464
exp1a_12,0,0,3,-1.0,-0.037429674856308215
exp1a_12,1,1,3,-1.0,-0.25927842447266464
exp1a_12,1,1,3,0.0,-0.25927842447266464
exp1a_12,0,1,3,0.0,-0.7363996791923271
exp1a_12,1,1,6,-1.0,0.843383917424483
exp1a_12,1,1,6,0.0,0.843383917424483
exp1a_12,0,1,3,1.0,-0.25927842447266464
exp1a_12,0,0,3,0.0,0.843383917424483
exp1a_12,0,0,3,0.0,-0.037429674856308215
exp1a_12,1,1,3,0.0,-0.037429674856308215
exp1a_12,0,1,3,-1.0,-0.7363996791923271
exp1a_12,0,0,3,-1.0,0.2178428302469978
exp1a_12,0,0,3,-1.0,0.843383917424483
exp1a_12,0,0,6,1.0,-0.037429674856308215
exp1a_12,0,0,6,0.0,-0.25927842447266464
exp1a_12,1,1,6,1.0,-0.25927842447266464
exp1a_12,1,0,3,-1.0,0.2178428302469978
exp1a_12,1,1,3,-1.0,-0.7363996791923271
exp1a_12,0,0,3,-1.0,-0.25927842447266464
exp1a_12,1,1,6,1.0,0.843383917424483
exp1a_12,0,0,6,1.0,0.843383917424483
exp1a_12,1,0,6,1.0,-0.7363996791923271
exp1a_12,1,0,3,-1.0,-0.037429674856308215
exp1a_12,1,1,3,0.0,0.2178428302469978
exp1a_12,0,0,6,1.0,-0.7363996791923271
exp1a_12,0,0,3,0.0,0.2178428302469978
exp1a_12,0,0,6,1.0,0.2178428302469978
exp1a_12,1,1,3,0.0,-0.7363996791923271
exp1a_12,1,1,6,1.0,0.2178428302469978
exp1a_12,1,0,6,1.0,-0.037429674856308215
exp1a_12,0,0,6,-1.0,0.843383917424483
exp1a_12,1,1,6,1.0,0.843383917424483
exp1a_12,1,0,6,1.0,-0.25927842447266464
exp1a_12,1,1,3,-1.0,0.2178428302469978
exp1a_12,1,1,3,0.0,0.843383917424483
exp1a_12,0,1,3,0.0,-0.7363996791923271
exp1a_12,1,1,3,-1.0,-0.25927842447266464
exp1a_12,0,0,6,1.0,-0.037429674856308215
exp1a_12,0,0,3,-1.0,0.2178428302469978
exp1a_12,0,0,6,1.0,-0.7363996791923271
exp1a_12,1,1,3,0.0,0.2178428302469978
exp1a_12,1,1,3,-1.0,0.843383917424483
exp1a_12,1,1,1,1.0,-0.7363996791923271
exp1a_12,0,0,3,0.0,-0.25927842447266464
exp1a_12,1,0,3,-1.0,-0.7363996791923271
exp1a_12,0,0,6,1.0,0.2178428302469978
exp1a_12,0,0,6,1.0,0.843383917424483
exp1a_12,0,0,6,-1.0,-0.25927842447266464
exp1a_12,1,1,6,1.0,-0.037429674856308215
exp1a_12,0,0,3,-1.0,-0.037429674856308215
exp1a_12,0,0,3,-1.0,-0.7363996791923271
exp1a_12,1,0,3,0.0,-0.7363996791923271
exp1a_12,1,0,3,0.0,-0.25927842447266464
exp1a_12,0,0,3,0.0,-0.037429674856308215
exp1a_12,0,0,1,1.0,-0.25927842447266464
exp1a_12,1,1,6,1.0,0.2178428302469978
exp1a_12,1,1,3,-1.0,-0.037429674856308215
exp1a_12,1,1,3,0.0,-0.037429674856308215
exp1a_12,1,1,3,-1.0,-0.037429674856308215
exp1a_12,1,1,3,0.0,0.2178428302469978
exp1a_12,0,0,3,-1.0,0.2178428302469978
exp1a_12,1,1,3,-1.0,0.843383917424483
exp1a_12,0,0,3,-1.0,-0.037429674856308215
exp1a_12,1,1,6,1.0,0.843383917424483
exp1a_12,1,0,3,-1.0,-0.7363996791923271
exp1a_12,1,1,5,0.0,-0.7363996791923271
exp1a_12,0,0,6,1.0,0.843383917424483
exp1a_12,0,1,6,1.0,-0.25927842447266464
exp1a_12,1,1,3,-1.0,0.2178428302469978
exp1a_12,0,0,3,0.0,0.843383917424483
exp1a_12,0,0,3,-1.0,-0.25927842447266464
exp1a_12,0,0,3,0.0,-0.7363996791923271
exp1a_12,1,0,3,1.0,-0.7363996791923271
exp1a_12,0,0,6,1.0,0.2178428302469978
exp1a_12,1,0,3,-1.0,-0.25927842447266464
exp1a_12,0,0,3,0.0,-0.037429674856308215
exp1a_12,1,0,3,1.0,-0.037429674856308215
exp1a_12,0,0,3,0.0,-0.25927842447266464
exp1a_12,0,0,3,-1.0,-0.7363996791923271
exp1a_12,1,1,3,0.0,0.843383917424483
exp1a_12,0,0,6,1.0,-0.037429674856308215
exp1a_12,1,0,3,0.0,-0.037429674856308215
exp1a_12,1,1,6,1.0,0.2178428302469978
exp1a_12,0,0,3,1.0,-0.7363996791923271
exp1a_12,1,0,3,1.0,-0.25927842447266464
exp1a_12,0,1,3,0.0,0.2178428302469978
exp1a_12,1,1,3,0.0,-0.25927842447266464
exp1a_12,1,1,3,0.0,0.843383917424483
exp1a_12,0,0,3,0.0,0.843383917424483
exp1a_12,1,0,3,1.0,-0.25927842447266464
exp1a_12,1,1,3,-1.0,-0.037429674856308215
exp1a_12,1,1,3,0.0,-0.25927842447266464
exp1a_12,0,0,3,0.0,-0.7363996791923271
exp1a_12,0,1,3,1.0,0.2178428302469978
exp1a_12,0,0,3,1.0,-0.25927842447266464
exp1a_12,1,1,3,0.0,-0.7363996791923271
exp1a_12,0,1,3,1.0,-0.7363996791923271
exp1a_12,0,1,3,0.0,-0.037429674856308215
exp1a_12,0,1,3,0.0,-0.25927842447266464
exp1a_12,0,1,3,-1.0,-0.25927842447266464
exp1a_12,1,1,6,1.0,0.843383917424483
exp1a_12,1,1,3,0.0,0.2178428302469978
exp1a_12,0,0,3,-1.0,0.843383917424483
exp1a_12,1,1,6,1.0,-0.037429674856308215
exp1a_12,0,0,3,-1.0,0.2178428302469978
exp1a_12,1,1,3,0.0,-0.037429674856308215
exp1a_12,1,1,3,-1.0,0.2178428302469978
exp1a_12,0,1,3,-1.0,-0.7363996791923271
exp1a_12,1,1,3,-1.0,-0.7363996791923271
exp1a_12,0,1,3,-1.0,-0.037429674856308215
exp1a_12,1,1,3,-1.0,-0.25927842447266464
exp1a_12,0,0,3,0.0,0.843383917424483
exp1a_12,0,0,6,1.0,0.2178428302469978
exp1a_12,0,0,3,-1.0,0.2178428302469978
exp1a_12,1,1,3,0.0,-0.25927842447266464
exp1a_12,1,1,3,-1.0,0.2178428302469978
exp1a_12,1,1,3,-1.0,-0.037429674856308215
exp1a_12,1,1,3,-1.0,-0.7363996791923271
exp1a_12,1,1,3,-1.0,-0.25927842447266464
exp1a_12,0,0,3,-1.0,0.843383917424483
exp1a_12,1,1,3,0.0,0.843383917424483
exp1a_12,0,0,6,1.0,-0.037429674856308215
exp1a_12,0,0,6,1.0,0.843383917424483
exp1a_12,0,0,3,-1.0,-0.037429674856308215
exp1a_12,0,0,3,0.0,0.2178428302469978
exp1a_12,0,0,3,-1.0,-0.7363996791923271
exp1a_12,1,1,6,1.0,0.2178428302469978
exp1a_12,1,1,3,0.0,-0.7363996791923271
exp1a_12,1,1,6,1.0,0.843383917424483
exp1a_12,1,1,3,-1.0,0.843383917424483
exp1a_12,1,1,3,0.0,-0.037429674856308215
exp1a_12,1,1,6,1.0,-0.037429674856308215
exp1a_12,1,1,3,1.0,-0.7363996791923271
exp1a_12,0,1,3,0.0,-0.25927842447266464
exp1a_12,0,1,3,-1.0,-0.25927842447266464
exp1a_13,0,0,6,1.0,0.2178428302469978
exp1a_13,0,0,6,0.0,-0.037429674856308215
exp1a_13,0,0,6,0.0,0.2178428302469978
exp1a_13,0,0,6,0.0,-0.25927842447266464
exp1a_13,0,0,6,-1.0,0.2178428302469978
exp1a_13,0,0,6,1.0,-0.037429674856308215
exp1a_13,0,1,5,-1.0,-0.037429674856308215
exp1a_13,1,1,6,0.0,-0.25927842447266464
exp1a_13,0,1,6,-1.0,-0.7363996791923271
exp1a_13,1,1,6,1.0,-0.25927842447266464
exp1a_13,1,1,6,0.0,0.2178428302469978
exp1a_13,0,0,6,0.0,0.843383917424483
exp1a_13,0,1,5,1.0,-0.25927842447266464
exp1a_13,0,0,6,1.0,0.843383917424483
exp1a_13,1,1,6,0.0,0.843383917424483
exp1a_13,1,1,6,0.0,-0.037429674856308215
exp1a_13,1,1,6,-1.0,-0.25927842447266464
exp1a_13,1,0,3,1.0,-0.7363996791923271
exp1a_13,1,1,6,1.0,-0.037429674856308215
exp1a_13,0,0,6,-1.0,0.843383917424483
exp1a_13,1,1,6,-1.0,-0.037429674856308215
exp1a_13,1,1,6,-1.0,0.843383917424483
exp1a_13,0,0,4,0.0,-0.7363996791923271
exp1a_13,0,1,4,1.0,-0.7363996791923271
exp1a_13,1,1,6,-1.0,0.2178428302469978
exp1a_13,1,1,5,0.0,-0.7363996791923271
exp1a_13,1,1,6,1.0,0.2178428302469978
exp1a_13,0,1,5,-1.0,-0.25927842447266464
exp1a_13,1,1,6,1.0,0.843383917424483
exp1a_13,0,0,5,1.0,-0.7363996791923271
exp1a_13,0,1,5,0.0,-0.25927842447266464
exp1a_13,1,1,6,1.0,0.843383917424483
exp1a_13,0,0,6,-1.0,0.2178428302469978
exp1a_13,0,0,6,-1.0,-0.037429674856308215
exp1a_13,0,0,5,1.0,-0.25927842447266464
exp1a_13,1,1,6,0.0,-0.037429674856308215
exp1a_13,1,1,6,-1.0,-0.037429674856308215
exp1a_13,0,0,6,0.0,0.2178428302469978
exp1a_13,1,1,6,1.0,-0.25927842447266464
exp1a_13,1,1,5,0.0,-0.25927842447266464
exp1a_13,1,1,6,1.0,-0.7363996791923271
exp1a_13,1,1,6,0.0,0.2178428302469978
exp1a_13,1,1,4,0.0,-0.7363996791923271
exp1a_13,0,0,5,0.0,-0.037429674856308215
exp1a_13,0,0,6,1.0,0.2178428302469978
exp1a_13,1,1,3,-1.0,-0.7363996791923271
exp1a_13,0,0,6,1.0,0.843383917424483
exp1a_13,0,0,6,-1.0,0.843383917424483
exp1a_13,1,1,6,1.0,-0.037429674856308215
exp1a_13,0,0,4,-1.0,-0.25927842447266464
exp1a_13,0,0,6,1.0,-0.037429674856308215
exp1a_13,0,0,3,-1.0,-0.7363996791923271
exp1a_13,1,0,3,-1.0,-0.25927842447266464
exp1a_13,0,0,6,0.0,0.843383917424483
exp1a_13,0,1,3,0.0,-0.7363996791923271
exp1a_13,1,1,6,-1.0,0.843383917424483
exp1a_13,1,1,6,0.0,0.843383917424483
exp1a_13,1,1,6,-1.0,0.2178428302469978
exp1a_13,1,1,6,1.0,0.2178428302469978
exp1a_13,0,0,6,1.0,0.2178428302469978
exp1a_13,1,1,6,-1.0,0.843383917424483
exp1a_13,0,1,4,0.0,-0.25927842447266464
exp1a_13,0,0,6,0.0,0.2178428302469978
exp1a_13,0,0,6,1.0,-0.25927842447266464
exp1a_13,1,1,6,1.0,0.2178428302469978
exp1a_13,1,1,5,0.0,-0.037429674856308215
exp1a_13,0,0,4,-1.0,-0.25927842447266464
exp1a_13,0,0,6,0.0,0.843383917424483
exp1a_13,0,0,6,-1.0,0.843383917424483
exp1a_13,1,0,3,0.0,-0.7363996791923271
exp1a_13,0,1,3,-1.0,-0.7363996791923271
exp1a_13,1,1,3,-1.0,-0.7363996791923271
exp1a_13,1,1,3,0.0,-0.25927842447266464
exp1a_13,0,0,3,1.0,-0.7363996791923271
exp1a_13,1,1,3,1.0,-0.037429674856308215
exp1a_13,1,1,5,-1.0,-0.037429674856308215
exp1a_13,1,1,6,-1.0,0.2178428302469978
exp1a_13,0,0,6,1.0,0.843383917424483
exp1a_13,1,0,3,1.0,-0.7363996791923271
exp1a_13,1,1,5,0.0,0.2178428302469978
exp1a_13,0,0,6,-1.0,0.2178428302469978
exp1a_13,1,1,6,1.0,-0.25927842447266464
exp1a_13,1,1,6,-1.0,-0.25927842447266464
exp1a_13,0,0,5,1.0,-0.037429674856308215
exp1a_13,0,1,5,0.0,-0.7363996791923271
exp1a_13,0,0,5,0.0,-0.037429674856308215
exp1a_13,1,1,6,0.0,0.843383917424483
exp1a_13,0,0,6,-1.0,-0.037429674856308215
exp1a_13,1,1,6,1.0,0.843383917424483
exp1a_13,0,0,3,0.0,-0.7363996791923271
exp1a_13,0,0,4,1.0,-0.25927842447266464
exp1a_13,0,0,5,1.0,0.2178428302469978
exp1a_13,1,1,3,1.0,-0.7363996791923271
exp1a_13,0,0,5,0.0,0.2178428302469978
exp1a_13,1,1,5,1.0,-0.037429674856308215
exp1a_13,1,1,4,-1.0,-0.037429674856308215
exp1a_13,0,0,6,-1.0,0.2178428302469978
exp1a_13,0,1,6,0.0,-0.25927842447266464
exp1a_13,1,1,6,0.0,0.2178428302469978
exp1a_13,1,1,5,-1.0,-0.7363996791923271
exp1a_13,1,1,4,0.0,-0.7363996791923271
exp1a_13,0,1,3,-1.0,-0.25927842447266464
exp1a_13,1,1,6,-1.0,0.843383917424483
exp1a_13,0,1,6,1.0,-0.7363996791923271
exp1a_13,1,1,6,1.0,-0.25927842447266464
exp1a_13,1,1,4,0.0,-0.037429674856308215
exp1a_13,1,1,6,-1.0,0.2178428302469978
exp1a_13,1,1,5,0.0,-0.25927842447266464
exp1a_13,1,1,6,1.0,0.843383917424483
exp1a_13,1,0,3,1.0,0.2178428302469978
exp1a_13,0,0,5,0.0,-0.037429674856308215
exp1a_13,0,1,3,-1.0,-0.037429674856308215
exp1a_13,0,0,6,0.0,0.843383917424483
exp1a_13,1,1,5,-1.0,-0.25927842447266464
exp1a_13,0,0,6,1.0,0.843383917424483
exp1a_13,1,1,6,0.0,0.843383917424483
exp1a_13,0,0,6,-1.0,0.843383917424483
exp1a_13,0,1,5,1.0,-0.037429674856308215
exp1a_13,0,1,3,-1.0,-0.7363996791923271
exp1a_13,1,1,5,0.0,-0.25927842447266464
exp1a_13,0,0,6,-1.0,0.843383917424483
exp1a_13,0,0,6,1.0,0.843383917424483
exp1a_13,0,0,6,0.0,0.843383917424483
exp1a_13,0,0,6,1.0,0.2178428302469978
exp1a_13,1,0,4,1.0,-0.25927842447266464
exp1a_13,0,0,4,-1.0,-0.25927842447266464
exp1a_13,1,1,4,-1.0,-0.037429674856308215
exp1a_13,1,1,6,1.0,0.843383917424483
exp1a_13,1,1,5,1.0,0.2178428302469978
exp1a_13,0,0,5,-1.0,-0.037429674856308215
exp1a_13,1,1,5,0.0,-0.037429674856308215
exp1a_13,1,1,5,0.0,-0.7363996791923271
exp1a_13,0,0,3,0.0,-0.037429674856308215
exp1a_13,0,1,3,0.0,-0.7363996791923271
exp1a_13,1,1,3,1.0,-0.037429674856308215
exp1a_13,1,1,4,-1.0,0.2178428302469978
exp1a_13,1,1,6,-1.0,0.843383917424483
exp1a_13,1,1,4,-1.0,-0.7363996791923271
exp1a_13,0,1,3,-1.0,-0.7363996791923271
exp1a_13,0,0,3,1.0,-0.25927842447266464
exp1a_13,1,1,5,0.0,0.2178428302469978
exp1a_13,1,1,6,0.0,0.843383917424483
exp1a_13,0,0,4,0.0,0.2178428302469978
exp1a_13,0,0,3,1.0,-0.7363996791923271
exp1a_13,0,0,4,-1.0,0.2178428302469978
exp1a_13,0,1,3,0.0,-0.25927842447266464
exp1a_13,0,0,3,1.0,-0.037429674856308215
exp1a_13,1,1,4,1.0,-0.7363996791923271
exp1a_13,1,1,5,0.0,-0.25927842447266464
exp1a_13,0,1,4,-1.0,-0.037429674856308215
exp1a_13,0,0,3,1.0,-0.25927842447266464
exp1a_13,0,1,4,1.0,-0.7363996791923271
exp1a_13,0,0,6,-1.0,0.2178428302469978
exp1a_13,1,1,6,-1.0,0.2178428302469978
exp1a_13,0,1,4,0.0,-0.7363996791923271
exp1a_13,0,1,5,-1.0,-0.7363996791923271
exp1a_13,1,1,6,-1.0,0.843383917424483
exp1a_13,0,0,5,0.0,-0.037429674856308215
exp1a_13,0,0,5,1.0,-0.037429674856308215
exp1a_13,0,1,4,0.0,-0.25927842447266464
exp1a_13,1,1,4,1.0,-0.7363996791923271
exp1a_13,0,0,6,0.0,0.2178428302469978
exp1a_13,0,0,6,0.0,0.843383917424483
exp1a_13,1,1,6,1.0,0.2178428302469978
exp1a_13,1,1,4,0.0,-0.7363996791923271
exp1a_13,0,0,6,1.0,0.2178428302469978
exp1a_13,1,1,5,1.0,-0.25927842447266464
exp1a_13,1,1,6,0.0,0.2178428302469978
exp1a_13,1,1,6,1.0,-0.037429674856308215
exp1a_13,1,1,6,0.0,0.843383917424483
exp1a_13,0,1,6,-1.0,-0.25927842447266464
exp1a_13,0,0,6,-1.0,0.843383917424483
exp1a_13,1,1,6,-1.0,-0.25927842447266464
exp1a_13,1,1,6,1.0,0.843383917424483
exp1a_13,1,1,6,0.0,-0.037429674856308215
exp1a_13,1,1,5,-1.0,-0.037429674856308215
exp1a_13,1,1,5,-1.0,-0.7363996791923271
exp1a_13,1,1,6,-1.0,0.2178428302469978
exp1a_13,1,1,6,0.0,-0.7363996791923271
exp1a_13,0,0,6,-1.0,0.843383917424483
exp1a_13,1,1,6,0.0,-0.25927842447266464
exp1a_13,1,1,6,-1.0,0.843383917424483
exp1a_13,0,0,5,1.0,-0.7363996791923271
exp1a_13,1,1,6,1.0,-0.037429674856308215
exp1a_13,0,0,5,1.0,-0.037429674856308215
exp1a_13,0,1,6,-1.0,-0.25927842447266464
exp1a_13,0,0,5,0.0,-0.7363996791923271
exp1a_13,0,0,6,0.0,-0.037429674856308215
exp1a_13,0,0,5,-1.0,0.2178428302469978
exp1a_13,1,1,5,0.0,-0.037429674856308215
exp1a_13,0,0,6,0.0,0.2178428302469978
exp1a_13,0,0,6,1.0,0.843383917424483
exp1a_13,1,1,6,1.0,0.843383917424483
exp1a_13,1,0,6,1.0,-0.7363996791923271
exp1a_13,0,0,6,0.0,-0.25927842447266464
exp1a_13,0,0,5,1.0,-0.25927842447266464
exp1a_13,1,1,3,1.0,-0.25927842447266464
exp1a_13,0,0,5,-1.0,-0.037429674856308215
exp1a_13,0,0,6,0.0,0.843383917424483
exp1a_13,1,1,5,-1.0,-0.25927842447266464
exp1a_13,1,1,6,1.0,0.2178428302469978
exp1a_13,1,0,4,-1.0,-0.7363996791923271
exp1a_13,1,1,6,0.0,0.2178428302469978
exp1a_13,0,0,6,1.0,0.2178428302469978
exp1a_13,1,1,6,-1.0,-0.037429674856308215
exp1a_13,0,0,4,-1.0,-0.7363996791923271
exp1a_13,1,1,6,0.0,0.843383917424483
exp1a_13,1,1,6,-1.0,0.2178428302469978
exp1a_13,1,1,6,-1.0,-0.7363996791923271
exp1a_13,1,1,5,0.0,-0.25927842447266464
exp1a_13,0,1,3,1.0,-0.7363996791923271
exp1a_13,1,1,6,0.0,-0.037429674856308215
exp1a_13,0,0,6,0.0,0.2178428302469978
exp1a_13,0,1,5,0.0,-0.7363996791923271
exp1a_13,1,1,6,0.0,0.843383917424483
exp1a_13,1,1,6,0.0,0.2178428302469978
exp1a_13,1,1,6,1.0,-0.25927842447266464
exp1a_13,0,0,6,1.0,0.2178428302469978
exp1a_13,0,0,6,-1.0,0.843383917424483
exp1a_13,0,0,6,1.0,0.843383917424483
exp1a_13,1,1,6,1.0,0.843383917424483
exp1a_13,0,0,4,1.0,-0.037429674856308215
exp1a_13,1,1,6,1.0,0.2178428302469978
exp1a_13,0,1,4,-1.0,-0.7363996791923271
exp1a_13,0,0,4,0.0,-0.037429674856308215
exp1a_13,0,0,6,0.0,0.843383917424483
exp1a_13,0,0,6,-1.0,0.2178428302469978
exp1a_13,1,1,6,-1.0,0.843383917424483
exp1a_13,0,0,5,-1.0,-0.25927842447266464
exp1a_13,1,1,5,1.0,-0.7363996791923271
exp1a_13,0,0,4,0.0,-0.25927842447266464
exp1a_13,1,1,5,0.0,-0.7363996791923271
exp1a_13,1,1,6,-1.0,-0.037429674856308215
exp1a_13,1,0,4,-1.0,-0.25927842447266464
exp1a_13,1,1,6,1.0,-0.037429674856308215
exp1a_13,0,0,5,-1.0,-0.037429674856308215
exp1a_13,0,0,4,1.0,-0.25927842447266464
exp1a_14,1,1,6,-1.0,0.2178428302469978
exp1a_14,1,1,6,-1.0,0.843383917424483
exp1a_14,1,1,5,0.0,0.843383917424483
exp1a_14,0,0,6,1.0,0.843383917424483
exp1a_14,0,0,6,0.0,0.843383917424483
exp1a_14,1,1,6,0.0,-0.037429674856308215
exp1a_14,1,1,6,0.0,-0.7363996791923271
exp1a_14,1,1,6,-1.0,-0.7363996791923271
exp1a_14,1,1,6,0.0,0.2178428302469978
exp1a_14,1,1,5,1.0,-0.25927842447266464
exp1a_14,0,1,5,0.0,-0.25927842447266464
exp1a_14,0,1,6,0.0,-0.037429674856308215
exp1a_14,0,0,5,-1.0,-0.7363996791923271
exp1a_14,1,1,6,1.0,0.2178428302469978
exp1a_14,0,0,6,1.0,-0.7363996791923271
exp1a_14,0,0,6,-1.0,0.843383917424483
exp1a_14,1,1,6,-1.0,-0.25927842447266464
exp1a_14,1,1,6,-1.0,-0.037429674856308215
exp1a_14,1,1,6,0.0,-0.25927842447266464
exp1a_14,0,0,6,-1.0,-0.25927842447266464
exp1a_14,1,1,6,1.0,0.843383917424483
exp1a_14,0,0,6,0.0,0.2178428302469978
exp1a_14,0,1,6,1.0,-0.25927842447266464
exp1a_14,1,1,6,1.0,-0.037429674856308215
exp1a_14,0,1,6,1.0,-0.037429674856308215
exp1a_14,0,1,6,-1.0,0.2178428302469978
exp1a_14,0,0,6,0.0,-0.7363996791923271
exp1a_14,1,1,6,1.0,-0.7363996791923271
exp1a_14,1,1,6,1.0,-0.037429674856308215
exp1a_14,0,0,6,0.0,0.2178428302469978
exp1a_14,0,1,6,-1.0,-0.25927842447266464
exp1a_14,0,0,6,-1.0,0.2178428302469978
exp1a_14,0,1,6,1.0,0.2178428302469978
exp1a_14,0,0,6,0.0,-0.25927842447266464
exp1a_14,0,0,6,0.0,0.843383917424483
exp1a_14,0,0,6,-1.0,-0.037429674856308215
exp1a_14,1,1,6,-1.0,-0.037429674856308215
exp1a_14,1,1,6,0.0,-0.25927842447266464
exp1a_14,0,1,6,0.0,-0.7363996791923271
exp1a_14,0,1,6,-1.0,-0.7363996791923271
exp1a_14,1,0,6,-1.0,-0.7363996791923271
exp1a_14,0,0,6,1.0,0.843383917424483
exp1a_14,1,1,6,1.0,0.843383917424483
exp1a_14,1,1,6,0.0,0.843383917424483
exp1a_14,0,0,6,1.0,-0.037429674856308215
exp1a_14,0,0,6,1.0,-0.25927842447266464
exp1a_14,1,1,6,1.0,-0.25927842447266464
exp1a_14,1,0,6,0.0,-0.7363996791923271
exp1a_14,1,1,6,-1.0,0.2178428302469978
exp1a_14,1,1,6,-1.0,0.843383917424483
exp1a_14,1,1,6,0.0,0.2178428302469978
exp1a_14,1,1,6,-1.0,-0.25927842447266464
exp1a_14,0,0,6,-1.0,0.843383917424483
exp1a_14,1,1,6,1.0,-0.7363996791923271
exp1a_14,1,1,6,0.0,-0.037429674856308215
exp1a_14,0,1,6,1.0,-0.7363996791923271
exp1a_14,1,1,6,1.0,0.2178428302469978
exp1a_14,1,1,6,-1.0,0.843383917424483
exp1a_14,1,1,5,-1.0,-0.7363996791923271
exp1a_14,0,0,6,1.0,-0.25927842447266464
exp1a_14,1,0,6,1.0,-0.7363996791923271
exp1a_14,0,0,6,-1.0,-0.037429674856308215
exp1a_14,0,0,6,-1.0,0.843383917424483
exp1a_14,0,0,6,1.0,-0.037429674856308215
exp1a_14,0,0,6,-1.0,0.2178428302469978
exp1a_14,1,1,6,1.0,-0.037429674856308215
exp1a_14,0,0,6,0.0,0.843383917424483
exp1a_14,1,0,6,1.0,-0.25927842447266464
exp1a_14,1,1,6,0.0,0.843383917424483
exp1a_14,1,0,6,-1.0,-0.037429674856308215
exp1a_14,0,0,6,1.0,-0.7363996791923271
exp1a_14,1,1,6,-1.0,-0.25927842447266464
exp1a_14,1,1,6,0.0,-0.25927842447266464
exp1a_14,1,1,6,1.0,0.2178428302469978
exp1a_14,1,1,6,0.0,0.2178428302469978
exp1a_14,0,0,6,-1.0,-0.7363996791923271
exp1a_14,0,0,6,-1.0,-0.25927842447266464
exp1a_14,0,1,6,0.0,-0.25927842447266464
exp1a_14,1,1,6,-1.0,0.2178428302469978
exp1a_14,1,1,5,0.0,-0.7363996791923271
exp1a_14,0,1,6,0.0,-0.7363996791923271
exp1a_14,0,0,6,1.0,0.843383917424483
exp1a_14,1,1,5,1.0,0.843383917424483
exp1a_14,0,1,6,0.0,0.2178428302469978
exp1a_14,0,1,6,1.0,-0.037429674856308215
exp1a_14,1,1,5,0.0,-0.25927842447266464
exp1a_14,1,1,6,-1.0,-0.037429674856308215
exp1a_14,0,1,6,0.0,-0.037429674856308215
exp1a_14,0,1,5,1.0,-0.7363996791923271
exp1a_14,1,1,5,1.0,-0.037429674856308215
exp1a_14,1,1,6,0.0,0.843383917424483
exp1a_14,0,1,6,-1.0,-0.037429674856308215
exp1a_14,0,0,6,-1.0,-0.25927842447266464
exp1a_14,1,1,6,-1.0,0.2178428302469978
exp1a_14,1,1,5,0.0,0.2178428302469978
exp1a_14,1,1,5,0.0,-0.7363996791923271
exp1a_14,0,0,6,0.0,0.843383917424483
exp1a_14,0,0,6,1.0,0.2178428302469978
exp1a_14,0,1,6,-1.0,-0.7363996791923271
exp1a_14,1,0,6,-1.0,-0.25927842447266464
exp1a_14,1,1,6,1.0,-0.7363996791923271
exp1a_14,1,1,5,1.0,-0.25927842447266464
exp1a_14,1,0,6,-1.0,-0.7363996791923271
exp1a_14,1,1,5,1.0,0.843383917424483
exp1a_14,0,0,6,0.0,0.2178428302469978
exp1a_14,0,1,6,0.0,-0.25927842447266464
exp1a_14,0,0,6,0.0,-0.7363996791923271
exp1a_14,1,1,6,1.0,0.2178428302469978
exp1a_14,0,0,6,1.0,-0.25927842447266464
exp1a_14,1,1,6,-1.0,0.843383917424483
exp1a_14,0,0,6,-1.0,0.843383917424483
exp1a_14,0,0,5,0.0,-0.037429674856308215
exp1a_14,1,1,6,0.0,-0.25927842447266464
exp1a_14,1,1,6,0.0,-0.7363996791923271
exp1a_14,1,0,5,0.0,-0.037429674856308215
exp1a_14,0,0,6,0.0,0.843383917424483
exp1a_14,0,1,6,1.0,0.2178428302469978
exp1a_14,0,0,5,0.0,-0.7363996791923271
exp1a_14,1,0,6,-1.0,-0.7363996791923271
exp1a_14,1,0,6,-1.0,-0.25927842447266464
exp1a_14,0,0,5,0.0,0.2178428302469978
exp1a_14,0,0,6,-1.0,-0.037429674856308215
exp1a_14,0,0,6,-1.0,-0.7363996791923271
exp1a_14,1,1,5,1.0,0.843383917424483
exp1a_14,1,0,6,1.0,-0.7363996791923271
exp1a_14,0,0,6,1.0,0.843383917424483
exp1a_14,0,0,5,1.0,-0.7363996791923271
exp1a_14,1,1,5,-1.0,0.843383917424483
exp1a_14,1,0,6,1.0,-0.25927842447266464
exp1a_14,1,1,6,-1.0,0.2178428302469978
exp1a_14,1,1,6,-1.0,-0.037429674856308215
exp1a_14,0,1,6,-1.0,-0.25927842447266464
exp1a_14,0,0,5,0.0,-0.25927842447266464
exp1a_14,1,1,6,0.0,0.843383917424483
exp1a_14,1,1,6,0.0,-0.7363996791923271
exp1a_14,0,0,6,1.0,-0.037429674856308215
exp1a_14,1,1,6,-1.0,-0.25927842447266464
exp1a_14,0,0,6,0.0,-0.7363996791923271
exp1a_14,1,0,6,1.0,-0.25927842447266464
exp1a_14,1,1,6,-1.0,-0.037429674856308215
exp1a_14,0,1,6,0.0,-0.25927842447266464
exp1a_14,0,0,6,-1.0,-0.037429674856308215
exp1a_14,1,0,6,-1.0,-0.7363996791923271
exp1a_14,1,1,6,1.0,0.843383917424483
exp1a_14,1,1,6,1.0,-0.7363996791923271
exp1a_14,0,0,6,1.0,0.843383917424483
exp1a_14,1,1,6,-1.0,0.843383917424483
exp1a_14,0,0,6,-1.0,-0.25927842447266464
exp1a_14,1,0,5,1.0,0.2178428302469978
exp1a_14,0,0,6,-1.0,0.843383917424483
exp1a_14,0,1,6,-1.0,0.2178428302469978
exp1a_14,0,0,5,0.0,-0.037429674856308215
exp1a_14,0,0,6,1.0,-0.25927842447266464
exp1a_14,0,0,6,0.0,0.843383917424483
exp1a_14,0,1,6,-1.0,-0.7363996791923271
exp1a_14,1,1,6,0.0,-0.25927842447266464
exp1a_14,1,1,6,0.0,-0.037429674856308215
exp1a_14,0,0,6,0.0,0.2178428302469978
exp1a_14,1,0,6,0.0,-0.037429674856308215
exp1a_14,0,0,6,0.0,-0.7363996791923271
exp1a_14,1,1,6,1.0,-0.25927842447266464
exp1a_14,1,0,5,1.0,-0.7363996791923271
exp1a_14,1,1,6,-1.0,-0.037429674856308215
exp1a_14,0,0,6,1.0,0.843383917424483
exp1a_14,0,0,6,0.0,0.2178428302469978
exp1a_14,1,0,5,0.0,-0.7363996791923271
exp1a_14,1,1,6,0.0,0.2178428302469978
exp1a_14,0,0,5,-1.0,0.843383917424483
exp1a_14,0,0,6,0.0,0.843383917424483
exp1a_14,0,0,6,0.0,-0.25927842447266464
exp1a_14,1,1,6,0.0,-0.25927842447266464
exp1a_14,1,1,6,1.0,-0.037429674856308215
exp1a_14,1,0,6,-1.0,-0.25927842447266464
exp1a_14,1,1,6,0.0,0.843383917424483
exp1a_14,0,0,6,1.0,0.2178428302469978
exp1a_14,0,0,6,1.0,-0.25927842447266464
exp1a_14,1,1,6,-1.0,0.2178428302469978
exp1a_14,0,1,6,1.0,-0.7363996791923271
exp1a_14,1,1,6,1.0,0.2178428302469978
exp1a_14,0,0,6,-1.0,0.2178428302469978
exp1a_14,1,1,6,0.0,0.843383917424483
exp1a_14,0,0,6,0.0,-0.037429674856308215
exp1a_14,0,0,5,0.0,0.2178428302469978
exp1a_14,1,1,6,-1.0,0.2178428302469978
exp1a_14,1,1,6,0.0,-0.7363996791923271
exp1a_14,1,1,6,1.0,0.843383917424483
exp1a_14,0,0,6,-1.0,0.2178428302469978
exp1a_14,1,1,6,-1.0,0.843383917424483
exp1a_14,0,0,6,-1.0,-0.037429674856308215
exp1a_14,0,0,6,1.0,0.843383917424483
exp1a_14,0,0,6,0.0,0.843383917424483
exp1a_14,1,1,6,1.0,-0.7363996791923271
exp1a_14,1,1,6,0.0,-0.037429674856308215
exp1a_14,0,1,6,1.0,-0.037429674856308215
exp1a_14,1,1,6,-1.0,-0.7363996791923271
exp1a_14,1,1,6,1.0,-0.037429674856308215
exp1a_14,0,1,6,-1.0,-0.7363996791923271
exp1a_14,1,1,6,1.0,0.2178428302469978
exp1a_14,1,1,6,0.0,-0.25927842447266464
exp1a_14,0,1,6,0.0,-0.7363996791923271
exp1a_14,1,1,6,-1.0,-0.037429674856308215
exp1a_14,1,1,6,1.0,-0.25927842447266464
exp1a_14,0,0,6,-1.0,0.843383917424483
exp1a_14,0,1,6,1.0,-0.7363996791923271
exp1a_14,1,1,6,-1.0,-0.25927842447266464
exp1a_14,1,1,6,0.0,0.2178428302469978
exp1a_14,0,1,6,0.0,-0.25927842447266464
exp1a_14,0,1,6,-1.0,-0.25927842447266464
exp1a_15,1,1,6,1.0,0.843383917424483
exp1a_15,0,0,6,-1.0,-0.037429674856308215
exp1a_15,1,1,6,-1.0,-0.7363996791923271
exp1a_15,0,1,6,-1.0,-0.7363996791923271
exp1a_15,1,1,6,-1.0,0.843383917424483
exp1a_15,0,0,6,1.0,0.843383917424483
exp1a_15,1,1,6,0.0,-0.037429674856308215
exp1a_15,0,0,6,0.0,-0.7363996791923271
exp1a_15,1,1,6,0.0,0.2178428302469978
exp1a_15,1,1,6,0.0,0.843383917424483
exp1a_15,1,1,6,1.0,-0.25927842447266464
exp1a_15,0,1,6,-1.0,-0.25927842447266464
exp1a_15,0,0,6,0.0,0.2178428302469978
exp1a_15,0,0,6,0.0,-0.037429674856308215
exp1a_15,0,0,6,1.0,-0.25927842447266464
exp1a_15,1,1,6,-1.0,-0.25927842447266464
exp1a_15,1,1,6,-1.0,0.2178428302469978
exp1a_15,0,0,6,-1.0,0.843383917424483
exp1a_15,1,1,6,0.0,-0.7363996791923271
exp1a_15,1,0,6,1.0,-0.037429674856308215
exp1a_15,0,0,6,1.0,-0.037429674856308215
exp1a_15,1,1,6,1.0,-0.7363996791923271
exp1a_15,1,1,6,1.0,0.2178428302469978
exp1a_15,0,1,6,0.0,-0.25927842447266464
exp1a_15,0,1,6,1.0,-0.7363996791923271
exp1a_15,0,0,6,1.0,0.2178428302469978
exp1a_15,1,1,6,0.0,-0.25927842447266464
exp1a_15,0,0,6,-1.0,0.2178428302469978
exp1a_15,0,0,6,0.0,0.843383917424483
exp1a_15,1,0,6,-1.0,-0.037429674856308215
exp1a_15,1,0,6,1.0,-0.25927842447266464
exp1a_15,1,1,6,1.0,-0.7363996791923271
exp1a_15,0,1,6,1.0,-0.037429674856308215
exp1a_15,1,1,6,-1.0,0.2178428302469978
exp1a_15,0,0,6,1.0,0.843383917424483
exp1a_15,1,1,6,0.0,0.843383917424483
exp1a_15,0,0,6,-1.0,-0.25927842447266464
exp1a_15,0,1,6,0.0,-0.7363996791923271
exp1a_15,1,0,6,0.0,-0.25927842447266464
exp1a_15,1,1,5,-1.0,-0.25927842447266464
exp1a_15,0,0,6,0.0,0.843383917424483
exp1a_15,1,1,6,-1.0,-0.037429674856308215
exp1a_15,0,1,6,-1.0,-0.037429674856308215
exp1a_15,1,1,6,0.0,-0.037429674856308215
exp1a_15,1,1,6,1.0,0.843383917424483
exp1a_15,0,0,6,-1.0,0.843383917424483
exp1a_15,0,0,6,-1.0,0.2178428302469978
exp1a_15,0,1,5,0.0,-0.25927842447266464
exp1a_15,1,0,5,-1.0,-0.7363996791923271
exp1a_15,0,1,6,-1.0,-0.7363996791923271
exp1a_15,1,1,6,1.0,-0.037429674856308215
exp1a_15,1,1,6,0.0,0.2178428302469978
exp1a_15,0,1,6,1.0,-0.25927842447266464
exp1a_15,0,0,6,1.0,0.2178428302469978
exp1a_15,1,1,6,-1.0,0.843383917424483
exp1a_15,1,1,6,0.0,-0.7363996791923271
exp1a_15,0,0,6,0.0,0.2178428302469978
exp1a_15,0,1,6,1.0,-0.7363996791923271
exp1a_15,0,0,6,0.0,-0.037429674856308215
exp1a_15,1,1,6,1.0,0.2178428302469978
exp1a_15,1,1,6,-1.0,-0.037429674856308215
exp1a_15,0,0,6,0.0,-0.25927842447266464
exp1a_15,0,1,6,0.0,-0.7363996791923271
exp1a_15,0,0,6,-1.0,-0.25927842447266464
exp1a_15,1,0,6,1.0,-0.25927842447266464
exp1a_15,1,1,5,0.0,-0.7363996791923271
exp1a_15,1,1,5,0.0,-0.25927842447266464
exp1a_15,0,0,6,1.0,-0.037429674856308215
exp1a_15,0,0,6,1.0,0.843383917424483
exp1a_15,1,1,6,1.0,0.843383917424483
exp1a_15,1,1,6,1.0,-0.037429674856308215
exp1a_15,1,0,6,-1.0,-0.25927842447266464
exp1a_15,0,0,6,0.0,0.2178428302469978
exp1a_15,1,0,6,1.0,-0.7363996791923271
exp1a_15,1,1,6,1.0,0.2178428302469978
exp1a_15,0,0,6,0.0,-0.037429674856308215
exp1a_15,0,0,6,0.0,0.843383917424483
exp1a_15,0,0,6,1.0,-0.25927842447266464
exp1a_15,1,1,6,-1.0,0.2178428302469978
exp1a_15,0,0,6,1.0,-0.7363996791923271
exp1a_15,0,0,6,-1.0,-0.037429674856308215
exp1a_15,1,1,6,0.0,0.843383917424483
exp1a_15,0,0,6,-1.0,0.2178428302469978
exp1a_15,1,1,6,-1.0,0.843383917424483
exp1a_15,0,0,5,-1.0,-0.7363996791923271
exp1a_15,1,1,6,0.0,0.2178428302469978
exp1a_15,0,0,6,1.0,0.2178428302469978
exp1a_15,1,1,6,0.0,-0.037429674856308215
exp1a_15,0,0,6,-1.0,0.843383917424483
exp1a_15,1,1,5,-1.0,-0.7363996791923271
exp1a_15,0,0,6,0.0,-0.037429674856308215
exp1a_15,0,1,6,-1.0,-0.25927842447266464
exp1a_15,1,1,6,-1.0,0.2178428302469978
exp1a_15,0,1,5,-1.0,-0.7363996791923271
exp1a_15,0,1,5,0.0,-0.25927842447266464
exp1a_15,0,0,6,0.0,0.843383917424483
exp1a_15,1,1,6,1.0,0.2178428302469978
exp1a_15,1,1,5,0.0,-0.037429674856308215
exp1a_15,1,1,6,1.0,0.843383917424483
exp1a_15,0,1,6,0.0,-0.7363996791923271
exp1a_15,1,1,6,1.0,-0.037429674856308215
exp1a_15,1,1,6,-1.0,-0.037429674856308215
exp1a_15,1,1,6,0.0,-0.7363996791923271
exp1a_15,1,1,5,1.0,-0.25927842447266464
exp1a_15,0,1,5,-1.0,-0.037429674856308215
exp1a_15,0,1,5,1.0,-0.25927842447266464
exp1a_15,1,1,6,-1.0,-0.25927842447266464
exp1a_15,1,1,6,1.0,-0.7363996791923271
exp1a_15,0,0,6,-1.0,0.843383917424483
exp1a_15,0,0,6,1.0,0.2178428302469978
exp1a_15,0,0,6,0.0,0.2178428302469978
exp1a_15,1,1,6,0.0,0.2178428302469978
exp1a_15,0,0,6,-1.0,0.2178428302469978
exp1a_15,1,1,6,0.0,-0.25927842447266464
exp1a_15,0,0,6,1.0,0.843383917424483
exp1a_15,0,0,6,1.0,-0.7363996791923271
exp1a_15,0,0,6,1.0,-0.037429674856308215
exp1a_15,1,1,6,-1.0,0.843383917424483
exp1a_15,1,1,6,0.0,0.843383917424483
exp1a_15,1,1,6,-1.0,-0.7363996791923271
exp1a_15,1,1,6,-1.0,0.843383917424483
exp1a_15,1,1,5,1.0,-0.7363996791923271
exp1a_15,0,1,5,-1.0,-0.7363996791923271
exp1a_15,1,1,6,-1.0,-0.25927842447266464
exp1a_15,1,1,6,0.0,0.2178428302469978
exp1a_15,0,0,6,-1.0,0.843383917424483
exp1a_15,0,0,6,-1.0,0.2178428302469978
exp1a_15,1,1,6,-1.0,0.2178428302469978
exp1a_15,1,1,6,0.0,-0.037429674856308215
exp1a_15,0,0,5,0.0,-0.7363996791923271
exp1a_15,0,1,6,1.0,-0.25927842447266464
exp1a_15,1,1,6,0.0,0.843383917424483
exp1a_15,0,0,5,1.0,-0.7363996791923271
exp1a_15,0,1,5,0.0,-0.25927842447266464
exp1a_15,0,1,4,0.0,-0.037429674856308215
exp1a_15,0,1,5,1.0,-0.037429674856308215
exp1a_15,1,1,5,-1.0,-0.037429674856308215
exp1a_15,0,1,6,-1.0,-0.25927842447266464
exp1a_15,1,1,6,1.0,0.2178428302469978
exp1a_15,0,1,5,0.0,0.2178428302469978
exp1a_15,0,1,6,-1.0,-0.037429674856308215
exp1a_15,1,1,6,1.0,0.843383917424483
exp1a_15,1,1,6,1.0,-0.25927842447266464
exp1a_15,0,0,6,1.0,0.843383917424483
exp1a_15,1,1,5,-1.0,-0.7363996791923271
exp1a_15,0,0,6,0.0,0.843383917424483
exp1a_15,1,1,6,0.0,-0.7363996791923271
exp1a_15,1,1,6,0.0,-0.25927842447266464
exp1a_15,1,1,6,1.0,-0.037429674856308215
exp1a_15,0,0,6,1.0,0.2178428302469978
exp1a_15,1,1,6,-1.0,0.843383917424483
exp1a_15,0,1,6,0.0,-0.7363996791923271
exp1a_15,1,1,5,1.0,-0.7363996791923271
exp1a_15,0,1,5,-1.0,-0.037429674856308215
exp1a_15,1,1,6,-1.0,-0.037429674856308215
exp1a_15,0,0,6,-1.0,0.2178428302469978
exp1a_15,1,1,6,0.0,-0.25927842447266464
exp1a_15,0,0,5,-1.0,-0.25927842447266464
exp1a_15,0,0,6,1.0,0.843383917424483
exp1a_15,0,0,6,-1.0,0.843383917424483
exp1a_15,0,0,6,1.0,-0.7363996791923271
exp1a_15,1,1,5,1.0,-0.25927842447266464
exp1a_15,0,0,5,1.0,-0.25927842447266464
exp1a_15,1,0,5,-1.0,-0.25927842447266464
exp1a_15,0,0,5,0.0,-0.25927842447266464
exp1a_15,1,1,6,1.0,0.2178428302469978
exp1a_15,1,0,6,0.0,-0.7363996791923271
exp1a_15,1,1,6,0.0,0.843383917424483
exp1a_15,1,1,6,1.0,0.843383917424483
exp1a_15,0,0,6,1.0,0.2178428302469978
exp1a_15,0,0,6,0.0,0.843383917424483
exp1a_15,1,1,6,0.0,-0.037429674856308215
exp1a_15,0,0,6,1.0,-0.037429674856308215
exp1a_15,1,1,6,0.0,0.2178428302469978
exp1a_15,0,1,6,0.0,-0.037429674856308215
exp1a_15,0,1,6,-1.0,-0.7363996791923271
exp1a_15,1,1,6,-1.0,0.2178428302469978
exp1a_15,0,0,6,0.0,0.2178428302469978
exp1a_15,1,1,6,-1.0,-0.7363996791923271
exp1a_15,0,0,6,-1.0,0.843383917424483
exp1a_15,0,1,6,1.0,-0.7363996791923271
exp1a_15,1,1,6,0.0,-0.25927842447266464
exp1a_15,1,1,6,0.0,-0.037429674856308215
exp1a_15,1,1,6,1.0,0.843383917424483
exp1a_15,1,1,6,-1.0,-0.25927842447266464
exp1a_15,1,0,5,1.0,-0.7363996791923271
exp1a_15,1,1,6,0.0,0.843383917424483
exp1a_15,0,0,6,-1.0,-0.037429674856308215
exp1a_15,1,1,6,-1.0,0.843383917424483
exp1a_15,0,1,6,0.0,-0.037429674856308215
exp1a_15,0,1,5,1.0,-0.037429674856308215
exp1a_15,0,0,6,1.0,0.843383917424483
exp1a_15,0,0,4,-1.0,-0.7363996791923271
exp1a_15,0,1,4,-1.0,0.2178428302469978
exp1a_15,0,1,5,0.0,-0.25927842447266464
exp1a_15,1,0,4,1.0,-0.25927842447266464
exp1a_15,0,0,6,0.0,0.2178428302469978
exp1a_15,1,1,5,-1.0,0.2178428302469978
exp1a_15,0,0,6,1.0,-0.25927842447266464
exp1a_15,1,1,6,1.0,-0.037429674856308215
exp1a_15,1,0,5,0.0,-0.7363996791923271
exp1a_15,0,0,6,1.0,0.2178428302469978
exp1a_15,1,1,6,0.0,0.2178428302469978
exp1a_15,0,0,6,0.0,0.843383917424483
exp1a_15,1,1,2,-1.0,-0.037429674856308215
exp1a_15,1,0,4,-1.0,-0.7363996791923271
exp1a_15,0,0,5,0.0,-0.7363996791923271
exp1a_15,0,0,6,-1.0,-0.25927842447266464
exp1a_15,1,0,6,1.0,0.2178428302469978
exp1a_15,1,1,6,0.0,0.2178428302469978
exp1a_15,0,0,6,-1.0,0.2178428302469978
exp1a_15,0,0,6,0.0,-0.25927842447266464
exp1a_15,1,0,6,0.0,-0.037429674856308215
exp1a_15,1,0,5,1.0,0.2178428302469978
exp1a_15,1,1,5,-1.0,-0.25927842447266464
exp1a_15,0,0,6,1.0,-0.037429674856308215
exp1a_15,1,1,6,-1.0,-0.037429674856308215
exp1a_15,1,1,6,0.0,0.843383917424483
exp1a_15,0,0,6,0.0,0.2178428302469978
exp1a_15,0,0,6,1.0,-0.25927842447266464
exp1a_15,1,1,6,-1.0,0.843383917424483
exp1a_15,1,0,6,1.0,-0.7363996791923271
exp1a_15,1,0,6,-1.0,-0.7363996791923271
exp1a_15,1,1,6,1.0,-0.037429674856308215
exp1a_15,1,1,5,1.0,-0.25927842447266464
exp1a_15,0,0,5,1.0,-0.7363996791923271
exp1a_15,0,0,6,1.0,0.843383917424483
exp1a_15,1,1,6,-1.0,0.2178428302469978
exp1a_15,0,0,6,0.0,-0.7363996791923271
exp1a_15,0,0,6,-1.0,-0.25927842447266464
exp1a_15,0,0,6,-1.0,0.843383917424483
exp1a_15,0,0,6,0.0,0.843383917424483
exp1a_15,0,0,6,-1.0,-0.037429674856308215
exp1a_15,0,0,6,0.0,-0.037429674856308215
exp1a_15,0,0,6,1.0,0.2178428302469978
exp1a_15,1,1,6,1.0,0.843383917424483
exp1a_15,1,1,5,0.0,-0.7363996791923271
exp1a_15,1,0,6,0.0,-0.25927842447266464
exp1a_15,0,0,6,-1.0,-0.7363996791923271
exp1a_16,0,0,6,-1.0,0.843383917424483
exp1a_16,0,0,4,0.0,-0.7363996791923271
exp1a_16,1,1,5,0.0,-0.037429674856308215
exp1a_16,1,1,6,1.0,0.2178428302469978
exp1a_16,0,0,4,-1.0,-0.037429674856308215
exp1a_16,1,1,5,1.0,-0.7363996791923271
exp1a_16,1,1,6,-1.0,0.2178428302469978
exp1a_16,1,0,5,0.0,-0.7363996791923271
exp1a_16,0,0,5,0.0,-0.25927842447266464
exp1a_16,0,1,4,-1.0,-0.7363996791923271
exp1a_16,0,0,6,1.0,0.2178428302469978
exp1a_16,1,1,1,1.0,-0.037429674856308215
exp1a_16,1,1,6,-1.0,0.843383917424483
exp1a_16,0,0,6,1.0,0.843383917424483
exp1a_16,0,1,6,1.0,-0.25927842447266464
exp1a_16,1,1,6,1.0,0.843383917424483
exp1a_16,0,0,5,1.0,-0.037429674856308215
exp1a_16,0,1,6,1.0,-0.7363996791923271
exp1a_16,0,0,5,-1.0,-0.25927842447266464
exp1a_16,0,0,6,0.0,0.843383917424483
exp1a_16,0,1,5,0.0,0.2178428302469978
exp1a_16,0,0,1,0.0,-0.037429674856308215
exp1a_16,1,1,6,-1.0,-0.7363996791923271
exp1a_16,1,1,6,-1.0,-0.037429674856308215
exp1a_16,0,0,6,-1.0,0.2178428302469978
exp1a_16,1,1,6,0.0,-0.25927842447266464
exp1a_16,1,1,6,1.0,-0.25927842447266464
exp1a_16,1,1,6,-1.0,-0.25927842447266464
exp1a_16,1,1,6,0.0,0.843383917424483
exp1a_16,1,1,6,0.0,0.2178428302469978
exp1a_16,0,0,2,1.0,-0.037429674856308215
exp1a_16,0,0,6,1.0,0.2178428302469978
exp1a_16,0,1,6,0.0,-0.037429674856308215
exp1a_16,0,1,6,0.0,-0.7363996791923271
exp1a_16,0,0,6,0.0,0.843383917424483
exp1a_16,1,1,6,0.0,0.843383917424483
exp1a_16,0,1,3,-1.0,-0.25927842447266464
exp1a_16,1,1,6,1.0,0.843383917424483
exp1a_16,1,1,6,-1.0,-0.037429674856308215
exp1a_16,0,0,6,1.0,0.843383917424483
exp1a_16,0,0,6,0.0,0.2178428302469978
exp1a_16,1,1,6,0.0,0.2178428302469978
exp1a_16,0,0,5,-1.0,-0.7363996791923271
exp1a_16,0,0,6,0.0,-0.25927842447266464
exp1a_16,0,0,6,-1.0,-0.037429674856308215
exp1a_16,1,0,3,0.0,-0.25927842447266464
exp1a_16,1,1,6,-1.0,0.2178428302469978
exp1a_16,0,1,6,1.0,-0.7363996791923271
exp1a_16,1,1,6,1.0,-0.037429674856308215
exp1a_16,1,1,6,0.0,-0.7363996791923271
exp1a_16,0,1,3,1.0,-0.25927842447266464
exp1a_16,0,0,6,-1.0,0.843383917424483
exp1a_16,1,1,6,0.0,-0.037429674856308215
exp1a_16,1,1,6,1.0,0.2178428302469978
exp1a_16,1,1,6,1.0,-0.25927842447266464
exp1a_16,1,1,6,-1.0,0.843383917424483
exp1a_16,1,0,3,1.0,-0.7363996791923271
exp1a_16,1,0,3,-1.0,-0.7363996791923271
exp1a_16,1,1,3,-1.0,-0.25927842447266464
exp1a_16,0,0,6,-1.0,0.2178428302469978
exp1a_16,0,1,6,1.0,-0.7363996791923271
exp1a_16,0,0,6,0.0,-0.25927842447266464
exp1a_16,1,1,3,0.0,-0.25927842447266464
exp1a_16,0,0,6,0.0,0.2178428302469978
exp1a_16,1,0,2,0.0,-0.7363996791923271
exp1a_16,0,0,6,-1.0,0.843383917424483
exp1a_16,1,1,5,1.0,-0.037429674856308215
exp1a_16,1,1,6,0.0,0.843383917424483
exp1a_16,0,0,6,0.0,0.843383917424483
exp1a_16,0,0,4,-1.0,-0.037429674856308215
exp1a_16,1,1,6,-1.0,-0.7363996791923271
exp1a_16,1,1,6,1.0,-0.25927842447266464
exp1a_16,1,0,3,0.0,0.2178428302469978
exp1a_16,0,0,6,1.0,-0.037429674856308215
exp1a_16,1,1,6,0.0,-0.037429674856308215
exp1a_16,1,1,6,1.0,0.843383917424483
exp1a_16,1,1,5,-1.0,0.2178428302469978
exp1a_16,1,1,3,-1.0,-0.037429674856308215
exp1a_16,1,1,6,-1.0,0.843383917424483
exp1a_16,0,0,3,-1.0,-0.25927842447266464
exp1a_16,0,1,6,1.0,-0.25927842447266464
exp1a_16,1,0,1,-1.0,-0.25927842447266464
exp1a_16,0,1,4,-1.0,-0.7363996791923271
exp1a_16,1,1,6,1.0,-0.7363996791923271
exp1a_16,1,1,6,1.0,0.2178428302469978
exp1a_16,0,1,6,0.0,-0.7363996791923271
exp1a_16,0,0,3,1.0,0.2178428302469978
exp1a_16,0,0,5,-1.0,0.2178428302469978
exp1a_16,0,0,6,1.0,0.843383917424483
exp1a_16,0,0,6,0.0,-0.037429674856308215
exp1a_16,0,1,6,0.0,-0.25927842447266464
exp1a_16,1,1,6,0.0,-0.7363996791923271
exp1a_16,0,0,6,0.0,-0.7363996791923271
exp1a_16,0,1,6,1.0,-0.037429674856308215
exp1a_16,1,1,6,1.0,0.843383917424483
exp1a_16,0,0,6,1.0,-0.25927842447266464
exp1a_16,1,1,6,-1.0,-0.037429674856308215
exp1a_16,1,1,6,-1.0,-0.25927842447266464
exp1a_16,1,1,6,-1.0,0.843383917424483
exp1a_16,1,1,6,0.0,0.843383917424483
exp1a_16,0,1,6,0.0,-0.037429674856308215
exp1a_16,0,0,6,1.0,0.2178428302469978
exp1a_16,0,0,6,-1.0,-0.037429674856308215
exp1a_16,1,1,6,1.0,-0.037429674856308215
exp1a_16,1,1,6,1.0,0.2178428302469978
exp1a_16,1,1,6,1.0,-0.25927842447266464
exp1a_16,0,0,6,0.0,0.843383917424483
exp1a_16,0,0,6,-1.0,0.2178428302469978
exp1a_16,0,0,6,0.0,0.2178428302469978
exp1a_16,0,1,1,-1.0,-0.7363996791923271
exp1a_16,1,1,6,0.0,0.2178428302469978
exp1a_16,1,1,6,-1.0,0.2178428302469978
exp1a_16,0,1,6,-1.0,-0.25927842447266464
exp1a_16,1,1,6,0.0,-0.037429674856308215
exp1a_16,0,0,6,1.0,-0.7363996791923271
exp1a_16,1,1,6,1.0,-0.7363996791923271
exp1a_16,1,1,6,0.0,-0.25927842447266464
exp1a_16,0,0,6,1.0,0.843383917424483
exp1a_16,1,1,6,-1.0,-0.7363996791923271
exp1a_16,0,0,6,-1.0,0.843383917424483
exp1a_16,1,1,6,0.0,-0.25927842447266464
exp1a_16,0,0,6,1.0,0.2178428302469978
exp1a_16,0,0,6,1.0,-0.037429674856308215
exp1a_16,1,1,6,-1.0,-0.037429674856308215
exp1a_16,0,0,6,0.0,0.2178428302469978
exp1a_16,0,0,6,1.0,-0.25927842447266464
exp1a_16,0,0,6,-1.0,-0.25927842447266464
exp1a_16,0,0,6,1.0,-0.7363996791923271
exp1a_16,1,1,6,-1.0,-0.25927842447266464
exp1a_16,0,0,6,-1.0,0.843383917424483
exp1a_16,1,0,6,0.0,0.2178428302469978
exp1a_16,0,0,6,-1.0,0.2178428302469978
exp1a_16,1,1,6,-1.0,0.843383917424483
exp1a_16,1,1,6,0.0,0.843383917424483
exp1a_16,0,0,6,0.0,-0.25927842447266464
exp1a_16,1,1,6,1.0,-0.25927842447266464
exp1a_16,0,0,6,0.0,0.843383917424483
exp1a_16,1,1,6,1.0,-0.7363996791923271
exp1a_16,0,1,3,-1.0,-0.7363996791923271
exp1a_16,0,0,6,1.0,0.843383917424483
exp1a_16,0,0,6,-1.0,-0.037429674856308215
exp1a_16,1,1,6,-1.0,-0.7363996791923271
exp1a_16,1,1,6,0.0,-0.7363996791923271
exp1a_16,0,1,6,0.0,-0.7363996791923271
exp1a_16,0,1,6,0.0,-0.037429674856308215
exp1a_16,1,1,6,-1.0,0.2178428302469978
exp1a_16,1,1,6,1.0,0.843383917424483
exp1a_16,1,1,6,1.0,-0.037429674856308215
exp1a_16,0,0,6,1.0,-0.037429674856308215
exp1a_16,0,0,6,-1.0,0.2178428302469978
exp1a_16,0,1,6,-1.0,-0.7363996791923271
exp1a_16,1,1,6,0.0,0.2178428302469978
exp1a_16,1,1,6,1.0,-0.037429674856308215
exp1a_16,0,0,6,0.0,0.843383917424483
exp1a_16,1,0,6,0.0,-0.7363996791923271
exp1a_16,1,1,6,-1.0,0.843383917424483
exp1a_16,1,1,6,-1.0,-0.7363996791923271
exp1a_16,1,1,6,-1.0,-0.037429674856308215
exp1a_16,0,1,6,0.0,-0.7363996791923271
exp1a_16,1,1,6,1.0,-0.25927842447266464
exp1a_16,1,1,6,1.0,0.843383917424483
exp1a_16,0,0,3,1.0,-0.25927842447266464
exp1a_16,1,1,6,0.0,-0.25927842447266464
exp1a_16,1,1,6,0.0,-0.037429674856308215
exp1a_16,1,1,6,-1.0,-0.25927842447266464
exp1a_16,1,1,6,0.0,0.843383917424483
exp1a_16,0,0,6,1.0,0.843383917424483
exp1a_16,0,0,6,0.0,0.2178428302469978
exp1a_16,0,0,6,0.0,-0.037429674856308215
exp1a_16,1,1,6,-1.0,0.2178428302469978
exp1a_16,0,0,6,0.0,-0.25927842447266464
exp1a_16,0,1,4,-1.0,-0.037429674856308215
exp1a_16,0,0,6,1.0,0.2178428302469978
exp1a_16,0,0,6,-1.0,0.843383917424483
exp1a_16,0,0,6,1.0,-0.7363996791923271
exp1a_16,1,0,6,1.0,-0.7363996791923271
exp1a_16,1,1,6,1.0,0.2178428302469978
exp1a_16,0,0,6,0.0,-0.7363996791923271
exp1a_16,0,0,6,0.0,-0.037429674856308215
exp1a_16,1,1,6,0.0,0.2178428302469978
exp1a_16,1,0,3,1.0,-0.7363996791923271
exp1a_16,0,0,6,1.0,-0.037429674856308215
exp1a_16,0,0,6,-1.0,0.843383917424483
exp1a_16,0,0,6,1.0,0.843383917424483
exp1a_16,0,1,3,1.0,-0.7363996791923271
exp1a_16,0,0,6,-1.0,-0.7363996791923271
exp1a_16,1,1,6,1.0,0.843383917424483
exp1a_16,1,1,6,-1.0,-0.7363996791923271
exp1a_16,0,0,6,1.0,0.2178428302469978
exp1a_16,0,1,6,0.0,-0.25927842447266464
exp1a_16,1,1,6,1.0,0.2178428302469978
exp1a_16,1,1,6,1.0,-0.25927842447266464
exp1a_16,0,0,6,-1.0,0.2178428302469978
exp1a_16,0,0,6,0.0,0.843383917424483
exp1a_16,1,1,6,-1.0,0.2178428302469978
exp1a_16,1,1,6,-1.0,0.843383917424483
exp1a_16,0,0,6,1.0,-0.25927842447266464
exp1a_16,0,1,5,-1.0,-0.25927842447266464
exp1a_16,1,1,6,0.0,-0.7363996791923271
exp1a_16,1,1,6,0.0,-0.25927842447266464
exp1a_16,1,1,6,-1.0,-0.25927842447266464
exp1a_16,0,0,6,0.0,0.2178428302469978
exp1a_16,1,1,6,1.0,-0.037429674856308215
exp1a_16,1,1,6,-1.0,-0.037429674856308215
exp1a_16,1,1,6,0.0,-0.037429674856308215
exp1a_16,1,1,6,0.0,0.843383917424483
exp1a_16,0,0,6,-1.0,-0.037429674856308215
exp1a_16,1,1,6,0.0,-0.25927842447266464
exp1a_16,0,1,6,-1.0,-0.037429674856308215
exp1a_16,0,0,6,1.0,0.843383917424483
exp1a_16,0,0,6,1.0,-0.037429674856308215
exp1a_16,1,0,6,1.0,-0.7363996791923271
exp1a_16,0,1,6,1.0,0.2178428302469978
exp1a_16,0,0,6,-1.0,-0.25927842447266464
exp1a_16,1,1,6,1.0,0.2178428302469978
exp1a_16,0,0,6,-1.0,0.843383917424483
exp1a_16,1,1,6,-1.0,0.2178428302469978
exp1a_16,1,1,6,0.0,0.843383917424483
exp1a_16,0,0,6,0.0,-0.25927842447266464
exp1a_16,0,0,6,1.0,-0.25927842447266464
exp1a_16,1,1,6,-1.0,-0.25927842447266464
exp1a_16,0,0,6,0.0,0.2178428302469978
exp1a_16,1,1,6,0.0,0.2178428302469978
exp1a_16,1,0,6,0.0,-0.7363996791923271
exp1a_16,1,1,6,0.0,-0.037429674856308215
exp1a_16,0,0,6,1.0,-0.7363996791923271
exp1a_16,1,1,6,-1.0,0.843383917424483
exp1a_16,0,0,6,-1.0,0.2178428302469978
exp1a_16,0,0,6,0.0,0.843383917424483
exp1a_16,1,1,6,1.0,-0.25927842447266464
exp1a_16,0,0,6,0.0,-0.037429674856308215
exp1a_16,0,1,6,-1.0,-0.7363996791923271
exp1a_16,1,1,6,1.0,0.843383917424483
exp1a_16,1,1,6,1.0,-0.037429674856308215
exp1a_16,1,0,6,-1.0,-0.7363996791923271
exp1a_16,1,1,6,-1.0,-0.037429674856308215
exp1a_17,0,0,6,1.0,0.843383917424483
exp1a_17,1,1,6,0.0,0.843383917424483
exp1a_17,1,1,6,1.0,-0.7363996791923271
exp1a_17,0,1,6,1.0,-0.7363996791923271
exp1a_17,0,0,6,1.0,0.2178428302469978
exp1a_17,0,0,6,-1.0,0.843383917424483
exp1a_17,0,0,5,0.0,-0.25927842447266464
exp1a_17,1,1,5,-1.0,-0.7363996791923271
exp1a_17,1,0,5,-1.0,-0.25927842447266464
exp1a_17,0,0,6,-1.0,-0.25927842447266464
exp1a_17,0,0,6,1.0,-0.037429674856308215
exp1a_17,0,0,6,0.0,0.2178428302469978
exp1a_17,1,1,6,-1.0,-0.037429674856308215
exp1a_17,1,1,6,0.0,-0.25927842447266464
exp1a_17,1,1,6,0.0,-0.037429674856308215
exp1a_17,1,1,6,-1.0,0.2178428302469978
exp1a_17,0,0,6,1.0,-0.25927842447266464
exp1a_17,1,1,6,1.0,-0.25927842447266464
exp1a_17,1,1,6,1.0,0.2178428302469978
exp1a_17,1,1,6,0.0,-0.7363996791923271
exp1a_17,1,1,6,0.0,0.2178428302469978
exp1a_17,0,1,4,0.0,-0.7363996791923271
exp1a_17,0,0,5,-1.0,-0.037429674856308215
exp1a_17,1,1,6,1.0,-0.037429674856308215
exp1a_17,1,1,6,1.0,0.843383917424483
exp1a_17,1,1,6,-1.0,0.843383917424483
exp1a_17,0,0,6,-1.0,0.2178428302469978
exp1a_17,0,0,6,0.0,-0.037429674856308215
exp1a_17,0,0,6,0.0,0.843383917424483
exp1a_17,0,0,5,0.0,-0.7363996791923271
exp1a_17,1,1,6,-1.0,-0.037429674856308215
exp1a_17,0,0,6,-1.0,0.2178428302469978
exp1a_17,1,1,6,-1.0,-0.25927842447266464
exp1a_17,0,0,6,0.0,0.843383917424483
exp1a_17,0,0,6,1.0,0.843383917424483
exp1a_17,0,0,6,0.0,0.2178428302469978
exp1a_17,1,1,6,0.0,0.2178428302469978
exp1a_17,1,1,6,1.0,0.843383917424483
exp1a_17,0,1,5,1.0,-0.7363996791923271
exp1a_17,1,1,6,1.0,-0.25927842447266464
exp1a_17,0,0,6,1.0,-0.037429674856308215
exp1a_17,1,1,6,-1.0,0.2178428302469978
exp1a_17,1,1,6,-1.0,0.843383917424483
exp1a_17,1,1,6,0.0,0.843383917424483
exp1a_17,0,0,6,-1.0,-0.25927842447266464
exp1a_17,1,1,5,1.0,-0.7363996791923271
exp1a_17,0,0,6,-1.0,0.843383917424483
exp1a_17,0,0,6,-1.0,-0.7363996791923271
exp1a_17,0,0,6,0.0,-0.037429674856308215
exp1a_17,1,1,4,0.0,-0.7363996791923271
exp1a_17,0,0,6,1.0,-0.25927842447266464
exp1a_17,1,1,6,1.0,-0.037429674856308215
exp1a_17,0,0,6,0.0,-0.25927842447266464
exp1a_17,1,1,6,1.0,0.2178428302469978
exp1a_17,0,0,6,1.0,0.2178428302469978
exp1a_17,1,1,6,0.0,-0.037429674856308215
exp1a_17,0,0,6,-1.0,-0.037429674856308215
exp1a_17,1,1,6,0.0,-0.25927842447266464
exp1a_17,1,1,6,0.0,-0.25927842447266464
exp1a_17,0,0,6,1.0,-0.7363996791923271
exp1a_17,0,0,6,0.0,-0.7363996791923271
exp1a_17,0,0,6,0.0,0.2178428302469978
exp1a_17,1,1,6,0.0,0.2178428302469978
exp1a_17,0,0,6,1.0,-0.25927842447266464
exp1a_17,1,1,6,-1.0,0.843383917424483
exp1a_17,0,0,6,0.0,-0.25927842447266464
exp1a_17,1,1,6,-1.0,-0.25927842447266464
exp1a_17,1,1,6,1.0,-0.7363996791923271
exp1a_17,0,0,6,1.0,0.2178428302469978
exp1a_17,1,0,4,1.0,-0.25927842447266464
exp1a_17,1,1,6,1.0,0.2178428302469978
exp1a_17,0,0,5,-1.0,-0.037429674856308215
exp1a_17,1,1,6,-1.0,-0.037429674856308215
exp1a_17,1,1,6,0.0,-0.037429674856308215
exp1a_17,1,1,6,1.0,-0.037429674856308215
exp1a_17,1,1,6,1.0,0.843383917424483
exp1a_17,1,1,6,0.0,0.843383917424483
exp1a_17,0,0,5,1.0,-0.037429674856308215
exp1a_17,0,1,4,0.0,-0.037429674856308215
exp1a_17,1,1,6,-1.0,0.2178428302469978
exp1a_17,1,1,6,-1.0,-0.7363996791923271
exp1a_17,0,0,6,-1.0,0.843383917424483
exp1a_17,0,0,6,-1.0,-0.25927842447266464
exp1a_17,1,1,4,0.0,-0.7363996791923271
exp1a_17,0,0,6,0.0,0.843383917424483
exp1a_17,0,0,6,1.0,0.843383917424483
exp1a_17,0,0,6,-1.0,0.2178428302469978
exp1a_17,0,0,6,0.0,0.843383917424483
exp1a_17,0,0,6,1.0,0.843383917424483
exp1a_17,1,1,6,1.0,0.2178428302469978
exp1a_17,0,0,6,0.0,0.2178428302469978
exp1a_17,0,0,6,-1.0,-0.7363996791923271
exp1a_17,0,0,6,0.0,-0.037429674856308215
exp1a_17,1,1,6,1.0,-0.25927842447266464
exp1a_17,0,0,5,1.0,-0.7363996791923271
exp1a_17,1,1,6,0.0,-0.037429674856308215
exp1a_17,0,0,6,1.0,-0.037429674856308215
exp1a_17,1,1,6,1.0,-0.037429674856308215
exp1a_17,0,0,6,0.0,-0.25927842447266464
exp1a_17,0,0,6,-1.0,-0.25927842447266464
exp1a_17,0,0,6,-1.0,-0.037429674856308215
exp1a_17,1,1,6,1.0,0.843383917424483
exp1a_17,0,0,6,-1.0,0.843383917424483
exp1a_17,0,1,5,0.0,-0.7363996791923271
exp1a_17,0,0,6,1.0,0.2178428302469978
exp1a_17,1,1,6,-1.0,-0.7363996791923271
exp1a_17,1,1,6,-1.0,0.2178428302469978
exp1a_17,1,1,6,0.0,0.2178428302469978
exp1a_17,1,1,6,-1.0,0.843383917424483
exp1a_17,1,1,6,1.0,-0.7363996791923271
exp1a_17,1,1,6,0.0,-0.7363996791923271
exp1a_17,0,0,6,-1.0,0.2178428302469978
exp1a_17,1,1,6,0.0,0.843383917424483
exp1a_17,1,1,6,-1.0,-0.037429674856308215
exp1a_17,1,1,6,0.0,-0.25927842447266464
exp1a_17,1,1,6,-1.0,-0.25927842447266464
exp1a_17,0,0,4,1.0,-0.25927842447266464
exp1a_17,0,0,6,0.0,0.2178428302469978
exp1a_17,0,0,6,1.0,0.2178428302469978
exp1a_17,1,1,6,1.0,0.843383917424483
exp1a_17,1,1,5,0.0,-0.037429674856308215
exp1a_17,0,1,4,-1.0,-0.7363996791923271
exp1a_17,0,0,6,0.0,0.843383917424483
exp1a_17,1,1,6,0.0,0.843383917424483
exp1a_17,0,0,6,-1.0,-0.25927842447266464
exp1a_17,1,1,6,1.0,-0.25927842447266464
exp1a_17,0,0,6,1.0,0.843383917424483
exp1a_17,1,1,4,0.0,-0.7363996791923271
exp1a_17,0,1,4,0.0,-0.7363996791923271
exp1a_17,1,1,6,-1.0,-0.037429674856308215
exp1a_17,0,0,5,1.0,-0.037429674856308215
exp1a_17,1,1,6,1.0,0.2178428302469978
exp1a_17,1,1,5,-1.0,-0.25927842447266464
exp1a_17,1,1,6,1.0,-0.037429674856308215
exp1a_17,0,0,4,0.0,-0.25927842447266464
exp1a_17,1,1,6,0.0,0.2178428302469978
exp1a_17,0,0,6,-1.0,0.843383917424483
exp1a_17,0,0,5,1.0,-0.25927842447266464
exp1a_17,0,0,5,1.0,-0.7363996791923271
exp1a_17,0,0,6,-1.0,0.2178428302469978
exp1a_17,1,1,6,1.0,-0.7363996791923271
exp1a_17,1,1,6,-1.0,0.843383917424483
exp1a_17,0,0,5,-1.0,-0.037429674856308215
exp1a_17,0,0,5,0.0,-0.037429674856308215
exp1a_17,1,1,6,0.0,-0.25927842447266464
exp1a_17,1,1,6,-1.0,0.2178428302469978
exp1a_17,1,1,4,0.0,-0.7363996791923271
exp1a_17,1,1,6,1.0,-0.037429674856308215
exp1a_17,1,1,6,-1.0,-0.25927842447266464
exp1a_17,0,0,6,1.0,0.843383917424483
exp1a_17,0,0,5,1.0,-0.037429674856308215
exp1a_17,1,1,6,-1.0,0.2178428302469978
exp1a_17,1,1,6,0.0,-0.037429674856308215
exp1a_17,1,1,6,1.0,-0.25927842447266464
exp1a_17,1,1,6,-1.0,-0.7363996791923271
exp1a_17,1,1,6,-1.0,-0.037429674856308215
exp1a_17,0,0,6,-1.0,0.843383917424483
exp1a_17,0,0,6,0.0,0.2178428302469978
exp1a_17,1,1,5,1.0,-0.7363996791923271
exp1a_17,1,1,5,1.0,0.2178428302469978
exp1a_17,0,0,5,1.0,-0.25927842447266464
exp1a_17,0,0,6,-1.0,-0.037429674856308215
exp1a_17,0,0,6,1.0,0.2178428302469978
exp1a_17,0,0,6,-1.0,0.2178428302469978
exp1a_17,0,1,6,0.0,-0.25927842447266464
exp1a_17,0,0,5,-1.0,-0.7363996791923271
exp1a_17,0,1,5,0.0,-0.7363996791923271
exp1a_17,1,1,5,0.0,-0.25927842447266464
exp1a_17,1,1,6,-1.0,0.843383917424483
exp1a_17,1,1,6,0.0,0.843383917424483
exp1a_17,0,0,6,1.0,-0.7363996791923271
exp1a_17,1,1,6,0.0,0.2178428302469978
exp1a_17,0,0,6,0.0,0.843383917424483
exp1a_17,0,1,4,-1.0,-0.25927842447266464
exp1a_17,1,1,6,1.0,0.843383917424483
exp1a_17,0,1,5,0.0,-0.037429674856308215
exp1a_17,1,1,6,-1.0,0.2178428302469978
exp1a_17,0,0,6,-1.0,0.843383917424483
exp1a_17,0,0,5,0.0,-0.7363996791923271
exp1a_17,0,0,6,-1.0,-0.037429674856308215
exp1a_17,1,1,6,0.0,-0.037429674856308215
exp1a_17,1,0,6,1.0,-0.7363996791923271
exp1a_17,1,1,6,0.0,0.843383917424483
exp1a_17,0,0,6,1.0,0.2178428302469978
exp1a_17,1,1,6,1.0,0.2178428302469978
exp1a_17,1,1,6,0.0,-0.7363996791923271
exp1a_17,1,1,6,-1.0,-0.25927842447266464
exp1a_17,0,0,6,-1.0,0.2178428302469978
exp1a_17,0,1,5,1.0,-0.7363996791923271
exp1a_17,0,1,4,-1.0,-0.7363996791923271
exp1a_17,0,0,5,1.0,-0.037429674856308215
exp1a_17,0,0,5,1.0,-0.25927842447266464
exp1a_17,1,1,6,0.0,-0.25927842447266464
exp1a_17,0,0,6,0.0,0.2178428302469978
exp1a_17,1,1,6,0.0,0.2178428302469978
exp1a_17,1,1,6,-1.0,-0.7363996791923271
exp1a_17,0,0,5,0.0,-0.037429674856308215
exp1a_17,1,1,6,1.0,0.843383917424483
exp1a_17,1,1,6,-1.0,-0.037429674856308215
exp1a_17,0,0,6,-1.0,-0.25927842447266464
exp1a_17,0,0,6,0.0,-0.25927842447266464
exp1a_17,0,0,6,1.0,0.843383917424483
exp1a_17,1,1,6,1.0,-0.037429674856308215
exp1a_17,1,1,6,-1.0,0.843383917424483
exp1a_17,0,0,6,0.0,0.843383917424483
exp1a_17,1,1,5,1.0,-0.25927842447266464
exp1a_17,1,1,6,-1.0,0.2178428302469978
exp1a_17,0,0,6,1.0,0.2178428302469978
exp1a_17,1,1,4,1.0,-0.7363996791923271
exp1a_17,0,1,4,-1.0,-0.7363996791923271
exp1a_17,0,0,6,-1.0,0.2178428302469978
exp1a_17,0,0,6,1.0,-0.037429674856308215
exp1a_17,0,0,6,0.0,0.2178428302469978
exp1a_17,1,1,6,-1.0,0.843383917424483
exp1a_17,1,1,6,0.0,0.2178428302469978
exp1a_17,1,1,6,-1.0,-0.25927842447266464
exp1a_17,0,0,5,0.0,-0.25927842447266464
exp1a_17,0,0,5,1.0,-0.7363996791923271
exp1a_17,1,1,6,1.0,0.843383917424483
exp1a_17,1,1,6,-1.0,-0.7363996791923271
exp1a_17,0,0,6,1.0,0.843383917424483
exp1a_17,0,0,6,0.0,0.843383917424483
exp1a_17,0,0,6,-1.0,0.843383917424483
exp1a_17,1,1,6,0.0,-0.037429674856308215
exp1a_17,1,1,6,0.0,-0.7363996791923271
exp1a_17,1,1,6,1.0,-0.25927842447266464
exp1a_17,0,0,6,0.0,-0.037429674856308215
exp1a_17,0,0,6,-1.0,-0.037429674856308215
exp1a_17,1,1,6,1.0,0.2178428302469978
exp1a_17,0,1,4,0.0,-0.7363996791923271
exp1a_17,1,1,6,-1.0,-0.037429674856308215
exp1a_17,1,1,6,0.0,-0.25927842447266464
exp1a_17,0,0,6,1.0,-0.25927842447266464
exp1a_17,1,1,6,0.0,0.843383917424483
exp1a_17,0,0,6,-1.0,-0.25927842447266464
exp1a_17,1,1,6,1.0,-0.037429674856308215
exp1a_18,1,1,6,0.0,0.843383917424483
exp1a_18,1,1,6,-1.0,0.843383917424483
exp1a_18,0,0,6,1.0,0.843383917424483
exp1a_18,0,1,4,0.0,-0.7363996791923271
exp1a_18,1,0,4,1.0,-0.037429674856308215
exp1a_18,0,0,4,0.0,-0.037429674856308215
exp1a_18,1,1,6,-1.0,0.2178428302469978
exp1a_18,1,1,5,1.0,-0.7363996791923271
exp1a_18,0,0,6,0.0,0.2178428302469978
exp1a_18,0,0,5,1.0,-0.7363996791923271
exp1a_18,0,0,6,-1.0,0.843383917424483
exp1a_18,0,0,6,1.0,-0.037429674856308215
exp1a_18,1,1,6,0.0,0.2178428302469978
exp1a_18,1,0,4,0.0,-0.7363996791923271
exp1a_18,0,0,6,0.0,0.843383917424483
exp1a_18,1,0,6,0.0,-0.25927842447266464
exp1a_18,1,1,6,1.0,0.2178428302469978
exp1a_18,1,0,4,-1.0,-0.7363996791923271
exp1a_18,1,0,6,-1.0,-0.25927842447266464
exp1a_18,0,0,6,-1.0,-0.037429674856308215
exp1a_18,0,0,6,-1.0,0.2178428302469978
exp1a_18,1,0,6,0.0,-0.037429674856308215
exp1a_18,0,1,4,-1.0,-0.25927842447266464
exp1a_18,0,0,6,-1.0,-0.7363996791923271
exp1a_18,1,1,6,1.0,0.843383917424483
exp1a_18,1,1,6,1.0,-0.25927842447266464
exp1a_18,0,0,6,1.0,0.2178428302469978
exp1a_18,0,0,6,0.0,-0.25927842447266464
exp1a_18,0,0,5,1.0,-0.25927842447266464
exp1a_18,1,1,6,-1.0,-0.037429674856308215
exp1a_18,0,0,6,1.0,0.843383917424483
exp1a_18,0,0,6,-1.0,0.843383917424483
exp1a_18,1,0,6,1.0,-0.25927842447266464
exp1a_18,1,0,6,0.0,-0.7363996791923271
exp1a_18,1,1,5,-1.0,-0.037429674856308215
exp1a_18,1,1,5,0.0,-0.25927842447266464
exp1a_18,0,0,3,1.0,-0.7363996791923271
exp1a_18,0,0,6,0.0,0.2178428302469978
exp1a_18,1,1,6,0.0,0.843383917424483
exp1a_18,1,0,6,1.0,-0.037429674856308215
exp1a_18,1,1,3,-1.0,-0.7363996791923271
exp1a_18,0,1,4,0.0,-0.25927842447266464
exp1a_18,0,0,6,0.0,0.843383917424483
exp1a_18,0,0,6,0.0,-0.037429674856308215
exp1a_18,1,1,6,0.0,0.2178428302469978
exp1a_18,1,1,6,1.0,0.843383917424483
exp1a_18,0,0,6,1.0,0.2178428302469978
exp1a_18,1,1,5,-1.0,-0.25927842447266464
exp1a_18,0,0,6,-1.0,0.2178428302469978
exp1a_18,0,0,4,-1.0,-0.037429674856308215
exp1a_18,0,0,4,1.0,-0.25927842447266464
exp1a_18,1,1,6,-1.0,0.843383917424483
exp1a_18,1,1,6,-1.0,0.2178428302469978
exp1a_18,0,0,6,1.0,-0.037429674856308215
exp1a_18,0,0,6,-1.0,-0.7363996791923271
exp1a_18,1,0,3,0.0,-0.037429674856308215
exp1a_18,0,0,5,0.0,-0.7363996791923271
exp1a_18,1,1,6,1.0,0.2178428302469978
exp1a_18,0,0,5,-1.0,-0.25927842447266464
exp1a_18,1,0,4,1.0,-0.7363996791923271
exp1a_18,1,1,3,1.0,-0.7363996791923271
exp1a_18,0,0,5,-1.0,-0.037429674856308215
exp1a_18,0,0,4,-1.0,-0.25927842447266464
exp1a_18,0,0,6,1.0,0.2178428302469978
exp1a_18,0,0,5,0.0,-0.037429674856308215
exp1a_18,0,0,5,-1.0,0.843383917424483
exp1a_18,1,1,4,0.0,0.2178428302469978
exp1a_18,1,1,6,1.0,0.843383917424483
exp1a_18,1,1,6,-1.0,0.843383917424483
exp1a_18,1,1,6,0.0,-0.25927842447266464
exp1a_18,0,0,5,1.0,0.843383917424483
exp1a_18,0,0,6,0.0,-0.25927842447266464
exp1a_18,1,1,6,0.0,-0.037429674856308215
exp1a_18,1,1,6,0.0,-0.7363996791923271
exp1a_18,0,0,6,0.0,0.843383917424483
exp1a_18,0,1,6,1.0,-0.25927842447266464
exp1a_18,1,1,6,-1.0,0.2178428302469978
exp1a_18,1,1,6,1.0,0.2178428302469978
exp1a_18,1,1,6,1.0,-0.037429674856308215
exp1a_18,0,0,6,0.0,0.2178428302469978
exp1a_18,1,1,6,1.0,-0.25927842447266464
exp1a_18,0,1,6,-1.0,-0.7363996791923271
exp1a_18,0,1,6,0.0,-0.7363996791923271
exp1a_18,0,0,6,-1.0,0.2178428302469978
exp1a_18,0,0,6,1.0,-0.7363996791923271
exp1a_18,1,1,6,-1.0,-0.7363996791923271
exp1a_18,1,1,5,-1.0,-0.25927842447266464
exp1a_18,1,1,6,-1.0,-0.037429674856308215
exp1a_18,0,0,6,1.0,-0.037429674856308215
exp1a_18,0,0,6,1.0,-0.7363996791923271
exp1a_18,1,1,6,1.0,0.843383917424483
exp1a_18,0,0,6,0.0,0.2178428302469978
exp1a_18,1,1,6,-1.0,-0.037429674856308215
exp1a_18,1,1,6,-1.0,-0.7363996791923271
exp1a_18,0,0,6,-1.0,0.843383917424483
exp1a_18,0,0,6,-1.0,0.2178428302469978
exp1a_18,0,0,6,-1.0,-0.037429674856308215
exp1a_18,1,1,6,-1.0,0.843383917424483
exp1a_18,0,0,6,-1.0,-0.25927842447266464
exp1a_18,0,0,6,1.0,0.843383917424483
exp1a_18,1,1,6,1.0,-0.25927842447266464
exp1a_18,0,0,6,0.0,0.843383917424483
exp1a_18,1,1,6,1.0,0.2178428302469978
exp1a_18,1,0,3,0.0,-0.7363996791923271
exp1a_18,1,1,6,0.0,0.843383917424483
exp1a_18,0,0,6,0.0,-0.7363996791923271
exp1a_18,1,1,6,0.0,0.2178428302469978
exp1a_18,1,1,6,-1.0,-0.25927842447266464
exp1a_18,0,0,6,1.0,-0.037429674856308215
exp1a_18,0,0,6,-1.0,-0.7363996791923271
exp1a_18,1,1,6,1.0,-0.7363996791923271
exp1a_18,1,1,6,-1.0,0.2178428302469978
exp1a_18,1,1,6,0.0,-0.25927842447266464
exp1a_18,0,0,4,1.0,0.2178428302469978
exp1a_18,1,1,6,0.0,-0.037429674856308215
exp1a_18,0,0,6,0.0,-0.037429674856308215
exp1a_18,1,1,6,1.0,-0.037429674856308215
exp1a_18,0,0,5,0.0,-0.25927842447266464
exp1a_18,0,0,4,1.0,-0.25927842447266464
exp1a_18,1,1,6,0.0,0.843383917424483
exp1a_18,1,0,4,1.0,-0.7363996791923271
exp1a_18,1,1,6,-1.0,-0.037429674856308215
exp1a_18,1,1,6,1.0,0.843383917424483
exp1a_18,0,0,6,0.0,0.2178428302469978
exp1a_18,1,1,4,-1.0,-0.25927842447266464
exp1a_18,0,0,6,1.0,-0.037429674856308215
exp1a_18,0,0,3,-1.0,-0.25927842447266464
exp1a_18,1,1,6,0.0,-0.037429674856308215
exp1a_18,0,0,6,-1.0,0.843383917424483
exp1a_18,1,0,5,0.0,-0.7363996791923271
exp1a_18,1,1,4,1.0,-0.25927842447266464
exp1a_18,0,0,6,-1.0,-0.037429674856308215
exp1a_18,0,0,6,1.0,0.2178428302469978
exp1a_18,0,0,6,1.0,-0.25927842447266464
exp1a_18,1,1,6,1.0,0.2178428302469978
exp1a_18,0,0,5,0.0,-0.25927842447266464
exp1a_18,1,1,6,0.0,0.2178428302469978
exp1a_18,0,0,6,1.0,0.843383917424483
exp1a_18,1,1,6,1.0,-0.037429674856308215
exp1a_18,0,0,6,0.0,-0.037429674856308215
exp1a_18,1,0,3,0.0,-0.25927842447266464
exp1a_18,1,1,6,-1.0,0.2178428302469978
exp1a_18,0,1,3,-1.0,-0.7363996791923271
exp1a_18,0,0,4,0.0,-0.7363996791923271
exp1a_18,0,1,4,1.0,-0.7363996791923271
exp1a_18,1,0,3,-1.0,-0.7363996791923271
exp1a_18,0,0,6,-1.0,0.2178428302469978
exp1a_18,0,0,6,0.0,0.843383917424483
exp1a_18,1,0,3,-1.0,-0.25927842447266464
exp1a_18,1,1,3,0.0,-0.7363996791923271
exp1a_18,1,1,4,1.0,-0.7363996791923271
exp1a_18,1,1,6,1.0,0.843383917424483
exp1a_18,0,0,6,0.0,0.2178428302469978
exp1a_18,1,1,6,0.0,0.843383917424483
exp1a_18,0,0,6,-1.0,0.2178428302469978
exp1a_18,1,1,4,-1.0,-0.7363996791923271
exp1a_18,1,1,6,-1.0,0.2178428302469978
exp1a_18,0,1,6,0.0,-0.25927842447266464
exp1a_18,0,0,6,-1.0,-0.037429674856308215
exp1a_18,0,1,6,0.0,-0.7363996791923271
exp1a_18,1,1,6,-1.0,-0.037429674856308215
exp1a_18,0,1,5,1.0,-0.7363996791923271
exp1a_18,1,1,5,0.0,-0.25927842447266464
exp1a_18,0,0,6,1.0,0.2178428302469978
exp1a_18,0,0,6,0.0,0.843383917424483
exp1a_18,0,0,6,0.0,-0.037429674856308215
exp1a_18,1,1,6,-1.0,0.843383917424483
exp1a_18,1,1,5,1.0,-0.25927842447266464
exp1a_18,0,0,2,-1.0,-0.7363996791923271
exp1a_18,0,0,6,-1.0,0.843383917424483
exp1a_18,1,1,6,1.0,-0.037429674856308215
exp1a_18,1,1,6,1.0,0.2178428302469978
exp1a_18,0,0,6,1.0,0.843383917424483
exp1a_18,1,1,6,0.0,0.2178428302469978
exp1a_18,0,1,6,-1.0,-0.25927842447266464
exp1a_18,0,0,4,1.0,-0.25927842447266464
exp1a_18,1,1,6,-1.0,0.843383917424483
exp1a_18,0,1,4,1.0,-0.25927842447266464
exp1a_18,0,0,4,-1.0,-0.7363996791923271
exp1a_18,1,1,6,1.0,0.2178428302469978
exp1a_18,1,1,5,0.0,-0.25927842447266464
exp1a_18,1,0,5,0.0,-0.7363996791923271
exp1a_18,0,0,6,1.0,0.843383917424483
exp1a_18,0,0,6,0.0,-0.7363996791923271
exp1a_18,1,1,6,1.0,-0.7363996791923271
exp1a_18,1,1,5,-1.0,-0.25927842447266464
exp1a_18,1,0,1,0.0,0.2178428302469978
exp1a_18,1,1,6,0.0,-0.037429674856308215
exp1a_18,0,0,6,1.0,-0.037429674856308215
exp1a_18,1,0,4,-1.0,-0.7363996791923271
exp1a_18,0,0,6,0.0,-0.25927842447266464
exp1a_18,0,0,6,0.0,-0.037429674856308215
exp1a_18,0,0,6,-1.0,0.2178428302469978
exp1a_18,0,0,6,-1.0,0.843383917424483
exp1a_18,1,1,6,1.0,0.843383917424483
exp1a_18,0,0,6,0.0,0.2178428302469978
exp1a_18,1,1,6,-1.0,-0.037429674856308215
exp1a_18,0,0,6,0.0,0.843383917424483
exp1a_18,1,1,6,0.0,0.843383917424483
exp1a_18,0,0,6,1.0,0.2178428302469978
exp1a_18,1,1,6,1.0,-0.037429674856308215
exp1a_18,0,1,6,1.0,-0.7363996791923271
exp1a_18,0,0,6,-1.0,-0.037429674856308215
exp1a_18,1,1,5,1.0,-0.25927842447266464
exp1a_18,1,0,4,0.0,-0.7363996791923271
exp1a_18,0,0,6,-1.0,0.843383917424483
exp1a_18,0,0,6,0.0,-0.037429674856308215
exp1a_18,1,1,6,0.0,0.2178428302469978
exp1a_18,1,0,4,-1.0,-0.7363996791923271
exp1a_18,1,1,5,0.0,-0.25927842447266464
exp1a_18,0,0,4,-1.0,-0.7363996791923271
exp1a_18,1,1,6,-1.0,0.843383917424483
exp1a_18,1,1,6,0.0,-0.037429674856308215
exp1a_18,1,1,6,0.0,0.843383917424483
exp1a_18,0,0,6,0.0,0.2178428302469978
exp1a_18,0,0,3,-1.0,-0.037429674856308215
exp1a_18,1,1,6,-1.0,0.2178428302469978
exp1a_18,1,1,6,-1.0,-0.037429674856308215
exp1a_18,1,1,6,1.0,0.2178428302469978
exp1a_18,0,0,6,-1.0,-0.25927842447266464
exp1a_18,0,1,3,0.0,-0.25927842447266464
exp1a_18,1,1,6,1.0,0.843383917424483
exp1a_18,1,1,6,1.0,-0.037429674856308215
exp1a_18,0,0,6,0.0,0.843383917424483
exp1a_18,1,1,1,-1.0,-0.25927842447266464
exp1a_18,0,0,6,-1.0,0.2178428302469978
exp1a_18,0,0,6,1.0,0.2178428302469978
exp1a_18,0,0,6,1.0,-0.037429674856308215
exp1a_18,0,0,6,1.0,0.843383917424483
exp1a_18,0,0,3,1.0,-0.25927842447266464
exp1a_18,0,0,5,1.0,-0.7363996791923271
exp1a_18,0,1,5,0.0,-0.7363996791923271
exp1a_18,1,0,3,1.0,-0.7363996791923271
exp1a_19,0,0,4,-1.0,0.2178428302469978
exp1a_19,0,0,6,1.0,-0.037429674856308215
exp1a_19,0,1,2,0.0,-0.25927842447266464
exp1a_19,1,0,5,0.0,-0.7363996791923271
exp1a_19,1,0,5,-1.0,0.2178428302469978
exp1a_19,0,0,5,0.0,-0.037429674856308215
exp1a_19,1,1,6,1.0,0.843383917424483
exp1a_19,1,0,6,1.0,-0.25927842447266464
exp1a_19,1,1,6,0.0,-0.037429674856308215
exp1a_19,0,0,6,-1.0,-0.037429674856308215
exp1a_19,0,0,6,-1.0,0.843383917424483
exp1a_19,0,0,6,1.0,0.843383917424483
exp1a_19,0,1,6,0.0,-0.7363996791923271
exp1a_19,0,0,6,0.0,0.2178428302469978
exp1a_19,1,0,6,-1.0,-0.25927842447266464
exp1a_19,0,0,6,-1.0,-0.7363996791923271
exp1a_19,1,0,5,1.0,0.2178428302469978
exp1a_19,1,0,5,1.0,-0.037429674856308215
exp1a_19,1,1,5,-1.0,-0.7363996791923271
exp1a_19,0,0,6,1.0,-0.25927842447266464
exp1a_19,1,1,6,0.0,0.843383917424483
exp1a_19,1,0,6,0.0,0.2178428302469978
exp1a_19,1,0,6,0.0,-0.25927842447266464
exp1a_19,1,1,6,-1.0,0.843383917424483
exp1a_19,0,0,6,1.0,0.2178428302469978
exp1a_19,0,0,6,0.0,0.843383917424483
exp1a_19,0,1,6,1.0,-0.7363996791923271
exp1a_19,0,0,6,-1.0,-0.25927842447266464
exp1a_19,1,0,4,-1.0,-0.037429674856308215
exp1a_19,1,0,6,1.0,-0.7363996791923271
exp1a_19,0,0,6,1.0,-0.25927842447266464
exp1a_19,0,0,6,-1.0,0.843383917424483
exp1a_19,1,1,6,0.0,0.2178428302469978
exp1a_19,1,0,6,0.0,-0.037429674856308215
exp1a_19,0,1,6,1.0,-0.7363996791923271
exp1a_19,0,0,6,0.0,0.2178428302469978
exp1a_19,0,0,6,-1.0,-0.037429674856308215
exp1a_19,0,0,6,0.0,-0.037429674856308215
exp1a_19,0,0,6,-1.0,-0.25927842447266464
exp1a_19,1,1,2,-1.0,-0.25927842447266464
exp1a_19,0,0,3,-1.0,0.2178428302469978
exp1a_19,1,1,3,-1.0,0.2178428302469978
exp1a_19,1,0,6,1.0,-0.25927842447266464
exp1a_19,1,1,6,1.0,0.843383917424483
exp1a_19,1,1,5,-1.0,-0.7363996791923271
exp1a_19,1,1,6,0.0,-0.7363996791923271
exp1a_19,1,1,6,0.0,0.843383917424483
exp1a_19,1,1,6,1.0,-0.037429674856308215
exp1a_19,1,0,6,0.0,-0.25927842447266464
exp1a_19,1,0,2,-1.0,-0.037429674856308215
exp1a_19,0,1,6,0.0,-0.7363996791923271
exp1a_19,0,1,3,-1.0,-0.7363996791923271
exp1a_19,0,1,6,0.0,-0.25927842447266464
exp1a_19,0,0,6,1.0,0.2178428302469978
exp1a_19,0,1,6,1.0,-0.037429674856308215
exp1a_19,0,0,6,1.0,0.843383917424483
exp1a_19,1,1,6,1.0,0.2178428302469978
exp1a_19,1,1,6,-1.0,0.843383917424483
exp1a_19,1,1,6,1.0,-0.7363996791923271
exp1a_19,0,0,6,0.0,0.843383917424483
exp1a_19,1,1,6,1.0,0.2178428302469978
exp1a_19,1,0,6,1.0,-0.7363996791923271
exp1a_19,1,1,6,-1.0,-0.7363996791923271
exp1a_19,1,0,6,-1.0,-0.25927842447266464
exp1a_19,0,1,6,-1.0,-0.25927842447266464
exp1a_19,0,0,6,1.0,-0.037429674856308215
exp1a_19,1,1,6,1.0,-0.037429674856308215
exp1a_19,0,1,6,1.0,-0.25927842447266464
exp1a_19,0,1,6,0.0,-0.7363996791923271
exp1a_19,1,1,6,1.0,-0.25927842447266464
exp1a_19,1,1,6,-1.0,0.843383917424483
exp1a_19,0,0,6,1.0,-0.7363996791923271
exp1a_19,0,1,6,-1.0,-0.7363996791923271
exp1a_19,1,1,6,1.0,0.843383917424483
exp1a_19,0,1,6,0.0,-0.25927842447266464
exp1a_19,0,1,6,1.0,0.2178428302469978
exp1a_19,0,1,2,-1.0,-0.037429674856308215
exp1a_19,1,1,6,0.0,-0.037429674856308215
exp1a_19,1,1,6,0.0,-0.25927842447266464
exp1a_19,0,1,6,1.0,0.843383917424483
exp1a_19,1,1,1,-1.0,-0.037429674856308215
exp1a_19,0,0,6,0.0,0.843383917424483
exp1a_19,1,0,6,0.0,0.2178428302469978
exp1a_19,0,0,1,-1.0,0.2178428302469978
exp1a_19,1,1,6,0.0,0.843383917424483
exp1a_19,0,1,6,0.0,0.2178428302469978
exp1a_19,0,0,6,0.0,-0.037429674856308215
exp1a_19,1,1,1,-1.0,0.2178428302469978
exp1a_19,1,0,6,0.0,-0.7363996791923271
exp1a_19,0,0,1,-1.0,0.843383917424483
exp1a_19,1,1,1,-1.0,0.843383917424483
exp1a_19,0,0,6,0.0,0.843383917424483
exp1a_19,1,1,6,1.0,-0.037429674856308215
exp1a_19,0,0,6,1.0,0.843383917424483
exp1a_19,0,0,1,-1.0,0.2178428302469978
exp1a_19,0,0,6,1.0,-0.037429674856308215
exp1a_19,0,1,6,0.0,-0.037429674856308215
exp1a_19,1,0,6,-1.0,-0.7363996791923271
exp1a_19,1,0,6,1.0,-0.7363996791923271
exp1a_19,1,1,6,0.0,0.843383917424483
exp1a_19,0,0,6,0.0,-0.25927842447266464
exp1a_19,1,1,6,0.0,0.2178428302469978
exp1a_19,0,1,6,0.0,0.2178428302469978
exp1a_19,0,0,1,-1.0,-0.25927842447266464
exp1a_19,0,1,6,1.0,-0.7363996791923271
exp1a_19,0,1,6,1.0,-0.25927842447266464
exp1a_19,0,1,6,1.0,0.2178428302469978
exp1a_19,0,1,1,-1.0,-0.7363996791923271
exp1a_19,1,0,6,1.0,0.2178428302469978
exp1a_19,1,1,2,-1.0,-0.25927842447266464
exp1a_19,1,1,6,0.0,-0.7363996791923271
exp1a_19,1,1,6,1.0,-0.25927842447266464
exp1a_19,0,1,2,-1.0,-0.037429674856308215
exp1a_19,1,1,2,-1.0,0.2178428302469978
exp1a_19,0,0,2,-1.0,0.843383917424483
exp1a_19,0,1,6,0.0,-0.7363996791923271
exp1a_19,1,1,6,-1.0,-0.037429674856308215
exp1a_19,1,1,6,0.0,-0.25927842447266464
exp1a_19,1,1,6,0.0,-0.037429674856308215
exp1a_19,1,1,6,0.0,-0.25927842447266464
exp1a_19,1,1,2,-1.0,0.843383917424483
exp1a_19,0,0,6,0.0,0.843383917424483
exp1a_19,1,1,6,1.0,-0.037429674856308215
exp1a_19,1,1,6,1.0,-0.7363996791923271
exp1a_19,0,1,6,1.0,-0.7363996791923271
exp1a_19,1,1,1,-1.0,0.2178428302469978
exp1a_19,1,1,1,-1.0,-0.7363996791923271
exp1a_19,0,0,6,0.0,0.2178428302469978
exp1a_19,1,1,6,1.0,0.843383917424483
exp1a_19,0,0,6,-1.0,-0.7363996791923271
exp1a_19,0,1,2,-1.0,-0.25927842447266464
exp1a_19,1,0,6,1.0,0.2178428302469978
exp1a_19,0,1,6,1.0,-0.037429674856308215
exp1a_19,1,1,6,1.0,-0.25927842447266464
exp1a_19,1,1,3,-1.0,-0.037429674856308215
exp1a_19,0,0,6,1.0,0.2178428302469978
exp1a_19,1,1,6,0.0,0.2178428302469978
exp1a_19,0,1,6,0.0,-0.037429674856308215
exp1a_19,1,1,2,-1.0,-0.25927842447266464
exp1a_19,0,0,6,-1.0,0.843383917424483
exp1a_19,0,0,6,1.0,0.843383917424483
exp1a_19,1,1,6,0.0,0.843383917424483
exp1a_19,0,1,6,-1.0,-0.037429674856308215
exp1a_19,0,1,6,0.0,-0.25927842447266464
exp1a_19,1,1,6,0.0,-0.037429674856308215
exp1a_19,0,0,6,0.0,-0.7363996791923271
exp1a_19,1,0,6,0.0,-0.7363996791923271
exp1a_19,0,1,6,1.0,-0.25927842447266464
exp1a_19,0,1,1,-1.0,0.2178428302469978
exp1a_19,1,0,2,-1.0,-0.25927842447266464
exp1a_19,0,1,2,-1.0,-0.7363996791923271
exp1a_19,0,0,6,1.0,0.2178428302469978
exp1a_19,1,1,4,-1.0,0.2178428302469978
exp1a_19,0,0,6,-1.0,0.2178428302469978
exp1a_19,1,0,6,1.0,-0.037429674856308215
exp1a_19,0,0,6,0.0,0.843383917424483
exp1a_19,1,1,6,0.0,-0.037429674856308215
exp1a_19,0,0,6,1.0,-0.25927842447266464
exp1a_19,1,1,6,0.0,-0.7363996791923271
exp1a_19,1,1,6,1.0,0.843383917424483
exp1a_19,1,1,1,-1.0,0.843383917424483
exp1a_19,0,0,6,1.0,0.843383917424483
exp1a_19,0,1,6,-1.0,-0.25927842447266464
exp1a_19,0,0,5,-1.0,-0.037429674856308215
exp1a_19,1,1,6,1.0,-0.7363996791923271
exp1a_19,0,1,6,0.0,-0.25927842447266464
exp1a_19,0,1,6,1.0,-0.037429674856308215
exp1a_19,1,0,6,0.0,-0.25927842447266464
exp1a_19,0,1,6,0.0,0.2178428302469978
exp1a_19,0,1,6,1.0,-0.7363996791923271
exp1a_19,0,1,6,0.0,-0.7363996791923271
exp1a_19,1,1,6,-1.0,-0.7363996791923271
exp1a_19,0,0,6,0.0,-0.037429674856308215
exp1a_19,1,1,6,0.0,0.2178428302469978
exp1a_19,1,1,6,1.0,0.2178428302469978
exp1a_19,1,0,6,-1.0,-0.037429674856308215
exp1a_19,0,0,1,-1.0,0.843383917424483
exp1a_19,1,1,6,1.0,-0.25927842447266464
exp1a_19,1,1,6,0.0,0.843383917424483
exp1a_19,0,0,6,1.0,0.843383917424483
exp1a_19,1,0,6,1.0,0.2178428302469978
exp1a_19,1,1,6,1.0,0.843383917424483
exp1a_19,0,0,6,1.0,-0.037429674856308215
exp1a_19,0,0,6,0.0,-0.037429674856308215
exp1a_19,1,1,6,1.0,-0.7363996791923271
exp1a_19,1,1,1,-1.0,-0.7363996791923271
exp1a_19,1,0,1,-1.0,-0.037429674856308215
exp1a_19,1,0,6,0.0,-0.037429674856308215
exp1a_19,0,1,6,0.0,-0.7363996791923271
exp1a_19,1,1,6,1.0,-0.037429674856308215
exp1a_19,0,1,1,-1.0,0.2178428302469978
exp1a_19,0,1,1,-1.0,-0.25927842447266464
exp1a_19,0,1,1,-1.0,-0.037429674856308215
exp1a_19,0,1,6,0.0,0.2178428302469978
exp1a_19,1,0,6,0.0,-0.7363996791923271
exp1a_19,0,0,6,1.0,0.2178428302469978
exp1a_19,0,1,6,0.0,-0.25927842447266464
exp1a_19,1,0,6,0.0,-0.25927842447266464
exp1a_19,0,1,6,1.0,-0.25927842447266464
exp1a_19,1,1,1,-1.0,-0.25927842447266464
exp1a_19,1,1,1,-1.0,0.2178428302469978
exp1a_19,0,0,6,1.0,-0.7363996791923271
exp1a_19,1,1,6,0.0,0.2178428302469978
exp1a_19,1,1,1,-1.0,0.843383917424483
exp1a_19,1,1,6,0.0,0.843383917424483
exp1a_19,0,0,1,-1.0,0.843383917424483
exp1a_19,1,1,6,1.0,-0.25927842447266464
exp1a_19,0,1,1,-1.0,-0.7363996791923271
exp1a_19,0,0,2,-1.0,0.2178428302469978
exp1a_19,1,1,6,0.0,-0.037429674856308215
exp1a_19,0,0,6,1.0,0.2178428302469978
exp1a_19,1,1,6,1.0,0.843383917424483
exp1a_19,1,1,2,-1.0,-0.7363996791923271
exp1a_19,0,0,6,0.0,-0.037429674856308215
exp1a_19,0,1,6,0.0,-0.25927842447266464
exp1a_19,1,1,6,0.0,0.843383917424483
exp1a_19,1,1,6,1.0,0.2178428302469978
exp1a_19,0,1,3,-1.0,-0.7363996791923271
exp1a_19,0,0,6,1.0,-0.037429674856308215
exp1a_19,0,0,6,1.0,-0.25927842447266464
exp1a_19,1,0,6,0.0,-0.7363996791923271
exp1a_19,1,1,6,1.0,-0.25927842447266464
exp1a_19,0,1,1,-1.0,-0.037429674856308215
exp1a_19,0,1,6,0.0,-0.7363996791923271
exp1a_19,1,1,2,-1.0,0.2178428302469978
exp1a_19,0,1,6,0.0,0.2178428302469978
exp1a_19,0,1,6,1.0,-0.7363996791923271
exp1a_19,1,1,2,-1.0,-0.037429674856308215
exp1a_19,1,1,6,1.0,-0.7363996791923271
exp1a_19,1,1,6,0.0,0.2178428302469978
exp1a_19,0,1,1,-1.0,0.843383917424483
exp1a_19,1,1,6,1.0,-0.037429674856308215
exp1a_19,0,1,6,1.0,0.843383917424483
exp1a_19,0,0,1,-1.0,-0.25927842447266464
exp1a_19,1,1,6,-1.0,0.843383917424483
exp1a_19,1,1,2,-1.0,-0.25927842447266464
exp1a_19,0,0,6,0.0,0.843383917424483
exp1a_19,1,0,6,0.0,-0.25927842447266464
exp1a_20,0,0,4,1.0,0.843383917424483
exp1a_20,0,1,3,0.0,-0.7363996791923271
exp1a_20,0,1,3,1.0,-0.037429674856308215
exp1a_20,0,1,3,0.0,0.2178428302469978
exp1a_20,0,1,3,-1.0,0.843383917424483
exp1a_20,1,1,3,0.0,0.2178428302469978
exp1a_20,0,1,4,1.0,0.2178428302469978
exp1a_20,1,1,5,0.0,-0.25927842447266464
exp1a_20,1,1,3,-1.0,0.843383917424483
exp1a_20,1,1,3,-1.0,-0.25927842447266464
exp1a_20,0,1,4,1.0,-0.25927842447266464
exp1a_20,1,1,4,1.0,-0.037429674856308215
exp1a_20,1,0,4,1.0,-0.7363996791923271
exp1a_20,0,1,3,0.0,-0.25927842447266464
exp1a_20,1,1,3,0.0,0.843383917424483
exp1a_20,0,0,4,0.0,0.843383917424483
exp1a_20,1,1,4,0.0,-0.037429674856308215
exp1a_20,1,0,3,1.0,-0.25927842447266464
exp1a_20,1,1,4,-1.0,-0.7363996791923271
exp1a_20,1,0,4,1.0,0.843383917424483
exp1a_20,0,0,3,0.0,-0.037429674856308215
exp1a_20,1,0,2,-1.0,-0.037429674856308215
exp1a_20,1,0,4,-1.0,0.2178428302469978
exp1a_20,0,1,4,-1.0,0.2178428302469978
exp1a_20,0,1,4,1.0,-0.7363996791923271
exp1a_20,0,1,4,-1.0,-0.25927842447266464
exp1a_20,0,1,4,-1.0,-0.7363996791923271
exp1a_20,1,0,3,1.0,0.2178428302469978
exp1a_20,0,1,3,-1.0,-0.037429674856308215
exp1a_20,1,1,1,0.0,-0.7363996791923271
exp1a_20,0,1,1,0.0,-0.7363996791923271
exp1a_20,1,1,4,0.0,0.843383917424483
exp1a_20,1,1,2,-1.0,-0.25927842447266464
exp1a_20,1,0,2,0.0,-0.7363996791923271
exp1a_20,0,0,1,-1.0,0.2178428302469978
exp1a_20,1,1,2,-1.0,-0.7363996791923271
exp1a_20,1,0,2,0.0,-0.25927842447266464
exp1a_20,0,1,2,1.0,-0.25927842447266464
exp1a_20,0,1,2,0.0,0.2178428302469978
exp1a_20,0,1,4,0.0,-0.25927842447266464
exp1a_20,0,1,4,1.0,0.2178428302469978
exp1a_20,1,0,3,-1.0,-0.037429674856308215
exp1a_20,1,0,3,1.0,-0.7363996791923271
exp1a_20,0,1,3,-1.0,-0.7363996791923271
exp1a_20,1,1,4,1.0,0.843383917424483
exp1a_20,0,1,4,-1.0,-0.25927842447266464
exp1a_20,0,0,6,-1.0,0.843383917424483
exp1a_20,1,0,1,1.0,-0.037429674856308215
exp1a_20,1,1,5,-1.0,0.843383917424483
exp1a_20,0,0,2,-1.0,-0.037429674856308215
exp1a_20,0,0,2,1.0,-0.7363996791923271
exp1a_20,0,0,6,1.0,0.843383917424483
exp1a_20,0,0,5,0.0,0.843383917424483
exp1a_20,1,0,5,0.0,-0.037429674856308215
exp1a_20,1,1,5,0.0,0.2178428302469978
exp1a_20,0,0,5,0.0,-0.037429674856308215
exp1a_20,1,1,5,1.0,0.2178428302469978
exp1a_20,1,0,2,1.0,-0.25927842447266464
exp1a_20,0,0,1,1.0,-0.037429674856308215
exp1a_20,1,1,2,-1.0,0.2178428302469978
exp1a_20,1,1,4,1.0,-0.037429674856308215
exp1a_20,1,1,4,1.0,-0.25927842447266464
exp1a_20,1,1,3,0.0,-0.037429674856308215
exp1a_20,1,0,2,-1.0,-0.7363996791923271
exp1a_20,0,0,1,0.0,-0.037429674856308215
exp1a_20,1,1,5,-1.0,-0.037429674856308215
exp1a_20,1,1,5,1.0,0.2178428302469978
exp1a_20,1,1,6,1.0,0.843383917424483
exp1a_20,1,1,6,-1.0,0.843383917424483
exp1a_20,1,1,6,0.0,-0.7363996791923271
exp1a_20,0,0,2,1.0,-0.037429674856308215
exp1a_20,0,0,6,-1.0,0.843383917424483
exp1a_20,0,0,6,-1.0,0.2178428302469978
exp1a_20,0,1,1,1.0,-0.7363996791923271
exp1a_20,0,0,4,0.0,-0.25927842447266464
exp1a_20,0,0,1,0.0,0.2178428302469978
exp1a_20,0,0,2,-1.0,-0.25927842447266464
exp1a_20,1,0,2,0.0,0.2178428302469978
exp1a_20,0,1,4,1.0,0.843383917424483
exp1a_20,0,0,2,1.0,0.2178428302469978
exp1a_20,1,0,1,1.0,-0.7363996791923271
exp1a_20,1,0,1,-1.0,0.2178428302469978
exp1a_20,0,0,1,-1.0,-0.037429674856308215
exp1a_20,0,0,1,-1.0,-0.7363996791923271
exp1a_20,1,0,2,0.0,-0.25927842447266464
exp1a_20,1,1,6,0.0,0.843383917424483
exp1a_20,0,0,3,1.0,-0.25927842447266464
exp1a_20,0,0,2,0.0,-0.7363996791923271
exp1a_20,1,0,2,-1.0,-0.25927842447266464
exp1a_20,0,0,6,0.0,0.843383917424483
exp1a_20,1,0,4,-1.0,-0.037429674856308215
exp1a_20,1,0,2,1.0,-0.25927842447266464
exp1a_20,1,1,3,0.0,-0.25927842447266464
exp1a_20,1,1,6,-1.0,0.843383917424483
exp1a_20,0,0,3,0.0,-0.25927842447266464
exp1a_20,1,1,6,1.0,0.843383917424483
exp1a_20,1,0,3,0.0,-0.7363996791923271
exp1a_20,0,0,2,1.0,0.2178428302469978
exp1a_20,1,1,6,1.0,0.2178428302469978
exp1a_20,1,1,6,0.0,-0.037429674856308215
exp1a_20,0,0,3,1.0,-0.25927842447266464
exp1a_20,0,0,6,0.0,0.843383917424483
exp1a_20,0,0,2,0.0,-0.7363996791923271
exp1a_20,0,0,2,-1.0,-0.7363996791923271
exp1a_20,1,1,6,-1.0,0.2178428302469978
exp1a_20,1,0,3,-1.0,-0.7363996791923271
exp1a_20,0,0,1,0.0,-0.037429674856308215
exp1a_20,0,0,6,-1.0,0.843383917424483
exp1a_20,0,0,4,0.0,0.2178428302469978
exp1a_20,1,1,6,0.0,0.843383917424483
exp1a_20,1,0,3,-1.0,-0.25927842447266464
exp1a_20,0,1,2,1.0,-0.7363996791923271
exp1a_20,1,0,2,1.0,-0.7363996791923271
exp1a_20,1,0,2,1.0,-0.037429674856308215
exp1a_20,0,1,4,-1.0,0.2178428302469978
exp1a_20,0,1,2,-1.0,-0.25927842447266464
exp1a_20,0,1,3,1.0,-0.037429674856308215
exp1a_20,1,1,1,0.0,0.2178428302469978
exp1a_20,0,0,5,1.0,0.843383917424483
exp1a_20,0,0,2,-1.0,-0.037429674856308215
exp1a_20,0,0,2,-1.0,-0.037429674856308215
exp1a_20,1,0,4,1.0,-0.25927842447266464
exp1a_20,1,1,6,-1.0,0.843383917424483
exp1a_20,0,0,2,-1.0,-0.7363996791923271
exp1a_20,1,1,6,0.0,0.843383917424483
exp1a_20,0,0,6,1.0,0.843383917424483
exp1a_20,0,1,4,1.0,0.2178428302469978
exp1a_20,1,0,2,1.0,-0.7363996791923271
exp1a_20,1,1,3,-1.0,-0.7363996791923271
exp1a_20,0,1,3,0.0,-0.7363996791923271
exp1a_20,1,1,3,1.0,-0.037429674856308215
exp1a_20,0,0,2,1.0,-0.7363996791923271
exp1a_20,1,1,4,0.0,0.2178428302469978
exp1a_20,1,1,6,-1.0,0.2178428302469978
exp1a_20,0,0,3,-1.0,-0.25927842447266464
exp1a_20,0,0,2,1.0,-0.25927842447266464
exp1a_20,1,1,3,-1.0,-0.25927842447266464
exp1a_20,1,1,2,-1.0,-0.037429674856308215
exp1a_20,1,1,6,1.0,0.2178428302469978
exp1a_20,1,1,4,0.0,-0.25927842447266464
exp1a_20,1,0,2,0.0,-0.037429674856308215
exp1a_20,0,1,4,-1.0,0.2178428302469978
exp1a_20,1,1,2,0.0,-0.7363996791923271
exp1a_20,0,0,2,0.0,0.2178428302469978
exp1a_20,1,1,6,1.0,0.843383917424483
exp1a_20,0,0,6,0.0,0.843383917424483
exp1a_20,0,1,3,1.0,-0.037429674856308215
exp1a_20,0,0,2,0.0,-0.037429674856308215
exp1a_20,0,0,2,0.0,-0.25927842447266464
exp1a_20,0,0,6,-1.0,0.843383917424483
exp1a_20,0,0,6,0.0,0.843383917424483
exp1a_20,0,0,6,-1.0,-0.037429674856308215
exp1a_20,0,0,6,-1.0,0.2178428302469978
exp1a_20,0,0,6,0.0,-0.037429674856308215
exp1a_20,0,0,6,1.0,0.2178428302469978
exp1a_20,0,0,6,-1.0,0.843383917424483
exp1a_20,0,0,6,-1.0,-0.7363996791923271
exp1a_20,1,1,6,0.0,-0.25927842447266464
exp1a_20,1,1,6,1.0,-0.25927842447266464
exp1a_20,1,1,6,-1.0,0.2178428302469978
exp1a_20,0,1,5,1.0,-0.7363996791923271
exp1a_20,1,1,6,-1.0,-0.037429674856308215
exp1a_20,1,1,6,0.0,0.2178428302469978
exp1a_20,1,1,6,1.0,0.843383917424483
exp1a_20,1,1,6,1.0,0.2178428302469978
exp1a_20,0,1,6,1.0,-0.037429674856308215
exp1a_20,1,1,6,1.0,-0.7363996791923271
exp1a_20,1,1,6,1.0,-0.037429674856308215
exp1a_20,0,1,6,0.0,-0.25927842447266464
exp1a_20,1,1,6,-1.0,0.843383917424483
exp1a_20,1,1,6,0.0,-0.7363996791923271
exp1a_20,0,1,3,-1.0,-0.25927842447266464
exp1a_20,0,1,2,0.0,-0.7363996791923271
exp1a_20,0,0,1,1.0,-0.25927842447266464
exp1a_20,1,1,6,0.0,-0.037429674856308215
exp1a_20,1,1,6,0.0,0.843383917424483
exp1a_20,1,1,6,-1.0,-0.25927842447266464
exp1a_20,0,0,6,1.0,0.843383917424483
exp1a_20,0,0,6,0.0,0.2178428302469978
exp1a_20,1,1,2,-1.0,-0.7363996791923271
exp1a_20,1,0,4,-1.0,-0.037429674856308215
exp1a_20,1,0,1,-1.0,-0.7363996791923271
exp1a_20,0,0,1,-1.0,-0.7363996791923271
exp1a_20,1,1,6,-1.0,0.843383917424483
exp1a_20,0,0,2,0.0,-0.25927842447266464
exp1a_20,0,1,1,1.0,-0.7363996791923271
exp1a_20,1,1,3,-1.0,-0.25927842447266464
exp1a_20,0,0,1,1.0,-0.25927842447266464
exp1a_20,1,0,1,0.0,0.2178428302469978
exp1a_20,1,0,1,1.0,-0.7363996791923271
exp1a_20,1,1,6,0.0,0.843383917424483
exp1a_20,0,0,5,-1.0,0.2178428302469978
exp1a_20,0,0,6,0.0,0.843383917424483
exp1a_20,1,0,1,0.0,-0.037429674856308215
exp1a_20,0,0,4,-1.0,-0.037429674856308215
exp1a_20,1,0,4,0.0,-0.7363996791923271
exp1a_20,1,1,4,1.0,0.2178428302469978
exp1a_20,0,0,6,-1.0,0.843383917424483
exp1a_20,0,0,4,0.0,0.2178428302469978
exp1a_20,1,0,1,1.0,-0.037429674856308215
exp1a_20,0,0,4,1.0,-0.037429674856308215
exp1a_20,1,1,3,0.0,-0.25927842447266464
exp1a_20,0,0,1,-1.0,-0.25927842447266464
exp1a_20,0,0,6,1.0,0.843383917424483
exp1a_20,0,0,1,0.0,-0.7363996791923271
exp1a_20,0,0,4,0.0,-0.037429674856308215
exp1a_20,1,0,1,1.0,-0.25927842447266464
exp1a_20,1,1,6,1.0,0.843383917424483
exp1a_20,0,0,5,1.0,0.2178428302469978
exp1a_20,1,1,4,-1.0,0.2178428302469978
exp1a_20,1,1,6,-1.0,0.843383917424483
exp1a_20,1,1,5,0.0,-0.037429674856308215
exp1a_20,0,0,4,0.0,0.2178428302469978
exp1a_20,0,1,1,-1.0,-0.037429674856308215
exp1a_20,1,1,6,0.0,0.843383917424483
exp1a_20,0,0,1,1.0,-0.7363996791923271
exp1a_20,0,0,2,0.0,-0.7363996791923271
exp1a_20,0,0,6,0.0,0.843383917424483
exp1a_20,1,1,4,1.0,-0.037429674856308215
exp1a_20,1,0,1,-1.0,-0.037429674856308215
exp1a_20,1,1,1,-1.0,-0.25927842447266464
exp1a_20,0,1,1,0.0,-0.25927842447266464
exp1a_20,0,0,1,-1.0,-0.25927842447266464
exp1a_20,1,1,3,-1.0,0.2178428302469978
exp1a_20,1,0,1,0.0,-0.25927842447266464
exp1a_20,0,0,1,-1.0,0.2178428302469978
exp1a_20,1,1,2,0.0,-0.7363996791923271
exp1a_20,1,1,2,1.0,0.2178428302469978
exp1a_20,1,0,2,1.0,-0.25927842447266464
exp1a_20,1,1,1,0.0,0.2178428302469978
exp1a_20,1,1,6,1.0,0.843383917424483
exp1a_20,0,0,2,-1.0,-0.7363996791923271
exp1a_20,0,1,2,0.0,-0.037429674856308215
exp1a_20,0,1,3,1.0,0.2178428302469978
exp1a_20,0,0,6,-1.0,0.843383917424483
exp1a_20,0,1,2,1.0,-0.25927842447266464
exp1a_20,1,0,1,1.0,-0.7363996791923271
exp1a_20,0,0,6,1.0,0.843383917424483
exp1a_20,0,0,2,1.0,-0.037429674856308215
exp1a_21,1,1,5,-1.0,-0.7363996791923271
exp1a_21,1,1,6,-1.0,0.843383917424483
exp1a_21,1,1,5,1.0,-0.037429674856308215
exp1a_21,1,1,5,0.0,-0.7363996791923271
exp1a_21,0,1,6,0.0,-0.7363996791923271
exp1a_21,1,1,5,1.0,-0.25927842447266464
exp1a_21,1,1,6,0.0,-0.037429674856308215
exp1a_21,0,0,4,1.0,-0.7363996791923271
exp1a_21,1,1,4,-1.0,-0.037429674856308215
exp1a_21,0,0,5,1.0,0.2178428302469978
exp1a_21,0,0,3,-1.0,-0.037429674856308215
exp1a_21,0,1,4,1.0,-0.037429674856308215
exp1a_21,1,1,6,0.0,0.843383917424483
exp1a_21,0,0,4,0.0,-0.037429674856308215
exp1a_21,0,1,5,-1.0,0.2178428302469978
exp1a_21,1,1,6,-1.0,-0.25927842447266464
exp1a_21,0,0,6,1.0,0.843383917424483
exp1a_21,1,1,6,-1.0,0.2178428302469978
exp1a_21,1,1,6,0.0,0.2178428302469978
exp1a_21,0,0,4,0.0,-0.25927842447266464
exp1a_21,0,0,4,0.0,0.843383917424483
exp1a_21,0,0,4,-1.0,-0.25927842447266464
exp1a_21,0,1,5,0.0,0.2178428302469978
exp1a_21,1,1,6,1.0,0.843383917424483
exp1a_21,1,1,4,1.0,0.2178428302469978
exp1a_21,1,1,6,0.0,-0.25927842447266464
exp1a_21,0,1,6,1.0,-0.25927842447266464
exp1a_21,0,0,6,-1.0,0.843383917424483
exp1a_21,1,1,5,1.0,-0.7363996791923271
exp1a_21,0,1,4,-1.0,-0.7363996791923271
exp1a_21,1,1,5,1.0,-0.037429674856308215
exp1a_21,1,1,4,-1.0,-0.25927842447266464
exp1a_21,1,1,6,0.0,0.843383917424483
exp1a_21,0,0,4,0.0,-0.037429674856308215
exp1a_21,1,1,6,0.0,-0.25927842447266464
exp1a_21,1,1,4,-1.0,-0.7363996791923271
exp1a_21,0,0,4,1.0,0.2178428302469978
exp1a_21,0,1,5,-1.0,-0.037429674856308215
exp1a_21,1,1,6,1.0,0.2178428302469978
exp1a_21,1,1,6,-1.0,0.2178428302469978
exp1a_21,0,0,6,0.0,0.843383917424483
exp1a_21,0,1,6,1.0,-0.037429674856308215
exp1a_21,0,0,4,-1.0,0.2178428302469978
exp1a_21,0,0,3,-1.0,-0.7363996791923271
exp1a_21,1,1,4,1.0,-0.7363996791923271
exp1a_21,0,1,4,0.0,-0.7363996791923271
exp1a_21,0,0,4,0.0,0.2178428302469978
exp1a_21,0,1,4,0.0,-0.25927842447266464
exp1a_21,1,0,4,-1.0,-0.037429674856308215
exp1a_21,0,1,3,1.0,-0.25927842447266464
exp1a_21,1,1,6,1.0,0.843383917424483
exp1a_21,1,1,4,0.0,-0.7363996791923271
exp1a_21,1,1,6,1.0,-0.25927842447266464
exp1a_21,0,1,4,1.0,-0.7363996791923271
exp1a_21,1,1,6,0.0,0.2178428302469978
exp1a_21,1,1,6,0.0,-0.037429674856308215
exp1a_21,1,1,6,-1.0,0.843383917424483
exp1a_21,0,0,6,1.0,0.843383917424483
exp1a_21,0,1,6,-1.0,-0.25927842447266464
exp1a_21,1,1,6,1.0,-0.25927842447266464
exp1a_21,0,1,4,-1.0,-0.037429674856308215
exp1a_21,1,1,6,-1.0,0.2178428302469978
exp1a_21,1,1,6,1.0,-0.037429674856308215
exp1a_21,1,1,6,-1.0,-0.037429674856308215
exp1a_21,0,0,6,-1.0,0.2178428302469978
exp1a_21,0,0,6,0.0,0.843383917424483
exp1a_21,0,1,5,1.0,0.2178428302469978
exp1a_21,0,1,5,-1.0,-0.7363996791923271
exp1a_21,1,1,6,0.0,-0.037429674856308215
exp1a_21,0,1,6,0.0,-0.7363996791923271
exp1a_21,1,1,6,1.0,0.2178428302469978
exp1a_21,1,1,6,0.0,-0.7363996791923271
exp1a_21,1,1,6,1.0,0.843383917424483
exp1a_21,1,1,6,1.0,-0.7363996791923271
exp1a_21,0,0,5,-1.0,0.843383917424483
exp1a_21,1,1,5,0.0,-0.25927842447266464
exp1a_21,0,1,5,1.0,-0.7363996791923271
exp1a_21,0,0,4,0.0,-0.037429674856308215
exp1a_21,1,1,5,-1.0,0.843383917424483
exp1a_21,1,1,6,0.0,0.843383917424483
exp1a_21,0,1,6,0.0,-0.25927842447266464
exp1a_21,1,0,4,-1.0,-0.7363996791923271
exp1a_21,1,1,4,0.0,0.2178428302469978
exp1a_21,1,1,5,-1.0,-0.25927842447266464
exp1a_21,0,0,5,1.0,-0.25927842447266464
exp1a_21,0,1,4,1.0,-0.037429674856308215
exp1a_21,0,1,3,0.0,0.2178428302469978
exp1a_21,1,1,6,1.0,0.2178428302469978
exp1a_21,1,1,6,0.0,0.843383917424483
exp1a_21,1,1,4,1.0,-0.25927842447266464
exp1a_21,1,1,6,1.0,0.843383917424483
exp1a_21,0,1,5,-1.0,0.2178428302469978
exp1a_21,1,1,6,-1.0,-0.25927842447266464
exp1a_21,0,1,5,0.0,-0.7363996791923271
exp1a_21,0,0,6,-1.0,0.843383917424483
exp1a_21,0,0,6,0.0,0.843383917424483
exp1a_21,1,1,6,-1.0,0.2178428302469978
exp1a_21,0,1,3,-1.0,-0.7363996791923271
exp1a_21,0,0,4,1.0,-0.25927842447266464
exp1a_21,0,1,4,0.0,-0.25927842447266464
exp1a_21,1,1,5,1.0,-0.037429674856308215
exp1a_21,0,1,4,1.0,-0.7363996791923271
exp1a_21,1,1,4,0.0,-0.7363996791923271
exp1a_21,1,1,5,-1.0,-0.037429674856308215
exp1a_21,0,1,6,-1.0,-0.037429674856308215
exp1a_21,1,1,5,0.0,-0.037429674856308215
exp1a_21,1,1,5,1.0,-0.7363996791923271
exp1a_21,0,0,6,1.0,0.843383917424483
exp1a_21,0,1,6,1.0,-0.037429674856308215
exp1a_21,0,0,5,1.0,0.2178428302469978
exp1a_21,1,0,3,0.0,0.2178428302469978
exp1a_21,0,1,4,0.0,-0.037429674856308215
exp1a_21,0,1,4,-1.0,-0.25927842447266464
exp1a_21,1,1,5,-1.0,-0.7363996791923271
exp1a_21,0,1,4,0.0,0.2178428302469978
exp1a_21,1,1,6,0.0,-0.25927842447266464
exp1a_21,1,1,6,-1.0,0.843383917424483
exp1a_21,1,1,6,1.0,-0.037429674856308215
exp1a_21,0,1,5,-1.0,-0.25927842447266464
exp1a_21,0,1,6,0.0,-0.037429674856308215
exp1a_21,1,1,6,1.0,-0.25927842447266464
exp1a_21,1,1,5,0.0,-0.037429674856308215
exp1a_21,1,1,5,-1.0,-0.7363996791923271
exp1a_21,1,1,6,1.0,0.2178428302469978
exp1a_21,0,1,6,-1.0,-0.7363996791923271
exp1a_21,1,1,6,1.0,-0.7363996791923271
exp1a_21,0,0,4,1.0,-0.037429674856308215
exp1a_21,0,0,5,-1.0,0.2178428302469978
exp1a_21,1,1,4,-1.0,-0.25927842447266464
exp1a_21,0,0,3,1.0,-0.7363996791923271
exp1a_21,1,1,6,0.0,0.843383917424483
exp1a_21,1,1,4,-1.0,-0.037429674856308215
exp1a_21,1,1,6,0.0,0.2178428302469978
exp1a_21,0,0,5,0.0,0.2178428302469978
exp1a_21,0,0,5,1.0,0.2178428302469978
exp1a_21,0,0,5,0.0,0.843383917424483
exp1a_21,1,0,3,0.0,-0.25927842447266464
exp1a_21,0,0,4,-1.0,-0.037429674856308215
exp1a_21,1,1,4,-1.0,0.2178428302469978
exp1a_21,1,1,4,0.0,-0.7363996791923271
exp1a_21,0,0,4,0.0,-0.7363996791923271
exp1a_21,0,0,5,1.0,0.843383917424483
exp1a_21,0,0,5,1.0,-0.25927842447266464
exp1a_21,0,0,5,0.0,-0.25927842447266464
exp1a_21,1,1,6,-1.0,0.843383917424483
exp1a_21,1,0,1,1.0,0.843383917424483
exp1a_21,0,0,4,-1.0,0.843383917424483
exp1a_21,1,1,6,1.0,0.843383917424483
exp1a_21,1,1,6,0.0,-0.037429674856308215
exp1a_21,1,1,5,-1.0,-0.25927842447266464
exp1a_21,0,0,4,-1.0,-0.7363996791923271
exp1a_21,1,1,6,0.0,0.843383917424483
exp1a_21,0,1,6,1.0,-0.25927842447266464
exp1a_21,1,0,4,0.0,-0.25927842447266464
exp1a_21,0,0,6,-1.0,0.843383917424483
exp1a_21,0,0,4,1.0,0.2178428302469978
exp1a_21,1,1,6,0.0,0.2178428302469978
exp1a_21,0,1,4,1.0,-0.7363996791923271
exp1a_21,1,1,6,-1.0,-0.037429674856308215
exp1a_21,0,0,5,-1.0,0.2178428302469978
exp1a_21,1,1,6,-1.0,0.843383917424483
exp1a_21,0,1,6,-1.0,-0.037429674856308215
exp1a_21,1,1,6,-1.0,0.2178428302469978
exp1a_21,0,1,4,0.0,-0.7363996791923271
exp1a_21,0,1,4,0.0,-0.25927842447266464
exp1a_21,1,1,6,1.0,-0.25927842447266464
exp1a_21,1,1,6,1.0,-0.7363996791923271
exp1a_21,0,0,4,0.0,0.2178428302469978
exp1a_21,0,1,4,0.0,-0.037429674856308215
exp1a_21,0,1,4,1.0,-0.037429674856308215
exp1a_21,0,0,5,0.0,0.843383917424483
exp1a_21,1,0,3,-1.0,-0.7363996791923271
exp1a_21,0,1,4,-1.0,-0.25927842447266464
exp1a_21,1,1,4,-1.0,-0.037429674856308215
exp1a_21,1,1,5,0.0,-0.037429674856308215
exp1a_21,1,1,6,-1.0,-0.25927842447266464
exp1a_21,0,1,6,0.0,-0.7363996791923271
exp1a_21,0,0,4,0.0,0.2178428302469978
exp1a_21,1,1,6,-1.0,-0.7363996791923271
exp1a_21,1,1,6,1.0,0.2178428302469978
exp1a_21,1,1,6,-1.0,0.2178428302469978
exp1a_21,1,1,6,1.0,-0.7363996791923271
exp1a_21,0,0,4,-1.0,0.2178428302469978
exp1a_21,0,1,5,1.0,-0.7363996791923271
exp1a_21,0,0,4,-1.0,-0.037429674856308215
exp1a_21,0,1,4,-1.0,-0.7363996791923271
exp1a_21,1,1,6,0.0,0.2178428302469978
exp1a_21,0,1,6,1.0,-0.25927842447266464
exp1a_21,1,1,6,1.0,0.843383917424483
exp1a_21,0,0,6,-1.0,0.843383917424483
exp1a_21,1,1,6,1.0,-0.037429674856308215
exp1a_21,0,0,4,1.0,0.2178428302469978
exp1a_21,1,1,5,0.0,-0.7363996791923271
exp1a_21,1,1,6,0.0,0.843383917424483
exp1a_21,0,1,6,1.0,-0.037429674856308215
exp1a_21,0,0,6,1.0,0.843383917424483
exp1a_21,0,1,6,0.0,-0.037429674856308215
exp1a_21,0,1,6,0.0,-0.25927842447266464
exp1a_21,1,1,6,1.0,-0.25927842447266464
exp1a_21,1,1,4,0.0,-0.25927842447266464
exp1a_21,0,1,5,0.0,-0.25927842447266464
exp1a_21,0,0,6,1.0,0.843383917424483
exp1a_21,1,1,4,-1.0,-0.7363996791923271
exp1a_21,0,1,4,1.0,-0.7363996791923271
exp1a_21,0,1,4,-1.0,-0.7363996791923271
exp1a_21,0,1,4,1.0,-0.25927842447266464
exp1a_21,1,1,6,-1.0,-0.037429674856308215
exp1a_21,1,1,6,0.0,-0.25927842447266464
exp1a_21,1,1,6,-1.0,0.843383917424483
exp1a_21,1,1,6,1.0,0.843383917424483
exp1a_21,1,1,6,1.0,0.2178428302469978
exp1a_21,1,1,6,0.0,-0.037429674856308215
exp1a_21,1,1,6,1.0,-0.037429674856308215
exp1a_21,0,0,6,0.0,0.843383917424483
exp1a_21,0,1,4,1.0,0.2178428302469978
exp1a_21,1,1,6,0.0,0.843383917424483
exp1a_21,0,1,4,0.0,0.2178428302469978
exp1a_21,1,1,6,0.0,0.2178428302469978
exp1a_21,0,0,4,-1.0,-0.037429674856308215
exp1a_21,0,1,5,0.0,-0.7363996791923271
exp1a_21,1,1,5,-1.0,-0.25927842447266464
exp1a_21,1,1,5,1.0,-0.25927842447266464
exp1a_21,0,0,5,-1.0,0.2178428302469978
exp1a_21,0,1,6,-1.0,-0.25927842447266464
exp1a_21,1,1,6,-1.0,0.2178428302469978
exp1a_22,1,1,6,0.0,-0.037429674856308215
exp1a_22,1,1,6,0.0,0.2178428302469978
exp1a_22,0,0,6,1.0,0.843383917424483
exp1a_22,0,0,6,0.0,-0.25927842447266464
exp1a_22,0,1,6,1.0,-0.25927842447266464
exp1a_22,0,0,6,-1.0,0.843383917424483
exp1a_22,1,0,6,-1.0,-0.037429674856308215
exp1a_22,1,1,6,1.0,0.843383917424483
exp1a_22,1,1,6,-1.0,-0.7363996791923271
exp1a_22,0,0,6,1.0,-0.037429674856308215
exp1a_22,1,1,6,1.0,-0.037429674856308215
exp1a_22,0,0,6,0.0,0.843383917424483
exp1a_22,0,1,5,0.0,-0.037429674856308215
exp1a_22,1,1,6,1.0,-0.25927842447266464
exp1a_22,1,1,6,-1.0,0.843383917424483
exp1a_22,1,1,6,1.0,-0.7363996791923271
exp1a_22,1,1,6,1.0,0.2178428302469978
exp1a_22,1,1,6,0.0,0.843383917424483
exp1a_22,0,0,6,0.0,0.2178428302469978
exp1a_22,1,1,6,0.0,-0.7363996791923271
exp1a_22,0,1,6,-1.0,-0.7363996791923271
exp1a_22,0,0,6,1.0,0.2178428302469978
exp1a_22,1,1,6,0.0,-0.25927842447266464
exp1a_22,1,1,6,-1.0,0.2178428302469978
exp1a_22,1,1,6,-1.0,-0.25927842447266464
exp1a_22,0,0,6,-1.0,0.2178428302469978
exp1a_22,0,1,6,1.0,-0.7363996791923271
exp1a_22,0,0,6,-1.0,-0.037429674856308215
exp1a_22,0,0,6,-1.0,-0.25927842447266464
exp1a_22,0,1,6,0.0,-0.7363996791923271
exp1a_22,1,1,5,0.0,-0.037429674856308215
exp1a_22,0,1,5,1.0,-0.7363996791923271
exp1a_22,1,1,6,-1.0,0.2178428302469978
exp1a_22,0,0,6,0.0,-0.7363996791923271
exp1a_22,0,0,6,1.0,-0.037429674856308215
exp1a_22,0,0,6,-1.0,-0.7363996791923271
exp1a_22,1,1,6,0.0,-0.7363996791923271
exp1a_22,1,1,6,0.0,0.2178428302469978
exp1a_22,0,1,6,-1.0,-0.25927842447266464
exp1a_22,0,0,6,0.0,0.2178428302469978
exp1a_22,1,1,6,1.0,0.843383917424483
exp1a_22,1,0,4,1.0,-0.25927842447266464
exp1a_22,1,1,6,-1.0,0.843383917424483
exp1a_22,0,0,6,1.0,-0.25927842447266464
exp1a_22,1,1,6,1.0,0.2178428302469978
exp1a_22,1,1,6,0.0,-0.25927842447266464
exp1a_22,0,0,6,-1.0,0.2178428302469978
exp1a_22,0,0,6,0.0,-0.037429674856308215
exp1a_22,1,1,4,-1.0,-0.7363996791923271
exp1a_22,1,1,6,-1.0,-0.25927842447266464
exp1a_22,0,0,6,0.0,0.843383917424483
exp1a_22,0,0,6,1.0,0.2178428302469978
exp1a_22,0,0,4,-1.0,-0.037429674856308215
exp1a_22,1,1,6,0.0,0.843383917424483
exp1a_22,1,1,6,-1.0,-0.037429674856308215
exp1a_22,0,0,6,1.0,0.843383917424483
exp1a_22,0,0,6,-1.0,0.843383917424483
exp1a_22,1,1,6,1.0,-0.037429674856308215
exp1a_22,1,0,4,1.0,-0.7363996791923271
exp1a_22,0,1,5,0.0,-0.25927842447266464
exp1a_22,1,1,6,0.0,0.2178428302469978
exp1a_22,1,1,6,0.0,-0.037429674856308215
exp1a_22,1,1,6,1.0,-0.7363996791923271
exp1a_22,1,1,6,1.0,0.843383917424483
exp1a_22,1,0,4,-1.0,-0.25927842447266464
exp1a_22,0,0,6,-1.0,-0.25927842447266464
exp1a_22,1,1,6,1.0,0.2178428302469978
exp1a_22,0,0,6,0.0,0.2178428302469978
exp1a_22,1,1,6,1.0,-0.25927842447266464
exp1a_22,1,1,5,0.0,-0.7363996791923271
exp1a_22,1,1,6,0.0,-0.25927842447266464
exp1a_22,0,0,6,-1.0,0.843383917424483
exp1a_22,0,0,6,0.0,-0.7363996791923271
exp1a_22,1,1,6,-1.0,0.2178428302469978
exp1a_22,0,0,6,0.0,0.843383917424483
exp1a_22,0,0,6,0.0,-0.25927842447266464
exp1a_22,0,0,6,1.0,-0.037429674856308215
exp1a_22,1,1,6,1.0,-0.037429674856308215
exp1a_22,1,1,6,-1.0,-0.037429674856308215
exp1a_22,0,0,6,-1.0,-0.037429674856308215
exp1a_22,0,0,6,1.0,-0.25927842447266464
exp1a_22,0,0,6,0.0,-0.037429674856308215
exp1a_22,1,0,4,-1.0,-0.7363996791923271
exp1a_22,1,1,6,0.0,0.843383917424483
exp1a_22,0,0,6,1.0,0.2178428302469978
exp1a_22,0,0,6,-1.0,0.2178428302469978
exp1a_22,0,0,6,-1.0,-0.7363996791923271
exp1a_22,0,0,6,1.0,0.843383917424483
exp1a_22,1,1,6,-1.0,0.843383917424483
exp1a_22,0,0,4,1.0,-0.7363996791923271
exp1a_22,0,1,5,0.0,-0.7363996791923271
exp1a_22,0,0,6,1.0,0.843383917424483
exp1a_22,0,0,6,-1.0,-0.25927842447266464
exp1a_22,0,0,6,0.0,0.843383917424483
exp1a_22,1,1,6,1.0,-0.7363996791923271
exp1a_22,0,0,6,1.0,0.2178428302469978
exp1a_22,0,0,6,-1.0,-0.037429674856308215
exp1a_22,1,1,6,0.0,-0.25927842447266464
exp1a_22,1,1,6,-1.0,0.2178428302469978
exp1a_22,0,0,6,-1.0,0.2178428302469978
exp1a_22,1,1,6,1.0,-0.25927842447266464
exp1a_22,1,1,6,1.0,0.843383917424483
exp1a_22,0,0,6,0.0,-0.25927842447266464
exp1a_22,1,1,6,0.0,0.2178428302469978
exp1a_22,0,0,6,0.0,-0.037429674856308215
exp1a_22,1,1,6,0.0,-0.7363996791923271
exp1a_22,1,1,6,0.0,-0.037429674856308215
exp1a_22,0,1,5,-1.0,-0.7363996791923271
exp1a_22,0,0,6,0.0,0.2178428302469978
exp1a_22,1,1,6,1.0,-0.037429674856308215
exp1a_22,0,1,6,1.0,-0.25927842447266464
exp1a_22,1,1,6,-1.0,-0.25927842447266464
exp1a_22,1,1,6,0.0,0.843383917424483
exp1a_22,0,0,6,1.0,-0.037429674856308215
exp1a_22,1,1,6,1.0,0.2178428302469978
exp1a_22,1,1,6,-1.0,-0.037429674856308215
exp1a_22,1,1,6,-1.0,0.843383917424483
exp1a_22,0,1,6,1.0,-0.7363996791923271
exp1a_22,1,1,6,-1.0,-0.7363996791923271
exp1a_22,0,0,6,-1.0,0.843383917424483
exp1a_22,0,0,6,0.0,-0.037429674856308215
exp1a_22,0,0,6,1.0,-0.25927842447266464
exp1a_22,1,1,6,-1.0,-0.25927842447266464
exp1a_22,0,0,6,0.0,-0.25927842447266464
exp1a_22,0,0,6,1.0,-0.037429674856308215
exp1a_22,0,0,6,-1.0,0.843383917424483
exp1a_22,1,1,6,0.0,-0.25927842447266464
exp1a_22,1,0,6,0.0,-0.7363996791923271
exp1a_22,1,1,6,1.0,0.843383917424483
exp1a_22,1,1,4,0.0,-0.037429674856308215
exp1a_22,0,0,6,0.0,-0.7363996791923271
exp1a_22,1,1,6,0.0,0.843383917424483
exp1a_22,0,0,6,-1.0,0.2178428302469978
exp1a_22,1,1,6,-1.0,0.843383917424483
exp1a_22,0,0,6,-1.0,-0.037429674856308215
exp1a_22,0,0,6,0.0,0.2178428302469978
exp1a_22,1,1,6,-1.0,-0.037429674856308215
exp1a_22,1,1,6,-1.0,0.2178428302469978
exp1a_22,0,0,5,-1.0,-0.7363996791923271
exp1a_22,0,1,1,1.0,0.843383917424483
exp1a_22,1,1,6,1.0,-0.25927842447266464
exp1a_22,0,0,6,1.0,-0.7363996791923271
exp1a_22,0,0,6,1.0,0.2178428302469978
exp1a_22,1,1,6,-1.0,-0.7363996791923271
exp1a_22,0,0,6,0.0,0.843383917424483
exp1a_22,0,0,6,-1.0,-0.25927842447266464
exp1a_22,1,1,6,1.0,0.2178428302469978
exp1a_22,1,1,6,0.0,0.2178428302469978
exp1a_22,1,1,6,1.0,-0.037429674856308215
exp1a_22,1,0,6,1.0,-0.7363996791923271
exp1a_22,0,0,6,-1.0,-0.25927842447266464
exp1a_22,0,0,6,-1.0,0.843383917424483
exp1a_22,0,0,6,1.0,0.843383917424483
exp1a_22,0,1,4,0.0,-0.7363996791923271
exp1a_22,0,0,6,-1.0,0.2178428302469978
exp1a_22,0,0,6,0.0,-0.037429674856308215
exp1a_22,0,0,6,0.0,0.843383917424483
exp1a_22,1,1,6,1.0,-0.037429674856308215
exp1a_22,0,0,6,1.0,0.2178428302469978
exp1a_22,0,0,6,-1.0,-0.7363996791923271
exp1a_22,1,1,6,-1.0,-0.037429674856308215
exp1a_22,1,1,6,1.0,0.2178428302469978
exp1a_22,1,1,4,-1.0,-0.7363996791923271
exp1a_22,0,0,6,0.0,-0.25927842447266464
exp1a_22,0,0,6,1.0,-0.037429674856308215
exp1a_22,0,1,4,1.0,-0.7363996791923271
exp1a_22,1,1,6,0.0,-0.25927842447266464
exp1a_22,1,1,6,-1.0,-0.25927842447266464
exp1a_22,1,1,6,0.0,0.843383917424483
exp1a_22,1,1,6,0.0,-0.7363996791923271
exp1a_22,1,1,6,1.0,-0.7363996791923271
exp1a_22,0,0,6,0.0,0.2178428302469978
exp1a_22,0,1,4,1.0,-0.25927842447266464
exp1a_22,1,1,6,-1.0,0.2178428302469978
exp1a_22,1,1,6,0.0,0.2178428302469978
exp1a_22,1,1,6,1.0,0.843383917424483
exp1a_22,1,1,6,1.0,-0.25927842447266464
exp1a_22,1,1,6,0.0,-0.037429674856308215
exp1a_22,1,1,6,-1.0,0.843383917424483
exp1a_22,0,0,6,-1.0,-0.037429674856308215
exp1a_22,1,1,6,0.0,-0.037429674856308215
exp1a_22,1,1,6,1.0,-0.7363996791923271
exp1a_22,1,1,6,1.0,0.843383917424483
exp1a_22,0,0,6,1.0,0.843383917424483
exp1a_22,1,1,6,1.0,-0.037429674856308215
exp1a_22,1,1,6,-1.0,0.843383917424483
exp1a_22,1,1,6,0.0,0.2178428302469978
exp1a_22,1,1,4,0.0,-0.25927842447266464
exp1a_22,0,0,6,-1.0,-0.037429674856308215
exp1a_22,0,0,6,0.0,-0.037429674856308215
exp1a_22,1,1,6,0.0,0.843383917424483
exp1a_22,0,1,5,0.0,-0.7363996791923271
exp1a_22,0,0,6,-1.0,0.843383917424483
exp1a_22,0,0,6,-1.0,0.2178428302469978
exp1a_22,1,1,6,1.0,0.2178428302469978
exp1a_22,1,1,6,1.0,-0.25927842447266464
exp1a_22,0,1,5,-1.0,-0.25927842447266464
exp1a_22,1,1,5,-1.0,-0.037429674856308215
exp1a_22,1,1,6,-1.0,-0.25927842447266464
exp1a_22,0,1,6,1.0,-0.25927842447266464
exp1a_22,0,0,6,0.0,0.843383917424483
exp1a_22,0,0,6,1.0,-0.037429674856308215
exp1a_22,1,1,6,-1.0,0.2178428302469978
exp1a_22,0,0,6,0.0,-0.25927842447266464
exp1a_22,1,1,6,0.0,-0.7363996791923271
exp1a_22,0,0,6,-1.0,-0.7363996791923271
exp1a_22,0,0,6,1.0,0.2178428302469978
exp1a_22,0,0,6,0.0,0.2178428302469978
exp1a_22,1,0,6,-1.0,-0.7363996791923271
exp1a_22,0,0,4,1.0,-0.7363996791923271
exp1a_22,0,0,6,0.0,-0.25927842447266464
exp1a_22,1,1,6,0.0,0.2178428302469978
exp1a_22,1,1,6,-1.0,0.843383917424483
exp1a_22,1,1,6,0.0,-0.037429674856308215
exp1a_22,0,0,6,1.0,0.2178428302469978
exp1a_22,1,1,6,0.0,0.843383917424483
exp1a_22,1,1,6,-1.0,-0.037429674856308215
exp1a_22,0,0,6,1.0,0.843383917424483
exp1a_22,1,1,6,0.0,-0.25927842447266464
exp1a_22,0,0,6,-1.0,0.843383917424483
exp1a_22,0,0,6,-1.0,-0.25927842447266464
exp1a_22,1,1,6,1.0,-0.037429674856308215
exp1a_22,1,1,6,1.0,-0.7363996791923271
exp1a_22,1,1,6,1.0,0.2178428302469978
exp1a_22,0,1,6,1.0,-0.7363996791923271
exp1a_22,0,0,6,0.0,0.843383917424483
exp1a_22,1,1,6,1.0,-0.25927842447266464
exp1a_22,0,0,4,0.0,-0.7363996791923271
exp1a_22,1,1,5,0.0,-0.7363996791923271
exp1a_22,1,1,6,1.0,0.843383917424483
exp1a_22,0,0,5,-1.0,-0.7363996791923271
exp1a_22,0,0,6,0.0,0.2178428302469978
exp1a_22,0,0,6,-1.0,0.2178428302469978
exp1a_22,1,1,6,-1.0,0.2178428302469978
exp1a_22,0,0,6,0.0,-0.037429674856308215
exp1a_22,0,0,6,1.0,-0.25927842447266464
exp1a_22,0,0,6,1.0,-0.037429674856308215
exp1a_22,0,0,6,-1.0,-0.037429674856308215
exp1a_22,1,1,6,-1.0,-0.7363996791923271
exp1a_22,1,1,6,-1.0,-0.25927842447266464
exp1a_23,1,1,6,0.0,0.2178428302469978
exp1a_23,1,1,6,0.0,0.843383917424483
exp1a_23,0,1,6,0.0,-0.25927842447266464
exp1a_23,1,1,3,-1.0,-0.7363996791923271
exp1a_23,0,0,6,1.0,0.843383917424483
exp1a_23,1,1,6,-1.0,0.843383917424483
exp1a_23,0,1,3,0.0,0.2178428302469978
exp1a_23,0,0,6,-1.0,0.843383917424483
exp1a_23,0,0,3,1.0,-0.037429674856308215
exp1a_23,1,1,3,1.0,-0.25927842447266464
exp1a_23,0,0,5,-1.0,0.2178428302469978
exp1a_23,1,1,5,1.0,-0.7363996791923271
exp1a_23,1,1,5,0.0,-0.037429674856308215
exp1a_23,0,1,3,-1.0,-0.25927842447266464
exp1a_23,1,0,3,-1.0,-0.037429674856308215
exp1a_23,1,1,5,1.0,0.2178428302469978
exp1a_23,1,1,6,-1.0,0.2178428302469978
exp1a_23,1,1,6,1.0,0.843383917424483
exp1a_23,0,1,6,0.0,-0.7363996791923271
exp1a_23,0,1,6,0.0,-0.037429674856308215
exp1a_23,0,1,5,1.0,-0.25927842447266464
exp1a_23,0,0,6,1.0,0.2178428302469978
exp1a_23,1,1,3,1.0,-0.037429674856308215
exp1a_23,0,1,3,-1.0,-0.7363996791923271
exp1a_23,1,1,3,0.0,-0.7363996791923271
exp1a_23,0,1,3,-1.0,-0.037429674856308215
exp1a_23,1,1,5,-1.0,-0.25927842447266464
exp1a_23,0,0,6,0.0,0.843383917424483
exp1a_23,0,1,5,1.0,-0.7363996791923271
exp1a_23,1,0,3,0.0,-0.25927842447266464
exp1a_23,0,0,6,-1.0,-0.25927842447266464
exp1a_23,0,0,5,1.0,-0.7363996791923271
exp1a_23,1,1,5,-1.0,-0.037429674856308215
exp1a_23,0,0,6,-1.0,0.2178428302469978
exp1a_23,0,1,4,0.0,0.2178428302469978
exp1a_23,0,0,6,1.0,0.2178428302469978
exp1a_23,0,1,6,-1.0,-0.7363996791923271
exp1a_23,1,1,5,1.0,0.2178428302469978
exp1a_23,0,0,6,1.0,0.843383917424483
exp1a_23,1,1,6,0.0,0.2178428302469978
exp1a_23,1,1,6,1.0,0.843383917424483
exp1a_23,1,1,6,0.0,-0.037429674856308215
exp1a_23,0,0,3,1.0,-0.037429674856308215
exp1a_23,1,1,4,-1.0,-0.25927842447266464
exp1a_23,1,1,6,-1.0,0.843383917424483
exp1a_23,1,1,5,1.0,-0.037429674856308215
exp1a_23,1,1,6,0.0,-0.7363996791923271
exp1a_23,1,1,6,0.0,0.843383917424483
exp1a_23,0,0,3,0.0,-0.037429674856308215
exp1a_23,0,0,6,-1.0,0.843383917424483
exp1a_23,0,1,3,-1.0,-0.037429674856308215
exp1a_23,0,0,3,1.0,-0.25927842447266464
exp1a_23,1,1,5,1.0,-0.25927842447266464
exp1a_23,0,1,6,0.0,-0.25927842447266464
exp1a_23,0,0,6,0.0,0.843383917424483
exp1a_23,1,1,6,-1.0,0.2178428302469978
exp1a_23,1,1,5,1.0,-0.7363996791923271
exp1a_23,1,1,5,0.0,-0.25927842447266464
exp1a_23,1,0,3,-1.0,-0.7363996791923271
exp1a_23,0,0,3,0.0,-0.7363996791923271
exp1a_23,1,1,5,1.0,-0.25927842447266464
exp1a_23,1,1,5,-1.0,-0.037429674856308215
exp1a_23,1,1,5,1.0,0.2178428302469978
exp1a_23,1,1,6,-1.0,0.843383917424483
exp1a_23,1,1,6,0.0,-0.037429674856308215
exp1a_23,1,1,6,0.0,0.843383917424483
exp1a_23,1,1,6,-1.0,-0.25927842447266464
exp1a_23,1,1,3,0.0,-0.25927842447266464
exp1a_23,1,1,6,1.0,0.843383917424483
exp1a_23,1,1,6,1.0,-0.037429674856308215
exp1a_23,0,0,6,-1.0,0.843383917424483
exp1a_23,0,1,3,0.0,-0.25927842447266464
exp1a_23,0,1,3,-1.0,-0.7363996791923271
exp1a_23,0,0,5,0.0,-0.037429674856308215
exp1a_23,0,1,3,0.0,0.2178428302469978
exp1a_23,1,1,6,0.0,0.2178428302469978
exp1a_23,0,0,6,1.0,0.843383917424483
exp1a_23,1,1,6,1.0,-0.7363996791923271
exp1a_23,0,0,6,-1.0,-0.25927842447266464
exp1a_23,0,0,6,1.0,-0.25927842447266464
exp1a_23,1,1,3,-1.0,-0.7363996791923271
exp1a_23,0,0,5,-1.0,-0.037429674856308215
exp1a_23,0,0,5,1.0,-0.037429674856308215
exp1a_23,0,0,6,1.0,0.2178428302469978
exp1a_23,1,0,6,-1.0,0.2178428302469978
exp1a_23,1,0,6,0.0,-0.7363996791923271
exp1a_23,0,0,6,0.0,0.843383917424483
exp1a_23,0,0,6,1.0,-0.7363996791923271
exp1a_23,1,1,5,-1.0,0.2178428302469978
exp1a_23,0,0,5,-1.0,-0.037429674856308215
exp1a_23,0,0,6,0.0,0.843383917424483
exp1a_23,1,1,6,0.0,-0.25927842447266464
exp1a_23,0,0,6,0.0,0.2178428302469978
exp1a_23,1,1,6,0.0,0.2178428302469978
exp1a_23,0,0,6,1.0,0.843383917424483
exp1a_23,0,0,6,-1.0,0.2178428302469978
exp1a_23,0,0,3,-1.0,-0.7363996791923271
exp1a_23,1,1,6,0.0,0.843383917424483
exp1a_23,1,1,5,0.0,-0.037429674856308215
exp1a_23,1,0,3,-1.0,-0.7363996791923271
exp1a_23,1,1,5,-1.0,0.843383917424483
exp1a_23,0,1,2,1.0,-0.25927842447266464
exp1a_23,1,1,6,-1.0,-0.25927842447266464
exp1a_23,1,1,3,1.0,0.2178428302469978
exp1a_23,1,1,5,0.0,-0.7363996791923271
exp1a_23,1,1,6,1.0,-0.7363996791923271
exp1a_23,1,1,6,1.0,0.843383917424483
exp1a_23,0,1,6,0.0,-0.037429674856308215
exp1a_23,1,1,6,1.0,-0.25927842447266464
exp1a_23,0,0,6,-1.0,0.843383917424483
exp1a_23,1,1,6,1.0,-0.037429674856308215
exp1a_23,0,0,3,-1.0,-0.25927842447266464
exp1a_23,0,0,3,0.0,-0.25927842447266464
exp1a_23,0,0,5,1.0,0.2178428302469978
exp1a_23,0,1,6,1.0,-0.7363996791923271
exp1a_23,0,1,4,0.0,-0.7363996791923271
exp1a_23,0,0,6,1.0,-0.037429674856308215
exp1a_23,1,1,3,-1.0,-0.037429674856308215
exp1a_23,0,0,5,-1.0,-0.7363996791923271
exp1a_23,1,1,6,1.0,-0.037429674856308215
exp1a_23,1,0,6,0.0,-0.25927842447266464
exp1a_23,0,0,5,0.0,-0.037429674856308215
exp1a_23,1,0,6,1.0,-0.7363996791923271
exp1a_23,1,1,6,1.0,-0.25927842447266464
exp1a_23,0,0,5,0.0,-0.25927842447266464
exp1a_23,1,1,6,-1.0,0.843383917424483
exp1a_23,1,1,5,-1.0,-0.037429674856308215
exp1a_23,1,1,6,0.0,-0.037429674856308215
exp1a_23,0,0,3,1.0,-0.037429674856308215
exp1a_23,0,0,6,0.0,0.843383917424483
exp1a_23,1,1,6,-1.0,0.2178428302469978
exp1a_23,1,1,5,-1.0,-0.25927842447266464
exp1a_23,0,0,6,1.0,0.843383917424483
exp1a_23,0,0,5,0.0,0.2178428302469978
exp1a_23,1,0,6,0.0,-0.7363996791923271
exp1a_23,0,0,5,0.0,-0.7363996791923271
exp1a_23,0,0,3,-1.0,-0.037429674856308215
exp1a_23,1,1,6,0.0,0.843383917424483
exp1a_23,1,1,5,-1.0,-0.7363996791923271
exp1a_23,1,1,6,1.0,0.843383917424483
exp1a_23,0,1,5,1.0,-0.25927842447266464
exp1a_23,0,1,5,1.0,0.2178428302469978
exp1a_23,0,0,4,1.0,-0.7363996791923271
exp1a_23,1,1,6,0.0,0.2178428302469978
exp1a_23,0,1,5,-1.0,-0.25927842447266464
exp1a_23,0,0,6,-1.0,0.2178428302469978
exp1a_23,1,1,5,1.0,0.2178428302469978
exp1a_23,0,0,6,-1.0,0.843383917424483
exp1a_23,0,0,6,1.0,0.843383917424483
exp1a_23,1,1,6,1.0,-0.037429674856308215
exp1a_23,0,1,2,-1.0,-0.25927842447266464
exp1a_23,1,1,5,0.0,0.2178428302469978
exp1a_23,0,1,5,1.0,-0.7363996791923271
exp1a_23,0,0,6,0.0,-0.7363996791923271
exp1a_23,0,1,4,-1.0,-0.7363996791923271
exp1a_23,0,0,3,1.0,-0.25927842447266464
exp1a_23,1,1,6,0.0,-0.25927842447266464
exp1a_23,1,1,6,0.0,0.843383917424483
exp1a_23,0,0,6,-1.0,0.843383917424483
exp1a_23,1,1,5,-1.0,-0.037429674856308215
exp1a_23,1,1,5,-1.0,-0.25927842447266464
exp1a_23,0,0,3,-1.0,-0.037429674856308215
exp1a_23,1,1,6,1.0,0.843383917424483
exp1a_23,1,1,6,-1.0,0.843383917424483
exp1a_23,0,0,6,-1.0,0.2178428302469978
exp1a_23,1,1,6,-1.0,-0.7363996791923271
exp1a_23,1,1,6,0.0,-0.037429674856308215
exp1a_23,0,0,6,0.0,0.843383917424483
exp1a_23,1,1,6,1.0,-0.7363996791923271
exp1a_23,0,0,5,0.0,-0.037429674856308215
exp1a_23,1,1,6,-1.0,0.2178428302469978
exp1a_23,0,0,6,1.0,0.2178428302469978
exp1a_23,1,0,5,0.0,-0.7363996791923271
exp1a_23,0,1,4,1.0,-0.037429674856308215
exp1a_23,0,0,3,0.0,-0.25927842447266464
exp1a_23,1,1,5,1.0,-0.25927842447266464
exp1a_23,1,1,6,1.0,0.2178428302469978
exp1a_23,0,0,6,0.0,0.2178428302469978
exp1a_23,0,1,5,-1.0,-0.25927842447266464
exp1a_23,0,0,6,1.0,-0.037429674856308215
exp1a_23,1,0,6,-1.0,-0.037429674856308215
exp1a_23,1,1,6,-1.0,0.843383917424483
exp1a_23,0,1,5,0.0,-0.25927842447266464
exp1a_23,0,0,6,0.0,-0.037429674856308215
exp1a_23,1,1,6,1.0,-0.037429674856308215
exp1a_23,1,1,5,1.0,0.2178428302469978
exp1a_23,0,0,6,1.0,0.843383917424483
exp1a_23,1,1,6,0.0,0.2178428302469978
exp1a_23,1,1,5,-1.0,0.2178428302469978
exp1a_23,0,0,6,-1.0,0.2178428302469978
exp1a_23,1,1,3,0.0,-0.7363996791923271
exp1a_23,1,0,3,-1.0,-0.7363996791923271
exp1a_23,0,0,6,0.0,0.843383917424483
exp1a_23,0,1,5,0.0,-0.7363996791923271
exp1a_23,0,0,6,-1.0,0.843383917424483
exp1a_23,0,1,3,-1.0,-0.037429674856308215
exp1a_23,0,0,3,1.0,-0.7363996791923271
exp1a_23,0,0,6,0.0,0.2178428302469978
exp1a_23,1,1,6,1.0,0.843383917424483
exp1a_23,1,1,6,0.0,0.843383917424483
exp1a_23,1,1,3,-1.0,-0.25927842447266464
exp1a_23,1,1,3,0.0,-0.25927842447266464
exp1a_23,1,1,5,1.0,-0.7363996791923271
exp1a_23,1,1,2,0.0,-0.037429674856308215
exp1a_23,0,0,6,1.0,0.2178428302469978
exp1a_23,1,1,6,1.0,-0.25927842447266464
exp1a_23,0,0,3,-1.0,-0.7363996791923271
exp1a_23,0,1,5,1.0,-0.25927842447266464
exp1a_23,0,1,4,0.0,0.2178428302469978
exp1a_23,0,0,3,-1.0,-0.7363996791923271
exp1a_23,0,0,6,-1.0,0.843383917424483
exp1a_23,0,0,6,0.0,-0.25927842447266464
exp1a_23,0,0,6,1.0,0.2178428302469978
exp1a_23,1,1,6,0.0,-0.7363996791923271
exp1a_23,1,0,3,0.0,-0.037429674856308215
exp1a_23,1,1,6,0.0,0.2178428302469978
exp1a_23,1,1,5,1.0,0.2178428302469978
exp1a_23,0,0,6,1.0,-0.25927842447266464
exp1a_23,0,0,6,-1.0,-0.037429674856308215
exp1a_23,1,1,5,-1.0,-0.25927842447266464
exp1a_23,1,1,6,0.0,0.843383917424483
exp1a_23,0,0,6,-1.0,0.2178428302469978
exp1a_23,0,0,6,0.0,-0.037429674856308215
exp1a_23,0,0,6,0.0,0.843383917424483
exp1a_23,1,1,4,0.0,-0.25927842447266464
exp1a_23,1,1,6,1.0,-0.25927842447266464
exp1a_23,1,1,6,-1.0,0.2178428302469978
exp1a_23,1,1,6,1.0,0.843383917424483
exp1a_23,1,1,3,-1.0,-0.037429674856308215
exp1a_23,1,0,3,-1.0,-0.7363996791923271
exp1a_23,1,1,5,1.0,-0.7363996791923271
exp1a_23,0,1,4,1.0,-0.037429674856308215
exp1a_23,1,0,3,1.0,-0.037429674856308215
exp1a_23,0,1,5,-1.0,-0.25927842447266464
exp1a_23,0,1,2,0.0,-0.7363996791923271
exp1a_23,1,1,6,-1.0,0.843383917424483
exp1a_23,0,1,5,1.0,-0.7363996791923271
exp1a_24,0,1,5,0.0,-0.25927842447266464
exp1a_24,1,1,4,-1.0,-0.037429674856308215
exp1a_24,1,1,1,0.0,-0.7363996791923271
exp1a_24,1,1,6,1.0,-0.25927842447266464
exp1a_24,0,0,5,-1.0,-0.25927842447266464
exp1a_24,1,1,6,-1.0,0.2178428302469978
exp1a_24,0,0,5,1.0,-0.25927842447266464
exp1a_24,0,0,6,1.0,-0.037429674856308215
exp1a_24,1,1,6,0.0,-0.037429674856308215
exp1a_24,0,0,6,-1.0,0.843383917424483
exp1a_24,0,0,6,1.0,0.843383917424483
exp1a_24,1,1,3,1.0,-0.7363996791923271
exp1a_24,0,0,6,0.0,0.2178428302469978
exp1a_24,1,1,2,-1.0,-0.7363996791923271
exp1a_24,1,1,6,-1.0,0.843383917424483
exp1a_24,0,0,5,-1.0,-0.037429674856308215
exp1a_24,1,1,2,0.0,-0.25927842447266464
exp1a_24,0,0,5,0.0,-0.037429674856308215
exp1a_24,1,1,5,-1.0,-0.25927842447266464
exp1a_24,0,0,5,0.0,-0.7363996791923271
exp1a_24,0,0,5,-1.0,0.2178428302469978
exp1a_24,1,1,5,1.0,0.843383917424483
exp1a_24,1,1,5,1.0,0.2178428302469978
exp1a_24,1,1,5,0.0,0.2178428302469978
exp1a_24,0,1,5,-1.0,-0.7363996791923271
exp1a_24,0,1,5,1.0,-0.7363996791923271
exp1a_24,1,1,5,0.0,0.843383917424483
exp1a_24,1,1,5,1.0,-0.037429674856308215
exp1a_24,0,0,5,0.0,0.843383917424483
exp1a_24,0,1,6,1.0,0.2178428302469978
exp1a_24,1,0,6,1.0,-0.7363996791923271
exp1a_24,0,1,6,1.0,-0.7363996791923271
exp1a_24,0,0,6,-1.0,-0.25927842447266464
exp1a_24,0,0,6,-1.0,0.843383917424483
exp1a_24,1,1,6,0.0,-0.037429674856308215
exp1a_24,1,1,6,1.0,0.843383917424483
exp1a_24,1,1,6,0.0,0.2178428302469978
exp1a_24,0,0,6,0.0,0.843383917424483
exp1a_24,0,0,6,1.0,-0.037429674856308215
exp1a_24,1,1,6,0.0,0.843383917424483
exp1a_24,0,0,5,-1.0,-0.7363996791923271
exp1a_24,0,0,5,1.0,0.843383917424483
exp1a_24,0,1,6,0.0,-0.25927842447266464
exp1a_24,1,1,2,-1.0,0.2178428302469978
exp1a_24,1,0,6,1.0,-0.25927842447266464
exp1a_24,1,1,4,-1.0,-0.037429674856308215
exp1a_24,1,1,6,-1.0,-0.25927842447266464
exp1a_24,0,0,6,1.0,0.2178428302469978
exp1a_24,1,1,6,1.0,-0.037429674856308215
exp1a_24,0,0,2,0.0,-0.7363996791923271
exp1a_24,0,0,3,-1.0,0.2178428302469978
exp1a_24,0,0,3,0.0,0.2178428302469978
exp1a_24,0,0,4,1.0,-0.25927842447266464
exp1a_24,0,0,4,-1.0,-0.037429674856308215
exp1a_24,0,0,4,0.0,-0.037429674856308215
exp1a_24,1,1,4,0.0,-0.7363996791923271
exp1a_24,1,1,4,-1.0,-0.7363996791923271
exp1a_24,1,1,6,-1.0,0.843383917424483
exp1a_24,1,1,6,1.0,0.2178428302469978
exp1a_24,1,1,6,0.0,-0.25927842447266464
exp1a_24,1,1,6,0.0,0.2178428302469978
exp1a_24,0,0,3,0.0,-0.7363996791923271
exp1a_24,0,1,3,0.0,-0.25927842447266464
exp1a_24,1,1,6,1.0,0.2178428302469978
exp1a_24,1,1,6,1.0,-0.037429674856308215
exp1a_24,0,0,6,1.0,0.2178428302469978
exp1a_24,1,1,5,0.0,-0.7363996791923271
exp1a_24,0,0,6,0.0,0.843383917424483
exp1a_24,1,1,6,1.0,0.843383917424483
exp1a_24,1,1,6,-1.0,0.843383917424483
exp1a_24,0,0,6,-1.0,0.843383917424483
exp1a_24,0,0,6,1.0,0.843383917424483
exp1a_24,0,0,6,-1.0,-0.7363996791923271
exp1a_24,1,1,6,1.0,-0.7363996791923271
exp1a_24,0,0,6,0.0,-0.037429674856308215
exp1a_24,0,0,6,1.0,-0.037429674856308215
exp1a_24,0,1,6,1.0,-0.25927842447266464
exp1a_24,1,1,3,-1.0,-0.25927842447266464
exp1a_24,1,1,6,0.0,0.843383917424483
exp1a_24,0,1,6,1.0,-0.7363996791923271
exp1a_24,0,1,6,-1.0,0.2178428302469978
exp1a_24,0,0,6,0.0,0.2178428302469978
exp1a_24,1,1,6,0.0,-0.037429674856308215
exp1a_24,1,1,6,-1.0,0.2178428302469978
exp1a_24,1,1,6,1.0,-0.25927842447266464
exp1a_24,1,1,3,-1.0,-0.7363996791923271
exp1a_24,1,1,6,-1.0,-0.037429674856308215
exp1a_24,0,1,6,-1.0,0.2178428302469978
exp1a_24,0,1,6,-1.0,-0.7363996791923271
exp1a_24,1,1,6,0.0,-0.25927842447266464
exp1a_24,1,1,6,-1.0,0.2178428302469978
exp1a_24,0,0,5,0.0,0.2178428302469978
exp1a_24,0,0,6,1.0,0.843383917424483
exp1a_24,1,1,6,-1.0,0.843383917424483
exp1a_24,0,0,6,1.0,0.2178428302469978
exp1a_24,1,1,6,0.0,0.843383917424483
exp1a_24,0,0,6,0.0,-0.25927842447266464
exp1a_24,0,0,6,0.0,-0.037429674856308215
exp1a_24,1,1,6,1.0,-0.25927842447266464
exp1a_24,1,0,2,-1.0,-0.037429674856308215
exp1a_24,0,1,5,0.0,-0.7363996791923271
exp1a_24,1,1,5,1.0,0.2178428302469978
exp1a_24,0,0,6,1.0,-0.037429674856308215
exp1a_24,0,0,6,0.0,0.843383917424483
exp1a_24,1,1,6,1.0,0.843383917424483
exp1a_24,1,1,6,1.0,-0.7363996791923271
exp1a_24,0,1,4,-1.0,-0.25927842447266464
exp1a_24,0,1,4,1.0,-0.7363996791923271
exp1a_24,1,1,6,1.0,-0.037429674856308215
exp1a_24,0,1,6,1.0,-0.25927842447266464
exp1a_24,1,1,6,-1.0,-0.7363996791923271
exp1a_24,0,0,6,-1.0,-0.037429674856308215
exp1a_24,1,1,6,0.0,-0.037429674856308215
exp1a_24,1,0,6,-1.0,-0.25927842447266464
exp1a_24,0,0,6,-1.0,0.843383917424483
exp1a_24,1,1,6,0.0,0.2178428302469978
exp1a_24,0,0,3,0.0,-0.25927842447266464
exp1a_24,1,1,6,1.0,-0.037429674856308215
exp1a_24,0,0,6,0.0,0.843383917424483
exp1a_24,0,1,5,1.0,-0.7363996791923271
exp1a_24,0,1,5,0.0,-0.037429674856308215
exp1a_24,0,0,5,-1.0,-0.037429674856308215
exp1a_24,1,0,5,-1.0,-0.037429674856308215
exp1a_24,1,1,5,0.0,-0.037429674856308215
exp1a_24,1,0,5,0.0,-0.25927842447266464
exp1a_24,0,0,5,0.0,0.2178428302469978
exp1a_24,0,0,6,1.0,0.843383917424483
exp1a_24,0,0,6,-1.0,-0.25927842447266464
exp1a_24,1,1,6,1.0,0.843383917424483
exp1a_24,0,0,6,-1.0,0.843383917424483
exp1a_24,0,0,6,1.0,-0.25927842447266464
exp1a_24,1,1,6,-1.0,-0.25927842447266464
exp1a_24,1,1,4,0.0,-0.7363996791923271
exp1a_24,0,0,5,1.0,0.2178428302469978
exp1a_24,1,1,6,1.0,-0.25927842447266464
exp1a_24,1,0,6,0.0,0.2178428302469978
exp1a_24,1,1,6,1.0,0.2178428302469978
exp1a_24,1,0,6,-1.0,0.2178428302469978
exp1a_24,0,0,6,-1.0,-0.7363996791923271
exp1a_24,1,0,6,-1.0,-0.7363996791923271
exp1a_24,1,1,6,0.0,0.843383917424483
exp1a_24,0,1,6,1.0,-0.037429674856308215
exp1a_24,0,0,6,-1.0,0.2178428302469978
exp1a_24,1,0,6,1.0,-0.7363996791923271
exp1a_24,0,0,6,-1.0,-0.037429674856308215
exp1a_24,0,1,6,-1.0,-0.7363996791923271
exp1a_24,1,1,5,-1.0,-0.7363996791923271
exp1a_24,1,1,6,0.0,0.843383917424483
exp1a_24,0,0,6,-1.0,0.2178428302469978
exp1a_24,0,1,6,1.0,-0.25927842447266464
exp1a_24,0,0,6,1.0,-0.037429674856308215
exp1a_24,1,1,6,-1.0,0.843383917424483
exp1a_24,0,0,6,1.0,0.2178428302469978
exp1a_24,0,0,6,-1.0,-0.25927842447266464
exp1a_24,0,0,6,-1.0,0.843383917424483
exp1a_24,0,0,6,0.0,-0.037429674856308215
exp1a_24,1,0,6,0.0,-0.037429674856308215
exp1a_24,1,1,6,-1.0,-0.25927842447266464
exp1a_24,1,1,6,0.0,-0.7363996791923271
exp1a_24,1,1,6,-1.0,-0.037429674856308215
exp1a_24,1,1,6,0.0,0.2178428302469978
exp1a_24,0,0,6,1.0,-0.7363996791923271
exp1a_24,1,0,6,1.0,-0.7363996791923271
exp1a_24,0,0,6,0.0,0.2178428302469978
exp1a_24,1,1,6,1.0,0.2178428302469978
exp1a_24,1,1,6,-1.0,0.2178428302469978
exp1a_24,0,0,6,1.0,0.843383917424483
exp1a_24,0,1,6,0.0,-0.7363996791923271
exp1a_24,1,0,6,0.0,-0.25927842447266464
exp1a_24,1,1,6,1.0,-0.25927842447266464
exp1a_24,0,0,6,0.0,0.843383917424483
exp1a_24,0,0,6,0.0,-0.25927842447266464
exp1a_24,1,1,6,0.0,-0.25927842447266464
exp1a_24,0,0,6,0.0,0.2178428302469978
exp1a_24,0,0,6,0.0,-0.25927842447266464
exp1a_24,1,1,6,-1.0,-0.7363996791923271
exp1a_24,0,1,6,0.0,-0.7363996791923271
exp1a_24,1,1,6,1.0,0.843383917424483
exp1a_24,1,1,6,-1.0,0.2178428302469978
exp1a_24,0,0,6,-1.0,-0.037429674856308215
exp1a_24,0,0,6,-1.0,0.843383917424483
exp1a_24,0,0,6,-1.0,-0.25927842447266464
exp1a_24,1,1,6,0.0,-0.7363996791923271
exp1a_24,1,1,5,0.0,-0.037429674856308215
exp1a_24,0,0,6,1.0,0.2178428302469978
exp1a_24,0,0,6,-1.0,0.2178428302469978
exp1a_24,0,1,6,1.0,-0.7363996791923271
exp1a_24,1,1,6,-1.0,-0.25927842447266464
exp1a_24,1,1,6,1.0,0.2178428302469978
exp1a_24,0,0,6,1.0,0.843383917424483
exp1a_24,0,1,6,1.0,-0.25927842447266464
exp1a_24,1,1,6,1.0,-0.037429674856308215
exp1a_24,1,1,6,0.0,0.843383917424483
exp1a_24,0,0,6,0.0,0.843383917424483
exp1a_24,0,1,6,-1.0,-0.7363996791923271
exp1a_24,1,1,6,1.0,-0.25927842447266464
exp1a_24,0,0,6,-1.0,-0.7363996791923271
exp1a_24,1,1,6,-1.0,-0.7363996791923271
exp1a_24,0,1,6,0.0,-0.7363996791923271
exp1a_24,1,0,6,1.0,0.2178428302469978
exp1a_24,0,0,6,1.0,0.843383917424483
exp1a_24,1,1,6,0.0,0.843383917424483
exp1a_24,1,1,6,1.0,-0.7363996791923271
exp1a_24,1,1,6,1.0,-0.25927842447266464
exp1a_24,0,1,6,1.0,-0.7363996791923271
exp1a_24,0,1,4,-1.0,-0.037429674856308215
exp1a_24,1,1,6,1.0,-0.037429674856308215
exp1a_24,0,1,6,0.0,-0.037429674856308215
exp1a_24,1,1,6,0.0,-0.037429674856308215
exp1a_24,1,1,6,1.0,0.843383917424483
exp1a_24,1,1,6,0.0,-0.7363996791923271
exp1a_24,0,0,6,-1.0,-0.25927842447266464
exp1a_24,1,1,6,-1.0,0.843383917424483
exp1a_24,1,1,6,-1.0,-0.037429674856308215
exp1a_24,1,1,6,-1.0,-0.25927842447266464
exp1a_24,1,0,6,0.0,-0.25927842447266464
exp1a_24,1,1,6,0.0,0.2178428302469978
exp1a_24,0,0,6,-1.0,0.2178428302469978
exp1a_24,1,1,6,-1.0,0.2178428302469978
exp1a_24,0,0,6,1.0,-0.25927842447266464
exp1a_25,1,1,6,-1.0,-0.25927842447266464
exp1a_25,0,0,6,-1.0,-0.037429674856308215
exp1a_25,1,1,6,0.0,0.843383917424483
exp1a_25,1,1,6,1.0,-0.037429674856308215
exp1a_25,0,1,6,0.0,0.2178428302469978
exp1a_25,1,1,6,0.0,0.2178428302469978
exp1a_25,0,1,6,0.0,-0.25927842447266464
exp1a_25,0,0,6,-1.0,0.843383917424483
exp1a_25,0,0,6,-1.0,0.2178428302469978
exp1a_25,0,0,6,1.0,-0.037429674856308215
exp1a_25,1,1,6,1.0,0.843383917424483
exp1a_25,1,1,6,-1.0,0.843383917424483
exp1a_25,1,1,6,1.0,0.2178428302469978
exp1a_25,1,1,6,1.0,-0.25927842447266464
exp1a_25,1,1,6,0.0,-0.25927842447266464
exp1a_25,1,1,6,1.0,-0.7363996791923271
exp1a_25,1,1,6,-1.0,-0.7363996791923271
exp1a_25,0,1,6,1.0,-0.25927842447266464
exp1a_25,0,0,6,0.0,-0.037429674856308215
exp1a_25,0,0,6,1.0,0.843383917424483
exp1a_25,0,0,6,1.0,0.2178428302469978
exp1a_25,0,0,6,0.0,-0.7363996791923271
exp1a_25,0,0,6,-1.0,-0.7363996791923271
exp1a_25,1,1,6,-1.0,0.2178428302469978
exp1a_25,0,0,6,1.0,-0.7363996791923271
exp1a_25,0,0,6,0.0,0.843383917424483
exp1a_25,0,0,6,-1.0,-0.25927842447266464
exp1a_25,1,1,6,-1.0,-0.037429674856308215
exp1a_25,1,1,6,0.0,-0.7363996791923271
exp1a_25,1,1,6,0.0,0.2178428302469978
exp1a_25,1,1,4,0.0,-0.25927842447266464
exp1a_25,0,1,6,0.0,-0.25927842447266464
exp1a_25,0,0,6,-1.0,0.843383917424483
exp1a_25,1,1,6,1.0,-0.7363996791923271
exp1a_25,1,1,6,1.0,0.2178428302469978
exp1a_25,1,1,6,-1.0,-0.7363996791923271
exp1a_25,0,1,6,-1.0,-0.037429674856308215
exp1a_25,1,0,6,-1.0,-0.037429674856308215
exp1a_25,0,1,3,0.0,-0.037429674856308215
exp1a_25,0,1,6,1.0,-0.25927842447266464
exp1a_25,1,1,6,-1.0,0.843383917424483
exp1a_25,0,0,6,1.0,0.2178428302469978
exp1a_25,0,1,6,-1.0,-0.25927842447266464
exp1a_25,1,1,6,-1.0,-0.25927842447266464
exp1a_25,0,1,6,1.0,-0.037429674856308215
exp1a_25,1,0,3,0.0,-0.037429674856308215
exp1a_25,0,0,6,0.0,0.843383917424483
exp1a_25,1,1,6,0.0,0.843383917424483
exp1a_25,0,1,6,-1.0,-0.7363996791923271
exp1a_25,0,1,6,0.0,-0.7363996791923271
exp1a_25,1,1,6,1.0,0.843383917424483
exp1a_25,1,1,6,-1.0,0.2178428302469978
exp1a_25,0,0,6,1.0,0.843383917424483
exp1a_25,0,1,6,0.0,0.2178428302469978
exp1a_25,1,1,6,1.0,-0.25927842447266464
exp1a_25,0,1,6,1.0,-0.7363996791923271
exp1a_25,0,0,6,-1.0,0.2178428302469978
exp1a_25,1,1,6,0.0,-0.7363996791923271
exp1a_25,1,1,6,1.0,-0.037429674856308215
exp1a_25,1,1,6,-1.0,-0.037429674856308215
exp1a_25,0,1,6,1.0,-0.7363996791923271
exp1a_25,0,1,6,-1.0,-0.7363996791923271
exp1a_25,1,1,6,-1.0,0.2178428302469978
exp1a_25,0,0,6,1.0,0.2178428302469978
exp1a_25,0,0,6,-1.0,-0.25927842447266464
exp1a_25,1,0,6,-1.0,-0.7363996791923271
exp1a_25,0,0,3,-1.0,-0.037429674856308215
exp1a_25,1,0,6,1.0,0.2178428302469978
exp1a_25,1,1,6,0.0,0.2178428302469978
exp1a_25,0,1,6,0.0,-0.7363996791923271
exp1a_25,0,0,6,1.0,-0.037429674856308215
exp1a_25,1,0,6,1.0,-0.25927842447266464
exp1a_25,1,0,6,1.0,-0.037429674856308215
exp1a_25,1,1,6,1.0,0.843383917424483
exp1a_25,1,0,6,1.0,-0.7363996791923271
exp1a_25,0,0,3,0.0,-0.25927842447266464
exp1a_25,1,1,6,0.0,0.843383917424483
exp1a_25,1,1,3,0.0,-0.25927842447266464
exp1a_25,1,1,6,0.0,-0.7363996791923271
exp1a_25,1,1,6,0.0,-0.037429674856308215
exp1a_25,0,0,6,-1.0,0.843383917424483
exp1a_25,0,0,6,1.0,0.843383917424483
exp1a_25,0,0,3,-1.0,0.2178428302469978
exp1a_25,0,0,6,0.0,0.843383917424483
exp1a_25,0,0,6,0.0,0.2178428302469978
exp1a_25,0,0,6,0.0,-0.037429674856308215
exp1a_25,1,0,6,-1.0,-0.25927842447266464
exp1a_25,0,0,6,1.0,-0.25927842447266464
exp1a_25,1,1,6,-1.0,0.843383917424483
exp1a_25,1,1,6,0.0,-0.7363996791923271
exp1a_25,0,0,6,1.0,0.843383917424483
exp1a_25,0,1,6,-1.0,-0.7363996791923271
exp1a_25,1,1,6,-1.0,0.2178428302469978
exp1a_25,0,0,6,1.0,0.2178428302469978
exp1a_25,0,0,6,1.0,-0.037429674856308215
exp1a_25,1,0,6,0.0,-0.037429674856308215
exp1a_25,1,0,3,0.0,-0.25927842447266464
exp1a_25,1,1,6,0.0,0.843383917424483
exp1a_25,1,1,6,-1.0,-0.037429674856308215
exp1a_25,0,0,6,0.0,-0.037429674856308215
exp1a_25,0,1,6,-1.0,-0.25927842447266464
exp1a_25,0,0,6,0.0,-0.7363996791923271
exp1a_25,0,0,6,-1.0,0.843383917424483
exp1a_25,0,1,6,1.0,-0.25927842447266464
exp1a_25,1,1,6,1.0,-0.25927842447266464
exp1a_25,0,0,6,0.0,0.843383917424483
exp1a_25,1,1,6,-1.0,-0.25927842447266464
exp1a_25,1,1,6,-1.0,0.843383917424483
exp1a_25,0,1,6,0.0,-0.25927842447266464
exp1a_25,1,1,6,-1.0,-0.7363996791923271
exp1a_25,1,1,6,1.0,0.2178428302469978
exp1a_25,0,1,6,-1.0,0.2178428302469978
exp1a_25,1,1,6,1.0,0.843383917424483
exp1a_25,1,1,6,1.0,-0.037429674856308215
exp1a_25,0,1,6,-1.0,-0.037429674856308215
exp1a_25,0,1,6,1.0,-0.7363996791923271
exp1a_25,0,0,6,0.0,0.2178428302469978
exp1a_25,1,1,6,0.0,0.2178428302469978
exp1a_25,1,1,6,1.0,-0.7363996791923271
exp1a_25,1,1,6,1.0,0.843383917424483
exp1a_25,1,1,6,0.0,-0.037429674856308215
exp1a_25,1,1,6,1.0,-0.037429674856308215
exp1a_25,1,1,6,1.0,-0.7363996791923271
exp1a_25,1,1,3,-1.0,-0.7363996791923271
exp1a_25,1,1,6,-1.0,-0.25927842447266464
exp1a_25,1,1,6,-1.0,0.843383917424483
exp1a_25,1,1,6,-1.0,-0.037429674856308215
exp1a_25,1,1,6,-1.0,0.2178428302469978
exp1a_25,0,0,6,1.0,0.843383917424483
exp1a_25,0,0,6,-1.0,-0.7363996791923271
exp1a_25,0,0,6,0.0,0.2178428302469978
exp1a_25,0,1,6,0.0,-0.7363996791923271
exp1a_25,0,0,6,1.0,-0.25927842447266464
exp1a_25,0,0,6,-1.0,0.2178428302469978
exp1a_25,0,1,6,1.0,-0.037429674856308215
exp1a_25,0,0,6,1.0,0.2178428302469978
exp1a_25,1,1,6,0.0,-0.25927842447266464
exp1a_25,0,1,6,0.0,-0.25927842447266464
exp1a_25,0,0,6,1.0,-0.7363996791923271
exp1a_25,1,1,6,0.0,0.843383917424483
exp1a_25,1,1,6,1.0,0.2178428302469978
exp1a_25,0,0,6,0.0,-0.037429674856308215
exp1a_25,0,0,6,0.0,0.843383917424483
exp1a_25,1,1,6,0.0,-0.7363996791923271
exp1a_25,1,1,6,1.0,-0.25927842447266464
exp1a_25,0,1,6,-1.0,-0.25927842447266464
exp1a_25,0,0,6,-1.0,-0.037429674856308215
exp1a_25,0,0,6,-1.0,0.843383917424483
exp1a_25,1,1,6,0.0,0.2178428302469978
exp1a_25,1,1,6,1.0,-0.7363996791923271
exp1a_25,0,0,6,1.0,0.2178428302469978
exp1a_25,0,1,6,1.0,-0.7363996791923271
exp1a_25,1,1,6,0.0,0.2178428302469978
exp1a_25,0,0,6,1.0,-0.037429674856308215
exp1a_25,1,1,6,1.0,0.843383917424483
exp1a_25,0,0,6,1.0,0.843383917424483
exp1a_25,0,1,3,-1.0,-0.037429674856308215
exp1a_25,1,1,6,-1.0,-0.25927842447266464
exp1a_25,1,1,6,0.0,-0.037429674856308215
exp1a_25,1,1,6,0.0,-0.7363996791923271
exp1a_25,0,1,6,-1.0,-0.7363996791923271
exp1a_25,1,1,6,-1.0,0.2178428302469978
exp1a_25,0,0,6,-1.0,0.843383917424483
exp1a_25,1,1,6,0.0,0.843383917424483
exp1a_25,1,1,6,1.0,-0.037429674856308215
exp1a_25,0,0,6,0.0,-0.037429674856308215
exp1a_25,0,0,6,0.0,-0.25927842447266464
exp1a_25,1,1,6,1.0,0.2178428302469978
exp1a_25,1,1,6,0.0,-0.25927842447266464
exp1a_25,0,0,6,0.0,0.2178428302469978
exp1a_25,0,0,6,0.0,0.843383917424483
exp1a_25,0,0,6,-1.0,0.2178428302469978
exp1a_25,1,1,6,-1.0,-0.7363996791923271
exp1a_25,1,1,6,-1.0,0.843383917424483
exp1a_25,1,0,6,1.0,-0.25927842447266464
exp1a_25,1,1,6,-1.0,-0.037429674856308215
exp1a_25,0,1,3,-1.0,-0.25927842447266464
exp1a_25,0,1,6,1.0,-0.25927842447266464
exp1a_25,0,1,3,0.0,-0.7363996791923271
exp1a_25,1,0,3,-1.0,-0.7363996791923271
exp1a_25,0,1,6,0.0,-0.037429674856308215
exp1a_25,1,1,6,-1.0,-0.037429674856308215
exp1a_25,0,0,6,-1.0,-0.25927842447266464
exp1a_25,0,1,6,1.0,-0.037429674856308215
exp1a_25,0,0,6,-1.0,0.2178428302469978
exp1a_25,0,0,6,1.0,-0.25927842447266464
exp1a_25,0,0,6,1.0,0.2178428302469978
exp1a_25,0,0,3,0.0,-0.7363996791923271
exp1a_25,1,1,6,1.0,-0.7363996791923271
exp1a_25,1,1,6,0.0,0.843383917424483
exp1a_25,0,0,6,0.0,-0.25927842447266464
exp1a_25,1,1,6,1.0,0.2178428302469978
exp1a_25,0,0,6,-1.0,0.843383917424483
exp1a_25,0,0,6,1.0,0.843383917424483
exp1a_25,0,1,6,-1.0,-0.037429674856308215
exp1a_25,1,0,6,0.0,-0.25927842447266464
exp1a_25,1,1,6,-1.0,0.843383917424483
exp1a_25,1,0,6,0.0,-0.037429674856308215
exp1a_25,1,1,6,0.0,-0.7363996791923271
exp1a_25,1,1,6,-1.0,-0.25927842447266464
exp1a_25,0,0,6,1.0,-0.7363996791923271
exp1a_25,1,1,6,1.0,0.843383917424483
exp1a_25,1,1,6,-1.0,0.2178428302469978
exp1a_25,0,0,3,-1.0,-0.7363996791923271
exp1a_25,1,1,6,1.0,-0.037429674856308215
exp1a_25,1,1,6,1.0,-0.25927842447266464
exp1a_25,0,0,6,0.0,0.843383917424483
exp1a_25,0,1,3,0.0,0.2178428302469978
exp1a_25,1,1,6,0.0,0.2178428302469978
exp1a_25,1,1,6,1.0,-0.037429674856308215
exp1a_25,1,0,6,1.0,-0.7363996791923271
exp1a_25,1,1,6,-1.0,0.843383917424483
exp1a_25,0,0,6,1.0,0.2178428302469978
exp1a_25,0,0,6,1.0,0.843383917424483
exp1a_25,0,1,6,0.0,-0.7363996791923271
exp1a_25,0,0,4,-1.0,-0.25927842447266464
exp1a_25,0,0,6,-1.0,0.2178428302469978
exp1a_25,0,0,6,1.0,-0.037429674856308215
exp1a_25,0,0,3,1.0,-0.7363996791923271
exp1a_25,0,0,3,0.0,-0.25927842447266464
exp1a_25,1,1,6,1.0,0.843383917424483
exp1a_25,1,0,6,1.0,0.2178428302469978
exp1a_25,1,0,6,0.0,-0.037429674856308215
exp1a_25,0,0,6,-1.0,-0.037429674856308215
exp1a_25,0,1,6,0.0,-0.037429674856308215
exp1a_25,1,1,3,-1.0,-0.25927842447266464
exp1a_25,1,1,6,0.0,0.843383917424483
exp1a_25,0,1,6,-1.0,-0.7363996791923271
exp1a_25,0,1,6,1.0,-0.25927842447266464
exp1a_25,1,1,6,0.0,0.2178428302469978
exp1a_25,0,0,6,0.0,0.2178428302469978
exp1a_25,1,1,3,-1.0,-0.7363996791923271
exp1a_25,1,0,3,0.0,-0.25927842447266464
exp1a_25,1,1,6,-1.0,-0.037429674856308215
exp1a_25,1,1,6,0.0,-0.7363996791923271
exp1a_25,1,1,6,1.0,-0.25927842447266464
exp1a_25,0,0,6,0.0,0.843383917424483
exp1a_25,1,1,6,-1.0,0.2178428302469978
exp1a_25,0,0,6,-1.0,0.843383917424483
exp1a_26,1,1,6,-1.0,0.843383917424483
exp1a_26,0,0,3,0.0,-0.25927842447266464
exp1a_26,1,1,3,1.0,-0.25927842447266464
exp1a_26,0,1,4,-1.0,-0.037429674856308215
exp1a_26,1,1,6,1.0,-0.037429674856308215
exp1a_26,1,1,5,-1.0,-0.25927842447266464
exp1a_26,0,0,6,0.0,0.843383917424483
exp1a_26,0,1,6,0.0,-0.7363996791923271
exp1a_26,1,0,5,1.0,-0.7363996791923271
exp1a_26,0,1,4,1.0,-0.25927842447266464
exp1a_26,0,0,6,0.0,-0.037429674856308215
exp1a_26,0,0,2,-1.0,-0.25927842447266464
exp1a_26,0,0,6,-1.0,0.843383917424483
exp1a_26,0,0,6,1.0,-0.7363996791923271
exp1a_26,1,1,6,1.0,0.2178428302469978
exp1a_26,1,1,6,-1.0,-0.7363996791923271
exp1a_26,1,1,6,0.0,0.2178428302469978
exp1a_26,1,0,5,0.0,-0.037429674856308215
exp1a_26,1,1,6,0.0,0.843383917424483
exp1a_26,0,0,2,1.0,-0.037429674856308215
exp1a_26,0,0,6,0.0,0.2178428302469978
exp1a_26,1,1,6,-1.0,0.2178428302469978
exp1a_26,0,1,5,-1.0,-0.7363996791923271
exp1a_26,1,1,6,-1.0,-0.037429674856308215
exp1a_26,1,1,6,1.0,0.843383917424483
exp1a_26,0,0,6,1.0,0.843383917424483
exp1a_26,0,0,6,1.0,0.2178428302469978
exp1a_26,1,1,6,0.0,-0.7363996791923271
exp1a_26,1,1,6,0.0,-0.25927842447266464
exp1a_26,0,0,6,-1.0,0.2178428302469978
exp1a_26,1,1,6,0.0,0.2178428302469978
exp1a_26,1,0,6,-1.0,-0.037429674856308215
exp1a_26,1,1,6,0.0,-0.7363996791923271
exp1a_26,1,1,6,1.0,0.843383917424483
exp1a_26,1,1,6,-1.0,0.843383917424483
exp1a_26,0,0,6,-1.0,-0.037429674856308215
exp1a_26,1,1,4,1.0,-0.7363996791923271
exp1a_26,0,1,4,0.0,-0.7363996791923271
exp1a_26,0,0,5,0.0,0.2178428302469978
exp1a_26,0,0,3,-1.0,-0.7363996791923271
exp1a_26,1,1,6,-1.0,-0.25927842447266464
exp1a_26,0,1,6,1.0,-0.7363996791923271
exp1a_26,1,1,6,1.0,-0.037429674856308215
exp1a_26,1,0,2,-1.0,0.2178428302469978
exp1a_26,0,0,6,-1.0,0.843383917424483
exp1a_26,0,1,6,0.0,-0.037429674856308215
exp1a_26,0,0,6,-1.0,-0.25927842447266464
exp1a_26,0,0,6,1.0,0.843383917424483
exp1a_26,1,1,4,0.0,-0.25927842447266464
exp1a_26,1,1,5,1.0,-0.25927842447266464
exp1a_26,0,1,4,1.0,-0.25927842447266464
exp1a_26,1,0,6,-1.0,-0.7363996791923271
exp1a_26,0,1,3,0.0,-0.25927842447266464
exp1a_26,1,0,1,0.0,0.843383917424483
exp1a_26,0,0,6,0.0,0.843383917424483
exp1a_26,0,0,6,1.0,0.2178428302469978
exp1a_26,0,1,6,1.0,-0.037429674856308215
exp1a_26,1,1,6,1.0,0.2178428302469978
exp1a_26,1,1,5,0.0,-0.037429674856308215
exp1a_26,1,1,6,1.0,-0.037429674856308215
exp1a_26,1,1,6,-1.0,0.2178428302469978
exp1a_26,1,1,6,-1.0,0.843383917424483
exp1a_26,1,1,6,1.0,0.2178428302469978
exp1a_26,0,0,3,1.0,0.2178428302469978
exp1a_26,0,0,6,0.0,0.843383917424483
exp1a_26,1,1,4,1.0,-0.25927842447266464
exp1a_26,1,1,4,0.0,-0.7363996791923271
exp1a_26,0,0,1,-1.0,0.2178428302469978
exp1a_26,1,1,6,0.0,0.2178428302469978
exp1a_26,1,1,6,0.0,-0.25927842447266464
exp1a_26,0,1,6,-1.0,-0.25927842447266464
exp1a_26,0,0,4,1.0,-0.7363996791923271
exp1a_26,1,1,6,1.0,0.843383917424483
exp1a_26,0,1,6,-1.0,-0.7363996791923271
exp1a_26,1,1,6,-1.0,-0.25927842447266464
exp1a_26,0,0,6,-1.0,0.843383917424483
exp1a_26,0,1,3,1.0,-0.25927842447266464
exp1a_26,0,1,6,0.0,-0.25927842447266464
exp1a_26,0,0,2,-1.0,-0.037429674856308215
exp1a_26,0,0,2,0.0,0.2178428302469978
exp1a_26,0,0,6,1.0,0.843383917424483
exp1a_26,0,0,2,1.0,-0.037429674856308215
exp1a_26,0,0,2,0.0,-0.7363996791923271
exp1a_26,1,1,3,-1.0,-0.037429674856308215
exp1a_26,0,0,5,0.0,-0.037429674856308215
exp1a_26,1,1,6,0.0,0.843383917424483
exp1a_26,1,0,3,-1.0,-0.7363996791923271
exp1a_26,1,1,6,1.0,-0.7363996791923271
exp1a_26,0,1,5,-1.0,-0.25927842447266464
exp1a_26,1,0,3,0.0,-0.7363996791923271
exp1a_26,1,1,6,1.0,0.2178428302469978
exp1a_26,1,1,6,0.0,-0.037429674856308215
exp1a_26,1,1,6,1.0,-0.25927842447266464
exp1a_26,0,1,6,0.0,-0.7363996791923271
exp1a_26,1,1,6,0.0,0.843383917424483
exp1a_26,0,0,6,1.0,0.843383917424483
exp1a_26,1,1,6,1.0,-0.037429674856308215
exp1a_26,0,0,6,-1.0,-0.7363996791923271
exp1a_26,0,0,4,0.0,-0.037429674856308215
exp1a_26,1,1,6,1.0,0.843383917424483
exp1a_26,0,0,6,-1.0,0.843383917424483
exp1a_26,1,1,6,-1.0,-0.7363996791923271
exp1a_26,0,0,4,0.0,0.2178428302469978
exp1a_26,1,1,6,1.0,-0.7363996791923271
exp1a_26,0,1,3,1.0,-0.037429674856308215
exp1a_26,1,1,6,-1.0,0.843383917424483
exp1a_26,0,0,5,-1.0,-0.037429674856308215
exp1a_26,1,1,6,0.0,-0.25927842447266464
exp1a_26,0,1,6,1.0,-0.25927842447266464
exp1a_26,1,1,6,-1.0,-0.037429674856308215
exp1a_26,0,0,6,-1.0,0.2178428302469978
exp1a_26,0,0,6,1.0,0.2178428302469978
exp1a_26,1,0,1,-1.0,-0.25927842447266464
exp1a_26,0,0,6,0.0,0.843383917424483
exp1a_26,0,0,6,1.0,-0.7363996791923271
exp1a_26,0,1,6,0.0,-0.25927842447266464
exp1a_26,0,0,6,0.0,0.843383917424483
exp1a_26,0,0,6,1.0,0.843383917424483
exp1a_26,1,0,3,0.0,-0.7363996791923271
exp1a_26,0,0,1,-1.0,-0.037429674856308215
exp1a_26,0,0,2,-1.0,-0.7363996791923271
exp1a_26,1,0,4,-1.0,-0.7363996791923271
exp1a_26,1,1,6,1.0,-0.7363996791923271
exp1a_26,1,1,6,-1.0,-0.037429674856308215
exp1a_26,0,1,6,1.0,-0.7363996791923271
exp1a_26,1,1,6,-1.0,0.2178428302469978
exp1a_26,0,0,6,0.0,-0.037429674856308215
exp1a_26,0,1,6,-1.0,0.2178428302469978
exp1a_26,0,1,6,-1.0,-0.25927842447266464
exp1a_26,0,1,6,0.0,-0.7363996791923271
exp1a_26,0,1,6,0.0,0.2178428302469978
exp1a_26,1,1,6,1.0,-0.037429674856308215
exp1a_26,0,0,6,-1.0,0.843383917424483
exp1a_26,1,1,6,0.0,-0.25927842447266464
exp1a_26,0,1,6,1.0,-0.25927842447266464
exp1a_26,1,1,6,0.0,-0.037429674856308215
exp1a_26,1,1,6,-1.0,-0.25927842447266464
exp1a_26,1,1,6,1.0,-0.25927842447266464
exp1a_26,1,1,6,0.0,0.2178428302469978
exp1a_26,0,1,1,1.0,-0.037429674856308215
exp1a_26,1,1,6,1.0,0.2178428302469978
exp1a_26,0,0,6,1.0,0.2178428302469978
exp1a_26,0,1,6,-1.0,-0.037429674856308215
exp1a_26,0,0,6,1.0,-0.25927842447266464
exp1a_26,0,0,6,1.0,-0.7363996791923271
exp1a_26,1,1,6,-1.0,0.2178428302469978
exp1a_26,1,0,6,0.0,0.2178428302469978
exp1a_26,0,0,6,1.0,0.843383917424483
exp1a_26,0,0,6,0.0,0.843383917424483
exp1a_26,1,1,6,1.0,-0.25927842447266464
exp1a_26,1,1,4,-1.0,-0.25927842447266464
exp1a_26,1,0,1,0.0,-0.037429674856308215
exp1a_26,1,1,6,1.0,-0.7363996791923271
exp1a_26,0,0,6,-1.0,0.2178428302469978
exp1a_26,1,0,5,-1.0,-0.7363996791923271
exp1a_26,0,0,6,0.0,0.2178428302469978
exp1a_26,1,1,6,-1.0,-0.037429674856308215
exp1a_26,1,0,6,0.0,-0.7363996791923271
exp1a_26,1,1,6,0.0,0.843383917424483
exp1a_26,0,1,6,0.0,-0.037429674856308215
exp1a_26,0,1,6,-1.0,-0.7363996791923271
exp1a_26,1,1,6,0.0,-0.25927842447266464
exp1a_26,0,1,5,-1.0,-0.25927842447266464
exp1a_26,0,1,6,0.0,-0.7363996791923271
exp1a_26,1,1,6,1.0,0.2178428302469978
exp1a_26,1,1,6,-1.0,0.843383917424483
exp1a_26,1,1,6,1.0,-0.037429674856308215
exp1a_26,0,0,6,0.0,-0.25927842447266464
exp1a_26,0,0,6,1.0,0.2178428302469978
exp1a_26,0,1,5,1.0,-0.25927842447266464
exp1a_26,1,0,6,1.0,-0.037429674856308215
exp1a_26,1,1,6,0.0,-0.25927842447266464
exp1a_26,1,0,5,-1.0,-0.7363996791923271
exp1a_26,0,0,6,1.0,0.2178428302469978
exp1a_26,1,1,6,-1.0,0.843383917424483
exp1a_26,1,1,6,-1.0,-0.25927842447266464
exp1a_26,0,1,6,-1.0,-0.25927842447266464
exp1a_26,0,1,6,1.0,-0.7363996791923271
exp1a_26,1,1,6,0.0,-0.037429674856308215
exp1a_26,0,1,6,0.0,-0.037429674856308215
exp1a_26,1,1,6,1.0,-0.25927842447266464
exp1a_26,1,1,6,1.0,-0.7363996791923271
exp1a_26,1,1,6,0.0,-0.7363996791923271
exp1a_26,0,0,6,0.0,0.843383917424483
exp1a_26,0,1,6,-1.0,-0.7363996791923271
exp1a_26,0,1,6,-1.0,0.2178428302469978
exp1a_26,0,1,6,1.0,-0.037429674856308215
exp1a_26,1,1,6,-1.0,-0.037429674856308215
exp1a_26,1,1,6,0.0,0.843383917424483
exp1a_26,0,1,6,0.0,-0.7363996791923271
exp1a_26,0,0,2,-1.0,-0.037429674856308215
exp1a_26,1,1,6,1.0,0.843383917424483
exp1a_26,1,1,4,1.0,0.2178428302469978
exp1a_26,0,0,1,0.0,-0.25927842447266464
exp1a_26,1,1,6,-1.0,0.2178428302469978
exp1a_26,0,0,3,0.0,0.2178428302469978
exp1a_26,1,1,6,0.0,0.2178428302469978
exp1a_26,1,0,5,0.0,-0.7363996791923271
exp1a_26,0,0,5,-1.0,-0.037429674856308215
exp1a_26,0,0,6,1.0,0.2178428302469978
exp1a_26,0,0,5,1.0,-0.7363996791923271
exp1a_26,0,0,6,0.0,-0.25927842447266464
exp1a_26,1,1,6,1.0,-0.25927842447266464
exp1a_26,1,1,6,0.0,0.2178428302469978
exp1a_26,1,1,6,-1.0,0.2178428302469978
exp1a_26,0,0,3,1.0,-0.037429674856308215
exp1a_26,0,1,6,1.0,-0.25927842447266464
exp1a_26,0,1,6,0.0,-0.7363996791923271
exp1a_26,1,1,6,-1.0,-0.7363996791923271
exp1a_26,1,1,6,0.0,-0.037429674856308215
exp1a_26,1,1,6,-1.0,-0.037429674856308215
exp1a_26,1,1,3,1.0,-0.7363996791923271
exp1a_26,0,0,6,-1.0,0.843383917424483
exp1a_26,0,0,6,1.0,0.843383917424483
exp1a_26,0,1,6,-1.0,-0.7363996791923271
exp1a_26,1,1,6,1.0,-0.037429674856308215
exp1a_26,1,1,6,1.0,0.2178428302469978
exp1a_26,1,0,6,-1.0,-0.25927842447266464
exp1a_26,0,0,6,0.0,0.2178428302469978
exp1a_26,0,0,3,-1.0,0.2178428302469978
exp1a_26,0,0,6,0.0,-0.037429674856308215
exp1a_26,1,0,3,0.0,-0.25927842447266464
exp1a_26,0,0,3,-1.0,-0.25927842447266464
exp1a_27,1,0,3,0.0,-0.037429674856308215
exp1a_27,0,1,4,-1.0,-0.037429674856308215
exp1a_27,1,1,5,1.0,-0.037429674856308215
exp1a_27,1,1,3,-1.0,-0.7363996791923271
exp1a_27,1,1,5,1.0,0.2178428302469978
exp1a_27,0,0,6,0.0,0.843383917424483
exp1a_27,1,1,6,0.0,-0.7363996791923271
exp1a_27,1,0,2,-1.0,-0.037429674856308215
exp1a_27,1,1,5,0.0,-0.25927842447266464
exp1a_27,0,1,5,-1.0,-0.25927842447266464
exp1a_27,1,1,3,-1.0,0.843383917424483
exp1a_27,1,0,4,0.0,0.2178428302469978
exp1a_27,0,1,5,0.0,0.2178428302469978
exp1a_27,0,1,4,0.0,-0.7363996791923271
exp1a_27,0,0,3,1.0,0.2178428302469978
exp1a_27,0,1,5,1.0,-0.037429674856308215
exp1a_27,0,1,4,1.0,-0.7363996791923271
exp1a_27,0,0,4,0.0,-0.037429674856308215
exp1a_27,1,0,4,-1.0,0.2178428302469978
exp1a_27,1,1,6,1.0,-0.7363996791923271
exp1a_27,0,0,4,-1.0,0.843383917424483
exp1a_27,1,1,6,0.0,0.843383917424483
exp1a_27,1,0,5,1.0,0.843383917424483
exp1a_27,0,1,4,-1.0,-0.7363996791923271
exp1a_27,0,0,4,1.0,0.843383917424483
exp1a_27,0,1,6,0.0,-0.25927842447266464
exp1a_27,1,1,3,1.0,-0.25927842447266464
exp1a_27,0,0,4,-1.0,0.2178428302469978
exp1a_27,0,0,5,1.0,-0.25927842447266464
exp1a_27,1,1,3,-1.0,-0.25927842447266464
exp1a_27,0,1,5,0.0,-0.037429674856308215
exp1a_27,0,0,4,0.0,-0.25927842447266464
exp1a_27,0,1,5,1.0,-0.7363996791923271
exp1a_27,0,1,3,-1.0,-0.25927842447266464
exp1a_27,0,0,5,0.0,0.843383917424483
exp1a_27,1,1,3,-1.0,0.2178428302469978
exp1a_27,1,1,4,-1.0,-0.7363996791923271
exp1a_27,1,0,4,0.0,0.2178428302469978
exp1a_27,1,1,5,1.0,0.843383917424483
exp1a_27,0,1,3,-1.0,-0.7363996791923271
exp1a_27,1,0,4,1.0,-0.25927842447266464
exp1a_27,0,0,4,0.0,0.2178428302469978
exp1a_27,0,1,4,-1.0,-0.037429674856308215
exp1a_27,1,1,4,1.0,-0.037429674856308215
exp1a_27,0,0,4,-1.0,0.843383917424483
exp1a_27,1,1,4,-1.0,-0.25927842447266464
exp1a_27,1,1,4,-1.0,0.843383917424483
exp1a_27,1,1,3,0.0,-0.037429674856308215
exp1a_27,1,0,5,0.0,0.843383917424483
exp1a_27,1,1,5,1.0,-0.7363996791923271
exp1a_27,1,1,4,0.0,-0.7363996791923271
exp1a_27,0,0,5,1.0,0.843383917424483
exp1a_27,1,1,5,1.0,0.2178428302469978
exp1a_27,0,1,5,1.0,-0.037429674856308215
exp1a_27,1,1,5,0.0,-0.25927842447266464
exp1a_27,0,1,3,-1.0,0.2178428302469978
exp1a_27,0,0,5,1.0,0.2178428302469978
exp1a_27,0,0,4,1.0,-0.25927842447266464
exp1a_27,0,1,4,0.0,-0.7363996791923271
exp1a_27,1,0,3,-1.0,-0.037429674856308215
exp1a_27,0,1,4,0.0,-0.7363996791923271
exp1a_27,1,0,5,1.0,-0.25927842447266464
exp1a_27,1,0,5,-1.0,0.2178428302469978
exp1a_27,0,1,5,-1.0,0.843383917424483
exp1a_27,1,1,4,-1.0,-0.037429674856308215
exp1a_27,0,0,4,-1.0,-0.037429674856308215
exp1a_27,1,1,5,1.0,-0.7363996791923271
exp1a_27,1,0,4,0.0,0.843383917424483
exp1a_27,0,0,5,1.0,0.843383917424483
exp1a_27,1,0,3,0.0,0.2178428302469978
exp1a_27,0,1,3,-1.0,-0.25927842447266464
exp1a_27,1,1,5,1.0,0.843383917424483
exp1a_27,0,1,4,-1.0,0.2178428302469978
exp1a_27,1,0,4,-1.0,-0.7363996791923271
exp1a_27,0,0,4,-1.0,-0.7363996791923271
exp1a_27,1,1,4,0.0,-0.037429674856308215
exp1a_27,0,1,4,1.0,-0.7363996791923271
exp1a_27,1,0,4,0.0,-0.25927842447266464
exp1a_27,0,1,5,0.0,0.2178428302469978
exp1a_27,0,0,4,0.0,-0.25927842447266464
exp1a_27,1,1,5,-1.0,-0.25927842447266464
exp1a_27,0,1,4,1.0,0.2178428302469978
exp1a_27,1,0,4,1.0,-0.037429674856308215
exp1a_27,0,1,5,1.0,-0.25927842447266464
exp1a_27,0,0,5,0.0,-0.037429674856308215
exp1a_27,1,1,5,0.0,-0.7363996791923271
exp1a_27,1,1,6,-1.0,0.843383917424483
exp1a_27,0,0,4,1.0,-0.037429674856308215
exp1a_27,0,0,4,0.0,0.843383917424483
exp1a_27,0,0,5,0.0,0.2178428302469978
exp1a_27,1,1,5,0.0,-0.7363996791923271
exp1a_27,0,1,5,0.0,-0.037429674856308215
exp1a_27,0,0,5,-1.0,0.843383917424483
exp1a_27,1,0,4,1.0,-0.25927842447266464
exp1a_27,0,1,3,1.0,0.2178428302469978
exp1a_27,1,0,4,1.0,-0.037429674856308215
exp1a_27,0,0,5,0.0,0.843383917424483
exp1a_27,1,1,2,-1.0,0.843383917424483
exp1a_27,1,1,5,1.0,0.2178428302469978
exp1a_27,0,1,5,-1.0,-0.7363996791923271
exp1a_27,0,0,3,1.0,-0.037429674856308215
exp1a_27,1,1,4,1.0,0.843383917424483
exp1a_27,0,1,4,0.0,-0.7363996791923271
exp1a_27,0,1,4,-1.0,0.2178428302469978
exp1a_27,0,1,3,-1.0,-0.037429674856308215
exp1a_27,1,1,4,0.0,-0.25927842447266464
exp1a_27,1,0,4,0.0,0.843383917424483
exp1a_27,1,1,4,-1.0,-0.25927842447266464
exp1a_27,0,1,3,1.0,-0.25927842447266464
exp1a_27,1,0,4,0.0,0.2178428302469978
exp1a_27,1,1,4,-1.0,-0.037429674856308215
exp1a_27,1,0,4,-1.0,-0.7363996791923271
exp1a_27,0,1,4,-1.0,-0.25927842447266464
exp1a_27,0,1,4,1.0,-0.7363996791923271
exp1a_27,1,0,4,0.0,-0.037429674856308215
exp1a_27,1,1,4,-1.0,0.2178428302469978
exp1a_27,0,1,3,0.0,-0.25927842447266464
exp1a_27,0,0,5,1.0,0.843383917424483
exp1a_27,1,0,5,1.0,-0.7363996791923271
exp1a_27,1,1,4,-1.0,0.843383917424483
exp1a_27,0,1,4,0.0,-0.7363996791923271
exp1a_27,0,0,4,1.0,-0.25927842447266464
exp1a_27,0,0,4,1.0,0.843383917424483
exp1a_27,0,0,5,-1.0,0.843383917424483
exp1a_27,1,1,5,1.0,0.2178428302469978
exp1a_27,1,1,5,-1.0,-0.037429674856308215
exp1a_27,1,1,4,-1.0,0.2178428302469978
exp1a_27,0,0,4,-1.0,-0.037429674856308215
exp1a_27,1,1,4,1.0,-0.25927842447266464
exp1a_27,1,1,4,0.0,-0.7363996791923271
exp1a_27,1,0,4,0.0,0.843383917424483
exp1a_27,0,0,5,0.0,0.843383917424483
exp1a_27,0,1,5,1.0,-0.7363996791923271
exp1a_27,0,0,4,1.0,-0.037429674856308215
exp1a_27,0,0,2,-1.0,-0.7363996791923271
exp1a_27,1,1,5,1.0,-0.037429674856308215
exp1a_27,1,0,5,-1.0,-0.25927842447266464
exp1a_27,1,1,5,1.0,0.843383917424483
exp1a_27,0,1,5,0.0,-0.037429674856308215
exp1a_27,0,1,4,0.0,-0.25927842447266464
exp1a_27,1,1,4,-1.0,-0.7363996791923271
exp1a_27,1,0,5,0.0,-0.037429674856308215
exp1a_27,0,0,5,0.0,0.2178428302469978
exp1a_27,1,1,5,1.0,-0.7363996791923271
exp1a_27,0,1,4,1.0,0.2178428302469978
exp1a_27,0,0,4,-1.0,0.2178428302469978
exp1a_27,0,0,5,1.0,0.843383917424483
exp1a_27,1,1,5,1.0,-0.7363996791923271
exp1a_27,0,0,4,-1.0,-0.7363996791923271
exp1a_27,0,1,3,1.0,-0.037429674856308215
exp1a_27,0,1,4,1.0,-0.7363996791923271
exp1a_27,1,1,5,0.0,0.843383917424483
exp1a_27,0,0,4,-1.0,0.2178428302469978
exp1a_27,0,1,5,1.0,0.2178428302469978
exp1a_27,1,0,5,-1.0,-0.7363996791923271
exp1a_27,1,1,4,0.0,-0.25927842447266464
exp1a_27,1,0,5,0.0,-0.7363996791923271
exp1a_27,0,1,5,0.0,0.2178428302469978
exp1a_27,0,0,3,-1.0,-0.037429674856308215
exp1a_27,0,1,5,0.0,-0.25927842447266464
exp1a_27,0,0,4,-1.0,-0.25927842447266464
exp1a_27,1,1,4,1.0,-0.037429674856308215
exp1a_27,1,1,3,1.0,-0.25927842447266464
exp1a_27,1,1,4,-1.0,0.2178428302469978
exp1a_27,0,0,4,0.0,-0.037429674856308215
exp1a_27,0,0,5,0.0,0.843383917424483
exp1a_27,1,1,4,1.0,0.2178428302469978
exp1a_27,1,1,3,0.0,-0.037429674856308215
exp1a_27,0,0,6,-1.0,0.843383917424483
exp1a_27,1,1,6,-1.0,-0.037429674856308215
exp1a_27,1,1,4,-1.0,-0.25927842447266464
exp1a_27,1,1,4,-1.0,0.843383917424483
exp1a_27,0,0,4,0.0,-0.7363996791923271
exp1a_27,1,0,3,0.0,0.2178428302469978
exp1a_27,1,0,5,1.0,0.843383917424483
exp1a_27,0,1,5,1.0,-0.25927842447266464
exp1a_27,0,1,5,1.0,0.2178428302469978
exp1a_27,0,0,5,0.0,-0.7363996791923271
exp1a_27,1,0,4,1.0,-0.25927842447266464
exp1a_27,1,1,4,0.0,-0.25927842447266464
exp1a_27,0,0,5,-1.0,-0.037429674856308215
exp1a_27,0,1,3,-1.0,0.843383917424483
exp1a_27,1,1,4,0.0,-0.037429674856308215
exp1a_27,1,1,4,-1.0,-0.7363996791923271
exp1a_27,0,0,4,-1.0,-0.7363996791923271
exp1a_27,1,1,3,-1.0,0.2178428302469978
exp1a_27,0,0,3,1.0,-0.037429674856308215
exp1a_27,1,1,4,1.0,-0.037429674856308215
exp1a_27,0,0,4,-1.0,0.2178428302469978
exp1a_27,1,0,4,-1.0,-0.25927842447266464
exp1a_27,1,1,5,0.0,-0.7363996791923271
exp1a_27,1,0,4,-1.0,-0.037429674856308215
exp1a_27,0,1,5,0.0,-0.25927842447266464
exp1a_27,0,0,4,0.0,-0.037429674856308215
exp1a_27,1,0,6,1.0,0.843383917424483
exp1a_27,0,0,6,0.0,0.843383917424483
exp1a_27,1,1,6,0.0,0.2178428302469978
exp1a_27,0,0,5,0.0,0.2178428302469978
exp1a_27,1,1,6,-1.0,0.843383917424483
exp1a_27,0,0,4,1.0,-0.25927842447266464
exp1a_27,0,1,4,-1.0,-0.25927842447266464
exp1a_27,0,0,4,1.0,-0.7363996791923271
exp1a_27,1,1,5,1.0,0.2178428302469978
exp1a_27,0,0,6,1.0,0.843383917424483
exp1a_27,1,1,6,0.0,0.843383917424483
exp1a_27,1,1,5,-1.0,-0.25927842447266464
exp1a_27,0,0,5,1.0,-0.7363996791923271
exp1a_27,1,1,5,1.0,-0.037429674856308215
exp1a_27,0,0,4,1.0,-0.25927842447266464
exp1a_27,0,1,3,1.0,-0.037429674856308215
exp1a_27,0,1,4,-1.0,-0.25927842447266464
exp1a_27,1,0,4,1.0,-0.7363996791923271
exp1a_27,1,1,4,-1.0,-0.7363996791923271
exp1a_27,0,0,4,0.0,-0.25927842447266464
exp1a_27,0,0,5,-1.0,-0.037429674856308215
exp1a_27,1,0,4,0.0,0.2178428302469978
exp1a_27,1,1,4,1.0,-0.25927842447266464
exp1a_27,0,1,2,-1.0,-0.7363996791923271
exp1a_27,1,0,3,-1.0,0.2178428302469978
exp1a_27,1,1,5,0.0,0.843383917424483
exp1a_27,1,1,4,-1.0,-0.037429674856308215
exp1a_27,0,0,3,0.0,-0.037429674856308215
exp1a_27,1,1,5,1.0,0.843383917424483
exp1a_27,0,0,4,1.0,0.843383917424483
exp1a_27,1,1,5,-1.0,0.843383917424483
exp1a_27,0,0,5,0.0,-0.7363996791923271
exp1a_27,0,0,4,0.0,0.2178428302469978
exp1a_27,1,0,5,0.0,-0.25927842447266464
exp1a_27,1,1,4,0.0,-0.7363996791923271
exp1a_27,0,1,3,1.0,0.2178428302469978
exp1a_27,1,0,3,0.0,-0.037429674856308215
exp1a_28,0,0,2,0.0,-0.25927842447266464
exp1a_28,0,0,4,1.0,-0.7363996791923271
exp1a_28,0,0,2,0.0,0.843383917424483
exp1a_28,0,1,4,0.0,-0.037429674856308215
exp1a_28,1,0,1,1.0,-0.037429674856308215
exp1a_28,0,0,1,1.0,0.843383917424483
exp1a_28,0,0,4,1.0,0.2178428302469978
exp1a_28,1,1,5,0.0,0.2178428302469978
exp1a_28,0,0,2,1.0,-0.25927842447266464
exp1a_28,1,1,2,1.0,0.2178428302469978
exp1a_28,1,0,2,0.0,-0.037429674856308215
exp1a_28,0,1,1,0.0,-0.7363996791923271
exp1a_28,0,0,2,-1.0,-0.037429674856308215
exp1a_28,0,0,3,-1.0,0.843383917424483
exp1a_28,0,0,4,1.0,-0.037429674856308215
exp1a_28,0,0,4,-1.0,0.2178428302469978
exp1a_28,1,0,2,-1.0,-0.037429674856308215
exp1a_28,1,0,1,-1.0,0.2178428302469978
exp1a_28,1,1,1,0.0,0.843383917424483
exp1a_28,1,1,4,0.0,-0.7363996791923271
exp1a_28,1,0,6,1.0,-0.25927842447266464
exp1a_28,1,1,1,0.0,-0.25927842447266464
exp1a_28,1,1,6,1.0,0.843383917424483
exp1a_28,0,0,1,-1.0,-0.25927842447266464
exp1a_28,1,1,1,-1.0,-0.7363996791923271
exp1a_28,0,0,1,-1.0,-0.7363996791923271
exp1a_28,1,0,1,-1.0,-0.25927842447266464
exp1a_28,1,0,4,1.0,0.2178428302469978
exp1a_28,0,0,5,-1.0,0.843383917424483
exp1a_28,0,0,1,0.0,-0.037429674856308215
exp1a_28,1,0,2,0.0,-0.25927842447266464
exp1a_28,1,1,1,1.0,-0.25927842447266464
exp1a_28,0,0,1,0.0,0.2178428302469978
exp1a_28,0,1,1,0.0,-0.7363996791923271
exp1a_28,0,0,4,1.0,-0.037429674856308215
exp1a_28,0,0,1,-1.0,0.2178428302469978
exp1a_28,0,1,5,-1.0,-0.7363996791923271
exp1a_28,0,1,1,-1.0,-0.25927842447266464
exp1a_28,1,0,1,-1.0,-0.7363996791923271
exp1a_28,1,1,1,1.0,0.843383917424483
exp1a_28,1,0,1,0.0,0.2178428302469978
exp1a_28,0,0,1,-1.0,-0.037429674856308215
exp1a_28,1,0,4,0.0,-0.7363996791923271
exp1a_28,1,1,2,-1.0,0.2178428302469978
exp1a_28,1,1,6,0.0,0.843383917424483
exp1a_28,0,0,4,1.0,0.843383917424483
exp1a_28,1,1,4,-1.0,0.843383917424483
exp1a_28,1,0,1,-1.0,-0.25927842447266464
exp1a_28,1,0,1,0.0,-0.037429674856308215
exp1a_28,1,0,2,1.0,-0.7363996791923271
exp1a_28,0,1,1,1.0,-0.7363996791923271
exp1a_28,0,0,1,0.0,0.843383917424483
exp1a_28,0,0,1,0.0,-0.25927842447266464
exp1a_28,0,0,1,1.0,-0.25927842447266464
exp1a_28,1,1,5,-1.0,-0.037429674856308215
exp1a_28,0,0,1,1.0,-0.037429674856308215
exp1a_28,1,1,1,0.0,-0.7363996791923271
exp1a_28,1,0,4,0.0,-0.25927842447266464
exp1a_28,1,1,2,1.0,-0.037429674856308215
exp1a_28,0,1,4,-1.0,-0.25927842447266464
exp1a_28,0,0,1,0.0,-0.25927842447266464
exp1a_28,0,1,1,0.0,-0.037429674856308215
exp1a_28,0,1,5,1.0,0.2178428302469978
exp1a_28,0,0,2,-1.0,0.843383917424483
exp1a_28,1,0,2,-1.0,-0.7363996791923271
exp1a_28,0,1,2,0.0,-0.7363996791923271
exp1a_28,1,0,4,-1.0,-0.25927842447266464
exp1a_28,0,0,4,0.0,0.2178428302469978
exp1a_28,0,0,1,1.0,-0.25927842447266464
exp1a_28,0,0,5,0.0,0.843383917424483
exp1a_28,1,1,1,-1.0,0.843383917424483
exp1a_28,0,0,5,-1.0,-0.037429674856308215
exp1a_28,1,1,2,1.0,0.843383917424483
exp1a_28,1,1,3,0.0,0.843383917424483
exp1a_28,1,0,1,1.0,-0.7363996791923271
exp1a_28,1,0,1,0.0,-0.037429674856308215
exp1a_28,0,0,2,-1.0,-0.7363996791923271
exp1a_28,0,0,6,1.0,0.843383917424483
exp1a_28,1,0,1,0.0,0.2178428302469978
exp1a_28,1,1,1,-1.0,0.2178428302469978
exp1a_28,1,0,1,1.0,0.2178428302469978
exp1a_28,0,1,1,-1.0,0.2178428302469978
exp1a_28,1,0,4,1.0,-0.25927842447266464
exp1a_28,0,1,3,1.0,-0.7363996791923271
exp1a_28,1,1,1,-1.0,-0.037429674856308215
exp1a_28,1,1,1,-1.0,0.843383917424483
exp1a_28,0,0,4,0.0,0.2178428302469978
exp1a_28,1,0,2,0.0,-0.25927842447266464
exp1a_28,1,1,1,-1.0,-0.25927842447266464
exp1a_28,0,0,1,-1.0,-0.7363996791923271
exp1a_28,1,0,1,1.0,-0.7363996791923271
exp1a_28,0,0,1,1.0,-0.037429674856308215
exp1a_28,0,0,1,0.0,-0.7363996791923271
exp1a_28,0,1,2,-1.0,0.2178428302469978
exp1a_28,0,0,1,0.0,-0.25927842447266464
exp1a_28,1,1,1,0.0,0.2178428302469978
exp1a_28,1,1,2,0.0,-0.037429674856308215
exp1a_28,1,0,2,-1.0,-0.037429674856308215
exp1a_28,0,0,5,1.0,0.843383917424483
exp1a_28,1,0,4,0.0,-0.7363996791923271
exp1a_28,1,0,2,1.0,-0.25927842447266464
exp1a_28,0,0,2,-1.0,-0.25927842447266464
exp1a_28,1,1,4,0.0,0.843383917424483
exp1a_28,0,0,2,1.0,-0.7363996791923271
exp1a_28,0,0,2,1.0,-0.25927842447266464
exp1a_28,0,0,4,0.0,0.843383917424483
exp1a_28,1,0,1,1.0,-0.037429674856308215
exp1a_28,1,0,5,-1.0,-0.7363996791923271
exp1a_28,1,0,3,1.0,0.2178428302469978
exp1a_28,1,0,1,-1.0,0.2178428302469978
exp1a_28,0,0,1,-1.0,-0.037429674856308215
exp1a_28,1,1,5,1.0,0.843383917424483
exp1a_28,0,0,1,-1.0,0.843383917424483
exp1a_28,0,0,2,0.0,-0.037429674856308215
exp1a_28,1,0,2,-1.0,-0.037429674856308215
exp1a_28,0,0,4,0.0,0.843383917424483
exp1a_28,1,0,1,0.0,-0.25927842447266464
exp1a_28,1,0,4,-1.0,-0.25927842447266464
exp1a_28,0,0,3,0.0,-0.037429674856308215
exp1a_28,1,1,3,1.0,0.2178428302469978
exp1a_28,1,0,5,-1.0,0.2178428302469978
exp1a_28,1,0,4,1.0,-0.7363996791923271
exp1a_28,1,0,2,0.0,-0.7363996791923271
exp1a_28,0,0,4,-1.0,0.843383917424483
exp1a_28,1,0,2,1.0,-0.25927842447266464
exp1a_28,0,0,2,1.0,-0.037429674856308215
exp1a_28,0,0,1,-1.0,-0.25927842447266464
exp1a_28,0,0,2,1.0,-0.7363996791923271
exp1a_28,1,1,4,0.0,0.843383917424483
exp1a_28,1,0,3,0.0,-0.037429674856308215
exp1a_28,0,0,3,1.0,0.2178428302469978
exp1a_28,0,0,5,1.0,0.843383917424483
exp1a_28,1,1,4,1.0,-0.037429674856308215
exp1a_28,0,0,4,-1.0,0.2178428302469978
exp1a_28,0,0,2,-1.0,-0.037429674856308215
exp1a_28,0,0,2,-1.0,-0.7363996791923271
exp1a_28,1,0,2,-1.0,-0.7363996791923271
exp1a_28,1,0,1,0.0,0.2178428302469978
exp1a_28,0,0,1,0.0,0.2178428302469978
exp1a_28,0,1,4,0.0,-0.25927842447266464
exp1a_28,1,1,2,-1.0,0.843383917424483
exp1a_28,1,1,1,1.0,0.843383917424483
exp1a_28,0,0,1,1.0,-0.25927842447266464
exp1a_28,0,0,1,0.0,-0.037429674856308215
exp1a_28,1,0,4,1.0,-0.7363996791923271
exp1a_28,0,1,3,-1.0,-0.037429674856308215
exp1a_28,1,1,4,1.0,0.843383917424483
exp1a_28,1,1,2,-1.0,-0.7363996791923271
exp1a_28,0,0,4,-1.0,0.843383917424483
exp1a_28,1,1,5,1.0,-0.037429674856308215
exp1a_28,0,0,2,0.0,0.2178428302469978
exp1a_28,1,1,2,0.0,0.2178428302469978
exp1a_28,0,0,2,0.0,-0.7363996791923271
exp1a_28,1,1,5,0.0,0.843383917424483
exp1a_28,1,1,2,1.0,-0.25927842447266464
exp1a_28,1,0,4,0.0,-0.25927842447266464
exp1a_28,0,0,1,1.0,-0.7363996791923271
exp1a_28,1,0,3,-1.0,-0.037429674856308215
exp1a_28,1,0,2,0.0,-0.037429674856308215
exp1a_28,0,0,4,1.0,0.2178428302469978
exp1a_28,1,1,3,-1.0,0.2178428302469978
exp1a_28,0,0,3,-1.0,0.2178428302469978
exp1a_28,1,1,4,-1.0,0.843383917424483
exp1a_28,1,0,2,-1.0,-0.25927842447266464
exp1a_28,0,1,2,0.0,-0.25927842447266464
exp1a_28,0,0,2,-1.0,-0.25927842447266464
exp1a_28,0,0,2,1.0,-0.25927842447266464
exp1a_28,0,1,2,-1.0,-0.7363996791923271
exp1a_28,1,1,2,-1.0,0.2178428302469978
exp1a_28,1,0,3,1.0,-0.037429674856308215
exp1a_28,1,1,4,1.0,0.2178428302469978
exp1a_28,1,0,2,0.0,-0.037429674856308215
exp1a_28,1,1,4,1.0,0.843383917424483
exp1a_28,0,0,4,1.0,0.2178428302469978
exp1a_28,0,1,2,-1.0,-0.7363996791923271
exp1a_28,0,0,2,0.0,0.2178428302469978
exp1a_28,1,1,1,1.0,-0.25927842447266464
exp1a_28,1,1,5,0.0,-0.25927842447266464
exp1a_28,1,0,2,-1.0,-0.037429674856308215
exp1a_28,1,0,5,1.0,-0.7363996791923271
exp1a_28,0,0,5,1.0,0.843383917424483
exp1a_28,0,0,2,0.0,-0.25927842447266464
exp1a_28,0,1,2,-1.0,-0.25927842447266464
exp1a_28,1,1,5,-1.0,0.843383917424483
exp1a_28,1,0,1,0.0,-0.7363996791923271
exp1a_28,1,0,1,0.0,0.2178428302469978
exp1a_28,0,0,4,-1.0,0.843383917424483
exp1a_28,0,0,5,0.0,0.843383917424483
exp1a_28,0,1,6,1.0,-0.25927842447266464
exp1a_28,1,1,5,0.0,0.843383917424483
exp1a_28,0,0,3,-1.0,-0.037429674856308215
exp1a_28,1,1,5,-1.0,0.843383917424483
exp1a_28,1,0,1,1.0,0.2178428302469978
exp1a_28,0,0,2,1.0,-0.25927842447266464
exp1a_28,0,1,1,-1.0,-0.037429674856308215
exp1a_28,1,0,2,0.0,-0.7363996791923271
exp1a_28,1,0,3,0.0,-0.037429674856308215
exp1a_28,0,1,1,1.0,-0.7363996791923271
exp1a_28,0,1,1,0.0,-0.7363996791923271
exp1a_28,1,0,1,-1.0,-0.7363996791923271
exp1a_28,0,0,6,1.0,0.843383917424483
exp1a_28,0,0,5,0.0,0.2178428302469978
exp1a_28,0,0,1,0.0,-0.037429674856308215
exp1a_28,1,1,3,0.0,-0.25927842447266464
exp1a_28,1,0,4,1.0,-0.7363996791923271
exp1a_28,1,1,5,1.0,0.843383917424483
exp1a_28,1,0,2,1.0,-0.037429674856308215
exp1a_28,0,0,1,-1.0,0.2178428302469978
exp1a_28,1,1,3,0.0,0.2178428302469978
exp1a_28,1,0,1,-1.0,-0.25927842447266464
exp1a_28,0,0,3,1.0,0.2178428302469978
exp1a_28,0,0,2,-1.0,-0.25927842447266464
exp1a_28,1,0,3,-1.0,-0.037429674856308215
exp1a_29,0,0,6,-1.0,0.843383917424483
exp1a_29,0,0,6,-1.0,0.2178428302469978
exp1a_29,1,1,4,-1.0,-0.7363996791923271
exp1a_29,0,0,4,0.0,-0.7363996791923271
exp1a_29,1,1,4,-1.0,-0.037429674856308215
exp1a_29,0,0,4,0.0,0.2178428302469978
exp1a_29,0,0,5,0.0,-0.25927842447266464
exp1a_29,1,1,6,1.0,0.843383917424483
exp1a_29,1,1,6,0.0,0.2178428302469978
exp1a_29,0,0,5,1.0,-0.7363996791923271
exp1a_29,1,1,5,0.0,-0.25927842447266464
exp1a_29,1,1,5,-1.0,0.2178428302469978
exp1a_29,0,0,6,1.0,-0.037429674856308215
exp1a_29,1,1,6,1.0,0.2178428302469978
exp1a_29,0,0,5,0.0,-0.037429674856308215
exp1a_29,0,1,5,-1.0,-0.25927842447266464
exp1a_29,0,1,4,-1.0,-0.7363996791923271
exp1a_29,1,1,4,1.0,-0.7363996791923271
exp1a_29,1,1,4,0.0,-0.037429674856308215
exp1a_29,1,1,6,1.0,-0.037429674856308215
exp1a_29,1,0,4,1.0,-0.25927842447266464
exp1a_29,1,1,6,0.0,0.843383917424483
exp1a_29,1,1,5,0.0,-0.7363996791923271
exp1a_29,0,0,6,1.0,0.2178428302469978
exp1a_29,1,1,6,-1.0,0.843383917424483
exp1a_29,0,0,6,1.0,-0.25927842447266464
exp1a_29,0,0,6,1.0,0.843383917424483
exp1a_29,0,0,6,-1.0,-0.037429674856308215
exp1a_29,1,1,5,-1.0,-0.25927842447266464
exp1a_29,0,0,5,0.0,0.843383917424483
exp1a_29,0,0,6,0.0,0.843383917424483
exp1a_29,0,0,6,1.0,0.2178428302469978
exp1a_29,0,0,6,-1.0,0.2178428302469978
exp1a_29,0,0,6,0.0,-0.037429674856308215
exp1a_29,1,0,6,1.0,-0.037429674856308215
exp1a_29,1,0,5,0.0,-0.25927842447266464
exp1a_29,0,0,5,-1.0,-0.25927842447266464
exp1a_29,0,0,6,1.0,0.843383917424483
exp1a_29,1,0,5,-1.0,-0.7363996791923271
exp1a_29,1,1,4,1.0,0.2178428302469978
exp1a_29,0,0,5,-1.0,-0.037429674856308215
exp1a_29,0,0,6,0.0,-0.25927842447266464
exp1a_29,1,0,5,1.0,-0.25927842447266464
exp1a_29,0,0,5,1.0,-0.25927842447266464
exp1a_29,0,0,6,1.0,-0.037429674856308215
exp1a_29,1,1,6,1.0,0.843383917424483
exp1a_29,0,0,6,1.0,-0.7363996791923271
exp1a_29,0,0,6,0.0,0.2178428302469978
exp1a_29,0,0,6,-1.0,0.843383917424483
exp1a_29,1,0,6,-1.0,-0.25927842447266464
exp1a_29,1,0,6,0.0,-0.037429674856308215
exp1a_29,0,1,5,-1.0,-0.7363996791923271
exp1a_29,1,1,6,0.0,0.843383917424483
exp1a_29,1,0,5,1.0,-0.7363996791923271
exp1a_29,1,0,5,0.0,0.2178428302469978
exp1a_29,1,1,6,-1.0,0.843383917424483
exp1a_29,0,0,5,0.0,-0.7363996791923271
exp1a_29,1,1,4,0.0,-0.7363996791923271
exp1a_29,1,1,5,-1.0,0.2178428302469978
exp1a_29,1,1,5,-1.0,-0.037429674856308215
exp1a_29,0,0,4,-1.0,-0.037429674856308215
exp1a_29,0,1,4,0.0,-0.7363996791923271
exp1a_29,1,0,4,1.0,-0.25927842447266464
exp1a_29,0,0,4,0.0,-0.037429674856308215
exp1a_29,1,1,4,-1.0,-0.037429674856308215
exp1a_29,0,1,4,-1.0,-0.7363996791923271
exp1a_29,0,0,4,1.0,-0.037429674856308215
exp1a_29,1,1,5,1.0,0.2178428302469978
exp1a_29,1,1,5,-1.0,-0.7363996791923271
exp1a_29,1,1,4,1.0,-0.7363996791923271
exp1a_29,0,0,6,1.0,0.843383917424483
exp1a_29,0,0,6,-1.0,0.2178428302469978
exp1a_29,1,0,5,0.0,-0.037429674856308215
exp1a_29,1,1,6,0.0,0.843383917424483
exp1a_29,1,1,6,-1.0,0.2178428302469978
exp1a_29,1,0,5,0.0,-0.7363996791923271
exp1a_29,1,0,4,0.0,-0.25927842447266464
exp1a_29,0,0,5,-1.0,-0.25927842447266464
exp1a_29,0,0,5,-1.0,0.843383917424483
exp1a_29,0,0,5,1.0,-0.7363996791923271
exp1a_29,0,0,5,1.0,0.2178428302469978
exp1a_29,0,0,5,0.0,-0.25927842447266464
exp1a_29,1,1,5,0.0,0.2178428302469978
exp1a_29,1,0,4,1.0,-0.037429674856308215
exp1a_29,0,0,5,1.0,-0.25927842447266464
exp1a_29,0,0,4,0.0,0.2178428302469978
exp1a_29,0,0,5,0.0,0.843383917424483
exp1a_29,1,1,6,1.0,0.843383917424483
exp1a_29,1,0,6,-1.0,-0.25927842447266464
exp1a_29,1,1,6,-1.0,0.843383917424483
exp1a_29,0,0,4,0.0,0.2178428302469978
exp1a_29,1,1,4,-1.0,-0.7363996791923271
exp1a_29,0,0,4,1.0,-0.25927842447266464
exp1a_29,1,0,4,0.0,-0.7363996791923271
exp1a_29,1,1,4,-1.0,-0.037429674856308215
exp1a_29,0,1,4,-1.0,-0.7363996791923271
exp1a_29,0,0,4,0.0,-0.7363996791923271
exp1a_29,0,0,5,-1.0,-0.25927842447266464
exp1a_29,0,0,5,-1.0,0.843383917424483
exp1a_29,0,0,6,1.0,-0.7363996791923271
exp1a_29,0,0,5,-1.0,-0.037429674856308215
exp1a_29,1,1,4,1.0,-0.7363996791923271
exp1a_29,1,1,6,-1.0,0.843383917424483
exp1a_29,0,0,4,0.0,-0.25927842447266464
exp1a_29,0,1,4,1.0,-0.037429674856308215
exp1a_29,1,1,4,0.0,-0.037429674856308215
exp1a_29,1,1,5,0.0,0.843383917424483
exp1a_29,1,1,5,1.0,-0.037429674856308215
exp1a_29,1,1,6,1.0,0.843383917424483
exp1a_29,1,1,6,0.0,0.2178428302469978
exp1a_29,0,0,6,0.0,0.843383917424483
exp1a_29,0,0,6,0.0,-0.037429674856308215
exp1a_29,0,1,4,-1.0,0.2178428302469978
exp1a_29,1,0,4,-1.0,0.2178428302469978
exp1a_29,0,0,5,1.0,0.843383917424483
exp1a_29,0,0,6,1.0,0.2178428302469978
exp1a_29,1,0,4,1.0,-0.25927842447266464
exp1a_29,1,1,5,1.0,0.2178428302469978
exp1a_29,1,1,5,-1.0,-0.25927842447266464
exp1a_29,1,1,5,0.0,-0.25927842447266464
exp1a_29,1,1,4,-1.0,-0.7363996791923271
exp1a_29,0,0,6,-1.0,0.843383917424483
exp1a_29,1,1,4,0.0,-0.7363996791923271
exp1a_29,0,0,5,-1.0,-0.037429674856308215
exp1a_29,0,0,5,-1.0,-0.25927842447266464
exp1a_29,0,0,5,1.0,-0.7363996791923271
exp1a_29,0,0,6,1.0,-0.037429674856308215
exp1a_29,0,0,6,-1.0,0.2178428302469978
exp1a_29,1,1,6,-1.0,0.843383917424483
exp1a_29,1,1,6,1.0,0.843383917424483
exp1a_29,1,1,6,1.0,0.2178428302469978
exp1a_29,1,0,4,1.0,-0.7363996791923271
exp1a_29,1,1,4,1.0,-0.037429674856308215
exp1a_29,1,1,5,1.0,-0.25927842447266464
exp1a_29,0,0,5,0.0,0.843383917424483
exp1a_29,0,1,5,-1.0,-0.7363996791923271
exp1a_29,0,0,5,1.0,0.843383917424483
exp1a_29,1,1,5,-1.0,-0.25927842447266464
exp1a_29,1,1,5,0.0,0.843383917424483
exp1a_29,1,1,5,0.0,-0.037429674856308215
exp1a_29,0,0,4,0.0,0.2178428302469978
exp1a_29,0,0,6,1.0,0.2178428302469978
exp1a_29,0,0,5,0.0,-0.037429674856308215
exp1a_29,0,0,4,0.0,-0.25927842447266464
exp1a_29,1,0,4,0.0,0.2178428302469978
exp1a_29,0,0,4,0.0,-0.7363996791923271
exp1a_29,0,1,4,1.0,-0.25927842447266464
exp1a_29,1,1,5,-1.0,0.2178428302469978
exp1a_29,1,1,5,-1.0,-0.037429674856308215
exp1a_29,1,1,5,0.0,-0.25927842447266464
exp1a_29,1,1,6,-1.0,0.843383917424483
exp1a_29,0,0,6,1.0,0.2178428302469978
exp1a_29,1,0,5,-1.0,-0.25927842447266464
exp1a_29,0,0,4,-1.0,-0.25927842447266464
exp1a_29,1,1,5,0.0,0.2178428302469978
exp1a_29,0,0,6,1.0,0.843383917424483
exp1a_29,1,1,6,0.0,0.843383917424483
exp1a_29,1,1,6,0.0,-0.7363996791923271
exp1a_29,0,1,6,0.0,-0.25927842447266464
exp1a_29,1,1,5,-1.0,-0.037429674856308215
exp1a_29,0,0,5,-1.0,0.843383917424483
exp1a_29,1,1,5,-1.0,0.2178428302469978
exp1a_29,0,0,5,-1.0,0.2178428302469978
exp1a_29,1,0,6,1.0,-0.7363996791923271
exp1a_29,0,0,6,0.0,0.2178428302469978
exp1a_29,0,0,5,-1.0,-0.037429674856308215
exp1a_29,0,0,6,0.0,0.843383917424483
exp1a_29,1,1,6,1.0,0.843383917424483
exp1a_29,0,0,6,1.0,-0.25927842447266464
exp1a_29,1,0,6,-1.0,-0.7363996791923271
exp1a_29,1,0,5,0.0,-0.037429674856308215
exp1a_29,1,1,6,1.0,0.2178428302469978
exp1a_29,0,1,5,1.0,-0.037429674856308215
exp1a_29,0,1,4,-1.0,-0.7363996791923271
exp1a_29,0,0,4,0.0,-0.037429674856308215
exp1a_29,0,0,4,1.0,-0.7363996791923271
exp1a_29,1,1,4,1.0,-0.037429674856308215
exp1a_29,1,1,4,0.0,-0.25927842447266464
exp1a_29,0,0,4,0.0,-0.7363996791923271
exp1a_29,1,1,5,1.0,-0.25927842447266464
exp1a_29,1,0,4,1.0,-0.037429674856308215
exp1a_29,0,0,6,0.0,0.843383917424483
exp1a_29,0,0,6,-1.0,0.843383917424483
exp1a_29,0,0,6,1.0,0.843383917424483
exp1a_29,1,0,5,-1.0,-0.25927842447266464
exp1a_29,1,0,4,0.0,-0.037429674856308215
exp1a_29,1,0,4,0.0,-0.25927842447266464
exp1a_29,0,0,4,0.0,-0.25927842447266464
exp1a_29,1,1,5,-1.0,0.2178428302469978
exp1a_29,0,0,4,1.0,-0.7363996791923271
exp1a_29,1,0,4,0.0,-0.7363996791923271
exp1a_29,0,0,4,1.0,-0.25927842447266464
exp1a_29,0,0,5,-1.0,0.2178428302469978
exp1a_29,1,0,5,0.0,0.2178428302469978
exp1a_29,1,1,5,-1.0,-0.037429674856308215
exp1a_29,0,0,5,1.0,0.2178428302469978
exp1a_29,0,0,4,-1.0,-0.25927842447266464
exp1a_29,1,1,6,-1.0,0.843383917424483
exp1a_29,0,0,6,0.0,0.2178428302469978
exp1a_29,0,0,6,-1.0,-0.7363996791923271
exp1a_29,0,0,5,1.0,-0.037429674856308215
exp1a_29,0,0,5,0.0,-0.037429674856308215
exp1a_29,0,1,5,-1.0,-0.037429674856308215
exp1a_29,0,1,5,0.0,-0.7363996791923271
exp1a_29,1,1,4,-1.0,-0.7363996791923271
exp1a_29,1,1,6,1.0,0.843383917424483
exp1a_29,1,1,6,0.0,0.843383917424483
exp1a_29,1,1,6,1.0,-0.25927842447266464
exp1a_29,1,1,6,1.0,-0.7363996791923271
exp1a_29,1,1,5,1.0,0.2178428302469978
exp1a_29,0,0,5,1.0,0.843383917424483
exp1a_29,0,1,5,1.0,-0.7363996791923271
exp1a_29,0,0,5,-1.0,-0.037429674856308215
exp1a_29,0,0,4,1.0,0.2178428302469978
exp1a_29,1,1,5,0.0,0.843383917424483
exp1a_29,0,1,5,0.0,-0.037429674856308215
exp1a_29,0,0,5,0.0,-0.25927842447266464
exp1a_29,1,1,5,0.0,-0.7363996791923271
exp1a_29,1,1,5,1.0,-0.25927842447266464
exp1a_29,0,1,4,-1.0,-0.25927842447266464
exp1a_29,1,1,4,-1.0,-0.7363996791923271
exp1a_29,0,0,4,0.0,-0.7363996791923271
exp1a_29,0,0,5,-1.0,0.2178428302469978
exp1a_29,1,1,5,-1.0,0.843383917424483
exp1a_29,1,1,5,0.0,0.2178428302469978
exp1a_29,0,0,4,0.0,0.2178428302469978
exp1a_29,1,1,4,1.0,0.2178428302469978
exp1a_29,1,1,4,0.0,-0.25927842447266464
exp1a_29,1,1,4,-1.0,-0.25927842447266464
exp1a_29,0,1,4,1.0,-0.037429674856308215
exp1a_29,1,1,4,0.0,-0.037429674856308215
exp1a_29,1,1,4,-1.0,0.2178428302469978
exp1a_29,0,1,4,-1.0,-0.7363996791923271
exp1a_29,0,0,6,-1.0,0.843383917424483
exp1a_29,1,1,4,-1.0,-0.037429674856308215
exp1a_29,0,0,4,1.0,-0.25927842447266464
exp1a_29,1,1,4,1.0,-0.037429674856308215
exp1a_29,1,1,4,1.0,0.843383917424483
exp1a_29,0,0,5,0.0,0.843383917424483
exp1a_29,1,1,4,1.0,-0.7363996791923271
exp1a_30,0,0,6,1.0,0.843383917424483
exp1a_30,0,0,6,0.0,0.2178428302469978
exp1a_30,1,1,6,1.0,0.843383917424483
exp1a_30,1,1,6,1.0,-0.037429674856308215
exp1a_30,0,0,6,-1.0,0.2178428302469978
exp1a_30,0,0,6,0.0,-0.037429674856308215
exp1a_30,1,1,5,1.0,-0.7363996791923271
exp1a_30,1,1,6,-1.0,0.843383917424483
exp1a_30,1,1,5,0.0,-0.037429674856308215
exp1a_30,1,1,6,1.0,0.2178428302469978
exp1a_30,0,1,4,1.0,-0.7363996791923271
exp1a_30,1,1,5,1.0,-0.25927842447266464
exp1a_30,0,0,4,1.0,-0.25927842447266464
exp1a_30,1,1,6,-1.0,0.2178428302469978
exp1a_30,0,0,6,-1.0,-0.037429674856308215
exp1a_30,1,1,4,-1.0,-0.037429674856308215
exp1a_30,1,1,4,-1.0,-0.7363996791923271
exp1a_30,1,1,5,0.0,0.2178428302469978
exp1a_30,0,0,6,1.0,-0.037429674856308215
exp1a_30,1,1,4,0.0,-0.7363996791923271
exp1a_30,0,0,4,-1.0,-0.7363996791923271
exp1a_30,0,0,6,-1.0,0.843383917424483
exp1a_30,1,1,6,0.0,0.843383917424483
exp1a_30,0,0,6,1.0,0.2178428302469978
exp1a_30,0,0,6,0.0,0.843383917424483
exp1a_30,0,0,6,-1.0,-0.25927842447266464
exp1a_30,1,1,5,0.0,-0.25927842447266464
exp1a_30,1,1,4,-1.0,-0.25927842447266464
exp1a_30,0,0,4,0.0,-0.7363996791923271
exp1a_30,0,0,4,0.0,-0.25927842447266464
exp1a_30,1,1,5,1.0,-0.037429674856308215
exp1a_30,1,1,5,0.0,0.843383917424483
exp1a_30,1,1,6,0.0,-0.037429674856308215
exp1a_30,1,1,5,-1.0,-0.25927842447266464
exp1a_30,0,0,4,0.0,-0.7363996791923271
exp1a_30,0,0,4,-1.0,-0.037429674856308215
exp1a_30,1,1,6,-1.0,-0.7363996791923271
exp1a_30,0,1,4,1.0,-0.7363996791923271
exp1a_30,0,0,4,0.0,-0.25927842447266464
exp1a_30,0,0,6,1.0,0.843383917424483
exp1a_30,0,0,6,0.0,0.843383917424483
exp1a_30,1,1,3,1.0,-0.7363996791923271
exp1a_30,0,1,1,-1.0,-0.25927842447266464
exp1a_30,0,0,4,1.0,-0.25927842447266464
exp1a_30,1,1,4,0.0,-0.25927842447266464
exp1a_30,0,0,6,1.0,0.2178428302469978
exp1a_30,1,1,6,0.0,0.2178428302469978
exp1a_30,0,0,6,0.0,0.2178428302469978
exp1a_30,1,1,6,-1.0,0.2178428302469978
exp1a_30,0,0,6,1.0,-0.037429674856308215
exp1a_30,1,1,3,0.0,-0.7363996791923271
exp1a_30,1,1,4,1.0,-0.25927842447266464
exp1a_30,1,1,6,1.0,0.843383917424483
exp1a_30,1,1,4,-1.0,-0.037429674856308215
exp1a_30,1,1,6,1.0,0.2178428302469978
exp1a_30,0,0,6,-1.0,0.2178428302469978
exp1a_30,0,0,6,0.0,-0.037429674856308215
exp1a_30,0,0,6,-1.0,0.843383917424483
exp1a_30,0,0,4,-1.0,-0.7363996791923271
exp1a_30,1,1,6,-1.0,0.843383917424483
exp1a_30,0,0,6,1.0,0.2178428302469978
exp1a_30,0,0,5,-1.0,-0.037429674856308215
exp1a_30,0,0,6,1.0,-0.037429674856308215
exp1a_30,0,0,6,1.0,0.843383917424483
exp1a_30,1,1,6,1.0,0.843383917424483
exp1a_30,0,0,4,-1.0,-0.25927842447266464
exp1a_30,1,1,5,1.0,0.2178428302469978
exp1a_30,0,0,5,0.0,-0.037429674856308215
exp1a_30,1,1,4,1.0,-0.25927842447266464
exp1a_30,1,1,6,0.0,0.843383917424483
exp1a_30,1,1,6,0.0,0.2178428302469978
exp1a_30,1,1,6,-1.0,0.843383917424483
exp1a_30,0,0,6,-1.0,0.2178428302469978
exp1a_30,1,1,5,-1.0,0.2178428302469978
exp1a_30,0,0,6,-1.0,0.843383917424483
exp1a_30,1,1,5,0.0,-0.037429674856308215
exp1a_30,0,0,6,0.0,0.843383917424483
exp1a_30,1,1,4,1.0,-0.7363996791923271
exp1a_30,0,0,4,-1.0,-0.7363996791923271
exp1a_30,0,0,4,1.0,-0.25927842447266464
exp1a_30,1,1,4,-1.0,-0.7363996791923271
exp1a_30,1,1,4,0.0,-0.25927842447266464
exp1a_30,0,0,6,0.0,0.2178428302469978
exp1a_30,1,0,3,1.0,-0.037429674856308215
exp1a_30,1,1,4,-1.0,-0.25927842447266464
exp1a_30,1,1,4,0.0,-0.7363996791923271
exp1a_30,0,0,4,1.0,-0.7363996791923271
exp1a_30,0,1,3,0.0,-0.7363996791923271
exp1a_30,1,1,4,0.0,-0.25927842447266464
exp1a_30,1,1,4,0.0,0.2178428302469978
exp1a_30,0,0,5,1.0,-0.037429674856308215
exp1a_30,0,0,5,-1.0,-0.037429674856308215
exp1a_30,0,0,5,1.0,-0.25927842447266464
exp1a_30,1,0,4,-1.0,-0.7363996791923271
exp1a_30,0,0,4,-1.0,-0.7363996791923271
exp1a_30,0,0,4,-1.0,0.2178428302469978
exp1a_30,0,0,4,0.0,-0.7363996791923271
exp1a_30,0,0,4,1.0,-0.7363996791923271
exp1a_30,1,1,4,1.0,-0.7363996791923271
exp1a_30,1,1,4,0.0,-0.037429674856308215
exp1a_30,1,1,5,1.0,0.2178428302469978
exp1a_30,0,0,6,1.0,0.2178428302469978
exp1a_30,1,1,4,0.0,-0.7363996791923271
exp1a_30,0,0,6,1.0,0.843383917424483
exp1a_30,1,1,6,-1.0,0.2178428302469978
exp1a_30,0,0,6,0.0,0.843383917424483
exp1a_30,1,1,6,0.0,0.843383917424483
exp1a_30,1,1,6,1.0,-0.037429674856308215
exp1a_30,1,1,6,-1.0,0.843383917424483
exp1a_30,1,1,4,1.0,-0.25927842447266464
exp1a_30,0,0,4,0.0,-0.037429674856308215
exp1a_30,1,1,4,-1.0,-0.25927842447266464
exp1a_30,1,1,5,-1.0,-0.037429674856308215
exp1a_30,0,0,6,-1.0,0.843383917424483
exp1a_30,0,0,6,-1.0,-0.25927842447266464
exp1a_30,0,0,6,0.0,0.2178428302469978
exp1a_30,1,1,6,1.0,0.843383917424483
exp1a_30,0,0,6,0.0,0.2178428302469978
exp1a_30,1,0,4,1.0,-0.7363996791923271
exp1a_30,1,1,5,-1.0,-0.25927842447266464
exp1a_30,0,1,1,-1.0,0.843383917424483
exp1a_30,0,0,6,1.0,0.843383917424483
exp1a_30,1,1,4,1.0,-0.037429674856308215
exp1a_30,1,1,6,1.0,0.843383917424483
exp1a_30,0,0,4,-1.0,-0.25927842447266464
exp1a_30,1,1,4,-1.0,-0.7363996791923271
exp1a_30,1,1,5,-1.0,0.2178428302469978
exp1a_30,1,1,6,0.0,0.843383917424483
exp1a_30,0,0,6,-1.0,0.2178428302469978
exp1a_30,1,1,5,1.0,0.2178428302469978
exp1a_30,0,0,4,1.0,-0.7363996791923271
exp1a_30,0,0,4,1.0,-0.25927842447266464
exp1a_30,1,1,4,-1.0,-0.037429674856308215
exp1a_30,0,0,6,0.0,0.843383917424483
exp1a_30,1,1,5,0.0,-0.037429674856308215
exp1a_30,1,1,4,0.0,-0.7363996791923271
exp1a_30,0,0,4,0.0,-0.25927842447266464
exp1a_30,1,1,6,-1.0,0.843383917424483
exp1a_30,1,1,4,1.0,-0.25927842447266464
exp1a_30,1,1,5,0.0,0.2178428302469978
exp1a_30,0,0,4,1.0,-0.037429674856308215
exp1a_30,0,0,3,-1.0,-0.7363996791923271
exp1a_30,0,0,4,0.0,-0.7363996791923271
exp1a_30,1,1,4,0.0,-0.25927842447266464
exp1a_30,0,0,5,-1.0,-0.037429674856308215
exp1a_30,0,0,6,1.0,0.843383917424483
exp1a_30,1,1,4,-1.0,-0.25927842447266464
exp1a_30,0,0,6,-1.0,0.843383917424483
exp1a_30,1,1,6,1.0,0.843383917424483
exp1a_30,0,0,6,0.0,0.2178428302469978
exp1a_30,0,0,3,0.0,-0.7363996791923271
exp1a_30,1,1,4,-1.0,-0.7363996791923271
exp1a_30,1,1,4,0.0,-0.7363996791923271
exp1a_30,1,1,4,-1.0,-0.037429674856308215
exp1a_30,0,0,4,-1.0,-0.25927842447266464
exp1a_30,0,0,4,1.0,-0.7363996791923271
exp1a_30,1,1,4,0.0,-0.25927842447266464
exp1a_30,0,0,6,0.0,0.843383917424483
exp1a_30,1,1,6,-1.0,0.2178428302469978
exp1a_30,1,1,6,0.0,-0.037429674856308215
exp1a_30,1,1,6,1.0,0.2178428302469978
exp1a_30,0,0,4,-1.0,-0.037429674856308215
exp1a_30,1,0,3,1.0,-0.25927842447266464
exp1a_30,1,1,6,0.0,0.843383917424483
exp1a_30,1,1,4,1.0,-0.7363996791923271
exp1a_30,0,0,4,1.0,0.2178428302469978
exp1a_30,1,1,5,0.0,0.2178428302469978
exp1a_30,1,1,6,-1.0,0.843383917424483
exp1a_30,0,0,4,1.0,-0.25927842447266464
exp1a_30,0,1,3,0.0,-0.25927842447266464
exp1a_30,0,1,3,-1.0,-0.7363996791923271
exp1a_30,0,0,4,0.0,-0.037429674856308215
exp1a_30,1,1,4,1.0,-0.037429674856308215
exp1a_30,0,0,6,1.0,-0.037429674856308215
exp1a_30,0,0,4,1.0,-0.7363996791923271
exp1a_30,0,0,4,-1.0,-0.25927842447266464
exp1a_30,1,1,4,0.0,-0.037429674856308215
exp1a_30,0,0,5,-1.0,0.2178428302469978
exp1a_30,0,0,6,1.0,0.2178428302469978
exp1a_30,1,1,6,-1.0,0.843383917424483
exp1a_30,0,0,6,1.0,-0.25927842447266464
exp1a_30,0,0,6,1.0,-0.037429674856308215
exp1a_30,1,1,5,0.0,-0.25927842447266464
exp1a_30,1,1,6,-1.0,0.2178428302469978
exp1a_30,1,1,6,-1.0,-0.037429674856308215
exp1a_30,1,1,6,0.0,0.843383917424483
exp1a_30,0,0,6,-1.0,0.843383917424483
exp1a_30,1,1,6,0.0,0.2178428302469978
exp1a_30,1,1,5,1.0,-0.25927842447266464
exp1a_30,0,0,6,0.0,0.2178428302469978
exp1a_30,0,1,3,0.0,-0.7363996791923271
exp1a_30,1,1,3,-1.0,-0.25927842447266464
exp1a_30,1,1,6,1.0,0.843383917424483
exp1a_30,0,0,4,0.0,-0.25927842447266464
exp1a_30,1,1,4,1.0,-0.7363996791923271
exp1a_30,1,1,4,0.0,-0.7363996791923271
exp1a_30,0,0,5,-1.0,-0.037429674856308215
exp1a_30,0,0,6,0.0,0.843383917424483
exp1a_30,0,0,4,-1.0,-0.7363996791923271
exp1a_30,1,1,6,1.0,0.2178428302469978
exp1a_30,1,1,4,1.0,-0.037429674856308215
exp1a_30,0,0,5,0.0,-0.037429674856308215
exp1a_30,1,0,4,-1.0,-0.7363996791923271
exp1a_30,0,0,6,1.0,0.843383917424483
exp1a_30,0,0,6,0.0,0.2178428302469978
exp1a_30,1,1,6,-1.0,0.843383917424483
exp1a_30,1,1,6,1.0,0.2178428302469978
exp1a_30,1,1,4,0.0,-0.25927842447266464
exp1a_30,1,1,6,-1.0,0.2178428302469978
exp1a_30,0,0,5,1.0,-0.25927842447266464
exp1a_30,0,1,4,0.0,-0.25927842447266464
exp1a_30,1,1,6,0.0,0.843383917424483
exp1a_30,0,0,6,-1.0,-0.25927842447266464
exp1a_30,0,0,4,1.0,-0.7363996791923271
exp1a_30,1,1,4,1.0,-0.25927842447266464
exp1a_30,1,1,4,1.0,-0.7363996791923271
exp1a_30,1,1,5,0.0,-0.037429674856308215
exp1a_30,0,0,6,1.0,0.2178428302469978
exp1a_30,0,0,4,0.0,-0.7363996791923271
exp1a_30,0,0,5,1.0,-0.037429674856308215
exp1a_30,0,0,6,-1.0,-0.037429674856308215
exp1a_30,0,0,6,-1.0,0.843383917424483
exp1a_30,1,1,3,-1.0,-0.7363996791923271
exp1a_30,1,0,4,-1.0,-0.037429674856308215
exp1a_30,0,0,6,1.0,0.843383917424483
exp1a_30,0,0,6,-1.0,0.2178428302469978
exp1a_30,0,0,4,-1.0,-0.7363996791923271
exp1a_30,0,0,4,0.0,-0.037429674856308215
exp1a_30,1,1,4,-1.0,-0.25927842447266464
exp1a_30,0,0,6,0.0,0.843383917424483
exp1a_30,1,1,6,1.0,0.843383917424483
exp1a_30,1,0,3,0.0,-0.7363996791923271
exp1a_31,0,0,6,-1.0,-0.037429674856308215
exp1a_31,0,0,6,-1.0,0.843383917424483
exp1a_31,0,0,6,0.0,0.843383917424483
exp1a_31,0,0,6,0.0,-0.037429674856308215
exp1a_31,1,1,6,1.0,0.2178428302469978
exp1a_31,1,0,4,1.0,-0.25927842447266464
exp1a_31,1,1,5,-1.0,-0.25927842447266464
exp1a_31,0,0,6,-1.0,0.2178428302469978
exp1a_31,1,1,6,-1.0,0.843383917424483
exp1a_31,1,1,6,-1.0,0.2178428302469978
exp1a_31,1,1,6,0.0,0.2178428302469978
exp1a_31,0,0,6,1.0,-0.7363996791923271
exp1a_31,1,1,6,0.0,-0.25927842447266464
exp1a_31,1,1,6,0.0,-0.037429674856308215
exp1a_31,0,1,6,-1.0,-0.7363996791923271
exp1a_31,1,0,4,-1.0,-0.7363996791923271
exp1a_31,1,1,6,1.0,-0.037429674856308215
exp1a_31,1,1,6,-1.0,-0.037429674856308215
exp1a_31,1,1,6,1.0,-0.7363996791923271
exp1a_31,0,0,5,0.0,-0.25927842447266464
exp1a_31,1,0,4,0.0,-0.7363996791923271
exp1a_31,0,0,6,1.0,-0.25927842447266464
exp1a_31,1,1,6,0.0,0.843383917424483
exp1a_31,0,0,6,1.0,0.2178428302469978
exp1a_31,0,0,6,1.0,0.843383917424483
exp1a_31,0,0,6,-1.0,-0.25927842447266464
exp1a_31,0,0,6,0.0,-0.7363996791923271
exp1a_31,1,1,6,1.0,0.843383917424483
exp1a_31,0,0,6,0.0,0.2178428302469978
exp1a_31,0,0,6,1.0,-0.037429674856308215
exp1a_31,0,0,6,-1.0,-0.25927842447266464
exp1a_31,1,1,4,-1.0,-0.25927842447266464
exp1a_31,1,1,6,-1.0,0.843383917424483
exp1a_31,0,0,6,0.0,-0.037429674856308215
exp1a_31,0,0,6,1.0,0.843383917424483
exp1a_31,1,1,6,-1.0,-0.037429674856308215
exp1a_31,1,0,6,-1.0,-0.7363996791923271
exp1a_31,0,0,5,-1.0,-0.7363996791923271
exp1a_31,1,1,6,0.0,-0.037429674856308215
exp1a_31,1,1,5,-1.0,0.2178428302469978
exp1a_31,0,0,6,1.0,-0.7363996791923271
exp1a_31,0,1,5,1.0,-0.25927842447266464
exp1a_31,0,0,6,-1.0,0.2178428302469978
exp1a_31,0,0,6,0.0,0.843383917424483
exp1a_31,1,0,4,0.0,-0.7363996791923271
exp1a_31,0,0,6,-1.0,0.843383917424483
exp1a_31,0,0,6,1.0,-0.037429674856308215
exp1a_31,0,0,5,0.0,-0.7363996791923271
exp1a_31,1,1,6,1.0,-0.037429674856308215
exp1a_31,1,1,4,1.0,0.2178428302469978
exp1a_31,1,1,6,1.0,0.843383917424483
exp1a_31,0,0,6,0.0,0.2178428302469978
exp1a_31,1,1,6,0.0,-0.25927842447266464
exp1a_31,0,0,5,-1.0,-0.037429674856308215
exp1a_31,1,1,6,0.0,0.2178428302469978
exp1a_31,1,1,6,0.0,0.843383917424483
exp1a_31,1,1,6,1.0,-0.25927842447266464
exp1a_31,0,1,6,0.0,-0.25927842447266464
exp1a_31,1,1,6,1.0,-0.7363996791923271
exp1a_31,0,0,6,1.0,0.2178428302469978
exp1a_31,1,1,6,0.0,0.843383917424483
exp1a_31,1,1,6,1.0,0.843383917424483
exp1a_31,0,0,6,-1.0,0.843383917424483
exp1a_31,0,0,6,0.0,0.2178428302469978
exp1a_31,1,1,6,-1.0,-0.7363996791923271
exp1a_31,1,1,6,0.0,0.2178428302469978
exp1a_31,1,1,6,1.0,0.2178428302469978
exp1a_31,0,1,6,-1.0,-0.7363996791923271
exp1a_31,1,1,6,-1.0,-0.037429674856308215
exp1a_31,1,1,6,1.0,-0.25927842447266464
exp1a_31,0,1,6,1.0,-0.25927842447266464
exp1a_31,1,0,4,1.0,-0.7363996791923271
exp1a_31,0,1,5,1.0,-0.7363996791923271
exp1a_31,1,1,6,1.0,-0.037429674856308215
exp1a_31,0,1,6,0.0,-0.7363996791923271
exp1a_31,1,1,6,-1.0,-0.25927842447266464
exp1a_31,0,0,6,1.0,0.843383917424483
exp1a_31,1,1,6,0.0,-0.037429674856308215
exp1a_31,0,0,6,0.0,0.843383917424483
exp1a_31,0,0,6,-1.0,-0.037429674856308215
exp1a_31,0,0,6,1.0,-0.037429674856308215
exp1a_31,0,0,6,1.0,0.2178428302469978
exp1a_31,1,1,6,0.0,-0.25927842447266464
exp1a_31,0,0,6,-1.0,0.2178428302469978
exp1a_31,0,0,6,0.0,-0.037429674856308215
exp1a_31,1,1,6,-1.0,0.843383917424483
exp1a_31,1,1,6,-1.0,0.2178428302469978
exp1a_31,1,0,6,0.0,-0.7363996791923271
exp1a_31,0,1,5,0.0,-0.25927842447266464
exp1a_31,0,0,4,-1.0,-0.25927842447266464
exp1a_31,0,0,6,1.0,-0.037429674856308215
exp1a_31,1,0,4,1.0,-0.7363996791923271
exp1a_31,0,0,6,1.0,0.843383917424483
exp1a_31,1,0,6,0.0,-0.25927842447266464
exp1a_31,0,0,6,1.0,-0.25927842447266464
exp1a_31,0,0,6,0.0,0.843383917424483
exp1a_31,0,0,5,-1.0,-0.7363996791923271
exp1a_31,1,1,3,-1.0,-0.25927842447266464
exp1a_31,0,0,6,1.0,0.2178428302469978
exp1a_31,1,0,4,0.0,-0.7363996791923271
exp1a_31,0,0,6,0.0,0.2178428302469978
exp1a_31,0,0,5,0.0,-0.7363996791923271
exp1a_31,1,1,6,1.0,0.2178428302469978
exp1a_31,1,1,6,1.0,0.843383917424483
exp1a_31,1,0,4,1.0,-0.25927842447266464
exp1a_31,0,0,6,-1.0,0.2178428302469978
exp1a_31,1,1,6,-1.0,0.843383917424483
exp1a_31,1,1,6,0.0,-0.037429674856308215
exp1a_31,1,0,3,-1.0,-0.7363996791923271
exp1a_31,1,1,6,0.0,0.843383917424483
exp1a_31,1,1,6,1.0,-0.037429674856308215
exp1a_31,0,0,6,0.0,-0.25927842447266464
exp1a_31,0,0,6,-1.0,0.843383917424483
exp1a_31,1,1,6,-1.0,0.2178428302469978
exp1a_31,1,1,6,0.0,0.2178428302469978
exp1a_31,0,0,6,-1.0,-0.25927842447266464
exp1a_31,0,0,3,1.0,-0.7363996791923271
exp1a_31,1,1,6,-1.0,-0.037429674856308215
exp1a_31,0,0,6,-1.0,-0.037429674856308215
exp1a_31,0,0,4,0.0,-0.037429674856308215
exp1a_31,0,0,6,0.0,-0.037429674856308215
exp1a_31,0,0,6,-1.0,-0.25927842447266464
exp1a_31,1,1,6,0.0,0.843383917424483
exp1a_31,0,0,5,0.0,-0.7363996791923271
exp1a_31,1,1,6,1.0,-0.037429674856308215
exp1a_31,1,1,6,1.0,0.2178428302469978
exp1a_31,1,1,6,-1.0,0.2178428302469978
exp1a_31,0,0,6,0.0,0.2178428302469978
exp1a_31,1,1,6,1.0,-0.25927842447266464
exp1a_31,0,1,6,-1.0,-0.7363996791923271
exp1a_31,0,0,6,-1.0,0.2178428302469978
exp1a_31,0,0,5,-1.0,-0.037429674856308215
exp1a_31,1,1,6,1.0,0.843383917424483
exp1a_31,1,1,5,-1.0,-0.7363996791923271
exp1a_31,0,0,6,1.0,0.2178428302469978
exp1a_31,1,1,6,0.0,-0.037429674856308215
exp1a_31,0,0,6,1.0,-0.037429674856308215
exp1a_31,0,0,6,0.0,-0.25927842447266464
exp1a_31,0,0,5,1.0,-0.7363996791923271
exp1a_31,0,0,6,1.0,0.843383917424483
exp1a_31,1,1,4,-1.0,-0.25927842447266464
exp1a_31,1,0,6,1.0,-0.7363996791923271
exp1a_31,1,1,6,-1.0,-0.037429674856308215
exp1a_31,1,0,6,0.0,-0.7363996791923271
exp1a_31,0,0,6,0.0,0.843383917424483
exp1a_31,0,0,6,-1.0,0.843383917424483
exp1a_31,1,0,4,0.0,-0.25927842447266464
exp1a_31,1,1,6,0.0,0.2178428302469978
exp1a_31,1,1,6,-1.0,0.843383917424483
exp1a_31,0,0,6,1.0,-0.25927842447266464
exp1a_31,1,1,6,0.0,0.2178428302469978
exp1a_31,0,0,6,1.0,-0.25927842447266464
exp1a_31,0,0,5,-1.0,-0.037429674856308215
exp1a_31,0,0,6,0.0,0.843383917424483
exp1a_31,0,0,6,0.0,0.2178428302469978
exp1a_31,0,0,6,0.0,-0.7363996791923271
exp1a_31,0,0,6,1.0,0.843383917424483
exp1a_31,1,1,5,1.0,-0.037429674856308215
exp1a_31,0,0,6,1.0,-0.037429674856308215
exp1a_31,1,0,5,1.0,-0.7363996791923271
exp1a_31,0,0,6,0.0,-0.25927842447266464
exp1a_31,0,0,6,1.0,0.2178428302469978
exp1a_31,1,1,6,1.0,0.2178428302469978
exp1a_31,0,0,6,-1.0,0.843383917424483
exp1a_31,1,1,6,0.0,-0.7363996791923271
exp1a_31,1,1,6,-1.0,-0.037429674856308215
exp1a_31,1,1,6,1.0,0.843383917424483
exp1a_31,1,1,5,0.0,-0.25927842447266464
exp1a_31,0,1,5,-1.0,-0.7363996791923271
exp1a_31,0,1,4,1.0,-0.7363996791923271
exp1a_31,1,0,5,-1.0,-0.25927842447266464
exp1a_31,0,0,3,0.0,-0.037429674856308215
exp1a_31,1,1,6,1.0,-0.25927842447266464
exp1a_31,0,0,6,-1.0,0.2178428302469978
exp1a_31,0,0,5,-1.0,-0.25927842447266464
exp1a_31,1,1,6,-1.0,0.2178428302469978
exp1a_31,1,1,6,0.0,0.843383917424483
exp1a_31,1,1,6,-1.0,0.843383917424483
exp1a_31,1,1,6,0.0,-0.037429674856308215
exp1a_31,1,0,4,-1.0,-0.7363996791923271
exp1a_31,1,1,6,0.0,0.843383917424483
exp1a_31,1,1,6,1.0,0.843383917424483
exp1a_31,1,1,6,0.0,0.2178428302469978
exp1a_31,0,1,6,-1.0,-0.25927842447266464
exp1a_31,0,0,6,0.0,-0.25927842447266464
exp1a_31,1,1,6,-1.0,-0.037429674856308215
exp1a_31,0,0,6,-1.0,0.843383917424483
exp1a_31,0,1,6,1.0,-0.7363996791923271
exp1a_31,0,0,6,1.0,0.2178428302469978
exp1a_31,0,0,6,1.0,0.843383917424483
exp1a_31,0,0,6,1.0,-0.25927842447266464
exp1a_31,1,1,6,-1.0,0.843383917424483
exp1a_31,0,0,4,-1.0,-0.7363996791923271
exp1a_31,0,0,6,0.0,0.2178428302469978
exp1a_31,0,0,6,1.0,-0.037429674856308215
exp1a_31,1,1,6,1.0,-0.25927842447266464
exp1a_31,1,1,6,0.0,-0.7363996791923271
exp1a_31,0,0,6,0.0,0.843383917424483
exp1a_31,0,1,6,-1.0,-0.037429674856308215
exp1a_31,1,0,5,1.0,-0.7363996791923271
exp1a_31,1,1,6,-1.0,0.2178428302469978
exp1a_31,1,1,6,1.0,-0.037429674856308215
exp1a_31,0,1,4,0.0,-0.7363996791923271
exp1a_31,1,1,4,1.0,0.2178428302469978
exp1a_31,1,1,4,-1.0,-0.25927842447266464
exp1a_31,1,1,4,-1.0,-0.7363996791923271
exp1a_31,0,0,6,-1.0,0.2178428302469978
exp1a_31,1,1,5,0.0,-0.037429674856308215
exp1a_31,1,1,4,0.0,-0.25927842447266464
exp1a_31,0,0,4,0.0,-0.037429674856308215
exp1a_31,0,0,5,-1.0,-0.25927842447266464
exp1a_31,0,1,4,0.0,-0.7363996791923271
exp1a_31,1,1,6,0.0,0.2178428302469978
exp1a_31,1,1,6,1.0,-0.037429674856308215
exp1a_31,0,1,4,1.0,-0.25927842447266464
exp1a_31,1,1,6,1.0,0.843383917424483
exp1a_31,1,1,6,-1.0,0.2178428302469978
exp1a_31,0,0,6,0.0,0.843383917424483
exp1a_31,1,1,6,1.0,0.2178428302469978
exp1a_31,0,0,6,-1.0,-0.037429674856308215
exp1a_31,0,0,6,1.0,-0.7363996791923271
exp1a_31,0,0,6,1.0,0.2178428302469978
exp1a_31,1,1,6,-1.0,0.843383917424483
exp1a_31,0,0,6,0.0,0.2178428302469978
exp1a_31,0,0,4,-1.0,-0.7363996791923271
exp1a_31,1,1,6,1.0,-0.25927842447266464
exp1a_31,1,0,6,0.0,-0.7363996791923271
exp1a_31,1,1,6,-1.0,-0.25927842447266464
exp1a_31,1,1,5,0.0,-0.25927842447266464
exp1a_31,1,0,5,-1.0,-0.7363996791923271
exp1a_31,0,0,6,0.0,-0.037429674856308215
exp1a_31,1,1,6,0.0,-0.037429674856308215
exp1a_31,0,0,6,0.0,-0.25927842447266464
exp1a_31,1,1,6,-1.0,-0.037429674856308215
exp1a_31,1,1,6,0.0,0.843383917424483
exp1a_31,1,1,6,1.0,-0.7363996791923271
exp1a_31,0,0,6,-1.0,0.843383917424483
exp1a_31,0,0,6,1.0,0.843383917424483
exp1a_31,0,0,6,-1.0,0.2178428302469978
exp1a_31,0,0,6,1.0,-0.037429674856308215
exp1a_32,0,0,6,1.0,0.2178428302469978
exp1a_32,0,0,6,1.0,-0.7363996791923271
exp1a_32,1,1,6,0.0,-0.7363996791923271
exp1a_32,0,0,6,1.0,0.843383917424483
exp1a_32,0,0,6,-1.0,-0.037429674856308215
exp1a_32,1,1,6,0.0,-0.037429674856308215
exp1a_32,0,0,6,-1.0,0.843383917424483
exp1a_32,0,0,6,1.0,-0.25927842447266464
exp1a_32,1,1,6,0.0,0.843383917424483
exp1a_32,0,0,6,0.0,0.843383917424483
exp1a_32,1,1,6,-1.0,-0.037429674856308215
exp1a_32,1,1,6,1.0,0.2178428302469978
exp1a_32,1,1,6,0.0,-0.25927842447266464
exp1a_32,1,0,6,-1.0,-0.7363996791923271
exp1a_32,0,0,6,0.0,-0.037429674856308215
exp1a_32,1,1,6,-1.0,0.2178428302469978
exp1a_32,0,1,6,-1.0,-0.7363996791923271
exp1a_32,1,1,6,1.0,0.843383917424483
exp1a_32,1,1,6,-1.0,0.843383917424483
exp1a_32,0,1,6,0.0,-0.7363996791923271
exp1a_32,0,0,6,0.0,-0.25927842447266464
exp1a_32,0,0,6,0.0,0.2178428302469978
exp1a_32,0,0,6,-1.0,0.2178428302469978
exp1a_32,1,0,6,1.0,-0.7363996791923271
exp1a_32,1,1,6,0.0,0.2178428302469978
exp1a_32,0,0,6,-1.0,-0.25927842447266464
exp1a_32,1,1,6,-1.0,-0.25927842447266464
exp1a_32,0,0,6,1.0,-0.037429674856308215
exp1a_32,1,1,6,1.0,-0.25927842447266464
exp1a_32,1,1,6,1.0,-0.037429674856308215
exp1a_32,1,1,6,-1.0,-0.25927842447266464
exp1a_32,1,1,6,0.0,0.843383917424483
exp1a_32,1,1,6,0.0,0.2178428302469978
exp1a_32,0,0,6,1.0,-0.037429674856308215
exp1a_32,1,0,6,1.0,-0.7363996791923271
exp1a_32,1,1,6,-1.0,-0.7363996791923271
exp1a_32,1,1,6,-1.0,-0.037429674856308215
exp1a_32,1,1,6,0.0,-0.25927842447266464
exp1a_32,1,1,6,1.0,-0.037429674856308215
exp1a_32,0,0,6,-1.0,0.2178428302469978
exp1a_32,0,1,6,0.0,-0.7363996791923271
exp1a_32,0,0,6,1.0,0.2178428302469978
exp1a_32,1,1,6,0.0,-0.7363996791923271
exp1a_32,1,1,6,0.0,-0.037429674856308215
exp1a_32,0,0,6,0.0,-0.25927842447266464
exp1a_32,0,1,6,-1.0,-0.7363996791923271
exp1a_32,1,1,6,1.0,-0.25927842447266464
exp1a_32,0,0,6,-1.0,-0.25927842447266464
exp1a_32,1,1,6,1.0,0.843383917424483
exp1a_32,0,0,6,0.0,0.843383917424483
exp1a_32,0,0,6,1.0,-0.7363996791923271
exp1a_32,0,0,6,-1.0,0.843383917424483
exp1a_32,0,0,6,1.0,-0.25927842447266464
exp1a_32,1,1,6,1.0,0.2178428302469978
exp1a_32,1,1,6,-1.0,0.843383917424483
exp1a_32,0,0,6,1.0,0.843383917424483
exp1a_32,0,0,6,0.0,0.2178428302469978
exp1a_32,1,1,6,-1.0,0.2178428302469978
exp1a_32,0,0,6,0.0,-0.037429674856308215
exp1a_32,0,0,6,-1.0,-0.037429674856308215
exp1a_32,1,0,6,-1.0,-0.25927842447266464
exp1a_32,0,0,6,1.0,-0.037429674856308215
exp1a_32,0,1,6,1.0,-0.7363996791923271
exp1a_32,1,1,6,1.0,-0.037429674856308215
exp1a_32,1,1,6,1.0,-0.25927842447266464
exp1a_32,1,0,6,1.0,-0.7363996791923271
exp1a_32,0,0,6,-1.0,-0.037429674856308215
exp1a_32,0,0,6,0.0,0.2178428302469978
exp1a_32,1,1,6,-1.0,-0.037429674856308215
exp1a_32,1,1,6,1.0,0.843383917424483
exp1a_32,1,1,6,-1.0,-0.7363996791923271
exp1a_32,0,0,6,1.0,0.2178428302469978
exp1a_32,0,0,6,-1.0,-0.25927842447266464
exp1a_32,1,0,6,0.0,-0.7363996791923271
exp1a_32,0,0,6,1.0,-0.25927842447266464
exp1a_32,1,1,6,0.0,0.843383917424483
exp1a_32,1,1,6,-1.0,0.843383917424483
exp1a_32,0,0,6,-1.0,-0.7363996791923271
exp1a_32,0,0,6,-1.0,0.843383917424483
exp1a_32,1,1,6,0.0,0.2178428302469978
exp1a_32,0,1,6,0.0,-0.7363996791923271
exp1a_32,0,0,6,0.0,0.843383917424483
exp1a_32,0,0,6,-1.0,0.2178428302469978
exp1a_32,0,0,6,1.0,0.843383917424483
exp1a_32,1,1,6,0.0,-0.037429674856308215
exp1a_32,1,1,6,1.0,0.2178428302469978
exp1a_32,0,0,6,0.0,-0.25927842447266464
exp1a_32,1,0,6,0.0,-0.25927842447266464
exp1a_32,0,0,6,0.0,-0.037429674856308215
exp1a_32,1,1,6,-1.0,0.2178428302469978
exp1a_32,0,0,6,0.0,-0.25927842447266464
exp1a_32,0,0,6,0.0,0.2178428302469978
exp1a_32,1,1,6,-1.0,0.2178428302469978
exp1a_32,1,0,6,0.0,-0.25927842447266464
exp1a_32,1,1,6,-1.0,0.843383917424483
exp1a_32,0,0,6,0.0,-0.7363996791923271
exp1a_32,0,0,6,-1.0,-0.037429674856308215
exp1a_32,1,0,6,0.0,-0.7363996791923271
exp1a_32,0,0,6,-1.0,0.843383917424483
exp1a_32,0,0,6,-1.0,-0.25927842447266464
exp1a_32,0,0,6,1.0,0.843383917424483
exp1a_32,0,1,6,1.0,-0.7363996791923271
exp1a_32,0,0,6,1.0,-0.037429674856308215
exp1a_32,1,1,6,-1.0,-0.25927842447266464
exp1a_32,0,0,6,0.0,-0.037429674856308215
exp1a_32,1,1,6,0.0,0.2178428302469978
exp1a_32,1,0,6,-1.0,-0.7363996791923271
exp1a_32,1,1,6,1.0,-0.037429674856308215
exp1a_32,1,1,6,-1.0,-0.037429674856308215
exp1a_32,1,1,6,1.0,0.2178428302469978
exp1a_32,1,1,6,1.0,0.843383917424483
exp1a_32,1,1,6,1.0,-0.7363996791923271
exp1a_32,1,0,6,1.0,-0.25927842447266464
exp1a_32,0,0,6,1.0,-0.25927842447266464
exp1a_32,0,0,6,-1.0,-0.7363996791923271
exp1a_32,1,1,6,0.0,-0.037429674856308215
exp1a_32,0,0,6,0.0,0.843383917424483
exp1a_32,0,0,6,-1.0,0.2178428302469978
exp1a_32,0,0,6,1.0,0.2178428302469978
exp1a_32,1,1,6,0.0,0.843383917424483
exp1a_32,0,0,6,1.0,-0.25927842447266464
exp1a_32,0,0,6,-1.0,0.843383917424483
exp1a_32,0,0,6,0.0,0.843383917424483
exp1a_32,1,1,6,1.0,-0.037429674856308215
exp1a_32,0,0,6,-1.0,-0.037429674856308215
exp1a_32,1,1,6,0.0,0.2178428302469978
exp1a_32,1,1,6,-1.0,0.2178428302469978
exp1a_32,0,0,6,0.0,-0.037429674856308215
exp1a_32,1,1,6,-1.0,-0.25927842447266464
exp1a_32,1,1,6,-1.0,-0.037429674856308215
exp1a_32,1,0,6,0.0,-0.7363996791923271
exp1a_32,1,1,6,0.0,-0.25927842447266464
exp1a_32,1,0,6,-1.0,-0.7363996791923271
exp1a_32,1,1,6,1.0,-0.7363996791923271
exp1a_32,1,1,6,0.0,-0.037429674856308215
exp1a_32,1,1,6,0.0,0.843383917424483
exp1a_32,1,0,6,1.0,-0.25927842447266464
exp1a_32,1,1,6,1.0,0.843383917424483
exp1a_32,1,1,6,-1.0,0.843383917424483
exp1a_32,0,0,6,1.0,0.843383917424483
exp1a_32,0,0,6,0.0,-0.7363996791923271
exp1a_32,0,0,6,0.0,-0.25927842447266464
exp1a_32,1,1,6,1.0,0.2178428302469978
exp1a_32,0,0,6,1.0,0.2178428302469978
exp1a_32,0,0,6,-1.0,-0.25927842447266464
exp1a_32,0,0,6,-1.0,-0.7363996791923271
exp1a_32,0,0,6,1.0,-0.7363996791923271
exp1a_32,0,0,6,1.0,-0.037429674856308215
exp1a_32,0,0,6,0.0,0.2178428302469978
exp1a_32,0,0,6,-1.0,0.2178428302469978
exp1a_32,1,1,6,-1.0,-0.7363996791923271
exp1a_32,1,0,6,1.0,-0.037429674856308215
exp1a_32,1,1,6,0.0,-0.037429674856308215
exp1a_32,0,0,6,-1.0,-0.25927842447266464
exp1a_32,0,0,6,0.0,-0.25927842447266464
exp1a_32,0,0,6,-1.0,0.843383917424483
exp1a_32,1,1,6,-1.0,0.843383917424483
exp1a_32,1,0,6,1.0,-0.7363996791923271
exp1a_32,0,0,6,-1.0,-0.7363996791923271
exp1a_32,0,0,6,1.0,-0.037429674856308215
exp1a_32,1,1,6,0.0,-0.25927842447266464
exp1a_32,0,0,6,0.0,-0.037429674856308215
exp1a_32,0,0,6,0.0,0.2178428302469978
exp1a_32,0,1,6,1.0,-0.25927842447266464
exp1a_32,1,1,6,1.0,0.2178428302469978
exp1a_32,1,1,6,1.0,-0.25927842447266464
exp1a_32,0,0,6,0.0,0.843383917424483
exp1a_32,1,1,6,-1.0,-0.037429674856308215
exp1a_32,1,0,6,0.0,-0.7363996791923271
exp1a_32,0,0,6,1.0,0.2178428302469978
exp1a_32,1,1,6,1.0,0.843383917424483
exp1a_32,1,1,6,-1.0,-0.25927842447266464
exp1a_32,1,1,6,0.0,0.2178428302469978
exp1a_32,1,1,6,-1.0,0.2178428302469978
exp1a_32,0,1,6,1.0,-0.7363996791923271
exp1a_32,1,1,6,0.0,0.843383917424483
exp1a_32,0,1,6,0.0,-0.7363996791923271
exp1a_32,0,0,6,-1.0,0.2178428302469978
exp1a_32,0,0,6,-1.0,-0.037429674856308215
exp1a_32,0,0,6,0.0,0.843383917424483
exp1a_32,0,0,6,1.0,0.2178428302469978
exp1a_32,0,0,6,-1.0,0.2178428302469978
exp1a_32,0,0,6,-1.0,0.843383917424483
exp1a_32,0,0,6,1.0,-0.25927842447266464
exp1a_32,1,1,6,-1.0,-0.25927842447266464
exp1a_32,1,1,6,0.0,-0.25927842447266464
exp1a_32,1,0,6,-1.0,-0.7363996791923271
exp1a_32,1,1,6,1.0,-0.25927842447266464
exp1a_32,0,0,6,1.0,-0.7363996791923271
exp1a_32,0,0,6,-1.0,-0.037429674856308215
exp1a_32,0,0,6,0.0,-0.25927842447266464
exp1a_32,0,0,6,1.0,-0.037429674856308215
exp1a_32,0,1,6,0.0,-0.037429674856308215
exp1a_32,0,0,6,-1.0,-0.7363996791923271
exp1a_32,1,1,6,0.0,0.843383917424483
exp1a_32,1,1,6,0.0,-0.7363996791923271
exp1a_32,1,1,6,1.0,-0.037429674856308215
exp1a_32,0,0,6,-1.0,-0.25927842447266464
exp1a_32,1,1,6,1.0,0.2178428302469978
exp1a_32,0,0,6,0.0,0.2178428302469978
exp1a_32,1,1,6,-1.0,0.843383917424483
exp1a_32,1,1,6,0.0,0.2178428302469978
exp1a_32,1,1,6,0.0,-0.037429674856308215
exp1a_32,0,1,6,0.0,-0.7363996791923271
exp1a_32,1,1,6,1.0,0.843383917424483
exp1a_32,1,1,6,1.0,-0.7363996791923271
exp1a_32,1,1,6,-1.0,-0.037429674856308215
exp1a_32,1,1,6,-1.0,0.2178428302469978
exp1a_32,0,0,6,0.0,0.2178428302469978
exp1a_32,1,1,6,0.0,0.2178428302469978
exp1a_32,1,0,6,-1.0,-0.7363996791923271
exp1a_32,0,0,6,1.0,0.2178428302469978
exp1a_32,1,1,6,0.0,-0.7363996791923271
exp1a_32,0,0,6,1.0,-0.037429674856308215
exp1a_32,0,0,6,0.0,-0.037429674856308215
exp1a_32,1,1,6,-1.0,0.2178428302469978
exp1a_32,1,0,6,1.0,-0.7363996791923271
exp1a_32,0,0,6,-1.0,0.2178428302469978
exp1a_32,1,1,6,-1.0,-0.037429674856308215
exp1a_32,1,1,6,-1.0,-0.25927842447266464
exp1a_32,0,0,6,0.0,-0.7363996791923271
exp1a_32,0,0,6,-1.0,-0.25927842447266464
exp1a_32,0,0,6,0.0,-0.25927842447266464
exp1a_32,0,0,6,-1.0,-0.7363996791923271
exp1a_32,1,1,6,1.0,-0.037429674856308215
exp1a_32,1,1,6,1.0,0.2178428302469978
exp1a_32,0,0,6,-1.0,-0.037429674856308215
exp1a_32,1,1,6,1.0,0.843383917424483
exp1a_32,0,0,6,-1.0,0.843383917424483
exp1a_32,0,1,6,1.0,-0.7363996791923271
exp1a_32,1,1,6,0.0,-0.25927842447266464
exp1a_32,0,0,6,1.0,0.843383917424483
exp1a_32,1,1,6,-1.0,0.843383917424483
exp1a_32,1,1,6,0.0,-0.037429674856308215
exp1a_32,0,0,6,1.0,-0.25927842447266464
exp1a_32,1,1,6,0.0,0.843383917424483
exp1a_33,0,0,5,1.0,-0.037429674856308215
exp1a_33,0,1,6,-1.0,-0.25927842447266464
exp1a_33,0,0,6,1.0,0.2178428302469978
exp1a_33,1,1,6,1.0,0.843383917424483
exp1a_33,0,0,6,-1.0,0.843383917424483
exp1a_33,0,0,5,-1.0,-0.7363996791923271
exp1a_33,0,0,6,0.0,0.843383917424483
exp1a_33,1,1,6,1.0,0.2178428302469978
exp1a_33,1,0,5,1.0,-0.25927842447266464
exp1a_33,1,1,3,0.0,0.2178428302469978
exp1a_33,0,0,6,-1.0,-0.037429674856308215
exp1a_33,0,0,6,-1.0,0.2178428302469978
exp1a_33,1,1,6,-1.0,-0.037429674856308215
exp1a_33,1,1,6,-1.0,0.2178428302469978
exp1a_33,1,1,6,0.0,0.843383917424483
exp1a_33,0,0,6,1.0,-0.25927842447266464
exp1a_33,1,1,6,1.0,-0.037429674856308215
exp1a_33,1,0,5,0.0,-0.7363996791923271
exp1a_33,1,1,6,-1.0,0.843383917424483
exp1a_33,0,0,6,1.0,-0.7363996791923271
exp1a_33,0,0,5,0.0,-0.037429674856308215
exp1a_33,1,1,6,-1.0,-0.7363996791923271
exp1a_33,1,1,6,-1.0,-0.25927842447266464
exp1a_33,0,0,5,0.0,-0.25927842447266464
exp1a_33,1,1,5,0.0,-0.037429674856308215
exp1a_33,0,0,6,1.0,0.843383917424483
exp1a_33,1,1,6,1.0,-0.7363996791923271
exp1a_33,0,0,5,0.0,-0.7363996791923271
exp1a_33,1,1,5,0.0,-0.25927842447266464
exp1a_33,0,0,6,0.0,0.2178428302469978
exp1a_33,0,0,4,0.0,-0.25927842447266464
exp1a_33,1,1,6,1.0,-0.7363996791923271
exp1a_33,0,0,6,1.0,-0.037429674856308215
exp1a_33,1,1,6,-1.0,-0.7363996791923271
exp1a_33,1,0,6,1.0,0.2178428302469978
exp1a_33,0,0,6,1.0,0.2178428302469978
exp1a_33,0,0,6,-1.0,0.843383917424483
exp1a_33,1,1,6,1.0,-0.037429674856308215
exp1a_33,1,1,6,-1.0,-0.25927842447266464
exp1a_33,1,0,5,-1.0,-0.037429674856308215
exp1a_33,0,0,5,0.0,0.843383917424483
exp1a_33,0,0,5,0.0,-0.7363996791923271
exp1a_33,0,0,6,1.0,0.843383917424483
exp1a_33,0,1,1,1.0,-0.25927842447266464
exp1a_33,1,0,5,0.0,-0.7363996791923271
exp1a_33,1,1,4,0.0,0.2178428302469978
exp1a_33,0,0,3,1.0,-0.7363996791923271
exp1a_33,1,1,6,1.0,0.843383917424483
exp1a_33,1,1,6,-1.0,0.843383917424483
exp1a_33,1,1,6,-1.0,0.2178428302469978
exp1a_33,1,1,5,0.0,-0.037429674856308215
exp1a_33,0,0,6,-1.0,-0.037429674856308215
exp1a_33,0,1,5,-1.0,-0.7363996791923271
exp1a_33,0,0,6,-1.0,0.2178428302469978
exp1a_33,0,0,5,0.0,0.2178428302469978
exp1a_33,0,0,5,0.0,-0.037429674856308215
exp1a_33,1,1,6,0.0,-0.25927842447266464
exp1a_33,0,0,5,-1.0,-0.25927842447266464
exp1a_33,1,1,6,1.0,-0.25927842447266464
exp1a_33,1,1,5,0.0,0.843383917424483
exp1a_33,0,0,6,0.0,0.2178428302469978
exp1a_33,0,1,6,-1.0,-0.25927842447266464
exp1a_33,0,1,6,1.0,-0.25927842447266464
exp1a_33,1,1,6,0.0,-0.7363996791923271
exp1a_33,0,0,5,0.0,0.843383917424483
exp1a_33,0,0,6,-1.0,0.843383917424483
exp1a_33,0,0,6,-1.0,-0.7363996791923271
exp1a_33,1,1,6,-1.0,-0.037429674856308215
exp1a_33,0,0,6,1.0,0.843383917424483
exp1a_33,0,0,6,1.0,0.2178428302469978
exp1a_33,1,1,6,1.0,0.2178428302469978
exp1a_33,1,1,5,0.0,0.2178428302469978
exp1a_33,0,0,6,1.0,-0.037429674856308215
exp1a_33,0,0,6,-1.0,-0.037429674856308215
exp1a_33,0,0,6,1.0,-0.7363996791923271
exp1a_33,1,1,5,0.0,-0.037429674856308215
exp1a_33,1,1,6,1.0,-0.037429674856308215
exp1a_33,1,1,6,-1.0,-0.25927842447266464
exp1a_33,1,1,6,1.0,-0.25927842447266464
exp1a_33,1,0,6,1.0,-0.7363996791923271
exp1a_33,0,0,6,-1.0,0.2178428302469978
exp1a_33,1,1,5,0.0,0.843383917424483
exp1a_33,1,1,6,-1.0,0.843383917424483
exp1a_33,1,1,6,1.0,0.843383917424483
exp1a_33,1,1,6,0.0,-0.25927842447266464
exp1a_33,1,1,6,-1.0,-0.7363996791923271
exp1a_33,0,0,5,0.0,-0.037429674856308215
exp1a_33,0,1,5,0.0,-0.25927842447266464
exp1a_33,1,1,6,-1.0,0.2178428302469978
exp1a_33,0,0,5,0.0,-0.7363996791923271
exp1a_33,1,1,6,-1.0,-0.037429674856308215
exp1a_33,1,0,5,-1.0,-0.7363996791923271
exp1a_33,1,1,5,0.0,0.843383917424483
exp1a_33,0,0,2,0.0,-0.7363996791923271
exp1a_33,0,0,6,0.0,0.843383917424483
exp1a_33,1,1,6,1.0,0.843383917424483
exp1a_33,0,0,6,1.0,-0.25927842447266464
exp1a_33,1,1,5,0.0,-0.037429674856308215
exp1a_33,0,0,5,0.0,-0.037429674856308215
exp1a_33,0,0,6,1.0,-0.037429674856308215
exp1a_33,1,1,5,0.0,-0.7363996791923271
exp1a_33,1,1,6,-1.0,0.843383917424483
exp1a_33,1,1,5,0.0,-0.25927842447266464
exp1a_33,0,0,5,0.0,-0.25927842447266464
exp1a_33,1,1,6,1.0,-0.25927842447266464
exp1a_33,0,0,6,1.0,0.2178428302469978
exp1a_33,0,0,5,0.0,0.2178428302469978
exp1a_33,1,1,6,1.0,-0.7363996791923271
exp1a_33,1,1,6,1.0,0.2178428302469978
exp1a_33,0,1,6,-1.0,-0.25927842447266464
exp1a_33,1,1,6,-1.0,0.2178428302469978
exp1a_33,0,1,1,-1.0,-0.037429674856308215
exp1a_33,0,0,6,1.0,-0.7363996791923271
exp1a_33,0,0,6,-1.0,0.2178428302469978
exp1a_33,1,1,6,1.0,-0.037429674856308215
exp1a_33,0,0,6,-1.0,-0.7363996791923271
exp1a_33,0,0,6,-1.0,0.843383917424483
exp1a_33,1,1,6,-1.0,-0.25927842447266464
exp1a_33,1,1,5,0.0,0.2178428302469978
exp1a_33,0,0,5,0.0,-0.25927842447266464
exp1a_33,0,0,4,0.0,-0.037429674856308215
exp1a_33,0,0,4,0.0,0.843383917424483
exp1a_33,1,1,6,-1.0,-0.25927842447266464
exp1a_33,0,0,6,-1.0,-0.037429674856308215
exp1a_33,0,0,6,1.0,-0.25927842447266464
exp1a_33,1,1,6,1.0,0.843383917424483
exp1a_33,0,0,6,-1.0,-0.25927842447266464
exp1a_33,0,1,6,1.0,-0.037429674856308215
exp1a_33,0,0,6,0.0,0.2178428302469978
exp1a_33,1,1,6,0.0,-0.037429674856308215
exp1a_33,1,1,6,-1.0,0.843383917424483
exp1a_33,1,1,6,1.0,0.2178428302469978
exp1a_33,0,0,6,1.0,-0.7363996791923271
exp1a_33,1,1,6,-1.0,-0.7363996791923271
exp1a_33,0,0,6,-1.0,0.843383917424483
exp1a_33,1,1,6,-1.0,0.2178428302469978
exp1a_33,0,0,6,1.0,0.843383917424483
exp1a_33,1,1,6,1.0,-0.25927842447266464
exp1a_33,0,0,6,0.0,-0.7363996791923271
exp1a_33,1,1,6,-1.0,-0.037429674856308215
exp1a_33,1,1,6,0.0,0.843383917424483
exp1a_33,1,0,6,1.0,-0.7363996791923271
exp1a_33,1,1,5,0.0,-0.25927842447266464
exp1a_33,1,1,6,0.0,-0.7363996791923271
exp1a_33,1,1,6,0.0,0.2178428302469978
exp1a_33,0,0,6,1.0,0.2178428302469978
exp1a_33,0,0,6,-1.0,-0.7363996791923271
exp1a_33,0,0,6,-1.0,0.2178428302469978
exp1a_33,1,1,6,1.0,-0.037429674856308215
exp1a_33,1,1,6,-1.0,-0.037429674856308215
exp1a_33,1,1,6,0.0,0.843383917424483
exp1a_33,0,0,6,-1.0,0.2178428302469978
exp1a_33,0,0,6,1.0,-0.037429674856308215
exp1a_33,0,0,6,0.0,0.2178428302469978
exp1a_33,1,1,6,0.0,-0.25927842447266464
exp1a_33,1,1,6,-1.0,0.2178428302469978
exp1a_33,1,1,6,-1.0,0.843383917424483
exp1a_33,0,0,5,0.0,0.843383917424483
exp1a_33,1,1,5,0.0,-0.037429674856308215
exp1a_33,1,1,5,0.0,0.2178428302469978
exp1a_33,0,1,6,1.0,-0.25927842447266464
exp1a_33,1,0,2,-1.0,-0.7363996791923271
exp1a_33,0,0,6,-1.0,-0.037429674856308215
exp1a_33,1,1,6,1.0,-0.25927842447266464
exp1a_33,0,0,6,-1.0,-0.7363996791923271
exp1a_33,1,1,6,1.0,0.2178428302469978
exp1a_33,0,0,6,1.0,0.843383917424483
exp1a_33,0,0,6,-1.0,0.843383917424483
exp1a_33,1,1,6,1.0,-0.037429674856308215
exp1a_33,0,0,6,0.0,-0.037429674856308215
exp1a_33,1,1,6,0.0,-0.7363996791923271
exp1a_33,0,0,6,1.0,0.2178428302469978
exp1a_33,0,0,6,1.0,-0.7363996791923271
exp1a_33,1,0,6,-1.0,-0.25927842447266464
exp1a_33,0,0,6,0.0,-0.7363996791923271
exp1a_33,1,0,6,1.0,-0.7363996791923271
exp1a_33,0,1,6,-1.0,-0.25927842447266464
exp1a_33,0,0,6,0.0,-0.25927842447266464
exp1a_33,0,0,6,0.0,0.843383917424483
exp1a_33,1,1,6,1.0,-0.037429674856308215
exp1a_33,0,0,6,-1.0,-0.037429674856308215
exp1a_33,1,1,6,0.0,0.843383917424483
exp1a_33,1,1,6,0.0,-0.25927842447266464
exp1a_33,1,0,6,0.0,-0.7363996791923271
exp1a_33,0,0,6,1.0,-0.7363996791923271
exp1a_33,1,1,6,1.0,-0.7363996791923271
exp1a_33,0,0,6,0.0,0.2178428302469978
exp1a_33,1,1,6,-1.0,-0.25927842447266464
exp1a_33,0,0,6,1.0,0.2178428302469978
exp1a_33,0,1,6,-1.0,-0.7363996791923271
exp1a_33,0,0,6,1.0,-0.037429674856308215
exp1a_33,1,1,6,1.0,-0.25927842447266464
exp1a_33,0,1,2,0.0,-0.7363996791923271
exp1a_33,0,0,6,-1.0,0.2178428302469978
exp1a_33,0,0,6,-1.0,0.843383917424483
exp1a_33,0,1,1,0.0,-0.037429674856308215
exp1a_33,1,1,4,0.0,0.2178428302469978
exp1a_33,0,0,4,0.0,-0.25927842447266464
exp1a_33,1,1,6,-1.0,-0.7363996791923271
exp1a_33,1,1,6,-1.0,0.2178428302469978
exp1a_33,1,1,6,0.0,-0.037429674856308215
exp1a_33,0,0,6,-1.0,-0.25927842447266464
exp1a_33,0,1,6,1.0,-0.25927842447266464
exp1a_33,1,1,6,-1.0,0.843383917424483
exp1a_33,1,1,6,-1.0,-0.037429674856308215
exp1a_33,1,1,6,1.0,0.843383917424483
exp1a_33,0,0,6,-1.0,0.2178428302469978
exp1a_33,0,0,6,1.0,-0.037429674856308215
exp1a_33,1,1,5,0.0,0.2178428302469978
exp1a_33,1,1,6,-1.0,-0.25927842447266464
exp1a_33,0,0,5,1.0,-0.7363996791923271
exp1a_33,0,0,6,-1.0,-0.037429674856308215
exp1a_33,1,1,6,1.0,-0.037429674856308215
exp1a_33,1,1,5,0.0,-0.037429674856308215
exp1a_33,0,0,6,1.0,-0.25927842447266464
exp1a_33,1,1,6,-1.0,0.843383917424483
exp1a_33,1,0,6,-1.0,-0.7363996791923271
exp1a_33,1,1,6,1.0,0.843383917424483
exp1a_33,0,1,5,0.0,-0.25927842447266464
exp1a_33,1,1,6,-1.0,-0.037429674856308215
exp1a_33,1,1,6,1.0,0.2178428302469978
exp1a_33,1,1,6,1.0,-0.7363996791923271
exp1a_33,1,0,2,0.0,-0.7363996791923271
exp1a_33,1,1,6,-1.0,0.2178428302469978
exp1a_33,0,0,6,0.0,0.2178428302469978
exp1a_33,0,0,6,-1.0,0.843383917424483
exp1a_33,0,0,6,1.0,0.843383917424483
exp1a_33,0,1,5,-1.0,-0.25927842447266464
exp1a_33,0,0,6,0.0,0.843383917424483
exp1a_33,0,0,5,0.0,-0.037429674856308215
exp1a_33,0,0,5,0.0,-0.7363996791923271
exp1a_33,0,0,6,1.0,0.2178428302469978
exp1a_33,1,1,6,1.0,-0.25927842447266464
exp1a_33,0,0,6,-1.0,-0.7363996791923271
exp1a_34,0,0,6,0.0,-0.037429674856308215
exp1a_34,0,0,5,1.0,-0.037429674856308215
exp1a_34,0,0,4,0.0,-0.7363996791923271
exp1a_34,1,1,4,0.0,0.2178428302469978
exp1a_34,0,0,3,1.0,-0.25927842447266464
exp1a_34,1,0,5,0.0,-0.037429674856308215
exp1a_34,0,0,6,-1.0,-0.037429674856308215
exp1a_34,1,0,5,1.0,-0.7363996791923271
exp1a_34,0,0,6,0.0,0.843383917424483
exp1a_34,1,1,5,-1.0,-0.037429674856308215
exp1a_34,0,0,4,-1.0,-0.7363996791923271
exp1a_34,1,1,5,1.0,-0.037429674856308215
exp1a_34,1,0,6,1.0,0.843383917424483
exp1a_34,0,0,6,1.0,0.843383917424483
exp1a_34,0,0,5,0.0,0.2178428302469978
exp1a_34,0,0,4,1.0,-0.7363996791923271
exp1a_34,1,1,2,-1.0,-0.7363996791923271
exp1a_34,1,1,5,1.0,-0.25927842447266464
exp1a_34,0,0,5,0.0,-0.25927842447266464
exp1a_34,1,0,4,1.0,0.2178428302469978
exp1a_34,1,0,6,-1.0,0.843383917424483
exp1a_34,0,0,4,-1.0,0.2178428302469978
exp1a_34,1,1,5,0.0,-0.25927842447266464
exp1a_34,0,0,6,-1.0,0.843383917424483
exp1a_34,0,0,5,1.0,0.2178428302469978
exp1a_34,1,0,6,-1.0,-0.25927842447266464
exp1a_34,1,1,4,-1.0,0.2178428302469978
exp1a_34,0,0,4,-1.0,-0.25927842447266464
exp1a_34,1,1,6,0.0,-0.7363996791923271
exp1a_34,1,1,5,0.0,0.843383917424483
exp1a_34,1,1,5,1.0,-0.25927842447266464
exp1a_34,0,1,4,-1.0,-0.7363996791923271
exp1a_34,1,0,4,0.0,0.843383917424483
exp1a_34,0,0,6,1.0,-0.037429674856308215
exp1a_34,1,0,6,-1.0,-0.7363996791923271
exp1a_34,1,1,5,0.0,-0.037429674856308215
exp1a_34,1,0,6,1.0,0.2178428302469978
exp1a_34,1,1,6,1.0,-0.037429674856308215
exp1a_34,0,1,5,0.0,-0.7363996791923271
exp1a_34,0,0,6,1.0,0.2178428302469978
exp1a_34,1,0,6,1.0,0.843383917424483
exp1a_34,0,1,5,-1.0,-0.037429674856308215
exp1a_34,0,0,5,0.0,-0.25927842447266464
exp1a_34,1,1,4,-1.0,-0.037429674856308215
exp1a_34,0,0,5,1.0,-0.7363996791923271
exp1a_34,0,0,4,-1.0,-0.25927842447266464
exp1a_34,1,0,4,0.0,-0.7363996791923271
exp1a_34,1,0,6,-1.0,0.843383917424483
exp1a_34,0,0,6,0.0,0.2178428302469978
exp1a_34,1,1,5,1.0,-0.7363996791923271
exp1a_34,1,0,6,0.0,-0.25927842447266464
exp1a_34,0,0,6,-1.0,0.2178428302469978
exp1a_34,0,0,6,0.0,-0.037429674856308215
exp1a_34,0,0,6,1.0,0.843383917424483
exp1a_34,0,0,6,0.0,0.843383917424483
exp1a_34,1,1,6,-1.0,-0.25927842447266464
exp1a_34,0,1,5,1.0,-0.25927842447266464
exp1a_34,1,1,5,0.0,0.2178428302469978
exp1a_34,0,0,6,-1.0,0.843383917424483
exp1a_34,1,0,4,-1.0,0.2178428302469978
exp1a_34,0,0,6,1.0,0.2178428302469978
exp1a_34,1,1,4,-1.0,0.2178428302469978
exp1a_34,1,1,5,0.0,0.843383917424483
exp1a_34,0,1,5,-1.0,0.2178428302469978
exp1a_34,0,0,6,-1.0,-0.037429674856308215
exp1a_34,1,0,3,-1.0,-0.25927842447266464
exp1a_34,1,0,4,-1.0,-0.037429674856308215
exp1a_34,0,0,6,1.0,-0.7363996791923271
exp1a_34,0,1,5,0.0,-0.037429674856308215
exp1a_34,1,0,6,0.0,-0.25927842447266464
exp1a_34,1,1,6,1.0,-0.25927842447266464
exp1a_34,0,0,6,-1.0,0.843383917424483
exp1a_34,1,0,6,1.0,-0.7363996791923271
exp1a_34,1,0,6,-1.0,0.843383917424483
exp1a_34,1,1,6,0.0,0.2178428302469978
exp1a_34,0,0,6,1.0,-0.25927842447266464
exp1a_34,0,0,6,0.0,0.2178428302469978
exp1a_34,0,0,6,0.0,-0.7363996791923271
exp1a_34,0,0,6,0.0,0.843383917424483
exp1a_34,1,0,6,1.0,-0.037429674856308215
exp1a_34,1,1,5,0.0,-0.7363996791923271
exp1a_34,1,1,4,-1.0,-0.7363996791923271
exp1a_34,0,0,6,1.0,0.843383917424483
exp1a_34,0,0,5,0.0,-0.25927842447266464
exp1a_34,1,1,4,1.0,0.843383917424483
exp1a_34,0,0,4,-1.0,-0.7363996791923271
exp1a_34,0,0,6,-1.0,-0.25927842447266464
exp1a_34,0,0,6,1.0,-0.037429674856308215
exp1a_34,1,0,6,1.0,0.2178428302469978
exp1a_34,1,1,5,0.0,-0.037429674856308215
exp1a_34,0,0,6,1.0,0.843383917424483
exp1a_34,1,0,5,0.0,-0.037429674856308215
exp1a_34,1,0,6,0.0,0.2178428302469978
exp1a_34,0,0,5,0.0,-0.037429674856308215
exp1a_34,1,1,6,0.0,0.843383917424483
exp1a_34,1,0,3,-1.0,-0.7363996791923271
exp1a_34,0,1,5,1.0,-0.037429674856308215
exp1a_34,1,1,4,1.0,-0.7363996791923271
exp1a_34,1,1,4,0.0,-0.7363996791923271
exp1a_34,0,0,6,-1.0,0.2178428302469978
exp1a_34,0,0,6,-1.0,0.843383917424483
exp1a_34,0,0,6,-1.0,-0.7363996791923271
exp1a_34,1,1,6,1.0,-0.25927842447266464
exp1a_34,0,1,6,-1.0,-0.25927842447266464
exp1a_34,1,1,5,0.0,-0.25927842447266464
exp1a_34,0,0,4,0.0,-0.25927842447266464
exp1a_34,1,1,6,1.0,0.843383917424483
exp1a_34,1,1,6,1.0,0.2178428302469978
exp1a_34,0,0,6,0.0,0.843383917424483
exp1a_34,0,1,6,1.0,-0.25927842447266464
exp1a_34,1,0,5,-1.0,0.2178428302469978
exp1a_34,0,1,5,0.0,0.2178428302469978
exp1a_34,0,0,6,1.0,0.2178428302469978
exp1a_34,0,0,4,0.0,-0.7363996791923271
exp1a_34,0,0,6,-1.0,-0.037429674856308215
exp1a_34,1,1,5,-1.0,-0.037429674856308215
exp1a_34,1,0,6,1.0,-0.037429674856308215
exp1a_34,1,0,4,-1.0,-0.25927842447266464
exp1a_34,1,1,6,-1.0,0.843383917424483
exp1a_34,0,0,6,1.0,-0.7363996791923271
exp1a_34,1,0,5,-1.0,-0.7363996791923271
exp1a_34,1,0,6,0.0,-0.7363996791923271
exp1a_34,0,0,6,0.0,0.843383917424483
exp1a_34,0,0,5,0.0,0.2178428302469978
exp1a_34,1,0,4,1.0,-0.25927842447266464
exp1a_34,1,1,5,0.0,-0.037429674856308215
exp1a_34,1,1,6,-1.0,0.2178428302469978
exp1a_34,0,1,6,-1.0,-0.25927842447266464
exp1a_34,0,0,6,-1.0,-0.037429674856308215
exp1a_34,1,1,4,-1.0,-0.037429674856308215
exp1a_34,1,1,6,0.0,0.843383917424483
exp1a_34,0,0,6,-1.0,0.2178428302469978
exp1a_34,1,0,6,1.0,0.843383917424483
exp1a_34,0,1,4,1.0,-0.7363996791923271
exp1a_34,1,0,5,0.0,0.2178428302469978
exp1a_34,0,0,6,1.0,0.843383917424483
exp1a_34,0,0,6,1.0,-0.25927842447266464
exp1a_34,1,1,5,-1.0,-0.25927842447266464
exp1a_34,0,0,3,-1.0,-0.7363996791923271
exp1a_34,0,1,6,0.0,-0.25927842447266464
exp1a_34,1,0,6,1.0,0.2178428302469978
exp1a_34,0,1,6,0.0,-0.7363996791923271
exp1a_34,0,0,6,1.0,-0.037429674856308215
exp1a_34,1,1,5,-1.0,0.843383917424483
exp1a_34,0,0,6,0.0,-0.037429674856308215
exp1a_34,0,0,6,1.0,0.2178428302469978
exp1a_34,1,1,4,0.0,-0.25927842447266464
exp1a_34,1,1,3,1.0,-0.7363996791923271
exp1a_34,1,1,3,1.0,-0.037429674856308215
exp1a_34,0,0,6,1.0,-0.037429674856308215
exp1a_34,0,0,6,1.0,-0.7363996791923271
exp1a_34,1,1,6,-1.0,0.843383917424483
exp1a_34,1,1,4,-1.0,-0.037429674856308215
exp1a_34,1,1,4,-1.0,-0.7363996791923271
exp1a_34,0,0,6,1.0,0.2178428302469978
exp1a_34,0,0,6,-1.0,0.2178428302469978
exp1a_34,1,0,6,1.0,-0.037429674856308215
exp1a_34,1,0,4,0.0,0.843383917424483
exp1a_34,0,0,4,0.0,-0.25927842447266464
exp1a_34,1,1,4,0.0,-0.7363996791923271
exp1a_34,0,0,6,0.0,0.2178428302469978
exp1a_34,1,0,5,-1.0,-0.25927842447266464
exp1a_34,1,1,5,0.0,-0.037429674856308215
exp1a_34,0,0,6,1.0,0.843383917424483
exp1a_34,1,1,5,-1.0,0.2178428302469978
exp1a_34,0,1,4,0.0,-0.037429674856308215
exp1a_34,1,1,4,1.0,0.2178428302469978
exp1a_34,1,0,5,1.0,-0.25927842447266464
exp1a_34,0,0,5,0.0,-0.7363996791923271
exp1a_34,0,0,4,-1.0,-0.037429674856308215
exp1a_34,1,0,5,1.0,-0.7363996791923271
exp1a_34,0,1,4,-1.0,-0.7363996791923271
exp1a_34,0,0,6,-1.0,0.843383917424483
exp1a_34,1,0,4,0.0,0.2178428302469978
exp1a_34,1,0,6,1.0,0.843383917424483
exp1a_34,0,1,6,-1.0,-0.25927842447266464
exp1a_34,0,1,4,1.0,-0.25927842447266464
exp1a_34,1,0,4,0.0,-0.25927842447266464
exp1a_34,0,0,6,0.0,-0.037429674856308215
exp1a_34,1,0,6,0.0,-0.037429674856308215
exp1a_34,1,1,5,1.0,0.2178428302469978
exp1a_34,1,0,4,-1.0,-0.037429674856308215
exp1a_34,0,0,5,1.0,-0.037429674856308215
exp1a_34,0,1,6,1.0,-0.25927842447266464
exp1a_34,1,1,5,1.0,-0.037429674856308215
exp1a_34,1,0,6,0.0,0.2178428302469978
exp1a_34,0,0,6,-1.0,0.843383917424483
exp1a_34,0,0,6,1.0,0.2178428302469978
exp1a_34,0,1,6,-1.0,-0.25927842447266464
exp1a_34,1,1,6,1.0,-0.25927842447266464
exp1a_34,0,0,6,-1.0,0.2178428302469978
exp1a_34,0,0,3,0.0,-0.7363996791923271
exp1a_34,0,1,4,1.0,-0.7363996791923271
exp1a_34,1,0,6,1.0,0.843383917424483
exp1a_34,1,0,4,-1.0,0.2178428302469978
exp1a_34,1,0,6,1.0,-0.7363996791923271
exp1a_34,0,0,5,0.0,0.2178428302469978
exp1a_34,1,1,4,-1.0,-0.25927842447266464
exp1a_34,1,1,6,-1.0,0.843383917424483
exp1a_34,1,1,6,0.0,-0.25927842447266464
exp1a_34,1,1,6,-1.0,-0.7363996791923271
exp1a_34,0,0,6,1.0,0.843383917424483
exp1a_34,0,0,6,0.0,0.843383917424483
exp1a_34,1,1,6,0.0,-0.7363996791923271
exp1a_34,0,1,6,-1.0,-0.037429674856308215
exp1a_34,0,1,6,-1.0,-0.7363996791923271
exp1a_34,0,0,5,0.0,-0.25927842447266464
exp1a_34,1,1,4,0.0,-0.7363996791923271
exp1a_34,0,0,6,0.0,0.2178428302469978
exp1a_34,1,1,6,1.0,0.843383917424483
exp1a_34,1,1,6,0.0,0.843383917424483
exp1a_34,0,0,6,0.0,-0.037429674856308215
exp1a_34,0,1,6,-1.0,-0.25927842447266464
exp1a_34,1,1,5,-1.0,-0.037429674856308215
exp1a_34,0,0,6,1.0,-0.037429674856308215
exp1a_34,1,1,6,1.0,0.2178428302469978
exp1a_34,0,0,6,1.0,-0.25927842447266464
exp1a_34,0,1,4,-1.0,-0.7363996791923271
exp1a_34,1,1,6,-1.0,0.843383917424483
exp1a_34,0,0,6,1.0,0.843383917424483
exp1a_34,1,1,6,1.0,-0.037429674856308215
exp1a_34,1,0,6,-1.0,-0.25927842447266464
exp1a_34,0,0,6,0.0,0.843383917424483
exp1a_34,0,1,6,0.0,-0.7363996791923271
exp1a_34,1,0,4,0.0,0.2178428302469978
exp1a_34,1,0,4,1.0,-0.7363996791923271
exp1a_34,0,0,5,1.0,-0.7363996791923271
exp1a_34,1,1,6,-1.0,0.2178428302469978
exp1a_34,1,1,5,1.0,-0.25927842447266464
exp1a_34,1,1,4,0.0,-0.25927842447266464
exp1a_34,0,0,6,-1.0,-0.037429674856308215
exp1a_34,0,1,5,-1.0,0.2178428302469978
exp1a_34,1,1,4,0.0,-0.037429674856308215
exp1a_34,0,1,4,0.0,-0.25927842447266464
exp1a_34,1,1,5,-1.0,-0.7363996791923271
exp1a_34,0,0,6,-1.0,0.843383917424483
exp1a_34,0,0,5,1.0,0.2178428302469978
exp1a_35,1,1,3,1.0,-0.25927842447266464
exp1a_35,0,0,6,0.0,-0.25927842447266464
exp1a_35,1,1,6,0.0,0.2178428302469978
exp1a_35,0,0,6,-1.0,0.843383917424483
exp1a_35,0,0,6,-1.0,-0.037429674856308215
exp1a_35,0,1,6,1.0,-0.7363996791923271
exp1a_35,0,0,6,0.0,-0.7363996791923271
exp1a_35,1,0,3,-1.0,-0.7363996791923271
exp1a_35,1,0,6,0.0,-0.25927842447266464
exp1a_35,1,0,6,1.0,-0.037429674856308215
exp1a_35,1,1,6,1.0,0.2178428302469978
exp1a_35,0,0,6,-1.0,-0.25927842447266464
exp1a_35,1,1,6,-1.0,0.843383917424483
exp1a_35,0,0,6,1.0,-0.037429674856308215
exp1a_35,1,1,6,-1.0,-0.037429674856308215
exp1a_35,1,0,6,1.0,-0.7363996791923271
exp1a_35,0,0,6,0.0,0.843383917424483
exp1a_35,0,0,6,1.0,0.2178428302469978
exp1a_35,0,0,6,-1.0,-0.7363996791923271
exp1a_35,1,1,6,0.0,-0.7363996791923271
exp1a_35,0,1,1,-1.0,0.2178428302469978
exp1a_35,0,0,6,1.0,0.843383917424483
exp1a_35,1,1,6,0.0,0.843383917424483
exp1a_35,1,1,6,1.0,0.843383917424483
exp1a_35,1,1,6,-1.0,0.2178428302469978
exp1a_35,0,1,6,1.0,-0.25927842447266464
exp1a_35,0,0,6,0.0,0.2178428302469978
exp1a_35,0,0,6,0.0,-0.037429674856308215
exp1a_35,1,1,6,0.0,-0.037429674856308215
exp1a_35,1,0,5,-1.0,-0.25927842447266464
exp1a_35,1,1,6,0.0,-0.037429674856308215
exp1a_35,0,0,2,-1.0,-0.7363996791923271
exp1a_35,1,1,6,1.0,0.2178428302469978
exp1a_35,0,0,6,0.0,0.2178428302469978
exp1a_35,0,0,6,1.0,-0.25927842447266464
exp1a_35,1,1,6,1.0,-0.037429674856308215
exp1a_35,1,1,5,-1.0,-0.7363996791923271
exp1a_35,1,1,6,-1.0,0.2178428302469978
exp1a_35,0,0,2,-1.0,-0.25927842447266464
exp1a_35,0,0,6,1.0,0.2178428302469978
exp1a_35,0,0,6,-1.0,0.843383917424483
exp1a_35,0,1,6,0.0,-0.25927842447266464
exp1a_35,0,0,6,0.0,0.843383917424483
exp1a_35,0,1,6,1.0,-0.7363996791923271
exp1a_35,0,0,6,-1.0,0.2178428302469978
exp1a_35,0,0,6,0.0,-0.037429674856308215
exp1a_35,1,0,6,1.0,-0.7363996791923271
exp1a_35,1,1,6,-1.0,-0.037429674856308215
exp1a_35,0,0,5,-1.0,-0.037429674856308215
exp1a_35,0,1,6,0.0,-0.7363996791923271
exp1a_35,1,1,6,0.0,0.843383917424483
exp1a_35,1,1,6,1.0,0.843383917424483
exp1a_35,1,1,6,1.0,-0.25927842447266464
exp1a_35,1,1,6,-1.0,-0.25927842447266464
exp1a_35,0,0,6,1.0,0.843383917424483
exp1a_35,1,1,6,0.0,-0.7363996791923271
exp1a_35,1,1,6,0.0,0.2178428302469978
exp1a_35,0,0,6,1.0,-0.037429674856308215
exp1a_35,1,1,6,-1.0,0.843383917424483
exp1a_35,1,1,6,0.0,0.2178428302469978
exp1a_35,1,1,6,1.0,-0.037429674856308215
exp1a_35,0,1,6,1.0,-0.7363996791923271
exp1a_35,0,0,3,-1.0,-0.7363996791923271
exp1a_35,0,1,6,1.0,-0.25927842447266464
exp1a_35,1,1,3,-1.0,-0.037429674856308215
exp1a_35,0,0,6,0.0,0.2178428302469978
exp1a_35,0,0,3,-1.0,-0.25927842447266464
exp1a_35,0,0,6,0.0,-0.25927842447266464
exp1a_35,0,0,6,-1.0,0.843383917424483
exp1a_35,1,1,6,0.0,-0.25927842447266464
exp1a_35,1,1,6,-1.0,0.2178428302469978
exp1a_35,1,1,6,-1.0,0.843383917424483
exp1a_35,1,1,6,0.0,0.843383917424483
exp1a_35,1,1,6,-1.0,-0.25927842447266464
exp1a_35,0,0,6,0.0,-0.037429674856308215
exp1a_35,0,0,6,-1.0,-0.037429674856308215
exp1a_35,1,1,6,0.0,-0.7363996791923271
exp1a_35,1,1,6,0.0,-0.037429674856308215
exp1a_35,1,1,6,1.0,-0.7363996791923271
exp1a_35,1,1,6,1.0,0.2178428302469978
exp1a_35,0,0,6,0.0,0.843383917424483
exp1a_35,1,0,3,-1.0,-0.7363996791923271
exp1a_35,0,1,6,0.0,-0.7363996791923271
exp1a_35,0,0,6,-1.0,0.2178428302469978
exp1a_35,0,0,6,1.0,0.2178428302469978
exp1a_35,1,1,6,1.0,0.843383917424483
exp1a_35,0,0,6,-1.0,-0.037429674856308215
exp1a_35,1,1,6,-1.0,0.843383917424483
exp1a_35,1,1,6,0.0,0.843383917424483
exp1a_35,0,0,6,1.0,0.843383917424483
exp1a_35,1,1,6,0.0,-0.25927842447266464
exp1a_35,1,1,6,1.0,-0.037429674856308215
exp1a_35,1,1,6,0.0,-0.037429674856308215
exp1a_35,0,0,6,0.0,-0.25927842447266464
exp1a_35,0,0,6,1.0,-0.25927842447266464
exp1a_35,0,0,6,-1.0,0.843383917424483
exp1a_35,0,0,6,-1.0,-0.25927842447266464
exp1a_35,0,0,6,0.0,-0.7363996791923271
exp1a_35,0,0,6,0.0,0.843383917424483
exp1a_35,0,1,6,1.0,0.2178428302469978
exp1a_35,0,1,1,-1.0,0.2178428302469978
exp1a_35,1,1,3,-1.0,-0.7363996791923271
exp1a_35,1,0,3,-1.0,-0.037429674856308215
exp1a_35,1,1,6,-1.0,0.2178428302469978
exp1a_35,0,0,6,1.0,-0.037429674856308215
exp1a_35,1,1,6,0.0,-0.7363996791923271
exp1a_35,0,0,6,0.0,0.2178428302469978
exp1a_35,0,0,6,1.0,-0.7363996791923271
exp1a_35,1,1,6,-1.0,-0.25927842447266464
exp1a_35,0,0,6,0.0,-0.037429674856308215
exp1a_35,0,1,3,-1.0,-0.7363996791923271
exp1a_35,1,1,6,0.0,0.2178428302469978
exp1a_35,1,1,6,1.0,-0.25927842447266464
exp1a_35,1,1,6,1.0,-0.7363996791923271
exp1a_35,1,1,6,1.0,0.843383917424483
exp1a_35,1,1,6,1.0,0.2178428302469978
exp1a_35,1,1,3,-1.0,-0.7363996791923271
exp1a_35,0,0,3,-1.0,-0.25927842447266464
exp1a_35,1,1,6,-1.0,0.2178428302469978
exp1a_35,0,0,6,1.0,-0.037429674856308215
exp1a_35,1,1,6,0.0,0.843383917424483
exp1a_35,1,1,6,0.0,0.2178428302469978
exp1a_35,0,0,6,-1.0,0.843383917424483
exp1a_35,0,0,6,-1.0,-0.7363996791923271
exp1a_35,0,0,6,1.0,-0.7363996791923271
exp1a_35,1,1,6,0.0,-0.7363996791923271
exp1a_35,1,1,6,1.0,0.2178428302469978
exp1a_35,0,0,6,0.0,0.2178428302469978
exp1a_35,0,0,6,0.0,-0.25927842447266464
exp1a_35,0,0,6,-1.0,-0.037429674856308215
exp1a_35,0,1,3,0.0,-0.7363996791923271
exp1a_35,0,0,6,0.0,0.843383917424483
exp1a_35,1,1,6,1.0,0.843383917424483
exp1a_35,0,1,6,1.0,-0.25927842447266464
exp1a_35,1,1,6,-1.0,0.843383917424483
exp1a_35,1,1,3,1.0,-0.7363996791923271
exp1a_35,1,1,4,0.0,-0.25927842447266464
exp1a_35,1,1,6,0.0,-0.037429674856308215
exp1a_35,1,1,6,1.0,-0.25927842447266464
exp1a_35,0,0,6,1.0,0.2178428302469978
exp1a_35,0,1,6,0.0,-0.037429674856308215
exp1a_35,1,1,6,1.0,-0.037429674856308215
exp1a_35,0,0,6,1.0,0.843383917424483
exp1a_35,1,1,6,-1.0,-0.25927842447266464
exp1a_35,1,1,6,-1.0,-0.037429674856308215
exp1a_35,1,1,5,1.0,-0.7363996791923271
exp1a_35,1,1,5,-1.0,-0.25927842447266464
exp1a_35,1,1,6,0.0,-0.25927842447266464
exp1a_35,0,0,6,-1.0,0.843383917424483
exp1a_35,0,0,6,1.0,-0.037429674856308215
exp1a_35,1,1,6,0.0,-0.037429674856308215
exp1a_35,0,1,6,0.0,-0.7363996791923271
exp1a_35,0,0,6,-1.0,-0.25927842447266464
exp1a_35,0,0,6,1.0,0.2178428302469978
exp1a_35,0,0,6,0.0,0.843383917424483
exp1a_35,1,1,6,1.0,0.2178428302469978
exp1a_35,1,1,6,0.0,0.843383917424483
exp1a_35,0,1,6,1.0,-0.7363996791923271
exp1a_35,0,1,6,-1.0,-0.7363996791923271
exp1a_35,0,0,6,0.0,0.2178428302469978
exp1a_35,1,1,6,1.0,0.843383917424483
exp1a_35,1,0,6,1.0,-0.25927842447266464
exp1a_35,1,1,6,-1.0,-0.037429674856308215
exp1a_35,0,1,3,-1.0,-0.037429674856308215
exp1a_35,1,1,6,0.0,0.2178428302469978
exp1a_35,1,1,3,-1.0,-0.7363996791923271
exp1a_35,1,1,6,0.0,-0.7363996791923271
exp1a_35,0,0,6,0.0,-0.037429674856308215
exp1a_35,0,0,6,0.0,-0.25927842447266464
exp1a_35,0,0,6,1.0,-0.037429674856308215
exp1a_35,1,1,6,-1.0,-0.037429674856308215
exp1a_35,1,1,6,0.0,-0.7363996791923271
exp1a_35,0,0,6,0.0,0.2178428302469978
exp1a_35,0,0,6,1.0,0.843383917424483
exp1a_35,1,1,6,-1.0,0.843383917424483
exp1a_35,0,1,2,-1.0,-0.037429674856308215
exp1a_35,1,1,6,-1.0,0.2178428302469978
exp1a_35,0,0,6,0.0,-0.25927842447266464
exp1a_35,1,1,6,1.0,-0.7363996791923271
exp1a_35,1,1,6,1.0,0.2178428302469978
exp1a_35,1,1,6,1.0,-0.25927842447266464
exp1a_35,1,1,6,0.0,0.843383917424483
exp1a_35,1,1,6,0.0,0.2178428302469978
exp1a_35,0,1,6,-1.0,-0.25927842447266464
exp1a_35,1,1,6,1.0,0.843383917424483
exp1a_35,0,0,6,1.0,0.2178428302469978
exp1a_35,0,0,6,-1.0,0.2178428302469978
exp1a_35,0,1,6,1.0,-0.25927842447266464
exp1a_35,0,1,6,1.0,-0.7363996791923271
exp1a_35,1,1,6,0.0,-0.037429674856308215
exp1a_35,1,0,3,0.0,-0.25927842447266464
exp1a_35,0,1,3,-1.0,-0.7363996791923271
exp1a_35,1,1,6,-1.0,-0.7363996791923271
exp1a_35,1,1,3,-1.0,-0.25927842447266464
exp1a_35,0,0,6,0.0,0.843383917424483
exp1a_35,1,1,6,1.0,-0.037429674856308215
exp1a_35,0,1,6,0.0,-0.7363996791923271
exp1a_35,1,1,6,1.0,-0.25927842447266464
exp1a_35,1,1,6,-1.0,0.843383917424483
exp1a_35,0,0,6,-1.0,0.843383917424483
exp1a_35,1,1,6,0.0,-0.7363996791923271
exp1a_35,0,0,6,1.0,0.2178428302469978
exp1a_35,0,1,3,-1.0,-0.25927842447266464
exp1a_35,1,1,6,1.0,0.2178428302469978
exp1a_35,1,1,6,-1.0,-0.037429674856308215
exp1a_35,0,0,6,1.0,0.843383917424483
exp1a_35,0,1,6,1.0,-0.7363996791923271
exp1a_35,0,1,6,-1.0,-0.7363996791923271
exp1a_35,1,1,6,-1.0,0.2178428302469978
exp1a_35,1,1,6,1.0,-0.037429674856308215
exp1a_35,1,1,6,1.0,-0.7363996791923271
exp1a_35,1,1,6,1.0,0.843383917424483
exp1a_35,1,1,6,0.0,-0.037429674856308215
exp1a_35,1,1,6,-1.0,-0.25927842447266464
exp1a_35,1,1,6,-1.0,-0.7363996791923271
exp1a_35,1,1,6,0.0,0.2178428302469978
exp1a_35,0,0,6,0.0,-0.25927842447266464
exp1a_37,1,1,5,0.0,0.843383917424483
exp1a_37,0,0,4,0.0,-0.7363996791923271
exp1a_37,0,0,4,-1.0,-0.7363996791923271
exp1a_37,0,1,4,1.0,-0.037429674856308215
exp1a_37,0,0,5,-1.0,0.843383917424483
exp1a_37,1,1,5,1.0,0.843383917424483
exp1a_37,1,0,3,1.0,0.2178428302469978
exp1a_37,0,1,3,-1.0,-0.037429674856308215
exp1a_37,0,1,4,-1.0,-0.25927842447266464
exp1a_37,0,0,4,1.0,0.2178428302469978
exp1a_37,1,0,5,0.0,-0.7363996791923271
exp1a_37,1,0,4,1.0,-0.037429674856308215
exp1a_37,0,1,3,1.0,-0.7363996791923271
exp1a_37,0,0,4,0.0,0.2178428302469978
exp1a_37,0,0,5,0.0,0.843383917424483
exp1a_37,0,0,5,1.0,0.843383917424483
exp1a_37,1,0,4,1.0,-0.25927842447266464
exp1a_37,1,0,4,-1.0,0.2178428302469978
exp1a_37,1,1,5,-1.0,0.843383917424483
exp1a_37,1,0,4,0.0,-0.25927842447266464
exp1a_37,0,0,5,-1.0,0.2178428302469978
exp1a_37,1,0,4,-1.0,-0.037429674856308215
exp1a_37,1,1,4,-1.0,-0.25927842447266464
exp1a_37,0,0,4,1.0,-0.25927842447266464
exp1a_37,1,0,4,0.0,0.2178428302469978
exp1a_37,1,1,4,-1.0,-0.7363996791923271
exp1a_37,1,0,4,1.0,-0.7363996791923271
exp1a_37,0,1,4,0.0,-0.037429674856308215
exp1a_37,0,0,4,0.0,-0.25927842447266464
exp1a_37,1,0,4,0.0,-0.7363996791923271
exp1a_37,0,0,4,1.0,-0.037429674856308215
exp1a_37,1,0,4,0.0,-0.037429674856308215
exp1a_37,0,0,5,1.0,0.2178428302469978
exp1a_37,1,1,3,-1.0,-0.7363996791923271
exp1a_37,1,0,4,0.0,-0.25927842447266464
exp1a_37,1,1,6,1.0,0.843383917424483
exp1a_37,0,0,4,1.0,-0.7363996791923271
exp1a_37,0,0,6,1.0,0.843383917424483
exp1a_37,0,0,4,-1.0,0.2178428302469978
exp1a_37,1,1,4,1.0,-0.037429674856308215
exp1a_37,1,0,4,-1.0,0.2178428302469978
exp1a_37,0,1,5,-1.0,-0.25927842447266464
exp1a_37,1,1,4,1.0,-0.25927842447266464
exp1a_37,1,1,6,0.0,0.843383917424483
exp1a_37,0,0,4,-1.0,-0.7363996791923271
exp1a_37,0,0,4,0.0,-0.7363996791923271
exp1a_37,0,0,4,0.0,-0.037429674856308215
exp1a_37,0,0,4,-1.0,-0.037429674856308215
exp1a_37,1,1,5,1.0,0.2178428302469978
exp1a_37,0,0,6,-1.0,0.843383917424483
exp1a_37,0,0,4,0.0,-0.25927842447266464
exp1a_37,1,1,5,0.0,0.2178428302469978
exp1a_37,1,0,4,-1.0,-0.037429674856308215
exp1a_37,0,0,6,0.0,0.843383917424483
exp1a_37,0,0,5,0.0,0.2178428302469978
exp1a_37,1,1,6,-1.0,0.843383917424483
exp1a_37,1,1,4,-1.0,-0.25927842447266464
exp1a_37,0,1,4,-1.0,-0.037429674856308215
exp1a_37,1,1,6,-1.0,0.843383917424483
exp1a_37,0,0,6,1.0,0.843383917424483
exp1a_37,1,0,4,-1.0,-0.25927842447266464
exp1a_37,1,0,4,0.0,-0.7363996791923271
exp1a_37,0,0,4,1.0,-0.25927842447266464
exp1a_37,1,1,4,1.0,-0.037429674856308215
exp1a_37,0,0,4,0.0,0.2178428302469978
exp1a_37,0,0,4,1.0,-0.7363996791923271
exp1a_37,0,1,4,-1.0,-0.25927842447266464
exp1a_37,0,1,4,0.0,-0.037429674856308215
exp1a_37,1,1,4,0.0,0.2178428302469978
exp1a_37,1,1,4,1.0,-0.25927842447266464
exp1a_37,1,1,6,0.0,0.843383917424483
exp1a_37,0,0,5,0.0,-0.7363996791923271
exp1a_37,0,0,5,1.0,0.2178428302469978
exp1a_37,1,0,5,-1.0,0.2178428302469978
exp1a_37,0,0,5,0.0,0.843383917424483
exp1a_37,1,0,4,1.0,-0.7363996791923271
exp1a_37,1,1,4,0.0,-0.037429674856308215
exp1a_37,0,0,6,-1.0,0.843383917424483
exp1a_37,1,0,4,0.0,-0.25927842447266464
exp1a_37,0,0,4,1.0,-0.037429674856308215
exp1a_37,0,0,4,0.0,-0.25927842447266464
exp1a_37,1,1,4,-1.0,-0.7363996791923271
exp1a_37,0,1,4,-1.0,-0.7363996791923271
exp1a_37,1,1,6,1.0,0.843383917424483
exp1a_37,1,1,5,1.0,0.2178428302469978
exp1a_37,1,1,4,-1.0,-0.037429674856308215
exp1a_37,0,0,4,-1.0,0.2178428302469978
exp1a_37,1,1,5,1.0,0.2178428302469978
exp1a_37,1,1,6,0.0,0.843383917424483
exp1a_37,1,0,4,1.0,-0.7363996791923271
exp1a_37,1,0,4,0.0,0.2178428302469978
exp1a_37,1,0,4,1.0,-0.037429674856308215
exp1a_37,0,0,4,0.0,-0.7363996791923271
exp1a_37,0,0,4,0.0,-0.037429674856308215
exp1a_37,0,0,4,-1.0,-0.037429674856308215
exp1a_37,0,1,4,1.0,0.2178428302469978
exp1a_37,1,0,4,1.0,-0.25927842447266464
exp1a_37,0,1,4,-1.0,-0.7363996791923271
exp1a_37,0,0,5,0.0,0.2178428302469978
exp1a_37,0,0,4,1.0,-0.037429674856308215
exp1a_37,0,1,4,-1.0,0.2178428302469978
exp1a_37,1,1,4,-1.0,-0.7363996791923271
exp1a_37,0,1,4,0.0,-0.25927842447266464
exp1a_37,0,1,4,-1.0,-0.25927842447266464
exp1a_37,1,1,4,-1.0,-0.25927842447266464
exp1a_37,0,0,6,-1.0,0.843383917424483
exp1a_37,1,1,6,-1.0,0.843383917424483
exp1a_37,1,0,4,0.0,-0.7363996791923271
exp1a_37,0,0,6,1.0,0.843383917424483
exp1a_37,1,1,6,1.0,0.843383917424483
exp1a_37,0,0,4,1.0,-0.7363996791923271
exp1a_37,1,0,4,-1.0,0.2178428302469978
exp1a_37,0,0,6,0.0,0.843383917424483
exp1a_37,1,1,5,0.0,-0.037429674856308215
exp1a_37,1,1,4,0.0,-0.25927842447266464
exp1a_37,0,1,4,1.0,-0.25927842447266464
exp1a_37,1,1,4,-1.0,-0.037429674856308215
exp1a_37,1,1,4,0.0,-0.7363996791923271
exp1a_37,1,1,5,0.0,0.2178428302469978
exp1a_37,1,0,4,-1.0,-0.7363996791923271
exp1a_37,1,1,5,-1.0,-0.25927842447266464
exp1a_37,1,1,4,0.0,-0.037429674856308215
exp1a_37,0,1,4,0.0,-0.7363996791923271
exp1a_37,0,0,4,-1.0,-0.25927842447266464
exp1a_37,0,0,6,0.0,0.843383917424483
exp1a_37,0,0,4,0.0,0.2178428302469978
exp1a_37,1,0,4,1.0,0.2178428302469978
exp1a_37,1,1,4,-1.0,0.2178428302469978
exp1a_37,1,1,6,1.0,0.843383917424483
exp1a_37,0,1,5,0.0,-0.037429674856308215
exp1a_37,0,0,6,-1.0,0.843383917424483
exp1a_37,1,1,6,0.0,-0.25927842447266464
exp1a_37,1,1,6,0.0,0.843383917424483
exp1a_37,0,0,6,1.0,0.843383917424483
exp1a_37,0,1,4,1.0,-0.037429674856308215
exp1a_37,0,0,4,-1.0,0.2178428302469978
exp1a_37,0,0,4,0.0,-0.25927842447266464
exp1a_37,0,0,4,1.0,-0.25927842447266464
exp1a_37,1,0,4,-1.0,-0.037429674856308215
exp1a_37,0,0,4,-1.0,-0.037429674856308215
exp1a_37,0,0,4,1.0,0.2178428302469978
exp1a_37,1,1,4,1.0,-0.7363996791923271
exp1a_37,0,1,4,-1.0,-0.7363996791923271
exp1a_37,1,1,4,1.0,-0.25927842447266464
exp1a_37,0,1,4,1.0,-0.7363996791923271
exp1a_37,1,0,4,1.0,-0.037429674856308215
exp1a_37,1,1,5,1.0,-0.25927842447266464
exp1a_37,1,1,4,-1.0,-0.7363996791923271
exp1a_37,0,1,4,0.0,0.2178428302469978
exp1a_37,0,1,4,1.0,-0.7363996791923271
exp1a_37,1,1,4,0.0,-0.25927842447266464
exp1a_37,0,1,4,-1.0,-0.037429674856308215
exp1a_37,1,1,4,-1.0,-0.037429674856308215
exp1a_37,1,1,4,-1.0,-0.25927842447266464
exp1a_37,0,0,6,1.0,0.843383917424483
exp1a_37,1,1,6,-1.0,0.843383917424483
exp1a_37,0,1,4,0.0,-0.25927842447266464
exp1a_37,1,1,4,0.0,0.2178428302469978
exp1a_37,1,1,6,0.0,0.843383917424483
exp1a_37,0,1,4,-1.0,-0.25927842447266464
exp1a_37,1,1,5,0.0,-0.037429674856308215
exp1a_37,0,1,4,0.0,-0.7363996791923271
exp1a_37,1,1,4,0.0,-0.7363996791923271
exp1a_37,0,1,4,-1.0,-0.7363996791923271
exp1a_37,0,0,4,0.0,-0.037429674856308215
exp1a_37,0,0,4,1.0,0.2178428302469978
exp1a_37,1,1,6,1.0,0.843383917424483
exp1a_37,1,1,4,1.0,-0.7363996791923271
exp1a_37,1,1,4,-1.0,0.2178428302469978
exp1a_37,0,1,4,1.0,-0.037429674856308215
exp1a_37,0,0,6,-1.0,0.843383917424483
exp1a_37,0,0,5,-1.0,0.2178428302469978
exp1a_37,1,1,4,1.0,0.2178428302469978
exp1a_37,0,0,4,1.0,-0.25927842447266464
exp1a_37,1,0,4,1.0,-0.037429674856308215
exp1a_37,0,0,4,0.0,-0.7363996791923271
exp1a_37,1,0,4,-1.0,0.2178428302469978
exp1a_37,0,0,6,0.0,0.843383917424483
exp1a_37,1,0,4,0.0,0.2178428302469978
exp1a_37,0,0,4,1.0,-0.037429674856308215
exp1a_37,0,1,4,0.0,0.2178428302469978
exp1a_37,0,0,4,1.0,-0.7363996791923271
exp1a_37,1,0,4,0.0,-0.25927842447266464
exp1a_37,0,1,4,1.0,-0.25927842447266464
exp1a_37,1,1,6,0.0,0.843383917424483
exp1a_37,0,1,4,-1.0,-0.7363996791923271
exp1a_37,1,0,4,1.0,-0.25927842447266464
exp1a_37,0,0,4,-1.0,-0.25927842447266464
exp1a_37,0,0,6,1.0,0.843383917424483
exp1a_37,0,0,4,-1.0,0.2178428302469978
exp1a_37,1,1,4,1.0,0.2178428302469978
exp1a_37,1,0,4,-1.0,-0.7363996791923271
exp1a_37,0,0,6,-1.0,0.843383917424483
exp1a_37,1,0,4,0.0,-0.037429674856308215
exp1a_37,1,0,4,1.0,-0.7363996791923271
exp1a_37,1,0,4,0.0,-0.7363996791923271
exp1a_37,1,1,4,-1.0,-0.037429674856308215
exp1a_37,1,1,6,-1.0,0.843383917424483
exp1a_37,0,0,4,0.0,-0.037429674856308215
exp1a_37,0,0,4,1.0,0.2178428302469978
exp1a_37,0,1,4,0.0,-0.25927842447266464
exp1a_37,1,1,6,1.0,0.843383917424483
exp1a_37,1,1,4,1.0,-0.037429674856308215
exp1a_37,0,0,4,-1.0,-0.037429674856308215
exp1a_37,1,1,4,-1.0,-0.25927842447266464
exp1a_37,1,1,6,-1.0,0.2178428302469978
exp1a_37,0,1,4,1.0,-0.25927842447266464
exp1a_37,0,0,6,-1.0,0.843383917424483
exp1a_37,1,1,5,0.0,0.2178428302469978
exp1a_37,1,1,6,-1.0,0.843383917424483
exp1a_37,1,1,5,0.0,-0.7363996791923271
exp1a_37,0,0,4,1.0,0.2178428302469978
exp1a_37,1,0,4,1.0,-0.25927842447266464
exp1a_37,0,0,4,0.0,0.2178428302469978
exp1a_37,0,0,4,0.0,-0.037429674856308215
exp1a_37,1,1,5,0.0,-0.25927842447266464
exp1a_37,1,1,6,0.0,0.843383917424483
exp1a_37,0,1,4,0.0,-0.25927842447266464
exp1a_37,0,1,4,1.0,-0.037429674856308215
exp1a_37,1,0,4,0.0,-0.037429674856308215
exp1a_37,0,1,4,0.0,-0.7363996791923271
exp1a_37,1,1,4,-1.0,-0.25927842447266464
exp1a_37,0,0,4,-1.0,-0.7363996791923271
exp1a_37,0,0,5,-1.0,0.2178428302469978
exp1a_37,0,0,6,1.0,0.843383917424483
exp1a_37,1,1,6,1.0,0.2178428302469978
exp1a_37,0,0,4,-1.0,-0.25927842447266464
exp1a_37,1,0,4,-1.0,-0.7363996791923271
exp1a_37,0,1,4,1.0,-0.7363996791923271
exp1a_37,1,1,4,1.0,-0.7363996791923271
exp1a_37,1,1,4,-1.0,-0.037429674856308215
exp1a_37,1,1,6,1.0,0.843383917424483
exp1a_37,0,0,4,-1.0,-0.037429674856308215
exp1a_37,1,1,4,1.0,-0.037429674856308215
exp1a_38,0,0,5,-1.0,0.843383917424483
exp1a_38,1,1,2,-1.0,-0.25927842447266464
exp1a_38,0,1,5,1.0,-0.25927842447266464
exp1a_38,0,1,5,1.0,-0.7363996791923271
exp1a_38,1,1,4,0.0,-0.25927842447266464
exp1a_38,1,1,3,-1.0,0.2178428302469978
exp1a_38,1,0,4,1.0,-0.25927842447266464
exp1a_38,0,1,6,1.0,0.2178428302469978
exp1a_38,0,1,4,0.0,-0.25927842447266464
exp1a_38,1,1,4,-1.0,-0.037429674856308215
exp1a_38,0,1,5,1.0,0.843383917424483
exp1a_38,0,1,2,0.0,-0.037429674856308215
exp1a_38,0,0,3,-1.0,-0.25927842447266464
exp1a_38,1,1,5,-1.0,-0.7363996791923271
exp1a_38,0,1,5,-1.0,-0.7363996791923271
exp1a_38,1,0,5,1.0,0.843383917424483
exp1a_38,1,1,5,-1.0,0.843383917424483
exp1a_38,1,1,5,0.0,0.843383917424483
exp1a_38,1,0,2,1.0,-0.037429674856308215
exp1a_38,0,1,5,-1.0,0.2178428302469978
exp1a_38,0,0,6,1.0,-0.037429674856308215
exp1a_38,1,1,4,1.0,0.2178428302469978
exp1a_38,0,0,5,0.0,-0.7363996791923271
exp1a_38,1,1,3,0.0,-0.7363996791923271
exp1a_38,0,0,4,0.0,0.843383917424483
exp1a_38,1,0,4,0.0,-0.037429674856308215
exp1a_38,0,1,3,0.0,0.2178428302469978
exp1a_38,1,1,5,1.0,-0.7363996791923271
exp1a_38,1,0,3,0.0,0.2178428302469978
exp1a_38,0,1,3,-1.0,-0.037429674856308215
exp1a_38,1,1,3,-1.0,0.2178428302469978
exp1a_38,1,0,5,-1.0,-0.037429674856308215
exp1a_38,1,1,6,-1.0,0.843383917424483
exp1a_38,0,1,3,0.0,-0.25927842447266464
exp1a_38,0,1,4,-1.0,-0.25927842447266464
exp1a_38,0,0,3,0.0,0.843383917424483
exp1a_38,1,1,4,0.0,0.2178428302469978
exp1a_38,1,1,6,1.0,-0.037429674856308215
exp1a_38,1,1,3,1.0,0.2178428302469978
exp1a_38,0,0,5,1.0,-0.7363996791923271
exp1a_38,0,1,3,-1.0,-0.037429674856308215
exp1a_38,1,0,4,0.0,-0.037429674856308215
exp1a_38,0,1,5,-1.0,-0.7363996791923271
exp1a_38,0,1,3,-1.0,0.2178428302469978
exp1a_38,1,0,4,0.0,0.843383917424483
exp1a_38,0,0,4,0.0,-0.037429674856308215
exp1a_38,0,0,6,1.0,0.843383917424483
exp1a_38,1,1,6,1.0,-0.25927842447266464
exp1a_38,0,0,4,1.0,-0.037429674856308215
exp1a_38,0,1,3,0.0,0.2178428302469978
exp1a_38,0,0,2,-1.0,0.843383917424483
exp1a_38,1,0,4,0.0,-0.25927842447266464
exp1a_38,1,1,4,1.0,-0.7363996791923271
exp1a_38,1,0,4,-1.0,-0.7363996791923271
exp1a_38,1,0,3,-1.0,-0.25927842447266464
exp1a_38,1,1,5,1.0,0.843383917424483
exp1a_38,0,0,4,0.0,-0.7363996791923271
exp1a_38,0,0,5,1.0,-0.25927842447266464
exp1a_38,1,0,6,0.0,-0.7363996791923271
exp1a_38,0,0,3,1.0,0.2178428302469978
exp1a_38,0,0,4,1.0,-0.25927842447266464
exp1a_38,1,0,4,-1.0,-0.7363996791923271
exp1a_38,0,1,4,0.0,-0.7363996791923271
exp1a_38,1,0,3,-1.0,-0.25927842447266464
exp1a_38,1,1,3,-1.0,-0.037429674856308215
exp1a_38,0,1,4,-1.0,0.843383917424483
exp1a_38,1,1,4,1.0,-0.25927842447266464
exp1a_38,1,1,5,1.0,-0.037429674856308215
exp1a_38,1,1,3,-1.0,0.2178428302469978
exp1a_38,0,0,4,1.0,-0.037429674856308215
exp1a_38,0,0,5,1.0,0.843383917424483
exp1a_38,0,1,5,1.0,-0.7363996791923271
exp1a_38,1,0,4,0.0,-0.7363996791923271
exp1a_38,0,1,3,-1.0,-0.037429674856308215
exp1a_38,0,1,3,0.0,-0.25927842447266464
exp1a_38,0,0,4,-1.0,0.2178428302469978
exp1a_38,1,0,4,0.0,0.2178428302469978
exp1a_38,1,1,4,0.0,-0.037429674856308215
exp1a_38,1,0,4,0.0,0.843383917424483
exp1a_38,0,1,5,0.0,0.2178428302469978
exp1a_38,0,0,3,-1.0,-0.25927842447266464
exp1a_38,0,0,4,0.0,0.843383917424483
exp1a_38,1,1,5,1.0,0.2178428302469978
exp1a_38,1,0,3,0.0,-0.25927842447266464
exp1a_38,1,1,3,-1.0,0.843383917424483
exp1a_38,1,1,5,1.0,0.843383917424483
exp1a_38,1,0,3,1.0,-0.7363996791923271
exp1a_38,0,1,4,-1.0,-0.7363996791923271
exp1a_38,0,1,4,0.0,-0.037429674856308215
exp1a_38,0,1,3,1.0,0.2178428302469978
exp1a_38,0,0,5,1.0,0.843383917424483
exp1a_38,0,1,3,0.0,0.2178428302469978
exp1a_38,1,0,5,0.0,-0.037429674856308215
exp1a_38,0,0,3,-1.0,-0.037429674856308215
exp1a_38,0,1,4,1.0,-0.25927842447266464
exp1a_38,1,1,3,0.0,-0.7363996791923271
exp1a_38,1,1,3,-1.0,0.843383917424483
exp1a_38,1,1,4,-1.0,-0.25927842447266464
exp1a_38,0,1,5,0.0,-0.25927842447266464
exp1a_38,1,1,5,-1.0,0.2178428302469978
exp1a_38,0,0,3,0.0,-0.037429674856308215
exp1a_38,1,0,4,1.0,-0.25927842447266464
exp1a_38,0,0,5,-1.0,0.843383917424483
exp1a_38,1,1,5,0.0,0.843383917424483
exp1a_38,1,1,4,1.0,-0.7363996791923271
exp1a_38,0,1,4,-1.0,0.2178428302469978
exp1a_38,0,0,4,1.0,0.2178428302469978
exp1a_38,1,0,4,0.0,0.2178428302469978
exp1a_38,0,0,5,1.0,-0.037429674856308215
exp1a_38,1,1,5,1.0,0.2178428302469978
exp1a_38,1,1,6,1.0,0.843383917424483
exp1a_38,0,0,3,0.0,0.843383917424483
exp1a_38,1,1,4,-1.0,-0.037429674856308215
exp1a_38,1,1,3,-1.0,-0.7363996791923271
exp1a_38,0,0,3,0.0,-0.7363996791923271
exp1a_38,0,1,4,-1.0,-0.7363996791923271
exp1a_38,1,0,4,0.0,-0.25927842447266464
exp1a_38,0,0,4,-1.0,-0.25927842447266464
exp1a_38,0,1,5,1.0,-0.7363996791923271
exp1a_38,1,1,6,1.0,-0.037429674856308215
exp1a_38,1,0,3,-1.0,0.2178428302469978
exp1a_38,0,1,5,0.0,-0.037429674856308215
exp1a_38,1,0,4,-1.0,0.843383917424483
exp1a_38,0,1,5,1.0,-0.037429674856308215
exp1a_38,1,1,4,0.0,0.843383917424483
exp1a_38,0,1,3,0.0,0.843383917424483
exp1a_38,1,0,5,0.0,-0.25927842447266464
exp1a_38,1,0,5,1.0,-0.25927842447266464
exp1a_38,1,1,3,-1.0,-0.25927842447266464
exp1a_38,0,1,4,0.0,-0.7363996791923271
exp1a_38,0,0,4,-1.0,-0.7363996791923271
exp1a_38,1,0,4,-1.0,-0.037429674856308215
exp1a_38,1,0,4,1.0,-0.037429674856308215
exp1a_38,0,0,4,-1.0,-0.25927842447266464
exp1a_38,0,0,4,1.0,-0.25927842447266464
exp1a_38,1,0,3,0.0,-0.037429674856308215
exp1a_38,1,0,3,1.0,-0.7363996791923271
exp1a_38,0,0,3,-1.0,0.2178428302469978
exp1a_38,0,1,4,0.0,-0.25927842447266464
exp1a_38,1,1,4,0.0,-0.7363996791923271
exp1a_38,0,0,6,1.0,0.843383917424483
exp1a_38,0,1,4,-1.0,0.843383917424483
exp1a_38,1,1,3,0.0,0.2178428302469978
exp1a_38,1,0,5,1.0,0.843383917424483
exp1a_38,0,0,4,0.0,0.2178428302469978
exp1a_38,1,1,3,-1.0,-0.7363996791923271
exp1a_38,0,1,2,-1.0,-0.037429674856308215
exp1a_38,0,1,4,1.0,-0.7363996791923271
exp1a_38,0,0,3,1.0,0.2178428302469978
exp1a_38,1,1,4,1.0,0.2178428302469978
exp1a_38,1,0,4,-1.0,-0.037429674856308215
exp1a_38,0,1,3,0.0,0.2178428302469978
exp1a_38,0,0,3,-1.0,-0.25927842447266464
exp1a_38,0,1,4,0.0,-0.037429674856308215
exp1a_38,0,1,3,0.0,0.843383917424483
exp1a_38,0,1,5,1.0,-0.25927842447266464
exp1a_38,0,0,4,-1.0,-0.037429674856308215
exp1a_38,1,1,3,-1.0,-0.25927842447266464
exp1a_38,0,0,5,1.0,0.843383917424483
exp1a_38,1,1,6,1.0,-0.037429674856308215
exp1a_38,1,0,5,-1.0,-0.7363996791923271
exp1a_38,1,1,4,-1.0,0.843383917424483
exp1a_38,1,0,4,1.0,0.2178428302469978
exp1a_38,1,1,4,1.0,-0.25927842447266464
exp1a_38,1,1,3,0.0,0.2178428302469978
exp1a_38,1,0,6,0.0,-0.037429674856308215
exp1a_38,0,0,4,1.0,0.2178428302469978
exp1a_38,1,1,6,0.0,-0.25927842447266464
exp1a_38,1,1,5,1.0,-0.7363996791923271
exp1a_38,0,1,5,-1.0,0.2178428302469978
exp1a_38,1,0,5,-1.0,0.2178428302469978
exp1a_38,1,1,6,0.0,-0.7363996791923271
exp1a_38,1,1,6,0.0,0.843383917424483
exp1a_38,0,0,3,-1.0,0.843383917424483
exp1a_38,0,1,6,0.0,-0.7363996791923271
exp1a_38,1,1,5,1.0,0.843383917424483
exp1a_38,0,1,4,1.0,-0.7363996791923271
exp1a_38,0,0,4,1.0,-0.037429674856308215
exp1a_38,0,0,4,-1.0,-0.7363996791923271
exp1a_38,0,0,4,0.0,-0.25927842447266464
exp1a_38,0,1,4,0.0,-0.037429674856308215
exp1a_38,1,1,3,-1.0,-0.037429674856308215
exp1a_38,0,0,4,0.0,0.2178428302469978
exp1a_38,1,1,6,0.0,0.843383917424483
exp1a_38,0,0,3,-1.0,-0.037429674856308215
exp1a_38,1,0,6,0.0,0.2178428302469978
exp1a_38,0,0,4,0.0,0.843383917424483
exp1a_38,1,1,3,-1.0,0.843383917424483
exp1a_38,0,1,4,0.0,-0.7363996791923271
exp1a_38,0,0,6,1.0,0.2178428302469978
exp1a_38,0,0,3,1.0,0.843383917424483
exp1a_38,0,1,5,-1.0,-0.25927842447266464
exp1a_38,1,1,5,-1.0,0.2178428302469978
exp1a_38,1,0,5,1.0,0.2178428302469978
exp1a_38,1,0,5,1.0,-0.037429674856308215
exp1a_38,1,0,6,1.0,0.843383917424483
exp1a_38,1,0,3,-1.0,-0.7363996791923271
exp1a_38,1,1,6,0.0,-0.7363996791923271
exp1a_38,0,0,5,1.0,-0.25927842447266464
exp1a_38,0,1,5,1.0,-0.7363996791923271
exp1a_38,0,1,3,-1.0,0.843383917424483
exp1a_38,0,0,4,0.0,-0.25927842447266464
exp1a_38,0,0,4,-1.0,0.2178428302469978
exp1a_38,0,1,3,-1.0,-0.7363996791923271
exp1a_38,1,0,4,0.0,-0.037429674856308215
exp1a_38,1,1,4,-1.0,-0.25927842447266464
exp1a_38,0,0,5,1.0,-0.037429674856308215
exp1a_38,1,0,5,1.0,-0.7363996791923271
exp1a_38,1,0,6,0.0,-0.25927842447266464
exp1a_38,1,1,5,1.0,-0.25927842447266464
exp1a_38,1,1,5,1.0,-0.037429674856308215
exp1a_38,1,0,4,-1.0,-0.037429674856308215
exp1a_38,0,1,2,0.0,0.2178428302469978
exp1a_38,1,1,4,-1.0,0.843383917424483
exp1a_38,0,1,3,-1.0,0.2178428302469978
exp1a_38,1,1,1,0.0,-0.25927842447266464
exp1a_38,0,0,4,0.0,0.843383917424483
exp1a_38,0,0,4,-1.0,-0.7363996791923271
exp1a_38,0,0,5,1.0,-0.7363996791923271
exp1a_38,1,0,5,1.0,0.843383917424483
exp1a_38,0,0,3,-1.0,0.843383917424483
exp1a_38,1,1,4,0.0,-0.7363996791923271
exp1a_38,0,0,4,-1.0,-0.25927842447266464
exp1a_38,0,0,5,1.0,0.843383917424483
exp1a_38,0,1,1,0.0,-0.25927842447266464
exp1a_38,1,1,4,1.0,-0.7363996791923271
exp1a_38,1,0,4,-1.0,-0.7363996791923271
exp1a_38,1,1,4,1.0,0.2178428302469978
exp1a_38,0,0,4,0.0,-0.037429674856308215
exp1a_38,1,1,4,-1.0,0.2178428302469978
exp1a_38,1,0,4,-1.0,-0.25927842447266464
exp1a_38,0,0,4,1.0,0.2178428302469978
exp1a_38,1,0,5,0.0,0.2178428302469978
exp1a_38,1,1,5,1.0,-0.25927842447266464
exp1a_38,1,0,4,0.0,-0.037429674856308215
exp1a_38,0,0,5,1.0,-0.037429674856308215
exp1a_38,0,0,5,1.0,-0.25927842447266464
exp1a_38,1,1,4,0.0,0.843383917424483
exp1a_38,0,0,5,0.0,-0.7363996791923271
exp1a_38,0,1,4,-1.0,-0.037429674856308215
exp1a_39,1,1,4,0.0,-0.037429674856308215
exp1a_39,1,1,4,0.0,-0.25927842447266464
exp1a_39,0,1,4,0.0,-0.25927842447266464
exp1a_39,1,1,4,1.0,0.2178428302469978
exp1a_39,1,1,4,1.0,-0.25927842447266464
exp1a_39,0,1,4,0.0,-0.037429674856308215
exp1a_39,0,1,4,0.0,0.2178428302469978
exp1a_39,1,1,4,0.0,0.2178428302469978
exp1a_39,1,1,4,0.0,0.843383917424483
exp1a_39,0,1,5,1.0,-0.037429674856308215
exp1a_39,1,1,5,1.0,-0.037429674856308215
exp1a_39,1,1,4,-1.0,0.2178428302469978
exp1a_39,0,1,4,-1.0,-0.7363996791923271
exp1a_39,0,1,4,0.0,-0.7363996791923271
exp1a_39,0,0,3,-1.0,0.843383917424483
exp1a_39,0,1,5,1.0,-0.25927842447266464
exp1a_39,0,1,4,1.0,-0.7363996791923271
exp1a_39,1,1,4,-1.0,-0.7363996791923271
exp1a_39,1,1,4,-1.0,-0.037429674856308215
exp1a_39,0,0,4,-1.0,-0.25927842447266464
exp1a_39,0,1,4,1.0,0.843383917424483
exp1a_39,0,1,4,1.0,0.2178428302469978
exp1a_39,0,1,4,-1.0,0.2178428302469978
exp1a_39,1,0,4,1.0,-0.7363996791923271
exp1a_39,1,1,4,-1.0,-0.25927842447266464
exp1a_39,1,0,4,1.0,0.843383917424483
exp1a_39,1,0,4,0.0,-0.7363996791923271
exp1a_39,0,1,4,-1.0,-0.037429674856308215
exp1a_39,0,0,4,0.0,0.843383917424483
exp1a_39,0,1,5,1.0,-0.25927842447266464
exp1a_39,0,1,4,-1.0,-0.25927842447266464
exp1a_39,1,0,4,1.0,-0.25927842447266464
exp1a_39,1,1,4,1.0,0.2178428302469978
exp1a_39,1,1,4,-1.0,-0.7363996791923271
exp1a_39,0,0,5,1.0,-0.037429674856308215
exp1a_39,1,1,4,1.0,-0.037429674856308215
exp1a_39,1,1,4,-1.0,0.843383917424483
exp1a_39,0,0,4,-1.0,0.843383917424483
exp1a_39,1,1,4,-1.0,0.2178428302469978
exp1a_39,0,1,4,-1.0,-0.7363996791923271
exp1a_39,0,1,4,1.0,0.2178428302469978
exp1a_39,0,1,4,-1.0,0.2178428302469978
exp1a_39,0,1,4,0.0,-0.25927842447266464
exp1a_39,0,1,4,1.0,-0.7363996791923271
exp1a_39,1,1,4,0.0,0.2178428302469978
exp1a_39,0,1,4,1.0,0.843383917424483
exp1a_39,1,1,4,0.0,-0.7363996791923271
exp1a_39,0,1,4,0.0,-0.7363996791923271
exp1a_39,0,1,4,0.0,0.2178428302469978
exp1a_39,1,1,4,0.0,-0.25927842447266464
exp1a_39,0,1,4,-1.0,-0.037429674856308215
exp1a_39,1,1,4,1.0,-0.7363996791923271
exp1a_39,0,1,4,0.0,-0.037429674856308215
exp1a_39,1,1,4,1.0,0.843383917424483
exp1a_39,1,1,4,0.0,0.843383917424483
exp1a_39,1,1,4,0.0,-0.037429674856308215
exp1a_39,0,0,4,0.0,0.843383917424483
exp1a_39,1,1,4,-1.0,-0.25927842447266464
exp1a_39,1,0,4,-1.0,-0.037429674856308215
exp1a_39,1,1,4,-1.0,0.2178428302469978
exp1a_39,1,0,4,0.0,-0.25927842447266464
exp1a_39,0,1,4,-1.0,-0.7363996791923271
exp1a_39,1,0,4,1.0,0.2178428302469978
exp1a_39,0,1,4,1.0,-0.7363996791923271
exp1a_39,1,1,4,-1.0,-0.7363996791923271
exp1a_39,1,1,4,0.0,-0.7363996791923271
exp1a_39,0,1,4,0.0,-0.7363996791923271
exp1a_39,1,1,4,-1.0,-0.25927842447266464
exp1a_39,0,1,4,-1.0,-0.037429674856308215
exp1a_39,1,1,4,0.0,0.843383917424483
exp1a_39,0,0,5,0.0,0.843383917424483
exp1a_39,1,1,4,-1.0,-0.037429674856308215
exp1a_39,0,0,5,1.0,-0.25927842447266464
exp1a_39,0,0,4,0.0,-0.037429674856308215
exp1a_39,1,1,4,1.0,-0.037429674856308215
exp1a_39,0,0,5,-1.0,0.843383917424483
exp1a_39,1,1,4,0.0,-0.037429674856308215
exp1a_39,0,0,4,-1.0,0.2178428302469978
exp1a_39,1,1,5,-1.0,0.843383917424483
exp1a_39,1,1,4,0.0,0.2178428302469978
exp1a_39,0,1,4,0.0,0.2178428302469978
exp1a_39,0,0,5,1.0,0.843383917424483
exp1a_39,0,0,5,1.0,-0.037429674856308215
exp1a_39,0,1,4,-1.0,-0.25927842447266464
exp1a_39,1,0,5,1.0,-0.25927842447266464
exp1a_39,1,1,4,1.0,-0.7363996791923271
exp1a_39,0,1,4,1.0,0.2178428302469978
exp1a_39,1,1,5,1.0,0.843383917424483
exp1a_39,0,0,4,0.0,-0.25927842447266464
exp1a_39,0,0,4,1.0,0.2178428302469978
exp1a_39,1,1,5,1.0,0.2178428302469978
exp1a_39,0,1,5,1.0,-0.25927842447266464
exp1a_39,1,1,4,1.0,-0.25927842447266464
exp1a_39,0,1,4,0.0,-0.037429674856308215
exp1a_39,1,1,4,0.0,-0.037429674856308215
exp1a_39,0,1,4,-1.0,-0.7363996791923271
exp1a_39,1,0,4,1.0,0.843383917424483
exp1a_39,0,0,5,-1.0,0.2178428302469978
exp1a_39,0,1,4,0.0,-0.25927842447266464
exp1a_39,1,1,4,0.0,0.2178428302469978
exp1a_39,0,0,4,-1.0,0.843383917424483
exp1a_39,1,1,4,1.0,-0.037429674856308215
exp1a_39,1,1,4,0.0,0.843383917424483
exp1a_39,1,1,4,0.0,-0.25927842447266464
exp1a_39,1,1,4,-1.0,0.2178428302469978
exp1a_39,0,1,4,1.0,-0.037429674856308215
exp1a_39,0,1,4,-1.0,-0.037429674856308215
exp1a_39,0,1,4,1.0,-0.7363996791923271
exp1a_39,0,0,5,0.0,0.843383917424483
exp1a_39,0,0,5,1.0,0.843383917424483
exp1a_39,1,1,4,-1.0,-0.7363996791923271
exp1a_39,1,0,4,-1.0,0.843383917424483
exp1a_39,0,1,4,-1.0,-0.25927842447266464
exp1a_39,1,1,4,1.0,-0.7363996791923271
exp1a_39,1,1,4,0.0,-0.7363996791923271
exp1a_39,0,1,4,0.0,-0.7363996791923271
exp1a_39,1,1,4,-1.0,-0.037429674856308215
exp1a_39,1,1,4,-1.0,-0.25927842447266464
exp1a_39,0,1,4,0.0,0.2178428302469978
exp1a_39,0,1,4,-1.0,-0.25927842447266464
exp1a_39,0,1,4,-1.0,0.2178428302469978
exp1a_39,1,1,5,1.0,0.843383917424483
exp1a_39,1,1,4,-1.0,-0.25927842447266464
exp1a_39,1,1,4,0.0,-0.7363996791923271
exp1a_39,1,1,5,0.0,0.843383917424483
exp1a_39,0,1,4,0.0,-0.7363996791923271
exp1a_39,1,1,4,1.0,-0.037429674856308215
exp1a_39,1,1,4,-1.0,-0.037429674856308215
exp1a_39,0,1,4,-1.0,-0.037429674856308215
exp1a_39,1,1,4,-1.0,0.2178428302469978
exp1a_39,0,1,4,1.0,-0.037429674856308215
exp1a_39,0,0,5,0.0,0.843383917424483
exp1a_39,0,0,4,0.0,-0.25927842447266464
exp1a_39,0,1,4,0.0,-0.037429674856308215
exp1a_39,0,1,4,1.0,0.2178428302469978
exp1a_39,1,1,4,0.0,-0.037429674856308215
exp1a_39,0,1,4,-1.0,-0.7363996791923271
exp1a_39,1,0,4,1.0,-0.25927842447266464
exp1a_39,0,0,5,1.0,0.843383917424483
exp1a_39,1,1,4,0.0,-0.25927842447266464
exp1a_39,1,1,4,0.0,0.2178428302469978
exp1a_39,1,1,4,-1.0,0.843383917424483
exp1a_39,0,0,4,0.0,0.2178428302469978
exp1a_39,1,1,4,1.0,0.2178428302469978
exp1a_39,0,1,4,1.0,-0.25927842447266464
exp1a_39,0,0,5,-1.0,0.843383917424483
exp1a_39,0,0,4,1.0,-0.7363996791923271
exp1a_39,1,1,4,1.0,-0.7363996791923271
exp1a_39,1,1,4,-1.0,-0.7363996791923271
exp1a_39,1,1,4,-1.0,0.2178428302469978
exp1a_39,0,1,4,1.0,-0.25927842447266464
exp1a_39,1,1,4,-1.0,-0.037429674856308215
exp1a_39,0,1,4,-1.0,-0.25927842447266464
exp1a_39,1,1,4,-1.0,0.843383917424483
exp1a_39,0,1,4,1.0,-0.037429674856308215
exp1a_39,1,1,4,0.0,-0.25927842447266464
exp1a_39,1,1,4,0.0,0.2178428302469978
exp1a_39,0,1,4,-1.0,-0.037429674856308215
exp1a_39,1,0,5,1.0,0.843383917424483
exp1a_39,1,1,4,0.0,-0.7363996791923271
exp1a_39,0,1,4,0.0,0.2178428302469978
exp1a_39,0,1,4,0.0,-0.7363996791923271
exp1a_39,1,1,4,1.0,-0.25927842447266464
exp1a_39,1,1,4,0.0,0.843383917424483
exp1a_39,0,1,4,1.0,-0.7363996791923271
exp1a_39,1,1,4,0.0,-0.037429674856308215
exp1a_39,1,1,4,-1.0,-0.25927842447266464
exp1a_39,1,0,4,1.0,-0.037429674856308215
exp1a_39,0,1,4,0.0,-0.037429674856308215
exp1a_39,1,1,4,1.0,-0.7363996791923271
exp1a_39,0,1,4,-1.0,-0.7363996791923271
exp1a_39,0,1,3,1.0,0.2178428302469978
exp1a_39,1,1,3,-1.0,-0.7363996791923271
exp1a_39,0,0,5,1.0,0.843383917424483
exp1a_39,0,0,4,-1.0,0.2178428302469978
exp1a_39,0,0,4,0.0,-0.25927842447266464
exp1a_39,0,0,5,0.0,0.843383917424483
exp1a_39,0,0,4,-1.0,0.843383917424483
exp1a_39,1,1,4,1.0,0.2178428302469978
exp1a_39,0,0,4,-1.0,-0.25927842447266464
exp1a_39,0,1,4,-1.0,-0.7363996791923271
exp1a_39,1,1,4,0.0,0.843383917424483
exp1a_39,1,1,4,0.0,-0.037429674856308215
exp1a_39,0,1,4,1.0,-0.7363996791923271
exp1a_39,0,1,4,-1.0,-0.037429674856308215
exp1a_39,1,1,4,-1.0,-0.037429674856308215
exp1a_39,1,1,4,-1.0,0.843383917424483
exp1a_39,1,1,4,1.0,0.843383917424483
exp1a_39,1,1,4,1.0,0.2178428302469978
exp1a_39,0,1,4,-1.0,0.2178428302469978
exp1a_39,0,0,6,1.0,0.843383917424483
exp1a_39,1,0,5,-1.0,0.2178428302469978
exp1a_39,0,0,4,-1.0,0.843383917424483
exp1a_39,0,1,4,1.0,-0.037429674856308215
exp1a_39,1,0,4,1.0,-0.7363996791923271
exp1a_39,0,0,4,1.0,0.2178428302469978
exp1a_39,1,0,4,1.0,-0.037429674856308215
exp1a_39,1,1,4,0.0,-0.25927842447266464
exp1a_39,1,1,4,0.0,0.2178428302469978
exp1a_39,0,0,5,0.0,0.843383917424483
exp1a_39,0,0,4,0.0,-0.25927842447266464
exp1a_39,1,0,4,-1.0,-0.7363996791923271
exp1a_39,0,0,4,0.0,-0.7363996791923271
exp1a_39,1,0,4,0.0,-0.7363996791923271
exp1a_39,0,0,4,0.0,-0.037429674856308215
exp1a_39,1,0,4,1.0,-0.25927842447266464
exp1a_39,1,0,4,-1.0,-0.25927842447266464
exp1a_39,0,0,4,1.0,-0.25927842447266464
exp1a_39,0,1,4,0.0,0.2178428302469978
exp1a_39,1,0,4,0.0,-0.037429674856308215
exp1a_39,0,0,4,-1.0,0.2178428302469978
exp1a_39,1,1,5,0.0,0.843383917424483
exp1a_39,0,0,4,0.0,0.843383917424483
exp1a_39,0,1,4,1.0,-0.037429674856308215
exp1a_39,1,1,4,-1.0,0.843383917424483
exp1a_39,1,1,4,1.0,0.2178428302469978
exp1a_39,1,1,4,0.0,-0.25927842447266464
exp1a_39,1,1,5,1.0,0.843383917424483
exp1a_39,1,1,4,-1.0,-0.25927842447266464
exp1a_39,0,0,4,1.0,0.2178428302469978
exp1a_39,0,0,4,1.0,-0.25927842447266464
exp1a_39,1,1,4,0.0,0.2178428302469978
exp1a_39,0,0,4,0.0,-0.25927842447266464
exp1a_39,1,1,4,-1.0,-0.037429674856308215
exp1a_39,1,1,4,0.0,-0.7363996791923271
exp1a_39,0,0,6,1.0,0.843383917424483
exp1a_39,0,1,4,1.0,-0.7363996791923271
exp1a_39,0,0,5,-1.0,0.843383917424483
exp1a_39,0,1,4,-1.0,-0.037429674856308215
exp1a_39,0,1,4,0.0,-0.7363996791923271
exp1a_39,0,1,4,0.0,0.2178428302469978
exp1a_39,1,0,3,-1.0,0.2178428302469978
exp1a_39,1,1,3,-1.0,-0.7363996791923271
exp1a_39,1,1,4,1.0,-0.7363996791923271
exp1a_39,0,0,3,0.0,-0.037429674856308215
exp1a_39,1,0,4,1.0,-0.25927842447266464
exp1a_39,0,0,3,-1.0,-0.7363996791923271
exp1a_39,0,1,4,-1.0,-0.25927842447266464
exp1a_39,1,1,4,1.0,-0.037429674856308215
exp1a_40,1,1,6,1.0,-0.7363996791923271
exp1a_40,1,1,6,-1.0,0.843383917424483
exp1a_40,1,1,5,-1.0,-0.7363996791923271
exp1a_40,0,0,4,-1.0,0.843383917424483
exp1a_40,1,1,4,1.0,0.843383917424483
exp1a_40,1,1,3,-1.0,-0.25927842447266464
exp1a_40,0,1,6,1.0,-0.037429674856308215
exp1a_40,1,1,6,1.0,-0.037429674856308215
exp1a_40,1,1,4,0.0,-0.25927842447266464
exp1a_40,0,1,5,0.0,0.2178428302469978
exp1a_40,0,0,6,1.0,0.843383917424483
exp1a_40,0,1,3,-1.0,-0.037429674856308215
exp1a_40,0,1,5,1.0,-0.7363996791923271
exp1a_40,1,1,6,0.0,-0.7363996791923271
exp1a_40,0,0,5,0.0,-0.037429674856308215
exp1a_40,1,1,6,-1.0,-0.037429674856308215
exp1a_40,0,1,6,1.0,0.2178428302469978
exp1a_40,1,1,6,1.0,0.2178428302469978
exp1a_40,0,1,6,-1.0,-0.25927842447266464
exp1a_40,1,1,6,0.0,0.2178428302469978
exp1a_40,0,1,3,1.0,-0.25927842447266464
exp1a_40,1,1,5,-1.0,0.2178428302469978
exp1a_40,0,1,3,-1.0,-0.7363996791923271
exp1a_40,0,0,6,0.0,0.843383917424483
exp1a_40,0,1,3,0.0,-0.25927842447266464
exp1a_40,1,1,3,1.0,-0.25927842447266464
exp1a_40,1,1,6,0.0,0.843383917424483
exp1a_40,1,0,3,0.0,-0.037429674856308215
exp1a_40,0,1,3,0.0,-0.7363996791923271
exp1a_40,0,0,3,-1.0,0.2178428302469978
exp1a_40,0,1,4,0.0,-0.7363996791923271
exp1a_40,0,0,6,-1.0,0.843383917424483
exp1a_40,1,1,4,-1.0,-0.25927842447266464
exp1a_40,1,1,6,-1.0,0.843383917424483
exp1a_40,0,1,3,0.0,-0.037429674856308215
exp1a_40,0,1,6,-1.0,-0.7363996791923271
exp1a_40,0,0,6,0.0,0.2178428302469978
exp1a_40,0,1,6,-1.0,-0.25927842447266464
exp1a_40,0,0,6,0.0,0.843383917424483
exp1a_40,1,1,6,0.0,-0.7363996791923271
exp1a_40,1,1,6,0.0,0.843383917424483
exp1a_40,0,0,6,1.0,-0.25927842447266464
exp1a_40,1,1,6,1.0,0.843383917424483
exp1a_40,0,0,6,1.0,0.843383917424483
exp1a_40,1,1,6,0.0,-0.037429674856308215
exp1a_40,0,1,5,1.0,-0.7363996791923271
exp1a_40,1,1,6,1.0,0.2178428302469978
exp1a_40,1,1,6,0.0,-0.25927842447266464
exp1a_40,0,1,4,1.0,-0.037429674856308215
exp1a_40,0,0,4,0.0,-0.25927842447266464
exp1a_40,1,1,4,-1.0,-0.7363996791923271
exp1a_40,1,1,4,-1.0,-0.037429674856308215
exp1a_40,1,1,4,1.0,-0.037429674856308215
exp1a_40,0,1,6,-1.0,-0.037429674856308215
exp1a_40,0,0,4,-1.0,0.2178428302469978
exp1a_40,1,1,6,0.0,0.2178428302469978
exp1a_40,0,1,6,1.0,0.2178428302469978
exp1a_40,1,1,5,1.0,-0.25927842447266464
exp1a_40,1,1,4,1.0,-0.7363996791923271
exp1a_40,0,1,6,1.0,-0.25927842447266464
exp1a_40,1,0,3,0.0,-0.037429674856308215
exp1a_40,1,1,6,1.0,0.843383917424483
exp1a_40,1,1,6,0.0,0.2178428302469978
exp1a_40,1,1,6,1.0,-0.037429674856308215
exp1a_40,1,1,6,-1.0,0.2178428302469978
exp1a_40,0,0,6,-1.0,0.843383917424483
exp1a_40,0,0,6,1.0,-0.037429674856308215
exp1a_40,1,1,6,0.0,-0.7363996791923271
exp1a_40,0,0,3,0.0,-0.7363996791923271
exp1a_40,0,0,3,-1.0,-0.037429674856308215
exp1a_40,0,1,4,0.0,-0.25927842447266464
exp1a_40,0,1,6,1.0,0.2178428302469978
exp1a_40,0,1,6,-1.0,-0.7363996791923271
exp1a_40,1,1,4,-1.0,-0.7363996791923271
exp1a_40,0,0,4,-1.0,0.2178428302469978
exp1a_40,0,1,6,-1.0,-0.25927842447266464
exp1a_40,1,1,5,-1.0,-0.037429674856308215
exp1a_40,1,1,6,-1.0,0.843383917424483
exp1a_40,0,0,5,0.0,0.2178428302469978
exp1a_40,1,1,6,1.0,0.2178428302469978
exp1a_40,1,1,6,1.0,-0.25927842447266464
exp1a_40,1,1,4,-1.0,-0.25927842447266464
exp1a_40,0,1,6,1.0,-0.7363996791923271
exp1a_40,1,0,3,1.0,-0.7363996791923271
exp1a_40,1,1,5,0.0,-0.25927842447266464
exp1a_40,0,0,6,1.0,0.843383917424483
exp1a_40,1,1,6,0.0,0.843383917424483
exp1a_40,1,1,6,-1.0,-0.037429674856308215
exp1a_40,0,1,6,-1.0,-0.25927842447266464
exp1a_40,1,0,3,1.0,-0.7363996791923271
exp1a_40,0,1,5,-1.0,-0.037429674856308215
exp1a_40,1,1,6,1.0,0.2178428302469978
exp1a_40,1,0,3,0.0,-0.7363996791923271
exp1a_40,0,0,3,-1.0,0.2178428302469978
exp1a_40,0,1,3,0.0,-0.25927842447266464
exp1a_40,1,1,4,1.0,-0.25927842447266464
exp1a_40,1,1,4,-1.0,0.2178428302469978
exp1a_40,0,0,3,0.0,0.2178428302469978
exp1a_40,1,1,4,1.0,-0.037429674856308215
exp1a_40,1,1,4,-1.0,-0.25927842447266464
exp1a_40,1,1,4,0.0,-0.25927842447266464
exp1a_40,1,1,4,0.0,-0.037429674856308215
exp1a_40,1,1,4,0.0,0.2178428302469978
exp1a_40,1,1,3,-1.0,-0.7363996791923271
exp1a_40,0,1,4,-1.0,-0.7363996791923271
exp1a_40,0,1,4,0.0,-0.037429674856308215
exp1a_40,0,1,4,1.0,-0.037429674856308215
exp1a_40,1,1,6,1.0,0.843383917424483
exp1a_40,0,1,4,1.0,-0.7363996791923271
exp1a_40,0,0,5,1.0,0.2178428302469978
exp1a_40,0,0,6,1.0,0.843383917424483
exp1a_40,1,1,6,-1.0,0.843383917424483
exp1a_40,0,1,4,0.0,-0.7363996791923271
exp1a_40,0,1,3,1.0,-0.25927842447266464
exp1a_40,0,0,6,0.0,0.843383917424483
exp1a_40,0,0,5,1.0,0.2178428302469978
exp1a_40,1,1,6,1.0,0.843383917424483
exp1a_40,0,1,6,0.0,-0.7363996791923271
exp1a_40,0,1,2,1.0,-0.037429674856308215
exp1a_40,0,0,6,0.0,0.843383917424483
exp1a_40,1,1,3,-1.0,-0.7363996791923271
exp1a_40,1,1,4,0.0,-0.7363996791923271
exp1a_40,0,0,6,1.0,0.843383917424483
exp1a_40,1,1,6,1.0,-0.7363996791923271
exp1a_40,1,1,2,0.0,0.2178428302469978
exp1a_40,0,0,4,-1.0,-0.25927842447266464
exp1a_40,0,1,3,-1.0,-0.037429674856308215
exp1a_40,0,0,4,-1.0,-0.7363996791923271
exp1a_40,1,1,4,0.0,-0.037429674856308215
exp1a_40,1,1,6,0.0,0.843383917424483
exp1a_40,0,1,5,1.0,-0.7363996791923271
exp1a_40,1,1,4,-1.0,-0.037429674856308215
exp1a_40,1,1,6,-1.0,0.843383917424483
exp1a_40,0,0,1,0.0,-0.25927842447266464
exp1a_40,0,1,4,0.0,-0.037429674856308215
exp1a_40,1,1,5,0.0,-0.25927842447266464
exp1a_40,1,1,4,-1.0,-0.25927842447266464
exp1a_40,0,1,5,0.0,0.2178428302469978
exp1a_40,1,1,6,1.0,-0.037429674856308215
exp1a_40,1,1,4,1.0,0.2178428302469978
exp1a_40,0,0,6,-1.0,0.843383917424483
exp1a_40,1,1,4,1.0,-0.25927842447266464
exp1a_40,0,1,4,1.0,-0.25927842447266464
exp1a_40,1,1,6,-1.0,-0.25927842447266464
exp1a_40,1,1,4,0.0,-0.25927842447266464
exp1a_40,0,1,5,-1.0,0.2178428302469978
exp1a_40,0,1,5,1.0,-0.25927842447266464
exp1a_40,0,0,5,0.0,0.843383917424483
exp1a_40,1,1,5,0.0,-0.037429674856308215
exp1a_40,1,1,6,0.0,-0.7363996791923271
exp1a_40,0,0,6,1.0,0.843383917424483
exp1a_40,1,1,6,-1.0,-0.037429674856308215
exp1a_40,0,0,5,1.0,0.2178428302469978
exp1a_40,1,1,5,-1.0,0.843383917424483
exp1a_40,0,1,4,1.0,-0.037429674856308215
exp1a_40,0,0,4,0.0,0.2178428302469978
exp1a_40,1,1,4,1.0,-0.7363996791923271
exp1a_40,1,1,6,1.0,0.843383917424483
exp1a_40,0,0,4,1.0,-0.7363996791923271
exp1a_40,1,0,3,0.0,0.2178428302469978
exp1a_40,1,1,6,0.0,0.843383917424483
exp1a_40,0,0,6,-1.0,-0.037429674856308215
exp1a_40,0,0,6,-1.0,0.843383917424483
exp1a_40,0,0,4,0.0,-0.25927842447266464
exp1a_40,1,1,6,-1.0,0.2178428302469978
exp1a_40,1,1,6,1.0,0.2178428302469978
exp1a_40,1,0,4,-1.0,-0.7363996791923271
exp1a_40,1,1,5,1.0,-0.25927842447266464
exp1a_40,0,1,6,-1.0,-0.7363996791923271
exp1a_40,0,0,6,0.0,-0.7363996791923271
exp1a_40,1,1,6,1.0,-0.037429674856308215
exp1a_40,0,0,4,-1.0,-0.25927842447266464
exp1a_40,0,1,6,-1.0,-0.7363996791923271
exp1a_40,0,1,4,0.0,-0.25927842447266464
exp1a_40,1,1,6,1.0,0.843383917424483
exp1a_40,1,1,6,1.0,0.2178428302469978
exp1a_40,1,1,3,-1.0,-0.7363996791923271
exp1a_40,1,1,5,1.0,-0.25927842447266464
exp1a_40,1,1,6,0.0,0.843383917424483
exp1a_40,0,0,6,-1.0,0.843383917424483
exp1a_40,0,1,6,0.0,0.2178428302469978
exp1a_40,1,0,5,0.0,-0.037429674856308215
exp1a_40,0,0,5,1.0,-0.7363996791923271
exp1a_40,0,1,5,1.0,-0.037429674856308215
exp1a_40,0,0,4,0.0,0.843383917424483
exp1a_40,0,1,6,-1.0,-0.25927842447266464
exp1a_40,0,0,4,-1.0,-0.037429674856308215
exp1a_40,1,1,6,0.0,-0.7363996791923271
exp1a_40,1,0,6,-1.0,0.2178428302469978
exp1a_40,1,1,6,0.0,-0.25927842447266464
exp1a_40,0,0,5,-1.0,0.2178428302469978
exp1a_40,1,1,4,1.0,-0.7363996791923271
exp1a_40,0,0,6,1.0,0.2178428302469978
exp1a_40,0,1,6,1.0,-0.25927842447266464
exp1a_40,0,0,2,0.0,-0.037429674856308215
exp1a_40,1,1,6,0.0,0.2178428302469978
exp1a_40,1,1,6,-1.0,0.843383917424483
exp1a_40,1,1,5,-1.0,-0.037429674856308215
exp1a_40,1,1,5,1.0,-0.037429674856308215
exp1a_40,1,1,4,-1.0,-0.25927842447266464
exp1a_40,0,1,3,0.0,-0.037429674856308215
exp1a_40,1,1,5,0.0,-0.037429674856308215
exp1a_40,1,1,6,-1.0,0.2178428302469978
exp1a_40,0,0,5,1.0,-0.25927842447266464
exp1a_40,1,1,5,0.0,-0.7363996791923271
exp1a_40,1,1,3,1.0,-0.037429674856308215
exp1a_40,0,1,6,0.0,-0.7363996791923271
exp1a_40,1,1,6,1.0,0.843383917424483
exp1a_40,1,1,6,1.0,-0.25927842447266464
exp1a_40,1,1,4,-1.0,-0.7363996791923271
exp1a_40,0,1,5,-1.0,-0.25927842447266464
exp1a_40,0,1,6,0.0,-0.25927842447266464
exp1a_40,1,1,4,-1.0,-0.25927842447266464
exp1a_40,1,1,5,-1.0,-0.037429674856308215
exp1a_40,1,1,5,1.0,-0.7363996791923271
exp1a_40,1,1,6,-1.0,0.843383917424483
exp1a_40,1,1,6,0.0,0.843383917424483
exp1a_40,1,0,2,0.0,-0.25927842447266464
exp1a_40,0,0,6,0.0,0.843383917424483
exp1a_40,1,1,3,1.0,0.2178428302469978
exp1a_40,0,1,5,-1.0,-0.7363996791923271
exp1a_40,0,0,6,-1.0,0.843383917424483
exp1a_40,0,1,3,1.0,-0.7363996791923271
exp1a_40,0,0,6,1.0,0.843383917424483
exp1a_40,0,0,6,-1.0,-0.037429674856308215
exp1a_40,0,0,6,1.0,0.2178428302469978
exp1a_40,0,0,6,1.0,-0.037429674856308215
exp1a_40,1,1,6,0.0,0.2178428302469978
exp1a_40,0,0,4,-1.0,0.2178428302469978
exp1a_40,0,0,5,0.0,0.2178428302469978
exp1a_41,0,0,4,-1.0,-0.037429674856308215
exp1a_41,0,1,4,0.0,0.2178428302469978
exp1a_41,1,0,4,0.0,0.2178428302469978
exp1a_41,0,1,4,1.0,-0.037429674856308215
exp1a_41,0,0,4,-1.0,0.843383917424483
exp1a_41,1,0,4,0.0,-0.25927842447266464
exp1a_41,0,0,4,1.0,0.843383917424483
exp1a_41,0,1,4,0.0,-0.7363996791923271
exp1a_41,1,1,5,1.0,-0.25927842447266464
exp1a_41,1,1,4,1.0,-0.7363996791923271
exp1a_41,0,1,4,1.0,-0.25927842447266464
exp1a_41,0,0,5,1.0,0.2178428302469978
exp1a_41,0,1,5,1.0,-0.7363996791923271
exp1a_41,0,0,4,0.0,-0.25927842447266464
exp1a_41,1,1,4,-1.0,-0.7363996791923271
exp1a_41,0,0,4,-1.0,-0.25927842447266464
exp1a_41,1,1,6,0.0,0.843383917424483
exp1a_41,0,0,4,0.0,0.843383917424483
exp1a_41,1,1,5,1.0,0.843383917424483
exp1a_41,1,1,5,0.0,-0.037429674856308215
exp1a_41,0,0,5,0.0,-0.037429674856308215
exp1a_41,1,1,5,1.0,0.2178428302469978
exp1a_41,1,1,5,-1.0,-0.25927842447266464
exp1a_41,1,1,5,-1.0,-0.037429674856308215
exp1a_41,0,1,5,-1.0,-0.7363996791923271
exp1a_41,1,1,4,1.0,-0.037429674856308215
exp1a_41,0,1,4,-1.0,0.2178428302469978
exp1a_41,1,1,3,0.0,-0.7363996791923271
exp1a_41,1,1,5,-1.0,0.843383917424483
exp1a_41,1,1,4,-1.0,-0.25927842447266464
exp1a_41,1,1,4,0.0,0.843383917424483
exp1a_41,0,0,4,-1.0,-0.037429674856308215
exp1a_41,0,0,4,-1.0,0.843383917424483
exp1a_41,0,0,5,0.0,-0.25927842447266464
exp1a_41,0,1,5,1.0,-0.7363996791923271
exp1a_41,0,0,5,1.0,0.843383917424483
exp1a_41,1,0,5,-1.0,0.2178428302469978
exp1a_41,1,1,4,-1.0,0.843383917424483
exp1a_41,1,1,3,1.0,0.2178428302469978
exp1a_41,0,1,3,-1.0,-0.25927842447266464
exp1a_41,1,0,4,1.0,-0.7363996791923271
exp1a_41,0,0,4,0.0,0.2178428302469978
exp1a_41,0,0,4,0.0,0.843383917424483
exp1a_41,1,1,5,1.0,0.843383917424483
exp1a_41,0,0,5,0.0,-0.7363996791923271
exp1a_41,1,0,5,1.0,-0.25927842447266464
exp1a_41,1,0,4,0.0,-0.7363996791923271
exp1a_41,0,1,5,-1.0,-0.7363996791923271
exp1a_41,1,0,5,0.0,0.2178428302469978
exp1a_41,1,0,5,1.0,-0.037429674856308215
exp1a_41,0,0,4,1.0,-0.037429674856308215
exp1a_41,1,0,5,0.0,-0.25927842447266464
exp1a_41,1,1,5,-1.0,-0.037429674856308215
exp1a_41,0,0,5,1.0,-0.25927842447266464
exp1a_41,0,1,5,1.0,0.2178428302469978
exp1a_41,0,0,5,0.0,-0.037429674856308215
exp1a_41,1,1,3,-1.0,-0.7363996791923271
exp1a_41,1,0,4,0.0,-0.037429674856308215
exp1a_41,0,0,4,1.0,0.843383917424483
exp1a_41,0,0,4,1.0,0.2178428302469978
exp1a_41,1,1,4,1.0,-0.25927842447266464
exp1a_41,1,0,3,0.0,-0.7363996791923271
exp1a_41,1,1,5,1.0,0.843383917424483
exp1a_41,1,1,5,1.0,-0.037429674856308215
exp1a_41,1,1,5,0.0,0.843383917424483
exp1a_41,1,1,3,-1.0,-0.037429674856308215
exp1a_41,1,1,4,-1.0,0.843383917424483
exp1a_41,0,0,4,0.0,-0.25927842447266464
exp1a_41,1,1,4,1.0,0.2178428302469978
exp1a_41,0,0,4,0.0,0.2178428302469978
exp1a_41,1,1,3,1.0,-0.7363996791923271
exp1a_41,0,0,4,0.0,0.843383917424483
exp1a_41,1,1,4,0.0,-0.25927842447266464
exp1a_41,0,1,4,-1.0,-0.25927842447266464
exp1a_41,0,1,3,0.0,-0.7363996791923271
exp1a_41,0,1,3,-1.0,-0.037429674856308215
exp1a_41,0,0,4,-1.0,0.843383917424483
exp1a_41,0,0,4,1.0,-0.25927842447266464
exp1a_41,1,1,4,-1.0,0.2178428302469978
exp1a_41,1,0,4,0.0,0.2178428302469978
exp1a_41,0,0,4,-1.0,-0.7363996791923271
exp1a_41,0,0,5,-1.0,0.2178428302469978
exp1a_41,0,1,5,0.0,-0.037429674856308215
exp1a_41,1,0,2,-1.0,-0.25927842447266464
exp1a_41,0,1,5,1.0,-0.7363996791923271
exp1a_41,0,0,4,1.0,-0.037429674856308215
exp1a_41,1,1,5,0.0,-0.037429674856308215
exp1a_41,1,0,5,-1.0,-0.7363996791923271
exp1a_41,0,0,5,-1.0,-0.25927842447266464
exp1a_41,0,1,5,1.0,-0.25927842447266464
exp1a_41,1,1,5,-1.0,-0.25927842447266464
exp1a_41,0,0,4,-1.0,0.2178428302469978
exp1a_41,1,1,5,0.0,0.2178428302469978
exp1a_41,1,0,5,0.0,-0.037429674856308215
exp1a_41,1,1,6,-1.0,0.843383917424483
exp1a_41,1,0,5,0.0,-0.7363996791923271
exp1a_41,0,1,5,1.0,0.2178428302469978
exp1a_41,0,0,5,-1.0,-0.7363996791923271
exp1a_41,1,1,5,-1.0,-0.037429674856308215
exp1a_41,1,0,5,-1.0,-0.7363996791923271
exp1a_41,0,1,5,0.0,-0.25927842447266464
exp1a_41,0,0,5,0.0,-0.7363996791923271
exp1a_41,0,1,5,1.0,-0.037429674856308215
exp1a_41,1,1,5,1.0,0.843383917424483
exp1a_41,1,1,4,-1.0,0.2178428302469978
exp1a_41,0,0,4,0.0,0.843383917424483
exp1a_41,1,1,4,1.0,-0.7363996791923271
exp1a_41,0,0,5,-1.0,0.843383917424483
exp1a_41,1,1,5,1.0,-0.037429674856308215
exp1a_41,1,1,5,1.0,0.2178428302469978
exp1a_41,1,1,5,0.0,-0.25927842447266464
exp1a_41,0,0,5,0.0,-0.037429674856308215
exp1a_41,1,1,4,0.0,0.843383917424483
exp1a_41,1,1,4,0.0,0.2178428302469978
exp1a_41,1,1,5,1.0,-0.25927842447266464
exp1a_41,1,1,5,-1.0,0.2178428302469978
exp1a_41,1,0,5,-1.0,-0.7363996791923271
exp1a_41,1,1,5,-1.0,-0.25927842447266464
exp1a_41,0,1,5,0.0,-0.037429674856308215
exp1a_41,0,1,5,-1.0,-0.25927842447266464
exp1a_41,0,0,6,-1.0,0.843383917424483
exp1a_41,1,1,5,1.0,0.843383917424483
exp1a_41,1,0,5,0.0,-0.037429674856308215
exp1a_41,1,0,5,1.0,-0.7363996791923271
exp1a_41,1,1,5,1.0,-0.037429674856308215
exp1a_41,0,1,5,0.0,-0.7363996791923271
exp1a_41,0,1,5,1.0,-0.25927842447266464
exp1a_41,1,1,5,-1.0,-0.037429674856308215
exp1a_41,0,1,5,1.0,-0.037429674856308215
exp1a_41,0,1,5,-1.0,-0.037429674856308215
exp1a_41,0,0,5,-1.0,0.2178428302469978
exp1a_41,0,0,5,0.0,0.843383917424483
exp1a_41,1,1,5,0.0,-0.25927842447266464
exp1a_41,0,0,5,1.0,0.843383917424483
exp1a_41,1,0,5,0.0,-0.7363996791923271
exp1a_41,0,0,6,0.0,0.2178428302469978
exp1a_41,0,1,5,-1.0,-0.7363996791923271
exp1a_41,0,0,5,1.0,0.2178428302469978
exp1a_41,0,0,5,0.0,-0.25927842447266464
exp1a_41,0,0,5,1.0,-0.7363996791923271
exp1a_41,1,1,5,1.0,0.2178428302469978
exp1a_41,0,0,5,0.0,0.2178428302469978
exp1a_41,0,0,5,-1.0,0.2178428302469978
exp1a_41,0,0,5,1.0,0.843383917424483
exp1a_41,0,0,5,1.0,-0.7363996791923271
exp1a_41,0,0,4,1.0,0.2178428302469978
exp1a_41,1,1,5,-1.0,0.2178428302469978
exp1a_41,1,1,3,1.0,-0.037429674856308215
exp1a_41,1,1,3,0.0,0.2178428302469978
exp1a_41,1,1,5,1.0,0.843383917424483
exp1a_41,0,0,3,-1.0,-0.7363996791923271
exp1a_41,0,1,4,-1.0,-0.25927842447266464
exp1a_41,1,0,4,0.0,-0.7363996791923271
exp1a_41,1,1,5,0.0,0.843383917424483
exp1a_41,0,0,5,-1.0,0.843383917424483
exp1a_41,1,1,5,0.0,-0.25927842447266464
exp1a_41,1,0,4,0.0,-0.037429674856308215
exp1a_41,1,1,4,1.0,-0.7363996791923271
exp1a_41,0,1,3,0.0,-0.037429674856308215
exp1a_41,1,1,4,-1.0,-0.7363996791923271
exp1a_41,0,1,5,1.0,-0.25927842447266464
exp1a_41,1,1,5,-1.0,-0.037429674856308215
exp1a_41,0,0,3,-1.0,-0.037429674856308215
exp1a_41,1,1,4,1.0,-0.25927842447266464
exp1a_41,0,0,4,0.0,0.843383917424483
exp1a_41,1,1,5,-1.0,-0.25927842447266464
exp1a_41,0,0,5,1.0,-0.037429674856308215
exp1a_41,1,1,6,1.0,0.843383917424483
exp1a_41,0,0,5,1.0,0.2178428302469978
exp1a_41,1,1,5,-1.0,-0.25927842447266464
exp1a_41,1,1,5,1.0,0.2178428302469978
exp1a_41,0,0,5,1.0,-0.25927842447266464
exp1a_41,1,1,5,0.0,-0.25927842447266464
exp1a_41,0,0,5,-1.0,0.843383917424483
exp1a_41,0,0,5,0.0,0.843383917424483
exp1a_41,1,1,5,0.0,0.843383917424483
exp1a_41,1,0,5,-1.0,-0.037429674856308215
exp1a_41,0,1,5,1.0,-0.7363996791923271
exp1a_41,1,1,5,-1.0,-0.7363996791923271
exp1a_41,0,0,5,0.0,0.2178428302469978
exp1a_41,1,1,5,-1.0,0.2178428302469978
exp1a_41,1,1,5,0.0,0.2178428302469978
exp1a_41,1,1,5,1.0,-0.7363996791923271
exp1a_41,0,0,4,-1.0,-0.037429674856308215
exp1a_41,1,1,5,0.0,-0.037429674856308215
exp1a_41,1,1,5,-1.0,0.843383917424483
exp1a_41,0,0,6,0.0,-0.25927842447266464
exp1a_41,0,0,5,-1.0,0.2178428302469978
exp1a_41,0,0,5,-1.0,-0.7363996791923271
exp1a_41,0,0,4,0.0,-0.037429674856308215
exp1a_41,0,1,4,0.0,-0.7363996791923271
exp1a_41,1,0,5,0.0,-0.7363996791923271
exp1a_41,0,0,5,1.0,0.843383917424483
exp1a_41,0,0,5,1.0,-0.037429674856308215
exp1a_41,0,0,4,-1.0,-0.25927842447266464
exp1a_41,1,1,5,1.0,-0.037429674856308215
exp1a_41,0,0,4,1.0,0.2178428302469978
exp1a_41,0,0,5,1.0,-0.037429674856308215
exp1a_41,0,0,5,0.0,0.2178428302469978
exp1a_41,1,0,6,0.0,-0.25927842447266464
exp1a_41,1,0,4,1.0,-0.037429674856308215
exp1a_41,0,0,4,-1.0,0.843383917424483
exp1a_41,0,0,5,0.0,-0.037429674856308215
exp1a_41,0,0,6,0.0,-0.7363996791923271
exp1a_41,1,0,5,0.0,-0.7363996791923271
exp1a_41,1,1,5,0.0,-0.037429674856308215
exp1a_41,1,1,6,1.0,0.843383917424483
exp1a_41,1,1,6,0.0,0.2178428302469978
exp1a_41,0,0,5,1.0,-0.7363996791923271
exp1a_41,1,1,6,1.0,-0.7363996791923271
exp1a_41,1,1,5,-1.0,-0.7363996791923271
exp1a_41,1,1,5,1.0,-0.25927842447266464
exp1a_41,0,1,4,-1.0,-0.037429674856308215
exp1a_41,0,0,3,0.0,-0.25927842447266464
exp1a_41,1,1,5,0.0,0.843383917424483
exp1a_41,1,1,5,1.0,0.2178428302469978
exp1a_41,0,1,5,-1.0,0.2178428302469978
exp1a_41,0,1,5,-1.0,-0.25927842447266464
exp1a_41,1,1,5,-1.0,0.2178428302469978
exp1a_41,0,0,4,1.0,0.843383917424483
exp1a_41,0,0,3,1.0,-0.25927842447266464
exp1a_41,1,1,5,-1.0,-0.037429674856308215
exp1a_42,0,1,4,-1.0,-0.7363996791923271
exp1a_42,0,0,4,0.0,0.843383917424483
exp1a_42,1,1,3,-1.0,-0.25927842447266464
exp1a_42,1,1,5,1.0,-0.7363996791923271
exp1a_42,0,0,3,0.0,-0.7363996791923271
exp1a_42,1,1,5,-1.0,0.2178428302469978
exp1a_42,0,1,4,-1.0,-0.037429674856308215
exp1a_42,1,0,3,-1.0,-0.7363996791923271
exp1a_42,0,0,6,-1.0,0.843383917424483
exp1a_42,0,0,4,-1.0,-0.25927842447266464
exp1a_42,1,1,6,1.0,-0.25927842447266464
exp1a_42,1,1,4,-1.0,-0.037429674856308215
exp1a_42,0,1,4,0.0,-0.25927842447266464
exp1a_42,0,1,5,1.0,-0.7363996791923271
exp1a_42,0,0,5,1.0,0.843383917424483
exp1a_42,0,0,6,1.0,0.2178428302469978
exp1a_42,1,1,5,0.0,-0.25927842447266464
exp1a_42,1,1,5,1.0,0.843383917424483
exp1a_42,0,0,4,0.0,0.2178428302469978
exp1a_42,1,1,5,1.0,-0.037429674856308215
exp1a_42,1,1,4,0.0,-0.037429674856308215
exp1a_42,0,0,6,1.0,-0.037429674856308215
exp1a_42,1,1,5,0.0,-0.7363996791923271
exp1a_42,1,1,5,0.0,0.2178428302469978
exp1a_42,1,1,5,0.0,0.843383917424483
exp1a_42,0,1,4,-1.0,0.2178428302469978
exp1a_42,0,0,4,1.0,-0.25927842447266464
exp1a_42,1,1,3,-1.0,0.843383917424483
exp1a_42,1,1,5,1.0,0.2178428302469978
exp1a_42,0,1,5,0.0,-0.037429674856308215
exp1a_42,1,1,4,0.0,0.843383917424483
exp1a_42,1,1,3,-1.0,-0.7363996791923271
exp1a_42,1,1,4,-1.0,0.2178428302469978
exp1a_42,1,0,4,0.0,0.2178428302469978
exp1a_42,0,0,4,-1.0,0.843383917424483
exp1a_42,1,1,4,1.0,-0.7363996791923271
exp1a_42,1,1,4,0.0,-0.25927842447266464
exp1a_42,0,1,4,1.0,-0.037429674856308215
exp1a_42,1,1,3,-1.0,-0.25927842447266464
exp1a_42,1,0,3,-1.0,-0.037429674856308215
exp1a_42,0,1,4,-1.0,-0.25927842447266464
exp1a_42,0,0,3,-1.0,0.2178428302469978
exp1a_42,1,1,4,1.0,-0.037429674856308215
exp1a_42,0,0,4,-1.0,-0.037429674856308215
exp1a_42,0,1,4,1.0,-0.25927842447266464
exp1a_42,0,0,4,1.0,0.843383917424483
exp1a_42,1,1,4,1.0,0.2178428302469978
exp1a_42,0,1,4,0.0,-0.7363996791923271
exp1a_42,1,1,6,-1.0,0.843383917424483
exp1a_42,0,1,6,0.0,-0.037429674856308215
exp1a_42,0,0,6,1.0,0.2178428302469978
exp1a_42,1,1,5,1.0,0.843383917424483
exp1a_42,0,0,6,0.0,-0.25927842447266464
exp1a_42,0,1,6,-1.0,-0.7363996791923271
exp1a_42,1,1,5,1.0,-0.25927842447266464
exp1a_42,0,0,5,1.0,-0.7363996791923271
exp1a_42,1,1,5,0.0,-0.037429674856308215
exp1a_42,0,0,5,0.0,0.843383917424483
exp1a_42,0,0,5,0.0,0.2178428302469978
exp1a_42,0,1,5,1.0,-0.25927842447266464
exp1a_42,1,1,4,-1.0,-0.7363996791923271
exp1a_42,0,1,3,0.0,-0.7363996791923271
exp1a_42,1,1,4,0.0,-0.25927842447266464
exp1a_42,1,1,4,-1.0,0.843383917424483
exp1a_42,1,1,5,0.0,0.843383917424483
exp1a_42,0,0,3,-1.0,-0.037429674856308215
exp1a_42,1,1,4,1.0,0.2178428302469978
exp1a_42,0,0,4,-1.0,0.843383917424483
exp1a_42,1,1,4,1.0,-0.7363996791923271
exp1a_42,0,1,4,1.0,-0.7363996791923271
exp1a_42,1,1,4,-1.0,-0.25927842447266464
exp1a_42,1,1,4,0.0,-0.037429674856308215
exp1a_42,1,1,4,1.0,0.843383917424483
exp1a_42,1,1,6,1.0,-0.25927842447266464
exp1a_42,1,1,6,1.0,-0.037429674856308215
exp1a_42,0,0,3,-1.0,-0.7363996791923271
exp1a_42,1,1,5,-1.0,0.2178428302469978
exp1a_42,0,1,4,0.0,0.2178428302469978
exp1a_42,0,0,6,1.0,0.843383917424483
exp1a_42,0,0,4,0.0,0.843383917424483
exp1a_42,1,1,3,-1.0,-0.037429674856308215
exp1a_42,0,0,4,1.0,0.2178428302469978
exp1a_42,0,1,6,-1.0,-0.25927842447266464
exp1a_42,0,0,3,-1.0,0.2178428302469978
exp1a_42,1,1,3,0.0,0.2178428302469978
exp1a_42,1,1,4,0.0,-0.7363996791923271
exp1a_42,0,0,4,0.0,-0.25927842447266464
exp1a_42,0,0,5,1.0,-0.037429674856308215
exp1a_42,0,0,4,0.0,-0.037429674856308215
exp1a_42,1,1,3,-1.0,-0.25927842447266464
exp1a_42,1,0,4,-1.0,-0.037429674856308215
exp1a_42,1,1,4,1.0,0.843383917424483
exp1a_42,1,1,4,0.0,-0.037429674856308215
exp1a_42,1,1,4,0.0,0.2178428302469978
exp1a_42,0,1,5,1.0,0.2178428302469978
exp1a_42,0,0,4,-1.0,0.843383917424483
exp1a_42,0,1,6,1.0,-0.7363996791923271
exp1a_42,0,0,4,-1.0,-0.037429674856308215
exp1a_42,0,1,6,1.0,-0.037429674856308215
exp1a_42,0,0,4,0.0,0.843383917424483
exp1a_42,0,0,5,1.0,-0.25927842447266464
exp1a_42,1,1,6,1.0,-0.037429674856308215
exp1a_42,0,0,5,-1.0,0.2178428302469978
exp1a_42,0,0,6,1.0,0.843383917424483
exp1a_42,1,1,3,-1.0,0.2178428302469978
exp1a_42,0,0,4,-1.0,-0.7363996791923271
exp1a_42,1,1,4,0.0,-0.25927842447266464
exp1a_42,0,0,4,-1.0,-0.25927842447266464
exp1a_42,1,1,4,-1.0,0.843383917424483
exp1a_42,1,1,4,0.0,-0.7363996791923271
exp1a_42,1,1,5,1.0,0.2178428302469978
exp1a_42,1,1,6,1.0,-0.7363996791923271
exp1a_42,0,0,5,0.0,0.2178428302469978
exp1a_42,1,1,6,1.0,-0.25927842447266464
exp1a_42,0,0,4,0.0,-0.7363996791923271
exp1a_42,0,0,5,0.0,-0.037429674856308215
exp1a_42,0,0,4,0.0,-0.25927842447266464
exp1a_42,1,1,5,0.0,0.843383917424483
exp1a_42,1,0,3,-1.0,-0.7363996791923271
exp1a_42,0,1,4,0.0,0.2178428302469978
exp1a_42,1,1,5,1.0,0.843383917424483
exp1a_42,0,1,6,0.0,-0.037429674856308215
exp1a_42,1,1,4,-1.0,-0.037429674856308215
exp1a_42,1,1,6,0.0,0.843383917424483
exp1a_42,0,1,6,1.0,-0.037429674856308215
exp1a_42,0,0,4,0.0,0.843383917424483
exp1a_42,0,1,5,0.0,-0.7363996791923271
exp1a_42,0,0,3,-1.0,0.2178428302469978
exp1a_42,1,1,4,1.0,-0.25927842447266464
exp1a_42,0,0,5,1.0,0.843383917424483
exp1a_42,1,0,4,1.0,-0.7363996791923271
exp1a_42,0,0,5,-1.0,0.843383917424483
exp1a_42,1,1,6,0.0,-0.25927842447266464
exp1a_42,1,0,4,0.0,-0.7363996791923271
exp1a_42,0,0,4,0.0,-0.25927842447266464
exp1a_42,1,1,5,0.0,0.2178428302469978
exp1a_42,1,1,6,-1.0,0.843383917424483
exp1a_42,0,1,4,-1.0,-0.7363996791923271
exp1a_42,0,0,4,1.0,-0.7363996791923271
exp1a_42,1,0,5,-1.0,-0.7363996791923271
exp1a_42,1,1,6,1.0,0.2178428302469978
exp1a_42,1,1,5,1.0,-0.037429674856308215
exp1a_42,0,0,4,1.0,-0.25927842447266464
exp1a_42,1,1,5,-1.0,0.2178428302469978
exp1a_42,0,1,4,1.0,0.2178428302469978
exp1a_42,1,1,5,0.0,-0.037429674856308215
exp1a_42,1,1,4,-1.0,-0.25927842447266464
exp1a_42,0,0,5,-1.0,-0.037429674856308215
exp1a_42,0,1,4,-1.0,-0.25927842447266464
exp1a_42,0,1,4,-1.0,0.2178428302469978
exp1a_42,0,1,5,1.0,-0.25927842447266464
exp1a_42,0,0,4,0.0,-0.25927842447266464
exp1a_42,1,0,6,0.0,-0.037429674856308215
exp1a_42,1,0,5,1.0,-0.25927842447266464
exp1a_42,0,0,5,-1.0,0.843383917424483
exp1a_42,1,1,4,0.0,-0.7363996791923271
exp1a_42,0,0,6,1.0,-0.037429674856308215
exp1a_42,0,0,4,-1.0,-0.7363996791923271
exp1a_42,1,1,4,-1.0,0.2178428302469978
exp1a_42,1,1,4,-1.0,-0.25927842447266464
exp1a_42,0,0,4,1.0,0.2178428302469978
exp1a_42,1,1,5,-1.0,0.843383917424483
exp1a_42,0,0,5,-1.0,-0.25927842447266464
exp1a_42,0,1,4,-1.0,-0.037429674856308215
exp1a_42,0,1,4,1.0,-0.7363996791923271
exp1a_42,1,0,5,1.0,-0.7363996791923271
exp1a_42,1,1,5,-1.0,-0.7363996791923271
exp1a_42,0,0,4,0.0,-0.037429674856308215
exp1a_42,0,1,5,0.0,-0.7363996791923271
exp1a_42,1,0,6,1.0,-0.037429674856308215
exp1a_42,1,1,4,-1.0,-0.037429674856308215
exp1a_42,1,1,6,1.0,0.843383917424483
exp1a_42,1,1,5,0.0,0.843383917424483
exp1a_42,1,0,3,1.0,0.2178428302469978
exp1a_42,1,1,4,0.0,0.2178428302469978
exp1a_42,0,0,6,0.0,0.2178428302469978
exp1a_42,0,0,5,1.0,0.843383917424483
exp1a_42,0,0,5,0.0,0.843383917424483
exp1a_42,1,0,6,0.0,-0.25927842447266464
exp1a_42,0,1,4,0.0,-0.25927842447266464
exp1a_42,0,1,4,-1.0,-0.7363996791923271
exp1a_42,1,1,5,1.0,-0.25927842447266464
exp1a_42,0,1,5,-1.0,-0.037429674856308215
exp1a_42,0,0,5,1.0,0.843383917424483
exp1a_42,0,1,6,1.0,-0.7363996791923271
exp1a_42,0,0,6,1.0,0.2178428302469978
exp1a_42,1,1,5,0.0,-0.25927842447266464
exp1a_42,0,1,4,-1.0,-0.25927842447266464
exp1a_42,1,0,5,1.0,0.2178428302469978
exp1a_42,1,1,6,0.0,-0.037429674856308215
exp1a_42,0,0,4,-1.0,0.2178428302469978
exp1a_42,1,0,3,-1.0,-0.25927842447266464
exp1a_42,0,1,4,0.0,-0.037429674856308215
exp1a_42,1,0,4,0.0,-0.7363996791923271
exp1a_42,1,0,5,-1.0,-0.037429674856308215
exp1a_42,1,1,4,-1.0,-0.7363996791923271
exp1a_42,1,1,6,0.0,0.843383917424483
exp1a_42,1,1,5,-1.0,0.2178428302469978
exp1a_42,1,1,4,1.0,-0.7363996791923271
exp1a_42,0,0,5,1.0,-0.037429674856308215
exp1a_42,0,0,6,-1.0,0.843383917424483
exp1a_42,0,1,5,1.0,-0.25927842447266464
exp1a_42,1,0,4,1.0,-0.037429674856308215
exp1a_42,1,1,4,0.0,0.2178428302469978
exp1a_42,0,0,5,0.0,0.843383917424483
exp1a_42,1,1,6,-1.0,0.843383917424483
exp1a_42,0,1,5,0.0,0.2178428302469978
exp1a_42,1,1,4,1.0,0.843383917424483
exp1a_42,0,0,4,0.0,-0.7363996791923271
exp1a_42,0,0,4,0.0,0.2178428302469978
exp1a_42,0,0,5,0.0,0.843383917424483
exp1a_42,0,1,3,0.0,-0.037429674856308215
exp1a_42,1,1,4,-1.0,-0.7363996791923271
exp1a_42,0,0,4,1.0,-0.7363996791923271
exp1a_42,0,1,4,0.0,-0.7363996791923271
exp1a_42,1,0,5,0.0,-0.7363996791923271
exp1a_42,0,0,3,-1.0,-0.25927842447266464
exp1a_42,0,1,4,1.0,-0.037429674856308215
exp1a_42,1,1,5,0.0,0.2178428302469978
exp1a_42,1,1,4,1.0,0.2178428302469978
exp1a_42,0,0,5,-1.0,0.843383917424483
exp1a_42,0,0,5,-1.0,-0.037429674856308215
exp1a_42,0,0,4,-1.0,-0.7363996791923271
exp1a_42,1,1,5,-1.0,0.2178428302469978
exp1a_42,1,1,6,1.0,-0.037429674856308215
exp1a_42,1,1,6,1.0,0.843383917424483
exp1a_42,0,0,4,0.0,-0.25927842447266464
exp1a_42,0,1,5,1.0,-0.25927842447266464
exp1a_42,0,0,4,1.0,0.843383917424483
exp1a_42,1,0,6,0.0,-0.25927842447266464
exp1a_42,1,1,6,1.0,-0.7363996791923271
exp1a_42,1,1,5,-1.0,0.843383917424483
exp1a_42,1,1,4,-1.0,-0.25927842447266464
exp1a_42,0,0,4,-1.0,0.2178428302469978
exp1a_42,1,0,5,0.0,-0.037429674856308215
exp1a_42,1,0,4,-1.0,-0.037429674856308215
exp1a_42,1,1,5,0.0,0.843383917424483
exp1a_42,0,0,6,1.0,0.2178428302469978
exp1a_42,1,1,5,1.0,-0.25927842447266464
exp1a_43,0,0,5,0.0,0.843383917424483
exp1a_43,0,0,4,0.0,-0.037429674856308215
exp1a_43,1,1,5,0.0,0.2178428302469978
exp1a_43,1,0,3,1.0,-0.037429674856308215
exp1a_43,1,1,6,1.0,0.843383917424483
exp1a_43,0,0,4,0.0,-0.25927842447266464
exp1a_43,0,0,4,1.0,-0.037429674856308215
exp1a_43,0,0,5,1.0,-0.25927842447266464
exp1a_43,1,1,2,0.0,-0.25927842447266464
exp1a_43,0,0,5,-1.0,0.2178428302469978
exp1a_43,0,0,5,1.0,0.2178428302469978
exp1a_43,1,1,3,0.0,-0.7363996791923271
exp1a_43,0,0,4,-1.0,-0.037429674856308215
exp1a_43,1,1,6,1.0,0.2178428302469978
exp1a_43,0,0,3,-1.0,-0.7363996791923271
exp1a_43,0,0,3,-1.0,-0.25927842447266464
exp1a_43,0,0,4,0.0,0.2178428302469978
exp1a_43,1,1,4,-1.0,-0.25927842447266464
exp1a_43,1,1,5,0.0,0.843383917424483
exp1a_43,1,0,4,1.0,-0.7363996791923271
exp1a_43,0,0,4,1.0,0.843383917424483
exp1a_43,1,0,4,-1.0,-0.037429674856308215
exp1a_43,1,1,4,1.0,-0.25927842447266464
exp1a_43,1,0,3,-1.0,-0.7363996791923271
exp1a_43,1,1,4,-1.0,0.2178428302469978
exp1a_43,0,0,5,-1.0,0.843383917424483
exp1a_43,0,1,4,0.0,-0.7363996791923271
exp1a_43,1,1,4,0.0,-0.037429674856308215
exp1a_43,0,1,4,1.0,-0.7363996791923271
exp1a_43,1,1,4,-1.0,0.2178428302469978
exp1a_43,1,1,4,-1.0,0.843383917424483
exp1a_43,1,1,3,1.0,-0.25927842447266464
exp1a_43,1,0,3,-1.0,-0.25927842447266464
exp1a_43,1,1,4,1.0,-0.037429674856308215
exp1a_43,1,1,3,-1.0,-0.7363996791923271
exp1a_43,0,1,4,-1.0,-0.037429674856308215
exp1a_43,0,0,4,1.0,-0.7363996791923271
exp1a_43,1,0,4,1.0,-0.7363996791923271
exp1a_43,0,0,5,-1.0,0.2178428302469978
exp1a_43,1,1,6,1.0,0.843383917424483
exp1a_43,0,0,4,-1.0,0.843383917424483
exp1a_43,0,0,4,1.0,0.2178428302469978
exp1a_43,1,0,4,0.0,-0.037429674856308215
exp1a_43,1,0,4,0.0,-0.7363996791923271
exp1a_43,1,1,3,0.0,-0.25927842447266464
exp1a_43,0,0,4,1.0,-0.037429674856308215
exp1a_43,0,0,4,0.0,0.2178428302469978
exp1a_43,0,0,5,1.0,-0.25927842447266464
exp1a_43,1,1,5,-1.0,-0.037429674856308215
exp1a_43,1,1,5,1.0,0.2178428302469978
exp1a_43,1,1,5,0.0,0.2178428302469978
exp1a_43,0,0,3,-1.0,-0.25927842447266464
exp1a_43,0,1,4,-1.0,-0.7363996791923271
exp1a_43,0,0,6,1.0,0.843383917424483
exp1a_43,0,0,6,0.0,0.843383917424483
exp1a_43,0,1,4,0.0,-0.7363996791923271
exp1a_43,1,1,5,0.0,0.843383917424483
exp1a_43,1,0,4,1.0,-0.7363996791923271
exp1a_43,1,1,3,0.0,-0.25927842447266464
exp1a_43,0,0,4,-1.0,-0.037429674856308215
exp1a_43,1,1,4,-1.0,-0.037429674856308215
exp1a_43,0,0,6,1.0,0.843383917424483
exp1a_43,0,0,5,0.0,0.2178428302469978
exp1a_43,0,0,4,-1.0,0.2178428302469978
exp1a_43,0,0,5,-1.0,0.843383917424483
exp1a_43,0,1,3,0.0,-0.7363996791923271
exp1a_43,0,0,3,1.0,-0.7363996791923271
exp1a_43,0,0,5,-1.0,-0.25927842447266464
exp1a_43,1,1,6,0.0,0.843383917424483
exp1a_43,1,1,6,-1.0,0.843383917424483
exp1a_43,1,0,4,1.0,-0.25927842447266464
exp1a_43,1,1,4,0.0,0.2178428302469978
exp1a_43,1,1,4,1.0,0.2178428302469978
exp1a_43,1,1,5,1.0,0.843383917424483
exp1a_43,1,1,4,0.0,-0.037429674856308215
exp1a_43,0,0,3,-1.0,-0.7363996791923271
exp1a_43,1,1,4,1.0,-0.037429674856308215
exp1a_43,0,0,4,1.0,-0.037429674856308215
exp1a_43,0,1,4,0.0,-0.25927842447266464
exp1a_43,1,1,4,-1.0,0.2178428302469978
exp1a_43,0,0,4,1.0,0.2178428302469978
exp1a_43,0,0,5,0.0,0.843383917424483
exp1a_43,1,0,2,-1.0,-0.25927842447266464
exp1a_43,0,0,4,0.0,-0.037429674856308215
exp1a_43,1,1,3,-1.0,-0.7363996791923271
exp1a_43,1,0,4,0.0,-0.7363996791923271
exp1a_43,0,0,4,1.0,-0.25927842447266464
exp1a_43,1,1,4,-1.0,0.2178428302469978
exp1a_43,1,0,3,1.0,-0.25927842447266464
exp1a_43,1,0,3,0.0,-0.7363996791923271
exp1a_43,1,1,3,1.0,-0.7363996791923271
exp1a_43,1,1,4,1.0,-0.037429674856308215
exp1a_43,1,1,4,-1.0,-0.25927842447266464
exp1a_43,0,0,5,-1.0,0.843383917424483
exp1a_43,1,1,5,0.0,-0.25927842447266464
exp1a_43,0,0,5,1.0,0.2178428302469978
exp1a_43,0,0,5,0.0,0.843383917424483
exp1a_43,1,1,3,-1.0,-0.7363996791923271
exp1a_43,0,0,4,1.0,0.843383917424483
exp1a_43,0,0,3,-1.0,-0.25927842447266464
exp1a_43,1,1,4,-1.0,-0.037429674856308215
exp1a_43,0,1,3,0.0,-0.7363996791923271
exp1a_43,0,0,5,-1.0,0.2178428302469978
exp1a_43,0,0,5,0.0,-0.25927842447266464
exp1a_43,1,1,5,1.0,0.2178428302469978
exp1a_43,0,0,4,0.0,-0.037429674856308215
exp1a_43,0,0,4,-1.0,-0.7363996791923271
exp1a_43,1,1,5,-1.0,0.843383917424483
exp1a_43,1,1,5,1.0,0.843383917424483
exp1a_43,0,0,4,1.0,-0.25927842447266464
exp1a_43,1,1,4,0.0,0.2178428302469978
exp1a_43,0,0,3,-1.0,-0.037429674856308215
exp1a_43,0,0,3,0.0,0.2178428302469978
exp1a_43,0,1,4,1.0,-0.7363996791923271
exp1a_43,1,1,4,0.0,-0.037429674856308215
exp1a_43,0,0,5,1.0,-0.037429674856308215
exp1a_43,1,1,4,0.0,-0.25927842447266464
exp1a_43,0,0,3,0.0,-0.037429674856308215
exp1a_43,1,1,4,1.0,-0.25927842447266464
exp1a_43,0,0,3,0.0,-0.25927842447266464
exp1a_43,1,0,3,-1.0,-0.25927842447266464
exp1a_43,1,1,4,1.0,-0.7363996791923271
exp1a_43,0,1,4,-1.0,-0.7363996791923271
exp1a_43,1,0,4,-1.0,-0.037429674856308215
exp1a_43,1,1,4,1.0,0.2178428302469978
exp1a_43,0,1,4,0.0,-0.7363996791923271
exp1a_43,1,1,6,0.0,0.843383917424483
exp1a_43,0,0,5,-1.0,0.2178428302469978
exp1a_43,1,1,5,0.0,0.2178428302469978
exp1a_43,1,0,3,0.0,-0.037429674856308215
exp1a_43,1,1,6,0.0,-0.7363996791923271
exp1a_43,0,0,6,0.0,0.2178428302469978
exp1a_43,0,0,6,1.0,0.843383917424483
exp1a_43,1,1,5,-1.0,0.843383917424483
exp1a_43,0,0,4,1.0,0.2178428302469978
exp1a_43,0,0,4,-1.0,-0.037429674856308215
exp1a_43,1,1,1,-1.0,-0.7363996791923271
exp1a_43,1,1,6,1.0,0.843383917424483
exp1a_43,0,1,4,1.0,-0.7363996791923271
exp1a_43,0,0,4,-1.0,-0.25927842447266464
exp1a_43,1,1,4,1.0,-0.037429674856308215
exp1a_43,0,0,5,0.0,0.843383917424483
exp1a_43,0,0,6,1.0,-0.037429674856308215
exp1a_43,0,0,4,1.0,-0.25927842447266464
exp1a_43,1,1,4,-1.0,0.2178428302469978
exp1a_43,1,1,4,-1.0,0.2178428302469978
exp1a_43,1,1,5,0.0,0.2178428302469978
exp1a_43,0,0,4,1.0,-0.037429674856308215
exp1a_43,1,1,3,1.0,-0.037429674856308215
exp1a_43,1,1,3,-1.0,-0.7363996791923271
exp1a_43,1,1,5,1.0,0.2178428302469978
exp1a_43,1,1,5,0.0,0.843383917424483
exp1a_43,0,0,4,-1.0,-0.7363996791923271
exp1a_43,1,1,4,-1.0,-0.25927842447266464
exp1a_43,0,0,4,1.0,-0.7363996791923271
exp1a_43,1,1,4,-1.0,-0.037429674856308215
exp1a_43,0,1,5,0.0,-0.037429674856308215
exp1a_43,0,0,5,-1.0,-0.037429674856308215
exp1a_43,0,1,5,-1.0,-0.25927842447266464
exp1a_43,1,1,5,0.0,-0.037429674856308215
exp1a_43,0,0,5,-1.0,0.2178428302469978
exp1a_43,1,1,5,0.0,-0.7363996791923271
exp1a_43,0,1,4,0.0,-0.7363996791923271
exp1a_43,1,1,6,1.0,0.843383917424483
exp1a_43,0,0,3,1.0,-0.25927842447266464
exp1a_43,1,0,3,0.0,-0.25927842447266464
exp1a_43,0,0,5,0.0,0.2178428302469978
exp1a_43,0,0,3,1.0,0.2178428302469978
exp1a_43,0,1,4,0.0,-0.25927842447266464
exp1a_43,0,0,4,1.0,0.843383917424483
exp1a_43,1,1,3,1.0,-0.25927842447266464
exp1a_43,0,0,4,-1.0,0.843383917424483
exp1a_43,1,1,5,-1.0,0.843383917424483
exp1a_43,1,1,5,1.0,-0.7363996791923271
exp1a_43,1,1,4,0.0,0.843383917424483
exp1a_43,0,1,4,1.0,-0.037429674856308215
exp1a_43,1,1,5,-1.0,0.2178428302469978
exp1a_43,0,0,5,1.0,0.843383917424483
exp1a_43,0,0,4,1.0,-0.7363996791923271
exp1a_43,1,0,3,0.0,-0.7363996791923271
exp1a_43,0,0,4,0.0,-0.7363996791923271
exp1a_43,1,1,4,-1.0,-0.7363996791923271
exp1a_43,0,0,4,0.0,0.843383917424483
exp1a_43,0,1,4,-1.0,-0.7363996791923271
exp1a_43,1,1,4,0.0,-0.25927842447266464
exp1a_43,0,0,4,-1.0,-0.037429674856308215
exp1a_43,1,1,4,-1.0,-0.25927842447266464
exp1a_43,0,0,4,1.0,0.2178428302469978
exp1a_43,0,0,4,-1.0,0.2178428302469978
exp1a_43,1,1,4,-1.0,-0.037429674856308215
exp1a_43,1,1,5,-1.0,0.843383917424483
exp1a_43,1,0,3,1.0,-0.25927842447266464
exp1a_43,1,1,4,1.0,0.2178428302469978
exp1a_43,0,0,4,1.0,-0.25927842447266464
exp1a_43,0,1,4,-1.0,-0.25927842447266464
exp1a_43,1,0,4,1.0,-0.7363996791923271
exp1a_43,0,0,4,0.0,0.2178428302469978
exp1a_43,1,1,4,0.0,0.2178428302469978
exp1a_43,1,1,4,1.0,0.843383917424483
exp1a_43,0,0,3,0.0,-0.25927842447266464
exp1a_43,1,1,4,1.0,-0.037429674856308215
exp1a_43,0,0,4,0.0,-0.037429674856308215
exp1a_43,0,0,6,-1.0,0.843383917424483
exp1a_43,1,0,3,0.0,-0.037429674856308215
exp1a_43,0,0,5,1.0,-0.037429674856308215
exp1a_43,1,1,4,1.0,-0.037429674856308215
exp1a_43,0,0,2,1.0,0.2178428302469978
exp1a_43,0,1,3,1.0,-0.7363996791923271
exp1a_43,1,1,4,0.0,-0.037429674856308215
exp1a_43,1,0,5,0.0,-0.25927842447266464
exp1a_43,0,0,5,0.0,-0.7363996791923271
exp1a_43,0,1,3,-1.0,-0.25927842447266464
exp1a_43,1,1,4,-1.0,-0.037429674856308215
exp1a_43,1,1,2,1.0,-0.7363996791923271
exp1a_43,0,0,5,1.0,0.843383917424483
exp1a_43,1,0,5,-1.0,-0.7363996791923271
exp1a_43,1,1,5,1.0,0.2178428302469978
exp1a_43,0,0,5,-1.0,0.2178428302469978
exp1a_43,1,0,2,1.0,-0.25927842447266464
exp1a_43,1,1,5,0.0,0.2178428302469978
exp1a_43,1,1,5,-1.0,-0.25927842447266464
exp1a_43,0,0,5,-1.0,-0.037429674856308215
exp1a_43,1,0,1,-1.0,0.843383917424483
exp1a_43,1,1,5,-1.0,0.2178428302469978
exp1a_43,0,0,6,0.0,0.843383917424483
exp1a_43,0,0,5,1.0,-0.25927842447266464
exp1a_43,0,0,4,0.0,0.2178428302469978
exp1a_43,0,1,4,0.0,-0.25927842447266464
exp1a_43,1,1,6,1.0,0.843383917424483
exp1a_43,0,0,3,0.0,-0.037429674856308215
exp1a_75,1,1,5,0.0,-0.037429674856308215
exp1a_75,1,0,6,1.0,-0.25927842447266464
exp1a_75,1,1,5,-1.0,0.2178428302469978
exp1a_75,1,0,5,1.0,-0.037429674856308215
exp1a_75,1,0,3,0.0,0.2178428302469978
exp1a_75,1,1,6,-1.0,0.843383917424483
exp1a_75,1,0,5,1.0,-0.7363996791923271
exp1a_75,1,1,6,-1.0,-0.037429674856308215
exp1a_75,0,0,6,1.0,0.843383917424483
exp1a_75,0,1,3,-1.0,-0.7363996791923271
exp1a_75,1,0,3,-1.0,-0.7363996791923271
exp1a_75,1,1,6,1.0,0.843383917424483
exp1a_75,0,0,5,-1.0,-0.25927842447266464
exp1a_75,0,0,3,1.0,-0.037429674856308215
exp1a_75,0,1,3,0.0,-0.25927842447266464
exp1a_75,0,0,6,0.0,0.843383917424483
exp1a_75,1,0,4,0.0,-0.7363996791923271
exp1a_75,1,1,6,0.0,0.843383917424483
exp1a_75,0,0,6,1.0,0.2178428302469978
exp1a_75,0,0,6,-1.0,0.843383917424483
exp1a_75,0,1,4,1.0,-0.25927842447266464
exp1a_75,0,1,3,-1.0,-0.037429674856308215
exp1a_75,1,0,4,-1.0,-0.25927842447266464
exp1a_75,0,1,5,1.0,-0.7363996791923271
exp1a_75,1,1,4,1.0,0.2178428302469978
exp1a_75,0,0,5,-1.0,0.2178428302469978
exp1a_75,1,1,4,0.0,-0.25927842447266464
exp1a_75,1,1,3,-1.0,-0.037429674856308215
exp1a_75,1,1,6,1.0,0.843383917424483
exp1a_75,1,1,3,0.0,0.2178428302469978
exp1a_75,0,0,3,0.0,-0.7363996791923271
exp1a_75,1,1,5,1.0,-0.037429674856308215
exp1a_75,1,0,4,-1.0,-0.25927842447266464
exp1a_75,0,0,5,0.0,-0.037429674856308215
exp1a_75,1,1,3,0.0,-0.7363996791923271
exp1a_75,0,1,3,1.0,0.2178428302469978
exp1a_75,0,0,4,-1.0,-0.7363996791923271
exp1a_75,1,1,6,0.0,0.843383917424483
exp1a_75,1,1,4,-1.0,-0.7363996791923271
exp1a_75,0,0,4,-1.0,-0.25927842447266464
exp1a_75,1,1,5,1.0,-0.25927842447266464
exp1a_75,0,0,3,1.0,-0.25927842447266464
exp1a_75,0,0,5,-1.0,-0.037429674856308215
exp1a_75,0,0,3,-1.0,0.2178428302469978
exp1a_75,0,0,6,1.0,0.843383917424483
exp1a_75,1,0,6,1.0,-0.7363996791923271
exp1a_75,0,1,5,1.0,-0.7363996791923271
exp1a_75,0,0,6,-1.0,0.843383917424483
exp1a_75,1,0,4,-1.0,0.2178428302469978
exp1a_75,1,0,4,0.0,-0.037429674856308215
exp1a_75,0,1,4,1.0,-0.037429674856308215
exp1a_75,1,0,3,1.0,0.2178428302469978
exp1a_75,1,1,6,-1.0,0.843383917424483
exp1a_75,0,0,6,0.0,0.2178428302469978
exp1a_75,0,0,6,0.0,0.843383917424483
exp1a_75,1,0,6,0.0,-0.25927842447266464
exp1a_75,0,0,6,0.0,-0.25927842447266464
exp1a_75,1,0,5,0.0,-0.25927842447266464
exp1a_75,1,0,3,-1.0,-0.7363996791923271
exp1a_75,0,0,6,1.0,-0.25927842447266464
exp1a_75,0,0,6,0.0,0.843383917424483
exp1a_75,0,0,5,-1.0,-0.25927842447266464
exp1a_75,0,0,5,1.0,-0.037429674856308215
exp1a_75,1,1,6,0.0,0.843383917424483
exp1a_75,0,0,5,0.0,-0.25927842447266464
exp1a_75,0,0,5,-1.0,0.2178428302469978
exp1a_75,1,1,6,1.0,0.843383917424483
exp1a_75,1,1,5,-1.0,0.843383917424483
exp1a_75,0,1,3,0.0,-0.037429674856308215
exp1a_75,0,0,3,0.0,0.2178428302469978
exp1a_75,1,1,3,0.0,-0.7363996791923271
exp1a_75,0,0,6,-1.0,0.843383917424483
exp1a_75,0,0,6,1.0,0.843383917424483
exp1a_75,0,0,3,-1.0,-0.7363996791923271
exp1a_75,1,0,3,1.0,-0.037429674856308215
exp1a_75,1,1,3,1.0,-0.25927842447266464
exp1a_75,0,0,4,-1.0,-0.037429674856308215
exp1a_75,1,1,3,0.0,0.2178428302469978
exp1a_75,1,0,3,1.0,-0.7363996791923271
exp1a_75,1,1,5,1.0,0.2178428302469978
exp1a_75,1,1,4,0.0,-0.037429674856308215
exp1a_75,0,1,4,1.0,-0.7363996791923271
exp1a_75,1,1,3,-1.0,-0.037429674856308215
exp1a_75,0,0,5,1.0,0.2178428302469978
exp1a_75,1,1,5,-1.0,0.2178428302469978
exp1a_75,0,0,6,-1.0,0.843383917424483
exp1a_75,0,1,4,0.0,-0.7363996791923271
exp1a_75,1,0,4,-1.0,-0.037429674856308215
exp1a_75,0,1,3,-1.0,-0.037429674856308215
exp1a_75,1,0,3,-1.0,0.2178428302469978
exp1a_75,0,0,6,0.0,0.843383917424483
exp1a_75,1,1,5,1.0,0.2178428302469978
exp1a_75,1,1,3,0.0,0.2178428302469978
exp1a_75,1,0,4,-1.0,-0.25927842447266464
exp1a_75,1,1,6,1.0,0.843383917424483
exp1a_75,0,0,4,0.0,0.2178428302469978
exp1a_75,0,1,4,1.0,-0.7363996791923271
exp1a_75,0,0,6,1.0,0.843383917424483
exp1a_75,1,1,3,-1.0,-0.7363996791923271
exp1a_75,1,1,3,1.0,-0.25927842447266464
exp1a_75,0,0,5,-1.0,0.2178428302469978
exp1a_75,1,0,5,1.0,-0.037429674856308215
exp1a_75,0,0,4,-1.0,-0.25927842447266464
exp1a_75,0,0,4,1.0,-0.25927842447266464
exp1a_75,1,1,3,0.0,-0.7363996791923271
exp1a_75,1,1,6,-1.0,0.843383917424483
exp1a_75,0,0,6,1.0,0.2178428302469978
exp1a_75,0,0,5,0.0,-0.037429674856308215
exp1a_75,1,0,4,1.0,-0.7363996791923271
exp1a_75,0,0,3,0.0,-0.25927842447266464
exp1a_75,1,1,6,0.0,0.843383917424483
exp1a_75,1,1,3,0.0,-0.25927842447266464
exp1a_75,1,1,4,0.0,-0.037429674856308215
exp1a_75,0,1,4,1.0,-0.037429674856308215
exp1a_75,0,0,4,-1.0,-0.7363996791923271
exp1a_75,1,1,5,1.0,-0.25927842447266464
exp1a_75,0,1,4,-1.0,-0.037429674856308215
exp1a_75,1,1,4,1.0,-0.037429674856308215
exp1a_75,0,0,5,-1.0,0.2178428302469978
exp1a_75,1,1,6,1.0,0.843383917424483
exp1a_75,0,0,6,-1.0,0.843383917424483
exp1a_75,0,1,4,1.0,-0.7363996791923271
exp1a_75,0,0,4,1.0,-0.037429674856308215
exp1a_75,1,0,3,-1.0,-0.037429674856308215
exp1a_75,0,0,6,0.0,0.843383917424483
exp1a_75,0,0,4,0.0,-0.25927842447266464
exp1a_75,0,0,4,1.0,-0.25927842447266464
exp1a_75,1,1,3,-1.0,-0.25927842447266464
exp1a_75,1,1,3,0.0,0.2178428302469978
exp1a_75,1,1,4,-1.0,-0.7363996791923271
exp1a_75,0,0,6,1.0,0.843383917424483
exp1a_75,0,0,4,-1.0,-0.25927842447266464
exp1a_75,0,0,3,-1.0,-0.7363996791923271
exp1a_75,1,1,3,0.0,-0.25927842447266464
exp1a_75,0,0,4,0.0,-0.037429674856308215
exp1a_75,1,1,5,1.0,0.2178428302469978
exp1a_75,0,0,4,1.0,0.2178428302469978
exp1a_75,1,1,3,0.0,-0.7363996791923271
exp1a_75,1,0,3,0.0,-0.037429674856308215
exp1a_75,1,1,6,-1.0,0.843383917424483
exp1a_75,1,1,6,0.0,0.843383917424483
exp1a_75,0,0,4,0.0,0.2178428302469978
exp1a_75,0,1,3,0.0,-0.7363996791923271
exp1a_75,1,1,4,1.0,-0.7363996791923271
exp1a_75,1,1,3,-1.0,0.2178428302469978
exp1a_75,1,1,4,1.0,-0.7363996791923271
exp1a_75,1,1,3,0.0,0.2178428302469978
exp1a_75,1,1,3,0.0,-0.037429674856308215
exp1a_75,0,1,4,-1.0,-0.037429674856308215
exp1a_75,1,1,6,1.0,0.843383917424483
exp1a_75,0,1,5,0.0,0.2178428302469978
exp1a_75,1,1,5,0.0,-0.7363996791923271
exp1a_75,1,1,5,-1.0,-0.7363996791923271
exp1a_75,0,1,3,-1.0,-0.25927842447266464
exp1a_75,1,1,4,1.0,-0.25927842447266464
exp1a_75,1,1,4,1.0,-0.037429674856308215
exp1a_75,1,1,5,-1.0,0.2178428302469978
exp1a_75,1,1,6,-1.0,0.843383917424483
exp1a_75,0,0,3,0.0,-0.037429674856308215
exp1a_75,0,0,6,1.0,0.843383917424483
exp1a_75,0,0,6,1.0,0.2178428302469978
exp1a_75,1,1,5,-1.0,-0.037429674856308215
exp1a_75,0,0,4,-1.0,0.2178428302469978
exp1a_75,1,1,3,-1.0,-0.25927842447266464
exp1a_75,0,0,3,-1.0,-0.7363996791923271
exp1a_75,0,1,4,1.0,-0.037429674856308215
exp1a_75,0,0,4,0.0,-0.7363996791923271
exp1a_75,1,1,3,0.0,-0.25927842447266464
exp1a_75,0,1,4,1.0,-0.7363996791923271
exp1a_75,0,0,5,-1.0,0.843383917424483
exp1a_75,0,0,6,0.0,0.843383917424483
exp1a_75,1,1,5,1.0,0.2178428302469978
exp1a_75,0,0,4,0.0,-0.25927842447266464
exp1a_75,0,0,4,1.0,-0.25927842447266464
exp1a_75,1,1,6,0.0,0.843383917424483
exp1a_75,1,1,3,1.0,-0.037429674856308215
exp1a_75,0,0,3,0.0,0.2178428302469978
exp1a_75,0,1,4,-1.0,-0.25927842447266464
exp1a_75,0,1,4,1.0,-0.7363996791923271
exp1a_75,0,1,4,0.0,-0.7363996791923271
exp1a_75,0,0,3,1.0,-0.037429674856308215
exp1a_75,1,1,6,1.0,0.843383917424483
exp1a_75,1,0,3,-1.0,-0.25927842447266464
exp1a_75,1,1,4,-1.0,-0.037429674856308215
exp1a_75,1,1,4,1.0,-0.7363996791923271
exp1a_75,1,1,3,-1.0,0.2178428302469978
exp1a_75,0,1,3,0.0,-0.037429674856308215
exp1a_75,0,1,4,1.0,-0.25927842447266464
exp1a_75,0,0,4,1.0,0.2178428302469978
exp1a_75,0,0,6,1.0,0.843383917424483
exp1a_75,1,1,5,0.0,0.2178428302469978
exp1a_75,0,0,5,0.0,-0.25927842447266464
exp1a_75,1,1,6,0.0,0.843383917424483
exp1a_75,0,0,3,-1.0,-0.7363996791923271
exp1a_75,1,1,3,-1.0,-0.7363996791923271
exp1a_75,1,1,4,0.0,-0.037429674856308215
exp1a_75,0,0,5,-1.0,0.843383917424483
exp1a_75,1,1,5,1.0,0.2178428302469978
exp1a_75,0,0,3,-1.0,-0.037429674856308215
exp1a_75,1,1,3,1.0,-0.25927842447266464
exp1a_75,1,1,3,0.0,-0.7363996791923271
exp1a_75,0,0,3,-1.0,0.2178428302469978
exp1a_75,0,0,6,0.0,0.843383917424483
exp1a_75,1,1,6,-1.0,0.843383917424483
exp1a_75,1,1,4,-1.0,0.2178428302469978
exp1a_75,0,1,3,-1.0,-0.25927842447266464
exp1a_75,0,0,3,0.0,-0.7363996791923271
exp1a_75,1,1,5,1.0,0.2178428302469978
exp1a_75,0,0,6,-1.0,0.843383917424483
exp1a_75,1,1,4,-1.0,-0.7363996791923271
exp1a_75,1,0,4,1.0,-0.25927842447266464
exp1a_75,1,0,3,0.0,-0.7363996791923271
exp1a_75,0,1,4,1.0,-0.7363996791923271
exp1a_75,1,1,5,0.0,0.843383917424483
exp1a_75,0,0,3,-1.0,-0.037429674856308215
exp1a_75,1,1,4,1.0,-0.7363996791923271
exp1a_75,1,1,6,1.0,0.843383917424483
exp1a_75,1,1,3,-1.0,-0.25927842447266464
exp1a_75,0,0,5,0.0,0.2178428302469978
exp1a_75,1,1,5,1.0,-0.037429674856308215
exp1a_75,1,0,4,0.0,-0.25927842447266464
exp1a_75,0,1,4,1.0,0.2178428302469978
exp1a_75,0,0,6,0.0,0.843383917424483
exp1a_75,0,0,5,1.0,-0.037429674856308215
exp1a_75,1,0,4,0.0,0.2178428302469978
exp1a_75,1,1,4,-1.0,-0.037429674856308215
exp1a_75,0,1,4,0.0,-0.037429674856308215
exp1a_75,0,0,4,1.0,-0.25927842447266464
exp1a_75,0,0,6,1.0,0.843383917424483
exp1a_75,1,1,6,0.0,-0.037429674856308215
exp1a_75,0,0,5,-1.0,0.2178428302469978
exp1a_75,0,0,3,-1.0,-0.7363996791923271
exp1a_75,0,0,3,0.0,-0.25927842447266464
exp1a_76,1,1,6,1.0,-0.037429674856308215
exp1a_76,0,0,5,0.0,-0.037429674856308215
exp1a_76,1,0,4,0.0,-0.037429674856308215
exp1a_76,0,1,3,0.0,-0.7363996791923271
exp1a_76,0,1,4,-1.0,-0.25927842447266464
exp1a_76,1,1,6,-1.0,0.843383917424483
exp1a_76,0,0,6,-1.0,-0.037429674856308215
exp1a_76,0,0,6,0.0,0.2178428302469978
exp1a_76,1,0,4,-1.0,-0.25927842447266464
exp1a_76,1,1,6,1.0,-0.25927842447266464
exp1a_76,0,0,4,1.0,-0.7363996791923271
exp1a_76,1,1,6,-1.0,-0.037429674856308215
exp1a_76,1,1,5,1.0,-0.7363996791923271
exp1a_76,1,1,4,0.0,-0.7363996791923271
exp1a_76,0,0,4,0.0,-0.25927842447266464
exp1a_76,0,0,6,-1.0,0.2178428302469978
exp1a_76,1,1,6,1.0,0.843383917424483
exp1a_76,0,0,6,0.0,0.843383917424483
exp1a_76,0,0,4,-1.0,-0.7363996791923271
exp1a_76,0,0,6,1.0,-0.037429674856308215
exp1a_76,1,1,6,0.0,0.2178428302469978
exp1a_76,0,0,6,1.0,0.2178428302469978
exp1a_76,1,1,4,0.0,-0.25927842447266464
exp1a_76,0,0,6,1.0,-0.25927842447266464
exp1a_76,1,1,6,0.0,0.843383917424483
exp1a_76,0,0,6,1.0,0.843383917424483
exp1a_76,1,1,6,-1.0,-0.7363996791923271
exp1a_76,1,1,6,-1.0,0.2178428302469978
exp1a_76,0,1,6,1.0,-0.25927842447266464
exp1a_76,1,1,6,1.0,0.843383917424483
exp1a_76,0,0,6,0.0,0.843383917424483
exp1a_76,0,0,5,-1.0,-0.037429674856308215
exp1a_76,0,0,3,-1.0,-0.25927842447266464
exp1a_76,0,1,4,0.0,-0.7363996791923271
exp1a_76,0,0,3,0.0,0.2178428302469978
exp1a_76,0,0,4,1.0,-0.7363996791923271
exp1a_76,0,0,6,1.0,0.2178428302469978
exp1a_76,1,1,6,-1.0,0.2178428302469978
exp1a_76,0,1,4,0.0,-0.25927842447266464
exp1a_76,1,1,6,0.0,0.843383917424483
exp1a_76,1,1,6,-1.0,-0.25927842447266464
exp1a_76,0,0,6,-1.0,0.843383917424483
exp1a_76,1,1,4,1.0,-0.037429674856308215
exp1a_76,1,1,6,0.0,-0.25927842447266464
exp1a_76,0,0,4,-1.0,-0.7363996791923271
exp1a_76,1,1,6,-1.0,-0.037429674856308215
exp1a_76,1,1,6,0.0,-0.037429674856308215
exp1a_76,0,0,4,0.0,-0.037429674856308215
exp1a_76,1,1,6,1.0,-0.25927842447266464
exp1a_76,1,0,4,-1.0,-0.7363996791923271
exp1a_76,0,0,3,1.0,-0.037429674856308215
exp1a_76,1,1,6,0.0,0.2178428302469978
exp1a_76,1,1,6,-1.0,0.843383917424483
exp1a_76,0,0,6,1.0,0.843383917424483
exp1a_76,1,1,6,1.0,0.2178428302469978
exp1a_76,1,0,4,0.0,-0.7363996791923271
exp1a_76,1,1,4,1.0,-0.7363996791923271
exp1a_76,1,1,6,1.0,-0.7363996791923271
exp1a_76,0,0,4,0.0,-0.25927842447266464
exp1a_76,1,1,5,1.0,-0.25927842447266464
exp1a_76,1,1,6,1.0,0.843383917424483
exp1a_76,1,1,6,1.0,0.2178428302469978
exp1a_76,0,0,6,-1.0,-0.25927842447266464
exp1a_76,0,1,4,1.0,-0.7363996791923271
exp1a_76,0,0,6,1.0,0.2178428302469978
exp1a_76,0,0,4,0.0,-0.7363996791923271
exp1a_76,1,1,6,-1.0,-0.25927842447266464
exp1a_76,1,1,6,-1.0,0.843383917424483
exp1a_76,1,1,6,0.0,-0.7363996791923271
exp1a_76,0,0,4,1.0,-0.037429674856308215
exp1a_76,1,1,6,1.0,-0.037429674856308215
exp1a_76,0,0,6,-1.0,0.2178428302469978
exp1a_76,1,1,6,0.0,0.843383917424483
exp1a_76,1,1,6,-1.0,-0.037429674856308215
exp1a_76,1,1,6,0.0,0.2178428302469978
exp1a_76,0,0,6,0.0,0.843383917424483
exp1a_76,1,1,4,-1.0,-0.7363996791923271
exp1a_76,0,0,6,0.0,0.2178428302469978
exp1a_76,0,0,6,-1.0,0.843383917424483
exp1a_76,1,1,4,0.0,-0.037429674856308215
exp1a_76,1,0,3,0.0,-0.25927842447266464
exp1a_76,0,1,3,0.0,-0.037429674856308215
exp1a_76,0,1,4,-1.0,-0.037429674856308215
exp1a_76,0,1,4,-1.0,-0.7363996791923271
exp1a_76,1,1,4,-1.0,-0.25927842447266464
exp1a_76,0,0,4,-1.0,-0.037429674856308215
exp1a_76,1,1,4,0.0,0.843383917424483
exp1a_76,0,0,4,0.0,0.843383917424483
exp1a_76,1,1,4,0.0,-0.037429674856308215
exp1a_76,0,1,4,-1.0,-0.7363996791923271
exp1a_76,0,0,5,1.0,-0.037429674856308215
exp1a_76,1,1,6,-1.0,0.2178428302469978
exp1a_76,0,0,6,1.0,0.843383917424483
exp1a_76,1,1,6,1.0,0.2178428302469978
exp1a_76,1,1,4,0.0,-0.7363996791923271
exp1a_76,0,1,5,0.0,-0.7363996791923271
exp1a_76,0,0,6,0.0,0.2178428302469978
exp1a_76,0,1,4,0.0,-0.25927842447266464
exp1a_76,0,0,5,-1.0,0.2178428302469978
exp1a_76,0,0,4,-1.0,-0.25927842447266464
exp1a_76,1,1,5,1.0,-0.7363996791923271
exp1a_76,1,1,6,-1.0,0.843383917424483
exp1a_76,0,0,4,1.0,0.2178428302469978
exp1a_76,1,1,4,-1.0,-0.037429674856308215
exp1a_76,0,1,4,1.0,-0.25927842447266464
exp1a_76,1,1,6,1.0,-0.037429674856308215
exp1a_76,1,1,6,0.0,-0.25927842447266464
exp1a_76,0,1,3,0.0,-0.037429674856308215
exp1a_76,1,1,4,1.0,-0.25927842447266464
exp1a_76,1,1,6,1.0,0.843383917424483
exp1a_76,0,1,5,1.0,-0.7363996791923271
exp1a_76,0,0,6,-1.0,0.843383917424483
exp1a_76,1,1,6,-1.0,-0.037429674856308215
exp1a_76,1,0,4,1.0,-0.7363996791923271
exp1a_76,0,0,4,1.0,-0.037429674856308215
exp1a_76,0,0,4,1.0,-0.25927842447266464
exp1a_76,1,1,6,-1.0,0.843383917424483
exp1a_76,0,0,3,-1.0,-0.25927842447266464
exp1a_76,1,1,6,1.0,0.843383917424483
exp1a_76,0,0,6,-1.0,0.2178428302469978
exp1a_76,1,1,6,0.0,0.2178428302469978
exp1a_76,1,1,6,1.0,-0.037429674856308215
exp1a_76,1,1,6,-1.0,0.2178428302469978
exp1a_76,0,0,6,-1.0,-0.037429674856308215
exp1a_76,0,0,4,0.0,-0.25927842447266464
exp1a_76,1,1,5,0.0,-0.037429674856308215
exp1a_76,0,1,4,1.0,-0.7363996791923271
exp1a_76,0,0,6,1.0,0.2178428302469978
exp1a_76,1,1,6,-1.0,-0.7363996791923271
exp1a_76,1,0,3,0.0,-0.25927842447266464
exp1a_76,0,0,6,0.0,0.2178428302469978
exp1a_76,0,0,3,0.0,-0.7363996791923271
exp1a_76,1,1,4,-1.0,-0.25927842447266464
exp1a_76,0,0,5,0.0,0.843383917424483
exp1a_76,1,1,3,0.0,-0.7363996791923271
exp1a_76,1,1,5,1.0,-0.25927842447266464
exp1a_76,1,1,6,0.0,0.843383917424483
exp1a_76,0,0,4,-1.0,-0.7363996791923271
exp1a_76,0,0,6,1.0,0.843383917424483
exp1a_76,1,1,6,1.0,0.2178428302469978
exp1a_76,0,0,6,0.0,-0.037429674856308215
exp1a_76,0,0,6,0.0,0.2178428302469978
exp1a_76,0,0,6,-1.0,-0.037429674856308215
exp1a_76,0,1,3,0.0,-0.7363996791923271
exp1a_76,0,0,6,0.0,0.843383917424483
exp1a_76,1,1,6,1.0,0.2178428302469978
exp1a_76,0,0,6,-1.0,-0.25927842447266464
exp1a_76,1,1,6,1.0,-0.25927842447266464
exp1a_76,1,1,4,-1.0,-0.7363996791923271
exp1a_76,0,0,6,-1.0,0.2178428302469978
exp1a_76,0,1,6,1.0,-0.7363996791923271
exp1a_76,0,0,4,1.0,-0.25927842447266464
exp1a_76,1,1,6,1.0,-0.037429674856308215
exp1a_76,1,1,3,-1.0,-0.037429674856308215
exp1a_76,1,0,4,0.0,-0.25927842447266464
exp1a_76,0,0,4,1.0,0.2178428302469978
exp1a_76,0,0,5,1.0,-0.037429674856308215
exp1a_76,1,1,6,0.0,0.843383917424483
exp1a_76,0,0,4,0.0,-0.037429674856308215
exp1a_76,1,0,3,1.0,-0.7363996791923271
exp1a_76,0,1,3,-1.0,-0.7363996791923271
exp1a_76,0,1,4,0.0,-0.25927842447266464
exp1a_76,0,0,3,1.0,0.843383917424483
exp1a_76,1,0,4,0.0,-0.7363996791923271
exp1a_76,0,0,6,-1.0,0.843383917424483
exp1a_76,1,1,6,0.0,0.2178428302469978
exp1a_76,1,1,5,-1.0,0.2178428302469978
exp1a_76,1,0,3,-1.0,-0.25927842447266464
exp1a_76,1,1,4,0.0,-0.037429674856308215
exp1a_76,1,1,6,-1.0,0.843383917424483
exp1a_76,1,1,5,0.0,0.843383917424483
exp1a_76,0,0,6,0.0,-0.037429674856308215
exp1a_76,1,1,6,1.0,-0.037429674856308215
exp1a_76,0,0,6,0.0,0.843383917424483
exp1a_76,0,0,6,1.0,-0.037429674856308215
exp1a_76,1,1,6,0.0,0.2178428302469978
exp1a_76,0,1,4,-1.0,-0.037429674856308215
exp1a_76,0,0,6,0.0,0.2178428302469978
exp1a_76,1,1,6,-1.0,0.2178428302469978
exp1a_76,0,0,6,-1.0,0.843383917424483
exp1a_76,1,1,5,-1.0,-0.037429674856308215
exp1a_76,0,0,6,1.0,-0.25927842447266464
exp1a_76,0,1,6,-1.0,-0.7363996791923271
exp1a_76,0,1,4,0.0,-0.7363996791923271
exp1a_76,1,0,4,1.0,-0.7363996791923271
exp1a_76,1,0,3,-1.0,-0.25927842447266464
exp1a_76,0,0,6,0.0,-0.25927842447266464
exp1a_76,1,1,5,1.0,0.843383917424483
exp1a_76,1,1,4,0.0,-0.7363996791923271
exp1a_76,1,1,5,-1.0,0.843383917424483
exp1a_76,0,0,4,-1.0,-0.25927842447266464
exp1a_76,1,1,4,0.0,-0.25927842447266464
exp1a_76,1,1,5,1.0,0.2178428302469978
exp1a_76,1,1,4,-1.0,-0.7363996791923271
exp1a_76,0,0,4,-1.0,0.2178428302469978
exp1a_76,1,1,4,1.0,-0.25927842447266464
exp1a_76,0,0,5,1.0,0.2178428302469978
exp1a_76,0,0,4,1.0,-0.7363996791923271
exp1a_76,1,0,4,0.0,-0.037429674856308215
exp1a_76,1,1,4,1.0,-0.7363996791923271
exp1a_76,0,0,6,-1.0,-0.037429674856308215
exp1a_76,0,0,5,0.0,-0.25927842447266464
exp1a_76,1,1,5,1.0,0.843383917424483
exp1a_76,1,1,5,0.0,-0.25927842447266464
exp1a_76,1,1,5,0.0,-0.037429674856308215
exp1a_76,1,1,5,1.0,-0.25927842447266464
exp1a_76,0,1,3,0.0,-0.7363996791923271
exp1a_76,0,0,6,-1.0,0.2178428302469978
exp1a_76,1,1,6,0.0,0.843383917424483
exp1a_76,0,0,6,1.0,-0.25927842447266464
exp1a_76,1,1,6,-1.0,0.2178428302469978
exp1a_76,1,1,6,-1.0,0.843383917424483
exp1a_76,0,0,4,1.0,-0.037429674856308215
exp1a_76,1,1,6,1.0,0.2178428302469978
exp1a_76,1,1,6,-1.0,-0.7363996791923271
exp1a_76,0,0,6,1.0,0.843383917424483
exp1a_76,1,1,6,-1.0,-0.25927842447266464
exp1a_76,1,1,6,-1.0,-0.037429674856308215
exp1a_76,1,0,4,1.0,-0.037429674856308215
exp1a_76,0,0,5,0.0,0.2178428302469978
exp1a_76,1,1,5,0.0,0.2178428302469978
exp1a_76,0,0,5,-1.0,-0.7363996791923271
exp1a_76,0,0,5,1.0,0.2178428302469978
exp1a_76,1,0,3,0.0,-0.7363996791923271
exp1a_76,0,1,4,1.0,-0.7363996791923271
exp1a_76,0,0,5,0.0,-0.037429674856308215
exp1a_76,0,0,6,-1.0,0.843383917424483
exp1a_76,0,0,6,-1.0,-0.25927842447266464
exp1a_77,0,0,6,-1.0,0.843383917424483
exp1a_77,1,1,3,0.0,-0.7363996791923271
exp1a_77,0,0,4,-1.0,-0.037429674856308215
exp1a_77,0,0,6,-1.0,0.2178428302469978
exp1a_77,1,1,6,-1.0,-0.25927842447266464
exp1a_77,0,0,6,0.0,-0.25927842447266464
exp1a_77,1,1,6,1.0,0.843383917424483
exp1a_77,0,0,5,-1.0,-0.25927842447266464
exp1a_77,1,1,6,0.0,-0.25927842447266464
exp1a_77,0,0,6,0.0,-0.7363996791923271
exp1a_77,0,0,6,0.0,-0.037429674856308215
exp1a_77,0,0,6,1.0,0.843383917424483
exp1a_77,1,1,6,-1.0,-0.037429674856308215
exp1a_77,1,1,3,0.0,0.2178428302469978
exp1a_77,1,1,6,0.0,0.843383917424483
exp1a_77,1,1,6,1.0,-0.25927842447266464
exp1a_77,1,1,6,-1.0,0.843383917424483
exp1a_77,0,1,5,-1.0,-0.7363996791923271
exp1a_77,0,0,6,1.0,-0.7363996791923271
exp1a_77,0,1,5,0.0,0.2178428302469978
exp1a_77,0,0,6,1.0,0.2178428302469978
exp1a_77,0,1,6,1.0,-0.037429674856308215
exp1a_77,0,1,6,1.0,-0.25927842447266464
exp1a_77,1,1,4,0.0,-0.037429674856308215
exp1a_77,0,0,6,0.0,0.843383917424483
exp1a_77,1,1,6,1.0,-0.037429674856308215
exp1a_77,1,0,5,1.0,-0.7363996791923271
exp1a_77,1,1,3,-1.0,-0.7363996791923271
exp1a_77,1,1,6,-1.0,0.2178428302469978
exp1a_77,1,1,5,1.0,0.2178428302469978
exp1a_77,0,0,4,-1.0,-0.25927842447266464
exp1a_77,1,1,5,1.0,-0.7363996791923271
exp1a_77,0,1,5,1.0,-0.25927842447266464
exp1a_77,0,0,6,1.0,0.843383917424483
exp1a_77,0,0,6,-1.0,0.843383917424483
exp1a_77,1,1,6,-1.0,0.843383917424483
exp1a_77,0,0,6,1.0,-0.037429674856308215
exp1a_77,1,1,4,-1.0,-0.7363996791923271
exp1a_77,0,0,4,-1.0,-0.7363996791923271
exp1a_77,1,1,5,0.0,-0.25927842447266464
exp1a_77,1,1,5,0.0,-0.7363996791923271
exp1a_77,1,1,5,0.0,0.2178428302469978
exp1a_77,0,0,5,1.0,0.2178428302469978
exp1a_77,1,1,6,0.0,-0.037429674856308215
exp1a_77,0,0,6,-1.0,0.2178428302469978
exp1a_77,1,1,6,1.0,0.843383917424483
exp1a_77,1,1,6,0.0,0.843383917424483
exp1a_77,1,1,6,-1.0,-0.037429674856308215
exp1a_77,0,1,6,0.0,-0.25927842447266464
exp1a_77,0,1,6,0.0,-0.7363996791923271
exp1a_77,0,0,6,0.0,0.2178428302469978
exp1a_77,0,0,6,0.0,0.843383917424483
exp1a_77,1,1,5,1.0,-0.037429674856308215
exp1a_77,0,0,5,-1.0,-0.037429674856308215
exp1a_77,1,0,5,1.0,-0.25927842447266464
exp1a_77,1,1,6,-1.0,0.2178428302469978
exp1a_77,0,0,4,0.0,-0.037429674856308215
exp1a_77,1,1,5,1.0,0.2178428302469978
exp1a_77,1,1,4,-1.0,-0.25927842447266464
exp1a_77,0,0,5,1.0,-0.7363996791923271
exp1a_77,0,1,5,-1.0,-0.037429674856308215
exp1a_77,1,1,5,0.0,-0.037429674856308215
exp1a_77,0,1,5,-1.0,-0.7363996791923271
exp1a_77,0,0,4,-1.0,-0.25927842447266464
exp1a_77,1,1,3,0.0,-0.7363996791923271
exp1a_77,1,1,5,-1.0,-0.25927842447266464
exp1a_77,1,1,5,1.0,-0.25927842447266464
exp1a_77,0,0,6,-1.0,0.843383917424483
exp1a_77,0,0,6,0.0,0.2178428302469978
exp1a_77,1,1,6,1.0,0.843383917424483
exp1a_77,0,1,4,1.0,-0.037429674856308215
exp1a_77,0,0,6,1.0,0.843383917424483
exp1a_77,1,1,4,1.0,-0.7363996791923271
exp1a_77,0,0,5,0.0,-0.037429674856308215
exp1a_77,0,0,6,0.0,0.843383917424483
exp1a_77,0,0,6,0.0,-0.25927842447266464
exp1a_77,1,1,6,-1.0,0.2178428302469978
exp1a_77,1,1,6,-1.0,0.843383917424483
exp1a_77,1,1,5,0.0,0.2178428302469978
exp1a_77,0,1,4,1.0,-0.25927842447266464
exp1a_77,0,1,5,0.0,-0.7363996791923271
exp1a_77,1,1,6,0.0,0.843383917424483
exp1a_77,0,1,4,1.0,0.2178428302469978
exp1a_77,1,1,5,1.0,0.2178428302469978
exp1a_77,1,1,6,1.0,-0.037429674856308215
exp1a_77,0,0,3,-1.0,0.2178428302469978
exp1a_77,1,1,6,0.0,-0.25927842447266464
exp1a_77,0,1,6,1.0,-0.7363996791923271
exp1a_77,1,1,5,-1.0,-0.037429674856308215
exp1a_77,1,1,4,-1.0,-0.7363996791923271
exp1a_77,1,1,5,1.0,-0.7363996791923271
exp1a_77,0,1,5,1.0,-0.25927842447266464
exp1a_77,0,1,5,1.0,-0.037429674856308215
exp1a_77,1,1,3,0.0,-0.7363996791923271
exp1a_77,1,1,3,1.0,-0.25927842447266464
exp1a_77,0,0,3,0.0,0.2178428302469978
exp1a_77,0,0,3,0.0,-0.037429674856308215
exp1a_77,1,1,3,-1.0,-0.25927842447266464
exp1a_77,1,1,5,0.0,0.2178428302469978
exp1a_77,0,0,6,0.0,0.843383917424483
exp1a_77,1,0,6,0.0,-0.037429674856308215
exp1a_77,0,0,6,-1.0,-0.037429674856308215
exp1a_77,1,1,6,-1.0,0.843383917424483
exp1a_77,0,0,5,-1.0,-0.25927842447266464
exp1a_77,1,1,6,1.0,-0.037429674856308215
exp1a_77,0,0,6,1.0,-0.7363996791923271
exp1a_77,1,1,6,1.0,0.843383917424483
exp1a_77,0,0,6,1.0,0.843383917424483
exp1a_77,0,0,6,-1.0,0.2178428302469978
exp1a_77,1,1,6,0.0,-0.25927842447266464
exp1a_77,0,0,6,-1.0,0.843383917424483
exp1a_77,0,0,3,-1.0,-0.7363996791923271
exp1a_77,1,0,6,-1.0,-0.037429674856308215
exp1a_77,0,0,6,0.0,-0.25927842447266464
exp1a_77,0,0,6,1.0,0.2178428302469978
exp1a_77,1,1,6,0.0,0.843383917424483
exp1a_77,0,0,6,0.0,-0.7363996791923271
exp1a_77,1,0,6,1.0,0.2178428302469978
exp1a_77,1,1,6,-1.0,0.2178428302469978
exp1a_77,0,1,5,1.0,-0.037429674856308215
exp1a_77,0,0,4,-1.0,-0.7363996791923271
exp1a_77,0,0,6,0.0,0.2178428302469978
exp1a_77,1,0,6,0.0,-0.25927842447266464
exp1a_77,1,0,6,-1.0,-0.25927842447266464
exp1a_77,0,0,5,1.0,-0.25927842447266464
exp1a_77,1,1,6,1.0,0.2178428302469978
exp1a_77,1,0,6,1.0,-0.25927842447266464
exp1a_77,1,0,6,0.0,-0.037429674856308215
exp1a_77,0,0,6,0.0,0.843383917424483
exp1a_77,1,1,6,0.0,0.2178428302469978
exp1a_77,0,0,6,0.0,-0.037429674856308215
exp1a_77,0,0,6,-1.0,-0.037429674856308215
exp1a_77,0,0,6,1.0,0.843383917424483
exp1a_77,0,0,6,0.0,-0.25927842447266464
exp1a_77,0,0,6,1.0,0.2178428302469978
exp1a_77,1,0,6,0.0,-0.7363996791923271
exp1a_77,1,0,5,1.0,-0.7363996791923271
exp1a_77,1,0,5,1.0,-0.037429674856308215
exp1a_77,1,1,4,-1.0,0.2178428302469978
exp1a_77,1,1,6,0.0,0.843383917424483
exp1a_77,1,0,6,-1.0,-0.7363996791923271
exp1a_77,0,0,6,1.0,-0.7363996791923271
exp1a_77,0,0,6,0.0,-0.7363996791923271
exp1a_77,1,1,6,-1.0,0.843383917424483
exp1a_77,1,1,6,1.0,0.843383917424483
exp1a_77,0,0,6,-1.0,-0.25927842447266464
exp1a_77,0,1,6,-1.0,0.2178428302469978
exp1a_77,0,0,6,-1.0,0.843383917424483
exp1a_77,1,0,5,-1.0,-0.037429674856308215
exp1a_77,0,0,6,0.0,-0.037429674856308215
exp1a_77,1,1,6,-1.0,0.2178428302469978
exp1a_77,0,0,6,-1.0,-0.25927842447266464
exp1a_77,0,0,6,1.0,0.843383917424483
exp1a_77,1,1,5,-1.0,-0.25927842447266464
exp1a_77,0,0,6,0.0,0.2178428302469978
exp1a_77,1,1,3,1.0,-0.037429674856308215
exp1a_77,1,0,6,1.0,-0.25927842447266464
exp1a_77,0,0,6,-1.0,0.2178428302469978
exp1a_77,0,0,6,0.0,-0.25927842447266464
exp1a_77,1,1,6,0.0,-0.037429674856308215
exp1a_77,0,0,6,1.0,-0.037429674856308215
exp1a_77,0,0,6,-1.0,0.843383917424483
exp1a_77,1,1,6,-1.0,-0.037429674856308215
exp1a_77,1,1,6,1.0,-0.7363996791923271
exp1a_77,0,0,6,0.0,0.843383917424483
exp1a_77,0,0,6,-1.0,-0.037429674856308215
exp1a_77,1,1,6,0.0,0.843383917424483
exp1a_77,0,0,6,1.0,-0.7363996791923271
exp1a_77,1,1,6,-1.0,0.843383917424483
exp1a_77,1,1,5,0.0,-0.25927842447266464
exp1a_77,0,0,4,0.0,-0.7363996791923271
exp1a_77,0,1,6,1.0,-0.25927842447266464
exp1a_77,1,0,5,-1.0,-0.7363996791923271
exp1a_77,1,1,6,1.0,0.843383917424483
exp1a_77,0,0,6,1.0,0.2178428302469978
exp1a_77,1,1,6,0.0,0.2178428302469978
exp1a_77,0,0,5,-1.0,-0.7363996791923271
exp1a_77,1,1,6,0.0,-0.7363996791923271
exp1a_77,1,1,5,1.0,-0.25927842447266464
exp1a_77,1,0,3,-1.0,-0.7363996791923271
exp1a_77,0,0,6,1.0,0.843383917424483
exp1a_77,1,1,6,0.0,0.843383917424483
exp1a_77,1,0,6,0.0,-0.7363996791923271
exp1a_77,1,1,6,1.0,-0.037429674856308215
exp1a_77,1,1,6,1.0,-0.7363996791923271
exp1a_77,1,0,6,-1.0,0.2178428302469978
exp1a_77,1,1,6,-1.0,0.843383917424483
exp1a_77,0,0,5,-1.0,-0.7363996791923271
exp1a_77,0,1,6,0.0,-0.7363996791923271
exp1a_77,0,0,5,1.0,-0.25927842447266464
exp1a_77,0,1,6,-1.0,-0.25927842447266464
exp1a_77,0,0,6,0.0,-0.037429674856308215
exp1a_77,0,1,6,-1.0,-0.037429674856308215
exp1a_77,1,1,6,1.0,0.2178428302469978
exp1a_77,0,0,6,0.0,0.843383917424483
exp1a_77,1,1,6,0.0,-0.037429674856308215
exp1a_77,0,0,6,1.0,-0.037429674856308215
exp1a_77,0,0,6,-1.0,0.843383917424483
exp1a_77,1,0,6,0.0,0.2178428302469978
exp1a_77,0,0,6,-1.0,0.2178428302469978
exp1a_77,0,0,6,0.0,0.2178428302469978
exp1a_77,0,1,6,0.0,-0.25927842447266464
exp1a_77,1,1,6,-1.0,-0.25927842447266464
exp1a_77,1,1,6,1.0,0.843383917424483
exp1a_77,1,1,6,-1.0,-0.037429674856308215
exp1a_77,0,1,6,1.0,0.2178428302469978
exp1a_77,0,0,5,1.0,-0.7363996791923271
exp1a_77,1,1,6,0.0,-0.25927842447266464
exp1a_77,0,1,3,1.0,-0.25927842447266464
exp1a_77,1,0,5,0.0,-0.7363996791923271
exp1a_77,0,0,6,0.0,0.2178428302469978
exp1a_77,1,0,6,0.0,-0.25927842447266464
exp1a_77,0,0,6,-1.0,0.2178428302469978
exp1a_77,0,0,6,-1.0,0.843383917424483
exp1a_77,0,1,3,-1.0,-0.7363996791923271
exp1a_77,0,0,6,1.0,0.2178428302469978
exp1a_77,1,0,6,1.0,-0.037429674856308215
exp1a_77,1,0,4,1.0,-0.25927842447266464
exp1a_77,1,1,3,0.0,-0.037429674856308215
exp1a_77,0,0,6,0.0,0.843383917424483
exp1a_77,0,0,6,0.0,-0.037429674856308215
exp1a_77,0,0,6,1.0,0.843383917424483
exp1a_77,1,0,6,1.0,-0.7363996791923271
exp1a_77,1,0,5,-1.0,-0.7363996791923271
exp1a_77,1,1,6,0.0,0.843383917424483
exp1a_77,1,0,5,-1.0,-0.25927842447266464
exp1a_77,0,1,2,-1.0,-0.25927842447266464
exp1a_77,0,0,5,0.0,-0.25927842447266464
exp1a_77,1,1,5,1.0,0.2178428302469978
exp1a_77,0,0,6,1.0,-0.7363996791923271
exp1a_77,0,0,6,-1.0,-0.037429674856308215
exp1a_77,1,1,6,-1.0,0.2178428302469978
exp1a_77,1,1,6,-1.0,0.843383917424483
exp1a_77,0,0,6,0.0,-0.7363996791923271
exp1a_77,1,1,6,-1.0,-0.037429674856308215
exp1a_77,1,1,6,0.0,0.2178428302469978
exp1a_77,1,1,6,1.0,0.843383917424483
exp1a_77,0,0,5,1.0,-0.037429674856308215
exp1a_78,1,1,6,1.0,-0.037429674856308215
exp1a_78,1,1,6,1.0,0.2178428302469978
exp1a_78,0,0,6,-1.0,0.2178428302469978
exp1a_78,0,0,3,1.0,-0.25927842447266464
exp1a_78,0,0,6,0.0,0.843383917424483
exp1a_78,0,0,6,1.0,-0.7363996791923271
exp1a_78,1,1,6,0.0,-0.7363996791923271
exp1a_78,1,1,6,1.0,0.843383917424483
exp1a_78,0,0,6,-1.0,-0.037429674856308215
exp1a_78,1,1,6,-1.0,-0.25927842447266464
exp1a_78,0,1,6,-1.0,-0.7363996791923271
exp1a_78,1,0,6,-1.0,0.2178428302469978
exp1a_78,0,0,6,0.0,-0.037429674856308215
exp1a_78,1,1,6,-1.0,-0.7363996791923271
exp1a_78,0,0,6,-1.0,0.843383917424483
exp1a_78,1,1,6,1.0,-0.25927842447266464
exp1a_78,0,0,6,0.0,-0.7363996791923271
exp1a_78,0,1,6,0.0,-0.25927842447266464
exp1a_78,1,1,6,0.0,0.843383917424483
exp1a_78,0,0,3,-1.0,-0.25927842447266464
exp1a_78,1,1,3,1.0,-0.7363996791923271
exp1a_78,1,1,6,0.0,-0.25927842447266464
exp1a_78,1,0,6,-1.0,-0.037429674856308215
exp1a_78,1,1,6,-1.0,0.843383917424483
exp1a_78,0,0,6,1.0,-0.037429674856308215
exp1a_78,1,1,6,0.0,0.2178428302469978
exp1a_78,0,0,6,0.0,0.2178428302469978
exp1a_78,0,0,6,1.0,0.843383917424483
exp1a_78,1,1,6,0.0,-0.037429674856308215
exp1a_78,0,0,5,1.0,0.2178428302469978
exp1a_78,0,0,6,1.0,-0.037429674856308215
exp1a_78,0,0,6,-1.0,0.843383917424483
exp1a_78,1,1,6,1.0,0.843383917424483
exp1a_78,0,0,4,0.0,-0.25927842447266464
exp1a_78,0,1,6,-1.0,-0.037429674856308215
exp1a_78,1,1,6,-1.0,0.843383917424483
exp1a_78,1,1,6,0.0,0.843383917424483
exp1a_78,0,0,6,1.0,0.2178428302469978
exp1a_78,1,1,6,-1.0,-0.25927842447266464
exp1a_78,0,0,6,1.0,-0.7363996791923271
exp1a_78,1,1,6,1.0,0.2178428302469978
exp1a_78,1,0,3,-1.0,-0.7363996791923271
exp1a_78,1,1,6,-1.0,0.2178428302469978
exp1a_78,1,1,6,0.0,-0.037429674856308215
exp1a_78,0,0,6,0.0,0.843383917424483
exp1a_78,1,1,6,0.0,0.2178428302469978
exp1a_78,0,0,6,0.0,0.2178428302469978
exp1a_78,0,1,4,-1.0,-0.7363996791923271
exp1a_78,0,1,6,1.0,-0.25927842447266464
exp1a_78,1,0,6,-1.0,-0.037429674856308215
exp1a_78,0,1,6,0.0,-0.7363996791923271
exp1a_78,1,0,6,0.0,-0.25927842447266464
exp1a_78,1,0,6,0.0,-0.7363996791923271
exp1a_78,0,0,3,-1.0,0.2178428302469978
exp1a_78,0,0,4,-1.0,-0.25927842447266464
exp1a_78,1,1,6,1.0,-0.7363996791923271
exp1a_78,0,0,6,1.0,0.843383917424483
exp1a_78,1,1,6,1.0,-0.25927842447266464
exp1a_78,1,1,6,1.0,-0.037429674856308215
exp1a_78,0,1,6,0.0,-0.037429674856308215
exp1a_78,1,1,6,-1.0,-0.7363996791923271
exp1a_78,1,1,6,1.0,-0.25927842447266464
exp1a_78,0,1,6,-1.0,-0.037429674856308215
exp1a_78,1,1,6,-1.0,-0.037429674856308215
exp1a_78,0,0,6,1.0,0.2178428302469978
exp1a_78,0,0,6,-1.0,0.2178428302469978
exp1a_78,1,1,6,0.0,-0.25927842447266464
exp1a_78,1,1,6,-1.0,0.843383917424483
exp1a_78,1,1,6,-1.0,0.2178428302469978
exp1a_78,1,1,6,0.0,-0.037429674856308215
exp1a_78,1,0,6,-1.0,-0.25927842447266464
exp1a_78,0,0,6,1.0,-0.037429674856308215
exp1a_78,1,0,6,1.0,-0.7363996791923271
exp1a_78,0,0,6,0.0,0.843383917424483
exp1a_78,0,1,6,0.0,-0.25927842447266464
exp1a_78,0,0,6,1.0,0.843383917424483
exp1a_78,0,0,4,-1.0,-0.25927842447266464
exp1a_78,1,1,6,1.0,0.843383917424483
exp1a_78,0,1,6,0.0,-0.7363996791923271
exp1a_78,0,0,6,0.0,0.2178428302469978
exp1a_78,1,0,6,1.0,0.2178428302469978
exp1a_78,0,0,6,-1.0,-0.7363996791923271
exp1a_78,0,0,6,-1.0,0.843383917424483
exp1a_78,0,0,6,1.0,-0.25927842447266464
exp1a_78,1,1,6,0.0,0.2178428302469978
exp1a_78,1,1,6,0.0,0.843383917424483
exp1a_78,0,1,6,1.0,-0.7363996791923271
exp1a_78,1,0,6,1.0,-0.037429674856308215
exp1a_78,1,1,6,0.0,-0.7363996791923271
exp1a_78,0,1,6,0.0,-0.037429674856308215
exp1a_78,1,0,2,-1.0,-0.7363996791923271
exp1a_78,0,0,6,1.0,-0.25927842447266464
exp1a_78,1,1,6,-1.0,-0.037429674856308215
exp1a_78,1,0,6,0.0,-0.7363996791923271
exp1a_78,0,1,6,0.0,-0.037429674856308215
exp1a_78,1,1,6,-1.0,0.2178428302469978
exp1a_78,1,0,6,1.0,-0.25927842447266464
exp1a_78,0,1,6,-1.0,-0.7363996791923271
exp1a_78,1,1,6,1.0,0.2178428302469978
exp1a_78,1,1,6,0.0,0.843383917424483
exp1a_78,0,0,6,0.0,0.2178428302469978
exp1a_78,0,1,6,1.0,-0.7363996791923271
exp1a_78,0,0,6,1.0,-0.037429674856308215
exp1a_78,0,0,6,-1.0,0.843383917424483
exp1a_78,0,0,6,1.0,0.2178428302469978
exp1a_78,0,0,6,-1.0,-0.25927842447266464
exp1a_78,0,0,6,0.0,0.843383917424483
exp1a_78,0,0,6,1.0,0.843383917424483
exp1a_78,1,1,6,0.0,0.2178428302469978
exp1a_78,1,1,6,-1.0,0.843383917424483
exp1a_78,0,1,1,0.0,-0.7363996791923271
exp1a_78,1,1,6,1.0,-0.7363996791923271
exp1a_78,0,0,6,-1.0,0.2178428302469978
exp1a_78,0,1,6,-1.0,-0.037429674856308215
exp1a_78,1,0,6,1.0,-0.037429674856308215
exp1a_78,0,0,6,0.0,-0.25927842447266464
exp1a_78,1,1,6,0.0,-0.037429674856308215
exp1a_78,1,1,6,0.0,-0.25927842447266464
exp1a_78,1,1,6,-1.0,-0.25927842447266464
exp1a_78,1,1,6,1.0,0.843383917424483
exp1a_78,0,0,6,-1.0,-0.7363996791923271
exp1a_78,1,0,6,1.0,-0.037429674856308215
exp1a_78,1,1,6,0.0,0.843383917424483
exp1a_78,1,1,6,-1.0,-0.7363996791923271
exp1a_78,0,0,6,1.0,0.843383917424483
exp1a_78,0,1,6,0.0,0.2178428302469978
exp1a_78,0,0,6,1.0,0.2178428302469978
exp1a_78,0,0,6,-1.0,0.2178428302469978
exp1a_78,1,1,6,0.0,-0.25927842447266464
exp1a_78,0,1,6,1.0,-0.7363996791923271
exp1a_78,1,1,6,-1.0,-0.25927842447266464
exp1a_78,0,0,6,-1.0,0.843383917424483
exp1a_78,1,1,6,0.0,0.2178428302469978
exp1a_78,1,1,6,1.0,0.2178428302469978
exp1a_78,1,1,6,-1.0,0.2178428302469978
exp1a_78,1,1,6,-1.0,-0.037429674856308215
exp1a_78,0,1,6,1.0,-0.25927842447266464
exp1a_78,0,1,6,-1.0,-0.25927842447266464
exp1a_78,0,0,6,-1.0,-0.037429674856308215
exp1a_78,1,0,6,0.0,-0.7363996791923271
exp1a_78,0,1,6,1.0,-0.037429674856308215
exp1a_78,0,1,6,0.0,-0.25927842447266464
exp1a_78,1,0,6,1.0,-0.25927842447266464
exp1a_78,0,1,6,0.0,-0.7363996791923271
exp1a_78,0,1,6,0.0,-0.037429674856308215
exp1a_78,1,0,6,0.0,-0.037429674856308215
exp1a_78,1,1,6,-1.0,0.843383917424483
exp1a_78,0,0,6,0.0,0.843383917424483
exp1a_78,1,1,6,1.0,0.843383917424483
exp1a_78,1,1,6,1.0,-0.7363996791923271
exp1a_78,0,1,6,1.0,-0.7363996791923271
exp1a_78,1,1,6,-1.0,-0.037429674856308215
exp1a_78,1,1,6,1.0,0.843383917424483
exp1a_78,0,1,6,-1.0,-0.037429674856308215
exp1a_78,1,0,6,0.0,-0.25927842447266464
exp1a_78,1,0,6,-1.0,0.2178428302469978
exp1a_78,0,0,6,0.0,-0.25927842447266464
exp1a_78,0,1,6,1.0,-0.25927842447266464
exp1a_78,1,1,6,-1.0,0.843383917424483
exp1a_78,0,0,6,1.0,0.843383917424483
exp1a_78,1,1,6,-1.0,-0.7363996791923271
exp1a_78,0,0,6,-1.0,-0.25927842447266464
exp1a_78,1,0,6,-1.0,-0.25927842447266464
exp1a_78,0,0,6,0.0,0.843383917424483
exp1a_78,1,1,6,0.0,0.843383917424483
exp1a_78,0,0,6,0.0,0.2178428302469978
exp1a_78,0,0,6,-1.0,0.843383917424483
exp1a_78,1,1,6,0.0,-0.7363996791923271
exp1a_78,1,1,6,0.0,0.2178428302469978
exp1a_78,1,1,6,1.0,0.2178428302469978
exp1a_78,1,1,6,1.0,-0.037429674856308215
exp1a_78,0,0,6,-1.0,0.2178428302469978
exp1a_78,0,0,6,0.0,-0.037429674856308215
exp1a_78,1,1,6,1.0,-0.7363996791923271
exp1a_78,0,0,6,-1.0,-0.7363996791923271
exp1a_78,0,1,6,0.0,-0.7363996791923271
exp1a_78,1,1,6,0.0,-0.037429674856308215
exp1a_78,0,1,6,1.0,-0.037429674856308215
exp1a_78,1,1,6,1.0,-0.25927842447266464
exp1a_78,0,1,6,-1.0,-0.7363996791923271
exp1a_78,1,1,6,0.0,0.843383917424483
exp1a_78,1,1,6,1.0,0.2178428302469978
exp1a_78,1,1,6,1.0,-0.7363996791923271
exp1a_78,0,0,6,-1.0,-0.037429674856308215
exp1a_78,0,0,6,1.0,0.843383917424483
exp1a_78,0,0,6,1.0,-0.037429674856308215
exp1a_78,1,1,6,-1.0,-0.25927842447266464
exp1a_78,0,0,6,1.0,-0.7363996791923271
exp1a_78,0,0,6,1.0,0.2178428302469978
exp1a_78,1,0,6,0.0,-0.037429674856308215
exp1a_78,1,1,6,1.0,-0.037429674856308215
exp1a_78,0,1,6,-1.0,-0.25927842447266464
exp1a_78,0,1,6,0.0,-0.25927842447266464
exp1a_78,1,1,6,-1.0,0.843383917424483
exp1a_78,1,1,6,1.0,-0.25927842447266464
exp1a_78,0,0,6,0.0,0.2178428302469978
exp1a_78,1,1,6,-1.0,-0.037429674856308215
exp1a_78,1,1,6,0.0,0.2178428302469978
exp1a_78,0,1,6,0.0,-0.7363996791923271
exp1a_78,0,0,6,1.0,-0.25927842447266464
exp1a_78,0,0,6,-1.0,0.843383917424483
exp1a_78,1,1,6,1.0,0.843383917424483
exp1a_78,1,0,6,0.0,-0.25927842447266464
exp1a_78,0,0,6,0.0,0.843383917424483
exp1a_78,1,1,6,-1.0,0.2178428302469978
exp1a_78,1,0,6,-1.0,-0.7363996791923271
exp1a_78,0,0,6,0.0,-0.037429674856308215
exp1a_78,1,1,6,0.0,-0.7363996791923271
exp1a_78,0,0,6,-1.0,0.2178428302469978
exp1a_78,0,0,6,0.0,0.2178428302469978
exp1a_78,1,1,6,0.0,-0.7363996791923271
exp1a_78,0,1,6,0.0,-0.7363996791923271
exp1a_78,1,1,6,1.0,0.843383917424483
exp1a_78,0,0,6,-1.0,0.843383917424483
exp1a_78,1,1,6,0.0,0.2178428302469978
exp1a_78,0,0,6,0.0,0.843383917424483
exp1a_78,0,1,6,-1.0,-0.25927842447266464
exp1a_78,1,1,6,-1.0,0.2178428302469978
exp1a_78,1,1,6,-1.0,-0.25927842447266464
exp1a_78,0,0,6,1.0,-0.7363996791923271
exp1a_78,0,0,6,1.0,-0.25927842447266464
exp1a_78,1,0,6,1.0,-0.037429674856308215
exp1a_78,1,1,6,-1.0,-0.7363996791923271
exp1a_78,0,0,6,1.0,0.843383917424483
exp1a_78,1,1,6,1.0,0.2178428302469978
exp1a_78,1,1,6,0.0,-0.037429674856308215
exp1a_78,1,1,6,-1.0,0.843383917424483
exp1a_78,0,0,6,0.0,-0.25927842447266464
exp1a_78,1,1,6,1.0,-0.25927842447266464
exp1a_78,0,0,6,1.0,0.2178428302469978
exp1a_78,1,1,6,0.0,-0.25927842447266464
exp1a_78,0,0,6,0.0,-0.037429674856308215
exp1a_78,0,1,6,1.0,-0.037429674856308215
exp1a_78,0,0,6,-1.0,0.2178428302469978
exp1a_78,1,1,6,0.0,0.843383917424483
exp1a_78,0,1,6,-1.0,-0.7363996791923271
exp1a_78,1,1,6,-1.0,-0.037429674856308215
exp1a_78,0,1,6,-1.0,-0.037429674856308215
exp1a_78,1,1,6,1.0,-0.7363996791923271
exp1a_80,1,1,4,1.0,-0.25927842447266464
exp1a_80,0,0,3,-1.0,-0.7363996791923271
exp1a_80,1,1,4,1.0,-0.7363996791923271
exp1a_80,1,1,5,-1.0,0.2178428302469978
exp1a_80,1,1,4,1.0,-0.037429674856308215
exp1a_80,1,1,5,-1.0,-0.037429674856308215
exp1a_80,0,0,2,1.0,0.843383917424483
exp1a_80,1,1,5,1.0,0.2178428302469978
exp1a_80,0,1,4,0.0,-0.7363996791923271
exp1a_80,0,1,4,0.0,-0.25927842447266464
exp1a_80,0,1,4,1.0,-0.25927842447266464
exp1a_80,1,1,4,1.0,0.843383917424483
exp1a_80,0,0,4,-1.0,0.843383917424483
exp1a_80,0,0,3,1.0,-0.7363996791923271
exp1a_80,1,1,4,0.0,0.843383917424483
exp1a_80,0,0,4,0.0,0.2178428302469978
exp1a_80,1,0,3,0.0,-0.25927842447266464
exp1a_80,1,0,3,0.0,-0.7363996791923271
exp1a_80,1,1,4,0.0,-0.037429674856308215
exp1a_80,1,1,4,-1.0,-0.7363996791923271
exp1a_80,0,0,4,0.0,0.843383917424483
exp1a_80,1,1,5,-1.0,0.843383917424483
exp1a_80,1,1,5,0.0,0.2178428302469978
exp1a_80,0,0,3,0.0,-0.037429674856308215
exp1a_80,0,0,3,1.0,-0.037429674856308215
exp1a_80,1,1,3,-1.0,-0.25927842447266464
exp1a_80,0,0,2,-1.0,-0.25927842447266464
exp1a_80,0,0,4,1.0,0.2178428302469978
exp1a_80,0,0,4,-1.0,-0.037429674856308215
exp1a_80,0,0,5,-1.0,0.2178428302469978
exp1a_80,0,0,4,0.0,-0.037429674856308215
exp1a_80,1,1,4,0.0,0.2178428302469978
exp1a_80,0,0,4,1.0,-0.037429674856308215
exp1a_80,1,1,6,1.0,0.843383917424483
exp1a_80,1,1,6,0.0,0.843383917424483
exp1a_80,0,1,4,1.0,-0.25927842447266464
exp1a_80,0,1,3,1.0,-0.7363996791923271
exp1a_80,1,1,4,1.0,0.2178428302469978
exp1a_80,1,1,4,1.0,-0.037429674856308215
exp1a_80,1,0,3,0.0,-0.25927842447266464
exp1a_80,0,1,4,1.0,0.843383917424483
exp1a_80,1,1,4,-1.0,0.843383917424483
exp1a_80,1,0,2,1.0,-0.7363996791923271
exp1a_80,1,1,3,0.0,-0.7363996791923271
exp1a_80,0,0,4,0.0,0.843383917424483
exp1a_80,1,1,4,1.0,-0.25927842447266464
exp1a_80,1,1,4,-1.0,-0.037429674856308215
exp1a_80,0,0,3,0.0,-0.25927842447266464
exp1a_80,0,0,4,1.0,0.2178428302469978
exp1a_80,1,1,4,-1.0,0.2178428302469978
exp1a_80,0,0,3,-1.0,-0.7363996791923271
exp1a_80,1,1,4,-1.0,-0.25927842447266464
exp1a_80,0,0,4,-1.0,0.843383917424483
exp1a_80,0,1,4,0.0,-0.7363996791923271
exp1a_80,0,0,4,-1.0,0.2178428302469978
exp1a_80,0,0,4,0.0,0.2178428302469978
exp1a_80,0,1,3,-1.0,-0.25927842447266464
exp1a_80,0,0,3,-1.0,-0.037429674856308215
exp1a_80,1,1,4,0.0,-0.037429674856308215
exp1a_80,0,0,4,1.0,0.843383917424483
exp1a_80,1,1,4,1.0,0.2178428302469978
exp1a_80,0,0,3,-1.0,-0.7363996791923271
exp1a_80,1,1,4,0.0,-0.037429674856308215
exp1a_80,1,1,4,-1.0,-0.25927842447266464
exp1a_80,0,0,3,0.0,0.2178428302469978
exp1a_80,1,1,4,1.0,-0.25927842447266464
exp1a_80,0,0,4,-1.0,-0.037429674856308215
exp1a_80,0,0,4,-1.0,0.843383917424483
exp1a_80,0,0,4,1.0,-0.037429674856308215
exp1a_80,0,0,3,0.0,-0.7363996791923271
exp1a_80,1,0,3,-1.0,0.2178428302469978
exp1a_80,1,1,3,-1.0,-0.037429674856308215
exp1a_80,1,0,3,0.0,-0.25927842447266464
exp1a_80,1,0,4,-1.0,-0.7363996791923271
exp1a_80,0,0,4,0.0,-0.25927842447266464
exp1a_80,1,1,4,0.0,0.2178428302469978
exp1a_80,0,0,4,0.0,0.843383917424483
exp1a_80,1,1,4,0.0,0.843383917424483
exp1a_80,0,0,4,1.0,0.2178428302469978
exp1a_80,1,1,4,-1.0,0.843383917424483
exp1a_80,0,0,4,0.0,-0.037429674856308215
exp1a_80,1,0,3,1.0,-0.7363996791923271
exp1a_80,1,0,3,1.0,-0.037429674856308215
exp1a_80,0,0,3,1.0,-0.25927842447266464
exp1a_80,0,1,3,1.0,-0.7363996791923271
exp1a_80,1,0,3,0.0,-0.7363996791923271
exp1a_80,1,1,4,1.0,0.843383917424483
exp1a_80,0,0,4,-1.0,0.2178428302469978
exp1a_80,0,1,3,-1.0,-0.25927842447266464
exp1a_80,0,0,3,-1.0,-0.037429674856308215
exp1a_80,1,1,4,0.0,-0.7363996791923271
exp1a_80,1,1,3,-1.0,-0.7363996791923271
exp1a_80,1,1,4,1.0,0.2178428302469978
exp1a_80,0,0,4,0.0,-0.25927842447266464
exp1a_80,0,1,4,0.0,-0.7363996791923271
exp1a_80,0,0,4,-1.0,0.2178428302469978
exp1a_80,0,1,3,1.0,-0.7363996791923271
exp1a_80,1,1,4,0.0,0.2178428302469978
exp1a_80,0,0,3,-1.0,-0.7363996791923271
exp1a_80,0,0,4,0.0,0.843383917424483
exp1a_80,1,0,3,1.0,-0.25927842447266464
exp1a_80,1,1,4,0.0,-0.25927842447266464
exp1a_80,0,0,4,0.0,0.2178428302469978
exp1a_80,0,0,4,-1.0,0.843383917424483
exp1a_80,1,1,4,-1.0,0.843383917424483
exp1a_80,1,0,2,1.0,-0.037429674856308215
exp1a_80,0,0,5,1.0,0.843383917424483
exp1a_80,1,0,2,-1.0,-0.25927842447266464
exp1a_80,0,0,4,-1.0,-0.25927842447266464
exp1a_80,1,0,2,1.0,-0.7363996791923271
exp1a_80,1,1,2,-1.0,-0.037429674856308215
exp1a_80,0,0,4,0.0,-0.037429674856308215
exp1a_80,1,1,4,0.0,-0.037429674856308215
exp1a_80,0,0,4,1.0,0.2178428302469978
exp1a_80,1,1,4,0.0,0.843383917424483
exp1a_80,0,0,4,1.0,-0.25927842447266464
exp1a_80,1,1,5,1.0,0.843383917424483
exp1a_80,1,1,4,-1.0,0.2178428302469978
exp1a_80,0,0,4,1.0,-0.037429674856308215
exp1a_80,1,1,3,-1.0,0.2178428302469978
exp1a_80,1,1,4,0.0,0.843383917424483
exp1a_80,0,0,3,0.0,-0.037429674856308215
exp1a_80,1,1,4,0.0,-0.25927842447266464
exp1a_80,0,0,4,-1.0,-0.037429674856308215
exp1a_80,0,0,3,1.0,-0.037429674856308215
exp1a_80,0,0,3,-1.0,0.2178428302469978
exp1a_80,0,0,3,0.0,0.2178428302469978
exp1a_80,1,1,4,0.0,-0.7363996791923271
exp1a_80,0,0,3,0.0,-0.25927842447266464
exp1a_80,1,1,4,1.0,-0.7363996791923271
exp1a_80,1,1,3,-1.0,-0.25927842447266464
exp1a_80,0,0,4,0.0,0.843383917424483
exp1a_80,1,1,4,-1.0,0.843383917424483
exp1a_80,0,0,3,1.0,-0.7363996791923271
exp1a_80,1,1,4,-1.0,-0.037429674856308215
exp1a_80,0,0,3,-1.0,-0.25927842447266464
exp1a_80,0,1,3,1.0,-0.25927842447266464
exp1a_80,0,1,4,0.0,-0.7363996791923271
exp1a_80,1,1,4,1.0,0.843383917424483
exp1a_80,1,0,3,-1.0,-0.7363996791923271
exp1a_80,1,1,4,0.0,0.2178428302469978
exp1a_80,1,1,4,1.0,-0.037429674856308215
exp1a_80,0,0,2,-1.0,-0.7363996791923271
exp1a_80,1,1,4,1.0,-0.25927842447266464
exp1a_80,0,0,5,-1.0,0.843383917424483
exp1a_80,1,1,5,1.0,0.2178428302469978
exp1a_80,0,0,5,1.0,0.2178428302469978
exp1a_80,0,0,4,1.0,0.843383917424483
exp1a_80,1,1,4,0.0,-0.037429674856308215
exp1a_80,0,0,4,1.0,-0.25927842447266464
exp1a_80,1,1,3,-1.0,-0.7363996791923271
exp1a_80,0,0,3,0.0,-0.7363996791923271
exp1a_80,1,1,4,-1.0,0.843383917424483
exp1a_80,0,0,4,0.0,0.2178428302469978
exp1a_80,1,1,5,1.0,0.843383917424483
exp1a_80,1,0,2,1.0,-0.7363996791923271
exp1a_80,1,1,4,0.0,0.843383917424483
exp1a_80,1,1,4,1.0,0.2178428302469978
exp1a_80,1,1,4,0.0,0.2178428302469978
exp1a_80,0,0,4,-1.0,0.2178428302469978
exp1a_80,0,0,4,0.0,-0.037429674856308215
exp1a_80,1,1,4,1.0,-0.25927842447266464
exp1a_80,0,0,4,1.0,0.2178428302469978
exp1a_80,0,0,4,-1.0,0.843383917424483
exp1a_80,0,0,4,1.0,0.843383917424483
exp1a_80,0,0,4,-1.0,-0.7363996791923271
exp1a_80,0,0,4,0.0,-0.25927842447266464
exp1a_80,1,0,3,1.0,-0.037429674856308215
exp1a_80,0,0,4,-1.0,-0.25927842447266464
exp1a_80,1,1,4,-1.0,-0.25927842447266464
exp1a_80,0,0,3,1.0,-0.037429674856308215
exp1a_80,1,1,4,0.0,-0.037429674856308215
exp1a_80,1,0,2,0.0,-0.7363996791923271
exp1a_80,0,1,2,1.0,-0.7363996791923271
exp1a_80,1,1,1,0.0,-0.25927842447266464
exp1a_80,1,1,4,-1.0,0.2178428302469978
exp1a_80,1,1,4,-1.0,-0.037429674856308215
exp1a_80,0,0,3,-1.0,-0.25927842447266464
exp1a_80,1,1,4,1.0,-0.25927842447266464
exp1a_80,0,0,4,-1.0,-0.037429674856308215
exp1a_80,1,1,4,0.0,0.2178428302469978
exp1a_80,1,0,3,1.0,-0.7363996791923271
exp1a_80,1,1,3,0.0,-0.25927842447266464
exp1a_80,0,1,4,0.0,-0.7363996791923271
exp1a_80,0,0,5,0.0,-0.25927842447266464
exp1a_80,0,1,5,1.0,0.843383917424483
exp1a_80,0,0,4,1.0,-0.25927842447266464
exp1a_80,1,1,4,1.0,0.2178428302469978
exp1a_80,1,1,4,-1.0,-0.037429674856308215
exp1a_80,0,0,4,-1.0,0.843383917424483
exp1a_80,0,0,4,1.0,0.2178428302469978
exp1a_80,0,0,4,0.0,-0.037429674856308215
exp1a_80,1,0,2,0.0,-0.7363996791923271
exp1a_80,0,0,4,1.0,-0.037429674856308215
exp1a_80,1,0,3,-1.0,0.2178428302469978
exp1a_80,1,1,2,1.0,-0.037429674856308215
exp1a_80,1,1,5,1.0,0.843383917424483
exp1a_80,0,0,3,-1.0,0.2178428302469978
exp1a_80,1,1,3,-1.0,-0.25927842447266464
exp1a_80,1,1,4,-1.0,0.843383917424483
exp1a_80,1,1,4,0.0,-0.037429674856308215
exp1a_80,0,0,3,1.0,-0.7363996791923271
exp1a_80,1,1,4,-1.0,-0.7363996791923271
exp1a_80,0,0,4,0.0,0.2178428302469978
exp1a_80,1,1,4,0.0,0.843383917424483
exp1a_80,0,0,4,0.0,0.843383917424483
exp1a_80,0,0,2,-1.0,-0.7363996791923271
exp1a_80,1,0,3,1.0,-0.037429674856308215
exp1a_80,1,0,3,1.0,-0.7363996791923271
exp1a_80,1,1,2,1.0,-0.25927842447266464
exp1a_80,1,0,5,0.0,-0.7363996791923271
exp1a_80,1,1,6,1.0,0.843383917424483
exp1a_80,1,1,4,0.0,-0.037429674856308215
exp1a_80,1,1,4,-1.0,-0.25927842447266464
exp1a_80,0,0,2,-1.0,-0.7363996791923271
exp1a_80,0,0,4,-1.0,0.2178428302469978
exp1a_80,0,0,4,0.0,0.2178428302469978
exp1a_80,0,0,4,-1.0,0.843383917424483
exp1a_80,1,0,3,-1.0,-0.7363996791923271
exp1a_80,0,0,2,0.0,-0.7363996791923271
exp1a_80,1,1,2,0.0,-0.25927842447266464
exp1a_80,1,1,4,1.0,0.2178428302469978
exp1a_80,0,1,4,0.0,-0.037429674856308215
exp1a_80,0,0,2,0.0,-0.25927842447266464
exp1a_80,1,1,4,-1.0,0.2178428302469978
exp1a_80,0,0,2,-1.0,-0.25927842447266464
exp1a_80,1,1,4,-1.0,0.843383917424483
exp1a_80,0,0,3,1.0,-0.037429674856308215
exp1a_80,1,1,4,-1.0,-0.037429674856308215
exp1a_80,0,1,4,1.0,-0.7363996791923271
exp1a_80,0,0,2,1.0,0.843383917424483
exp1a_80,0,1,4,-1.0,-0.037429674856308215
exp1a_80,0,0,4,1.0,-0.25927842447266464
exp1a_80,1,1,4,0.0,0.2178428302469978
exp1a_83,1,0,4,-1.0,-0.25927842447266464
exp1a_83,0,0,4,0.0,-0.037429674856308215
exp1a_83,0,1,6,-1.0,-0.25927842447266464
exp1a_83,0,0,6,-1.0,0.843383917424483
exp1a_83,0,0,6,1.0,0.843383917424483
exp1a_83,1,0,3,1.0,-0.7363996791923271
exp1a_83,1,1,6,-1.0,-0.7363996791923271
exp1a_83,0,0,6,0.0,-0.25927842447266464
exp1a_83,1,1,6,-1.0,-0.037429674856308215
exp1a_83,0,0,4,1.0,-0.7363996791923271
exp1a_83,0,0,4,0.0,0.2178428302469978
exp1a_83,1,1,6,1.0,0.843383917424483
exp1a_83,1,1,6,-1.0,0.843383917424483
exp1a_83,0,0,4,-1.0,0.2178428302469978
exp1a_83,0,0,4,1.0,-0.037429674856308215
exp1a_83,1,1,5,0.0,0.2178428302469978
exp1a_83,1,0,4,1.0,-0.037429674856308215
exp1a_83,1,1,4,0.0,-0.25927842447266464
exp1a_83,0,0,5,0.0,0.843383917424483
exp1a_83,1,1,6,1.0,-0.25927842447266464
exp1a_83,1,1,6,-1.0,0.2178428302469978
exp1a_83,1,1,6,0.0,0.843383917424483
exp1a_83,1,1,6,1.0,0.2178428302469978
exp1a_83,0,0,6,1.0,0.2178428302469978
exp1a_83,0,1,6,1.0,-0.25927842447266464
exp1a_83,0,0,4,-1.0,-0.7363996791923271
exp1a_83,1,0,4,0.0,-0.7363996791923271
exp1a_83,0,0,5,-1.0,-0.037429674856308215
exp1a_83,1,1,5,0.0,-0.037429674856308215
exp1a_83,0,0,3,0.0,-0.7363996791923271
exp1a_83,1,1,6,1.0,-0.037429674856308215
exp1a_83,1,1,4,-1.0,0.843383917424483
exp1a_83,0,0,6,-1.0,-0.037429674856308215
exp1a_83,1,1,4,0.0,-0.25927842447266464
exp1a_83,1,1,4,-1.0,0.2178428302469978
exp1a_83,1,0,4,0.0,-0.037429674856308215
exp1a_83,0,0,4,1.0,-0.037429674856308215
exp1a_83,1,1,5,1.0,0.843383917424483
exp1a_83,0,0,4,0.0,-0.037429674856308215
exp1a_83,1,1,2,-1.0,-0.037429674856308215
exp1a_83,0,0,3,-1.0,-0.25927842447266464
exp1a_83,0,0,6,1.0,0.843383917424483
exp1a_83,0,0,4,0.0,0.2178428302469978
exp1a_83,1,0,3,0.0,-0.7363996791923271
exp1a_83,1,1,4,1.0,-0.7363996791923271
exp1a_83,0,0,6,1.0,0.2178428302469978
exp1a_83,1,1,6,-1.0,-0.25927842447266464
exp1a_83,0,0,3,1.0,-0.25927842447266464
exp1a_83,0,0,4,-1.0,0.2178428302469978
exp1a_83,0,0,3,0.0,-0.25927842447266464
exp1a_83,1,1,6,0.0,0.843383917424483
exp1a_83,0,0,4,0.0,-0.7363996791923271
exp1a_83,1,1,4,1.0,-0.25927842447266464
exp1a_83,0,0,4,-1.0,0.843383917424483
exp1a_83,0,1,4,1.0,-0.7363996791923271
exp1a_83,1,1,4,0.0,0.2178428302469978
exp1a_83,0,0,4,-1.0,-0.7363996791923271
exp1a_83,1,1,4,1.0,0.2178428302469978
exp1a_83,1,0,4,-1.0,-0.7363996791923271
exp1a_83,0,0,5,0.0,0.843383917424483
exp1a_83,0,0,4,1.0,0.2178428302469978
exp1a_83,0,1,4,1.0,-0.25927842447266464
exp1a_83,1,1,4,0.0,-0.037429674856308215
exp1a_83,1,1,4,1.0,0.2178428302469978
exp1a_83,1,1,4,-1.0,0.843383917424483
exp1a_83,0,0,6,-1.0,0.843383917424483
exp1a_83,1,0,4,-1.0,-0.7363996791923271
exp1a_83,0,0,6,0.0,0.2178428302469978
exp1a_83,0,0,6,0.0,-0.25927842447266464
exp1a_83,1,0,5,-1.0,-0.25927842447266464
exp1a_83,1,1,6,0.0,0.2178428302469978
exp1a_83,1,1,6,-1.0,0.2178428302469978
exp1a_83,0,0,6,-1.0,0.2178428302469978
exp1a_83,1,1,6,1.0,0.843383917424483
exp1a_83,1,1,6,0.0,0.843383917424483
exp1a_83,0,0,5,0.0,-0.037429674856308215
exp1a_83,1,1,5,1.0,-0.25927842447266464
exp1a_83,1,0,4,0.0,-0.7363996791923271
exp1a_83,1,1,5,-1.0,-0.037429674856308215
exp1a_83,0,0,4,0.0,-0.7363996791923271
exp1a_83,1,1,4,1.0,-0.037429674856308215
exp1a_83,0,0,4,1.0,-0.037429674856308215
exp1a_83,1,1,5,1.0,-0.7363996791923271
exp1a_83,0,1,5,-1.0,-0.25927842447266464
exp1a_83,0,0,5,1.0,-0.7363996791923271
exp1a_83,0,1,5,-1.0,-0.7363996791923271
exp1a_83,0,0,5,-1.0,-0.037429674856308215
exp1a_83,1,1,4,0.0,-0.25927842447266464
exp1a_83,0,0,4,0.0,0.843383917424483
exp1a_83,0,1,3,1.0,-0.037429674856308215
exp1a_83,0,0,5,0.0,0.2178428302469978
exp1a_83,0,1,4,0.0,-0.7363996791923271
exp1a_83,1,1,3,1.0,-0.7363996791923271
exp1a_83,0,0,3,1.0,-0.25927842447266464
exp1a_83,1,0,3,0.0,-0.7363996791923271
exp1a_83,0,0,3,1.0,-0.7363996791923271
exp1a_83,0,0,5,1.0,0.2178428302469978
exp1a_83,1,0,3,1.0,-0.037429674856308215
exp1a_83,1,0,3,1.0,-0.25927842447266464
exp1a_83,0,0,6,1.0,0.843383917424483
exp1a_83,1,0,3,-1.0,-0.7363996791923271
exp1a_83,1,0,3,-1.0,-0.25927842447266464
exp1a_83,1,1,6,1.0,0.843383917424483
exp1a_83,0,0,4,0.0,-0.037429674856308215
exp1a_83,0,0,3,-1.0,-0.25927842447266464
exp1a_83,0,0,5,-1.0,0.843383917424483
exp1a_83,1,0,3,0.0,-0.25927842447266464
exp1a_83,1,1,3,-1.0,0.2178428302469978
exp1a_83,1,1,3,0.0,-0.037429674856308215
exp1a_83,0,1,3,-1.0,-0.037429674856308215
exp1a_83,0,0,6,0.0,0.843383917424483
exp1a_83,0,0,6,-1.0,0.2178428302469978
exp1a_83,0,0,6,0.0,-0.25927842447266464
exp1a_83,1,1,5,1.0,0.2178428302469978
exp1a_83,1,1,5,-1.0,0.843383917424483
exp1a_83,1,1,5,0.0,0.2178428302469978
exp1a_83,0,1,5,-1.0,-0.7363996791923271
exp1a_83,1,1,5,0.0,0.843383917424483
exp1a_83,1,1,5,-1.0,-0.037429674856308215
exp1a_83,0,1,3,-1.0,0.2178428302469978
exp1a_83,1,1,5,0.0,-0.25927842447266464
exp1a_83,1,1,5,-1.0,-0.037429674856308215
exp1a_83,1,1,5,1.0,0.843383917424483
exp1a_83,0,1,5,-1.0,-0.037429674856308215
exp1a_83,0,1,5,-1.0,-0.7363996791923271
exp1a_83,1,1,5,0.0,0.843383917424483
exp1a_83,1,1,5,-1.0,0.843383917424483
exp1a_83,0,1,5,0.0,-0.7363996791923271
exp1a_83,0,1,5,1.0,-0.7363996791923271
exp1a_83,0,1,3,1.0,-0.037429674856308215
exp1a_83,1,1,4,-1.0,0.2178428302469978
exp1a_83,0,1,4,1.0,-0.25927842447266464
exp1a_83,0,0,4,1.0,0.843383917424483
exp1a_83,0,0,4,1.0,0.2178428302469978
exp1a_83,1,1,4,1.0,-0.25927842447266464
exp1a_83,0,0,5,0.0,0.2178428302469978
exp1a_83,1,1,5,0.0,0.2178428302469978
exp1a_83,1,1,6,1.0,-0.037429674856308215
exp1a_83,1,1,3,-1.0,-0.25927842447266464
exp1a_83,1,1,6,1.0,0.2178428302469978
exp1a_83,0,0,6,0.0,0.843383917424483
exp1a_83,0,1,4,0.0,-0.037429674856308215
exp1a_83,0,0,6,-1.0,0.843383917424483
exp1a_83,1,0,4,1.0,-0.7363996791923271
exp1a_83,1,0,3,-1.0,-0.7363996791923271
exp1a_83,1,0,3,0.0,-0.037429674856308215
exp1a_83,0,0,3,-1.0,-0.25927842447266464
exp1a_83,1,1,5,0.0,-0.7363996791923271
exp1a_83,0,0,4,0.0,-0.25927842447266464
exp1a_83,1,1,5,-1.0,0.2178428302469978
exp1a_83,0,0,4,1.0,0.2178428302469978
exp1a_83,0,1,4,0.0,-0.7363996791923271
exp1a_83,1,0,4,1.0,-0.25927842447266464
exp1a_83,1,1,4,-1.0,-0.7363996791923271
exp1a_83,0,1,3,-1.0,-0.7363996791923271
exp1a_83,0,0,6,-1.0,0.843383917424483
exp1a_83,1,1,6,0.0,-0.037429674856308215
exp1a_83,1,1,6,1.0,0.2178428302469978
exp1a_83,1,0,4,-1.0,-0.25927842447266464
exp1a_83,0,0,5,0.0,-0.037429674856308215
exp1a_83,0,0,3,0.0,-0.25927842447266464
exp1a_83,0,0,3,1.0,-0.25927842447266464
exp1a_83,1,1,5,0.0,-0.7363996791923271
exp1a_83,0,0,6,1.0,0.843383917424483
exp1a_83,1,1,6,1.0,-0.037429674856308215
exp1a_83,1,0,4,-1.0,-0.037429674856308215
exp1a_83,1,1,4,1.0,0.843383917424483
exp1a_83,0,1,3,1.0,-0.037429674856308215
exp1a_83,0,0,4,0.0,0.843383917424483
exp1a_83,1,1,5,0.0,0.843383917424483
exp1a_83,0,0,5,-1.0,0.2178428302469978
exp1a_83,1,0,6,1.0,-0.7363996791923271
exp1a_83,1,1,4,0.0,-0.25927842447266464
exp1a_83,0,0,6,1.0,-0.7363996791923271
exp1a_83,0,0,6,0.0,0.2178428302469978
exp1a_83,1,1,6,-1.0,0.843383917424483
exp1a_83,0,0,5,-1.0,-0.037429674856308215
exp1a_83,1,1,5,0.0,0.2178428302469978
exp1a_83,0,0,5,-1.0,-0.25927842447266464
exp1a_83,0,0,5,-1.0,-0.7363996791923271
exp1a_83,0,0,4,1.0,0.843383917424483
exp1a_83,1,0,3,-1.0,-0.25927842447266464
exp1a_83,0,1,3,0.0,-0.7363996791923271
exp1a_83,1,1,4,-1.0,0.843383917424483
exp1a_83,0,1,4,1.0,-0.7363996791923271
exp1a_83,1,1,4,-1.0,0.2178428302469978
exp1a_83,0,0,4,-1.0,-0.037429674856308215
exp1a_83,1,1,6,1.0,0.843383917424483
exp1a_83,0,0,5,1.0,-0.037429674856308215
exp1a_83,1,1,6,1.0,-0.7363996791923271
exp1a_83,1,1,5,0.0,-0.037429674856308215
exp1a_83,1,1,5,0.0,0.843383917424483
exp1a_83,1,1,5,1.0,0.2178428302469978
exp1a_83,0,0,5,0.0,-0.25927842447266464
exp1a_83,1,1,5,1.0,-0.037429674856308215
exp1a_83,0,0,6,-1.0,0.2178428302469978
exp1a_83,1,1,6,0.0,0.2178428302469978
exp1a_83,1,1,6,1.0,-0.25927842447266464
exp1a_83,1,1,6,-1.0,-0.037429674856308215
exp1a_83,1,1,6,-1.0,-0.7363996791923271
exp1a_83,0,1,3,1.0,-0.25927842447266464
exp1a_83,1,1,3,0.0,-0.25927842447266464
exp1a_83,0,0,5,0.0,0.843383917424483
exp1a_83,1,1,5,0.0,-0.7363996791923271
exp1a_83,0,0,5,0.0,-0.037429674856308215
exp1a_83,0,0,6,-1.0,0.843383917424483
exp1a_83,0,1,6,1.0,0.2178428302469978
exp1a_83,0,0,3,-1.0,-0.037429674856308215
exp1a_83,1,0,3,-1.0,-0.7363996791923271
exp1a_83,1,1,5,1.0,0.843383917424483
exp1a_83,1,0,4,1.0,-0.7363996791923271
exp1a_83,1,0,3,1.0,-0.25927842447266464
exp1a_83,1,1,4,1.0,-0.037429674856308215
exp1a_83,1,1,5,0.0,0.843383917424483
exp1a_83,1,0,3,0.0,-0.7363996791923271
exp1a_83,1,0,3,0.0,-0.037429674856308215
exp1a_83,1,0,3,0.0,-0.25927842447266464
exp1a_83,0,0,3,1.0,0.843383917424483
exp1a_83,1,1,5,-1.0,0.2178428302469978
exp1a_83,0,0,6,-1.0,0.2178428302469978
exp1a_83,1,1,5,-1.0,-0.037429674856308215
exp1a_83,1,1,5,1.0,0.2178428302469978
exp1a_83,0,0,5,1.0,-0.25927842447266464
exp1a_83,0,0,6,0.0,-0.25927842447266464
exp1a_83,0,1,6,0.0,-0.7363996791923271
exp1a_83,0,0,5,0.0,0.2178428302469978
exp1a_83,0,0,4,1.0,-0.7363996791923271
exp1a_83,0,0,3,-1.0,-0.25927842447266464
exp1a_83,0,0,6,0.0,0.843383917424483
exp1a_83,0,0,3,1.0,-0.037429674856308215
exp1a_83,0,0,3,1.0,0.2178428302469978
exp1a_83,0,0,6,-1.0,0.843383917424483
exp1a_83,1,1,5,0.0,0.2178428302469978
exp1a_83,0,0,5,0.0,-0.037429674856308215
exp1a_83,1,1,6,-1.0,0.843383917424483
exp1a_83,1,0,4,-1.0,-0.25927842447266464
exp1a_83,0,0,3,-1.0,-0.7363996791923271
exp1a_87,0,0,6,-1.0,0.2178428302469978
exp1a_87,0,0,3,0.0,-0.25927842447266464
exp1a_87,1,1,6,1.0,0.2178428302469978
exp1a_87,0,0,6,0.0,0.2178428302469978
exp1a_87,0,0,6,1.0,0.2178428302469978
exp1a_87,1,1,3,-1.0,-0.7363996791923271
exp1a_87,0,0,3,1.0,-0.037429674856308215
exp1a_87,1,1,3,0.0,-0.25927842447266464
exp1a_87,1,1,6,-1.0,0.843383917424483
exp1a_87,0,0,6,0.0,0.843383917424483
exp1a_87,1,0,3,-1.0,-0.25927842447266464
exp1a_87,0,0,6,1.0,0.843383917424483
exp1a_87,0,0,6,1.0,-0.25927842447266464
exp1a_87,1,1,6,0.0,0.843383917424483
exp1a_87,1,1,6,1.0,-0.25927842447266464
exp1a_87,1,1,6,1.0,0.843383917424483
exp1a_87,1,1,6,-1.0,-0.037429674856308215
exp1a_87,0,0,3,0.0,-0.7363996791923271
exp1a_87,0,0,5,-1.0,-0.7363996791923271
exp1a_87,1,1,6,0.0,-0.037429674856308215
exp1a_87,1,0,3,0.0,-0.7363996791923271
exp1a_87,0,0,6,0.0,-0.037429674856308215
exp1a_87,1,1,6,-1.0,0.2178428302469978
exp1a_87,1,1,3,1.0,-0.037429674856308215
exp1a_87,0,0,6,-1.0,0.843383917424483
exp1a_87,0,0,5,-1.0,-0.25927842447266464
exp1a_87,0,0,5,1.0,-0.7363996791923271
exp1a_87,1,1,6,0.0,0.2178428302469978
exp1a_87,0,0,6,-1.0,-0.037429674856308215
exp1a_87,1,0,4,1.0,-0.7363996791923271
exp1a_87,0,0,6,-1.0,-0.7363996791923271
exp1a_87,1,1,6,-1.0,0.843383917424483
exp1a_87,0,0,6,1.0,-0.7363996791923271
exp1a_87,1,1,6,0.0,0.843383917424483
exp1a_87,1,0,4,-1.0,-0.037429674856308215
exp1a_87,0,0,6,-1.0,-0.25927842447266464
exp1a_87,1,1,6,1.0,0.843383917424483
exp1a_87,0,0,6,1.0,0.2178428302469978
exp1a_87,1,1,6,1.0,-0.25927842447266464
exp1a_87,0,0,6,1.0,0.843383917424483
exp1a_87,1,1,6,-1.0,0.2178428302469978
exp1a_87,0,0,6,0.0,0.843383917424483
exp1a_87,0,0,6,0.0,-0.037429674856308215
exp1a_87,0,0,6,0.0,0.2178428302469978
exp1a_87,1,1,6,0.0,0.2178428302469978
exp1a_87,0,0,4,0.0,-0.7363996791923271
exp1a_87,1,0,3,-1.0,-0.7363996791923271
exp1a_87,0,0,6,-1.0,0.2178428302469978
exp1a_87,1,1,3,-1.0,-0.25927842447266464
exp1a_87,1,1,6,1.0,0.2178428302469978
exp1a_87,0,0,6,1.0,-0.037429674856308215
exp1a_87,1,1,5,1.0,-0.037429674856308215
exp1a_87,0,0,3,-1.0,-0.037429674856308215
exp1a_87,1,1,6,0.0,-0.037429674856308215
exp1a_87,1,0,5,0.0,-0.25927842447266464
exp1a_87,0,0,6,-1.0,0.843383917424483
exp1a_87,0,0,6,0.0,-0.25927842447266464
exp1a_87,1,0,5,1.0,-0.7363996791923271
exp1a_87,0,1,3,1.0,-0.25927842447266464
exp1a_87,1,0,6,0.0,-0.7363996791923271
exp1a_87,0,1,5,1.0,-0.25927842447266464
exp1a_87,1,1,5,1.0,0.2178428302469978
exp1a_87,1,1,6,-1.0,0.843383917424483
exp1a_87,0,0,6,0.0,0.2178428302469978
exp1a_87,0,1,3,-1.0,-0.7363996791923271
exp1a_87,0,0,3,0.0,-0.7363996791923271
exp1a_87,1,1,3,-1.0,-0.25927842447266464
exp1a_87,1,0,3,0.0,-0.7363996791923271
exp1a_87,1,1,3,-1.0,-0.037429674856308215
exp1a_87,0,0,6,1.0,0.2178428302469978
exp1a_87,1,0,6,1.0,-0.037429674856308215
exp1a_87,0,0,6,1.0,0.843383917424483
exp1a_87,0,0,3,-1.0,-0.037429674856308215
exp1a_87,1,1,4,-1.0,0.2178428302469978
exp1a_87,1,0,3,1.0,-0.25927842447266464
exp1a_87,0,0,5,-1.0,0.2178428302469978
exp1a_87,1,1,6,0.0,0.843383917424483
exp1a_87,0,1,4,1.0,-0.037429674856308215
exp1a_87,0,0,6,0.0,0.843383917424483
exp1a_87,0,0,4,0.0,-0.25927842447266464
exp1a_87,1,1,6,1.0,0.843383917424483
exp1a_87,0,0,3,0.0,-0.037429674856308215
exp1a_87,1,1,3,-1.0,-0.7363996791923271
exp1a_87,1,0,3,0.0,-0.037429674856308215
exp1a_87,0,0,5,-1.0,-0.25927842447266464
exp1a_87,0,0,5,1.0,-0.7363996791923271
exp1a_87,1,1,3,0.0,-0.25927842447266464
exp1a_87,1,0,3,1.0,-0.7363996791923271
exp1a_87,1,1,5,0.0,0.2178428302469978
exp1a_87,0,0,6,-1.0,0.843383917424483
exp1a_87,1,1,4,0.0,0.2178428302469978
exp1a_87,0,0,5,0.0,-0.037429674856308215
exp1a_87,1,0,5,1.0,-0.25927842447266464
exp1a_87,0,0,5,1.0,-0.037429674856308215
exp1a_87,1,1,3,0.0,-0.7363996791923271
exp1a_87,0,0,3,-1.0,-0.037429674856308215
exp1a_87,0,0,6,0.0,0.843383917424483
exp1a_87,1,1,3,-1.0,-0.25927842447266464
exp1a_87,1,1,3,1.0,-0.037429674856308215
exp1a_87,1,0,3,0.0,-0.25927842447266464
exp1a_87,1,0,5,1.0,-0.7363996791923271
exp1a_87,0,0,5,0.0,0.2178428302469978
exp1a_87,1,1,6,-1.0,0.843383917424483
exp1a_87,0,0,3,0.0,-0.7363996791923271
exp1a_87,0,0,4,-1.0,-0.7363996791923271
exp1a_87,1,1,4,-1.0,-0.037429674856308215
exp1a_87,1,0,3,0.0,-0.037429674856308215
exp1a_87,1,1,6,1.0,0.843383917424483
exp1a_87,1,1,5,-1.0,0.2178428302469978
exp1a_87,1,1,6,1.0,0.2178428302469978
exp1a_87,0,0,5,-1.0,0.2178428302469978
exp1a_87,1,1,6,0.0,0.843383917424483
exp1a_87,0,0,6,1.0,-0.25927842447266464
exp1a_87,0,0,6,-1.0,0.843383917424483
exp1a_87,1,1,3,-1.0,-0.7363996791923271
exp1a_87,0,0,6,1.0,0.843383917424483
exp1a_87,0,0,6,0.0,-0.25927842447266464
exp1a_87,0,0,6,1.0,0.2178428302469978
exp1a_87,0,1,3,1.0,-0.7363996791923271
exp1a_87,0,0,3,-1.0,-0.25927842447266464
exp1a_87,1,1,3,0.0,-0.7363996791923271
exp1a_87,1,1,6,-1.0,0.2178428302469978
exp1a_87,1,0,5,1.0,-0.25927842447266464
exp1a_87,0,0,3,0.0,-0.7363996791923271
exp1a_87,1,1,5,0.0,0.2178428302469978
exp1a_87,1,1,4,1.0,0.2178428302469978
exp1a_87,0,1,3,-1.0,-0.7363996791923271
exp1a_87,1,1,6,1.0,0.843383917424483
exp1a_87,0,0,6,1.0,0.2178428302469978
exp1a_87,1,1,4,1.0,-0.7363996791923271
exp1a_87,1,0,1,-1.0,-0.25927842447266464
exp1a_87,0,1,3,-1.0,-0.25927842447266464
exp1a_87,0,0,6,-1.0,0.843383917424483
exp1a_87,1,1,6,0.0,-0.25927842447266464
exp1a_87,1,1,4,0.0,-0.037429674856308215
exp1a_87,0,0,6,1.0,-0.037429674856308215
exp1a_87,0,0,5,1.0,-0.25927842447266464
exp1a_87,0,0,3,-1.0,-0.037429674856308215
exp1a_87,1,1,6,-1.0,0.843383917424483
exp1a_87,0,0,6,0.0,0.843383917424483
exp1a_87,0,0,4,0.0,-0.037429674856308215
exp1a_87,0,0,6,0.0,0.2178428302469978
exp1a_87,1,0,4,-1.0,-0.7363996791923271
exp1a_87,0,1,3,1.0,-0.7363996791923271
exp1a_87,1,1,6,0.0,0.843383917424483
exp1a_87,0,1,4,0.0,-0.25927842447266464
exp1a_87,1,1,5,1.0,-0.037429674856308215
exp1a_87,1,0,4,-1.0,-0.037429674856308215
exp1a_87,0,0,6,1.0,0.843383917424483
exp1a_87,0,0,6,-1.0,0.2178428302469978
exp1a_87,0,0,5,0.0,-0.25927842447266464
exp1a_87,0,0,4,1.0,-0.25927842447266464
exp1a_87,0,0,6,-1.0,0.843383917424483
exp1a_87,1,1,5,1.0,0.2178428302469978
exp1a_87,1,0,4,1.0,-0.25927842447266464
exp1a_87,0,0,5,0.0,-0.7363996791923271
exp1a_87,1,1,5,1.0,-0.037429674856308215
exp1a_87,0,0,5,-1.0,-0.7363996791923271
exp1a_87,1,0,5,0.0,-0.25927842447266464
exp1a_87,1,1,5,0.0,-0.037429674856308215
exp1a_87,0,0,5,-1.0,0.2178428302469978
exp1a_87,0,1,3,-1.0,-0.25927842447266464
exp1a_87,0,1,3,1.0,-0.7363996791923271
exp1a_87,0,0,4,-1.0,-0.037429674856308215
exp1a_87,1,1,6,-1.0,0.2178428302469978
exp1a_87,1,1,3,-1.0,-0.25927842447266464
exp1a_87,1,0,3,1.0,-0.7363996791923271
exp1a_87,1,1,6,-1.0,-0.037429674856308215
exp1a_87,0,0,6,0.0,0.843383917424483
exp1a_87,1,1,6,0.0,0.2178428302469978
exp1a_87,1,1,6,-1.0,0.843383917424483
exp1a_87,1,1,6,1.0,0.843383917424483
exp1a_87,0,1,6,1.0,-0.037429674856308215
exp1a_87,0,1,4,1.0,0.2178428302469978
exp1a_87,1,1,5,0.0,-0.7363996791923271
exp1a_87,1,1,6,0.0,0.843383917424483
exp1a_87,1,1,3,-1.0,-0.7363996791923271
exp1a_87,0,0,5,0.0,-0.037429674856308215
exp1a_87,0,0,6,1.0,0.843383917424483
exp1a_87,0,0,5,0.0,0.2178428302469978
exp1a_87,1,1,6,0.0,0.2178428302469978
exp1a_87,1,0,4,0.0,-0.7363996791923271
exp1a_87,1,0,3,-1.0,-0.037429674856308215
exp1a_87,1,1,6,-1.0,0.2178428302469978
exp1a_87,0,0,3,0.0,-0.7363996791923271
exp1a_87,1,1,6,1.0,0.2178428302469978
exp1a_87,1,1,6,0.0,-0.25927842447266464
exp1a_87,0,0,3,0.0,0.2178428302469978
exp1a_87,0,0,6,1.0,0.2178428302469978
exp1a_87,1,1,3,-1.0,-0.7363996791923271
exp1a_87,0,1,3,1.0,-0.25927842447266464
exp1a_87,0,1,3,0.0,-0.25927842447266464
exp1a_87,1,1,4,0.0,-0.037429674856308215
exp1a_87,0,0,4,-1.0,0.2178428302469978
exp1a_87,0,0,3,0.0,-0.037429674856308215
exp1a_87,0,0,3,-1.0,-0.7363996791923271
exp1a_87,1,1,3,1.0,-0.7363996791923271
exp1a_87,0,0,6,0.0,0.843383917424483
exp1a_87,0,1,3,1.0,-0.7363996791923271
exp1a_87,0,0,3,-1.0,-0.25927842447266464
exp1a_87,1,1,6,0.0,0.843383917424483
exp1a_87,1,0,3,1.0,-0.25927842447266464
exp1a_87,1,1,6,1.0,0.843383917424483
exp1a_87,1,1,5,-1.0,-0.25927842447266464
exp1a_87,1,1,6,1.0,-0.037429674856308215
exp1a_87,1,1,6,-1.0,0.843383917424483
exp1a_87,0,0,6,-1.0,0.843383917424483
exp1a_87,0,0,6,1.0,0.843383917424483
exp1a_87,0,0,4,-1.0,-0.037429674856308215
exp1a_87,0,0,4,1.0,-0.037429674856308215
exp1a_87,0,0,6,0.0,0.843383917424483
exp1a_87,1,1,6,-1.0,0.843383917424483
exp1a_87,1,1,5,1.0,-0.25927842447266464
exp1a_87,0,0,5,0.0,-0.7363996791923271
exp1a_87,1,0,3,1.0,-0.7363996791923271
exp1a_87,1,1,3,-1.0,0.2178428302469978
exp1a_87,1,1,6,1.0,0.843383917424483
exp1a_87,1,1,4,0.0,0.2178428302469978
exp1a_87,1,1,3,-1.0,-0.037429674856308215
exp1a_87,0,0,3,-1.0,-0.037429674856308215
exp1a_87,0,0,6,1.0,0.843383917424483
exp1a_87,1,1,5,0.0,-0.25927842447266464
exp1a_87,0,0,6,0.0,-0.037429674856308215
exp1a_87,0,0,3,-1.0,-0.25927842447266464
exp1a_87,1,1,3,1.0,-0.037429674856308215
exp1a_87,1,1,3,-1.0,-0.25927842447266464
exp1a_87,1,0,3,0.0,-0.7363996791923271
exp1a_87,0,1,3,-1.0,-0.7363996791923271
exp1a_87,1,1,6,0.0,0.843383917424483
exp1a_87,0,0,3,-1.0,0.2178428302469978
exp1a_87,0,0,5,1.0,0.2178428302469978
exp1a_87,0,0,6,-1.0,0.843383917424483
exp1a_87,1,1,5,0.0,-0.037429674856308215
exp1a_87,0,0,6,1.0,-0.037429674856308215
exp1a_87,0,0,6,1.0,-0.7363996791923271
exp1a_87,1,1,3,1.0,0.2178428302469978
exp1a_87,0,0,6,0.0,0.2178428302469978
exp1a_87,1,1,3,-1.0,-0.7363996791923271
exp1a_87,0,0,4,1.0,-0.25927842447266464
exp1a_87,0,0,5,0.0,-0.25927842447266464
exp1a_89,1,1,6,1.0,0.2178428302469978
exp1a_89,1,1,5,0.0,0.2178428302469978
exp1a_89,0,0,6,-1.0,0.2178428302469978
exp1a_89,1,1,6,1.0,0.843383917424483
exp1a_89,0,1,6,-1.0,-0.7363996791923271
exp1a_89,0,1,6,1.0,-0.25927842447266464
exp1a_89,1,1,6,-1.0,0.2178428302469978
exp1a_89,1,1,6,0.0,-0.25927842447266464
exp1a_89,0,0,5,-1.0,-0.25927842447266464
exp1a_89,1,1,6,1.0,-0.25927842447266464
exp1a_89,1,1,6,0.0,-0.7363996791923271
exp1a_89,0,0,6,1.0,0.2178428302469978
exp1a_89,0,1,6,0.0,-0.7363996791923271
exp1a_89,0,1,6,-1.0,0.843383917424483
exp1a_89,1,0,6,1.0,-0.7363996791923271
exp1a_89,1,1,6,-1.0,-0.037429674856308215
exp1a_89,1,1,6,1.0,-0.037429674856308215
exp1a_89,1,1,3,-1.0,-0.7363996791923271
exp1a_89,0,1,6,1.0,-0.7363996791923271
exp1a_89,0,0,6,0.0,0.843383917424483
exp1a_89,1,1,6,0.0,0.843383917424483
exp1a_89,0,1,6,-1.0,-0.037429674856308215
exp1a_89,1,1,6,-1.0,0.843383917424483
exp1a_89,1,1,6,0.0,-0.037429674856308215
exp1a_89,0,0,6,1.0,0.843383917424483
exp1a_89,0,0,6,1.0,-0.037429674856308215
exp1a_89,0,0,6,0.0,-0.037429674856308215
exp1a_89,0,0,3,0.0,-0.25927842447266464
exp1a_89,1,0,6,-1.0,-0.25927842447266464
exp1a_89,0,0,6,0.0,0.2178428302469978
exp1a_89,1,1,6,-1.0,0.843383917424483
exp1a_89,1,1,6,0.0,-0.7363996791923271
exp1a_89,0,0,6,0.0,-0.037429674856308215
exp1a_89,1,1,6,0.0,-0.037429674856308215
exp1a_89,1,1,6,1.0,-0.25927842447266464
exp1a_89,1,1,6,1.0,-0.037429674856308215
exp1a_89,0,0,6,-1.0,0.843383917424483
exp1a_89,0,0,6,1.0,-0.25927842447266464
exp1a_89,0,1,6,-1.0,-0.7363996791923271
exp1a_89,1,0,6,-1.0,-0.7363996791923271
exp1a_89,0,0,6,1.0,0.843383917424483
exp1a_89,1,1,6,0.0,0.843383917424483
exp1a_89,0,0,6,0.0,-0.25927842447266464
exp1a_89,1,0,3,0.0,-0.25927842447266464
exp1a_89,0,0,4,0.0,-0.7363996791923271
exp1a_89,1,0,5,1.0,-0.7363996791923271
exp1a_89,0,0,6,1.0,-0.037429674856308215
exp1a_89,0,0,6,1.0,0.2178428302469978
exp1a_89,1,1,6,1.0,0.843383917424483
exp1a_89,0,0,6,1.0,-0.7363996791923271
exp1a_89,1,1,6,0.0,0.2178428302469978
exp1a_89,1,1,6,-1.0,-0.25927842447266464
exp1a_89,0,0,6,-1.0,0.2178428302469978
exp1a_89,1,1,5,-1.0,-0.037429674856308215
exp1a_89,0,0,6,-1.0,-0.25927842447266464
exp1a_89,1,1,6,-1.0,0.2178428302469978
exp1a_89,0,0,6,0.0,0.2178428302469978
exp1a_89,1,1,6,1.0,0.2178428302469978
exp1a_89,0,0,6,-1.0,-0.037429674856308215
exp1a_89,0,0,6,0.0,0.843383917424483
exp1a_89,0,0,6,0.0,0.2178428302469978
exp1a_89,1,1,6,-1.0,0.843383917424483
exp1a_89,0,0,6,-1.0,-0.037429674856308215
exp1a_89,0,1,5,0.0,-0.7363996791923271
exp1a_89,1,1,6,0.0,0.2178428302469978
exp1a_89,1,0,6,-1.0,-0.7363996791923271
exp1a_89,1,1,6,-1.0,0.2178428302469978
exp1a_89,0,0,4,-1.0,0.2178428302469978
exp1a_89,0,0,6,1.0,-0.25927842447266464
exp1a_89,0,0,6,0.0,0.843383917424483
exp1a_89,0,0,6,-1.0,-0.25927842447266464
exp1a_89,1,1,6,0.0,0.843383917424483
exp1a_89,0,0,6,0.0,-0.25927842447266464
exp1a_89,1,0,6,-1.0,-0.25927842447266464
exp1a_89,0,0,6,0.0,-0.037429674856308215
exp1a_89,1,0,4,-1.0,-0.037429674856308215
exp1a_89,1,0,6,1.0,-0.7363996791923271
exp1a_89,0,0,6,1.0,0.2178428302469978
exp1a_89,1,0,5,0.0,-0.25927842447266464
exp1a_89,1,1,6,1.0,0.843383917424483
exp1a_89,0,0,6,1.0,-0.7363996791923271
exp1a_89,0,0,6,-1.0,0.843383917424483
exp1a_89,0,0,6,-1.0,-0.7363996791923271
exp1a_89,0,0,6,1.0,-0.037429674856308215
exp1a_89,1,0,6,1.0,-0.037429674856308215
exp1a_89,1,1,6,1.0,0.2178428302469978
exp1a_89,0,0,6,1.0,0.843383917424483
exp1a_89,1,0,4,0.0,-0.037429674856308215
exp1a_89,1,1,3,0.0,-0.7363996791923271
exp1a_89,1,0,4,1.0,-0.25927842447266464
exp1a_89,0,0,6,-1.0,0.843383917424483
exp1a_89,0,0,6,0.0,-0.7363996791923271
exp1a_89,1,1,6,1.0,0.843383917424483
exp1a_89,1,0,6,0.0,-0.7363996791923271
exp1a_89,1,0,4,1.0,-0.037429674856308215
exp1a_89,1,0,5,1.0,-0.7363996791923271
exp1a_89,1,1,6,-1.0,-0.25927842447266464
exp1a_89,1,0,3,0.0,-0.25927842447266464
exp1a_89,0,0,5,1.0,-0.7363996791923271
exp1a_89,0,1,6,1.0,-0.037429674856308215
exp1a_89,0,0,6,0.0,-0.25927842447266464
exp1a_89,0,0,6,1.0,0.843383917424483
exp1a_89,0,0,6,0.0,-0.037429674856308215
exp1a_89,0,1,6,-1.0,0.2178428302469978
exp1a_89,0,0,6,-1.0,-0.7363996791923271
exp1a_89,1,1,6,-1.0,-0.037429674856308215
exp1a_89,0,0,6,1.0,0.2178428302469978
exp1a_89,0,0,6,-1.0,-0.037429674856308215
exp1a_89,0,1,6,1.0,-0.25927842447266464
exp1a_89,0,0,6,0.0,0.843383917424483
exp1a_89,0,1,6,-1.0,-0.25927842447266464
exp1a_89,1,1,6,-1.0,0.843383917424483
exp1a_89,1,1,6,-1.0,-0.7363996791923271
exp1a_89,1,1,6,1.0,0.2178428302469978
exp1a_89,1,1,6,0.0,-0.037429674856308215
exp1a_89,1,0,5,1.0,-0.25927842447266464
exp1a_89,1,1,6,0.0,0.2178428302469978
exp1a_89,1,1,6,0.0,0.843383917424483
exp1a_89,1,1,6,-1.0,0.2178428302469978
exp1a_89,0,0,6,0.0,0.2178428302469978
exp1a_89,0,0,6,0.0,0.2178428302469978
exp1a_89,1,1,6,0.0,0.2178428302469978
exp1a_89,1,0,3,-1.0,-0.7363996791923271
exp1a_89,1,1,6,-1.0,-0.037429674856308215
exp1a_89,0,0,6,1.0,0.843383917424483
exp1a_89,1,1,6,-1.0,0.2178428302469978
exp1a_89,1,0,6,0.0,-0.25927842447266464
exp1a_89,0,0,6,-1.0,-0.037429674856308215
exp1a_89,1,1,6,0.0,0.843383917424483
exp1a_89,0,0,6,0.0,-0.037429674856308215
exp1a_89,0,1,4,1.0,-0.037429674856308215
exp1a_89,1,1,6,0.0,-0.037429674856308215
exp1a_89,0,0,5,-1.0,-0.7363996791923271
exp1a_89,0,1,5,1.0,-0.7363996791923271
exp1a_89,0,0,6,0.0,0.843383917424483
exp1a_89,0,0,3,0.0,-0.7363996791923271
exp1a_89,0,0,6,-1.0,0.843383917424483
exp1a_89,0,0,6,0.0,-0.25927842447266464
exp1a_89,0,0,6,-1.0,0.2178428302469978
exp1a_89,1,1,4,0.0,-0.7363996791923271
exp1a_89,0,0,5,1.0,-0.25927842447266464
exp1a_89,1,1,6,-1.0,0.843383917424483
exp1a_89,1,1,6,1.0,0.2178428302469978
exp1a_89,0,1,6,-1.0,-0.25927842447266464
exp1a_89,1,1,6,1.0,-0.25927842447266464
exp1a_89,1,1,6,1.0,0.843383917424483
exp1a_89,0,0,6,1.0,0.2178428302469978
exp1a_89,1,1,6,1.0,-0.037429674856308215
exp1a_89,1,1,6,-1.0,-0.25927842447266464
exp1a_89,1,1,6,1.0,-0.7363996791923271
exp1a_89,0,0,6,1.0,-0.037429674856308215
exp1a_89,1,1,6,0.0,0.843383917424483
exp1a_89,1,1,6,-1.0,0.843383917424483
exp1a_89,1,1,6,1.0,0.843383917424483
exp1a_89,0,0,6,0.0,0.843383917424483
exp1a_89,1,1,6,-1.0,-0.7363996791923271
exp1a_89,0,0,6,0.0,-0.25927842447266464
exp1a_89,1,1,6,1.0,0.2178428302469978
exp1a_89,0,1,4,0.0,-0.7363996791923271
exp1a_89,0,0,6,1.0,-0.25927842447266464
exp1a_89,1,1,6,1.0,-0.25927842447266464
exp1a_89,0,1,6,-1.0,-0.7363996791923271
exp1a_89,1,1,6,0.0,-0.7363996791923271
exp1a_89,0,1,6,-1.0,-0.25927842447266464
exp1a_89,1,1,6,0.0,0.2178428302469978
exp1a_89,0,0,6,-1.0,-0.037429674856308215
exp1a_89,0,0,6,-1.0,0.843383917424483
exp1a_89,1,1,6,-1.0,0.2178428302469978
exp1a_89,0,0,5,0.0,-0.037429674856308215
exp1a_89,0,0,6,1.0,0.2178428302469978
exp1a_89,0,1,6,1.0,-0.7363996791923271
exp1a_89,1,1,6,-1.0,-0.037429674856308215
exp1a_89,1,1,4,-1.0,-0.25927842447266464
exp1a_89,1,1,6,0.0,-0.037429674856308215
exp1a_89,1,1,3,0.0,-0.25927842447266464
exp1a_89,1,0,4,1.0,-0.037429674856308215
exp1a_89,0,0,6,0.0,0.2178428302469978
exp1a_89,1,1,6,1.0,-0.7363996791923271
exp1a_89,0,0,6,-1.0,0.2178428302469978
exp1a_89,0,0,4,0.0,0.2178428302469978
exp1a_89,1,1,6,1.0,-0.7363996791923271
exp1a_89,0,0,6,0.0,0.843383917424483
exp1a_89,1,1,6,1.0,0.843383917424483
exp1a_89,0,0,6,1.0,0.2178428302469978
exp1a_89,0,0,5,0.0,-0.037429674856308215
exp1a_89,1,1,6,1.0,-0.037429674856308215
exp1a_89,1,1,6,0.0,-0.037429674856308215
exp1a_89,0,1,6,-1.0,-0.25927842447266464
exp1a_89,1,1,6,0.0,0.843383917424483
exp1a_89,1,1,6,-1.0,0.843383917424483
exp1a_89,0,0,6,1.0,-0.037429674856308215
exp1a_89,0,1,6,-1.0,-0.7363996791923271
exp1a_89,1,1,6,-1.0,-0.25927842447266464
exp1a_89,0,0,6,-1.0,0.2178428302469978
exp1a_89,1,1,6,0.0,0.2178428302469978
exp1a_89,0,0,6,1.0,0.843383917424483
exp1a_89,0,0,5,0.0,-0.25927842447266464
exp1a_89,0,0,6,-1.0,0.843383917424483
exp1a_89,0,0,6,0.0,-0.7363996791923271
exp1a_89,1,1,6,1.0,-0.25927842447266464
exp1a_89,1,1,6,-1.0,-0.037429674856308215
exp1a_89,0,0,6,-1.0,-0.037429674856308215
exp1a_89,1,0,5,0.0,-0.7363996791923271
exp1a_89,1,1,6,1.0,0.2178428302469978
exp1a_89,1,1,6,-1.0,0.2178428302469978
exp1a_89,0,0,6,1.0,-0.25927842447266464
exp1a_89,1,1,4,-1.0,-0.7363996791923271
exp1a_89,0,0,5,1.0,-0.7363996791923271
exp1a_89,1,1,4,0.0,-0.25927842447266464
exp1a_89,1,0,6,-1.0,-0.037429674856308215
exp1a_89,1,1,6,1.0,-0.037429674856308215
exp1a_89,0,0,6,0.0,0.843383917424483
exp1a_89,1,1,6,1.0,-0.25927842447266464
exp1a_89,1,1,4,0.0,-0.25927842447266464
exp1a_89,1,1,6,1.0,0.2178428302469978
exp1a_89,0,1,6,1.0,-0.7363996791923271
exp1a_89,0,0,6,-1.0,-0.037429674856308215
exp1a_89,1,1,6,-1.0,0.843383917424483
exp1a_89,1,1,6,0.0,-0.7363996791923271
exp1a_89,1,1,6,0.0,0.843383917424483
exp1a_89,1,1,6,1.0,-0.7363996791923271
exp1a_89,0,1,6,-1.0,-0.25927842447266464
exp1a_89,0,0,6,1.0,-0.037429674856308215
exp1a_89,0,0,6,-1.0,0.2178428302469978
exp1a_89,0,0,6,1.0,0.2178428302469978
exp1a_89,0,1,6,-1.0,-0.7363996791923271
exp1a_89,1,1,6,1.0,0.843383917424483
exp1a_89,1,1,6,-1.0,-0.25927842447266464
exp1a_89,1,1,6,-1.0,0.2178428302469978
exp1a_89,0,0,6,1.0,-0.25927842447266464
exp1a_89,0,0,6,1.0,0.843383917424483
exp1a_89,0,0,6,-1.0,0.843383917424483
exp1a_89,0,0,6,0.0,0.2178428302469978
exp1a_89,0,0,6,0.0,-0.037429674856308215
exp1a_89,1,0,6,-1.0,-0.7363996791923271
exp1a_89,0,0,5,0.0,-0.7363996791923271
exp1a_89,1,0,3,0.0,-0.037429674856308215
exp1a_89,0,0,5,0.0,-0.25927842447266464
exp1a_89,1,1,6,0.0,0.2178428302469978
exp1a_91,1,1,4,0.0,-0.7363996791923271
exp1a_91,1,1,6,1.0,0.2178428302469978
exp1a_91,1,1,6,-1.0,-0.037429674856308215
exp1a_91,0,0,6,-1.0,0.843383917424483
exp1a_91,1,1,6,-1.0,0.843383917424483
exp1a_91,1,1,6,1.0,0.843383917424483
exp1a_91,0,1,4,1.0,-0.7363996791923271
exp1a_91,0,0,5,1.0,-0.25927842447266464
exp1a_91,1,1,6,1.0,-0.25927842447266464
exp1a_91,0,0,6,1.0,0.843383917424483
exp1a_91,0,0,6,-1.0,0.2178428302469978
exp1a_91,0,0,6,0.0,0.2178428302469978
exp1a_91,0,0,6,-1.0,-0.037429674856308215
exp1a_91,0,0,6,-1.0,-0.7363996791923271
exp1a_91,1,1,6,-1.0,0.2178428302469978
exp1a_91,0,0,6,0.0,-0.037429674856308215
exp1a_91,1,0,4,1.0,-0.7363996791923271
exp1a_91,1,0,4,1.0,-0.037429674856308215
exp1a_91,1,1,6,0.0,0.2178428302469978
exp1a_91,1,1,5,-1.0,-0.25927842447266464
exp1a_91,0,0,6,1.0,-0.037429674856308215
exp1a_91,1,1,4,0.0,-0.25927842447266464
exp1a_91,1,1,5,0.0,-0.037429674856308215
exp1a_91,0,0,6,0.0,-0.25927842447266464
exp1a_91,1,1,4,-1.0,-0.7363996791923271
exp1a_91,1,1,6,0.0,0.843383917424483
exp1a_91,0,0,4,-1.0,-0.25927842447266464
exp1a_91,0,1,6,0.0,-0.7363996791923271
exp1a_91,0,0,6,1.0,0.2178428302469978
exp1a_91,0,0,6,0.0,0.843383917424483
exp1a_91,1,1,6,0.0,-0.25927842447266464
exp1a_91,0,0,5,1.0,-0.7363996791923271
exp1a_91,1,1,6,0.0,0.2178428302469978
exp1a_91,0,0,6,1.0,-0.037429674856308215
exp1a_91,0,0,6,0.0,0.2178428302469978
exp1a_91,0,0,6,1.0,0.2178428302469978
exp1a_91,0,0,6,1.0,-0.25927842447266464
exp1a_91,1,1,6,-1.0,0.2178428302469978
exp1a_91,1,0,6,-1.0,-0.7363996791923271
exp1a_91,0,0,6,-1.0,0.2178428302469978
exp1a_91,1,1,6,1.0,0.843383917424483
exp1a_91,1,1,6,0.0,-0.037429674856308215
exp1a_91,0,0,6,-1.0,-0.037429674856308215
exp1a_91,1,0,4,0.0,-0.7363996791923271
exp1a_91,0,0,6,0.0,0.843383917424483
exp1a_91,0,0,6,-1.0,-0.25927842447266464
exp1a_91,0,0,6,0.0,-0.25927842447266464
exp1a_91,1,1,6,0.0,0.843383917424483
exp1a_91,0,0,6,-1.0,0.843383917424483
exp1a_91,1,1,6,1.0,-0.25927842447266464
exp1a_91,0,0,6,1.0,0.843383917424483
exp1a_91,1,1,6,-1.0,-0.037429674856308215
exp1a_91,0,0,6,0.0,-0.7363996791923271
exp1a_91,1,1,6,-1.0,0.843383917424483
exp1a_91,1,1,6,1.0,0.2178428302469978
exp1a_91,0,0,6,0.0,-0.037429674856308215
exp1a_91,1,1,6,1.0,-0.7363996791923271
exp1a_91,0,0,4,-1.0,-0.7363996791923271
exp1a_91,1,1,6,-1.0,-0.25927842447266464
exp1a_91,1,1,6,1.0,-0.037429674856308215
exp1a_91,0,0,6,0.0,0.843383917424483
exp1a_91,0,0,4,0.0,-0.25927842447266464
exp1a_91,1,1,6,1.0,0.2178428302469978
exp1a_91,1,0,4,0.0,-0.037429674856308215
exp1a_91,1,1,6,-1.0,-0.037429674856308215
exp1a_91,0,0,6,0.0,-0.037429674856308215
exp1a_91,0,0,6,-1.0,0.2178428302469978
exp1a_91,0,0,6,-1.0,-0.7363996791923271
exp1a_91,1,1,4,-1.0,-0.7363996791923271
exp1a_91,0,0,6,0.0,0.2178428302469978
exp1a_91,0,0,6,1.0,-0.037429674856308215
exp1a_91,0,0,6,-1.0,-0.037429674856308215
exp1a_91,1,0,5,0.0,-0.7363996791923271
exp1a_91,1,0,4,1.0,-0.7363996791923271
exp1a_91,0,0,6,1.0,-0.25927842447266464
exp1a_91,1,1,6,-1.0,0.843383917424483
exp1a_91,0,0,6,0.0,-0.7363996791923271
exp1a_91,1,1,6,0.0,-0.25927842447266464
exp1a_91,1,1,6,1.0,0.843383917424483
exp1a_91,1,1,6,-1.0,-0.25927842447266464
exp1a_91,1,1,6,1.0,-0.037429674856308215
exp1a_91,1,1,6,0.0,0.843383917424483
exp1a_91,0,0,6,1.0,0.2178428302469978
exp1a_91,1,1,6,-1.0,0.2178428302469978
exp1a_91,1,1,6,0.0,0.2178428302469978
exp1a_91,0,0,6,1.0,-0.7363996791923271
exp1a_91,1,1,6,1.0,-0.25927842447266464
exp1a_91,0,0,6,-1.0,0.843383917424483
exp1a_91,0,1,4,-1.0,-0.25927842447266464
exp1a_91,0,0,6,1.0,0.843383917424483
exp1a_91,0,0,4,-1.0,-0.037429674856308215
exp1a_91,0,0,6,1.0,0.843383917424483
exp1a_91,1,1,4,1.0,-0.7363996791923271
exp1a_91,1,1,6,-1.0,0.2178428302469978
exp1a_91,1,1,4,-1.0,-0.7363996791923271
exp1a_91,0,0,6,0.0,0.843383917424483
exp1a_91,1,1,6,-1.0,0.843383917424483
exp1a_91,1,1,6,1.0,-0.037429674856308215
exp1a_91,1,1,6,0.0,0.2178428302469978
exp1a_91,1,1,6,0.0,-0.25927842447266464
exp1a_91,0,1,5,-1.0,-0.7363996791923271
exp1a_91,0,0,4,0.0,-0.037429674856308215
exp1a_91,1,1,5,0.0,-0.037429674856308215
exp1a_91,0,0,5,1.0,0.2178428302469978
exp1a_91,1,1,4,1.0,-0.25927842447266464
exp1a_91,1,1,4,1.0,0.2178428302469978
exp1a_91,0,0,4,-1.0,-0.25927842447266464
exp1a_91,0,0,4,-1.0,0.2178428302469978
exp1a_91,0,0,4,1.0,-0.25927842447266464
exp1a_91,0,0,6,-1.0,0.843383917424483
exp1a_91,0,1,3,1.0,-0.037429674856308215
exp1a_91,1,1,6,0.0,0.843383917424483
exp1a_91,1,1,6,-1.0,-0.037429674856308215
exp1a_91,1,0,4,0.0,-0.7363996791923271
exp1a_91,1,1,6,1.0,0.843383917424483
exp1a_91,0,1,4,0.0,-0.7363996791923271
exp1a_91,0,0,4,0.0,-0.25927842447266464
exp1a_91,0,0,6,0.0,0.2178428302469978
exp1a_91,1,1,4,-1.0,-0.25927842447266464
exp1a_91,0,1,4,1.0,-0.7363996791923271
exp1a_91,0,0,6,0.0,0.843383917424483
exp1a_91,1,1,6,0.0,-0.037429674856308215
exp1a_91,1,0,6,0.0,-0.25927842447266464
exp1a_91,1,1,6,1.0,0.843383917424483
exp1a_91,1,0,4,1.0,-0.037429674856308215
exp1a_91,1,0,6,-1.0,-0.7363996791923271
exp1a_91,0,0,4,1.0,-0.037429674856308215
exp1a_91,1,0,4,1.0,-0.7363996791923271
exp1a_91,1,1,6,-1.0,0.2178428302469978
exp1a_91,0,0,5,-1.0,-0.25927842447266464
exp1a_91,1,1,6,0.0,0.2178428302469978
exp1a_91,0,0,4,0.0,-0.7363996791923271
exp1a_91,0,0,5,0.0,-0.037429674856308215
exp1a_91,0,1,4,-1.0,-0.7363996791923271
exp1a_91,0,0,4,1.0,-0.25927842447266464
exp1a_91,1,1,6,1.0,0.2178428302469978
exp1a_91,1,1,6,-1.0,-0.25927842447266464
exp1a_91,0,0,6,-1.0,0.2178428302469978
exp1a_91,0,0,6,-1.0,-0.037429674856308215
exp1a_91,0,0,6,1.0,0.2178428302469978
exp1a_91,0,0,4,1.0,-0.7363996791923271
exp1a_91,1,0,6,0.0,-0.7363996791923271
exp1a_91,0,0,6,1.0,0.843383917424483
exp1a_91,0,0,6,-1.0,0.843383917424483
exp1a_91,0,0,6,0.0,0.2178428302469978
exp1a_91,1,1,6,-1.0,0.843383917424483
exp1a_91,0,0,6,0.0,-0.25927842447266464
exp1a_91,1,1,6,-1.0,-0.037429674856308215
exp1a_91,1,1,6,0.0,0.843383917424483
exp1a_91,1,1,6,1.0,-0.25927842447266464
exp1a_91,1,1,6,-1.0,0.843383917424483
exp1a_91,0,0,6,-1.0,-0.037429674856308215
exp1a_91,0,0,4,1.0,-0.25927842447266464
exp1a_91,1,1,6,1.0,0.843383917424483
exp1a_91,1,1,6,0.0,0.843383917424483
exp1a_91,1,1,5,-1.0,-0.7363996791923271
exp1a_91,1,1,6,-1.0,-0.037429674856308215
exp1a_91,0,0,4,1.0,-0.037429674856308215
exp1a_91,1,1,6,1.0,-0.037429674856308215
exp1a_91,1,1,6,0.0,-0.037429674856308215
exp1a_91,0,0,6,-1.0,0.2178428302469978
exp1a_91,1,1,6,0.0,-0.25927842447266464
exp1a_91,1,1,6,-1.0,-0.25927842447266464
exp1a_91,0,0,6,0.0,0.843383917424483
exp1a_91,0,0,6,0.0,-0.037429674856308215
exp1a_91,0,0,6,1.0,0.843383917424483
exp1a_91,0,0,5,1.0,-0.7363996791923271
exp1a_91,1,1,6,1.0,0.2178428302469978
exp1a_91,0,0,4,0.0,-0.25927842447266464
exp1a_91,1,0,4,0.0,-0.7363996791923271
exp1a_91,1,0,4,1.0,-0.7363996791923271
exp1a_91,1,1,5,1.0,-0.25927842447266464
exp1a_91,0,1,3,0.0,-0.7363996791923271
exp1a_91,0,0,6,1.0,0.2178428302469978
exp1a_91,0,0,6,0.0,0.2178428302469978
exp1a_91,1,1,6,-1.0,0.2178428302469978
exp1a_91,0,0,5,-1.0,-0.7363996791923271
exp1a_91,0,0,6,-1.0,-0.25927842447266464
exp1a_91,1,1,6,0.0,0.2178428302469978
exp1a_91,0,0,6,-1.0,0.843383917424483
exp1a_91,1,1,5,0.0,-0.25927842447266464
exp1a_91,0,0,6,0.0,-0.7363996791923271
exp1a_91,1,1,6,-1.0,0.843383917424483
exp1a_91,1,1,6,-1.0,-0.7363996791923271
exp1a_91,0,0,6,0.0,-0.037429674856308215
exp1a_91,1,1,6,1.0,0.843383917424483
exp1a_91,0,0,6,-1.0,-0.7363996791923271
exp1a_91,0,0,6,-1.0,-0.037429674856308215
exp1a_91,1,1,6,0.0,0.843383917424483
exp1a_91,1,0,4,1.0,-0.25927842447266464
exp1a_91,1,1,6,-1.0,-0.037429674856308215
exp1a_91,0,0,6,-1.0,0.843383917424483
exp1a_91,0,0,6,1.0,-0.25927842447266464
exp1a_91,0,0,6,0.0,0.2178428302469978
exp1a_91,0,0,6,0.0,0.843383917424483
exp1a_91,1,1,6,0.0,0.2178428302469978
exp1a_91,0,0,6,-1.0,0.2178428302469978
exp1a_91,0,0,6,1.0,0.2178428302469978
exp1a_91,1,1,4,-1.0,-0.25927842447266464
exp1a_91,1,0,4,-1.0,0.2178428302469978
exp1a_91,0,0,5,0.0,-0.25927842447266464
exp1a_91,0,0,5,-1.0,-0.25927842447266464
exp1a_91,0,0,5,1.0,-0.7363996791923271
exp1a_91,1,1,6,1.0,0.2178428302469978
exp1a_91,1,1,6,0.0,-0.037429674856308215
exp1a_91,1,1,4,0.0,-0.7363996791923271
exp1a_91,1,1,4,1.0,-0.037429674856308215
exp1a_91,1,1,5,1.0,-0.7363996791923271
exp1a_91,0,0,5,1.0,-0.037429674856308215
exp1a_91,0,0,6,1.0,0.843383917424483
exp1a_91,0,0,6,-1.0,-0.7363996791923271
exp1a_91,1,1,6,-1.0,0.2178428302469978
exp1a_91,1,1,4,1.0,-0.037429674856308215
exp1a_91,1,0,4,1.0,-0.25927842447266464
exp1a_91,0,0,4,-1.0,-0.25927842447266464
exp1a_91,1,1,6,1.0,0.2178428302469978
exp1a_91,0,0,6,0.0,0.2178428302469978
exp1a_91,0,0,6,1.0,0.843383917424483
exp1a_91,0,0,6,0.0,-0.037429674856308215
exp1a_91,1,1,6,0.0,0.843383917424483
exp1a_91,1,1,6,0.0,-0.037429674856308215
exp1a_91,0,0,6,1.0,-0.037429674856308215
exp1a_91,0,0,6,0.0,-0.7363996791923271
exp1a_91,1,1,6,0.0,0.2178428302469978
exp1a_91,0,0,6,-1.0,0.843383917424483
exp1a_91,1,1,4,0.0,-0.7363996791923271
exp1a_91,1,0,6,1.0,-0.7363996791923271
exp1a_91,1,1,6,-1.0,0.843383917424483
exp1a_91,1,1,6,1.0,0.843383917424483
exp1a_91,1,1,6,-1.0,-0.25927842447266464
exp1a_91,0,0,6,-1.0,-0.037429674856308215
exp1a_91,0,1,4,0.0,-0.25927842447266464
exp1a_91,1,1,6,-1.0,-0.037429674856308215
exp1a_91,1,1,6,-1.0,-0.7363996791923271
exp1a_91,0,0,6,1.0,0.2178428302469978
exp1a_91,1,1,5,0.0,-0.25927842447266464
exp1a_91,0,0,6,1.0,-0.25927842447266464
exp1a_91,0,1,5,1.0,-0.7363996791923271
exp1a_91,0,0,6,0.0,0.843383917424483
exp1a_91,0,0,6,-1.0,0.2178428302469978
exp1a_92,0,1,4,0.0,-0.037429674856308215
exp1a_92,0,0,5,-1.0,0.843383917424483
exp1a_92,0,1,5,1.0,-0.25927842447266464
exp1a_92,1,1,6,0.0,-0.037429674856308215
exp1a_92,0,0,6,1.0,0.2178428302469978
exp1a_92,1,1,4,-1.0,-0.25927842447266464
exp1a_92,1,0,5,1.0,-0.7363996791923271
exp1a_92,0,0,6,0.0,0.843383917424483
exp1a_92,1,0,4,0.0,-0.7363996791923271
exp1a_92,0,0,6,0.0,-0.25927842447266464
exp1a_92,1,1,6,1.0,0.843383917424483
exp1a_92,0,1,4,-1.0,-0.7363996791923271
exp1a_92,0,1,5,1.0,-0.7363996791923271
exp1a_92,0,0,6,1.0,-0.037429674856308215
exp1a_92,0,0,4,-1.0,-0.037429674856308215
exp1a_92,1,1,5,1.0,-0.037429674856308215
exp1a_92,0,1,5,0.0,-0.7363996791923271
exp1a_92,1,1,5,-1.0,-0.037429674856308215
exp1a_92,0,1,5,-1.0,-0.25927842447266464
exp1a_92,1,1,4,-1.0,0.2178428302469978
exp1a_92,0,0,6,1.0,0.843383917424483
exp1a_92,1,1,4,1.0,-0.25927842447266464
exp1a_92,0,0,6,0.0,0.2178428302469978
exp1a_92,1,1,6,0.0,0.843383917424483
exp1a_92,1,0,4,0.0,-0.25927842447266464
exp1a_92,1,1,6,-1.0,0.843383917424483
exp1a_92,0,1,5,-1.0,0.2178428302469978
exp1a_92,1,0,3,1.0,0.2178428302469978
exp1a_92,1,1,4,0.0,0.2178428302469978
exp1a_92,1,1,5,-1.0,-0.7363996791923271
exp1a_92,1,1,5,1.0,0.843383917424483
exp1a_92,0,1,5,1.0,-0.037429674856308215
exp1a_92,0,1,5,0.0,-0.037429674856308215
exp1a_92,0,0,6,1.0,0.843383917424483
exp1a_92,1,0,3,1.0,0.2178428302469978
exp1a_92,0,0,3,0.0,-0.7363996791923271
exp1a_92,1,1,6,1.0,-0.037429674856308215
exp1a_92,1,1,4,1.0,-0.7363996791923271
exp1a_92,0,1,4,1.0,-0.7363996791923271
exp1a_92,0,1,4,1.0,-0.25927842447266464
exp1a_92,1,1,3,0.0,-0.25927842447266464
exp1a_92,0,0,6,0.0,0.843383917424483
exp1a_92,1,0,4,-1.0,0.2178428302469978
exp1a_92,0,1,5,-1.0,-0.7363996791923271
exp1a_92,1,1,5,-1.0,-0.25927842447266464
exp1a_92,1,1,4,-1.0,-0.7363996791923271
exp1a_92,0,0,4,-1.0,0.2178428302469978
exp1a_92,1,0,4,0.0,-0.7363996791923271
exp1a_92,0,0,6,-1.0,0.843383917424483
exp1a_92,0,0,6,1.0,0.2178428302469978
exp1a_92,1,1,5,0.0,0.2178428302469978
exp1a_92,1,1,6,1.0,-0.25927842447266464
exp1a_92,0,1,5,-1.0,-0.25927842447266464
exp1a_92,0,0,5,-1.0,-0.037429674856308215
exp1a_92,1,0,5,0.0,-0.037429674856308215
exp1a_92,1,1,6,-1.0,0.843383917424483
exp1a_92,0,0,6,0.0,-0.25927842447266464
exp1a_92,1,0,6,-1.0,-0.037429674856308215
exp1a_92,0,0,6,0.0,0.2178428302469978
exp1a_92,1,1,5,-1.0,-0.037429674856308215
exp1a_92,0,1,4,1.0,-0.25927842447266464
exp1a_92,1,1,6,1.0,0.843383917424483
exp1a_92,1,1,5,1.0,-0.037429674856308215
exp1a_92,1,1,6,0.0,0.843383917424483
exp1a_92,1,1,4,0.0,-0.25927842447266464
exp1a_92,0,1,3,0.0,-0.037429674856308215
exp1a_92,0,0,4,1.0,-0.7363996791923271
exp1a_92,1,1,5,1.0,0.2178428302469978
exp1a_92,1,1,4,1.0,-0.25927842447266464
exp1a_92,1,1,6,-1.0,0.843383917424483
exp1a_92,1,1,4,0.0,-0.037429674856308215
exp1a_92,1,1,6,0.0,-0.7363996791923271
exp1a_92,0,0,6,1.0,0.843383917424483
exp1a_92,0,0,6,-1.0,-0.037429674856308215
exp1a_92,1,1,4,0.0,0.2178428302469978
exp1a_92,1,1,4,-1.0,0.2178428302469978
exp1a_92,0,0,6,0.0,-0.7363996791923271
exp1a_92,0,0,6,-1.0,0.843383917424483
exp1a_92,1,0,4,-1.0,-0.7363996791923271
exp1a_92,0,0,6,0.0,-0.25927842447266464
exp1a_92,1,1,5,-1.0,-0.25927842447266464
exp1a_92,0,0,4,-1.0,-0.25927842447266464
exp1a_92,0,0,4,-1.0,-0.7363996791923271
exp1a_92,0,0,5,1.0,-0.037429674856308215
exp1a_92,1,0,5,1.0,-0.7363996791923271
exp1a_92,0,0,4,0.0,0.2178428302469978
exp1a_92,0,0,4,1.0,0.2178428302469978
exp1a_92,1,0,4,1.0,0.2178428302469978
exp1a_92,0,0,5,1.0,0.843383917424483
exp1a_92,0,0,5,0.0,-0.7363996791923271
exp1a_92,1,0,4,-1.0,-0.037429674856308215
exp1a_92,1,0,4,0.0,-0.25927842447266464
exp1a_92,0,0,3,-1.0,-0.037429674856308215
exp1a_92,0,0,4,0.0,-0.037429674856308215
exp1a_92,1,0,4,1.0,-0.25927842447266464
exp1a_92,0,0,4,0.0,0.2178428302469978
exp1a_92,1,1,6,-1.0,0.843383917424483
exp1a_92,0,1,4,-1.0,-0.25927842447266464
exp1a_92,0,1,4,-1.0,-0.7363996791923271
exp1a_92,0,1,4,1.0,0.2178428302469978
exp1a_92,1,1,5,1.0,-0.7363996791923271
exp1a_92,0,1,5,1.0,-0.7363996791923271
exp1a_92,1,1,5,-1.0,-0.7363996791923271
exp1a_92,1,1,5,0.0,0.2178428302469978
exp1a_92,0,0,6,0.0,0.843383917424483
exp1a_92,0,1,5,0.0,-0.25927842447266464
exp1a_92,0,0,5,-1.0,0.2178428302469978
exp1a_92,0,1,5,1.0,-0.25927842447266464
exp1a_92,1,1,6,-1.0,0.2178428302469978
exp1a_92,1,1,6,0.0,0.843383917424483
exp1a_92,0,0,6,-1.0,0.843383917424483
exp1a_92,1,0,4,1.0,-0.037429674856308215
exp1a_92,1,1,4,0.0,-0.037429674856308215
exp1a_92,1,1,6,1.0,0.843383917424483
exp1a_92,1,1,6,0.0,-0.7363996791923271
exp1a_92,0,0,3,1.0,-0.037429674856308215
exp1a_92,1,1,4,1.0,-0.7363996791923271
exp1a_92,1,0,4,-1.0,-0.7363996791923271
exp1a_92,0,0,3,-1.0,0.2178428302469978
exp1a_92,0,0,5,0.0,0.843383917424483
exp1a_92,1,1,5,-1.0,0.843383917424483
exp1a_92,0,0,4,1.0,-0.037429674856308215
exp1a_92,1,1,5,0.0,0.843383917424483
exp1a_92,0,1,5,1.0,-0.7363996791923271
exp1a_92,1,0,5,0.0,-0.037429674856308215
exp1a_92,1,1,5,-1.0,0.2178428302469978
exp1a_92,1,1,5,-1.0,-0.25927842447266464
exp1a_92,0,1,5,-1.0,-0.037429674856308215
exp1a_92,1,1,5,0.0,-0.25927842447266464
exp1a_92,0,1,3,0.0,-0.037429674856308215
exp1a_92,1,1,5,0.0,0.2178428302469978
exp1a_92,1,1,5,1.0,-0.25927842447266464
exp1a_92,0,0,5,0.0,0.2178428302469978
exp1a_92,0,0,5,1.0,0.843383917424483
exp1a_92,0,0,4,-1.0,-0.7363996791923271
exp1a_92,1,1,5,1.0,0.843383917424483
exp1a_92,1,1,5,-1.0,-0.037429674856308215
exp1a_92,0,1,5,0.0,-0.7363996791923271
exp1a_92,1,1,4,0.0,-0.7363996791923271
exp1a_92,0,0,6,-1.0,0.843383917424483
exp1a_92,0,0,3,1.0,0.2178428302469978
exp1a_92,0,1,5,1.0,-0.25927842447266464
exp1a_92,1,1,5,1.0,0.2178428302469978
exp1a_92,0,1,6,0.0,-0.25927842447266464
exp1a_92,1,1,5,1.0,0.2178428302469978
exp1a_92,0,1,4,1.0,-0.7363996791923271
exp1a_92,1,1,4,1.0,-0.7363996791923271
exp1a_92,0,0,5,0.0,0.2178428302469978
exp1a_92,0,0,5,0.0,-0.25927842447266464
exp1a_92,0,0,5,0.0,-0.7363996791923271
exp1a_92,1,1,5,1.0,0.843383917424483
exp1a_92,0,0,5,0.0,-0.037429674856308215
exp1a_92,1,1,4,0.0,-0.037429674856308215
exp1a_92,0,0,4,1.0,-0.25927842447266464
exp1a_92,1,1,4,-1.0,-0.25927842447266464
exp1a_92,1,1,4,-1.0,-0.7363996791923271
exp1a_92,0,0,4,1.0,0.2178428302469978
exp1a_92,1,0,4,0.0,0.2178428302469978
exp1a_92,0,0,4,-1.0,0.2178428302469978
exp1a_92,0,0,4,-1.0,-0.7363996791923271
exp1a_92,1,1,4,1.0,-0.25927842447266464
exp1a_92,1,1,5,1.0,-0.037429674856308215
exp1a_92,1,1,5,0.0,-0.25927842447266464
exp1a_92,1,1,5,-1.0,-0.037429674856308215
exp1a_92,0,0,5,-1.0,-0.25927842447266464
exp1a_92,1,1,5,0.0,0.843383917424483
exp1a_92,0,0,5,0.0,0.843383917424483
exp1a_92,0,0,5,1.0,-0.037429674856308215
exp1a_92,1,0,4,0.0,-0.7363996791923271
exp1a_92,1,1,6,-1.0,0.843383917424483
exp1a_92,1,0,5,-1.0,0.2178428302469978
exp1a_92,0,0,5,-1.0,-0.037429674856308215
exp1a_92,0,0,4,-1.0,-0.25927842447266464
exp1a_92,0,0,4,0.0,0.843383917424483
exp1a_92,1,1,6,1.0,0.843383917424483
exp1a_92,1,1,5,0.0,-0.7363996791923271
exp1a_92,0,0,5,0.0,-0.037429674856308215
exp1a_92,1,1,5,1.0,-0.037429674856308215
exp1a_92,0,0,5,1.0,-0.25927842447266464
exp1a_92,0,1,6,0.0,-0.25927842447266464
exp1a_92,0,0,6,1.0,0.843383917424483
exp1a_92,1,1,6,1.0,0.2178428302469978
exp1a_92,1,1,5,1.0,-0.25927842447266464
exp1a_92,1,1,6,0.0,0.2178428302469978
exp1a_92,0,0,5,0.0,-0.7363996791923271
exp1a_92,1,1,5,-1.0,0.2178428302469978
exp1a_92,1,1,5,-1.0,0.843383917424483
exp1a_92,0,0,5,1.0,-0.037429674856308215
exp1a_92,1,1,4,-1.0,-0.7363996791923271
exp1a_92,1,1,6,0.0,-0.037429674856308215
exp1a_92,1,1,4,0.0,-0.25927842447266464
exp1a_92,0,0,4,-1.0,0.2178428302469978
exp1a_92,0,0,4,-1.0,-0.7363996791923271
exp1a_92,1,1,4,-1.0,-0.25927842447266464
exp1a_92,1,1,4,1.0,-0.7363996791923271
exp1a_92,0,0,5,0.0,0.2178428302469978
exp1a_92,1,1,5,1.0,-0.037429674856308215
exp1a_92,1,1,4,-1.0,-0.25927842447266464
exp1a_92,0,1,4,1.0,-0.7363996791923271
exp1a_92,1,1,5,0.0,-0.037429674856308215
exp1a_92,0,0,6,-1.0,0.843383917424483
exp1a_92,0,1,4,0.0,-0.037429674856308215
exp1a_92,0,1,5,-1.0,-0.7363996791923271
exp1a_92,0,0,4,0.0,-0.7363996791923271
exp1a_92,0,0,6,-1.0,-0.037429674856308215
exp1a_92,1,1,5,1.0,0.843383917424483
exp1a_92,1,0,5,1.0,-0.7363996791923271
exp1a_92,0,0,5,1.0,-0.037429674856308215
exp1a_92,1,0,5,0.0,-0.7363996791923271
exp1a_92,1,1,5,1.0,-0.25927842447266464
exp1a_92,0,0,5,0.0,0.2178428302469978
exp1a_92,0,1,5,1.0,-0.25927842447266464
exp1a_92,0,0,6,0.0,0.843383917424483
exp1a_92,1,1,5,-1.0,0.2178428302469978
exp1a_92,0,0,5,-1.0,0.2178428302469978
exp1a_92,0,0,4,-1.0,-0.25927842447266464
exp1a_148,0,0,5,-1.0,-0.25927842447266464
exp1a_148,1,1,5,1.0,-0.25927842447266464
exp1a_148,0,0,5,-1.0,-0.7363996791923271
exp1a_148,1,0,5,0.0,0.2178428302469978
exp1a_148,0,0,4,-1.0,-0.037429674856308215
exp1a_148,1,1,5,1.0,-0.037429674856308215
exp1a_148,1,1,6,1.0,0.843383917424483
exp1a_148,0,0,6,-1.0,0.843383917424483
exp1a_148,1,1,6,0.0,0.843383917424483
exp1a_148,0,0,6,1.0,-0.7363996791923271
exp1a_148,1,0,6,-1.0,-0.7363996791923271
exp1a_148,1,1,6,-1.0,-0.037429674856308215
exp1a_148,1,0,6,0.0,-0.25927842447266464
exp1a_148,0,1,6,1.0,0.843383917424483
exp1a_148,0,1,6,-1.0,0.2178428302469978
exp1a_148,1,1,6,-1.0,-0.25927842447266464
exp1a_148,1,0,6,1.0,0.2178428302469978
exp1a_148,0,0,6,0.0,-0.25927842447266464
exp1a_148,1,1,6,0.0,-0.7363996791923271
exp1a_148,1,1,6,1.0,-0.7363996791923271
exp1a_148,1,1,6,0.0,-0.037429674856308215
exp1a_148,0,1,6,0.0,-0.7363996791923271
exp1a_148,0,1,6,0.0,0.843383917424483
exp1a_148,1,0,6,-1.0,0.2178428302469978
exp1a_148,0,0,6,0.0,0.2178428302469978
exp1a_148,0,1,6,1.0,0.2178428302469978
exp1a_148,1,1,6,-1.0,0.843383917424483
exp1a_148,0,0,6,1.0,-0.25927842447266464
exp1a_148,0,1,6,1.0,-0.037429674856308215
exp1a_148,0,0,6,0.0,-0.037429674856308215
exp1a_148,0,0,6,-1.0,-0.7363996791923271
exp1a_148,1,1,6,-1.0,0.843383917424483
exp1a_148,1,0,6,-1.0,-0.037429674856308215
exp1a_148,1,1,6,1.0,0.843383917424483
exp1a_148,1,0,6,0.0,0.2178428302469978
exp1a_148,0,0,6,1.0,-0.037429674856308215
exp1a_148,1,1,6,0.0,-0.7363996791923271
exp1a_148,0,0,6,1.0,0.843383917424483
exp1a_148,1,1,6,-1.0,-0.25927842447266464
exp1a_148,0,1,6,-1.0,-0.25927842447266464
exp1a_148,1,0,6,-1.0,-0.7363996791923271
exp1a_148,1,1,6,-1.0,0.2178428302469978
exp1a_148,0,0,6,-1.0,0.843383917424483
exp1a_148,0,0,6,0.0,0.843383917424483
exp1a_148,0,0,6,1.0,-0.25927842447266464
exp1a_148,1,0,6,0.0,-0.25927842447266464
exp1a_148,0,0,6,0.0,-0.7363996791923271
exp1a_148,0,0,6,0.0,-0.037429674856308215
exp1a_148,1,0,6,1.0,-0.25927842447266464
exp1a_148,0,0,6,0.0,-0.25927842447266464
exp1a_148,1,0,6,1.0,-0.7363996791923271
exp1a_148,0,0,6,-1.0,-0.037429674856308215
exp1a_148,1,1,6,0.0,-0.037429674856308215
exp1a_148,0,0,6,-1.0,0.2178428302469978
exp1a_148,0,0,6,1.0,0.2178428302469978
exp1a_148,1,0,6,1.0,-0.037429674856308215
exp1a_148,0,0,6,1.0,-0.7363996791923271
exp1a_148,0,0,6,0.0,0.2178428302469978
exp1a_148,1,0,6,1.0,0.2178428302469978
exp1a_148,0,0,6,0.0,0.2178428302469978
exp1a_148,1,1,6,0.0,-0.25927842447266464
exp1a_148,1,1,6,-1.0,0.843383917424483
exp1a_148,1,0,6,0.0,-0.037429674856308215
exp1a_148,1,1,6,-1.0,-0.7363996791923271
exp1a_148,1,1,6,0.0,0.843383917424483
exp1a_148,1,0,6,-1.0,0.2178428302469978
exp1a_148,0,1,6,-1.0,-0.25927842447266464
exp1a_148,0,0,6,0.0,-0.037429674856308215
exp1a_148,0,0,6,-1.0,0.843383917424483
exp1a_148,0,1,6,0.0,-0.7363996791923271
exp1a_148,0,0,6,-1.0,0.2178428302469978
exp1a_148,0,0,6,1.0,0.843383917424483
exp1a_148,1,1,6,-1.0,-0.037429674856308215
exp1a_148,0,0,6,-1.0,-0.7363996791923271
exp1a_148,1,1,6,0.0,0.2178428302469978
exp1a_148,0,0,6,1.0,-0.037429674856308215
exp1a_148,0,0,6,-1.0,-0.037429674856308215
exp1a_148,1,0,6,1.0,-0.25927842447266464
exp1a_148,0,0,6,1.0,-0.25927842447266464
exp1a_148,0,0,6,1.0,-0.7363996791923271
exp1a_148,1,1,6,1.0,0.2178428302469978
exp1a_148,1,0,6,0.0,-0.7363996791923271
exp1a_148,1,0,6,1.0,-0.7363996791923271
exp1a_148,0,0,6,0.0,0.843383917424483
exp1a_148,0,0,6,1.0,0.2178428302469978
exp1a_148,1,1,6,1.0,0.843383917424483
exp1a_148,0,0,6,0.0,-0.25927842447266464
exp1a_148,1,0,6,-1.0,-0.25927842447266464
exp1a_148,1,0,6,0.0,0.2178428302469978
exp1a_148,0,0,6,-1.0,-0.037429674856308215
exp1a_148,0,0,6,-1.0,0.2178428302469978
exp1a_148,0,0,6,0.0,0.2178428302469978
exp1a_148,0,1,6,1.0,-0.25927842447266464
exp1a_148,0,0,6,0.0,-0.7363996791923271
exp1a_148,1,1,6,1.0,-0.25927842447266464
exp1a_148,1,0,6,1.0,0.2178428302469978
exp1a_148,1,0,6,0.0,-0.25927842447266464
exp1a_148,0,1,6,0.0,0.843383917424483
exp1a_148,0,0,6,1.0,0.843383917424483
exp1a_148,1,0,6,0.0,0.843383917424483
exp1a_148,1,1,6,1.0,-0.7363996791923271
exp1a_148,0,0,6,-1.0,0.843383917424483
exp1a_148,0,0,6,-1.0,-0.7363996791923271
exp1a_148,1,1,6,0.0,-0.7363996791923271
exp1a_148,1,0,6,-1.0,-0.25927842447266464
exp1a_148,1,0,6,1.0,-0.037429674856308215
exp1a_148,0,0,6,1.0,-0.037429674856308215
exp1a_148,1,1,6,-1.0,-0.037429674856308215
exp1a_148,1,1,6,-1.0,0.2178428302469978
exp1a_148,0,1,6,0.0,-0.037429674856308215
exp1a_148,0,1,6,1.0,0.2178428302469978
exp1a_148,1,1,6,-1.0,-0.7363996791923271
exp1a_148,1,0,6,1.0,0.843383917424483
exp1a_148,1,1,6,-1.0,0.843383917424483
exp1a_148,0,0,6,-1.0,-0.25927842447266464
exp1a_148,0,1,6,0.0,-0.25927842447266464
exp1a_148,1,1,6,0.0,-0.037429674856308215
exp1a_148,0,1,6,1.0,-0.7363996791923271
exp1a_148,1,0,6,0.0,0.843383917424483
exp1a_148,1,0,6,1.0,0.2178428302469978
exp1a_148,1,1,6,1.0,-0.25927842447266464
exp1a_148,1,0,6,1.0,0.843383917424483
exp1a_148,1,1,6,0.0,-0.7363996791923271
exp1a_148,1,1,6,-1.0,-0.7363996791923271
exp1a_148,0,1,6,0.0,-0.25927842447266464
exp1a_148,0,0,6,0.0,0.843383917424483
exp1a_148,0,1,6,0.0,0.2178428302469978
exp1a_148,0,1,6,1.0,-0.037429674856308215
exp1a_148,0,0,6,0.0,-0.7363996791923271
exp1a_148,0,0,6,-1.0,-0.037429674856308215
exp1a_148,1,0,6,0.0,0.2178428302469978
exp1a_148,0,0,6,0.0,-0.037429674856308215
exp1a_148,0,1,6,-1.0,0.843383917424483
exp1a_148,1,0,6,-1.0,0.843383917424483
exp1a_148,0,0,6,1.0,-0.7363996791923271
exp1a_148,1,0,6,1.0,-0.7363996791923271
exp1a_148,1,1,6,1.0,-0.037429674856308215
exp1a_148,1,1,6,0.0,-0.037429674856308215
exp1a_148,0,1,6,1.0,0.843383917424483
exp1a_148,1,1,6,-1.0,0.2178428302469978
exp1a_148,0,0,6,1.0,0.2178428302469978
exp1a_148,1,0,6,-1.0,-0.037429674856308215
exp1a_148,1,0,6,0.0,-0.25927842447266464
exp1a_148,1,0,6,-1.0,-0.25927842447266464
exp1a_148,0,0,6,1.0,-0.25927842447266464
exp1a_148,0,0,6,-1.0,-0.25927842447266464
exp1a_148,0,0,6,-1.0,-0.7363996791923271
exp1a_148,1,1,6,1.0,-0.7363996791923271
exp1a_148,1,0,6,-1.0,0.843383917424483
exp1a_148,0,0,6,1.0,0.843383917424483
exp1a_148,0,0,6,-1.0,0.843383917424483
exp1a_148,1,0,6,1.0,0.2178428302469978
exp1a_148,0,0,6,-1.0,-0.037429674856308215
exp1a_148,1,0,6,-1.0,-0.25927842447266464
exp1a_148,0,0,6,1.0,-0.037429674856308215
exp1a_148,0,1,6,0.0,0.2178428302469978
exp1a_148,0,0,6,-1.0,0.2178428302469978
exp1a_148,1,1,6,1.0,-0.25927842447266464
exp1a_148,1,0,6,-1.0,0.2178428302469978
exp1a_148,0,0,6,0.0,-0.7363996791923271
exp1a_148,1,1,6,1.0,0.843383917424483
exp1a_148,0,0,6,0.0,-0.25927842447266464
exp1a_148,1,1,6,0.0,0.843383917424483
exp1a_148,0,0,6,-1.0,-0.25927842447266464
exp1a_148,0,0,6,0.0,0.843383917424483
exp1a_148,1,0,6,0.0,-0.25927842447266464
exp1a_148,0,0,6,0.0,-0.037429674856308215
exp1a_148,1,0,6,0.0,-0.037429674856308215
exp1a_148,0,0,6,1.0,0.2178428302469978
exp1a_148,1,0,6,0.0,0.2178428302469978
exp1a_148,1,0,6,-1.0,-0.037429674856308215
exp1a_148,0,0,6,-1.0,-0.7363996791923271
exp1a_148,1,0,6,0.0,-0.7363996791923271
exp1a_148,0,0,6,1.0,-0.7363996791923271
exp1a_148,1,0,6,-1.0,-0.7363996791923271
exp1a_148,0,0,6,1.0,-0.25927842447266464
exp1a_148,1,1,6,1.0,-0.037429674856308215
exp1a_148,0,0,6,0.0,0.2178428302469978
exp1a_148,0,0,6,1.0,-0.037429674856308215
exp1a_148,1,0,6,1.0,-0.25927842447266464
exp1a_148,0,0,6,0.0,-0.7363996791923271
exp1a_148,1,0,6,1.0,-0.7363996791923271
exp1a_148,0,0,6,1.0,0.843383917424483
exp1a_148,1,0,6,-1.0,-0.7363996791923271
exp1a_148,1,0,6,0.0,0.2178428302469978
exp1a_148,0,0,6,1.0,-0.7363996791923271
exp1a_148,0,1,6,0.0,-0.25927842447266464
exp1a_148,1,0,6,-1.0,-0.037429674856308215
exp1a_148,1,1,6,1.0,0.843383917424483
exp1a_148,1,1,6,0.0,-0.25927842447266464
exp1a_148,1,0,6,1.0,-0.037429674856308215
exp1a_148,0,0,6,1.0,-0.25927842447266464
exp1a_148,1,1,6,-1.0,-0.25927842447266464
exp1a_148,1,0,6,0.0,0.843383917424483
exp1a_148,0,0,6,-1.0,-0.7363996791923271
exp1a_148,0,0,6,-1.0,0.843383917424483
exp1a_148,0,0,6,-1.0,-0.037429674856308215
exp1a_148,1,0,6,0.0,-0.7363996791923271
exp1a_148,0,0,6,-1.0,-0.25927842447266464
exp1a_148,1,0,6,0.0,-0.037429674856308215
exp1a_148,1,1,6,-1.0,0.2178428302469978
exp1a_148,0,0,6,0.0,-0.037429674856308215
exp1a_148,0,0,6,0.0,0.843383917424483
exp1a_148,1,0,6,1.0,0.2178428302469978
exp1a_148,0,1,6,-1.0,0.2178428302469978
exp1a_148,0,0,6,1.0,-0.25927842447266464
exp1a_148,1,1,6,0.0,-0.7363996791923271
exp1a_148,0,0,6,-1.0,-0.037429674856308215
exp1a_148,1,0,6,1.0,-0.25927842447266464
exp1a_148,1,0,6,1.0,-0.037429674856308215
exp1a_148,1,0,6,0.0,0.2178428302469978
exp1a_148,1,1,6,-1.0,-0.25927842447266464
exp1a_148,1,0,6,-1.0,0.2178428302469978
exp1a_148,1,0,6,0.0,-0.037429674856308215
exp1a_148,0,1,6,1.0,-0.037429674856308215
exp1a_148,1,0,6,1.0,-0.7363996791923271
exp1a_148,1,0,6,1.0,0.2178428302469978
exp1a_148,0,0,6,0.0,0.843383917424483
exp1a_148,1,1,6,-1.0,-0.7363996791923271
exp1a_148,0,0,6,0.0,-0.25927842447266464
exp1a_148,1,0,6,1.0,0.843383917424483
exp1a_148,0,1,6,-1.0,-0.7363996791923271
exp1a_148,0,0,6,0.0,-0.7363996791923271
exp1a_148,0,0,6,-1.0,-0.25927842447266464
exp1a_148,1,0,6,0.0,0.843383917424483
exp1a_148,0,1,6,0.0,-0.037429674856308215
exp1a_148,0,0,6,-1.0,0.2178428302469978
exp1a_148,0,1,6,0.0,0.2178428302469978
exp1a_148,0,0,6,1.0,-0.7363996791923271
exp1a_148,0,0,6,1.0,0.843383917424483
exp1a_148,1,0,6,0.0,-0.25927842447266464
exp1a_148,0,0,6,-1.0,0.843383917424483
exp1a_148,0,1,6,1.0,0.2178428302469978
exp1a_148,1,0,6,-1.0,-0.037429674856308215
exp1a_148,1,1,6,-1.0,0.843383917424483
exp1a_149,1,1,5,-1.0,-0.7363996791923271
exp1a_149,0,1,2,0.0,-0.037429674856308215
exp1a_149,0,0,6,1.0,0.843383917424483
exp1a_149,1,1,6,-1.0,0.843383917424483
exp1a_149,1,1,6,1.0,0.2178428302469978
exp1a_149,0,1,6,-1.0,0.2178428302469978
exp1a_149,0,0,5,-1.0,-0.25927842447266464
exp1a_149,1,1,6,0.0,0.843383917424483
exp1a_149,0,0,6,0.0,-0.25927842447266464
exp1a_149,1,1,6,0.0,-0.25927842447266464
exp1a_149,0,1,6,0.0,-0.7363996791923271
exp1a_149,0,0,6,0.0,0.843383917424483
exp1a_149,1,1,6,1.0,0.843383917424483
exp1a_149,0,0,6,-1.0,0.843383917424483
exp1a_149,1,1,6,-1.0,-0.037429674856308215
exp1a_149,0,0,6,1.0,-0.25927842447266464
exp1a_149,0,1,6,1.0,-0.7363996791923271
exp1a_149,0,0,6,1.0,-0.037429674856308215
exp1a_149,0,0,6,1.0,0.2178428302469978
exp1a_149,1,1,6,1.0,-0.037429674856308215
exp1a_149,0,0,6,0.0,0.2178428302469978
exp1a_149,1,0,6,1.0,-0.7363996791923271
exp1a_149,1,1,6,0.0,-0.037429674856308215
exp1a_149,1,1,6,-1.0,0.2178428302469978
exp1a_149,1,1,6,1.0,-0.25927842447266464
exp1a_149,0,1,6,-1.0,-0.037429674856308215
exp1a_149,1,1,6,0.0,-0.7363996791923271
exp1a_149,0,1,6,-1.0,-0.7363996791923271
exp1a_149,1,1,6,-1.0,-0.25927842447266464
exp1a_149,1,1,6,0.0,0.2178428302469978
exp1a_149,0,1,6,-1.0,-0.25927842447266464
exp1a_149,0,0,6,-1.0,0.843383917424483
exp1a_149,0,0,6,1.0,0.843383917424483
exp1a_149,0,0,6,-1.0,-0.037429674856308215
exp1a_149,0,1,6,1.0,-0.7363996791923271
exp1a_149,1,1,6,-1.0,0.843383917424483
exp1a_149,1,0,6,0.0,-0.037429674856308215
exp1a_149,1,1,6,-1.0,-0.7363996791923271
exp1a_149,1,1,6,1.0,0.843383917424483
exp1a_149,0,0,6,1.0,0.2178428302469978
exp1a_149,1,0,6,1.0,-0.25927842447266464
exp1a_149,0,0,6,0.0,0.843383917424483
exp1a_149,0,0,6,0.0,-0.25927842447266464
exp1a_149,1,1,6,0.0,-0.7363996791923271
exp1a_149,0,0,6,-1.0,-0.7363996791923271
exp1a_149,1,1,5,0.0,-0.25927842447266464
exp1a_149,0,0,6,0.0,0.2178428302469978
exp1a_149,1,1,6,0.0,0.843383917424483
exp1a_149,1,1,6,1.0,-0.7363996791923271
exp1a_149,0,0,6,0.0,-0.037429674856308215
exp1a_149,1,1,6,1.0,0.2178428302469978
exp1a_149,0,0,6,1.0,-0.25927842447266464
exp1a_149,1,1,6,-1.0,0.2178428302469978
exp1a_149,1,1,6,-1.0,-0.037429674856308215
exp1a_149,0,0,6,-1.0,0.2178428302469978
exp1a_149,0,0,6,0.0,-0.7363996791923271
exp1a_149,1,1,6,-1.0,-0.25927842447266464
exp1a_149,1,1,6,1.0,-0.037429674856308215
exp1a_149,0,1,6,1.0,-0.037429674856308215
exp1a_149,0,0,6,1.0,0.2178428302469978
exp1a_149,1,1,6,1.0,-0.037429674856308215
exp1a_149,1,1,6,-1.0,-0.25927842447266464
exp1a_149,0,0,6,0.0,-0.037429674856308215
exp1a_149,0,0,6,1.0,0.843383917424483
exp1a_149,0,0,6,1.0,-0.037429674856308215
exp1a_149,1,0,6,1.0,-0.7363996791923271
exp1a_149,1,1,6,0.0,0.843383917424483
exp1a_149,0,0,6,-1.0,0.2178428302469978
exp1a_149,1,1,6,-1.0,0.2178428302469978
exp1a_149,0,0,6,-1.0,-0.037429674856308215
exp1a_149,0,0,6,-1.0,-0.7363996791923271
exp1a_149,1,0,6,-1.0,-0.037429674856308215
exp1a_149,0,0,6,0.0,-0.25927842447266464
exp1a_149,1,1,6,1.0,0.2178428302469978
exp1a_149,0,0,6,0.0,0.843383917424483
exp1a_149,0,0,6,0.0,0.2178428302469978
exp1a_149,1,1,6,0.0,-0.7363996791923271
exp1a_149,1,1,6,-1.0,0.843383917424483
exp1a_149,0,1,6,-1.0,-0.25927842447266464
exp1a_149,1,1,6,0.0,-0.037429674856308215
exp1a_149,1,1,6,1.0,-0.25927842447266464
exp1a_149,0,0,6,0.0,-0.7363996791923271
exp1a_149,0,0,6,-1.0,0.843383917424483
exp1a_149,1,1,6,1.0,0.843383917424483
exp1a_149,1,1,6,0.0,-0.25927842447266464
exp1a_149,0,1,6,1.0,-0.7363996791923271
exp1a_149,1,1,6,-1.0,-0.7363996791923271
exp1a_149,0,0,6,1.0,-0.25927842447266464
exp1a_149,1,0,6,0.0,0.2178428302469978
exp1a_149,0,0,6,-1.0,0.2178428302469978
exp1a_149,1,0,6,0.0,0.2178428302469978
exp1a_149,1,0,6,1.0,-0.7363996791923271
exp1a_149,1,0,6,-1.0,-0.7363996791923271
exp1a_149,1,0,6,-1.0,-0.037429674856308215
exp1a_149,1,1,6,0.0,0.843383917424483
exp1a_149,0,0,6,0.0,0.843383917424483
exp1a_149,0,0,6,-1.0,-0.7363996791923271
exp1a_149,1,1,6,1.0,0.843383917424483
exp1a_149,0,0,6,1.0,0.2178428302469978
exp1a_149,1,1,6,-1.0,-0.25927842447266464
exp1a_149,0,0,6,1.0,0.843383917424483
exp1a_149,1,1,6,-1.0,0.843383917424483
exp1a_149,0,0,6,0.0,0.2178428302469978
exp1a_149,1,1,6,-1.0,0.2178428302469978
exp1a_149,1,1,6,1.0,-0.25927842447266464
exp1a_149,1,1,6,1.0,-0.037429674856308215
exp1a_149,0,0,6,1.0,-0.25927842447266464
exp1a_149,0,0,6,-1.0,-0.25927842447266464
exp1a_149,0,1,6,0.0,-0.037429674856308215
exp1a_149,1,1,6,0.0,-0.037429674856308215
exp1a_149,0,0,6,1.0,-0.7363996791923271
exp1a_149,0,0,6,0.0,-0.25927842447266464
exp1a_149,1,1,6,0.0,-0.25927842447266464
exp1a_149,0,0,6,-1.0,0.843383917424483
exp1a_149,0,0,6,-1.0,-0.037429674856308215
exp1a_149,0,0,6,0.0,-0.7363996791923271
exp1a_149,1,0,6,1.0,0.2178428302469978
exp1a_149,1,0,6,0.0,-0.7363996791923271
exp1a_149,0,0,6,1.0,-0.25927842447266464
exp1a_149,1,1,6,-1.0,0.843383917424483
exp1a_149,0,1,6,-1.0,-0.7363996791923271
exp1a_149,1,1,6,1.0,-0.7363996791923271
exp1a_149,0,0,6,1.0,0.2178428302469978
exp1a_149,0,0,6,0.0,-0.25927842447266464
exp1a_149,1,1,6,0.0,0.2178428302469978
exp1a_149,0,0,6,0.0,0.2178428302469978
exp1a_149,0,0,6,-1.0,0.843383917424483
exp1a_149,1,1,6,1.0,0.843383917424483
exp1a_149,0,0,6,0.0,0.843383917424483
exp1a_149,0,0,6,0.0,-0.7363996791923271
exp1a_149,0,0,6,-1.0,-0.037429674856308215
exp1a_149,1,0,6,0.0,-0.037429674856308215
exp1a_149,0,0,6,0.0,-0.037429674856308215
exp1a_149,1,1,6,0.0,0.843383917424483
exp1a_149,1,0,6,0.0,-0.7363996791923271
exp1a_149,1,1,6,-1.0,0.2178428302469978
exp1a_149,0,0,6,-1.0,-0.25927842447266464
exp1a_149,1,0,6,1.0,0.2178428302469978
exp1a_149,1,0,6,-1.0,-0.037429674856308215
exp1a_149,0,0,6,1.0,-0.7363996791923271
exp1a_149,1,0,6,1.0,-0.25927842447266464
exp1a_149,0,1,6,1.0,0.843383917424483
exp1a_149,0,1,6,-1.0,0.2178428302469978
exp1a_149,1,1,6,-1.0,-0.25927842447266464
exp1a_149,0,0,6,1.0,-0.037429674856308215
exp1a_149,1,1,6,-1.0,-0.7363996791923271
exp1a_149,0,0,6,-1.0,0.843383917424483
exp1a_149,0,0,6,-1.0,0.2178428302469978
exp1a_149,0,0,6,0.0,-0.7363996791923271
exp1a_149,1,1,6,1.0,0.843383917424483
exp1a_149,1,0,6,1.0,-0.25927842447266464
exp1a_149,0,0,6,1.0,-0.037429674856308215
exp1a_149,1,1,6,0.0,0.2178428302469978
exp1a_149,0,0,6,-1.0,-0.037429674856308215
exp1a_149,1,1,6,1.0,-0.7363996791923271
exp1a_149,0,0,6,0.0,0.843383917424483
exp1a_149,0,0,6,0.0,-0.037429674856308215
exp1a_149,1,1,6,-1.0,-0.7363996791923271
exp1a_149,0,0,6,-1.0,-0.7363996791923271
exp1a_149,1,1,6,-1.0,0.2178428302469978
exp1a_149,0,0,6,1.0,0.2178428302469978
exp1a_149,0,0,6,1.0,0.843383917424483
exp1a_149,0,0,6,1.0,-0.25927842447266464
exp1a_149,1,1,6,-1.0,-0.037429674856308215
exp1a_149,0,1,6,1.0,-0.7363996791923271
exp1a_149,1,1,6,0.0,-0.037429674856308215
exp1a_149,0,0,6,0.0,0.2178428302469978
exp1a_149,0,1,6,-1.0,-0.25927842447266464
exp1a_149,1,0,6,1.0,-0.037429674856308215
exp1a_149,1,1,6,0.0,-0.7363996791923271
exp1a_149,1,0,6,0.0,-0.25927842447266464
exp1a_149,1,0,6,-1.0,0.843383917424483
exp1a_149,1,0,6,1.0,0.2178428302469978
exp1a_149,0,1,6,0.0,-0.25927842447266464
exp1a_149,1,0,6,-1.0,-0.25927842447266464
exp1a_149,0,1,6,1.0,-0.037429674856308215
exp1a_149,1,0,6,1.0,-0.037429674856308215
exp1a_149,1,1,6,0.0,-0.25927842447266464
exp1a_149,0,0,6,-1.0,0.2178428302469978
exp1a_149,0,1,6,-1.0,-0.7363996791923271
exp1a_149,0,1,6,1.0,-0.25927842447266464
exp1a_149,1,1,6,1.0,0.2178428302469978
exp1a_149,0,1,6,0.0,0.2178428302469978
exp1a_149,1,1,6,0.0,-0.7363996791923271
exp1a_149,1,1,6,-1.0,-0.037429674856308215
exp1a_149,1,1,6,0.0,0.2178428302469978
exp1a_149,1,0,6,0.0,0.843383917424483
exp1a_149,0,1,6,-1.0,0.843383917424483
exp1a_149,0,1,6,-1.0,-0.25927842447266464
exp1a_149,1,0,6,1.0,-0.25927842447266464
exp1a_149,1,0,6,1.0,-0.7363996791923271
exp1a_149,0,1,6,0.0,-0.037429674856308215
exp1a_149,0,0,6,0.0,-0.25927842447266464
exp1a_149,1,1,6,0.0,-0.037429674856308215
exp1a_149,1,1,6,-1.0,-0.25927842447266464
exp1a_149,0,1,6,1.0,0.843383917424483
exp1a_149,0,1,6,1.0,-0.7363996791923271
exp1a_149,0,1,6,0.0,0.843383917424483
exp1a_149,0,1,6,1.0,0.2178428302469978
exp1a_149,1,0,6,-1.0,0.843383917424483
exp1a_149,0,1,6,0.0,-0.7363996791923271
exp1a_149,0,1,6,-1.0,-0.037429674856308215
exp1a_149,1,0,6,1.0,0.843383917424483
exp1a_149,1,0,6,-1.0,0.2178428302469978
exp1a_149,1,0,6,-1.0,-0.7363996791923271
exp1a_149,1,0,6,0.0,0.843383917424483
exp1a_149,1,0,6,0.0,-0.25927842447266464
exp1a_149,0,0,6,-1.0,-0.7363996791923271
exp1a_149,1,0,6,-1.0,0.2178428302469978
exp1a_149,1,0,6,-1.0,-0.25927842447266464
exp1a_149,0,1,6,0.0,0.843383917424483
exp1a_149,1,0,6,-1.0,0.843383917424483
exp1a_149,1,1,6,1.0,-0.037429674856308215
exp1a_149,1,1,6,0.0,-0.037429674856308215
exp1a_149,0,1,6,0.0,0.2178428302469978
exp1a_149,0,1,6,-1.0,-0.25927842447266464
exp1a_149,0,1,6,1.0,0.2178428302469978
exp1a_149,0,1,6,-1.0,0.2178428302469978
exp1a_149,0,1,6,1.0,-0.037429674856308215
exp1a_149,0,1,6,-1.0,-0.037429674856308215
exp1a_149,1,0,6,0.0,0.2178428302469978
exp1a_149,1,1,6,-1.0,-0.037429674856308215
exp1a_149,0,1,6,-1.0,0.843383917424483
exp1a_149,0,1,6,0.0,-0.7363996791923271
exp1a_149,1,1,6,0.0,-0.7363996791923271
exp1a_149,1,1,6,1.0,-0.7363996791923271
exp1a_149,0,1,6,1.0,0.843383917424483
exp1a_149,0,1,6,0.0,-0.25927842447266464
exp1a_149,0,1,6,0.0,-0.037429674856308215
exp1a_149,1,0,6,1.0,0.843383917424483
exp1a_149,0,0,6,1.0,-0.7363996791923271
exp1a_149,0,1,6,1.0,-0.25927842447266464
exp1a_149,1,1,6,-1.0,-0.7363996791923271
exp1a_149,1,1,6,1.0,0.2178428302469978
exp1a_149,1,1,6,1.0,-0.25927842447266464
exp1a_150,0,0,6,0.0,0.843383917424483
exp1a_150,0,1,5,0.0,-0.7363996791923271
exp1a_150,0,1,6,1.0,-0.25927842447266464
exp1a_150,1,1,3,-1.0,-0.25927842447266464
exp1a_150,1,1,6,1.0,-0.037429674856308215
exp1a_150,1,1,6,1.0,-0.7363996791923271
exp1a_150,0,0,6,0.0,-0.25927842447266464
exp1a_150,0,0,6,-1.0,0.2178428302469978
exp1a_150,1,1,5,1.0,-0.25927842447266464
exp1a_150,0,0,6,-1.0,0.843383917424483
exp1a_150,1,1,5,0.0,-0.25927842447266464
exp1a_150,0,0,4,-1.0,-0.7363996791923271
exp1a_150,0,0,3,-1.0,-0.25927842447266464
exp1a_150,1,1,4,-1.0,-0.7363996791923271
exp1a_150,1,1,3,0.0,-0.037429674856308215
exp1a_150,1,1,4,0.0,-0.7363996791923271
exp1a_150,0,0,6,0.0,-0.037429674856308215
exp1a_150,1,1,6,-1.0,0.843383917424483
exp1a_150,0,0,3,1.0,0.843383917424483
exp1a_150,0,0,4,1.0,0.2178428302469978
exp1a_150,1,1,6,-1.0,-0.037429674856308215
exp1a_150,1,1,6,-1.0,0.2178428302469978
exp1a_150,0,0,3,0.0,0.2178428302469978
exp1a_150,1,1,3,0.0,0.843383917424483
exp1a_150,1,1,4,0.0,0.2178428302469978
exp1a_150,1,0,4,1.0,0.2178428302469978
exp1a_150,0,0,5,1.0,-0.7363996791923271
exp1a_150,1,0,6,1.0,0.843383917424483
exp1a_150,0,0,6,1.0,-0.037429674856308215
exp1a_150,0,1,5,-1.0,-0.037429674856308215
exp1a_150,0,0,4,0.0,0.843383917424483
exp1a_150,1,1,4,0.0,0.2178428302469978
exp1a_150,1,1,2,-1.0,-0.25927842447266464
exp1a_150,1,1,5,0.0,0.843383917424483
exp1a_150,0,0,4,0.0,-0.25927842447266464
exp1a_150,1,1,4,1.0,-0.25927842447266464
exp1a_150,1,1,6,-1.0,0.2178428302469978
exp1a_150,1,1,3,-1.0,0.843383917424483
exp1a_150,0,0,2,-1.0,0.843383917424483
exp1a_150,0,1,4,-1.0,0.2178428302469978
exp1a_150,1,1,4,1.0,0.843383917424483
exp1a_150,0,0,5,0.0,-0.7363996791923271
exp1a_150,1,1,3,-1.0,-0.7363996791923271
exp1a_150,0,1,4,1.0,0.843383917424483
exp1a_150,0,0,3,0.0,-0.037429674856308215
exp1a_150,1,1,2,-1.0,-0.037429674856308215
exp1a_150,1,1,5,0.0,-0.7363996791923271
exp1a_150,1,0,6,1.0,-0.037429674856308215
exp1a_150,0,1,6,1.0,-0.7363996791923271
exp1a_150,0,1,6,-1.0,-0.25927842447266464
exp1a_150,0,1,3,-1.0,-0.7363996791923271
exp1a_150,0,0,3,1.0,0.2178428302469978
exp1a_150,1,1,3,1.0,0.2178428302469978
exp1a_150,0,0,3,1.0,-0.037429674856308215
exp1a_150,1,1,3,1.0,-0.7363996791923271
exp1a_150,0,0,3,-1.0,-0.037429674856308215
exp1a_150,0,1,3,1.0,-0.25927842447266464
exp1a_150,1,1,3,0.0,-0.037429674856308215
exp1a_150,1,1,2,0.0,-0.25927842447266464
exp1a_150,0,0,2,0.0,0.2178428302469978
exp1a_150,1,1,3,-1.0,-0.037429674856308215
exp1a_150,0,1,5,-1.0,-0.037429674856308215
exp1a_150,1,0,6,1.0,-0.25927842447266464
exp1a_150,1,0,3,0.0,-0.7363996791923271
exp1a_150,0,1,3,-1.0,0.843383917424483
exp1a_150,0,0,6,-1.0,-0.25927842447266464
exp1a_150,0,1,6,1.0,-0.037429674856308215
exp1a_150,0,0,6,1.0,-0.25927842447266464
exp1a_150,0,0,3,1.0,0.2178428302469978
exp1a_150,1,0,5,-1.0,0.843383917424483
exp1a_150,0,1,5,1.0,-0.7363996791923271
exp1a_150,1,1,5,0.0,-0.037429674856308215
exp1a_150,1,0,5,-1.0,-0.7363996791923271
exp1a_150,0,1,4,0.0,-0.25927842447266464
exp1a_150,1,1,2,-1.0,0.2178428302469978
exp1a_150,1,1,4,-1.0,-0.25927842447266464
exp1a_150,0,0,5,0.0,-0.037429674856308215
exp1a_150,1,1,4,0.0,0.2178428302469978
exp1a_150,0,0,3,0.0,-0.7363996791923271
exp1a_150,1,1,3,1.0,-0.7363996791923271
exp1a_150,1,0,3,1.0,-0.037429674856308215
exp1a_150,0,1,3,0.0,0.843383917424483
exp1a_150,1,0,3,1.0,0.843383917424483
exp1a_150,0,1,3,-1.0,0.2178428302469978
exp1a_150,1,0,4,0.0,-0.25927842447266464
exp1a_150,0,1,4,0.0,0.2178428302469978
exp1a_150,0,0,5,-1.0,-0.7363996791923271
exp1a_150,1,1,3,0.0,0.843383917424483
exp1a_150,1,0,3,1.0,0.2178428302469978
exp1a_150,0,1,3,1.0,0.843383917424483
exp1a_150,0,1,6,1.0,0.843383917424483
exp1a_150,0,1,3,0.0,-0.7363996791923271
exp1a_150,1,1,2,-1.0,0.2178428302469978
exp1a_150,0,0,2,1.0,-0.037429674856308215
exp1a_150,0,1,1,-1.0,-0.7363996791923271
exp1a_150,1,0,4,1.0,-0.25927842447266464
exp1a_150,1,1,2,1.0,0.843383917424483
exp1a_150,0,0,4,0.0,0.843383917424483
exp1a_150,0,1,3,0.0,-0.25927842447266464
exp1a_150,0,1,3,-1.0,0.843383917424483
exp1a_150,0,0,3,1.0,-0.7363996791923271
exp1a_150,0,1,3,-1.0,-0.25927842447266464
exp1a_150,1,1,3,1.0,-0.037429674856308215
exp1a_150,1,0,3,-1.0,-0.25927842447266464
exp1a_150,1,1,3,-1.0,-0.7363996791923271
exp1a_150,0,0,3,0.0,0.2178428302469978
exp1a_150,1,1,3,1.0,-0.7363996791923271
exp1a_150,0,0,3,0.0,-0.037429674856308215
exp1a_150,1,1,3,0.0,0.2178428302469978
exp1a_150,0,0,3,-1.0,0.2178428302469978
exp1a_150,1,1,3,0.0,-0.25927842447266464
exp1a_150,0,0,3,-1.0,-0.037429674856308215
exp1a_150,0,0,4,1.0,0.2178428302469978
exp1a_150,1,1,4,-1.0,0.843383917424483
exp1a_150,1,0,3,1.0,0.2178428302469978
exp1a_150,1,0,4,0.0,-0.7363996791923271
exp1a_150,1,1,3,0.0,-0.037429674856308215
exp1a_150,1,0,3,-1.0,-0.037429674856308215
exp1a_150,1,1,3,0.0,0.843383917424483
exp1a_150,0,1,3,1.0,-0.25927842447266464
exp1a_150,0,0,3,-1.0,-0.037429674856308215
exp1a_150,1,1,3,1.0,0.2178428302469978
exp1a_150,1,1,3,1.0,-0.037429674856308215
exp1a_150,0,0,3,0.0,0.843383917424483
exp1a_150,1,1,4,1.0,-0.7363996791923271
exp1a_150,0,0,4,-1.0,0.2178428302469978
exp1a_150,0,1,4,1.0,0.2178428302469978
exp1a_150,1,0,4,-1.0,-0.037429674856308215
exp1a_150,0,1,3,0.0,-0.037429674856308215
exp1a_150,0,1,3,0.0,-0.25927842447266464
exp1a_150,1,0,2,0.0,0.2178428302469978
exp1a_150,0,1,1,1.0,-0.037429674856308215
exp1a_150,1,1,5,0.0,-0.037429674856308215
exp1a_150,0,1,3,1.0,-0.7363996791923271
exp1a_150,1,1,3,1.0,-0.25927842447266464
exp1a_150,0,0,4,0.0,-0.7363996791923271
exp1a_150,0,1,3,-1.0,0.843383917424483
exp1a_150,1,1,4,0.0,-0.25927842447266464
exp1a_150,0,0,4,-1.0,-0.7363996791923271
exp1a_150,1,1,3,1.0,0.843383917424483
exp1a_150,0,1,4,0.0,0.2178428302469978
exp1a_150,1,1,4,-1.0,0.2178428302469978
exp1a_150,1,1,4,0.0,0.843383917424483
exp1a_150,0,1,4,-1.0,-0.25927842447266464
exp1a_150,0,0,4,1.0,0.843383917424483
exp1a_150,1,1,4,-1.0,0.843383917424483
exp1a_150,1,0,3,-1.0,-0.25927842447266464
exp1a_150,1,1,4,0.0,-0.7363996791923271
exp1a_150,0,1,3,1.0,-0.25927842447266464
exp1a_150,1,1,4,-1.0,-0.7363996791923271
exp1a_150,1,1,3,1.0,0.843383917424483
exp1a_150,0,0,3,1.0,-0.25927842447266464
exp1a_150,1,0,4,1.0,0.2178428302469978
exp1a_150,1,1,4,0.0,0.2178428302469978
exp1a_150,1,1,6,0.0,-0.7363996791923271
exp1a_150,0,0,1,-1.0,0.2178428302469978
exp1a_150,0,1,3,0.0,0.843383917424483
exp1a_150,1,1,3,-1.0,-0.25927842447266464
exp1a_150,1,1,4,1.0,-0.7363996791923271
exp1a_150,0,0,4,0.0,-0.7363996791923271
exp1a_150,0,1,4,-1.0,-0.7363996791923271
exp1a_150,0,0,3,0.0,-0.037429674856308215
exp1a_150,1,1,3,-1.0,0.843383917424483
exp1a_150,1,0,4,0.0,-0.25927842447266464
exp1a_150,0,1,4,-1.0,-0.25927842447266464
exp1a_150,1,0,4,0.0,0.843383917424483
exp1a_150,0,1,4,0.0,0.2178428302469978
exp1a_150,0,1,4,1.0,0.2178428302469978
exp1a_150,0,0,5,1.0,-0.7363996791923271
exp1a_150,0,0,5,-1.0,-0.037429674856308215
exp1a_150,1,1,5,-1.0,-0.037429674856308215
exp1a_150,1,0,5,1.0,-0.037429674856308215
exp1a_150,0,1,5,0.0,-0.25927842447266464
exp1a_150,0,0,5,1.0,0.843383917424483
exp1a_150,0,1,6,1.0,-0.037429674856308215
exp1a_150,1,1,6,1.0,-0.25927842447266464
exp1a_150,1,1,6,-1.0,0.2178428302469978
exp1a_150,0,0,6,-1.0,0.843383917424483
exp1a_150,1,1,6,0.0,-0.037429674856308215
exp1a_150,1,1,6,0.0,-0.25927842447266464
exp1a_150,1,1,6,-1.0,-0.25927842447266464
exp1a_150,0,0,6,1.0,0.843383917424483
exp1a_150,0,1,6,-1.0,-0.7363996791923271
exp1a_150,0,0,6,0.0,-0.037429674856308215
exp1a_150,1,1,6,1.0,0.2178428302469978
exp1a_150,0,0,6,1.0,-0.037429674856308215
exp1a_150,0,1,6,0.0,-0.25927842447266464
exp1a_150,0,0,6,1.0,-0.25927842447266464
exp1a_150,0,0,6,-1.0,-0.037429674856308215
exp1a_150,0,1,6,-1.0,0.2178428302469978
exp1a_150,1,1,6,1.0,0.843383917424483
exp1a_150,0,0,6,-1.0,0.843383917424483
exp1a_150,1,1,6,0.0,-0.7363996791923271
exp1a_150,1,1,6,0.0,0.2178428302469978
exp1a_150,1,1,6,-1.0,0.2178428302469978
exp1a_150,1,1,5,-1.0,0.843383917424483
exp1a_150,1,0,5,-1.0,-0.7363996791923271
exp1a_150,1,1,6,1.0,-0.25927842447266464
exp1a_150,1,1,3,1.0,-0.7363996791923271
exp1a_150,0,1,4,-1.0,-0.25927842447266464
exp1a_150,1,1,6,0.0,0.843383917424483
exp1a_150,0,1,6,0.0,-0.7363996791923271
exp1a_150,0,0,6,0.0,0.843383917424483
exp1a_150,1,1,6,1.0,-0.037429674856308215
exp1a_150,0,0,6,0.0,0.2178428302469978
exp1a_150,0,1,6,1.0,-0.7363996791923271
exp1a_150,0,0,6,1.0,0.2178428302469978
exp1a_150,1,1,6,-1.0,-0.037429674856308215
exp1a_150,1,1,6,0.0,-0.037429674856308215
exp1a_150,1,1,6,-1.0,0.843383917424483
exp1a_150,0,1,6,1.0,-0.037429674856308215
exp1a_150,0,0,6,0.0,-0.037429674856308215
exp1a_150,0,0,6,1.0,-0.7363996791923271
exp1a_150,1,1,6,1.0,-0.25927842447266464
exp1a_150,1,1,6,0.0,-0.7363996791923271
exp1a_150,1,1,6,0.0,0.2178428302469978
exp1a_150,0,0,6,-1.0,0.2178428302469978
exp1a_150,0,0,6,1.0,0.2178428302469978
exp1a_150,1,1,6,0.0,-0.25927842447266464
exp1a_150,1,1,6,-1.0,0.2178428302469978
exp1a_150,1,1,6,-1.0,-0.037429674856308215
exp1a_150,1,1,6,0.0,0.843383917424483
exp1a_150,1,1,5,1.0,0.843383917424483
exp1a_150,0,0,6,-1.0,-0.037429674856308215
exp1a_150,0,1,2,0.0,-0.7363996791923271
exp1a_150,1,0,1,-1.0,-0.25927842447266464
exp1a_150,0,1,3,0.0,-0.25927842447266464
exp1a_150,0,0,3,1.0,-0.25927842447266464
exp1a_150,1,1,4,1.0,0.2178428302469978
exp1a_150,1,1,5,0.0,-0.037429674856308215
exp1a_150,1,1,5,1.0,-0.7363996791923271
exp1a_150,1,1,5,-1.0,-0.7363996791923271
exp1a_150,0,0,6,-1.0,0.843383917424483
exp1a_150,0,1,6,-1.0,-0.7363996791923271
exp1a_150,0,0,6,0.0,0.843383917424483
exp1a_150,0,0,3,0.0,0.2178428302469978
exp1a_151,0,0,5,0.0,0.843383917424483
exp1a_151,0,1,3,0.0,-0.25927842447266464
exp1a_151,1,1,3,1.0,-0.7363996791923271
exp1a_151,0,0,3,1.0,-0.037429674856308215
exp1a_151,1,1,4,0.0,-0.7363996791923271
exp1a_151,1,1,4,1.0,-0.037429674856308215
exp1a_151,1,0,5,-1.0,-0.7363996791923271
exp1a_151,0,0,6,1.0,0.2178428302469978
exp1a_151,0,0,6,-1.0,0.2178428302469978
exp1a_151,1,1,6,1.0,0.2178428302469978
exp1a_151,1,1,3,1.0,-0.25927842447266464
exp1a_151,1,1,3,0.0,0.843383917424483
exp1a_151,1,1,3,0.0,-0.037429674856308215
exp1a_151,1,1,5,0.0,0.2178428302469978
exp1a_151,0,0,5,1.0,-0.25927842447266464
exp1a_151,0,1,3,-1.0,-0.25927842447266464
exp1a_151,0,1,4,1.0,-0.7363996791923271
exp1a_151,0,1,3,-1.0,-0.037429674856308215
exp1a_151,1,1,3,-1.0,0.843383917424483
exp1a_151,0,1,3,-1.0,-0.7363996791923271
exp1a_151,1,1,5,-1.0,0.2178428302469978
exp1a_151,0,0,6,1.0,0.843383917424483
exp1a_151,0,0,5,0.0,0.2178428302469978
exp1a_151,0,1,4,0.0,-0.7363996791923271
exp1a_151,0,0,6,-1.0,0.843383917424483
exp1a_151,0,0,5,0.0,-0.037429674856308215
exp1a_151,1,1,6,1.0,0.843383917424483
exp1a_151,1,1,5,0.0,-0.25927842447266464
exp1a_151,1,1,4,-1.0,-0.037429674856308215
exp1a_151,1,0,3,-1.0,-0.25927842447266464
exp1a_151,0,0,4,1.0,0.2178428302469978
exp1a_151,0,0,6,0.0,0.843383917424483
exp1a_151,0,0,5,-1.0,-0.7363996791923271
exp1a_151,0,0,4,-1.0,-0.037429674856308215
exp1a_151,1,1,6,1.0,0.843383917424483
exp1a_151,1,1,3,1.0,-0.25927842447266464
exp1a_151,0,0,6,1.0,0.843383917424483
exp1a_151,0,0,5,0.0,-0.25927842447266464
exp1a_151,0,0,4,0.0,-0.037429674856308215
exp1a_151,0,0,6,-1.0,0.843383917424483
exp1a_151,1,1,3,1.0,-0.037429674856308215
exp1a_151,1,1,5,0.0,0.843383917424483
exp1a_151,1,0,5,1.0,-0.7363996791923271
exp1a_151,1,0,3,0.0,-0.037429674856308215
exp1a_151,0,0,4,1.0,-0.25927842447266464
exp1a_151,1,1,3,-1.0,-0.037429674856308215
exp1a_151,1,0,3,1.0,0.2178428302469978
exp1a_151,1,1,4,0.0,-0.25927842447266464
exp1a_151,1,1,4,-1.0,-0.25927842447266464
exp1a_151,1,1,4,-1.0,-0.7363996791923271
exp1a_151,1,0,3,0.0,-0.7363996791923271
exp1a_151,1,1,5,-1.0,0.843383917424483
exp1a_151,1,1,5,0.0,0.2178428302469978
exp1a_151,0,0,4,0.0,0.2178428302469978
exp1a_151,0,0,4,1.0,-0.037429674856308215
exp1a_151,0,0,5,-1.0,-0.25927842447266464
exp1a_151,0,1,3,1.0,-0.7363996791923271
exp1a_151,1,1,4,-1.0,0.2178428302469978
exp1a_151,0,0,3,0.0,-0.7363996791923271
exp1a_151,1,1,3,0.0,-0.037429674856308215
exp1a_151,0,0,4,1.0,0.843383917424483
exp1a_151,1,1,3,-1.0,-0.25927842447266464
exp1a_151,1,1,4,0.0,0.2178428302469978
exp1a_151,0,0,6,1.0,-0.25927842447266464
exp1a_151,1,1,6,-1.0,0.2178428302469978
exp1a_151,1,1,4,1.0,0.2178428302469978
exp1a_151,1,1,4,0.0,0.843383917424483
exp1a_151,0,0,6,-1.0,0.843383917424483
exp1a_151,1,1,6,1.0,-0.25927842447266464
exp1a_151,0,1,3,-1.0,-0.7363996791923271
exp1a_151,0,1,3,-1.0,-0.25927842447266464
exp1a_151,0,1,3,1.0,-0.7363996791923271
exp1a_151,1,1,5,1.0,-0.037429674856308215
exp1a_151,1,1,5,1.0,0.843383917424483
exp1a_151,1,1,5,-1.0,-0.037429674856308215
exp1a_151,1,1,3,1.0,-0.7363996791923271
exp1a_151,0,0,6,1.0,0.2178428302469978
exp1a_151,0,0,5,0.0,0.843383917424483
exp1a_151,1,1,2,0.0,-0.7363996791923271
exp1a_151,0,0,3,0.0,-0.25927842447266464
exp1a_151,0,0,5,0.0,-0.037429674856308215
exp1a_151,0,0,4,0.0,-0.7363996791923271
exp1a_151,1,1,3,-1.0,-0.7363996791923271
exp1a_151,1,1,5,-1.0,0.843383917424483
exp1a_151,0,0,6,-1.0,0.2178428302469978
exp1a_151,1,1,4,0.0,-0.25927842447266464
exp1a_151,0,0,5,-1.0,-0.037429674856308215
exp1a_151,0,1,5,0.0,0.2178428302469978
exp1a_151,0,0,4,1.0,-0.037429674856308215
exp1a_151,0,0,6,-1.0,0.2178428302469978
exp1a_151,1,1,2,0.0,-0.7363996791923271
exp1a_151,0,0,5,0.0,0.2178428302469978
exp1a_151,1,1,3,0.0,-0.037429674856308215
exp1a_151,0,1,4,1.0,-0.25927842447266464
exp1a_151,0,0,4,0.0,-0.037429674856308215
exp1a_151,1,1,5,-1.0,0.843383917424483
exp1a_151,0,1,4,1.0,-0.037429674856308215
exp1a_151,1,1,4,1.0,-0.037429674856308215
exp1a_151,1,1,5,0.0,0.843383917424483
exp1a_151,1,1,3,0.0,-0.25927842447266464
exp1a_151,0,0,4,-1.0,-0.7363996791923271
exp1a_151,1,1,3,1.0,-0.7363996791923271
exp1a_151,0,0,6,-1.0,0.843383917424483
exp1a_151,0,0,6,-1.0,-0.037429674856308215
exp1a_151,0,0,6,0.0,0.843383917424483
exp1a_151,0,0,5,-1.0,-0.25927842447266464
exp1a_151,1,1,5,-1.0,-0.7363996791923271
exp1a_151,0,0,5,0.0,-0.25927842447266464
exp1a_151,1,1,6,0.0,0.2178428302469978
exp1a_151,1,1,4,-1.0,0.2178428302469978
exp1a_151,1,1,5,-1.0,-0.037429674856308215
exp1a_151,1,1,6,1.0,-0.25927842447266464
exp1a_151,0,0,4,1.0,-0.7363996791923271
exp1a_151,1,1,3,1.0,0.2178428302469978
exp1a_151,1,1,6,1.0,0.843383917424483
exp1a_151,0,1,3,0.0,-0.7363996791923271
exp1a_151,1,1,4,-1.0,-0.25927842447266464
exp1a_151,0,0,6,1.0,0.843383917424483
exp1a_151,0,0,6,1.0,0.2178428302469978
exp1a_151,1,1,3,1.0,-0.037429674856308215
exp1a_151,1,1,3,0.0,-0.037429674856308215
exp1a_151,1,1,3,0.0,-0.25927842447266464
exp1a_151,0,0,4,1.0,-0.037429674856308215
exp1a_151,0,0,6,0.0,0.843383917424483
exp1a_151,0,0,6,-1.0,0.843383917424483
exp1a_151,0,0,6,0.0,-0.25927842447266464
exp1a_151,0,0,6,0.0,-0.7363996791923271
exp1a_151,0,0,5,-1.0,-0.037429674856308215
exp1a_151,1,1,3,0.0,0.2178428302469978
exp1a_151,0,0,6,-1.0,0.2178428302469978
exp1a_151,1,1,3,-1.0,-0.25927842447266464
exp1a_151,0,0,1,0.0,0.2178428302469978
exp1a_151,1,1,3,0.0,-0.7363996791923271
exp1a_151,1,1,3,-1.0,-0.037429674856308215
exp1a_151,1,1,3,1.0,-0.7363996791923271
exp1a_151,1,1,4,-1.0,0.843383917424483
exp1a_151,0,0,6,1.0,0.2178428302469978
exp1a_151,0,0,6,-1.0,-0.25927842447266464
exp1a_151,0,0,6,1.0,0.843383917424483
exp1a_151,0,1,3,1.0,-0.7363996791923271
exp1a_151,0,0,4,0.0,-0.037429674856308215
exp1a_151,0,0,3,-1.0,-0.7363996791923271
exp1a_151,1,1,3,1.0,-0.25927842447266464
exp1a_151,1,1,3,-1.0,-0.7363996791923271
exp1a_151,1,1,6,1.0,0.843383917424483
exp1a_151,1,1,6,0.0,0.843383917424483
exp1a_151,1,1,6,-1.0,0.2178428302469978
exp1a_151,0,1,5,1.0,-0.25927842447266464
exp1a_151,1,1,6,1.0,0.2178428302469978
exp1a_151,0,0,5,-1.0,-0.25927842447266464
exp1a_151,0,0,3,0.0,-0.7363996791923271
exp1a_151,1,1,4,1.0,-0.7363996791923271
exp1a_151,1,0,3,-1.0,-0.037429674856308215
exp1a_151,0,0,4,1.0,0.2178428302469978
exp1a_151,1,1,6,0.0,-0.037429674856308215
exp1a_151,0,0,5,0.0,-0.25927842447266464
exp1a_151,0,0,6,1.0,0.843383917424483
exp1a_151,0,0,6,0.0,-0.037429674856308215
exp1a_151,1,1,6,-1.0,0.843383917424483
exp1a_151,1,0,4,-1.0,0.2178428302469978
exp1a_151,1,1,5,0.0,0.2178428302469978
exp1a_151,0,0,5,0.0,0.2178428302469978
exp1a_151,0,1,3,-1.0,-0.7363996791923271
exp1a_151,0,1,3,1.0,-0.7363996791923271
exp1a_151,1,0,3,-1.0,-0.7363996791923271
exp1a_151,1,1,6,0.0,0.843383917424483
exp1a_151,0,0,6,1.0,-0.037429674856308215
exp1a_151,0,0,6,-1.0,0.2178428302469978
exp1a_151,1,1,5,1.0,-0.25927842447266464
exp1a_151,1,1,6,1.0,-0.037429674856308215
exp1a_151,0,0,6,-1.0,0.843383917424483
exp1a_151,1,1,6,1.0,0.843383917424483
exp1a_151,1,1,5,1.0,0.2178428302469978
exp1a_151,1,0,5,0.0,-0.7363996791923271
exp1a_151,0,1,3,1.0,-0.25927842447266464
exp1a_151,1,0,3,0.0,-0.25927842447266464
exp1a_151,1,1,3,-1.0,-0.25927842447266464
exp1a_151,0,1,3,-1.0,-0.037429674856308215
exp1a_151,0,0,5,0.0,0.843383917424483
exp1a_151,0,0,4,-1.0,0.843383917424483
exp1a_151,0,0,5,0.0,-0.7363996791923271
exp1a_151,1,1,6,1.0,0.2178428302469978
exp1a_151,0,0,6,-1.0,-0.25927842447266464
exp1a_151,1,1,6,-1.0,-0.25927842447266464
exp1a_151,0,0,6,1.0,-0.037429674856308215
exp1a_151,0,0,6,1.0,0.2178428302469978
exp1a_151,1,1,6,1.0,0.843383917424483
exp1a_151,1,1,6,-1.0,0.2178428302469978
exp1a_151,1,1,6,0.0,0.2178428302469978
exp1a_151,0,1,5,0.0,-0.037429674856308215
exp1a_151,1,1,4,1.0,-0.7363996791923271
exp1a_151,0,0,5,0.0,0.2178428302469978
exp1a_151,0,0,5,0.0,-0.25927842447266464
exp1a_151,0,0,5,-1.0,0.2178428302469978
exp1a_151,0,1,6,1.0,-0.25927842447266464
exp1a_151,0,0,5,-1.0,-0.037429674856308215
exp1a_151,1,1,5,0.0,-0.25927842447266464
exp1a_151,1,0,3,-1.0,-0.7363996791923271
exp1a_151,1,1,5,0.0,0.843383917424483
exp1a_151,1,1,6,-1.0,0.843383917424483
exp1a_151,1,1,6,1.0,-0.037429674856308215
exp1a_151,0,1,4,1.0,-0.7363996791923271
exp1a_151,1,1,5,0.0,-0.7363996791923271
exp1a_151,1,1,4,-1.0,-0.037429674856308215
exp1a_151,0,1,3,-1.0,-0.7363996791923271
exp1a_151,0,0,6,1.0,0.843383917424483
exp1a_151,0,0,5,0.0,0.843383917424483
exp1a_151,1,0,4,1.0,-0.25927842447266464
exp1a_151,1,1,4,0.0,-0.037429674856308215
exp1a_151,0,0,3,-1.0,-0.7363996791923271
exp1a_151,1,1,5,1.0,0.843383917424483
exp1a_151,1,1,5,-1.0,-0.037429674856308215
exp1a_151,1,1,4,0.0,-0.037429674856308215
exp1a_151,0,0,5,1.0,-0.037429674856308215
exp1a_151,1,1,5,-1.0,0.2178428302469978
exp1a_151,1,1,6,0.0,0.843383917424483
exp1a_151,1,1,6,1.0,0.2178428302469978
exp1a_151,1,1,6,1.0,-0.7363996791923271
exp1a_151,1,0,2,-1.0,-0.25927842447266464
exp1a_151,1,1,3,0.0,-0.25927842447266464
exp1a_151,1,1,5,-1.0,-0.7363996791923271
exp1a_151,1,1,6,-1.0,0.843383917424483
exp1a_151,1,1,6,0.0,0.2178428302469978
exp1a_151,1,1,6,1.0,-0.25927842447266464
exp1a_151,0,0,6,1.0,0.843383917424483
exp1a_151,0,0,6,-1.0,-0.25927842447266464
exp1a_151,0,0,6,1.0,0.2178428302469978
exp1a_151,0,0,6,1.0,-0.7363996791923271
exp1a_151,0,0,5,-1.0,0.2178428302469978
exp1a_151,0,0,5,-1.0,-0.037429674856308215
exp1a_151,1,0,4,0.0,-0.7363996791923271
exp1a_151,0,0,4,0.0,-0.7363996791923271
exp1a_151,0,0,6,-1.0,0.843383917424483
exp1a_151,1,0,6,1.0,-0.037429674856308215
exp1a_151,0,0,6,0.0,0.843383917424483
exp1a_151,0,0,6,0.0,-0.25927842447266464
exp1a_151,0,0,6,1.0,-0.25927842447266464
exp1a_151,0,0,6,0.0,-0.037429674856308215
exp1a_151,0,0,6,0.0,0.2178428302469978
exp1a_152,1,1,1,-1.0,0.2178428302469978
exp1a_152,1,1,6,0.0,-0.7363996791923271
exp1a_152,0,0,6,0.0,0.2178428302469978
exp1a_152,1,1,6,-1.0,0.843383917424483
exp1a_152,1,1,6,-1.0,-0.7363996791923271
exp1a_152,1,1,3,0.0,-0.037429674856308215
exp1a_152,0,0,4,0.0,-0.7363996791923271
exp1a_152,0,1,6,1.0,-0.7363996791923271
exp1a_152,0,0,6,1.0,-0.25927842447266464
exp1a_152,1,1,6,1.0,0.2178428302469978
exp1a_152,0,1,5,-1.0,-0.7363996791923271
exp1a_152,1,0,5,1.0,-0.7363996791923271
exp1a_152,0,0,6,0.0,0.843383917424483
exp1a_152,0,1,4,0.0,-0.037429674856308215
exp1a_152,1,1,4,-1.0,-0.25927842447266464
exp1a_152,0,0,5,0.0,-0.25927842447266464
exp1a_152,0,0,6,1.0,0.843383917424483
exp1a_152,1,0,5,1.0,-0.25927842447266464
exp1a_152,1,1,6,0.0,0.843383917424483
exp1a_152,1,1,5,1.0,-0.037429674856308215
exp1a_152,1,1,6,0.0,-0.25927842447266464
exp1a_152,1,1,6,1.0,0.843383917424483
exp1a_152,0,0,6,-1.0,0.2178428302469978
exp1a_152,0,0,6,-1.0,-0.037429674856308215
exp1a_152,0,0,4,-1.0,-0.25927842447266464
exp1a_152,0,0,6,1.0,0.2178428302469978
exp1a_152,1,1,6,0.0,0.2178428302469978
exp1a_152,0,0,2,1.0,-0.037429674856308215
exp1a_152,1,1,5,1.0,0.2178428302469978
exp1a_152,0,1,3,0.0,-0.037429674856308215
exp1a_152,0,1,4,-1.0,-0.7363996791923271
exp1a_152,1,1,6,-1.0,-0.25927842447266464
exp1a_152,0,0,6,0.0,0.843383917424483
exp1a_152,1,1,6,0.0,0.843383917424483
exp1a_152,1,1,5,1.0,-0.7363996791923271
exp1a_152,1,0,4,0.0,0.2178428302469978
exp1a_152,0,0,6,-1.0,0.843383917424483
exp1a_152,1,1,4,1.0,-0.25927842447266464
exp1a_152,0,0,5,1.0,-0.25927842447266464
exp1a_152,0,0,5,0.0,0.2178428302469978
exp1a_152,0,0,5,1.0,0.843383917424483
exp1a_152,0,0,5,0.0,-0.25927842447266464
exp1a_152,0,0,5,-1.0,-0.25927842447266464
exp1a_152,1,1,5,-1.0,-0.037429674856308215
exp1a_152,1,0,6,0.0,-0.7363996791923271
exp1a_152,0,1,5,1.0,-0.7363996791923271
exp1a_152,0,0,6,1.0,-0.037429674856308215
exp1a_152,0,0,4,-1.0,0.2178428302469978
exp1a_152,1,1,6,-1.0,0.843383917424483
exp1a_152,0,0,6,1.0,0.2178428302469978
exp1a_152,1,1,6,1.0,0.843383917424483
exp1a_152,1,1,6,-1.0,0.2178428302469978
exp1a_152,0,1,6,0.0,-0.7363996791923271
exp1a_152,1,1,6,0.0,-0.037429674856308215
exp1a_152,0,0,4,-1.0,-0.037429674856308215
exp1a_152,1,1,6,1.0,-0.037429674856308215
exp1a_152,1,1,4,-1.0,-0.7363996791923271
exp1a_152,1,1,5,1.0,0.843383917424483
exp1a_152,0,0,6,0.0,0.2178428302469978
exp1a_152,1,1,6,0.0,-0.25927842447266464
exp1a_152,0,0,5,1.0,-0.7363996791923271
exp1a_152,0,0,6,0.0,0.843383917424483
exp1a_152,1,1,5,0.0,-0.7363996791923271
exp1a_152,1,1,6,-1.0,-0.037429674856308215
exp1a_152,0,1,6,0.0,-0.7363996791923271
exp1a_152,0,0,4,0.0,-0.037429674856308215
exp1a_152,1,1,6,0.0,-0.037429674856308215
exp1a_152,0,0,6,1.0,0.2178428302469978
exp1a_152,1,1,6,-1.0,0.2178428302469978
exp1a_152,0,0,6,-1.0,-0.037429674856308215
exp1a_152,0,0,4,-1.0,-0.7363996791923271
exp1a_152,0,0,6,-1.0,0.843383917424483
exp1a_152,1,1,6,0.0,0.843383917424483
exp1a_152,1,1,6,1.0,0.2178428302469978
exp1a_152,1,1,6,1.0,-0.25927842447266464
exp1a_152,1,1,6,-1.0,0.843383917424483
exp1a_152,0,0,6,1.0,-0.25927842447266464
exp1a_152,0,0,4,-1.0,-0.25927842447266464
exp1a_152,1,1,6,1.0,-0.037429674856308215
exp1a_152,1,1,6,0.0,0.2178428302469978
exp1a_152,0,0,6,1.0,-0.037429674856308215
exp1a_152,0,0,5,0.0,-0.25927842447266464
exp1a_152,1,1,4,-1.0,-0.25927842447266464
exp1a_152,1,1,5,1.0,-0.7363996791923271
exp1a_152,1,1,4,-1.0,-0.7363996791923271
exp1a_152,0,0,5,-1.0,0.2178428302469978
exp1a_152,0,0,5,0.0,0.843383917424483
exp1a_152,0,0,5,1.0,-0.7363996791923271
exp1a_152,1,1,6,-1.0,0.2178428302469978
exp1a_152,1,1,4,-1.0,-0.037429674856308215
exp1a_152,0,0,5,1.0,-0.25927842447266464
exp1a_152,0,0,5,-1.0,-0.25927842447266464
exp1a_152,0,0,6,-1.0,0.843383917424483
exp1a_152,1,1,5,1.0,-0.037429674856308215
exp1a_152,0,0,6,1.0,0.2178428302469978
exp1a_152,0,0,6,-1.0,-0.037429674856308215
exp1a_152,1,1,4,-1.0,-0.7363996791923271
exp1a_152,0,0,6,1.0,0.843383917424483
exp1a_152,1,0,5,0.0,-0.037429674856308215
exp1a_152,1,1,6,0.0,0.2178428302469978
exp1a_152,0,0,6,0.0,-0.037429674856308215
exp1a_152,0,0,6,0.0,0.2178428302469978
exp1a_152,1,1,6,1.0,-0.25927842447266464
exp1a_152,0,0,5,0.0,-0.25927842447266464
exp1a_152,1,1,6,1.0,0.843383917424483
exp1a_152,0,0,6,-1.0,0.2178428302469978
exp1a_152,0,1,6,-1.0,-0.7363996791923271
exp1a_152,1,1,6,0.0,0.843383917424483
exp1a_152,1,0,5,1.0,-0.7363996791923271
exp1a_152,1,1,6,0.0,-0.7363996791923271
exp1a_152,0,0,3,0.0,-0.7363996791923271
exp1a_152,1,1,6,1.0,0.2178428302469978
exp1a_152,1,1,6,-1.0,0.843383917424483
exp1a_152,1,1,6,0.0,-0.25927842447266464
exp1a_152,1,1,6,-1.0,-0.25927842447266464
exp1a_152,0,0,4,1.0,-0.037429674856308215
exp1a_152,0,0,4,-1.0,-0.7363996791923271
exp1a_152,1,1,6,0.0,-0.037429674856308215
exp1a_152,0,0,6,0.0,-0.037429674856308215
exp1a_152,1,1,6,-1.0,-0.25927842447266464
exp1a_152,0,0,5,1.0,-0.7363996791923271
exp1a_152,0,0,6,0.0,0.843383917424483
exp1a_152,0,0,6,1.0,0.2178428302469978
exp1a_152,1,1,6,-1.0,0.2178428302469978
exp1a_152,1,1,6,1.0,-0.25927842447266464
exp1a_152,0,0,6,0.0,-0.7363996791923271
exp1a_152,0,0,6,-1.0,-0.25927842447266464
exp1a_152,1,1,5,0.0,0.2178428302469978
exp1a_152,1,1,6,1.0,0.843383917424483
exp1a_152,0,0,4,1.0,-0.037429674856308215
exp1a_152,0,0,5,-1.0,-0.037429674856308215
exp1a_152,1,1,5,-1.0,-0.7363996791923271
exp1a_152,0,0,6,0.0,-0.25927842447266464
exp1a_152,0,0,6,-1.0,0.843383917424483
exp1a_152,0,0,6,-1.0,0.2178428302469978
exp1a_152,1,0,6,-1.0,-0.037429674856308215
exp1a_152,1,1,6,1.0,-0.037429674856308215
exp1a_152,1,1,4,1.0,0.2178428302469978
exp1a_152,1,1,4,1.0,-0.7363996791923271
exp1a_152,0,0,6,1.0,0.843383917424483
exp1a_152,0,0,6,0.0,0.2178428302469978
exp1a_152,1,1,6,-1.0,0.843383917424483
exp1a_152,1,0,6,0.0,-0.7363996791923271
exp1a_152,1,1,5,0.0,-0.25927842447266464
exp1a_152,1,1,4,1.0,-0.25927842447266464
exp1a_152,1,1,6,1.0,-0.037429674856308215
exp1a_152,0,0,5,0.0,-0.7363996791923271
exp1a_152,0,0,6,0.0,0.2178428302469978
exp1a_152,0,0,4,1.0,-0.25927842447266464
exp1a_152,1,1,5,-1.0,-0.25927842447266464
exp1a_152,1,1,5,1.0,-0.7363996791923271
exp1a_152,1,1,4,-1.0,0.843383917424483
exp1a_152,0,0,6,0.0,-0.037429674856308215
exp1a_152,1,1,5,1.0,0.2178428302469978
exp1a_152,0,0,6,1.0,-0.037429674856308215
exp1a_152,0,0,6,1.0,0.843383917424483
exp1a_152,0,1,4,0.0,-0.25927842447266464
exp1a_152,0,0,6,-1.0,0.2178428302469978
exp1a_152,0,1,4,1.0,-0.7363996791923271
exp1a_152,0,0,4,-1.0,-0.7363996791923271
exp1a_152,0,0,6,-1.0,0.843383917424483
exp1a_152,1,1,6,-1.0,0.2178428302469978
exp1a_152,0,0,5,-1.0,-0.037429674856308215
exp1a_152,1,1,6,-1.0,-0.037429674856308215
exp1a_152,1,1,6,0.0,-0.037429674856308215
exp1a_152,1,0,5,0.0,-0.25927842447266464
exp1a_152,1,1,6,0.0,0.843383917424483
exp1a_152,0,0,6,0.0,0.843383917424483
exp1a_152,1,0,4,-1.0,-0.7363996791923271
exp1a_152,1,1,5,0.0,0.2178428302469978
exp1a_152,1,1,5,0.0,-0.7363996791923271
exp1a_152,0,0,4,-1.0,-0.25927842447266464
exp1a_152,0,0,5,1.0,0.2178428302469978
exp1a_152,1,1,6,1.0,0.843383917424483
exp1a_152,0,0,6,0.0,-0.7363996791923271
exp1a_152,1,1,6,1.0,0.843383917424483
exp1a_152,0,0,4,-1.0,-0.25927842447266464
exp1a_152,0,0,5,1.0,-0.037429674856308215
exp1a_152,1,1,5,-1.0,-0.037429674856308215
exp1a_152,1,0,4,1.0,-0.7363996791923271
exp1a_152,1,1,6,0.0,0.843383917424483
exp1a_152,1,1,6,1.0,-0.25927842447266464
exp1a_152,1,0,4,0.0,-0.7363996791923271
exp1a_152,1,1,5,-1.0,-0.25927842447266464
exp1a_152,1,1,6,0.0,-0.037429674856308215
exp1a_152,0,0,4,1.0,-0.7363996791923271
exp1a_152,1,1,4,-1.0,-0.7363996791923271
exp1a_152,1,1,6,1.0,0.2178428302469978
exp1a_152,0,0,5,-1.0,-0.037429674856308215
exp1a_152,1,1,5,0.0,-0.25927842447266464
exp1a_152,0,0,6,-1.0,0.2178428302469978
exp1a_152,0,0,4,-1.0,-0.7363996791923271
exp1a_152,0,0,6,0.0,0.2178428302469978
exp1a_152,1,1,6,-1.0,0.2178428302469978
exp1a_152,0,0,6,0.0,0.843383917424483
exp1a_152,1,1,6,1.0,-0.037429674856308215
exp1a_152,0,0,6,0.0,-0.037429674856308215
exp1a_152,0,0,6,-1.0,0.843383917424483
exp1a_152,0,0,6,1.0,0.2178428302469978
exp1a_152,1,1,6,-1.0,0.843383917424483
exp1a_152,1,1,6,0.0,0.2178428302469978
exp1a_152,0,0,6,1.0,0.843383917424483
exp1a_152,0,0,5,-1.0,-0.037429674856308215
exp1a_152,1,1,4,-1.0,-0.037429674856308215
exp1a_152,0,0,6,1.0,0.843383917424483
exp1a_152,1,1,6,0.0,-0.7363996791923271
exp1a_152,0,0,6,-1.0,0.843383917424483
exp1a_152,1,1,6,1.0,0.2178428302469978
exp1a_152,0,0,6,0.0,0.843383917424483
exp1a_152,1,1,6,1.0,0.843383917424483
exp1a_152,1,1,6,-1.0,0.2178428302469978
exp1a_152,1,1,4,1.0,-0.25927842447266464
exp1a_152,0,0,3,0.0,0.2178428302469978
exp1a_152,0,0,4,1.0,-0.7363996791923271
exp1a_152,1,1,6,0.0,0.2178428302469978
exp1a_152,0,1,4,0.0,-0.7363996791923271
exp1a_152,0,0,5,0.0,-0.037429674856308215
exp1a_152,1,0,4,-1.0,-0.7363996791923271
exp1a_152,1,1,4,-1.0,-0.25927842447266464
exp1a_152,0,0,5,1.0,0.2178428302469978
exp1a_152,1,1,6,-1.0,0.843383917424483
exp1a_152,1,0,4,1.0,-0.7363996791923271
exp1a_152,0,0,4,1.0,-0.25927842447266464
exp1a_152,0,0,6,0.0,-0.25927842447266464
exp1a_152,0,0,4,-1.0,-0.7363996791923271
exp1a_152,1,1,6,1.0,-0.037429674856308215
exp1a_152,1,1,5,0.0,-0.037429674856308215
exp1a_153,0,0,5,-1.0,-0.037429674856308215
exp1a_153,0,0,5,-1.0,-0.25927842447266464
exp1a_153,1,1,5,0.0,-0.25927842447266464
exp1a_153,0,1,5,0.0,-0.25927842447266464
exp1a_153,0,0,5,1.0,-0.7363996791923271
exp1a_153,0,0,5,1.0,0.2178428302469978
exp1a_153,0,0,5,0.0,-0.7363996791923271
exp1a_153,1,0,5,-1.0,-0.7363996791923271
exp1a_153,0,0,5,-1.0,0.2178428302469978
exp1a_153,1,1,5,-1.0,0.2178428302469978
exp1a_153,0,0,2,-1.0,0.843383917424483
exp1a_153,0,0,5,1.0,-0.037429674856308215
exp1a_153,0,1,5,0.0,-0.037429674856308215
exp1a_153,0,1,5,0.0,0.2178428302469978
exp1a_153,1,1,5,1.0,-0.7363996791923271
exp1a_153,1,1,5,0.0,0.2178428302469978
exp1a_153,1,1,5,1.0,-0.25927842447266464
exp1a_153,0,0,4,1.0,-0.25927842447266464
exp1a_153,1,1,5,-1.0,-0.25927842447266464
exp1a_153,1,1,5,0.0,-0.037429674856308215
exp1a_153,1,1,5,-1.0,0.843383917424483
exp1a_153,0,0,6,-1.0,-0.7363996791923271
exp1a_153,1,1,6,0.0,-0.7363996791923271
exp1a_153,0,0,6,0.0,0.843383917424483
exp1a_153,0,0,6,1.0,0.843383917424483
exp1a_153,1,1,6,1.0,-0.037429674856308215
exp1a_153,1,1,6,1.0,0.843383917424483
exp1a_153,1,1,6,0.0,0.843383917424483
exp1a_153,1,1,4,1.0,0.2178428302469978
exp1a_153,1,1,5,-1.0,-0.037429674856308215
exp1a_153,1,1,5,1.0,-0.25927842447266464
exp1a_153,0,0,4,-1.0,0.2178428302469978
exp1a_153,1,1,4,-1.0,-0.7363996791923271
exp1a_153,0,1,4,0.0,-0.7363996791923271
exp1a_153,1,1,6,1.0,0.843383917424483
exp1a_153,0,0,6,1.0,0.2178428302469978
exp1a_153,1,1,6,-1.0,-0.037429674856308215
exp1a_153,0,0,5,1.0,-0.037429674856308215
exp1a_153,1,1,4,0.0,0.2178428302469978
exp1a_153,1,1,4,-1.0,-0.25927842447266464
exp1a_153,1,1,4,1.0,-0.7363996791923271
exp1a_153,1,1,6,0.0,-0.25927842447266464
exp1a_153,0,1,6,0.0,-0.25927842447266464
exp1a_153,1,1,6,-1.0,0.843383917424483
exp1a_153,0,0,6,1.0,0.843383917424483
exp1a_153,0,1,4,-1.0,-0.037429674856308215
exp1a_153,1,0,5,0.0,-0.7363996791923271
exp1a_153,1,1,6,1.0,0.2178428302469978
exp1a_153,0,0,6,0.0,0.843383917424483
exp1a_153,1,1,6,0.0,0.843383917424483
exp1a_153,0,0,5,1.0,-0.7363996791923271
exp1a_153,0,0,4,-1.0,-0.25927842447266464
exp1a_153,0,0,5,0.0,-0.037429674856308215
exp1a_153,1,0,3,-1.0,0.2178428302469978
exp1a_153,1,1,5,1.0,-0.037429674856308215
exp1a_153,1,1,4,0.0,-0.037429674856308215
exp1a_153,0,1,5,0.0,0.2178428302469978
exp1a_153,0,1,6,1.0,-0.25927842447266464
exp1a_153,0,0,4,-1.0,0.843383917424483
exp1a_153,0,1,5,-1.0,-0.7363996791923271
exp1a_153,0,0,4,1.0,-0.25927842447266464
exp1a_153,1,1,4,1.0,0.2178428302469978
exp1a_153,0,1,5,-1.0,0.2178428302469978
exp1a_153,0,0,4,0.0,0.2178428302469978
exp1a_153,0,0,3,-1.0,-0.037429674856308215
exp1a_153,1,1,4,0.0,-0.7363996791923271
exp1a_153,1,0,4,0.0,0.2178428302469978
exp1a_153,1,1,6,1.0,0.843383917424483
exp1a_153,1,0,5,1.0,-0.7363996791923271
exp1a_153,0,0,5,0.0,0.843383917424483
exp1a_153,1,1,5,1.0,-0.25927842447266464
exp1a_153,0,0,3,-1.0,-0.7363996791923271
exp1a_153,1,1,4,1.0,-0.037429674856308215
exp1a_153,0,0,4,1.0,-0.037429674856308215
exp1a_153,0,0,3,-1.0,0.843383917424483
exp1a_153,0,0,4,0.0,-0.7363996791923271
exp1a_153,1,1,3,-1.0,-0.037429674856308215
exp1a_153,1,1,4,-1.0,0.2178428302469978
exp1a_153,0,1,4,1.0,-0.7363996791923271
exp1a_153,0,0,3,-1.0,-0.25927842447266464
exp1a_153,1,1,4,0.0,-0.25927842447266464
exp1a_153,0,0,4,0.0,-0.037429674856308215
exp1a_153,1,0,3,-1.0,-0.7363996791923271
exp1a_153,1,1,4,-1.0,0.843383917424483
exp1a_153,1,1,5,0.0,-0.037429674856308215
exp1a_153,0,0,6,1.0,0.843383917424483
exp1a_153,1,0,3,-1.0,-0.25927842447266464
exp1a_153,1,1,6,0.0,0.843383917424483
exp1a_153,0,0,6,0.0,-0.25927842447266464
exp1a_153,0,0,4,-1.0,-0.037429674856308215
exp1a_153,1,0,6,1.0,0.2178428302469978
exp1a_153,1,1,6,1.0,-0.25927842447266464
exp1a_153,0,0,6,0.0,-0.037429674856308215
exp1a_153,0,0,6,-1.0,0.843383917424483
exp1a_153,0,0,6,0.0,0.843383917424483
exp1a_153,1,1,6,0.0,0.2178428302469978
exp1a_153,1,0,3,-1.0,-0.7363996791923271
exp1a_153,0,1,6,1.0,-0.7363996791923271
exp1a_153,1,1,4,-1.0,0.843383917424483
exp1a_153,0,1,6,1.0,0.2178428302469978
exp1a_153,1,1,6,0.0,-0.7363996791923271
exp1a_153,0,0,6,1.0,-0.25927842447266464
exp1a_153,1,1,6,0.0,-0.25927842447266464
exp1a_153,0,0,6,1.0,0.843383917424483
exp1a_153,0,0,6,1.0,-0.037429674856308215
exp1a_153,1,0,2,-1.0,-0.037429674856308215
exp1a_153,0,1,5,0.0,-0.7363996791923271
exp1a_153,1,1,6,0.0,-0.037429674856308215
exp1a_153,0,0,6,0.0,-0.25927842447266464
exp1a_153,0,1,6,0.0,0.2178428302469978
exp1a_153,1,0,6,1.0,-0.7363996791923271
exp1a_153,0,0,3,-1.0,-0.25927842447266464
exp1a_153,1,0,6,1.0,-0.037429674856308215
exp1a_153,1,1,6,0.0,0.843383917424483
exp1a_153,1,1,3,-1.0,0.2178428302469978
exp1a_153,0,0,2,-1.0,0.2178428302469978
exp1a_153,1,1,3,-1.0,-0.25927842447266464
exp1a_153,1,1,6,1.0,0.843383917424483
exp1a_153,0,1,3,-1.0,-0.7363996791923271
exp1a_153,0,0,2,-1.0,-0.25927842447266464
exp1a_153,0,1,6,1.0,-0.037429674856308215
exp1a_153,0,1,6,0.0,0.2178428302469978
exp1a_153,1,1,6,0.0,-0.037429674856308215
exp1a_153,1,1,6,0.0,0.2178428302469978
exp1a_153,1,1,3,-1.0,0.843383917424483
exp1a_153,0,0,6,0.0,0.843383917424483
exp1a_153,1,1,6,1.0,-0.037429674856308215
exp1a_153,0,1,6,0.0,-0.25927842447266464
exp1a_153,1,1,6,1.0,0.2178428302469978
exp1a_153,1,1,6,0.0,-0.25927842447266464
exp1a_153,1,1,6,-1.0,-0.037429674856308215
exp1a_153,1,1,6,1.0,-0.25927842447266464
exp1a_153,0,1,6,0.0,-0.037429674856308215
exp1a_153,0,0,6,-1.0,0.843383917424483
exp1a_153,1,1,6,-1.0,0.2178428302469978
exp1a_153,1,1,6,1.0,0.843383917424483
exp1a_153,0,1,6,-1.0,-0.7363996791923271
exp1a_153,0,1,6,-1.0,0.2178428302469978
exp1a_153,1,1,6,0.0,-0.7363996791923271
exp1a_153,1,1,6,-1.0,-0.7363996791923271
exp1a_153,0,0,6,1.0,0.843383917424483
exp1a_153,1,0,2,-1.0,-0.25927842447266464
exp1a_153,0,0,6,1.0,-0.25927842447266464
exp1a_153,0,0,6,1.0,0.2178428302469978
exp1a_153,0,0,6,0.0,-0.7363996791923271
exp1a_153,1,0,6,1.0,-0.7363996791923271
exp1a_153,0,0,6,1.0,-0.7363996791923271
exp1a_153,0,0,2,-1.0,-0.037429674856308215
exp1a_153,0,0,6,1.0,0.843383917424483
exp1a_153,1,1,6,-1.0,0.843383917424483
exp1a_153,1,1,6,1.0,-0.25927842447266464
exp1a_153,1,1,6,0.0,0.843383917424483
exp1a_153,1,1,6,1.0,0.843383917424483
exp1a_153,0,0,6,-1.0,0.2178428302469978
exp1a_153,1,0,6,1.0,-0.7363996791923271
exp1a_153,0,0,3,-1.0,-0.25927842447266464
exp1a_153,0,1,2,-1.0,-0.037429674856308215
exp1a_153,1,0,3,-1.0,-0.7363996791923271
exp1a_153,1,1,6,0.0,0.2178428302469978
exp1a_153,0,0,6,1.0,-0.25927842447266464
exp1a_153,0,1,6,-1.0,-0.7363996791923271
exp1a_153,0,0,6,0.0,0.2178428302469978
exp1a_153,1,0,6,0.0,-0.7363996791923271
exp1a_153,1,0,6,0.0,-0.25927842447266464
exp1a_153,1,1,6,0.0,-0.037429674856308215
exp1a_153,0,1,6,0.0,-0.25927842447266464
exp1a_153,0,1,6,1.0,-0.7363996791923271
exp1a_153,0,1,6,1.0,0.2178428302469978
exp1a_153,0,0,6,-1.0,0.843383917424483
exp1a_153,0,1,6,0.0,-0.7363996791923271
exp1a_153,1,0,6,1.0,0.2178428302469978
exp1a_153,0,1,6,1.0,-0.037429674856308215
exp1a_153,0,0,6,0.0,0.843383917424483
exp1a_153,1,1,6,-1.0,0.2178428302469978
exp1a_153,0,0,6,0.0,-0.037429674856308215
exp1a_153,1,1,2,-1.0,-0.25927842447266464
exp1a_153,1,0,6,1.0,-0.037429674856308215
exp1a_153,1,1,6,-1.0,-0.037429674856308215
exp1a_153,0,1,6,1.0,-0.037429674856308215
exp1a_153,1,0,6,0.0,-0.25927842447266464
exp1a_153,0,0,6,1.0,-0.25927842447266464
exp1a_153,1,1,6,1.0,0.2178428302469978
exp1a_153,1,1,6,1.0,-0.7363996791923271
exp1a_153,1,0,6,0.0,-0.7363996791923271
exp1a_153,0,1,6,0.0,-0.25927842447266464
exp1a_153,1,1,3,-1.0,0.2178428302469978
exp1a_153,0,1,6,0.0,0.2178428302469978
exp1a_153,0,0,6,0.0,0.843383917424483
exp1a_153,0,0,3,-1.0,-0.25927842447266464
exp1a_153,1,0,3,-1.0,-0.7363996791923271
exp1a_153,1,1,6,0.0,0.843383917424483
exp1a_153,0,0,1,-1.0,-0.7363996791923271
exp1a_153,1,1,4,0.0,-0.037429674856308215
exp1a_153,1,1,6,0.0,0.2178428302469978
exp1a_153,0,0,5,-1.0,0.2178428302469978
exp1a_153,1,1,6,1.0,-0.037429674856308215
exp1a_153,1,1,6,-1.0,-0.037429674856308215
exp1a_153,0,0,3,-1.0,0.843383917424483
exp1a_153,1,1,6,1.0,0.843383917424483
exp1a_153,0,1,6,0.0,-0.7363996791923271
exp1a_153,1,1,6,-1.0,0.843383917424483
exp1a_153,1,1,6,1.0,-0.25927842447266464
exp1a_153,0,0,6,-1.0,-0.037429674856308215
exp1a_153,0,1,6,1.0,-0.7363996791923271
exp1a_153,0,0,6,1.0,0.843383917424483
exp1a_153,0,0,6,1.0,0.2178428302469978
exp1a_153,1,0,3,-1.0,-0.25927842447266464
exp1a_153,0,1,6,0.0,-0.037429674856308215
exp1a_153,1,1,6,0.0,-0.037429674856308215
exp1a_153,0,1,6,0.0,-0.7363996791923271
exp1a_153,1,0,3,-1.0,0.2178428302469978
exp1a_153,1,1,6,1.0,-0.25927842447266464
exp1a_153,0,1,4,-1.0,-0.7363996791923271
exp1a_153,0,0,6,-1.0,0.843383917424483
exp1a_153,1,1,6,1.0,-0.037429674856308215
exp1a_153,0,0,6,1.0,-0.25927842447266464
exp1a_153,0,0,6,-1.0,-0.25927842447266464
exp1a_153,0,1,6,0.0,-0.25927842447266464
exp1a_153,1,1,6,0.0,-0.25927842447266464
exp1a_153,1,1,6,1.0,-0.7363996791923271
exp1a_153,0,1,6,-1.0,0.2178428302469978
exp1a_153,1,0,3,-1.0,-0.037429674856308215
exp1a_153,1,1,4,-1.0,-0.25927842447266464
exp1a_153,1,1,6,-1.0,0.843383917424483
exp1a_153,0,0,6,1.0,-0.037429674856308215
exp1a_153,0,1,6,1.0,-0.7363996791923271
exp1a_153,0,0,6,1.0,0.2178428302469978
exp1a_153,0,0,6,1.0,0.843383917424483
exp1a_153,0,0,6,0.0,0.843383917424483
exp1a_153,1,1,6,1.0,0.2178428302469978
exp1a_153,1,0,3,-1.0,-0.7363996791923271
exp1a_153,0,1,5,0.0,-0.037429674856308215
exp1a_153,1,1,6,0.0,0.843383917424483
exp1a_153,0,0,6,0.0,0.2178428302469978
exp1a_153,1,1,6,0.0,-0.7363996791923271
exp1a_153,1,1,6,0.0,0.2178428302469978
exp1a_153,0,1,3,-1.0,-0.037429674856308215
exp1a_153,1,1,6,1.0,0.843383917424483
exp1a_154,0,0,6,0.0,0.843383917424483
exp1a_154,0,1,3,-1.0,-0.7363996791923271
exp1a_154,1,1,4,0.0,0.2178428302469978
exp1a_154,0,0,6,1.0,-0.037429674856308215
exp1a_154,1,1,5,0.0,-0.25927842447266464
exp1a_154,1,0,3,-1.0,-0.7363996791923271
exp1a_154,0,0,3,0.0,-0.037429674856308215
exp1a_154,1,1,3,-1.0,-0.037429674856308215
exp1a_154,0,0,6,1.0,0.843383917424483
exp1a_154,1,1,4,0.0,-0.7363996791923271
exp1a_154,1,1,6,0.0,0.843383917424483
exp1a_154,0,0,4,1.0,-0.25927842447266464
exp1a_154,0,1,3,1.0,-0.7363996791923271
exp1a_154,1,1,5,0.0,-0.037429674856308215
exp1a_154,1,1,6,-1.0,0.843383917424483
exp1a_154,0,0,5,0.0,-0.25927842447266464
exp1a_154,0,0,5,1.0,0.2178428302469978
exp1a_154,0,1,4,0.0,-0.7363996791923271
exp1a_154,1,1,5,1.0,-0.037429674856308215
exp1a_154,0,0,3,-1.0,-0.037429674856308215
exp1a_154,0,0,3,-1.0,0.2178428302469978
exp1a_154,1,1,3,1.0,-0.7363996791923271
exp1a_154,0,0,3,-1.0,-0.25927842447266464
exp1a_154,0,0,6,-1.0,0.843383917424483
exp1a_154,1,1,6,-1.0,0.2178428302469978
exp1a_154,1,1,6,1.0,0.843383917424483
exp1a_154,1,1,4,1.0,-0.25927842447266464
exp1a_154,1,1,3,-1.0,-0.25927842447266464
exp1a_154,1,1,4,1.0,0.2178428302469978
exp1a_154,0,0,4,0.0,0.2178428302469978
exp1a_154,1,1,6,-1.0,0.843383917424483
exp1a_154,0,0,3,0.0,-0.7363996791923271
exp1a_154,1,1,5,0.0,-0.037429674856308215
exp1a_154,1,1,6,0.0,0.843383917424483
exp1a_154,1,1,5,1.0,0.2178428302469978
exp1a_154,1,1,5,0.0,-0.25927842447266464
exp1a_154,1,1,3,-1.0,0.2178428302469978
exp1a_154,0,0,6,-1.0,0.843383917424483
exp1a_154,1,1,4,1.0,-0.037429674856308215
exp1a_154,0,0,3,0.0,-0.25927842447266464
exp1a_154,0,1,3,-1.0,-0.7363996791923271
exp1a_154,0,0,3,-1.0,-0.037429674856308215
exp1a_154,1,1,4,-1.0,-0.25927842447266464
exp1a_154,0,0,4,1.0,0.2178428302469978
exp1a_154,1,1,4,1.0,-0.7363996791923271
exp1a_154,1,1,6,1.0,0.843383917424483
exp1a_154,0,0,3,-1.0,-0.25927842447266464
exp1a_154,0,0,6,0.0,0.843383917424483
exp1a_154,0,0,6,1.0,0.843383917424483
exp1a_154,1,1,4,-1.0,-0.037429674856308215
exp1a_154,1,0,3,0.0,-0.7363996791923271
exp1a_154,0,0,4,1.0,-0.037429674856308215
exp1a_154,1,1,3,-1.0,-0.7363996791923271
exp1a_154,0,0,5,1.0,-0.25927842447266464
exp1a_154,0,1,4,1.0,-0.7363996791923271
exp1a_154,0,0,5,-1.0,0.2178428302469978
exp1a_154,1,1,5,1.0,-0.25927842447266464
exp1a_154,0,0,4,0.0,-0.037429674856308215
exp1a_154,1,1,6,1.0,0.843383917424483
exp1a_154,0,0,5,1.0,-0.037429674856308215
exp1a_154,1,1,3,-1.0,-0.7363996791923271
exp1a_154,0,0,4,-1.0,-0.037429674856308215
exp1a_154,0,1,3,0.0,-0.25927842447266464
exp1a_154,1,1,6,-1.0,0.843383917424483
exp1a_154,0,0,4,0.0,0.2178428302469978
exp1a_154,1,1,4,0.0,0.2178428302469978
exp1a_154,1,1,3,-1.0,0.2178428302469978
exp1a_154,1,1,4,-1.0,-0.037429674856308215
exp1a_154,0,1,3,0.0,-0.7363996791923271
exp1a_154,0,0,3,1.0,-0.7363996791923271
exp1a_154,1,1,6,0.0,0.843383917424483
exp1a_154,1,1,5,1.0,-0.037429674856308215
exp1a_154,0,0,3,-1.0,-0.25927842447266464
exp1a_154,1,1,3,-1.0,-0.25927842447266464
exp1a_154,0,0,3,0.0,-0.037429674856308215
exp1a_154,0,0,6,1.0,0.843383917424483
exp1a_154,0,0,5,1.0,0.2178428302469978
exp1a_154,1,0,3,0.0,-0.7363996791923271
exp1a_154,1,0,3,0.0,-0.037429674856308215
exp1a_154,0,0,5,1.0,-0.25927842447266464
exp1a_154,0,0,3,-1.0,-0.7363996791923271
exp1a_154,1,0,3,1.0,-0.7363996791923271
exp1a_154,0,0,6,0.0,0.843383917424483
exp1a_154,0,0,6,-1.0,0.843383917424483
exp1a_154,1,0,3,1.0,-0.25927842447266464
exp1a_154,1,1,5,1.0,0.2178428302469978
exp1a_154,1,0,3,0.0,-0.25927842447266464
exp1a_154,1,1,5,-1.0,0.2178428302469978
exp1a_154,0,0,5,1.0,0.2178428302469978
exp1a_154,1,1,4,-1.0,-0.7363996791923271
exp1a_154,0,0,4,-1.0,0.2178428302469978
exp1a_154,0,0,6,1.0,0.843383917424483
exp1a_154,0,0,3,0.0,-0.25927842447266464
exp1a_154,1,1,5,1.0,-0.7363996791923271
exp1a_154,0,0,5,-1.0,-0.037429674856308215
exp1a_154,0,0,4,-1.0,-0.25927842447266464
exp1a_154,1,1,4,1.0,-0.25927842447266464
exp1a_154,0,0,3,1.0,-0.037429674856308215
exp1a_154,1,1,4,1.0,-0.037429674856308215
exp1a_154,1,1,3,0.0,0.2178428302469978
exp1a_154,1,1,6,0.0,0.843383917424483
exp1a_154,0,0,4,0.0,0.2178428302469978
exp1a_154,0,1,4,0.0,-0.7363996791923271
exp1a_154,1,1,4,0.0,-0.037429674856308215
exp1a_154,1,0,3,0.0,-0.7363996791923271
exp1a_154,1,1,3,1.0,0.2178428302469978
exp1a_154,0,0,3,0.0,-0.037429674856308215
exp1a_154,0,0,6,-1.0,0.843383917424483
exp1a_154,1,1,4,-1.0,-0.037429674856308215
exp1a_154,1,1,3,0.0,-0.25927842447266464
exp1a_154,0,1,3,1.0,-0.7363996791923271
exp1a_154,0,1,3,-1.0,-0.7363996791923271
exp1a_154,0,0,3,1.0,-0.25927842447266464
exp1a_154,1,1,3,-1.0,-0.25927842447266464
exp1a_154,1,1,6,-1.0,0.843383917424483
exp1a_154,1,1,6,1.0,0.843383917424483
exp1a_154,0,0,6,0.0,0.843383917424483
exp1a_154,0,0,3,1.0,-0.7363996791923271
exp1a_154,0,1,3,0.0,-0.7363996791923271
exp1a_154,1,0,3,-1.0,-0.037429674856308215
exp1a_154,0,0,6,0.0,0.843383917424483
exp1a_154,0,0,6,1.0,0.843383917424483
exp1a_154,0,0,5,1.0,0.2178428302469978
exp1a_154,1,1,6,0.0,0.843383917424483
exp1a_154,0,0,5,-1.0,-0.7363996791923271
exp1a_154,1,1,3,-1.0,0.2178428302469978
exp1a_154,1,1,3,0.0,0.2178428302469978
exp1a_154,0,1,3,1.0,-0.25927842447266464
exp1a_154,0,0,3,0.0,-0.037429674856308215
exp1a_154,1,1,3,1.0,-0.25927842447266464
exp1a_154,1,1,3,1.0,0.2178428302469978
exp1a_154,1,1,3,1.0,-0.7363996791923271
exp1a_154,1,1,5,1.0,0.843383917424483
exp1a_154,0,0,3,-1.0,-0.037429674856308215
exp1a_154,1,1,3,0.0,-0.037429674856308215
exp1a_154,1,0,3,0.0,-0.7363996791923271
exp1a_154,0,1,3,-1.0,-0.25927842447266464
exp1a_154,1,1,3,0.0,-0.25927842447266464
exp1a_154,0,0,6,-1.0,0.843383917424483
exp1a_154,1,1,3,-1.0,-0.25927842447266464
exp1a_154,1,1,6,-1.0,0.843383917424483
exp1a_154,0,0,6,0.0,0.2178428302469978
exp1a_154,1,1,3,-1.0,-0.7363996791923271
exp1a_154,0,0,3,1.0,-0.037429674856308215
exp1a_154,0,1,3,0.0,-0.25927842447266464
exp1a_154,1,1,3,1.0,-0.037429674856308215
exp1a_154,0,1,3,1.0,-0.25927842447266464
exp1a_154,1,1,5,1.0,-0.037429674856308215
exp1a_154,1,1,6,-1.0,0.843383917424483
exp1a_154,1,1,5,1.0,0.2178428302469978
exp1a_154,0,1,3,-1.0,-0.7363996791923271
exp1a_154,0,1,3,0.0,-0.037429674856308215
exp1a_154,0,1,3,1.0,-0.037429674856308215
exp1a_154,1,1,3,0.0,-0.7363996791923271
exp1a_154,0,0,3,0.0,0.2178428302469978
exp1a_154,0,1,3,-1.0,-0.25927842447266464
exp1a_154,1,1,3,-1.0,-0.7363996791923271
exp1a_154,1,1,3,-1.0,-0.25927842447266464
exp1a_154,1,1,3,0.0,0.2178428302469978
exp1a_154,1,1,3,1.0,-0.7363996791923271
exp1a_154,0,1,3,0.0,-0.25927842447266464
exp1a_154,1,1,3,0.0,-0.037429674856308215
exp1a_154,1,1,3,-1.0,0.2178428302469978
exp1a_154,1,1,3,0.0,-0.25927842447266464
exp1a_154,1,1,3,1.0,-0.25927842447266464
exp1a_154,0,1,3,0.0,-0.7363996791923271
exp1a_154,0,0,6,1.0,0.2178428302469978
exp1a_154,0,0,6,0.0,0.843383917424483
exp1a_154,0,1,3,1.0,-0.7363996791923271
exp1a_154,0,0,6,-1.0,0.843383917424483
exp1a_154,0,0,3,-1.0,0.2178428302469978
exp1a_154,1,1,6,0.0,0.843383917424483
exp1a_154,1,0,3,-1.0,-0.037429674856308215
exp1a_154,1,1,6,1.0,0.843383917424483
exp1a_154,0,0,6,1.0,0.843383917424483
exp1a_154,0,1,3,1.0,-0.7363996791923271
exp1a_154,1,1,3,1.0,-0.25927842447266464
exp1a_154,0,0,3,-1.0,-0.25927842447266464
exp1a_154,0,1,3,0.0,-0.037429674856308215
exp1a_154,1,1,6,1.0,0.843383917424483
exp1a_154,1,1,5,0.0,-0.25927842447266464
exp1a_154,1,1,5,1.0,-0.037429674856308215
exp1a_154,0,1,3,-1.0,-0.7363996791923271
exp1a_154,1,1,6,0.0,0.843383917424483
exp1a_154,0,0,6,0.0,0.843383917424483
exp1a_154,0,0,6,-1.0,0.843383917424483
exp1a_154,0,0,6,-1.0,0.2178428302469978
exp1a_154,0,1,3,0.0,-0.7363996791923271
exp1a_154,0,0,3,1.0,-0.037429674856308215
exp1a_154,1,0,3,-1.0,-0.7363996791923271
exp1a_154,1,1,3,0.0,-0.037429674856308215
exp1a_154,1,1,3,-1.0,-0.25927842447266464
exp1a_154,1,1,3,0.0,-0.7363996791923271
exp1a_154,0,0,6,1.0,0.843383917424483
exp1a_154,1,1,5,1.0,0.2178428302469978
exp1a_154,1,0,4,1.0,-0.7363996791923271
exp1a_154,0,0,4,1.0,0.2178428302469978
exp1a_154,0,0,4,0.0,-0.25927842447266464
exp1a_154,0,0,4,-1.0,-0.037429674856308215
exp1a_154,1,1,4,-1.0,-0.037429674856308215
exp1a_154,1,1,4,0.0,0.2178428302469978
exp1a_154,1,1,4,-1.0,0.2178428302469978
exp1a_154,1,1,6,-1.0,0.843383917424483
exp1a_154,0,0,3,1.0,-0.25927842447266464
exp1a_154,0,0,3,0.0,0.2178428302469978
exp1a_154,1,0,3,-1.0,-0.25927842447266464
exp1a_154,1,1,6,-1.0,0.843383917424483
exp1a_154,1,1,3,0.0,-0.25927842447266464
exp1a_154,0,0,6,1.0,0.843383917424483
exp1a_154,0,0,3,0.0,-0.7363996791923271
exp1a_154,0,0,3,0.0,-0.25927842447266464
exp1a_154,0,0,3,-1.0,-0.25927842447266464
exp1a_154,0,1,3,1.0,-0.7363996791923271
exp1a_154,1,1,6,1.0,0.843383917424483
exp1a_154,1,1,6,0.0,0.843383917424483
exp1a_154,1,1,4,0.0,-0.037429674856308215
exp1a_154,1,1,4,1.0,-0.7363996791923271
exp1a_154,1,1,4,0.0,0.2178428302469978
exp1a_154,0,0,4,-1.0,-0.037429674856308215
exp1a_154,0,1,4,1.0,-0.037429674856308215
exp1a_154,1,1,4,1.0,-0.25927842447266464
exp1a_154,0,1,4,0.0,-0.037429674856308215
exp1a_154,1,1,4,1.0,0.2178428302469978
exp1a_154,1,1,3,1.0,-0.037429674856308215
exp1a_154,0,0,3,-1.0,0.2178428302469978
exp1a_154,1,0,4,0.0,-0.7363996791923271
exp1a_154,1,1,4,-1.0,-0.037429674856308215
exp1a_154,1,1,4,-1.0,-0.7363996791923271
exp1a_154,0,0,4,0.0,0.2178428302469978
exp1a_154,0,0,6,-1.0,0.843383917424483
exp1a_154,0,0,3,-1.0,-0.7363996791923271
exp1a_154,0,1,3,1.0,-0.25927842447266464
exp1a_154,0,0,4,1.0,0.2178428302469978
exp1a_154,1,1,6,-1.0,0.2178428302469978
exp1a_154,0,0,6,0.0,0.843383917424483
exp1a_155,1,0,4,1.0,0.2178428302469978
exp1a_155,1,1,2,1.0,-0.7363996791923271
exp1a_155,0,0,3,1.0,0.843383917424483
exp1a_155,1,0,4,-1.0,-0.037429674856308215
exp1a_155,0,0,5,-1.0,-0.25927842447266464
exp1a_155,1,1,2,0.0,0.2178428302469978
exp1a_155,0,0,5,0.0,-0.037429674856308215
exp1a_155,0,0,4,1.0,-0.037429674856308215
exp1a_155,1,1,6,-1.0,0.843383917424483
exp1a_155,1,1,5,1.0,-0.037429674856308215
exp1a_155,1,1,5,1.0,-0.25927842447266464
exp1a_155,0,1,4,0.0,-0.7363996791923271
exp1a_155,1,1,3,-1.0,-0.7363996791923271
exp1a_155,0,0,6,0.0,0.843383917424483
exp1a_155,1,1,5,-1.0,0.2178428302469978
exp1a_155,1,1,6,0.0,0.843383917424483
exp1a_155,1,1,2,-1.0,-0.25927842447266464
exp1a_155,1,1,6,1.0,0.843383917424483
exp1a_155,0,1,2,0.0,-0.25927842447266464
exp1a_155,0,0,5,1.0,0.2178428302469978
exp1a_155,1,1,4,0.0,-0.25927842447266464
exp1a_155,1,1,6,0.0,-0.037429674856308215
exp1a_155,0,0,6,-1.0,0.843383917424483
exp1a_155,0,1,5,-1.0,-0.037429674856308215
exp1a_155,0,0,4,1.0,-0.25927842447266464
exp1a_155,0,1,4,1.0,-0.7363996791923271
exp1a_155,0,1,5,-1.0,0.2178428302469978
exp1a_155,0,0,5,0.0,0.2178428302469978
exp1a_155,0,1,4,-1.0,-0.7363996791923271
exp1a_155,1,1,5,0.0,-0.7363996791923271
exp1a_155,0,0,4,-1.0,-0.037429674856308215
exp1a_155,0,0,5,1.0,0.2178428302469978
exp1a_155,0,0,4,0.0,-0.037429674856308215
exp1a_155,0,1,4,0.0,0.843383917424483
exp1a_155,1,1,6,-1.0,0.843383917424483
exp1a_155,1,0,3,0.0,-0.25927842447266464
exp1a_155,1,0,6,-1.0,0.2178428302469978
exp1a_155,1,1,5,0.0,-0.037429674856308215
exp1a_155,0,0,6,1.0,0.843383917424483
exp1a_155,0,0,6,-1.0,-0.25927842447266464
exp1a_155,1,0,5,1.0,-0.7363996791923271
exp1a_155,0,0,4,0.0,-0.25927842447266464
exp1a_155,0,1,3,1.0,-0.037429674856308215
exp1a_155,0,0,6,-1.0,-0.7363996791923271
exp1a_155,0,0,6,-1.0,0.843383917424483
exp1a_155,1,0,3,-1.0,-0.25927842447266464
exp1a_155,1,1,5,1.0,-0.25927842447266464
exp1a_155,0,0,6,-1.0,0.2178428302469978
exp1a_155,0,1,3,1.0,-0.25927842447266464
exp1a_155,1,0,6,1.0,-0.037429674856308215
exp1a_155,1,1,2,0.0,0.2178428302469978
exp1a_155,1,1,6,0.0,0.843383917424483
exp1a_155,0,1,6,1.0,-0.7363996791923271
exp1a_155,0,0,5,0.0,-0.7363996791923271
exp1a_155,1,1,5,-1.0,-0.037429674856308215
exp1a_155,1,1,3,-1.0,-0.7363996791923271
exp1a_155,1,0,6,0.0,-0.7363996791923271
exp1a_155,0,0,6,0.0,0.2178428302469978
exp1a_155,1,0,5,1.0,0.843383917424483
exp1a_155,1,0,6,1.0,0.2178428302469978
exp1a_155,1,0,5,0.0,0.2178428302469978
exp1a_155,1,0,5,0.0,-0.037429674856308215
exp1a_155,1,0,6,0.0,-0.25927842447266464
exp1a_155,0,0,5,0.0,0.843383917424483
exp1a_155,0,0,6,1.0,-0.25927842447266464
exp1a_155,1,0,6,1.0,0.2178428302469978
exp1a_155,0,0,6,-1.0,0.843383917424483
exp1a_155,0,1,3,0.0,-0.25927842447266464
exp1a_155,1,1,3,1.0,-0.037429674856308215
exp1a_155,0,0,6,1.0,0.843383917424483
exp1a_155,1,1,6,0.0,0.843383917424483
exp1a_155,1,1,6,1.0,0.843383917424483
exp1a_155,0,1,6,-1.0,0.2178428302469978
exp1a_155,1,1,3,1.0,-0.7363996791923271
exp1a_155,0,0,3,-1.0,-0.037429674856308215
exp1a_155,1,0,3,-1.0,-0.7363996791923271
exp1a_155,1,1,3,-1.0,0.2178428302469978
exp1a_155,1,1,4,-1.0,-0.25927842447266464
exp1a_155,0,0,5,0.0,-0.037429674856308215
exp1a_155,1,1,3,0.0,-0.7363996791923271
exp1a_155,1,1,5,1.0,-0.25927842447266464
exp1a_155,1,0,5,-1.0,-0.037429674856308215
exp1a_155,0,0,5,0.0,0.2178428302469978
exp1a_155,0,1,5,0.0,-0.7363996791923271
exp1a_155,0,0,6,1.0,0.2178428302469978
exp1a_155,0,0,6,-1.0,-0.25927842447266464
exp1a_155,0,1,6,1.0,-0.7363996791923271
exp1a_155,0,1,2,-1.0,-0.7363996791923271
exp1a_155,0,0,6,1.0,-0.037429674856308215
exp1a_155,1,1,6,-1.0,0.843383917424483
exp1a_155,0,0,5,-1.0,0.2178428302469978
exp1a_155,1,1,6,1.0,-0.25927842447266464
exp1a_155,1,1,6,0.0,0.843383917424483
exp1a_155,0,1,6,1.0,-0.037429674856308215
exp1a_155,1,1,6,1.0,0.843383917424483
exp1a_155,1,1,5,-1.0,-0.25927842447266464
exp1a_155,1,1,6,-1.0,-0.037429674856308215
exp1a_155,1,1,5,-1.0,-0.7363996791923271
exp1a_155,0,1,6,0.0,-0.25927842447266464
exp1a_155,1,0,6,0.0,0.2178428302469978
exp1a_155,0,0,6,-1.0,-0.037429674856308215
exp1a_155,0,0,6,1.0,0.843383917424483
exp1a_155,1,1,6,0.0,-0.037429674856308215
exp1a_155,0,0,6,-1.0,-0.7363996791923271
exp1a_155,1,0,6,1.0,-0.7363996791923271
exp1a_155,0,0,6,1.0,-0.25927842447266464
exp1a_155,1,1,6,-1.0,0.843383917424483
exp1a_155,0,0,6,0.0,0.2178428302469978
exp1a_155,0,1,6,0.0,-0.7363996791923271
exp1a_155,0,0,6,-1.0,-0.25927842447266464
exp1a_155,1,0,4,0.0,-0.25927842447266464
exp1a_155,1,1,4,0.0,-0.7363996791923271
exp1a_155,0,0,5,1.0,0.2178428302469978
exp1a_155,1,0,5,-1.0,0.2178428302469978
exp1a_155,0,0,6,0.0,-0.037429674856308215
exp1a_155,0,1,3,1.0,-0.7363996791923271
exp1a_155,1,1,4,1.0,0.2178428302469978
exp1a_155,0,0,5,1.0,-0.037429674856308215
exp1a_155,0,0,3,-1.0,-0.7363996791923271
exp1a_155,0,1,5,0.0,-0.25927842447266464
exp1a_155,1,0,3,1.0,-0.7363996791923271
exp1a_155,1,0,6,-1.0,0.843383917424483
exp1a_155,0,0,5,0.0,0.2178428302469978
exp1a_155,0,0,5,-1.0,0.2178428302469978
exp1a_155,0,1,3,0.0,-0.037429674856308215
exp1a_155,1,0,6,-1.0,-0.7363996791923271
exp1a_155,0,0,6,0.0,-0.7363996791923271
exp1a_155,1,1,6,0.0,0.2178428302469978
exp1a_155,1,0,6,0.0,-0.25927842447266464
exp1a_155,1,1,6,0.0,0.843383917424483
exp1a_155,1,0,6,1.0,-0.25927842447266464
exp1a_155,0,1,3,1.0,-0.25927842447266464
exp1a_155,1,1,3,-1.0,-0.037429674856308215
exp1a_155,1,0,3,-1.0,0.2178428302469978
exp1a_155,1,0,3,0.0,-0.7363996791923271
exp1a_155,0,0,5,-1.0,0.843383917424483
exp1a_155,1,1,3,-1.0,-0.25927842447266464
exp1a_155,0,0,6,-1.0,-0.037429674856308215
exp1a_155,1,0,6,1.0,-0.037429674856308215
exp1a_155,0,0,6,0.0,0.843383917424483
exp1a_155,1,1,5,1.0,0.843383917424483
exp1a_155,0,0,6,-1.0,-0.25927842447266464
exp1a_155,1,0,6,0.0,-0.037429674856308215
exp1a_155,0,1,6,1.0,-0.7363996791923271
exp1a_155,0,1,6,1.0,0.2178428302469978
exp1a_155,0,0,6,1.0,0.843383917424483
exp1a_155,0,1,5,-1.0,-0.7363996791923271
exp1a_155,1,1,4,1.0,0.843383917424483
exp1a_155,1,0,3,-1.0,0.843383917424483
exp1a_155,1,1,6,0.0,-0.25927842447266464
exp1a_155,0,0,6,1.0,0.2178428302469978
exp1a_155,1,1,3,-1.0,-0.25927842447266464
exp1a_155,0,0,6,1.0,-0.037429674856308215
exp1a_155,0,0,6,1.0,0.843383917424483
exp1a_155,1,1,4,1.0,-0.25927842447266464
exp1a_155,0,0,5,0.0,-0.7363996791923271
exp1a_155,1,0,6,0.0,-0.7363996791923271
exp1a_155,1,0,5,1.0,-0.7363996791923271
exp1a_155,1,0,6,0.0,-0.037429674856308215
exp1a_155,0,1,4,1.0,-0.25927842447266464
exp1a_155,0,0,4,0.0,0.2178428302469978
exp1a_155,1,0,4,-1.0,0.2178428302469978
exp1a_155,1,0,6,1.0,0.2178428302469978
exp1a_155,0,1,6,-1.0,-0.25927842447266464
exp1a_155,0,0,6,-1.0,0.2178428302469978
exp1a_155,0,0,6,0.0,-0.25927842447266464
exp1a_155,1,0,6,0.0,0.2178428302469978
exp1a_155,0,0,6,-1.0,-0.037429674856308215
exp1a_155,0,0,6,0.0,0.843383917424483
exp1a_155,1,1,6,1.0,-0.037429674856308215
exp1a_155,0,1,4,1.0,-0.7363996791923271
exp1a_155,0,0,6,-1.0,0.2178428302469978
exp1a_155,0,1,5,-1.0,-0.037429674856308215
exp1a_155,1,0,5,1.0,-0.25927842447266464
exp1a_155,1,1,6,1.0,0.843383917424483
exp1a_155,0,0,6,0.0,-0.037429674856308215
exp1a_155,1,1,6,1.0,-0.7363996791923271
exp1a_155,0,1,5,0.0,0.2178428302469978
exp1a_155,1,0,6,0.0,-0.7363996791923271
exp1a_155,1,1,4,-1.0,0.2178428302469978
exp1a_155,0,1,4,0.0,-0.25927842447266464
exp1a_155,1,1,6,0.0,0.843383917424483
exp1a_155,1,0,4,0.0,-0.037429674856308215
exp1a_155,0,1,6,-1.0,-0.7363996791923271
exp1a_155,0,0,6,0.0,-0.7363996791923271
exp1a_155,0,1,6,0.0,0.843383917424483
exp1a_155,0,0,6,1.0,0.843383917424483
exp1a_155,0,0,6,1.0,0.2178428302469978
exp1a_155,1,1,4,0.0,-0.25927842447266464
exp1a_155,1,0,5,1.0,0.2178428302469978
exp1a_155,0,0,5,1.0,-0.25927842447266464
exp1a_155,1,0,5,-1.0,-0.7363996791923271
exp1a_155,1,1,5,-1.0,-0.25927842447266464
exp1a_155,1,1,6,-1.0,0.843383917424483
exp1a_155,0,0,6,1.0,-0.037429674856308215
exp1a_155,0,0,6,-1.0,0.843383917424483
exp1a_155,1,1,6,0.0,0.2178428302469978
exp1a_155,1,1,6,1.0,-0.037429674856308215
exp1a_155,1,0,4,-1.0,-0.037429674856308215
exp1a_155,1,0,5,0.0,-0.037429674856308215
exp1a_155,0,1,5,1.0,0.2178428302469978
exp1a_155,0,1,6,0.0,-0.037429674856308215
exp1a_155,0,0,6,1.0,-0.037429674856308215
exp1a_155,1,1,6,1.0,0.2178428302469978
exp1a_155,1,1,5,0.0,-0.7363996791923271
exp1a_155,1,1,4,0.0,0.2178428302469978
exp1a_155,0,0,5,-1.0,-0.7363996791923271
exp1a_155,0,1,5,1.0,-0.7363996791923271
exp1a_155,0,1,4,-1.0,-0.037429674856308215
exp1a_155,1,1,6,-1.0,0.843383917424483
exp1a_155,1,0,6,-1.0,-0.7363996791923271
exp1a_155,0,0,6,0.0,-0.25927842447266464
exp1a_155,0,0,6,-1.0,0.2178428302469978
exp1a_155,1,1,6,1.0,-0.7363996791923271
exp1a_155,1,1,6,0.0,-0.25927842447266464
exp1a_155,0,0,6,0.0,0.2178428302469978
exp1a_155,0,0,6,1.0,0.843383917424483
exp1a_155,1,0,6,-1.0,-0.25927842447266464
exp1a_155,1,1,6,-1.0,0.2178428302469978
exp1a_155,0,1,6,1.0,-0.25927842447266464
exp1a_155,1,0,6,1.0,-0.25927842447266464
exp1a_155,0,1,4,-1.0,-0.25927842447266464
exp1a_155,0,0,6,-1.0,0.843383917424483
exp1a_155,0,0,5,0.0,-0.7363996791923271
exp1a_155,1,1,4,-1.0,-0.037429674856308215
exp1a_155,1,0,6,1.0,-0.037429674856308215
exp1a_156,1,1,6,-1.0,-0.037429674856308215
exp1a_156,0,0,6,1.0,0.843383917424483
exp1a_156,0,1,4,1.0,-0.25927842447266464
exp1a_156,0,1,5,0.0,-0.7363996791923271
exp1a_156,0,0,6,1.0,0.2178428302469978
exp1a_156,1,1,4,-1.0,-0.7363996791923271
exp1a_156,1,1,5,-1.0,-0.25927842447266464
exp1a_156,1,1,5,0.0,-0.037429674856308215
exp1a_156,1,1,6,1.0,-0.037429674856308215
exp1a_156,0,0,6,0.0,0.2178428302469978
exp1a_156,1,1,6,1.0,0.2178428302469978
exp1a_156,0,0,6,-1.0,-0.037429674856308215
exp1a_156,0,1,5,0.0,-0.25927842447266464
exp1a_156,1,1,6,1.0,-0.7363996791923271
exp1a_156,0,1,5,1.0,-0.037429674856308215
exp1a_156,1,1,6,1.0,0.843383917424483
exp1a_156,0,0,6,-1.0,0.843383917424483
exp1a_156,1,1,6,-1.0,0.2178428302469978
exp1a_156,0,1,4,-1.0,-0.25927842447266464
exp1a_156,1,1,6,1.0,-0.25927842447266464
exp1a_156,1,1,6,0.0,0.843383917424483
exp1a_156,0,1,6,-1.0,-0.7363996791923271
exp1a_156,1,1,6,0.0,0.2178428302469978
exp1a_156,0,0,6,0.0,0.843383917424483
exp1a_156,0,1,4,-1.0,0.2178428302469978
exp1a_156,0,0,6,0.0,-0.037429674856308215
exp1a_156,1,1,6,0.0,-0.25927842447266464
exp1a_156,1,1,5,0.0,-0.7363996791923271
exp1a_156,0,0,5,1.0,-0.7363996791923271
exp1a_156,1,1,6,-1.0,0.843383917424483
exp1a_156,0,0,6,1.0,-0.037429674856308215
exp1a_156,0,0,6,0.0,-0.037429674856308215
exp1a_156,0,1,6,0.0,-0.25927842447266464
exp1a_156,0,0,6,-1.0,-0.7363996791923271
exp1a_156,1,1,4,0.0,-0.7363996791923271
exp1a_156,1,1,5,-1.0,-0.7363996791923271
exp1a_156,0,0,6,1.0,-0.7363996791923271
exp1a_156,1,1,6,1.0,-0.7363996791923271
exp1a_156,1,1,6,-1.0,-0.25927842447266464
exp1a_156,1,1,6,0.0,0.2178428302469978
exp1a_156,0,1,5,1.0,-0.25927842447266464
exp1a_156,1,1,6,0.0,-0.037429674856308215
exp1a_156,0,1,6,-1.0,0.2178428302469978
exp1a_156,0,0,6,0.0,0.843383917424483
exp1a_156,1,1,6,0.0,0.843383917424483
exp1a_156,1,1,6,-1.0,0.843383917424483
exp1a_156,1,1,5,-1.0,-0.037429674856308215
exp1a_156,1,1,6,1.0,-0.25927842447266464
exp1a_156,0,0,6,1.0,0.843383917424483
exp1a_156,1,0,5,0.0,-0.25927842447266464
exp1a_156,0,0,5,-1.0,-0.25927842447266464
exp1a_156,0,1,6,1.0,0.2178428302469978
exp1a_156,0,0,6,-1.0,0.843383917424483
exp1a_156,1,1,6,-1.0,0.2178428302469978
exp1a_156,1,1,6,1.0,0.843383917424483
exp1a_156,0,0,6,-1.0,-0.037429674856308215
exp1a_156,0,1,5,0.0,-0.7363996791923271
exp1a_156,1,1,5,1.0,0.2178428302469978
exp1a_156,1,1,6,1.0,-0.037429674856308215
exp1a_156,0,0,6,0.0,0.2178428302469978
exp1a_156,0,0,6,-1.0,-0.037429674856308215
exp1a_156,1,1,6,1.0,-0.037429674856308215
exp1a_156,0,1,5,-1.0,-0.7363996791923271
exp1a_156,0,0,6,0.0,-0.037429674856308215
exp1a_156,1,1,4,-1.0,-0.7363996791923271
exp1a_156,0,0,6,1.0,-0.037429674856308215
exp1a_156,1,1,6,0.0,-0.25927842447266464
exp1a_156,1,0,5,0.0,-0.037429674856308215
exp1a_156,0,0,6,-1.0,0.843383917424483
exp1a_156,0,0,5,-1.0,-0.25927842447266464
exp1a_156,0,1,5,0.0,-0.7363996791923271
exp1a_156,1,0,6,1.0,-0.25927842447266464
exp1a_156,1,1,6,-1.0,0.2178428302469978
exp1a_156,1,1,6,0.0,0.843383917424483
exp1a_156,0,0,6,0.0,0.843383917424483
exp1a_156,1,1,6,1.0,0.843383917424483
exp1a_156,0,0,5,-1.0,0.2178428302469978
exp1a_156,1,1,6,1.0,0.2178428302469978
exp1a_156,1,1,6,0.0,0.2178428302469978
exp1a_156,1,1,6,-1.0,0.843383917424483
exp1a_156,0,0,6,1.0,-0.25927842447266464
exp1a_156,0,0,6,1.0,0.843383917424483
exp1a_156,0,0,5,1.0,-0.7363996791923271
exp1a_156,0,0,4,0.0,-0.25927842447266464
exp1a_156,0,0,5,0.0,0.2178428302469978
exp1a_156,1,0,6,0.0,-0.7363996791923271
exp1a_156,1,1,6,-1.0,-0.25927842447266464
exp1a_156,0,1,5,1.0,0.2178428302469978
exp1a_156,1,1,5,-1.0,-0.037429674856308215
exp1a_156,1,1,6,1.0,-0.7363996791923271
exp1a_156,1,1,6,1.0,-0.25927842447266464
exp1a_156,0,0,6,-1.0,0.2178428302469978
exp1a_156,1,1,6,1.0,0.843383917424483
exp1a_156,0,0,6,0.0,-0.25927842447266464
exp1a_156,1,0,4,0.0,-0.7363996791923271
exp1a_156,0,0,6,1.0,-0.037429674856308215
exp1a_156,0,0,6,0.0,0.843383917424483
exp1a_156,0,0,6,1.0,0.2178428302469978
exp1a_156,1,1,6,0.0,0.843383917424483
exp1a_156,1,0,4,1.0,-0.7363996791923271
exp1a_156,0,0,5,1.0,-0.25927842447266464
exp1a_156,0,0,6,-1.0,0.843383917424483
exp1a_156,0,0,4,-1.0,-0.037429674856308215
exp1a_156,1,1,4,-1.0,-0.7363996791923271
exp1a_156,1,1,5,-1.0,-0.25927842447266464
exp1a_156,1,1,5,-1.0,-0.037429674856308215
exp1a_156,0,0,5,-1.0,-0.25927842447266464
exp1a_156,1,1,6,1.0,-0.037429674856308215
exp1a_156,0,0,6,0.0,0.2178428302469978
exp1a_156,1,0,4,0.0,-0.25927842447266464
exp1a_156,1,1,6,0.0,-0.037429674856308215
exp1a_156,1,1,6,1.0,0.2178428302469978
exp1a_156,0,0,5,1.0,-0.7363996791923271
exp1a_156,1,1,6,-1.0,0.843383917424483
exp1a_156,0,0,6,1.0,0.843383917424483
exp1a_156,1,1,6,0.0,0.2178428302469978
exp1a_156,0,0,6,0.0,-0.037429674856308215
exp1a_156,1,1,6,-1.0,0.2178428302469978
exp1a_156,0,0,6,-1.0,-0.7363996791923271
exp1a_156,0,1,6,0.0,-0.7363996791923271
exp1a_156,1,1,6,1.0,0.2178428302469978
exp1a_156,1,0,6,0.0,-0.7363996791923271
exp1a_156,0,0,4,-1.0,-0.25927842447266464
exp1a_156,0,0,5,1.0,-0.7363996791923271
exp1a_156,1,1,6,0.0,0.2178428302469978
exp1a_156,0,0,6,1.0,0.843383917424483
exp1a_156,0,0,6,1.0,-0.25927842447266464
exp1a_156,0,0,6,0.0,0.2178428302469978
exp1a_156,0,0,6,0.0,-0.037429674856308215
exp1a_156,1,1,5,1.0,-0.25927842447266464
exp1a_156,0,0,4,-1.0,-0.7363996791923271
exp1a_156,0,0,6,-1.0,0.843383917424483
exp1a_156,1,0,5,0.0,-0.25927842447266464
exp1a_156,1,1,6,1.0,0.843383917424483
exp1a_156,0,0,6,0.0,-0.25927842447266464
exp1a_156,1,1,4,1.0,-0.7363996791923271
exp1a_156,1,1,6,0.0,0.843383917424483
exp1a_156,1,1,5,-1.0,-0.037429674856308215
exp1a_156,1,1,6,1.0,-0.037429674856308215
exp1a_156,1,1,6,-1.0,0.843383917424483
exp1a_156,0,0,6,-1.0,-0.037429674856308215
exp1a_156,1,1,6,0.0,-0.037429674856308215
exp1a_156,0,0,6,1.0,0.2178428302469978
exp1a_156,1,1,6,-1.0,-0.25927842447266464
exp1a_156,0,0,6,1.0,-0.037429674856308215
exp1a_156,0,0,6,0.0,0.843383917424483
exp1a_156,0,1,4,-1.0,0.2178428302469978
exp1a_156,0,0,6,0.0,-0.7363996791923271
exp1a_156,1,1,4,-1.0,-0.7363996791923271
exp1a_156,1,1,6,-1.0,0.2178428302469978
exp1a_156,0,0,6,-1.0,-0.037429674856308215
exp1a_156,1,1,6,0.0,-0.25927842447266464
exp1a_156,0,0,6,-1.0,0.843383917424483
exp1a_156,1,1,6,-1.0,-0.037429674856308215
exp1a_156,1,1,6,0.0,-0.037429674856308215
exp1a_156,1,0,4,1.0,-0.037429674856308215
exp1a_156,0,0,6,0.0,0.2178428302469978
exp1a_156,1,0,4,-1.0,-0.25927842447266464
exp1a_156,0,0,6,1.0,-0.037429674856308215
exp1a_156,0,0,6,1.0,0.2178428302469978
exp1a_156,0,1,4,0.0,-0.25927842447266464
exp1a_156,0,0,6,0.0,-0.7363996791923271
exp1a_156,0,0,6,1.0,0.843383917424483
exp1a_156,0,0,4,-1.0,-0.7363996791923271
exp1a_156,1,1,6,1.0,0.843383917424483
exp1a_156,1,0,6,-1.0,-0.7363996791923271
exp1a_156,1,1,6,1.0,0.2178428302469978
exp1a_156,1,1,6,-1.0,0.843383917424483
exp1a_156,0,0,6,-1.0,-0.25927842447266464
exp1a_156,1,1,6,-1.0,0.2178428302469978
exp1a_156,0,0,6,0.0,0.843383917424483
exp1a_156,1,0,6,1.0,-0.7363996791923271
exp1a_156,1,1,6,1.0,-0.25927842447266464
exp1a_156,0,0,5,1.0,-0.7363996791923271
exp1a_156,0,0,6,-1.0,0.2178428302469978
exp1a_156,0,1,6,0.0,-0.037429674856308215
exp1a_156,1,1,6,0.0,0.843383917424483
exp1a_156,1,1,6,0.0,0.2178428302469978
exp1a_156,0,0,5,1.0,-0.25927842447266464
exp1a_156,1,1,5,0.0,-0.7363996791923271
exp1a_156,0,0,6,1.0,0.2178428302469978
exp1a_156,0,0,6,-1.0,0.843383917424483
exp1a_156,1,1,6,1.0,0.2178428302469978
exp1a_156,1,0,6,0.0,-0.25927842447266464
exp1a_156,0,0,6,-1.0,-0.037429674856308215
exp1a_156,1,1,6,0.0,0.2178428302469978
exp1a_156,1,1,6,1.0,0.843383917424483
exp1a_156,0,0,6,-1.0,0.2178428302469978
exp1a_156,0,0,6,1.0,-0.7363996791923271
exp1a_156,1,1,5,1.0,-0.037429674856308215
exp1a_156,0,0,5,-1.0,-0.25927842447266464
exp1a_156,0,1,6,0.0,-0.037429674856308215
exp1a_156,1,1,5,-1.0,-0.037429674856308215
exp1a_156,1,1,6,0.0,0.843383917424483
exp1a_156,0,0,5,1.0,-0.25927842447266464
exp1a_156,1,1,5,-1.0,-0.7363996791923271
exp1a_156,1,1,5,-1.0,0.843383917424483
exp1a_156,1,0,4,1.0,-0.25927842447266464
exp1a_156,0,0,6,-1.0,-0.7363996791923271
exp1a_156,0,0,5,0.0,0.2178428302469978
exp1a_156,0,0,5,1.0,-0.037429674856308215
exp1a_156,0,0,6,1.0,0.843383917424483
exp1a_156,1,1,6,-1.0,0.2178428302469978
exp1a_156,1,1,5,1.0,-0.7363996791923271
exp1a_156,1,1,6,0.0,-0.037429674856308215
exp1a_156,1,1,5,0.0,-0.7363996791923271
exp1a_156,0,1,5,0.0,-0.7363996791923271
exp1a_156,0,0,6,0.0,0.843383917424483
exp1a_156,1,1,6,-1.0,-0.25927842447266464
exp1a_156,0,1,6,0.0,-0.25927842447266464
exp1a_156,0,0,6,1.0,0.843383917424483
exp1a_156,1,0,4,1.0,-0.7363996791923271
exp1a_156,0,0,6,-1.0,-0.037429674856308215
exp1a_156,0,1,4,1.0,-0.7363996791923271
exp1a_156,0,0,5,-1.0,-0.7363996791923271
exp1a_156,1,1,5,1.0,-0.25927842447266464
exp1a_156,0,0,5,0.0,-0.25927842447266464
exp1a_156,0,0,6,0.0,0.2178428302469978
exp1a_156,1,1,5,0.0,0.843383917424483
exp1a_156,1,1,6,1.0,-0.037429674856308215
exp1a_156,0,0,6,0.0,0.843383917424483
exp1a_156,1,1,6,-1.0,0.843383917424483
exp1a_156,0,0,6,1.0,0.2178428302469978
exp1a_156,0,0,6,1.0,-0.25927842447266464
exp1a_156,1,1,6,0.0,0.2178428302469978
exp1a_156,1,1,4,-1.0,-0.7363996791923271
exp1a_156,1,1,5,0.0,-0.25927842447266464
exp1a_156,0,0,6,-1.0,0.843383917424483
exp1a_156,0,0,4,-1.0,-0.25927842447266464
exp1a_156,1,1,6,-1.0,-0.037429674856308215
exp1a_156,1,1,6,1.0,0.843383917424483
exp1a_156,1,1,5,1.0,0.2178428302469978
exp1a_156,1,1,5,-1.0,-0.25927842447266464
exp1a_156,0,0,6,1.0,-0.037429674856308215
exp1a_156,0,1,6,0.0,-0.7363996791923271
exp1a_156,0,0,6,-1.0,0.2178428302469978
exp1a_156,1,1,6,0.0,-0.037429674856308215
exp1a_157,1,1,5,0.0,0.2178428302469978
exp1a_157,0,1,5,0.0,-0.7363996791923271
exp1a_157,0,0,4,0.0,-0.037429674856308215
exp1a_157,0,0,6,0.0,0.843383917424483
exp1a_157,1,0,4,-1.0,-0.7363996791923271
exp1a_157,1,1,5,1.0,0.2178428302469978
exp1a_157,0,0,6,-1.0,0.2178428302469978
exp1a_157,1,0,6,1.0,-0.037429674856308215
exp1a_157,1,1,4,-1.0,-0.25927842447266464
exp1a_157,1,1,5,0.0,-0.7363996791923271
exp1a_157,0,0,4,-1.0,-0.7363996791923271
exp1a_157,1,1,5,1.0,-0.7363996791923271
exp1a_157,0,1,5,0.0,-0.25927842447266464
exp1a_157,1,0,4,1.0,0.843383917424483
exp1a_157,1,1,5,-1.0,-0.037429674856308215
exp1a_157,1,0,5,1.0,-0.25927842447266464
exp1a_157,0,1,6,1.0,0.2178428302469978
exp1a_157,0,0,4,0.0,0.2178428302469978
exp1a_157,0,0,6,1.0,0.843383917424483
exp1a_157,1,1,5,0.0,-0.25927842447266464
exp1a_157,0,1,5,1.0,-0.037429674856308215
exp1a_157,1,1,4,0.0,-0.037429674856308215
exp1a_157,0,1,4,1.0,-0.7363996791923271
exp1a_157,0,0,6,-1.0,0.843383917424483
exp1a_157,0,1,6,-1.0,-0.037429674856308215
exp1a_157,0,1,4,-1.0,-0.25927842447266464
exp1a_157,1,1,4,-1.0,0.2178428302469978
exp1a_157,0,0,4,1.0,-0.25927842447266464
exp1a_157,1,1,6,0.0,0.843383917424483
exp1a_157,1,1,6,-1.0,0.843383917424483
exp1a_157,1,1,6,0.0,-0.7363996791923271
exp1a_157,0,0,4,-1.0,-0.037429674856308215
exp1a_157,0,1,4,0.0,0.2178428302469978
exp1a_157,1,0,4,0.0,0.2178428302469978
exp1a_157,0,1,5,0.0,-0.25927842447266464
exp1a_157,0,1,6,0.0,-0.7363996791923271
exp1a_157,1,1,5,-1.0,-0.037429674856308215
exp1a_157,0,0,4,-1.0,-0.7363996791923271
exp1a_157,0,1,5,1.0,0.2178428302469978
exp1a_157,1,0,5,-1.0,0.843383917424483
exp1a_157,1,1,5,-1.0,-0.7363996791923271
exp1a_157,0,0,6,1.0,0.843383917424483
exp1a_157,1,1,6,0.0,-0.037429674856308215
exp1a_157,1,1,4,-1.0,-0.25927842447266464
exp1a_157,0,0,4,-1.0,0.2178428302469978
exp1a_157,1,0,4,1.0,0.2178428302469978
exp1a_157,0,1,4,1.0,-0.037429674856308215
exp1a_157,1,0,4,1.0,-0.25927842447266464
exp1a_157,1,1,6,-1.0,0.2178428302469978
exp1a_157,1,1,4,1.0,-0.7363996791923271
exp1a_157,0,1,4,1.0,-0.7363996791923271
exp1a_157,0,1,5,0.0,-0.037429674856308215
exp1a_157,0,1,4,-1.0,-0.25927842447266464
exp1a_157,1,1,5,1.0,0.843383917424483
exp1a_157,1,0,4,1.0,-0.037429674856308215
exp1a_157,1,1,5,0.0,-0.25927842447266464
exp1a_157,0,1,5,1.0,-0.25927842447266464
exp1a_157,1,1,6,0.0,0.843383917424483
exp1a_157,0,0,4,-1.0,0.843383917424483
exp1a_157,0,0,5,0.0,0.843383917424483
exp1a_157,0,1,6,1.0,-0.25927842447266464
exp1a_157,1,0,4,1.0,-0.25927842447266464
exp1a_157,0,1,4,-1.0,-0.7363996791923271
exp1a_157,1,1,4,1.0,-0.037429674856308215
exp1a_157,0,0,4,-1.0,0.843383917424483
exp1a_157,0,1,4,1.0,-0.7363996791923271
exp1a_157,1,0,4,1.0,0.2178428302469978
exp1a_157,0,1,6,0.0,-0.25927842447266464
exp1a_157,0,1,6,0.0,-0.037429674856308215
exp1a_157,0,1,6,1.0,-0.037429674856308215
exp1a_157,0,1,4,-1.0,0.2178428302469978
exp1a_157,0,1,6,1.0,0.2178428302469978
exp1a_157,0,0,6,1.0,0.843383917424483
exp1a_157,1,0,5,0.0,0.2178428302469978
exp1a_157,0,1,4,0.0,0.2178428302469978
exp1a_157,1,0,4,0.0,-0.25927842447266464
exp1a_157,0,1,4,-1.0,-0.037429674856308215
exp1a_157,0,1,4,-1.0,-0.25927842447266464
exp1a_157,1,0,4,-1.0,-0.037429674856308215
exp1a_157,1,0,4,-1.0,0.2178428302469978
exp1a_157,1,1,6,0.0,0.843383917424483
exp1a_157,1,0,4,1.0,-0.7363996791923271
exp1a_157,1,1,5,-1.0,-0.7363996791923271
exp1a_157,1,1,6,1.0,0.843383917424483
exp1a_157,1,0,4,-1.0,-0.25927842447266464
exp1a_157,1,1,6,0.0,-0.037429674856308215
exp1a_157,1,1,6,-1.0,0.843383917424483
exp1a_157,0,0,4,0.0,0.843383917424483
exp1a_157,0,1,6,0.0,-0.7363996791923271
exp1a_157,1,1,6,0.0,-0.7363996791923271
exp1a_157,1,1,6,-1.0,-0.037429674856308215
exp1a_157,1,0,4,0.0,-0.037429674856308215
exp1a_157,0,1,5,1.0,-0.037429674856308215
exp1a_157,1,0,5,-1.0,-0.7363996791923271
exp1a_157,1,1,6,-1.0,0.843383917424483
exp1a_157,0,0,4,-1.0,-0.25927842447266464
exp1a_157,0,1,6,1.0,-0.25927842447266464
exp1a_157,0,1,6,-1.0,0.2178428302469978
exp1a_157,1,0,4,1.0,-0.7363996791923271
exp1a_157,0,1,5,0.0,0.843383917424483
exp1a_157,1,1,4,0.0,0.2178428302469978
exp1a_157,0,0,5,-1.0,0.843383917424483
exp1a_157,1,1,5,-1.0,0.2178428302469978
exp1a_157,1,1,6,1.0,0.843383917424483
exp1a_157,0,1,4,0.0,-0.25927842447266464
exp1a_157,1,0,4,1.0,-0.25927842447266464
exp1a_157,0,1,5,1.0,0.2178428302469978
exp1a_157,1,1,6,0.0,0.843383917424483
exp1a_157,1,1,5,0.0,-0.7363996791923271
exp1a_157,0,1,6,1.0,-0.7363996791923271
exp1a_157,1,1,6,-1.0,-0.25927842447266464
exp1a_157,0,1,4,0.0,-0.037429674856308215
exp1a_157,1,1,4,1.0,-0.037429674856308215
exp1a_157,1,1,4,0.0,-0.25927842447266464
exp1a_157,1,1,5,1.0,0.2178428302469978
exp1a_157,0,0,6,1.0,0.843383917424483
exp1a_157,0,1,4,-1.0,-0.7363996791923271
exp1a_157,0,1,5,-1.0,-0.037429674856308215
exp1a_157,0,1,6,0.0,-0.7363996791923271
exp1a_157,0,1,4,0.0,0.2178428302469978
exp1a_157,1,1,6,1.0,-0.037429674856308215
exp1a_157,1,1,6,1.0,0.843383917424483
exp1a_157,1,1,4,1.0,0.2178428302469978
exp1a_157,0,0,4,-1.0,-0.25927842447266464
exp1a_157,0,0,6,1.0,0.843383917424483
exp1a_157,0,0,4,0.0,0.2178428302469978
exp1a_157,1,1,4,0.0,-0.25927842447266464
exp1a_157,1,1,4,1.0,-0.25927842447266464
exp1a_157,0,1,5,1.0,-0.037429674856308215
exp1a_157,0,1,4,-1.0,-0.7363996791923271
exp1a_157,0,0,4,1.0,-0.7363996791923271
exp1a_157,1,1,4,0.0,-0.037429674856308215
exp1a_157,1,1,5,-1.0,-0.25927842447266464
exp1a_157,0,1,4,1.0,0.2178428302469978
exp1a_157,1,1,5,0.0,0.2178428302469978
exp1a_157,1,1,4,1.0,-0.7363996791923271
exp1a_157,1,1,6,-1.0,0.843383917424483
exp1a_157,0,0,4,0.0,-0.7363996791923271
exp1a_157,0,1,4,-1.0,0.843383917424483
exp1a_157,1,1,5,-1.0,-0.037429674856308215
exp1a_157,1,1,6,0.0,0.843383917424483
exp1a_157,0,1,6,0.0,-0.037429674856308215
exp1a_157,0,1,6,-1.0,-0.037429674856308215
exp1a_157,0,0,4,0.0,0.843383917424483
exp1a_157,1,1,5,-1.0,0.2178428302469978
exp1a_157,0,1,6,-1.0,0.2178428302469978
exp1a_157,1,1,6,-1.0,-0.7363996791923271
exp1a_157,0,1,6,1.0,-0.25927842447266464
exp1a_157,0,1,6,0.0,-0.25927842447266464
exp1a_157,1,1,5,0.0,-0.7363996791923271
exp1a_157,1,0,4,0.0,-0.7363996791923271
exp1a_157,0,1,4,0.0,-0.25927842447266464
exp1a_157,1,1,5,-1.0,0.843383917424483
exp1a_157,1,1,5,1.0,-0.25927842447266464
exp1a_157,1,0,4,1.0,-0.7363996791923271
exp1a_157,1,1,5,1.0,-0.037429674856308215
exp1a_157,0,0,4,-1.0,0.2178428302469978
exp1a_157,1,1,5,0.0,-0.037429674856308215
exp1a_157,0,0,6,1.0,0.843383917424483
exp1a_157,0,1,6,1.0,-0.7363996791923271
exp1a_157,0,1,5,0.0,-0.7363996791923271
exp1a_157,0,0,5,-1.0,0.843383917424483
exp1a_157,0,0,4,1.0,-0.037429674856308215
exp1a_157,0,1,5,0.0,0.2178428302469978
exp1a_157,1,1,6,0.0,0.843383917424483
exp1a_157,0,1,4,-1.0,-0.037429674856308215
exp1a_157,0,0,4,-1.0,-0.7363996791923271
exp1a_157,1,1,6,0.0,-0.25927842447266464
exp1a_157,0,1,6,-1.0,-0.25927842447266464
exp1a_157,0,1,5,0.0,-0.037429674856308215
exp1a_157,1,0,5,-1.0,-0.037429674856308215
exp1a_157,1,1,6,1.0,0.2178428302469978
exp1a_157,1,1,6,1.0,0.843383917424483
exp1a_157,0,0,5,0.0,0.843383917424483
exp1a_157,1,1,6,-1.0,0.2178428302469978
exp1a_157,0,1,6,1.0,-0.25927842447266464
exp1a_157,1,1,6,0.0,0.2178428302469978
exp1a_157,1,0,4,-1.0,-0.25927842447266464
exp1a_157,0,1,5,1.0,0.2178428302469978
exp1a_157,1,1,4,-1.0,-0.7363996791923271
exp1a_157,1,1,6,1.0,0.843383917424483
exp1a_157,0,0,4,-1.0,-0.037429674856308215
exp1a_157,0,1,6,1.0,-0.037429674856308215
exp1a_157,0,0,4,0.0,0.2178428302469978
exp1a_157,0,0,4,1.0,0.843383917424483
exp1a_157,0,1,5,-1.0,-0.25927842447266464
exp1a_157,1,1,5,0.0,-0.7363996791923271
exp1a_157,0,1,5,1.0,0.2178428302469978
exp1a_157,1,0,4,1.0,0.2178428302469978
exp1a_157,0,0,5,-1.0,0.843383917424483
exp1a_157,1,1,5,-1.0,-0.7363996791923271
exp1a_157,1,0,5,1.0,-0.037429674856308215
exp1a_157,1,1,6,-1.0,0.2178428302469978
exp1a_157,1,0,4,1.0,-0.7363996791923271
exp1a_157,0,1,6,1.0,-0.7363996791923271
exp1a_157,0,0,6,0.0,0.843383917424483
exp1a_157,1,1,6,0.0,-0.037429674856308215
exp1a_157,1,1,6,0.0,0.843383917424483
exp1a_157,0,1,5,0.0,-0.7363996791923271
exp1a_157,1,1,6,0.0,0.2178428302469978
exp1a_157,1,1,6,-1.0,-0.25927842447266464
exp1a_157,1,1,6,-1.0,-0.037429674856308215
exp1a_157,1,1,6,-1.0,0.843383917424483
exp1a_157,0,1,6,-1.0,-0.7363996791923271
exp1a_157,1,1,6,1.0,-0.25927842447266464
exp1a_157,0,0,4,-1.0,0.2178428302469978
exp1a_157,0,1,6,0.0,-0.25927842447266464
exp1a_157,0,1,6,1.0,-0.25927842447266464
exp1a_157,1,1,6,0.0,-0.25927842447266464
exp1a_157,0,1,6,0.0,-0.037429674856308215
exp1a_157,0,0,5,0.0,0.843383917424483
exp1a_157,1,1,4,0.0,-0.7363996791923271
exp1a_157,1,1,5,0.0,-0.037429674856308215
exp1a_157,1,0,4,1.0,0.2178428302469978
exp1a_157,0,1,4,0.0,0.2178428302469978
exp1a_157,0,1,5,-1.0,-0.25927842447266464
exp1a_157,1,1,5,1.0,-0.25927842447266464
exp1a_157,0,1,5,0.0,-0.037429674856308215
exp1a_157,0,1,6,0.0,-0.25927842447266464
exp1a_157,0,0,4,0.0,-0.7363996791923271
exp1a_157,1,1,6,1.0,-0.037429674856308215
exp1a_157,1,0,4,-1.0,0.2178428302469978
exp1a_157,0,1,6,1.0,-0.7363996791923271
exp1a_157,0,0,4,1.0,0.843383917424483
exp1a_157,0,0,4,1.0,0.2178428302469978
exp1a_157,1,0,4,1.0,0.843383917424483
exp1a_157,0,1,5,1.0,-0.25927842447266464
exp1a_157,1,1,4,0.0,-0.25927842447266464
exp1a_157,1,0,4,0.0,0.2178428302469978
exp1a_157,1,1,6,-1.0,0.843383917424483
exp1a_157,1,1,6,-1.0,-0.7363996791923271
exp1a_157,1,1,6,1.0,-0.7363996791923271
exp1a_157,0,1,6,1.0,-0.037429674856308215
exp1a_157,0,1,5,-1.0,-0.037429674856308215
exp1a_157,0,1,6,-1.0,-0.7363996791923271
exp1a_157,1,1,6,-1.0,-0.25927842447266464
exp1a_157,0,1,6,-1.0,0.2178428302469978
exp1a_157,1,1,6,0.0,0.843383917424483
exp1a_157,0,0,4,-1.0,0.843383917424483
exp1a_157,1,1,6,-1.0,-0.037429674856308215
exp1a_158,1,1,6,-1.0,0.843383917424483
exp1a_158,0,0,6,0.0,0.843383917424483
exp1a_158,1,1,6,-1.0,0.2178428302469978
exp1a_158,0,0,6,-1.0,0.2178428302469978
exp1a_158,1,1,5,0.0,-0.037429674856308215
exp1a_158,0,0,4,0.0,0.2178428302469978
exp1a_158,1,1,4,-1.0,-0.7363996791923271
exp1a_158,1,1,5,0.0,0.2178428302469978
exp1a_158,1,1,4,0.0,-0.25927842447266464
exp1a_158,0,0,4,0.0,-0.037429674856308215
exp1a_158,0,1,4,0.0,-0.25927842447266464
exp1a_158,0,1,4,1.0,-0.25927842447266464
exp1a_158,1,1,5,1.0,0.2178428302469978
exp1a_158,0,0,6,1.0,0.843383917424483
exp1a_158,0,0,4,0.0,-0.7363996791923271
exp1a_158,0,0,5,1.0,0.2178428302469978
exp1a_158,1,1,4,-1.0,-0.037429674856308215
exp1a_158,1,1,4,1.0,-0.7363996791923271
exp1a_158,0,1,4,1.0,-0.037429674856308215
exp1a_158,1,1,4,-1.0,-0.25927842447266464
exp1a_158,0,1,4,1.0,-0.7363996791923271
exp1a_158,0,0,4,-1.0,0.843383917424483
exp1a_158,0,1,4,-1.0,-0.25927842447266464
exp1a_158,1,1,3,0.0,-0.7363996791923271
exp1a_158,1,1,4,1.0,-0.25927842447266464
exp1a_158,0,0,4,-1.0,-0.037429674856308215
exp1a_158,1,1,4,0.0,0.843383917424483
exp1a_158,1,1,5,1.0,-0.037429674856308215
exp1a_158,1,1,5,1.0,0.843383917424483
exp1a_158,0,0,3,-1.0,-0.7363996791923271
exp1a_158,0,0,5,0.0,0.843383917424483
exp1a_158,0,0,4,-1.0,-0.037429674856308215
exp1a_158,1,1,4,1.0,0.843383917424483
exp1a_158,0,0,3,0.0,-0.25927842447266464
exp1a_158,1,1,4,1.0,0.2178428302469978
exp1a_158,1,1,4,-1.0,-0.7363996791923271
exp1a_158,1,1,4,1.0,-0.25927842447266464
exp1a_158,1,1,4,-1.0,-0.037429674856308215
exp1a_158,0,0,4,-1.0,-0.25927842447266464
exp1a_158,1,1,5,1.0,-0.037429674856308215
exp1a_158,1,1,4,0.0,-0.037429674856308215
exp1a_158,1,1,5,1.0,-0.7363996791923271
exp1a_158,0,0,4,-1.0,0.843383917424483
exp1a_158,0,0,4,1.0,0.2178428302469978
exp1a_158,1,0,3,-1.0,0.2178428302469978
exp1a_158,0,0,4,0.0,-0.037429674856308215
exp1a_158,0,0,4,-1.0,0.2178428302469978
exp1a_158,1,1,3,0.0,-0.7363996791923271
exp1a_158,0,0,3,-1.0,-0.7363996791923271
exp1a_158,0,0,3,0.0,0.2178428302469978
exp1a_158,0,0,4,1.0,-0.7363996791923271
exp1a_158,1,1,4,0.0,0.843383917424483
exp1a_158,1,1,4,-1.0,-0.25927842447266464
exp1a_158,0,0,3,1.0,-0.25927842447266464
exp1a_158,0,0,5,1.0,-0.037429674856308215
exp1a_158,0,1,5,0.0,-0.7363996791923271
exp1a_158,0,0,6,1.0,0.843383917424483
exp1a_158,1,1,5,-1.0,0.843383917424483
exp1a_158,1,1,5,0.0,0.2178428302469978
exp1a_158,1,1,5,0.0,-0.25927842447266464
exp1a_158,0,0,4,1.0,-0.25927842447266464
exp1a_158,1,1,4,-1.0,-0.25927842447266464
exp1a_158,1,1,4,-1.0,-0.037429674856308215
exp1a_158,0,0,4,0.0,0.843383917424483
exp1a_158,1,1,4,0.0,-0.037429674856308215
exp1a_158,1,1,4,1.0,-0.037429674856308215
exp1a_158,1,1,4,-1.0,0.843383917424483
exp1a_158,0,0,4,-1.0,0.843383917424483
exp1a_158,1,1,4,-1.0,0.2178428302469978
exp1a_158,0,0,5,-1.0,0.2178428302469978
exp1a_158,0,0,5,1.0,0.843383917424483
exp1a_158,0,0,4,-1.0,-0.037429674856308215
exp1a_158,1,0,4,0.0,-0.25927842447266464
exp1a_158,0,0,4,-1.0,-0.7363996791923271
exp1a_158,0,0,4,1.0,-0.037429674856308215
exp1a_158,0,1,4,0.0,-0.25927842447266464
exp1a_158,0,0,4,1.0,-0.7363996791923271
exp1a_158,0,0,4,1.0,0.2178428302469978
exp1a_158,1,1,4,0.0,0.843383917424483
exp1a_158,0,0,4,-1.0,-0.25927842447266464
exp1a_158,1,1,4,1.0,0.843383917424483
exp1a_158,1,1,4,0.0,0.2178428302469978
exp1a_158,1,1,4,1.0,-0.25927842447266464
exp1a_158,1,1,4,1.0,-0.7363996791923271
exp1a_158,0,0,4,0.0,-0.037429674856308215
exp1a_158,0,0,4,0.0,0.2178428302469978
exp1a_158,0,1,4,0.0,-0.7363996791923271
exp1a_158,1,1,4,-1.0,-0.7363996791923271
exp1a_158,1,1,4,1.0,0.2178428302469978
exp1a_158,0,0,4,1.0,0.2178428302469978
exp1a_158,1,1,4,-1.0,0.2178428302469978
exp1a_158,1,1,4,-1.0,-0.25927842447266464
exp1a_158,1,1,4,-1.0,-0.7363996791923271
exp1a_158,0,0,4,1.0,-0.25927842447266464
exp1a_158,0,0,4,-1.0,-0.25927842447266464
exp1a_158,0,0,3,1.0,-0.7363996791923271
exp1a_158,0,0,4,-1.0,-0.7363996791923271
exp1a_158,0,0,4,0.0,0.843383917424483
exp1a_158,1,0,4,1.0,-0.25927842447266464
exp1a_158,0,0,4,1.0,0.843383917424483
exp1a_158,1,1,4,1.0,0.2178428302469978
exp1a_158,0,0,4,0.0,-0.25927842447266464
exp1a_158,1,1,4,1.0,0.843383917424483
exp1a_158,1,1,5,0.0,0.2178428302469978
exp1a_158,1,1,4,1.0,-0.7363996791923271
exp1a_158,1,1,4,1.0,-0.037429674856308215
exp1a_158,1,1,4,0.0,0.843383917424483
exp1a_158,0,0,4,-1.0,-0.037429674856308215
exp1a_158,0,0,4,0.0,0.2178428302469978
exp1a_158,1,1,4,0.0,-0.7363996791923271
exp1a_158,1,1,4,0.0,-0.25927842447266464
exp1a_158,0,1,4,0.0,-0.7363996791923271
exp1a_158,0,0,4,-1.0,0.843383917424483
exp1a_158,1,1,4,0.0,-0.037429674856308215
exp1a_158,1,1,4,-1.0,-0.037429674856308215
exp1a_158,0,0,4,0.0,-0.037429674856308215
exp1a_158,0,0,4,1.0,-0.037429674856308215
exp1a_158,0,0,4,-1.0,0.2178428302469978
exp1a_158,1,1,4,0.0,0.843383917424483
exp1a_158,0,0,5,1.0,0.843383917424483
exp1a_158,1,1,5,0.0,-0.037429674856308215
exp1a_158,0,1,4,-1.0,-0.7363996791923271
exp1a_158,0,0,4,0.0,-0.25927842447266464
exp1a_158,0,1,4,0.0,-0.7363996791923271
exp1a_158,1,1,4,-1.0,-0.25927842447266464
exp1a_158,0,0,4,0.0,-0.037429674856308215
exp1a_158,0,1,4,-1.0,-0.25927842447266464
exp1a_158,0,1,4,1.0,-0.037429674856308215
exp1a_158,1,1,4,1.0,-0.25927842447266464
exp1a_158,0,0,4,-1.0,0.2178428302469978
exp1a_158,0,0,4,0.0,0.2178428302469978
exp1a_158,1,1,4,1.0,0.843383917424483
exp1a_158,1,1,4,1.0,-0.037429674856308215
exp1a_158,0,0,4,-1.0,0.843383917424483
exp1a_158,1,1,4,0.0,-0.25927842447266464
exp1a_158,1,1,4,-1.0,-0.7363996791923271
exp1a_158,0,1,4,1.0,-0.25927842447266464
exp1a_158,1,1,4,-1.0,0.843383917424483
exp1a_158,0,0,4,0.0,0.843383917424483
exp1a_158,0,1,4,1.0,-0.7363996791923271
exp1a_158,1,1,4,1.0,-0.7363996791923271
exp1a_158,1,1,4,1.0,0.2178428302469978
exp1a_158,1,1,4,0.0,0.2178428302469978
exp1a_158,1,1,5,-1.0,0.2178428302469978
exp1a_158,0,0,4,-1.0,-0.037429674856308215
exp1a_158,0,0,4,1.0,0.2178428302469978
exp1a_158,1,1,4,-1.0,-0.037429674856308215
exp1a_158,1,1,4,0.0,-0.7363996791923271
exp1a_158,1,1,4,-1.0,-0.037429674856308215
exp1a_158,0,0,4,0.0,-0.25927842447266464
exp1a_158,0,0,4,-1.0,-0.7363996791923271
exp1a_158,0,0,4,0.0,0.843383917424483
exp1a_158,0,1,3,0.0,-0.037429674856308215
exp1a_158,1,1,4,-1.0,-0.25927842447266464
exp1a_158,0,0,5,0.0,0.2178428302469978
exp1a_158,1,1,5,-1.0,0.2178428302469978
exp1a_158,1,1,5,0.0,-0.25927842447266464
exp1a_158,1,1,4,1.0,-0.25927842447266464
exp1a_158,1,1,4,0.0,0.2178428302469978
exp1a_158,0,0,5,-1.0,0.843383917424483
exp1a_158,0,0,5,1.0,-0.25927842447266464
exp1a_158,1,1,5,1.0,0.2178428302469978
exp1a_158,0,0,5,1.0,0.2178428302469978
exp1a_158,1,1,5,0.0,0.843383917424483
exp1a_158,1,1,5,1.0,0.843383917424483
exp1a_158,1,1,5,1.0,-0.037429674856308215
exp1a_158,1,1,4,-1.0,0.843383917424483
exp1a_158,1,1,4,-1.0,-0.7363996791923271
exp1a_158,0,0,4,1.0,0.843383917424483
exp1a_158,0,0,4,-1.0,-0.25927842447266464
exp1a_158,1,1,4,0.0,-0.7363996791923271
exp1a_158,1,1,5,1.0,-0.7363996791923271
exp1a_158,0,1,5,1.0,-0.7363996791923271
exp1a_158,0,0,4,-1.0,-0.037429674856308215
exp1a_158,1,1,4,0.0,-0.037429674856308215
exp1a_158,0,0,4,-1.0,0.2178428302469978
exp1a_158,0,1,4,0.0,-0.7363996791923271
exp1a_158,1,1,5,1.0,-0.7363996791923271
exp1a_158,0,0,6,1.0,-0.25927842447266464
exp1a_158,0,1,4,1.0,-0.7363996791923271
exp1a_158,0,0,4,0.0,-0.037429674856308215
exp1a_158,0,0,4,1.0,-0.037429674856308215
exp1a_158,1,1,4,1.0,0.843383917424483
exp1a_158,1,1,4,0.0,-0.7363996791923271
exp1a_158,1,1,4,-1.0,-0.037429674856308215
exp1a_158,0,0,4,-1.0,0.843383917424483
exp1a_158,1,1,4,-1.0,0.843383917424483
exp1a_158,1,1,4,-1.0,-0.7363996791923271
exp1a_158,0,0,4,0.0,-0.25927842447266464
exp1a_158,1,1,5,0.0,0.2178428302469978
exp1a_158,1,1,4,0.0,0.843383917424483
exp1a_158,1,1,5,-1.0,0.2178428302469978
exp1a_158,0,1,4,-1.0,-0.037429674856308215
exp1a_158,1,1,5,1.0,-0.25927842447266464
exp1a_158,0,1,5,-1.0,-0.7363996791923271
exp1a_158,1,1,5,0.0,-0.037429674856308215
exp1a_158,0,0,4,-1.0,0.2178428302469978
exp1a_158,1,1,4,-1.0,-0.25927842447266464
exp1a_158,0,1,4,-1.0,-0.25927842447266464
exp1a_158,0,0,4,1.0,0.843383917424483
exp1a_158,0,0,4,0.0,0.2178428302469978
exp1a_158,0,0,5,0.0,0.843383917424483
exp1a_158,1,1,4,0.0,-0.25927842447266464
exp1a_158,0,1,4,0.0,-0.7363996791923271
exp1a_158,1,1,4,1.0,0.2178428302469978
exp1a_158,0,0,5,1.0,0.2178428302469978
exp1a_158,1,1,4,1.0,-0.037429674856308215
exp1a_158,0,0,4,0.0,-0.7363996791923271
exp1a_158,1,1,4,1.0,-0.037429674856308215
exp1a_158,0,0,4,0.0,-0.25927842447266464
exp1a_158,1,1,4,1.0,-0.25927842447266464
exp1a_158,1,1,4,0.0,-0.037429674856308215
exp1a_158,0,0,4,-1.0,0.2178428302469978
exp1a_158,0,1,4,1.0,-0.25927842447266464
exp1a_158,1,1,4,0.0,-0.7363996791923271
exp1a_158,1,1,4,0.0,0.843383917424483
exp1a_158,0,1,4,-1.0,-0.7363996791923271
exp1a_158,0,0,5,1.0,0.2178428302469978
exp1a_158,0,1,5,-1.0,-0.25927842447266464
exp1a_158,0,0,5,1.0,-0.037429674856308215
exp1a_158,1,1,5,0.0,0.2178428302469978
exp1a_158,0,0,5,-1.0,0.843383917424483
exp1a_158,1,1,5,-1.0,0.2178428302469978
exp1a_158,1,1,5,1.0,0.843383917424483
exp1a_158,1,1,5,-1.0,0.843383917424483
exp1a_158,1,1,5,-1.0,-0.7363996791923271
exp1a_158,0,1,5,-1.0,-0.037429674856308215
exp1a_158,0,0,4,1.0,-0.7363996791923271
exp1a_158,1,1,4,-1.0,-0.037429674856308215
exp1a_158,0,0,4,0.0,0.843383917424483
exp1a_158,1,1,4,0.0,-0.25927842447266464
exp1a_158,1,1,5,1.0,-0.7363996791923271
exp1a_158,0,0,5,0.0,0.2178428302469978
exp1a_159,1,0,4,-1.0,0.2178428302469978
exp1a_159,1,1,6,0.0,-0.25927842447266464
exp1a_159,1,0,5,-1.0,-0.037429674856308215
exp1a_159,1,1,5,1.0,0.2178428302469978
exp1a_159,0,0,5,-1.0,0.2178428302469978
exp1a_159,0,0,5,0.0,0.843383917424483
exp1a_159,0,0,5,1.0,0.2178428302469978
exp1a_159,1,1,5,1.0,0.843383917424483
exp1a_159,0,0,5,0.0,-0.25927842447266464
exp1a_159,1,0,5,0.0,-0.037429674856308215
exp1a_159,1,0,5,1.0,-0.7363996791923271
exp1a_159,1,1,5,-1.0,-0.7363996791923271
exp1a_159,1,0,5,1.0,-0.037429674856308215
exp1a_159,0,0,5,0.0,-0.037429674856308215
exp1a_159,1,1,6,0.0,0.2178428302469978
exp1a_159,0,0,5,1.0,-0.7363996791923271
exp1a_159,0,0,5,0.0,0.2178428302469978
exp1a_159,0,0,5,1.0,0.843383917424483
exp1a_159,0,0,4,-1.0,-0.25927842447266464
exp1a_159,1,0,5,0.0,-0.7363996791923271
exp1a_159,0,0,4,-1.0,0.843383917424483
exp1a_159,0,0,5,1.0,-0.25927842447266464
exp1a_159,0,0,5,-1.0,-0.7363996791923271
exp1a_159,0,0,5,1.0,-0.037429674856308215
exp1a_159,1,1,5,-1.0,-0.25927842447266464
exp1a_159,1,1,5,0.0,0.843383917424483
exp1a_159,1,0,5,1.0,-0.25927842447266464
exp1a_159,0,0,4,-1.0,-0.037429674856308215
exp1a_159,1,1,5,-1.0,0.843383917424483
exp1a_159,0,0,5,0.0,-0.7363996791923271
exp1a_159,1,0,5,-1.0,0.2178428302469978
exp1a_159,1,0,4,1.0,-0.7363996791923271
exp1a_159,1,1,4,-1.0,0.843383917424483
exp1a_159,1,1,5,0.0,-0.25927842447266464
exp1a_159,0,0,4,-1.0,0.843383917424483
exp1a_159,1,1,4,1.0,-0.037429674856308215
exp1a_159,0,1,4,-1.0,-0.7363996791923271
exp1a_159,0,0,5,0.0,-0.7363996791923271
exp1a_159,0,0,5,-1.0,-0.25927842447266464
exp1a_159,1,1,5,1.0,0.843383917424483
exp1a_159,1,0,5,0.0,0.2178428302469978
exp1a_159,0,0,5,0.0,0.2178428302469978
exp1a_159,1,1,5,1.0,0.2178428302469978
exp1a_159,0,0,5,0.0,-0.037429674856308215
exp1a_159,0,1,5,1.0,-0.7363996791923271
exp1a_159,1,1,5,0.0,0.843383917424483
exp1a_159,1,1,4,-1.0,-0.25927842447266464
exp1a_159,0,0,5,1.0,-0.25927842447266464
exp1a_159,1,0,5,-1.0,-0.7363996791923271
exp1a_159,0,0,5,0.0,0.843383917424483
exp1a_159,1,0,4,0.0,-0.7363996791923271
exp1a_159,0,0,5,1.0,0.2178428302469978
exp1a_159,0,0,5,-1.0,-0.037429674856308215
exp1a_159,0,0,5,-1.0,0.2178428302469978
exp1a_159,1,1,5,0.0,-0.037429674856308215
exp1a_159,1,0,5,-1.0,-0.037429674856308215
exp1a_159,0,0,4,0.0,-0.25927842447266464
exp1a_159,0,1,5,1.0,-0.037429674856308215
exp1a_159,0,0,5,1.0,0.843383917424483
exp1a_159,1,0,4,1.0,-0.25927842447266464
exp1a_159,1,0,4,-1.0,-0.037429674856308215
exp1a_159,0,0,4,1.0,-0.7363996791923271
exp1a_159,1,0,4,1.0,-0.037429674856308215
exp1a_159,1,1,4,1.0,-0.25927842447266464
exp1a_159,1,1,5,1.0,0.843383917424483
exp1a_159,0,0,4,-1.0,0.2178428302469978
exp1a_159,0,0,4,1.0,0.2178428302469978
exp1a_159,0,1,5,0.0,-0.25927842447266464
exp1a_159,1,1,5,0.0,-0.037429674856308215
exp1a_159,0,0,5,1.0,-0.25927842447266464
exp1a_159,0,0,5,0.0,-0.037429674856308215
exp1a_159,0,0,5,-1.0,-0.037429674856308215
exp1a_159,1,1,5,-1.0,0.2178428302469978
exp1a_159,1,1,5,-1.0,-0.7363996791923271
exp1a_159,0,0,6,1.0,0.843383917424483
exp1a_159,1,0,5,1.0,-0.7363996791923271
exp1a_159,1,1,5,-1.0,0.843383917424483
exp1a_159,0,0,5,1.0,-0.037429674856308215
exp1a_159,0,0,6,0.0,0.2178428302469978
exp1a_159,1,1,4,1.0,0.2178428302469978
exp1a_159,0,0,5,0.0,0.843383917424483
exp1a_159,1,0,5,0.0,-0.25927842447266464
exp1a_159,1,0,5,-1.0,-0.25927842447266464
exp1a_159,0,0,5,-1.0,-0.25927842447266464
exp1a_159,0,0,5,0.0,-0.7363996791923271
exp1a_159,1,1,5,0.0,0.843383917424483
exp1a_159,0,1,5,-1.0,-0.7363996791923271
exp1a_159,1,1,5,0.0,0.2178428302469978
exp1a_159,0,0,5,-1.0,0.843383917424483
exp1a_159,1,0,5,0.0,-0.7363996791923271
exp1a_159,0,0,5,0.0,0.843383917424483
exp1a_159,1,0,5,-1.0,0.2178428302469978
exp1a_159,0,0,5,-1.0,-0.7363996791923271
exp1a_159,1,1,5,1.0,0.843383917424483
exp1a_159,0,0,5,-1.0,0.2178428302469978
exp1a_159,0,0,4,1.0,0.2178428302469978
exp1a_159,1,1,4,0.0,0.2178428302469978
exp1a_159,1,0,4,1.0,-0.7363996791923271
exp1a_159,0,0,5,1.0,-0.037429674856308215
exp1a_159,1,1,5,-1.0,-0.25927842447266464
exp1a_159,1,0,5,-1.0,-0.037429674856308215
exp1a_159,0,0,4,1.0,-0.25927842447266464
exp1a_159,1,1,5,-1.0,0.843383917424483
exp1a_159,0,0,5,-1.0,-0.037429674856308215
exp1a_159,1,1,4,0.0,-0.7363996791923271
exp1a_159,0,0,6,-1.0,0.843383917424483
exp1a_159,1,0,5,1.0,-0.037429674856308215
exp1a_159,1,1,5,1.0,0.2178428302469978
exp1a_159,1,0,5,1.0,-0.25927842447266464
exp1a_159,0,0,5,0.0,-0.7363996791923271
exp1a_159,1,0,4,-1.0,-0.7363996791923271
exp1a_159,1,1,6,0.0,0.843383917424483
exp1a_159,1,0,6,0.0,-0.25927842447266464
exp1a_159,0,0,6,1.0,-0.7363996791923271
exp1a_159,0,0,4,-1.0,-0.25927842447266464
exp1a_159,0,0,4,1.0,0.843383917424483
exp1a_159,0,0,4,0.0,-0.25927842447266464
exp1a_159,0,1,4,0.0,0.2178428302469978
exp1a_159,0,1,4,0.0,-0.037429674856308215
exp1a_159,1,0,5,0.0,-0.037429674856308215
exp1a_159,0,0,5,0.0,-0.7363996791923271
exp1a_159,1,1,4,-1.0,-0.25927842447266464
exp1a_159,0,0,6,-1.0,-0.037429674856308215
exp1a_159,1,0,5,0.0,-0.25927842447266464
exp1a_159,0,1,5,0.0,-0.037429674856308215
exp1a_159,1,0,4,0.0,0.2178428302469978
exp1a_159,0,0,4,1.0,0.843383917424483
exp1a_159,0,0,5,-1.0,-0.25927842447266464
exp1a_159,0,0,4,1.0,-0.7363996791923271
exp1a_159,0,0,5,0.0,0.843383917424483
exp1a_159,1,0,5,0.0,-0.037429674856308215
exp1a_159,1,1,5,1.0,0.2178428302469978
exp1a_159,1,1,5,1.0,-0.25927842447266464
exp1a_159,0,0,4,0.0,0.2178428302469978
exp1a_159,1,1,4,-1.0,-0.037429674856308215
exp1a_159,0,0,4,-1.0,0.843383917424483
exp1a_159,0,0,5,1.0,-0.037429674856308215
exp1a_159,0,0,5,1.0,0.2178428302469978
exp1a_159,1,1,5,0.0,0.843383917424483
exp1a_159,1,0,4,0.0,-0.7363996791923271
exp1a_159,1,1,5,-1.0,0.2178428302469978
exp1a_159,0,1,4,-1.0,0.2178428302469978
exp1a_159,1,0,4,1.0,-0.7363996791923271
exp1a_159,0,1,4,0.0,-0.25927842447266464
exp1a_159,0,0,5,-1.0,-0.7363996791923271
exp1a_159,1,0,5,1.0,-0.037429674856308215
exp1a_159,1,1,5,1.0,0.843383917424483
exp1a_159,1,1,5,-1.0,-0.7363996791923271
exp1a_159,0,1,4,1.0,-0.25927842447266464
exp1a_159,1,0,4,0.0,-0.25927842447266464
exp1a_159,0,0,4,-1.0,-0.7363996791923271
exp1a_159,0,0,4,-1.0,-0.037429674856308215
exp1a_159,1,0,4,-1.0,-0.25927842447266464
exp1a_159,0,0,5,1.0,-0.037429674856308215
exp1a_159,1,0,5,-1.0,-0.7363996791923271
exp1a_159,1,1,4,-1.0,0.843383917424483
exp1a_159,0,1,4,1.0,-0.25927842447266464
exp1a_159,1,0,4,0.0,-0.7363996791923271
exp1a_159,0,0,4,1.0,0.843383917424483
exp1a_159,1,0,4,1.0,-0.25927842447266464
exp1a_159,0,0,4,1.0,-0.7363996791923271
exp1a_159,0,1,4,0.0,-0.037429674856308215
exp1a_159,1,0,4,0.0,0.2178428302469978
exp1a_159,1,1,4,1.0,0.2178428302469978
exp1a_159,1,0,4,-1.0,-0.037429674856308215
exp1a_159,0,0,4,-1.0,0.843383917424483
exp1a_159,0,0,4,-1.0,0.2178428302469978
exp1a_159,0,0,4,0.0,-0.25927842447266464
exp1a_159,1,1,4,1.0,-0.037429674856308215
exp1a_159,0,0,4,0.0,0.843383917424483
exp1a_159,1,0,5,0.0,-0.037429674856308215
exp1a_159,0,0,5,0.0,-0.7363996791923271
exp1a_159,1,0,5,-1.0,0.2178428302469978
exp1a_159,1,1,5,1.0,0.843383917424483
exp1a_159,0,0,5,1.0,0.2178428302469978
exp1a_159,0,1,4,0.0,0.2178428302469978
exp1a_159,0,0,4,-1.0,-0.25927842447266464
exp1a_159,1,1,5,0.0,0.843383917424483
exp1a_159,1,0,6,1.0,-0.7363996791923271
exp1a_159,1,1,4,-1.0,0.843383917424483
exp1a_159,1,0,4,-1.0,-0.25927842447266464
exp1a_159,0,1,4,1.0,-0.037429674856308215
exp1a_159,0,0,4,-1.0,0.2178428302469978
exp1a_159,0,0,4,1.0,0.843383917424483
exp1a_159,0,0,4,1.0,-0.7363996791923271
exp1a_159,0,0,5,1.0,0.2178428302469978
exp1a_159,0,0,5,-1.0,0.843383917424483
exp1a_159,0,0,5,0.0,-0.7363996791923271
exp1a_159,0,0,4,1.0,-0.25927842447266464
exp1a_159,1,0,5,-1.0,0.2178428302469978
exp1a_159,0,0,4,0.0,0.2178428302469978
exp1a_159,1,1,4,-1.0,-0.037429674856308215
exp1a_159,1,0,4,1.0,-0.037429674856308215
exp1a_159,1,0,4,1.0,-0.25927842447266464
exp1a_159,0,0,5,0.0,-0.25927842447266464
exp1a_159,1,1,5,0.0,0.843383917424483
exp1a_159,1,1,5,1.0,0.843383917424483
exp1a_159,1,1,5,-1.0,-0.7363996791923271
exp1a_159,1,1,5,1.0,-0.7363996791923271
exp1a_159,1,1,5,1.0,0.2178428302469978
exp1a_159,1,0,5,0.0,-0.037429674856308215
exp1a_159,0,1,5,-1.0,-0.7363996791923271
exp1a_159,0,0,5,-1.0,-0.25927842447266464
exp1a_159,1,0,5,0.0,-0.25927842447266464
exp1a_159,1,1,5,0.0,0.2178428302469978
exp1a_159,0,1,5,-1.0,-0.037429674856308215
exp1a_159,0,0,5,0.0,-0.037429674856308215
exp1a_159,0,0,4,0.0,0.843383917424483
exp1a_159,1,0,4,1.0,-0.7363996791923271
exp1a_159,1,0,5,-1.0,-0.7363996791923271
exp1a_159,1,0,5,0.0,0.2178428302469978
exp1a_159,0,0,4,1.0,-0.7363996791923271
exp1a_159,0,0,4,-1.0,-0.7363996791923271
exp1a_159,0,0,5,0.0,-0.037429674856308215
exp1a_159,0,1,5,-1.0,-0.037429674856308215
exp1a_159,0,0,5,1.0,-0.037429674856308215
exp1a_159,0,0,5,0.0,-0.25927842447266464
exp1a_159,0,0,5,1.0,0.843383917424483
exp1a_159,1,0,5,1.0,-0.25927842447266464
exp1a_159,0,0,4,1.0,-0.25927842447266464
exp1a_159,0,0,5,0.0,0.843383917424483
exp1a_159,0,0,4,0.0,-0.7363996791923271
exp1a_159,1,0,4,1.0,0.2178428302469978
exp1a_159,0,0,5,-1.0,0.843383917424483
exp1a_159,1,0,5,0.0,-0.7363996791923271
exp1a_159,1,0,4,-1.0,-0.037429674856308215
exp1a_159,1,0,5,-1.0,-0.25927842447266464
exp1a_159,1,0,4,0.0,-0.037429674856308215
exp1a_159,1,1,5,0.0,0.843383917424483
exp1a_159,0,0,4,1.0,0.2178428302469978
exp1a_159,1,1,5,1.0,0.843383917424483
exp1a_159,0,0,5,0.0,0.2178428302469978
exp1a_159,1,1,5,-1.0,0.843383917424483
exp1a_159,1,1,5,-1.0,0.2178428302469978
exp1a_159,1,1,5,0.0,-0.25927842447266464
exp1a_159,0,0,5,-1.0,0.2178428302469978
exp1a_159,1,1,4,1.0,-0.037429674856308215
exp1a_159,0,1,4,-1.0,-0.25927842447266464
exp1a_160,0,0,6,0.0,0.2178428302469978
exp1a_160,0,1,4,-1.0,-0.7363996791923271
exp1a_160,0,0,6,1.0,0.843383917424483
exp1a_160,1,1,5,0.0,-0.25927842447266464
exp1a_160,0,1,4,-1.0,-0.25927842447266464
exp1a_160,0,0,4,1.0,-0.037429674856308215
exp1a_160,1,1,6,0.0,0.843383917424483
exp1a_160,1,1,6,0.0,-0.7363996791923271
exp1a_160,0,0,5,-1.0,0.2178428302469978
exp1a_160,1,1,5,0.0,-0.037429674856308215
exp1a_160,0,1,6,0.0,-0.25927842447266464
exp1a_160,0,0,5,0.0,-0.7363996791923271
exp1a_160,0,0,6,0.0,0.843383917424483
exp1a_160,0,1,6,0.0,-0.037429674856308215
exp1a_160,0,0,4,-1.0,-0.037429674856308215
exp1a_160,1,1,6,1.0,0.2178428302469978
exp1a_160,1,1,6,-1.0,0.843383917424483
exp1a_160,0,0,6,-1.0,0.843383917424483
exp1a_160,1,1,5,-1.0,0.2178428302469978
exp1a_160,1,1,5,1.0,-0.7363996791923271
exp1a_160,1,1,5,1.0,-0.25927842447266464
exp1a_160,1,1,5,1.0,-0.037429674856308215
exp1a_160,1,1,6,1.0,0.843383917424483
exp1a_160,0,1,6,1.0,-0.7363996791923271
exp1a_160,1,0,4,0.0,0.2178428302469978
exp1a_160,1,1,6,-1.0,-0.7363996791923271
exp1a_160,1,1,5,-1.0,-0.037429674856308215
exp1a_160,0,1,5,1.0,-0.25927842447266464
exp1a_160,0,0,6,1.0,0.2178428302469978
exp1a_160,1,1,5,-1.0,-0.25927842447266464
exp1a_160,1,0,4,0.0,-0.25927842447266464
exp1a_160,1,1,5,-1.0,0.2178428302469978
exp1a_160,0,0,5,-1.0,-0.037429674856308215
exp1a_160,1,0,5,-1.0,-0.25927842447266464
exp1a_160,0,0,5,-1.0,0.843383917424483
exp1a_160,1,1,6,1.0,0.2178428302469978
exp1a_160,1,0,5,1.0,-0.7363996791923271
exp1a_160,0,1,6,1.0,-0.7363996791923271
exp1a_160,1,1,5,0.0,-0.7363996791923271
exp1a_160,0,0,4,1.0,0.2178428302469978
exp1a_160,0,0,4,0.0,0.843383917424483
exp1a_160,1,1,6,1.0,-0.25927842447266464
exp1a_160,0,1,5,-1.0,0.2178428302469978
exp1a_160,1,0,5,-1.0,-0.037429674856308215
exp1a_160,1,1,6,-1.0,-0.7363996791923271
exp1a_160,1,0,5,1.0,-0.037429674856308215
exp1a_160,1,1,6,0.0,0.843383917424483
exp1a_160,1,1,6,0.0,0.2178428302469978
exp1a_160,1,1,6,1.0,0.843383917424483
exp1a_160,1,1,6,-1.0,0.843383917424483
exp1a_160,0,1,4,1.0,-0.037429674856308215
exp1a_160,0,0,6,1.0,-0.25927842447266464
exp1a_160,1,1,5,0.0,-0.037429674856308215
exp1a_160,0,0,5,0.0,-0.25927842447266464
exp1a_160,0,1,5,0.0,-0.7363996791923271
exp1a_160,0,0,6,1.0,0.843383917424483
exp1a_160,0,0,6,-1.0,-0.25927842447266464
exp1a_160,0,1,5,-1.0,-0.7363996791923271
exp1a_160,0,0,6,0.0,0.2178428302469978
exp1a_160,0,0,6,0.0,-0.037429674856308215
exp1a_160,0,0,6,-1.0,-0.037429674856308215
exp1a_160,1,1,5,1.0,-0.037429674856308215
exp1a_160,0,0,5,1.0,0.2178428302469978
exp1a_160,0,1,5,1.0,-0.7363996791923271
exp1a_160,0,0,6,0.0,0.843383917424483
exp1a_160,1,1,6,1.0,0.843383917424483
exp1a_160,0,0,6,0.0,-0.037429674856308215
exp1a_160,1,0,6,0.0,-0.037429674856308215
exp1a_160,0,0,6,-1.0,-0.7363996791923271
exp1a_160,0,0,6,-1.0,0.2178428302469978
exp1a_160,1,1,5,-1.0,-0.037429674856308215
exp1a_160,1,1,5,-1.0,0.2178428302469978
exp1a_160,0,0,6,-1.0,-0.25927842447266464
exp1a_160,1,1,6,-1.0,0.843383917424483
exp1a_160,1,1,5,1.0,-0.25927842447266464
exp1a_160,1,1,6,0.0,0.2178428302469978
exp1a_160,0,0,5,0.0,-0.25927842447266464
exp1a_160,1,1,6,1.0,-0.7363996791923271
exp1a_160,1,1,5,-1.0,-0.7363996791923271
exp1a_160,1,1,5,1.0,0.2178428302469978
exp1a_160,1,1,6,-1.0,-0.25927842447266464
exp1a_160,0,0,6,-1.0,0.843383917424483
exp1a_160,0,0,6,0.0,0.2178428302469978
exp1a_160,0,0,6,1.0,-0.037429674856308215
exp1a_160,1,1,5,0.0,-0.25927842447266464
exp1a_160,0,0,6,1.0,0.843383917424483
exp1a_160,1,1,6,0.0,-0.7363996791923271
exp1a_160,0,0,6,1.0,-0.25927842447266464
exp1a_160,1,1,6,0.0,0.843383917424483
exp1a_160,0,0,6,0.0,-0.7363996791923271
exp1a_160,0,0,6,1.0,-0.25927842447266464
exp1a_160,0,0,6,1.0,-0.7363996791923271
exp1a_160,0,1,6,0.0,-0.037429674856308215
exp1a_160,1,1,6,0.0,0.843383917424483
exp1a_160,1,1,6,1.0,0.843383917424483
exp1a_160,0,0,6,1.0,-0.037429674856308215
exp1a_160,0,0,5,1.0,0.2178428302469978
exp1a_160,0,0,6,0.0,0.2178428302469978
exp1a_160,1,0,5,1.0,-0.25927842447266464
exp1a_160,0,0,6,-1.0,0.843383917424483
exp1a_160,1,1,6,-1.0,0.2178428302469978
exp1a_160,0,1,6,-1.0,-0.7363996791923271
exp1a_160,0,1,4,-1.0,0.2178428302469978
exp1a_160,0,0,5,0.0,-0.25927842447266464
exp1a_160,0,0,6,0.0,-0.7363996791923271
exp1a_160,1,1,6,-1.0,0.843383917424483
exp1a_160,1,0,5,0.0,-0.25927842447266464
exp1a_160,0,0,6,1.0,0.843383917424483
exp1a_160,1,1,6,-1.0,-0.7363996791923271
exp1a_160,1,1,6,1.0,0.2178428302469978
exp1a_160,0,1,6,0.0,0.843383917424483
exp1a_160,1,1,6,0.0,-0.037429674856308215
exp1a_160,0,0,4,-1.0,-0.037429674856308215
exp1a_160,1,0,4,-1.0,-0.25927842447266464
exp1a_160,0,1,6,-1.0,-0.25927842447266464
exp1a_160,1,1,5,1.0,-0.037429674856308215
exp1a_160,1,0,5,1.0,-0.7363996791923271
exp1a_160,1,1,5,-1.0,-0.037429674856308215
exp1a_160,1,1,6,0.0,0.2178428302469978
exp1a_160,1,1,6,0.0,-0.7363996791923271
exp1a_160,1,1,6,-1.0,0.843383917424483
exp1a_160,1,0,5,-1.0,-0.7363996791923271
exp1a_160,0,1,5,0.0,0.2178428302469978
exp1a_160,1,1,5,0.0,-0.25927842447266464
exp1a_160,0,0,6,1.0,0.2178428302469978
exp1a_160,0,0,6,0.0,0.843383917424483
exp1a_160,1,1,5,0.0,0.2178428302469978
exp1a_160,0,0,5,0.0,-0.25927842447266464
exp1a_160,0,1,6,-1.0,0.2178428302469978
exp1a_160,0,0,6,1.0,-0.25927842447266464
exp1a_160,0,0,5,1.0,-0.037429674856308215
exp1a_160,1,1,6,0.0,-0.037429674856308215
exp1a_160,0,0,5,-1.0,-0.25927842447266464
exp1a_160,0,0,5,-1.0,-0.037429674856308215
exp1a_160,1,1,6,1.0,-0.037429674856308215
exp1a_160,1,0,5,-1.0,-0.037429674856308215
exp1a_160,0,1,5,-1.0,-0.7363996791923271
exp1a_160,0,0,5,0.0,-0.037429674856308215
exp1a_160,1,1,6,1.0,0.843383917424483
exp1a_160,0,0,6,1.0,0.843383917424483
exp1a_160,0,0,6,-1.0,0.843383917424483
exp1a_160,1,1,5,-1.0,-0.25927842447266464
exp1a_160,1,1,6,-1.0,0.2178428302469978
exp1a_160,1,0,5,1.0,-0.25927842447266464
exp1a_160,0,1,5,1.0,-0.7363996791923271
exp1a_160,1,0,5,1.0,0.2178428302469978
exp1a_160,0,0,5,0.0,-0.7363996791923271
exp1a_160,1,1,6,0.0,0.843383917424483
exp1a_160,1,1,6,1.0,-0.7363996791923271
exp1a_160,1,1,5,1.0,-0.25927842447266464
exp1a_160,1,0,6,-1.0,-0.7363996791923271
exp1a_160,1,1,5,1.0,0.2178428302469978
exp1a_160,1,1,5,0.0,-0.037429674856308215
exp1a_160,1,1,6,-1.0,0.2178428302469978
exp1a_160,0,0,6,0.0,-0.25927842447266464
exp1a_160,1,1,5,1.0,-0.037429674856308215
exp1a_160,0,1,5,-1.0,-0.037429674856308215
exp1a_160,0,0,6,0.0,-0.037429674856308215
exp1a_160,0,0,6,0.0,0.843383917424483
exp1a_160,1,1,6,0.0,0.843383917424483
exp1a_160,0,0,6,1.0,0.843383917424483
exp1a_160,0,1,6,0.0,-0.7363996791923271
exp1a_160,1,1,6,0.0,0.2178428302469978
exp1a_160,1,1,6,-1.0,-0.037429674856308215
exp1a_160,1,1,6,-1.0,0.843383917424483
exp1a_160,0,0,5,1.0,-0.25927842447266464
exp1a_160,0,0,5,1.0,0.2178428302469978
exp1a_160,0,1,6,1.0,-0.7363996791923271
exp1a_160,1,0,6,-1.0,-0.25927842447266464
exp1a_160,0,0,6,-1.0,0.2178428302469978
exp1a_160,0,1,6,-1.0,-0.7363996791923271
exp1a_160,1,1,6,1.0,0.843383917424483
exp1a_160,0,0,5,0.0,0.2178428302469978
exp1a_160,1,0,6,0.0,-0.7363996791923271
exp1a_160,1,1,6,0.0,-0.25927842447266464
exp1a_160,0,0,6,-1.0,0.843383917424483
exp1a_160,1,1,6,1.0,-0.7363996791923271
exp1a_160,0,1,5,-1.0,-0.25927842447266464
exp1a_160,0,0,4,1.0,-0.037429674856308215
exp1a_160,1,1,5,-1.0,-0.037429674856308215
exp1a_160,0,0,6,1.0,0.843383917424483
exp1a_160,0,1,4,1.0,-0.037429674856308215
exp1a_160,1,1,6,0.0,-0.037429674856308215
exp1a_160,1,1,6,1.0,0.2178428302469978
exp1a_160,0,0,5,-1.0,0.2178428302469978
exp1a_160,0,0,5,0.0,0.2178428302469978
exp1a_160,0,0,5,1.0,-0.25927842447266464
exp1a_160,0,0,6,0.0,0.843383917424483
exp1a_160,1,1,6,1.0,-0.037429674856308215
exp1a_160,1,0,4,-1.0,-0.7363996791923271
exp1a_160,1,0,4,-1.0,-0.25927842447266464
exp1a_160,0,0,5,1.0,0.2178428302469978
exp1a_160,1,0,5,0.0,-0.25927842447266464
exp1a_160,0,0,5,1.0,-0.7363996791923271
exp1a_160,0,0,5,0.0,-0.037429674856308215
exp1a_160,1,1,6,0.0,0.2178428302469978
exp1a_160,0,0,6,-1.0,0.843383917424483
exp1a_160,0,0,4,-1.0,-0.7363996791923271
exp1a_160,1,1,5,-1.0,0.2178428302469978
exp1a_160,1,0,4,0.0,-0.7363996791923271
exp1a_160,0,1,4,-1.0,-0.25927842447266464
exp1a_160,1,1,6,-1.0,0.843383917424483
exp1a_160,0,1,6,0.0,-0.25927842447266464
exp1a_160,1,0,4,1.0,-0.7363996791923271
exp1a_160,1,1,6,1.0,0.843383917424483
exp1a_160,1,0,4,1.0,-0.25927842447266464
exp1a_160,1,1,6,0.0,0.843383917424483
exp1a_160,0,0,5,0.0,-0.7363996791923271
exp1a_160,0,0,4,-1.0,-0.037429674856308215
exp1a_160,1,0,4,0.0,-0.25927842447266464
exp1a_160,1,0,4,-1.0,-0.25927842447266464
exp1a_160,0,1,4,1.0,-0.7363996791923271
exp1a_160,0,0,4,-1.0,-0.25927842447266464
exp1a_160,1,1,6,0.0,0.843383917424483
exp1a_160,1,1,4,0.0,-0.7363996791923271
exp1a_160,1,1,6,1.0,0.843383917424483
exp1a_160,0,0,4,-1.0,-0.037429674856308215
exp1a_160,1,1,5,1.0,-0.037429674856308215
exp1a_160,1,1,5,0.0,0.2178428302469978
exp1a_160,1,1,5,-1.0,-0.037429674856308215
exp1a_160,0,1,5,1.0,0.2178428302469978
exp1a_160,0,0,4,-1.0,-0.7363996791923271
exp1a_160,1,1,6,-1.0,0.2178428302469978
exp1a_160,1,1,6,-1.0,0.843383917424483
exp1a_160,1,0,4,0.0,-0.037429674856308215
exp1a_160,0,1,4,0.0,-0.037429674856308215
exp1a_160,0,0,4,-1.0,0.2178428302469978
exp1a_160,0,1,4,0.0,-0.7363996791923271
exp1a_160,1,1,3,1.0,-0.7363996791923271
exp1a_160,0,0,6,1.0,0.843383917424483
exp1a_160,0,0,6,0.0,0.843383917424483
exp1a_160,0,0,6,1.0,-0.25927842447266464
exp1a_160,0,0,6,-1.0,0.843383917424483
exp1a_160,1,1,5,1.0,-0.25927842447266464
exp1a_160,0,0,4,0.0,-0.25927842447266464
exp1a_160,0,0,5,0.0,0.2178428302469978
exp1a_160,1,1,5,1.0,0.2178428302469978
exp1a_160,0,0,5,1.0,-0.037429674856308215
exp1a_160,1,1,4,-1.0,-0.7363996791923271
exp1a_161,1,0,4,0.0,-0.7363996791923271
exp1a_161,1,1,6,-1.0,0.843383917424483
exp1a_161,1,1,4,1.0,-0.7363996791923271
exp1a_161,0,0,3,1.0,-0.25927842447266464
exp1a_161,0,1,4,0.0,-0.037429674856308215
exp1a_161,0,0,4,1.0,-0.7363996791923271
exp1a_161,1,1,6,-1.0,0.2178428302469978
exp1a_161,0,0,6,0.0,0.843383917424483
exp1a_161,0,1,5,-1.0,-0.25927842447266464
exp1a_161,1,1,4,0.0,-0.037429674856308215
exp1a_161,1,1,4,1.0,-0.037429674856308215
exp1a_161,1,1,4,-1.0,-0.7363996791923271
exp1a_161,0,0,6,1.0,0.843383917424483
exp1a_161,1,1,6,1.0,-0.25927842447266464
exp1a_161,0,0,6,1.0,-0.037429674856308215
exp1a_161,1,1,6,1.0,0.843383917424483
exp1a_161,0,0,4,0.0,-0.25927842447266464
exp1a_161,1,1,6,0.0,0.843383917424483
exp1a_161,1,1,6,0.0,-0.25927842447266464
exp1a_161,1,1,6,-1.0,-0.037429674856308215
exp1a_161,0,1,5,0.0,-0.7363996791923271
exp1a_161,0,1,4,-1.0,-0.7363996791923271
exp1a_161,0,0,5,1.0,0.2178428302469978
exp1a_161,0,0,4,-1.0,-0.037429674856308215
exp1a_161,1,1,6,1.0,0.2178428302469978
exp1a_161,1,1,6,-1.0,-0.25927842447266464
exp1a_161,0,0,6,-1.0,0.2178428302469978
exp1a_161,0,0,6,-1.0,0.843383917424483
exp1a_161,0,0,6,0.0,0.2178428302469978
exp1a_161,1,1,6,0.0,0.2178428302469978
exp1a_161,0,0,6,0.0,0.843383917424483
exp1a_161,1,0,4,0.0,-0.7363996791923271
exp1a_161,0,0,6,1.0,0.843383917424483
exp1a_161,0,0,6,0.0,-0.25927842447266464
exp1a_161,0,0,6,1.0,-0.25927842447266464
exp1a_161,1,1,6,1.0,0.843383917424483
exp1a_161,1,1,4,-1.0,-0.7363996791923271
exp1a_161,0,0,6,-1.0,0.843383917424483
exp1a_161,0,0,4,-1.0,-0.7363996791923271
exp1a_161,0,0,6,0.0,0.2178428302469978
exp1a_161,1,0,6,0.0,-0.25927842447266464
exp1a_161,1,1,6,1.0,0.2178428302469978
exp1a_161,0,1,4,1.0,0.2178428302469978
exp1a_161,0,0,6,-1.0,-0.037429674856308215
exp1a_161,0,0,6,1.0,-0.037429674856308215
exp1a_161,1,1,6,1.0,-0.037429674856308215
exp1a_161,1,1,6,-1.0,0.843383917424483
exp1a_161,0,0,4,0.0,-0.037429674856308215
exp1a_161,1,1,3,-1.0,-0.037429674856308215
exp1a_161,1,1,4,1.0,-0.25927842447266464
exp1a_161,1,1,6,-1.0,0.2178428302469978
exp1a_161,1,1,6,0.0,0.843383917424483
exp1a_161,0,0,6,-1.0,0.2178428302469978
exp1a_161,0,0,4,1.0,-0.7363996791923271
exp1a_161,0,0,6,0.0,-0.7363996791923271
exp1a_161,1,1,3,0.0,0.2178428302469978
exp1a_161,1,0,4,1.0,-0.7363996791923271
exp1a_161,1,1,5,0.0,-0.037429674856308215
exp1a_161,0,0,2,-1.0,-0.25927842447266464
exp1a_161,1,1,6,-1.0,-0.25927842447266464
exp1a_161,0,0,6,1.0,0.843383917424483
exp1a_161,1,1,6,0.0,0.843383917424483
exp1a_161,1,1,6,-1.0,0.843383917424483
exp1a_161,1,1,6,0.0,-0.25927842447266464
exp1a_161,1,0,4,1.0,-0.7363996791923271
exp1a_161,0,0,5,0.0,-0.7363996791923271
exp1a_161,1,0,5,0.0,-0.037429674856308215
exp1a_161,1,1,5,1.0,-0.037429674856308215
exp1a_161,1,1,4,-1.0,-0.25927842447266464
exp1a_161,1,1,6,1.0,0.843383917424483
exp1a_161,0,0,6,-1.0,0.843383917424483
exp1a_161,0,0,6,0.0,0.2178428302469978
exp1a_161,0,0,6,0.0,0.843383917424483
exp1a_161,0,0,6,-1.0,0.2178428302469978
exp1a_161,0,1,4,1.0,-0.7363996791923271
exp1a_161,0,0,5,1.0,-0.037429674856308215
exp1a_161,0,0,5,0.0,-0.037429674856308215
exp1a_161,0,1,4,1.0,-0.25927842447266464
exp1a_161,0,0,5,0.0,-0.25927842447266464
exp1a_161,0,0,6,-1.0,-0.25927842447266464
exp1a_161,0,0,3,-1.0,-0.037429674856308215
exp1a_161,1,1,6,-1.0,0.2178428302469978
exp1a_161,0,0,4,1.0,0.2178428302469978
exp1a_161,1,1,4,-1.0,-0.037429674856308215
exp1a_161,1,1,6,0.0,0.2178428302469978
exp1a_161,1,1,5,-1.0,-0.7363996791923271
exp1a_161,1,0,4,1.0,-0.25927842447266464
exp1a_161,0,1,4,-1.0,-0.7363996791923271
exp1a_161,1,1,5,0.0,-0.7363996791923271
exp1a_161,1,1,6,1.0,0.2178428302469978
exp1a_161,0,0,6,1.0,0.843383917424483
exp1a_161,1,1,6,1.0,0.2178428302469978
exp1a_161,1,1,6,0.0,-0.037429674856308215
exp1a_161,1,1,6,1.0,-0.25927842447266464
exp1a_161,0,1,4,1.0,-0.25927842447266464
exp1a_161,1,1,3,0.0,-0.7363996791923271
exp1a_161,0,0,5,0.0,0.2178428302469978
exp1a_161,1,1,6,1.0,0.843383917424483
exp1a_161,0,0,6,0.0,0.843383917424483
exp1a_161,1,1,5,0.0,0.2178428302469978
exp1a_161,1,1,6,-1.0,0.2178428302469978
exp1a_161,0,0,6,-1.0,0.2178428302469978
exp1a_161,0,0,6,-1.0,-0.037429674856308215
exp1a_161,0,0,6,-1.0,-0.25927842447266464
exp1a_161,1,1,6,-1.0,0.843383917424483
exp1a_161,0,1,6,1.0,-0.7363996791923271
exp1a_161,1,1,6,1.0,-0.7363996791923271
exp1a_161,0,0,6,1.0,0.2178428302469978
exp1a_161,1,1,6,1.0,-0.037429674856308215
exp1a_161,0,1,4,1.0,-0.037429674856308215
exp1a_161,0,0,5,-1.0,-0.7363996791923271
exp1a_161,1,1,6,0.0,0.843383917424483
exp1a_161,0,0,6,-1.0,0.843383917424483
exp1a_161,0,0,6,0.0,-0.25927842447266464
exp1a_161,1,1,6,0.0,-0.25927842447266464
exp1a_161,0,0,6,0.0,-0.037429674856308215
exp1a_161,0,1,6,0.0,-0.7363996791923271
exp1a_161,1,0,4,-1.0,-0.7363996791923271
exp1a_161,1,0,5,-1.0,-0.037429674856308215
exp1a_161,1,1,6,0.0,-0.25927842447266464
exp1a_161,0,0,6,-1.0,0.2178428302469978
exp1a_161,1,1,6,1.0,-0.25927842447266464
exp1a_161,0,1,6,0.0,-0.25927842447266464
exp1a_161,1,1,6,0.0,-0.037429674856308215
exp1a_161,1,1,6,1.0,0.843383917424483
exp1a_161,0,0,6,-1.0,0.843383917424483
exp1a_161,0,1,5,1.0,-0.25927842447266464
exp1a_161,1,1,5,0.0,-0.7363996791923271
exp1a_161,0,0,4,-1.0,-0.7363996791923271
exp1a_161,0,1,4,1.0,-0.037429674856308215
exp1a_161,1,1,6,-1.0,0.2178428302469978
exp1a_161,0,0,6,0.0,0.2178428302469978
exp1a_161,1,1,5,1.0,-0.037429674856308215
exp1a_161,1,1,4,-1.0,-0.7363996791923271
exp1a_161,0,0,4,-1.0,-0.25927842447266464
exp1a_161,1,1,4,-1.0,-0.037429674856308215
exp1a_161,0,1,5,1.0,0.2178428302469978
exp1a_161,0,0,6,1.0,0.843383917424483
exp1a_161,1,1,6,0.0,0.2178428302469978
exp1a_161,0,1,6,0.0,-0.037429674856308215
exp1a_161,0,0,6,0.0,0.843383917424483
exp1a_161,1,1,6,-1.0,-0.25927842447266464
exp1a_161,0,1,6,0.0,-0.7363996791923271
exp1a_161,1,1,6,0.0,0.843383917424483
exp1a_161,0,0,4,1.0,-0.7363996791923271
exp1a_161,1,1,5,1.0,-0.7363996791923271
exp1a_161,1,1,6,1.0,0.2178428302469978
exp1a_161,1,1,6,-1.0,0.843383917424483
exp1a_161,0,1,5,-1.0,-0.037429674856308215
exp1a_161,0,0,5,1.0,-0.037429674856308215
exp1a_161,1,1,4,-1.0,-0.7363996791923271
exp1a_161,0,0,6,1.0,0.843383917424483
exp1a_161,0,1,4,-1.0,-0.7363996791923271
exp1a_161,0,0,6,1.0,0.2178428302469978
exp1a_161,0,1,4,1.0,-0.7363996791923271
exp1a_161,1,1,4,-1.0,-0.25927842447266464
exp1a_161,1,1,6,-1.0,0.843383917424483
exp1a_161,1,1,6,0.0,-0.25927842447266464
exp1a_161,1,1,6,0.0,-0.7363996791923271
exp1a_161,0,0,6,-1.0,0.2178428302469978
exp1a_161,1,1,6,1.0,0.2178428302469978
exp1a_161,0,0,6,-1.0,0.843383917424483
exp1a_161,0,1,4,1.0,-0.25927842447266464
exp1a_161,0,0,5,0.0,0.843383917424483
exp1a_161,1,1,6,-1.0,0.2178428302469978
exp1a_161,0,1,6,0.0,-0.7363996791923271
exp1a_161,0,1,6,-1.0,-0.037429674856308215
exp1a_161,1,1,6,0.0,0.2178428302469978
exp1a_161,1,1,6,1.0,-0.7363996791923271
exp1a_161,1,1,6,1.0,0.843383917424483
exp1a_161,0,0,6,-1.0,-0.25927842447266464
exp1a_161,0,0,6,0.0,0.2178428302469978
exp1a_161,0,0,6,0.0,-0.037429674856308215
exp1a_161,1,1,6,0.0,0.843383917424483
exp1a_161,1,1,6,1.0,-0.037429674856308215
exp1a_161,1,0,5,1.0,-0.25927842447266464
exp1a_161,0,1,6,0.0,-0.25927842447266464
exp1a_161,1,1,6,0.0,-0.037429674856308215
exp1a_161,1,1,6,-1.0,-0.037429674856308215
exp1a_161,1,1,6,0.0,-0.25927842447266464
exp1a_161,0,0,4,-1.0,-0.7363996791923271
exp1a_161,0,0,4,-1.0,-0.25927842447266464
exp1a_161,1,1,6,-1.0,0.2178428302469978
exp1a_161,0,0,6,1.0,0.2178428302469978
exp1a_161,0,0,6,0.0,0.843383917424483
exp1a_161,1,1,6,-1.0,-0.037429674856308215
exp1a_161,0,0,6,1.0,0.843383917424483
exp1a_161,1,1,6,0.0,0.843383917424483
exp1a_161,1,1,6,1.0,0.2178428302469978
exp1a_161,0,0,5,1.0,-0.7363996791923271
exp1a_161,0,0,6,0.0,-0.25927842447266464
exp1a_161,1,0,6,-1.0,-0.7363996791923271
exp1a_161,0,0,6,-1.0,0.2178428302469978
exp1a_161,1,1,6,1.0,-0.037429674856308215
exp1a_161,1,1,6,1.0,0.843383917424483
exp1a_161,0,0,6,1.0,-0.037429674856308215
exp1a_161,0,0,6,-1.0,-0.037429674856308215
exp1a_161,0,1,6,0.0,-0.037429674856308215
exp1a_161,1,1,6,0.0,-0.037429674856308215
exp1a_161,1,0,6,1.0,-0.7363996791923271
exp1a_161,1,1,6,0.0,-0.7363996791923271
exp1a_161,1,1,4,-1.0,-0.25927842447266464
exp1a_161,1,1,6,-1.0,0.843383917424483
exp1a_161,0,1,6,1.0,-0.25927842447266464
exp1a_161,0,0,6,-1.0,0.843383917424483
exp1a_161,1,1,6,1.0,-0.25927842447266464
exp1a_161,0,1,6,0.0,-0.7363996791923271
exp1a_161,1,1,6,0.0,0.2178428302469978
exp1a_161,0,0,6,0.0,0.2178428302469978
exp1a_161,1,1,6,-1.0,-0.037429674856308215
exp1a_161,0,0,6,0.0,0.2178428302469978
exp1a_161,1,1,6,1.0,-0.25927842447266464
exp1a_161,0,0,6,-1.0,-0.25927842447266464
exp1a_161,1,0,4,1.0,-0.7363996791923271
exp1a_161,0,0,6,0.0,-0.037429674856308215
exp1a_161,0,0,1,1.0,-0.25927842447266464
exp1a_161,0,0,4,1.0,-0.037429674856308215
exp1a_161,0,1,5,0.0,-0.25927842447266464
exp1a_161,0,1,5,-1.0,-0.7363996791923271
exp1a_161,1,0,5,0.0,-0.25927842447266464
exp1a_161,1,1,4,-1.0,0.2178428302469978
exp1a_161,1,1,4,1.0,-0.037429674856308215
exp1a_161,0,0,6,-1.0,0.843383917424483
exp1a_161,0,0,5,1.0,-0.7363996791923271
exp1a_161,0,0,6,1.0,0.843383917424483
exp1a_161,1,1,4,-1.0,-0.7363996791923271
exp1a_161,1,1,6,1.0,0.843383917424483
exp1a_161,0,0,6,1.0,0.2178428302469978
exp1a_161,1,1,6,1.0,0.2178428302469978
exp1a_161,0,0,6,-1.0,0.2178428302469978
exp1a_161,0,0,6,0.0,0.843383917424483
exp1a_161,1,1,5,-1.0,-0.25927842447266464
exp1a_161,1,1,6,0.0,-0.037429674856308215
exp1a_161,1,1,6,-1.0,0.843383917424483
exp1a_161,0,1,6,0.0,-0.7363996791923271
exp1a_161,1,1,6,0.0,0.843383917424483
exp1a_161,0,0,6,-1.0,-0.037429674856308215
exp1a_162,1,1,5,-1.0,-0.7363996791923271
exp1a_162,0,1,6,0.0,-0.25927842447266464
exp1a_162,0,0,6,1.0,0.2178428302469978
exp1a_162,1,1,6,-1.0,0.843383917424483
exp1a_162,1,0,5,0.0,-0.25927842447266464
exp1a_162,1,1,5,0.0,-0.037429674856308215
exp1a_162,1,1,6,1.0,0.843383917424483
exp1a_162,1,1,6,0.0,0.843383917424483
exp1a_162,1,1,6,1.0,-0.25927842447266464
exp1a_162,0,0,4,-1.0,-0.037429674856308215
exp1a_162,0,0,3,0.0,-0.7363996791923271
exp1a_162,1,1,4,1.0,-0.037429674856308215
exp1a_162,0,1,5,-1.0,-0.7363996791923271
exp1a_162,0,0,6,1.0,0.843383917424483
exp1a_162,1,1,4,0.0,-0.7363996791923271
exp1a_162,1,0,3,-1.0,0.2178428302469978
exp1a_162,0,0,4,1.0,-0.037429674856308215
exp1a_162,1,0,4,1.0,-0.7363996791923271
exp1a_162,0,0,3,-1.0,0.2178428302469978
exp1a_162,0,0,5,0.0,0.2178428302469978
exp1a_162,1,1,5,1.0,0.2178428302469978
exp1a_162,1,1,6,-1.0,-0.25927842447266464
exp1a_162,1,1,6,0.0,0.2178428302469978
exp1a_162,0,0,6,-1.0,-0.25927842447266464
exp1a_162,0,0,6,1.0,-0.7363996791923271
exp1a_162,0,1,6,1.0,-0.25927842447266464
exp1a_162,0,0,6,0.0,0.843383917424483
exp1a_162,0,0,6,0.0,-0.037429674856308215
exp1a_162,1,1,3,-1.0,-0.037429674856308215
exp1a_162,0,0,6,0.0,-0.25927842447266464
exp1a_162,0,0,3,-1.0,-0.7363996791923271
exp1a_162,1,1,5,0.0,-0.25927842447266464
exp1a_162,1,1,6,0.0,-0.7363996791923271
exp1a_162,0,0,6,1.0,0.2178428302469978
exp1a_162,1,1,6,0.0,-0.037429674856308215
exp1a_162,1,0,6,1.0,-0.7363996791923271
exp1a_162,0,0,6,-1.0,0.2178428302469978
exp1a_162,1,1,6,1.0,-0.25927842447266464
exp1a_162,0,0,6,0.0,0.843383917424483
exp1a_162,0,0,3,-1.0,-0.037429674856308215
exp1a_162,0,0,5,1.0,-0.037429674856308215
exp1a_162,1,1,4,-1.0,-0.25927842447266464
exp1a_162,1,1,6,-1.0,0.2178428302469978
exp1a_162,1,1,6,0.0,0.2178428302469978
exp1a_162,1,0,3,-1.0,-0.7363996791923271
exp1a_162,1,0,6,1.0,-0.037429674856308215
exp1a_162,0,0,6,1.0,-0.7363996791923271
exp1a_162,1,1,5,-1.0,-0.037429674856308215
exp1a_162,0,1,3,0.0,-0.037429674856308215
exp1a_162,0,0,6,1.0,-0.25927842447266464
exp1a_162,0,0,6,0.0,-0.7363996791923271
exp1a_162,0,0,3,-1.0,-0.25927842447266464
exp1a_162,1,1,6,1.0,0.2178428302469978
exp1a_162,0,0,6,0.0,0.2178428302469978
exp1a_162,0,1,3,-1.0,-0.7363996791923271
exp1a_162,1,0,5,0.0,0.2178428302469978
exp1a_162,1,0,5,1.0,-0.7363996791923271
exp1a_162,1,1,5,0.0,-0.25927842447266464
exp1a_162,0,0,6,1.0,0.2178428302469978
exp1a_162,0,0,6,0.0,-0.7363996791923271
exp1a_162,1,1,6,1.0,0.843383917424483
exp1a_162,1,0,3,-1.0,-0.037429674856308215
exp1a_162,1,0,3,-1.0,-0.25927842447266464
exp1a_162,0,1,5,1.0,-0.7363996791923271
exp1a_162,1,1,6,-1.0,0.843383917424483
exp1a_162,1,1,6,-1.0,0.2178428302469978
exp1a_162,0,0,3,-1.0,-0.25927842447266464
exp1a_162,1,1,6,0.0,-0.037429674856308215
exp1a_162,1,0,4,1.0,-0.25927842447266464
exp1a_162,0,1,6,1.0,-0.25927842447266464
exp1a_162,1,1,6,1.0,-0.037429674856308215
exp1a_162,0,0,6,-1.0,0.843383917424483
exp1a_162,0,1,6,-1.0,-0.037429674856308215
exp1a_162,1,1,6,0.0,-0.7363996791923271
exp1a_162,0,0,6,0.0,-0.037429674856308215
exp1a_162,1,1,3,-1.0,-0.7363996791923271
exp1a_162,0,1,4,0.0,-0.25927842447266464
exp1a_162,1,1,4,1.0,0.2178428302469978
exp1a_162,0,0,6,0.0,0.2178428302469978
exp1a_162,0,0,6,1.0,-0.037429674856308215
exp1a_162,0,0,6,1.0,0.843383917424483
exp1a_162,0,0,6,-1.0,0.2178428302469978
exp1a_162,1,1,6,0.0,0.843383917424483
exp1a_162,0,0,6,1.0,-0.25927842447266464
exp1a_162,1,1,6,0.0,0.2178428302469978
exp1a_162,1,1,6,1.0,-0.25927842447266464
exp1a_162,0,0,6,-1.0,0.843383917424483
exp1a_162,0,0,6,1.0,0.843383917424483
exp1a_162,0,1,4,-1.0,-0.7363996791923271
exp1a_162,0,0,4,0.0,-0.7363996791923271
exp1a_162,0,0,6,1.0,0.2178428302469978
exp1a_162,0,1,6,1.0,-0.037429674856308215
exp1a_162,1,1,4,1.0,-0.037429674856308215
exp1a_162,0,0,5,0.0,-0.25927842447266464
exp1a_162,1,0,6,-1.0,-0.7363996791923271
exp1a_162,1,1,6,-1.0,-0.037429674856308215
exp1a_162,1,1,6,-1.0,0.2178428302469978
exp1a_162,0,1,6,-1.0,-0.25927842447266464
exp1a_162,0,0,6,0.0,0.843383917424483
exp1a_162,0,0,6,-1.0,-0.037429674856308215
exp1a_162,0,1,6,1.0,-0.7363996791923271
exp1a_162,0,0,6,0.0,0.2178428302469978
exp1a_162,1,1,6,1.0,0.2178428302469978
exp1a_162,1,0,6,0.0,-0.25927842447266464
exp1a_162,0,0,6,0.0,-0.037429674856308215
exp1a_162,1,1,6,1.0,-0.7363996791923271
exp1a_162,1,1,6,1.0,0.843383917424483
exp1a_162,0,0,6,-1.0,0.2178428302469978
exp1a_162,1,1,6,0.0,-0.7363996791923271
exp1a_162,1,0,6,-1.0,-0.25927842447266464
exp1a_162,1,1,6,0.0,-0.037429674856308215
exp1a_162,1,1,6,-1.0,0.843383917424483
exp1a_162,0,0,6,0.0,0.843383917424483
exp1a_162,0,0,6,-1.0,0.2178428302469978
exp1a_162,1,1,4,-1.0,0.2178428302469978
exp1a_162,1,1,6,-1.0,0.843383917424483
exp1a_162,0,0,6,0.0,0.2178428302469978
exp1a_162,1,1,6,0.0,-0.037429674856308215
exp1a_162,1,1,6,0.0,-0.25927842447266464
exp1a_162,0,0,6,1.0,-0.037429674856308215
exp1a_162,1,1,4,-1.0,-0.7363996791923271
exp1a_162,0,0,6,1.0,-0.7363996791923271
exp1a_162,0,0,6,0.0,-0.037429674856308215
exp1a_162,0,1,4,-1.0,-0.25927842447266464
exp1a_162,0,0,6,0.0,-0.25927842447266464
exp1a_162,1,0,6,1.0,-0.7363996791923271
exp1a_162,1,0,6,1.0,-0.25927842447266464
exp1a_162,1,1,4,1.0,-0.037429674856308215
exp1a_162,1,1,4,-1.0,-0.25927842447266464
exp1a_162,1,1,6,1.0,0.843383917424483
exp1a_162,0,0,6,-1.0,-0.037429674856308215
exp1a_162,1,1,6,0.0,-0.7363996791923271
exp1a_162,1,1,6,0.0,0.2178428302469978
exp1a_162,0,1,4,1.0,-0.25927842447266464
exp1a_162,0,1,3,0.0,-0.7363996791923271
exp1a_162,0,0,6,-1.0,0.843383917424483
exp1a_162,0,1,6,-1.0,-0.7363996791923271
exp1a_162,1,1,6,1.0,0.2178428302469978
exp1a_162,1,1,5,0.0,0.843383917424483
exp1a_162,0,0,5,1.0,-0.25927842447266464
exp1a_162,0,1,6,-1.0,-0.7363996791923271
exp1a_162,1,1,5,-1.0,0.2178428302469978
exp1a_162,1,0,6,-1.0,-0.7363996791923271
exp1a_162,1,1,6,-1.0,-0.25927842447266464
exp1a_162,0,0,6,0.0,-0.7363996791923271
exp1a_162,0,1,4,-1.0,-0.037429674856308215
exp1a_162,0,0,6,1.0,0.843383917424483
exp1a_162,0,0,6,-1.0,0.2178428302469978
exp1a_162,0,1,6,1.0,-0.037429674856308215
exp1a_162,1,1,6,0.0,-0.25927842447266464
exp1a_162,0,0,6,-1.0,0.843383917424483
exp1a_162,1,1,6,1.0,-0.037429674856308215
exp1a_162,1,1,6,1.0,0.843383917424483
exp1a_162,0,0,6,0.0,0.843383917424483
exp1a_162,0,1,3,0.0,-0.25927842447266464
exp1a_162,1,0,4,-1.0,-0.037429674856308215
exp1a_162,1,0,5,1.0,-0.7363996791923271
exp1a_162,0,0,5,1.0,-0.7363996791923271
exp1a_162,0,0,5,0.0,-0.037429674856308215
exp1a_162,0,0,6,0.0,0.2178428302469978
exp1a_162,1,1,6,-1.0,0.843383917424483
exp1a_162,1,1,6,0.0,-0.7363996791923271
exp1a_162,0,1,6,-1.0,-0.25927842447266464
exp1a_162,1,0,4,0.0,-0.037429674856308215
exp1a_162,1,1,6,1.0,-0.25927842447266464
exp1a_162,1,1,6,0.0,-0.037429674856308215
exp1a_162,0,0,6,-1.0,0.2178428302469978
exp1a_162,0,0,6,0.0,0.2178428302469978
exp1a_162,1,1,6,0.0,0.843383917424483
exp1a_162,1,1,6,-1.0,-0.7363996791923271
exp1a_162,0,1,6,1.0,-0.25927842447266464
exp1a_162,0,0,6,-1.0,0.843383917424483
exp1a_162,0,0,6,0.0,0.843383917424483
exp1a_162,1,1,6,-1.0,-0.25927842447266464
exp1a_162,0,0,6,0.0,-0.25927842447266464
exp1a_162,1,1,6,-1.0,-0.037429674856308215
exp1a_162,0,0,6,1.0,-0.037429674856308215
exp1a_162,1,1,6,-1.0,0.843383917424483
exp1a_162,0,0,6,0.0,-0.7363996791923271
exp1a_162,1,0,6,1.0,0.2178428302469978
exp1a_162,1,1,6,1.0,0.843383917424483
exp1a_162,0,0,6,-1.0,-0.037429674856308215
exp1a_162,0,0,6,1.0,-0.7363996791923271
exp1a_162,1,1,6,-1.0,0.2178428302469978
exp1a_162,1,1,6,0.0,-0.25927842447266464
exp1a_162,1,1,6,0.0,0.2178428302469978
exp1a_162,0,0,6,-1.0,-0.25927842447266464
exp1a_162,0,0,6,1.0,0.2178428302469978
exp1a_162,1,1,6,0.0,-0.7363996791923271
exp1a_162,0,0,6,0.0,-0.037429674856308215
exp1a_162,1,1,6,1.0,-0.037429674856308215
exp1a_162,1,1,6,1.0,-0.25927842447266464
exp1a_162,1,1,6,1.0,-0.7363996791923271
exp1a_162,0,0,6,0.0,0.2178428302469978
exp1a_162,1,1,4,-1.0,-0.037429674856308215
exp1a_162,1,0,4,0.0,-0.7363996791923271
exp1a_162,0,0,6,0.0,0.843383917424483
exp1a_162,1,1,6,0.0,0.843383917424483
exp1a_162,0,1,4,-1.0,-0.25927842447266464
exp1a_162,0,0,5,1.0,-0.7363996791923271
exp1a_162,0,1,5,0.0,-0.037429674856308215
exp1a_162,0,0,5,-1.0,-0.7363996791923271
exp1a_162,1,1,5,1.0,-0.037429674856308215
exp1a_162,1,1,5,1.0,-0.7363996791923271
exp1a_162,0,0,6,0.0,-0.25927842447266464
exp1a_162,0,0,6,1.0,-0.037429674856308215
exp1a_162,1,1,6,1.0,0.843383917424483
exp1a_162,1,1,5,0.0,-0.25927842447266464
exp1a_162,0,0,6,-1.0,0.843383917424483
exp1a_162,0,1,6,0.0,-0.7363996791923271
exp1a_162,1,1,6,-1.0,-0.7363996791923271
exp1a_162,1,1,5,-1.0,0.2178428302469978
exp1a_162,1,0,5,0.0,-0.037429674856308215
exp1a_162,1,1,5,0.0,0.2178428302469978
exp1a_162,1,0,5,1.0,-0.25927842447266464
exp1a_162,0,0,6,1.0,0.2178428302469978
exp1a_162,1,1,6,-1.0,-0.25927842447266464
exp1a_162,1,1,6,-1.0,0.843383917424483
exp1a_162,0,0,6,1.0,-0.25927842447266464
exp1a_162,0,0,5,-1.0,-0.037429674856308215
exp1a_163,1,0,6,1.0,-0.25927842447266464
exp1a_163,0,0,3,-1.0,-0.037429674856308215
exp1a_163,0,0,6,1.0,-0.25927842447266464
exp1a_163,0,0,6,-1.0,0.2178428302469978
exp1a_163,1,1,6,1.0,0.843383917424483
exp1a_163,0,0,6,1.0,-0.7363996791923271
exp1a_163,0,0,6,0.0,0.2178428302469978
exp1a_163,1,0,4,-1.0,-0.7363996791923271
exp1a_163,1,1,6,0.0,0.843383917424483
exp1a_163,1,1,6,0.0,-0.037429674856308215
exp1a_163,1,1,5,1.0,-0.7363996791923271
exp1a_163,0,0,6,1.0,-0.037429674856308215
exp1a_163,0,0,5,-1.0,-0.7363996791923271
exp1a_163,1,1,6,1.0,-0.037429674856308215
exp1a_163,1,1,6,-1.0,-0.037429674856308215
exp1a_163,0,0,6,1.0,0.843383917424483
exp1a_163,0,0,6,0.0,-0.037429674856308215
exp1a_163,1,1,6,0.0,0.2178428302469978
exp1a_163,0,0,6,0.0,-0.25927842447266464
exp1a_163,1,1,6,0.0,-0.7363996791923271
exp1a_163,1,1,4,-1.0,-0.25927842447266464
exp1a_163,0,0,6,-1.0,0.843383917424483
exp1a_163,1,1,6,1.0,0.2178428302469978
exp1a_163,0,0,6,0.0,-0.7363996791923271
exp1a_163,0,0,6,1.0,0.2178428302469978
exp1a_163,0,0,6,-1.0,-0.25927842447266464
exp1a_163,1,0,5,0.0,-0.25927842447266464
exp1a_163,0,0,6,0.0,0.843383917424483
exp1a_163,1,1,6,-1.0,0.2178428302469978
exp1a_163,1,1,6,-1.0,0.843383917424483
exp1a_163,0,0,6,1.0,-0.037429674856308215
exp1a_163,0,0,6,0.0,-0.25927842447266464
exp1a_163,1,1,6,-1.0,-0.037429674856308215
exp1a_163,0,0,4,-1.0,-0.037429674856308215
exp1a_163,0,0,5,0.0,-0.7363996791923271
exp1a_163,0,0,5,-1.0,-0.7363996791923271
exp1a_163,1,0,3,-1.0,-0.7363996791923271
exp1a_163,1,1,3,-1.0,0.2178428302469978
exp1a_163,1,1,4,0.0,-0.037429674856308215
exp1a_163,0,0,6,1.0,-0.25927842447266464
exp1a_163,0,0,6,0.0,0.843383917424483
exp1a_163,1,0,6,0.0,0.2178428302469978
exp1a_163,1,0,6,0.0,-0.25927842447266464
exp1a_163,0,0,6,1.0,0.2178428302469978
exp1a_163,1,0,5,1.0,-0.25927842447266464
exp1a_163,1,1,3,-1.0,-0.25927842447266464
exp1a_163,0,0,5,0.0,-0.037429674856308215
exp1a_163,1,1,5,0.0,-0.7363996791923271
exp1a_163,1,1,6,1.0,-0.7363996791923271
exp1a_163,1,1,4,0.0,0.843383917424483
exp1a_163,0,0,6,-1.0,-0.25927842447266464
exp1a_163,1,0,6,1.0,-0.037429674856308215
exp1a_163,0,0,6,1.0,-0.7363996791923271
exp1a_163,1,1,6,0.0,-0.037429674856308215
exp1a_163,0,0,6,1.0,-0.7363996791923271
exp1a_163,1,1,6,0.0,0.843383917424483
exp1a_163,1,1,4,0.0,-0.7363996791923271
exp1a_163,0,0,6,1.0,-0.037429674856308215
exp1a_163,0,0,6,1.0,0.2178428302469978
exp1a_163,1,1,6,0.0,-0.25927842447266464
exp1a_163,0,0,6,1.0,0.843383917424483
exp1a_163,1,0,6,-1.0,-0.7363996791923271
exp1a_163,0,0,6,0.0,-0.7363996791923271
exp1a_163,1,1,6,-1.0,-0.25927842447266464
exp1a_163,1,1,6,1.0,-0.25927842447266464
exp1a_163,0,0,6,-1.0,0.2178428302469978
exp1a_163,0,0,6,1.0,-0.25927842447266464
exp1a_163,1,1,6,0.0,0.2178428302469978
exp1a_163,1,1,6,-1.0,-0.037429674856308215
exp1a_163,1,0,6,1.0,-0.7363996791923271
exp1a_163,0,0,6,0.0,-0.25927842447266464
exp1a_163,1,1,6,-1.0,0.843383917424483
exp1a_163,1,1,6,1.0,0.2178428302469978
exp1a_163,0,0,6,0.0,0.2178428302469978
exp1a_163,1,1,6,-1.0,0.2178428302469978
exp1a_163,0,0,6,-1.0,-0.7363996791923271
exp1a_163,0,1,6,-1.0,-0.25927842447266464
exp1a_163,1,1,6,1.0,-0.037429674856308215
exp1a_163,0,0,6,-1.0,-0.037429674856308215
exp1a_163,0,0,6,1.0,-0.25927842447266464
exp1a_163,1,1,6,1.0,0.2178428302469978
exp1a_163,0,0,6,-1.0,-0.7363996791923271
exp1a_163,0,0,6,1.0,0.843383917424483
exp1a_163,0,0,6,0.0,0.2178428302469978
exp1a_163,1,1,6,0.0,-0.037429674856308215
exp1a_163,1,1,6,0.0,0.2178428302469978
exp1a_163,0,0,6,1.0,-0.7363996791923271
exp1a_163,0,0,6,0.0,0.843383917424483
exp1a_163,1,1,6,1.0,-0.037429674856308215
exp1a_163,1,1,6,-1.0,0.843383917424483
exp1a_163,0,0,6,1.0,-0.037429674856308215
exp1a_163,0,0,6,0.0,-0.25927842447266464
exp1a_163,0,0,6,-1.0,0.2178428302469978
exp1a_163,1,0,6,0.0,-0.25927842447266464
exp1a_163,0,0,6,0.0,-0.7363996791923271
exp1a_163,1,1,6,-1.0,-0.7363996791923271
exp1a_163,1,1,6,0.0,0.843383917424483
exp1a_163,1,1,5,0.0,-0.7363996791923271
exp1a_163,0,0,4,0.0,-0.037429674856308215
exp1a_163,0,0,6,-1.0,-0.037429674856308215
exp1a_163,1,1,6,-1.0,-0.037429674856308215
exp1a_163,1,1,6,-1.0,0.2178428302469978
exp1a_163,1,1,6,1.0,-0.25927842447266464
exp1a_163,1,1,6,-1.0,-0.25927842447266464
exp1a_163,0,0,6,-1.0,-0.25927842447266464
exp1a_163,0,0,6,-1.0,0.843383917424483
exp1a_163,0,0,6,1.0,0.2178428302469978
exp1a_163,1,1,6,-1.0,0.843383917424483
exp1a_163,1,0,5,1.0,-0.25927842447266464
exp1a_163,1,1,5,1.0,0.2178428302469978
exp1a_163,1,1,6,0.0,0.843383917424483
exp1a_163,0,0,6,1.0,-0.037429674856308215
exp1a_163,1,1,5,0.0,-0.037429674856308215
exp1a_163,1,1,5,-1.0,0.2178428302469978
exp1a_163,1,1,6,1.0,0.843383917424483
exp1a_163,1,1,6,1.0,-0.037429674856308215
exp1a_163,0,0,6,-1.0,0.2178428302469978
exp1a_163,1,1,5,0.0,-0.7363996791923271
exp1a_163,1,0,4,1.0,-0.7363996791923271
exp1a_163,1,0,4,-1.0,-0.25927842447266464
exp1a_163,0,0,4,1.0,-0.7363996791923271
exp1a_163,0,0,5,1.0,0.843383917424483
exp1a_163,1,0,5,-1.0,-0.037429674856308215
exp1a_163,0,0,5,0.0,-0.7363996791923271
exp1a_163,0,0,5,0.0,-0.037429674856308215
exp1a_163,0,0,5,0.0,-0.25927842447266464
exp1a_163,0,0,6,-1.0,-0.25927842447266464
exp1a_163,1,0,6,-1.0,-0.7363996791923271
exp1a_163,1,1,5,0.0,0.2178428302469978
exp1a_163,0,0,6,0.0,0.2178428302469978
exp1a_163,0,0,6,-1.0,0.843383917424483
exp1a_163,1,1,6,-1.0,-0.037429674856308215
exp1a_163,1,1,6,1.0,0.843383917424483
exp1a_163,1,1,6,-1.0,0.843383917424483
exp1a_163,0,0,6,1.0,0.843383917424483
exp1a_163,0,0,6,0.0,-0.25927842447266464
exp1a_163,1,1,6,0.0,-0.7363996791923271
exp1a_163,0,0,4,-1.0,-0.7363996791923271
exp1a_163,0,0,6,1.0,0.2178428302469978
exp1a_163,0,0,6,-1.0,0.2178428302469978
exp1a_163,0,1,5,-1.0,-0.25927842447266464
exp1a_163,0,0,4,0.0,-0.7363996791923271
exp1a_163,1,0,4,-1.0,-0.25927842447266464
exp1a_163,0,0,4,1.0,-0.037429674856308215
exp1a_163,1,0,4,-1.0,-0.7363996791923271
exp1a_163,1,0,4,1.0,-0.7363996791923271
exp1a_163,0,0,6,0.0,0.2178428302469978
exp1a_163,1,0,4,1.0,-0.25927842447266464
exp1a_163,1,1,5,0.0,-0.037429674856308215
exp1a_163,0,0,6,0.0,-0.037429674856308215
exp1a_163,1,1,6,-1.0,0.2178428302469978
exp1a_163,1,1,6,1.0,0.2178428302469978
exp1a_163,0,0,5,1.0,-0.25927842447266464
exp1a_163,1,1,6,0.0,-0.25927842447266464
exp1a_163,1,1,6,0.0,0.2178428302469978
exp1a_163,0,0,6,0.0,0.843383917424483
exp1a_163,1,1,6,0.0,0.2178428302469978
exp1a_163,0,0,6,1.0,0.2178428302469978
exp1a_163,0,1,5,-1.0,-0.25927842447266464
exp1a_163,0,0,6,1.0,-0.037429674856308215
exp1a_163,1,1,6,0.0,-0.037429674856308215
exp1a_163,0,0,6,0.0,0.2178428302469978
exp1a_163,0,0,4,1.0,-0.7363996791923271
exp1a_163,0,0,6,-1.0,0.843383917424483
exp1a_163,1,1,6,1.0,0.2178428302469978
exp1a_163,0,0,6,1.0,-0.25927842447266464
exp1a_163,0,0,4,-1.0,-0.7363996791923271
exp1a_163,1,1,5,1.0,-0.037429674856308215
exp1a_163,1,0,5,0.0,-0.7363996791923271
exp1a_163,0,1,3,0.0,-0.037429674856308215
exp1a_163,1,1,6,-1.0,0.843383917424483
exp1a_163,1,1,6,-1.0,-0.037429674856308215
exp1a_163,0,0,6,0.0,0.843383917424483
exp1a_163,0,1,6,0.0,-0.7363996791923271
exp1a_163,1,0,6,-1.0,-0.7363996791923271
exp1a_163,0,0,6,1.0,0.843383917424483
exp1a_163,1,1,6,0.0,0.843383917424483
exp1a_163,1,1,6,1.0,-0.037429674856308215
exp1a_163,1,1,6,1.0,-0.7363996791923271
exp1a_163,1,1,3,-1.0,-0.7363996791923271
exp1a_163,0,0,6,0.0,-0.037429674856308215
exp1a_163,1,1,6,0.0,-0.037429674856308215
exp1a_163,1,0,4,-1.0,-0.25927842447266464
exp1a_163,1,0,4,0.0,-0.7363996791923271
exp1a_163,1,1,6,-1.0,0.843383917424483
exp1a_163,1,1,6,1.0,0.843383917424483
exp1a_163,1,1,6,1.0,-0.25927842447266464
exp1a_163,0,0,4,1.0,-0.7363996791923271
exp1a_163,0,0,4,-1.0,-0.7363996791923271
exp1a_163,0,0,4,0.0,0.843383917424483
exp1a_163,1,1,6,0.0,0.843383917424483
exp1a_163,0,0,6,0.0,-0.25927842447266464
exp1a_163,1,0,6,0.0,-0.25927842447266464
exp1a_163,1,1,6,-1.0,-0.037429674856308215
exp1a_163,1,0,4,1.0,0.2178428302469978
exp1a_163,0,0,4,1.0,-0.25927842447266464
exp1a_163,0,0,6,-1.0,-0.037429674856308215
exp1a_163,0,0,6,1.0,0.2178428302469978
exp1a_164,1,1,6,-1.0,-0.25927842447266464
exp1a_164,0,1,6,0.0,0.2178428302469978
exp1a_164,1,1,6,1.0,-0.25927842447266464
exp1a_164,1,1,6,-1.0,-0.7363996791923271
exp1a_164,0,1,6,0.0,-0.7363996791923271
exp1a_164,1,1,5,0.0,-0.7363996791923271
exp1a_164,1,1,6,1.0,0.2178428302469978
exp1a_164,0,1,5,0.0,-0.25927842447266464
exp1a_164,0,1,6,1.0,-0.7363996791923271
exp1a_164,0,1,6,1.0,0.2178428302469978
exp1a_164,0,0,1,-1.0,-0.037429674856308215
exp1a_164,1,1,5,1.0,-0.7363996791923271
exp1a_164,0,1,6,-1.0,0.2178428302469978
exp1a_164,1,1,6,0.0,0.843383917424483
exp1a_164,0,1,6,-1.0,-0.25927842447266464
exp1a_164,0,1,5,1.0,-0.037429674856308215
exp1a_164,1,1,6,0.0,-0.25927842447266464
exp1a_164,1,1,6,-1.0,-0.037429674856308215
exp1a_164,0,1,6,-1.0,-0.7363996791923271
exp1a_164,1,1,6,0.0,0.2178428302469978
exp1a_164,0,1,6,0.0,-0.037429674856308215
exp1a_164,1,1,4,1.0,-0.037429674856308215
exp1a_164,0,0,6,-1.0,0.843383917424483
exp1a_164,1,1,6,-1.0,0.843383917424483
exp1a_164,1,1,5,1.0,0.843383917424483
exp1a_164,0,0,6,0.0,0.843383917424483
exp1a_164,0,0,6,1.0,0.843383917424483
exp1a_164,1,1,6,0.0,-0.037429674856308215
exp1a_164,1,1,6,-1.0,0.2178428302469978
exp1a_164,0,1,6,1.0,-0.25927842447266464
exp1a_164,0,1,4,0.0,-0.037429674856308215
exp1a_164,0,1,4,0.0,0.2178428302469978
exp1a_164,0,0,6,1.0,0.843383917424483
exp1a_164,0,0,2,0.0,0.843383917424483
exp1a_164,1,0,6,-1.0,-0.25927842447266464
exp1a_164,0,1,5,1.0,-0.25927842447266464
exp1a_164,1,1,4,-1.0,0.2178428302469978
exp1a_164,1,1,5,0.0,-0.037429674856308215
exp1a_164,1,1,6,0.0,0.2178428302469978
exp1a_164,0,0,6,-1.0,-0.037429674856308215
exp1a_164,0,0,6,-1.0,0.2178428302469978
exp1a_164,1,1,6,0.0,-0.7363996791923271
exp1a_164,1,1,5,0.0,-0.25927842447266464
exp1a_164,1,1,6,-1.0,-0.7363996791923271
exp1a_164,0,1,6,1.0,-0.7363996791923271
exp1a_164,0,0,5,1.0,0.2178428302469978
exp1a_164,0,0,6,1.0,-0.037429674856308215
exp1a_164,0,1,6,0.0,-0.7363996791923271
exp1a_164,0,0,6,0.0,-0.25927842447266464
exp1a_164,1,1,4,1.0,0.843383917424483
exp1a_164,1,1,6,0.0,0.843383917424483
exp1a_164,1,1,6,-1.0,-0.037429674856308215
exp1a_164,0,1,6,-1.0,-0.7363996791923271
exp1a_164,1,1,5,1.0,-0.037429674856308215
exp1a_164,1,1,5,1.0,-0.25927842447266464
exp1a_164,1,1,4,1.0,-0.7363996791923271
exp1a_164,0,0,6,-1.0,-0.25927842447266464
exp1a_164,0,0,5,-1.0,0.843383917424483
exp1a_164,1,1,6,1.0,0.2178428302469978
exp1a_164,1,1,6,-1.0,0.843383917424483
exp1a_164,0,1,3,0.0,-0.25927842447266464
exp1a_164,0,1,2,0.0,0.2178428302469978
exp1a_164,1,1,1,-1.0,-0.037429674856308215
exp1a_164,0,1,1,-1.0,-0.037429674856308215
exp1a_164,0,0,6,-1.0,0.843383917424483
exp1a_164,1,1,6,1.0,-0.7363996791923271
exp1a_164,0,1,6,0.0,-0.037429674856308215
exp1a_164,1,1,6,-1.0,-0.25927842447266464
exp1a_164,1,1,5,-1.0,0.843383917424483
exp1a_164,1,1,6,0.0,-0.7363996791923271
exp1a_164,1,1,4,1.0,0.843383917424483
exp1a_164,1,1,4,-1.0,-0.7363996791923271
exp1a_164,1,1,3,1.0,-0.25927842447266464
exp1a_164,1,1,1,1.0,0.2178428302469978
exp1a_164,0,1,6,0.0,-0.7363996791923271
exp1a_164,0,0,4,1.0,0.843383917424483
exp1a_164,1,1,6,0.0,0.843383917424483
exp1a_164,0,1,6,-1.0,-0.25927842447266464
exp1a_164,0,1,6,1.0,-0.7363996791923271
exp1a_164,0,1,5,1.0,-0.25927842447266464
exp1a_164,1,1,2,0.0,0.2178428302469978
exp1a_164,0,1,2,-1.0,-0.7363996791923271
exp1a_164,1,1,4,0.0,-0.25927842447266464
exp1a_164,0,0,2,0.0,0.843383917424483
exp1a_164,0,0,1,-1.0,0.2178428302469978
exp1a_164,1,1,4,0.0,-0.037429674856308215
exp1a_164,0,0,3,1.0,0.2178428302469978
exp1a_164,1,1,4,1.0,-0.037429674856308215
exp1a_164,0,1,4,1.0,-0.037429674856308215
exp1a_164,1,1,5,-1.0,0.2178428302469978
exp1a_164,1,1,6,1.0,-0.25927842447266464
exp1a_164,0,1,6,1.0,-0.7363996791923271
exp1a_164,0,0,6,0.0,-0.25927842447266464
exp1a_164,0,0,6,1.0,-0.25927842447266464
exp1a_164,1,1,6,1.0,0.843383917424483
exp1a_164,1,1,6,0.0,-0.25927842447266464
exp1a_164,0,0,6,-1.0,0.843383917424483
exp1a_164,0,0,6,1.0,-0.037429674856308215
exp1a_164,0,0,6,0.0,-0.037429674856308215
exp1a_164,1,1,6,1.0,-0.037429674856308215
exp1a_164,0,0,6,0.0,-0.7363996791923271
exp1a_164,1,0,6,0.0,-0.7363996791923271
exp1a_164,0,0,6,-1.0,-0.037429674856308215
exp1a_164,1,1,6,0.0,0.843383917424483
exp1a_164,1,1,6,-1.0,-0.037429674856308215
exp1a_164,0,1,6,-1.0,-0.7363996791923271
exp1a_164,0,1,6,-1.0,-0.25927842447266464
exp1a_164,0,0,6,0.0,0.2178428302469978
exp1a_164,1,1,6,-1.0,0.2178428302469978
exp1a_164,0,0,6,-1.0,0.2178428302469978
exp1a_164,1,1,6,-1.0,0.843383917424483
exp1a_164,1,1,6,1.0,0.2178428302469978
exp1a_164,0,0,6,1.0,0.843383917424483
exp1a_164,1,0,6,-1.0,-0.7363996791923271
exp1a_164,1,1,6,0.0,0.2178428302469978
exp1a_164,1,1,6,-1.0,-0.25927842447266464
exp1a_164,1,1,6,0.0,-0.037429674856308215
exp1a_164,0,0,6,1.0,0.2178428302469978
exp1a_164,1,1,5,1.0,-0.25927842447266464
exp1a_164,1,1,5,0.0,-0.037429674856308215
exp1a_164,0,0,5,-1.0,0.2178428302469978
exp1a_164,0,0,5,1.0,-0.7363996791923271
exp1a_164,0,0,5,0.0,-0.25927842447266464
exp1a_164,1,1,5,-1.0,0.843383917424483
exp1a_164,1,1,6,0.0,0.2178428302469978
exp1a_164,1,1,6,-1.0,0.2178428302469978
exp1a_164,0,1,6,1.0,-0.037429674856308215
exp1a_164,0,0,6,0.0,0.2178428302469978
exp1a_164,0,0,6,-1.0,0.843383917424483
exp1a_164,1,0,6,1.0,-0.037429674856308215
exp1a_164,1,1,6,0.0,-0.7363996791923271
exp1a_164,1,0,6,0.0,-0.25927842447266464
exp1a_164,0,0,6,1.0,-0.25927842447266464
exp1a_164,0,0,6,0.0,-0.7363996791923271
exp1a_164,1,1,6,1.0,-0.7363996791923271
exp1a_164,0,0,6,-1.0,-0.7363996791923271
exp1a_164,0,0,6,1.0,0.2178428302469978
exp1a_164,1,0,6,-1.0,-0.037429674856308215
exp1a_164,0,0,6,0.0,-0.037429674856308215
exp1a_164,1,0,6,1.0,0.2178428302469978
exp1a_164,1,1,6,0.0,0.843383917424483
exp1a_164,0,0,6,1.0,0.843383917424483
exp1a_164,0,0,6,-1.0,-0.25927842447266464
exp1a_164,1,1,6,1.0,0.843383917424483
exp1a_164,0,0,6,-1.0,-0.037429674856308215
exp1a_164,0,0,6,0.0,0.843383917424483
exp1a_164,1,0,6,-1.0,-0.7363996791923271
exp1a_164,1,1,6,-1.0,-0.25927842447266464
exp1a_164,0,0,6,0.0,0.843383917424483
exp1a_164,1,0,6,1.0,-0.25927842447266464
exp1a_164,1,0,6,0.0,-0.037429674856308215
exp1a_164,0,0,6,1.0,0.843383917424483
exp1a_164,1,0,6,-1.0,-0.7363996791923271
exp1a_164,1,0,6,-1.0,-0.25927842447266464
exp1a_164,0,0,6,0.0,-0.25927842447266464
exp1a_164,1,1,6,0.0,-0.25927842447266464
exp1a_164,1,0,6,0.0,-0.7363996791923271
exp1a_164,1,1,6,1.0,0.2178428302469978
exp1a_164,0,0,6,-1.0,-0.037429674856308215
exp1a_164,1,1,6,-1.0,0.843383917424483
exp1a_164,0,1,6,1.0,-0.7363996791923271
exp1a_164,0,0,6,1.0,0.2178428302469978
exp1a_164,0,0,6,1.0,-0.25927842447266464
exp1a_164,1,1,6,0.0,0.843383917424483
exp1a_164,0,0,6,0.0,-0.037429674856308215
exp1a_164,1,1,6,0.0,0.2178428302469978
exp1a_164,0,1,6,0.0,-0.7363996791923271
exp1a_164,0,1,6,-1.0,-0.7363996791923271
exp1a_164,0,0,6,0.0,0.2178428302469978
exp1a_164,1,1,6,1.0,-0.7363996791923271
exp1a_164,0,1,6,-1.0,-0.25927842447266464
exp1a_164,0,0,6,-1.0,0.843383917424483
exp1a_164,1,1,6,-1.0,0.2178428302469978
exp1a_164,0,0,6,-1.0,0.2178428302469978
exp1a_164,1,1,6,1.0,-0.037429674856308215
exp1a_164,1,1,6,-1.0,-0.037429674856308215
exp1a_164,1,1,6,1.0,0.843383917424483
exp1a_164,0,0,6,1.0,-0.037429674856308215
exp1a_164,1,1,6,-1.0,0.843383917424483
exp1a_164,0,0,6,-1.0,0.2178428302469978
exp1a_164,0,0,6,1.0,0.2178428302469978
exp1a_164,1,0,6,-1.0,-0.7363996791923271
exp1a_164,1,1,6,0.0,-0.25927842447266464
exp1a_164,1,1,6,0.0,-0.7363996791923271
exp1a_164,1,1,6,1.0,0.2178428302469978
exp1a_164,0,0,6,-1.0,-0.037429674856308215
exp1a_164,0,0,6,1.0,-0.037429674856308215
exp1a_164,0,0,6,-1.0,0.843383917424483
exp1a_164,1,1,6,1.0,0.843383917424483
exp1a_164,0,0,6,1.0,0.843383917424483
exp1a_164,1,1,6,-1.0,-0.037429674856308215
exp1a_164,0,0,6,0.0,0.2178428302469978
exp1a_164,1,1,6,1.0,-0.25927842447266464
exp1a_164,0,0,6,-1.0,-0.7363996791923271
exp1a_164,0,0,6,0.0,-0.25927842447266464
exp1a_164,0,1,6,1.0,-0.7363996791923271
exp1a_164,1,1,6,1.0,-0.7363996791923271
exp1a_164,1,0,6,1.0,-0.037429674856308215
exp1a_164,0,1,6,1.0,-0.25927842447266464
exp1a_164,0,0,6,0.0,-0.7363996791923271
exp1a_164,1,0,6,0.0,-0.037429674856308215
exp1a_164,1,1,6,-1.0,-0.25927842447266464
exp1a_164,1,1,6,-1.0,0.2178428302469978
exp1a_164,0,1,6,-1.0,-0.25927842447266464
exp1a_164,0,1,6,0.0,-0.037429674856308215
exp1a_164,1,1,6,1.0,0.843383917424483
exp1a_164,0,0,6,-1.0,0.843383917424483
exp1a_164,1,1,6,-1.0,0.843383917424483
exp1a_164,1,1,6,-1.0,-0.25927842447266464
exp1a_164,1,1,6,1.0,-0.037429674856308215
exp1a_164,0,1,6,0.0,0.2178428302469978
exp1a_164,1,1,6,1.0,-0.25927842447266464
exp1a_164,0,0,6,0.0,-0.25927842447266464
exp1a_164,1,0,6,-1.0,-0.037429674856308215
exp1a_164,1,0,6,0.0,-0.7363996791923271
exp1a_164,0,0,6,1.0,0.843383917424483
exp1a_164,0,1,6,0.0,-0.7363996791923271
exp1a_164,1,1,6,0.0,-0.037429674856308215
exp1a_164,0,1,6,-1.0,-0.25927842447266464
exp1a_164,0,1,6,1.0,-0.25927842447266464
exp1a_164,1,1,6,0.0,-0.25927842447266464
exp1a_164,0,1,6,-1.0,-0.7363996791923271
exp1a_164,1,1,6,-1.0,0.2178428302469978
exp1a_164,1,1,6,0.0,0.2178428302469978
exp1a_164,0,1,6,-1.0,0.2178428302469978
exp1a_164,0,1,6,1.0,-0.7363996791923271
exp1a_164,0,1,6,0.0,-0.037429674856308215
exp1a_164,1,1,6,-1.0,-0.7363996791923271
exp1a_164,1,1,6,1.0,0.2178428302469978
exp1a_164,0,0,6,1.0,0.2178428302469978
exp1a_164,0,0,6,1.0,-0.037429674856308215
exp1a_164,1,1,6,0.0,0.843383917424483
exp1a_164,1,0,6,1.0,-0.7363996791923271
exp1a_164,0,0,6,-1.0,-0.037429674856308215
exp1a_165,1,1,5,1.0,0.2178428302469978
exp1a_165,1,1,4,-1.0,-0.25927842447266464
exp1a_165,0,0,5,1.0,0.2178428302469978
exp1a_165,1,1,4,0.0,0.843383917424483
exp1a_165,1,1,4,0.0,-0.25927842447266464
exp1a_165,0,0,5,1.0,-0.037429674856308215
exp1a_165,1,1,5,1.0,0.843383917424483
exp1a_165,0,0,5,1.0,-0.25927842447266464
exp1a_165,1,1,4,0.0,-0.7363996791923271
exp1a_165,0,1,4,-1.0,-0.037429674856308215
exp1a_165,1,1,4,0.0,0.2178428302469978
exp1a_165,1,0,4,1.0,-0.037429674856308215
exp1a_165,1,1,4,1.0,-0.7363996791923271
exp1a_165,1,1,6,0.0,-0.037429674856308215
exp1a_165,0,0,6,1.0,0.843383917424483
exp1a_165,1,1,4,1.0,-0.25927842447266464
exp1a_165,0,1,3,-1.0,0.2178428302469978
exp1a_165,1,1,5,-1.0,0.843383917424483
exp1a_165,0,0,5,-1.0,0.843383917424483
exp1a_165,0,1,5,0.0,0.2178428302469978
exp1a_165,1,1,4,-1.0,-0.037429674856308215
exp1a_165,1,1,4,-1.0,-0.7363996791923271
exp1a_165,0,1,3,-1.0,-0.7363996791923271
exp1a_165,1,1,4,-1.0,0.2178428302469978
exp1a_165,0,1,4,0.0,-0.7363996791923271
exp1a_165,0,0,4,0.0,-0.25927842447266464
exp1a_165,0,1,4,1.0,-0.7363996791923271
exp1a_165,1,1,4,-1.0,0.2178428302469978
exp1a_165,1,1,4,-1.0,0.843383917424483
exp1a_165,0,0,6,1.0,-0.25927842447266464
exp1a_165,1,1,4,0.0,-0.25927842447266464
exp1a_165,1,0,3,-1.0,-0.25927842447266464
exp1a_165,0,0,6,-1.0,0.843383917424483
exp1a_165,0,0,6,1.0,0.2178428302469978
exp1a_165,0,0,5,-1.0,0.2178428302469978
exp1a_165,0,0,6,1.0,0.843383917424483
exp1a_165,0,0,6,1.0,-0.7363996791923271
exp1a_165,1,1,3,-1.0,-0.037429674856308215
exp1a_165,1,0,4,-1.0,-0.7363996791923271
exp1a_165,1,0,5,1.0,-0.7363996791923271
exp1a_165,0,0,5,0.0,0.843383917424483
exp1a_165,1,0,5,1.0,0.2178428302469978
exp1a_165,1,0,5,0.0,-0.037429674856308215
exp1a_165,1,0,6,1.0,-0.037429674856308215
exp1a_165,0,0,4,-1.0,-0.037429674856308215
exp1a_165,1,1,5,0.0,0.843383917424483
exp1a_165,1,1,5,0.0,0.2178428302469978
exp1a_165,0,0,5,0.0,-0.037429674856308215
exp1a_165,0,0,5,0.0,0.2178428302469978
exp1a_165,1,0,4,0.0,-0.7363996791923271
exp1a_165,0,0,5,0.0,-0.25927842447266464
exp1a_165,1,1,6,1.0,0.843383917424483
exp1a_165,0,0,1,-1.0,-0.25927842447266464
exp1a_165,0,0,2,1.0,-0.037429674856308215
exp1a_165,0,1,4,0.0,-0.7363996791923271
exp1a_165,0,1,1,-1.0,-0.7363996791923271
exp1a_165,0,0,5,1.0,-0.037429674856308215
exp1a_165,1,1,6,-1.0,0.843383917424483
exp1a_165,1,1,6,0.0,0.843383917424483
exp1a_165,0,0,1,-1.0,0.843383917424483
exp1a_165,0,0,1,-1.0,-0.25927842447266464
exp1a_165,0,0,6,1.0,-0.25927842447266464
exp1a_165,0,0,1,0.0,-0.7363996791923271
exp1a_165,1,0,1,-1.0,0.2178428302469978
exp1a_165,1,0,1,1.0,-0.25927842447266464
exp1a_165,0,1,1,-1.0,0.2178428302469978
exp1a_165,1,0,1,-1.0,-0.037429674856308215
exp1a_165,0,0,6,0.0,0.843383917424483
exp1a_165,0,0,6,0.0,-0.25927842447266464
exp1a_165,1,0,6,-1.0,-0.25927842447266464
exp1a_165,0,0,1,-1.0,-0.037429674856308215
exp1a_165,1,1,5,0.0,-0.037429674856308215
exp1a_165,1,0,1,1.0,0.2178428302469978
exp1a_165,0,0,1,-1.0,-0.7363996791923271
exp1a_165,1,1,6,1.0,0.843383917424483
exp1a_165,1,0,5,0.0,0.2178428302469978
exp1a_165,1,1,6,-1.0,-0.7363996791923271
exp1a_165,0,0,1,0.0,0.2178428302469978
exp1a_165,1,0,2,0.0,-0.7363996791923271
exp1a_165,0,0,2,0.0,-0.037429674856308215
exp1a_165,0,0,6,1.0,-0.7363996791923271
exp1a_165,1,0,6,1.0,-0.7363996791923271
exp1a_165,1,0,2,0.0,-0.25927842447266464
exp1a_165,1,0,1,1.0,-0.037429674856308215
exp1a_165,0,0,6,1.0,0.843383917424483
exp1a_165,0,0,6,1.0,-0.7363996791923271
exp1a_165,1,1,1,-1.0,-0.037429674856308215
exp1a_165,1,0,5,1.0,-0.25927842447266464
exp1a_165,0,1,1,-1.0,-0.25927842447266464
exp1a_165,1,1,2,1.0,-0.037429674856308215
exp1a_165,1,1,2,-1.0,-0.7363996791923271
exp1a_165,1,1,4,0.0,0.843383917424483
exp1a_165,1,1,5,1.0,0.2178428302469978
exp1a_165,0,0,5,0.0,0.2178428302469978
exp1a_165,1,0,5,0.0,0.2178428302469978
exp1a_165,0,0,6,-1.0,0.843383917424483
exp1a_165,0,0,2,-1.0,0.2178428302469978
exp1a_165,1,1,6,1.0,0.843383917424483
exp1a_165,0,0,5,0.0,0.843383917424483
exp1a_165,0,0,1,-1.0,-0.7363996791923271
exp1a_165,0,0,6,-1.0,-0.037429674856308215
exp1a_165,1,1,6,-1.0,0.843383917424483
exp1a_165,0,0,5,0.0,-0.037429674856308215
exp1a_165,0,0,6,1.0,0.2178428302469978
exp1a_165,0,0,2,1.0,-0.25927842447266464
exp1a_165,0,0,1,1.0,0.843383917424483
exp1a_165,1,1,3,-1.0,-0.25927842447266464
exp1a_165,1,0,5,0.0,-0.25927842447266464
exp1a_165,0,0,5,0.0,-0.25927842447266464
exp1a_165,0,0,1,1.0,-0.037429674856308215
exp1a_165,1,0,1,1.0,-0.7363996791923271
exp1a_165,0,1,5,0.0,-0.7363996791923271
exp1a_165,1,1,5,0.0,-0.7363996791923271
exp1a_165,0,1,1,-1.0,-0.25927842447266464
exp1a_165,1,0,4,0.0,-0.7363996791923271
exp1a_165,0,1,5,0.0,-0.7363996791923271
exp1a_165,0,0,6,-1.0,0.2178428302469978
exp1a_165,1,0,6,-1.0,-0.7363996791923271
exp1a_165,1,0,5,0.0,-0.25927842447266464
exp1a_165,1,0,1,-1.0,0.2178428302469978
exp1a_165,1,1,6,1.0,-0.7363996791923271
exp1a_165,1,1,6,1.0,0.2178428302469978
exp1a_165,1,1,6,1.0,-0.25927842447266464
exp1a_165,1,0,6,1.0,-0.037429674856308215
exp1a_165,0,0,6,1.0,0.843383917424483
exp1a_165,0,1,6,0.0,-0.25927842447266464
exp1a_165,0,0,6,0.0,0.2178428302469978
exp1a_165,0,0,6,1.0,-0.25927842447266464
exp1a_165,1,1,6,0.0,0.2178428302469978
exp1a_165,1,0,6,0.0,-0.037429674856308215
exp1a_165,0,0,1,-1.0,-0.037429674856308215
exp1a_165,0,0,6,0.0,-0.037429674856308215
exp1a_165,1,1,6,1.0,0.843383917424483
exp1a_165,1,1,6,-1.0,-0.25927842447266464
exp1a_165,1,1,6,-1.0,0.843383917424483
exp1a_165,0,1,6,1.0,-0.7363996791923271
exp1a_165,0,1,6,1.0,0.2178428302469978
exp1a_165,0,0,6,0.0,0.843383917424483
exp1a_165,1,1,1,-1.0,-0.037429674856308215
exp1a_165,1,1,6,0.0,0.843383917424483
exp1a_165,0,0,6,1.0,-0.037429674856308215
exp1a_165,0,0,1,-1.0,-0.7363996791923271
exp1a_165,0,0,6,-1.0,0.843383917424483
exp1a_165,1,1,6,0.0,-0.037429674856308215
exp1a_165,0,0,6,1.0,-0.25927842447266464
exp1a_165,1,1,1,-1.0,-0.7363996791923271
exp1a_165,0,0,2,-1.0,0.2178428302469978
exp1a_165,0,0,5,0.0,-0.25927842447266464
exp1a_165,1,1,5,0.0,-0.7363996791923271
exp1a_165,0,0,6,1.0,0.2178428302469978
exp1a_165,1,0,1,-1.0,-0.037429674856308215
exp1a_165,0,0,6,1.0,0.843383917424483
exp1a_165,0,1,5,-1.0,-0.037429674856308215
exp1a_165,1,1,6,-1.0,0.843383917424483
exp1a_165,1,1,6,-1.0,0.2178428302469978
exp1a_165,0,0,6,0.0,-0.037429674856308215
exp1a_165,1,1,6,0.0,0.843383917424483
exp1a_165,0,0,1,-1.0,-0.7363996791923271
exp1a_165,1,1,6,1.0,0.843383917424483
exp1a_165,0,0,6,1.0,-0.037429674856308215
exp1a_165,0,0,1,-1.0,-0.25927842447266464
exp1a_165,1,1,6,1.0,-0.7363996791923271
exp1a_165,1,0,6,1.0,-0.25927842447266464
exp1a_165,1,1,6,0.0,0.2178428302469978
exp1a_165,1,0,6,1.0,-0.037429674856308215
exp1a_165,0,1,6,0.0,-0.7363996791923271
exp1a_165,0,0,6,1.0,-0.7363996791923271
exp1a_165,1,1,1,-1.0,-0.25927842447266464
exp1a_165,1,1,6,0.0,-0.25927842447266464
exp1a_165,0,0,6,0.0,0.843383917424483
exp1a_165,0,0,6,-1.0,0.843383917424483
exp1a_165,0,1,6,0.0,-0.7363996791923271
exp1a_165,0,0,6,1.0,0.843383917424483
exp1a_165,1,1,2,0.0,0.843383917424483
exp1a_165,1,0,2,-1.0,-0.7363996791923271
exp1a_165,1,1,6,1.0,-0.25927842447266464
exp1a_165,0,1,2,-1.0,0.2178428302469978
exp1a_165,0,0,1,-1.0,-0.037429674856308215
exp1a_165,0,0,6,1.0,-0.7363996791923271
exp1a_165,1,0,6,0.0,-0.25927842447266464
exp1a_165,1,0,6,1.0,0.2178428302469978
exp1a_165,0,0,1,-1.0,0.843383917424483
exp1a_165,0,0,6,1.0,0.2178428302469978
exp1a_165,0,0,5,0.0,0.843383917424483
exp1a_165,0,1,6,0.0,0.2178428302469978
exp1a_165,1,1,1,-1.0,-0.037429674856308215
exp1a_165,1,1,1,-1.0,0.843383917424483
exp1a_165,0,0,1,-1.0,-0.7363996791923271
exp1a_165,1,0,6,0.0,-0.7363996791923271
exp1a_165,0,1,1,0.0,-0.25927842447266464
exp1a_165,1,1,1,-1.0,-0.25927842447266464
exp1a_165,1,1,6,1.0,-0.037429674856308215
exp1a_165,1,1,5,1.0,-0.7363996791923271
exp1a_165,1,1,6,1.0,0.843383917424483
exp1a_165,0,0,6,1.0,-0.037429674856308215
exp1a_165,1,1,1,-1.0,0.2178428302469978
exp1a_165,0,1,6,1.0,-0.25927842447266464
exp1a_165,1,1,6,0.0,0.2178428302469978
exp1a_165,0,1,6,1.0,-0.7363996791923271
exp1a_165,1,1,6,-1.0,0.843383917424483
exp1a_165,0,1,3,-1.0,0.2178428302469978
exp1a_165,0,1,6,1.0,-0.25927842447266464
exp1a_165,1,1,6,0.0,-0.25927842447266464
exp1a_165,1,1,6,0.0,-0.7363996791923271
exp1a_165,0,1,6,0.0,-0.037429674856308215
exp1a_165,1,1,6,0.0,-0.037429674856308215
exp1a_165,0,1,1,-1.0,-0.7363996791923271
exp1a_165,0,0,6,-1.0,0.843383917424483
exp1a_165,0,1,6,0.0,-0.7363996791923271
exp1a_165,1,0,2,0.0,0.2178428302469978
exp1a_165,1,0,6,-1.0,-0.7363996791923271
exp1a_165,1,0,6,1.0,0.2178428302469978
exp1a_165,1,1,4,1.0,-0.7363996791923271
exp1a_165,0,0,1,-1.0,-0.037429674856308215
exp1a_165,1,1,6,1.0,0.843383917424483
exp1a_165,1,1,6,1.0,-0.037429674856308215
exp1a_165,0,0,6,1.0,-0.037429674856308215
exp1a_165,0,0,6,0.0,-0.25927842447266464
exp1a_165,0,0,6,0.0,0.843383917424483
exp1a_165,1,0,5,-1.0,-0.25927842447266464
exp1a_165,0,0,1,-1.0,-0.25927842447266464
exp1a_165,1,1,6,-1.0,0.2178428302469978
exp1a_165,0,0,6,1.0,0.843383917424483
exp1a_165,0,0,6,1.0,0.2178428302469978
exp1a_165,1,1,6,1.0,-0.25927842447266464
exp1a_165,1,1,1,-1.0,-0.037429674856308215
exp1a_165,0,0,6,0.0,0.2178428302469978
exp1a_166,0,0,2,1.0,0.2178428302469978
exp1a_166,0,1,1,-1.0,-0.25927842447266464
exp1a_166,0,0,4,1.0,-0.037429674856308215
exp1a_166,0,1,5,0.0,-0.7363996791923271
exp1a_166,1,1,6,-1.0,0.843383917424483
exp1a_166,0,0,5,1.0,-0.25927842447266464
exp1a_166,0,1,2,-1.0,-0.037429674856308215
exp1a_166,1,0,5,-1.0,-0.25927842447266464
exp1a_166,0,0,2,0.0,0.2178428302469978
exp1a_166,1,1,4,0.0,0.2178428302469978
exp1a_166,0,0,2,-1.0,0.843383917424483
exp1a_166,1,1,5,1.0,-0.037429674856308215
exp1a_166,1,1,4,0.0,-0.25927842447266464
exp1a_166,1,0,1,0.0,-0.7363996791923271
exp1a_166,1,1,1,-1.0,-0.7363996791923271
exp1a_166,1,1,1,-1.0,0.2178428302469978
exp1a_166,0,1,5,-1.0,-0.7363996791923271
exp1a_166,1,1,6,1.0,0.843383917424483
exp1a_166,0,0,5,0.0,0.843383917424483
exp1a_166,0,0,6,1.0,0.843383917424483
exp1a_166,1,1,5,1.0,0.2178428302469978
exp1a_166,0,0,1,1.0,-0.7363996791923271
exp1a_166,1,1,2,1.0,-0.25927842447266464
exp1a_166,1,0,2,1.0,-0.7363996791923271
exp1a_166,0,0,1,-1.0,0.2178428302469978
exp1a_166,1,1,5,0.0,-0.037429674856308215
exp1a_166,0,1,1,0.0,-0.037429674856308215
exp1a_166,0,1,5,0.0,-0.25927842447266464
exp1a_166,1,1,6,0.0,0.843383917424483
exp1a_166,1,1,1,-1.0,-0.037429674856308215
exp1a_166,0,1,5,1.0,-0.25927842447266464
exp1a_166,1,1,1,-1.0,0.843383917424483
exp1a_166,1,1,4,0.0,-0.25927842447266464
exp1a_166,1,1,5,1.0,-0.037429674856308215
exp1a_166,0,0,1,-1.0,-0.25927842447266464
exp1a_166,1,1,1,-1.0,-0.037429674856308215
exp1a_166,1,1,5,0.0,-0.037429674856308215
exp1a_166,1,0,1,-1.0,-0.7363996791923271
exp1a_166,0,0,1,-1.0,0.843383917424483
exp1a_166,1,1,5,-1.0,-0.25927842447266464
exp1a_166,0,0,1,-1.0,-0.037429674856308215
exp1a_166,0,1,5,1.0,-0.037429674856308215
exp1a_166,0,0,2,0.0,0.843383917424483
exp1a_166,1,1,1,-1.0,0.2178428302469978
exp1a_166,1,1,4,1.0,-0.25927842447266464
exp1a_166,0,1,2,0.0,-0.7363996791923271
exp1a_166,0,0,2,0.0,0.2178428302469978
exp1a_166,0,0,5,1.0,0.843383917424483
exp1a_166,1,1,5,0.0,0.2178428302469978
exp1a_166,0,1,2,0.0,-0.25927842447266464
exp1a_166,0,1,5,1.0,-0.7363996791923271
exp1a_166,0,0,1,0.0,-0.037429674856308215
exp1a_166,1,1,6,1.0,0.843383917424483
exp1a_166,0,0,5,1.0,0.2178428302469978
exp1a_166,1,1,1,0.0,-0.7363996791923271
exp1a_166,1,1,4,0.0,0.843383917424483
exp1a_166,0,0,5,-1.0,0.2178428302469978
exp1a_166,0,1,1,-1.0,-0.7363996791923271
exp1a_166,1,1,1,1.0,0.2178428302469978
exp1a_166,1,1,5,0.0,0.2178428302469978
exp1a_166,0,1,2,-1.0,-0.25927842447266464
exp1a_166,0,1,5,1.0,-0.037429674856308215
exp1a_166,1,1,5,1.0,0.843383917424483
exp1a_166,1,1,5,1.0,-0.037429674856308215
exp1a_166,1,1,2,-1.0,-0.037429674856308215
exp1a_166,0,1,1,0.0,-0.25927842447266464
exp1a_166,1,1,4,1.0,-0.25927842447266464
exp1a_166,0,1,4,1.0,-0.25927842447266464
exp1a_166,0,1,2,0.0,0.2178428302469978
exp1a_166,1,1,1,-1.0,-0.7363996791923271
exp1a_166,1,1,5,0.0,-0.25927842447266464
exp1a_166,0,0,1,1.0,-0.7363996791923271
exp1a_166,0,0,1,1.0,0.2178428302469978
exp1a_166,0,1,2,0.0,-0.7363996791923271
exp1a_166,1,1,2,0.0,-0.037429674856308215
exp1a_166,0,1,1,-1.0,0.2178428302469978
exp1a_166,0,1,4,0.0,-0.037429674856308215
exp1a_166,0,0,6,0.0,0.843383917424483
exp1a_166,1,1,6,-1.0,0.843383917424483
exp1a_166,1,1,6,0.0,0.843383917424483
exp1a_166,1,1,5,0.0,-0.7363996791923271
exp1a_166,0,0,1,-1.0,-0.037429674856308215
exp1a_166,1,1,4,-1.0,-0.25927842447266464
exp1a_166,1,0,2,1.0,-0.7363996791923271
exp1a_166,0,0,5,-1.0,0.843383917424483
exp1a_166,1,1,5,1.0,0.2178428302469978
exp1a_166,0,1,2,-1.0,-0.7363996791923271
exp1a_166,1,1,4,-1.0,0.2178428302469978
exp1a_166,0,0,5,1.0,0.843383917424483
exp1a_166,1,1,5,1.0,0.2178428302469978
exp1a_166,1,1,4,-1.0,-0.25927842447266464
exp1a_166,1,1,2,0.0,-0.037429674856308215
exp1a_166,0,0,5,0.0,0.2178428302469978
exp1a_166,1,1,1,-1.0,-0.7363996791923271
exp1a_166,0,1,2,0.0,-0.7363996791923271
exp1a_166,0,0,5,0.0,0.843383917424483
exp1a_166,1,1,4,-1.0,0.2178428302469978
exp1a_166,0,0,3,0.0,-0.037429674856308215
exp1a_166,0,0,4,-1.0,0.2178428302469978
exp1a_166,0,0,1,1.0,-0.25927842447266464
exp1a_166,0,1,1,-1.0,-0.7363996791923271
exp1a_166,0,1,4,0.0,-0.25927842447266464
exp1a_166,0,1,4,1.0,-0.7363996791923271
exp1a_166,1,1,5,1.0,-0.037429674856308215
exp1a_166,1,1,1,0.0,-0.7363996791923271
exp1a_166,1,1,2,1.0,-0.7363996791923271
exp1a_166,1,1,4,0.0,0.2178428302469978
exp1a_166,1,1,5,-1.0,0.843383917424483
exp1a_166,1,1,5,1.0,-0.25927842447266464
exp1a_166,1,1,5,0.0,0.843383917424483
exp1a_166,1,1,5,1.0,0.843383917424483
exp1a_166,0,0,4,1.0,-0.037429674856308215
exp1a_166,1,1,4,-1.0,-0.037429674856308215
exp1a_166,0,0,3,1.0,0.2178428302469978
exp1a_166,0,0,5,1.0,0.843383917424483
exp1a_166,0,1,1,-1.0,-0.037429674856308215
exp1a_166,0,0,5,-1.0,0.843383917424483
exp1a_166,1,1,4,0.0,-0.25927842447266464
exp1a_166,0,0,2,-1.0,-0.25927842447266464
exp1a_166,1,0,2,-1.0,-0.7363996791923271
exp1a_166,0,0,2,0.0,-0.25927842447266464
exp1a_166,0,0,5,1.0,0.843383917424483
exp1a_166,1,1,5,1.0,0.2178428302469978
exp1a_166,1,1,4,-1.0,-0.037429674856308215
exp1a_166,1,1,5,1.0,-0.037429674856308215
exp1a_166,0,1,5,1.0,-0.7363996791923271
exp1a_166,0,1,2,-1.0,-0.25927842447266464
exp1a_166,0,0,5,-1.0,0.843383917424483
exp1a_166,0,1,1,0.0,-0.7363996791923271
exp1a_166,1,1,4,0.0,-0.7363996791923271
exp1a_166,1,1,4,1.0,-0.25927842447266464
exp1a_166,1,1,2,0.0,-0.25927842447266464
exp1a_166,1,1,5,0.0,0.843383917424483
exp1a_166,1,1,5,0.0,0.2178428302469978
exp1a_166,1,1,5,1.0,0.843383917424483
exp1a_166,1,1,1,-1.0,-0.25927842447266464
exp1a_166,0,0,2,-1.0,-0.7363996791923271
exp1a_166,1,1,4,0.0,-0.037429674856308215
exp1a_166,0,1,4,0.0,-0.037429674856308215
exp1a_166,0,0,5,1.0,-0.037429674856308215
exp1a_166,1,1,5,-1.0,0.2178428302469978
exp1a_166,0,0,5,0.0,0.843383917424483
exp1a_166,1,1,1,1.0,-0.7363996791923271
exp1a_166,0,1,4,1.0,-0.25927842447266464
exp1a_166,0,1,1,-1.0,-0.037429674856308215
exp1a_166,0,0,5,0.0,0.2178428302469978
exp1a_166,1,1,5,-1.0,0.843383917424483
exp1a_166,0,0,4,1.0,0.2178428302469978
exp1a_166,0,0,2,-1.0,0.2178428302469978
exp1a_166,1,1,5,0.0,0.843383917424483
exp1a_166,1,1,5,-1.0,0.2178428302469978
exp1a_166,0,0,4,1.0,-0.7363996791923271
exp1a_166,0,0,1,-1.0,-0.25927842447266464
exp1a_166,0,1,5,-1.0,0.2178428302469978
exp1a_166,0,1,2,0.0,-0.7363996791923271
exp1a_166,1,1,4,-1.0,-0.7363996791923271
exp1a_166,1,1,1,0.0,0.2178428302469978
exp1a_166,0,1,3,0.0,0.2178428302469978
exp1a_166,1,1,2,-1.0,-0.25927842447266464
exp1a_166,1,1,4,-1.0,0.843383917424483
exp1a_166,1,1,5,1.0,-0.037429674856308215
exp1a_166,0,1,4,0.0,-0.25927842447266464
exp1a_166,0,0,6,1.0,0.843383917424483
exp1a_166,1,1,1,0.0,-0.037429674856308215
exp1a_166,0,0,1,-1.0,0.843383917424483
exp1a_166,1,1,2,-1.0,-0.037429674856308215
exp1a_166,1,0,5,1.0,-0.7363996791923271
exp1a_166,0,1,1,-1.0,-0.7363996791923271
exp1a_166,1,1,5,1.0,0.843383917424483
exp1a_166,0,0,5,0.0,0.843383917424483
exp1a_166,1,1,1,0.0,-0.25927842447266464
exp1a_166,0,0,5,1.0,-0.037429674856308215
exp1a_166,1,1,5,1.0,-0.25927842447266464
exp1a_166,0,0,5,1.0,0.2178428302469978
exp1a_166,1,0,2,0.0,-0.7363996791923271
exp1a_166,0,0,4,1.0,-0.25927842447266464
exp1a_166,0,0,1,0.0,-0.037429674856308215
exp1a_166,1,1,5,1.0,0.2178428302469978
exp1a_166,0,0,1,-1.0,-0.037429674856308215
exp1a_166,0,0,5,1.0,0.2178428302469978
exp1a_166,0,0,1,-1.0,0.2178428302469978
exp1a_166,1,1,4,1.0,-0.037429674856308215
exp1a_166,0,0,4,0.0,-0.25927842447266464
exp1a_166,1,1,1,0.0,-0.25927842447266464
exp1a_166,0,0,1,0.0,0.2178428302469978
exp1a_166,0,1,5,1.0,-0.25927842447266464
exp1a_166,0,1,1,-1.0,-0.25927842447266464
exp1a_166,0,0,5,1.0,0.843383917424483
exp1a_166,1,1,1,0.0,0.2178428302469978
exp1a_166,0,0,5,-1.0,0.843383917424483
exp1a_166,1,0,5,0.0,-0.7363996791923271
exp1a_166,0,0,1,0.0,-0.7363996791923271
exp1a_166,1,1,5,0.0,0.843383917424483
exp1a_166,1,0,4,1.0,-0.7363996791923271
exp1a_166,1,1,1,-1.0,-0.7363996791923271
exp1a_166,0,1,5,0.0,-0.037429674856308215
exp1a_166,1,1,2,1.0,0.843383917424483
exp1a_166,1,1,1,-1.0,-0.25927842447266464
exp1a_166,0,0,4,0.0,0.843383917424483
exp1a_166,1,1,5,1.0,0.2178428302469978
exp1a_166,0,0,1,-1.0,-0.037429674856308215
exp1a_166,1,1,1,0.0,-0.037429674856308215
exp1a_166,0,1,1,1.0,-0.037429674856308215
exp1a_166,1,1,4,-1.0,0.843383917424483
exp1a_166,0,1,2,-1.0,-0.7363996791923271
exp1a_166,1,1,5,1.0,-0.25927842447266464
exp1a_166,0,1,5,1.0,-0.7363996791923271
exp1a_166,1,1,2,-1.0,0.2178428302469978
exp1a_166,1,1,2,-1.0,-0.037429674856308215
exp1a_166,1,1,1,-1.0,0.2178428302469978
exp1a_166,0,1,1,-1.0,-0.037429674856308215
exp1a_166,1,1,5,-1.0,0.843383917424483
exp1a_166,1,1,5,1.0,0.2178428302469978
exp1a_166,1,1,5,0.0,0.2178428302469978
exp1a_166,0,1,5,-1.0,0.2178428302469978
exp1a_166,0,0,5,1.0,0.2178428302469978
exp1a_166,0,1,5,1.0,-0.25927842447266464
exp1a_166,0,1,1,0.0,-0.7363996791923271
exp1a_166,1,0,2,0.0,-0.7363996791923271
exp1a_166,0,1,4,1.0,-0.7363996791923271
exp1a_166,1,0,1,0.0,-0.037429674856308215
exp1a_166,1,1,5,0.0,0.843383917424483
exp1a_166,1,1,1,-1.0,-0.037429674856308215
exp1a_166,1,1,5,1.0,0.843383917424483
exp1a_166,0,1,5,1.0,-0.037429674856308215
exp1a_166,1,1,4,1.0,-0.25927842447266464
exp1a_166,0,1,1,-1.0,-0.25927842447266464
exp1a_166,0,0,5,1.0,0.843383917424483
exp1a_166,1,1,2,-1.0,-0.25927842447266464
exp1a_166,0,0,5,0.0,0.2178428302469978
exp1a_166,1,1,1,-1.0,-0.7363996791923271
exp1a_166,0,0,5,-1.0,0.843383917424483
exp1a_166,0,0,5,0.0,0.843383917424483
exp1a_166,0,1,2,0.0,-0.037429674856308215
exp1a_166,0,1,1,-1.0,-0.7363996791923271
exp1a_166,1,1,5,1.0,-0.037429674856308215
exp1a_166,0,0,2,0.0,-0.25927842447266464
exp1a_166,1,0,1,1.0,-0.7363996791923271
exp1a_166,1,1,2,0.0,-0.25927842447266464
exp1a_167,0,0,5,-1.0,0.843383917424483
exp1a_167,0,0,5,0.0,-0.25927842447266464
exp1a_167,0,0,5,1.0,0.2178428302469978
exp1a_167,1,1,5,0.0,-0.037429674856308215
exp1a_167,1,0,5,-1.0,-0.7363996791923271
exp1a_167,1,0,5,1.0,-0.25927842447266464
exp1a_167,1,1,4,-1.0,-0.25927842447266464
exp1a_167,1,0,5,1.0,-0.7363996791923271
exp1a_167,0,0,5,-1.0,-0.25927842447266464
exp1a_167,1,0,5,-1.0,-0.037429674856308215
exp1a_167,1,0,5,1.0,0.843383917424483
exp1a_167,1,0,5,0.0,0.2178428302469978
exp1a_167,0,0,5,1.0,-0.037429674856308215
exp1a_167,0,0,5,1.0,-0.7363996791923271
exp1a_167,0,0,5,1.0,0.843383917424483
exp1a_167,0,1,4,0.0,0.843383917424483
exp1a_167,1,1,4,0.0,-0.7363996791923271
exp1a_167,1,0,5,0.0,-0.25927842447266464
exp1a_167,1,1,4,-1.0,0.843383917424483
exp1a_167,1,0,4,1.0,-0.037429674856308215
exp1a_167,0,1,4,-1.0,-0.7363996791923271
exp1a_167,1,1,4,0.0,0.843383917424483
exp1a_167,0,0,4,-1.0,-0.037429674856308215
exp1a_167,0,0,4,0.0,0.2178428302469978
exp1a_167,0,0,5,0.0,-0.037429674856308215
exp1a_167,0,0,5,1.0,-0.25927842447266464
exp1a_167,1,0,4,1.0,0.2178428302469978
exp1a_167,0,0,5,-1.0,0.2178428302469978
exp1a_167,0,0,4,0.0,-0.7363996791923271
exp1a_167,1,0,5,-1.0,0.2178428302469978
exp1a_167,0,0,4,1.0,-0.25927842447266464
exp1a_167,0,0,5,0.0,-0.7363996791923271
exp1a_167,0,0,5,-1.0,-0.25927842447266464
exp1a_167,1,0,5,-1.0,0.2178428302469978
exp1a_167,0,0,5,0.0,0.2178428302469978
exp1a_167,0,0,5,0.0,-0.037429674856308215
exp1a_167,1,1,4,1.0,0.843383917424483
exp1a_167,0,0,5,1.0,-0.037429674856308215
exp1a_167,1,0,5,0.0,-0.037429674856308215
exp1a_167,1,0,5,0.0,-0.7363996791923271
exp1a_167,0,0,5,0.0,0.843383917424483
exp1a_167,1,0,4,1.0,0.2178428302469978
exp1a_167,0,0,4,-1.0,-0.037429674856308215
exp1a_167,0,0,4,1.0,0.843383917424483
exp1a_167,1,1,5,-1.0,-0.25927842447266464
exp1a_167,1,0,5,1.0,-0.037429674856308215
exp1a_167,1,0,4,1.0,-0.25927842447266464
exp1a_167,1,0,4,-1.0,-0.037429674856308215
exp1a_167,1,1,3,1.0,-0.7363996791923271
exp1a_167,1,1,5,0.0,0.843383917424483
exp1a_167,0,0,5,-1.0,-0.7363996791923271
exp1a_167,1,0,5,0.0,0.2178428302469978
exp1a_167,1,0,4,-1.0,-0.7363996791923271
exp1a_167,0,0,4,0.0,-0.25927842447266464
exp1a_167,0,1,5,1.0,-0.7363996791923271
exp1a_167,0,0,4,-1.0,0.2178428302469978
exp1a_167,1,0,4,-1.0,0.843383917424483
exp1a_167,1,1,4,0.0,-0.25927842447266464
exp1a_167,0,1,4,-1.0,0.843383917424483
exp1a_167,1,0,5,-1.0,0.2178428302469978
exp1a_167,1,0,4,1.0,-0.7363996791923271
exp1a_167,0,0,4,-1.0,-0.7363996791923271
exp1a_167,1,0,4,1.0,0.2178428302469978
exp1a_167,0,0,5,-1.0,-0.25927842447266464
exp1a_167,0,0,4,0.0,-0.7363996791923271
exp1a_167,0,0,4,1.0,-0.037429674856308215
exp1a_167,0,0,4,0.0,0.2178428302469978
exp1a_167,1,1,4,1.0,0.843383917424483
exp1a_167,0,0,4,0.0,0.843383917424483
exp1a_167,1,1,4,1.0,-0.037429674856308215
exp1a_167,1,1,4,-1.0,-0.25927842447266464
exp1a_167,0,0,4,-1.0,0.843383917424483
exp1a_167,1,0,4,0.0,-0.7363996791923271
exp1a_167,0,0,4,1.0,-0.25927842447266464
exp1a_167,0,1,4,-1.0,-0.037429674856308215
exp1a_167,0,0,4,1.0,0.843383917424483
exp1a_167,1,1,4,0.0,-0.037429674856308215
exp1a_167,1,0,4,-1.0,-0.7363996791923271
exp1a_167,0,0,4,-1.0,0.2178428302469978
exp1a_167,1,1,4,-1.0,0.843383917424483
exp1a_167,1,1,4,0.0,0.2178428302469978
exp1a_167,1,1,4,1.0,-0.25927842447266464
exp1a_167,1,1,4,0.0,0.843383917424483
exp1a_167,0,1,4,0.0,-0.25927842447266464
exp1a_167,1,1,4,-1.0,-0.037429674856308215
exp1a_167,0,1,4,0.0,-0.037429674856308215
exp1a_167,0,1,4,1.0,0.2178428302469978
exp1a_167,1,1,4,0.0,-0.25927842447266464
exp1a_167,1,1,4,1.0,-0.037429674856308215
exp1a_167,1,1,4,1.0,0.843383917424483
exp1a_167,1,1,4,1.0,-0.25927842447266464
exp1a_167,0,0,4,0.0,-0.25927842447266464
exp1a_167,0,1,4,-1.0,-0.7363996791923271
exp1a_167,1,1,4,-1.0,0.843383917424483
exp1a_167,1,0,4,-1.0,-0.25927842447266464
exp1a_167,0,1,4,0.0,-0.037429674856308215
exp1a_167,0,1,5,-1.0,-0.037429674856308215
exp1a_167,1,1,5,-1.0,-0.037429674856308215
exp1a_167,1,0,5,-1.0,0.2178428302469978
exp1a_167,0,1,5,0.0,0.843383917424483
exp1a_167,0,0,5,1.0,0.2178428302469978
exp1a_167,1,1,5,0.0,0.843383917424483
exp1a_167,0,0,5,-1.0,-0.25927842447266464
exp1a_167,1,0,5,0.0,0.2178428302469978
exp1a_167,1,1,5,1.0,0.2178428302469978
exp1a_167,1,0,5,1.0,-0.7363996791923271
exp1a_167,0,0,5,1.0,0.843383917424483
exp1a_167,0,1,5,1.0,-0.037429674856308215
exp1a_167,0,1,5,-1.0,0.2178428302469978
exp1a_167,1,1,5,-1.0,-0.7363996791923271
exp1a_167,0,0,5,0.0,0.2178428302469978
exp1a_167,1,1,4,0.0,-0.7363996791923271
exp1a_167,1,1,4,0.0,-0.25927842447266464
exp1a_167,0,1,5,1.0,-0.7363996791923271
exp1a_167,0,1,5,0.0,-0.7363996791923271
exp1a_167,0,1,4,1.0,-0.25927842447266464
exp1a_167,1,0,4,1.0,-0.037429674856308215
exp1a_167,1,0,5,0.0,-0.037429674856308215
exp1a_167,0,0,5,0.0,0.2178428302469978
exp1a_167,0,0,5,0.0,-0.7363996791923271
exp1a_167,1,0,4,0.0,0.2178428302469978
exp1a_167,1,0,5,1.0,-0.7363996791923271
exp1a_167,1,1,5,-1.0,0.843383917424483
exp1a_167,0,0,5,-1.0,0.843383917424483
exp1a_167,1,1,5,-1.0,0.2178428302469978
exp1a_167,0,0,5,-1.0,0.2178428302469978
exp1a_167,0,0,5,-1.0,-0.25927842447266464
exp1a_167,1,0,5,0.0,-0.7363996791923271
exp1a_167,1,0,5,-1.0,-0.7363996791923271
exp1a_167,1,0,5,0.0,-0.25927842447266464
exp1a_167,1,1,5,-1.0,-0.037429674856308215
exp1a_167,0,0,5,-1.0,-0.037429674856308215
exp1a_167,1,0,5,-1.0,-0.25927842447266464
exp1a_167,0,0,5,1.0,-0.037429674856308215
exp1a_167,1,1,5,1.0,0.2178428302469978
exp1a_167,0,1,5,-1.0,-0.7363996791923271
exp1a_167,0,1,5,0.0,-0.25927842447266464
exp1a_167,1,1,6,0.0,0.843383917424483
exp1a_167,1,0,5,1.0,-0.25927842447266464
exp1a_167,0,0,4,1.0,0.2178428302469978
exp1a_167,0,0,4,1.0,-0.7363996791923271
exp1a_167,1,1,4,1.0,0.843383917424483
exp1a_167,0,1,5,1.0,-0.25927842447266464
exp1a_167,0,0,5,0.0,-0.037429674856308215
exp1a_167,0,1,5,0.0,-0.7363996791923271
exp1a_167,0,1,4,0.0,0.2178428302469978
exp1a_167,1,1,4,-1.0,-0.25927842447266464
exp1a_167,1,1,4,1.0,0.2178428302469978
exp1a_167,1,0,4,0.0,-0.037429674856308215
exp1a_167,0,1,4,0.0,-0.25927842447266464
exp1a_167,0,0,4,0.0,0.843383917424483
exp1a_167,1,1,4,1.0,-0.7363996791923271
exp1a_167,0,1,4,1.0,-0.25927842447266464
exp1a_167,1,1,4,0.0,-0.25927842447266464
exp1a_167,0,0,4,1.0,-0.7363996791923271
exp1a_167,0,0,4,0.0,-0.037429674856308215
exp1a_167,0,1,4,-1.0,-0.25927842447266464
exp1a_167,1,1,4,-1.0,-0.7363996791923271
exp1a_167,1,1,4,1.0,-0.037429674856308215
exp1a_167,0,0,5,1.0,0.843383917424483
exp1a_167,1,1,5,1.0,0.843383917424483
exp1a_167,0,0,5,-1.0,0.843383917424483
exp1a_167,0,0,5,-1.0,0.2178428302469978
exp1a_167,1,1,5,0.0,0.2178428302469978
exp1a_167,1,1,5,-1.0,0.2178428302469978
exp1a_167,0,0,5,1.0,-0.037429674856308215
exp1a_167,0,1,5,-1.0,-0.7363996791923271
exp1a_167,1,0,5,1.0,-0.25927842447266464
exp1a_167,1,1,4,0.0,0.843383917424483
exp1a_167,0,0,4,-1.0,-0.037429674856308215
exp1a_167,1,1,4,0.0,-0.7363996791923271
exp1a_167,1,1,4,0.0,-0.037429674856308215
exp1a_167,1,1,4,0.0,-0.25927842447266464
exp1a_167,0,1,4,-1.0,-0.25927842447266464
exp1a_167,0,0,4,-1.0,0.843383917424483
exp1a_167,0,1,5,-1.0,-0.7363996791923271
exp1a_167,0,0,5,0.0,0.843383917424483
exp1a_167,0,1,5,-1.0,-0.037429674856308215
exp1a_167,0,1,5,0.0,-0.7363996791923271
exp1a_167,0,1,5,1.0,-0.25927842447266464
exp1a_167,1,1,5,-1.0,-0.037429674856308215
exp1a_167,0,0,5,1.0,0.843383917424483
exp1a_167,0,1,5,1.0,-0.7363996791923271
exp1a_167,0,1,5,0.0,-0.037429674856308215
exp1a_167,1,1,5,1.0,0.2178428302469978
exp1a_167,1,1,5,0.0,0.2178428302469978
exp1a_167,1,1,5,1.0,-0.25927842447266464
exp1a_167,0,0,5,-1.0,0.2178428302469978
exp1a_167,0,0,5,0.0,0.2178428302469978
exp1a_167,1,1,5,1.0,-0.037429674856308215
exp1a_167,1,1,5,-1.0,0.843383917424483
exp1a_167,1,0,5,-1.0,-0.7363996791923271
exp1a_167,1,1,6,0.0,0.843383917424483
exp1a_167,0,0,5,0.0,-0.25927842447266464
exp1a_167,0,0,5,1.0,-0.037429674856308215
exp1a_167,1,1,5,0.0,-0.7363996791923271
exp1a_167,0,0,5,1.0,0.2178428302469978
exp1a_167,1,1,5,-1.0,-0.25927842447266464
exp1a_167,1,1,5,-1.0,0.2178428302469978
exp1a_167,1,1,5,1.0,-0.7363996791923271
exp1a_167,1,1,5,1.0,0.843383917424483
exp1a_167,1,1,5,1.0,-0.7363996791923271
exp1a_167,1,1,5,0.0,-0.7363996791923271
exp1a_167,1,1,5,0.0,-0.037429674856308215
exp1a_167,1,1,5,-1.0,-0.7363996791923271
exp1a_167,1,1,5,1.0,-0.037429674856308215
exp1a_167,0,1,5,-1.0,0.843383917424483
exp1a_167,0,1,4,1.0,-0.037429674856308215
exp1a_167,0,1,5,1.0,-0.7363996791923271
exp1a_167,1,1,5,1.0,-0.25927842447266464
exp1a_167,0,1,5,-1.0,0.2178428302469978
exp1a_167,0,0,5,0.0,-0.037429674856308215
exp1a_167,0,0,5,0.0,0.2178428302469978
exp1a_167,1,1,5,1.0,0.2178428302469978
exp1a_167,0,0,5,1.0,0.2178428302469978
exp1a_167,1,1,5,-1.0,-0.25927842447266464
exp1a_167,0,0,5,0.0,-0.25927842447266464
exp1a_167,1,1,5,-1.0,-0.037429674856308215
exp1a_167,0,0,5,1.0,-0.25927842447266464
exp1a_167,0,1,5,-1.0,-0.25927842447266464
exp1a_167,0,1,5,0.0,-0.7363996791923271
exp1a_167,1,1,6,0.0,0.843383917424483
exp1a_167,1,1,4,0.0,-0.25927842447266464
exp1a_167,0,0,6,1.0,0.843383917424483
exp1a_167,1,1,6,1.0,0.843383917424483
exp1a_167,1,1,6,0.0,0.2178428302469978
exp1a_167,0,0,5,-1.0,-0.7363996791923271
exp1a_167,1,1,6,-1.0,0.843383917424483
exp1a_167,1,1,6,-1.0,0.2178428302469978
exp1a_167,0,0,5,-1.0,-0.037429674856308215
exp1a_168,0,1,4,0.0,-0.037429674856308215
exp1a_168,0,1,5,1.0,-0.25927842447266464
exp1a_168,1,0,5,1.0,0.843383917424483
exp1a_168,0,0,4,0.0,0.843383917424483
exp1a_168,1,1,4,-1.0,0.843383917424483
exp1a_168,1,1,4,0.0,0.2178428302469978
exp1a_168,0,1,5,-1.0,-0.037429674856308215
exp1a_168,1,0,3,-1.0,0.2178428302469978
exp1a_168,0,1,4,1.0,-0.7363996791923271
exp1a_168,0,1,5,-1.0,-0.7363996791923271
exp1a_168,1,0,4,1.0,0.2178428302469978
exp1a_168,0,1,4,-1.0,-0.25927842447266464
exp1a_168,0,1,5,0.0,-0.7363996791923271
exp1a_168,0,0,3,-1.0,0.2178428302469978
exp1a_168,1,1,5,-1.0,-0.25927842447266464
exp1a_168,1,0,5,1.0,-0.037429674856308215
exp1a_168,1,1,5,1.0,-0.25927842447266464
exp1a_168,1,1,5,0.0,-0.7363996791923271
exp1a_168,1,0,5,1.0,-0.7363996791923271
exp1a_168,0,0,4,0.0,-0.25927842447266464
exp1a_168,1,1,6,0.0,0.843383917424483
exp1a_168,0,0,5,0.0,0.2178428302469978
exp1a_168,0,0,5,1.0,-0.037429674856308215
exp1a_168,1,1,4,0.0,-0.25927842447266464
exp1a_168,0,0,4,-1.0,0.843383917424483
exp1a_168,0,0,5,1.0,0.843383917424483
exp1a_168,1,0,4,0.0,-0.037429674856308215
exp1a_168,1,1,5,-1.0,-0.037429674856308215
exp1a_168,1,1,4,-1.0,-0.7363996791923271
exp1a_168,0,0,5,1.0,0.2178428302469978
exp1a_168,0,0,3,1.0,-0.7363996791923271
exp1a_168,1,1,5,1.0,-0.7363996791923271
exp1a_168,1,1,3,-1.0,-0.25927842447266464
exp1a_168,0,0,5,1.0,0.843383917424483
exp1a_168,1,0,4,1.0,0.2178428302469978
exp1a_168,0,1,5,0.0,0.843383917424483
exp1a_168,1,1,3,-1.0,-0.037429674856308215
exp1a_168,0,1,3,-1.0,0.2178428302469978
exp1a_168,1,1,5,0.0,-0.25927842447266464
exp1a_168,1,1,5,0.0,-0.7363996791923271
exp1a_168,1,1,5,1.0,-0.037429674856308215
exp1a_168,1,0,4,0.0,0.843383917424483
exp1a_168,0,1,5,0.0,-0.037429674856308215
exp1a_168,0,0,5,0.0,0.2178428302469978
exp1a_168,1,1,4,1.0,-0.25927842447266464
exp1a_168,0,0,4,0.0,-0.7363996791923271
exp1a_168,0,0,5,1.0,-0.037429674856308215
exp1a_168,1,1,5,1.0,0.843383917424483
exp1a_168,1,0,4,-1.0,0.843383917424483
exp1a_168,0,1,4,1.0,0.2178428302469978
exp1a_168,0,0,4,-1.0,-0.25927842447266464
exp1a_168,1,0,4,-1.0,-0.7363996791923271
exp1a_168,0,0,3,-1.0,-0.037429674856308215
exp1a_168,0,1,5,-1.0,-0.7363996791923271
exp1a_168,0,1,5,1.0,-0.25927842447266464
exp1a_168,1,1,4,-1.0,0.2178428302469978
exp1a_168,1,1,5,0.0,-0.037429674856308215
exp1a_168,0,0,3,-1.0,0.843383917424483
exp1a_168,0,1,4,0.0,-0.25927842447266464
exp1a_168,1,1,5,0.0,0.2178428302469978
exp1a_168,1,0,4,0.0,-0.7363996791923271
exp1a_168,0,0,5,1.0,-0.037429674856308215
exp1a_168,1,0,4,0.0,0.843383917424483
exp1a_168,0,0,4,-1.0,-0.7363996791923271
exp1a_168,1,1,4,1.0,0.2178428302469978
exp1a_168,1,0,5,0.0,-0.25927842447266464
exp1a_168,0,1,5,1.0,-0.25927842447266464
exp1a_168,0,0,5,-1.0,-0.25927842447266464
exp1a_168,0,0,5,1.0,0.843383917424483
exp1a_168,0,1,4,-1.0,-0.037429674856308215
exp1a_168,0,0,5,1.0,0.2178428302469978
exp1a_168,1,0,5,-1.0,-0.037429674856308215
exp1a_168,1,0,3,-1.0,0.843383917424483
exp1a_168,0,1,4,0.0,-0.037429674856308215
exp1a_168,1,0,5,1.0,0.843383917424483
exp1a_168,0,1,5,0.0,0.2178428302469978
exp1a_168,1,0,5,1.0,-0.7363996791923271
exp1a_168,1,1,5,0.0,-0.037429674856308215
exp1a_168,1,0,4,1.0,-0.037429674856308215
exp1a_168,0,0,6,0.0,0.843383917424483
exp1a_168,0,0,5,-1.0,0.843383917424483
exp1a_168,1,1,5,0.0,0.2178428302469978
exp1a_168,0,1,6,0.0,-0.7363996791923271
exp1a_168,0,0,5,-1.0,0.2178428302469978
exp1a_168,0,0,5,0.0,-0.25927842447266464
exp1a_168,1,1,5,-1.0,0.2178428302469978
exp1a_168,1,0,5,1.0,-0.25927842447266464
exp1a_168,1,1,5,-1.0,-0.25927842447266464
exp1a_168,1,1,3,-1.0,-0.7363996791923271
exp1a_168,0,0,4,1.0,-0.7363996791923271
exp1a_168,1,0,5,0.0,0.843383917424483
exp1a_168,1,0,5,-1.0,-0.25927842447266464
exp1a_168,1,0,5,0.0,-0.7363996791923271
exp1a_168,1,1,5,-1.0,0.843383917424483
exp1a_168,1,0,3,-1.0,-0.7363996791923271
exp1a_168,0,0,5,1.0,0.843383917424483
exp1a_168,0,0,4,-1.0,0.2178428302469978
exp1a_168,0,0,5,1.0,-0.25927842447266464
exp1a_168,1,0,4,0.0,0.2178428302469978
exp1a_168,0,0,5,1.0,-0.7363996791923271
exp1a_168,1,0,5,0.0,-0.037429674856308215
exp1a_168,0,0,5,1.0,-0.037429674856308215
exp1a_168,1,1,4,0.0,-0.25927842447266464
exp1a_168,0,1,4,0.0,0.2178428302469978
exp1a_168,0,0,4,1.0,0.2178428302469978
exp1a_168,1,0,4,1.0,-0.037429674856308215
exp1a_168,0,1,5,0.0,-0.7363996791923271
exp1a_168,1,0,3,-1.0,0.2178428302469978
exp1a_168,0,0,5,-1.0,0.843383917424483
exp1a_168,0,0,5,0.0,0.843383917424483
exp1a_168,1,1,4,1.0,0.843383917424483
exp1a_168,1,0,3,-1.0,-0.037429674856308215
exp1a_168,0,0,4,0.0,-0.037429674856308215
exp1a_168,0,0,4,0.0,-0.25927842447266464
exp1a_168,0,0,4,-1.0,-0.7363996791923271
exp1a_168,0,1,5,-1.0,-0.037429674856308215
exp1a_168,0,0,3,-1.0,-0.25927842447266464
exp1a_168,1,0,4,1.0,-0.7363996791923271
exp1a_168,1,0,4,1.0,-0.25927842447266464
exp1a_168,1,0,5,1.0,0.2178428302469978
exp1a_168,0,0,5,0.0,0.2178428302469978
exp1a_168,0,1,5,0.0,-0.7363996791923271
exp1a_168,0,0,3,-1.0,-0.7363996791923271
exp1a_168,1,0,3,-1.0,-0.7363996791923271
exp1a_168,1,1,4,0.0,0.2178428302469978
exp1a_168,0,1,3,1.0,-0.25927842447266464
exp1a_168,1,1,4,0.0,-0.7363996791923271
exp1a_168,1,0,3,1.0,-0.037429674856308215
exp1a_168,1,0,4,0.0,-0.25927842447266464
exp1a_168,1,1,5,0.0,0.843383917424483
exp1a_168,0,0,4,-1.0,-0.037429674856308215
exp1a_168,0,0,4,0.0,-0.25927842447266464
exp1a_168,0,0,4,0.0,-0.037429674856308215
exp1a_168,0,0,4,1.0,-0.037429674856308215
exp1a_168,0,0,4,-1.0,0.843383917424483
exp1a_168,1,1,5,1.0,0.843383917424483
exp1a_168,1,0,4,-1.0,-0.037429674856308215
exp1a_168,1,1,4,-1.0,0.843383917424483
exp1a_168,1,1,4,-1.0,0.2178428302469978
exp1a_168,0,0,5,0.0,0.843383917424483
exp1a_168,0,0,5,1.0,0.843383917424483
exp1a_168,1,0,4,-1.0,-0.25927842447266464
exp1a_168,1,0,4,1.0,0.2178428302469978
exp1a_168,0,0,4,-1.0,0.2178428302469978
exp1a_168,0,1,3,1.0,-0.7363996791923271
exp1a_168,0,1,3,1.0,0.2178428302469978
exp1a_168,1,1,3,1.0,-0.7363996791923271
exp1a_168,0,0,4,-1.0,-0.25927842447266464
exp1a_168,1,1,3,0.0,-0.037429674856308215
exp1a_168,1,1,4,1.0,-0.25927842447266464
exp1a_168,1,0,3,0.0,-0.037429674856308215
exp1a_168,1,1,3,-1.0,0.843383917424483
exp1a_168,0,0,6,0.0,0.843383917424483
exp1a_168,1,1,5,0.0,-0.25927842447266464
exp1a_168,0,0,3,-1.0,-0.25927842447266464
exp1a_168,0,1,4,-1.0,0.2178428302469978
exp1a_168,1,0,4,-1.0,-0.037429674856308215
exp1a_168,1,1,5,0.0,-0.7363996791923271
exp1a_168,1,0,3,-1.0,0.2178428302469978
exp1a_168,1,1,5,0.0,0.843383917424483
exp1a_168,0,0,5,-1.0,0.843383917424483
exp1a_168,1,1,5,1.0,-0.037429674856308215
exp1a_168,0,0,3,0.0,-0.25927842447266464
exp1a_168,0,1,5,1.0,-0.25927842447266464
exp1a_168,0,0,4,1.0,-0.037429674856308215
exp1a_168,1,0,3,-1.0,-0.25927842447266464
exp1a_168,1,0,4,1.0,0.2178428302469978
exp1a_168,1,1,5,1.0,0.843383917424483
exp1a_168,0,0,5,1.0,-0.7363996791923271
exp1a_168,0,0,5,0.0,-0.7363996791923271
exp1a_168,1,1,3,-1.0,-0.7363996791923271
exp1a_168,0,0,6,1.0,0.843383917424483
exp1a_168,0,1,3,0.0,0.2178428302469978
exp1a_168,0,0,4,1.0,0.2178428302469978
exp1a_168,0,0,5,-1.0,-0.037429674856308215
exp1a_168,1,1,5,0.0,0.2178428302469978
exp1a_168,0,1,4,-1.0,-0.7363996791923271
exp1a_168,1,1,4,1.0,-0.7363996791923271
exp1a_168,0,0,4,0.0,-0.037429674856308215
exp1a_168,1,0,4,1.0,-0.25927842447266464
exp1a_168,0,0,4,-1.0,-0.25927842447266464
exp1a_168,0,1,5,0.0,0.2178428302469978
exp1a_168,1,0,3,1.0,-0.25927842447266464
exp1a_168,1,1,4,1.0,-0.7363996791923271
exp1a_168,0,0,5,1.0,0.843383917424483
exp1a_168,0,0,5,-1.0,0.843383917424483
exp1a_168,0,1,4,0.0,-0.25927842447266464
exp1a_168,0,0,5,1.0,0.2178428302469978
exp1a_168,1,1,5,0.0,0.843383917424483
exp1a_168,0,0,5,0.0,0.843383917424483
exp1a_168,1,1,4,-1.0,-0.25927842447266464
exp1a_168,0,0,4,1.0,-0.25927842447266464
exp1a_168,0,0,3,-1.0,-0.037429674856308215
exp1a_168,0,0,3,-1.0,0.2178428302469978
exp1a_168,0,0,3,-1.0,-0.7363996791923271
exp1a_168,1,1,5,1.0,0.843383917424483
exp1a_168,1,0,4,-1.0,0.2178428302469978
exp1a_168,1,1,4,-1.0,-0.037429674856308215
exp1a_168,1,1,4,0.0,-0.25927842447266464
exp1a_168,1,0,3,1.0,-0.037429674856308215
exp1a_168,0,0,3,0.0,-0.7363996791923271
exp1a_168,1,0,2,-1.0,-0.7363996791923271
exp1a_168,1,0,2,0.0,-0.037429674856308215
exp1a_168,1,0,2,0.0,-0.7363996791923271
exp1a_168,0,0,2,0.0,-0.037429674856308215
exp1a_168,1,0,4,1.0,0.2178428302469978
exp1a_168,1,0,4,0.0,0.2178428302469978
exp1a_168,1,1,5,-1.0,0.843383917424483
exp1a_168,0,0,4,1.0,-0.037429674856308215
exp1a_168,0,0,4,1.0,-0.7363996791923271
exp1a_168,0,0,3,-1.0,-0.25927842447266464
exp1a_168,1,1,6,0.0,0.843383917424483
exp1a_168,1,1,5,1.0,0.843383917424483
exp1a_168,1,0,3,1.0,-0.7363996791923271
exp1a_168,0,0,3,1.0,-0.25927842447266464
exp1a_168,1,1,4,0.0,-0.25927842447266464
exp1a_168,0,0,5,-1.0,0.843383917424483
exp1a_168,0,1,4,-1.0,-0.7363996791923271
exp1a_168,1,1,4,-1.0,-0.037429674856308215
exp1a_168,0,1,4,1.0,-0.7363996791923271
exp1a_168,0,1,4,1.0,0.2178428302469978
exp1a_168,1,1,4,0.0,-0.7363996791923271
exp1a_168,1,1,5,-1.0,0.843383917424483
exp1a_168,1,0,4,-1.0,0.2178428302469978
exp1a_168,0,0,5,0.0,0.843383917424483
exp1a_168,1,0,4,0.0,-0.037429674856308215
exp1a_168,0,0,4,-1.0,0.2178428302469978
exp1a_168,0,0,3,-1.0,-0.037429674856308215
exp1a_168,1,0,4,1.0,-0.25927842447266464
exp1a_168,0,0,3,1.0,-0.037429674856308215
exp1a_168,0,1,4,0.0,0.2178428302469978
exp1a_168,1,0,4,1.0,-0.037429674856308215
exp1a_168,0,0,4,0.0,-0.7363996791923271
exp1a_168,1,1,4,0.0,0.2178428302469978
exp1a_168,0,1,5,0.0,-0.25927842447266464
exp1a_168,1,0,4,1.0,0.2178428302469978
exp1a_168,0,0,6,1.0,0.843383917424483
exp1a_168,1,1,4,-1.0,-0.25927842447266464
exp1a_168,1,0,4,-1.0,-0.7363996791923271
exp1a_168,0,0,4,0.0,-0.037429674856308215
exp1a_169,0,1,3,-1.0,-0.037429674856308215
exp1a_169,0,1,6,1.0,0.2178428302469978
exp1a_169,1,1,5,-1.0,-0.25927842447266464
exp1a_169,0,0,6,0.0,0.843383917424483
exp1a_169,0,0,5,-1.0,0.2178428302469978
exp1a_169,1,1,6,0.0,0.843383917424483
exp1a_169,0,0,6,-1.0,0.843383917424483
exp1a_169,1,1,6,1.0,0.2178428302469978
exp1a_169,0,0,5,0.0,0.2178428302469978
exp1a_169,0,1,5,0.0,-0.7363996791923271
exp1a_169,1,1,3,1.0,-0.7363996791923271
exp1a_169,1,1,3,0.0,-0.037429674856308215
exp1a_169,1,1,5,-1.0,0.843383917424483
exp1a_169,1,1,5,-1.0,-0.7363996791923271
exp1a_169,0,1,5,-1.0,-0.7363996791923271
exp1a_169,1,1,5,1.0,-0.25927842447266464
exp1a_169,0,0,5,0.0,-0.037429674856308215
exp1a_169,0,1,3,0.0,-0.25927842447266464
exp1a_169,1,0,3,-1.0,-0.037429674856308215
exp1a_169,1,1,6,1.0,0.843383917424483
exp1a_169,0,1,6,1.0,-0.037429674856308215
exp1a_169,0,0,3,1.0,-0.25927842447266464
exp1a_169,1,1,4,-1.0,0.2178428302469978
exp1a_169,1,1,3,0.0,-0.7363996791923271
exp1a_169,1,1,3,0.0,-0.25927842447266464
exp1a_169,0,1,3,-1.0,-0.25927842447266464
exp1a_169,0,0,6,1.0,0.843383917424483
exp1a_169,1,1,6,0.0,0.2178428302469978
exp1a_169,0,0,6,1.0,-0.7363996791923271
exp1a_169,1,1,4,1.0,-0.037429674856308215
exp1a_169,0,1,6,-1.0,-0.7363996791923271
exp1a_169,1,0,3,1.0,0.843383917424483
exp1a_169,1,1,3,0.0,-0.7363996791923271
exp1a_169,0,1,6,0.0,-0.7363996791923271
exp1a_169,0,0,6,-1.0,0.843383917424483
exp1a_169,0,0,6,0.0,-0.037429674856308215
exp1a_169,0,0,4,1.0,0.2178428302469978
exp1a_169,1,1,3,-1.0,-0.25927842447266464
exp1a_169,0,0,6,0.0,0.2178428302469978
exp1a_169,1,0,6,0.0,0.2178428302469978
exp1a_169,1,0,3,-1.0,0.2178428302469978
exp1a_169,1,1,6,-1.0,0.843383917424483
exp1a_169,1,1,6,0.0,-0.037429674856308215
exp1a_169,0,1,3,-1.0,-0.037429674856308215
exp1a_169,1,1,5,1.0,-0.037429674856308215
exp1a_169,1,0,3,0.0,-0.25927842447266464
exp1a_169,1,1,3,-1.0,-0.7363996791923271
exp1a_169,1,0,3,1.0,0.2178428302469978
exp1a_169,0,1,3,-1.0,-0.25927842447266464
exp1a_169,1,1,5,1.0,-0.25927842447266464
exp1a_169,0,1,5,1.0,-0.25927842447266464
exp1a_169,0,0,6,0.0,0.843383917424483
exp1a_169,0,0,6,1.0,0.843383917424483
exp1a_169,0,0,3,1.0,-0.7363996791923271
exp1a_169,0,0,3,0.0,-0.25927842447266464
exp1a_169,1,1,6,0.0,0.843383917424483
exp1a_169,0,1,5,-1.0,0.2178428302469978
exp1a_169,0,0,6,1.0,-0.037429674856308215
exp1a_169,1,0,3,0.0,0.2178428302469978
exp1a_169,0,0,3,0.0,-0.037429674856308215
exp1a_169,0,1,3,-1.0,-0.7363996791923271
exp1a_169,1,1,3,1.0,-0.25927842447266464
exp1a_169,1,1,5,1.0,0.2178428302469978
exp1a_169,1,0,3,-1.0,-0.7363996791923271
exp1a_169,1,1,6,0.0,-0.037429674856308215
exp1a_169,1,1,5,1.0,-0.037429674856308215
exp1a_169,0,1,3,-1.0,-0.25927842447266464
exp1a_169,0,0,6,0.0,0.843383917424483
exp1a_169,0,0,3,0.0,0.2178428302469978
exp1a_169,1,1,6,0.0,-0.7363996791923271
exp1a_169,0,1,6,1.0,-0.037429674856308215
exp1a_169,0,1,6,1.0,-0.7363996791923271
exp1a_169,0,0,3,1.0,-0.25927842447266464
exp1a_169,1,1,6,0.0,0.843383917424483
exp1a_169,1,0,3,-1.0,-0.037429674856308215
exp1a_169,0,0,5,-1.0,0.2178428302469978
exp1a_169,1,1,6,1.0,0.843383917424483
exp1a_169,1,1,3,-1.0,-0.25927842447266464
exp1a_169,1,1,6,-1.0,0.843383917424483
exp1a_169,1,1,6,-1.0,0.2178428302469978
exp1a_169,0,0,3,-1.0,-0.037429674856308215
exp1a_169,0,0,3,0.0,-0.25927842447266464
exp1a_169,0,0,6,-1.0,0.843383917424483
exp1a_169,0,0,5,1.0,0.843383917424483
exp1a_169,1,1,5,0.0,-0.25927842447266464
exp1a_169,1,1,5,1.0,-0.7363996791923271
exp1a_169,0,0,5,1.0,0.2178428302469978
exp1a_169,0,0,3,0.0,-0.7363996791923271
exp1a_169,1,0,3,1.0,-0.037429674856308215
exp1a_169,0,1,4,-1.0,0.2178428302469978
exp1a_169,1,1,5,-1.0,-0.037429674856308215
exp1a_169,0,0,3,0.0,-0.7363996791923271
exp1a_169,1,1,6,0.0,0.843383917424483
exp1a_169,1,1,6,0.0,-0.037429674856308215
exp1a_169,1,1,3,-1.0,-0.25927842447266464
exp1a_169,1,0,6,1.0,-0.7363996791923271
exp1a_169,0,1,3,0.0,0.2178428302469978
exp1a_169,1,1,6,1.0,0.2178428302469978
exp1a_169,0,1,6,1.0,-0.25927842447266464
exp1a_169,0,1,6,1.0,-0.037429674856308215
exp1a_169,1,1,6,1.0,-0.25927842447266464
exp1a_169,1,1,6,-1.0,-0.7363996791923271
exp1a_169,1,1,5,0.0,0.2178428302469978
exp1a_169,1,1,6,-1.0,0.843383917424483
exp1a_169,0,1,6,-1.0,-0.037429674856308215
exp1a_169,0,0,3,1.0,0.2178428302469978
exp1a_169,0,0,3,0.0,-0.25927842447266464
exp1a_169,0,1,3,0.0,-0.037429674856308215
exp1a_169,0,0,6,-1.0,0.843383917424483
exp1a_169,0,0,6,1.0,0.843383917424483
exp1a_169,0,1,3,1.0,-0.7363996791923271
exp1a_169,1,1,6,0.0,-0.25927842447266464
exp1a_169,0,0,6,0.0,0.843383917424483
exp1a_169,0,0,5,-1.0,-0.7363996791923271
exp1a_169,1,1,6,-1.0,0.2178428302469978
exp1a_169,1,1,6,1.0,0.843383917424483
exp1a_169,0,0,6,-1.0,-0.25927842447266464
exp1a_169,1,0,3,0.0,-0.7363996791923271
exp1a_169,0,0,3,-1.0,-0.25927842447266464
exp1a_169,0,0,3,0.0,-0.037429674856308215
exp1a_169,1,1,6,1.0,0.2178428302469978
exp1a_169,1,1,6,0.0,-0.037429674856308215
exp1a_169,0,0,6,-1.0,-0.037429674856308215
exp1a_169,1,1,4,1.0,-0.25927842447266464
exp1a_169,1,0,3,0.0,0.2178428302469978
exp1a_169,1,1,6,-1.0,0.843383917424483
exp1a_169,1,0,3,1.0,-0.7363996791923271
exp1a_169,0,1,3,1.0,-0.25927842447266464
exp1a_169,1,1,3,-1.0,-0.037429674856308215
exp1a_169,0,1,3,0.0,-0.7363996791923271
exp1a_169,1,0,3,0.0,-0.25927842447266464
exp1a_169,0,0,6,-1.0,0.843383917424483
exp1a_169,0,0,6,0.0,0.843383917424483
exp1a_169,0,0,6,-1.0,0.2178428302469978
exp1a_169,0,0,3,0.0,-0.25927842447266464
exp1a_169,1,1,6,0.0,0.843383917424483
exp1a_169,1,1,4,-1.0,-0.25927842447266464
exp1a_169,1,1,3,-1.0,0.2178428302469978
exp1a_169,0,0,3,-1.0,-0.7363996791923271
exp1a_169,0,0,5,1.0,-0.037429674856308215
exp1a_169,0,0,3,1.0,0.2178428302469978
exp1a_169,0,0,3,1.0,-0.7363996791923271
exp1a_169,0,0,3,0.0,0.2178428302469978
exp1a_169,1,1,5,0.0,-0.7363996791923271
exp1a_169,1,1,4,1.0,-0.037429674856308215
exp1a_169,1,1,4,-1.0,-0.7363996791923271
exp1a_169,0,0,6,1.0,0.843383917424483
exp1a_169,1,1,6,1.0,0.843383917424483
exp1a_169,1,1,6,1.0,-0.25927842447266464
exp1a_169,1,0,3,-1.0,-0.25927842447266464
exp1a_169,1,1,3,0.0,-0.037429674856308215
exp1a_169,0,1,6,-1.0,0.2178428302469978
exp1a_169,1,1,6,1.0,-0.7363996791923271
exp1a_169,1,1,3,0.0,-0.25927842447266464
exp1a_169,0,1,3,1.0,-0.25927842447266464
exp1a_169,0,1,6,0.0,-0.037429674856308215
exp1a_169,1,0,6,-1.0,0.843383917424483
exp1a_169,0,0,6,0.0,0.843383917424483
exp1a_169,0,0,3,-1.0,-0.037429674856308215
exp1a_169,0,0,6,1.0,0.843383917424483
exp1a_169,0,1,3,-1.0,-0.25927842447266464
exp1a_169,1,0,3,1.0,-0.037429674856308215
exp1a_169,0,0,3,-1.0,-0.7363996791923271
exp1a_169,0,1,3,0.0,-0.25927842447266464
exp1a_169,1,1,3,0.0,0.843383917424483
exp1a_169,0,1,3,1.0,-0.037429674856308215
exp1a_169,1,1,6,1.0,0.843383917424483
exp1a_169,0,0,5,0.0,-0.7363996791923271
exp1a_169,0,0,6,1.0,0.2178428302469978
exp1a_169,0,0,6,-1.0,0.843383917424483
exp1a_169,1,1,5,-1.0,-0.7363996791923271
exp1a_169,1,0,6,0.0,-0.7363996791923271
exp1a_169,0,1,5,0.0,0.2178428302469978
exp1a_169,0,0,5,1.0,-0.7363996791923271
exp1a_169,1,1,3,0.0,0.2178428302469978
exp1a_169,1,1,3,-1.0,0.2178428302469978
exp1a_169,1,0,3,-1.0,-0.037429674856308215
exp1a_169,0,1,3,-1.0,-0.7363996791923271
exp1a_169,0,1,3,0.0,0.2178428302469978
exp1a_169,1,1,6,0.0,0.843383917424483
exp1a_169,1,0,3,1.0,-0.7363996791923271
exp1a_169,0,0,6,-1.0,0.843383917424483
exp1a_169,1,1,6,-1.0,-0.25927842447266464
exp1a_169,1,0,3,-1.0,-0.037429674856308215
exp1a_169,1,0,3,-1.0,0.843383917424483
exp1a_169,0,0,6,1.0,0.843383917424483
exp1a_169,0,0,4,1.0,0.2178428302469978
exp1a_169,0,0,3,1.0,-0.037429674856308215
exp1a_169,1,1,6,1.0,0.843383917424483
exp1a_169,1,0,3,-1.0,-0.7363996791923271
exp1a_169,0,0,3,0.0,-0.7363996791923271
exp1a_169,1,1,4,1.0,0.2178428302469978
exp1a_169,1,1,3,1.0,-0.037429674856308215
exp1a_169,0,0,3,0.0,-0.037429674856308215
exp1a_169,0,1,3,1.0,-0.25927842447266464
exp1a_169,0,1,4,-1.0,-0.037429674856308215
exp1a_169,0,1,4,-1.0,-0.25927842447266464
exp1a_169,0,1,4,1.0,-0.7363996791923271
exp1a_169,1,1,3,1.0,-0.25927842447266464
exp1a_169,1,0,3,0.0,-0.25927842447266464
exp1a_169,0,1,3,0.0,-0.25927842447266464
exp1a_169,0,0,6,0.0,0.843383917424483
exp1a_169,0,0,6,-1.0,0.2178428302469978
exp1a_169,1,1,4,-1.0,0.2178428302469978
exp1a_169,1,0,3,0.0,-0.037429674856308215
exp1a_169,1,1,6,0.0,0.2178428302469978
exp1a_169,1,0,6,0.0,-0.7363996791923271
exp1a_169,0,0,5,0.0,-0.25927842447266464
exp1a_169,0,1,6,0.0,-0.7363996791923271
exp1a_169,1,1,6,0.0,-0.25927842447266464
exp1a_169,0,0,6,0.0,0.843383917424483
exp1a_169,1,1,6,0.0,0.843383917424483
exp1a_169,0,0,6,-1.0,-0.25927842447266464
exp1a_169,1,1,6,-1.0,0.843383917424483
exp1a_169,0,0,6,-1.0,0.843383917424483
exp1a_169,1,1,3,1.0,-0.7363996791923271
exp1a_169,1,1,6,1.0,-0.037429674856308215
exp1a_169,0,1,6,-1.0,-0.7363996791923271
exp1a_169,1,1,6,-1.0,-0.25927842447266464
exp1a_169,1,1,3,0.0,-0.7363996791923271
exp1a_169,0,1,3,0.0,-0.037429674856308215
exp1a_169,1,0,3,-1.0,-0.037429674856308215
exp1a_169,1,1,3,-1.0,-0.7363996791923271
exp1a_169,0,1,3,1.0,-0.25927842447266464
exp1a_169,0,0,3,-1.0,-0.037429674856308215
exp1a_169,1,1,3,1.0,-0.25927842447266464
exp1a_169,0,0,6,-1.0,0.2178428302469978
exp1a_169,1,1,4,-1.0,0.2178428302469978
exp1a_169,0,0,3,1.0,-0.037429674856308215
exp1a_169,1,1,6,1.0,0.843383917424483
exp1a_169,0,0,6,1.0,0.843383917424483
exp1a_169,0,0,6,1.0,0.2178428302469978
exp1a_169,1,1,6,0.0,0.2178428302469978
exp1a_169,1,1,3,1.0,0.2178428302469978
exp1a_169,0,0,5,0.0,0.2178428302469978
exp1a_169,1,1,3,0.0,-0.037429674856308215
exp1a_169,0,1,3,1.0,-0.7363996791923271
exp1a_170,0,0,4,0.0,-0.25927842447266464
exp1a_170,1,1,4,1.0,-0.7363996791923271
exp1a_170,1,0,3,0.0,-0.25927842447266464
exp1a_170,0,0,6,1.0,0.843383917424483
exp1a_170,0,0,6,-1.0,0.2178428302469978
exp1a_170,0,0,6,1.0,0.2178428302469978
exp1a_170,1,0,3,0.0,-0.7363996791923271
exp1a_170,0,0,3,1.0,-0.7363996791923271
exp1a_170,0,0,4,-1.0,-0.25927842447266464
exp1a_170,0,0,4,0.0,-0.7363996791923271
exp1a_170,0,1,4,-1.0,-0.7363996791923271
exp1a_170,1,1,6,0.0,0.843383917424483
exp1a_170,1,0,4,0.0,-0.037429674856308215
exp1a_170,1,0,4,-1.0,-0.037429674856308215
exp1a_170,1,1,4,-1.0,-0.25927842447266464
exp1a_170,1,1,5,1.0,0.2178428302469978
exp1a_170,0,0,4,-1.0,-0.037429674856308215
exp1a_170,1,1,6,1.0,0.843383917424483
exp1a_170,0,0,4,0.0,-0.037429674856308215
exp1a_170,1,1,6,-1.0,0.843383917424483
exp1a_170,1,1,6,0.0,0.2178428302469978
exp1a_170,1,1,6,-1.0,0.2178428302469978
exp1a_170,0,0,6,-1.0,0.843383917424483
exp1a_170,0,0,5,0.0,0.2178428302469978
exp1a_170,0,0,6,0.0,0.843383917424483
exp1a_170,1,0,4,1.0,-0.25927842447266464
exp1a_170,0,1,4,1.0,-0.037429674856308215
exp1a_170,0,0,4,1.0,-0.25927842447266464
exp1a_170,1,1,4,1.0,-0.037429674856308215
exp1a_170,1,1,3,-1.0,-0.7363996791923271
exp1a_170,1,1,4,1.0,-0.25927842447266464
exp1a_170,0,0,6,1.0,0.2178428302469978
exp1a_170,0,0,6,1.0,-0.037429674856308215
exp1a_170,0,1,4,1.0,-0.7363996791923271
exp1a_170,1,1,4,1.0,-0.037429674856308215
exp1a_170,1,1,6,1.0,0.843383917424483
exp1a_170,0,0,6,1.0,0.843383917424483
exp1a_170,0,0,6,-1.0,0.843383917424483
exp1a_170,0,0,4,-1.0,-0.7363996791923271
exp1a_170,0,0,4,0.0,0.843383917424483
exp1a_170,1,0,3,0.0,-0.7363996791923271
exp1a_170,1,1,4,-1.0,-0.037429674856308215
exp1a_170,0,0,5,-1.0,0.2178428302469978
exp1a_170,1,1,3,-1.0,-0.7363996791923271
exp1a_170,0,0,4,0.0,0.2178428302469978
exp1a_170,0,0,5,0.0,-0.7363996791923271
exp1a_170,0,0,5,0.0,-0.25927842447266464
exp1a_170,0,0,4,-1.0,-0.25927842447266464
exp1a_170,0,1,3,-1.0,-0.037429674856308215
exp1a_170,1,0,4,1.0,-0.7363996791923271
exp1a_170,1,1,4,1.0,0.2178428302469978
exp1a_170,1,1,4,0.0,-0.25927842447266464
exp1a_170,1,1,4,-1.0,-0.25927842447266464
exp1a_170,1,1,5,0.0,0.843383917424483
exp1a_170,0,0,5,0.0,-0.037429674856308215
exp1a_170,1,1,4,0.0,-0.037429674856308215
exp1a_170,1,1,4,0.0,0.2178428302469978
exp1a_170,0,1,4,1.0,-0.25927842447266464
exp1a_170,1,1,4,-1.0,0.2178428302469978
exp1a_170,0,0,3,0.0,-0.25927842447266464
exp1a_170,0,0,4,1.0,0.2178428302469978
exp1a_170,0,1,3,1.0,-0.037429674856308215
exp1a_170,0,0,4,-1.0,0.2178428302469978
exp1a_170,1,1,4,0.0,-0.037429674856308215
exp1a_170,1,0,3,0.0,-0.25927842447266464
exp1a_170,0,0,4,0.0,-0.037429674856308215
exp1a_170,0,0,4,0.0,0.2178428302469978
exp1a_170,0,0,4,1.0,-0.25927842447266464
exp1a_170,0,0,4,-1.0,-0.7363996791923271
exp1a_170,1,1,5,1.0,0.843383917424483
exp1a_170,0,0,4,1.0,-0.7363996791923271
exp1a_170,0,0,3,-1.0,-0.037429674856308215
exp1a_170,1,1,4,1.0,0.2178428302469978
exp1a_170,0,0,5,1.0,0.843383917424483
exp1a_170,1,1,5,1.0,-0.037429674856308215
exp1a_170,1,1,4,-1.0,-0.25927842447266464
exp1a_170,1,1,5,-1.0,0.2178428302469978
exp1a_170,1,1,5,-1.0,-0.037429674856308215
exp1a_170,0,1,4,-1.0,-0.25927842447266464
exp1a_170,1,1,5,0.0,0.2178428302469978
exp1a_170,0,0,6,-1.0,0.843383917424483
exp1a_170,1,1,4,1.0,-0.7363996791923271
exp1a_170,0,0,3,0.0,-0.7363996791923271
exp1a_170,1,0,4,-1.0,-0.7363996791923271
exp1a_170,1,1,3,1.0,-0.25927842447266464
exp1a_170,0,0,5,0.0,0.843383917424483
exp1a_170,1,1,3,0.0,-0.7363996791923271
exp1a_170,1,1,5,-1.0,0.843383917424483
exp1a_170,1,1,5,0.0,0.843383917424483
exp1a_170,0,0,6,-1.0,0.843383917424483
exp1a_170,0,1,3,-1.0,-0.25927842447266464
exp1a_170,0,0,4,0.0,0.2178428302469978
exp1a_170,0,0,4,1.0,-0.037429674856308215
exp1a_170,0,1,4,0.0,-0.25927842447266464
exp1a_170,1,1,4,-1.0,0.2178428302469978
exp1a_170,1,1,4,-1.0,-0.7363996791923271
exp1a_170,1,0,4,0.0,-0.7363996791923271
exp1a_170,0,0,5,0.0,0.843383917424483
exp1a_170,1,1,5,0.0,0.843383917424483
exp1a_170,1,1,5,1.0,-0.037429674856308215
exp1a_170,0,0,5,1.0,0.2178428302469978
exp1a_170,0,1,4,0.0,-0.7363996791923271
exp1a_170,1,1,4,0.0,-0.25927842447266464
exp1a_170,0,0,5,0.0,-0.037429674856308215
exp1a_170,1,1,5,-1.0,-0.037429674856308215
exp1a_170,0,0,4,-1.0,0.2178428302469978
exp1a_170,1,1,5,0.0,-0.037429674856308215
exp1a_170,1,1,5,1.0,0.2178428302469978
exp1a_170,1,1,5,1.0,0.843383917424483
exp1a_170,1,0,4,-1.0,-0.25927842447266464
exp1a_170,1,1,4,-1.0,0.843383917424483
exp1a_170,0,0,5,1.0,0.843383917424483
exp1a_170,0,1,4,1.0,-0.7363996791923271
exp1a_170,1,1,3,1.0,-0.25927842447266464
exp1a_170,0,0,3,1.0,-0.25927842447266464
exp1a_170,1,1,4,1.0,-0.7363996791923271
exp1a_170,1,1,4,0.0,0.2178428302469978
exp1a_170,0,0,4,-1.0,-0.037429674856308215
exp1a_170,0,1,3,-1.0,-0.7363996791923271
exp1a_170,0,1,3,0.0,-0.25927842447266464
exp1a_170,0,0,4,0.0,0.843383917424483
exp1a_170,0,0,4,0.0,-0.037429674856308215
exp1a_170,0,1,4,1.0,-0.7363996791923271
exp1a_170,0,0,4,1.0,-0.25927842447266464
exp1a_170,0,0,4,1.0,-0.037429674856308215
exp1a_170,1,1,3,0.0,-0.7363996791923271
exp1a_170,0,1,3,-1.0,-0.25927842447266464
exp1a_170,1,1,4,0.0,0.2178428302469978
exp1a_170,0,0,4,0.0,0.2178428302469978
exp1a_170,1,1,4,1.0,-0.25927842447266464
exp1a_170,1,1,5,-1.0,0.843383917424483
exp1a_170,1,0,3,1.0,-0.7363996791923271
exp1a_170,0,0,4,1.0,0.843383917424483
exp1a_170,1,1,3,-1.0,-0.7363996791923271
exp1a_170,0,0,3,-1.0,-0.7363996791923271
exp1a_170,0,0,5,-1.0,0.843383917424483
exp1a_170,1,1,4,0.0,-0.25927842447266464
exp1a_170,1,1,5,1.0,0.2178428302469978
exp1a_170,0,0,4,1.0,0.2178428302469978
exp1a_170,0,0,4,-1.0,-0.037429674856308215
exp1a_170,0,0,4,0.0,-0.7363996791923271
exp1a_170,1,1,4,1.0,-0.037429674856308215
exp1a_170,0,1,4,-1.0,0.2178428302469978
exp1a_170,1,1,6,1.0,0.843383917424483
exp1a_170,1,1,4,0.0,-0.037429674856308215
exp1a_170,1,1,4,-1.0,-0.25927842447266464
exp1a_170,1,1,5,-1.0,0.2178428302469978
exp1a_170,1,1,6,0.0,0.843383917424483
exp1a_170,1,1,4,-1.0,-0.037429674856308215
exp1a_170,1,1,6,1.0,0.843383917424483
exp1a_170,1,1,5,1.0,-0.037429674856308215
exp1a_170,1,1,5,0.0,0.843383917424483
exp1a_170,1,1,4,0.0,0.2178428302469978
exp1a_170,1,1,4,-1.0,-0.7363996791923271
exp1a_170,0,0,3,0.0,-0.7363996791923271
exp1a_170,0,1,3,-1.0,-0.037429674856308215
exp1a_170,1,1,4,-1.0,0.2178428302469978
exp1a_170,0,0,4,1.0,-0.037429674856308215
exp1a_170,1,1,4,0.0,-0.037429674856308215
exp1a_170,0,0,4,0.0,-0.25927842447266464
exp1a_170,0,0,5,1.0,0.2178428302469978
exp1a_170,1,1,5,-1.0,-0.037429674856308215
exp1a_170,0,1,4,1.0,-0.7363996791923271
exp1a_170,0,1,3,-1.0,-0.7363996791923271
exp1a_170,0,1,4,0.0,-0.037429674856308215
exp1a_170,1,1,4,1.0,-0.25927842447266464
exp1a_170,1,0,4,-1.0,-0.25927842447266464
exp1a_170,0,0,4,0.0,0.2178428302469978
exp1a_170,1,0,4,1.0,-0.7363996791923271
exp1a_170,0,1,3,1.0,-0.25927842447266464
exp1a_170,1,0,4,0.0,-0.7363996791923271
exp1a_170,1,1,4,1.0,0.2178428302469978
exp1a_170,0,0,5,-1.0,0.843383917424483
exp1a_170,1,1,6,-1.0,0.843383917424483
exp1a_170,0,0,6,0.0,0.843383917424483
exp1a_170,1,1,4,0.0,-0.25927842447266464
exp1a_170,0,1,3,-1.0,-0.25927842447266464
exp1a_170,1,0,4,-1.0,-0.7363996791923271
exp1a_170,1,1,4,0.0,-0.7363996791923271
exp1a_170,1,1,4,1.0,0.2178428302469978
exp1a_170,1,1,4,1.0,-0.25927842447266464
exp1a_170,1,1,4,1.0,-0.037429674856308215
exp1a_170,1,1,4,0.0,-0.25927842447266464
exp1a_170,0,1,4,1.0,-0.7363996791923271
exp1a_170,0,0,5,-1.0,0.843383917424483
exp1a_170,1,1,6,1.0,0.843383917424483
exp1a_170,1,1,6,0.0,0.843383917424483
exp1a_170,1,1,5,-1.0,-0.25927842447266464
exp1a_170,1,1,4,-1.0,0.2178428302469978
exp1a_170,0,0,4,1.0,-0.25927842447266464
exp1a_170,0,0,4,-1.0,-0.7363996791923271
exp1a_170,0,0,3,-1.0,0.2178428302469978
exp1a_170,0,1,4,0.0,-0.25927842447266464
exp1a_170,1,1,5,-1.0,0.843383917424483
exp1a_170,0,0,4,1.0,-0.037429674856308215
exp1a_170,1,1,6,0.0,0.2178428302469978
exp1a_170,0,0,6,0.0,0.843383917424483
exp1a_170,1,1,6,0.0,-0.037429674856308215
exp1a_170,1,1,4,1.0,-0.7363996791923271
exp1a_170,0,0,4,-1.0,-0.25927842447266464
exp1a_170,0,0,4,-1.0,-0.037429674856308215
exp1a_170,1,1,4,-1.0,-0.037429674856308215
exp1a_170,0,0,4,0.0,0.2178428302469978
exp1a_170,0,1,3,0.0,-0.7363996791923271
exp1a_170,0,0,4,1.0,0.2178428302469978
exp1a_170,0,0,4,0.0,-0.037429674856308215
exp1a_170,1,1,6,-1.0,0.843383917424483
exp1a_170,0,1,4,1.0,-0.25927842447266464
exp1a_170,1,1,4,-1.0,0.2178428302469978
exp1a_170,1,1,5,1.0,-0.037429674856308215
exp1a_170,0,0,3,0.0,-0.7363996791923271
exp1a_170,1,1,4,-1.0,-0.7363996791923271
exp1a_170,1,1,5,0.0,0.2178428302469978
exp1a_170,0,0,6,0.0,0.843383917424483
exp1a_170,0,1,4,0.0,-0.25927842447266464
exp1a_170,1,0,4,1.0,-0.7363996791923271
exp1a_170,1,1,6,1.0,0.2178428302469978
exp1a_170,1,0,4,0.0,-0.037429674856308215
exp1a_170,1,1,6,0.0,0.843383917424483
exp1a_170,1,1,4,0.0,-0.25927842447266464
exp1a_170,0,0,6,-1.0,0.843383917424483
exp1a_170,0,0,6,0.0,-0.037429674856308215
exp1a_170,1,0,5,0.0,-0.7363996791923271
exp1a_170,0,1,4,-1.0,-0.7363996791923271
exp1a_170,0,0,5,1.0,-0.037429674856308215
exp1a_170,0,1,4,1.0,0.2178428302469978
exp1a_170,0,0,4,0.0,0.2178428302469978
exp1a_170,0,0,4,-1.0,0.2178428302469978
exp1a_170,1,1,6,1.0,0.843383917424483
exp1a_170,1,1,3,1.0,-0.25927842447266464
exp1a_170,1,1,4,-1.0,-0.037429674856308215
exp1a_170,0,0,4,1.0,-0.7363996791923271
exp1a_170,0,0,4,-1.0,-0.25927842447266464
exp1a_170,0,0,4,-1.0,-0.037429674856308215
exp1a_170,1,1,3,-1.0,-0.25927842447266464
exp1a_171,0,0,6,-1.0,0.843383917424483
exp1a_171,1,1,5,0.0,0.843383917424483
exp1a_171,0,0,6,0.0,0.2178428302469978
exp1a_171,1,1,6,-1.0,-0.037429674856308215
exp1a_171,1,1,6,1.0,-0.7363996791923271
exp1a_171,0,0,5,0.0,0.843383917424483
exp1a_171,0,1,5,-1.0,-0.037429674856308215
exp1a_171,1,1,6,1.0,-0.037429674856308215
exp1a_171,1,1,5,0.0,-0.037429674856308215
exp1a_171,0,1,6,0.0,-0.7363996791923271
exp1a_171,1,1,5,-1.0,-0.25927842447266464
exp1a_171,0,1,6,-1.0,-0.7363996791923271
exp1a_171,1,1,6,0.0,-0.7363996791923271
exp1a_171,0,0,4,1.0,0.2178428302469978
exp1a_171,0,1,5,-1.0,-0.25927842447266464
exp1a_171,1,1,5,1.0,-0.25927842447266464
exp1a_171,1,1,6,1.0,0.2178428302469978
exp1a_171,0,1,6,0.0,-0.25927842447266464
exp1a_171,1,1,6,-1.0,0.2178428302469978
exp1a_171,0,1,6,1.0,-0.25927842447266464
exp1a_171,0,1,5,1.0,-0.7363996791923271
exp1a_171,1,1,6,0.0,0.2178428302469978
exp1a_171,1,1,6,-1.0,0.843383917424483
exp1a_171,0,1,6,1.0,-0.037429674856308215
exp1a_171,1,1,5,0.0,-0.25927842447266464
exp1a_171,0,0,5,1.0,0.843383917424483
exp1a_171,0,0,5,0.0,-0.037429674856308215
exp1a_171,1,1,4,-1.0,-0.7363996791923271
exp1a_171,1,1,6,1.0,0.843383917424483
exp1a_171,0,0,4,-1.0,-0.7363996791923271
exp1a_171,0,1,6,1.0,-0.037429674856308215
exp1a_171,0,1,6,1.0,0.2178428302469978
exp1a_171,0,1,6,1.0,-0.25927842447266464
exp1a_171,0,1,6,0.0,-0.7363996791923271
exp1a_171,0,0,6,-1.0,0.843383917424483
exp1a_171,1,1,4,0.0,0.2178428302469978
exp1a_171,1,1,6,-1.0,-0.037429674856308215
exp1a_171,1,1,5,1.0,0.2178428302469978
exp1a_171,1,1,6,1.0,-0.25927842447266464
exp1a_171,1,0,2,-1.0,0.843383917424483
exp1a_171,0,1,4,-1.0,0.2178428302469978
exp1a_171,1,1,6,1.0,0.843383917424483
exp1a_171,0,0,5,0.0,-0.037429674856308215
exp1a_171,1,1,5,-1.0,-0.25927842447266464
exp1a_171,1,1,5,0.0,-0.037429674856308215
exp1a_171,0,1,5,0.0,-0.25927842447266464
exp1a_171,0,1,4,0.0,0.2178428302469978
exp1a_171,0,0,6,0.0,0.843383917424483
exp1a_171,0,1,6,1.0,-0.7363996791923271
exp1a_171,0,1,6,-1.0,-0.25927842447266464
exp1a_171,1,1,6,1.0,-0.037429674856308215
exp1a_171,1,1,6,0.0,0.843383917424483
exp1a_171,0,0,6,1.0,0.843383917424483
exp1a_171,1,1,6,0.0,-0.7363996791923271
exp1a_171,1,1,5,-1.0,-0.7363996791923271
exp1a_171,0,1,4,-1.0,-0.037429674856308215
exp1a_171,1,1,4,0.0,-0.25927842447266464
exp1a_171,1,1,5,-1.0,0.2178428302469978
exp1a_171,1,1,5,1.0,-0.7363996791923271
exp1a_171,0,0,6,0.0,0.843383917424483
exp1a_171,0,1,4,0.0,-0.25927842447266464
exp1a_171,1,1,6,1.0,-0.037429674856308215
exp1a_171,1,1,6,0.0,-0.25927842447266464
exp1a_171,1,1,6,-1.0,-0.7363996791923271
exp1a_171,0,1,6,0.0,-0.7363996791923271
exp1a_171,1,0,6,1.0,0.843383917424483
exp1a_171,0,1,6,-1.0,-0.7363996791923271
exp1a_171,0,1,5,0.0,-0.037429674856308215
exp1a_171,1,1,5,-1.0,0.843383917424483
exp1a_171,1,1,4,-1.0,-0.25927842447266464
exp1a_171,1,1,5,0.0,-0.7363996791923271
exp1a_171,0,1,5,0.0,0.2178428302469978
exp1a_171,1,1,6,1.0,0.2178428302469978
exp1a_171,1,1,6,0.0,0.843383917424483
exp1a_171,0,1,5,1.0,-0.037429674856308215
exp1a_171,1,1,6,1.0,-0.25927842447266464
exp1a_171,0,1,6,1.0,-0.25927842447266464
exp1a_171,1,1,6,0.0,-0.037429674856308215
exp1a_171,1,1,5,-1.0,0.2178428302469978
exp1a_171,0,0,6,-1.0,0.843383917424483
exp1a_171,0,1,6,-1.0,-0.25927842447266464
exp1a_171,0,1,6,-1.0,-0.037429674856308215
exp1a_171,0,1,6,1.0,0.2178428302469978
exp1a_171,1,1,6,-1.0,-0.037429674856308215
exp1a_171,0,1,4,1.0,-0.7363996791923271
exp1a_171,0,0,4,-1.0,0.2178428302469978
exp1a_171,1,1,5,0.0,0.2178428302469978
exp1a_171,0,0,6,1.0,0.843383917424483
exp1a_171,1,1,5,1.0,-0.7363996791923271
exp1a_171,1,1,6,0.0,-0.7363996791923271
exp1a_171,1,1,5,-1.0,-0.037429674856308215
exp1a_171,1,1,6,-1.0,0.2178428302469978
exp1a_171,1,1,6,-1.0,-0.7363996791923271
exp1a_171,1,1,6,1.0,-0.25927842447266464
exp1a_171,0,1,6,0.0,-0.037429674856308215
exp1a_171,0,1,6,-1.0,-0.7363996791923271
exp1a_171,0,1,5,0.0,-0.25927842447266464
exp1a_171,1,1,5,0.0,0.2178428302469978
exp1a_171,0,0,6,-1.0,0.843383917424483
exp1a_171,0,0,6,1.0,0.843383917424483
exp1a_171,0,1,5,1.0,-0.7363996791923271
exp1a_171,1,1,3,1.0,0.2178428302469978
exp1a_171,0,1,3,-1.0,-0.037429674856308215
exp1a_171,0,1,5,0.0,0.2178428302469978
exp1a_171,1,1,4,1.0,-0.7363996791923271
exp1a_171,1,1,4,0.0,-0.037429674856308215
exp1a_171,0,1,5,1.0,-0.037429674856308215
exp1a_171,0,0,4,-1.0,0.2178428302469978
exp1a_171,1,1,6,-1.0,0.843383917424483
exp1a_171,0,1,6,1.0,-0.25927842447266464
exp1a_171,0,1,4,-1.0,-0.25927842447266464
exp1a_171,1,1,5,1.0,-0.037429674856308215
exp1a_171,1,1,6,-1.0,-0.25927842447266464
exp1a_171,1,1,5,0.0,-0.25927842447266464
exp1a_171,0,1,4,1.0,0.2178428302469978
exp1a_171,1,1,5,0.0,0.843383917424483
exp1a_171,0,0,6,0.0,0.843383917424483
exp1a_171,0,1,6,0.0,-0.7363996791923271
exp1a_171,0,0,6,1.0,0.2178428302469978
exp1a_171,0,1,6,-1.0,-0.037429674856308215
exp1a_171,0,0,6,1.0,0.843383917424483
exp1a_171,0,1,6,1.0,-0.037429674856308215
exp1a_171,0,1,6,0.0,-0.25927842447266464
exp1a_171,0,0,6,-1.0,0.843383917424483
exp1a_171,0,0,4,0.0,0.2178428302469978
exp1a_171,0,1,5,0.0,-0.037429674856308215
exp1a_171,0,1,5,-1.0,-0.25927842447266464
exp1a_171,1,1,4,0.0,-0.037429674856308215
exp1a_171,1,0,3,-1.0,-0.037429674856308215
exp1a_171,0,1,6,-1.0,0.2178428302469978
exp1a_171,1,1,4,1.0,0.2178428302469978
exp1a_171,1,1,5,1.0,-0.25927842447266464
exp1a_171,0,0,6,0.0,0.843383917424483
exp1a_171,1,1,6,-1.0,-0.7363996791923271
exp1a_171,1,1,6,1.0,-0.037429674856308215
exp1a_171,0,1,6,1.0,-0.25927842447266464
exp1a_171,0,1,6,1.0,-0.7363996791923271
exp1a_171,1,1,5,-1.0,0.843383917424483
exp1a_171,1,1,5,-1.0,0.2178428302469978
exp1a_171,1,1,6,0.0,-0.25927842447266464
exp1a_171,0,1,4,-1.0,-0.7363996791923271
exp1a_171,1,1,6,0.0,0.843383917424483
exp1a_171,1,1,4,-1.0,-0.25927842447266464
exp1a_171,0,1,6,0.0,-0.7363996791923271
exp1a_171,1,1,5,0.0,-0.7363996791923271
exp1a_171,1,1,4,0.0,0.2178428302469978
exp1a_171,1,1,5,1.0,0.843383917424483
exp1a_171,1,1,5,1.0,-0.7363996791923271
exp1a_171,0,1,5,0.0,0.2178428302469978
exp1a_171,0,1,4,-1.0,0.2178428302469978
exp1a_171,0,1,6,1.0,-0.25927842447266464
exp1a_171,0,0,5,0.0,0.843383917424483
exp1a_171,1,1,6,1.0,-0.25927842447266464
exp1a_171,1,1,6,-1.0,-0.25927842447266464
exp1a_171,0,1,6,0.0,-0.25927842447266464
exp1a_171,0,1,6,-1.0,-0.7363996791923271
exp1a_171,1,1,6,0.0,-0.037429674856308215
exp1a_171,0,1,4,0.0,-0.037429674856308215
exp1a_171,0,0,5,1.0,0.2178428302469978
exp1a_171,0,1,6,-1.0,-0.037429674856308215
exp1a_171,1,1,6,-1.0,0.2178428302469978
exp1a_171,1,1,6,0.0,0.843383917424483
exp1a_171,0,1,6,1.0,-0.037429674856308215
exp1a_171,1,1,6,0.0,0.2178428302469978
exp1a_171,1,1,6,0.0,-0.7363996791923271
exp1a_171,1,1,6,-1.0,-0.7363996791923271
exp1a_171,1,1,5,0.0,-0.25927842447266464
exp1a_171,1,1,6,-1.0,0.843383917424483
exp1a_171,1,1,6,1.0,0.2178428302469978
exp1a_171,0,1,5,-1.0,-0.25927842447266464
exp1a_171,1,1,5,-1.0,-0.037429674856308215
exp1a_171,1,1,6,1.0,-0.7363996791923271
exp1a_171,0,1,4,0.0,-0.7363996791923271
exp1a_171,1,1,5,1.0,0.843383917424483
exp1a_171,0,0,6,1.0,0.843383917424483
exp1a_171,0,0,6,-1.0,0.843383917424483
exp1a_171,1,1,6,1.0,-0.037429674856308215
exp1a_171,0,1,6,1.0,-0.7363996791923271
exp1a_171,1,1,6,1.0,-0.037429674856308215
exp1a_171,0,0,6,1.0,0.843383917424483
exp1a_171,0,0,6,0.0,0.843383917424483
exp1a_171,0,1,6,-1.0,-0.25927842447266464
exp1a_171,1,1,4,-1.0,0.843383917424483
exp1a_171,0,1,4,-1.0,0.2178428302469978
exp1a_171,1,1,6,-1.0,-0.25927842447266464
exp1a_171,0,1,6,0.0,-0.037429674856308215
exp1a_171,1,1,6,-1.0,-0.7363996791923271
exp1a_171,0,1,6,-1.0,-0.037429674856308215
exp1a_171,0,1,5,-1.0,-0.7363996791923271
exp1a_171,0,0,6,-1.0,0.843383917424483
exp1a_171,0,1,6,1.0,0.2178428302469978
exp1a_171,1,1,6,-1.0,0.2178428302469978
exp1a_171,0,1,6,1.0,-0.037429674856308215
exp1a_171,1,1,6,0.0,0.2178428302469978
exp1a_171,0,1,4,0.0,-0.25927842447266464
exp1a_171,1,1,5,0.0,0.843383917424483
exp1a_171,0,1,6,1.0,-0.7363996791923271
exp1a_171,0,1,6,1.0,-0.25927842447266464
exp1a_171,1,1,4,-1.0,-0.037429674856308215
exp1a_171,0,1,6,0.0,0.2178428302469978
exp1a_171,1,1,4,1.0,-0.25927842447266464
exp1a_171,1,1,6,1.0,-0.7363996791923271
exp1a_171,1,1,5,0.0,-0.25927842447266464
exp1a_171,1,1,5,1.0,0.843383917424483
exp1a_171,1,1,4,1.0,-0.25927842447266464
exp1a_171,1,1,5,-1.0,-0.25927842447266464
exp1a_171,1,1,6,0.0,-0.25927842447266464
exp1a_171,0,1,6,1.0,-0.7363996791923271
exp1a_171,1,1,5,0.0,-0.7363996791923271
exp1a_171,1,1,5,1.0,-0.7363996791923271
exp1a_171,1,1,6,-1.0,-0.7363996791923271
exp1a_171,1,1,5,0.0,0.843383917424483
exp1a_171,0,0,6,0.0,0.843383917424483
exp1a_171,1,1,5,1.0,0.2178428302469978
exp1a_171,0,1,6,0.0,-0.037429674856308215
exp1a_171,0,1,6,-1.0,0.2178428302469978
exp1a_171,1,1,6,-1.0,0.843383917424483
exp1a_171,0,1,5,0.0,-0.7363996791923271
exp1a_171,0,1,6,1.0,-0.25927842447266464
exp1a_171,1,1,6,1.0,-0.037429674856308215
exp1a_171,1,1,6,-1.0,0.2178428302469978
exp1a_171,0,0,6,1.0,0.843383917424483
exp1a_171,0,1,6,0.0,0.2178428302469978
exp1a_171,1,1,6,-1.0,-0.037429674856308215
exp1a_171,0,1,6,-1.0,-0.037429674856308215
exp1a_171,0,1,6,1.0,0.2178428302469978
exp1a_171,0,1,6,1.0,-0.037429674856308215
exp1a_171,0,1,6,-1.0,-0.7363996791923271
exp1a_171,0,1,5,0.0,-0.25927842447266464
exp1a_171,0,0,6,-1.0,0.843383917424483
exp1a_171,1,1,6,0.0,0.2178428302469978
exp1a_171,1,1,6,0.0,-0.037429674856308215
exp1a_171,1,1,6,1.0,0.843383917424483
exp1a_171,0,1,6,-1.0,-0.25927842447266464
exp1a_172,1,1,5,1.0,-0.7363996791923271
exp1a_172,0,1,4,-1.0,-0.7363996791923271
exp1a_172,1,1,3,-1.0,0.2178428302469978
exp1a_172,1,0,4,-1.0,-0.25927842447266464
exp1a_172,0,1,4,0.0,-0.25927842447266464
exp1a_172,0,0,3,0.0,-0.7363996791923271
exp1a_172,0,1,6,1.0,-0.7363996791923271
exp1a_172,1,1,3,-1.0,-0.7363996791923271
exp1a_172,0,1,4,0.0,0.2178428302469978
exp1a_172,1,0,4,1.0,-0.25927842447266464
exp1a_172,1,1,6,0.0,0.843383917424483
exp1a_172,1,1,6,-1.0,0.843383917424483
exp1a_172,1,0,5,1.0,-0.037429674856308215
exp1a_172,0,0,3,-1.0,-0.037429674856308215
exp1a_172,0,0,5,-1.0,0.843383917424483
exp1a_172,0,0,2,-1.0,0.2178428302469978
exp1a_172,0,1,4,0.0,-0.037429674856308215
exp1a_172,0,0,5,1.0,-0.25927842447266464
exp1a_172,1,1,5,0.0,0.2178428302469978
exp1a_172,0,0,5,0.0,0.843383917424483
exp1a_172,1,1,5,1.0,0.843383917424483
exp1a_172,1,1,6,0.0,-0.7363996791923271
exp1a_172,1,0,3,0.0,-0.25927842447266464
exp1a_172,1,1,4,0.0,-0.037429674856308215
exp1a_172,1,1,4,-1.0,-0.037429674856308215
exp1a_172,0,0,3,-1.0,-0.25927842447266464
exp1a_172,0,0,5,1.0,0.2178428302469978
exp1a_172,1,1,5,1.0,0.2178428302469978
exp1a_172,0,0,5,1.0,0.843383917424483
exp1a_172,0,1,5,1.0,-0.037429674856308215
exp1a_172,1,1,5,1.0,0.843383917424483
exp1a_172,0,0,5,0.0,-0.25927842447266464
exp1a_172,1,0,3,-1.0,-0.7363996791923271
exp1a_172,1,1,5,1.0,0.2178428302469978
exp1a_172,1,1,5,0.0,0.843383917424483
exp1a_172,1,0,5,-1.0,-0.25927842447266464
exp1a_172,0,1,3,0.0,-0.7363996791923271
exp1a_172,1,1,4,0.0,0.2178428302469978
exp1a_172,0,0,5,0.0,0.843383917424483
exp1a_172,0,0,5,1.0,0.2178428302469978
exp1a_172,1,1,4,1.0,-0.7363996791923271
exp1a_172,0,0,3,-1.0,-0.7363996791923271
exp1a_172,0,1,3,-1.0,-0.037429674856308215
exp1a_172,1,1,4,1.0,-0.037429674856308215
exp1a_172,0,0,5,1.0,-0.25927842447266464
exp1a_172,1,1,4,0.0,-0.25927842447266464
exp1a_172,0,0,4,-1.0,0.2178428302469978
exp1a_172,0,0,4,0.0,0.2178428302469978
exp1a_172,1,1,4,-1.0,0.2178428302469978
exp1a_172,0,0,4,1.0,-0.037429674856308215
exp1a_172,0,0,4,1.0,-0.7363996791923271
exp1a_172,0,0,3,-1.0,0.843383917424483
exp1a_172,1,1,3,0.0,-0.037429674856308215
exp1a_172,0,0,3,-1.0,-0.25927842447266464
exp1a_172,1,1,4,1.0,-0.25927842447266464
exp1a_172,1,1,1,-1.0,0.843383917424483
exp1a_172,1,1,2,0.0,-0.7363996791923271
exp1a_172,1,0,3,-1.0,-0.037429674856308215
exp1a_172,0,0,4,1.0,0.843383917424483
exp1a_172,0,1,3,0.0,-0.037429674856308215
exp1a_172,0,1,3,0.0,-0.037429674856308215
exp1a_172,0,0,1,-1.0,-0.037429674856308215
exp1a_172,1,1,5,1.0,-0.25927842447266464
exp1a_172,0,0,1,-1.0,0.2178428302469978
exp1a_172,0,0,1,0.0,0.2178428302469978
exp1a_172,0,1,1,-1.0,-0.7363996791923271
exp1a_172,0,0,4,0.0,-0.7363996791923271
exp1a_172,0,0,4,1.0,0.843383917424483
exp1a_172,1,0,1,-1.0,0.843383917424483
exp1a_172,1,1,5,0.0,0.843383917424483
exp1a_172,1,0,3,0.0,-0.7363996791923271
exp1a_172,0,1,5,1.0,-0.7363996791923271
exp1a_172,1,1,3,-1.0,0.2178428302469978
exp1a_172,1,1,2,-1.0,-0.037429674856308215
exp1a_172,1,1,5,1.0,-0.7363996791923271
exp1a_172,0,0,3,0.0,0.843383917424483
exp1a_172,0,1,3,0.0,-0.25927842447266464
exp1a_172,1,0,2,0.0,-0.037429674856308215
exp1a_172,1,1,4,1.0,-0.037429674856308215
exp1a_172,0,0,4,1.0,0.2178428302469978
exp1a_172,1,1,4,0.0,0.2178428302469978
exp1a_172,1,0,3,-1.0,-0.25927842447266464
exp1a_172,0,1,5,1.0,-0.037429674856308215
exp1a_172,0,1,4,-1.0,-0.25927842447266464
exp1a_172,1,1,6,1.0,0.843383917424483
exp1a_172,0,0,6,1.0,-0.25927842447266464
exp1a_172,1,1,5,1.0,0.2178428302469978
exp1a_172,0,0,5,-1.0,0.843383917424483
exp1a_172,1,1,3,-1.0,-0.7363996791923271
exp1a_172,1,1,3,0.0,-0.25927842447266464
exp1a_172,0,0,3,0.0,-0.25927842447266464
exp1a_172,0,1,4,-1.0,0.2178428302469978
exp1a_172,1,1,4,-1.0,0.843383917424483
exp1a_172,0,0,4,1.0,-0.037429674856308215
exp1a_172,0,1,4,1.0,-0.7363996791923271
exp1a_172,0,0,4,-1.0,-0.037429674856308215
exp1a_172,1,1,4,1.0,-0.037429674856308215
exp1a_172,0,0,4,-1.0,0.843383917424483
exp1a_172,0,0,4,0.0,0.2178428302469978
exp1a_172,1,1,4,1.0,0.843383917424483
exp1a_172,1,0,3,-1.0,-0.7363996791923271
exp1a_172,0,0,5,1.0,0.2178428302469978
exp1a_172,1,1,4,0.0,-0.7363996791923271
exp1a_172,1,1,4,0.0,0.843383917424483
exp1a_172,0,0,3,-1.0,-0.25927842447266464
exp1a_172,1,1,4,0.0,-0.25927842447266464
exp1a_172,1,1,4,1.0,0.2178428302469978
exp1a_172,0,1,4,0.0,-0.7363996791923271
exp1a_172,1,1,4,-1.0,-0.037429674856308215
exp1a_172,0,0,4,0.0,0.843383917424483
exp1a_172,1,1,3,-1.0,-0.25927842447266464
exp1a_172,1,1,4,0.0,0.2178428302469978
exp1a_172,0,1,3,-1.0,-0.7363996791923271
exp1a_172,0,0,4,1.0,0.843383917424483
exp1a_172,1,1,4,1.0,-0.25927842447266464
exp1a_172,0,0,4,0.0,-0.037429674856308215
exp1a_172,0,1,4,1.0,-0.25927842447266464
exp1a_172,1,1,4,-1.0,0.2178428302469978
exp1a_172,1,0,4,1.0,-0.7363996791923271
exp1a_172,1,0,3,0.0,-0.037429674856308215
exp1a_172,0,1,3,-1.0,-0.25927842447266464
exp1a_172,0,1,4,1.0,-0.037429674856308215
exp1a_172,0,0,4,-1.0,0.843383917424483
exp1a_172,1,1,4,1.0,0.843383917424483
exp1a_172,0,1,2,-1.0,-0.7363996791923271
exp1a_172,1,1,4,-1.0,0.843383917424483
exp1a_172,0,0,4,0.0,0.2178428302469978
exp1a_172,1,1,4,0.0,-0.25927842447266464
exp1a_172,1,0,4,1.0,-0.7363996791923271
exp1a_172,0,1,5,1.0,0.2178428302469978
exp1a_172,1,0,3,0.0,-0.7363996791923271
exp1a_172,1,1,3,-1.0,-0.25927842447266464
exp1a_172,1,1,4,1.0,-0.25927842447266464
exp1a_172,0,0,3,-1.0,0.2178428302469978
exp1a_172,0,0,4,-1.0,-0.037429674856308215
exp1a_172,0,0,3,0.0,-0.7363996791923271
exp1a_172,0,1,3,0.0,-0.25927842447266464
exp1a_172,1,1,3,-1.0,-0.7363996791923271
exp1a_172,1,1,5,1.0,-0.037429674856308215
exp1a_172,1,1,3,-1.0,-0.037429674856308215
exp1a_172,0,0,5,1.0,0.843383917424483
exp1a_172,1,1,3,0.0,-0.037429674856308215
exp1a_172,0,1,5,1.0,-0.25927842447266464
exp1a_172,1,1,3,-1.0,0.2178428302469978
exp1a_172,1,1,5,1.0,0.2178428302469978
exp1a_172,0,0,4,0.0,0.843383917424483
exp1a_172,1,1,4,0.0,0.2178428302469978
exp1a_172,1,1,4,0.0,0.843383917424483
exp1a_172,0,0,4,1.0,-0.7363996791923271
exp1a_172,0,0,4,0.0,-0.037429674856308215
exp1a_172,1,1,4,0.0,0.843383917424483
exp1a_172,1,1,4,0.0,-0.037429674856308215
exp1a_172,0,0,2,-1.0,-0.25927842447266464
exp1a_172,0,0,4,-1.0,0.843383917424483
exp1a_172,1,1,5,1.0,0.843383917424483
exp1a_172,0,0,5,1.0,0.2178428302469978
exp1a_172,0,0,5,0.0,0.2178428302469978
exp1a_172,0,0,5,0.0,0.843383917424483
exp1a_172,0,1,5,1.0,-0.25927842447266464
exp1a_172,0,0,3,-1.0,-0.037429674856308215
exp1a_172,1,1,4,1.0,0.2178428302469978
exp1a_172,1,0,3,-1.0,0.843383917424483
exp1a_172,0,1,4,1.0,-0.037429674856308215
exp1a_172,1,1,4,-1.0,-0.25927842447266464
exp1a_172,0,1,4,0.0,-0.037429674856308215
exp1a_172,0,1,1,-1.0,-0.7363996791923271
exp1a_172,1,1,2,-1.0,-0.037429674856308215
exp1a_172,1,0,3,0.0,-0.7363996791923271
exp1a_172,1,0,5,1.0,-0.7363996791923271
exp1a_172,0,0,5,1.0,-0.7363996791923271
exp1a_172,1,1,2,-1.0,0.2178428302469978
exp1a_172,0,0,4,-1.0,0.2178428302469978
exp1a_172,1,1,3,-1.0,-0.7363996791923271
exp1a_172,1,0,3,1.0,-0.25927842447266464
exp1a_172,1,1,4,1.0,-0.037429674856308215
exp1a_172,0,0,4,1.0,0.843383917424483
exp1a_172,1,1,4,0.0,0.2178428302469978
exp1a_172,0,1,4,0.0,-0.25927842447266464
exp1a_172,0,0,4,0.0,-0.7363996791923271
exp1a_172,0,0,4,0.0,0.843383917424483
exp1a_172,1,1,4,-1.0,-0.25927842447266464
exp1a_172,1,1,4,0.0,0.2178428302469978
exp1a_172,1,0,3,1.0,-0.7363996791923271
exp1a_172,1,1,4,0.0,-0.037429674856308215
exp1a_172,0,0,4,1.0,0.843383917424483
exp1a_172,0,0,4,0.0,-0.037429674856308215
exp1a_172,0,0,4,-1.0,0.2178428302469978
exp1a_172,1,1,5,1.0,-0.25927842447266464
exp1a_172,0,0,5,0.0,0.2178428302469978
exp1a_172,1,1,5,0.0,0.843383917424483
exp1a_172,0,0,3,-1.0,-0.7363996791923271
exp1a_172,0,0,3,-1.0,-0.037429674856308215
exp1a_172,1,1,4,1.0,0.843383917424483
exp1a_172,0,1,4,0.0,-0.25927842447266464
exp1a_172,0,1,3,-1.0,-0.25927842447266464
exp1a_172,1,1,4,0.0,-0.7363996791923271
exp1a_172,1,0,4,0.0,-0.25927842447266464
exp1a_172,1,1,4,1.0,-0.037429674856308215
exp1a_172,0,0,4,0.0,-0.7363996791923271
exp1a_172,1,1,3,-1.0,-0.7363996791923271
exp1a_172,1,1,3,-1.0,0.2178428302469978
exp1a_172,0,0,5,1.0,0.2178428302469978
exp1a_172,0,1,4,1.0,-0.25927842447266464
exp1a_172,1,1,5,1.0,0.2178428302469978
exp1a_172,0,1,4,1.0,-0.7363996791923271
exp1a_172,1,1,3,-1.0,-0.037429674856308215
exp1a_172,1,1,4,-1.0,0.843383917424483
exp1a_172,0,0,4,-1.0,0.843383917424483
exp1a_172,0,1,4,1.0,-0.037429674856308215
exp1a_172,1,1,4,-1.0,0.843383917424483
exp1a_172,0,0,4,-1.0,0.843383917424483
exp1a_172,1,1,4,1.0,-0.037429674856308215
exp1a_172,1,0,3,-1.0,-0.25927842447266464
exp1a_172,0,1,3,0.0,-0.037429674856308215
exp1a_172,1,1,5,1.0,-0.7363996791923271
exp1a_172,0,0,4,-1.0,-0.037429674856308215
exp1a_172,1,1,4,-1.0,0.2178428302469978
exp1a_172,1,1,3,-1.0,-0.037429674856308215
exp1a_172,0,1,3,-1.0,-0.25927842447266464
exp1a_172,1,1,4,0.0,-0.25927842447266464
exp1a_172,0,0,4,0.0,0.843383917424483
exp1a_172,0,1,4,1.0,-0.7363996791923271
exp1a_172,0,0,3,1.0,-0.037429674856308215
exp1a_172,0,0,4,0.0,0.2178428302469978
exp1a_172,1,1,4,1.0,0.2178428302469978
exp1a_172,0,1,3,-1.0,0.2178428302469978
exp1a_172,0,1,3,0.0,-0.7363996791923271
exp1a_172,1,0,4,0.0,-0.7363996791923271
exp1a_172,1,1,4,0.0,0.843383917424483
exp1a_172,1,1,4,0.0,0.2178428302469978
exp1a_172,1,1,4,1.0,0.843383917424483
exp1a_172,0,0,5,1.0,0.843383917424483
exp1a_172,1,0,3,-1.0,-0.7363996791923271
exp1a_172,0,0,5,1.0,0.2178428302469978
exp1a_172,1,1,3,0.0,-0.037429674856308215
exp1a_172,1,1,4,1.0,-0.25927842447266464
exp1a_172,0,1,4,0.0,-0.25927842447266464
exp1a_172,0,1,4,-1.0,-0.7363996791923271
exp1a_172,0,0,4,1.0,-0.25927842447266464
exp1a_173,0,1,3,-1.0,-0.25927842447266464
exp1a_173,0,1,3,1.0,-0.25927842447266464
exp1a_173,0,0,4,0.0,0.2178428302469978
exp1a_173,1,0,3,-1.0,-0.25927842447266464
exp1a_173,0,1,3,0.0,-0.25927842447266464
exp1a_173,0,1,3,-1.0,-0.037429674856308215
exp1a_173,0,0,4,1.0,-0.7363996791923271
exp1a_173,0,0,6,0.0,0.843383917424483
exp1a_173,1,1,3,-1.0,-0.7363996791923271
exp1a_173,1,1,3,0.0,0.2178428302469978
exp1a_173,1,1,5,1.0,0.2178428302469978
exp1a_173,1,1,4,0.0,-0.7363996791923271
exp1a_173,1,1,3,-1.0,-0.037429674856308215
exp1a_173,1,1,3,0.0,-0.25927842447266464
exp1a_173,1,1,5,1.0,0.843383917424483
exp1a_173,1,1,4,1.0,-0.037429674856308215
exp1a_173,0,0,4,0.0,-0.037429674856308215
exp1a_173,0,0,3,-1.0,-0.7363996791923271
exp1a_173,1,1,5,-1.0,0.843383917424483
exp1a_173,0,1,3,1.0,-0.037429674856308215
exp1a_173,1,1,4,0.0,-0.037429674856308215
exp1a_173,0,0,3,-1.0,0.2178428302469978
exp1a_173,1,1,4,-1.0,0.2178428302469978
exp1a_173,0,0,4,1.0,0.2178428302469978
exp1a_173,1,1,4,1.0,-0.25927842447266464
exp1a_173,0,0,5,1.0,0.843383917424483
exp1a_173,0,0,4,-1.0,0.843383917424483
exp1a_173,0,1,5,0.0,-0.7363996791923271
exp1a_173,1,1,5,0.0,0.843383917424483
exp1a_173,1,1,3,1.0,-0.7363996791923271
exp1a_173,1,1,3,-1.0,-0.7363996791923271
exp1a_173,1,1,3,1.0,-0.25927842447266464
exp1a_173,0,0,4,0.0,0.2178428302469978
exp1a_173,1,1,4,0.0,-0.25927842447266464
exp1a_173,1,1,5,1.0,0.843383917424483
exp1a_173,0,0,5,1.0,0.843383917424483
exp1a_173,1,1,5,1.0,0.2178428302469978
exp1a_173,1,1,3,1.0,-0.037429674856308215
exp1a_173,0,0,4,-1.0,0.843383917424483
exp1a_173,1,1,3,-1.0,-0.037429674856308215
exp1a_173,0,0,3,0.0,-0.037429674856308215
exp1a_173,1,1,3,-1.0,-0.25927842447266464
exp1a_173,1,1,3,0.0,-0.037429674856308215
exp1a_173,0,0,3,1.0,0.2178428302469978
exp1a_173,0,1,3,-1.0,-0.7363996791923271
exp1a_173,0,0,3,-1.0,-0.25927842447266464
exp1a_173,0,1,2,-1.0,0.2178428302469978
exp1a_173,0,1,2,1.0,-0.25927842447266464
exp1a_173,1,1,4,-1.0,0.843383917424483
exp1a_173,1,1,5,0.0,0.843383917424483
exp1a_173,1,1,4,-1.0,0.2178428302469978
exp1a_173,0,0,4,0.0,-0.25927842447266464
exp1a_173,0,1,3,0.0,-0.7363996791923271
exp1a_173,1,0,3,0.0,-0.7363996791923271
exp1a_173,0,0,3,-1.0,-0.037429674856308215
exp1a_173,0,0,3,1.0,-0.7363996791923271
exp1a_173,1,1,3,1.0,-0.7363996791923271
exp1a_173,0,0,5,0.0,0.843383917424483
exp1a_173,1,1,4,0.0,0.2178428302469978
exp1a_173,0,1,3,1.0,-0.037429674856308215
exp1a_173,1,1,3,1.0,-0.7363996791923271
exp1a_173,0,0,3,-1.0,-0.25927842447266464
exp1a_173,1,1,3,-1.0,-0.7363996791923271
exp1a_173,0,1,3,0.0,-0.7363996791923271
exp1a_173,1,1,4,-1.0,-0.037429674856308215
exp1a_173,1,1,4,1.0,-0.037429674856308215
exp1a_173,1,1,4,-1.0,0.2178428302469978
exp1a_173,0,1,3,1.0,-0.7363996791923271
exp1a_173,1,0,3,0.0,0.2178428302469978
exp1a_173,0,1,3,-1.0,-0.7363996791923271
exp1a_173,1,1,4,-1.0,0.843383917424483
exp1a_173,0,0,3,0.0,-0.037429674856308215
exp1a_173,0,0,4,0.0,0.843383917424483
exp1a_173,1,1,3,1.0,-0.25927842447266464
exp1a_173,0,0,3,-1.0,-0.037429674856308215
exp1a_173,1,1,4,0.0,0.843383917424483
exp1a_173,0,0,3,0.0,-0.25927842447266464
exp1a_173,0,0,5,1.0,0.843383917424483
exp1a_173,0,0,3,1.0,-0.25927842447266464
exp1a_173,1,1,3,0.0,-0.037429674856308215
exp1a_173,1,0,3,-1.0,-0.25927842447266464
exp1a_173,0,0,4,1.0,0.2178428302469978
exp1a_173,0,0,3,0.0,0.2178428302469978
exp1a_173,1,1,4,1.0,0.843383917424483
exp1a_173,0,0,4,-1.0,0.843383917424483
exp1a_173,0,0,3,1.0,-0.037429674856308215
exp1a_173,0,0,3,-1.0,0.2178428302469978
exp1a_173,1,1,3,0.0,-0.7363996791923271
exp1a_173,1,1,2,0.0,-0.25927842447266464
exp1a_173,1,1,3,1.0,0.2178428302469978
exp1a_173,1,1,3,1.0,-0.25927842447266464
exp1a_173,0,0,3,-1.0,-0.25927842447266464
exp1a_173,1,1,3,1.0,-0.037429674856308215
exp1a_173,0,1,3,-1.0,-0.7363996791923271
exp1a_173,0,0,3,-1.0,0.2178428302469978
exp1a_173,0,0,4,-1.0,0.843383917424483
exp1a_173,1,1,3,0.0,-0.037429674856308215
exp1a_173,1,1,3,-1.0,-0.25927842447266464
exp1a_173,1,1,3,1.0,0.2178428302469978
exp1a_173,1,1,3,-1.0,-0.037429674856308215
exp1a_173,0,1,3,1.0,-0.25927842447266464
exp1a_173,0,0,3,1.0,-0.7363996791923271
exp1a_173,0,1,3,0.0,-0.7363996791923271
exp1a_173,1,1,3,0.0,-0.25927842447266464
exp1a_173,1,0,3,0.0,-0.7363996791923271
exp1a_173,1,1,4,0.0,0.843383917424483
exp1a_173,0,1,3,-1.0,-0.037429674856308215
exp1a_173,1,0,3,-1.0,-0.7363996791923271
exp1a_173,0,0,3,0.0,-0.25927842447266464
exp1a_173,1,1,3,1.0,-0.7363996791923271
exp1a_173,0,0,3,0.0,-0.037429674856308215
exp1a_173,1,1,3,0.0,0.2178428302469978
exp1a_173,1,1,4,1.0,0.843383917424483
exp1a_173,0,0,4,0.0,0.2178428302469978
exp1a_173,1,1,3,-1.0,0.2178428302469978
exp1a_173,1,1,4,-1.0,0.843383917424483
exp1a_173,0,0,4,1.0,0.2178428302469978
exp1a_173,0,0,4,1.0,0.843383917424483
exp1a_173,0,0,4,1.0,-0.037429674856308215
exp1a_173,1,0,3,0.0,-0.037429674856308215
exp1a_173,0,1,3,1.0,-0.7363996791923271
exp1a_173,0,0,3,0.0,-0.25927842447266464
exp1a_173,0,0,3,1.0,-0.037429674856308215
exp1a_173,1,1,3,1.0,0.2178428302469978
exp1a_173,1,1,4,0.0,0.843383917424483
exp1a_173,1,1,3,-1.0,0.2178428302469978
exp1a_173,0,0,3,-1.0,0.2178428302469978
exp1a_173,0,1,3,0.0,-0.037429674856308215
exp1a_173,0,0,3,-1.0,-0.037429674856308215
exp1a_173,1,1,4,0.0,0.2178428302469978
exp1a_173,0,0,3,1.0,0.2178428302469978
exp1a_173,0,0,3,0.0,0.2178428302469978
exp1a_173,1,1,3,1.0,-0.037429674856308215
exp1a_173,1,1,3,-1.0,-0.037429674856308215
exp1a_173,1,1,4,-1.0,0.843383917424483
exp1a_173,0,0,4,0.0,0.843383917424483
exp1a_173,1,1,3,-1.0,-0.25927842447266464
exp1a_173,1,1,3,0.0,-0.25927842447266464
exp1a_173,1,1,3,-1.0,-0.7363996791923271
exp1a_173,1,1,3,1.0,-0.7363996791923271
exp1a_173,0,1,4,0.0,-0.7363996791923271
exp1a_173,0,1,3,-1.0,-0.7363996791923271
exp1a_173,1,1,4,1.0,0.843383917424483
exp1a_173,0,0,3,-1.0,-0.25927842447266464
exp1a_173,1,0,3,0.0,-0.7363996791923271
exp1a_173,0,0,4,-1.0,0.843383917424483
exp1a_173,1,1,3,1.0,-0.25927842447266464
exp1a_173,0,0,2,1.0,-0.25927842447266464
exp1a_173,1,1,4,0.0,0.843383917424483
exp1a_173,1,1,4,-1.0,0.843383917424483
exp1a_173,0,1,2,-1.0,-0.25927842447266464
exp1a_173,0,1,2,0.0,-0.037429674856308215
exp1a_173,0,0,2,0.0,-0.25927842447266464
exp1a_173,1,1,4,1.0,0.843383917424483
exp1a_173,0,1,3,1.0,-0.7363996791923271
exp1a_173,1,1,3,-1.0,-0.037429674856308215
exp1a_173,0,0,3,1.0,-0.037429674856308215
exp1a_173,0,0,3,-1.0,0.2178428302469978
exp1a_173,0,1,3,-1.0,-0.7363996791923271
exp1a_173,0,0,2,1.0,-0.25927842447266464
exp1a_173,1,0,2,1.0,-0.037429674856308215
exp1a_173,0,0,4,0.0,0.843383917424483
exp1a_173,0,0,4,0.0,0.2178428302469978
exp1a_173,0,0,2,-1.0,-0.037429674856308215
exp1a_173,1,0,3,0.0,-0.7363996791923271
exp1a_173,0,0,4,-1.0,0.843383917424483
exp1a_173,0,1,3,0.0,-0.7363996791923271
exp1a_173,1,1,3,1.0,-0.7363996791923271
exp1a_173,1,0,3,-1.0,-0.7363996791923271
exp1a_173,1,0,3,-1.0,-0.25927842447266464
exp1a_173,1,1,3,1.0,-0.25927842447266464
exp1a_173,1,1,3,0.0,0.2178428302469978
exp1a_173,1,1,3,0.0,-0.037429674856308215
exp1a_173,1,1,3,0.0,-0.25927842447266464
exp1a_173,0,0,3,1.0,0.2178428302469978
exp1a_173,1,1,3,-1.0,0.2178428302469978
exp1a_173,1,1,3,1.0,-0.037429674856308215
exp1a_173,1,1,3,1.0,0.2178428302469978
exp1a_173,0,0,3,1.0,-0.7363996791923271
exp1a_173,1,1,3,-1.0,-0.037429674856308215
exp1a_173,0,0,3,0.0,-0.25927842447266464
exp1a_173,0,0,3,0.0,0.2178428302469978
exp1a_173,1,1,4,-1.0,0.843383917424483
exp1a_173,1,0,3,0.0,-0.25927842447266464
exp1a_173,1,1,3,-1.0,0.2178428302469978
exp1a_173,1,1,3,-1.0,-0.25927842447266464
exp1a_173,1,0,3,1.0,-0.7363996791923271
exp1a_173,0,1,3,-1.0,-0.7363996791923271
exp1a_173,1,1,3,0.0,0.2178428302469978
exp1a_173,0,1,3,0.0,-0.7363996791923271
exp1a_173,0,0,3,1.0,0.2178428302469978
exp1a_173,0,0,3,0.0,-0.037429674856308215
exp1a_173,0,1,3,-1.0,-0.037429674856308215
exp1a_173,0,0,3,1.0,-0.25927842447266464
exp1a_173,1,1,3,-1.0,-0.7363996791923271
exp1a_173,1,1,3,1.0,-0.25927842447266464
exp1a_173,0,0,3,-1.0,0.2178428302469978
exp1a_173,0,0,3,1.0,-0.037429674856308215
exp1a_173,0,1,3,-1.0,-0.25927842447266464
exp1a_173,1,1,4,0.0,0.843383917424483
exp1a_173,0,0,5,1.0,0.843383917424483
exp1a_173,1,1,5,1.0,0.843383917424483
exp1a_173,1,1,4,0.0,-0.037429674856308215
exp1a_173,1,1,2,1.0,-0.7363996791923271
exp1a_173,1,1,2,1.0,0.843383917424483
exp1a_173,0,0,5,1.0,0.843383917424483
exp1a_173,0,1,3,-1.0,-0.25927842447266464
exp1a_173,0,1,3,0.0,-0.037429674856308215
exp1a_173,1,1,3,1.0,0.2178428302469978
exp1a_173,0,0,3,-1.0,0.2178428302469978
exp1a_173,0,1,3,1.0,-0.037429674856308215
exp1a_173,1,1,3,-1.0,-0.25927842447266464
exp1a_173,1,1,3,0.0,0.843383917424483
exp1a_173,1,1,3,-1.0,-0.037429674856308215
exp1a_173,0,1,3,1.0,-0.7363996791923271
exp1a_173,0,0,3,-1.0,0.843383917424483
exp1a_173,1,1,3,-1.0,0.843383917424483
exp1a_173,1,0,4,0.0,-0.25927842447266464
exp1a_173,0,0,4,-1.0,-0.037429674856308215
exp1a_173,0,1,3,1.0,-0.25927842447266464
exp1a_173,0,1,3,0.0,-0.7363996791923271
exp1a_173,0,0,3,0.0,-0.25927842447266464
exp1a_173,0,0,3,1.0,0.2178428302469978
exp1a_173,1,1,3,0.0,0.2178428302469978
exp1a_173,1,0,3,-1.0,-0.7363996791923271
exp1a_173,0,0,3,0.0,0.2178428302469978
exp1a_173,1,1,3,0.0,-0.037429674856308215
exp1a_173,0,0,3,-1.0,-0.7363996791923271
exp1a_173,1,0,3,1.0,-0.037429674856308215
exp1a_173,0,0,3,0.0,0.843383917424483
exp1a_173,1,0,3,0.0,-0.7363996791923271
exp1a_173,1,1,3,1.0,-0.25927842447266464
exp1a_174,0,0,3,1.0,-0.037429674856308215
exp1a_174,1,0,3,0.0,-0.037429674856308215
exp1a_174,1,1,4,-1.0,-0.037429674856308215
exp1a_174,0,1,3,-1.0,-0.7363996791923271
exp1a_174,1,1,3,0.0,0.843383917424483
exp1a_174,1,1,3,0.0,-0.7363996791923271
exp1a_174,1,1,3,0.0,-0.25927842447266464
exp1a_174,0,1,3,-1.0,-0.25927842447266464
exp1a_174,1,1,3,-1.0,-0.7363996791923271
exp1a_174,0,1,3,0.0,-0.7363996791923271
exp1a_174,0,1,4,-1.0,-0.037429674856308215
exp1a_174,1,0,3,0.0,0.2178428302469978
exp1a_174,1,1,4,1.0,0.2178428302469978
exp1a_174,1,0,3,-1.0,-0.25927842447266464
exp1a_174,0,1,4,1.0,0.2178428302469978
exp1a_174,1,1,3,-1.0,0.2178428302469978
exp1a_174,0,1,4,1.0,-0.25927842447266464
exp1a_174,0,1,3,0.0,-0.037429674856308215
exp1a_174,1,0,5,1.0,-0.037429674856308215
exp1a_174,0,1,6,0.0,0.843383917424483
exp1a_174,0,1,5,0.0,-0.25927842447266464
exp1a_174,0,1,5,0.0,0.2178428302469978
exp1a_174,1,1,4,1.0,0.843383917424483
exp1a_174,0,0,3,-1.0,0.843383917424483
exp1a_174,1,1,4,1.0,-0.25927842447266464
exp1a_174,1,1,3,-1.0,0.843383917424483
exp1a_174,0,1,4,1.0,0.843383917424483
exp1a_174,1,1,4,1.0,-0.7363996791923271
exp1a_174,0,1,3,-1.0,0.2178428302469978
exp1a_174,0,0,4,1.0,-0.7363996791923271
exp1a_174,0,1,3,-1.0,-0.25927842447266464
exp1a_174,0,1,5,-1.0,0.843383917424483
exp1a_174,1,1,3,-1.0,-0.037429674856308215
exp1a_174,0,1,5,0.0,-0.25927842447266464
exp1a_174,0,1,5,0.0,0.843383917424483
exp1a_174,1,0,5,0.0,0.2178428302469978
exp1a_174,0,1,4,1.0,-0.037429674856308215
exp1a_174,0,0,4,0.0,-0.7363996791923271
exp1a_174,0,1,4,1.0,-0.25927842447266464
exp1a_174,1,0,3,-1.0,-0.7363996791923271
exp1a_174,0,1,4,-1.0,0.2178428302469978
exp1a_174,1,1,5,0.0,-0.037429674856308215
exp1a_174,0,1,4,1.0,-0.7363996791923271
exp1a_174,1,1,4,1.0,0.2178428302469978
exp1a_174,0,1,3,-1.0,-0.7363996791923271
exp1a_174,1,1,5,0.0,0.843383917424483
exp1a_174,0,1,5,0.0,-0.037429674856308215
exp1a_174,1,1,3,-1.0,-0.25927842447266464
exp1a_174,1,1,4,1.0,-0.037429674856308215
exp1a_174,0,1,5,0.0,0.2178428302469978
exp1a_174,0,0,3,-1.0,-0.037429674856308215
exp1a_174,1,1,4,-1.0,0.2178428302469978
exp1a_174,1,1,4,1.0,-0.25927842447266464
exp1a_174,1,1,4,1.0,-0.7363996791923271
exp1a_174,1,1,4,-1.0,0.843383917424483
exp1a_174,1,1,5,0.0,-0.7363996791923271
exp1a_174,0,1,4,1.0,0.2178428302469978
exp1a_174,1,0,3,0.0,-0.25927842447266464
exp1a_174,0,1,4,1.0,0.843383917424483
exp1a_174,1,1,3,1.0,0.843383917424483
exp1a_174,1,1,4,1.0,-0.7363996791923271
exp1a_174,0,0,3,0.0,-0.7363996791923271
exp1a_174,0,1,3,-1.0,-0.037429674856308215
exp1a_174,1,1,3,0.0,0.2178428302469978
exp1a_174,0,1,3,-1.0,0.2178428302469978
exp1a_174,0,1,4,1.0,-0.7363996791923271
exp1a_174,0,1,4,1.0,0.2178428302469978
exp1a_174,1,1,4,0.0,-0.7363996791923271
exp1a_174,1,1,3,-1.0,0.2178428302469978
exp1a_174,0,0,4,0.0,0.843383917424483
exp1a_174,0,0,4,1.0,-0.037429674856308215
exp1a_174,1,1,4,-1.0,0.843383917424483
exp1a_174,0,0,4,-1.0,-0.25927842447266464
exp1a_174,0,1,4,-1.0,-0.7363996791923271
exp1a_174,1,0,4,-1.0,-0.7363996791923271
exp1a_174,1,1,4,0.0,-0.037429674856308215
exp1a_174,1,0,4,1.0,-0.037429674856308215
exp1a_174,0,1,4,0.0,-0.037429674856308215
exp1a_174,0,1,4,-1.0,0.843383917424483
exp1a_174,1,1,4,0.0,0.843383917424483
exp1a_174,1,1,4,1.0,0.843383917424483
exp1a_174,0,1,4,1.0,-0.25927842447266464
exp1a_174,0,0,4,0.0,-0.25927842447266464
exp1a_174,1,1,4,1.0,-0.25927842447266464
exp1a_174,1,0,4,0.0,-0.25927842447266464
exp1a_174,1,1,4,1.0,0.2178428302469978
exp1a_174,0,1,4,1.0,0.843383917424483
exp1a_174,1,0,4,-1.0,-0.037429674856308215
exp1a_174,0,1,3,0.0,0.2178428302469978
exp1a_174,1,1,2,-1.0,-0.25927842447266464
exp1a_174,1,1,3,-1.0,-0.037429674856308215
exp1a_174,1,1,2,0.0,0.2178428302469978
exp1a_174,1,1,3,1.0,-0.037429674856308215
exp1a_174,0,0,5,0.0,-0.037429674856308215
exp1a_174,0,1,3,0.0,-0.7363996791923271
exp1a_174,0,1,3,0.0,0.2178428302469978
exp1a_174,1,0,4,1.0,0.843383917424483
exp1a_174,0,1,4,1.0,-0.037429674856308215
exp1a_174,0,0,3,0.0,-0.25927842447266464
exp1a_174,1,1,3,-1.0,-0.25927842447266464
exp1a_174,1,1,4,-1.0,0.843383917424483
exp1a_174,1,0,3,-1.0,-0.7363996791923271
exp1a_174,0,1,4,-1.0,-0.037429674856308215
exp1a_174,1,1,4,1.0,0.2178428302469978
exp1a_174,0,0,3,-1.0,0.843383917424483
exp1a_174,1,1,4,1.0,-0.7363996791923271
exp1a_174,0,0,4,1.0,0.2178428302469978
exp1a_174,0,1,4,0.0,0.843383917424483
exp1a_174,0,1,4,1.0,-0.25927842447266464
exp1a_174,1,0,4,0.0,-0.037429674856308215
exp1a_174,0,1,4,1.0,-0.7363996791923271
exp1a_174,0,1,3,-1.0,-0.7363996791923271
exp1a_174,1,0,3,0.0,-0.25927842447266464
exp1a_174,1,1,3,0.0,-0.7363996791923271
exp1a_174,0,1,3,-1.0,-0.25927842447266464
exp1a_174,1,1,4,1.0,-0.25927842447266464
exp1a_174,1,1,4,0.0,0.843383917424483
exp1a_174,0,0,4,-1.0,0.2178428302469978
exp1a_174,0,1,4,1.0,0.843383917424483
exp1a_174,1,1,3,-1.0,0.2178428302469978
exp1a_174,1,1,4,1.0,0.843383917424483
exp1a_174,1,1,5,0.0,0.2178428302469978
exp1a_174,1,1,4,1.0,-0.7363996791923271
exp1a_174,1,0,3,1.0,-0.25927842447266464
exp1a_174,0,0,4,0.0,0.2178428302469978
exp1a_174,0,1,4,1.0,0.2178428302469978
exp1a_174,1,0,3,1.0,-0.037429674856308215
exp1a_174,1,1,5,-1.0,-0.7363996791923271
exp1a_174,0,1,2,0.0,-0.7363996791923271
exp1a_174,0,1,5,1.0,0.843383917424483
exp1a_174,1,1,4,-1.0,0.2178428302469978
exp1a_174,0,1,3,0.0,-0.25927842447266464
exp1a_174,1,0,4,-1.0,-0.25927842447266464
exp1a_174,0,1,3,1.0,-0.25927842447266464
exp1a_174,1,1,3,-1.0,-0.037429674856308215
exp1a_174,1,0,4,1.0,0.2178428302469978
exp1a_174,0,0,5,-1.0,-0.7363996791923271
exp1a_174,1,0,4,0.0,-0.7363996791923271
exp1a_174,1,0,4,0.0,-0.25927842447266464
exp1a_174,0,1,4,1.0,-0.037429674856308215
exp1a_174,0,0,5,0.0,-0.037429674856308215
exp1a_174,1,1,5,0.0,0.843383917424483
exp1a_174,0,1,4,1.0,-0.7363996791923271
exp1a_174,0,0,4,-1.0,0.843383917424483
exp1a_174,0,0,4,-1.0,0.2178428302469978
exp1a_174,0,1,4,-1.0,-0.25927842447266464
exp1a_174,1,1,4,-1.0,0.843383917424483
exp1a_174,1,0,4,0.0,-0.037429674856308215
exp1a_174,0,0,4,0.0,0.843383917424483
exp1a_174,1,0,4,-1.0,-0.037429674856308215
exp1a_174,1,0,4,1.0,-0.25927842447266464
exp1a_174,1,0,4,0.0,-0.037429674856308215
exp1a_174,0,0,3,-1.0,0.843383917424483
exp1a_174,0,0,4,0.0,-0.25927842447266464
exp1a_174,0,0,4,0.0,-0.037429674856308215
exp1a_174,0,0,3,-1.0,-0.037429674856308215
exp1a_174,1,0,4,-1.0,-0.7363996791923271
exp1a_174,1,0,4,1.0,0.2178428302469978
exp1a_174,1,1,4,1.0,-0.7363996791923271
exp1a_174,1,0,4,1.0,-0.037429674856308215
exp1a_174,1,1,4,1.0,0.843383917424483
exp1a_174,1,1,4,0.0,0.2178428302469978
exp1a_174,0,0,4,1.0,0.843383917424483
exp1a_174,1,1,4,-1.0,0.843383917424483
exp1a_174,1,1,3,0.0,-0.7363996791923271
exp1a_174,1,1,3,-1.0,-0.25927842447266464
exp1a_174,1,0,4,0.0,0.843383917424483
exp1a_174,0,1,4,0.0,0.2178428302469978
exp1a_174,0,1,4,-1.0,0.2178428302469978
exp1a_174,0,0,3,0.0,0.843383917424483
exp1a_174,1,0,3,-1.0,0.2178428302469978
exp1a_174,0,1,4,1.0,-0.037429674856308215
exp1a_174,0,1,4,1.0,-0.25927842447266464
exp1a_174,0,1,4,0.0,-0.7363996791923271
exp1a_174,0,1,4,1.0,0.2178428302469978
exp1a_174,0,0,4,-1.0,-0.25927842447266464
exp1a_174,0,1,3,-1.0,-0.7363996791923271
exp1a_174,1,0,4,0.0,-0.25927842447266464
exp1a_174,0,0,4,1.0,-0.7363996791923271
exp1a_174,1,1,4,0.0,-0.25927842447266464
exp1a_174,0,0,4,1.0,-0.25927842447266464
exp1a_174,1,0,4,-1.0,-0.7363996791923271
exp1a_174,0,0,3,0.0,-0.7363996791923271
exp1a_174,0,0,3,0.0,-0.037429674856308215
exp1a_174,1,0,4,1.0,0.2178428302469978
exp1a_174,1,0,4,1.0,-0.037429674856308215
exp1a_174,0,0,4,-1.0,-0.037429674856308215
exp1a_174,1,1,4,0.0,0.2178428302469978
exp1a_174,1,0,4,-1.0,-0.25927842447266464
exp1a_174,0,0,4,-1.0,0.2178428302469978
exp1a_174,1,0,4,0.0,-0.7363996791923271
exp1a_174,1,1,4,1.0,0.843383917424483
exp1a_174,0,0,4,0.0,-0.25927842447266464
exp1a_174,0,0,4,-1.0,0.843383917424483
exp1a_174,0,1,3,-1.0,-0.25927842447266464
exp1a_174,1,1,2,-1.0,0.2178428302469978
exp1a_174,1,0,4,1.0,-0.25927842447266464
exp1a_174,1,0,4,1.0,-0.7363996791923271
exp1a_174,1,0,4,-1.0,0.843383917424483
exp1a_174,1,0,4,-1.0,-0.037429674856308215
exp1a_174,0,1,5,0.0,0.2178428302469978
exp1a_174,0,1,4,1.0,0.2178428302469978
exp1a_174,1,1,4,0.0,0.843383917424483
exp1a_174,0,0,4,1.0,-0.7363996791923271
exp1a_174,0,0,4,-1.0,-0.7363996791923271
exp1a_174,1,0,4,0.0,-0.037429674856308215
exp1a_174,0,0,3,0.0,0.843383917424483
exp1a_174,0,0,2,1.0,-0.037429674856308215
exp1a_174,0,0,5,1.0,0.843383917424483
exp1a_174,0,0,4,-1.0,0.2178428302469978
exp1a_174,0,1,4,-1.0,-0.7363996791923271
exp1a_174,0,0,4,0.0,-0.037429674856308215
exp1a_174,1,1,5,1.0,-0.7363996791923271
exp1a_174,0,0,4,1.0,-0.7363996791923271
exp1a_174,0,1,3,1.0,0.843383917424483
exp1a_174,0,0,4,-1.0,0.843383917424483
exp1a_174,0,0,3,1.0,0.2178428302469978
exp1a_174,1,0,3,0.0,-0.7363996791923271
exp1a_174,0,1,3,0.0,-0.7363996791923271
exp1a_174,0,0,3,1.0,-0.25927842447266464
exp1a_174,0,0,3,0.0,0.2178428302469978
exp1a_174,1,0,3,-1.0,-0.037429674856308215
exp1a_174,1,0,3,1.0,-0.037429674856308215
exp1a_174,0,0,3,0.0,0.843383917424483
exp1a_174,1,0,3,1.0,-0.25927842447266464
exp1a_174,1,0,3,0.0,-0.037429674856308215
exp1a_174,1,1,5,1.0,0.843383917424483
exp1a_174,0,0,4,-1.0,-0.037429674856308215
exp1a_174,1,0,2,-1.0,-0.25927842447266464
exp1a_174,1,1,4,-1.0,0.2178428302469978
exp1a_174,0,0,4,1.0,-0.037429674856308215
exp1a_174,0,1,4,-1.0,-0.25927842447266464
exp1a_174,1,1,4,0.0,0.843383917424483
exp1a_174,1,1,4,0.0,-0.25927842447266464
exp1a_174,1,1,4,-1.0,0.843383917424483
exp1a_174,0,1,3,0.0,-0.25927842447266464
exp1a_174,1,1,4,0.0,0.2178428302469978
exp1a_175,0,1,3,-1.0,-0.25927842447266464
exp1a_175,1,1,3,-1.0,-0.25927842447266464
exp1a_175,0,0,6,1.0,0.843383917424483
exp1a_175,0,1,6,0.0,-0.25927842447266464
exp1a_175,1,1,3,-1.0,-0.7363996791923271
exp1a_175,1,1,3,-1.0,-0.037429674856308215
exp1a_175,0,0,5,1.0,0.2178428302469978
exp1a_175,1,1,6,1.0,0.843383917424483
exp1a_175,0,1,3,-1.0,0.2178428302469978
exp1a_175,0,1,4,-1.0,-0.7363996791923271
exp1a_175,1,1,6,1.0,-0.25927842447266464
exp1a_175,0,1,3,1.0,-0.25927842447266464
exp1a_175,1,1,6,0.0,0.843383917424483
exp1a_175,1,1,6,1.0,-0.7363996791923271
exp1a_175,0,1,5,1.0,-0.037429674856308215
exp1a_175,1,1,6,0.0,0.2178428302469978
exp1a_175,0,0,6,0.0,-0.037429674856308215
exp1a_175,1,1,4,0.0,-0.7363996791923271
exp1a_175,0,0,6,0.0,0.843383917424483
exp1a_175,0,1,5,-1.0,-0.037429674856308215
exp1a_175,1,1,6,1.0,0.2178428302469978
exp1a_175,1,1,6,-1.0,0.2178428302469978
exp1a_175,0,0,6,-1.0,0.843383917424483
exp1a_175,0,1,3,1.0,-0.7363996791923271
exp1a_175,0,1,4,0.0,0.2178428302469978
exp1a_175,1,1,5,1.0,-0.037429674856308215
exp1a_175,1,1,6,-1.0,0.843383917424483
exp1a_175,1,1,6,0.0,-0.037429674856308215
exp1a_175,1,1,5,0.0,-0.25927842447266464
exp1a_175,0,1,4,0.0,-0.7363996791923271
exp1a_175,1,1,6,-1.0,0.2178428302469978
exp1a_175,1,1,6,1.0,0.2178428302469978
exp1a_175,0,1,3,1.0,-0.7363996791923271
exp1a_175,1,1,4,-1.0,-0.037429674856308215
exp1a_175,0,1,3,1.0,-0.25927842447266464
exp1a_175,0,1,3,-1.0,0.2178428302469978
exp1a_175,1,1,3,0.0,-0.7363996791923271
exp1a_175,1,1,2,-1.0,-0.7363996791923271
exp1a_175,1,1,3,0.0,-0.037429674856308215
exp1a_175,0,1,2,-1.0,-0.7363996791923271
exp1a_175,0,1,5,0.0,0.2178428302469978
exp1a_175,0,1,3,1.0,-0.037429674856308215
exp1a_175,0,0,5,1.0,0.2178428302469978
exp1a_175,0,1,6,0.0,-0.037429674856308215
exp1a_175,0,0,5,-1.0,-0.037429674856308215
exp1a_175,1,1,6,1.0,-0.037429674856308215
exp1a_175,1,1,6,1.0,-0.25927842447266464
exp1a_175,1,0,6,0.0,0.2178428302469978
exp1a_175,1,1,6,1.0,-0.7363996791923271
exp1a_175,0,0,3,-1.0,-0.25927842447266464
exp1a_175,1,1,5,0.0,-0.25927842447266464
exp1a_175,0,0,4,0.0,-0.25927842447266464
exp1a_175,1,1,6,0.0,0.843383917424483
exp1a_175,0,1,4,0.0,-0.7363996791923271
exp1a_175,0,0,6,0.0,0.843383917424483
exp1a_175,1,1,6,-1.0,0.843383917424483
exp1a_175,0,0,6,-1.0,0.843383917424483
exp1a_175,1,0,3,-1.0,-0.25927842447266464
exp1a_175,1,1,6,1.0,0.843383917424483
exp1a_175,0,0,6,1.0,0.843383917424483
exp1a_175,0,1,4,1.0,-0.7363996791923271
exp1a_175,1,1,6,0.0,0.2178428302469978
exp1a_175,1,1,4,1.0,-0.7363996791923271
exp1a_175,1,0,4,-1.0,-0.7363996791923271
exp1a_175,0,1,5,1.0,-0.25927842447266464
exp1a_175,0,0,3,-1.0,-0.25927842447266464
exp1a_175,0,0,4,0.0,-0.7363996791923271
exp1a_175,0,0,3,-1.0,-0.7363996791923271
exp1a_175,1,1,5,-1.0,-0.25927842447266464
exp1a_175,0,0,6,1.0,0.2178428302469978
exp1a_175,0,1,6,1.0,-0.037429674856308215
exp1a_175,1,1,6,0.0,0.843383917424483
exp1a_175,1,1,6,0.0,-0.037429674856308215
exp1a_175,0,0,6,-1.0,0.2178428302469978
exp1a_175,0,1,4,0.0,-0.25927842447266464
exp1a_175,0,0,6,1.0,0.843383917424483
exp1a_175,1,1,5,1.0,-0.25927842447266464
exp1a_175,0,0,3,0.0,-0.037429674856308215
exp1a_175,0,0,6,-1.0,0.843383917424483
exp1a_175,0,0,3,-1.0,-0.037429674856308215
exp1a_175,1,1,6,-1.0,-0.037429674856308215
exp1a_175,0,0,5,0.0,0.2178428302469978
exp1a_175,0,0,6,0.0,0.843383917424483
exp1a_175,1,1,6,0.0,-0.25927842447266464
exp1a_175,1,1,6,-1.0,0.843383917424483
exp1a_175,1,1,6,0.0,-0.7363996791923271
exp1a_175,1,1,6,1.0,0.2178428302469978
exp1a_175,1,1,6,-1.0,0.2178428302469978
exp1a_175,1,0,4,1.0,-0.037429674856308215
exp1a_175,1,1,6,1.0,0.843383917424483
exp1a_175,1,1,6,0.0,-0.037429674856308215
exp1a_175,1,1,6,0.0,0.843383917424483
exp1a_175,1,1,6,-1.0,0.843383917424483
exp1a_175,0,1,6,1.0,-0.7363996791923271
exp1a_175,0,1,4,0.0,-0.7363996791923271
exp1a_175,0,0,6,-1.0,0.843383917424483
exp1a_175,0,1,5,0.0,-0.037429674856308215
exp1a_175,1,1,6,0.0,0.2178428302469978
exp1a_175,1,0,4,-1.0,-0.037429674856308215
exp1a_175,1,1,5,-1.0,-0.25927842447266464
exp1a_175,0,0,6,1.0,0.843383917424483
exp1a_175,1,1,6,0.0,-0.25927842447266464
exp1a_175,1,1,6,1.0,-0.25927842447266464
exp1a_175,1,1,6,-1.0,0.2178428302469978
exp1a_175,0,0,4,-1.0,-0.7363996791923271
exp1a_175,1,1,6,1.0,0.843383917424483
exp1a_175,1,1,6,-1.0,-0.7363996791923271
exp1a_175,1,1,6,1.0,0.2178428302469978
exp1a_175,0,0,6,-1.0,0.2178428302469978
exp1a_175,0,0,6,1.0,0.2178428302469978
exp1a_175,0,0,6,-1.0,-0.037429674856308215
exp1a_175,0,0,3,-1.0,-0.25927842447266464
exp1a_175,0,0,3,1.0,-0.037429674856308215
exp1a_175,1,0,3,1.0,-0.037429674856308215
exp1a_175,0,0,5,0.0,0.2178428302469978
exp1a_175,1,1,5,1.0,-0.7363996791923271
exp1a_175,1,1,5,0.0,-0.7363996791923271
exp1a_175,0,1,5,1.0,-0.25927842447266464
exp1a_175,0,1,2,0.0,-0.25927842447266464
exp1a_175,0,0,6,0.0,0.843383917424483
exp1a_175,1,1,6,1.0,0.2178428302469978
exp1a_175,1,1,6,0.0,-0.037429674856308215
exp1a_175,0,0,5,-1.0,-0.25927842447266464
exp1a_175,1,1,6,0.0,-0.25927842447266464
exp1a_175,1,0,6,0.0,-0.7363996791923271
exp1a_175,1,1,6,-1.0,-0.7363996791923271
exp1a_175,1,1,6,-1.0,-0.037429674856308215
exp1a_175,0,1,6,1.0,-0.25927842447266464
exp1a_175,0,0,6,0.0,0.2178428302469978
exp1a_175,1,1,6,-1.0,0.2178428302469978
exp1a_175,0,0,6,-1.0,0.843383917424483
exp1a_175,0,0,4,1.0,0.2178428302469978
exp1a_175,1,1,6,-1.0,0.843383917424483
exp1a_175,1,1,6,0.0,0.2178428302469978
exp1a_175,1,1,6,-1.0,-0.25927842447266464
exp1a_175,1,1,6,1.0,-0.25927842447266464
exp1a_175,0,0,4,1.0,-0.037429674856308215
exp1a_175,1,1,6,1.0,0.843383917424483
exp1a_175,0,1,6,-1.0,-0.7363996791923271
exp1a_175,0,0,4,1.0,-0.7363996791923271
exp1a_175,0,0,6,1.0,0.843383917424483
exp1a_175,1,1,6,1.0,-0.037429674856308215
exp1a_175,1,1,6,1.0,-0.7363996791923271
exp1a_175,0,0,5,0.0,-0.037429674856308215
exp1a_175,0,0,5,0.0,-0.25927842447266464
exp1a_175,1,1,6,0.0,0.843383917424483
exp1a_175,0,0,6,0.0,0.843383917424483
exp1a_175,0,1,6,0.0,-0.7363996791923271
exp1a_175,0,0,6,-1.0,0.2178428302469978
exp1a_175,0,0,4,-1.0,-0.037429674856308215
exp1a_175,1,0,3,0.0,-0.25927842447266464
exp1a_175,0,1,6,1.0,-0.037429674856308215
exp1a_175,1,1,6,0.0,0.2178428302469978
exp1a_175,0,0,6,0.0,-0.25927842447266464
exp1a_175,1,1,6,-1.0,-0.7363996791923271
exp1a_175,1,1,6,1.0,0.2178428302469978
exp1a_175,0,0,6,-1.0,0.2178428302469978
exp1a_175,0,0,6,0.0,0.843383917424483
exp1a_175,1,1,6,1.0,-0.25927842447266464
exp1a_175,1,0,3,-1.0,-0.25927842447266464
exp1a_175,0,1,6,-1.0,-0.25927842447266464
exp1a_175,1,1,6,0.0,0.843383917424483
exp1a_175,0,1,5,-1.0,-0.037429674856308215
exp1a_175,0,0,6,1.0,0.2178428302469978
exp1a_175,0,1,4,0.0,0.2178428302469978
exp1a_175,1,1,6,0.0,-0.037429674856308215
exp1a_175,1,1,6,-1.0,0.843383917424483
exp1a_175,0,1,4,-1.0,-0.7363996791923271
exp1a_175,1,1,6,-1.0,-0.037429674856308215
exp1a_175,0,0,6,1.0,0.843383917424483
exp1a_175,1,1,6,1.0,0.843383917424483
exp1a_175,0,0,5,0.0,-0.7363996791923271
exp1a_175,0,0,4,0.0,-0.037429674856308215
exp1a_175,1,0,5,0.0,-0.7363996791923271
exp1a_175,1,1,6,-1.0,0.2178428302469978
exp1a_175,1,1,6,1.0,-0.037429674856308215
exp1a_175,0,1,4,1.0,-0.25927842447266464
exp1a_175,0,0,4,1.0,-0.7363996791923271
exp1a_175,1,1,6,1.0,-0.7363996791923271
exp1a_175,0,0,6,-1.0,0.843383917424483
exp1a_175,1,1,6,1.0,-0.037429674856308215
exp1a_175,0,0,5,1.0,0.2178428302469978
exp1a_175,1,1,6,0.0,-0.037429674856308215
exp1a_175,1,1,6,0.0,0.2178428302469978
exp1a_175,0,1,6,-1.0,-0.25927842447266464
exp1a_175,1,1,5,1.0,-0.7363996791923271
exp1a_175,0,1,6,0.0,0.2178428302469978
exp1a_175,0,1,6,-1.0,-0.037429674856308215
exp1a_175,1,1,6,0.0,-0.25927842447266464
exp1a_175,0,1,6,1.0,-0.7363996791923271
exp1a_175,0,1,6,-1.0,-0.7363996791923271
exp1a_175,1,1,6,-1.0,-0.7363996791923271
exp1a_175,0,0,6,-1.0,0.843383917424483
exp1a_175,1,1,6,0.0,0.843383917424483
exp1a_175,1,1,6,-1.0,0.843383917424483
exp1a_175,0,1,6,0.0,-0.25927842447266464
exp1a_175,1,1,6,1.0,0.843383917424483
exp1a_175,0,0,6,1.0,-0.037429674856308215
exp1a_175,1,1,6,1.0,-0.25927842447266464
exp1a_175,0,0,2,-1.0,0.2178428302469978
exp1a_175,1,1,3,-1.0,-0.25927842447266464
exp1a_175,1,1,6,-1.0,0.2178428302469978
exp1a_175,1,1,6,0.0,-0.7363996791923271
exp1a_175,0,1,6,1.0,-0.25927842447266464
exp1a_175,0,1,6,0.0,-0.7363996791923271
exp1a_175,0,0,6,1.0,0.843383917424483
exp1a_175,0,0,5,0.0,-0.037429674856308215
exp1a_175,0,0,6,0.0,0.843383917424483
exp1a_175,1,1,6,1.0,-0.037429674856308215
exp1a_175,1,1,6,0.0,-0.037429674856308215
exp1a_175,1,1,6,0.0,-0.25927842447266464
exp1a_175,0,0,6,-1.0,0.843383917424483
exp1a_175,0,1,4,1.0,-0.7363996791923271
exp1a_175,0,1,6,0.0,-0.25927842447266464
exp1a_175,0,0,4,0.0,-0.7363996791923271
exp1a_175,1,1,6,0.0,0.843383917424483
exp1a_175,1,1,4,0.0,-0.7363996791923271
exp1a_175,0,1,2,-1.0,-0.037429674856308215
exp1a_175,1,1,5,-1.0,-0.7363996791923271
exp1a_175,1,1,6,1.0,0.843383917424483
exp1a_175,1,1,6,1.0,0.2178428302469978
exp1a_175,0,1,3,-1.0,-0.25927842447266464
exp1a_175,0,1,3,-1.0,-0.7363996791923271
exp1a_175,1,1,5,-1.0,-0.25927842447266464
exp1a_175,1,1,6,0.0,0.2178428302469978
exp1a_175,0,1,4,1.0,0.2178428302469978
exp1a_175,0,1,5,1.0,-0.037429674856308215
exp1a_175,0,0,6,1.0,0.843383917424483
exp1a_175,0,1,6,0.0,0.2178428302469978
exp1a_175,0,0,6,0.0,0.843383917424483
exp1a_175,1,1,5,1.0,-0.7363996791923271
exp1a_175,1,1,6,-1.0,0.843383917424483
exp1a_175,1,1,6,-1.0,0.2178428302469978
exp1a_175,0,0,4,1.0,-0.25927842447266464
exp1a_175,1,1,4,-1.0,-0.037429674856308215
exp1a_175,0,1,1,0.0,-0.037429674856308215
exp1a_175,1,1,1,1.0,-0.25927842447266464
exp1a_175,0,0,5,-1.0,0.2178428302469978
exp1a_176,1,1,4,0.0,-0.25927842447266464
exp1a_176,0,0,3,1.0,-0.25927842447266464
exp1a_176,0,1,4,0.0,-0.7363996791923271
exp1a_176,1,0,3,1.0,-0.7363996791923271
exp1a_176,1,0,4,1.0,-0.25927842447266464
exp1a_176,1,1,4,-1.0,-0.7363996791923271
exp1a_176,1,1,6,1.0,0.2178428302469978
exp1a_176,0,0,6,-1.0,0.2178428302469978
exp1a_176,1,1,6,-1.0,-0.25927842447266464
exp1a_176,1,1,4,-1.0,-0.037429674856308215
exp1a_176,1,1,6,-1.0,0.2178428302469978
exp1a_176,0,0,6,1.0,0.2178428302469978
exp1a_176,0,0,5,0.0,-0.037429674856308215
exp1a_176,0,0,6,-1.0,0.843383917424483
exp1a_176,0,1,3,1.0,-0.7363996791923271
exp1a_176,1,1,6,0.0,0.843383917424483
exp1a_176,1,1,6,1.0,-0.037429674856308215
exp1a_176,0,0,6,0.0,0.843383917424483
exp1a_176,0,0,5,-1.0,-0.037429674856308215
exp1a_176,1,1,3,0.0,-0.037429674856308215
exp1a_176,1,1,6,1.0,0.843383917424483
exp1a_176,0,0,6,1.0,0.843383917424483
exp1a_176,1,1,6,0.0,0.2178428302469978
exp1a_176,0,1,4,-1.0,-0.25927842447266464
exp1a_176,0,0,5,0.0,-0.25927842447266464
exp1a_176,0,0,4,1.0,-0.037429674856308215
exp1a_176,0,0,3,0.0,0.2178428302469978
exp1a_176,0,0,3,-1.0,-0.7363996791923271
exp1a_176,1,1,6,-1.0,0.843383917424483
exp1a_176,1,1,4,0.0,-0.7363996791923271
exp1a_176,1,1,6,1.0,0.843383917424483
exp1a_176,0,0,5,0.0,0.2178428302469978
exp1a_176,1,1,4,1.0,0.2178428302469978
exp1a_176,1,1,6,-1.0,0.843383917424483
exp1a_176,1,1,4,0.0,-0.25927842447266464
exp1a_176,1,1,3,0.0,-0.7363996791923271
exp1a_176,0,0,6,0.0,0.843383917424483
exp1a_176,0,0,4,-1.0,-0.25927842447266464
exp1a_176,0,0,4,1.0,0.2178428302469978
exp1a_176,1,1,6,0.0,0.2178428302469978
exp1a_176,1,1,4,1.0,-0.7363996791923271
exp1a_176,1,1,3,0.0,-0.037429674856308215
exp1a_176,0,0,3,1.0,-0.7363996791923271
exp1a_176,0,0,4,0.0,-0.037429674856308215
exp1a_176,0,0,3,0.0,-0.7363996791923271
exp1a_176,1,1,4,-1.0,-0.037429674856308215
exp1a_176,0,0,5,-1.0,-0.037429674856308215
exp1a_176,0,0,5,-1.0,0.2178428302469978
exp1a_176,1,1,4,1.0,-0.037429674856308215
exp1a_176,0,0,6,1.0,0.843383917424483
exp1a_176,1,1,6,0.0,0.843383917424483
exp1a_176,0,0,6,-1.0,0.843383917424483
exp1a_176,1,1,5,-1.0,0.2178428302469978
exp1a_176,0,0,4,0.0,-0.25927842447266464
exp1a_176,1,1,4,1.0,-0.25927842447266464
exp1a_176,0,0,4,1.0,-0.037429674856308215
exp1a_176,1,1,3,-1.0,-0.25927842447266464
exp1a_176,0,0,4,1.0,-0.25927842447266464
exp1a_176,1,0,3,-1.0,-0.7363996791923271
exp1a_176,0,1,3,-1.0,-0.7363996791923271
exp1a_176,1,1,4,1.0,-0.037429674856308215
exp1a_176,1,0,3,1.0,-0.25927842447266464
exp1a_176,1,1,6,0.0,0.843383917424483
exp1a_176,1,1,6,1.0,0.843383917424483
exp1a_176,0,0,5,-1.0,0.2178428302469978
exp1a_176,0,0,5,1.0,0.843383917424483
exp1a_176,0,0,6,0.0,0.2178428302469978
exp1a_176,1,1,5,0.0,-0.037429674856308215
exp1a_176,1,1,4,-1.0,-0.7363996791923271
exp1a_176,1,1,5,0.0,0.2178428302469978
exp1a_176,0,0,4,1.0,-0.037429674856308215
exp1a_176,1,1,3,1.0,-0.7363996791923271
exp1a_176,1,1,6,-1.0,0.843383917424483
exp1a_176,1,1,4,-1.0,-0.25927842447266464
exp1a_176,0,0,3,-1.0,-0.25927842447266464
exp1a_176,0,0,3,0.0,-0.25927842447266464
exp1a_176,1,1,3,0.0,-0.7363996791923271
exp1a_176,1,1,6,-1.0,0.2178428302469978
exp1a_176,1,1,6,1.0,0.2178428302469978
exp1a_176,0,1,4,-1.0,-0.7363996791923271
exp1a_176,0,0,3,1.0,-0.25927842447266464
exp1a_176,0,0,3,0.0,-0.037429674856308215
exp1a_176,0,1,4,1.0,-0.7363996791923271
exp1a_176,1,1,4,0.0,-0.25927842447266464
exp1a_176,1,1,5,-1.0,-0.037429674856308215
exp1a_176,0,0,6,0.0,0.843383917424483
exp1a_176,0,0,6,1.0,0.2178428302469978
exp1a_176,0,0,6,-1.0,0.843383917424483
exp1a_176,0,1,4,0.0,-0.7363996791923271
exp1a_176,0,1,3,-1.0,-0.037429674856308215
exp1a_176,1,1,6,-1.0,0.843383917424483
exp1a_176,1,0,3,0.0,-0.037429674856308215
exp1a_176,1,1,4,1.0,-0.7363996791923271
exp1a_176,1,1,3,-1.0,-0.25927842447266464
exp1a_176,0,1,4,-1.0,-0.7363996791923271
exp1a_176,0,0,6,1.0,0.2178428302469978
exp1a_176,1,1,6,0.0,0.843383917424483
exp1a_176,1,1,6,0.0,0.2178428302469978
exp1a_176,0,0,6,0.0,0.843383917424483
exp1a_176,0,0,6,0.0,0.2178428302469978
exp1a_176,0,0,5,0.0,-0.037429674856308215
exp1a_176,0,0,6,-1.0,0.843383917424483
exp1a_176,1,1,4,1.0,-0.25927842447266464
exp1a_176,1,1,4,-1.0,-0.037429674856308215
exp1a_176,1,1,5,1.0,0.2178428302469978
exp1a_176,0,0,4,-1.0,-0.037429674856308215
exp1a_176,0,0,3,1.0,-0.25927842447266464
exp1a_176,1,1,5,1.0,-0.037429674856308215
exp1a_176,1,1,5,-1.0,0.2178428302469978
exp1a_176,0,0,6,1.0,0.843383917424483
exp1a_176,1,1,4,-1.0,-0.7363996791923271
exp1a_176,1,0,3,0.0,-0.25927842447266464
exp1a_176,0,0,4,0.0,-0.25927842447266464
exp1a_176,0,0,6,-1.0,0.2178428302469978
exp1a_176,1,1,3,0.0,-0.7363996791923271
exp1a_176,1,1,6,1.0,0.843383917424483
exp1a_176,0,0,3,-1.0,-0.25927842447266464
exp1a_176,0,1,4,1.0,-0.7363996791923271
exp1a_176,0,0,3,0.0,-0.7363996791923271
exp1a_176,0,0,4,1.0,-0.037429674856308215
exp1a_176,1,1,4,0.0,-0.25927842447266464
exp1a_176,0,1,4,1.0,-0.7363996791923271
exp1a_176,0,0,6,0.0,0.843383917424483
exp1a_176,1,1,4,1.0,-0.7363996791923271
exp1a_176,1,1,4,-1.0,-0.037429674856308215
exp1a_176,1,0,3,-1.0,-0.7363996791923271
exp1a_176,0,0,4,0.0,-0.25927842447266464
exp1a_176,1,1,6,-1.0,0.2178428302469978
exp1a_176,1,1,4,1.0,-0.25927842447266464
exp1a_176,0,0,5,1.0,-0.037429674856308215
exp1a_176,0,0,5,1.0,0.2178428302469978
exp1a_176,0,0,4,-1.0,-0.037429674856308215
exp1a_176,0,1,3,-1.0,-0.25927842447266464
exp1a_176,1,1,3,0.0,-0.7363996791923271
exp1a_176,0,1,4,-1.0,-0.7363996791923271
exp1a_176,0,0,4,0.0,-0.037429674856308215
exp1a_176,0,0,6,1.0,0.843383917424483
exp1a_176,0,0,5,-1.0,0.2178428302469978
exp1a_176,1,1,6,-1.0,-0.25927842447266464
exp1a_176,1,1,5,1.0,0.2178428302469978
exp1a_176,0,1,4,0.0,-0.7363996791923271
exp1a_176,1,1,6,-1.0,0.843383917424483
exp1a_176,1,1,6,0.0,0.843383917424483
exp1a_176,1,1,4,0.0,0.2178428302469978
exp1a_176,1,1,6,1.0,0.843383917424483
exp1a_176,1,1,4,1.0,-0.037429674856308215
exp1a_176,0,1,4,1.0,-0.25927842447266464
exp1a_176,0,0,6,-1.0,0.843383917424483
exp1a_176,1,1,6,0.0,0.843383917424483
exp1a_176,0,0,6,0.0,0.843383917424483
exp1a_176,1,1,4,1.0,-0.25927842447266464
exp1a_176,1,1,6,1.0,0.843383917424483
exp1a_176,1,1,5,-1.0,0.2178428302469978
exp1a_176,0,1,4,0.0,-0.25927842447266464
exp1a_176,1,1,5,1.0,0.2178428302469978
exp1a_176,1,1,5,1.0,-0.037429674856308215
exp1a_176,0,1,3,0.0,-0.037429674856308215
exp1a_176,1,1,4,-1.0,-0.037429674856308215
exp1a_176,0,0,5,1.0,-0.037429674856308215
exp1a_176,1,0,4,-1.0,-0.7363996791923271
exp1a_176,1,0,4,1.0,-0.7363996791923271
exp1a_176,0,0,4,-1.0,-0.25927842447266464
exp1a_176,0,0,3,-1.0,-0.037429674856308215
exp1a_176,0,1,3,1.0,-0.25927842447266464
exp1a_176,0,1,3,0.0,-0.7363996791923271
exp1a_176,0,0,4,1.0,0.2178428302469978
exp1a_176,0,0,4,1.0,-0.7363996791923271
exp1a_176,1,0,3,-1.0,-0.25927842447266464
exp1a_176,1,1,5,0.0,0.2178428302469978
exp1a_176,1,1,5,0.0,-0.037429674856308215
exp1a_176,0,0,3,-1.0,-0.7363996791923271
exp1a_176,1,0,3,0.0,-0.7363996791923271
exp1a_176,0,0,6,1.0,0.843383917424483
exp1a_176,1,0,3,0.0,-0.25927842447266464
exp1a_176,0,0,6,-1.0,0.2178428302469978
exp1a_176,0,0,6,-1.0,0.843383917424483
exp1a_176,0,0,6,0.0,0.2178428302469978
exp1a_176,1,1,6,-1.0,0.843383917424483
exp1a_176,0,1,4,0.0,-0.7363996791923271
exp1a_176,0,0,3,0.0,-0.25927842447266464
exp1a_176,1,1,6,-1.0,0.843383917424483
exp1a_176,1,1,4,-1.0,-0.25927842447266464
exp1a_176,1,1,5,-1.0,0.2178428302469978
exp1a_176,0,0,3,-1.0,-0.25927842447266464
exp1a_176,1,1,5,0.0,-0.037429674856308215
exp1a_176,0,0,5,-1.0,-0.037429674856308215
exp1a_176,0,0,5,-1.0,0.2178428302469978
exp1a_176,1,1,4,0.0,-0.7363996791923271
exp1a_176,1,1,5,1.0,0.2178428302469978
exp1a_176,0,0,4,0.0,-0.037429674856308215
exp1a_176,0,0,6,-1.0,0.843383917424483
exp1a_176,1,1,3,-1.0,-0.7363996791923271
exp1a_176,0,0,6,-1.0,-0.7363996791923271
exp1a_176,0,0,6,1.0,0.843383917424483
exp1a_176,1,0,3,1.0,-0.7363996791923271
exp1a_176,1,1,3,1.0,-0.037429674856308215
exp1a_176,0,0,5,1.0,-0.037429674856308215
exp1a_176,0,0,5,1.0,0.2178428302469978
exp1a_176,1,1,5,0.0,0.2178428302469978
exp1a_176,0,0,5,1.0,-0.7363996791923271
exp1a_176,1,1,4,1.0,-0.25927842447266464
exp1a_176,1,1,6,0.0,0.843383917424483
exp1a_176,0,0,6,0.0,0.2178428302469978
exp1a_176,1,1,5,-1.0,-0.037429674856308215
exp1a_176,1,1,6,1.0,0.843383917424483
exp1a_176,0,0,4,1.0,-0.25927842447266464
exp1a_176,0,1,3,0.0,0.843383917424483
exp1a_176,1,0,3,1.0,-0.7363996791923271
exp1a_176,0,0,6,-1.0,0.843383917424483
exp1a_176,1,1,5,-1.0,-0.037429674856308215
exp1a_176,1,0,4,0.0,-0.7363996791923271
exp1a_176,0,0,3,-1.0,-0.037429674856308215
exp1a_176,0,0,4,-1.0,0.2178428302469978
exp1a_176,1,1,4,0.0,-0.25927842447266464
exp1a_176,0,0,3,-1.0,-0.7363996791923271
exp1a_176,1,1,4,-1.0,0.2178428302469978
exp1a_176,1,1,6,-1.0,0.843383917424483
exp1a_176,0,0,3,1.0,-0.037429674856308215
exp1a_176,0,0,4,0.0,-0.037429674856308215
exp1a_176,1,1,4,-1.0,-0.7363996791923271
exp1a_176,1,1,6,0.0,0.2178428302469978
exp1a_176,1,1,5,1.0,-0.25927842447266464
exp1a_176,0,1,4,1.0,-0.7363996791923271
exp1a_176,1,1,3,1.0,-0.037429674856308215
exp1a_176,0,0,4,-1.0,-0.25927842447266464
exp1a_176,0,0,5,0.0,0.2178428302469978
exp1a_176,1,0,3,-1.0,-0.25927842447266464
exp1a_176,0,1,3,0.0,-0.7363996791923271
exp1a_176,0,0,6,0.0,0.843383917424483
exp1a_176,1,1,6,0.0,0.843383917424483
exp1a_176,1,1,6,0.0,-0.037429674856308215
exp1a_176,1,1,6,1.0,0.843383917424483
exp1a_176,0,0,5,1.0,0.2178428302469978
exp1a_176,0,0,4,1.0,-0.25927842447266464
exp1a_176,0,0,6,1.0,0.843383917424483
exp1a_176,0,0,4,0.0,-0.25927842447266464
exp1a_176,1,1,5,1.0,0.2178428302469978
exp1a_177,0,0,6,1.0,0.2178428302469978
exp1a_177,1,0,4,1.0,-0.7363996791923271
exp1a_177,0,0,6,0.0,0.2178428302469978
exp1a_177,1,1,6,0.0,0.2178428302469978
exp1a_177,0,0,5,1.0,-0.25927842447266464
exp1a_177,0,0,6,-1.0,-0.25927842447266464
exp1a_177,1,1,4,1.0,-0.25927842447266464
exp1a_177,1,0,6,0.0,-0.037429674856308215
exp1a_177,0,0,5,-1.0,-0.037429674856308215
exp1a_177,1,0,4,1.0,-0.037429674856308215
exp1a_177,0,0,6,0.0,0.843383917424483
exp1a_177,0,0,6,1.0,0.843383917424483
exp1a_177,0,0,4,0.0,-0.7363996791923271
exp1a_177,0,1,5,-1.0,-0.7363996791923271
exp1a_177,1,1,4,-1.0,-0.037429674856308215
exp1a_177,1,1,6,-1.0,0.2178428302469978
exp1a_177,0,0,6,1.0,-0.7363996791923271
exp1a_177,0,0,5,0.0,-0.25927842447266464
exp1a_177,0,0,4,1.0,-0.037429674856308215
exp1a_177,1,1,5,0.0,-0.25927842447266464
exp1a_177,1,1,4,-1.0,-0.7363996791923271
exp1a_177,1,0,4,0.0,-0.7363996791923271
exp1a_177,1,1,5,-1.0,-0.25927842447266464
exp1a_177,1,1,6,1.0,0.2178428302469978
exp1a_177,1,1,6,-1.0,0.843383917424483
exp1a_177,1,1,6,1.0,0.843383917424483
exp1a_177,1,1,6,0.0,0.843383917424483
exp1a_177,0,0,6,-1.0,0.843383917424483
exp1a_177,0,0,5,0.0,-0.037429674856308215
exp1a_177,0,0,5,-1.0,0.2178428302469978
exp1a_177,0,0,4,1.0,-0.25927842447266464
exp1a_177,1,1,6,1.0,-0.25927842447266464
exp1a_177,0,1,4,-1.0,-0.7363996791923271
exp1a_177,0,0,4,-1.0,-0.037429674856308215
exp1a_177,1,1,6,0.0,0.2178428302469978
exp1a_177,0,0,5,-1.0,0.2178428302469978
exp1a_177,1,1,6,-1.0,0.843383917424483
exp1a_177,1,1,6,1.0,-0.037429674856308215
exp1a_177,0,0,6,0.0,0.2178428302469978
exp1a_177,0,0,6,1.0,0.2178428302469978
exp1a_177,0,0,6,-1.0,0.843383917424483
exp1a_177,0,0,6,0.0,-0.037429674856308215
exp1a_177,1,1,6,1.0,0.2178428302469978
exp1a_177,0,0,5,0.0,-0.7363996791923271
exp1a_177,0,0,6,1.0,0.843383917424483
exp1a_177,1,1,6,-1.0,0.2178428302469978
exp1a_177,0,1,5,-1.0,-0.25927842447266464
exp1a_177,0,0,4,1.0,-0.7363996791923271
exp1a_177,0,1,4,0.0,-0.25927842447266464
exp1a_177,1,1,4,0.0,-0.7363996791923271
exp1a_177,0,0,4,1.0,-0.037429674856308215
exp1a_177,1,1,6,0.0,0.843383917424483
exp1a_177,0,0,6,0.0,0.843383917424483
exp1a_177,1,1,5,-1.0,-0.25927842447266464
exp1a_177,1,1,5,0.0,-0.037429674856308215
exp1a_177,1,0,5,1.0,-0.7363996791923271
exp1a_177,1,1,4,-1.0,-0.7363996791923271
exp1a_177,1,1,5,-1.0,-0.037429674856308215
exp1a_177,1,1,6,1.0,0.843383917424483
exp1a_177,1,1,6,0.0,-0.25927842447266464
exp1a_177,0,0,6,-1.0,0.843383917424483
exp1a_177,1,1,4,1.0,-0.25927842447266464
exp1a_177,0,1,4,1.0,-0.25927842447266464
exp1a_177,0,1,4,1.0,-0.7363996791923271
exp1a_177,0,0,4,1.0,0.2178428302469978
exp1a_177,1,1,4,0.0,-0.25927842447266464
exp1a_177,1,0,4,1.0,-0.7363996791923271
exp1a_177,1,1,5,0.0,-0.037429674856308215
exp1a_177,0,0,5,0.0,0.2178428302469978
exp1a_177,1,1,5,-1.0,-0.037429674856308215
exp1a_177,0,0,5,-1.0,0.2178428302469978
exp1a_177,1,1,5,1.0,-0.037429674856308215
exp1a_177,1,1,5,1.0,0.2178428302469978
exp1a_177,1,1,4,0.0,0.2178428302469978
exp1a_177,0,1,5,0.0,-0.25927842447266464
exp1a_177,1,1,6,0.0,0.843383917424483
exp1a_177,0,0,6,1.0,0.843383917424483
exp1a_177,1,0,3,0.0,-0.7363996791923271
exp1a_177,1,1,6,1.0,0.843383917424483
exp1a_177,0,0,3,1.0,-0.037429674856308215
exp1a_177,0,0,5,0.0,-0.037429674856308215
exp1a_177,0,0,6,0.0,0.843383917424483
exp1a_177,1,1,4,-1.0,-0.25927842447266464
exp1a_177,0,0,5,-1.0,-0.037429674856308215
exp1a_177,0,1,5,0.0,-0.7363996791923271
exp1a_177,1,1,6,-1.0,0.843383917424483
exp1a_177,0,0,3,-1.0,-0.25927842447266464
exp1a_177,1,1,5,-1.0,0.2178428302469978
exp1a_177,1,1,5,-1.0,-0.7363996791923271
exp1a_177,0,0,3,-1.0,-0.7363996791923271
exp1a_177,1,1,5,1.0,-0.25927842447266464
exp1a_177,1,1,5,-1.0,0.2178428302469978
exp1a_177,0,0,4,1.0,-0.037429674856308215
exp1a_177,0,0,6,1.0,0.843383917424483
exp1a_177,0,1,5,0.0,-0.037429674856308215
exp1a_177,0,0,6,0.0,0.843383917424483
exp1a_177,1,1,4,0.0,-0.7363996791923271
exp1a_177,0,0,6,-1.0,0.2178428302469978
exp1a_177,0,0,4,-1.0,-0.037429674856308215
exp1a_177,0,0,4,0.0,-0.7363996791923271
exp1a_177,1,1,6,-1.0,0.843383917424483
exp1a_177,1,1,6,1.0,0.2178428302469978
exp1a_177,0,1,4,0.0,-0.25927842447266464
exp1a_177,1,1,4,-1.0,-0.25927842447266464
exp1a_177,0,0,5,0.0,0.2178428302469978
exp1a_177,1,1,5,0.0,-0.25927842447266464
exp1a_177,1,0,4,-1.0,-0.7363996791923271
exp1a_177,0,1,5,1.0,-0.25927842447266464
exp1a_177,1,1,6,1.0,0.843383917424483
exp1a_177,0,0,6,-1.0,0.843383917424483
exp1a_177,1,1,5,1.0,-0.7363996791923271
exp1a_177,0,0,4,-1.0,-0.7363996791923271
exp1a_177,1,1,6,0.0,0.2178428302469978
exp1a_177,0,1,5,-1.0,-0.25927842447266464
exp1a_177,1,1,5,1.0,-0.037429674856308215
exp1a_177,1,1,6,0.0,0.843383917424483
exp1a_177,0,1,5,1.0,-0.7363996791923271
exp1a_177,1,1,5,0.0,-0.037429674856308215
exp1a_177,0,0,5,1.0,0.2178428302469978
exp1a_177,1,1,6,-1.0,-0.037429674856308215
exp1a_177,1,1,4,0.0,-0.25927842447266464
exp1a_177,1,1,5,-1.0,-0.7363996791923271
exp1a_177,1,1,4,0.0,-0.7363996791923271
exp1a_177,1,1,4,1.0,-0.25927842447266464
exp1a_177,1,1,6,0.0,0.2178428302469978
exp1a_177,0,1,4,0.0,-0.25927842447266464
exp1a_177,0,0,6,-1.0,0.843383917424483
exp1a_177,0,1,5,0.0,-0.7363996791923271
exp1a_177,1,1,6,0.0,0.843383917424483
exp1a_177,0,0,4,1.0,-0.25927842447266464
exp1a_177,1,1,6,1.0,0.843383917424483
exp1a_177,0,1,4,-1.0,-0.25927842447266464
exp1a_177,0,1,4,1.0,-0.037429674856308215
exp1a_177,1,0,4,-1.0,-0.25927842447266464
exp1a_177,1,0,4,1.0,-0.7363996791923271
exp1a_177,0,0,4,-1.0,-0.7363996791923271
exp1a_177,0,0,4,1.0,-0.7363996791923271
exp1a_177,1,1,6,-1.0,0.843383917424483
exp1a_177,1,1,6,-1.0,0.2178428302469978
exp1a_177,0,1,5,0.0,-0.037429674856308215
exp1a_177,0,1,4,-1.0,-0.037429674856308215
exp1a_177,0,0,4,1.0,0.2178428302469978
exp1a_177,0,0,5,-1.0,0.2178428302469978
exp1a_177,0,0,4,0.0,0.2178428302469978
exp1a_177,0,0,6,1.0,0.843383917424483
exp1a_177,1,1,6,0.0,-0.037429674856308215
exp1a_177,1,1,6,1.0,-0.037429674856308215
exp1a_177,0,0,6,0.0,0.843383917424483
exp1a_177,1,0,5,-1.0,-0.037429674856308215
exp1a_177,1,1,6,1.0,0.2178428302469978
exp1a_177,1,1,6,-1.0,0.843383917424483
exp1a_177,0,0,6,1.0,0.843383917424483
exp1a_177,0,1,4,1.0,-0.7363996791923271
exp1a_177,0,0,4,1.0,-0.037429674856308215
exp1a_177,0,0,4,0.0,-0.7363996791923271
exp1a_177,1,1,6,1.0,0.2178428302469978
exp1a_177,1,1,5,-1.0,-0.7363996791923271
exp1a_177,1,1,6,-1.0,0.2178428302469978
exp1a_177,1,1,6,1.0,0.843383917424483
exp1a_177,1,0,4,1.0,-0.7363996791923271
exp1a_177,1,1,5,1.0,-0.25927842447266464
exp1a_177,0,0,4,-1.0,-0.25927842447266464
exp1a_177,0,1,4,0.0,-0.037429674856308215
exp1a_177,0,0,4,-1.0,0.2178428302469978
exp1a_177,1,1,5,0.0,-0.037429674856308215
exp1a_177,1,1,5,0.0,-0.25927842447266464
exp1a_177,0,1,5,1.0,-0.25927842447266464
exp1a_177,1,1,4,1.0,-0.037429674856308215
exp1a_177,0,0,4,-1.0,-0.037429674856308215
exp1a_177,0,0,5,0.0,0.2178428302469978
exp1a_177,1,1,5,-1.0,-0.25927842447266464
exp1a_177,0,1,6,0.0,-0.25927842447266464
exp1a_177,1,1,6,0.0,-0.7363996791923271
exp1a_177,0,1,5,-1.0,-0.7363996791923271
exp1a_177,1,1,6,0.0,0.2178428302469978
exp1a_177,1,1,6,0.0,0.843383917424483
exp1a_177,1,1,6,-1.0,-0.037429674856308215
exp1a_177,0,0,6,0.0,0.843383917424483
exp1a_177,0,0,6,-1.0,0.843383917424483
exp1a_177,0,0,6,1.0,0.2178428302469978
exp1a_177,1,1,6,-1.0,0.2178428302469978
exp1a_177,1,1,6,1.0,0.2178428302469978
exp1a_177,0,1,5,-1.0,-0.7363996791923271
exp1a_177,0,0,6,1.0,0.2178428302469978
exp1a_177,0,0,5,-1.0,-0.25927842447266464
exp1a_177,0,0,5,0.0,-0.037429674856308215
exp1a_177,0,0,5,1.0,-0.037429674856308215
exp1a_177,0,0,6,1.0,0.843383917424483
exp1a_177,0,0,6,-1.0,-0.037429674856308215
exp1a_177,1,1,6,-1.0,0.843383917424483
exp1a_177,1,1,5,-1.0,-0.25927842447266464
exp1a_177,0,0,5,0.0,-0.25927842447266464
exp1a_177,0,1,5,1.0,-0.7363996791923271
exp1a_177,0,0,6,0.0,0.843383917424483
exp1a_177,1,1,5,-1.0,-0.7363996791923271
exp1a_177,1,1,6,-1.0,-0.037429674856308215
exp1a_177,1,1,6,0.0,-0.7363996791923271
exp1a_177,1,1,6,0.0,-0.25927842447266464
exp1a_177,0,0,6,-1.0,0.2178428302469978
exp1a_177,1,1,6,0.0,0.843383917424483
exp1a_177,1,1,6,1.0,0.843383917424483
exp1a_177,0,0,6,-1.0,0.843383917424483
exp1a_177,0,0,4,0.0,-0.7363996791923271
exp1a_177,1,1,6,0.0,0.2178428302469978
exp1a_177,1,1,5,1.0,-0.25927842447266464
exp1a_177,1,1,4,1.0,-0.7363996791923271
exp1a_177,0,1,4,0.0,0.2178428302469978
exp1a_177,1,1,6,1.0,-0.037429674856308215
exp1a_177,1,1,6,0.0,-0.037429674856308215
exp1a_177,0,0,5,1.0,-0.25927842447266464
exp1a_177,0,1,5,-1.0,-0.25927842447266464
exp1a_177,1,1,5,1.0,-0.7363996791923271
exp1a_177,0,0,6,-1.0,0.2178428302469978
exp1a_177,0,1,6,-1.0,-0.7363996791923271
exp1a_177,1,1,6,1.0,-0.037429674856308215
exp1a_177,0,1,5,0.0,-0.25927842447266464
exp1a_177,1,1,6,1.0,0.2178428302469978
exp1a_177,1,1,5,-1.0,-0.7363996791923271
exp1a_177,1,1,6,-1.0,0.2178428302469978
exp1a_177,0,0,6,1.0,0.2178428302469978
exp1a_177,0,0,6,0.0,0.843383917424483
exp1a_177,0,0,6,-1.0,-0.037429674856308215
exp1a_177,0,0,6,0.0,-0.037429674856308215
exp1a_177,1,1,6,-1.0,-0.25927842447266464
exp1a_177,1,1,6,0.0,-0.037429674856308215
exp1a_177,0,0,6,1.0,-0.25927842447266464
exp1a_177,0,0,3,0.0,-0.7363996791923271
exp1a_177,1,1,6,-1.0,0.843383917424483
exp1a_177,0,1,5,1.0,-0.7363996791923271
exp1a_177,1,1,6,1.0,0.843383917424483
exp1a_177,0,0,6,-1.0,0.843383917424483
exp1a_177,1,1,6,0.0,0.843383917424483
exp1a_177,0,0,5,0.0,0.2178428302469978
exp1a_177,1,1,6,1.0,-0.25927842447266464
exp1a_177,1,1,6,0.0,0.2178428302469978
exp1a_177,1,1,6,0.0,-0.25927842447266464
exp1a_177,0,0,6,1.0,0.843383917424483
exp1a_177,1,1,6,-1.0,-0.037429674856308215
exp1a_177,0,0,6,1.0,-0.037429674856308215
exp1a_177,1,1,6,0.0,-0.7363996791923271
exp1a_178,0,0,5,1.0,-0.037429674856308215
exp1a_178,0,1,2,-1.0,-0.7363996791923271
exp1a_178,1,1,6,0.0,0.2178428302469978
exp1a_178,1,1,6,-1.0,0.2178428302469978
exp1a_178,0,0,6,-1.0,0.2178428302469978
exp1a_178,1,1,2,0.0,-0.7363996791923271
exp1a_178,0,1,3,0.0,-0.037429674856308215
exp1a_178,1,1,6,1.0,0.2178428302469978
exp1a_178,0,0,6,-1.0,0.843383917424483
exp1a_178,1,1,6,-1.0,-0.25927842447266464
exp1a_178,1,1,6,-1.0,0.843383917424483
exp1a_178,1,1,6,1.0,0.843383917424483
exp1a_178,1,1,4,-1.0,-0.037429674856308215
exp1a_178,1,1,3,-1.0,-0.7363996791923271
exp1a_178,1,1,4,0.0,-0.25927842447266464
exp1a_178,0,1,2,0.0,-0.25927842447266464
exp1a_178,1,1,6,1.0,-0.7363996791923271
exp1a_178,1,1,6,1.0,-0.037429674856308215
exp1a_178,0,0,6,1.0,0.2178428302469978
exp1a_178,0,0,6,1.0,0.843383917424483
exp1a_178,1,1,6,0.0,0.843383917424483
exp1a_178,0,0,1,1.0,-0.25927842447266464
exp1a_178,0,1,2,1.0,-0.7363996791923271
exp1a_178,0,0,6,0.0,0.843383917424483
exp1a_178,1,1,6,1.0,-0.25927842447266464
exp1a_178,0,0,2,0.0,-0.7363996791923271
exp1a_178,0,0,2,0.0,0.2178428302469978
exp1a_178,0,1,3,-1.0,-0.037429674856308215
exp1a_178,0,0,5,-1.0,-0.25927842447266464
exp1a_178,1,0,3,0.0,-0.037429674856308215
exp1a_178,0,0,6,-1.0,0.843383917424483
exp1a_178,0,0,6,-1.0,0.2178428302469978
exp1a_178,1,1,6,-1.0,0.2178428302469978
exp1a_178,0,0,5,1.0,-0.037429674856308215
exp1a_178,1,1,2,0.0,-0.7363996791923271
exp1a_178,0,0,6,1.0,0.843383917424483
exp1a_178,0,0,2,0.0,-0.037429674856308215
exp1a_178,1,1,6,-1.0,-0.037429674856308215
exp1a_178,1,1,6,1.0,-0.25927842447266464
exp1a_178,1,1,6,-1.0,0.843383917424483
exp1a_178,0,1,2,-1.0,-0.7363996791923271
exp1a_178,0,0,1,0.0,0.843383917424483
exp1a_178,0,1,5,1.0,-0.25927842447266464
exp1a_178,0,0,1,0.0,-0.25927842447266464
exp1a_178,1,0,2,1.0,-0.7363996791923271
exp1a_178,1,1,6,0.0,0.843383917424483
exp1a_178,0,0,1,-1.0,-0.25927842447266464
exp1a_178,1,1,6,1.0,-0.037429674856308215
exp1a_178,0,0,5,1.0,0.2178428302469978
exp1a_178,1,1,6,1.0,0.2178428302469978
exp1a_178,0,0,5,-1.0,-0.037429674856308215
exp1a_178,1,0,2,0.0,-0.037429674856308215
exp1a_178,1,1,6,0.0,0.2178428302469978
exp1a_178,0,1,6,1.0,-0.7363996791923271
exp1a_178,0,1,1,0.0,0.2178428302469978
exp1a_178,0,0,1,0.0,-0.7363996791923271
exp1a_178,1,1,4,-1.0,-0.25927842447266464
exp1a_178,0,0,6,-1.0,0.2178428302469978
exp1a_178,0,0,6,-1.0,0.843383917424483
exp1a_178,1,0,2,-1.0,-0.25927842447266464
exp1a_178,0,0,2,0.0,-0.7363996791923271
exp1a_178,0,0,1,-1.0,-0.25927842447266464
exp1a_178,0,1,1,-1.0,-0.037429674856308215
exp1a_178,1,1,5,1.0,-0.25927842447266464
exp1a_178,0,1,5,0.0,0.2178428302469978
exp1a_178,0,0,6,1.0,0.843383917424483
exp1a_178,1,1,5,1.0,-0.037429674856308215
exp1a_178,1,1,6,1.0,0.843383917424483
exp1a_178,0,0,2,-1.0,-0.7363996791923271
exp1a_178,1,1,1,1.0,-0.7363996791923271
exp1a_178,0,0,6,0.0,-0.037429674856308215
exp1a_178,0,0,1,1.0,-0.7363996791923271
exp1a_178,1,1,6,0.0,0.843383917424483
exp1a_178,1,1,6,-1.0,0.843383917424483
exp1a_178,0,1,6,1.0,-0.037429674856308215
exp1a_178,0,0,1,0.0,-0.25927842447266464
exp1a_178,1,1,3,-1.0,-0.7363996791923271
exp1a_178,0,0,6,1.0,0.2178428302469978
exp1a_178,1,1,6,0.0,0.2178428302469978
exp1a_178,1,1,6,-1.0,0.2178428302469978
exp1a_178,0,0,6,-1.0,0.843383917424483
exp1a_178,0,1,1,0.0,-0.7363996791923271
exp1a_178,1,1,1,-1.0,-0.037429674856308215
exp1a_178,0,0,1,-1.0,-0.7363996791923271
exp1a_178,1,1,2,0.0,-0.7363996791923271
exp1a_178,1,1,6,1.0,0.843383917424483
exp1a_178,0,0,6,1.0,0.843383917424483
exp1a_178,0,1,5,1.0,-0.037429674856308215
exp1a_178,1,1,6,1.0,0.2178428302469978
exp1a_178,1,1,6,1.0,-0.037429674856308215
exp1a_178,0,0,5,0.0,-0.037429674856308215
exp1a_178,1,1,5,0.0,-0.037429674856308215
exp1a_178,0,0,1,-1.0,-0.25927842447266464
exp1a_178,1,1,6,1.0,-0.25927842447266464
exp1a_178,0,1,2,0.0,-0.25927842447266464
exp1a_178,0,1,5,1.0,-0.7363996791923271
exp1a_178,1,1,4,-1.0,-0.25927842447266464
exp1a_178,0,0,6,0.0,0.843383917424483
exp1a_178,1,1,6,1.0,-0.7363996791923271
exp1a_178,0,1,4,1.0,-0.25927842447266464
exp1a_178,1,1,6,0.0,0.2178428302469978
exp1a_178,1,1,6,-1.0,-0.7363996791923271
exp1a_178,1,1,3,-1.0,0.843383917424483
exp1a_178,0,0,1,-1.0,-0.037429674856308215
exp1a_178,0,0,6,0.0,0.2178428302469978
exp1a_178,1,1,4,0.0,-0.25927842447266464
exp1a_178,0,1,3,0.0,-0.25927842447266464
exp1a_178,0,0,1,1.0,-0.7363996791923271
exp1a_178,0,0,1,0.0,-0.037429674856308215
exp1a_178,0,1,3,0.0,-0.7363996791923271
exp1a_178,1,1,4,1.0,-0.7363996791923271
exp1a_178,0,0,5,0.0,0.843383917424483
exp1a_178,0,0,5,1.0,-0.25927842447266464
exp1a_178,1,0,1,-1.0,-0.25927842447266464
exp1a_178,1,0,1,0.0,-0.7363996791923271
exp1a_178,0,0,6,-1.0,-0.037429674856308215
exp1a_178,1,1,6,1.0,0.2178428302469978
exp1a_178,0,0,6,1.0,0.843383917424483
exp1a_178,1,1,6,0.0,0.843383917424483
exp1a_178,1,1,6,-1.0,0.843383917424483
exp1a_178,0,0,4,1.0,-0.037429674856308215
exp1a_178,0,0,1,1.0,0.2178428302469978
exp1a_178,0,0,1,-1.0,-0.7363996791923271
exp1a_178,1,0,1,0.0,-0.25927842447266464
exp1a_178,1,1,6,0.0,-0.037429674856308215
exp1a_178,1,1,6,-1.0,0.2178428302469978
exp1a_178,0,0,6,-1.0,0.843383917424483
exp1a_178,1,0,2,-1.0,-0.7363996791923271
exp1a_178,1,1,6,1.0,0.843383917424483
exp1a_178,1,1,6,-1.0,-0.037429674856308215
exp1a_178,1,1,6,1.0,-0.25927842447266464
exp1a_178,0,1,4,-1.0,-0.25927842447266464
exp1a_178,0,0,1,-1.0,0.2178428302469978
exp1a_178,1,0,1,1.0,-0.037429674856308215
exp1a_178,1,0,2,-1.0,-0.037429674856308215
exp1a_178,1,0,1,-1.0,-0.7363996791923271
exp1a_178,1,1,1,-1.0,-0.25927842447266464
exp1a_178,0,1,1,-1.0,-0.7363996791923271
exp1a_178,1,1,6,0.0,0.2178428302469978
exp1a_178,1,1,4,0.0,-0.037429674856308215
exp1a_178,1,1,5,-1.0,0.2178428302469978
exp1a_178,1,0,1,1.0,-0.7363996791923271
exp1a_178,0,1,1,-1.0,-0.25927842447266464
exp1a_178,0,0,1,1.0,-0.25927842447266464
exp1a_178,0,0,1,0.0,-0.037429674856308215
exp1a_178,0,0,1,0.0,-0.25927842447266464
exp1a_178,0,0,6,1.0,-0.037429674856308215
exp1a_178,0,0,6,1.0,0.2178428302469978
exp1a_178,1,1,1,0.0,-0.25927842447266464
exp1a_178,0,1,1,1.0,-0.7363996791923271
exp1a_178,0,0,1,-1.0,0.2178428302469978
exp1a_178,0,0,1,-1.0,-0.037429674856308215
exp1a_178,0,0,1,0.0,-0.7363996791923271
exp1a_178,1,1,1,1.0,-0.25927842447266464
exp1a_178,0,0,1,0.0,0.2178428302469978
exp1a_178,1,1,6,1.0,0.843383917424483
exp1a_178,1,1,5,-1.0,-0.037429674856308215
exp1a_178,0,0,2,0.0,-0.25927842447266464
exp1a_178,0,0,2,1.0,-0.25927842447266464
exp1a_178,1,1,6,-1.0,-0.25927842447266464
exp1a_178,0,0,5,-1.0,0.2178428302469978
exp1a_178,1,1,3,0.0,-0.25927842447266464
exp1a_178,1,0,1,1.0,-0.25927842447266464
exp1a_178,1,1,6,1.0,0.2178428302469978
exp1a_178,0,1,1,-1.0,-0.7363996791923271
exp1a_178,0,0,6,0.0,0.843383917424483
exp1a_178,1,1,6,-1.0,0.2178428302469978
exp1a_178,0,0,5,0.0,0.2178428302469978
exp1a_178,0,0,2,-1.0,-0.25927842447266464
exp1a_178,0,0,2,0.0,-0.037429674856308215
exp1a_178,0,0,1,-1.0,-0.037429674856308215
exp1a_178,0,0,5,1.0,0.2178428302469978
exp1a_178,1,0,1,0.0,-0.7363996791923271
exp1a_178,0,0,1,0.0,-0.7363996791923271
exp1a_178,0,0,1,1.0,-0.037429674856308215
exp1a_178,1,0,1,-1.0,-0.7363996791923271
exp1a_178,0,0,1,1.0,0.2178428302469978
exp1a_178,0,0,1,0.0,0.2178428302469978
exp1a_178,1,1,6,0.0,0.843383917424483
exp1a_178,1,1,6,1.0,0.2178428302469978
exp1a_178,1,1,6,-1.0,-0.037429674856308215
exp1a_178,0,0,5,1.0,0.843383917424483
exp1a_178,0,0,5,1.0,-0.037429674856308215
exp1a_178,1,1,5,0.0,-0.037429674856308215
exp1a_178,0,1,1,-1.0,-0.037429674856308215
exp1a_178,1,1,6,-1.0,0.843383917424483
exp1a_178,0,1,1,-1.0,-0.7363996791923271
exp1a_178,0,0,1,0.0,-0.7363996791923271
exp1a_178,1,1,5,0.0,-0.25927842447266464
exp1a_178,0,0,2,-1.0,0.2178428302469978
exp1a_178,1,1,3,1.0,-0.7363996791923271
exp1a_179,0,0,6,0.0,0.843383917424483
exp1a_179,1,1,4,0.0,-0.25927842447266464
exp1a_179,0,0,6,-1.0,0.2178428302469978
exp1a_179,1,1,6,-1.0,0.843383917424483
exp1a_179,0,0,6,-1.0,-0.037429674856308215
exp1a_179,1,1,4,0.0,-0.037429674856308215
exp1a_179,0,0,6,1.0,0.2178428302469978
exp1a_179,0,1,4,0.0,-0.25927842447266464
exp1a_179,1,1,6,1.0,-0.7363996791923271
exp1a_179,0,0,4,-1.0,-0.25927842447266464
exp1a_179,0,0,6,-1.0,0.843383917424483
exp1a_179,1,0,4,-1.0,-0.037429674856308215
exp1a_179,0,0,5,1.0,-0.7363996791923271
exp1a_179,1,0,4,-1.0,-0.25927842447266464
exp1a_179,1,0,4,1.0,-0.25927842447266464
exp1a_179,1,1,3,-1.0,0.2178428302469978
exp1a_179,1,1,6,1.0,0.843383917424483
exp1a_179,0,0,6,1.0,0.843383917424483
exp1a_179,0,0,6,1.0,-0.25927842447266464
exp1a_179,0,0,6,0.0,-0.037429674856308215
exp1a_179,1,0,6,0.0,-0.7363996791923271
exp1a_179,0,0,5,-1.0,-0.7363996791923271
exp1a_179,0,0,5,0.0,-0.7363996791923271
exp1a_179,0,0,6,0.0,0.2178428302469978
exp1a_179,1,1,6,0.0,0.843383917424483
exp1a_179,1,0,5,-1.0,-0.7363996791923271
exp1a_179,0,0,4,1.0,-0.037429674856308215
exp1a_179,1,1,5,1.0,0.2178428302469978
exp1a_179,1,0,6,1.0,-0.037429674856308215
exp1a_179,1,1,6,0.0,0.2178428302469978
exp1a_179,0,1,4,0.0,-0.25927842447266464
exp1a_179,0,0,3,-1.0,0.843383917424483
exp1a_179,1,1,5,0.0,-0.25927842447266464
exp1a_179,0,0,4,0.0,-0.037429674856308215
exp1a_179,1,0,4,0.0,-0.037429674856308215
exp1a_179,1,1,4,-1.0,0.2178428302469978
exp1a_179,0,1,4,1.0,-0.25927842447266464
exp1a_179,1,1,4,-1.0,-0.037429674856308215
exp1a_179,0,1,4,1.0,-0.7363996791923271
exp1a_179,0,1,4,0.0,0.2178428302469978
exp1a_179,1,1,6,1.0,0.843383917424483
exp1a_179,0,0,6,1.0,0.843383917424483
exp1a_179,0,0,6,1.0,-0.037429674856308215
exp1a_179,0,0,4,-1.0,-0.037429674856308215
exp1a_179,0,1,3,1.0,0.2178428302469978
exp1a_179,0,1,4,-1.0,-0.7363996791923271
exp1a_179,0,0,5,-1.0,-0.25927842447266464
exp1a_179,1,0,4,-1.0,-0.7363996791923271
exp1a_179,1,0,5,1.0,0.2178428302469978
exp1a_179,1,1,6,-1.0,0.843383917424483
exp1a_179,1,0,6,1.0,-0.7363996791923271
exp1a_179,1,0,3,1.0,-0.037429674856308215
exp1a_179,0,1,3,-1.0,0.2178428302469978
exp1a_179,0,0,4,0.0,-0.7363996791923271
exp1a_179,1,1,6,0.0,0.843383917424483
exp1a_179,1,1,5,0.0,-0.7363996791923271
exp1a_179,0,0,6,0.0,0.843383917424483
exp1a_179,1,1,4,0.0,0.2178428302469978
exp1a_179,1,1,4,1.0,-0.25927842447266464
exp1a_179,1,1,3,-1.0,-0.25927842447266464
exp1a_179,0,0,6,0.0,0.843383917424483
exp1a_179,0,0,4,0.0,-0.037429674856308215
exp1a_179,0,0,4,-1.0,-0.037429674856308215
exp1a_179,0,0,4,0.0,-0.25927842447266464
exp1a_179,1,1,4,-1.0,-0.7363996791923271
exp1a_179,0,0,6,1.0,0.843383917424483
exp1a_179,0,0,6,0.0,0.2178428302469978
exp1a_179,0,1,6,1.0,-0.7363996791923271
exp1a_179,1,0,4,-1.0,0.2178428302469978
exp1a_179,1,1,4,0.0,-0.25927842447266464
exp1a_179,1,1,6,-1.0,0.843383917424483
exp1a_179,0,0,4,0.0,-0.7363996791923271
exp1a_179,0,1,4,1.0,-0.25927842447266464
exp1a_179,1,1,6,1.0,0.843383917424483
exp1a_179,1,1,5,1.0,0.2178428302469978
exp1a_179,0,0,4,1.0,-0.037429674856308215
exp1a_179,1,0,3,-1.0,-0.25927842447266464
exp1a_179,0,1,4,1.0,0.2178428302469978
exp1a_179,0,1,3,-1.0,-0.25927842447266464
exp1a_179,1,1,4,0.0,-0.037429674856308215
exp1a_179,0,0,6,-1.0,0.2178428302469978
exp1a_179,1,0,6,-1.0,-0.037429674856308215
exp1a_179,1,1,3,1.0,-0.037429674856308215
exp1a_179,0,0,6,-1.0,0.843383917424483
exp1a_179,1,1,4,1.0,-0.25927842447266464
exp1a_179,1,1,4,1.0,-0.7363996791923271
exp1a_179,1,0,4,0.0,0.2178428302469978
exp1a_179,1,1,3,0.0,-0.7363996791923271
exp1a_179,0,0,5,-1.0,-0.7363996791923271
exp1a_179,1,1,4,1.0,-0.25927842447266464
exp1a_179,1,1,4,-1.0,-0.25927842447266464
exp1a_179,1,0,4,0.0,-0.25927842447266464
exp1a_179,0,1,3,-1.0,-0.25927842447266464
exp1a_179,0,0,4,1.0,-0.037429674856308215
exp1a_179,1,1,6,-1.0,0.843383917424483
exp1a_179,1,1,4,-1.0,-0.037429674856308215
exp1a_179,0,0,6,-1.0,0.2178428302469978
exp1a_179,0,0,4,-1.0,-0.7363996791923271
exp1a_179,0,0,4,0.0,-0.25927842447266464
exp1a_179,1,1,4,-1.0,0.2178428302469978
exp1a_179,0,0,6,1.0,0.843383917424483
exp1a_179,1,1,4,-1.0,-0.7363996791923271
exp1a_179,1,1,3,1.0,-0.7363996791923271
exp1a_179,1,1,4,0.0,-0.037429674856308215
exp1a_179,1,1,4,0.0,-0.7363996791923271
exp1a_179,0,1,4,1.0,-0.25927842447266464
exp1a_179,0,1,4,-1.0,-0.037429674856308215
exp1a_179,0,1,4,1.0,-0.7363996791923271
exp1a_179,0,0,3,0.0,-0.037429674856308215
exp1a_179,1,1,5,0.0,0.2178428302469978
exp1a_179,0,0,6,-1.0,0.843383917424483
exp1a_179,1,1,5,1.0,-0.037429674856308215
exp1a_179,0,0,6,0.0,0.843383917424483
exp1a_179,1,1,6,1.0,0.2178428302469978
exp1a_179,1,1,6,1.0,0.843383917424483
exp1a_179,0,1,4,0.0,-0.7363996791923271
exp1a_179,0,0,3,0.0,0.2178428302469978
exp1a_179,0,0,3,0.0,-0.25927842447266464
exp1a_179,1,1,6,-1.0,0.843383917424483
exp1a_179,0,1,4,-1.0,-0.25927842447266464
exp1a_179,0,1,4,1.0,-0.7363996791923271
exp1a_179,1,1,4,0.0,-0.037429674856308215
exp1a_179,1,1,6,1.0,0.843383917424483
exp1a_179,1,0,2,0.0,0.2178428302469978
exp1a_179,0,0,4,1.0,-0.037429674856308215
exp1a_179,0,1,3,0.0,-0.037429674856308215
exp1a_179,0,1,3,-1.0,-0.7363996791923271
exp1a_179,0,0,4,0.0,0.2178428302469978
exp1a_179,1,1,4,1.0,-0.7363996791923271
exp1a_179,0,0,5,1.0,0.2178428302469978
exp1a_179,1,1,4,-1.0,-0.25927842447266464
exp1a_179,1,0,3,-1.0,-0.7363996791923271
exp1a_179,1,1,4,1.0,0.2178428302469978
exp1a_179,1,1,4,1.0,-0.037429674856308215
exp1a_179,1,1,4,0.0,-0.7363996791923271
exp1a_179,1,1,4,-1.0,0.2178428302469978
exp1a_179,0,0,6,1.0,0.843383917424483
exp1a_179,0,0,3,1.0,-0.25927842447266464
exp1a_179,0,1,3,-1.0,-0.037429674856308215
exp1a_179,1,1,3,-1.0,-0.037429674856308215
exp1a_179,0,0,6,0.0,0.843383917424483
exp1a_179,0,0,5,-1.0,0.2178428302469978
exp1a_179,1,1,5,0.0,-0.25927842447266464
exp1a_179,0,0,4,0.0,-0.7363996791923271
exp1a_179,1,1,5,0.0,-0.25927842447266464
exp1a_179,0,0,4,-1.0,-0.25927842447266464
exp1a_179,1,1,4,-1.0,-0.037429674856308215
exp1a_179,0,0,5,-1.0,0.2178428302469978
exp1a_179,0,1,3,1.0,-0.25927842447266464
exp1a_179,1,1,3,0.0,-0.7363996791923271
exp1a_179,1,0,4,1.0,-0.037429674856308215
exp1a_179,0,1,3,-1.0,-0.7363996791923271
exp1a_179,0,1,4,1.0,-0.037429674856308215
exp1a_179,1,1,3,1.0,0.2178428302469978
exp1a_179,0,0,6,1.0,0.843383917424483
exp1a_179,0,0,6,-1.0,0.843383917424483
exp1a_179,0,0,4,0.0,-0.25927842447266464
exp1a_179,0,0,6,1.0,0.2178428302469978
exp1a_179,0,0,5,1.0,-0.7363996791923271
exp1a_179,0,0,5,0.0,0.2178428302469978
exp1a_179,0,0,5,0.0,-0.7363996791923271
exp1a_179,1,0,5,1.0,-0.25927842447266464
exp1a_179,1,0,4,-1.0,-0.7363996791923271
exp1a_179,1,1,6,-1.0,0.843383917424483
exp1a_179,1,1,3,-1.0,-0.25927842447266464
exp1a_179,1,1,3,0.0,0.2178428302469978
exp1a_179,0,1,3,0.0,-0.037429674856308215
exp1a_179,1,1,5,0.0,-0.037429674856308215
exp1a_179,1,1,5,1.0,-0.7363996791923271
exp1a_179,0,0,5,-1.0,-0.037429674856308215
exp1a_179,1,1,6,1.0,0.843383917424483
exp1a_179,1,1,3,-1.0,0.2178428302469978
exp1a_179,0,0,6,0.0,0.843383917424483
exp1a_179,1,1,6,0.0,0.843383917424483
exp1a_179,1,1,5,0.0,-0.25927842447266464
exp1a_179,0,1,4,1.0,-0.25927842447266464
exp1a_179,1,1,5,-1.0,-0.25927842447266464
exp1a_179,1,1,6,0.0,0.2178428302469978
exp1a_179,0,0,6,0.0,0.843383917424483
exp1a_179,1,1,6,1.0,-0.25927842447266464
exp1a_179,0,0,3,0.0,-0.037429674856308215
exp1a_179,1,1,5,-1.0,0.2178428302469978
exp1a_179,0,0,4,-1.0,0.2178428302469978
exp1a_179,1,1,3,0.0,-0.7363996791923271
exp1a_179,0,0,5,-1.0,-0.037429674856308215
exp1a_179,0,0,5,0.0,0.2178428302469978
exp1a_179,0,0,4,0.0,-0.7363996791923271
exp1a_179,1,1,6,1.0,0.843383917424483
exp1a_179,0,1,4,0.0,-0.25927842447266464
exp1a_179,1,1,3,1.0,-0.7363996791923271
exp1a_179,0,1,4,-1.0,-0.25927842447266464
exp1a_179,1,1,6,1.0,0.2178428302469978
exp1a_179,1,1,6,0.0,0.843383917424483
exp1a_179,0,1,4,1.0,-0.7363996791923271
exp1a_179,1,1,3,-1.0,-0.037429674856308215
exp1a_179,1,1,4,-1.0,-0.7363996791923271
exp1a_179,1,1,4,1.0,-0.037429674856308215
exp1a_179,0,1,3,1.0,-0.037429674856308215
exp1a_179,1,1,3,0.0,-0.037429674856308215
exp1a_179,0,1,4,1.0,0.2178428302469978
exp1a_179,0,1,5,-1.0,-0.7363996791923271
exp1a_179,0,1,6,1.0,-0.25927842447266464
exp1a_179,0,1,4,-1.0,0.2178428302469978
exp1a_179,1,1,6,0.0,0.843383917424483
exp1a_179,0,0,6,1.0,0.843383917424483
exp1a_179,1,0,4,1.0,0.2178428302469978
exp1a_179,0,0,4,1.0,0.2178428302469978
exp1a_179,1,1,4,-1.0,-0.25927842447266464
exp1a_179,0,0,6,-1.0,0.843383917424483
exp1a_179,0,1,4,0.0,-0.25927842447266464
exp1a_179,1,1,4,1.0,-0.7363996791923271
exp1a_179,1,1,4,0.0,-0.037429674856308215
exp1a_179,0,0,3,-1.0,-0.037429674856308215
exp1a_179,0,1,3,0.0,-0.7363996791923271
exp1a_179,1,1,3,0.0,-0.7363996791923271
exp1a_179,0,1,3,1.0,-0.037429674856308215
exp1a_179,0,1,3,0.0,-0.037429674856308215
exp1a_179,1,1,6,1.0,0.843383917424483
exp1a_179,1,1,4,0.0,0.2178428302469978
exp1a_179,0,0,3,1.0,-0.7363996791923271
exp1a_179,0,0,6,0.0,0.843383917424483
exp1a_179,1,1,5,1.0,-0.25927842447266464
exp1a_179,0,0,6,0.0,0.2178428302469978
exp1a_179,1,0,5,-1.0,0.2178428302469978
exp1a_179,1,1,4,-1.0,-0.7363996791923271
exp1a_179,1,1,4,-1.0,-0.037429674856308215
exp1a_179,1,1,3,1.0,-0.037429674856308215
exp1a_179,0,1,3,-1.0,-0.7363996791923271
exp1a_179,0,0,3,-1.0,-0.25927842447266464
exp1a_179,1,1,3,0.0,-0.25927842447266464
exp1a_180,1,1,5,1.0,-0.037429674856308215
exp1a_180,0,0,3,0.0,0.2178428302469978
exp1a_180,1,1,4,-1.0,0.843383917424483
exp1a_180,0,1,6,0.0,-0.25927842447266464
exp1a_180,1,1,6,0.0,-0.037429674856308215
exp1a_180,0,1,6,1.0,-0.037429674856308215
exp1a_180,1,1,5,1.0,0.843383917424483
exp1a_180,0,1,6,0.0,-0.7363996791923271
exp1a_180,0,1,6,1.0,-0.7363996791923271
exp1a_180,1,1,6,0.0,0.843383917424483
exp1a_180,0,0,5,-1.0,0.843383917424483
exp1a_180,0,1,6,0.0,-0.037429674856308215
exp1a_180,1,1,6,-1.0,-0.7363996791923271
exp1a_180,0,1,6,1.0,-0.25927842447266464
exp1a_180,0,1,6,1.0,0.2178428302469978
exp1a_180,1,1,6,0.0,-0.7363996791923271
exp1a_180,1,1,6,-1.0,-0.037429674856308215
exp1a_180,0,1,5,-1.0,-0.7363996791923271
exp1a_180,1,1,6,1.0,0.2178428302469978
exp1a_180,0,0,6,0.0,0.843383917424483
exp1a_180,0,0,6,1.0,0.843383917424483
exp1a_180,1,1,6,1.0,-0.25927842447266464
exp1a_180,0,0,5,-1.0,-0.037429674856308215
exp1a_180,1,1,6,0.0,0.2178428302469978
exp1a_180,1,1,5,1.0,-0.7363996791923271
exp1a_180,0,1,5,-1.0,0.2178428302469978
exp1a_180,0,1,6,-1.0,-0.25927842447266464
exp1a_180,1,1,4,0.0,-0.25927842447266464
exp1a_180,1,1,6,-1.0,-0.25927842447266464
exp1a_180,1,1,5,-1.0,0.2178428302469978
exp1a_180,1,1,6,0.0,-0.7363996791923271
exp1a_180,1,1,6,1.0,0.843383917424483
exp1a_180,0,1,6,1.0,-0.037429674856308215
exp1a_180,1,1,6,0.0,0.843383917424483
exp1a_180,1,1,5,0.0,0.2178428302469978
exp1a_180,1,1,6,1.0,-0.25927842447266464
exp1a_180,0,1,5,-1.0,-0.7363996791923271
exp1a_180,1,0,4,-1.0,0.843383917424483
exp1a_180,0,0,5,-1.0,0.843383917424483
exp1a_180,0,1,5,-1.0,-0.25927842447266464
exp1a_180,1,1,5,0.0,-0.25927842447266464
exp1a_180,0,1,5,-1.0,-0.037429674856308215
exp1a_180,0,1,6,1.0,0.2178428302469978
exp1a_180,1,1,5,-1.0,-0.7363996791923271
exp1a_180,1,1,5,1.0,-0.037429674856308215
exp1a_180,1,1,6,-1.0,-0.037429674856308215
exp1a_180,0,1,5,0.0,0.843383917424483
exp1a_180,0,1,5,1.0,-0.7363996791923271
exp1a_180,0,1,5,1.0,-0.25927842447266464
exp1a_180,0,0,6,1.0,0.843383917424483
exp1a_180,1,1,6,1.0,-0.7363996791923271
exp1a_180,0,1,4,0.0,0.2178428302469978
exp1a_180,0,0,6,0.0,-0.037429674856308215
exp1a_180,0,1,6,0.0,-0.25927842447266464
exp1a_180,1,1,5,-1.0,-0.25927842447266464
exp1a_180,1,1,5,1.0,0.2178428302469978
exp1a_180,0,1,5,0.0,-0.7363996791923271
exp1a_180,1,1,5,0.0,-0.037429674856308215
exp1a_180,1,1,5,-1.0,0.2178428302469978
exp1a_180,0,1,6,-1.0,0.2178428302469978
exp1a_180,0,1,6,-1.0,-0.7363996791923271
exp1a_180,0,0,6,1.0,0.843383917424483
exp1a_180,1,1,6,1.0,-0.7363996791923271
exp1a_180,1,1,6,0.0,-0.7363996791923271
exp1a_180,1,1,6,-1.0,-0.037429674856308215
exp1a_180,1,1,6,1.0,0.843383917424483
exp1a_180,1,1,6,0.0,0.843383917424483
exp1a_180,0,1,6,-1.0,0.2178428302469978
exp1a_180,0,0,6,-1.0,0.843383917424483
exp1a_180,1,1,6,-1.0,-0.7363996791923271
exp1a_180,0,1,6,-1.0,-0.037429674856308215
exp1a_180,0,0,6,0.0,0.843383917424483
exp1a_180,0,1,6,1.0,-0.25927842447266464
exp1a_180,1,1,6,-1.0,0.2178428302469978
exp1a_180,1,1,6,1.0,-0.037429674856308215
exp1a_180,0,1,6,0.0,-0.037429674856308215
exp1a_180,1,1,6,0.0,-0.25927842447266464
exp1a_180,0,1,6,1.0,0.2178428302469978
exp1a_180,1,0,5,-1.0,-0.25927842447266464
exp1a_180,0,1,6,0.0,-0.7363996791923271
exp1a_180,0,1,6,-1.0,-0.25927842447266464
exp1a_180,0,1,6,1.0,-0.037429674856308215
exp1a_180,1,1,6,0.0,-0.037429674856308215
exp1a_180,1,1,6,1.0,0.2178428302469978
exp1a_180,1,1,6,-1.0,0.843383917424483
exp1a_180,1,1,6,1.0,-0.25927842447266464
exp1a_180,0,1,4,0.0,0.2178428302469978
exp1a_180,1,1,4,0.0,0.2178428302469978
exp1a_180,0,1,6,1.0,-0.7363996791923271
exp1a_180,0,1,6,0.0,-0.25927842447266464
exp1a_180,0,0,6,0.0,0.843383917424483
exp1a_180,1,1,6,0.0,-0.7363996791923271
exp1a_180,1,1,6,-1.0,-0.25927842447266464
exp1a_180,1,0,4,0.0,0.843383917424483
exp1a_180,1,1,6,1.0,-0.7363996791923271
exp1a_180,0,1,6,0.0,-0.037429674856308215
exp1a_180,1,1,5,1.0,-0.037429674856308215
exp1a_180,0,1,6,0.0,-0.7363996791923271
exp1a_180,1,1,6,1.0,-0.25927842447266464
exp1a_180,1,1,5,0.0,-0.037429674856308215
exp1a_180,0,1,5,-1.0,-0.037429674856308215
exp1a_180,0,1,6,-1.0,-0.25927842447266464
exp1a_180,0,0,6,-1.0,0.843383917424483
exp1a_180,0,1,6,0.0,-0.25927842447266464
exp1a_180,1,0,6,-1.0,-0.037429674856308215
exp1a_180,1,1,5,-1.0,0.2178428302469978
exp1a_180,0,0,5,0.0,0.2178428302469978
exp1a_180,1,1,5,-1.0,0.843383917424483
exp1a_180,0,1,5,-1.0,-0.7363996791923271
exp1a_180,0,1,6,1.0,0.2178428302469978
exp1a_180,1,1,5,1.0,0.843383917424483
exp1a_180,0,1,6,-1.0,0.2178428302469978
exp1a_180,0,0,6,1.0,0.843383917424483
exp1a_180,1,1,6,1.0,0.2178428302469978
exp1a_180,1,1,5,0.0,0.2178428302469978
exp1a_180,0,0,6,1.0,-0.037429674856308215
exp1a_180,0,1,5,1.0,-0.7363996791923271
exp1a_180,1,1,6,0.0,-0.25927842447266464
exp1a_180,0,1,5,1.0,-0.25927842447266464
exp1a_180,1,1,5,-1.0,-0.7363996791923271
exp1a_180,1,1,6,1.0,-0.7363996791923271
exp1a_180,0,0,6,1.0,0.843383917424483
exp1a_180,1,0,5,-1.0,0.2178428302469978
exp1a_180,1,1,6,0.0,-0.037429674856308215
exp1a_180,0,1,6,-1.0,-0.25927842447266464
exp1a_180,1,1,5,1.0,0.2178428302469978
exp1a_180,0,0,6,0.0,0.843383917424483
exp1a_180,0,0,5,-1.0,-0.037429674856308215
exp1a_180,0,1,6,1.0,-0.037429674856308215
exp1a_180,1,1,6,-1.0,-0.7363996791923271
exp1a_180,1,1,6,1.0,0.843383917424483
exp1a_180,0,1,6,1.0,-0.25927842447266464
exp1a_180,0,0,6,1.0,-0.7363996791923271
exp1a_180,0,1,6,0.0,-0.25927842447266464
exp1a_180,0,1,6,0.0,-0.7363996791923271
exp1a_180,1,1,6,1.0,-0.037429674856308215
exp1a_180,1,1,6,-1.0,-0.25927842447266464
exp1a_180,1,1,6,0.0,-0.7363996791923271
exp1a_180,1,1,6,1.0,-0.25927842447266464
exp1a_180,0,1,6,-1.0,-0.7363996791923271
exp1a_180,0,1,6,1.0,0.2178428302469978
exp1a_180,1,1,6,-1.0,0.843383917424483
exp1a_180,0,1,6,0.0,-0.037429674856308215
exp1a_180,1,1,6,0.0,0.843383917424483
exp1a_180,1,1,6,-1.0,-0.037429674856308215
exp1a_180,0,1,6,0.0,0.2178428302469978
exp1a_180,0,0,6,-1.0,0.843383917424483
exp1a_180,1,1,6,0.0,0.2178428302469978
exp1a_180,1,1,6,0.0,-0.25927842447266464
exp1a_180,0,0,6,-1.0,0.2178428302469978
exp1a_180,0,1,6,0.0,-0.7363996791923271
exp1a_180,1,1,6,-1.0,0.843383917424483
exp1a_180,0,0,5,0.0,0.2178428302469978
exp1a_180,0,1,6,1.0,-0.25927842447266464
exp1a_180,0,1,6,-1.0,-0.037429674856308215
exp1a_180,1,1,6,0.0,0.2178428302469978
exp1a_180,0,0,6,-1.0,0.843383917424483
exp1a_180,1,1,6,0.0,-0.25927842447266464
exp1a_180,0,1,6,1.0,0.2178428302469978
exp1a_180,0,1,6,-1.0,-0.7363996791923271
exp1a_180,0,1,6,-1.0,0.2178428302469978
exp1a_180,0,1,6,0.0,-0.037429674856308215
exp1a_180,0,1,6,-1.0,-0.25927842447266464
exp1a_180,1,1,6,0.0,-0.7363996791923271
exp1a_180,0,1,6,1.0,-0.7363996791923271
exp1a_180,0,1,6,1.0,-0.037429674856308215
exp1a_180,1,1,5,1.0,-0.037429674856308215
exp1a_180,0,0,6,1.0,0.843383917424483
exp1a_180,1,1,6,0.0,-0.037429674856308215
exp1a_180,1,1,6,1.0,0.2178428302469978
exp1a_180,0,1,6,0.0,0.843383917424483
exp1a_180,1,1,5,-1.0,-0.7363996791923271
exp1a_180,1,0,6,1.0,-0.25927842447266464
exp1a_180,1,1,6,-1.0,-0.037429674856308215
exp1a_180,0,0,5,0.0,-0.25927842447266464
exp1a_180,1,1,6,-1.0,-0.25927842447266464
exp1a_180,1,1,6,-1.0,0.2178428302469978
exp1a_180,1,0,5,1.0,0.843383917424483
exp1a_180,1,1,6,0.0,0.843383917424483
exp1a_180,1,1,6,1.0,-0.7363996791923271
exp1a_180,0,1,6,1.0,0.2178428302469978
exp1a_180,1,1,6,0.0,0.843383917424483
exp1a_180,0,1,6,-1.0,0.2178428302469978
exp1a_180,1,1,6,1.0,-0.7363996791923271
exp1a_180,0,1,6,1.0,-0.037429674856308215
exp1a_180,1,1,5,-1.0,0.843383917424483
exp1a_180,1,1,6,1.0,-0.037429674856308215
exp1a_180,0,1,6,-1.0,-0.25927842447266464
exp1a_180,0,1,5,-1.0,-0.7363996791923271
exp1a_180,1,1,5,0.0,-0.037429674856308215
exp1a_180,1,1,6,1.0,-0.25927842447266464
exp1a_180,0,0,6,0.0,0.843383917424483
exp1a_180,0,1,6,-1.0,-0.037429674856308215
exp1a_180,1,1,5,-1.0,-0.25927842447266464
exp1a_180,0,0,6,-1.0,0.843383917424483
exp1a_180,0,0,5,1.0,-0.25927842447266464
exp1a_180,1,1,6,-1.0,-0.7363996791923271
exp1a_180,0,0,6,1.0,0.843383917424483
exp1a_180,1,1,6,-1.0,-0.037429674856308215
exp1a_180,1,1,6,-1.0,0.2178428302469978
exp1a_180,1,1,6,1.0,0.843383917424483
exp1a_180,1,1,6,0.0,-0.7363996791923271
exp1a_180,1,0,6,0.0,0.2178428302469978
exp1a_180,0,0,6,1.0,-0.7363996791923271
exp1a_180,0,1,6,0.0,-0.037429674856308215
exp1a_180,0,1,6,0.0,-0.25927842447266464
exp1a_180,1,0,6,1.0,0.2178428302469978
exp1a_180,0,1,6,0.0,-0.7363996791923271
exp1a_180,0,1,6,0.0,0.2178428302469978
exp1a_180,1,0,6,0.0,-0.25927842447266464
exp1a_180,0,0,6,0.0,0.2178428302469978
exp1a_180,1,1,6,0.0,-0.7363996791923271
exp1a_180,1,1,5,0.0,0.843383917424483
exp1a_180,0,0,6,0.0,-0.7363996791923271
exp1a_180,0,0,6,-1.0,0.2178428302469978
exp1a_180,0,0,6,0.0,-0.037429674856308215
exp1a_180,0,0,6,-1.0,-0.25927842447266464
exp1a_180,0,0,6,-1.0,-0.7363996791923271
exp1a_180,1,0,6,-1.0,-0.25927842447266464
exp1a_180,0,1,6,1.0,-0.037429674856308215
exp1a_180,1,1,6,1.0,0.2178428302469978
exp1a_180,0,0,6,1.0,0.2178428302469978
exp1a_180,1,0,6,-1.0,0.843383917424483
exp1a_180,1,0,6,0.0,-0.037429674856308215
exp1a_180,0,0,6,1.0,-0.25927842447266464
exp1a_180,1,0,6,1.0,-0.7363996791923271
exp1a_180,1,0,6,1.0,-0.037429674856308215
exp1a_180,1,0,6,-1.0,-0.037429674856308215
exp1a_180,1,0,5,1.0,-0.25927842447266464
exp1a_180,0,0,6,1.0,0.843383917424483
exp1a_180,1,0,6,-1.0,0.2178428302469978
exp1a_180,0,0,6,-1.0,-0.037429674856308215
exp1a_180,0,0,6,1.0,-0.7363996791923271
exp1a_180,0,0,6,0.0,-0.25927842447266464
exp1a_180,1,0,6,1.0,0.843383917424483
exp1a_180,1,0,6,0.0,-0.25927842447266464
exp1a_180,0,0,6,-1.0,0.843383917424483
exp1a_180,0,0,6,0.0,0.843383917424483
exp1a_180,1,0,6,0.0,0.2178428302469978
exp1a_181,0,0,5,1.0,0.2178428302469978
exp1a_181,1,0,2,-1.0,-0.7363996791923271
exp1a_181,0,0,5,1.0,0.843383917424483
exp1a_181,0,0,5,0.0,0.843383917424483
exp1a_181,1,1,5,0.0,-0.25927842447266464
exp1a_181,0,0,2,-1.0,-0.7363996791923271
exp1a_181,1,1,5,0.0,0.843383917424483
exp1a_181,0,0,3,-1.0,0.2178428302469978
exp1a_181,0,0,3,0.0,0.2178428302469978
exp1a_181,0,0,3,-1.0,-0.037429674856308215
exp1a_181,1,1,6,1.0,0.843383917424483
exp1a_181,1,1,6,1.0,-0.7363996791923271
exp1a_181,1,1,3,-1.0,-0.037429674856308215
exp1a_181,1,0,3,0.0,0.2178428302469978
exp1a_181,1,1,2,-1.0,0.843383917424483
exp1a_181,0,0,1,-1.0,0.843383917424483
exp1a_181,0,1,5,1.0,-0.037429674856308215
exp1a_181,0,1,6,1.0,-0.7363996791923271
exp1a_181,1,1,6,1.0,-0.25927842447266464
exp1a_181,0,1,6,1.0,-0.25927842447266464
exp1a_181,1,1,2,-1.0,0.2178428302469978
exp1a_181,1,0,6,1.0,0.2178428302469978
exp1a_181,0,1,4,0.0,-0.037429674856308215
exp1a_181,0,0,1,-1.0,-0.25927842447266464
exp1a_181,0,1,3,0.0,-0.7363996791923271
exp1a_181,1,0,1,-1.0,-0.25927842447266464
exp1a_181,0,1,3,0.0,-0.25927842447266464
exp1a_181,1,1,3,0.0,-0.7363996791923271
exp1a_181,1,0,3,0.0,-0.037429674856308215
exp1a_181,1,1,6,1.0,-0.037429674856308215
exp1a_181,0,0,5,0.0,0.843383917424483
exp1a_181,0,0,6,1.0,0.2178428302469978
exp1a_181,1,0,3,0.0,-0.7363996791923271
exp1a_181,0,1,3,-1.0,-0.037429674856308215
exp1a_181,0,0,5,1.0,-0.037429674856308215
exp1a_181,1,1,3,0.0,-0.25927842447266464
exp1a_181,0,0,3,-1.0,0.2178428302469978
exp1a_181,1,1,2,-1.0,-0.7363996791923271
exp1a_181,1,0,3,-1.0,-0.25927842447266464
exp1a_181,0,1,4,1.0,-0.25927842447266464
exp1a_181,0,1,3,0.0,-0.7363996791923271
exp1a_181,1,1,3,-1.0,0.2178428302469978
exp1a_181,0,0,3,0.0,-0.25927842447266464
exp1a_181,0,1,4,-1.0,-0.7363996791923271
exp1a_181,1,1,3,0.0,0.843383917424483
exp1a_181,1,1,3,0.0,-0.037429674856308215
exp1a_181,1,1,6,1.0,0.843383917424483
exp1a_181,1,1,5,1.0,-0.037429674856308215
exp1a_181,1,1,5,1.0,0.2178428302469978
exp1a_181,0,0,6,1.0,0.843383917424483
exp1a_181,1,1,3,-1.0,0.843383917424483
exp1a_181,1,1,3,0.0,0.2178428302469978
exp1a_181,0,0,4,0.0,0.2178428302469978
exp1a_181,1,1,3,-1.0,-0.037429674856308215
exp1a_181,0,0,3,-1.0,0.843383917424483
exp1a_181,0,1,4,1.0,-0.7363996791923271
exp1a_181,0,1,3,0.0,-0.037429674856308215
exp1a_181,1,0,5,1.0,-0.7363996791923271
exp1a_181,1,0,4,1.0,-0.25927842447266464
exp1a_181,0,0,3,-1.0,-0.25927842447266464
exp1a_181,1,1,3,0.0,-0.25927842447266464
exp1a_181,0,0,3,0.0,-0.25927842447266464
exp1a_181,1,1,4,-1.0,-0.037429674856308215
exp1a_181,1,1,5,1.0,-0.25927842447266464
exp1a_181,1,0,3,0.0,-0.7363996791923271
exp1a_181,1,1,5,1.0,0.843383917424483
exp1a_181,0,0,4,0.0,0.843383917424483
exp1a_181,0,1,4,0.0,-0.7363996791923271
exp1a_181,0,0,3,-1.0,0.2178428302469978
exp1a_181,0,0,4,1.0,-0.037429674856308215
exp1a_181,1,1,3,0.0,-0.037429674856308215
exp1a_181,0,1,3,-1.0,-0.25927842447266464
exp1a_181,0,0,4,-1.0,0.843383917424483
exp1a_181,1,1,4,1.0,-0.037429674856308215
exp1a_181,0,0,4,1.0,-0.7363996791923271
exp1a_181,1,1,3,0.0,0.843383917424483
exp1a_181,0,0,4,1.0,0.843383917424483
exp1a_181,1,0,4,1.0,-0.7363996791923271
exp1a_181,1,1,3,0.0,0.2178428302469978
exp1a_181,0,0,3,-1.0,-0.037429674856308215
exp1a_181,1,0,4,-1.0,-0.25927842447266464
exp1a_181,0,0,3,0.0,0.2178428302469978
exp1a_181,0,1,4,1.0,0.2178428302469978
exp1a_181,0,1,4,1.0,-0.25927842447266464
exp1a_181,1,1,3,-1.0,0.2178428302469978
exp1a_181,0,1,3,0.0,-0.037429674856308215
exp1a_181,1,1,3,-1.0,-0.25927842447266464
exp1a_181,1,1,3,-1.0,-0.037429674856308215
exp1a_181,1,1,3,0.0,-0.25927842447266464
exp1a_181,0,0,3,0.0,-0.25927842447266464
exp1a_181,1,1,3,-1.0,-0.7363996791923271
exp1a_181,0,0,4,1.0,0.843383917424483
exp1a_181,1,0,3,0.0,-0.7363996791923271
exp1a_181,0,1,3,-1.0,0.2178428302469978
exp1a_181,0,1,3,-1.0,-0.7363996791923271
exp1a_181,0,0,4,1.0,-0.7363996791923271
exp1a_181,1,1,4,1.0,-0.25927842447266464
exp1a_181,0,0,3,0.0,0.843383917424483
exp1a_181,0,1,4,1.0,-0.25927842447266464
exp1a_181,1,1,3,0.0,0.2178428302469978
exp1a_181,1,1,4,1.0,-0.7363996791923271
exp1a_181,0,1,3,-1.0,-0.25927842447266464
exp1a_181,1,1,4,1.0,0.2178428302469978
exp1a_181,0,0,4,0.0,0.2178428302469978
exp1a_181,1,1,3,-1.0,0.843383917424483
exp1a_181,0,0,3,0.0,-0.037429674856308215
exp1a_181,1,1,4,1.0,-0.037429674856308215
exp1a_181,0,1,4,1.0,-0.037429674856308215
exp1a_181,1,1,5,-1.0,0.2178428302469978
exp1a_181,0,1,4,-1.0,-0.037429674856308215
exp1a_181,0,0,3,0.0,-0.7363996791923271
exp1a_181,1,1,3,0.0,0.843383917424483
exp1a_181,0,0,3,-1.0,-0.25927842447266464
exp1a_181,0,1,3,0.0,-0.7363996791923271
exp1a_181,0,0,4,1.0,-0.7363996791923271
exp1a_181,0,1,3,-1.0,-0.7363996791923271
exp1a_181,1,1,4,1.0,-0.25927842447266464
exp1a_181,0,1,4,0.0,-0.25927842447266464
exp1a_181,1,1,3,0.0,0.2178428302469978
exp1a_181,1,1,3,-1.0,-0.25927842447266464
exp1a_181,1,0,4,1.0,-0.7363996791923271
exp1a_181,0,1,4,1.0,-0.25927842447266464
exp1a_181,0,0,5,0.0,0.843383917424483
exp1a_181,0,0,4,0.0,0.2178428302469978
exp1a_181,1,1,5,0.0,0.843383917424483
exp1a_181,0,0,3,-1.0,-0.037429674856308215
exp1a_181,1,1,3,0.0,-0.25927842447266464
exp1a_181,0,0,4,1.0,0.2178428302469978
exp1a_181,1,1,3,0.0,-0.7363996791923271
exp1a_181,0,0,5,1.0,0.843383917424483
exp1a_181,0,0,3,-1.0,0.843383917424483
exp1a_181,1,1,4,1.0,0.2178428302469978
exp1a_181,1,0,4,1.0,0.843383917424483
exp1a_181,1,0,3,0.0,-0.037429674856308215
exp1a_181,0,1,5,1.0,-0.037429674856308215
exp1a_181,1,1,3,-1.0,0.2178428302469978
exp1a_181,1,0,2,-1.0,-0.037429674856308215
exp1a_181,1,1,2,-1.0,-0.7363996791923271
exp1a_181,0,0,4,0.0,-0.037429674856308215
exp1a_181,1,1,5,-1.0,0.843383917424483
exp1a_181,0,0,5,1.0,-0.25927842447266464
exp1a_181,1,1,4,1.0,-0.25927842447266464
exp1a_181,1,1,3,0.0,-0.7363996791923271
exp1a_181,0,0,3,-1.0,-0.25927842447266464
exp1a_181,0,0,3,0.0,0.843383917424483
exp1a_181,1,1,5,0.0,-0.037429674856308215
exp1a_181,1,1,3,-1.0,-0.7363996791923271
exp1a_181,1,0,5,1.0,-0.037429674856308215
exp1a_181,1,1,5,1.0,-0.7363996791923271
exp1a_181,1,1,5,1.0,0.2178428302469978
exp1a_181,0,0,5,1.0,0.2178428302469978
exp1a_181,1,1,2,-1.0,-0.037429674856308215
exp1a_181,0,1,1,-1.0,0.843383917424483
exp1a_181,1,1,5,1.0,0.843383917424483
exp1a_181,0,0,3,-1.0,0.2178428302469978
exp1a_181,0,1,5,1.0,-0.7363996791923271
exp1a_181,1,1,2,-1.0,-0.25927842447266464
exp1a_181,1,1,3,-1.0,0.2178428302469978
exp1a_181,0,0,2,-1.0,-0.037429674856308215
exp1a_181,1,1,3,0.0,-0.25927842447266464
exp1a_181,0,1,3,0.0,-0.25927842447266464
exp1a_181,0,1,3,0.0,-0.037429674856308215
exp1a_181,0,0,4,0.0,-0.7363996791923271
exp1a_181,1,1,4,-1.0,0.843383917424483
exp1a_181,1,1,3,0.0,0.2178428302469978
exp1a_181,0,1,3,-1.0,-0.7363996791923271
exp1a_181,1,1,3,0.0,0.843383917424483
exp1a_181,0,0,4,1.0,-0.037429674856308215
exp1a_181,0,0,3,0.0,0.2178428302469978
exp1a_181,0,0,5,1.0,0.843383917424483
exp1a_181,1,1,5,1.0,-0.7363996791923271
exp1a_181,0,0,5,1.0,-0.037429674856308215
exp1a_181,1,0,5,1.0,0.843383917424483
exp1a_181,1,1,4,0.0,-0.037429674856308215
exp1a_181,0,1,5,1.0,-0.7363996791923271
exp1a_181,1,1,3,0.0,-0.25927842447266464
exp1a_181,0,0,3,-1.0,0.2178428302469978
exp1a_181,1,1,3,-1.0,0.843383917424483
exp1a_181,1,1,3,-1.0,-0.7363996791923271
exp1a_181,1,0,4,1.0,-0.037429674856308215
exp1a_181,1,1,3,0.0,0.2178428302469978
exp1a_181,1,1,4,1.0,-0.25927842447266464
exp1a_181,0,0,4,1.0,0.843383917424483
exp1a_181,0,0,3,-1.0,-0.7363996791923271
exp1a_181,1,0,3,0.0,-0.7363996791923271
exp1a_181,1,1,3,-1.0,-0.25927842447266464
exp1a_181,1,0,4,-1.0,-0.037429674856308215
exp1a_181,1,1,4,1.0,0.2178428302469978
exp1a_181,0,0,4,0.0,0.2178428302469978
exp1a_181,0,0,3,0.0,-0.25927842447266464
exp1a_181,0,1,3,-1.0,-0.037429674856308215
exp1a_181,0,0,3,0.0,-0.7363996791923271
exp1a_181,0,0,3,0.0,-0.037429674856308215
exp1a_181,1,1,1,-1.0,0.2178428302469978
exp1a_181,0,0,4,-1.0,0.843383917424483
exp1a_181,0,0,4,1.0,0.2178428302469978
exp1a_181,0,0,5,1.0,-0.25927842447266464
exp1a_181,0,1,3,-1.0,-0.25927842447266464
exp1a_181,1,1,3,0.0,0.2178428302469978
exp1a_181,0,0,5,1.0,0.2178428302469978
exp1a_181,0,0,3,0.0,0.2178428302469978
exp1a_181,1,0,5,1.0,-0.25927842447266464
exp1a_181,1,1,3,-1.0,0.843383917424483
exp1a_181,1,0,3,-1.0,-0.7363996791923271
exp1a_181,1,0,4,1.0,0.843383917424483
exp1a_181,1,1,4,1.0,-0.7363996791923271
exp1a_181,0,1,4,1.0,-0.7363996791923271
exp1a_181,0,0,3,0.0,-0.7363996791923271
exp1a_181,0,0,3,-1.0,-0.7363996791923271
exp1a_181,1,1,3,0.0,-0.037429674856308215
exp1a_181,0,0,4,-1.0,0.2178428302469978
exp1a_181,0,0,4,1.0,-0.037429674856308215
exp1a_181,0,0,6,1.0,0.843383917424483
exp1a_181,0,0,6,1.0,-0.25927842447266464
exp1a_181,1,1,5,0.0,0.843383917424483
exp1a_181,0,0,3,-1.0,-0.037429674856308215
exp1a_181,1,0,3,-1.0,-0.25927842447266464
exp1a_181,1,1,2,-1.0,0.2178428302469978
exp1a_181,0,0,3,-1.0,0.843383917424483
exp1a_181,1,1,5,1.0,0.2178428302469978
exp1a_181,1,1,3,-1.0,-0.037429674856308215
exp1a_181,1,0,3,0.0,-0.25927842447266464
exp1a_181,1,1,4,1.0,-0.037429674856308215
exp1a_181,1,1,3,0.0,-0.7363996791923271
exp1a_181,0,0,3,0.0,-0.037429674856308215
exp1a_181,0,0,5,0.0,0.843383917424483
exp1a_181,0,0,5,0.0,-0.25927842447266464
exp1a_181,0,0,3,-1.0,-0.25927842447266464
exp1a_182,0,0,5,0.0,0.2178428302469978
exp1a_182,1,0,3,0.0,-0.7363996791923271
exp1a_182,1,0,5,1.0,-0.25927842447266464
exp1a_182,1,1,5,0.0,0.2178428302469978
exp1a_182,0,0,6,1.0,0.843383917424483
exp1a_182,0,0,5,1.0,-0.037429674856308215
exp1a_182,0,0,5,1.0,-0.25927842447266464
exp1a_182,0,0,6,0.0,0.843383917424483
exp1a_182,1,1,6,0.0,0.843383917424483
exp1a_182,1,0,2,-1.0,-0.7363996791923271
exp1a_182,0,0,4,0.0,-0.037429674856308215
exp1a_182,1,1,5,0.0,-0.037429674856308215
exp1a_182,0,0,6,-1.0,0.2178428302469978
exp1a_182,0,0,5,0.0,-0.25927842447266464
exp1a_182,1,0,1,-1.0,-0.037429674856308215
exp1a_182,1,1,6,1.0,0.843383917424483
exp1a_182,1,1,6,-1.0,0.843383917424483
exp1a_182,1,1,4,0.0,-0.25927842447266464
exp1a_182,0,1,3,-1.0,-0.7363996791923271
exp1a_182,0,0,6,-1.0,0.843383917424483
exp1a_182,1,1,3,-1.0,0.2178428302469978
exp1a_182,1,0,3,1.0,-0.037429674856308215
exp1a_182,1,0,3,-1.0,-0.25927842447266464
exp1a_182,1,0,4,1.0,-0.7363996791923271
exp1a_182,0,1,4,1.0,-0.7363996791923271
exp1a_182,0,0,6,1.0,0.2178428302469978
exp1a_182,0,0,5,0.0,-0.7363996791923271
exp1a_182,0,0,4,-1.0,-0.25927842447266464
exp1a_182,1,1,4,1.0,0.2178428302469978
exp1a_182,0,1,4,-1.0,-0.25927842447266464
exp1a_182,0,0,6,1.0,0.843383917424483
exp1a_182,0,0,6,1.0,0.2178428302469978
exp1a_182,1,0,3,0.0,-0.037429674856308215
exp1a_182,1,1,5,-1.0,0.2178428302469978
exp1a_182,1,0,4,1.0,-0.7363996791923271
exp1a_182,0,0,4,1.0,-0.037429674856308215
exp1a_182,1,1,6,-1.0,0.843383917424483
exp1a_182,0,0,4,-1.0,0.2178428302469978
exp1a_182,0,0,4,1.0,-0.25927842447266464
exp1a_182,1,1,5,0.0,0.2178428302469978
exp1a_182,0,0,3,0.0,-0.25927842447266464
exp1a_182,1,1,5,-1.0,-0.25927842447266464
exp1a_182,1,1,3,1.0,0.2178428302469978
exp1a_182,0,0,6,0.0,0.843383917424483
exp1a_182,1,1,6,1.0,0.843383917424483
exp1a_182,0,1,4,-1.0,-0.037429674856308215
exp1a_182,1,1,3,1.0,-0.037429674856308215
exp1a_182,0,0,6,-1.0,0.843383917424483
exp1a_182,1,1,6,0.0,0.843383917424483
exp1a_182,0,0,4,0.0,0.2178428302469978
exp1a_182,0,1,4,1.0,-0.7363996791923271
exp1a_182,1,1,4,0.0,-0.25927842447266464
exp1a_182,1,1,4,-1.0,-0.037429674856308215
exp1a_182,1,1,3,0.0,-0.7363996791923271
exp1a_182,1,1,5,1.0,-0.25927842447266464
exp1a_182,0,1,5,-1.0,-0.7363996791923271
exp1a_182,0,0,2,0.0,-0.7363996791923271
exp1a_182,0,1,3,0.0,-0.037429674856308215
exp1a_182,1,1,4,-1.0,-0.7363996791923271
exp1a_182,0,0,5,1.0,0.2178428302469978
exp1a_182,1,0,5,1.0,-0.7363996791923271
exp1a_182,1,0,4,-1.0,0.2178428302469978
exp1a_182,0,0,6,-1.0,0.843383917424483
exp1a_182,1,1,6,0.0,0.843383917424483
exp1a_182,1,1,6,0.0,0.2178428302469978
exp1a_182,1,1,6,1.0,-0.25927842447266464
exp1a_182,0,0,3,0.0,-0.25927842447266464
exp1a_182,1,1,3,-1.0,-0.7363996791923271
exp1a_182,0,0,2,-1.0,-0.7363996791923271
exp1a_182,0,1,4,0.0,-0.037429674856308215
exp1a_182,1,1,6,-1.0,0.843383917424483
exp1a_182,0,1,3,-1.0,-0.037429674856308215
exp1a_182,1,1,5,-1.0,-0.25927842447266464
exp1a_182,0,1,4,1.0,-0.25927842447266464
exp1a_182,0,1,3,-1.0,0.2178428302469978
exp1a_182,0,0,6,0.0,0.843383917424483
exp1a_182,1,1,4,0.0,-0.25927842447266464
exp1a_182,0,0,4,1.0,-0.037429674856308215
exp1a_182,1,1,4,1.0,0.2178428302469978
exp1a_182,1,0,3,1.0,-0.037429674856308215
exp1a_182,1,1,6,1.0,0.843383917424483
exp1a_182,1,1,4,0.0,-0.037429674856308215
exp1a_182,0,0,4,-1.0,-0.25927842447266464
exp1a_182,0,0,5,0.0,0.2178428302469978
exp1a_182,1,1,5,-1.0,-0.037429674856308215
exp1a_182,0,1,4,0.0,-0.7363996791923271
exp1a_182,0,1,3,1.0,-0.7363996791923271
exp1a_182,1,0,3,0.0,-0.7363996791923271
exp1a_182,0,0,6,1.0,0.843383917424483
exp1a_182,0,0,6,0.0,0.843383917424483
exp1a_182,0,0,6,-1.0,0.2178428302469978
exp1a_182,1,1,5,1.0,-0.037429674856308215
exp1a_182,0,0,5,0.0,-0.25927842447266464
exp1a_182,1,0,4,1.0,-0.25927842447266464
exp1a_182,0,0,4,0.0,-0.7363996791923271
exp1a_182,0,0,4,-1.0,-0.037429674856308215
exp1a_182,0,0,5,1.0,-0.037429674856308215
exp1a_182,1,1,4,-1.0,0.843383917424483
exp1a_182,1,1,4,1.0,0.2178428302469978
exp1a_182,1,1,4,-1.0,-0.037429674856308215
exp1a_182,1,1,4,0.0,0.843383917424483
exp1a_182,0,0,3,-1.0,-0.7363996791923271
exp1a_182,1,0,3,0.0,-0.037429674856308215
exp1a_182,0,0,4,0.0,-0.037429674856308215
exp1a_182,0,0,5,1.0,0.2178428302469978
exp1a_182,0,0,6,-1.0,0.843383917424483
exp1a_182,0,0,4,1.0,-0.7363996791923271
exp1a_182,1,0,4,0.0,-0.25927842447266464
exp1a_182,0,0,6,1.0,0.843383917424483
exp1a_182,1,0,4,1.0,-0.7363996791923271
exp1a_182,1,1,4,-1.0,0.2178428302469978
exp1a_182,0,0,6,0.0,0.2178428302469978
exp1a_182,0,0,5,-1.0,-0.25927842447266464
exp1a_182,0,0,5,1.0,-0.25927842447266464
exp1a_182,1,0,4,-1.0,-0.25927842447266464
exp1a_182,1,1,4,0.0,-0.7363996791923271
exp1a_182,1,0,4,0.0,0.2178428302469978
exp1a_182,1,0,3,-1.0,-0.7363996791923271
exp1a_182,1,1,6,1.0,0.843383917424483
exp1a_182,1,1,3,1.0,-0.25927842447266464
exp1a_182,0,0,6,0.0,0.843383917424483
exp1a_182,1,1,6,1.0,0.843383917424483
exp1a_182,0,0,4,-1.0,-0.25927842447266464
exp1a_182,1,0,4,-1.0,-0.7363996791923271
exp1a_182,1,1,6,0.0,0.843383917424483
exp1a_182,1,1,4,0.0,-0.7363996791923271
exp1a_182,0,0,5,1.0,-0.037429674856308215
exp1a_182,0,0,6,1.0,0.843383917424483
exp1a_182,0,0,4,1.0,-0.7363996791923271
exp1a_182,1,1,4,1.0,-0.037429674856308215
exp1a_182,0,0,4,-1.0,-0.7363996791923271
exp1a_182,1,1,3,0.0,-0.25927842447266464
exp1a_182,0,0,4,0.0,-0.25927842447266464
exp1a_182,0,1,3,0.0,-0.037429674856308215
exp1a_182,0,0,4,-1.0,-0.037429674856308215
exp1a_182,0,0,6,-1.0,0.843383917424483
exp1a_182,1,1,5,0.0,-0.037429674856308215
exp1a_182,0,0,5,0.0,0.2178428302469978
exp1a_182,1,1,4,1.0,-0.7363996791923271
exp1a_182,1,1,5,-1.0,0.2178428302469978
exp1a_182,1,1,6,-1.0,0.843383917424483
exp1a_182,1,1,5,1.0,0.2178428302469978
exp1a_182,1,1,6,-1.0,-0.25927842447266464
exp1a_182,0,0,6,1.0,0.2178428302469978
exp1a_182,1,1,5,-1.0,-0.037429674856308215
exp1a_182,0,0,5,1.0,-0.25927842447266464
exp1a_182,0,0,4,0.0,-0.7363996791923271
exp1a_182,1,1,4,1.0,-0.25927842447266464
exp1a_182,1,1,4,-1.0,0.2178428302469978
exp1a_182,1,1,6,-1.0,0.843383917424483
exp1a_182,0,0,6,0.0,0.2178428302469978
exp1a_182,1,0,5,-1.0,-0.7363996791923271
exp1a_182,0,0,6,0.0,0.843383917424483
exp1a_182,0,0,5,0.0,-0.25927842447266464
exp1a_182,0,0,4,1.0,-0.7363996791923271
exp1a_182,0,1,3,-1.0,-0.25927842447266464
exp1a_182,1,1,6,1.0,0.2178428302469978
exp1a_182,0,0,5,1.0,-0.25927842447266464
exp1a_182,0,0,2,0.0,-0.7363996791923271
exp1a_182,1,1,6,0.0,0.2178428302469978
exp1a_182,1,1,3,0.0,-0.7363996791923271
exp1a_182,1,1,5,1.0,-0.037429674856308215
exp1a_182,0,0,6,-1.0,0.843383917424483
exp1a_182,1,1,6,1.0,0.843383917424483
exp1a_182,0,0,6,1.0,-0.037429674856308215
exp1a_182,0,0,6,-1.0,-0.037429674856308215
exp1a_182,1,0,5,1.0,-0.7363996791923271
exp1a_182,0,0,6,0.0,-0.037429674856308215
exp1a_182,1,0,5,-1.0,-0.037429674856308215
exp1a_182,0,0,6,-1.0,0.2178428302469978
exp1a_182,0,0,5,-1.0,-0.7363996791923271
exp1a_182,1,1,6,0.0,0.843383917424483
exp1a_182,1,1,5,-1.0,-0.25927842447266464
exp1a_182,1,1,6,0.0,-0.037429674856308215
exp1a_182,0,0,5,1.0,0.2178428302469978
exp1a_182,0,0,6,1.0,0.843383917424483
exp1a_182,1,1,4,0.0,-0.25927842447266464
exp1a_182,0,0,4,0.0,-0.7363996791923271
exp1a_182,0,0,6,-1.0,0.2178428302469978
exp1a_182,0,0,5,1.0,-0.7363996791923271
exp1a_182,0,0,5,0.0,-0.25927842447266464
exp1a_182,0,0,5,0.0,-0.037429674856308215
exp1a_182,0,0,6,1.0,0.843383917424483
exp1a_182,0,0,6,-1.0,-0.037429674856308215
exp1a_182,0,0,6,-1.0,0.843383917424483
exp1a_182,0,0,6,-1.0,-0.7363996791923271
exp1a_182,0,0,6,0.0,0.843383917424483
exp1a_182,0,0,6,1.0,-0.037429674856308215
exp1a_182,1,1,6,0.0,0.2178428302469978
exp1a_182,0,0,5,-1.0,-0.25927842447266464
exp1a_182,1,1,5,-1.0,0.2178428302469978
exp1a_182,1,0,4,0.0,-0.037429674856308215
exp1a_182,1,0,3,0.0,-0.25927842447266464
exp1a_182,1,1,6,-1.0,0.843383917424483
exp1a_182,1,1,4,1.0,-0.037429674856308215
exp1a_182,1,1,3,1.0,-0.7363996791923271
exp1a_182,1,1,5,-1.0,-0.037429674856308215
exp1a_182,0,1,4,1.0,-0.25927842447266464
exp1a_182,1,1,4,-1.0,-0.25927842447266464
exp1a_182,1,1,4,1.0,-0.25927842447266464
exp1a_182,1,1,6,1.0,0.843383917424483
exp1a_182,1,1,5,0.0,-0.7363996791923271
exp1a_182,1,1,6,1.0,0.2178428302469978
exp1a_182,0,0,3,0.0,0.2178428302469978
exp1a_182,0,1,4,1.0,0.2178428302469978
exp1a_182,1,1,6,0.0,0.843383917424483
exp1a_182,1,1,4,-1.0,-0.7363996791923271
exp1a_182,0,0,4,0.0,-0.25927842447266464
exp1a_182,1,1,6,-1.0,0.2178428302469978
exp1a_182,1,1,5,0.0,0.2178428302469978
exp1a_182,0,0,6,1.0,0.843383917424483
exp1a_182,1,1,4,1.0,-0.7363996791923271
exp1a_182,1,0,3,1.0,-0.037429674856308215
exp1a_182,0,1,4,0.0,-0.7363996791923271
exp1a_182,0,0,4,0.0,-0.037429674856308215
exp1a_182,1,1,4,-1.0,-0.25927842447266464
exp1a_182,0,0,5,1.0,0.2178428302469978
exp1a_182,1,1,4,-1.0,-0.037429674856308215
exp1a_182,1,1,3,-1.0,-0.7363996791923271
exp1a_182,1,1,6,-1.0,0.843383917424483
exp1a_182,1,1,6,0.0,0.843383917424483
exp1a_182,0,0,6,-1.0,-0.7363996791923271
exp1a_182,0,0,5,-1.0,-0.25927842447266464
exp1a_182,1,0,3,0.0,-0.7363996791923271
exp1a_182,1,1,4,0.0,-0.25927842447266464
exp1a_182,1,1,6,1.0,0.843383917424483
exp1a_182,0,0,6,-1.0,0.2178428302469978
exp1a_182,0,0,4,1.0,-0.7363996791923271
exp1a_182,0,0,6,0.0,0.843383917424483
exp1a_182,0,0,4,1.0,-0.25927842447266464
exp1a_182,1,1,6,1.0,0.2178428302469978
exp1a_182,1,1,4,1.0,-0.25927842447266464
exp1a_182,0,0,5,1.0,-0.037429674856308215
exp1a_182,1,1,4,0.0,-0.037429674856308215
exp1a_182,0,0,4,-1.0,-0.037429674856308215
exp1a_182,0,0,6,0.0,0.2178428302469978
exp1a_182,0,0,6,-1.0,0.843383917424483
exp1a_183,1,1,5,-1.0,-0.037429674856308215
exp1a_183,1,1,4,-1.0,-0.25927842447266464
exp1a_183,1,1,5,1.0,-0.7363996791923271
exp1a_183,1,0,4,0.0,-0.25927842447266464
exp1a_183,0,1,5,1.0,-0.7363996791923271
exp1a_183,1,1,6,-1.0,0.843383917424483
exp1a_183,0,0,3,0.0,-0.7363996791923271
exp1a_183,0,1,5,1.0,0.2178428302469978
exp1a_183,1,1,5,1.0,-0.037429674856308215
exp1a_183,1,1,5,1.0,-0.25927842447266464
exp1a_183,0,1,5,0.0,0.2178428302469978
exp1a_183,0,1,4,1.0,-0.037429674856308215
exp1a_183,1,1,5,1.0,0.2178428302469978
exp1a_183,1,1,6,0.0,0.843383917424483
exp1a_183,0,0,4,-1.0,-0.25927842447266464
exp1a_183,1,1,5,0.0,-0.037429674856308215
exp1a_183,1,1,5,0.0,0.2178428302469978
exp1a_183,1,1,5,0.0,-0.7363996791923271
exp1a_183,0,0,6,0.0,0.843383917424483
exp1a_183,0,0,6,-1.0,0.843383917424483
exp1a_183,1,1,6,-1.0,0.2178428302469978
exp1a_183,0,0,5,-1.0,0.2178428302469978
exp1a_183,0,1,6,0.0,-0.25927842447266464
exp1a_183,0,0,4,1.0,-0.25927842447266464
exp1a_183,1,1,3,-1.0,-0.7363996791923271
exp1a_183,0,0,6,1.0,0.843383917424483
exp1a_183,1,1,6,1.0,0.843383917424483
exp1a_183,0,0,3,-1.0,-0.037429674856308215
exp1a_183,0,1,5,0.0,-0.037429674856308215
exp1a_183,0,1,4,-1.0,-0.7363996791923271
exp1a_183,0,1,4,0.0,-0.037429674856308215
exp1a_183,0,1,4,-1.0,-0.25927842447266464
exp1a_183,0,0,3,0.0,0.2178428302469978
exp1a_183,1,1,3,0.0,-0.7363996791923271
exp1a_183,0,1,3,-1.0,-0.037429674856308215
exp1a_183,0,0,4,0.0,0.843383917424483
exp1a_183,1,1,5,0.0,-0.25927842447266464
exp1a_183,1,1,6,0.0,0.843383917424483
exp1a_183,1,0,4,-1.0,-0.25927842447266464
exp1a_183,1,1,6,1.0,0.843383917424483
exp1a_183,0,0,6,-1.0,0.843383917424483
exp1a_183,1,1,6,-1.0,0.843383917424483
exp1a_183,1,1,6,-1.0,0.2178428302469978
exp1a_183,0,0,6,1.0,0.843383917424483
exp1a_183,1,1,4,0.0,-0.037429674856308215
exp1a_183,1,1,5,0.0,0.2178428302469978
exp1a_183,1,1,5,-1.0,-0.7363996791923271
exp1a_183,1,1,4,-1.0,-0.037429674856308215
exp1a_183,0,1,4,1.0,-0.7363996791923271
exp1a_183,0,1,5,1.0,-0.037429674856308215
exp1a_183,0,1,4,-1.0,0.2178428302469978
exp1a_183,0,1,5,1.0,0.2178428302469978
exp1a_183,0,1,5,-1.0,-0.7363996791923271
exp1a_183,0,1,5,0.0,-0.25927842447266464
exp1a_183,1,1,5,1.0,-0.037429674856308215
exp1a_183,0,1,4,0.0,-0.7363996791923271
exp1a_183,1,1,4,1.0,-0.7363996791923271
exp1a_183,1,1,5,1.0,-0.25927842447266464
exp1a_183,1,1,4,1.0,0.2178428302469978
exp1a_183,0,1,4,1.0,-0.25927842447266464
exp1a_183,1,1,4,0.0,0.2178428302469978
exp1a_183,1,1,6,0.0,0.843383917424483
exp1a_183,0,0,6,1.0,0.843383917424483
exp1a_183,0,0,4,1.0,-0.25927842447266464
exp1a_183,1,1,5,0.0,-0.25927842447266464
exp1a_183,1,1,4,-1.0,0.2178428302469978
exp1a_183,0,0,4,1.0,-0.7363996791923271
exp1a_183,1,1,5,-1.0,-0.25927842447266464
exp1a_183,1,0,4,0.0,-0.7363996791923271
exp1a_183,1,1,5,-1.0,-0.037429674856308215
exp1a_183,1,1,6,1.0,0.843383917424483
exp1a_183,0,1,4,0.0,-0.7363996791923271
exp1a_183,1,1,4,0.0,-0.037429674856308215
exp1a_183,1,1,5,1.0,0.2178428302469978
exp1a_183,0,1,5,0.0,-0.037429674856308215
exp1a_183,0,0,4,-1.0,0.2178428302469978
exp1a_183,0,0,4,0.0,0.843383917424483
exp1a_183,1,1,5,-1.0,-0.7363996791923271
exp1a_183,0,1,4,-1.0,-0.7363996791923271
exp1a_183,1,1,6,-1.0,0.843383917424483
exp1a_183,0,0,4,0.0,0.2178428302469978
exp1a_183,0,1,4,-1.0,-0.037429674856308215
exp1a_183,1,1,5,1.0,-0.037429674856308215
exp1a_183,0,0,4,0.0,-0.25927842447266464
exp1a_183,0,1,4,-1.0,-0.25927842447266464
exp1a_183,0,0,6,-1.0,0.843383917424483
exp1a_183,1,1,5,1.0,-0.7363996791923271
exp1a_183,1,1,5,1.0,-0.25927842447266464
exp1a_183,0,1,5,1.0,0.2178428302469978
exp1a_183,0,1,4,1.0,-0.037429674856308215
exp1a_183,1,1,3,0.0,0.2178428302469978
exp1a_183,1,0,3,0.0,-0.25927842447266464
exp1a_183,1,1,4,1.0,-0.7363996791923271
exp1a_183,0,1,4,1.0,-0.037429674856308215
exp1a_183,0,0,3,0.0,-0.25927842447266464
exp1a_183,0,0,3,0.0,0.2178428302469978
exp1a_183,0,1,4,-1.0,-0.037429674856308215
exp1a_183,1,1,4,-1.0,-0.25927842447266464
exp1a_183,0,0,5,-1.0,0.843383917424483
exp1a_183,0,1,4,1.0,-0.7363996791923271
exp1a_183,0,0,6,1.0,0.843383917424483
exp1a_183,1,1,4,0.0,-0.7363996791923271
exp1a_183,1,1,5,-1.0,0.2178428302469978
exp1a_183,0,1,4,0.0,-0.7363996791923271
exp1a_183,0,0,6,0.0,0.843383917424483
exp1a_183,1,1,6,1.0,-0.25927842447266464
exp1a_183,0,1,6,1.0,-0.25927842447266464
exp1a_183,0,1,5,-1.0,-0.25927842447266464
exp1a_183,1,1,5,1.0,0.2178428302469978
exp1a_183,0,0,4,1.0,0.2178428302469978
exp1a_183,0,1,4,-1.0,-0.7363996791923271
exp1a_183,1,1,6,1.0,0.843383917424483
exp1a_183,1,1,5,-1.0,-0.037429674856308215
exp1a_183,1,1,5,0.0,-0.037429674856308215
exp1a_183,1,1,5,-1.0,0.843383917424483
exp1a_183,0,0,4,-1.0,0.2178428302469978
exp1a_183,1,1,6,0.0,0.843383917424483
exp1a_183,0,1,4,0.0,-0.037429674856308215
exp1a_183,1,1,5,-1.0,-0.7363996791923271
exp1a_183,1,1,5,1.0,-0.037429674856308215
exp1a_183,0,1,4,-1.0,-0.037429674856308215
exp1a_183,1,1,4,-1.0,-0.25927842447266464
exp1a_183,0,1,3,0.0,-0.7363996791923271
exp1a_183,1,1,4,0.0,-0.037429674856308215
exp1a_183,1,1,5,0.0,0.2178428302469978
exp1a_183,0,0,4,0.0,-0.037429674856308215
exp1a_183,0,0,4,1.0,-0.037429674856308215
exp1a_183,1,1,5,-1.0,0.843383917424483
exp1a_183,0,1,4,1.0,-0.25927842447266464
exp1a_183,0,0,6,0.0,0.843383917424483
exp1a_183,0,1,4,-1.0,0.2178428302469978
exp1a_183,1,1,5,1.0,0.843383917424483
exp1a_183,0,0,4,1.0,0.2178428302469978
exp1a_183,0,0,6,1.0,0.843383917424483
exp1a_183,0,0,4,1.0,-0.7363996791923271
exp1a_183,0,1,5,-1.0,-0.7363996791923271
exp1a_183,1,1,5,1.0,-0.7363996791923271
exp1a_183,1,1,4,1.0,0.2178428302469978
exp1a_183,1,1,6,-1.0,-0.037429674856308215
exp1a_183,1,1,6,0.0,0.843383917424483
exp1a_183,1,1,5,1.0,-0.25927842447266464
exp1a_183,1,1,5,0.0,-0.25927842447266464
exp1a_183,0,1,4,0.0,0.2178428302469978
exp1a_183,0,1,5,0.0,-0.25927842447266464
exp1a_183,1,1,5,1.0,-0.037429674856308215
exp1a_183,1,1,5,-1.0,-0.7363996791923271
exp1a_183,0,1,5,-1.0,-0.25927842447266464
exp1a_183,0,0,6,-1.0,0.843383917424483
exp1a_183,1,1,3,0.0,-0.7363996791923271
exp1a_183,1,1,4,-1.0,0.2178428302469978
exp1a_183,0,0,6,-1.0,0.843383917424483
exp1a_183,1,1,6,-1.0,0.843383917424483
exp1a_183,1,1,6,-1.0,0.2178428302469978
exp1a_183,1,1,4,0.0,-0.25927842447266464
exp1a_183,0,1,4,1.0,-0.037429674856308215
exp1a_183,1,0,4,-1.0,-0.7363996791923271
exp1a_183,1,1,6,1.0,0.843383917424483
exp1a_183,0,1,3,0.0,-0.25927842447266464
exp1a_183,0,1,4,1.0,0.2178428302469978
exp1a_183,0,1,4,-1.0,-0.7363996791923271
exp1a_183,0,1,4,-1.0,-0.037429674856308215
exp1a_183,1,1,6,0.0,0.843383917424483
exp1a_183,1,1,5,1.0,-0.25927842447266464
exp1a_183,1,1,5,1.0,-0.7363996791923271
exp1a_183,1,1,5,0.0,0.2178428302469978
exp1a_183,0,1,4,1.0,-0.25927842447266464
exp1a_183,1,0,3,0.0,-0.7363996791923271
exp1a_183,0,0,4,1.0,-0.7363996791923271
exp1a_183,0,1,5,-1.0,-0.25927842447266464
exp1a_183,0,0,6,1.0,0.843383917424483
exp1a_183,0,1,5,0.0,-0.7363996791923271
exp1a_183,0,0,4,-1.0,0.2178428302469978
exp1a_183,1,1,4,-1.0,-0.25927842447266464
exp1a_183,0,1,4,0.0,-0.037429674856308215
exp1a_183,1,1,4,-1.0,-0.037429674856308215
exp1a_183,0,0,5,0.0,0.843383917424483
exp1a_183,1,1,5,0.0,-0.037429674856308215
exp1a_183,0,0,5,0.0,0.2178428302469978
exp1a_183,1,1,5,1.0,0.2178428302469978
exp1a_183,1,1,5,1.0,-0.037429674856308215
exp1a_183,0,1,5,-1.0,-0.037429674856308215
exp1a_183,0,1,5,-1.0,-0.25927842447266464
exp1a_183,1,1,5,-1.0,-0.25927842447266464
exp1a_183,1,1,5,-1.0,-0.037429674856308215
exp1a_183,0,0,4,0.0,-0.25927842447266464
exp1a_183,1,1,5,0.0,0.2178428302469978
exp1a_183,1,1,6,0.0,0.843383917424483
exp1a_183,0,1,5,-1.0,-0.7363996791923271
exp1a_183,1,1,4,-1.0,-0.7363996791923271
exp1a_183,0,1,4,0.0,-0.7363996791923271
exp1a_183,1,1,4,-1.0,0.2178428302469978
exp1a_183,0,0,6,1.0,0.843383917424483
exp1a_183,0,1,5,1.0,-0.25927842447266464
exp1a_183,1,1,5,1.0,-0.25927842447266464
exp1a_183,0,1,4,0.0,0.2178428302469978
exp1a_183,1,1,3,0.0,-0.7363996791923271
exp1a_183,1,1,4,1.0,0.2178428302469978
exp1a_183,0,0,6,0.0,0.843383917424483
exp1a_183,0,0,6,-1.0,0.843383917424483
exp1a_183,1,1,5,0.0,-0.037429674856308215
exp1a_183,1,0,4,1.0,-0.037429674856308215
exp1a_183,0,0,4,1.0,0.2178428302469978
exp1a_183,0,0,4,0.0,-0.037429674856308215
exp1a_183,1,1,6,1.0,0.843383917424483
exp1a_183,1,0,3,0.0,-0.25927842447266464
exp1a_183,1,1,4,1.0,-0.7363996791923271
exp1a_183,0,0,4,-1.0,0.2178428302469978
exp1a_183,0,0,4,1.0,-0.037429674856308215
exp1a_183,0,1,4,1.0,-0.7363996791923271
exp1a_183,1,1,6,-1.0,0.843383917424483
exp1a_183,0,0,4,1.0,-0.037429674856308215
exp1a_183,0,0,4,-1.0,0.2178428302469978
exp1a_183,0,1,3,0.0,-0.037429674856308215
exp1a_183,1,1,6,-1.0,0.2178428302469978
exp1a_183,0,1,4,0.0,-0.25927842447266464
exp1a_183,1,1,4,1.0,-0.25927842447266464
exp1a_183,0,0,4,0.0,0.2178428302469978
exp1a_183,1,1,4,-1.0,-0.037429674856308215
exp1a_183,0,0,4,1.0,0.2178428302469978
exp1a_183,1,1,5,0.0,-0.037429674856308215
exp1a_183,0,0,6,-1.0,0.843383917424483
exp1a_183,0,0,6,0.0,0.843383917424483
exp1a_183,1,1,4,-1.0,-0.25927842447266464
exp1a_183,1,1,3,0.0,-0.7363996791923271
exp1a_183,0,1,4,-1.0,-0.7363996791923271
exp1a_183,1,1,3,0.0,-0.25927842447266464
exp1a_183,0,1,4,-1.0,-0.037429674856308215
exp1a_183,0,1,4,1.0,-0.7363996791923271
exp1a_183,1,1,4,1.0,-0.037429674856308215
exp1a_183,1,1,4,0.0,0.2178428302469978
exp1a_183,0,0,6,1.0,0.843383917424483
exp1a_183,0,1,4,1.0,-0.25927842447266464
exp1a_183,1,1,4,1.0,0.2178428302469978
exp1a_183,0,1,4,0.0,-0.7363996791923271
exp1a_183,1,1,6,-1.0,0.843383917424483
exp1a_183,1,1,4,1.0,-0.7363996791923271
exp1a_183,1,1,4,-1.0,-0.7363996791923271
exp1a_183,1,1,6,1.0,0.843383917424483
exp1a_183,1,1,6,0.0,0.843383917424483
exp1a_183,0,1,4,-1.0,-0.25927842447266464
exp1a_184,0,0,3,-1.0,-0.7363996791923271
exp1a_184,1,0,4,1.0,-0.7363996791923271
exp1a_184,1,1,3,1.0,-0.25927842447266464
exp1a_184,0,0,6,-1.0,0.2178428302469978
exp1a_184,0,1,2,0.0,-0.7363996791923271
exp1a_184,1,1,5,0.0,-0.7363996791923271
exp1a_184,0,0,6,1.0,0.843383917424483
exp1a_184,0,1,4,0.0,-0.25927842447266464
exp1a_184,1,1,6,0.0,0.843383917424483
exp1a_184,1,0,2,0.0,-0.037429674856308215
exp1a_184,0,0,6,0.0,0.2178428302469978
exp1a_184,0,1,3,0.0,-0.037429674856308215
exp1a_184,0,1,4,-1.0,-0.25927842447266464
exp1a_184,1,0,3,0.0,0.2178428302469978
exp1a_184,0,0,4,1.0,0.2178428302469978
exp1a_184,1,1,3,1.0,-0.037429674856308215
exp1a_184,1,0,3,-1.0,-0.25927842447266464
exp1a_184,1,1,5,-1.0,0.2178428302469978
exp1a_184,0,0,6,0.0,0.843383917424483
exp1a_184,0,0,3,1.0,-0.25927842447266464
exp1a_184,1,1,4,-1.0,-0.037429674856308215
exp1a_184,1,0,3,0.0,-0.25927842447266464
exp1a_184,1,0,4,-1.0,-0.7363996791923271
exp1a_184,0,0,3,-1.0,-0.037429674856308215
exp1a_184,0,1,4,1.0,-0.7363996791923271
exp1a_184,1,1,6,1.0,0.843383917424483
exp1a_184,0,0,6,-1.0,0.843383917424483
exp1a_184,0,1,4,1.0,-0.037429674856308215
exp1a_184,1,1,6,-1.0,0.843383917424483
exp1a_184,1,1,6,1.0,0.2178428302469978
exp1a_184,1,0,3,-1.0,-0.7363996791923271
exp1a_184,0,0,5,-1.0,-0.25927842447266464
exp1a_184,0,0,5,0.0,0.843383917424483
exp1a_184,1,0,5,0.0,-0.7363996791923271
exp1a_184,0,0,4,1.0,0.2178428302469978
exp1a_184,1,1,3,0.0,0.2178428302469978
exp1a_184,0,0,4,0.0,-0.25927842447266464
exp1a_184,1,1,6,-1.0,0.843383917424483
exp1a_184,1,0,4,-1.0,0.2178428302469978
exp1a_184,0,0,3,0.0,0.2178428302469978
exp1a_184,0,0,4,0.0,-0.7363996791923271
exp1a_184,0,0,6,-1.0,0.843383917424483
exp1a_184,0,0,1,1.0,0.843383917424483
exp1a_184,1,0,4,1.0,-0.037429674856308215
exp1a_184,1,1,5,1.0,-0.7363996791923271
exp1a_184,1,0,4,-1.0,-0.037429674856308215
exp1a_184,1,1,6,0.0,0.843383917424483
exp1a_184,1,1,5,1.0,0.2178428302469978
exp1a_184,0,0,4,1.0,-0.7363996791923271
exp1a_184,1,0,3,-1.0,-0.25927842447266464
exp1a_184,0,0,5,1.0,-0.037429674856308215
exp1a_184,0,0,5,0.0,-0.037429674856308215
exp1a_184,1,1,4,0.0,-0.037429674856308215
exp1a_184,1,1,6,1.0,0.843383917424483
exp1a_184,0,0,4,-1.0,0.2178428302469978
exp1a_184,0,0,4,-1.0,-0.7363996791923271
exp1a_184,0,0,6,1.0,-0.25927842447266464
exp1a_184,0,0,4,-1.0,-0.037429674856308215
exp1a_184,1,1,4,1.0,-0.25927842447266464
exp1a_184,1,1,4,0.0,0.2178428302469978
exp1a_184,0,0,6,1.0,-0.037429674856308215
exp1a_184,0,1,4,-1.0,-0.25927842447266464
exp1a_184,1,1,5,-1.0,-0.25927842447266464
exp1a_184,0,0,6,0.0,0.843383917424483
exp1a_184,1,0,5,1.0,-0.037429674856308215
exp1a_184,1,0,4,-1.0,-0.7363996791923271
exp1a_184,1,0,4,1.0,-0.7363996791923271
exp1a_184,0,1,4,1.0,-0.7363996791923271
exp1a_184,1,1,3,-1.0,0.2178428302469978
exp1a_184,0,1,4,1.0,0.2178428302469978
exp1a_184,1,1,5,1.0,0.2178428302469978
exp1a_184,1,0,4,0.0,-0.037429674856308215
exp1a_184,0,0,6,1.0,0.843383917424483
exp1a_184,1,1,6,-1.0,0.843383917424483
exp1a_184,0,0,3,-1.0,0.2178428302469978
exp1a_184,0,1,3,0.0,-0.25927842447266464
exp1a_184,1,0,5,0.0,-0.25927842447266464
exp1a_184,0,1,4,-1.0,-0.037429674856308215
exp1a_184,0,1,4,-1.0,-0.7363996791923271
exp1a_184,0,0,5,0.0,-0.037429674856308215
exp1a_184,1,1,6,1.0,0.843383917424483
exp1a_184,0,0,6,-1.0,0.843383917424483
exp1a_184,1,1,6,1.0,-0.25927842447266464
exp1a_184,0,1,4,1.0,-0.25927842447266464
exp1a_184,1,1,4,0.0,0.843383917424483
exp1a_184,1,1,4,-1.0,-0.037429674856308215
exp1a_184,0,0,4,-1.0,-0.25927842447266464
exp1a_184,1,1,6,-1.0,0.2178428302469978
exp1a_184,0,0,6,0.0,0.2178428302469978
exp1a_184,1,1,4,0.0,0.2178428302469978
exp1a_184,1,1,5,0.0,0.843383917424483
exp1a_184,1,1,5,-1.0,-0.037429674856308215
exp1a_184,1,1,6,1.0,0.843383917424483
exp1a_184,1,1,6,-1.0,0.843383917424483
exp1a_184,0,0,6,-1.0,0.2178428302469978
exp1a_184,1,0,4,-1.0,-0.7363996791923271
exp1a_184,0,0,6,1.0,0.2178428302469978
exp1a_184,0,0,5,0.0,-0.25927842447266464
exp1a_184,1,1,6,1.0,0.2178428302469978
exp1a_184,0,0,5,0.0,-0.037429674856308215
exp1a_184,0,0,4,1.0,-0.25927842447266464
exp1a_184,0,0,5,0.0,-0.7363996791923271
exp1a_184,1,0,4,0.0,-0.25927842447266464
exp1a_184,0,0,4,1.0,-0.037429674856308215
exp1a_184,0,0,6,1.0,-0.7363996791923271
exp1a_184,1,0,5,1.0,-0.25927842447266464
exp1a_184,0,0,6,1.0,0.843383917424483
exp1a_184,1,0,4,1.0,-0.037429674856308215
exp1a_184,1,1,5,1.0,-0.7363996791923271
exp1a_184,0,0,6,0.0,0.843383917424483
exp1a_184,0,1,4,-1.0,-0.037429674856308215
exp1a_184,1,0,4,0.0,-0.037429674856308215
exp1a_184,1,1,4,-1.0,-0.25927842447266464
exp1a_184,0,0,6,-1.0,0.843383917424483
exp1a_184,0,0,6,-1.0,-0.7363996791923271
exp1a_184,1,0,4,0.0,-0.7363996791923271
exp1a_184,1,1,6,1.0,0.2178428302469978
exp1a_184,1,0,5,0.0,-0.25927842447266464
exp1a_184,1,0,4,-1.0,-0.25927842447266464
exp1a_184,1,1,5,0.0,0.2178428302469978
exp1a_184,0,1,4,-1.0,0.2178428302469978
exp1a_184,1,1,5,1.0,-0.25927842447266464
exp1a_184,1,1,6,0.0,-0.037429674856308215
exp1a_184,1,1,6,0.0,0.843383917424483
exp1a_184,1,0,4,-1.0,-0.037429674856308215
exp1a_184,1,1,5,0.0,-0.7363996791923271
exp1a_184,0,1,4,0.0,-0.7363996791923271
exp1a_184,0,0,5,1.0,0.2178428302469978
exp1a_184,0,0,6,1.0,0.843383917424483
exp1a_184,1,1,6,1.0,-0.037429674856308215
exp1a_184,0,0,6,0.0,0.843383917424483
exp1a_184,0,0,6,1.0,-0.25927842447266464
exp1a_184,0,1,6,0.0,-0.037429674856308215
exp1a_184,1,0,4,-1.0,0.2178428302469978
exp1a_184,0,1,3,-1.0,-0.25927842447266464
exp1a_184,1,1,5,-1.0,-0.7363996791923271
exp1a_184,1,1,6,-1.0,0.843383917424483
exp1a_184,0,0,5,-1.0,-0.037429674856308215
exp1a_184,0,1,3,-1.0,-0.7363996791923271
exp1a_184,0,0,6,-1.0,0.843383917424483
exp1a_184,1,1,6,1.0,0.843383917424483
exp1a_184,1,0,6,1.0,-0.7363996791923271
exp1a_184,0,0,5,1.0,-0.7363996791923271
exp1a_184,0,1,5,0.0,-0.25927842447266464
exp1a_184,0,1,4,0.0,-0.25927842447266464
exp1a_184,0,0,4,1.0,-0.7363996791923271
exp1a_184,1,1,4,0.0,-0.037429674856308215
exp1a_184,1,0,3,1.0,-0.037429674856308215
exp1a_184,1,1,4,1.0,0.2178428302469978
exp1a_184,1,1,6,1.0,0.843383917424483
exp1a_184,0,0,2,1.0,-0.25927842447266464
exp1a_184,1,1,2,0.0,-0.7363996791923271
exp1a_184,0,0,3,0.0,-0.7363996791923271
exp1a_184,1,0,5,-1.0,-0.25927842447266464
exp1a_184,1,1,6,-1.0,0.843383917424483
exp1a_184,0,0,6,0.0,-0.037429674856308215
exp1a_184,0,0,6,-1.0,0.843383917424483
exp1a_184,0,0,4,-1.0,-0.25927842447266464
exp1a_184,1,0,3,-1.0,0.2178428302469978
exp1a_184,1,1,4,-1.0,-0.7363996791923271
exp1a_184,1,0,4,0.0,0.2178428302469978
exp1a_184,1,0,4,0.0,-0.25927842447266464
exp1a_184,0,0,6,0.0,0.843383917424483
exp1a_184,1,0,6,1.0,-0.7363996791923271
exp1a_184,0,0,6,0.0,0.2178428302469978
exp1a_184,0,0,6,1.0,-0.037429674856308215
exp1a_184,1,1,6,0.0,0.843383917424483
exp1a_184,1,0,5,1.0,-0.25927842447266464
exp1a_184,0,0,6,1.0,0.2178428302469978
exp1a_184,0,0,6,-1.0,0.2178428302469978
exp1a_184,0,0,3,-1.0,-0.7363996791923271
exp1a_184,0,0,6,1.0,0.843383917424483
exp1a_184,0,0,6,-1.0,-0.037429674856308215
exp1a_184,1,0,3,-1.0,-0.7363996791923271
exp1a_184,0,0,6,1.0,-0.037429674856308215
exp1a_184,0,0,4,-1.0,-0.25927842447266464
exp1a_184,1,1,6,-1.0,0.843383917424483
exp1a_184,0,0,6,0.0,0.2178428302469978
exp1a_184,0,0,4,1.0,-0.25927842447266464
exp1a_184,1,0,4,0.0,0.2178428302469978
exp1a_184,0,0,5,0.0,-0.7363996791923271
exp1a_184,1,0,3,-1.0,-0.25927842447266464
exp1a_184,0,0,6,-1.0,0.2178428302469978
exp1a_184,1,1,5,1.0,-0.7363996791923271
exp1a_184,0,0,4,0.0,-0.25927842447266464
exp1a_184,0,0,6,0.0,0.843383917424483
exp1a_184,1,1,6,1.0,-0.25927842447266464
exp1a_184,1,1,6,1.0,0.843383917424483
exp1a_184,1,0,4,1.0,0.2178428302469978
exp1a_184,1,1,6,0.0,0.843383917424483
exp1a_184,0,0,4,0.0,-0.037429674856308215
exp1a_184,1,0,3,1.0,-0.037429674856308215
exp1a_184,1,1,2,-1.0,-0.037429674856308215
exp1a_184,0,0,2,1.0,-0.7363996791923271
exp1a_184,1,1,6,-1.0,0.2178428302469978
exp1a_184,1,0,3,0.0,-0.7363996791923271
exp1a_184,0,0,6,-1.0,0.843383917424483
exp1a_184,1,0,6,0.0,-0.25927842447266464
exp1a_184,0,0,6,1.0,0.2178428302469978
exp1a_184,0,0,6,1.0,0.843383917424483
exp1a_184,0,0,6,-1.0,-0.037429674856308215
exp1a_184,1,1,6,0.0,0.843383917424483
exp1a_184,0,0,6,-1.0,0.2178428302469978
exp1a_184,1,1,5,0.0,-0.037429674856308215
exp1a_184,0,0,4,1.0,-0.7363996791923271
exp1a_184,1,1,5,-1.0,0.2178428302469978
exp1a_184,1,0,5,1.0,-0.7363996791923271
exp1a_184,0,0,2,0.0,-0.7363996791923271
exp1a_184,1,1,3,-1.0,-0.037429674856308215
exp1a_184,1,1,6,1.0,0.843383917424483
exp1a_184,0,0,3,-1.0,-0.25927842447266464
exp1a_184,1,1,6,1.0,0.2178428302469978
exp1a_184,1,0,3,1.0,-0.037429674856308215
exp1a_184,1,1,4,0.0,-0.25927842447266464
exp1a_184,0,0,6,-1.0,0.843383917424483
exp1a_184,0,0,4,0.0,0.2178428302469978
exp1a_184,0,0,6,0.0,0.843383917424483
exp1a_184,0,0,6,1.0,0.2178428302469978
exp1a_184,0,0,6,0.0,-0.037429674856308215
exp1a_184,0,0,5,1.0,-0.25927842447266464
exp1a_184,0,0,6,1.0,0.843383917424483
exp1a_184,0,0,5,-1.0,-0.7363996791923271
exp1a_184,0,0,5,0.0,-0.25927842447266464
exp1a_184,1,1,5,0.0,-0.7363996791923271
exp1a_184,0,0,5,1.0,-0.037429674856308215
exp1a_184,1,0,4,1.0,-0.25927842447266464
exp1a_184,1,1,6,-1.0,0.843383917424483
exp1a_184,1,0,4,-1.0,-0.25927842447266464
exp1a_184,0,0,4,-1.0,-0.037429674856308215
exp1a_184,1,1,4,-1.0,-0.7363996791923271
exp1a_184,1,0,4,0.0,0.2178428302469978
exp1a_185,1,1,5,-1.0,-0.037429674856308215
exp1a_185,0,0,3,-1.0,-0.25927842447266464
exp1a_185,1,1,6,-1.0,0.2178428302469978
exp1a_185,0,1,4,0.0,-0.25927842447266464
exp1a_185,1,1,6,1.0,-0.037429674856308215
exp1a_185,1,0,4,0.0,-0.037429674856308215
exp1a_185,0,1,4,1.0,-0.037429674856308215
exp1a_185,0,0,6,0.0,0.843383917424483
exp1a_185,1,1,6,1.0,-0.7363996791923271
exp1a_185,0,1,3,-1.0,-0.037429674856308215
exp1a_185,1,0,6,1.0,-0.25927842447266464
exp1a_185,0,0,6,1.0,0.2178428302469978
exp1a_185,0,0,6,0.0,0.2178428302469978
exp1a_185,1,0,4,0.0,-0.25927842447266464
exp1a_185,0,0,5,1.0,-0.7363996791923271
exp1a_185,1,1,6,-1.0,0.843383917424483
exp1a_185,0,0,6,1.0,-0.25927842447266464
exp1a_185,0,0,5,0.0,-0.7363996791923271
exp1a_185,1,0,4,0.0,-0.7363996791923271
exp1a_185,0,0,5,-1.0,-0.7363996791923271
exp1a_185,0,1,5,0.0,-0.037429674856308215
exp1a_185,0,0,6,1.0,0.843383917424483
exp1a_185,1,1,6,1.0,0.843383917424483
exp1a_185,1,1,4,-1.0,-0.7363996791923271
exp1a_185,1,1,6,0.0,0.843383917424483
exp1a_185,0,0,6,-1.0,0.843383917424483
exp1a_185,1,1,6,1.0,0.2178428302469978
exp1a_185,0,0,6,-1.0,0.2178428302469978
exp1a_185,1,1,6,0.0,0.2178428302469978
exp1a_185,1,1,3,-1.0,-0.25927842447266464
exp1a_185,0,0,6,1.0,-0.25927842447266464
exp1a_185,0,0,6,0.0,0.843383917424483
exp1a_185,1,1,6,-1.0,0.843383917424483
exp1a_185,0,0,6,1.0,-0.037429674856308215
exp1a_185,1,1,6,0.0,0.843383917424483
exp1a_185,0,0,6,1.0,0.843383917424483
exp1a_185,1,1,6,1.0,-0.037429674856308215
exp1a_185,0,0,3,-1.0,-0.25927842447266464
exp1a_185,0,0,3,0.0,-0.25927842447266464
exp1a_185,0,0,6,-1.0,0.843383917424483
exp1a_185,0,0,5,0.0,-0.037429674856308215
exp1a_185,0,0,2,0.0,-0.7363996791923271
exp1a_185,1,0,3,1.0,-0.7363996791923271
exp1a_185,1,1,1,-1.0,-0.7363996791923271
exp1a_185,1,1,2,0.0,-0.25927842447266464
exp1a_185,0,0,3,-1.0,0.2178428302469978
exp1a_185,0,0,1,-1.0,-0.037429674856308215
exp1a_185,0,0,4,1.0,-0.7363996791923271
exp1a_185,1,1,6,1.0,0.843383917424483
exp1a_185,1,1,6,1.0,0.2178428302469978
exp1a_185,0,1,3,-1.0,-0.7363996791923271
exp1a_185,0,0,5,1.0,0.2178428302469978
exp1a_185,1,1,3,0.0,-0.037429674856308215
exp1a_185,1,1,2,-1.0,-0.037429674856308215
exp1a_185,1,1,4,0.0,0.2178428302469978
exp1a_185,1,1,1,0.0,-0.7363996791923271
exp1a_185,1,1,5,-1.0,0.2178428302469978
exp1a_185,1,1,3,-1.0,-0.25927842447266464
exp1a_185,0,0,5,0.0,0.2178428302469978
exp1a_185,1,1,4,1.0,-0.25927842447266464
exp1a_185,0,0,1,-1.0,-0.25927842447266464
exp1a_185,1,1,3,-1.0,-0.25927842447266464
exp1a_185,1,1,2,-1.0,0.2178428302469978
exp1a_185,0,1,1,0.0,-0.25927842447266464
exp1a_185,1,1,6,0.0,0.843383917424483
exp1a_185,1,1,4,0.0,-0.037429674856308215
exp1a_185,1,0,1,-1.0,-0.7363996791923271
exp1a_185,0,0,5,-1.0,0.2178428302469978
exp1a_185,1,0,3,0.0,-0.7363996791923271
exp1a_185,0,0,1,-1.0,-0.7363996791923271
exp1a_185,0,0,6,0.0,0.843383917424483
exp1a_185,0,0,2,-1.0,-0.037429674856308215
exp1a_185,0,0,6,-1.0,0.843383917424483
exp1a_185,0,0,4,1.0,-0.037429674856308215
exp1a_185,1,0,6,1.0,-0.037429674856308215
exp1a_185,0,0,5,1.0,0.2178428302469978
exp1a_185,0,0,3,0.0,-0.7363996791923271
exp1a_185,0,0,6,1.0,0.843383917424483
exp1a_185,1,1,5,1.0,0.2178428302469978
exp1a_185,1,0,3,0.0,0.2178428302469978
exp1a_185,1,1,1,-1.0,-0.037429674856308215
exp1a_185,1,0,2,1.0,-0.7363996791923271
exp1a_185,1,1,5,-1.0,0.843383917424483
exp1a_185,0,0,6,1.0,-0.25927842447266464
exp1a_185,1,1,6,1.0,0.843383917424483
exp1a_185,0,0,4,0.0,0.2178428302469978
exp1a_185,1,0,4,1.0,-0.25927842447266464
exp1a_185,0,0,5,0.0,-0.037429674856308215
exp1a_185,0,0,5,1.0,-0.7363996791923271
exp1a_185,1,0,5,0.0,-0.25927842447266464
exp1a_185,0,0,6,0.0,0.843383917424483
exp1a_185,0,0,6,1.0,-0.037429674856308215
exp1a_185,1,0,5,0.0,-0.7363996791923271
exp1a_185,0,0,6,-1.0,-0.037429674856308215
exp1a_185,0,0,5,-1.0,-0.25927842447266464
exp1a_185,1,1,5,-1.0,-0.037429674856308215
exp1a_185,0,0,6,1.0,0.2178428302469978
exp1a_185,1,0,3,0.0,-0.037429674856308215
exp1a_185,0,0,6,-1.0,0.843383917424483
exp1a_185,0,0,6,1.0,-0.25927842447266464
exp1a_185,0,0,5,1.0,-0.7363996791923271
exp1a_185,1,0,4,1.0,-0.7363996791923271
exp1a_185,0,0,3,0.0,-0.25927842447266464
exp1a_185,0,0,6,1.0,0.843383917424483
exp1a_185,1,0,3,-1.0,-0.25927842447266464
exp1a_185,1,0,5,1.0,-0.037429674856308215
exp1a_185,1,0,3,0.0,-0.25927842447266464
exp1a_185,0,0,3,-1.0,-0.7363996791923271
exp1a_185,1,1,1,0.0,0.2178428302469978
exp1a_185,1,1,6,1.0,0.843383917424483
exp1a_185,0,0,3,0.0,-0.037429674856308215
exp1a_185,0,0,3,-1.0,0.2178428302469978
exp1a_185,1,1,1,-1.0,0.2178428302469978
exp1a_185,0,0,2,0.0,0.2178428302469978
exp1a_185,1,1,3,1.0,0.2178428302469978
exp1a_185,1,0,2,-1.0,-0.7363996791923271
exp1a_185,1,1,6,0.0,0.843383917424483
exp1a_185,1,1,4,1.0,-0.25927842447266464
exp1a_185,1,1,6,-1.0,0.843383917424483
exp1a_185,0,1,4,0.0,-0.7363996791923271
exp1a_185,1,1,5,-1.0,-0.25927842447266464
exp1a_185,1,1,6,-1.0,0.843383917424483
exp1a_185,1,1,3,0.0,0.2178428302469978
exp1a_185,0,1,5,0.0,-0.037429674856308215
exp1a_185,1,1,1,-1.0,-0.7363996791923271
exp1a_185,0,0,4,1.0,-0.037429674856308215
exp1a_185,0,1,2,0.0,-0.7363996791923271
exp1a_185,1,1,6,0.0,0.843383917424483
exp1a_185,1,1,6,1.0,0.843383917424483
exp1a_185,0,0,5,-1.0,-0.037429674856308215
exp1a_185,1,1,6,0.0,-0.037429674856308215
exp1a_185,0,0,5,0.0,-0.25927842447266464
exp1a_185,1,1,6,1.0,0.2178428302469978
exp1a_185,1,1,6,-1.0,-0.037429674856308215
exp1a_185,0,0,4,1.0,-0.7363996791923271
exp1a_185,0,0,2,-1.0,-0.7363996791923271
exp1a_185,0,0,6,1.0,0.843383917424483
exp1a_185,0,0,5,1.0,0.2178428302469978
exp1a_185,0,0,6,-1.0,0.843383917424483
exp1a_185,0,0,6,-1.0,0.2178428302469978
exp1a_185,0,0,5,1.0,-0.25927842447266464
exp1a_185,1,0,5,1.0,-0.037429674856308215
exp1a_185,1,1,4,1.0,-0.7363996791923271
exp1a_185,0,0,5,-1.0,-0.25927842447266464
exp1a_185,1,0,4,1.0,-0.25927842447266464
exp1a_185,0,0,6,0.0,0.2178428302469978
exp1a_185,1,0,3,-1.0,0.2178428302469978
exp1a_185,1,1,2,0.0,-0.25927842447266464
exp1a_185,1,0,3,0.0,-0.7363996791923271
exp1a_185,1,0,3,0.0,-0.7363996791923271
exp1a_185,1,0,2,-1.0,0.2178428302469978
exp1a_185,1,0,1,-1.0,-0.25927842447266464
exp1a_185,0,0,4,-1.0,-0.037429674856308215
exp1a_185,1,0,2,-1.0,-0.7363996791923271
exp1a_185,1,1,6,1.0,0.843383917424483
exp1a_185,0,0,5,1.0,-0.25927842447266464
exp1a_185,0,0,5,0.0,-0.037429674856308215
exp1a_185,1,1,5,1.0,-0.7363996791923271
exp1a_185,1,1,6,1.0,-0.037429674856308215
exp1a_185,0,1,4,-1.0,-0.7363996791923271
exp1a_185,1,1,3,0.0,-0.25927842447266464
exp1a_185,0,0,6,1.0,0.843383917424483
exp1a_185,0,0,6,1.0,0.2178428302469978
exp1a_185,0,0,6,1.0,-0.037429674856308215
exp1a_185,0,1,3,1.0,-0.7363996791923271
exp1a_185,1,1,6,0.0,0.843383917424483
exp1a_185,0,0,4,-1.0,-0.25927842447266464
exp1a_185,0,0,6,0.0,0.843383917424483
exp1a_185,1,1,6,-1.0,0.843383917424483
exp1a_185,1,1,6,0.0,0.2178428302469978
exp1a_185,0,0,6,-1.0,0.843383917424483
exp1a_185,0,1,5,0.0,-0.25927842447266464
exp1a_185,1,1,6,1.0,-0.25927842447266464
exp1a_185,0,0,3,0.0,0.2178428302469978
exp1a_185,1,1,5,1.0,0.2178428302469978
exp1a_185,0,0,3,-1.0,0.2178428302469978
exp1a_185,1,1,5,0.0,-0.037429674856308215
exp1a_185,0,1,2,0.0,-0.7363996791923271
exp1a_185,1,1,6,-1.0,-0.037429674856308215
exp1a_185,1,1,6,-1.0,0.843383917424483
exp1a_185,1,1,2,0.0,-0.7363996791923271
exp1a_185,0,0,5,-1.0,0.2178428302469978
exp1a_185,1,1,6,0.0,0.843383917424483
exp1a_185,0,0,6,-1.0,0.843383917424483
exp1a_185,0,1,5,0.0,0.2178428302469978
exp1a_185,1,1,6,-1.0,-0.7363996791923271
exp1a_185,1,1,6,1.0,-0.25927842447266464
exp1a_185,1,1,6,-1.0,0.2178428302469978
exp1a_185,0,1,3,0.0,-0.037429674856308215
exp1a_185,1,1,5,1.0,-0.037429674856308215
exp1a_185,0,1,5,1.0,-0.037429674856308215
exp1a_185,1,1,6,-1.0,-0.25927842447266464
exp1a_185,1,1,5,-1.0,-0.037429674856308215
exp1a_185,1,1,6,1.0,0.2178428302469978
exp1a_185,0,0,6,0.0,0.843383917424483
exp1a_185,0,1,6,1.0,-0.7363996791923271
exp1a_185,0,1,5,-1.0,-0.037429674856308215
exp1a_185,1,1,4,0.0,-0.037429674856308215
exp1a_185,1,1,6,1.0,0.843383917424483
exp1a_185,0,1,6,0.0,-0.7363996791923271
exp1a_185,1,1,4,1.0,-0.7363996791923271
exp1a_185,0,1,6,1.0,0.2178428302469978
exp1a_185,0,1,4,-1.0,-0.7363996791923271
exp1a_185,0,0,6,1.0,0.843383917424483
exp1a_185,0,1,6,1.0,-0.25927842447266464
exp1a_185,0,1,4,-1.0,-0.25927842447266464
exp1a_185,1,1,6,0.0,0.2178428302469978
exp1a_185,0,1,4,0.0,-0.25927842447266464
exp1a_185,1,1,6,0.0,-0.25927842447266464
exp1a_185,1,1,6,0.0,-0.25927842447266464
exp1a_185,0,1,5,-1.0,-0.7363996791923271
exp1a_185,1,1,6,1.0,-0.037429674856308215
exp1a_185,0,1,5,0.0,-0.037429674856308215
exp1a_185,1,1,2,0.0,-0.037429674856308215
exp1a_185,1,1,6,1.0,0.2178428302469978
exp1a_185,0,1,6,0.0,-0.25927842447266464
exp1a_185,0,0,6,1.0,0.843383917424483
exp1a_185,1,1,6,-1.0,0.843383917424483
exp1a_185,1,1,5,0.0,0.2178428302469978
exp1a_185,0,1,6,1.0,-0.25927842447266464
exp1a_185,1,1,6,1.0,0.843383917424483
exp1a_185,0,1,5,-1.0,-0.037429674856308215
exp1a_185,1,1,6,1.0,-0.25927842447266464
exp1a_185,0,1,5,1.0,-0.7363996791923271
exp1a_185,1,1,5,-1.0,0.2178428302469978
exp1a_185,0,1,3,-1.0,0.2178428302469978
exp1a_185,1,1,2,-1.0,-0.037429674856308215
exp1a_185,0,0,6,0.0,0.843383917424483
exp1a_185,0,1,6,0.0,-0.7363996791923271
exp1a_185,0,1,4,-1.0,-0.25927842447266464
exp1a_185,1,1,5,1.0,-0.7363996791923271
exp1a_185,1,1,6,0.0,0.843383917424483
exp1a_185,0,0,6,-1.0,0.843383917424483
exp1a_185,1,1,5,-1.0,-0.7363996791923271
exp1a_185,0,0,1,0.0,0.2178428302469978
exp1a_185,1,1,3,0.0,-0.7363996791923271
exp1a_185,0,1,4,1.0,-0.037429674856308215
exp1a_185,0,1,5,1.0,0.2178428302469978
exp1a_185,1,1,2,-1.0,-0.25927842447266464
exp1a_186,0,1,4,0.0,0.2178428302469978
exp1a_186,1,0,5,0.0,-0.037429674856308215
exp1a_186,1,0,5,1.0,-0.037429674856308215
exp1a_186,1,0,5,0.0,-0.25927842447266464
exp1a_186,1,0,3,-1.0,0.843383917424483
exp1a_186,1,0,4,-1.0,-0.25927842447266464
exp1a_186,0,0,5,1.0,-0.037429674856308215
exp1a_186,0,0,4,0.0,-0.7363996791923271
exp1a_186,1,0,4,0.0,-0.7363996791923271
exp1a_186,1,1,4,0.0,0.843383917424483
exp1a_186,0,1,4,1.0,0.2178428302469978
exp1a_186,0,1,5,1.0,-0.25927842447266464
exp1a_186,0,1,4,-1.0,-0.037429674856308215
exp1a_186,0,0,4,0.0,-0.037429674856308215
exp1a_186,1,0,5,1.0,-0.25927842447266464
exp1a_186,1,0,4,-1.0,-0.7363996791923271
exp1a_186,0,0,4,0.0,-0.25927842447266464
exp1a_186,0,0,5,1.0,0.843383917424483
exp1a_186,1,0,5,1.0,0.843383917424483
exp1a_186,0,1,4,-1.0,-0.25927842447266464
exp1a_186,1,0,4,0.0,0.2178428302469978
exp1a_186,0,0,4,-1.0,0.2178428302469978
exp1a_186,0,0,4,-1.0,0.843383917424483
exp1a_186,0,0,5,1.0,-0.7363996791923271
exp1a_186,1,1,5,1.0,0.2178428302469978
exp1a_186,1,0,6,1.0,-0.7363996791923271
exp1a_186,1,0,4,-1.0,-0.037429674856308215
exp1a_186,0,1,4,-1.0,-0.7363996791923271
exp1a_186,0,0,4,0.0,0.843383917424483
exp1a_186,1,1,4,-1.0,0.2178428302469978
exp1a_186,1,0,6,1.0,-0.7363996791923271
exp1a_186,1,1,4,0.0,0.843383917424483
exp1a_186,1,0,6,1.0,0.2178428302469978
exp1a_186,1,1,5,1.0,-0.037429674856308215
exp1a_186,0,1,4,0.0,-0.037429674856308215
exp1a_186,1,0,3,-1.0,0.843383917424483
exp1a_186,1,0,4,1.0,0.843383917424483
exp1a_186,1,0,4,0.0,-0.037429674856308215
exp1a_186,0,0,5,1.0,0.2178428302469978
exp1a_186,1,1,4,0.0,0.2178428302469978
exp1a_186,1,0,4,-1.0,-0.7363996791923271
exp1a_186,0,1,4,-1.0,-0.7363996791923271
exp1a_186,0,0,6,1.0,0.843383917424483
exp1a_186,0,0,5,0.0,0.2178428302469978
exp1a_186,1,1,4,-1.0,-0.037429674856308215
exp1a_186,0,1,4,-1.0,0.2178428302469978
exp1a_186,0,1,5,0.0,-0.25927842447266464
exp1a_186,1,1,5,0.0,-0.7363996791923271
exp1a_186,1,1,4,-1.0,-0.25927842447266464
exp1a_186,0,1,4,-1.0,-0.25927842447266464
exp1a_186,0,0,3,-1.0,-0.037429674856308215
exp1a_186,0,0,5,1.0,-0.7363996791923271
exp1a_186,1,1,5,1.0,-0.25927842447266464
exp1a_186,0,0,5,0.0,0.843383917424483
exp1a_186,1,0,5,0.0,-0.25927842447266464
exp1a_186,0,0,6,1.0,-0.037429674856308215
exp1a_186,0,0,3,-1.0,0.843383917424483
exp1a_186,0,0,4,0.0,-0.7363996791923271
exp1a_186,1,1,4,-1.0,0.2178428302469978
exp1a_186,0,0,6,1.0,-0.25927842447266464
exp1a_186,1,0,5,1.0,-0.25927842447266464
exp1a_186,1,0,4,-1.0,-0.7363996791923271
exp1a_186,0,0,6,1.0,0.843383917424483
exp1a_186,1,0,3,-1.0,0.2178428302469978
exp1a_186,0,0,6,1.0,-0.7363996791923271
exp1a_186,1,1,4,0.0,-0.7363996791923271
exp1a_186,1,0,3,-1.0,-0.037429674856308215
exp1a_186,1,0,5,1.0,-0.037429674856308215
exp1a_186,0,0,5,1.0,-0.25927842447266464
exp1a_186,0,0,5,0.0,-0.037429674856308215
exp1a_186,0,1,4,0.0,0.2178428302469978
exp1a_186,1,1,3,-1.0,0.843383917424483
exp1a_186,1,0,5,1.0,-0.7363996791923271
exp1a_186,0,0,4,-1.0,0.843383917424483
exp1a_186,0,1,4,-1.0,-0.25927842447266464
exp1a_186,1,1,6,1.0,0.843383917424483
exp1a_186,0,0,5,0.0,-0.7363996791923271
exp1a_186,0,1,4,0.0,0.843383917424483
exp1a_186,1,1,4,0.0,-0.037429674856308215
exp1a_186,0,0,3,-1.0,0.2178428302469978
exp1a_186,0,0,3,-1.0,-0.7363996791923271
exp1a_186,1,1,4,-1.0,-0.25927842447266464
exp1a_186,0,0,5,0.0,-0.25927842447266464
exp1a_186,0,1,6,1.0,-0.037429674856308215
exp1a_186,1,0,6,1.0,0.2178428302469978
exp1a_186,1,1,4,0.0,-0.25927842447266464
exp1a_186,1,0,4,0.0,0.2178428302469978
exp1a_186,0,0,6,1.0,0.2178428302469978
exp1a_186,1,0,4,0.0,0.843383917424483
exp1a_186,0,1,3,-1.0,-0.037429674856308215
exp1a_186,1,0,5,1.0,-0.037429674856308215
exp1a_186,0,1,6,1.0,0.843383917424483
exp1a_186,1,1,5,1.0,-0.25927842447266464
exp1a_186,1,0,4,0.0,-0.037429674856308215
exp1a_186,1,0,4,0.0,0.2178428302469978
exp1a_186,1,0,3,-1.0,0.843383917424483
exp1a_186,0,1,6,1.0,-0.037429674856308215
exp1a_186,0,0,4,-1.0,0.2178428302469978
exp1a_186,1,1,4,-1.0,0.2178428302469978
exp1a_186,1,0,4,0.0,0.843383917424483
exp1a_186,0,0,4,-1.0,-0.7363996791923271
exp1a_186,0,1,3,-1.0,-0.25927842447266464
exp1a_186,1,0,3,-1.0,-0.7363996791923271
exp1a_186,0,0,5,0.0,0.843383917424483
exp1a_186,1,1,5,1.0,-0.7363996791923271
exp1a_186,0,0,4,-1.0,-0.037429674856308215
exp1a_186,0,0,5,0.0,-0.25927842447266464
exp1a_186,1,1,4,0.0,-0.7363996791923271
exp1a_186,1,1,4,-1.0,-0.037429674856308215
exp1a_186,0,0,4,0.0,0.2178428302469978
exp1a_186,0,1,3,-1.0,0.843383917424483
exp1a_186,1,0,5,1.0,0.843383917424483
exp1a_186,1,0,4,-1.0,-0.25927842447266464
exp1a_186,0,1,5,1.0,-0.7363996791923271
exp1a_186,0,0,4,0.0,-0.037429674856308215
exp1a_186,0,0,5,1.0,-0.25927842447266464
exp1a_186,1,0,5,1.0,0.2178428302469978
exp1a_186,0,0,5,1.0,0.2178428302469978
exp1a_186,0,0,4,0.0,-0.7363996791923271
exp1a_186,1,1,4,0.0,-0.25927842447266464
exp1a_186,0,1,3,-1.0,-0.25927842447266464
exp1a_186,1,0,4,0.0,-0.7363996791923271
exp1a_186,1,1,5,1.0,-0.7363996791923271
exp1a_186,0,1,4,-1.0,-0.7363996791923271
exp1a_186,1,0,5,1.0,0.2178428302469978
exp1a_186,1,0,4,-1.0,0.2178428302469978
exp1a_186,0,0,4,-1.0,-0.037429674856308215
exp1a_186,1,1,5,0.0,0.843383917424483
exp1a_186,1,1,4,-1.0,-0.25927842447266464
exp1a_186,0,0,6,1.0,-0.7363996791923271
exp1a_186,1,1,5,1.0,-0.25927842447266464
exp1a_186,0,0,4,0.0,-0.25927842447266464
exp1a_186,1,1,4,-1.0,0.843383917424483
exp1a_186,0,0,4,0.0,-0.037429674856308215
exp1a_186,1,0,4,-1.0,-0.037429674856308215
exp1a_186,1,1,5,1.0,-0.037429674856308215
exp1a_186,1,1,3,0.0,0.2178428302469978
exp1a_186,1,0,4,0.0,-0.037429674856308215
exp1a_186,1,1,3,-1.0,-0.7363996791923271
exp1a_186,0,0,3,-1.0,0.2178428302469978
exp1a_186,0,0,5,1.0,-0.25927842447266464
exp1a_186,1,1,4,1.0,0.843383917424483
exp1a_186,0,0,5,1.0,0.2178428302469978
exp1a_186,0,1,4,0.0,-0.7363996791923271
exp1a_186,0,0,6,1.0,0.843383917424483
exp1a_186,0,0,6,1.0,-0.037429674856308215
exp1a_186,1,0,5,1.0,-0.25927842447266464
exp1a_186,1,0,4,0.0,0.843383917424483
exp1a_186,0,1,3,-1.0,-0.7363996791923271
exp1a_186,1,0,5,1.0,0.2178428302469978
exp1a_186,0,0,3,-1.0,-0.25927842447266464
exp1a_186,1,1,3,-1.0,-0.25927842447266464
exp1a_186,1,0,4,0.0,0.2178428302469978
exp1a_186,0,0,6,1.0,0.843383917424483
exp1a_186,1,0,5,1.0,0.843383917424483
exp1a_186,0,0,6,1.0,-0.25927842447266464
exp1a_186,1,1,6,1.0,-0.7363996791923271
exp1a_186,0,1,4,1.0,-0.037429674856308215
exp1a_186,0,1,3,-1.0,0.2178428302469978
exp1a_186,0,0,4,-1.0,0.843383917424483
exp1a_186,0,1,4,0.0,-0.7363996791923271
exp1a_186,1,0,4,0.0,-0.7363996791923271
exp1a_186,1,0,3,-1.0,-0.7363996791923271
exp1a_186,0,1,4,0.0,0.843383917424483
exp1a_186,0,0,5,1.0,0.2178428302469978
exp1a_186,0,0,5,0.0,0.2178428302469978
exp1a_186,1,0,3,-1.0,0.843383917424483
exp1a_186,0,0,5,1.0,-0.7363996791923271
exp1a_186,0,0,4,-1.0,-0.037429674856308215
exp1a_186,1,0,4,-1.0,-0.037429674856308215
exp1a_186,1,0,4,0.0,-0.25927842447266464
exp1a_186,1,1,4,-1.0,0.2178428302469978
exp1a_186,1,0,5,1.0,-0.25927842447266464
exp1a_186,0,0,3,-1.0,0.843383917424483
exp1a_186,1,0,3,-1.0,-0.7363996791923271
exp1a_186,0,0,4,0.0,-0.7363996791923271
exp1a_186,0,0,3,-1.0,-0.7363996791923271
exp1a_186,1,0,3,-1.0,-0.037429674856308215
exp1a_186,0,0,4,0.0,-0.25927842447266464
exp1a_186,0,0,3,-1.0,-0.037429674856308215
exp1a_186,1,0,4,0.0,0.2178428302469978
exp1a_186,0,0,5,1.0,-0.25927842447266464
exp1a_186,1,0,5,0.0,-0.25927842447266464
exp1a_186,1,1,4,0.0,0.843383917424483
exp1a_186,1,1,5,1.0,-0.7363996791923271
exp1a_186,0,0,3,0.0,-0.037429674856308215
exp1a_186,0,0,4,0.0,0.843383917424483
exp1a_186,0,0,4,0.0,0.2178428302469978
exp1a_186,1,1,3,-1.0,0.843383917424483
exp1a_186,1,0,5,1.0,0.843383917424483
exp1a_186,0,0,3,-1.0,0.2178428302469978
exp1a_186,0,0,5,1.0,0.2178428302469978
exp1a_186,1,0,3,-1.0,-0.25927842447266464
exp1a_186,1,0,4,0.0,0.2178428302469978
exp1a_186,1,0,6,1.0,-0.25927842447266464
exp1a_186,0,0,3,-1.0,-0.037429674856308215
exp1a_186,0,0,4,0.0,-0.037429674856308215
exp1a_186,1,0,4,0.0,-0.25927842447266464
exp1a_186,1,0,4,0.0,0.843383917424483
exp1a_186,0,0,3,-1.0,-0.7363996791923271
exp1a_186,0,0,5,1.0,0.2178428302469978
exp1a_186,0,0,5,0.0,0.2178428302469978
exp1a_186,0,0,6,1.0,-0.037429674856308215
exp1a_186,1,0,3,-1.0,-0.25927842447266464
exp1a_186,1,0,5,1.0,-0.037429674856308215
exp1a_186,1,1,3,-1.0,0.2178428302469978
exp1a_186,1,1,3,-1.0,-0.7363996791923271
exp1a_186,0,0,4,0.0,0.843383917424483
exp1a_186,0,0,3,-1.0,0.843383917424483
exp1a_186,1,0,5,1.0,-0.7363996791923271
exp1a_186,0,0,4,0.0,-0.25927842447266464
exp1a_186,1,0,4,0.0,-0.7363996791923271
exp1a_186,1,1,4,0.0,-0.037429674856308215
exp1a_186,1,0,5,1.0,0.843383917424483
exp1a_186,0,1,6,1.0,-0.25927842447266464
exp1a_186,0,0,5,0.0,-0.7363996791923271
exp1a_186,1,1,3,-1.0,-0.037429674856308215
exp1a_186,1,0,3,-1.0,0.843383917424483
exp1a_187,1,0,5,-1.0,-0.7363996791923271
exp1a_187,0,1,6,1.0,-0.7363996791923271
exp1a_187,0,0,6,1.0,-0.037429674856308215
exp1a_187,1,0,6,0.0,-0.25927842447266464
exp1a_187,0,0,6,0.0,0.2178428302469978
exp1a_187,1,1,6,-1.0,0.2178428302469978
exp1a_187,0,0,6,-1.0,0.843383917424483
exp1a_187,1,1,6,1.0,0.843383917424483
exp1a_187,0,0,6,-1.0,0.2178428302469978
exp1a_187,0,1,5,-1.0,-0.037429674856308215
exp1a_187,0,0,4,-1.0,-0.7363996791923271
exp1a_187,0,0,5,0.0,-0.25927842447266464
exp1a_187,1,1,5,1.0,-0.037429674856308215
exp1a_187,1,1,5,-1.0,-0.25927842447266464
exp1a_187,1,1,5,1.0,-0.25927842447266464
exp1a_187,0,0,4,0.0,-0.037429674856308215
exp1a_187,1,1,6,-1.0,0.843383917424483
exp1a_187,0,0,4,0.0,-0.7363996791923271
exp1a_187,1,1,4,1.0,-0.7363996791923271
exp1a_187,1,0,4,0.0,-0.7363996791923271
exp1a_187,1,1,5,-1.0,-0.037429674856308215
exp1a_187,1,1,5,0.0,-0.037429674856308215
exp1a_187,0,0,4,1.0,-0.25927842447266464
exp1a_187,1,1,5,0.0,0.2178428302469978
exp1a_187,1,1,6,0.0,0.843383917424483
exp1a_187,0,0,4,-1.0,-0.25927842447266464
exp1a_187,0,0,6,0.0,0.843383917424483
exp1a_187,0,0,6,1.0,0.2178428302469978
exp1a_187,1,1,6,1.0,0.2178428302469978
exp1a_187,0,0,6,1.0,0.843383917424483
exp1a_187,1,0,3,0.0,0.2178428302469978
exp1a_187,1,0,3,-1.0,-0.25927842447266464
exp1a_187,1,1,6,1.0,0.2178428302469978
exp1a_187,1,1,6,0.0,0.843383917424483
exp1a_187,0,0,6,0.0,0.843383917424483
exp1a_187,0,0,5,1.0,-0.037429674856308215
exp1a_187,1,1,2,0.0,-0.25927842447266464
exp1a_187,0,0,5,0.0,-0.25927842447266464
exp1a_187,1,1,6,1.0,0.843383917424483
exp1a_187,0,0,4,0.0,-0.7363996791923271
exp1a_187,1,1,5,1.0,-0.037429674856308215
exp1a_187,0,0,6,0.0,-0.037429674856308215
exp1a_187,0,0,6,1.0,0.843383917424483
exp1a_187,0,0,4,-1.0,-0.25927842447266464
exp1a_187,1,0,5,0.0,-0.7363996791923271
exp1a_187,0,1,2,-1.0,-0.7363996791923271
exp1a_187,1,1,4,-1.0,-0.7363996791923271
exp1a_187,0,0,6,1.0,0.2178428302469978
exp1a_187,1,1,4,1.0,-0.25927842447266464
exp1a_187,1,1,5,0.0,-0.037429674856308215
exp1a_187,1,1,5,-1.0,0.2178428302469978
exp1a_187,1,1,4,-1.0,-0.037429674856308215
exp1a_187,0,0,4,1.0,-0.25927842447266464
exp1a_187,1,0,4,1.0,-0.7363996791923271
exp1a_187,1,1,6,-1.0,0.843383917424483
exp1a_187,0,1,3,1.0,-0.7363996791923271
exp1a_187,0,0,5,-1.0,0.2178428302469978
exp1a_187,0,0,5,0.0,0.2178428302469978
exp1a_187,0,0,4,-1.0,-0.037429674856308215
exp1a_187,0,0,3,-1.0,-0.7363996791923271
exp1a_187,1,1,5,1.0,0.2178428302469978
exp1a_187,1,0,4,1.0,-0.7363996791923271
exp1a_187,1,1,5,1.0,-0.037429674856308215
exp1a_187,1,1,5,-1.0,-0.25927842447266464
exp1a_187,1,1,6,-1.0,0.843383917424483
exp1a_187,0,0,3,1.0,-0.7363996791923271
exp1a_187,1,0,3,-1.0,-0.7363996791923271
exp1a_187,1,1,4,-1.0,-0.037429674856308215
exp1a_187,0,0,6,-1.0,0.843383917424483
exp1a_187,0,0,6,0.0,-0.037429674856308215
exp1a_187,1,1,6,0.0,0.843383917424483
exp1a_187,0,0,5,-1.0,0.2178428302469978
exp1a_187,0,0,6,1.0,0.843383917424483
exp1a_187,1,1,6,0.0,0.2178428302469978
exp1a_187,0,0,3,-1.0,-0.037429674856308215
exp1a_187,0,0,5,1.0,0.2178428302469978
exp1a_187,1,1,4,1.0,-0.25927842447266464
exp1a_187,1,0,2,0.0,-0.037429674856308215
exp1a_187,1,1,4,0.0,-0.25927842447266464
exp1a_187,0,0,6,0.0,0.2178428302469978
exp1a_187,0,0,5,0.0,0.843383917424483
exp1a_187,0,0,5,0.0,-0.25927842447266464
exp1a_187,0,0,6,1.0,-0.25927842447266464
exp1a_187,1,1,6,-1.0,0.2178428302469978
exp1a_187,1,0,5,0.0,-0.7363996791923271
exp1a_187,1,1,6,1.0,0.843383917424483
exp1a_187,0,1,3,-1.0,-0.25927842447266464
exp1a_187,0,0,5,0.0,-0.7363996791923271
exp1a_187,0,0,5,1.0,-0.037429674856308215
exp1a_187,1,1,4,-1.0,-0.25927842447266464
exp1a_187,0,0,6,0.0,0.843383917424483
exp1a_187,0,0,5,0.0,-0.037429674856308215
exp1a_187,0,0,6,-1.0,0.843383917424483
exp1a_187,0,1,3,-1.0,-0.25927842447266464
exp1a_187,1,0,5,0.0,-0.7363996791923271
exp1a_187,0,0,6,1.0,0.843383917424483
exp1a_187,0,0,5,0.0,-0.7363996791923271
exp1a_187,0,0,4,1.0,-0.25927842447266464
exp1a_187,0,0,4,1.0,0.2178428302469978
exp1a_187,1,1,5,-1.0,-0.7363996791923271
exp1a_187,1,1,5,1.0,-0.037429674856308215
exp1a_187,0,0,4,-1.0,0.2178428302469978
exp1a_187,1,0,2,-1.0,-0.037429674856308215
exp1a_187,1,1,6,1.0,0.843383917424483
exp1a_187,0,0,5,0.0,0.2178428302469978
exp1a_187,0,1,4,-1.0,-0.037429674856308215
exp1a_187,1,1,5,1.0,-0.25927842447266464
exp1a_187,0,1,2,-1.0,-0.7363996791923271
exp1a_187,0,0,4,1.0,-0.7363996791923271
exp1a_187,1,1,5,1.0,0.2178428302469978
exp1a_187,1,1,6,0.0,0.843383917424483
exp1a_187,1,1,6,0.0,-0.25927842447266464
exp1a_187,1,1,5,1.0,-0.7363996791923271
exp1a_187,1,1,6,0.0,0.2178428302469978
exp1a_187,1,1,6,-1.0,0.2178428302469978
exp1a_187,0,0,5,1.0,-0.037429674856308215
exp1a_187,0,1,5,0.0,-0.25927842447266464
exp1a_187,1,1,5,0.0,-0.037429674856308215
exp1a_187,1,1,6,-1.0,0.843383917424483
exp1a_187,0,0,2,0.0,-0.25927842447266464
exp1a_187,0,1,5,0.0,-0.037429674856308215
exp1a_187,1,1,5,0.0,0.2178428302469978
exp1a_187,0,1,5,-1.0,-0.25927842447266464
exp1a_187,0,0,5,0.0,0.2178428302469978
exp1a_187,1,1,5,1.0,-0.037429674856308215
exp1a_187,1,1,6,1.0,0.843383917424483
exp1a_187,1,1,6,0.0,-0.7363996791923271
exp1a_187,0,0,3,-1.0,-0.7363996791923271
exp1a_187,0,1,4,1.0,0.2178428302469978
exp1a_187,1,1,5,-1.0,-0.037429674856308215
exp1a_187,1,1,5,0.0,-0.25927842447266464
exp1a_187,1,1,4,-1.0,0.2178428302469978
exp1a_187,1,1,5,1.0,-0.25927842447266464
exp1a_187,0,0,6,0.0,0.843383917424483
exp1a_187,0,0,4,1.0,-0.7363996791923271
exp1a_187,0,0,5,-1.0,0.843383917424483
exp1a_187,1,1,5,0.0,-0.037429674856308215
exp1a_187,0,0,4,-1.0,-0.037429674856308215
exp1a_187,1,1,5,1.0,0.2178428302469978
exp1a_187,1,1,2,-1.0,-0.25927842447266464
exp1a_187,0,0,6,1.0,0.843383917424483
exp1a_187,1,1,6,-1.0,0.843383917424483
exp1a_187,0,1,5,0.0,-0.7363996791923271
exp1a_187,0,0,5,1.0,-0.25927842447266464
exp1a_187,1,1,5,1.0,-0.7363996791923271
exp1a_187,1,1,6,0.0,0.843383917424483
exp1a_187,1,1,5,-1.0,-0.7363996791923271
exp1a_187,0,1,4,1.0,-0.037429674856308215
exp1a_187,0,0,5,-1.0,0.2178428302469978
exp1a_187,0,1,5,1.0,-0.25927842447266464
exp1a_187,0,0,5,1.0,-0.037429674856308215
exp1a_187,0,1,4,-1.0,-0.7363996791923271
exp1a_187,1,0,2,-1.0,-0.7363996791923271
exp1a_187,1,1,5,-1.0,0.2178428302469978
exp1a_187,1,1,4,1.0,-0.7363996791923271
exp1a_187,0,1,4,1.0,0.2178428302469978
exp1a_187,0,0,4,0.0,-0.25927842447266464
exp1a_187,1,1,5,1.0,-0.037429674856308215
exp1a_187,0,1,2,0.0,-0.7363996791923271
exp1a_187,1,1,6,0.0,0.843383917424483
exp1a_187,0,0,6,0.0,0.843383917424483
exp1a_187,0,0,6,-1.0,0.2178428302469978
exp1a_187,0,0,6,-1.0,0.843383917424483
exp1a_187,0,0,6,0.0,0.2178428302469978
exp1a_187,1,1,6,-1.0,0.843383917424483
exp1a_187,1,0,6,0.0,-0.25927842447266464
exp1a_187,0,1,4,1.0,-0.7363996791923271
exp1a_187,0,0,4,-1.0,-0.037429674856308215
exp1a_187,1,1,5,0.0,-0.037429674856308215
exp1a_187,1,1,3,-1.0,-0.25927842447266464
exp1a_187,0,0,5,0.0,-0.037429674856308215
exp1a_187,1,1,5,0.0,0.2178428302469978
exp1a_187,0,0,6,1.0,0.843383917424483
exp1a_187,1,1,5,0.0,-0.7363996791923271
exp1a_187,1,1,3,-1.0,-0.037429674856308215
exp1a_187,0,0,5,-1.0,-0.25927842447266464
exp1a_187,1,1,6,1.0,0.2178428302469978
exp1a_187,1,1,6,1.0,0.843383917424483
exp1a_187,1,1,6,1.0,-0.25927842447266464
exp1a_187,1,1,6,1.0,0.2178428302469978
exp1a_187,1,1,5,0.0,-0.037429674856308215
exp1a_187,0,0,5,-1.0,0.2178428302469978
exp1a_187,1,1,6,0.0,0.843383917424483
exp1a_187,0,0,6,0.0,-0.037429674856308215
exp1a_187,0,0,5,0.0,0.2178428302469978
exp1a_187,1,1,5,1.0,-0.037429674856308215
exp1a_187,0,0,5,1.0,0.843383917424483
exp1a_187,0,0,5,0.0,0.843383917424483
exp1a_187,1,0,4,1.0,-0.25927842447266464
exp1a_187,0,0,3,-1.0,-0.037429674856308215
exp1a_187,1,1,4,1.0,-0.7363996791923271
exp1a_187,1,1,5,0.0,-0.25927842447266464
exp1a_187,1,1,6,-1.0,0.843383917424483
exp1a_187,1,1,5,0.0,-0.7363996791923271
exp1a_187,0,0,5,1.0,0.2178428302469978
exp1a_187,1,1,4,-1.0,-0.7363996791923271
exp1a_187,0,1,3,0.0,-0.25927842447266464
exp1a_187,0,0,4,-1.0,-0.25927842447266464
exp1a_187,1,1,5,0.0,0.2178428302469978
exp1a_187,1,1,5,-1.0,0.2178428302469978
exp1a_187,0,0,4,1.0,-0.037429674856308215
exp1a_187,1,1,4,-1.0,-0.037429674856308215
exp1a_187,0,1,4,1.0,-0.25927842447266464
exp1a_187,0,1,5,0.0,-0.7363996791923271
exp1a_187,0,0,5,1.0,-0.7363996791923271
exp1a_187,1,1,5,1.0,0.843383917424483
exp1a_187,0,1,5,-1.0,-0.7363996791923271
exp1a_187,0,0,6,-1.0,0.843383917424483
exp1a_187,1,1,5,-1.0,-0.25927842447266464
exp1a_187,0,1,3,1.0,-0.25927842447266464
exp1a_187,1,0,5,0.0,-0.25927842447266464
exp1a_187,1,1,5,0.0,-0.037429674856308215
exp1a_187,0,0,5,1.0,0.2178428302469978
exp1a_187,0,0,6,1.0,0.843383917424483
exp1a_187,1,0,5,-1.0,-0.25927842447266464
exp1a_187,0,1,5,1.0,-0.7363996791923271
exp1a_187,1,0,3,0.0,-0.7363996791923271
exp1a_187,0,0,4,-1.0,-0.037429674856308215
exp1a_187,0,0,5,-1.0,0.843383917424483
exp1a_187,0,1,4,0.0,-0.7363996791923271
exp1a_187,0,0,5,-1.0,0.2178428302469978
exp1a_187,1,1,4,1.0,-0.25927842447266464
exp1a_187,1,1,6,-1.0,0.2178428302469978
exp1a_187,0,0,5,-1.0,-0.25927842447266464
exp1a_187,1,1,4,-1.0,-0.7363996791923271
exp1a_187,0,0,5,-1.0,-0.7363996791923271
exp1a_187,1,1,5,1.0,-0.7363996791923271
exp1a_187,1,1,5,0.0,0.2178428302469978
exp1a_187,0,0,5,1.0,-0.037429674856308215
exp1a_187,1,1,6,1.0,0.843383917424483
exp1a_187,1,1,6,-1.0,0.843383917424483
exp1a_187,1,1,6,-1.0,-0.037429674856308215
exp1a_187,1,1,6,0.0,0.843383917424483
exp1a_187,1,1,6,1.0,0.2178428302469978
exp1a_187,0,0,6,0.0,0.2178428302469978
exp1a_187,1,1,6,1.0,-0.037429674856308215
exp1a_187,0,0,6,0.0,-0.037429674856308215
exp1a_187,0,0,4,0.0,-0.25927842447266464
exp1a_188,0,0,5,1.0,-0.25927842447266464
exp1a_188,0,1,4,-1.0,-0.7363996791923271
exp1a_188,0,0,4,0.0,-0.25927842447266464
exp1a_188,1,1,6,1.0,0.843383917424483
exp1a_188,1,0,5,1.0,-0.25927842447266464
exp1a_188,1,1,4,0.0,0.2178428302469978
exp1a_188,1,1,4,-1.0,-0.7363996791923271
exp1a_188,1,1,6,-1.0,0.843383917424483
exp1a_188,0,0,5,1.0,-0.7363996791923271
exp1a_188,1,1,6,-1.0,-0.037429674856308215
exp1a_188,0,0,5,1.0,0.2178428302469978
exp1a_188,1,1,6,1.0,-0.037429674856308215
exp1a_188,0,0,6,-1.0,0.843383917424483
exp1a_188,1,1,6,0.0,0.843383917424483
exp1a_188,1,0,5,1.0,0.2178428302469978
exp1a_188,1,1,6,1.0,-0.7363996791923271
exp1a_188,0,0,4,-1.0,0.2178428302469978
exp1a_188,0,1,6,0.0,-0.037429674856308215
exp1a_188,1,1,6,0.0,-0.7363996791923271
exp1a_188,0,0,6,1.0,0.843383917424483
exp1a_188,0,0,6,0.0,0.843383917424483
exp1a_188,1,1,6,0.0,-0.037429674856308215
exp1a_188,0,0,6,0.0,0.2178428302469978
exp1a_188,0,0,5,-1.0,-0.25927842447266464
exp1a_188,1,1,4,-1.0,0.2178428302469978
exp1a_188,1,1,4,-1.0,-0.25927842447266464
exp1a_188,0,1,4,0.0,-0.7363996791923271
exp1a_188,0,1,4,1.0,-0.037429674856308215
exp1a_188,0,0,4,-1.0,-0.037429674856308215
exp1a_188,0,0,6,-1.0,-0.037429674856308215
exp1a_188,1,0,6,0.0,-0.25927842447266464
exp1a_188,1,0,6,-1.0,0.2178428302469978
exp1a_188,1,1,6,0.0,-0.037429674856308215
exp1a_188,0,0,6,-1.0,-0.7363996791923271
exp1a_188,0,0,6,1.0,-0.25927842447266464
exp1a_188,0,0,6,-1.0,0.843383917424483
exp1a_188,1,1,6,-1.0,0.843383917424483
exp1a_188,1,1,5,1.0,-0.25927842447266464
exp1a_188,1,1,5,-1.0,-0.25927842447266464
exp1a_188,0,0,5,1.0,0.843383917424483
exp1a_188,0,0,5,1.0,-0.037429674856308215
exp1a_188,0,0,5,1.0,-0.7363996791923271
exp1a_188,1,1,5,1.0,-0.7363996791923271
exp1a_188,0,0,5,0.0,0.2178428302469978
exp1a_188,0,1,4,-1.0,-0.25927842447266464
exp1a_188,0,1,5,0.0,-0.25927842447266464
exp1a_188,1,1,4,1.0,-0.037429674856308215
exp1a_188,1,1,4,0.0,-0.7363996791923271
exp1a_188,1,1,6,1.0,0.2178428302469978
exp1a_188,1,1,5,-1.0,-0.037429674856308215
exp1a_188,1,1,6,0.0,0.2178428302469978
exp1a_188,1,1,4,-1.0,-0.7363996791923271
exp1a_188,0,1,4,-1.0,0.2178428302469978
exp1a_188,0,0,4,1.0,0.2178428302469978
exp1a_188,1,1,6,0.0,0.843383917424483
exp1a_188,0,1,5,0.0,-0.037429674856308215
exp1a_188,1,1,5,1.0,0.843383917424483
exp1a_188,1,1,5,1.0,0.2178428302469978
exp1a_188,0,0,6,0.0,0.843383917424483
exp1a_188,1,1,6,1.0,-0.037429674856308215
exp1a_188,0,1,6,0.0,0.2178428302469978
exp1a_188,0,1,5,1.0,0.2178428302469978
exp1a_188,1,1,5,1.0,-0.25927842447266464
exp1a_188,0,1,4,-1.0,-0.037429674856308215
exp1a_188,0,0,5,-1.0,0.2178428302469978
exp1a_188,1,0,4,-1.0,-0.037429674856308215
exp1a_188,0,0,6,-1.0,0.843383917424483
exp1a_188,1,1,6,-1.0,0.2178428302469978
exp1a_188,1,1,6,0.0,0.2178428302469978
exp1a_188,1,1,4,-1.0,-0.7363996791923271
exp1a_188,1,1,6,0.0,0.843383917424483
exp1a_188,0,0,5,0.0,-0.7363996791923271
exp1a_188,1,1,5,1.0,-0.7363996791923271
exp1a_188,0,1,5,-1.0,-0.7363996791923271
exp1a_188,0,0,4,0.0,-0.25927842447266464
exp1a_188,1,1,6,1.0,0.843383917424483
exp1a_188,1,1,6,0.0,-0.037429674856308215
exp1a_188,0,1,6,1.0,-0.7363996791923271
exp1a_188,1,1,4,-1.0,0.843383917424483
exp1a_188,0,1,4,0.0,-0.037429674856308215
exp1a_188,1,1,5,0.0,-0.25927842447266464
exp1a_188,0,1,5,-1.0,-0.25927842447266464
exp1a_188,0,1,5,1.0,-0.037429674856308215
exp1a_188,1,1,5,-1.0,-0.25927842447266464
exp1a_188,0,1,5,1.0,-0.25927842447266464
exp1a_188,0,0,6,1.0,0.843383917424483
exp1a_188,1,1,4,0.0,-0.7363996791923271
exp1a_188,1,1,4,-1.0,-0.25927842447266464
exp1a_188,1,1,4,0.0,-0.037429674856308215
exp1a_188,1,1,4,1.0,0.843383917424483
exp1a_188,0,1,5,1.0,0.2178428302469978
exp1a_188,0,0,6,-1.0,-0.7363996791923271
exp1a_188,1,1,6,1.0,0.2178428302469978
exp1a_188,0,1,4,1.0,-0.7363996791923271
exp1a_188,0,1,4,-1.0,-0.25927842447266464
exp1a_188,0,0,4,0.0,0.2178428302469978
exp1a_188,0,1,4,0.0,-0.7363996791923271
exp1a_188,1,1,4,1.0,-0.25927842447266464
exp1a_188,0,0,4,-1.0,-0.037429674856308215
exp1a_188,0,0,4,1.0,-0.25927842447266464
exp1a_188,1,1,5,-1.0,0.2178428302469978
exp1a_188,1,1,6,-1.0,0.843383917424483
exp1a_188,1,0,3,1.0,-0.037429674856308215
exp1a_188,1,1,4,0.0,-0.25927842447266464
exp1a_188,1,1,4,-1.0,-0.037429674856308215
exp1a_188,0,1,5,1.0,-0.037429674856308215
exp1a_188,0,0,6,0.0,0.843383917424483
exp1a_188,1,1,5,1.0,-0.7363996791923271
exp1a_188,0,1,4,0.0,-0.037429674856308215
exp1a_188,1,1,4,0.0,0.2178428302469978
exp1a_188,1,1,4,-1.0,-0.7363996791923271
exp1a_188,1,1,5,0.0,-0.7363996791923271
exp1a_188,0,0,6,1.0,0.843383917424483
exp1a_188,1,1,6,0.0,0.843383917424483
exp1a_188,0,0,6,-1.0,0.843383917424483
exp1a_188,1,1,6,1.0,0.2178428302469978
exp1a_188,0,0,5,0.0,0.2178428302469978
exp1a_188,0,0,5,1.0,-0.037429674856308215
exp1a_188,1,1,5,0.0,-0.037429674856308215
exp1a_188,0,1,5,0.0,-0.25927842447266464
exp1a_188,1,1,6,0.0,0.843383917424483
exp1a_188,0,0,6,-1.0,0.843383917424483
exp1a_188,0,0,6,1.0,0.843383917424483
exp1a_188,1,1,6,1.0,0.843383917424483
exp1a_188,0,0,6,0.0,0.843383917424483
exp1a_188,1,1,5,1.0,-0.037429674856308215
exp1a_188,0,0,5,-1.0,-0.037429674856308215
exp1a_188,0,1,4,-1.0,0.2178428302469978
exp1a_188,0,1,4,1.0,-0.7363996791923271
exp1a_188,1,1,4,0.0,-0.7363996791923271
exp1a_188,0,0,5,1.0,-0.25927842447266464
exp1a_188,1,0,4,-1.0,-0.037429674856308215
exp1a_188,1,1,5,1.0,-0.25927842447266464
exp1a_188,1,1,6,-1.0,0.843383917424483
exp1a_188,1,1,6,-1.0,0.2178428302469978
exp1a_188,1,1,6,0.0,-0.25927842447266464
exp1a_188,1,1,6,0.0,0.2178428302469978
exp1a_188,0,0,5,0.0,-0.7363996791923271
exp1a_188,0,1,5,0.0,-0.037429674856308215
exp1a_188,0,1,6,-1.0,-0.25927842447266464
exp1a_188,1,1,5,-1.0,-0.25927842447266464
exp1a_188,0,0,6,1.0,0.2178428302469978
exp1a_188,1,0,6,-1.0,-0.7363996791923271
exp1a_188,0,0,6,1.0,0.843383917424483
exp1a_188,1,1,6,-1.0,-0.25927842447266464
exp1a_188,0,0,6,1.0,0.2178428302469978
exp1a_188,0,0,6,-1.0,0.843383917424483
exp1a_188,0,0,5,-1.0,0.2178428302469978
exp1a_188,1,0,5,-1.0,-0.7363996791923271
exp1a_188,1,1,2,0.0,-0.25927842447266464
exp1a_188,0,0,6,1.0,-0.037429674856308215
exp1a_188,0,0,6,1.0,-0.7363996791923271
exp1a_188,1,0,6,1.0,-0.037429674856308215
exp1a_188,1,0,5,1.0,-0.7363996791923271
exp1a_188,1,1,4,1.0,0.2178428302469978
exp1a_188,0,0,5,0.0,-0.7363996791923271
exp1a_188,0,0,5,0.0,-0.25927842447266464
exp1a_188,1,1,5,0.0,0.2178428302469978
exp1a_188,0,0,6,1.0,-0.25927842447266464
exp1a_188,0,0,6,0.0,0.843383917424483
exp1a_188,1,1,5,0.0,0.843383917424483
exp1a_188,1,1,4,1.0,-0.25927842447266464
exp1a_188,1,0,4,0.0,-0.7363996791923271
exp1a_188,1,1,4,-1.0,0.2178428302469978
exp1a_188,0,0,4,-1.0,-0.25927842447266464
exp1a_188,0,1,4,-1.0,-0.7363996791923271
exp1a_188,1,0,4,-1.0,-0.037429674856308215
exp1a_188,1,1,5,-1.0,0.843383917424483
exp1a_188,0,0,6,1.0,-0.037429674856308215
exp1a_188,0,1,6,1.0,-0.7363996791923271
exp1a_188,1,0,4,0.0,-0.037429674856308215
exp1a_188,1,1,6,1.0,0.843383917424483
exp1a_188,0,0,6,1.0,0.2178428302469978
exp1a_188,1,1,3,0.0,-0.25927842447266464
exp1a_188,0,0,5,0.0,-0.037429674856308215
exp1a_188,0,0,5,-1.0,-0.037429674856308215
exp1a_188,0,1,5,1.0,-0.25927842447266464
exp1a_188,1,1,5,1.0,-0.7363996791923271
exp1a_188,0,0,6,-1.0,-0.25927842447266464
exp1a_188,1,1,4,-1.0,-0.037429674856308215
exp1a_188,0,0,4,0.0,-0.25927842447266464
exp1a_188,1,1,5,-1.0,-0.25927842447266464
exp1a_188,1,0,4,-1.0,-0.7363996791923271
exp1a_188,0,1,2,-1.0,0.843383917424483
exp1a_188,1,1,6,-1.0,0.843383917424483
exp1a_188,0,0,5,0.0,0.2178428302469978
exp1a_188,0,0,6,0.0,0.843383917424483
exp1a_188,1,1,5,-1.0,0.2178428302469978
exp1a_188,1,1,5,0.0,0.2178428302469978
exp1a_188,0,1,5,-1.0,-0.7363996791923271
exp1a_188,1,1,5,1.0,-0.037429674856308215
exp1a_188,1,1,5,1.0,0.2178428302469978
exp1a_188,0,0,5,-1.0,0.2178428302469978
exp1a_188,0,0,5,1.0,0.843383917424483
exp1a_188,0,1,6,0.0,-0.7363996791923271
exp1a_188,1,1,6,0.0,-0.7363996791923271
exp1a_188,0,0,6,1.0,-0.037429674856308215
exp1a_188,0,1,4,1.0,-0.7363996791923271
exp1a_188,1,1,5,0.0,0.843383917424483
exp1a_188,0,0,6,1.0,0.843383917424483
exp1a_188,0,0,5,1.0,-0.25927842447266464
exp1a_188,0,0,5,-1.0,0.2178428302469978
exp1a_188,0,0,5,0.0,0.2178428302469978
exp1a_188,0,1,5,0.0,-0.25927842447266464
exp1a_188,1,0,4,0.0,-0.037429674856308215
exp1a_188,0,0,6,0.0,0.843383917424483
exp1a_188,1,1,4,-1.0,0.2178428302469978
exp1a_188,1,1,4,-1.0,0.843383917424483
exp1a_188,0,0,4,-1.0,-0.037429674856308215
exp1a_188,1,1,6,1.0,0.843383917424483
exp1a_188,0,1,4,-1.0,-0.7363996791923271
exp1a_188,1,1,4,1.0,-0.037429674856308215
exp1a_188,1,0,5,0.0,-0.7363996791923271
exp1a_188,1,0,5,-1.0,-0.037429674856308215
exp1a_188,0,1,5,0.0,-0.037429674856308215
exp1a_188,1,1,4,1.0,-0.25927842447266464
exp1a_188,1,1,5,0.0,0.2178428302469978
exp1a_188,1,0,4,-1.0,-0.7363996791923271
exp1a_188,0,1,5,1.0,0.2178428302469978
exp1a_188,0,0,6,-1.0,0.843383917424483
exp1a_188,1,1,6,0.0,-0.25927842447266464
exp1a_188,0,1,5,-1.0,-0.25927842447266464
exp1a_188,1,1,5,-1.0,-0.25927842447266464
exp1a_188,1,1,4,1.0,0.2178428302469978
exp1a_188,1,1,5,1.0,-0.7363996791923271
exp1a_189,1,1,3,-1.0,-0.037429674856308215
exp1a_189,0,0,3,-1.0,0.2178428302469978
exp1a_189,0,0,5,1.0,0.843383917424483
exp1a_189,0,0,4,0.0,0.2178428302469978
exp1a_189,1,1,4,0.0,-0.7363996791923271
exp1a_189,0,0,3,0.0,-0.037429674856308215
exp1a_189,1,0,5,1.0,-0.25927842447266464
exp1a_189,0,0,5,1.0,-0.037429674856308215
exp1a_189,1,1,3,0.0,0.843383917424483
exp1a_189,1,0,3,-1.0,-0.7363996791923271
exp1a_189,1,1,3,-1.0,0.2178428302469978
exp1a_189,1,0,3,0.0,-0.25927842447266464
exp1a_189,0,0,3,-1.0,-0.7363996791923271
exp1a_189,0,0,5,1.0,0.2178428302469978
exp1a_189,0,0,3,0.0,-0.7363996791923271
exp1a_189,0,0,5,1.0,-0.25927842447266464
exp1a_189,1,1,5,1.0,0.843383917424483
exp1a_189,0,0,3,0.0,-0.25927842447266464
exp1a_189,0,0,3,-1.0,-0.25927842447266464
exp1a_189,0,1,5,1.0,-0.7363996791923271
exp1a_189,1,1,4,1.0,-0.037429674856308215
exp1a_189,0,0,3,-1.0,0.843383917424483
exp1a_189,1,1,5,1.0,-0.7363996791923271
exp1a_189,1,0,3,0.0,-0.037429674856308215
exp1a_189,0,0,3,0.0,0.843383917424483
exp1a_189,0,0,4,-1.0,-0.037429674856308215
exp1a_189,1,1,3,-1.0,0.843383917424483
exp1a_189,1,1,4,0.0,0.2178428302469978
exp1a_189,1,1,3,-1.0,-0.25927842447266464
exp1a_189,1,0,4,1.0,0.2178428302469978
exp1a_189,1,1,3,-1.0,-0.25927842447266464
exp1a_189,0,0,3,0.0,-0.25927842447266464
exp1a_189,0,0,4,0.0,-0.7363996791923271
exp1a_189,1,1,3,-1.0,-0.037429674856308215
exp1a_189,0,0,3,-1.0,0.2178428302469978
exp1a_189,0,0,3,-1.0,-0.037429674856308215
exp1a_189,0,0,3,0.0,0.2178428302469978
exp1a_189,0,0,3,-1.0,0.843383917424483
exp1a_189,0,0,4,1.0,0.2178428302469978
exp1a_189,1,1,4,1.0,0.2178428302469978
exp1a_189,0,0,5,1.0,-0.037429674856308215
exp1a_189,1,1,3,-1.0,0.2178428302469978
exp1a_189,0,0,5,1.0,-0.25927842447266464
exp1a_189,1,0,5,1.0,-0.25927842447266464
exp1a_189,0,0,3,-1.0,-0.25927842447266464
exp1a_189,1,1,3,0.0,0.843383917424483
exp1a_189,1,0,3,0.0,-0.037429674856308215
exp1a_189,0,0,5,1.0,-0.7363996791923271
exp1a_189,1,1,5,1.0,-0.037429674856308215
exp1a_189,1,0,3,0.0,0.2178428302469978
exp1a_189,0,0,3,-1.0,-0.7363996791923271
exp1a_189,1,1,5,1.0,-0.7363996791923271
exp1a_189,1,0,3,0.0,-0.7363996791923271
exp1a_189,0,0,3,0.0,0.843383917424483
exp1a_189,1,1,3,-1.0,-0.7363996791923271
exp1a_189,1,1,5,1.0,0.843383917424483
exp1a_189,0,0,3,0.0,-0.037429674856308215
exp1a_189,0,0,5,1.0,0.843383917424483
exp1a_189,1,1,2,-1.0,0.843383917424483
exp1a_189,1,1,3,0.0,-0.25927842447266464
exp1a_189,0,1,3,0.0,-0.7363996791923271
exp1a_189,0,0,3,0.0,0.2178428302469978
exp1a_189,1,1,5,1.0,0.2178428302469978
exp1a_189,1,1,2,-1.0,-0.037429674856308215
exp1a_189,1,1,5,1.0,-0.25927842447266464
exp1a_189,1,1,3,0.0,-0.037429674856308215
exp1a_189,1,1,3,0.0,0.2178428302469978
exp1a_189,0,0,5,1.0,0.2178428302469978
exp1a_189,1,0,5,1.0,-0.7363996791923271
exp1a_189,1,1,5,1.0,0.843383917424483
exp1a_189,1,1,3,0.0,-0.7363996791923271
exp1a_189,0,0,3,-1.0,-0.037429674856308215
exp1a_189,0,0,2,0.0,-0.25927842447266464
exp1a_189,0,0,2,0.0,-0.037429674856308215
exp1a_189,0,0,3,-1.0,0.2178428302469978
exp1a_189,0,0,5,1.0,-0.037429674856308215
exp1a_189,0,0,2,-1.0,-0.7363996791923271
exp1a_189,0,0,5,1.0,-0.25927842447266464
exp1a_189,1,1,3,-1.0,0.843383917424483
exp1a_189,1,1,4,-1.0,0.2178428302469978
exp1a_189,0,0,3,0.0,0.843383917424483
exp1a_189,0,0,5,1.0,-0.7363996791923271
exp1a_189,0,1,2,1.0,0.843383917424483
exp1a_189,0,0,3,-1.0,0.843383917424483
exp1a_189,0,0,3,-1.0,-0.25927842447266464
exp1a_189,1,1,2,0.0,-0.25927842447266464
exp1a_189,1,0,3,-1.0,-0.7363996791923271
exp1a_189,1,0,2,-1.0,-0.25927842447266464
exp1a_189,1,0,5,1.0,-0.037429674856308215
exp1a_189,1,1,1,0.0,0.843383917424483
exp1a_189,0,0,3,-1.0,-0.25927842447266464
exp1a_189,0,0,5,-1.0,0.2178428302469978
exp1a_189,0,0,5,-1.0,0.843383917424483
exp1a_189,0,1,5,1.0,-0.7363996791923271
exp1a_189,0,0,5,0.0,-0.7363996791923271
exp1a_189,1,0,5,1.0,-0.25927842447266464
exp1a_189,1,1,5,0.0,-0.25927842447266464
exp1a_189,1,1,5,-1.0,-0.037429674856308215
exp1a_189,0,1,5,-1.0,-0.7363996791923271
exp1a_189,0,0,3,-1.0,-0.037429674856308215
exp1a_189,1,1,6,1.0,0.843383917424483
exp1a_189,0,0,5,0.0,-0.037429674856308215
exp1a_189,1,1,6,1.0,-0.037429674856308215
exp1a_189,0,0,5,0.0,0.843383917424483
exp1a_189,1,1,5,-1.0,0.2178428302469978
exp1a_189,1,1,5,-1.0,-0.7363996791923271
exp1a_189,1,1,5,0.0,0.843383917424483
exp1a_189,0,0,6,1.0,-0.037429674856308215
exp1a_189,0,0,6,1.0,0.843383917424483
exp1a_189,0,0,6,1.0,0.2178428302469978
exp1a_189,0,0,5,0.0,0.2178428302469978
exp1a_189,1,1,5,0.0,0.2178428302469978
exp1a_189,1,0,2,0.0,-0.037429674856308215
exp1a_189,0,0,3,0.0,-0.25927842447266464
exp1a_189,1,0,3,0.0,-0.7363996791923271
exp1a_189,1,0,4,1.0,-0.7363996791923271
exp1a_189,1,1,4,-1.0,-0.25927842447266464
exp1a_189,0,0,5,1.0,-0.25927842447266464
exp1a_189,1,1,5,-1.0,0.843383917424483
exp1a_189,1,1,5,1.0,0.2178428302469978
exp1a_189,1,1,5,-1.0,0.843383917424483
exp1a_189,0,1,4,0.0,-0.7363996791923271
exp1a_189,0,0,4,0.0,-0.25927842447266464
exp1a_189,0,0,6,1.0,0.843383917424483
exp1a_189,0,0,5,0.0,-0.037429674856308215
exp1a_189,0,0,5,-1.0,-0.25927842447266464
exp1a_189,0,0,5,0.0,0.843383917424483
exp1a_189,0,0,5,-1.0,0.2178428302469978
exp1a_189,0,0,5,-1.0,-0.037429674856308215
exp1a_189,1,1,3,0.0,0.843383917424483
exp1a_189,1,0,3,0.0,-0.7363996791923271
exp1a_189,1,1,3,-1.0,-0.7363996791923271
exp1a_189,1,0,4,0.0,-0.25927842447266464
exp1a_189,0,0,4,0.0,0.2178428302469978
exp1a_189,1,0,3,-1.0,-0.037429674856308215
exp1a_189,1,1,5,1.0,0.843383917424483
exp1a_189,0,0,5,1.0,-0.7363996791923271
exp1a_189,1,1,4,-1.0,-0.25927842447266464
exp1a_189,0,0,4,-1.0,-0.7363996791923271
exp1a_189,0,0,5,1.0,-0.037429674856308215
exp1a_189,1,0,4,1.0,-0.037429674856308215
exp1a_189,0,0,5,1.0,-0.25927842447266464
exp1a_189,1,0,4,1.0,-0.25927842447266464
exp1a_189,1,1,3,0.0,-0.037429674856308215
exp1a_189,1,1,5,1.0,0.2178428302469978
exp1a_189,1,1,4,1.0,-0.7363996791923271
exp1a_189,0,0,4,-1.0,0.843383917424483
exp1a_189,1,1,5,0.0,0.2178428302469978
exp1a_189,0,0,5,1.0,0.2178428302469978
exp1a_189,1,1,4,-1.0,0.2178428302469978
exp1a_189,0,0,5,-1.0,0.2178428302469978
exp1a_189,1,1,6,1.0,0.843383917424483
exp1a_189,0,0,4,0.0,-0.7363996791923271
exp1a_189,0,1,3,-1.0,0.843383917424483
exp1a_189,1,1,4,-1.0,0.2178428302469978
exp1a_189,1,1,5,1.0,0.2178428302469978
exp1a_189,0,0,5,1.0,-0.037429674856308215
exp1a_189,0,0,5,1.0,-0.25927842447266464
exp1a_189,1,1,4,-1.0,-0.037429674856308215
exp1a_189,0,0,4,0.0,-0.25927842447266464
exp1a_189,0,0,4,0.0,-0.037429674856308215
exp1a_189,1,1,5,1.0,-0.25927842447266464
exp1a_189,0,0,4,0.0,0.2178428302469978
exp1a_189,0,1,4,-1.0,-0.25927842447266464
exp1a_189,0,0,3,-1.0,-0.037429674856308215
exp1a_189,1,1,5,-1.0,0.843383917424483
exp1a_189,0,0,6,1.0,0.843383917424483
exp1a_189,0,0,5,0.0,0.843383917424483
exp1a_189,1,0,4,-1.0,-0.25927842447266464
exp1a_189,0,0,4,1.0,-0.7363996791923271
exp1a_189,1,1,3,0.0,-0.037429674856308215
exp1a_189,0,0,4,-1.0,-0.7363996791923271
exp1a_189,1,1,4,0.0,0.2178428302469978
exp1a_189,1,1,5,0.0,0.843383917424483
exp1a_189,1,1,5,1.0,-0.037429674856308215
exp1a_189,1,1,3,0.0,-0.7363996791923271
exp1a_189,1,0,3,-1.0,-0.7363996791923271
exp1a_189,1,0,4,1.0,-0.7363996791923271
exp1a_189,1,0,3,0.0,-0.25927842447266464
exp1a_189,0,0,5,1.0,0.2178428302469978
exp1a_189,0,1,3,0.0,-0.7363996791923271
exp1a_189,1,0,3,0.0,-0.7363996791923271
exp1a_189,1,0,3,0.0,-0.25927842447266464
exp1a_189,0,0,3,-1.0,-0.25927842447266464
exp1a_189,0,0,3,1.0,-0.7363996791923271
exp1a_189,0,0,5,-1.0,-0.037429674856308215
exp1a_189,0,0,6,1.0,0.843383917424483
exp1a_189,1,0,4,1.0,-0.7363996791923271
exp1a_189,0,0,5,-1.0,0.843383917424483
exp1a_189,1,0,3,-1.0,0.2178428302469978
exp1a_189,1,0,3,-1.0,-0.037429674856308215
exp1a_189,1,1,4,0.0,0.2178428302469978
exp1a_189,0,0,4,0.0,-0.25927842447266464
exp1a_189,0,1,3,-1.0,-0.7363996791923271
exp1a_189,1,0,3,-1.0,-0.25927842447266464
exp1a_189,0,0,4,1.0,-0.25927842447266464
exp1a_189,1,1,3,0.0,-0.037429674856308215
exp1a_189,1,0,4,1.0,-0.037429674856308215
exp1a_189,1,1,5,-1.0,0.843383917424483
exp1a_189,1,1,6,1.0,0.843383917424483
exp1a_189,0,0,5,0.0,0.843383917424483
exp1a_189,0,0,6,0.0,0.2178428302469978
exp1a_189,0,0,6,0.0,-0.037429674856308215
exp1a_189,1,0,3,-1.0,-0.7363996791923271
exp1a_189,0,0,6,1.0,0.2178428302469978
exp1a_189,1,0,4,1.0,-0.25927842447266464
exp1a_189,1,1,6,0.0,0.843383917424483
exp1a_189,0,0,5,1.0,-0.037429674856308215
exp1a_189,1,1,6,1.0,0.2178428302469978
exp1a_189,0,0,5,1.0,0.2178428302469978
exp1a_189,0,0,5,0.0,0.2178428302469978
exp1a_189,1,0,3,0.0,-0.7363996791923271
exp1a_189,1,0,3,-1.0,-0.037429674856308215
exp1a_189,1,0,4,0.0,-0.037429674856308215
exp1a_189,0,0,5,0.0,0.843383917424483
exp1a_189,0,0,6,1.0,-0.037429674856308215
exp1a_189,0,0,6,-1.0,-0.037429674856308215
exp1a_189,1,1,6,1.0,0.843383917424483
exp1a_189,1,1,6,1.0,0.2178428302469978
exp1a_189,0,0,5,-1.0,0.2178428302469978
exp1a_189,0,0,4,0.0,-0.7363996791923271
exp1a_189,0,0,6,1.0,0.843383917424483
exp1a_189,1,0,4,-1.0,-0.7363996791923271
exp1a_189,0,0,4,-1.0,-0.25927842447266464
exp1a_189,1,1,3,1.0,-0.25927842447266464
exp1a_189,1,0,4,1.0,-0.7363996791923271
exp1a_189,1,1,5,-1.0,0.843383917424483
exp1a_189,0,0,4,1.0,-0.7363996791923271
exp1a_189,0,0,3,-1.0,-0.7363996791923271
exp1a_189,0,0,4,0.0,-0.25927842447266464
exp1a_189,0,0,5,1.0,-0.25927842447266464
exp1a_189,1,1,4,0.0,0.2178428302469978
exp1a_189,0,0,4,0.0,-0.037429674856308215
exp1a_189,1,1,5,0.0,0.843383917424483
exp1a_189,1,1,4,1.0,-0.037429674856308215
exp1a_189,1,1,3,-1.0,-0.25927842447266464
exp1a_189,0,0,5,-1.0,0.843383917424483
exp1a_189,1,0,3,0.0,-0.25927842447266464
exp1a_189,1,1,5,-1.0,0.2178428302469978
exp1a_190,0,0,3,0.0,-0.7363996791923271
exp1a_190,1,1,3,0.0,-0.037429674856308215
exp1a_190,1,0,3,1.0,-0.037429674856308215
exp1a_190,1,1,3,0.0,-0.25927842447266464
exp1a_190,1,1,6,-1.0,0.843383917424483
exp1a_190,0,0,5,-1.0,0.2178428302469978
exp1a_190,1,1,6,0.0,0.2178428302469978
exp1a_190,0,0,3,1.0,-0.037429674856308215
exp1a_190,1,1,2,-1.0,-0.25927842447266464
exp1a_190,0,0,6,0.0,0.843383917424483
exp1a_190,0,0,6,-1.0,0.843383917424483
exp1a_190,1,1,2,1.0,0.2178428302469978
exp1a_190,1,1,3,-1.0,-0.037429674856308215
exp1a_190,1,1,1,0.0,-0.7363996791923271
exp1a_190,0,0,6,1.0,0.843383917424483
exp1a_190,0,0,3,0.0,-0.037429674856308215
exp1a_190,0,0,4,1.0,0.2178428302469978
exp1a_190,1,1,2,1.0,-0.25927842447266464
exp1a_190,0,0,4,0.0,0.2178428302469978
exp1a_190,0,0,4,0.0,-0.25927842447266464
exp1a_190,0,1,3,1.0,-0.7363996791923271
exp1a_190,0,0,1,-1.0,-0.25927842447266464
exp1a_190,1,1,6,1.0,0.843383917424483
exp1a_190,1,0,1,-1.0,-0.7363996791923271
exp1a_190,0,0,1,1.0,-0.25927842447266464
exp1a_190,1,1,6,0.0,0.843383917424483
exp1a_190,0,1,1,-1.0,-0.037429674856308215
exp1a_190,1,1,3,-1.0,0.2178428302469978
exp1a_190,0,0,1,-1.0,-0.7363996791923271
exp1a_190,1,1,2,1.0,-0.7363996791923271
exp1a_190,1,1,5,-1.0,0.843383917424483
exp1a_190,0,0,4,0.0,-0.037429674856308215
exp1a_190,1,1,6,1.0,0.843383917424483
exp1a_190,1,0,1,-1.0,-0.7363996791923271
exp1a_190,0,1,1,-1.0,-0.25927842447266464
exp1a_190,0,0,5,-1.0,0.843383917424483
exp1a_190,1,1,5,0.0,0.843383917424483
exp1a_190,1,0,2,0.0,-0.7363996791923271
exp1a_190,0,0,4,-1.0,-0.037429674856308215
exp1a_190,0,1,3,0.0,-0.7363996791923271
exp1a_190,0,0,5,1.0,0.843383917424483
exp1a_190,1,1,4,0.0,0.2178428302469978
exp1a_190,0,0,3,1.0,-0.037429674856308215
exp1a_190,1,0,3,1.0,-0.7363996791923271
exp1a_190,1,0,2,1.0,0.2178428302469978
exp1a_190,1,0,2,-1.0,-0.037429674856308215
exp1a_190,1,1,4,-1.0,0.2178428302469978
exp1a_190,1,0,1,1.0,-0.25927842447266464
exp1a_190,0,0,4,1.0,-0.25927842447266464
exp1a_190,0,0,4,1.0,0.2178428302469978
exp1a_190,0,0,3,0.0,-0.25927842447266464
exp1a_190,1,1,3,-1.0,-0.25927842447266464
exp1a_190,1,0,2,0.0,-0.25927842447266464
exp1a_190,0,0,4,0.0,0.2178428302469978
exp1a_190,0,0,1,-1.0,-0.7363996791923271
exp1a_190,0,0,4,1.0,-0.7363996791923271
exp1a_190,0,0,6,0.0,0.843383917424483
exp1a_190,1,0,1,1.0,-0.037429674856308215
exp1a_190,0,0,4,0.0,-0.25927842447266464
exp1a_190,0,0,4,0.0,-0.037429674856308215
exp1a_190,1,0,1,-1.0,-0.7363996791923271
exp1a_190,0,0,1,0.0,-0.7363996791923271
exp1a_190,0,0,3,-1.0,-0.037429674856308215
exp1a_190,0,0,3,-1.0,-0.25927842447266464
exp1a_190,0,0,6,0.0,0.843383917424483
exp1a_190,1,1,4,0.0,-0.037429674856308215
exp1a_190,0,0,3,1.0,-0.25927842447266464
exp1a_190,0,0,3,-1.0,-0.7363996791923271
exp1a_190,1,1,3,1.0,-0.25927842447266464
exp1a_190,0,0,4,0.0,0.2178428302469978
exp1a_190,0,1,3,1.0,-0.7363996791923271
exp1a_190,1,1,5,-1.0,0.843383917424483
exp1a_190,0,0,6,-1.0,0.843383917424483
exp1a_190,1,1,4,-1.0,0.2178428302469978
exp1a_190,1,1,1,-1.0,-0.037429674856308215
exp1a_190,1,1,6,0.0,0.843383917424483
exp1a_190,1,0,1,0.0,-0.7363996791923271
exp1a_190,1,1,3,0.0,-0.25927842447266464
exp1a_190,1,0,2,-1.0,-0.25927842447266464
exp1a_190,0,0,4,1.0,0.2178428302469978
exp1a_190,1,1,4,1.0,0.2178428302469978
exp1a_190,0,0,5,-1.0,0.2178428302469978
exp1a_190,1,0,1,1.0,-0.7363996791923271
exp1a_190,1,1,5,-1.0,0.843383917424483
exp1a_190,1,0,3,1.0,-0.25927842447266464
exp1a_190,0,0,2,1.0,-0.25927842447266464
exp1a_190,0,0,5,1.0,0.2178428302469978
exp1a_190,0,0,6,1.0,0.843383917424483
exp1a_190,1,1,1,1.0,-0.7363996791923271
exp1a_190,0,0,3,-1.0,-0.25927842447266464
exp1a_190,1,0,2,0.0,0.2178428302469978
exp1a_190,0,1,1,1.0,-0.7363996791923271
exp1a_190,1,0,1,0.0,-0.037429674856308215
exp1a_190,1,1,4,-1.0,0.2178428302469978
exp1a_190,0,0,2,-1.0,-0.037429674856308215
exp1a_190,1,1,6,0.0,0.843383917424483
exp1a_190,1,1,5,1.0,0.2178428302469978
exp1a_190,0,0,4,-1.0,0.2178428302469978
exp1a_190,0,0,1,-1.0,-0.7363996791923271
exp1a_190,1,1,1,0.0,-0.7363996791923271
exp1a_190,0,0,4,1.0,-0.037429674856308215
exp1a_190,0,0,6,-1.0,0.843383917424483
exp1a_190,1,0,1,0.0,-0.25927842447266464
exp1a_190,1,1,4,-1.0,-0.037429674856308215
exp1a_190,0,0,1,0.0,-0.7363996791923271
exp1a_190,0,1,1,0.0,-0.25927842447266464
exp1a_190,1,1,1,1.0,-0.037429674856308215
exp1a_190,1,0,1,-1.0,-0.7363996791923271
exp1a_190,1,0,1,0.0,-0.25927842447266464
exp1a_190,0,0,4,-1.0,0.2178428302469978
exp1a_190,0,0,3,1.0,-0.037429674856308215
exp1a_190,1,0,1,-1.0,-0.25927842447266464
exp1a_190,1,1,6,0.0,0.843383917424483
exp1a_190,1,1,4,1.0,0.2178428302469978
exp1a_190,0,0,6,1.0,0.843383917424483
exp1a_190,0,1,1,-1.0,-0.037429674856308215
exp1a_190,1,1,6,-1.0,0.843383917424483
exp1a_190,0,0,2,-1.0,-0.7363996791923271
exp1a_190,0,0,4,-1.0,0.843383917424483
exp1a_190,1,1,3,-1.0,0.2178428302469978
exp1a_190,0,0,3,0.0,-0.7363996791923271
exp1a_190,1,0,1,1.0,-0.7363996791923271
exp1a_190,1,1,4,-1.0,-0.037429674856308215
exp1a_190,0,0,2,0.0,-0.25927842447266464
exp1a_190,1,0,2,0.0,-0.7363996791923271
exp1a_190,1,1,2,1.0,-0.25927842447266464
exp1a_190,1,1,1,-1.0,-0.7363996791923271
exp1a_190,1,1,5,1.0,0.843383917424483
exp1a_190,0,0,1,-1.0,-0.25927842447266464
exp1a_190,0,0,6,0.0,0.843383917424483
exp1a_190,0,0,1,1.0,-0.7363996791923271
exp1a_190,1,1,4,1.0,-0.037429674856308215
exp1a_190,0,0,1,1.0,-0.25927842447266464
exp1a_190,1,1,4,0.0,0.2178428302469978
exp1a_190,0,0,4,1.0,0.2178428302469978
exp1a_190,0,0,4,0.0,0.2178428302469978
exp1a_190,1,1,3,0.0,-0.037429674856308215
exp1a_190,0,0,4,-1.0,0.2178428302469978
exp1a_190,0,0,6,-1.0,0.843383917424483
exp1a_190,1,1,4,-1.0,0.2178428302469978
exp1a_190,0,0,3,0.0,-0.25927842447266464
exp1a_190,0,0,3,0.0,-0.037429674856308215
exp1a_190,1,1,5,0.0,0.843383917424483
exp1a_190,0,0,4,1.0,0.2178428302469978
exp1a_190,1,0,1,1.0,-0.7363996791923271
exp1a_190,0,0,6,0.0,0.843383917424483
exp1a_190,1,1,4,0.0,0.2178428302469978
exp1a_190,1,0,1,1.0,-0.25927842447266464
exp1a_190,1,0,1,-1.0,-0.037429674856308215
exp1a_190,0,0,4,0.0,0.2178428302469978
exp1a_190,1,1,4,1.0,-0.037429674856308215
exp1a_190,1,1,2,0.0,-0.7363996791923271
exp1a_190,0,1,1,0.0,-0.7363996791923271
exp1a_190,1,0,1,-1.0,-0.7363996791923271
exp1a_190,0,0,3,-1.0,-0.7363996791923271
exp1a_190,1,1,4,-1.0,0.843383917424483
exp1a_190,1,1,4,0.0,-0.25927842447266464
exp1a_190,0,1,1,1.0,-0.25927842447266464
exp1a_190,1,1,5,1.0,0.2178428302469978
exp1a_190,0,0,3,-1.0,-0.037429674856308215
exp1a_190,1,1,6,1.0,0.843383917424483
exp1a_190,1,1,4,-1.0,-0.25927842447266464
exp1a_190,0,1,2,1.0,-0.7363996791923271
exp1a_190,0,0,1,-1.0,-0.25927842447266464
exp1a_190,1,1,3,-1.0,-0.037429674856308215
exp1a_190,1,1,3,1.0,-0.037429674856308215
exp1a_190,1,1,4,0.0,-0.037429674856308215
exp1a_190,1,1,6,-1.0,0.843383917424483
exp1a_190,0,0,2,0.0,-0.7363996791923271
exp1a_190,0,0,5,1.0,0.843383917424483
exp1a_190,0,1,3,1.0,-0.25927842447266464
exp1a_190,0,0,1,-1.0,-0.25927842447266464
exp1a_190,1,1,5,1.0,0.2178428302469978
exp1a_190,1,1,4,0.0,-0.25927842447266464
exp1a_190,1,0,1,-1.0,-0.25927842447266464
exp1a_190,1,1,5,0.0,0.2178428302469978
exp1a_190,1,1,5,0.0,0.843383917424483
exp1a_190,0,1,1,-1.0,-0.037429674856308215
exp1a_190,1,0,1,1.0,-0.25927842447266464
exp1a_190,0,0,4,0.0,-0.037429674856308215
exp1a_190,0,0,6,0.0,0.843383917424483
exp1a_190,0,0,5,1.0,0.2178428302469978
exp1a_190,1,1,2,0.0,-0.7363996791923271
exp1a_190,1,0,1,1.0,-0.7363996791923271
exp1a_190,1,1,6,1.0,0.843383917424483
exp1a_190,0,0,4,0.0,-0.25927842447266464
exp1a_190,1,0,1,-1.0,-0.7363996791923271
exp1a_190,1,1,4,0.0,-0.25927842447266464
exp1a_190,1,0,1,0.0,-0.7363996791923271
exp1a_190,0,0,4,-1.0,0.2178428302469978
exp1a_190,0,0,4,-1.0,-0.037429674856308215
exp1a_190,0,0,2,-1.0,-0.7363996791923271
exp1a_190,1,1,6,0.0,0.843383917424483
exp1a_190,1,0,1,1.0,-0.037429674856308215
exp1a_190,0,0,1,0.0,-0.25927842447266464
exp1a_190,0,0,3,1.0,-0.25927842447266464
exp1a_190,1,1,6,-1.0,0.843383917424483
exp1a_190,1,1,3,-1.0,-0.7363996791923271
exp1a_190,0,0,3,1.0,-0.037429674856308215
exp1a_190,1,1,6,1.0,0.843383917424483
exp1a_190,1,1,1,-1.0,-0.037429674856308215
exp1a_190,1,1,6,1.0,0.2178428302469978
exp1a_190,0,0,5,0.0,0.843383917424483
exp1a_190,0,0,1,1.0,-0.7363996791923271
exp1a_190,0,0,6,1.0,0.843383917424483
exp1a_190,1,1,5,-1.0,0.2178428302469978
exp1a_190,0,0,1,-1.0,-0.25927842447266464
exp1a_191,1,1,3,0.0,-0.7363996791923271
exp1a_191,0,0,4,-1.0,0.2178428302469978
exp1a_191,0,0,6,-1.0,0.843383917424483
exp1a_191,0,0,6,-1.0,-0.037429674856308215
exp1a_191,1,1,6,1.0,-0.7363996791923271
exp1a_191,1,1,6,-1.0,0.843383917424483
exp1a_191,1,0,5,1.0,-0.25927842447266464
exp1a_191,1,1,6,0.0,0.843383917424483
exp1a_191,0,1,3,-1.0,-0.7363996791923271
exp1a_191,0,0,6,1.0,0.2178428302469978
exp1a_191,0,0,6,1.0,0.843383917424483
exp1a_191,0,0,6,1.0,-0.037429674856308215
exp1a_191,1,1,6,0.0,0.2178428302469978
exp1a_191,0,0,3,0.0,-0.037429674856308215
exp1a_191,0,0,4,1.0,-0.7363996791923271
exp1a_191,1,1,5,-1.0,0.2178428302469978
exp1a_191,1,1,4,-1.0,-0.25927842447266464
exp1a_191,0,0,6,0.0,0.843383917424483
exp1a_191,1,1,6,-1.0,-0.037429674856308215
exp1a_191,1,1,6,0.0,-0.25927842447266464
exp1a_191,1,1,6,1.0,0.843383917424483
exp1a_191,0,0,3,0.0,-0.25927842447266464
exp1a_191,1,1,5,0.0,-0.037429674856308215
exp1a_191,1,1,3,-1.0,-0.7363996791923271
exp1a_191,0,0,6,0.0,0.2178428302469978
exp1a_191,0,1,5,1.0,-0.25927842447266464
exp1a_191,0,1,6,-1.0,-0.25927842447266464
exp1a_191,1,0,4,1.0,0.2178428302469978
exp1a_191,1,1,6,1.0,-0.037429674856308215
exp1a_191,0,1,6,0.0,-0.7363996791923271
exp1a_191,1,1,6,0.0,-0.25927842447266464
exp1a_191,0,1,6,0.0,-0.25927842447266464
exp1a_191,1,0,3,0.0,-0.037429674856308215
exp1a_191,1,1,5,-1.0,-0.037429674856308215
exp1a_191,0,0,6,1.0,-0.25927842447266464
exp1a_191,1,1,5,0.0,0.2178428302469978
exp1a_191,0,1,3,-1.0,-0.25927842447266464
exp1a_191,0,0,4,0.0,-0.7363996791923271
exp1a_191,1,1,5,1.0,-0.037429674856308215
exp1a_191,0,0,6,0.0,0.843383917424483
exp1a_191,1,1,4,-1.0,0.2178428302469978
exp1a_191,0,0,6,1.0,-0.037429674856308215
exp1a_191,1,1,3,0.0,-0.7363996791923271
exp1a_191,0,0,6,1.0,0.2178428302469978
exp1a_191,0,0,5,0.0,-0.037429674856308215
exp1a_191,0,0,6,0.0,0.2178428302469978
exp1a_191,1,1,6,1.0,-0.7363996791923271
exp1a_191,0,0,5,1.0,-0.7363996791923271
exp1a_191,1,1,3,1.0,-0.25927842447266464
exp1a_191,1,0,3,-1.0,-0.7363996791923271
exp1a_191,0,1,4,-1.0,-0.7363996791923271
exp1a_191,1,1,6,-1.0,0.843383917424483
exp1a_191,0,0,6,-1.0,0.843383917424483
exp1a_191,1,1,6,0.0,0.843383917424483
exp1a_191,1,1,6,1.0,0.2178428302469978
exp1a_191,0,0,6,1.0,0.843383917424483
exp1a_191,1,0,4,-1.0,-0.25927842447266464
exp1a_191,1,1,6,1.0,0.843383917424483
exp1a_191,0,0,6,-1.0,-0.037429674856308215
exp1a_191,0,1,5,-1.0,0.2178428302469978
exp1a_191,1,1,6,1.0,0.843383917424483
exp1a_191,0,0,6,1.0,0.843383917424483
exp1a_191,1,1,6,0.0,0.843383917424483
exp1a_191,0,0,6,-1.0,0.843383917424483
exp1a_191,0,0,6,0.0,0.2178428302469978
exp1a_191,0,1,5,1.0,-0.7363996791923271
exp1a_191,1,1,5,0.0,-0.037429674856308215
exp1a_191,0,0,6,1.0,-0.037429674856308215
exp1a_191,1,1,6,1.0,-0.7363996791923271
exp1a_191,0,0,4,-1.0,-0.25927842447266464
exp1a_191,0,1,6,-1.0,-0.7363996791923271
exp1a_191,1,1,4,-1.0,-0.037429674856308215
exp1a_191,1,1,6,-1.0,-0.25927842447266464
exp1a_191,0,0,6,0.0,-0.037429674856308215
exp1a_191,0,0,6,0.0,0.843383917424483
exp1a_191,0,0,6,1.0,0.2178428302469978
exp1a_191,1,1,6,1.0,-0.25927842447266464
exp1a_191,1,1,6,-1.0,0.843383917424483
exp1a_191,1,1,6,1.0,-0.037429674856308215
exp1a_191,1,0,5,0.0,-0.25927842447266464
exp1a_191,1,1,6,0.0,0.2178428302469978
exp1a_191,0,0,4,0.0,-0.25927842447266464
exp1a_191,1,1,6,0.0,-0.7363996791923271
exp1a_191,0,1,5,1.0,-0.25927842447266464
exp1a_191,1,1,5,1.0,0.2178428302469978
exp1a_191,1,0,4,-1.0,0.2178428302469978
exp1a_191,0,1,5,0.0,-0.7363996791923271
exp1a_191,0,0,3,-1.0,-0.037429674856308215
exp1a_191,1,0,4,-1.0,-0.7363996791923271
exp1a_191,0,0,6,-1.0,0.2178428302469978
exp1a_191,0,1,5,-1.0,-0.7363996791923271
exp1a_191,1,1,6,1.0,0.843383917424483
exp1a_191,0,0,5,1.0,-0.7363996791923271
exp1a_191,1,1,4,1.0,-0.25927842447266464
exp1a_191,1,1,5,0.0,0.2178428302469978
exp1a_191,0,0,6,1.0,0.2178428302469978
exp1a_191,0,0,6,0.0,-0.25927842447266464
exp1a_191,1,1,2,1.0,0.2178428302469978
exp1a_191,1,1,5,0.0,-0.25927842447266464
exp1a_191,1,0,4,-1.0,0.2178428302469978
exp1a_191,1,1,5,1.0,-0.037429674856308215
exp1a_191,1,0,3,0.0,-0.7363996791923271
exp1a_191,0,0,3,-1.0,-0.037429674856308215
exp1a_191,1,1,5,1.0,-0.7363996791923271
exp1a_191,0,0,6,0.0,0.843383917424483
exp1a_191,1,1,6,-1.0,0.843383917424483
exp1a_191,0,0,6,1.0,-0.037429674856308215
exp1a_191,1,1,5,0.0,-0.037429674856308215
exp1a_191,0,0,6,-1.0,0.2178428302469978
exp1a_191,1,0,4,-1.0,-0.25927842447266464
exp1a_191,1,1,5,-1.0,-0.037429674856308215
exp1a_191,0,0,3,1.0,-0.25927842447266464
exp1a_191,0,0,6,-1.0,0.843383917424483
exp1a_191,0,0,4,0.0,-0.7363996791923271
exp1a_191,0,0,3,0.0,-0.037429674856308215
exp1a_191,0,0,6,0.0,0.2178428302469978
exp1a_191,0,0,6,1.0,0.843383917424483
exp1a_191,0,1,4,-1.0,-0.25927842447266464
exp1a_191,1,1,6,-1.0,-0.7363996791923271
exp1a_191,1,1,6,0.0,0.843383917424483
exp1a_191,1,1,4,1.0,-0.7363996791923271
exp1a_191,1,1,4,0.0,-0.7363996791923271
exp1a_191,0,1,5,-1.0,-0.037429674856308215
exp1a_191,0,0,3,-1.0,-0.7363996791923271
exp1a_191,1,0,5,-1.0,-0.7363996791923271
exp1a_191,0,1,5,1.0,-0.7363996791923271
exp1a_191,0,0,6,0.0,0.843383917424483
exp1a_191,0,0,6,1.0,0.843383917424483
exp1a_191,1,1,6,0.0,0.843383917424483
exp1a_191,0,0,6,0.0,-0.7363996791923271
exp1a_191,1,1,6,0.0,-0.25927842447266464
exp1a_191,1,1,5,0.0,0.2178428302469978
exp1a_191,0,0,4,0.0,-0.25927842447266464
exp1a_191,0,0,6,-1.0,0.843383917424483
exp1a_191,0,0,6,0.0,-0.037429674856308215
exp1a_191,0,0,5,1.0,-0.25927842447266464
exp1a_191,1,0,3,-1.0,-0.25927842447266464
exp1a_191,1,1,6,-1.0,0.843383917424483
exp1a_191,0,0,6,0.0,0.2178428302469978
exp1a_191,1,1,5,1.0,-0.25927842447266464
exp1a_191,0,0,4,-1.0,0.2178428302469978
exp1a_191,1,1,6,0.0,-0.037429674856308215
exp1a_191,1,1,5,1.0,0.2178428302469978
exp1a_191,1,1,5,1.0,-0.037429674856308215
exp1a_191,0,1,5,1.0,-0.037429674856308215
exp1a_191,1,1,6,-1.0,-0.037429674856308215
exp1a_191,0,0,4,1.0,0.2178428302469978
exp1a_191,0,1,6,-1.0,-0.25927842447266464
exp1a_191,1,1,6,1.0,0.843383917424483
exp1a_191,1,0,3,-1.0,0.2178428302469978
exp1a_191,0,0,5,-1.0,-0.037429674856308215
exp1a_191,0,1,6,1.0,-0.7363996791923271
exp1a_191,0,1,5,-1.0,-0.7363996791923271
exp1a_191,1,1,4,0.0,0.2178428302469978
exp1a_191,0,0,6,1.0,0.2178428302469978
exp1a_191,1,1,5,-1.0,-0.7363996791923271
exp1a_191,1,1,6,1.0,0.843383917424483
exp1a_191,0,0,6,-1.0,-0.25927842447266464
exp1a_191,0,1,5,1.0,-0.25927842447266464
exp1a_191,1,1,4,-1.0,0.2178428302469978
exp1a_191,1,1,6,0.0,0.843383917424483
exp1a_191,1,0,3,0.0,-0.25927842447266464
exp1a_191,0,0,4,-1.0,0.2178428302469978
exp1a_191,0,0,6,-1.0,0.843383917424483
exp1a_191,1,1,5,1.0,-0.7363996791923271
exp1a_191,1,1,6,-1.0,0.843383917424483
exp1a_191,1,1,6,0.0,-0.7363996791923271
exp1a_191,1,1,5,1.0,-0.25927842447266464
exp1a_191,1,0,3,1.0,-0.037429674856308215
exp1a_191,0,1,5,1.0,-0.037429674856308215
exp1a_191,0,1,5,0.0,-0.7363996791923271
exp1a_191,1,0,4,1.0,0.2178428302469978
exp1a_191,0,1,3,0.0,-0.037429674856308215
exp1a_191,0,1,4,0.0,-0.25927842447266464
exp1a_191,1,0,3,0.0,-0.037429674856308215
exp1a_191,1,0,4,-1.0,-0.037429674856308215
exp1a_191,0,0,6,1.0,0.843383917424483
exp1a_191,0,0,5,0.0,0.2178428302469978
exp1a_191,0,0,6,0.0,0.843383917424483
exp1a_191,1,1,6,-1.0,-0.25927842447266464
exp1a_191,1,1,4,1.0,-0.7363996791923271
exp1a_191,1,1,6,-1.0,0.843383917424483
exp1a_191,0,1,5,-1.0,-0.7363996791923271
exp1a_191,0,0,6,0.0,0.843383917424483
exp1a_191,0,0,4,1.0,-0.037429674856308215
exp1a_191,0,1,5,-1.0,-0.037429674856308215
exp1a_191,1,1,5,1.0,-0.25927842447266464
exp1a_191,1,1,6,0.0,0.843383917424483
exp1a_191,1,0,4,-1.0,-0.7363996791923271
exp1a_191,0,0,5,0.0,-0.037429674856308215
exp1a_191,0,1,5,1.0,-0.25927842447266464
exp1a_191,1,1,5,1.0,0.2178428302469978
exp1a_191,0,0,3,0.0,-0.7363996791923271
exp1a_191,1,0,4,-1.0,-0.037429674856308215
exp1a_191,1,1,5,-1.0,-0.25927842447266464
exp1a_191,1,1,6,1.0,0.843383917424483
exp1a_191,1,1,6,0.0,-0.037429674856308215
exp1a_191,1,0,4,1.0,-0.037429674856308215
exp1a_191,0,0,6,1.0,0.2178428302469978
exp1a_191,0,0,5,1.0,-0.7363996791923271
exp1a_191,1,1,5,0.0,-0.25927842447266464
exp1a_191,0,0,3,0.0,0.2178428302469978
exp1a_191,1,1,4,0.0,0.2178428302469978
exp1a_191,0,0,6,1.0,0.843383917424483
exp1a_191,0,1,2,-1.0,-0.25927842447266464
exp1a_191,1,1,5,-1.0,0.2178428302469978
exp1a_191,1,0,5,0.0,-0.7363996791923271
exp1a_191,0,0,4,0.0,-0.25927842447266464
exp1a_191,0,0,5,-1.0,0.2178428302469978
exp1a_191,0,0,6,-1.0,0.843383917424483
exp1a_191,1,1,6,-1.0,0.843383917424483
exp1a_191,0,0,5,0.0,-0.037429674856308215
exp1a_191,1,1,4,1.0,-0.7363996791923271
exp1a_191,1,0,3,-1.0,-0.7363996791923271
exp1a_191,0,0,4,-1.0,-0.037429674856308215
exp1a_191,1,1,5,-1.0,-0.25927842447266464
exp1a_191,1,0,6,0.0,-0.25927842447266464
exp1a_191,1,1,6,-1.0,0.2178428302469978
exp1a_191,0,0,6,-1.0,0.843383917424483
exp1a_191,0,0,6,1.0,0.843383917424483
exp1a_191,0,0,4,-1.0,-0.7363996791923271
exp1a_191,1,0,4,-1.0,-0.037429674856308215
exp1a_191,0,0,6,-1.0,0.2178428302469978
exp1a_191,1,1,4,0.0,0.2178428302469978
exp1a_191,1,1,6,1.0,0.843383917424483
exp1a_191,1,1,6,0.0,0.843383917424483
exp1a_191,0,0,5,0.0,-0.25927842447266464
exp1a_191,1,1,5,1.0,-0.25927842447266464
exp1a_191,0,0,6,0.0,0.843383917424483
exp1a_191,1,1,5,0.0,-0.037429674856308215
exp1a_191,1,0,4,1.0,-0.037429674856308215
exp1a_191,0,0,6,1.0,0.2178428302469978
exp1a_191,0,1,6,0.0,-0.7363996791923271
exp1a_191,0,1,5,1.0,-0.7363996791923271
exp1a_191,0,0,5,1.0,-0.037429674856308215
exp1a_191,1,1,6,0.0,-0.7363996791923271
exp1a_191,0,0,5,1.0,-0.25927842447266464
exp1a_191,1,0,5,1.0,0.2178428302469978
exp1a_191,0,1,5,-1.0,-0.25927842447266464
exp1a_191,0,0,4,0.0,0.2178428302469978
exp1a_192,0,0,4,1.0,-0.7363996791923271
exp1a_192,1,0,3,0.0,-0.7363996791923271
exp1a_192,0,0,6,0.0,0.843383917424483
exp1a_192,1,1,4,0.0,-0.25927842447266464
exp1a_192,0,0,6,1.0,0.843383917424483
exp1a_192,0,0,5,1.0,-0.25927842447266464
exp1a_192,1,1,3,0.0,-0.037429674856308215
exp1a_192,0,0,6,-1.0,0.843383917424483
exp1a_192,0,0,3,-1.0,-0.7363996791923271
exp1a_192,0,0,3,0.0,-0.25927842447266464
exp1a_192,1,1,6,1.0,-0.25927842447266464
exp1a_192,1,1,6,-1.0,0.843383917424483
exp1a_192,0,0,3,-1.0,-0.25927842447266464
exp1a_192,1,0,4,1.0,-0.7363996791923271
exp1a_192,0,0,6,-1.0,0.2178428302469978
exp1a_192,0,0,6,1.0,0.2178428302469978
exp1a_192,0,0,4,0.0,-0.7363996791923271
exp1a_192,1,0,3,-1.0,-0.037429674856308215
exp1a_192,1,1,5,1.0,-0.037429674856308215
exp1a_192,0,0,5,1.0,-0.037429674856308215
exp1a_192,1,1,3,0.0,0.2178428302469978
exp1a_192,0,0,3,0.0,-0.037429674856308215
exp1a_192,1,1,4,-1.0,-0.25927842447266464
exp1a_192,1,1,4,1.0,0.2178428302469978
exp1a_192,1,0,5,-1.0,0.2178428302469978
exp1a_192,1,1,6,1.0,0.843383917424483
exp1a_192,0,0,6,-1.0,-0.037429674856308215
exp1a_192,1,1,4,-1.0,-0.7363996791923271
exp1a_192,1,1,6,0.0,0.843383917424483
exp1a_192,0,0,6,0.0,0.2178428302469978
exp1a_192,0,0,4,1.0,-0.25927842447266464
exp1a_192,1,1,6,0.0,0.843383917424483
exp1a_192,1,1,6,-1.0,-0.25927842447266464
exp1a_192,1,1,4,1.0,-0.25927842447266464
exp1a_192,0,0,3,-1.0,-0.037429674856308215
exp1a_192,1,1,6,1.0,0.843383917424483
exp1a_192,0,0,3,-1.0,-0.7363996791923271
exp1a_192,0,1,5,0.0,-0.7363996791923271
exp1a_192,0,0,4,-1.0,-0.25927842447266464
exp1a_192,0,0,6,1.0,-0.037429674856308215
exp1a_192,1,1,6,1.0,-0.037429674856308215
exp1a_192,1,1,6,-1.0,-0.037429674856308215
exp1a_192,1,1,6,0.0,0.2178428302469978
exp1a_192,0,0,6,1.0,0.2178428302469978
exp1a_192,0,0,6,-1.0,0.843383917424483
exp1a_192,1,0,3,-1.0,-0.7363996791923271
exp1a_192,0,0,6,0.0,0.843383917424483
exp1a_192,0,0,6,0.0,-0.25927842447266464
exp1a_192,1,1,6,-1.0,0.843383917424483
exp1a_192,0,1,4,0.0,-0.037429674856308215
exp1a_192,1,0,4,0.0,-0.25927842447266464
exp1a_192,0,0,5,1.0,-0.7363996791923271
exp1a_192,0,0,3,0.0,0.2178428302469978
exp1a_192,1,1,5,0.0,-0.037429674856308215
exp1a_192,1,1,6,-1.0,0.2178428302469978
exp1a_192,1,1,4,0.0,-0.7363996791923271
exp1a_192,0,0,6,-1.0,0.2178428302469978
exp1a_192,1,0,4,1.0,-0.7363996791923271
exp1a_192,1,1,6,1.0,0.2178428302469978
exp1a_192,0,0,6,1.0,0.843383917424483
exp1a_192,0,0,6,1.0,-0.037429674856308215
exp1a_192,0,0,6,0.0,0.2178428302469978
exp1a_192,0,0,6,1.0,-0.25927842447266464
exp1a_192,0,0,6,0.0,0.843383917424483
exp1a_192,0,1,6,0.0,-0.037429674856308215
exp1a_192,1,1,6,0.0,0.843383917424483
exp1a_192,1,1,4,0.0,-0.7363996791923271
exp1a_192,1,1,4,0.0,-0.037429674856308215
exp1a_192,0,0,6,1.0,-0.7363996791923271
exp1a_192,1,1,6,-1.0,0.843383917424483
exp1a_192,1,0,3,1.0,-0.037429674856308215
exp1a_192,1,1,5,-1.0,0.2178428302469978
exp1a_192,0,0,5,0.0,-0.25927842447266464
exp1a_192,0,0,6,1.0,0.2178428302469978
exp1a_192,0,0,6,-1.0,-0.037429674856308215
exp1a_192,1,0,4,1.0,-0.25927842447266464
exp1a_192,1,1,6,1.0,0.2178428302469978
exp1a_192,1,1,6,0.0,0.2178428302469978
exp1a_192,0,0,6,-1.0,-0.25927842447266464
exp1a_192,1,1,6,0.0,-0.25927842447266464
exp1a_192,1,0,3,-1.0,-0.7363996791923271
exp1a_192,0,0,6,-1.0,0.843383917424483
exp1a_192,1,0,3,1.0,-0.7363996791923271
exp1a_192,0,0,6,-1.0,0.2178428302469978
exp1a_192,0,1,4,0.0,-0.7363996791923271
exp1a_192,0,0,6,-1.0,-0.7363996791923271
exp1a_192,0,0,6,1.0,0.843383917424483
exp1a_192,1,0,3,-1.0,-0.25927842447266464
exp1a_192,1,1,6,1.0,0.843383917424483
exp1a_192,1,1,6,-1.0,-0.037429674856308215
exp1a_192,0,0,6,0.0,0.2178428302469978
exp1a_192,0,0,4,-1.0,-0.7363996791923271
exp1a_192,0,0,4,1.0,-0.25927842447266464
exp1a_192,1,1,6,0.0,0.2178428302469978
exp1a_192,0,0,6,1.0,0.843383917424483
exp1a_192,0,0,4,0.0,-0.037429674856308215
exp1a_192,1,1,4,1.0,-0.7363996791923271
exp1a_192,0,0,4,0.0,-0.25927842447266464
exp1a_192,1,1,6,1.0,0.2178428302469978
exp1a_192,0,0,6,1.0,0.2178428302469978
exp1a_192,1,0,6,0.0,-0.7363996791923271
exp1a_192,1,1,6,1.0,-0.037429674856308215
exp1a_192,0,0,6,1.0,-0.7363996791923271
exp1a_192,0,0,5,-1.0,-0.037429674856308215
exp1a_192,0,0,6,-1.0,0.843383917424483
exp1a_192,1,1,3,-1.0,-0.25927842447266464
exp1a_192,0,0,3,-1.0,-0.25927842447266464
exp1a_192,1,1,6,0.0,0.843383917424483
exp1a_192,1,1,5,0.0,-0.037429674856308215
exp1a_192,0,0,6,0.0,-0.7363996791923271
exp1a_192,1,1,5,0.0,-0.25927842447266464
exp1a_192,0,0,5,1.0,-0.037429674856308215
exp1a_192,1,0,3,-1.0,-0.7363996791923271
exp1a_192,1,1,6,-1.0,0.2178428302469978
exp1a_192,1,0,5,1.0,-0.25927842447266464
exp1a_192,1,1,6,-1.0,0.843383917424483
exp1a_192,1,1,4,-1.0,-0.037429674856308215
exp1a_192,0,0,6,-1.0,0.2178428302469978
exp1a_192,1,1,6,1.0,0.843383917424483
exp1a_192,0,0,6,0.0,0.843383917424483
exp1a_192,0,0,4,0.0,-0.7363996791923271
exp1a_192,0,0,4,-1.0,-0.25927842447266464
exp1a_192,1,1,4,1.0,-0.7363996791923271
exp1a_192,0,0,6,1.0,0.2178428302469978
exp1a_192,1,1,6,1.0,0.2178428302469978
exp1a_192,1,1,6,0.0,0.843383917424483
exp1a_192,1,1,6,0.0,-0.037429674856308215
exp1a_192,0,0,6,1.0,-0.7363996791923271
exp1a_192,1,1,6,0.0,0.2178428302469978
exp1a_192,1,1,6,1.0,0.843383917424483
exp1a_192,0,0,6,-1.0,0.2178428302469978
exp1a_192,0,0,6,0.0,-0.037429674856308215
exp1a_192,1,1,6,-1.0,0.2178428302469978
exp1a_192,1,1,6,-1.0,-0.7363996791923271
exp1a_192,1,1,3,0.0,-0.7363996791923271
exp1a_192,0,0,6,0.0,-0.25927842447266464
exp1a_192,0,0,6,-1.0,0.843383917424483
exp1a_192,0,0,6,0.0,0.2178428302469978
exp1a_192,1,1,6,-1.0,0.843383917424483
exp1a_192,0,0,6,1.0,-0.037429674856308215
exp1a_192,1,1,6,1.0,-0.037429674856308215
exp1a_192,0,0,3,-1.0,-0.7363996791923271
exp1a_192,1,0,3,0.0,-0.25927842447266464
exp1a_192,0,0,6,1.0,0.843383917424483
exp1a_192,0,0,6,-1.0,-0.037429674856308215
exp1a_192,1,1,5,-1.0,-0.25927842447266464
exp1a_192,0,0,6,1.0,-0.25927842447266464
exp1a_192,1,1,4,-1.0,-0.037429674856308215
exp1a_192,0,0,3,1.0,-0.7363996791923271
exp1a_192,1,1,6,1.0,0.843383917424483
exp1a_192,1,1,6,1.0,0.2178428302469978
exp1a_192,0,0,4,1.0,-0.25927842447266464
exp1a_192,0,0,6,-1.0,0.843383917424483
exp1a_192,0,0,4,-1.0,-0.7363996791923271
exp1a_192,1,1,4,-1.0,0.2178428302469978
exp1a_192,0,0,6,0.0,0.2178428302469978
exp1a_192,1,1,4,1.0,-0.25927842447266464
exp1a_192,1,0,3,0.0,-0.7363996791923271
exp1a_192,1,0,3,0.0,-0.037429674856308215
exp1a_192,1,0,4,1.0,-0.7363996791923271
exp1a_192,0,0,6,-1.0,-0.037429674856308215
exp1a_192,1,0,3,0.0,-0.25927842447266464
exp1a_192,0,0,3,1.0,-0.037429674856308215
exp1a_192,1,1,6,0.0,0.843383917424483
exp1a_192,0,1,4,0.0,-0.25927842447266464
exp1a_192,1,0,3,1.0,-0.037429674856308215
exp1a_192,0,0,3,-1.0,-0.25927842447266464
exp1a_192,0,0,6,0.0,0.843383917424483
exp1a_192,0,0,6,0.0,-0.037429674856308215
exp1a_192,1,1,3,-1.0,-0.7363996791923271
exp1a_192,1,1,3,-1.0,-0.25927842447266464
exp1a_192,0,0,6,1.0,0.843383917424483
exp1a_192,1,1,6,0.0,0.2178428302469978
exp1a_192,1,1,6,-1.0,0.843383917424483
exp1a_192,1,1,4,-1.0,-0.037429674856308215
exp1a_192,0,0,6,-1.0,0.2178428302469978
exp1a_192,0,1,4,0.0,-0.7363996791923271
exp1a_192,0,0,6,1.0,0.2178428302469978
exp1a_192,1,1,6,0.0,0.843383917424483
exp1a_192,0,0,3,0.0,-0.7363996791923271
exp1a_192,0,0,6,1.0,0.2178428302469978
exp1a_192,1,1,6,0.0,-0.037429674856308215
exp1a_192,1,1,3,0.0,-0.25927842447266464
exp1a_192,1,1,5,1.0,0.2178428302469978
exp1a_192,1,0,4,0.0,-0.7363996791923271
exp1a_192,0,0,6,0.0,0.843383917424483
exp1a_192,1,1,6,-1.0,0.2178428302469978
exp1a_192,0,0,6,-1.0,0.843383917424483
exp1a_192,0,0,6,0.0,-0.25927842447266464
exp1a_192,0,0,6,-1.0,0.2178428302469978
exp1a_192,1,1,6,1.0,-0.7363996791923271
exp1a_192,0,0,3,-1.0,-0.037429674856308215
exp1a_192,0,0,6,1.0,0.843383917424483
exp1a_192,1,1,3,-1.0,-0.7363996791923271
exp1a_192,1,0,5,1.0,-0.037429674856308215
exp1a_192,1,1,6,-1.0,0.843383917424483
exp1a_192,0,1,3,-1.0,-0.7363996791923271
exp1a_192,0,0,5,-1.0,-0.25927842447266464
exp1a_192,0,0,6,1.0,-0.037429674856308215
exp1a_192,0,0,4,1.0,-0.7363996791923271
exp1a_192,0,1,3,0.0,-0.037429674856308215
exp1a_192,1,0,3,-1.0,-0.037429674856308215
exp1a_192,1,1,6,0.0,0.2178428302469978
exp1a_192,1,1,6,1.0,0.843383917424483
exp1a_192,0,1,6,1.0,-0.25927842447266464
exp1a_192,1,1,4,1.0,-0.25927842447266464
exp1a_192,0,0,6,0.0,0.2178428302469978
exp1a_192,0,1,3,-1.0,-0.037429674856308215
exp1a_192,0,1,4,0.0,-0.7363996791923271
exp1a_192,1,0,6,1.0,-0.7363996791923271
exp1a_192,0,0,6,1.0,0.2178428302469978
exp1a_192,1,1,6,0.0,-0.7363996791923271
exp1a_192,1,1,6,0.0,-0.037429674856308215
exp1a_192,1,1,6,-1.0,-0.037429674856308215
exp1a_192,0,0,6,-1.0,-0.7363996791923271
exp1a_192,0,0,3,0.0,-0.037429674856308215
exp1a_192,1,0,5,-1.0,-0.25927842447266464
exp1a_192,0,0,5,0.0,-0.25927842447266464
exp1a_192,1,1,6,1.0,0.2178428302469978
exp1a_192,0,0,6,-1.0,0.843383917424483
exp1a_192,0,0,6,0.0,0.2178428302469978
exp1a_192,0,0,6,1.0,-0.037429674856308215
exp1a_192,1,1,6,1.0,-0.037429674856308215
exp1a_192,0,0,6,1.0,-0.25927842447266464
exp1a_192,0,0,6,-1.0,0.2178428302469978
exp1a_192,0,0,6,0.0,0.843383917424483
exp1a_192,1,1,6,-1.0,0.2178428302469978
exp1a_192,1,1,6,0.0,0.843383917424483
exp1a_192,1,1,3,1.0,-0.25927842447266464
exp1a_192,1,1,6,0.0,0.2178428302469978
exp1a_192,0,0,6,1.0,-0.7363996791923271
exp1a_192,0,0,6,1.0,0.843383917424483
exp1a_192,1,1,6,1.0,0.843383917424483
exp1a_192,1,1,6,0.0,-0.25927842447266464
exp1a_192,1,1,6,-1.0,0.843383917424483
exp1a_192,0,0,4,-1.0,-0.25927842447266464
exp1a_192,1,0,4,-1.0,-0.7363996791923271
exp1a_193,0,0,6,-1.0,0.2178428302469978
exp1a_193,0,0,5,0.0,-0.25927842447266464
exp1a_193,0,0,5,0.0,0.2178428302469978
exp1a_193,1,1,6,1.0,0.2178428302469978
exp1a_193,1,1,6,1.0,-0.037429674856308215
exp1a_193,1,0,5,-1.0,-0.7363996791923271
exp1a_193,0,0,6,0.0,0.843383917424483
exp1a_193,0,1,6,0.0,-0.7363996791923271
exp1a_193,0,1,4,0.0,-0.037429674856308215
exp1a_193,1,1,6,0.0,0.843383917424483
exp1a_193,1,1,6,1.0,0.843383917424483
exp1a_193,0,0,6,1.0,0.2178428302469978
exp1a_193,0,1,5,-1.0,-0.7363996791923271
exp1a_193,1,1,6,1.0,-0.25927842447266464
exp1a_193,0,0,6,1.0,0.843383917424483
exp1a_193,1,0,6,0.0,-0.7363996791923271
exp1a_193,0,1,4,-1.0,-0.037429674856308215
exp1a_193,1,1,6,0.0,0.2178428302469978
exp1a_193,0,1,6,1.0,-0.7363996791923271
exp1a_193,1,1,6,-1.0,0.2178428302469978
exp1a_193,1,1,6,1.0,-0.7363996791923271
exp1a_193,0,0,4,1.0,-0.25927842447266464
exp1a_193,0,1,6,1.0,-0.037429674856308215
exp1a_193,0,1,1,-1.0,-0.25927842447266464
exp1a_193,1,1,5,-1.0,-0.25927842447266464
exp1a_193,1,1,5,-1.0,-0.037429674856308215
exp1a_193,1,1,6,-1.0,0.843383917424483
exp1a_193,1,1,5,0.0,-0.037429674856308215
exp1a_193,1,1,5,0.0,-0.25927842447266464
exp1a_193,0,0,6,-1.0,0.843383917424483
exp1a_193,1,0,4,-1.0,-0.037429674856308215
exp1a_193,1,1,6,1.0,0.843383917424483
exp1a_193,0,0,6,-1.0,0.843383917424483
exp1a_193,1,1,6,0.0,0.843383917424483
exp1a_193,0,1,4,0.0,-0.25927842447266464
exp1a_193,1,1,5,0.0,-0.037429674856308215
exp1a_193,1,1,5,0.0,0.2178428302469978
exp1a_193,1,0,5,-1.0,-0.7363996791923271
exp1a_193,1,1,6,-1.0,0.2178428302469978
exp1a_193,0,0,5,-1.0,-0.7363996791923271
exp1a_193,1,1,6,-1.0,0.843383917424483
exp1a_193,0,0,6,-1.0,0.2178428302469978
exp1a_193,1,1,6,0.0,-0.25927842447266464
exp1a_193,0,1,2,-1.0,-0.25927842447266464
exp1a_193,1,1,4,0.0,-0.7363996791923271
exp1a_193,0,0,4,0.0,-0.7363996791923271
exp1a_193,0,0,6,1.0,-0.7363996791923271
exp1a_193,1,0,5,1.0,-0.037429674856308215
exp1a_193,0,1,4,-1.0,-0.037429674856308215
exp1a_193,0,1,5,0.0,-0.037429674856308215
exp1a_193,0,0,6,0.0,0.843383917424483
exp1a_193,1,0,5,1.0,-0.7363996791923271
exp1a_193,0,0,5,1.0,-0.25927842447266464
exp1a_193,1,1,5,1.0,0.2178428302469978
exp1a_193,0,0,6,1.0,0.843383917424483
exp1a_193,0,0,3,-1.0,-0.037429674856308215
exp1a_193,0,0,6,0.0,0.843383917424483
exp1a_193,0,0,4,-1.0,0.2178428302469978
exp1a_193,0,0,3,0.0,-0.037429674856308215
exp1a_193,0,0,5,1.0,-0.037429674856308215
exp1a_193,1,1,6,1.0,0.2178428302469978
exp1a_193,1,1,6,1.0,0.843383917424483
exp1a_193,0,1,4,0.0,-0.25927842447266464
exp1a_193,0,1,5,0.0,0.2178428302469978
exp1a_193,1,1,5,0.0,0.2178428302469978
exp1a_193,1,1,6,1.0,-0.25927842447266464
exp1a_193,0,1,5,0.0,-0.7363996791923271
exp1a_193,1,1,6,0.0,0.843383917424483
exp1a_193,0,1,6,1.0,-0.25927842447266464
exp1a_193,1,1,6,-1.0,0.843383917424483
exp1a_193,1,1,6,1.0,-0.7363996791923271
exp1a_193,1,1,6,1.0,-0.037429674856308215
exp1a_193,1,1,5,-1.0,-0.037429674856308215
exp1a_193,1,1,5,0.0,-0.25927842447266464
exp1a_193,1,1,5,-1.0,-0.7363996791923271
exp1a_193,1,1,6,0.0,-0.7363996791923271
exp1a_193,0,1,6,-1.0,-0.25927842447266464
exp1a_193,0,0,6,1.0,0.2178428302469978
exp1a_193,0,1,5,-1.0,-0.7363996791923271
exp1a_193,1,1,5,-1.0,0.2178428302469978
exp1a_193,1,1,5,0.0,-0.037429674856308215
exp1a_193,1,1,5,-1.0,-0.25927842447266464
exp1a_193,1,1,6,-1.0,-0.037429674856308215
exp1a_193,0,1,5,0.0,0.2178428302469978
exp1a_193,0,1,5,-1.0,-0.037429674856308215
exp1a_193,1,1,6,1.0,0.843383917424483
exp1a_193,1,1,6,0.0,0.843383917424483
exp1a_193,0,1,6,-1.0,-0.7363996791923271
exp1a_193,0,0,4,0.0,0.843383917424483
exp1a_193,0,1,6,1.0,0.2178428302469978
exp1a_193,0,1,6,0.0,-0.25927842447266464
exp1a_193,1,1,3,-1.0,-0.7363996791923271
exp1a_193,1,1,2,-1.0,-0.25927842447266464
exp1a_193,0,1,4,0.0,-0.7363996791923271
exp1a_193,1,1,5,0.0,0.2178428302469978
exp1a_193,0,1,6,1.0,-0.25927842447266464
exp1a_193,0,1,6,1.0,-0.7363996791923271
exp1a_193,1,1,6,1.0,-0.25927842447266464
exp1a_193,1,1,4,0.0,-0.25927842447266464
exp1a_193,1,1,4,-1.0,0.2178428302469978
exp1a_193,0,1,6,-1.0,-0.25927842447266464
exp1a_193,1,1,3,0.0,-0.7363996791923271
exp1a_193,1,1,5,1.0,0.2178428302469978
exp1a_193,0,0,4,1.0,0.843383917424483
exp1a_193,0,0,4,-1.0,0.2178428302469978
exp1a_193,0,0,4,-1.0,0.843383917424483
exp1a_193,1,1,6,-1.0,0.843383917424483
exp1a_193,0,1,6,1.0,-0.037429674856308215
exp1a_193,1,1,6,1.0,-0.7363996791923271
exp1a_193,1,1,6,1.0,-0.037429674856308215
exp1a_193,1,1,6,0.0,-0.037429674856308215
exp1a_193,1,1,6,1.0,-0.25927842447266464
exp1a_193,0,0,3,-1.0,0.2178428302469978
exp1a_193,0,1,6,1.0,-0.7363996791923271
exp1a_193,0,1,5,-1.0,-0.037429674856308215
exp1a_193,1,1,5,-1.0,0.843383917424483
exp1a_193,0,1,2,-1.0,-0.25927842447266464
exp1a_193,0,1,5,0.0,-0.25927842447266464
exp1a_193,0,0,5,1.0,-0.037429674856308215
exp1a_193,1,1,4,-1.0,-0.25927842447266464
exp1a_193,1,1,5,0.0,0.843383917424483
exp1a_193,1,0,6,0.0,-0.25927842447266464
exp1a_193,1,1,6,1.0,0.2178428302469978
exp1a_193,1,1,6,1.0,-0.7363996791923271
exp1a_193,0,1,6,1.0,-0.25927842447266464
exp1a_193,0,1,6,0.0,0.2178428302469978
exp1a_193,1,1,6,0.0,-0.037429674856308215
exp1a_193,0,1,6,0.0,-0.037429674856308215
exp1a_193,1,1,4,-1.0,-0.7363996791923271
exp1a_193,0,1,6,0.0,-0.7363996791923271
exp1a_193,1,1,6,-1.0,-0.037429674856308215
exp1a_193,1,1,5,0.0,-0.7363996791923271
exp1a_193,0,0,6,-1.0,0.843383917424483
exp1a_193,0,1,4,1.0,0.2178428302469978
exp1a_193,1,1,6,0.0,0.2178428302469978
exp1a_193,0,0,4,-1.0,-0.7363996791923271
exp1a_193,0,0,6,0.0,0.843383917424483
exp1a_193,0,0,5,1.0,0.2178428302469978
exp1a_193,0,0,5,-1.0,-0.037429674856308215
exp1a_193,0,0,6,-1.0,0.843383917424483
exp1a_193,1,1,6,-1.0,-0.25927842447266464
exp1a_193,0,0,3,-1.0,-0.7363996791923271
exp1a_193,1,1,6,1.0,0.843383917424483
exp1a_193,0,0,5,0.0,-0.037429674856308215
exp1a_193,0,1,6,1.0,-0.037429674856308215
exp1a_193,0,0,5,-1.0,0.2178428302469978
exp1a_193,0,0,2,0.0,0.2178428302469978
exp1a_193,1,1,6,-1.0,-0.037429674856308215
exp1a_193,0,0,6,1.0,-0.25927842447266464
exp1a_193,1,0,3,0.0,-0.7363996791923271
exp1a_193,0,1,5,0.0,-0.7363996791923271
exp1a_193,1,1,5,0.0,-0.25927842447266464
exp1a_193,1,1,6,1.0,-0.25927842447266464
exp1a_193,0,1,6,1.0,-0.7363996791923271
exp1a_193,1,1,4,-1.0,-0.7363996791923271
exp1a_193,0,1,4,0.0,-0.25927842447266464
exp1a_193,1,1,6,1.0,0.2178428302469978
exp1a_193,1,1,3,0.0,-0.037429674856308215
exp1a_193,1,1,6,1.0,-0.037429674856308215
exp1a_193,0,0,6,1.0,0.843383917424483
exp1a_193,1,1,3,0.0,0.843383917424483
exp1a_193,1,1,6,1.0,-0.7363996791923271
exp1a_193,0,1,4,-1.0,0.2178428302469978
exp1a_193,1,1,5,0.0,-0.037429674856308215
exp1a_193,0,1,4,-1.0,-0.037429674856308215
exp1a_193,1,1,6,1.0,-0.25927842447266464
exp1a_193,1,1,5,1.0,-0.7363996791923271
exp1a_193,1,1,6,-1.0,-0.037429674856308215
exp1a_193,0,1,4,-1.0,-0.25927842447266464
exp1a_193,1,0,6,1.0,-0.037429674856308215
exp1a_193,0,1,6,0.0,-0.25927842447266464
exp1a_193,0,1,6,1.0,-0.037429674856308215
exp1a_193,1,1,6,-1.0,0.2178428302469978
exp1a_193,1,1,6,0.0,-0.25927842447266464
exp1a_193,0,0,6,1.0,0.2178428302469978
exp1a_193,1,0,5,0.0,-0.7363996791923271
exp1a_193,0,1,6,0.0,-0.7363996791923271
exp1a_193,1,1,6,1.0,0.2178428302469978
exp1a_193,0,0,4,0.0,0.2178428302469978
exp1a_193,0,0,4,0.0,-0.037429674856308215
exp1a_193,0,1,2,-1.0,-0.7363996791923271
exp1a_193,0,0,5,-1.0,0.843383917424483
exp1a_193,1,1,6,-1.0,-0.25927842447266464
exp1a_193,0,1,6,1.0,-0.25927842447266464
exp1a_193,1,1,6,-1.0,-0.7363996791923271
exp1a_193,1,1,6,1.0,-0.7363996791923271
exp1a_193,0,1,6,1.0,-0.037429674856308215
exp1a_193,0,0,6,1.0,0.2178428302469978
exp1a_193,0,1,5,-1.0,0.2178428302469978
exp1a_193,0,0,6,-1.0,0.843383917424483
exp1a_193,1,1,6,1.0,0.2178428302469978
exp1a_193,1,1,6,0.0,-0.037429674856308215
exp1a_193,0,1,6,0.0,-0.7363996791923271
exp1a_193,0,1,6,1.0,-0.25927842447266464
exp1a_193,0,0,5,-1.0,-0.037429674856308215
exp1a_193,1,1,6,-1.0,0.2178428302469978
exp1a_193,0,1,4,0.0,-0.25927842447266464
exp1a_193,0,1,6,1.0,-0.7363996791923271
exp1a_193,0,1,4,-1.0,-0.7363996791923271
exp1a_193,1,1,6,0.0,0.843383917424483
exp1a_193,1,1,6,0.0,-0.25927842447266464
exp1a_193,1,1,6,-1.0,-0.7363996791923271
exp1a_193,1,1,6,-1.0,-0.037429674856308215
exp1a_193,1,1,6,0.0,-0.7363996791923271
exp1a_193,1,1,6,1.0,-0.25927842447266464
exp1a_193,0,0,3,0.0,-0.037429674856308215
exp1a_193,0,1,5,0.0,0.843383917424483
exp1a_193,0,1,5,-1.0,-0.25927842447266464
exp1a_193,1,1,6,1.0,-0.037429674856308215
exp1a_193,1,1,6,0.0,0.2178428302469978
exp1a_193,0,0,6,1.0,0.843383917424483
exp1a_193,0,1,5,0.0,0.2178428302469978
exp1a_194,0,0,6,1.0,-0.25927842447266464
exp1a_194,0,0,6,-1.0,0.843383917424483
exp1a_194,0,0,6,1.0,0.843383917424483
exp1a_194,1,1,5,-1.0,-0.25927842447266464
exp1a_194,0,0,6,1.0,0.2178428302469978
exp1a_194,0,0,6,0.0,-0.25927842447266464
exp1a_194,0,0,6,1.0,-0.7363996791923271
exp1a_194,1,1,4,0.0,-0.25927842447266464
exp1a_194,1,1,3,-1.0,-0.037429674856308215
exp1a_194,1,1,6,1.0,0.843383917424483
exp1a_194,0,0,6,0.0,0.843383917424483
exp1a_194,1,0,6,1.0,-0.7363996791923271
exp1a_194,1,1,6,1.0,0.2178428302469978
exp1a_194,0,0,6,0.0,-0.037429674856308215
exp1a_194,1,1,6,-1.0,0.843383917424483
exp1a_194,0,0,6,1.0,-0.037429674856308215
exp1a_194,0,0,6,0.0,0.2178428302469978
exp1a_194,1,1,6,-1.0,0.2178428302469978
exp1a_194,1,1,6,0.0,0.2178428302469978
exp1a_194,1,1,6,1.0,-0.037429674856308215
exp1a_194,0,0,6,-1.0,-0.7363996791923271
exp1a_194,0,1,3,0.0,-0.7363996791923271
exp1a_194,0,0,6,-1.0,0.2178428302469978
exp1a_194,1,1,3,0.0,-0.7363996791923271
exp1a_194,1,1,6,0.0,0.843383917424483
exp1a_194,1,1,6,1.0,-0.25927842447266464
exp1a_194,0,0,6,-1.0,-0.25927842447266464
exp1a_194,1,1,4,0.0,-0.037429674856308215
exp1a_194,1,0,6,-1.0,-0.7363996791923271
exp1a_194,0,1,3,-1.0,-0.037429674856308215
exp1a_194,0,0,6,1.0,-0.037429674856308215
exp1a_194,1,1,6,0.0,0.2178428302469978
exp1a_194,0,0,6,-1.0,0.843383917424483
exp1a_194,1,1,6,-1.0,0.843383917424483
exp1a_194,0,0,6,1.0,0.2178428302469978
exp1a_194,1,1,3,0.0,-0.7363996791923271
exp1a_194,0,0,6,0.0,-0.037429674856308215
exp1a_194,0,1,5,1.0,-0.7363996791923271
exp1a_194,0,0,6,-1.0,-0.037429674856308215
exp1a_194,0,0,6,-1.0,0.2178428302469978
exp1a_194,1,1,6,1.0,-0.037429674856308215
exp1a_194,0,0,6,-1.0,-0.7363996791923271
exp1a_194,1,1,5,1.0,0.2178428302469978
exp1a_194,0,0,6,0.0,-0.7363996791923271
exp1a_194,0,0,6,0.0,-0.25927842447266464
exp1a_194,1,1,6,-1.0,0.2178428302469978
exp1a_194,1,1,6,-1.0,-0.037429674856308215
exp1a_194,1,1,3,-1.0,-0.7363996791923271
exp1a_194,1,1,6,0.0,0.843383917424483
exp1a_194,1,1,3,-1.0,-0.25927842447266464
exp1a_194,1,1,6,1.0,0.843383917424483
exp1a_194,0,0,3,0.0,0.2178428302469978
exp1a_194,0,0,3,1.0,-0.25927842447266464
exp1a_194,0,0,6,0.0,0.843383917424483
exp1a_194,1,1,3,1.0,-0.7363996791923271
exp1a_194,0,0,6,-1.0,-0.25927842447266464
exp1a_194,1,1,6,0.0,-0.037429674856308215
exp1a_194,1,1,4,0.0,-0.25927842447266464
exp1a_194,1,0,5,1.0,-0.25927842447266464
exp1a_194,0,0,6,1.0,0.843383917424483
exp1a_194,0,1,3,0.0,-0.7363996791923271
exp1a_194,1,1,6,-1.0,-0.037429674856308215
exp1a_194,0,0,6,1.0,-0.037429674856308215
exp1a_194,1,1,6,1.0,0.2178428302469978
exp1a_194,0,1,5,-1.0,-0.7363996791923271
exp1a_194,0,1,5,1.0,-0.25927842447266464
exp1a_194,0,0,6,-1.0,0.843383917424483
exp1a_194,1,1,6,1.0,0.843383917424483
exp1a_194,0,0,6,1.0,0.843383917424483
exp1a_194,0,0,5,1.0,-0.7363996791923271
exp1a_194,0,0,6,1.0,0.2178428302469978
exp1a_194,0,0,6,0.0,0.843383917424483
exp1a_194,1,1,3,0.0,-0.25927842447266464
exp1a_194,1,1,6,0.0,0.843383917424483
exp1a_194,1,1,5,-1.0,-0.7363996791923271
exp1a_194,0,0,6,0.0,-0.037429674856308215
exp1a_194,0,0,6,-1.0,-0.037429674856308215
exp1a_194,0,1,3,0.0,-0.25927842447266464
exp1a_194,0,0,6,0.0,0.2178428302469978
exp1a_194,0,0,6,-1.0,-0.25927842447266464
exp1a_194,1,1,6,1.0,-0.037429674856308215
exp1a_194,1,0,6,1.0,-0.25927842447266464
exp1a_194,0,0,6,-1.0,0.2178428302469978
exp1a_194,1,1,6,0.0,-0.037429674856308215
exp1a_194,1,1,6,-1.0,0.2178428302469978
exp1a_194,1,0,3,0.0,-0.7363996791923271
exp1a_194,1,1,5,-1.0,-0.25927842447266464
exp1a_194,1,1,4,1.0,-0.7363996791923271
exp1a_194,1,1,6,-1.0,0.843383917424483
exp1a_194,1,1,5,0.0,0.2178428302469978
exp1a_194,1,1,6,0.0,0.843383917424483
exp1a_194,0,0,6,0.0,-0.25927842447266464
exp1a_194,1,1,6,1.0,-0.037429674856308215
exp1a_194,1,1,5,0.0,-0.25927842447266464
exp1a_194,1,1,5,-1.0,0.2178428302469978
exp1a_194,0,0,4,-1.0,-0.7363996791923271
exp1a_194,1,1,6,1.0,0.843383917424483
exp1a_194,0,0,6,1.0,0.843383917424483
exp1a_194,0,0,6,0.0,0.843383917424483
exp1a_194,1,1,5,-1.0,-0.7363996791923271
exp1a_194,0,0,6,0.0,0.2178428302469978
exp1a_194,0,0,6,0.0,-0.037429674856308215
exp1a_194,1,1,4,-1.0,-0.25927842447266464
exp1a_194,1,0,4,0.0,-0.7363996791923271
exp1a_194,0,0,6,-1.0,0.2178428302469978
exp1a_194,0,0,5,1.0,-0.25927842447266464
exp1a_194,1,1,4,0.0,0.2178428302469978
exp1a_194,1,0,5,1.0,-0.25927842447266464
exp1a_194,1,0,4,-1.0,-0.037429674856308215
exp1a_194,1,1,5,0.0,-0.037429674856308215
exp1a_194,0,0,5,1.0,-0.037429674856308215
exp1a_194,1,1,6,-1.0,0.843383917424483
exp1a_194,0,0,6,1.0,0.2178428302469978
exp1a_194,1,1,6,1.0,0.2178428302469978
exp1a_194,0,1,4,-1.0,-0.25927842447266464
exp1a_194,0,1,4,1.0,-0.7363996791923271
exp1a_194,0,0,6,-1.0,0.843383917424483
exp1a_194,0,1,4,-1.0,-0.037429674856308215
exp1a_194,1,1,4,1.0,-0.7363996791923271
exp1a_194,0,1,4,0.0,-0.7363996791923271
exp1a_194,0,1,4,-1.0,-0.7363996791923271
exp1a_194,0,1,4,1.0,-0.25927842447266464
exp1a_194,1,0,4,0.0,-0.037429674856308215
exp1a_194,1,1,4,-1.0,0.2178428302469978
exp1a_194,1,1,4,1.0,-0.7363996791923271
exp1a_194,1,1,4,1.0,-0.037429674856308215
exp1a_194,1,1,4,0.0,-0.25927842447266464
exp1a_194,0,1,4,0.0,-0.25927842447266464
exp1a_194,1,1,4,-1.0,-0.25927842447266464
exp1a_194,0,1,4,1.0,-0.037429674856308215
exp1a_194,0,0,6,-1.0,0.843383917424483
exp1a_194,1,0,4,1.0,0.2178428302469978
exp1a_194,1,1,6,0.0,0.843383917424483
exp1a_194,0,0,6,1.0,0.2178428302469978
exp1a_194,0,0,4,0.0,-0.7363996791923271
exp1a_194,0,0,6,0.0,0.2178428302469978
exp1a_194,0,0,4,0.0,-0.037429674856308215
exp1a_194,0,1,5,1.0,-0.7363996791923271
exp1a_194,0,0,5,-1.0,-0.037429674856308215
exp1a_194,0,0,4,-1.0,-0.25927842447266464
exp1a_194,1,0,4,-1.0,-0.7363996791923271
exp1a_194,0,0,6,1.0,0.843383917424483
exp1a_194,1,1,5,0.0,0.2178428302469978
exp1a_194,1,1,6,-1.0,0.843383917424483
exp1a_194,1,1,5,-1.0,-0.037429674856308215
exp1a_194,0,0,6,-1.0,0.2178428302469978
exp1a_194,1,0,4,0.0,-0.7363996791923271
exp1a_194,1,1,6,1.0,0.843383917424483
exp1a_194,1,1,4,1.0,-0.25927842447266464
exp1a_194,0,0,6,0.0,0.843383917424483
exp1a_194,0,0,6,-1.0,-0.037429674856308215
exp1a_194,0,0,6,1.0,-0.25927842447266464
exp1a_194,1,0,5,-1.0,-0.7363996791923271
exp1a_194,0,0,6,1.0,-0.037429674856308215
exp1a_194,1,1,6,0.0,-0.25927842447266464
exp1a_194,0,0,6,0.0,-0.037429674856308215
exp1a_194,1,1,4,0.0,-0.037429674856308215
exp1a_194,0,1,4,-1.0,-0.25927842447266464
exp1a_194,1,1,6,-1.0,0.2178428302469978
exp1a_194,0,0,6,1.0,0.843383917424483
exp1a_194,1,1,6,-1.0,-0.25927842447266464
exp1a_194,0,0,6,1.0,-0.7363996791923271
exp1a_194,1,1,6,0.0,0.843383917424483
exp1a_194,0,0,6,0.0,-0.25927842447266464
exp1a_194,0,0,6,1.0,0.2178428302469978
exp1a_194,1,0,5,0.0,-0.7363996791923271
exp1a_194,1,1,6,1.0,-0.037429674856308215
exp1a_194,0,0,6,0.0,0.843383917424483
exp1a_194,1,1,4,-1.0,-0.037429674856308215
exp1a_194,1,1,4,1.0,0.2178428302469978
exp1a_194,1,1,6,0.0,0.2178428302469978
exp1a_194,0,0,4,0.0,-0.7363996791923271
exp1a_194,1,1,4,1.0,-0.7363996791923271
exp1a_194,1,1,6,-1.0,0.843383917424483
exp1a_194,1,1,6,1.0,0.843383917424483
exp1a_194,0,0,6,-1.0,0.2178428302469978
exp1a_194,0,0,5,0.0,0.2178428302469978
exp1a_194,0,0,6,-1.0,0.843383917424483
exp1a_194,0,0,4,-1.0,-0.7363996791923271
exp1a_194,1,1,4,1.0,-0.25927842447266464
exp1a_194,1,1,4,0.0,-0.25927842447266464
exp1a_194,1,1,4,1.0,-0.037429674856308215
exp1a_194,0,0,6,-1.0,-0.037429674856308215
exp1a_194,0,0,6,1.0,-0.7363996791923271
exp1a_194,1,1,4,0.0,-0.7363996791923271
exp1a_194,1,1,6,1.0,0.843383917424483
exp1a_194,1,1,4,1.0,-0.25927842447266464
exp1a_194,1,1,4,-1.0,-0.7363996791923271
exp1a_194,0,0,4,-1.0,-0.7363996791923271
exp1a_194,1,0,4,0.0,-0.037429674856308215
exp1a_194,0,1,4,0.0,-0.25927842447266464
exp1a_194,0,0,5,1.0,-0.25927842447266464
exp1a_194,0,0,6,0.0,0.843383917424483
exp1a_194,1,1,6,-1.0,-0.037429674856308215
exp1a_194,0,0,6,1.0,0.843383917424483
exp1a_194,1,1,4,1.0,-0.7363996791923271
exp1a_194,0,0,6,0.0,0.2178428302469978
exp1a_194,0,0,6,-1.0,0.843383917424483
exp1a_194,1,1,6,0.0,0.843383917424483
exp1a_194,0,1,4,0.0,-0.7363996791923271
exp1a_194,1,1,6,-1.0,0.2178428302469978
exp1a_194,0,0,6,1.0,-0.037429674856308215
exp1a_194,1,1,6,-1.0,0.843383917424483
exp1a_194,1,1,4,-1.0,-0.25927842447266464
exp1a_194,0,0,6,0.0,-0.037429674856308215
exp1a_194,1,1,6,0.0,0.2178428302469978
exp1a_194,0,0,6,-1.0,0.2178428302469978
exp1a_194,0,0,6,1.0,0.2178428302469978
exp1a_194,1,1,6,1.0,0.2178428302469978
exp1a_194,0,0,4,-1.0,-0.25927842447266464
exp1a_194,1,0,4,1.0,-0.25927842447266464
exp1a_194,1,1,6,1.0,0.843383917424483
exp1a_194,1,1,4,-1.0,-0.7363996791923271
exp1a_194,0,1,4,1.0,-0.7363996791923271
exp1a_194,1,1,4,-1.0,-0.25927842447266464
exp1a_194,1,1,4,-1.0,-0.037429674856308215
exp1a_194,0,1,4,-1.0,-0.7363996791923271
exp1a_194,0,0,6,0.0,0.843383917424483
exp1a_194,0,0,6,0.0,0.2178428302469978
exp1a_194,1,1,6,0.0,0.843383917424483
exp1a_194,0,0,6,1.0,-0.25927842447266464
exp1a_194,1,1,6,1.0,-0.037429674856308215
exp1a_194,1,1,6,1.0,0.2178428302469978
exp1a_194,0,0,6,1.0,-0.037429674856308215
exp1a_194,0,1,4,0.0,-0.7363996791923271
exp1a_194,1,1,4,0.0,-0.7363996791923271
exp1a_194,0,0,6,1.0,0.2178428302469978
exp1a_194,1,1,6,-1.0,0.843383917424483
exp1a_194,0,0,6,0.0,-0.037429674856308215
exp1a_194,1,1,6,-1.0,0.2178428302469978
exp1a_194,0,0,6,-1.0,-0.037429674856308215
exp1a_194,0,0,6,0.0,-0.25927842447266464
exp1a_194,0,1,4,-1.0,-0.25927842447266464
exp1a_194,0,0,6,1.0,0.843383917424483
exp1a_194,0,0,6,-1.0,0.843383917424483
exp1a_194,1,1,6,0.0,0.2178428302469978
exp1a_194,0,0,6,-1.0,0.2178428302469978
exp1a_194,1,1,4,0.0,-0.25927842447266464
exp1a_194,1,0,4,1.0,-0.7363996791923271
exp1a_194,1,1,5,0.0,-0.037429674856308215
exp1a_195,1,1,6,1.0,0.2178428302469978
exp1a_195,1,1,6,-1.0,0.843383917424483
exp1a_195,1,1,6,1.0,-0.037429674856308215
exp1a_195,0,0,5,0.0,-0.037429674856308215
exp1a_195,0,0,6,-1.0,0.843383917424483
exp1a_195,0,0,6,0.0,0.2178428302469978
exp1a_195,1,1,6,0.0,0.843383917424483
exp1a_195,1,1,6,1.0,0.843383917424483
exp1a_195,0,0,5,1.0,-0.25927842447266464
exp1a_195,0,0,5,1.0,-0.037429674856308215
exp1a_195,0,1,4,-1.0,-0.7363996791923271
exp1a_195,1,0,3,0.0,-0.25927842447266464
exp1a_195,0,0,2,0.0,-0.7363996791923271
exp1a_195,0,0,6,-1.0,0.2178428302469978
exp1a_195,1,1,4,0.0,-0.7363996791923271
exp1a_195,0,0,4,0.0,-0.25927842447266464
exp1a_195,0,0,5,1.0,0.2178428302469978
exp1a_195,0,1,5,1.0,-0.7363996791923271
exp1a_195,1,1,4,0.0,-0.037429674856308215
exp1a_195,1,1,4,1.0,-0.25927842447266464
exp1a_195,0,0,4,-1.0,-0.037429674856308215
exp1a_195,1,1,5,-1.0,0.2178428302469978
exp1a_195,0,0,4,-1.0,-0.25927842447266464
exp1a_195,0,0,6,1.0,0.843383917424483
exp1a_195,0,0,6,0.0,0.843383917424483
exp1a_195,1,1,4,1.0,-0.7363996791923271
exp1a_195,1,1,6,-1.0,-0.037429674856308215
exp1a_195,1,0,5,-1.0,-0.7363996791923271
exp1a_195,1,1,5,0.0,0.2178428302469978
exp1a_195,1,0,5,-1.0,-0.25927842447266464
exp1a_195,1,1,5,0.0,-0.037429674856308215
exp1a_195,1,1,6,1.0,0.843383917424483
exp1a_195,0,0,6,-1.0,0.2178428302469978
exp1a_195,0,0,5,1.0,-0.037429674856308215
exp1a_195,1,1,4,-1.0,-0.25927842447266464
exp1a_195,0,0,4,1.0,-0.25927842447266464
exp1a_195,0,1,3,-1.0,-0.7363996791923271
exp1a_195,0,0,4,0.0,-0.7363996791923271
exp1a_195,1,0,3,0.0,-0.25927842447266464
exp1a_195,1,1,4,1.0,-0.7363996791923271
exp1a_195,1,1,5,1.0,-0.037429674856308215
exp1a_195,0,0,3,0.0,-0.037429674856308215
exp1a_195,1,1,5,0.0,0.2178428302469978
exp1a_195,1,1,4,1.0,-0.25927842447266464
exp1a_195,1,1,5,-1.0,0.2178428302469978
exp1a_195,0,0,4,0.0,0.2178428302469978
exp1a_195,1,1,4,-1.0,-0.7363996791923271
exp1a_195,0,0,4,1.0,-0.7363996791923271
exp1a_195,0,0,6,1.0,0.2178428302469978
exp1a_195,0,0,6,1.0,0.843383917424483
exp1a_195,0,0,6,-1.0,0.843383917424483
exp1a_195,1,1,6,0.0,0.843383917424483
exp1a_195,0,1,4,-1.0,-0.25927842447266464
exp1a_195,1,1,6,-1.0,0.843383917424483
exp1a_195,0,0,5,0.0,-0.25927842447266464
exp1a_195,0,0,4,-1.0,-0.037429674856308215
exp1a_195,1,1,6,1.0,0.2178428302469978
exp1a_195,1,1,5,-1.0,-0.037429674856308215
exp1a_195,1,1,5,0.0,-0.7363996791923271
exp1a_195,0,0,5,-1.0,-0.037429674856308215
exp1a_195,0,0,6,0.0,0.843383917424483
exp1a_195,1,1,5,1.0,-0.037429674856308215
exp1a_195,1,1,6,1.0,0.843383917424483
exp1a_195,1,1,5,0.0,0.2178428302469978
exp1a_195,1,0,3,0.0,-0.25927842447266464
exp1a_195,0,0,6,-1.0,0.843383917424483
exp1a_195,1,1,3,0.0,-0.7363996791923271
exp1a_195,1,0,4,1.0,-0.7363996791923271
exp1a_195,0,0,5,-1.0,0.2178428302469978
exp1a_195,0,0,5,1.0,0.2178428302469978
exp1a_195,0,1,3,0.0,-0.7363996791923271
exp1a_195,0,0,4,0.0,0.2178428302469978
exp1a_195,0,0,3,0.0,-0.25927842447266464
exp1a_195,1,1,4,0.0,-0.037429674856308215
exp1a_195,0,0,4,1.0,-0.037429674856308215
exp1a_195,0,0,4,0.0,-0.037429674856308215
exp1a_195,1,1,5,-1.0,0.2178428302469978
exp1a_195,1,1,6,0.0,0.843383917424483
exp1a_195,0,0,6,1.0,0.843383917424483
exp1a_195,1,1,5,-1.0,-0.25927842447266464
exp1a_195,1,1,6,1.0,-0.25927842447266464
exp1a_195,1,1,6,1.0,0.2178428302469978
exp1a_195,0,0,4,-1.0,-0.25927842447266464
exp1a_195,0,1,5,1.0,-0.25927842447266464
exp1a_195,1,1,6,-1.0,-0.037429674856308215
exp1a_195,0,1,4,-1.0,-0.7363996791923271
exp1a_195,1,0,3,-1.0,-0.7363996791923271
exp1a_195,0,1,4,1.0,-0.7363996791923271
exp1a_195,1,1,6,-1.0,0.843383917424483
exp1a_195,1,1,6,0.0,0.843383917424483
exp1a_195,1,1,6,1.0,0.2178428302469978
exp1a_195,0,0,3,0.0,-0.25927842447266464
exp1a_195,1,1,6,-1.0,0.843383917424483
exp1a_195,1,1,5,-1.0,-0.25927842447266464
exp1a_195,0,1,4,1.0,-0.7363996791923271
exp1a_195,1,1,4,1.0,-0.7363996791923271
exp1a_195,0,0,3,0.0,-0.7363996791923271
exp1a_195,0,0,3,-1.0,0.2178428302469978
exp1a_195,1,1,4,0.0,-0.25927842447266464
exp1a_195,0,0,3,1.0,-0.037429674856308215
exp1a_195,1,1,4,-1.0,0.2178428302469978
exp1a_195,0,0,6,-1.0,0.843383917424483
exp1a_195,0,0,3,-1.0,-0.25927842447266464
exp1a_195,0,1,4,1.0,-0.25927842447266464
exp1a_195,0,0,5,0.0,0.2178428302469978
exp1a_195,1,0,3,0.0,-0.037429674856308215
exp1a_195,1,1,5,0.0,0.2178428302469978
exp1a_195,0,0,4,-1.0,-0.037429674856308215
exp1a_195,0,0,6,1.0,0.843383917424483
exp1a_195,1,1,3,-1.0,-0.7363996791923271
exp1a_195,0,0,6,0.0,0.843383917424483
exp1a_195,1,0,4,1.0,-0.037429674856308215
exp1a_195,1,1,6,1.0,0.843383917424483
exp1a_195,1,1,6,-1.0,-0.037429674856308215
exp1a_195,1,1,5,1.0,-0.25927842447266464
exp1a_195,0,1,4,0.0,-0.037429674856308215
exp1a_195,1,0,3,0.0,-0.7363996791923271
exp1a_195,0,1,4,1.0,0.2178428302469978
exp1a_195,0,0,2,-1.0,-0.7363996791923271
exp1a_195,1,0,4,-1.0,-0.037429674856308215
exp1a_195,0,0,4,1.0,-0.037429674856308215
exp1a_195,0,0,4,-1.0,-0.037429674856308215
exp1a_195,0,0,3,-1.0,-0.25927842447266464
exp1a_195,1,1,5,-1.0,0.2178428302469978
exp1a_195,1,1,6,1.0,0.843383917424483
exp1a_195,1,1,6,-1.0,0.843383917424483
exp1a_195,0,0,6,0.0,0.843383917424483
exp1a_195,1,1,4,1.0,-0.7363996791923271
exp1a_195,1,1,5,1.0,-0.25927842447266464
exp1a_195,1,1,4,1.0,-0.037429674856308215
exp1a_195,1,1,4,1.0,0.2178428302469978
exp1a_195,1,1,4,-1.0,-0.25927842447266464
exp1a_195,1,1,6,0.0,0.843383917424483
exp1a_195,0,0,3,0.0,-0.25927842447266464
exp1a_195,0,0,4,1.0,-0.25927842447266464
exp1a_195,0,0,4,0.0,0.2178428302469978
exp1a_195,1,1,4,0.0,-0.037429674856308215
exp1a_195,0,0,3,-1.0,-0.7363996791923271
exp1a_195,1,1,4,0.0,-0.25927842447266464
exp1a_195,0,0,5,1.0,0.2178428302469978
exp1a_195,1,1,4,0.0,-0.7363996791923271
exp1a_195,1,0,4,-1.0,-0.7363996791923271
exp1a_195,0,0,6,-1.0,0.843383917424483
exp1a_195,0,0,6,-1.0,0.2178428302469978
exp1a_195,1,1,6,0.0,0.2178428302469978
exp1a_195,0,0,4,0.0,-0.7363996791923271
exp1a_195,0,1,4,1.0,-0.7363996791923271
exp1a_195,0,0,5,1.0,0.843383917424483
exp1a_195,0,0,5,0.0,-0.037429674856308215
exp1a_195,1,1,5,1.0,-0.037429674856308215
exp1a_195,1,1,5,0.0,-0.7363996791923271
exp1a_195,0,0,6,1.0,0.843383917424483
exp1a_195,1,1,3,0.0,0.843383917424483
exp1a_195,0,0,4,1.0,-0.25927842447266464
exp1a_195,0,0,5,1.0,0.2178428302469978
exp1a_195,1,1,6,-1.0,0.843383917424483
exp1a_195,1,1,4,-1.0,-0.7363996791923271
exp1a_195,0,0,6,0.0,0.843383917424483
exp1a_195,0,1,4,1.0,-0.7363996791923271
exp1a_195,1,1,5,0.0,0.2178428302469978
exp1a_195,0,0,6,-1.0,0.843383917424483
exp1a_195,1,1,4,1.0,-0.7363996791923271
exp1a_195,0,0,4,1.0,-0.037429674856308215
exp1a_195,0,0,4,0.0,-0.037429674856308215
exp1a_195,0,0,5,-1.0,-0.037429674856308215
exp1a_195,1,1,4,1.0,-0.25927842447266464
exp1a_195,1,1,4,-1.0,-0.25927842447266464
exp1a_195,0,0,4,0.0,-0.25927842447266464
exp1a_195,1,1,4,0.0,-0.037429674856308215
exp1a_195,1,1,5,1.0,0.2178428302469978
exp1a_195,1,1,5,1.0,0.843383917424483
exp1a_195,0,0,5,0.0,0.2178428302469978
exp1a_195,0,0,4,-1.0,-0.25927842447266464
exp1a_195,1,1,4,-1.0,0.2178428302469978
exp1a_195,1,0,3,0.0,-0.25927842447266464
exp1a_195,0,0,4,-1.0,0.2178428302469978
exp1a_195,0,0,3,-1.0,-0.7363996791923271
exp1a_195,0,1,4,0.0,-0.7363996791923271
exp1a_195,1,1,4,-1.0,-0.037429674856308215
exp1a_195,0,0,3,0.0,-0.037429674856308215
exp1a_195,0,1,3,0.0,-0.25927842447266464
exp1a_195,1,1,5,-1.0,0.843383917424483
exp1a_195,0,0,4,-1.0,-0.037429674856308215
exp1a_195,1,1,5,0.0,0.2178428302469978
exp1a_195,0,0,6,-1.0,0.843383917424483
exp1a_195,1,1,6,0.0,0.843383917424483
exp1a_195,1,1,6,-1.0,-0.037429674856308215
exp1a_195,1,1,5,1.0,0.2178428302469978
exp1a_195,0,0,4,-1.0,-0.7363996791923271
exp1a_195,0,0,5,1.0,-0.037429674856308215
exp1a_195,1,1,6,1.0,0.843383917424483
exp1a_195,0,0,5,-1.0,-0.25927842447266464
exp1a_195,0,0,5,0.0,0.2178428302469978
exp1a_195,0,0,6,1.0,0.2178428302469978
exp1a_195,1,1,4,0.0,-0.037429674856308215
exp1a_195,1,1,4,-1.0,-0.25927842447266464
exp1a_195,1,1,4,0.0,-0.25927842447266464
exp1a_195,1,0,4,1.0,-0.7363996791923271
exp1a_195,0,0,4,1.0,-0.7363996791923271
exp1a_195,0,0,5,-1.0,0.2178428302469978
exp1a_195,0,0,5,1.0,-0.25927842447266464
exp1a_195,0,1,3,0.0,-0.7363996791923271
exp1a_195,1,1,4,1.0,-0.25927842447266464
exp1a_195,1,0,3,0.0,-0.7363996791923271
exp1a_195,1,1,4,-1.0,-0.7363996791923271
exp1a_195,0,0,6,1.0,0.843383917424483
exp1a_195,1,1,5,-1.0,0.2178428302469978
exp1a_195,0,0,6,0.0,0.843383917424483
exp1a_195,1,1,5,1.0,-0.037429674856308215
exp1a_195,0,0,5,1.0,-0.037429674856308215
exp1a_195,0,1,4,0.0,-0.25927842447266464
exp1a_195,0,0,4,-1.0,-0.25927842447266464
exp1a_195,1,1,6,-1.0,0.843383917424483
exp1a_195,1,1,6,1.0,0.2178428302469978
exp1a_195,0,0,4,-1.0,-0.7363996791923271
exp1a_195,0,0,3,1.0,-0.7363996791923271
exp1a_195,1,1,3,-1.0,-0.037429674856308215
exp1a_195,1,0,3,0.0,-0.7363996791923271
exp1a_195,0,0,4,1.0,0.2178428302469978
exp1a_195,0,0,5,-1.0,0.2178428302469978
exp1a_195,1,1,4,0.0,-0.037429674856308215
exp1a_195,1,1,4,-1.0,-0.7363996791923271
exp1a_195,0,0,5,-1.0,0.843383917424483
exp1a_195,1,1,4,-1.0,-0.25927842447266464
exp1a_195,1,1,5,0.0,0.2178428302469978
exp1a_195,0,0,3,0.0,-0.7363996791923271
exp1a_195,1,1,6,1.0,0.843383917424483
exp1a_195,1,1,4,1.0,-0.25927842447266464
exp1a_195,0,0,4,-1.0,-0.037429674856308215
exp1a_195,0,0,3,0.0,-0.037429674856308215
exp1a_195,0,0,6,0.0,0.843383917424483
exp1a_195,1,1,4,0.0,-0.25927842447266464
exp1a_195,1,1,6,-1.0,0.2178428302469978
exp1a_195,0,1,4,1.0,-0.25927842447266464
exp1a_195,0,0,6,0.0,0.2178428302469978
exp1a_195,1,1,4,1.0,-0.7363996791923271
exp1a_195,0,0,6,1.0,0.843383917424483
exp1a_196,1,1,6,-1.0,0.2178428302469978
exp1a_196,1,0,1,-1.0,-0.25927842447266464
exp1a_196,0,0,6,1.0,-0.25927842447266464
exp1a_196,1,0,2,0.0,0.2178428302469978
exp1a_196,1,1,2,-1.0,-0.7363996791923271
exp1a_196,0,1,1,-1.0,-0.7363996791923271
exp1a_196,0,0,2,0.0,-0.25927842447266464
exp1a_196,0,0,6,0.0,0.2178428302469978
exp1a_196,0,0,6,-1.0,0.843383917424483
exp1a_196,0,0,5,-1.0,-0.25927842447266464
exp1a_196,1,1,4,1.0,-0.25927842447266464
exp1a_196,1,1,6,-1.0,0.843383917424483
exp1a_196,1,1,5,0.0,-0.037429674856308215
exp1a_196,0,1,4,0.0,-0.7363996791923271
exp1a_196,0,0,6,-1.0,0.2178428302469978
exp1a_196,0,0,6,1.0,0.2178428302469978
exp1a_196,0,0,2,-1.0,-0.037429674856308215
exp1a_196,0,1,2,1.0,-0.7363996791923271
exp1a_196,1,1,2,0.0,-0.25927842447266464
exp1a_196,1,1,6,1.0,0.2178428302469978
exp1a_196,0,0,6,1.0,0.843383917424483
exp1a_196,1,1,6,0.0,0.843383917424483
exp1a_196,1,1,6,1.0,0.843383917424483
exp1a_196,1,0,4,1.0,-0.7363996791923271
exp1a_196,1,1,6,0.0,-0.7363996791923271
exp1a_196,1,1,6,1.0,-0.037429674856308215
exp1a_196,1,1,5,-1.0,-0.037429674856308215
exp1a_196,0,1,3,0.0,-0.037429674856308215
exp1a_196,0,0,6,0.0,0.843383917424483
exp1a_196,0,0,3,1.0,-0.037429674856308215
exp1a_196,1,1,5,1.0,-0.037429674856308215
exp1a_196,1,1,6,-1.0,0.2178428302469978
exp1a_196,1,1,6,1.0,-0.25927842447266464
exp1a_196,1,1,5,-1.0,-0.037429674856308215
exp1a_196,0,0,6,-1.0,0.843383917424483
exp1a_196,0,0,6,0.0,0.843383917424483
exp1a_196,1,0,2,0.0,-0.25927842447266464
exp1a_196,0,0,2,0.0,-0.7363996791923271
exp1a_196,0,0,4,0.0,0.2178428302469978
exp1a_196,1,1,2,-1.0,-0.25927842447266464
exp1a_196,0,0,5,1.0,-0.7363996791923271
exp1a_196,0,0,2,0.0,-0.037429674856308215
exp1a_196,0,0,2,-1.0,-0.25927842447266464
exp1a_196,1,1,6,0.0,0.2178428302469978
exp1a_196,1,1,4,0.0,-0.037429674856308215
exp1a_196,0,0,6,1.0,0.2178428302469978
exp1a_196,1,1,6,0.0,0.843383917424483
exp1a_196,0,0,5,0.0,-0.25927842447266464
exp1a_196,1,0,4,-1.0,-0.7363996791923271
exp1a_196,0,0,4,1.0,-0.037429674856308215
exp1a_196,1,1,6,1.0,0.843383917424483
exp1a_196,0,0,4,-1.0,-0.037429674856308215
exp1a_196,0,0,5,1.0,-0.25927842447266464
exp1a_196,1,0,2,1.0,-0.7363996791923271
exp1a_196,0,0,6,1.0,0.843383917424483
exp1a_196,0,0,5,-1.0,0.2178428302469978
exp1a_196,1,0,2,0.0,-0.7363996791923271
exp1a_196,1,1,6,-1.0,0.843383917424483
exp1a_196,1,1,6,1.0,0.2178428302469978
exp1a_196,0,0,6,-1.0,-0.7363996791923271
exp1a_196,1,1,5,1.0,-0.7363996791923271
exp1a_196,1,1,6,-1.0,0.843383917424483
exp1a_196,0,0,4,1.0,-0.25927842447266464
exp1a_196,1,1,5,-1.0,0.2178428302469978
exp1a_196,0,0,6,0.0,0.2178428302469978
exp1a_196,1,1,4,-1.0,-0.25927842447266464
exp1a_196,0,0,5,1.0,0.2178428302469978
exp1a_196,0,0,2,0.0,-0.25927842447266464
exp1a_196,1,0,1,0.0,-0.25927842447266464
exp1a_196,0,0,4,0.0,-0.037429674856308215
exp1a_196,0,0,3,-1.0,-0.7363996791923271
exp1a_196,1,1,6,1.0,0.843383917424483
exp1a_196,0,0,3,-1.0,-0.25927842447266464
exp1a_196,0,0,4,-1.0,-0.037429674856308215
exp1a_196,1,1,6,-1.0,-0.037429674856308215
exp1a_196,0,0,3,-1.0,0.2178428302469978
exp1a_196,0,0,4,0.0,-0.7363996791923271
exp1a_196,1,0,1,0.0,-0.7363996791923271
exp1a_196,1,1,4,-1.0,-0.7363996791923271
exp1a_196,0,0,4,0.0,0.843383917424483
exp1a_196,1,1,6,1.0,-0.037429674856308215
exp1a_196,1,1,6,0.0,0.843383917424483
exp1a_196,1,1,5,0.0,-0.037429674856308215
exp1a_196,0,0,6,-1.0,0.843383917424483
exp1a_196,1,1,6,0.0,0.2178428302469978
exp1a_196,0,0,6,1.0,0.843383917424483
exp1a_196,0,1,4,1.0,-0.7363996791923271
exp1a_196,1,1,4,1.0,-0.25927842447266464
exp1a_196,1,1,6,1.0,0.2178428302469978
exp1a_196,0,0,5,1.0,-0.037429674856308215
exp1a_196,0,0,6,1.0,0.2178428302469978
exp1a_196,1,1,4,-1.0,-0.037429674856308215
exp1a_196,0,0,3,-1.0,-0.7363996791923271
exp1a_196,1,1,4,0.0,-0.037429674856308215
exp1a_196,1,1,6,-1.0,0.843383917424483
exp1a_196,0,0,6,-1.0,0.2178428302469978
exp1a_196,1,1,5,-1.0,-0.7363996791923271
exp1a_196,0,1,4,0.0,-0.25927842447266464
exp1a_196,1,0,4,1.0,-0.7363996791923271
exp1a_196,1,1,3,-1.0,-0.25927842447266464
exp1a_196,0,1,4,0.0,-0.7363996791923271
exp1a_196,0,0,6,-1.0,0.843383917424483
exp1a_196,0,0,6,1.0,-0.037429674856308215
exp1a_196,1,1,5,0.0,0.2178428302469978
exp1a_196,0,0,4,1.0,-0.25927842447266464
exp1a_196,1,1,6,0.0,0.843383917424483
exp1a_196,0,0,5,-1.0,-0.037429674856308215
exp1a_196,1,1,5,-1.0,0.2178428302469978
exp1a_196,1,0,3,1.0,-0.25927842447266464
exp1a_196,1,1,5,0.0,-0.7363996791923271
exp1a_196,1,1,5,1.0,0.2178428302469978
exp1a_196,0,0,4,1.0,-0.7363996791923271
exp1a_196,1,1,4,0.0,-0.25927842447266464
exp1a_196,0,0,4,0.0,-0.037429674856308215
exp1a_196,0,0,4,0.0,0.2178428302469978
exp1a_196,0,0,3,-1.0,-0.25927842447266464
exp1a_196,1,1,4,1.0,-0.037429674856308215
exp1a_196,0,0,6,0.0,0.843383917424483
exp1a_196,0,0,6,1.0,0.843383917424483
exp1a_196,1,1,6,1.0,0.843383917424483
exp1a_196,1,1,5,0.0,-0.037429674856308215
exp1a_196,0,0,4,-1.0,-0.037429674856308215
exp1a_196,0,0,5,1.0,-0.25927842447266464
exp1a_196,1,1,5,1.0,0.2178428302469978
exp1a_196,1,1,3,-1.0,-0.7363996791923271
exp1a_196,0,1,4,-1.0,-0.7363996791923271
exp1a_196,1,1,6,-1.0,0.843383917424483
exp1a_196,1,0,4,0.0,-0.25927842447266464
exp1a_196,0,0,6,0.0,0.843383917424483
exp1a_196,0,0,6,1.0,0.843383917424483
exp1a_196,1,1,6,0.0,0.2178428302469978
exp1a_196,1,1,4,1.0,-0.037429674856308215
exp1a_196,1,0,4,1.0,-0.7363996791923271
exp1a_196,0,0,4,-1.0,0.2178428302469978
exp1a_196,0,0,4,1.0,-0.7363996791923271
exp1a_196,1,1,5,0.0,0.843383917424483
exp1a_196,0,0,4,-1.0,-0.25927842447266464
exp1a_196,0,0,5,1.0,-0.037429674856308215
exp1a_196,1,0,2,-1.0,0.2178428302469978
exp1a_196,0,0,3,0.0,-0.037429674856308215
exp1a_196,0,0,3,0.0,0.2178428302469978
exp1a_196,0,0,3,0.0,-0.25927842447266464
exp1a_196,1,1,6,1.0,0.843383917424483
exp1a_196,0,0,6,-1.0,0.843383917424483
exp1a_196,0,0,5,1.0,0.2178428302469978
exp1a_196,1,0,3,-1.0,-0.25927842447266464
exp1a_196,1,1,1,0.0,-0.7363996791923271
exp1a_196,1,1,4,-1.0,-0.037429674856308215
exp1a_196,1,0,4,1.0,-0.25927842447266464
exp1a_196,0,1,3,0.0,-0.7363996791923271
exp1a_196,0,1,4,0.0,-0.25927842447266464
exp1a_196,0,1,3,0.0,-0.7363996791923271
exp1a_196,1,1,4,0.0,0.2178428302469978
exp1a_196,1,1,6,-1.0,0.843383917424483
exp1a_196,1,1,6,1.0,-0.037429674856308215
exp1a_196,0,1,5,-1.0,-0.7363996791923271
exp1a_196,0,1,3,-1.0,-0.037429674856308215
exp1a_196,1,1,4,0.0,-0.7363996791923271
exp1a_196,1,1,6,1.0,0.843383917424483
exp1a_196,1,1,6,-1.0,0.2178428302469978
exp1a_196,1,1,6,0.0,-0.25927842447266464
exp1a_196,0,0,6,-1.0,0.843383917424483
exp1a_196,1,1,6,0.0,0.843383917424483
exp1a_196,0,0,4,1.0,-0.7363996791923271
exp1a_196,0,0,6,0.0,0.2178428302469978
exp1a_196,0,0,6,0.0,-0.037429674856308215
exp1a_196,1,1,6,1.0,-0.25927842447266464
exp1a_196,0,1,5,-1.0,-0.25927842447266464
exp1a_196,0,0,6,0.0,0.843383917424483
exp1a_196,1,1,6,0.0,-0.037429674856308215
exp1a_196,1,1,6,1.0,0.2178428302469978
exp1a_196,0,0,6,1.0,0.843383917424483
exp1a_196,0,0,6,1.0,0.2178428302469978
exp1a_196,0,0,6,1.0,-0.037429674856308215
exp1a_196,1,1,5,-1.0,-0.7363996791923271
exp1a_196,1,1,5,1.0,-0.7363996791923271
exp1a_196,1,1,4,-1.0,-0.037429674856308215
exp1a_196,0,0,6,-1.0,0.2178428302469978
exp1a_196,0,0,4,1.0,-0.25927842447266464
exp1a_196,1,1,4,-1.0,-0.25927842447266464
exp1a_196,0,0,5,1.0,-0.7363996791923271
exp1a_196,1,1,6,0.0,0.843383917424483
exp1a_196,1,0,4,-1.0,-0.7363996791923271
exp1a_196,0,0,4,-1.0,0.2178428302469978
exp1a_196,1,1,6,0.0,0.2178428302469978
exp1a_196,1,1,5,0.0,-0.25927842447266464
exp1a_196,1,1,5,-1.0,0.2178428302469978
exp1a_196,0,0,5,0.0,0.2178428302469978
exp1a_196,0,0,5,1.0,0.2178428302469978
exp1a_196,1,1,6,-1.0,0.843383917424483
exp1a_196,0,0,6,1.0,-0.037429674856308215
exp1a_196,1,1,6,1.0,0.843383917424483
exp1a_196,1,1,6,-1.0,-0.037429674856308215
exp1a_196,0,0,6,0.0,0.843383917424483
exp1a_196,0,1,5,-1.0,-0.7363996791923271
exp1a_196,0,1,5,0.0,-0.25927842447266464
exp1a_196,0,1,4,-1.0,-0.037429674856308215
exp1a_196,1,1,5,0.0,-0.037429674856308215
exp1a_196,0,1,5,0.0,-0.7363996791923271
exp1a_196,1,1,4,-1.0,-0.25927842447266464
exp1a_196,1,0,4,0.0,-0.7363996791923271
exp1a_196,0,0,4,-1.0,-0.25927842447266464
exp1a_196,0,0,6,1.0,0.843383917424483
exp1a_196,0,1,5,1.0,-0.25927842447266464
exp1a_196,1,1,4,1.0,-0.037429674856308215
exp1a_196,0,0,5,0.0,-0.037429674856308215
exp1a_196,1,0,4,1.0,-0.7363996791923271
exp1a_196,1,1,5,1.0,-0.25927842447266464
exp1a_196,1,1,5,1.0,0.2178428302469978
exp1a_196,1,1,4,-1.0,-0.25927842447266464
exp1a_196,0,0,6,-1.0,0.843383917424483
exp1a_196,1,1,6,0.0,0.2178428302469978
exp1a_196,1,1,6,1.0,0.2178428302469978
exp1a_196,1,1,5,-1.0,0.2178428302469978
exp1a_196,0,0,5,0.0,-0.7363996791923271
exp1a_196,0,0,6,-1.0,0.2178428302469978
exp1a_196,0,0,5,0.0,-0.25927842447266464
exp1a_196,1,0,4,1.0,-0.7363996791923271
exp1a_196,0,0,4,1.0,-0.25927842447266464
exp1a_196,1,1,5,0.0,-0.25927842447266464
exp1a_196,1,1,6,-1.0,0.843383917424483
exp1a_196,1,1,5,0.0,-0.7363996791923271
exp1a_196,1,1,5,1.0,-0.037429674856308215
exp1a_196,0,0,5,0.0,0.2178428302469978
exp1a_196,0,1,4,-1.0,-0.25927842447266464
exp1a_196,0,0,6,0.0,0.843383917424483
exp1a_196,0,0,4,1.0,-0.7363996791923271
exp1a_196,0,0,4,-1.0,-0.7363996791923271
exp1a_196,1,1,5,0.0,-0.037429674856308215
exp1a_196,0,0,5,-1.0,-0.037429674856308215
exp1a_196,0,0,5,1.0,0.2178428302469978
exp1a_196,1,1,6,0.0,0.843383917424483
exp1a_196,1,1,6,1.0,0.843383917424483
exp1a_196,0,0,5,1.0,-0.037429674856308215
exp1a_196,1,0,5,1.0,-0.25927842447266464
exp1a_196,1,1,5,-1.0,-0.7363996791923271
exp1a_196,0,0,5,0.0,-0.037429674856308215
